🔧 DEBUG: get_data_for_symbols called with symbols=['BNBUSDT', 'XRPUSDT', 'ADAUSDT', 'DOTUSDT', 'ATOMUSDT', 'ALGOUSDT', 'VETUSDT', 'ICPUSDT', 'FILUSDT', 'AAVEUSDT', 'COMPUSDT', 'CRVUSDT', 'SNXUSDT', 'SUSHIUSDT', 'ARBUSDT', 'OPUSDT', 'NEARUSDT', 'GRTUSDT'], timeframes=['1m']
🔧 DEBUG: Date range: 2025-11-16 to 2025-12-31
🔧 DEBUG: Processing BNBUSDT 1m
🔧 DEBUG: No data in cache for BNBUSDT 1m
🔧 DEBUG: get_data_for_symbols called with symbols=['BNBUSDT', 'XRPUSDT', 'ADAUSDT', 'DOTUSDT', 'ATOMUSDT', 'ALGOUSDT', 'VETUSDT', 'ICPUSDT', 'FILUSDT', 'AAVEUSDT', 'COMPUSDT', 'CRVUSDT', 'SNXUSDT', 'SUSHIUSDT', 'ARBUSDT', 'OPUSDT', 'NEARUSDT', 'GRTUSDT'], timeframes=['1m']
🔧 DEBUG: Date range: 2025-11-16 to 2025-12-31
🔧 DEBUG: Processing BNBUSDT 1m
🔧 DEBUG: No data in cache for BNBUSDT 1m
🔧 DEBUG: get_data_for_symbols called with symbols=['BNBUSDT', 'XRPUSDT', 'ADAUSDT', 'DOTUSDT', 'ATOMUSDT', 'ALGOUSDT', 'VETUSDT', 'ICPUSDT', 'FILUSDT', 'AAVEUSDT', 'COMPUSDT', 'CRVUSDT', 'SNXUSDT', 'SUSHIUSDT', 'ARBUSDT', 'OPUSDT', 'NEARUSDT', 'GRTUSDT'], timeframes=['1m']
🔧 DEBUG: Date range: 2025-11-16 to 2025-12-31
🔧 DEBUG: Processing BNBUSDT 1m
🔧 DEBUG: No data in cache for BNBUSDT 1m
🔧 DEBUG: get_data_for_symbols called with symbols=['BNBUSDT', 'XRPUSDT', 'ADAUSDT', 'DOTUSDT', 'ATOMUSDT', 'ALGOUSDT', 'VETUSDT', 'ICPUSDT', 'FILUSDT', 'AAVEUSDT', 'COMPUSDT', 'CRVUSDT', 'SNXUSDT', 'SUSHIUSDT', 'ARBUSDT', 'OPUSDT', 'NEARUSDT', 'GRTUSDT'], timeframes=['1m']
🔧 DEBUG: Date range: 2025-11-16 to 2025-12-31
🔧 DEBUG: Processing BNBUSDT 1m
🔧 DEBUG: No data in cache for BNBUSDT 1m
🔧 DEBUG: Loaded data from file for BNBUSDT 1m
🔧 DEBUG: Loaded data from file for BNBUSDT 1m
🔧 DEBUG: Filtered data shape: (63451, 6)
🔧 DEBUG: Processing XRPUSDT 1m
🔧 DEBUG: No data in cache for XRPUSDT 1m
🔧 DEBUG: Loaded data from file for BNBUSDT 1m
🔧 DEBUG: Loaded data from file for BNBUSDT 1m
🔧 DEBUG: Filtered data shape: (63451, 6)
🔧 DEBUG: Processing XRPUSDT 1m
🔧 DEBUG: No data in cache for XRPUSDT 1m
🔧 DEBUG: Filtered data shape: (63451, 6)
🔧 DEBUG: Processing XRPUSDT 1m
🔧 DEBUG: No data in cache for XRPUSDT 1m
🔧 DEBUG: Filtered data shape: (63451, 6)
🔧 DEBUG: Processing XRPUSDT 1m
🔧 DEBUG: No data in cache for XRPUSDT 1m
🔧 DEBUG: Loaded data from file for XRPUSDT 1m
🔧 DEBUG: Loaded data from file for XRPUSDT 1m
🔧 DEBUG: Loaded data from file for XRPUSDT 1m
🔧 DEBUG: Loaded data from file for XRPUSDT 1m
🔧 DEBUG: Filtered data shape: (63451, 6)
🔧 DEBUG: Processing ADAUSDT 1m
🔧 DEBUG: No data in cache for ADAUSDT 1m
🔧 DEBUG: Filtered data shape: (63451, 6)
🔧 DEBUG: Processing ADAUSDT 1m
🔧 DEBUG: No data in cache for ADAUSDT 1m
🔧 DEBUG: Filtered data shape: (63451, 6)
🔧 DEBUG: Processing ADAUSDT 1m
🔧 DEBUG: No data in cache for ADAUSDT 1m
🔧 DEBUG: Filtered data shape: (63451, 6)
🔧 DEBUG: Processing ADAUSDT 1m
🔧 DEBUG: No data in cache for ADAUSDT 1m
🔧 DEBUG: Loaded data from file for ADAUSDT 1m
🔧 DEBUG: Loaded data from file for ADAUSDT 1m
🔧 DEBUG: Loaded data from file for ADAUSDT 1m
🔧 DEBUG: Loaded data from file for ADAUSDT 1m
🔧 DEBUG: Filtered data shape: (63451, 6)
🔧 DEBUG: Processing DOTUSDT 1m
🔧 DEBUG: No data in cache for DOTUSDT 1m
🔧 DEBUG: Filtered data shape: (63451, 6)
🔧 DEBUG: Processing DOTUSDT 1m
🔧 DEBUG: No data in cache for DOTUSDT 1m
🔧 DEBUG: Filtered data shape: (63451, 6)
🔧 DEBUG: Processing DOTUSDT 1m
🔧 DEBUG: No data in cache for DOTUSDT 1m
🔧 DEBUG: Filtered data shape: (63451, 6)
🔧 DEBUG: Processing DOTUSDT 1m
🔧 DEBUG: No data in cache for DOTUSDT 1m
🔧 DEBUG: Loaded data from file for DOTUSDT 1m
🔧 DEBUG: Filtered data shape: (63451, 6)
🔧 DEBUG: Processing ATOMUSDT 1m
🔧 DEBUG: No data in cache for ATOMUSDT 1m
🔧 DEBUG: Loaded data from file for DOTUSDT 1m
🔧 DEBUG: Loaded data from file for DOTUSDT 1m
🔧 DEBUG: Loaded data from file for DOTUSDT 1m
🔧 DEBUG: Filtered data shape: (63451, 6)
🔧 DEBUG: Processing ATOMUSDT 1m
🔧 DEBUG: No data in cache for ATOMUSDT 1m
🔧 DEBUG: Filtered data shape: (63451, 6)
🔧 DEBUG: Processing ATOMUSDT 1m
🔧 DEBUG: No data in cache for ATOMUSDT 1m
🔧 DEBUG: Filtered data shape: (63451, 6)
🔧 DEBUG: Processing ATOMUSDT 1m
🔧 DEBUG: No data in cache for ATOMUSDT 1m
🔧 DEBUG: Loaded data from file for ATOMUSDT 1m
🔧 DEBUG: Filtered data shape: (63451, 6)
🔧 DEBUG: Processing ALGOUSDT 1m
🔧 DEBUG: No data in cache for ALGOUSDT 1m
🔧 DEBUG: Loaded data from file for ATOMUSDT 1m
🔧 DEBUG: Loaded data from file for ATOMUSDT 1m
🔧 DEBUG: Loaded data from file for ATOMUSDT 1m
🔧 DEBUG: Filtered data shape: (63451, 6)
🔧 DEBUG: Processing ALGOUSDT 1m
🔧 DEBUG: No data in cache for ALGOUSDT 1m
🔧 DEBUG: Filtered data shape: (63451, 6)
🔧 DEBUG: Processing ALGOUSDT 1m
🔧 DEBUG: No data in cache for ALGOUSDT 1m
🔧 DEBUG: Filtered data shape: (63451, 6)
🔧 DEBUG: Processing ALGOUSDT 1m
🔧 DEBUG: No data in cache for ALGOUSDT 1m
🔧 DEBUG: Loaded data from file for ALGOUSDT 1m
🔧 DEBUG: Loaded data from file for ALGOUSDT 1m
🔧 DEBUG: Loaded data from file for ALGOUSDT 1m
🔧 DEBUG: Filtered data shape: (63451, 6)
🔧 DEBUG: Processing VETUSDT 1m
🔧 DEBUG: No data in cache for VETUSDT 1m
🔧 DEBUG: Loaded data from file for ALGOUSDT 1m
🔧 DEBUG: Filtered data shape: (63451, 6)
🔧 DEBUG: Processing VETUSDT 1m
🔧 DEBUG: No data in cache for VETUSDT 1m
🔧 DEBUG: Filtered data shape: (63451, 6)
🔧 DEBUG: Processing VETUSDT 1m
🔧 DEBUG: No data in cache for VETUSDT 1m
🔧 DEBUG: Filtered data shape: (63451, 6)
🔧 DEBUG: Processing VETUSDT 1m
🔧 DEBUG: No data in cache for VETUSDT 1m
🔧 DEBUG: Loaded data from file for VETUSDT 1m
🔧 DEBUG: Loaded data from file for VETUSDT 1m
🔧 DEBUG: Loaded data from file for VETUSDT 1m
🔧 DEBUG: Loaded data from file for VETUSDT 1m
🔧 DEBUG: Filtered data shape: (63451, 6)
🔧 DEBUG: Processing ICPUSDT 1m
🔧 DEBUG: No data in cache for ICPUSDT 1m
🔧 DEBUG: Filtered data shape: (63451, 6)
🔧 DEBUG: Processing ICPUSDT 1m
🔧 DEBUG: No data in cache for ICPUSDT 1m
🔧 DEBUG: Filtered data shape: (63451, 6)
🔧 DEBUG: Processing ICPUSDT 1m
🔧 DEBUG: No data in cache for ICPUSDT 1m
🔧 DEBUG: Filtered data shape: (63451, 6)
🔧 DEBUG: Processing ICPUSDT 1m
🔧 DEBUG: No data in cache for ICPUSDT 1m
🔧 DEBUG: Loaded data from file for ICPUSDT 1m
🔧 DEBUG: Loaded data from file for ICPUSDT 1m
🔧 DEBUG: Loaded data from file for ICPUSDT 1m
🔧 DEBUG: Filtered data shape: (63451, 6)
🔧 DEBUG: Processing FILUSDT 1m
🔧 DEBUG: No data in cache for FILUSDT 1m
🔧 DEBUG: Loaded data from file for ICPUSDT 1m
🔧 DEBUG: Filtered data shape: (63451, 6)
🔧 DEBUG: Processing FILUSDT 1m
🔧 DEBUG: No data in cache for FILUSDT 1m
🔧 DEBUG: Filtered data shape: (63451, 6)
🔧 DEBUG: Processing FILUSDT 1m
🔧 DEBUG: No data in cache for FILUSDT 1m
🔧 DEBUG: Filtered data shape: (63451, 6)
🔧 DEBUG: Processing FILUSDT 1m
🔧 DEBUG: No data in cache for FILUSDT 1m
🔧 DEBUG: Loaded data from file for FILUSDT 1m
🔧 DEBUG: Filtered data shape: (63451, 6)
🔧 DEBUG: Processing AAVEUSDT 1m
🔧 DEBUG: No data in cache for AAVEUSDT 1m
🔧 DEBUG: Loaded data from file for FILUSDT 1m
🔧 DEBUG: Loaded data from file for FILUSDT 1m
🔧 DEBUG: Loaded data from file for FILUSDT 1m
🔧 DEBUG: Filtered data shape: (63451, 6)
🔧 DEBUG: Processing AAVEUSDT 1m
🔧 DEBUG: No data in cache for AAVEUSDT 1m
🔧 DEBUG: Filtered data shape: (63451, 6)
🔧 DEBUG: Processing AAVEUSDT 1m
🔧 DEBUG: No data in cache for AAVEUSDT 1m
🔧 DEBUG: Filtered data shape: (63451, 6)
🔧 DEBUG: Processing AAVEUSDT 1m
🔧 DEBUG: No data in cache for AAVEUSDT 1m
🔧 DEBUG: Loaded data from file for AAVEUSDT 1m
🔧 DEBUG: Loaded data from file for AAVEUSDT 1m
🔧 DEBUG: Loaded data from file for AAVEUSDT 1m
🔧 DEBUG: Loaded data from file for AAVEUSDT 1m
🔧 DEBUG: Filtered data shape: (63451, 6)
🔧 DEBUG: Processing COMPUSDT 1m
🔧 DEBUG: No data in cache for COMPUSDT 1m
🔧 DEBUG: Filtered data shape: (63451, 6)
🔧 DEBUG: Processing COMPUSDT 1m
🔧 DEBUG: No data in cache for COMPUSDT 1m
🔧 DEBUG: Filtered data shape: (63451, 6)
🔧 DEBUG: Processing COMPUSDT 1m
🔧 DEBUG: No data in cache for COMPUSDT 1m
🔧 DEBUG: Filtered data shape: (63451, 6)
🔧 DEBUG: Processing COMPUSDT 1m
🔧 DEBUG: No data in cache for COMPUSDT 1m
🔧 DEBUG: Loaded data from file for COMPUSDT 1m
🔧 DEBUG: Loaded data from file for COMPUSDT 1m
🔧 DEBUG: Loaded data from file for COMPUSDT 1m
🔧 DEBUG: Loaded data from file for COMPUSDT 1m
🔧 DEBUG: Filtered data shape: (63451, 6)
🔧 DEBUG: Processing CRVUSDT 1m
🔧 DEBUG: No data in cache for CRVUSDT 1m
🔧 DEBUG: Filtered data shape: (63451, 6)
🔧 DEBUG: Processing CRVUSDT 1m
🔧 DEBUG: No data in cache for CRVUSDT 1m
🔧 DEBUG: Filtered data shape: (63451, 6)
🔧 DEBUG: Processing CRVUSDT 1m
🔧 DEBUG: No data in cache for CRVUSDT 1m
🔧 DEBUG: Filtered data shape: (63451, 6)
🔧 DEBUG: Processing CRVUSDT 1m
🔧 DEBUG: No data in cache for CRVUSDT 1m
🔧 DEBUG: Loaded data from file for CRVUSDT 1m
🔧 DEBUG: Loaded data from file for CRVUSDT 1m
🔧 DEBUG: Loaded data from file for CRVUSDT 1m
🔧 DEBUG: Loaded data from file for CRVUSDT 1m
🔧 DEBUG: Filtered data shape: (63451, 6)
🔧 DEBUG: Processing SNXUSDT 1m
🔧 DEBUG: No data in cache for SNXUSDT 1m
🔧 DEBUG: Filtered data shape: (63451, 6)
🔧 DEBUG: Processing SNXUSDT 1m
🔧 DEBUG: No data in cache for SNXUSDT 1m
🔧 DEBUG: Filtered data shape: (63451, 6)
🔧 DEBUG: Processing SNXUSDT 1m
🔧 DEBUG: No data in cache for SNXUSDT 1m
🔧 DEBUG: Filtered data shape: (63451, 6)
🔧 DEBUG: Processing SNXUSDT 1m
🔧 DEBUG: No data in cache for SNXUSDT 1m
🔧 DEBUG: Loaded data from file for SNXUSDT 1m
🔧 DEBUG: Loaded data from file for SNXUSDT 1m
🔧 DEBUG: Loaded data from file for SNXUSDT 1m
🔧 DEBUG: Loaded data from file for SNXUSDT 1m
🔧 DEBUG: Filtered data shape: (63451, 6)
🔧 DEBUG: Processing SUSHIUSDT 1m
🔧 DEBUG: No data in cache for SUSHIUSDT 1m
🔧 DEBUG: Filtered data shape: (63451, 6)
🔧 DEBUG: Processing SUSHIUSDT 1m
🔧 DEBUG: No data in cache for SUSHIUSDT 1m
🔧 DEBUG: Filtered data shape: (63451, 6)
🔧 DEBUG: Processing SUSHIUSDT 1m
🔧 DEBUG: No data in cache for SUSHIUSDT 1m
🔧 DEBUG: Filtered data shape: (63451, 6)
🔧 DEBUG: Processing SUSHIUSDT 1m
🔧 DEBUG: No data in cache for SUSHIUSDT 1m
🔧 DEBUG: Loaded data from file for SUSHIUSDT 1m
🔧 DEBUG: Loaded data from file for SUSHIUSDT 1m
🔧 DEBUG: Loaded data from file for SUSHIUSDT 1m
🔧 DEBUG: Loaded data from file for SUSHIUSDT 1m
🔧 DEBUG: Filtered data shape: (63451, 6)
🔧 DEBUG: Processing ARBUSDT 1m
🔧 DEBUG: No data in cache for ARBUSDT 1m
🔧 DEBUG: Filtered data shape: (63451, 6)
🔧 DEBUG: Processing ARBUSDT 1m
🔧 DEBUG: No data in cache for ARBUSDT 1m
🔧 DEBUG: Filtered data shape: (63451, 6)
🔧 DEBUG: Processing ARBUSDT 1m
🔧 DEBUG: No data in cache for ARBUSDT 1m
🔧 DEBUG: Filtered data shape: (63451, 6)
🔧 DEBUG: Processing ARBUSDT 1m
🔧 DEBUG: No data in cache for ARBUSDT 1m
🔧 DEBUG: Loaded data from file for ARBUSDT 1m
🔧 DEBUG: Loaded data from file for ARBUSDT 1m
🔧 DEBUG: Loaded data from file for ARBUSDT 1m
🔧 DEBUG: Loaded data from file for ARBUSDT 1m
🔧 DEBUG: Filtered data shape: (63451, 6)
🔧 DEBUG: Processing OPUSDT 1m
🔧 DEBUG: No data in cache for OPUSDT 1m
🔧 DEBUG: Filtered data shape: (63451, 6)
🔧 DEBUG: Processing OPUSDT 1m
🔧 DEBUG: No data in cache for OPUSDT 1m
🔧 DEBUG: Filtered data shape: (63451, 6)
🔧 DEBUG: Processing OPUSDT 1m
🔧 DEBUG: No data in cache for OPUSDT 1m
🔧 DEBUG: Filtered data shape: (63451, 6)
🔧 DEBUG: Processing OPUSDT 1m
🔧 DEBUG: No data in cache for OPUSDT 1m
🔧 DEBUG: Loaded data from file for OPUSDT 1m
🔧 DEBUG: Loaded data from file for OPUSDT 1m
🔧 DEBUG: Loaded data from file for OPUSDT 1m
🔧 DEBUG: Loaded data from file for OPUSDT 1m
🔧 DEBUG: Filtered data shape: (63451, 6)
🔧 DEBUG: Processing NEARUSDT 1m
🔧 DEBUG: No data in cache for NEARUSDT 1m
🔧 DEBUG: Filtered data shape: (63451, 6)
🔧 DEBUG: Processing NEARUSDT 1m
🔧 DEBUG: No data in cache for NEARUSDT 1m
🔧 DEBUG: Filtered data shape: (63451, 6)
🔧 DEBUG: Processing NEARUSDT 1m
🔧 DEBUG: No data in cache for NEARUSDT 1m
🔧 DEBUG: Filtered data shape: (63451, 6)
🔧 DEBUG: Processing NEARUSDT 1m
🔧 DEBUG: No data in cache for NEARUSDT 1m
🔧 DEBUG: Loaded data from file for NEARUSDT 1m
🔧 DEBUG: Loaded data from file for NEARUSDT 1m
🔧 DEBUG: Loaded data from file for NEARUSDT 1m
🔧 DEBUG: Filtered data shape: (63451, 6)
🔧 DEBUG: Processing GRTUSDT 1m
🔧 DEBUG: No data in cache for GRTUSDT 1m
🔧 DEBUG: Filtered data shape: (63451, 6)
🔧 DEBUG: Processing GRTUSDT 1m
🔧 DEBUG: No data in cache for GRTUSDT 1m
🔧 DEBUG: Loaded data from file for NEARUSDT 1m
🔧 DEBUG: Filtered data shape: (63451, 6)
🔧 DEBUG: Processing GRTUSDT 1m
🔧 DEBUG: No data in cache for GRTUSDT 1m
🔧 DEBUG: Filtered data shape: (63451, 6)
🔧 DEBUG: Processing GRTUSDT 1m
🔧 DEBUG: No data in cache for GRTUSDT 1m
🔧 DEBUG: Loaded data from file for GRTUSDT 1m
🔧 DEBUG: Loaded data from file for GRTUSDT 1m
🔧 DEBUG: Loaded data from file for GRTUSDT 1m
🔧 DEBUG: Loaded data from file for GRTUSDT 1m
🔧 DEBUG: Filtered data shape: (63451, 6)
🔧 DEBUG: Returning data with keys: ['BNBUSDT', 'XRPUSDT', 'ADAUSDT', 'DOTUSDT', 'ATOMUSDT', 'ALGOUSDT', 'VETUSDT', 'ICPUSDT', 'FILUSDT', 'AAVEUSDT', 'COMPUSDT', 'CRVUSDT', 'SNXUSDT', 'SUSHIUSDT', 'ARBUSDT', 'OPUSDT', 'NEARUSDT', 'GRTUSDT']
Pre-calculating indicators for all symbols/timeframes...
🔧 DEBUG: Filtered data shape: (63451, 6)
🔧 DEBUG: Returning data with keys: ['BNBUSDT', 'XRPUSDT', 'ADAUSDT', 'DOTUSDT', 'ATOMUSDT', 'ALGOUSDT', 'VETUSDT', 'ICPUSDT', 'FILUSDT', 'AAVEUSDT', 'COMPUSDT', 'CRVUSDT', 'SNXUSDT', 'SUSHIUSDT', 'ARBUSDT', 'OPUSDT', 'NEARUSDT', 'GRTUSDT']
Pre-calculating indicators for all symbols/timeframes...
🔧 DEBUG: Filtered data shape: (63451, 6)
🔧 DEBUG: Returning data with keys: ['BNBUSDT', 'XRPUSDT', 'ADAUSDT', 'DOTUSDT', 'ATOMUSDT', 'ALGOUSDT', 'VETUSDT', 'ICPUSDT', 'FILUSDT', 'AAVEUSDT', 'COMPUSDT', 'CRVUSDT', 'SNXUSDT', 'SUSHIUSDT', 'ARBUSDT', 'OPUSDT', 'NEARUSDT', 'GRTUSDT']
Pre-calculating indicators for all symbols/timeframes...
🔧 DEBUG: Filtered data shape: (63451, 6)
🔧 DEBUG: Returning data with keys: ['BNBUSDT', 'XRPUSDT', 'ADAUSDT', 'DOTUSDT', 'ATOMUSDT', 'ALGOUSDT', 'VETUSDT', 'ICPUSDT', 'FILUSDT', 'AAVEUSDT', 'COMPUSDT', 'CRVUSDT', 'SNXUSDT', 'SUSHIUSDT', 'ARBUSDT', 'OPUSDT', 'NEARUSDT', 'GRTUSDT']
Pre-calculating indicators for all symbols/timeframes...
Indicator calculation completed.
Indicator calculation completed.
Indicator calculation completed.
Indicator calculation completed.
🟢 OPEN_LONG: BNBUSDT at 913.5390299999999 (qty: 21.892879606906245)
🟢 OPEN_SHORT: BNBUSDT at 916.75782 (qty: 21.81601243390544)
🔴 CLOSE_SHORT: BNBUSDT at 921.84484 (PnL: -122.03952974188866)
🟢 OPEN_SHORT: BNBUSDT at 934.64529 (qty: 21.113807721126115)
🔴 CLOSE_SHORT: BNBUSDT at 935.5544299999999 (PnL: -30.059621142799017)
🟢 OPEN_SHORT: BNBUSDT at 913.3602000000001 (qty: 21.51625873909994)
🔴 CLOSE_SHORT: BNBUSDT at 917.0414799999999 (PnL: -90.05958893806118)
🟢 OPEN_SHORT: BNBUSDT at 909.363 (qty: 21.388991968549746)
🔴 CLOSE_SHORT: BNBUSDT at 913.0386799999999 (PnL: -89.36002734537767)
🟢 OPEN_SHORT: BNBUSDT at 913.46013 (qty: 21.073982128931725)
🔴 CLOSE_SHORT: BNBUSDT at 906.9344099999998 (PnL: 127.01091090676739)
🟢 OPEN_SHORT: BNBUSDT at 903.16734 (qty: 21.57195920107611)
🔴 CLOSE_SHORT: BNBUSDT at 905.53343 (PnL: -61.78496856001764)
🟢 OPEN_SHORT: BNBUSDT at 900.2693700000001 (qty: 21.48033501927676)
🔴 CLOSE_SHORT: BNBUSDT at 906.9344099999998 (PnL: -153.88198234889555)
🟢 OPEN_SHORT: BNBUSDT at 907.16454 (qty: 20.95435940877144)
🔴 CLOSE_SHORT: BNBUSDT at 908.4354599999999 (PnL: -37.10094018047633)
🟢 OPEN_SHORT: BNBUSDT at 932.9464800000001 (qty: 20.27333869858898)
🔴 CLOSE_SHORT: BNBUSDT at 936.6551999999999 (PnL: -85.63215716059507)
🟢 OPEN_SHORT: BNBUSDT at 932.3469000000001 (qty: 20.080369579606778)
🔴 CLOSE_SHORT: BNBUSDT at 933.9533099999999 (PnL: -42.57207669556459)
🟢 OPEN_SHORT: BNBUSDT at 929.349 (qty: 20.03136832088738)
🔴 CLOSE_SHORT: BNBUSDT at 933.0526799999999 (PnL: -84.46945526543024)
🟢 OPEN_SHORT: BNBUSDT at 931.4475300000001 (qty: 19.78288080466334)
🔴 CLOSE_SHORT: BNBUSDT at 932.7524699999999 (PnL: -35.96436449107856)
🟢 OPEN_SHORT: BNBUSDT at 921.65439 (qty: 19.89305052384977)
🔴 CLOSE_SHORT: BNBUSDT at 923.4459599999999 (PnL: -45.74337895308957)
🟢 OPEN_LONG: BNBUSDT at 924.2465199999999 (qty: 19.71645250967405)
🔴 CLOSE_LONG: BNBUSDT at 922.65369 (PnL: -41.41025876495113)
🟢 OPEN_LONG: BNBUSDT at 909.4361599999999 (qty: 19.924429827378912)
🔴 CLOSE_LONG: BNBUSDT at 907.5642600000001 (PnL: -47.242025420579594)
🟢 OPEN_SHORT: BNBUSDT at 903.3672 (qty: 19.931630133252575)
🔴 CLOSE_SHORT: BNBUSDT at 904.2325199999999 (PnL: -27.159793665608195)
🟢 OPEN_SHORT: BNBUSDT at 906.5649600000002 (qty: 19.779559071625023)
🔴 CLOSE_SHORT: BNBUSDT at 907.6348999999999 (PnL: -31.036881399099627)
🟢 OPEN_SHORT: BNBUSDT at 900.3693000000001 (qty: 19.82481723342943)
🔴 CLOSE_SHORT: BNBUSDT at 900.32979 (PnL: -9.033601916214982)
🟢 OPEN_SHORT: BNBUSDT at 901.5684600000001 (qty: 19.756630559992956)
🔴 CLOSE_SHORT: BNBUSDT at 902.6314 (PnL: -30.808238193344252)
🟢 OPEN_SHORT: BNBUSDT at 875.68659 (qty: 20.247821040502032)
🔴 CLOSE_SHORT: BNBUSDT at 875.1121499999999 (PnL: 1.8856455065449786)
🟢 OPEN_SHORT: BNBUSDT at 868.3917 (qty: 20.39979519956553)
🔴 CLOSE_SHORT: BNBUSDT at 866.5061299999999 (PnL: 28.743140659305247)
🟢 OPEN_SHORT: BNBUSDT at 864.99408 (qty: 20.52385445251235)
🔴 CLOSE_SHORT: BNBUSDT at 864.5047299999999 (PnL: 0.28471508772478593)
🟢 OPEN_SHORT: BNBUSDT at 817.02768 (qty: 21.70557271268944)
🔴 CLOSE_SHORT: BNBUSDT at 821.5746999999999 (PnL: -108.50368540041595)
🟢 OPEN_SHORT: BNBUSDT at 825.8215200000001 (qty: 21.188039380023653)
🔴 CLOSE_SHORT: BNBUSDT at 826.77834 (PnL: -29.9079364541505)
🟢 OPEN_SHORT: BNBUSDT at 825.72159 (qty: 21.09485319494598)
🔴 CLOSE_SHORT: BNBUSDT at 835.5844999999999 (PnL: -217.75123132267322)
🟢 OPEN_SHORT: BNBUSDT at 824.9221500000001 (qty: 20.56413800382139)
🔴 CLOSE_SHORT: BNBUSDT at 824.67687 (PnL: -4.283351160202478)
🟢 OPEN_SHORT: BNBUSDT at 818.82642 (qty: 20.68397602322112)
🔴 CLOSE_SHORT: BNBUSDT at 816.3710599999999 (PnL: 41.49941768127668)
🟢 OPEN_SHORT: BNBUSDT at 827.6202600000001 (qty: 20.54197492601288)
🔴 CLOSE_SHORT: BNBUSDT at 828.8798099999999 (PnL: -35.238400068588724)
🟢 OPEN_SHORT: BNBUSDT at 840.31137 (qty: 20.125607462565842)
🔴 CLOSE_SHORT: BNBUSDT at 843.1898199999999 (PnL: -67.26389383418459)
🟢 OPEN_SHORT: BNBUSDT at 847.30647 (qty: 19.77873016457177)
🔴 CLOSE_SHORT: BNBUSDT at 848.9938799999999 (PnL: -42.61043854213885)
🟢 OPEN_SHORT: BNBUSDT at 844.5084300000001 (qty: 19.721520896009444)
🔴 CLOSE_SHORT: BNBUSDT at 847.09255 (PnL: -60.15105096191679)
🟢 OPEN_SHORT: BNBUSDT at 844.5084300000001 (qty: 19.55737500152993)
🔴 CLOSE_SHORT: BNBUSDT at 845.09115 (PnL: -20.486744052952496)
🟢 OPEN_SHORT: BNBUSDT at 848.80542 (qty: 19.38869165620334)
🔴 CLOSE_SHORT: BNBUSDT at 851.5957 (PnL: -63.18110809814662)
🟢 OPEN_SHORT: BNBUSDT at 841.01088 (qty: 19.396611609919823)
🔴 CLOSE_SHORT: BNBUSDT at 840.78814 (PnL: -4.6492412787993915)
🟢 OPEN_SHORT: BNBUSDT at 850.4043 (qty: 19.150325179423756)
🔴 CLOSE_SHORT: BNBUSDT at 854.7979399999999 (PnL: -93.14294690385717)
🟢 OPEN_SHORT: BNBUSDT at 869.19114 (qty: 18.501475882975203)
🔴 CLOSE_SHORT: BNBUSDT at 868.00718 (PnL: 13.072329737547992)
🟢 OPEN_SHORT: BNBUSDT at 860.4972300000001 (qty: 18.698228840405406)
🔴 CLOSE_SHORT: BNBUSDT at 861.6026999999999 (PnL: -29.53107548596139)
🟢 OPEN_SHORT: BNBUSDT at 860.29737 (qty: 18.613346708903247)
🔴 CLOSE_SHORT: BNBUSDT at 862.1030499999999 (PnL: -42.43539051798039)
🟢 OPEN_SHORT: BNBUSDT at 858.5985600000001 (qty: 18.530811564590937)
🔴 CLOSE_SHORT: BNBUSDT at 858.5005299999999 (PnL: -6.93321589456134)
🟢 OPEN_SHORT: BNBUSDT at 851.0038800000001 (qty: 18.659327513597834)
🔴 CLOSE_SHORT: BNBUSDT at 851.4956299999999 (PnL: -17.914309014919976)
🟢 OPEN_SHORT: BNBUSDT at 845.3078700000001 (qty: 18.72201239308126)
🔴 CLOSE_SHORT: BNBUSDT at 848.9938799999999 (PnL: -77.75170556967298)
🟢 OPEN_SHORT: BNBUSDT at 850.3043700000001 (qty: 18.40864648985607)
🔴 CLOSE_SHORT: BNBUSDT at 854.4977299999999 (PnL: -85.84566249557544)
🟢 OPEN_SHORT: BNBUSDT at 859.5978600000001 (qty: 17.989857470453718)
🔴 CLOSE_SHORT: BNBUSDT at 861.30249 (PnL: -39.18814070858444)
🟢 OPEN_SHORT: BNBUSDT at 859.9975800000001 (qty: 17.87058081559729)
🔴 CLOSE_SHORT: BNBUSDT at 862.20312 (PnL: -47.888719606512225)
🟢 OPEN_SHORT: BNBUSDT at 855.30087 (qty: 17.836966883378867)
🔴 CLOSE_SHORT: BNBUSDT at 856.1989199999999 (PnL: -24.41808358951019)
🟢 OPEN_SHORT: BNBUSDT at 854.4015 (qty: 17.778942986070454)
🔴 CLOSE_SHORT: BNBUSDT at 855.3983599999999 (PnL: -26.087560375141624)
🟢 OPEN_SHORT: BNBUSDT at 895.7725200000001 (qty: 16.88092758622643)
🔴 CLOSE_SHORT: BNBUSDT at 897.9281099999998 (PnL: -44.72518136699028)
🟢 OPEN_SHORT: BNBUSDT at 893.27427 (qty: 16.809380463818005)
🔴 CLOSE_SHORT: BNBUSDT at 893.82524 (PnL: -17.525021044177812)
🟢 OPEN_SHORT: BNBUSDT at 891.87525 (qty: 16.77792953118926)
🔴 CLOSE_SHORT: BNBUSDT at 893.4249599999999 (PnL: -34.245326734934544)
🟢 OPEN_SHORT: BNBUSDT at 889.0772100000002 (qty: 16.73518235782604)
🔴 CLOSE_SHORT: BNBUSDT at 890.22272 (PnL: -27.364240499764435)
🟢 OPEN_SHORT: BNBUSDT at 895.17294 (qty: 16.541802528541915)
🔴 CLOSE_SHORT: BNBUSDT at 894.1254499999999 (PnL: 9.192627084320872)
🟢 OPEN_SHORT: BNBUSDT at 894.4734300000001 (qty: 16.557082869571886)
🔴 CLOSE_SHORT: BNBUSDT at 895.82664 (PnL: -30.562961863318904)
🟢 OPEN_SHORT: BNBUSDT at 892.8745500000001 (qty: 16.50002670995384)
🔴 CLOSE_SHORT: BNBUSDT at 896.5271299999999 (PnL: -68.40366443539943)
🟢 OPEN_SHORT: BNBUSDT at 892.5747600000001 (qty: 16.33413978169309)
🔴 CLOSE_SHORT: BNBUSDT at 895.2262199999999 (PnL: -51.351830883109145)
🟢 OPEN_SHORT: BNBUSDT at 886.4790300000001 (qty: 16.31251203844045)
🔴 CLOSE_SHORT: BNBUSDT at 888.4214599999999 (PnL: -39.65672492762749)
🟢 OPEN_SHORT: BNBUSDT at 889.47693 (qty: 16.15048029296403)
🔴 CLOSE_SHORT: BNBUSDT at 893.2248199999999 (PnL: -68.46452900412285)
🟢 OPEN_SHORT: BNBUSDT at 880.5831600000001 (qty: 16.14015483036372)
🔴 CLOSE_SHORT: BNBUSDT at 880.0155799999999 (PnL: 1.348855835739065)
🟢 OPEN_SHORT: BNBUSDT at 881.18274 (qty: 16.114492019765137)
🔴 CLOSE_SHORT: BNBUSDT at 882.31719 (PnL: -26.101036796258935)
🟢 OPEN_SHORT: BNBUSDT at 884.8801500000001 (qty: 15.970513480992091)
🔴 CLOSE_SHORT: BNBUSDT at 885.31929 (PnL: -14.789743300802144)
🟢 OPEN_SHORT: BNBUSDT at 878.5845600000001 (qty: 16.033591221583304)
🔴 CLOSE_SHORT: BNBUSDT at 879.01488 (PnL: -14.651145869453915)
🟢 OPEN_SHORT: BNBUSDT at 876.88575 (qty: 16.013566014316346)
🔴 CLOSE_SHORT: BNBUSDT at 877.21362 (PnL: -12.976392906003365)
🟢 OPEN_SHORT: BNBUSDT at 872.3889 (qty: 16.048655346482697)
🔴 CLOSE_SHORT: BNBUSDT at 873.7111699999999 (PnL: -28.932694696828086)
🟢 OPEN_SHORT: BNBUSDT at 872.6886900000001 (qty: 15.959187759315341)
🔴 CLOSE_SHORT: BNBUSDT at 874.9120099999999 (PnL: -43.16196810129677)
🟢 OPEN_SHORT: BNBUSDT at 872.2889700000001 (qty: 15.849975243884172)
🔴 CLOSE_SHORT: BNBUSDT at 873.7111699999999 (PnL: -30.15840001999267)
🟢 OPEN_SHORT: BNBUSDT at 894.3735 (qty: 15.374151230481585)
🔴 CLOSE_SHORT: BNBUSDT at 894.1254499999999 (PnL: -3.7469727253040808)
🟢 OPEN_SHORT: BNBUSDT at 888.5775600000001 (qty: 15.448976950638432)
🔴 CLOSE_SHORT: BNBUSDT at 889.6222999999999 (PnL: -23.699229103517883)
🟢 OPEN_SHORT: BNBUSDT at 888.5775600000001 (qty: 15.378641127759156)
🔴 CLOSE_SHORT: BNBUSDT at 866.20592 (PnL: 336.7188345068917)
🟢 OPEN_SHORT: BNBUSDT at 823.52313 (qty: 17.392980147968967)
🔴 CLOSE_SHORT: BNBUSDT at 826.47813 (PnL: -59.30246107654831)
🟢 OPEN_SHORT: BNBUSDT at 825.22194 (qty: 17.194357018347638)
🔴 CLOSE_SHORT: BNBUSDT at 827.6789699999999 (PnL: -50.074325263506324)
🟢 OPEN_SHORT: BNBUSDT at 826.0213800000001 (qty: 17.0375782869994)
🔴 CLOSE_SHORT: BNBUSDT at 826.67827 (PnL: -18.93834245975211)
🟢 OPEN_SHORT: BNBUSDT at 810.93195 (qty: 17.28880764809482)
🔴 CLOSE_SHORT: BNBUSDT at 810.1667199999999 (PnL: 5.5261651548207755)
🟢 OPEN_SHORT: BNBUSDT at 826.6209600000001 (qty: 16.955385184528623)
🔴 CLOSE_SHORT: BNBUSDT at 827.9791799999999 (PnL: -30.75043152224645)
🟢 OPEN_SHORT: BNBUSDT at 829.6188600000002 (qty: 16.801400429715454)
🔴 CLOSE_SHORT: BNBUSDT at 829.78044 (PnL: -10.382580674082822)
🟢 OPEN_SHORT: BNBUSDT at 870.0905100000001 (qty: 15.978407665908197)
🔴 CLOSE_SHORT: BNBUSDT at 875.21222 (PnL: -89.52824403149647)
🟢 OPEN_SHORT: BNBUSDT at 877.78512 (qty: 15.616933059872876)
🔴 CLOSE_SHORT: BNBUSDT at 879.71537 (PnL: -37.70073586358684)
🟢 OPEN_SHORT: BNBUSDT at 877.4853300000001 (qty: 15.519154999046268)
🔴 CLOSE_SHORT: BNBUSDT at 878.6145999999999 (PnL: -25.024762054773525)
🟢 OPEN_SHORT: BNBUSDT at 896.3721 (qty: 15.119615735049738)
🔴 CLOSE_SHORT: BNBUSDT at 896.4270599999999 (PnL: -8.285472055730873)
🟢 OPEN_SHORT: BNBUSDT at 895.3728000000001 (qty: 15.10133285445989)
🔴 CLOSE_SHORT: BNBUSDT at 897.0274799999999 (PnL: -32.438344252906575)
🟢 OPEN_SHORT: BNBUSDT at 896.2721700000001 (qty: 14.997199498199425)
🔴 CLOSE_SHORT: BNBUSDT at 896.9274099999999 (PnL: -17.225034615942835)
🟢 OPEN_SHORT: BNBUSDT at 895.97238 (qty: 14.94726515916728)
🔴 CLOSE_SHORT: BNBUSDT at 906.1338499999999 (PnL: -159.33550910602787)
🟢 OPEN_SHORT: BNBUSDT at 904.8661500000001 (qty: 14.431895977681453)
🔴 CLOSE_SHORT: BNBUSDT at 903.23182 (PnL: 16.417039334720897)
🟢 OPEN_SHORT: BNBUSDT at 897.27147 (qty: 14.57463414236158)
🔴 CLOSE_SHORT: BNBUSDT at 903.0316799999999 (PnL: -91.19169932840055)
🟢 OPEN_SHORT: BNBUSDT at 917.95698 (qty: 14.031850228134212)
🔴 CLOSE_SHORT: BNBUSDT at 917.7419699999999 (PnL: -4.065701711559237)
🟢 OPEN_SHORT: BNBUSDT at 909.2630700000001 (qty: 14.141490160226251)
🔴 CLOSE_SHORT: BNBUSDT at 911.0372799999999 (PnL: -32.17585685906796)
🟢 OPEN_SHORT: BNBUSDT at 909.5628600000001 (qty: 14.050528487399601)
🔴 CLOSE_SHORT: BNBUSDT at 914.0393799999999 (PnL: -69.96097677542387)
🟢 OPEN_SHORT: BNBUSDT at 908.5635600000002 (qty: 13.896506149989946)
🔴 CLOSE_SHORT: BNBUSDT at 910.03658 (PnL: -27.4253124009325)
🟢 OPEN_SHORT: BNBUSDT at 905.3658 (qty: 13.869664647577569)
🔴 CLOSE_SHORT: BNBUSDT at 910.9372099999999 (PnL: -84.22250480389373)
🟢 OPEN_SHORT: BNBUSDT at 896.77182 (qty: 13.799343279704841)
🔴 CLOSE_SHORT: BNBUSDT at 900.12965 (PnL: -53.167507765015046)
🟢 OPEN_LONG: BNBUSDT at 903.53203 (qty: 13.563342988304711)
🔴 CLOSE_LONG: BNBUSDT at 901.0688100000001 (PnL: -40.13132564500156)
🟢 OPEN_SHORT: BNBUSDT at 901.0688100000001 (qty: 13.496385216366475)
🔴 CLOSE_SHORT: BNBUSDT at 904.6328 (PnL: -54.8160819587644)
🟢 OPEN_SHORT: BNBUSDT at 903.26727 (qty: 13.327353611907773)
🔴 CLOSE_SHORT: BNBUSDT at 903.3318899999999 (PnL: -7.482676530218479)
🟢 OPEN_SHORT: BNBUSDT at 900.46923 (qty: 13.337440727150124)
🔴 CLOSE_SHORT: BNBUSDT at 902.4312599999998 (PnL: -32.788326722205255)
🟢 OPEN_SHORT: BNBUSDT at 892.27497 (qty: 13.371626212739208)
🔴 CLOSE_SHORT: BNBUSDT at 892.1240499999999 (PnL: -4.542986304568602)
🟢 OPEN_SHORT: BNBUSDT at 894.3735 (qty: 13.315418134703613)
🔴 CLOSE_SHORT: BNBUSDT at 895.7265699999999 (PnL: -24.57652841317456)
🟢 OPEN_SHORT: BNBUSDT at 893.0744100000002 (qty: 13.265080802661119)
🔴 CLOSE_SHORT: BNBUSDT at 893.2248199999999 (PnL: -8.51198548025812)
🟢 OPEN_SHORT: BNBUSDT at 887.87805 (qty: 13.30886473186907)
🔴 CLOSE_SHORT: BNBUSDT at 887.2206199999999 (PnL: 2.25530237027613)
🟢 OPEN_SHORT: BNBUSDT at 893.4741300000001 (qty: 13.216007895868046)
🔴 CLOSE_SHORT: BNBUSDT at 896.9274099999999 (PnL: -52.1581655995603)
🟢 OPEN_SHORT: BNBUSDT at 880.48323 (qty: 13.277772307329682)
🔴 CLOSE_SHORT: BNBUSDT at 879.1149499999999 (PnL: 11.74773181673669)
🟢 OPEN_SHORT: BNBUSDT at 881.68239 (qty: 13.271776212477697)
🔴 CLOSE_SHORT: BNBUSDT at 881.0162799999999 (PnL: 2.4095048536547967)
🟢 OPEN_LONG: BNBUSDT at 882.5173299999999 (qty: 13.250095315139326)
🔴 CLOSE_LONG: BNBUSDT at 879.5838600000001 (PnL: -45.278770594561486)
🟢 OPEN_SHORT: BNBUSDT at 881.5824600000001 (qty: 13.146834178120217)
🔴 CLOSE_SHORT: BNBUSDT at 883.21782 (PnL: -27.88614176401453)
🟢 OPEN_SHORT: BNBUSDT at 882.4818300000001 (qty: 13.055789615717854)
🔴 CLOSE_SHORT: BNBUSDT at 882.81754 (PnL: -10.722193171110046)
🟢 OPEN_SHORT: BNBUSDT at 881.5824600000001 (qty: 13.030407931446486)
🔴 CLOSE_SHORT: BNBUSDT at 883.31789 (PnL: -28.943856678384055)
🟢 OPEN_LONG: BNBUSDT at 884.1184499999999 (qty: 12.913264335411633)
🔴 CLOSE_LONG: BNBUSDT at 882.9814800000001 (PnL: -20.95318944141242)
🟢 OPEN_SHORT: BNBUSDT at 890.0765100000001 (qty: 12.765633292589705)
🔴 CLOSE_SHORT: BNBUSDT at 891.4235599999998 (PnL: -23.454718778213802)
🟢 OPEN_SHORT: BNBUSDT at 890.8759500000001 (qty: 12.68749286821563)
🔴 CLOSE_SHORT: BNBUSDT at 892.3241899999999 (PnL: -24.60128090968113)
🟢 OPEN_SHORT: BNBUSDT at 890.77602 (qty: 12.619722766877075)
🔴 CLOSE_SHORT: BNBUSDT at 892.22412 (PnL: -24.467412110890585)
🟢 OPEN_SHORT: BNBUSDT at 893.5740600000001 (qty: 12.51160548964296)
🔴 CLOSE_SHORT: BNBUSDT at 894.1254499999999 (PnL: -13.05159383968822)
🟢 OPEN_SHORT: BNBUSDT at 894.6732900000001 (qty: 12.453311170263307)
🔴 CLOSE_SHORT: BNBUSDT at 896.22692 (PnL: -25.486383826114416)
🟢 OPEN_SHORT: BNBUSDT at 890.27637 (qty: 12.443794615235362)
🔴 CLOSE_SHORT: BNBUSDT at 893.2248199999999 (PnL: -42.80321464620985)
🟢 OPEN_SHORT: BNBUSDT at 889.87665 (qty: 12.33948953695545)
🔴 CLOSE_SHORT: BNBUSDT at 891.32349 (PnL: -23.902429325041716)
🟢 OPEN_SHORT: BNBUSDT at 888.77742 (qty: 12.28737344298513)
🔴 CLOSE_SHORT: BNBUSDT at 890.5229299999999 (PnL: -27.465936508711394)
🟢 OPEN_SHORT: BNBUSDT at 879.28407 (qty: 12.343900851224737)
🔴 CLOSE_SHORT: BNBUSDT at 883.71817 (PnL: -60.73378197341309)
🟢 OPEN_SHORT: BNBUSDT at 888.9772800000001 (qty: 12.05923805080414)
🔴 CLOSE_SHORT: BNBUSDT at 893.7251699999999 (PnL: -63.183640266394875)
🟢 OPEN_SHORT: BNBUSDT at 890.27637 (qty: 11.886453791015704)
🔴 CLOSE_SHORT: BNBUSDT at 893.32489 (PnL: -42.07624787492853)
🟢 OPEN_SHORT: BNBUSDT at 895.27287 (qty: 11.71311712557744)
🔴 CLOSE_SHORT: BNBUSDT at 895.6265 (PnL: -9.911927561516439)
🟢 OPEN_LONG: BNBUSDT at 899.4291599999999 (qty: 11.624125073901949)
🔴 CLOSE_LONG: BNBUSDT at 897.8710500000001 (PnL: -23.851996480884996)
🟢 OPEN_SHORT: BNBUSDT at 891.47553 (qty: 11.661422129261043)
🔴 CLOSE_SHORT: BNBUSDT at 892.6243999999999 (PnL: -19.122556503845768)
🟢 OPEN_SHORT: BNBUSDT at 891.7753200000001 (qty: 11.601792142564006)
🔴 CLOSE_SHORT: BNBUSDT at 894.72587 (PnL: -39.94090076881427)
🟢 OPEN_SHORT: BNBUSDT at 886.77882 (qty: 11.564246976354521)
🔴 CLOSE_SHORT: BNBUSDT at 888.32139 (PnL: -23.488682829900874)
🟢 OPEN_SHORT: BNBUSDT at 885.87945 (qty: 11.510224669963598)
🔴 CLOSE_SHORT: BNBUSDT at 887.5208299999999 (PnL: -24.511212852698762)
🟢 OPEN_SHORT: BNBUSDT at 890.27637 (qty: 11.385714680541719)
🔴 CLOSE_SHORT: BNBUSDT at 891.82384 (PnL: -23.203780379847416)
🟢 OPEN_SHORT: BNBUSDT at 890.8759500000001 (qty: 11.313443918740376)
🔴 CLOSE_SHORT: BNBUSDT at 890.22272 (PnL: 1.8509643211904647)
🟢 OPEN_SHORT: BNBUSDT at 892.3749 (qty: 11.286164889793616)
🔴 CLOSE_SHORT: BNBUSDT at 892.6243999999999 (PnL: -8.356766529681558)
🟢 OPEN_SHORT: BNBUSDT at 891.9751800000001 (qty: 11.260064537403835)
🔴 CLOSE_SHORT: BNBUSDT at 892.6243999999999 (PnL: -12.838313692384672)
🟢 OPEN_SHORT: BNBUSDT at 886.5789600000002 (qty: 11.287176719460854)
🔴 CLOSE_SHORT: BNBUSDT at 889.0218799999999 (PnL: -33.0926706383673)
🟢 OPEN_SHORT: BNBUSDT at 896.2721700000001 (qty: 11.07897881651516)
🔴 CLOSE_SHORT: BNBUSDT at 899.22902 (PnL: -38.23827510868857)
🟢 OPEN_SHORT: BNBUSDT at 867.7921200000001 (qty: 11.341865004052886)
🔴 CLOSE_SHORT: BNBUSDT at 868.3073899999999 (PnL: -11.260646640307717)
🟢 OPEN_SHORT: BNBUSDT at 863.79492 (qty: 11.355743055488222)
🔴 CLOSE_SHORT: BNBUSDT at 866.1058499999999 (PnL: -31.651728819518304)
🟢 OPEN_SHORT: BNBUSDT at 865.9933800000001 (qty: 11.241355875071932)
🔴 CLOSE_SHORT: BNBUSDT at 866.6062 (PnL: -12.246933491118725)
🟢 OPEN_SHORT: BNBUSDT at 866.69289 (qty: 11.191666138286976)
🔴 CLOSE_SHORT: BNBUSDT at 867.6068999999999 (PnL: -15.569776487294757)
🟢 OPEN_SHORT: BNBUSDT at 886.3791000000001 (qty: 10.895934036707631)
🔴 CLOSE_SHORT: BNBUSDT at 887.32069 (PnL: -15.577005768827753)
🟢 OPEN_SHORT: BNBUSDT at 888.77742 (qty: 10.819526077241049)
🔴 CLOSE_SHORT: BNBUSDT at 890.72307 (PnL: -26.351471728089916)
🟢 OPEN_SHORT: BNBUSDT at 886.8787500000001 (qty: 10.771336852503163)
🔴 CLOSE_SHORT: BNBUSDT at 888.02118 (PnL: -17.566344754469398)
🟢 OPEN_SHORT: BNBUSDT at 884.68029 (qty: 10.746513768638458)
🔴 CLOSE_SHORT: BNBUSDT at 885.6194999999999 (PnL: -15.327760379430323)
🟢 OPEN_SHORT: BNBUSDT at 885.0800100000001 (qty: 10.695208724418244)
🔴 CLOSE_SHORT: BNBUSDT at 886.21992 (PnL: -17.40464423812572)
🟢 OPEN_SHORT: BNBUSDT at 881.4825300000001 (qty: 10.68755546328826)
🔴 CLOSE_SHORT: BNBUSDT at 883.1177499999999 (PnL: -22.667607908232476)
🟢 OPEN_SHORT: BNBUSDT at 884.98008 (qty: 10.58237969684696)
🔴 CLOSE_SHORT: BNBUSDT at 885.31929 (PnL: -8.742480700814877)
🟢 OPEN_SHORT: BNBUSDT at 885.9793800000001 (qty: 10.539081117836608)
🔴 CLOSE_SHORT: BNBUSDT at 887.32069 (PnL: -19.27952449535906)
🟢 OPEN_SHORT: BNBUSDT at 886.27917 (qty: 10.48042047084317)
🔴 CLOSE_SHORT: BNBUSDT at 887.5208299999999 (PnL: -18.12899419309364)
🟢 OPEN_SHORT: BNBUSDT at 889.0772100000002 (qty: 10.395163465692585)
🔴 CLOSE_SHORT: BNBUSDT at 894.6257999999999 (PnL: -62.79337984149905)
🟢 OPEN_SHORT: BNBUSDT at 893.3742000000001 (qty: 10.193208913649135)
🔴 CLOSE_SHORT: BNBUSDT at 895.4263599999999 (PnL: -25.938092979080242)
🟢 OPEN_SHORT: BNBUSDT at 893.27427 (qty: 10.12506123999459)
🔴 CLOSE_SHORT: BNBUSDT at 896.22692 (PnL: -34.88665591773196)
🟢 OPEN_LONG: BNBUSDT at 896.72727 (qty: 9.997169455624391)
🔴 CLOSE_LONG: BNBUSDT at 895.17294 (PnL: -20.46095796525824)
🟢 OPEN_SHORT: BNBUSDT at 893.0744100000002 (qty: 9.981196695377145)
🔴 CLOSE_SHORT: BNBUSDT at 893.2248199999999 (PnL: -6.404770736836125)
🟢 OPEN_SHORT: BNBUSDT at 892.77462 (qty: 9.959217323919209)
🔴 CLOSE_SHORT: BNBUSDT at 894.9260099999999 (PnL: -26.328180000835175)
🟢 OPEN_SHORT: BNBUSDT at 890.4762300000001 (qty: 9.914806633018895)
🔴 CLOSE_SHORT: BNBUSDT at 892.4242599999999 (PnL: -24.18085845020095)
🟢 OPEN_SHORT: BNBUSDT at 885.17994 (qty: 9.908523373512443)
🔴 CLOSE_SHORT: BNBUSDT at 887.0204799999999 (PnL: -23.071018347259113)
🟢 OPEN_SHORT: BNBUSDT at 885.5796600000001 (qty: 9.841052785496547)
🔴 CLOSE_SHORT: BNBUSDT at 885.5194299999999 (PnL: -4.200217289995011)
🟢 OPEN_LONG: XRPUSDT at 2.18582901 (qty: 9139.781706895747)
🟢 OPEN_SHORT: BNBUSDT at 882.28197 (qty: 9.857448640194116)
🔴 CLOSE_SHORT: BNBUSDT at 883.31789 (PnL: -15.00052159885201)
🟢 OPEN_SHORT: BNBUSDT at 877.1855400000001 (qty: 9.869612542998047)
🔴 CLOSE_SHORT: BNBUSDT at 877.81404 (PnL: -10.96807793605554)
🟢 OPEN_SHORT: BNBUSDT at 887.7781200000001 (qty: 9.716416555410893)
🔴 CLOSE_SHORT: BNBUSDT at 889.2220199999999 (PnL: -18.781562220466693)
🟢 OPEN_SHORT: BNBUSDT at 886.97868 (qty: 9.67212681372857)
🔴 CLOSE_SHORT: BNBUSDT at 888.9218099999999 (PnL: -23.522970236154283)
🟢 OPEN_SHORT: BNBUSDT at 849.70479 (qty: 10.029939299577075)
🔴 CLOSE_SHORT: BNBUSDT at 853.29689 (PnL: -40.73572876418025)
🟢 OPEN_SHORT: BNBUSDT at 847.20654 (qty: 9.952285392554458)
🔴 CLOSE_SHORT: BNBUSDT at 847.3927599999998 (PnL: -6.491736608707132)
🟢 OPEN_SHORT: BNBUSDT at 847.90605 (qty: 9.917824025316696)
🔴 CLOSE_SHORT: BNBUSDT at 850.5949999999999 (PnL: -31.308361252621815)
🟢 OPEN_SHORT: BNBUSDT at 853.6020600000002 (qty: 9.7674505964792)
🔴 CLOSE_SHORT: BNBUSDT at 855.6985699999999 (PnL: -25.074454279396157)
🟢 OPEN_LONG: BNBUSDT at 861.4025599999999 (qty: 9.61013602513441)
🔴 CLOSE_LONG: BNBUSDT at 860.19744 (PnL: -16.128005050388374)
🟢 OPEN_SHORT: BNBUSDT at 868.3917 (qty: 9.48515946035282)
🔴 CLOSE_SHORT: BNBUSDT at 871.0092799999999 (PnL: -29.372077751964927)
🟢 OPEN_SHORT: BNBUSDT at 873.18834 (qty: 9.355403298124065)
🔴 CLOSE_SHORT: BNBUSDT at 867.6068999999999 (PnL: 47.75237533472869)
🟢 OPEN_SHORT: BNBUSDT at 866.79282 (qty: 9.524245822208625)
🔴 CLOSE_SHORT: BNBUSDT at 864.7048699999999 (PnL: 15.35653510443385)
🟢 OPEN_SHORT: BNBUSDT at 858.9982800000001 (qty: 9.635851496850739)
🔴 CLOSE_SHORT: BNBUSDT at 859.0008799999999 (PnL: -4.577515917329161)
🟢 OPEN_SHORT: BNBUSDT at 859.0982100000001 (qty: 9.613475894039192)
🔴 CLOSE_SHORT: BNBUSDT at 861.4025599999999 (PnL: -26.707403186520025)
🟢 OPEN_SHORT: BNBUSDT at 858.3987000000001 (qty: 9.548500381173138)
🔴 CLOSE_SHORT: BNBUSDT at 859.4011599999999 (PnL: -14.085285459221403)
🟢 OPEN_SHORT: BNBUSDT at 848.1059100000001 (qty: 9.620536285243505)
🔴 CLOSE_SHORT: BNBUSDT at 846.5921999999999 (PnL: 10.083132941940349)
🟢 OPEN_SHORT: BNBUSDT at 840.1115100000001 (qty: 9.725405130706324)
🔴 CLOSE_SHORT: BNBUSDT at 843.5900999999999 (PnL: -38.34303755133621)
🟢 OPEN_SHORT: BNBUSDT at 840.8110200000001 (qty: 9.615420177708938)
🔴 CLOSE_SHORT: BNBUSDT at 841.28849 (PnL: -9.040212949361129)
🟢 OPEN_SHORT: BNBUSDT at 832.6167600000001 (qty: 9.67765481333486)
🔴 CLOSE_SHORT: BNBUSDT at 834.8840099999999 (PnL: -26.385508467405206)
🟢 OPEN_SHORT: BNBUSDT at 845.1080100000001 (qty: 9.461681735554528)
🔴 CLOSE_SHORT: BNBUSDT at 843.1898199999999 (PnL: 13.761406742600588)
🟢 OPEN_SHORT: BNBUSDT at 830.4183 (qty: 9.65160579788284)
🔴 CLOSE_SHORT: BNBUSDT at 831.18142 (PnL: -11.77756289328042)
🟢 OPEN_SHORT: BNBUSDT at 835.2149400000001 (qty: 9.557418352782992)
🔴 CLOSE_SHORT: BNBUSDT at 825.67757 (PnL: 86.81239479673351)
🟢 OPEN_SHORT: BNBUSDT at 825.0220800000001 (qty: 9.87530253397872)
🔴 CLOSE_SHORT: BNBUSDT at 827.1786199999999 (PnL: -25.789236443801315)
🟢 OPEN_SHORT: BNBUSDT at 825.22194 (qty: 9.799548091782153)
🔴 CLOSE_SHORT: BNBUSDT at 825.4774299999999 (PnL: -6.952804717649549)
🟢 OPEN_SHORT: BNBUSDT at 846.6069600000001 (qty: 9.52508233063946)
🔴 CLOSE_SHORT: BNBUSDT at 848.3934599999999 (PnL: -21.461119239087516)
🟢 OPEN_SHORT: BNBUSDT at 853.20234 (qty: 9.390748220543983)
🔴 CLOSE_SHORT: BNBUSDT at 854.69787 (PnL: -18.458584562262242)
🟢 OPEN_SHORT: BNBUSDT at 853.20234 (qty: 9.337149447811765)
🔴 CLOSE_SHORT: BNBUSDT at 854.7979399999999 (PnL: -19.2881125213312)
🟢 OPEN_LONG: BNBUSDT at 856.5991999999999 (qty: 9.244858514024266)
🔴 CLOSE_LONG: BNBUSDT at 855.80052 (PnL: -11.735148695975376)
🟢 OPEN_SHORT: BNBUSDT at 853.9018500000001 (qty: 9.236374247914469)
🔴 CLOSE_SHORT: BNBUSDT at 855.4984299999999 (PnL: -19.092547414124134)
🟢 OPEN_SHORT: BNBUSDT at 851.6034600000002 (qty: 9.20627578238693)
🔴 CLOSE_SHORT: BNBUSDT at 852.49633 (PnL: -12.536581432416881)
🟢 OPEN_SHORT: BNBUSDT at 851.4036000000001 (qty: 9.168858390062093)
🔴 CLOSE_SHORT: BNBUSDT at 853.0967499999999 (PnL: -19.826310394706805)
🟢 OPEN_SHORT: BNBUSDT at 851.0038800000001 (qty: 9.116479447137671)
🔴 CLOSE_SHORT: BNBUSDT at 852.3962599999999 (PnL: -16.967572794412362)
🟢 OPEN_SHORT: BNBUSDT at 852.1031100000001 (qty: 9.054878652591693)
🔴 CLOSE_SHORT: BNBUSDT at 853.29689 (PnL: -15.059107924360537)
🟢 OPEN_SHORT: BNBUSDT at 852.1031100000001 (qty: 9.009572545053462)
🔴 CLOSE_SHORT: BNBUSDT at 853.29689 (PnL: -14.983759640940349)
🟢 OPEN_SHORT: BNBUSDT at 851.1038100000001 (qty: 8.97501853841395)
🔴 CLOSE_SHORT: BNBUSDT at 852.5963999999999 (PnL: -17.60466059293156)
🟢 OPEN_SHORT: BNBUSDT at 848.5056300000001 (qty: 8.95110220065221)
🔴 CLOSE_SHORT: BNBUSDT at 850.29479 (PnL: -20.20104557460289)
🟢 OPEN_SHORT: BNBUSDT at 849.20514 (qty: 8.886314505981904)
🔴 CLOSE_SHORT: BNBUSDT at 850.69507 (PnL: -17.39773573928681)
🟢 OPEN_SHORT: BNBUSDT at 848.6055600000001 (qty: 8.841808140295846)
🔴 CLOSE_SHORT: BNBUSDT at 849.8945099999999 (PnL: -15.529680910733232)
🟢 OPEN_SHORT: BNBUSDT at 848.20584 (qty: 8.799626583782626)
🔴 CLOSE_SHORT: BNBUSDT at 850.19472 (PnL: -21.616169152680534)
🟢 OPEN_SHORT: BNBUSDT at 849.20514 (qty: 8.728694265503742)
🔴 CLOSE_SHORT: BNBUSDT at 848.3934599999999 (PnL: 3.011954640369196)
🟢 OPEN_SHORT: BNBUSDT at 852.4029 (qty: 8.693450301255085)
🔴 CLOSE_SHORT: BNBUSDT at 853.4970299999999 (PnL: -13.592673485026404)
🟢 OPEN_SHORT: BNBUSDT at 854.90115 (qty: 8.626711458223108)
🔴 CLOSE_SHORT: BNBUSDT at 855.8987099999999 (PnL: -12.666637447013704)
🟢 OPEN_SHORT: BNBUSDT at 864.19464 (qty: 8.495238743158666)
🔴 CLOSE_SHORT: BNBUSDT at 866.5061299999999 (PnL: -23.68530644814057)
🟢 OPEN_SHORT: BNBUSDT at 856.7998200000001 (qty: 8.503845718239877)
🔴 CLOSE_SHORT: BNBUSDT at 857.0995499999999 (PnL: -6.557610963231735)
🟢 OPEN_SHORT: BNBUSDT at 856.20024 (qty: 8.485122073710832)
🔴 CLOSE_SHORT: BNBUSDT at 858.10025 (PnL: -20.12641374627339)
🟢 OPEN_SHORT: BNBUSDT at 857.69919 (qty: 8.414044635551505)
🔴 CLOSE_SHORT: BNBUSDT at 858.80074 (PnL: -13.242784135964113)
🟢 OPEN_SHORT: BNBUSDT at 855.6006600000001 (qty: 8.394448070048307)
🔴 CLOSE_SHORT: BNBUSDT at 856.8994099999999 (PnL: -14.858548110148693)
🟢 OPEN_SHORT: BNBUSDT at 852.4029 (qty: 8.381808283393672)
🔴 CLOSE_SHORT: BNBUSDT at 848.3934599999999 (PnL: 29.69526817193846)
🟢 OPEN_SHORT: BNBUSDT at 848.30577 (qty: 8.483036816896668)
🔴 CLOSE_SHORT: BNBUSDT at 849.5943 (PnL: -14.894574279154266)
🟢 OPEN_SHORT: BNBUSDT at 849.4050000000001 (qty: 8.427668898053088)
🔴 CLOSE_SHORT: BNBUSDT at 849.79444 (PnL: -7.221053770106683)
🟢 OPEN_SHORT: BNBUSDT at 848.9053500000001 (qty: 8.406340752005198)
🔴 CLOSE_SHORT: BNBUSDT at 849.79444 (PnL: -11.403007396689121)
🟢 OPEN_SHORT: BNBUSDT at 848.80542 (qty: 8.371214002267703)
🔴 CLOSE_SHORT: BNBUSDT at 849.29409 (PnL: -8.001053564525957)
🟢 OPEN_SHORT: BNBUSDT at 846.4071 (qty: 8.36679373906106)
🔴 CLOSE_SHORT: BNBUSDT at 845.4914299999999 (PnL: 3.7704932014222226)
🟢 OPEN_SHORT: BNBUSDT at 844.30857 (qty: 8.387294619539638)
🔴 CLOSE_SHORT: BNBUSDT at 844.0904499999999 (PnL: -2.064362706914455)
🟢 OPEN_SHORT: BNBUSDT at 842.70969 (qty: 8.3890650287637)
🔴 CLOSE_SHORT: BNBUSDT at 845.3913599999998 (PnL: -26.39732771727053)
🟢 OPEN_SHORT: BNBUSDT at 841.91025 (qty: 8.325085997368515)
🔴 CLOSE_SHORT: BNBUSDT at 843.28989 (PnL: -15.346875115638243)
🟢 OPEN_LONG: BNBUSDT at 844.0904499999999 (qty: 8.258086097678417)
🔴 CLOSE_LONG: BNBUSDT at 842.9095500000001 (PnL: -13.580424672797557)
🟢 OPEN_SHORT: BNBUSDT at 839.1122100000001 (qty: 8.265572887100742)
🔴 CLOSE_SHORT: BNBUSDT at 840.3878599999999 (PnL: -14.364435964074062)
🟢 OPEN_SHORT: BNBUSDT at 839.3120700000001 (qty: 8.220285623722209)
🔴 CLOSE_SHORT: BNBUSDT at 841.3885599999999 (PnL: -20.87339075085413)
🟢 OPEN_SHORT: BNBUSDT at 846.0073800000001 (qty: 8.09691380930828)
🔴 CLOSE_SHORT: BNBUSDT at 847.09255 (PnL: -12.558887409667166)
🟢 OPEN_SHORT: BNBUSDT at 844.2086400000001 (qty: 8.075487132372544)
🔴 CLOSE_SHORT: BNBUSDT at 844.79094 (PnL: -8.454510258213071)
🟢 OPEN_SHORT: BNBUSDT at 842.4099000000001 (qty: 8.063755961594275)
🔴 CLOSE_SHORT: BNBUSDT at 843.7902399999999 (PnL: -14.872990121999868)
🟢 OPEN_SHORT: BNBUSDT at 842.1101100000001 (qty: 8.022430209688917)
🔴 CLOSE_SHORT: BNBUSDT at 843.3899599999999 (PnL: -13.9888277053774)
🟢 OPEN_SHORT: BNBUSDT at 839.91165 (qty: 8.001270829369632)
🔴 CLOSE_SHORT: BNBUSDT at 840.9882799999999 (PnL: -12.315344458956657)
🟢 OPEN_SHORT: BNBUSDT at 840.1115100000001 (qty: 7.961249690332166)
🔴 CLOSE_SHORT: BNBUSDT at 837.18562 (PnL: 19.627966789560187)
🟢 OPEN_SHORT: BNBUSDT at 836.71389 (qty: 8.03170156666382)
🔴 CLOSE_SHORT: BNBUSDT at 836.9854799999999 (PnL: -5.8786595035347755)
🟢 OPEN_SHORT: BNBUSDT at 835.71459 (qty: 8.01839140114574)
🔴 CLOSE_SHORT: BNBUSDT at 837.78604 (PnL: -20.304429876427417)
🟢 OPEN_SHORT: BNBUSDT at 839.6118600000001 (qty: 7.92402649858311)
🔴 CLOSE_SHORT: BNBUSDT at 840.78814 (PnL: -12.985209015332522)
🟢 OPEN_SHORT: BNBUSDT at 830.21844 (qty: 7.9735855925389165)
🔴 CLOSE_SHORT: BNBUSDT at 831.0813499999999 (PnL: -10.525170796880584)
🟢 OPEN_SHORT: BNBUSDT at 830.3183700000001 (qty: 7.938503938771527)
🔴 CLOSE_SHORT: BNBUSDT at 832.5823999999999 (PnL: -21.608213336458995)
🟢 OPEN_SHORT: BNBUSDT at 841.1108100000001 (qty: 7.776643115299739)
🔴 CLOSE_SHORT: BNBUSDT at 840.8882099999998 (PnL: -1.8655273725003396)
🟢 OPEN_SHORT: BNBUSDT at 839.412 (qty: 7.779365096754472)
🔴 CLOSE_SHORT: BNBUSDT at 841.3885599999999 (PnL: -18.97638971369962)
🟢 OPEN_SHORT: BNBUSDT at 826.4211 (qty: 7.847036496906249)
🔴 CLOSE_SHORT: BNBUSDT at 827.9791799999999 (PnL: -15.799761189375117)
🟢 OPEN_SHORT: BNBUSDT at 830.3183700000001 (qty: 7.763556476472809)
🔴 CLOSE_SHORT: BNBUSDT at 832.98268 (PnL: -24.241320599887416)
🟢 OPEN_SHORT: BNBUSDT at 834.3155700000001 (qty: 7.659751659474847)
🔴 CLOSE_SHORT: BNBUSDT at 835.5844999999999 (PnL: -13.239892041534754)
🟢 OPEN_SHORT: BNBUSDT at 834.1157100000001 (qty: 7.621413308078205)
🔴 CLOSE_SHORT: BNBUSDT at 835.68457 (PnL: -15.459934109244983)
🟢 OPEN_SHORT: BNBUSDT at 840.0115800000001 (qty: 7.522786590421424)
🔴 CLOSE_SHORT: BNBUSDT at 841.48863 (PnL: -14.593218593346682)
🟢 OPEN_SHORT: BNBUSDT at 839.5119300000001 (qty: 7.484217957451986)
🔴 CLOSE_SHORT: BNBUSDT at 840.588 (PnL: -11.513671509904457)
🟢 OPEN_SHORT: BNBUSDT at 839.6118600000001 (qty: 7.447669354853055)
🔴 CLOSE_SHORT: BNBUSDT at 840.4879299999999 (PnL: -9.967501601366306)
🟢 OPEN_SHORT: BNBUSDT at 839.21214 (qty: 7.4192659436728725)
🔴 CLOSE_SHORT: BNBUSDT at 841.28849 (PnL: -18.83795151560906)
🟢 OPEN_SHORT: BNBUSDT at 839.7117900000001 (qty: 7.361827294258625)
🔴 CLOSE_SHORT: BNBUSDT at 841.8889099999999 (PnL: -19.436393854879505)
🟢 OPEN_SHORT: BNBUSDT at 840.21144 (qty: 7.303090746694213)
🔴 CLOSE_SHORT: BNBUSDT at 841.7888399999999 (PnL: -14.901108502275655)
🟢 OPEN_SHORT: BNBUSDT at 860.5971600000001 (qty: 7.087623228147828)
🔴 CLOSE_SHORT: BNBUSDT at 858.10025 (PnL: 14.3521171194072)
🟢 OPEN_SHORT: BNBUSDT at 858.5985600000001 (qty: 7.1297383823581715)
🔴 CLOSE_SHORT: BNBUSDT at 859.80144 (PnL: -11.947807335755888)
🟢 OPEN_SHORT: BNBUSDT at 858.7984200000001 (qty: 7.092413784574478)
🔴 CLOSE_SHORT: BNBUSDT at 859.6012999999999 (PnL: -9.047513639505038)
🟢 OPEN_SHORT: BNBUSDT at 860.29737 (qty: 7.051234709426587)
🔴 CLOSE_SHORT: BNBUSDT at 860.9022099999999 (PnL: -7.603601751164276)
🟢 OPEN_SHORT: BNBUSDT at 860.5971600000001 (qty: 7.023354222696657)
🔴 CLOSE_SHORT: BNBUSDT at 853.79724 (PnL: 44.46016059801614)
🟢 OPEN_SHORT: BNBUSDT at 850.7040900000001 (qty: 7.201740751423062)
🔴 CLOSE_SHORT: BNBUSDT at 850.79514 (PnL: -4.025681812384098)
🟢 OPEN_SHORT: BNBUSDT at 852.4029 (qty: 7.170036309574825)
🔴 CLOSE_SHORT: BNBUSDT at 853.9973799999999 (PnL: -14.800235217474853)
🟢 OPEN_SHORT: BNBUSDT at 852.5028300000001 (qty: 7.12658788151379)
🔴 CLOSE_SHORT: BNBUSDT at 853.79724 (PnL: -12.571290204828902)
🟢 OPEN_SHORT: BNBUSDT at 852.4029 (qty: 7.090087066636666)
🔴 CLOSE_SHORT: BNBUSDT at 853.5971 (PnL: -11.795624742332578)
🟢 OPEN_LONG: BNBUSDT at 853.8973099999998 (qty: 7.042265486835177)
🔴 CLOSE_LONG: BNBUSDT at 852.5028300000001 (PnL: -13.1222515675059)
🟢 OPEN_SHORT: BNBUSDT at 852.3029700000001 (qty: 7.016885490459218)
🔴 CLOSE_SHORT: BNBUSDT at 853.3969599999999 (PnL: -10.969906368130722)
🟢 OPEN_SHORT: BNBUSDT at 852.4029 (qty: 6.982606426320242)
🔴 CLOSE_SHORT: BNBUSDT at 853.5971 (PnL: -11.616811522082578)
🟢 OPEN_SHORT: BNBUSDT at 851.0038800000001 (qty: 6.959090657666346)
🔴 CLOSE_SHORT: BNBUSDT at 852.69647 (PnL: -15.0425828772698)
🟢 OPEN_SHORT: BNBUSDT at 859.69779 (qty: 6.846142469117241)
🔴 CLOSE_SHORT: BNBUSDT at 860.9022099999999 (PnL: -11.487253462553657)
🟢 OPEN_SHORT: BNBUSDT at 858.19884 (qty: 6.823785579684889)
🔴 CLOSE_SHORT: BNBUSDT at 860.80214 (PnL: -20.995022076035248)
🟢 OPEN_LONG: BNBUSDT at 861.50263 (qty: 6.7413990870654406)
🔴 CLOSE_LONG: BNBUSDT at 859.0982100000001 (PnL: -19.3944929316473)
🟢 OPEN_SHORT: BNBUSDT at 858.69849 (qty: 6.710802008252495)
🔴 CLOSE_SHORT: BNBUSDT at 859.3010899999999 (PnL: -7.215559004428597)
🟢 OPEN_SHORT: XRPUSDT at 2.1934635 (qty: 2617.6800398366627)
🔴 CLOSE_SHORT: XRPUSDT at 2.19623629 (PnL: -10.420251182162188)
🟢 OPEN_SHORT: XRPUSDT at 2.2334355 (qty: 2558.672124407311)
🔴 CLOSE_SHORT: XRPUSDT at 2.2936043999999995 (PnL: -157.18020708973344)
🟢 OPEN_SHORT: XRPUSDT at 2.2166472600000002 (qty: 2433.396935361367)
🔴 CLOSE_SHORT: XRPUSDT at 2.19493538 (PnL: 49.89599028807981)
🟢 OPEN_SHORT: XRPUSDT at 2.1543908700000003 (qty: 2547.2820764985536)
🔴 CLOSE_SHORT: XRPUSDT at 2.1549073799999996 (PnL: -4.3347329854041465)
🟢 OPEN_SHORT: XRPUSDT at 2.18337057 (qty: 2506.7367091874153)
🔴 CLOSE_SHORT: XRPUSDT at 2.1940347499999997 (PnL: -29.757218576363005)
🟢 OPEN_SHORT: XRPUSDT at 2.21994495 (qty: 2435.916382409595)
🔴 CLOSE_SHORT: XRPUSDT at 2.22775834 (PnL: -22.017412873205693)
🟢 OPEN_SHORT: XRPUSDT at 2.14299885 (qty: 2500.055977961492)
🔴 CLOSE_SHORT: XRPUSDT at 2.15810962 (PnL: -40.74523804121793)
🟢 OPEN_SHORT: XRPUSDT at 2.14639647 (qty: 2455.3866466386617)
🔴 CLOSE_SHORT: XRPUSDT at 2.1425987699999998 (PnL: 6.4313222430108965)
🟢 OPEN_SHORT: XRPUSDT at 2.13940137 (qty: 2466.7174157986346)
🔴 CLOSE_SHORT: XRPUSDT at 2.12118379 (PnL: 42.059823311408266)
🟢 OPEN_SHORT: XRPUSDT at 2.13220641 (qty: 2511.77053581068)
🔴 CLOSE_SHORT: XRPUSDT at 2.12988988 (PnL: 2.8762047445143692)
🟢 OPEN_SHORT: XRPUSDT at 2.00089839 (qty: 2676.534949799787)
🔴 CLOSE_SHORT: XRPUSDT at 1.9961963599999997 (PnL: 9.64655850169663)
🟢 OPEN_SHORT: XRPUSDT at 1.9838103600000003 (qty: 2706.34566447042)
🔴 CLOSE_SHORT: XRPUSDT at 1.98769041 (PnL: -13.45941402330443)
🟢 OPEN_SHORT: XRPUSDT at 1.94893479 (qty: 2737.9325373155584)
🔴 CLOSE_SHORT: XRPUSDT at 1.9402572299999998 (PnL: 20.836812498080214)
🟢 OPEN_SHORT: XRPUSDT at 1.8999690900000001 (qty: 2827.338597635444)
🔴 CLOSE_SHORT: XRPUSDT at 1.9166407099999998 (PnL: -50.11676045256039)
🟢 OPEN_SHORT: XRPUSDT at 1.91685726 (qty: 2747.0555528112172)
🔴 CLOSE_SHORT: XRPUSDT at 1.90773448 (PnL: 22.178424527959727)
🟢 OPEN_SHORT: XRPUSDT at 1.92295299 (qty: 2758.4022968587246)
🔴 CLOSE_SHORT: XRPUSDT at 1.9336526099999998 (PnL: -32.44744187392797)
🟢 OPEN_SHORT: XRPUSDT at 1.9294484400000003 (qty: 2712.458258216371)
🔴 CLOSE_SHORT: XRPUSDT at 1.9474622699999997 (PnL: -51.7670875098588)
🟢 OPEN_SHORT: XRPUSDT at 1.9331458500000003 (qty: 2650.7349544632807)
🔴 CLOSE_SHORT: XRPUSDT at 1.93275198 (PnL: -1.7737223009163798)
🟢 OPEN_SHORT: XRPUSDT at 1.9193555100000002 (qty: 2664.9951623940956)
🔴 CLOSE_SHORT: XRPUSDT at 1.92204449 (PnL: -9.983350289039976)
🟢 OPEN_SHORT: XRPUSDT at 1.9007685300000001 (qty: 2677.590557553253)
🔴 CLOSE_SHORT: XRPUSDT at 1.89952874 (PnL: 0.5222618774353793)
🟢 OPEN_SHORT: XRPUSDT at 1.90836321 (qty: 2664.548308873771)
🔴 CLOSE_SHORT: XRPUSDT at 1.9106365099999998 (PnL: -8.857358475438087)
🟢 OPEN_SHORT: XRPUSDT at 1.9294484400000003 (qty: 2623.349618200341)
🔴 CLOSE_SHORT: XRPUSDT at 1.93415296 (PnL: -15.132278431851642)
🟢 OPEN_SHORT: XRPUSDT at 2.03287599 (qty: 2472.2538495505137)
🔴 CLOSE_SHORT: XRPUSDT at 2.03702492 (PnL: -13.027031649070643)
🟢 OPEN_SHORT: XRPUSDT at 2.0378724900000003 (qty: 2450.6945793242526)
🔴 CLOSE_SHORT: XRPUSDT at 2.0483328299999997 (PnL: -28.396009525610282)
🟢 OPEN_SHORT: XRPUSDT at 2.0521624800000002 (qty: 2403.2782346623458)
🔴 CLOSE_SHORT: XRPUSDT at 2.0659451499999997 (PnL: -35.85436338368301)
🟢 OPEN_SHORT: XRPUSDT at 2.06595282 (qty: 2349.900510430342)
🔴 CLOSE_SHORT: XRPUSDT at 2.0716491399999994 (PnL: -16.063278429908163)
🟢 OPEN_SHORT: XRPUSDT at 2.0550604500000005 (qty: 2344.1241192872594)
🔴 CLOSE_SHORT: XRPUSDT at 2.0553377299999998 (PnL: -3.299860446190027)
🟢 OPEN_SHORT: XRPUSDT at 2.05575996 (qty: 2337.5384731696677)
🔴 CLOSE_SHORT: XRPUSDT at 2.07014809 (PnL: -36.2942853750101)
🟢 OPEN_SHORT: XRPUSDT at 2.0602568100000003 (qty: 2294.6379522239145)
🔴 CLOSE_SHORT: XRPUSDT at 2.08525866 (PnL: -60.00189639960072)
🟢 OPEN_SHORT: XRPUSDT at 2.07084939 (qty: 2222.440414626343)
🔴 CLOSE_SHORT: XRPUSDT at 2.07224956 (PnL: -5.6447925395823)
🟢 OPEN_SHORT: XRPUSDT at 2.06965023 (qty: 2215.827173148253)
🔴 CLOSE_SHORT: XRPUSDT at 2.0654448 (PnL: 6.8013382769107285)
🟢 OPEN_SHORT: XRPUSDT at 2.05196262 (qty: 2239.0979564529866)
🔴 CLOSE_SHORT: XRPUSDT at 2.05914039 (PnL: -18.607569510504334)
🟢 OPEN_SHORT: XRPUSDT at 2.24202948 (qty: 2030.4265447476937)
🔴 CLOSE_SHORT: XRPUSDT at 2.24266877 (PnL: -3.802497196718458)
🟢 OPEN_SHORT: XRPUSDT at 2.24822514 (qty: 2019.2211141799014)
🔴 CLOSE_SHORT: XRPUSDT at 2.25167507 (PnL: -9.466817912431614)
🟢 OPEN_SHORT: XRPUSDT at 2.2448275200000003 (qty: 2011.61842770615)
🔴 CLOSE_SHORT: XRPUSDT at 2.24927339 (PnL: -11.431967909335393)
🟢 OPEN_SHORT: XRPUSDT at 2.20165776 (qty: 2038.4208853551843)
🔴 CLOSE_SHORT: XRPUSDT at 2.20204035 (PnL: -3.2486562184373478)
🟢 OPEN_SHORT: XRPUSDT at 2.21105118 (qty: 2024.5895675173751)
🔴 CLOSE_SHORT: XRPUSDT at 2.18672964 (PnL: 46.8061596410884)
🟢 OPEN_SHORT: XRPUSDT at 2.1859687500000002 (qty: 2088.391864380348)
🔴 CLOSE_SHORT: XRPUSDT at 2.2054427299999997 (PnL: -43.202507159183284)
🟢 OPEN_SHORT: XRPUSDT at 2.1665823300000002 (qty: 2064.8800655928326)
🔴 CLOSE_SHORT: XRPUSDT at 2.17101865 (PnL: -11.626059955419063)
🟢 OPEN_SHORT: XRPUSDT at 2.17957323 (qty: 2039.6467421476762)
🔴 CLOSE_SHORT: XRPUSDT at 2.1887310399999995 (PnL: -21.134028306052016)
🟢 OPEN_SHORT: XRPUSDT at 2.18017281 (qty: 2017.45533458338)
🔴 CLOSE_SHORT: XRPUSDT at 2.18192628 (PnL: -5.9586137528208365)
🟢 OPEN_SHORT: XRPUSDT at 2.16378429 (qty: 2024.991963015867)
🔴 CLOSE_SHORT: XRPUSDT at 2.16311312 (PnL: -1.0500438198836535)
🟢 OPEN_SHORT: XRPUSDT at 2.22733977 (qty: 1964.1035273812981)
🔴 CLOSE_SHORT: XRPUSDT at 2.2287590399999995 (PnL: -5.195225633986354)
🟢 OPEN_SHORT: XRPUSDT at 2.2213439700000004 (qty: 1962.5610927679822)
🔴 CLOSE_SHORT: XRPUSDT at 2.22865897 (PnL: -16.761768054560978)
🟢 OPEN_LONG: XRPUSDT at 2.22775834 (qty: 1939.7095995131854)
🔴 CLOSE_LONG: XRPUSDT at 2.2243418700000004 (PnL: -8.999977158258705)
🟢 OPEN_SHORT: XRPUSDT at 2.2141490100000003 (qty: 1941.3557710444313)
🔴 CLOSE_SHORT: XRPUSDT at 2.21965267 (PnL: -13.054586639205848)
🟢 OPEN_SHORT: XRPUSDT at 2.21534817 (qty: 1926.385002129493)
🔴 CLOSE_SHORT: XRPUSDT at 2.2121474199999995 (PnL: 3.8220806087536823)
🟢 OPEN_SHORT: XRPUSDT at 2.20615461 (qty: 1935.7497684908042)
🔴 CLOSE_SHORT: XRPUSDT at 2.2121474199999995 (PnL: -13.955770690981328)
🟢 OPEN_SHORT: XRPUSDT at 2.1986598600000002 (qty: 1927.5169350557983)
🔴 CLOSE_SHORT: XRPUSDT at 2.2033412599999997 (PnL: -11.359315455565705)
🟢 OPEN_SHORT: XRPUSDT at 2.1839701500000004 (qty: 1927.9447267812943)
🔴 CLOSE_SHORT: XRPUSDT at 2.18743013 (PnL: -8.990134607152969)
🟢 OPEN_LONG: ADAUSDT at 0.47773417999999995 (qty: 41772.234509157366)
🟢 OPEN_SHORT: XRPUSDT at 2.17857393 (qty: 1922.3409296091174)
🔴 CLOSE_SHORT: XRPUSDT at 2.18482831 (PnL: -14.333042349792983)
🟢 OPEN_SHORT: XRPUSDT at 2.20605468 (qty: 1883.3118819618487)
🔴 CLOSE_SHORT: XRPUSDT at 2.2106463699999996 (PnL: -10.937419451775309)
🟢 OPEN_SHORT: XRPUSDT at 2.1940630800000003 (qty: 1881.5520993625178)
🔴 CLOSE_SHORT: XRPUSDT at 2.20634336 (PnL: -25.389229104266377)
🟢 OPEN_SHORT: XRPUSDT at 2.17457673 (qty: 1872.9734442185056)
🔴 CLOSE_SHORT: XRPUSDT at 2.1868297099999996 (PnL: -25.202236838161504)
🟢 OPEN_SHORT: XRPUSDT at 2.1855690300000004 (qty: 1838.4410292978455)
🔴 CLOSE_SHORT: XRPUSDT at 2.19003195 (PnL: -10.41924976426723)
🟢 OPEN_SHORT: XRPUSDT at 2.18187162 (qty: 1829.9800030541671)
🔴 CLOSE_SHORT: XRPUSDT at 2.1864294299999996 (PnL: -10.541318331963712)
🟢 OPEN_LONG: XRPUSDT at 2.18702985 (qty: 1814.0158158290405)
🔴 CLOSE_LONG: XRPUSDT at 2.18277099 (PnL: -9.903409001408072)
🟢 OPEN_SHORT: XRPUSDT at 2.1783740700000003 (qty: 1810.1279924691942)
🔴 CLOSE_SHORT: XRPUSDT at 2.1824266299999997 (PnL: -9.508411641120187)
🟢 OPEN_SHORT: XRPUSDT at 2.1855690300000004 (qty: 1793.4833243054295)
🔴 CLOSE_SHORT: XRPUSDT at 2.1859290799999997 (PnL: -2.8019787151169457)
🟢 OPEN_SHORT: XRPUSDT at 2.20385622 (qty: 1774.102074691068)
🔴 CLOSE_SHORT: XRPUSDT at 2.21094658 (PnL: -14.736367089341314)
🟢 OPEN_SHORT: XRPUSDT at 2.1975606300000003 (qty: 1763.8158659416533)
🔴 CLOSE_SHORT: XRPUSDT at 2.20143993 (PnL: -8.977984960794846)
🟢 OPEN_SHORT: XRPUSDT at 2.19766056 (qty: 1753.625061235577)
🔴 CLOSE_SHORT: XRPUSDT at 2.2028409099999995 (PnL: -11.209017950100693)
🟢 OPEN_SHORT: XRPUSDT at 2.19686112 (qty: 1742.1289418182494)
🔴 CLOSE_SHORT: XRPUSDT at 2.19983881 (PnL: -7.295341500793037)
🟢 OPEN_SHORT: XRPUSDT at 2.1894663 (qty: 1739.4260502815596)
🔴 CLOSE_SHORT: XRPUSDT at 2.1915329999999997 (PnL: -5.6914770927550995)
🟢 OPEN_SHORT: XRPUSDT at 2.19166476 (qty: 1730.5760339267347)
🔴 CLOSE_SHORT: XRPUSDT at 2.19003195 (PnL: 0.7411926105442568)
🟢 OPEN_SHORT: XRPUSDT at 2.1927639900000004 (qty: 1728.4818538633567)
🔴 CLOSE_SHORT: XRPUSDT at 2.1969367799999997 (PnL: -9.301142742054443)
🟢 OPEN_SHORT: XRPUSDT at 2.19666126 (qty: 1715.0488250485723)
🔴 CLOSE_SHORT: XRPUSDT at 2.20224049 (PnL: -11.645974336842524)
🟢 OPEN_SHORT: XRPUSDT at 2.19056553 (qty: 1707.2966746056475)
🔴 CLOSE_SHORT: XRPUSDT at 2.1967366399999997 (PnL: -12.59868021987578)
🟢 OPEN_SHORT: XRPUSDT at 2.03367543 (qty: 1824.594962366043)
🔴 CLOSE_SHORT: XRPUSDT at 2.04182828 (PnL: -16.924679315462853)
🟢 OPEN_LONG: XRPUSDT at 2.00720406 (qty: 1829.7605918032789)
🔴 CLOSE_LONG: XRPUSDT at 2.01308985 (PnL: 8.743676732221184)
🟢 OPEN_SHORT: XRPUSDT at 2.0392715100000003 (qty: 1807.5818991765696)
🔴 CLOSE_SHORT: XRPUSDT at 2.02851897 (PnL: 17.419403879403127)
🟢 OPEN_SHORT: XRPUSDT at 2.02328271 (qty: 1837.081043135764)
🔴 CLOSE_SHORT: XRPUSDT at 2.02371561 (PnL: -2.840023654679103)
🟢 OPEN_SHORT: XRPUSDT at 2.0154881700000002 (qty: 1839.3388220152335)
🔴 CLOSE_SHORT: XRPUSDT at 2.01180728 (PnL: 4.735186498683461)
🟢 OPEN_LONG: XRPUSDT at 2.01821176 (qty: 1839.528537476531)
🔴 CLOSE_LONG: XRPUSDT at 2.0147886600000002 (PnL: -8.335333817014874)
🟢 OPEN_LONG: XRPUSDT at 2.01631043 (qty: 1830.969869861157)
🔴 CLOSE_LONG: XRPUSDT at 2.00449587 (PnL: -23.6506977338938)
🟢 OPEN_SHORT: XRPUSDT at 2.16508338 (qty: 1681.4323641147114)
🔴 CLOSE_SHORT: XRPUSDT at 2.17201935 (PnL: -13.671021431343732)
🟢 OPEN_SHORT: XRPUSDT at 2.15059353 (qty: 1678.18543464297)
🔴 CLOSE_SHORT: XRPUSDT at 2.15140493 (PnL: -3.347430691318942)
🟢 OPEN_SHORT: XRPUSDT at 2.19836007 (qty: 1636.8701021253046)
🔴 CLOSE_SHORT: XRPUSDT at 2.1975372 (PnL: -0.6314643166077676)
🟢 OPEN_SHORT: XRPUSDT at 2.18726784 (qty: 1642.7840272165258)
🔴 CLOSE_SHORT: XRPUSDT at 2.1740207499999995 (PnL: 19.797812249485194)
🟢 OPEN_SHORT: XRPUSDT at 2.1767751900000003 (qty: 1667.076959728413)
🔴 CLOSE_SHORT: XRPUSDT at 2.17942453 (PnL: -6.414951303172685)
🟢 OPEN_SHORT: XRPUSDT at 2.1712790400000004 (qty: 1663.549483814282)
🔴 CLOSE_SHORT: XRPUSDT at 2.17862397 (PnL: -14.211991339546563)
🟢 OPEN_SHORT: XRPUSDT at 2.17777449 (qty: 1643.71147096633)
🔴 CLOSE_SHORT: XRPUSDT at 2.18292698 (PnL: -10.44266308155857)
🟢 OPEN_SHORT: XRPUSDT at 2.20065846 (qty: 1615.339250792368)
🔴 CLOSE_SHORT: XRPUSDT at 2.2073440599999996 (PnL: -12.76059732016343)
🟢 OPEN_SHORT: XRPUSDT at 2.1709792500000002 (qty: 1623.8655907923508)
🔴 CLOSE_SHORT: XRPUSDT at 2.17312012 (PnL: -5.417355370498976)
🟢 OPEN_SHORT: XRPUSDT at 2.1520924800000003 (qty: 1631.2802112042766)
🔴 CLOSE_SHORT: XRPUSDT at 2.15290598 (PnL: -3.258642558780534)
🟢 OPEN_SHORT: XRPUSDT at 2.1343049400000003 (qty: 1640.0125362241463)
🔴 CLOSE_SHORT: XRPUSDT at 2.1299899499999997 (PnL: 5.155372072665476)
🟢 OPEN_SHORT: XRPUSDT at 2.13740277 (qty: 1640.6581555646521)
🔴 CLOSE_SHORT: XRPUSDT at 2.12628736 (PnL: 16.317907184902868)
🟢 OPEN_SHORT: XRPUSDT at 2.0954321700000005 (qty: 1687.2536984491278)
🔴 CLOSE_SHORT: XRPUSDT at 2.0981676899999995 (PnL: -6.562593894385287)
🟢 OPEN_SHORT: XRPUSDT at 2.10302685 (qty: 1673.070133482347)
🔴 CLOSE_SHORT: XRPUSDT at 2.1053727299999996 (PnL: -5.862161693659019)
🟢 OPEN_SHORT: XRPUSDT at 2.0854391700000003 (qty: 1679.7021831642605)
🔴 CLOSE_SHORT: XRPUSDT at 2.0887611099999996 (PnL: -7.509542998456093)
🟢 OPEN_SHORT: XRPUSDT at 2.0641540800000002 (qty: 1687.8800211992873)
🔴 CLOSE_SHORT: XRPUSDT at 2.06894725 (PnL: -10.010969981715862)
🟢 OPEN_SHORT: XRPUSDT at 2.0669521200000003 (qty: 1674.054280207522)
🔴 CLOSE_SHORT: XRPUSDT at 2.06794655 (PnL: -3.56874992316334)
🟢 OPEN_SHORT: XRPUSDT at 2.03967123 (qty: 1691.0795641196635)
🔴 CLOSE_SHORT: XRPUSDT at 2.0346232399999997 (PnL: 6.644162348865359)
🟢 OPEN_SHORT: XRPUSDT at 2.0291785800000004 (qty: 1704.5027590945401)
🔴 CLOSE_SHORT: XRPUSDT at 2.0364245 (PnL: -14.25979078059314)
🟢 OPEN_SHORT: XRPUSDT at 2.0291785800000004 (qty: 1688.5730639869157)
🔴 CLOSE_SHORT: XRPUSDT at 2.03202142 (PnL: -6.687512198614879)
🟢 OPEN_SHORT: XRPUSDT at 2.02228341 (qty: 1685.8528300385651)
🔴 CLOSE_SHORT: XRPUSDT at 2.0272180599999996 (PnL: -10.198768884705084)
🟢 OPEN_LONG: XRPUSDT at 2.02831883 (qty: 1668.9311476185735)
🔴 CLOSE_LONG: XRPUSDT at 2.0270800500000004 (PnL: -3.9281198958348558)
🟢 OPEN_SHORT: XRPUSDT at 2.02997802 (qty: 1661.8626225207165)
🔴 CLOSE_SHORT: XRPUSDT at 2.02991995 (PnL: -1.7588920878977694)
🟢 OPEN_SHORT: XRPUSDT at 2.02538124 (qty: 1662.0653170191686)
🔴 CLOSE_SHORT: XRPUSDT at 2.0266176399999996 (PnL: -3.907581547628218)
🟢 OPEN_SHORT: XRPUSDT at 2.03207655 (qty: 1650.920976449423)
🔴 CLOSE_SHORT: XRPUSDT at 2.03222156 (PnL: -2.084670512002789)
🟢 OPEN_SHORT: XRPUSDT at 2.03207655 (qty: 1647.053199614753)
🔴 CLOSE_SHORT: XRPUSDT at 2.0348233799999997 (PnL: -6.367479437570973)
🟢 OPEN_SHORT: XRPUSDT at 2.03247627 (qty: 1638.65214163735)
🔴 CLOSE_SHORT: XRPUSDT at 2.02791855 (PnL: 5.640838447720741)
🟢 OPEN_SHORT: XRPUSDT at 2.02967823 (qty: 1644.6644825106678)
🔴 CLOSE_SHORT: XRPUSDT at 2.03412289 (PnL: -9.14997175747039)
🟢 OPEN_SHORT: XRPUSDT at 2.01788649 (qty: 1643.3866895187805)
🔴 CLOSE_SHORT: XRPUSDT at 2.0243160299999996 (PnL: -12.395924166222784)
🟢 OPEN_SHORT: XRPUSDT at 2.08703805 (qty: 1575.3082056720864)
🔴 CLOSE_SHORT: XRPUSDT at 2.0918632799999997 (PnL: -9.413655577825262)
🟢 OPEN_SHORT: XRPUSDT at 2.04146997 (qty: 1599.4770442677327)
🔴 CLOSE_SHORT: XRPUSDT at 2.04402982 (PnL: -5.8925796379574145)
🟢 OPEN_SHORT: XRPUSDT at 2.0335755000000004 (qty: 1598.1247716212438)
🔴 CLOSE_SHORT: XRPUSDT at 2.0384258999999996 (PnL: -9.543256801517693)
🟢 OPEN_SHORT: XRPUSDT at 2.04007095 (qty: 1581.9282999884683)
🔴 CLOSE_SHORT: XRPUSDT at 2.0466316399999998 (PnL: -12.15923465948317)
🟢 OPEN_LONG: XRPUSDT at 2.06824676 (qty: 1546.90319926025)
🔴 CLOSE_LONG: XRPUSDT at 2.06095632 (PnL: -13.031059918734252)
🟢 OPEN_SHORT: XRPUSDT at 2.08443987 (qty: 1520.6944275074115)
🔴 CLOSE_SHORT: XRPUSDT at 2.0844581 (PnL: -1.7711253587866123)
🟢 OPEN_SHORT: XRPUSDT at 2.07484659 (qty: 1524.3377913358972)
🔴 CLOSE_SHORT: XRPUSDT at 2.07975481 (PnL: -9.225422103668121)
🟢 OPEN_SHORT: XRPUSDT at 2.07814428 (qty: 1511.3662754825084)
🔴 CLOSE_SHORT: XRPUSDT at 2.0758520799999998 (PnL: 1.7387987220302386)
🟢 OPEN_SHORT: XRPUSDT at 2.07464673 (qty: 1513.9251475958768)
🔴 CLOSE_SHORT: XRPUSDT at 2.08015509 (PnL: -10.071304231918852)
🟢 OPEN_SHORT: XRPUSDT at 2.06595282 (qty: 1508.873906722662)
🔴 CLOSE_SHORT: XRPUSDT at 2.06624536 (PnL: -2.1561430123972496)
🟢 OPEN_SHORT: XRPUSDT at 2.0554601700000004 (qty: 1512.8101597125)
🔴 CLOSE_SHORT: XRPUSDT at 2.0575392699999995 (PnL: -4.857250074471808)
🟢 OPEN_SHORT: XRPUSDT at 2.05376136 (qty: 1507.6659416654823)
🔴 CLOSE_SHORT: XRPUSDT at 2.0550375199999995 (PnL: -3.628093510876557)
🟢 OPEN_SHORT: XRPUSDT at 2.08473966 (qty: 1480.14829012202)
🔴 CLOSE_SHORT: XRPUSDT at 2.0717492099999997 (PnL: 17.541219527507174)
🟢 OPEN_SHORT: XRPUSDT at 2.08903665 (qty: 1492.272519932176)
🔴 CLOSE_SHORT: XRPUSDT at 2.08906132 (PnL: -1.7514112032254)
🟢 OPEN_SHORT: XRPUSDT at 2.088537 (qty: 1489.3104648542)
🔴 CLOSE_SHORT: XRPUSDT at 2.09276391 (PnL: -8.009407652394367)
🟢 OPEN_SHORT: XRPUSDT at 2.07614568 (qty: 1488.8356326802154)
🔴 CLOSE_SHORT: XRPUSDT at 2.07955467 (PnL: -6.778289084491351)
🟢 OPEN_SHORT: XRPUSDT at 2.0522624100000004 (qty: 1497.8995523366798)
🔴 CLOSE_SHORT: XRPUSDT at 2.05303612 (PnL: -2.850322899430941)
🟢 OPEN_SHORT: XRPUSDT at 2.00909265 (qty: 1525.5646911941922)
🔴 CLOSE_SHORT: XRPUSDT at 2.01070651 (PnL: -4.1491524033362746)
🟢 OPEN_SHORT: XRPUSDT at 2.0065944 (qty: 1521.648322392446)
🔴 CLOSE_SHORT: XRPUSDT at 2.0110067199999997 (PnL: -8.397024076852533)
🟢 OPEN_SHORT: XRPUSDT at 2.03367543 (qty: 1491.476095684376)
🔴 CLOSE_SHORT: XRPUSDT at 2.03202142 (PnL: 0.8000251214064793)
🟢 OPEN_SHORT: XRPUSDT at 2.0309773200000003 (qty: 1492.6025093914923)
🔴 CLOSE_SHORT: XRPUSDT at 2.03412289 (PnL: -6.3649609869795665)
🟢 OPEN_SHORT: XRPUSDT at 2.03227641 (qty: 1483.743708045356)
🔴 CLOSE_SHORT: XRPUSDT at 2.0363244299999996 (PnL: -7.667985163344349)
🟢 OPEN_SHORT: XRPUSDT at 2.02927851 (qty: 1476.743796468728)
🔴 CLOSE_SHORT: XRPUSDT at 2.02871911 (PnL: -0.8216536185136165)
🟢 OPEN_SHORT: XRPUSDT at 2.03037774 (qty: 1473.511400305605)
🔴 CLOSE_SHORT: XRPUSDT at 2.03622436 (PnL: -10.265281117676459)
🟢 OPEN_SHORT: XRPUSDT at 1.98720798 (qty: 1493.5342708114126)
🔴 CLOSE_SHORT: XRPUSDT at 1.9953957999999998 (PnL: -13.867895379358107)
🟢 OPEN_SHORT: XRPUSDT at 2.0025972000000003 (qty: 1466.576838845916)
🔴 CLOSE_SHORT: XRPUSDT at 2.00400182 (PnL: -3.6764456191987613)
🟢 OPEN_SHORT: XRPUSDT at 2.0047956600000005 (qty: 1459.6894732309613)
🔴 CLOSE_SHORT: XRPUSDT at 2.00820476 (PnL: -6.588472824736146)
🟢 OPEN_LONG: XRPUSDT at 2.0319213499999997 (qty: 1432.1337576371577)
🔴 CLOSE_LONG: XRPUSDT at 2.0275797 (PnL: -7.814894462913413)
🟢 OPEN_SHORT: XRPUSDT at 2.0306775299999997 (qty: 1423.7378141466152)
🔴 CLOSE_SHORT: XRPUSDT at 2.03802562 (PnL: -12.05764137251944)
🟢 OPEN_SHORT: XRPUSDT at 2.0341750800000002 (qty: 1407.8713605257626)
🔴 CLOSE_SHORT: XRPUSDT at 2.03412289 (PnL: -1.501604042035174)
🟢 OPEN_SHORT: XRPUSDT at 2.0177865600000002 (qty: 1416.2565275595732)
🔴 CLOSE_SHORT: XRPUSDT at 2.0201130899999997 (PnL: -4.868512391629029)
🟢 OPEN_SHORT: XRPUSDT at 2.01368943 (qty: 1412.74163032836)
🔴 CLOSE_SHORT: XRPUSDT at 2.01601022 (PnL: -4.8451325089788035)
🟢 OPEN_SHORT: XRPUSDT at 2.00449587 (qty: 1412.8257186771264)
🔴 CLOSE_SHORT: XRPUSDT at 2.00220056 (PnL: 1.6870547555221063)
🟢 OPEN_SHORT: XRPUSDT at 1.98720798 (qty: 1425.2470060930673)
🔴 CLOSE_SHORT: XRPUSDT at 1.9943951 (PnL: -11.806799367314518)
🟢 OPEN_SHORT: XRPUSDT at 1.97871393 (qty: 1417.8568686774365)
🔴 CLOSE_SHORT: XRPUSDT at 1.9780836899999998 (PnL: -0.6489616377613316)
🟢 OPEN_SHORT: XRPUSDT at 1.9949025900000001 (qty: 1404.1533361647657)
🔴 CLOSE_SHORT: XRPUSDT at 1.9981977599999998 (PnL: -6.170100776791132)
🟢 OPEN_SHORT: XRPUSDT at 1.9649235900000002 (qty: 1417.7282392333932)
🔴 CLOSE_SHORT: XRPUSDT at 1.9690773899999998 (PnL: -7.424348701698618)
🟢 OPEN_SHORT: XRPUSDT at 1.9736175000000002 (qty: 1402.4068309324537)
🔴 CLOSE_SHORT: XRPUSDT at 1.93395282 (PnL: 54.134314423742204)
🟢 OPEN_SHORT: XRPUSDT at 1.9317468300000002 (qty: 1487.2749636479637)
🔴 CLOSE_SHORT: XRPUSDT at 1.92374568 (PnL: 10.326283742932958)
🟢 OPEN_SHORT: XRPUSDT at 1.8909753900000001 (qty: 1528.592564753137)
🔴 CLOSE_SHORT: XRPUSDT at 1.9021305599999998 (PnL: -18.650880367719875)
🟢 OPEN_SHORT: XRPUSDT at 1.8889767900000003 (qty: 1508.7795634250874)
🔴 CLOSE_SHORT: XRPUSDT at 1.89602629 (PnL: -12.209518677302492)
🟢 OPEN_SHORT: XRPUSDT at 1.89437301 (qty: 1489.9364960058904)
🔴 CLOSE_SHORT: XRPUSDT at 1.8970269899999999 (PnL: -5.508809022139526)
🟢 OPEN_SHORT: XRPUSDT at 1.88817735 (qty: 1487.3460491251712)
🔴 CLOSE_SHORT: XRPUSDT at 1.8787141799999998 (PnL: 12.538144549518151)
🟢 OPEN_SHORT: XRPUSDT at 1.8745868700000001 (qty: 1509.858116223469)
🔴 CLOSE_SHORT: XRPUSDT at 1.8691074599999997 (PnL: 6.720983772900494)
🟢 OPEN_SHORT: XRPUSDT at 1.8689907900000002 (qty: 1519.905173829658)
🔴 CLOSE_SHORT: XRPUSDT at 1.8729101199999998 (PnL: -7.522665124773376)
🟢 OPEN_SHORT: XRPUSDT at 1.87048974 (qty: 1508.973090471339)
🔴 CLOSE_SHORT: XRPUSDT at 1.8737106799999999 (PnL: -6.415370233519326)
🟢 OPEN_LONG: XRPUSDT at 1.88161621 (qty: 1491.5810980623125)
🔴 CLOSE_LONG: XRPUSDT at 1.8788838600000002 (PnL: -5.6169008213569995)
🟢 OPEN_SHORT: XRPUSDT at 1.8772849800000002 (qty: 1487.39384763577)
🔴 CLOSE_SHORT: XRPUSDT at 1.8797148799999999 (PnL: -5.151950301671414)
🟢 OPEN_SHORT: XRPUSDT at 1.9246518000000001 (qty: 1443.8386936095196)
🔴 CLOSE_SHORT: XRPUSDT at 1.9319514199999999 (PnL: -12.07365822254895)
🟢 OPEN_SHORT: XRPUSDT at 1.9222534800000002 (qty: 1431.4879267148044)
🔴 CLOSE_SHORT: XRPUSDT at 1.9288492499999998 (PnL: -10.960383549992578)
🟢 OPEN_SHORT: XRPUSDT at 1.92425208 (qty: 1417.0362911557534)
🔴 CLOSE_SHORT: XRPUSDT at 1.9296498099999997 (PnL: -9.15269039535515)
🟢 OPEN_SHORT: XRPUSDT at 1.9236525000000002 (qty: 1406.4027891562946)
🔴 CLOSE_SHORT: XRPUSDT at 1.93005009 (PnL: -10.490523726261086)
🟢 OPEN_SHORT: XRPUSDT at 1.9175567700000002 (qty: 1398.3800962771165)
🔴 CLOSE_SHORT: XRPUSDT at 1.9202432299999999 (PnL: -5.233568645507666)
🟢 OPEN_SHORT: XRPUSDT at 1.9176567000000002 (qty: 1391.3107923935115)
🔴 CLOSE_SHORT: XRPUSDT at 1.92414596 (PnL: -10.500974244805732)
🟢 OPEN_SHORT: XRPUSDT at 1.90406622 (qty: 1388.6700076098148)
🔴 CLOSE_SHORT: XRPUSDT at 1.9056330099999998 (PnL: -3.631216754796747)
🟢 OPEN_SHORT: XRPUSDT at 1.8613961100000003 (qty: 1415.0393207225368)
🔴 CLOSE_SHORT: XRPUSDT at 1.87551194 (PnL: -21.43411222250594)
🟢 OPEN_SHORT: XRPUSDT at 1.8613961100000003 (qty: 1390.4526313258284)
🔴 CLOSE_SHORT: XRPUSDT at 1.8622026299999999 (PnL: -2.5455453570362927)
🟢 OPEN_LONG: XRPUSDT at 1.8647043799999998 (qty: 1383.7287318132985)
🔴 CLOSE_LONG: XRPUSDT at 1.8610963200000001 (PnL: -6.40896513596666)
🟢 OPEN_SHORT: XRPUSDT at 1.8390117900000003 (qty: 1394.5472460198341)
🔴 CLOSE_SHORT: XRPUSDT at 1.8428891199999997 (PnL: -6.820617644268079)
🟢 OPEN_SHORT: XRPUSDT at 1.86819135 (qty: 1363.9537214130253)
🔴 CLOSE_SHORT: XRPUSDT at 1.86390382 (PnL: 4.449739295765317)
🟢 OPEN_SHORT: XRPUSDT at 1.81712712 (qty: 1405.6380841077905)
🔴 CLOSE_SHORT: XRPUSDT at 1.8203733699999998 (PnL: -5.9703850054266585)
🟢 OPEN_SHORT: XRPUSDT at 1.8207246000000001 (qty: 1394.7593546736034)
🔴 CLOSE_SHORT: XRPUSDT at 1.82497659 (PnL: -7.330474572507841)
🟢 OPEN_SHORT: XRPUSDT at 1.8894764400000001 (qty: 1334.770969176203)
🔴 CLOSE_SHORT: XRPUSDT at 1.8906225099999998 (PnL: -2.9176923866538)
🟢 OPEN_LONG: XRPUSDT at 1.9090353899999999 (qty: 1316.585699415516)
🔴 CLOSE_LONG: XRPUSDT at 1.90246734 (PnL: -10.025019414442843)
🟢 OPEN_SHORT: XRPUSDT at 1.9114610400000003 (qty: 1302.9791628709725)
🔴 CLOSE_SHORT: XRPUSDT at 1.91383875 (PnL: -4.469637192139387)
🟢 OPEN_SHORT: XRPUSDT at 1.928649 (qty: 1285.3116238771556)
🔴 CLOSE_SHORT: XRPUSDT at 1.9248464499999998 (PnL: 3.526746581374432)
🟢 OPEN_SHORT: XRPUSDT at 1.9268502600000001 (qty: 1288.756950301838)
🔴 CLOSE_SHORT: XRPUSDT at 1.93385275 (PnL: -10.395254051751492)
🟢 OPEN_SHORT: XRPUSDT at 1.9235525700000002 (qty: 1278.7379088012988)
🔴 CLOSE_SHORT: XRPUSDT at 1.92694792 (PnL: -5.696996503122485)
🟢 OPEN_SHORT: XRPUSDT at 1.9236525000000002 (qty: 1271.3418386507035)
🔴 CLOSE_SHORT: XRPUSDT at 1.9243461 (PnL: -2.2273786392236667)
🟢 OPEN_SHORT: XRPUSDT at 1.9210543200000003 (qty: 1269.3420179288114)
🔴 CLOSE_SHORT: XRPUSDT at 1.9247463799999998 (PnL: -6.030225690408245)
🟢 OPEN_SHORT: XRPUSDT at 1.9254512400000001 (qty: 1258.7865861796781)
🔴 CLOSE_SHORT: XRPUSDT at 1.9295497399999997 (PnL: -6.495027055000024)
🟢 OPEN_SHORT: XRPUSDT at 1.9246518000000001 (qty: 1251.174905368569)
🔴 CLOSE_SHORT: XRPUSDT at 1.93285205 (PnL: -11.590031807160962)
🟢 OPEN_SHORT: XRPUSDT at 1.9356441000000002 (qty: 1230.7257757151897)
🔴 CLOSE_SHORT: XRPUSDT at 1.9370549899999998 (PnL: -3.047609617542224)
🟢 OPEN_SHORT: XRPUSDT at 1.9096623000000001 (qty: 1242.90634812805)
🔴 CLOSE_SHORT: XRPUSDT at 1.9080346899999998 (PnL: 0.7186371655198669)
🟢 OPEN_SHORT: XRPUSDT at 1.9049655900000002 (qty: 1245.3546655647808)
🔴 CLOSE_SHORT: XRPUSDT at 1.90423203 (PnL: -0.390751965111112)
🟢 OPEN_SHORT: XRPUSDT at 1.90616475 (qty: 1242.7922023806495)
🔴 CLOSE_SHORT: XRPUSDT at 1.90653364 (PnL: -1.7616374432886222)
🟢 OPEN_SHORT: XRPUSDT at 1.9066644000000001 (qty: 1239.2519362661615)
🔴 CLOSE_SHORT: XRPUSDT at 1.9103363 (PnL: -5.852472562057512)
🟢 OPEN_SHORT: XRPUSDT at 1.9160578200000002 (qty: 1225.7111756059599)
🔴 CLOSE_SHORT: XRPUSDT at 1.9187421799999997 (PnL: -4.583753104571896)
🟢 OPEN_SHORT: XRPUSDT at 1.9173569100000003 (qty: 1218.7520110904327)
🔴 CLOSE_SHORT: XRPUSDT at 1.9250465899999998 (PnL: -10.662197886294145)
🟢 OPEN_SHORT: XRPUSDT at 1.9311472500000002 (qty: 1197.6754923370077)
🔴 CLOSE_SHORT: XRPUSDT at 1.93615436 (PnL: -7.27227947892966)
🟢 OPEN_SHORT: XRPUSDT at 1.9320466200000002 (qty: 1188.2730852293857)
🔴 CLOSE_SHORT: XRPUSDT at 1.9367547799999998 (PnL: -6.860346276722991)
🟢 OPEN_SHORT: XRPUSDT at 1.8984701400000001 (qty: 1200.731514535808)
🔴 CLOSE_SHORT: XRPUSDT at 1.90363161 (PnL: -7.4547024467373175)
🟢 OPEN_SHORT: XRPUSDT at 1.90056867 (qty: 1190.2416624549462)
🔴 CLOSE_SHORT: XRPUSDT at 1.9012299299999997 (PnL: -2.031666891640455)
🟢 OPEN_SHORT: XRPUSDT at 1.8796833000000002 (qty: 1199.9810446752122)
🔴 CLOSE_SHORT: XRPUSDT at 1.8871200599999998 (PnL: -10.169450599362841)
🟢 OPEN_SHORT: XRPUSDT at 1.87998309 (qty: 1187.6512602200355)
🔴 CLOSE_SHORT: XRPUSDT at 1.88341747 (PnL: -5.309109457545567)
🟢 OPEN_SHORT: XRPUSDT at 1.8816819000000002 (qty: 1179.630853865961)
🔴 CLOSE_SHORT: XRPUSDT at 1.8846183099999998 (PnL: -4.686614484030221)
🟢 OPEN_SHORT: XRPUSDT at 1.8770851200000003 (qty: 1176.2253692597708)
🔴 CLOSE_SHORT: XRPUSDT at 1.8819164199999998 (PnL: -6.900154436320977)
🟢 OPEN_SHORT: XRPUSDT at 1.8817818300000002 (qty: 1164.6653889091522)
🔴 CLOSE_SHORT: XRPUSDT at 1.8826169099999999 (PnL: -2.178529088578506)
🟢 OPEN_SHORT: XRPUSDT at 1.8810823200000002 (qty: 1161.500629020009)
🔴 CLOSE_SHORT: XRPUSDT at 1.88061551 (PnL: -0.6591847451622473)
🟢 OPEN_SHORT: XRPUSDT at 1.85410122 (qty: 1176.3956243448083)
🔴 CLOSE_SHORT: XRPUSDT at 1.8588002499999998 (PnL: -6.73059479501185)
🟢 OPEN_SHORT: XRPUSDT at 1.8589977900000003 (qty: 1164.765290276012)
🔴 CLOSE_SHORT: XRPUSDT at 1.8623026999999999 (PnL: -5.042474505206586)
🟢 OPEN_SHORT: XRPUSDT at 1.84400829 (qty: 1167.4726938298463)
🔴 CLOSE_SHORT: XRPUSDT at 1.8465917099999998 (PnL: -4.201787275636176)
🟢 OPEN_SHORT: XRPUSDT at 1.8477057000000001 (qty: 1159.306722364529)
🔴 CLOSE_SHORT: XRPUSDT at 1.85749934 (PnL: -12.538208997825265)
🟢 OPEN_SHORT: XRPUSDT at 1.8636945 (qty: 1134.641411219878)
🔴 CLOSE_SHORT: XRPUSDT at 1.8682068299999999 (PnL: -6.285736137812611)
🟢 OPEN_SHORT: XRPUSDT at 1.8609963900000002 (qty: 1128.2812847551006)
🔴 CLOSE_SHORT: XRPUSDT at 1.8653047999999999 (PnL: -6.018622042963513)
🟢 OPEN_SHORT: XRPUSDT at 1.8712891800000002 (qty: 1114.4084387909843)
🔴 CLOSE_SHORT: XRPUSDT at 1.8735105399999998 (PnL: -3.6238231053592336)
🟢 OPEN_SHORT: XRPUSDT at 1.8596973 (qty: 1116.2240698529622)
🔴 CLOSE_SHORT: XRPUSDT at 1.8620024899999998 (PnL: -3.7162351621893364)
🟢 OPEN_SHORT: XRPUSDT at 1.8692905800000001 (qty: 1105.2979231288837)
🔴 CLOSE_SHORT: XRPUSDT at 1.8730101899999998 (PnL: -5.2499060580024715)
🟢 OPEN_SHORT: XRPUSDT at 1.83381543 (qty: 1119.7148932196515)
🔴 CLOSE_SHORT: XRPUSDT at 1.8333824699999999 (PnL: -0.64428435097621)
🟢 OPEN_SHORT: XRPUSDT at 1.8663926100000001 (qty: 1098.270097732447)
🔴 CLOSE_SHORT: XRPUSDT at 1.87150914 (PnL: -6.749814292502995)
🟢 OPEN_SHORT: XRPUSDT at 1.84700619 (qty: 1101.2679833483464)
🔴 CLOSE_SHORT: XRPUSDT at 1.84849304 (PnL: -2.757047712358128)
🟢 OPEN_SHORT: XRPUSDT at 1.8457071 (qty: 1097.8433322427968)
🔴 CLOSE_SHORT: XRPUSDT at 1.84949374 (PnL: -5.273887379369898)
🟢 OPEN_SHORT: XRPUSDT at 1.8649935900000003 (qty: 1079.6393843332924)
🔴 CLOSE_SHORT: XRPUSDT at 1.8689073199999997 (PnL: -5.335177319233512)
🟢 OPEN_SHORT: XRPUSDT at 1.8670921200000001 (qty: 1071.5246894568081)
🔴 CLOSE_SHORT: XRPUSDT at 1.87170928 (PnL: -6.050471422925153)
🟢 OPEN_SHORT: XRPUSDT at 1.8668922600000002 (qty: 1063.9787335075887)
🔴 CLOSE_SHORT: XRPUSDT at 1.8712089299999997 (PnL: -5.687854658677855)
🟢 OPEN_SHORT: XRPUSDT at 1.8666924000000003 (qty: 1056.8281019647118)
🔴 CLOSE_SHORT: XRPUSDT at 1.8546973799999997 (PnL: 11.59862124812593)
🟢 OPEN_SHORT: XRPUSDT at 1.8592975800000002 (qty: 1072.3405439249477)
🔴 CLOSE_SHORT: XRPUSDT at 1.85779955 (PnL: 0.5106917260433816)
🟢 OPEN_SHORT: XRPUSDT at 1.8983702100000002 (qty: 1049.6521547878385)
🔴 CLOSE_SHORT: XRPUSDT at 1.9014300699999998 (PnL: -4.309500735933316)
🟢 OPEN_SHORT: XRPUSDT at 1.90026888 (qty: 1042.9142473879867)
🔴 CLOSE_SHORT: XRPUSDT at 1.90403189 (PnL: -5.016654834122505)
🟢 OPEN_SHORT: XRPUSDT at 1.87618575 (qty: 1049.7916743659762)
🔴 CLOSE_SHORT: XRPUSDT at 1.8800150899999999 (PnL: -5.10550255435681)
🟢 OPEN_SHORT: XRPUSDT at 1.8647937300000001 (qty: 1049.5673482382774)
🔴 CLOSE_SHORT: XRPUSDT at 1.8677064799999998 (PnL: -4.13528334920629)
🟢 OPEN_SHORT: XRPUSDT at 1.8625952700000001 (qty: 1045.2099420599327)
🔴 CLOSE_SHORT: XRPUSDT at 1.86380375 (PnL: -2.3345517260321476)
🟢 OPEN_SHORT: XRPUSDT at 1.8629949900000002 (qty: 1041.3299648122463)
🔴 CLOSE_SHORT: XRPUSDT at 1.86600529 (PnL: -4.203435565710322)
🟢 OPEN_SHORT: XRPUSDT at 1.8513031800000002 (qty: 1042.212677716328)
🔴 CLOSE_SHORT: XRPUSDT at 1.85399689 (PnL: -3.870161196853531)
🟢 OPEN_SHORT: XRPUSDT at 1.8485051400000003 (qty: 1038.4547404016894)
🔴 CLOSE_SHORT: XRPUSDT at 1.85119493 (PnL: -3.8505353589409657)
🟢 OPEN_SHORT: XRPUSDT at 1.8607965300000002 (qty: 1026.3219411496873)
🔴 CLOSE_SHORT: XRPUSDT at 1.8729101199999998 (PnL: -13.489658015567503)
🟢 OPEN_LONG: XRPUSDT at 1.87210956 (qty: 1004.5866315567678)
🔴 CLOSE_LONG: XRPUSDT at 1.8772849800000002 (PnL: 4.161915277700119)
🟢 OPEN_SHORT: XRPUSDT at 1.8707895300000001 (qty: 1008.6390110813678)
🔴 CLOSE_SHORT: XRPUSDT at 1.87801369 (PnL: -8.328400427386764)
🟢 OPEN_SHORT: ADAUSDT at 0.49175553 (qty: 3799.0805191233408)
🔴 CLOSE_SHORT: ADAUSDT at 0.49074327999999995 (PnL: 2.8202139762665035)
🟢 OPEN_SHORT: ADAUSDT at 0.4944536400000001 (qty: 3785.6010958015722)
🔴 CLOSE_SHORT: ADAUSDT at 0.49434579999999995 (PnL: -0.6210285790299385)
🟢 OPEN_SHORT: ADAUSDT at 0.49405392000000004 (qty: 3781.9823382506247)
🔴 CLOSE_SHORT: ADAUSDT at 0.47823452999999994 (PnL: 58.833882581598054)
🟢 OPEN_SHORT: ADAUSDT at 0.48326148 (qty: 4105.677140307407)
🔴 CLOSE_SHORT: ADAUSDT at 0.49454593999999996 (PnL: -47.44709474109249)
🟢 OPEN_SHORT: ADAUSDT at 0.47686596000000003 (qty: 3957.1683719521498)
🔴 CLOSE_SHORT: ADAUSDT at 0.47923522999999996 (PnL: -10.418628280799433)
🟢 OPEN_SHORT: ADAUSDT at 0.46407492 (qty: 4016.864120187673)
🔴 CLOSE_SHORT: ADAUSDT at 0.46072227999999993 (PnL: 12.449236986159612)
🟢 OPEN_SHORT: ADAUSDT at 0.46197639 (qty: 4084.567678262808)
🔴 CLOSE_SHORT: ADAUSDT at 0.46462500999999995 (PnL: -11.862253408097367)
🟢 OPEN_SHORT: ADAUSDT at 0.47676603000000006 (qty: 3903.746356854635)
🔴 CLOSE_SHORT: ADAUSDT at 0.47963551 (PnL: -12.23152855219628)
🟢 OPEN_SHORT: ADAUSDT at 0.47446764 (qty: 3866.782789574905)
🔴 CLOSE_SHORT: ADAUSDT at 0.47753404 (PnL: -12.872688969971865)
🟢 OPEN_SHORT: ADAUSDT at 0.47216925 (qty: 3826.8053181931223)
🔴 CLOSE_SHORT: ADAUSDT at 0.47453194 (PnL: -10.040322400646184)
🟢 OPEN_SHORT: ADAUSDT at 0.47456757000000005 (qty: 3760.9640338661807)
🔴 CLOSE_SHORT: ADAUSDT at 0.47383144999999993 (PnL: 1.788386171749452)
🟢 OPEN_SHORT: ADAUSDT at 0.46097709000000003 (qty: 3875.3444776054057)
🔴 CLOSE_SHORT: ADAUSDT at 0.46282375 (PnL: -8.142924438031502)
🟢 OPEN_SHORT: ADAUSDT at 0.46657317000000004 (qty: 3789.746593521481)
🔴 CLOSE_SHORT: ADAUSDT at 0.46842766999999996 (PnL: -8.004457249366842)
🟢 OPEN_SHORT: ADAUSDT at 0.46707282 (qty: 3747.253273370687)
🔴 CLOSE_SHORT: ADAUSDT at 0.46762710999999996 (PnL: -3.0408394871618842)
🟢 OPEN_SHORT: ADAUSDT at 0.46677303000000003 (qty: 3732.5061615152676)
🔴 CLOSE_SHORT: ADAUSDT at 0.4657257799999999 (PnL: 2.9527886887626997)
🟢 OPEN_SHORT: ADAUSDT at 0.4671727500000001 (qty: 3737.851429369807)
🔴 CLOSE_SHORT: ADAUSDT at 0.46312395999999995 (PnL: 14.181676782994915)
🟢 OPEN_SHORT: ADAUSDT at 0.43359627000000006 (qty: 4088.2843396037897)
🔴 CLOSE_SHORT: ADAUSDT at 0.43540456999999994 (PnL: -8.371876298012625)
🟢 OPEN_SHORT: ADAUSDT at 0.41400999000000005 (qty: 4236.54307576299)
🔴 CLOSE_SHORT: ADAUSDT at 0.40598398999999996 (PnL: 33.05651196213631)
🟢 OPEN_SHORT: ADAUSDT at 0.40441671 (qty: 4495.746014261915)
🔴 CLOSE_SHORT: ADAUSDT at 0.4062842 (PnL: -9.40036353921803)
🟢 OPEN_LONG: ADAUSDT at 0.40608405999999997 (qty: 4426.064186591528)
🔴 CLOSE_LONG: ADAUSDT at 0.40501629 (PnL: -5.7119640094020365)
🟢 OPEN_SHORT: ADAUSDT at 0.41181153000000004 (qty: 4331.964909206643)
🔴 CLOSE_SHORT: ADAUSDT at 0.41228839999999994 (PnL: -3.048094490953093)
🟢 OPEN_SHORT: ADAUSDT at 0.40581573000000004 (qty: 4376.110703687845)
🔴 CLOSE_SHORT: ADAUSDT at 0.40878594999999995 (PnL: -13.98190244852904)
🟢 OPEN_SHORT: ADAUSDT at 0.40771440000000003 (qty: 4282.3537036344715)
🔴 CLOSE_SHORT: ADAUSDT at 0.40808545999999996 (PnL: -2.550171619836985)
🟢 OPEN_SHORT: ADAUSDT at 0.40301769000000004 (qty: 4314.838767071154)
🔴 CLOSE_SHORT: ADAUSDT at 0.40378245 (PnL: -4.2580569883028625)
🟢 OPEN_SHORT: ADAUSDT at 0.40371720000000005 (qty: 4281.5302064489315)
🔴 CLOSE_SHORT: ADAUSDT at 0.40138077 (PnL: 9.058307480180213)
🟢 OPEN_SHORT: ADAUSDT at 0.40101909 (qty: 4350.771983194145)
🔴 CLOSE_SHORT: ADAUSDT at 0.4032821 (PnL: -10.810864159790018)
🟢 OPEN_SHORT: ADAUSDT at 0.39502329 (qty: 4357.2156879529075)
🔴 CLOSE_SHORT: ADAUSDT at 0.39607706 (PnL: -5.54068942420258)
🟢 OPEN_SHORT: ADAUSDT at 0.39852084000000004 (qty: 4286.418184811742)
🔴 CLOSE_SHORT: ADAUSDT at 0.39887902 (PnL: -2.4756785221129083)
🟢 OPEN_SHORT: ADAUSDT at 0.40441671 (qty: 4207.038252413116)
🔴 CLOSE_SHORT: ADAUSDT at 0.4052835 (PnL: -4.58439243997372)
🟢 OPEN_SHORT: ADAUSDT at 0.40821405 (qty: 4140.857591205742)
🔴 CLOSE_SHORT: ADAUSDT at 0.40868587999999995 (PnL: -2.8845513529975313)
🟢 OPEN_SHORT: ADAUSDT at 0.40891356000000006 (qty: 4115.118493993647)
🔴 CLOSE_SHORT: ADAUSDT at 0.41008685999999994 (PnL: -5.756424340953622)
🟢 OPEN_SHORT: ADAUSDT at 0.40811412 (qty: 4090.4340775818982)
🔴 CLOSE_SHORT: ADAUSDT at 0.40948643999999995 (PnL: -6.534622002012924)
🟢 OPEN_SHORT: ADAUSDT at 0.409713 (qty: 4038.0909556004863)
🔴 CLOSE_SHORT: ADAUSDT at 0.40918622999999993 (PnL: 1.2183630046963385)
🟢 OPEN_SHORT: ADAUSDT at 0.40891356000000006 (qty: 4047.494002169233)
🔴 CLOSE_SHORT: ADAUSDT at 0.41078734999999994 (PnL: -8.498616420734779)
🟢 OPEN_SHORT: ADAUSDT at 0.4147095 (qty: 3945.5507191529337)
🔴 CLOSE_SHORT: ADAUSDT at 0.41729189999999994 (PnL: -11.09453567301819)
🟢 OPEN_SHORT: ADAUSDT at 0.41450964 (qty: 3889.5800143899073)
🔴 CLOSE_SHORT: ADAUSDT at 0.40678454999999997 (PnL: 29.17713409265008)
🟢 OPEN_SHORT: ADAUSDT at 0.40741461000000007 (qty: 4096.193763028236)
🔴 CLOSE_SHORT: ADAUSDT at 0.40838567 (PnL: -4.8977046744261)
🟢 OPEN_SHORT: ADAUSDT at 0.4098129300000001 (qty: 4043.840298052155)
🔴 CLOSE_SHORT: ADAUSDT at 0.41018692999999995 (PnL: -2.4246980119685624)
🟢 OPEN_SHORT: ADAUSDT at 0.41051244000000003 (qty: 4020.69595047548)
🔴 CLOSE_SHORT: ADAUSDT at 0.41158790999999995 (PnL: -5.234316287508426)
🟢 OPEN_SHORT: ADAUSDT at 0.41650824000000003 (qty: 3933.323077298879)
🔴 CLOSE_SHORT: ADAUSDT at 0.41889302 (PnL: -10.286313078647705)
🟢 OPEN_SHORT: ADAUSDT at 0.43069830000000003 (qty: 3751.7834607203067)
🔴 CLOSE_SHORT: ADAUSDT at 0.43050114 (PnL: -0.14862925416455408)
🟢 OPEN_SHORT: ADAUSDT at 0.42500229000000006 (qty: 3797.184303542633)
🔴 CLOSE_SHORT: ADAUSDT at 0.42579785 (PnL: -3.910146046402274)
🟢 OPEN_SHORT: ADAUSDT at 0.42510222000000003 (qty: 3773.7195050118685)
🔴 CLOSE_SHORT: ADAUSDT at 0.42479714999999996 (PnL: 0.2695626995486008)
🟢 OPEN_SHORT: ADAUSDT at 0.4157088 (qty: 3856.0430436973525)
🔴 CLOSE_SHORT: ADAUSDT at 0.41589092 (PnL: -1.5842938680697827)
🟢 OPEN_SHORT: ADAUSDT at 0.41600859 (qty: 3841.4090165266985)
🔴 CLOSE_SHORT: ADAUSDT at 0.41619112999999996 (PnL: -1.5805289995358436)
🟢 OPEN_SHORT: ADAUSDT at 0.41091216 (qty: 3877.082210261324)
🔴 CLOSE_SHORT: ADAUSDT at 0.41318902999999996 (PnL: -9.708694482805905)
🟢 OPEN_SHORT: ADAUSDT at 0.41460957000000004 (qty: 3791.447414738554)
🔴 CLOSE_SHORT: ADAUSDT at 0.41659141 (PnL: -8.382758577871027)
🟢 OPEN_SHORT: ADAUSDT at 0.41750754 (qty: 3720.832677000501)
🔴 CLOSE_SHORT: ADAUSDT at 0.4198937199999999 (PnL: -9.737871368038514)
🟢 OPEN_SHORT: ADAUSDT at 0.42080523000000003 (qty: 3641.3310065621686)
🔴 CLOSE_SHORT: ADAUSDT at 0.42119462999999996 (PnL: -2.261474280264113)
🟢 OPEN_SHORT: ADAUSDT at 0.42130488 (qty: 3622.276254946523)
🔴 CLOSE_SHORT: ADAUSDT at 0.42249554 (PnL: -5.154617005014208)
🟢 OPEN_SHORT: ADAUSDT at 0.42230418000000003 (qty: 3585.3179051598827)
🔴 CLOSE_SHORT: ADAUSDT at 0.42339616999999996 (PnL: -4.75003672735771)
🟢 OPEN_SHORT: ADAUSDT at 0.41720775 (qty: 3602.3519704784367)
🔴 CLOSE_SHORT: ADAUSDT at 0.41709176 (PnL: -0.40854442287264475)
🟢 OPEN_SHORT: ADAUSDT at 0.41500929000000003 (qty: 3615.4825579670187)
🔴 CLOSE_SHORT: ADAUSDT at 0.41519042999999994 (PnL: -1.480521077394736)
🟢 OPEN_SHORT: ADAUSDT at 0.43409592 (qty: 3445.8911811476255)
🔴 CLOSE_SHORT: ADAUSDT at 0.43370337999999997 (PnL: 0.5306780654411144)
🟢 OPEN_SHORT: ADAUSDT at 0.43269690000000005 (qty: 3455.682780713914)
🔴 CLOSE_SHORT: ADAUSDT at 0.43280274999999996 (PnL: -1.1883799781795936)
🟢 OPEN_SHORT: ADAUSDT at 0.43279683 (qty: 3445.5928826758804)
🔴 CLOSE_SHORT: ADAUSDT at 0.43390351999999993 (PnL: -4.635483371482267)
🟢 OPEN_SHORT: ADAUSDT at 0.43239711000000003 (qty: 3423.5435674047744)
🔴 CLOSE_SHORT: ADAUSDT at 0.43310296 (PnL: -3.2320189960550785)
🟢 OPEN_SHORT: ADAUSDT at 0.43389606000000003 (qty: 3393.0659410317)
🔴 CLOSE_SHORT: ADAUSDT at 0.43350323999999996 (PnL: 0.5238663695223248)
🟢 OPEN_SHORT: ADAUSDT at 0.42480243 (qty: 3464.354509778694)
🔴 CLOSE_SHORT: ADAUSDT at 0.42449694 (PnL: 0.24949132053041967)
🟢 OPEN_SHORT: ADAUSDT at 0.42380313000000003 (qty: 3469.880847602412)
🔴 CLOSE_SHORT: ADAUSDT at 0.4243968699999999 (PnL: -2.8701406685025783)
🟢 OPEN_SHORT: ADAUSDT at 0.42540201000000005 (qty: 3439.5429433998743)
🔴 CLOSE_SHORT: ADAUSDT at 0.4272989 (PnL: -7.332776717825183)
🟢 OPEN_SHORT: ADAUSDT at 0.42610152 (qty: 3395.701148492036)
🔴 CLOSE_SHORT: ADAUSDT at 0.4272989 (PnL: -4.863983292194953)
🟢 OPEN_SHORT: ADAUSDT at 0.41950614 (qty: 3422.104500045926)
🔴 CLOSE_SHORT: ADAUSDT at 0.42099449 (PnL: -5.885667158941204)
🟢 OPEN_SHORT: ADAUSDT at 0.41960607000000005 (qty: 3389.472802284688)
🔴 CLOSE_SHORT: ADAUSDT at 0.42009386 (PnL: -2.4364941303084544)
🟢 OPEN_SHORT: ADAUSDT at 0.4157088 (qty: 3405.7636162135764)
🔴 CLOSE_SHORT: ADAUSDT at 0.41609105999999996 (PnL: -2.0812964861825485)
🟢 OPEN_SHORT: ADAUSDT at 0.41500929000000003 (qty: 3397.7213534445696)
🔴 CLOSE_SHORT: ADAUSDT at 0.41549063999999997 (PnL: -2.411939954306719)
🟢 OPEN_SHORT: ADAUSDT at 0.41600859 (qty: 3374.235498558093)
🔴 CLOSE_SHORT: ADAUSDT at 0.41569078 (PnL: 0.3009145613322304)
🟢 OPEN_SHORT: ADAUSDT at 0.41590866000000004 (qty: 3372.780694584389)
🔴 CLOSE_SHORT: ADAUSDT at 0.4162912 (PnL: -2.062455934383033)
🟢 OPEN_SHORT: ADAUSDT at 0.4184069100000001 (qty: 3339.0957661780126)
🔴 CLOSE_SHORT: ADAUSDT at 0.42199518999999996 (PnL: -12.756605849612933)
🟢 OPEN_SHORT: ADAUSDT at 0.42250404 (qty: 3242.6925887040416)
🔴 CLOSE_SHORT: ADAUSDT at 0.42359631 (PnL: -4.2973717721352624)
🟢 OPEN_SHORT: ADAUSDT at 0.42430278 (qty: 3205.13789673994)
🔴 CLOSE_SHORT: ADAUSDT at 0.4243968699999999 (PnL: -1.049709194916202)
🟢 OPEN_SHORT: ADAUSDT at 0.38523015000000005 (qty: 3520.8914921857254)
🔴 CLOSE_SHORT: ADAUSDT at 0.38416873 (PnL: 2.993205620474459)
🟢 OPEN_SHORT: ADAUSDT at 0.38543001 (qty: 3530.7265772998458)
🔴 CLOSE_SHORT: ADAUSDT at 0.38586992 (PnL: -2.302522578678443)
🟢 OPEN_SHORT: ADAUSDT at 0.38712882000000004 (qty: 3499.4708016328814)
🔴 CLOSE_SHORT: ADAUSDT at 0.38897208999999994 (PnL: -7.199127603908295)
🟢 OPEN_SHORT: ADAUSDT at 0.43399599000000005 (qty: 3084.9536795270787)
🔴 CLOSE_SHORT: ADAUSDT at 0.43440386999999997 (PnL: -1.9953546062417624)
🟢 OPEN_SHORT: ADAUSDT at 0.44258997000000005 (qty: 3012.7073909043656)
🔴 CLOSE_SHORT: ADAUSDT at 0.44090841999999997 (PnL: 4.335437682570218)
🟢 OPEN_SHORT: ADAUSDT at 0.44928528 (qty: 2983.8462894736954)
🔴 CLOSE_SHORT: ADAUSDT at 0.45011485999999995 (PnL: -3.2140296599877964)
🟢 OPEN_SHORT: ADAUSDT at 0.44988486 (qty: 2962.303506470455)
🔴 CLOSE_SHORT: ADAUSDT at 0.45111555999999997 (PnL: -4.380694588279371)
🟢 OPEN_SHORT: ADAUSDT at 0.44678703000000003 (qty: 2959.951957560835)
🔴 CLOSE_SHORT: ADAUSDT at 0.44641226999999994 (PnL: 0.38252421575962836)
🟢 OPEN_SHORT: ADAUSDT at 0.44618745000000004 (qty: 2962.3838087206195)
🔴 CLOSE_SHORT: ADAUSDT at 0.44741296999999997 (PnL: -4.359435521239853)
🟢 OPEN_SHORT: ADAUSDT at 0.44608752000000007 (qty: 2940.242870203097)
🔴 CLOSE_SHORT: ADAUSDT at 0.44321003 (PnL: 7.743789634690484)
🟢 OPEN_SHORT: ADAUSDT at 0.44039151000000004 (qty: 3010.1635320371643)
🔴 CLOSE_SHORT: ADAUSDT at 0.44190911999999993 (PnL: -5.299874572478843)
🟢 OPEN_SHORT: ADAUSDT at 0.43959207000000006 (qty: 2988.2079050385873)
🔴 CLOSE_SHORT: ADAUSDT at 0.43980765 (PnL: -1.367028043202576)
🟢 OPEN_SHORT: ADAUSDT at 0.43839291 (qty: 2986.8491503009095)
🔴 CLOSE_SHORT: ADAUSDT at 0.43970758 (PnL: -4.649058088863113)
🟢 OPEN_SHORT: ADAUSDT at 0.43239711000000003 (qty: 3003.4313127437886)
🔴 CLOSE_SHORT: ADAUSDT at 0.43070127999999996 (PnL: 4.381838982155537)
🟢 OPEN_SHORT: ADAUSDT at 0.43039851000000007 (qty: 3034.4207166436)
🔴 CLOSE_SHORT: ADAUSDT at 0.43160191 (PnL: -4.371935867784456)
🟢 OPEN_SHORT: ADAUSDT at 0.41720775 (qty: 3105.957816580127)
🔴 CLOSE_SHORT: ADAUSDT at 0.41428979999999993 (PnL: 8.355307957438482)
🟢 OPEN_SHORT: ADAUSDT at 0.41440971000000004 (qty: 3163.81311510702)
🔴 CLOSE_SHORT: ADAUSDT at 0.41509036 (PnL: -2.875746975504805)
🟢 OPEN_SHORT: ADAUSDT at 0.41480943000000003 (qty: 3143.4221618626425)
🔴 CLOSE_SHORT: ADAUSDT at 0.41549063999999997 (PnL: -2.8596649780846084)
🟢 OPEN_SHORT: ADAUSDT at 0.41530908000000005 (qty: 3122.415507950656)
🔴 CLOSE_SHORT: ADAUSDT at 0.41639127 (PnL: -4.094127445901691)
🟢 OPEN_SHORT: ADAUSDT at 0.41351034000000003 (qty: 3112.7463773450627)
🔴 CLOSE_SHORT: ADAUSDT at 0.41649134 (PnL: -9.992134501244818)
🟢 OPEN_SHORT: ADAUSDT at 0.41301069 (qty: 3064.6971286218504)
🔴 CLOSE_SHORT: ADAUSDT at 0.41378944999999995 (PnL: -3.0841401724833077)
🟢 OPEN_SHORT: ADAUSDT at 0.41580873000000007 (qty: 3025.8914175391433)
🔴 CLOSE_SHORT: ADAUSDT at 0.41589092 (PnL: -0.9408404366105719)
🟢 OPEN_SHORT: ADAUSDT at 0.41870670000000004 (qty: 2997.149019343241)
🔴 CLOSE_SHORT: ADAUSDT at 0.41909315999999996 (PnL: -1.8491247694442579)
🟢 OPEN_SHORT: ADAUSDT at 0.4157088 (qty: 3006.546185083684)
🔴 CLOSE_SHORT: ADAUSDT at 0.41719183 (PnL: -5.148666766578664)
🟢 OPEN_SHORT: ADAUSDT at 0.41151174 (qty: 3008.8462135616205)
🔴 CLOSE_SHORT: ADAUSDT at 0.41218832999999994 (PnL: -2.717871472430554)
🟢 OPEN_SHORT: ADAUSDT at 0.41660817 (qty: 2955.7216909487893)
🔴 CLOSE_SHORT: ADAUSDT at 0.41719183 (PnL: -2.4033431398088196)
🟢 OPEN_SHORT: ADAUSDT at 0.41710782 (qty: 2937.4098112825886)
🔴 CLOSE_SHORT: ADAUSDT at 0.41869288 (PnL: -5.332400710965887)
🟢 OPEN_SHORT: ADAUSDT at 0.43239711000000003 (qty: 2805.7635795615106)
🔴 CLOSE_SHORT: ADAUSDT at 0.43520443 (PnL: -8.548270618821274)
🟢 OPEN_SHORT: ADAUSDT at 0.43349634000000004 (qty: 2756.1316836920614)
🔴 CLOSE_SHORT: ADAUSDT at 0.43440386999999997 (PnL: -3.1597730351948714)
🟢 OPEN_SHORT: ADAUSDT at 0.4299987900000001 (qty: 2760.7966084531736)
🔴 CLOSE_SHORT: ADAUSDT at 0.43020093 (PnL: -1.2113009241060364)
🟢 OPEN_SHORT: ADAUSDT at 0.42710082000000005 (qty: 2770.799517785028)
🔴 CLOSE_SHORT: ADAUSDT at 0.42869988 (PnL: -5.083987458337307)
🟢 OPEN_SHORT: ADAUSDT at 0.42690096000000005 (qty: 2745.229290100923)
🔴 CLOSE_SHORT: ADAUSDT at 0.42679854999999994 (PnL: -0.36327400263839904)
🟢 OPEN_SHORT: ADAUSDT at 0.42760047 (qty: 2736.0244394437177)
🔴 CLOSE_SHORT: ADAUSDT at 0.42819953 (PnL: -2.2834032091641836)
🟢 OPEN_SHORT: ADAUSDT at 0.47986386000000003 (qty: 2425.8372196427285)
🔴 CLOSE_SHORT: ADAUSDT at 0.47673347999999993 (PnL: 6.9577295148268545)
🟢 OPEN_SHORT: ADAUSDT at 0.47636631000000007 (qty: 2470.1717302509182)
🔴 CLOSE_SHORT: ADAUSDT at 0.47713375999999996 (PnL: -2.5439645734059795)
🟢 OPEN_SHORT: ADAUSDT at 0.46477443000000007 (qty: 2518.047918014138)
🔴 CLOSE_SHORT: ADAUSDT at 0.46362430999999993 (PnL: 2.2539717457718482)
🟢 OPEN_SHORT: ADAUSDT at 0.4641748500000001 (qty: 2528.2388147157494)
🔴 CLOSE_SHORT: ADAUSDT at 0.46482514999999996 (PnL: -2.290467643666691)
🟢 OPEN_SHORT: ADAUSDT at 0.4626759000000001 (qty: 2523.73862121992)
🔴 CLOSE_SHORT: ADAUSDT at 0.46312395999999995 (PnL: -1.7736284299688176)
🟢 OPEN_SHORT: ADAUSDT at 0.46117695000000003 (qty: 2521.4645717571193)
🔴 CLOSE_SHORT: ADAUSDT at 0.46152284 (PnL: -1.51219180028917)
🟢 OPEN_SHORT: ADAUSDT at 0.46447464000000005 (qty: 2494.2972810326546)
🔴 CLOSE_SHORT: ADAUSDT at 0.46512535999999993 (PnL: -2.26117763314631)
🟢 OPEN_LONG: ADAUSDT at 0.4657257799999999 (qty: 2475.1498291108323)
🔴 CLOSE_LONG: ADAUSDT at 0.46217625000000007 (PnL: -9.414794079337039)
🟢 OPEN_LONG: ADAUSDT at 0.46482514999999996 (qty: 2436.70868804663)
🔴 CLOSE_LONG: ADAUSDT at 0.46447464000000005 (PnL: -1.4765749271129494)
🟢 OPEN_SHORT: ADAUSDT at 0.45737961000000005 (qty: 2467.1944246569496)
🔴 CLOSE_SHORT: ADAUSDT at 0.45701969 (PnL: 0.2678365802031536)
🟢 OPEN_SHORT: ADAUSDT at 0.43309662000000004 (qty: 2603.8965809478323)
🔴 CLOSE_SHORT: ADAUSDT at 0.43120162999999995 (PnL: 4.31681553439971)
🟢 OPEN_SHORT: ADAUSDT at 0.42390306000000005 (qty: 2677.8101729626937)
🔴 CLOSE_SHORT: ADAUSDT at 0.42539756999999995 (PnL: -4.628537748868975)
🟢 OPEN_SHORT: ADAUSDT at 0.42380313000000003 (qty: 2653.652430082865)
🔴 CLOSE_SHORT: ADAUSDT at 0.42379644999999994 (PnL: -0.6008082654384471)
🟢 OPEN_SHORT: ADAUSDT at 0.41660817 (qty: 2693.6281649108532)
🔴 CLOSE_SHORT: ADAUSDT at 0.42089441999999994 (PnL: -12.169116907140172)
🟢 OPEN_SHORT: ADAUSDT at 0.41351034000000003 (qty: 2651.9647861264993)
🔴 CLOSE_SHORT: ADAUSDT at 0.41318902999999996 (PnL: 0.2494332887649322)
🟢 OPEN_SHORT: ADAUSDT at 0.42250404 (qty: 2593.8389858007345)
🔴 CLOSE_SHORT: ADAUSDT at 0.4228958199999999 (PnL: -1.6195222535232385)
🟢 OPEN_SHORT: ADAUSDT at 0.42260397000000005 (qty: 2582.708600460114)
🔴 CLOSE_SHORT: ADAUSDT at 0.42249554 (PnL: -0.3201074820997074)
🟢 OPEN_SHORT: ADAUSDT at 0.4214048100000001 (qty: 2585.689716604564)
🔴 CLOSE_SHORT: ADAUSDT at 0.42209525999999997 (PnL: -2.3855635200945993)
🟢 OPEN_SHORT: ADAUSDT at 0.42390306000000005 (qty: 2556.3683650039693)
🔴 CLOSE_SHORT: ADAUSDT at 0.42679854999999994 (PnL: -8.002018908482322)
🟢 OPEN_SHORT: ADAUSDT at 0.42560187000000005 (qty: 2505.7604116865377)
🔴 CLOSE_SHORT: ADAUSDT at 0.42549764 (PnL: -0.3252319201577434)
🟢 OPEN_SHORT: ADAUSDT at 0.42390306000000005 (qty: 2511.5005095664123)
🔴 CLOSE_SHORT: ADAUSDT at 0.42579785 (PnL: -5.3469313850071565)
🟢 OPEN_SHORT: ADAUSDT at 0.40631538000000006 (qty: 2591.011426642128)
🔴 CLOSE_SHORT: ADAUSDT at 0.40878594999999995 (PnL: -6.983818087444384)
🟢 OPEN_SHORT: ADAUSDT at 0.40841391000000005 (qty: 2540.6630044846156)
🔴 CLOSE_SHORT: ADAUSDT at 0.4082855999999999 (PnL: -0.2445313954453373)
🟢 OPEN_SHORT: ADAUSDT at 0.41021265 (qty: 2525.54776782284)
🔴 CLOSE_SHORT: ADAUSDT at 0.41028699999999996 (PnL: -0.7576841558966912)
🟢 OPEN_SHORT: ADAUSDT at 0.40991286000000005 (qty: 2520.9178883082864)
🔴 CLOSE_SHORT: ADAUSDT at 0.41048714 (PnL: -2.016855130678078)
🟢 OPEN_SHORT: ADAUSDT at 0.41031258000000004 (qty: 2505.860919089275)
🔴 CLOSE_SHORT: ADAUSDT at 0.41008685999999994 (PnL: 0.0004315769087522847)
🟢 OPEN_SHORT: ADAUSDT at 0.41021265 (qty: 2503.7163459044614)
🔴 CLOSE_SHORT: ADAUSDT at 0.41038706999999996 (PnL: -1.0018192534712995)
🟢 OPEN_SHORT: ADAUSDT at 0.41261097 (qty: 2481.569302110508)
🔴 CLOSE_SHORT: ADAUSDT at 0.41258860999999997 (PnL: -0.5076390863417182)
🟢 OPEN_SHORT: ADAUSDT at 0.41031258000000004 (qty: 2490.2505394906552)
🔴 CLOSE_SHORT: ADAUSDT at 0.41088742 (PnL: -1.99426256074943)
🟢 OPEN_SHORT: ADAUSDT at 0.41011272000000004 (qty: 2478.9980650861735)
🔴 CLOSE_SHORT: ADAUSDT at 0.40968657999999997 (PnL: 0.49781350394453294)
🟢 OPEN_SHORT: ADAUSDT at 0.40881363000000004 (qty: 2486.5754374477124)
🔴 CLOSE_SHORT: ADAUSDT at 0.41078734999999994 (PnL: -5.469603226387383)
🟢 OPEN_LONG: ADAUSDT at 0.40968657999999997 (qty: 2451.8462964423165)
🔴 CLOSE_LONG: ADAUSDT at 0.40861377000000004 (PnL: -3.181387212543503)
🟢 OPEN_SHORT: ADAUSDT at 0.40991286000000005 (qty: 2432.2750256573377)
🔴 CLOSE_SHORT: ADAUSDT at 0.41058721 (PnL: -2.1894682227573954)
🟢 OPEN_SHORT: ADAUSDT at 0.40931328000000006 (qty: 2422.460255223028)
🔴 CLOSE_SHORT: ADAUSDT at 0.40948643999999995 (PnL: -0.965053762068187)
🟢 OPEN_SHORT: ADAUSDT at 0.40681503 (qty: 2429.9110717291546)
🔴 CLOSE_SHORT: ADAUSDT at 0.40688462 (PnL: -0.7128789051613875)
🟢 OPEN_SHORT: ADAUSDT at 0.40251804 (qty: 2449.607503187717)
🔴 CLOSE_SHORT: ADAUSDT at 0.39907915999999993 (PnL: 7.886233232976377)
🟢 OPEN_SHORT: ADAUSDT at 0.40111902 (qty: 2494.768423313145)
🔴 CLOSE_SHORT: ADAUSDT at 0.39777825 (PnL: 7.7886469658824184)
🟢 OPEN_SHORT: ADAUSDT at 0.39852084000000004 (qty: 2547.3588534202845)
🔴 CLOSE_SHORT: ADAUSDT at 0.39897909 (PnL: -1.7263157990622746)
🟢 OPEN_SHORT: ADAUSDT at 0.39682203000000005 (qty: 2546.7493961948485)
🔴 CLOSE_SHORT: ADAUSDT at 0.39617712999999993 (PnL: 1.0874685589688107)
🟢 OPEN_SHORT: ADAUSDT at 0.40151874000000004 (qty: 2519.607267958198)
🔴 CLOSE_SHORT: ADAUSDT at 0.40268167999999993 (PnL: -3.48818190437992)
🟢 OPEN_SHORT: ADAUSDT at 0.40191846000000003 (qty: 2496.974971559111)
🔴 CLOSE_SHORT: ADAUSDT at 0.40288182 (PnL: -2.9587780101710077)
🟢 OPEN_SHORT: ADAUSDT at 0.40281783000000004 (qty: 2473.96904163474)
🔴 CLOSE_SHORT: ADAUSDT at 0.40378245 (PnL: -2.9358599214121175)
🟢 OPEN_SHORT: ADAUSDT at 0.40371720000000005 (qty: 2451.198280060272)
🔴 CLOSE_SHORT: ADAUSDT at 0.40388251999999997 (PnL: -0.9497299757630762)
🟢 OPEN_SHORT: ADAUSDT at 0.38243211 (qty: 2579.8118686276434)
🔴 CLOSE_SHORT: ADAUSDT at 0.38486921999999996 (PnL: -6.83337490304503)
🟢 OPEN_SHORT: ADAUSDT at 0.38213232 (qty: 2543.2313166556387)
🔴 CLOSE_SHORT: ADAUSDT at 0.38306795999999993 (PnL: -2.9153756868691025)
🟢 OPEN_SHORT: ADAUSDT at 0.38513022 (qty: 2505.519031939039)
🔴 CLOSE_SHORT: ADAUSDT at 0.38466908 (PnL: 0.6253074108722704)
🟢 OPEN_LONG: ADAUSDT at 0.38276774999999996 (qty: 2521.4774875914463)
🔴 CLOSE_LONG: ADAUSDT at 0.38343141000000003 (PnL: 1.1416562318223602)
🟢 OPEN_SHORT: ADAUSDT at 0.38143281 (qty: 2533.504977648938)
🔴 CLOSE_SHORT: ADAUSDT at 0.3815669099999999 (PnL: -0.8714289336876253)
🟢 OPEN_SHORT: ADAUSDT at 0.38363127 (qty: 2511.6723847646444)
🔴 CLOSE_SHORT: ADAUSDT at 0.38486921999999996 (PnL: -3.640990794110171)
🟢 OPEN_SHORT: ADAUSDT at 0.38592966 (qty: 2475.0991502687298)
🔴 CLOSE_SHORT: ADAUSDT at 0.38697068999999995 (PnL: -3.1034374227029615)
🟢 OPEN_SHORT: ADAUSDT at 0.38552994 (qty: 2458.840325327807)
🔴 CLOSE_SHORT: ADAUSDT at 0.38496928999999996 (PnL: 0.8579309205495133)
🟢 OPEN_SHORT: ADAUSDT at 0.38413092000000004 (qty: 2469.5478112381625)
🔴 CLOSE_SHORT: ADAUSDT at 0.38556970999999995 (PnL: -4.076861253706767)
🟢 OPEN_SHORT: ADAUSDT at 0.38353134 (qty: 2449.428142084851)
🔴 CLOSE_SHORT: ADAUSDT at 0.38586992 (PnL: -6.248022017194357)
🟢 OPEN_SHORT: ADAUSDT at 0.38353134 (qty: 2414.1522250301637)
🔴 CLOSE_SHORT: ADAUSDT at 0.38036606999999995 (PnL: 7.136399736502292)
🟢 OPEN_SHORT: ADAUSDT at 0.37983393000000004 (qty: 2472.5472628556017)
🔴 CLOSE_SHORT: ADAUSDT at 0.38186711999999995 (PnL: -5.546459845646954)
🟢 OPEN_SHORT: ADAUSDT at 0.37823505 (qty: 2450.939835405337)
🔴 CLOSE_SHORT: ADAUSDT at 0.37876495 (PnL: -1.8093345760968904)
🟢 OPEN_SHORT: ADAUSDT at 0.37143981 (qty: 2483.2904893878463)
🔴 CLOSE_SHORT: ADAUSDT at 0.37155991 (PnL: -0.805723342682952)
🟢 OPEN_SHORT: ADAUSDT at 0.36814212 (qty: 2498.4016189871554)
🔴 CLOSE_SHORT: ADAUSDT at 0.37095948999999995 (PnL: -7.548664954002724)
🟢 OPEN_SHORT: ADAUSDT at 0.36624345 (qty: 2467.369164313711)
🔴 CLOSE_SHORT: ADAUSDT at 0.36595599 (PnL: 0.2126482511016184)
🟢 OPEN_SHORT: ADAUSDT at 0.36594366000000006 (qty: 2467.8363551629445)
🔴 CLOSE_SHORT: ADAUSDT at 0.3662562 (PnL: -1.268420775557528)
🟢 OPEN_SHORT: ADAUSDT at 0.36204639000000005 (qty: 2484.6507337454227)
🔴 CLOSE_SHORT: ADAUSDT at 0.36345424 (PnL: -3.9946967997577127)
🟢 OPEN_LONG: ADAUSDT at 0.36465507999999996 (qty: 2442.2528825114578)
🔴 CLOSE_LONG: ADAUSDT at 0.36394506000000004 (PnL: -2.222913621164039)
🟢 OPEN_LONG: ADAUSDT at 0.37346123999999997 (qty: 2370.137407292481)
🔴 CLOSE_LONG: ADAUSDT at 0.37403799000000004 (PnL: 0.8793899621399848)
🟢 OPEN_SHORT: ADAUSDT at 0.36094716000000004 (qty: 2454.485485137221)
🔴 CLOSE_SHORT: ADAUSDT at 0.35104556 (PnL: 23.82943355223184)
🟢 OPEN_SHORT: ADAUSDT at 0.35245311 (qty: 2646.0935433491754)
🔴 CLOSE_SHORT: ADAUSDT at 0.35354730999999995 (PnL: -3.409891144975201)
🟢 OPEN_SHORT: ADAUSDT at 0.3649443600000001 (qty: 2534.025269292577)
🔴 CLOSE_SHORT: ADAUSDT at 0.36705676 (PnL: -5.864447086660958)
🟢 OPEN_LONG: ADAUSDT at 0.3722604 (qty: 2449.984150608951)
🔴 CLOSE_LONG: ADAUSDT at 0.37014072000000003 (PnL: -5.691943797984918)
🟢 OPEN_SHORT: ADAUSDT at 0.37593666000000003 (qty: 2393.0758894743026)
🔴 CLOSE_SHORT: ADAUSDT at 0.37456201 (PnL: 2.7966463480817105)
🟢 OPEN_LONG: ADAUSDT at 0.37526249999999994 (qty: 2409.642957287067)
🔴 CLOSE_LONG: ADAUSDT at 0.37483743 (PnL: -1.5210403371837082)
🟢 OPEN_SHORT: ADAUSDT at 0.37323855 (qty: 2411.894178884497)
🔴 CLOSE_SHORT: ADAUSDT at 0.37386151999999995 (PnL: -1.9984806497078424)
🟢 OPEN_SHORT: ADAUSDT at 0.37773540000000005 (qty: 2369.978275020507)
🔴 CLOSE_SHORT: ADAUSDT at 0.37786432 (PnL: -0.7980792253334257)
🟢 OPEN_SHORT: ADAUSDT at 0.37703589000000004 (qty: 2367.5300144361377)
🔴 CLOSE_SHORT: ADAUSDT at 0.37746403999999995 (PnL: -1.505169569919285)
🟢 OPEN_SHORT: ADAUSDT at 0.37643631 (qty: 2360.695594933701)
🔴 CLOSE_SHORT: ADAUSDT at 0.37676354999999995 (PnL: -1.2616972555351091)
🟢 OPEN_SHORT: ADAUSDT at 0.37573680000000004 (qty: 2355.773050673669)
🔴 CLOSE_SHORT: ADAUSDT at 0.37696368999999996 (PnL: -3.3786968942323177)
🟢 OPEN_SHORT: ADAUSDT at 0.3767361 (qty: 2329.0031619150454)
🔴 CLOSE_SHORT: ADAUSDT at 0.37806446 (PnL: -3.5780369676726442)
🟢 OPEN_SHORT: ADAUSDT at 0.37613652000000003 (qty: 2311.124515767015)
🔴 CLOSE_SHORT: ADAUSDT at 0.37616312999999996 (PnL: -0.5396469307832515)
🟢 OPEN_SHORT: ADAUSDT at 0.37623645000000006 (qty: 2305.100451112075)
🔴 CLOSE_SHORT: ADAUSDT at 0.3764633399999999 (PnL: -1.0002864395261528)
🟢 OPEN_LONG: ADAUSDT at 0.37666348 (qty: 2294.6430820664427)
🔴 CLOSE_LONG: ADAUSDT at 0.37523715 (PnL: -3.746487698953779)
🟢 OPEN_SHORT: ADAUSDT at 0.37593666000000003 (qty: 2276.6189766586085)
🔴 CLOSE_SHORT: ADAUSDT at 0.37586291999999993 (PnL: -0.30275527762284093)
🟢 OPEN_SHORT: ADAUSDT at 0.37443771 (qty: 2281.6013179730294)
🔴 CLOSE_SHORT: ADAUSDT at 0.37486221999999997 (PnL: -1.4389699498583683)
🟢 OPEN_SHORT: ADAUSDT at 0.37453764000000006 (qty: 2270.7994940246717)
🔴 CLOSE_SHORT: ADAUSDT at 0.37546263999999996 (PnL: -2.5694197370880323)
🟢 OPEN_SHORT: ADAUSDT at 0.37313862000000003 (qty: 2263.034295563585)
🔴 CLOSE_SHORT: ADAUSDT at 0.37236046999999994 (PnL: 1.2975146544358076)
🟢 OPEN_SHORT: ADAUSDT at 0.3687417 (qty: 2294.537491487058)
🔴 CLOSE_SHORT: ADAUSDT at 0.36955851 (PnL: -2.3405823894927487)
🟢 OPEN_SHORT: ADAUSDT at 0.36824205000000004 (qty: 2282.411228497222)
🔴 CLOSE_SHORT: ADAUSDT at 0.36935836999999994 (PnL: -3.011566532660862)
🟢 OPEN_SHORT: ADAUSDT at 0.36834198 (qty: 2262.9300328211925)
🔴 CLOSE_SHORT: ADAUSDT at 0.36905815999999997 (PnL: -2.079999267672731)
🟢 OPEN_SHORT: ADAUSDT at 0.3679422600000001 (qty: 2251.5903582635397)
🔴 CLOSE_SHORT: ADAUSDT at 0.36895809 (PnL: -2.744141396560748)
🟢 OPEN_SHORT: ADAUSDT at 0.36264597000000004 (qty: 2266.826959227064)
🔴 CLOSE_SHORT: ADAUSDT at 0.36315402999999996 (PnL: -1.6044481449604986)
🟢 OPEN_SHORT: ADAUSDT at 0.36254604 (qty: 2256.1065732052625)
🔴 CLOSE_SHORT: ADAUSDT at 0.36285381999999994 (PnL: -1.1446347697289962)
🟢 OPEN_SHORT: ADAUSDT at 0.36194646 (qty: 2251.033198776833)
🔴 CLOSE_SHORT: ADAUSDT at 0.36195319 (PnL: -0.4632722093289148)
🟢 OPEN_SHORT: ADAUSDT at 0.3649443600000001 (qty: 2227.547027644671)
🔴 CLOSE_SHORT: ADAUSDT at 0.36705676 (PnL: -5.155170248289573)
🟢 OPEN_SHORT: ADAUSDT at 0.36604359000000003 (qty: 2190.247779179267)
🔴 CLOSE_SHORT: ADAUSDT at 0.36545563999999997 (PnL: 0.8475150596243841)
🟢 OPEN_SHORT: ADAUSDT at 0.37004079000000006 (qty: 2168.786017950796)
🔴 CLOSE_SHORT: ADAUSDT at 0.37095948999999995 (PnL: -2.4349561800171307)
🟢 OPEN_SHORT: ADAUSDT at 0.36584373000000003 (qty: 2177.9424396390937)
🔴 CLOSE_SHORT: ADAUSDT at 0.36645634 (PnL: -1.7731957662856608)
🟢 OPEN_SHORT: ADAUSDT at 0.36414492000000004 (qty: 2175.957113629014)
🔴 CLOSE_SHORT: ADAUSDT at 0.36455500999999996 (PnL: -1.3286290897531732)
🟢 OPEN_SHORT: ADAUSDT at 0.36404499000000007 (qty: 2166.8609442596176)
🔴 CLOSE_SHORT: ADAUSDT at 0.36475515 (PnL: -1.9735234969891096)
🟢 OPEN_SHORT: ADAUSDT at 0.36164667 (qty: 2167.9173913935024)
🔴 CLOSE_SHORT: ADAUSDT at 0.36145284 (PnL: -0.01077251592869971)
🟢 OPEN_SHORT: ADAUSDT at 0.36264597000000004 (qty: 2159.5059729595355)
🔴 CLOSE_SHORT: ADAUSDT at 0.36335417 (PnL: -1.9609281552779212)
🟢 OPEN_SHORT: ADAUSDT at 0.35824905 (qty: 2172.658468241705)
🔴 CLOSE_SHORT: ADAUSDT at 0.35965157999999997 (PnL: -3.476988709459876)
🟢 OPEN_SHORT: ADAUSDT at 0.35964807000000004 (qty: 2142.490759613069)
🔴 CLOSE_SHORT: ADAUSDT at 0.36015192999999995 (PnL: -1.5039075942834483)
🟢 OPEN_SHORT: ADAUSDT at 0.35595066000000003 (qty: 2153.914406467901)
🔴 CLOSE_SHORT: ADAUSDT at 0.3568496199999999 (PnL: -2.3590258404414817)
🟢 OPEN_SHORT: ADAUSDT at 0.35655024 (qty: 2134.694529738233)
🔴 CLOSE_SHORT: ADAUSDT at 0.35724989999999995 (PnL: -1.913001048680256)
🟢 OPEN_SHORT: ADAUSDT at 0.35645031000000005 (qty: 2122.2105442295506)
🔴 CLOSE_SHORT: ADAUSDT at 0.3568496199999999 (PnL: -1.2639404068636062)
🟢 OPEN_SHORT: ADAUSDT at 0.3577494 (qty: 2105.112172641378)
🔴 CLOSE_SHORT: ADAUSDT at 0.35815052999999997 (PnL: -1.259094517999105)
🟢 OPEN_SHORT: ADAUSDT at 0.35545101000000007 (qty: 2109.309000924728)
🔴 CLOSE_SHORT: ADAUSDT at 0.35644934 (PnL: -2.5193104455726725)
🟢 OPEN_LONG: ADAUSDT at 0.35604906 (qty: 2089.298205908424)
🔴 CLOSE_LONG: ADAUSDT at 0.35585073000000006 (PnL: -0.8232835736457482)
🟢 OPEN_SHORT: ADAUSDT at 0.35595066000000003 (qty: 2082.951084281165)
🔴 CLOSE_SHORT: ADAUSDT at 0.35644934 (PnL: -1.4470826432936446)
🟢 OPEN_SHORT: ADAUSDT at 0.35944821000000005 (qty: 2052.362640271556)
🔴 CLOSE_SHORT: ADAUSDT at 0.36065228 (PnL: -2.8782923803520775)
🟢 OPEN_SHORT: ADAUSDT at 0.35105409000000004 (qty: 2082.7274870112774)
🔴 CLOSE_SHORT: ADAUSDT at 0.35204626 (PnL: -2.4696887631087288)
🟢 OPEN_SHORT: ADAUSDT at 0.3547515 (qty: 2044.829578286718)
🔴 CLOSE_SHORT: ADAUSDT at 0.35484822 (PnL: -0.5968581916439962)
🟢 OPEN_SHORT: ADAUSDT at 0.34395906000000004 (qty: 2103.2000051463683)
🔴 CLOSE_SHORT: ADAUSDT at 0.34444094 (PnL: -1.4119255212091353)
🟢 OPEN_SHORT: ADAUSDT at 0.34425885 (qty: 2090.854278846509)
🔴 CLOSE_SHORT: ADAUSDT at 0.3452414999999999 (PnL: -2.4515952742390636)
🟢 OPEN_SHORT: ADAUSDT at 0.35325255 (qty: 2021.5002677441253)
🔴 CLOSE_SHORT: ADAUSDT at 0.35354730999999995 (PnL: -0.9889402089240247)
🟢 OPEN_SHORT: ADAUSDT at 0.34585773000000003 (qty: 2056.7322113968694)
🔴 CLOSE_SHORT: ADAUSDT at 0.34854380999999995 (PnL: -5.918820962999241)
🟢 OPEN_SHORT: ADAUSDT at 0.35295276000000003 (qty: 1979.6321227757458)
🔴 CLOSE_SHORT: ADAUSDT at 0.35344724 (PnL: -1.363721022575815)
🟢 OPEN_SHORT: ADAUSDT at 0.35235318000000004 (qty: 1973.0788045947133)
🔴 CLOSE_SHORT: ADAUSDT at 0.35394759 (PnL: -3.5299981451052376)
🟢 OPEN_LONG: ADAUSDT at 0.3568496199999999 (qty: 1926.2899936646259)
🔴 CLOSE_LONG: ADAUSDT at 0.35585073000000006 (PnL: -2.3011612470118843)
🟢 OPEN_SHORT: ADAUSDT at 0.35704989000000004 (qty: 1910.201944936955)
🔴 CLOSE_SHORT: ADAUSDT at 0.35755011 (PnL: -1.3311673204401817)
🟢 OPEN_SHORT: ADAUSDT at 0.36894156 (qty: 1839.3829595746581)
🔴 CLOSE_SHORT: ADAUSDT at 0.36975864999999997 (PnL: -1.8770116904197243)
🟢 OPEN_SHORT: ADAUSDT at 0.37114002 (qty: 1816.3611347050644)
🔴 CLOSE_SHORT: ADAUSDT at 0.37095948999999995 (PnL: -0.04268034445387847)
🟢 OPEN_SHORT: ADAUSDT at 0.37143981 (qty: 1812.668950143229)
🔴 CLOSE_SHORT: ADAUSDT at 0.37206026 (PnL: -1.4956025946026759)
🟢 OPEN_LONG: ADAUSDT at 0.37085941999999994 (qty: 1805.4430924079418)
🔴 CLOSE_LONG: ADAUSDT at 0.37034058000000003 (PnL: -1.3044819571644157)
🟢 OPEN_SHORT: ADAUSDT at 0.36304569000000003 (qty: 1835.0860797801638)
🔴 CLOSE_SHORT: ADAUSDT at 0.36335417 (PnL: -0.9328197525588742)
🟢 OPEN_SHORT: ADAUSDT at 0.36354534000000005 (qty: 1825.416357796873)
🔴 CLOSE_SHORT: ADAUSDT at 0.36385451999999996 (PnL: -0.9296845254699522)
🟢 OPEN_LONG: ADAUSDT at 0.3692583 (qty: 1790.1622187352277)
🔴 CLOSE_LONG: ADAUSDT at 0.37273890000000004 (PnL: 5.863843915601823)
🟢 OPEN_SHORT: ADAUSDT at 0.37663617000000005 (qty: 1784.3023678852494)
🔴 CLOSE_SHORT: ADAUSDT at 0.37015893 (PnL: 11.194093168950063)
🟢 OPEN_SHORT: ADAUSDT at 0.37044051 (qty: 1872.5861278216228)
🔴 CLOSE_SHORT: ADAUSDT at 0.37055920999999997 (PnL: -0.6039231932727702)
🟢 OPEN_SHORT: ADAUSDT at 0.37094016 (qty: 1864.7505405896143)
🔴 CLOSE_SHORT: ADAUSDT at 0.36535556999999996 (PnL: 10.039153873305748)
🟢 OPEN_SHORT: ADAUSDT at 0.35205339 (qty: 2019.660397767314)
🔴 CLOSE_SHORT: ADAUSDT at 0.35294689 (PnL: -2.196624636341553)
🟢 OPEN_SHORT: ADAUSDT at 0.35265297 (qty: 2001.551012859466)
🔴 CLOSE_SHORT: ADAUSDT at 0.35224639999999996 (PnL: 0.4259990690155188)
🟢 OPEN_SHORT: ADAUSDT at 0.35305269000000006 (qty: 1999.4989111376278)
🔴 CLOSE_SHORT: ADAUSDT at 0.35354730999999995 (PnL: -1.3777967551860244)
🟢 OPEN_SHORT: ADAUSDT at 0.35145381000000003 (qty: 1998.545283668092)
🔴 CLOSE_SHORT: ADAUSDT at 0.35144584 (PnL: -0.37038082838734177)
🟢 OPEN_SHORT: ADAUSDT at 0.34995486000000003 (qty: 2002.781035119974)
🔴 CLOSE_SHORT: ADAUSDT at 0.35014492999999997 (PnL: -0.7663635852861914)
🟢 OPEN_SHORT: DOTUSDT at 2.7382818600000003 (qty: 255.11590626870804)
🔴 CLOSE_SHORT: DOTUSDT at 2.7453203799999994 (PnL: -2.1808446017981225)
🟢 OPEN_SHORT: DOTUSDT at 2.74597647 (qty: 252.53280190900495)
🔴 CLOSE_SHORT: DOTUSDT at 2.7906520899999996 (PnL: -11.669661650914382)
🟢 OPEN_SHORT: DOTUSDT at 2.81612733 (qty: 237.68350509859104)
🔴 CLOSE_SHORT: DOTUSDT at 2.81516924 (PnL: -0.14029342142497436)
🟢 OPEN_SHORT: DOTUSDT at 2.8206241800000003 (qty: 236.9440603885858)
🔴 CLOSE_SHORT: DOTUSDT at 2.82327491 (PnL: -0.9960017506164822)
🟢 OPEN_SHORT: DOTUSDT at 2.7970407 (qty: 237.9668552472417)
🔴 CLOSE_SHORT: DOTUSDT at 2.8449901 (PnL: -11.78272527001064)
🟢 OPEN_SHORT: DOTUSDT at 2.7687605100000003 (qty: 231.62182617239395)
🔴 CLOSE_SHORT: DOTUSDT at 2.7559278 (PnL: 2.6212525585314657)
🟢 OPEN_SHORT: DOTUSDT at 2.67362715 (qty: 241.56039662267816)
🔴 CLOSE_SHORT: DOTUSDT at 2.67126858 (PnL: 0.21483712094361718)
🟢 OPEN_SHORT: DOTUSDT at 2.6705293200000004 (qty: 241.73547824548584)
🔴 CLOSE_SHORT: DOTUSDT at 2.6478521999999995 (PnL: 5.129820548590787)
🟢 OPEN_SHORT: DOTUSDT at 2.6557396800000004 (qty: 246.67749272225507)
🔴 CLOSE_SHORT: DOTUSDT at 2.66346312 (PnL: -2.2665578368105304)
🟢 OPEN_SHORT: DOTUSDT at 2.72459145 (qty: 238.5155644475207)
🔴 CLOSE_SHORT: DOTUSDT at 2.721904 (PnL: 0.2839295957619705)
🟢 OPEN_SHORT: DOTUSDT at 2.75437059 (qty: 235.88346677881833)
🔴 CLOSE_SHORT: DOTUSDT at 2.7647339599999996 (PnL: -2.8032329102747298)
🟢 OPEN_SHORT: DOTUSDT at 2.7366829800000003 (qty: 235.0982342172299)
🔴 CLOSE_SHORT: DOTUSDT at 2.751925 (PnL: -3.939206977412654)
🟢 OPEN_SHORT: DOTUSDT at 2.7507731100000004 (qty: 230.772647761447)
🔴 CLOSE_SHORT: DOTUSDT at 2.7529256999999996 (PnL: -0.8461738679283802)
🟢 OPEN_SHORT: DOTUSDT at 2.67462645 (qty: 236.44893018105535)
🔴 CLOSE_SHORT: DOTUSDT at 2.7046919599999995 (PnL: -7.460694511073936)
🟢 OPEN_SHORT: DOTUSDT at 2.6035762200000003 (qty: 236.90319306084945)
🔴 CLOSE_SHORT: DOTUSDT at 2.5953154499999997 (PnL: 1.6188416057335762)
🟢 OPEN_SHORT: DOTUSDT at 2.66982981 (qty: 231.9828498861793)
🔴 CLOSE_SHORT: DOTUSDT at 2.6863791499999996 (PnL: -4.181919697035754)
🟢 OPEN_SHORT: DOTUSDT at 2.7487745100000005 (qty: 222.0297067728413)
🔴 CLOSE_SHORT: DOTUSDT at 2.7553273799999998 (PnL: -1.7914022962549054)
🟢 OPEN_SHORT: DOTUSDT at 2.5357237500000003 (qty: 239.0068923277492)
🔴 CLOSE_SHORT: DOTUSDT at 2.54057716 (PnL: -1.4939669397440547)
🟢 OPEN_SHORT: DOTUSDT at 2.55980688 (qty: 235.33058806806017)
🔴 CLOSE_SHORT: DOTUSDT at 2.5601908799999995 (PnL: -0.4217371197643029)
🟢 OPEN_SHORT: DOTUSDT at 2.5326259200000005 (qty: 237.2615467930167)
🔴 CLOSE_SHORT: DOTUSDT at 2.5338724699999995 (PnL: -0.6264131570392307)
🟢 OPEN_SHORT: DOTUSDT at 2.4360935400000003 (qty: 245.877640928213)
🔴 CLOSE_SHORT: DOTUSDT at 2.43440289 (PnL: 0.08648215182128322)
🟢 OPEN_SHORT: DOTUSDT at 2.38123197 (qty: 251.3383935347247)
🔴 CLOSE_SHORT: DOTUSDT at 2.39747706 (PnL: -4.414432741465227)
🟢 OPEN_SHORT: DOTUSDT at 2.39112504 (qty: 246.33082675201078)
🔴 CLOSE_SHORT: DOTUSDT at 2.40328112 (PnL: -3.3200184603274905)
🟢 OPEN_SHORT: DOTUSDT at 2.32527117 (qty: 250.17291314939686)
🔴 CLOSE_SHORT: DOTUSDT at 2.34043716 (PnL: -4.11615258939275)
🟢 OPEN_SHORT: DOTUSDT at 2.33466459 (qty: 245.36615147519333)
🔴 CLOSE_SHORT: DOTUSDT at 2.3391362499999997 (PnL: -1.4128636775967172)
🟢 OPEN_SHORT: DOTUSDT at 2.2999888800000003 (qty: 247.56285154150402)
🔴 CLOSE_SHORT: DOTUSDT at 2.2936043999999995 (PnL: 1.2682638893452234)
🟢 OPEN_SHORT: DOTUSDT at 2.28160176 (qty: 250.395144522955)
🔴 CLOSE_SHORT: DOTUSDT at 2.28850083 (PnL: -2.0426598525617434)
🟢 OPEN_SHORT: DOTUSDT at 2.2957918200000003 (qty: 246.7942631362891)
🔴 CLOSE_SHORT: DOTUSDT at 2.3010095799999997 (PnL: -1.6000450144929599)
🟢 OPEN_SHORT: DOTUSDT at 2.3355639600000004 (qty: 240.95461441640242)
🔴 CLOSE_SHORT: DOTUSDT at 2.34173807 (PnL: -1.7980192209609063)
🟢 OPEN_SHORT: DOTUSDT at 2.34405801 (qty: 238.28328104386733)
🔴 CLOSE_SHORT: DOTUSDT at 2.34724192 (PnL: -1.066292199704141)
🟢 OPEN_SHORT: DOTUSDT at 2.3396610900000003 (qty: 237.55698923198028)
🔴 CLOSE_SHORT: DOTUSDT at 2.34233849 (PnL: -0.9420764666652315)
🟢 OPEN_SHORT: DOTUSDT at 2.3293683 (qty: 237.5353473735702)
🔴 CLOSE_SHORT: DOTUSDT at 2.33713485 (PnL: -2.1501638282936795)
🟢 OPEN_SHORT: DOTUSDT at 2.3424591300000004 (qty: 234.11223512179788)
🔴 CLOSE_SHORT: DOTUSDT at 2.34113765 (PnL: 0.007925704085768814)
🟢 OPEN_SHORT: DOTUSDT at 2.32287285 (qty: 235.8333801340305)
🔴 CLOSE_SHORT: DOTUSDT at 2.3279284099999997 (PnL: -1.4942215773725236)
🟢 OPEN_SHORT: DOTUSDT at 2.29159476 (qty: 237.48523523020265)
🔴 CLOSE_SHORT: DOTUSDT at 2.2849983799999998 (PnL: 1.268083498191687)
🟢 OPEN_SHORT: DOTUSDT at 2.29459266 (qty: 238.01934662973866)
🔴 CLOSE_SHORT: DOTUSDT at 2.29880804 (PnL: -1.3042804266354073)
🟢 OPEN_SHORT: DOTUSDT at 2.29529217 (qty: 236.54858356051213)
🔴 CLOSE_SHORT: DOTUSDT at 2.2685869 (PnL: 6.021946732267704)
🟢 OPEN_SHORT: DOTUSDT at 2.28210141 (qty: 242.93169435127555)
🔴 CLOSE_SHORT: DOTUSDT at 2.2865995 (PnL: -1.3982467450052565)
🟢 OPEN_SHORT: DOTUSDT at 2.3070839100000002 (qty: 238.8246184267695)
🔴 CLOSE_SHORT: DOTUSDT at 2.3080144799999998 (PnL: -0.5254088977994865)
🟢 OPEN_SHORT: DOTUSDT at 2.2787037900000002 (qty: 241.07193388691863)
🔴 CLOSE_SHORT: DOTUSDT at 2.28569887 (PnL: -1.989377279074388)
🟢 OPEN_SHORT: DOTUSDT at 2.2946925900000004 (qty: 237.3949837743868)
🔴 CLOSE_SHORT: DOTUSDT at 2.29700678 (PnL: -0.849290935497981)
🟢 OPEN_SHORT: DOTUSDT at 2.37093918 (qty: 228.79148883864062)
🔴 CLOSE_SHORT: DOTUSDT at 2.3624525599999995 (PnL: 1.6443864538257549)
🟢 OPEN_SHORT: DOTUSDT at 2.31697698 (qty: 235.28191552006308)
🔴 CLOSE_SHORT: DOTUSDT at 2.3223244899999997 (PnL: -1.5586929210190823)
🟢 OPEN_SHORT: DOTUSDT at 2.32267299 (qty: 233.1045917781005)
🔴 CLOSE_SHORT: DOTUSDT at 2.3244259599999997 (PnL: -0.7066342567374917)
🟢 OPEN_SHORT: DOTUSDT at 2.3232725700000003 (qty: 232.17977490321303)
🔴 CLOSE_SHORT: DOTUSDT at 2.32742806 (PnL: -1.2620306805032806)
🟢 OPEN_SHORT: DOTUSDT at 2.2640140800000004 (qty: 236.8799236389158)
🔴 CLOSE_SHORT: DOTUSDT at 2.26828669 (PnL: -1.3076168983938947)
🟢 OPEN_SHORT: DOTUSDT at 2.26551303 (qty: 235.3084321745959)
🔴 CLOSE_SHORT: DOTUSDT at 2.26788641 (PnL: -0.8519853642724569)
🟢 OPEN_SHORT: DOTUSDT at 2.20365636 (qty: 240.87419178224226)
🔴 CLOSE_SHORT: DOTUSDT at 2.22575694 (PnL: -5.618329417633215)
🟢 OPEN_SHORT: DOTUSDT at 2.22124404 (qty: 233.64537716728233)
🔴 CLOSE_SHORT: DOTUSDT at 2.2305603 (PnL: -2.463339137911758)
🟢 OPEN_SHORT: DOTUSDT at 2.25791835 (qty: 227.41559343317314)
🔴 CLOSE_SHORT: DOTUSDT at 2.2635834 (PnL: -1.5714464967865993)
🟢 OPEN_SHORT: DOTUSDT at 2.27230827 (qty: 224.34373047002325)
🔴 CLOSE_SHORT: DOTUSDT at 2.2855988 (PnL: -3.2636649487561327)
🟢 OPEN_SHORT: DOTUSDT at 2.27190855 (qty: 221.2633198843779)
🔴 CLOSE_SHORT: DOTUSDT at 2.28229649 (PnL: -2.5762137652454964)
🟢 OPEN_SHORT: DOTUSDT at 2.26621254 (qty: 219.30186728431747)
🔴 CLOSE_SHORT: DOTUSDT at 2.26628529 (PnL: -0.28930453858766497)
🟢 OPEN_SHORT: DOTUSDT at 2.25132297 (qty: 220.25242762130728)
🔴 CLOSE_SHORT: DOTUSDT at 2.2573790599999994 (PnL: -1.6073247943075932)
🟢 OPEN_SHORT: DOTUSDT at 2.25871779 (qty: 217.86663956325316)
🔴 CLOSE_SHORT: DOTUSDT at 2.26908725 (PnL: -2.5310565320039347)
🟢 OPEN_SHORT: DOTUSDT at 2.34046053 (qty: 207.86329277893873)
🔴 CLOSE_SHORT: DOTUSDT at 2.33883604 (PnL: 0.07028485218705033)
🟢 OPEN_SHORT: DOTUSDT at 2.3474556300000002 (qty: 207.0758017580472)
🔴 CLOSE_SHORT: DOTUSDT at 2.35044416 (PnL: -0.8865483057336414)
🟢 OPEN_LONG: DOTUSDT at 2.3478423399999997 (qty: 206.05874612512866)
🔴 CLOSE_LONG: DOTUSDT at 2.35115304 (PnL: 0.41573708474260984)
🟢 OPEN_SHORT: DOTUSDT at 2.32467159 (qty: 208.24134993443135)
🔴 CLOSE_SHORT: DOTUSDT at 2.32782834 (PnL: -0.9239784451709994)
🟢 OPEN_SHORT: DOTUSDT at 2.32447173 (qty: 207.23516871526803)
🔴 CLOSE_SHORT: DOTUSDT at 2.331631 (PnL: -1.7494102953448336)
🟢 OPEN_SHORT: DOTUSDT at 2.3257708200000002 (qty: 205.3872131001597)
🔴 CLOSE_SHORT: DOTUSDT at 2.33223142 (PnL: -1.5903804103669439)
🟢 OPEN_SHORT: DOTUSDT at 2.3323662 (qty: 203.21739110393784)
🔴 CLOSE_SHORT: DOTUSDT at 2.3358339399999997 (PnL: -0.9657802194630475)
🟢 OPEN_SHORT: DOTUSDT at 2.31078132 (qty: 204.05411564967486)
🔴 CLOSE_SHORT: DOTUSDT at 2.3169207099999998 (PnL: -1.5127952606586572)
🟢 OPEN_SHORT: DOTUSDT at 2.31777642 (qty: 201.90910877783816)
🔴 CLOSE_SHORT: DOTUSDT at 2.32552673 (PnL: -1.8231079510733117)
🟢 OPEN_SHORT: DOTUSDT at 2.3253711000000004 (qty: 199.4602827986906)
🔴 CLOSE_SHORT: DOTUSDT at 2.33633429 (PnL: -2.4430242217833134)
🟢 OPEN_SHORT: DOTUSDT at 2.28220134 (qty: 200.86874880171683)
🔴 CLOSE_SHORT: DOTUSDT at 2.2815959999999995 (PnL: -0.13047184518535088)
🟢 OPEN_SHORT: DOTUSDT at 2.2903956 (qty: 199.81601377883473)
🔴 CLOSE_SHORT: DOTUSDT at 2.2989081099999997 (PnL: -1.9535830754736159)
🟢 OPEN_SHORT: DOTUSDT at 2.28390015 (qty: 198.4531281400326)
🔴 CLOSE_SHORT: DOTUSDT at 2.2976072 (PnL: -2.970988984914184)
🟢 OPEN_SHORT: DOTUSDT at 2.29109511 (qty: 195.01878266202542)
🔴 CLOSE_SHORT: DOTUSDT at 2.2857989399999994 (PnL: 0.7876770764923564)
🟢 OPEN_SHORT: DOTUSDT at 2.27680512 (qty: 196.71883302461146)
🔴 CLOSE_SHORT: DOTUSDT at 2.28509845 (PnL: -1.8786912447246684)
🟢 OPEN_SHORT: DOTUSDT at 2.27610561 (qty: 194.912038484256)
🔴 CLOSE_SHORT: DOTUSDT at 2.28009495 (PnL: -1.0220002666599592)
🟢 OPEN_SHORT: DOTUSDT at 2.2668121200000004 (qty: 194.5941507029513)
🔴 CLOSE_SHORT: DOTUSDT at 2.26868697 (PnL: -0.6076451112212613)
🟢 OPEN_SHORT: DOTUSDT at 2.26391415 (qty: 194.09210806641806)
🔴 CLOSE_SHORT: DOTUSDT at 2.26908725 (PnL: -1.2462844444948962)
🟢 OPEN_SHORT: DOTUSDT at 2.2430287800000004 (qty: 194.5726047746292)
🔴 CLOSE_SHORT: DOTUSDT at 2.24827269 (PnL: -1.2609199783489506)
🟢 OPEN_SHORT: DOTUSDT at 2.2570189800000002 (qty: 192.03650525119755)
🔴 CLOSE_SHORT: DOTUSDT at 2.2692873899999997 (PnL: -2.595664892271156)
🟢 OPEN_SHORT: DOTUSDT at 2.25781842 (qty: 189.45807625192438)
🔴 CLOSE_SHORT: DOTUSDT at 2.26148193 (PnL: -0.9297323656946429)
🟢 OPEN_SHORT: DOTUSDT at 2.25991695 (qty: 188.25113529953123)
🔴 CLOSE_SHORT: DOTUSDT at 2.26108165 (PnL: -0.45336425047293716)
🟢 OPEN_SHORT: DOTUSDT at 2.26811121 (qty: 186.96491866222684)
🔴 CLOSE_SHORT: DOTUSDT at 2.2721894199999997 (PnL: -0.9961330414899636)
🟢 OPEN_SHORT: DOTUSDT at 2.26201548 (qty: 186.38179207370618)
🔴 CLOSE_SHORT: DOTUSDT at 2.26898718 (PnL: -1.5319917830405865)
🟢 OPEN_SHORT: DOTUSDT at 2.26331457 (qty: 184.71615147426968)
🔴 CLOSE_SHORT: DOTUSDT at 2.2230550499999997 (PnL: 7.210734799258137)
🟢 OPEN_SHORT: DOTUSDT at 2.08873686 (qty: 206.83905042587202)
🔴 CLOSE_SHORT: DOTUSDT at 2.08235663 (PnL: 1.0827887473001883)
🟢 OPEN_SHORT: DOTUSDT at 2.02348257 (qty: 214.34466352874432)
🔴 CLOSE_SHORT: DOTUSDT at 2.021414 (PnL: 0.20508332361040355)
🟢 OPEN_SHORT: DOTUSDT at 2.02508145 (qty: 214.14238045114917)
🔴 CLOSE_SHORT: DOTUSDT at 2.02611729 (PnL: -0.46044991212115155)
🟢 OPEN_SHORT: DOTUSDT at 2.0214839700000002 (qty: 213.83194107034498)
🔴 CLOSE_SHORT: DOTUSDT at 2.02521666 (PnL: -1.0363491533364817)
🟢 OPEN_SHORT: DOTUSDT at 2.0267802600000002 (qty: 212.0159090239776)
🔴 CLOSE_SHORT: DOTUSDT at 2.02781848 (PnL: -0.4565805351718973)
🟢 OPEN_SHORT: DOTUSDT at 2.0383721400000003 (qty: 210.13033347299822)
🔴 CLOSE_SHORT: DOTUSDT at 2.0434293999999995 (PnL: -1.2988463059472724)
🟢 OPEN_SHORT: DOTUSDT at 2.25402108 (qty: 188.66503622455207)
🔴 CLOSE_SHORT: DOTUSDT at 2.25367647 (PnL: -0.1688386159346971)
🟢 OPEN_SHORT: DOTUSDT at 2.2546206600000005 (qty: 188.25761625534543)
🔴 CLOSE_SHORT: DOTUSDT at 2.25988081 (PnL: -1.224255176016923)
🟢 OPEN_SHORT: DOTUSDT at 2.3031866400000003 (qty: 183.02212199246785)
🔴 CLOSE_SHORT: DOTUSDT at 2.3076141999999997 (PnL: -1.042630872642042)
🟢 OPEN_SHORT: DOTUSDT at 2.2828009200000006 (qty: 183.53994571519877)
🔴 CLOSE_SHORT: DOTUSDT at 2.29120272 (PnL: -1.7733558884780407)
🟢 OPEN_SHORT: DOTUSDT at 2.26921044 (qty: 182.87310606847961)
🔴 CLOSE_SHORT: DOTUSDT at 2.29840776 (PnL: -5.570578928620998)
🟢 OPEN_SHORT: DOTUSDT at 2.30818314 (qty: 174.76079836149646)
🔴 CLOSE_SHORT: DOTUSDT at 2.31171707 (PnL: -0.8397910645600928)
🟢 OPEN_SHORT: DOTUSDT at 2.29569189 (qty: 174.78679521783903)
🔴 CLOSE_SHORT: DOTUSDT at 2.29800748 (PnL: -0.6256483046871453)
🟢 OPEN_SHORT: DOTUSDT at 2.36284485 (qty: 169.10291395569885)
🔴 CLOSE_SHORT: DOTUSDT at 2.37135879 (PnL: -1.6602840880268572)
🟢 OPEN_SHORT: DOTUSDT at 2.3331656400000003 (qty: 169.64241803246847)
🔴 CLOSE_SHORT: DOTUSDT at 2.34023702 (PnL: -1.4179579087894365)
🟢 OPEN_SHORT: DOTUSDT at 2.3255709600000003 (qty: 168.78975852681322)
🔴 CLOSE_SHORT: DOTUSDT at 2.33012995 (PnL: -0.9858269606042155)
🟢 OPEN_SHORT: DOTUSDT at 2.3264703300000003 (qty: 167.6914233577623)
🔴 CLOSE_SHORT: DOTUSDT at 2.3288290399999996 (PnL: -0.6103239982490435)
🟢 OPEN_SHORT: DOTUSDT at 2.3020874100000004 (qty: 168.7509037754842)
🔴 CLOSE_SHORT: DOTUSDT at 2.3078143399999997 (PnL: -1.180619778950387)
🟢 OPEN_SHORT: DOTUSDT at 2.28350043 (qty: 168.90330263071445)
🔴 CLOSE_SHORT: DOTUSDT at 2.2872999899999997 (PnL: -0.8542411198734984)
🟢 OPEN_SHORT: DOTUSDT at 2.28489945 (qty: 167.86647749655174)
🔴 CLOSE_SHORT: DOTUSDT at 2.2855988 (PnL: -0.32841890177664557)
🟢 OPEN_SHORT: DOTUSDT at 2.2851992400000003 (qty: 167.372395274136)
🔴 CLOSE_SHORT: DOTUSDT at 2.28489831 (PnL: -0.1599685217964913)
🟢 OPEN_SHORT: DOTUSDT at 2.2613159700000005 (qty: 168.81259023537407)
🔴 CLOSE_SHORT: DOTUSDT at 2.26598508 (PnL: -0.9985942991280491)
🟢 OPEN_SHORT: DOTUSDT at 2.2668121200000004 (qty: 167.33698475690184)
🔴 CLOSE_SHORT: DOTUSDT at 2.27419082 (PnL: -1.4440353384449964)
🟢 OPEN_SHORT: DOTUSDT at 2.24592675 (qty: 167.42139112000245)
🔴 CLOSE_SHORT: DOTUSDT at 2.24517052 (PnL: -0.08013018586127127)
🟢 OPEN_SHORT: DOTUSDT at 2.24772549 (qty: 167.03209726378935)
🔴 CLOSE_SHORT: DOTUSDT at 2.2251565199999996 (PnL: 3.5653224840319346)
🟢 OPEN_SHORT: DOTUSDT at 2.2356339600000004 (qty: 170.94030952325932)
🔴 CLOSE_SHORT: DOTUSDT at 2.24026709 (PnL: -1.0026122486401123)
🟢 OPEN_SHORT: DOTUSDT at 2.21894565 (qty: 171.13279031805698)
🔴 CLOSE_SHORT: DOTUSDT at 2.22595708 (PnL: -1.409399415445471)
🟢 OPEN_SHORT: DOTUSDT at 2.1075237 (qty: 178.64465961688325)
🔴 CLOSE_SHORT: DOTUSDT at 2.11678071 (PnL: -1.8616987637018905)
🟢 OPEN_SHORT: DOTUSDT at 2.1141190800000005 (qty: 176.13024373924392)
🔴 CLOSE_SHORT: DOTUSDT at 2.1218842799999997 (PnL: -1.5732369661664234)
🟢 OPEN_SHORT: DOTUSDT at 2.11511838 (qty: 174.36576697996205)
🔴 CLOSE_SHORT: DOTUSDT at 2.1194825999999996 (PnL: -0.9642314326015052)
🟢 OPEN_SHORT: DOTUSDT at 2.11381929 (qty: 173.36869466001838)
🔴 CLOSE_SHORT: DOTUSDT at 2.1202831599999996 (PnL: -1.3228076024193522)
🟢 OPEN_SHORT: DOTUSDT at 2.11481859 (qty: 171.8451693530221)
🔴 CLOSE_SHORT: DOTUSDT at 2.1129780499999997 (PnL: 0.11658011903826121)
🟢 OPEN_SHORT: DOTUSDT at 2.1122204100000004 (qty: 171.97767513898796)
🔴 CLOSE_SHORT: DOTUSDT at 2.10897525 (PnL: 0.3586119090227621)
🟢 OPEN_SHORT: DOTUSDT at 2.1078234900000004 (qty: 172.48711801761166)
🔴 CLOSE_SHORT: DOTUSDT at 2.1030711199999996 (PnL: 0.6202086329923038)
🟢 OPEN_SHORT: DOTUSDT at 2.0973308400000006 (qty: 173.7507882671117)
🔴 CLOSE_SHORT: DOTUSDT at 2.10006902 (PnL: -0.6764496896192982)
🟢 OPEN_SHORT: DOTUSDT at 2.0977305600000005 (qty: 172.88165604657144)
🔴 CLOSE_SHORT: DOTUSDT at 2.1009696499999997 (PnL: -0.7597497551013268)
🟢 OPEN_SHORT: DOTUSDT at 2.0996292300000006 (qty: 171.81162437695502)
🔴 CLOSE_SHORT: DOTUSDT at 2.10277091 (PnL: -0.738481411229304)
🟢 OPEN_SHORT: DOTUSDT at 2.13100725 (qty: 168.40249182339588)
🔴 CLOSE_SHORT: DOTUSDT at 2.1301900899999997 (PnL: -0.05968934534894896)
🟢 OPEN_SHORT: DOTUSDT at 2.1316068300000004 (qty: 168.11392872058425)
🔴 CLOSE_SHORT: DOTUSDT at 2.1362943599999995 (PnL: -0.9855665450652246)
🟢 OPEN_LONG: DOTUSDT at 2.13409282 (qty: 166.80974425013767)
🔴 CLOSE_LONG: DOTUSDT at 2.12701005 (PnL: -1.376618353634398)
🟢 OPEN_SHORT: DOTUSDT at 2.13120711 (qty: 165.56000255541625)
🔴 CLOSE_SHORT: DOTUSDT at 2.1362943599999995 (PnL: -1.036771817835344)
🟢 OPEN_SHORT: DOTUSDT at 2.12661033 (qty: 164.760313198525)
🔴 CLOSE_SHORT: DOTUSDT at 2.12618729 (PnL: -0.12297100320497033)
🟢 OPEN_SHORT: DOTUSDT at 2.09673126 (qty: 166.80708186378894)
🔴 CLOSE_SHORT: DOTUSDT at 2.09536573 (PnL: 0.03554306092513568)
🟢 OPEN_SHORT: DOTUSDT at 2.09113518 (qty: 167.1034889622985)
🔴 CLOSE_SHORT: DOTUSDT at 2.0944651 (PnL: -0.7489370841111522)
🟢 OPEN_SHORT: DOTUSDT at 2.0856390300000003 (qty: 166.64136301604694)
🔴 CLOSE_SHORT: DOTUSDT at 2.08565894 (PnL: -0.1944742062391265)
🟢 OPEN_SHORT: DOTUSDT at 2.0877375600000003 (qty: 166.10443757231545)
🔴 CLOSE_SHORT: DOTUSDT at 2.09686678 (PnL: -1.7079683360096711)
🟢 OPEN_SHORT: DOTUSDT at 2.13190662 (qty: 160.88184754070176)
🔴 CLOSE_SHORT: DOTUSDT at 2.14339933 (PnL: -2.0386271423748026)
🟢 OPEN_SHORT: DOTUSDT at 2.12890872 (qty: 159.01599479648715)
🔴 CLOSE_SHORT: DOTUSDT at 2.14059737 (PnL: -2.0458963787150664)
🟢 OPEN_SHORT: DOTUSDT at 2.1377025600000006 (qty: 156.27354705162938)
🔴 CLOSE_SHORT: DOTUSDT at 2.1360942199999995 (PnL: 0.06774273533745295)
🟢 OPEN_SHORT: DOTUSDT at 2.1057249600000003 (qty: 158.5365517372561)
🔴 CLOSE_SHORT: DOTUSDT at 2.11037623 (PnL: -0.9214107807037508)
🟢 OPEN_SHORT: DOTUSDT at 2.0999290200000003 (qty: 157.92168760665533)
🔴 CLOSE_SHORT: DOTUSDT at 2.10207042 (PnL: -0.5207528813477873)
🟢 OPEN_SHORT: DOTUSDT at 2.10082839 (qty: 157.18468187767343)
🔴 CLOSE_SHORT: DOTUSDT at 2.1049724499999996 (PnL: -0.8333609364848716)
🟢 OPEN_SHORT: DOTUSDT at 2.10242727 (qty: 156.09961168473026)
🔴 CLOSE_SHORT: DOTUSDT at 2.10126986 (PnL: 0.00026717650510713065)
🟢 OPEN_SHORT: DOTUSDT at 2.10262713 (qty: 155.91333490827193)
🔴 CLOSE_SHORT: DOTUSDT at 2.10717399 (PnL: -0.8896111941681102)
🟢 OPEN_SHORT: DOTUSDT at 2.0999290200000003 (qty: 155.09465893750766)
🔴 CLOSE_SHORT: DOTUSDT at 2.10026916 (PnL: -0.23191118826688298)
🟢 OPEN_SHORT: DOTUSDT at 2.29299378 (qty: 141.67753050803387)
🔴 CLOSE_SHORT: DOTUSDT at 2.29750713 (PnL: -0.818468107395065)
🟢 OPEN_SHORT: DOTUSDT at 2.2531217100000003 (qty: 143.29958577339622)
🔴 CLOSE_SHORT: DOTUSDT at 2.24366947 (PnL: 1.177667778515896)
🟢 OPEN_SHORT: DOTUSDT at 2.24982402 (qty: 144.39866490027268)
🔴 CLOSE_SHORT: DOTUSDT at 2.2477723399999996 (PnL: 0.11774342411000266)
🟢 OPEN_SHORT: DOTUSDT at 2.24392815 (qty: 144.72375724399205)
🔴 CLOSE_SHORT: DOTUSDT at 2.2441698199999998 (PnL: -0.21360696894732073)
🟢 OPEN_SHORT: DOTUSDT at 2.23963116 (qty: 144.651172933103)
🔴 CLOSE_SHORT: DOTUSDT at 2.22805855 (PnL: 1.4967314049557339)
🟢 OPEN_SHORT: DOTUSDT at 2.2159477499999998 (qty: 147.38721851171238)
🔴 CLOSE_SHORT: DOTUSDT at 2.22145393 (PnL: -0.9916182085118939)
🟢 OPEN_SHORT: DOTUSDT at 2.21764656 (qty: 146.21801420421068)
🔴 CLOSE_SHORT: DOTUSDT at 2.2235554 (PnL: -1.0427969713339893)
🟢 OPEN_SHORT: DOTUSDT at 2.1977604900000003 (qty: 146.4297851689462)
🔴 CLOSE_SHORT: DOTUSDT at 2.19933846 (PnL: -0.4081885701193634)
🟢 OPEN_SHORT: DOTUSDT at 2.2047555900000004 (qty: 145.4343607797434)
🔴 CLOSE_SHORT: DOTUSDT at 2.20684371 (PnL: -0.4802073947988609)
🟢 OPEN_SHORT: DOTUSDT at 2.2148485200000003 (qty: 144.17875095842507)
🔴 CLOSE_SHORT: DOTUSDT at 2.2152495899999995 (PnL: -0.23349132706783376)
🟢 OPEN_SHORT: DOTUSDT at 2.09203455 (qty: 152.2517125824193)
🔴 CLOSE_SHORT: DOTUSDT at 2.08715999 (PnL: 0.5673845824847346)
🟢 OPEN_SHORT: DOTUSDT at 2.06705205 (qty: 154.47131326796531)
🔴 CLOSE_SHORT: DOTUSDT at 2.07635243 (PnL: -1.6130472001591958)
🟢 OPEN_SHORT: DOTUSDT at 2.0693504400000005 (qty: 152.5710261463435)
🔴 CLOSE_SHORT: DOTUSDT at 2.05473731 (PnL: 2.057118880393631)
🟢 OPEN_SHORT: DOTUSDT at 2.0291785800000004 (qty: 157.4478785577756)
🔴 CLOSE_SHORT: DOTUSDT at 2.0238156800000002 (PnL: 0.6691222109431424)
🟢 OPEN_SHORT: DOTUSDT at 2.05396122 (qty: 156.02858763266636)
🔴 CLOSE_SHORT: DOTUSDT at 2.05853997 (PnL: -0.8910709918805186)
🟢 OPEN_SHORT: DOTUSDT at 2.0362736100000003 (qty: 156.3355731404263)
🔴 CLOSE_SHORT: DOTUSDT at 2.04703192 (PnL: -1.8579197095197717)
🟢 OPEN_SHORT: DOTUSDT at 1.9716189000000002 (qty: 159.39996632663554)
🔴 CLOSE_SHORT: DOTUSDT at 1.9754818699999999 (PnL: -0.788947746877037)
🟢 OPEN_SHORT: DOTUSDT at 1.97281806 (qty: 158.32802503354353)
🔴 CLOSE_SHORT: DOTUSDT at 1.9772831299999998 (PnL: -0.8791283478342565)
🟢 OPEN_LONG: DOTUSDT at 2.01200742 (qty: 154.19950234016954)
🔴 CLOSE_LONG: DOTUSDT at 2.00889279 (PnL: -0.6506480436338127)
🟢 OPEN_SHORT: DOTUSDT at 2.02967823 (qty: 152.04773181427208)
🔴 CLOSE_SHORT: DOTUSDT at 2.0354238 (PnL: -1.0438157511190227)
🟢 OPEN_SHORT: DOTUSDT at 2.04186969 (qty: 149.95122970543846)
🔴 CLOSE_SHORT: DOTUSDT at 2.04613129 (PnL: -0.8077831072035444)
🟢 OPEN_SHORT: DOTUSDT at 2.03827221 (qty: 149.2580354325463)
🔴 CLOSE_SHORT: DOTUSDT at 2.04212849 (PnL: -0.7432230244628376)
🟢 OPEN_SHORT: DOTUSDT at 2.03237634 (qty: 148.79498564528282)
🔴 CLOSE_SHORT: DOTUSDT at 2.0358240800000003 (PnL: -0.6796126519266784)
🟢 OPEN_SHORT: DOTUSDT at 2.0354741700000005 (qty: 147.73733772464982)
🔴 CLOSE_SHORT: DOTUSDT at 2.04122786 (PnL: -1.0158959060420119)
🟢 OPEN_SHORT: DOTUSDT at 2.00649447 (qty: 148.69363481606422)
🔴 CLOSE_SHORT: DOTUSDT at 2.0100060199999996 (PnL: -0.6865264389521055)
🟢 OPEN_SHORT: DOTUSDT at 2.00809335 (qty: 147.72805001976005)
🔴 CLOSE_SHORT: DOTUSDT at 2.01280798 (PnL: -0.8600246053368902)
🟢 OPEN_SHORT: DOTUSDT at 1.98011295 (qty: 148.78209283775251)
🔴 CLOSE_SHORT: DOTUSDT at 1.9843880999999999 (PnL: -0.7984485421814675)
🟢 OPEN_SHORT: DOTUSDT at 1.9837104300000001 (qty: 147.5439062888547)
🔴 CLOSE_SHORT: DOTUSDT at 1.9679766199999997 (PnL: 2.161728161306739)
🟢 OPEN_SHORT: DOTUSDT at 1.9601269500000003 (qty: 151.36054799225474)
🔴 CLOSE_SHORT: DOTUSDT at 1.97318026 (PnL: -2.1400200597053307)
🟢 OPEN_LONG: DOTUSDT at 1.9677764799999997 (qty: 148.43123579196515)
🔴 CLOSE_LONG: DOTUSDT at 1.9574288400000002 (PnL: -1.6957119626631212)
🟢 OPEN_SHORT: DOTUSDT at 1.9576287000000003 (qty: 147.30412530183997)
🔴 CLOSE_SHORT: DOTUSDT at 1.95316626 (PnL: 0.4990956247879004)
🟢 OPEN_SHORT: DOTUSDT at 1.9904057400000001 (qty: 145.22052730173647)
🔴 CLOSE_SHORT: DOTUSDT at 1.9940948899999997 (PnL: -0.695011239573665)
🟢 OPEN_SHORT: DOTUSDT at 1.9948026600000002 (qty: 144.04422143683976)
🔴 CLOSE_SHORT: DOTUSDT at 1.9963965 (PnL: -0.3877466006318071)
🟢 OPEN_SHORT: DOTUSDT at 1.8602968800000002 (qty: 153.8723373566515)
🔴 CLOSE_SHORT: DOTUSDT at 1.8728100499999998 (PnL: -2.083926228541264)
🟢 OPEN_SHORT: DOTUSDT at 1.8878775600000002 (qty: 149.2498822825096)
🔴 CLOSE_SHORT: DOTUSDT at 1.8878205499999998 (PnL: -0.14645761138292224)
🟢 OPEN_SHORT: DOTUSDT at 1.88218155 (qty: 149.3812572528258)
🔴 CLOSE_SHORT: DOTUSDT at 1.8878205499999998 (PnL: -0.9974636636233406)
🟢 OPEN_SHORT: DOTUSDT at 1.8864785400000001 (qty: 147.81956654480547)
🔴 CLOSE_SHORT: DOTUSDT at 1.8903222999999998 (PnL: -0.7218675797609972)
🟢 OPEN_SHORT: DOTUSDT at 1.8991696500000002 (qty: 145.91006160785372)
🔴 CLOSE_SHORT: DOTUSDT at 1.89792762 (PnL: 0.028914969040039762)
🟢 OPEN_SHORT: DOTUSDT at 1.9041661500000002 (qty: 145.3974863572956)
🔴 CLOSE_SHORT: DOTUSDT at 1.90663371 (PnL: -0.5112478832967118)
🟢 OPEN_LONG: DOTUSDT at 1.9060332899999999 (qty: 144.55882298942205)
🔴 CLOSE_LONG: DOTUSDT at 1.9010683200000003 (PnL: -0.8688791286966594)
🟢 OPEN_SHORT: DOTUSDT at 1.8930739200000002 (qty: 144.47036669428348)
🔴 CLOSE_SHORT: DOTUSDT at 1.8971270599999999 (PnL: -0.7363018751763379)
🟢 OPEN_SHORT: DOTUSDT at 1.8871780500000002 (qty: 143.98198265377727)
🔴 CLOSE_SHORT: DOTUSDT at 1.87741327 (PnL: 1.2572798578966762)
🟢 OPEN_SHORT: DOTUSDT at 1.8750865200000002 (qty: 146.0920882597454)
🔴 CLOSE_SHORT: DOTUSDT at 1.8736106099999998 (PnL: 0.06507294635320962)
🟢 OPEN_SHORT: DOTUSDT at 1.8652933800000002 (qty: 146.76732645204075)
🔴 CLOSE_SHORT: DOTUSDT at 1.8668058499999998 (PnL: -0.3726735352240923)
🟢 OPEN_SHORT: DOTUSDT at 1.86809142 (qty: 145.9873065667044)
🔴 CLOSE_SHORT: DOTUSDT at 1.8671060599999998 (PnL: -0.006065529226967348)
🟢 OPEN_SHORT: DOTUSDT at 1.8387120000000001 (qty: 148.15018032699268)
🔴 CLOSE_SHORT: DOTUSDT at 1.8326819799999998 (PnL: 0.7440168591749506)
🟢 OPEN_SHORT: DOTUSDT at 1.8130299900000002 (qty: 150.9042340893387)
🔴 CLOSE_SHORT: DOTUSDT at 1.8266777799999998 (PnL: -2.2111186731874786)
🟢 OPEN_SHORT: DOTUSDT at 1.80533538 (qty: 148.93117055255973)
🔴 CLOSE_SHORT: DOTUSDT at 1.8059632899999998 (PnL: -0.24144569601667637)
🟢 OPEN_SHORT: DOTUSDT at 1.8103318800000003 (qty: 148.09000778840456)
🔴 CLOSE_SHORT: DOTUSDT at 1.81346854 (PnL: -0.6122141174464579)
🟢 OPEN_SHORT: DOTUSDT at 1.8048357300000002 (qty: 147.6991663421203)
🔴 CLOSE_SHORT: DOTUSDT at 1.81386882 (PnL: -1.4815286644056866)
🟢 OPEN_SHORT: DOTUSDT at 1.7966414700000002 (qty: 146.56037376822073)
🔴 CLOSE_SHORT: DOTUSDT at 1.791253 (PnL: 0.6453464871824781)
🟢 OPEN_SHORT: DOTUSDT at 1.80763377 (qty: 146.222921170113)
🔴 CLOSE_SHORT: DOTUSDT at 1.7453208699999998 (PnL: 8.971211010786359)
🟢 OPEN_SHORT: DOTUSDT at 1.7527722000000001 (qty: 160.8703989243064)
🔴 CLOSE_SHORT: DOTUSDT at 1.75893039 (PnL: -1.1462983903873112)
🟢 OPEN_SHORT: DOTUSDT at 1.8353143800000002 (qty: 152.21719135515087)
🔴 CLOSE_SHORT: DOTUSDT at 1.8418884199999999 (PnL: -1.1548837998014445)
🟢 OPEN_SHORT: DOTUSDT at 1.85849814 (qty: 148.91019989803186)
🔴 CLOSE_SHORT: DOTUSDT at 1.8643040999999998 (PnL: -1.0172543071108902)
🟢 OPEN_SHORT: DOTUSDT at 1.85420115 (qty: 147.99386607046748)
🔴 CLOSE_SHORT: DOTUSDT at 1.8559982899999998 (PnL: -0.41703769576636196)
🟢 OPEN_SHORT: DOTUSDT at 1.83841221 (qty: 148.64700546834814)
🔴 CLOSE_SHORT: DOTUSDT at 1.8418884199999999 (PnL: -0.6673133658010119)
🟢 OPEN_SHORT: DOTUSDT at 1.8330159900000003 (qty: 148.1925104125957)
🔴 CLOSE_SHORT: DOTUSDT at 1.8379856899999998 (PnL: -0.8862789614243458)
🟢 OPEN_SHORT: DOTUSDT at 1.83801249 (qty: 146.6627030898901)
🔴 CLOSE_SHORT: DOTUSDT at 1.8330822599999999 (PnL: 0.5752162190741581)
🟢 OPEN_SHORT: DOTUSDT at 1.8312172500000001 (qty: 147.6732418648973)
🔴 CLOSE_SHORT: DOTUSDT at 1.83368268 (PnL: -0.5130102669398517)
🟢 OPEN_SHORT: DOTUSDT at 1.8326162700000002 (qty: 146.83832495162164)
🔴 CLOSE_SHORT: DOTUSDT at 1.8356840799999998 (PnL: -0.5987239081659433)
🟢 OPEN_SHORT: DOTUSDT at 1.8333157800000002 (qty: 145.9676779828146)
🔴 CLOSE_SHORT: DOTUSDT at 1.8379856899999998 (PnL: -0.8292134959228865)
🟢 OPEN_SHORT: DOTUSDT at 1.83281613 (qty: 144.94201068159092)
🔴 CLOSE_SHORT: DOTUSDT at 1.8372852 (PnL: -0.7942208877726972)
🟢 OPEN_SHORT: DOTUSDT at 1.8045359400000003 (qty: 146.17131762734718)
🔴 CLOSE_SHORT: DOTUSDT at 1.8085651099999998 (PnL: -0.7343472776734526)
🟢 OPEN_SHORT: DOTUSDT at 1.8084332100000002 (qty: 144.88373223620314)
🔴 CLOSE_SHORT: DOTUSDT at 1.80756441 (PnL: -0.018162686321109817)
🟢 OPEN_SHORT: DOTUSDT at 1.8071341200000002 (qty: 144.80829667683616)
🔴 CLOSE_SHORT: DOTUSDT at 1.8162705 (PnL: -1.467679696167434)
🟢 OPEN_SHORT: DOTUSDT at 1.7729580600000001 (qty: 145.78167606305163)
🔴 CLOSE_SHORT: DOTUSDT at 1.77904446 (PnL: -1.0299292389333496)
🟢 OPEN_SHORT: DOTUSDT at 1.7717589 (qty: 144.5572689495698)
🔴 CLOSE_SHORT: DOTUSDT at 1.77694299 (PnL: -0.890676406531187)
🟢 OPEN_SHORT: DOTUSDT at 1.80003909 (qty: 141.14001397460234)
🔴 CLOSE_SHORT: DOTUSDT at 1.8100661599999999 (PnL: -1.5557308196388333)
🟢 OPEN_SHORT: DOTUSDT at 1.8354143100000002 (qty: 136.57222569088617)
🔴 CLOSE_SHORT: DOTUSDT at 1.83418303 (PnL: 0.030384497746358013)
🟢 OPEN_SHORT: DOTUSDT at 1.7711593200000002 (qty: 141.4054908950682)
🔴 CLOSE_SHORT: DOTUSDT at 1.76713613 (PnL: 0.43146564334658655)
🟢 OPEN_SHORT: DOTUSDT at 1.7757561 (qty: 141.37025212317207)
🔴 CLOSE_SHORT: DOTUSDT at 1.77934467 (PnL: -0.6456675681982108)
🟢 OPEN_SHORT: DOTUSDT at 1.7677617 (qty: 141.122872745542)
🔴 CLOSE_SHORT: DOTUSDT at 1.7691375299999998 (PnL: -0.3314772557930169)
🟢 OPEN_SHORT: DOTUSDT at 1.76136618 (qty: 141.10310449561302)
🔴 CLOSE_SHORT: DOTUSDT at 1.76153221 (PnL: -0.16013406336440647)
🟢 OPEN_SHORT: DOTUSDT at 1.76146611 (qty: 140.7580758763971)
🔴 CLOSE_SHORT: DOTUSDT at 1.76683592 (PnL: -0.8926271568905018)
🟢 OPEN_SHORT: DOTUSDT at 1.74108039 (qty: 141.22414612509652)
🔴 CLOSE_SHORT: DOTUSDT at 1.74712213 (PnL: -0.9889442796518579)
🟢 OPEN_SHORT: DOTUSDT at 1.7451775200000001 (qty: 139.60426902762413)
🔴 CLOSE_SHORT: DOTUSDT at 1.75062458 (PnL: -0.8948498953075679)
🟢 OPEN_SHORT: DOTUSDT at 1.72459194 (qty: 140.07750410640514)
🔴 CLOSE_SHORT: DOTUSDT at 1.7296098799999997 (PnL: -0.8361542002431461)
🟢 OPEN_SHORT: DOTUSDT at 1.7256911700000002 (qty: 138.86522463270398)
🔴 CLOSE_SHORT: DOTUSDT at 1.72810883 (PnL: -0.4677147204627262)
🟢 OPEN_SHORT: DOTUSDT at 1.7320866900000003 (qty: 137.66023465409458)
🔴 CLOSE_SHORT: DOTUSDT at 1.7357141499999997 (PnL: -0.630773344248057)
🟢 OPEN_SHORT: DOTUSDT at 1.72219362 (qty: 137.56619891085825)
🔴 CLOSE_SHORT: DOTUSDT at 1.7259072899999999 (PnL: -0.6414600439660689)
🟢 OPEN_SHORT: DOTUSDT at 1.7360838900000002 (qty: 135.57645697115484)
🔴 CLOSE_SHORT: DOTUSDT at 1.7394167399999998 (PnL: -0.5815591719592945)
🟢 OPEN_SHORT: DOTUSDT at 1.7405807400000002 (qty: 134.40920594920968)
🔴 CLOSE_SHORT: DOTUSDT at 1.7439198899999997 (PnL: -0.5777318882549013)
🟢 OPEN_SHORT: DOTUSDT at 1.7128002 (qty: 135.76438529999598)
🔴 CLOSE_SHORT: DOTUSDT at 1.71840204 (PnL: -0.8888441523112978)
🟢 OPEN_SHORT: DOTUSDT at 1.7227932000000001 (qty: 133.79655027496267)
🔴 CLOSE_SHORT: DOTUSDT at 1.73281212 (PnL: -1.4680112896426596)
🟢 OPEN_SHORT: DOTUSDT at 1.6713292500000003 (qty: 136.0080368677693)
🔴 CLOSE_SHORT: DOTUSDT at 1.6753719399999998 (PnL: -0.6751635572853992)
🟢 OPEN_LONG: DOTUSDT at 1.73831597 (qty: 129.84626581226894)
🔴 CLOSE_LONG: DOTUSDT at 1.72908879 (PnL: -1.3215985144292826)
🟢 OPEN_SHORT: DOTUSDT at 1.71319992 (qty: 130.06208595679604)
🔴 CLOSE_SHORT: DOTUSDT at 1.71640064 (PnL: -0.5390735759304166)
🟢 OPEN_LONG: DOTUSDT at 1.7113971399999999 (qty: 129.4258932287192)
🔴 CLOSE_LONG: DOTUSDT at 1.7057051700000003 (PnL: -0.858107629847666)
🟢 OPEN_SHORT: DOTUSDT at 1.7219937600000002 (qty: 127.49130939941078)
🔴 CLOSE_SHORT: DOTUSDT at 1.7228051199999999 (PnL: -0.22424482311811336)
🟢 OPEN_SHORT: DOTUSDT at 1.7249916600000001 (qty: 126.86974755032398)
🔴 CLOSE_SHORT: DOTUSDT at 1.7296098799999997 (PnL: -0.706601748391682)
🟢 OPEN_SHORT: DOTUSDT at 1.7427792000000002 (qty: 124.62583828849665)
🔴 CLOSE_SHORT: DOTUSDT at 1.75062458 (PnL: -1.0977322398878009)
🟢 OPEN_SHORT: DOTUSDT at 1.9124603400000002 (qty: 112.29563036133506)
🔴 CLOSE_SHORT: DOTUSDT at 1.9129381199999997 (PnL: -0.17180063188918188)
🟢 OPEN_LONG: DOTUSDT at 1.8871200599999998 (qty: 113.49627703295795)
🔴 CLOSE_LONG: DOTUSDT at 1.8836805 (PnL: -0.5079621527597133)
🟢 OPEN_SHORT: DOTUSDT at 1.8752863800000001 (qty: 113.54509896640724)
🔴 CLOSE_SHORT: DOTUSDT at 1.88011516 (PnL: -0.6656971270377235)
🟢 OPEN_SHORT: DOTUSDT at 1.8789837900000002 (qty: 112.48844292478589)
🔴 CLOSE_SHORT: DOTUSDT at 1.88151614 (PnL: -0.4012669599501141)
🟢 OPEN_SHORT: DOTUSDT at 1.88847714 (qty: 111.3748861906863)
🔴 CLOSE_SHORT: DOTUSDT at 1.89202349 (PnL: -0.5108724731202018)
🟢 OPEN_SHORT: DOTUSDT at 1.8757860300000002 (qty: 111.46037790662967)
🔴 CLOSE_SHORT: DOTUSDT at 1.8791144599999998 (PnL: -0.48618380994849614)
🟢 OPEN_SHORT: DOTUSDT at 1.8425093400000003 (qty: 112.82084939342865)
🔴 CLOSE_SHORT: DOTUSDT at 1.8440899599999998 (PnL: -0.29275537857298384)
🟢 OPEN_SHORT: DOTUSDT at 1.8392116500000002 (qty: 112.58046195028754)
🔴 CLOSE_SHORT: DOTUSDT at 1.84539087 (PnL: -0.8099246682353166)
🟢 OPEN_SHORT: DOTUSDT at 1.8913751100000002 (qty: 108.49866931894954)
🔴 CLOSE_SHORT: DOTUSDT at 1.8879206199999998 (PnL: 0.2621472868982702)
🟢 OPEN_SHORT: DOTUSDT at 1.85759877 (qty: 110.63220306767194)
🔴 CLOSE_SHORT: DOTUSDT at 1.8568989199999997 (PnL: -0.03556210279951598)
🟢 OPEN_SHORT: DOTUSDT at 1.83741291 (qty: 111.6858697082545)
🔴 CLOSE_SHORT: DOTUSDT at 1.8403873699999997 (PnL: -0.44525504722257425)
🟢 OPEN_SHORT: DOTUSDT at 1.8454073100000001 (qty: 110.59716372713686)
🔴 CLOSE_SHORT: DOTUSDT at 1.8479926899999999 (PnL: -0.3983462077132024)
🟢 OPEN_SHORT: DOTUSDT at 1.84930458 (qty: 109.81188155390272)
🔴 CLOSE_SHORT: DOTUSDT at 1.8482929 (PnL: -0.000536002225973442)
🟢 OPEN_SHORT: DOTUSDT at 1.8496043700000002 (qty: 109.67272980359274)
🔴 CLOSE_SHORT: DOTUSDT at 1.84519073 (PnL: 0.372754039768304)
🟢 OPEN_SHORT: DOTUSDT at 1.8370131900000002 (qty: 110.70880341242606)
🔴 CLOSE_SHORT: DOTUSDT at 1.83768548 (PnL: -0.18632479974267194)
🟢 OPEN_SHORT: DOTUSDT at 1.80163797 (qty: 112.55156419296051)
🔴 CLOSE_SHORT: DOTUSDT at 1.8042620999999999 (PnL: -0.4070398230086466)
🟢 OPEN_SHORT: DOTUSDT at 1.80303699 (qty: 111.88901737291377)
🔴 CLOSE_SHORT: DOTUSDT at 1.80876525 (PnL: -0.7522389142209842)
🟢 OPEN_SHORT: DOTUSDT at 1.8246218700000003 (qty: 109.61923043751784)
🔴 CLOSE_SHORT: DOTUSDT at 1.8225749099999997 (PnL: 0.11450208745953643)
🟢 OPEN_SHORT: DOTUSDT at 1.8296183700000002 (qty: 109.32478470580367)
🔴 CLOSE_SHORT: DOTUSDT at 1.83118093 (PnL: -0.2809329391011681)
🟢 OPEN_SHORT: DOTUSDT at 1.8217239 (qty: 109.36934165380273)
🟢 OPEN_SHORT: ATOMUSDT at 2.7310869 (qty: 72.8726642861559)
🔴 CLOSE_SHORT: ATOMUSDT at 2.7359137999999996 (PnL: -0.46140439356759666)
🟢 OPEN_SHORT: ATOMUSDT at 2.7920442000000003 (qty: 70.87274846014316)
🔴 CLOSE_SHORT: ATOMUSDT at 2.7999585999999996 (PnL: -0.670057699269047)
🟢 OPEN_SHORT: ATOMUSDT at 2.8490043000000003 (qty: 68.90900903405428)
🔴 CLOSE_SHORT: ATOMUSDT at 2.8950250999999994 (PnL: -3.2809690438776844)
🟢 OPEN_SHORT: ATOMUSDT at 2.8310169000000003 (qty: 66.9526807450896)
🔴 CLOSE_SHORT: ATOMUSDT at 2.8239753999999997 (PnL: 0.36745730360308515)
🟢 OPEN_SHORT: ATOMUSDT at 2.7390813000000005 (qty: 69.3920938780092)
🔴 CLOSE_SHORT: ATOMUSDT at 2.7399166 (PnL: -0.1625339184750751)
🟢 OPEN_SHORT: ATOMUSDT at 2.7360834 (qty: 69.27290346002282)
🔴 CLOSE_SHORT: ATOMUSDT at 2.7078941999999997 (PnL: 1.8495766987921944)
🟢 OPEN_SHORT: ATOMUSDT at 2.7031065 (qty: 71.40935976403645)
🔴 CLOSE_SHORT: ATOMUSDT at 2.7008892999999996 (PnL: 0.05225100583026038)
🟢 OPEN_SHORT: ATOMUSDT at 2.7460764000000006 (qty: 70.25269826275489)
🔴 CLOSE_SHORT: ATOMUSDT at 2.7429186999999997 (PnL: 0.11585335341966405)
🟢 OPEN_SHORT: ATOMUSDT at 2.7710589000000003 (qty: 69.62636999094536)
🔴 CLOSE_SHORT: ATOMUSDT at 2.7779431999999997 (PnL: -0.5857087745099903)
🟢 OPEN_SHORT: ATOMUSDT at 2.7600666 (qty: 69.4023550154989)
🔴 CLOSE_SHORT: ATOMUSDT at 2.7679362 (PnL: -0.651824482976915)
🟢 OPEN_SHORT: ATOMUSDT at 2.748075 (qty: 69.15413969393991)
🔴 CLOSE_SHORT: ATOMUSDT at 2.7589299 (PnL: -0.8555965540044616)
🟢 OPEN_SHORT: ATOMUSDT at 2.6381520000000003 (qty: 71.30768981193309)
🔴 CLOSE_SHORT: ATOMUSDT at 2.6478521999999995 (PnL: -0.7955455755536558)
🟢 OPEN_SHORT: ATOMUSDT at 3.0438678 (qty: 61.212415586735865)
🔴 CLOSE_SHORT: ATOMUSDT at 3.0301196 (PnL: 0.7395460148415823)
🟢 OPEN_SHORT: ATOMUSDT at 3.0188853 (qty: 62.14102869145961)
🔴 CLOSE_SHORT: ATOMUSDT at 3.0161097999999997 (PnL: 0.06938913404304667)
🟢 OPEN_SHORT: ATOMUSDT at 2.7800526000000003 (qty: 67.4552200953905)
🔴 CLOSE_SHORT: ATOMUSDT at 2.7899515999999998 (PnL: -0.7712474633026504)
🟢 OPEN_SHORT: ATOMUSDT at 2.7920442000000003 (qty: 66.5391626383086)
🔴 CLOSE_SHORT: ATOMUSDT at 2.8059627999999996 (PnL: -1.028820517405952)
🟢 OPEN_LONG: ATOMUSDT at 2.8189718999999998 (qty: 65.10113980593587)
🔴 CLOSE_LONG: ATOMUSDT at 2.818026 (PnL: -0.16248035567392866)
🟢 OPEN_SHORT: ATOMUSDT at 2.6291583 (qty: 69.60077411368155)
🔴 CLOSE_SHORT: ATOMUSDT at 2.6198325999999996 (PnL: 0.5487876317974325)
🟢 OPEN_SHORT: ATOMUSDT at 2.6391513000000004 (qty: 69.67684558773207)
🔴 CLOSE_SHORT: ATOMUSDT at 2.6468515 (PnL: -0.6379589911871555)
🟢 OPEN_SHORT: ATOMUSDT at 2.5761954 (qty: 70.80578713827936)
🔴 CLOSE_SHORT: ATOMUSDT at 2.5838073999999995 (PnL: -0.6395953359204387)
🟢 OPEN_SHORT: ATOMUSDT at 2.5801926 (qty: 70.12255672299094)
🔴 CLOSE_SHORT: ATOMUSDT at 2.5717989999999995 (PnL: 0.4893930754184463)
🟢 OPEN_SHORT: ATOMUSDT at 2.5442178 (qty: 71.42056211871278)
🔴 CLOSE_SHORT: ATOMUSDT at 2.5537864 (PnL: -0.7837108638096122)
🟢 OPEN_SHORT: ATOMUSDT at 2.5402206 (qty: 70.83721913319081)
🔴 CLOSE_SHORT: ATOMUSDT at 2.5447801 (PnL: -0.42212813071200284)
🟢 OPEN_SHORT: ATOMUSDT at 2.4812619000000002 (qty: 72.10039804657579)
🔴 CLOSE_SHORT: ATOMUSDT at 2.5047520999999997 (PnL: -1.792979263073534)
🟢 OPEN_SHORT: ATOMUSDT at 2.49825 (qty: 70.09595603079845)
🔴 CLOSE_SHORT: ATOMUSDT at 2.5157597999999997 (PnL: -1.3243556944867128)
🟢 OPEN_SHORT: ATOMUSDT at 2.4772647 (qty: 69.54278314327964)
🔴 CLOSE_SHORT: ATOMUSDT at 2.4577191999999997 (PnL: 1.2652443195830314)
🟢 OPEN_SHORT: ATOMUSDT at 2.4592773 (qty: 71.00332564764557)
🔴 CLOSE_SHORT: ATOMUSDT at 2.4757318 (PnL: -1.2650060770355842)
🟢 OPEN_SHORT: ATOMUSDT at 2.4672717 (qty: 69.66998254874137)
🔴 CLOSE_SHORT: ATOMUSDT at 2.4667254999999995 (PnL: -0.056467452927487304)
🟢 OPEN_SHORT: ATOMUSDT at 2.4722682000000002 (qty: 69.4070154371753)
🔴 CLOSE_SHORT: ATOMUSDT at 2.4947451 (PnL: -1.6552885916969509)
🟢 OPEN_SHORT: ATOMUSDT at 2.4762654000000004 (qty: 67.88183039912084)
🔴 CLOSE_SHORT: ATOMUSDT at 2.4787338999999995 (PnL: -0.26010984515256175)
🟢 OPEN_SHORT: ATOMUSDT at 2.4572787000000003 (qty: 68.11938159273895)
🔴 CLOSE_SHORT: ATOMUSDT at 2.4697275999999997 (PnL: -0.9405413437577946)
🟢 OPEN_SHORT: ATOMUSDT at 2.4592773 (qty: 67.22425959101982)
🔴 CLOSE_SHORT: ATOMUSDT at 2.471729 (PnL: -0.928444396713542)
🟢 OPEN_LONG: ATOMUSDT at 2.4937443999999998 (qty: 65.47758119191913)
🔴 CLOSE_LONG: ATOMUSDT at 2.4852591000000004 (PnL: -0.6450977346645129)
🟢 OPEN_SHORT: ATOMUSDT at 2.5242318 (qty: 64.1044705826929)
🔴 CLOSE_SHORT: ATOMUSDT at 2.5297696 (PnL: -0.44419098469013696)
🟢 OPEN_SHORT: ATOMUSDT at 2.5372227000000005 (qty: 63.35595420935422)
🔴 CLOSE_SHORT: ATOMUSDT at 2.5397765999999997 (PnL: -0.25030525493959455)
🟢 OPEN_SHORT: ATOMUSDT at 2.5242318 (qty: 63.41364200725728)
🔴 CLOSE_SHORT: ATOMUSDT at 2.5437793999999996 (PnL: -1.3283051824204108)
🟢 OPEN_SHORT: ATOMUSDT at 2.5352241 (qty: 62.021358797754296)
🔴 CLOSE_SHORT: ATOMUSDT at 2.511757 (PnL: 1.3697810088824312)
🟢 OPEN_SHORT: ATOMUSDT at 2.5132395000000005 (qty: 63.58512338704186)
🔴 CLOSE_SHORT: ATOMUSDT at 2.5187619 (PnL: -0.43922816779930407)
🟢 OPEN_SHORT: ATOMUSDT at 2.5142388 (qty: 63.14054268234572)
🔴 CLOSE_SHORT: ATOMUSDT at 2.5217639999999997 (PnL: -0.5627192629053951)
🟢 OPEN_SHORT: ATOMUSDT at 2.5072437 (qty: 62.79817885142442)
🔴 CLOSE_SHORT: ATOMUSDT at 2.5207633 (PnL: -0.9360708983052441)
🟢 OPEN_SHORT: ATOMUSDT at 2.4972507000000004 (qty: 62.23043650682275)
🔴 CLOSE_SHORT: ATOMUSDT at 2.4937443999999998 (PnL: 0.13284583812226708)
🟢 OPEN_SHORT: ATOMUSDT at 2.4942528000000004 (qty: 62.343218499333304)
🔴 CLOSE_SHORT: ATOMUSDT at 2.4967465 (PnL: -0.2410756508945826)
🟢 OPEN_SHORT: ATOMUSDT at 2.5032465 (qty: 61.858289337126735)
🔴 CLOSE_SHORT: ATOMUSDT at 2.5067535 (PnL: -0.3022219365202192)
🟢 OPEN_SHORT: ATOMUSDT at 2.5202346 (qty: 61.13390047307664)
🔴 CLOSE_SHORT: ATOMUSDT at 2.5357737999999994 (PnL: -1.035233864942473)
🟢 OPEN_SHORT: ATOMUSDT at 2.4402906000000004 (qty: 62.21874744220708)
🔴 CLOSE_SHORT: ATOMUSDT at 2.431701 (PnL: 0.45122058832393563)
🟢 OPEN_SHORT: ATOMUSDT at 2.5112409 (qty: 60.75372963886521)
🔴 CLOSE_SHORT: ATOMUSDT at 2.5177612 (PnL: -0.48026240414628163)
🟢 OPEN_SHORT: ATOMUSDT at 2.5162374 (qty: 60.18466378116829)
🔴 CLOSE_SHORT: ATOMUSDT at 2.5217639999999997 (PnL: -0.4160908980144806)
🟢 OPEN_SHORT: ATOMUSDT at 2.4852591000000004 (qty: 60.532979166827566)
🔴 CLOSE_SHORT: ATOMUSDT at 2.4867394999999997 (PnL: -0.17240438504928235)
🟢 OPEN_SHORT: ATOMUSDT at 2.4372927000000004 (qty: 61.51491136182144)
🔴 CLOSE_SHORT: ATOMUSDT at 2.4377052 (PnL: -0.10785027155405769)
🟢 OPEN_LONG: ATOMUSDT at 2.4567185 (qty: 60.873568148472174)
🔴 CLOSE_LONG: ATOMUSDT at 2.4532815 (PnL: -0.29135945294399335)
🟢 OPEN_SHORT: ATOMUSDT at 2.4312969 (qty: 61.202725994649334)
🔴 CLOSE_SHORT: ATOMUSDT at 2.4407072999999997 (PnL: -0.6580999997633025)
🟢 OPEN_SHORT: ATOMUSDT at 2.4552801 (qty: 60.00216259848825)
🔴 CLOSE_SHORT: ATOMUSDT at 2.4607213 (PnL: -0.40769049688457953)
🟢 OPEN_SHORT: ATOMUSDT at 2.4712689 (qty: 59.2184365140914)
🔴 CLOSE_SHORT: ATOMUSDT at 2.4747310999999996 (PnL: -0.2856284094931979)
🟢 OPEN_SHORT: ATOMUSDT at 2.4732675000000004 (qty: 58.87452307378908)
🔴 CLOSE_SHORT: ATOMUSDT at 2.4787338999999995 (PnL: -0.4020955448346405)
🟢 OPEN_SHORT: ATOMUSDT at 2.5312269 (qty: 57.1454418874055)
🔴 CLOSE_SHORT: ATOMUSDT at 2.5357737999999994 (PnL: -0.3395339625979351)
🟢 OPEN_SHORT: ATOMUSDT at 2.5202346 (qty: 57.06210798982873)
🔴 CLOSE_SHORT: ATOMUSDT at 2.5247661 (PnL: -0.33781460407188346)
🟢 OPEN_SHORT: ATOMUSDT at 2.5252311000000005 (qty: 56.61900758626137)
🔴 CLOSE_SHORT: ATOMUSDT at 2.5287688999999998 (PnL: -0.2790537370817845)
🟢 OPEN_SHORT: ATOMUSDT at 2.5132395000000005 (qty: 56.60451287953699)
🔴 CLOSE_SHORT: ATOMUSDT at 2.5167604999999997 (PnL: -0.2776574910241335)
🟢 OPEN_SHORT: ATOMUSDT at 2.5142388 (qty: 56.29890680934977)
🔴 CLOSE_SHORT: ATOMUSDT at 2.5207633 (PnL: -0.44537613744091353)
🟢 OPEN_SHORT: ATOMUSDT at 2.5232325 (qty: 55.68350908498551)
🔴 CLOSE_SHORT: ATOMUSDT at 2.5287688999999998 (PnL: -0.38573207900742723)
🟢 OPEN_SHORT: ATOMUSDT at 2.5372227000000005 (qty: 55.011498594682024)
🔴 CLOSE_SHORT: ATOMUSDT at 2.5197625999999995 (PnL: 0.8842675124122036)
🟢 OPEN_SHORT: ATOMUSDT at 2.4952521 (qty: 56.584031711655825)
🔴 CLOSE_SHORT: ATOMUSDT at 2.4887409 (PnL: 0.2909773005767166)
🟢 OPEN_SHORT: ATOMUSDT at 2.4682710000000005 (qty: 57.37541298738193)
🔴 CLOSE_SHORT: ATOMUSDT at 2.4747310999999996 (PnL: -0.4487447008321031)
🟢 OPEN_SHORT: ATOMUSDT at 2.4732675000000004 (qty: 56.83364161512035)
🔴 CLOSE_SHORT: ATOMUSDT at 2.4837374 (PnL: -0.6726804570378377)
🟢 OPEN_SHORT: ATOMUSDT at 2.5092423000000004 (qty: 55.42103945906934)
🔴 CLOSE_SHORT: ATOMUSDT at 2.5137584 (PnL: -0.3269102632134116)
🟢 OPEN_SHORT: ATOMUSDT at 2.4902556000000002 (qty: 55.51961200129977)
🔴 CLOSE_SHORT: ATOMUSDT at 2.491743 (PnL: -0.15866720340254756)
🟢 OPEN_SHORT: ATOMUSDT at 2.4922542000000005 (qty: 55.28673859275428)
🔴 CLOSE_SHORT: ATOMUSDT at 2.491743 (PnL: -0.04750560836608591)
🟢 OPEN_SHORT: ATOMUSDT at 2.4492843000000004 (qty: 56.15600760526417)
🔴 CLOSE_SHORT: ATOMUSDT at 2.4557178 (PnL: -0.4371264940276915)
🟢 OPEN_SHORT: ATOMUSDT at 2.4452871000000003 (qty: 55.82840499982337)
🔴 CLOSE_SHORT: ATOMUSDT at 2.4487129 (PnL: -0.2664462043785926)
🟢 OPEN_SHORT: ATOMUSDT at 2.4392913 (qty: 55.685607546941384)
🔴 CLOSE_SHORT: ATOMUSDT at 2.4447101 (PnL: -0.37662351213242945)
🟢 OPEN_SHORT: ATOMUSDT at 2.4392913 (qty: 55.31555589132659)
🔴 CLOSE_SHORT: ATOMUSDT at 2.4447101 (PnL: -0.37412070825998217)
🟢 OPEN_SHORT: ATOMUSDT at 2.4243018000000003 (qty: 55.28770757592719)
🔴 CLOSE_SHORT: ATOMUSDT at 2.4286988999999997 (PnL: -0.3169580359973218)
🟢 OPEN_SHORT: ATOMUSDT at 2.4143088 (qty: 55.19291294647325)
🔴 CLOSE_SHORT: ATOMUSDT at 2.4176911999999997 (PnL: -0.260076189713307)
🟢 OPEN_SHORT: ATOMUSDT at 2.4063144000000003 (qty: 55.09920276249552)
🔴 CLOSE_SHORT: ATOMUSDT at 2.4096855999999995 (PnL: -0.25877489786042923)
🟢 OPEN_LONG: ATOMUSDT at 2.4367045 (qty: 54.139765669022154)
🔴 CLOSE_LONG: ATOMUSDT at 2.4342948 (PnL: -0.20294627585536001)
🟢 OPEN_LONG: ATOMUSDT at 2.4357038 (qty: 53.93578776337322)
🔴 CLOSE_LONG: ATOMUSDT at 2.4292983 (PnL: -0.41755005315578847)
🟢 OPEN_SHORT: ATOMUSDT at 2.4282990000000004 (qty: 53.69684472192192)
🔴 CLOSE_SHORT: ATOMUSDT at 2.4327017 (PnL: -0.30825672124899134)
🟢 OPEN_SHORT: ATOMUSDT at 2.4253011000000004 (qty: 53.44987874088129)
🔴 CLOSE_SHORT: ATOMUSDT at 2.4286988999999997 (PnL: -0.2530095119224367)
🟢 OPEN_SHORT: ATOMUSDT at 2.4153081 (qty: 53.402477069738694)
🔴 CLOSE_SHORT: ATOMUSDT at 2.4256968 (PnL: -0.6260283332914721)
🟢 OPEN_SHORT: ATOMUSDT at 2.408313 (qty: 52.97878514173686)
🔴 CLOSE_SHORT: ATOMUSDT at 2.411687 (PnL: -0.2490229571393855)
🟢 OPEN_SHORT: ATOMUSDT at 2.2774047 (qty: 55.74376070273979)
🔴 CLOSE_SHORT: ATOMUSDT at 2.2825967 (PnL: -0.35940389389274474)
🟢 OPEN_SHORT: ATOMUSDT at 2.2684110000000004 (qty: 55.58633273221929)
🔴 CLOSE_SHORT: ATOMUSDT at 2.2725896999999997 (PnL: -0.3017573185634945)
🟢 OPEN_SHORT: ATOMUSDT at 2.2384320000000004 (qty: 55.99921376607316)
🔴 CLOSE_SHORT: ATOMUSDT at 2.2375652 (PnL: -0.02037592208023163)
🟢 OPEN_SHORT: ATOMUSDT at 2.2504236 (qty: 55.62143711494237)
🔴 CLOSE_SHORT: ATOMUSDT at 2.2545771 (PnL: -0.2999951891705626)
🟢 OPEN_SHORT: ATOMUSDT at 2.1704796 (qty: 57.33023954559073)
🔴 CLOSE_SHORT: ATOMUSDT at 2.1835273999999996 (PnL: -0.8168836814359222)
🟢 OPEN_SHORT: ATOMUSDT at 2.1894663 (qty: 56.024370188757665)
🔴 CLOSE_SHORT: ATOMUSDT at 2.2045421 (PnL: -0.9125416455805769)
🟢 OPEN_SHORT: ATOMUSDT at 2.2654131 (qty: 53.28099206201748)
🔴 CLOSE_SHORT: ATOMUSDT at 2.2715889999999996 (PnL: -0.39562596238823805)
🟢 OPEN_SHORT: ATOMUSDT at 2.2534215 (qty: 53.15447272974723)
🔴 CLOSE_SHORT: ATOMUSDT at 2.2595806 (PnL: -0.3934424614506419)
🟢 OPEN_SHORT: ATOMUSDT at 2.2534215 (qty: 52.74680718748685)
🔴 CLOSE_SHORT: ATOMUSDT at 2.2565785 (PnL: -0.23198669136449884)
🟢 OPEN_SHORT: ATOMUSDT at 2.3813319 (qty: 49.66383271546423)
🔴 CLOSE_SHORT: ATOMUSDT at 2.3876702 (PnL: -0.38000374026629685)
🟢 OPEN_SHORT: ATOMUSDT at 2.3603466 (qty: 49.728276756062684)
🔴 CLOSE_SHORT: ATOMUSDT at 2.3656547999999997 (PnL: -0.3286696038085486)
🟢 OPEN_SHORT: ATOMUSDT at 2.3693403 (qty: 49.20758583794471)
🔴 CLOSE_SHORT: ATOMUSDT at 2.3716589999999997 (PnL: -0.17828461688387964)
🟢 OPEN_SHORT: ATOMUSDT at 2.3773347 (qty: 48.838179365309294)
🔴 CLOSE_SHORT: ATOMUSDT at 2.3796646 (PnL: -0.17770824171347085)
🟢 OPEN_SHORT: ATOMUSDT at 2.3703396 (qty: 48.778481715534625)
🔴 CLOSE_SHORT: ATOMUSDT at 2.3566485 (PnL: 0.6046065163435983)
🟢 OPEN_SHORT: ATOMUSDT at 2.3663424 (qty: 49.31813593306432)
🔴 CLOSE_SHORT: ATOMUSDT at 2.3666555000000002 (PnL: -0.07963697907129957)
🟢 OPEN_SHORT: ATOMUSDT at 2.338362 (qty: 49.7852549064123)
🔴 CLOSE_SHORT: ATOMUSDT at 2.3496436 (PnL: -0.6259950148130412)
🟢 OPEN_SHORT: ATOMUSDT at 2.3573487 (qty: 48.79884790094276)
🔴 CLOSE_SHORT: ATOMUSDT at 2.3626527 (PnL: -0.3222411906291168)
🟢 OPEN_SHORT: ATOMUSDT at 2.358348 (qty: 48.45123738684892)
🔴 CLOSE_SHORT: ATOMUSDT at 2.3636534 (PnL: -0.3200402574231923)
🟢 OPEN_SHORT: ATOMUSDT at 2.3493543000000003 (qty: 48.310766454973425)
🔴 CLOSE_SHORT: ATOMUSDT at 2.3506443 (PnL: -0.12477967401470288)
🟢 OPEN_SHORT: ATOMUSDT at 2.3473557000000005 (qty: 48.19239731825027)
🔴 CLOSE_SHORT: ATOMUSDT at 2.3406372999999996 (PnL: 0.26173529463624196)
🟢 OPEN_SHORT: ATOMUSDT at 2.3173767 (qty: 48.98803546377972)
🔴 CLOSE_SHORT: ATOMUSDT at 2.3206233 (PnL: -0.2215700830218562)
🟢 OPEN_SHORT: ATOMUSDT at 2.3193753000000004 (qty: 48.70092205057664)
🔴 CLOSE_SHORT: ATOMUSDT at 2.3176211999999996 (PnL: 0.023347628196773253)
🟢 OPEN_SHORT: ATOMUSDT at 2.2993893000000005 (qty: 49.09049531563254)
🔴 CLOSE_SHORT: ATOMUSDT at 2.3096155999999994 (PnL: -0.5643732278321911)
🟢 OPEN_SHORT: ATOMUSDT at 2.2794033000000002 (qty: 48.97125806090417)
🔴 CLOSE_SHORT: ATOMUSDT at 2.2615819999999998 (PnL: 0.8118175976194725)
🟢 OPEN_SHORT: ATOMUSDT at 2.1934635 (qty: 51.574186054366706)
🔴 CLOSE_SHORT: ATOMUSDT at 2.1795245999999997 (PnL: 0.65706345801647)
🟢 OPEN_SHORT: ATOMUSDT at 2.1754761 (qty: 52.54747816552801)
🔴 CLOSE_SHORT: ATOMUSDT at 2.1835273999999996 (PnL: -0.4861818830605241)
🟢 OPEN_SHORT: ATOMUSDT at 2.1924642000000003 (qty: 51.639461997648766)
🔴 CLOSE_SHORT: ATOMUSDT at 2.1965364999999997 (PnL: -0.2726767608080013)
🟢 OPEN_SHORT: ATOMUSDT at 2.1974607 (qty: 51.21719754832389)
🔴 CLOSE_SHORT: ATOMUSDT at 2.20154 (PnL: -0.2709465039586677)
🟢 OPEN_SHORT: ATOMUSDT at 2.1984600000000003 (qty: 50.89111615039931)
🔴 CLOSE_SHORT: ATOMUSDT at 2.2005392999999995 (PnL: -0.16741124342188618)
🟢 OPEN_SHORT: ATOMUSDT at 2.2034565 (qty: 50.56791020545648)
🔴 CLOSE_SHORT: ATOMUSDT at 2.2075441999999996 (PnL: -0.2681034398309147)
🟢 OPEN_SHORT: ATOMUSDT at 2.2444278 (qty: 49.351294322985815)
🔴 CLOSE_SHORT: ATOMUSDT at 2.241568 (PnL: 0.08029147634273057)
🟢 OPEN_SHORT: ATOMUSDT at 2.2474257000000004 (qty: 49.30270128108756)
🔴 CLOSE_SHORT: ATOMUSDT at 2.2475722 (PnL: -0.0681691051690121)
🟢 OPEN_SHORT: ATOMUSDT at 2.2384320000000004 (qty: 49.385433711842836)
🔴 CLOSE_SHORT: ATOMUSDT at 2.2295596 (PnL: 0.3776080497571549)
🟢 OPEN_SHORT: ATOMUSDT at 2.2284390000000003 (qty: 49.89122463092467)
🔴 CLOSE_SHORT: ATOMUSDT at 2.2275582 (PnL: -0.017180392939120673)
🟢 OPEN_SHORT: ATOMUSDT at 2.2214439 (qty: 49.977806071824205)
🔴 CLOSE_SHORT: ATOMUSDT at 2.2235554 (PnL: -0.16664876883478452)
🟢 OPEN_SHORT: ATOMUSDT at 2.2074537000000003 (qty: 50.0882395468996)
🔴 CLOSE_SHORT: ATOMUSDT at 2.2075441999999996 (PnL: -0.06534758716394357)
🟢 OPEN_SHORT: ATOMUSDT at 2.2004586 (qty: 50.13279973696211)
🔴 CLOSE_SHORT: ATOMUSDT at 2.20154 (PnL: -0.11491675979864713)
🟢 OPEN_SHORT: ATOMUSDT at 2.188467 (qty: 50.247031432652804)
🔴 CLOSE_SHORT: ATOMUSDT at 2.1665155 (PnL: 1.0431241756585778)
🟢 OPEN_SHORT: ATOMUSDT at 2.1754761 (qty: 51.45046554291648)
🔴 CLOSE_SHORT: ATOMUSDT at 2.1865295 (PnL: -0.6305764542161374)
🟢 OPEN_SHORT: ATOMUSDT at 2.2294383 (qty: 49.584230714131046)
🔴 CLOSE_SHORT: ATOMUSDT at 2.2345631 (PnL: -0.31504876632640144)
🟢 OPEN_SHORT: ATOMUSDT at 2.2324362 (qty: 49.18092889558734)
🔴 CLOSE_SHORT: ATOMUSDT at 2.2425687 (PnL: -0.558986148512537)
🟢 OPEN_SHORT: ATOMUSDT at 2.2314369000000003 (qty: 48.647820202530504)
🔴 CLOSE_SHORT: ATOMUSDT at 2.2325616999999998 (PnL: -0.11445416125874182)
🟢 OPEN_SHORT: ATOMUSDT at 2.2524222000000003 (qty: 48.03993797732958)
🔴 CLOSE_SHORT: ATOMUSDT at 2.251575 (PnL: -0.01879160238880629)
🟢 OPEN_SHORT: ATOMUSDT at 2.2474257000000004 (qty: 48.07705666839961)
🔴 CLOSE_SHORT: ATOMUSDT at 2.2535763999999996 (PnL: -0.3552974786094382)
🟢 OPEN_SHORT: ATOMUSDT at 2.2214439 (qty: 48.26597836015036)
🔴 CLOSE_SHORT: ATOMUSDT at 2.2275582 (PnL: -0.35424607321989865)
🟢 OPEN_SHORT: ATOMUSDT at 2.2114509000000004 (qty: 48.11037354694186)
🔴 CLOSE_SHORT: ATOMUSDT at 2.2175512 (PnL: -0.35216568087369354)
🟢 OPEN_SHORT: ATOMUSDT at 2.2114509000000004 (qty: 47.738959258017296)
🔴 CLOSE_SHORT: ATOMUSDT at 2.2075441999999996 (PnL: 0.1285395676900954)
🟢 OPEN_SHORT: ATOMUSDT at 2.2124502 (qty: 47.78110438405726)
🔴 CLOSE_SHORT: ATOMUSDT at 2.2205532999999997 (PnL: -0.4455303358941491)
🟢 OPEN_LONG: ATOMUSDT at 2.2805953 (qty: 45.9116830739735)
🔴 CLOSE_LONG: ATOMUSDT at 2.2674117000000003 (PnL: -0.6625366430267607)
🟢 OPEN_SHORT: ATOMUSDT at 2.3253711000000004 (qty: 44.40827478334243)
🔴 CLOSE_SHORT: ATOMUSDT at 2.3276282 (PnL: -0.1570851909979442)
🟢 OPEN_SHORT: ATOMUSDT at 2.2943928 (qty: 44.8214255681884)
🔴 CLOSE_SHORT: ATOMUSDT at 2.2956057999999997 (PnL: -0.1109591676884393)
🟢 OPEN_SHORT: ATOMUSDT at 2.278404 (qty: 44.9889115461047)
🔴 CLOSE_SHORT: ATOMUSDT at 2.2855988 (PnL: -0.3802408520255974)
🟢 OPEN_SHORT: ATOMUSDT at 2.2834005000000004 (qty: 44.508040140402436)
🔴 CLOSE_SHORT: ATOMUSDT at 2.2855988 (PnL: -0.15379216236501198)
🟢 OPEN_SHORT: ATOMUSDT at 2.2534215 (qty: 44.91405808308116)
🔴 CLOSE_SHORT: ATOMUSDT at 2.2575791999999995 (PnL: -0.2425075531157792)
🟢 OPEN_SHORT: ATOMUSDT at 2.2804026000000004 (qty: 44.12113794988677)
🔴 CLOSE_SHORT: ATOMUSDT at 2.2855988 (PnL: -0.2847260279892691)
🟢 OPEN_SHORT: ATOMUSDT at 2.2814019 (qty: 43.80369381056305)
🔴 CLOSE_SHORT: ATOMUSDT at 2.2105463 (PnL: 3.050480455860141)
🟢 OPEN_SHORT: ATOMUSDT at 2.1864684000000003 (qty: 48.4456413753074)
🔴 CLOSE_SHORT: ATOMUSDT at 2.1895316 (PnL: -0.20673898313125427)
🟢 OPEN_SHORT: ATOMUSDT at 2.188467 (qty: 48.15922226297998)
🔴 CLOSE_SHORT: ATOMUSDT at 2.1915329999999997 (PnL: -0.20570456412228627)
🟢 OPEN_SHORT: ATOMUSDT at 2.1874677 (qty: 47.94014795483246)
🔴 CLOSE_SHORT: ATOMUSDT at 2.1955357999999996 (PnL: -0.44467577881503584)
🟢 OPEN_SHORT: ATOMUSDT at 2.1774747 (qty: 47.6987490826346)
🔴 CLOSE_SHORT: ATOMUSDT at 2.1765224999999995 (PnL: -0.01168082145361083)
🟢 OPEN_SHORT: ATOMUSDT at 2.1864684000000003 (qty: 47.43961019738159)
🔴 CLOSE_SHORT: ATOMUSDT at 2.1875302 (PnL: -0.10744794709820889)
🟢 OPEN_SHORT: ATOMUSDT at 2.1804726000000003 (qty: 47.41917645799857)
🔴 CLOSE_SHORT: ATOMUSDT at 2.1845280999999996 (PnL: -0.24928215802362708)
🟢 OPEN_SHORT: ATOMUSDT at 2.1824712 (qty: 47.095198703517816)
🔴 CLOSE_SHORT: ATOMUSDT at 2.1805252999999998 (PnL: 0.03516179740234235)
🟢 OPEN_SHORT: ATOMUSDT at 2.1814719 (qty: 47.09718063166331)
🔴 CLOSE_SHORT: ATOMUSDT at 2.1795245999999997 (PnL: 0.035255134766508406)
🟢 OPEN_SHORT: ATOMUSDT at 2.0965314 (qty: 48.98503837958314)
🔴 CLOSE_SHORT: ATOMUSDT at 2.0994686 (PnL: -0.20044225719975617)
🟢 OPEN_SHORT: ATOMUSDT at 2.0985300000000002 (qty: 48.69352262793482)
🔴 CLOSE_SHORT: ATOMUSDT at 2.1024707 (PnL: -0.24819375215265385)
🟢 OPEN_LONG: ATOMUSDT at 2.1605112999999996 (qty: 47.01480952043605)
🔴 CLOSE_LONG: ATOMUSDT at 2.1594873000000003 (PnL: -0.10398350118810656)
🟢 OPEN_LONG: ATOMUSDT at 2.1795245999999997 (qty: 46.45798749136139)
🔴 CLOSE_LONG: ATOMUSDT at 2.1744768000000003 (PnL: -0.29007262804492584)
🟢 OPEN_SHORT: ATOMUSDT at 2.1784740000000005 (qty: 46.16295599055078)
🔴 CLOSE_SHORT: ATOMUSDT at 2.1825267 (PnL: -0.24249814794304655)
🟢 OPEN_SHORT: ATOMUSDT at 2.1774747 (qty: 45.91060544278532)
🔴 CLOSE_SHORT: ATOMUSDT at 2.1795245999999997 (PnL: -0.14914696177705214)
🟢 OPEN_SHORT: ATOMUSDT at 2.1734775 (qty: 45.807201496126495)
🔴 CLOSE_SHORT: ATOMUSDT at 2.1775232 (PnL: -0.24018262928456027)
🟢 OPEN_SHORT: ATOMUSDT at 2.1804726000000003 (qty: 45.38971942012)
🔴 CLOSE_SHORT: ATOMUSDT at 2.1825267 (PnL: -0.14772037365780724)
🟢 OPEN_SHORT: ATOMUSDT at 2.1644838 (qty: 45.538215913871)
🔴 CLOSE_SHORT: ATOMUSDT at 2.1675161999999997 (PnL: -0.1923777373290265)
🟢 OPEN_LONG: ATOMUSDT at 2.1645140999999994 (qty: 45.30973106071606)
🔴 CLOSE_LONG: ATOMUSDT at 2.1624852000000003 (PnL: -0.14581880590817492)
🟢 OPEN_SHORT: ATOMUSDT at 2.1654831 (qty: 45.1049621349563)
🔴 CLOSE_SHORT: ATOMUSDT at 2.1665155 (PnL: -0.10031269268389867)
🟢 OPEN_SHORT: ATOMUSDT at 2.1405006 (qty: 45.48747447558194)
🔴 CLOSE_SHORT: ATOMUSDT at 2.1384958999999997 (PnL: 0.03768761236416038)
🟢 OPEN_SHORT: ATOMUSDT at 2.118516 (qty: 45.94453809607718)
🔴 CLOSE_SHORT: ATOMUSDT at 2.121484 (PnL: -0.18997222042118084)
🟢 OPEN_SHORT: ATOMUSDT at 2.1065244 (qty: 45.974889711854686)
🔴 CLOSE_SHORT: ATOMUSDT at 2.10147 (PnL: 0.1792373142440799)
🟢 OPEN_LONG: ATOMUSDT at 2.1394965999999997 (qty: 45.38411963083139)
🔴 CLOSE_LONG: ATOMUSDT at 2.1355041000000003 (PnL: -0.2345009830766591)
🟢 OPEN_SHORT: ATOMUSDT at 2.1464964 (qty: 44.967864186212374)
🔴 CLOSE_SHORT: ATOMUSDT at 2.1485028999999995 (PnL: -0.14336549212559205)
🟢 OPEN_SHORT: ATOMUSDT at 2.1365034 (qty: 44.994289226355995)
🔴 CLOSE_SHORT: ATOMUSDT at 2.1434993999999996 (PnL: -0.36782492500563296)
🟢 OPEN_SHORT: ATOMUSDT at 2.1315069 (qty: 44.70501998636652)
🔴 CLOSE_SHORT: ATOMUSDT at 2.1314909999999996 (PnL: -0.05169778144785708)
🟢 OPEN_SHORT: ATOMUSDT at 2.1395013 (qty: 44.440657754336875)
🔴 CLOSE_SHORT: ATOMUSDT at 2.1394965999999997 (PnL: -0.05208547880048327)
🟢 OPEN_SHORT: ATOMUSDT at 2.0245818 (qty: 46.86008989664816)
🔴 CLOSE_SHORT: ATOMUSDT at 2.0404273 (PnL: -0.7951095881454131)
🟢 OPEN_SHORT: ATOMUSDT at 2.0405706 (qty: 45.662476309890806)
🔴 CLOSE_SHORT: ATOMUSDT at 2.0444301 (PnL: -0.22757888487268196)
🟢 OPEN_SHORT: ATOMUSDT at 2.0335755000000004 (qty: 45.54532332537682)
🔴 CLOSE_SHORT: ATOMUSDT at 2.0384258999999996 (PnL: -0.271975457937046)
🟢 OPEN_SHORT: ATOMUSDT at 2.0315769 (qty: 45.272232077048436)
🔴 CLOSE_SHORT: ATOMUSDT at 2.0384258999999996 (PnL: -0.36082576722484583)
🟢 OPEN_SHORT: ATOMUSDT at 2.0385720000000003 (qty: 44.71325905669854)
🔴 CLOSE_SHORT: ATOMUSDT at 2.0324217 (PnL: 0.22501804828491972)
🟢 OPEN_SHORT: ATOMUSDT at 2.0415699000000003 (qty: 44.81892475029483)
🔴 CLOSE_SHORT: ATOMUSDT at 2.0474322 (PnL: -0.3132120229003547)
🟢 OPEN_SHORT: ATOMUSDT at 2.0165874 (qty: 45.01361687089475)
🔴 CLOSE_SHORT: ATOMUSDT at 2.021414 (PnL: -0.2673078586224608)
🟢 OPEN_SHORT: ATOMUSDT at 1.9946028000000002 (qty: 45.191667038248255)
🔴 CLOSE_SHORT: ATOMUSDT at 2.0024007 (PnL: -0.40217060453889747)
🟢 OPEN_SHORT: ATOMUSDT at 2.0055951000000003 (qty: 44.49349274632057)
🔴 CLOSE_SHORT: ATOMUSDT at 2.0124077 (PnL: -0.3523628447549857)
🟢 OPEN_SHORT: ATOMUSDT at 1.9976007000000002 (qty: 44.26963097292632)
🔴 CLOSE_SHORT: ATOMUSDT at 1.9953957999999998 (PnL: 0.049025619691212975)
🟢 OPEN_SHORT: ATOMUSDT at 2.0055951000000003 (qty: 44.09355642584037)
🔴 CLOSE_SHORT: ATOMUSDT at 2.0074041999999994 (PnL: -0.1284521276291419)
🟢 OPEN_LONG: ATOMUSDT at 2.0064035 (qty: 43.8992651533957)
🔴 CLOSE_LONG: ATOMUSDT at 2.0115909 (PnL: 0.17915399879213584)
🟢 OPEN_SHORT: ATOMUSDT at 1.9906056 (qty: 44.37898679959946)
🔴 CLOSE_SHORT: ATOMUSDT at 1.9913929999999997 (PnL: -0.08355081621888767)
🟢 OPEN_SHORT: ATOMUSDT at 1.9926042000000002 (qty: 44.20184542798937)
🔴 CLOSE_SHORT: ATOMUSDT at 1.9953957999999998 (PnL: -0.17190396889235318)
🟢 OPEN_SHORT: ATOMUSDT at 1.9456371000000001 (qty: 45.042361933088486)
🔴 CLOSE_SHORT: ATOMUSDT at 1.9543671 (PnL: -0.44163594032343445)
🟢 OPEN_SHORT: ATOMUSDT at 1.9176567000000002 (qty: 45.18870289374763)
🔴 CLOSE_SHORT: ATOMUSDT at 1.9163404999999998 (PnL: 0.011849052925004544)
🟢 OPEN_SHORT: ATOMUSDT at 1.9096623000000001 (qty: 45.34036982015023)
🔴 CLOSE_SHORT: ATOMUSDT at 1.9073341999999998 (PnL: 0.05799333407906814)
🟢 OPEN_SHORT: ATOMUSDT at 1.8936735000000002 (qty: 45.73414493435738)
🔴 CLOSE_SHORT: ATOMUSDT at 1.8983279 (PnL: -0.2606151260038043)
🟢 OPEN_SHORT: ATOMUSDT at 1.9006686000000002 (qty: 45.24147027167509)
🔴 CLOSE_SHORT: ATOMUSDT at 1.9053327999999998 (PnL: -0.2584252971169983)
🟢 OPEN_LONG: ATOMUSDT at 1.9573691999999998 (qty: 43.61854852054106)
🔴 CLOSE_LONG: ATOMUSDT at 1.9546308000000001 (PnL: -0.16633702038288561)
🟢 OPEN_SHORT: ATOMUSDT at 1.8976707000000002 (qty: 44.765940696814255)
🔴 CLOSE_SHORT: ATOMUSDT at 1.8903222999999998 (PnL: 0.28241590782767023)
🟢 OPEN_SHORT: ATOMUSDT at 1.9026672 (qty: 44.89613302763446)
🔴 CLOSE_SHORT: ATOMUSDT at 1.8903222999999998 (PnL: 0.5075607838176072)
🟢 OPEN_SHORT: ATOMUSDT at 1.8517029 (qty: 46.62927116788641)
🔴 CLOSE_SHORT: ATOMUSDT at 1.8552978 (PnL: -0.21520871823879353)
🟢 OPEN_SHORT: ATOMUSDT at 1.8636945 (qty: 46.04733302463076)
🔴 CLOSE_SHORT: ATOMUSDT at 1.8673062 (PnL: -0.2136006114327555)
🟢 OPEN_SHORT: ATOMUSDT at 1.8706896000000002 (qty: 45.596319184850316)
🔴 CLOSE_SHORT: ATOMUSDT at 1.8793145999999998 (PnL: -0.44039765856201063)
🟢 OPEN_SHORT: ATOMUSDT at 1.8706896000000002 (qty: 45.075323326835644)
🔴 CLOSE_SHORT: ATOMUSDT at 1.8733104 (PnL: -0.16457544695930298)
🟢 OPEN_SHORT: ATOMUSDT at 1.9446378000000002 (qty: 43.14429840755428)
🔴 CLOSE_SHORT: ATOMUSDT at 1.9453607999999998 (PnL: -0.07735550252470103)
🟢 OPEN_SHORT: ATOMUSDT at 1.9676217000000003 (qty: 42.514794635507954)
🔴 CLOSE_SHORT: ATOMUSDT at 1.9753817999999999 (PnL: -0.37610968120553445)
🟢 OPEN_SHORT: ATOMUSDT at 1.9656231000000002 (qty: 42.12852138220846)
🔴 CLOSE_SHORT: ATOMUSDT at 1.9693775999999998 (PnL: -0.20380336501167068)
🟢 OPEN_SHORT: ATOMUSDT at 1.9686210000000002 (qty: 41.81104356471458)
🔴 CLOSE_SHORT: ATOMUSDT at 1.9713789999999998 (PnL: -0.16064883543982575)
🟢 OPEN_SHORT: ATOMUSDT at 1.9676217000000003 (qty: 41.62297031705805)
🔴 CLOSE_SHORT: ATOMUSDT at 1.9713789999999998 (PnL: -0.20152004365263157)
🟢 OPEN_SHORT: ATOMUSDT at 1.9766154 (qty: 41.18410260358092)
🔴 CLOSE_SHORT: ATOMUSDT at 1.9793846 (PnL: -0.15888256508192422)
🟢 OPEN_SHORT: ATOMUSDT at 1.9716189000000002 (qty: 41.081884874743864)
🔴 CLOSE_SHORT: ATOMUSDT at 1.9733804 (PnL: -0.11695434273063282)
🟢 OPEN_SHORT: ATOMUSDT at 1.9756161000000003 (qty: 40.83526874400035)
🔴 CLOSE_SHORT: ATOMUSDT at 1.9913929999999997 (PnL: -0.6889794390286523)
🟢 OPEN_SHORT: ATOMUSDT at 1.9816119000000003 (qty: 39.97155709682615)
🔴 CLOSE_SHORT: ATOMUSDT at 1.9853887999999997 (PnL: -0.19461606897720893)
🟢 OPEN_SHORT: ATOMUSDT at 1.9636245000000003 (qty: 40.09511601740607)
🔴 CLOSE_SHORT: ATOMUSDT at 1.9673762 (PnL: -0.19381004410637143)
🟢 OPEN_SHORT: ATOMUSDT at 1.9666224 (qty: 39.792858622250954)
🔴 CLOSE_SHORT: ATOMUSDT at 1.9733804 (PnL: -0.31210968456498134)
🟢 OPEN_SHORT: ATOMUSDT at 1.9656231000000002 (qty: 39.45172626307826)
🔴 CLOSE_SHORT: ATOMUSDT at 1.9743811 (PnL: -0.3883592270949398)
🟢 OPEN_SHORT: ATOMUSDT at 1.9626252000000002 (qty: 39.07277053024045)
🔴 CLOSE_SHORT: ATOMUSDT at 1.9643741 (PnL: -0.11054881452499277)
🟢 OPEN_SHORT: ATOMUSDT at 1.9226532 (qty: 39.72622453333423)
🔴 CLOSE_SHORT: ATOMUSDT at 1.9233453999999999 (PnL: -0.06952248079052194)
🟢 OPEN_SHORT: ATOMUSDT at 1.9236525000000002 (qty: 39.58962964119433)
🔴 CLOSE_SHORT: ATOMUSDT at 1.9213439999999997 (PnL: 0.049556746471384555)
🟢 OPEN_LONG: ATOMUSDT at 1.9873901999999999 (qty: 38.32766769568615)
🔴 CLOSE_LONG: ATOMUSDT at 1.978614 (PnL: -0.37808089017039054)
🟢 OPEN_SHORT: ATOMUSDT at 1.9416399000000002 (qty: 38.79817269548209)
🔴 CLOSE_SHORT: ATOMUSDT at 1.9493635999999999 (PnL: -0.34126290652757973)
🟢 OPEN_SHORT: ATOMUSDT at 1.9416399000000002 (qty: 38.40397441946651)
🔴 CLOSE_SHORT: ATOMUSDT at 1.9443601 (PnL: -0.14553562676426962)
🟢 OPEN_SHORT: ATOMUSDT at 1.9296483000000002 (qty: 38.449283447108265)
🔴 CLOSE_SHORT: ATOMUSDT at 1.9333523999999997 (PnL: -0.18330479875332706)
🟢 OPEN_SHORT: ATOMUSDT at 1.9236525000000002 (qty: 38.33611938150998)
🔴 CLOSE_SHORT: ATOMUSDT at 1.9243461 (PnL: -0.06716451140452405)
🟢 OPEN_SHORT: ATOMUSDT at 1.9236525000000002 (qty: 38.22411945850599)
🔴 CLOSE_SHORT: ATOMUSDT at 1.9253467999999998 (PnL: -0.10524020294376987)
🟢 OPEN_SHORT: ATOMUSDT at 1.9246518000000001 (qty: 38.05288813047288)
🔴 CLOSE_SHORT: ATOMUSDT at 1.9283488999999998 (PnL: -0.18104391743968018)
🟢 OPEN_SHORT: ATOMUSDT at 1.9676217000000003 (qty: 36.99690310644329)
🔴 CLOSE_SHORT: ATOMUSDT at 1.9683769 (PnL: -0.0679931784214198)
🟢 OPEN_SHORT: ATOMUSDT at 1.9666224 (qty: 36.90583791167465)
🔴 CLOSE_SHORT: ATOMUSDT at 1.9773831999999998 (PnL: -0.43727368172759457)
🟢 OPEN_SHORT: ATOMUSDT at 1.9406406 (qty: 36.908154107531615)
🔴 CLOSE_SHORT: ATOMUSDT at 1.9443601 (PnL: -0.17674938741919383)
🟢 OPEN_SHORT: ATOMUSDT at 1.9486350000000001 (qty: 36.53489522087477)
🔴 CLOSE_SHORT: ATOMUSDT at 1.9543671 (PnL: -0.24869310136746656)
🟢 OPEN_SHORT: ATOMUSDT at 1.9326462 (qty: 36.53926769053269)
🔴 CLOSE_SHORT: ATOMUSDT at 1.9303503 (PnL: 0.04509703219918458)
🟢 OPEN_SHORT: ATOMUSDT at 1.9326462 (qty: 36.5457431850439)
🔴 CLOSE_SHORT: ATOMUSDT at 1.9353538 (PnL: -0.13785217286867132)
🟢 OPEN_SHORT: ATOMUSDT at 1.9916049000000002 (qty: 35.286413663749876)
🔴 CLOSE_SHORT: ATOMUSDT at 1.9913929999999997 (PnL: -0.03117082338543695)
🟢 OPEN_SHORT: ATOMUSDT at 1.9826112000000002 (qty: 35.376047737241414)
🔴 CLOSE_SHORT: ATOMUSDT at 1.9893915999999998 (PnL: -0.27857100079289354)
🟢 OPEN_SHORT: ATOMUSDT at 1.9876077000000003 (qty: 34.9679948466196)
🔴 CLOSE_SHORT: ATOMUSDT at 1.9903923 (PnL: -0.13565189367891553)
🟢 OPEN_SHORT: ATOMUSDT at 1.9916049000000002 (qty: 34.72320192722563)
🔴 CLOSE_SHORT: ATOMUSDT at 1.9953957999999998 (PnL: -0.16973977839438154)
🟢 OPEN_SHORT: ATOMUSDT at 1.9906056 (qty: 34.531877714073985)
🔴 CLOSE_SHORT: ATOMUSDT at 1.9913929999999997 (PnL: -0.06501199726821474)
🟢 OPEN_SHORT: ATOMUSDT at 1.9616259000000003 (qty: 34.93719769786042)
🔴 CLOSE_SHORT: ATOMUSDT at 1.9633733999999998 (PnL: -0.09877987352378223)
🟢 OPEN_SHORT: ATOMUSDT at 1.9626252000000002 (qty: 34.78033658562521)
🔴 CLOSE_SHORT: ATOMUSDT at 1.9683769 (PnL: -0.23769950804968693)
🟢 OPEN_SHORT: ATOMUSDT at 2.0175867000000003 (qty: 33.560034465819676)
🔴 CLOSE_SHORT: ATOMUSDT at 2.0284189 (PnL: -0.4009695998479628)
🟢 OPEN_SHORT: ATOMUSDT at 2.0105916 (qty: 33.240892224445055)
🔴 CLOSE_SHORT: ATOMUSDT at 2.0144091 (PnL: -0.16372552175078534)
🟢 OPEN_LONG: ATOMUSDT at 2.0374252 (qty: 32.60629661148874)
🔴 CLOSE_LONG: ATOMUSDT at 2.0455671000000004 (PnL: 0.2287931042003792)
🟢 OPEN_SHORT: ATOMUSDT at 2.0425692000000004 (qty: 32.71242924053103)
🔴 CLOSE_SHORT: ATOMUSDT at 2.0474322 (PnL: -0.19591760792868926)
🟢 OPEN_SHORT: ATOMUSDT at 2.0305776 (qty: 32.67644933518649)
🔴 CLOSE_SHORT: ATOMUSDT at 2.0324217 (PnL: -0.09678541880829888)
🟢 OPEN_SHORT: ATOMUSDT at 2.0335755000000004 (qty: 32.497199124041806)
🔴 CLOSE_SHORT: ATOMUSDT at 2.0384258999999996 (PnL: -0.19405813743577183)
🟢 OPEN_SHORT: ATOMUSDT at 2.0345748 (qty: 32.25474807986836)
🔴 CLOSE_SHORT: ATOMUSDT at 2.0374252 (PnL: -0.12808308403351706)
🟢 OPEN_SHORT: ATOMUSDT at 2.0385720000000003 (qty: 32.030433209224384)
🔴 CLOSE_SHORT: ATOMUSDT at 2.0434293999999995 (PnL: -0.19158318717341802)
🟢 OPEN_SHORT: ATOMUSDT at 2.0435685 (qty: 31.729473191200697)
🔴 CLOSE_SHORT: ATOMUSDT at 2.0454307999999997 (PnL: -0.09478504087713935)
🟢 OPEN_SHORT: ATOMUSDT at 2.0735475000000005 (qty: 31.144912940865286)
🔴 CLOSE_SHORT: ATOMUSDT at 2.0764525 (PnL: -0.12604498487927904)
🟢 OPEN_SHORT: ATOMUSDT at 2.0995293 (qty: 30.605587592651133)
🔴 CLOSE_SHORT: ATOMUSDT at 2.1074741999999995 (PnL: -0.2786336002898852)
🟢 OPEN_SHORT: ATOMUSDT at 2.0845398 (qty: 30.524424447651874)
🔴 CLOSE_SHORT: ATOMUSDT at 2.0874601999999998 (PnL: -0.12418871579622628)
🟢 OPEN_SHORT: ATOMUSDT at 2.0715489000000002 (qty: 30.562159496323883)
🔴 CLOSE_SHORT: ATOMUSDT at 2.0634433999999997 (PnL: 0.21303677633112955)
🟢 OPEN_SHORT: ATOMUSDT at 2.0625552000000003 (qty: 30.868235347215194)
🔴 CLOSE_SHORT: ATOMUSDT at 2.0644441000000002 (PnL: -0.09335617023433732)
🟢 OPEN_LONG: ATOMUSDT at 2.0744510999999997 (qty: 30.567456040052942)
🔴 CLOSE_LONG: ATOMUSDT at 2.0725482 (PnL: -0.09301070139552278)
🟢 OPEN_SHORT: ATOMUSDT at 2.0405706 (qty: 30.949637146400022)
🔴 CLOSE_SHORT: ATOMUSDT at 2.0374252 (PnL: 0.06266732482118009)
🟢 OPEN_SHORT: ATOMUSDT at 2.0395713 (qty: 30.992191290222685)
🔴 CLOSE_SHORT: ATOMUSDT at 2.0444301 (PnL: -0.1854336118472146)
🟢 OPEN_SHORT: ATOMUSDT at 2.0195853 (qty: 31.08082871948312)
🔴 CLOSE_SHORT: ATOMUSDT at 2.0204133 (PnL: -0.06027279202565282)
🟢 OPEN_SHORT: ATOMUSDT at 2.018586 (qty: 31.00229159736635)
🔴 CLOSE_SHORT: ATOMUSDT at 2.021414 (PnL: -0.12214213708420296)
🟢 OPEN_SHORT: ATOMUSDT at 2.0245818 (qty: 30.75581764156392)
🔴 CLOSE_SHORT: ATOMUSDT at 2.0224146999999997 (PnL: 0.0324403726711927)
🟢 OPEN_SHORT: ATOMUSDT at 1.9676217000000003 (qty: 31.644322153524577)
🔴 CLOSE_SHORT: ATOMUSDT at 1.9723796999999998 (PnL: -0.18489172505618684)
🟢 OPEN_SHORT: ATOMUSDT at 1.9676217000000003 (qty: 31.421579178816305)
🔴 CLOSE_SHORT: ATOMUSDT at 1.9693775999999998 (PnL: -0.08920767568533358)
🟢 OPEN_SHORT: ATOMUSDT at 1.9596273000000002 (qty: 31.42401482669259)
🔴 CLOSE_SHORT: ATOMUSDT at 1.9663754999999998 (PnL: -0.2460408139302407)
🟢 OPEN_SHORT: ATOMUSDT at 1.9646238 (qty: 31.05914649362819)
🔴 CLOSE_SHORT: ATOMUSDT at 1.9663754999999998 (PnL: -0.08799697650667207)
🟢 OPEN_SHORT: ATOMUSDT at 1.9686210000000002 (qty: 30.872586934613288)
🔴 CLOSE_SHORT: ATOMUSDT at 1.9713789999999998 (PnL: -0.11862045802286497)
🟢 OPEN_LONG: ATOMUSDT at 1.9733804 (qty: 30.644029900418328)
🔴 CLOSE_LONG: ATOMUSDT at 1.9706196 (PnL: -0.11781528701868449)
🟢 OPEN_SHORT: ATOMUSDT at 1.9716189000000002 (qty: 30.518158376185823)
🔴 CLOSE_SHORT: ATOMUSDT at 1.9773831999999998 (PnL: -0.2091061718452411)
🟢 OPEN_SHORT: ATOMUSDT at 1.9856091000000002 (qty: 30.059178469900203)
🔴 CLOSE_SHORT: ATOMUSDT at 1.9913929999999997 (PnL: -0.2067820830269315)
🟢 OPEN_SHORT: ATOMUSDT at 1.9886070000000002 (qty: 29.77288111032773)
🔴 CLOSE_SHORT: ATOMUSDT at 1.9873901999999999 (PnL: 0.003683959055620481)
🟢 OPEN_SHORT: ATOMUSDT at 1.978614 (qty: 29.89405740003417)
🔴 CLOSE_SHORT: ATOMUSDT at 1.9853887999999997 (PnL: -0.23516948978546237)
🟢 OPEN_SHORT: ATOMUSDT at 1.9816119000000003 (qty: 29.578646468767612)
🔴 CLOSE_SHORT: ATOMUSDT at 1.9803853 (PnL: 0.004063753595244857)
🟢 OPEN_SHORT: ATOMUSDT at 1.9746168000000002 (qty: 29.654893343347762)
🔴 CLOSE_SHORT: ATOMUSDT at 1.9763825 (PnL: -0.08459682191007946)
🟢 OPEN_SHORT: ATOMUSDT at 1.9636245000000003 (qty: 29.7019334391603)
🔴 CLOSE_SHORT: ATOMUSDT at 1.9653747999999998 (PnL: -0.0840937814194769)
🟢 OPEN_SHORT: ATOMUSDT at 1.9636245000000003 (qty: 29.58360972123087)
🔴 CLOSE_SHORT: ATOMUSDT at 1.9673762 (PnL: -0.1429999779127305)
🟢 OPEN_SHORT: ATOMUSDT at 1.9646238 (qty: 29.390461766924595)
🔴 CLOSE_SHORT: ATOMUSDT at 1.9663754999999998 (PnL: -0.08326924805080793)
🟢 OPEN_SHORT: ALGOUSDT at 0.15968814 (qty: 360.1466387136836)
🔴 CLOSE_SHORT: ALGOUSDT at 0.16001192999999997 (PnL: -0.14830714745806425)
🟢 OPEN_SHORT: ALGOUSDT at 0.16048758000000002 (qty: 356.1102379821207)
🔴 CLOSE_SHORT: ALGOUSDT at 0.16041221 (PnL: -0.004578408016366643)
🟢 OPEN_SHORT: ALGOUSDT at 0.15818919 (qty: 360.82899908397064)
🔴 CLOSE_SHORT: ALGOUSDT at 0.15751018 (PnL: 0.21374766634079484)
🟢 OPEN_SHORT: ALGOUSDT at 0.15978807 (qty: 359.50090175369473)
🔴 CLOSE_SHORT: ALGOUSDT at 0.16291396 (PnL: -1.1559725173234)
🟢 OPEN_SHORT: ALGOUSDT at 0.15848898 (qty: 347.4615198423013)
🔴 CLOSE_SHORT: ALGOUSDT at 0.15761024999999998 (PnL: 0.27520493797678425)
🟢 OPEN_SHORT: ALGOUSDT at 0.15818919 (qty: 351.2165151168266)
🔴 CLOSE_SHORT: ALGOUSDT at 0.15791045999999997 (PnL: 0.06739116045459224)
🟢 OPEN_SHORT: ALGOUSDT at 0.15579087000000003 (qty: 357.09617540628324)
🔴 CLOSE_SHORT: ALGOUSDT at 0.15380759 (PnL: 0.6780134465841829)
🟢 OPEN_SHORT: ALGOUSDT at 0.15259311 (qty: 373.06504321959227)
🔴 CLOSE_SHORT: ALGOUSDT at 0.15200633 (PnL: 0.18771756962128983)
🟢 OPEN_SHORT: ALGOUSDT at 0.15209346 (qty: 376.3473488321551)
🔴 CLOSE_SHORT: ALGOUSDT at 0.15240660999999997 (PnL: -0.14939997527667093)
🟢 OPEN_SHORT: ALGOUSDT at 0.15179367000000002 (qty: 374.7073677556227)
🔴 CLOSE_SHORT: ALGOUSDT at 0.15390765999999997 (PnL: -0.8238463121475068)
🟢 OPEN_SHORT: ALGOUSDT at 0.15649038 (qty: 352.53251909919686)
🔴 CLOSE_SHORT: ALGOUSDT at 0.15720996999999998 (PnL: -0.28416077013196356)
🟢 OPEN_SHORT: ALGOUSDT at 0.15669024 (qty: 348.068530581496)
🔴 CLOSE_SHORT: ALGOUSDT at 0.15670961999999997 (PnL: -0.03674569606141623)
🟢 OPEN_SHORT: ALGOUSDT at 0.15629052000000002 (qty: 348.1046538548039)
🔴 CLOSE_SHORT: ALGOUSDT at 0.15690975999999998 (PnL: -0.2456018855832189)
🟢 OPEN_SHORT: ALGOUSDT at 0.14919549 (qty: 360.9653856904009)
🔴 CLOSE_SHORT: ALGOUSDT at 0.14930443999999998 (PnL: -0.06896873289440705)
🟢 OPEN_SHORT: ALGOUSDT at 0.14709696 (qty: 364.77456962386736)
🔴 CLOSE_SHORT: ALGOUSDT at 0.14750317999999998 (PnL: -0.17777170062406042)
🟢 OPEN_SHORT: ALGOUSDT at 0.15229332 (qty: 349.60603605218586)
🔴 CLOSE_SHORT: ALGOUSDT at 0.15240660999999997 (PnL: -0.06891211675897657)
🟢 OPEN_SHORT: ALGOUSDT at 0.15229332 (qty: 348.3164774304904)
🔴 CLOSE_SHORT: ALGOUSDT at 0.15190626 (PnL: 0.10571807639369132)
🟢 OPEN_SHORT: ALGOUSDT at 0.15209346 (qty: 349.7807072792432)
🔴 CLOSE_SHORT: ALGOUSDT at 0.15220647 (PnL: -0.06881010543061844)
🟢 OPEN_SHORT: ALGOUSDT at 0.1438992 (qty: 368.3357413152638)
🔴 CLOSE_SHORT: ALGOUSDT at 0.14430094 (PnL: -0.17720835725505227)
🟢 OPEN_LONG: ALGOUSDT at 0.1461022 (qty: 359.9569222900528)
🔴 CLOSE_LONG: ALGOUSDT at 0.14569794000000003 (PnL: -0.17436092554148344)
🟢 OPEN_SHORT: ALGOUSDT at 0.14299983000000002 (qty: 364.92299922766034)
🔴 CLOSE_SHORT: ALGOUSDT at 0.14330024 (PnL: -0.1383879725519356)
🟢 OPEN_SHORT: ALGOUSDT at 0.14220039 (qty: 364.6245174714667)
🔴 CLOSE_SHORT: ALGOUSDT at 0.14189926 (PnL: 0.0813424088823046)
🟢 OPEN_SHORT: ALGOUSDT at 0.13780347 (qty: 377.02532949512766)
🔴 CLOSE_SHORT: ALGOUSDT at 0.14059835 (PnL: -1.0828955794787138)
🟢 OPEN_SHORT: ALGOUSDT at 0.14030172000000002 (qty: 354.46790377776006)
🔴 CLOSE_SHORT: ALGOUSDT at 0.13669562 (PnL: 1.25159689238064)
🟢 OPEN_SHORT: ALGOUSDT at 0.13570494000000002 (qty: 384.51765033263985)
🔴 CLOSE_SHORT: ALGOUSDT at 0.13679568999999997 (PnL: -0.4483428236122438)
🟢 OPEN_SHORT: ALGOUSDT at 0.13810326 (qty: 370.9315767127695)
🔴 CLOSE_SHORT: ALGOUSDT at 0.13829673999999997 (PnL: -0.09998208676471458)
🟢 OPEN_SHORT: ALGOUSDT at 0.13700403 (qty: 372.0368390730147)
🔴 CLOSE_SHORT: ALGOUSDT at 0.13679568999999997 (PnL: 0.04951898519395609)
🟢 OPEN_SHORT: ALGOUSDT at 0.13510536 (qty: 377.58321824511484)
🔴 CLOSE_SHORT: ALGOUSDT at 0.1360952 (PnL: -0.40200996772978326)
🟢 OPEN_SHORT: ALGOUSDT at 0.13640445 (qty: 367.68141968397566)
🔴 CLOSE_SHORT: ALGOUSDT at 0.13499442999999997 (PnL: 0.4911389363633079)
🟢 OPEN_SHORT: ALGOUSDT at 0.13390620000000003 (qty: 381.4647191834902)
🔴 CLOSE_SHORT: ALGOUSDT at 0.13409379999999999 (PnL: -0.09969641088749129)
🟢 OPEN_SHORT: ALGOUSDT at 0.13390620000000003 (qty: 379.5560595258126)
🔴 CLOSE_SHORT: ALGOUSDT at 0.13479428999999998 (PnL: -0.36521903516169973)
🟢 OPEN_SHORT: ALGOUSDT at 0.13620459000000001 (qty: 367.37795802015376)
🔴 CLOSE_SHORT: ALGOUSDT at 0.13639541 (PnL: -0.09766282891441547)
🟢 OPEN_SHORT: ALGOUSDT at 0.13640445 (qty: 365.0041920830415)
🔴 CLOSE_SHORT: ALGOUSDT at 0.13659555 (PnL: -0.09717417271050788)
🟢 OPEN_SHORT: ALGOUSDT at 0.14270004000000003 (qty: 347.15533862278625)
🔴 CLOSE_SHORT: ALGOUSDT at 0.14269982 (PnL: -0.027170078208925866)
🟢 OPEN_SHORT: ALGOUSDT at 0.14250018 (qty: 346.87849210077303)
🔴 CLOSE_SHORT: ALGOUSDT at 0.14320017 (PnL: -0.27013165815661033)
🟢 OPEN_SHORT: ALGOUSDT at 0.14120109000000003 (qty: 345.8585976486169)
🔴 CLOSE_SHORT: ALGOUSDT at 0.14119877 (PnL: -0.026056752773495857)
🟢 OPEN_SHORT: ALGOUSDT at 0.14180067000000002 (qty: 343.6498452104508)
🔴 CLOSE_SHORT: ALGOUSDT at 0.14310009999999998 (PnL: -0.47359589832983323)
🟢 OPEN_SHORT: ALGOUSDT at 0.14260011 (qty: 334.7050976570289)
🔴 CLOSE_SHORT: ALGOUSDT at 0.14289996 (PnL: -0.12666746331929893)
🟢 OPEN_SHORT: ALGOUSDT at 0.14359941 (qty: 330.24611267341703)
🔴 CLOSE_SHORT: ALGOUSDT at 0.14410079999999997 (PnL: -0.1917558994015335)
🟢 OPEN_SHORT: ALGOUSDT at 0.14409906 (qty: 326.0775585507997)
🔴 CLOSE_SHORT: ALGOUSDT at 0.14420086999999998 (PnL: -0.05905932343282608)
🟢 OPEN_SHORT: ALGOUSDT at 0.14250018 (qty: 328.54460121213907)
🔴 CLOSE_SHORT: ALGOUSDT at 0.14279988999999998 (PnL: -0.12427197553153693)
🟢 OPEN_SHORT: ALGOUSDT at 0.14260011 (qty: 326.21027731607757)
🔴 CLOSE_SHORT: ALGOUSDT at 0.14259974999999997 (PnL: -0.025467191496142422)
🟢 OPEN_SHORT: ALGOUSDT at 0.14110116 (qty: 328.95206291598845)
🔴 CLOSE_SHORT: ALGOUSDT at 0.14119877 (PnL: -0.05765520553121406)
🟢 OPEN_SHORT: ALGOUSDT at 0.14230032 (qty: 325.0108656210263)
🔴 CLOSE_SHORT: ALGOUSDT at 0.14269982 (PnL: -0.15535028642778964)
🟢 OPEN_SHORT: ALGOUSDT at 0.14309976 (qty: 320.66843119299045)
🔴 CLOSE_SHORT: ALGOUSDT at 0.14370052 (PnL: -0.2179888878940121)
🟢 OPEN_SHORT: ALGOUSDT at 0.14449878000000002 (qty: 314.1972647409786)
🔴 CLOSE_SHORT: ALGOUSDT at 0.14470122 (PnL: -0.08861169441492983)
🟢 OPEN_SHORT: ALGOUSDT at 0.1448985 (qty: 311.762763672502)
🔴 CLOSE_SHORT: ALGOUSDT at 0.14540171 (PnL: -0.18181410173140153)
🟢 OPEN_SHORT: ALGOUSDT at 0.1428999 (qty: 313.2307108405535)
🔴 CLOSE_SHORT: ALGOUSDT at 0.14300003 (PnL: -0.05599939165238209)
🟢 OPEN_SHORT: ALGOUSDT at 0.14230032 (qty: 313.4174383568372)
🔴 CLOSE_SHORT: ALGOUSDT at 0.14320017 (PnL: -0.30671346865490856)
🟢 OPEN_SHORT: ALGOUSDT at 0.14639745 (qty: 300.1207704949745)
🔴 CLOSE_SHORT: ALGOUSDT at 0.14640241 (PnL: -0.025654721271991206)
🟢 OPEN_SHORT: ALGOUSDT at 0.14669724000000003 (qty: 298.82822228225905)
🔴 CLOSE_SHORT: ALGOUSDT at 0.14650248 (PnL: 0.03412129295961763)
🟢 OPEN_SHORT: ALGOUSDT at 0.14549808000000003 (qty: 301.4286994429441)
🔴 CLOSE_SHORT: ALGOUSDT at 0.14560184999999998 (PnL: -0.05541797309627114)
🟢 OPEN_SHORT: ALGOUSDT at 0.14529822 (qty: 300.74847477776655)
🔴 CLOSE_SHORT: ALGOUSDT at 0.14550178 (PnL: -0.0852880506526072)
🟢 OPEN_SHORT: ALGOUSDT at 0.14549808000000003 (qty: 298.83263003718696)
🔴 CLOSE_SHORT: ALGOUSDT at 0.14590206 (PnL: -0.14470256885711785)
🟢 OPEN_SHORT: ALGOUSDT at 0.14429892000000002 (qty: 298.9789614693179)
🔴 CLOSE_SHORT: ALGOUSDT at 0.14510149999999997 (PnL: -0.26381479757372983)
🟢 OPEN_SHORT: ALGOUSDT at 0.14339955 (qty: 296.8437144484019)
🔴 CLOSE_SHORT: ALGOUSDT at 0.14370052 (PnL: -0.11280218060627072)
🟢 OPEN_SHORT: ALGOUSDT at 0.14339955 (qty: 294.9439292552685)
🔴 CLOSE_SHORT: ALGOUSDT at 0.14360045 (PnL: -0.08254897991858817)
🟢 OPEN_SHORT: ALGOUSDT at 0.14479857000000002 (qty: 290.6327352624853)
🔴 CLOSE_SHORT: ALGOUSDT at 0.14490136 (PnL: -0.053036332087658136)
🟢 OPEN_SHORT: ALGOUSDT at 0.14479857000000002 (qty: 289.58048599591706)
🔴 CLOSE_SHORT: ALGOUSDT at 0.14520157 (PnL: -0.1398270835207343)
🟢 OPEN_SHORT: ALGOUSDT at 0.1428999 (qty: 291.1482945808433)
🔴 CLOSE_SHORT: ALGOUSDT at 0.14330024 (PnL: -0.13950519952145857)
🟢 OPEN_SHORT: ALGOUSDT at 0.14329962000000002 (qty: 288.06975352294336)
🔴 CLOSE_SHORT: ALGOUSDT at 0.14259974999999997 (PnL: 0.17901810723890252)
🟢 OPEN_SHORT: ALGOUSDT at 0.14299983000000002 (qty: 290.85988502905536)
🔴 CLOSE_SHORT: ALGOUSDT at 0.14330024 (PnL: -0.11030137829364055)
🟢 OPEN_SHORT: ALGOUSDT at 0.14279997 (qty: 289.4017355246197)
🔴 CLOSE_SHORT: ALGOUSDT at 0.14330024 (PnL: -0.16758824221730267)
🟢 OPEN_SHORT: ALGOUSDT at 0.14260011 (qty: 287.13809162814107)
🔴 CLOSE_SHORT: ALGOUSDT at 0.14300003 (PnL: -0.13741568124825743)
🟢 OPEN_SHORT: ALGOUSDT at 0.14030172000000002 (qty: 289.5620351131109)
🔴 CLOSE_SHORT: ALGOUSDT at 0.14039821 (PnL: -0.050299536045668225)
🟢 OPEN_SHORT: ALGOUSDT at 0.14150088000000002 (qty: 286.08135754525216)
🔴 CLOSE_SHORT: ALGOUSDT at 0.14029814 (PnL: 0.3220063166802361)
🟢 OPEN_SHORT: ALGOUSDT at 0.13940235000000004 (qty: 294.68834375732956)
🔴 CLOSE_SHORT: ALGOUSDT at 0.13939751 (PnL: -0.021167060156392276)
🟢 OPEN_SHORT: ALGOUSDT at 0.13930242 (qty: 294.27145088122387)
🔴 CLOSE_SHORT: ALGOUSDT at 0.13969772 (PnL: -0.1389354824454035)
🟢 OPEN_SHORT: ALGOUSDT at 0.13930242 (qty: 291.9530205003307)
🔴 CLOSE_SHORT: ALGOUSDT at 0.13949757999999998 (PnL: -0.07937725838925395)
🟢 OPEN_SHORT: ALGOUSDT at 0.13970214000000003 (qty: 289.6610676595013)
🔴 CLOSE_SHORT: ALGOUSDT at 0.13999793 (PnL: -0.1079824196336491)
🟢 OPEN_SHORT: ALGOUSDT at 0.13890270000000002 (qty: 289.45292848389636)
🔴 CLOSE_SHORT: ALGOUSDT at 0.13939751 (PnL: -0.16541616316418703)
🟢 OPEN_SHORT: ALGOUSDT at 0.13910256000000001 (qty: 286.34077324222903)
🔴 CLOSE_SHORT: ALGOUSDT at 0.13929743999999997 (PnL: -0.07773968506357674)
🟢 OPEN_SHORT: ALGOUSDT at 0.13870284000000002 (qty: 285.7291271916107)
🔴 CLOSE_SHORT: ALGOUSDT at 0.13879708999999998 (PnL: -0.048742074498138055)
🟢 OPEN_SHORT: ALGOUSDT at 0.13880277000000002 (qty: 284.50702156482885)
🔴 CLOSE_SHORT: ALGOUSDT at 0.13899722999999997 (PnL: -0.07707536376566673)
🟢 OPEN_SHORT: ALGOUSDT at 0.13820319 (qty: 284.3116179240942)
🔴 CLOSE_SHORT: ALGOUSDT at 0.13839681 (PnL: -0.07668971699411309)
🟢 OPEN_SHORT: ALGOUSDT at 0.14020179000000002 (qty: 278.85643305535893)
🔴 CLOSE_SHORT: ALGOUSDT at 0.14029814 (PnL: -0.048385488711460464)
🟢 OPEN_SHORT: ALGOUSDT at 0.14000193000000002 (qty: 278.25612333900955)
🔴 CLOSE_SHORT: ALGOUSDT at 0.14029814 (PnL: -0.10389359539567834)
🟢 OPEN_SHORT: ALGOUSDT at 0.13940235000000004 (qty: 277.6549683506471)
🔴 CLOSE_SHORT: ALGOUSDT at 0.13289296 (PnL: 1.7870703596004742)
🟢 OPEN_SHORT: ALGOUSDT at 0.12960921000000003 (qty: 325.8820840422667)
🔴 CLOSE_SHORT: ALGOUSDT at 0.12939051 (PnL: 0.04807908480030755)
🟢 OPEN_SHORT: ALGOUSDT at 0.12960921000000003 (qty: 326.2655222114227)
🔴 CLOSE_SHORT: ALGOUSDT at 0.13009099999999998 (PnL: -0.1805357803737298)
🟢 OPEN_SHORT: ALGOUSDT at 0.13070844 (qty: 320.4034055113084)
🔴 CLOSE_SHORT: ALGOUSDT at 0.13079149 (PnL: -0.04965782417205857)
🟢 OPEN_LONG: ALGOUSDT at 0.12979079 (qty: 321.54859589413365)
🔴 CLOSE_LONG: ALGOUSDT at 0.12950928 (PnL: -0.1134230851567458)
🟢 OPEN_SHORT: ALGOUSDT at 0.13030872 (qty: 318.1774225336893)
🔴 CLOSE_SHORT: ALGOUSDT at 0.13149197999999998 (PnL: -0.39949739559134884)
🟢 OPEN_SHORT: ALGOUSDT at 0.12990900000000002 (qty: 312.65493884297274)
🔴 CLOSE_SHORT: ALGOUSDT at 0.12989086 (PnL: -0.016664499798638474)
🟢 OPEN_SHORT: ALGOUSDT at 0.12900963000000001 (qty: 314.2298996676433)
🔴 CLOSE_SHORT: ALGOUSDT at 0.12879009 (PnL: 0.046727698790652375)
🟢 OPEN_SHORT: ALGOUSDT at 0.1409013 (qty: 288.05657532783664)
🔴 CLOSE_SHORT: ALGOUSDT at 0.14149898 (PnL: -0.19458349531708846)
🟢 OPEN_SHORT: ALGOUSDT at 0.14120109000000003 (qty: 284.37268186863923)
🔴 CLOSE_SHORT: ALGOUSDT at 0.14119877 (PnL: -0.021424445473856076)
🟢 OPEN_SHORT: ALGOUSDT at 0.14030172000000002 (qty: 285.57536321876256)
🔴 CLOSE_SHORT: ALGOUSDT at 0.140098 (PnL: 0.036172717515009334)
🟢 OPEN_SHORT: ALGOUSDT at 0.14070144 (qty: 284.9650060307355)
🔴 CLOSE_SHORT: ALGOUSDT at 0.14079848999999997 (PnL: -0.04972330723885403)
🟢 OPEN_SHORT: ALGOUSDT at 0.14369934 (qty: 278.02100968791603)
🔴 CLOSE_SHORT: ALGOUSDT at 0.14410079999999997 (PnL: -0.133648992001361)
🟢 OPEN_SHORT: ALGOUSDT at 0.1428999 (qty: 277.39831193112093)
🔴 CLOSE_SHORT: ALGOUSDT at 0.14310009999999998 (PnL: -0.07736779144605192)
🟢 OPEN_SHORT: ALGOUSDT at 0.14080137 (qty: 280.1240587509622)
🔴 CLOSE_SHORT: ALGOUSDT at 0.14119877 (PnL: -0.13307554584630418)
🟢 OPEN_SHORT: ALGOUSDT at 0.14010186 (qty: 279.3133090027269)
🔴 CLOSE_SHORT: ALGOUSDT at 0.13999793 (PnL: 0.007522225409646317)
🟢 OPEN_SHORT: ALGOUSDT at 0.13990200000000003 (qty: 279.51218009271173)
🔴 CLOSE_SHORT: ALGOUSDT at 0.14039821 (PnL: -0.16028039425081378)
🟢 OPEN_SHORT: ALGOUSDT at 0.14060151 (qty: 275.5357142786585)
🔴 CLOSE_SHORT: ALGOUSDT at 0.14059835 (PnL: -0.02043623387938683)
🟢 OPEN_SHORT: ALGOUSDT at 0.13910256000000001 (qty: 277.90466406594834)
🔴 CLOSE_SHORT: ALGOUSDT at 0.13959765 (PnL: -0.15892498104760885)
🟢 OPEN_SHORT: ALGOUSDT at 0.13950228 (qty: 274.52509930439913)
🔴 CLOSE_SHORT: ALGOUSDT at 0.13969772 (PnL: -0.07474597715862832)
🟢 OPEN_SHORT: ALGOUSDT at 0.13780347 (qty: 276.5188623397925)
🔴 CLOSE_SHORT: ALGOUSDT at 0.1380966 (PnL: -0.10205844721641046)
🟢 OPEN_SHORT: ALGOUSDT at 0.13750368000000002 (qty: 275.3324570790893)
🔴 CLOSE_SHORT: ALGOUSDT at 0.13769631999999998 (PnL: -0.07389179089569815)
🟢 OPEN_SHORT: ALGOUSDT at 0.13740375000000002 (qty: 274.15407033175154)
🔴 CLOSE_SHORT: ALGOUSDT at 0.13769631999999998 (PnL: -0.10097175998568761)
🟢 OPEN_SHORT: ALGOUSDT at 0.13660431 (qty: 273.9768389760177)
🔴 CLOSE_SHORT: ALGOUSDT at 0.1370959 (PnL: -0.1553428799974315)
🟢 OPEN_SHORT: ALGOUSDT at 0.13600473000000002 (qty: 272.5975944039312)
🔴 CLOSE_SHORT: ALGOUSDT at 0.13559485 (PnL: 0.09140274553633222)
🟢 OPEN_SHORT: ALGOUSDT at 0.13470564000000002 (qty: 276.28082757471026)
🔴 CLOSE_SHORT: ALGOUSDT at 0.13459415 (PnL: 0.01035036873451679)
🟢 OPEN_SHORT: ALGOUSDT at 0.13200753 (qty: 281.7744426502166)
🔴 CLOSE_SHORT: ALGOUSDT at 0.13239261 (PnL: -0.129023372017307)
🟢 OPEN_SHORT: ALGOUSDT at 0.13230732 (qty: 278.8763725569887)
🔴 CLOSE_SHORT: ALGOUSDT at 0.13269282 (PnL: -0.12785953238899103)
🟢 OPEN_LONG: ALGOUSDT at 0.13229254000000001 (qty: 276.6677491833452)
🔴 CLOSE_LONG: ALGOUSDT at 0.13240725 (PnL: 0.01158850880063772)
🟢 OPEN_SHORT: ALGOUSDT at 0.13200753 (qty: 277.1356687451544)
🔴 CLOSE_SHORT: ALGOUSDT at 0.13249267999999997 (PnL: -0.15464751580330188)
🟢 OPEN_SHORT: ALGOUSDT at 0.13210746 (qty: 274.280178270954)
🔴 CLOSE_SHORT: ALGOUSDT at 0.13219246999999998 (PnL: -0.04325833378552798)
🟢 OPEN_SHORT: ALGOUSDT at 0.13250718 (qty: 272.49906841806103)
🔴 CLOSE_SHORT: ALGOUSDT at 0.13269282 (PnL: -0.07047399547079629)
🟢 OPEN_LONG: ALGOUSDT at 0.13429394 (qty: 267.52820139421925)
🔴 CLOSE_LONG: ALGOUSDT at 0.13330662000000001 (PnL: -0.28375074795593525)
🟢 OPEN_SHORT: ALGOUSDT at 0.13370634 (qty: 264.16394744319547)
🔴 CLOSE_SHORT: ALGOUSDT at 0.13399372999999998 (PnL: -0.09538604881288296)
🟢 OPEN_SHORT: ALGOUSDT at 0.13360641000000004 (qty: 262.6428630252574)
🔴 CLOSE_SHORT: ALGOUSDT at 0.13399372999999998 (PnL: -0.12108270698797552)
🟢 OPEN_SHORT: ALGOUSDT at 0.13410606000000003 (qty: 259.5707067965876)
🔴 CLOSE_SHORT: ALGOUSDT at 0.13449408 (PnL: -0.11991952352425808)
🟢 OPEN_SHORT: ALGOUSDT at 0.13370634 (qty: 258.26654687877203)
🔴 CLOSE_SHORT: ALGOUSDT at 0.13429394 (PnL: -0.17083342062876455)
🟢 OPEN_SHORT: ALGOUSDT at 0.13290690000000002 (qty: 256.96350471000056)
🔴 CLOSE_SHORT: ALGOUSDT at 0.13319317 (PnL: -0.09238512356497525)
🟢 OPEN_SHORT: ALGOUSDT at 0.13150788 (qty: 258.0064793980753)
🔴 CLOSE_SHORT: ALGOUSDT at 0.13159205 (PnL: -0.040389786216436116)
🟢 OPEN_SHORT: ALGOUSDT at 0.13160781000000002 (qty: 256.91319296192705)
🔴 CLOSE_SHORT: ALGOUSDT at 0.1320924 (PnL: -0.1431625183149171)
🟢 OPEN_SHORT: ALGOUSDT at 0.13240725 (qty: 252.91866335297107)
🔴 CLOSE_SHORT: ALGOUSDT at 0.13229254000000001 (PnL: 0.0106097110596136)
🟢 OPEN_SHORT: ALGOUSDT at 0.13250718 (qty: 252.61006248268868)
🔴 CLOSE_SHORT: ALGOUSDT at 0.13279289 (PnL: -0.09062287208401386)
🟢 OPEN_LONG: ALGOUSDT at 0.13429394 (qty: 247.62533114536475)
🔴 CLOSE_LONG: ALGOUSDT at 0.13360641000000004 (PnL: -0.1884462262580301)
🟢 OPEN_SHORT: ALGOUSDT at 0.13370634 (qty: 245.62117900542148)
🔴 CLOSE_SHORT: ALGOUSDT at 0.13439400999999998 (PnL: -0.18706182451975822)
🟢 OPEN_LONG: ALGOUSDT at 0.13549477999999998 (qty: 239.35136100816408)
🔴 CLOSE_LONG: ALGOUSDT at 0.13510536 (PnL: -0.11099391549131683)
🟢 OPEN_SHORT: ALGOUSDT at 0.13470564000000002 (qty: 238.8407658767424)
🔴 CLOSE_SHORT: ALGOUSDT at 0.13499442999999997 (PnL: -0.08670801995519567)
🟢 OPEN_SHORT: ALGOUSDT at 0.13470564000000002 (qty: 237.29067073626823)
🔴 CLOSE_SHORT: ALGOUSDT at 0.13559485 (PnL: -0.22869770342307683)
🟢 OPEN_SHORT: ALGOUSDT at 0.13390620000000003 (qty: 235.0289637811957)
🔴 CLOSE_SHORT: ALGOUSDT at 0.13359345 (PnL: 0.05623622685577537)
🟢 OPEN_SHORT: ALGOUSDT at 0.13320669000000002 (qty: 236.84763028505552)
🔴 CLOSE_SHORT: ALGOUSDT at 0.13349337999999997 (PnL: -0.0852915220178692)
🟢 OPEN_SHORT: ALGOUSDT at 0.13250718 (qty: 236.5486999484074)
🔴 CLOSE_SHORT: ALGOUSDT at 0.13259275 (PnL: -0.03749202570388319)
🟢 OPEN_SHORT: ALGOUSDT at 0.13250718 (qty: 235.722609674002)
🔴 CLOSE_SHORT: ALGOUSDT at 0.1330931 (PnL: -0.15536977053407044)
🟢 OPEN_LONG: ALGOUSDT at 0.13289296 (qty: 232.4415100467118)
🔴 CLOSE_LONG: ALGOUSDT at 0.13260711000000003 (PnL: -0.08339627393707882)
🟢 OPEN_LONG: ALGOUSDT at 0.13279289 (qty: 231.10475963567416)
🔴 CLOSE_LONG: ALGOUSDT at 0.13220739 (PnL: -0.15211640316509004)
🟢 OPEN_SHORT: ALGOUSDT at 0.13260711000000003 (qty: 228.87971951601375)
🔴 CLOSE_SHORT: ALGOUSDT at 0.13269282 (PnL: -0.03632116324257253)
🟢 OPEN_SHORT: ALGOUSDT at 0.13220739 (qty: 228.76973541484344)
🔴 CLOSE_SHORT: ALGOUSDT at 0.13219246999999998 (PnL: -0.013219655559757865)
🟢 OPEN_SHORT: ALGOUSDT at 0.13210746 (qty: 228.4908116806899)
🔴 CLOSE_SHORT: ALGOUSDT at 0.13249267999999997 (PnL: -0.10466957847284955)
🟢 OPEN_SHORT: ALGOUSDT at 0.13650438 (qty: 219.35411693520595)
🔴 CLOSE_SHORT: ALGOUSDT at 0.13669562 (PnL: -0.058440892180390475)
🟢 OPEN_SHORT: ALGOUSDT at 0.13640445 (qty: 218.4164730023179)
🔴 CLOSE_SHORT: ALGOUSDT at 0.13629534 (PnL: 0.007458390272089551)
🟢 OPEN_SHORT: ALGOUSDT at 0.13630452 (qty: 218.4456052859235)
🔴 CLOSE_SHORT: ALGOUSDT at 0.13629534 (PnL: -0.014369884267642607)
🟢 OPEN_SHORT: ALGOUSDT at 0.13660431 (qty: 217.5160576585029)
🔴 CLOSE_SHORT: ALGOUSDT at 0.13669562 (PnL: -0.036214812023665915)
🟢 OPEN_SHORT: ALGOUSDT at 0.13580487 (qty: 218.0224932452351)
🔴 CLOSE_SHORT: ALGOUSDT at 0.13649547999999997 (PnL: -0.16693601073655534)
🟢 OPEN_SHORT: ALGOUSDT at 0.13630452 (qty: 214.53488822516383)
🔴 CLOSE_SHORT: ALGOUSDT at 0.13649547999999997 (PnL: -0.05707325565524123)
🟢 OPEN_LONG: ALGOUSDT at 0.13729603999999998 (qty: 211.91989345806857)
🔴 CLOSE_LONG: ALGOUSDT at 0.13630452 (PnL: -0.22600991440747661)
🟢 OPEN_SHORT: ALGOUSDT at 0.13680417 (qty: 209.14374906711055)
🔴 CLOSE_SHORT: ALGOUSDT at 0.13699582999999999 (PnL: -0.05584299276721702)
🟢 OPEN_SHORT: ALGOUSDT at 0.13590480000000002 (qty: 209.47441227666457)
🔴 CLOSE_SHORT: ALGOUSDT at 0.13629534 (PnL: -0.09751084940392316)
🟢 OPEN_SHORT: ALGOUSDT at 0.13620459000000001 (qty: 207.35160959593028)
🔴 CLOSE_SHORT: ALGOUSDT at 0.13149197999999998 (PnL: 0.9621714783618083)
🟢 OPEN_SHORT: ALGOUSDT at 0.13050858 (qty: 230.9083239010761)
🔴 CLOSE_SHORT: ALGOUSDT at 0.13059135 (PnL: -0.035697328328751256)
🟢 OPEN_SHORT: ALGOUSDT at 0.12880977 (qty: 233.14204921446043)
🔴 CLOSE_SHORT: ALGOUSDT at 0.12939051 (PnL: -0.15198641641847216)
🟢 OPEN_LONG: ALGOUSDT at 0.12899022999999998 (qty: 230.203224172061)
🔴 CLOSE_LONG: ALGOUSDT at 0.12890970000000002 (PnL: -0.034859751354447834)
🟢 OPEN_SHORT: ALGOUSDT at 0.12880977 (qty: 229.7308967050497)
🔴 CLOSE_SHORT: ALGOUSDT at 0.1290903 (PnL: -0.08075722515887596)
🟢 OPEN_SHORT: ALGOUSDT at 0.12771054 (qty: 230.18866550709114)
🔴 CLOSE_SHORT: ALGOUSDT at 0.12738911 (PnL: 0.057861601676877115)
🟢 OPEN_SHORT: ALGOUSDT at 0.12781047000000004 (qty: 230.66110864385837)
🔴 CLOSE_SHORT: ALGOUSDT at 0.12798953 (PnL: -0.057539391900291975)
🟢 OPEN_SHORT: ALGOUSDT at 0.12880977 (qty: 227.72649099144576)
🔴 CLOSE_SHORT: ALGOUSDT at 0.12949057999999997 (PnL: -0.17125711180179665)
🟢 OPEN_SHORT: ALGOUSDT at 0.12900963000000001 (qty: 224.4686382504267)
🔴 CLOSE_SHORT: ALGOUSDT at 0.12939051 (PnL: -0.10146987630704184)
🟢 OPEN_SHORT: ALGOUSDT at 0.12920949 (qty: 222.30427298422694)
🔴 CLOSE_SHORT: ALGOUSDT at 0.12929044 (PnL: -0.0338035303954783)
🟢 OPEN_SHORT: ALGOUSDT at 0.1279104 (qty: 223.78648235335962)
🔴 CLOSE_SHORT: ALGOUSDT at 0.1280896 (PnL: -0.05586813419324681)
🟢 OPEN_SHORT: ALGOUSDT at 0.12271404000000001 (qty: 232.0956520028591)
🔴 CLOSE_SHORT: ALGOUSDT at 0.12248567999999999 (PnL: 0.03736574652304117)
🟢 OPEN_SHORT: ALGOUSDT at 0.12261411000000001 (qty: 232.63878098626031)
🔴 CLOSE_SHORT: ALGOUSDT at 0.12298602999999998 (PnL: -0.10225924147804977)
🟢 OPEN_SHORT: ALGOUSDT at 0.12201453000000001 (qty: 231.8486275558215)
🔴 CLOSE_SHORT: ALGOUSDT at 0.12178518999999999 (PnL: 0.03764251320668855)
🟢 OPEN_SHORT: ALGOUSDT at 0.12191460000000001 (qty: 232.40094752660752)
🔴 CLOSE_SHORT: ALGOUSDT at 0.12218546999999999 (PnL: -0.07856825510761835)
🟢 OPEN_SHORT: ALGOUSDT at 0.12131502000000001 (qty: 231.99737074353342)
🔴 CLOSE_SHORT: ALGOUSDT at 0.12158504999999999 (PnL: -0.0781603265788175)
🟢 OPEN_SHORT: ALGOUSDT at 0.12231432 (qty: 228.57083108750206)
🔴 CLOSE_SHORT: ALGOUSDT at 0.12278589 (PnL: -0.12322304692364644)
🟢 OPEN_SHORT: ALGOUSDT at 0.12261411000000001 (qty: 225.75123244870872)
🔴 CLOSE_SHORT: ALGOUSDT at 0.12258575 (PnL: -0.008818331326482461)
🟢 OPEN_SHORT: ALGOUSDT at 0.12211446000000001 (qty: 226.28115843410768)
🔴 CLOSE_SHORT: ALGOUSDT at 0.12268581999999999 (PnL: -0.14455682189307817)
🟢 OPEN_SHORT: ALGOUSDT at 0.12141495000000001 (qty: 224.95328956567576)
🔴 CLOSE_SHORT: ALGOUSDT at 0.12148497999999998 (PnL: -0.030784124104378918)
🟢 OPEN_SHORT: ALGOUSDT at 0.1209153 (qty: 225.12519255294976)
🔴 CLOSE_SHORT: ALGOUSDT at 0.12118476999999998 (PnL: -0.07566944521164308)
🟢 OPEN_SHORT: ALGOUSDT at 0.12271404000000001 (qty: 220.34803936419775)
🔴 CLOSE_SHORT: ALGOUSDT at 0.12288596 (PnL: -0.05277495912075411)
🟢 OPEN_SHORT: ALGOUSDT at 0.12221439000000002 (qty: 220.14187053006017)
🔴 CLOSE_SHORT: ALGOUSDT at 0.12208539999999998 (PnL: 0.013614240303454801)
🟢 OPEN_SHORT: ALGOUSDT at 0.12141495000000001 (qty: 221.57187352986537)
🔴 CLOSE_SHORT: ALGOUSDT at 0.12138491 (PnL: -0.008136495978985612)
🟢 OPEN_SHORT: ALGOUSDT at 0.12071544000000001 (qty: 222.47587054593922)
🔴 CLOSE_SHORT: ALGOUSDT at 0.12068441999999999 (PnL: -0.007865952766117875)
🟢 OPEN_SHORT: ALGOUSDT at 0.12041565 (qty: 222.6537729683933)
🔴 CLOSE_SHORT: ALGOUSDT at 0.12048427999999999 (PnL: -0.03003518217777694)
🟢 OPEN_SHORT: ALGOUSDT at 0.11931642000000002 (qty: 223.95439231171437)
🔴 CLOSE_SHORT: ALGOUSDT at 0.11948357999999999 (PnL: -0.05215359612139031)
🟢 OPEN_SHORT: ALGOUSDT at 0.11931642000000002 (qty: 222.8338359607102)
🔴 CLOSE_SHORT: ALGOUSDT at 0.11908329999999999 (PnL: 0.03735234014334466)
🟢 OPEN_SHORT: ALGOUSDT at 0.11921649000000001 (qty: 223.40192814658434)
🔴 CLOSE_SHORT: ALGOUSDT at 0.11928343999999999 (PnL: -0.02961324185998644)
🟢 OPEN_SHORT: ALGOUSDT at 0.11911656000000001 (qty: 222.84618306675273)
🔴 CLOSE_SHORT: ALGOUSDT at 0.11908329999999999 (PnL: -0.007183628330791282)
🟢 OPEN_LONG: ALGOUSDT at 0.11928343999999999 (qty: 222.1691824244066)
🔴 CLOSE_LONG: ALGOUSDT at 0.11861691 (PnL: -0.1625765872153615)
🟢 OPEN_SHORT: ALGOUSDT at 0.12041565 (qty: 217.13788824263503)
🔴 CLOSE_SHORT: ALGOUSDT at 0.12098462999999998 (PnL: -0.13799580653969984)
🟢 OPEN_SHORT: ALGOUSDT at 0.1209153 (qty: 213.7202393686912)
🔴 CLOSE_SHORT: ALGOUSDT at 0.12118476999999998 (PnL: -0.07183599383140883)
🟢 OPEN_SHORT: ALGOUSDT at 0.12001593 (qty: 213.8878448896663)
🔴 CLOSE_SHORT: ALGOUSDT at 0.11998393 (PnL: -0.00727029627853069)
🟢 OPEN_SHORT: ALGOUSDT at 0.12031572 (qty: 212.99935772391115)
🔴 CLOSE_SHORT: ALGOUSDT at 0.12048427999999999 (PnL: -0.05001786257864445)
🟢 OPEN_LONG: ALGOUSDT at 0.12008399999999998 (qty: 212.34257245544984)
🔴 CLOSE_LONG: ALGOUSDT at 0.11981607000000001 (PnL: -0.07088607432689892)
🟢 OPEN_SHORT: ALGOUSDT at 0.11971614000000001 (qty: 211.57652161244388)
🔴 CLOSE_SHORT: ALGOUSDT at 0.12048427999999999 (PnL: -0.17654079399063574)
🟢 OPEN_SHORT: ALGOUSDT at 0.11272104000000001 (qty: 221.32674483093024)
🔴 CLOSE_SHORT: ALGOUSDT at 0.11277888999999999 (PnL: -0.026532293723605892)
🟢 OPEN_SHORT: ALGOUSDT at 0.11272104000000001 (qty: 220.61252513964556)
🔴 CLOSE_SHORT: ALGOUSDT at 0.11417986999999999 (PnL: -0.3356904002419139)
🟢 OPEN_SHORT: ALGOUSDT at 0.11412006000000001 (qty: 211.78518509090466)
🔴 CLOSE_SHORT: ALGOUSDT at 0.11438000999999999 (PnL: -0.06837675423807889)
🟢 OPEN_SHORT: ALGOUSDT at 0.11451978 (qty: 209.6196717228801)
🔴 CLOSE_SHORT: ALGOUSDT at 0.11448008 (PnL: -0.004876601266225879)
🟢 OPEN_SHORT: ALGOUSDT at 0.11402013 (qty: 210.22111909787807)
🔴 CLOSE_SHORT: ALGOUSDT at 0.1140798 (PnL: -0.02573398494892408)
🟢 OPEN_SHORT: ALGOUSDT at 0.11342055000000001 (qty: 210.64617457001125)
🔴 CLOSE_SHORT: ALGOUSDT at 0.11357945 (PnL: -0.04663046929791882)
🟢 OPEN_SHORT: ALGOUSDT at 0.11372034 (qty: 209.03967813548837)
🔴 CLOSE_SHORT: ALGOUSDT at 0.11397972999999999 (PnL: -0.06732725945180448)
🟢 OPEN_SHORT: ALGOUSDT at 0.11362041 (qty: 207.80825806346326)
🔴 CLOSE_SHORT: ALGOUSDT at 0.11397972999999999 (PnL: -0.08769692431757409)
🟢 OPEN_SHORT: ALGOUSDT at 0.11382027000000002 (qty: 205.67420239374155)
🔴 CLOSE_SHORT: ALGOUSDT at 0.11387966 (PnL: -0.02509715041181368)
🟢 OPEN_LONG: ALGOUSDT at 0.11638140999999999 (qty: 200.49549206435412)
🔴 CLOSE_LONG: ALGOUSDT at 0.11621859000000001 (PnL: -0.045460392881905655)
🟢 OPEN_SHORT: ALGOUSDT at 0.11561901000000001 (qty: 200.80919164122028)
🔴 CLOSE_SHORT: ALGOUSDT at 0.11638140999999999 (PnL: -0.1659506789825538)
🟢 OPEN_SHORT: ALGOUSDT at 0.11711796000000001 (qty: 195.18713852736863)
🔴 CLOSE_SHORT: ALGOUSDT at 0.11738211 (PnL: -0.06415999563286529)
🟢 OPEN_SHORT: ALGOUSDT at 0.11731782000000002 (qty: 193.5465011186393)
🔴 CLOSE_SHORT: ALGOUSDT at 0.11738211 (PnL: -0.02493849773334638)
🟢 OPEN_SHORT: ALGOUSDT at 0.11631852000000001 (qty: 194.56574486557923)
🔴 CLOSE_SHORT: ALGOUSDT at 0.11648148 (PnL: -0.04417125203887759)
🟢 OPEN_SHORT: ALGOUSDT at 0.11631852000000001 (qty: 193.59223468412432)
🔴 CLOSE_SHORT: ALGOUSDT at 0.11668161999999999 (PnL: -0.08271710097310125)
🟢 OPEN_SHORT: ALGOUSDT at 0.11561901000000001 (qty: 193.11839654707077)
🔴 CLOSE_SHORT: ALGOUSDT at 0.11558085 (PnL: -0.0049070356207131125)
🟢 OPEN_SHORT: ALGOUSDT at 0.11541915000000001 (qty: 193.1549727815059)
🔴 CLOSE_SHORT: ALGOUSDT at 0.11568091999999998 (PnL: -0.06285156694967514)
🟢 OPEN_SHORT: ALGOUSDT at 0.11397016500000001 (qty: 194.292571935477)
🔴 CLOSE_SHORT: ALGOUSDT at 0.114149849 (PnL: -0.047109423757192424)
🟢 OPEN_SHORT: ALGOUSDT at 0.11415003900000001 (qty: 192.94763203818593)
🔴 CLOSE_SHORT: ALGOUSDT at 0.11433998199999999 (PnL: -0.04878294789802992)
🟢 OPEN_SHORT: ALGOUSDT at 0.11406010200000001 (qty: 192.03197230724857)
🔴 CLOSE_SHORT: ALGOUSDT at 0.11423991199999999 (PnL: -0.046595012530223086)
🟢 OPEN_SHORT: ALGOUSDT at 0.11212146 (qty: 194.30627123997556)
🔴 CLOSE_SHORT: ALGOUSDT at 0.11238861699999998 (PnL: -0.06392107771015178)
🟢 OPEN_SHORT: ALGOUSDT at 0.111551859 (qty: 193.93756737000086)
🔴 CLOSE_SHORT: ALGOUSDT at 0.11190828099999998 (PnL: -0.08106038651928098)
🟢 OPEN_SHORT: ALGOUSDT at 0.11160182400000002 (qty: 192.18483285036376)
🔴 CLOSE_SHORT: ALGOUSDT at 0.111508001 (PnL: 0.006244776979008887)
🟢 OPEN_SHORT: ALGOUSDT at 0.11125206900000001 (qty: 192.68922045407786)
🔴 CLOSE_SHORT: ALGOUSDT at 0.11136790299999999 (PnL: -0.03412263008904551)
🟢 OPEN_SHORT: ALGOUSDT at 0.11092230000000002 (qty: 192.43423916958758)
🔴 CLOSE_SHORT: ALGOUSDT at 0.111287847 (PnL: -0.08212233451716794)
🟢 OPEN_SHORT: ALGOUSDT at 0.11047261500000001 (qty: 191.51826871445354)
🔴 CLOSE_SHORT: ALGOUSDT at 0.11055733599999999 (PnL: -0.027871181515174953)
🟢 OPEN_SHORT: ALGOUSDT at 0.11282097 (qty: 186.83147579537902)
🔴 CLOSE_SHORT: ALGOUSDT at 0.113219198 (PnL: -0.08603562536092978)
🟢 OPEN_SHORT: ALGOUSDT at 0.10899365100000001 (qty: 191.6006164055016)
🔴 CLOSE_SHORT: ALGOUSDT at 0.10857594999999999 (PnL: 0.0685899986524512)
🟢 OPEN_SHORT: ALGOUSDT at 0.109273455 (qty: 192.15516831057928)
🔴 CLOSE_SHORT: ALGOUSDT at 0.106624585 (PnL: 0.49772540489065)
🟢 OPEN_SHORT: ALGOUSDT at 0.11335059900000001 (qty: 193.82176129597335)
🔴 CLOSE_SHORT: ALGOUSDT at 0.11344935899999999 (PnL: -0.03123576216418914)
🟢 OPEN_SHORT: ALGOUSDT at 0.113600424 (qty: 192.6328586924019)
🔴 CLOSE_SHORT: ALGOUSDT at 0.11358945699999999 (PnL: -0.009921979439292851)
🟢 OPEN_SHORT: ALGOUSDT at 0.11352048000000002 (qty: 192.38166516776775)
🔴 CLOSE_SHORT: ALGOUSDT at 0.11340933099999999 (PnL: 0.009383197932900085)
🟢 OPEN_SHORT: ALGOUSDT at 0.11372034 (qty: 191.99733472516687)
🔴 CLOSE_SHORT: ALGOUSDT at 0.11399974399999999 (PnL: -0.06568302916559052)
🟢 OPEN_SHORT: ALGOUSDT at 0.11337058500000001 (qty: 191.2190778878495)
🔴 CLOSE_SHORT: ALGOUSDT at 0.113729555 (PnL: -0.08060290573903121)
🟢 OPEN_SHORT: ALGOUSDT at 0.11430992700000002 (qty: 188.02887024179708)
🔴 CLOSE_SHORT: ALGOUSDT at 0.11443004499999998 (PnL: -0.0344195354813842)
🟢 OPEN_SHORT: ALGOUSDT at 0.11405010900000001 (qty: 187.64633041425077)
🔴 CLOSE_SHORT: ALGOUSDT at 0.11378959699999999 (PnL: 0.037140410654879184)
🟢 OPEN_SHORT: ALGOUSDT at 0.11325066900000001 (qty: 189.41896109791588)
🔴 CLOSE_SHORT: ALGOUSDT at 0.11386965299999999 (PnL: -0.12911029547073977)
🟢 OPEN_SHORT: ALGOUSDT at 0.11341055700000001 (qty: 186.66698258267417)
🔴 CLOSE_SHORT: ALGOUSDT at 0.113609471 (PnL: -0.04879460160286012)
🟢 OPEN_SHORT: ALGOUSDT at 0.113600424 (qty: 185.2909480152083)
🔴 CLOSE_SHORT: ALGOUSDT at 0.11373956199999999 (PnL: -0.03737221312333493)
🟢 OPEN_SHORT: ALGOUSDT at 0.11444982900000002 (qty: 183.06040272335608)
🔴 CLOSE_SHORT: ALGOUSDT at 0.114590157 (PnL: -0.03722580635206361)
🟢 OPEN_SHORT: ALGOUSDT at 0.112900914 (qty: 184.70828164144024)
🔴 CLOSE_SHORT: ALGOUSDT at 0.113089107 (PnL: -0.04624947769142982)
🟢 OPEN_SHORT: ALGOUSDT at 0.11307079500000002 (qty: 183.40983414950165)
🔴 CLOSE_SHORT: ALGOUSDT at 0.113509401 (PnL: -0.09189496094347331)
🟢 OPEN_SHORT: ALGOUSDT at 0.110832363 (qty: 185.24998615144042)
🔴 CLOSE_SHORT: ALGOUSDT at 0.111157756 (PnL: -0.07160463376156827)
🟢 OPEN_LONG: ALGOUSDT at 0.11123781199999999 (qty: 183.08432370349277)
🔴 CLOSE_LONG: ALGOUSDT at 0.11107219500000001 (PnL: -0.04150644417590813)
🟢 OPEN_SHORT: ALGOUSDT at 0.11088232800000002 (qty: 182.72058828333948)
🔴 CLOSE_SHORT: ALGOUSDT at 0.111007651 (PnL: -0.0340549530974992)
🟢 OPEN_SHORT: ALGOUSDT at 0.111012237 (qty: 181.69247200710416)
🔴 CLOSE_SHORT: ALGOUSDT at 0.111207791 (PnL: -0.04664377982015901)
🟢 OPEN_SHORT: ALGOUSDT at 0.11170175400000001 (qty: 179.53713696732459)
🔴 CLOSE_SHORT: ALGOUSDT at 0.112368603 (PnL: -0.1308200457467213)
🟢 OPEN_SHORT: ALGOUSDT at 0.11188162800000001 (qty: 176.71277487557447)
🔴 CLOSE_SHORT: ALGOUSDT at 0.11222850499999999 (PnL: -0.0722053130067894)
🟢 OPEN_SHORT: ALGOUSDT at 0.11270105400000001 (qty: 173.9536021662018)
🔴 CLOSE_SHORT: ALGOUSDT at 0.11257874999999999 (PnL: 0.01050430785991063)
🟢 OPEN_SHORT: ALGOUSDT at 0.11110217400000001 (qty: 176.45197201276355)
🔴 CLOSE_SHORT: ALGOUSDT at 0.11101765799999999 (PnL: 0.004138908291348149)
🟢 OPEN_SHORT: ALGOUSDT at 0.11032272000000001 (qty: 177.57820779183893)
🔴 CLOSE_SHORT: ALGOUSDT at 0.11035719599999999 (PnL: -0.01690055448726447)
🟢 OPEN_SHORT: ALGOUSDT at 0.10989302100000001 (qty: 177.7688847534765)
🔴 CLOSE_SHORT: ALGOUSDT at 0.10998693699999998 (PnL: -0.02744908290086995)
🟢 OPEN_SHORT: ALGOUSDT at 0.10994298600000002 (qty: 176.9933054555636)
🔴 CLOSE_SHORT: ALGOUSDT at 0.10997692999999999 (PnL: -0.016713709960883012)
🟢 OPEN_SHORT: ALGOUSDT at 0.10985304900000001 (qty: 176.6390661957761)
🔴 CLOSE_SHORT: ALGOUSDT at 0.109996944 (PnL: -0.03610384504014162)
🟢 OPEN_SHORT: ALGOUSDT at 0.11002293000000002 (qty: 175.51602679591355)
🔴 CLOSE_SHORT: ALGOUSDT at 0.110036972 (PnL: -0.013086884717615615)
🟢 OPEN_SHORT: ALGOUSDT at 0.11242125000000001 (qty: 171.3499173361508)
🔴 CLOSE_SHORT: ALGOUSDT at 0.11302906499999998 (PnL: -0.11480118652505018)
🟢 OPEN_SHORT: ALGOUSDT at 0.112471215 (qty: 169.04396215683184)
🔴 CLOSE_SHORT: ALGOUSDT at 0.111768183 (PnL: 0.10845175972947843)
🟢 OPEN_SHORT: ALGOUSDT at 0.11098225800000001 (qty: 173.07784000807018)
🔴 CLOSE_SHORT: ALGOUSDT at 0.111287847 (PnL: -0.06348448714807262)
🟢 OPEN_SHORT: ALGOUSDT at 0.11121209700000001 (qty: 171.38846948564364)
🔴 CLOSE_SHORT: ALGOUSDT at 0.11069743399999998 (PnL: 0.07777255878680789)
🟢 OPEN_LONG: ALGOUSDT at 0.11166811299999999 (qty: 171.89374098665144)
🔴 CLOSE_LONG: ALGOUSDT at 0.11148190800000002 (PnL: -0.042547147260561115)
🟢 OPEN_SHORT: ALGOUSDT at 0.11122209000000001 (qty: 171.62814368357323)
🔴 CLOSE_SHORT: ALGOUSDT at 0.111998344 (PnL: -0.1437991703789416)
🟢 OPEN_LONG: ALGOUSDT at 0.11216846299999998 (qty: 167.42892142171837)
🔴 CLOSE_LONG: ALGOUSDT at 0.11231132700000002 (PnL: 0.01357727504131954)
🟢 OPEN_SHORT: ALGOUSDT at 0.11272104000000001 (qty: 166.6657889108295)
🔴 CLOSE_SHORT: ALGOUSDT at 0.11279890399999999 (PnL: -0.02331711006564031)
🟢 OPEN_SHORT: ALGOUSDT at 0.116508387 (qty: 160.67033374304208)
🔴 CLOSE_SHORT: ALGOUSDT at 0.11693179499999999 (PnL: -0.07836221345977439)
🟢 OPEN_SHORT: ALGOUSDT at 0.116448429 (qty: 159.2303629160032)
🔴 CLOSE_SHORT: ALGOUSDT at 0.116441452 (PnL: -0.009086607821168715)
🟢 OPEN_SHORT: ALGOUSDT at 0.11618861100000001 (qty: 159.2544733739392)
🔴 CLOSE_SHORT: ALGOUSDT at 0.11636139599999999 (PnL: -0.037708874244483055)
🟢 OPEN_SHORT: ALGOUSDT at 0.11767756800000001 (qty: 156.4256018335017)
🔴 CLOSE_SHORT: ALGOUSDT at 0.118022558 (PnL: -0.06411923069233175)
🟢 OPEN_SHORT: ALGOUSDT at 0.114699654 (qty: 159.19226201398885)
🔴 CLOSE_SHORT: ALGOUSDT at 0.11524061199999999 (PnL: -0.09620630520964848)
🟢 OPEN_SHORT: ALGOUSDT at 0.11759762400000001 (qty: 153.46228028342497)
🔴 CLOSE_SHORT: ALGOUSDT at 0.117912481 (PnL: -0.058270988197671285)
🟢 OPEN_SHORT: ALGOUSDT at 0.11750768700000001 (qty: 152.4190164603364)
🔴 CLOSE_SHORT: ALGOUSDT at 0.11840282399999999 (PnL: -0.146361664226366)
🟢 OPEN_SHORT: ALGOUSDT at 0.11824716900000001 (qty: 148.82370083574057)
🔴 CLOSE_SHORT: ALGOUSDT at 0.11857294299999999 (PnL: -0.05818844762399347)
🟢 OPEN_SHORT: ALGOUSDT at 0.118007337 (qty: 147.97594008283517)
🔴 CLOSE_SHORT: ALGOUSDT at 0.118562936 (PnL: -0.09186473838655121)
🟢 OPEN_SHORT: ALGOUSDT at 0.118097274 (qty: 146.1448524305637)
🔴 CLOSE_SHORT: ALGOUSDT at 0.11822269799999999 (PnL: -0.02783277328548305)
🟢 OPEN_SHORT: ALGOUSDT at 0.117857442 (qty: 145.80884841418475)
🔴 CLOSE_SHORT: ALGOUSDT at 0.11792248799999999 (PnL: -0.018941060551525453)
🟢 OPEN_SHORT: ALGOUSDT at 0.1179174 (qty: 145.25314033614887)
🔴 CLOSE_SHORT: ALGOUSDT at 0.11796251599999999 (PnL: -0.015977174919427625)
🟢 OPEN_SHORT: ALGOUSDT at 0.11697805800000001 (qty: 145.98530641122198)
🔴 CLOSE_SHORT: ALGOUSDT at 0.117161956 (PnL: -0.03625356410392809)
🟢 OPEN_SHORT: ALGOUSDT at 0.117157932 (qty: 144.98195245463384)
🔴 CLOSE_SHORT: ALGOUSDT at 0.11707189299999998 (PnL: 0.003138780813662711)
🟢 OPEN_SHORT: ALGOUSDT at 0.116478408 (qty: 145.72124753143171)
🔴 CLOSE_SHORT: ALGOUSDT at 0.1170819 (PnL: -0.09732533340748105)
🟢 OPEN_SHORT: ALGOUSDT at 0.11768756100000001 (qty: 142.41146131495884)
🔴 CLOSE_SHORT: ALGOUSDT at 0.11781241099999999 (PnL: -0.027007881631521728)
🟢 OPEN_LONG: ALGOUSDT at 0.11902325799999999 (qty: 140.20457845344487)
🔴 CLOSE_LONG: ALGOUSDT at 0.11927644800000001 (PnL: 0.026300689957434367)
🟢 OPEN_SHORT: ALGOUSDT at 0.12010586700000002 (qty: 139.2259274700964)
🔴 CLOSE_SHORT: ALGOUSDT at 0.120414231 (PnL: -0.05215289454375108)
🟢 OPEN_SHORT: ALGOUSDT at 0.12081537 (qty: 137.3927084177045)
🔴 CLOSE_SHORT: ALGOUSDT at 0.12093459499999999 (PnL: -0.025519188012745497)
🟢 OPEN_SHORT: ALGOUSDT at 0.12037567800000001 (qty: 137.31888148342284)
🔴 CLOSE_SHORT: ALGOUSDT at 0.12062437799999999 (PnL: -0.04326140839155054)
🟢 OPEN_SHORT: ALGOUSDT at 0.12029573400000002 (qty: 136.5397363565577)
🔴 CLOSE_SHORT: ALGOUSDT at 0.12057434299999999 (PnL: -0.047095953359082114)
🟢 OPEN_SHORT: ALGOUSDT at 0.12040565700000001 (qty: 135.4827392858692)
🔴 CLOSE_SHORT: ALGOUSDT at 0.12015404899999999 (PnL: 0.025135201234098084)
🟢 OPEN_SHORT: ALGOUSDT at 0.11921649000000001 (qty: 137.10531539121413)
🔴 CLOSE_SHORT: ALGOUSDT at 0.11897322299999999 (PnL: 0.024381675064888784)
🟢 OPEN_SHORT: ALGOUSDT at 0.118736826 (qty: 137.91844221527256)
🔴 CLOSE_SHORT: ALGOUSDT at 0.11884313199999999 (PnL: -0.02367642071651812)
🟢 OPEN_SHORT: ALGOUSDT at 0.118596924 (qty: 137.52997199311673)
🔴 CLOSE_SHORT: ALGOUSDT at 0.11893319499999999 (PnL: -0.05524362464966637)
🟢 OPEN_LONG: ALGOUSDT at 0.11983382499999999 (qty: 135.03868955272574)
🔴 CLOSE_LONG: ALGOUSDT at 0.119776098 (PnL: -0.016691302454321696)
🟢 OPEN_SHORT: ALGOUSDT at 0.121055202 (qty: 133.25341990855256)
🔴 CLOSE_SHORT: ALGOUSDT at 0.12180520399999999 (PnL: -0.10886735943586473)
🟢 OPEN_SHORT: ALGOUSDT at 0.118646889 (qty: 133.97351551053603)
🔴 CLOSE_SHORT: ALGOUSDT at 0.11872304799999998 (PnL: -0.01895144822974139)
🟢 OPEN_SHORT: ALGOUSDT at 0.11731782000000002 (qty: 135.01915422868225)
🔴 CLOSE_SHORT: ALGOUSDT at 0.11770233399999999 (PnL: -0.06065739334216615)
🟢 OPEN_SHORT: ALGOUSDT at 0.11910656700000001 (qty: 131.82660094260623)
🔴 CLOSE_SHORT: ALGOUSDT at 0.11919337699999999 (PnL: -0.0200859389874542)
🟢 OPEN_SHORT: ALGOUSDT at 0.11724786900000002 (qty: 133.42647996709056)
🔴 CLOSE_SHORT: ALGOUSDT at 0.11779239699999998 (PnL: -0.0812985979777425)
🟢 OPEN_SHORT: ALGOUSDT at 0.117487701 (qty: 131.62369123954807)
🔴 CLOSE_SHORT: ALGOUSDT at 0.11770233399999999 (PnL: -0.03677161633954144)
🟢 OPEN_SHORT: ALGOUSDT at 0.11745772200000001 (qty: 130.8863376970683)
🔴 CLOSE_SHORT: ALGOUSDT at 0.11688175999999999 (PnL: 0.06697153280218918)
🟢 OPEN_SHORT: ALGOUSDT at 0.11693808600000001 (qty: 132.46875923940863)
🔴 CLOSE_SHORT: ALGOUSDT at 0.11772234799999999 (PnL: -0.11246720741448488)
🟢 OPEN_LONG: ALGOUSDT at 0.11743214499999999 (qty: 129.85089421594049)
🔴 CLOSE_LONG: ALGOUSDT at 0.117127953 (PnL: -0.04786464640243585)
🟢 OPEN_SHORT: ALGOUSDT at 0.11671824000000001 (qty: 129.6812409885489)
🔴 CLOSE_SHORT: ALGOUSDT at 0.11718196999999998 (PnL: -0.0684950486937112)
🟢 OPEN_SHORT: ALGOUSDT at 0.11724786900000002 (qty: 127.78506301877239)
🔴 CLOSE_SHORT: ALGOUSDT at 0.11740212399999998 (PnL: -0.02796271569358892)
🟢 OPEN_SHORT: ALGOUSDT at 0.11713794600000002 (qty: 127.28684963139814)
🔴 CLOSE_SHORT: ALGOUSDT at 0.11699183699999999 (PnL: 0.010407417012422145)
🟢 OPEN_SHORT: ALGOUSDT at 0.11595877200000002 (qty: 128.61928048467985)
🔴 CLOSE_SHORT: ALGOUSDT at 0.11568091999999998 (PnL: 0.027553786138320796)
🟢 OPEN_SHORT: ALGOUSDT at 0.11577889800000002 (qty: 129.15337478511103)
🔴 CLOSE_SHORT: ALGOUSDT at 0.1160812 (PnL: -0.04728907680529359)
🟢 OPEN_SHORT: ALGOUSDT at 0.115788891 (qty: 128.18335649353813)
🔴 CLOSE_SHORT: ALGOUSDT at 0.11469022699999999 (PnL: 0.13274468113899207)
🟢 OPEN_SHORT: VETUSDT at 0.014779647 (qty: 1021.0914797735122)
🔴 CLOSE_SHORT: VETUSDT at 0.014820367 (PnL: -0.049901967815325785)
🟢 OPEN_SHORT: VETUSDT at 0.014829612000000002 (qty: 1009.8016847198063)
🔴 CLOSE_SHORT: VETUSDT at 0.014900423 (PnL: -0.07978062683333195)
🟢 OPEN_SHORT: VETUSDT at 0.015159381000000001 (qty: 976.2228064440757)
🔴 CLOSE_SHORT: VETUSDT at 0.015120577 (PnL: 0.029762771118560974)
🟢 OPEN_SHORT: VETUSDT at 0.015199353 (qty: 976.5007878428721)
🔴 CLOSE_SHORT: VETUSDT at 0.015240660999999999 (PnL: -0.04852267915477235)
🟢 OPEN_LONG: VETUSDT at 0.015290696 (qty: 963.2529757111888)
🔴 CLOSE_LONG: VETUSDT at 0.015219339000000002 (PnL: -0.07679788305688003)
🟢 OPEN_SHORT: VETUSDT at 0.015009486 (qty: 969.9873111788464)
🔴 CLOSE_SHORT: VETUSDT at 0.014940450999999999 (PnL: 0.058992447685924494)
🟢 OPEN_SHORT: VETUSDT at 0.015139395000000002 (qty: 968.3993944688223)
🔴 CLOSE_SHORT: VETUSDT at 0.015460815 (PnL: -0.3194976675063635)
🟢 OPEN_SHORT: VETUSDT at 0.015009486 (qty: 933.133788629799)
🔴 CLOSE_SHORT: VETUSDT at 0.015090555999999998 (PnL: -0.08339398547526089)
🟢 OPEN_SHORT: VETUSDT at 0.015029472 (qty: 919.7704431150503)
🔴 CLOSE_SHORT: VETUSDT at 0.015100562999999997 (PnL: -0.07302637890847756)
🟢 OPEN_SHORT: VETUSDT at 0.014369934000000001 (qty: 950.763262578296)
🔴 CLOSE_SHORT: VETUSDT at 0.014380058999999999 (PnL: -0.017146095529602945)
🟢 OPEN_SHORT: VETUSDT at 0.014379927 (qty: 946.6727123127627)
🔴 CLOSE_SHORT: VETUSDT at 0.014440100999999999 (PnL: -0.06448361105956334)
🟢 OPEN_SHORT: VETUSDT at 0.014439885000000001 (qty: 932.7735560833671)
🔴 CLOSE_SHORT: VETUSDT at 0.014470122 (PnL: -0.03562781495048687)
🟢 OPEN_SHORT: VETUSDT at 0.014479857 (qty: 924.2543758418942)
🔴 CLOSE_SHORT: VETUSDT at 0.014470122 (PnL: 0.0016418758812147818)
🟢 OPEN_SHORT: VETUSDT at 0.014499843000000002 (qty: 922.191610437725)
🔴 CLOSE_SHORT: VETUSDT at 0.014480129 (PnL: 0.010835685993150601)
🟢 OPEN_SHORT: VETUSDT at 0.014409906000000002 (qty: 928.4304937399636)
🔴 CLOSE_SHORT: VETUSDT at 0.014350037999999999 (PnL: 0.0482556197231868)
🟢 OPEN_SHORT: VETUSDT at 0.014879577000000001 (qty: 904.6218804483674)
🔴 CLOSE_SHORT: VETUSDT at 0.014950458 (PnL: -0.07155898479429762)
🟢 OPEN_SHORT: VETUSDT at 0.014779647 (qty: 900.0530612408465)
🔴 CLOSE_SHORT: VETUSDT at 0.014840380999999998 (PnL: -0.062010244313366596)
🟢 OPEN_SHORT: VETUSDT at 0.014419899000000002 (qty: 912.8922001883112)
🔴 CLOSE_SHORT: VETUSDT at 0.014420086999999998 (PnL: -0.007411815455217441)
🟢 OPEN_SHORT: VETUSDT at 0.014369934000000001 (qty: 914.0271276844882)
🔴 CLOSE_SHORT: VETUSDT at 0.014430094 (PnL: -0.06224209555556773)
🟢 OPEN_SHORT: VETUSDT at 0.014319969000000002 (qty: 907.5143491913767)
🔴 CLOSE_SHORT: VETUSDT at 0.014380058999999999 (PnL: -0.061710097679502356)
🟢 OPEN_LONG: VETUSDT at 0.014340031 (qty: 896.6411590766071)
🔴 CLOSE_LONG: VETUSDT at 0.014319969000000002 (PnL: -0.025050345414548494)
🟢 OPEN_SHORT: VETUSDT at 0.014429892000000001 (qty: 886.6052273978589)
🔴 CLOSE_SHORT: VETUSDT at 0.014410079999999999 (PnL: 0.010538594024837068)
🟢 OPEN_SHORT: VETUSDT at 0.014409906000000002 (qty: 888.3209846469874)
🔴 CLOSE_SHORT: VETUSDT at 0.014430094 (PnL: -0.024983629458896775)
🟢 OPEN_SHORT: VETUSDT at 0.014399913 (qty: 884.4896454303149)
🔴 CLOSE_SHORT: VETUSDT at 0.014269981999999999 (PnL: 0.10798071589469527)
🟢 OPEN_SHORT: VETUSDT at 0.013360641000000001 (qty: 968.406017649066)
🔴 CLOSE_SHORT: VETUSDT at 0.013429393999999999 (PnL: -0.07373362721106323)
🟢 OPEN_SHORT: VETUSDT at 0.013400613 (qty: 953.450824374107)
🔴 CLOSE_SHORT: VETUSDT at 0.013449408 (PnL: -0.053576475005052686)
🟢 OPEN_LONG: VETUSDT at 0.013399373 (qty: 944.4933023280279)
🔴 CLOSE_LONG: VETUSDT at 0.013420599 (PnL: 0.013076198607413965)
🟢 OPEN_SHORT: VETUSDT at 0.013530522000000001 (qty: 936.2424650911935)
🔴 CLOSE_SHORT: VETUSDT at 0.013559484999999998 (PnL: -0.03409862163040478)
🟢 OPEN_SHORT: VETUSDT at 0.013430592000000002 (qty: 937.0932713756376)
🔴 CLOSE_SHORT: VETUSDT at 0.013299302999999998 (PnL: 0.11617556046023186)
🟢 OPEN_SHORT: VETUSDT at 0.012751068 (qty: 1004.1687665361609)
🔴 CLOSE_SHORT: VETUSDT at 0.012798952999999998 (PnL: -0.05515339125141193)
🟢 OPEN_LONG: VETUSDT at 0.012919036999999998 (qty: 981.4843626833543)
🔴 CLOSE_LONG: VETUSDT at 0.012841005 (PnL: -0.08351897287365587)
🟢 OPEN_SHORT: VETUSDT at 0.013110816 (qty: 953.3233503242125)
🔴 CLOSE_SHORT: VETUSDT at 0.013199233 (PnL: -0.09121071602951303)
🟢 OPEN_SHORT: VETUSDT at 0.012880977000000002 (qty: 955.1043271645663)
🔴 CLOSE_SHORT: VETUSDT at 0.012858995 (PnL: 0.014240178347615255)
🟢 OPEN_SHORT: VETUSDT at 0.012860991 (qty: 957.7507894177467)
🔴 CLOSE_SHORT: VETUSDT at 0.012969071999999998 (PnL: -0.11034628949136586)
🟢 OPEN_SHORT: VETUSDT at 0.012671124 (qty: 953.6156632395496)
🔴 CLOSE_SHORT: VETUSDT at 0.012748917999999998 (PnL: -0.08087223924784115)
🟢 OPEN_SHORT: VETUSDT at 0.012811026000000001 (qty: 929.5388299271272)
🔴 CLOSE_SHORT: VETUSDT at 0.012828973999999998 (PnL: -0.023242129134148148)
🟢 OPEN_SHORT: VETUSDT at 0.012801033000000002 (qty: 925.6098847028651)
🔴 CLOSE_SHORT: VETUSDT at 0.01280896 (PnL: -0.01385816454985761)
🟢 OPEN_SHORT: VETUSDT at 0.012601173 (qty: 937.056630455021)
🔴 CLOSE_SHORT: VETUSDT at 0.012628833999999999 (PnL: -0.032428586404053404)
🟢 OPEN_SHORT: VETUSDT at 0.012581187 (qty: 932.3577119051124)
🔴 CLOSE_SHORT: VETUSDT at 0.012698883 (PnL: -0.11624671908407984)
🟢 OPEN_SHORT: VETUSDT at 0.012671124 (qty: 906.3734284981666)
🔴 CLOSE_SHORT: VETUSDT at 0.012688876 (PnL: -0.022415414126848325)
🟢 OPEN_SHORT: VETUSDT at 0.012821019000000001 (qty: 891.2946800436575)
🔴 CLOSE_SHORT: VETUSDT at 0.012848988 (PnL: -0.031227349962729998)
🟢 OPEN_SHORT: VETUSDT at 0.012900963000000001 (qty: 879.9561157475671)
🔴 CLOSE_SHORT: VETUSDT at 0.012949058 (PnL: -0.04858852091602596)
🟢 OPEN_SHORT: VETUSDT at 0.012920949000000001 (qty: 870.1076631159956)
🔴 CLOSE_SHORT: VETUSDT at 0.012939051 (PnL: -0.021942791003426665)
🟢 OPEN_SHORT: VETUSDT at 0.012900963000000001 (qty: 867.0952919724372)
🔴 CLOSE_SHORT: VETUSDT at 0.012969071999999998 (PnL: -0.06524197494079627)
🟢 OPEN_SHORT: VETUSDT at 0.012920949000000001 (qty: 854.7031126445735)
🔴 CLOSE_SHORT: VETUSDT at 0.0130091 (PnL: -0.08145833912721767)
🟢 OPEN_SHORT: VETUSDT at 0.012970914000000002 (qty: 837.9140219036169)
🔴 CLOSE_SHORT: VETUSDT at 0.012999092999999998 (PnL: -0.029602246486419903)
🟢 OPEN_SHORT: VETUSDT at 0.012970914000000002 (qty: 832.4279123848814)
🔴 CLOSE_SHORT: VETUSDT at 0.012929043999999999 (PnL: 0.02893438328322863)
🟢 OPEN_SHORT: VETUSDT at 0.012940935 (qty: 837.910285722111)
🔴 CLOSE_SHORT: VETUSDT at 0.0130091 (PnL: -0.06311140691013957)
🟢 OPEN_SHORT: VETUSDT at 0.012970914000000002 (qty: 825.322876455992)
🔴 CLOSE_SHORT: VETUSDT at 0.012919036999999998 (PnL: 0.03695096763407602)
🟢 OPEN_SHORT: VETUSDT at 0.012950928 (qty: 831.393570928151)
🔴 CLOSE_SHORT: VETUSDT at 0.012969071999999998 (PnL: -0.021015126645855836)
🟢 OPEN_SHORT: VETUSDT at 0.013140795000000002 (qty: 815.2812652017803)
🔴 CLOSE_SHORT: VETUSDT at 0.013199233 (PnL: -0.053562004634822774)
🟢 OPEN_SHORT: VETUSDT at 0.013100823000000001 (qty: 808.6923375513836)
🔴 CLOSE_SHORT: VETUSDT at 0.013099162999999999 (PnL: -0.004483826730202983)
🟢 OPEN_SHORT: VETUSDT at 0.013070844 (qty: 808.9694539666474)
🔴 CLOSE_SHORT: VETUSDT at 0.013019107 (PnL: 0.03606101970536428)
🟢 OPEN_SHORT: VETUSDT at 0.013560501 (qty: 784.2191278985262)
🔴 CLOSE_SHORT: VETUSDT at 0.013589506 (PnL: -0.028607708603836147)
🟢 OPEN_SHORT: VETUSDT at 0.013520529000000002 (qty: 781.4406526685773)
🔴 CLOSE_SHORT: VETUSDT at 0.013589506 (PnL: -0.059742097740064726)
🟢 OPEN_SHORT: VETUSDT at 0.013530522000000001 (qty: 771.1738520211997)
🔴 CLOSE_SHORT: VETUSDT at 0.013499443 (PnL: 0.01824158254482023)
🟢 OPEN_SHORT: VETUSDT at 0.013510536000000002 (qty: 774.1654448379782)
🔴 CLOSE_SHORT: VETUSDT at 0.013519456999999999 (PnL: -0.012662792976702236)
🟢 OPEN_SHORT: VETUSDT at 0.013380627000000003 (qty: 778.9290589568376)
🔴 CLOSE_SHORT: VETUSDT at 0.01340938 (PnL: -0.0281412728917112)
🟢 OPEN_SHORT: VETUSDT at 0.013350648000000001 (qty: 775.603688784389)
🔴 CLOSE_SHORT: VETUSDT at 0.013359345 (PnL: -0.012444281775315461)
🟢 OPEN_SHORT: VETUSDT at 0.013420599 (qty: 768.8578564854785)
🔴 CLOSE_SHORT: VETUSDT at 0.013439400999999998 (PnL: -0.02013920939255851)
🟢 OPEN_SHORT: VETUSDT at 0.013380627000000003 (qty: 767.2961943284269)
🔴 CLOSE_SHORT: VETUSDT at 0.013379358999999999 (PnL: -0.00467333060937813)
🟢 OPEN_SHORT: VETUSDT at 0.013320669 (qty: 769.2003996959247)
🔴 CLOSE_SHORT: VETUSDT at 0.01340938 (PnL: -0.07390951190804616)
🟢 OPEN_SHORT: VETUSDT at 0.01349055 (qty: 747.7214794719304)
🔴 CLOSE_SHORT: VETUSDT at 0.013539470999999999 (PnL: -0.0421473468053083)
🟢 OPEN_LONG: VETUSDT at 0.013609519999999998 (qty: 734.1760341198003)
🔴 CLOSE_LONG: VETUSDT at 0.013580487 (PnL: -0.02679909024649004)
🟢 OPEN_SHORT: VETUSDT at 0.013630452000000001 (qty: 728.3099839696647)
🔴 CLOSE_SHORT: VETUSDT at 0.013649547999999997 (PnL: -0.01937541360067221)
🟢 OPEN_SHORT: VETUSDT at 0.013600473000000002 (qty: 726.263236338365)
🔴 CLOSE_SHORT: VETUSDT at 0.013619527 (PnL: -0.019278468671219164)
🟢 OPEN_SHORT: VETUSDT at 0.013550508000000001 (qty: 725.2939390522982)
🔴 CLOSE_SHORT: VETUSDT at 0.013569491999999997 (PnL: -0.01918200880595633)
🟢 OPEN_SHORT: VETUSDT at 0.013560501 (qty: 721.1331199645223)
🔴 CLOSE_SHORT: VETUSDT at 0.013599512999999999 (PnL: -0.03352672785788294)
🟢 OPEN_SHORT: VETUSDT at 0.01359048 (qty: 713.8170336634475)
🔴 CLOSE_SHORT: VETUSDT at 0.013649547999999997 (PnL: -0.04752254846974428)
🟢 OPEN_SHORT: VETUSDT at 0.013420599 (qty: 714.9755234465482)
🔴 CLOSE_SHORT: VETUSDT at 0.013419387 (PnL: -0.004410442950143715)
🟢 OPEN_SHORT: VETUSDT at 0.013310676 (qty: 719.4243154379617)
🔴 CLOSE_SHORT: VETUSDT at 0.013329324 (PnL: -0.018690016520959744)
🟢 OPEN_SHORT: VETUSDT at 0.013300683000000002 (qty: 716.3624837843481)
🔴 CLOSE_SHORT: VETUSDT at 0.013359345 (PnL: -0.04728682948501826)
🟢 OPEN_SHORT: VETUSDT at 0.013300683000000002 (qty: 708.4640487708276)
🔴 CLOSE_SHORT: VETUSDT at 0.013369352 (PnL: -0.05385895565109106)
🟢 OPEN_SHORT: VETUSDT at 0.013910256000000001 (qty: 668.9289152545176)
🔴 CLOSE_SHORT: VETUSDT at 0.013929743999999999 (PnL: -0.01816099139950996)
🟢 OPEN_SHORT: VETUSDT at 0.013910256000000001 (qty: 665.5819277870179)
🔴 CLOSE_SHORT: VETUSDT at 0.013879708999999999 (PnL: 0.015250585237773008)
🟢 OPEN_SHORT: VETUSDT at 0.013780347000000002 (qty: 673.3307890187058)
🔴 CLOSE_SHORT: VETUSDT at 0.013799652999999999 (PnL: -0.018109776396263814)
🟢 OPEN_SHORT: VETUSDT at 0.013780347000000002 (qty: 669.9617767650351)
🔴 CLOSE_SHORT: VETUSDT at 0.013769631999999999 (PnL: 0.0021048205219730866)
🟢 OPEN_SHORT: VETUSDT at 0.013740375 (qty: 671.4780248185343)
🔴 CLOSE_SHORT: VETUSDT at 0.013779638999999998 (PnL: -0.031453911794610885)
🟢 OPEN_SHORT: VETUSDT at 0.013830312 (qty: 661.8291073856445)
🔴 CLOSE_SHORT: VETUSDT at 0.013839681 (PnL: -0.01123840395459785)
🟢 OPEN_SHORT: VETUSDT at 0.013790340000000002 (qty: 661.3874353036543)
🔴 CLOSE_SHORT: VETUSDT at 0.013799652999999999 (PnL: -0.011179305593143595)
🟢 OPEN_SHORT: VETUSDT at 0.013690410000000002 (qty: 663.849085601827)
🔴 CLOSE_SHORT: VETUSDT at 0.013699583 (PnL: -0.011091438268446042)
🟢 OPEN_SHORT: VETUSDT at 0.013710396000000001 (qty: 660.5342457432396)
🔴 CLOSE_SHORT: VETUSDT at 0.013699583 (PnL: 0.00216538275107684)
🟢 OPEN_SHORT: VETUSDT at 0.013760361 (qty: 657.7265699289836)
🔴 CLOSE_SHORT: VETUSDT at 0.013749618 (PnL: 0.0020920375440118414)
🟢 OPEN_SHORT: VETUSDT at 0.013870284000000002 (qty: 652.0979315244714)
🔴 CLOSE_SHORT: VETUSDT at 0.013959764999999999 (PnL: -0.06335709864532661)
🟢 OPEN_SHORT: VETUSDT at 0.013600473000000002 (qty: 654.9860469492208)
🔴 CLOSE_SHORT: VETUSDT at 0.013599512999999999 (PnL: -0.0042703335880942975)
🟢 OPEN_SHORT: VETUSDT at 0.013610466000000002 (qty: 653.1576837767192)
🔴 CLOSE_SHORT: VETUSDT at 0.013639540999999998 (PnL: -0.02389038370984148)
🟢 OPEN_SHORT: VETUSDT at 0.013650438 (qty: 647.0283899879063)
🔴 CLOSE_SHORT: VETUSDT at 0.013669562 (PnL: -0.017238298011112894)
🟢 OPEN_SHORT: VETUSDT at 0.013570494 (qty: 647.5835649559634)
🔴 CLOSE_SHORT: VETUSDT at 0.013589506 (PnL: -0.017152046144750754)
🟢 OPEN_SHORT: VETUSDT at 0.01339062 (qty: 652.9987378234149)
🔴 CLOSE_SHORT: VETUSDT at 0.013369352 (PnL: 0.00908638366619496)
🟢 OPEN_SHORT: VETUSDT at 0.013330662 (qty: 656.5774649639166)
🔴 CLOSE_SHORT: VETUSDT at 0.013359345 (PnL: -0.023656906108083017)
🟢 OPEN_SHORT: VETUSDT at 0.013330662 (qty: 652.3059827446059)
🔴 CLOSE_SHORT: VETUSDT at 0.013339331 (PnL: -0.010440569543823382)
🟢 OPEN_SHORT: VETUSDT at 0.013360641000000001 (qty: 648.5635082796051)
🔴 CLOSE_SHORT: VETUSDT at 0.013379358999999999 (PnL: -0.016912361954340753)
🟢 OPEN_SHORT: VETUSDT at 0.013380627000000003 (qty: 644.3545380418932)
🔴 CLOSE_SHORT: VETUSDT at 0.013399373 (PnL: -0.01682774090983743)
🟢 OPEN_SHORT: VETUSDT at 0.013330662 (qty: 643.5335464190704)
🔴 CLOSE_SHORT: VETUSDT at 0.013389365999999998 (PnL: -0.042517071711439404)
🟢 OPEN_SHORT: VETUSDT at 0.013320669 (qty: 636.9242752401416)
🔴 CLOSE_SHORT: VETUSDT at 0.013349337999999999 (PnL: -0.022936366633680805)
🟢 OPEN_SHORT: VETUSDT at 0.013330662 (qty: 632.3055848297731)
🔴 CLOSE_SHORT: VETUSDT at 0.013389365999999998 (PnL: -0.04177526104636715)
🟢 OPEN_LONG: VETUSDT at 0.013419387 (qty: 621.207924978245)
🔴 CLOSE_LONG: VETUSDT at 0.013400613 (PnL: -0.016241069430882635)
🟢 OPEN_SHORT: VETUSDT at 0.013400613 (qty: 618.9700099077786)
🔴 CLOSE_SHORT: VETUSDT at 0.013439400999999998 (PnL: -0.028583831137870174)
🟢 OPEN_SHORT: VETUSDT at 0.012101523 (qty: 679.9380428221298)
🔴 CLOSE_SHORT: VETUSDT at 0.012078449 (PnL: 0.011171962064714793)
🟢 OPEN_SHORT: VETUSDT at 0.012231432 (qty: 673.8032532467364)
🔴 CLOSE_SHORT: VETUSDT at 0.012178518999999999 (PnL: 0.031139692391985725)
🟢 OPEN_SHORT: VETUSDT at 0.012121509 (qty: 684.3036062349544)
🔴 CLOSE_SHORT: VETUSDT at 0.012138491 (PnL: -0.016189371082133915)
🟢 OPEN_SHORT: VETUSDT at 0.012471264000000001 (qty: 661.7845078086142)
🔴 CLOSE_SHORT: VETUSDT at 0.012418686999999998 (PnL: 0.030274472001897364)
🟢 OPEN_SHORT: VETUSDT at 0.012311376 (qty: 674.5598244872308)
🔴 CLOSE_SHORT: VETUSDT at 0.012328623999999998 (PnL: -0.016208824795639044)
🟢 OPEN_SHORT: VETUSDT at 0.012321369000000002 (qty: 670.6403118491021)
🔴 CLOSE_SHORT: VETUSDT at 0.012338631 (PnL: -0.01612772390103428)
🟢 OPEN_SHORT: VETUSDT at 0.012251418000000002 (qty: 671.0947070243129)
🔴 CLOSE_SHORT: VETUSDT at 0.012428693999999999 (PnL: -0.12355644219968377)
🟢 OPEN_SHORT: VETUSDT at 0.013260711000000001 (qty: 600.6996789985338)
🔴 CLOSE_SHORT: VETUSDT at 0.013299302999999998 (PnL: -0.027576089885561955)
🟢 OPEN_SHORT: VETUSDT at 0.013370634000000001 (qty: 590.9809801013296)
🔴 CLOSE_SHORT: VETUSDT at 0.013369352 (PnL: -0.003587930395062878)
🟢 OPEN_SHORT: VETUSDT at 0.013250718 (qty: 595.131717064806)
🔴 CLOSE_SHORT: VETUSDT at 0.01310917 (PnL: 0.07994877871882222)
🟢 OPEN_SHORT: VETUSDT at 0.013600473000000002 (qty: 590.9460353553815)
🔴 CLOSE_SHORT: VETUSDT at 0.013699583 (PnL: -0.06302130440700011)
🟢 OPEN_SHORT: VETUSDT at 0.013600473000000002 (qty: 581.0284781518828)
🔴 CLOSE_SHORT: VETUSDT at 0.013559484999999998 (PnL: 0.019482049448751367)
🟢 OPEN_SHORT: VETUSDT at 0.013520529000000002 (qty: 586.7029122818315)
🔴 CLOSE_SHORT: VETUSDT at 0.013569491999999997 (PnL: -0.033105427955074505)
🟢 OPEN_SHORT: VETUSDT at 0.01349055 (qty: 582.4519457595818)
🔴 CLOSE_SHORT: VETUSDT at 0.013489436 (PnL: -0.0036724700673934824)
🟢 OPEN_SHORT: VETUSDT at 0.013350648000000001 (qty: 587.3579170034019)
🔴 CLOSE_SHORT: VETUSDT at 0.013349337999999999 (PnL: -0.003543022777303897)
🟢 OPEN_SHORT: VETUSDT at 0.013260711000000001 (qty: 590.1566654073898)
🔴 CLOSE_SHORT: VETUSDT at 0.013319316999999999 (PnL: -0.0389099875712872)
🟢 OPEN_SHORT: VETUSDT at 0.013280697000000001 (qty: 582.7607182714428)
🔴 CLOSE_SHORT: VETUSDT at 0.013269281999999999 (PnL: 0.0023991646289734762)
🟢 OPEN_SHORT: VETUSDT at 0.013080837 (qty: 591.3806155330983)
🔴 CLOSE_SHORT: VETUSDT at 0.013129183999999999 (PnL: -0.03286186832263009)
🟢 OPEN_SHORT: VETUSDT at 0.013110816 (qty: 584.3664018564862)
🔴 CLOSE_SHORT: VETUSDT at 0.013149197999999999 (PnL: -0.026655323473461816)
🟢 OPEN_SHORT: VETUSDT at 0.012950928 (qty: 586.813705702563)
🔴 CLOSE_SHORT: VETUSDT at 0.012989085999999999 (PnL: -0.02658383291133945)
🟢 OPEN_SHORT: VETUSDT at 0.012960921000000002 (qty: 581.6141172288071)
🔴 CLOSE_SHORT: VETUSDT at 0.0130091 (PnL: -0.032183038470807744)
🟢 OPEN_LONG: VETUSDT at 0.0130091 (qty: 573.8749389932542)
🔴 CLOSE_LONG: VETUSDT at 0.012980907000000002 (PnL: -0.02027643562202156)
🟢 OPEN_SHORT: VETUSDT at 0.012890970000000002 (qty: 575.3509194030669)
🔴 CLOSE_SHORT: VETUSDT at 0.012879008999999999 (PnL: 0.0028063000289491264)
🟢 OPEN_SHORT: VETUSDT at 0.012900963000000001 (qty: 574.7079134301582)
🔴 CLOSE_SHORT: VETUSDT at 0.012919036999999998 (PnL: -0.014470840866122965)
🟢 OPEN_SHORT: VETUSDT at 0.012870984000000002 (qty: 573.164268649371)
🔴 CLOSE_SHORT: VETUSDT at 0.012869002 (PnL: -0.002920817085302852)
🟢 OPEN_SHORT: VETUSDT at 0.012860991 (qty: 572.5244337736344)
🔴 CLOSE_SHORT: VETUSDT at 0.012879008999999999 (PnL: -0.014371196282142066)
🟢 OPEN_SHORT: VETUSDT at 0.012831012000000001 (qty: 570.9907872215748)
🔴 CLOSE_SHORT: VETUSDT at 0.012949058 (PnL: -0.07146976452001591)
🟢 OPEN_SHORT: VETUSDT at 0.012551208000000001 (qty: 571.6892816279063)
🔴 CLOSE_SHORT: VETUSDT at 0.012448708 (PnL: 0.054683915253317915)
🟢 OPEN_SHORT: VETUSDT at 0.012431292 (qty: 585.3668295616867)
🔴 CLOSE_SHORT: VETUSDT at 0.012478729 (PnL: -0.03178559501134644)
🟢 OPEN_SHORT: VETUSDT at 0.01259118 (qty: 572.2490062717649)
🔴 CLOSE_SHORT: VETUSDT at 0.012598813 (PnL: -0.008333288685571937)
🟢 OPEN_SHORT: VETUSDT at 0.012601173 (qty: 569.8436047303436)
🔴 CLOSE_SHORT: VETUSDT at 0.012628833999999999 (PnL: -0.01972049711000067)
🟢 OPEN_LONG: VETUSDT at 0.012628833999999999 (qty: 564.8469276181693)
🔴 CLOSE_LONG: VETUSDT at 0.012651138000000001 (PnL: 0.008668069837001652)
🟢 OPEN_SHORT: VETUSDT at 0.012621159000000002 (qty: 565.9422823277339)
🔴 CLOSE_SHORT: VETUSDT at 0.01260882 (PnL: 0.0030584364191001794)
🟢 OPEN_SHORT: VETUSDT at 0.012581187 (qty: 567.6020291754871)
🔴 CLOSE_SHORT: VETUSDT at 0.012538770999999999 (PnL: 0.02016104014487672)
🟢 OPEN_SHORT: VETUSDT at 0.012521229 (qty: 572.9129411280956)
🔴 CLOSE_SHORT: VETUSDT at 0.012558785 (PnL: -0.02547361816524636)
🟢 OPEN_SHORT: VETUSDT at 0.012581187 (qty: 565.5059387521701)
🔴 CLOSE_SHORT: VETUSDT at 0.012578798999999998 (PnL: -0.0025619338635368416)
🟢 OPEN_SHORT: VETUSDT at 0.012601173 (qty: 563.581333877648)
🔴 CLOSE_SHORT: VETUSDT at 0.012618826999999999 (PnL: -0.013860919312222579)
🟢 OPEN_SHORT: VETUSDT at 0.012641145000000001 (qty: 558.9882945462609)
🔴 CLOSE_SHORT: VETUSDT at 0.012628833999999999 (PnL: 0.002999051185288216)
🟢 OPEN_SHORT: VETUSDT at 0.012641145000000001 (qty: 558.8478978557276)
🔴 CLOSE_SHORT: VETUSDT at 0.012688876 (PnL: -0.030574502435864646)
🟢 OPEN_SHORT: VETUSDT at 0.012601173 (qty: 555.1512847119095)
🔴 CLOSE_SHORT: VETUSDT at 0.012628833999999999 (PnL: -0.01921204206714756)
🟢 OPEN_SHORT: VETUSDT at 0.012641145000000001 (qty: 549.747525447647)
🔴 CLOSE_SHORT: VETUSDT at 0.012678869 (PnL: -0.02457227292201039)
🟢 OPEN_SHORT: VETUSDT at 0.012641145000000001 (qty: 545.2551374681678)
🔴 CLOSE_SHORT: VETUSDT at 0.012658854999999998 (PnL: -0.013452736632327744)
🟢 OPEN_SHORT: VETUSDT at 0.012671124 (qty: 541.2433709341957)
🔴 CLOSE_SHORT: VETUSDT at 0.012688876 (PnL: -0.013385425831606798)
🟢 OPEN_SHORT: VETUSDT at 0.012621159000000002 (qty: 540.6672269613289)
🔴 CLOSE_SHORT: VETUSDT at 0.012598813 (PnL: 0.008335278945435624)
🟢 OPEN_SHORT: VETUSDT at 0.012521229 (qty: 545.714111906873)
🔴 CLOSE_SHORT: VETUSDT at 0.012528764 (PnL: -0.00787237365897095)
🟢 OPEN_SHORT: VETUSDT at 0.012551208000000001 (qty: 542.5573621200016)
🔴 CLOSE_SHORT: VETUSDT at 0.012558785 (PnL: -0.007858580826350008)
🟢 OPEN_SHORT: VETUSDT at 0.012541215000000001 (qty: 541.139149349764)
🔴 CLOSE_SHORT: VETUSDT at 0.012568791999999999 (PnL: -0.01866380029779579)
🟢 OPEN_SHORT: VETUSDT at 0.012361341000000001 (qty: 545.38982620561)
🔴 CLOSE_SHORT: VETUSDT at 0.012478729 (PnL: -0.06776539543094025)
🟢 OPEN_SHORT: VETUSDT at 0.012581187 (qty: 524.4976411378973)
🔴 CLOSE_SHORT: VETUSDT at 0.012588805999999998 (PnL: -0.007627687006286451)
🟢 OPEN_SHORT: VETUSDT at 0.012341355 (qty: 532.86603027039)
🔴 CLOSE_SHORT: VETUSDT at 0.012358645 (PnL: -0.012835279818743916)
🟢 OPEN_SHORT: VETUSDT at 0.012281397000000001 (qty: 532.7882788609816)
🔴 CLOSE_SHORT: VETUSDT at 0.012288595999999999 (PnL: -0.0074365137713708306)
🟢 OPEN_SHORT: VETUSDT at 0.012301383 (qty: 530.1284919987468)
🔴 CLOSE_SHORT: VETUSDT at 0.012268581999999998 (PnL: 0.013811585985009554)
🟢 OPEN_SHORT: VETUSDT at 0.012271404 (qty: 533.090047909588)
🔴 CLOSE_SHORT: VETUSDT at 0.01230861 (PnL: -0.023443026944554208)
🟢 OPEN_LONG: VETUSDT at 0.012288595999999999 (qty: 527.9432534610053)
🔴 CLOSE_LONG: VETUSDT at 0.012271404 (PnL: -0.012639633137263101)
🟢 OPEN_SHORT: VETUSDT at 0.012501243 (qty: 516.3699031324613)
🔴 CLOSE_SHORT: VETUSDT at 0.012518757 (PnL: -0.012599072620147637)
🟢 OPEN_SHORT: VETUSDT at 0.012531222000000002 (qty: 512.5570913598393)
🔴 CLOSE_SHORT: VETUSDT at 0.012548778 (PnL: -0.012536033129402725)
🟢 OPEN_SHORT: VETUSDT at 0.012491250000000002 (qty: 511.62448673080695)
🔴 CLOSE_SHORT: VETUSDT at 0.012508749999999999 (PnL: -0.012473309056904115)
🟢 OPEN_SHORT: VETUSDT at 0.012431292 (qty: 511.51986772215736)
🔴 CLOSE_SHORT: VETUSDT at 0.012478729 (PnL: -0.027775682759216894)
🟢 OPEN_SHORT: VETUSDT at 0.01239132 (qty: 508.1223578935589)
🔴 CLOSE_SHORT: VETUSDT at 0.012418686999999998 (PnL: -0.017376401454681594)
🟢 OPEN_SHORT: VETUSDT at 0.012771054 (qty: 489.7503366202075)
🔴 CLOSE_SHORT: VETUSDT at 0.01280896 (PnL: -0.02201473211939023)
🟢 OPEN_SHORT: VETUSDT at 0.012631152000000001 (qty: 491.14431054753055)
🔴 CLOSE_SHORT: VETUSDT at 0.012598813 (PnL: 0.012479806430265847)
🟢 OPEN_SHORT: VETUSDT at 0.012611166 (qty: 493.36072200120554)
🔴 CLOSE_SHORT: VETUSDT at 0.01260882 (PnL: -0.0022639588425158097)
🟢 OPEN_SHORT: VETUSDT at 0.012621159000000002 (qty: 492.0690727367226)
🔴 CLOSE_SHORT: VETUSDT at 0.012588805999999998 (PnL: 0.012512901557847816)
🟢 OPEN_SHORT: VETUSDT at 0.012531222000000002 (qty: 497.05258424931213)
🔴 CLOSE_SHORT: VETUSDT at 0.012548778 (PnL: -0.01215682656281915)
🟢 OPEN_SHORT: VETUSDT at 0.012421299 (qty: 498.94226697782267)
🔴 CLOSE_SHORT: VETUSDT at 0.012518757 (PnL: -0.05206129080365307)
🟢 OPEN_SHORT: VETUSDT at 0.012321369000000002 (qty: 493.98498154482803)
🔴 CLOSE_SHORT: VETUSDT at 0.012378659 (PnL: -0.031663578993417825)
🟢 OPEN_SHORT: VETUSDT at 0.012361341000000001 (qty: 486.72298998330996)
🔴 CLOSE_SHORT: VETUSDT at 0.012398672999999999 (PnL: -0.021489438218967673)
🟢 OPEN_SHORT: VETUSDT at 0.012411306000000002 (qty: 480.7674366862345)
🔴 CLOSE_SHORT: VETUSDT at 0.011838280999999999 (PnL: 0.2723614574010032)
🟢 OPEN_SHORT: VETUSDT at 0.011761761 (qty: 553.0728807873038)
🔴 CLOSE_SHORT: VETUSDT at 0.011828274 (PnL: -0.04038458018656221)
🟢 OPEN_SHORT: VETUSDT at 0.011781747 (qty: 544.671877344279)
🔴 CLOSE_SHORT: VETUSDT at 0.011778238999999998 (PnL: -0.0016176926056415478)
🟢 OPEN_SHORT: VETUSDT at 0.011771754 (qty: 544.2597565996962)
🔴 CLOSE_SHORT: VETUSDT at 0.011788246 (PnL: -0.01250465925012567)
🟢 OPEN_SHORT: VETUSDT at 0.011681817000000002 (qty: 545.7057807982925)
🔴 CLOSE_SHORT: VETUSDT at 0.011678168999999999 (PnL: -0.0015143296944875083)
🟢 OPEN_SHORT: VETUSDT at 0.011651838000000001 (qty: 546.2480759829433)
🔴 CLOSE_SHORT: VETUSDT at 0.011718197 (PnL: -0.039769049485032806)
🟢 OPEN_SHORT: VETUSDT at 0.011921649000000001 (qty: 526.626368273109)
🔴 CLOSE_SHORT: VETUSDT at 0.011958365 (PnL: -0.02279928841925386)
🟢 OPEN_SHORT: VETUSDT at 0.012001593000000001 (qty: 518.7436417540496)
🔴 CLOSE_SHORT: VETUSDT at 0.012018406999999998 (PnL: -0.012151115310845303)
🟢 OPEN_SHORT: VETUSDT at 0.012031572 (qty: 514.8620233484525)
🔴 CLOSE_SHORT: VETUSDT at 0.012038421 (PnL: -0.006935259184602695)
🟢 OPEN_SHORT: VETUSDT at 0.01149195 (qty: 537.238234256068)
🔴 CLOSE_SHORT: VETUSDT at 0.011528064 (PnL: -0.02280814580318588)
🟢 OPEN_SHORT: VETUSDT at 0.011511936000000002 (qty: 531.7530716061848)
🔴 CLOSE_SHORT: VETUSDT at 0.011478028999999999 (PnL: 0.014673238951748411)
🟢 OPEN_SHORT: VETUSDT at 0.011521929000000002 (qty: 533.2544704950385)
🔴 CLOSE_SHORT: VETUSDT at 0.011598112999999998 (PnL: -0.04402706866379829)
🟢 OPEN_LONG: VETUSDT at 0.011598112999999998 (qty: 521.5768701758676)
🔴 CLOSE_LONG: VETUSDT at 0.011601873000000002 (PnL: -0.0013670687022716605)
🟢 OPEN_LONG: VETUSDT at 0.011628134 (qty: 519.4229016328127)
🔴 CLOSE_LONG: VETUSDT at 0.01169181 (PnL: 0.029734626052824422)
🟢 OPEN_LONG: VETUSDT at 0.011668162 (qty: 522.1683109942829)
🔴 CLOSE_LONG: VETUSDT at 0.011671824 (PnL: -0.0014398807885045487)
🟢 OPEN_SHORT: VETUSDT at 0.011681817000000002 (qty: 520.7377125906291)
🔴 CLOSE_SHORT: VETUSDT at 0.011718197 (PnL: -0.022300596889852194)
🟢 OPEN_SHORT: VETUSDT at 0.011721789000000002 (qty: 514.586125955071)
🔴 CLOSE_SHORT: VETUSDT at 0.011738211 (PnL: -0.011772709648706704)
🟢 OPEN_SHORT: VETUSDT at 0.011731782000000001 (qty: 511.57526746452277)
🔴 CLOSE_SHORT: VETUSDT at 0.011758224999999999 (PnL: -0.01683595420216878)
🟢 OPEN_SHORT: VETUSDT at 0.011731782000000001 (qty: 508.1423902707366)
🔴 CLOSE_SHORT: VETUSDT at 0.011728203999999999 (PnL: -0.0014596452153886612)
🟢 OPEN_SHORT: VETUSDT at 0.011651838000000001 (qty: 510.81545245154433)
🔴 CLOSE_SHORT: VETUSDT at 0.011678168999999999 (PnL: -0.016731245728347662)
🟢 OPEN_SHORT: VETUSDT at 0.011581887 (qty: 510.4461194981073)
🔴 CLOSE_SHORT: VETUSDT at 0.011648147999999999 (PnL: -0.03709283389432987)
🟢 OPEN_SHORT: VETUSDT at 0.011601873000000002 (qty: 502.611990807319)
🔴 CLOSE_SHORT: VETUSDT at 0.011608119999999998 (PnL: -0.006348726273072794)
🟢 OPEN_SHORT: VETUSDT at 0.01159188 (qty: 501.39655246115194)
🔴 CLOSE_SHORT: VETUSDT at 0.011618126999999999 (PnL: -0.016364064165567727)
🟢 OPEN_LONG: VETUSDT at 0.011818266999999999 (qty: 488.4817036776084)
🔴 CLOSE_LONG: VETUSDT at 0.011751768000000001 (PnL: -0.03564083282248132)
🟢 OPEN_LONG: VETUSDT at 0.011768231999999998 (qty: 483.96184109162266)
🔴 CLOSE_LONG: VETUSDT at 0.011741775000000001 (PnL: -0.015929592505435627)
🟢 OPEN_SHORT: VETUSDT at 0.011751768000000001 (qty: 481.3957463553427)
🔴 CLOSE_SHORT: VETUSDT at 0.011758224999999999 (PnL: -0.006221570059044418)
🟢 OPEN_SHORT: VETUSDT at 0.011681817000000002 (qty: 482.6804777884016)
🔴 CLOSE_SHORT: VETUSDT at 0.011688175999999998 (PnL: -0.006172275065139588)
🟢 OPEN_SHORT: VETUSDT at 0.011671824 (qty: 481.50469175633907)
🔴 CLOSE_SHORT: VETUSDT at 0.011698183 (PnL: -0.01578998366974289)
🟢 OPEN_LONG: VETUSDT at 0.011698183 (qty: 477.1917150035796)
🔴 CLOSE_LONG: VETUSDT at 0.011661831000000001 (PnL: -0.020407584248043807)
🟢 OPEN_SHORT: VETUSDT at 0.011681817000000002 (qty: 473.84069927568794)
🔴 CLOSE_SHORT: VETUSDT at 0.011678168999999999 (PnL: -0.0013149045999113686)
🟢 OPEN_SHORT: VETUSDT at 0.011551908000000001 (qty: 478.4146198637584)
🔴 CLOSE_SHORT: VETUSDT at 0.011578099 (PnL: -0.015576679816357374)
🟢 OPEN_SHORT: VETUSDT at 0.011521929000000002 (qty: 476.4279534309244)
🔴 CLOSE_SHORT: VETUSDT at 0.011508049999999999 (PnL: 0.003596827375454863)
🟢 OPEN_SHORT: VETUSDT at 0.011302083000000001 (qty: 485.79756508945985)
🔴 CLOSE_SHORT: VETUSDT at 0.011317917 (PnL: -0.010716137731892696)
🟢 OPEN_SHORT: VETUSDT at 0.011262111000000002 (qty: 485.0824636280986)
🔴 CLOSE_SHORT: VETUSDT at 0.011337930999999999 (PnL: -0.03980385971834008)
🟢 OPEN_SHORT: VETUSDT at 0.011222139 (qty: 479.18097185322387)
🔴 CLOSE_SHORT: VETUSDT at 0.011197832999999999 (PnL: 0.008695789027090726)
🟢 OPEN_SHORT: VETUSDT at 0.011272104000000002 (qty: 478.0750666713739)
🔴 CLOSE_SHORT: VETUSDT at 0.011247868 (PnL: 0.008629098431642489)
🟢 OPEN_SHORT: VETUSDT at 0.011352048000000002 (qty: 475.7064333353277)
🔴 CLOSE_SHORT: VETUSDT at 0.011387966 (PnL: -0.02006595445137936)
🟢 OPEN_SHORT: VETUSDT at 0.011382027000000001 (qty: 470.40567464275387)
🔴 CLOSE_SHORT: VETUSDT at 0.011257874999999999 (PnL: 0.05548913276181796)
🟢 OPEN_SHORT: VETUSDT at 0.011252118 (qty: 485.1761035710768)
🔴 CLOSE_SHORT: VETUSDT at 0.011267881999999998 (PnL: -0.01065511499303574)
🟢 OPEN_SHORT: VETUSDT at 0.011182167000000002 (qty: 485.7683983373658)
🔴 CLOSE_SHORT: VETUSDT at 0.011237861 (PnL: -0.03005683393328989)
🟢 OPEN_SHORT: VETUSDT at 0.011192160000000001 (qty: 479.4297568990665)
🔴 CLOSE_SHORT: VETUSDT at 0.011217846999999998 (PnL: -0.015273105478542132)
🟢 OPEN_SHORT: VETUSDT at 0.010502643 (qty: 507.4347378098636)
🔴 CLOSE_SHORT: VETUSDT at 0.010587406 (PnL: -0.045966520354210505)
🟢 OPEN_SHORT: VETUSDT at 0.010542615000000002 (qty: 496.23461634712424)
🔴 CLOSE_SHORT: VETUSDT at 0.01050735 (PnL: 0.014631952807640774)
🟢 OPEN_SHORT: VETUSDT at 0.010642545 (qty: 493.7841130927787)
🔴 CLOSE_SHORT: VETUSDT at 0.010617426999999999 (PnL: 0.009519375126677658)
🟢 OPEN_SHORT: VETUSDT at 0.010522629 (qty: 500.67124503962515)
🔴 CLOSE_SHORT: VETUSDT at 0.010547378 (PnL: -0.015295535524825266)
🟢 OPEN_SHORT: VETUSDT at 0.010472664000000001 (qty: 499.5855377324821)
🔴 CLOSE_SHORT: VETUSDT at 0.010517357 (PnL: -0.025217852136680256)
🟢 OPEN_SHORT: VETUSDT at 0.010452678000000002 (qty: 495.16502670748025)
🔴 CLOSE_SHORT: VETUSDT at 0.010477328999999999 (PnL: -0.015059716865124074)
🟢 OPEN_SHORT: VETUSDT at 0.010472664000000001 (qty: 490.8004082500247)
🔴 CLOSE_SHORT: VETUSDT at 0.010517357 (PnL: -0.024774400356038773)
🟢 OPEN_SHORT: VETUSDT at 0.010702503000000002 (qty: 475.1024110350541)
🔴 CLOSE_SHORT: VETUSDT at 0.010717497 (PnL: -0.009924235316786868)
🟢 OPEN_SHORT: VETUSDT at 0.010832412000000001 (qty: 467.0560208842726)
🔴 CLOSE_SHORT: VETUSDT at 0.010867601999999999 (PnL: -0.019227379795587037)
🟢 OPEN_SHORT: VETUSDT at 0.010842405000000001 (qty: 462.5655662316632)
🔴 CLOSE_SHORT: VETUSDT at 0.010837580999999999 (PnL: -0.0005257841940130084)
🟢 OPEN_SHORT: VETUSDT at 0.010822419 (qty: 462.8128687515249)
🔴 CLOSE_SHORT: VETUSDT at 0.010827574 (PnL: -0.005141927659921676)
🟢 OPEN_SHORT: VETUSDT at 0.010762461000000001 (qty: 463.9237530002214)
🔴 CLOSE_SHORT: VETUSDT at 0.010817567 (PnL: -0.028325171787364073)
🟢 OPEN_SHORT: VETUSDT at 0.010662531000000001 (qty: 462.4435509388249)
🔴 CLOSE_SHORT: VETUSDT at 0.010697482999999999 (PnL: -0.01888416710595804)
🟢 OPEN_SHORT: VETUSDT at 0.010705500900000001 (qty: 456.55280481607247)
🔴 CLOSE_SHORT: VETUSDT at 0.010707489999999998 (PnL: -0.0035968232096802977)
🟢 OPEN_SHORT: VETUSDT at 0.010589582100000001 (qty: 460.36343845216305)
🔴 CLOSE_SHORT: VETUSDT at 0.010611422799999999 (PnL: -0.012741470848093779)
🟢 OPEN_SHORT: VETUSDT at 0.0106215597 (qty: 456.07340733219013)
🔴 CLOSE_SHORT: VETUSDT at 0.010634438899999998 (PnL: -0.008541407259015695)
🟢 OPEN_SHORT: VETUSDT at 0.010392720000000001 (qty: 463.95933663442634)
🔴 CLOSE_SHORT: VETUSDT at 0.0104042779 (PnL: -0.008017334646840764)
🟢 OPEN_SHORT: VETUSDT at 0.010312776000000001 (qty: 465.4867737172695)
🔴 CLOSE_SHORT: VETUSDT at 0.0103562443 (PnL: -0.022885300836842832)
🟢 OPEN_SHORT: VETUSDT at 0.0102478215 (qty: 463.4555470861849)
🔴 CLOSE_SHORT: VETUSDT at 0.0102481687 (PnL: -0.0027731756132672305)
🟢 OPEN_LONG: VETUSDT at 0.0102721855 (qty: 461.3077730932579)
🔴 CLOSE_LONG: VETUSDT at 0.0102158439 (PnL: -0.028582774538388186)
🟢 OPEN_SHORT: VETUSDT at 0.010240826400000002 (qty: 456.6292585341984)
🔴 CLOSE_SHORT: VETUSDT at 0.0102391624 (PnL: -0.0018116945378960042)
🟢 OPEN_SHORT: VETUSDT at 0.0096652296 (qty: 482.9159660802376)
🔴 CLOSE_SHORT: VETUSDT at 0.009695782299999999 (PnL: -0.01732962307882849)
🟢 OPEN_SHORT: VETUSDT at 0.009743175000000001 (qty: 474.9683958724959)
🔴 CLOSE_SHORT: VETUSDT at 0.0097698341 (PnL: -0.015214429299133043)
🟢 OPEN_SHORT: VETUSDT at 0.0097091988 (qty: 472.9721747623737)
🔴 CLOSE_SHORT: VETUSDT at 0.009754823599999999 (PnL: -0.02411682895198076)
🟢 OPEN_SHORT: VETUSDT at 0.010529624100000001 (qty: 431.0596248895)
🔴 CLOSE_SHORT: VETUSDT at 0.0104923395 (PnL: 0.013584332529159825)
🟢 OPEN_LONG: VETUSDT at 0.0107415138 (qty: 424.6209407128019)
🔴 CLOSE_LONG: VETUSDT at 0.010726486200000001 (PnL: -0.008886113512087807)
🟢 OPEN_SHORT: VETUSDT at 0.010702503000000002 (qty: 424.0393381386995)
🔴 CLOSE_SHORT: VETUSDT at 0.010687476 (PnL: 0.0038794884970340285)
🟢 OPEN_SHORT: VETUSDT at 0.0106185618 (qty: 427.6519966220046)
🔴 CLOSE_SHORT: VETUSDT at 0.0106384417 (PnL: -0.01100393188631866)
🟢 OPEN_SHORT: VETUSDT at 0.010702503000000002 (qty: 421.774806994303)
🔴 CLOSE_SHORT: VETUSDT at 0.0107345089 (PnL: -0.015989432275889996)
🟢 OPEN_SHORT: VETUSDT at 0.010717492500000002 (qty: 417.7378077827726)
🔴 CLOSE_SHORT: VETUSDT at 0.010735509599999998 (PnL: -0.009992969391755736)
🟢 OPEN_SHORT: VETUSDT at 0.010667527500000001 (qty: 417.3592307205863)
🔴 CLOSE_SHORT: VETUSDT at 0.0106754676 (PnL: -0.005764401747659428)
🟢 OPEN_SHORT: VETUSDT at 0.010642545 (qty: 416.795499330023)
🔴 CLOSE_SHORT: VETUSDT at 0.010667461999999999 (PnL: -0.012830676039786618)
🟢 OPEN_SHORT: VETUSDT at 0.0106555359 (qty: 413.4211742456338)
🔴 CLOSE_SHORT: VETUSDT at 0.010695481599999999 (PnL: -0.018946354409270207)
🟢 OPEN_SHORT: VETUSDT at 0.0106385478 (qty: 410.0640228918807)
🔴 CLOSE_SHORT: VETUSDT at 0.010637441 (PnL: -0.001945258656817127)
🟢 OPEN_SHORT: VETUSDT at 0.010641545700000001 (qty: 409.1319606889842)
🔴 CLOSE_SHORT: VETUSDT at 0.010650450099999998 (PnL: -0.006039666373156105)
🟢 OPEN_SHORT: VETUSDT at 0.0105715947 (qty: 410.24349412046894)
🔴 CLOSE_SHORT: VETUSDT at 0.0105994144 (PnL: -0.013804438372880565)
🟢 OPEN_SHORT: VETUSDT at 0.010582587000000001 (qty: 406.757671887293)
🔴 CLOSE_SHORT: VETUSDT at 0.0106254326 (PnL: -0.019804863431558045)
🟢 OPEN_SHORT: VETUSDT at 0.0103707354 (qty: 410.7908992168314)
🔴 CLOSE_SHORT: VETUSDT at 0.0103322275 (PnL: 0.013484283103850992)
🟢 OPEN_SHORT: VETUSDT at 0.010424697600000001 (qty: 410.80194619947594)
🔴 CLOSE_SHORT: VETUSDT at 0.0104423045 (PnL: -0.009592294242812886)
🟢 OPEN_SHORT: VETUSDT at 0.0104496801 (qty: 407.53312050830255)
🔴 CLOSE_SHORT: VETUSDT at 0.010419288399999999 (PnL: 0.010050211525232538)
🟢 OPEN_SHORT: VETUSDT at 0.010426696200000002 (qty: 409.9099686728684)
🔴 CLOSE_SHORT: VETUSDT at 0.010445306599999999 (PnL: -0.009983487896639867)
🟢 OPEN_SHORT: VETUSDT at 0.010483656300000001 (qty: 405.3298017339921)
🔴 CLOSE_SHORT: VETUSDT at 0.01050735 (PnL: -0.011946180874081563)
🟢 OPEN_SHORT: VETUSDT at 0.010509638100000001 (qty: 401.60961352376853)
🔴 CLOSE_SHORT: VETUSDT at 0.010523361199999998 (PnL: -0.007835784550823219)
🟢 OPEN_SHORT: VETUSDT at 0.010556605200000001 (qty: 397.89849085659256)
🔴 CLOSE_SHORT: VETUSDT at 0.0105663913 (PnL: -0.006206267555009959)
🟢 OPEN_SHORT: VETUSDT at 0.010632552000000002 (qty: 393.45438795252363)
🔴 CLOSE_SHORT: VETUSDT at 0.0106654606 (PnL: -0.01525603782130605)
🟢 OPEN_SHORT: VETUSDT at 0.0105186318 (qty: 394.3773749383748)
🔴 CLOSE_SHORT: VETUSDT at 0.010537370999999999 (PnL: -0.009675951896996762)
🟢 OPEN_SHORT: VETUSDT at 0.010627555500000002 (qty: 388.0850447684183)
🔴 CLOSE_SHORT: VETUSDT at 0.010634438899999998 (PnL: -0.0049412312802837545)
🟢 OPEN_SHORT: VETUSDT at 0.0105286248 (qty: 390.3620969139847)
🔴 CLOSE_SHORT: VETUSDT at 0.010457314999999998 (PnL: 0.02559146638219823)
🟢 OPEN_SHORT: VETUSDT at 0.010441685700000002 (qty: 398.08112723149554)
🔴 CLOSE_SHORT: VETUSDT at 0.010437301 (PnL: -0.000539724582461176)
🟢 OPEN_SHORT: VETUSDT at 0.010422699 (qty: 398.2640449151487)
🔴 CLOSE_SHORT: VETUSDT at 0.010449309399999999 (PnL: -0.012886836866327005)
🟢 OPEN_SHORT: VETUSDT at 0.0104466822 (qty: 394.4454732289495)
🔴 CLOSE_SHORT: VETUSDT at 0.0104613178 (PnL: -0.008042476865610312)
🟢 OPEN_SHORT: VETUSDT at 0.0104956479 (qty: 390.6408521160225)
🔴 CLOSE_SHORT: VETUSDT at 0.0104943409 (PnL: -0.0017441674556486846)
🟢 OPEN_SHORT: VETUSDT at 0.010519631100000001 (qty: 388.9899211894789)
🔴 CLOSE_SHORT: VETUSDT at 0.010542374499999998 (PnL: -0.011102435957827395)
🟢 OPEN_SHORT: VETUSDT at 0.0103667382 (qty: 392.1507699592515)
🔴 CLOSE_SHORT: VETUSDT at 0.0104042779 (PnL: -0.016965247333184694)
🟢 OPEN_SHORT: VETUSDT at 0.0103947186 (qty: 387.4007725063165)
🔴 CLOSE_SHORT: VETUSDT at 0.0104393024 (PnL: -0.01949610515906974)
🟢 OPEN_SHORT: VETUSDT at 0.0102608124 (qty: 388.2246391221863)
🔴 CLOSE_SHORT: VETUSDT at 0.0102881967 (PnL: -0.012828032283205493)
🟢 OPEN_SHORT: VETUSDT at 0.010287793500000001 (qty: 384.28670601852826)
🔴 CLOSE_SHORT: VETUSDT at 0.0103192184 (PnL: -0.014257217454153063)
🟢 OPEN_LONG: VETUSDT at 0.010304207899999999 (qty: 380.4852416556522)
🔴 CLOSE_LONG: VETUSDT at 0.0102658089 (PnL: -0.01675854662339427)
🟢 OPEN_SHORT: VETUSDT at 0.010343754300000002 (qty: 375.3733091589961)
🔴 CLOSE_SHORT: VETUSDT at 0.0103862653 (PnL: -0.01810179447216223)
🟢 OPEN_SHORT: VETUSDT at 0.010452678000000002 (qty: 367.5894967361918)
🔴 CLOSE_SHORT: VETUSDT at 0.010472325499999999 (PnL: -0.009339448910234787)
🟢 OPEN_LONG: VETUSDT at 0.0106004151 (qty: 360.30562837439163)
🔴 CLOSE_LONG: VETUSDT at 0.010572594000000001 (PnL: -0.01211924973616083)
🟢 OPEN_SHORT: VETUSDT at 0.0106185618 (qty: 357.0115678016381)
🔴 CLOSE_SHORT: VETUSDT at 0.010637441 (PnL: -0.008828822009684278)
🟢 OPEN_SHORT: VETUSDT at 0.0106055709 (qty: 355.39074163952813)
🔴 CLOSE_SHORT: VETUSDT at 0.010641443799999999 (PnL: -0.01482892536806888)
🟢 OPEN_SHORT: VETUSDT at 0.0105496101 (qty: 354.0716469746149)
🔴 CLOSE_SHORT: VETUSDT at 0.010563389199999999 (PnL: -0.006935896767250061)
🟢 OPEN_SHORT: VETUSDT at 0.0105765912 (qty: 351.46836155557986)
🔴 CLOSE_SHORT: VETUSDT at 0.010594410899999998 (PnL: -0.008311040894779432)
🟢 OPEN_SHORT: VETUSDT at 0.010594578600000001 (qty: 348.91675891853754)
🔴 CLOSE_SHORT: VETUSDT at 0.0106094214 (PnL: -0.007214894380164245)
🟢 OPEN_SHORT: VETUSDT at 0.0106315527 (qty: 345.9635721722427)
🔴 CLOSE_SHORT: VETUSDT at 0.010537370999999999 (PnL: 0.0305783867833996)
🟢 OPEN_SHORT: VETUSDT at 0.0103857249 (qty: 359.65142697467763)
🔴 CLOSE_SHORT: VETUSDT at 0.0104142849 (PnL: -0.01233167658825952)
🟢 OPEN_LONG: VETUSDT at 0.010681471799999998 (qty: 346.9998078744569)
🔴 CLOSE_LONG: VETUSDT at 0.010615563900000001 (PnL: -0.024896007885986293)
🟢 OPEN_SHORT: VETUSDT at 0.0106335513 (qty: 343.4976169359116)
🔴 CLOSE_SHORT: VETUSDT at 0.0106924795 (PnL: -0.022261758945384777)
🟢 OPEN_LONG: VETUSDT at 0.010696482299999999 (qty: 336.93863577381626)
🔴 CLOSE_LONG: VETUSDT at 0.010679519100000001 (PnL: -0.00769464589430849)
🟢 OPEN_SHORT: VETUSDT at 0.010614564600000001 (qty: 337.7156325359837)
🔴 CLOSE_SHORT: VETUSDT at 0.0106234312 (PnL: -0.004967623760519017)
🟢 OPEN_SHORT: VETUSDT at 0.010632552000000002 (qty: 335.8390324001454)
🔴 CLOSE_SHORT: VETUSDT at 0.010641443799999999 (PnL: -0.004951810212317581)
🟢 OPEN_SHORT: VETUSDT at 0.010522629 (qty: 338.0328667509268)
🔴 CLOSE_SHORT: VETUSDT at 0.010478329699999999 (PnL: 0.013026508469071083)
🟢 OPEN_SHORT: VETUSDT at 0.010545612900000001 (qty: 339.3956144240106)
🔴 CLOSE_SHORT: VETUSDT at 0.010557384999999999 (PnL: -0.005966120705392437)
🟢 OPEN_SHORT: VETUSDT at 0.010542615000000002 (qty: 337.98687327724946)
🔴 CLOSE_SHORT: VETUSDT at 0.010557384999999999 (PnL: -0.006954607768677831)
🟢 OPEN_LONG: VETUSDT at 0.010642444499999999 (qty: 333.141194436156)
🔴 CLOSE_LONG: VETUSDT at 0.010604571600000001 (PnL: -0.014560073949879583)
🟢 OPEN_SHORT: VETUSDT at 0.0106185618 (qty: 330.7808166837644)
🔴 CLOSE_SHORT: VETUSDT at 0.0106254326 (PnL: -0.004205807935446062)
🟢 OPEN_SHORT: VETUSDT at 0.010609568100000001 (qty: 329.90421826327724)
🔴 CLOSE_SHORT: VETUSDT at 0.0106284347 (PnL: -0.00815267191687169)
🟢 OPEN_SHORT: VETUSDT at 0.010705500900000001 (qty: 325.06519810862756)
🔴 CLOSE_SHORT: VETUSDT at 0.0107295054 (PnL: -0.009721311387150475)
🟢 OPEN_SHORT: VETUSDT at 0.010599575100000001 (qty: 326.11827655132333)
🔴 CLOSE_SHORT: VETUSDT at 0.0106084207 (PnL: -0.004787491758650188)
🟢 OPEN_SHORT: VETUSDT at 0.010588582800000001 (qty: 325.1934521011469)
🔴 CLOSE_SHORT: VETUSDT at 0.010637441 (PnL: -0.01779094110961937)
🟢 OPEN_SHORT: VETUSDT at 0.0113060802 (qty: 301.07412821984633)
🔴 CLOSE_SHORT: VETUSDT at 0.011317917 (PnL: -0.0054378968376343605)
🟢 OPEN_SHORT: VETUSDT at 0.011308078800000001 (qty: 299.72802109051406)
🔴 CLOSE_SHORT: VETUSDT at 0.011287895999999999 (PnL: 0.004188536402370848)
🟢 OPEN_SHORT: VETUSDT at 0.0112371285 (qty: 302.03417812434867)
🔴 CLOSE_SHORT: VETUSDT at 0.0112538722 (PnL: -0.006926649390614646)
🟢 OPEN_SHORT: VETUSDT at 0.011228134800000001 (qty: 300.709800494722)
🔴 CLOSE_SHORT: VETUSDT at 0.0112969023 (PnL: -0.022547460285783194)
🟢 OPEN_SHORT: VETUSDT at 0.011357044500000002 (qty: 292.9988698971008)
🔴 CLOSE_SHORT: VETUSDT at 0.011372955499999999 (PnL: -0.00649464972882138)
🟢 OPEN_SHORT: VETUSDT at 0.0111551859 (qty: 296.8082802716203)
🔴 CLOSE_SHORT: VETUSDT at 0.011167812 (PnL: -0.005570615518301594)
🟢 OPEN_SHORT: VETUSDT at 0.011182167000000002 (qty: 294.7700803748694)
🔴 CLOSE_SHORT: VETUSDT at 0.0111397924 (PnL: 0.010684741622244583)
🟢 OPEN_SHORT: VETUSDT at 0.0111551859 (qty: 297.07366539788677)
🔴 CLOSE_SHORT: VETUSDT at 0.0111738162 (PnL: -0.007360267102721481)
🟢 OPEN_SHORT: VETUSDT at 0.0111581838 (qty: 295.3478975801139)
🔴 CLOSE_SHORT: VETUSDT at 0.011187826 (PnL: -0.01057212693782465)
🟢 OPEN_SHORT: VETUSDT at 0.0110392671 (qty: 296.28568109635745)
🔴 CLOSE_SHORT: VETUSDT at 0.011068742699999998 (PnL: -0.010536928705085796)
🟢 OPEN_SHORT: VETUSDT at 0.0108244176 (qty: 299.88727150264896)
🔴 CLOSE_SHORT: VETUSDT at 0.010827574 (PnL: -0.00273244257688985)
🟢 OPEN_SHORT: VETUSDT at 0.010816423200000001 (qty: 299.2735582821711)
🔴 CLOSE_SHORT: VETUSDT at 0.010754522899999999 (PnL: 0.01675492365498405)
🟢 OPEN_SHORT: VETUSDT at 0.0107884428 (qty: 302.82577295167425)
🔴 CLOSE_SHORT: VETUSDT at 0.0108055586 (PnL: -0.006982816264056561)
🟢 OPEN_SHORT: VETUSDT at 0.0107714547 (qty: 301.6731971164459)
🔴 CLOSE_SHORT: VETUSDT at 0.010806559299999999 (PnL: -0.012383144027116292)
🟢 OPEN_SHORT: VETUSDT at 0.010943334300000001 (qty: 294.345251227051)
🔴 CLOSE_SHORT: VETUSDT at 0.0109466573 (PnL: -0.0027502623960130625)
🟢 OPEN_SHORT: VETUSDT at 0.01089237 (qty: 294.8921794495546)
🔴 CLOSE_SHORT: VETUSDT at 0.0109126335 (PnL: -0.007745475330267905)
🟢 OPEN_SHORT: VETUSDT at 0.010839407100000002 (qty: 294.57796596723773)
🔴 CLOSE_SHORT: VETUSDT at 0.010843585199999999 (PnL: -0.002987630899211371)
🟢 OPEN_SHORT: ICPUSDT at 4.8575973 (qty: 0.6553780978231825)
🔴 CLOSE_SHORT: ICPUSDT at 4.877411799999999 (PnL: -0.014744091196598155)
🟢 OPEN_LONG: ICPUSDT at 5.0165090999999995 (qty: 0.6280408774511176)
🔴 CLOSE_LONG: ICPUSDT at 5.0044944000000005 (PnL: -0.009274387610107706)
🟢 OPEN_SHORT: ICPUSDT at 4.9005672 (qty: 0.6384074014189068)
🔴 CLOSE_SHORT: ICPUSDT at 4.938454499999999 (PnL: -0.02592154298718145)
🟢 OPEN_SHORT: ICPUSDT at 4.803635100000001 (qty: 0.6397808758303765)
🔴 CLOSE_SHORT: ICPUSDT at 4.915438399999999 (PnL: -0.07325925511127847)
🟢 OPEN_SHORT: ICPUSDT at 5.614067400000001 (qty: 0.5207231320319414)
🔴 CLOSE_SHORT: ICPUSDT at 5.738013799999999 (PnL: -0.06618511169675126)
🟢 OPEN_SHORT: ICPUSDT at 5.632054800000001 (qty: 0.4949860971411226)
🔴 CLOSE_SHORT: ICPUSDT at 5.719000499999999 (PnL: -0.04459386686157586)
🟢 OPEN_SHORT: ICPUSDT at 5.645045700000001 (qty: 0.47750446429636606)
🔴 CLOSE_SHORT: ICPUSDT at 5.688979499999999 (PnL: -0.022472667843200345)
🟢 OPEN_SHORT: ICPUSDT at 5.7149967 (qty: 0.46327657533825467)
🔴 CLOSE_SHORT: ICPUSDT at 5.704990699999999 (PnL: 0.003181901708227352)
🟢 OPEN_SHORT: ICPUSDT at 5.2882956000000005 (qty: 0.5013100092499919)
🔴 CLOSE_SHORT: ICPUSDT at 5.273688999999999 (PnL: 0.005868370586357243)
🟢 OPEN_SHORT: ICPUSDT at 5.174375400000001 (qty: 0.5140516233626267)
🔴 CLOSE_SHORT: ICPUSDT at 5.193633 (PnL: -0.011367788053207725)
🟢 OPEN_SHORT: ICPUSDT at 5.102425800000001 (qty: 0.5162710278843365)
🔴 CLOSE_SHORT: ICPUSDT at 5.113577 (PnL: -0.007209036895819235)
🟢 OPEN_SHORT: ICPUSDT at 4.975514700000001 (qty: 0.5259594310120731)
🔴 CLOSE_SHORT: ICPUSDT at 4.9774818 (PnL: -0.0024744892192138453)
🟢 OPEN_SHORT: ICPUSDT at 4.9585266 (qty: 0.5261827760280842)
🔴 CLOSE_SHORT: ICPUSDT at 4.973478999999999 (PnL: -0.00930702278298758)
🟢 OPEN_SHORT: ICPUSDT at 4.9785126 (qty: 0.5197550861698356)
🔴 CLOSE_SHORT: ICPUSDT at 5.0275168 (PnL: -0.026907374778866074)
🟢 OPEN_SHORT: ICPUSDT at 4.7007072 (qty: 0.5384181613955643)
🔴 CLOSE_SHORT: ICPUSDT at 4.707292799999999 (PnL: -0.004939777207675871)
🟢 OPEN_SHORT: ICPUSDT at 4.7746554 (qty: 0.5274270752035647)
🔴 CLOSE_SHORT: ICPUSDT at 4.793353 (PnL: -0.011252099765590396)
🟢 OPEN_SHORT: ICPUSDT at 4.9405392 (qty: 0.5046024576446484)
🔴 CLOSE_SHORT: ICPUSDT at 4.957467799999999 (PnL: -0.009918065904048541)
🟢 OPEN_LONG: ICPUSDT at 4.9644727 (qty: 0.497621788021302)
🔴 CLOSE_LONG: ICPUSDT at 4.9485336 (PnL: -0.009286017417413736)
🟢 OPEN_SHORT: ICPUSDT at 4.9805112000000005 (qty: 0.4917447578397975)
🔴 CLOSE_SHORT: ICPUSDT at 4.9664741 (PnL: 0.005559439658281028)
🟢 OPEN_SHORT: ICPUSDT at 4.966521 (qty: 0.494826277584982)
🔴 CLOSE_SHORT: ICPUSDT at 5.0415266 (PnL: -0.03848681575848109)
🟢 OPEN_SHORT: ICPUSDT at 4.742677800000001 (qty: 0.5013809173062063)
🔴 CLOSE_SHORT: ICPUSDT at 4.691281599999999 (PnL: 0.024475408412481834)
🟢 OPEN_SHORT: ICPUSDT at 4.6427478 (qty: 0.5221526970981095)
🔴 CLOSE_SHORT: ICPUSDT at 4.6452494 (PnL: -0.002640258413657251)
🟢 OPEN_SHORT: ICPUSDT at 4.6687296 (qty: 0.5175446706690218)
🔴 CLOSE_SHORT: ICPUSDT at 4.6872788 (PnL: -0.010934271494757664)
🟢 OPEN_SHORT: ICPUSDT at 4.303985100000001 (qty: 0.5557058449272086)
🔴 CLOSE_SHORT: ICPUSDT at 4.2879995 (PnL: 0.00757271484281193)
🟢 OPEN_SHORT: ICPUSDT at 4.3079823 (qty: 0.5580951856721885)
🔴 CLOSE_SHORT: ICPUSDT at 4.316019099999999 (PnL: -0.005810111602748414)
🟢 OPEN_SHORT: ICPUSDT at 4.2999879000000005 (qty: 0.5558153472445291)
🔴 CLOSE_SHORT: ICPUSDT at 4.3140177 (PnL: -0.009116766644040476)
🟢 OPEN_SHORT: ICPUSDT at 4.195061400000001 (qty: 0.5647442336131521)
🔴 CLOSE_SHORT: ICPUSDT at 4.20294 (PnL: -0.005754866290016063)
🟢 OPEN_SHORT: ICPUSDT at 4.1740761 (qty: 0.5642017289321268)
🔴 CLOSE_SHORT: ICPUSDT at 4.1789232 (PnL: -0.004031507832289988)
🟢 OPEN_LONG: ICPUSDT at 4.182925999999999 (qty: 0.5604611254423644)
🔴 CLOSE_LONG: ICPUSDT at 4.1500929 (PnL: -0.019680957333344816)
🟢 OPEN_SHORT: ICPUSDT at 4.1111202 (qty: 0.5600484984069537)
🔴 CLOSE_SHORT: ICPUSDT at 4.1218832999999995 (PnL: -0.007297507997228996)
🟢 OPEN_SHORT: ICPUSDT at 4.1011272000000005 (qty: 0.5572368029505985)
🔴 CLOSE_SHORT: ICPUSDT at 4.0968658 (PnL: 0.001119000491813792)
🟢 OPEN_SHORT: ICPUSDT at 4.0891356 (qty: 0.5588034746255434)
🔴 CLOSE_SHORT: ICPUSDT at 4.086858799999999 (PnL: 1.6220757268603243e-05)
🟢 OPEN_SHORT: ICPUSDT at 4.014188100000001 (qty: 0.5686186199171646)
🔴 CLOSE_SHORT: ICPUSDT at 4.0098049 (PnL: 0.001238341784215332)
🟢 OPEN_SHORT: ICPUSDT at 4.059156600000001 (qty: 0.5623108960051211)
🔴 CLOSE_SHORT: ICPUSDT at 4.0438287 (PnL: 0.007368406266103843)
🟢 OPEN_SHORT: ICPUSDT at 4.0341741 (qty: 0.5688237497038272)
🔴 CLOSE_SHORT: ICPUSDT at 4.0478315 (PnL: -0.009035029959804418)
🟢 OPEN_SHORT: ICPUSDT at 4.1031258 (qty: 0.5542456853645706)
🔴 CLOSE_SHORT: ICPUSDT at 4.114878399999999 (PnL: -0.007768187321265274)
🟢 OPEN_SHORT: ICPUSDT at 4.066151700000001 (qty: 0.5548494028806779)
🔴 CLOSE_SHORT: ICPUSDT at 4.073849699999999 (PnL: -0.005514435893783555)
🟢 OPEN_SHORT: ICPUSDT at 4.0681503 (qty: 0.5512557534938297)
🔴 CLOSE_SHORT: ICPUSDT at 4.0568378 (PnL: 0.005006085363366171)
🟢 OPEN_LONG: ICPUSDT at 4.0928629999999995 (qty: 0.5497708032969949)
🔴 CLOSE_LONG: ICPUSDT at 4.072147500000001 (PnL: -0.012620088366918593)
🟢 OPEN_SHORT: ICPUSDT at 4.053160800000001 (qty: 0.5483180564470732)
🔴 CLOSE_SHORT: ICPUSDT at 4.0858581 (PnL: -0.019160712361837518)
🟢 OPEN_SHORT: ICPUSDT at 4.147095000000001 (qty: 0.5260682873727878)
🔴 CLOSE_SHORT: ICPUSDT at 4.1619113 (PnL: -0.008998582818584445)
🟢 OPEN_SHORT: ICPUSDT at 4.1311062000000005 (qty: 0.5231669372006041)
🔴 CLOSE_SHORT: ICPUSDT at 4.122884 (PnL: 0.003115257063958719)
🟢 OPEN_SHORT: ICPUSDT at 3.9522315000000003 (qty: 0.5478199614664899)
🔴 CLOSE_SHORT: ICPUSDT at 3.9557670999999996 (PnL: -0.0031287487549213665)
🟢 OPEN_SHORT: ICPUSDT at 4.1321055 (qty: 0.5218821707451491)
🔴 CLOSE_SHORT: ICPUSDT at 4.142898 (PnL: -0.006821570858545668)
🟢 OPEN_LONG: ICPUSDT at 4.1158791 (qty: 0.5200485424763779)
🔴 CLOSE_LONG: ICPUSDT at 4.09713 (PnL: -0.010922330694403772)
🟢 OPEN_SHORT: ICPUSDT at 4.059156600000001 (qty: 0.521354057381163)
🔴 CLOSE_SHORT: ICPUSDT at 4.073849699999999 (PnL: -0.008828462239147355)
🟢 OPEN_SHORT: ICPUSDT at 4.0181853 (qty: 0.5216964371797315)
🔴 CLOSE_SHORT: ICPUSDT at 4.020812599999999 (PnL: -0.002524357033795073)
🟢 OPEN_SHORT: ICPUSDT at 4.324970400000001 (qty: 0.4829902051167681)
🔴 CLOSE_SHORT: ICPUSDT at 4.333031 (PnL: -0.005044237189670963)
🟢 OPEN_SHORT: ICPUSDT at 4.253020800000001 (qty: 0.4882487421801328)
🔴 CLOSE_SHORT: ICPUSDT at 4.2589792 (PnL: -0.004052873985959871)
🟢 OPEN_SHORT: ICPUSDT at 4.1580873 (qty: 0.49689724475778335)
🔴 CLOSE_SHORT: ICPUSDT at 4.1619113 (PnL: -0.003037558305796634)
🟢 OPEN_SHORT: ICPUSDT at 4.1291076 (qty: 0.49836295132769365)
🔴 CLOSE_SHORT: ICPUSDT at 4.1448994 (PnL: -0.00900616341864373)
🟢 OPEN_SHORT: ICPUSDT at 4.128108300000001 (qty: 0.4935719223677938)
🔴 CLOSE_SHORT: ICPUSDT at 4.1669148 (PnL: -0.02028496848686357)
🟢 OPEN_SHORT: ICPUSDT at 4.139100600000001 (qty: 0.4819180143182318)
🔴 CLOSE_SHORT: ICPUSDT at 4.1619113 (PnL: -0.01209602226541398)
🟢 OPEN_SHORT: ICPUSDT at 4.2460257 (qty: 0.46356782998938356)
🔴 CLOSE_SHORT: ICPUSDT at 4.2469708 (PnL: -0.0015209354269043332)
🟢 OPEN_SHORT: ICPUSDT at 4.227039 (qty: 0.4644182123615502)
🔴 CLOSE_SHORT: ICPUSDT at 4.2299589 (PnL: -0.0024365132111596253)
🟢 OPEN_SHORT: ICPUSDT at 4.1490936000000005 (qty: 0.47144789509079105)
🔴 CLOSE_SHORT: ICPUSDT at 4.1549064 (PnL: -0.003817784356702004)
🟢 OPEN_SHORT: ICPUSDT at 4.152091500000001 (qty: 0.4687503119698967)
🔴 CLOSE_SHORT: ICPUSDT at 4.1649134 (PnL: -0.0070840370756139)
🟢 OPEN_SHORT: ICPUSDT at 4.0581573 (qty: 0.47558166071995467)
🔴 CLOSE_SHORT: ICPUSDT at 4.0748504 (PnL: -0.009004790486793575)
🟢 OPEN_SHORT: ICPUSDT at 4.1500929 (qty: 0.46019514973175946)
🔴 CLOSE_SHORT: ICPUSDT at 4.167915499999999 (PnL: -0.009256804049284613)
🟢 OPEN_SHORT: ICPUSDT at 4.127109 (qty: 0.4577630921625143)
🔴 CLOSE_SHORT: ICPUSDT at 4.119881899999999 (PnL: 0.0022710382105293747)
🟢 OPEN_SHORT: ICPUSDT at 4.037172 (qty: 0.46857109183297446)
🔴 CLOSE_SHORT: ICPUSDT at 4.0438287 (PnL: -0.004161288863033923)
🟢 OPEN_SHORT: ICPUSDT at 4.0391706 (qty: 0.4657636005595552)
🔴 CLOSE_SHORT: ICPUSDT at 4.0438287 (PnL: -0.0032054809462131405)
🟢 OPEN_SHORT: ICPUSDT at 4.054160100000001 (qty: 0.46194975169622843)
🔴 CLOSE_SHORT: ICPUSDT at 3.9977964999999998 (PnL: 0.025021421419427103)
🟢 OPEN_SHORT: ICPUSDT at 4.024181100000001 (qty: 0.4773147496502856)
🔴 CLOSE_SHORT: ICPUSDT at 4.032821 (PnL: -0.0051826604258029315)
🟢 OPEN_SHORT: ICPUSDT at 4.0921335 (qty: 0.46633932943502354)
🔴 CLOSE_SHORT: ICPUSDT at 4.1168797999999995 (PnL: -0.012596097578910791)
🟢 OPEN_SHORT: ICPUSDT at 4.0261797 (qty: 0.46720007110442285)
🔴 CLOSE_SHORT: ICPUSDT at 4.0228139999999994 (PnL: 0.0005387528365545526)
🟢 OPEN_SHORT: ICPUSDT at 4.0261797 (qty: 0.46695377586001985)
🔴 CLOSE_SHORT: ICPUSDT at 4.033821699999999 (PnL: -0.004604445305800315)
🟢 OPEN_SHORT: ICPUSDT at 4.117116 (qty: 0.4539009536772441)
🔴 CLOSE_SHORT: ICPUSDT at 4.1338916999999995 (PnL: -0.008646513790368663)
🟢 OPEN_SHORT: ICPUSDT at 4.0841391 (qty: 0.45282840930967316)
🔴 CLOSE_SHORT: ICPUSDT at 4.0858581 (PnL: -0.0017960179788519652)
🟢 OPEN_SHORT: ICPUSDT at 4.000197900000001 (qty: 0.46092415089299826)
🔴 CLOSE_SHORT: ICPUSDT at 4.0028 (PnL: -0.0022141136881951543)
🟢 OPEN_SHORT: ICPUSDT at 3.9452364 (qty: 0.4657088296363089)
🔴 CLOSE_SHORT: ICPUSDT at 3.952765 (PnL: -0.004518596153887309)
🟢 OPEN_SHORT: ICPUSDT at 3.9892056000000005 (qty: 0.4578037215243249)
🔴 CLOSE_SHORT: ICPUSDT at 4.0118063 (PnL: -0.011356825488850673)
🟢 OPEN_SHORT: ICPUSDT at 4.0011972 (qty: 0.4502528938442193)
🔴 CLOSE_SHORT: ICPUSDT at 4.0118063 (PnL: -0.005770258043947283)
🟢 OPEN_SHORT: ICPUSDT at 3.9802119000000005 (qty: 0.44922944840538553)
🔴 CLOSE_SHORT: ICPUSDT at 3.9687761999999998 (PnL: 0.004156663074386056)
🟢 OPEN_SHORT: ICPUSDT at 3.9792126000000003 (qty: 0.45093717568302577)
🔴 CLOSE_SHORT: ICPUSDT at 3.992793 (PnL: -0.00711418155982436)
🟢 OPEN_SHORT: ICPUSDT at 3.9472350000000005 (qty: 0.45048564774740946)
🔴 CLOSE_SHORT: ICPUSDT at 3.9497628999999996 (PnL: -0.0021174039930906413)
🟢 OPEN_SHORT: ICPUSDT at 3.9702189000000003 (qty: 0.4463184429988713)
🔴 CLOSE_SHORT: ICPUSDT at 3.9737796999999997 (PnL: -0.0025647148545185844)
🟢 OPEN_SHORT: ICPUSDT at 3.6314562 (qty: 0.4860042943638089)
🔴 CLOSE_SHORT: ICPUSDT at 3.6175305 (PnL: 0.005800975555126536)
🟢 OPEN_SHORT: ICPUSDT at 3.5854884000000005 (qty: 0.4949294677582931)
🔴 CLOSE_SHORT: ICPUSDT at 3.5855080999999998 (PnL: -0.0009857655990813136)
🟢 OPEN_SHORT: ICPUSDT at 3.6454464000000004 (qty: 0.48571289212079655)
🔴 CLOSE_SHORT: ICPUSDT at 3.6545563999999997 (PnL: -0.005401130284374521)
🟢 OPEN_SHORT: ICPUSDT at 3.7114002000000004 (qty: 0.47364613201809597)
🔴 CLOSE_SHORT: ICPUSDT at 3.7105956 (PnL: -0.0005855344115609127)
🟢 OPEN_SHORT: ICPUSDT at 3.7833498000000003 (qty: 0.4638179638832392)
🔴 CLOSE_SHORT: ICPUSDT at 3.7876494999999997 (PnL: -0.0029605070327548156)
🟢 OPEN_SHORT: ICPUSDT at 3.7863477000000003 (qty: 0.4613771531514541)
🔴 CLOSE_SHORT: ICPUSDT at 3.7976564999999995 (PnL: -0.0061813055190982225)
🟢 OPEN_LONG: ICPUSDT at 3.7806445999999996 (qty: 0.45829488544742875)
🔴 CLOSE_LONG: ICPUSDT at 3.7493736 (PnL: -0.015276414672307649)
🟢 OPEN_SHORT: ICPUSDT at 3.7563687000000003 (qty: 0.452615670937082)
🔴 CLOSE_SHORT: ICPUSDT at 3.7646333999999997 (PnL: -0.0046778953752886375)
🟢 OPEN_SHORT: ICPUSDT at 3.7423785000000005 (qty: 0.45130799522645615)
🔴 CLOSE_SHORT: ICPUSDT at 3.7356130999999997 (PnL: 0.002126027478398954)
🟢 OPEN_SHORT: ICPUSDT at 3.6764247 (qty: 0.46005553474231314)
🔴 CLOSE_SHORT: ICPUSDT at 3.682576 (PnL: -0.0037617438198604422)
🟢 OPEN_SHORT: ICPUSDT at 3.6794226 (qty: 0.457130297610883)
🔴 CLOSE_SHORT: ICPUSDT at 3.7105956 (PnL: -0.015183046886441905)
🟢 OPEN_SHORT: ICPUSDT at 3.7114002000000004 (qty: 0.44451128749153307)
🔴 CLOSE_SHORT: ICPUSDT at 3.6815752999999996 (PnL: 0.012357428721176575)
🟢 OPEN_SHORT: ICPUSDT at 3.6634338000000004 (qty: 0.45658240187969773)
🔴 CLOSE_SHORT: ICPUSDT at 3.6805745999999995 (PnL: -0.008750454709280072)
🟢 OPEN_SHORT: ICPUSDT at 3.6784233000000004 (qty: 0.44946392351549386)
🔴 CLOSE_SHORT: ICPUSDT at 3.682576 (PnL: -0.0027768406168648422)
🟢 OPEN_LONG: ICPUSDT at 3.7696368999999996 (qty: 0.4366325672134224)
🔴 CLOSE_LONG: ICPUSDT at 3.7483743 (PnL: -0.010184107885049129)
🟢 OPEN_SHORT: ICPUSDT at 3.757368 (qty: 0.432155562212305)
🔴 CLOSE_SHORT: ICPUSDT at 3.7836467 (PnL: -0.012255804554476576)
🟢 OPEN_SHORT: ICPUSDT at 3.7933428 (qty: 0.42112453615872464)
🔴 CLOSE_SHORT: ICPUSDT at 3.7996578999999997 (PnL: -0.003539514602180463)
🟢 OPEN_SHORT: ICPUSDT at 3.6824205000000005 (qty: 0.43141012310702515)
🔴 CLOSE_SHORT: ICPUSDT at 3.6725689999999998 (PnL: 0.0033786259333642246)
🟢 OPEN_SHORT: ICPUSDT at 3.7104009000000002 (qty: 0.4295070207303447)
🔴 CLOSE_SHORT: ICPUSDT at 3.742618 (PnL: -0.014721585026372865)
🟢 OPEN_SHORT: ICPUSDT at 3.7094016000000005 (qty: 0.4212126987440613)
🔴 CLOSE_SHORT: ICPUSDT at 3.7125969999999997 (PnL: -0.0022060292085119373)
🟢 OPEN_SHORT: ICPUSDT at 3.6744261000000003 (qty: 0.4235535743881193)
🔴 CLOSE_SHORT: ICPUSDT at 3.6805745999999995 (PnL: -0.00346162544232269)
🟢 OPEN_SHORT: ICPUSDT at 3.6444471000000003 (qty: 0.42466828772353715)
🔴 CLOSE_SHORT: ICPUSDT at 3.6595598999999996 (PnL: -0.007272681368813101)
🟢 OPEN_SHORT: ICPUSDT at 3.5994786000000003 (qty: 0.42545975900447935)
🔴 CLOSE_SHORT: ICPUSDT at 3.5975165 (PnL: -7.034583564639917e-06)
🟢 OPEN_SHORT: ICPUSDT at 3.5385213 (qty: 0.43230901334497357)
🔴 CLOSE_SHORT: ICPUSDT at 3.5434786999999996 (PnL: -0.0029856614820893933)
🟢 OPEN_SHORT: ICPUSDT at 3.5455164000000003 (qty: 0.4292973009014717)
🔴 CLOSE_SHORT: ICPUSDT at 3.4984471999999998 (PnL: 0.019380649848423335)
🟢 OPEN_SHORT: ICPUSDT at 3.5485143000000003 (qty: 0.4393860359632352)
🔴 CLOSE_SHORT: ICPUSDT at 3.5594898999999995 (PnL: -0.005682719962784426)
🟢 OPEN_SHORT: ICPUSDT at 3.4295976 (qty: 0.4508071464463508)
🔴 CLOSE_SHORT: ICPUSDT at 3.4404065999999998 (PnL: -0.0057258023810170915)
🟢 OPEN_SHORT: ICPUSDT at 3.4455864000000003 (qty: 0.4448980896067393)
🔴 CLOSE_SHORT: ICPUSDT at 3.4634226999999997 (PnL: -0.008782814374154289)
🟢 OPEN_SHORT: ICPUSDT at 3.4275990000000003 (qty: 0.4416161137574812)
🔴 CLOSE_SHORT: ICPUSDT at 3.4444094 (PnL: -0.008260352200088422)
🟢 OPEN_SHORT: ICPUSDT at 3.4955514000000005 (qty: 0.42782869513918637)
🔴 CLOSE_SHORT: ICPUSDT at 3.5294689 (PnL: -0.015341384208094826)
🟢 OPEN_SHORT: ICPUSDT at 3.5045451000000005 (qty: 0.4175062204004954)
🔴 CLOSE_SHORT: ICPUSDT at 3.5144583999999996 (PnL: -0.004945883948532191)
🟢 OPEN_SHORT: ICPUSDT at 3.5045451000000005 (qty: 0.41422440952755757)
🔴 CLOSE_SHORT: ICPUSDT at 3.4874395 (PnL: 0.006291036647407068)
🟢 OPEN_SHORT: ICPUSDT at 3.4865577 (qty: 0.41951216326287416)
🔴 CLOSE_SHORT: ICPUSDT at 3.4964458 (PnL: -0.0049549190692687725)
🟢 OPEN_SHORT: ICPUSDT at 3.4845591000000002 (qty: 0.41644712131010536)
🔴 CLOSE_SHORT: ICPUSDT at 3.4784331999999996 (PnL: 0.001754392499388635)
🟢 OPEN_SHORT: ICPUSDT at 3.4785633000000002 (qty: 0.41771473388506597)
🔴 CLOSE_SHORT: ICPUSDT at 3.4784331999999996 (PnL: -0.0007448013522825036)
🟢 OPEN_SHORT: ICPUSDT at 3.4485843000000003 (qty: 0.4204505566530013)
🔴 CLOSE_SHORT: ICPUSDT at 3.4514142999999997 (PnL: -0.0019880070603490807)
🟢 OPEN_SHORT: ICPUSDT at 3.417606 (qty: 0.4226315787635103)
🔴 CLOSE_SHORT: ICPUSDT at 3.4133877 (PnL: 0.0009893538007775917)
🟢 OPEN_SHORT: ICPUSDT at 3.4116102000000006 (qty: 0.4234886212768073)
🔴 CLOSE_SHORT: ICPUSDT at 3.4263967999999996 (PnL: -0.007060028878599804)
🟢 OPEN_SHORT: ICPUSDT at 3.4006179000000003 (qty: 0.4202379768290855)
🔴 CLOSE_SHORT: ICPUSDT at 3.4003786 (PnL: -0.0006853695749688959)
🟢 OPEN_SHORT: ICPUSDT at 3.5005479000000004 (qty: 0.40740081615507623)
🔴 CLOSE_SHORT: ICPUSDT at 3.4954450999999995 (PnL: 0.0012956589320655756)
🟢 OPEN_SHORT: ICPUSDT at 3.4675710000000004 (qty: 0.4115701309751037)
🔴 CLOSE_SHORT: ICPUSDT at 3.4754310999999998 (PnL: -0.004021693384639226)
🟢 OPEN_SHORT: ICPUSDT at 3.4385913 (qty: 0.41224306021785784)
🔴 CLOSE_SHORT: ICPUSDT at 3.4013793 (PnL: 0.014569181500450504)
🟢 OPEN_SHORT: ICPUSDT at 3.3536508 (qty: 0.43090785552598726)
🔴 CLOSE_SHORT: ICPUSDT at 3.3503435999999995 (PnL: 0.0006310693030225959)
🟢 OPEN_SHORT: ICPUSDT at 3.3346641000000004 (qty: 0.43326312449137083)
🔴 CLOSE_SHORT: ICPUSDT at 3.342338 (PnL: -0.0041212793837765264)
🟢 OPEN_SHORT: ICPUSDT at 3.627459 (qty: 0.3955813594700439)
🔴 CLOSE_SHORT: ICPUSDT at 3.6185311999999996 (PnL: 0.002744388340817383)
🟢 OPEN_SHORT: ICPUSDT at 3.6354534000000003 (qty: 0.3957870808203948)
🔴 CLOSE_SHORT: ICPUSDT at 3.6375444999999993 (PnL: -0.0016194615801582424)
🟢 OPEN_LONG: ICPUSDT at 3.6765717999999996 (qty: 0.3900491793596305)
🔴 CLOSE_LONG: ICPUSDT at 3.6714282000000003 (PnL: -0.002793877615022239)
🟢 OPEN_SHORT: ICPUSDT at 3.4885563000000004 (qty: 0.40901693632461)
🔴 CLOSE_SHORT: ICPUSDT at 3.4904415999999996 (PnL: -0.0015563269813610439)
🟢 OPEN_SHORT: ICPUSDT at 3.5135388 (qty: 0.4047760592790862)
🔴 CLOSE_SHORT: ICPUSDT at 3.5214632999999997 (PnL: -0.003991620102365444)
🟢 OPEN_SHORT: ICPUSDT at 3.4705689 (qty: 0.4070366484742303)
🔴 CLOSE_SHORT: ICPUSDT at 3.482436 (PnL: -0.005609958103989804)
🟢 OPEN_SHORT: ICPUSDT at 3.3636438 (qty: 0.416178105285771)
🔴 CLOSE_SHORT: ICPUSDT at 3.3613513 (PnL: 0.00018468185798911033)
🟢 OPEN_SHORT: ICPUSDT at 3.3056844 (qty: 0.42312097454382314)
🔴 CLOSE_SHORT: ICPUSDT at 3.3153191 (PnL: -0.004848173230120986)
🟢 OPEN_SHORT: ICPUSDT at 3.3296676 (qty: 0.41669909739840644)
🔴 CLOSE_SHORT: ICPUSDT at 3.3283281999999996 (PnL: -0.0002046744751765078)
🟢 OPEN_SHORT: ICPUSDT at 3.3036858000000002 (qty: 0.41939034219732746)
🔴 CLOSE_SHORT: ICPUSDT at 3.3083142 (PnL: -0.0027042175232648135)
🟢 OPEN_SHORT: ICPUSDT at 3.3006879000000002 (qty: 0.4176709333281469)
🔴 CLOSE_SHORT: ICPUSDT at 3.3023099999999994 (PnL: -0.0014361074158626256)
🟢 OPEN_SHORT: ICPUSDT at 3.3496536000000003 (qty: 0.4102551736844696)
🔴 CLOSE_SHORT: ICPUSDT at 3.3563478 (PnL: -0.003503657660977401)
🟢 OPEN_LONG: ICPUSDT at 3.3943744 (qty: 0.4023403458785956)
🔴 CLOSE_LONG: ICPUSDT at 3.3976200000000003 (PnL: 0.0005539860433035581)
🟢 OPEN_SHORT: ICPUSDT at 3.4295976 (qty: 0.3980931987697058)
🔴 CLOSE_SHORT: ICPUSDT at 3.4314002999999995 (PnL: -0.0014689520263493822)
🟢 OPEN_SHORT: ICPUSDT at 3.4156074000000003 (qty: 0.3984239364270083)
🔴 CLOSE_SHORT: ICPUSDT at 3.4213932999999996 (PnL: -0.003054981796430812)
🟢 OPEN_SHORT: ICPUSDT at 3.4156074000000003 (qty: 0.3961968334780515)
🔴 CLOSE_SHORT: ICPUSDT at 3.4243954 (PnL: -0.004227981810336191)
🟢 OPEN_SHORT: ICPUSDT at 3.3926235000000005 (qty: 0.39594971105506477)
🔴 CLOSE_SHORT: ICPUSDT at 3.4033806999999996 (PnL: -0.005000472414387661)
🟢 OPEN_SHORT: ICPUSDT at 3.4056144 (qty: 0.39106885106865)
🔴 CLOSE_SHORT: ICPUSDT at 3.412387 (PnL: -0.003382515945667794)
🟢 OPEN_LONG: ICPUSDT at 3.4133877 (qty: 0.3877671634012942)
🔴 CLOSE_LONG: ICPUSDT at 3.4006179000000003 (PnL: -0.005676965499493761)
🟢 OPEN_SHORT: ICPUSDT at 3.3926235000000005 (qty: 0.38636464535079024)
🔴 CLOSE_SHORT: ICPUSDT at 3.3963758 (PnL: -0.002171487801044325)
🟢 OPEN_SHORT: ICPUSDT at 3.4006179000000003 (qty: 0.38375523784405396)
🔴 CLOSE_SHORT: ICPUSDT at 3.4043813999999997 (PnL: -0.0021628098942537335)
🟢 OPEN_SHORT: ICPUSDT at 3.4076130000000004 (qty: 0.3812768074950433)
🔴 CLOSE_SHORT: ICPUSDT at 3.412387 (PnL: -0.0025358006906947774)
🟢 OPEN_SHORT: ICPUSDT at 3.2757054 (qty: 0.39464569562659846)
🔴 CLOSE_SHORT: ICPUSDT at 3.2883001999999997 (PnL: -0.00568422604319966)
🟢 OPEN_SHORT: ICPUSDT at 3.2986893000000004 (qty: 0.38801852809373116)
🔴 CLOSE_SHORT: ICPUSDT at 3.3063127999999997 (PnL: -0.003663660093262708)
🟢 OPEN_SHORT: ICPUSDT at 3.2916942000000002 (qty: 0.38618936680524774)
🔴 CLOSE_SHORT: ICPUSDT at 3.2983071999999996 (PnL: -0.003254444425686292)
🟢 OPEN_SHORT: ICPUSDT at 3.2267397000000004 (qty: 0.3915128545802547)
🔴 CLOSE_SHORT: ICPUSDT at 3.2292588999999996 (PnL: -0.0016816621868229826)
🟢 OPEN_SHORT: ICPUSDT at 3.227739 (qty: 0.38991910606240576)
🔴 CLOSE_SHORT: ICPUSDT at 3.2402665999999996 (PnL: -0.005579643613948896)
🟢 OPEN_SHORT: ICPUSDT at 3.2517222 (qty: 0.38318568709185263)
🔴 CLOSE_SHORT: ICPUSDT at 3.2552771 (PnL: -0.0020482433747735403)
🟢 OPEN_LONG: ICPUSDT at 3.2542763999999997 (qty: 0.38120495970880147)
🔴 CLOSE_LONG: ICPUSDT at 3.2457264000000006 (PnL: -0.003939810256355722)
🟢 OPEN_SHORT: ICPUSDT at 3.2627145000000004 (qty: 0.37738578796773287)
🔴 CLOSE_SHORT: ICPUSDT at 3.272289 (PnL: -0.004292483676394552)
🟢 OPEN_SHORT: ICPUSDT at 3.2497236 (qty: 0.3758358658110837)
🔴 CLOSE_SHORT: ICPUSDT at 3.2532756999999997 (PnL: -0.0020074903081349015)
🟢 OPEN_SHORT: ICPUSDT at 3.2447271 (qty: 0.37476316676533683)
🔴 CLOSE_SHORT: ICPUSDT at 3.2552771 (PnL: -0.004624728284456318)
🟢 OPEN_SHORT: ICPUSDT at 3.2597166000000004 (qty: 0.3697920064869403)
🔴 CLOSE_SHORT: ICPUSDT at 3.2742903999999995 (PnL: -0.00605521827339934)
🟢 OPEN_SHORT: ICPUSDT at 3.2687103 (qty: 0.364663930813837)
🔴 CLOSE_SHORT: ICPUSDT at 3.2752911 (PnL: -0.0030566896857967853)
🟢 OPEN_LONG: ICPUSDT at 3.2842974 (qty: 0.3606726322947256)
🔴 CLOSE_LONG: ICPUSDT at 3.277704 (PnL: -0.003028256905031617)
🟢 OPEN_SHORT: ICPUSDT at 3.2227425000000003 (qty: 0.3652779155887656)
🔴 CLOSE_SHORT: ICPUSDT at 3.2312602999999998 (PnL: -0.003760533644311593)
🟢 OPEN_LONG: ICPUSDT at 3.2292588999999996 (qty: 0.36181077932820327)
🔴 CLOSE_LONG: ICPUSDT at 3.2187453 (PnL: -0.004444451019543397)
🟢 OPEN_SHORT: ICPUSDT at 3.2197446000000003 (qty: 0.35972000961668044)
🔴 CLOSE_SHORT: ICPUSDT at 3.2252560999999997 (PnL: -0.0026207008684216767)
🟢 OPEN_SHORT: ICPUSDT at 3.2107509000000003 (qty: 0.3586983747397215)
🔴 CLOSE_SHORT: ICPUSDT at 3.1692168999999994 (PnL: 0.014272942173264684)
🟢 OPEN_SHORT: ICPUSDT at 3.1797726 (qty: 0.37077184501436894)
🔴 CLOSE_SHORT: ICPUSDT at 3.1632127 (PnL: 0.005494888061330021)
🟢 OPEN_SHORT: ICPUSDT at 3.1198146 (qty: 0.3810043912807562)
🔴 CLOSE_SHORT: ICPUSDT at 3.0671454999999996 (PnL: 0.01942443063749714)
🟢 OPEN_SHORT: ICPUSDT at 3.0798426 (qty: 0.3981386563352184)
🔴 CLOSE_SHORT: ICPUSDT at 3.0841573999999996 (PnL: -0.0023932459300942807)
🟢 OPEN_SHORT: ICPUSDT at 3.2117502 (qty: 0.37987670329835577)
🔴 CLOSE_SHORT: ICPUSDT at 3.1982372 (PnL: 0.004465059199524532)
🟢 OPEN_SHORT: ICPUSDT at 3.1907649000000005 (qty: 0.38475323587999943)
🔴 CLOSE_SHORT: ICPUSDT at 3.1942344 (PnL: -0.0020108469637430573)
🟢 OPEN_SHORT: ICPUSDT at 3.1897656000000003 (qty: 0.38318959971466426)
🔴 CLOSE_SHORT: ICPUSDT at 3.1992379 (PnL: -0.004303939925038224)
🟢 OPEN_SHORT: ICPUSDT at 3.1727775 (qty: 0.38210451571020215)
🔴 CLOSE_SHORT: ICPUSDT at 3.1732196999999998 (PnL: -0.000835842484037762)
🟢 OPEN_SHORT: ICPUSDT at 3.0128895000000004 (qty: 0.40138457094246677)
🔴 CLOSE_SHORT: ICPUSDT at 2.9970965 (PnL: 0.005677422967895416)
🟢 OPEN_SHORT: ICPUSDT at 3.0058944000000003 (qty: 0.4056536201322216)
🔴 CLOSE_SHORT: ICPUSDT at 3.0031006999999996 (PnL: 0.00046325424974652714)
🟢 OPEN_SHORT: ICPUSDT at 3.0058944000000003 (qty: 0.40551563170517924)
🔴 CLOSE_SHORT: ICPUSDT at 3.0121069999999994 (PnL: -0.0031911074736089675)
🟢 OPEN_SHORT: ICPUSDT at 3.0488643000000004 (qty: 0.3972673105276405)
🔴 CLOSE_SHORT: ICPUSDT at 3.0461308 (PnL: 0.0004203596885902723)
🟢 OPEN_SHORT: ICPUSDT at 3.0698496000000004 (qty: 0.3943914726210807)
🔴 CLOSE_SHORT: ICPUSDT at 3.0741503999999997 (PnL: -0.002363029132271555)
🟢 OPEN_LONG: ICPUSDT at 3.0871595 (qty: 0.39021782044296)
🔴 CLOSE_LONG: ICPUSDT at 3.0858384000000005 (PnL: -0.0011777987866648755)
🟢 OPEN_SHORT: ICPUSDT at 3.0728475000000004 (qty: 0.39083746354475535)
🔴 CLOSE_SHORT: ICPUSDT at 3.0541364 (PnL: 0.006656479855989797)
🟢 OPEN_SHORT: ICPUSDT at 3.0538608000000003 (qty: 0.39719420091340996)
🔴 CLOSE_SHORT: ICPUSDT at 3.0591399 (PnL: -0.0027651178514763986)
🟢 OPEN_SHORT: ICPUSDT at 3.0608559000000004 (qty: 0.3940438003218849)
🔴 CLOSE_SHORT: ICPUSDT at 3.0631426999999998 (PnL: -0.0015649561773157686)
🟢 OPEN_SHORT: ICPUSDT at 3.0578580000000004 (qty: 0.392972680974343)
🔴 CLOSE_SHORT: ICPUSDT at 3.0641433999999994 (PnL: -0.003132259044729053)
🟢 OPEN_SHORT: ICPUSDT at 3.0488643000000004 (qty: 0.3916436418923158)
🔴 CLOSE_SHORT: ICPUSDT at 3.0481321999999995 (PnL: -0.00036985756744776273)
🟢 OPEN_SHORT: ICPUSDT at 3.0238818 (qty: 0.3942003049863509)
🔴 CLOSE_SHORT: ICPUSDT at 3.0181112 (PnL: 0.0016204150844167237)
🟢 OPEN_SHORT: ICPUSDT at 3.0128895000000004 (qty: 0.3962789678582408)
🔴 CLOSE_SHORT: ICPUSDT at 3.0131077 (PnL: -0.0007431852359574157)
🟢 OPEN_SHORT: ICPUSDT at 2.9069637 (qty: 0.40975572954128786)
🔴 CLOSE_SHORT: ICPUSDT at 2.9150390999999996 (PnL: -0.003965891103521594)
🟢 OPEN_SHORT: ICPUSDT at 2.8859784 (qty: 0.40953286064153677)
🔴 CLOSE_SHORT: ICPUSDT at 2.8760117999999997 (PnL: 0.0034338484720390023)
🟢 OPEN_SHORT: ICPUSDT at 2.8939728000000002 (qty: 0.4103254161742211)
🔴 CLOSE_SHORT: ICPUSDT at 2.8990278999999997 (PnL: -0.0027284856675645667)
🟢 OPEN_SHORT: ICPUSDT at 2.8729875000000002 (qty: 0.4109685143317988)
🔴 CLOSE_SHORT: ICPUSDT at 2.8790138999999995 (PnL: -0.0031274118906418065)
🟢 OPEN_SHORT: ICPUSDT at 2.9049651 (qty: 0.40384437067506246)
🔴 CLOSE_SHORT: ICPUSDT at 2.9070334999999994 (PnL: -0.0014810057091903714)
🟢 OPEN_SHORT: ICPUSDT at 2.9239518 (qty: 0.3997676439266995)
🔴 CLOSE_SHORT: ICPUSDT at 2.8139684 (PnL: 0.04334909125450422)
🟢 OPEN_SHORT: ICPUSDT at 2.7760554 (qty: 0.4518330985383109)
🔴 CLOSE_SHORT: ICPUSDT at 2.7859487999999994 (PnL: -0.005162496710348796)
🟢 OPEN_SHORT: ICPUSDT at 2.8659924 (qty: 0.4335702267008484)
🔴 CLOSE_SHORT: ICPUSDT at 2.8710083 (PnL: -0.0028593759458288765)
🟢 OPEN_SHORT: ICPUSDT at 2.8879770000000002 (qty: 0.42781620242376944)
🔴 CLOSE_SHORT: ICPUSDT at 2.8980271999999996 (PnL: -0.00498154104277272)
🟢 OPEN_SHORT: ICPUSDT at 2.9189553 (qty: 0.4193970339503083)
🔴 CLOSE_SHORT: ICPUSDT at 2.9160398 (PnL: 0.0005501139088314828)
🟢 OPEN_SHORT: ICPUSDT at 2.9059644000000002 (qty: 0.4211871286367568)
🔴 CLOSE_SHORT: ICPUSDT at 2.9120369999999998 (PnL: -0.0032322828337420727)
🟢 OPEN_SHORT: ICPUSDT at 2.9409399000000005 (qty: 0.41352218234974747)
🔴 CLOSE_SHORT: ICPUSDT at 2.9540664 (PnL: -0.006099963518107436)
🟢 OPEN_SHORT: ICPUSDT at 2.9439378000000005 (qty: 0.4085025846324115)
🔴 CLOSE_SHORT: ICPUSDT at 2.9390558999999996 (PnL: 0.0013339322055763044)
🟢 OPEN_SHORT: ICPUSDT at 2.9249511000000004 (qty: 0.4116141284850477)
🔴 CLOSE_SHORT: ICPUSDT at 2.9290488999999997 (PnL: -0.0023498132263507438)
🟢 OPEN_SHORT: ICPUSDT at 2.9139588 (qty: 0.4110995752985624)
🔴 CLOSE_SHORT: ICPUSDT at 2.9190418999999994 (PnL: -0.002749669538152641)
🟢 OPEN_SHORT: ICPUSDT at 2.8989693 (qty: 0.4108736736513794)
🔴 CLOSE_SHORT: ICPUSDT at 2.8980271999999996 (PnL: -0.00026781360715592107)
🟢 OPEN_SHORT: ICPUSDT at 2.9049651 (qty: 0.4093902256163256)
🔴 CLOSE_SHORT: ICPUSDT at 2.9090349 (PnL: -0.0023211480899335024)
🟢 OPEN_SHORT: ICPUSDT at 2.9249511000000004 (qty: 0.4045585004026977)
🔴 CLOSE_SHORT: ICPUSDT at 2.9300496 (PnL: -0.0027145985740577704)
🟢 OPEN_SHORT: ICPUSDT at 2.9289483 (qty: 0.4017083498555686)
🔴 CLOSE_SHORT: ICPUSDT at 2.942058 (PnL: -0.005916293049499115)
🟢 OPEN_SHORT: ICPUSDT at 2.9469357 (qty: 0.3948020179127171)
🔴 CLOSE_SHORT: ICPUSDT at 2.9550670999999995 (PnL: -0.0038519596782363675)
🟢 OPEN_SHORT: ICPUSDT at 3.0058944000000003 (qty: 0.3840695268221784)
🔴 CLOSE_SHORT: ICPUSDT at 3.0151090999999997 (PnL: -0.004175991807752914)
🟢 OPEN_SHORT: ICPUSDT at 3.2896956 (qty: 0.3480110854591068)
🔴 CLOSE_SHORT: ICPUSDT at 3.2782931999999994 (PnL: 0.0033406762945972597)
🟢 OPEN_SHORT: ICPUSDT at 3.2757054 (qty: 0.3511526261137508)
🔴 CLOSE_SHORT: ICPUSDT at 3.2842974 (PnL: -0.0036514126748909558)
🟢 OPEN_SHORT: ICPUSDT at 3.2367327 (qty: 0.3527336157311561)
🔴 CLOSE_SHORT: ICPUSDT at 3.2372644999999998 (PnL: -0.0008156243435354134)
🟢 OPEN_SHORT: ICPUSDT at 3.1298076000000004 (qty: 0.3638617609810683)
🔴 CLOSE_SHORT: ICPUSDT at 3.1281882 (PnL: -3.6787701189787804e-05)
🟢 OPEN_SHORT: ICPUSDT at 3.1248111 (qty: 0.36401913396627406)
🔴 CLOSE_SHORT: ICPUSDT at 3.1351931 (PnL: -0.004406945301231289)
🟢 OPEN_SHORT: ICPUSDT at 3.0728475000000004 (qty: 0.36689939858527376)
🔴 CLOSE_SHORT: ICPUSDT at 3.0781532 (PnL: -0.0025678130458820884)
🟢 OPEN_SHORT: ICPUSDT at 3.027879 (qty: 0.37024270293259187)
🔴 CLOSE_SHORT: ICPUSDT at 3.0341223999999998 (PnL: -0.0029294222146116432)
🟢 OPEN_SHORT: ICPUSDT at 3.0308769 (qty: 0.36753657186406796)
🔴 CLOSE_SHORT: ICPUSDT at 3.0571384999999998 (PnL: -0.010270084047867337)
🟢 OPEN_SHORT: ICPUSDT at 3.0488643000000004 (qty: 0.3582293195391251)
🔴 CLOSE_SHORT: ICPUSDT at 3.0611413 (PnL: -0.005001106166683375)
🟢 OPEN_SHORT: ICPUSDT at 3.0328755000000003 (qty: 0.3564237830998485)
🔴 CLOSE_SHORT: ICPUSDT at 3.0261167999999996 (PnL: 0.0018157424239602813)
🟢 OPEN_SHORT: ICPUSDT at 3.0668517000000004 (qty: 0.3532715182718002)
🔴 CLOSE_SHORT: ICPUSDT at 3.0521349999999994 (PnL: 0.004605963151969689)
🟢 OPEN_SHORT: ICPUSDT at 3.0358734 (qty: 0.35951812357701823)
🔴 CLOSE_SHORT: ICPUSDT at 3.0491329 (PnL: -0.005369950755879269)
🟢 OPEN_SHORT: ICPUSDT at 3.037872 (qty: 0.35535105166202685)
🔴 CLOSE_SHORT: ICPUSDT at 3.0491329 (PnL: -0.004597504578130642)
🟢 OPEN_SHORT: ICPUSDT at 3.0268797000000003 (qty: 0.35321144039762664)
🔴 CLOSE_SHORT: ICPUSDT at 3.0381251999999996 (PnL: -0.004562244570891462)
🟢 OPEN_SHORT: ICPUSDT at 3.0178860000000003 (qty: 0.35085089636021377)
🔴 CLOSE_SHORT: ICPUSDT at 3.0251161 (PnL: -0.0031204376481771636)
🟢 OPEN_SHORT: ICPUSDT at 2.9909049000000003 (qty: 0.3515399042301707)
🔴 CLOSE_SHORT: ICPUSDT at 2.9960958 (PnL: -0.0024040944656963043)
🟢 OPEN_SHORT: ICPUSDT at 2.9909049000000003 (qty: 0.3495456069204464)
🔴 CLOSE_SHORT: ICPUSDT at 2.9830866999999994 (PnL: 0.0021593187959494473)
🟢 OPEN_SHORT: ICPUSDT at 2.9949021 (qty: 0.3501370888445292)
🔴 CLOSE_SHORT: ICPUSDT at 2.9970965 (PnL: -0.0013455078816833194)
🟢 OPEN_SHORT: ICPUSDT at 2.9949021 (qty: 0.348853405916696)
🔴 CLOSE_SHORT: ICPUSDT at 2.9970965 (PnL: -0.0013405749409809169)
🟢 OPEN_SHORT: ICPUSDT at 2.9919042000000005 (qty: 0.34792270023630506)
🔴 CLOSE_SHORT: ICPUSDT at 2.9850881 (PnL: 0.0018002569653734367)
🟢 OPEN_SHORT: ICPUSDT at 3.0018972 (qty: 0.34758247401548553)
🔴 CLOSE_SHORT: ICPUSDT at 3.0351231 (PnL: -0.012128966101212769)
🟢 OPEN_SHORT: ICPUSDT at 3.0088923000000003 (qty: 0.33833087870000106)
🔴 CLOSE_SHORT: ICPUSDT at 2.982086 (PnL: 0.008514486556489575)
🟢 OPEN_SHORT: ICPUSDT at 2.9909049000000003 (qty: 0.34568479512414424)
🔴 CLOSE_SHORT: ICPUSDT at 2.9730797 (PnL: 0.005596638964206767)
🟢 OPEN_SHORT: ICPUSDT at 2.9769147000000005 (qty: 0.35068734893154924)
🔴 CLOSE_SHORT: ICPUSDT at 2.9810852999999997 (PnL: -0.0020375625528913518)
🟢 OPEN_SHORT: ICPUSDT at 2.9659224 (qty: 0.3502258980464315)
🔴 CLOSE_SHORT: ICPUSDT at 2.9700775999999998 (PnL: -0.00202736760366256)
🟢 OPEN_SHORT: ICPUSDT at 2.9659224 (qty: 0.3484735419069019)
🔴 CLOSE_SHORT: ICPUSDT at 2.9840874 (PnL: -0.006901953416839557)
🟢 OPEN_SHORT: ICPUSDT at 3.0628545000000003 (qty: 0.3325671124381582)
🔴 CLOSE_SHORT: ICPUSDT at 3.0661448 (PnL: -0.0016550799774044883)
🟢 OPEN_SHORT: ICPUSDT at 3.0778440000000002 (qty: 0.32950794510177545)
🔴 CLOSE_SHORT: ICPUSDT at 3.082156 (PnL: -0.0019794154488024496)
🟢 OPEN_SHORT: ICPUSDT at 3.0538608000000003 (qty: 0.33043406216460985)
🔴 CLOSE_SHORT: ICPUSDT at 3.0521349999999994 (PnL: 1.5571953005347303e-05)
🟢 OPEN_SHORT: ICPUSDT at 3.0498636 (qty: 0.3305133920556018)
🔴 CLOSE_SHORT: ICPUSDT at 3.0741503999999997 (PnL: -0.008585938982192058)
🟢 OPEN_LONG: ICPUSDT at 3.0601405999999995 (qty: 0.32342960416210936)
🔴 CLOSE_LONG: ICPUSDT at 3.0608559000000004 (PnL: -0.0003131350808164056)
🟢 OPEN_SHORT: ICPUSDT at 3.0368727000000004 (qty: 0.32534293541758996)
🔴 CLOSE_SHORT: ICPUSDT at 3.042128 (PnL: -0.002254128897889727)
🟢 OPEN_SHORT: ICPUSDT at 3.0178860000000003 (qty: 0.3255358198835823)
🔴 CLOSE_SHORT: ICPUSDT at 3.0221139999999997 (PnL: -0.0019174589437920171)
🟢 OPEN_SHORT: ICPUSDT at 3.0208839000000003 (qty: 0.32358555800338284)
🔴 CLOSE_SHORT: ICPUSDT at 3.0241153999999995 (PnL: -0.0015838747687342545)
🟢 OPEN_SHORT: ICPUSDT at 3.0178860000000003 (qty: 0.32250104446118416)
🔴 CLOSE_SHORT: ICPUSDT at 3.0261167999999996 (PnL: -0.0031912008025147386)
🟢 OPEN_SHORT: ICPUSDT at 2.9689203 (qty: 0.3253096376261682)
🔴 CLOSE_SHORT: ICPUSDT at 2.9740803999999996 (PnL: -0.0022107536205719096)
🟢 OPEN_SHORT: ICPUSDT at 2.9799126000000005 (qty: 0.32226934423083875)
🔴 CLOSE_SHORT: ICPUSDT at 2.9810852999999997 (PnL: -0.000906317082579219)
🟢 OPEN_SHORT: ICPUSDT at 2.9829105 (qty: 0.3209836424440605)
🔴 CLOSE_SHORT: ICPUSDT at 3.0071034999999995 (PnL: -0.00829643433069894)
🟢 OPEN_SHORT: ICPUSDT at 2.9819112000000003 (qty: 0.31517350237932024)
🔴 CLOSE_SHORT: ICPUSDT at 2.9850881 (PnL: -0.0015187260689720765)
🟢 OPEN_SHORT: ICPUSDT at 3.0238818 (qty: 0.30945261921740086)
🔴 CLOSE_SHORT: ICPUSDT at 3.0311202999999995 (PnL: -0.002755866248003983)
🟢 OPEN_SHORT: ICPUSDT at 3.0168867 (qty: 0.3080019835548628)
🔴 CLOSE_SHORT: ICPUSDT at 3.0241153999999995 (PnL: -0.002738742386457168)
🟢 OPEN_SHORT: ICPUSDT at 3.0338748000000004 (qty: 0.30413498776905)
🔴 CLOSE_SHORT: ICPUSDT at 3.0411273 (PnL: -0.0027144412665991583)
🟢 OPEN_SHORT: ICPUSDT at 3.0388713000000003 (qty: 0.30151445190683723)
🔴 CLOSE_SHORT: ICPUSDT at 3.0471315 (PnL: -0.002995884476901546)
🟢 OPEN_SHORT: ICPUSDT at 3.0618552 (qty: 0.29696504116368555)
🔴 CLOSE_SHORT: ICPUSDT at 3.0671454999999996 (PnL: -0.0020719934015824867)
🟢 OPEN_SHORT: ICPUSDT at 3.0668517000000004 (qty: 0.29480387928474694)
🔴 CLOSE_SHORT: ICPUSDT at 3.0731497 (PnL: -0.002354961880985762)
🟢 OPEN_SHORT: ICPUSDT at 3.0948321 (qty: 0.29029533551525083)
🔴 CLOSE_SHORT: ICPUSDT at 3.1111763 (PnL: -0.005241383005048885)
🟢 OPEN_SHORT: ICPUSDT at 3.0728475000000004 (qty: 0.28863921817390825)
🔴 CLOSE_SHORT: ICPUSDT at 3.0811553 (PnL: -0.002887095138020444)
🟢 OPEN_SHORT: ICPUSDT at 3.0788433000000004 (qty: 0.28588479022678503)
🔴 CLOSE_SHORT: ICPUSDT at 3.0901615999999996 (PnL: -0.003721616431654176)
🟢 OPEN_SHORT: ICPUSDT at 3.0828405 (qty: 0.28278564011997515)
🔴 CLOSE_SHORT: ICPUSDT at 3.0871595 (PnL: -0.0017015035861260783)
🟢 OPEN_SHORT: ICPUSDT at 3.0848391000000004 (qty: 0.28118842752006906)
🔴 CLOSE_SHORT: ICPUSDT at 3.0921629999999998 (PnL: -0.0025376101726972172)
🟢 OPEN_SHORT: ICPUSDT at 3.0228825 (qty: 0.2849570475116994)
🔴 CLOSE_SHORT: ICPUSDT at 3.0381251999999996 (PnL: -0.004819669140936028)
🟢 OPEN_SHORT: ICPUSDT at 3.0708489 (qty: 0.2770585042635978)
🔴 CLOSE_SHORT: ICPUSDT at 3.0731497 (PnL: -0.0011057494492027519)
🟢 OPEN_SHORT: ICPUSDT at 3.0968307000000004 (qty: 0.27371771368442943)
🔴 CLOSE_SHORT: ICPUSDT at 3.0321209999999996 (PnL: 0.01725572126195153)
🟢 OPEN_SHORT: ICPUSDT at 3.0548601 (qty: 0.2884703094046436)
🔴 CLOSE_SHORT: ICPUSDT at 3.0461308 (PnL: 0.0020348488099863437)
🟢 OPEN_SHORT: ICPUSDT at 3.0108909 (qty: 0.2937126601873273)
🔴 CLOSE_SHORT: ICPUSDT at 2.9940944 (PnL: 0.0044496728097447496)
🟢 OPEN_SHORT: ICPUSDT at 2.9769147000000005 (qty: 0.2997275504531423)
🔴 CLOSE_SHORT: ICPUSDT at 2.9850881 (PnL: -0.0029418853901284833)
🟢 OPEN_SHORT: ICPUSDT at 2.9439378000000005 (qty: 0.3007529882162113)
🔴 CLOSE_SHORT: ICPUSDT at 2.9560678 (PnL: -0.004137109170383349)
🟢 OPEN_SHORT: ICPUSDT at 2.9489343000000003 (qty: 0.2971073089801909)
🔴 CLOSE_SHORT: ICPUSDT at 2.9600706 (PnL: -0.0037923783606925226)
🟢 OPEN_SHORT: ICPUSDT at 2.937942 (qty: 0.2953092377532751)
🔴 CLOSE_SHORT: ICPUSDT at 2.932051 (PnL: 0.0012634427593795198)
🟢 OPEN_SHORT: ICPUSDT at 2.8989693 (qty: 0.29982171130554863)
🔴 CLOSE_SHORT: ICPUSDT at 2.8970265 (PnL: 0.00010476832711432167)
🟢 OPEN_SHORT: ICPUSDT at 2.8799826000000004 (qty: 0.30153910717109)
🔴 CLOSE_SHORT: ICPUSDT at 2.8830166999999998 (PnL: -0.0013930380599901536)
🟢 OPEN_LONG: ICPUSDT at 2.9240454 (qty: 0.2957156669428735)
🔴 CLOSE_LONG: ICPUSDT at 2.9119602 (PnL: -0.004047394717097645)
🟢 OPEN_LONG: ICPUSDT at 2.9160398 (qty: 0.29342538176565547)
🔴 CLOSE_LONG: ICPUSDT at 2.9129595000000004 (PnL: -0.0013739431427981274)
🟢 OPEN_SHORT: ICPUSDT at 2.9069637 (qty: 0.2930724594780926)
🔴 CLOSE_SHORT: ICPUSDT at 2.9150390999999996 (PnL: -0.0028365520624507707)
🟢 OPEN_SHORT: ICPUSDT at 2.9189553 (qty: 0.28960386990042053)
🔴 CLOSE_SHORT: ICPUSDT at 2.9140384 (PnL: 0.000959799029190242)
🟢 OPEN_SHORT: FILUSDT at 1.9096623000000001 (qty: 0.4431833178979787)
🔴 CLOSE_SHORT: FILUSDT at 1.9123377 (PnL: -0.0016518265404592155)
🟢 OPEN_SHORT: FILUSDT at 1.9116609000000002 (qty: 0.440504828851271)
🔴 CLOSE_SHORT: FILUSDT at 1.9673762 (PnL: -0.02501950998484397)
🟢 OPEN_SHORT: FILUSDT at 1.9756161000000003 (qty: 0.400447502003626)
🔴 CLOSE_SHORT: FILUSDT at 1.9773831999999998 (PnL: -0.001143141770409559)
🟢 OPEN_SHORT: FILUSDT at 1.9995993 (qty: 0.39406595363228614)
🔴 CLOSE_SHORT: FILUSDT at 1.9973971999999998 (PnL: 0.0004348642086735306)
🟢 OPEN_SHORT: FILUSDT at 1.9666224 (qty: 0.40067527047833645)
🔴 CLOSE_SHORT: FILUSDT at 2.0134084 (PnL: -0.0191896908299887)
🟢 OPEN_SHORT: FILUSDT at 1.9876077000000003 (qty: 0.3766994894065468)
🔴 CLOSE_SHORT: FILUSDT at 2.0054027999999997 (PnL: -0.007118893899886167)
🟢 OPEN_SHORT: FILUSDT at 2.008593 (qty: 0.36526534446971076)
🔴 CLOSE_SHORT: FILUSDT at 2.0134084 (PnL: -0.0021633843117907694)
🟢 OPEN_SHORT: FILUSDT at 2.0145888000000003 (qty: 0.36162993116283504)
🔴 CLOSE_SHORT: FILUSDT at 2.0554377999999995 (PnL: -0.015181040364638295)
🟢 OPEN_SHORT: FILUSDT at 2.0855391000000005 (qty: 0.334384591095018)
🔴 CLOSE_SHORT: FILUSDT at 2.0834574 (PnL: 0.0003129165753631206)
🟢 OPEN_SHORT: FILUSDT at 2.0195853 (qty: 0.34523466919857765)
🔴 CLOSE_SHORT: FILUSDT at 2.0094056 (PnL: 0.0031328412993598307)
🟢 OPEN_SHORT: FILUSDT at 1.9796133000000002 (qty: 0.35498326446547573)
🔴 CLOSE_SHORT: FILUSDT at 1.9843880999999999 (PnL: -0.0020824076023070676)
🟢 OPEN_SHORT: FILUSDT at 1.9816119000000003 (qty: 0.3521334191916598)
🔴 CLOSE_SHORT: FILUSDT at 1.9763825 (PnL: 0.0014586738222754426)
🟢 OPEN_SHORT: FILUSDT at 1.9606266 (qty: 0.35699890563108344)
🔴 CLOSE_SHORT: FILUSDT at 1.9923937 (PnL: -0.011732025238840614)
🟢 OPEN_SHORT: FILUSDT at 1.8207246000000001 (qty: 0.371120137756092)
🔴 CLOSE_SHORT: FILUSDT at 1.8492936 (PnL: -0.010980001768124636)
🟢 OPEN_SHORT: FILUSDT at 1.8926742 (qty: 0.34501674007647387)
🔴 CLOSE_SHORT: FILUSDT at 1.8232754 (PnL: 0.02359776444709593)
🟢 OPEN_SHORT: FILUSDT at 1.7807526000000002 (qty: 0.3928010587738447)
🔴 CLOSE_SHORT: FILUSDT at 1.7952557999999998 (PnL: -0.006084720424064106)
🟢 OPEN_SHORT: FILUSDT at 1.7917449 (qty: 0.38316985648391616)
🔴 CLOSE_SHORT: FILUSDT at 1.7942550999999998 (PnL: -0.0013399604317851997)
🟢 OPEN_SHORT: FILUSDT at 1.8626952000000003 (qty: 0.3667307020630175)
🔴 CLOSE_SHORT: FILUSDT at 1.8683068999999999 (PnL: -0.0024348237063752704)
🟢 OPEN_SHORT: FILUSDT at 1.8626952000000003 (qty: 0.36371299649153244)
🔴 CLOSE_SHORT: FILUSDT at 1.8703082999999998 (PnL: -0.003143123903475289)
🟢 OPEN_SHORT: FILUSDT at 1.8696903000000002 (qty: 0.3585914575464336)
🔴 CLOSE_SHORT: FILUSDT at 1.8743111 (PnL: -0.002026640979114887)
🟢 OPEN_LONG: FILUSDT at 1.8683068999999999 (qty: 0.3562927415256976)
🔴 CLOSE_LONG: FILUSDT at 1.8566994000000003 (PnL: -0.004499508682937689)
🟢 OPEN_SHORT: FILUSDT at 1.7867484000000002 (qty: 0.36710985130326623)
🔴 CLOSE_SHORT: FILUSDT at 1.7772431999999998 (PnL: 0.0031306086408230084)
🟢 OPEN_SHORT: FILUSDT at 1.7757561 (qty: 0.3725019615523814)
🔴 CLOSE_SHORT: FILUSDT at 1.7772431999999998 (PnL: -0.0009180622850100888)
🟢 OPEN_SHORT: FILUSDT at 1.7847498000000002 (qty: 0.36918837924791903)
🔴 CLOSE_SHORT: FILUSDT at 1.5971172 (PnL: 0.0689474750772778)
🟢 OPEN_SHORT: FILUSDT at 1.6678317000000003 (qty: 0.4773137699715016)
🔴 CLOSE_SHORT: FILUSDT at 1.6651648 (PnL: 0.0008358047445656568)
🟢 OPEN_SHORT: FILUSDT at 1.6698303 (qty: 0.4772191275688676)
🔴 CLOSE_SHORT: FILUSDT at 1.6381458999999998 (PnL: 0.014690436719067477)
🟢 OPEN_SHORT: FILUSDT at 1.6378527 (qty: 0.5039398658605535)
🔴 CLOSE_SHORT: FILUSDT at 1.6351437999999998 (PnL: 0.0009119149216506787)
🟢 OPEN_SHORT: FILUSDT at 1.6798233000000002 (qty: 0.49189410730504657)
🔴 CLOSE_SHORT: FILUSDT at 1.6871801999999998 (PnL: -0.004075268457120241)
🟢 OPEN_SHORT: FILUSDT at 1.6438485 (qty: 0.4971478338597698)
🔴 CLOSE_SHORT: FILUSDT at 1.6521557 (PnL: -0.004581657580539598)
🟢 OPEN_SHORT: FILUSDT at 1.6558401000000003 (qty: 0.48747064798980017)
🔴 CLOSE_SHORT: FILUSDT at 1.6541571 (PnL: 0.00037691893218933046)
🟢 OPEN_SHORT: FILUSDT at 1.6358541000000002 (qty: 0.493344359737036)
🔴 CLOSE_SHORT: FILUSDT at 1.621134 (PnL: 0.006822200786362338)
🟢 OPEN_SHORT: FILUSDT at 1.6048758000000003 (qty: 0.5108158848351297)
🔴 CLOSE_SHORT: FILUSDT at 1.6151298 (PnL: -0.005691674759950122)
🟢 OPEN_SHORT: FILUSDT at 1.6158681000000001 (qty: 0.49973814487121204)
🔴 CLOSE_SHORT: FILUSDT at 1.6181318999999998 (PnL: -0.0015760604409839137)
🟢 OPEN_SHORT: FILUSDT at 1.6098723000000001 (qty: 0.4990896133496353)
🔴 CLOSE_SHORT: FILUSDT at 1.6161305 (PnL: -0.003567029288766727)
🟢 OPEN_SHORT: FILUSDT at 1.6068744000000001 (qty: 0.4950310164712507)
🔴 CLOSE_SHORT: FILUSDT at 1.6081249 (PnL: -0.0010568757232200612)
🟢 OPEN_SHORT: FILUSDT at 1.5958821 (qty: 0.4965679596211118)
🔴 CLOSE_SHORT: FILUSDT at 1.5951157999999999 (PnL: -5.5125841533201574e-05)
🟢 OPEN_SHORT: FILUSDT at 1.5868884000000003 (qty: 0.49876346452578413)
🔴 CLOSE_SHORT: FILUSDT at 1.5901123 (PnL: -0.002044162989137667)
🟢 OPEN_SHORT: FILUSDT at 1.6598373000000002 (qty: 0.4738554797326715)
🔴 CLOSE_SHORT: FILUSDT at 1.6591605999999999 (PnL: -0.00011175328500135631)
🟢 OPEN_SHORT: FILUSDT at 1.6238625000000002 (qty: 0.48368277375677465)
🔴 CLOSE_SHORT: FILUSDT at 1.6331423999999997 (PnL: -0.004922985337469716)
🟢 OPEN_SHORT: FILUSDT at 1.6378527 (qty: 0.47301223716555524)
🔴 CLOSE_SHORT: FILUSDT at 1.6391465999999997 (PnL: -0.0010384655538379073)
🟢 OPEN_SHORT: FILUSDT at 1.6168674000000003 (qty: 0.4773398497985806)
🔴 CLOSE_SHORT: FILUSDT at 1.6191326 (PnL: -0.0015063523094119618)
🟢 OPEN_SHORT: FILUSDT at 1.6338555000000001 (qty: 0.47001314527224386)
🔴 CLOSE_SHORT: FILUSDT at 1.6451507999999997 (PnL: -0.005734222855868703)
🟢 OPEN_SHORT: FILUSDT at 1.6048758000000003 (qty: 0.47082795431577534)
🔴 CLOSE_SHORT: FILUSDT at 1.6121276999999998 (PnL: -0.0038318663748000896)
🟢 OPEN_SHORT: FILUSDT at 1.6188660000000001 (qty: 0.46151162274484575)
🔴 CLOSE_SHORT: FILUSDT at 1.6271381999999999 (PnL: -0.0042307352007814585)
🟢 OPEN_LONG: FILUSDT at 1.6661655 (qty: 0.4428384612709619)
🔴 CLOSE_LONG: FILUSDT at 1.6638345 (PnL: -0.0014375019036067978)
🟢 OPEN_SHORT: FILUSDT at 1.6568394 (qty: 0.4431060343281794)
🔴 CLOSE_SHORT: FILUSDT at 1.6521557 (PnL: 0.0016727316448070413)
🟢 OPEN_SHORT: FILUSDT at 1.6578387 (qty: 0.44436978594638876)
🔴 CLOSE_SHORT: FILUSDT at 1.6591605999999999 (PnL: -0.000992916882412402)
🟢 OPEN_SHORT: FILUSDT at 1.6478457000000002 (qty: 0.4453676892907724)
🔴 CLOSE_SHORT: FILUSDT at 1.6471521999999998 (PnL: -9.461111055001162e-05)
🟢 OPEN_SHORT: FILUSDT at 1.628859 (qty: 0.4499473082327859)
🔴 CLOSE_SHORT: FILUSDT at 1.6271381999999999 (PnL: 0.00037159977874005575)
🟢 OPEN_SHORT: FILUSDT at 1.6268604 (qty: 0.4504613495438431)
🔴 CLOSE_SHORT: FILUSDT at 1.6331423999999997 (PnL: -0.003234415339059976)
🟢 OPEN_SHORT: FILUSDT at 1.6098723000000001 (qty: 0.4506958589950764)
🔴 CLOSE_SHORT: FILUSDT at 1.611127 (PnL: -0.0009648586412493844)
🟢 OPEN_SHORT: FILUSDT at 1.5988800000000003 (qty: 0.45208830104908004)
🔴 CLOSE_SHORT: FILUSDT at 1.6001192999999998 (PnL: -0.0009581404001869622)
🟢 OPEN_SHORT: FILUSDT at 1.6488450000000001 (qty: 0.43674423220127806)
🔴 CLOSE_SHORT: FILUSDT at 1.6531563999999999 (PnL: -0.002280082670157124)
🟢 OPEN_SHORT: FILUSDT at 1.6568394 (qty: 0.4314064732560676)
🔴 CLOSE_SHORT: FILUSDT at 1.6551577999999998 (PnL: 0.00033272794137832805)
🟢 OPEN_SHORT: FILUSDT at 1.6538415000000002 (qty: 0.4321154414264729)
🔴 CLOSE_SHORT: FILUSDT at 1.6521557 (PnL: 0.00033580311687090664)
🟢 OPEN_SHORT: FILUSDT at 1.6438485 (qty: 0.43467262376116567)
🔴 CLOSE_SHORT: FILUSDT at 1.6611619999999998 (PnL: -0.007922838376256626)
🟢 OPEN_SHORT: FILUSDT at 1.6358541000000002 (qty: 0.4266299019415797)
🔴 CLOSE_SHORT: FILUSDT at 1.6351437999999998 (PnL: -8.064546213064149e-05)
🟢 OPEN_SHORT: FILUSDT at 1.6148688000000002 (qty: 0.43159870860578436)
🔴 CLOSE_SHORT: FILUSDT at 1.6141290999999998 (PnL: -6.390725453976474e-05)
🟢 OPEN_SHORT: FILUSDT at 1.6108716000000003 (qty: 0.4321143915636592)
🔴 CLOSE_SHORT: FILUSDT at 1.6131284 (PnL: -0.001358576557274732)
🟢 OPEN_SHORT: FILUSDT at 1.6708296 (qty: 0.4145233956384143)
🔴 CLOSE_SHORT: FILUSDT at 1.6791745999999999 (PnL: -0.0038420291729864713)
🟢 OPEN_SHORT: FILUSDT at 1.6738275000000002 (qty: 0.4087350955961366)
🔴 CLOSE_SHORT: FILUSDT at 1.6811759999999998 (PnL: -0.003381525448178682)
🟢 OPEN_SHORT: FILUSDT at 1.6668324 (qty: 0.4059414882264329)
🔴 CLOSE_SHORT: FILUSDT at 1.6391465999999997 (PnL: 0.010872846169115637)
🟢 OPEN_SHORT: FILUSDT at 1.6498443 (qty: 0.42285070012405795)
🔴 CLOSE_SHORT: FILUSDT at 1.6581598999999998 (PnL: -0.003901892022999464)
🟢 OPEN_SHORT: FILUSDT at 1.6048758000000003 (qty: 0.42935822928204215)
🔴 CLOSE_SHORT: FILUSDT at 1.611127 (PnL: -0.003064467012615433)
🟢 OPEN_SHORT: FILUSDT at 1.6028772000000002 (qty: 0.42559699793938544)
🔴 CLOSE_SHORT: FILUSDT at 1.6061234999999998 (PnL: -0.001757574271366397)
🟢 OPEN_SHORT: FILUSDT at 1.6088730000000002 (qty: 0.42135965868401665)
🔴 CLOSE_SHORT: FILUSDT at 1.6121276999999998 (PnL: -0.0017450063487035818)
🟢 OPEN_SHORT: FILUSDT at 1.6188660000000001 (qty: 0.41614220068403657)
🔴 CLOSE_SHORT: FILUSDT at 1.621134 (PnL: -0.0013148527598514119)
🟢 OPEN_SHORT: FILUSDT at 1.6248618 (qty: 0.41253213536500255)
🔴 CLOSE_SHORT: FILUSDT at 1.6271381999999999 (PnL: -0.0013082738908438553)
🟢 OPEN_SHORT: FILUSDT at 1.6088730000000002 (qty: 0.4145472152037508)
🔴 CLOSE_SHORT: FILUSDT at 1.6131284 (PnL: -0.0021318590568702566)
🟢 OPEN_SHORT: FILUSDT at 1.6158681000000001 (qty: 0.4096599558149717)
🔴 CLOSE_SHORT: FILUSDT at 1.6271381999999999 (PnL: -0.0049835240177444695)
🟢 OPEN_SHORT: FILUSDT at 1.6208646000000002 (qty: 0.40179867850371015)
🔴 CLOSE_SHORT: FILUSDT at 1.6271381999999999 (PnL: -0.002880304277637336)
🟢 OPEN_SHORT: FILUSDT at 1.6178667000000002 (qty: 0.39853979217102725)
🔴 CLOSE_SHORT: FILUSDT at 1.6191326 (PnL: -0.0008594203463549217)
🟢 OPEN_SHORT: FILUSDT at 1.5998793 (qty: 0.4015028852498397)
🔴 CLOSE_SHORT: FILUSDT at 1.5971172 (PnL: 0.0007563051792133981)
🟢 OPEN_SHORT: FILUSDT at 1.6078737 (qty: 0.4000078946433563)
🔴 CLOSE_SHORT: FILUSDT at 1.611127 (PnL: -0.001655800619243379)
🟢 OPEN_SHORT: FILUSDT at 1.5888870000000002 (qty: 0.40225836951273997)
🔴 CLOSE_SHORT: FILUSDT at 1.5921136999999999 (PnL: -0.0016502096644791275)
🟢 OPEN_SHORT: FILUSDT at 1.5898863 (qty: 0.39948744588066987)
🔴 CLOSE_SHORT: FILUSDT at 1.5931144 (PnL: -0.0016396214855057723)
🟢 OPEN_SHORT: FILUSDT at 1.6018779 (qty: 0.3940136265552532)
🔴 CLOSE_SHORT: FILUSDT at 1.6081249 (PnL: -0.002809895843182166)
🟢 OPEN_SHORT: FILUSDT at 1.4579787000000002 (qty: 0.42857117946826145)
🔴 CLOSE_SHORT: FILUSDT at 1.4590206 (PnL: -0.0007904401105636259)
🟢 OPEN_SHORT: FILUSDT at 1.4569794 (qty: 0.4273083328846406)
🔴 CLOSE_SHORT: FILUSDT at 1.4620227 (PnL: -0.002498648080654124)
🟢 OPEN_SHORT: FILUSDT at 1.4579787000000002 (qty: 0.4231181874725956)
🔴 CLOSE_SHORT: FILUSDT at 1.4620227 (PnL: -0.0020513245673163404)
🟢 OPEN_SHORT: FILUSDT at 1.4859591000000003 (qty: 0.41193332222105367)
🔴 CLOSE_SHORT: FILUSDT at 1.4870401999999998 (PnL: -0.000782249890077219)
🟢 OPEN_SHORT: FILUSDT at 1.4779647000000002 (qty: 0.41264736653847384)
🔴 CLOSE_SHORT: FILUSDT at 1.4800353 (PnL: -0.0011903306050653794)
🟢 OPEN_SHORT: FILUSDT at 1.4769654 (qty: 0.4108604805612102)
🔴 CLOSE_SHORT: FILUSDT at 1.4750317999999998 (PnL: 0.0004611220744081978)
🟢 OPEN_SHORT: FILUSDT at 1.4649738 (qty: 0.4143974784939367)
🔴 CLOSE_SHORT: FILUSDT at 1.4650248 (PnL: -0.00035504069208120456)
🟢 OPEN_SHORT: FILUSDT at 1.5319269 (qty: 0.39538673666599916)
🔴 CLOSE_SHORT: FILUSDT at 1.5340730999999999 (PnL: -0.0011821827004813695)
🟢 OPEN_SHORT: FILUSDT at 1.5319269 (qty: 0.39340841815971483)
🔴 CLOSE_SHORT: FILUSDT at 1.5330724 (PnL: -0.0007823673162965366)
🟢 OPEN_SHORT: FILUSDT at 1.5369234 (qty: 0.3906800193167772)
🔴 CLOSE_SHORT: FILUSDT at 1.5400772999999999 (PnL: -0.0015630882990454453)
🟢 OPEN_SHORT: FILUSDT at 1.5489150000000003 (qty: 0.3852106779341368)
🔴 CLOSE_SHORT: FILUSDT at 1.5530864 (PnL: -0.0019359138277032066)
🟢 OPEN_SHORT: FILUSDT at 1.5708996000000002 (qty: 0.37693716714932807)
🔴 CLOSE_SHORT: FILUSDT at 1.5741010999999998 (PnL: -0.0015330998058207888)
🟢 OPEN_SHORT: FILUSDT at 1.5579087 (qty: 0.37769408566674056)
🔴 CLOSE_SHORT: FILUSDT at 1.5831074 (PnL: -0.00984626162256589)
🟢 OPEN_SHORT: FILUSDT at 1.5599073 (qty: 0.3641710789874726)
🔴 CLOSE_SHORT: FILUSDT at 1.571099 (PnL: -0.004390375314618443)
🟢 OPEN_SHORT: FILUSDT at 1.5708996000000002 (qty: 0.355635391017463)
🔴 CLOSE_SHORT: FILUSDT at 1.5700982999999997 (PnL: -2.213974874854186e-05)
🟢 OPEN_SHORT: FILUSDT at 1.5918849000000002 (qty: 0.3505333078759897)
🔴 CLOSE_SHORT: FILUSDT at 1.6031214 (PnL: -0.004247838609946346)
🟢 OPEN_SHORT: FILUSDT at 1.5978807000000002 (qty: 0.3435170053604222)
🔴 CLOSE_SHORT: FILUSDT at 1.5921136999999999 (PnL: 0.0016802575981841416)
🟢 OPEN_SHORT: FILUSDT at 1.5848898000000002 (qty: 0.3480720988117261)
🔴 CLOSE_SHORT: FILUSDT at 1.5991186 (PnL: -0.005258782991615165)
🟢 OPEN_SHORT: FILUSDT at 1.5988800000000003 (qty: 0.33806885543448606)
🔴 CLOSE_SHORT: FILUSDT at 1.5941150999999998 (PnL: 0.0013144579222516498)
🟢 OPEN_SHORT: FILUSDT at 1.5848898000000002 (qty: 0.34233664872905145)
🔴 CLOSE_SHORT: FILUSDT at 1.5841081 (PnL: -3.065948368658752e-05)
🟢 OPEN_SHORT: FILUSDT at 1.5838905 (qty: 0.34213711195342766)
🔴 CLOSE_SHORT: FILUSDT at 1.5841081 (PnL: -0.00037253922925682096)
🟢 OPEN_SHORT: FILUSDT at 1.5429192000000003 (qty: 0.3503531127025352)
🔴 CLOSE_SHORT: FILUSDT at 1.5460814999999999 (PnL: -0.001405842604608336)
🟢 OPEN_LONG: FILUSDT at 1.5600912999999998 (qty: 0.3443133334314992)
🔴 CLOSE_LONG: FILUSDT at 1.5529122000000002 (PnL: -0.002765938458897603)
🟢 OPEN_SHORT: FILUSDT at 1.5459171 (qty: 0.3435096764135226)
🔴 CLOSE_SHORT: FILUSDT at 1.5460814999999999 (PnL: -0.00034857466647799246)
🟢 OPEN_SHORT: FILUSDT at 1.5419199000000001 (qty: 0.3435692037044933)
🔴 CLOSE_SHORT: FILUSDT at 1.5440800999999997 (PnL: -0.0010339522975694381)
🟢 OPEN_SHORT: FILUSDT at 1.5459171 (qty: 0.3409662496213633)
🔴 CLOSE_SHORT: FILUSDT at 1.5480828999999998 (PnL: -0.0010287789147136516)
🟢 OPEN_SHORT: FILUSDT at 1.5389220000000001 (qty: 0.3408023160834087)
🔴 CLOSE_SHORT: FILUSDT at 1.5430793999999999 (PnL: -0.0017060883172664084)
🟢 OPEN_SHORT: FILUSDT at 1.5129402 (qty: 0.3440182832322907)
🔴 CLOSE_SHORT: FILUSDT at 1.5150598 (PnL: -0.0010158457024037667)
🟢 OPEN_SHORT: FILUSDT at 1.5309276 (qty: 0.33827522074398236)
🔴 CLOSE_SHORT: FILUSDT at 1.5370751999999999 (PnL: -0.0023655556959646966)
🟢 OPEN_SHORT: FILUSDT at 1.4559801 (qty: 0.3520474614193597)
🔴 CLOSE_SHORT: FILUSDT at 1.4580199 (PnL: -0.0010004171242748335)
🟢 OPEN_SHORT: FILUSDT at 1.4629752 (qty: 0.34861112637156605)
🔴 CLOSE_SHORT: FILUSDT at 1.4670261999999998 (PnL: -0.001693505583730375)
🟢 OPEN_LONG: FILUSDT at 1.471029 (qty: 0.3440186500624049)
🔴 CLOSE_LONG: FILUSDT at 1.4739675 (PnL: 0.000732009032936216)
🟢 OPEN_LONG: FILUSDT at 1.4770332 (qty: 0.3432345063717307)
🔴 CLOSE_LONG: FILUSDT at 1.4839605000000002 (PnL: 0.0020975478486580383)
🟢 OPEN_SHORT: FILUSDT at 1.4789640000000002 (qty: 0.3452458554478335)
🔴 CLOSE_SHORT: FILUSDT at 1.4820366999999999 (PnL: -0.0013422538055975776)
🟢 OPEN_SHORT: FILUSDT at 1.4729682000000002 (qty: 0.3444473661650422)
🔴 CLOSE_SHORT: FILUSDT at 1.4760325 (PnL: -0.0013351185929889589)
🟢 OPEN_SHORT: FILUSDT at 1.4739675 (qty: 0.34202360888571787)
🔴 CLOSE_SHORT: FILUSDT at 1.4770332 (PnL: -0.001326390901790301)
🟢 OPEN_SHORT: FILUSDT at 1.4769654 (qty: 0.3391578144447899)
🔴 CLOSE_SHORT: FILUSDT at 1.4800353 (PnL: -0.0013172616202710352)
🟢 OPEN_SHORT: FILUSDT at 1.4799633000000003 (qty: 0.336318351300502)
🔴 CLOSE_SHORT: FILUSDT at 1.4800353 (PnL: -0.0002979845888729101)
🟢 OPEN_SHORT: FILUSDT at 1.4939535000000002 (qty: 0.33240347518497365)
🔴 CLOSE_SHORT: FILUSDT at 1.5010499999999998 (PnL: -0.0026333260916845606)
🟢 OPEN_SHORT: FILUSDT at 1.4869584 (qty: 0.33005794117220105)
🔴 CLOSE_SHORT: FILUSDT at 1.4880408999999999 (PnL: -0.0006274145650275824)
🟢 OPEN_SHORT: FILUSDT at 1.4769654 (qty: 0.33107596041974313)
🔴 CLOSE_SHORT: FILUSDT at 1.4770332 (PnL: -0.00029140255201042127)
🟢 OPEN_SHORT: FILUSDT at 1.4779647000000002 (qty: 0.3300938423600788)
🔴 CLOSE_SHORT: FILUSDT at 1.4780339 (PnL: -0.00029118193294544025)
🟢 OPEN_SHORT: FILUSDT at 1.4559801 (qty: 0.3343095342294211)
🔴 CLOSE_SHORT: FILUSDT at 1.4560184999999999 (PnL: -0.00028055596272476475)
🟢 OPEN_SHORT: FILUSDT at 1.4449878 (qty: 0.3360938371388841)
🔴 CLOSE_SHORT: FILUSDT at 1.4530163999999999 (PnL: -0.0029669554023691383)
🟢 OPEN_SHORT: FILUSDT at 1.4549808 (qty: 0.3293399932647799)
🔴 CLOSE_SHORT: FILUSDT at 1.451015 (PnL: 0.0010432640466095685)
🟢 OPEN_SHORT: FILUSDT at 1.4999493 (qty: 0.3205060286117966)
🔴 CLOSE_SHORT: FILUSDT at 1.5030514 (PnL: -0.0012591971206140236)
🟢 OPEN_SHORT: FILUSDT at 1.5029472000000001 (qty: 0.3178392307781854)
🔴 CLOSE_SHORT: FILUSDT at 1.5060534999999997 (PnL: -0.0012505795898390746)
🟢 OPEN_SHORT: FILUSDT at 1.5029472000000001 (qty: 0.3158254379318224)
🔴 CLOSE_SHORT: FILUSDT at 1.5050527999999999 (PnL: -0.0009264357199279365)
🟢 OPEN_SHORT: FILUSDT at 1.5059451 (qty: 0.3136196335013533)
🔴 CLOSE_SHORT: FILUSDT at 1.5040520999999998 (PnL: 0.00033424681861518975)
🟢 OPEN_SHORT: FILUSDT at 1.5019479 (qty: 0.3145534679511977)
🔴 CLOSE_SHORT: FILUSDT at 1.5050527999999999 (PnL: -0.0012370378303709414)
🟢 OPEN_SHORT: FILUSDT at 1.5029472000000001 (qty: 0.31235239518300395)
🔴 CLOSE_SHORT: FILUSDT at 1.5090556 (PnL: -0.0021672197928541753)
🟢 OPEN_SHORT: FILUSDT at 1.4869584 (qty: 0.31244877065447957)
🔴 CLOSE_SHORT: FILUSDT at 1.4780339 (PnL: 0.002534453622433548)
🟢 OPEN_SHORT: FILUSDT at 1.4779647000000002 (qty: 0.31743395033907745)
🔴 CLOSE_SHORT: FILUSDT at 1.4740311 (PnL: 0.0009913090538062842)
🟢 OPEN_SHORT: FILUSDT at 1.4799633000000003 (qty: 0.3179962094329133)
🔴 CLOSE_SHORT: FILUSDT at 1.4810359999999998 (PnL: -0.0006001446425770477)
🟢 OPEN_SHORT: FILUSDT at 1.5259311 (qty: 0.3072909027302855)
🔴 CLOSE_SHORT: FILUSDT at 1.5310709999999998 (PnL: -0.0018382108152971408)
🟢 OPEN_SHORT: FILUSDT at 1.4959521000000002 (qty: 0.3106466633342617)
🔴 CLOSE_SHORT: FILUSDT at 1.4950458 (PnL: 2.6102026863872524e-05)
🟢 OPEN_SHORT: FILUSDT at 1.4959521000000002 (qty: 0.31033984887978655)
🔴 CLOSE_SHORT: FILUSDT at 1.4830374 (PnL: 0.003754810964898377)
🟢 OPEN_SHORT: FILUSDT at 1.488957 (qty: 0.31649838892035487)
🔴 CLOSE_SHORT: FILUSDT at 1.4980479 (PnL: -0.0031380265646175597)
🟢 OPEN_SHORT: FILUSDT at 1.4819619000000002 (qty: 0.3134075584545119)
🔴 CLOSE_SHORT: FILUSDT at 1.4850387999999999 (PnL: -0.0012203060280936186)
🟢 OPEN_SHORT: FILUSDT at 1.3870284 (qty: 0.3327304220148211)
🔴 CLOSE_SHORT: FILUSDT at 1.3929743999999997 (PnL: -0.002233331817282368)
🟢 OPEN_SHORT: FILUSDT at 1.3760361 (qty: 0.3317734353369128)
🔴 CLOSE_SHORT: FILUSDT at 1.3799652999999998 (PnL: -0.0015554138876504161)
🟢 OPEN_SHORT: FILUSDT at 1.3780347000000002 (qty: 0.32867039619747046)
🔴 CLOSE_SHORT: FILUSDT at 1.3799652999999998 (PnL: -0.000883985624938097)
🟢 OPEN_SHORT: FILUSDT at 1.3710396000000002 (qty: 0.3286943925186987)
🔴 CLOSE_SHORT: FILUSDT at 1.3699583 (PnL: 0.00010775356047361547)
🟢 OPEN_SHORT: FILUSDT at 1.3900263000000002 (qty: 0.32400309061112104)
🔴 CLOSE_SHORT: FILUSDT at 1.3849687999999998 (PnL: 0.0013918418363858816)
🟢 OPEN_LONG: FILUSDT at 1.3909729999999998 (qty: 0.32542766164732284)
🔴 CLOSE_LONG: FILUSDT at 1.3930242 (PnL: 0.0004181864851577618)
🟢 OPEN_SHORT: FILUSDT at 1.3950228 (qty: 0.3247255432491761)
🔴 CLOSE_SHORT: FILUSDT at 1.3899723 (PnL: 0.0013917786255596425)
🟢 OPEN_SHORT: FILUSDT at 1.3190760000000001 (qty: 0.3451543310134326)
🔴 CLOSE_SHORT: FILUSDT at 1.3219246999999998 (PnL: -0.0012341885622711114)
🟢 OPEN_SHORT: FILUSDT at 1.3340655000000001 (qty: 0.3390505218353734)
🔴 CLOSE_SHORT: FILUSDT at 1.3379359 (PnL: -0.0015617564655040755)
🟢 OPEN_SHORT: FILUSDT at 1.3440585 (qty: 0.3338355762358724)
🔴 CLOSE_SHORT: FILUSDT at 1.3399372999999999 (PnL: 0.0011297778694173387)
🟢 OPEN_SHORT: FILUSDT at 1.3420599 (qty: 0.3356486067297245)
🔴 CLOSE_SHORT: FILUSDT at 1.3439401 (PnL: -0.0008791869025244912)
🟢 OPEN_SHORT: FILUSDT at 1.3430592000000001 (qty: 0.33372069912379565)
🔴 CLOSE_SHORT: FILUSDT at 1.3449408 (PnL: -0.0008747878887021742)
🟢 OPEN_SHORT: FILUSDT at 1.3430592000000001 (qty: 0.3320509267875413)
🔴 CLOSE_SHORT: FILUSDT at 1.3449408 (PnL: -0.0008704108853563211)
🟢 OPEN_SHORT: FILUSDT at 1.3430592000000001 (qty: 0.3303895091612652)
🔴 CLOSE_SHORT: FILUSDT at 1.3459415 (PnL: -0.00119685840560507)
🟢 OPEN_SHORT: FILUSDT at 1.3470564000000003 (qty: 0.327269776614004)
🔴 CLOSE_SHORT: FILUSDT at 1.3489436 (PnL: -0.0008604311812761219)
🟢 OPEN_SHORT: FILUSDT at 1.3330662000000002 (qty: 0.3290497117248067)
🔴 CLOSE_SHORT: FILUSDT at 1.3349338 (PnL: -0.0008561260117511012)
🟢 OPEN_SHORT: FILUSDT at 1.3350648000000003 (qty: 0.32691318596885816)
🔴 CLOSE_SHORT: FILUSDT at 1.340938 (PnL: -0.002161130196403886)
🟢 OPEN_SHORT: FILUSDT at 1.3110816 (qty: 0.3292304091020002)
🔴 CLOSE_SHORT: FILUSDT at 1.3129184 (PnL: -0.0008424693795107935)
🟢 OPEN_LONG: FILUSDT at 1.3109169999999999 (qty: 0.3276242355926356)
🔴 CLOSE_LONG: FILUSDT at 1.3020879 (PnL: -0.0031272546925724333)
🟢 OPEN_SHORT: FILUSDT at 1.3020879 (qty: 0.32467948874050423)
🔴 CLOSE_SHORT: FILUSDT at 1.3029114 (PnL: -0.0005000392929521577)
🟢 OPEN_SHORT: FILUSDT at 1.3020879 (qty: 0.323554283642647)
🔴 CLOSE_SHORT: FILUSDT at 1.3049127999999999 (PnL: -0.0011462240652831141)
🟢 OPEN_SHORT: FILUSDT at 1.3300683 (qty: 0.3146757530152354)
🔴 CLOSE_SHORT: FILUSDT at 1.3349338 (PnL: -0.001762094090602887)
🟢 OPEN_SHORT: FILUSDT at 1.3330662000000002 (qty: 0.31097905071386345)
🔴 CLOSE_SHORT: FILUSDT at 1.3359344999999998 (PnL: -0.0011204774146066957)
🟢 OPEN_SHORT: FILUSDT at 1.2481257000000001 (qty: 0.3299817441127687)
🔴 CLOSE_SHORT: FILUSDT at 1.2428693999999998 (PnL: 0.0015089147248060386)
🟢 OPEN_SHORT: FILUSDT at 1.2411306000000002 (qty: 0.33390803533704444)
🔴 CLOSE_SHORT: FILUSDT at 1.2358645 (PnL: 0.0015314273069627115)
🟢 OPEN_SHORT: FILUSDT at 1.2391320000000001 (qty: 0.33655047971349383)
🔴 CLOSE_SHORT: FILUSDT at 1.2418687 (PnL: -0.0011509110265312513)
🟢 OPEN_SHORT: FILUSDT at 1.2501243 (qty: 0.33138297804414385)
🔴 CLOSE_SHORT: FILUSDT at 1.2568792 (PnL: -0.0024675384831761476)
🟢 OPEN_SHORT: FILUSDT at 1.2561201 (qty: 0.3255095906738474)
🔴 CLOSE_SHORT: FILUSDT at 1.2578798999999998 (PnL: -0.0007980303619190164)
🟢 OPEN_SHORT: FILUSDT at 1.2641145 (qty: 0.32183264396604166)
🔴 CLOSE_SHORT: FILUSDT at 1.2668861999999999 (PnL: -0.0011162724737231705)
🟢 OPEN_SHORT: FILUSDT at 1.2701103 (qty: 0.3182032696060898)
🔴 CLOSE_SHORT: FILUSDT at 1.2728903999999999 (PnL: -0.0011074077477534515)
🟢 OPEN_SHORT: FILUSDT at 1.2731082 (qty: 0.3153650774927237)
🔴 CLOSE_SHORT: FILUSDT at 1.2798952999999997 (PnL: -0.0023624131717076644)
🟢 OPEN_SHORT: FILUSDT at 1.3110816 (qty: 0.3022904116368053)
🔴 CLOSE_SHORT: FILUSDT at 1.3149198 (PnL: -0.0013788692641306189)
🟢 OPEN_SHORT: FILUSDT at 1.3000893 (qty: 0.30238976498688847)
🔴 CLOSE_SHORT: FILUSDT at 1.2758924999999999 (PnL: 0.0071046654071618386)
🟢 OPEN_SHORT: FILUSDT at 1.2761061 (qty: 0.3188689260521656)
🔴 CLOSE_SHORT: FILUSDT at 1.2768932 (PnL: -0.00047492059154765926)
🟢 OPEN_SHORT: FILUSDT at 1.2781047 (qty: 0.31727693264309276)
🔴 CLOSE_SHORT: FILUSDT at 1.280896 (PnL: -0.00110913441673979)
🟢 OPEN_SHORT: FILUSDT at 1.2781047 (qty: 0.3151923355939046)
🔴 CLOSE_SHORT: FILUSDT at 1.2879009 (PnL: -0.003310952228921419)
🟢 OPEN_SHORT: FILUSDT at 1.2481257000000001 (qty: 0.31710249006380437)
🔴 CLOSE_SHORT: FILUSDT at 1.2438701 (PnL: 0.0011325224884012818)
🟢 OPEN_SHORT: FILUSDT at 1.2331362000000001 (qty: 0.3224408222022073)
🔴 CLOSE_SHORT: FILUSDT at 1.2428693999999998 (PnL: -0.003358794517832696)
🟢 OPEN_SHORT: FILUSDT at 1.1981607 (qty: 0.3258815669587591)
🔴 CLOSE_SHORT: FILUSDT at 1.2028413999999998 (PnL: -0.0017409449625929625)
🟢 OPEN_SHORT: FILUSDT at 1.2141495000000002 (qty: 0.31836861286373297)
🔴 CLOSE_SHORT: FILUSDT at 1.2148497999999999 (PnL: -0.0004356770647034429)
🟢 OPEN_SHORT: FILUSDT at 1.2171474 (qty: 0.3165192122116443)
🔴 CLOSE_SHORT: FILUSDT at 1.2128484 (PnL: 0.0011495766922427913)
🟢 OPEN_SHORT: FILUSDT at 1.2211446000000001 (qty: 0.31701889685146684)
🔴 CLOSE_SHORT: FILUSDT at 1.2098463 (PnL: 0.003370825325634787)
🟢 OPEN_SHORT: FILUSDT at 1.1751768 (qty: 0.33479364648281457)
🔴 CLOSE_SHORT: FILUSDT at 1.1748218 (PnL: -9.747583641279274e-05)
🟢 OPEN_SHORT: FILUSDT at 1.1851698 (qty: 0.33144110536940224)
🔴 CLOSE_SHORT: FILUSDT at 1.1848287999999998 (PnL: -0.0001029641149990115)
🟢 OPEN_SHORT: FILUSDT at 1.1871684 (qty: 0.3303456905903335)
🔴 CLOSE_SHORT: FILUSDT at 1.1868302 (PnL: -0.00010391242056018233)
🟢 OPEN_SHORT: FILUSDT at 1.1931642 (qty: 0.32814992818462074)
🔴 CLOSE_SHORT: FILUSDT at 1.1938351 (PnL: -0.0004356220831001756)
🟢 OPEN_SHORT: FILUSDT at 1.2511236000000001 (qty: 0.3119074821664819)
🔴 CLOSE_SHORT: FILUSDT at 1.2528764 (PnL: -0.0007616412726057331)
🟢 OPEN_SHORT: FILUSDT at 1.3120809 (qty: 0.29592860555831324)
🔴 CLOSE_SHORT: FILUSDT at 1.3139191 (PnL: -0.0007578303986309508)
🟢 OPEN_SHORT: FILUSDT at 1.3090830000000002 (qty: 0.2951222342824762)
🔴 CLOSE_SHORT: FILUSDT at 1.3089156 (PnL: -0.00016305609097858956)
🟢 OPEN_SHORT: FILUSDT at 1.2960921 (qty: 0.2975007826908693)
🔴 CLOSE_SHORT: FILUSDT at 1.2989085999999999 (PnL: -0.001050445433277913)
🟢 OPEN_SHORT: FILUSDT at 1.3000893 (qty: 0.2946438956672309)
🔴 CLOSE_SHORT: FILUSDT at 1.2989085999999999 (PnL: 0.0001373925281035245)
🟢 OPEN_SHORT: FILUSDT at 1.3090830000000002 (qty: 0.2925076495606582)
🔴 CLOSE_SHORT: FILUSDT at 1.3109169999999999 (PnL: -0.0007473583170356606)
🟢 OPEN_SHORT: FILUSDT at 1.3320669 (qty: 0.28602232087982554)
🔴 CLOSE_SHORT: FILUSDT at 1.3349338 (PnL: -0.0010299988667636503)
🟢 OPEN_SHORT: FILUSDT at 1.2631152 (qty: 0.29967319498548817)
🔴 CLOSE_SHORT: FILUSDT at 1.2638840999999998 (PnL: -0.0004387324221103607)
🟢 OPEN_LONG: FILUSDT at 1.2648848 (qty: 0.2982310553736848)
🔴 CLOSE_LONG: FILUSDT at 1.2601173 (PnL: -0.0016285099182444876)
🟢 OPEN_SHORT: FILUSDT at 1.2781047 (qty: 0.2922733624811242)
🔴 CLOSE_SHORT: FILUSDT at 1.280896 (PnL: -0.0010217271161932868)
🟢 OPEN_SHORT: FILUSDT at 1.3170774 (qty: 0.28176141545321803)
🔴 CLOSE_SHORT: FILUSDT at 1.3199233 (PnL: -0.001006411713751995)
🟢 OPEN_SHORT: FILUSDT at 1.3170774 (qty: 0.2799232279790134)
🔴 CLOSE_SHORT: FILUSDT at 1.3189226 (PnL: -0.0007195727296724333)
🟢 OPEN_SHORT: FILUSDT at 1.2960921 (qty: 0.2830322499719172)
🔴 CLOSE_SHORT: FILUSDT at 1.2969072 (PnL: -0.00043258619650349484)
🟢 OPEN_SHORT: FILUSDT at 1.2970914000000002 (qty: 0.2818360921915439)
🔴 CLOSE_SHORT: FILUSDT at 1.2979078999999998 (PnL: -0.000431307679082563)
🟢 OPEN_SHORT: FILUSDT at 1.2940935 (qty: 0.28151167759096507)
🔴 CLOSE_SHORT: FILUSDT at 1.2869001999999998 (PnL: 0.001825745361608358)
🟢 OPEN_SHORT: FILUSDT at 1.2870984 (qty: 0.28556728078631755)
🔴 CLOSE_SHORT: FILUSDT at 1.2818967 (PnL: 0.0012840980592888698)
🟢 OPEN_SHORT: FILUSDT at 1.2811026 (qty: 0.2885928713295773)
🔴 CLOSE_SHORT: FILUSDT at 1.280896 (PnL: -0.00014368831276630658)
🟢 OPEN_SHORT: FILUSDT at 1.279104 (qty: 0.2885011792556936)
🔴 CLOSE_SHORT: FILUSDT at 1.2818967 (PnL: -0.001009103033606028)
🟢 OPEN_SHORT: FILUSDT at 1.2731082 (qty: 0.28795579276752253)
🔴 CLOSE_SHORT: FILUSDT at 1.2738910999999997 (PnL: -0.00042719396703760155)
🟢 OPEN_SHORT: FILUSDT at 1.28150232 (qty: 0.28508823480448153)
🔴 CLOSE_SHORT: FILUSDT at 1.30050972 (PnL: -0.005622704125454183)
🟢 OPEN_LONG: FILUSDT at 1.33503387 (qty: 0.2649325673647515)
🔴 CLOSE_LONG: FILUSDT at 1.33416543 (PnL: -0.0004244831687647663)
🟢 OPEN_SHORT: FILUSDT at 1.3114813200000002 (qty: 0.2687464286679288)
🔴 CLOSE_SHORT: FILUSDT at 1.31061679 (PnL: 3.8616380060708813e-05)
🟢 OPEN_SHORT: FILUSDT at 1.2827014800000003 (qty: 0.27453422152573437)
🔴 CLOSE_SHORT: FILUSDT at 1.28670006 (PnL: -0.0012920308071283713)
🟢 OPEN_SHORT: FILUSDT at 1.28719833 (qty: 0.2712666902309959)
🔴 CLOSE_SHORT: FILUSDT at 1.29360489 (PnL: -0.001930887881303558)
🟢 OPEN_SHORT: FILUSDT at 1.27160925 (qty: 0.27125326703438196)
🔴 CLOSE_SHORT: FILUSDT at 1.2768932 (PnL: -0.0016237874990309951)
🟢 OPEN_SHORT: FILUSDT at 1.27730526 (qty: 0.2672040726394403)
🔴 CLOSE_SHORT: FILUSDT at 1.2797952299999997 (PnL: -0.0008534116984302165)
🟢 OPEN_SHORT: FILUSDT at 1.2703101600000002 (qty: 0.26703629040855204)
🔴 CLOSE_SHORT: FILUSDT at 1.27249012 (PnL: -0.0007690190043134757)
🟢 OPEN_SHORT: FILUSDT at 1.2726085500000002 (qty: 0.2650522299115436)
🔴 CLOSE_SHORT: FILUSDT at 1.27459159 (PnL: -0.0007114175127395409)
🟢 OPEN_SHORT: FILUSDT at 1.2711096000000002 (qty: 0.26395352568270597)
🔴 CLOSE_SHORT: FILUSDT at 1.27439145 (PnL: -0.001051264942241806)
🟢 OPEN_LONG: FILUSDT at 1.28429838 (qty: 0.2593184500615508)
🔴 CLOSE_LONG: FILUSDT at 1.27740519 (PnL: -0.001969721450464039)
🟢 OPEN_SHORT: FILUSDT at 1.2795037200000001 (qty: 0.25692498645129275)
🔴 CLOSE_SHORT: FILUSDT at 1.28209684 (PnL: -0.0008474088131519552)
🟢 OPEN_SHORT: FILUSDT at 1.2638147100000001 (qty: 0.25848729690411354)
🔴 CLOSE_SHORT: FILUSDT at 1.2655852899999998 (PnL: -0.0006375981844899301)
🟢 OPEN_SHORT: FILUSDT at 1.2652137300000001 (qty: 0.2569095608483382)
🔴 CLOSE_SHORT: FILUSDT at 1.26628578 (PnL: -0.00045434640271399264)
🟢 OPEN_LONG: FILUSDT at 1.2749918699999998 (qty: 0.2539461376283361)
🔴 CLOSE_LONG: FILUSDT at 1.2728084100000001 (PnL: -0.0007322548624790889)
🟢 OPEN_SHORT: FILUSDT at 1.2690110700000001 (qty: 0.2537082627514741)
🔴 CLOSE_SHORT: FILUSDT at 1.27128928 (PnL: -0.0007553958283588491)
🟢 OPEN_SHORT: FILUSDT at 1.2698105100000001 (qty: 0.25207985392402493)
🔴 CLOSE_SHORT: FILUSDT at 1.2748918 (PnL: -0.0014576468372377001)
🟢 OPEN_SHORT: FILUSDT at 1.2681117 (qty: 0.24984096525949012)
🔴 CLOSE_SHORT: FILUSDT at 1.2250569399999998 (PnL: 0.010588504622802643)
🟢 OPEN_SHORT: FILUSDT at 1.2188462100000002 (qty: 0.27702818352625413)
🔴 CLOSE_SHORT: FILUSDT at 1.22715841 (PnL: -0.002489690272978562)
🟢 OPEN_SHORT: FILUSDT at 1.2365338200000002 (qty: 0.2687382628818766)
🔴 CLOSE_SHORT: FILUSDT at 1.24016751 (PnL: -0.0011598157927271608)
🟢 OPEN_SHORT: FILUSDT at 1.2435289200000001 (qty: 0.26506724495814554)
🔴 CLOSE_SHORT: FILUSDT at 1.2432696799999998 (PnL: -0.00011253650526664103)
🟢 OPEN_SHORT: FILUSDT at 1.22664075 (qty: 0.2682375676629898)
🔴 CLOSE_SHORT: FILUSDT at 1.22705834 (PnL: -0.00029304205535655173)
🟢 OPEN_SHORT: FILUSDT at 1.22574138 (qty: 0.2676609586447187)
🔴 CLOSE_SHORT: FILUSDT at 1.22855939 (PnL: -0.0009351318193140381)
🟢 OPEN_SHORT: FILUSDT at 1.23143739 (qty: 0.26461106378990884)
🔴 CLOSE_SHORT: FILUSDT at 1.2321619099999999 (PnL: -0.0003710400285086153)
🟢 OPEN_SHORT: FILUSDT at 1.23103767 (qty: 0.26380300819553304)
🔴 CLOSE_SHORT: FILUSDT at 1.23296247 (PnL: -0.0006866605948927262)
🟢 OPEN_SHORT: FILUSDT at 1.2448280100000002 (qty: 0.259490379537352)
🔴 CLOSE_SHORT: FILUSDT at 1.2388666 (PnL: 0.0013701178631512557)
🟢 OPEN_SHORT: FILUSDT at 1.24103067 (qty: 0.2622060948081792)
🔴 CLOSE_SHORT: FILUSDT at 1.2396671599999998 (PnL: 0.00017874407564491142)
🟢 OPEN_SHORT: FILUSDT at 1.24003137 (qty: 0.262417028436226)
🔴 CLOSE_SHORT: FILUSDT at 1.24126828 (PnL: -0.0005037377100843632)
🟢 OPEN_SHORT: FILUSDT at 1.2321369000000002 (qty: 0.2629901969342229)
🔴 CLOSE_SHORT: FILUSDT at 1.2298603 (PnL: 0.00042083082096630906)
🟢 OPEN_SHORT: FILUSDT at 1.23563445 (qty: 0.26263847184276157)
🔴 CLOSE_SHORT: FILUSDT at 1.23616471 (PnL: -0.00031783210178850757)
🟢 OPEN_SHORT: FILUSDT at 1.24752612 (qty: 0.2593392608425868)
🔴 CLOSE_SHORT: FILUSDT at 1.2493739499999998 (PnL: -0.0006574213105526388)
🟢 OPEN_SHORT: FILUSDT at 1.2451278000000001 (qty: 0.25849697795638904)
🔴 CLOSE_SHORT: FILUSDT at 1.2476727599999997 (PnL: -0.0008352502698859664)
🟢 OPEN_SHORT: FILUSDT at 1.24752612 (qty: 0.25637717707978713)
🔴 CLOSE_SHORT: FILUSDT at 1.24857339 (PnL: -0.00044455427284815867)
🟢 OPEN_SHORT: FILUSDT at 1.35145332 (qty: 0.23574347021155712)
🔴 CLOSE_SHORT: FILUSDT at 1.3480429699999998 (PnL: 0.000629181963377886)
🟢 OPEN_SHORT: FILUSDT at 1.3475560500000001 (qty: 0.23709900859964095)
🔴 CLOSE_SHORT: FILUSDT at 1.3502445099999998 (PnL: -0.000813509099738172)
🟢 OPEN_SHORT: FILUSDT at 1.35365178 (qty: 0.23456972860785388)
🔴 CLOSE_SHORT: FILUSDT at 1.35314654 (PnL: -5.605995947810176e-05)
🟢 OPEN_SHORT: FILUSDT at 1.32367278 (qty: 0.23953377090782924)
🔴 CLOSE_SHORT: FILUSDT at 1.3195230199999999 (PnL: 0.0008201689825333694)
🟢 OPEN_SHORT: FILUSDT at 1.31228076 (qty: 0.24259739938641695)
🔴 CLOSE_SHORT: FILUSDT at 1.3169212 (PnL: -0.0013014735880829587)
🟢 OPEN_SHORT: FILUSDT at 1.31857635 (qty: 0.23919946764937708)
🔴 CLOSE_SHORT: FILUSDT at 1.3203235799999997 (PnL: -0.0005916378694644446)
🟢 OPEN_SHORT: FILUSDT at 1.33966158 (qty: 0.23429241152012317)
🔴 CLOSE_SHORT: FILUSDT at 1.34153842 (PnL: -0.0006126011190002085)
🟢 OPEN_SHORT: FILUSDT at 1.34675661 (qty: 0.2318919972961099)
🔴 CLOSE_SHORT: FILUSDT at 1.3549478 (PnL: -0.0020722822626976097)
🟢 OPEN_SHORT: FILUSDT at 1.3360641 (qty: 0.2303886343110814)
🔴 CLOSE_SHORT: FILUSDT at 1.3687574599999999 (PnL: -0.00770561895049239)
🟢 OPEN_SHORT: FILUSDT at 1.34635689 (qty: 0.21692922005872697)
🔴 CLOSE_SHORT: FILUSDT at 1.36535508 (PnL: -0.004284164516161704)
🟢 OPEN_SHORT: FILUSDT at 1.3362639600000001 (qty: 0.2119151297554981)
🔴 CLOSE_SHORT: FILUSDT at 1.34343975 (PnL: -0.001677240833865131)
🟢 OPEN_SHORT: FILUSDT at 1.34076081 (qty: 0.2084701273434033)
🔴 CLOSE_SHORT: FILUSDT at 1.3423389799999998 (PnL: -0.0004829119688237629)
🟢 OPEN_SHORT: FILUSDT at 1.34765598 (qty: 0.2064586938764759)
🔴 CLOSE_SHORT: FILUSDT at 1.35174556 (PnL: -0.000997823137827329)
🟢 OPEN_SHORT: FILUSDT at 1.34395857 (qty: 0.20531405839928352)
🔴 CLOSE_SHORT: FILUSDT at 1.3524460499999997 (PnL: -0.00189532086739305)
🟢 OPEN_SHORT: FILUSDT at 1.34186004 (qty: 0.2025840337605183)
🔴 CLOSE_SHORT: FILUSDT at 1.3486433899999999 (PnL: -0.0015244658953372453)
🟢 OPEN_SHORT: FILUSDT at 1.3354645200000002 (qty: 0.20104724646145508)
🔴 CLOSE_SHORT: FILUSDT at 1.33483373 (PnL: -2.0781962649741052e-05)
🟢 OPEN_SHORT: FILUSDT at 1.33486494 (qty: 0.2008851621773271)
🔴 CLOSE_SHORT: FILUSDT at 1.3269282 (PnL: 0.0014477651993992332)
🟢 OPEN_SHORT: FILUSDT at 1.3197755100000002 (qty: 0.20515240530533305)
🔴 CLOSE_SHORT: FILUSDT at 1.3013102799999998 (PnL: 0.003641354535321457)
🟢 OPEN_SHORT: FILUSDT at 1.3006888800000003 (qty: 0.21353300012670154)
🔴 CLOSE_SHORT: FILUSDT at 1.3098162299999998 (PnL: -0.00210281937276995)
🟢 OPEN_SHORT: FILUSDT at 1.29988944 (qty: 0.21019391159424158)
🔴 CLOSE_SHORT: FILUSDT at 1.30461259 (PnL: -0.001143599266420301)
🟢 OPEN_SHORT: FILUSDT at 1.32457215 (qty: 0.20432340795491602)
🔴 CLOSE_SHORT: FILUSDT at 1.3298302299999998 (PnL: -0.0012237923194268162)
🟢 OPEN_SHORT: FILUSDT at 1.32597117 (qty: 0.2020374288574982)
🔴 CLOSE_SHORT: FILUSDT at 1.32942995 (PnL: -0.000846530053102998)
🟢 OPEN_SHORT: AAVEUSDT at 171.509859 (qty: 0.001550395190012043)
🔴 CLOSE_SHORT: AAVEUSDT at 171.49996599999997 (PnL: -0.00013090293769065455)
🟢 OPEN_SHORT: AAVEUSDT at 179.30439900000002 (qty: 0.0014799065565111154)
🔴 CLOSE_SHORT: AAVEUSDT at 179.895839 (PnL: -0.001021701901176743)
🟢 OPEN_SHORT: AAVEUSDT at 176.78616300000002 (qty: 0.0014877774272286876)
🔴 CLOSE_SHORT: AAVEUSDT at 179.92586 (PnL: -0.004818399623133095)
🟢 OPEN_SHORT: AAVEUSDT at 174.80754900000002 (qty: 0.0014478341733541087)
🔴 CLOSE_SHORT: AAVEUSDT at 173.96168799999998 (PnL: 0.0010861392395001195)
🟢 OPEN_SHORT: AAVEUSDT at 167.842428 (qty: 0.0015192000207715584)
🔴 CLOSE_SHORT: AAVEUSDT at 167.447131 (PnL: 0.00046062308391959784)
🟢 OPEN_SHORT: AAVEUSDT at 168.48198000000002 (qty: 0.0015172363325126625)
🔴 CLOSE_SHORT: AAVEUSDT at 169.24839099999997 (PnL: -0.0013040610092617635)
🟢 OPEN_SHORT: AAVEUSDT at 170.03089500000002 (qty: 0.0014864220395450999)
🔴 CLOSE_SHORT: AAVEUSDT at 170.139014 (PnL: -0.00029980457360139834)
🟢 OPEN_SHORT: AAVEUSDT at 171.30999900000003 (qty: 0.0014702005172953841)
🔴 CLOSE_SHORT: AAVEUSDT at 171.770155 (PnL: -0.0008154167031418085)
🟢 OPEN_SHORT: AAVEUSDT at 172.519152 (qty: 0.0014488372264160135)
🔴 CLOSE_SHORT: AAVEUSDT at 172.580722 (PnL: -0.00022672766405790342)
🟢 OPEN_LONG: AAVEUSDT at 171.810183 (qty: 0.0014505762267452622)
🔴 CLOSE_LONG: AAVEUSDT at 171.220062 (PnL: -0.0009926177568165924)
🟢 OPEN_SHORT: AAVEUSDT at 171.33997800000003 (qty: 0.0014413704740597595)
🔴 CLOSE_SHORT: AAVEUSDT at 172.110393 (PnL: -0.0012468945950846497)
🟢 OPEN_SHORT: AAVEUSDT at 177.435708 (qty: 0.0013762671451748088)
🔴 CLOSE_SHORT: AAVEUSDT at 177.87442499999997 (PnL: -0.0007384332930315115)
🟢 OPEN_SHORT: AAVEUSDT at 177.39573600000003 (qty: 0.0013667377545441067)
🔴 CLOSE_SHORT: AAVEUSDT at 178.02453 (PnL: -0.0009932185651430506)
🟢 OPEN_SHORT: AAVEUSDT at 177.885393 (qty: 0.0013503093756617674)
🔴 CLOSE_SHORT: AAVEUSDT at 178.004516 (PnL: -0.0002930515455326735)
🟢 OPEN_LONG: AAVEUSDT at 175.372675 (qty: 0.0013648077759249283)
🔴 CLOSE_LONG: AAVEUSDT at 174.42781500000004 (PnL: -0.001420485516197635)
🟢 OPEN_LONG: AAVEUSDT at 176.273305 (qty: 0.0013402241167644834)
🔴 CLOSE_LONG: AAVEUSDT at 175.99671600000002 (PnL: -0.0005004225220217376)
🟢 OPEN_LONG: AAVEUSDT at 176.173235 (qty: 0.001333829279747219)
🔴 CLOSE_LONG: AAVEUSDT at 176.49636600000002 (PnL: 0.00030152277758714255)
🟢 OPEN_SHORT: AAVEUSDT at 178.71481200000002 (qty: 0.0013167883431222974)
🔴 CLOSE_SHORT: AAVEUSDT at 178.745034 (PnL: -0.0001692491347450259)
🟢 OPEN_SHORT: AAVEUSDT at 177.08595300000002 (qty: 0.0013255270471741007)
🔴 CLOSE_SHORT: AAVEUSDT at 177.35406099999997 (PnL: -0.0004846825881936106)
🟢 OPEN_SHORT: AAVEUSDT at 177.25583400000002 (qty: 0.0013173312521679908)
🔴 CLOSE_SHORT: AAVEUSDT at 176.173235 (PnL: 0.0012984983167222662)
🟢 OPEN_SHORT: AAVEUSDT at 162.65606100000002 (qty: 0.0014499600557523016)
🔴 CLOSE_SHORT: AAVEUSDT at 163.234184 (PnL: -0.0009684309329049807)
🟢 OPEN_SHORT: AAVEUSDT at 164.10504600000002 (qty: 0.0014237740144797113)
🔴 CLOSE_SHORT: AAVEUSDT at 164.204863 (PnL: -0.0002707016901481137)
🟢 OPEN_SHORT: AAVEUSDT at 163.65536100000003 (qty: 0.0014228075511033766)
🔴 CLOSE_SHORT: AAVEUSDT at 163.684499 (PnL: -0.0001695481140706693)
🟢 OPEN_SHORT: AAVEUSDT at 158.25914100000003 (qty: 0.0014675604241366227)
🔴 CLOSE_SHORT: AAVEUSDT at 158.56091499999997 (PnL: -0.0005708553274512038)
🟢 OPEN_SHORT: AAVEUSDT at 154.781577 (qty: 0.001491506066624813)
🔴 CLOSE_SHORT: AAVEUSDT at 155.538801 (PnL: -0.0012569970757017963)
🟢 OPEN_SHORT: AAVEUSDT at 154.261941 (qty: 0.0014785871488460192)
🔴 CLOSE_SHORT: AAVEUSDT at 157.159935 (PnL: -0.004412742748945307)
🟢 OPEN_SHORT: AAVEUSDT at 154.64167500000002 (qty: 0.0014162633670702614)
🔴 CLOSE_SHORT: AAVEUSDT at 154.227884 (PnL: 0.00046590201866393663)
🟢 OPEN_SHORT: AAVEUSDT at 156.44041500000003 (qty: 0.0014043955884990088)
🔴 CLOSE_SHORT: AAVEUSDT at 157.440131 (PnL: -0.0015256062641378527)
🟢 OPEN_SHORT: AAVEUSDT at 158.38905000000003 (qty: 0.001366327669173604)
🔴 CLOSE_SHORT: AAVEUSDT at 157.77036199999998 (PnL: 0.0007267692269488703)
🟢 OPEN_SHORT: AAVEUSDT at 162.91587900000002 (qty: 0.0013358233023274527)
🔴 CLOSE_SHORT: AAVEUSDT at 163.334254 (PnL: -0.0006788772105200157)
🟢 OPEN_SHORT: AAVEUSDT at 163.34557800000002 (qty: 0.0013225315689665228)
🔴 CLOSE_SHORT: AAVEUSDT at 163.62445699999998 (PnL: -0.000487845461832391)
🟢 OPEN_SHORT: AAVEUSDT at 171.19008300000002 (qty: 0.0012548411462625854)
🔴 CLOSE_SHORT: AAVEUSDT at 170.30913299999997 (PnL: 0.0009879113085800874)
🟢 OPEN_SHORT: AAVEUSDT at 169.791063 (qty: 0.0012754256954130038)
🔴 CLOSE_SHORT: AAVEUSDT at 170.17904199999998 (PnL: -0.0006142162835237702)
🟢 OPEN_SHORT: AAVEUSDT at 178.884693 (qty: 0.0012023904167226735)
🔴 CLOSE_SHORT: AAVEUSDT at 179.32544 (PnL: -0.0006485405237910705)
🟢 OPEN_SHORT: AAVEUSDT at 176.916072 (qty: 0.001207100965645326)
🔴 CLOSE_SHORT: AAVEUSDT at 178.004516 (PnL: -0.0014320399861848946)
🟢 OPEN_SHORT: AAVEUSDT at 175.92676500000002 (qty: 0.0011962737464053547)
🔴 CLOSE_SHORT: AAVEUSDT at 177.42410999999998 (PnL: -0.0019079708054360715)
🟢 OPEN_SHORT: AAVEUSDT at 177.31579200000002 (qty: 0.0011640763865035093)
🔴 CLOSE_SHORT: AAVEUSDT at 178.02453 (PnL: -0.0009390039533929659)
🟢 OPEN_SHORT: AAVEUSDT at 177.165897 (qty: 0.0011531794320185484)
🔴 CLOSE_SHORT: AAVEUSDT at 177.784362 (PnL: -0.0008259606156994527)
🟢 OPEN_SHORT: AAVEUSDT at 176.47638 (qty: 0.0011470510261418296)
🔴 CLOSE_SHORT: AAVEUSDT at 176.753641 (PnL: -0.0004295425094649337)
🟢 OPEN_SHORT: AAVEUSDT at 175.56701700000002 (qty: 0.001146830771726442)
🔴 CLOSE_SHORT: AAVEUSDT at 175.94307399999997 (PnL: -0.0005422510517575072)
🟢 OPEN_SHORT: AAVEUSDT at 186.049674 (qty: 0.0010751949786751518)
🔴 CLOSE_SHORT: AAVEUSDT at 186.400389 (PnL: -0.00048731622619777623)
🟢 OPEN_SHORT: AAVEUSDT at 185.679933 (qty: 0.0010709019330255663)
🔴 CLOSE_SHORT: AAVEUSDT at 186.02012299999998 (PnL: -0.0004738752487122388)
🟢 OPEN_SHORT: AAVEUSDT at 185.689926 (qty: 0.0010645624317672546)
🔴 CLOSE_SHORT: AAVEUSDT at 185.81998299999998 (PnL: -0.0002472531313237032)
🟢 OPEN_SHORT: AAVEUSDT at 186.46938 (qty: 0.001056294425087379)
🔴 CLOSE_SHORT: AAVEUSDT at 186.71060599999998 (PnL: -0.00036327743370847783)
🟢 OPEN_SHORT: AAVEUSDT at 185.82982800000002 (qty: 0.0010548540595586384)
🔴 CLOSE_SHORT: AAVEUSDT at 186.01011599999998 (PnL: -0.0002980949679795328)
🟢 OPEN_SHORT: AAVEUSDT at 185.679933 (qty: 0.001051333494576539)
🔴 CLOSE_SHORT: AAVEUSDT at 186.590522 (PnL: -0.0010652255915449592)
🟢 OPEN_SHORT: AAVEUSDT at 183.561417 (qty: 0.001050691109910202)
🔴 CLOSE_SHORT: AAVEUSDT at 182.57771499999998 (PnL: 0.0009280589160908887)
🟢 OPEN_SHORT: AAVEUSDT at 182.91187200000002 (qty: 0.0010634100000504183)
🔴 CLOSE_SHORT: AAVEUSDT at 183.37827499999997 (PnL: -0.0006032310745383172)
🟢 OPEN_SHORT: AAVEUSDT at 186.509352 (qty: 0.001035282618527742)
🔴 CLOSE_SHORT: AAVEUSDT at 186.50045899999998 (PnL: -9.698760762598304e-05)
🟢 OPEN_SHORT: AAVEUSDT at 183.601389 (qty: 0.0010494665496450489)
🔴 CLOSE_SHORT: AAVEUSDT at 183.838597 (PnL: -0.00035505471325503017)
🟢 OPEN_SHORT: AAVEUSDT at 183.691326 (qty: 0.0010439330974697939)
🔴 CLOSE_SHORT: AAVEUSDT at 184.29891899999998 (PnL: -0.0007401041002455462)
🟢 OPEN_SHORT: AAVEUSDT at 185.72989800000002 (qty: 0.0010233694799563146)
🔴 CLOSE_SHORT: AAVEUSDT at 186.08016499999997 (PnL: -0.000463188376563232)
🟢 OPEN_SHORT: AAVEUSDT at 185.390136 (qty: 0.0010191203216735874)
🔴 CLOSE_SHORT: AAVEUSDT at 184.79926899999998 (PnL: 0.0004985815873487614)
🟢 OPEN_SHORT: AAVEUSDT at 185.70991200000003 (qty: 0.001021615851444634)
🔴 CLOSE_SHORT: AAVEUSDT at 186.30031899999997 (PnL: -0.0007078491974645885)
🟢 OPEN_SHORT: AAVEUSDT at 185.689926 (qty: 0.0010129779192534292)
🔴 CLOSE_SHORT: AAVEUSDT at 186.33033999999998 (PnL: -0.0007525369272395707)
🟢 OPEN_SHORT: AAVEUSDT at 184.460787 (qty: 0.0010104467961365245)
🔴 CLOSE_SHORT: AAVEUSDT at 184.659171 (PnL: -0.00030308002444752105)
🟢 OPEN_SHORT: AAVEUSDT at 184.560717 (qty: 0.001005504462771009)
🔴 CLOSE_SHORT: AAVEUSDT at 184.81928299999998 (PnL: -0.00036219940454527294)
🟢 OPEN_SHORT: AAVEUSDT at 183.931158 (qty: 0.001003897836056517)
🔴 CLOSE_SHORT: AAVEUSDT at 184.008716 (PnL: -0.00017945958186321929)
🟢 OPEN_SHORT: AAVEUSDT at 183.24164100000002 (qty: 0.0010046082234943204)
🔴 CLOSE_SHORT: AAVEUSDT at 182.84790399999997 (PnL: 0.0002945216486901226)
🟢 OPEN_SHORT: AAVEUSDT at 183.321585 (qty: 0.0010062787099904113)
🔴 CLOSE_SHORT: AAVEUSDT at 183.488352 (PnL: -0.00026936631381081847)
🟢 OPEN_SHORT: AAVEUSDT at 182.95184400000002 (qty: 0.0010042585609068757)
🔴 CLOSE_SHORT: AAVEUSDT at 182.87792499999998 (PnL: -2.6777408416452735e-05)
🟢 OPEN_SHORT: AAVEUSDT at 183.23164800000004 (qty: 0.0010013297304554056)
🔴 CLOSE_SHORT: AAVEUSDT at 183.488352 (PnL: -0.0003580981352542075)
🟢 OPEN_SHORT: AAVEUSDT at 182.412222 (qty: 0.0010007952077128878)
🔴 CLOSE_SHORT: AAVEUSDT at 182.51767299999997 (PnL: -0.0002059994023022106)
🟢 OPEN_SHORT: AAVEUSDT at 182.09244600000002 (qty: 0.000999187334744717)
🔴 CLOSE_SHORT: AAVEUSDT at 182.287512 (PnL: -0.0002950841319391708)
🟢 OPEN_LONG: AAVEUSDT at 182.74783399999998 (qty: 0.0009912793747237194)
🔴 CLOSE_LONG: AAVEUSDT at 182.78196300000002 (PnL: -6.582202071639662e-05)
🟢 OPEN_SHORT: AAVEUSDT at 182.08245300000002 (qty: 0.0009930844077749687)
🔴 CLOSE_SHORT: AAVEUSDT at 185.689892 (PnL: -0.0036839145779339363)
🟢 OPEN_SHORT: AAVEUSDT at 185.120325 (qty: 0.0009359129543357698)
🔴 CLOSE_SHORT: AAVEUSDT at 186.060151 (PnL: -0.0009753701863051659)
🟢 OPEN_SHORT: AAVEUSDT at 182.25233400000002 (qty: 0.0009388916124631401)
🔴 CLOSE_SHORT: AAVEUSDT at 178.484852 (PnL: 0.003445089388133895)
🟢 OPEN_SHORT: AAVEUSDT at 178.87470000000002 (qty: 0.0009940877039300692)
🔴 CLOSE_SHORT: AAVEUSDT at 179.375475 (PnL: -0.00059588749468182)
🟢 OPEN_SHORT: AAVEUSDT at 179.814042 (qty: 0.0009811790225538659)
🔴 CLOSE_SHORT: AAVEUSDT at 180.81648299999998 (PnL: -0.0010811514175762588)
🟢 OPEN_SHORT: AAVEUSDT at 179.84402100000003 (qty: 0.0009679131362020679)
🔴 CLOSE_SHORT: AAVEUSDT at 179.29541899999998 (PnL: 0.00043555076712574594)
🟢 OPEN_SHORT: AAVEUSDT at 179.913972 (qty: 0.0009713142856860447)
🔴 CLOSE_SHORT: AAVEUSDT at 180.22607 (PnL: -0.0003994261319782644)
🟢 OPEN_SHORT: AAVEUSDT at 171.669747 (qty: 0.0010121872587244105)
🔴 CLOSE_SHORT: AAVEUSDT at 171.359868 (PnL: 0.0002182590242707934)
🟢 OPEN_SHORT: AAVEUSDT at 167.272827 (qty: 0.0010402604754608635)
🔴 CLOSE_SHORT: AAVEUSDT at 166.666585 (PnL: 0.0005352924276388079)
🟢 OPEN_SHORT: AAVEUSDT at 166.63327500000003 (qty: 0.0010495291973369506)
🔴 CLOSE_SHORT: AAVEUSDT at 166.78666899999996 (PnL: -0.0002572675950593762)
🟢 OPEN_SHORT: AAVEUSDT at 165.554031 (qty: 0.0010521010934138111)
🔴 CLOSE_SHORT: AAVEUSDT at 165.825997 (PnL: -0.0003820918679894465)
🟢 OPEN_SHORT: AAVEUSDT at 166.813149 (qty: 0.00103843010459233)
🔴 CLOSE_SHORT: AAVEUSDT at 166.92676699999998 (PnL: -0.00021332233068683257)
🟢 OPEN_SHORT: AAVEUSDT at 164.824542 (qty: 0.001047214224485658)
🔴 CLOSE_SHORT: AAVEUSDT at 164.985409 (PnL: -0.00026348849757589155)
🟢 OPEN_SHORT: AAVEUSDT at 164.74459800000002 (qty: 0.0010433711499672998)
🔴 CLOSE_SHORT: AAVEUSDT at 164.054758 (PnL: 0.0006256156532618389)
🟢 OPEN_SHORT: AAVEUSDT at 170.160804 (qty: 0.0010164027741427063)
🔴 CLOSE_SHORT: AAVEUSDT at 169.698706 (PnL: 0.00037481245957506743)
🟢 OPEN_SHORT: AAVEUSDT at 169.65116100000003 (qty: 0.0010227533370699533)
🔴 CLOSE_SHORT: AAVEUSDT at 169.928867 (PnL: -0.0003796121619081356)
🟢 OPEN_SHORT: AAVEUSDT at 168.94165800000002 (qty: 0.001021424830023698)
🔴 CLOSE_SHORT: AAVEUSDT at 168.698006 (PnL: 0.0001541004200278226)
🟢 OPEN_SHORT: AAVEUSDT at 186.409422 (qty: 0.000926345814332766)
🔴 CLOSE_SHORT: AAVEUSDT at 187.19094199999998 (PnL: -0.0008193297308988066)
🟢 OPEN_SHORT: AAVEUSDT at 190.82632800000002 (qty: 0.0008953218489509917)
🔴 CLOSE_SHORT: AAVEUSDT at 190.95357399999997 (PnL: -0.00020795682280719328)
🟢 OPEN_SHORT: AAVEUSDT at 193.234641 (qty: 0.0008810383594159934)
🔴 CLOSE_SHORT: AAVEUSDT at 193.445317 (PnL: -0.0002793516470078172)
🟢 OPEN_SHORT: AAVEUSDT at 193.314585 (qty: 0.0008768151453795723)
🔴 CLOSE_SHORT: AAVEUSDT at 193.985695 (PnL: -0.0006819886896653239)
🟢 OPEN_SHORT: AAVEUSDT at 190.26672000000002 (qty: 0.0008827120544249121)
🔴 CLOSE_SHORT: AAVEUSDT at 194.73621999999997 (PnL: -0.004039824332107032)
🟢 OPEN_SHORT: AAVEUSDT at 192.76497000000003 (qty: 0.0008283991268519695)
🔴 CLOSE_SHORT: AAVEUSDT at 193.19514199999998 (PnL: -0.0004443775870157807)
🟢 OPEN_SHORT: AAVEUSDT at 192.834921 (qty: 0.0008225788247943691)
🔴 CLOSE_SHORT: AAVEUSDT at 192.73481999999998 (PnL: -4.855807012144346e-06)
🟢 OPEN_SHORT: AAVEUSDT at 197.011995 (qty: 0.0008042034545485686)
🔴 CLOSE_SHORT: AAVEUSDT at 198.08856499999996 (PnL: -0.0009533982426170725)
🟢 OPEN_SHORT: AAVEUSDT at 196.82212800000002 (qty: 0.0007944058453712493)
🔴 CLOSE_SHORT: AAVEUSDT at 197.48814499999997 (PnL: -0.0006153749531453255)
🟢 OPEN_SHORT: AAVEUSDT at 194.35385700000003 (qty: 0.0007972772403556476)
🔴 CLOSE_SHORT: AAVEUSDT at 195.096472 (PnL: -0.0006776203250862927)
🟢 OPEN_SHORT: AAVEUSDT at 193.47447300000002 (qty: 0.0007930152977536565)
🔴 CLOSE_SHORT: AAVEUSDT at 193.64545699999996 (PnL: -0.0002200530230288933)
🟢 OPEN_SHORT: AAVEUSDT at 193.40452200000001 (qty: 0.0007901539123747794)
🔴 CLOSE_SHORT: AAVEUSDT at 193.995702 (PnL: -0.0005514307445232618)
🟢 OPEN_SHORT: AAVEUSDT at 193.36455 (qty: 0.0007837443676543843)
🔴 CLOSE_SHORT: AAVEUSDT at 193.375268 (PnL: -9.175639955877885e-05)
🟢 OPEN_SHORT: AAVEUSDT at 193.104732 (qty: 0.0007829852711881985)
🔴 CLOSE_SHORT: AAVEUSDT at 188.94216699999998 (PnL: 0.0031778606717364666)
🟢 OPEN_SHORT: AAVEUSDT at 189.76707000000002 (qty: 0.0008293723685525118)
🔴 CLOSE_SHORT: AAVEUSDT at 190.683385 (PnL: -0.0008469474837537524)
🟢 OPEN_SHORT: AAVEUSDT at 191.176083 (qty: 0.000813493720503269)
🔴 CLOSE_SHORT: AAVEUSDT at 191.283805 (PnL: -0.00017321566637085894)
🟢 OPEN_SHORT: AAVEUSDT at 189.46728000000002 (qty: 0.0008180992470089597)
🔴 CLOSE_SHORT: AAVEUSDT at 189.97288799999998 (PnL: -0.0004991166962253835)
🟢 OPEN_SHORT: AAVEUSDT at 189.66714000000002 (qty: 0.0008110751412467834)
🔴 CLOSE_SHORT: AAVEUSDT at 190.30311899999998 (PnL: -0.000600719328272404)
🟢 OPEN_SHORT: AAVEUSDT at 188.64785400000002 (qty: 0.0008081917856124982)
🔴 CLOSE_SHORT: AAVEUSDT at 188.26169099999998 (PnL: 0.00022841041079106546)
🟢 OPEN_SHORT: AAVEUSDT at 185.17029000000002 (qty: 0.000824931239170365)
🔴 CLOSE_SHORT: AAVEUSDT at 186.070158 (PnL: -0.0008267515216360939)
🟢 OPEN_SHORT: AAVEUSDT at 183.161697 (qty: 0.0008240326890588765)
🔴 CLOSE_SHORT: AAVEUSDT at 184.088772 (PnL: -0.0008473724464084482)
🟢 OPEN_SHORT: AAVEUSDT at 183.97113000000002 (qty: 0.0008102926609756495)
🔴 CLOSE_SHORT: AAVEUSDT at 184.338947 (PnL: -0.0003801920884194029)
🟢 OPEN_SHORT: AAVEUSDT at 183.14171100000002 (qty: 0.000808915096307264)
🔴 CLOSE_SHORT: AAVEUSDT at 183.09807899999998 (PnL: -4.61663566322746e-05)
🟢 OPEN_SHORT: AAVEUSDT at 183.321585 (qty: 0.0008067287950510963)
🔴 CLOSE_SHORT: AAVEUSDT at 183.118093 (PnL: 8.291320477767732e-05)
🟢 OPEN_SHORT: AAVEUSDT at 183.501459 (qty: 0.0008059551608358004)
🔴 CLOSE_SHORT: AAVEUSDT at 183.92866 (PnL: -0.00042583588967814935)
🟢 OPEN_SHORT: AAVEUSDT at 182.901879 (qty: 0.0008030513058857223)
🔴 CLOSE_SHORT: AAVEUSDT at 183.508366 (PnL: -0.000568091825479194)
🟢 OPEN_SHORT: AAVEUSDT at 183.44150100000002 (qty: 0.0007936145353328976)
🔴 CLOSE_SHORT: AAVEUSDT at 184.57911499999997 (PnL: -0.0009833935737187497)
🟢 OPEN_SHORT: AAVEUSDT at 187.038981 (qty: 0.0007669786995028213)
🔴 CLOSE_SHORT: AAVEUSDT at 187.39108199999998 (PnL: -0.0003491026996775572)
🟢 OPEN_SHORT: AAVEUSDT at 187.94834400000002 (qty: 0.0007587133015575495)
🔴 CLOSE_SHORT: AAVEUSDT at 188.51186599999997 (PnL: -0.0005062161902498738)
🟢 OPEN_SHORT: AAVEUSDT at 188.80774200000002 (qty: 0.0007490668333852321)
🔴 CLOSE_SHORT: AAVEUSDT at 189.12229299999998 (PnL: -0.00031353560193516793)
🟢 OPEN_SHORT: AAVEUSDT at 189.507252 (qty: 0.0007421719863022671)
🔴 CLOSE_SHORT: AAVEUSDT at 189.63264999999998 (PnL: -0.00017047390502336864)
🟢 OPEN_SHORT: AAVEUSDT at 185.69991900000002 (qty: 0.0007547193068752965)
🔴 CLOSE_SHORT: AAVEUSDT at 187.27099799999996 (PnL: -0.0012634590247209117)
🟢 OPEN_SHORT: AAVEUSDT at 186.76917000000003 (qty: 0.000736043479014594)
🔴 CLOSE_SHORT: AAVEUSDT at 186.990802 (PnL: -0.00023882913658723629)
🟢 OPEN_SHORT: AAVEUSDT at 191.705712 (qty: 0.0007138094775896253)
🔴 CLOSE_SHORT: AAVEUSDT at 192.064351 (PnL: -0.0003314034619612483)
🟢 OPEN_SHORT: AAVEUSDT at 191.086146 (qty: 0.0007118675245048788)
🔴 CLOSE_SHORT: AAVEUSDT at 192.054344 (PnL: -0.0007644232012290837)
🟢 OPEN_SHORT: AAVEUSDT at 192.22534800000003 (qty: 0.0006989169008753636)
🔴 CLOSE_SHORT: AAVEUSDT at 192.474638 (PnL: -0.00024822107183763807)
🟢 OPEN_SHORT: AAVEUSDT at 191.60578200000003 (qty: 0.0006978146298906052)
🔴 CLOSE_SHORT: AAVEUSDT at 191.884225 (PnL: -0.0002679463896882184)
🟢 OPEN_SHORT: AAVEUSDT at 190.456587 (qty: 0.0006984392155584343)
🔴 CLOSE_SHORT: AAVEUSDT at 190.08296499999997 (PnL: 0.00018793348826430962)
🟢 OPEN_SHORT: AAVEUSDT at 189.817035 (qty: 0.0007020017545559056)
🔴 CLOSE_SHORT: AAVEUSDT at 190.43321 (PnL: -0.0005060823772636262)
🟢 OPEN_SHORT: AAVEUSDT at 188.93765100000002 (qty: 0.0006991361916492606)
🔴 CLOSE_SHORT: AAVEUSDT at 188.471838 (PnL: 0.0002531946111618839)
🟢 OPEN_SHORT: AAVEUSDT at 188.438001 (qty: 0.0007029061857691005)
🔴 CLOSE_SHORT: AAVEUSDT at 188.06155099999998 (PnL: 0.0001919047385060246)
🟢 OPEN_SHORT: AAVEUSDT at 202.538124 (qty: 0.0006551475037543324)
🔴 CLOSE_SHORT: AAVEUSDT at 204.102772 (PnL: -0.0010986198133260204)
🟢 OPEN_SHORT: AAVEUSDT at 199.77006300000002 (qty: 0.0006524958904680559)
🔴 CLOSE_SHORT: AAVEUSDT at 200.26008399999998 (PnL: -0.00039160457375215173)
🟢 OPEN_SHORT: AAVEUSDT at 200.079846 (qty: 0.0006468545159659888)
🔴 CLOSE_SHORT: AAVEUSDT at 200.74041999999997 (PnL: -0.0004987126909973468)
🟢 OPEN_SHORT: AAVEUSDT at 199.53023100000001 (qty: 0.0006429239374245603)
🔴 CLOSE_SHORT: AAVEUSDT at 199.699692 (PnL: -0.00017956597511560476)
🟢 OPEN_SHORT: AAVEUSDT at 198.810735 (qty: 0.000642734502045856)
🔴 CLOSE_SHORT: AAVEUSDT at 199.489545 (PnL: -0.0005068149546866578)
🟢 OPEN_SHORT: AAVEUSDT at 197.32177800000002 (qty: 0.0006417351868863918)
🔴 CLOSE_SHORT: AAVEUSDT at 197.478138 (PnL: -0.00017004248220901582)
🟢 OPEN_SHORT: AAVEUSDT at 197.591589 (qty: 0.0006384328027053652)
🔴 CLOSE_SHORT: AAVEUSDT at 198.108579 (PnL: -0.00039962683310266307)
🟢 OPEN_SHORT: AAVEUSDT at 198.391029 (qty: 0.0006311320379457244)
🔴 CLOSE_SHORT: AAVEUSDT at 198.82908299999997 (PnL: -0.0003454879861464229)
🟢 OPEN_SHORT: AAVEUSDT at 188.45798700000003 (qty: 0.0006599997613406499)
🔴 CLOSE_SHORT: AAVEUSDT at 190.61333599999998 (PnL: -0.0014917224415533614)
🟢 OPEN_SHORT: AAVEUSDT at 188.797749 (qty: 0.0006422849941423105)
🔴 CLOSE_SHORT: AAVEUSDT at 189.472538 (PnL: -0.0005003393012899823)
🟢 OPEN_SHORT: AAVEUSDT at 189.33737100000002 (qty: 0.0006344647848244665)
🔴 CLOSE_SHORT: AAVEUSDT at 189.852804 (PnL: -0.00039327429257741216)
🟢 OPEN_LONG: AAVEUSDT at 202.46162399999997 (qty: 0.0005887990164585659)
🔴 CLOSE_LONG: AAVEUSDT at 201.738684 (PnL: -0.0004909973072550005)
🟢 OPEN_SHORT: AAVEUSDT at 203.727291 (qty: 0.0005796772723086143)
🔴 CLOSE_SHORT: AAVEUSDT at 203.17212099999998 (PnL: 0.00025704358776685254)
🟢 OPEN_SHORT: AAVEUSDT at 203.73728400000002 (qty: 0.0005815345110267717)
🔴 CLOSE_SHORT: AAVEUSDT at 205.02341599999997 (PnL: -0.0008135056493207852)
🟢 OPEN_SHORT: AAVEUSDT at 192.10543200000004 (qty: 0.0006075982392950179)
🔴 CLOSE_SHORT: AAVEUSDT at 193.27519799999996 (PnL: -0.0007753362804894379)
🟢 OPEN_SHORT: AAVEUSDT at 192.94484400000002 (qty: 0.000596252545969885)
🔴 CLOSE_SHORT: AAVEUSDT at 193.19514199999998 (PnL: -0.00021259702215872773)
🟢 OPEN_SHORT: AAVEUSDT at 191.39592900000002 (qty: 0.0005981951276640364)
🔴 CLOSE_SHORT: AAVEUSDT at 191.754134 (PnL: -0.0002773649994724082)
🟢 OPEN_SHORT: AAVEUSDT at 191.905572 (qty: 0.0005930595952690076)
🔴 CLOSE_SHORT: AAVEUSDT at 192.684785 (PnL: -0.0005249702047419761)
🟢 OPEN_SHORT: AAVEUSDT at 194.07405300000002 (qty: 0.000580377985231012)
🔴 CLOSE_SHORT: AAVEUSDT at 194.656164 (PnL: -0.00039998019311210636)
🟢 OPEN_SHORT: AAVEUSDT at 198.21115500000002 (qty: 0.0005636032318205264)
🔴 CLOSE_SHORT: AAVEUSDT at 198.969181 (PnL: -0.0004889027237983267)
🟢 OPEN_SHORT: AAVEUSDT at 197.29179900000003 (qty: 0.0005606505640966236)
🔴 CLOSE_SHORT: AAVEUSDT at 197.45812399999997 (PnL: -0.00015413795980667288)
🟢 OPEN_SHORT: AAVEUSDT at 196.65224700000002 (qty: 0.000560287569697253)
🔴 CLOSE_SHORT: AAVEUSDT at 197.51816599999998 (PnL: -0.0005460304873242139)
🟢 OPEN_SHORT: AAVEUSDT at 196.76217000000003 (qty: 0.0005538084306652239)
🔴 CLOSE_SHORT: AAVEUSDT at 197.20794899999999 (PnL: -0.0003069446520262088)
🟢 OPEN_SHORT: AAVEUSDT at 196.682226 (qty: 0.0005503028721796666)
🔴 CLOSE_SHORT: AAVEUSDT at 196.93776 (PnL: -0.00020022757237229602)
🟢 OPEN_SHORT: AAVEUSDT at 197.15189700000002 (qty: 0.0005463568045530108)
🔴 CLOSE_SHORT: AAVEUSDT at 197.468131 (PnL: -0.0002321150291108244)
🟢 OPEN_SHORT: AAVEUSDT at 194.04407400000002 (qty: 0.0005521042791018708)
🔴 CLOSE_SHORT: AAVEUSDT at 194.04573699999997 (PnL: -5.984156437266622e-05)
🟢 OPEN_SHORT: AAVEUSDT at 193.66434000000004 (qty: 0.0005519603383930481)
🔴 CLOSE_SHORT: AAVEUSDT at 193.905639 (PnL: -0.0001920529998592054)
🟢 OPEN_SHORT: AAVEUSDT at 194.213955 (qty: 0.0005478151356489432)
🔴 CLOSE_SHORT: AAVEUSDT at 194.45602399999999 (PnL: -0.00019119833631231945)
🟢 OPEN_SHORT: AAVEUSDT at 191.92555800000002 (qty: 0.0005517447277767199)
🔴 CLOSE_SHORT: AAVEUSDT at 191.69409199999998 (PnL: 6.953873262576838e-05)
🟢 OPEN_SHORT: AAVEUSDT at 191.545824 (qty: 0.0005529565025188416)
🔴 CLOSE_SHORT: AAVEUSDT at 190.33314 (PnL: 0.0006126762322262664)
🟢 OPEN_SHORT: AAVEUSDT at 188.497959 (qty: 0.000567779904798754)
🔴 CLOSE_SHORT: AAVEUSDT at 189.23236999999997 (PnL: -0.00047607709302603175)
🟢 OPEN_SHORT: AAVEUSDT at 189.89697900000002 (qty: 0.0005579629107274545)
🔴 CLOSE_SHORT: AAVEUSDT at 189.91284599999997 (PnL: -6.713357589077091e-05)
🟢 OPEN_SHORT: AAVEUSDT at 182.642061 (qty: 0.000578753067023003)
🔴 CLOSE_SHORT: AAVEUSDT at 184.19884899999997 (PnL: -0.000959628936545052)
🟢 OPEN_SHORT: AAVEUSDT at 183.12172500000003 (qty: 0.0005661213598757565)
🔴 CLOSE_SHORT: AAVEUSDT at 183.08807199999998 (PnL: -3.795585543979517e-05)
🟢 OPEN_SHORT: AAVEUSDT at 182.342271 (qty: 0.0005674996349965286)
🔴 CLOSE_SHORT: AAVEUSDT at 184.148814 (PnL: -0.0010826899047070443)
🟢 OPEN_SHORT: AAVEUSDT at 186.779163 (qty: 0.0005418161411188183)
🔴 CLOSE_SHORT: AAVEUSDT at 187.1309 (PnL: -0.0002463415821958524)
🟢 OPEN_SHORT: AAVEUSDT at 186.789156 (qty: 0.0005385535454306509)
🔴 CLOSE_SHORT: AAVEUSDT at 187.55119399999998 (PnL: -0.0004659517649160254)
🟢 OPEN_SHORT: AAVEUSDT at 186.61927500000002 (qty: 0.000533457238666979)
🔴 CLOSE_SHORT: AAVEUSDT at 186.570508 (PnL: -2.8724954249819863e-05)
🟢 OPEN_SHORT: AAVEUSDT at 186.289506 (qty: 0.0005335053305235487)
🔴 CLOSE_SHORT: AAVEUSDT at 186.37036799999998 (PnL: -9.782657966559265e-05)
🟢 OPEN_SHORT: AAVEUSDT at 186.47937300000004 (qty: 0.0005313266804224429)
🔴 CLOSE_SHORT: AAVEUSDT at 187.23096999999999 (PnL: -0.0004540579843947444)
🟢 OPEN_SHORT: AAVEUSDT at 187.808442 (qty: 0.0005221509725410205)
🔴 CLOSE_SHORT: AAVEUSDT at 188.341747 (PnL: -0.0003325542789123494)
🟢 OPEN_SHORT: AAVEUSDT at 187.398729 (qty: 0.0005191677756105953)
🔴 CLOSE_SHORT: AAVEUSDT at 187.35105399999998 (PnL: -2.8745322777665368e-05)
🟢 OPEN_SHORT: AAVEUSDT at 184.460787 (qty: 0.0005265448104274403)
🔴 CLOSE_SHORT: AAVEUSDT at 185.619843 (PnL: -0.0006640503625689868)
🟢 OPEN_SHORT: AAVEUSDT at 183.84122100000002 (qty: 0.0005205140028956792)
🔴 CLOSE_SHORT: AAVEUSDT at 183.988702 (PnL: -0.00012943870833212253)
🟢 OPEN_LONG: AAVEUSDT at 184.709206 (qty: 0.0005160965896873129)
🔴 CLOSE_LONG: AAVEUSDT at 183.52144500000003 (PnL: -0.0006650925370080184)
🟢 OPEN_SHORT: AAVEUSDT at 180.093846 (qty: 0.0005213545478728055)
🔴 CLOSE_SHORT: AAVEUSDT at 178.835097 (PnL: 0.0006049744456532347)
🟢 OPEN_SHORT: AAVEUSDT at 179.34437100000002 (qty: 0.0005297038986915842)
🔴 CLOSE_SHORT: AAVEUSDT at 180.02593 (PnL: -0.00041347269983093665)
🟢 OPEN_SHORT: AAVEUSDT at 179.514252 (qty: 0.0005240139249425559)
🔴 CLOSE_SHORT: AAVEUSDT at 179.26539799999998 (PnL: 7.873730063086358e-05)
🟢 OPEN_SHORT: AAVEUSDT at 177.505659 (qty: 0.0005302477010626401)
🔴 CLOSE_SHORT: AAVEUSDT at 177.94447399999999 (PnL: -0.0002845757014822055)
🟢 OPEN_LONG: AAVEUSDT at 182.777855 (qty: 0.0005112724517038588)
🔴 CLOSE_LONG: AAVEUSDT at 182.68203300000002 (PnL: -0.00010036130885893713)
🟢 OPEN_SHORT: AAVEUSDT at 175.287213 (qty: 0.0005313893901379829)
🔴 CLOSE_SHORT: AAVEUSDT at 174.141814 (PnL: 0.000557757464288214)
🟢 OPEN_SHORT: AAVEUSDT at 176.136618 (qty: 0.0005345783339719669)
🔴 CLOSE_SHORT: AAVEUSDT at 171.990309 (PnL: 0.0021659586962884743)
🟢 OPEN_SHORT: AAVEUSDT at 181.43290800000003 (qty: 0.0005422784850733503)
🔴 CLOSE_SHORT: AAVEUSDT at 184.178835 (PnL: -0.0015439890544764973)
🟢 OPEN_SHORT: AAVEUSDT at 183.77127000000002 (qty: 0.0005179860731495046)
🔴 CLOSE_SHORT: AAVEUSDT at 183.95868099999998 (PnL: -0.0001494847070911295)
🟢 OPEN_SHORT: AAVEUSDT at 181.95254400000002 (qty: 0.0005209450604683995)
🔴 CLOSE_SHORT: AAVEUSDT at 182.277505 (PnL: -0.00022151293902019742)
🟢 OPEN_SHORT: AAVEUSDT at 181.43290800000003 (qty: 0.0005194205846685725)
🔴 CLOSE_SHORT: AAVEUSDT at 181.63705699999997 (PnL: -0.00015792950742890576)
🟢 OPEN_SHORT: AAVEUSDT at 181.59279600000002 (qty: 0.0005166530072633167)
🔴 CLOSE_SHORT: AAVEUSDT at 181.046644 (PnL: 0.00023072501203025086)
🟢 OPEN_SHORT: AAVEUSDT at 180.64346100000003 (qty: 0.0005213513466964042)
🔴 CLOSE_SHORT: AAVEUSDT at 181.466938 (PnL: -0.00048135526080244354)
🟢 OPEN_SHORT: AAVEUSDT at 181.283013 (qty: 0.0005136300584314161)
🔴 CLOSE_SHORT: AAVEUSDT at 181.096679 (PnL: 4.4547559508689954e-05)
🟢 OPEN_SHORT: AAVEUSDT at 177.37575 (qty: 0.0005248692452819275)
🔴 CLOSE_SHORT: AAVEUSDT at 177.72431999999998 (PnL: -0.0002342587891665581)
🟢 OPEN_SHORT: AAVEUSDT at 177.535638 (qty: 0.0005211807077959448)
🔴 CLOSE_SHORT: AAVEUSDT at 178.24468399999998 (PnL: -0.0004206348259522605)
🟢 OPEN_SHORT: AAVEUSDT at 177.48567300000002 (qty: 0.0005160140382458973)
🔴 CLOSE_SHORT: AAVEUSDT at 178.554901 (PnL: -0.0006024119176180581)
🟢 OPEN_SHORT: AAVEUSDT at 178.37505000000002 (qty: 0.0005061219683556885)
🔴 CLOSE_SHORT: AAVEUSDT at 178.654971 (PnL: -0.0001914058305725558)
🟢 OPEN_SHORT: AAVEUSDT at 178.23514800000004 (qty: 0.0005038142772257633)
🔴 CLOSE_SHORT: AAVEUSDT at 178.25469099999998 (PnL: -5.924003448934055e-05)
🟢 OPEN_SHORT: AAVEUSDT at 175.97673 (qty: 0.0005090454575634835)
🔴 CLOSE_SHORT: AAVEUSDT at 176.363368 (PnL: -0.000246193651869981)
🟢 OPEN_SHORT: AAVEUSDT at 165.424122 (qty: 0.0005379459083306374)
🔴 CLOSE_SHORT: AAVEUSDT at 165.87603199999998 (PnL: -0.00029218091842116904)
🟢 OPEN_SHORT: AAVEUSDT at 164.70462600000002 (qty: 0.0005361536085800009)
🔴 CLOSE_SHORT: AAVEUSDT at 163.054058 (PnL: 0.0008368758775320142)
🟢 OPEN_SHORT: AAVEUSDT at 164.674647 (qty: 0.0005458253307034263)
🔴 CLOSE_SHORT: AAVEUSDT at 164.705213 (PnL: -6.612884960314402e-05)
🟢 OPEN_SHORT: AAVEUSDT at 160.867314 (qty: 0.0005573068995545975)
🔴 CLOSE_SHORT: AAVEUSDT at 159.641671 (PnL: 0.0006341261277031916)
🟢 OPEN_SHORT: AAVEUSDT at 158.648868 (qty: 0.0005724724020723367)
🔴 CLOSE_SHORT: AAVEUSDT at 158.660985 (PnL: -5.689261745488278e-05)
🟢 OPEN_SHORT: AAVEUSDT at 156.950058 (qty: 0.0005773072667912096)
🔴 CLOSE_SHORT: AAVEUSDT at 157.56021499999997 (PnL: -0.00040227643137567696)
🟢 OPEN_SHORT: AAVEUSDT at 154.8915 (qty: 0.0005791420891013647)
🔴 CLOSE_SHORT: AAVEUSDT at 155.248598 (PnL: -0.00025626153029058497)
🟢 OPEN_SHORT: AAVEUSDT at 155.80086300000002 (qty: 0.0005718388686196153)
🔴 CLOSE_SHORT: AAVEUSDT at 157.80038299999998 (PnL: -0.0011930332704476253)
🟢 OPEN_SHORT: AAVEUSDT at 151.00422300000002 (qty: 0.0005735529687724862)
🔴 CLOSE_SHORT: AAVEUSDT at 151.57602899999998 (PnL: -0.00037577631364712496)
🟢 OPEN_SHORT: AAVEUSDT at 150.114846 (qty: 0.0005713099020139581)
🔴 CLOSE_SHORT: AAVEUSDT at 150.435231 (PnL: -0.00023030894835186625)
🟢 OPEN_SHORT: AAVEUSDT at 150.524559 (qty: 0.0005660680378053163)
🔴 CLOSE_SHORT: AAVEUSDT at 151.155735 (PnL: -0.00040434899650275695)
🟢 OPEN_SHORT: AAVEUSDT at 150.804363 (qty: 0.0005590336660598184)
🔴 CLOSE_SHORT: AAVEUSDT at 151.08568599999998 (PnL: -0.000203723119750497)
🟢 OPEN_SHORT: AAVEUSDT at 150.314706 (qty: 0.000557527182195389)
🔴 CLOSE_SHORT: AAVEUSDT at 149.764762 (PnL: 0.00026068486952275427)
🟢 OPEN_SHORT: AAVEUSDT at 149.91498600000003 (qty: 0.000561876577367843)
🔴 CLOSE_SHORT: AAVEUSDT at 149.99492299999997 (PnL: -9.126797664180814e-05)
🟢 OPEN_SHORT: AAVEUSDT at 147.286827 (qty: 0.000570034183609587)
🔴 CLOSE_SHORT: AAVEUSDT at 147.733341 (PnL: -0.00030084542339612393)
🟢 OPEN_SHORT: AAVEUSDT at 147.606603 (qty: 0.0005640972644008001)
🔴 CLOSE_SHORT: AAVEUSDT at 147.84341799999999 (PnL: -0.00017945563087846866)
🟢 OPEN_SHORT: AAVEUSDT at 148.955658 (qty: 0.0005559639686126068)
🔴 CLOSE_SHORT: AAVEUSDT at 148.85412499999998 (PnL: 1.0932048081507237e-05)
🟢 OPEN_SHORT: AAVEUSDT at 148.206183 (qty: 0.0005583083364916004)
🔴 CLOSE_SHORT: AAVEUSDT at 148.66399199999998 (PnL: -0.00030124877155921214)
🟢 OPEN_LONG: AAVEUSDT at 150.39520299999998 (qty: 0.0005455707967171256)
🔴 CLOSE_LONG: AAVEUSDT at 149.94496500000002 (PnL: -0.00029062978108262565)
🟢 OPEN_LONG: AAVEUSDT at 150.67539899999997 (qty: 0.000540099547419703)
🔴 CLOSE_LONG: AAVEUSDT at 150.344685 (PnL: -0.00022327908470434632)
🟢 OPEN_LONG: AAVEUSDT at 152.63677099999998 (qty: 0.0005296472037624985)
🔴 CLOSE_LONG: AAVEUSDT at 152.403243 (PnL: -0.00016808342552484493)
🟢 OPEN_SHORT: AAVEUSDT at 152.802963 (qty: 0.0005262891669030677)
🔴 CLOSE_SHORT: AAVEUSDT at 152.946988 (PnL: -0.00012007068585538333)
🟢 OPEN_SHORT: AAVEUSDT at 152.343285 (qty: 0.000525720200449737)
🔴 CLOSE_SHORT: AAVEUSDT at 152.576729 (PnL: -0.00016684319417839883)
🟢 OPEN_SHORT: AAVEUSDT at 149.54524500000002 (qty: 0.0005327361428473068)
🔴 CLOSE_SHORT: AAVEUSDT at 149.964902 (PnL: -0.0002675068993985324)
🟢 OPEN_SHORT: AAVEUSDT at 149.825049 (qty: 0.0005275853988271006)
🔴 CLOSE_SHORT: AAVEUSDT at 150.155035 (PnL: -0.00021766657763185962)
🟢 OPEN_SHORT: AAVEUSDT at 152.043495 (qty: 0.0005164523810547556)
🔴 CLOSE_SHORT: AAVEUSDT at 152.496673 (PnL: -0.0002773613555721998)
🟢 OPEN_SHORT: AAVEUSDT at 153.13273200000003 (qty: 0.0005085922894523588)
🔴 CLOSE_SHORT: AAVEUSDT at 153.13712099999998 (PnL: -4.506860899162226e-05)
🟢 OPEN_SHORT: AAVEUSDT at 153.922179 (qty: 0.0005048416005113704)
🔴 CLOSE_SHORT: AAVEUSDT at 154.11780699999997 (PnL: -0.00014155394681907398)
🟢 OPEN_SHORT: AAVEUSDT at 154.50177300000001 (qty: 0.0005005621155933157)
🔴 CLOSE_SHORT: AAVEUSDT at 154.898353 (PnL: -0.0002411578598057631)
🟢 OPEN_LONG: AAVEUSDT at 155.01843699999998 (qty: 0.0004952336548741966)
🔴 CLOSE_LONG: AAVEUSDT at 154.331892 (PnL: -0.0003820368804019343)
🟢 OPEN_SHORT: AAVEUSDT at 153.88220700000002 (qty: 0.0004933762484037571)
🔴 CLOSE_SHORT: AAVEUSDT at 153.33726099999998 (PnL: 0.0002272542836476746)
🟢 OPEN_SHORT: AAVEUSDT at 153.74230500000002 (qty: 0.0004962383030777495)
🔴 CLOSE_SHORT: AAVEUSDT at 154.137821 (PnL: -0.00023833918858332052)
🟢 OPEN_SHORT: AAVEUSDT at 155.01141600000003 (qty: 0.0004885589850020896)
🔴 CLOSE_SHORT: AAVEUSDT at 155.40871 (PnL: -0.00023586103027736059)
🟢 OPEN_SHORT: AAVEUSDT at 156.47039400000003 (qty: 0.0004804563383541406)
🔴 CLOSE_SHORT: AAVEUSDT at 156.70961999999997 (PnL: -0.0001563483196146192)
🟢 OPEN_SHORT: AAVEUSDT at 156.340485 (qty: 0.0004783265256662235)
🔴 CLOSE_SHORT: AAVEUSDT at 157.069872 (PnL: -0.0003902070269644402)
🟢 OPEN_SHORT: AAVEUSDT at 156.450408 (qty: 0.00047247640911221914)
🔴 CLOSE_SHORT: AAVEUSDT at 156.649578 (PnL: -0.00013481040295918316)
🟢 OPEN_SHORT: AAVEUSDT at 155.930772 (qty: 0.00047180036491059184)
🔴 CLOSE_SHORT: AAVEUSDT at 156.50948 (PnL: -0.0003136473219534634)
🟢 OPEN_SHORT: AAVEUSDT at 155.461101 (qty: 0.000468670136794152)
🔴 CLOSE_SHORT: AAVEUSDT at 155.70891999999998 (PnL: -0.00015628223109023152)
🟢 OPEN_SHORT: AAVEUSDT at 155.79087 (qty: 0.000465157329416284)
🔴 CLOSE_SHORT: AAVEUSDT at 156.329354 (PnL: -0.0002904745390221973)
🟢 OPEN_SHORT: AAVEUSDT at 155.930772 (qty: 0.0004605030876590268)
🔴 CLOSE_SHORT: AAVEUSDT at 156.169242 (PnL: -0.00014937020129015454)
🟢 OPEN_SHORT: AAVEUSDT at 157.010016 (qty: 0.0004549319598968187)
🔴 CLOSE_SHORT: AAVEUSDT at 156.519487 (PnL: 0.00018399417501560578)
🟢 OPEN_SHORT: AAVEUSDT at 155.8908 (qty: 0.0004600546721846951)
🔴 CLOSE_SHORT: AAVEUSDT at 156.25930499999998 (PnL: -0.00020907074980907833)
🟢 OPEN_SHORT: AAVEUSDT at 155.261241 (qty: 0.00045871885869450433)
🔴 CLOSE_SHORT: AAVEUSDT at 155.478759 (PnL: -0.00013900618008934876)
🟢 OPEN_SHORT: AAVEUSDT at 154.99143 (qty: 0.00045721820571392095)
🔴 CLOSE_SHORT: AAVEUSDT at 154.948388 (PnL: -1.928528715644845e-05)
🟢 OPEN_SHORT: AAVEUSDT at 155.01141600000003 (qty: 0.00045640755618569774)
🔴 CLOSE_SHORT: AAVEUSDT at 155.20856999999998 (PnL: -0.00012894367560524174)
🟢 OPEN_SHORT: AAVEUSDT at 154.741605 (qty: 0.0004550338675013751)
🔴 CLOSE_SHORT: AAVEUSDT at 155.128514 (PnL: -0.00021488049886792947)
🟢 OPEN_SHORT: AAVEUSDT at 154.951458 (qty: 0.0004511442289926684)
🔴 CLOSE_SHORT: AAVEUSDT at 155.17854899999998 (PnL: -0.00014095514287080523)
🟢 OPEN_SHORT: AAVEUSDT at 153.762291 (qty: 0.0004522997759138598)
🔴 CLOSE_SHORT: AAVEUSDT at 153.74754799999997 (PnL: -3.157873423292258e-05)
🟢 OPEN_SHORT: AAVEUSDT at 153.51246600000002 (qty: 0.0004521260897476321)
🔴 CLOSE_SHORT: AAVEUSDT at 153.83761099999998 (PnL: -0.00018526123608562838)
🟢 OPEN_SHORT: AAVEUSDT at 152.23336200000003 (qty: 0.00045298954126656406)
🔴 CLOSE_SHORT: AAVEUSDT at 152.066372 (PnL: 3.7758261644222815e-05)
🟢 OPEN_SHORT: AAVEUSDT at 151.10415300000003 (qty: 0.00045637250756593126)
🔴 CLOSE_SHORT: AAVEUSDT at 151.355875 (PnL: -0.0001528700634642209)
🟢 OPEN_SHORT: AAVEUSDT at 150.774384 (qty: 0.0004548397645715411)
🔴 CLOSE_SHORT: AAVEUSDT at 151.716127 (PnL: -0.00046629575452441027)
🟢 OPEN_SHORT: AAVEUSDT at 150.154818 (qty: 0.00045000326136105057)
🔴 CLOSE_SHORT: AAVEUSDT at 150.17504899999997 (PnL: -4.627260998436114e-05)
🟢 OPEN_SHORT: AAVEUSDT at 149.41533600000002 (qty: 0.0004511135685263014)
🔴 CLOSE_SHORT: AAVEUSDT at 149.714727 (PnL: -0.00017220543201150254)
🟢 OPEN_SHORT: AAVEUSDT at 149.35537800000003 (qty: 0.000448492259431972)
🔴 CLOSE_SHORT: AAVEUSDT at 149.574629 (PnL: -0.00013522806119535004)
🟢 OPEN_SHORT: AAVEUSDT at 149.57522400000002 (qty: 0.0004455322868920777)
🔴 CLOSE_SHORT: AAVEUSDT at 149.764762 (PnL: -0.00012114406889327671)
🟢 OPEN_SHORT: AAVEUSDT at 150.284727 (qty: 0.0004413289370553039)
🔴 CLOSE_SHORT: AAVEUSDT at 150.38519599999998 (PnL: -8.084301326174195e-05)
🟢 OPEN_SHORT: AAVEUSDT at 150.714426 (qty: 0.0004385137975931264)
🔴 CLOSE_SHORT: AAVEUSDT at 150.955595 (PnL: -0.00014216379522898913)
🟢 OPEN_SHORT: AAVEUSDT at 150.69444000000001 (qty: 0.0004362027445474588)
🔴 CLOSE_SHORT: AAVEUSDT at 150.535301 (PnL: 3.330171726842976e-05)
🟢 OPEN_SHORT: AAVEUSDT at 150.854328 (qty: 0.000435702614309031)
🔴 CLOSE_SHORT: AAVEUSDT at 150.084986 (PnL: 0.0002992384892749447)
🟢 OPEN_SHORT: COMPUSDT at 32.87697 (qty: 0.0020152040069502455)
🔴 CLOSE_SHORT: COMPUSDT at 32.983072 (PnL: -0.00025037436591619544)
🟢 OPEN_SHORT: COMPUSDT at 31.467957000000002 (qty: 0.002087208069043149)
🔴 CLOSE_SHORT: COMPUSDT at 31.572084999999998 (PnL: -0.00025358043262600007)
🟢 OPEN_LONG: COMPUSDT at 31.512042999999995 (qty: 0.0020659011131175216)
🔴 CLOSE_LONG: COMPUSDT at 31.517922000000002 (PnL: -2.36666679345902e-05)
🟢 OPEN_SHORT: COMPUSDT at 31.517922000000002 (qty: 0.00206174190459817)
🔴 CLOSE_SHORT: COMPUSDT at 31.592098999999997 (PnL: -0.00018875794415675138)
🟢 OPEN_SHORT: COMPUSDT at 31.567887000000002 (qty: 0.0020442554372535875)
🔴 CLOSE_SHORT: COMPUSDT at 31.602105999999996 (PnL: -0.00010548390416790674)
🟢 OPEN_SHORT: COMPUSDT at 32.057544 (qty: 0.002004235593559959)
🔴 CLOSE_SHORT: COMPUSDT at 32.162498 (PnL: -0.00024580621528466114)
🟢 OPEN_SHORT: COMPUSDT at 32.167467 (qty: 0.0019799066659039496)
🔴 CLOSE_SHORT: COMPUSDT at 32.232547 (PnL: -0.00016395191488241783)
🟢 OPEN_SHORT: COMPUSDT at 31.877670000000002 (qty: 0.0019854218036703427)
🔴 CLOSE_SHORT: COMPUSDT at 31.952350999999997 (PnL: -0.00018316467761455462)
🟢 OPEN_SHORT: COMPUSDT at 31.038258000000003 (qty: 0.002025070866728546)
🔴 CLOSE_SHORT: COMPUSDT at 31.211833 (PnL: -0.00038626507123042255)
🟢 OPEN_SHORT: COMPUSDT at 31.238118000000004 (qty: 0.001985170865546719)
🔴 CLOSE_SHORT: COMPUSDT at 31.281882 (PnL: -0.00012103395218100718)
🟢 OPEN_LONG: COMPUSDT at 31.552070999999998 (qty: 0.001955583820213424)
🔴 CLOSE_LONG: COMPUSDT at 31.427985000000003 (PnL: -0.0002764636063473434)
🟢 OPEN_SHORT: COMPUSDT at 31.308069 (qty: 0.0019509960623133548)
🔴 CLOSE_SHORT: COMPUSDT at 31.421979999999998 (PnL: -0.0002559572000417218)
🟢 OPEN_LONG: COMPUSDT at 31.391959 (qty: 0.0019273347938011665)
🔴 CLOSE_LONG: COMPUSDT at 31.368027 (PnL: -7.937615570274358e-05)
🟢 OPEN_SHORT: COMPUSDT at 31.787733000000003 (qty: 0.00189625065173931)
🔴 CLOSE_SHORT: COMPUSDT at 31.832266999999995 (PnL: -0.00011764670289934193)
🟢 OPEN_SHORT: COMPUSDT at 30.088923 (qty: 0.0019932887179912205)
🔴 CLOSE_SHORT: COMPUSDT at 30.251161 (PnL: -0.00035655178888954655)
🟢 OPEN_SHORT: COMPUSDT at 29.899056000000005 (qty: 0.001979889722030008)
🔴 CLOSE_SHORT: COMPUSDT at 30.010992999999996 (PnL: -0.00025430306693859203)
🟢 OPEN_SHORT: COMPUSDT at 28.639938 (qty: 0.0020469007657028665)
🔴 CLOSE_SHORT: COMPUSDT at 28.600005999999997 (PnL: 4.953908557677614e-05)
🟢 OPEN_SHORT: COMPUSDT at 29.119602000000004 (qty: 0.0020143717544941608)
🔴 CLOSE_SHORT: COMPUSDT at 29.220439999999996 (PnL: -0.00023549867492410716)
🟢 OPEN_SHORT: COMPUSDT at 28.859784 (qty: 0.0020139507262741598)
🔴 CLOSE_SHORT: COMPUSDT at 28.990278999999997 (PnL: -0.00029492224642095626)
🟢 OPEN_SHORT: COMPUSDT at 28.909749 (qty: 0.001987855517280078)
🔴 CLOSE_SHORT: COMPUSDT at 28.930236999999998 (PnL: -7.235720601819637e-05)
🟢 OPEN_SHORT: COMPUSDT at 28.659924 (qty: 0.001997928340505628)
🔴 CLOSE_SHORT: COMPUSDT at 28.650040999999998 (PnL: -1.1736875089580223e-05)
🟢 OPEN_LONG: COMPUSDT at 28.549971 (qty: 0.002002594472839308)
🔴 CLOSE_LONG: COMPUSDT at 28.470057 (PnL: -0.00019139302303676888)
🟢 OPEN_SHORT: COMPUSDT at 28.649931000000002 (qty: 0.001980051423604204)
🔴 CLOSE_SHORT: COMPUSDT at 28.750110999999997 (PnL: -0.00022967123563453936)
🟢 OPEN_SHORT: COMPUSDT at 28.799826000000003 (qty: 0.0019516296043286425)
🔴 CLOSE_SHORT: COMPUSDT at 28.750110999999997 (PnL: 6.61650035137765e-05)
🟢 OPEN_SHORT: COMPUSDT at 28.87977 (qty: 0.0019486684199984446)
🔴 CLOSE_SHORT: COMPUSDT at 28.990278999999997 (PnL: -0.00024641624107143626)
🟢 OPEN_SHORT: COMPUSDT at 28.829805000000004 (qty: 0.0019328038635128427)
🔴 CLOSE_SHORT: COMPUSDT at 28.860187999999997 (PnL: -8.940397536255675e-05)
🟢 OPEN_SHORT: COMPUSDT at 28.689903000000005 (qty: 0.0019338600044503387)
🔴 CLOSE_SHORT: COMPUSDT at 28.730096999999997 (PnL: -0.0001082875610506157)
🟢 OPEN_SHORT: COMPUSDT at 28.729875000000003 (qty: 0.0019215068057073282)
🔴 CLOSE_SHORT: COMPUSDT at 28.780132 (PnL: -0.00012698483826335875)
🟢 OPEN_SHORT: COMPUSDT at 28.809819 (qty: 0.0019052516625571619)
🔴 CLOSE_SHORT: COMPUSDT at 28.870195 (PnL: -0.00014528421724070207)
🟢 OPEN_SHORT: COMPUSDT at 28.689903000000005 (qty: 0.0019009826614658392)
🔴 CLOSE_SHORT: COMPUSDT at 28.790138999999996 (PnL: -0.00022064815333777953)
🟢 OPEN_SHORT: COMPUSDT at 28.629945 (qty: 0.0018874545147216574)
🔴 CLOSE_SHORT: COMPUSDT at 28.559977999999997 (PnL: 0.0001024114173524856)
🟢 OPEN_SHORT: COMPUSDT at 28.589973 (qty: 0.0018951784351229268)
🔴 CLOSE_SHORT: COMPUSDT at 28.780132 (PnL: -0.00039038415308405153)
🟢 OPEN_SHORT: COMPUSDT at 28.809819 (qty: 0.0018515468831601977)
🔴 CLOSE_SHORT: COMPUSDT at 28.810152999999996 (PnL: -2.9957258603751692e-05)
🟢 OPEN_SHORT: COMPUSDT at 28.709889000000004 (qty: 0.0018538608440116478)
🔴 CLOSE_SHORT: COMPUSDT at 28.750110999999997 (PnL: -0.00010388027864196199)
🟢 OPEN_SHORT: COMPUSDT at 28.829805000000004 (qty: 0.00183691259593251)
🔴 CLOSE_SHORT: COMPUSDT at 28.479922 (PnL: 0.000613931169703528)
🟢 OPEN_SHORT: COMPUSDT at 28.520022 (qty: 0.0018978751372298497)
🔴 CLOSE_SHORT: COMPUSDT at 28.549971 (PnL: -8.66408165561371e-05)
🟢 OPEN_SHORT: COMPUSDT at 28.500036 (qty: 0.0018910368691885879)
🔴 CLOSE_SHORT: COMPUSDT at 28.610013 (PnL: -0.00023772698593877852)
🟢 OPEN_SHORT: COMPUSDT at 29.939028000000004 (qty: 0.001782285009272529)
🔴 CLOSE_SHORT: COMPUSDT at 29.890908999999997 (PnL: 5.6461006897871e-05)
🟢 OPEN_SHORT: COMPUSDT at 29.639238000000002 (qty: 0.0018021417062581055)
🔴 CLOSE_SHORT: COMPUSDT at 29.700775999999998 (PnL: -0.00014033895024550907)
🟢 OPEN_SHORT: COMPUSDT at 29.659224000000002 (qty: 0.0017894828780208023)
🔴 CLOSE_SHORT: COMPUSDT at 29.700775999999998 (PnL: -0.00010358855911127503)
🟢 OPEN_SHORT: COMPUSDT at 29.569287000000003 (qty: 0.0017859447968523966)
🔴 CLOSE_SHORT: COMPUSDT at 29.590698999999997 (PnL: -6.730669519304505e-05)
🟢 OPEN_SHORT: COMPUSDT at 29.589273000000002 (qty: 0.0017782258742284078)
🔴 CLOSE_SHORT: COMPUSDT at 29.640734 (PnL: -0.00012049863778511828)
🟢 OPEN_SHORT: COMPUSDT at 29.469357000000002 (qty: 0.0017753198863723141)
🔴 CLOSE_SHORT: COMPUSDT at 29.550670999999998 (PnL: -0.00017321240287554036)
🟢 OPEN_SHORT: COMPUSDT at 29.539308000000002 (qty: 0.0017574399991320453)
🔴 CLOSE_SHORT: COMPUSDT at 29.550670999999998 (PnL: -4.8533232879255286e-05)
🟢 OPEN_SHORT: COMPUSDT at 29.549301000000003 (qty: 0.0017516282379252913)
🔴 CLOSE_SHORT: COMPUSDT at 29.610712999999997 (PnL: -0.0001360978219172026)
🟢 OPEN_SHORT: COMPUSDT at 29.719182 (qty: 0.00173054086985546)
🔴 CLOSE_SHORT: COMPUSDT at 29.830866999999998 (PnL: -0.00022166840103950066)
🟢 OPEN_SHORT: COMPUSDT at 29.949021000000002 (qty: 0.0017005680747499928)
🔴 CLOSE_SHORT: COMPUSDT at 30.091048999999998 (PnL: -0.0002696728150164114)
🟢 OPEN_SHORT: COMPUSDT at 30.068937000000002 (qty: 0.0016739860131638046)
🔴 CLOSE_SHORT: COMPUSDT at 30.161098 (PnL: -0.00018204531586569938)
🟢 OPEN_SHORT: COMPUSDT at 29.919042000000005 (qty: 0.0016683529124698231)
🔴 CLOSE_SHORT: COMPUSDT at 29.750811 (PnL: 0.0002533695101186164)
🟢 OPEN_SHORT: COMPUSDT at 29.789133 (qty: 0.0016907961976033094)
🔴 CLOSE_SHORT: COMPUSDT at 29.82086 (PnL: -8.137543914485365e-05)
🟢 OPEN_SHORT: COMPUSDT at 29.659224000000002 (qty: 0.0016908465926122212)
🔴 CLOSE_SHORT: COMPUSDT at 29.580691999999996 (PnL: 0.00010527653785961218)
🟢 OPEN_SHORT: COMPUSDT at 29.949021000000002 (qty: 0.0016796738296726771)
🔴 CLOSE_SHORT: COMPUSDT at 29.940944 (PnL: -1.4093335517599972e-05)
🟢 OPEN_SHORT: COMPUSDT at 30.268797000000003 (qty: 0.0016591695098257316)
🔴 CLOSE_SHORT: COMPUSDT at 30.461308 (PnL: -0.0003472056419107108)
🟢 OPEN_SHORT: COMPUSDT at 30.458664000000002 (qty: 0.0016242147267553698)
🔴 CLOSE_SHORT: COMPUSDT at 30.571385 (PnL: -0.00021039307976845661)
🟢 OPEN_SHORT: COMPUSDT at 30.328755000000005 (qty: 0.0016155033701471752)
🔴 CLOSE_SHORT: COMPUSDT at 30.331216999999995 (PnL: -3.092747010357813e-05)
🟢 OPEN_SHORT: COMPUSDT at 30.258804000000005 (qty: 0.0016154126629775107)
🔴 CLOSE_SHORT: COMPUSDT at 30.151090999999997 (PnL: 0.00014721239435511573)
🟢 OPEN_SHORT: COMPUSDT at 30.138888 (qty: 0.001629824943647609)
🔴 CLOSE_SHORT: COMPUSDT at 30.181112 (PnL: -9.587218946111457e-05)
🟢 OPEN_SHORT: COMPUSDT at 30.288783000000002 (qty: 0.0016136446893458812)
🔴 CLOSE_SHORT: COMPUSDT at 30.391258999999998 (PnL: -0.0001923322347137386)
🟢 OPEN_SHORT: COMPUSDT at 29.869077000000004 (qty: 0.0016216405514657862)
🔴 CLOSE_SHORT: COMPUSDT at 29.870895 (PnL: -2.9590062574876327e-05)
🟢 OPEN_SHORT: COMPUSDT at 29.899056000000005 (qty: 0.001616253228053637)
🔴 CLOSE_SHORT: COMPUSDT at 29.990978999999996 (PnL: -0.0001752310046240407)
🟢 OPEN_SHORT: COMPUSDT at 33.226725 (qty: 0.0014422374421841125)
🔴 CLOSE_SHORT: COMPUSDT at 33.463407999999994 (PnL: -0.0003678972835068269)
🟢 OPEN_SHORT: COMPUSDT at 32.78703300000001 (qty: 0.0014375292634614778)
🔴 CLOSE_SHORT: COMPUSDT at 32.832967 (PnL: -9.199056216564356e-05)
🟢 OPEN_SHORT: COMPUSDT at 32.597166 (qty: 0.0014386677886018293)
🔴 CLOSE_SHORT: COMPUSDT at 32.64283399999999 (PnL: -9.153028716231903e-05)
🟢 OPEN_SHORT: COMPUSDT at 32.53720800000001 (qty: 0.0014341072536889373)
🔴 CLOSE_SHORT: COMPUSDT at 32.552771 (PnL: -4.799530194947724e-05)
🟢 OPEN_SHORT: COMPUSDT at 31.757754000000002 (qty: 0.0014646667825778481)
🔴 CLOSE_SHORT: COMPUSDT at 31.842273999999996 (PnL: -0.0001494447130187194)
🟢 OPEN_SHORT: COMPUSDT at 31.747761 (qty: 0.0014541016598597488)
🔴 CLOSE_SHORT: COMPUSDT at 31.842273999999996 (PnL: -0.000162897557090728)
🟢 OPEN_SHORT: COMPUSDT at 31.497936000000003 (qty: 0.0014536792484938009)
🔴 CLOSE_SHORT: COMPUSDT at 32.332617 (PnL: -0.0012392091387223676)
🟢 OPEN_SHORT: COMPUSDT at 32.337348 (qty: 0.0013377445475928913)
🔴 CLOSE_SHORT: COMPUSDT at 32.22254 (PnL: 0.00012987573606301333)
🟢 OPEN_SHORT: COMPUSDT at 32.117502 (qty: 0.0013535074247266355)
🔴 CLOSE_SHORT: COMPUSDT at 32.262568 (PnL: -0.00022036510200620538)
🟢 OPEN_SHORT: COMPUSDT at 32.597166 (qty: 0.0013186032433462813)
🔴 CLOSE_SHORT: COMPUSDT at 32.68286199999999 (PnL: -0.0001367016738510632)
🟢 OPEN_SHORT: COMPUSDT at 32.637138 (qty: 0.001307162547834394)
🔴 CLOSE_SHORT: COMPUSDT at 32.792939000000004 (PnL: -0.0002272333680469713)
🟢 OPEN_SHORT: COMPUSDT at 32.487243 (qty: 0.001297760153950283)
🔴 CLOSE_SHORT: COMPUSDT at 32.352630999999995 (PnL: 0.00015160181438056975)
🟢 OPEN_SHORT: COMPUSDT at 32.92693500000001 (qty: 0.0012882303315336478)
🔴 CLOSE_SHORT: COMPUSDT at 32.712883 (PnL: 0.00025257032846357126)
🟢 OPEN_SHORT: COMPUSDT at 33.336648000000004 (qty: 0.001286150839890464)
🔴 CLOSE_SHORT: COMPUSDT at 33.24325399999999 (PnL: 9.660306006170807e-05)
🟢 OPEN_SHORT: COMPUSDT at 32.9769 (qty: 0.0013046102086869853)
🔴 CLOSE_SHORT: COMPUSDT at 33.143184 (PnL: -0.00024071721884843844)
🟢 OPEN_SHORT: COMPUSDT at 33.87627 (qty: 0.0012543660135169077)
🔴 CLOSE_SHORT: COMPUSDT at 33.933736999999994 (PnL: -9.549558122120213e-05)
🟢 OPEN_SHORT: COMPUSDT at 35.47515 (qty: 0.001191129791540067)
🔴 CLOSE_SHORT: COMPUSDT at 35.584891999999996 (PnL: -0.0001540293893276513)
🟢 OPEN_SHORT: COMPUSDT at 35.764947 (qty: 0.001171565225215365)
🔴 CLOSE_SHORT: COMPUSDT at 35.56487799999999 (PnL: 0.00021147726717651538)
🟢 OPEN_SHORT: COMPUSDT at 33.206739 (qty: 0.0012731702337955566)
🔴 CLOSE_SHORT: COMPUSDT at 33.32330999999999 (PnL: -0.0001717491628347213)
🟢 OPEN_SHORT: COMPUSDT at 32.896956 (qty: 0.001273304062410119)
🔴 CLOSE_SHORT: COMPUSDT at 33.043114 (PnL: -0.0002092442373637223)
🟢 OPEN_SHORT: COMPUSDT at 32.886963 (qty: 0.001259564850378914)
🔴 CLOSE_SHORT: COMPUSDT at 32.762918 (PnL: 0.00013354586091549977)
🟢 OPEN_SHORT: COMPUSDT at 34.32595500000001 (qty: 0.0012132157361229834)
🔴 CLOSE_SHORT: COMPUSDT at 34.384052 (PnL: -9.342759474846314e-05)
🟢 OPEN_SHORT: COMPUSDT at 34.285983 (qty: 0.0012078441591221799)
🔴 CLOSE_SHORT: COMPUSDT at 34.564178 (PnL: -0.0003589776831286784)
🟢 OPEN_SHORT: COMPUSDT at 35.335248 (qty: 0.0011503701800343526)
🔴 CLOSE_SHORT: COMPUSDT at 35.164598 (PnL: 0.00017406190351021195)
🟢 OPEN_SHORT: COMPUSDT at 35.155374 (qty: 0.0011648866524126597)
🔴 CLOSE_SHORT: COMPUSDT at 35.21463299999999 (PnL: -9.159159890853106e-05)
🟢 OPEN_SHORT: COMPUSDT at 35.155374 (qty: 0.0011583946029654383)
🔴 CLOSE_SHORT: COMPUSDT at 35.164598 (PnL: -3.30889961140058e-05)
🟢 OPEN_SHORT: COMPUSDT at 34.745661000000005 (qty: 0.0011688602309089975)
🔴 CLOSE_SHORT: COMPUSDT at 34.914423 (PnL: -0.000219704734580066)
🟢 OPEN_SHORT: COMPUSDT at 34.85558400000001 (qty: 0.0011512857672076869)
🔴 CLOSE_SHORT: COMPUSDT at 34.854381 (PnL: -2.0685047245610262e-05)
🟢 OPEN_SHORT: COMPUSDT at 34.535808 (qty: 0.0011594697903369703)
🔴 CLOSE_SHORT: COMPUSDT at 34.53415699999999 (PnL: -2.0108436853082217e-05)
🟢 OPEN_SHORT: COMPUSDT at 34.525815 (qty: 0.0011573647613678185)
🔴 CLOSE_SHORT: COMPUSDT at 34.664248 (PnL: -0.0001822830245234134)
🟢 OPEN_SHORT: COMPUSDT at 34.555794 (qty: 0.0011445386186656659)
🔴 CLOSE_SHORT: COMPUSDT at 34.554171 (PnL: -1.9894134551915626e-05)
🟢 OPEN_SHORT: COMPUSDT at 34.75565400000001 (qty: 0.0011355604753616956)
🔴 CLOSE_SHORT: COMPUSDT at 34.704276 (PnL: 3.6667983819737015e-05)
🟢 OPEN_SHORT: COMPUSDT at 34.355934000000005 (qty: 0.0011496432925884256)
🔴 CLOSE_SHORT: COMPUSDT at 34.283981999999995 (PnL: 6.104124171609689e-05)
🟢 OPEN_SHORT: COMPUSDT at 34.415892 (qty: 0.0011499252958822286)
🔴 CLOSE_SHORT: COMPUSDT at 34.494128999999994 (PnL: -0.00011178282469702003)
🟢 OPEN_LONG: COMPUSDT at 34.444094 (qty: 0.0011412292007589604)
🔴 CLOSE_LONG: COMPUSDT at 34.355934000000005 (PnL: -0.0001221751636439853)
🟢 OPEN_SHORT: COMPUSDT at 34.845591 (qty: 0.001119826496062167)
🔴 CLOSE_SHORT: COMPUSDT at 34.72429 (PnL: 0.00011444922479941121)
🟢 OPEN_SHORT: COMPUSDT at 33.986193 (qty: 0.0011536152756110181)
🔴 CLOSE_SHORT: COMPUSDT at 33.863688 (PnL: 0.00011983752206779498)
🟢 OPEN_SHORT: COMPUSDT at 33.796326 (qty: 0.0011659119029167316)
🔴 CLOSE_SHORT: COMPUSDT at 33.843674 (PnL: -7.690590507456926e-05)
🟢 OPEN_SHORT: COMPUSDT at 34.076130000000006 (qty: 0.0011505526905629133)
🔴 CLOSE_SHORT: COMPUSDT at 34.163897999999996 (PnL: -0.0001226007591655234)
🟢 OPEN_SHORT: COMPUSDT at 34.226025 (qty: 0.001137089525172114)
🔴 CLOSE_SHORT: COMPUSDT at 34.374044999999995 (PnL: -0.0001898094930949832)
🟢 OPEN_SHORT: COMPUSDT at 32.117502 (qty: 0.0011985871650174432)
🔴 CLOSE_SHORT: COMPUSDT at 32.152491 (PnL: -6.313302598655683e-05)
🟢 OPEN_SHORT: COMPUSDT at 32.137488 (qty: 0.0011925952155754085)
🔴 CLOSE_SHORT: COMPUSDT at 32.242554 (PnL: -0.00014644998252072927)
🟢 OPEN_SHORT: COMPUSDT at 31.308069 (qty: 0.0012134876395123058)
🔴 CLOSE_SHORT: COMPUSDT at 31.411973 (PnL: -0.00014705114222839346)
🟢 OPEN_SHORT: COMPUSDT at 30.848391000000003 (qty: 0.0012206815361559134)
🔴 CLOSE_SHORT: COMPUSDT at 30.871595 (PnL: -4.905110666945798e-05)
🟢 OPEN_SHORT: COMPUSDT at 30.908349 (qty: 0.0012137994634729345)
🔴 CLOSE_SHORT: COMPUSDT at 31.101755999999995 (PnL: -0.00025552052494212825)
🟢 OPEN_SHORT: COMPUSDT at 31.048251000000004 (qty: 0.0011905413993198364)
🔴 CLOSE_SHORT: COMPUSDT at 31.141783999999998 (PnL: -0.00013174647940794655)
🟢 OPEN_SHORT: COMPUSDT at 31.527915000000004 (qty: 0.0011627814456536755)
🔴 CLOSE_SHORT: COMPUSDT at 31.592098999999997 (PnL: -9.483605290837802e-05)
🟢 OPEN_SHORT: COMPUSDT at 31.587873000000002 (qty: 0.0011532931132871517)
🔴 CLOSE_SHORT: COMPUSDT at 31.62212 (PnL: -5.955509452368861e-05)
🟢 OPEN_SHORT: COMPUSDT at 31.727775 (qty: 0.0011431905679237814)
🔴 CLOSE_SHORT: COMPUSDT at 31.411973 (PnL: 0.0003412714385420557)
🟢 OPEN_SHORT: COMPUSDT at 31.108209000000002 (qty: 0.0011866172692828149)
🔴 CLOSE_SHORT: COMPUSDT at 31.051720999999997 (PnL: 4.676405669850031e-05)
🟢 OPEN_SHORT: COMPUSDT at 30.958314 (qty: 0.0011940721719354115)
🔴 CLOSE_SHORT: COMPUSDT at 30.941644 (PnL: -4.1542272371790937e-07)
🟢 OPEN_SHORT: COMPUSDT at 31.028265000000005 (qty: 0.0011900429264939494)
🔴 CLOSE_SHORT: COMPUSDT at 31.101755999999995 (PnL: -0.00010781427831209232)
🟢 OPEN_SHORT: COMPUSDT at 30.888363000000002 (qty: 0.001187137086675413)
🔴 CLOSE_SHORT: COMPUSDT at 30.851580999999996 (PnL: 2.3521495528883216e-05)
🟢 OPEN_SHORT: COMPUSDT at 30.828405000000004 (qty: 0.0011896635152438121)
🔴 CLOSE_SHORT: COMPUSDT at 30.861587999999998 (PnL: -5.966980232267568e-05)
🟢 OPEN_SHORT: COMPUSDT at 30.788433 (qty: 0.0011860215843231393)
🔴 CLOSE_SHORT: COMPUSDT at 30.811552999999996 (PnL: -4.751956082702923e-05)
🟢 OPEN_SHORT: COMPUSDT at 30.738468000000005 (qty: 0.0011835508406970229)
🔴 CLOSE_SHORT: COMPUSDT at 30.741503999999996 (PnL: -2.3604533449265422e-05)
🟢 OPEN_LONG: COMPUSDT at 30.531357 (qty: 0.0011887225314823997)
🔴 CLOSE_LONG: COMPUSDT at 30.768447000000002 (PnL: 0.0002617178945749724)
🟢 OPEN_SHORT: COMPUSDT at 30.448671 (qty: 0.0012078302244653615)
🔴 CLOSE_SHORT: COMPUSDT at 30.421279999999996 (PnL: 1.2874619880328829e-05)
🟢 OPEN_SHORT: COMPUSDT at 30.37872 (qty: 0.001210127347719759)
🔴 CLOSE_SHORT: COMPUSDT at 30.421279999999996 (PnL: -7.175051250329849e-05)
🟢 OPEN_SHORT: COMPUSDT at 31.018272000000003 (qty: 0.0011792462360207432)
🔴 CLOSE_SHORT: COMPUSDT at 31.091748999999997 (PnL: -0.00010681313107284174)
🟢 OPEN_SHORT: COMPUSDT at 30.798426000000003 (qty: 0.0011794212549422994)
🔴 CLOSE_SHORT: COMPUSDT at 30.751510999999997 (PnL: 3.538460604337901e-05)
🟢 OPEN_SHORT: COMPUSDT at 30.698496000000002 (qty: 0.0011842642292699563)
🔴 CLOSE_SHORT: COMPUSDT at 30.761517999999995 (PnL: -9.467107123003708e-05)
🟢 OPEN_SHORT: COMPUSDT at 31.427985000000003 (qty: 0.0011494786547387936)
🔴 CLOSE_SHORT: COMPUSDT at 31.351930999999997 (PnL: 6.760134309937251e-05)
🟢 OPEN_SHORT: COMPUSDT at 31.348041000000002 (qty: 0.0011554553672887904)
🔴 CLOSE_SHORT: COMPUSDT at 31.191819 (PnL: 0.00016068513331511533)
🟢 OPEN_SHORT: COMPUSDT at 31.068237000000003 (qty: 0.0011749230928558747)
🔴 CLOSE_SHORT: COMPUSDT at 31.131776999999996 (PnL: -9.477220736547025e-05)
🟢 OPEN_SHORT: COMPUSDT at 30.988293000000002 (qty: 0.0011705417792090694)
🔴 CLOSE_SHORT: COMPUSDT at 31.031707 (PnL: -7.079605104060179e-05)
🟢 OPEN_SHORT: COMPUSDT at 31.907649000000003 (qty: 0.001131126869297265)
🔴 CLOSE_SHORT: COMPUSDT at 31.942344 (PnL: -5.9116410691968695e-05)
🟢 OPEN_SHORT: COMPUSDT at 31.547901000000003 (qty: 0.0011390192184129665)
🔴 CLOSE_SHORT: COMPUSDT at 31.662148 (PnL: -0.00014996461593355046)
🟢 OPEN_SHORT: COMPUSDT at 31.507929000000004 (qty: 0.0011296905383920688)
🔴 CLOSE_SHORT: COMPUSDT at 31.552070999999998 (PnL: -6.94710415871517e-05)
🟢 OPEN_SHORT: COMPUSDT at 31.338048 (qty: 0.001130131447952714)
🔴 CLOSE_SHORT: COMPUSDT at 31.341924 (PnL: -2.3861661165721856e-05)
🟢 OPEN_SHORT: COMPUSDT at 31.218132 (qty: 0.001131695916815317)
🔴 CLOSE_SHORT: COMPUSDT at 31.361938 (PnL: -0.0001822653604614494)
🟢 OPEN_SHORT: COMPUSDT at 31.328055000000003 (qty: 0.0011148486370542968)
🔴 CLOSE_SHORT: COMPUSDT at 31.391959 (PnL: -9.049179279040267e-05)
🟢 OPEN_SHORT: COMPUSDT at 31.208139000000003 (qty: 0.0011121021086637482)
🔴 CLOSE_SHORT: COMPUSDT at 31.431987 (PnL: -0.0002681674012823644)
🟢 OPEN_SHORT: COMPUSDT at 31.158174000000002 (qty: 0.0010954468989709774)
🔴 CLOSE_SHORT: COMPUSDT at 30.711482999999998 (PnL: 0.00047082273139991776)
🟢 OPEN_SHORT: COMPUSDT at 30.448671 (qty: 0.0011506651706113453)
🔴 CLOSE_SHORT: COMPUSDT at 30.471314999999997 (PnL: -4.5339916603593706e-05)
🟢 OPEN_SHORT: COMPUSDT at 30.488643000000003 (qty: 0.0011449183071271566)
🔴 CLOSE_SHORT: COMPUSDT at 30.541363999999998 (PnL: -7.95932897925736e-05)
🟢 OPEN_SHORT: COMPUSDT at 30.368727000000003 (qty: 0.0011429330325402102)
🔴 CLOSE_SHORT: COMPUSDT at 30.411272999999998 (PnL: -6.774415546276342e-05)
🟢 OPEN_SHORT: COMPUSDT at 30.228825000000004 (qty: 0.001142477505169367)
🔴 CLOSE_SHORT: COMPUSDT at 30.271174999999996 (PnL: -6.740519741481336e-05)
🟢 OPEN_SHORT: COMPUSDT at 30.148881000000003 (qty: 0.0011397753982160972)
🔴 CLOSE_SHORT: COMPUSDT at 30.181112 (PnL: -5.565592978152091e-05)
🟢 OPEN_SHORT: COMPUSDT at 30.038958 (qty: 0.0011389823089019639)
🔴 CLOSE_SHORT: COMPUSDT at 30.111062999999998 (PnL: -0.00010098910181595053)
🟢 OPEN_SHORT: COMPUSDT at 30.068937000000002 (qty: 0.0011298779305135866)
🔴 CLOSE_SHORT: COMPUSDT at 30.101055999999996 (PnL: -5.4996334622914094e-05)
🟢 OPEN_SHORT: COMPUSDT at 30.088923 (qty: 0.0011242298034368464)
🔴 CLOSE_SHORT: COMPUSDT at 30.171104999999997 (PnL: -0.00011104704420003473)
🟢 OPEN_SHORT: COMPUSDT at 30.008979000000004 (qty: 0.001118583886213763)
🔴 CLOSE_SHORT: COMPUSDT at 30.041013999999997 (PnL: -5.4315701597107624e-05)
🟢 OPEN_SHORT: COMPUSDT at 29.849091000000005 (qty: 0.0011196992441594518)
🔴 CLOSE_SHORT: COMPUSDT at 29.920929999999995 (PnL: -9.886441748921097e-05)
🟢 OPEN_SHORT: COMPUSDT at 29.829105000000002 (qty: 0.001112588245321937)
🔴 CLOSE_SHORT: COMPUSDT at 29.840874 (PnL: -3.135438416258423e-05)
🟢 OPEN_SHORT: COMPUSDT at 29.949021000000002 (qty: 0.0011048206403941477)
🔴 CLOSE_SHORT: COMPUSDT at 29.870895 (PnL: 6.816412761275883e-05)
🟢 OPEN_SHORT: COMPUSDT at 29.899056000000005 (qty: 0.0011100092153212815)
🔴 CLOSE_SHORT: COMPUSDT at 30.031007 (PnL: -0.00016480090795430928)
🟢 OPEN_SHORT: COMPUSDT at 29.329455000000003 (qty: 0.0011190838296531668)
🔴 CLOSE_SHORT: COMPUSDT at 29.360538 (PnL: -5.2855779495248664e-05)
🟢 OPEN_SHORT: COMPUSDT at 29.369427 (qty: 0.001112732057501302)
🔴 CLOSE_SHORT: COMPUSDT at 29.430587 (PnL: -8.606628933106637e-05)
🟢 OPEN_SHORT: COMPUSDT at 29.319462 (qty: 0.0011075313053648564)
🔴 CLOSE_SHORT: COMPUSDT at 29.400565999999998 (PnL: -0.00010773434497255228)
🟢 OPEN_SHORT: COMPUSDT at 29.839098000000003 (qty: 0.0010798260016870037)
🔴 CLOSE_SHORT: COMPUSDT at 30.551371 (PnL: -0.0007872754963357454)
🟢 OPEN_SHORT: COMPUSDT at 29.139588000000003 (qty: 0.0010504966562100767)
🔴 CLOSE_SHORT: COMPUSDT at 29.440594 (PnL: -0.00033321578155377877)
🟢 OPEN_SHORT: COMPUSDT at 29.749161 (qty: 0.0010054379701833758)
🔴 CLOSE_SHORT: COMPUSDT at 29.790839 (PnL: -5.837870610312102e-05)
🟢 OPEN_SHORT: COMPUSDT at 30.018972 (qty: 0.0009914155824069172)
🔴 CLOSE_SHORT: COMPUSDT at 29.940944 (PnL: 6.103201992558513e-05)
🟢 OPEN_SHORT: COMPUSDT at 29.829105000000002 (qty: 0.0010007207136861307)
🔴 CLOSE_SHORT: COMPUSDT at 29.900915999999995 (PnL: -8.832011147017189e-05)
🟢 OPEN_SHORT: COMPUSDT at 29.849091000000005 (qty: 0.0009930328316433263)
🔴 CLOSE_SHORT: COMPUSDT at 29.740803999999997 (PnL: 9.128906909386058e-05)
🟢 OPEN_SHORT: COMPUSDT at 29.739168000000003 (qty: 0.0010017462578577748)
🔴 CLOSE_SHORT: COMPUSDT at 29.780832 (PnL: -5.8144816443923676e-05)
🟢 OPEN_SHORT: COMPUSDT at 29.729175 (qty: 0.0009970690546452958)
🔴 CLOSE_SHORT: COMPUSDT at 29.700775999999998 (PnL: 1.2028215526172153e-05)
🟢 OPEN_SHORT: COMPUSDT at 29.809119 (qty: 0.0009941082324248782)
🔴 CLOSE_SHORT: COMPUSDT at 29.730797 (PnL: 6.160494845014222e-05)
🟢 OPEN_SHORT: COMPUSDT at 29.409399 (qty: 0.0010107008190297952)
🔴 CLOSE_SHORT: COMPUSDT at 29.400565999999998 (PnL: -7.415826540383787e-06)
🟢 OPEN_SHORT: COMPUSDT at 29.299476000000002 (qty: 0.0010128705199154851)
🔴 CLOSE_SHORT: COMPUSDT at 29.330516999999997 (PnL: -4.777992261044027e-05)
🟢 OPEN_SHORT: COMPUSDT at 29.189553000000004 (qty: 0.0010122926997584325)
🔴 CLOSE_SHORT: COMPUSDT at 29.310502999999997 (PnL: -0.00013875574655300698)
🟢 OPEN_SHORT: COMPUSDT at 29.139588000000003 (qty: 0.001003389502605658)
🔴 CLOSE_SHORT: COMPUSDT at 29.190419 (PnL: -6.711243980763678e-05)
🟢 OPEN_SHORT: COMPUSDT at 28.819812000000002 (qty: 0.0010087494546271861)
🔴 CLOSE_SHORT: COMPUSDT at 28.730096999999997 (PnL: 7.456014899780848e-05)
🟢 OPEN_SHORT: COMPUSDT at 28.550001 (qty: 0.001022385630349103)
🔴 CLOSE_SHORT: COMPUSDT at 28.670054999999998 (PnL: -0.00013886300320525236)
🟢 OPEN_SHORT: COMPUSDT at 28.629945 (qty: 0.0010087087746971266)
🔴 CLOSE_SHORT: COMPUSDT at 28.670054999999998 (PnL: -5.636516378035235e-05)
🟢 OPEN_SHORT: COMPUSDT at 28.420092000000004 (qty: 0.001011072701968062)
🔴 CLOSE_SHORT: COMPUSDT at 28.459908 (PnL: -5.6083140545182404e-05)
🟢 OPEN_SHORT: COMPUSDT at 28.140288 (qty: 0.0010160167753223022)
🔴 CLOSE_SHORT: COMPUSDT at 28.209733 (PnL: -8.632114403770517e-05)
🟢 OPEN_SHORT: COMPUSDT at 27.610659000000002 (qty: 0.0010281142611332844)
🔴 CLOSE_SHORT: COMPUSDT at 27.699375999999997 (PnL: -0.00010687418082450812)
🟢 OPEN_SHORT: COMPUSDT at 27.490743000000002 (qty: 0.0010236878032737924)
🔴 CLOSE_SHORT: COMPUSDT at 27.539263999999996 (PnL: -6.517574067000672e-05)
🟢 OPEN_SHORT: COMPUSDT at 27.520722000000003 (qty: 0.001016711360208906)
🔴 CLOSE_SHORT: COMPUSDT at 27.509242999999998 (PnL: -3.712098224023014e-06)
🟢 OPEN_SHORT: COMPUSDT at 27.500736000000003 (qty: 0.0010160610904498908)
🔴 CLOSE_SHORT: COMPUSDT at 27.589298999999997 (PnL: -0.00010540324562818552)
🟢 OPEN_SHORT: COMPUSDT at 26.791233000000002 (qty: 0.0010339533326625498)
🔴 CLOSE_SHORT: COMPUSDT at 26.768724999999996 (PnL: 8.049534777891863e-06)
🟢 OPEN_SHORT: COMPUSDT at 26.661324 (qty: 0.00103845228177466)
🔴 CLOSE_SHORT: COMPUSDT at 26.698676 (PnL: -5.4037185185754844e-05)
🟢 OPEN_LONG: COMPUSDT at 27.31911 (qty: 0.0010083777695739267)
🔴 CLOSE_LONG: COMPUSDT at 27.320862 (PnL: -1.3385684585221525e-05)
🟢 OPEN_SHORT: COMPUSDT at 27.180960000000002 (qty: 0.0010114031681679014)
🔴 CLOSE_SHORT: COMPUSDT at 27.219039999999996 (PnL: -5.365541545359615e-05)
🟢 OPEN_SHORT: COMPUSDT at 27.031065 (qty: 0.0010119230680320727)
🔴 CLOSE_SHORT: COMPUSDT at 27.169004999999995 (PnL: -0.0001547057865965756)
🟢 OPEN_SHORT: COMPUSDT at 27.280890000000003 (qty: 0.0009902117548119338)
🔴 CLOSE_SHORT: COMPUSDT at 27.209032999999998 (PnL: 5.633515869300983e-05)
🟢 OPEN_SHORT: COMPUSDT at 26.891163000000002 (qty: 0.0010076474949544426)
🔴 CLOSE_SHORT: COMPUSDT at 26.908822999999998 (PnL: -3.270808920935858e-05)
🟢 OPEN_SHORT: COMPUSDT at 26.731275000000004 (qty: 0.0010101123257535039)
🔴 CLOSE_SHORT: COMPUSDT at 26.258367999999997 (PnL: 0.0004631010439910845)
🟢 OPEN_SHORT: COMPUSDT at 25.911849 (qty: 0.001076653800320926)
🔴 CLOSE_SHORT: COMPUSDT at 25.938144 (PnL: -4.367013240041918e-05)
🟢 OPEN_SHORT: COMPUSDT at 26.071737000000002 (qty: 0.0010655240398682185)
🔴 CLOSE_SHORT: COMPUSDT at 25.948151 (PnL: 0.00011647724571681013)
🟢 OPEN_SHORT: COMPUSDT at 25.692003000000003 (qty: 0.001089150540628049)
🔴 CLOSE_SHORT: COMPUSDT at 25.798046 (PnL: -0.00013095066644124197)
🟢 OPEN_SHORT: COMPUSDT at 25.182360000000003 (qty: 0.00109957037066946)
🔴 CLOSE_SHORT: COMPUSDT at 25.407773 (PnL: -0.0002632231548702332)
🟢 OPEN_SHORT: COMPUSDT at 25.502136 (qty: 0.001063945069353404)
🔴 CLOSE_SHORT: COMPUSDT at 25.527857 (PnL: -4.230386180130956e-05)
🟢 OPEN_SHORT: COMPUSDT at 25.512129 (qty: 0.0010590420725975678)
🔴 CLOSE_SHORT: COMPUSDT at 25.547871 (PnL: -5.2733230398643684e-05)
🟢 OPEN_SHORT: COMPUSDT at 25.512129 (qty: 0.0010537431529908552)
🔴 CLOSE_SHORT: COMPUSDT at 25.357737999999998 (PnL: 0.00014799216059735548)
🟢 OPEN_SHORT: COMPUSDT at 25.602066000000004 (qty: 0.0010604473880657553)
🔴 CLOSE_SHORT: COMPUSDT at 25.397765999999997 (PnL: 0.00020183625434226835)
🟢 OPEN_SHORT: COMPUSDT at 25.112409 (qty: 0.0010960100211433682)
🔴 CLOSE_SHORT: COMPUSDT at 25.137584 (PnL: -4.274512646651847e-05)
🟢 OPEN_SHORT: COMPUSDT at 25.092423 (qty: 0.0010922694021620453)
🔴 CLOSE_SHORT: COMPUSDT at 24.967464999999997 (PnL: 0.00012148864101738965)
🟢 OPEN_SHORT: COMPUSDT at 24.362934 (qty: 0.0011337105250371613)
🔴 CLOSE_SHORT: COMPUSDT at 24.427086999999997 (PnL: -8.796221640805026e-05)
🟢 OPEN_LONG: COMPUSDT at 24.927436999999998 (qty: 0.0010997603844151067)
🔴 CLOSE_LONG: COMPUSDT at 24.842598000000002 (PnL: -0.00010832906907288047)
🟢 OPEN_SHORT: COMPUSDT at 24.632745 (qty: 0.0011028975427217127)
🔴 CLOSE_SHORT: COMPUSDT at 24.637234 (PnL: -1.989569673021015e-05)
🟢 OPEN_SHORT: COMPUSDT at 24.742668000000002 (qty: 0.0010951817485570232)
🔴 CLOSE_SHORT: COMPUSDT at 24.877401999999996 (PnL: -0.00016254311985212984)
🟢 OPEN_SHORT: COMPUSDT at 24.752661 (qty: 0.0010804020090711421)
🔴 CLOSE_SHORT: COMPUSDT at 24.777332 (PnL: -4.137781156551819e-05)
🟢 OPEN_SHORT: COMPUSDT at 24.952521 (qty: 0.0010672529618944778)
🔴 CLOSE_SHORT: COMPUSDT at 24.977472 (PnL: -4.129053318717694e-05)
🟢 OPEN_SHORT: COMPUSDT at 25.102416 (qty: 0.0010564233004692293)
🔴 CLOSE_SHORT: COMPUSDT at 25.177612 (PnL: -9.406782528391784e-05)
🟢 OPEN_SHORT: COMPUSDT at 24.772647000000003 (qty: 0.0010617141904547887)
🔴 CLOSE_SHORT: COMPUSDT at 24.777332 (PnL: -1.9442675724584334e-05)
🟢 OPEN_SHORT: COMPUSDT at 24.552801000000002 (qty: 0.0010684587019475877)
🔴 CLOSE_SHORT: COMPUSDT at 24.627226999999998 (PnL: -9.399335359729002e-05)
🟢 OPEN_SHORT: COMPUSDT at 24.652731000000003 (qty: 0.0010553317666577645)
🔴 CLOSE_SHORT: COMPUSDT at 24.687269 (PnL: -5.077834112107249e-05)
🟢 OPEN_SHORT: COMPUSDT at 24.612759 (qty: 0.0010517567325853837)
🔴 CLOSE_SHORT: COMPUSDT at 24.577191999999997 (PnL: 2.319075677314445e-05)
🟢 OPEN_SHORT: COMPUSDT at 24.602766000000003 (qty: 0.0010529117417453619)
🔴 CLOSE_SHORT: COMPUSDT at 24.647240999999998 (PnL: -6.110150291190987e-05)
🟢 OPEN_SHORT: COMPUSDT at 24.612759 (qty: 0.0010463614907889336)
🔴 CLOSE_SHORT: COMPUSDT at 24.607212999999998 (PnL: -8.358301215444421e-06)
🟢 OPEN_SHORT: COMPUSDT at 24.582780000000003 (qty: 0.0010458051273988616)
🔴 CLOSE_SHORT: COMPUSDT at 24.637234 (PnL: -7.111943251054273e-05)
🟢 OPEN_SHORT: COMPUSDT at 24.322962 (qty: 0.0010499658235534955)
🔴 CLOSE_SHORT: COMPUSDT at 24.387059 (PnL: -8.138272756014919e-05)
🟢 OPEN_SHORT: COMPUSDT at 24.342948 (qty: 0.0010412634191125853)
🔴 CLOSE_SHORT: COMPUSDT at 24.387059 (PnL: -5.989751452051838e-05)
🟢 OPEN_SHORT: COMPUSDT at 24.133095 (qty: 0.0010441986025135307)
🔴 CLOSE_SHORT: COMPUSDT at 24.216939999999997 (PnL: -0.00010145884402557815)
🟢 OPEN_SHORT: COMPUSDT at 24.153081000000004 (qty: 0.001033785572399422)
🔴 CLOSE_SHORT: COMPUSDT at 24.176911999999998 (PnL: -3.8382702521768345e-05)
🟢 OPEN_SHORT: COMPUSDT at 23.683410000000002 (qty: 0.0010498857742368057)
🔴 CLOSE_SHORT: COMPUSDT at 23.606513 (PnL: 6.710178818357028e-05)
🟢 OPEN_SHORT: COMPUSDT at 23.853291000000002 (qty: 0.0010468881404253998)
🔴 CLOSE_SHORT: COMPUSDT at 23.886709 (PnL: -4.873859967797436e-05)
🟢 OPEN_SHORT: COMPUSDT at 23.853291000000002 (qty: 0.001041650033048109)
🔴 CLOSE_SHORT: COMPUSDT at 23.806652999999997 (PnL: 3.494146375498481e-05)
🟢 OPEN_SHORT: COMPUSDT at 23.823312 (qty: 0.001044746961567384)
🔴 CLOSE_SHORT: COMPUSDT at 23.846680999999997 (PnL: -3.811725287988246e-05)
🟢 OPEN_SHORT: COMPUSDT at 24.013179000000004 (qty: 0.0010321715444091344)
🔴 CLOSE_SHORT: COMPUSDT at 24.066834999999998 (PnL: -6.904480262485373e-05)
🟢 OPEN_SHORT: COMPUSDT at 24.033165000000004 (qty: 0.001024432951602213)
🔴 CLOSE_SHORT: COMPUSDT at 24.106862999999997 (PnL: -8.908138531650098e-05)
🟢 OPEN_SHORT: COMPUSDT at 23.903256000000003 (qty: 0.0010214140276072416)
🔴 CLOSE_SHORT: COMPUSDT at 23.926737 (PnL: -3.742533042591039e-05)
🟢 OPEN_SHORT: COMPUSDT at 23.903256000000003 (qty: 0.0010171590719671355)
🔴 CLOSE_SHORT: COMPUSDT at 24.076841999999996 (PnL: -0.00019003406271202083)
🟢 OPEN_SHORT: COMPUSDT at 24.123102000000003 (qty: 0.0009910251513039238)
🔴 CLOSE_SHORT: COMPUSDT at 24.076841999999996 (PnL: 3.272140770704288e-05)
🟢 OPEN_SHORT: COMPUSDT at 24.063144 (qty: 0.0009951212677775437)
🔴 CLOSE_SHORT: COMPUSDT at 24.136884 (PnL: -8.659076191936707e-05)
🟢 OPEN_SHORT: COMPUSDT at 24.123102000000003 (qty: 0.0009843769063843668)
🔴 CLOSE_SHORT: COMPUSDT at 24.186919 (PnL: -7.591495550983196e-05)
🟢 OPEN_SHORT: COMPUSDT at 24.233025 (qty: 0.0009725683756428953)
🔴 CLOSE_SHORT: COMPUSDT at 24.276982 (PnL: -5.573725181022219e-05)
🟢 OPEN_SHORT: COMPUSDT at 24.972507 (qty: 0.0009382667970182618)
🔴 CLOSE_SHORT: COMPUSDT at 24.907422999999998 (PnL: 4.821276181703483e-05)
🟢 OPEN_SHORT: COMPUSDT at 24.88257 (qty: 0.0009444975225014159)
🔴 CLOSE_SHORT: COMPUSDT at 24.907422999999998 (PnL: -3.641234655019169e-05)
🟢 OPEN_SHORT: COMPUSDT at 24.732675 (qty: 0.0009462320330121005)
🔴 CLOSE_SHORT: COMPUSDT at 24.357038 (PnL: 0.0003427636869128763)
🟢 OPEN_SHORT: COMPUSDT at 24.432885000000002 (qty: 0.0009848461852385245)
🔴 CLOSE_SHORT: COMPUSDT at 24.587199 (PnL: -0.00016529358925636135)
🟢 OPEN_SHORT: COMPUSDT at 24.28299 (qty: 0.0009762215242506548)
🔴 CLOSE_SHORT: COMPUSDT at 24.31701 (PnL: -4.626738996708561e-05)
🟢 OPEN_SHORT: COMPUSDT at 24.292983 (qty: 0.0009709374347303027)
🔴 CLOSE_SHORT: COMPUSDT at 24.467114999999996 (PnL: -0.000182137098214797)
🟢 OPEN_SHORT: COMPUSDT at 25.652031000000004 (qty: 0.0009042849954563795)
🔴 CLOSE_SHORT: COMPUSDT at 25.687969 (PnL: -4.5274278878453114e-05)
🟢 OPEN_SHORT: COMPUSDT at 25.961814000000004 (qty: 0.0008890242321709475)
🔴 CLOSE_SHORT: COMPUSDT at 26.018199999999997 (PnL: -6.285046600779315e-05)
🟢 OPEN_SHORT: COMPUSDT at 26.011779000000004 (qty: 0.000881508030464456)
🔴 CLOSE_SHORT: COMPUSDT at 25.828066999999997 (PnL: 0.00014942139663316157)
🟢 OPEN_SHORT: COMPUSDT at 25.841898 (qty: 0.0008978911811024898)
🔴 CLOSE_SHORT: COMPUSDT at 26.068234999999998 (PnL: -0.00021609953732956586)
🟢 OPEN_SHORT: COMPUSDT at 25.991793000000005 (qty: 0.0008751027568179778)
🔴 CLOSE_SHORT: COMPUSDT at 25.928137 (PnL: 4.322615979568998e-05)
🟢 OPEN_SHORT: COMPUSDT at 25.831905000000003 (qty: 0.000882897408838168)
🔴 CLOSE_SHORT: COMPUSDT at 25.81806 (PnL: -3.133694260081223e-07)
🟢 OPEN_SHORT: COMPUSDT at 25.731975000000002 (qty: 0.0008853268214667888)
🔴 CLOSE_SHORT: COMPUSDT at 25.717989999999997 (PnL: -1.4155888945037917e-07)
🟢 OPEN_SHORT: COMPUSDT at 25.692003000000003 (qty: 0.0008857178317561906)
🔴 CLOSE_SHORT: COMPUSDT at 25.778032 (PnL: -8.875505378364003e-05)
🟢 OPEN_LONG: COMPUSDT at 26.498535999999998 (qty: 0.000851115836412868)
🔴 CLOSE_LONG: COMPUSDT at 26.461464000000003 (PnL: -4.3939540373281434e-05)
🟢 OPEN_SHORT: COMPUSDT at 26.201646 (qty: 0.0008564590138579599)
🔴 CLOSE_SHORT: COMPUSDT at 26.31841 (PnL: -0.00011240093200531092)
🟢 OPEN_SHORT: COMPUSDT at 26.071737000000002 (qty: 0.0008511573022971446)
🔴 CLOSE_SHORT: COMPUSDT at 26.138284 (PnL: -6.887825020882913e-05)
🟢 OPEN_SHORT: COMPUSDT at 26.001786000000003 (qty: 0.0008472103634126825)
🔴 CLOSE_SHORT: COMPUSDT at 26.018199999999997 (PnL: -2.602969967758975e-05)
🟢 OPEN_SHORT: COMPUSDT at 26.001786000000003 (qty: 0.0008442762849544465)
🔴 CLOSE_SHORT: COMPUSDT at 26.078241999999996 (PnL: -7.665947034311806e-05)
🟢 OPEN_SHORT: COMPUSDT at 26.121702000000003 (qty: 0.0008336066457369247)
🔴 CLOSE_SHORT: COMPUSDT at 26.158298 (PnL: -4.249982088706684e-05)
🟢 OPEN_SHORT: COMPUSDT at 26.121702000000003 (qty: 0.0008294356928412133)
🔴 CLOSE_SHORT: COMPUSDT at 26.228347 (PnL: -0.00010042026940436213)
🟢 OPEN_SHORT: COMPUSDT at 26.581380000000003 (qty: 0.0008066397816274689)
🔴 CLOSE_SHORT: COMPUSDT at 26.608613 (PnL: -3.377218235190855e-05)
🟢 OPEN_SHORT: COMPUSDT at 26.591373 (qty: 0.0008029095915971864)
🔴 CLOSE_SHORT: COMPUSDT at 26.628626999999998 (PnL: -4.167080294150945e-05)
🟢 OPEN_SHORT: COMPUSDT at 26.581380000000003 (qty: 0.000799192566912498)
🔴 CLOSE_SHORT: COMPUSDT at 26.608613 (PnL: -3.3460384323722574e-05)
🟢 OPEN_SHORT: COMPUSDT at 26.611359 (qty: 0.0007948993713618086)
🔴 CLOSE_SHORT: COMPUSDT at 26.568585 (PnL: 2.23853823776711e-05)
🟢 OPEN_SHORT: COMPUSDT at 26.511429000000003 (qty: 0.0007987066490133202)
🔴 CLOSE_SHORT: COMPUSDT at 26.548571 (PnL: -4.13280484563756e-05)
🟢 OPEN_SHORT: COMPUSDT at 26.911149 (qty: 0.0007829062289444758)
🔴 CLOSE_SHORT: COMPUSDT at 26.908822999999998 (PnL: -9.765856938617736e-06)
🟢 OPEN_SHORT: COMPUSDT at 26.901156000000004 (qty: 0.0007816094843462333)
🔴 CLOSE_SHORT: COMPUSDT at 26.958858 (PnL: -5.668964497071165e-05)
🟢 OPEN_SHORT: COMPUSDT at 26.851191000000004 (qty: 0.0007779800367514275)
🔴 CLOSE_SHORT: COMPUSDT at 26.908822999999998 (PnL: -5.635053538661676e-05)
🟢 OPEN_SHORT: COMPUSDT at 26.871177000000003 (qty: 0.000772352131453318)
🔴 CLOSE_SHORT: COMPUSDT at 27.008892999999997 (PnL: -0.00011783845297743)
🟢 OPEN_LONG: COMPUSDT at 26.908822999999998 (qty: 0.0007616648454947547)
🔴 CLOSE_LONG: COMPUSDT at 26.841198000000002 (PnL: -6.275178348674005e-05)
🟢 OPEN_SHORT: COMPUSDT at 26.88117 (qty: 0.000756940858258895)
🔴 CLOSE_SHORT: COMPUSDT at 26.888809 (PnL: -1.697655220534854e-05)
🟢 OPEN_SHORT: COMPUSDT at 26.821212000000003 (qty: 0.0007565325752211583)
🔴 CLOSE_SHORT: COMPUSDT at 26.878801999999997 (PnL: -5.4752790119737785e-05)
🟢 OPEN_SHORT: COMPUSDT at 26.521422 (qty: 0.0007601136459436372)
🔴 CLOSE_SHORT: COMPUSDT at 26.528557 (PnL: -1.6514005864397897e-05)
🟢 OPEN_SHORT: COMPUSDT at 26.321562 (qty: 0.0007637879369032805)
🔴 CLOSE_SHORT: COMPUSDT at 26.338424 (PnL: -2.3943325982597013e-05)
🟢 OPEN_SHORT: COMPUSDT at 26.131695 (qty: 0.0007666586642541508)
🔴 CLOSE_SHORT: COMPUSDT at 25.898115999999998 (PnL: 0.0001681551058772297)
🟢 OPEN_SHORT: COMPUSDT at 25.911849 (qty: 0.0007852918213489816)
🔴 CLOSE_SHORT: COMPUSDT at 25.868095 (PnL: 2.3186956460745055e-05)
🟢 OPEN_SHORT: COMPUSDT at 25.801926 (qty: 0.0007895671745297537)
🔴 CLOSE_SHORT: COMPUSDT at 25.878102 (PnL: -7.138394402005893e-05)
🟢 OPEN_SHORT: COMPUSDT at 25.771947 (qty: 0.0007840764352035754)
🔴 CLOSE_SHORT: COMPUSDT at 25.888109 (PnL: -0.000102243927786502)
🟢 OPEN_SHORT: COMPUSDT at 25.901856000000002 (qty: 0.0007713910764725613)
🔴 CLOSE_SHORT: COMPUSDT at 25.948151 (PnL: -4.67204445580944e-05)
🟢 OPEN_SHORT: COMPUSDT at 25.891863 (qty: 0.0007672310480987963)
🔴 CLOSE_SHORT: COMPUSDT at 25.958158 (PnL: -6.181732995668965e-05)
🟢 OPEN_SHORT: COMPUSDT at 25.861884 (qty: 0.0007624949126483457)
🔴 CLOSE_SHORT: COMPUSDT at 25.888109 (PnL: -3.085318236002522e-05)
🟢 OPEN_SHORT: COMPUSDT at 25.851891000000002 (qty: 0.0007595636662053863)
🔴 CLOSE_SHORT: COMPUSDT at 25.858088 (PnL: -1.5509491306760083e-05)
🟢 OPEN_SHORT: COMPUSDT at 25.652031000000004 (qty: 0.0007634303245178365)
🔴 CLOSE_SHORT: COMPUSDT at 25.657947999999998 (PnL: -1.529064779262272e-05)
🟢 OPEN_SHORT: COMPUSDT at 25.202346000000002 (qty: 0.0007749840099449595)
🔴 CLOSE_SHORT: COMPUSDT at 25.247660999999997 (PnL: -4.587999387058308e-05)
🟢 OPEN_LONG: COMPUSDT at 25.627926999999996 (qty: 0.0007576957207143492)
🔴 CLOSE_LONG: COMPUSDT at 25.622052000000004 (PnL: -1.5129007895167432e-05)
🟢 OPEN_SHORT: COMPUSDT at 25.662024000000002 (qty: 0.0007546775194041145)
🔴 CLOSE_SHORT: COMPUSDT at 25.687969 (PnL: -3.0242481238834535e-05)
🟢 OPEN_SHORT: COMPUSDT at 25.512129 (qty: 0.0007559057280109526)
🔴 CLOSE_SHORT: COMPUSDT at 25.567885 (PnL: -5.27760806695217e-05)
🟢 OPEN_SHORT: COMPUSDT at 25.352241000000003 (qty: 0.0007556728039397458)
🔴 CLOSE_SHORT: COMPUSDT at 25.387759 (PnL: -3.7391648116431076e-05)
🟢 OPEN_SHORT: COMPUSDT at 25.352241000000003 (qty: 0.0007518917932125382)
🔴 CLOSE_SHORT: COMPUSDT at 25.407773 (PnL: -5.2261197862054506e-05)
🟢 OPEN_SHORT: CRVUSDT at 0.41500929000000003 (qty: 0.04562946336835007)
🔴 CLOSE_SHORT: CRVUSDT at 0.41318902999999996 (PnL: 7.268801045115224e-05)
🟢 OPEN_SHORT: CRVUSDT at 0.42800019000000006 (qty: 0.04453548700566514)
🔴 CLOSE_SHORT: CRVUSDT at 0.43030099999999993 (PnL: -0.00011300770938421246)
🟢 OPEN_SHORT: CRVUSDT at 0.42360327000000003 (qty: 0.044414704742030374)
🔴 CLOSE_SHORT: CRVUSDT at 0.43550463999999994 (PnL: -0.0005392343800753154)
🟢 OPEN_SHORT: CRVUSDT at 0.42490236000000003 (qty: 0.041692048425140814)
🔴 CLOSE_SHORT: CRVUSDT at 0.42359631 (PnL: 4.473857101758057e-05)
🟢 OPEN_SHORT: CRVUSDT at 0.40761447 (qty: 0.043632014232384386)
🔴 CLOSE_SHORT: CRVUSDT at 0.40808545999999996 (PnL: -3.0343317212620514e-05)
🟢 OPEN_SHORT: CRVUSDT at 0.40401699 (qty: 0.04382189515730166)
🔴 CLOSE_SHORT: CRVUSDT at 0.40588392 (PnL: -9.159504214957174e-05)
🟢 OPEN_SHORT: CRVUSDT at 0.40321755000000004 (qty: 0.0434061583481525)
🔴 CLOSE_SHORT: CRVUSDT at 0.41088742 (PnL: -0.0003427288661584241)
🟢 OPEN_SHORT: CRVUSDT at 0.40861377000000004 (qty: 0.04110829342445038)
🔴 CLOSE_SHORT: CRVUSDT at 0.40818552999999996 (PnL: 8.37531977971977e-06)
🟢 OPEN_SHORT: CRVUSDT at 0.43049844000000004 (qty: 0.03901451591267196)
🔴 CLOSE_SHORT: CRVUSDT at 0.43340316999999995 (PnL: -0.00012262659298692427)
🟢 OPEN_SHORT: CRVUSDT at 0.4426899 (qty: 0.03734433470184228)
🔴 CLOSE_SHORT: CRVUSDT at 0.44421073 (PnL: -6.591819934320011e-05)
🟢 OPEN_SHORT: CRVUSDT at 0.44139081 (qty: 0.037114361851494644)
🔴 CLOSE_SHORT: CRVUSDT at 0.43560471 (PnL: 0.0002058554541517983)
🟢 OPEN_SHORT: CRVUSDT at 0.43669410000000003 (qty: 0.03841505762615911)
🔴 CLOSE_SHORT: CRVUSDT at 0.43910716 (PnL: -0.00010197541872588074)
🟢 OPEN_SHORT: CRVUSDT at 0.43409592 (qty: 0.0381326435575203)
🔴 CLOSE_SHORT: CRVUSDT at 0.43660540999999997 (PnL: -0.00010485039284230788)
🟢 OPEN_SHORT: CRVUSDT at 0.43179753000000004 (qty: 0.03780780231411553)
🔴 CLOSE_SHORT: CRVUSDT at 0.43060120999999996 (PnL: 3.627618308128144e-05)
🟢 OPEN_SHORT: CRVUSDT at 0.41680803000000005 (qty: 0.039298451550721356)
🔴 CLOSE_SHORT: CRVUSDT at 0.41739197 (PnL: -3.1969509759414074e-05)
🟢 OPEN_SHORT: CRVUSDT at 0.41410992 (qty: 0.03935658738191432)
🔴 CLOSE_SHORT: CRVUSDT at 0.41499029 (PnL: -4.363128971948151e-05)
🟢 OPEN_SHORT: CRVUSDT at 0.40991286000000005 (qty: 0.039502939537396205)
🔴 CLOSE_SHORT: CRVUSDT at 0.41268868 (PnL: -0.00011861937841228664)
🟢 OPEN_SHORT: CRVUSDT at 0.41500929000000003 (qty: 0.03840326593204683)
🔴 CLOSE_SHORT: CRVUSDT at 0.41609105999999996 (PnL: -5.033209158332746e-05)
🟢 OPEN_SHORT: CRVUSDT at 0.40751454000000004 (qty: 0.03881951417397882)
🔴 CLOSE_SHORT: CRVUSDT at 0.40658440999999995 (PnL: 2.7426319621843598e-05)
🟢 OPEN_SHORT: CRVUSDT at 0.40641531000000003 (qty: 0.039016659172530145)
🔴 CLOSE_SHORT: CRVUSDT at 0.38426879999999997 (PnL: 0.0008558367458909027)
🟢 OPEN_SHORT: CRVUSDT at 0.39462357 (qty: 0.044475798696347345)
🔴 CLOSE_SHORT: CRVUSDT at 0.38086642 (PnL: 0.0006025435980110895)
🟢 OPEN_SHORT: CRVUSDT at 0.38013372000000006 (qty: 0.04929049529694486)
🔴 CLOSE_SHORT: CRVUSDT at 0.37656341 (PnL: 0.0001657737999193554)
🟢 OPEN_SHORT: CRVUSDT at 0.38183253 (qty: 0.04988552510294813)
🔴 CLOSE_SHORT: CRVUSDT at 0.38386852 (PnL: -0.00011209864573423108)
🟢 OPEN_SHORT: CRVUSDT at 0.37833498000000004 (qty: 0.049698725349377276)
🔴 CLOSE_SHORT: CRVUSDT at 0.37896508999999995 (PnL: -4.167440888859307e-05)
🟢 OPEN_SHORT: CRVUSDT at 0.37743561000000003 (qty: 0.04954152153374675)
🔴 CLOSE_SHORT: CRVUSDT at 0.37846473999999997 (PnL: -6.129701154258214e-05)
🟢 OPEN_SHORT: CRVUSDT at 0.37014072000000003 (qty: 0.05013112788426012)
🔴 CLOSE_SHORT: CRVUSDT at 0.36975864999999997 (PnL: 8.958570037538895e-06)
🟢 OPEN_SHORT: CRVUSDT at 0.37004079000000006 (qty: 0.050137926093555496)
🔴 CLOSE_SHORT: CRVUSDT at 0.37075935 (PnL: -4.6251115862618485e-05)
🟢 OPEN_SHORT: CRVUSDT at 0.36964107 (qty: 0.04988668375875262)
🔴 CLOSE_SHORT: CRVUSDT at 0.37165998 (PnL: -0.00011091421084580687)
🟢 OPEN_SHORT: CRVUSDT at 0.37104009000000004 (qty: 0.04904606011109333)
🔴 CLOSE_SHORT: CRVUSDT at 0.37155991 (PnL: -3.5518075291348854e-05)
🟢 OPEN_SHORT: CRVUSDT at 0.3780351900000001 (qty: 0.0478976588057039)
🔴 CLOSE_SHORT: CRVUSDT at 0.37956551 (PnL: -8.329790983435704e-05)
🟢 OPEN_SHORT: CRVUSDT at 0.37773540000000005 (qty: 0.04744190517197672)
🔴 CLOSE_SHORT: CRVUSDT at 0.38006586 (PnL: -0.00012047853899615539)
🟢 OPEN_SHORT: CRVUSDT at 0.37913442 (qty: 0.04657930401881445)
🔴 CLOSE_SHORT: CRVUSDT at 0.38046613999999995 (PnL: -7.177760715009076e-05)
🟢 OPEN_SHORT: CRVUSDT at 0.38343141000000003 (qty: 0.045632245933430717)
🔴 CLOSE_SHORT: CRVUSDT at 0.39237447 (PnL: -0.0004179396238895962)
🟢 OPEN_SHORT: CRVUSDT at 0.38752854000000003 (qty: 0.04294318718281587)
🔴 CLOSE_SHORT: CRVUSDT at 0.38737097 (PnL: -2.3826612362459246e-06)
🟢 OPEN_SHORT: CRVUSDT at 0.39232518000000005 (qty: 0.042359349526674715)
🔴 CLOSE_SHORT: CRVUSDT at 0.39417572999999995 (PnL: -8.757145940368466e-05)
🟢 OPEN_SHORT: CRVUSDT at 0.3866291700000001 (qty: 0.04248312667551108)
🔴 CLOSE_SHORT: CRVUSDT at 0.38837166999999995 (PnL: -8.310143180165688e-05)
🟢 OPEN_SHORT: CRVUSDT at 0.38822805000000005 (qty: 0.0418335187381447)
🔴 CLOSE_SHORT: CRVUSDT at 0.38767118 (PnL: 1.4376124314689655e-05)
🟢 OPEN_SHORT: CRVUSDT at 0.3907263 (qty: 0.04159390502516213)
🔴 CLOSE_SHORT: CRVUSDT at 0.39207425999999995 (PnL: -6.503626496100236e-05)
🟢 OPEN_SHORT: CRVUSDT at 0.40421685000000007 (qty: 0.03983971243958941)
🔴 CLOSE_SHORT: CRVUSDT at 0.40538356999999997 (PnL: -5.536448996860752e-05)
🟢 OPEN_SHORT: CRVUSDT at 0.40501629 (qty: 0.039443943886616296)
🔴 CLOSE_SHORT: CRVUSDT at 0.40568377999999994 (PnL: -3.512941064459175e-05)
🟢 OPEN_SHORT: CRVUSDT at 0.40301769000000004 (qty: 0.03942161449746462)
🔴 CLOSE_SHORT: CRVUSDT at 0.40508335999999995 (PnL: -9.021501845046585e-05)
🟢 OPEN_SHORT: CRVUSDT at 0.40391706000000005 (qty: 0.038843869593242215)
🔴 CLOSE_SHORT: CRVUSDT at 0.40948643999999995 (PnL: -0.00022508459126676606)
🟢 OPEN_SHORT: CRVUSDT at 0.41121195 (qty: 0.03701807243400076)
🔴 CLOSE_SHORT: CRVUSDT at 0.41408965999999997 (PnL: -0.00011495811778947542)
🟢 OPEN_SHORT: CRVUSDT at 0.41430978000000007 (qty: 0.036145931708688836)
🔴 CLOSE_SHORT: CRVUSDT at 0.41438987 (PnL: -1.11331070385319e-05)
🟢 OPEN_SHORT: CRVUSDT at 0.41251104000000005 (qty: 0.03620963362757323)
🔴 CLOSE_SHORT: CRVUSDT at 0.41619112999999996 (PnL: -0.00014154328120148297)
🟢 OPEN_LONG: CRVUSDT at 0.41679154999999996 (qty: 0.03511912970005746)
🔴 CLOSE_LONG: CRVUSDT at 0.41580873000000007 (PnL: -4.254734544741381e-05)
🟢 OPEN_SHORT: CRVUSDT at 0.4127109 (qty: 0.0352211698777293)
🔴 CLOSE_SHORT: CRVUSDT at 0.41318902999999996 (PnL: -2.48444485131218e-05)
🟢 OPEN_SHORT: CRVUSDT at 0.41361027 (qty: 0.034985789993737894)
🔴 CLOSE_SHORT: CRVUSDT at 0.41479014999999997 (PnL: -4.9260502491464365e-05)
🟢 OPEN_SHORT: CRVUSDT at 0.40741461000000007 (qty: 0.03523693838627969)
🔴 CLOSE_SHORT: CRVUSDT at 0.4082855999999999 (PnL: -3.860372495722332e-05)
🟢 OPEN_SHORT: CRVUSDT at 0.40781433000000006 (qty: 0.034974358091988775)
🔴 CLOSE_SHORT: CRVUSDT at 0.40838567 (PnL: -2.7837914416493295e-05)
🟢 OPEN_SHORT: CRVUSDT at 0.40571580000000007 (qty: 0.03497936051486724)
🔴 CLOSE_SHORT: CRVUSDT at 0.40588392 (PnL: -1.3689388070434468e-05)
🟢 OPEN_SHORT: CRVUSDT at 0.44169060000000004 (qty: 0.03203303310389371)
🔴 CLOSE_SHORT: CRVUSDT at 0.44321003 (PnL: -5.648050034867931e-05)
🟢 OPEN_SHORT: CRVUSDT at 0.43809312000000006 (qty: 0.03200270538877375)
🔴 CLOSE_SHORT: CRVUSDT at 0.43990771999999995 (PnL: -6.581513963723922e-05)
🟢 OPEN_SHORT: CRVUSDT at 0.43839291 (qty: 0.03164538539497986)
🔴 CLOSE_SHORT: CRVUSDT at 0.43890702 (PnL: -2.3908369075665892e-05)
🟢 OPEN_SHORT: CRVUSDT at 0.43729368 (qty: 0.031580688358850535)
🔴 CLOSE_SHORT: CRVUSDT at 0.43790631999999996 (PnL: -2.6953753578424455e-05)
🟢 OPEN_SHORT: CRVUSDT at 0.4314977400000001 (qty: 0.031844748209447556)
🔴 CLOSE_SHORT: CRVUSDT at 0.43260261 (PnL: -4.2761173608779824e-05)
🟢 OPEN_LONG: CRVUSDT at 0.44280974999999995 (qty: 0.030803972824574477)
🔴 CLOSE_LONG: CRVUSDT at 0.44129088000000005 (PnL: -5.426366195544709e-05)
🟢 OPEN_SHORT: CRVUSDT at 0.43939221 (qty: 0.03076242032622684)
🔴 CLOSE_SHORT: CRVUSDT at 0.43990771999999995 (PnL: -2.3301279705437047e-05)
🟢 OPEN_SHORT: CRVUSDT at 0.43809312000000006 (qty: 0.030713326080175803)
🔴 CLOSE_SHORT: CRVUSDT at 0.43770618 (PnL: 4.490337444958532e-06)
🟢 OPEN_SHORT: CRVUSDT at 0.43859277 (qty: 0.03066506704248361)
🔴 CLOSE_SHORT: CRVUSDT at 0.43960751 (PnL: -3.853139670227965e-05)
🟢 OPEN_SHORT: CRVUSDT at 0.44119095 (qty: 0.03027627715080762)
🔴 CLOSE_SHORT: CRVUSDT at 0.44170898 (PnL: -2.3039336776595568e-05)
🟢 OPEN_SHORT: CRVUSDT at 0.44468850000000004 (qty: 0.029901487049132876)
🔴 CLOSE_SHORT: CRVUSDT at 0.44351023999999994 (PnL: 2.7937837496879424e-05)
🟢 OPEN_SHORT: CRVUSDT at 0.43189746 (qty: 0.030882553850805298)
🔴 CLOSE_SHORT: CRVUSDT at 0.43120162999999995 (PnL: 1.4164873288541313e-05)
🟢 OPEN_SHORT: CRVUSDT at 0.43189746 (qty: 0.030914176728036293)
🔴 CLOSE_SHORT: CRVUSDT at 0.43210225999999996 (PnL: -1.3678170490523409e-05)
🟢 OPEN_SHORT: CRVUSDT at 0.4314977400000001 (qty: 0.030845378555172522)
🔴 CLOSE_SHORT: CRVUSDT at 0.42799939 (PnL: 0.00010064693830522761)
🟢 OPEN_SHORT: CRVUSDT at 0.42859977000000005 (qty: 0.0314894343745504)
🔴 CLOSE_SHORT: CRVUSDT at 0.42920022999999996 (PnL: -2.6341545626409638e-05)
🟢 OPEN_SHORT: CRVUSDT at 0.42730068 (qty: 0.03142713285255293)
🔴 CLOSE_SHORT: CRVUSDT at 0.42920022999999996 (PnL: -6.711610316677199e-05)
🟢 OPEN_SHORT: CRVUSDT at 0.42580173 (qty: 0.031187828460091813)
🔴 CLOSE_SHORT: CRVUSDT at 0.42719883 (PnL: -5.0900387247209346e-05)
🟢 OPEN_SHORT: CRVUSDT at 0.42740061000000007 (qty: 0.03079879255275608)
🔴 CLOSE_SHORT: CRVUSDT at 0.42739896999999993 (PnL: -7.189344698069682e-06)
🟢 OPEN_SHORT: CRVUSDT at 0.42550194 (qty: 0.030868400435303603)
🔴 CLOSE_SHORT: CRVUSDT at 0.42619812999999995 (PnL: -2.8726101696941523e-05)
🟢 OPEN_SHORT: CRVUSDT at 0.42540201000000005 (qty: 0.0307066345216089)
🔴 CLOSE_SHORT: CRVUSDT at 0.42739896999999993 (PnL: -6.85381120559546e-05)
🟢 OPEN_SHORT: CRVUSDT at 0.42580173 (qty: 0.030322138172771965)
🔴 CLOSE_SHORT: CRVUSDT at 0.42649834 (PnL: -2.82354925503001e-05)
🟢 OPEN_SHORT: CRVUSDT at 0.42250404 (qty: 0.030391533215598277)
🔴 CLOSE_SHORT: CRVUSDT at 0.42219533 (PnL: 2.325030351647711e-06)
🟢 OPEN_SHORT: CRVUSDT at 0.42260397000000005 (qty: 0.03036192732871335)
🔴 CLOSE_SHORT: CRVUSDT at 0.42239546999999994 (PnL: -7.231454622246296e-07)
🟢 OPEN_SHORT: CRVUSDT at 0.42360327000000003 (qty: 0.030253568526307142)
🔴 CLOSE_SHORT: CRVUSDT at 0.42379644999999994 (PnL: -1.2896129585613492e-05)
🟢 OPEN_SHORT: CRVUSDT at 0.42310362 (qty: 0.030195017561251352)
🔴 CLOSE_SHORT: CRVUSDT at 0.42469707999999995 (PnL: -5.5167607366996326e-05)
🟢 OPEN_SHORT: CRVUSDT at 0.42390306000000005 (qty: 0.029844636738491935)
🔴 CLOSE_SHORT: CRVUSDT at 0.42479714999999996 (PnL: -3.365664540762853e-05)
🟢 OPEN_SHORT: CRVUSDT at 0.41980593 (qty: 0.029942414560695064)
🔴 CLOSE_SHORT: CRVUSDT at 0.41949344 (PnL: 2.4483495587869253e-06)
🟢 OPEN_SHORT: CRVUSDT at 0.4199058600000001 (qty: 0.029914021411145388)
🔴 CLOSE_SHORT: CRVUSDT at 0.42189511999999996 (PnL: -6.64480850414473e-05)
🟢 OPEN_SHORT: CRVUSDT at 0.39412392 (qty: 0.03149861986668362)
🔴 CLOSE_SHORT: CRVUSDT at 0.38717082999999997 (PnL: 0.00021230529807013968)
🟢 OPEN_SHORT: CRVUSDT at 0.38872770000000006 (qty: 0.03299305487388047)
🔴 CLOSE_SHORT: CRVUSDT at 0.39057320999999995 (PnL: -6.797642454268001e-05)
🟢 OPEN_SHORT: CRVUSDT at 0.38393106 (qty: 0.03301440014319582)
🔴 CLOSE_SHORT: CRVUSDT at 0.38456900999999993 (PnL: -2.804450991969685e-05)
🟢 OPEN_SHORT: CRVUSDT at 0.38403099 (qty: 0.03282344959555315)
🔴 CLOSE_SHORT: CRVUSDT at 0.38266768 (PnL: 3.7840276749633786e-05)
🟢 OPEN_SHORT: CRVUSDT at 0.37993386 (qty: 0.03334010991509679)
🔴 CLOSE_SHORT: CRVUSDT at 0.38006586 (PnL: -1.137018515984831e-05)
🟢 OPEN_SHORT: CRVUSDT at 0.38303169 (qty: 0.03297471951270928)
🔴 CLOSE_SHORT: CRVUSDT at 0.38256760999999995 (PnL: 8.364625032540568e-06)
🟢 OPEN_SHORT: CRVUSDT at 0.37683603000000004 (qty: 0.03352439094928826)
🔴 CLOSE_SHORT: CRVUSDT at 0.37826459999999995 (PnL: -5.486653886139349e-05)
🟢 OPEN_SHORT: CRVUSDT at 0.38473050000000003 (qty: 0.03251514709008512)
🔴 CLOSE_SHORT: CRVUSDT at 0.38466908 (PnL: -4.882084110190106e-06)
🟢 OPEN_SHORT: CRVUSDT at 0.38742861 (qty: 0.03222798673449633)
🔴 CLOSE_SHORT: CRVUSDT at 0.39017293 (PnL: -9.535987696192167e-05)
🟢 OPEN_SHORT: CRVUSDT at 0.39742161000000004 (qty: 0.030903175348735035)
🔴 CLOSE_SHORT: CRVUSDT at 0.39677755 (PnL: 1.3159571703957743e-05)
🟢 OPEN_SHORT: CRVUSDT at 0.42160467 (qty: 0.029160965166593236)
🔴 CLOSE_SHORT: CRVUSDT at 0.42299589 (PnL: -4.735355058671315e-05)
🟢 OPEN_SHORT: CRVUSDT at 0.4199058600000001 (qty: 0.02902119097781604)
🔴 CLOSE_SHORT: CRVUSDT at 0.42029399999999995 (PnL: -1.7972872908582368e-05)
🟢 OPEN_SHORT: CRVUSDT at 0.41331048000000004 (qty: 0.029364892041875233)
🔴 CLOSE_SHORT: CRVUSDT at 0.41418973 (PnL: -3.250853151628401e-05)
🟢 OPEN_SHORT: CRVUSDT at 0.40691496000000005 (qty: 0.029633833227846067)
🔴 CLOSE_SHORT: CRVUSDT at 0.40668447999999996 (PnL: 2.0161485118626645e-07)
🟢 OPEN_SHORT: CRVUSDT at 0.40691496000000005 (qty: 0.029602226954716076)
🔴 CLOSE_SHORT: CRVUSDT at 0.40808545999999996 (PnL: -4.129353777260427e-05)
🟢 OPEN_SHORT: CRVUSDT at 0.409713 (qty: 0.029166152340167506)
🔴 CLOSE_SHORT: CRVUSDT at 0.40928629999999994 (PnL: 5.87967858645223e-06)
🟢 OPEN_SHORT: CRVUSDT at 0.40931328000000006 (qty: 0.029191250291143292)
🔴 CLOSE_SHORT: CRVUSDT at 0.4112876999999999 (PnL: -6.423908960563798e-05)
🟢 OPEN_SHORT: CRVUSDT at 0.40451664000000004 (qty: 0.029187291335439597)
🔴 CLOSE_SHORT: CRVUSDT at 0.40338217 (PnL: 2.6636608297896236e-05)
🟢 OPEN_SHORT: CRVUSDT at 0.40601559000000004 (qty: 0.029178758428426422)
🔴 CLOSE_SHORT: CRVUSDT at 0.40678454999999997 (PnL: -2.896550554539711e-05)
🟢 OPEN_SHORT: CRVUSDT at 0.39182553000000003 (qty: 0.03005436647732891)
🔴 CLOSE_SHORT: CRVUSDT at 0.38206725999999996 (PnL: 0.00028696308856666057)
🟢 OPEN_SHORT: CRVUSDT at 0.38403099 (qty: 0.03212511723610062)
🔴 CLOSE_SHORT: CRVUSDT at 0.3832681 (PnL: 1.7736037733302672e-05)
🟢 OPEN_SHORT: CRVUSDT at 0.38303169 (qty: 0.03226610807810365)
🔴 CLOSE_SHORT: CRVUSDT at 0.3872709 (PnL: -0.00014365545661897502)
🟢 OPEN_SHORT: CRVUSDT at 0.38592966 (qty: 0.03124412919583123)
🔴 CLOSE_SHORT: CRVUSDT at 0.38647033999999997 (PnL: -2.3534286851925034e-05)
🟢 OPEN_SHORT: CRVUSDT at 0.38642931 (qty: 0.031047602843754286)
🔴 CLOSE_SHORT: CRVUSDT at 0.38697068999999995 (PnL: -2.3416532989960812e-05)
🟢 OPEN_SHORT: CRVUSDT at 0.38802819 (qty: 0.03076496376195679)
🔴 CLOSE_SHORT: CRVUSDT at 0.38857180999999996 (PnL: -2.3299368309736308e-05)
🟢 OPEN_SHORT: CRVUSDT at 0.38772840000000003 (qty: 0.030634699513432388)
🔴 CLOSE_SHORT: CRVUSDT at 0.38747103999999993 (PnL: 1.3556138824734511e-06)
🟢 OPEN_SHORT: CRVUSDT at 0.38712882000000004 (qty: 0.030655399195697527)
🔴 CLOSE_SHORT: CRVUSDT at 0.38847173999999995 (PnL: -4.7717564634154466e-05)
🟢 OPEN_SHORT: CRVUSDT at 0.38233218 (qty: 0.03075623673796436)
🔴 CLOSE_SHORT: CRVUSDT at 0.38266768 (PnL: -1.6791897192512865e-05)
🟢 OPEN_SHORT: CRVUSDT at 0.38493036 (qty: 0.030427790204161177)
🔴 CLOSE_SHORT: CRVUSDT at 0.38476915 (PnL: -1.5339571764648675e-06)
🟢 OPEN_SHORT: CRVUSDT at 0.38602959000000003 (qty: 0.030299823608543625)
🔴 CLOSE_SHORT: CRVUSDT at 0.3865704099999999 (PnL: -2.2828908983374436e-05)
🟢 OPEN_SHORT: CRVUSDT at 0.38203239 (qty: 0.03046365878918936)
🔴 CLOSE_SHORT: CRVUSDT at 0.38336816999999995 (PnL: -4.71160845542557e-05)
🟢 OPEN_SHORT: CRVUSDT at 0.38303169 (qty: 0.03010474222500223)
🔴 CLOSE_SHORT: CRVUSDT at 0.38346823999999996 (PnL: -1.949154210249553e-05)
🟢 OPEN_SHORT: CRVUSDT at 0.38363127 (qty: 0.02992301182834078)
🔴 CLOSE_SHORT: CRVUSDT at 0.38446894 (PnL: -3.139306706983224e-05)
🟢 OPEN_SHORT: CRVUSDT at 0.38383113 (qty: 0.02971095531636221)
🔴 CLOSE_SHORT: CRVUSDT at 0.38486921999999996 (PnL: -3.713180331329529e-05)
🟢 OPEN_SHORT: CRVUSDT at 0.38393106 (qty: 0.029477119036226466)
🔴 CLOSE_SHORT: CRVUSDT at 0.38446894 (PnL: -2.208832297776671e-05)
🟢 OPEN_SHORT: CRVUSDT at 0.38672910000000005 (qty: 0.02911742615607661)
🔴 CLOSE_SHORT: CRVUSDT at 0.38356830999999997 (PnL: 8.589138235163785e-05)
🟢 OPEN_SHORT: CRVUSDT at 0.38143281 (qty: 0.029939616795803297)
🔴 CLOSE_SHORT: CRVUSDT at 0.38206725999999996 (PnL: -2.5286610921138396e-05)
🟢 OPEN_SHORT: CRVUSDT at 0.3827319 (qty: 0.02967303482025648)
🔴 CLOSE_SHORT: CRVUSDT at 0.38366838 (PnL: -3.4049736508016926e-05)
🟢 OPEN_SHORT: CRVUSDT at 0.38513022 (qty: 0.029278993021663546)
🔴 CLOSE_SHORT: CRVUSDT at 0.38576984999999997 (PnL: -2.49399463168101e-05)
🟢 OPEN_LONG: CRVUSDT at 0.39447593999999997 (qty: 0.028427440425522508)
🔴 CLOSE_LONG: CRVUSDT at 0.39342441 (PnL: -3.604353336812049e-05)
🟢 OPEN_SHORT: CRVUSDT at 0.39502329 (qty: 0.028174335952454038)
🔴 CLOSE_SHORT: CRVUSDT at 0.3952765 (PnL: -1.3259182704330036e-05)
🟢 OPEN_SHORT: CRVUSDT at 0.39362427 (qty: 0.028176001559368957)
🔴 CLOSE_SHORT: CRVUSDT at 0.39297488999999997 (PnL: 1.220707828023587e-05)
🟢 OPEN_SHORT: CRVUSDT at 0.39172560000000006 (qty: 0.028343749726941724)
🔴 CLOSE_SHORT: CRVUSDT at 0.39397559 (PnL: -6.991486348493577e-05)
🟢 OPEN_SHORT: CRVUSDT at 0.38872770000000006 (qty: 0.02817120923325313)
🔴 CLOSE_SHORT: CRVUSDT at 0.38747103999999993 (PnL: 2.9398091538247182e-05)
🟢 OPEN_SHORT: CRVUSDT at 0.38712882000000004 (qty: 0.028408320342126)
🔴 CLOSE_SHORT: CRVUSDT at 0.3880714599999999 (PnL: -3.2842271180522436e-05)
🟢 OPEN_SHORT: CRVUSDT at 0.38702889 (qty: 0.0282146832562878)
🔴 CLOSE_SHORT: CRVUSDT at 0.3882716 (PnL: -4.1087897145697495e-05)
🟢 OPEN_SHORT: CRVUSDT at 0.40711482 (qty: 0.02659129397646278)
🔴 CLOSE_SHORT: CRVUSDT at 0.40728489999999995 (PnL: -1.0479275158956596e-05)
🟢 OPEN_LONG: CRVUSDT at 0.40838567 (qty: 0.02642806499461625)
🔴 CLOSE_LONG: CRVUSDT at 0.40761447 (PnL: -2.6306177662095642e-05)
🟢 OPEN_SHORT: CRVUSDT at 0.40691496000000005 (qty: 0.026365112128030756)
🔴 CLOSE_SHORT: CRVUSDT at 0.40708476 (PnL: -1.0379855477994969e-05)
🟢 OPEN_SHORT: CRVUSDT at 0.40611552 (qty: 0.026336835493544934)
🔴 CLOSE_SHORT: CRVUSDT at 0.40758511 (PnL: -4.4608326168386405e-05)
🟢 OPEN_SHORT: CRVUSDT at 0.40711482 (qty: 0.026024146239316332)
🔴 CLOSE_SHORT: CRVUSDT at 0.40768518 (PnL: -2.0678444358213356e-05)
🟢 OPEN_SHORT: CRVUSDT at 0.40431678000000004 (qty: 0.02607313113738034)
🔴 CLOSE_SHORT: CRVUSDT at 0.40588392 (PnL: -4.6680712300626055e-05)
🟢 OPEN_SHORT: CRVUSDT at 0.41361027 (qty: 0.02523352966190526)
🔴 CLOSE_SHORT: CRVUSDT at 0.41469007999999996 (PnL: -3.300266960301871e-05)
🟢 OPEN_SHORT: CRVUSDT at 0.3907263 (qty: 0.026513088946378573)
🔴 CLOSE_SHORT: CRVUSDT at 0.38707075999999996 (PnL: 9.127531434841425e-05)
🟢 OPEN_SHORT: CRVUSDT at 0.38762847000000006 (qty: 0.027166519727062455)
🔴 CLOSE_SHORT: CRVUSDT at 0.39007285999999997 (PnL: -7.22338762810316e-05)
🟢 OPEN_SHORT: CRVUSDT at 0.38552994 (qty: 0.026909622522025764)
🔴 CLOSE_SHORT: CRVUSDT at 0.38747103999999993 (PnL: -5.796895296104121e-05)
🟢 OPEN_SHORT: CRVUSDT at 0.38333148 (qty: 0.026731734473634285)
🔴 CLOSE_SHORT: CRVUSDT at 0.38456900999999993 (PnL: -3.8735431527314425e-05)
🟢 OPEN_SHORT: CRVUSDT at 0.39542301 (qty: 0.025689887517719164)
🔴 CLOSE_SHORT: CRVUSDT at 0.39587691999999997 (PnL: -1.7254415293280133e-05)
🟢 OPEN_SHORT: CRVUSDT at 0.39572280000000004 (qty: 0.02555498345892064)
🔴 CLOSE_SHORT: CRVUSDT at 0.39597699 (PnL: -1.206137323168105e-05)
🟢 OPEN_SHORT: CRVUSDT at 0.40051944 (qty: 0.025160933270268082)
🔴 CLOSE_SHORT: CRVUSDT at 0.4022814 (PnL: -4.989953448858024e-05)
🟢 OPEN_SHORT: CRVUSDT at 0.40091916000000005 (qty: 0.0248592724955185)
🔴 CLOSE_SHORT: CRVUSDT at 0.39957950999999997 (PnL: 2.7839433641129707e-05)
🟢 OPEN_SHORT: CRVUSDT at 0.38523015000000005 (qty: 0.02598777458068868)
🔴 CLOSE_SHORT: CRVUSDT at 0.38647033999999997 (PnL: -3.775370540014535e-05)
🟢 OPEN_SHORT: CRVUSDT at 0.39312462000000004 (qty: 0.02524582278096613)
🔴 CLOSE_SHORT: CRVUSDT at 0.39307496 (PnL: -4.204217869583088e-06)
🟢 OPEN_SHORT: CRVUSDT at 0.39332448000000003 (qty: 0.025183860464722166)
🔴 CLOSE_SHORT: CRVUSDT at 0.39387552 (PnL: -1.9332932845361606e-05)
🟢 OPEN_LONG: CRVUSDT at 0.39867887999999996 (qty: 0.0247213170265874)
🔴 CLOSE_LONG: CRVUSDT at 0.39882063000000006 (PnL: -1.9184074885139124e-06)
🟢 OPEN_SHORT: CRVUSDT at 0.40091916000000005 (qty: 0.02454656623451242)
🔴 CLOSE_SHORT: CRVUSDT at 0.40138077 (PnL: -1.674982625034747e-05)
🟢 OPEN_SHORT: CRVUSDT at 0.40051944 (qty: 0.02446039511974047)
🔴 CLOSE_SHORT: CRVUSDT at 0.40138077 (PnL: -2.646833485370202e-05)
🟢 OPEN_SHORT: CRVUSDT at 0.40021965000000004 (qty: 0.02431952188179353)
🔴 CLOSE_SHORT: CRVUSDT at 0.40148083999999995 (PnL: -3.6041639942522506e-05)
🟢 OPEN_SHORT: CRVUSDT at 0.40141881 (qty: 0.02404062926255119)
🔴 CLOSE_SHORT: CRVUSDT at 0.40188112 (PnL: -1.6428034571815584e-05)
🟢 OPEN_SHORT: CRVUSDT at 0.39912042000000003 (qty: 0.02407015237208757)
🔴 CLOSE_SHORT: CRVUSDT at 0.39997978999999995 (PnL: -2.5980332814079422e-05)
🟢 OPEN_SHORT: CRVUSDT at 0.40001979000000004 (qty: 0.02385972224105902)
🔴 CLOSE_SHORT: CRVUSDT at 0.40098048999999997 (PnL: -2.8184040870499683e-05)
🟢 OPEN_SHORT: CRVUSDT at 0.40001979000000004 (qty: 0.023692563313923543)
🔴 CLOSE_SHORT: CRVUSDT at 0.40078035 (PnL: -2.324214855358017e-05)
🟢 OPEN_SHORT: CRVUSDT at 0.39812112 (qty: 0.02366260966177505)
🔴 CLOSE_SHORT: CRVUSDT at 0.39907915999999993 (PnL: -2.7863516473341485e-05)
🟢 OPEN_SHORT: CRVUSDT at 0.39842091 (qty: 0.023478925803857104)
🔴 CLOSE_SHORT: CRVUSDT at 0.39847873999999994 (PnL: -6.503505303216261e-06)
🟢 OPEN_SHORT: CRVUSDT at 0.39802119 (qty: 0.02344397299426628)
🔴 CLOSE_SHORT: CRVUSDT at 0.39847873999999994 (PnL: -1.5864848494166698e-05)
🟢 OPEN_SHORT: CRVUSDT at 0.39722175000000004 (qty: 0.02338543650916659)
🔴 CLOSE_SHORT: CRVUSDT at 0.39787831999999995 (PnL: -2.0471683053725073e-05)
🟢 OPEN_SHORT: CRVUSDT at 0.39792126000000005 (qty: 0.02321575510733304)
🔴 CLOSE_SHORT: CRVUSDT at 0.39777825 (PnL: -1.7590122035619618e-06)
🟢 OPEN_SHORT: CRVUSDT at 0.39622245000000006 (qty: 0.023280767288622103)
🔴 CLOSE_SHORT: CRVUSDT at 0.39767817999999994 (PnL: -3.8982550605451526e-05)
🟢 OPEN_SHORT: CRVUSDT at 0.39722175000000004 (qty: 0.023000378888740507)
🔴 CLOSE_SHORT: CRVUSDT at 0.39807845999999997 (PnL: -2.474043007186669e-05)
🟢 OPEN_LONG: CRVUSDT at 0.39707775999999995 (qty: 0.022858797271538424)
🔴 CLOSE_LONG: CRVUSDT at 0.39642231 (PnL: -1.9966754141641362e-05)
🟢 OPEN_SHORT: CRVUSDT at 0.39042651 (qty: 0.0231203616695361)
🔴 CLOSE_SHORT: CRVUSDT at 0.39117363 (PnL: -2.2247926301195496e-05)
🟢 OPEN_SHORT: CRVUSDT at 0.37843491 (qty: 0.023709167797558956)
🔴 CLOSE_SHORT: CRVUSDT at 0.37716383 (PnL: 2.521801671117008e-05)
🟢 OPEN_SHORT: CRVUSDT at 0.37793526 (qty: 0.023847849498368323)
🔴 CLOSE_SHORT: CRVUSDT at 0.37856481 (PnL: -1.9978789789539392e-05)
🟢 OPEN_SHORT: CRVUSDT at 0.38043351000000003 (qty: 0.023560152163007338)
🔴 CLOSE_SHORT: CRVUSDT at 0.38126669999999996 (PnL: -2.457056898737261e-05)
🟢 OPEN_SHORT: CRVUSDT at 0.38083323 (qty: 0.02338049877372934)
🔴 CLOSE_SHORT: CRVUSDT at 0.38146684 (PnL: -1.9719504569682628e-05)
🟢 OPEN_SHORT: CRVUSDT at 0.38093316 (qty: 0.02324512095486055)
🔴 CLOSE_SHORT: CRVUSDT at 0.38236747 (PnL: -3.8229207385910605e-05)
🟢 OPEN_SHORT: CRVUSDT at 0.38133288000000004 (qty: 0.022994709095180903)
🔴 CLOSE_SHORT: CRVUSDT at 0.38116663 (PnL: -9.97778288427634e-07)
🟢 OPEN_SHORT: CRVUSDT at 0.35605059000000006 (qty: 0.024594812734174246)
🔴 CLOSE_SHORT: CRVUSDT at 0.35865087999999995 (PnL: -6.880516878134409e-05)
🟢 OPEN_SHORT: CRVUSDT at 0.35435178000000006 (qty: 0.024297195713356198)
🔴 CLOSE_SHORT: CRVUSDT at 0.35454800999999997 (PnL: -9.505826028642696e-06)
🟢 OPEN_SHORT: CRVUSDT at 0.35395206000000007 (qty: 0.024244165065669624)
🔴 CLOSE_SHORT: CRVUSDT at 0.35344724 (PnL: 7.5259711327421545e-06)
🟢 OPEN_SHORT: CRVUSDT at 0.35415192 (qty: 0.024246331096707083)
🔴 CLOSE_SHORT: CRVUSDT at 0.35394759 (PnL: 2.3419108107905227e-07)
🟢 OPEN_SHORT: CRVUSDT at 0.35645031000000005 (qty: 0.024064805890713765)
🔴 CLOSE_SHORT: CRVUSDT at 0.35775024999999994 (PnL: -3.601785844755414e-05)
🟢 OPEN_SHORT: CRVUSDT at 0.36554394000000007 (qty: 0.023243268934147278)
🔴 CLOSE_SHORT: CRVUSDT at 0.36535556999999996 (PnL: -2.922972044265219e-07)
🟢 OPEN_SHORT: CRVUSDT at 0.36604359000000003 (qty: 0.02318441208202523)
🔴 CLOSE_SHORT: CRVUSDT at 0.36655641 (PnL: -1.6563547377314757e-05)
🟢 OPEN_SHORT: CRVUSDT at 0.36464457000000006 (qty: 0.023156914635574077)
🔴 CLOSE_SHORT: CRVUSDT at 0.36635626999999993 (PnL: -4.430371526053771e-05)
🟢 OPEN_SHORT: CRVUSDT at 0.36414492000000004 (qty: 0.02291985098074907)
🔴 CLOSE_SHORT: CRVUSDT at 0.36535556999999996 (PnL: -3.235355996050478e-05)
🟢 OPEN_SHORT: CRVUSDT at 0.36324555000000003 (qty: 0.022773188604357886)
🔴 CLOSE_SHORT: CRVUSDT at 0.36075234999999994 (PnL: 5.225959911007857e-05)
🟢 OPEN_SHORT: CRVUSDT at 0.35645031000000005 (qty: 0.023475022739360436)
🔴 CLOSE_SHORT: CRVUSDT at 0.35604906 (PnL: 4.82230999526479e-06)
🟢 OPEN_SHORT: CRVUSDT at 0.35694996000000007 (qty: 0.023443396115373105)
🔴 CLOSE_SHORT: CRVUSDT at 0.35704976 (PnL: -6.943403358430937e-06)
🟢 OPEN_LONG: CRVUSDT at 0.35785031999999994 (qty: 0.023319882926731796)
🔴 CLOSE_LONG: CRVUSDT at 0.3577494 (PnL: -6.941913353774279e-06)
🟢 OPEN_SHORT: CRVUSDT at 0.35924835 (qty: 0.023164933702998252)
🔴 CLOSE_SHORT: CRVUSDT at 0.35965157999999997 (PnL: -1.392301397084266e-05)
🟢 OPEN_SHORT: CRVUSDT at 0.35714982 (qty: 0.02319744700441987)
🔴 CLOSE_SHORT: CRVUSDT at 0.35795039 (PnL: -2.313812450955846e-05)
🟢 OPEN_SHORT: CRVUSDT at 0.35285283000000006 (qty: 0.02332296530722095)
🔴 CLOSE_SHORT: CRVUSDT at 0.35564877999999994 (PnL: -6.977197613734413e-05)
🟢 OPEN_SHORT: CRVUSDT at 0.35315262000000003 (qty: 0.02288239523361339)
🔴 CLOSE_SHORT: CRVUSDT at 0.35364737999999996 (PnL: -1.5772058383151426e-05)
🟢 OPEN_SHORT: CRVUSDT at 0.35405199000000004 (qty: 0.0227100676266454)
🔴 CLOSE_SHORT: CRVUSDT at 0.35104556 (PnL: 6.38914809905784e-05)
🟢 OPEN_SHORT: CRVUSDT at 0.35105409000000004 (qty: 0.02324280853451833)
🔴 CLOSE_SHORT: CRVUSDT at 0.35104556 (PnL: -4.289345449084137e-06)
🟢 OPEN_SHORT: CRVUSDT at 0.34755654 (qty: 0.023426199595992164)
🔴 CLOSE_SHORT: CRVUSDT at 0.34904416 (PnL: -3.934651103097558e-05)
🟢 OPEN_SHORT: CRVUSDT at 0.34945521 (qty: 0.02304810316923263)
🔴 CLOSE_SHORT: CRVUSDT at 0.35034507 (PnL: -2.495071921117815e-05)
🟢 OPEN_SHORT: CRVUSDT at 0.34755654 (qty: 0.023004943561059407)
🔴 CLOSE_SHORT: CRVUSDT at 0.34794338999999996 (PnL: -1.3301892343760946e-05)
🟢 OPEN_SHORT: CRVUSDT at 0.34965507 (qty: 0.02276563509244666)
🔴 CLOSE_SHORT: CRVUSDT at 0.35004485999999996 (PnL: -1.3256763354494161e-05)
🟢 OPEN_SHORT: CRVUSDT at 0.35105409000000004 (qty: 0.022574441657779283)
🔴 CLOSE_SHORT: CRVUSDT at 0.35134577 (PnL: -1.0946802165355074e-05)
🟢 OPEN_SHORT: CRVUSDT at 0.34935528000000005 (qty: 0.022596593170191453)
🔴 CLOSE_SHORT: CRVUSDT at 0.34814353 (PnL: 2.3054650032246617e-05)
🟢 OPEN_SHORT: CRVUSDT at 0.35085423000000004 (qty: 0.0226067240832051)
🔴 CLOSE_SHORT: CRVUSDT at 0.33633526999999996 (PnL: 0.00032404423143850617)
🟢 OPEN_SHORT: CRVUSDT at 0.33716382 (qty: 0.025420961248642425)
🔴 CLOSE_SHORT: CRVUSDT at 0.33743604 (PnL: -1.1637965744309623e-05)
🟢 OPEN_SHORT: CRVUSDT at 0.33956214 (qty: 0.025145101099706777)
🔴 CLOSE_SHORT: CRVUSDT at 0.340238 (PnL: -2.1699993428626254e-05)
🟢 OPEN_SHORT: CRVUSDT at 0.33936228 (qty: 0.02500434696602581)
🔴 CLOSE_SHORT: CRVUSDT at 0.34093849 (PnL: -4.410082109523682e-05)
🟢 OPEN_SHORT: CRVUSDT at 0.33956214 (qty: 0.02470239016839511)
🔴 CLOSE_SHORT: CRVUSDT at 0.33973765 (PnL: -8.951299090311287e-06)
🟢 OPEN_SHORT: CRVUSDT at 0.34535808000000007 (qty: 0.024209270199784944)
🔴 CLOSE_SHORT: CRVUSDT at 0.34504135999999996 (PnL: 3.0733003247906974e-06)
🟢 OPEN_SHORT: CRVUSDT at 0.34246011000000004 (qty: 0.02440522699495363)
🔴 CLOSE_SHORT: CRVUSDT at 0.34424079999999996 (PnL: -4.8078844833350416e-05)
🟢 OPEN_SHORT: CRVUSDT at 0.35045451000000005 (qty: 0.023547893371972006)
🔴 CLOSE_SHORT: CRVUSDT at 0.35124569999999994 (PnL: -2.3179960716997868e-05)
🟢 OPEN_SHORT: CRVUSDT at 0.34845591000000004 (qty: 0.02352385930201645)
🔴 CLOSE_SHORT: CRVUSDT at 0.34814353 (PnL: 2.8440594896201885e-06)
🟢 OPEN_LONG: CRVUSDT at 0.35284682 (qty: 0.023221689197016237)
🔴 CLOSE_LONG: CRVUSDT at 0.35095416 (PnL: -4.843312390988048e-05)
🟢 OPEN_SHORT: CRVUSDT at 0.35135388000000006 (qty: 0.023019013967538443)
🔴 CLOSE_SHORT: CRVUSDT at 0.35034507 (PnL: 1.878628254771082e-05)
🟢 OPEN_SHORT: CRVUSDT at 0.34985493000000006 (qty: 0.023199604003024527)
🔴 CLOSE_SHORT: CRVUSDT at 0.35054521 (PnL: -2.0487103182642584e-05)
🟢 OPEN_SHORT: CRVUSDT at 0.35425185000000003 (qty: 0.02277078717506384)
🔴 CLOSE_SHORT: CRVUSDT at 0.35504835999999995 (PnL: -2.2583761546136702e-05)
🟢 OPEN_SHORT: CRVUSDT at 0.3507543 (qty: 0.02284377613274968)
🔴 CLOSE_SHORT: CRVUSDT at 0.35174605 (PnL: -2.707467939163197e-05)
🟢 OPEN_SHORT: CRVUSDT at 0.35135388000000006 (qty: 0.02262559201007997)
🔴 CLOSE_SHORT: CRVUSDT at 0.35224639999999996 (PnL: -2.457717421421493e-05)
🟢 OPEN_SHORT: CRVUSDT at 0.35155374 (qty: 0.022448034952255468)
🔴 CLOSE_SHORT: CRVUSDT at 0.35204626 (PnL: -1.5402616886794728e-05)
🟢 OPEN_SHORT: CRVUSDT at 0.35085423000000004 (qty: 0.022380247630575896)
🔴 CLOSE_SHORT: CRVUSDT at 0.35134577 (PnL: -1.5325549855437765e-05)
🟢 OPEN_SHORT: CRVUSDT at 0.35085423000000004 (qty: 0.022268268006686298)
🔴 CLOSE_SHORT: CRVUSDT at 0.35224639999999996 (PnL: -3.53153691526413e-05)
🟢 OPEN_SHORT: CRVUSDT at 0.34275990000000006 (qty: 0.022562998410802775)
🔴 CLOSE_SHORT: CRVUSDT at 0.34314002999999993 (PnL: -1.2835119959260517e-05)
🟢 OPEN_SHORT: CRVUSDT at 0.34275990000000006 (qty: 0.022463286337992022)
🔴 CLOSE_SHORT: CRVUSDT at 0.34354030999999996 (PnL: -2.1774947684724964e-05)
🟢 OPEN_LONG: CRVUSDT at 0.34394059 (qty: 0.022234928475162653)
🔴 CLOSE_LONG: CRVUSDT at 0.3437592 (PnL: -8.237097349683356e-06)
🟢 OPEN_SHORT: CRVUSDT at 0.34295976000000006 (qty: 0.022225954379591767)
🔴 CLOSE_SHORT: CRVUSDT at 0.34374045 (PnL: -2.1553558082667846e-05)
🟢 OPEN_SHORT: CRVUSDT at 0.34355934000000005 (qty: 0.022037287633782997)
🔴 CLOSE_SHORT: CRVUSDT at 0.34414072999999995 (PnL: -1.698341919683351e-05)
🟢 OPEN_SHORT: CRVUSDT at 0.3507543 (qty: 0.021464657536242954)
🔴 CLOSE_SHORT: CRVUSDT at 0.35054521 (PnL: 3.4966215826232734e-07)
🟢 OPEN_SHORT: CRVUSDT at 0.37553694000000004 (qty: 0.02002795930051363)
🔴 CLOSE_SHORT: CRVUSDT at 0.37696368999999996 (PnL: -3.2727288324606534e-05)
🟢 OPEN_SHORT: CRVUSDT at 0.37633638 (qty: 0.019789504833694134)
🔴 CLOSE_SHORT: CRVUSDT at 0.37946543999999993 (PnL: -6.605273623242203e-05)
🟢 OPEN_SHORT: CRVUSDT at 0.37663617000000005 (qty: 0.01940125101890229)
🔴 CLOSE_SHORT: CRVUSDT at 0.37676354999999995 (PnL: -6.491657669363328e-06)
🟢 OPEN_SHORT: CRVUSDT at 0.37893456000000003 (qty: 0.01922810003781279)
🔴 CLOSE_SHORT: CRVUSDT at 0.37966558 (PnL: -1.807126195387617e-05)
🟢 OPEN_SHORT: CRVUSDT at 0.37733568 (qty: 0.01919255102715589)
🔴 CLOSE_SHORT: CRVUSDT at 0.38036606999999995 (PnL: -6.217602207129231e-05)
🟢 OPEN_SHORT: CRVUSDT at 0.37583673 (qty: 0.01891703349723682)
🔴 CLOSE_SHORT: CRVUSDT at 0.37766417999999996 (PnL: -3.8499290133596095e-05)
🟢 OPEN_SHORT: CRVUSDT at 0.37613652000000003 (qty: 0.018676454876072196)
🔴 CLOSE_SHORT: CRVUSDT at 0.37656341 (PnL: -1.1840870066210348e-05)
🟢 OPEN_SHORT: CRVUSDT at 0.36674310000000004 (qty: 0.019069172989138832)
🔴 CLOSE_SHORT: CRVUSDT at 0.36835766999999997 (PnL: -3.4651866505180844e-05)
🟢 OPEN_SHORT: CRVUSDT at 0.36844191000000004 (qty: 0.018772270090241776)
🔴 CLOSE_SHORT: CRVUSDT at 0.36905815999999997 (PnL: -1.5378844145300384e-05)
🟢 OPEN_SHORT: CRVUSDT at 0.36764247000000005 (qty: 0.01870873410964228)
🔴 CLOSE_SHORT: CRVUSDT at 0.36725689999999994 (PnL: 3.4345251800395676e-06)
🟢 OPEN_SHORT: CRVUSDT at 0.36944121 (qty: 0.018615758461980342)
🔴 CLOSE_SHORT: CRVUSDT at 0.37085941999999994 (PnL: -3.0198160970702213e-05)
🟢 OPEN_SHORT: CRVUSDT at 0.37133988 (qty: 0.018337558675776928)
🔴 CLOSE_SHORT: CRVUSDT at 0.37186011999999996 (PnL: -1.3290385248810063e-05)
🟢 OPEN_SHORT: CRVUSDT at 0.36424485 (qty: 0.018601211943384627)
🔴 CLOSE_SHORT: CRVUSDT at 0.36605605999999996 (PnL: -3.743569857934796e-05)
🟢 OPEN_SHORT: CRVUSDT at 0.36544401000000004 (qty: 0.018314902252079945)
🔴 CLOSE_SHORT: CRVUSDT at 0.36635626999999993 (PnL: -2.0398331329448016e-05)
🟢 OPEN_SHORT: CRVUSDT at 0.37123995000000004 (qty: 0.01789923816293274)
🔴 CLOSE_SHORT: CRVUSDT at 0.37266067999999997 (PnL: -2.9098672881126362e-05)
🟢 OPEN_SHORT: CRVUSDT at 0.37623645000000006 (qty: 0.01748742188954395)
🔴 CLOSE_SHORT: CRVUSDT at 0.37466208 (PnL: 2.3928141777806392e-05)
🟢 OPEN_SHORT: CRVUSDT at 0.37473750000000006 (qty: 0.01766576461882096)
🔴 CLOSE_SHORT: CRVUSDT at 0.37576285 (PnL: -2.1764567685235276e-05)
🟢 OPEN_SHORT: CRVUSDT at 0.37643631 (qty: 0.017451061791991355)
🔴 CLOSE_SHORT: CRVUSDT at 0.37716383 (PnL: -1.6316046591577995e-05)
🟢 OPEN_LONG: CRVUSDT at 0.38316803 (qty: 0.01704044849132845)
🔴 CLOSE_LONG: CRVUSDT at 0.38253204 (PnL: -1.4422739474146094e-05)
🟢 OPEN_SHORT: CRVUSDT at 0.39442371000000004 (qty: 0.016462821946489722)
🔴 CLOSE_SHORT: CRVUSDT at 0.39397559 (PnL: 3.8100472764735472e-06)
🟢 OPEN_SHORT: CRVUSDT at 0.38762847000000006 (qty: 0.016752651691752014)
🔴 CLOSE_SHORT: CRVUSDT at 0.38977265 (PnL: -3.951204969885147e-05)
🟢 OPEN_SHORT: CRVUSDT at 0.39752154 (qty: 0.016118969198753243)
🔴 CLOSE_SHORT: CRVUSDT at 0.39917922999999994 (PnL: -3.025915079331382e-05)
🟢 OPEN_LONG: CRVUSDT at 0.39797838999999996 (qty: 0.01593069100136157)
🔴 CLOSE_LONG: CRVUSDT at 0.39832098000000005 (PnL: 1.9676547817011087e-06)
🟢 OPEN_SHORT: CRVUSDT at 0.38822805000000005 (qty: 0.016322962722659505)
🔴 CLOSE_SHORT: CRVUSDT at 0.38997278999999996 (PnL: -3.198035720344334e-05)
🟢 OPEN_SHORT: CRVUSDT at 0.38822805000000005 (qty: 0.016140257094888064)
🔴 CLOSE_SHORT: CRVUSDT at 0.38937236999999997 (PnL: -2.192613258541627e-05)
🟢 OPEN_SHORT: CRVUSDT at 0.38093316 (qty: 0.016316131582464234)
🔴 CLOSE_SHORT: CRVUSDT at 0.38116663 (PnL: -7.229867930016596e-06)
🟢 OPEN_SHORT: CRVUSDT at 0.38123295 (qty: 0.016247438569265766)
🔴 CLOSE_SHORT: CRVUSDT at 0.38246753999999994 (PnL: -2.34766900067171e-05)
🟢 OPEN_SHORT: CRVUSDT at 0.38153274 (qty: 0.016093748837549878)
🔴 CLOSE_SHORT: CRVUSDT at 0.38246753999999994 (PnL: -1.8429871503342507e-05)
🟢 OPEN_SHORT: CRVUSDT at 0.38203239 (qty: 0.015958536988331388)
🔴 CLOSE_SHORT: CRVUSDT at 0.38286781999999997 (PnL: -1.669274620307271e-05)
🟢 OPEN_SHORT: CRVUSDT at 0.38303169 (qty: 0.01581223263359807)
🔴 CLOSE_SHORT: CRVUSDT at 0.38466908 (PnL: -2.9236153930879083e-05)
🟢 OPEN_SHORT: CRVUSDT at 0.38862777000000004 (qty: 0.015416941603661893)
🔴 CLOSE_SHORT: CRVUSDT at 0.39057320999999995 (PnL: -3.330452927721522e-05)
🟢 OPEN_LONG: CRVUSDT at 0.39317503 (qty: 0.015052461445218736)
🔴 CLOSE_LONG: CRVUSDT at 0.39222525 (PnL: -1.754370233084564e-05)
🟢 OPEN_SHORT: CRVUSDT at 0.39872070000000004 (qty: 0.014738774531790509)
🔴 CLOSE_SHORT: CRVUSDT at 0.3992793 (PnL: -1.1469767621308785e-05)
🟢 OPEN_SHORT: CRVUSDT at 0.39862077 (qty: 0.014668705404554611)
🔴 CLOSE_SHORT: CRVUSDT at 0.40038007 (PnL: -2.9036834931409117e-05)
🟢 OPEN_SHORT: CRVUSDT at 0.39922035000000006 (qty: 0.014485095756507206)
🔴 CLOSE_SHORT: CRVUSDT at 0.39987972 (PnL: -1.2736800408374152e-05)
🟢 OPEN_SHORT: CRVUSDT at 0.39802119 (qty: 0.014448754292157367)
🔴 CLOSE_SHORT: CRVUSDT at 0.39757810999999993 (PnL: 3.2424744189387954e-06)
🟢 OPEN_SHORT: CRVUSDT at 0.39492336 (qty: 0.014562494669357863)
🔴 CLOSE_SHORT: CRVUSDT at 0.39597699 (PnL: -1.8515008301809975e-05)
🟢 OPEN_SHORT: CRVUSDT at 0.39592266000000004 (qty: 0.014416232533758011)
🔴 CLOSE_SHORT: CRVUSDT at 0.39657740999999996 (PnL: -1.2583461939584513e-05)
🟢 OPEN_SHORT: CRVUSDT at 0.38762847000000006 (qty: 0.014643577969439795)
🔴 CLOSE_SHORT: CRVUSDT at 0.38937236999999997 (PnL: -2.8672928183487043e-05)
🟢 OPEN_SHORT: CRVUSDT at 0.40131888000000004 (qty: 0.013985581672002815)
🔴 CLOSE_SHORT: CRVUSDT at 0.40058020999999994 (PnL: 7.249438629931157e-06)
🟢 OPEN_SHORT: CRVUSDT at 0.40051944 (qty: 0.014034282341567518)
🔴 CLOSE_SHORT: CRVUSDT at 0.39947943999999996 (PnL: 1.1512129647394589e-05)
🟢 OPEN_SHORT: CRVUSDT at 0.40061937000000003 (qty: 0.014072819445416903)
🔴 CLOSE_SHORT: CRVUSDT at 0.40027999999999997 (PnL: 1.6777052430056807e-06)
🟢 OPEN_SHORT: CRVUSDT at 0.39962007 (qty: 0.014100887981843054)
🔴 CLOSE_SHORT: CRVUSDT at 0.39937936999999996 (PnL: 2.967016699841829e-07)
🟢 OPEN_SHORT: CRVUSDT at 0.39192546 (qty: 0.014363427035538055)
🔴 CLOSE_SHORT: CRVUSDT at 0.39107355999999993 (PnL: 9.146767392052442e-06)
🟢 OPEN_SHORT: CRVUSDT at 0.38702889 (qty: 0.014576415602568704)
🔴 CLOSE_SHORT: CRVUSDT at 0.38767118 (PnL: -1.2470256907623726e-05)
🟢 OPEN_SHORT: CRVUSDT at 0.39062637000000006 (qty: 0.014362439979870452)
🔴 CLOSE_SHORT: CRVUSDT at 0.39057320999999995 (PnL: -2.3217640481722276e-06)
🟢 OPEN_SHORT: CRVUSDT at 0.39042651 (qty: 0.014342091890763952)
🔴 CLOSE_SHORT: CRVUSDT at 0.39097349 (PnL: -1.0928895168647678e-05)
🟢 OPEN_SHORT: CRVUSDT at 0.38802819 (qty: 0.0143585330913759)
🔴 CLOSE_SHORT: CRVUSDT at 0.38857180999999996 (PnL: -1.0874212414876747e-05)
🟢 OPEN_SHORT: CRVUSDT at 0.38732868000000004 (qty: 0.01431249169182312)
🔴 CLOSE_SHORT: CRVUSDT at 0.38687061999999994 (PnL: 3.510584550349582e-06)
🟢 OPEN_SHORT: CRVUSDT at 0.38592966 (qty: 0.014366767460266027)
🔴 CLOSE_SHORT: CRVUSDT at 0.38566978 (PnL: 6.861801024322163e-07)
🟢 OPEN_SHORT: CRVUSDT at 0.38732868000000004 (qty: 0.014302671889918043)
🔴 CLOSE_SHORT: CRVUSDT at 0.38697068999999995 (PnL: 2.0761203643261323e-06)
🟢 OPEN_SHORT: CRVUSDT at 0.38223225000000005 (qty: 0.014488294605695085)
🔴 CLOSE_SHORT: CRVUSDT at 0.38216732999999997 (PnL: -2.1047439903386667e-06)
🟢 OPEN_SHORT: CRVUSDT at 0.37743561000000003 (qty: 0.014645126555564545)
🔴 CLOSE_SHORT: CRVUSDT at 0.37886501999999994 (PnL: -2.3985579740745253e-05)
🟢 OPEN_SHORT: CRVUSDT at 0.37983393000000004 (qty: 0.014410352345412247)
🔴 CLOSE_SHORT: CRVUSDT at 0.37956551 (PnL: 8.597067710598794e-07)
🟢 OPEN_SHORT: CRVUSDT at 0.37663617000000005 (qty: 0.014521280000124096)
🔴 CLOSE_SHORT: CRVUSDT at 0.3772639 (PnL: -1.212853819368834e-05)
🟢 OPEN_SHORT: CRVUSDT at 0.3750372900000001 (qty: 0.014502467323038493)
🔴 CLOSE_SHORT: CRVUSDT at 0.37596298999999994 (PnL: -1.6423749038365508e-05)
🟢 OPEN_SHORT: SNXUSDT at 0.68392092 (qty: 0.00789584807907576)
🔴 CLOSE_SHORT: SNXUSDT at 0.6839784499999999 (PnL: -3.424572601797077e-06)
🟢 OPEN_SHORT: SNXUSDT at 0.68432064 (qty: 0.007872546980268595)
🔴 CLOSE_SHORT: SNXUSDT at 0.6954864999999999 (PnL: -9.09151450050667e-05)
🟢 OPEN_SHORT: SNXUSDT at 0.71429964 (qty: 0.007279284106779839)
🔴 CLOSE_SHORT: SNXUSDT at 0.71510022 (PnL: -8.690628986615786e-06)
🟢 OPEN_SHORT: SNXUSDT at 0.6978111900000001 (qty: 0.00741818028160133)
🔴 CLOSE_SHORT: SNXUSDT at 0.71069714 (PnL: -9.848994393027543e-05)
🟢 OPEN_SHORT: SNXUSDT at 0.6865191000000002 (qty: 0.007244977137485643)
🔴 CLOSE_SHORT: SNXUSDT at 0.6864802 (PnL: -2.4536137342356557e-06)
🟢 OPEN_SHORT: SNXUSDT at 0.68541987 (qty: 0.007241454438396156)
🔴 CLOSE_SHORT: SNXUSDT at 0.6913836299999999 (PnL: -4.593993900238241e-05)
🟢 OPEN_SHORT: SNXUSDT at 0.68222211 (qty: 0.007132716794147795)
🔴 CLOSE_SHORT: SNXUSDT at 0.6744718 (PnL: 5.2634817312580365e-05)
🟢 OPEN_SHORT: SNXUSDT at 0.6767259600000001 (qty: 0.007338293966363577)
🔴 CLOSE_SHORT: SNXUSDT at 0.6811764899999999 (PnL: -3.5408567775746575e-05)
🟢 OPEN_SHORT: SNXUSDT at 0.6724289700000001 (qty: 0.007271748387292145)
🔴 CLOSE_SHORT: SNXUSDT at 0.6814767 (PnL: -6.851835593796538e-05)
🟢 OPEN_SHORT: SNXUSDT at 0.6917154600000001 (qty: 0.006863109375326322)
🔴 CLOSE_SHORT: SNXUSDT at 0.69388538 (PnL: -1.7511614486991583e-05)
🟢 OPEN_SHORT: SNXUSDT at 0.69591252 (qty: 0.006763886901856193)
🔴 CLOSE_SHORT: SNXUSDT at 0.6972877599999999 (PnL: -1.1895974373586714e-05)
🟢 OPEN_LONG: SNXUSDT at 0.70409252 (qty: 0.006644160698059676)
🔴 CLOSE_LONG: SNXUSDT at 0.7008090900000001 (PnL: -2.4376595077770716e-05)
🟢 OPEN_SHORT: SNXUSDT at 0.69811098 (qty: 0.006623881986202469)
🔴 CLOSE_SHORT: SNXUSDT at 0.70049 (PnL: -1.8310327423697956e-05)
🟢 OPEN_SHORT: SNXUSDT at 0.6958125900000001 (qty: 0.006585821427470121)
🔴 CLOSE_SHORT: SNXUSDT at 0.69768804 (PnL: -1.487854566008501e-05)
🟢 OPEN_SHORT: SNXUSDT at 0.67422771 (qty: 0.006745050016105291)
🔴 CLOSE_SHORT: SNXUSDT at 0.67467194 (PnL: -5.4992363575235446e-06)
🟢 OPEN_SHORT: SNXUSDT at 0.6756267300000001 (qty: 0.006707399933525794)
🔴 CLOSE_SHORT: SNXUSDT at 0.67657327 (PnL: -8.844748461501935e-06)
🟢 OPEN_SHORT: SNXUSDT at 0.6493451400000001 (qty: 0.006943956365662426)
🔴 CLOSE_SHORT: SNXUSDT at 0.6430498199999999 (PnL: 4.125850694781858e-05)
🟢 OPEN_SHORT: SNXUSDT at 0.66333534 (qty: 0.006914423412990966)
🔴 CLOSE_SHORT: SNXUSDT at 0.66136263 (PnL: 1.1125034521699994e-05)
🟢 OPEN_SHORT: SNXUSDT at 0.6617364600000001 (qty: 0.006957129481814662)
🔴 CLOSE_SHORT: SNXUSDT at 0.66226326 (PnL: -6.199113998997315e-06)
🟢 OPEN_SHORT: SNXUSDT at 0.6654338700000001 (qty: 0.006892230842113716)
🔴 CLOSE_SHORT: SNXUSDT at 0.66356417 (PnL: 1.0371013414493027e-05)
🟢 OPEN_SHORT: SNXUSDT at 0.62796012 (qty: 0.0073285241629733)
🔴 CLOSE_SHORT: SNXUSDT at 0.6277391099999999 (PnL: -9.105435543638017e-07)
🟢 OPEN_SHORT: SNXUSDT at 0.63005865 (qty: 0.007293190249337652)
🔴 CLOSE_SHORT: SNXUSDT at 0.6315417699999999 (PnL: -1.3349951176053869e-05)
🟢 OPEN_LONG: SNXUSDT at 0.62964044 (qty: 0.007247601581905628)
🔴 CLOSE_LONG: SNXUSDT at 0.63405585 (PnL: 2.9473671200949906e-05)
🟢 OPEN_LONG: SNXUSDT at 0.63864674 (qty: 0.007229835182473115)
🔴 CLOSE_LONG: SNXUSDT at 0.6355548000000001 (PnL: -2.488144264348155e-05)
🟢 OPEN_SHORT: SNXUSDT at 0.63535494 (qty: 0.007180976263440726)
🔴 CLOSE_SHORT: SNXUSDT at 0.6328426799999999 (PnL: 1.5541043882627992e-05)
🟢 OPEN_SHORT: SNXUSDT at 0.6335562 (qty: 0.007242502109754091)
🔴 CLOSE_SHORT: SNXUSDT at 0.63534443 (PnL: -1.5482075403807698e-05)
🟢 OPEN_SHORT: SNXUSDT at 0.60437664 (qty: 0.007532588584187256)
🔴 CLOSE_SHORT: SNXUSDT at 0.61412959 (PnL: -7.600925187851406e-05)
🟢 OPEN_SHORT: SNXUSDT at 0.60687489 (qty: 0.007242834355231857)
🔴 CLOSE_SHORT: SNXUSDT at 0.60582378 (PnL: 5.199680911276876e-06)
🟢 OPEN_LONG: SNXUSDT at 0.60762504 (qty: 0.007243050122998851)
🔴 CLOSE_LONG: SNXUSDT at 0.61816698 (PnL: 7.389322188235954e-05)
🟢 OPEN_SHORT: SNXUSDT at 0.6064751700000001 (qty: 0.007492481349221868)
🔴 CLOSE_SHORT: SNXUSDT at 0.61062714 (PnL: -3.362486963930621e-05)
🟢 OPEN_SHORT: SNXUSDT at 0.57749547 (qty: 0.00774336075124978)
🔴 CLOSE_SHORT: SNXUSDT at 0.5794052999999999 (PnL: -1.7256102006055873e-05)
🟢 OPEN_SHORT: SNXUSDT at 0.5677023300000001 (qty: 0.007807480059274004)
🔴 CLOSE_SHORT: SNXUSDT at 0.5702989299999999 (PnL: -2.2721831359998914e-05)
🟢 OPEN_SHORT: SNXUSDT at 0.5620063200000001 (qty: 0.007797074953312284)
🔴 CLOSE_SHORT: SNXUSDT at 0.56179298 (PnL: -7.457601147774431e-07)
🟢 OPEN_SHORT: SNXUSDT at 0.56040744 (qty: 0.007808057785785701)
🔴 CLOSE_SHORT: SNXUSDT at 0.5580903899999999 (PnL: 1.569497918440867e-05)
🟢 OPEN_SHORT: SNXUSDT at 0.56250597 (qty: 0.007826175374512724)
🔴 CLOSE_SHORT: SNXUSDT at 0.5652954299999999 (PnL: -2.426405880566238e-05)
🟢 OPEN_SHORT: SNXUSDT at 0.5665031700000001 (qty: 0.007676743901383003)
🔴 CLOSE_SHORT: SNXUSDT at 0.5668965499999999 (PnL: -5.413433314035344e-06)
🟢 OPEN_SHORT: SNXUSDT at 0.56580366 (qty: 0.007658644518228512)
🔴 CLOSE_SHORT: SNXUSDT at 0.5682975299999999 (PnL: -2.1493477624245275e-05)
🟢 OPEN_SHORT: SNXUSDT at 0.56820198 (qty: 0.007542274889283423)
🔴 CLOSE_SHORT: SNXUSDT at 0.56879788 (PnL: -6.853958088594766e-06)
🟢 OPEN_SHORT: SNXUSDT at 0.56550387 (qty: 0.007545684029606287)
🔴 CLOSE_SHORT: SNXUSDT at 0.5632940299999999 (PnL: 1.4337013074607173e-05)
🟢 OPEN_LONG: SNXUSDT at 0.5639945199999999 (qty: 0.00760839612735283)
🔴 CLOSE_LONG: SNXUSDT at 0.56330541 (PnL: -7.600239740298125e-06)
🟢 OPEN_SHORT: SNXUSDT at 0.5612068800000001 (qty: 0.007610692583172956)
🔴 CLOSE_SHORT: SNXUSDT at 0.5638944499999999 (PnL: -2.281466408532615e-05)
🟢 OPEN_SHORT: SNXUSDT at 0.5706003 (qty: 0.007397201544983048)
🔴 CLOSE_SHORT: SNXUSDT at 0.57200012 (PnL: -1.268191076096552e-05)
🟢 OPEN_SHORT: SNXUSDT at 0.60187839 (qty: 0.006962932610428291)
🔴 CLOSE_SHORT: SNXUSDT at 0.6045228699999999 (PnL: -2.072842463252504e-05)
🟢 OPEN_SHORT: SNXUSDT at 0.61396992 (qty: 0.0067507735516454)
🔴 CLOSE_SHORT: SNXUSDT at 0.6096264399999999 (PnL: 2.705835237995655e-05)
🟢 OPEN_SHORT: SNXUSDT at 0.60487629 (qty: 0.00693419368961309)
🔴 CLOSE_SHORT: SNXUSDT at 0.6046229399999999 (PnL: -5.491369450650617e-07)
🟢 OPEN_SHORT: SNXUSDT at 0.58828791 (qty: 0.007120012575026491)
🔴 CLOSE_SHORT: SNXUSDT at 0.5971176899999999 (PnL: -6.52064616385806e-05)
🟢 OPEN_LONG: SNXUSDT at 0.59181398 (qty: 0.006849444338253439)
🔴 CLOSE_LONG: SNXUSDT at 0.5905863 (PnL: -1.0633779219018438e-05)
🟢 OPEN_SHORT: SNXUSDT at 0.5813927400000001 (qty: 0.006927968174432559)
🔴 CLOSE_SHORT: SNXUSDT at 0.58370831 (PnL: -1.8266347192827837e-05)
🟢 OPEN_SHORT: SNXUSDT at 0.55511115 (qty: 0.007182177925521689)
🔴 CLOSE_SHORT: SNXUSDT at 0.5581904599999999 (PnL: -2.4321115067864647e-05)
🟢 OPEN_SHORT: SNXUSDT at 0.5597079300000001 (qty: 0.007028450034382612)
🔴 CLOSE_SHORT: SNXUSDT at 0.56129263 (PnL: -1.330774423202752e-05)
🟢 OPEN_SHORT: SNXUSDT at 0.5914856700000001 (qty: 0.006598530889593304)
🔴 CLOSE_SHORT: SNXUSDT at 0.5883115299999999 (PnL: 1.880956534601984e-05)
🟢 OPEN_SHORT: SNXUSDT at 0.5637051300000001 (qty: 0.006982839352248147)
🔴 CLOSE_SHORT: SNXUSDT at 0.56959844 (PnL: -4.333961490399317e-05)
🟢 OPEN_SHORT: SNXUSDT at 0.56150667 (qty: 0.0068480989663379736)
🔴 CLOSE_SHORT: SNXUSDT at 0.55949137 (PnL: 1.1693675096945912e-05)
🟢 OPEN_SHORT: SNXUSDT at 0.5547114300000001 (qty: 0.006966524591068403)
🔴 CLOSE_SHORT: SNXUSDT at 0.55568871 (PnL: -8.937415637115086e-06)
🟢 OPEN_SHORT: SNXUSDT at 0.55131381 (qty: 0.0069693250290023545)
🔴 CLOSE_SHORT: SNXUSDT at 0.5507852799999999 (PnL: 1.5722664569486515e-06)
🟢 OPEN_SHORT: SNXUSDT at 0.5547114300000001 (qty: 0.006924687227254694)
🔴 CLOSE_SHORT: SNXUSDT at 0.55648927 (PnL: -1.4430418717142236e-05)
🟢 OPEN_SHORT: SNXUSDT at 0.55690989 (qty: 0.006837941041466041)
🔴 CLOSE_SHORT: SNXUSDT at 0.5566894099999999 (PnL: -5.860059093707151e-07)
🟢 OPEN_SHORT: SNXUSDT at 0.56430471 (qty: 0.006738834507899248)
🔴 CLOSE_SHORT: SNXUSDT at 0.56749697 (PnL: -2.361545933669644e-05)
🟢 OPEN_SHORT: SNXUSDT at 0.55121388 (qty: 0.006805601670238537)
🔴 CLOSE_SHORT: SNXUSDT at 0.54848367 (PnL: 1.6527702976744598e-05)
🟢 OPEN_SHORT: SNXUSDT at 0.57649617 (qty: 0.006557322023540177)
🔴 CLOSE_SHORT: SNXUSDT at 0.57910509 (PnL: -1.91960867819852e-05)
🟢 OPEN_SHORT: SNXUSDT at 0.58608945 (qty: 0.006377389254026505)
🔴 CLOSE_SHORT: SNXUSDT at 0.58590985 (PnL: -9.09737239646528e-07)
🟢 OPEN_SHORT: SNXUSDT at 0.5851900800000001 (qty: 0.006377055457318578)
🔴 CLOSE_SHORT: SNXUSDT at 0.5852093599999999 (PnL: -2.1755015277901584e-06)
🟢 OPEN_SHORT: SNXUSDT at 0.5749972200000001 (qty: 0.006475394127339563)
🔴 CLOSE_SHORT: SNXUSDT at 0.57490215 (PnL: -1.43187918356096e-06)
🟢 OPEN_SHORT: SNXUSDT at 0.5606073000000001 (qty: 0.006629193369892981)
🔴 CLOSE_SHORT: SNXUSDT at 0.56119256 (PnL: -5.925941410554204e-06)
🟢 OPEN_SHORT: SNXUSDT at 0.56050737 (qty: 0.006601936923392551)
🔴 CLOSE_SHORT: SNXUSDT at 0.5632940299999999 (PnL: -2.0442710957401673e-05)
🟢 OPEN_SHORT: SNXUSDT at 0.56620338 (qty: 0.006456122537081682)
🔴 CLOSE_SHORT: SNXUSDT at 0.56989865 (PnL: -2.5880750462565876e-05)
🟢 OPEN_SHORT: SNXUSDT at 0.5676024 (qty: 0.0063419320901783715)
🔴 CLOSE_SHORT: SNXUSDT at 0.5623934 (PnL: 3.107346084481807e-05)
🟢 OPEN_SHORT: SNXUSDT at 0.55730961 (qty: 0.006563466815598904)
🔴 CLOSE_SHORT: SNXUSDT at 0.5593913 (PnL: -1.568245366433085e-05)
🟢 OPEN_SHORT: SNXUSDT at 0.5648043600000001 (qty: 0.006413715631508776)
🔴 CLOSE_SHORT: SNXUSDT at 0.5672968299999999 (PnL: -1.7987158100517062e-05)
🟢 OPEN_SHORT: SNXUSDT at 0.55541094 (qty: 0.006450242935919798)
🔴 CLOSE_SHORT: SNXUSDT at 0.5560889899999999 (PnL: -6.346387216419262e-06)
🟢 OPEN_SHORT: SNXUSDT at 0.5507142300000001 (qty: 0.0064750495530017755)
🔴 CLOSE_SHORT: SNXUSDT at 0.55028493 (PnL: 8.200215685930972e-07)
🟢 OPEN_SHORT: SNXUSDT at 0.55381206 (qty: 0.006434709059619867)
🔴 CLOSE_SHORT: SNXUSDT at 0.55578878 (PnL: -1.4686604596176935e-05)
🟢 OPEN_SHORT: SNXUSDT at 0.5496150000000001 (qty: 0.0064232713612048355)
🔴 CLOSE_SHORT: SNXUSDT at 0.550385 (PnL: -6.890318662602519e-06)
🟢 OPEN_SHORT: SNXUSDT at 0.5485157700000001 (qty: 0.006403940387976977)
🔴 CLOSE_SHORT: SNXUSDT at 0.5488839499999999 (PnL: -4.291063824688804e-06)
🟢 OPEN_SHORT: SNXUSDT at 0.54981486 (qty: 0.006366172490815732)
🔴 CLOSE_SHORT: SNXUSDT at 0.5507852799999999 (PnL: -8.106377862372102e-06)
🟢 OPEN_SHORT: SNXUSDT at 0.5485157700000001 (qty: 0.00634467308604177)
🔴 CLOSE_SHORT: SNXUSDT at 0.54848367 (PnL: -1.7103082624878144e-06)
🟢 OPEN_SHORT: SNXUSDT at 0.5447184300000001 (qty: 0.00637559565975397)
🔴 CLOSE_SHORT: SNXUSDT at 0.5478832499999999 (PnL: -2.209880779481512e-05)
🟢 OPEN_SHORT: SNXUSDT at 0.54611745 (qty: 0.006271337141126764)
🔴 CLOSE_SHORT: SNXUSDT at 0.5489840199999999 (PnL: -1.9870802039620222e-05)
🟢 OPEN_SHORT: SNXUSDT at 0.54531801 (qty: 0.006200744531087278)
🔴 CLOSE_SHORT: SNXUSDT at 0.5465823399999999 (PnL: -9.703856933538249e-06)
🟢 OPEN_SHORT: SNXUSDT at 0.5405213700000001 (qty: 0.006212983658553124)
🔴 CLOSE_SHORT: SNXUSDT at 0.54097842 (PnL: -4.688243726840199e-06)
🟢 OPEN_SHORT: SNXUSDT at 0.54301962 (qty: 0.006160329669068506)
🔴 CLOSE_SHORT: SNXUSDT at 0.54518136 (PnL: -1.5164204357678726e-05)
🟢 OPEN_SHORT: SNXUSDT at 0.5417205300000001 (qty: 0.006112324687774617)
🔴 CLOSE_SHORT: SNXUSDT at 0.5479833199999999 (PnL: -4.0122404517775674e-05)
🟢 OPEN_SHORT: SNXUSDT at 0.5486157 (qty: 0.005882596271691595)
🔴 CLOSE_SHORT: SNXUSDT at 0.5477831799999999 (PnL: 3.125066037309508e-06)
🟢 OPEN_SHORT: SNXUSDT at 0.5136402000000001 (qty: 0.006288418995140072)
🔴 CLOSE_SHORT: SNXUSDT at 0.49934929999999994 (PnL: 8.814010232481683e-05)
🟢 OPEN_SHORT: SNXUSDT at 0.49875063000000003 (qty: 0.006822471606156668)
🔴 CLOSE_SHORT: SNXUSDT at 0.5013506999999999 (PnL: -1.9620151752531302e-05)
🟢 OPEN_SHORT: SNXUSDT at 0.5014487400000001 (qty: 0.006700044205933854)
🔴 CLOSE_SHORT: SNXUSDT at 0.51956344 (PnL: -0.00012328389468591237)
🟢 OPEN_SHORT: SNXUSDT at 0.51194139 (qty: 0.006073869577219507)
🔴 CLOSE_SHORT: SNXUSDT at 0.51055714 (PnL: 6.70217234822362e-06)
🟢 OPEN_SHORT: SNXUSDT at 0.5118414600000001 (qty: 0.00609456132564861)
🔴 CLOSE_SHORT: SNXUSDT at 0.51365931 (PnL: -1.280078879673665e-05)
🟢 OPEN_SHORT: SNXUSDT at 0.50494629 (qty: 0.0061202869622081196)
🔴 CLOSE_SHORT: SNXUSDT at 0.5057537799999999 (PnL: -6.644517565314699e-06)
🟢 OPEN_SHORT: SNXUSDT at 0.5083439100000001 (qty: 0.006046551639335846)
🔴 CLOSE_SHORT: SNXUSDT at 0.50815546 (PnL: -5.504508699017018e-07)
🟢 OPEN_SHORT: SNXUSDT at 0.51533901 (qty: 0.005955779866430947)
🔴 CLOSE_SHORT: SNXUSDT at 0.51355924 (PnL: 8.91766315288185e-06)
🟢 OPEN_SHORT: SNXUSDT at 0.5103425100000001 (qty: 0.006042422090568257)
🔴 CLOSE_SHORT: SNXUSDT at 0.51115756 (PnL: -6.623622477684959e-06)
🟢 OPEN_SHORT: SNXUSDT at 0.5076444 (qty: 0.006041759814316765)
🔴 CLOSE_SHORT: SNXUSDT at 0.5089560200000001 (PnL: -9.615737523544402e-06)
🟢 OPEN_SHORT: SNXUSDT at 0.5055458700000001 (qty: 0.006022124735677002)
🔴 CLOSE_SHORT: SNXUSDT at 0.50815546 (PnL: -1.7398373049854413e-05)
🟢 OPEN_SHORT: SNXUSDT at 0.54981486 (qty: 0.005467867195020963)
🔴 CLOSE_SHORT: SNXUSDT at 0.5473829 (PnL: 1.165147495248925e-05)
🟢 OPEN_SHORT: SNXUSDT at 0.55341234 (qty: 0.0054684552934508605)
🔴 CLOSE_SHORT: SNXUSDT at 0.55879088 (PnL: -3.109295315415486e-05)
🟢 OPEN_SHORT: SNXUSDT at 0.56580366 (qty: 0.005232903216146754)
🔴 CLOSE_SHORT: SNXUSDT at 0.56579578 (PnL: -1.587179728920735e-06)
🟢 OPEN_SHORT: SNXUSDT at 0.56550387 (qty: 0.005224304755495985)
🔴 CLOSE_SHORT: SNXUSDT at 0.5697985799999999 (PnL: -2.4074114663618637e-05)
🟢 OPEN_SHORT: SNXUSDT at 0.56800212 (qty: 0.00511083748587445)
🔴 CLOSE_SHORT: SNXUSDT at 0.5690980899999999 (PnL: -7.201036877724332e-06)
🟢 OPEN_SHORT: SNXUSDT at 0.5672026800000001 (qty: 0.005087019669965339)
🔴 CLOSE_SHORT: SNXUSDT at 0.5660959899999999 (PnL: 4.04589600863472e-06)
🟢 OPEN_SHORT: SNXUSDT at 0.5606073000000001 (qty: 0.005155639382015339)
🔴 CLOSE_SHORT: SNXUSDT at 0.56119256 (PnL: -4.6087080594938195e-06)
🟢 OPEN_SHORT: SNXUSDT at 0.55920828 (qty: 0.005146369327051489)
🔴 CLOSE_SHORT: SNXUSDT at 0.55759004 (PnL: 6.749800346398788e-06)
🟢 OPEN_SHORT: SNXUSDT at 0.55750947 (qty: 0.005180586903294147)
🔴 CLOSE_SHORT: SNXUSDT at 0.56009179 (PnL: -1.4973815477668798e-05)
🟢 OPEN_SHORT: SNXUSDT at 0.53532501 (qty: 0.005333398450605711)
🔴 CLOSE_SHORT: SNXUSDT at 0.53517436 (PnL: -7.663874797514366e-07)
🟢 OPEN_SHORT: SNXUSDT at 0.5347254300000001 (qty: 0.005330638926613523)
🔴 CLOSE_SHORT: SNXUSDT at 0.5348741499999999 (PnL: -2.3609441518214503e-06)
🟢 OPEN_LONG: SNXUSDT at 0.5375760399999999 (qty: 0.005287755817564184)
🔴 CLOSE_LONG: SNXUSDT at 0.5398218600000001 (PnL: 1.0305402370838099e-05)
🟢 OPEN_SHORT: SNXUSDT at 0.53072823 (qty: 0.00538892534455649)
🔴 CLOSE_SHORT: SNXUSDT at 0.5310714899999999 (PnL: -3.4238500504994354e-06)
🟢 OPEN_SHORT: SNXUSDT at 0.5316276000000001 (qty: 0.005361010318739919)
🔴 CLOSE_SHORT: SNXUSDT at 0.5323724 (PnL: -5.562610146793627e-06)
🟢 OPEN_SHORT: SNXUSDT at 0.5206353 (qty: 0.005446808470111493)
🔴 CLOSE_SHORT: SNXUSDT at 0.52056414 (PnL: -1.1718823511100522e-06)
🟢 OPEN_SHORT: SNXUSDT at 0.49435371 (qty: 0.005725328968075866)
🔴 CLOSE_SHORT: SNXUSDT at 0.49184405 (PnL: 1.2819846155039003e-05)
🟢 OPEN_SHORT: SNXUSDT at 0.49175553 (qty: 0.005801386589940112)
🔴 CLOSE_SHORT: SNXUSDT at 0.49454593999999996 (PnL: -1.776622585586852e-05)
🟢 OPEN_SHORT: SNXUSDT at 0.49705182000000003 (qty: 0.0056617705076064725)
🔴 CLOSE_SHORT: SNXUSDT at 0.49434579999999995 (PnL: 1.3781484369944238e-05)
🟢 OPEN_SHORT: SNXUSDT at 0.49145574000000003 (qty: 0.005776025103093264)
🔴 CLOSE_SHORT: SNXUSDT at 0.49194411999999993 (PnL: -4.383710012389626e-06)
🟢 OPEN_SHORT: SNXUSDT at 0.49155567000000006 (qty: 0.005750662472297562)
🔴 CLOSE_SHORT: SNXUSDT at 0.49214426 (PnL: -4.941367964385563e-06)
🟢 OPEN_SHORT: SNXUSDT at 0.49045644000000005 (qty: 0.005737061095102258)
🔴 CLOSE_SHORT: SNXUSDT at 0.49284474999999994 (PnL: -1.5256994626675784e-05)
🟢 OPEN_SHORT: SNXUSDT at 0.50214825 (qty: 0.005536551038654709)
🔴 CLOSE_SHORT: SNXUSDT at 0.50055014 (PnL: 7.3237908117507294e-06)
🟢 OPEN_SHORT: SNXUSDT at 0.49845084000000006 (qty: 0.005600870911087355)
🔴 CLOSE_SHORT: SNXUSDT at 0.50035 (PnL: -1.2178267667699506e-05)
🟢 OPEN_SHORT: SNXUSDT at 0.49775133000000005 (qty: 0.005553639284773522)
🔴 CLOSE_SHORT: SNXUSDT at 0.5000497899999999 (PnL: -1.4292220637427656e-05)
🟢 OPEN_SHORT: SNXUSDT at 0.49545294000000006 (qty: 0.00551557153861483)
🔴 CLOSE_SHORT: SNXUSDT at 0.49624713 (PnL: -5.885809360743065e-06)
🟢 OPEN_SHORT: SNXUSDT at 0.48815805 (qty: 0.005567722460210374)
🔴 CLOSE_SHORT: SNXUSDT at 0.48794131999999996 (PnL: -2.875045268440892e-07)
🟢 OPEN_SHORT: SNXUSDT at 0.48605952 (qty: 0.005584426797505747)
🔴 CLOSE_SHORT: SNXUSDT at 0.48964251 (PnL: -2.151285038591794e-05)
🟢 OPEN_SHORT: SNXUSDT at 0.48156267 (qty: 0.005541028144289895)
🔴 CLOSE_SHORT: SNXUSDT at 0.48363830999999996 (PnL: -1.2975099075465253e-05)
🟢 OPEN_SHORT: SNXUSDT at 0.48186246000000005 (qty: 0.005477635510390235)
🔴 CLOSE_SHORT: SNXUSDT at 0.47773417999999995 (PnL: 2.117394358494198e-05)
🟢 OPEN_SHORT: SNXUSDT at 0.47906442000000005 (qty: 0.0055919648459295595)
🔴 CLOSE_SHORT: SNXUSDT at 0.48263761 (PnL: -2.146554376947066e-05)
🟢 OPEN_SHORT: SNXUSDT at 0.47976393000000006 (qty: 0.005488185628089173)
🔴 CLOSE_SHORT: SNXUSDT at 0.48333809999999994 (PnL: -2.1074665494007163e-05)
🟢 OPEN_SHORT: SNXUSDT at 0.49615245 (qty: 0.005216114195662018)
🔴 CLOSE_SHORT: SNXUSDT at 0.5012506299999999 (PnL: -2.803070835973979e-05)
🟢 OPEN_SHORT: SNXUSDT at 0.49945014000000004 (qty: 0.0050637279515361126)
🔴 CLOSE_SHORT: SNXUSDT at 0.50024993 (PnL: -5.443140232670859e-06)
🟢 OPEN_SHORT: SNXUSDT at 0.49755147000000005 (qty: 0.005055580212140736)
🔴 CLOSE_SHORT: SNXUSDT at 0.49984965 (PnL: -1.300849983170924e-05)
🟢 OPEN_SHORT: SNXUSDT at 0.49255497000000004 (qty: 0.0050484261971556225)
🔴 CLOSE_SHORT: SNXUSDT at 0.49304489 (PnL: -3.842330368987709e-06)
🟢 OPEN_SHORT: SNXUSDT at 0.49315455 (qty: 0.005021159113697186)
🔴 CLOSE_SHORT: SNXUSDT at 0.49054314 (PnL: 1.17576027841602e-05)
🟢 OPEN_SHORT: SNXUSDT at 0.48605952 (qty: 0.005137228544669924)
🔴 CLOSE_SHORT: SNXUSDT at 0.48603999 (PnL: -1.27296410728586e-06)
🟢 OPEN_SHORT: SNXUSDT at 0.5013488100000001 (qty: 0.004970005241686651)
🔴 CLOSE_SHORT: SNXUSDT at 0.49794831999999994 (PnL: 1.5539309956034775e-05)
🟢 OPEN_SHORT: SNXUSDT at 0.50384706 (qty: 0.005001604964590825)
🔴 CLOSE_SHORT: SNXUSDT at 0.5054535699999999 (PnL: -9.425571888459466e-06)
🟢 OPEN_SHORT: SNXUSDT at 0.50484636 (qty: 0.004948873484125332)
🔴 CLOSE_SHORT: SNXUSDT at 0.5026516099999999 (PnL: 9.493382505819687e-06)
🟢 OPEN_SHORT: SNXUSDT at 0.50374713 (qty: 0.004991907877930381)
🔴 CLOSE_SHORT: SNXUSDT at 0.50315196 (PnL: 1.5896052836022089e-06)
🟢 OPEN_SHORT: SNXUSDT at 0.50004972 (qty: 0.0050296445563565865)
🔴 CLOSE_SHORT: SNXUSDT at 0.50045007 (PnL: -3.398015481804124e-06)
🟢 OPEN_SHORT: SNXUSDT at 0.49275483000000003 (qty: 0.005084698493071438)
🔴 CLOSE_SHORT: SNXUSDT at 0.49384544999999996 (PnL: -6.926554238997074e-06)
🟢 OPEN_SHORT: SNXUSDT at 0.49095609000000007 (qty: 0.005069497299363338)
🔴 CLOSE_SHORT: SNXUSDT at 0.49254454 (PnL: -9.425967253613615e-06)
🟢 OPEN_SHORT: SNXUSDT at 0.4918554600000001 (qty: 0.005016333146376279)
🔴 CLOSE_SHORT: SNXUSDT at 0.47463200999999994 (PnL: 8.508906137370341e-05)
🟢 OPEN_SHORT: SNXUSDT at 0.46777233000000007 (qty: 0.005632601073346137)
🔴 CLOSE_SHORT: SNXUSDT at 0.46882795 (PnL: -7.398282792956789e-06)
🟢 OPEN_SHORT: SNXUSDT at 0.46937121000000004 (qty: 0.0055757150295452675)
🔴 CLOSE_SHORT: SNXUSDT at 0.47072927999999997 (PnL: -9.015770086912833e-06)
🟢 OPEN_SHORT: SNXUSDT at 0.4726689 (qty: 0.0054925758427051075)
🔴 CLOSE_SHORT: SNXUSDT at 0.47263060999999995 (PnL: -1.2174669800374747e-06)
🟢 OPEN_SHORT: SNXUSDT at 0.47097009 (qty: 0.005501154141270439)
🔴 CLOSE_SHORT: SNXUSDT at 0.46992871999999997 (PnL: 4.306904209823571e-06)
🟢 OPEN_SHORT: SNXUSDT at 0.47716575 (qty: 0.0054418048706775905)
🔴 CLOSE_SHORT: SNXUSDT at 0.47683354999999994 (PnL: 3.806082538485557e-07)
🟢 OPEN_SHORT: SNXUSDT at 0.4727688300000001 (qty: 0.005487984078361302)
🔴 CLOSE_SHORT: SNXUSDT at 0.47333109999999995 (PnL: -4.51442725506575e-06)
🟢 OPEN_SHORT: SNXUSDT at 0.47496729000000004 (qty: 0.005437563826095104)
🔴 CLOSE_SHORT: SNXUSDT at 0.47703368999999995 (PnL: -1.2662827515357414e-05)
🟢 OPEN_SHORT: SNXUSDT at 0.4772656800000001 (qty: 0.0053523613267175635)
🔴 CLOSE_SHORT: SNXUSDT at 0.47863480999999997 (PnL: -8.737083008913848e-06)
🟢 OPEN_SHORT: SNXUSDT at 0.47686596000000003 (qty: 0.005314311497467145)
🔴 CLOSE_SHORT: SNXUSDT at 0.47543257 (PnL: 6.227852732192869e-06)
🟢 OPEN_SHORT: SNXUSDT at 0.47776533000000004 (qty: 0.005324543586625905)
🔴 CLOSE_SHORT: SNXUSDT at 0.47713375999999996 (PnL: 1.9655362670318684e-06)
🟢 OPEN_SHORT: SNXUSDT at 0.45687996000000003 (qty: 0.005570424068811507)
🔴 CLOSE_SHORT: SNXUSDT at 0.45691961999999997 (PnL: -1.620802845386852e-06)
🟢 OPEN_SHORT: SNXUSDT at 0.45807912 (qty: 0.0055426538616572575)
🔴 CLOSE_SHORT: SNXUSDT at 0.45191612 (PnL: 3.27817277041791e-05)
🟢 OPEN_SHORT: SNXUSDT at 0.45368220000000004 (qty: 0.0057347292607405785)
🔴 CLOSE_SHORT: SNXUSDT at 0.45521843 (PnL: -1.02456680800295e-05)
🟢 OPEN_LONG: SNXUSDT at 0.45962150999999996 (qty: 0.005609814327904119)
🔴 CLOSE_LONG: SNXUSDT at 0.45857877 (PnL: -7.2644757572086095e-06)
🟢 OPEN_SHORT: SNXUSDT at 0.46067730000000007 (qty: 0.005559262742555548)
🔴 CLOSE_SHORT: SNXUSDT at 0.46152284 (PnL: -6.111728720427721e-06)
🟢 OPEN_SHORT: SNXUSDT at 0.45857877 (qty: 0.005551904559439101)
🔴 CLOSE_SHORT: SNXUSDT at 0.45902108999999996 (PnL: -3.857361130078111e-06)
🟢 OPEN_SHORT: SNXUSDT at 0.45907842 (qty: 0.005522956748096283)
🔴 CLOSE_SHORT: SNXUSDT at 0.46072227999999993 (PnL: -1.04784697538536e-05)
🟢 OPEN_SHORT: SNXUSDT at 0.4617765300000001 (qty: 0.005439263664728195)
🔴 CLOSE_SHORT: SNXUSDT at 0.46212326 (PnL: -3.268441531679755e-06)
🟢 OPEN_SHORT: SNXUSDT at 0.46027758 (qty: 0.0054367725689766925)
🔴 CLOSE_SHORT: SNXUSDT at 0.46112255999999996 (PnL: -5.9728242521629676e-06)
🟢 OPEN_LONG: SNXUSDT at 0.46072227999999993 (qty: 0.00539962210115279)
🔴 CLOSE_LONG: SNXUSDT at 0.45957807 (PnL: -7.54315295154705e-06)
🟢 OPEN_SHORT: SNXUSDT at 0.46347534 (qty: 0.005329093454793613)
🔴 CLOSE_SHORT: SNXUSDT at 0.46402458999999996 (PnL: -4.287061303032861e-06)
🟢 OPEN_SHORT: SNXUSDT at 0.46247604000000003 (qty: 0.005316194076789931)
🔴 CLOSE_SHORT: SNXUSDT at 0.46342416999999997 (PnL: -6.395452145203907e-06)
🟢 OPEN_SHORT: SNXUSDT at 0.46377513000000004 (qty: 0.005267891373545397)
🔴 CLOSE_SHORT: SNXUSDT at 0.46392451999999995 (PnL: -2.1311174795798082e-06)
🟢 OPEN_SHORT: SNXUSDT at 0.46257597 (qty: 0.005266523773220376)
🔴 CLOSE_SHORT: SNXUSDT at 0.4627236799999999 (PnL: -2.118238120175528e-06)
🟢 OPEN_SHORT: SNXUSDT at 0.45817905000000003 (qty: 0.005301968919373121)
🔴 CLOSE_SHORT: SNXUSDT at 0.45832059999999997 (PnL: -2.0869945675065613e-06)
🟢 OPEN_SHORT: SNXUSDT at 0.45038451 (qty: 0.005378526266993556)
🔴 CLOSE_SHORT: SNXUSDT at 0.45011485999999995 (PnL: 1.1879457917439578e-07)
🟢 OPEN_SHORT: SNXUSDT at 0.44298969000000005 (qty: 0.005462831112460798)
🔴 CLOSE_SHORT: SNXUSDT at 0.4433101 (PnL: -3.0822962304546833e-06)
🟢 OPEN_SHORT: SNXUSDT at 0.44209032000000004 (qty: 0.005453978935624125)
🔴 CLOSE_SHORT: SNXUSDT at 0.44230939999999996 (PnL: -2.5216480880618356e-06)
🟢 OPEN_SHORT: SNXUSDT at 0.44049144000000007 (qty: 0.0054563051902324754)
🔴 CLOSE_SHORT: SNXUSDT at 0.44000778999999995 (PnL: 1.3184927716807075e-06)
🟢 OPEN_SHORT: SNXUSDT at 0.43869270000000005 (qty: 0.005478661747881826)
🔴 CLOSE_SHORT: SNXUSDT at 0.43920723 (PnL: -4.142383146854178e-06)
🟢 OPEN_SHORT: SNXUSDT at 0.44828598000000003 (qty: 0.005337040329624519)
🔴 CLOSE_SHORT: SNXUSDT at 0.44781325 (PnL: 1.208480518558946e-06)
🟢 OPEN_SHORT: SNXUSDT at 0.44818605000000006 (qty: 0.005337751014589745)
🔴 CLOSE_SHORT: SNXUSDT at 0.44791331999999995 (PnL: 1.4079745615660398e-07)
🟢 OPEN_SHORT: SNXUSDT at 0.44848584 (qty: 0.0053289432770661106)
🔴 CLOSE_SHORT: SNXUSDT at 0.44981465 (PnL: -8.399523331271836e-06)
🟢 OPEN_SHORT: SNXUSDT at 0.44019165000000005 (qty: 0.005385217107372881)
🔴 CLOSE_SHORT: SNXUSDT at 0.4410084899999999 (PnL: -5.705070297650362e-06)
🟢 OPEN_SHORT: SNXUSDT at 0.44229018000000003 (qty: 0.005327972425575631)
🔴 CLOSE_SHORT: SNXUSDT at 0.42069428 (PnL: 0.00011382956356759852)
🟢 OPEN_SHORT: SNXUSDT at 0.41430978000000007 (qty: 0.0062310304367099905)
🔴 CLOSE_SHORT: SNXUSDT at 0.41519042999999994 (PnL: -6.910242267586245e-06)
🟢 OPEN_SHORT: SNXUSDT at 0.41930628000000003 (qty: 0.0061170479734696795)
🔴 CLOSE_SHORT: SNXUSDT at 0.41999379 (PnL: -5.6185488413339556e-06)
🟢 OPEN_SHORT: SNXUSDT at 0.41890656000000004 (qty: 0.006089324846956484)
🔴 CLOSE_SHORT: SNXUSDT at 0.41979364999999996 (PnL: -6.8077221254329174e-06)
🟢 OPEN_SHORT: SNXUSDT at 0.41960607000000005 (qty: 0.006040038305864816)
🔴 CLOSE_SHORT: SNXUSDT at 0.42069428 (PnL: -7.970385346266706e-06)
🟢 OPEN_SHORT: SNXUSDT at 0.43359627000000006 (qty: 0.005801959701062591)
🔴 CLOSE_SHORT: SNXUSDT at 0.43520443 (PnL: -1.0719250723381472e-05)
🟢 OPEN_SHORT: SNXUSDT at 0.43309662000000004 (qty: 0.005752763216509807)
🔴 CLOSE_SHORT: SNXUSDT at 0.43360330999999996 (PnL: -4.286797038951592e-06)
🟢 OPEN_SHORT: SNXUSDT at 0.43309662000000004 (qty: 0.005726639146058491)
🔴 CLOSE_SHORT: SNXUSDT at 0.43330309999999994 (PnL: -2.5471902228902454e-06)
🟢 OPEN_SHORT: SNXUSDT at 0.43139781 (qty: 0.005731057074230189)
🔴 CLOSE_SHORT: SNXUSDT at 0.4309014199999999 (PnL: 1.486603073814759e-06)
🟢 OPEN_SHORT: SNXUSDT at 0.42849984 (qty: 0.005770408397206507)
🔴 CLOSE_SHORT: SNXUSDT at 0.42960051 (PnL: -7.714749125244623e-06)
🟢 OPEN_SHORT: SNXUSDT at 0.42120495 (qty: 0.005827257480484844)
🔴 CLOSE_SHORT: SNXUSDT at 0.42159491 (PnL: -3.6236054782571864e-06)
🟢 OPEN_SHORT: SNXUSDT at 0.40241811000000005 (qty: 0.006074583890081214)
🔴 CLOSE_SHORT: SNXUSDT at 0.40578385 (PnL: -2.180120240313747e-05)
🟢 OPEN_SHORT: SNXUSDT at 0.40181853000000006 (qty: 0.005968443487292116)
🔴 CLOSE_SHORT: SNXUSDT at 0.40238146999999996 (PnL: -4.680750661951321e-06)
🟢 OPEN_SHORT: SNXUSDT at 0.39952014 (qty: 0.005972744284732652)
🔴 CLOSE_SHORT: SNXUSDT at 0.39877894999999997 (PnL: 3.116945754435039e-06)
🟢 OPEN_SHORT: SNXUSDT at 0.39722175000000004 (qty: 0.006016389257469799)
🔴 CLOSE_SHORT: SNXUSDT at 0.39857880999999995 (PnL: -9.483504104647926e-06)
🟢 OPEN_SHORT: SNXUSDT at 0.39912042000000003 (qty: 0.0059336599129344745)
🔴 CLOSE_SHORT: SNXUSDT at 0.38927229999999996 (PnL: 5.716499966881949e-05)
🟢 OPEN_SHORT: SNXUSDT at 0.38902749000000003 (qty: 0.006374793119645508)
🔴 CLOSE_SHORT: SNXUSDT at 0.38977265 (PnL: -6.116836845130134e-06)
🟢 OPEN_SHORT: SNXUSDT at 0.38952714 (qty: 0.006328206363673204)
🔴 CLOSE_SHORT: SNXUSDT at 0.38967258 (PnL: -2.2766350088103355e-06)
🟢 OPEN_LONG: SNXUSDT at 0.40358230999999994 (qty: 0.006089819316448779)
🔴 CLOSE_LONG: SNXUSDT at 0.40261797 (PnL: -7.221185239594394e-06)
🟢 OPEN_SHORT: SNXUSDT at 0.40611552 (qty: 0.006009613863203001)
🔴 CLOSE_SHORT: SNXUSDT at 0.40718482999999994 (PnL: -7.772003179650883e-06)
🟢 OPEN_SHORT: SNXUSDT at 0.40881363000000004 (qty: 0.005925362115469683)
🔴 CLOSE_SHORT: SNXUSDT at 0.41649134 (PnL: -4.68505360716639e-05)
🟢 OPEN_SHORT: SNXUSDT at 0.41640831000000006 (qty: 0.005585871035261692)
🔴 CLOSE_SHORT: SNXUSDT at 0.41759210999999996 (PnL: -7.89549275103379e-06)
🟢 OPEN_LONG: SNXUSDT at 0.41799239 (qty: 0.005520802732173582)
🔴 CLOSE_LONG: SNXUSDT at 0.41730768000000007 (PnL: -5.047279197691702e-06)
🟢 OPEN_SHORT: SNXUSDT at 0.41830698000000005 (qty: 0.005486450528419985)
🔴 CLOSE_SHORT: SNXUSDT at 0.41899308999999996 (PnL: -5.028640245072876e-06)
🟢 OPEN_SHORT: SNXUSDT at 0.42320355000000004 (qty: 0.005393241026371365)
🔴 CLOSE_SHORT: SNXUSDT at 0.42399659 (PnL: -5.534749555879628e-06)
🟢 OPEN_SHORT: SNXUSDT at 0.42410292000000005 (qty: 0.005349782940968753)
🔴 CLOSE_SHORT: SNXUSDT at 0.42469707999999995 (PnL: -4.428247488720239e-06)
🟢 OPEN_SHORT: SNXUSDT at 0.42210432000000003 (qty: 0.005348218959783012)
🔴 CLOSE_SHORT: SNXUSDT at 0.42309596 (PnL: -6.5480532585727905e-06)
🟢 OPEN_LONG: SNXUSDT at 0.42309596 (qty: 0.005298861666637516)
🔴 CLOSE_LONG: SNXUSDT at 0.42260397000000005 (PnL: -3.838612938609693e-06)
🟢 OPEN_SHORT: SNXUSDT at 0.42310362 (qty: 0.005274792066813033)
🔴 CLOSE_SHORT: SNXUSDT at 0.4228958199999999 (PnL: -1.3077634254918612e-07)
🟢 OPEN_SHORT: SNXUSDT at 0.4227039 (qty: 0.005273353530806641)
🔴 CLOSE_SHORT: SNXUSDT at 0.42299589 (PnL: -2.7666002759865513e-06)
🟢 OPEN_SHORT: SNXUSDT at 0.42240411000000005 (qty: 0.00525819204075652)
🔴 CLOSE_SHORT: SNXUSDT at 0.4243968699999999 (PnL: -1.1705672905313073e-05)
🟢 OPEN_SHORT: SNXUSDT at 0.4229037600000001 (qty: 0.005190843877226653)
🔴 CLOSE_SHORT: SNXUSDT at 0.42359631 (PnL: -4.8042711988714315e-06)
🟢 OPEN_LONG: SNXUSDT at 0.42339616999999996 (qty: 0.005156409659354728)
🔴 CLOSE_LONG: SNXUSDT at 0.42310362 (PnL: -2.708440222035726e-06)
🟢 OPEN_SHORT: SNXUSDT at 0.4157088 (qty: 0.005232955606826028)
🔴 CLOSE_SHORT: SNXUSDT at 0.41809246 (PnL: -1.3676909567267759e-05)
🟢 OPEN_SHORT: SNXUSDT at 0.41640831000000006 (qty: 0.005152728465882586)
🔴 CLOSE_SHORT: SNXUSDT at 0.41759210999999996 (PnL: -7.2832562716900325e-06)
🟢 OPEN_SHORT: SNXUSDT at 0.40421685000000007 (qty: 0.005266262989719685)
🔴 CLOSE_SHORT: SNXUSDT at 0.40448293999999996 (PnL: -2.572862364226163e-06)
🟢 OPEN_SHORT: SNXUSDT at 0.40481643000000006 (qty: 0.005239967480536676)
🔴 CLOSE_SHORT: SNXUSDT at 0.4062842 (PnL: -8.86197086662764e-06)
🟢 OPEN_SHORT: SNXUSDT at 0.40661517 (qty: 0.0051674600326200686)
🔴 CLOSE_SHORT: SNXUSDT at 0.40768518 (PnL: -6.6879171899514005e-06)
🟢 OPEN_SHORT: SNXUSDT at 0.40501629 (qty: 0.005149127510028138)
🔴 CLOSE_SHORT: SNXUSDT at 0.40658440999999995 (PnL: -9.225905064898827e-06)
🟢 OPEN_SHORT: SNXUSDT at 0.40721475 (qty: 0.005070382843808557)
🔴 CLOSE_SHORT: SNXUSDT at 0.40998679 (PnL: -1.5198638550763226e-05)
🟢 OPEN_SHORT: SNXUSDT at 0.41980593 (qty: 0.004840489501646413)
🔴 CLOSE_SHORT: SNXUSDT at 0.42129469999999997 (PnL: -8.327975470213099e-06)
🟢 OPEN_SHORT: SNXUSDT at 0.42210432000000003 (qty: 0.004769377800106148)
🔴 CLOSE_SHORT: SNXUSDT at 0.42179504999999995 (PnL: 3.6859050102366283e-07)
🟢 OPEN_SHORT: SNXUSDT at 0.4214048100000001 (qty: 0.004773789035935558)
🔴 CLOSE_SHORT: SNXUSDT at 0.42129469999999997 (PnL: -5.805027001193901e-07)
🟢 OPEN_SHORT: SNXUSDT at 0.41870670000000004 (qty: 0.004796493079380931)
🔴 CLOSE_SHORT: SNXUSDT at 0.41829259999999996 (PnL: 8.827421255911048e-07)
🟢 OPEN_SHORT: SNXUSDT at 0.41730768000000007 (qty: 0.00481151009951189)
🔴 CLOSE_SHORT: SNXUSDT at 0.41879294999999994 (PnL: -8.254656185192567e-06)
🟢 OPEN_SHORT: SNXUSDT at 0.42600159000000004 (qty: 0.004669377258485976)
🔴 CLOSE_SHORT: SNXUSDT at 0.42659841 (PnL: -3.882349638197484e-06)
🟢 OPEN_SHORT: SNXUSDT at 0.42160467 (qty: 0.004694467352077483)
🔴 CLOSE_SHORT: SNXUSDT at 0.42249554 (PnL: -5.273025465355803e-06)
🟢 OPEN_SHORT: SNXUSDT at 0.42300369000000004 (qty: 0.004648862939169681)
🔴 CLOSE_SHORT: SNXUSDT at 0.42559770999999996 (PnL: -1.3147443423022528e-05)
🟢 OPEN_SHORT: SNXUSDT at 0.42150474000000004 (qty: 0.0045978798623513666)
🔴 CLOSE_SHORT: SNXUSDT at 0.42199518999999996 (PnL: -3.322185930850437e-06)
🟢 OPEN_SHORT: SNXUSDT at 0.42200439000000006 (qty: 0.004571639534599187)
🔴 CLOSE_SHORT: SNXUSDT at 0.42389651999999994 (PnL: -9.715982461776673e-06)
🟢 OPEN_SHORT: SNXUSDT at 0.42010572 (qty: 0.004540994612085864)
🔴 CLOSE_SHORT: SNXUSDT at 0.42009386 (PnL: -9.953479790572189e-07)
🟢 OPEN_SHORT: SNXUSDT at 0.41940621000000006 (qty: 0.004538818458306131)
🔴 CLOSE_SHORT: SNXUSDT at 0.42009386 (PnL: -4.169819884147877e-06)
🟢 OPEN_LONG: SNXUSDT at 0.43110156 (qty: 0.004391482689591034)
🔴 CLOSE_LONG: SNXUSDT at 0.43059837000000006 (PnL: -3.249781082986624e-06)
🟢 OPEN_SHORT: SNXUSDT at 0.43109802 (qty: 0.0043716113182048965)
🔴 CLOSE_SHORT: SNXUSDT at 0.43210225999999996 (PnL: -5.42908767193465e-06)
🟢 OPEN_SHORT: SNXUSDT at 0.43549494000000005 (qty: 0.004297780717870095)
🔴 CLOSE_SHORT: SNXUSDT at 0.43590492 (PnL: -2.79238720671243e-06)
🟢 OPEN_SHORT: SNXUSDT at 0.43529508 (qty: 0.00428219439906636)
🔴 CLOSE_SHORT: SNXUSDT at 0.43660540999999997 (PnL: -6.639383869645737e-06)
🟢 OPEN_SHORT: SNXUSDT at 0.43839291 (qty: 0.0042169682119379305)
🔴 CLOSE_SHORT: SNXUSDT at 0.44140876999999995 (PnL: -1.3741559465013155e-05)
🟢 OPEN_SHORT: SNXUSDT at 0.44059137000000004 (qty: 0.004128933095118416)
🔴 CLOSE_SHORT: SNXUSDT at 0.44140876999999995 (PnL: -4.377390915360115e-06)
🟢 OPEN_SHORT: SNXUSDT at 0.43829298 (qty: 0.004126044678306103)
🔴 CLOSE_SHORT: SNXUSDT at 0.43750603999999993 (PnL: 2.254106391708663e-06)
🟢 OPEN_SHORT: SNXUSDT at 0.43529508 (qty: 0.004160247739055334)
🔴 CLOSE_SHORT: SNXUSDT at 0.4360049899999999 (PnL: -3.951040298057848e-06)
🟢 OPEN_SHORT: SNXUSDT at 0.43549494000000005 (qty: 0.004135619263190848)
🔴 CLOSE_SHORT: SNXUSDT at 0.43570477999999996 (PnL: -1.858868340865359e-06)
🟢 OPEN_SHORT: SNXUSDT at 0.4329966900000001 (qty: 0.004146318949494179)
🔴 CLOSE_SHORT: SNXUSDT at 0.43380345 (PnL: -4.334362381493559e-06)
🟢 OPEN_SHORT: SNXUSDT at 0.43289676 (qty: 0.004122689159034965)
🔴 CLOSE_SHORT: SNXUSDT at 0.43510435999999997 (PnL: -1.0087838602896955e-05)
🟢 OPEN_SHORT: SNXUSDT at 0.43459557000000004 (qty: 0.004055632535716342)
🔴 CLOSE_SHORT: SNXUSDT at 0.43460401 (PnL: -1.0036563283110491e-06)
🟢 OPEN_LONG: SNXUSDT at 0.43670548 (qty: 0.004027001916684555)
🔴 CLOSE_LONG: SNXUSDT at 0.43679403 (PnL: -6.108426980810041e-07)
🟢 OPEN_SHORT: SNXUSDT at 0.42490236000000003 (qty: 0.0041314377364366555)
🔴 CLOSE_SHORT: SNXUSDT at 0.42609806 (PnL: -5.908178783935717e-06)
🟢 OPEN_SHORT: SNXUSDT at 0.43199739000000004 (qty: 0.004031761125751902)
🔴 CLOSE_SHORT: SNXUSDT at 0.43280274999999996 (PnL: -4.206745656647921e-06)
🟢 OPEN_SHORT: SNXUSDT at 0.43309662000000004 (qty: 0.003997678187382786)
🔴 CLOSE_SHORT: SNXUSDT at 0.43390351999999993 (PnL: -4.179760179931659e-06)
🟢 OPEN_SHORT: SNXUSDT at 0.43329648000000004 (qty: 0.003972145980603086)
🔴 CLOSE_SHORT: SNXUSDT at 0.43400358999999994 (PnL: -3.7569032329160456e-06)
🟢 OPEN_SHORT: SNXUSDT at 0.42620145000000004 (qty: 0.004016198997955171)
🔴 CLOSE_SHORT: SNXUSDT at 0.42689861999999995 (PnL: -3.742953850833905e-06)
🟢 OPEN_SHORT: SNXUSDT at 0.43049844000000004 (qty: 0.0039543489353766935)
🔴 CLOSE_SHORT: SNXUSDT at 0.43160191 (PnL: -5.302192924043158e-06)
🟢 OPEN_SHORT: SNXUSDT at 0.4299987900000001 (qty: 0.0039299275397834095)
🔴 CLOSE_SHORT: SNXUSDT at 0.4309014199999999 (PnL: -4.4786467417984825e-06)
🟢 OPEN_SHORT: SNXUSDT at 0.44079123000000003 (qty: 0.003809168215337174)
🔴 CLOSE_SHORT: SNXUSDT at 0.44150883999999996 (PnL: -3.658476995072933e-06)
🟢 OPEN_LONG: SNXUSDT at 0.44180905 (qty: 0.0037796510419784483)
🔴 CLOSE_LONG: SNXUSDT at 0.44119095 (PnL: -3.253353617680137e-06)
🟢 OPEN_SHORT: SNXUSDT at 0.43889256 (qty: 0.0037857567157503383)
🔴 CLOSE_SHORT: SNXUSDT at 0.44050813999999994 (PnL: -7.033403991972971e-06)
🟢 OPEN_SHORT: SNXUSDT at 0.44388906 (qty: 0.003707336139409998)
🔴 CLOSE_SHORT: SNXUSDT at 0.44581184999999995 (PnL: -8.037454766081198e-06)
🟢 OPEN_SHORT: SNXUSDT at 0.44239011 (qty: 0.003679469312605437)
🔴 CLOSE_SHORT: SNXUSDT at 0.44290981999999995 (PnL: -2.8085771964718706e-06)
🟢 OPEN_SHORT: SNXUSDT at 0.44119095 (qty: 0.0036726799192840984)
🔴 CLOSE_SHORT: SNXUSDT at 0.44270968 (PnL: -6.472071197309001e-06)
🟢 OPEN_SHORT: SNXUSDT at 0.44638731000000004 (qty: 0.00359693605936814)
🔴 CLOSE_SHORT: SNXUSDT at 0.44641226999999994 (PnL: -9.729235392605575e-07)
🟢 OPEN_SHORT: SNXUSDT at 0.44848584 (qty: 0.003571828656690392)
🔴 CLOSE_SHORT: SNXUSDT at 0.44941436999999995 (PnL: -4.199427181618423e-06)
🟢 OPEN_LONG: SNXUSDT at 0.44901409 (qty: 0.0035449970290145167)
🔴 CLOSE_LONG: SNXUSDT at 0.44818605000000006 (PnL: -3.8092493585375563e-06)
🟢 OPEN_SHORT: SNXUSDT at 0.44838591 (qty: 0.0035290676001439145)
🔴 CLOSE_SHORT: SNXUSDT at 0.44951443999999996 (PnL: -4.8551604240907335e-06)
🟢 OPEN_SHORT: SNXUSDT at 0.44718675 (qty: 0.003512924396547487)
🔴 CLOSE_SHORT: SNXUSDT at 0.44661240999999996 (PnL: 1.1547094009238736e-06)
🟢 OPEN_SHORT: SNXUSDT at 0.44788626000000004 (qty: 0.0035087359815890464)
🔴 CLOSE_SHORT: SNXUSDT at 0.4493143 (PnL: -5.877704219447167e-06)
🟢 OPEN_SHORT: SNXUSDT at 0.44368920000000006 (qty: 0.0035115359165440985)
🔴 CLOSE_SHORT: SNXUSDT at 0.44391052 (PnL: -1.6345173831407094e-06)
🟢 OPEN_SHORT: SNXUSDT at 0.43909242000000004 (qty: 0.003536949449500203)
🔴 CLOSE_SHORT: SNXUSDT at 0.43380345 (PnL: 1.7862932049405462e-05)
🟢 OPEN_SHORT: SNXUSDT at 0.43139781 (qty: 0.003678890267975619)
🔴 CLOSE_SHORT: SNXUSDT at 0.43150183999999997 (PnL: -1.2558113104616847e-06)
🟢 OPEN_SHORT: SNXUSDT at 0.43199739000000004 (qty: 0.0036639291049623155)
🔴 CLOSE_SHORT: SNXUSDT at 0.43370337999999997 (PnL: -7.124608554070814e-06)
🟢 OPEN_SHORT: SNXUSDT at 0.44069130000000006 (qty: 0.003555362914559628)
🔴 CLOSE_SHORT: SNXUSDT at 0.44240946999999997 (PnL: -6.9738273213869775e-06)
🟢 OPEN_SHORT: SNXUSDT at 0.43949214000000003 (qty: 0.0035294063527302752)
🔴 CLOSE_SHORT: SNXUSDT at 0.44150883999999996 (PnL: -7.974799049126304e-06)
🟢 OPEN_SHORT: SNXUSDT at 0.42790026000000003 (qty: 0.0035837568591493532)
🔴 CLOSE_SHORT: SNXUSDT at 0.42920022999999996 (PnL: -5.504758501704166e-06)
🟢 OPEN_SHORT: SNXUSDT at 0.42390306000000005 (qty: 0.003587598861075444)
🔴 CLOSE_SHORT: SNXUSDT at 0.42529749999999994 (PnL: -5.841879610477661e-06)
🟢 OPEN_LONG: SNXUSDT at 0.42249554 (qty: 0.0035679370780876372)
🔴 CLOSE_LONG: SNXUSDT at 0.4227039 (PnL: -8.60841352338307e-08)
🟢 OPEN_SHORT: SNXUSDT at 0.42170460000000004 (qty: 0.003570288664077771)
🔴 CLOSE_SHORT: SNXUSDT at 0.41949344 (PnL: 7.070737512044523e-06)
🟢 OPEN_SHORT: SNXUSDT at 0.42040551000000004 (qty: 0.00361101941819287)
🔴 CLOSE_SHORT: SNXUSDT at 0.42089441999999994 (PnL: -2.601385361744272e-06)
🟢 OPEN_SHORT: SNXUSDT at 0.41910642000000004 (qty: 0.0036058139784536205)
🔴 CLOSE_SHORT: SNXUSDT at 0.42089441999999994 (PnL: -7.2819122341737364e-06)
🟢 OPEN_SHORT: SNXUSDT at 0.41890656000000004 (qty: 0.0035687997377287194)
🔴 CLOSE_SHORT: SNXUSDT at 0.41909315999999996 (PnL: -1.4885507887804591e-06)
🟢 OPEN_SHORT: SNXUSDT at 0.41750754 (qty: 0.0035696888896896693)
🔴 CLOSE_SHORT: SNXUSDT at 0.41859281 (PnL: -4.695911618051944e-06)
🟢 OPEN_SHORT: SNXUSDT at 0.42150474000000004 (qty: 0.0035096658567445103)
🔴 CLOSE_SHORT: SNXUSDT at 0.4213947699999999 (PnL: -4.274672057972028e-07)
🟢 OPEN_SHORT: SNXUSDT at 0.4207053 (qty: 0.0035104349413912694)
🔴 CLOSE_SHORT: SNXUSDT at 0.42619812999999995 (PnL: -2.0105099803251216e-05)
🟢 OPEN_SHORT: SNXUSDT at 0.41680803000000005 (qty: 0.003442889142750778)
🟢 OPEN_SHORT: SUSHIUSDT at 0.44398899000000003 (qty: 0.003228560498477969)
🔴 CLOSE_SHORT: SUSHIUSDT at 0.45872087999999994 (PnL: -4.837735258406961e-05)
🟢 OPEN_SHORT: SUSHIUSDT at 0.45997779 (qty: 0.0029025614907594362)
🔴 CLOSE_SHORT: SUSHIUSDT at 0.46292382 (PnL: -9.290048897819978e-06)
🟢 OPEN_SHORT: SUSHIUSDT at 0.46137681 (qty: 0.002850306015296123)
🔴 CLOSE_SHORT: SUSHIUSDT at 0.46882795 (PnL: -2.197299588212663e-05)
🟢 OPEN_SHORT: SUSHIUSDT at 0.45608052 (qty: 0.0027838780167377866)
🔴 CLOSE_SHORT: SUSHIUSDT at 0.4593213 (PnL: -9.725218157412663e-06)
🟢 OPEN_SHORT: SUSHIUSDT at 0.45178353000000004 (qty: 0.002764212005224449)
🔴 CLOSE_SHORT: SUSHIUSDT at 0.44571178 (PnL: 1.6105981223491387e-05)
🟢 OPEN_SHORT: SUSHIUSDT at 0.47496729000000004 (qty: 0.00269421439912743)
🔴 CLOSE_SHORT: SUSHIUSDT at 0.47563270999999996 (PnL: -2.49758521825505e-06)
🟢 OPEN_SHORT: SUSHIUSDT at 0.47037051 (qty: 0.002706931842544732)
🔴 CLOSE_SHORT: SUSHIUSDT at 0.46592592 (PnL: 1.1337525858042739e-05)
🟢 OPEN_LONG: SUSHIUSDT at 0.46972857999999995 (qty: 0.002755922102986894)
🔴 CLOSE_LONG: SUSHIUSDT at 0.46947114 (PnL: -1.4210888264850366e-06)
🟢 OPEN_SHORT: SUSHIUSDT at 0.47136981000000006 (qty: 0.0027372758757291875)
🔴 CLOSE_SHORT: SUSHIUSDT at 0.47263060999999995 (PnL: -4.162703625905366e-06)
🟢 OPEN_SHORT: SUSHIUSDT at 0.46847184000000003 (qty: 0.0027334076389262376)
🔴 CLOSE_SHORT: SUSHIUSDT at 0.46972857999999995 (PnL: -4.141360544980635e-06)
🟢 OPEN_SHORT: SUSHIUSDT at 0.46937121000000004 (qty: 0.002707522704750424)
🔴 CLOSE_SHORT: SUSHIUSDT at 0.46792732 (PnL: 3.2125568444720893e-06)
🟢 OPEN_SHORT: SUSHIUSDT at 0.45358227000000007 (qty: 0.002812853344535025)
🔴 CLOSE_SHORT: SUSHIUSDT at 0.4556187099999999 (PnL: -6.433080801685446e-06)
🟢 OPEN_SHORT: SUSHIUSDT at 0.45388206000000003 (qty: 0.002779556427372821)
🔴 CLOSE_SHORT: SUSHIUSDT at 0.45661940999999995 (PnL: -8.306678465229535e-06)
🟢 OPEN_LONG: SUSHIUSDT at 0.45982164999999997 (qty: 0.0027045044319572403)
🔴 CLOSE_LONG: SUSHIUSDT at 0.45927828000000004 (PnL: -2.1527126522613557e-06)
🟢 OPEN_SHORT: SUSHIUSDT at 0.46227618000000004 (qty: 0.002677871735400711)
🔴 CLOSE_SHORT: SUSHIUSDT at 0.45982164999999997 (PnL: 5.895677640770108e-06)
🟢 OPEN_SHORT: SUSHIUSDT at 0.46067730000000007 (qty: 0.0027098056789525717)
🔴 CLOSE_SHORT: SUSHIUSDT at 0.47032899999999994 (PnL: -2.6855206578893043e-05)
🟢 OPEN_SHORT: SUSHIUSDT at 0.43389606000000003 (qty: 0.002750111098005084)
🔴 CLOSE_SHORT: SUSHIUSDT at 0.43540456999999994 (PnL: -4.807146109494917e-06)
🟢 OPEN_SHORT: SUSHIUSDT at 0.43509522000000006 (qty: 0.002717417785377438)
🔴 CLOSE_SHORT: SUSHIUSDT at 0.43570477999999996 (PnL: -2.307624740344674e-06)
🟢 OPEN_SHORT: SUSHIUSDT at 0.4415906700000001 (qty: 0.0026640501046861576)
🔴 CLOSE_SHORT: SUSHIUSDT at 0.44180905 (PnL: -1.2291260571082008e-06)
🟢 OPEN_SHORT: SUSHIUSDT at 0.43919235 (qty: 0.002670054150282931)
🔴 CLOSE_SHORT: SUSHIUSDT at 0.43680555 (PnL: 5.7314232864910935e-06)
🟢 OPEN_SHORT: SUSHIUSDT at 0.41740761000000004 (qty: 0.0028337774420797556)
🔴 CLOSE_SHORT: SUSHIUSDT at 0.41739197 (PnL: -6.062174928059388e-07)
🟢 OPEN_SHORT: SUSHIUSDT at 0.41740761000000004 (qty: 0.0028277556082135277)
🔴 CLOSE_SHORT: SUSHIUSDT at 0.4162912 (PnL: 2.509491262068389e-06)
🟢 OPEN_SHORT: SUSHIUSDT at 0.40821405 (qty: 0.002900555072103812)
🔴 CLOSE_SHORT: SUSHIUSDT at 0.40868587999999995 (PnL: -2.0205476458427646e-06)
🟢 OPEN_SHORT: SUSHIUSDT at 0.41261097 (qty: 0.0028566952203750197)
🔴 CLOSE_SHORT: SUSHIUSDT at 0.41238847 (PnL: -1.2322807619239118e-08)
🟢 OPEN_SHORT: SUSHIUSDT at 0.40361727000000003 (qty: 0.002917076779429178)
🔴 CLOSE_SHORT: SUSHIUSDT at 0.40698469 (PnL: -1.0475985762415469e-05)
🟢 OPEN_SHORT: SUSHIUSDT at 0.40221825000000005 (qty: 0.0028719121366224867)
🔴 CLOSE_SHORT: SUSHIUSDT at 0.40288182 (PnL: -2.5420873901638365e-06)
🟢 OPEN_SHORT: SUSHIUSDT at 0.40661517 (qty: 0.0028252282125740937)
🔴 CLOSE_SHORT: SUSHIUSDT at 0.40768518 (PnL: -3.656514459547669e-06)
🟢 OPEN_SHORT: SUSHIUSDT at 0.40631538000000006 (qty: 0.002806204289659386)
🔴 CLOSE_SHORT: SUSHIUSDT at 0.40618413 (PnL: -2.5859529338063466e-07)
🟢 OPEN_SHORT: SUSHIUSDT at 0.40361727000000003 (qty: 0.0028205744203296298)
🔴 CLOSE_SHORT: SUSHIUSDT at 0.40478315 (PnL: -3.916397854442523e-06)
🟢 OPEN_SHORT: SUSHIUSDT at 0.40461657 (qty: 0.002791154786009616)
🔴 CLOSE_SHORT: SUSHIUSDT at 0.40488322 (PnL: -1.365811879192298e-06)
🟢 OPEN_SHORT: SUSHIUSDT at 0.40901349000000004 (qty: 0.00275143387048792)
🔴 CLOSE_SHORT: SUSHIUSDT at 0.40958650999999996 (PnL: -2.1964492445466956e-06)
🟢 OPEN_SHORT: SUSHIUSDT at 0.4083139800000001 (qty: 0.002742357145000298)
🔴 CLOSE_SHORT: SUSHIUSDT at 0.40788532 (PnL: 5.603268418725457e-07)
🟢 OPEN_SHORT: SUSHIUSDT at 0.40881363000000004 (qty: 0.0027387337773052264)
🔴 CLOSE_SHORT: SUSHIUSDT at 0.40938637 (PnL: -2.1852425373317437e-06)
🟢 OPEN_SHORT: SUSHIUSDT at 0.40601559000000004 (qty: 0.002743809953608611)
🔴 CLOSE_SHORT: SUSHIUSDT at 0.40648434 (PnL: -1.8995845936968476e-06)
🟢 OPEN_SHORT: SUSHIUSDT at 0.40201839 (qty: 0.00275859274844616)
🔴 CLOSE_SHORT: SUSHIUSDT at 0.4011806299999999 (PnL: 1.7023569737341811e-06)
🟢 OPEN_SHORT: SUSHIUSDT at 0.40281783000000004 (qty: 0.00275854180493087)
🔴 CLOSE_SHORT: SUSHIUSDT at 0.40338217 (PnL: -2.1687661008143266e-06)
🟢 OPEN_SHORT: SUSHIUSDT at 0.40531608 (qty: 0.0027278216615997586)
🔴 CLOSE_SHORT: SUSHIUSDT at 0.40518342999999996 (PnL: -2.4605193209001724e-07)
🟢 OPEN_SHORT: SUSHIUSDT at 0.40991286000000005 (qty: 0.0026930642916970756)
🔴 CLOSE_SHORT: SUSHIUSDT at 0.41118762999999997 (PnL: -4.0420826650737816e-06)
🟢 OPEN_SHORT: SUSHIUSDT at 0.40301769000000004 (qty: 0.0027160673934404724)
🔴 CLOSE_SHORT: SUSHIUSDT at 0.40138077 (PnL: 3.846387565707625e-06)
🟢 OPEN_SHORT: SUSHIUSDT at 0.4027179000000001 (qty: 0.0027342015251684976)
🔴 CLOSE_SHORT: SUSHIUSDT at 0.40338217 (PnL: -2.4228585265653134e-06)
🟢 OPEN_SHORT: SUSHIUSDT at 0.40431678000000004 (qty: 0.002708408382787088)
🔴 CLOSE_SHORT: SUSHIUSDT at 0.40598398999999996 (PnL: -5.120249282852583e-06)
🟢 OPEN_SHORT: SUSHIUSDT at 0.4067151 (qty: 0.0026642971879723867)
🔴 CLOSE_SHORT: SUSHIUSDT at 0.40748503999999997 (PnL: -2.6484626623244255e-06)
🟢 OPEN_SHORT: SUSHIUSDT at 0.42190446000000004 (qty: 0.002552997427484643)
🔴 CLOSE_SHORT: SUSHIUSDT at 0.41849274 (PnL: 8.122486394545516e-06)
🟢 OPEN_SHORT: SUSHIUSDT at 0.41261097 (qty: 0.002646999765208045)
🔴 CLOSE_SHORT: SUSHIUSDT at 0.41489022 (PnL: -6.637192088060231e-06)
🟢 OPEN_SHORT: SUSHIUSDT at 0.41430978000000007 (qty: 0.0026012066557573395)
🔴 CLOSE_SHORT: SUSHIUSDT at 0.41218832999999994 (PnL: 4.928626994774935e-06)
🟢 OPEN_SHORT: SUSHIUSDT at 0.41161167000000004 (qty: 0.0026393253995395625)
🔴 CLOSE_SHORT: SUSHIUSDT at 0.41218832999999994 (PnL: -2.1203379057177457e-06)
🟢 OPEN_SHORT: SUSHIUSDT at 0.41101209000000005 (qty: 0.0026299504832510965)
🔴 CLOSE_SHORT: SUSHIUSDT at 0.41088742 (PnL: -2.6646153608789516e-07)
🟢 OPEN_SHORT: SUSHIUSDT at 0.40921335000000003 (qty: 0.00263730273231845)
🔴 CLOSE_SHORT: SUSHIUSDT at 0.40998679 (PnL: -2.6344880300990816e-06)
🟢 OPEN_SHORT: SUSHIUSDT at 0.40881363000000004 (qty: 0.0026240890465450595)
🔴 CLOSE_SHORT: SUSHIUSDT at 0.41008685999999994 (PnL: -3.932926337334243e-06)
🟢 OPEN_SHORT: SUSHIUSDT at 0.41381013000000005 (qty: 0.0025705447959459772)
🔴 CLOSE_SHORT: SUSHIUSDT at 0.41619112999999996 (PnL: -6.70887802798435e-06)
🟢 OPEN_SHORT: SUSHIUSDT at 0.41720775 (qty: 0.002514645595393356)
🔴 CLOSE_SHORT: SUSHIUSDT at 0.42029399999999995 (PnL: -8.342114719511277e-06)
🟢 OPEN_SHORT: SUSHIUSDT at 0.41760747000000004 (qty: 0.0024695232555788805)
🔴 CLOSE_SHORT: SUSHIUSDT at 0.41729189999999994 (PnL: 2.1252582548518688e-07)
🟢 OPEN_SHORT: SUSHIUSDT at 0.41860677 (qty: 0.002461933403572676)
🔴 CLOSE_SHORT: SUSHIUSDT at 0.4192932999999999 (PnL: -2.257940839194842e-06)
🟢 OPEN_SHORT: SUSHIUSDT at 0.41291076000000004 (qty: 0.002482213028687478)
🔴 CLOSE_SHORT: SUSHIUSDT at 0.41218832999999994 (PnL: 1.2304985746655473e-06)
🟢 OPEN_SHORT: SUSHIUSDT at 0.39352434000000003 (qty: 0.002607884532864238)
🔴 CLOSE_SHORT: SUSHIUSDT at 0.39517642999999997 (PnL: -4.87527593265175e-06)
🟢 OPEN_SHORT: SUSHIUSDT at 0.39752154 (qty: 0.002554293271963963)
🔴 CLOSE_SHORT: SUSHIUSDT at 0.39727789999999996 (PnL: 6.420766589293008e-08)
🟢 OPEN_SHORT: SUSHIUSDT at 0.39812112 (qty: 0.002547963507085358)
🔴 CLOSE_SHORT: SUSHIUSDT at 0.39687762 (PnL: 2.612216290164275e-06)
🟢 OPEN_SHORT: SUSHIUSDT at 0.39452364 (qty: 0.0025816112815105438)
🔴 CLOSE_SHORT: SUSHIUSDT at 0.3942758 (PnL: 7.999977069094382e-08)
🟢 OPEN_SHORT: SUSHIUSDT at 0.39392406 (qty: 0.0025831027483829067)
🔴 CLOSE_SHORT: SUSHIUSDT at 0.39337517 (PnL: 8.589686020350297e-07)
🟢 OPEN_SHORT: SUSHIUSDT at 0.39692196 (qty: 0.00256510110523987)
🔴 CLOSE_SHORT: SUSHIUSDT at 0.39687762 (PnL: -4.4618058893241626e-07)
🟢 OPEN_SHORT: SUSHIUSDT at 0.39392406 (qty: 0.0025795140252616077)
🔴 CLOSE_SHORT: SUSHIUSDT at 0.3942758 (PnL: -1.4666902390021726e-06)
🟢 OPEN_LONG: SUSHIUSDT at 0.39417572999999995 (qty: 0.002567589616130258)
🔴 CLOSE_LONG: SUSHIUSDT at 0.39512322 (PnL: 1.874782633167215e-06)
🟢 OPEN_SHORT: SUSHIUSDT at 0.39882063000000006 (qty: 0.0025442961335337424)
🔴 CLOSE_SHORT: SUSHIUSDT at 0.39937936999999996 (PnL: -1.980476684447644e-06)
🟢 OPEN_SHORT: SUSHIUSDT at 0.39782133000000003 (qty: 0.002537924861766552)
🔴 CLOSE_SHORT: SUSHIUSDT at 0.39477615 (PnL: 7.177386317299747e-06)
🟢 OPEN_SHORT: SUSHIUSDT at 0.38882763000000004 (qty: 0.002630689624279758)
🔴 CLOSE_SHORT: SUSHIUSDT at 0.38887202 (PnL: -6.79427185924337e-07)
🟢 OPEN_SHORT: SUSHIUSDT at 0.38822805000000005 (qty: 0.0026283540929342335)
🔴 CLOSE_SHORT: SUSHIUSDT at 0.38987271999999995 (PnL: -4.886373083660364e-06)
🟢 OPEN_SHORT: SUSHIUSDT at 0.39512322 (qty: 0.0025549133689977232)
🔴 CLOSE_SHORT: SUSHIUSDT at 0.39487622 (PnL: 7.618260867492318e-08)
🟢 OPEN_SHORT: SUSHIUSDT at 0.38423085 (qty: 0.002624847812818459)
🔴 CLOSE_SHORT: SUSHIUSDT at 0.38566978 (PnL: -4.333750726475625e-06)
🟢 OPEN_SHORT: SUSHIUSDT at 0.38303169 (qty: 0.002607540390535462)
🔴 CLOSE_SHORT: SUSHIUSDT at 0.38426879999999997 (PnL: -3.776912321787714e-06)
🟢 OPEN_SHORT: SUSHIUSDT at 0.3827319 (qty: 0.002586975713871003)
🔴 CLOSE_SHORT: SUSHIUSDT at 0.38436887 (PnL: -4.7816957468572345e-06)
🟢 OPEN_SHORT: SUSHIUSDT at 0.38073330000000005 (qty: 0.002572576679756506)
🔴 CLOSE_SHORT: SUSHIUSDT at 0.37936537 (PnL: 2.982334240356445e-06)
🟢 OPEN_SHORT: SUSHIUSDT at 0.3767361 (qty: 0.002612844548472485)
🔴 CLOSE_SHORT: SUSHIUSDT at 0.37666348 (PnL: -3.515449450695386e-07)
🟢 OPEN_SHORT: SUSHIUSDT at 0.37693596 (qty: 0.0026067212771528595)
🔴 CLOSE_SHORT: SUSHIUSDT at 0.37766417999999996 (PnL: -2.4397224579415827e-06)
🟢 OPEN_SHORT: SUSHIUSDT at 0.37713582000000007 (qty: 0.0025895358294377746)
🔴 CLOSE_SHORT: SUSHIUSDT at 0.37806446 (PnL: -2.9432028584027752e-06)
🟢 OPEN_SHORT: SUSHIUSDT at 0.37633638 (qty: 0.002576540820601205)
🔴 CLOSE_SHORT: SUSHIUSDT at 0.37836466999999996 (PnL: -5.7621515905476115e-06)
🟢 OPEN_LONG: SUSHIUSDT at 0.37776424999999997 (qty: 0.0025334719511343772)
🔴 CLOSE_LONG: SUSHIUSDT at 0.3780351900000001 (PnL: 1.5966103771690713e-07)
🟢 OPEN_SHORT: SUSHIUSDT at 0.379734 (qty: 0.0025183989133106014)
🔴 CLOSE_SHORT: SUSHIUSDT at 0.38016593 (PnL: -1.6143472483705136e-06)
🟢 OPEN_SHORT: SUSHIUSDT at 0.37933428 (qty: 0.002509768019352492)
🔴 CLOSE_SHORT: SUSHIUSDT at 0.37996578999999997 (PnL: -2.10943789540566e-06)
🟢 OPEN_SHORT: SUSHIUSDT at 0.37993386 (qty: 0.0024919466868476726)
🔴 CLOSE_SHORT: SUSHIUSDT at 0.38136676999999997 (PnL: -4.093425439487197e-06)
🟢 OPEN_SHORT: SUSHIUSDT at 0.38063337 (qty: 0.002463122506450907)
🔴 CLOSE_SHORT: SUSHIUSDT at 0.3815669099999999 (PnL: -2.8163387087277926e-06)
🟢 OPEN_SHORT: SUSHIUSDT at 0.37913442 (qty: 0.0024552839113194023)
🔴 CLOSE_SHORT: SUSHIUSDT at 0.36005186 (PnL: 4.6366886308282994e-05)
🟢 OPEN_SHORT: SUSHIUSDT at 0.33956214 (qty: 0.0030115031179982557)
🔴 CLOSE_SHORT: SUSHIUSDT at 0.340238 (PnL: -2.598899786154038e-06)
🟢 OPEN_SHORT: SUSHIUSDT at 0.33616452 (qty: 0.00302313222140205)
🔴 CLOSE_SHORT: SUSHIUSDT at 0.33773625 (PnL: -5.3131093431849985e-06)
🟢 OPEN_SHORT: SUSHIUSDT at 0.33596466 (qty: 0.0029899742331424635)
🔴 CLOSE_SHORT: SUSHIUSDT at 0.33803646 (PnL: -6.750524784118909e-06)
🟢 OPEN_SHORT: SUSHIUSDT at 0.33896256 (qty: 0.0029204394987868737)
🔴 CLOSE_SHORT: SUSHIUSDT at 0.33963757999999994 (PnL: -2.51689512261828e-06)
🟢 OPEN_SHORT: SUSHIUSDT at 0.33826305000000007 (qty: 0.0029083783965613945)
🔴 CLOSE_SHORT: SUSHIUSDT at 0.33933736999999997 (PnL: -3.6673358908232436e-06)
🟢 OPEN_SHORT: SUSHIUSDT at 0.36394506000000004 (qty: 0.0026800201617014604)
🔴 CLOSE_SHORT: SUSHIUSDT at 0.36455500999999996 (PnL: -2.1720364248966798e-06)
🟢 OPEN_SHORT: SUSHIUSDT at 0.36654324000000005 (qty: 0.002646244703881164)
🔴 CLOSE_SHORT: SUSHIUSDT at 0.3662562 (PnL: 2.2651613856973687e-07)
🟢 OPEN_SHORT: SUSHIUSDT at 0.37203939 (qty: 0.002605501477819936)
🔴 CLOSE_SHORT: SUSHIUSDT at 0.37246053999999995 (PnL: -1.6310525154534588e-06)
🟢 OPEN_SHORT: SUSHIUSDT at 0.37094016 (qty: 0.002601553822920728)
🔴 CLOSE_SHORT: SUSHIUSDT at 0.37145983999999993 (PnL: -1.8834805124426504e-06)
🟢 OPEN_SHORT: SUSHIUSDT at 0.36584373000000003 (qty: 0.0026245968666115697)
🔴 CLOSE_SHORT: SUSHIUSDT at 0.36915823 (PnL: -9.232116657941928e-06)
🟢 OPEN_SHORT: SUSHIUSDT at 0.36714282000000004 (qty: 0.002562141519132616)
🔴 CLOSE_SHORT: SUSHIUSDT at 0.37025899999999995 (PnL: -8.50585493529334e-06)
🟢 OPEN_SHORT: SUSHIUSDT at 0.37143981 (qty: 0.0024839163407229005)
🔴 CLOSE_SHORT: SUSHIUSDT at 0.37155991 (PnL: -8.059264051244415e-07)
🟢 OPEN_LONG: SUSHIUSDT at 0.37486221999999997 (qty: 0.0024542315117504934)
🔴 CLOSE_LONG: SUSHIUSDT at 0.37393806 (PnL: -2.772854407561383e-06)
🟢 OPEN_SHORT: SUSHIUSDT at 0.37243911 (qty: 0.0024525914196643966)
🔴 CLOSE_SHORT: SUSHIUSDT at 0.37506236 (PnL: -6.939691540920838e-06)
🟢 OPEN_SHORT: SUSHIUSDT at 0.37233918 (qty: 0.002413274900024011)
🔴 CLOSE_SHORT: SUSHIUSDT at 0.37276075 (PnL: -1.5121300885320982e-06)
🟢 OPEN_SHORT: SUSHIUSDT at 0.36584373000000003 (qty: 0.0024451536308557962)
🔴 CLOSE_SHORT: SUSHIUSDT at 0.36635626999999993 (PnL: -1.7459275920360798e-06)
🟢 OPEN_SHORT: SUSHIUSDT at 0.36614352000000006 (qty: 0.002430927279592551)
🔴 CLOSE_SHORT: SUSHIUSDT at 0.36415473 (PnL: 4.347725347448736e-06)
🟢 OPEN_SHORT: SUSHIUSDT at 0.36884163000000003 (qty: 0.0024340653917260513)
🔴 CLOSE_SHORT: SUSHIUSDT at 0.36385451999999996 (PnL: 1.1651846723615783e-05)
🟢 OPEN_SHORT: SUSHIUSDT at 0.36324555000000003 (qty: 0.0025329994460958406)
🔴 CLOSE_SHORT: SUSHIUSDT at 0.36475515 (PnL: -4.331974489926973e-06)
🟢 OPEN_SHORT: SUSHIUSDT at 0.3567501 (qty: 0.00255199568861307)
🔴 CLOSE_SHORT: SUSHIUSDT at 0.35614913 (PnL: 1.0337827746410707e-06)
🟢 OPEN_SHORT: SUSHIUSDT at 0.35595066000000003 (qty: 0.0025607223638038808)
🔴 CLOSE_SHORT: SUSHIUSDT at 0.35795039 (PnL: -5.624889695412403e-06)
🟢 OPEN_SHORT: SUSHIUSDT at 0.35365227000000005 (qty: 0.0025427191409937945)
🔴 CLOSE_SHORT: SUSHIUSDT at 0.35404766 (PnL: -1.5004997902057186e-06)
🟢 OPEN_SHORT: SUSHIUSDT at 0.35105409000000004 (qty: 0.0025501717822705933)
🔴 CLOSE_SHORT: SUSHIUSDT at 0.35134577 (PnL: -1.2366297431133607e-06)
🟢 OPEN_SHORT: SUSHIUSDT at 0.35125395 (qty: 0.0025388759381201258)
🔴 CLOSE_SHORT: SUSHIUSDT at 0.35174605 (PnL: -1.7405526196194912e-06)
🟢 OPEN_SHORT: SUSHIUSDT at 0.34805619000000004 (qty: 0.002549381832178897)
🔴 CLOSE_SHORT: SUSHIUSDT at 0.34444094 (PnL: 8.733691357702892e-06)
🟢 OPEN_SHORT: SUSHIUSDT at 0.34485843000000005 (qty: 0.002620841976050042)
🔴 CLOSE_SHORT: SUSHIUSDT at 0.34404065999999994 (PnL: 1.6473240309969438e-06)
🟢 OPEN_SHORT: SUSHIUSDT at 0.32757054 (qty: 0.0027661825016579876)
🔴 CLOSE_SHORT: SUSHIUSDT at 0.32692868999999997 (PnL: 1.2780848068269484e-06)
🟢 OPEN_LONG: SUSHIUSDT at 0.32953050999999994 (qty: 0.002754462199979386)
🔴 CLOSE_LONG: SUSHIUSDT at 0.32886963 (PnL: -2.318591409228068e-06)
🟢 OPEN_SHORT: SUSHIUSDT at 0.32956914 (qty: 0.0027370393461280157)
🔴 CLOSE_SHORT: SUSHIUSDT at 0.33013093 (PnL: -2.034611073892384e-06)
🟢 OPEN_SHORT: SUSHIUSDT at 0.33016872 (qty: 0.002716738984928662)
🔴 CLOSE_SHORT: SUSHIUSDT at 0.33103155999999995 (PnL: -2.8387405551171932e-06)
🟢 OPEN_SHORT: SUSHIUSDT at 0.33006879 (qty: 0.0026973712711862805)
🔴 CLOSE_SHORT: SUSHIUSDT at 0.33043113999999996 (PnL: -1.4676049853919619e-06)
🟢 OPEN_SHORT: SUSHIUSDT at 0.33046851 (qty: 0.0026822631657449233)
🔴 CLOSE_SHORT: SUSHIUSDT at 0.33103155999999995 (PnL: -1.9986008435204497e-06)
🟢 OPEN_SHORT: SUSHIUSDT at 0.32876970000000005 (qty: 0.0026809990892152627)
🔴 CLOSE_SHORT: SUSHIUSDT at 0.32953050999999994 (PnL: -2.5256399655138204e-06)
🟢 OPEN_SHORT: SUSHIUSDT at 0.33546501 (qty: 0.002609543129215318)
🔴 CLOSE_SHORT: SUSHIUSDT at 0.33543463999999995 (PnL: -4.0218031322762876e-07)
🟢 OPEN_SHORT: SUSHIUSDT at 0.33516522 (qty: 0.002606604288649244)
🔴 CLOSE_SHORT: SUSHIUSDT at 0.33613512999999995 (PnL: -3.01006576488671e-06)
🟢 OPEN_SHORT: SUSHIUSDT at 0.33476550000000005 (qty: 0.002588862833590823)
🔴 CLOSE_SHORT: SUSHIUSDT at 0.33533457 (PnL: -1.9507185355115366e-06)
🟢 OPEN_SHORT: SUSHIUSDT at 0.33536508000000004 (qty: 0.0025697582935301955)
🔴 CLOSE_SHORT: SUSHIUSDT at 0.33593499 (PnL: -1.9393303987173846e-06)
🟢 OPEN_SHORT: SUSHIUSDT at 0.33136788000000006 (qty: 0.0025861907526394026)
🔴 CLOSE_SHORT: SUSHIUSDT at 0.33133176999999997 (PnL: -3.7790058971826566e-07)
🟢 OPEN_SHORT: SUSHIUSDT at 0.32817012000000007 (qty: 0.0026062155420993652)
🔴 CLOSE_SHORT: SUSHIUSDT at 0.32852981 (PnL: -1.4083503916132161e-06)
🟢 OPEN_SHORT: SUSHIUSDT at 0.32797026 (qty: 0.00259634686431468)
🔴 CLOSE_SHORT: SUSHIUSDT at 0.32792939 (PnL: -3.6216744754911025e-07)
🟢 OPEN_SHORT: SUSHIUSDT at 0.32347341 (qty: 0.002627305731969157)
🔴 CLOSE_SHORT: SUSHIUSDT at 0.32732897 (PnL: -1.0602731191467258e-05)
🟢 OPEN_SHORT: SUSHIUSDT at 0.3217746 (qty: 0.0025723697021176315)
🔴 CLOSE_SHORT: SUSHIUSDT at 0.32272575 (PnL: -2.9033029099353265e-06)
🟢 OPEN_SHORT: SUSHIUSDT at 0.319776 (qty: 0.0025674413670069376)
🔴 CLOSE_SHORT: SUSHIUSDT at 0.31882301999999996 (PnL: 1.9965125982642497e-06)
🟢 OPEN_SHORT: SUSHIUSDT at 0.33386613000000004 (qty: 0.0024683427726822915)
🔴 CLOSE_SHORT: SUSHIUSDT at 0.33293289 (PnL: 1.8515703381273128e-06)
🟢 OPEN_SHORT: SUSHIUSDT at 0.32916942000000005 (qty: 0.0025120580279031374)
🔴 CLOSE_SHORT: SUSHIUSDT at 0.33033107 (PnL: -3.3745281570562087e-06)
🟢 OPEN_LONG: SUSHIUSDT at 0.32913023 (qty: 0.002489087817259)
🔴 CLOSE_LONG: SUSHIUSDT at 0.32866977 (PnL: -1.5960737325596436e-06)
🟢 OPEN_SHORT: SUSHIUSDT at 0.32737068 (qty: 0.002489962573524226)
🔴 CLOSE_SHORT: SUSHIUSDT at 0.32732897 (PnL: -3.4441394754986337e-07)
🟢 OPEN_SHORT: SUSHIUSDT at 0.32817012000000007 (qty: 0.0024790656082861015)
🔴 CLOSE_SHORT: SUSHIUSDT at 0.32883002 (PnL: -2.0842905513625557e-06)
🟢 OPEN_SHORT: SUSHIUSDT at 0.32817012000000007 (qty: 0.0024636361356494695)
🔴 CLOSE_SHORT: SUSHIUSDT at 0.32872995 (PnL: -1.8246464588500986e-06)
🟢 OPEN_SHORT: SUSHIUSDT at 0.32717082000000003 (qty: 0.0024572886188683313)
🔴 CLOSE_SHORT: SUSHIUSDT at 0.32742903999999995 (PnL: -1.0770442765774254e-06)
🟢 OPEN_SHORT: SUSHIUSDT at 0.34345941 (qty: 0.0023319049415854026)
🔴 CLOSE_SHORT: SUSHIUSDT at 0.34424079999999996 (PnL: -2.2636324547436937e-06)
🟢 OPEN_SHORT: SUSHIUSDT at 0.34305969000000003 (qty: 0.002318857177124377)
🔴 CLOSE_SHORT: SUSHIUSDT at 0.34303996 (PnL: -3.9175231820277015e-07)
🟢 OPEN_SHORT: SUSHIUSDT at 0.34256004 (qty: 0.0023173977403651365)
🔴 CLOSE_SHORT: SUSHIUSDT at 0.34163898 (PnL: 1.6990199925908225e-06)
🟢 OPEN_SHORT: SUSHIUSDT at 0.34066137 (qty: 0.0023377252019261053)
🔴 CLOSE_SHORT: SUSHIUSDT at 0.34113862999999994 (PnL: -1.5543213348569246e-06)
🟢 OPEN_SHORT: SUSHIUSDT at 0.34086123 (qty: 0.0023246645485759457)
🔴 CLOSE_SHORT: SUSHIUSDT at 0.33873695 (PnL: 4.50514102882223e-06)
🟢 OPEN_SHORT: SUSHIUSDT at 0.33836298000000004 (qty: 0.0023658813756857588)
🔴 CLOSE_SHORT: SUSHIUSDT at 0.33663547999999993 (PnL: 3.649018289607525e-06)
🟢 OPEN_SHORT: SUSHIUSDT at 0.33726375000000003 (qty: 0.0023926204041877816)
🔴 CLOSE_SHORT: SUSHIUSDT at 0.33733597 (PnL: -6.167093542789993e-07)
🟢 OPEN_SHORT: SUSHIUSDT at 0.33756354 (qty: 0.0023842120881641905)
🔴 CLOSE_SHORT: SUSHIUSDT at 0.33773625 (PnL: -8.546564371705697e-07)
🟢 OPEN_SHORT: SUSHIUSDT at 0.32237418 (qty: 0.0024885009535729756)
🔴 CLOSE_SHORT: SUSHIUSDT at 0.32172504999999996 (PnL: 1.1750234224506362e-06)
🟢 OPEN_SHORT: SUSHIUSDT at 0.31917642 (qty: 0.0025180307802263055)
🔴 CLOSE_SHORT: SUSHIUSDT at 0.31962358 (PnL: -1.5686147505753688e-06)
🟢 OPEN_SHORT: SUSHIUSDT at 0.32087523 (qty: 0.0024921672973211946)
🔴 CLOSE_SHORT: SUSHIUSDT at 0.32092448999999995 (PnL: -5.626527964540078e-07)
🟢 OPEN_SHORT: SUSHIUSDT at 0.32267397000000003 (qty: 0.002472061216785834)
🔴 CLOSE_SHORT: SUSHIUSDT at 0.32272575 (PnL: -5.667921254332528e-07)
🟢 OPEN_SHORT: SUSHIUSDT at 0.32287383000000003 (qty: 0.002464302498176629)
🔴 CLOSE_SHORT: SUSHIUSDT at 0.32352630999999993 (PnL: -2.0464047756874164e-06)
🟢 OPEN_SHORT: SUSHIUSDT at 0.32577180000000006 (qty: 0.0024271307450461324)
🔴 CLOSE_SHORT: SUSHIUSDT at 0.32532756999999995 (PnL: 6.439173898251071e-07)
🟢 OPEN_SHORT: SUSHIUSDT at 0.32507229 (qty: 0.0024336396885808395)
🔴 CLOSE_SHORT: SUSHIUSDT at 0.32592798999999995 (PnL: -2.5187206921643835e-06)
🟢 OPEN_LONG: SUSHIUSDT at 0.33183211999999995 (qty: 0.0023662602809766072)
🔴 CLOSE_LONG: SUSHIUSDT at 0.33106809 (PnL: -2.2387601418906727e-06)
🟢 OPEN_SHORT: SUSHIUSDT at 0.33246711 (qty: 0.002345675408140154)
🔴 CLOSE_SHORT: SUSHIUSDT at 0.33293289 (PnL: -1.5220925625521703e-06)
🟢 OPEN_SHORT: SUSHIUSDT at 0.33016872 (qty: 0.002350185968255822)
🔴 CLOSE_SHORT: SUSHIUSDT at 0.33053120999999996 (PnL: -1.2791643081298464e-06)
🟢 OPEN_SHORT: SUSHIUSDT at 0.33146781000000003 (qty: 0.0023306818559622198)
🔴 CLOSE_SHORT: SUSHIUSDT at 0.33253260999999995 (PnL: -2.907975286581907e-06)
🟢 OPEN_SHORT: SUSHIUSDT at 0.32966907000000006 (qty: 0.0023231789971006763)
🔴 CLOSE_SHORT: SUSHIUSDT at 0.32973065 (PnL: -5.643741890705383e-07)
🟢 OPEN_SHORT: SUSHIUSDT at 0.32886963 (qty: 0.0023228324328829313)
🔴 CLOSE_SHORT: SUSHIUSDT at 0.32993079 (PnL: -2.886402531268213e-06)
🟢 OPEN_SHORT: SUSHIUSDT at 0.32966907000000006 (qty: 0.0022971397885298917)
🔴 CLOSE_SHORT: SUSHIUSDT at 0.33063128 (PnL: -2.628059323662575e-06)
🟢 OPEN_LONG: SUSHIUSDT at 0.33083142 (qty: 0.0022706633897282224)
🔴 CLOSE_LONG: SUSHIUSDT at 0.33116802 (PnL: 3.507211926080345e-07)
🟢 OPEN_SHORT: SUSHIUSDT at 0.3307683 (qty: 0.00227071913625971)
🔴 CLOSE_SHORT: SUSHIUSDT at 0.3312317 (PnL: -1.4659250355919652e-06)
🟢 OPEN_SHORT: SUSHIUSDT at 0.33116802 (qty: 0.002256630541522651)
🔴 CLOSE_SHORT: SUSHIUSDT at 0.33013093 (PnL: 1.930588021671165e-06)
🟢 OPEN_SHORT: SUSHIUSDT at 0.31398006 (qty: 0.0023898428075202712)
🔴 CLOSE_SHORT: SUSHIUSDT at 0.31452001 (PnL: -1.7038049849664345e-06)
🟢 OPEN_SHORT: SUSHIUSDT at 0.3157788 (qty: 0.0023628247964681322)
🔴 CLOSE_SHORT: SUSHIUSDT at 0.3162212 (PnL: -1.4562601008482925e-06)
🟢 OPEN_SHORT: SUSHIUSDT at 0.3187767 (qty: 0.0023288926563971852)
🔴 CLOSE_SHORT: SUSHIUSDT at 0.31942343999999995 (PnL: -1.9153346336315574e-06)
🟢 OPEN_SHORT: SUSHIUSDT at 0.31997586 (qty: 0.002305640838049604)
🔴 CLOSE_SHORT: SUSHIUSDT at 0.32032406999999996 (PnL: -1.2090509376784033e-06)
🟢 OPEN_SHORT: SUSHIUSDT at 0.31927635000000004 (qty: 0.002300576863208536)
🔴 CLOSE_SHORT: SUSHIUSDT at 0.32002385999999994 (PnL: -2.124635929411651e-06)
🟢 OPEN_SHORT: SUSHIUSDT at 0.32487243000000005 (qty: 0.0022453814876156005)
🔴 CLOSE_SHORT: SUSHIUSDT at 0.32602805999999995 (PnL: -2.9974617622349844e-06)
🟢 OPEN_SHORT: SUSHIUSDT at 0.32307369 (qty: 0.002236843265819773)
🔴 CLOSE_SHORT: SUSHIUSDT at 0.3220252599999999 (PnL: 1.9489975663434746e-06)
🟢 OPEN_SHORT: SUSHIUSDT at 0.32297376 (qty: 0.002247143146378559)
🔴 CLOSE_SHORT: SUSHIUSDT at 0.32342624 (PnL: -1.4165191130895624e-06)
🟢 OPEN_SHORT: SUSHIUSDT at 0.32317362000000005 (qty: 0.002234516814582721)
🔴 CLOSE_SHORT: SUSHIUSDT at 0.32442693999999994 (PnL: -3.199280212946063e-06)
🟢 OPEN_SHORT: SUSHIUSDT at 0.32437278 (qty: 0.002204081294728142)
🔴 CLOSE_SHORT: SUSHIUSDT at 0.3252275 (PnL: -2.2781276813346417e-06)
🟢 OPEN_SHORT: SUSHIUSDT at 0.3247725 (qty: 0.0021849180062341795)
🔴 CLOSE_SHORT: SUSHIUSDT at 0.32412673 (PnL: 1.0214498201126032e-06)
🟢 OPEN_SHORT: SUSHIUSDT at 0.32447271 (qty: 0.002190827146629406)
🔴 CLOSE_SHORT: SUSHIUSDT at 0.32492729 (PnL: -1.3874289445017552e-06)
🟢 OPEN_LONG: SUSHIUSDT at 0.32502735999999993 (qty: 0.0021761454590649106)
🔴 CLOSE_LONG: SUSHIUSDT at 0.32527215000000004 (PnL: 1.433869152242003e-07)
🟢 OPEN_SHORT: SUSHIUSDT at 0.32187453000000005 (qty: 0.0021959350119172866)
🔴 CLOSE_SHORT: SUSHIUSDT at 0.32182511999999996 (PnL: -2.8018772785834977e-07)
🟢 OPEN_SHORT: SUSHIUSDT at 0.32157474 (qty: 0.002193821807368448)
🔴 CLOSE_SHORT: SUSHIUSDT at 0.3220252599999999 (PnL: -1.376916921506733e-06)
🟢 OPEN_SHORT: SUSHIUSDT at 0.32207439 (qty: 0.002179458658674448)
🔴 CLOSE_SHORT: SUSHIUSDT at 0.32312603 (PnL: -2.67933780696807e-06)
🟢 OPEN_SHORT: SUSHIUSDT at 0.32077530000000004 (qty: 0.0021691726258506556)
🔴 CLOSE_SHORT: SUSHIUSDT at 0.32172504999999996 (PnL: -2.4440041457322163e-06)
🟢 OPEN_SHORT: SUSHIUSDT at 0.31767747 (qty: 0.0021725292411129255)
🔴 CLOSE_SHORT: SUSHIUSDT at 0.31902316 (PnL: -3.304748803503891e-06)
🟢 OPEN_SHORT: SUSHIUSDT at 0.31797726 (qty: 0.002147307374302998)
🔴 CLOSE_SHORT: SUSHIUSDT at 0.31712183 (PnL: 1.462344222938689e-06)
🟢 OPEN_SHORT: SUSHIUSDT at 0.31507929000000007 (qty: 0.002173956051817191)
🔴 CLOSE_SHORT: SUSHIUSDT at 0.31512043 (PnL: -4.6621843318898246e-07)
🟢 OPEN_SHORT: SUSHIUSDT at 0.31148181 (qty: 0.00219365178033718)
🔴 CLOSE_SHORT: SUSHIUSDT at 0.31091748999999996 (PnL: 8.627969846679576e-07)
🟢 OPEN_SHORT: SUSHIUSDT at 0.30958314000000003 (qty: 0.002210251534139518)
🔴 CLOSE_SHORT: SUSHIUSDT at 0.30941643999999996 (PnL: -7.689557917669744e-09)
🟢 OPEN_SHORT: SUSHIUSDT at 0.3087837 (qty: 0.0022134864914882557)
🔴 CLOSE_SHORT: SUSHIUSDT at 0.30861588 (PnL: -4.247091789792033e-09)
🟢 OPEN_SHORT: SUSHIUSDT at 0.30738468 (qty: 0.002221087326650639)
🔴 CLOSE_SHORT: SUSHIUSDT at 0.30811552999999997 (PnL: -1.9996749970374917e-06)
🟢 OPEN_SHORT: SUSHIUSDT at 0.31517922000000004 (qty: 0.002151086820132421)
🔴 CLOSE_SHORT: SUSHIUSDT at 0.31542064 (PnL: -8.924888299421861e-07)
🟢 OPEN_SHORT: SUSHIUSDT at 0.31547901 (qty: 0.0021410207696828817)
🔴 CLOSE_SHORT: SUSHIUSDT at 0.31602106 (PnL: -1.5326745174211007e-06)
🟢 OPEN_SHORT: SUSHIUSDT at 0.31777740000000004 (qty: 0.002113551095672828)
🔴 CLOSE_SHORT: SUSHIUSDT at 0.31842274 (PnL: -1.7341105661391527e-06)
🟢 OPEN_SHORT: SUSHIUSDT at 0.2947935 (qty: 0.0022640653480101866)
🔴 CLOSE_SHORT: SUSHIUSDT at 0.29810853 (PnL: -7.876660006609792e-06)
🟢 OPEN_SHORT: SUSHIUSDT at 0.29539308 (qty: 0.0022036543754932842)
🔴 CLOSE_SHORT: SUSHIUSDT at 0.29530656999999993 (PnL: -1.6727634827681623e-07)
🟢 OPEN_SHORT: SUSHIUSDT at 0.29699196000000005 (qty: 0.0021882533852341773)
🔴 CLOSE_SHORT: SUSHIUSDT at 0.29770824999999995 (PnL: -1.9257276145402178e-06)
🟢 OPEN_SHORT: SUSHIUSDT at 0.29509329 (qty: 0.0021868586832327164)
🔴 CLOSE_SHORT: SUSHIUSDT at 0.29540664 (PnL: -1.0405590850636803e-06)
🟢 OPEN_SHORT: SUSHIUSDT at 0.29988993 (qty: 0.0021425739282879995)
🔴 CLOSE_SHORT: SUSHIUSDT at 0.29950951 (PnL: 4.621312767292509e-07)
🟢 OPEN_SHORT: SUSHIUSDT at 0.30218832 (qty: 0.0021269975555231954)
🔴 CLOSE_SHORT: SUSHIUSDT at 0.30361237999999996 (PnL: -3.3841526734658722e-06)
🟢 OPEN_SHORT: SUSHIUSDT at 0.30298776000000005 (qty: 0.002096713357004882)
🔴 CLOSE_SHORT: SUSHIUSDT at 0.30341224 (PnL: -1.23990555873905e-06)
🟢 OPEN_SHORT: SUSHIUSDT at 0.30128895 (qty: 0.0020979855582216704)
🔴 CLOSE_SHORT: SUSHIUSDT at 0.30111063 (PnL: 2.6663620500242522e-08)
🟢 OPEN_SHORT: SUSHIUSDT at 0.30038958 (qty: 0.002102129785394778)
🔴 CLOSE_SHORT: SUSHIUSDT at 0.30171105 (PnL: -3.1267311291388725e-06)
🟢 OPEN_LONG: SUSHIUSDT at 0.30221139999999996 (qty: 0.0020664667759398526)
🔴 CLOSE_LONG: SUSHIUSDT at 0.30198846000000007 (PnL: -8.03925118646794e-07)
🟢 OPEN_SHORT: SUSHIUSDT at 0.29859084 (qty: 0.002083838226162013)
🔴 CLOSE_SHORT: SUSHIUSDT at 0.29910923 (PnL: -1.4230532840596207e-06)
🟢 OPEN_SHORT: SUSHIUSDT at 0.29819112000000003 (qty: 0.0020747917084140326)
🔴 CLOSE_SHORT: SUSHIUSDT at 0.29850881 (PnL: -9.997795599781128e-07)
🟢 OPEN_SHORT: SUSHIUSDT at 0.29809119 (qty: 0.0020664963337867)
🔴 CLOSE_SHORT: SUSHIUSDT at 0.29850881 (PnL: -1.2022872477234338e-06)
🟢 OPEN_SHORT: SUSHIUSDT at 0.30048951000000007 (qty: 0.0020397456536411776)
🔴 CLOSE_SHORT: SUSHIUSDT at 0.30121069999999994 (PnL: -1.8089604368345881e-06)
🟢 OPEN_SHORT: SUSHIUSDT at 0.28689903000000005 (qty: 0.0021214084855024377)
🔴 CLOSE_SHORT: SUSHIUSDT at 0.28900215999999995 (PnL: -4.798798227118418e-06)
🟢 OPEN_SHORT: SUSHIUSDT at 0.28460064 (qty: 0.0021024652201406986)
🔴 CLOSE_SHORT: SUSHIUSDT at 0.28399865999999996 (PnL: 9.372384953513087e-07)
🟢 OPEN_SHORT: SUSHIUSDT at 0.28370127 (qty: 0.002113417486564389)
🔴 CLOSE_SHORT: SUSHIUSDT at 0.28439894 (PnL: -1.8050475089773494e-06)
🟢 OPEN_SHORT: SUSHIUSDT at 0.27940428000000006 (qty: 0.002130638774800081)
🔴 CLOSE_SHORT: SUSHIUSDT at 0.28009592999999994 (PnL: -1.8018870956071432e-06)
🟢 OPEN_SHORT: SUSHIUSDT at 0.27910449000000004 (qty: 0.002117669185722505)
🔴 CLOSE_SHORT: SUSHIUSDT at 0.27839474 (PnL: 1.1787643252658088e-06)
🟢 OPEN_SHORT: SUSHIUSDT at 0.27160974 (qty: 0.002182389890158008)
🔴 CLOSE_SHORT: SUSHIUSDT at 0.27209032999999994 (PnL: -1.3754287092818882e-06)
🟢 OPEN_SHORT: SUSHIUSDT at 0.27300876 (qty: 0.0021587419357539175)
🔴 CLOSE_SHORT: SUSHIUSDT at 0.27249060999999997 (PnL: 7.950218352126103e-07)
🟢 OPEN_SHORT: SUSHIUSDT at 0.27071037 (qty: 0.002180548945005899)
🔴 CLOSE_SHORT: SUSHIUSDT at 0.27088948999999996 (PnL: -7.154582124273839e-07)
🟢 OPEN_SHORT: SUSHIUSDT at 0.27051051000000004 (qty: 0.002174469924839242)
🔴 CLOSE_SHORT: SUSHIUSDT at 0.27078942 (PnL: -9.303343041019022e-07)
🟢 OPEN_SHORT: SUSHIUSDT at 0.28899756000000004 (qty: 0.0020266927550341277)
🔴 CLOSE_SHORT: SUSHIUSDT at 0.28830167 (PnL: 1.0889908230814826e-06)
🟢 OPEN_SHORT: SUSHIUSDT at 0.289797 (qty: 0.0020263942088203555)
🔴 CLOSE_SHORT: SUSHIUSDT at 0.29010293 (PnL: -9.432593738269181e-07)
🟢 OPEN_LONG: SUSHIUSDT at 0.29480621999999995 (qty: 0.001983372252210552)
🔴 CLOSE_LONG: SUSHIUSDT at 0.29469357 (PnL: -5.4489476151497e-07)
🟢 OPEN_SHORT: SUSHIUSDT at 0.29419392 (qty: 0.001981609631768949)
🔴 CLOSE_SHORT: SUSHIUSDT at 0.29510643 (PnL: -2.129870764332161e-06)
🟢 OPEN_SHORT: SUSHIUSDT at 0.29319462 (qty: 0.001971647667665865)
🔴 CLOSE_SHORT: SUSHIUSDT at 0.29400566 (PnL: -1.9179066899844538e-06)
🟢 OPEN_SHORT: SUSHIUSDT at 0.29459364000000005 (qty: 0.00194710514177305)
🔴 CLOSE_SHORT: SUSHIUSDT at 0.29600706 (PnL: -3.069073627174672e-06)
🟢 OPEN_SHORT: SUSHIUSDT at 0.29369427000000004 (qty: 0.0019300195358016247)
🔴 CLOSE_SHORT: SUSHIUSDT at 0.29440594 (PnL: -1.686052071654653e-06)
🟢 OPEN_SHORT: SUSHIUSDT at 0.29959014000000006 (qty: 0.0018787001977540695)
🔴 CLOSE_SHORT: SUSHIUSDT at 0.30151090999999997 (PnL: -3.920097712273011e-06)
🟢 OPEN_SHORT: SUSHIUSDT at 0.30388713 (qty: 0.0018242981720806328)
🔴 CLOSE_SHORT: SUSHIUSDT at 0.29660748 (PnL: 1.2982646922412633e-05)
🟢 OPEN_SHORT: SUSHIUSDT at 0.29739168 (qty: 0.0019494029248340375)
🔴 CLOSE_SHORT: SUSHIUSDT at 0.29760818 (PnL: -7.411327743271795e-07)
🟢 OPEN_SHORT: SUSHIUSDT at 0.29799126000000004 (qty: 0.0019383663649489252)
🔴 CLOSE_SHORT: SUSHIUSDT at 0.29910923 (PnL: -2.4859162440046628e-06)
🟢 OPEN_SHORT: SUSHIUSDT at 0.29889063 (qty: 0.0019137736940290585)
🔴 CLOSE_SHORT: SUSHIUSDT at 0.30021 (PnL: -2.840969299067548e-06)
🟢 OPEN_SHORT: SUSHIUSDT at 0.29039658000000007 (qty: 0.0019480183842386716)
🔴 CLOSE_SHORT: SUSHIUSDT at 0.29130377 (PnL: -2.079328602644295e-06)
🟢 OPEN_SHORT: SUSHIUSDT at 0.29139588000000005 (qty: 0.0019249309622721305)
🔴 CLOSE_SHORT: SUSHIUSDT at 0.29180412 (PnL: -1.0947703480664905e-06)
🟢 OPEN_SHORT: SUSHIUSDT at 0.29019672 (qty: 0.0019232140264973999)
🔴 CLOSE_SHORT: SUSHIUSDT at 0.29060327999999996 (PnL: -1.08929266194586e-06)
🟢 OPEN_SHORT: SUSHIUSDT at 0.2907963 (qty: 0.0019096456714926093)
🔴 CLOSE_SHORT: SUSHIUSDT at 0.29110362999999995 (PnL: -8.926390370616144e-07)
🟢 OPEN_SHORT: SUSHIUSDT at 0.29189553000000007 (qty: 0.00189424540972519)
🔴 CLOSE_SHORT: SUSHIUSDT at 0.29240454 (PnL: -1.2688271327268625e-06)
🟢 OPEN_SHORT: SUSHIUSDT at 0.29249511000000006 (qty: 0.0018796071483442765)
🔴 CLOSE_SHORT: SUSHIUSDT at 0.29360537999999997 (PnL: -2.3903959526642222e-06)
🟢 OPEN_SHORT: SUSHIUSDT at 0.29809119 (qty: 0.0018262544230738533)
🔴 CLOSE_SHORT: SUSHIUSDT at 0.29870895 (PnL: -1.4282221300301293e-06)
🟢 OPEN_LONG: SUSHIUSDT at 0.29890909 (qty: 0.0018096976594694735)
🔴 CLOSE_LONG: SUSHIUSDT at 0.29759154000000004 (PnL: -2.6805700436126594e-06)
🟢 OPEN_SHORT: SUSHIUSDT at 0.29289483000000005 (qty: 0.0018265222089829897)
🔴 CLOSE_SHORT: SUSHIUSDT at 0.29380552 (PnL: -1.9585487795695903e-06)
🟢 OPEN_SHORT: SUSHIUSDT at 0.29199546000000004 (qty: 0.0018167177583140518)
🔴 CLOSE_SHORT: SUSHIUSDT at 0.29230447 (PnL: -8.534530513124889e-07)
🟢 OPEN_SHORT: SUSHIUSDT at 0.29009679000000005 (qty: 0.001820712703353848)
🔴 CLOSE_SHORT: SUSHIUSDT at 0.29030307 (PnL: -6.662837845021281e-07)
🟢 OPEN_SHORT: SUSHIUSDT at 0.29019672 (qty: 0.001813491696199509)
🔴 CLOSE_SHORT: SUSHIUSDT at 0.29040314 (PnL: -6.639949815466203e-07)
🟢 OPEN_SHORT: SUSHIUSDT at 0.29069637000000004 (qty: 0.0018038149418414281)
🔴 CLOSE_SHORT: SUSHIUSDT at 0.29120369999999995 (PnL: -1.2040321062929917e-06)
🟢 OPEN_SHORT: SUSHIUSDT at 0.29039658000000007 (qty: 0.0017953985299384483)
🔴 CLOSE_SHORT: SUSHIUSDT at 0.29120369999999995 (PnL: -1.7366567436746615e-06)
🟢 OPEN_SHORT: SUSHIUSDT at 0.28899756000000004 (qty: 0.0017900869612591048)
🔴 CLOSE_SHORT: SUSHIUSDT at 0.28970264999999995 (PnL: -1.5473985305379836e-06)
🟢 OPEN_SHORT: SUSHIUSDT at 0.28739868 (qty: 0.001787297363683873)
🔴 CLOSE_SHORT: SUSHIUSDT at 0.28820159999999995 (PnL: -1.7183628771881394e-06)
🟢 OPEN_SHORT: SUSHIUSDT at 0.28919742000000004 (qty: 0.001762343328451734)
🔴 CLOSE_SHORT: SUSHIUSDT at 0.28960257999999994 (PnL: -9.947395690763114e-07)
🟢 OPEN_LONG: SUSHIUSDT at 0.28960257999999994 (qty: 0.0017510722209249131)
🔴 CLOSE_LONG: SUSHIUSDT at 0.28919742000000004 (PnL: -9.879874837186057e-07)
🟢 OPEN_SHORT: SUSHIUSDT at 0.28510029000000003 (qty: 0.0017698376646425066)
🔴 CLOSE_SHORT: SUSHIUSDT at 0.28610012999999995 (PnL: -2.0480474228792346e-06)
🟢 OPEN_SHORT: SUSHIUSDT at 0.28609959 (qty: 0.0017473988594047223)
🔴 CLOSE_SHORT: SUSHIUSDT at 0.2872009 (PnL: -2.2004478266449616e-06)
🟢 OPEN_LONG: SUSHIUSDT at 0.28630027 (qty: 0.001728881633544742)
🔴 CLOSE_LONG: SUSHIUSDT at 0.28559994 (PnL: -1.4823603443645496e-06)
🟢 OPEN_SHORT: SUSHIUSDT at 0.28390113000000006 (qty: 0.00173113111802985)
🔴 CLOSE_SHORT: SUSHIUSDT at 0.28499936 (PnL: -2.172534321146813e-06)
🟢 OPEN_SHORT: SUSHIUSDT at 0.28450071000000005 (qty: 0.001710309949159354)
🔴 CLOSE_SHORT: SUSHIUSDT at 0.28499936 (PnL: -1.1209365386498254e-06)
🟢 OPEN_SHORT: SUSHIUSDT at 0.28440078 (qty: 0.0017011461042556334)
🔴 CLOSE_SHORT: SUSHIUSDT at 0.28569985 (PnL: -2.477217322402949e-06)
🟢 OPEN_LONG: SUSHIUSDT at 0.28600006 (qty: 0.0016724494963134403)
🔴 CLOSE_LONG: SUSHIUSDT at 0.28609959 (PnL: -9.67090149869393e-08)
🟢 OPEN_SHORT: SUSHIUSDT at 0.28729875 (qty: 0.0016623848364837137)
🔴 CLOSE_SHORT: SUSHIUSDT at 0.28740104 (PnL: -4.328194669110343e-07)
🟢 OPEN_LONG: SUSHIUSDT at 0.28860188 (qty: 0.0016500588472008742)
🔴 CLOSE_LONG: SUSHIUSDT at 0.28759854 (PnL: -1.916575027203445e-06)
🟢 OPEN_SHORT: SUSHIUSDT at 0.28749861000000004 (qty: 0.001641236123765774)
🔴 CLOSE_SHORT: SUSHIUSDT at 0.28750111 (PnL: -2.636245543544668e-07)
🟢 OPEN_SHORT: SUSHIUSDT at 0.28769847 (qty: 0.001636459230183044)
🔴 CLOSE_SHORT: SUSHIUSDT at 0.28900215999999995 (PnL: -2.3935526725484412e-06)
🟢 OPEN_SHORT: SUSHIUSDT at 0.28809819000000003 (qty: 0.001615774899167289)
🔴 CLOSE_SHORT: SUSHIUSDT at 0.28860188 (PnL: -1.0703232794175534e-06)
🟢 OPEN_SHORT: SUSHIUSDT at 0.29059644 (qty: 0.0015927556625690506)
🔴 CLOSE_SHORT: SUSHIUSDT at 0.29070334999999997 (PnL: -4.2494218164735453e-07)
🟢 OPEN_SHORT: SUSHIUSDT at 0.2907963 (qty: 0.0015869875474043083)
🔴 CLOSE_SHORT: SUSHIUSDT at 0.29130377 (PnL: -1.0596110712073408e-06)
🟢 OPEN_SHORT: SUSHIUSDT at 0.29049651000000004 (qty: 0.001579582645145073)
🔴 CLOSE_SHORT: SUSHIUSDT at 0.29120369999999995 (PnL: -1.3700542217171249e-06)
🟢 OPEN_SHORT: SUSHIUSDT at 0.2877984 (qty: 0.0015831164720079677)
🔴 CLOSE_SHORT: SUSHIUSDT at 0.28800146 (PnL: -5.722345512144908e-07)
🟢 OPEN_SHORT: SUSHIUSDT at 0.2877984 (qty: 0.0015773984091943724)
🔴 CLOSE_SHORT: SUSHIUSDT at 0.28820159999999995 (PnL: -8.860418485390715e-07)
🟢 OPEN_SHORT: SUSHIUSDT at 0.28719882 (qty: 0.0015727825226421355)
🔴 CLOSE_SHORT: SUSHIUSDT at 0.28760117999999996 (PnL: -8.816085359775776e-07)
🟢 OPEN_SHORT: SUSHIUSDT at 0.28739868 (qty: 0.0015638248447571452)
🔴 CLOSE_SHORT: SUSHIUSDT at 0.28610012999999995 (PnL: 1.7846289818992553e-06)
🟢 OPEN_SHORT: SUSHIUSDT at 0.28949721000000006 (qty: 0.0015631102931266917)
🔴 CLOSE_SHORT: SUSHIUSDT at 0.29000286 (PnL: -1.0397052702455742e-06)
🟢 OPEN_SHORT: SUSHIUSDT at 0.28250211000000003 (qty: 0.0015926921415429767)
🔴 CLOSE_SHORT: SUSHIUSDT at 0.28319809999999995 (PnL: -1.3565738671958216e-06)
🟢 OPEN_SHORT: SUSHIUSDT at 0.28360134000000004 (qty: 0.0015752069791076908)
🔴 CLOSE_SHORT: SUSHIUSDT at 0.28399865999999996 (PnL: -8.719074061480246e-07)
🟢 OPEN_SHORT: SUSHIUSDT at 0.28889763000000007 (qty: 0.001538592031194365)
🔴 CLOSE_SHORT: SUSHIUSDT at 0.28970264999999995 (PnL: -1.4837511607401405e-06)
🟢 OPEN_LONG: SUSHIUSDT at 0.28920229999999997 (qty: 0.0015250194893919333)
🔴 CLOSE_LONG: SUSHIUSDT at 0.28849791 (PnL: -1.31618919260206e-06)
🟢 OPEN_SHORT: SUSHIUSDT at 0.28909749 (qty: 0.0015147887393747545)
🔴 CLOSE_SHORT: SUSHIUSDT at 0.28960257999999994 (PnL: -1.0063823442635214e-06)
🟢 OPEN_SHORT: SUSHIUSDT at 0.289797 (qty: 0.0015025246774821655)
🔴 CLOSE_SHORT: SUSHIUSDT at 0.29040314 (PnL: -1.1507261443565753e-06)
🟢 OPEN_SHORT: SUSHIUSDT at 0.28799826000000006 (qty: 0.0015022546379732788)
🔴 CLOSE_SHORT: SUSHIUSDT at 0.28780132 (PnL: 5.8061051120851543e-08)
🟢 OPEN_SHORT: SUSHIUSDT at 0.28809819000000003 (qty: 0.0015004847219674564)
🔴 CLOSE_SHORT: SUSHIUSDT at 0.28850180999999997 (PnL: -8.437165504711384e-07)
🟢 OPEN_SHORT: SUSHIUSDT at 0.28769847 (qty: 0.0014950513424515628)
🔴 CLOSE_SHORT: SUSHIUSDT at 0.28790139 (PnL: -5.401108661975081e-07)
🟢 OPEN_SHORT: SUSHIUSDT at 0.28719882 (qty: 0.0014922436856815587)
🔴 CLOSE_SHORT: SUSHIUSDT at 0.28760117999999996 (PnL: -8.364632440379959e-07)
🟢 OPEN_SHORT: SUSHIUSDT at 0.28759854 (qty: 0.0014827136170575523)
🔴 CLOSE_SHORT: SUSHIUSDT at 0.28800146 (PnL: -8.322779981457401e-07)
🟢 OPEN_SHORT: SUSHIUSDT at 0.28110309 (qty: 0.0015093844987933934)
🔴 CLOSE_SHORT: SUSHIUSDT at 0.28349831 (PnL: -3.850657314201343e-06)
🟢 OPEN_SHORT: SUSHIUSDT at 0.28050351 (qty: 0.0014834916328471271)
🔴 CLOSE_SHORT: SUSHIUSDT at 0.28219739999999993 (PnL: -2.7431222569044693e-06)
🟢 OPEN_SHORT: SUSHIUSDT at 0.28270197 (qty: 0.00145092950178016)
🔴 CLOSE_SHORT: SUSHIUSDT at 0.28309802999999994 (PnL: -8.005705444674993e-07)
🟢 OPEN_LONG: SUSHIUSDT at 0.28469914999999996 (qty: 0.0014335423505974615)
🔴 CLOSE_LONG: SUSHIUSDT at 0.28410099 (PnL: -1.0814866329897346e-06)
🟢 OPEN_SHORT: SUSHIUSDT at 0.28370127 (qty: 0.0014293780719435694)
🔴 CLOSE_SHORT: SUSHIUSDT at 0.28399865999999996 (PnL: -6.483505462011774e-07)
🟢 OPEN_SHORT: SUSHIUSDT at 0.28430085 (qty: 0.0014202335491307477)
🔴 CLOSE_SHORT: SUSHIUSDT at 0.28469914999999996 (PnL: -7.880656289501776e-07)
🟢 OPEN_SHORT: SUSHIUSDT at 0.28420092 (qty: 0.0014136242873272668)
🔴 CLOSE_SHORT: SUSHIUSDT at 0.28459907999999995 (PnL: -7.841225406435665e-07)
🟢 OPEN_SHORT: SUSHIUSDT at 0.28370127 (qty: 0.001409028409552659)
🔴 CLOSE_SHORT: SUSHIUSDT at 0.28369844999999994 (PnL: -2.1588308657279284e-07)
🟢 OPEN_SHORT: SUSHIUSDT at 0.28240218000000006 (qty: 0.0014124241732795528)
🔴 CLOSE_SHORT: SUSHIUSDT at 0.28479922 (PnL: -3.6068787568905037e-06)
🟢 OPEN_SHORT: SUSHIUSDT at 0.28240218000000006 (qty: 0.001385326236762343)
🔴 CLOSE_SHORT: SUSHIUSDT at 0.28289789 (PnL: -9.022682969632988e-07)
🟢 OPEN_SHORT: SUSHIUSDT at 0.28310169 (qty: 0.0013740090057913826)
🔴 CLOSE_SHORT: SUSHIUSDT at 0.28389859 (PnL: -1.3094913473804495e-06)
🟢 OPEN_SHORT: SUSHIUSDT at 0.28510029000000003 (qty: 0.0013536899812385999)
🔴 CLOSE_SHORT: SUSHIUSDT at 0.28569985 (PnL: -1.0243303286738424e-06)
🟢 OPEN_SHORT: SUSHIUSDT at 0.28520022 (qty: 0.0013445438941703212)
🔴 CLOSE_SHORT: SUSHIUSDT at 0.28559977999999997 (PnL: -7.4842675056111e-07)
🟢 OPEN_SHORT: SUSHIUSDT at 0.29859084 (qty: 0.0012778206802326786)
🔴 CLOSE_SHORT: SUSHIUSDT at 0.30051021 (PnL: -2.6638096675456513e-06)
🟢 OPEN_SHORT: SUSHIUSDT at 0.29899056000000007 (qty: 0.0012568899527786036)
🔴 CLOSE_SHORT: SUSHIUSDT at 0.30281181999999995 (PnL: -5.012233924731951e-06)
🟢 OPEN_SHORT: SUSHIUSDT at 0.29629245 (qty: 0.0012331073064340973)
🔴 CLOSE_SHORT: SUSHIUSDT at 0.29670755 (PnL: -7.130925791793339e-07)
🟢 OPEN_LONG: SUSHIUSDT at 0.30000985999999996 (qty: 0.0012117345188403916)
🔴 CLOSE_LONG: SUSHIUSDT at 0.30218832 (PnL: 2.438320569719186e-06)
🟢 OPEN_SHORT: SUSHIUSDT at 0.30268797000000003 (qty: 0.0012158033864385943)
🔴 CLOSE_SHORT: SUSHIUSDT at 0.30341224 (PnL: -1.0834592145792517e-06)
🟢 OPEN_SHORT: SUSHIUSDT at 0.30148881000000005 (qty: 0.0012121091013832547)
🔴 CLOSE_SHORT: SUSHIUSDT at 0.30151090999999997 (PnL: -2.2779287613800656e-07)
🟢 OPEN_SHORT: SUSHIUSDT at 0.29699196000000005 (qty: 0.0012275745233989175)
🔴 CLOSE_SHORT: SUSHIUSDT at 0.29720789999999997 (PnL: -4.657471079887485e-07)
🟢 OPEN_SHORT: SUSHIUSDT at 0.29799126000000004 (qty: 0.001218986193736697)
🔴 CLOSE_SHORT: SUSHIUSDT at 0.29900916 (PnL: -1.4412744674169798e-06)
🟢 OPEN_SHORT: SUSHIUSDT at 0.29499336000000004 (qty: 0.001220248180855313)
🔴 CLOSE_SHORT: SUSHIUSDT at 0.29620719999999995 (PnL: -1.6799815151752392e-06)
🟢 OPEN_SHORT: SUSHIUSDT at 0.29629245 (qty: 0.001202221609939943)
🔴 CLOSE_SHORT: SUSHIUSDT at 0.29680761999999994 (PnL: -8.156042009100684e-07)
🟢 OPEN_SHORT: SUSHIUSDT at 0.29409399 (qty: 0.0012043297713950415)
🔴 CLOSE_SHORT: SUSHIUSDT at 0.29500635999999997 (PnL: -1.2942010716820076e-06)
🟢 OPEN_SHORT: SUSHIUSDT at 0.29429385 (qty: 0.0011933927292040662)
🔴 CLOSE_SHORT: SUSHIUSDT at 0.29410572999999995 (PnL: 3.1460038328361875e-08)
🟢 OPEN_SHORT: SUSHIUSDT at 0.29149581 (qty: 0.0012037385098647125)
🔴 CLOSE_SHORT: SUSHIUSDT at 0.29240454 (PnL: -1.2874615289608248e-06)
🟢 OPEN_SHORT: SUSHIUSDT at 0.29219532000000004 (qty: 0.001190723505421395)
🔴 CLOSE_SHORT: SUSHIUSDT at 0.29270474999999996 (PnL: -7.982820096521494e-07)
🟢 OPEN_SHORT: SUSHIUSDT at 0.29339448000000007 (qty: 0.0011791106480924793)
🔴 CLOSE_SHORT: SUSHIUSDT at 0.29420579999999996 (PnL: -1.1474317063410759e-06)
🟢 OPEN_SHORT: SUSHIUSDT at 0.29589273 (qty: 0.0011601135081482491)
🔴 CLOSE_SHORT: SUSHIUSDT at 0.29560677999999996 (PnL: 1.43118877437018e-07)
🟢 OPEN_SHORT: SUSHIUSDT at 0.29399406000000006 (qty: 0.0011672949947437625)
🔴 CLOSE_SHORT: SUSHIUSDT at 0.29490629 (PnL: -1.2541749629845528e-06)
🟢 OPEN_SHORT: SUSHIUSDT at 0.29349441000000004 (qty: 0.0011594495078193691)
🔴 CLOSE_SHORT: SUSHIUSDT at 0.29340524 (PnL: -8.371559599800837e-08)
🟢 OPEN_SHORT: SUSHIUSDT at 0.29319462 (qty: 0.0011587872822703851)
🔴 CLOSE_SHORT: SUSHIUSDT at 0.29430586999999997 (PnL: -1.475273212012347e-06)
🔧 DEBUG: get_data_for_symbols called with symbols=['BNBUSDT', 'XRPUSDT', 'ADAUSDT', 'DOTUSDT', 'ATOMUSDT', 'ALGOUSDT', 'VETUSDT', 'ICPUSDT', 'FILUSDT', 'AAVEUSDT', 'COMPUSDT', 'CRVUSDT', 'SNXUSDT', 'SUSHIUSDT', 'ARBUSDT', 'OPUSDT', 'NEARUSDT', 'GRTUSDT'], timeframes=['1m']
🔧 DEBUG: Date range: 2025-11-16 to 2025-12-31
🔧 DEBUG: Processing BNBUSDT 1m
🔧 DEBUG: Found data in cache for BNBUSDT 1m
🔧 DEBUG: Original data shape: (129603, 6)
🔧 DEBUG: Original data date range: 2025-11-16 22:30:00 to 2026-02-14 22:33:00
🔧 DEBUG: Filtered data shape: (63451, 6)
🔧 DEBUG: Processing XRPUSDT 1m
🔧 DEBUG: Found data in cache for XRPUSDT 1m
🔧 DEBUG: Original data shape: (129604, 6)
🔧 DEBUG: Original data date range: 2025-11-16 22:30:00 to 2026-02-14 22:34:00
🟢 OPEN_SHORT: ARBUSDT at 0.23233725000000002 (qty: 0.0014480068316444997)
🔴 CLOSE_SHORT: ARBUSDT at 0.23896715999999998 (PnL: -9.790469317308406e-06)
🔧 DEBUG: Filtered data shape: (63451, 6)
🔧 DEBUG: Processing ADAUSDT 1m
🔧 DEBUG: Found data in cache for ADAUSDT 1m
🟢 OPEN_SHORT: ARBUSDT at 0.23833305000000002 (qty: 0.0013278683677866306)
🔴 CLOSE_SHORT: ARBUSDT at 0.23866694999999996 (PnL: -6.176803093414921e-07)
🟢 OPEN_SHORT: ARBUSDT at 0.23643438000000003 (qty: 0.001331834376474877)
🔴 CLOSE_SHORT: ARBUSDT at 0.24066834999999998 (PnL: -5.815238504985984e-06)
🟢 OPEN_SHORT: ARBUSDT at 0.23283690000000004 (qty: 0.0013009732455464824)
🔴 CLOSE_SHORT: ARBUSDT at 0.23486428999999998 (PnL: -2.8056338349817463e-06)
🟢 OPEN_SHORT: ARBUSDT at 0.23163774000000004 (qty: 0.0012820454204517473)
🔴 CLOSE_SHORT: ARBUSDT at 0.22725896999999998 (PnL: 5.453536048751779e-06)
🟢 OPEN_SHORT: ARBUSDT at 0.22604166000000003 (qty: 0.0013605921525888136)
🔴 CLOSE_SHORT: ARBUSDT at 0.22575791999999997 (PnL: 2.171139674904065e-07)
🟢 OPEN_SHORT: ARBUSDT at 0.22424292 (qty: 0.0013719337543834174)
🔴 CLOSE_SHORT: ARBUSDT at 0.22435694 (PnL: -3.257194591336832e-07)
🟢 OPEN_SHORT: ARBUSDT at 0.22494243 (qty: 0.0013632669529576604)
🔴 CLOSE_SHORT: ARBUSDT at 0.22535764 (PnL: -7.350145143022402e-07)
🟢 OPEN_SHORT: ARBUSDT at 0.22444278 (qty: 0.0013582492155423118)
🔴 CLOSE_SHORT: ARBUSDT at 0.2271589 (PnL: -3.858863978069419e-06)
🟢 OPEN_SHORT: ARBUSDT at 0.23683410000000002 (qty: 0.001253181732529825)
🔴 CLOSE_SHORT: ARBUSDT at 0.23786638999999998 (PnL: -1.4575963687751156e-06)
🟢 OPEN_SHORT: ARBUSDT at 0.23573487 (qty: 0.0012452739776599596)
🔴 CLOSE_SHORT: ARBUSDT at 0.23696576 (PnL: -1.6950932983502766e-06)
🟢 OPEN_SHORT: ARBUSDT at 0.23273697000000002 (qty: 0.001245360385555388)
🔴 CLOSE_SHORT: ARBUSDT at 0.23276281999999998 (PnL: -1.9162304335855232e-07)
🔧 DEBUG: Original data shape: (129604, 6)
🔧 DEBUG: Original data date range: 2025-11-16 22:30:00 to 2026-02-14 22:34:00
🟢 OPEN_SHORT: ARBUSDT at 0.21914649 (qty: 0.0013193883737883032)
🔴 CLOSE_SHORT: ARBUSDT at 0.21975371999999999 (PnL: -9.60639479011055e-07)
🟢 OPEN_SHORT: ARBUSDT at 0.23523522000000002 (qty: 0.0012196302868266251)
🔴 CLOSE_SHORT: ARBUSDT at 0.23516449999999997 (PnL: -7.149530673809974e-08)
🟢 OPEN_SHORT: ARBUSDT at 0.23493543000000003 (qty: 0.0012192346562122332)
🔴 CLOSE_SHORT: ARBUSDT at 0.23516449999999997 (PnL: -4.3698647226941795e-07)
🟢 OPEN_SHORT: ARBUSDT at 0.21544908000000004 (qty: 0.0013239896857463206)
🔴 CLOSE_SHORT: ARBUSDT at 0.21695175999999997 (PnL: -2.14751586187666e-06)
🟢 OPEN_SHORT: ARBUSDT at 0.2158488 (qty: 0.001300185826393669)
🔴 CLOSE_SHORT: ARBUSDT at 0.2161512 (PnL: -5.477463935303108e-07)
🟢 OPEN_SHORT: ARBUSDT at 0.21564894 (qty: 0.0012948793057437702)
🔴 CLOSE_SHORT: ARBUSDT at 0.21535063999999998 (PnL: 2.328932989353322e-07)
🟢 OPEN_SHORT: ARBUSDT at 0.20075937000000002 (qty: 0.0013917057670820836)
🔴 CLOSE_SHORT: ARBUSDT at 0.20124076999999999 (PnL: -8.240045233728381e-07)
🟢 OPEN_SHORT: ARBUSDT at 0.20595573000000003 (qty: 0.001347098360447129)
🔴 CLOSE_SHORT: ARBUSDT at 0.20624426999999998 (PnL: -5.414989858060832e-07)
🟢 OPEN_SHORT: ARBUSDT at 0.19866084000000003 (qty: 0.0013895765332878492)
🔴 CLOSE_SHORT: ARBUSDT at 0.20124076999999999 (PnL: -3.7388118838682826e-06)
🟢 OPEN_SHORT: ARBUSDT at 0.19946028000000002 (qty: 0.0013449953930378274)
🔴 CLOSE_SHORT: ARBUSDT at 0.1981386 (PnL: 1.6310809837696314e-06)
🟢 OPEN_SHORT: ARBUSDT at 0.19826112 (qty: 0.0013680958686610296)
🔴 CLOSE_SHORT: ARBUSDT at 0.19853887999999997 (PnL: -5.293934303023565e-07)
🟢 OPEN_SHORT: ARBUSDT at 0.19866084000000003 (qty: 0.001358511662823925)
🔴 CLOSE_SHORT: ARBUSDT at 0.19893915999999998 (PnL: -5.267446089758946e-07)
🟢 OPEN_SHORT: ARBUSDT at 0.19766154000000002 (qty: 0.001358548089292195)
🔴 CLOSE_SHORT: ARBUSDT at 0.19793845999999998 (PnL: -5.241090410334797e-07)
🟢 OPEN_SHORT: ARBUSDT at 0.19826112 (qty: 0.0013476626351815238)
🔴 CLOSE_SHORT: ARBUSDT at 0.1991393 (PnL: -1.3310952995570936e-06)
🟢 OPEN_SHORT: ARBUSDT at 0.19816119000000001 (qty: 0.00133342459651332)
🔴 CLOSE_SHORT: ARBUSDT at 0.1991393 (PnL: -1.450281414509457e-06)
🟢 OPEN_SHORT: ARBUSDT at 0.19846098 (qty: 0.0013153305283790729)
🔴 CLOSE_SHORT: ARBUSDT at 0.19863894999999998 (PnL: -3.777911054186768e-07)
🟢 OPEN_SHORT: ARBUSDT at 0.20045958000000003 (qty: 0.0012970148770686675)
🔴 CLOSE_SHORT: ARBUSDT at 0.20084048999999998 (PnL: -6.373171437204383e-07)
🟢 OPEN_SHORT: ARBUSDT at 0.20075937000000002 (qty: 0.0012873044195159328)
🔴 CLOSE_SHORT: ARBUSDT at 0.20074041999999997 (PnL: -1.1773329766293124e-07)
🟢 OPEN_SHORT: ARBUSDT at 0.20195853000000002 (qty: 0.0012770873079647632)
🔴 CLOSE_SHORT: ARBUSDT at 0.20264175 (PnL: -1.0148667543914884e-06)
🟢 OPEN_SHORT: ARBUSDT at 0.20155881 (qty: 0.001268142193072596)
🔴 CLOSE_SHORT: ARBUSDT at 0.20054028 (PnL: 1.1517683931470275e-06)
🟢 OPEN_LONG: ARBUSDT at 0.20174112 (qty: 0.0012770207797910165)
🔴 CLOSE_LONG: ARBUSDT at 0.20245818000000002 (PnL: 7.735017037627025e-07)
🟢 OPEN_SHORT: ARBUSDT at 0.20505636000000002 (qty: 0.0012625368724150964)
🔴 CLOSE_SHORT: ARBUSDT at 0.20594405999999998 (PnL: -1.2637605648155118e-06)
🟢 OPEN_SHORT: ARBUSDT at 0.20415699000000004 (qty: 0.0012543235181740578)
🔴 CLOSE_SHORT: ARBUSDT at 0.20514349999999998 (PnL: -1.378926668071612e-06)
🟢 OPEN_SHORT: ARBUSDT at 0.20215839000000002 (qty: 0.0012516887071327108)
🔴 CLOSE_SHORT: ARBUSDT at 0.20284188999999997 (PnL: -9.951714280006932e-07)
🟢 OPEN_SHORT: ARBUSDT at 0.20205846 (qty: 0.0012410798718743682)
🔴 CLOSE_SHORT: ARBUSDT at 0.20524357 (PnL: -4.093073925663009e-06)
🟢 OPEN_SHORT: ARBUSDT at 0.21924642000000003 (qty: 0.0011051888192299595)
🔴 CLOSE_SHORT: ARBUSDT at 0.21795246 (PnL: 1.297586882477225e-06)
🟢 OPEN_SHORT: ARBUSDT at 0.21694803000000001 (qty: 0.0011276310102650183)
🔴 CLOSE_SHORT: ARBUSDT at 0.21765225 (PnL: -9.290875946534809e-07)
🟢 OPEN_SHORT: ARBUSDT at 0.21694803000000001 (qty: 0.0011178255455729662)
🔴 CLOSE_SHORT: ARBUSDT at 0.21745210999999998 (PnL: -6.971639389355871e-07)
🟢 OPEN_SHORT: ARBUSDT at 0.21484950000000003 (qty: 0.0011210124345779886)
🔴 CLOSE_SHORT: ARBUSDT at 0.21515049999999997 (PnL: -4.700772550010269e-07)
🟢 OPEN_SHORT: ARBUSDT at 0.21395013000000002 (qty: 0.0011200922041771648)
🔴 CLOSE_SHORT: ARBUSDT at 0.21414979999999997 (PnL: -3.555759472363612e-07)
🟢 OPEN_SHORT: ARBUSDT at 0.21424992 (qty: 0.0011139752702883318)
🔴 CLOSE_SHORT: ARBUSDT at 0.21445000999999997 (PnL: -3.542859161511429e-07)
🟢 OPEN_SHORT: ARBUSDT at 0.21444978000000003 (qty: 0.0011084087131502589)
🔴 CLOSE_SHORT: ARBUSDT at 0.21364945 (PnL: 7.568467438287266e-07)
🟢 OPEN_SHORT: ARBUSDT at 0.21125202 (qty: 0.0011311145349884042)
🔴 CLOSE_SHORT: ARBUSDT at 0.21284888999999999 (PnL: -1.938658927766233e-06)
🟢 OPEN_SHORT: ARBUSDT at 0.21265104 (qty: 0.0011042037097901017)
🔴 CLOSE_SHORT: ARBUSDT at 0.21334924 (PnL: -9.005245924343237e-07)
🟢 OPEN_SHORT: ARBUSDT at 0.21385020000000002 (qty: 0.0010883820870865159)
🔴 CLOSE_SHORT: ARBUSDT at 0.21475022 (PnL: -1.1081173069748158e-06)
🟢 OPEN_SHORT: ARBUSDT at 0.21414999 (qty: 0.0010753139264037316)
🔴 CLOSE_SHORT: ARBUSDT at 0.21465014999999998 (PnL: -6.647779760098674e-07)
🟢 OPEN_SHORT: ARBUSDT at 0.21315069 (qty: 0.001072929223550516)
🔴 CLOSE_SHORT: ARBUSDT at 0.21465014999999998 (PnL: -1.7354818838710116e-06)
🟢 OPEN_SHORT: ARBUSDT at 0.21165174 (qty: 0.0010629398812807417)
🔴 CLOSE_SHORT: ARBUSDT at 0.21084748999999997 (PnL: 7.316043862261545e-07)
🟢 OPEN_SHORT: ARBUSDT at 0.21075237000000002 (qty: 0.0010732444611559339)
🔴 CLOSE_SHORT: ARBUSDT at 0.21114769999999997 (PnL: -5.489229375596631e-07)
🟢 OPEN_SHORT: ARBUSDT at 0.21035265 (qty: 0.0010688819951054113)
🔴 CLOSE_SHORT: ARBUSDT at 0.21184819 (PnL: -1.7230981727526044e-06)
🟢 OPEN_SHORT: ARBUSDT at 0.21844698 (qty: 0.0010123675661983377)
🔴 CLOSE_SHORT: ARBUSDT at 0.21825266999999998 (PnL: 7.51895833987263e-08)
🟢 OPEN_SHORT: ARBUSDT at 0.21824712000000002 (qty: 0.0010128690502378202)
🔴 CLOSE_SHORT: ARBUSDT at 0.21895315999999998 (PnL: -8.371000477985467e-07)
🟢 OPEN_SHORT: ARBUSDT at 0.21754761000000003 (qty: 0.0010073123383312628)
🔴 CLOSE_SHORT: ARBUSDT at 0.21865294999999998 (PnL: -1.234561117942173e-06)
🟢 OPEN_SHORT: ARBUSDT at 0.21794733 (qty: 0.0009930299089265778)
🔴 CLOSE_SHORT: ARBUSDT at 0.21845280999999997 (PnL: -6.212683540746618e-07)
🟢 OPEN_SHORT: ARBUSDT at 0.21714789 (qty: 0.0009898673641892464)
🔴 CLOSE_SHORT: ARBUSDT at 0.21725196999999996 (PnL: -2.2130324446461982e-07)
🟢 OPEN_SHORT: ARBUSDT at 0.21694803000000001 (qty: 0.0009876492570785821)
🔴 CLOSE_SHORT: ARBUSDT at 0.21825266999999998 (PnL: -1.407083124814474e-06)
🟢 OPEN_SHORT: ARBUSDT at 0.21764754 (qty: 0.0009704621471385083)
🔴 CLOSE_SHORT: ARBUSDT at 0.21825266999999998 (PnL: -7.037490342087094e-07)
🟢 OPEN_LONG: ARBUSDT at 0.21835274 (qty: 0.0009598178632908826)
🔴 CLOSE_LONG: ARBUSDT at 0.21814719000000002 (PnL: -3.124504251832038e-07)
🟢 OPEN_SHORT: ARBUSDT at 0.21854691 (qty: 0.0009550508984718977)
🔴 CLOSE_SHORT: ARBUSDT at 0.21825266999999998 (PnL: 1.66370851648834e-07)
🔧 DEBUG: Filtered data shape: (63451, 6)
🔧 DEBUG: Processing DOTUSDT 1m
🔧 DEBUG: Found data in cache for DOTUSDT 1m
🟢 OPEN_SHORT: ARBUSDT at 0.21754761000000003 (qty: 0.000959912033471785)
🔴 CLOSE_SHORT: ARBUSDT at 0.21955358 (PnL: -2.0414684096719617e-06)
🟢 OPEN_SHORT: ARBUSDT at 0.21944628 (qty: 0.000931954383765911)
🔴 CLOSE_SHORT: ARBUSDT at 0.220154 (PnL: -7.724081734507861e-07)
🟢 OPEN_SHORT: ARBUSDT at 0.21684810000000002 (qty: 0.0009349592686553736)
🔴 CLOSE_SHORT: ARBUSDT at 0.21795246 (PnL: -1.144608787864003e-06)
🔧 DEBUG: Original data shape: (129604, 6)
🔧 DEBUG: Original data date range: 2025-11-16 22:30:00 to 2026-02-14 22:34:00
🟢 OPEN_SHORT: ARBUSDT at 0.21734775 (qty: 0.0009212513350356565)
🔴 CLOSE_SHORT: ARBUSDT at 0.21825266999999998 (PnL: -9.442448180873721e-07)
🟢 OPEN_SHORT: ARBUSDT at 0.21744768 (qty: 0.0009111302549789519)
🔴 CLOSE_SHORT: ARBUSDT at 0.21785238999999998 (PnL: -4.779140724991694e-07)
🟢 OPEN_LONG: ARBUSDT at 0.21555078 (qty: 0.0009137030100371063)
🔴 CLOSE_LONG: ARBUSDT at 0.21544908000000004 (PnL: -2.0119465621888117e-07)
🟢 OPEN_SHORT: ARBUSDT at 0.21504936000000002 (qty: 0.0009129548809317898)
🔴 CLOSE_SHORT: ARBUSDT at 0.21545070999999996 (PnL: -4.7459766897401413e-07)
🟢 OPEN_SHORT: ARBUSDT at 0.21375027000000002 (qty: 0.0009130524331790051)
🔴 CLOSE_SHORT: ARBUSDT at 0.21424987 (PnL: -5.637527464277028e-07)
🟢 OPEN_SHORT: ARBUSDT at 0.21295083000000004 (qty: 0.0009101773254360531)
🔴 CLOSE_SHORT: ARBUSDT at 0.21314909999999998 (PnL: -2.871627710805621e-07)
🟢 OPEN_SHORT: ARBUSDT at 0.21544908000000004 (qty: 0.0008959680219476385)
🔴 CLOSE_SHORT: ARBUSDT at 0.21625126999999997 (PnL: -8.253014099701694e-07)
🟢 OPEN_SHORT: ARBUSDT at 0.21654831000000002 (qty: 0.0008828170683181745)
🔴 CLOSE_SHORT: ARBUSDT at 0.21685168999999999 (PnL: -3.7312124746043903e-07)
🟢 OPEN_SHORT: ARBUSDT at 0.21414999 (qty: 0.0008882373139028959)
🔴 CLOSE_SHORT: ARBUSDT at 0.21565084999999998 (PnL: -1.4384718774039513e-06)
🟢 OPEN_SHORT: ARBUSDT at 0.21604866000000003 (qty: 0.0008661466843721461)
🔴 CLOSE_SHORT: ARBUSDT at 0.21605112999999998 (PnL: -1.0506196575775048e-07)
🟢 OPEN_SHORT: ARBUSDT at 0.21554901 (qty: 0.0008662246408691794)
🔴 CLOSE_SHORT: ARBUSDT at 0.21585099 (PnL: -3.6441901251136077e-07)
🟢 OPEN_SHORT: ARBUSDT at 0.21534915000000002 (qty: 0.0008626903821156459)
🔴 CLOSE_SHORT: ARBUSDT at 0.21585099 (PnL: -5.35349456534622e-07)
🟢 OPEN_SHORT: ARBUSDT at 0.19456371000000003 (qty: 0.0009482990635003669)
🔴 CLOSE_SHORT: ARBUSDT at 0.19473622 (PnL: -2.651585677249903e-07)
🟢 OPEN_SHORT: ARBUSDT at 0.19546308 (qty: 0.0009401842629632441)
🔴 CLOSE_SHORT: ARBUSDT at 0.19553677999999997 (PnL: -1.7040391204292649e-07)
🟢 OPEN_SHORT: ARBUSDT at 0.19556301000000004 (qty: 0.0009369274666985996)
🔴 CLOSE_SHORT: ARBUSDT at 0.19593706 (PnL: -4.5142606621056724e-07)
🟢 OPEN_SHORT: ARBUSDT at 0.18856791000000003 (qty: 0.0009658268589588609)
🔴 CLOSE_SHORT: ARBUSDT at 0.18823166999999996 (PnL: 2.2476006163042144e-07)
🟢 OPEN_SHORT: ARBUSDT at 0.19346448000000002 (qty: 0.0009426698688646204)
🔴 CLOSE_SHORT: ARBUSDT at 0.19333524 (PnL: 2.1592435916351783e-08)
🟢 OPEN_SHORT: ARBUSDT at 0.21574887000000004 (qty: 0.0008445731855457796)
🔴 CLOSE_SHORT: ARBUSDT at 0.2161512 (PnL: -4.4020265888954055e-07)
🟢 OPEN_SHORT: ARBUSDT at 0.21225132000000002 (qty: 0.0008533980745776683)
🔴 CLOSE_SHORT: ARBUSDT at 0.21274882 (PnL: -5.244232304485453e-07)
🟢 OPEN_SHORT: ARBUSDT at 0.21634845000000003 (qty: 0.0008314678149950954)
🔴 CLOSE_SHORT: ARBUSDT at 0.21685168999999999 (PnL: -5.175957236923605e-07)
🟢 OPEN_SHORT: ARBUSDT at 0.21704796 (qty: 0.000823107050171735)
🔴 CLOSE_SHORT: ARBUSDT at 0.21735204 (PnL: -3.4868758988747323e-07)
🟢 OPEN_SHORT: ARBUSDT at 0.21674817000000002 (qty: 0.000820121396387826)
🔴 CLOSE_SHORT: ARBUSDT at 0.21725196999999996 (PnL: -5.111723034525634e-07)
🟢 OPEN_SHORT: ARBUSDT at 0.21554901 (qty: 0.0008190338310761542)
🔴 CLOSE_SHORT: ARBUSDT at 0.21575091999999998 (PnL: -2.625601372437559e-07)
🟢 OPEN_SHORT: ARBUSDT at 0.21604866000000003 (qty: 0.0008138102548096972)
🔴 CLOSE_SHORT: ARBUSDT at 0.2161512 (PnL: -1.80196438260333e-07)
🟢 OPEN_SHORT: ARBUSDT at 0.21434985 (qty: 0.0008176764168149538)
🔴 CLOSE_SHORT: ARBUSDT at 0.2161512 (PnL: -1.5701293697180389e-06)
🟢 OPEN_LONG: ARBUSDT at 0.21995385999999997 (qty: 0.000781690136533024)
🔴 CLOSE_LONG: ARBUSDT at 0.21874677000000003 (PnL: -1.0376160527867018e-06)
🔧 DEBUG: Filtered data shape: (63451, 6)
🔧 DEBUG: Processing ATOMUSDT 1m
🔧 DEBUG: Found data in cache for ATOMUSDT 1m
🟢 OPEN_SHORT: ARBUSDT at 0.22044558 (qty: 0.0007696747714771676)
🔴 CLOSE_SHORT: ARBUSDT at 0.22075441999999998 (PnL: -3.311563656943317e-07)
🟢 OPEN_SHORT: ARBUSDT at 0.22134495 (qty: 0.0007627120028566876)
🔴 CLOSE_SHORT: ARBUSDT at 0.22155497999999998 (PnL: -2.531328553562392e-07)
🟢 OPEN_SHORT: ARBUSDT at 0.21994593 (qty: 0.0007644173262530887)
🔴 CLOSE_SHORT: ARBUSDT at 0.21825266999999998 (PnL: 1.2025974145043788e-06)
🟢 OPEN_SHORT: ARBUSDT at 0.21904656000000003 (qty: 0.0007776918799005789)
🔴 CLOSE_SHORT: ARBUSDT at 0.21945351 (PnL: -4.1034867753398496e-07)
🟢 OPEN_SHORT: ARBUSDT at 0.21704796 (qty: 0.0007802084289248865)
🔴 CLOSE_SHORT: ARBUSDT at 0.21725196999999996 (PnL: -2.5239632159192135e-07)
🟢 OPEN_SHORT: ARBUSDT at 0.21654831000000002 (qty: 0.0007788173378822811)
🔴 CLOSE_SHORT: ARBUSDT at 0.2161512 (PnL: 2.166878868562257e-07)
🟢 OPEN_SHORT: ARBUSDT at 0.21454971000000003 (qty: 0.0007872275257546169)
🔴 CLOSE_SHORT: ARBUSDT at 0.21485028999999997 (PnL: -3.2964968390367394e-07)
🟢 OPEN_SHORT: ARBUSDT at 0.21424992 (qty: 0.000784384650438949)
🔴 CLOSE_SHORT: ARBUSDT at 0.21535063999999998 (PnL: -9.562926274941498e-07)
🔧 DEBUG: Original data shape: (129604, 6)
🔧 DEBUG: Original data date range: 2025-11-16 22:30:00 to 2026-02-14 22:34:00
🟢 OPEN_SHORT: ARBUSDT at 0.21325062000000003 (qty: 0.0007782247177866081)
🔴 CLOSE_SHORT: ARBUSDT at 0.21334924 (PnL: -1.6806703031703183e-07)
🟢 OPEN_SHORT: ARBUSDT at 0.21355041000000002 (qty: 0.0007747033448110047)
🔴 CLOSE_SHORT: ARBUSDT at 0.21434994 (PnL: -7.107302537896364e-07)
🟢 OPEN_SHORT: ARBUSDT at 0.21115209000000001 (qty: 0.0007759088454515305)
🔴 CLOSE_SHORT: ARBUSDT at 0.21184819 (PnL: -6.305163338014358e-07)
🟢 OPEN_SHORT: ARBUSDT at 0.20105916000000001 (qty: 0.0008076902512035327)
🔴 CLOSE_SHORT: ARBUSDT at 0.20164105 (PnL: -5.595618109528968e-07)
🟢 OPEN_SHORT: ARBUSDT at 0.20135895000000004 (qty: 0.0008000427443104662)
🔴 CLOSE_SHORT: ARBUSDT at 0.20204133 (PnL: -6.348361029270747e-07)
🟢 OPEN_SHORT: ARBUSDT at 0.20115909 (qty: 0.0007936449175623887)
🔴 CLOSE_SHORT: ARBUSDT at 0.20224146999999998 (PnL: -9.473047390033669e-07)
🟢 OPEN_SHORT: ARBUSDT at 0.20185860000000003 (qty: 0.0007806388538493243)
🔴 CLOSE_SHORT: ARBUSDT at 0.20224146999999998 (PnL: -3.857158501111346e-07)
🟢 OPEN_SHORT: ARBUSDT at 0.20105916000000001 (qty: 0.0007790438292423387)
🔴 CLOSE_SHORT: ARBUSDT at 0.20234154 (PnL: -1.0857283362187839e-06)
🟢 OPEN_SHORT: ARBUSDT at 0.20115909 (qty: 0.0007670055772796986)
🔴 CLOSE_SHORT: ARBUSDT at 0.20164105 (PnL: -4.5472890350289896e-07)
🟢 OPEN_SHORT: ARBUSDT at 0.20265804 (qty: 0.000756007346094717)
🔴 CLOSE_SHORT: ARBUSDT at 0.2031421 (PnL: -4.5042022189620325e-07)
🟢 OPEN_SHORT: ARBUSDT at 0.20895363000000003 (qty: 0.0007281117560756485)
🔴 CLOSE_SHORT: ARBUSDT at 0.20914629999999998 (PnL: -2.240403259164075e-07)
🟢 OPEN_SHORT: ARBUSDT at 0.20775447000000002 (qty: 0.0007293520956344469)
🔴 CLOSE_SHORT: ARBUSDT at 0.20794546 (PnL: -2.227149581109722e-07)
🟢 OPEN_SHORT: ARBUSDT at 0.20545608 (qty: 0.0007345319222571677)
🔴 CLOSE_SHORT: ARBUSDT at 0.20524357 (PnL: 7.317850409722748e-08)
🟢 OPEN_SHORT: ARBUSDT at 0.20615559000000003 (qty: 0.0007319442608162872)
🔴 CLOSE_SHORT: ARBUSDT at 0.20584398999999998 (PnL: 1.4520735176317837e-07)
🟢 OPEN_SHORT: ARBUSDT at 0.20395713000000001 (qty: 0.0007404439932950244)
🔴 CLOSE_SHORT: ARBUSDT at 0.20304202999999998 (PnL: 5.948926099393384e-07)
🟢 OPEN_LONG: ARBUSDT at 0.20454308 (qty: 0.0007433275000214838)
🔴 CLOSE_LONG: ARBUSDT at 0.20605566 (PnL: 1.0401005487453135e-06)
🟢 OPEN_SHORT: ARBUSDT at 0.2118516 (qty: 0.000726713655476996)
🔴 CLOSE_SHORT: ARBUSDT at 0.21204832999999998 (PnL: -2.2772050680962444e-07)
🟢 OPEN_SHORT: ARBUSDT at 0.21245118000000002 (qty: 0.0007217218499107024)
🔴 CLOSE_SHORT: ARBUSDT at 0.21304903 (PnL: -5.160505849984057e-07)
🟢 OPEN_SHORT: ARBUSDT at 0.21065244 (qty: 0.0007221843418989362)
🔴 CLOSE_SHORT: ARBUSDT at 0.21144790999999996 (PnL: -6.584633818014118e-07)
🔧 DEBUG: Filtered data shape: (63451, 6)
🔧 DEBUG: Processing ALGOUSDT 1m
🔧 DEBUG: Found data in cache for ALGOUSDT 1m
🟢 OPEN_SHORT: ARBUSDT at 0.21325062000000003 (qty: 0.0007064252573055921)
🔴 CLOSE_SHORT: ARBUSDT at 0.21344930999999998 (PnL: -2.2329192543015793e-07)
🟢 OPEN_SHORT: ARBUSDT at 0.21355041000000002 (qty: 0.0007025663405034087)
🔴 CLOSE_SHORT: ARBUSDT at 0.21585099 (PnL: -1.6997173737113961e-06)
🔧 DEBUG: Original data shape: (129604, 6)
🔧 DEBUG: Original data date range: 2025-11-16 22:30:00 to 2026-02-14 22:34:00
🟢 OPEN_SHORT: ARBUSDT at 0.22004586000000004 (qty: 0.0006656287860003594)
🔴 CLOSE_SHORT: ARBUSDT at 0.21995385999999997 (PnL: -1.928634313226531e-08)
🟢 OPEN_SHORT: ARBUSDT at 0.21944628 (qty: 0.0006665374789010775)
🔴 CLOSE_SHORT: ARBUSDT at 0.2191533 (PnL: 1.1494151212726818e-07)
🟢 OPEN_SHORT: ARBUSDT at 0.21704796 (qty: 0.0006742203758212062)
🔴 CLOSE_SHORT: ARBUSDT at 0.21755217999999998 (PnL: -4.2062835980472715e-07)
🟢 OPEN_SHORT: ARBUSDT at 0.21864684 (qty: 0.000664706283749345)
🔴 CLOSE_SHORT: ARBUSDT at 0.21855288 (PnL: -1.7444607546042965e-08)
🟢 OPEN_SHORT: ARBUSDT at 0.2058558 (qty: 0.0007050623287443425)
🔴 CLOSE_SHORT: ARBUSDT at 0.20674462 (PnL: -7.06845812812446e-07)
🟢 OPEN_SHORT: ARBUSDT at 0.20515629000000002 (qty: 0.0006997973243774155)
🔴 CLOSE_SHORT: ARBUSDT at 0.20534363999999997 (PnL: -2.1014144013952746e-07)
🟢 OPEN_SHORT: ARBUSDT at 0.20565594000000004 (qty: 0.0006952856082630789)
🔴 CLOSE_SHORT: ARBUSDT at 0.20594405999999998 (PnL: -2.7908015701661907e-07)
🟢 OPEN_SHORT: ARBUSDT at 0.20495643000000002 (qty: 0.0006941678601881967)
🔴 CLOSE_SHORT: ARBUSDT at 0.20574392 (PnL: -6.252016974008073e-07)
🟢 OPEN_SHORT: ARBUSDT at 0.21155181 (qty: 0.0006658759453158144)
🔴 CLOSE_SHORT: ARBUSDT at 0.21084748999999997 (PnL: 3.9177069635818917e-07)
🟢 OPEN_SHORT: ARBUSDT at 0.21165174 (qty: 0.0006685314700088189)
🔴 CLOSE_SHORT: ARBUSDT at 0.21284888999999999 (PnL: -8.785953490478392e-07)
🟢 OPEN_SHORT: ARBUSDT at 0.21195153000000003 (qty: 0.0006585610056236336)
🔴 CLOSE_SHORT: ARBUSDT at 0.21224847 (PnL: -2.7243131622476323e-07)
🟢 OPEN_SHORT: ARBUSDT at 0.21205146000000002 (qty: 0.0006549570976488631)
🔴 CLOSE_SHORT: ARBUSDT at 0.21254868 (PnL: -4.0222341470198804e-07)
🟢 OPEN_SHORT: ARBUSDT at 0.21355041000000002 (qty: 0.0006458774248887101)
🔴 CLOSE_SHORT: ARBUSDT at 0.21404973 (PnL: -3.985369544211993e-07)
🟢 OPEN_SHORT: ARBUSDT at 0.19986000000000004 (qty: 0.0006853727352051526)
🔴 CLOSE_SHORT: ARBUSDT at 0.20124076999999999 (PnL: -1.0222008269225129e-06)
🟢 OPEN_SHORT: ARBUSDT at 0.20115909 (qty: 0.0006700344326965897)
🔴 CLOSE_SHORT: ARBUSDT at 0.20154097999999998 (PnL: -3.301511174121574e-07)
🟢 OPEN_SHORT: ARBUSDT at 0.20165874000000003 (qty: 0.0006643647215422624)
🔴 CLOSE_SHORT: ARBUSDT at 0.20274182 (PnL: -7.936421246420654e-07)
🟢 OPEN_SHORT: ARBUSDT at 0.20225832000000002 (qty: 0.0006538188191688074)
🔴 CLOSE_SHORT: ARBUSDT at 0.20264175 (PnL: -3.2356379416850473e-07)
🟢 OPEN_SHORT: ARBUSDT at 0.20615559000000003 (qty: 0.0006376140663252708)
🔴 CLOSE_SHORT: ARBUSDT at 0.20594405999999998 (PnL: 6.265244720713744e-08)
🟢 OPEN_SHORT: ARBUSDT at 0.20695503 (qty: 0.0006350578502757879)
🔴 CLOSE_SHORT: ARBUSDT at 0.20744511 (PnL: -3.8368595634689637e-07)
🔧 DEBUG: Filtered data shape: (63451, 6)
🔧 DEBUG: Processing VETUSDT 1m
🔧 DEBUG: Found data in cache for VETUSDT 1m
🟢 OPEN_SHORT: ARBUSDT at 0.20965314000000002 (qty: 0.0006225352660340164)
🔴 CLOSE_SHORT: ARBUSDT at 0.21024706999999998 (PnL: -4.417297891659888e-07)
🟢 OPEN_LONG: ARBUSDT at 0.21585099 (qty: 0.0005999020230846355)
🔴 CLOSE_LONG: ARBUSDT at 0.21564894 (PnL: -1.923627332243709e-07)
🟢 OPEN_SHORT: ARBUSDT at 0.21414999 (qty: 0.0006022054062632797)
🔴 CLOSE_SHORT: ARBUSDT at 0.21334924 (PnL: 4.115519429027422e-07)
🟢 OPEN_SHORT: ARBUSDT at 0.21355041000000002 (qty: 0.0006070862945434372)
🔴 CLOSE_SHORT: ARBUSDT at 0.21404973 (PnL: -3.746009901799585e-07)
🟢 OPEN_SHORT: ARBUSDT at 0.20975307 (qty: 0.0006138251861818106)
🔴 CLOSE_SHORT: ARBUSDT at 0.20994685999999996 (PnL: -1.898320515654211e-07)
🟢 OPEN_SHORT: ARBUSDT at 0.20805426000000002 (qty: 0.0006163316543139015)
🔴 CLOSE_SHORT: ARBUSDT at 0.20834573999999997 (PnL: -2.50273891631288e-07)
🔧 DEBUG: Original data shape: (129603, 6)
🔧 DEBUG: Original data date range: 2025-11-16 22:30:00 to 2026-02-14 22:33:00
🟢 OPEN_SHORT: ARBUSDT at 0.20595573000000003 (qty: 0.0006194963597308691)
🔴 CLOSE_SHORT: ARBUSDT at 0.20554377999999998 (PnL: 1.8516803247973491e-07)
🟢 OPEN_SHORT: ARBUSDT at 0.20425692 (qty: 0.0006257747025568223)
🔴 CLOSE_SHORT: ARBUSDT at 0.20394266 (PnL: 1.2646377145543273e-07)
🟢 OPEN_SHORT: ARBUSDT at 0.20495643000000002 (qty: 0.0006241870050448778)
🔴 CLOSE_SHORT: ARBUSDT at 0.20484328999999998 (PnL: 2.9723192205037734e-10)
🟢 OPEN_SHORT: ARBUSDT at 0.19346448000000002 (qty: 0.0006605399110782896)
🔴 CLOSE_SHORT: ARBUSDT at 0.1941358 (PnL: -5.139625973430729e-07)
🟢 OPEN_SHORT: ARBUSDT at 0.19476357 (qty: 0.000650134494401921)
🔴 CLOSE_SHORT: ARBUSDT at 0.19543670999999999 (PnL: -5.075146142155854e-07)
🟢 OPEN_SHORT: ARBUSDT at 0.19526322000000002 (qty: 0.0006425593161621097)
🔴 CLOSE_SHORT: ARBUSDT at 0.19583699 (PnL: -4.378915441398219e-07)
🟢 OPEN_SHORT: ARBUSDT at 0.19286490000000003 (qty: 0.0006452931715688301)
🔴 CLOSE_SHORT: ARBUSDT at 0.19303502999999997 (PnL: -1.782940299818845e-07)
🟢 OPEN_SHORT: ARBUSDT at 0.19316469000000003 (qty: 0.0006417369297775693)
🔴 CLOSE_SHORT: ARBUSDT at 0.19653748 (PnL: -2.233812846835243e-06)
🟢 OPEN_SHORT: ARBUSDT at 0.19666224000000002 (qty: 0.0006069133169730644)
🔴 CLOSE_SHORT: ARBUSDT at 0.1971379 (PnL: -3.544894775859584e-07)
🟢 OPEN_SHORT: ARBUSDT at 0.20085930000000002 (qty: 0.0005900481621759075)
🔴 CLOSE_SHORT: ARBUSDT at 0.20144091 (PnL: -4.085508229060175e-07)
🟢 OPEN_SHORT: ARBUSDT at 0.19976007 (qty: 0.0005885520106607136)
🔴 CLOSE_SHORT: ARBUSDT at 0.20134083999999997 (PnL: -9.955401178076734e-07)
🟢 OPEN_LONG: ARBUSDT at 0.20044020999999998 (qty: 0.0005759761701640412)
🔴 CLOSE_LONG: ARBUSDT at 0.19936035000000002 (PnL: -6.851283730948783e-07)
🟢 OPEN_SHORT: ARBUSDT at 0.19936035000000002 (qty: 0.0005715857445752552)
🔴 CLOSE_SHORT: ARBUSDT at 0.19993986 (PnL: -3.9409518040039803e-07)
🟢 OPEN_SHORT: ARBUSDT at 0.19886070000000003 (qty: 0.0005684280355305468)
🔴 CLOSE_SHORT: ARBUSDT at 0.19923936999999997 (PnL: -2.7753592824351327e-07)
🟢 OPEN_SHORT: ARBUSDT at 0.19926042000000002 (qty: 0.0005638780817183508)
🔴 CLOSE_SHORT: ARBUSDT at 0.19753817999999998 (PnL: 9.098702899561421e-07)
🟢 OPEN_SHORT: ARBUSDT at 0.19786140000000002 (qty: 0.000576437493771774)
🔴 CLOSE_SHORT: ARBUSDT at 0.19823866999999998 (PnL: -2.8032228443214995e-07)
🟢 OPEN_SHORT: ARBUSDT at 0.19566294 (qty: 0.0005794077547788397)
🔴 CLOSE_SHORT: ARBUSDT at 0.19573691999999998 (PnL: -1.0524090483801216e-07)
🟢 OPEN_SHORT: ARBUSDT at 0.19586280000000003 (qty: 0.000577105185170008)
🔴 CLOSE_SHORT: ARBUSDT at 0.19663755 (PnL: -5.095265445477119e-07)
🔧 DEBUG: Filtered data shape: (63451, 6)
🔧 DEBUG: Processing ICPUSDT 1m
🔧 DEBUG: Found data in cache for ICPUSDT 1m
🟢 OPEN_SHORT: ARBUSDT at 0.18626952000000002 (qty: 0.0006006889779477141)
🔴 CLOSE_SHORT: ARBUSDT at 0.18773131999999998 (PnL: -9.401096220707093e-07)
🟢 OPEN_SHORT: ARBUSDT at 0.18427092000000003 (qty: 0.0005963325591206636)
🔴 CLOSE_SHORT: ARBUSDT at 0.18442900999999998 (PnL: -1.547637772015171e-07)
🔧 DEBUG: Original data shape: (129604, 6)
🔧 DEBUG: Original data date range: 2025-11-16 22:30:00 to 2026-02-14 22:34:00
🟢 OPEN_SHORT: ARBUSDT at 0.18117309 (qty: 0.0006041534441814297)
🔴 CLOSE_SHORT: ARBUSDT at 0.18222747 (PnL: -6.975586529697446e-07)
🟢 OPEN_SHORT: ARBUSDT at 0.18067344 (qty: 0.0005974360538527636)
🔴 CLOSE_SHORT: ARBUSDT at 0.17422187 (PnL: 3.7971529873756613e-06)
🟢 OPEN_SHORT: ARBUSDT at 0.17517729 (qty: 0.0006588547984423276)
🔴 CLOSE_SHORT: ARBUSDT at 0.17532263999999997 (PnL: -1.592962344053337e-07)
🟢 OPEN_LONG: ARBUSDT at 0.18512949999999997 (qty: 0.0006210293204913775)
🔴 CLOSE_LONG: ARBUSDT at 0.18517029000000002 (PnL: -3.791611267277179e-08)
🟢 OPEN_SHORT: ARBUSDT at 0.18966714 (qty: 0.0006051050668566879)
🔴 CLOSE_SHORT: ARBUSDT at 0.18983279 (PnL: -1.6341348502130184e-07)
🟢 OPEN_SHORT: ARBUSDT at 0.19236525000000002 (qty: 0.0005942626075031738)
🔴 CLOSE_SHORT: ARBUSDT at 0.19093355999999997 (PnL: 7.883942611622382e-07)
🟢 OPEN_SHORT: ARBUSDT at 0.19086630000000002 (qty: 0.0006065319889250274)
🔴 CLOSE_SHORT: ARBUSDT at 0.1911337 (PnL: -2.259474406049158e-07)
🟢 OPEN_LONG: ARBUSDT at 0.18973271999999997 (qty: 0.0006071028682260935)
🔴 CLOSE_LONG: ARBUSDT at 0.19166574 (PnL: 1.1095435350663525e-06)
🟢 OPEN_LONG: ARBUSDT at 0.19243460999999998 (qty: 0.0006094520085140158)
🔴 CLOSE_LONG: ARBUSDT at 0.19216539000000002 (PnL: -2.2849024032842683e-07)
🟢 OPEN_SHORT: ARBUSDT at 0.19126602 (qty: 0.0006101118822147565)
🔴 CLOSE_SHORT: ARBUSDT at 0.19173411999999998 (PnL: -3.4993196772560453e-07)
🟢 OPEN_SHORT: ARBUSDT at 0.19036665000000003 (qty: 0.0006086436069125593)
🔴 CLOSE_SHORT: ARBUSDT at 0.19103362999999998 (PnL: -4.699023816211516e-07)
🟢 OPEN_SHORT: ARBUSDT at 0.19056651000000002 (qty: 0.0006024048388128513)
🔴 CLOSE_SHORT: ARBUSDT at 0.1911337 (PnL: -4.0500492668335364e-07)
🟢 OPEN_SHORT: ARBUSDT at 0.19006686000000003 (qty: 0.0005990623503739605)
🔴 CLOSE_SHORT: ARBUSDT at 0.190133 (PnL: -1.0226782087872124e-07)
🟢 OPEN_SHORT: ARBUSDT at 0.18966714 (qty: 0.0005985861132728258)
🔴 CLOSE_SHORT: ARBUSDT at 0.18973271999999997 (PnL: -1.0171953159241911e-07)
🟢 OPEN_SHORT: ARBUSDT at 0.18796833000000002 (qty: 0.0006022492818722458)
🔴 CLOSE_SHORT: ARBUSDT at 0.18823166999999996 (PnL: -2.2094563933391673e-07)
🟢 OPEN_SHORT: ARBUSDT at 0.18806826000000001 (qty: 0.0005989175223273965)
🔴 CLOSE_SHORT: ARBUSDT at 0.18883208999999998 (PnL: -5.196733371926018e-07)
🟢 OPEN_SHORT: ARBUSDT at 0.18417099 (qty: 0.0006052751767219206)
🔴 CLOSE_SHORT: ARBUSDT at 0.18482928999999998 (PnL: -4.5998256847849925e-07)
🟢 OPEN_SHORT: ARBUSDT at 0.18407106 (qty: 0.0005999397289338844)
🔴 CLOSE_SHORT: ARBUSDT at 0.18392865999999997 (PnL: 2.474105666724572e-08)
🟢 OPEN_SHORT: ARBUSDT at 0.1838712 (qty: 0.0006002002992218574)
🔴 CLOSE_SHORT: ARBUSDT at 0.18452907999999998 (PnL: -4.557746978191824e-07)
🟢 OPEN_SHORT: ARBUSDT at 0.18666924000000001 (qty: 0.0005856701637530562)
🔴 CLOSE_SHORT: ARBUSDT at 0.18532964 (PnL: 7.24865629029706e-07)
🟢 OPEN_SHORT: ARBUSDT at 0.18676917 (qty: 0.0005924750661563884)
🔴 CLOSE_SHORT: ARBUSDT at 0.18823166999999996 (PnL: -9.27832198378476e-07)
🟢 OPEN_SHORT: ARBUSDT at 0.18976707000000004 (qty: 0.0005726952008637786)
🔴 CLOSE_SHORT: ARBUSDT at 0.18993285999999998 (PnL: -1.5477263792575607e-07)
🟢 OPEN_SHORT: ARBUSDT at 0.18976707000000004 (qty: 0.0005704340507329915)
🔴 CLOSE_SHORT: ARBUSDT at 0.19023306999999998 (PnL: -3.25505749028449e-07)
🟢 OPEN_SHORT: ARBUSDT at 0.19066644000000002 (qty: 0.0005637044063941929)
🔴 CLOSE_SHORT: ARBUSDT at 0.19103362999999998 (PnL: -2.662141954341249e-07)
🟢 OPEN_SHORT: ARBUSDT at 0.19036665000000003 (qty: 0.0005611742210361325)
🔴 CLOSE_SHORT: ARBUSDT at 0.19093355999999997 (PnL: -3.770661231390255e-07)
🔴 CLOSE CLOSE_LONG: BNBUSDT at 860.3973000000001 (PnL: -1173.785612969368)
🔴 CLOSE CLOSE_LONG: XRPUSDT at 1.8722884800000001 (PnL: -2875.10376986414)
🔴 CLOSE CLOSE_LONG: ADAUSDT at 0.34995486000000003 (PnL: -5345.667838524405)
🟢 OPEN_LONG: ARBUSDT at 0.19093355999999997 (qty: 0.0005549428426126494)
🔴 CLOSE_LONG: ARBUSDT at 0.18996693 (PnL: -5.944058334297767e-07)
🟢 OPEN_SHORT: ARBUSDT at 0.18656931000000002 (qty: 0.0005609274533732416)
🔴 CLOSE_SHORT: ARBUSDT at 0.18663054999999998 (PnL: -9.192860676778733e-08)
🟢 OPEN_SHORT: ARBUSDT at 0.18517029000000002 (qty: 0.0005635508465728398)
🔴 CLOSE_SHORT: ARBUSDT at 0.18522956999999998 (PnL: -9.081974872592211e-08)
🟢 OPEN_SHORT: ARBUSDT at 0.18477057000000002 (qty: 0.0005631656926269562)
🔴 CLOSE_SHORT: ARBUSDT at 0.18502943 (PnL: -2.0309229609967457e-07)
🟢 OPEN_SHORT: ARBUSDT at 0.18487050000000002 (qty: 0.0005600450009509034)
🔴 CLOSE_SHORT: ARBUSDT at 0.18482928999999998 (PnL: -3.3852541452382676e-08)
🔧 DEBUG: Filtered data shape: (63451, 6)
🔧 DEBUG: Processing FILUSDT 1m
🔧 DEBUG: Found data in cache for FILUSDT 1m
🟢 OPEN_LONG: ARBUSDT at 0.18893216 (qty: 0.0005470440018581631)
🔴 CLOSE_LONG: ARBUSDT at 0.18856791000000003 (PnL: -2.5599599693644775e-07)
🟢 OPEN_SHORT: ARBUSDT at 0.18676917 (qty: 0.0005500293397826763)
🔴 CLOSE_SHORT: ARBUSDT at 0.18723096999999997 (PnL: -3.1064393886039963e-07)
🟢 OPEN_SHORT: ARBUSDT at 0.18676917 (qty: 0.0005460978062575536)
🔴 CLOSE_SHORT: ARBUSDT at 0.18903223 (PnL: -1.2926286487924456e-06)
🟢 OPEN_SHORT: ARBUSDT at 0.18427092000000003 (qty: 0.0005388630124522302)
🔴 CLOSE_SHORT: ARBUSDT at 0.18482928999999998 (PnL: -3.55663657662267e-07)
🔧 DEBUG: Original data shape: (129603, 6)
🔧 DEBUG: Original data date range: 2025-11-16 22:30:00 to 2026-02-14 22:33:00
🔴 CLOSE_SHORT: ARBUSDT at 0.18863195 (PnL: -4.949004117092453e-07)
🟢 OPEN_SHORT: ARBUSDT at 0.18876777000000003 (qty: 0.0005031570310703586)
🔴 CLOSE_SHORT: ARBUSDT at 0.18823166999999996 (PnL: 2.176519358300145e-07)
🟢 OPEN_SHORT: ARBUSDT at 0.18896763 (qty: 0.0005043755735987482)
🔴 CLOSE_SHORT: ARBUSDT at 0.18953258 (PnL: -3.375245623688499e-07)
🟢 OPEN_SHORT: ARBUSDT at 0.18636945000000002 (qty: 0.0005072224333207922)
🔴 CLOSE_SHORT: ARBUSDT at 0.18492936 (PnL: 6.788557780165451e-07)
🟢 OPEN_SHORT: ARBUSDT at 0.18477057000000002 (qty: 0.0005183969159112995)
🔴 CLOSE_SHORT: ARBUSDT at 0.18522956999999998 (PnL: -2.9075652520623234e-07)
🟢 OPEN_SHORT: ARBUSDT at 0.18507036000000002 (qty: 0.0005138457484264769)
🔴 CLOSE_SHORT: ARBUSDT at 0.18552978 (PnL: -2.8850454250481076e-07)
🟢 OPEN_SHORT: ARBUSDT at 0.18956721 (qty: 0.0004980608259273214)
🔴 CLOSE_SHORT: ARBUSDT at 0.18933244 (PnL: 6.506525081028944e-08)
🟢 OPEN_SHORT: ARBUSDT at 0.18946728000000002 (qty: 0.0004984621834527788)
🔴 CLOSE_SHORT: ARBUSDT at 0.18953258 (PnL: -8.451073359369282e-08)
🟢 OPEN_SHORT: ARBUSDT at 0.18916749000000002 (qty: 0.0004978094603516788)
🔴 CLOSE_SHORT: ARBUSDT at 0.19063334999999998 (PnL: -7.819134723497837e-07)
🟢 OPEN_SHORT: ARBUSDT at 0.19166574 (qty: 0.0004826212178846262)
🔴 CLOSE_SHORT: ARBUSDT at 0.19183419 (PnL: -1.3221833187799977e-07)
🟢 OPEN_LONG: ARBUSDT at 0.19343530999999997 (qty: 0.00047631305811565277)
🔴 CLOSE_LONG: ARBUSDT at 0.19286490000000003 (PnL: -3.222189701569132e-07)
🟢 OPEN_SHORT: ARBUSDT at 0.19156581000000003 (qty: 0.0004770683076112438)
🔴 CLOSE_SHORT: ARBUSDT at 0.19163405 (PnL: -8.283753386418035e-08)
🟢 OPEN_SHORT: ARBUSDT at 0.19136595 (qty: 0.00047617547808634933)
🔴 CLOSE_SHORT: ARBUSDT at 0.19193426 (PnL: -3.2088219936040504e-07)
🟢 OPEN_SHORT: ARBUSDT at 0.19246518 (qty: 0.00046960064247451546)
🔴 CLOSE_SHORT: ARBUSDT at 0.19293496 (PnL: -2.7044029946615347e-07)
s already set)rk   r�   r   �create_futurer+   rm   rR   s    r   �_make_empty_waiterz2_ProactorBaseWritePipeTransport._make_empty_waiter�  sX   � ���)��<�=�=�=�!�Z�5�5�7�7����?�"���)�)�$�/�/�/��!�!r>   c                 �   � d | _         d S rO   )rk   rR   s    r   �_reset_empty_waiterz3_ProactorBaseWritePipeTransport._reset_empty_waiter�  s   � �!����r>   �NN)rC   rz   r{   r|   �_start_tls_compatibler$   r�   r�   r�   r�   r�   r�   r���🟢 OPEN_LONG: ARBUSDT at 0.19383559 (qty: 0.0004629772666291136)
🔴 CLOSE_LONG: ARBUSDT at 0.19476357 (PnL: 3.8003953598384207e-07)
🟢 OPEN_SHORT: ARBUSDT at 0.19716189 (qty: 0.00045852083831622814)
🔴 CLOSE_SHORT: ARBUSDT at 0.19743811 (PnL: -1.7644384420173006e-07)
🟢 OPEN_SHORT: ARBUSDT at 0.19736175000000003 (qty: 0.0004557646265287633)
🔴 CLOSE_SHORT: ARBUSDT at 0.19783838999999998 (PnL: -2.6682790855091557e-07)
🟢 OPEN_LONG: ARBUSDT at 0.19703782999999997 (qty: 0.0004533033220473639)
🔴 CLOSE_LONG: ARBUSDT at 0.19676217000000001 (PnL: -1.7401371367839258e-07)
🟢 OPEN_SHORT: ARBUSDT at 0.19696203 (qty: 0.000451211971096397)
🔴 CLOSE_SHORT: ARBUSDT at 0.19733803999999996 (PnL: -2.1863292055232048e-07)
🟢 OPEN_SHORT: ARBUSDT at 0.19656231000000002 (qty: 0.0004494076263042319)
🔴 CLOSE_SHORT: ARBUSDT at 0.19723796999999998 (PnL: -3.5239889314182335e-07)
🟢 OPEN_SHORT: ARBUSDT at 0.19346448000000002 (qty: 0.0004524584208451066)
🔴 CLOSE_SHORT: ARBUSDT at 0.19343530999999997 (PnL: -3.493857705798137e-08)
🟢 OPEN_SHORT: ARBUSDT at 0.19326462 (qty: 0.000452066538924104)
🔴 CLOSE_SHORT: ARBUSDT at 0.19473622 (PnL: -7.136796696189164e-07)
🟢 OPEN_SHORT: ARBUSDT at 0.19616259000000003 (qty: 0.00043762168518471237)
🔴 CLOSE_SHORT: ARBUSDT at 0.19743811 (PnL: -6.057169710166296e-07)
🟢 OPEN_SHORT: ARBUSDT at 0.19336455000000002 (qty: 0.0004372008196975023)
🔴 CLOSE_SHORT: ARBUSDT at 0.19343530999999997 (PnL: -7.744987185151458e-08)
🟢 OPEN_SHORT: ARBUSDT at 0.19096623000000001 (qty: 0.0004413934702643441)
🔴 CLOSE_SHORT: ARBUSDT at 0.19123376999999997 (PnL: -1.6451554458912116e-07)
🟢 OPEN_SHORT: ARBUSDT at 0.19166574 (qty: 0.00043758209214730704)
🔧 DEBUG: get_data_for_symbols called with symbols=['BNBUSDT', 'XRPUSDT', 'ADAUSDT', 'DOTUSDT', 'ATOMUSDT', 'ALGOUSDT', 'VETUSDT', 'ICPUSDT', 'FILUSDT', 'AAVEUSDT', 'COMPUSDT', 'CRVUSDT', 'SNXUSDT', 'SUSHIUSDT', 'ARBUSDT', 'OPUSDT', 'NEARUSDT', 'GRTUSDT'], timeframes=['1m']
🔧 DEBUG: Date range: 2025-11-16 to 2025-12-31
🔧 DEBUG: Processing BNBUSDT 1m
🔧 DEBUG: Found data in cache for BNBUSDT 1m
🔴 CLOSE_SHORT: ARBUSDT at 0.19233454 (PnL: -3.3894408595108214e-07)
🟢 OPEN_SHORT: ARBUSDT at 0.19106616 (qty: 0.00043492448314870035)
🔴 CLOSE_SHORT: ARBUSDT at 0.19123376999999997 (PnL: -1.1864242933834004e-07)
🟢 OPEN_SHORT: ARBUSDT at 0.19176567 (qty: 0.00043162395407142946)
🔴 CLOSE_SHORT: ARBUSDT at 0.19193426 (PnL: -1.1833136573953626e-07)
🟢 OPEN_SHORT: ARBUSDT at 0.19046658 (qty: 0.0004328473073158683)
🔴 CLOSE_SHORT: ARBUSDT at 0.19133384 (PnL: -4.209412413360865e-07)
🔧 DEBUG: Filtered data shape: (63451, 6)
🔧 DEBUG: Processing AAVEUSDT 1m
🔧 DEBUG: Found data in cache for AAVEUSDT 1m
🟢 OPEN_SHORT: ARBUSDT at 0.19036665000000003 (qty: 0.0004281757154579064)
🔴 CLOSE_SHORT: ARBUSDT at 0.19063334999999998 (PnL: -1.5908797737711667e-07)
🟢 OPEN_SHORT: ARBUSDT at 0.19016679 (qty: 0.0004264810863879079)
🔴 CLOSE_SHORT: ARBUSDT at 0.19043321 (PnL: -1.5829198029228704e-07)
🟢 OPEN_SHORT: ARBUSDT at 0.18936735000000002 (qty: 0.00042613862653938895)
🔴 CLOSE_SHORT: ARBUSDT at 0.18983279 (PnL: -2.4283425875799337e-07)
🔧 DEBUG: Original data shape: (129603, 6)
🔧 DEBUG: Original data date range: 2025-11-16 22:30:00 to 2026-02-14 22:33:00
🔧 DEBUG: Original data shape: (129603, 6)
🔧 DEBUG: Original data date range: 2025-11-16 22:30:00 to 2026-02-14 22:33:00
🟢 OPEN_SHORT: ARBUSDT at 0.189867 (qty: 0.00042199174952047285)
🔴 CLOSE_SHORT: ARBUSDT at 0.19053328 (PnL: -3.253865725634878e-07)
🟢 OPEN_LONG: ARBUSDT at 0.19343530999999997 (qty: 0.00041038732702327783)
🔴 CLOSE_LONG: ARBUSDT at 0.19276497 (PnL: -3.1860860622688147e-07)
🟢 OPEN_SHORT: ARBUSDT at 0.19456371000000003 (qty: 0.00040428331095536906)
🔴 CLOSE_SHORT: ARBUSDT at 0.19283489 (PnL: 6.560551133575661e-07)
🟢 OPEN_SHORT: ARBUSDT at 0.19176567 (qty: 0.00041657323936196926)
🔴 CLOSE_SHORT: ARBUSDT at 0.19203432999999998 (PnL: -1.559145660912197e-07)
🟢 OPEN_SHORT: ARBUSDT at 0.19156581000000003 (qty: 0.0004149213491026948)
🔴 CLOSE_SHORT: ARBUSDT at 0.19213439999999998 (PnL: -2.7976649533765165e-07)
🟢 OPEN_SHORT: ARBUSDT at 0.19056651000000002 (qty: 0.0004137021668587767)
🔴 CLOSE_SHORT: ARBUSDT at 0.19063334999999998 (PnL: -7.102783931662398e-08)
🔧 DEBUG: Filtered data shape: (63451, 6)
🔧 DEBUG: Processing COMPUSDT 1m
🔧 DEBUG: Found data in cache for COMPUSDT 1m
🔧 DEBUG: Original data shape: (129604, 6)
🔧 DEBUG: Original data date range: 2025-11-16 22:30:00 to 2026-02-14 22:34:00
🔧 DEBUG: Filtered data shape: (63451, 6)
🔧 DEBUG: Processing XRPUSDT 1m
🔧 DEBUG: Found data in cache for XRPUSDT 1m
🔧 DEBUG: Original data shape: (129604, 6)
🔧 DEBUG: Original data date range: 2025-11-16 22:30:00 to 2026-02-14 22:34:00
🔧 DEBUG: Filtered data shape: (63451, 6)
🔧 DEBUG: Processing CRVUSDT 1m
🔧 DEBUG: Found data in cache for CRVUSDT 1m
🔧 DEBUG: Original data shape: (129604, 6)
🔧 DEBUG: Original data date range: 2025-11-16 22:30:00 to 2026-02-14 22:34:00
🔧 DEBUG: Filtered data shape: (63451, 6)
🔧 DEBUG: Processing ADAUSDT 1m
🔧 DEBUG: Found data in cache for ADAUSDT 1m
🔧 DEBUG: Original data shape: (129604, 6)
🔧 DEBUG: Original data date range: 2025-11-16 22:30:00 to 2026-02-14 22:34:00
🔧 DEBUG: Filtered data shape: (63451, 6)
🔧 DEBUG: Processing SNXUSDT 1m
🔧 DEBUG: Found data in cache for SNXUSDT 1m
🔧 DEBUG: Original data shape: (129604, 6)
🔧 DEBUG: Original data date range: 2025-11-16 22:30:00 to 2026-02-14 22:34:00
🔧 DEBUG: Filtered data shape: (63451, 6)
🔧 DEBUG: Processing DOTUSDT 1m
🔧 DEBUG: Found data in cache for DOTUSDT 1m
🔧 DEBUG: Original data shape: (129604, 6)
🔧 DEBUG: Original data date range: 2025-11-16 22:30:00 to 2026-02-14 22:34:00
🔧 DEBUG: Filtered data shape: (63451, 6)
🔧 DEBUG: Processing SUSHIUSDT 1m
🔧 DEBUG: Found data in cache for SUSHIUSDT 1m
🔧 DEBUG: Original data shape: (129604, 6)
🔧 DEBUG: Original data date range: 2025-11-16 22:30:00 to 2026-02-14 22:34:00
🔧 DEBUG: Filtered data shape: (63451, 6)
🔧 DEBUG: Processing ATOMUSDT 1m
🔧 DEBUG: Found data in cache for ATOMUSDT 1m
🔧 DEBUG: Original data shape: (129604, 6)
🔧 DEBUG: Original data date range: 2025-11-16 22:30:00 to 2026-02-14 22:34:00
🔧 DEBUG: Filtered data shape: (63451, 6)
🔧 DEBUG: Processing ARBUSDT 1m
🔧 DEBUG: Found data in cache for ARBUSDT 1m
🔧 DEBUG: Original data shape: (129604, 6)
🔧 DEBUG: Original data date range: 2025-11-16 22:30:00 to 2026-02-14 22:34:00
🔧 DEBUG: Filtered data shape: (63451, 6)
🔧 DEBUG: Processing OPUSDT 1m
🔧 DEBUG: Found data in cache for OPUSDT 1m
🔧 DEBUG: Filtered data shape: (63451, 6)
🔧 DEBUG: Processing ALGOUSDT 1m
🔧 DEBUG: Found data in cache for ALGOUSDT 1m
🔧 DEBUG: Original data shape: (129604, 6)
🔧 DEBUG: Original data date range: 2025-11-16 22:30:00 to 2026-02-14 22:34:00
🔧 DEBUG: Original data shape: (129604, 6)
🔧 DEBUG: Original data date range: 2025-11-16 22:30:00 to 2026-02-14 22:34:00
🔧 DEBUG: Filtered data shape: (63451, 6)
🔧 DEBUG: Processing VETUSDT 1m
🔧 DEBUG: Found data in cache for VETUSDT 1m
🔧 DEBUG: Original data shape: (129603, 6)
🔧 DEBUG: Original data date range: 2025-11-16 22:30:00 to 2026-02-14 22:33:00
🔧 DEBUG: Filtered data shape: (63451, 6)
🔧 DEBUG: Processing NEARUSDT 1m
🔧 DEBUG: Found data in cache for NEARUSDT 1m
🔧 DEBUG: Original data shape: (129604, 6)
🔧 DEBUG: Original data date range: 2025-11-16 22:30:00 to 2026-02-14 22:34:00
🔧 DEBUG: Filtered data shape: (63451, 6)
🔧 DEBUG: Processing ICPUSDT 1m
🔧 DEBUG: Found data in cache for ICPUSDT 1m
🔧 DEBUG: Original data shape: (129604, 6)
🔧 DEBUG: Original data date range: 2025-11-16 22:30:00 to 2026-02-14 22:34:00
🔧 DEBUG: get_data_for_symbols called with symbols=['BNBUSDT', 'XRPUSDT', 'ADAUSDT', 'DOTUSDT', 'ATOMUSDT', 'ALGOUSDT', 'VETUSDT', 'ICPUSDT', 'FILUSDT', 'AAVEUSDT', 'COMPUSDT', 'CRVUSDT', 'SNXUSDT', 'SUSHIUSDT', 'ARBUSDT', 'OPUSDT', 'NEARUSDT', 'GRTUSDT'], timeframes=['1m']
🔧 DEBUG: Date range: 2025-11-16 to 2025-12-31
🔧 DEBUG: Processing BNBUSDT 1m
🔧 DEBUG: Found data in cache for BNBUSDT 1m
🔧 DEBUG: Original data shape: (129603, 6)
🔧 DEBUG: Original data date range: 2025-11-16 22:30:00 to 2026-02-14 22:33:00
🔧 DEBUG: Filtered data shape: (63451, 6)
🔧 DEBUG: Processing GRTUSDT 1m
🔧 DEBUG: Found data in cache for GRTUSDT 1m
🔧 DEBUG: Filtered data shape: (63451, 6)
🔧 DEBUG: Processing FILUSDT 1m
🔧 DEBUG: Found data in cache for FILUSDT 1m
🔧 DEBUG: Original data shape: (129604, 6)
🔧 DEBUG: Original data date range: 2025-11-16 22:30:00 to 2026-02-14 22:34:00
🔧 DEBUG: Filtered data shape: (63451, 6)
🔧 DEBUG: Processing XRPUSDT 1m
🔧 DEBUG: Found data in cache for XRPUSDT 1m
🔧 DEBUG: Original data shape: (129604, 6)
🔧 DEBUG: Original data date range: 2025-11-16 22:30:00 to 2026-02-14 22:34:00
🔧 DEBUG: Original data shape: (129603, 6)
🔧 DEBUG: Original data date range: 2025-11-16 22:30:00 to 2026-02-14 22:33:00
🔧 DEBUG: Filtered data shape: (63451, 6)
🔧 DEBUG: Returning data with keys: ['BNBUSDT', 'XRPUSDT', 'ADAUSDT', 'DOTUSDT', 'ATOMUSDT', 'ALGOUSDT', 'VETUSDT', 'ICPUSDT', 'FILUSDT', 'AAVEUSDT', 'COMPUSDT', 'CRVUSDT', 'SNXUSDT', 'SUSHIUSDT', 'ARBUSDT', 'OPUSDT', 'NEARUSDT', 'GRTUSDT']
Pre-calculating indicators for all symbols/timeframes...
🔧 DEBUG: Filtered data shape: (63451, 6)
🔧 DEBUG: Processing ADAUSDT 1m
🔧 DEBUG: Found data in cache for ADAUSDT 1m
🔧 DEBUG: Original data shape: (129604, 6)
🔧 DEBUG: Original data date range: 2025-11-16 22:30:00 to 2026-02-14 22:34:00
🔧 DEBUG: Filtered data shape: (63451, 6)
🔧 DEBUG: Processing AAVEUSDT 1m
🔧 DEBUG: Found data in cache for AAVEUSDT 1m
🔧 DEBUG: Original data shape: (129603, 6)
🔧 DEBUG: Original data date range: 2025-11-16 22:30:00 to 2026-02-14 22:33:00
🔧 DEBUG: Filtered data shape: (63451, 6)
🔧 DEBUG: Processing DOTUSDT 1m
🔧 DEBUG: Found data in cache for DOTUSDT 1m
🔧 DEBUG: Original data shape: (129604, 6)
🔧 DEBUG: Original data date range: 2025-11-16 22:30:00 to 2026-02-14 22:34:00
🔧 DEBUG: Filtered data shape: (63451, 6)
🔧 DEBUG: Processing COMPUSDT 1m
🔧 DEBUG: Found data in cache for COMPUSDT 1m
🔧 DEBUG: Filtered data shape: (63451, 6)
🔧 DEBUG: Processing ATOMUSDT 1m
🔧 DEBUG: Found data in cache for ATOMUSDT 1m
🟢 OPEN_SHORT: OPUSDT at 0.37523715 (qty: 0.00020949151991787594)
🔴 CLOSE_SHORT: OPUSDT at 0.3880714599999999 (PnL: -2.7333928329928567e-06)
🔧 DEBUG: Original data shape: (129604, 6)
🔧 DEBUG: Original data date range: 2025-11-16 22:30:00 to 2026-02-14 22:34:00
🔧 DEBUG: Original data shape: (129604, 6)
🔧 DEBUG: Original data date range: 2025-11-16 22:30:00 to 2026-02-14 22:34:00
🟢 OPEN_SHORT: OPUSDT at 0.38752854000000003 (qty: 0.00018851707106835408)
🔴 CLOSE_SHORT: OPUSDT at 0.38687061999999994 (PnL: 8.391670750666939e-08)
🟢 OPEN_LONG: OPUSDT at 0.39117363 (qty: 0.0001869840188648715)
🔴 CLOSE_LONG: OPUSDT at 0.38852784 (PnL: -5.346771206027331e-07)
🟢 OPEN_SHORT: OPUSDT at 0.38562987000000004 (qty: 0.00018669042839187505)
🔴 CLOSE_SHORT: OPUSDT at 0.39197418999999994 (PnL: -1.2246716248524346e-06)
🟢 OPEN_SHORT: OPUSDT at 0.37893456000000003 (qty: 0.00018331626873807424)
🔴 CLOSE_SHORT: OPUSDT at 0.3772639 (PnL: 2.682219217672939e-07)
🟢 OPEN_SHORT: OPUSDT at 0.36244611000000004 (qty: 0.00019292496234002966)
🔴 CLOSE_SHORT: OPUSDT at 0.36035206999999997 (PnL: 3.657560878948842e-07)
🟢 OPEN_SHORT: OPUSDT at 0.37303869000000006 (qty: 0.0001892015461063715)
🔴 CLOSE_SHORT: OPUSDT at 0.37486221999999997 (PnL: -3.840231767518107e-07)
🟢 OPEN_SHORT: OPUSDT at 0.37393806 (qty: 0.000186484930433119)
🔴 CLOSE_SHORT: OPUSDT at 0.37516243 (PnL: -2.6680573108721164e-07)
🟢 OPEN_SHORT: OPUSDT at 0.37543701 (qty: 0.00018411475855511687)
🔴 CLOSE_SHORT: OPUSDT at 0.37666348 (PnL: -2.6395334604729196e-07)
🟢 OPEN_SHORT: OPUSDT at 0.38093316 (qty: 0.00017987289925827573)
🔴 CLOSE_SHORT: OPUSDT at 0.37896508999999995 (PnL: 3.1651140464245726e-07)
🟢 OPEN_SHORT: OPUSDT at 0.38033358 (qty: 0.00018162267768993023)
🔴 CLOSE_SHORT: OPUSDT at 0.38056621 (PnL: -8.026658326519012e-08)
🟢 OPEN_SHORT: OPUSDT at 0.37983393000000004 (qty: 0.00018123890386762128)
🔴 CLOSE_SHORT: OPUSDT at 0.37696368999999996 (PnL: 4.826228841515942e-07)
🟢 OPEN_SHORT: OPUSDT at 0.37993386 (qty: 0.00018353248678492905)
🔴 CLOSE_SHORT: OPUSDT at 0.38006586 (PnL: -6.259122609092328e-08)
🟢 OPEN_SHORT: OPUSDT at 0.38383113 (qty: 0.0001811429949953803)
🔴 CLOSE_SHORT: OPUSDT at 0.38446894 (PnL: -1.5383893403886098e-07)
🟢 OPEN_SHORT: OPUSDT at 0.3577494 (qty: 0.00019327540854038213)
🔴 CLOSE_SHORT: OPUSDT at 0.35875094999999996 (PnL: -2.3171074045763751e-07)
🟢 OPEN_SHORT: OPUSDT at 0.36204639000000005 (qty: 0.0001894914112569327)
🔴 CLOSE_SHORT: OPUSDT at 0.36275375 (PnL: -1.7184494068112604e-07)
🟢 OPEN_SHORT: OPUSDT at 0.35804919 (qty: 0.0001904361977489625)
🔴 CLOSE_SHORT: OPUSDT at 0.35694969 (PnL: 1.7199772146179122e-07)
🟢 OPEN_SHORT: OPUSDT at 0.32527215000000004 (qty: 0.00021045305512517237)
🔴 CLOSE_SHORT: OPUSDT at 0.32572785 (PnL: -1.336061888650497e-07)
🟢 OPEN_SHORT: OPUSDT at 0.32707089 (qty: 0.0002082484484247941)
🔴 CLOSE_SHORT: OPUSDT at 0.32772924999999997 (PnL: -1.746394578036978e-07)
🟢 OPEN_SHORT: OPUSDT at 0.31537908000000003 (qty: 0.00021462363085689)
🔴 CLOSE_SHORT: OPUSDT at 0.31862288 (PnL: -7.338073334323955e-07)
🟢 OPEN_SHORT: OPUSDT at 0.30938328 (qty: 0.00021379866421827862)
🔴 CLOSE_SHORT: OPUSDT at 0.30991678999999994 (PnL: -1.5050661299353434e-07)
🟢 OPEN_SHORT: OPUSDT at 0.30208839000000004 (qty: 0.00021772421794921798)
🔴 CLOSE_SHORT: OPUSDT at 0.30421279999999995 (PnL: -4.989644775370566e-07)
🔧 DEBUG: Filtered data shape: (63451, 6)
🔧 DEBUG: Processing ALGOUSDT 1m
🔧 DEBUG: Found data in cache for ALGOUSDT 1m
🟢 OPEN_LONG: OPUSDT at 0.30101056 (qty: 0.00021494820764727935)
🔴 CLOSE_LONG: OPUSDT at 0.30088923 (PnL: -6.165124641271754e-08)
🟢 OPEN_SHORT: OPUSDT at 0.29919042 (qty: 0.00021560585400323784)
🔴 CLOSE_SHORT: OPUSDT at 0.30031006999999993 (PnL: -2.770148294441744e-07)
🟢 OPEN_SHORT: OPUSDT at 0.29988993 (qty: 0.0002130188847227502)
🔴 CLOSE_SHORT: OPUSDT at 0.29930936999999996 (PnL: 8.860304221319538e-08)
🟢 OPEN_SHORT: OPUSDT at 0.29988993 (qty: 0.0002133754677002293)
🔴 CLOSE_SHORT: OPUSDT at 0.30091049 (PnL: -2.530762714129453e-07)
🔧 DEBUG: Original data shape: (129604, 6)
🔧 DEBUG: Original data date range: 2025-11-16 22:30:00 to 2026-02-14 22:34:00
🟢 OPEN_SHORT: OPUSDT at 0.29988993 (qty: 0.0002114529602912427)
🔴 CLOSE_SHORT: OPUSDT at 0.30101056 (PnL: -2.7196779658617456e-07)
🟢 OPEN_SHORT: OPUSDT at 0.30568587 (qty: 0.00020543613609636497)
🔴 CLOSE_SHORT: OPUSDT at 0.3062142 (PnL: -1.431371779199972e-07)
🟢 OPEN_SHORT: OPUSDT at 0.30218832 (qty: 0.00020663793630350778)
🔴 CLOSE_SHORT: OPUSDT at 0.30301195999999997 (PnL: -2.0463284120633723e-07)
🟢 OPEN_SHORT: OPUSDT at 0.30318762000000005 (qty: 0.00020438043350684912)
🔴 CLOSE_SHORT: OPUSDT at 0.30291189 (PnL: 2.23037220649311e-08)
🔧 DEBUG: Filtered data shape: (63451, 6)
🔧 DEBUG: Processing CRVUSDT 1m
🔧 DEBUG: Found data in cache for CRVUSDT 1m
🟢 OPEN_SHORT: OPUSDT at 0.30538608 (qty: 0.00020283197739303881)
🔴 CLOSE_SHORT: OPUSDT at 0.30661447999999997 (PnL: -2.8336397273125744e-07)
🟢 OPEN_SHORT: OPUSDT at 0.30388713 (qty: 0.0002017433191742085)
🔴 CLOSE_SHORT: OPUSDT at 0.30241154 (PnL: 2.641351950303745e-07)
🟢 OPEN_SHORT: OPUSDT at 0.30228825000000004 (qty: 0.0002043348715423078)
🔴 CLOSE_SHORT: OPUSDT at 0.30141084 (PnL: 1.4541164973986846e-07)
🟢 OPEN_SHORT: OPUSDT at 0.30248811000000003 (qty: 0.0002049366806456395)
🔴 CLOSE_SHORT: OPUSDT at 0.30281181999999995 (PnL: -1.0047153997986957e-07)
🟢 OPEN_SHORT: OPUSDT at 0.30888363 (qty: 0.00019982210167011737)
🔴 CLOSE_SHORT: OPUSDT at 0.31101755999999997 (PnL: -4.605878777894352e-07)
🔧 DEBUG: Original data shape: (129604, 6)
🔧 DEBUG: Original data date range: 2025-11-16 22:30:00 to 2026-02-14 22:34:00
🟢 OPEN_SHORT: OPUSDT at 0.30808419000000004 (qty: 0.00019713022732125894)
🔴 CLOSE_SHORT: OPUSDT at 0.30881601999999997 (PnL: -1.7774814898317932e-07)
🟢 OPEN_SHORT: OPUSDT at 0.32267397000000003 (qty: 0.00018690817897015568)
🔴 CLOSE_SHORT: OPUSDT at 0.3212247 (PnL: 2.3785867849160933e-07)
🟢 OPEN_SHORT: OPUSDT at 0.31787733 (qty: 0.0001910163900212906)
🔴 CLOSE_SHORT: OPUSDT at 0.31852281 (PnL: -1.5676095194903868e-07)
🟢 OPEN_SHORT: OPUSDT at 0.31797726 (qty: 0.00018976031928904946)
🔴 CLOSE_SHORT: OPUSDT at 0.31862288 (PnL: -1.5576714603227674e-07)
🟢 OPEN_SHORT: OPUSDT at 0.31657824000000007 (qty: 0.0001894051804671431)
🔴 CLOSE_SHORT: OPUSDT at 0.3162212 (PnL: 3.4683562234559994e-08)
🟢 OPEN_SHORT: OPUSDT at 0.31537908000000003 (qty: 0.0001901361627698713)
🔴 CLOSE_SHORT: OPUSDT at 0.31662148 (PnL: -2.6933582491702836e-07)
🟢 OPEN_SHORT: OPUSDT at 0.31627845000000004 (qty: 0.00018768377982869184)
🔴 CLOSE_SHORT: OPUSDT at 0.31842274 (PnL: -4.353179831334888e-07)
🟢 OPEN_SHORT: OPUSDT at 0.31807719000000007 (qty: 0.0001836799508937488)
🔴 CLOSE_SHORT: OPUSDT at 0.32002385999999994 (PnL: -3.8989433179560597e-07)
🟢 OPEN_SHORT: OPUSDT at 0.31887663 (qty: 0.0001805724901606211)
🔴 CLOSE_SHORT: OPUSDT at 0.31952350999999996 (PnL: -1.4854216816115464e-07)
🟢 OPEN_SHORT: OPUSDT at 0.31697796 (qty: 0.00018051704419751546)
🔴 CLOSE_SHORT: OPUSDT at 0.31742203999999996 (PnL: -1.1167905762039509e-07)
🟢 OPEN_SHORT: OPUSDT at 0.31627845000000004 (qty: 0.0001800110768939849)
🔴 CLOSE_SHORT: OPUSDT at 0.31502036 (PnL: 1.9528120089363964e-07)
🟢 OPEN_SHORT: OPUSDT at 0.31447971 (qty: 0.00018208347940103047)
🔴 CLOSE_SHORT: OPUSDT at 0.31552071 (PnL: -2.2114701184140113e-07)
🟢 OPEN_SHORT: OPUSDT at 0.32587173 (qty: 0.00017416754149973828)
🔴 CLOSE_SHORT: OPUSDT at 0.32672855 (PnL: -1.805282624680032e-07)
🟢 OPEN_SHORT: OPUSDT at 0.32647131 (qty: 0.00017255050567097744)
🔴 CLOSE_SHORT: OPUSDT at 0.32652840999999994 (PnL: -4.084108711759133e-08)
🟢 OPEN_SHORT: OPUSDT at 0.32607159 (qty: 0.00017232148739097702)
🔴 CLOSE_SHORT: OPUSDT at 0.32702876 (PnL: -1.9593570337456792e-07)
🔧 DEBUG: Filtered data shape: (63451, 6)
🔧 DEBUG: Processing VETUSDT 1m
🔧 DEBUG: Found data in cache for VETUSDT 1m
🟢 OPEN_SHORT: OPUSDT at 0.33786333 (qty: 0.0001649645195957444)
🔴 CLOSE_SHORT: OPUSDT at 0.33803646 (PnL: -5.923051950396592e-08)
🟢 OPEN_SHORT: OPUSDT at 0.33806319 (qty: 0.0001643352293852101)
🔴 CLOSE_SHORT: OPUSDT at 0.33833667 (PnL: -7.552274738289901e-08)
🟢 OPEN_SHORT: OPUSDT at 0.33376620000000007 (qty: 0.00016581527763900793)
🔴 CLOSE_SHORT: OPUSDT at 0.33353330999999997 (PnL: 8.199014889635572e-09)
🟢 OPEN_SHORT: OPUSDT at 0.33116802 (qty: 0.00016698186999054062)
🔴 CLOSE_SHORT: OPUSDT at 0.33293289 (PnL: -3.252778589946563e-07)
🔧 DEBUG: Original data shape: (129603, 6)
🔧 DEBUG: Original data date range: 2025-11-16 22:30:00 to 2026-02-14 22:33:00
🔧 DEBUG: Filtered data shape: (63451, 6)
🔧 DEBUG: Processing SNXUSDT 1m
🔧 DEBUG: Found data in cache for SNXUSDT 1m
🟢 OPEN_LONG: OPUSDT at 0.3321323299999999 (qty: 0.00016435518512120911)
🔴 CLOSE_LONG: OPUSDT at 0.33156774 (PnL: -1.2276547647592688e-07)
🟢 OPEN_LONG: OPUSDT at 0.3321323299999999 (qty: 0.00016343513801049295)
🔴 CLOSE_LONG: OPUSDT at 0.33226725000000007 (PnL: -7.816610302664216e-09)
🟢 OPEN_SHORT: OPUSDT at 0.33286683000000006 (qty: 0.00016284815662822566)
🔴 CLOSE_SHORT: OPUSDT at 0.33283282 (PnL: -2.4272200354366045e-08)
🔧 DEBUG: Original data shape: (129604, 6)
🔧 DEBUG: Original data date range: 2025-11-16 22:30:00 to 2026-02-14 22:34:00
🟢 OPEN_SHORT: OPUSDT at 0.32986893 (qty: 0.00016400022227870155)
🔴 CLOSE_SHORT: OPUSDT at 0.33033107 (PnL: -1.0558696562193783e-07)
🟢 OPEN_SHORT: OPUSDT at 0.32807019 (qty: 0.00016407432652130338)
🔴 CLOSE_SHORT: OPUSDT at 0.32802945999999994 (PnL: -2.291891968153579e-08)
🟢 OPEN_SHORT: OPUSDT at 0.32497236 (qty: 0.0001653151269590437)
🔴 CLOSE_SHORT: OPUSDT at 0.3252275 (PnL: -7.174926549151808e-08)
🟢 OPEN_LONG: OPUSDT at 0.32812953 (qty: 0.00016310709154689646)
🔴 CLOSE_LONG: OPUSDT at 0.32827005000000004 (PnL: -6.52893669942461e-09)
🟢 OPEN_SHORT: OPUSDT at 0.32527215000000004 (qty: 0.0001643187808637573)
🔴 CLOSE_SHORT: OPUSDT at 0.32712883 (PnL: -3.3465176984615474e-07)
🟢 OPEN_SHORT: OPUSDT at 0.32697096000000003 (qty: 0.00016123825321303826)
🔴 CLOSE_SHORT: OPUSDT at 0.32632827 (PnL: 7.468708283163872e-08)
🟢 OPEN_SHORT: OPUSDT at 0.32307369 (qty: 0.0001634661378906065)
🔴 CLOSE_SHORT: OPUSDT at 0.32402665999999997 (PnL: -1.8491038810168775e-07)
🟢 OPEN_SHORT: OPUSDT at 0.32027565 (qty: 0.0001635581562724789)
🔴 CLOSE_SHORT: OPUSDT at 0.32072435 (PnL: -1.0223994056618521e-07)
🟢 OPEN_SHORT: OPUSDT at 0.32067537000000007 (qty: 0.00016253693842325096)
🔴 CLOSE_SHORT: OPUSDT at 0.32332616999999997 (PnL: -4.597567615534906e-07)
🟢 OPEN_SHORT: OPUSDT at 0.29249511000000006 (qty: 0.00017485675433097592)
🔴 CLOSE_SHORT: OPUSDT at 0.29450601 (PnL: -3.799424480559079e-07)
🟢 OPEN_SHORT: OPUSDT at 0.28100316000000003 (qty: 0.00017910332921529788)
🔴 CLOSE_SHORT: OPUSDT at 0.28089649 (PnL: -8.565270960739038e-09)
🟢 OPEN_SHORT: OPUSDT at 0.28899756000000004 (qty: 0.00017389804077402575)
🔴 CLOSE_SHORT: OPUSDT at 0.28620019999999996 (PnL: 4.5908211361261906e-07)
🟢 OPEN_SHORT: OPUSDT at 0.28829805000000003 (qty: 0.00017731299944373125)
🔴 CLOSE_SHORT: OPUSDT at 0.28840173999999996 (PnL: -4.6511142572613924e-08)
🟢 OPEN_SHORT: OPUSDT at 0.31557894000000003 (qty: 0.00016151185121211442)
🔴 CLOSE_SHORT: OPUSDT at 0.31652141 (PnL: -1.803371517944299e-07)
🟢 OPEN_SHORT: OPUSDT at 0.31787733 (qty: 0.00015903303889800742)
🔴 CLOSE_SHORT: OPUSDT at 0.31742203999999996 (PnL: 4.464182688095948e-08)
🟢 OPEN_SHORT: OPUSDT at 0.31737768 (qty: 0.00015938951076484257)
🔴 CLOSE_SHORT: OPUSDT at 0.31652141 (PnL: 1.0873285040503654e-07)
🟢 OPEN_SHORT: OPUSDT at 0.32057544 (qty: 0.00015830437136180606)
🔴 CLOSE_SHORT: OPUSDT at 0.32092448999999995 (PnL: -8.319820312806439e-08)
🟢 OPEN_SHORT: OPUSDT at 0.32387313 (qty: 0.00015600637741736747)
🔴 CLOSE_SHORT: OPUSDT at 0.32362638 (PnL: 1.0726295078465183e-08)
🔧 DEBUG: Filtered data shape: (63451, 6)
🔧 DEBUG: Processing ICPUSDT 1m
🔧 DEBUG: Found data in cache for ICPUSDT 1m
🟢 OPEN_SHORT: OPUSDT at 0.32597166 (qty: 0.00015489735347898505)
🔴 CLOSE_SHORT: OPUSDT at 0.32782932 (PnL: -3.156755593972172e-07)
🟢 OPEN_SHORT: OPUSDT at 0.32557194 (qty: 0.00015297772578978873)
🔴 CLOSE_SHORT: OPUSDT at 0.32502735999999993 (PnL: 5.596153941687178e-08)
🟢 OPEN_SHORT: OPUSDT at 0.32487243000000005 (qty: 0.00015348299103295772)
🔴 CLOSE_SHORT: OPUSDT at 0.32532756999999995 (PnL: -9.731898521872265e-08)
🟢 OPEN_SHORT: OPUSDT at 0.32587173 (qty: 0.00015224673112522328)
🔴 CLOSE_SHORT: OPUSDT at 0.32662848 (PnL: -1.4256317888382876e-07)
🟢 OPEN_SHORT: OPUSDT at 0.3217746 (qty: 0.0001531295667980902)
🔴 CLOSE_SHORT: OPUSDT at 0.32242553999999995 (PnL: -1.2683324600720079e-07)
🔧 DEBUG: Original data shape: (129604, 6)
🔧 DEBUG: Original data date range: 2025-11-16 22:30:00 to 2026-02-14 22:34:00
🟢 OPEN_SHORT: OPUSDT at 0.31987593000000003 (qty: 0.00015307603196964298)
🔴 CLOSE_SHORT: OPUSDT at 0.31992379 (PnL: -3.426118425829939e-08)
🟢 OPEN_SHORT: OPUSDT at 0.31857684 (qty: 0.00015331608489363863)
🔴 CLOSE_SHORT: OPUSDT at 0.31642133999999994 (PnL: 3.037909564241637e-07)
🟢 OPEN_SHORT: OPUSDT at 0.31777740000000004 (qty: 0.0001554446870992211)
🔴 CLOSE_SHORT: OPUSDT at 0.31812253 (PnL: -8.084637628283414e-08)
🟢 OPEN_SHORT: OPUSDT at 0.31647831 (qty: 0.00015540015765465028)
🔴 CLOSE_SHORT: OPUSDT at 0.31642133999999994 (PnL: -1.8191412385120205e-08)
🔧 DEBUG: Original data shape: (129604, 6)
🔧 DEBUG: Original data date range: 2025-11-16 22:30:00 to 2026-02-14 22:34:00
🟢 OPEN_SHORT: OPUSDT at 0.2967921 (qty: 0.00016540297934585315)
🔴 CLOSE_SHORT: OPUSDT at 0.2982086 (PnL: -2.6142184524200456e-07)
🟢 OPEN_SHORT: OPUSDT at 0.29869077 (qty: 0.00016242033380704538)
🔴 CLOSE_SHORT: OPUSDT at 0.29870895 (PnL: -2.963682572219225e-08)
🟢 OPEN_SHORT: OPUSDT at 0.2987907 (qty: 0.00016198903150939194)
🔴 CLOSE_SHORT: OPUSDT at 0.29930936999999996 (PnL: -1.1068551020535958e-07)
🟢 OPEN_LONG: OPUSDT at 0.29950951 (qty: 0.00016068339265378867)
🔴 CLOSE_LONG: OPUSDT at 0.29939028 (PnL: -4.561715616098869e-08)
🟢 OPEN_SHORT: OPUSDT at 0.30098916000000003 (qty: 0.00015941448210936762)
🔴 CLOSE_SHORT: OPUSDT at 0.30141084 (PnL: -9.364898794428713e-08)
🟢 OPEN_SHORT: OPUSDT at 0.30078930000000004 (qty: 0.00015872224461401)
🔴 CLOSE_SHORT: OPUSDT at 0.30151090999999997 (PnL: -1.4085662756185138e-07)
🔧 DEBUG: Filtered data shape: (63451, 6)
🔧 DEBUG: Processing FILUSDT 1m
🔧 DEBUG: Found data in cache for FILUSDT 1m
🟢 OPEN_SHORT: OPUSDT at 0.31417992000000006 (qty: 0.00015089354993984196)
🔴 CLOSE_SHORT: OPUSDT at 0.31452001 (PnL: -7.741985985884279e-08)
🔧 DEBUG: Original data shape: (129603, 6)
🔧 DEBUG: Original data date range: 2025-11-16 22:30:00 to 2026-02-14 22:33:00
🟢 OPEN_LONG: OPUSDT at 0.31381951999999996 (qty: 0.0001504072634905064)
🔴 CLOSE_LONG: OPUSDT at 0.3137802 (PnL: -3.1871165271166856e-08)
🟢 OPEN_SHORT: OPUSDT at 0.3157788 (qty: 0.00014910776813961536)
🔴 CLOSE_SHORT: OPUSDT at 0.3162212 (PnL: -9.189834717869598e-08)
🟢 OPEN_SHORT: OPUSDT at 0.31637838 (qty: 0.00014808054147108762)
🔴 CLOSE_SHORT: OPUSDT at 0.31682161999999997 (PnL: -9.143853357327929e-08)
🟢 OPEN_SHORT: OPUSDT at 0.30108909000000006 (qty: 0.00015482151918223437)
🔴 CLOSE_SHORT: OPUSDT at 0.30611413 (PnL: -8.040505068088448e-07)
🟢 OPEN_SHORT: OPUSDT at 0.30508629000000004 (qty: 0.0001473540247646773)
🔴 CLOSE_SHORT: OPUSDT at 0.30411273 (PnL: 1.1881125523868461e-07)
🟢 OPEN_SHORT: OPUSDT at 0.32127495000000006 (qty: 0.00014051473350317463)
🔴 CLOSE_SHORT: OPUSDT at 0.32312603 (PnL: -2.8507619528941324e-07)
🟢 OPEN_LONG: OPUSDT at 0.32342624 (qty: 0.00013766370143479423)
🔴 CLOSE_LONG: OPUSDT at 0.31967607000000003 (PnL: -5.404665682906948e-07)
🟢 OPEN_SHORT: OPUSDT at 0.3217746 (qty: 0.00013485882274201638)
🔴 CLOSE_SHORT: OPUSDT at 0.32082442 (PnL: 1.0434385421956256e-07)
🟢 OPEN_SHORT: OPUSDT at 0.31807719000000007 (qty: 0.00013693247822833213)
🔴 CLOSE_SHORT: OPUSDT at 0.31682161999999997 (PnL: 1.4806756841855675e-07)
🟢 OPEN_SHORT: OPUSDT at 0.31637838 (qty: 0.00013845232542045752)
🔴 CLOSE_SHORT: OPUSDT at 0.31752211 (PnL: -1.8253099912919185e-07)
🟢 OPEN_SHORT: OPUSDT at 0.31507929000000007 (qty: 0.0001377116114830422)
🔴 CLOSE_SHORT: OPUSDT at 0.31381951999999996 (PnL: 1.4971583130028733e-07)
🟢 OPEN_SHORT: OPUSDT at 0.31647831 (qty: 0.00013789816859482393)
🔴 CLOSE_SHORT: OPUSDT at 0.31712183 (PnL: -1.1279201522228377e-07)
🟢 OPEN_SHORT: OPUSDT at 0.31497936 (qty: 0.00013768581332204304)
🔴 CLOSE_SHORT: OPUSDT at 0.31542064 (PnL: -8.464391674907717e-08)
🟢 OPEN_SHORT: OPUSDT at 0.31467957 (qty: 0.00013712741669076698)
🔴 CLOSE_SHORT: OPUSDT at 0.31552071 (PnL: -1.3913995220637174e-07)
🟢 OPEN_SHORT: OPUSDT at 0.3437592 (qty: 0.00012457979393388485)
🔴 CLOSE_SHORT: OPUSDT at 0.34484122 (PnL: -1.584259651024744e-07)
🟢 OPEN_SHORT: OPUSDT at 0.34016172 (qty: 0.0001248273626242937)
🔴 CLOSE_SHORT: OPUSDT at 0.33943744 (PnL: 6.710586797539808e-08)
🔧 DEBUG: Filtered data shape: (63451, 6)
🔧 DEBUG: Processing AAVEUSDT 1m
🔧 DEBUG: Found data in cache for AAVEUSDT 1m
🟢 OPEN_SHORT: OPUSDT at 0.33386613000000004 (qty: 0.0001274432793463761)
🔴 CLOSE_SHORT: OPUSDT at 0.33473415 (PnL: -1.3408610512010944e-07)
🟢 OPEN_LONG: OPUSDT at 0.3352345 (qty: 0.00012598350815839823)
🔴 CLOSE_LONG: OPUSDT at 0.33496536000000005 (PnL: -5.711726252613188e-08)
🔧 DEBUG: Filtered data shape: (63451, 6)
🔧 DEBUG: Processing ARBUSDT 1m
🔧 DEBUG: Found data in cache for ARBUSDT 1m
🟢 OPEN_SHORT: OPUSDT at 0.33026865000000005 (qty: 0.00012739122051236748)
🔴 CLOSE_SHORT: OPUSDT at 0.32993079 (PnL: 1.992374044982822e-08)
🔧 DEBUG: Original data shape: (129604, 6)
🔧 DEBUG: Original data date range: 2025-11-16 22:30:00 to 2026-02-14 22:34:00
🔧 DEBUG: Original data shape: (129603, 6)
🔧 DEBUG: Original data date range: 2025-11-16 22:30:00 to 2026-02-14 22:33:00
🟢 OPEN_SHORT: OPUSDT at 0.32717082000000003 (qty: 0.0001285777663249701)
🔴 CLOSE_SHORT: OPUSDT at 0.32732897 (PnL: -4.348254904311914e-08)
🟢 OPEN_SHORT: OPUSDT at 0.30688503 (qty: 0.00013664288076109917)
🔴 CLOSE_SHORT: OPUSDT at 0.3104171399999999 (PnL: -5.059666463010471e-07)
🟢 OPEN_SHORT: OPUSDT at 0.30608559 (qty: 0.00013354302059445617)
🔴 CLOSE_SHORT: OPUSDT at 0.30571384999999995 (PnL: 2.7189009444183524e-08)
🟢 OPEN_SHORT: OPUSDT at 0.31318062 (qty: 0.00013054769836732207)
🔴 CLOSE_SHORT: OPUSDT at 0.31281881999999994 (PnL: 2.4771379942967517e-08)
🟢 OPEN_SHORT: OPUSDT at 0.31368027000000004 (qty: 0.0001303543202258494)
🔴 CLOSE_SHORT: OPUSDT at 0.3142198 (PnL: -9.285801602822291e-08)
🟢 OPEN_SHORT: OPUSDT at 0.31138188 (qty: 0.00013057562564608406)
🔴 CLOSE_SHORT: OPUSDT at 0.31111763 (PnL: 1.2161200524253215e-08)
🟢 OPEN_SHORT: OPUSDT at 0.31487943 (qty: 0.0001290604515662621)
🔴 CLOSE_SHORT: OPUSDT at 0.31522049999999996 (PnL: -6.639402325581631e-08)
🟢 OPEN_SHORT: OPUSDT at 0.29749161 (qty: 0.00013600716688664966)
🔴 CLOSE_SHORT: OPUSDT at 0.30031006999999993 (PnL: -4.0579513657786184e-07)
🟢 OPEN_SHORT: OPUSDT at 0.30028965 (qty: 0.00013188897348056665)
🔴 CLOSE_SHORT: OPUSDT at 0.30281181999999995 (PnL: -3.546120592971423e-07)
🟢 OPEN_SHORT: OPUSDT at 0.30168867000000005 (qty: 0.00012878211231363363)
🔴 CLOSE_SHORT: OPUSDT at 0.30201126 (PnL: -6.29353280141655e-08)
🟢 OPEN_SHORT: OPUSDT at 0.30718482 (qty: 0.0001259290619017577)
🔴 CLOSE_SHORT: OPUSDT at 0.30801546 (PnL: -1.259351698390463e-07)
🟢 OPEN_SHORT: OPUSDT at 0.30938328 (qty: 0.00012408257494570335)
🔴 CLOSE_SHORT: OPUSDT at 0.31001686 (PnL: -9.97734674800614e-08)
🟢 OPEN_SHORT: OPUSDT at 0.31278090000000003 (qty: 0.00012196172819746249)
🔴 CLOSE_SHORT: OPUSDT at 0.31431986999999995 (PnL: -2.087796878476397e-07)
🟢 OPEN_SHORT: OPUSDT at 0.31437978 (qty: 0.00011987977632161884)
🔴 CLOSE_SHORT: OPUSDT at 0.31552071 (PnL: -1.5757793687542384e-07)
🟢 OPEN_SHORT: OPUSDT at 0.31467957 (qty: 0.0001186323131088942)
🔴 CLOSE_SHORT: OPUSDT at 0.31512043 (PnL: -7.286114759250876e-08)
🟢 OPEN_SHORT: OPUSDT at 0.31467957 (qty: 0.0001180387360394011)
🔴 CLOSE_SHORT: OPUSDT at 0.31492028999999994 (PnL: -4.8859320681013686e-08)
🟢 OPEN_SHORT: OPUSDT at 0.31487943 (qty: 0.00011752371770455122)
🔴 CLOSE_SHORT: OPUSDT at 0.31532056999999997 (PnL: -7.222611793849497e-08)
🟢 OPEN_SHORT: OPUSDT at 0.31058244000000007 (qty: 0.00011855352358313013)
🔴 CLOSE_SHORT: OPUSDT at 0.3104171399999999 (PnL: -6.436777018700838e-10)
🟢 OPEN_SHORT: OPUSDT at 0.31038258 (qty: 0.00011849522148683336)
🔴 CLOSE_SHORT: OPUSDT at 0.30891609 (PnL: 1.5363926308026317e-07)
e-07)
🔧 DEBUG: Original data shape: (129604, 6)
🔧 DEBUG: Original data date range: 2025-11-16 22:30:00 to 2026-02-14 22:34:0🟢 OPEN_SHORT: OPUSDT at 0.30928335 (qty: 0.00011977907750642384)
🔴 CLOSE_SHORT: OPUSDT at 0.30721489999999996 (PnL: 2.2751817834314345e-07)
🟢 OPEN_SHORT: OPUSDT at 0.30518622 (qty: 0.00012274459989050884)
🔴 CLOSE_SHORT: OPUSDT at 0.30511342999999996 (PnL: -1.1663484811578293e-08)
🔧 DEBUG: Filtered data shape: (63451, 6)
🔧 DEBUG: Processing COMPUSDT 1m
🔧 DEBUG: Found data in cache for COMPUSDT 1m
🔧 DEBUG: Filtered data shape: (63451, 6)
🔧 DEBUG: Processing OPUSDT 1m
🔧 DEBUG: Found data in cache for OPUSDT 1m
🟢 OPEN_SHORT: OPUSDT at 0.3027879 (qty: 0.00012350370520044108)
🔴 CLOSE_SHORT: OPUSDT at 0.30381252 (PnL: -1.4718145097092869e-07)
🟢 OPEN_SHORT: OPUSDT at 0.30858384000000005 (qty: 0.00012009679336294877)
🔴 CLOSE_SHORT: OPUSDT at 0.30961658 (PnL: -1.444799395141438e-07)
🟢 OPEN_SHORT: OPUSDT at 0.30918342000000004 (qty: 0.00011879745642881713)
🔴 CLOSE_SHORT: OPUSDT at 0.30971665 (PnL: -8.358282032004086e-08)
🟢 OPEN_SHORT: OPUSDT at 0.30898356 (qty: 0.00011820251860995452)
🔴 CLOSE_SHORT: OPUSDT at 0.31081741999999996 (PnL: -2.3697354180756345e-07)
🟢 OPEN_SHORT: OPUSDT at 0.28629945 (qty: 0.00012577220465828185)
🔴 CLOSE_SHORT: OPUSDT at 0.28680062 (PnL: -8.287260625970968e-08)
🟢 OPEN_SHORT: OPUSDT at 0.28659924000000003 (qty: 0.0001249241220671519)
🔧 DEBUG: Original data shape: (129604, 6)
🔧 DEBUG: Original data date range: 2025-11-16 22:30:00 to 2026-02-14 22:34:00
🔴 CLOSE_SHORT: OPUSDT at 0.28730097 (PnL: -1.0740295597363713e-07)
🟢 OPEN_SHORT: OPUSDT at 0.28999686 (qty: 0.00012258397920542752)
🔴 CLOSE_SHORT: OPUSDT at 0.29050320999999996 (PnL: -8.165646957022251e-08)
🟢 OPEN_SHORT: OPUSDT at 0.28550001 (qty: 0.00012380578288168046)
🔴 CLOSE_SHORT: OPUSDT at 0.28589999 (PnL: -6.898767668530844e-08)
🔧 DEBUG: Original data shape: (129604, 6)
🔧 DEBUG: Original data date range: 2025-11-16 22:30:00 to 2026-02-14 22:34:00
🟢 OPEN_SHORT: OPUSDT at 0.29229525 (qty: 0.00012032250161414171)
🔴 CLOSE_SHORT: OPUSDT at 0.29430586999999997 (PnL: -2.6139921838039066e-07)
🟢 OPEN_SHORT: OPUSDT at 0.29359434 (qty: 0.00011787764909879103)
🔴 CLOSE_SHORT: OPUSDT at 0.29510643 (PnL: -1.9737416313707223e-07)
🟢 OPEN_SHORT: OPUSDT at 0.29209539 (qty: 0.00011700079631517081)
🔴 CLOSE_SHORT: OPUSDT at 0.29350530999999996 (PnL: -1.8384895798668226e-07)
🟢 OPEN_SHORT: OPUSDT at 0.29309469000000005 (qty: 0.00011521908630096367)
🔴 CLOSE_SHORT: OPUSDT at 0.29340524 (PnL: -5.437452326855346e-08)
🟢 OPEN_SHORT: OPUSDT at 0.29249511000000006 (qty: 0.00011495647302379644)
🔴 CLOSE_SHORT: OPUSDT at 0.29400566 (PnL: -1.922363198735377e-07)
🟢 OPEN_SHORT: OPUSDT at 0.28839798000000005 (qty: 0.00011512822300529308)
🔴 CLOSE_SHORT: OPUSDT at 0.28840173999999996 (PnL: -1.869463102929834e-08)
🟢 OPEN_LONG: OPUSDT at 0.29320509999999994 (qty: 0.00011298860310412805)
🔴 CLOSE_LONG: OPUSDT at 0.29229525 (PnL: -1.2096699812959302e-07)
🟢 OPEN_SHORT: OPUSDT at 0.28050351 (qty: 0.0001171124702061926)
🔴 CLOSE_SHORT: OPUSDT at 0.27709383 (PnL: 3.814679188120467e-07)
🟢 OPEN_SHORT: OPUSDT at 0.27830505000000005 (qty: 0.00012064911969933159)
🔴 CLOSE_SHORT: OPUSDT at 0.27889508999999996 (PnL: -8.969445249071311e-08)
🟢 OPEN_SHORT: OPUSDT at 0.27510729 (qty: 0.00012126518130500193)
🔴 CLOSE_SHORT: OPUSDT at 0.27779432 (PnL: -3.443709083411417e-07)
🟢 OPEN_SHORT: OPUSDT at 0.27330855000000004 (qty: 0.00011940898502646538)
🔴 CLOSE_SHORT: OPUSDT at 0.2731911 (PnL: -3.9172242917343696e-09)
🟢 OPEN_LONG: OPUSDT at 0.28169704999999995 (qty: 0.0001156979210813937)
🔴 CLOSE_LONG: OPUSDT at 0.28410099 (PnL: 2.6005241874832003e-07)
🟢 OPEN_SHORT: OPUSDT at 0.28080330000000003 (qty: 0.00011779069889097688)
🔴 CLOSE_SHORT: OPUSDT at 0.28109662999999996 (PnL: -5.276235838266051e-08)
🟢 OPEN_SHORT: OPUSDT at 0.26731275000000004 (qty: 0.00012320440615897933)
🔴 CLOSE_SHORT: OPUSDT at 0.26638634 (PnL: 9.60868099540353e-08)
🟢 OPEN_SHORT: OPUSDT at 0.26931135000000006 (qty: 0.00012286914280774545)
🔴 CLOSE_SHORT: OPUSDT at 0.26098256 (PnL: 1.0057146010364987e-06)
🟢 OPEN_SHORT: OPUSDT at 0.25841898 (qty: 0.0001356908260560982)
🔴 CLOSE_SHORT: OPUSDT at 0.25888109 (PnL: -8.202437155259982e-08)
🟢 OPEN_SHORT: OPUSDT at 0.26051751 (qty: 0.0001338200435291965)
🔴 CLOSE_SHORT: OPUSDT at 0.26068235 (PnL: -4.1245383858713964e-08)
🟢 OPEN_SHORT: OPUSDT at 0.2672128200000001 (qty: 0.00013001481384620494)
🔴 CLOSE_SHORT: OPUSDT at 0.2671869 (PnL: -1.573605631120203e-08)
🟢 OPEN_SHORT: OPUSDT at 0.27470757 (qty: 0.00012621398510948484)
🔴 CLOSE_SHORT: OPUSDT at 0.27549271 (PnL: -1.1821971630759752e-07)
🟢 OPEN_SHORT: OPUSDT at 0.28010379 (qty: 0.000122802189095559)
🔴 CLOSE_SHORT: OPUSDT at 0.27969565 (PnL: 3.1229504502183696e-08)
🟢 OPEN_SHORT: OPUSDT at 0.27990393 (qty: 0.00012297783921977272)
🔴 CLOSE_SHORT: OPUSDT at 0.27859487999999993 (PnL: 1.4214059243260392e-07)
🟢 OPEN_SHORT: OPUSDT at 0.27850491000000005 (qty: 0.0001244803817169241)
🔴 CLOSE_SHORT: OPUSDT at 0.27929537 (PnL: -1.1751849938010527e-07)
🟢 OPEN_SHORT: OPUSDT at 0.27670617 (qty: 0.00012430234306238833)
🔴 CLOSE_SHORT: OPUSDT at 0.27699376 (PnL: -5.468514620122626e-08)
🟢 OPEN_SHORT: OPUSDT at 0.27660624 (qty: 0.00012381506733405404)
🔴 CLOSE_SHORT: OPUSDT at 0.2771939 (PnL: -9.163759223572792e-08)
🔧 DEBUG: Filtered data shape: (63451, 6)
🔧 DEBUG: Processing CRVUSDT 1m
🔧 DEBUG: Found data in cache for CRVUSDT 1m
🟢 OPEN_SHORT: OPUSDT at 0.28030365000000007 (qty: 0.00012139361090693608)
🔴 CLOSE_SHORT: OPUSDT at 0.28109662999999996 (PnL: -1.1503053978817757e-07)
🟢 OPEN_SHORT: OPUSDT at 0.28070337 (qty: 0.0001202678163959037)
🔴 CLOSE_SHORT: OPUSDT at 0.28139684 (PnL: -1.0201576355419331e-07)
🟢 OPEN_SHORT: OPUSDT at 0.28010379 (qty: 0.00011966426551479927)
🔴 CLOSE_SHORT: OPUSDT at 0.27939544 (PnL: 6.637567491372967e-08)
🟢 OPEN_SHORT: OPUSDT at 0.27940428000000006 (qty: 0.00012030701674420005)
🔴 CLOSE_SHORT: OPUSDT at 0.27999586 (PnL: -8.969823160505451e-08)
🔧 DEBUG: Original data shape: (129604, 6)
🔧 DEBUG: Original data date range: 2025-11-16 22:30:00 to 2026-02-14 22:34:00
🟢 OPEN_SHORT: OPUSDT at 0.27470757 (qty: 0.00012157627547074756)
🔴 CLOSE_SHORT: OPUSDT at 0.2751925 (PnL: -7.735726681714499e-08)
🟢 OPEN_SHORT: OPUSDT at 0.27490743 (qty: 0.00012079146407596466)
🔴 CLOSE_SHORT: OPUSDT at 0.27559278 (PnL: -1.0109352036619005e-07)
🔧 DEBUG: Filtered data shape: (63451, 6)
🔧 DEBUG: Processing NEARUSDT 1m
🔧 DEBUG: Found data in cache for NEARUSDT 1m
🟢 OPEN_SHORT: OPUSDT at 0.27630645000000004 (qty: 0.00011931591461682271)
🔴 CLOSE_SHORT: OPUSDT at 0.27649341 (PnL: -4.045183865157698e-08)
🟢 OPEN_SHORT: OPUSDT at 0.26821212000000005 (qty: 0.0001224798811720314)
🔴 CLOSE_SHORT: OPUSDT at 0.26878801999999996 (PnL: -8.864278217949758e-08)
🟢 OPEN_LONG: OPUSDT at 0.26898816 (qty: 0.0001213331002178478)
🔴 CLOSE_LONG: OPUSDT at 0.26971107 (PnL: 6.971422732109178e-08)
🟢 OPEN_SHORT: OPUSDT at 0.26861184 (qty: 0.00012188850255157991)
🔴 CLOSE_SHORT: OPUSDT at 0.26908822999999993 (PnL: -7.610578250546487e-08)
🟢 OPEN_SHORT: OPUSDT at 0.27390813 (qty: 0.00011884447758368395)
🔴 CLOSE_SHORT: OPUSDT at 0.27329116999999997 (PnL: 5.545875841025015e-08)
🔧 DEBUG: Original data shape: (129604, 6)
🔧 DEBUG: Original data date range: 2025-11-16 22:30:00 to 2026-02-14 22:34:00
🟢 OPEN_SHORT: OPUSDT at 0.27620652 (qty: 0.00011812747366397069)
🔴 CLOSE_SHORT: OPUSDT at 0.27689368999999997 (PnL: -9.916346971792299e-08)
🟢 OPEN_SHORT: OPUSDT at 0.27690603 (qty: 0.00011698322763654555)
🔴 CLOSE_SHORT: OPUSDT at 0.27779432 (PnL: -1.2178853317224683e-07)
🟢 OPEN_SHORT: OPUSDT at 0.27111009 (qty: 0.00011845428319478039)
🔴 CLOSE_SHORT: OPUSDT at 0.27158997999999995 (PnL: -7.453907398441615e-08)
🟢 OPEN_SHORT: OPUSDT at 0.27200946000000004 (qty: 0.00011738469560337271)
🔴 CLOSE_SHORT: OPUSDT at 0.27269075 (PnL: -9.757836564304838e-08)
🟢 OPEN_SHORT: OPUSDT at 0.26951121 (qty: 0.0001176183662624717)
🔴 CLOSE_SHORT: OPUSDT at 0.2691883 (PnL: 2.0566328215181202e-08)
🟢 OPEN_SHORT: OPUSDT at 0.26771247000000004 (qty: 0.0001184320306447513)
🔴 CLOSE_SHORT: OPUSDT at 0.26748711 (PnL: 9.26636954138087e-09)
🟢 OPEN_SHORT: OPUSDT at 0.26601366 (qty: 0.00011912691959318209)
🔴 CLOSE_SHORT: OPUSDT at 0.26738703999999996 (PnL: -1.8112567575876842e-07)
🟢 OPEN_SHORT: OPUSDT at 0.26711289 (qty: 0.0001171500117696192)
🔴 CLOSE_SHORT: OPUSDT at 0.26348430999999994 (PnL: 4.0811123519732495e-07)
🟢 OPEN_SHORT: OPUSDT at 0.26251611 (qty: 0.00012217946994446738)
🔴 CLOSE_SHORT: OPUSDT at 0.26298395999999996 (PnL: -7.483384747369465e-08)
🟢 OPEN_LONG: OPUSDT at 0.26358438 (qty: 0.00012098262419665162)
🔴 CLOSE_LONG: OPUSDT at 0.26301576 (PnL: -8.629432503813461e-08)
🟢 OPEN_SHORT: OPUSDT at 0.26251611 (qty: 0.00012068388220662864)
🔴 CLOSE_SHORT: OPUSDT at 0.26278382 (PnL: -4.975085647381207e-08)
🟢 OPEN_SHORT: OPUSDT at 0.26251611 (qty: 0.00012017209905330572)
🔧 DEBUG: Filtered data shape: (63451, 6)
🔧 DEBUG: Processing SNXUSDT 1m
🔧 DEBUG: Found data in cache for SNXUSDT 1m
🔴 CLOSE_SHORT: OPUSDT at 0.26328417 (PnL: -1.0970105864490116e-07)
🟢 OPEN_SHORT: OPUSDT at 0.26471457000000004 (qty: 0.0001182141505605339)
🔴 CLOSE_SHORT: OPUSDT at 0.26468515 (PnL: -1.3731381285782891e-08)
🟢 OPEN_SHORT: OPUSDT at 0.26411499 (qty: 0.00011824820303511901)
🔴 CLOSE_SHORT: OPUSDT at 0.26528556999999997 (PnL: -1.5567222957785287e-07)
🟢 OPEN_SHORT: OPUSDT at 0.26101716 (qty: 0.00011832717920815947)
🔴 CLOSE_SHORT: OPUSDT at 0.26028207 (PnL: 7.00419824362734e-08)
🟢 OPEN_SHORT: OPUSDT at 0.26211639 (qty: 0.00011823577406167823)
🔴 CLOSE_SHORT: OPUSDT at 0.26298395999999996 (PnL: -1.196795721447113e-07)
🔧 DEBUG: Original data shape: (129604, 6)
🔧 DEBUG: Original data date range: 2025-11-16 22:30:00 to 2026-02-14 22:34:00
🟢 OPEN_SHORT: OPUSDT at 0.25851891 (qty: 0.00011882335583853762)
🔴 CLOSE_SHORT: OPUSDT at 0.25898115999999993 (PnL: -7.185125202794359e-08)
🔧 DEBUG: Filtered data shape: (63451, 6)
🔧 DEBUG: Processing GRTUSDT 1m
🔧 DEBUG: Found data in cache for GRTUSDT 1m
🟢 OPEN_SHORT: OPUSDT at 0.25662024 (qty: 0.0001190108466775173)
🔴 CLOSE_SHORT: OPUSDT at 0.25277681999999996 (PnL: 4.408629174845508e-07)
🟢 OPEN_SHORT: OPUSDT at 0.25412199 (qty: 0.0001235183276375099)
🔴 CLOSE_SHORT: OPUSDT at 0.25507843 (PnL: -1.3546664288512124e-07)
🔧 DEBUG: Original data shape: (129604, 6)
🔧 DEBUG: Original data date range: 2025-11-16 22:30:00 to 2026-02-14 22:34:00
🟢 OPEN_SHORT: OPUSDT at 0.26621352000000004 (qty: 0.00011676064513704153)
🔴 CLOSE_SHORT: OPUSDT at 0.26598605999999997 (PnL: 9.477189163196515e-09)
🟢 OPEN_SHORT: OPUSDT at 0.26311569 (qty: 0.00011807743251326526)
🔴 CLOSE_SHORT: OPUSDT at 0.26268375 (PnL: 3.394300368015606e-08)
🟢 OPEN_SHORT: OPUSDT at 0.27001086 (qty: 0.00011518698288236993)
🔴 CLOSE_SHORT: OPUSDT at 0.27068935 (PnL: -9.530215525454584e-08)
🟢 OPEN_SHORT: OPUSDT at 0.27091023000000003 (qty: 0.00011397472915078027)
🔴 CLOSE_SHORT: OPUSDT at 0.27098955999999996 (PnL: -2.6028894200552785e-08)
🟢 OPEN_SHORT: OPUSDT at 0.27220932 (qty: 0.00011311478125703818)
🔴 CLOSE_SHORT: OPUSDT at 0.27269075 (PnL: -7.142179413596367e-08)
🟢 OPEN_SHORT: OPUSDT at 0.27420792 (qty: 0.0001116458784713372)
🔴 CLOSE_SHORT: OPUSDT at 0.27449200999999995 (PnL: -4.857272348931481e-08)
🟢 OPEN_SHORT: OPUSDT at 0.27300876 (qty: 0.00011165708771651333)
🔴 CLOSE_SHORT: OPUSDT at 0.27449200999999995 (PnL: -1.8247231349643986e-07)
🟢 OPEN_SHORT: OPUSDT at 0.27630645000000004 (qty: 0.0001088823179347941)
🔴 CLOSE_SHORT: OPUSDT at 0.27739403999999995 (PnL: -1.3503113849376694e-07)
🟢 OPEN_SHORT: OPUSDT at 0.27670617 (qty: 0.00010762944347766747)
🔴 CLOSE_SHORT: OPUSDT at 0.27759417999999997 (PnL: -1.120085410109246e-07)
🟢 OPEN_SHORT: OPUSDT at 0.27690603 (qty: 0.00010662445342097712)
🔴 CLOSE_SHORT: OPUSDT at 0.27769425 (PnL: -1.0032847536889631e-07)
🟢 OPEN_SHORT: OPUSDT at 0.27710589 (qty: 0.00010570623272380619)
🔴 CLOSE_SHORT: OPUSDT at 0.27669355 (PnL: 2.750037996712355e-08)
🟢 OPEN_SHORT: OPUSDT at 0.27520722 (qty: 0.00010651827904712847)
🔴 CLOSE_SHORT: OPUSDT at 0.27469215 (PnL: 3.877151569163361e-08)
🟢 OPEN_SHORT: OPUSDT at 0.27101016 (qty: 0.0001083350396447365)
🔴 CLOSE_SHORT: OPUSDT at 0.27108962999999997 (PnL: -2.4762063797893824e-08)
🟢 OPEN_SHORT: OPUSDT at 0.27021072 (qty: 0.00010835275674503207)
🔴 CLOSE_SHORT: OPUSDT at 0.27058927999999993 (PnL: -5.714352153189967e-08)
🟢 OPEN_SHORT: OPUSDT at 0.27051051000000004 (qty: 0.00010769113365296251)
🔴 CLOSE_SHORT: OPUSDT at 0.27098955999999996 (PnL: -6.764018268492829e-08)
🟢 OPEN_LONG: OPUSDT at 0.27369145 (qty: 0.00010582814472185842)
🔴 CLOSE_LONG: OPUSDT at 0.27350841000000004 (PnL: -3.5290471787754506e-08)
🔧 DEBUG: Filtered data shape: (63451, 6)
🔧 DEBUG: Returning data with keys: ['BNBUSDT', 'XRPUSDT', 'ADAUSDT', 'DOTUSDT', 'ATOMUSDT', 'ALGOUSDT', 'VETUSDT', 'ICPUSDT', 'FILUSDT', 'AAVEUSDT', 'COMPUSDT', 'CRVUSDT', 'SNXUSDT', 'SUSHIUSDT', 'ARBUSDT', 'OPUSDT', 'NEARUSDT', 'GRTUSDT']
Pre-calculating indicators for all symbols/timeframes...
🟢 OPEN_SHORT: OPUSDT at 0.28100316000000003 (qty: 0.00010270993661403105)
🔴 CLOSE_SHORT: OPUSDT at 0.2811967 (PnL: -3.576341351046984e-08)
🟢 OPEN_SHORT: OPUSDT at 0.27720582 (qty: 0.00010374436556380517)
🔴 CLOSE_SHORT: OPUSDT at 0.2771939 (PnL: -1.4579885073990858e-08)
🟢 OPEN_SHORT: OPUSDT at 0.27750561 (qty: 0.00010341321662011447)
🔴 CLOSE_SHORT: OPUSDT at 0.27169005 (PnL: 5.859527779504738e-07)
🟢 OPEN_SHORT: OPUSDT at 0.27400806 (qty: 0.00010889492007494769)
🔴 CLOSE_SHORT: OPUSDT at 0.27309102999999996 (PnL: 8.350388431956439e-08)
🟢 OPEN_SHORT: OPUSDT at 0.27330855000000004 (qty: 0.00010966459581252705)
🔴 CLOSE_SHORT: OPUSDT at 0.27399165999999997 (PnL: -9.143893360293465e-08)
🟢 OPEN_SHORT: OPUSDT at 0.27071037 (qty: 0.00010991977995456006)
🔴 CLOSE_SHORT: OPUSDT at 0.27158997999999995 (PnL: -1.131057486075327e-07)
🟢 OPEN_SHORT: OPUSDT at 0.27071037 (qty: 0.00010896324635761265)
🔴 CLOSE_SHORT: OPUSDT at 0.27098955999999996 (PnL: -4.666179495322179e-08)
🟢 OPEN_SHORT: OPUSDT at 0.26931135000000006 (qty: 0.0001090622802163821)
🔴 CLOSE_SHORT: OPUSDT at 0.27068935 (PnL: -1.665249208958771e-07)
🟢 OPEN_SHORT: OPUSDT at 0.26911149 (qty: 0.00010778562890959915)
🔴 CLOSE_SHORT: OPUSDT at 0.26958857999999997 (PnL: -6.740522174965629e-08)
🟢 OPEN_SHORT: OPUSDT at 0.26861184 (qty: 0.00010736546001335652)
🔴 CLOSE_SHORT: OPUSDT at 0.26928837 (PnL: -8.853770300955033e-08)
🟢 OPEN_SHORT: OPUSDT at 0.26741268 (qty: 0.00010706610757377525)
🔴 CLOSE_SHORT: OPUSDT at 0.26868795 (PnL: -1.5236025013277027e-07)
🟢 OPEN_LONG: OPUSDT at 0.27048921 (qty: 0.00010460535688268693)
🔴 CLOSE_LONG: OPUSDT at 0.27220932 (PnL: 1.6427171624151186e-07)
🟢 OPEN_SHORT: OPUSDT at 0.27480750000000004 (qty: 0.00010404388415552587)
🔴 CLOSE_SHORT: OPUSDT at 0.27449200999999995 (PnL: 1.7117236822704093e-08)
🟢 OPEN_SHORT: OPUSDT at 0.27230925000000006 (qty: 0.00010500863604541685)
🔴 CLOSE_SHORT: OPUSDT at 0.27169005 (PnL: 4.93299565716404e-08)
🟢 OPEN_SHORT: OPUSDT at 0.27140988000000005 (qty: 0.00010560421946679432)
🔴 CLOSE_SHORT: OPUSDT at 0.27249060999999997 (PnL: -1.299565351039344e-07)
🔧 DEBUG: Filtered data shape: (63451, 6)
🔧 DEBUG: Processing SUSHIUSDT 1m
🔧 DEBUG: Found data in cache for SUSHIUSDT 1m
🔧 DEBUG: Original data shape: (129604, 6)
🔧 DEBUG: Original data date range: 2025-11-16 22:30:00 to 2026-02-14 22:34:00
🔧 DEBUG: Filtered data shape: (63451, 6)
🔧 DEBUG: Processing ARBUSDT 1m
🔧 DEBUG: Found data in cache for ARBUSDT 1m
🔧 DEBUG: Original data shape: (129604, 6)
🔧 DEBUG: Original data date range: 2025-11-16 22:30:00 to 2026-02-14 22:34:00
🔧 DEBUG: Filtered data shape: (63451, 6)
🔧 DEBUG: Processing OPUSDT 1m
🔧 DEBUG: Found data in cache for OPUSDT 1m
🔧 DEBUG: Original data shape: (129604, 6)
🔧 DEBUG: Original data date range: 2025-11-16 22:30:00 to 2026-02-14 22:34:00
🔧 DEBUG: Filtered data shape: (63451, 6)
🔧 DEBUG: Processing NEARUSDT 1m
🔧 DEBUG: Found data in cache for NEARUSDT 1m
🔧 DEBUG: Original data shape: (129604, 6)
🔧 DEBUG: Original data date range: 2025-11-16 22:30:00 to 2026-02-14 22:34:00
🔧 DEBUG: Filtered data shape: (63451, 6)
🔧 DEBUG: Processing GRTUSDT 1m
🔧 DEBUG: Found data in cache for GRTUSDT 1m
🔧 DEBUG: Original data shape: (129604, 6)
🔧 DEBUG: Original data date range: 2025-11-16 22:30:00 to 2026-02-14 22:34:00
🔧 DEBUG: Filtered data shape: (63451, 6)
🔧 DEBUG: Returning data with keys: ['BNBUSDT', 'XRPUSDT', 'ADAUSDT', 'DOTUSDT', 'ATOMUSDT', 'ALGOUSDT', 'VETUSDT', 'ICPUSDT', 'FILUSDT', 'AAVEUSDT', 'COMPUSDT', 'CRVUSDT', 'SNXUSDT', 'SUSHIUSDT', 'ARBUSDT', 'OPUSDT', 'NEARUSDT', 'GRTUSDT']
Pre-calculating indicators for all symbols/timeframes...
🟢 OPEN_SHORT: NEARUSDT at 2.2514229 (qty: 1.2601180893817088e-05)
🔴 CLOSE_SHORT: NEARUSDT at 2.251575 (PnL: -1.7521516742994548e-08)
🟢 OPEN_SHORT: NEARUSDT at 2.3123802 (qty: 1.2240347219692295e-05)
🔴 CLOSE_SHORT: NEARUSDT at 2.3236254 (PnL: -1.5328824249235491e-07)
🟢 OPEN_SHORT: NEARUSDT at 2.3073837000000004 (qty: 1.212049183529804e-05)
🔴 CLOSE_SHORT: NEARUSDT at 2.3076141999999997 (PnL: -1.8176953856593196e-08)
🟢 OPEN_SHORT: NEARUSDT at 2.3093823 (qty: 1.2080939609353698e-05)
🔴 CLOSE_SHORT: NEARUSDT at 2.3016099999999997 (PnL: 7.86036006479294e-08)
🟢 OPEN_SHORT: NEARUSDT at 2.258418 (qty: 1.2409583099140582e-05)
🔴 CLOSE_SHORT: NEARUSDT at 2.2475722 (PnL: 1.1925156768368635e-07)
🟢 OPEN_SHORT: NEARUSDT at 2.2734075000000002 (qty: 1.241911111427843e-05)
🔴 CLOSE_SHORT: NEARUSDT at 2.3256267999999998 (PnL: -6.644025087115829e-07)
🟢 OPEN_SHORT: NEARUSDT at 2.2654131 (qty: 1.1862665693389692e-05)
🔴 CLOSE_SHORT: NEARUSDT at 2.2845980999999997 (PnL: -2.42491024254908e-07)
🟢 OPEN_SHORT: NEARUSDT at 2.2164474000000003 (qty: 1.1892587657224088e-05)
🔴 CLOSE_SHORT: NEARUSDT at 2.2235554 (PnL: -9.907661819540158e-08)
🟢 OPEN_SHORT: NEARUSDT at 2.2034565 (qty: 1.185961535035716e-05)
🔴 CLOSE_SHORT: NEARUSDT at 2.2065435 (PnL: -5.100344902665761e-08)
🟢 OPEN_SHORT: NEARUSDT at 2.2754061 (qty: 1.142714448731008e-05)
🔴 CLOSE_SHORT: NEARUSDT at 2.291603 (PnL: -1.9948687977021392e-07)
🟢 OPEN_SHORT: NEARUSDT at 2.2804026000000004 (qty: 1.1214607007888426e-05)
🔴 CLOSE_SHORT: NEARUSDT at 2.2755918 (PnL: 3.9915304132499274e-08)
🟢 OPEN_SHORT: NEARUSDT at 2.2604166 (qty: 1.1336635196430506e-05)
🔴 CLOSE_SHORT: NEARUSDT at 2.2645840999999995 (PnL: -6.136544727845303e-08)
🟢 OPEN_SHORT: NEARUSDT at 2.2454271 (qty: 1.1345101972526262e-05)
🔴 CLOSE_SHORT: NEARUSDT at 2.2505743 (PnL: -7.243865608461941e-08)
🟢 OPEN_SHORT: NEARUSDT at 2.2294383 (qty: 1.1348912436751857e-05)
🔴 CLOSE_SHORT: NEARUSDT at 2.2425687 (PnL: -1.6301365355486293e-07)
🟢 OPEN_SHORT: NEARUSDT at 2.2913949000000002 (qty: 1.0887621715784006e-05)
🔴 CLOSE_SHORT: NEARUSDT at 2.3016099999999997 (PnL: -1.2500062704839562e-07)
🟢 OPEN_SHORT: NEARUSDT at 2.2664124 (qty: 1.0885219739187814e-05)
🔴 CLOSE_SHORT: NEARUSDT at 2.2795946 (PnL: -1.571387821214146e-07)
🟢 OPEN_SHORT: NEARUSDT at 2.2134495 (qty: 1.0991433051752056e-05)
🔴 CLOSE_SHORT: NEARUSDT at 2.2365644999999996 (PnL: -2.6758765192346775e-07)
🟢 OPEN_SHORT: NEARUSDT at 2.2814019 (qty: 1.0417736922479556e-05)
🔴 CLOSE_SHORT: NEARUSDT at 2.2876002 (PnL: -7.767964815368016e-08)
🟢 OPEN_SHORT: NEARUSDT at 2.2254411 (qty: 1.0598142437042368e-05)
🔴 CLOSE_SHORT: NEARUSDT at 2.2335624 (PnL: -9.909008102542437e-08)
🟢 OPEN_SHORT: NEARUSDT at 2.2024572000000004 (qty: 1.0606979107270839e-05)
🔴 CLOSE_SHORT: NEARUSDT at 2.2165505 (PnL: -1.6241833631653488e-07)
🟢 OPEN_SHORT: NEARUSDT at 2.2024572000000004 (qty: 1.0447823128263102e-05)
🔴 CLOSE_SHORT: NEARUSDT at 2.2105463 (PnL: -9.721595428440688e-08)
🟢 OPEN_SHORT: NEARUSDT at 2.3823312 (qty: 9.566738408580613e-06)
🔴 CLOSE_SHORT: NEARUSDT at 2.3766624999999997 (PnL: 4.1725670384082e-08)
🟢 OPEN_SHORT: NEARUSDT at 2.3513529 (qty: 9.71760575813008e-06)
🔴 CLOSE_SHORT: NEARUSDT at 2.3386359 (PnL: 1.1107952449773791e-07)
🟢 OPEN_SHORT: NEARUSDT at 2.118516 (qty: 1.0878626858094573e-05)
🔴 CLOSE_SHORT: NEARUSDT at 2.1284889 (PnL: -1.2122672787617132e-07)
🟢 OPEN_SHORT: NEARUSDT at 2.0775447000000002 (qty: 1.0964260071799148e-05)
🔴 CLOSE_SHORT: NEARUSDT at 2.0764525 (PnL: -5.465560297818726e-10)
🟢 OPEN_SHORT: NEARUSDT at 2.0745468000000002 (qty: 1.0967499347369211e-05)
🔴 CLOSE_SHORT: NEARUSDT at 2.0704483 (PnL: 3.24610938667412e-08)
🟢 OPEN_SHORT: NEARUSDT at 2.0475657000000003 (qty: 1.1131503625538199e-05)
🔴 CLOSE_SHORT: NEARUSDT at 2.0384258999999996 (PnL: 8.925980692376927e-08)
🟢 OPEN_SHORT: NEARUSDT at 2.0315769 (qty: 1.1294641563118067e-05)
🔴 CLOSE_SHORT: NEARUSDT at 2.0374252 (PnL: -7.871104529369649e-08)
🟢 OPEN_SHORT: NEARUSDT at 1.9456371000000001 (qty: 1.1699648550410907e-05)
🔴 CLOSE_SHORT: NEARUSDT at 1.9773831999999998 (PnL: -3.8414229151541356e-07)
🟢 OPEN_SHORT: NEARUSDT at 1.9766154 (qty: 1.1114932169558873e-05)
🔴 CLOSE_SHORT: NEARUSDT at 1.9763825 (PnL: -9.493378883440477e-09)
🟢 OPEN_SHORT: NEARUSDT at 1.9756161000000003 (qty: 1.1098711130078653e-05)
🔴 CLOSE_SHORT: NEARUSDT at 1.9373551999999998 (PnL: 4.1282049653019605e-07)
🟢 OPEN_SHORT: NEARUSDT at 1.9296483000000002 (qty: 1.1778474823238773e-05)
🔴 CLOSE_SHORT: NEARUSDT at 1.9293495999999999 (PnL: -8.98040719914902e-09)
🟢 OPEN_SHORT: NEARUSDT at 1.8876777000000002 (qty: 1.2017598109860586e-05)
🔴 CLOSE_SHORT: NEARUSDT at 1.9003292999999999 (PnL: -1.6460241083879398e-07)
🟢 OPEN_SHORT: NEARUSDT at 1.8487050000000003 (qty: 1.2079370830236751e-05)
🔴 CLOSE_SHORT: NEARUSDT at 1.8653047999999999 (PnL: -2.1290757952260064e-07)
🟢 OPEN_SHORT: NEARUSDT at 1.8686910000000003 (qty: 1.1709166351789524e-05)
🔴 CLOSE_SHORT: NEARUSDT at 1.8623026999999999 (PnL: 6.280836074371465e-08)
🟢 OPEN_SHORT: NEARUSDT at 1.8537015000000001 (qty: 1.1858630747950749e-05)
🔴 CLOSE_SHORT: NEARUSDT at 1.861302 (PnL: -1.0227139422043069e-07)
🟢 OPEN_SHORT: NEARUSDT at 1.8307176000000003 (qty: 1.1882574472007886e-05)
🔴 CLOSE_SHORT: NEARUSDT at 1.8322816999999998 (PnL: -3.0560257796332714e-08)
🟢 OPEN_LONG: NEARUSDT at 1.8402872999999997 (qty: 1.1774568406564347e-05)
🔴 CLOSE_LONG: NEARUSDT at 1.8377127000000002 (PnL: -4.221585446330427e-08)
🟢 OPEN_SHORT: NEARUSDT at 1.8237225000000001 (qty: 1.1822150324450866e-05)
🔴 CLOSE_SHORT: NEARUSDT at 1.831281 (PnL: -1.0126504682493041e-07)
🟢 OPEN_SHORT: NEARUSDT at 1.8187260000000003 (qty: 1.173023044578128e-05)
🔴 CLOSE_SHORT: NEARUSDT at 1.8242760999999998 (PnL: -7.687350047447762e-08)
🟢 OPEN_SHORT: NEARUSDT at 1.8157281 (qty: 1.1651998233754026e-05)
🔴 CLOSE_SHORT: NEARUSDT at 1.8182718999999998 (PnL: -4.1292928639027247e-08)
🟢 OPEN_SHORT: NEARUSDT at 1.8866784 (qty: 1.1157705632408636e-05)
🔴 CLOSE_SHORT: NEARUSDT at 1.8883208999999999 (PnL: -2.991466230917733e-08)
🟢 OPEN_SHORT: NEARUSDT at 1.8626952000000003 (qty: 1.1256815813544927e-05)
🔴 CLOSE_SHORT: NEARUSDT at 1.8683068999999999 (PnL: -7.473702596192634e-08)
🟢 OPEN_SHORT: NEARUSDT at 1.8447078000000001 (qty: 1.1273047098726815e-05)
🔴 CLOSE_SHORT: NEARUSDT at 1.8532963999999998 (PnL: -1.0831045599492749e-07)
🟢 OPEN_SHORT: NEARUSDT at 1.8566994000000003 (qty: 1.1071249322908703e-05)
🔴 CLOSE_SHORT: NEARUSDT at 1.8522956999999998 (PnL: 3.7475485510350886e-08)
🟢 OPEN_SHORT: NEARUSDT at 1.8297183000000001 (qty: 1.12631115762153e-05)
🔴 CLOSE_SHORT: NEARUSDT at 1.8342830999999997 (PnL: -6.277670609281934e-08)
🟢 OPEN_SHORT: NEARUSDT at 1.8447078000000001 (qty: 1.1091241008605662e-05)
🔴 CLOSE_SHORT: NEARUSDT at 1.8522956999999998 (PnL: -9.545856956454216e-08)
🟢 OPEN_SHORT: NEARUSDT at 1.8277197 (qty: 1.1077560499263389e-05)
🔴 CLOSE_SHORT: NEARUSDT at 1.8212739999999998 (PnL: 6.030623160369998e-08)
🟢 OPEN_SHORT: NEARUSDT at 1.8197253 (qty: 1.118026807262894e-05)
🔴 CLOSE_SHORT: NEARUSDT at 1.8282788999999997 (PnL: -1.0687389750347787e-07)
🟢 OPEN_SHORT: NEARUSDT at 1.8646938000000002 (qty: 1.0784016849950585e-05)
🔴 CLOSE_SHORT: NEARUSDT at 1.8783138999999998 (PnL: -1.5802006070891047e-07)
🟢 OPEN_SHORT: NEARUSDT at 1.8377127000000002 (qty: 1.075833532601999e-05)
🔴 CLOSE_SHORT: NEARUSDT at 1.8372852 (PnL: -6.2721832972473335e-09)
🟢 OPEN_SHORT: NEARUSDT at 1.9396413000000001 (qty: 1.0175302665748372e-05)
🔴 CLOSE_SHORT: NEARUSDT at 1.9353538 (PnL: 3.279556430522997e-08)
🟢 OPEN_SHORT: NEARUSDT at 1.9386420000000002 (qty: 1.0203182608277593e-05)
🔴 CLOSE_SHORT: NEARUSDT at 1.9083348999999998 (PnL: 2.9851977642298653e-07)
🟢 OPEN_SHORT: NEARUSDT at 1.9336455000000001 (qty: 1.0527058626180798e-05)
🔴 CLOSE_SHORT: NEARUSDT at 1.9293495999999999 (PnL: 3.4052484159933474e-08)
🟢 OPEN_SHORT: NEARUSDT at 1.9166574 (qty: 1.0644214949200439e-05)
🔴 CLOSE_SHORT: NEARUSDT at 1.9203432999999999 (PnL: -5.047581265505704e-08)
🟢 OPEN_SHORT: NEARUSDT at 1.89867 (qty: 1.0680065666798909e-05)
🔴 CLOSE_SHORT: NEARUSDT at 1.8913229999999999 (PnL: 6.735674284355396e-08)
🟢 OPEN_SHORT: NEARUSDT at 1.8557001000000002 (qty: 1.0987943608431416e-05)
🔴 CLOSE_SHORT: NEARUSDT at 1.8603013 (PnL: -6.180021330961229e-08)
🟢 OPEN_SHORT: NEARUSDT at 1.8417099000000001 (qty: 1.0992121107392085e-05)
🔴 CLOSE_SHORT: NEARUSDT at 1.8482929 (PnL: -8.353529591926283e-08)
🟢 OPEN_SHORT: NEARUSDT at 1.8756861000000002 (qty: 1.0692065663627068e-05)
🔴 CLOSE_SHORT: NEARUSDT at 1.8933243999999998 (PnL: -1.9972381363878953e-07)
🟢 OPEN_SHORT: NEARUSDT at 1.8806826 (qty: 1.0439534487868808e-05)
🔴 CLOSE_SHORT: NEARUSDT at 1.8843180999999998 (PnL: -4.87721997157297e-08)
🟢 OPEN_SHORT: NEARUSDT at 1.8856791000000002 (qty: 1.0348690648400181e-05)
🔴 CLOSE_SHORT: NEARUSDT at 1.8883208999999999 (PnL: -3.8087077816395174e-08)
🟢 OPEN_SHORT: NEARUSDT at 1.888677 (qty: 1.0280566646274619e-05)
🔴 CLOSE_SHORT: NEARUSDT at 1.8913229999999999 (PnL: -3.789650902916451e-08)
🟢 OPEN_SHORT: NEARUSDT at 1.8716889 (qty: 1.0321970930627754e-05)
🔴 CLOSE_SHORT: NEARUSDT at 1.8542971 (PnL: 1.6899065361167258e-07)
🟢 OPEN_SHORT: NEARUSDT at 1.8517029 (qty: 1.0604427013611764e-05)
🔴 CLOSE_SHORT: NEARUSDT at 1.851295 (PnL: -6.4720117106368234e-09)
🟢 OPEN_SHORT: NEARUSDT at 1.8656931 (qty: 1.0506392695263078e-05)
🔴 CLOSE_SHORT: NEARUSDT at 1.8753118 (PnL: -1.1189435862619895e-07)
🟢 OPEN_SHORT: NEARUSDT at 1.9346448 (qty: 1.000512019849693e-05)
🔴 CLOSE_SHORT: NEARUSDT at 1.9363545 (PnL: -2.7761156739039684e-08)
🟢 OPEN_SHORT: NEARUSDT at 1.9216539000000001 (qty: 1.0032784500256277e-05)
🔴 CLOSE_SHORT: NEARUSDT at 1.9263474999999999 (PnL: -5.7719523467459365e-08)
🟢 OPEN_SHORT: NEARUSDT at 1.9206546 (qty: 9.966858654561421e-06)
🔴 CLOSE_SHORT: NEARUSDT at 1.9243461 (PnL: -4.734148579294916e-08)
🟢 OPEN_SHORT: NEARUSDT at 1.9206546 (qty: 9.906597869618321e-06)
🔴 CLOSE_SHORT: NEARUSDT at 1.9253467999999998 (PnL: -5.697423860275729e-08)
🟢 OPEN_SHORT: NEARUSDT at 1.9176567000000002 (qty: 9.851750015204302e-06)
🔴 CLOSE_SHORT: NEARUSDT at 1.9233453999999999 (PnL: -6.646522525202056e-08)
🟢 OPEN_SHORT: NEARUSDT at 1.9326462 (qty: 9.695805921959129e-06)
🔴 CLOSE_SHORT: NEARUSDT at 1.9343530999999998 (PnL: -2.686508286136753e-08)
🟢 OPEN_SHORT: NEARUSDT at 1.8766854 (qty: 9.945310965050848e-06)
🔴 CLOSE_SHORT: NEARUSDT at 1.8893215999999997 (PnL: -1.3600537837031627e-07)
🟢 OPEN_SHORT: NEARUSDT at 1.8846798 (qty: 9.747904385644229e-06)
🔴 CLOSE_SHORT: NEARUSDT at 1.8893215999999997 (PnL: -5.5377132048073225e-08)
🟢 OPEN_SHORT: NEARUSDT at 1.8956721 (qty: 9.622294582233961e-06)
🔴 CLOSE_SHORT: NEARUSDT at 1.9133383999999998 (PnL: -1.8011623092428194e-07)
🟢 OPEN_SHORT: NEARUSDT at 1.8776847 (qty: 9.511936763801885e-06)
🔴 CLOSE_SHORT: NEARUSDT at 1.8853187999999999 (PnL: -8.247824471140142e-08)
🟢 OPEN_SHORT: NEARUSDT at 1.8736875000000002 (qty: 9.433705022525809e-06)
🔴 CLOSE_SHORT: NEARUSDT at 1.8803153 (PnL: -7.228079708754227e-08)
🟢 OPEN_SHORT: NEARUSDT at 1.8726882000000002 (qty: 9.351161708885415e-06)
🔴 CLOSE_SHORT: NEARUSDT at 1.8803153 (PnL: -8.099296830853207e-08)
🟢 OPEN_SHORT: NEARUSDT at 1.8816819000000002 (qty: 9.210143999736128e-06)
🔴 CLOSE_SHORT: NEARUSDT at 1.8793145999999998 (PnL: 1.2283356942835491e-08)
🟢 OPEN_SHORT: NEARUSDT at 1.8736875000000002 (qty: 9.252377654862871e-06)
🔴 CLOSE_SHORT: NEARUSDT at 1.8793145999999998 (PnL: -6.162752492799939e-08)
🟢 OPEN_SHORT: NEARUSDT at 1.8636945 (qty: 9.225621278888215e-06)
🔴 CLOSE_SHORT: NEARUSDT at 1.8633034 (PnL: -5.84643184066162e-09)
🟢 OPEN_SHORT: NEARUSDT at 1.8427092000000003 (qty: 9.31407606759954e-06)
🔴 CLOSE_SHORT: NEARUSDT at 1.8442900999999998 (PnL: -2.417244491043036e-08)
🟢 OPEN_SHORT: NEARUSDT at 1.8467064000000002 (qty: 9.257513442537206e-06)
🔴 CLOSE_SHORT: NEARUSDT at 1.8482929 (PnL: -2.4097873078705465e-08)
🟢 OPEN_SHORT: NEARUSDT at 1.8467064000000002 (qty: 9.221231959778456e-06)
🔴 CLOSE_SHORT: NEARUSDT at 1.8522956999999998 (PnL: -6.093447836207593e-08)
🟢 OPEN_SHORT: NEARUSDT at 1.8457071 (qty: 9.15004732896113e-06)
🔴 CLOSE_SHORT: NEARUSDT at 1.851295 (PnL: -6.04462397479287e-08)
🟢 OPEN_SHORT: NEARUSDT at 1.8397113 (qty: 9.10405763276625e-06)
🔴 CLOSE_SHORT: NEARUSDT at 1.8482929 (PnL: -8.738221177745351e-08)
🟢 OPEN_SHORT: NEARUSDT at 1.8477057000000001 (qty: 8.960111752549867e-06)
🔴 CLOSE_SHORT: NEARUSDT at 1.8552978 (PnL: -7.716908602877571e-08)
🟢 OPEN_SHORT: NEARUSDT at 1.8497043000000002 (qty: 8.857145529289274e-06)
🔴 CLOSE_SHORT: NEARUSDT at 1.8522956999999998 (PnL: -3.1975735842593693e-08)
🟢 OPEN_SHORT: NEARUSDT at 1.8417099000000001 (qty: 8.851083055685632e-06)
🔴 CLOSE_SHORT: NEARUSDT at 1.8442900999999998 (PnL: -3.1815745169910726e-08)
🟢 OPEN_SHORT: NEARUSDT at 1.8397113 (qty: 8.816364045282767e-06)
🔴 CLOSE_SHORT: NEARUSDT at 1.841288 (PnL: -2.2829167116313058e-08)
🟢 OPEN_SHORT: NEARUSDT at 1.8417099000000001 (qty: 8.772317889898294e-06)
🔴 CLOSE_SHORT: NEARUSDT at 1.8633034 (PnL: -1.984150657180878e-07)
🟢 OPEN_SHORT: NEARUSDT at 1.8517029 (qty: 8.501073741993113e-06)
🔴 CLOSE_SHORT: NEARUSDT at 1.8562984999999999 (PnL: -4.774682622831011e-08)
🟢 OPEN_SHORT: NEARUSDT at 1.8557001000000002 (qty: 8.42197165345556e-06)
🔴 CLOSE_SHORT: NEARUSDT at 1.8582998999999998 (PnL: -3.050324389943099e-08)
🟢 OPEN_SHORT: NEARUSDT at 1.6668324 (qty: 9.329345669493988e-06)
🔴 CLOSE_SHORT: NEARUSDT at 1.6661655 (PnL: -2.32758801366009e-09)
🟢 OPEN_SHORT: NEARUSDT at 1.6638345 (qty: 9.333076670479534e-06)
🔴 CLOSE_SHORT: NEARUSDT at 1.6721697 (PnL: -8.637662907266387e-08)
🟢 OPEN_SHORT: NEARUSDT at 1.6108716000000003 (qty: 9.52208737983381e-06)
🔴 CLOSE_SHORT: NEARUSDT at 1.6031214 (PnL: 6.540229748298566e-08)
🟢 OPEN_SHORT: NEARUSDT at 1.8047358000000002 (qty: 8.562356873350904e-06)
🔴 CLOSE_SHORT: NEARUSDT at 1.8012599999999999 (PnL: 2.1278373002465544e-08)
🟢 OPEN_SHORT: NEARUSDT at 1.7997393000000002 (qty: 8.600329312438513e-06)
🔴 CLOSE_SHORT: NEARUSDT at 1.7992586 (PnL: -4.376640762539287e-09)
🟢 OPEN_SHORT: NEARUSDT at 1.8177267000000001 (qty: 8.501042092461004e-06)
🔴 CLOSE_SHORT: NEARUSDT at 1.8182718999999998 (PnL: -1.3136231425398581e-08)
🟢 OPEN_SHORT: NEARUSDT at 1.8157281 (qty: 8.486568500058621e-06)
🔴 CLOSE_SHORT: NEARUSDT at 1.8202732999999998 (PnL: -4.706948187356662e-08)
🟢 OPEN_SHORT: NEARUSDT at 1.7927442000000002 (qty: 8.533404656055323e-06)
🔴 CLOSE_SHORT: NEARUSDT at 1.7972572 (PnL: -4.6946452840010615e-08)
🟢 OPEN_SHORT: NEARUSDT at 1.7847498000000002 (qty: 8.50959096050456e-06)
🔴 CLOSE_SHORT: NEARUSDT at 1.8182718999999998 (PnL: -2.9376937170531577e-07)
🟢 OPEN_SHORT: NEARUSDT at 1.7857491 (qty: 8.166458424417196e-06)
🔴 CLOSE_SHORT: NEARUSDT at 1.7992586 (PnL: -1.184062338880841e-07)
🟢 OPEN_SHORT: NEARUSDT at 1.7867484000000002 (qty: 8.020374745238089e-06)
🔴 CLOSE_SHORT: NEARUSDT at 1.8072641999999999 (PnL: -1.725166190795618e-07)
🟢 OPEN_SHORT: NEARUSDT at 1.8467064000000002 (qty: 7.564599913866981e-06)
🔴 CLOSE_SHORT: NEARUSDT at 1.851295 (PnL: -4.241329146341622e-08)
🟢 OPEN_SHORT: NEARUSDT at 1.8656931 (qty: 7.433913936257227e-06)
🔴 CLOSE_SHORT: NEARUSDT at 1.8643040999999998 (PnL: 2.7032145307372507e-09)
🟢 OPEN_SHORT: NEARUSDT at 1.8447078000000001 (qty: 7.513142202683683e-06)
🔴 CLOSE_SHORT: NEARUSDT at 1.8212739999999998 (PnL: 1.6853555194562322e-07)
🟢 OPEN_SHORT: NEARUSDT at 1.7827512 (qty: 7.954771041783584e-06)
🔴 CLOSE_SHORT: NEARUSDT at 1.7892515999999998 (PnL: -5.953739142778766e-08)
🟢 OPEN_SHORT: NEARUSDT at 1.7927442000000002 (qty: 7.835308195238824e-06)
🔴 CLOSE_SHORT: NEARUSDT at 1.7942550999999998 (PnL: -1.9570565081341197e-08)
🟢 OPEN_SHORT: NEARUSDT at 1.7877477000000002 (qty: 7.826669735561478e-06)
🔴 CLOSE_SHORT: NEARUSDT at 1.7872502 (PnL: -3.799751184175025e-09)
🟢 OPEN_SHORT: NEARUSDT at 1.7817519000000002 (qty: 7.840103885474212e-06)
🔴 CLOSE_SHORT: NEARUSDT at 1.7872502 (PnL: -5.081396817403479e-08)
🟢 OPEN_SHORT: NEARUSDT at 1.7397813000000002 (qty: 7.961992708968309e-06)
🔴 CLOSE_SHORT: NEARUSDT at 1.7442201 (PnL: -4.2979800482036273e-08)
🟢 OPEN_SHORT: NEARUSDT at 1.7447778 (qty: 7.881192141605111e-06)
🔴 CLOSE_SHORT: NEARUSDT at 1.7362145 (PnL: 5.996312062576e-08)
🟢 OPEN_SHORT: NEARUSDT at 1.738782 (qty: 7.968640867839539e-06)
🔴 CLOSE_SHORT: NEARUSDT at 1.7442201 (PnL: -5.097875086764927e-08)
🟢 OPEN_LONG: NEARUSDT at 1.7322117 (qty: 7.931207543219135e-06)
🔴 CLOSE_LONG: NEARUSDT at 1.7217939000000002 (PnL: -9.013648156589769e-08)
🟢 OPEN_SHORT: NEARUSDT at 1.6928142000000002 (qty: 8.000373079815227e-06)
🔴 CLOSE_SHORT: NEARUSDT at 1.6821766999999999 (PnL: 7.770204598414205e-08)
🟢 OPEN_SHORT: NEARUSDT at 1.6828212 (qty: 8.131375922235185e-06)
🔴 CLOSE_SHORT: NEARUSDT at 1.6841781 (PnL: -1.8565540876983567e-08)
🟢 OPEN_SHORT: NEARUSDT at 1.6748268000000002 (qty: 8.139031861913855e-06)
🔴 CLOSE_SHORT: NEARUSDT at 1.6821766999999999 (PnL: -6.73512796491461e-08)
🟢 OPEN_SHORT: NEARUSDT at 1.678824 (qty: 8.030485335884865e-06)
🔴 CLOSE_SHORT: NEARUSDT at 1.6801753 (PnL: -1.827253754398115e-08)
🟢 OPEN_SHORT: NEARUSDT at 1.678824 (qty: 7.999883543348635e-06)
🔴 CLOSE_SHORT: NEARUSDT at 1.6801753 (PnL: -1.8202906334951646e-08)
🟢 OPEN_SHORT: NEARUSDT at 1.6728282 (qty: 7.997962516993728e-06)
🔴 CLOSE_SHORT: NEARUSDT at 1.6791745999999999 (PnL: -5.814475584850538e-08)
🟢 OPEN_SHORT: NEARUSDT at 1.7187960000000002 (qty: 7.707843508076634e-06)
🔴 CLOSE_SHORT: NEARUSDT at 1.7131983999999998 (PnL: 3.588263897979504e-08)
🟢 OPEN_SHORT: NEARUSDT at 1.7048058000000001 (qty: 7.804644280667198e-06)
🔴 CLOSE_SHORT: NEARUSDT at 1.7081948999999998 (PnL: -3.378323938770929e-08)
🟢 OPEN_SHORT: NEARUSDT at 1.708803 (qty: 7.738282537380034e-06)
🔴 CLOSE_SHORT: NEARUSDT at 1.7121977 (PnL: -3.3556355988991676e-08)
🟢 OPEN_SHORT: NEARUSDT at 1.7128002 (qty: 7.672548253023603e-06)
🔴 CLOSE_SHORT: NEARUSDT at 1.7121977 (PnL: -2.6025953871341257e-09)
🟢 OPEN_SHORT: NEARUSDT at 1.7128002 (qty: 7.661069455219408e-06)
🔴 CLOSE_SHORT: NEARUSDT at 1.7172011999999999 (PnL: -4.095194538640204e-08)
🟢 OPEN_SHORT: NEARUSDT at 1.7078037000000001 (qty: 7.627072909442793e-06)
🔴 CLOSE_SHORT: NEARUSDT at 1.7131983999999998 (PnL: -4.833244923239571e-08)
🟢 OPEN_SHORT: NEARUSDT at 1.6928142000000002 (qty: 7.629041827970855e-06)
🔴 CLOSE_SHORT: NEARUSDT at 1.6941850999999999 (PnL: -1.7567408387686932e-08)
🟢 OPEN_SHORT: NEARUSDT at 1.6978107000000002 (qty: 7.577528823817097e-06)
🔴 CLOSE_SHORT: NEARUSDT at 1.7001893 (PnL: -2.5109688445011365e-08)
🟢 OPEN_SHORT: NEARUSDT at 1.6698303 (qty: 7.665951689388215e-06)
🔴 CLOSE_SHORT: NEARUSDT at 1.6641640999999998 (PnL: 3.642024458581589e-08)
🟢 OPEN_SHORT: NEARUSDT at 1.7108016000000001 (qty: 7.516709112382192e-06)
🔴 CLOSE_SHORT: NEARUSDT at 1.6971872 (PnL: 9.531899016920584e-08)
🟢 OPEN_SHORT: NEARUSDT at 1.7018079000000002 (qty: 7.660142133999175e-06)
🔴 CLOSE_SHORT: NEARUSDT at 1.6981879 (PnL: 2.0575116148747715e-08)
🟢 OPEN_SHORT: NEARUSDT at 1.7577687 (qty: 7.431524370425759e-06)
🔴 CLOSE_SHORT: NEARUSDT at 1.7352138 (PnL: 1.605248830190868e-07)
🟢 OPEN_SHORT: NEARUSDT at 1.7417799000000003 (qty: 7.67581570245184e-06)
🔴 CLOSE_SHORT: NEARUSDT at 1.7452207999999998 (PnL: -3.377951052204995e-08)
🟢 OPEN_SHORT: NEARUSDT at 1.7277897000000002 (qty: 7.6903548770626e-06)
🔴 CLOSE_SHORT: NEARUSDT at 1.7312109999999998 (PnL: -3.363350596728234e-08)
🟢 OPEN_SHORT: NEARUSDT at 1.7227932000000001 (qty: 7.665129445866463e-06)
🔴 CLOSE_SHORT: NEARUSDT at 1.7151998 (PnL: 5.0973418263355543e-08)
🟢 OPEN_SHORT: NEARUSDT at 1.7167974000000001 (qty: 7.74282029248771e-06)
🔴 CLOSE_SHORT: NEARUSDT at 1.7172011999999999 (PnL: -1.04393399978088e-08)
🟢 OPEN_SHORT: NEARUSDT at 1.7167974000000001 (qty: 7.722141778460889e-06)
🔴 CLOSE_SHORT: NEARUSDT at 1.7212039999999997 (PnL: -4.133864968567232e-08)
🟢 OPEN_SHORT: NEARUSDT at 1.7197953000000001 (qty: 7.652127285207264e-06)
🔴 CLOSE_SHORT: NEARUSDT at 1.7212039999999997 (PnL: -1.8023531357162718e-08)
🟢 OPEN_SHORT: NEARUSDT at 1.8566994000000003 (qty: 7.060684877472767e-06)
🔴 CLOSE_SHORT: NEARUSDT at 1.8633034 (PnL: -5.3864671907015384e-08)
🟢 OPEN_SHORT: NEARUSDT at 1.8127302000000003 (qty: 7.164562881704875e-06)
🔴 CLOSE_SHORT: NEARUSDT at 1.8172712 (PnL: -3.969525462785078e-08)
🟢 OPEN_SHORT: NEARUSDT at 1.8007386 (qty: 7.160252373528161e-06)
🔴 CLOSE_SHORT: NEARUSDT at 1.8012599999999999 (PnL: -1.0826967492243765e-08)
🟢 OPEN_SHORT: NEARUSDT at 1.7957421 (qty: 7.160218487193193e-06)
🔴 CLOSE_SHORT: NEARUSDT at 1.7962564999999997 (PnL: -1.0757090339282495e-08)
🟢 OPEN_SHORT: NEARUSDT at 1.7617659 (qty: 7.2780656644628796e-06)
🔴 CLOSE_SHORT: NEARUSDT at 1.7682368999999998 (PnL: -5.417450226242636e-08)
🟢 OPEN_SHORT: NEARUSDT at 1.7977407 (qty: 7.064308233323394e-06)
🔴 CLOSE_SHORT: NEARUSDT at 1.7962564999999997 (PnL: 3.5057260097403996e-09)
🟢 OPEN_SHORT: NEARUSDT at 1.7757561 (qty: 7.1478487989081555e-06)
🔴 CLOSE_SHORT: NEARUSDT at 1.7792446 (PnL: -3.193004479238174e-08)
🟢 OPEN_SHORT: NEARUSDT at 1.6748268000000002 (qty: 7.5321304252098965e-06)
🔴 CLOSE_SHORT: NEARUSDT at 1.6811759999999998 (PnL: -5.4787562790592713e-08)
🟢 OPEN_SHORT: NEARUSDT at 1.6568394 (qty: 7.539392325151538e-06)
🔴 CLOSE_SHORT: NEARUSDT at 1.6581598999999998 (PnL: -1.683160247852509e-08)
🟢 OPEN_SHORT: NEARUSDT at 1.6618359000000003 (qty: 7.4881992457436495e-06)
🔴 CLOSE_SHORT: NEARUSDT at 1.6651648 (PnL: -3.178546365882268e-08)
🟢 OPEN_SHORT: NEARUSDT at 1.6618359000000003 (qty: 7.44170879413897e-06)
🔴 CLOSE_SHORT: NEARUSDT at 1.6601613 (PnL: 5.666945226422827e-09)
🟢 OPEN_LONG: NEARUSDT at 1.6861795 (qty: 7.332925784700877e-06)
🔴 CLOSE_LONG: NEARUSDT at 1.6828212 (PnL: -3.14131662954471e-08)
🟢 OPEN_SHORT: NEARUSDT at 1.6738275000000002 (qty: 7.341378791151817e-06)
🔴 CLOSE_SHORT: NEARUSDT at 1.6781739 (PnL: -3.868462943038892e-08)
🟢 OPEN_SHORT: NEARUSDT at 1.6818219 (qty: 7.252441788162332e-06)
🔴 CLOSE_SHORT: NEARUSDT at 1.6861795 (PnL: -3.8329145603573565e-08)
🟢 OPEN_LONG: NEARUSDT at 1.6961865 (qty: 7.137917964580379e-06)
🔴 CLOSE_LONG: NEARUSDT at 1.6938135 (PnL: -2.3587945325613264e-08)
🟢 OPEN_SHORT: NEARUSDT at 1.6928142000000002 (qty: 7.11640192696808e-06)
🔴 CLOSE_SHORT: NEARUSDT at 1.7001893 (PnL: -5.913875257748226e-08)
🟢 OPEN_SHORT: NEARUSDT at 1.6018779 (qty: 7.438280601078069e-06)
🔴 CLOSE_SHORT: NEARUSDT at 1.6151298 (PnL: -1.0517893446018604e-07)
🟢 OPEN_SHORT: NEARUSDT at 1.6468464 (qty: 7.099479769883557e-06)
🔴 CLOSE_SHORT: NEARUSDT at 1.6581598999999998 (PnL: -8.679460434248105e-08)
🟢 OPEN_SHORT: NEARUSDT at 1.6578387 (qty: 6.9399408785966454e-06)
🔴 CLOSE_SHORT: NEARUSDT at 1.6561584999999999 (PnL: 5.3389855226478505e-09)
🟢 OPEN_SHORT: NEARUSDT at 1.6548408000000001 (qty: 6.951318037646976e-06)
🔴 CLOSE_SHORT: NEARUSDT at 1.6551577999999998 (PnL: -8.531608366592505e-09)
🟢 OPEN_SHORT: NEARUSDT at 1.6498443 (qty: 6.9543579527888255e-06)
🔴 CLOSE_SHORT: NEARUSDT at 1.6531563999999999 (PnL: -2.9356681722079663e-08)
🟢 OPEN_SHORT: NEARUSDT at 1.6528422 (qty: 6.89858565839662e-06)
🔴 CLOSE_SHORT: NEARUSDT at 1.6541571 (PnL: -1.5347189727962223e-08)
🟢 OPEN_SHORT: NEARUSDT at 1.658838 (qty: 6.847586452812517e-06)
🔴 CLOSE_SHORT: NEARUSDT at 1.6581598999999998 (PnL: -1.6015679236565363e-09)
🟢 OPEN_SHORT: NEARUSDT at 1.6508436 (qty: 6.871237553990813e-06)
🔴 CLOSE_SHORT: NEARUSDT at 1.6471521999999998 (PnL: 1.9139600577224306e-08)
🟢 OPEN_SHORT: NEARUSDT at 1.6318569 (qty: 6.966995738931367e-06)
🔴 CLOSE_SHORT: NEARUSDT at 1.6311409999999997 (PnL: -1.262611568624709e-09)
🟢 OPEN_LONG: NEARUSDT at 1.6371451999999997 (qty: 6.935309581357113e-06)
🔴 CLOSE_LONG: NEARUSDT at 1.6338555000000001 (PnL: -2.9047299466824505e-08)
🟢 OPEN_SHORT: NEARUSDT at 1.6258611 (qty: 6.9400299158571065e-06)
🔴 CLOSE_SHORT: NEARUSDT at 1.6221347 (PnL: 1.966961263839838e-08)
🟢 OPEN_SHORT: NEARUSDT at 1.5888870000000002 (qty: 7.118474769549297e-06)
🔴 CLOSE_SHORT: NEARUSDT at 1.5881108999999998 (PnL: -6.930617864429356e-10)
🟢 OPEN_LONG: NEARUSDT at 1.5921136999999999 (qty: 7.095362850259128e-06)
🔴 CLOSE_LONG: NEARUSDT at 1.5908856000000002 (PnL: -1.492216593828926e-08)
🟢 OPEN_LONG: NEARUSDT at 1.6231354 (qty: 6.933712234759726e-06)
🔴 CLOSE_LONG: NEARUSDT at 1.6248618 (PnL: 5.7738825237389966e-09)
🟢 OPEN_LONG: NEARUSDT at 1.6371451999999997 (qty: 6.873869072541237e-06)
🔴 CLOSE_LONG: NEARUSDT at 1.6248618 (PnL: -9.057748136644742e-08)
🟢 OPEN_SHORT: NEARUSDT at 1.6228632000000003 (qty: 6.8151079652759025e-06)
🔴 CLOSE_SHORT: NEARUSDT at 1.6251368 (PnL: -2.1586344982537575e-08)
🟢 OPEN_SHORT: NEARUSDT at 1.6198653 (qty: 6.793558232400629e-06)
🔴 CLOSE_SHORT: NEARUSDT at 1.6231354 (PnL: -2.8280390448206896e-08)
🟢 OPEN_SHORT: NEARUSDT at 1.6198653 (qty: 6.751168352782227e-06)
🔴 CLOSE_SHORT: NEARUSDT at 1.6191326 (PnL: -1.0654891703584091e-09)
🟢 OPEN_SHORT: NEARUSDT at 1.5139395 (qty: 7.2141738749172556e-06)
🔴 CLOSE_SHORT: NEARUSDT at 1.5240660999999998 (PnL: -7.910223597498224e-08)
🟢 OPEN_SHORT: NEARUSDT at 1.5389220000000001 (qty: 6.986451757845614e-06)
🔴 CLOSE_SHORT: NEARUSDT at 1.5400772999999999 (PnL: -1.3989269383729e-08)
🟢 OPEN_SHORT: NEARUSDT at 1.5229332000000002 (qty: 7.0336630710897445e-06)
🔴 CLOSE_SHORT: NEARUSDT at 1.5240660999999998 (PnL: -1.3864308988242766e-08)
🟢 OPEN_SHORT: NEARUSDT at 1.5419199000000001 (qty: 6.921427897577952e-06)
🔴 CLOSE_SHORT: NEARUSDT at 1.5420786999999998 (PnL: -6.969485344075581e-09)
🟢 OPEN_SHORT: NEARUSDT at 1.5309276 (qty: 6.954351678583416e-06)
🔴 CLOSE_SHORT: NEARUSDT at 1.5370751999999999 (PnL: -4.8631721202733996e-08)
🟢 OPEN_LONG: NEARUSDT at 1.5620926999999998 (qty: 6.745844348819262e-06)
🔴 CLOSE_LONG: NEARUSDT at 1.5609066000000003 (PnL: -1.3792544113785893e-08)
🟢 OPEN_SHORT: NEARUSDT at 1.5609066000000003 (qty: 6.725871827798875e-06)
🔴 CLOSE_SHORT: NEARUSDT at 1.5670962 (PnL: -4.7427504766008654e-08)
🟢 OPEN_SHORT: NEARUSDT at 1.5499143 (qty: 6.704921951964667e-06)
🔴 CLOSE_SHORT: NEARUSDT at 1.5500842999999997 (PnL: -6.8560935695887085e-09)
🟢 OPEN_SHORT: NEARUSDT at 1.5509136000000001 (qty: 6.684389747268778e-06)
🔴 CLOSE_SHORT: NEARUSDT at 1.5530864 (PnL: -2.023363118769511e-08)
🟢 OPEN_SHORT: NEARUSDT at 1.5359241000000001 (qty: 6.71585275750332e-06)
🔴 CLOSE_SHORT: NEARUSDT at 1.5330724 (PnL: 1.3488858630827318e-08)
🟢 OPEN_SHORT: NEARUSDT at 1.5079437 (qty: 6.850833539375482e-06)
🔴 CLOSE_SHORT: NEARUSDT at 1.5060534999999997 (PnL: 7.27469854968789e-09)
🟢 OPEN_SHORT: NEARUSDT at 1.5039465 (qty: 6.871159934310365e-06)
🔴 CLOSE_SHORT: NEARUSDT at 1.5050527999999999 (PnL: -1.3289366409435959e-08)
🟢 OPEN_SHORT: NEARUSDT at 1.4849598000000002 (qty: 6.933461066555388e-06)
🔴 CLOSE_SHORT: NEARUSDT at 1.4850387999999999 (PnL: -6.210795710424196e-09)
🟢 OPEN_SHORT: NEARUSDT at 1.4779647000000002 (qty: 6.950209206772279e-06)
🔴 CLOSE_SHORT: NEARUSDT at 1.4790345999999999 (PnL: -1.3089808772053162e-08)
🟢 OPEN_SHORT: NEARUSDT at 1.4789640000000002 (qty: 6.920171733340787e-06)
🔴 CLOSE_SHORT: NEARUSDT at 1.4750317999999998 (PnL: 2.159738893736898e-08)
🟢 OPEN_SHORT: NEARUSDT at 1.4709696 (qty: 6.979492636659022e-06)
🔴 CLOSE_SHORT: NEARUSDT at 1.4680269 (PnL: 1.4903207365465753e-08)
🟢 OPEN_SHORT: NEARUSDT at 1.4619759 (qty: 7.035091770691245e-06)
🔴 CLOSE_SHORT: NEARUSDT at 1.4640241 (PnL: -2.007402410863143e-08)
🟢 OPEN_SHORT: NEARUSDT at 1.4769654 (qty: 6.928850822596406e-06)
🔴 CLOSE_SHORT: NEARUSDT at 1.4780339 (PnL: -1.3036069126055887e-08)
🟢 OPEN_SHORT: NEARUSDT at 1.4729682000000002 (qty: 6.922310847080655e-06)
🔴 CLOSE_SHORT: NEARUSDT at 1.4760325 (PnL: -2.6831692810675086e-08)
🟢 OPEN_SHORT: NEARUSDT at 1.5229332000000002 (qty: 6.652599329058146e-06)
🔴 CLOSE_SHORT: NEARUSDT at 1.4740311 (PnL: 3.1993270158075727e-07)
🟢 OPEN_SHORT: NEARUSDT at 1.4289990000000001 (qty: 7.5298759319348725e-06)
🔴 CLOSE_SHORT: NEARUSDT at 1.4320017 (PnL: -2.8540495785246098e-08)
🟢 OPEN_SHORT: NEARUSDT at 1.4160081000000002 (qty: 7.550287305273149e-06)
🔴 CLOSE_SHORT: NEARUSDT at 1.4159905 (PnL: -5.747239246520607e-09)
🟢 OPEN_SHORT: NEARUSDT at 1.5179367 (qty: 7.027969683005327e-06)
🔴 CLOSE_SHORT: NEARUSDT at 1.521064 (PnL: -2.7858065012513894e-08)
🟢 OPEN_SHORT: NEARUSDT at 1.5149388000000001 (qty: 6.997353400597423e-06)
🔴 CLOSE_SHORT: NEARUSDT at 1.5160604999999998 (PnL: -1.3683557411800357e-08)
🟢 OPEN_SHORT: NEARUSDT at 1.5209346000000001 (qty: 6.944108202070684e-06)
🔴 CLOSE_SHORT: NEARUSDT at 1.5230654 (PnL: -2.0613487772007127e-08)
🟢 OPEN_SHORT: NEARUSDT at 1.5209346000000001 (qty: 6.909363339656644e-06)
🔴 CLOSE_SHORT: NEARUSDT at 1.5180618999999997 (PnL: 1.4079665384280134e-08)
🟢 OPEN_SHORT: NEARUSDT at 1.5129402 (qty: 6.956844387689509e-06)
🔴 CLOSE_SHORT: NEARUSDT at 1.5150598 (PnL: -2.05427467608001e-08)
🟢 OPEN_SHORT: NEARUSDT at 1.5009486 (qty: 6.977338349404552e-06)
🔴 CLOSE_SHORT: NEARUSDT at 1.5020506999999998 (PnL: -1.3453898368400144e-08)
🟢 OPEN_SHORT: NEARUSDT at 1.5019479 (qty: 6.947110842978194e-06)
🔴 CLOSE_SHORT: NEARUSDT at 1.5060534999999997 (PnL: -3.427655460690465e-08)
🟢 OPEN_SHORT: NEARUSDT at 1.4699703000000002 (qty: 7.043793887583082e-06)
🔴 CLOSE_SHORT: NEARUSDT at 1.4750317999999998 (PnL: -4.1366563749255876e-08)
🟢 OPEN_SHORT: NEARUSDT at 1.4699703000000002 (qty: 6.979763538062425e-06)
🔴 CLOSE_SHORT: NEARUSDT at 1.4730303999999999 (PnL: -2.7013546534830202e-08)
🟢 OPEN_SHORT: NEARUSDT at 1.4779647000000002 (qty: 6.897818303301003e-06)
🔴 CLOSE_SHORT: NEARUSDT at 1.4810359999999998 (PnL: -2.680402383068154e-08)
🟢 OPEN_SHORT: NEARUSDT at 1.5089430000000001 (qty: 6.713248748611643e-06)
🔴 CLOSE_SHORT: NEARUSDT at 1.5230654 (PnL: -1.0043077841722347e-07)
🟢 OPEN_SHORT: NEARUSDT at 1.5569094 (qty: 6.370252019137873e-06)
🔴 CLOSE_SHORT: NEARUSDT at 1.5630933999999999 (PnL: -4.487015287444508e-08)
🟢 OPEN_SHORT: NEARUSDT at 1.5639045 (qty: 6.277400728396146e-06)
🔴 CLOSE_SHORT: NEARUSDT at 1.5630933999999999 (PnL: -3.050902754379478e-10)
🟢 OPEN_SHORT: NEARUSDT at 1.5529122000000002 (qty: 6.3144884083716295e-06)
🔴 CLOSE_SHORT: NEARUSDT at 1.5550878 (PnL: -1.9138572119156637e-08)
🟢 OPEN_SHORT: NEARUSDT at 1.5029472000000001 (qty: 6.491766651008026e-06)
🔴 CLOSE_SHORT: NEARUSDT at 1.5040520999999998 (PnL: -1.2542928367983596e-08)
🟢 OPEN_SHORT: NEARUSDT at 1.5059451 (qty: 6.455058815681666e-06)
🔴 CLOSE_SHORT: NEARUSDT at 1.5090556 (PnL: -2.543603390595151e-08)
🟢 OPEN_SHORT: NEARUSDT at 1.5039465 (qty: 6.422701249853343e-06)
🔴 CLOSE_SHORT: NEARUSDT at 1.5110569999999999 (PnL: -5.100640446245569e-08)
🟢 OPEN_SHORT: NEARUSDT at 1.5039465 (qty: 6.347806200131361e-06)
🔴 CLOSE_SHORT: NEARUSDT at 1.5030514 (PnL: 4.3432788191865593e-10)
🟢 OPEN_SHORT: NEARUSDT at 1.4899563000000002 (qty: 6.400944870745996e-06)
🔴 CLOSE_SHORT: NEARUSDT at 1.4920437 (PnL: -1.8614101530837655e-08)
🟢 OPEN_SHORT: NEARUSDT at 1.4959521000000002 (qty: 6.3433910030336244e-06)
🔴 CLOSE_SHORT: NEARUSDT at 1.4850387999999999 (PnL: 6.404622906371734e-08)
🟢 OPEN_SHORT: NEARUSDT at 1.4819619000000002 (qty: 6.482665445201606e-06)
🔴 CLOSE_SHORT: NEARUSDT at 1.4810359999999998 (PnL: 7.217164405497713e-10)
🟢 OPEN_SHORT: NEARUSDT at 1.4999493 (qty: 6.398842189930186e-06)
🔴 CLOSE_SHORT: NEARUSDT at 1.5080548999999999 (PnL: -5.717384818006573e-08)
🟢 OPEN_SHORT: NEARUSDT at 1.5059451 (qty: 6.2904241558913036e-06)
🔴 CLOSE_SHORT: NEARUSDT at 1.5120576999999997 (PnL: -4.368216304994973e-08)
🟢 OPEN_SHORT: NEARUSDT at 1.4859591000000003 (qty: 6.309223969628957e-06)
🔴 CLOSE_SHORT: NEARUSDT at 1.4820366999999999 (PnL: 1.960452428914499e-08)
🟢 OPEN_SHORT: NEARUSDT at 1.4629752 (qty: 6.428096010470831e-06)
🔴 CLOSE_SHORT: NEARUSDT at 1.471029 (PnL: -5.697135325453206e-08)
🟢 OPEN_SHORT: NEARUSDT at 1.4969514000000002 (qty: 6.199171048891501e-06)
🔴 CLOSE_SHORT: NEARUSDT at 1.4990485999999998 (PnL: -1.8111973798834058e-08)
🟢 OPEN_SHORT: NEARUSDT at 1.4959521000000002 (qty: 6.17227382435665e-06)
🔴 CLOSE_SHORT: NEARUSDT at 1.4980479 (PnL: -1.8021350493526528e-08)
🟢 OPEN_SHORT: NEARUSDT at 1.4679717 (qty: 6.258449341868162e-06)
🔴 CLOSE_SHORT: NEARUSDT at 1.471029 (PnL: -2.4197455435197837e-08)
🟢 OPEN_SHORT: NEARUSDT at 1.468971 (qty: 6.214367512839855e-06)
🔴 CLOSE_SHORT: NEARUSDT at 1.4760325 (PnL: -4.8927690820661655e-08)
🟢 OPEN_SHORT: NEARUSDT at 1.488957 (qty: 6.0584883779967555e-06)
🔴 CLOSE_SHORT: NEARUSDT at 1.5050527999999999 (PnL: -1.025313069279481e-07)
🟢 OPEN_SHORT: NEARUSDT at 1.4439885000000001 (qty: 6.098277897942527e-06)
🔴 CLOSE_SHORT: NEARUSDT at 1.5270682 (PnL: -5.11764965716686e-07)
🟢 OPEN_SHORT: NEARUSDT at 1.5239325000000001 (qty: 5.100374718388081e-06)
🔴 CLOSE_SHORT: NEARUSDT at 1.5250667999999998 (PnL: -1.0063481725881224e-08)
🟢 OPEN_SHORT: NEARUSDT at 1.5269304000000001 (qty: 5.07158017326991e-06)
🔴 CLOSE_SHORT: NEARUSDT at 1.5310709999999998 (PnL: -2.527010699554765e-08)
🟢 OPEN_SHORT: NEARUSDT at 1.5069444 (qty: 5.099651575516061e-06)
🔴 CLOSE_SHORT: NEARUSDT at 1.5140590999999999 (PnL: -4.052913669542982e-08)
🟢 OPEN_SHORT: NEARUSDT at 1.518936 (qty: 5.000460670997519e-06)
🔴 CLOSE_SHORT: NEARUSDT at 1.5190625999999998 (PnL: -4.810865354392839e-09)
🟢 OPEN_SHORT: NEARUSDT at 1.5169374000000002 (qty: 4.9951982734097615e-06)
🔴 CLOSE_SHORT: NEARUSDT at 1.5220646999999998 (PnL: -2.9793538336053807e-08)
🟢 OPEN_SHORT: NEARUSDT at 1.5169374000000002 (qty: 4.950422384792609e-06)
🔴 CLOSE_SHORT: NEARUSDT at 1.5150598 (PnL: 5.169810798167196e-09)
🟢 OPEN_SHORT: NEARUSDT at 1.5149388000000001 (qty: 4.9583257448670905e-06)
🔴 CLOSE_SHORT: NEARUSDT at 1.5200633 (PnL: -2.9554273226389883e-08)
🟢 OPEN_LONG: NEARUSDT at 1.5340730999999999 (qty: 4.852564582108858e-06)
🔴 CLOSE_LONG: NEARUSDT at 1.5289290000000002 (PnL: -2.9042652159501997e-08)
🟢 OPEN_LONG: NEARUSDT at 1.5320716999999997 (qty: 4.8156459514501485e-06)
🔴 CLOSE_LONG: NEARUSDT at 1.5259311 (PnL: -3.3612544687622205e-08)
🟢 OPEN_SHORT: NEARUSDT at 1.5159381 (qty: 4.8171980661306555e-06)
🔴 CLOSE_SHORT: NEARUSDT at 1.5160604999999998 (PnL: -4.606365083098554e-09)
🟢 OPEN_SHORT: NEARUSDT at 1.5848898000000002 (qty: 4.596741377246216e-06)
🔴 CLOSE_SHORT: NEARUSDT at 1.5921136999999999 (PnL: -3.7231594242225994e-08)
🟢 OPEN_SHORT: NEARUSDT at 1.6038765000000001 (qty: 4.4909015576802734e-06)
🔴 CLOSE_SHORT: NEARUSDT at 1.6061234999999998 (PnL: -1.4058174190493366e-08)
🟢 OPEN_SHORT: NEARUSDT at 1.5928842000000003 (qty: 4.499267421433623e-06)
🔴 CLOSE_SHORT: NEARUSDT at 1.5941150999999998 (PnL: -9.482940843535277e-09)
🟢 OPEN_SHORT: NEARUSDT at 1.5848898000000002 (qty: 4.50502149253749e-06)
🔴 CLOSE_SHORT: NEARUSDT at 1.591113 (PnL: -3.197804879648893e-08)
🟢 OPEN_SHORT: NEARUSDT at 1.5629052 (qty: 4.522444839160394e-06)
🔴 CLOSE_SHORT: NEARUSDT at 1.5600912999999998 (PnL: 8.845222766347383e-09)
🟢 OPEN_SHORT: NEARUSDT at 1.5828912000000002 (qty: 4.471607419106406e-06)
🔴 CLOSE_SHORT: NEARUSDT at 1.5861094999999998 (PnL: -1.8291826611152026e-08)
🟢 OPEN_SHORT: NEARUSDT at 1.5219339 (qty: 4.621553212987118e-06)
🔴 CLOSE_SHORT: NEARUSDT at 1.5270682 (PnL: -2.7610025481827663e-08)
🟢 OPEN_SHORT: NEARUSDT at 1.5219339 (qty: 4.580186686280732e-06)
🔴 CLOSE_SHORT: NEARUSDT at 1.5200633 (PnL: 4.7385016864273255e-09)
🟢 OPEN_SHORT: NEARUSDT at 1.5199353 (qty: 4.587399591303197e-06)
🔴 CLOSE_SHORT: NEARUSDT at 1.5250667999999998 (PnL: -2.7388090951038183e-08)
🟢 OPEN_SHORT: NEARUSDT at 1.5339255 (qty: 4.504850194154694e-06)
🔴 CLOSE_SHORT: NEARUSDT at 1.5320716999999997 (PnL: 4.555126867563395e-09)
🟢 OPEN_SHORT: NEARUSDT at 1.5259311 (qty: 4.529440238280594e-06)
🔴 CLOSE_SHORT: NEARUSDT at 1.5310709999999998 (PnL: -2.7095061908023285e-08)
🟢 OPEN_SHORT: GRTUSDT at 0.056330541000000005 (qty: 0.0001216004800356893)
🔴 CLOSE_SHORT: GRTUSDT at 0.056059213999999996 (PnL: 2.924423841359164e-08)
🟢 OPEN_SHORT: GRTUSDT at 0.056830191 (qty: 0.00012142796599413797)
🔴 CLOSE_SHORT: GRTUSDT at 0.05800057199999999 (PnL: -1.4599057458463523e-07)
🟢 OPEN_SHORT: GRTUSDT at 0.05646045000000001 (qty: 0.00011691728456058784)
🔴 CLOSE_SHORT: GRTUSDT at 0.05647950799999999 (PnL: -5.860096498926422e-09)
🟢 OPEN_SHORT: GRTUSDT at 0.054821598000000006 (qty: 0.00012006620061170087)
🔴 CLOSE_SHORT: GRTUSDT at 0.05491841599999999 (PnL: -1.5251184464824875e-08)
🟢 OPEN_SHORT: GRTUSDT at 0.055611045000000005 (qty: 0.00011768306406237704)
🔴 CLOSE_SHORT: GRTUSDT at 0.05570896899999999 (PnL: -1.5129797557464274e-08)
🟢 OPEN_SHORT: GRTUSDT at 0.055631031000000004 (qty: 0.0001169674466433554)
🔴 CLOSE_SHORT: GRTUSDT at 0.055488815 (PnL: 1.3064930637533776e-08)
🟢 OPEN_SHORT: GRTUSDT at 0.055750947 (qty: 0.00011705616031719052)
🔴 CLOSE_SHORT: GRTUSDT at 0.05577901799999999 (PnL: -6.876986196601659e-09)
🟢 OPEN_SHORT: GRTUSDT at 0.055341234 (qty: 0.00011754452794646965)
🔴 CLOSE_SHORT: GRTUSDT at 0.055448787 (PnL: -1.6227002435441858e-08)
🟢 OPEN_SHORT: GRTUSDT at 0.056390499000000004 (qty: 0.00011465494668676525)
🔴 CLOSE_SHORT: GRTUSDT at 0.056599592 (PnL: -2.754272952936403e-08)
🟢 OPEN_SHORT: GRTUSDT at 0.056650317 (qty: 0.0001130311804398945)
🔴 CLOSE_SHORT: GRTUSDT at 0.056209318999999994 (PnL: 4.6352151388572224e-08)
🟢 OPEN_SHORT: GRTUSDT at 0.05612068800000001 (qty: 0.00011562425835118662)
🔴 CLOSE_SHORT: GRTUSDT at 0.056209318999999994 (PnL: -1.3822432093912414e-08)
🟢 OPEN_SHORT: GRTUSDT at 0.054571773000000004 (qty: 0.0001182686562107764)
🔴 CLOSE_SHORT: GRTUSDT at 0.05468825499999999 (PnL: -1.7333518148891395e-08)
Indicator calculation completed.
🟢 OPEN_SHORT: GRTUSDT at 0.054871563000000005 (qty: 0.00011686132724460555)
🔴 CLOSE_SHORT: GRTUSDT at 0.054868380999999994 (PnL: -3.154742761788829e-09)
🟢 OPEN_SHORT: GRTUSDT at 0.05284298400000001 (qty: 0.00012109461105743389)
🔴 CLOSE_SHORT: GRTUSDT at 0.052796932 (PnL: 2.0602658583571797e-09)
🟢 OPEN_SHORT: GRTUSDT at 0.052373313000000005 (qty: 0.00012212483532704688)
🔴 CLOSE_SHORT: GRTUSDT at 0.052616805999999995 (PnL: -3.327074285078931e-08)
🟢 OPEN_SHORT: GRTUSDT at 0.054911535000000004 (qty: 0.00011513983445385498)
🔴 CLOSE_SHORT: GRTUSDT at 0.05511855599999999 (PnL: -2.732685144571665e-08)
🟢 OPEN_SHORT: GRTUSDT at 0.054941514000000004 (qty: 0.00011395566185273295)
🔴 CLOSE_SHORT: GRTUSDT at 0.055048506999999997 (PnL: -1.564265710566302e-08)
🟢 OPEN_SHORT: GRTUSDT at 0.057010065 (qty: 0.0001091513277629082)
🔴 CLOSE_SHORT: GRTUSDT at 0.057760403999999994 (PnL: -8.53680417560894e-08)
🟢 OPEN_SHORT: GRTUSDT at 0.053592459 (qty: 0.0001127983922209631)
🔴 CLOSE_SHORT: GRTUSDT at 0.0530371 (PnL: 5.935322752100809e-08)
🟢 OPEN_SHORT: GRTUSDT at 0.053452557000000005 (qty: 0.00011518999938353751)
🔴 CLOSE_SHORT: GRTUSDT at 0.053657534 (PnL: -2.701074672324898e-08)
🟢 OPEN_SHORT: GRTUSDT at 0.052852977 (qty: 0.00011534649400020214)
🔴 CLOSE_SHORT: GRTUSDT at 0.052826952999999996 (PnL: -3.495949396329009e-10)
🟢 OPEN_SHORT: GRTUSDT at 0.052603152 (qty: 0.0001157535266782156)
🔴 CLOSE_SHORT: GRTUSDT at 0.052686855 (PnL: -1.3043196545254965e-08)
🟢 OPEN_SHORT: GRTUSDT at 0.050084916 (qty: 0.0001209189622062159)
🔴 CLOSE_SHORT: GRTUSDT at 0.050615405999999995 (PnL: -6.751249956161626e-08)
🟢 OPEN_SHORT: GRTUSDT at 0.049555287 (qty: 0.00011935213346884354)
🔴 CLOSE_SHORT: GRTUSDT at 0.049594691999999996 (PnL: -7.958648583750471e-09)
🟢 OPEN_SHORT: GRTUSDT at 0.050654517 (qty: 0.00011631945772560504)
🔴 CLOSE_SHORT: GRTUSDT at 0.050705468999999996 (PnL: -9.170626971825577e-09)
🟢 OPEN_SHORT: GRTUSDT at 0.049505322000000004 (qty: 0.00011851823483352138)
🔴 CLOSE_SHORT: GRTUSDT at 0.049254453999999996 (PnL: 2.652177951604394e-08)
🟢 OPEN_SHORT: GRTUSDT at 0.04906563 (qty: 0.00012052984799381977)
🔴 CLOSE_SHORT: GRTUSDT at 0.04923444 (PnL: -2.3610464402929986e-08)
🟢 OPEN_SHORT: GRTUSDT at 0.048935721 (qty: 0.00011975192388801229)
🔴 CLOSE_SHORT: GRTUSDT at 0.048824152999999995 (PnL: 1.0144750204664547e-08)
🟢 OPEN_SHORT: GRTUSDT at 0.04816626 (qty: 0.00012195238068299359)
🔴 CLOSE_SHORT: GRTUSDT at 0.048103649 (PnL: 4.409065523644401e-09)
🟢 OPEN_SHORT: GRTUSDT at 0.04787646300000001 (qty: 0.00012273978588518879)
🔴 CLOSE_SHORT: GRTUSDT at 0.04818370499999999 (PnL: -4.096354899410568e-08)
🟢 OPEN_SHORT: GRTUSDT at 0.04794641400000001 (qty: 0.00012071717684815032)
🔴 CLOSE_SHORT: GRTUSDT at 0.048063621 (PnL: -1.734005569676116e-08)
🟢 OPEN_SHORT: GRTUSDT at 0.048186246 (qty: 0.00011926450704143327)
🔴 CLOSE_SHORT: GRTUSDT at 0.048313796 (PnL: -1.8381354457916673e-08)
🟢 OPEN_SHORT: GRTUSDT at 0.048256197 (qty: 0.00011819879976634906)
🔴 CLOSE_SHORT: GRTUSDT at 0.048373837999999995 (PnL: -1.704977627874294e-08)
🟢 OPEN_SHORT: GRTUSDT at 0.049925028 (qty: 0.00011343911128317579)
🔴 CLOSE_SHORT: GRTUSDT at 0.050075028 (PnL: -2.0140123363066147e-08)
🟢 OPEN_SHORT: GRTUSDT at 0.049785126000000006 (qty: 0.00011282367276711775)
🔴 CLOSE_SHORT: GRTUSDT at 0.049794832 (PnL: -4.184986274960543e-09)
🟢 OPEN_SHORT: GRTUSDT at 0.049925028 (qty: 0.00011221610445772513)
🔴 CLOSE_SHORT: GRTUSDT at 0.04999497199999999 (PnL: -1.0934475760362005e-08)
🟢 OPEN_SHORT: GRTUSDT at 0.05003495100000001 (qty: 0.00011140933413144272)
🔴 CLOSE_SHORT: GRTUSDT at 0.050115056 (PnL: -1.199525147100409e-08)
🟢 OPEN_SHORT: GRTUSDT at 0.049895049000000004 (qty: 0.0001111180044063221)
🔴 CLOSE_SHORT: GRTUSDT at 0.049984965 (PnL: -1.3046112742814272e-08)
🟢 OPEN_SHORT: GRTUSDT at 0.049195539 (qty: 0.00011204364255563852)
🔴 CLOSE_SHORT: GRTUSDT at 0.049194412 (PnL: -2.9052834274639464e-09)
🟢 OPEN_SHORT: GRTUSDT at 0.04962523800000001 (qty: 0.00011083420029274821)
🔴 CLOSE_SHORT: GRTUSDT at 0.049594691999999996 (PnL: 3.6230806752191665e-10)
🟢 OPEN_SHORT: GRTUSDT at 0.049955007 (qty: 0.00010999594081284902)
🔴 CLOSE_SHORT: GRTUSDT at 0.05035522399999999 (PnL: -4.706862407559158e-08)
🟢 OPEN_SHORT: GRTUSDT at 0.049974993 (qty: 0.00010794731701780646)
🔴 CLOSE_SHORT: GRTUSDT at 0.050065020999999994 (PnL: -1.2690692637842792e-08)
🟢 OPEN_SHORT: GRTUSDT at 0.049785126000000006 (qty: 0.00010772998533747626)
🔴 CLOSE_SHORT: GRTUSDT at 0.049924922999999996 (PnL: -1.801845493274265e-08)
🟢 OPEN_SHORT: GRTUSDT at 0.051943614 (qty: 0.00010244597725055291)
🔴 CLOSE_SHORT: GRTUSDT at 0.05176621099999999 (PnL: 1.525744166123118e-08)
🟢 OPEN_SHORT: GRTUSDT at 0.051334041000000004 (qty: 0.00010414289468756257)
🔴 CLOSE_SHORT: GRTUSDT at 0.051325903 (PnL: -2.0923605840122996e-09)
🟢 OPEN_SHORT: GRTUSDT at 0.05079441900000001 (qty: 0.00010505111243409816)
🔴 CLOSE_SHORT: GRTUSDT at 0.050905609 (PnL: -1.4621863161568224e-08)
🟢 OPEN_SHORT: GRTUSDT at 0.050914335000000005 (qty: 0.00010411403554278035)
🔴 CLOSE_SHORT: GRTUSDT at 0.05097565799999999 (PnL: -9.303589809444422e-09)
🟢 OPEN_SHORT: GRTUSDT at 0.050684496 (qty: 0.00010410399893560898)
🔴 CLOSE_SHORT: GRTUSDT at 0.050965651 (PnL: -3.21875102633421e-08)
🟢 OPEN_SHORT: GRTUSDT at 0.05043467100000001 (qty: 0.00010322818587474933)
🔴 CLOSE_SHORT: GRTUSDT at 0.05043528 (PnL: -2.9263543173636308e-09)
🟢 OPEN_SHORT: GRTUSDT at 0.050354727 (qty: 0.00010316211179803051)
🔴 CLOSE_SHORT: GRTUSDT at 0.05053535 (PnL: -2.150078350384437e-08)
🟢 OPEN_SHORT: GRTUSDT at 0.050844384000000006 (qty: 0.00010121047467802328)
🔴 CLOSE_SHORT: GRTUSDT at 0.051215826 (PnL: -4.044478906862145e-08)
🟢 OPEN_SHORT: GRTUSDT at 0.051493929 (qty: 9.825302082797207e-05)
🔴 CLOSE_SHORT: GRTUSDT at 0.051706168999999996 (PnL: -2.3647379155358755e-08)
🟢 OPEN_SHORT: GRTUSDT at 0.050784426 (qty: 9.858482879680478e-05)
🔴 CLOSE_SHORT: GRTUSDT at 0.050965651 (PnL: -2.0629477586794947e-08)
🟢 OPEN_SHORT: GRTUSDT at 0.050424678 (qty: 9.836072242728795e-05)
🔴 CLOSE_SHORT: GRTUSDT at 0.050465301 (PnL: -6.725799532292177e-09)
🟢 OPEN_SHORT: GRTUSDT at 0.050234811000000004 (qty: 9.835610546333941e-05)
🔴 CLOSE_SHORT: GRTUSDT at 0.050375237999999996 (PnL: -1.6536944543707388e-08)
🟢 OPEN_SHORT: GRTUSDT at 0.051983586 (qty: 9.430652762497056e-05)
🔴 CLOSE_SHORT: GRTUSDT at 0.051946336999999995 (PnL: 8.184405815842275e-10)
🟢 OPEN_SHORT: GRTUSDT at 0.051873663 (qty: 9.44339662244228e-05)
🔴 CLOSE_SHORT: GRTUSDT at 0.052056413999999995 (PnL: -1.9961643264271324e-08)
🟢 OPEN_SHORT: GRTUSDT at 0.051683796000000004 (qty: 9.390416976796561e-05)
🔴 CLOSE_SHORT: GRTUSDT at 0.051756204 (PnL: -9.472480976387286e-09)
🟢 OPEN_SHORT: GRTUSDT at 0.05154389400000001 (qty: 9.368792228881493e-05)
🔴 CLOSE_SHORT: GRTUSDT at 0.051616105999999995 (PnL: -9.425085394597373e-09)
🟢 OPEN_SHORT: GRTUSDT at 0.051613845000000005 (qty: 9.309281686680439e-05)
🔴 CLOSE_SHORT: GRTUSDT at 0.05165613399999999 (PnL: -6.581650394859092e-09)
🟢 OPEN_SHORT: GRTUSDT at 0.05154389400000001 (qty: 9.286123305981692e-05)
🔴 CLOSE_SHORT: GRTUSDT at 0.051666141 (PnL: -1.3990787016248996e-08)
🟢 OPEN_SHORT: GRTUSDT at 0.051783726 (qty: 9.178912515880195e-05)
🔴 CLOSE_SHORT: GRTUSDT at 0.051946336999999995 (PnL: -1.7548381286836175e-08)
🟢 OPEN_SHORT: GRTUSDT at 0.050744454 (qty: 9.28743393954293e-05)
🔴 CLOSE_SHORT: GRTUSDT at 0.05069546199999999 (PnL: 1.9605304866840997e-09)
🟢 OPEN_SHORT: GRTUSDT at 0.050994279 (qty: 9.239457157140179e-05)
🔴 CLOSE_SHORT: GRTUSDT at 0.051145776999999996 (PnL: -1.659666848840438e-08)
🟢 OPEN_SHORT: GRTUSDT at 0.050864370000000006 (qty: 9.187607100616561e-05)
🔴 CLOSE_SHORT: GRTUSDT at 0.051045706999999996 (PnL: -1.923996453853467e-08)
🟢 OPEN_SHORT: GRTUSDT at 0.051104202 (qty: 9.059133729179512e-05)
🔴 CLOSE_SHORT: GRTUSDT at 0.051175797999999995 (PnL: -9.035823572529875e-09)
🟢 OPEN_SHORT: GRTUSDT at 0.050834391 (qty: 9.061648432976207e-05)
🔴 CLOSE_SHORT: GRTUSDT at 0.050885595 (PnL: -7.176017010681525e-09)
🟢 OPEN_SHORT: GRTUSDT at 0.050624538000000004 (qty: 9.060852435370642e-05)
🔴 CLOSE_SHORT: GRTUSDT at 0.050605398999999995 (PnL: -7.877477426399537e-10)
🟢 OPEN_SHORT: GRTUSDT at 0.050684496 (qty: 9.037070177495957e-05)
🔴 CLOSE_SHORT: GRTUSDT at 0.05069546199999999 (PnL: -3.510766578423243e-09)
🟢 OPEN_SHORT: GRTUSDT at 0.05077443300000001 (qty: 8.997310726548889e-05)
🔴 CLOSE_SHORT: GRTUSDT at 0.050775518 (PnL: -2.610257941493361e-09)
🟢 OPEN_SHORT: GRTUSDT at 0.050124888000000006 (qty: 9.093462361278724e-05)
🔴 CLOSE_SHORT: GRTUSDT at 0.050265160999999996 (PnL: -1.5269636381039674e-08)
🟢 OPEN_SHORT: GRTUSDT at 0.050294769 (qty: 8.992057711895928e-05)
🔴 CLOSE_SHORT: GRTUSDT at 0.050345217 (PnL: -7.0262023067973545e-09)
🟢 OPEN_SHORT: GRTUSDT at 0.050124888000000006 (qty: 8.984573615029601e-05)
🔴 CLOSE_SHORT: GRTUSDT at 0.050305189 (PnL: -1.8685114779470593e-08)
🟢 OPEN_SHORT: GRTUSDT at 0.050264790000000004 (qty: 8.875364592280596e-05)
🔴 CLOSE_SHORT: GRTUSDT at 0.050405258999999994 (PnL: -1.49276436695931e-08)
🟢 OPEN_SHORT: GRTUSDT at 0.050084916 (qty: 8.837832102970063e-05)
🔴 CLOSE_SHORT: GRTUSDT at 0.05020511899999999 (PnL: -1.3063713591106404e-08)
🟢 OPEN_LONG: GRTUSDT at 0.050415266 (qty: 8.718439162748558e-05)
🔴 CLOSE_LONG: GRTUSDT at 0.050254797000000004 (PnL: -1.6400180786614953e-08)
🟢 OPEN_SHORT: GRTUSDT at 0.049905042000000004 (qty: 8.732161705525018e-05)
🔴 CLOSE_SHORT: GRTUSDT at 0.050165090999999995 (PnL: -2.511717246981408e-08)
🟢 OPEN_SHORT: GRTUSDT at 0.050114895000000007 (qty: 8.585792814386268e-05)
🔴 CLOSE_SHORT: GRTUSDT at 0.050095042 (PnL: -6.610436365791593e-10)
🟢 OPEN_SHORT: GRTUSDT at 0.04604774400000001 (qty: 9.330980317765032e-05)
🔴 CLOSE_SHORT: GRTUSDT at 0.046162290999999994 (PnL: -1.3057424882680655e-08)
🟢 OPEN_SHORT: GRTUSDT at 0.046357527 (qty: 9.202097219567197e-05)
🔴 CLOSE_SHORT: GRTUSDT at 0.046312396 (PnL: 1.8090570586161993e-09)
🟢 OPEN_LONG: GRTUSDT at 0.045651934 (qty: 9.341970848531632e-05)
🔴 CLOSE_LONG: GRTUSDT at 0.045528108000000005 (PnL: -1.3907061240388575e-08)
🟢 OPEN_SHORT: GRTUSDT at 0.046207632000000005 (qty: 9.15927692245189e-05)
🔴 CLOSE_SHORT: GRTUSDT at 0.04623234 (PnL: -4.592075568579842e-09)
🟢 OPEN_SHORT: GRTUSDT at 0.04646745 (qty: 9.078280193078648e-05)
🔴 CLOSE_SHORT: GRTUSDT at 0.046472507999999996 (PnL: -2.7795768811104794e-09)
🟢 OPEN_SHORT: GRTUSDT at 0.049725168 (qty: 8.463009850416122e-05)
🔴 CLOSE_SHORT: GRTUSDT at 0.04909434199999999 (PnL: 5.1101694069285335e-08)
🟢 OPEN_SHORT: GRTUSDT at 0.049185546000000004 (qty: 8.754238864527235e-05)
🔴 CLOSE_SHORT: GRTUSDT at 0.049124363 (PnL: 2.990850721750661e-09)
🟢 OPEN_SHORT: GRTUSDT at 0.049785126000000006 (qty: 8.651309796631643e-05)
🔴 CLOSE_SHORT: GRTUSDT at 0.049834859999999995 (PnL: -6.673894883180527e-09)
🟢 OPEN_SHORT: GRTUSDT at 0.049485336000000005 (qty: 8.667173485708729e-05)
🔴 CLOSE_SHORT: GRTUSDT at 0.049584684999999996 (PnL: -1.0974425055526746e-08)
🟢 OPEN_SHORT: GRTUSDT at 0.049595259 (qty: 8.594194846490435e-05)
🔴 CLOSE_SHORT: GRTUSDT at 0.049794832 (PnL: -1.95053981680453e-08)
🟢 OPEN_SHORT: GRTUSDT at 0.04976514 (qty: 8.477046085338276e-05)
🔴 CLOSE_SHORT: GRTUSDT at 0.050055013999999995 (PnL: -2.6906505202054487e-08)
🟢 OPEN_SHORT: GRTUSDT at 0.049655217 (qty: 8.378093215445154e-05)
🔴 CLOSE_SHORT: GRTUSDT at 0.049604699 (PnL: 1.946684773774988e-09)
🟢 OPEN_SHORT: GRTUSDT at 0.049945014 (qty: 8.328113712683753e-05)
🔴 CLOSE_SHORT: GRTUSDT at 0.050115056 (PnL: -1.645679248729164e-08)
🟢 OPEN_SHORT: GRTUSDT at 0.049705182 (qty: 8.29287487458656e-05)
🔴 CLOSE_SHORT: GRTUSDT at 0.049934929999999995 (PnL: -2.133028686185152e-08)
🟢 OPEN_SHORT: GRTUSDT at 0.049235511 (qty: 8.276127749171616e-05)
🔴 CLOSE_SHORT: GRTUSDT at 0.04941456599999999 (PnL: -1.7068107476150746e-08)
🟢 OPEN_SHORT: GRTUSDT at 0.049155567000000004 (qty: 8.211023789427614e-05)
🔴 CLOSE_SHORT: GRTUSDT at 0.049054313999999995 (PnL: 6.098584151755633e-09)
🟢 OPEN_SHORT: GRTUSDT at 0.048715875000000006 (qty: 8.30105725427552e-05)
🔴 CLOSE_SHORT: GRTUSDT at 0.048794132 (PnL: -8.723894234203397e-09)
🟢 OPEN_SHORT: GRTUSDT at 0.048885756 (qty: 8.227420194257931e-05)
🔴 CLOSE_SHORT: GRTUSDT at 0.048854174 (PnL: 3.876928481730728e-10)
🟢 OPEN_SHORT: GRTUSDT at 0.048805812000000004 (qty: 8.2334204515204e-05)
🔴 CLOSE_SHORT: GRTUSDT at 0.048423873 (PnL: 2.9253826153682746e-08)
🟢 OPEN_SHORT: GRTUSDT at 0.047916435 (qty: 8.49911962893021e-05)
🔴 CLOSE_SHORT: GRTUSDT at 0.047973558 (PnL: -7.097483652204556e-09)
🟢 OPEN_SHORT: GRTUSDT at 0.047966400000000006 (qty: 8.45133352225382e-05)
🔴 CLOSE_SHORT: GRTUSDT at 0.048033599999999996 (PnL: -7.9120099832636e-09)
🟢 OPEN_SHORT: GRTUSDT at 0.047886456 (qty: 8.423085730472364e-05)
🔴 CLOSE_SHORT: GRTUSDT at 0.048023592999999996 (PnL: -1.3775954703281228e-08)
🟢 OPEN_LONG: GRTUSDT at 0.048043606999999995 (qty: 8.328950954477644e-05)
🔴 CLOSE_LONG: GRTUSDT at 0.047976393 (PnL: -7.795982728025865e-09)
🟢 OPEN_SHORT: GRTUSDT at 0.047796519 (qty: 8.330177385984474e-05)
🔴 CLOSE_SHORT: GRTUSDT at 0.047783425 (PnL: -1.098490808058132e-09)
🟢 OPEN_SHORT: GRTUSDT at 0.047636631 (qty: 8.344330956382886e-05)
🔴 CLOSE_SHORT: GRTUSDT at 0.047813446 (PnL: -1.6948370477268992e-08)
🟢 OPEN_SHORT: GRTUSDT at 0.047356827000000004 (qty: 8.312822462101483e-05)
🔴 CLOSE_SHORT: GRTUSDT at 0.04752324299999999 (PnL: -1.6006654178882553e-08)
🟢 OPEN_SHORT: GRTUSDT at 0.047526708 (qty: 8.206638856596945e-05)
🔴 CLOSE_SHORT: GRTUSDT at 0.047663341 (PnL: -1.3364333913505934e-08)
🟢 OPEN_SHORT: GRTUSDT at 0.047246904000000006 (qty: 8.189586852818508e-05)
🔴 CLOSE_SHORT: GRTUSDT at 0.047403159 (PnL: -1.4931806519377633e-08)
🟢 OPEN_SHORT: GRTUSDT at 0.045078423 (qty: 8.507853893750526e-05)
🔴 CLOSE_SHORT: GRTUSDT at 0.045111556 (PnL: -4.929821131138762e-09)
🟢 OPEN_LONG: GRTUSDT at 0.045401759 (qty: 8.416255408037079e-05)
🔴 CLOSE_LONG: GRTUSDT at 0.045328248 (PnL: -8.285091131019649e-09)
🟢 OPEN_SHORT: GRTUSDT at 0.04526829 (qty: 8.395180321860013e-05)
🔴 CLOSE_SHORT: GRTUSDT at 0.045341717 (PnL: -8.257914451679246e-09)
🟢 OPEN_SHORT: GRTUSDT at 0.045248304 (qty: 8.35314922563206e-05)
🔴 CLOSE_SHORT: GRTUSDT at 0.04530168899999999 (PnL: -6.540593440248727e-09)
🟢 OPEN_SHORT: GRTUSDT at 0.045348234 (qty: 8.296727815500925e-05)
🔴 CLOSE_SHORT: GRTUSDT at 0.045401759 (PnL: -6.512596765470595e-09)
🟢 OPEN_SHORT: GRTUSDT at 0.04640749200000001 (qty: 8.070368657472274e-05)
🔴 CLOSE_SHORT: GRTUSDT at 0.046472507999999996 (PnL: -7.309807382326453e-09)
🟢 OPEN_SHORT: GRTUSDT at 0.04642747800000001 (qty: 8.026531816060082e-05)
🔴 CLOSE_SHORT: GRTUSDT at 0.046492521999999994 (PnL: -7.273232743167326e-09)
🟢 OPEN_SHORT: GRTUSDT at 0.04570798200000001 (qty: 8.11208567391059e-05)
🔴 CLOSE_SHORT: GRTUSDT at 0.045862081 (PnL: -1.454684711904579e-08)
🟢 OPEN_SHORT: GRTUSDT at 0.045258297 (qty: 8.119391473549974e-05)
🔴 CLOSE_SHORT: GRTUSDT at 0.04530168899999999 (PnL: -5.546188158924008e-09)
🟢 OPEN_SHORT: GRTUSDT at 0.04495850700000001 (qty: 8.139869420565011e-05)
🔴 CLOSE_SHORT: GRTUSDT at 0.04487138799999999 (PnL: 5.082513025786158e-09)
🟢 OPEN_SHORT: GRTUSDT at 0.045138381000000005 (qty: 8.121034002410555e-05)
🔴 CLOSE_SHORT: GRTUSDT at 0.045201619 (PnL: -7.1545408491903766e-09)
🟢 OPEN_SHORT: GRTUSDT at 0.046557387000000006 (qty: 7.834120746194721e-05)
🔴 CLOSE_SHORT: GRTUSDT at 0.046682654999999997 (PnL: -1.1825092934468719e-08)
🟢 OPEN_SHORT: GRTUSDT at 0.046597359000000005 (qty: 7.768036016545424e-05)
🔴 CLOSE_SHORT: GRTUSDT at 0.046672648 (PnL: -7.84252809507979e-09)
🟢 OPEN_SHORT: GRTUSDT at 0.04647744300000001 (qty: 7.74576369034747e-05)
🔴 CLOSE_SHORT: GRTUSDT at 0.046842766999999993 (PnL: -3.029271526493597e-08)
🟢 OPEN_SHORT: GRTUSDT at 0.045807912 (qty: 7.718071579799481e-05)
🔴 CLOSE_SHORT: GRTUSDT at 0.04593213 (PnL: -1.1537025224335102e-08)
🟢 OPEN_SHORT: GRTUSDT at 0.045608052 (qty: 7.69277396618871e-05)
🔴 CLOSE_SHORT: GRTUSDT at 0.045741997 (PnL: -1.2239441729268143e-08)
🟢 OPEN_SHORT: GRTUSDT at 0.04546815 (qty: 7.654118521420955e-05)
🔴 CLOSE_SHORT: GRTUSDT at 0.04528167499999999 (PnL: 1.2366765322678586e-08)
🟢 OPEN_SHORT: GRTUSDT at 0.04526829 (qty: 7.734092488236801e-05)
🔴 CLOSE_SHORT: GRTUSDT at 0.04532170299999999 (PnL: -6.058883155736212e-09)
🟢 OPEN_SHORT: GRTUSDT at 0.04527828300000001 (qty: 7.69711706950927e-05)
🔴 CLOSE_SHORT: GRTUSDT at 0.045451794 (PnL: -1.5279507585379957e-08)
🟢 OPEN_SHORT: GRTUSDT at 0.045208332000000004 (qty: 7.632950934151752e-05)
🔴 CLOSE_SHORT: GRTUSDT at 0.045261660999999995 (PnL: -5.970716610534744e-09)
🟢 OPEN_SHORT: GRTUSDT at 0.045208332000000004 (qty: 7.598140457178728e-05)
🔴 CLOSE_SHORT: GRTUSDT at 0.045291682 (PnL: -8.225779158636466e-09)
🟢 OPEN_SHORT: GRTUSDT at 0.046397499 (qty: 7.359798668394443e-05)
🔴 CLOSE_SHORT: GRTUSDT at 0.046162290999999994 (PnL: 1.544223682888266e-08)
🟢 OPEN_SHORT: GRTUSDT at 0.046037751 (qty: 7.476235640753078e-05)
🔴 CLOSE_SHORT: GRTUSDT at 0.045872088 (PnL: 1.0499128283823537e-08)
🟢 OPEN_SHORT: GRTUSDT at 0.046017765 (qty: 7.51688597915936e-05)
🔴 CLOSE_SHORT: GRTUSDT at 0.04553185 (PnL: 3.464325901884643e-08)
🟢 OPEN_SHORT: GRTUSDT at 0.045987786 (qty: 7.664175070370758e-05)
🔴 CLOSE_SHORT: GRTUSDT at 0.04609224199999999 (PnL: -9.948615277912058e-09)
🟢 OPEN_SHORT: GRTUSDT at 0.046037751 (qty: 7.604216280240546e-05)
🔴 CLOSE_SHORT: GRTUSDT at 0.044701268999999995 (PnL: 9.97594321803603e-08)
🟢 OPEN_SHORT: GRTUSDT at 0.043839291 (qty: 8.431883923001952e-05)
🔴 CLOSE_SHORT: GRTUSDT at 0.043910716 (PnL: -8.058848423587617e-09)
🟢 OPEN_SHORT: GRTUSDT at 0.04382929800000001 (qty: 8.387755393657308e-05)
🔴 CLOSE_SHORT: GRTUSDT at 0.043900708999999996 (PnL: -8.015036252014203e-09)
🟢 OPEN_SHORT: GRTUSDT at 0.043419585000000004 (qty: 8.420670788897213e-05)
🔴 CLOSE_SHORT: GRTUSDT at 0.043560470999999996 (PnL: -1.3880992368996799e-08)
🟢 OPEN_SHORT: GRTUSDT at 0.043309662 (qty: 8.368655667817346e-05)
🔴 CLOSE_SHORT: GRTUSDT at 0.043540457 (PnL: -2.1318501855927194e-08)
🟢 OPEN_SHORT: GRTUSDT at 0.042989886000000005 (qty: 8.322451936326766e-05)
🔴 CLOSE_SHORT: GRTUSDT at 0.043020092999999995 (PnL: -4.483142665993872e-09)
🟢 OPEN_SHORT: GRTUSDT at 0.043219725 (qty: 8.248341979593456e-05)
🔴 CLOSE_SHORT: GRTUSDT at 0.04343038 (PnL: -1.9345802243102684e-08)
🟢 OPEN_SHORT: GRTUSDT at 0.044229018 (qty: 7.96377101196541e-05)
🔴 CLOSE_SHORT: GRTUSDT at 0.044381044999999994 (PnL: -1.4051004794444552e-08)
🟢 OPEN_SHORT: GRTUSDT at 0.044398899 (qty: 7.861278671091111e-05)
🔴 CLOSE_SHORT: GRTUSDT at 0.044491121999999994 (PnL: -9.173571125213316e-09)
🟢 OPEN_LONG: GRTUSDT at 0.044651234 (qty: 7.76716424397319e-05)
🔴 CLOSE_LONG: GRTUSDT at 0.044518815 (PnL: -1.2187018434512766e-08)
🟢 OPEN_SHORT: GRTUSDT at 0.044478843000000004 (qty: 7.733892036539412e-05)
🔴 CLOSE_SHORT: GRTUSDT at 0.04462121299999999 (PnL: -1.2908768133768162e-08)
🟢 OPEN_SHORT: GRTUSDT at 0.043559487 (qty: 7.829165252079198e-05)
🔴 CLOSE_SHORT: GRTUSDT at 0.043820653 (PnL: -2.2334052958095785e-08)
🟢 OPEN_SHORT: GRTUSDT at 0.043679403000000006 (qty: 7.696819335258679e-05)
🔴 CLOSE_SHORT: GRTUSDT at 0.043580484999999995 (PnL: 5.768668592318245e-09)
🟢 OPEN_SHORT: GRTUSDT at 0.040891356000000004 (qty: 8.240773320417618e-05)
🔴 CLOSE_SHORT: GRTUSDT at 0.040588391999999994 (PnL: 2.3126937923953447e-08)
🟢 OPEN_SHORT: GRTUSDT at 0.040821405 (qty: 8.359122110328475e-05)
🔴 CLOSE_SHORT: GRTUSDT at 0.040788531999999995 (PnL: 8.726344530387831e-10)
🟢 OPEN_SHORT: GRTUSDT at 0.040941321 (qty: 8.329733224308034e-05)
🔴 CLOSE_SHORT: GRTUSDT at 0.040738497 (PnL: 1.5028323649039877e-08)
🟢 OPEN_SHORT: GRTUSDT at 0.040651524 (qty: 8.45382360574251e-05)
🔴 CLOSE_SHORT: GRTUSDT at 0.040748504 (PnL: -1.0093161790425203e-08)
🟢 OPEN_SHORT: GRTUSDT at 0.040751454 (qty: 8.374281662391817e-05)
🔴 CLOSE_SHORT: GRTUSDT at 0.040808545999999994 (PnL: -6.660627308093993e-09)
🟢 OPEN_SHORT: GRTUSDT at 0.040871370000000004 (qty: 8.30793384016837e-05)
🔴 CLOSE_SHORT: GRTUSDT at 0.041018692999999995 (PnL: -1.4113790603448467e-08)
🟢 OPEN_LONG: GRTUSDT at 0.04137894499999999 (qty: 8.128780651479731e-05)
🔴 CLOSE_LONG: GRTUSDT at 0.041291076 (PnL: -8.988731818819632e-09)
🟢 OPEN_SHORT: GRTUSDT at 0.041281083 (qty: 8.095539177754545e-05)
🔴 CLOSE_SHORT: GRTUSDT at 0.041338916999999996 (PnL: -6.522608649828913e-09)
🟢 OPEN_SHORT: GRTUSDT at 0.041231118000000004 (qty: 8.0647944377708e-05)
🔴 CLOSE_SHORT: GRTUSDT at 0.041278875 (PnL: -5.682484907881736e-09)
🟢 OPEN_SHORT: GRTUSDT at 0.041820705 (qty: 7.915175547319769e-05)
🔴 CLOSE_SHORT: GRTUSDT at 0.041929329999999994 (PnL: -1.0423188479698892e-08)
🟢 OPEN_SHORT: GRTUSDT at 0.041221125000000004 (qty: 7.970899965684735e-05)
🔴 CLOSE_SHORT: GRTUSDT at 0.04128888199999999 (PnL: -7.210945204391315e-09)
🟢 OPEN_SHORT: GRTUSDT at 0.041201139000000005 (qty: 7.930990655303874e-05)
🔴 CLOSE_SHORT: GRTUSDT at 0.041459000999999995 (PnL: -2.2259471345879722e-08)
🟢 OPEN_SHORT: GRTUSDT at 0.041241111000000004 (qty: 7.80664011923592e-05)
🔴 CLOSE_SHORT: GRTUSDT at 0.041248853999999995 (PnL: -2.3755504162306826e-09)
🟢 OPEN_SHORT: GRTUSDT at 0.040691496 (qty: 7.891704243273744e-05)
🔴 CLOSE_SHORT: GRTUSDT at 0.04071848299999999 (PnL: -3.897094462020904e-09)
🟢 OPEN_SHORT: GRTUSDT at 0.040501629 (qty: 7.900733942803617e-05)
🔴 CLOSE_SHORT: GRTUSDT at 0.040598399 (PnL: -9.40970455596661e-09)
🟢 OPEN_SHORT: GRTUSDT at 0.040191846 (qty: 7.906047963397072e-05)
🔴 CLOSE_SHORT: GRTUSDT at 0.040198119 (PnL: -2.2438918014313227e-09)
🟢 OPEN_SHORT: GRTUSDT at 0.040051944 (qty: 7.913731960794284e-05)
🔴 CLOSE_SHORT: GRTUSDT at 0.040128069999999995 (PnL: -7.771002937935871e-09)
🟢 OPEN_SHORT: GRTUSDT at 0.040171860000000004 (qty: 7.842740972235259e-05)
🔴 CLOSE_SHORT: GRTUSDT at 0.039957951 (PnL: 1.5052739559190646e-08)
🟢 OPEN_SHORT: GRTUSDT at 0.04059156600000001 (qty: 7.827278135146402e-05)
🔴 CLOSE_SHORT: GRTUSDT at 0.040458300999999995 (PnL: 8.68929114539038e-09)
🟢 OPEN_SHORT: GRTUSDT at 0.04037172 (qty: 7.904291460148426e-05)
🔴 CLOSE_SHORT: GRTUSDT at 0.040468307999999995 (PnL: -9.39390019284855e-09)
🟢 OPEN_SHORT: GRTUSDT at 0.040421685000000006 (qty: 7.839357532055974e-05)
🔴 CLOSE_SHORT: GRTUSDT at 0.040438286999999996 (PnL: -3.045046181244095e-09)
🟢 OPEN_SHORT: GRTUSDT at 0.037733568 (qty: 8.372451380215501e-05)
🔴 CLOSE_SHORT: GRTUSDT at 0.037786432 (PnL: -6.166020553772102e-09)
🟢 OPEN_SHORT: GRTUSDT at 0.03778353300000001 (qty: 8.319543454590956e-05)
🔴 CLOSE_SHORT: GRTUSDT at 0.037856481 (PnL: -7.801158072199809e-09)
🟢 OPEN_SHORT: GRTUSDT at 0.03777354 (qty: 8.27128559112811e-05)
🔴 CLOSE_SHORT: GRTUSDT at 0.037806446 (PnL: -4.441642752900147e-09)
🟢 OPEN_SHORT: GRTUSDT at 0.037913442000000006 (qty: 8.208268963458395e-05)
🔴 CLOSE_SHORT: GRTUSDT at 0.037946544 (PnL: -4.430216108904836e-09)
🟢 OPEN_SHORT: GRTUSDT at 0.037883463 (qty: 8.182339664737358e-05)
🔴 CLOSE_SHORT: GRTUSDT at 0.037976565 (PnL: -9.326976222378457e-09)
🟢 OPEN_SHORT: GRTUSDT at 0.038692896 (qty: 7.954147288429841e-05)
🔴 CLOSE_SHORT: GRTUSDT at 0.038697069 (PnL: -2.0248385918573562e-09)
🟢 OPEN_SHORT: GRTUSDT at 0.038712882 (qty: 7.930835017355349e-05)
🔴 CLOSE_SHORT: GRTUSDT at 0.038867188 (PnL: -1.393312518777127e-08)
🟢 OPEN_SHORT: GRTUSDT at 0.03855299400000001 (qty: 7.882685508746368e-05)
🔴 CLOSE_SHORT: GRTUSDT at 0.038737097 (PnL: -1.619169844461703e-08)
🟢 OPEN_SHORT: GRTUSDT at 0.03857298000000001 (qty: 7.785981176300782e-05)
🔴 CLOSE_SHORT: GRTUSDT at 0.038376845 (PnL: 1.3627626519871111e-08)
🟢 OPEN_SHORT: GRTUSDT at 0.038363127000000004 (qty: 7.891005864876148e-05)
🔴 CLOSE_SHORT: GRTUSDT at 0.038436886999999996 (PnL: -7.488587280027229e-09)
🟢 OPEN_LONG: GRTUSDT at 0.038406866 (qty: 7.83435302088468e-05)
🔴 CLOSE_LONG: GRTUSDT at 0.038363127000000004 (PnL: -5.079694207270962e-09)
🟢 OPEN_LONG: GRTUSDT at 0.038276775 (qty: 7.82579058938543e-05)
🔴 CLOSE_LONG: GRTUSDT at 0.038263197 (PnL: -2.709504564739974e-09)
🟢 OPEN_SHORT: GRTUSDT at 0.037313862 (qty: 8.004387861163514e-05)
🔴 CLOSE_SHORT: GRTUSDT at 0.03736613799999999 (PnL: -5.8293856361427214e-09)
🟢 OPEN_SHORT: GRTUSDT at 0.037243911 (qty: 7.97929639645664e-05)
🔴 CLOSE_SHORT: GRTUSDT at 0.037276075 (PnL: -4.20236357302492e-09)
🟢 OPEN_SHORT: GRTUSDT at 0.037323855 (qty: 7.930928728887406e-05)
🔴 CLOSE_SHORT: GRTUSDT at 0.03738615199999999 (PnL: -6.5715186585105425e-09)
🟢 OPEN_SHORT: GRTUSDT at 0.037283883000000004 (qty: 7.89544683538852e-05)
🔴 CLOSE_SHORT: GRTUSDT at 0.037276075 (PnL: -1.0022354872619745e-09)
🟢 OPEN_SHORT: GRTUSDT at 0.036304569 (qty: 8.093985601047758e-05)
🔴 CLOSE_SHORT: GRTUSDT at 0.036385452 (PnL: -8.166426658861084e-09)
🟢 OPEN_SHORT: GRTUSDT at 0.036344541 (qty: 8.03125123747907e-05)
🔴 CLOSE_SHORT: GRTUSDT at 0.036475515 (PnL: -1.2130043133173654e-08)
🟢 OPEN_SHORT: GRTUSDT at 0.036434478 (qty: 7.936028338360118e-05)
🔴 CLOSE_SHORT: GRTUSDT at 0.036475515 (PnL: -4.848796913042436e-09)
🟢 OPEN_SHORT: GRTUSDT at 0.03671428200000001 (qty: 7.840470119063122e-05)
🔴 CLOSE_SHORT: GRTUSDT at 0.035324709999999995 (PnL: 1.0742568461016115e-07)
🟢 OPEN_SHORT: GRTUSDT at 0.035625045 (qty: 8.674395356744959e-05)
🔴 CLOSE_SHORT: GRTUSDT at 0.035865087999999996 (PnL: -2.253337258668137e-08)
🟢 OPEN_SHORT: GRTUSDT at 0.035305269 (qty: 8.615686290821527e-05)
🔴 CLOSE_SHORT: GRTUSDT at 0.035294689 (PnL: -7.609442152894178e-10)
🟢 OPEN_SHORT: GRTUSDT at 0.035455164 (qty: 8.56553184296881e-05)
🔴 CLOSE_SHORT: GRTUSDT at 0.035534856999999996 (PnL: -8.500191512045664e-09)
🟢 OPEN_SHORT: GRTUSDT at 0.036124695000000005 (qty: 8.3504715089611e-05)
🔴 CLOSE_SHORT: GRTUSDT at 0.036145284 (PnL: -3.3793444822187306e-09)
🟢 OPEN_LONG: GRTUSDT at 0.036185312 (qty: 8.30863482428896e-05)
🔴 CLOSE_LONG: GRTUSDT at 0.036264597 (PnL: 4.930300006061417e-09)
🟢 OPEN_SHORT: GRTUSDT at 0.036444471000000006 (qty: 8.267533580455006e-05)
🔴 CLOSE_SHORT: GRTUSDT at 0.036515543 (PnL: -7.536315595086044e-09)
🟢 OPEN_SHORT: GRTUSDT at 0.03710400900000001 (qty: 8.07101971700158e-05)
🔴 CLOSE_SHORT: GRTUSDT at 0.037236046999999994 (PnL: -1.2309743796294593e-08)
🟢 OPEN_SHORT: GRTUSDT at 0.03767361 (qty: 7.874897721575124e-05)
🔴 CLOSE_SHORT: GRTUSDT at 0.037776424999999995 (PnL: -9.732746249826495e-09)
🟢 OPEN_SHORT: GRTUSDT at 0.037363827 (qty: 7.879357028776431e-05)
🔴 CLOSE_SHORT: GRTUSDT at 0.037416173 (PnL: -5.746012851728956e-09)
🟢 OPEN_LONG: GRTUSDT at 0.03736613799999999 (qty: 7.839447766796338e-05)
🔴 CLOSE_LONG: GRTUSDT at 0.037273890000000004 (PnL: -8.838870701375159e-09)
🟢 OPEN_SHORT: GRTUSDT at 0.037333848 (qty: 7.790246804503589e-05)
🔴 CLOSE_SHORT: GRTUSDT at 0.037446194 (PnL: -1.0356463687308815e-08)
🟢 OPEN_SHORT: GRTUSDT at 0.03780351900000001 (qty: 7.630206951508127e-05)
🔴 CLOSE_SHORT: GRTUSDT at 0.037796438999999994 (PnL: -1.0459519316324879e-09)
🟢 OPEN_SHORT: GRTUSDT at 0.037583673 (qty: 7.660831594031004e-05)
🔴 CLOSE_SHORT: GRTUSDT at 0.037596299 (PnL: -2.5513606306505836e-09)
🟢 OPEN_SHORT: GRTUSDT at 0.037613652000000004 (qty: 7.632739384187139e-05)
🔴 CLOSE_SHORT: GRTUSDT at 0.037716383 (PnL: -9.424525767511417e-09)
🟢 OPEN_SHORT: GRTUSDT at 0.037573680000000005 (qty: 7.582288802339961e-05)
🔴 CLOSE_SHORT: GRTUSDT at 0.037556270999999995 (PnL: -2.4619305423508377e-10)
🟢 OPEN_SHORT: GRTUSDT at 0.037453764 (qty: 7.596883201736902e-05)
🔴 CLOSE_SHORT: GRTUSDT at 0.03747621499999999 (PnL: -3.2714396027113966e-09)
🟢 OPEN_SHORT: GRTUSDT at 0.03748374300000001 (qty: 7.565002182285835e-05)
🔴 CLOSE_SHORT: GRTUSDT at 0.037576284999999994 (PnL: -8.564260048679553e-09)
🟢 OPEN_LONG: GRTUSDT at 0.037806446 (qty: 7.446873597379477e-05)
🔴 CLOSE_LONG: GRTUSDT at 0.037713582 (PnL: -8.460130226791566e-09)
🟢 OPEN_SHORT: GRTUSDT at 0.037793526 (qty: 7.396454744016518e-05)
🔴 CLOSE_SHORT: GRTUSDT at 0.037896508999999995 (PnL: -9.158739964791017e-09)
🟢 OPEN_SHORT: GRTUSDT at 0.037223925 (qty: 7.452165905871297e-05)
🔴 CLOSE_SHORT: GRTUSDT at 0.037276075 (PnL: -5.414135743620299e-09)
🟢 OPEN_SHORT: GRTUSDT at 0.037273890000000004 (qty: 7.404939459437751e-05)
🔴 CLOSE_SHORT: GRTUSDT at 0.037346123999999994 (PnL: -6.8698857990851635e-09)
🟢 OPEN_SHORT: GRTUSDT at 0.037223925 (qty: 7.369811477945169e-05)
🔴 CLOSE_SHORT: GRTUSDT at 0.037236046999999994 (PnL: -2.4026931035127265e-09)
🟢 OPEN_SHORT: GRTUSDT at 0.036024765 (qty: 7.593415375722212e-05)
🔴 CLOSE_SHORT: GRTUSDT at 0.03602519999999999 (PnL: -1.5375800486479392e-09)
🟢 OPEN_SHORT: GRTUSDT at 0.036064737 (qty: 7.568129010427682e-05)
🔴 CLOSE_SHORT: GRTUSDT at 0.036205325999999996 (PnL: -1.2146993073649165e-08)
🟢 OPEN_SHORT: GRTUSDT at 0.036194646000000004 (qty: 7.465550205625431e-05)
🔴 CLOSE_SHORT: GRTUSDT at 0.036285382 (PnL: -8.263838510357982e-09)
🟢 OPEN_LONG: GRTUSDT at 0.03622534 (qty: 7.405394813249274e-05)
🔴 CLOSE_LONG: GRTUSDT at 0.036264597 (PnL: 1.4300907199312686e-09)
🟢 OPEN_SHORT: GRTUSDT at 0.036214632000000004 (qty: 7.40733397066518e-05)
🔴 CLOSE_SHORT: GRTUSDT at 0.03625536099999999 (PnL: -4.493988672258595e-09)
🟢 OPEN_SHORT: GRTUSDT at 0.036104709000000006 (qty: 7.396818981508748e-05)
🔴 CLOSE_SHORT: GRTUSDT at 0.037506236 (PnL: -1.0519426277800318e-07)
🟢 OPEN_SHORT: GRTUSDT at 0.036004779 (qty: 6.824854508922682e-05)
🔴 CLOSE_SHORT: GRTUSDT at 0.036185312 (PnL: -1.3679391784273012e-08)
🟢 OPEN_SHORT: GRTUSDT at 0.038423085 (qty: 6.317066935877943e-05)
🔴 CLOSE_SHORT: GRTUSDT at 0.038677054999999995 (PnL: -1.7387245396295704e-08)
🟢 OPEN_SHORT: GRTUSDT at 0.038642931000000005 (qty: 6.184229592441085e-05)
🔴 CLOSE_SHORT: GRTUSDT at 0.038767117999999996 (PnL: -8.998605374885152e-09)
🟢 OPEN_SHORT: GRTUSDT at 0.03807333 (qty: 6.2225752756775e-05)
🔴 CLOSE_SHORT: GRTUSDT at 0.037806446 (PnL: 1.531316378996466e-08)
🟢 OPEN_SHORT: GRTUSDT at 0.03778353300000001 (qty: 6.344461993551259e-05)
🔴 CLOSE_SHORT: GRTUSDT at 0.037786432 (PnL: -1.502466152520152e-09)
🟢 OPEN_SHORT: GRTUSDT at 0.036604359 (qty: 6.533429749775769e-05)
🔴 CLOSE_SHORT: GRTUSDT at 0.036685661999999994 (PnL: -6.630131964715201e-09)
🟢 OPEN_SHORT: GRTUSDT at 0.03667431000000001 (qty: 6.477638283045144e-05)
🔴 CLOSE_SHORT: GRTUSDT at 0.036745704 (PnL: -5.933784660119655e-09)
🟢 OPEN_SHORT: GRTUSDT at 0.036574380000000004 (qty: 6.455744111652316e-05)
🔴 CLOSE_SHORT: GRTUSDT at 0.036585592 (PnL: -2.022847740487463e-09)
🟢 OPEN_SHORT: GRTUSDT at 0.036464457000000006 (qty: 6.456987483786728e-05)
🔴 CLOSE_SHORT: GRTUSDT at 0.036575584999999994 (PnL: -8.474445571046225e-09)
🟢 OPEN_SHORT: GRTUSDT at 0.036604359 (qty: 6.378930382066582e-05)
🔴 CLOSE_SHORT: GRTUSDT at 0.036665647999999995 (PnL: -5.19596452989376e-09)
🟢 OPEN_LONG: GRTUSDT at 0.036645633999999996 (qty: 6.336378803316097e-05)
🔴 CLOSE_LONG: GRTUSDT at 0.036614352 (PnL: -3.2581592387576845e-09)
🟢 OPEN_SHORT: GRTUSDT at 0.03647445 (qty: 6.341248901177847e-05)
🔴 CLOSE_SHORT: GRTUSDT at 0.036585592 (PnL: -8.323781751626358e-09)
🟢 OPEN_SHORT: GRTUSDT at 0.036024765 (qty: 6.367130686644577e-05)
🔴 CLOSE_SHORT: GRTUSDT at 0.036165298 (PnL: -1.0214400250643064e-08)
🟢 OPEN_SHORT: GRTUSDT at 0.036114702 (qty: 6.28772168285227e-05)
🔴 CLOSE_SHORT: GRTUSDT at 0.036245354 (PnL: -9.468487973446777e-09)
🟢 OPEN_SHORT: GRTUSDT at 0.035914842 (qty: 6.263029366136107e-05)
🔴 CLOSE_SHORT: GRTUSDT at 0.03592513 (PnL: -1.8818412541353217e-09)
🟢 OPEN_LONG: GRTUSDT at 0.035795039 (qty: 6.266564274288813e-05)
🔴 CLOSE_LONG: GRTUSDT at 0.03547515 (PnL: -2.126873998326268e-08)
🟢 OPEN_SHORT: GRTUSDT at 0.03639450600000001 (qty: 6.0396869102624255e-05)
🔴 CLOSE_SHORT: GRTUSDT at 0.036465508 (PnL: -5.499619882414326e-09)
🟢 OPEN_SHORT: GRTUSDT at 0.036454464 (qty: 5.9929479405744e-05)
🔴 CLOSE_SHORT: GRTUSDT at 0.036515543 (PnL: -4.864029287837787e-09)
🟢 OPEN_SHORT: GRTUSDT at 0.03676424700000001 (qty: 5.9094528012644255e-05)
🔴 CLOSE_SHORT: GRTUSDT at 0.036905816 (PnL: -9.565465713814511e-09)
🟢 OPEN_SHORT: GRTUSDT at 0.036784233000000006 (qty: 5.84773663860549e-05)
🔴 CLOSE_SHORT: GRTUSDT at 0.036835767 (PnL: -4.198304852972177e-09)
🟢 OPEN_SHORT: GRTUSDT at 0.036494436 (qty: 5.86468115601965e-05)
🔴 CLOSE_SHORT: GRTUSDT at 0.036475515 (PnL: -6.688863859099802e-11)
🟢 OPEN_SHORT: GRTUSDT at 0.03637452000000001 (qty: 5.877175075487651e-05)
🔴 CLOSE_SHORT: GRTUSDT at 0.036425479999999996 (PnL: -4.172442495895554e-09)
🟢 OPEN_SHORT: GRTUSDT at 0.036424485000000006 (qty: 5.8397469851142405e-05)
🔴 CLOSE_SHORT: GRTUSDT at 0.036505536 (PnL: -5.905680344782346e-09)
🟢 OPEN_SHORT: GRTUSDT at 0.036524415000000005 (qty: 5.7850251575562225e-05)
🔴 CLOSE_SHORT: GRTUSDT at 0.03652555 (PnL: -1.2278167765775002e-09)
🟢 OPEN_SHORT: GRTUSDT at 0.036424485000000006 (qty: 5.787773585792729e-05)
🔴 CLOSE_SHORT: GRTUSDT at 0.036545563999999996 (PnL: -8.17112435492539e-09)
🟢 OPEN_SHORT: GRTUSDT at 0.036434478 (qty: 5.7349675477372023e-05)
🔴 CLOSE_SHORT: GRTUSDT at 0.036325409999999995 (PnL: 5.109226643670865e-09)
🟢 OPEN_SHORT: GRTUSDT at 0.035445171000000004 (qty: 5.917380076220627e-05)
🔴 CLOSE_SHORT: GRTUSDT at 0.035564878 (PnL: -8.240998120538524e-09)
🟢 OPEN_SHORT: GRTUSDT at 0.036184653000000004 (qty: 5.744524681388679e-05)
🔴 CLOSE_SHORT: GRTUSDT at 0.036285382 (PnL: -6.93283476491504e-09)
🟢 OPEN_SHORT: GRTUSDT at 0.036094716 (qty: 5.714088879312201e-05)
🔴 CLOSE_SHORT: GRTUSDT at 0.036135277 (PnL: -3.453332604849018e-09)
🟢 OPEN_SHORT: GRTUSDT at 0.036094716 (qty: 5.688668544164057e-05)
🔴 CLOSE_SHORT: GRTUSDT at 0.036215332999999995 (PnL: -7.994594979008556e-09)
🟢 OPEN_SHORT: GRTUSDT at 0.036514422000000005 (qty: 5.573307241748488e-05)
🔴 CLOSE_SHORT: GRTUSDT at 0.036185312 (PnL: 1.723311622553896e-08)
🟢 OPEN_SHORT: GRTUSDT at 0.036144681000000005 (qty: 5.719482186166007e-05)
🔴 CLOSE_SHORT: GRTUSDT at 0.036175305 (PnL: -2.8895062935874985e-09)
🟢 OPEN_SHORT: GRTUSDT at 0.036214632000000004 (qty: 5.6861976700583525e-05)
🔴 CLOSE_SHORT: GRTUSDT at 0.03625536099999999 (PnL: -3.4497847698867453e-09)
🟢 OPEN_SHORT: GRTUSDT at 0.036224625 (qty: 5.6593293439126166e-05)
🔴 CLOSE_SHORT: GRTUSDT at 0.036325409999999995 (PnL: -6.8344311023464975e-09)
🟢 OPEN_SHORT: GRTUSDT at 0.036604359 (qty: 5.557116550591775e-05)
🔴 CLOSE_SHORT: GRTUSDT at 0.036745704 (PnL: -8.977807267672122e-09)
🟢 OPEN_SHORT: GRTUSDT at 0.036624345 (qty: 5.498948079782091e-05)
🔴 CLOSE_SHORT: GRTUSDT at 0.03670567599999999 (PnL: -5.582483798832194e-09)
🟢 OPEN_SHORT: GRTUSDT at 0.036654324 (qty: 5.4579465151910994e-05)
🔴 CLOSE_SHORT: GRTUSDT at 0.03670567599999999 (PnL: -3.904621584746056e-09)
🟢 OPEN_SHORT: GRTUSDT at 0.03667431000000001 (qty: 5.4276781908535627e-05)
🔴 CLOSE_SHORT: GRTUSDT at 0.036645633999999996 (PnL: 4.624871015249193e-10)
🟢 OPEN_SHORT: GRTUSDT at 0.036584372999999996 (qty: 5.43756450285749e-05)
🔴 CLOSE_SHORT: GRTUSDT at 0.036765717999999996 (PnL: -1.0960289144860661e-08)
🟢 OPEN_SHORT: GRTUSDT at 0.037293876000000004 (qty: 5.269471247191974e-05)
🔴 CLOSE_SHORT: GRTUSDT at 0.037376145 (PnL: -5.41838016809823e-09)
🟢 OPEN_SHORT: GRTUSDT at 0.038263197 (qty: 5.1020086046840195e-05)
🔴 CLOSE_SHORT: GRTUSDT at 0.03836683799999999 (PnL: -6.364386394838137e-09)
🟢 OPEN_SHORT: GRTUSDT at 0.037983393000000004 (qty: 5.100427494230941e-05)
🔴 CLOSE_SHORT: GRTUSDT at 0.038116662999999995 (PnL: -7.866601739305555e-09)
🟢 OPEN_SHORT: GRTUSDT at 0.037573680000000005 (qty: 5.108499272292231e-05)
🔴 CLOSE_SHORT: GRTUSDT at 0.037576284999999994 (PnL: -1.1888477412213441e-09)
🟢 OPEN_SHORT: GRTUSDT at 0.037603659 (qty: 5.092488679371951e-05)
🔴 CLOSE_SHORT: GRTUSDT at 0.037546263999999996 (PnL: 1.871212293475712e-09)
🟢 OPEN_SHORT: GRTUSDT at 0.037513722 (qty: 5.109058610356566e-05)
🔴 CLOSE_SHORT: GRTUSDT at 0.037636327 (PnL: -7.3215354120960574e-09)
🟢 OPEN_LONG: GRTUSDT at 0.03781645299999999 (qty: 5.023862801817331e-05)
🔴 CLOSE_LONG: GRTUSDT at 0.037763547 (PnL: -3.701378688637941e-09)
🟢 OPEN_SHORT: GRTUSDT at 0.037983393000000004 (qty: 4.9767911109723535e-05)
🔴 CLOSE_SHORT: GRTUSDT at 0.038226739999999995 (PnL: -1.3157227613901427e-08)
🟢 OPEN_SHORT: GRTUSDT at 0.037833498 (qty: 4.9214595005272835e-05)
🔴 CLOSE_SHORT: GRTUSDT at 0.03782646 (PnL: -6.775153305135806e-10)
🟢 OPEN_SHORT: GRTUSDT at 0.037853484 (qty: 4.9098706336565846e-05)
🔴 CLOSE_SHORT: GRTUSDT at 0.037996578999999996 (PnL: -8.051849963994006e-09)
🟢 OPEN_SHORT: GRTUSDT at 0.036554394000000004 (qty: 5.034713424601468e-05)
🔴 CLOSE_SHORT: GRTUSDT at 0.036605606 (PnL: -3.5920204866979447e-09)
🟢 OPEN_SHORT: GRTUSDT at 0.036214632000000004 (qty: 5.056521052446724e-05)
🔴 CLOSE_SHORT: GRTUSDT at 0.036285382 (PnL: -4.586616533490669e-09)
🟢 OPEN_SHORT: GRTUSDT at 0.03569499600000001 (qty: 5.098790142850474e-05)
🔴 CLOSE_SHORT: GRTUSDT at 0.035644933999999996 (PnL: 1.5529531116446798e-09)
🟢 OPEN_SHORT: GRTUSDT at 0.035595066 (qty: 5.116205795294383e-05)
🔴 CLOSE_SHORT: GRTUSDT at 0.035755010999999996 (PnL: -9.189230328972907e-09)
🟢 OPEN_SHORT: GRTUSDT at 0.035325255 (qty: 5.097585680161172e-05)
🔴 CLOSE_SHORT: GRTUSDT at 0.035364738 (PnL: -3.0041910551610136e-09)
🟢 OPEN_SHORT: GRTUSDT at 0.035405199000000005 (qty: 5.063510445445351e-05)
🔴 CLOSE_SHORT: GRTUSDT at 0.035464807999999994 (PnL: -4.00597828307035e-09)
🟢 OPEN_SHORT: GRTUSDT at 0.035215332 (qty: 5.062459648215207e-05)
🔴 CLOSE_SHORT: GRTUSDT at 0.03525466099999999 (PnL: -2.9726288980281242e-09)
🟢 OPEN_SHORT: GRTUSDT at 0.03517536 (qty: 5.045735641424107e-05)
🔴 CLOSE_SHORT: GRTUSDT at 0.03522464 (PnL: -3.464076742367571e-09)
🟢 OPEN_LONG: GRTUSDT at 0.035434786999999995 (qty: 4.98373302424625e-05)
🔴 CLOSE_LONG: GRTUSDT at 0.035525115 (PnL: 3.527944077655478e-09)
🟢 OPEN_SHORT: GRTUSDT at 0.035355234000000006 (qty: 5.009409631529122e-05)
🔴 CLOSE_SHORT: GRTUSDT at 0.035324709999999995 (PnL: 5.558145121511448e-10)
🟢 OPEN_SHORT: GRTUSDT at 0.03533524800000001 (qty: 5.0098754901139965e-05)
🔴 CLOSE_SHORT: GRTUSDT at 0.035404766 (PnL: -4.4583193250083965e-09)
🟢 OPEN_SHORT: GRTUSDT at 0.03557508 (qty: 4.9455630546752595e-05)
🔴 CLOSE_SHORT: GRTUSDT at 0.035564878 (PnL: -4.628395639065706e-10)
🟢 OPEN_SHORT: GRTUSDT at 0.035075430000000005 (qty: 5.007855947051504e-05)
🔴 CLOSE_SHORT: GRTUSDT at 0.035174605 (PnL: -5.9353625870773854e-09)
🟢 OPEN_SHORT: GRTUSDT at 0.03487557 (qty: 4.996976686909458e-05)
🔴 CLOSE_SHORT: GRTUSDT at 0.03492443 (PnL: -3.401363903048658e-09)
🟢 OPEN_SHORT: GRTUSDT at 0.034895556 (qty: 4.969126664748161e-05)
🔴 CLOSE CLOSE_SHORT: DOTUSDT at 1.8130682599999999 (PnL: 0.8375999033090583)
🔴 CLOSE CLOSE_SHORT: SNXUSDT at 0.41709176 (PnL: -1.7666513170915726e-06)
🔴 CLOSE CLOSE_SHORT: GRTUSDT at 0.03493443699999999 (PnL: -2.8868111718009222e-09)
