timestamp,datetime,open,high,low,close,volume
1735207200000,2024-12-26 12:00:00,342.13,345.13,338.49,340.55,41558.72
1735214400000,2024-12-26 14:00:00,340.55,341.03,335.89,338.49,20991.36
1735221600000,2024-12-26 16:00:00,338.49,341.15,335.01,336.38,28923.01
1735228800000,2024-12-26 18:00:00,336.38,339.25,332.3,334.18,26594.13
1735236000000,2024-12-26 20:00:00,334.18,336.43,332.57,335.93,11352.58
1735243200000,2024-12-26 22:00:00,335.93,338.47,330.27,338.12,27132.69
1735250400000,2024-12-27 00:00:00,338.12,341.7,334.82,337.59,18254.82
1735257600000,2024-12-27 02:00:00,337.59,350.4,334.38,346.6,40697.07
1735264800000,2024-12-27 04:00:00,346.6,350.17,340.56,342.94,30605.15
1735272000000,2024-12-27 06:00:00,342.94,346.4,337.44,339.81,21183.67
1735279200000,2024-12-27 08:00:00,339.81,342.38,332.62,335.62,29914.28
1735286400000,2024-12-27 10:00:00,335.62,351.95,335.59,345.57,45816.27
1735293600000,2024-12-27 12:00:00,345.57,346.42,340.19,342.9,19213.71
1735300800000,2024-12-27 14:00:00,342.9,343.2,333.34,333.86,23152.08
1735308000000,2024-12-27 16:00:00,333.86,334.19,320.8,325.69,78750.44
1735315200000,2024-12-27 18:00:00,325.69,329.82,320.22,327.28,58046.26
1735322400000,2024-12-27 20:00:00,327.28,330.38,324.78,326.72,17828.87
1735329600000,2024-12-27 22:00:00,326.72,326.84,322.21,322.93,13540.88
1735336800000,2024-12-28 00:00:00,322.93,326.02,321.68,323.76,17046.71
1735344000000,2024-12-28 02:00:00,323.76,328.23,320.97,323.23,22937.62
1735351200000,2024-12-28 04:00:00,323.23,324.94,322.78,323.96,6515.73
1735358400000,2024-12-28 06:00:00,323.96,324.22,321.28,321.84,9256.3
1735365600000,2024-12-28 08:00:00,321.84,325.16,318.86,324.58,15295.29
1735372800000,2024-12-28 10:00:00,324.58,329.85,321.98,328.43,16442.32
1735380000000,2024-12-28 12:00:00,328.43,330.92,325.39,330.48,12318.81
1735387200000,2024-12-28 14:00:00,330.48,337.2,329.42,337.17,38105.43
1735394400000,2024-12-28 16:00:00,337.17,339.6,330.44,331.13,30201.53
1735401600000,2024-12-28 18:00:00,331.13,338.75,330.48,335.24,15224.92
1735408800000,2024-12-28 20:00:00,335.24,344.45,333.52,343.05,27680.95
1735416000000,2024-12-28 22:00:00,343.05,357.18,343.05,354.97,38013.3
1735423200000,2024-12-29 00:00:00,354.97,362.15,351.64,354.23,32503.82
1735430400000,2024-12-29 02:00:00,354.23,355.55,343.34,343.51,24865.3
1735437600000,2024-12-29 04:00:00,343.51,345.15,342.03,343.1,13799.76
1735444800000,2024-12-29 06:00:00,343.1,347.3,340.76,341.32,15501.8
1735452000000,2024-12-29 08:00:00,341.32,343.88,337.1,340.39,24164.24
1735459200000,2024-12-29 10:00:00,340.39,341.25,337.22,339.49,8273.23
1735466400000,2024-12-29 12:00:00,339.49,341.67,338.48,340.04,9896.03
1735473600000,2024-12-29 14:00:00,340.04,341.63,336.38,337.83,13424.46
1735480800000,2024-12-29 16:00:00,337.83,340.28,333.57,333.67,22093.09
1735488000000,2024-12-29 18:00:00,333.67,334.32,328.9,331.68,20928.54
1735495200000,2024-12-29 20:00:00,331.68,332.17,329.76,330.35,7295.56
1735502400000,2024-12-29 22:00:00,330.35,331.0,327.01,329.82,11280.96
1735509600000,2024-12-30 00:00:00,329.82,333.42,326.1,332.51,17574.01
1735516800000,2024-12-30 02:00:00,332.51,344.39,332.15,343.59,34079.97
1735524000000,2024-12-30 04:00:00,343.59,344.55,336.64,336.71,19019.5
1735531200000,2024-12-30 06:00:00,336.71,341.41,333.52,340.4,18721.27
1735538400000,2024-12-30 08:00:00,340.4,340.4,334.36,338.57,22872.9
1735545600000,2024-12-30 10:00:00,338.57,341.42,331.85,336.95,19388.97
1735552800000,2024-12-30 12:00:00,336.95,341.48,333.02,340.44,14993.48
1735560000000,2024-12-30 14:00:00,340.44,340.78,323.52,325.95,42146.25
1735567200000,2024-12-30 16:00:00,325.95,330.18,321.2,327.23,53791.02
1735574400000,2024-12-30 18:00:00,327.23,335.67,325.73,331.66,37241.87
1735581600000,2024-12-30 20:00:00,331.66,334.39,328.6,329.18,33002.06
1735588800000,2024-12-30 22:00:00,329.18,334.73,322.02,323.76,26864.18
1735596000000,2024-12-31 00:00:00,323.76,326.22,318.7,321.8,33344.78
1735603200000,2024-12-31 02:00:00,321.8,321.89,310.11,313.23,45905.54
1735610400000,2024-12-31 04:00:00,313.23,317.61,311.96,313.61,22052.16
1735617600000,2024-12-31 06:00:00,313.61,315.15,309.06,311.24,21300.84
1735624800000,2024-12-31 08:00:00,311.24,314.02,308.02,310.82,19788.53
1735632000000,2024-12-31 10:00:00,310.82,320.13,310.3,314.26,28312.67
1735639200000,2024-12-31 12:00:00,314.26,315.43,311.38,312.3,12785.04
1735646400000,2024-12-31 14:00:00,312.3,323.44,312.0,322.5,40104.73
1735653600000,2024-12-31 16:00:00,322.5,328.08,317.85,318.01,41281.08
1735660800000,2024-12-31 18:00:00,318.01,318.67,305.86,312.34,39573.78
1735668000000,2024-12-31 20:00:00,312.34,313.51,308.59,309.23,12280.23
1735675200000,2024-12-31 22:00:00,309.23,310.57,307.38,309.86,7530.69
1735682400000,2025-01-01 00:00:00,309.86,311.62,307.83,308.56,9637.47
1735689600000,2025-01-01 02:00:00,308.56,314.0,308.55,313.19,15428.18
1735696800000,2025-01-01 04:00:00,313.19,316.83,311.69,312.13,13269.37
1735704000000,2025-01-01 06:00:00,312.13,313.07,309.25,310.53,6214.48
1735711200000,2025-01-01 08:00:00,310.53,315.35,308.49,313.2,16244.17
1735718400000,2025-01-01 10:00:00,313.2,314.7,306.46,308.67,23260.68
1735725600000,2025-01-01 12:00:00,308.67,313.45,307.43,309.84,22899.72
1735732800000,2025-01-01 14:00:00,309.84,316.73,308.55,315.45,33153.08
1735740000000,2025-01-01 16:00:00,315.45,319.58,310.74,318.91,32168.35
1735747200000,2025-01-01 18:00:00,318.91,320.53,311.11,314.06,25931.7
1735754400000,2025-01-01 20:00:00,314.06,320.44,311.81,318.56,16349.73
1735761600000,2025-01-01 22:00:00,318.56,322.52,317.14,321.65,25572.85
1735768800000,2025-01-02 00:00:00,321.65,322.92,319.07,319.71,13070.34
1735776000000,2025-01-02 02:00:00,319.71,330.38,318.6,322.41,45097.09
1735783200000,2025-01-02 04:00:00,322.41,325.78,320.21,322.86,14572.27
1735790400000,2025-01-02 06:00:00,322.86,333.23,322.02,332.57,22878.67
1735797600000,2025-01-02 08:00:00,332.57,336.26,328.24,333.65,20445.87
1735804800000,2025-01-02 10:00:00,333.65,335.62,329.86,334.47,19408.54
1735812000000,2025-01-02 12:00:00,334.47,337.59,331.35,333.63,25228.04
1735819200000,2025-01-02 14:00:00,333.63,336.67,331.3,333.75,18686.16
1735826400000,2025-01-02 16:00:00,333.75,339.67,330.62,331.1,34227.25
1735833600000,2025-01-02 18:00:00,331.1,339.88,329.13,333.59,26258.97
1735840800000,2025-01-02 20:00:00,333.59,339.31,332.06,335.23,12987.4
1735848000000,2025-01-02 22:00:00,335.23,336.99,331.23,331.67,13659.86
1735855200000,2025-01-03 00:00:00,331.67,334.1,328.83,333.42,7207.18
1735862400000,2025-01-03 02:00:00,333.42,334.73,326.01,328.63,9850.2
1735869600000,2025-01-03 04:00:00,328.63,332.07,326.88,327.71,9392.12
1735876800000,2025-01-03 06:00:00,327.71,328.06,323.42,323.93,9642.96
1735884000000,2025-01-03 08:00:00,323.93,325.94,318.72,318.99,15197.4
1735891200000,2025-01-03 10:00:00,318.99,325.24,317.03,324.4,17731.58
1735898400000,2025-01-03 12:00:00,324.4,329.84,322.27,329.64,17046.96
1735905600000,2025-01-03 14:00:00,329.64,335.92,328.5,334.21,35224.7
1735912800000,2025-01-03 16:00:00,334.21,348.86,334.2,347.17,66417.82
1735920000000,2025-01-03 18:00:00,347.17,356.31,347.17,348.93,37596.19
1735927200000,2025-01-03 20:00:00,348.93,353.63,348.72,352.85,14419.52
1735934400000,2025-01-03 22:00:00,352.85,353.1,348.93,351.62,14468.85
1735941600000,2025-01-04 00:00:00,351.62,352.77,349.66,350.74,7357.55
1735948800000,2025-01-04 02:00:00,350.74,351.3,341.62,343.1,17730.93
1735956000000,2025-01-04 04:00:00,343.1,345.46,340.78,341.88,12729.02
1735963200000,2025-01-04 06:00:00,341.88,342.53,338.96,340.79,9710.62
1735970400000,2025-01-04 08:00:00,340.79,346.16,340.79,344.38,10119.91
1735977600000,2025-01-04 10:00:00,344.38,344.9,339.41,342.03,11132.01
1735984800000,2025-01-04 12:00:00,342.03,342.81,339.04,342.21,7178.99
1735992000000,2025-01-04 14:00:00,342.21,361.33,341.88,359.27,58459.59
1735999200000,2025-01-04 16:00:00,359.27,359.4,346.51,348.13,43687.89
1736006400000,2025-01-04 18:00:00,348.13,355.9,348.11,353.38,33166.15
1736013600000,2025-01-04 20:00:00,353.38,356.96,352.42,355.86,16448.81
1736020800000,2025-01-04 22:00:00,355.86,359.12,354.17,354.78,18338.0
1736028000000,2025-01-05 00:00:00,354.78,354.97,350.82,351.55,7158.5
1736035200000,2025-01-05 02:00:00,351.55,352.62,341.27,344.79,27553.25
1736042400000,2025-01-05 04:00:00,344.79,350.73,344.76,347.6,19699.08
1736049600000,2025-01-05 06:00:00,347.6,352.74,345.83,346.77,13081.89
1736056800000,2025-01-05 08:00:00,346.77,350.43,345.44,346.2,8917.58
1736064000000,2025-01-05 10:00:00,346.2,347.17,340.19,343.37,23911.14
1736071200000,2025-01-05 12:00:00,343.37,346.21,342.34,344.78,9595.78
1736078400000,2025-01-05 14:00:00,344.78,346.93,342.88,343.11,10370.3
1736085600000,2025-01-05 16:00:00,343.11,344.8,340.41,342.15,16555.31
1736092800000,2025-01-05 18:00:00,342.15,344.84,340.0,340.98,11778.57
1736100000000,2025-01-05 20:00:00,340.98,343.12,339.2,341.89,10961.51
1736107200000,2025-01-05 22:00:00,341.89,343.21,339.82,341.82,8244.88
1736114400000,2025-01-06 00:00:00,341.82,344.46,339.58,341.67,10444.63
1736121600000,2025-01-06 02:00:00,341.67,343.22,335.66,341.33,20207.06
1736128800000,2025-01-06 04:00:00,341.33,346.68,340.97,345.94,24620.28
1736136000000,2025-01-06 06:00:00,345.94,349.27,344.49,346.93,11758.36
1736143200000,2025-01-06 08:00:00,346.93,347.64,339.86,340.06,16222.18
1736150400000,2025-01-06 10:00:00,340.06,341.76,335.22,338.66,26616.7
1736157600000,2025-01-06 12:00:00,338.66,343.34,336.51,343.25,14650.54
1736164800000,2025-01-06 14:00:00,343.25,345.6,340.6,343.34,16666.87
1736172000000,2025-01-06 16:00:00,343.34,350.84,338.93,349.0,53791.37
1736179200000,2025-01-06 18:00:00,349.0,355.26,341.3,342.28,45796.24
1736186400000,2025-01-06 20:00:00,342.28,347.48,340.61,346.12,13133.51
1736193600000,2025-01-06 22:00:00,346.12,346.5,339.86,340.23,17840.15
1736200800000,2025-01-07 00:00:00,340.23,342.23,337.33,341.39,13323.87
1736208000000,2025-01-07 02:00:00,341.39,342.87,337.14,342.11,12486.15
1736215200000,2025-01-07 04:00:00,342.11,343.26,336.59,339.19,9104.53
1736222400000,2025-01-07 06:00:00,339.19,339.95,336.91,338.9,10479.48
1736229600000,2025-01-07 08:00:00,338.9,340.37,336.88,337.44,9504.25
1736236800000,2025-01-07 10:00:00,337.44,339.67,333.23,335.0,17819.65
1736244000000,2025-01-07 12:00:00,335.0,335.81,330.38,333.27,20126.1
1736251200000,2025-01-07 14:00:00,333.27,334.78,330.59,332.57,8557.19
1736258400000,2025-01-07 16:00:00,332.57,333.25,310.9,315.74,144961.45
1736265600000,2025-01-07 18:00:00,315.74,318.33,310.52,312.69,31339.53
1736272800000,2025-01-07 20:00:00,312.69,314.04,306.83,308.14,30945.91
1736280000000,2025-01-07 22:00:00,308.14,311.77,305.68,306.42,20155.91
1736287200000,2025-01-08 00:00:00,306.42,309.48,305.22,306.74,16745.66
1736294400000,2025-01-08 02:00:00,306.74,312.24,306.0,308.13,18027.95
1736301600000,2025-01-08 04:00:00,308.13,308.91,300.94,302.35,33193.67
1736308800000,2025-01-08 06:00:00,302.35,304.06,298.79,299.38,19650.54
1736316000000,2025-01-08 08:00:00,299.38,301.22,291.69,298.39,34521.62
1736323200000,2025-01-08 10:00:00,298.39,302.26,296.36,296.54,19162.75
1736330400000,2025-01-08 12:00:00,296.54,299.62,294.05,295.65,15214.37
1736337600000,2025-01-08 14:00:00,295.65,297.74,293.47,294.01,23768.01
1736344800000,2025-01-08 16:00:00,294.01,298.88,291.72,293.65,23548.12
1736352000000,2025-01-08 18:00:00,293.65,293.69,275.62,284.88,91527.22
1736359200000,2025-01-08 20:00:00,284.88,295.77,283.2,292.37,57249.0
1736366400000,2025-01-08 22:00:00,292.37,292.69,286.72,289.74,15909.32
1736373600000,2025-01-09 00:00:00,289.74,295.44,289.67,293.15,13172.81
1736380800000,2025-01-09 02:00:00,293.15,299.76,292.17,297.29,17612.79
1736388000000,2025-01-09 04:00:00,297.29,298.28,290.59,291.23,18904.38
1736395200000,2025-01-09 06:00:00,291.23,292.44,288.43,289.42,11267.87
1736402400000,2025-01-09 08:00:00,289.42,290.26,282.14,282.87,23652.42
1736409600000,2025-01-09 10:00:00,282.87,288.04,282.09,286.14,15294.77
1736416800000,2025-01-09 12:00:00,286.14,287.87,282.08,284.28,9927.86
1736424000000,2025-01-09 14:00:00,284.28,285.48,275.15,275.42,29051.77
1736431200000,2025-01-09 16:00:00,275.42,290.63,273.44,287.9,42387.52
1736438400000,2025-01-09 18:00:00,287.9,292.37,280.38,282.56,32631.75
1736445600000,2025-01-09 20:00:00,282.56,285.07,276.52,277.37,20581.27
1736452800000,2025-01-09 22:00:00,277.37,281.52,273.07,278.78,34931.37
1736460000000,2025-01-10 00:00:00,278.78,284.39,277.56,280.97,19121.09
1736467200000,2025-01-10 02:00:00,280.97,285.16,280.92,284.67,12724.74
1736474400000,2025-01-10 04:00:00,284.67,288.86,284.03,288.01,18801.59
1736481600000,2025-01-10 06:00:00,288.01,291.69,284.28,291.3,18422.1
1736488800000,2025-01-10 08:00:00,291.3,300.83,289.77,297.3,25228.33
1736496000000,2025-01-10 10:00:00,297.3,298.16,292.27,292.95,17305.81
1736503200000,2025-01-10 12:00:00,292.95,294.15,288.97,290.79,18638.86
1736510400000,2025-01-10 14:00:00,290.79,291.71,278.64,282.17,52802.22
1736517600000,2025-01-10 16:00:00,282.17,287.76,276.91,281.18,47013.03
1736524800000,2025-01-10 18:00:00,281.18,290.65,277.94,289.79,25045.67
1736532000000,2025-01-10 20:00:00,289.79,289.81,283.06,287.05,19304.46
1736539200000,2025-01-10 22:00:00,287.05,287.89,283.97,285.1,10638.38
1736546400000,2025-01-11 00:00:00,285.1,287.51,283.7,285.56,7510.65
1736553600000,2025-01-11 02:00:00,285.56,287.15,280.84,282.42,9785.94
1736560800000,2025-01-11 04:00:00,282.42,283.93,280.5,281.08,8733.65
1736568000000,2025-01-11 06:00:00,281.08,283.64,279.66,283.45,7955.42
1736575200000,2025-01-11 08:00:00,283.45,285.1,280.98,282.43,14473.72
1736582400000,2025-01-11 10:00:00,282.43,283.76,280.17,282.57,5836.3
1736589600000,2025-01-11 12:00:00,282.57,288.54,282.57,287.64,12663.48
1736596800000,2025-01-11 14:00:00,287.64,288.31,283.2,284.19,9254.59
1736604000000,2025-01-11 16:00:00,284.19,287.76,283.65,286.76,10181.42
1736611200000,2025-01-11 18:00:00,286.76,288.36,284.05,285.1,9375.15
1736618400000,2025-01-11 20:00:00,285.1,286.43,283.56,285.6,6574.25
1736625600000,2025-01-11 22:00:00,285.6,293.75,284.91,291.46,19686.29
1736632800000,2025-01-12 00:00:00,291.46,291.92,286.67,287.1,12065.74
1736640000000,2025-01-12 02:00:00,287.1,288.21,285.6,287.88,5152.58
1736647200000,2025-01-12 04:00:00,287.88,289.69,286.26,288.1,6500.91
1736654400000,2025-01-12 06:00:00,288.1,291.59,287.34,289.3,6774.98
1736661600000,2025-01-12 08:00:00,289.3,290.15,286.36,289.93,6810.85
1736668800000,2025-01-12 10:00:00,289.93,290.93,284.51,286.09,11349.75
1736676000000,2025-01-12 12:00:00,286.09,291.5,285.77,291.03,15874.09
1736683200000,2025-01-12 14:00:00,291.03,295.53,288.67,294.81,18503.02
1736690400000,2025-01-12 16:00:00,294.81,295.92,290.96,292.75,14979.69
1736697600000,2025-01-12 18:00:00,292.75,295.22,290.89,292.87,11596.81
1736704800000,2025-01-12 20:00:00,292.87,294.32,290.64,291.5,4338.52
1736712000000,2025-01-12 22:00:00,291.5,292.32,287.66,288.13,6765.9
1736719200000,2025-01-13 00:00:00,288.13,288.95,284.65,287.81,10414.81
1736726400000,2025-01-13 02:00:00,287.81,296.74,284.19,285.17,25634.7
1736733600000,2025-01-13 04:00:00,285.17,286.06,277.52,278.41,22013.18
1736740800000,2025-01-13 06:00:00,278.41,283.06,275.59,276.78,16193.55
1736748000000,2025-01-13 08:00:00,276.78,277.93,270.28,273.7,32014.59
1736755200000,2025-01-13 10:00:00,273.7,274.43,265.45,267.56,30716.64
1736762400000,2025-01-13 12:00:00,267.56,267.69,256.33,256.45,52578.5
1736769600000,2025-01-13 14:00:00,256.45,268.63,256.05,265.01,57364.74
1736776800000,2025-01-13 16:00:00,265.01,276.52,258.12,273.57,106204.24
1736784000000,2025-01-13 18:00:00,273.57,274.97,266.58,267.78,30053.5
1736791200000,2025-01-13 20:00:00,267.78,269.69,263.48,267.94,36571.99
1736798400000,2025-01-13 22:00:00,267.94,290.37,265.77,287.99,101076.86
1736805600000,2025-01-14 00:00:00,287.99,295.83,287.48,289.45,62221.54
1736812800000,2025-01-14 02:00:00,289.45,292.36,285.49,289.5,31291.38
1736820000000,2025-01-14 04:00:00,289.5,296.37,288.21,291.01,26461.01
1736827200000,2025-01-14 06:00:00,291.01,293.14,286.77,287.21,21956.28
1736834400000,2025-01-14 08:00:00,287.21,289.5,285.18,285.48,15991.64
1736841600000,2025-01-14 10:00:00,285.48,299.9,285.31,297.76,49920.28
1736848800000,2025-01-14 12:00:00,297.76,298.62,289.55,290.52,34666.09
1736856000000,2025-01-14 14:00:00,290.52,295.4,286.14,292.33,40753.12
1736863200000,2025-01-14 16:00:00,292.33,296.0,290.68,291.06,28572.53
1736870400000,2025-01-14 18:00:00,291.06,292.88,288.34,291.35,18054.03
1736877600000,2025-01-14 20:00:00,291.35,294.82,291.0,292.63,15124.02
1736884800000,2025-01-14 22:00:00,292.63,295.75,290.36,293.8,13324.54
1736892000000,2025-01-15 00:00:00,293.8,301.58,293.52,295.38,33757.12
1736899200000,2025-01-15 02:00:00,295.38,298.94,292.5,295.25,33735.1
1736906400000,2025-01-15 04:00:00,295.25,299.3,292.08,295.55,25906.56
1736913600000,2025-01-15 06:00:00,295.55,297.83,291.19,293.8,26730.4
1736920800000,2025-01-15 08:00:00,293.8,296.2,291.47,294.41,18296.2
1736928000000,2025-01-15 10:00:00,294.41,295.53,287.34,287.76,31106.11
1736935200000,2025-01-15 12:00:00,287.76,291.29,285.61,287.77,26128.87
1736942400000,2025-01-15 14:00:00,287.77,306.05,285.78,306.0,99189.87
1736949600000,2025-01-15 16:00:00,306.0,317.6,303.49,314.26,127714.0
1736956800000,2025-01-15 18:00:00,314.26,317.77,310.9,311.63,50384.61
1736964000000,2025-01-15 20:00:00,311.63,323.27,311.53,322.11,29804.06
1736971200000,2025-01-15 22:00:00,322.11,323.8,316.62,317.3,28979.4
1736978400000,2025-01-16 00:00:00,317.3,320.74,315.66,319.79,16578.08
1736985600000,2025-01-16 02:00:00,319.79,321.35,311.68,317.18,25437.47
1736992800000,2025-01-16 04:00:00,317.18,317.2,309.63,310.67,17361.63
1737000000000,2025-01-16 06:00:00,310.67,313.04,310.52,311.66,10825.64
1737007200000,2025-01-16 08:00:00,311.66,314.08,310.67,312.6,12762.51
1737014400000,2025-01-16 10:00:00,312.6,313.59,304.97,308.69,32937.44
1737021600000,2025-01-16 12:00:00,308.69,313.52,307.23,313.06,30317.99
1737028800000,2025-01-16 14:00:00,313.06,320.66,311.39,315.14,55798.48
1737036000000,2025-01-16 16:00:00,315.14,317.68,306.52,316.07,75273.72
1737043200000,2025-01-16 18:00:00,316.07,320.34,314.58,316.95,28537.23
1737050400000,2025-01-16 20:00:00,316.95,319.04,312.05,318.34,21606.2
1737057600000,2025-01-16 22:00:00,318.34,319.2,312.64,313.37,18612.88
1737064800000,2025-01-17 00:00:00,313.37,313.45,307.26,311.02,19507.81
1737072000000,2025-01-17 02:00:00,311.02,323.51,310.71,322.44,27845.68
1737079200000,2025-01-17 04:00:00,322.44,327.91,317.35,317.85,66066.87
1737086400000,2025-01-17 06:00:00,317.85,319.58,316.14,319.26,13859.2
1737093600000,2025-01-17 08:00:00,319.26,325.05,318.4,322.53,26319.67
1737100800000,2025-01-17 10:00:00,322.53,329.25,321.72,326.51,34363.9
1737108000000,2025-01-17 12:00:00,326.51,329.2,325.38,326.57,21715.34
1737115200000,2025-01-17 14:00:00,326.57,327.54,323.08,323.97,32381.85
1737122400000,2025-01-17 16:00:00,323.97,333.71,323.84,327.14,48551.97
1737129600000,2025-01-17 18:00:00,327.14,330.53,323.36,323.99,30992.33
1737136800000,2025-01-17 20:00:00,323.99,327.78,323.0,326.62,28931.31
1737144000000,2025-01-17 22:00:00,326.62,335.43,325.98,332.64,51906.42
1737151200000,2025-01-18 00:00:00,332.64,336.41,332.23,335.0,15964.93
1737158400000,2025-01-18 02:00:00,335.0,341.96,332.87,336.06,35784.78
1737165600000,2025-01-18 04:00:00,336.06,338.84,323.51,325.49,48686.01
1737172800000,2025-01-18 06:00:00,325.49,326.91,313.07,314.09,61636.02
1737180000000,2025-01-18 08:00:00,314.09,318.96,311.39,313.3,44148.51
1737187200000,2025-01-18 10:00:00,313.3,315.1,308.18,312.12,32497.29
1737194400000,2025-01-18 12:00:00,312.12,316.32,306.09,315.38,35693.86
1737201600000,2025-01-18 14:00:00,315.38,318.93,310.38,318.48,27536.03
1737208800000,2025-01-18 16:00:00,318.48,320.13,311.49,317.23,37175.58
1737216000000,2025-01-18 18:00:00,317.23,319.13,309.09,309.13,48145.73
1737223200000,2025-01-18 20:00:00,309.13,315.6,307.85,315.36,17829.26
1737230400000,2025-01-18 22:00:00,315.36,315.85,309.49,311.21,14429.1
1737237600000,2025-01-19 00:00:00,311.21,318.9,310.56,315.39,18942.28
1737244800000,2025-01-19 02:00:00,315.39,321.67,313.37,320.28,29732.55
1737252000000,2025-01-19 04:00:00,320.28,326.39,316.75,317.25,30424.93
1737259200000,2025-01-19 06:00:00,317.25,317.44,307.54,313.89,30591.09
1737266400000,2025-01-19 08:00:00,313.89,313.92,305.58,308.93,15915.79
1737273600000,2025-01-19 10:00:00,308.93,309.19,293.69,302.99,95068.92
1737280800000,2025-01-19 12:00:00,302.99,305.11,292.37,294.39,65464.84
1737288000000,2025-01-19 14:00:00,294.39,312.11,294.05,312.06,45586.61
1737295200000,2025-01-19 16:00:00,312.06,340.89,309.01,330.8,187310.92
1737302400000,2025-01-19 18:00:00,330.8,348.0,330.67,347.23,99322.36
1737309600000,2025-01-19 20:00:00,347.23,348.17,338.8,341.32,33385.42
1737316800000,2025-01-19 22:00:00,341.32,346.06,318.75,319.06,134623.6
1737324000000,2025-01-20 00:00:00,319.06,325.37,302.36,309.19,174038.69
1737331200000,2025-01-20 02:00:00,309.19,310.01,296.34,299.43,101461.92
1737338400000,2025-01-20 04:00:00,299.43,317.47,298.5,312.1,162628.35
1737345600000,2025-01-20 06:00:00,312.1,327.08,309.28,322.41,82464.79
1737352800000,2025-01-20 08:00:00,322.41,361.69,321.68,354.38,248721.6
1737360000000,2025-01-20 10:00:00,354.38,365.48,342.07,348.41,151819.92
1737367200000,2025-01-20 12:00:00,348.41,350.67,342.29,343.39,60206.81
1737374400000,2025-01-20 14:00:00,343.39,351.65,329.12,348.81,216818.67
1737381600000,2025-01-20 16:00:00,348.81,356.53,344.24,347.04,118868.03
1737388800000,2025-01-20 18:00:00,347.04,352.72,319.2,332.3,274240.71
1737396000000,2025-01-20 20:00:00,332.3,365.27,330.61,355.35,292665.74
1737403200000,2025-01-20 22:00:00,355.35,356.25,340.23,341.65,91275.11
1737410400000,2025-01-21 00:00:00,341.65,349.26,334.87,337.42,62541.07
1737417600000,2025-01-21 02:00:00,337.42,339.56,326.9,336.71,129639.32
1737424800000,2025-01-21 04:00:00,336.71,349.65,336.05,345.91,90766.26
1737432000000,2025-01-21 06:00:00,345.91,346.07,332.65,336.5,53125.38
1737439200000,2025-01-21 08:00:00,336.5,344.88,334.83,341.45,59973.74
1737446400000,2025-01-21 10:00:00,341.45,355.4,338.06,355.29,61736.49
1737453600000,2025-01-21 12:00:00,355.29,369.82,349.46,362.4,156707.16
1737460800000,2025-01-21 14:00:00,362.4,371.58,357.99,365.67,111463.16
1737468000000,2025-01-21 16:00:00,365.67,367.17,355.0,357.5,89602.49
1737475200000,2025-01-21 18:00:00,357.5,366.93,355.95,365.98,76436.23
1737482400000,2025-01-21 20:00:00,365.98,378.39,364.95,371.67,84225.98
1737489600000,2025-01-21 22:00:00,371.67,378.45,367.39,370.9,51179.26
1737496800000,2025-01-22 00:00:00,370.9,376.99,365.75,370.6,63214.7
1737504000000,2025-01-22 02:00:00,370.6,372.24,359.29,361.04,54639.54
1737511200000,2025-01-22 04:00:00,361.04,367.55,359.91,364.62,28300.62
1737518400000,2025-01-22 06:00:00,364.62,366.14,361.01,361.45,18578.58
1737525600000,2025-01-22 08:00:00,361.45,363.04,356.01,356.79,19814.48
1737532800000,2025-01-22 10:00:00,356.79,363.94,353.74,363.13,47723.35
1737540000000,2025-01-22 12:00:00,363.13,365.78,360.0,360.1,33074.96
1737547200000,2025-01-22 14:00:00,360.1,360.69,355.09,355.44,33267.73
1737554400000,2025-01-22 16:00:00,355.44,358.54,351.11,353.06,44162.16
1737561600000,2025-01-22 18:00:00,353.06,354.41,349.2,353.03,21690.33
1737568800000,2025-01-22 20:00:00,353.03,353.99,348.2,349.64,23808.57
1737576000000,2025-01-22 22:00:00,349.64,354.61,347.15,349.68,23941.61
1737583200000,2025-01-23 00:00:00,349.68,352.77,345.08,346.55,23034.38
1737590400000,2025-01-23 02:00:00,346.55,350.34,337.02,337.46,37072.3
1737597600000,2025-01-23 04:00:00,337.46,342.37,335.0,336.38,38472.36
1737604800000,2025-01-23 06:00:00,336.38,337.34,331.5,336.9,22944.04
1737612000000,2025-01-23 08:00:00,336.9,338.55,331.2,338.0,24386.05
1737619200000,2025-01-23 10:00:00,338.0,339.2,331.52,332.74,22954.18
1737626400000,2025-01-23 12:00:00,332.74,337.06,330.69,334.43,32510.94
1737633600000,2025-01-23 14:00:00,334.43,337.99,329.71,336.91,34821.86
1737640800000,2025-01-23 16:00:00,336.91,346.56,334.26,337.06,84834.3
1737648000000,2025-01-23 18:00:00,337.06,345.13,331.35,335.78,45623.14
1737655200000,2025-01-23 20:00:00,335.78,336.95,327.83,328.81,25473.92
1737662400000,2025-01-23 22:00:00,328.81,343.38,324.16,328.44,129876.42
1737669600000,2025-01-24 00:00:00,328.44,340.4,327.88,337.24,42370.22
1737676800000,2025-01-24 02:00:00,337.24,340.93,329.6,330.93,24679.64
1737684000000,2025-01-24 04:00:00,330.93,335.75,327.71,334.67,30901.63
1737691200000,2025-01-24 06:00:00,334.67,349.33,330.47,349.1,49128.04
1737698400000,2025-01-24 08:00:00,349.1,354.51,344.42,348.18,48410.61
1737705600000,2025-01-24 10:00:00,348.18,352.29,345.7,347.62,26365.19
1737712800000,2025-01-24 12:00:00,347.62,352.12,345.59,351.33,23319.32
1737720000000,2025-01-24 14:00:00,351.33,357.52,349.13,350.75,56610.79
1737727200000,2025-01-24 16:00:00,350.75,353.96,344.7,348.56,39537.51
1737734400000,2025-01-24 18:00:00,348.56,354.94,348.1,352.18,28402.53
1737741600000,2025-01-24 20:00:00,352.18,354.14,347.9,350.93,23392.11
1737748800000,2025-01-24 22:00:00,350.93,350.94,339.42,340.38,46079.65
1737756000000,2025-01-25 00:00:00,340.38,340.49,332.67,334.74,19693.05
1737763200000,2025-01-25 02:00:00,334.74,338.35,330.36,336.69,22698.57
1737770400000,2025-01-25 04:00:00,336.69,338.15,334.38,337.85,14935.08
1737777600000,2025-01-25 06:00:00,337.85,337.85,331.81,333.02,13206.92
1737784800000,2025-01-25 08:00:00,333.02,334.59,330.59,330.99,14815.51
1737792000000,2025-01-25 10:00:00,330.99,332.89,330.02,330.67,11298.44
1737799200000,2025-01-25 12:00:00,330.67,334.42,328.66,333.62,14023.48
1737806400000,2025-01-25 14:00:00,333.62,333.93,330.03,331.23,13244.3
1737813600000,2025-01-25 16:00:00,331.23,337.5,329.27,334.64,20284.7
1737820800000,2025-01-25 18:00:00,334.64,336.56,328.66,330.55,29597.85
1737828000000,2025-01-25 20:00:00,330.55,331.05,326.52,328.44,23907.78
1737835200000,2025-01-25 22:00:00,328.44,330.42,326.74,328.54,10950.47
1737842400000,2025-01-26 00:00:00,328.54,331.66,325.64,326.21,13685.2
1737849600000,2025-01-26 02:00:00,326.21,328.94,325.72,326.49,9269.18
1737856800000,2025-01-26 04:00:00,326.49,331.69,324.32,329.86,13870.06
1737864000000,2025-01-26 06:00:00,329.86,336.16,329.16,330.49,18117.75
1737871200000,2025-01-26 08:00:00,330.49,331.5,328.6,329.74,7071.82
1737878400000,2025-01-26 10:00:00,329.74,331.77,324.2,324.67,18058.16
1737885600000,2025-01-26 12:00:00,324.67,329.28,324.04,328.57,30569.97
1737892800000,2025-01-26 14:00:00,328.57,328.57,324.77,326.75,13277.99
1737900000000,2025-01-26 16:00:00,326.75,329.76,325.34,329.17,11322.89
1737907200000,2025-01-26 18:00:00,329.17,332.94,327.77,332.03,12722.68
1737914400000,2025-01-26 20:00:00,332.03,334.36,330.93,333.9,10136.44
1737921600000,2025-01-26 22:00:00,333.9,334.32,324.58,324.67,17759.88
1737928800000,2025-01-27 00:00:00,324.67,326.41,315.39,316.21,43566.04
1737936000000,2025-01-27 02:00:00,316.21,320.26,306.2,306.27,48070.98
1737943200000,2025-01-27 04:00:00,306.27,307.58,301.5,305.46,29027.03
1737950400000,2025-01-27 06:00:00,305.46,305.46,296.68,299.88,38905.9
1737957600000,2025-01-27 08:00:00,299.88,302.88,287.71,296.75,71451.92
1737964800000,2025-01-27 10:00:00,296.75,297.63,291.38,296.14,26047.42
1737972000000,2025-01-27 12:00:00,296.14,296.52,289.26,293.53,20781.46
1737979200000,2025-01-27 14:00:00,293.53,305.22,292.03,297.65,48868.42
1737986400000,2025-01-27 16:00:00,297.65,304.78,295.3,301.27,28853.55
1737993600000,2025-01-27 18:00:00,301.27,306.55,296.03,296.21,58606.58
1738000800000,2025-01-27 20:00:00,296.21,297.94,291.5,294.14,33718.7
1738008000000,2025-01-27 22:00:00,294.14,310.36,294.14,303.11,52790.74
1738015200000,2025-01-28 00:00:00,303.11,304.96,300.54,304.78,23724.39
1738022400000,2025-01-28 02:00:00,304.78,307.46,297.8,299.42,19905.79
1738029600000,2025-01-28 04:00:00,299.42,304.5,299.13,302.75,17690.92
1738036800000,2025-01-28 06:00:00,302.75,306.93,301.62,304.05,24487.97
1738044000000,2025-01-28 08:00:00,304.05,304.17,299.15,301.81,19691.01
1738051200000,2025-01-28 10:00:00,301.81,302.51,297.0,299.83,29231.23
1738058400000,2025-01-28 12:00:00,299.83,301.84,297.47,298.64,29749.0
1738065600000,2025-01-28 14:00:00,298.64,299.76,294.46,296.28,29015.16
1738072800000,2025-01-28 16:00:00,296.28,300.68,293.35,297.82,56281.21
1738080000000,2025-01-28 18:00:00,297.82,297.95,291.05,292.79,71967.07
1738087200000,2025-01-28 20:00:00,292.79,294.29,287.03,291.0,64284.71
1738094400000,2025-01-28 22:00:00,291.0,292.29,282.41,282.65,45408.13
1738101600000,2025-01-29 00:00:00,282.65,285.86,280.59,283.85,31240.78
1738108800000,2025-01-29 02:00:00,283.85,288.3,282.32,287.89,18409.13
1738116000000,2025-01-29 04:00:00,287.89,292.0,286.5,291.39,30175.11
1738123200000,2025-01-29 06:00:00,291.39,297.74,290.32,297.62,54724.64
1738130400000,2025-01-29 08:00:00,297.62,300.38,296.37,300.17,18298.53
1738137600000,2025-01-29 10:00:00,300.17,300.85,293.66,294.43,16751.54
1738144800000,2025-01-29 12:00:00,294.43,296.57,293.55,295.93,40788.81
1738152000000,2025-01-29 14:00:00,295.93,297.19,287.46,288.96,34011.36
1738159200000,2025-01-29 16:00:00,288.96,292.29,286.84,289.52,34770.32
1738166400000,2025-01-29 18:00:00,289.52,294.41,286.74,290.19,30014.1
1738173600000,2025-01-29 20:00:00,290.19,298.9,283.21,294.33,63264.8
1738180800000,2025-01-29 22:00:00,294.33,301.72,289.8,297.71,65615.12
1738188000000,2025-01-30 00:00:00,297.71,299.15,289.97,290.65,17018.31
1738195200000,2025-01-30 02:00:00,290.65,298.3,286.67,294.78,25665.02
1738202400000,2025-01-30 04:00:00,294.78,300.23,292.82,300.11,18920.07
1738209600000,2025-01-30 06:00:00,300.11,303.4,298.11,302.89,14427.0
1738216800000,2025-01-30 08:00:00,302.89,305.92,300.1,302.81,13100.24
1738224000000,2025-01-30 10:00:00,302.81,308.66,300.15,307.69,20926.08
1738231200000,2025-01-30 12:00:00,307.69,311.76,306.71,310.54,26639.99
1738238400000,2025-01-30 14:00:00,310.54,314.83,305.26,314.48,39388.54
1738245600000,2025-01-30 16:00:00,314.48,319.28,313.38,315.67,49784.88
1738252800000,2025-01-30 18:00:00,315.67,318.94,314.25,318.06,18854.18
1738260000000,2025-01-30 20:00:00,318.06,320.5,312.97,320.02,18745.83
1738267200000,2025-01-30 22:00:00,320.02,322.23,314.0,315.39,19125.86
1738274400000,2025-01-31 00:00:00,315.39,319.41,314.05,315.32,8561.69
1738281600000,2025-01-31 02:00:00,315.32,320.4,313.08,320.07,16305.5
1738288800000,2025-01-31 04:00:00,320.07,320.67,313.82,315.95,20971.74
1738296000000,2025-01-31 06:00:00,315.95,319.14,312.02,318.19,20943.07
1738303200000,2025-01-31 08:00:00,318.19,326.36,317.32,319.43,39691.6
1738310400000,2025-01-31 10:00:00,319.43,320.52,314.7,317.85,20613.99
1738317600000,2025-01-31 12:00:00,317.85,327.38,315.69,325.55,29699.03
1738324800000,2025-01-31 14:00:00,325.55,330.34,323.15,326.36,25950.86
1738332000000,2025-01-31 16:00:00,326.36,342.97,325.33,338.17,104473.46
1738339200000,2025-01-31 18:00:00,338.17,349.14,337.43,338.04,161576.32
1738346400000,2025-01-31 20:00:00,338.04,341.82,330.69,338.08,307818.59
1738353600000,2025-01-31 22:00:00,338.08,339.02,329.83,338.92,39274.02
1738360800000,2025-02-01 00:00:00,338.92,340.61,331.68,332.55,18876.7
1738368000000,2025-02-01 02:00:00,332.55,333.44,328.5,329.65,20827.08
1738375200000,2025-02-01 04:00:00,329.65,331.69,325.01,325.92,15525.2
1738382400000,2025-02-01 06:00:00,325.92,328.22,323.61,325.13,16365.28
1738389600000,2025-02-01 08:00:00,325.13,326.32,321.43,322.36,17645.38
1738396800000,2025-02-01 10:00:00,322.36,322.96,316.5,317.18,33249.32
1738404000000,2025-02-01 12:00:00,317.18,319.79,308.15,314.81,56593.94
1738411200000,2025-02-01 14:00:00,314.81,318.41,313.01,313.27,21175.38
1738418400000,2025-02-01 16:00:00,313.27,315.97,311.12,314.76,18620.99
1738425600000,2025-02-01 18:00:00,314.76,318.59,313.18,315.16,19934.32
1738432800000,2025-02-01 20:00:00,315.16,315.88,305.76,305.99,29613.98
1738440000000,2025-02-01 22:00:00,305.99,309.69,302.71,302.94,41301.61
1738447200000,2025-02-02 00:00:00,302.94,304.58,294.63,295.9,49191.39
1738454400000,2025-02-02 02:00:00,295.9,304.84,294.95,300.74,31068.62
1738461600000,2025-02-02 04:00:00,300.74,300.98,287.19,288.41,66454.08
1738468800000,2025-02-02 06:00:00,288.41,296.9,287.64,296.06,24361.44
1738476000000,2025-02-02 08:00:00,296.06,296.63,290.28,291.13,16190.76
1738483200000,2025-02-02 10:00:00,291.13,295.71,290.0,292.41,23487.48
1738490400000,2025-02-02 12:00:00,292.41,292.43,283.88,284.25,43578.53
1738497600000,2025-02-02 14:00:00,284.25,289.09,283.23,288.81,27920.53
1738504800000,2025-02-02 16:00:00,288.81,289.11,282.05,285.03,26790.45
1738512000000,2025-02-02 18:00:00,285.03,285.2,263.29,265.42,114852.8
1738519200000,2025-02-02 20:00:00,265.42,271.81,257.93,268.49,131305.74
1738526400000,2025-02-02 22:00:00,268.49,271.9,258.95,260.14,45217.42
1738533600000,2025-02-03 00:00:00,260.14,265.32,245.25,258.13,138129.24
1738540800000,2025-02-03 02:00:00,258.13,258.28,204.89,217.28,410153.4
1738548000000,2025-02-03 04:00:00,217.28,231.57,191.6,229.63,378896.51
1738555200000,2025-02-03 06:00:00,229.63,233.53,220.58,230.12,98913.95
1738562400000,2025-02-03 08:00:00,230.12,245.97,226.81,244.89,88270.15
1738569600000,2025-02-03 10:00:00,244.89,244.89,233.79,237.81,67863.13
1738576800000,2025-02-03 12:00:00,237.81,243.06,236.01,238.59,32888.21
1738584000000,2025-02-03 14:00:00,238.59,244.25,232.93,236.24,53637.69
1738591200000,2025-02-03 16:00:00,236.24,263.61,228.7,260.66,195007.23
1738598400000,2025-02-03 18:00:00,260.66,263.28,253.86,255.98,84868.97
1738605600000,2025-02-03 20:00:00,255.98,278.14,254.56,276.04,131136.0
1738612800000,2025-02-03 22:00:00,276.04,277.73,263.27,277.52,120676.45
1738620000000,2025-02-04 00:00:00,277.52,284.84,274.44,276.16,67737.41
1738627200000,2025-02-04 02:00:00,276.16,278.18,270.63,272.01,34583.99
1738634400000,2025-02-04 04:00:00,272.01,272.77,265.11,268.03,35822.82
1738641600000,2025-02-04 06:00:00,268.03,271.06,250.36,252.35,117397.34
1738648800000,2025-02-04 08:00:00,252.35,258.43,248.88,250.43,50392.46
1738656000000,2025-02-04 10:00:00,250.43,255.64,249.2,252.23,36722.01
1738663200000,2025-02-04 12:00:00,252.23,265.46,252.04,260.05,47870.92
1738670400000,2025-02-04 14:00:00,260.05,272.09,259.77,264.33,65867.28
1738677600000,2025-02-04 16:00:00,264.33,272.01,259.77,265.08,115702.47
1738684800000,2025-02-04 18:00:00,265.08,270.01,263.63,267.27,38652.18
1738692000000,2025-02-04 20:00:00,267.27,274.49,261.61,261.83,76107.31
1738699200000,2025-02-04 22:00:00,261.83,264.66,251.72,259.69,131300.83
1738706400000,2025-02-05 00:00:00,259.69,273.76,258.73,271.89,69827.89
1738713600000,2025-02-05 02:00:00,271.89,274.3,265.87,267.4,48002.0
1738720800000,2025-02-05 04:00:00,267.4,271.14,264.56,265.89,28511.4
1738728000000,2025-02-05 06:00:00,265.89,274.88,264.31,273.37,28637.13
1738735200000,2025-02-05 08:00:00,273.37,276.46,268.22,274.34,41328.02
1738742400000,2025-02-05 10:00:00,274.34,277.42,269.93,271.52,57845.13
1738749600000,2025-02-05 12:00:00,271.52,283.19,271.0,279.17,39694.54
1738756800000,2025-02-05 14:00:00,279.17,280.04,274.3,276.66,30185.24
1738764000000,2025-02-05 16:00:00,276.66,278.36,266.55,269.39,73091.7
1738771200000,2025-02-05 18:00:00,269.39,270.42,261.71,263.09,79864.89
1738778400000,2025-02-05 20:00:00,263.09,264.8,258.43,261.75,46708.11
1738785600000,2025-02-05 22:00:00,261.75,262.55,255.85,260.31,25550.45
1738792800000,2025-02-06 00:00:00,260.31,261.76,255.79,259.46,17071.85
1738800000000,2025-02-06 02:00:00,259.46,263.68,256.5,260.15,18399.22
1738807200000,2025-02-06 04:00:00,260.15,264.22,259.27,262.4,14778.94
1738814400000,2025-02-06 06:00:00,262.4,265.38,261.18,263.15,16989.93
1738821600000,2025-02-06 08:00:00,263.15,266.68,261.75,262.81,16815.77
1738828800000,2025-02-06 10:00:00,262.81,265.15,260.33,263.88,18749.08
1738836000000,2025-02-06 12:00:00,263.88,266.54,259.1,262.37,34211.91
1738843200000,2025-02-06 14:00:00,262.37,262.96,256.91,259.79,25386.01
1738850400000,2025-02-06 16:00:00,259.79,260.95,246.53,247.61,79595.04
1738857600000,2025-02-06 18:00:00,247.61,250.35,243.83,244.95,40536.73
1738864800000,2025-02-06 20:00:00,244.95,247.58,241.16,242.31,34764.55
1738872000000,2025-02-06 22:00:00,242.31,247.57,240.87,244.71,34412.38
1738879200000,2025-02-07 00:00:00,244.71,244.75,238.89,241.21,27941.74
1738886400000,2025-02-07 02:00:00,241.21,247.3,240.22,244.46,38686.18
1738893600000,2025-02-07 04:00:00,244.46,248.51,243.19,246.04,24265.43
1738900800000,2025-02-07 06:00:00,246.04,247.87,241.85,243.97,20739.14
1738908000000,2025-02-07 08:00:00,243.97,245.35,237.97,242.64,20418.79
1738915200000,2025-02-07 10:00:00,242.64,250.77,241.3,249.42,24258.64
1738922400000,2025-02-07 12:00:00,249.42,254.4,248.44,254.14,21480.52
1738929600000,2025-02-07 14:00:00,254.14,259.99,249.72,257.88,43896.15
1738936800000,2025-02-07 16:00:00,257.88,261.9,248.5,250.12,78650.38
1738944000000,2025-02-07 18:00:00,250.12,250.96,241.73,244.0,46336.5
1738951200000,2025-02-07 20:00:00,244.0,248.93,242.83,243.26,25420.78
1738958400000,2025-02-07 22:00:00,243.26,243.55,232.85,233.56,45400.79
1738965600000,2025-02-08 00:00:00,233.56,238.06,230.64,237.82,33371.01
1738972800000,2025-02-08 02:00:00,237.82,241.71,236.31,236.66,23431.8
1738980000000,2025-02-08 04:00:00,236.66,238.68,235.78,236.51,20892.65
1738987200000,2025-02-08 06:00:00,236.51,237.06,233.36,234.92,9158.87
1738994400000,2025-02-08 08:00:00,234.92,237.91,232.7,236.09,16413.12
1739001600000,2025-02-08 10:00:00,236.09,236.78,232.35,234.66,12687.24
1739008800000,2025-02-08 12:00:00,234.66,235.48,231.26,233.59,12595.26
1739016000000,2025-02-08 14:00:00,233.59,236.58,230.85,234.33,19069.48
1739023200000,2025-02-08 16:00:00,234.33,235.75,230.87,232.27,18557.73
1739030400000,2025-02-08 18:00:00,232.27,238.41,231.09,238.21,21555.06
1739037600000,2025-02-08 20:00:00,238.21,240.8,236.11,240.44,20206.05
1739044800000,2025-02-08 22:00:00,240.44,240.78,237.6,239.31,13168.94
1739052000000,2025-02-09 00:00:00,239.31,241.11,236.47,238.61,10962.84
1739059200000,2025-02-09 02:00:00,238.61,244.67,237.96,243.04,31322.27
1739066400000,2025-02-09 04:00:00,243.04,252.56,240.66,251.13,29503.78
1739073600000,2025-02-09 06:00:00,251.13,251.21,246.49,247.71,18257.52
1739080800000,2025-02-09 08:00:00,247.71,247.83,243.88,246.69,30077.29
1739088000000,2025-02-09 10:00:00,246.69,249.82,244.65,245.68,17358.42
1739095200000,2025-02-09 12:00:00,245.68,247.53,243.5,243.64,14948.21
1739102400000,2025-02-09 14:00:00,243.64,245.39,237.97,238.85,23056.7
1739109600000,2025-02-09 16:00:00,238.85,246.46,238.27,244.91,18885.05
1739116800000,2025-02-09 18:00:00,244.91,247.41,242.52,243.25,18474.59
1739124000000,2025-02-09 20:00:00,243.25,244.3,239.75,240.07,9823.73
1739131200000,2025-02-09 22:00:00,240.07,243.72,229.53,231.8,61849.75
1739138400000,2025-02-10 00:00:00,231.8,242.71,229.79,241.11,38471.42
1739145600000,2025-02-10 02:00:00,241.11,246.91,235.7,235.99,30371.84
1739152800000,2025-02-10 04:00:00,235.99,245.76,234.25,242.45,43101.95
1739160000000,2025-02-10 06:00:00,242.45,249.53,240.25,245.87,33888.31
1739167200000,2025-02-10 08:00:00,245.87,247.8,244.53,246.65,14812.36
1739174400000,2025-02-10 10:00:00,246.65,252.87,246.47,248.07,27446.98
1739181600000,2025-02-10 12:00:00,248.07,249.8,246.41,248.52,12969.22
1739188800000,2025-02-10 14:00:00,248.52,255.84,245.82,254.3,27349.23
1739196000000,2025-02-10 16:00:00,254.3,254.7,246.53,248.44,33643.3
1739203200000,2025-02-10 18:00:00,248.44,254.75,247.54,253.18,35363.75
1739210400000,2025-02-10 20:00:00,253.18,256.78,251.78,254.05,18936.89
1739217600000,2025-02-10 22:00:00,254.05,259.95,250.7,251.01,49843.33
1739224800000,2025-02-11 00:00:00,251.01,252.69,248.81,252.43,13652.71
1739232000000,2025-02-11 02:00:00,252.43,260.65,252.27,258.4,29233.41
1739239200000,2025-02-11 04:00:00,258.4,259.57,255.69,258.05,16022.54
1739246400000,2025-02-11 06:00:00,258.05,262.58,257.26,259.79,29216.96
1739253600000,2025-02-11 08:00:00,259.79,261.31,258.25,260.09,17594.06
1739260800000,2025-02-11 10:00:00,260.09,261.44,258.12,259.2,26503.68
1739268000000,2025-02-11 12:00:00,259.2,260.44,256.95,258.04,45420.37
1739275200000,2025-02-11 14:00:00,258.04,258.46,247.29,248.03,48939.94
1739282400000,2025-02-11 16:00:00,248.03,252.82,247.29,250.53,29475.54
1739289600000,2025-02-11 18:00:00,250.53,251.3,246.31,247.26,17558.8
1739296800000,2025-02-11 20:00:00,247.26,247.48,241.77,243.02,24003.55
1739304000000,2025-02-11 22:00:00,243.02,247.93,242.11,245.84,13229.67
1739311200000,2025-02-12 00:00:00,245.84,248.1,242.1,243.56,13443.01
1739318400000,2025-02-12 02:00:00,243.56,245.51,241.82,244.89,11294.55
1739325600000,2025-02-12 04:00:00,244.89,245.08,239.32,240.75,13614.18
1739332800000,2025-02-12 06:00:00,240.75,242.91,238.45,242.4,14296.17
1739340000000,2025-02-12 08:00:00,242.4,244.5,240.35,243.71,8840.22
1739347200000,2025-02-12 10:00:00,243.71,245.73,242.02,244.13,12052.19
1739354400000,2025-02-12 12:00:00,244.13,246.35,241.97,243.75,14829.08
1739361600000,2025-02-12 14:00:00,243.75,247.96,234.38,237.91,73885.87
1739368800000,2025-02-12 16:00:00,237.91,242.54,231.38,239.86,53139.52
1739376000000,2025-02-12 18:00:00,239.86,249.65,236.84,248.18,37281.56
1739383200000,2025-02-12 20:00:00,248.18,248.81,243.32,248.18,16389.73
1739390400000,2025-02-12 22:00:00,248.18,251.72,246.87,249.42,16065.55
1739397600000,2025-02-13 00:00:00,249.42,261.04,249.06,252.61,41975.15
1739404800000,2025-02-13 02:00:00,252.61,255.14,250.08,254.38,18074.29
1739412000000,2025-02-13 04:00:00,254.38,255.14,251.46,254.32,12618.14
1739419200000,2025-02-13 06:00:00,254.32,254.85,249.14,252.06,15163.75
1739426400000,2025-02-13 08:00:00,252.06,252.73,247.81,248.21,19033.07
1739433600000,2025-02-13 10:00:00,248.21,256.06,246.27,253.94,37113.24
1739440800000,2025-02-13 12:00:00,253.94,258.04,250.24,252.06,38900.94
1739448000000,2025-02-13 14:00:00,252.06,253.36,248.94,252.42,22305.97
1739455200000,2025-02-13 16:00:00,252.42,253.91,247.08,251.43,32592.09
1739462400000,2025-02-13 18:00:00,251.43,251.98,246.78,249.54,27091.03
1739469600000,2025-02-13 20:00:00,249.54,254.55,247.34,250.78,17148.13
1739476800000,2025-02-13 22:00:00,250.78,256.18,250.78,253.19,18427.62
1739484000000,2025-02-14 00:00:00,253.19,257.42,252.37,256.22,53198.56
1739491200000,2025-02-14 02:00:00,256.22,256.46,252.86,255.14,10406.27
1739498400000,2025-02-14 04:00:00,255.14,260.42,254.69,260.04,17928.5
1739505600000,2025-02-14 06:00:00,260.04,260.22,255.41,256.34,13184.87
1739512800000,2025-02-14 08:00:00,256.34,258.74,255.17,257.72,9516.05
1739520000000,2025-02-14 10:00:00,257.72,262.16,257.45,261.33,32734.77
1739527200000,2025-02-14 12:00:00,261.33,263.58,257.66,258.76,21713.83
1739534400000,2025-02-14 14:00:00,258.76,261.88,257.42,261.18,18832.1
1739541600000,2025-02-14 16:00:00,261.18,264.87,258.69,263.31,29564.27
1739548800000,2025-02-14 18:00:00,263.31,268.54,260.52,267.53,30295.83
1739556000000,2025-02-14 20:00:00,267.53,270.01,263.67,264.39,21633.47
1739563200000,2025-02-14 22:00:00,264.39,265.79,260.5,265.44,16212.48
1739570400000,2025-02-15 00:00:00,265.44,266.51,259.74,262.44,21036.23
1739577600000,2025-02-15 02:00:00,262.44,262.9,258.67,262.01,14453.65
1739584800000,2025-02-15 04:00:00,262.01,263.49,261.03,262.06,6987.47
1739592000000,2025-02-15 06:00:00,262.06,262.91,260.23,260.95,10998.94
1739599200000,2025-02-15 08:00:00,260.95,261.56,257.13,258.1,15592.78
1739606400000,2025-02-15 10:00:00,258.1,259.07,256.38,256.81,5684.22
1739613600000,2025-02-15 12:00:00,256.81,258.0,255.26,256.59,7077.98
1739620800000,2025-02-15 14:00:00,256.59,257.88,256.03,256.5,7114.91
1739628000000,2025-02-15 16:00:00,256.5,256.55,252.29,254.32,16630.69
1739635200000,2025-02-15 18:00:00,254.32,255.27,251.0,252.68,11146.03
1739642400000,2025-02-15 20:00:00,252.68,254.63,251.84,251.94,6869.23
1739649600000,2025-02-15 22:00:00,251.94,252.58,249.4,252.13,7669.57
1739656800000,2025-02-16 00:00:00,252.13,253.74,251.04,253.16,5733.8
1739664000000,2025-02-16 02:00:00,253.16,254.49,251.55,252.56,3886.36
1739671200000,2025-02-16 04:00:00,252.56,253.01,250.24,252.21,5306.37
1739678400000,2025-02-16 06:00:00,252.21,253.97,251.13,252.67,4914.98
1739685600000,2025-02-16 08:00:00,252.67,254.23,249.76,250.67,9312.76
1739692800000,2025-02-16 10:00:00,250.67,253.37,249.67,252.99,6851.62
1739700000000,2025-02-16 12:00:00,252.99,256.31,252.51,256.13,8096.31
1739707200000,2025-02-16 14:00:00,256.13,258.11,253.72,254.55,19150.03
1739714400000,2025-02-16 16:00:00,254.55,256.7,251.53,255.5,14709.04
1739721600000,2025-02-16 18:00:00,255.5,258.82,254.53,255.47,17335.36
1739728800000,2025-02-16 20:00:00,255.47,256.31,251.34,255.96,20494.28
1739736000000,2025-02-16 22:00:00,255.96,257.67,252.56,257.22,11536.03
1739743200000,2025-02-17 00:00:00,257.22,257.75,252.59,253.69,12485.64
1739750400000,2025-02-17 02:00:00,253.69,258.91,253.58,258.69,10833.66
1739757600000,2025-02-17 04:00:00,258.69,260.25,253.92,256.64,34382.7
1739764800000,2025-02-17 06:00:00,256.64,256.74,249.29,254.7,40925.51
1739772000000,2025-02-17 08:00:00,254.7,262.37,254.14,257.4,36780.34
1739779200000,2025-02-17 10:00:00,257.4,269.57,256.31,268.82,51306.1
1739786400000,2025-02-17 12:00:00,268.82,274.18,265.35,267.79,42464.52
1739793600000,2025-02-17 14:00:00,267.79,274.08,267.6,271.9,27828.34
1739800800000,2025-02-17 16:00:00,271.9,278.41,267.06,267.87,55127.37
1739808000000,2025-02-17 18:00:00,267.87,270.37,262.59,262.87,36647.72
1739815200000,2025-02-17 20:00:00,262.87,263.48,259.63,260.97,25866.12
1739822400000,2025-02-17 22:00:00,260.97,269.25,260.4,269.08,26901.95
1739829600000,2025-02-18 00:00:00,269.08,269.31,262.29,264.37,12290.82
1739836800000,2025-02-18 02:00:00,264.37,265.92,260.14,262.82,12805.42
1739844000000,2025-02-18 04:00:00,262.82,263.37,257.46,259.21,32066.27
1739851200000,2025-02-18 06:00:00,259.21,259.72,252.5,252.93,22545.41
1739858400000,2025-02-18 08:00:00,252.93,254.57,250.3,252.19,25080.17
1739865600000,2025-02-18 10:00:00,252.19,256.47,249.01,256.37,28746.07
1739872800000,2025-02-18 12:00:00,256.37,258.8,254.72,255.66,23454.46
1739880000000,2025-02-18 14:00:00,255.66,260.47,255.11,256.16,25163.84
1739887200000,2025-02-18 16:00:00,256.16,259.42,247.75,249.83,39676.07
1739894400000,2025-02-18 18:00:00,249.83,252.06,241.37,243.19,36305.67
1739901600000,2025-02-18 20:00:00,243.19,246.39,241.82,243.98,20074.97
1739908800000,2025-02-18 22:00:00,243.98,250.26,241.69,246.34,16279.49
1739916000000,2025-02-19 00:00:00,246.34,251.66,245.8,249.34,30203.7
1739923200000,2025-02-19 02:00:00,249.34,250.94,246.63,247.92,9869.06
1739930400000,2025-02-19 04:00:00,247.92,254.18,247.79,251.48,16211.89
1739937600000,2025-02-19 06:00:00,251.48,252.08,246.47,250.6,16196.99
1739944800000,2025-02-19 08:00:00,250.6,255.47,248.85,254.13,21310.56
1739952000000,2025-02-19 10:00:00,254.13,256.07,251.95,255.41,14095.56
1739959200000,2025-02-19 12:00:00,255.41,258.2,255.12,256.32,13753.71
1739966400000,2025-02-19 14:00:00,256.32,256.56,252.69,255.12,13361.28
1739973600000,2025-02-19 16:00:00,255.12,258.41,249.75,252.24,29509.79
1739980800000,2025-02-19 18:00:00,252.24,255.64,249.7,252.18,22326.28
1739988000000,2025-02-19 20:00:00,252.18,253.33,249.58,251.66,6853.51
1739995200000,2025-02-19 22:00:00,251.66,256.5,251.04,251.48,21894.45
1740002400000,2025-02-20 00:00:00,251.48,255.97,249.86,252.86,16337.85
1740009600000,2025-02-20 02:00:00,252.86,255.85,250.85,251.51,14099.27
1740016800000,2025-02-20 04:00:00,251.51,257.5,251.13,255.41,15153.46
1740024000000,2025-02-20 06:00:00,255.41,258.49,254.66,255.27,10241.91
1740031200000,2025-02-20 08:00:00,255.27,255.66,253.38,254.22,9975.11
1740038400000,2025-02-20 10:00:00,254.22,256.84,253.73,255.15,16375.94
1740045600000,2025-02-20 12:00:00,255.15,259.42,254.81,258.78,25063.59
1740052800000,2025-02-20 14:00:00,258.78,259.77,256.46,258.79,14339.37
1740060000000,2025-02-20 16:00:00,258.79,262.57,253.29,253.69,34890.19
1740067200000,2025-02-20 18:00:00,253.69,259.32,253.17,259.0,14733.16
1740074400000,2025-02-20 20:00:00,259.0,263.16,258.56,261.43,26330.42
1740081600000,2025-02-20 22:00:00,261.43,263.28,259.76,260.02,8064.22
1740088800000,2025-02-21 00:00:00,260.02,262.96,259.26,261.07,9868.19
1740096000000,2025-02-21 02:00:00,261.07,262.45,258.26,260.54,6976.83
1740103200000,2025-02-21 04:00:00,260.54,261.87,258.64,261.18,6994.11
1740110400000,2025-02-21 06:00:00,261.18,263.97,260.52,261.01,21456.46
1740117600000,2025-02-21 08:00:00,261.01,263.47,259.93,260.68,12832.25
1740124800000,2025-02-21 10:00:00,260.68,267.82,258.98,264.01,32464.02
1740132000000,2025-02-21 12:00:00,264.01,265.6,263.33,263.78,13093.13
1740139200000,2025-02-21 14:00:00,263.78,268.84,262.94,268.05,19321.99
1740146400000,2025-02-21 16:00:00,268.05,268.43,251.12,254.92,79751.93
1740153600000,2025-02-21 18:00:00,254.92,258.74,246.57,246.85,81772.36
1740160800000,2025-02-21 20:00:00,246.85,248.32,238.81,240.1,50909.45
1740168000000,2025-02-21 22:00:00,240.1,243.63,237.71,239.0,29459.78
1740175200000,2025-02-22 00:00:00,239.0,242.39,238.16,241.81,19317.61
1740182400000,2025-02-22 02:00:00,241.81,245.36,240.62,242.99,18203.91
1740189600000,2025-02-22 04:00:00,242.99,243.04,238.81,240.81,26600.68
1740196800000,2025-02-22 06:00:00,240.81,244.21,240.21,243.7,16700.49
1740204000000,2025-02-22 08:00:00,243.7,246.04,243.3,243.85,10629.93
1740211200000,2025-02-22 10:00:00,243.85,245.27,241.47,244.91,14356.86
1740218400000,2025-02-22 12:00:00,244.91,246.96,244.09,245.32,8278.54
1740225600000,2025-02-22 14:00:00,245.32,246.36,243.76,244.25,35882.65
1740232800000,2025-02-22 16:00:00,244.25,249.06,244.1,248.85,9791.88
1740240000000,2025-02-22 18:00:00,248.85,251.49,248.21,250.16,13364.86
1740247200000,2025-02-22 20:00:00,250.16,250.97,247.46,247.99,5893.75
1740254400000,2025-02-22 22:00:00,247.99,248.47,246.48,247.67,5713.81
1740261600000,2025-02-23 00:00:00,247.67,249.35,246.8,247.06,5005.98
1740268800000,2025-02-23 02:00:00,247.06,248.98,245.79,246.55,5233.56
1740276000000,2025-02-23 04:00:00,246.55,247.09,244.96,246.3,3668.83
1740283200000,2025-02-23 06:00:00,246.3,248.1,244.98,247.2,2592.96
1740290400000,2025-02-23 08:00:00,247.2,253.88,246.82,253.74,9631.77
1740297600000,2025-02-23 10:00:00,253.74,254.1,248.57,251.17,8961.28
1740304800000,2025-02-23 12:00:00,251.17,251.66,246.82,247.68,5032.28
1740312000000,2025-02-23 14:00:00,247.68,248.84,245.46,247.83,13407.77
1740319200000,2025-02-23 16:00:00,247.83,249.0,243.08,243.65,14934.88
1740326400000,2025-02-23 18:00:00,243.65,247.79,243.55,246.85,6794.94
1740333600000,2025-02-23 20:00:00,246.85,247.78,245.07,245.44,2088.99
1740340800000,2025-02-23 22:00:00,245.44,246.33,244.46,246.05,3047.62
1740348000000,2025-02-24 00:00:00,246.05,248.73,243.62,247.5,6328.56
1740355200000,2025-02-24 02:00:00,247.5,249.3,243.71,244.51,8362.67
1740362400000,2025-02-24 04:00:00,244.51,245.48,237.53,238.48,14410.45
1740369600000,2025-02-24 06:00:00,238.48,240.08,234.28,239.21,21292.82
1740376800000,2025-02-24 08:00:00,239.21,239.34,236.55,237.45,13454.91
1740384000000,2025-02-24 10:00:00,237.45,237.74,232.95,235.37,20272.98
1740391200000,2025-02-24 12:00:00,235.37,236.52,231.61,236.04,16411.3
1740398400000,2025-02-24 14:00:00,236.04,236.62,233.28,233.35,8878.74
1740405600000,2025-02-24 16:00:00,233.35,234.28,227.34,229.88,36741.76
1740412800000,2025-02-24 18:00:00,229.88,231.75,227.9,229.59,24912.56
1740420000000,2025-02-24 20:00:00,229.59,230.86,222.45,224.31,35207.29
1740427200000,2025-02-24 22:00:00,224.31,227.55,218.71,218.85,39397.41
1740434400000,2025-02-25 00:00:00,218.85,219.26,204.87,210.59,115357.7
1740441600000,2025-02-25 02:00:00,210.59,213.4,204.74,206.7,40551.62
1740448800000,2025-02-25 04:00:00,206.7,210.48,202.83,204.4,30186.43
1740456000000,2025-02-25 06:00:00,204.4,206.23,201.58,203.74,24110.72
1740463200000,2025-02-25 08:00:00,203.74,204.37,189.48,195.27,141790.79
1740470400000,2025-02-25 10:00:00,195.27,199.93,194.24,194.28,43744.84
1740477600000,2025-02-25 12:00:00,194.28,201.62,191.51,200.59,55636.77
1740484800000,2025-02-25 14:00:00,200.59,202.24,197.28,197.59,35521.47
1740492000000,2025-02-25 16:00:00,197.59,199.68,193.25,197.29,43484.41
1740499200000,2025-02-25 18:00:00,197.29,200.25,194.19,198.13,35730.86
1740506400000,2025-02-25 20:00:00,198.13,201.32,195.81,199.26,31148.84
1740513600000,2025-02-25 22:00:00,199.26,205.83,197.61,205.59,41103.16
1740520800000,2025-02-26 00:00:00,205.59,207.71,203.07,205.01,15212.67
1740528000000,2025-02-26 02:00:00,205.01,205.82,201.52,204.07,22780.3
1740535200000,2025-02-26 04:00:00,204.07,208.75,202.36,206.99,13019.02
1740542400000,2025-02-26 06:00:00,206.99,208.99,205.56,205.64,12234.92
1740549600000,2025-02-26 08:00:00,205.64,207.24,202.81,204.97,12003.79
1740556800000,2025-02-26 10:00:00,204.97,208.89,202.93,208.29,19498.62
1740564000000,2025-02-26 12:00:00,208.29,211.46,206.43,208.96,51142.34
1740571200000,2025-02-26 14:00:00,208.96,209.55,203.12,204.24,61727.43
1740578400000,2025-02-26 16:00:00,204.24,208.84,198.48,205.78,87055.48
1740585600000,2025-02-26 18:00:00,205.78,206.96,197.22,198.6,40329.73
1740592800000,2025-02-26 20:00:00,198.6,200.28,192.82,194.85,59887.6
1740600000000,2025-02-26 22:00:00,194.85,204.82,192.01,204.4,62705.46
1740607200000,2025-02-27 00:00:00,204.4,209.63,201.5,202.51,32750.37
1740614400000,2025-02-27 02:00:00,202.51,207.16,200.89,205.83,23947.47
1740621600000,2025-02-27 04:00:00,205.83,208.17,203.65,205.33,12489.8
1740628800000,2025-02-27 06:00:00,205.33,206.86,202.02,206.03,9953.18
1740636000000,2025-02-27 08:00:00,206.03,209.25,204.93,207.36,16604.11
1740643200000,2025-02-27 10:00:00,207.36,209.16,206.32,207.69,31072.9
1740650400000,2025-02-27 12:00:00,207.69,210.07,205.37,205.9,21758.57
1740657600000,2025-02-27 14:00:00,205.9,208.31,204.36,205.92,18379.68
1740664800000,2025-02-27 16:00:00,205.92,207.28,200.51,204.45,27051.94
1740672000000,2025-02-27 18:00:00,204.45,205.64,201.1,204.39,19573.6
1740679200000,2025-02-27 20:00:00,204.39,205.73,200.37,201.35,12124.39
1740686400000,2025-02-27 22:00:00,201.35,201.57,196.56,201.01,29708.44
1740693600000,2025-02-28 00:00:00,201.01,204.23,199.54,203.87,11503.32
1740700800000,2025-02-28 02:00:00,203.87,204.48,192.98,193.42,52016.12
1740708000000,2025-02-28 04:00:00,193.42,196.41,186.26,186.84,60900.06
1740715200000,2025-02-28 06:00:00,186.84,187.55,182.31,185.06,63847.06
1740722400000,2025-02-28 08:00:00,185.06,186.64,181.18,182.12,32998.57
1740729600000,2025-02-28 10:00:00,182.12,185.48,178.12,184.52,60598.26
1740736800000,2025-02-28 12:00:00,184.52,185.09,180.61,182.83,26688.96
1740744000000,2025-02-28 14:00:00,182.83,187.27,180.65,185.6,45809.79
1740751200000,2025-02-28 16:00:00,185.6,192.56,183.29,191.2,59732.11
1740758400000,2025-02-28 18:00:00,191.2,192.88,188.18,188.2,31768.4
1740765600000,2025-02-28 20:00:00,188.2,191.61,186.53,190.74,37434.1
1740772800000,2025-02-28 22:00:00,190.74,192.34,187.91,191.81,22024.49
1740780000000,2025-03-01 00:00:00,191.81,193.32,189.22,192.13,16171.49
1740787200000,2025-03-01 02:00:00,192.13,194.36,187.92,193.72,17392.71
1740794400000,2025-03-01 04:00:00,193.72,195.47,191.8,193.83,18573.49
1740801600000,2025-03-01 06:00:00,193.83,195.81,192.32,192.61,14572.16
1740808800000,2025-03-01 08:00:00,192.61,193.15,188.7,190.05,13574.27
1740816000000,2025-03-01 10:00:00,190.05,192.05,189.0,190.75,9446.24
1740823200000,2025-03-01 12:00:00,190.75,190.77,185.01,186.27,25198.61
1740830400000,2025-03-01 14:00:00,186.27,187.5,183.32,184.31,20249.35
1740837600000,2025-03-01 16:00:00,184.31,188.24,184.15,187.75,16483.51
1740844800000,2025-03-01 18:00:00,187.75,190.73,186.23,190.23,31407.79
1740852000000,2025-03-01 20:00:00,190.23,194.94,189.64,193.88,28663.69
1740859200000,2025-03-01 22:00:00,193.88,196.96,192.32,195.94,16695.81
1740866400000,2025-03-02 00:00:00,195.94,196.98,193.38,194.96,17883.9
1740873600000,2025-03-02 02:00:00,194.96,195.4,192.53,193.76,14555.99
1740880800000,2025-03-02 04:00:00,193.76,195.71,193.1,194.2,18772.52
1740888000000,2025-03-02 06:00:00,194.2,195.64,193.48,194.64,12682.48
1740895200000,2025-03-02 08:00:00,194.64,196.8,193.31,194.0,16284.9
1740902400000,2025-03-02 10:00:00,194.0,196.8,192.81,195.73,12535.04
1740909600000,2025-03-02 12:00:00,195.73,197.36,194.4,194.57,15691.94
1740916800000,2025-03-02 14:00:00,194.57,194.68,191.31,192.0,17257.28
1740924000000,2025-03-02 16:00:00,192.0,202.69,190.0,197.88,78363.0
1740931200000,2025-03-02 18:00:00,197.88,225.87,196.64,221.77,188014.62
1740938400000,2025-03-02 20:00:00,221.77,223.67,215.94,219.91,53241.65
1740945600000,2025-03-02 22:00:00,219.91,225.81,219.44,225.38,23150.62
1740952800000,2025-03-03 00:00:00,225.38,227.16,222.4,223.51,17870.32
1740960000000,2025-03-03 02:00:00,223.51,224.43,215.91,216.18,26030.71
1740967200000,2025-03-03 04:00:00,216.18,216.62,212.65,215.42,21934.8
1740974400000,2025-03-03 06:00:00,215.42,216.01,213.68,214.94,12280.21
1740981600000,2025-03-03 08:00:00,214.94,214.97,205.29,209.74,54510.12
1740988800000,2025-03-03 10:00:00,209.74,209.82,202.64,204.73,58165.35
1740996000000,2025-03-03 12:00:00,204.73,207.75,204.44,207.51,22544.74
1741003200000,2025-03-03 14:00:00,207.51,212.59,206.61,210.8,33822.99
1741010400000,2025-03-03 16:00:00,210.8,211.24,200.92,200.99,78541.77
1741017600000,2025-03-03 18:00:00,200.99,201.82,197.66,198.68,43721.59
1741024800000,2025-03-03 20:00:00,198.68,199.17,180.86,181.58,96157.35
1741032000000,2025-03-03 22:00:00,181.58,183.36,177.4,178.32,54931.05
1741039200000,2025-03-04 00:00:00,178.32,183.96,178.22,180.8,23608.26
1741046400000,2025-03-04 02:00:00,180.8,182.63,169.85,171.48,66264.81
1741053600000,2025-03-04 04:00:00,171.48,173.87,167.31,171.79,51877.99
1741060800000,2025-03-04 06:00:00,171.79,176.92,171.47,176.09,24378.11
1741068000000,2025-03-04 08:00:00,176.09,176.8,173.56,173.88,15049.78
1741075200000,2025-03-04 10:00:00,173.88,176.51,172.76,174.24,23663.69
1741082400000,2025-03-04 12:00:00,174.24,176.98,172.9,174.79,17981.25
1741089600000,2025-03-04 14:00:00,174.79,190.1,173.39,184.44,279110.58
1741096800000,2025-03-04 16:00:00,184.44,197.89,183.33,192.97,217596.92
1741104000000,2025-03-04 18:00:00,192.97,209.0,182.52,206.81,190842.62
1741111200000,2025-03-04 20:00:00,206.81,216.84,205.7,210.35,116501.52
1741118400000,2025-03-04 22:00:00,210.35,211.97,202.63,209.46,98213.35
1741125600000,2025-03-05 00:00:00,209.46,210.29,204.55,206.51,34205.2
1741132800000,2025-03-05 02:00:00,206.51,208.44,204.13,206.43,45435.9
1741140000000,2025-03-05 04:00:00,206.43,211.09,204.27,208.22,45830.22
1741147200000,2025-03-05 06:00:00,208.22,214.53,208.13,211.48,96806.92
1741154400000,2025-03-05 08:00:00,211.48,217.64,209.17,217.37,69517.52
1741161600000,2025-03-05 10:00:00,217.37,225.0,216.91,221.56,117090.49
1741168800000,2025-03-05 12:00:00,221.56,226.29,214.75,216.86,148390.54
1741176000000,2025-03-05 14:00:00,216.86,219.62,214.41,214.81,77716.19
1741183200000,2025-03-05 16:00:00,214.81,216.33,212.41,214.36,75444.52
1741190400000,2025-03-05 18:00:00,214.36,218.1,211.91,215.22,55036.77
1741197600000,2025-03-05 20:00:00,215.22,217.71,213.2,216.07,22002.47
1741204800000,2025-03-05 22:00:00,216.07,217.63,214.94,216.34,21853.74
1741212000000,2025-03-06 00:00:00,216.34,224.0,215.78,220.62,49373.41
1741219200000,2025-03-06 02:00:00,220.62,233.37,219.29,230.92,102579.62
1741226400000,2025-03-06 04:00:00,230.92,239.42,230.68,234.08,112415.09
1741233600000,2025-03-06 06:00:00,234.08,238.88,229.61,236.42,52280.28
1741240800000,2025-03-06 08:00:00,236.42,236.55,228.01,229.12,46830.81
1741248000000,2025-03-06 10:00:00,229.12,232.16,225.84,226.98,47713.98
1741255200000,2025-03-06 12:00:00,226.98,229.77,226.51,228.12,33882.76
1741262400000,2025-03-06 14:00:00,228.12,228.29,218.27,218.66,62997.36
1741269600000,2025-03-06 16:00:00,218.66,219.96,214.6,216.35,109628.47
1741276800000,2025-03-06 18:00:00,216.35,217.61,210.1,211.66,47372.82
1741284000000,2025-03-06 20:00:00,211.66,213.76,210.29,211.71,28305.47
1741291200000,2025-03-06 22:00:00,211.71,214.96,211.05,212.35,24317.79
1741298400000,2025-03-07 00:00:00,212.35,214.23,208.06,208.33,38934.5
1741305600000,2025-03-07 02:00:00,208.33,212.13,200.2,210.21,129109.88
1741312800000,2025-03-07 04:00:00,210.21,210.38,205.64,205.94,37992.62
1741320000000,2025-03-07 06:00:00,205.94,209.94,205.53,208.2,39091.86
1741327200000,2025-03-07 08:00:00,208.2,210.81,207.0,209.76,42731.78
1741334400000,2025-03-07 10:00:00,209.76,209.94,204.78,206.58,57573.95
1741341600000,2025-03-07 12:00:00,206.58,210.0,205.86,206.71,25072.88
1741348800000,2025-03-07 14:00:00,206.71,209.38,203.02,204.15,47137.89
1741356000000,2025-03-07 16:00:00,204.15,209.88,202.24,204.56,63174.82
1741363200000,2025-03-07 18:00:00,204.56,205.71,199.24,202.93,63226.59
1741370400000,2025-03-07 20:00:00,202.93,208.72,202.33,204.05,30130.73
1741377600000,2025-03-07 22:00:00,204.05,205.36,197.04,199.64,61976.33
1741384800000,2025-03-08 00:00:00,199.64,200.0,195.1,196.48,25617.79
1741392000000,2025-03-08 02:00:00,196.48,197.59,192.52,194.7,20379.08
1741399200000,2025-03-08 04:00:00,194.7,195.2,192.62,193.82,9270.43
1741406400000,2025-03-08 06:00:00,193.82,194.5,190.87,191.32,16683.4
1741413600000,2025-03-08 08:00:00,191.32,191.82,189.01,189.28,14511.31
1741420800000,2025-03-08 10:00:00,189.28,189.65,185.09,185.39,25986.15
1741428000000,2025-03-08 12:00:00,185.39,191.76,185.04,188.03,60294.23
1741435200000,2025-03-08 14:00:00,188.03,193.19,187.2,193.1,50373.66
1741442400000,2025-03-08 16:00:00,193.1,195.5,187.8,188.79,67623.38
1741449600000,2025-03-08 18:00:00,188.79,195.35,186.49,192.45,59352.62
1741456800000,2025-03-08 20:00:00,192.45,198.3,192.1,197.55,27126.62
1741464000000,2025-03-08 22:00:00,197.55,199.2,195.92,198.01,18558.32
1741471200000,2025-03-09 00:00:00,198.01,198.52,194.35,195.53,19993.49
1741478400000,2025-03-09 02:00:00,195.53,197.55,194.76,195.14,15494.45
1741485600000,2025-03-09 04:00:00,195.14,195.84,193.56,195.64,12764.36
1741492800000,2025-03-09 06:00:00,195.64,198.23,194.3,196.04,19160.58
1741500000000,2025-03-09 08:00:00,196.04,196.5,194.09,195.7,23381.42
1741507200000,2025-03-09 10:00:00,195.7,195.7,190.06,190.45,31723.2
1741514400000,2025-03-09 12:00:00,190.45,191.38,187.51,190.28,38404.44
1741521600000,2025-03-09 14:00:00,190.28,193.98,187.05,187.23,61800.65
1741528800000,2025-03-09 16:00:00,187.23,195.18,186.72,190.71,77054.03
1741536000000,2025-03-09 18:00:00,190.71,191.65,178.68,179.9,115870.93
1741543200000,2025-03-09 20:00:00,179.9,182.79,176.32,181.58,95648.61
1741550400000,2025-03-09 22:00:00,181.58,183.58,176.84,177.12,30994.67
1741557600000,2025-03-10 00:00:00,177.12,180.66,176.08,178.46,35471.46
1741564800000,2025-03-10 02:00:00,178.46,185.72,176.24,183.32,53748.96
1741572000000,2025-03-10 04:00:00,183.32,190.16,182.59,189.16,56223.42
1741579200000,2025-03-10 06:00:00,189.16,195.34,188.96,191.78,59112.87
1741586400000,2025-03-10 08:00:00,191.78,195.88,191.08,194.11,24890.41
1741593600000,2025-03-10 10:00:00,194.11,201.86,191.06,196.16,86933.19
1741600800000,2025-03-10 12:00:00,196.16,198.43,192.45,197.38,41140.21
1741608000000,2025-03-10 14:00:00,197.38,198.58,190.24,190.71,61764.76
1741615200000,2025-03-10 16:00:00,190.71,190.71,180.56,185.51,131041.62
1741622400000,2025-03-10 18:00:00,185.51,187.42,179.52,180.91,88990.26
1741629600000,2025-03-10 20:00:00,180.91,187.23,175.18,183.15,131570.14
1741636800000,2025-03-10 22:00:00,183.15,184.68,177.71,181.58,65958.95
1741644000000,2025-03-11 00:00:00,181.58,183.44,179.13,180.2,34129.46
1741651200000,2025-03-11 02:00:00,180.2,182.53,166.4,176.29,226610.13
1741658400000,2025-03-11 04:00:00,176.29,179.23,173.61,173.91,63093.13
1741665600000,2025-03-11 06:00:00,173.91,182.18,173.4,180.72,38997.68
1741672800000,2025-03-11 08:00:00,180.72,184.25,178.54,182.06,64059.04
1741680000000,2025-03-11 10:00:00,182.06,183.32,180.08,180.22,38494.54
1741687200000,2025-03-11 12:00:00,180.22,181.5,177.4,178.16,42587.88
1741694400000,2025-03-11 14:00:00,178.16,179.04,171.23,174.88,136590.9
1741701600000,2025-03-11 16:00:00,174.88,177.55,167.39,175.91,132609.56
1741708800000,2025-03-11 18:00:00,175.91,178.89,170.88,174.12,60580.05
1741716000000,2025-03-11 20:00:00,174.12,185.87,174.09,184.67,77031.4
1741723200000,2025-03-11 22:00:00,184.67,184.83,181.45,182.06,25878.99
1741730400000,2025-03-12 00:00:00,182.06,183.4,180.78,181.92,29772.26
1741737600000,2025-03-12 02:00:00,181.92,184.21,178.36,181.79,50210.45
1741744800000,2025-03-12 04:00:00,181.79,181.79,171.35,171.7,64262.92
1741752000000,2025-03-12 06:00:00,171.7,172.81,169.47,172.49,68760.97
1741759200000,2025-03-12 08:00:00,172.49,175.71,169.96,174.88,42804.1
1741766400000,2025-03-12 10:00:00,174.88,177.84,171.19,172.12,78007.61
1741773600000,2025-03-12 12:00:00,172.12,173.72,170.33,173.58,37039.97
1741780800000,2025-03-12 14:00:00,173.58,180.49,169.7,170.85,141736.16
1741788000000,2025-03-12 16:00:00,170.85,171.54,163.7,168.99,117363.99
1741795200000,2025-03-12 18:00:00,168.99,173.54,167.9,168.74,62881.42
1741802400000,2025-03-12 20:00:00,168.74,171.13,167.93,169.96,38438.58
1741809600000,2025-03-12 22:00:00,169.96,174.39,169.24,172.97,35342.97
1741816800000,2025-03-13 00:00:00,172.97,175.0,172.96,174.71,19889.25
1741824000000,2025-03-13 02:00:00,174.71,175.66,172.33,174.69,28714.7
1741831200000,2025-03-13 04:00:00,174.69,176.16,171.51,171.89,27016.31
1741838400000,2025-03-13 06:00:00,171.89,172.51,169.9,170.67,26829.74
1741845600000,2025-03-13 08:00:00,170.67,172.6,169.12,171.38,25398.35
1741852800000,2025-03-13 10:00:00,171.38,174.01,168.58,173.59,41759.24
1741860000000,2025-03-13 12:00:00,173.59,174.88,171.43,174.14,59572.97
1741867200000,2025-03-13 14:00:00,174.14,176.16,168.41,169.2,156444.52
1741874400000,2025-03-13 16:00:00,169.2,172.55,168.23,169.04,88846.36
1741881600000,2025-03-13 18:00:00,169.04,169.64,163.94,164.23,105731.51
1741888800000,2025-03-13 20:00:00,164.23,167.37,160.52,160.99,52243.91
1741896000000,2025-03-13 22:00:00,160.99,163.05,160.04,162.37,23031.9
1741903200000,2025-03-14 00:00:00,162.37,164.94,161.57,162.67,22310.46
1741910400000,2025-03-14 02:00:00,162.67,165.13,161.87,164.15,22522.74
1741917600000,2025-03-14 04:00:00,164.15,167.26,163.77,166.12,21290.17
1741924800000,2025-03-14 06:00:00,166.12,167.49,164.45,165.13,18493.77
1741932000000,2025-03-14 08:00:00,165.13,165.31,163.05,163.81,22404.95
1741939200000,2025-03-14 10:00:00,163.81,168.06,163.6,166.71,41474.9
1741946400000,2025-03-14 12:00:00,166.71,168.49,165.42,167.01,23517.07
1741953600000,2025-03-14 14:00:00,167.01,170.72,165.73,169.1,58670.48
1741960800000,2025-03-14 16:00:00,169.1,175.18,166.94,173.07,96707.38
1741968000000,2025-03-14 18:00:00,173.07,175.7,171.56,174.12,37392.6
1741975200000,2025-03-14 20:00:00,174.12,176.84,172.89,172.96,33814.2
1741982400000,2025-03-14 22:00:00,172.96,174.04,171.75,173.37,18951.29
1741989600000,2025-03-15 00:00:00,173.37,175.57,172.74,173.06,13917.92
1741996800000,2025-03-15 02:00:00,173.06,175.08,172.54,173.26,20808.41
1742004000000,2025-03-15 04:00:00,173.26,175.0,172.38,174.69,12595.63
1742011200000,2025-03-15 06:00:00,174.69,177.23,174.68,175.16,19247.0
1742018400000,2025-03-15 08:00:00,175.16,175.39,173.05,173.19,11793.8
1742025600000,2025-03-15 10:00:00,173.19,174.78,172.74,174.28,14366.73
1742032800000,2025-03-15 12:00:00,174.28,175.18,173.0,174.61,9948.81
1742040000000,2025-03-15 14:00:00,174.61,175.1,173.13,173.52,18292.4
1742047200000,2025-03-15 16:00:00,173.52,173.56,171.45,173.28,30427.09
1742054400000,2025-03-15 18:00:00,173.28,175.65,172.96,174.63,24494.84
1742061600000,2025-03-15 20:00:00,174.63,175.49,171.64,172.57,14220.37
1742068800000,2025-03-15 22:00:00,172.57,174.9,172.54,174.71,13116.97
1742076000000,2025-03-16 00:00:00,174.71,175.06,172.55,172.85,11270.06
1742083200000,2025-03-16 02:00:00,172.85,173.62,170.1,170.34,18972.55
1742090400000,2025-03-16 04:00:00,170.34,172.08,169.24,171.94,20131.75
1742097600000,2025-03-16 06:00:00,171.94,173.76,171.47,173.43,17880.27
1742104800000,2025-03-16 08:00:00,173.43,173.95,171.52,173.73,28685.27
1742112000000,2025-03-16 10:00:00,173.73,174.0,170.29,171.02,39961.68
1742119200000,2025-03-16 12:00:00,171.02,171.58,164.4,164.87,63913.95
1742126400000,2025-03-16 14:00:00,164.87,166.33,163.52,163.96,33186.64
1742133600000,2025-03-16 16:00:00,163.96,166.37,163.62,165.24,23984.98
1742140800000,2025-03-16 18:00:00,165.24,169.12,164.97,168.44,43330.42
1742148000000,2025-03-16 20:00:00,168.44,168.78,163.81,164.7,22762.12
1742155200000,2025-03-16 22:00:00,164.7,166.45,164.47,165.61,11986.33
1742162400000,2025-03-17 00:00:00,165.61,165.99,163.09,164.58,13250.64
1742169600000,2025-03-17 02:00:00,164.58,168.64,164.42,168.27,18293.8
1742176800000,2025-03-17 04:00:00,168.27,169.78,167.59,169.21,12275.55
1742184000000,2025-03-17 06:00:00,169.21,169.86,166.9,167.02,12037.92
1742191200000,2025-03-17 08:00:00,167.02,168.87,165.07,167.95,14322.99
1742198400000,2025-03-17 10:00:00,167.95,171.76,166.67,171.58,41299.46
1742205600000,2025-03-17 12:00:00,171.58,172.51,170.1,170.56,31133.74
1742212800000,2025-03-17 14:00:00,170.56,172.15,168.34,168.79,48176.68
1742220000000,2025-03-17 16:00:00,168.79,170.94,167.51,170.37,38804.74
1742227200000,2025-03-17 18:00:00,170.37,173.93,170.0,173.51,22648.11
1742234400000,2025-03-17 20:00:00,173.51,177.08,173.16,176.31,38023.78
1742241600000,2025-03-17 22:00:00,176.31,176.78,175.03,175.52,19946.96
1742248800000,2025-03-18 00:00:00,175.52,176.48,173.66,174.57,13202.76
1742256000000,2025-03-18 02:00:00,174.57,175.17,170.4,171.24,28058.7
1742263200000,2025-03-18 04:00:00,171.24,172.85,169.82,171.02,23450.27
1742270400000,2025-03-18 06:00:00,171.02,172.87,170.2,172.7,19462.0
1742277600000,2025-03-18 08:00:00,172.7,173.45,169.66,171.63,20398.82
1742284800000,2025-03-18 10:00:00,171.63,173.39,170.69,171.49,18812.12
1742292000000,2025-03-18 12:00:00,171.49,172.06,168.42,169.17,18519.19
1742299200000,2025-03-18 14:00:00,169.17,169.81,165.8,166.38,24608.67
1742306400000,2025-03-18 16:00:00,166.38,169.23,165.86,166.24,24184.99
1742313600000,2025-03-18 18:00:00,166.24,168.02,164.56,165.16,25456.39
1742320800000,2025-03-18 20:00:00,165.16,169.78,164.72,169.57,14870.85
1742328000000,2025-03-18 22:00:00,169.57,170.34,168.39,168.81,16195.89
1742335200000,2025-03-19 00:00:00,168.81,170.19,168.03,170.02,15285.78
1742342400000,2025-03-19 02:00:00,170.02,173.27,169.67,170.08,27979.2
1742349600000,2025-03-19 04:00:00,170.08,172.75,169.56,172.67,12186.44
1742356800000,2025-03-19 06:00:00,172.67,172.84,170.3,170.92,14476.54
1742364000000,2025-03-19 08:00:00,170.92,171.41,169.61,169.8,22976.11
1742371200000,2025-03-19 10:00:00,169.8,172.69,169.76,172.12,12494.24
1742378400000,2025-03-19 12:00:00,172.12,181.41,171.61,180.58,71687.34
1742385600000,2025-03-19 14:00:00,180.58,181.0,176.43,178.96,60336.79
1742392800000,2025-03-19 16:00:00,178.96,182.37,177.7,181.63,36640.8
1742400000000,2025-03-19 18:00:00,181.63,182.18,177.54,178.41,41706.71
1742407200000,2025-03-19 20:00:00,178.41,182.29,175.99,180.43,63578.43
1742414400000,2025-03-19 22:00:00,180.43,182.73,179.53,181.5,20787.25
1742421600000,2025-03-20 00:00:00,181.5,184.48,180.88,182.36,18879.67
1742428800000,2025-03-20 02:00:00,182.36,183.09,176.81,177.11,25868.51
1742436000000,2025-03-20 04:00:00,177.11,178.96,176.7,177.69,11843.21
1742443200000,2025-03-20 06:00:00,177.69,177.88,176.28,177.09,8561.97
1742450400000,2025-03-20 08:00:00,177.09,178.24,176.07,176.47,17211.63
1742457600000,2025-03-20 10:00:00,176.47,178.75,176.09,177.13,13947.28
1742464800000,2025-03-20 12:00:00,177.13,177.28,172.92,175.27,47829.21
1742472000000,2025-03-20 14:00:00,175.27,177.09,174.42,176.0,44117.88
1742479200000,2025-03-20 16:00:00,176.0,179.23,173.92,174.03,52915.5
1742486400000,2025-03-20 18:00:00,174.03,175.09,171.37,173.97,47852.31
1742493600000,2025-03-20 20:00:00,173.97,175.27,173.22,174.69,9628.61
1742500800000,2025-03-20 22:00:00,174.69,176.75,174.26,176.28,17002.22
1742508000000,2025-03-21 00:00:00,176.28,178.76,175.78,178.67,13667.17
1742515200000,2025-03-21 02:00:00,178.67,183.04,178.53,180.31,31868.33
1742522400000,2025-03-21 04:00:00,180.31,181.23,178.84,179.92,20850.74
1742529600000,2025-03-21 06:00:00,179.92,181.08,178.27,179.18,17449.59
1742536800000,2025-03-21 08:00:00,179.18,179.19,177.43,179.01,17369.98
1742544000000,2025-03-21 10:00:00,179.01,179.26,176.61,177.14,18170.65
1742551200000,2025-03-21 12:00:00,177.14,178.22,175.91,177.02,13635.91
1742558400000,2025-03-21 14:00:00,177.02,178.8,173.84,175.6,30734.56
1742565600000,2025-03-21 16:00:00,175.6,175.97,173.95,174.97,18174.42
1742572800000,2025-03-21 18:00:00,174.97,178.9,174.14,178.38,23563.29
1742580000000,2025-03-21 20:00:00,178.38,180.03,177.39,178.91,15030.82
1742587200000,2025-03-21 22:00:00,178.91,180.79,178.52,178.95,14717.79
1742594400000,2025-03-22 00:00:00,178.95,179.08,177.04,178.09,9694.52
1742601600000,2025-03-22 02:00:00,178.09,181.43,178.07,179.1,16783.86
1742608800000,2025-03-22 04:00:00,179.1,181.35,178.83,180.86,8844.67
1742616000000,2025-03-22 06:00:00,180.86,181.74,180.31,180.61,10383.28
1742623200000,2025-03-22 08:00:00,180.61,181.35,179.66,179.71,6988.97
1742630400000,2025-03-22 10:00:00,179.71,183.63,179.62,182.35,21024.95
1742637600000,2025-03-22 12:00:00,182.35,182.83,180.22,180.78,16988.29
1742644800000,2025-03-22 14:00:00,180.78,181.68,180.17,180.98,10020.5
1742652000000,2025-03-22 16:00:00,180.98,180.98,179.1,179.71,16164.44
1742659200000,2025-03-22 18:00:00,179.71,180.6,179.01,179.99,12398.5
1742666400000,2025-03-22 20:00:00,179.99,182.16,179.26,181.68,15811.55
1742673600000,2025-03-22 22:00:00,181.68,182.9,180.42,181.0,18561.01
1742680800000,2025-03-23 00:00:00,181.0,181.96,179.14,179.6,12433.08
1742688000000,2025-03-23 02:00:00,179.6,181.9,179.31,181.66,18964.55
1742695200000,2025-03-23 04:00:00,181.66,183.61,180.92,183.31,21643.18
1742702400000,2025-03-23 06:00:00,183.31,183.54,181.09,182.74,25952.8
1742709600000,2025-03-23 08:00:00,182.74,186.01,182.37,184.73,24791.03
1742716800000,2025-03-23 10:00:00,184.73,185.89,183.66,183.93,65364.88
1742724000000,2025-03-23 12:00:00,183.93,186.01,183.9,184.91,14476.87
1742731200000,2025-03-23 14:00:00,184.91,186.42,184.0,185.83,30041.28
1742738400000,2025-03-23 16:00:00,185.83,186.29,182.63,183.27,33137.83
1742745600000,2025-03-23 18:00:00,183.27,183.34,180.96,181.94,32571.14
1742752800000,2025-03-23 20:00:00,181.94,183.24,181.29,182.96,8956.07
1742760000000,2025-03-23 22:00:00,182.96,184.33,181.34,183.05,16308.83
1742767200000,2025-03-24 00:00:00,183.05,187.32,183.05,184.99,47394.95
1742774400000,2025-03-24 02:00:00,184.99,185.84,181.21,181.43,28513.49
1742781600000,2025-03-24 04:00:00,181.43,186.29,181.12,185.45,37479.43
1742788800000,2025-03-24 06:00:00,185.45,190.09,185.45,188.83,43687.3
1742796000000,2025-03-24 08:00:00,188.83,192.26,188.78,190.46,36480.04
1742803200000,2025-03-24 10:00:00,190.46,194.63,190.46,193.52,33753.94
1742810400000,2025-03-24 12:00:00,193.52,194.31,192.32,193.62,18362.38
1742817600000,2025-03-24 14:00:00,193.62,193.81,190.61,191.51,24023.79
1742824800000,2025-03-24 16:00:00,191.51,194.28,190.67,192.74,23450.66
1742832000000,2025-03-24 18:00:00,192.74,193.48,190.34,192.8,27086.89
1742839200000,2025-03-24 20:00:00,192.8,193.62,190.97,191.43,18047.22
1742846400000,2025-03-24 22:00:00,191.43,193.1,191.11,191.78,10885.69
1742853600000,2025-03-25 00:00:00,191.78,191.92,188.81,190.58,26777.81
1742860800000,2025-03-25 02:00:00,190.58,192.4,188.18,188.9,18836.04
1742868000000,2025-03-25 04:00:00,188.9,189.16,185.58,186.58,33241.95
1742875200000,2025-03-25 06:00:00,186.58,187.74,185.98,187.15,12929.85
1742882400000,2025-03-25 08:00:00,187.15,188.98,186.97,187.19,16043.82
1742889600000,2025-03-25 10:00:00,187.19,190.38,187.04,189.85,12101.52
1742896800000,2025-03-25 12:00:00,189.85,190.82,188.51,188.79,21391.42
1742904000000,2025-03-25 14:00:00,188.79,190.44,186.52,186.77,33389.55
1742911200000,2025-03-25 16:00:00,186.77,189.38,186.07,187.13,26346.69
1742918400000,2025-03-25 18:00:00,187.13,188.33,185.9,187.73,18067.64
1742925600000,2025-03-25 20:00:00,187.73,188.26,186.32,187.94,12194.83
1742932800000,2025-03-25 22:00:00,187.94,188.95,186.23,186.55,16806.98
1742940000000,2025-03-26 00:00:00,186.55,186.88,185.11,186.52,12503.55
1742947200000,2025-03-26 02:00:00,186.52,187.69,185.45,187.02,15784.76
1742954400000,2025-03-26 04:00:00,187.02,187.08,182.11,182.76,32374.92
1742961600000,2025-03-26 06:00:00,182.76,184.88,182.39,184.16,17958.79
1742968800000,2025-03-26 08:00:00,184.16,188.67,183.68,187.76,53647.52
1742976000000,2025-03-26 10:00:00,187.76,188.86,186.17,187.01,20803.66
1742983200000,2025-03-26 12:00:00,187.01,189.62,186.62,189.33,19633.96
1742990400000,2025-03-26 14:00:00,189.33,190.27,183.69,183.88,46002.9
1742997600000,2025-03-26 16:00:00,183.88,185.16,179.84,180.86,61112.57
1743004800000,2025-03-26 18:00:00,180.86,182.08,178.1,178.35,30154.19
1743012000000,2025-03-26 20:00:00,178.35,179.4,175.05,177.03,37542.78
1743019200000,2025-03-26 22:00:00,177.03,179.51,176.13,178.22,17540.0
1743026400000,2025-03-27 00:00:00,178.22,178.29,175.93,177.28,11854.85
1743033600000,2025-03-27 02:00:00,177.28,181.51,176.94,181.1,15966.05
1743040800000,2025-03-27 04:00:00,181.1,183.77,180.92,183.48,18791.01
1743048000000,2025-03-27 06:00:00,183.48,183.83,182.03,182.62,9392.9
1743055200000,2025-03-27 08:00:00,182.62,185.11,182.62,184.24,13835.27
1743062400000,2025-03-27 10:00:00,184.24,185.16,183.02,184.82,14816.6
1743069600000,2025-03-27 12:00:00,184.82,185.96,181.51,182.02,26554.81
1743076800000,2025-03-27 14:00:00,182.02,184.04,179.55,182.28,31299.2
1743084000000,2025-03-27 16:00:00,182.28,185.78,181.24,182.91,29408.01
1743091200000,2025-03-27 18:00:00,182.91,184.3,180.96,181.68,12657.78
1743098400000,2025-03-27 20:00:00,181.68,184.99,181.63,182.9,11855.85
1743105600000,2025-03-27 22:00:00,182.9,185.74,182.46,185.2,11152.76
1743112800000,2025-03-28 00:00:00,185.2,185.77,183.83,184.6,13675.74
1743120000000,2025-03-28 02:00:00,184.6,186.9,182.93,185.43,23736.21
1743127200000,2025-03-28 04:00:00,185.43,186.91,183.85,185.17,19373.23
1743134400000,2025-03-28 06:00:00,185.17,185.46,175.97,176.98,60155.23
1743141600000,2025-03-28 08:00:00,176.98,179.24,174.83,175.08,53180.16
1743148800000,2025-03-28 10:00:00,175.08,176.63,174.24,175.2,23667.99
1743156000000,2025-03-28 12:00:00,175.2,176.4,171.93,173.66,43365.15
1743163200000,2025-03-28 14:00:00,173.66,174.12,170.45,171.04,36500.83
1743170400000,2025-03-28 16:00:00,171.04,172.06,169.54,169.68,25312.55
1743177600000,2025-03-28 18:00:00,169.68,170.74,168.23,170.56,26934.45
1743184800000,2025-03-28 20:00:00,170.56,172.97,170.12,171.19,16397.72
1743192000000,2025-03-28 22:00:00,171.19,172.63,170.06,171.9,11038.15
1743199200000,2025-03-29 00:00:00,171.9,175.85,171.73,175.66,13608.8
1743206400000,2025-03-29 02:00:00,175.66,177.89,174.81,176.0,16825.54
1743213600000,2025-03-29 04:00:00,176.0,176.92,172.64,175.28,16082.92
1743220800000,2025-03-29 06:00:00,175.28,176.57,174.26,176.19,13647.57
1743228000000,2025-03-29 08:00:00,176.19,179.92,174.43,179.29,33615.69
1743235200000,2025-03-29 10:00:00,179.29,180.42,175.23,177.62,35233.42
1743242400000,2025-03-29 12:00:00,177.62,178.57,172.46,173.77,45850.13
1743249600000,2025-03-29 14:00:00,173.77,176.47,173.02,175.0,28271.64
1743256800000,2025-03-29 16:00:00,175.0,175.08,171.55,171.84,15603.09
1743264000000,2025-03-29 18:00:00,171.84,172.96,166.88,168.98,46303.06
1743271200000,2025-03-29 20:00:00,168.98,169.88,167.13,169.8,17665.84
1743278400000,2025-03-29 22:00:00,169.8,169.82,165.76,166.9,22844.94
1743285600000,2025-03-30 00:00:00,166.9,168.02,165.67,168.0,10297.01
1743292800000,2025-03-30 02:00:00,168.0,169.32,165.76,168.29,20686.72
1743300000000,2025-03-30 04:00:00,168.29,169.45,166.24,166.38,17895.37
1743307200000,2025-03-30 06:00:00,166.38,167.72,165.36,165.83,18525.83
1743314400000,2025-03-30 08:00:00,165.83,166.69,164.55,164.97,14587.62
1743321600000,2025-03-30 10:00:00,164.97,167.72,164.93,166.23,17889.41
1743328800000,2025-03-30 12:00:00,166.23,166.86,164.25,165.11,22438.69
1743336000000,2025-03-30 14:00:00,165.11,165.8,162.24,162.94,31622.01
1743343200000,2025-03-30 16:00:00,162.94,164.85,162.71,163.81,22185.33
1743350400000,2025-03-30 18:00:00,163.81,164.59,161.21,163.38,23370.3
1743357600000,2025-03-30 20:00:00,163.38,167.12,163.25,164.8,40940.7
1743364800000,2025-03-30 22:00:00,164.8,166.93,164.0,164.56,10217.55
1743372000000,2025-03-31 00:00:00,164.56,165.43,161.63,163.5,27227.8
1743379200000,2025-03-31 02:00:00,163.5,164.5,159.53,162.9,28648.4
1743386400000,2025-03-31 04:00:00,162.9,163.69,159.39,159.71,18379.9
1743393600000,2025-03-31 06:00:00,159.71,161.99,159.01,160.51,18041.82
1743400800000,2025-03-31 08:00:00,160.51,160.98,155.99,156.8,31124.14
1743408000000,2025-03-31 10:00:00,156.8,157.43,151.96,152.3,50405.35
1743415200000,2025-03-31 12:00:00,152.3,156.8,151.7,156.19,30029.06
1743422400000,2025-03-31 14:00:00,156.19,159.47,154.92,157.36,88062.68
1743429600000,2025-03-31 16:00:00,157.36,162.88,157.36,161.36,45313.58
1743436800000,2025-03-31 18:00:00,161.36,161.93,157.25,157.94,31569.96
1743444000000,2025-03-31 20:00:00,157.94,162.41,157.94,159.45,19763.8
1743451200000,2025-03-31 22:00:00,159.45,160.18,158.46,158.72,13368.43
1743458400000,2025-04-01 00:00:00,158.72,160.33,157.76,159.53,12749.55
1743465600000,2025-04-01 02:00:00,159.53,161.12,159.07,159.69,14744.43
1743472800000,2025-04-01 04:00:00,159.69,162.15,159.64,161.54,9904.27
1743480000000,2025-04-01 06:00:00,161.54,163.87,160.79,162.39,15024.44
1743487200000,2025-04-01 08:00:00,162.39,165.85,162.07,165.59,27179.32
1743494400000,2025-04-01 10:00:00,165.59,169.25,164.95,169.19,37419.31
1743501600000,2025-04-01 12:00:00,169.19,169.26,164.89,165.46,30788.56
1743508800000,2025-04-01 14:00:00,165.46,167.34,164.9,166.03,24244.25
1743516000000,2025-04-01 16:00:00,166.03,171.43,162.75,169.83,72079.46
1743523200000,2025-04-01 18:00:00,169.83,170.83,167.81,168.97,28664.9
1743530400000,2025-04-01 20:00:00,168.97,169.01,166.1,167.2,18342.33
1743537600000,2025-04-01 22:00:00,167.2,168.85,166.07,167.38,14022.65
1743544800000,2025-04-02 00:00:00,167.38,167.76,165.84,165.93,11587.97
1743552000000,2025-04-02 02:00:00,165.93,166.52,163.24,164.55,19867.36
1743559200000,2025-04-02 04:00:00,164.55,164.7,161.05,161.3,21712.55
1743566400000,2025-04-02 06:00:00,161.3,162.28,158.23,158.34,24069.58
1743573600000,2025-04-02 08:00:00,158.34,164.96,157.41,159.15,77615.55
1743580800000,2025-04-02 10:00:00,159.15,161.57,158.4,160.36,28279.74
1743588000000,2025-04-02 12:00:00,160.36,161.29,158.19,158.37,16874.82
1743595200000,2025-04-02 14:00:00,158.37,160.54,155.83,158.2,45598.83
1743602400000,2025-04-02 16:00:00,158.2,164.54,157.38,162.69,71695.26
1743609600000,2025-04-02 18:00:00,162.69,165.3,160.75,161.8,44485.78
1743616800000,2025-04-02 20:00:00,161.8,164.31,160.77,163.87,26512.46
1743624000000,2025-04-02 22:00:00,163.87,168.87,156.2,157.75,137047.81
1743631200000,2025-04-03 00:00:00,157.75,157.75,149.41,150.16,97291.81
1743638400000,2025-04-03 02:00:00,150.16,155.61,149.35,154.86,38482.74
1743645600000,2025-04-03 04:00:00,154.86,155.87,153.4,154.99,13268.24
1743652800000,2025-04-03 06:00:00,154.99,157.2,154.77,154.98,14142.33
1743660000000,2025-04-03 08:00:00,154.98,155.31,151.75,153.23,18945.78
1743667200000,2025-04-03 10:00:00,153.23,154.47,152.63,152.79,17571.65
1743674400000,2025-04-03 12:00:00,152.79,153.5,149.6,150.61,42110.89
1743681600000,2025-04-03 14:00:00,150.61,150.96,146.17,149.36,54554.21
1743688800000,2025-04-03 16:00:00,149.36,150.08,146.34,149.86,63343.33
1743696000000,2025-04-03 18:00:00,149.86,150.96,147.93,149.02,22791.58
1743703200000,2025-04-03 20:00:00,149.02,151.39,148.26,150.22,20482.52
1743710400000,2025-04-03 22:00:00,150.22,152.52,149.24,152.01,26393.33
1743717600000,2025-04-04 00:00:00,152.01,152.04,150.08,151.02,22669.13
1743724800000,2025-04-04 02:00:00,151.02,151.94,147.14,147.74,23160.34
1743732000000,2025-04-04 04:00:00,147.74,149.94,147.72,148.79,18554.46
1743739200000,2025-04-04 06:00:00,148.79,150.31,147.52,150.01,12773.41
1743746400000,2025-04-04 08:00:00,150.01,152.39,149.75,151.78,24382.6
1743753600000,2025-04-04 10:00:00,151.78,153.83,151.55,153.33,30526.68
1743760800000,2025-04-04 12:00:00,153.33,153.75,144.3,147.22,68108.05
1743768000000,2025-04-04 14:00:00,147.22,149.8,144.65,149.23,82261.83
1743775200000,2025-04-04 16:00:00,149.23,152.09,146.33,149.3,78927.46
1743782400000,2025-04-04 18:00:00,149.3,153.28,148.97,153.1,62778.16
1743789600000,2025-04-04 20:00:00,153.1,153.26,150.04,151.44,25779.86
1743796800000,2025-04-04 22:00:00,151.44,153.95,150.31,152.7,24072.07
1743804000000,2025-04-05 00:00:00,152.7,153.22,151.24,151.87,7694.44
1743811200000,2025-04-05 02:00:00,151.87,153.94,151.25,153.09,9329.27
1743818400000,2025-04-05 04:00:00,153.09,153.64,152.23,152.5,6504.57
1743825600000,2025-04-05 06:00:00,152.5,152.97,151.11,151.36,8746.69
1743832800000,2025-04-05 08:00:00,151.36,152.07,150.56,151.72,11355.08
1743840000000,2025-04-05 10:00:00,151.72,154.19,151.31,153.98,12730.29
1743847200000,2025-04-05 12:00:00,153.98,155.33,153.43,153.86,29173.7
1743854400000,2025-04-05 14:00:00,153.86,154.37,150.42,151.04,33012.36
1743861600000,2025-04-05 16:00:00,151.04,152.06,149.88,150.4,16395.0
1743868800000,2025-04-05 18:00:00,150.4,151.69,150.25,150.79,18678.03
1743876000000,2025-04-05 20:00:00,150.79,152.57,150.68,150.86,10668.25
1743883200000,2025-04-05 22:00:00,150.86,151.33,149.36,149.48,20219.48
1743890400000,2025-04-06 00:00:00,149.48,153.02,149.41,152.42,13011.56
1743897600000,2025-04-06 02:00:00,152.42,152.51,150.91,151.14,7568.77
1743904800000,2025-04-06 04:00:00,151.14,151.44,149.72,150.3,7226.86
1743912000000,2025-04-06 06:00:00,150.3,151.04,149.61,150.96,10586.86
1743919200000,2025-04-06 08:00:00,150.96,151.08,148.13,148.22,14599.59
1743926400000,2025-04-06 10:00:00,148.22,148.5,147.04,147.53,20908.5
1743933600000,2025-04-06 12:00:00,147.53,147.6,146.0,146.68,20496.62
1743940800000,2025-04-06 14:00:00,146.68,147.22,142.0,142.39,44326.05
1743948000000,2025-04-06 16:00:00,142.39,144.91,141.8,143.94,36558.52
1743955200000,2025-04-06 18:00:00,143.94,144.03,137.64,138.33,109143.0
1743962400000,2025-04-06 20:00:00,138.33,138.46,131.3,132.6,156452.51
1743969600000,2025-04-06 22:00:00,132.6,133.08,128.23,129.24,68952.52
1743976800000,2025-04-07 00:00:00,129.24,131.55,126.22,128.91,82733.91
1743984000000,2025-04-07 02:00:00,128.91,131.64,126.0,129.22,50173.71
1743991200000,2025-04-07 04:00:00,129.22,129.59,121.74,123.29,87585.64
1743998400000,2025-04-07 06:00:00,123.29,125.46,122.59,122.89,49662.55
1744005600000,2025-04-07 08:00:00,122.89,124.39,113.9,116.12,196451.34
1744012800000,2025-04-07 10:00:00,116.12,124.15,115.62,122.18,156626.27
1744020000000,2025-04-07 12:00:00,122.18,125.32,121.59,122.16,46844.16
1744027200000,2025-04-07 14:00:00,122.16,130.04,121.73,129.24,131278.47
1744034400000,2025-04-07 16:00:00,129.24,136.12,127.96,131.37,241133.87
1744041600000,2025-04-07 18:00:00,131.37,132.86,128.12,132.31,66892.85
1744048800000,2025-04-07 20:00:00,132.31,133.29,130.39,130.73,46027.58
1744056000000,2025-04-07 22:00:00,130.73,134.26,130.73,133.73,23387.89
1744063200000,2025-04-08 00:00:00,133.73,135.69,131.69,131.88,35041.94
1744070400000,2025-04-08 02:00:00,131.88,134.88,130.26,134.61,28567.44
1744077600000,2025-04-08 04:00:00,134.61,136.02,133.02,133.52,22280.3
1744084800000,2025-04-08 06:00:00,133.52,135.85,133.01,133.45,26334.43
1744092000000,2025-04-08 08:00:00,133.45,133.45,129.73,130.77,37524.0
1744099200000,2025-04-08 10:00:00,130.77,132.14,129.22,130.86,30213.71
1744106400000,2025-04-08 12:00:00,130.86,134.14,130.45,133.57,34126.58
1744113600000,2025-04-08 14:00:00,133.57,135.36,131.82,133.29,89138.43
1744120800000,2025-04-08 16:00:00,133.29,134.78,129.83,131.16,168513.54
1744128000000,2025-04-08 18:00:00,131.16,131.71,124.16,127.37,141032.27
1744135200000,2025-04-08 20:00:00,127.37,129.61,125.56,125.86,62314.45
1744142400000,2025-04-08 22:00:00,125.86,127.41,124.78,125.98,30599.95
1744149600000,2025-04-09 00:00:00,125.98,126.09,123.47,125.25,38013.31
1744156800000,2025-04-09 02:00:00,125.25,126.28,119.76,125.2,97229.77
1744164000000,2025-04-09 04:00:00,125.2,127.04,123.22,124.4,41234.86
1744171200000,2025-04-09 06:00:00,124.4,128.23,124.17,127.36,45245.77
1744178400000,2025-04-09 08:00:00,127.36,129.45,126.75,128.96,52981.78
1744185600000,2025-04-09 10:00:00,128.96,130.06,128.14,128.98,27595.55
1744192800000,2025-04-09 12:00:00,128.98,130.32,125.17,126.06,54484.19
1744200000000,2025-04-09 14:00:00,126.06,129.75,124.35,128.65,66054.56
1744207200000,2025-04-09 16:00:00,128.65,130.03,127.16,128.42,67027.0
1744214400000,2025-04-09 18:00:00,128.42,141.95,127.98,141.52,198352.43
1744221600000,2025-04-09 20:00:00,141.52,143.89,139.88,141.58,81801.77
1744228800000,2025-04-09 22:00:00,141.58,145.06,141.58,144.1,40413.01
1744236000000,2025-04-10 00:00:00,144.1,144.83,142.61,143.02,18923.69
1744243200000,2025-04-10 02:00:00,143.02,143.26,140.35,141.45,40279.69
1744250400000,2025-04-10 04:00:00,141.45,142.11,137.57,139.16,31137.71
1744257600000,2025-04-10 06:00:00,139.16,140.44,137.89,139.95,21114.84
1744264800000,2025-04-10 08:00:00,139.95,140.76,137.18,137.71,37455.85
1744272000000,2025-04-10 10:00:00,137.71,138.71,136.68,138.48,25475.53
1744279200000,2025-04-10 12:00:00,138.48,138.67,136.36,137.06,38346.46
1744286400000,2025-04-10 14:00:00,137.06,139.87,134.13,134.8,109969.64
1744293600000,2025-04-10 16:00:00,134.8,137.26,129.01,129.48,84064.21
1744300800000,2025-04-10 18:00:00,129.48,130.74,128.11,129.41,72252.76
1744308000000,2025-04-10 20:00:00,129.41,131.97,129.27,130.89,60903.56
1744315200000,2025-04-10 22:00:00,130.89,133.11,130.83,131.62,23980.7
1744322400000,2025-04-11 00:00:00,131.62,132.51,130.66,131.84,21705.74
1744329600000,2025-04-11 02:00:00,131.84,135.16,131.26,134.92,34372.61
1744336800000,2025-04-11 04:00:00,134.92,136.33,133.66,134.54,46200.44
1744344000000,2025-04-11 06:00:00,134.54,135.81,134.18,135.26,22766.1
1744351200000,2025-04-11 08:00:00,135.26,136.87,135.25,135.96,24809.06
1744358400000,2025-04-11 10:00:00,135.96,137.26,134.05,135.42,78649.81
1744365600000,2025-04-11 12:00:00,135.42,137.16,134.25,134.67,41203.74
1744372800000,2025-04-11 14:00:00,134.67,136.77,133.46,136.11,40666.62
1744380000000,2025-04-11 16:00:00,136.11,136.19,133.28,135.28,42979.99
1744387200000,2025-04-11 18:00:00,135.28,138.22,134.1,137.19,34270.1
1744394400000,2025-04-11 20:00:00,137.19,137.91,136.03,136.24,22950.06
1744401600000,2025-04-11 22:00:00,136.24,139.35,135.78,137.02,21943.1
1744408800000,2025-04-12 00:00:00,137.02,137.36,135.34,136.35,18842.46
1744416000000,2025-04-12 02:00:00,136.35,136.67,134.88,135.29,18801.0
1744423200000,2025-04-12 04:00:00,135.29,135.57,133.95,134.36,15734.16
1744430400000,2025-04-12 06:00:00,134.36,136.64,133.6,135.81,23613.58
1744437600000,2025-04-12 08:00:00,135.81,137.48,135.59,137.2,17006.82
1744444800000,2025-04-12 10:00:00,137.2,139.81,137.06,138.94,33070.91
1744452000000,2025-04-12 12:00:00,138.94,140.18,138.08,139.47,27328.28
1744459200000,2025-04-12 14:00:00,139.47,144.9,139.14,144.23,46182.12
1744466400000,2025-04-12 16:00:00,144.23,148.67,143.79,147.31,64536.61
1744473600000,2025-04-12 18:00:00,147.31,149.44,146.39,147.07,45002.26
1744480800000,2025-04-12 20:00:00,147.07,149.39,146.9,148.24,24384.4
1744488000000,2025-04-12 22:00:00,148.24,149.92,147.87,149.14,20320.14
1744495200000,2025-04-13 00:00:00,149.14,150.07,147.53,147.96,15487.85
1744502400000,2025-04-13 02:00:00,147.96,148.22,144.7,144.94,42749.37
1744509600000,2025-04-13 04:00:00,144.94,146.06,144.54,145.44,15555.4
1744516800000,2025-04-13 06:00:00,145.44,145.47,142.88,143.36,32121.23
1744524000000,2025-04-13 08:00:00,143.36,144.37,143.09,143.45,12424.43
1744531200000,2025-04-13 10:00:00,143.45,145.77,142.83,145.7,17054.17
1744538400000,2025-04-13 12:00:00,145.7,145.88,142.41,143.1,25672.71
1744545600000,2025-04-13 14:00:00,143.1,143.98,139.83,140.35,29082.45
1744552800000,2025-04-13 16:00:00,140.35,141.28,139.72,140.78,27010.1
1744560000000,2025-04-13 18:00:00,140.78,146.16,140.46,145.07,38341.52
1744567200000,2025-04-13 20:00:00,145.07,145.99,138.34,139.78,76866.92
1744574400000,2025-04-13 22:00:00,139.78,142.09,136.41,138.28,55526.72
1744581600000,2025-04-14 00:00:00,138.28,139.49,136.96,139.03,18857.68
1744588800000,2025-04-14 02:00:00,139.03,142.82,138.66,141.08,36110.5
1744596000000,2025-04-14 04:00:00,141.08,146.54,140.75,141.92,39113.37
1744603200000,2025-04-14 06:00:00,141.92,143.8,140.72,141.16,21552.89
1744610400000,2025-04-14 08:00:00,141.16,142.0,139.69,141.96,16379.27
1744617600000,2025-04-14 10:00:00,141.96,143.5,141.24,142.05,20609.41
1744624800000,2025-04-14 12:00:00,142.05,147.15,141.89,145.49,43931.93
1744632000000,2025-04-14 14:00:00,145.49,145.94,142.55,143.12,36058.79
1744639200000,2025-04-14 16:00:00,143.12,146.31,138.61,139.09,69454.97
1744646400000,2025-04-14 18:00:00,139.09,140.49,137.8,140.3,70441.24
1744653600000,2025-04-14 20:00:00,140.3,141.01,139.23,139.56,21960.3
1744660800000,2025-04-14 22:00:00,139.56,139.89,137.04,138.15,25095.28
1744668000000,2025-04-15 00:00:00,138.15,138.22,136.71,137.54,16861.78
1744675200000,2025-04-15 02:00:00,137.54,138.36,135.97,138.19,35298.67
1744682400000,2025-04-15 04:00:00,138.19,139.1,136.46,138.6,30553.91
1744689600000,2025-04-15 06:00:00,138.6,139.8,137.18,138.66,30851.71
1744696800000,2025-04-15 08:00:00,138.66,139.59,137.7,139.24,14310.37
1744704000000,2025-04-15 10:00:00,139.24,141.71,138.8,141.14,51251.54
1744711200000,2025-04-15 12:00:00,141.14,141.55,138.75,139.72,45576.52
1744718400000,2025-04-15 14:00:00,139.72,142.12,138.57,139.11,50575.84
1744725600000,2025-04-15 16:00:00,139.11,139.99,135.2,136.31,74349.18
1744732800000,2025-04-15 18:00:00,136.31,137.78,135.94,136.45,24715.46
1744740000000,2025-04-15 20:00:00,136.45,136.85,134.19,135.14,28894.71
1744747200000,2025-04-15 22:00:00,135.14,135.85,133.56,135.36,25215.05
1744754400000,2025-04-16 00:00:00,135.36,135.36,133.42,134.1,12399.1
1744761600000,2025-04-16 02:00:00,134.1,136.34,133.32,135.72,20851.67
1744768800000,2025-04-16 04:00:00,135.72,136.44,135.07,135.73,14337.76
1744776000000,2025-04-16 06:00:00,135.73,136.03,133.36,134.26,25694.92
1744783200000,2025-04-16 08:00:00,134.26,135.07,133.04,133.21,14155.62
1744790400000,2025-04-16 10:00:00,133.21,135.58,132.37,134.34,27700.47
1744797600000,2025-04-16 12:00:00,134.34,136.29,134.28,135.36,24433.44
1744804800000,2025-04-16 14:00:00,135.36,136.01,132.87,133.12,29881.59
1744812000000,2025-04-16 16:00:00,133.12,137.38,133.07,135.02,39537.36
1744819200000,2025-04-16 18:00:00,135.02,137.12,129.71,129.91,76077.84
1744826400000,2025-04-16 20:00:00,129.91,136.41,129.79,135.33,74628.56
1744833600000,2025-04-16 22:00:00,135.33,136.7,133.39,135.01,25514.44
1744840800000,2025-04-17 00:00:00,135.01,135.37,133.25,133.86,11033.08
1744848000000,2025-04-17 02:00:00,133.86,136.28,133.7,135.59,14448.81
1744855200000,2025-04-17 04:00:00,135.59,136.12,134.3,135.28,10712.41
1744862400000,2025-04-17 06:00:00,135.28,138.27,135.15,138.0,21262.25
1744869600000,2025-04-17 08:00:00,138.0,139.94,137.71,138.91,25894.21
1744876800000,2025-04-17 10:00:00,138.91,139.45,136.98,137.16,20389.2
1744884000000,2025-04-17 12:00:00,137.16,138.04,136.29,137.69,16318.63
1744891200000,2025-04-17 14:00:00,137.69,138.99,137.57,138.08,30875.72
1744898400000,2025-04-17 16:00:00,138.08,138.38,134.8,137.15,40088.91
1744905600000,2025-04-17 18:00:00,137.15,141.07,136.58,140.52,44062.59
1744912800000,2025-04-17 20:00:00,140.52,141.47,136.78,137.38,37546.19
1744920000000,2025-04-17 22:00:00,137.38,139.31,137.37,138.96,16389.21
1744927200000,2025-04-18 00:00:00,138.96,139.49,137.56,138.84,15904.16
1744934400000,2025-04-18 02:00:00,138.84,139.27,137.36,138.43,15075.58
1744941600000,2025-04-18 04:00:00,138.43,139.3,137.64,139.14,12709.24
1744948800000,2025-04-18 06:00:00,139.14,139.28,137.66,138.95,12068.62
1744956000000,2025-04-18 08:00:00,138.95,139.7,137.94,139.48,21155.91
1744963200000,2025-04-18 10:00:00,139.48,141.05,138.96,139.14,51451.72
1744970400000,2025-04-18 12:00:00,139.14,139.37,138.15,139.17,22687.63
1744977600000,2025-04-18 14:00:00,139.17,139.49,138.4,139.0,17054.22
1744984800000,2025-04-18 16:00:00,139.0,139.22,137.1,137.8,30733.38
1744992000000,2025-04-18 18:00:00,137.8,138.97,137.45,138.86,18654.58
1744999200000,2025-04-18 20:00:00,138.86,139.22,138.2,138.62,11686.69
1745006400000,2025-04-18 22:00:00,138.62,139.42,138.43,139.31,11649.52
1745013600000,2025-04-19 00:00:00,139.31,139.5,137.95,138.28,14531.16
1745020800000,2025-04-19 02:00:00,138.28,139.3,137.85,139.29,13221.79
1745028000000,2025-04-19 04:00:00,139.29,139.68,139.07,139.28,59744.91
1745035200000,2025-04-19 06:00:00,139.28,140.55,139.26,140.14,30977.61
1745042400000,2025-04-19 08:00:00,140.14,140.53,138.87,140.0,19557.94
1745049600000,2025-04-19 10:00:00,140.0,140.36,138.83,138.95,19576.11
1745056800000,2025-04-19 12:00:00,138.95,139.4,138.38,138.52,16151.55
1745064000000,2025-04-19 14:00:00,138.52,139.64,138.18,139.44,19870.61
1745071200000,2025-04-19 16:00:00,139.44,140.84,139.04,140.15,15646.45
1745078400000,2025-04-19 18:00:00,140.15,141.57,139.11,141.4,31766.75
1745085600000,2025-04-19 20:00:00,141.4,141.95,140.57,140.71,17578.43
1745092800000,2025-04-19 22:00:00,140.71,142.14,140.51,142.12,11417.95
1745100000000,2025-04-20 00:00:00,142.12,142.87,141.68,141.88,7763.44
1745107200000,2025-04-20 02:00:00,141.88,142.6,141.35,142.6,9000.13
1745114400000,2025-04-20 04:00:00,142.6,143.09,142.18,142.73,10317.33
1745121600000,2025-04-20 06:00:00,142.73,143.44,142.16,142.19,16696.06
1745128800000,2025-04-20 08:00:00,142.19,142.52,140.09,140.6,18520.24
1745136000000,2025-04-20 10:00:00,140.6,140.74,138.86,139.23,21569.85
1745143200000,2025-04-20 12:00:00,139.23,139.46,136.68,137.42,29695.62
1745150400000,2025-04-20 14:00:00,137.42,138.47,137.12,137.78,10974.99
1745157600000,2025-04-20 16:00:00,137.78,138.73,137.0,137.37,12125.87
1745164800000,2025-04-20 18:00:00,137.37,138.89,137.09,138.5,13318.43
1745172000000,2025-04-20 20:00:00,138.5,140.54,138.22,140.44,14801.66
1745179200000,2025-04-20 22:00:00,140.44,143.37,139.74,140.55,34258.35
1745186400000,2025-04-21 00:00:00,140.55,140.99,139.26,140.86,11884.04
1745193600000,2025-04-21 02:00:00,140.86,145.69,140.84,145.07,37670.11
1745200800000,2025-04-21 04:00:00,145.07,146.05,143.7,143.92,18295.39
1745208000000,2025-04-21 06:00:00,143.92,145.55,143.5,144.64,21511.9
1745215200000,2025-04-21 08:00:00,144.64,145.84,144.12,145.07,25304.68
1745222400000,2025-04-21 10:00:00,145.07,145.94,144.22,144.73,15553.01
1745229600000,2025-04-21 12:00:00,144.73,145.5,143.36,144.23,16233.28
1745236800000,2025-04-21 14:00:00,144.23,145.06,142.8,142.8,30006.57
1745244000000,2025-04-21 16:00:00,142.8,145.69,142.41,143.66,41803.66
1745251200000,2025-04-21 18:00:00,143.66,144.74,139.06,140.09,53412.94
1745258400000,2025-04-21 20:00:00,140.09,141.37,138.96,141.0,28917.6
1745265600000,2025-04-21 22:00:00,141.0,142.05,140.52,141.79,15789.34
1745272800000,2025-04-22 00:00:00,141.79,142.95,141.22,142.78,15331.31
1745280000000,2025-04-22 02:00:00,142.78,144.45,139.61,144.22,31905.09
1745287200000,2025-04-22 04:00:00,144.22,144.83,141.86,143.21,18419.79
1745294400000,2025-04-22 06:00:00,143.21,144.61,142.98,144.47,16734.92
1745301600000,2025-04-22 08:00:00,144.47,147.68,143.03,147.31,31101.77
1745308800000,2025-04-22 10:00:00,147.31,148.42,146.15,146.53,28613.32
1745316000000,2025-04-22 12:00:00,146.53,148.14,145.86,148.1,41645.55
1745323200000,2025-04-22 14:00:00,148.1,150.41,147.85,149.0,52169.16
1745330400000,2025-04-22 16:00:00,149.0,154.97,148.08,151.96,85202.24
1745337600000,2025-04-22 18:00:00,151.96,152.66,149.95,152.02,33773.25
1745344800000,2025-04-22 20:00:00,152.02,153.56,151.62,152.75,20018.95
1745352000000,2025-04-22 22:00:00,152.75,158.95,152.03,157.46,35521.3
1745359200000,2025-04-23 00:00:00,157.46,158.8,155.92,158.09,26490.48
1745366400000,2025-04-23 02:00:00,158.09,161.76,157.64,158.97,30885.71
1745373600000,2025-04-23 04:00:00,158.97,163.23,158.66,163.22,35649.51
1745380800000,2025-04-23 06:00:00,163.22,165.2,161.61,163.3,34068.05
1745388000000,2025-04-23 08:00:00,163.3,163.97,161.43,163.39,39024.93
1745395200000,2025-04-23 10:00:00,163.39,165.01,162.45,163.46,22518.31
1745402400000,2025-04-23 12:00:00,163.46,166.36,162.33,165.25,30156.53
1745409600000,2025-04-23 14:00:00,165.25,168.73,162.46,163.14,81539.71
1745416800000,2025-04-23 16:00:00,163.14,166.77,162.01,166.36,72938.53
1745424000000,2025-04-23 18:00:00,166.36,167.44,164.69,166.64,55933.33
1745431200000,2025-04-23 20:00:00,166.64,168.36,163.83,164.95,31718.62
1745438400000,2025-04-23 22:00:00,164.95,167.01,164.81,165.48,18623.47
1745445600000,2025-04-24 00:00:00,165.48,168.72,164.71,167.95,20604.01
1745452800000,2025-04-24 02:00:00,167.95,169.43,166.6,169.23,29430.82
1745460000000,2025-04-24 04:00:00,169.23,170.62,164.7,164.81,37716.03
1745467200000,2025-04-24 06:00:00,164.81,166.13,164.0,164.05,24256.81
1745474400000,2025-04-24 08:00:00,164.05,165.6,161.49,162.13,32878.9
1745481600000,2025-04-24 10:00:00,162.13,163.03,158.22,159.64,45814.0
1745488800000,2025-04-24 12:00:00,159.64,160.98,159.29,160.85,23193.2
1745496000000,2025-04-24 14:00:00,160.85,163.9,159.73,162.52,34306.3
1745503200000,2025-04-24 16:00:00,162.52,167.43,162.4,166.75,57342.97
1745510400000,2025-04-24 18:00:00,166.75,169.29,164.2,165.57,44235.88
1745517600000,2025-04-24 20:00:00,165.57,167.69,165.49,167.35,19271.93
1745524800000,2025-04-24 22:00:00,167.35,168.54,166.01,166.59,23895.76
1745532000000,2025-04-25 00:00:00,166.59,168.5,165.48,167.83,14561.13
1745539200000,2025-04-25 02:00:00,167.83,170.2,166.2,166.33,20665.43
1745546400000,2025-04-25 04:00:00,166.33,166.87,163.32,166.12,34797.46
1745553600000,2025-04-25 06:00:00,166.12,167.95,165.74,166.37,14096.03
1745560800000,2025-04-25 08:00:00,166.37,167.54,166.05,167.43,24709.28
1745568000000,2025-04-25 10:00:00,167.43,168.27,166.04,168.03,30764.96
1745575200000,2025-04-25 12:00:00,168.03,168.22,165.37,166.93,44554.33
1745582400000,2025-04-25 14:00:00,166.93,168.57,162.72,164.06,64863.0
1745589600000,2025-04-25 16:00:00,164.06,168.9,163.83,167.08,66854.61
1745596800000,2025-04-25 18:00:00,167.08,170.5,165.33,166.24,44964.93
1745604000000,2025-04-25 20:00:00,166.24,168.14,166.03,167.6,15495.98
1745611200000,2025-04-25 22:00:00,167.6,169.27,166.32,166.78,22826.89
1745618400000,2025-04-26 00:00:00,166.78,168.82,166.21,166.34,10611.81
1745625600000,2025-04-26 02:00:00,166.34,172.24,166.34,171.67,35945.32
1745632800000,2025-04-26 04:00:00,171.67,172.4,168.17,168.75,31915.11
1745640000000,2025-04-26 06:00:00,168.75,169.32,166.68,168.7,28206.37
1745647200000,2025-04-26 08:00:00,168.7,171.1,168.51,169.72,18645.87
1745654400000,2025-04-26 10:00:00,169.72,172.92,167.39,168.52,39896.74
1745661600000,2025-04-26 12:00:00,168.52,170.17,165.51,166.08,33181.17
1745668800000,2025-04-26 14:00:00,166.08,167.43,164.29,165.55,34916.05
1745676000000,2025-04-26 16:00:00,165.55,168.1,164.78,167.8,23695.08
1745683200000,2025-04-26 18:00:00,167.8,168.47,165.93,168.26,28229.02
1745690400000,2025-04-26 20:00:00,168.26,171.21,167.46,171.01,23679.02
1745697600000,2025-04-26 22:00:00,171.01,171.7,169.49,170.3,17001.16
1745704800000,2025-04-27 00:00:00,170.3,173.22,170.3,172.86,34783.78
1745712000000,2025-04-27 02:00:00,172.86,179.3,171.61,171.81,105339.38
1745719200000,2025-04-27 04:00:00,171.81,173.44,170.15,170.64,30221.08
1745726400000,2025-04-27 06:00:00,170.64,170.98,167.55,169.34,25781.38
1745733600000,2025-04-27 08:00:00,169.34,170.42,168.3,169.03,15120.59
1745740800000,2025-04-27 10:00:00,169.03,170.94,168.38,170.57,17344.39
1745748000000,2025-04-27 12:00:00,170.57,170.66,168.62,168.62,13152.38
1745755200000,2025-04-27 14:00:00,168.62,171.29,167.65,169.33,51942.13
1745762400000,2025-04-27 16:00:00,169.33,169.64,165.97,166.38,48764.32
1745769600000,2025-04-27 18:00:00,166.38,167.56,165.22,167.39,15948.31
1745776800000,2025-04-27 20:00:00,167.39,171.0,166.95,170.93,39365.27
1745784000000,2025-04-27 22:00:00,170.93,171.12,167.84,168.94,19320.54
1745791200000,2025-04-28 00:00:00,168.94,168.98,166.36,166.44,17092.51
1745798400000,2025-04-28 02:00:00,166.44,167.1,161.2,162.48,73591.3
1745805600000,2025-04-28 04:00:00,162.48,167.94,162.0,167.76,33488.37
1745812800000,2025-04-28 06:00:00,167.76,170.63,167.76,170.13,50849.74
1745820000000,2025-04-28 08:00:00,170.13,174.78,169.88,174.08,42541.0
1745827200000,2025-04-28 10:00:00,174.08,174.8,170.89,171.01,46411.76
1745834400000,2025-04-28 12:00:00,171.01,172.54,168.72,170.45,68286.67
1745841600000,2025-04-28 14:00:00,170.45,170.53,166.11,166.31,46284.25
1745848800000,2025-04-28 16:00:00,166.31,169.79,163.2,164.54,56875.46
1745856000000,2025-04-28 18:00:00,164.54,165.66,163.06,165.48,41614.95
1745863200000,2025-04-28 20:00:00,165.48,168.5,164.33,167.77,41802.22
1745870400000,2025-04-28 22:00:00,167.77,167.96,164.21,165.24,29073.89
1745877600000,2025-04-29 00:00:00,165.24,166.91,164.77,166.12,21794.05
1745884800000,2025-04-29 02:00:00,166.12,168.19,165.41,166.14,22386.43
1745892000000,2025-04-29 04:00:00,166.14,167.01,165.39,166.6,16570.84
1745899200000,2025-04-29 06:00:00,166.6,166.8,163.73,165.04,19065.49
1745906400000,2025-04-29 08:00:00,165.04,169.69,164.91,169.22,19208.08
1745913600000,2025-04-29 10:00:00,169.22,170.33,168.14,169.3,23972.37
1745920800000,2025-04-29 12:00:00,169.3,171.15,167.55,168.06,32167.9
1745928000000,2025-04-29 14:00:00,168.06,168.78,165.91,167.99,29007.37
1745935200000,2025-04-29 16:00:00,167.99,169.91,167.27,167.72,27835.72
1745942400000,2025-04-29 18:00:00,167.72,170.29,166.65,168.95,25250.03
1745949600000,2025-04-29 20:00:00,168.95,170.26,168.44,169.25,12252.89
1745956800000,2025-04-29 22:00:00,169.25,169.82,165.2,166.9,24287.67
1745964000000,2025-04-30 00:00:00,166.9,166.9,163.12,165.46,29920.13
1745971200000,2025-04-30 02:00:00,165.46,166.86,163.04,164.58,18862.67
1745978400000,2025-04-30 04:00:00,164.58,166.22,163.91,166.18,18356.75
1745985600000,2025-04-30 06:00:00,166.18,166.64,165.28,165.64,15181.75
1745992800000,2025-04-30 08:00:00,165.64,166.16,163.07,163.45,13562.45
1746000000000,2025-04-30 10:00:00,163.45,164.87,162.63,164.51,14181.87
1746007200000,2025-04-30 12:00:00,164.51,165.53,163.89,164.86,14317.59
1746014400000,2025-04-30 14:00:00,164.86,165.2,155.25,155.59,75997.27
1746021600000,2025-04-30 16:00:00,155.59,160.13,155.33,159.25,47816.68
1746028800000,2025-04-30 18:00:00,159.25,162.76,157.87,162.29,30153.46
1746036000000,2025-04-30 20:00:00,162.29,164.45,161.87,163.8,15098.27
1746043200000,2025-04-30 22:00:00,163.8,166.84,163.67,165.3,17540.86
1746050400000,2025-05-01 00:00:00,165.3,166.18,163.87,164.05,13317.19
1746057600000,2025-05-01 02:00:00,164.05,167.39,164.02,167.29,18125.1
1746064800000,2025-05-01 04:00:00,167.29,168.54,166.9,167.92,21917.58
1746072000000,2025-05-01 06:00:00,167.92,170.18,167.04,169.5,37536.74
1746079200000,2025-05-01 08:00:00,169.5,169.68,167.51,169.2,15702.81
1746086400000,2025-05-01 10:00:00,169.2,170.87,168.59,169.93,29696.16
1746093600000,2025-05-01 12:00:00,169.93,173.83,169.93,172.65,33281.31
1746100800000,2025-05-01 14:00:00,172.65,175.59,172.31,173.48,32896.0
1746108000000,2025-05-01 16:00:00,173.48,179.15,173.45,175.89,59026.59
1746115200000,2025-05-01 18:00:00,175.89,177.75,173.43,175.1,43688.89
1746122400000,2025-05-01 20:00:00,175.1,176.22,173.92,174.54,11147.96
1746129600000,2025-05-01 22:00:00,174.54,175.41,173.68,174.52,8763.94
1746136800000,2025-05-02 00:00:00,174.52,175.2,171.98,172.85,18260.95
1746144000000,2025-05-02 02:00:00,172.85,174.93,172.12,174.61,19799.85
1746151200000,2025-05-02 04:00:00,174.61,176.15,174.01,174.21,15134.57
1746158400000,2025-05-02 06:00:00,174.21,174.9,173.14,173.45,14903.69
1746165600000,2025-05-02 08:00:00,173.45,174.23,171.79,172.0,14772.83
1746172800000,2025-05-02 10:00:00,172.0,174.34,171.85,172.99,14761.67
1746180000000,2025-05-02 12:00:00,172.99,173.93,172.32,172.5,14882.32
1746187200000,2025-05-02 14:00:00,172.5,174.99,171.77,173.01,27229.69
1746194400000,2025-05-02 16:00:00,173.01,176.31,172.9,175.13,28702.94
1746201600000,2025-05-02 18:00:00,175.13,179.02,175.13,176.34,25504.67
1746208800000,2025-05-02 20:00:00,176.34,177.61,173.64,174.36,16649.59
1746216000000,2025-05-02 22:00:00,174.36,175.38,173.03,173.54,12400.94
1746223200000,2025-05-03 00:00:00,173.54,175.22,173.05,174.53,8721.69
1746230400000,2025-05-03 02:00:00,174.53,174.82,172.7,173.29,10697.55
1746237600000,2025-05-03 04:00:00,173.29,174.56,173.17,173.37,12687.83
1746244800000,2025-05-03 06:00:00,173.37,174.49,173.03,173.44,8575.36
1746252000000,2025-05-03 08:00:00,173.44,173.65,172.5,173.54,6971.52
1746259200000,2025-05-03 10:00:00,173.54,174.98,173.26,174.56,27811.39
1746266400000,2025-05-03 12:00:00,174.56,174.6,171.11,172.07,27644.87
1746273600000,2025-05-03 14:00:00,172.07,173.93,172.02,173.65,17724.45
1746280800000,2025-05-03 16:00:00,173.65,174.59,172.58,172.83,10645.12
1746288000000,2025-05-03 18:00:00,172.83,172.97,169.38,171.58,33456.15
1746295200000,2025-05-03 20:00:00,171.58,174.77,170.5,174.71,23259.27
1746302400000,2025-05-03 22:00:00,174.71,181.07,174.38,180.4,62652.22
1746309600000,2025-05-04 00:00:00,180.4,180.6,176.28,177.92,44136.66
1746316800000,2025-05-04 02:00:00,177.92,178.51,175.02,176.59,31477.68
1746324000000,2025-05-04 04:00:00,176.59,178.66,174.83,176.13,25672.46
1746331200000,2025-05-04 06:00:00,176.13,178.65,174.96,178.17,23511.78
1746338400000,2025-05-04 08:00:00,178.17,178.88,176.35,178.21,19664.06
1746345600000,2025-05-04 10:00:00,178.21,178.29,174.71,175.33,27769.65
1746352800000,2025-05-04 12:00:00,175.33,176.51,174.11,174.41,21661.39
1746360000000,2025-05-04 14:00:00,174.41,175.88,172.44,173.3,24280.5
1746367200000,2025-05-04 16:00:00,173.3,174.96,172.62,173.57,39314.49
1746374400000,2025-05-04 18:00:00,173.57,174.29,170.84,172.05,41066.22
1746381600000,2025-05-04 20:00:00,172.05,173.77,171.52,173.25,13673.08
1746388800000,2025-05-04 22:00:00,173.25,175.5,173.24,175.14,26928.24
1746396000000,2025-05-05 00:00:00,175.14,175.22,170.68,170.95,31906.2
1746403200000,2025-05-05 02:00:00,170.95,173.53,170.23,170.63,25633.78
1746410400000,2025-05-05 04:00:00,170.63,174.78,169.51,173.73,34476.78
1746417600000,2025-05-05 06:00:00,173.73,177.76,173.66,177.7,44145.99
1746424800000,2025-05-05 08:00:00,177.7,180.24,176.92,180.02,46705.61
1746432000000,2025-05-05 10:00:00,180.02,180.65,177.88,178.12,37366.84
1746439200000,2025-05-05 12:00:00,178.12,178.15,175.58,175.88,50203.79
1746446400000,2025-05-05 14:00:00,175.88,177.07,173.43,175.89,39041.89
1746453600000,2025-05-05 16:00:00,175.89,177.18,172.96,174.06,61285.59
1746460800000,2025-05-05 18:00:00,174.06,178.83,174.01,178.36,58395.14
1746468000000,2025-05-05 20:00:00,178.36,179.96,177.1,177.47,34178.79
1746475200000,2025-05-05 22:00:00,177.47,177.62,174.81,177.29,34064.83
1746482400000,2025-05-06 00:00:00,177.29,180.65,176.41,176.73,32265.33
1746489600000,2025-05-06 02:00:00,176.73,178.09,173.55,173.57,35860.56
1746496800000,2025-05-06 04:00:00,173.57,174.2,171.52,173.17,41047.07
1746504000000,2025-05-06 06:00:00,173.17,173.65,171.9,171.91,15762.12
1746511200000,2025-05-06 08:00:00,171.91,172.82,170.81,171.08,19696.95
1746518400000,2025-05-06 10:00:00,171.08,171.08,167.41,168.49,36189.23
1746525600000,2025-05-06 12:00:00,168.49,168.54,164.45,165.97,75557.03
1746532800000,2025-05-06 14:00:00,165.97,166.1,163.14,163.71,40618.65
1746540000000,2025-05-06 16:00:00,163.71,169.53,163.71,168.16,60603.6
1746547200000,2025-05-06 18:00:00,168.16,169.75,166.63,167.18,44158.17
1746554400000,2025-05-06 20:00:00,167.18,173.88,167.07,172.64,61262.93
1746561600000,2025-05-06 22:00:00,172.64,173.7,168.63,170.47,41175.92
1746568800000,2025-05-07 00:00:00,170.47,178.89,170.37,177.73,60953.92
1746576000000,2025-05-07 02:00:00,177.73,179.92,176.08,177.51,50691.59
1746583200000,2025-05-07 04:00:00,177.51,177.71,173.62,174.7,33424.95
1746590400000,2025-05-07 06:00:00,174.7,175.53,173.29,173.72,18815.55
1746597600000,2025-05-07 08:00:00,173.72,174.58,173.07,174.35,21694.93
1746604800000,2025-05-07 10:00:00,174.35,175.59,173.31,175.2,19015.76
1746612000000,2025-05-07 12:00:00,175.2,175.25,172.1,172.37,31606.75
1746619200000,2025-05-07 14:00:00,172.37,172.69,170.01,171.69,32143.1
1746626400000,2025-05-07 16:00:00,171.69,172.67,169.25,169.69,33940.42
1746633600000,2025-05-07 18:00:00,169.69,170.41,167.69,168.65,38696.19
1746640800000,2025-05-07 20:00:00,168.65,170.55,167.28,168.61,49656.68
1746648000000,2025-05-07 22:00:00,168.61,171.23,168.22,170.14,22827.37
1746655200000,2025-05-08 00:00:00,170.14,174.18,169.93,171.91,41516.24
1746662400000,2025-05-08 02:00:00,171.91,176.4,171.89,174.25,28768.47
1746669600000,2025-05-08 04:00:00,174.25,186.58,173.68,186.0,62791.51
1746676800000,2025-05-08 06:00:00,186.0,187.96,181.93,183.54,46281.81
1746684000000,2025-05-08 08:00:00,183.54,188.29,183.32,187.45,34840.21
1746691200000,2025-05-08 10:00:00,187.45,188.59,186.23,188.37,49750.51
1746698400000,2025-05-08 12:00:00,188.37,189.86,186.46,187.92,40235.85
1746705600000,2025-05-08 14:00:00,187.92,188.85,186.16,187.24,31704.64
1746712800000,2025-05-08 16:00:00,187.24,196.12,186.35,192.2,103042.88
1746720000000,2025-05-08 18:00:00,192.2,193.11,189.0,190.03,47773.9
1746727200000,2025-05-08 20:00:00,190.03,199.72,189.83,198.41,81610.38
1746734400000,2025-05-08 22:00:00,198.41,208.34,195.68,203.52,121605.64
1746741600000,2025-05-09 00:00:00,203.52,206.34,201.14,206.19,33432.61
1746748800000,2025-05-09 02:00:00,206.19,208.22,202.44,205.57,64508.01
1746756000000,2025-05-09 04:00:00,205.57,208.1,203.98,204.66,31590.5
1746763200000,2025-05-09 06:00:00,204.66,206.79,203.39,204.32,24452.96
1746770400000,2025-05-09 08:00:00,204.32,214.59,204.11,212.05,68487.61
1746777600000,2025-05-09 10:00:00,212.05,220.51,206.27,208.41,109878.97
1746784800000,2025-05-09 12:00:00,208.41,212.89,207.26,209.72,58379.3
1746792000000,2025-05-09 14:00:00,209.72,212.97,207.25,211.15,33943.22
1746799200000,2025-05-09 16:00:00,211.15,211.15,204.33,208.68,62763.3
1746806400000,2025-05-09 18:00:00,208.68,210.95,205.41,210.34,38933.13
1746813600000,2025-05-09 20:00:00,210.34,210.65,208.06,210.2,30060.86
1746820800000,2025-05-09 22:00:00,210.2,211.42,209.13,211.13,24075.15
1746828000000,2025-05-10 00:00:00,211.13,211.61,209.47,211.15,12415.43
1746835200000,2025-05-10 02:00:00,211.15,214.59,208.75,211.16,38507.2
1746842400000,2025-05-10 04:00:00,211.16,213.54,210.71,211.47,16484.99
1746849600000,2025-05-10 06:00:00,211.47,212.42,209.52,212.33,17378.2
1746856800000,2025-05-10 08:00:00,212.33,220.12,212.05,218.28,42495.45
1746864000000,2025-05-10 10:00:00,218.28,223.14,216.56,220.34,63484.56
1746871200000,2025-05-10 12:00:00,220.34,222.29,215.57,215.8,30380.34
1746878400000,2025-05-10 14:00:00,215.8,223.54,215.78,222.12,29284.98
1746885600000,2025-05-10 16:00:00,222.12,223.41,219.21,220.32,24019.37
1746892800000,2025-05-10 18:00:00,220.32,228.83,219.82,223.23,55154.77
1746900000000,2025-05-10 20:00:00,223.23,226.08,222.64,225.25,20031.74
1746907200000,2025-05-10 22:00:00,225.25,228.41,222.39,227.49,19331.65
1746914400000,2025-05-11 00:00:00,227.49,230.29,226.01,228.45,38386.92
1746921600000,2025-05-11 02:00:00,228.45,230.32,220.58,223.45,49267.72
1746928800000,2025-05-11 04:00:00,223.45,227.32,222.35,223.92,33752.78
1746936000000,2025-05-11 06:00:00,223.92,225.01,222.5,223.08,15006.15
1746943200000,2025-05-11 08:00:00,223.08,223.52,215.81,217.81,39009.59
1746950400000,2025-05-11 10:00:00,217.81,220.81,217.59,220.29,21886.25
1746957600000,2025-05-11 12:00:00,220.29,222.73,219.33,222.25,25273.17
1746964800000,2025-05-11 14:00:00,222.25,222.97,216.02,216.14,38754.0
1746972000000,2025-05-11 16:00:00,216.14,219.71,213.98,216.4,25565.32
1746979200000,2025-05-11 18:00:00,216.4,220.41,213.68,219.42,25028.66
1746986400000,2025-05-11 20:00:00,219.42,221.43,217.25,219.91,26358.47
1746993600000,2025-05-11 22:00:00,219.91,220.93,218.63,220.63,12969.9
1747000800000,2025-05-12 00:00:00,220.63,221.82,217.88,221.03,13212.99
1747008000000,2025-05-12 02:00:00,221.03,223.0,216.72,219.04,35008.75
1747015200000,2025-05-12 04:00:00,219.04,221.78,218.84,221.24,11345.04
1747022400000,2025-05-12 06:00:00,221.24,222.48,218.38,219.93,16301.26
1747029600000,2025-05-12 08:00:00,219.93,229.51,218.96,223.61,70772.21
1747036800000,2025-05-12 10:00:00,223.61,225.63,220.41,221.5,36357.39
1747044000000,2025-05-12 12:00:00,221.5,224.09,218.18,219.04,41957.79
1747051200000,2025-05-12 14:00:00,219.04,225.15,218.9,223.78,47721.67
1747058400000,2025-05-12 16:00:00,223.78,225.8,217.87,218.37,78672.9
1747065600000,2025-05-12 18:00:00,218.37,223.39,216.9,218.91,36749.31
1747072800000,2025-05-12 20:00:00,218.91,220.35,211.65,218.07,79011.61
1747080000000,2025-05-12 22:00:00,218.07,222.7,217.28,219.75,25325.79
1747087200000,2025-05-13 00:00:00,219.75,222.32,218.83,221.72,16554.31
1747094400000,2025-05-13 02:00:00,221.72,221.83,214.75,215.96,30382.5
1747101600000,2025-05-13 04:00:00,215.96,216.63,210.27,210.65,31671.44
1747108800000,2025-05-13 06:00:00,210.65,217.29,210.25,215.67,20454.05
1747116000000,2025-05-13 08:00:00,215.67,217.76,214.5,215.09,10705.9
1747123200000,2025-05-13 10:00:00,215.09,217.93,213.69,217.58,18479.76
1747130400000,2025-05-13 12:00:00,217.58,219.57,215.08,218.27,19159.74
1747137600000,2025-05-13 14:00:00,218.27,222.4,216.25,220.52,50604.2
1747144800000,2025-05-13 16:00:00,220.52,226.92,218.3,226.73,53435.69
1747152000000,2025-05-13 18:00:00,226.73,228.99,225.84,227.17,46676.31
1747159200000,2025-05-13 20:00:00,227.17,238.19,226.75,235.04,69649.26
1747166400000,2025-05-13 22:00:00,235.04,236.75,230.87,235.76,33685.84
1747173600000,2025-05-14 00:00:00,235.76,237.94,233.5,236.22,26764.96
1747180800000,2025-05-14 02:00:00,236.22,239.15,234.49,235.27,29163.66
1747188000000,2025-05-14 04:00:00,235.27,235.34,229.73,231.15,32965.03
1747195200000,2025-05-14 06:00:00,231.15,235.39,230.02,234.51,14445.91
1747202400000,2025-05-14 08:00:00,234.51,235.16,231.38,232.71,14646.1
1747209600000,2025-05-14 10:00:00,232.71,233.67,226.85,229.24,51768.48
1747216800000,2025-05-14 12:00:00,229.24,230.68,227.91,230.19,20586.58
1747224000000,2025-05-14 14:00:00,230.19,232.41,226.28,229.6,25067.74
1747231200000,2025-05-14 16:00:00,229.6,230.0,224.75,228.71,48406.91
1747238400000,2025-05-14 18:00:00,228.71,228.89,223.71,228.38,26643.72
1747245600000,2025-05-14 20:00:00,228.38,230.12,226.54,229.02,21509.54
1747252800000,2025-05-14 22:00:00,229.02,229.83,226.42,228.95,11246.35
1747260000000,2025-05-15 00:00:00,228.95,229.89,227.06,229.34,9416.66
1747267200000,2025-05-15 02:00:00,229.34,232.84,225.82,226.83,25885.75
1747274400000,2025-05-15 04:00:00,226.83,229.6,225.64,225.9,16216.2
1747281600000,2025-05-15 06:00:00,225.9,229.13,224.51,225.09,29689.76
1747288800000,2025-05-15 08:00:00,225.09,228.32,221.51,222.54,54384.84
1747296000000,2025-05-15 10:00:00,222.54,230.94,222.51,227.28,61841.15
1747303200000,2025-05-15 12:00:00,227.28,228.0,223.47,225.92,29642.76
1747310400000,2025-05-15 14:00:00,225.92,227.71,219.45,222.05,54938.23
1747317600000,2025-05-15 16:00:00,222.05,228.06,216.54,226.46,66504.42
1747324800000,2025-05-15 18:00:00,226.46,235.26,223.2,231.44,83897.3
1747332000000,2025-05-15 20:00:00,231.44,232.0,220.86,222.71,65774.69
1747339200000,2025-05-15 22:00:00,222.71,225.13,219.08,222.88,46688.3
1747346400000,2025-05-16 00:00:00,222.88,225.53,219.04,223.71,22152.56
1747353600000,2025-05-16 02:00:00,223.71,227.36,221.23,226.98,24049.49
1747360800000,2025-05-16 04:00:00,226.98,230.04,226.08,229.32,45452.25
1747368000000,2025-05-16 06:00:00,229.32,236.32,228.21,236.04,44548.05
1747375200000,2025-05-16 08:00:00,236.04,238.92,233.67,237.51,31774.89
1747382400000,2025-05-16 10:00:00,237.51,243.65,234.65,243.0,72078.01
1747389600000,2025-05-16 12:00:00,243.0,244.98,240.83,241.74,52849.12
1747396800000,2025-05-16 14:00:00,241.74,242.76,236.75,237.84,50214.04
1747404000000,2025-05-16 16:00:00,237.84,237.89,233.28,235.68,52157.5
1747411200000,2025-05-16 18:00:00,235.68,237.38,231.22,232.08,32479.52
1747418400000,2025-05-16 20:00:00,232.08,234.9,231.25,234.8,21048.35
1747425600000,2025-05-16 22:00:00,234.8,235.04,230.22,231.44,23465.46
1747432800000,2025-05-17 00:00:00,231.44,233.22,228.13,230.79,32222.01
1747440000000,2025-05-17 02:00:00,230.79,231.92,222.36,223.18,55316.36
1747447200000,2025-05-17 04:00:00,223.18,227.24,221.1,227.19,29831.44
1747454400000,2025-05-17 06:00:00,227.19,230.03,225.21,225.64,26732.59
1747461600000,2025-05-17 08:00:00,225.64,229.0,224.49,225.57,24506.19
1747468800000,2025-05-17 10:00:00,225.57,228.44,223.54,225.04,26945.55
1747476000000,2025-05-17 12:00:00,225.04,225.9,223.36,225.09,15231.0
1747483200000,2025-05-17 14:00:00,225.09,225.73,220.71,221.5,24817.19
1747490400000,2025-05-17 16:00:00,221.5,225.76,221.41,223.11,27702.71
1747497600000,2025-05-17 18:00:00,223.11,224.59,220.52,222.11,32240.12
1747504800000,2025-05-17 20:00:00,222.11,224.16,220.55,221.04,21419.27
1747512000000,2025-05-17 22:00:00,221.04,225.58,220.67,223.59,33311.6
1747519200000,2025-05-18 00:00:00,223.59,223.7,219.49,222.06,25961.56
1747526400000,2025-05-18 02:00:00,222.06,223.55,220.62,223.08,10486.45
1747533600000,2025-05-18 04:00:00,223.08,223.41,219.46,220.22,16461.33
1747540800000,2025-05-18 06:00:00,220.22,227.16,220.09,226.67,26310.72
1747548000000,2025-05-18 08:00:00,226.67,227.53,224.03,227.03,21493.49
1747555200000,2025-05-18 10:00:00,227.03,229.13,224.35,225.09,32784.13
1747562400000,2025-05-18 12:00:00,225.09,226.87,224.25,225.19,12977.91
1747569600000,2025-05-18 14:00:00,225.19,230.66,224.12,230.31,17457.78
1747576800000,2025-05-18 16:00:00,230.31,242.09,229.69,241.87,61708.02
1747584000000,2025-05-18 18:00:00,241.87,243.92,234.07,234.31,75392.11
1747591200000,2025-05-18 20:00:00,234.31,234.7,223.1,223.2,96719.6
1747598400000,2025-05-18 22:00:00,223.2,226.22,218.3,223.49,72502.7
1747605600000,2025-05-19 00:00:00,223.49,233.55,219.6,231.9,46723.07
1747612800000,2025-05-19 02:00:00,231.9,234.54,221.47,222.58,53532.81
1747620000000,2025-05-19 04:00:00,222.58,223.39,216.91,217.26,26882.86
1747627200000,2025-05-19 06:00:00,217.26,219.26,212.37,216.03,42542.97
1747634400000,2025-05-19 08:00:00,216.03,219.65,211.75,218.51,47500.91
1747641600000,2025-05-19 10:00:00,218.51,221.12,216.62,219.98,47307.22
1747648800000,2025-05-19 12:00:00,219.98,221.74,218.87,220.07,29060.04
1747656000000,2025-05-19 14:00:00,220.07,223.92,217.36,221.56,47373.79
1747663200000,2025-05-19 16:00:00,221.56,229.34,220.78,228.45,67369.86
1747670400000,2025-05-19 18:00:00,228.45,239.37,226.16,236.34,88270.93
1747677600000,2025-05-19 20:00:00,236.34,240.64,232.63,240.19,62743.73
1747684800000,2025-05-19 22:00:00,240.19,242.26,237.63,241.45,47686.81
1747692000000,2025-05-20 00:00:00,241.45,249.67,237.53,247.57,72241.74
1747699200000,2025-05-20 02:00:00,247.57,261.94,246.22,258.76,140887.55
1747706400000,2025-05-20 04:00:00,258.76,267.58,258.76,265.98,123521.71
1747713600000,2025-05-20 06:00:00,265.98,270.35,263.46,266.0,141636.92
1747720800000,2025-05-20 08:00:00,266.0,268.71,263.32,266.14,87393.05
1747728000000,2025-05-20 10:00:00,266.14,267.86,261.95,263.68,87790.36
1747735200000,2025-05-20 12:00:00,263.68,265.7,259.9,263.08,88289.6
1747742400000,2025-05-20 14:00:00,263.08,263.82,258.44,260.59,99901.01
1747749600000,2025-05-20 16:00:00,260.59,263.94,259.24,263.1,73187.34
1747756800000,2025-05-20 18:00:00,263.1,265.36,260.04,262.8,57512.57
1747764000000,2025-05-20 20:00:00,262.8,262.96,254.06,258.36,88146.87
1747771200000,2025-05-20 22:00:00,258.36,261.46,256.34,259.45,52499.73
1747778400000,2025-05-21 00:00:00,259.45,261.35,256.63,259.3,55949.33
1747785600000,2025-05-21 02:00:00,259.3,260.65,256.97,258.5,34577.03
1747792800000,2025-05-21 04:00:00,258.5,261.66,257.07,259.61,32514.9
1747800000000,2025-05-21 06:00:00,259.61,260.39,255.65,260.12,59753.1
1747807200000,2025-05-21 08:00:00,260.12,261.87,258.71,260.5,42883.22
1747814400000,2025-05-21 10:00:00,260.5,261.43,252.94,253.42,59261.34
1747821600000,2025-05-21 12:00:00,253.42,257.31,252.82,253.91,34393.07
1747828800000,2025-05-21 14:00:00,253.91,253.96,250.72,252.71,43253.51
1747836000000,2025-05-21 16:00:00,252.71,257.12,251.76,254.33,57331.08
1747843200000,2025-05-21 18:00:00,254.33,260.41,245.35,247.32,129497.2
1747850400000,2025-05-21 20:00:00,247.32,249.33,243.0,248.68,84287.08
1747857600000,2025-05-21 22:00:00,248.68,249.12,245.97,246.96,37009.54
1747864800000,2025-05-22 00:00:00,246.96,254.69,246.59,247.36,64943.59
1747872000000,2025-05-22 02:00:00,247.36,255.14,246.32,251.17,42058.01
1747879200000,2025-05-22 04:00:00,251.17,256.95,250.51,255.92,39539.94
1747886400000,2025-05-22 06:00:00,255.92,256.21,251.07,251.4,31058.13
1747893600000,2025-05-22 08:00:00,251.4,253.72,250.39,252.84,41392.35
1747900800000,2025-05-22 10:00:00,252.84,259.86,252.02,254.77,76668.84
1747908000000,2025-05-22 12:00:00,254.77,258.0,251.22,255.06,54545.33
1747915200000,2025-05-22 14:00:00,255.06,256.53,251.51,253.68,47916.37
1747922400000,2025-05-22 16:00:00,253.68,258.7,253.63,256.56,43055.0
1747929600000,2025-05-22 18:00:00,256.56,258.16,253.93,256.96,31923.23
1747936800000,2025-05-22 20:00:00,256.96,259.1,254.81,256.13,30165.66
1747944000000,2025-05-22 22:00:00,256.13,256.98,254.0,255.17,24243.4
1747951200000,2025-05-23 00:00:00,255.17,258.1,253.63,256.67,23724.43
1747958400000,2025-05-23 02:00:00,256.67,258.85,253.9,257.33,33913.82
1747965600000,2025-05-23 04:00:00,257.33,264.1,256.99,262.32,66779.04
1747972800000,2025-05-23 06:00:00,262.32,262.76,255.54,258.5,33235.3
1747980000000,2025-05-23 08:00:00,258.5,258.91,253.56,255.08,25484.16
1747987200000,2025-05-23 10:00:00,255.08,260.53,254.4,260.05,25594.89
1747994400000,2025-05-23 12:00:00,260.05,260.45,245.7,247.09,78609.65
1748001600000,2025-05-23 14:00:00,247.09,261.4,239.13,260.84,223097.34
1748008800000,2025-05-23 16:00:00,260.84,262.87,250.33,252.96,149602.02
1748016000000,2025-05-23 18:00:00,252.96,261.84,251.87,261.6,64365.62
1748023200000,2025-05-23 20:00:00,261.6,262.28,257.8,260.64,42778.56
1748030400000,2025-05-23 22:00:00,260.64,260.88,256.02,258.74,46830.31
1748037600000,2025-05-24 00:00:00,258.74,261.98,252.93,256.01,62300.85
1748044800000,2025-05-24 02:00:00,256.01,259.95,250.53,252.1,53937.48
1748052000000,2025-05-24 04:00:00,252.1,257.41,250.66,254.32,29430.97
1748059200000,2025-05-24 06:00:00,254.32,261.95,253.47,259.47,39799.76
1748066400000,2025-05-24 08:00:00,259.47,261.21,255.78,259.14,39583.04
1748073600000,2025-05-24 10:00:00,259.14,261.61,257.01,260.52,37907.08
1748080800000,2025-05-24 12:00:00,260.52,266.99,260.08,263.36,62834.46
1748088000000,2025-05-24 14:00:00,263.36,268.23,262.19,264.24,88954.44
1748095200000,2025-05-24 16:00:00,264.24,273.64,263.89,271.94,79646.14
1748102400000,2025-05-24 18:00:00,271.94,276.81,266.1,269.01,106859.48
1748109600000,2025-05-24 20:00:00,269.01,270.24,265.27,265.88,58471.38
1748116800000,2025-05-24 22:00:00,265.88,265.99,260.48,263.38,51554.59
1748124000000,2025-05-25 00:00:00,263.38,265.81,259.6,261.67,45162.89
1748131200000,2025-05-25 02:00:00,261.67,264.18,256.72,258.26,53452.46
1748138400000,2025-05-25 04:00:00,258.26,270.53,256.17,269.41,85814.76
1748145600000,2025-05-25 06:00:00,269.41,270.5,264.21,270.45,49331.74
1748152800000,2025-05-25 08:00:00,270.45,270.56,265.0,266.31,63190.66
1748160000000,2025-05-25 10:00:00,266.31,267.04,261.11,266.65,52564.8
1748167200000,2025-05-25 12:00:00,266.65,268.61,262.51,264.51,29691.21
1748174400000,2025-05-25 14:00:00,264.51,266.51,262.89,264.02,29007.34
1748181600000,2025-05-25 16:00:00,264.02,265.99,259.51,264.5,62458.1
1748188800000,2025-05-25 18:00:00,264.5,264.5,260.0,263.47,30462.28
1748196000000,2025-05-25 20:00:00,263.47,266.2,262.36,264.94,28601.33
1748203200000,2025-05-25 22:00:00,264.94,265.89,261.77,262.71,31795.62
1748210400000,2025-05-26 00:00:00,262.71,269.69,262.34,269.05,64545.36
1748217600000,2025-05-26 02:00:00,269.05,276.08,268.62,269.91,66122.33
1748224800000,2025-05-26 04:00:00,269.91,271.93,268.38,270.04,39583.78
1748232000000,2025-05-26 06:00:00,270.04,270.1,265.85,267.35,55675.8
1748239200000,2025-05-26 08:00:00,267.35,273.79,266.46,270.1,39682.85
1748246400000,2025-05-26 10:00:00,270.1,270.47,265.46,265.86,31195.17
1748253600000,2025-05-26 12:00:00,265.86,265.92,261.63,263.76,57241.78
1748260800000,2025-05-26 14:00:00,263.76,265.04,259.28,260.46,37004.38
1748268000000,2025-05-26 16:00:00,260.46,265.11,259.02,264.7,48892.43
1748275200000,2025-05-26 18:00:00,264.7,266.4,262.16,265.55,38940.42
1748282400000,2025-05-26 20:00:00,265.55,268.36,264.56,267.67,24147.01
1748289600000,2025-05-26 22:00:00,267.67,269.28,266.18,266.72,20199.13
1748296800000,2025-05-27 00:00:00,266.72,267.87,265.66,267.28,9276.78
1748304000000,2025-05-27 02:00:00,267.28,267.67,263.03,264.0,21156.95
1748311200000,2025-05-27 04:00:00,264.0,267.69,262.82,265.32,19229.2
1748318400000,2025-05-27 06:00:00,265.32,271.39,264.92,270.9,21794.43
1748325600000,2025-05-27 08:00:00,270.9,273.86,268.34,272.83,44841.54
1748332800000,2025-05-27 10:00:00,272.83,278.68,272.76,277.45,67218.26
1748340000000,2025-05-27 12:00:00,277.45,280.33,275.1,279.87,34376.25
1748347200000,2025-05-27 14:00:00,279.87,282.65,278.89,280.74,77394.74
1748354400000,2025-05-27 16:00:00,280.74,281.69,276.18,277.24,38310.52
1748361600000,2025-05-27 18:00:00,277.24,280.29,275.45,277.54,36409.56
1748368800000,2025-05-27 20:00:00,277.54,279.36,273.48,275.38,27066.42
1748376000000,2025-05-27 22:00:00,275.38,276.8,272.12,273.71,18218.11
1748383200000,2025-05-28 00:00:00,273.71,274.4,270.74,271.43,18287.21
1748390400000,2025-05-28 02:00:00,271.43,271.69,268.69,269.29,21427.47
1748397600000,2025-05-28 04:00:00,269.29,273.28,267.35,273.13,27954.21
1748404800000,2025-05-28 06:00:00,273.13,274.49,270.04,271.39,19464.17
1748412000000,2025-05-28 08:00:00,271.39,271.89,268.43,268.63,32654.62
1748419200000,2025-05-28 10:00:00,268.63,270.9,267.8,268.21,19408.84
1748426400000,2025-05-28 12:00:00,268.21,270.55,266.4,269.73,50202.54
1748433600000,2025-05-28 14:00:00,269.73,270.86,267.52,267.62,31510.41
1748440800000,2025-05-28 16:00:00,267.62,268.12,263.76,263.95,47766.43
1748448000000,2025-05-28 18:00:00,263.95,266.54,263.53,264.67,24748.09
1748455200000,2025-05-28 20:00:00,264.67,265.37,261.0,261.08,29299.31
1748462400000,2025-05-28 22:00:00,261.08,262.65,260.39,262.59,28857.78
1748469600000,2025-05-29 00:00:00,262.59,265.27,260.06,264.87,23578.31
1748476800000,2025-05-29 02:00:00,264.87,272.08,262.73,268.0,66671.1
1748484000000,2025-05-29 04:00:00,268.0,274.25,266.71,271.1,36874.56
1748491200000,2025-05-29 06:00:00,271.1,272.01,265.67,266.96,33786.88
1748498400000,2025-05-29 08:00:00,266.96,273.74,266.59,269.55,48098.46
1748505600000,2025-05-29 10:00:00,269.55,269.7,266.79,269.14,24706.61
1748512800000,2025-05-29 12:00:00,269.14,269.48,265.02,266.22,24684.84
1748520000000,2025-05-29 14:00:00,266.22,266.22,256.15,256.43,87078.46
1748527200000,2025-05-29 16:00:00,256.43,257.95,252.43,255.23,84447.43
1748534400000,2025-05-29 18:00:00,255.23,257.34,253.63,256.15,32274.13
1748541600000,2025-05-29 20:00:00,256.15,258.57,253.05,253.08,34357.55
1748548800000,2025-05-29 22:00:00,253.08,255.57,253.07,255.24,18130.58
1748556000000,2025-05-30 00:00:00,255.24,255.27,248.74,249.87,47937.21
1748563200000,2025-05-30 02:00:00,249.87,250.88,239.9,246.32,92393.94
1748570400000,2025-05-30 04:00:00,246.32,253.0,246.26,249.68,36635.49
1748577600000,2025-05-30 06:00:00,249.68,254.02,249.24,253.71,22058.28
1748584800000,2025-05-30 08:00:00,253.71,253.89,248.77,250.16,29507.67
1748592000000,2025-05-30 10:00:00,250.16,251.33,247.22,251.03,25356.16
1748599200000,2025-05-30 12:00:00,251.03,251.42,248.22,249.48,19319.88
1748606400000,2025-05-30 14:00:00,249.48,251.9,244.73,245.84,47517.51
1748613600000,2025-05-30 16:00:00,245.84,249.08,245.49,246.46,20477.07
1748620800000,2025-05-30 18:00:00,246.46,247.47,239.67,246.94,91024.5
1748628000000,2025-05-30 20:00:00,246.94,255.09,246.94,253.7,58135.68
1748635200000,2025-05-30 22:00:00,253.7,256.16,251.88,252.56,32506.86
1748642400000,2025-05-31 00:00:00,252.56,253.8,248.48,250.82,60690.55
1748649600000,2025-05-31 02:00:00,250.82,251.88,241.99,242.95,53452.21
1748656800000,2025-05-31 04:00:00,242.95,251.83,242.03,250.09,53747.04
1748664000000,2025-05-31 06:00:00,250.09,253.57,247.05,249.33,30544.66
1748671200000,2025-05-31 08:00:00,249.33,251.8,247.52,248.54,17443.29
1748678400000,2025-05-31 10:00:00,248.54,250.38,247.27,249.3,14788.47
1748685600000,2025-05-31 12:00:00,249.3,251.12,247.05,247.19,26477.06
1748692800000,2025-05-31 14:00:00,247.19,252.02,246.21,250.41,41338.03
1748700000000,2025-05-31 16:00:00,250.41,252.59,248.41,248.51,38787.08
1748707200000,2025-05-31 18:00:00,248.51,252.46,247.53,250.6,59050.74
1748714400000,2025-05-31 20:00:00,250.6,253.85,250.44,253.54,25125.52
1748721600000,2025-05-31 22:00:00,253.54,254.31,251.79,252.68,38641.76
1748728800000,2025-06-01 00:00:00,252.68,252.87,246.59,246.91,61961.4
1748736000000,2025-06-01 02:00:00,246.91,246.91,238.43,239.31,76141.39
1748743200000,2025-06-01 04:00:00,239.31,241.77,237.32,241.08,32434.35
1748750400000,2025-06-01 06:00:00,241.08,245.31,240.9,241.73,26760.79
1748757600000,2025-06-01 08:00:00,241.73,242.46,240.79,241.25,11082.78
1748764800000,2025-06-01 10:00:00,241.25,242.17,238.21,240.04,19115.18
1748772000000,2025-06-01 12:00:00,240.04,242.78,239.2,239.98,18993.89
1748779200000,2025-06-01 14:00:00,239.98,242.19,239.03,241.79,13648.68
1748786400000,2025-06-01 16:00:00,241.79,250.21,241.79,250.12,35036.0
1748793600000,2025-06-01 18:00:00,250.12,254.39,249.54,252.74,46275.11
1748800800000,2025-06-01 20:00:00,252.74,253.07,244.0,245.13,42190.26
1748808000000,2025-06-01 22:00:00,245.13,247.89,244.02,247.05,16113.48
1748815200000,2025-06-02 00:00:00,247.05,249.1,245.45,245.89,21636.45
1748822400000,2025-06-02 02:00:00,245.89,246.45,243.02,243.4,13848.61
1748829600000,2025-06-02 04:00:00,243.4,244.05,240.85,241.11,14591.27
1748836800000,2025-06-02 06:00:00,241.11,242.44,240.09,240.63,15596.73
1748844000000,2025-06-02 08:00:00,240.63,243.47,239.34,243.34,15474.1
1748851200000,2025-06-02 10:00:00,243.34,244.43,238.95,241.11,24710.72
1748858400000,2025-06-02 12:00:00,241.11,242.56,240.21,241.87,20455.72
1748865600000,2025-06-02 14:00:00,241.87,248.0,241.79,245.14,52323.99
1748872800000,2025-06-02 16:00:00,245.14,253.2,244.24,251.74,58994.35
1748880000000,2025-06-02 18:00:00,251.74,254.47,250.12,251.54,34856.76
1748887200000,2025-06-02 20:00:00,251.54,253.08,249.12,250.74,24878.82
1748894400000,2025-06-02 22:00:00,250.74,254.79,250.01,254.49,24914.12
1748901600000,2025-06-03 00:00:00,254.49,257.97,253.17,257.58,43305.25
1748908800000,2025-06-03 02:00:00,257.58,260.76,255.71,259.07,48532.15
1748916000000,2025-06-03 04:00:00,259.07,259.48,254.33,256.25,32973.18
1748923200000,2025-06-03 06:00:00,256.25,257.99,253.91,257.6,30527.79
1748930400000,2025-06-03 08:00:00,257.6,258.75,255.49,258.25,20011.51
1748937600000,2025-06-03 10:00:00,258.25,259.6,255.64,258.64,26205.08
1748944800000,2025-06-03 12:00:00,258.64,260.12,257.91,259.1,16921.19
1748952000000,2025-06-03 14:00:00,259.1,268.61,258.85,268.39,69368.44
1748959200000,2025-06-03 16:00:00,268.39,272.81,265.25,269.1,67636.89
1748966400000,2025-06-03 18:00:00,269.1,270.42,266.34,267.85,33889.97
1748973600000,2025-06-03 20:00:00,267.85,269.25,267.05,268.47,12461.03
1748980800000,2025-06-03 22:00:00,268.47,268.81,262.87,264.08,25459.97
1748988000000,2025-06-04 00:00:00,264.08,267.91,263.45,266.29,19907.48
1748995200000,2025-06-04 02:00:00,266.29,267.24,262.46,264.83,26612.15
1749002400000,2025-06-04 04:00:00,264.83,268.28,263.34,266.52,20160.63
1749009600000,2025-06-04 06:00:00,266.52,267.98,262.59,264.15,33854.09
1749016800000,2025-06-04 08:00:00,264.15,266.04,262.89,265.28,21026.95
1749024000000,2025-06-04 10:00:00,265.28,271.69,265.21,271.16,72839.44
1749031200000,2025-06-04 12:00:00,271.16,272.76,268.55,268.8,32883.37
1749038400000,2025-06-04 14:00:00,268.8,272.09,266.59,269.27,59232.63
1749045600000,2025-06-04 16:00:00,269.27,276.24,267.22,273.22,83432.61
1749052800000,2025-06-04 18:00:00,273.22,273.51,267.85,268.29,45441.0
1749060000000,2025-06-04 20:00:00,268.29,268.84,265.18,266.09,37950.98
1749067200000,2025-06-04 22:00:00,266.09,266.21,263.01,264.78,34157.88
1749074400000,2025-06-05 00:00:00,264.78,266.46,263.0,263.92,20675.46
1749081600000,2025-06-05 02:00:00,263.92,265.25,262.06,263.07,13189.08
1749088800000,2025-06-05 04:00:00,263.07,266.31,262.95,264.18,22169.13
1749096000000,2025-06-05 06:00:00,264.18,266.53,263.99,264.3,20191.94
1749103200000,2025-06-05 08:00:00,264.3,265.86,260.36,260.84,39667.15
1749110400000,2025-06-05 10:00:00,260.84,262.93,260.1,262.93,15775.99
1749117600000,2025-06-05 12:00:00,262.93,263.8,259.22,261.15,27547.0
1749124800000,2025-06-05 14:00:00,261.15,266.88,259.25,260.0,95506.84
1749132000000,2025-06-05 16:00:00,260.0,263.06,257.85,260.18,50935.24
1749139200000,2025-06-05 18:00:00,260.18,260.59,254.08,255.12,54940.34
1749146400000,2025-06-05 20:00:00,255.12,255.67,249.47,251.2,56968.16
1749153600000,2025-06-05 22:00:00,251.2,251.83,239.96,245.04,102245.72
1749160800000,2025-06-06 00:00:00,245.04,245.05,241.47,241.52,28137.74
1749168000000,2025-06-06 02:00:00,241.52,244.79,239.67,243.9,27335.45
1749175200000,2025-06-06 04:00:00,243.9,248.81,241.81,248.67,22878.64
1749182400000,2025-06-06 06:00:00,248.67,248.85,245.16,247.41,28810.82
1749189600000,2025-06-06 08:00:00,247.41,249.01,246.63,247.95,17821.58
1749196800000,2025-06-06 10:00:00,247.95,251.37,247.73,249.66,28476.91
1749204000000,2025-06-06 12:00:00,249.66,251.87,248.94,250.11,18261.63
1749211200000,2025-06-06 14:00:00,250.11,252.8,247.78,250.22,41027.42
1749218400000,2025-06-06 16:00:00,250.22,254.16,249.05,252.75,34028.82
1749225600000,2025-06-06 18:00:00,252.75,254.91,250.27,252.42,34625.74
1749232800000,2025-06-06 20:00:00,252.42,253.03,250.22,250.29,21486.87
1749240000000,2025-06-06 22:00:00,250.29,254.22,249.9,252.89,13454.3
1749247200000,2025-06-07 00:00:00,252.89,253.33,249.75,250.74,13831.2
1749254400000,2025-06-07 02:00:00,250.74,251.83,249.17,249.58,10943.81
1749261600000,2025-06-07 04:00:00,249.58,255.47,249.15,253.42,27466.9
1749268800000,2025-06-07 06:00:00,253.42,254.84,251.78,254.29,18323.23
1749276000000,2025-06-07 08:00:00,254.29,254.3,252.04,253.47,22445.57
1749283200000,2025-06-07 10:00:00,253.47,253.64,251.61,253.11,9356.3
1749290400000,2025-06-07 12:00:00,253.11,254.32,252.47,252.96,10646.17
1749297600000,2025-06-07 14:00:00,252.96,256.84,252.81,256.48,24951.36
1749304800000,2025-06-07 16:00:00,256.48,258.51,256.22,258.23,20892.46
1749312000000,2025-06-07 18:00:00,258.23,259.72,255.84,256.07,22775.49
1749319200000,2025-06-07 20:00:00,256.07,258.73,256.03,257.36,10308.12
1749326400000,2025-06-07 22:00:00,257.36,260.41,257.36,257.8,15946.57
1749333600000,2025-06-08 00:00:00,257.8,259.99,257.15,257.28,13299.12
1749340800000,2025-06-08 02:00:00,257.28,257.36,254.61,255.61,10993.24
1749348000000,2025-06-08 04:00:00,255.61,256.29,254.28,255.85,7889.97
1749355200000,2025-06-08 06:00:00,255.85,255.86,253.87,254.29,8524.78
1749362400000,2025-06-08 08:00:00,254.29,255.55,253.91,254.36,8568.37
1749369600000,2025-06-08 10:00:00,254.36,255.07,252.39,253.0,15220.3
1749376800000,2025-06-08 12:00:00,253.0,254.97,252.03,254.17,21940.37
1749384000000,2025-06-08 14:00:00,254.17,255.21,252.08,252.74,15270.06
1749391200000,2025-06-08 16:00:00,252.74,254.21,252.04,252.98,13375.51
1749398400000,2025-06-08 18:00:00,252.98,257.17,252.72,255.99,21368.7
1749405600000,2025-06-08 20:00:00,255.99,256.71,254.41,255.58,10596.97
1749412800000,2025-06-08 22:00:00,255.58,257.0,255.49,256.23,10802.05
1749420000000,2025-06-09 00:00:00,256.23,256.32,253.12,253.58,14869.03
1749427200000,2025-06-09 02:00:00,253.58,253.86,251.16,253.17,19686.52
1749434400000,2025-06-09 04:00:00,253.17,254.28,250.14,251.61,16840.37
1749441600000,2025-06-09 06:00:00,251.61,254.04,250.84,251.76,15202.58
1749448800000,2025-06-09 08:00:00,251.76,255.29,251.41,254.12,16669.98
1749456000000,2025-06-09 10:00:00,254.12,255.73,252.14,254.01,20582.04
1749463200000,2025-06-09 12:00:00,254.01,260.95,254.01,260.0,65442.33
1749470400000,2025-06-09 14:00:00,260.0,261.42,258.33,259.47,32349.02
1749477600000,2025-06-09 16:00:00,259.47,263.44,258.85,262.19,25952.15
1749484800000,2025-06-09 18:00:00,262.19,265.76,261.66,264.9,33493.28
1749492000000,2025-06-09 20:00:00,264.9,268.71,264.45,268.16,21726.27
1749499200000,2025-06-09 22:00:00,268.16,277.39,266.93,276.98,46325.27
1749506400000,2025-06-10 00:00:00,276.98,285.6,276.15,283.11,64064.5
1749513600000,2025-06-10 02:00:00,283.11,289.84,282.65,288.22,57322.29
1749520800000,2025-06-10 04:00:00,288.22,291.91,285.75,289.96,53487.89
1749528000000,2025-06-10 06:00:00,289.96,294.25,288.46,289.7,98169.14
1749535200000,2025-06-10 08:00:00,289.7,292.08,288.18,290.68,50175.28
1749542400000,2025-06-10 10:00:00,290.68,297.1,288.63,296.96,91622.0
1749549600000,2025-06-10 12:00:00,296.96,318.0,295.55,313.6,364109.84
1749556800000,2025-06-10 14:00:00,313.6,317.81,306.92,310.39,182797.63
1749564000000,2025-06-10 16:00:00,310.39,312.49,301.21,304.85,117391.63
1749571200000,2025-06-10 18:00:00,304.85,307.87,302.06,303.48,43351.66
1749578400000,2025-06-10 20:00:00,303.48,311.95,302.28,306.18,95165.78
1749585600000,2025-06-10 22:00:00,306.18,309.35,303.09,309.26,63627.55
1749592800000,2025-06-11 00:00:00,309.26,311.4,294.79,308.05,150088.18
1749600000000,2025-06-11 02:00:00,308.05,309.82,304.88,306.78,41351.45
1749607200000,2025-06-11 04:00:00,306.78,309.74,304.14,309.4,26731.97
1749614400000,2025-06-11 06:00:00,309.4,312.84,309.11,311.19,39715.04
1749621600000,2025-06-11 08:00:00,311.19,312.01,307.61,310.37,34004.35
1749628800000,2025-06-11 10:00:00,310.37,310.68,304.71,305.99,39479.86
1749636000000,2025-06-11 12:00:00,305.99,309.12,305.06,308.12,36671.12
1749643200000,2025-06-11 14:00:00,308.12,325.48,306.9,312.12,159596.35
1749650400000,2025-06-11 16:00:00,312.12,320.14,311.27,315.51,140088.44
1749657600000,2025-06-11 18:00:00,315.51,315.56,307.62,307.9,66425.05
1749664800000,2025-06-11 20:00:00,307.9,310.08,304.47,305.49,46287.85
1749672000000,2025-06-11 22:00:00,305.49,309.92,302.0,302.31,45979.73
1749679200000,2025-06-12 00:00:00,302.31,304.8,300.2,303.66,42245.78
1749686400000,2025-06-12 02:00:00,303.66,305.66,297.33,300.25,34366.56
1749693600000,2025-06-12 04:00:00,300.25,302.4,295.65,297.4,23604.83
1749700800000,2025-06-12 06:00:00,297.4,300.1,295.52,299.37,20898.38
1749708000000,2025-06-12 08:00:00,299.37,301.34,294.76,295.7,21346.69
1749715200000,2025-06-12 10:00:00,295.7,297.47,293.91,294.26,24336.11
1749722400000,2025-06-12 12:00:00,294.26,294.86,292.35,293.36,29339.47
1749729600000,2025-06-12 14:00:00,293.36,297.59,292.08,296.29,35950.12
1749736800000,2025-06-12 16:00:00,296.29,301.28,295.34,296.96,47849.6
1749744000000,2025-06-12 18:00:00,296.96,309.1,296.68,306.42,50741.59
1749751200000,2025-06-12 20:00:00,306.42,306.42,295.36,297.0,46465.94
1749758400000,2025-06-12 22:00:00,297.0,298.74,288.1,289.42,85046.61
1749765600000,2025-06-13 00:00:00,289.42,295.96,288.53,293.72,33754.09
1749772800000,2025-06-13 02:00:00,293.72,294.02,265.78,267.12,186417.47
1749780000000,2025-06-13 04:00:00,267.12,274.22,262.42,272.29,79826.09
1749787200000,2025-06-13 06:00:00,272.29,274.25,265.91,272.99,50125.91
1749794400000,2025-06-13 08:00:00,272.99,285.67,269.24,280.62,85014.87
1749801600000,2025-06-13 10:00:00,280.62,287.73,280.17,286.33,74527.02
1749808800000,2025-06-13 12:00:00,286.33,287.99,281.96,284.5,87461.36
1749816000000,2025-06-13 14:00:00,284.5,285.66,278.88,282.84,85394.81
1749823200000,2025-06-13 16:00:00,282.84,287.9,276.66,284.59,115649.43
1749830400000,2025-06-13 18:00:00,284.59,289.07,278.88,282.13,90901.14
1749837600000,2025-06-13 20:00:00,282.13,283.41,277.25,281.04,63338.68
1749844800000,2025-06-13 22:00:00,281.04,284.32,278.24,283.1,31212.1
1749852000000,2025-06-14 00:00:00,283.1,291.27,283.1,290.97,47569.78
1749859200000,2025-06-14 02:00:00,290.97,291.16,285.02,288.33,43980.89
1749866400000,2025-06-14 04:00:00,288.33,289.71,286.41,286.6,24113.88
1749873600000,2025-06-14 06:00:00,286.6,287.09,285.1,285.56,19565.6
1749880800000,2025-06-14 08:00:00,285.56,286.89,277.41,277.8,62812.25
1749888000000,2025-06-14 10:00:00,277.8,278.03,273.13,273.65,48754.3
1749895200000,2025-06-14 12:00:00,273.65,278.35,273.15,277.63,36255.91
1749902400000,2025-06-14 14:00:00,277.63,278.24,274.47,275.41,31384.35
1749909600000,2025-06-14 16:00:00,275.41,275.86,270.75,272.13,34997.36
1749916800000,2025-06-14 18:00:00,272.13,273.15,268.14,271.2,41317.22
1749924000000,2025-06-14 20:00:00,271.2,274.35,267.8,272.59,49596.32
1749931200000,2025-06-14 22:00:00,272.59,277.65,271.17,276.17,36229.6
1749938400000,2025-06-15 00:00:00,276.17,278.67,274.62,274.92,52429.13
1749945600000,2025-06-15 02:00:00,274.92,278.04,274.82,275.5,15319.36
1749952800000,2025-06-15 04:00:00,275.5,276.28,274.15,275.16,8820.64
1749960000000,2025-06-15 06:00:00,275.16,277.35,274.62,276.93,18887.77
1749967200000,2025-06-15 08:00:00,276.93,277.32,271.58,272.72,33391.55
1749974400000,2025-06-15 10:00:00,272.72,273.55,270.0,271.36,21248.38
1749981600000,2025-06-15 12:00:00,271.36,276.65,271.3,275.61,34778.27
1749988800000,2025-06-15 14:00:00,275.61,278.78,275.11,277.23,34102.31
1749996000000,2025-06-15 16:00:00,277.23,277.44,273.22,273.85,40691.17
1750003200000,2025-06-15 18:00:00,273.85,275.05,272.44,274.07,28729.69
1750010400000,2025-06-15 20:00:00,274.07,274.38,271.33,272.83,22040.61
1750017600000,2025-06-15 22:00:00,272.83,272.83,266.13,268.26,35652.02
1750024800000,2025-06-16 00:00:00,268.26,274.99,267.64,274.82,35812.01
1750032000000,2025-06-16 02:00:00,274.82,276.95,271.65,276.58,26519.29
1750039200000,2025-06-16 04:00:00,276.58,280.3,276.58,277.61,54630.1
1750046400000,2025-06-16 06:00:00,277.61,292.88,277.07,283.86,163421.03
1750053600000,2025-06-16 08:00:00,283.86,292.02,283.04,289.32,70849.17
1750060800000,2025-06-16 10:00:00,289.32,291.38,284.91,287.26,43856.41
1750068000000,2025-06-16 12:00:00,287.26,289.27,281.5,285.42,118898.15
1750075200000,2025-06-16 14:00:00,285.42,292.87,283.35,291.95,41791.66
1750082400000,2025-06-16 16:00:00,291.95,293.78,284.11,288.76,130181.94
1750089600000,2025-06-16 18:00:00,288.76,289.36,285.6,287.46,22844.74
1750096800000,2025-06-16 20:00:00,287.46,290.29,287.01,288.89,18466.49
1750104000000,2025-06-16 22:00:00,288.89,289.7,285.84,287.17,24118.94
1750111200000,2025-06-17 00:00:00,287.17,288.77,274.15,274.95,96953.45
1750118400000,2025-06-17 02:00:00,274.95,284.77,271.48,279.3,161025.62
1750125600000,2025-06-17 04:00:00,279.3,283.78,277.36,281.8,33969.59
1750132800000,2025-06-17 06:00:00,281.8,283.4,276.12,277.23,51678.16
1750140000000,2025-06-17 08:00:00,277.23,278.14,275.39,275.81,19772.37
1750147200000,2025-06-17 10:00:00,275.81,278.06,270.46,271.2,37571.31
1750154400000,2025-06-17 12:00:00,271.2,271.27,267.19,270.28,42195.41
1750161600000,2025-06-17 14:00:00,270.28,272.55,268.08,269.62,51371.6
1750168800000,2025-06-17 16:00:00,269.62,272.36,263.56,266.27,87132.65
1750176000000,2025-06-17 18:00:00,266.27,267.11,261.91,263.71,52898.42
1750183200000,2025-06-17 20:00:00,263.71,273.72,263.26,271.12,61285.77
1750190400000,2025-06-17 22:00:00,271.12,271.93,267.17,268.51,33511.42
1750197600000,2025-06-18 00:00:00,268.51,268.66,266.25,266.44,30460.73
1750204800000,2025-06-18 02:00:00,266.44,269.55,265.5,265.65,25079.4
1750212000000,2025-06-18 04:00:00,265.65,268.84,264.38,267.62,22143.25
1750219200000,2025-06-18 06:00:00,267.62,269.98,266.15,266.28,20837.11
1750226400000,2025-06-18 08:00:00,266.28,267.08,263.63,265.39,15537.44
1750233600000,2025-06-18 10:00:00,265.39,268.02,264.9,265.74,21055.82
1750240800000,2025-06-18 12:00:00,265.74,265.99,258.12,261.32,62743.52
1750248000000,2025-06-18 14:00:00,261.32,261.36,255.1,259.15,47961.65
1750255200000,2025-06-18 16:00:00,259.15,264.22,257.66,259.77,54465.16
1750262400000,2025-06-18 18:00:00,259.77,259.93,255.53,258.45,27265.32
1750269600000,2025-06-18 20:00:00,258.45,260.76,254.95,257.44,56077.22
1750276800000,2025-06-18 22:00:00,257.44,263.98,256.18,261.7,35865.41
1750284000000,2025-06-19 00:00:00,261.7,262.59,256.98,258.86,18904.67
1750291200000,2025-06-19 02:00:00,258.86,262.88,257.27,257.83,30975.1
1750298400000,2025-06-19 04:00:00,257.83,260.08,257.21,259.12,14890.53
1750305600000,2025-06-19 06:00:00,259.12,260.36,256.11,258.74,25254.63
1750312800000,2025-06-19 08:00:00,258.74,260.83,257.0,259.66,16708.81
1750320000000,2025-06-19 10:00:00,259.66,266.25,259.52,264.1,38966.76
1750327200000,2025-06-19 12:00:00,264.1,266.29,262.25,263.2,47533.32
1750334400000,2025-06-19 14:00:00,263.2,264.55,255.76,255.89,92374.69
1750341600000,2025-06-19 16:00:00,255.89,256.15,248.55,250.02,146202.31
1750348800000,2025-06-19 18:00:00,250.02,254.46,249.25,252.45,50265.96
1750356000000,2025-06-19 20:00:00,252.45,254.54,251.5,252.48,32932.58
1750363200000,2025-06-19 22:00:00,252.48,254.25,251.2,253.01,27179.42
1750370400000,2025-06-20 00:00:00,253.01,257.47,253.01,255.43,32281.41
1750377600000,2025-06-20 02:00:00,255.43,257.2,253.81,256.07,14986.85
1750384800000,2025-06-20 04:00:00,256.07,256.37,253.85,254.63,12972.84
1750392000000,2025-06-20 06:00:00,254.63,255.2,250.96,253.78,20808.83
1750399200000,2025-06-20 08:00:00,253.78,259.61,252.71,259.6,34005.27
1750406400000,2025-06-20 10:00:00,259.6,262.51,257.75,260.53,52945.99
1750413600000,2025-06-20 12:00:00,260.53,261.41,259.19,260.75,19771.3
1750420800000,2025-06-20 14:00:00,260.75,264.3,260.63,261.99,50631.87
1750428000000,2025-06-20 16:00:00,261.99,263.26,253.83,254.75,90720.14
1750435200000,2025-06-20 18:00:00,254.75,255.03,241.76,247.38,128432.74
1750442400000,2025-06-20 20:00:00,247.38,248.63,244.12,247.72,43762.25
1750449600000,2025-06-20 22:00:00,247.72,252.2,247.61,249.15,26193.84
1750456800000,2025-06-21 00:00:00,249.15,249.18,244.94,247.11,22749.83
1750464000000,2025-06-21 02:00:00,247.11,248.59,245.79,247.47,27204.24
1750471200000,2025-06-21 04:00:00,247.47,248.6,246.18,246.75,11044.28
1750478400000,2025-06-21 06:00:00,246.75,249.21,246.29,249.04,18194.77
1750485600000,2025-06-21 08:00:00,249.04,249.9,246.43,247.08,14198.43
1750492800000,2025-06-21 10:00:00,247.08,249.19,246.14,248.53,19761.1
1750500000000,2025-06-21 12:00:00,248.53,249.4,246.64,248.83,15991.66
1750507200000,2025-06-21 14:00:00,248.83,249.72,243.19,243.43,25119.09
1750514400000,2025-06-21 16:00:00,243.43,246.72,242.42,244.5,28723.35
1750521600000,2025-06-21 18:00:00,244.5,245.6,240.22,241.2,29025.68
1750528800000,2025-06-21 20:00:00,241.2,244.93,241.09,242.4,55610.97
1750536000000,2025-06-21 22:00:00,242.4,246.19,228.87,231.8,103661.56
1750543200000,2025-06-22 00:00:00,231.8,235.89,226.74,234.48,86741.78
1750550400000,2025-06-22 02:00:00,234.48,238.82,231.45,232.97,71072.24
1750557600000,2025-06-22 04:00:00,232.97,235.61,229.31,230.94,37501.11
1750564800000,2025-06-22 06:00:00,230.94,236.53,230.51,234.8,26042.32
1750572000000,2025-06-22 08:00:00,234.8,235.97,231.94,232.5,19558.69
1750579200000,2025-06-22 10:00:00,232.5,232.69,225.75,225.93,48020.34
1750586400000,2025-06-22 12:00:00,225.93,230.91,225.84,229.61,41839.79
1750593600000,2025-06-22 14:00:00,229.61,232.94,221.9,223.47,125322.62
1750600800000,2025-06-22 16:00:00,223.47,226.14,218.61,222.02,111159.22
1750608000000,2025-06-22 18:00:00,222.02,224.84,219.79,221.33,54458.43
1750615200000,2025-06-22 20:00:00,221.33,222.51,216.66,217.94,41849.51
1750622400000,2025-06-22 22:00:00,217.94,221.67,212.86,215.82,82762.43
1750629600000,2025-06-23 00:00:00,215.82,227.8,215.55,227.73,84922.6
1750636800000,2025-06-23 02:00:00,227.73,231.13,225.98,230.38,37496.79
1750644000000,2025-06-23 04:00:00,230.38,231.41,227.88,230.08,22328.48
1750651200000,2025-06-23 06:00:00,230.08,233.55,228.43,231.99,38502.69
1750658400000,2025-06-23 08:00:00,231.99,234.34,231.1,232.01,33171.27
1750665600000,2025-06-23 10:00:00,232.01,232.62,230.15,230.84,25763.5
1750672800000,2025-06-23 12:00:00,230.84,230.97,228.64,229.67,20398.94
1750680000000,2025-06-23 14:00:00,229.67,234.6,226.72,234.14,76365.63
1750687200000,2025-06-23 16:00:00,234.14,236.19,228.47,228.57,61619.89
1750694400000,2025-06-23 18:00:00,228.57,234.41,221.56,232.96,98249.6
1750701600000,2025-06-23 20:00:00,232.96,244.71,232.68,244.22,78118.35
1750708800000,2025-06-23 22:00:00,244.22,251.61,241.46,246.81,87174.66
1750716000000,2025-06-24 00:00:00,246.81,258.21,246.76,256.83,91661.77
1750723200000,2025-06-24 02:00:00,256.83,258.43,252.85,257.91,32817.41
1750730400000,2025-06-24 04:00:00,257.91,260.27,255.93,259.3,34434.29
1750737600000,2025-06-24 06:00:00,259.3,262.44,257.58,261.93,44909.98
1750744800000,2025-06-24 08:00:00,261.93,264.04,257.24,257.47,44873.99
1750752000000,2025-06-24 10:00:00,257.47,263.35,255.34,262.12,64016.4
1750759200000,2025-06-24 12:00:00,262.12,265.26,259.52,260.89,47016.68
1750766400000,2025-06-24 14:00:00,260.89,261.39,257.65,260.2,30730.37
1750773600000,2025-06-24 16:00:00,260.2,263.0,259.69,260.92,27298.01
1750780800000,2025-06-24 18:00:00,260.92,269.57,260.25,265.6,68568.25
1750788000000,2025-06-24 20:00:00,265.6,267.4,261.99,264.32,33001.06
1750795200000,2025-06-24 22:00:00,264.32,266.39,262.93,264.98,11673.3
1750802400000,2025-06-25 00:00:00,264.98,264.98,261.71,263.93,23605.47
1750809600000,2025-06-25 02:00:00,263.93,267.7,262.17,267.58,33371.3
1750816800000,2025-06-25 04:00:00,267.58,270.94,265.4,265.61,28836.33
1750824000000,2025-06-25 06:00:00,265.61,266.27,263.07,263.16,16743.84
1750831200000,2025-06-25 08:00:00,263.16,265.69,262.68,264.93,13362.26
1750838400000,2025-06-25 10:00:00,264.93,265.72,260.46,261.44,38037.95
1750845600000,2025-06-25 12:00:00,261.44,262.61,258.96,260.52,35654.54
1750852800000,2025-06-25 14:00:00,260.52,263.46,258.52,262.79,59528.12
1750860000000,2025-06-25 16:00:00,262.79,263.7,255.92,256.92,59223.7
1750867200000,2025-06-25 18:00:00,256.92,259.62,255.32,257.42,25605.05
1750874400000,2025-06-25 20:00:00,257.42,259.58,256.25,257.95,15035.79
1750881600000,2025-06-25 22:00:00,257.95,260.07,256.23,256.57,13450.0
1750888800000,2025-06-26 00:00:00,256.57,256.71,254.09,255.7,18220.56
1750896000000,2025-06-26 02:00:00,255.7,260.52,254.54,259.22,20167.37
1750903200000,2025-06-26 04:00:00,259.22,265.43,258.28,262.44,37919.38
1750910400000,2025-06-26 06:00:00,262.44,262.62,258.18,259.9,17689.2
1750917600000,2025-06-26 08:00:00,259.9,264.3,259.28,261.72,29349.61
1750924800000,2025-06-26 10:00:00,261.72,264.37,257.03,258.0,41255.71
1750932000000,2025-06-26 12:00:00,258.0,259.23,255.4,255.76,28600.92
1750939200000,2025-06-26 14:00:00,255.76,256.85,251.74,252.98,45861.48
1750946400000,2025-06-26 16:00:00,252.98,255.08,250.93,253.55,42139.67
1750953600000,2025-06-26 18:00:00,253.55,253.94,250.42,250.52,27952.98
1750960800000,2025-06-26 20:00:00,250.52,254.75,250.01,253.56,24592.11
1750968000000,2025-06-26 22:00:00,253.56,258.75,248.86,250.76,69529.45
1750975200000,2025-06-27 00:00:00,250.76,252.64,248.92,250.14,19814.83
1750982400000,2025-06-27 02:00:00,250.14,255.22,248.4,254.78,28173.26
1750989600000,2025-06-27 04:00:00,254.78,256.43,253.96,255.9,11768.07
1750996800000,2025-06-27 06:00:00,255.9,259.53,254.85,256.01,18740.66
1751004000000,2025-06-27 08:00:00,256.01,259.3,255.58,256.24,14772.33
1751011200000,2025-06-27 10:00:00,256.24,263.25,256.24,263.11,41029.0
1751018400000,2025-06-27 12:00:00,263.11,263.47,259.78,261.21,30481.89
1751025600000,2025-06-27 14:00:00,261.21,262.7,257.69,260.13,27314.21
1751032800000,2025-06-27 16:00:00,260.13,266.04,258.51,264.68,47141.08
1751040000000,2025-06-27 18:00:00,264.68,267.44,256.62,258.0,66692.67
1751047200000,2025-06-27 20:00:00,258.0,259.08,252.85,256.8,49395.8
1751054400000,2025-06-27 22:00:00,256.8,259.14,255.28,257.88,23328.63
1751061600000,2025-06-28 00:00:00,257.88,259.27,256.71,259.08,11133.29
1751068800000,2025-06-28 02:00:00,259.08,259.47,255.53,257.57,14286.89
1751076000000,2025-06-28 04:00:00,257.57,258.0,256.12,256.93,9186.26
1751083200000,2025-06-28 06:00:00,256.93,257.06,254.8,255.43,9054.41
1751090400000,2025-06-28 08:00:00,255.43,256.62,254.86,256.34,10401.04
1751097600000,2025-06-28 10:00:00,256.34,256.48,253.67,255.92,15319.03
1751104800000,2025-06-28 12:00:00,255.92,256.97,254.42,254.83,14387.78
1751112000000,2025-06-28 14:00:00,254.83,255.07,252.97,253.2,9428.29
1751119200000,2025-06-28 16:00:00,253.2,257.15,253.09,256.86,13137.3
1751126400000,2025-06-28 18:00:00,256.86,258.6,255.11,258.41,26522.11
1751133600000,2025-06-28 20:00:00,258.41,258.54,255.9,257.21,16685.43
1751140800000,2025-06-28 22:00:00,257.21,258.92,256.82,258.71,15589.17
1751148000000,2025-06-29 00:00:00,258.71,261.77,258.13,259.76,22443.86
1751155200000,2025-06-29 02:00:00,259.76,260.93,258.41,258.6,16179.5
1751162400000,2025-06-29 04:00:00,258.6,258.91,257.08,257.14,16425.42
1751169600000,2025-06-29 06:00:00,257.14,257.87,256.22,257.58,7689.63
1751176800000,2025-06-29 08:00:00,257.58,264.41,257.54,264.4,25582.09
1751184000000,2025-06-29 10:00:00,264.4,269.32,263.03,267.78,43049.46
1751191200000,2025-06-29 12:00:00,267.78,273.7,266.93,272.36,66929.95
1751198400000,2025-06-29 14:00:00,272.36,274.66,269.62,271.27,56810.15
1751205600000,2025-06-29 16:00:00,271.27,274.17,270.74,271.72,28386.78
1751212800000,2025-06-29 18:00:00,271.72,274.93,270.22,273.88,30107.85
1751220000000,2025-06-29 20:00:00,273.88,277.48,272.74,274.92,32971.26
1751227200000,2025-06-29 22:00:00,274.92,275.43,270.97,271.61,27447.23
1751234400000,2025-06-30 00:00:00,271.61,280.7,271.36,278.43,69111.9
1751241600000,2025-06-30 02:00:00,278.43,280.73,277.29,278.03,33193.0
1751248800000,2025-06-30 04:00:00,278.03,279.03,274.78,275.45,27886.69
1751256000000,2025-06-30 06:00:00,275.45,276.64,273.31,274.33,12758.92
1751263200000,2025-06-30 08:00:00,274.33,275.3,270.06,273.22,32548.16
1751270400000,2025-06-30 10:00:00,273.22,273.56,268.91,269.67,29426.58
1751277600000,2025-06-30 12:00:00,269.67,271.75,269.38,269.89,43428.86
1751284800000,2025-06-30 14:00:00,269.89,272.95,268.29,272.09,35842.3
1751292000000,2025-06-30 16:00:00,272.09,276.42,268.73,275.69,54518.71
1751299200000,2025-06-30 18:00:00,275.69,276.39,271.7,273.96,24408.25
1751306400000,2025-06-30 20:00:00,273.96,283.49,272.21,282.86,45677.55
1751313600000,2025-06-30 22:00:00,282.86,284.76,272.43,274.13,59620.68
1751320800000,2025-07-01 00:00:00,274.13,276.46,272.37,274.31,30243.77
1751328000000,2025-07-01 02:00:00,274.31,277.39,273.08,275.35,30980.24
1751335200000,2025-07-01 04:00:00,275.35,277.0,273.63,274.46,10391.77
1751342400000,2025-07-01 06:00:00,274.46,274.48,269.47,270.68,19121.98
1751349600000,2025-07-01 08:00:00,270.68,272.15,267.52,271.02,22936.18
1751356800000,2025-07-01 10:00:00,271.02,271.03,267.56,268.44,15457.55
1751364000000,2025-07-01 12:00:00,268.44,269.34,266.86,267.82,13282.61
1751371200000,2025-07-01 14:00:00,267.82,268.01,264.04,265.64,34614.91
1751378400000,2025-07-01 16:00:00,265.64,267.24,262.45,264.94,34485.48
1751385600000,2025-07-01 18:00:00,264.94,266.42,264.2,266.25,16346.41
1751392800000,2025-07-01 20:00:00,266.25,266.35,261.84,261.91,26497.87
1751400000000,2025-07-01 22:00:00,261.91,264.29,261.19,261.92,16992.79
1751407200000,2025-07-02 00:00:00,261.92,262.67,259.3,259.72,16018.83
1751414400000,2025-07-02 02:00:00,259.72,261.18,257.17,260.36,21917.11
1751421600000,2025-07-02 04:00:00,260.36,260.7,259.49,260.43,14313.62
1751428800000,2025-07-02 06:00:00,260.43,261.6,258.82,261.57,24749.74
1751436000000,2025-07-02 08:00:00,261.57,264.02,260.54,262.33,32994.37
1751443200000,2025-07-02 10:00:00,262.33,265.08,262.33,263.65,24418.32
1751450400000,2025-07-02 12:00:00,263.65,265.54,262.52,264.13,16907.44
1751457600000,2025-07-02 14:00:00,264.13,267.21,262.04,265.26,41200.4
1751464800000,2025-07-02 16:00:00,265.26,273.78,264.83,273.78,58875.01
1751472000000,2025-07-02 18:00:00,273.78,283.26,272.62,277.58,113851.16
1751479200000,2025-07-02 20:00:00,277.58,280.52,275.88,279.59,42234.33
1751486400000,2025-07-02 22:00:00,279.59,281.67,277.41,281.08,48306.44
1751493600000,2025-07-03 00:00:00,281.08,281.76,275.67,275.99,28644.05
1751500800000,2025-07-03 02:00:00,275.99,277.19,273.8,276.77,20963.93
1751508000000,2025-07-03 04:00:00,276.77,276.8,272.75,272.96,11417.0
1751515200000,2025-07-03 06:00:00,272.96,281.38,272.63,279.92,33179.4
1751522400000,2025-07-03 08:00:00,279.92,282.56,279.05,282.52,25786.73
1751529600000,2025-07-03 10:00:00,282.52,284.86,279.67,282.14,41477.85
1751536800000,2025-07-03 12:00:00,282.14,282.52,278.13,280.78,30090.6
1751544000000,2025-07-03 14:00:00,280.78,285.44,275.56,283.42,92413.16
1751551200000,2025-07-03 16:00:00,283.42,284.64,274.47,275.47,61926.05
1751558400000,2025-07-03 18:00:00,275.47,280.52,275.3,278.82,26765.71
1751565600000,2025-07-03 20:00:00,278.82,280.1,277.46,278.88,15113.64
1751572800000,2025-07-03 22:00:00,278.88,281.77,278.6,280.93,13850.36
1751580000000,2025-07-04 00:00:00,280.93,281.19,278.8,279.21,6948.81
1751587200000,2025-07-04 02:00:00,279.21,282.82,279.04,279.52,12518.82
1751594400000,2025-07-04 04:00:00,279.52,279.77,276.24,276.66,24328.36
1751601600000,2025-07-04 06:00:00,276.66,277.39,274.27,274.98,19474.17
1751608800000,2025-07-04 08:00:00,274.98,275.13,269.3,270.09,45414.87
1751616000000,2025-07-04 10:00:00,270.09,272.19,267.79,270.27,42741.42
1751623200000,2025-07-04 12:00:00,270.27,271.19,268.19,268.4,14857.85
1751630400000,2025-07-04 14:00:00,268.4,269.39,265.1,265.32,27215.5
1751637600000,2025-07-04 16:00:00,265.32,265.42,260.46,261.72,56298.09
1751644800000,2025-07-04 18:00:00,261.72,262.97,258.37,262.78,43939.25
1751652000000,2025-07-04 20:00:00,262.78,262.78,261.02,261.5,10524.26
1751659200000,2025-07-04 22:00:00,261.5,264.27,261.04,263.39,23642.82
1751666400000,2025-07-05 00:00:00,263.39,267.59,263.17,265.79,22679.48
1751673600000,2025-07-05 02:00:00,265.79,267.56,265.23,266.88,9997.73
1751680800000,2025-07-05 04:00:00,266.88,269.78,264.85,268.14,15369.63
1751688000000,2025-07-05 06:00:00,268.14,268.72,266.8,268.26,8632.74
1751695200000,2025-07-05 08:00:00,268.26,271.13,267.68,270.28,14666.54
1751702400000,2025-07-05 10:00:00,270.28,271.75,267.92,269.9,18975.66
1751709600000,2025-07-05 12:00:00,269.9,275.45,269.77,273.42,36421.77
1751716800000,2025-07-05 14:00:00,273.42,274.1,270.7,270.96,22888.75
1751724000000,2025-07-05 16:00:00,270.96,272.88,269.7,269.9,22186.68
1751731200000,2025-07-05 18:00:00,269.9,270.57,267.29,268.85,25087.75
1751738400000,2025-07-05 20:00:00,268.85,271.92,267.03,271.05,15337.66
1751745600000,2025-07-05 22:00:00,271.05,274.55,269.96,274.26,20157.66
1751752800000,2025-07-06 00:00:00,274.26,276.52,272.82,273.34,32284.35
1751760000000,2025-07-06 02:00:00,273.34,274.25,271.86,272.92,10307.07
1751767200000,2025-07-06 04:00:00,272.92,273.51,271.6,273.39,14490.48
1751774400000,2025-07-06 06:00:00,273.39,274.0,271.24,271.96,6817.57
1751781600000,2025-07-06 08:00:00,271.96,273.69,271.09,271.28,9477.06
1751788800000,2025-07-06 10:00:00,271.28,271.36,269.59,270.2,14956.62
1751796000000,2025-07-06 12:00:00,270.2,272.49,269.72,271.02,18827.93
1751803200000,2025-07-06 14:00:00,271.02,278.61,270.08,276.82,28650.54
1751810400000,2025-07-06 16:00:00,276.82,278.37,274.79,275.92,29955.85
1751817600000,2025-07-06 18:00:00,275.92,277.21,274.6,276.34,19598.41
1751824800000,2025-07-06 20:00:00,276.34,276.53,273.34,276.42,15890.08
1751832000000,2025-07-06 22:00:00,276.42,290.22,276.37,288.08,58774.22
1751839200000,2025-07-07 00:00:00,288.08,291.58,284.34,287.19,49817.34
1751846400000,2025-07-07 02:00:00,287.19,287.85,283.13,285.55,28035.49
1751853600000,2025-07-07 04:00:00,285.55,288.93,285.36,287.17,18761.89
1751860800000,2025-07-07 06:00:00,287.17,289.85,286.6,287.88,21675.89
1751868000000,2025-07-07 08:00:00,287.88,287.96,285.2,287.11,20824.02
1751875200000,2025-07-07 10:00:00,287.11,287.65,285.27,287.05,18944.53
1751882400000,2025-07-07 12:00:00,287.05,288.34,285.33,287.12,26831.21
1751889600000,2025-07-07 14:00:00,287.12,290.57,284.58,290.01,46585.77
1751896800000,2025-07-07 16:00:00,290.01,290.02,285.59,286.39,41128.76
1751904000000,2025-07-07 18:00:00,286.39,287.61,280.05,281.87,64881.57
1751911200000,2025-07-07 20:00:00,281.87,283.48,279.01,280.87,35150.43
1751918400000,2025-07-07 22:00:00,280.87,280.96,276.91,278.82,33766.78
1751925600000,2025-07-08 00:00:00,278.82,283.49,277.66,282.97,13070.63
1751932800000,2025-07-08 02:00:00,282.97,284.7,278.42,278.66,31845.99
1751940000000,2025-07-08 04:00:00,278.66,279.74,277.23,279.34,27789.95
1751947200000,2025-07-08 06:00:00,279.34,282.41,278.84,282.16,15150.26
1751954400000,2025-07-08 08:00:00,282.16,282.92,279.85,282.77,16068.98
1751961600000,2025-07-08 10:00:00,282.77,283.48,280.58,281.57,13682.28
1751968800000,2025-07-08 12:00:00,281.57,288.26,281.49,288.17,52374.1
1751976000000,2025-07-08 14:00:00,288.17,290.71,287.22,288.96,50717.1
1751983200000,2025-07-08 16:00:00,288.96,289.16,284.48,285.23,37602.51
1751990400000,2025-07-08 18:00:00,285.23,294.8,283.62,291.16,81345.08
1751997600000,2025-07-08 20:00:00,291.16,293.17,289.72,290.66,25958.63
1752004800000,2025-07-08 22:00:00,290.66,292.63,288.94,292.21,15885.66
1752012000000,2025-07-09 00:00:00,292.21,293.83,290.57,292.77,17385.77
1752019200000,2025-07-09 02:00:00,292.77,294.86,290.84,292.17,21652.56
1752026400000,2025-07-09 04:00:00,292.17,293.22,289.86,290.35,16202.57
1752033600000,2025-07-09 06:00:00,290.35,303.02,290.21,299.92,68628.95
1752040800000,2025-07-09 08:00:00,299.92,301.32,297.49,298.72,42429.83
1752048000000,2025-07-09 10:00:00,298.72,301.23,297.12,297.37,23310.84
1752055200000,2025-07-09 12:00:00,297.37,299.68,296.68,298.78,32828.57
1752062400000,2025-07-09 14:00:00,298.78,302.3,298.0,299.5,48716.54
1752069600000,2025-07-09 16:00:00,299.5,300.95,295.71,297.8,40403.74
1752076800000,2025-07-09 18:00:00,297.8,298.98,294.38,294.78,44324.95
1752084000000,2025-07-09 20:00:00,294.78,304.68,294.72,302.56,66094.4
1752091200000,2025-07-09 22:00:00,302.56,302.98,295.45,301.52,64666.82
1752098400000,2025-07-10 00:00:00,301.52,306.49,301.29,301.39,32079.83
1752105600000,2025-07-10 02:00:00,301.39,302.2,297.69,300.34,18493.63
1752112800000,2025-07-10 04:00:00,300.34,302.19,297.93,298.53,18350.84
1752120000000,2025-07-10 06:00:00,298.53,298.53,296.27,296.68,19677.87
1752127200000,2025-07-10 08:00:00,296.68,299.57,295.22,297.08,48250.51
1752134400000,2025-07-10 10:00:00,297.08,297.63,293.52,294.7,31857.35
1752141600000,2025-07-10 12:00:00,294.7,295.91,293.06,294.5,26446.14
1752148800000,2025-07-10 14:00:00,294.5,296.43,292.73,294.64,27407.3
1752156000000,2025-07-10 16:00:00,294.64,296.1,292.2,295.92,32915.41
1752163200000,2025-07-10 18:00:00,295.92,307.79,295.52,307.4,105543.2
1752170400000,2025-07-10 20:00:00,307.4,307.95,303.14,305.52,40749.33
1752177600000,2025-07-10 22:00:00,305.52,316.3,304.42,313.45,73167.88
1752184800000,2025-07-11 00:00:00,313.45,314.67,307.86,308.57,38864.3
1752192000000,2025-07-11 02:00:00,308.57,309.07,302.34,306.72,47529.01
1752199200000,2025-07-11 04:00:00,306.72,308.2,305.38,306.15,25073.46
1752206400000,2025-07-11 06:00:00,306.15,315.56,303.88,312.22,47672.19
1752213600000,2025-07-11 08:00:00,312.22,313.64,306.14,308.28,50707.04
1752220800000,2025-07-11 10:00:00,308.28,318.12,308.2,314.59,57208.38
1752228000000,2025-07-11 12:00:00,314.59,316.71,312.1,314.26,46603.12
1752235200000,2025-07-11 14:00:00,314.26,315.03,309.06,310.95,39376.89
1752242400000,2025-07-11 16:00:00,310.95,312.95,302.69,304.23,68776.66
1752249600000,2025-07-11 18:00:00,304.23,309.67,303.62,309.15,80024.36
1752256800000,2025-07-11 20:00:00,309.15,309.88,305.25,308.34,20880.88
1752264000000,2025-07-11 22:00:00,308.34,308.75,298.33,299.87,63236.72
1752271200000,2025-07-12 00:00:00,299.87,300.95,294.09,297.38,90355.36
1752278400000,2025-07-12 02:00:00,297.38,300.47,292.89,299.32,50152.0
1752285600000,2025-07-12 04:00:00,299.32,302.21,298.85,300.8,23702.89
1752292800000,2025-07-12 06:00:00,300.8,301.41,296.7,298.77,16144.81
1752300000000,2025-07-12 08:00:00,298.77,302.7,296.92,301.99,22601.54
1752307200000,2025-07-12 10:00:00,301.99,306.84,301.61,304.89,26281.78
1752314400000,2025-07-12 12:00:00,304.89,305.36,303.01,303.46,17687.91
1752321600000,2025-07-12 14:00:00,303.46,304.15,294.91,298.27,91728.27
1752328800000,2025-07-12 16:00:00,298.27,300.14,292.42,295.46,51485.05
1752336000000,2025-07-12 18:00:00,295.46,301.91,294.62,300.8,42107.82
1752343200000,2025-07-12 20:00:00,300.8,301.4,298.85,301.08,15263.8
1752350400000,2025-07-12 22:00:00,301.08,302.98,297.6,302.54,28591.11
1752357600000,2025-07-13 00:00:00,302.54,302.96,299.85,302.08,14470.13
1752364800000,2025-07-13 02:00:00,302.08,302.9,300.11,301.82,20118.03
1752372000000,2025-07-13 04:00:00,301.82,303.33,299.89,302.6,14591.79
1752379200000,2025-07-13 06:00:00,302.6,303.45,300.49,300.66,19983.73
1752386400000,2025-07-13 08:00:00,300.66,305.61,300.52,304.57,23799.84
1752393600000,2025-07-13 10:00:00,304.57,305.2,302.32,303.76,21005.56
1752400800000,2025-07-13 12:00:00,303.76,304.94,300.88,302.62,14349.74
1752408000000,2025-07-13 14:00:00,302.62,309.31,302.32,308.92,55162.28
1752415200000,2025-07-13 16:00:00,308.92,317.53,308.32,311.44,143994.62
1752422400000,2025-07-13 18:00:00,311.44,314.04,307.72,310.92,45036.58
1752429600000,2025-07-13 20:00:00,310.92,314.79,309.91,311.78,26842.76
1752436800000,2025-07-13 22:00:00,311.78,312.51,304.0,305.97,45485.17
1752444000000,2025-07-14 00:00:00,305.97,306.77,303.84,305.53,27755.71
1752451200000,2025-07-14 02:00:00,305.53,312.78,305.0,312.31,37765.23
1752458400000,2025-07-14 04:00:00,312.31,325.43,311.39,323.95,95846.08
1752465600000,2025-07-14 06:00:00,323.95,327.77,319.09,322.41,68673.13
1752472800000,2025-07-14 08:00:00,322.41,325.91,318.44,324.35,65634.31
1752480000000,2025-07-14 10:00:00,324.35,327.69,320.02,325.02,36360.2
1752487200000,2025-07-14 12:00:00,325.02,331.67,322.96,323.91,63934.52
1752494400000,2025-07-14 14:00:00,323.91,327.87,321.39,325.04,45619.71
1752501600000,2025-07-14 16:00:00,325.04,327.39,316.67,319.97,60850.59
1752508800000,2025-07-14 18:00:00,319.97,321.75,316.22,317.02,35987.97
1752516000000,2025-07-14 20:00:00,317.02,317.29,312.18,313.97,35867.01
1752523200000,2025-07-14 22:00:00,313.97,317.25,310.82,316.33,25658.31
1752530400000,2025-07-15 00:00:00,316.33,317.28,314.1,315.02,12586.16
1752537600000,2025-07-15 02:00:00,315.02,316.8,310.08,311.28,55187.1
1752544800000,2025-07-15 04:00:00,311.28,312.56,305.41,308.06,58937.52
1752552000000,2025-07-15 06:00:00,308.06,312.9,306.07,312.84,27680.07
1752559200000,2025-07-15 08:00:00,312.84,317.87,312.1,313.45,43940.68
1752566400000,2025-07-15 10:00:00,313.45,316.22,311.03,313.2,34400.65
1752573600000,2025-07-15 12:00:00,313.2,313.67,308.42,310.35,31047.15
1752580800000,2025-07-15 14:00:00,310.35,322.69,308.12,321.4,84904.46
1752588000000,2025-07-15 16:00:00,321.4,324.29,312.02,323.47,79799.36
1752595200000,2025-07-15 18:00:00,323.47,329.16,320.07,329.07,67614.59
1752602400000,2025-07-15 20:00:00,329.07,331.53,317.23,317.52,88484.34
1752609600000,2025-07-15 22:00:00,317.52,325.64,316.15,325.12,44345.98
1752616800000,2025-07-16 00:00:00,325.12,330.21,321.31,327.46,42545.58
1752624000000,2025-07-16 02:00:00,327.46,330.84,325.1,326.84,45992.92
1752631200000,2025-07-16 04:00:00,326.84,328.75,321.42,323.32,72280.15
1752638400000,2025-07-16 06:00:00,323.32,333.51,321.03,328.36,55214.49
1752645600000,2025-07-16 08:00:00,328.36,335.11,326.54,332.51,41964.7
1752652800000,2025-07-16 10:00:00,332.51,333.63,329.58,332.23,35051.25
1752660000000,2025-07-16 12:00:00,332.23,332.56,328.36,329.27,22868.6
1752667200000,2025-07-16 14:00:00,329.27,332.01,328.25,331.17,23373.97
1752674400000,2025-07-16 16:00:00,331.17,335.04,323.87,326.57,80635.23
1752681600000,2025-07-16 18:00:00,326.57,331.53,324.22,331.09,42013.68
1752688800000,2025-07-16 20:00:00,331.09,333.93,328.2,330.19,48963.75
1752696000000,2025-07-16 22:00:00,330.19,333.51,326.91,328.08,62006.56
1752703200000,2025-07-17 00:00:00,328.08,329.42,321.36,323.2,34514.17
1752710400000,2025-07-17 02:00:00,323.2,327.53,316.4,318.49,40255.23
1752717600000,2025-07-17 04:00:00,318.49,321.15,316.3,317.44,26056.43
1752724800000,2025-07-17 06:00:00,317.44,321.88,316.49,321.06,14825.26
1752732000000,2025-07-17 08:00:00,321.06,326.52,319.79,324.43,61280.19
1752739200000,2025-07-17 10:00:00,324.43,331.97,321.04,330.09,56755.19
1752746400000,2025-07-17 12:00:00,330.09,330.52,321.07,322.24,44848.08
1752753600000,2025-07-17 14:00:00,322.24,325.69,317.46,321.42,46710.6
1752760800000,2025-07-17 16:00:00,321.42,326.32,320.29,324.64,29440.67
1752768000000,2025-07-17 18:00:00,324.64,325.5,314.97,320.3,69464.88
1752775200000,2025-07-17 20:00:00,320.3,325.62,316.64,317.02,51578.66
1752782400000,2025-07-17 22:00:00,317.02,324.83,312.32,319.6,76503.91
1752789600000,2025-07-18 00:00:00,319.6,324.75,318.91,321.79,50569.2
1752796800000,2025-07-18 02:00:00,321.79,330.23,316.9,329.4,74014.88
1752804000000,2025-07-18 04:00:00,329.4,329.95,321.69,328.32,77974.92
1752811200000,2025-07-18 06:00:00,328.32,335.2,325.83,335.18,68344.12
1752818400000,2025-07-18 08:00:00,335.18,338.28,327.53,327.77,102288.97
1752825600000,2025-07-18 10:00:00,327.77,333.28,325.24,330.31,68701.46
1752832800000,2025-07-18 12:00:00,330.31,332.0,324.62,328.41,45434.89
1752840000000,2025-07-18 14:00:00,328.41,335.06,325.45,329.54,102192.75
1752847200000,2025-07-18 16:00:00,329.54,331.18,314.2,317.59,152755.03
1752854400000,2025-07-18 18:00:00,317.59,324.75,316.05,322.08,51860.62
1752861600000,2025-07-18 20:00:00,322.08,322.56,315.3,318.0,28702.15
1752868800000,2025-07-18 22:00:00,318.0,321.72,311.34,319.18,59513.02
1752876000000,2025-07-19 00:00:00,319.18,326.2,317.75,324.53,54398.91
1752883200000,2025-07-19 02:00:00,324.53,325.92,315.86,319.86,25232.36
1752890400000,2025-07-19 04:00:00,319.86,323.0,317.62,321.43,16213.91
1752897600000,2025-07-19 06:00:00,321.43,323.37,319.4,320.01,11372.98
1752904800000,2025-07-19 08:00:00,320.01,320.56,315.79,316.38,15396.71
1752912000000,2025-07-19 10:00:00,316.38,317.02,313.21,314.56,22491.38
1752919200000,2025-07-19 12:00:00,314.56,316.38,313.01,314.22,18401.13
1752926400000,2025-07-19 14:00:00,314.22,316.62,312.47,315.48,25193.84
1752933600000,2025-07-19 16:00:00,315.48,316.83,311.73,315.46,29185.28
1752940800000,2025-07-19 18:00:00,315.46,318.37,313.24,314.1,16622.17
1752948000000,2025-07-19 20:00:00,314.1,318.1,313.75,316.35,14963.04
1752955200000,2025-07-19 22:00:00,316.35,318.68,312.59,315.49,19906.37
1752962400000,2025-07-20 00:00:00,315.49,319.37,314.75,319.15,15303.62
1752969600000,2025-07-20 02:00:00,319.15,322.58,317.27,320.27,18954.28
1752976800000,2025-07-20 04:00:00,320.27,324.57,319.22,322.06,28012.15
1752984000000,2025-07-20 06:00:00,322.06,324.55,320.99,323.72,17115.84
1752991200000,2025-07-20 08:00:00,323.72,327.97,323.05,325.82,22189.88
1752998400000,2025-07-20 10:00:00,325.82,328.92,324.72,327.0,47922.22
1753005600000,2025-07-20 12:00:00,327.0,329.25,324.38,327.91,23686.96
1753012800000,2025-07-20 14:00:00,327.91,328.72,325.72,328.68,19898.67
1753020000000,2025-07-20 16:00:00,328.68,334.68,324.68,333.84,46916.86
1753027200000,2025-07-20 18:00:00,333.84,335.39,326.7,326.96,63924.38
1753034400000,2025-07-20 20:00:00,326.96,329.26,325.0,327.26,39217.13
1753041600000,2025-07-20 22:00:00,327.26,328.04,324.13,327.9,22151.9
1753048800000,2025-07-21 00:00:00,327.9,328.07,318.84,324.36,42691.99
1753056000000,2025-07-21 02:00:00,324.36,324.78,318.76,322.57,26536.91
1753063200000,2025-07-21 04:00:00,322.57,331.85,322.55,330.58,31160.48
1753070400000,2025-07-21 06:00:00,330.58,332.98,328.3,331.77,23700.03
1753077600000,2025-07-21 08:00:00,331.77,334.69,330.13,330.55,28211.35
1753084800000,2025-07-21 10:00:00,330.55,333.63,328.06,330.94,19758.53
1753092000000,2025-07-21 12:00:00,330.94,333.61,330.52,330.85,30861.48
1753099200000,2025-07-21 14:00:00,330.85,333.95,327.1,333.47,38322.68
1753106400000,2025-07-21 16:00:00,333.47,334.9,327.02,327.15,79699.86
1753113600000,2025-07-21 18:00:00,327.15,327.41,318.12,323.92,92807.27
1753120800000,2025-07-21 20:00:00,323.92,327.23,319.35,320.74,45859.0
1753128000000,2025-07-21 22:00:00,320.74,323.2,319.06,321.52,37306.86
1753135200000,2025-07-22 00:00:00,321.52,324.1,320.76,322.25,9982.55
1753142400000,2025-07-22 02:00:00,322.25,324.7,314.6,323.9,70666.5
1753149600000,2025-07-22 04:00:00,323.9,324.5,313.44,316.42,46301.51
1753156800000,2025-07-22 06:00:00,316.42,316.99,307.1,310.42,82420.0
1753164000000,2025-07-22 08:00:00,310.42,314.13,308.4,309.68,49770.13
1753171200000,2025-07-22 10:00:00,309.68,309.68,304.22,307.83,56011.9
1753178400000,2025-07-22 12:00:00,307.83,312.79,307.61,311.22,41136.3
1753185600000,2025-07-22 14:00:00,311.22,311.95,304.76,305.62,48239.33
1753192800000,2025-07-22 16:00:00,305.62,310.35,302.24,307.18,67181.09
1753200000000,2025-07-22 18:00:00,307.18,309.35,303.22,304.7,47844.89
1753207200000,2025-07-22 20:00:00,304.7,307.51,300.17,301.68,48207.05
1753214400000,2025-07-22 22:00:00,301.68,307.65,300.55,307.2,34724.35
1753221600000,2025-07-23 00:00:00,307.2,311.14,306.95,310.6,31444.09
1753228800000,2025-07-23 02:00:00,310.6,311.88,305.37,307.99,34829.61
1753236000000,2025-07-23 04:00:00,307.99,309.48,305.4,306.0,23959.86
1753243200000,2025-07-23 06:00:00,306.0,308.68,305.12,305.72,19763.36
1753250400000,2025-07-23 08:00:00,305.72,306.28,301.01,301.8,45985.39
1753257600000,2025-07-23 10:00:00,301.8,304.18,300.68,301.3,24784.74
1753264800000,2025-07-23 12:00:00,301.3,302.94,298.23,300.15,43763.39
1753272000000,2025-07-23 14:00:00,300.15,300.22,285.78,289.47,173143.17
1753279200000,2025-07-23 16:00:00,289.47,294.73,288.36,293.98,70852.88
1753286400000,2025-07-23 18:00:00,293.98,294.71,283.41,289.68,84767.9
1753293600000,2025-07-23 20:00:00,289.68,292.25,289.21,290.13,30129.91
1753300800000,2025-07-23 22:00:00,290.13,291.83,282.15,288.28,82666.23
1753308000000,2025-07-24 00:00:00,288.28,291.8,286.64,290.26,40841.02
1753315200000,2025-07-24 02:00:00,290.26,293.0,288.71,292.73,17242.22
1753322400000,2025-07-24 04:00:00,292.73,294.0,290.33,290.58,15625.48
1753329600000,2025-07-24 06:00:00,290.58,291.63,280.74,280.96,50093.95
1753336800000,2025-07-24 08:00:00,280.96,285.27,276.01,284.91,89984.7
1753344000000,2025-07-24 10:00:00,284.91,288.67,283.73,287.53,29158.82
1753351200000,2025-07-24 12:00:00,287.53,290.85,282.53,289.73,48775.13
1753358400000,2025-07-24 14:00:00,289.73,290.82,285.4,285.82,40964.25
1753365600000,2025-07-24 16:00:00,285.82,295.47,283.88,291.06,79688.17
1753372800000,2025-07-24 18:00:00,291.06,294.35,285.29,292.74,39701.94
1753380000000,2025-07-24 20:00:00,292.74,294.05,290.44,292.3,30969.13
1753387200000,2025-07-24 22:00:00,292.3,295.59,290.9,291.64,24175.31
1753394400000,2025-07-25 00:00:00,291.64,292.14,285.05,286.0,40826.0
1753401600000,2025-07-25 02:00:00,286.0,288.91,282.5,287.83,41097.89
1753408800000,2025-07-25 04:00:00,287.83,288.95,279.98,284.09,43607.29
1753416000000,2025-07-25 06:00:00,284.09,288.09,281.01,286.13,34930.7
1753423200000,2025-07-25 08:00:00,286.13,287.77,283.05,285.86,23738.62
1753430400000,2025-07-25 10:00:00,285.86,293.57,285.64,293.13,40657.82
1753437600000,2025-07-25 12:00:00,293.13,295.17,289.62,293.57,42949.39
1753444800000,2025-07-25 14:00:00,293.57,295.08,290.75,294.13,39679.06
1753452000000,2025-07-25 16:00:00,294.13,295.23,284.56,288.33,59769.71
1753459200000,2025-07-25 18:00:00,288.33,290.6,286.3,288.39,23023.5
1753466400000,2025-07-25 20:00:00,288.39,291.2,288.26,289.47,10541.38
1753473600000,2025-07-25 22:00:00,289.47,294.04,287.81,293.65,31865.03
1753480800000,2025-07-26 00:00:00,293.65,294.72,292.63,294.16,14275.42
1753488000000,2025-07-26 02:00:00,294.16,296.6,292.29,294.83,33303.15
1753495200000,2025-07-26 04:00:00,294.83,299.09,294.83,297.93,21867.79
1753502400000,2025-07-26 06:00:00,297.93,299.75,297.05,299.25,19117.15
1753509600000,2025-07-26 08:00:00,299.25,299.48,295.84,295.91,21722.99
1753516800000,2025-07-26 10:00:00,295.91,298.31,295.91,297.03,19061.66
1753524000000,2025-07-26 12:00:00,297.03,299.45,296.0,296.36,23824.71
1753531200000,2025-07-26 14:00:00,296.36,297.94,294.89,296.89,11129.36
1753538400000,2025-07-26 16:00:00,296.89,297.67,293.2,294.84,25649.0
1753545600000,2025-07-26 18:00:00,294.84,295.67,293.4,293.88,15744.53
1753552800000,2025-07-26 20:00:00,293.88,297.66,293.08,297.42,19180.2
1753560000000,2025-07-26 22:00:00,297.42,297.58,295.66,297.09,10151.92
1753567200000,2025-07-27 00:00:00,297.09,299.14,294.44,294.87,18382.29
1753574400000,2025-07-27 02:00:00,294.87,298.21,294.21,296.24,11959.79
1753581600000,2025-07-27 04:00:00,296.24,297.56,295.45,295.87,16300.66
1753588800000,2025-07-27 06:00:00,295.87,299.33,295.15,298.0,18679.04
1753596000000,2025-07-27 08:00:00,298.0,298.25,295.06,295.85,12873.41
1753603200000,2025-07-27 10:00:00,295.85,296.93,293.81,294.57,21449.49
1753610400000,2025-07-27 12:00:00,294.57,298.87,294.49,296.02,26659.53
1753617600000,2025-07-27 14:00:00,296.02,297.98,294.62,295.74,16551.51
1753624800000,2025-07-27 16:00:00,295.74,297.26,294.35,297.01,10123.0
1753632000000,2025-07-27 18:00:00,297.01,300.43,296.62,299.95,31541.07
1753639200000,2025-07-27 20:00:00,299.95,301.64,297.36,298.08,37526.82
1753646400000,2025-07-27 22:00:00,298.08,300.68,297.32,300.6,15137.56
1753653600000,2025-07-28 00:00:00,300.6,305.69,299.43,304.81,38967.85
1753660800000,2025-07-28 02:00:00,304.81,306.87,300.86,302.93,37758.19
1753668000000,2025-07-28 04:00:00,302.93,307.1,302.26,304.03,18163.12
1753675200000,2025-07-28 06:00:00,304.03,309.04,302.74,308.5,24004.73
1753682400000,2025-07-28 08:00:00,308.5,308.97,304.52,305.89,25453.37
1753689600000,2025-07-28 10:00:00,305.89,307.24,304.26,306.33,14800.71
1753696800000,2025-07-28 12:00:00,306.33,306.8,302.82,303.94,12508.7
1753704000000,2025-07-28 14:00:00,303.94,304.57,296.43,297.42,41573.24
1753711200000,2025-07-28 16:00:00,297.42,298.12,291.05,292.06,62564.43
1753718400000,2025-07-28 18:00:00,292.06,293.84,289.22,289.69,28513.36
1753725600000,2025-07-28 20:00:00,289.69,291.24,286.9,289.46,33319.71
1753732800000,2025-07-28 22:00:00,289.46,290.22,285.58,288.19,28390.89
1753740000000,2025-07-29 00:00:00,288.19,289.65,285.7,288.82,11990.25
1753747200000,2025-07-29 02:00:00,288.82,291.72,285.59,286.84,33484.13
1753754400000,2025-07-29 04:00:00,286.84,290.74,284.14,290.14,16960.35
1753761600000,2025-07-29 06:00:00,290.14,291.38,286.85,290.38,12054.48
1753768800000,2025-07-29 08:00:00,290.38,295.5,289.29,295.32,21292.98
1753776000000,2025-07-29 10:00:00,295.32,295.52,289.85,289.96,17733.39
1753783200000,2025-07-29 12:00:00,289.96,290.17,285.01,286.24,34904.31
1753790400000,2025-07-29 14:00:00,286.24,291.7,285.79,286.83,27982.61
1753797600000,2025-07-29 16:00:00,286.83,286.98,280.2,282.49,46626.08
1753804800000,2025-07-29 18:00:00,282.49,285.63,279.06,283.49,25105.42
1753812000000,2025-07-29 20:00:00,283.49,284.56,281.03,281.7,15085.39
1753819200000,2025-07-29 22:00:00,281.7,284.02,279.02,283.09,27027.58
1753826400000,2025-07-30 00:00:00,283.09,283.6,280.77,282.23,13089.7
1753833600000,2025-07-30 02:00:00,282.23,283.41,278.22,282.02,14631.23
1753840800000,2025-07-30 04:00:00,282.02,284.66,281.31,283.43,10481.68
1753848000000,2025-07-30 06:00:00,283.43,284.26,279.64,281.64,12849.99
1753855200000,2025-07-30 08:00:00,281.64,283.91,281.03,281.73,18027.14
1753862400000,2025-07-30 10:00:00,281.73,283.24,278.28,279.16,14781.92
1753869600000,2025-07-30 12:00:00,279.16,280.34,271.94,273.62,41059.24
1753876800000,2025-07-30 14:00:00,273.62,276.31,271.83,274.93,33756.21
1753884000000,2025-07-30 16:00:00,274.93,279.69,273.82,276.06,28915.43
1753891200000,2025-07-30 18:00:00,276.06,278.74,274.75,278.08,18257.04
1753898400000,2025-07-30 20:00:00,278.08,279.47,263.58,272.98,84181.48
1753905600000,2025-07-30 22:00:00,272.98,276.06,269.25,271.15,54650.8
1753912800000,2025-07-31 00:00:00,271.15,275.31,269.02,274.46,13253.77
1753920000000,2025-07-31 02:00:00,274.46,278.64,273.06,278.49,16476.89
1753927200000,2025-07-31 04:00:00,278.49,280.11,277.68,278.94,7637.27
1753934400000,2025-07-31 06:00:00,278.94,279.55,278.13,278.64,9090.98
1753941600000,2025-07-31 08:00:00,278.64,279.83,277.16,277.58,11556.35
1753948800000,2025-07-31 10:00:00,277.58,279.23,277.36,278.82,8938.08
1753956000000,2025-07-31 12:00:00,278.82,278.98,274.26,274.96,19335.04
1753963200000,2025-07-31 14:00:00,274.96,275.27,267.64,269.24,42840.69
1753970400000,2025-07-31 16:00:00,269.24,270.08,265.66,268.7,28802.44
1753977600000,2025-07-31 18:00:00,268.7,271.94,266.67,267.52,24161.29
1753984800000,2025-07-31 20:00:00,267.52,269.85,265.51,266.81,18246.05
1753992000000,2025-07-31 22:00:00,266.81,268.47,263.87,265.77,23891.2
1753999200000,2025-08-01 00:00:00,265.77,265.77,259.76,260.85,60030.3
1754006400000,2025-08-01 02:00:00,260.85,262.04,254.53,258.94,49592.92
1754013600000,2025-08-01 04:00:00,258.94,262.63,258.16,260.88,12645.16
1754020800000,2025-08-01 06:00:00,260.88,260.88,257.15,258.46,13556.32
1754028000000,2025-08-01 08:00:00,258.46,259.27,255.78,258.11,21338.12
1754035200000,2025-08-01 10:00:00,258.11,258.11,251.87,254.65,30066.31
1754042400000,2025-08-01 12:00:00,254.65,259.29,254.36,259.06,11950.26
1754049600000,2025-08-01 14:00:00,259.06,261.99,252.6,254.59,42287.39
1754056800000,2025-08-01 16:00:00,254.59,261.04,252.24,259.3,42192.49
1754064000000,2025-08-01 18:00:00,259.3,261.03,254.34,255.5,19783.34
1754071200000,2025-08-01 20:00:00,255.5,259.77,253.86,259.32,22040.32
1754078400000,2025-08-01 22:00:00,259.32,259.91,254.03,258.34,20794.28
1754085600000,2025-08-02 00:00:00,258.34,258.78,248.85,255.21,46212.29
1754092800000,2025-08-02 02:00:00,255.21,258.04,254.68,256.88,11978.11
1754100000000,2025-08-02 04:00:00,256.88,257.47,256.29,256.59,8180.11
1754107200000,2025-08-02 06:00:00,256.59,257.82,255.08,255.44,7654.13
1754114400000,2025-08-02 08:00:00,255.44,255.77,249.74,255.42,20401.87
1754121600000,2025-08-02 10:00:00,255.42,256.03,252.26,253.52,16529.55
1754128800000,2025-08-02 12:00:00,253.52,255.48,251.45,254.64,8269.82
1754136000000,2025-08-02 14:00:00,254.64,256.21,253.42,255.56,8878.73
1754143200000,2025-08-02 16:00:00,255.56,256.08,250.92,251.86,22248.95
1754150400000,2025-08-02 18:00:00,251.86,253.54,247.02,248.22,31292.16
1754157600000,2025-08-02 20:00:00,248.22,251.1,244.76,247.85,39645.28
1754164800000,2025-08-02 22:00:00,247.85,252.3,247.83,250.22,15798.2
1754172000000,2025-08-03 00:00:00,250.22,251.64,247.53,249.3,14981.64
1754179200000,2025-08-03 02:00:00,249.3,252.66,246.42,252.12,17940.28
1754186400000,2025-08-03 04:00:00,252.12,254.49,252.07,253.8,6611.83
1754193600000,2025-08-03 06:00:00,253.8,254.63,253.06,253.55,7091.34
1754200800000,2025-08-03 08:00:00,253.55,255.82,252.85,255.77,7403.44
1754208000000,2025-08-03 10:00:00,255.77,257.65,255.71,256.48,16905.93
1754215200000,2025-08-03 12:00:00,256.48,259.52,256.36,257.2,13739.69
1754222400000,2025-08-03 14:00:00,257.2,258.16,256.0,257.28,8738.18
1754229600000,2025-08-03 16:00:00,257.28,257.8,255.78,257.44,7779.71
1754236800000,2025-08-03 18:00:00,257.44,258.9,256.55,258.46,6795.22
1754244000000,2025-08-03 20:00:00,258.46,259.5,257.63,258.48,6361.82
1754251200000,2025-08-03 22:00:00,258.48,259.82,257.81,259.6,5535.29
1754258400000,2025-08-04 00:00:00,259.6,260.82,258.18,259.84,7715.73
1754265600000,2025-08-04 02:00:00,259.84,264.17,259.36,262.17,28168.36
1754272800000,2025-08-04 04:00:00,262.17,264.54,261.19,263.49,13785.91
1754280000000,2025-08-04 06:00:00,263.49,264.47,260.39,261.42,10400.58
1754287200000,2025-08-04 08:00:00,261.42,262.54,260.19,261.58,7100.97
1754294400000,2025-08-04 10:00:00,261.58,262.47,260.58,261.0,12203.63
1754301600000,2025-08-04 12:00:00,261.0,263.16,260.61,262.08,7599.55
1754308800000,2025-08-04 14:00:00,262.08,265.5,261.48,265.3,27425.65
1754316000000,2025-08-04 16:00:00,265.3,267.84,262.67,265.2,46137.36
1754323200000,2025-08-04 18:00:00,265.2,270.88,265.09,267.95,27916.35
1754330400000,2025-08-04 20:00:00,267.95,268.47,265.18,265.89,16138.56
1754337600000,2025-08-04 22:00:00,265.89,270.0,265.45,268.64,14334.36
1754344800000,2025-08-05 00:00:00,268.64,269.74,267.11,267.67,12300.75
1754352000000,2025-08-05 02:00:00,267.67,268.19,264.74,264.91,13574.03
1754359200000,2025-08-05 04:00:00,264.91,265.63,261.41,261.52,17604.72
1754366400000,2025-08-05 06:00:00,261.52,262.27,260.02,261.45,11332.48
1754373600000,2025-08-05 08:00:00,261.45,262.42,256.62,257.18,22250.25
1754380800000,2025-08-05 10:00:00,257.18,261.12,256.08,260.76,16179.48
1754388000000,2025-08-05 12:00:00,260.76,263.66,260.02,262.95,11952.18
1754395200000,2025-08-05 14:00:00,262.95,263.27,258.23,260.26,18739.71
1754402400000,2025-08-05 16:00:00,260.26,260.42,252.36,253.75,43069.98
1754409600000,2025-08-05 18:00:00,253.75,255.24,252.53,254.88,10578.72
1754416800000,2025-08-05 20:00:00,254.88,254.95,251.88,252.54,13220.62
1754424000000,2025-08-05 22:00:00,252.54,254.06,252.46,252.54,7332.07
1754431200000,2025-08-06 00:00:00,252.54,255.92,250.28,255.24,16363.56
1754438400000,2025-08-06 02:00:00,255.24,255.45,251.66,253.12,9263.09
1754445600000,2025-08-06 04:00:00,253.12,253.44,251.16,251.97,6321.61
1754452800000,2025-08-06 06:00:00,251.97,258.77,251.1,257.31,21089.7
1754460000000,2025-08-06 08:00:00,257.31,259.17,255.84,258.4,14895.34
1754467200000,2025-08-06 10:00:00,258.4,258.67,255.51,256.64,9411.19
1754474400000,2025-08-06 12:00:00,256.64,257.17,254.94,255.58,9071.33
1754481600000,2025-08-06 14:00:00,255.58,256.31,253.09,255.4,17790.54
1754488800000,2025-08-06 16:00:00,255.4,263.05,255.06,262.87,26793.71
1754496000000,2025-08-06 18:00:00,262.87,263.91,259.48,262.68,18980.76
1754503200000,2025-08-06 20:00:00,262.68,264.44,262.4,263.12,10035.89
1754510400000,2025-08-06 22:00:00,263.12,263.88,261.59,262.56,10207.14
1754517600000,2025-08-07 00:00:00,262.56,263.44,262.02,263.34,4449.57
1754524800000,2025-08-07 02:00:00,263.34,265.95,262.74,262.86,12791.32
1754532000000,2025-08-07 04:00:00,262.86,263.98,262.27,263.02,6684.45
1754539200000,2025-08-07 06:00:00,263.02,264.87,262.25,264.75,6717.99
1754546400000,2025-08-07 08:00:00,264.75,266.34,264.7,265.78,12318.48
1754553600000,2025-08-07 10:00:00,265.78,267.76,265.72,267.18,19719.56
1754560800000,2025-08-07 12:00:00,267.18,273.47,266.82,272.76,50666.81
1754568000000,2025-08-07 14:00:00,272.76,275.67,272.03,274.42,29396.28
1754575200000,2025-08-07 16:00:00,274.42,274.85,271.29,273.07,26745.91
1754582400000,2025-08-07 18:00:00,273.07,274.56,269.34,274.35,29616.2
1754589600000,2025-08-07 20:00:00,274.35,280.32,273.47,280.26,24867.07
1754596800000,2025-08-07 22:00:00,280.26,285.62,278.94,283.48,46997.66
1754604000000,2025-08-08 00:00:00,283.48,286.29,282.6,284.9,21657.41
1754611200000,2025-08-08 02:00:00,284.9,287.77,279.35,282.06,131507.8
1754618400000,2025-08-08 04:00:00,282.06,285.1,280.86,282.74,19339.14
1754625600000,2025-08-08 06:00:00,282.74,282.96,279.21,279.95,19278.07
1754632800000,2025-08-08 08:00:00,279.95,284.6,279.72,283.33,19882.13
1754640000000,2025-08-08 10:00:00,283.33,285.42,281.1,281.91,13779.19
1754647200000,2025-08-08 12:00:00,281.91,283.41,280.73,283.16,7223.66
1754654400000,2025-08-08 14:00:00,283.16,287.4,281.13,286.84,26759.8
1754661600000,2025-08-08 16:00:00,286.84,288.45,280.79,283.8,34753.2
1754668800000,2025-08-08 18:00:00,283.8,291.38,283.51,290.5,44746.89
1754676000000,2025-08-08 20:00:00,290.5,294.5,290.11,294.43,47725.57
1754683200000,2025-08-08 22:00:00,294.43,294.93,290.25,292.14,18249.61
1754690400000,2025-08-09 00:00:00,292.14,292.92,290.39,290.77,9893.75
1754697600000,2025-08-09 02:00:00,290.77,292.13,289.89,290.64,9263.76
1754704800000,2025-08-09 04:00:00,290.64,293.55,290.02,292.96,16129.83
1754712000000,2025-08-09 06:00:00,292.96,303.33,292.4,302.34,61967.63
1754719200000,2025-08-09 08:00:00,302.34,302.46,297.82,299.42,26109.98
1754726400000,2025-08-09 10:00:00,299.42,302.57,298.99,302.14,19623.1
1754733600000,2025-08-09 12:00:00,302.14,304.58,301.67,302.4,25044.09
1754740800000,2025-08-09 14:00:00,302.4,304.11,298.7,299.05,29508.87
1754748000000,2025-08-09 16:00:00,299.05,304.38,296.92,302.57,29920.49
1754755200000,2025-08-09 18:00:00,302.57,306.85,302.52,305.66,28624.91
1754762400000,2025-08-09 20:00:00,305.66,308.68,303.72,306.52,36553.29
1754769600000,2025-08-09 22:00:00,306.52,309.48,305.17,308.33,27264.2
1754776800000,2025-08-10 00:00:00,308.33,311.37,305.34,307.62,43836.3
1754784000000,2025-08-10 02:00:00,307.62,311.37,305.71,307.61,30884.36
1754791200000,2025-08-10 04:00:00,307.61,307.94,303.54,304.86,28143.57
1754798400000,2025-08-10 06:00:00,304.86,307.41,303.83,304.76,21044.62
1754805600000,2025-08-10 08:00:00,304.76,307.86,299.75,300.12,51561.44
1754812800000,2025-08-10 10:00:00,300.12,306.16,297.92,305.31,25175.17
1754820000000,2025-08-10 12:00:00,305.31,305.39,301.53,301.97,22520.68
1754827200000,2025-08-10 14:00:00,301.97,303.54,299.77,300.18,12739.11
1754834400000,2025-08-10 16:00:00,300.18,309.29,299.52,307.6,39251.15
1754841600000,2025-08-10 18:00:00,307.6,307.88,303.72,303.75,23131.31
1754848800000,2025-08-10 20:00:00,303.75,306.46,303.61,305.56,12923.74
1754856000000,2025-08-10 22:00:00,305.56,305.67,302.43,305.35,16517.56
1754863200000,2025-08-11 00:00:00,305.35,308.9,304.09,306.11,14025.47
1754870400000,2025-08-11 02:00:00,306.11,310.96,305.41,308.84,33616.37
1754877600000,2025-08-11 04:00:00,308.84,311.04,308.35,310.18,22220.38
1754884800000,2025-08-11 06:00:00,310.18,312.75,307.67,308.42,32347.37
1754892000000,2025-08-11 08:00:00,308.42,309.01,304.65,305.11,21011.68
1754899200000,2025-08-11 10:00:00,305.11,307.97,303.91,305.87,14397.88
1754906400000,2025-08-11 12:00:00,305.87,305.94,296.06,296.87,53755.19
1754913600000,2025-08-11 14:00:00,296.87,302.05,294.58,300.04,52031.97
1754920800000,2025-08-11 16:00:00,300.04,302.13,295.07,298.46,36625.77
1754928000000,2025-08-11 18:00:00,298.46,302.4,296.41,297.18,31004.94
1754935200000,2025-08-11 20:00:00,297.18,300.52,295.0,296.94,33190.46
1754942400000,2025-08-11 22:00:00,296.94,297.94,291.62,293.88,26644.28
1754949600000,2025-08-12 00:00:00,293.88,294.66,290.91,293.01,15623.14
1754956800000,2025-08-12 02:00:00,293.01,298.49,292.64,298.01,14450.78
1754964000000,2025-08-12 04:00:00,298.01,303.81,297.25,297.43,21146.8
1754971200000,2025-08-12 06:00:00,297.43,299.76,296.37,297.69,13471.05
1754978400000,2025-08-12 08:00:00,297.69,298.29,295.36,297.63,14117.39
1754985600000,2025-08-12 10:00:00,297.63,299.94,294.3,294.51,20447.67
1754992800000,2025-08-12 12:00:00,294.51,296.35,292.24,296.1,15054.56
1755000000000,2025-08-12 14:00:00,296.1,306.26,294.82,302.78,84882.07
1755007200000,2025-08-12 16:00:00,302.78,313.41,302.07,313.13,59682.2
1755014400000,2025-08-12 18:00:00,313.13,318.62,311.51,317.6,81288.64
1755021600000,2025-08-12 20:00:00,317.6,320.12,312.3,314.02,50012.76
1755028800000,2025-08-12 22:00:00,314.02,319.41,313.04,316.07,42914.53
1755036000000,2025-08-13 00:00:00,316.07,324.13,315.11,322.18,34882.09
1755043200000,2025-08-13 02:00:00,322.18,323.37,317.05,318.27,29360.81
1755050400000,2025-08-13 04:00:00,318.27,325.63,316.8,325.13,38195.05
1755057600000,2025-08-13 06:00:00,325.13,327.62,318.68,319.46,37088.35
1755064800000,2025-08-13 08:00:00,319.46,323.56,319.12,323.03,21633.81
1755072000000,2025-08-13 10:00:00,323.03,326.28,320.92,325.71,28106.11
1755079200000,2025-08-13 12:00:00,325.71,329.91,324.13,328.86,38464.9
1755086400000,2025-08-13 14:00:00,328.86,335.11,325.33,326.9,86169.5
1755093600000,2025-08-13 16:00:00,326.9,327.37,320.02,323.27,57506.09
1755100800000,2025-08-13 18:00:00,323.27,330.04,322.91,327.44,50435.23
1755108000000,2025-08-13 20:00:00,327.44,328.18,323.82,326.1,40237.34
1755115200000,2025-08-13 22:00:00,326.1,329.48,324.64,327.67,17066.04
1755122400000,2025-08-14 00:00:00,327.67,335.69,326.74,332.22,35807.43
1755129600000,2025-08-14 02:00:00,332.22,333.56,328.06,330.44,32478.53
1755136800000,2025-08-14 04:00:00,330.44,340.48,329.83,339.71,45331.68
1755144000000,2025-08-14 06:00:00,339.71,340.49,334.62,336.81,96190.5
1755151200000,2025-08-14 08:00:00,336.81,337.76,329.16,331.08,42329.44
1755158400000,2025-08-14 10:00:00,331.08,331.42,324.72,327.14,61108.27
1755165600000,2025-08-14 12:00:00,327.14,328.29,323.24,324.44,40115.44
1755172800000,2025-08-14 14:00:00,324.44,325.43,305.55,316.82,223416.46
1755180000000,2025-08-14 16:00:00,316.82,321.94,313.89,315.46,67261.8
1755187200000,2025-08-14 18:00:00,315.46,315.76,308.23,310.67,83752.41
1755194400000,2025-08-14 20:00:00,310.67,312.66,306.8,310.2,28143.11
1755201600000,2025-08-14 22:00:00,310.2,310.54,303.5,306.03,32787.81
1755208800000,2025-08-15 00:00:00,306.03,315.02,304.58,312.4,37084.32
1755216000000,2025-08-15 02:00:00,312.4,313.64,310.33,312.88,21798.81
1755223200000,2025-08-15 04:00:00,312.88,316.87,312.22,316.26,18801.01
1755230400000,2025-08-15 06:00:00,316.26,317.62,310.9,312.14,13568.39
1755237600000,2025-08-15 08:00:00,312.14,314.89,309.58,310.86,24126.59
1755244800000,2025-08-15 10:00:00,310.86,313.04,310.19,311.64,22584.05
1755252000000,2025-08-15 12:00:00,311.64,313.91,308.84,310.25,34799.81
1755259200000,2025-08-15 14:00:00,310.25,313.32,306.32,306.68,47108.84
1755266400000,2025-08-15 16:00:00,306.68,308.8,294.33,295.19,101168.78
1755273600000,2025-08-15 18:00:00,295.19,299.37,293.58,296.87,56969.76
1755280800000,2025-08-15 20:00:00,296.87,298.12,294.67,295.61,26624.64
1755288000000,2025-08-15 22:00:00,295.61,298.57,294.57,298.23,20232.87
1755295200000,2025-08-16 00:00:00,298.23,302.67,296.82,299.79,24799.76
1755302400000,2025-08-16 02:00:00,299.79,303.48,299.0,301.79,13918.86
1755309600000,2025-08-16 04:00:00,301.79,302.2,299.87,300.36,7523.75
1755316800000,2025-08-16 06:00:00,300.36,301.52,298.6,298.95,9651.81
1755324000000,2025-08-16 08:00:00,298.95,300.26,297.7,298.84,9260.87
1755331200000,2025-08-16 10:00:00,298.84,299.43,291.89,291.97,42132.8
1755338400000,2025-08-16 12:00:00,291.97,293.34,291.21,291.34,22651.04
1755345600000,2025-08-16 14:00:00,291.34,294.14,290.07,290.43,33748.15
1755352800000,2025-08-16 16:00:00,290.43,294.18,290.09,293.34,26406.53
1755360000000,2025-08-16 18:00:00,293.34,295.64,292.54,293.5,16468.03
1755367200000,2025-08-16 20:00:00,293.5,296.55,292.92,294.98,10812.19
1755374400000,2025-08-16 22:00:00,294.98,296.91,294.34,295.0,12077.96
1755381600000,2025-08-17 00:00:00,295.0,296.02,294.1,295.48,6519.9
1755388800000,2025-08-17 02:00:00,295.48,296.9,293.86,295.3,8379.28
1755396000000,2025-08-17 04:00:00,295.3,298.07,294.05,297.51,11017.23
1755403200000,2025-08-17 06:00:00,297.51,301.9,297.38,299.15,31966.48
1755410400000,2025-08-17 08:00:00,299.15,301.8,299.15,301.19,14731.33
1755417600000,2025-08-17 10:00:00,301.19,307.38,300.83,305.67,34440.87
1755424800000,2025-08-17 12:00:00,305.67,309.1,305.24,308.98,26061.61
1755432000000,2025-08-17 14:00:00,308.98,309.16,302.94,303.82,45589.3
1755439200000,2025-08-17 16:00:00,303.82,310.37,303.13,310.19,30175.26
1755446400000,2025-08-17 18:00:00,310.19,310.64,304.64,305.26,47431.48
1755453600000,2025-08-17 20:00:00,305.26,305.42,299.6,301.37,40594.39
1755460800000,2025-08-17 22:00:00,301.37,302.65,300.52,301.04,14078.8
1755468000000,2025-08-18 00:00:00,301.04,305.65,300.78,303.05,21733.53
1755475200000,2025-08-18 02:00:00,303.05,304.27,297.43,297.95,36590.8
1755482400000,2025-08-18 04:00:00,297.95,298.4,289.03,289.94,64065.35
1755489600000,2025-08-18 06:00:00,289.94,292.84,287.94,290.4,37579.54
1755496800000,2025-08-18 08:00:00,290.4,290.54,284.9,286.26,36067.95
1755504000000,2025-08-18 10:00:00,286.26,289.66,284.03,288.26,28154.37
1755511200000,2025-08-18 12:00:00,288.26,289.57,284.83,286.22,37283.87
1755518400000,2025-08-18 14:00:00,286.22,293.41,285.35,287.34,54544.75
1755525600000,2025-08-18 16:00:00,287.34,290.2,286.0,290.15,35492.58
1755532800000,2025-08-18 18:00:00,290.15,294.73,286.72,291.31,26566.29
1755540000000,2025-08-18 20:00:00,291.31,294.2,289.75,291.26,17135.01
1755547200000,2025-08-18 22:00:00,291.26,293.27,288.66,292.28,25086.55
1755554400000,2025-08-19 00:00:00,292.28,295.11,288.22,288.41,27539.41
1755561600000,2025-08-19 02:00:00,288.41,292.6,285.04,286.84,28642.38
1755568800000,2025-08-19 04:00:00,286.84,286.9,280.9,281.53,36078.23
1755576000000,2025-08-19 06:00:00,281.53,284.73,279.64,281.96,31761.61
1755583200000,2025-08-19 08:00:00,281.96,283.97,281.41,283.47,22995.55
1755590400000,2025-08-19 10:00:00,283.47,288.66,281.96,286.47,31428.75
1755597600000,2025-08-19 12:00:00,286.47,289.3,286.22,288.08,18922.58
1755604800000,2025-08-19 14:00:00,288.08,288.1,282.85,285.7,33909.43
1755612000000,2025-08-19 16:00:00,285.7,286.63,278.03,280.45,67287.14
1755619200000,2025-08-19 18:00:00,280.45,281.85,276.69,279.56,33667.82
1755626400000,2025-08-19 20:00:00,279.56,280.27,275.56,277.98,21861.13
1755633600000,2025-08-19 22:00:00,277.98,281.34,277.29,280.64,10643.81
1755640800000,2025-08-20 00:00:00,280.64,281.44,276.39,277.23,21729.7
1755648000000,2025-08-20 02:00:00,277.23,281.25,276.64,280.28,20795.01
1755655200000,2025-08-20 04:00:00,280.28,284.99,279.72,283.24,22128.58
1755662400000,2025-08-20 06:00:00,283.24,285.53,283.24,285.24,18344.41
1755669600000,2025-08-20 08:00:00,285.24,288.69,284.79,287.53,27699.82
1755676800000,2025-08-20 10:00:00,287.53,292.15,287.26,289.05,35834.01
1755684000000,2025-08-20 12:00:00,289.05,291.78,285.88,289.01,25761.15
1755691200000,2025-08-20 14:00:00,289.01,291.74,283.27,284.19,40405.4
1755698400000,2025-08-20 16:00:00,284.19,294.55,282.69,289.7,75734.74
1755705600000,2025-08-20 18:00:00,289.7,295.98,289.61,294.95,58887.6
1755712800000,2025-08-20 20:00:00,294.95,297.77,290.13,297.22,45661.49
1755720000000,2025-08-20 22:00:00,297.22,299.27,296.44,297.06,30096.22
1755727200000,2025-08-21 00:00:00,297.06,299.45,296.49,299.2,16198.29
1755734400000,2025-08-21 02:00:00,299.2,300.77,296.93,300.61,24902.01
1755741600000,2025-08-21 04:00:00,300.61,303.61,297.37,298.79,38528.55
1755748800000,2025-08-21 06:00:00,298.79,302.52,296.84,302.32,23480.88
1755756000000,2025-08-21 08:00:00,302.32,302.42,298.96,301.75,30360.53
1755763200000,2025-08-21 10:00:00,301.75,303.16,298.55,299.5,29771.55
1755770400000,2025-08-21 12:00:00,299.5,301.84,299.0,299.88,23622.85
1755777600000,2025-08-21 14:00:00,299.88,301.57,296.79,298.28,43751.51
1755784800000,2025-08-21 16:00:00,298.28,305.29,296.62,297.1,69323.32
1755792000000,2025-08-21 18:00:00,297.1,299.69,293.53,297.39,54555.71
1755799200000,2025-08-21 20:00:00,297.39,303.58,295.72,297.74,39581.02
1755806400000,2025-08-21 22:00:00,297.74,302.4,297.72,300.94,28739.37
1755813600000,2025-08-22 00:00:00,300.94,302.85,298.37,299.93,17404.65
1755820800000,2025-08-22 02:00:00,299.93,302.92,298.18,302.47,21819.8
1755828000000,2025-08-22 04:00:00,302.47,308.06,299.65,300.65,50079.63
1755835200000,2025-08-22 06:00:00,300.65,304.86,300.27,300.93,23971.9
1755842400000,2025-08-22 08:00:00,300.93,305.46,300.18,303.49,28996.04
1755849600000,2025-08-22 10:00:00,303.49,308.35,301.7,302.87,42682.49
1755856800000,2025-08-22 12:00:00,302.87,303.31,297.36,297.48,24590.21
1755864000000,2025-08-22 14:00:00,297.48,304.86,293.91,302.26,78931.05
1755871200000,2025-08-22 16:00:00,302.26,324.46,302.2,319.57,269497.52
1755878400000,2025-08-22 18:00:00,319.57,329.01,319.57,327.8,100367.36
1755885600000,2025-08-22 20:00:00,327.8,339.27,326.93,337.7,82743.9
1755892800000,2025-08-22 22:00:00,337.7,346.5,335.21,343.45,75596.52
1755900000000,2025-08-23 00:00:00,343.45,347.21,342.3,345.7,50199.46
1755907200000,2025-08-23 02:00:00,345.7,353.47,344.3,352.58,100742.48
1755914400000,2025-08-23 04:00:00,352.58,355.16,345.77,346.79,85623.96
1755921600000,2025-08-23 06:00:00,346.79,353.77,346.67,353.52,31753.61
1755928800000,2025-08-23 08:00:00,353.52,355.94,342.82,343.03,52721.2
1755936000000,2025-08-23 10:00:00,343.03,349.86,339.85,349.32,69389.5
1755943200000,2025-08-23 12:00:00,349.32,357.27,347.34,352.95,75022.58
1755950400000,2025-08-23 14:00:00,352.95,372.06,351.67,367.14,211967.78
1755957600000,2025-08-23 16:00:00,367.14,386.06,355.0,361.75,430170.33
1755964800000,2025-08-23 18:00:00,361.75,366.28,351.98,356.38,234883.13
1755972000000,2025-08-23 20:00:00,356.38,357.49,351.47,355.2,72212.21
1755979200000,2025-08-23 22:00:00,355.2,358.18,352.82,355.18,55525.74
1755986400000,2025-08-24 00:00:00,355.18,359.85,355.18,357.73,41463.35
1755993600000,2025-08-24 02:00:00,357.73,358.6,353.18,353.47,33912.99
1756000800000,2025-08-24 04:00:00,353.47,354.7,348.9,351.15,42700.83
1756008000000,2025-08-24 06:00:00,351.15,352.97,349.3,351.8,21801.43
1756015200000,2025-08-24 08:00:00,351.8,352.22,347.57,347.61,27511.22
1756022400000,2025-08-24 10:00:00,347.61,355.72,347.21,349.65,48265.42
1756029600000,2025-08-24 12:00:00,349.65,350.2,344.5,346.52,42524.35
1756036800000,2025-08-24 14:00:00,346.52,349.17,345.85,348.54,24411.98
1756044000000,2025-08-24 16:00:00,348.54,355.6,347.89,351.67,57850.42
1756051200000,2025-08-24 18:00:00,351.67,355.37,349.66,354.38,56577.33
1756058400000,2025-08-24 20:00:00,354.38,362.06,344.56,353.77,179984.86
1756065600000,2025-08-24 22:00:00,353.77,354.02,345.35,349.28,86853.09
1756072800000,2025-08-25 00:00:00,349.28,349.77,343.41,348.7,28767.98
1756080000000,2025-08-25 02:00:00,348.7,350.59,342.44,348.57,34915.8
1756087200000,2025-08-25 04:00:00,348.57,349.98,344.18,344.68,22826.98
1756094400000,2025-08-25 06:00:00,344.68,345.11,340.84,340.87,25552.23
1756101600000,2025-08-25 08:00:00,340.87,341.76,329.36,329.8,61210.59
1756108800000,2025-08-25 10:00:00,329.8,332.28,327.42,329.49,41237.2
1756116000000,2025-08-25 12:00:00,329.49,331.05,325.71,328.22,37989.51
1756123200000,2025-08-25 14:00:00,328.22,329.0,323.79,325.18,32902.21
1756130400000,2025-08-25 16:00:00,325.18,329.48,324.56,325.66,31994.05
1756137600000,2025-08-25 18:00:00,325.66,327.3,322.44,323.14,26129.88
1756144800000,2025-08-25 20:00:00,323.14,324.0,316.13,316.2,55521.32
1756152000000,2025-08-25 22:00:00,316.2,317.94,310.26,310.82,80085.45
1756159200000,2025-08-26 00:00:00,310.82,318.8,310.06,318.28,29040.68
1756166400000,2025-08-26 02:00:00,318.28,319.74,314.07,318.8,35935.97
1756173600000,2025-08-26 04:00:00,318.8,328.59,318.22,326.03,75992.32
1756180800000,2025-08-26 06:00:00,326.03,333.09,325.42,331.6,38730.7
1756188000000,2025-08-26 08:00:00,331.6,332.9,327.66,328.28,39978.37
1756195200000,2025-08-26 10:00:00,328.28,331.01,326.58,329.22,21499.41
1756202400000,2025-08-26 12:00:00,329.22,333.82,328.77,330.28,34166.81
1756209600000,2025-08-26 14:00:00,330.28,338.94,327.96,332.99,97255.4
1756216800000,2025-08-26 16:00:00,332.99,335.16,326.87,327.44,47249.33
1756224000000,2025-08-26 18:00:00,327.44,332.31,326.84,328.52,28506.33
1756231200000,2025-08-26 20:00:00,328.52,334.49,328.34,333.84,30534.64
1756238400000,2025-08-26 22:00:00,333.84,338.39,332.37,337.14,39700.04
1756245600000,2025-08-27 00:00:00,337.14,337.67,333.42,335.58,34358.0
1756252800000,2025-08-27 02:00:00,335.58,336.24,328.98,331.73,28061.33
1756260000000,2025-08-27 04:00:00,331.73,335.72,329.51,332.79,28799.61
1756267200000,2025-08-27 06:00:00,332.79,335.5,329.89,331.98,25707.11
1756274400000,2025-08-27 08:00:00,331.98,332.35,328.35,329.84,13034.57
1756281600000,2025-08-27 10:00:00,329.84,331.78,326.97,328.06,25522.4
1756288800000,2025-08-27 12:00:00,328.06,331.54,327.02,331.04,14604.75
1756296000000,2025-08-27 14:00:00,331.04,331.76,323.56,325.64,41985.55
1756303200000,2025-08-27 16:00:00,325.64,329.36,323.82,326.32,45553.25
1756310400000,2025-08-27 18:00:00,326.32,328.25,321.39,326.95,40203.38
1756317600000,2025-08-27 20:00:00,326.95,327.64,321.84,324.86,24025.61
1756324800000,2025-08-27 22:00:00,324.86,326.45,319.74,322.68,74639.23
1756332000000,2025-08-28 00:00:00,322.68,323.38,319.34,320.39,21521.07
1756339200000,2025-08-28 02:00:00,320.39,323.93,318.6,321.69,18668.92
1756346400000,2025-08-28 04:00:00,321.69,326.44,320.18,325.62,14019.5
1756353600000,2025-08-28 06:00:00,325.62,327.65,324.72,327.1,22480.6
1756360800000,2025-08-28 08:00:00,327.1,327.56,323.66,325.95,28954.4
1756368000000,2025-08-28 10:00:00,325.95,328.84,319.06,319.24,39006.74
1756375200000,2025-08-28 12:00:00,319.24,321.92,317.81,320.52,36949.99
1756382400000,2025-08-28 14:00:00,320.52,321.24,314.73,315.98,62058.96
1756389600000,2025-08-28 16:00:00,315.98,318.84,313.21,316.08,75231.32
1756396800000,2025-08-28 18:00:00,316.08,318.76,314.03,317.11,25618.58
1756404000000,2025-08-28 20:00:00,317.11,317.29,312.49,313.07,19520.02
1756411200000,2025-08-28 22:00:00,313.07,316.39,312.87,316.08,11760.01
1756418400000,2025-08-29 00:00:00,316.08,318.84,316.06,317.34,14201.83
1756425600000,2025-08-29 02:00:00,317.34,318.39,314.65,315.06,15577.86
1756432800000,2025-08-29 04:00:00,315.06,317.21,314.52,315.68,11849.05
1756440000000,2025-08-29 06:00:00,315.68,316.22,313.12,315.57,16276.64
1756447200000,2025-08-29 08:00:00,315.57,315.68,305.92,306.57,81495.05
1756454400000,2025-08-29 10:00:00,306.57,308.2,303.88,307.99,45086.37
1756461600000,2025-08-29 12:00:00,307.99,310.55,306.9,309.99,19429.64
1756468800000,2025-08-29 14:00:00,309.99,317.36,306.81,309.5,75050.11
1756476000000,2025-08-29 16:00:00,309.5,313.04,305.2,311.74,63051.53
1756483200000,2025-08-29 18:00:00,311.74,314.08,309.65,310.08,22248.36
1756490400000,2025-08-29 20:00:00,310.08,313.68,309.26,311.77,17227.36
1756497600000,2025-08-29 22:00:00,311.77,319.42,311.34,318.13,27995.68
1756504800000,2025-08-30 00:00:00,318.13,321.36,314.97,318.96,34599.95
1756512000000,2025-08-30 02:00:00,318.96,319.05,309.71,310.56,41516.45
1756519200000,2025-08-30 04:00:00,310.56,314.92,310.15,313.28,30723.13
1756526400000,2025-08-30 06:00:00,313.28,318.18,312.81,316.87,16387.34
1756533600000,2025-08-30 08:00:00,316.87,319.24,315.23,316.78,20599.83
1756540800000,2025-08-30 10:00:00,316.78,317.36,314.84,315.18,10320.46
1756548000000,2025-08-30 12:00:00,315.18,317.75,314.15,317.44,25859.23
1756555200000,2025-08-30 14:00:00,317.44,317.57,312.61,313.94,19152.0
1756562400000,2025-08-30 16:00:00,313.94,316.56,312.7,314.45,11761.11
1756569600000,2025-08-30 18:00:00,314.45,317.06,313.92,316.98,13613.13
1756576800000,2025-08-30 20:00:00,316.98,317.25,315.2,315.72,9684.86
1756584000000,2025-08-30 22:00:00,315.72,317.07,315.2,315.65,5512.99
1756591200000,2025-08-31 00:00:00,315.65,319.58,315.02,319.2,12539.27
1756598400000,2025-08-31 02:00:00,319.2,322.04,317.9,321.44,20609.77
1756605600000,2025-08-31 04:00:00,321.44,324.28,320.12,322.89,24566.41
1756612800000,2025-08-31 06:00:00,322.89,324.94,321.16,321.38,21662.77
1756620000000,2025-08-31 08:00:00,321.38,321.82,319.12,320.74,13483.13
1756627200000,2025-08-31 10:00:00,320.74,322.62,320.31,320.84,9753.72
1756634400000,2025-08-31 12:00:00,320.84,324.66,319.55,324.61,15698.96
1756641600000,2025-08-31 14:00:00,324.61,324.83,320.84,321.0,17381.67
1756648800000,2025-08-31 16:00:00,321.0,321.3,317.28,319.95,28651.46
1756656000000,2025-08-31 18:00:00,319.95,320.74,317.36,320.43,13356.51
1756663200000,2025-08-31 20:00:00,320.43,322.62,319.84,321.22,13129.47
1756670400000,2025-08-31 22:00:00,321.22,322.5,319.0,320.2,9380.56
1756677600000,2025-09-01 00:00:00,320.2,320.38,314.79,315.46,25469.73
1756684800000,2025-09-01 02:00:00,315.46,316.33,311.48,314.69,29094.46
1756692000000,2025-09-01 04:00:00,314.69,314.89,309.86,311.59,27835.93
1756699200000,2025-09-01 06:00:00,311.59,313.09,308.44,310.08,20713.73
1756706400000,2025-09-01 08:00:00,310.08,316.35,308.63,316.32,20597.81
1756713600000,2025-09-01 10:00:00,316.32,319.54,314.29,314.4,36465.39
1756720800000,2025-09-01 12:00:00,314.4,315.19,307.73,308.15,31464.35
1756728000000,2025-09-01 14:00:00,308.15,310.75,307.22,308.54,20046.5
1756735200000,2025-09-01 16:00:00,308.54,310.69,306.09,306.72,16028.94
1756742400000,2025-09-01 18:00:00,306.72,308.16,303.3,303.86,26154.0
1756749600000,2025-09-01 20:00:00,303.86,308.25,303.84,307.78,13513.91
1756756800000,2025-09-01 22:00:00,307.78,307.91,298.74,301.27,49563.08
1756764000000,2025-09-02 00:00:00,301.27,304.68,300.04,304.61,16267.12
1756771200000,2025-09-02 02:00:00,304.61,308.3,303.63,307.44,21824.84
1756778400000,2025-09-02 04:00:00,307.44,311.0,306.86,310.71,22234.92
1756785600000,2025-09-02 06:00:00,310.71,314.24,310.4,314.04,17058.1
1756792800000,2025-09-02 08:00:00,314.04,317.13,310.46,310.88,30308.12
1756800000000,2025-09-02 10:00:00,310.88,313.41,309.54,313.41,25086.91
1756807200000,2025-09-02 12:00:00,313.41,313.73,310.85,311.3,12140.17
1756814400000,2025-09-02 14:00:00,311.3,314.26,304.74,313.62,59387.15
1756821600000,2025-09-02 16:00:00,313.62,315.14,308.0,308.81,48125.92
1756828800000,2025-09-02 18:00:00,308.81,314.01,307.06,312.5,23814.17
1756836000000,2025-09-02 20:00:00,312.5,313.83,309.86,312.59,28433.41
1756843200000,2025-09-02 22:00:00,312.59,317.66,312.04,317.42,32349.13
1756850400000,2025-09-03 00:00:00,317.42,318.19,314.79,315.52,17567.36
1756857600000,2025-09-03 02:00:00,315.52,316.56,312.61,316.46,10416.74
1756864800000,2025-09-03 04:00:00,316.46,317.69,315.18,316.59,9964.03
1756872000000,2025-09-03 06:00:00,316.59,317.68,315.39,315.9,15338.53
1756879200000,2025-09-03 08:00:00,315.9,316.33,313.71,315.42,18607.45
1756886400000,2025-09-03 10:00:00,315.42,320.31,315.16,320.3,22007.38
1756893600000,2025-09-03 12:00:00,320.3,323.1,318.96,321.24,29704.58
1756900800000,2025-09-03 14:00:00,321.24,327.95,319.4,324.88,35772.94
1756908000000,2025-09-03 16:00:00,324.88,328.6,324.24,325.36,26265.26
1756915200000,2025-09-03 18:00:00,325.36,328.0,324.01,325.67,21138.72
1756922400000,2025-09-03 20:00:00,325.67,328.76,324.7,327.58,14687.73
1756929600000,2025-09-03 22:00:00,327.58,328.4,326.19,326.54,13000.75
1756936800000,2025-09-04 00:00:00,326.54,328.77,326.43,327.78,10015.41
1756944000000,2025-09-04 02:00:00,327.78,331.74,324.39,326.83,31012.13
1756951200000,2025-09-04 04:00:00,326.83,327.09,323.38,324.31,13932.53
1756958400000,2025-09-04 06:00:00,324.31,324.67,319.96,321.26,17554.72
1756965600000,2025-09-04 08:00:00,321.26,321.42,317.49,317.64,15958.72
1756972800000,2025-09-04 10:00:00,317.64,321.92,317.48,321.91,22484.03
1756980000000,2025-09-04 12:00:00,321.91,324.68,321.63,322.1,32118.55
1756987200000,2025-09-04 14:00:00,322.1,324.87,319.7,320.44,33703.34
1756994400000,2025-09-04 16:00:00,320.44,320.86,308.21,308.53,97545.32
1757001600000,2025-09-04 18:00:00,308.53,310.27,307.15,308.8,46804.61
1757008800000,2025-09-04 20:00:00,308.8,310.0,305.6,306.82,19602.54
1757016000000,2025-09-04 22:00:00,306.82,309.97,306.31,309.79,14302.61
1757023200000,2025-09-05 00:00:00,309.79,310.87,305.99,306.34,19731.37
1757030400000,2025-09-05 02:00:00,306.34,308.03,305.44,307.34,12556.03
1757037600000,2025-09-05 04:00:00,307.34,308.79,305.64,308.62,14359.22
1757044800000,2025-09-05 06:00:00,308.62,308.87,306.95,308.56,8080.87
1757052000000,2025-09-05 08:00:00,308.56,312.09,307.16,311.12,27542.61
1757059200000,2025-09-05 10:00:00,311.12,311.18,307.72,310.2,23909.9
1757066400000,2025-09-05 12:00:00,310.2,310.6,309.63,310.22,20281.5
1757073600000,2025-09-05 14:00:00,310.22,313.46,307.61,310.98,82855.68
1757080800000,2025-09-05 16:00:00,310.98,311.0,298.06,301.5,124981.12
1757088000000,2025-09-05 18:00:00,301.5,303.6,300.82,302.88,28076.99
1757095200000,2025-09-05 20:00:00,302.88,305.14,301.74,305.1,14658.28
1757102400000,2025-09-05 22:00:00,305.1,306.94,302.27,302.42,22995.18
1757109600000,2025-09-06 00:00:00,302.42,303.91,301.75,302.1,10194.36
1757116800000,2025-09-06 02:00:00,302.1,304.45,301.48,302.48,15203.38
1757124000000,2025-09-06 04:00:00,302.48,302.93,301.34,302.07,7107.22
1757131200000,2025-09-06 06:00:00,302.07,302.12,299.7,301.68,19272.1
1757138400000,2025-09-06 08:00:00,301.68,302.61,300.96,301.94,7628.8
1757145600000,2025-09-06 10:00:00,301.94,302.1,299.79,299.79,7406.47
1757152800000,2025-09-06 12:00:00,299.79,300.66,298.64,298.97,12478.03
1757160000000,2025-09-06 14:00:00,298.97,300.49,298.77,300.42,9636.79
1757167200000,2025-09-06 16:00:00,300.42,301.25,298.32,298.67,14435.98
1757174400000,2025-09-06 18:00:00,298.67,301.28,298.38,299.65,15342.87
1757181600000,2025-09-06 20:00:00,299.65,300.33,297.23,297.46,11731.39
1757188800000,2025-09-06 22:00:00,297.46,298.95,297.46,298.9,7715.95
1757196000000,2025-09-07 00:00:00,298.9,299.48,297.5,298.14,7293.94
1757203200000,2025-09-07 02:00:00,298.14,301.05,297.96,300.8,8872.74
1757210400000,2025-09-07 04:00:00,300.8,301.66,299.78,301.16,8144.3
1757217600000,2025-09-07 06:00:00,301.16,302.5,301.16,302.08,6509.79
1757224800000,2025-09-07 08:00:00,302.08,302.37,300.81,301.35,9116.19
1757232000000,2025-09-07 10:00:00,301.35,303.28,299.78,300.33,11331.26
1757239200000,2025-09-07 12:00:00,300.33,302.35,300.24,302.33,8502.99
1757246400000,2025-09-07 14:00:00,302.33,302.42,299.3,300.06,15584.87
1757253600000,2025-09-07 16:00:00,300.06,300.86,298.53,299.6,19434.49
1757260800000,2025-09-07 18:00:00,299.6,300.15,298.04,298.94,14822.11
1757268000000,2025-09-07 20:00:00,298.94,300.62,297.81,300.27,19249.61
1757275200000,2025-09-07 22:00:00,300.27,301.85,299.33,300.8,11793.38
1757282400000,2025-09-08 00:00:00,300.8,304.05,300.69,301.4,20943.73
1757289600000,2025-09-08 02:00:00,301.4,302.36,299.59,300.06,13412.81
1757296800000,2025-09-08 04:00:00,300.06,303.71,299.34,302.3,16959.88
1757304000000,2025-09-08 06:00:00,302.3,302.72,298.3,300.0,14514.15
1757311200000,2025-09-08 08:00:00,300.0,301.02,298.65,299.5,9796.0
1757318400000,2025-09-08 10:00:00,299.5,303.13,299.44,301.61,23578.73
1757325600000,2025-09-08 12:00:00,301.61,304.28,299.58,301.05,36036.89
1757332800000,2025-09-08 14:00:00,301.05,306.5,300.73,304.23,50730.42
1757340000000,2025-09-08 16:00:00,304.23,307.78,303.68,306.09,32106.19
1757347200000,2025-09-08 18:00:00,306.09,307.9,304.1,304.4,23321.42
1757354400000,2025-09-08 20:00:00,304.4,305.26,300.62,300.76,23174.54
1757361600000,2025-09-08 22:00:00,300.76,303.34,300.0,303.33,15599.02
1757368800000,2025-09-09 00:00:00,303.33,305.2,302.12,302.79,14927.52
1757376000000,2025-09-09 02:00:00,302.79,304.76,300.66,300.78,22512.25
1757383200000,2025-09-09 04:00:00,300.78,301.06,298.4,300.39,23235.88
1757390400000,2025-09-09 06:00:00,300.39,301.65,299.4,301.47,11826.17
1757397600000,2025-09-09 08:00:00,301.47,309.91,301.0,308.55,43803.67
1757404800000,2025-09-09 10:00:00,308.55,309.57,306.49,309.28,24038.12
1757412000000,2025-09-09 12:00:00,309.28,309.91,305.23,305.28,28005.33
1757419200000,2025-09-09 14:00:00,305.28,308.11,301.68,304.09,36067.06
1757426400000,2025-09-09 16:00:00,304.09,304.99,294.64,296.24,100580.44
1757433600000,2025-09-09 18:00:00,296.24,298.57,295.56,297.33,18093.14
1757440800000,2025-09-09 20:00:00,297.33,299.55,296.59,298.84,13461.17
1757448000000,2025-09-09 22:00:00,298.84,299.13,297.16,298.03,13110.0
1757455200000,2025-09-10 00:00:00,298.03,298.98,297.33,297.8,7539.8
1757462400000,2025-09-10 02:00:00,297.8,298.57,295.68,298.22,16264.9
1757469600000,2025-09-10 04:00:00,298.22,300.44,297.08,298.45,17514.53
1757476800000,2025-09-10 06:00:00,298.45,298.55,295.85,296.72,16288.7
1757484000000,2025-09-10 08:00:00,296.72,298.95,295.72,298.35,14793.08
1757491200000,2025-09-10 10:00:00,298.35,299.34,297.22,298.55,17736.32
1757498400000,2025-09-10 12:00:00,298.55,299.25,297.37,297.98,14938.82
1757505600000,2025-09-10 14:00:00,297.98,304.32,297.56,304.3,84636.78
1757512800000,2025-09-10 16:00:00,304.3,306.52,302.63,303.52,64222.18
1757520000000,2025-09-10 18:00:00,303.52,304.76,301.69,303.78,42363.42
1757527200000,2025-09-10 20:00:00,303.78,304.1,297.48,298.35,29547.97
1757534400000,2025-09-10 22:00:00,298.35,299.67,297.63,299.54,14646.9
1757541600000,2025-09-11 00:00:00,299.54,300.97,299.22,300.03,17072.82
1757548800000,2025-09-11 02:00:00,300.03,302.4,299.34,302.31,10935.08
1757556000000,2025-09-11 04:00:00,302.31,305.28,301.06,304.6,16918.65
1757563200000,2025-09-11 06:00:00,304.6,306.76,303.81,306.33,24473.23
1757570400000,2025-09-11 08:00:00,306.33,308.9,304.57,305.94,61413.42
1757577600000,2025-09-11 10:00:00,305.94,306.35,303.15,304.08,17049.86
1757584800000,2025-09-11 12:00:00,304.08,305.77,303.52,304.07,15785.31
1757592000000,2025-09-11 14:00:00,304.07,307.81,300.1,304.03,78959.12
1757599200000,2025-09-11 16:00:00,304.03,304.77,301.26,302.36,30661.08
1757606400000,2025-09-11 18:00:00,302.36,304.51,302.14,303.85,12939.72
1757613600000,2025-09-11 20:00:00,303.85,306.38,302.69,305.96,11020.1
1757620800000,2025-09-11 22:00:00,305.96,308.15,305.28,307.32,22640.01
1757628000000,2025-09-12 00:00:00,307.32,310.62,307.26,309.43,23035.84
1757635200000,2025-09-12 02:00:00,309.43,313.18,307.93,309.27,23768.77
1757642400000,2025-09-12 04:00:00,309.27,311.18,308.87,309.82,8566.01
1757649600000,2025-09-12 06:00:00,309.82,315.27,308.61,315.1,34100.51
1757656800000,2025-09-12 08:00:00,315.1,315.79,311.32,311.82,26753.94
1757664000000,2025-09-12 10:00:00,311.82,311.95,308.4,310.29,30703.09
1757671200000,2025-09-12 12:00:00,310.29,315.29,309.11,313.64,27646.91
1757678400000,2025-09-12 14:00:00,313.64,314.41,311.48,314.16,23458.7
1757685600000,2025-09-12 16:00:00,314.16,315.99,311.69,312.22,35661.87
1757692800000,2025-09-12 18:00:00,312.22,317.47,311.54,316.92,32980.96
1757700000000,2025-09-12 20:00:00,316.92,320.84,316.35,320.1,31822.74
1757707200000,2025-09-12 22:00:00,320.1,320.15,317.08,318.26,19744.77
1757714400000,2025-09-13 00:00:00,318.26,321.6,318.22,321.33,23390.95
1757721600000,2025-09-13 02:00:00,321.33,321.45,318.2,318.23,14672.1
1757728800000,2025-09-13 04:00:00,318.23,320.37,317.31,319.6,15237.52
1757736000000,2025-09-13 06:00:00,319.6,319.71,317.04,317.48,18425.31
1757743200000,2025-09-13 08:00:00,317.48,318.28,315.36,315.46,24008.16
1757750400000,2025-09-13 10:00:00,315.46,319.88,315.46,319.78,17303.11
1757757600000,2025-09-13 12:00:00,319.78,320.84,317.14,319.7,16520.64
1757764800000,2025-09-13 14:00:00,319.7,321.28,313.67,316.76,31689.77
1757772000000,2025-09-13 16:00:00,316.76,318.18,313.36,314.21,39220.66
1757779200000,2025-09-13 18:00:00,314.21,315.52,309.47,312.38,40381.77
1757786400000,2025-09-13 20:00:00,312.38,314.1,311.02,313.43,15078.0
1757793600000,2025-09-13 22:00:00,313.43,315.52,313.29,314.25,12584.42
1757800800000,2025-09-14 00:00:00,314.25,315.06,313.46,314.85,7326.7
1757808000000,2025-09-14 02:00:00,314.85,315.33,310.76,313.76,15252.59
1757815200000,2025-09-14 04:00:00,313.76,314.8,311.12,311.66,16629.7
1757822400000,2025-09-14 06:00:00,311.66,312.22,308.69,312.2,20639.33
1757829600000,2025-09-14 08:00:00,312.2,312.4,309.53,310.36,10807.89
1757836800000,2025-09-14 10:00:00,310.36,312.34,309.54,311.86,12160.22
1757844000000,2025-09-14 12:00:00,311.86,312.35,306.97,307.3,24476.32
1757851200000,2025-09-14 14:00:00,307.3,309.06,303.65,304.48,35630.44
1757858400000,2025-09-14 16:00:00,304.48,306.44,302.0,303.26,31617.08
1757865600000,2025-09-14 18:00:00,303.26,308.8,302.64,307.86,26099.54
1757872800000,2025-09-14 20:00:00,307.86,308.09,305.56,307.66,10701.03
1757880000000,2025-09-14 22:00:00,307.66,309.48,306.46,308.6,14210.86
1757887200000,2025-09-15 00:00:00,308.6,309.71,305.7,306.04,11756.05
1757894400000,2025-09-15 02:00:00,306.04,308.13,303.75,306.66,14927.06
1757901600000,2025-09-15 04:00:00,306.66,308.11,305.87,307.57,7692.98
1757908800000,2025-09-15 06:00:00,307.57,310.08,307.35,309.66,17907.67
1757916000000,2025-09-15 08:00:00,309.66,309.75,303.24,304.09,34564.65
1757923200000,2025-09-15 10:00:00,304.09,304.14,297.01,300.01,88485.42
1757930400000,2025-09-15 12:00:00,300.01,300.25,297.6,299.3,31804.34
1757937600000,2025-09-15 14:00:00,299.3,300.22,297.19,298.1,31322.96
1757944800000,2025-09-15 16:00:00,298.1,299.75,295.22,297.32,35780.24
1757952000000,2025-09-15 18:00:00,297.32,297.89,295.0,297.85,24094.79
1757959200000,2025-09-15 20:00:00,297.85,298.76,296.06,297.88,12095.0
1757966400000,2025-09-15 22:00:00,297.88,299.83,297.56,299.69,5839.14
1757973600000,2025-09-16 00:00:00,299.69,300.13,298.43,299.2,6748.79
1757980800000,2025-09-16 02:00:00,299.2,299.54,297.03,297.16,11589.32
1757988000000,2025-09-16 04:00:00,297.16,298.14,296.05,296.13,5602.4
1757995200000,2025-09-16 06:00:00,296.13,296.4,293.06,294.87,27198.71
1758002400000,2025-09-16 08:00:00,294.87,296.49,293.71,295.38,17483.94
1758009600000,2025-09-16 10:00:00,295.38,298.03,295.33,296.64,20845.13
1758016800000,2025-09-16 12:00:00,296.64,296.9,293.66,294.69,19764.56
1758024000000,2025-09-16 14:00:00,294.69,296.8,290.54,292.15,53141.59
1758031200000,2025-09-16 16:00:00,292.15,293.5,289.28,293.41,38983.01
1758038400000,2025-09-16 18:00:00,293.41,299.3,292.01,297.17,31685.99
1758045600000,2025-09-16 20:00:00,297.17,299.06,296.17,298.71,24491.36
1758052800000,2025-09-16 22:00:00,298.71,301.98,297.83,300.36,36112.63
1758060000000,2025-09-17 00:00:00,300.36,301.19,298.19,298.7,21276.54
1758067200000,2025-09-17 02:00:00,298.7,300.52,298.34,299.39,14276.83
1758074400000,2025-09-17 04:00:00,299.39,300.8,296.37,296.55,17271.64
1758081600000,2025-09-17 06:00:00,296.55,296.99,293.71,296.46,23560.3
1758088800000,2025-09-17 08:00:00,296.46,299.59,296.2,298.75,34731.25
1758096000000,2025-09-17 10:00:00,298.75,299.0,294.69,294.76,15748.12
1758103200000,2025-09-17 12:00:00,294.76,296.71,294.1,295.79,14931.84
1758110400000,2025-09-17 14:00:00,295.79,297.21,293.22,294.3,18194.88
1758117600000,2025-09-17 16:00:00,294.3,294.7,292.26,293.09,16155.46
1758124800000,2025-09-17 18:00:00,293.09,297.6,290.58,290.63,54180.71
1758132000000,2025-09-17 20:00:00,290.63,299.33,290.32,298.49,109017.15
1758139200000,2025-09-17 22:00:00,298.49,301.96,295.5,301.96,35439.49
1758146400000,2025-09-18 00:00:00,301.96,308.45,301.91,305.92,36878.88
1758153600000,2025-09-18 02:00:00,305.92,308.29,304.2,307.69,23952.69
1758160800000,2025-09-18 04:00:00,307.69,309.56,305.94,308.46,20511.76
1758168000000,2025-09-18 06:00:00,308.46,308.84,304.83,305.69,12311.74
1758175200000,2025-09-18 08:00:00,305.69,306.1,302.51,304.76,14068.47
1758182400000,2025-09-18 10:00:00,304.76,308.92,304.64,307.9,15155.27
1758189600000,2025-09-18 12:00:00,307.9,308.51,305.62,306.58,9269.08
1758196800000,2025-09-18 14:00:00,306.58,309.44,305.6,308.57,20048.19
1758204000000,2025-09-18 16:00:00,308.57,310.73,308.31,309.2,22058.91
1758211200000,2025-09-18 18:00:00,309.2,312.9,308.38,311.86,43912.15
1758218400000,2025-09-18 20:00:00,311.86,312.15,308.54,309.94,11800.66
1758225600000,2025-09-18 22:00:00,309.94,311.23,308.88,310.59,7690.33
1758232800000,2025-09-19 00:00:00,310.59,310.9,307.12,309.16,8815.8
1758240000000,2025-09-19 02:00:00,309.16,311.99,309.13,309.77,11850.71
1758247200000,2025-09-19 04:00:00,309.77,310.22,304.42,305.07,25285.12
1758254400000,2025-09-19 06:00:00,305.07,306.97,303.0,305.67,17369.5
1758261600000,2025-09-19 08:00:00,305.67,307.14,303.04,305.93,12478.61
1758268800000,2025-09-19 10:00:00,305.93,308.77,305.39,306.03,12885.24
1758276000000,2025-09-19 12:00:00,306.03,307.39,303.45,304.84,14796.4
1758283200000,2025-09-19 14:00:00,304.84,307.62,303.84,306.52,18578.4
1758290400000,2025-09-19 16:00:00,306.52,308.0,298.66,301.51,68967.75
1758297600000,2025-09-19 18:00:00,301.51,302.6,297.37,297.84,25631.2
1758304800000,2025-09-19 20:00:00,297.84,298.59,296.51,297.1,24949.85
1758312000000,2025-09-19 22:00:00,297.1,299.52,296.96,299.23,8795.91
1758319200000,2025-09-20 00:00:00,299.23,299.65,296.42,298.46,7351.66
1758326400000,2025-09-20 02:00:00,298.46,300.65,297.86,298.19,13580.33
1758333600000,2025-09-20 04:00:00,298.19,299.68,296.95,299.51,5999.07
1758340800000,2025-09-20 06:00:00,299.51,300.89,298.72,300.52,10416.36
1758348000000,2025-09-20 08:00:00,300.52,300.52,298.99,299.99,7923.19
1758355200000,2025-09-20 10:00:00,299.99,299.99,294.81,295.68,18490.31
1758362400000,2025-09-20 12:00:00,295.68,296.84,295.06,296.16,11133.71
1758369600000,2025-09-20 14:00:00,296.16,296.36,295.16,295.2,7861.3
1758376800000,2025-09-20 16:00:00,295.2,299.54,294.6,298.04,22753.59
1758384000000,2025-09-20 18:00:00,298.04,299.28,297.19,297.62,14962.41
1758391200000,2025-09-20 20:00:00,297.62,297.62,295.94,296.94,14076.73
1758398400000,2025-09-20 22:00:00,296.94,299.25,296.5,298.36,5409.94
1758405600000,2025-09-21 00:00:00,298.36,298.36,296.09,296.72,3075.38
1758412800000,2025-09-21 02:00:00,296.72,297.75,295.66,296.14,4957.37
1758420000000,2025-09-21 04:00:00,296.14,297.95,295.68,297.72,5479.86
1758427200000,2025-09-21 06:00:00,297.72,298.16,296.42,298.1,3138.48
1758434400000,2025-09-21 08:00:00,298.1,299.02,297.71,298.17,7882.29
1758441600000,2025-09-21 10:00:00,298.17,298.54,293.04,295.27,16367.44
1758448800000,2025-09-21 12:00:00,295.27,295.71,293.67,294.4,7890.02
1758456000000,2025-09-21 14:00:00,294.4,297.5,294.33,297.5,8312.44
1758463200000,2025-09-21 16:00:00,297.5,297.66,294.81,295.48,11535.15
1758470400000,2025-09-21 18:00:00,295.48,296.27,292.65,296.17,17844.54
1758477600000,2025-09-21 20:00:00,296.17,298.87,295.79,298.03,17487.66
1758484800000,2025-09-21 22:00:00,298.03,298.09,294.46,295.04,8133.25
1758492000000,2025-09-22 00:00:00,295.04,295.92,293.2,293.87,12660.83
1758499200000,2025-09-22 02:00:00,293.87,295.43,285.35,287.21,79007.21
1758506400000,2025-09-22 04:00:00,287.21,287.89,281.81,284.05,38821.19
1758513600000,2025-09-22 06:00:00,284.05,284.6,277.68,278.05,24717.35
1758520800000,2025-09-22 08:00:00,278.05,278.33,247.8,266.06,240397.7
1758528000000,2025-09-22 10:00:00,266.06,267.92,262.21,262.93,70856.09
1758535200000,2025-09-22 12:00:00,262.93,266.5,262.91,265.72,14815.39
1758542400000,2025-09-22 14:00:00,265.72,270.15,264.96,270.08,20741.61
1758549600000,2025-09-22 16:00:00,270.08,270.46,264.95,265.26,21785.75
1758556800000,2025-09-22 18:00:00,265.26,267.49,265.09,266.53,15635.36
1758564000000,2025-09-22 20:00:00,266.53,267.03,263.05,263.48,20405.65
1758571200000,2025-09-22 22:00:00,263.48,269.09,263.16,268.99,11846.28
1758578400000,2025-09-23 00:00:00,268.99,270.6,268.34,270.09,6755.42
1758585600000,2025-09-23 02:00:00,270.09,271.08,266.14,266.2,13652.39
1758592800000,2025-09-23 04:00:00,266.2,268.96,263.0,268.28,28172.18
1758600000000,2025-09-23 06:00:00,268.28,269.61,265.83,268.49,16508.66
1758607200000,2025-09-23 08:00:00,268.49,271.9,268.41,269.6,31761.35
1758614400000,2025-09-23 10:00:00,269.6,272.7,269.37,270.43,37750.58
1758621600000,2025-09-23 12:00:00,270.43,270.97,268.6,270.53,12854.49
1758628800000,2025-09-23 14:00:00,270.53,276.88,270.33,275.14,29223.08
1758636000000,2025-09-23 16:00:00,275.14,280.0,274.77,277.98,44486.93
1758643200000,2025-09-23 18:00:00,277.98,280.31,274.67,275.39,31519.8
1758650400000,2025-09-23 20:00:00,275.39,277.15,272.82,274.09,27967.87
1758657600000,2025-09-23 22:00:00,274.09,277.75,273.33,277.75,15168.06
1758664800000,2025-09-24 00:00:00,277.75,277.78,273.78,274.39,11106.75
1758672000000,2025-09-24 02:00:00,274.39,278.23,274.25,277.88,17965.86
1758679200000,2025-09-24 04:00:00,277.88,277.91,270.37,271.65,29567.83
1758686400000,2025-09-24 06:00:00,271.65,274.99,268.29,274.78,52802.52
1758693600000,2025-09-24 08:00:00,274.78,278.64,274.12,277.03,18292.1
1758700800000,2025-09-24 10:00:00,277.03,279.64,275.24,277.15,34685.35
1758708000000,2025-09-24 12:00:00,277.15,279.66,276.19,279.06,20096.71
1758715200000,2025-09-24 14:00:00,279.06,280.74,277.46,277.53,22483.7
1758722400000,2025-09-24 16:00:00,277.53,281.14,277.53,277.88,20353.35
1758729600000,2025-09-24 18:00:00,277.88,279.54,277.17,278.86,15722.81
1758736800000,2025-09-24 20:00:00,278.86,279.78,277.53,278.48,10636.74
1758744000000,2025-09-24 22:00:00,278.48,279.14,275.92,276.48,13231.49
1758751200000,2025-09-25 00:00:00,276.48,278.82,276.39,278.01,9020.73
1758758400000,2025-09-25 02:00:00,278.01,279.21,273.32,274.06,24383.66
1758765600000,2025-09-25 04:00:00,274.06,276.62,269.72,270.82,43261.58
1758772800000,2025-09-25 06:00:00,270.82,271.92,265.01,268.85,63599.51
1758780000000,2025-09-25 08:00:00,268.85,269.43,265.5,266.46,29227.94
1758787200000,2025-09-25 10:00:00,266.46,271.76,266.41,268.94,34597.03
1758794400000,2025-09-25 12:00:00,268.94,270.46,264.95,265.28,42291.3
1758801600000,2025-09-25 14:00:00,265.28,267.85,259.35,265.65,114363.22
1758808800000,2025-09-25 16:00:00,265.65,269.94,265.65,268.54,53018.78
1758816000000,2025-09-25 18:00:00,268.54,268.85,255.95,257.31,126303.06
1758823200000,2025-09-25 20:00:00,257.31,266.42,255.51,263.28,68780.28
1758830400000,2025-09-25 22:00:00,263.28,263.52,259.29,262.29,32259.37
1758837600000,2025-09-26 00:00:00,262.29,263.83,257.41,260.07,22330.57
1758844800000,2025-09-26 02:00:00,260.07,265.61,259.42,265.06,26875.5
1758852000000,2025-09-26 04:00:00,265.06,267.24,263.76,266.11,14787.46
1758859200000,2025-09-26 06:00:00,266.11,266.3,260.46,260.74,24462.98
1758866400000,2025-09-26 08:00:00,260.74,263.3,259.84,261.64,31052.09
1758873600000,2025-09-26 10:00:00,261.64,262.58,258.96,260.28,24479.59
1758880800000,2025-09-26 12:00:00,260.28,260.44,256.17,258.81,31055.07
1758888000000,2025-09-26 14:00:00,258.81,265.12,256.55,264.56,56995.46
1758895200000,2025-09-26 16:00:00,264.56,265.56,262.03,264.91,35806.57
1758902400000,2025-09-26 18:00:00,264.91,271.55,264.62,270.57,32881.36
1758909600000,2025-09-26 20:00:00,270.57,272.52,268.51,269.32,24929.82
1758916800000,2025-09-26 22:00:00,269.32,270.7,268.46,270.57,9161.11
1758924000000,2025-09-27 00:00:00,270.57,271.14,268.98,270.53,14598.02
1758931200000,2025-09-27 02:00:00,270.53,271.36,269.99,270.67,9628.66
1758938400000,2025-09-27 04:00:00,270.67,272.0,270.04,270.54,7672.27
1758945600000,2025-09-27 06:00:00,270.54,270.71,268.9,269.16,6530.24
1758952800000,2025-09-27 08:00:00,269.16,271.01,269.02,270.1,7705.93
1758960000000,2025-09-27 10:00:00,270.1,270.2,266.48,268.39,15520.81
1758967200000,2025-09-27 12:00:00,268.39,269.58,267.52,268.11,7272.63
1758974400000,2025-09-27 14:00:00,268.11,269.33,267.16,267.67,9218.04
1758981600000,2025-09-27 16:00:00,267.67,268.65,266.16,267.93,9102.72
1758988800000,2025-09-27 18:00:00,267.93,268.09,265.36,266.52,12219.8
1758996000000,2025-09-27 20:00:00,266.52,266.82,265.36,266.2,6594.54
1759003200000,2025-09-27 22:00:00,266.2,267.54,266.02,267.27,5392.82
1759010400000,2025-09-28 00:00:00,267.27,268.8,266.12,266.36,8048.16
1759017600000,2025-09-28 02:00:00,266.36,267.03,264.38,264.76,11216.19
1759024800000,2025-09-28 04:00:00,264.76,266.37,264.69,266.06,6595.39
1759032000000,2025-09-28 06:00:00,266.06,267.32,265.46,266.09,7644.16
1759039200000,2025-09-28 08:00:00,266.09,266.7,264.46,266.36,9236.86
1759046400000,2025-09-28 10:00:00,266.36,266.76,263.37,263.7,14574.16
1759053600000,2025-09-28 12:00:00,263.7,263.7,260.99,262.43,20378.8
1759060800000,2025-09-28 14:00:00,262.43,265.38,260.86,265.21,12577.99
1759068000000,2025-09-28 16:00:00,265.21,266.2,264.42,266.06,7772.9
1759075200000,2025-09-28 18:00:00,266.06,268.35,266.06,267.63,13711.25
1759082400000,2025-09-28 20:00:00,267.63,268.98,267.28,268.68,3818.56
1759089600000,2025-09-28 22:00:00,268.68,271.46,268.6,270.61,9596.05
1759096800000,2025-09-29 00:00:00,270.61,276.93,270.6,274.89,36107.12
1759104000000,2025-09-29 02:00:00,274.89,276.16,273.85,273.97,12695.82
1759111200000,2025-09-29 04:00:00,273.97,275.63,273.44,274.08,7532.06
1759118400000,2025-09-29 06:00:00,274.08,274.35,271.71,272.65,12068.85
1759125600000,2025-09-29 08:00:00,272.65,272.74,270.25,271.68,7355.63
1759132800000,2025-09-29 10:00:00,271.68,275.51,271.27,273.59,16838.59
1759140000000,2025-09-29 12:00:00,273.59,274.1,270.23,271.21,18162.9
1759147200000,2025-09-29 14:00:00,271.21,274.54,268.58,273.78,26578.99
1759154400000,2025-09-29 16:00:00,273.78,278.35,273.55,275.12,33761.61
1759161600000,2025-09-29 18:00:00,275.12,276.3,271.85,274.75,22717.97
1759168800000,2025-09-29 20:00:00,274.75,276.79,273.12,276.47,12230.85
1759176000000,2025-09-29 22:00:00,276.47,280.23,276.35,278.99,22423.29
1759183200000,2025-09-30 00:00:00,278.99,279.21,276.71,276.85,10675.12
1759190400000,2025-09-30 02:00:00,276.85,277.93,273.75,275.09,27202.32
1759197600000,2025-09-30 04:00:00,275.09,276.15,273.49,274.06,10838.14
1759204800000,2025-09-30 06:00:00,274.06,274.84,273.22,273.78,11857.15
1759212000000,2025-09-30 08:00:00,273.78,275.52,271.68,273.0,13457.85
1759219200000,2025-09-30 10:00:00,273.0,273.66,269.43,269.79,17538.98
1759226400000,2025-09-30 12:00:00,269.79,272.56,269.21,272.02,11538.66
1759233600000,2025-09-30 14:00:00,272.02,273.24,269.77,270.87,17291.8
1759240800000,2025-09-30 16:00:00,270.87,271.34,266.39,267.99,39024.4
1759248000000,2025-09-30 18:00:00,267.99,268.93,265.84,267.64,26891.01
1759255200000,2025-09-30 20:00:00,267.64,274.74,267.47,274.5,25164.93
1759262400000,2025-09-30 22:00:00,274.5,279.03,273.63,276.64,39797.95
1759269600000,2025-10-01 00:00:00,276.64,278.22,273.17,274.21,19189.46
1759276800000,2025-10-01 02:00:00,274.21,274.67,271.35,274.41,23710.94
1759284000000,2025-10-01 04:00:00,274.41,274.42,269.76,269.82,15133.09
1759291200000,2025-10-01 06:00:00,269.82,273.33,269.62,272.24,16745.07
1759298400000,2025-10-01 08:00:00,272.24,272.25,269.81,272.04,16190.23
1759305600000,2025-10-01 10:00:00,272.04,286.23,271.79,285.48,81151.52
1759312800000,2025-10-01 12:00:00,285.48,285.59,283.21,284.83,15831.39
1759320000000,2025-10-01 14:00:00,284.83,286.13,283.19,285.36,26446.57
1759327200000,2025-10-01 16:00:00,285.36,287.82,284.28,286.06,24641.63
1759334400000,2025-10-01 18:00:00,286.06,287.36,284.32,284.8,14725.95
1759341600000,2025-10-01 20:00:00,284.8,287.89,284.8,286.31,12692.79
1759348800000,2025-10-01 22:00:00,286.31,286.55,282.59,283.09,13744.01
1759356000000,2025-10-02 00:00:00,283.09,286.9,282.89,286.55,14046.5
1759363200000,2025-10-02 02:00:00,286.55,288.65,284.62,288.39,27714.15
1759370400000,2025-10-02 04:00:00,288.39,289.04,286.48,287.14,18592.43
1759377600000,2025-10-02 06:00:00,287.14,288.21,285.82,286.98,9534.79
1759384800000,2025-10-02 08:00:00,286.98,288.81,285.37,285.64,18256.99
1759392000000,2025-10-02 10:00:00,285.64,286.5,284.55,284.91,8917.78
1759399200000,2025-10-02 12:00:00,284.91,285.16,282.39,282.67,15394.91
1759406400000,2025-10-02 14:00:00,282.67,284.44,281.12,283.03,26856.86
1759413600000,2025-10-02 16:00:00,283.03,284.03,278.55,283.66,54267.33
1759420800000,2025-10-02 18:00:00,283.66,288.19,283.14,287.91,44302.05
1759428000000,2025-10-02 20:00:00,287.91,294.15,287.84,291.65,33594.27
1759435200000,2025-10-02 22:00:00,291.65,292.41,288.26,288.89,18342.44
1759442400000,2025-10-03 00:00:00,288.89,290.07,287.04,288.75,12303.78
1759449600000,2025-10-03 02:00:00,288.75,288.89,286.93,288.06,9902.63
1759456800000,2025-10-03 04:00:00,288.06,293.01,287.76,289.56,25839.87
1759464000000,2025-10-03 06:00:00,289.56,291.27,286.86,287.78,11587.17
1759471200000,2025-10-03 08:00:00,287.78,287.86,285.01,285.37,10373.24
1759478400000,2025-10-03 10:00:00,285.37,285.98,283.8,285.46,15521.07
1759485600000,2025-10-03 12:00:00,285.46,286.26,283.68,284.43,8744.23
1759492800000,2025-10-03 14:00:00,284.43,290.33,284.05,287.23,32782.7
1759500000000,2025-10-03 16:00:00,287.23,291.86,284.4,291.58,35174.06
1759507200000,2025-10-03 18:00:00,291.58,299.52,286.85,287.67,91145.75
1759514400000,2025-10-03 20:00:00,287.67,292.68,286.38,291.12,18967.85
1759521600000,2025-10-03 22:00:00,291.12,292.77,289.45,290.99,13615.61
1759528800000,2025-10-04 00:00:00,290.99,292.29,290.32,290.41,6519.05
1759536000000,2025-10-04 02:00:00,290.41,291.84,287.56,288.16,13372.2
1759543200000,2025-10-04 04:00:00,288.16,288.93,286.57,286.93,9569.94
1759550400000,2025-10-04 06:00:00,286.93,287.47,285.64,286.29,6772.41
1759557600000,2025-10-04 08:00:00,286.29,287.14,285.19,285.53,6368.92
1759564800000,2025-10-04 10:00:00,285.53,285.9,283.44,283.67,10204.49
1759572000000,2025-10-04 12:00:00,283.67,284.75,282.27,282.35,15703.8
1759579200000,2025-10-04 14:00:00,282.35,284.77,281.92,283.78,16300.98
1759586400000,2025-10-04 16:00:00,283.78,284.6,279.87,280.3,18128.69
1759593600000,2025-10-04 18:00:00,280.3,282.7,280.01,282.32,10035.58
1759600800000,2025-10-04 20:00:00,282.32,283.24,281.57,282.87,7039.02
1759608000000,2025-10-04 22:00:00,282.87,283.92,282.63,282.86,6711.86
1759615200000,2025-10-05 00:00:00,282.86,283.62,282.59,283.07,3918.44
1759622400000,2025-10-05 02:00:00,283.07,283.73,280.88,282.23,9537.17
1759629600000,2025-10-05 04:00:00,282.23,289.23,281.78,287.49,25912.23
1759636800000,2025-10-05 06:00:00,287.49,292.27,286.3,290.44,32367.78
1759644000000,2025-10-05 08:00:00,290.44,293.5,289.23,293.42,17433.56
1759651200000,2025-10-05 10:00:00,293.42,296.03,291.16,292.2,43592.29
1759658400000,2025-10-05 12:00:00,292.2,292.39,288.08,289.27,18822.64
1759665600000,2025-10-05 14:00:00,289.27,289.35,286.76,287.28,12267.35
1759672800000,2025-10-05 16:00:00,287.28,291.27,287.15,290.06,18440.96
1759680000000,2025-10-05 18:00:00,290.06,291.3,285.72,286.45,22564.16
1759687200000,2025-10-05 20:00:00,286.45,287.66,283.94,284.22,14821.44
1759694400000,2025-10-05 22:00:00,284.22,286.47,283.62,285.13,10423.3
1759701600000,2025-10-06 00:00:00,285.13,286.1,284.24,285.46,5964.55
1759708800000,2025-10-06 02:00:00,285.46,287.69,282.65,285.66,27047.0
1759716000000,2025-10-06 04:00:00,285.66,288.25,284.4,287.82,10391.38
1759723200000,2025-10-06 06:00:00,287.82,287.92,285.37,287.44,9643.51
1759730400000,2025-10-06 08:00:00,287.44,291.42,287.17,288.6,19226.08
1759737600000,2025-10-06 10:00:00,288.6,290.85,288.57,290.37,10257.69
1759744800000,2025-10-06 12:00:00,290.37,291.93,289.29,290.18,9565.0
1759752000000,2025-10-06 14:00:00,290.18,296.12,290.01,296.05,27745.92
1759759200000,2025-10-06 16:00:00,296.05,298.41,294.18,296.2,33736.17
1759766400000,2025-10-06 18:00:00,296.2,301.48,295.71,299.65,32846.1
1759773600000,2025-10-06 20:00:00,299.65,300.69,298.56,300.24,14155.58
1759780800000,2025-10-06 22:00:00,300.24,301.6,297.68,299.25,14363.34
1759788000000,2025-10-07 00:00:00,299.25,299.85,297.01,297.02,11456.63
1759795200000,2025-10-07 02:00:00,297.02,297.74,295.6,296.6,9264.47
1759802400000,2025-10-07 04:00:00,296.6,296.72,294.53,295.25,7495.45
1759809600000,2025-10-07 06:00:00,295.25,298.16,293.55,296.81,25090.7
1759816800000,2025-10-07 08:00:00,296.81,297.46,291.11,292.08,22188.44
1759824000000,2025-10-07 10:00:00,292.08,292.09,288.11,290.02,29468.72
1759831200000,2025-10-07 12:00:00,290.02,292.57,289.62,291.09,26498.75
1759838400000,2025-10-07 14:00:00,291.09,292.7,286.62,288.58,61640.93
1759845600000,2025-10-07 16:00:00,288.58,288.92,277.33,278.96,135614.63
1759852800000,2025-10-07 18:00:00,278.96,281.77,276.67,279.21,45470.28
1759860000000,2025-10-07 20:00:00,279.21,279.32,276.23,276.73,30049.59
1759867200000,2025-10-07 22:00:00,276.73,278.94,276.57,277.45,8425.37
1759874400000,2025-10-08 00:00:00,277.45,278.31,275.27,275.92,12289.16
1759881600000,2025-10-08 02:00:00,275.92,279.14,275.12,278.37,14036.09
1759888800000,2025-10-08 04:00:00,278.37,279.6,274.43,275.41,16871.69
1759896000000,2025-10-08 06:00:00,275.41,277.49,274.37,276.6,13944.7
1759903200000,2025-10-08 08:00:00,276.6,278.49,275.89,278.44,13001.5
1759910400000,2025-10-08 10:00:00,278.44,279.66,277.15,278.93,10638.59
1759917600000,2025-10-08 12:00:00,278.93,281.17,278.68,279.9,21965.3
1759924800000,2025-10-08 14:00:00,279.9,281.07,278.16,280.69,18191.81
1759932000000,2025-10-08 16:00:00,280.69,284.03,277.82,278.0,29124.18
1759939200000,2025-10-08 18:00:00,278.0,285.85,277.52,285.42,38055.41
1759946400000,2025-10-08 20:00:00,285.42,286.32,282.31,283.92,22357.59
1759953600000,2025-10-08 22:00:00,283.92,286.56,283.68,285.68,21524.52
1759960800000,2025-10-09 00:00:00,285.68,287.18,285.02,285.38,19337.68
1759968000000,2025-10-09 02:00:00,285.38,286.58,282.89,283.82,14147.32
1759975200000,2025-10-09 04:00:00,283.82,283.82,278.67,282.04,38382.47
1759982400000,2025-10-09 06:00:00,282.04,284.04,280.82,281.39,16904.56
1759989600000,2025-10-09 08:00:00,281.39,281.78,278.71,279.48,11984.35
1759996800000,2025-10-09 10:00:00,279.48,279.78,272.91,275.17,43489.49
1760004000000,2025-10-09 12:00:00,275.17,276.36,273.57,274.78,18014.8
1760011200000,2025-10-09 14:00:00,274.78,276.44,272.67,273.39,47437.81
1760018400000,2025-10-09 16:00:00,273.39,274.89,270.08,270.92,41625.63
1760025600000,2025-10-09 18:00:00,270.92,272.61,268.23,272.54,82520.29
1760032800000,2025-10-09 20:00:00,272.54,273.49,271.07,271.77,31680.7
1760040000000,2025-10-09 22:00:00,271.77,273.45,271.36,272.74,10318.72
1760047200000,2025-10-10 00:00:00,272.74,275.56,272.0,273.51,10609.54
1760054400000,2025-10-10 02:00:00,273.51,275.47,273.06,274.91,9449.31
1760061600000,2025-10-10 04:00:00,274.91,279.39,272.92,276.65,15982.86
1760068800000,2025-10-10 06:00:00,276.65,278.34,274.41,277.45,15106.34
1760076000000,2025-10-10 08:00:00,277.45,277.97,273.33,273.71,10193.6
1760083200000,2025-10-10 10:00:00,273.71,276.8,273.26,275.15,20973.56
1760090400000,2025-10-10 12:00:00,275.15,277.52,274.88,277.14,13332.41
1760097600000,2025-10-10 14:00:00,277.14,279.51,276.45,278.6,14824.87
1760104800000,2025-10-10 16:00:00,278.6,279.43,262.11,264.25,134565.97
1760112000000,2025-10-10 18:00:00,264.25,267.44,261.14,262.07,54241.8
1760119200000,2025-10-10 20:00:00,262.07,263.11,255.31,257.81,58024.99
1760126400000,2025-10-10 22:00:00,257.81,259.99,79.81,214.51,580274.7
1760133600000,2025-10-11 00:00:00,214.51,234.06,199.88,224.31,304242.29
1760140800000,2025-10-11 02:00:00,224.31,230.99,215.94,218.37,144954.67
1760148000000,2025-10-11 04:00:00,218.37,234.89,218.28,227.44,82074.88
1760155200000,2025-10-11 06:00:00,227.44,234.15,226.84,231.96,36319.23
1760162400000,2025-10-11 08:00:00,231.96,236.26,230.76,231.67,51483.12
1760169600000,2025-10-11 10:00:00,231.67,241.81,230.66,239.48,46759.99
1760176800000,2025-10-11 12:00:00,239.48,244.17,236.94,241.83,51611.02
1760184000000,2025-10-11 14:00:00,241.83,244.47,232.67,235.72,38456.59
1760191200000,2025-10-11 16:00:00,235.72,239.89,232.11,238.73,42436.3
1760198400000,2025-10-11 18:00:00,238.73,241.71,237.35,239.18,29021.55
1760205600000,2025-10-11 20:00:00,239.18,239.18,228.91,231.12,39350.62
1760212800000,2025-10-11 22:00:00,231.12,231.79,222.77,229.65,89963.23
1760220000000,2025-10-12 00:00:00,229.65,234.33,229.4,234.18,18899.49
1760227200000,2025-10-12 02:00:00,234.18,234.43,226.37,226.74,32047.15
1760234400000,2025-10-12 04:00:00,226.74,231.84,225.01,229.34,30865.98
1760241600000,2025-10-12 06:00:00,229.34,234.22,228.91,231.71,27295.02
1760248800000,2025-10-12 08:00:00,231.71,234.16,231.34,233.55,16134.28
1760256000000,2025-10-12 10:00:00,233.55,234.74,228.69,231.52,19578.37
1760263200000,2025-10-12 12:00:00,231.52,232.56,228.5,229.16,15086.86
1760270400000,2025-10-12 14:00:00,229.16,233.99,227.31,228.62,22244.64
1760277600000,2025-10-12 16:00:00,228.62,245.17,228.36,244.94,114978.45
1760284800000,2025-10-12 18:00:00,244.94,252.46,244.9,251.38,91127.48
1760292000000,2025-10-12 20:00:00,251.38,256.16,250.38,254.54,41352.87
1760299200000,2025-10-12 22:00:00,254.54,255.14,247.4,252.4,48409.7
1760306400000,2025-10-13 00:00:00,252.4,254.41,250.27,250.8,24408.93
1760313600000,2025-10-13 02:00:00,250.8,253.37,246.73,251.57,36469.18
1760320800000,2025-10-13 04:00:00,251.57,252.49,247.22,248.1,17838.77
1760328000000,2025-10-13 06:00:00,248.1,249.96,246.45,248.03,15397.41
1760335200000,2025-10-13 08:00:00,248.03,255.59,246.66,252.65,19520.54
1760342400000,2025-10-13 10:00:00,252.65,255.2,251.41,253.97,17988.04
1760349600000,2025-10-13 12:00:00,253.97,254.33,243.83,247.5,46807.17
1760356800000,2025-10-13 14:00:00,247.5,254.19,246.0,252.55,53285.75
1760364000000,2025-10-13 16:00:00,252.55,253.24,246.02,252.22,55655.64
1760371200000,2025-10-13 18:00:00,252.22,257.85,250.57,257.6,34685.67
1760378400000,2025-10-13 20:00:00,257.6,261.35,255.37,260.3,28587.21
1760385600000,2025-10-13 22:00:00,260.3,262.89,259.41,260.31,16095.6
1760392800000,2025-10-14 00:00:00,260.31,262.28,259.8,260.9,11531.46
1760400000000,2025-10-14 02:00:00,260.9,263.36,259.11,261.33,22710.21
1760407200000,2025-10-14 04:00:00,261.33,261.47,253.16,254.16,27956.97
1760414400000,2025-10-14 06:00:00,254.16,254.7,247.17,248.39,39085.58
1760421600000,2025-10-14 08:00:00,248.39,249.89,239.27,242.78,74102.5
1760428800000,2025-10-14 10:00:00,242.78,245.79,240.72,245.06,28794.38
1760436000000,2025-10-14 12:00:00,245.06,245.56,238.68,244.6,46746.98
1760443200000,2025-10-14 14:00:00,244.6,244.87,237.84,242.37,56829.56
1760450400000,2025-10-14 16:00:00,242.37,251.28,241.32,251.07,55039.25
1760457600000,2025-10-14 18:00:00,251.07,254.38,247.41,252.19,56755.32
1760464800000,2025-10-14 20:00:00,252.19,255.14,247.89,251.43,42604.52
1760472000000,2025-10-14 22:00:00,251.43,253.77,249.78,253.48,18812.52
1760479200000,2025-10-15 00:00:00,253.48,256.72,252.72,255.2,22264.15
1760486400000,2025-10-15 02:00:00,255.2,255.21,251.01,253.38,19714.94
1760493600000,2025-10-15 04:00:00,253.38,256.34,251.21,252.16,14471.1
1760500800000,2025-10-15 06:00:00,252.16,256.43,251.62,255.11,13446.27
1760508000000,2025-10-15 08:00:00,255.11,256.93,252.61,256.6,20517.84
1760515200000,2025-10-15 10:00:00,256.6,262.49,255.19,256.35,45631.67
1760522400000,2025-10-15 12:00:00,256.35,256.83,251.81,253.38,31030.47
1760529600000,2025-10-15 14:00:00,253.38,254.18,244.66,248.37,80029.22
1760536800000,2025-10-15 16:00:00,248.37,251.61,241.84,242.97,52857.83
1760544000000,2025-10-15 18:00:00,242.97,244.81,238.79,241.73,33648.18
1760551200000,2025-10-15 20:00:00,241.73,242.93,239.98,240.72,20380.52
1760558400000,2025-10-15 22:00:00,240.72,241.76,236.39,239.29,30941.49
1760565600000,2025-10-16 00:00:00,239.29,242.61,239.21,242.07,20668.43
1760572800000,2025-10-16 02:00:00,242.07,243.43,240.08,243.12,10052.87
1760580000000,2025-10-16 04:00:00,243.12,243.91,239.59,239.83,17503.9
1760587200000,2025-10-16 06:00:00,239.83,241.62,238.12,239.98,15860.69
1760594400000,2025-10-16 08:00:00,239.98,242.98,239.97,241.09,12624.56
1760601600000,2025-10-16 10:00:00,241.09,243.97,233.15,242.26,57970.57
1760608800000,2025-10-16 12:00:00,242.26,245.64,242.16,244.09,25003.47
1760616000000,2025-10-16 14:00:00,244.09,246.14,241.45,242.26,31904.78
1760623200000,2025-10-16 16:00:00,242.26,244.13,234.66,235.67,74045.91
1760630400000,2025-10-16 18:00:00,235.67,239.88,232.73,236.59,59029.02
1760637600000,2025-10-16 20:00:00,236.59,237.17,230.27,232.4,45228.18
1760644800000,2025-10-16 22:00:00,232.4,233.38,227.89,228.88,38872.54
1760652000000,2025-10-17 00:00:00,228.88,229.4,222.39,223.08,35943.23
1760659200000,2025-10-17 02:00:00,223.08,227.25,222.03,225.17,39034.8
1760666400000,2025-10-17 04:00:00,225.17,226.12,221.84,222.72,18873.97
1760673600000,2025-10-17 06:00:00,222.72,222.91,220.13,220.77,24776.83
1760680800000,2025-10-17 08:00:00,220.77,221.75,207.93,208.4,77525.94
1760688000000,2025-10-17 10:00:00,208.4,210.76,202.5,207.32,90907.25
1760695200000,2025-10-17 12:00:00,207.32,212.85,204.03,209.91,71570.34
1760702400000,2025-10-17 14:00:00,209.91,211.38,204.2,206.48,72733.72
1760709600000,2025-10-17 16:00:00,206.48,207.15,199.93,205.47,100836.94
1760716800000,2025-10-17 18:00:00,205.47,208.61,201.17,204.37,72285.5
1760724000000,2025-10-17 20:00:00,204.37,206.71,201.77,202.91,44659.63
1760731200000,2025-10-17 22:00:00,202.91,209.61,202.43,208.92,38950.09
1760738400000,2025-10-18 00:00:00,208.92,209.42,205.32,206.45,24921.58
1760745600000,2025-10-18 02:00:00,206.45,208.46,205.25,208.2,18850.09
1760752800000,2025-10-18 04:00:00,208.2,210.58,207.36,210.16,17741.82
1760760000000,2025-10-18 06:00:00,210.16,210.36,207.3,208.62,14730.04
1760767200000,2025-10-18 08:00:00,208.62,211.21,207.25,208.4,31080.53
1760774400000,2025-10-18 10:00:00,208.4,209.79,207.87,209.38,19094.19
1760781600000,2025-10-18 12:00:00,209.38,210.14,208.37,210.05,17719.54
1760788800000,2025-10-18 14:00:00,210.05,210.94,207.3,208.06,22445.45
1760796000000,2025-10-18 16:00:00,208.06,210.46,206.77,209.43,20333.79
1760803200000,2025-10-18 18:00:00,209.43,211.82,207.68,211.5,28017.04
1760810400000,2025-10-18 20:00:00,211.5,215.38,211.3,215.27,19939.2
1760817600000,2025-10-18 22:00:00,215.27,216.82,213.82,215.45,28173.06
1760824800000,2025-10-19 00:00:00,215.45,216.65,214.01,214.67,10120.52
1760832000000,2025-10-19 02:00:00,214.67,215.04,212.36,213.28,15092.17
1760839200000,2025-10-19 04:00:00,213.28,216.63,212.23,216.6,17437.42
1760846400000,2025-10-19 06:00:00,216.6,217.74,215.17,215.4,12371.62
1760853600000,2025-10-19 08:00:00,215.4,216.49,213.66,214.49,8510.38
1760860800000,2025-10-19 10:00:00,214.49,218.16,211.43,215.75,62104.22
1760868000000,2025-10-19 12:00:00,215.75,220.99,214.71,220.44,40021.3
1760875200000,2025-10-19 14:00:00,220.44,225.1,219.33,224.08,28594.36
1760882400000,2025-10-19 16:00:00,224.08,226.36,223.12,224.53,37116.49
1760889600000,2025-10-19 18:00:00,224.53,225.81,222.48,223.2,30733.68
1760896800000,2025-10-19 20:00:00,223.2,224.62,222.41,224.14,14066.78
1760904000000,2025-10-19 22:00:00,224.14,225.41,223.65,224.08,22951.45
1760911200000,2025-10-20 00:00:00,224.08,225.46,222.1,222.33,16481.75
1760918400000,2025-10-20 02:00:00,222.33,222.42,217.65,221.09,36237.42
1760925600000,2025-10-20 04:00:00,221.09,228.39,219.79,227.61,36502.33
1760932800000,2025-10-20 06:00:00,227.61,229.85,227.03,229.63,28742.13
1760940000000,2025-10-20 08:00:00,229.63,234.44,229.26,233.55,31387.11
1760947200000,2025-10-20 10:00:00,233.55,235.69,232.11,233.89,20719.48
1760954400000,2025-10-20 12:00:00,233.89,234.53,230.79,231.65,18214.08
1760961600000,2025-10-20 14:00:00,231.65,231.71,229.6,230.88,18028.46
1760968800000,2025-10-20 16:00:00,230.88,231.84,228.23,228.38,27084.26
1760976000000,2025-10-20 18:00:00,228.38,228.38,223.97,225.99,47710.22
1760983200000,2025-10-20 20:00:00,225.99,229.83,225.41,228.99,14551.38
1760990400000,2025-10-20 22:00:00,228.99,230.63,227.76,228.06,15528.48
1760997600000,2025-10-21 00:00:00,228.06,229.4,227.39,228.74,11978.18
1761004800000,2025-10-21 02:00:00,228.74,229.05,225.07,226.26,18103.43
1761012000000,2025-10-21 04:00:00,226.26,226.33,222.68,223.13,20939.31
1761019200000,2025-10-21 06:00:00,223.13,223.3,217.92,218.82,43233.46
1761026400000,2025-10-21 08:00:00,218.82,221.4,218.2,221.14,17449.41
1761033600000,2025-10-21 10:00:00,221.14,221.18,219.14,220.18,15879.82
1761040800000,2025-10-21 12:00:00,220.18,223.0,220.03,221.39,21532.53
1761048000000,2025-10-21 14:00:00,221.39,224.01,220.03,220.98,32204.24
1761055200000,2025-10-21 16:00:00,220.98,236.5,220.89,235.48,99099.9
1761062400000,2025-10-21 18:00:00,235.48,236.7,228.53,231.19,75405.25
1761069600000,2025-10-21 20:00:00,231.19,232.1,229.24,229.32,17679.07
1761076800000,2025-10-21 22:00:00,229.32,229.83,222.82,225.78,34135.54
1761084000000,2025-10-22 00:00:00,225.78,226.18,218.01,218.58,49221.29
1761091200000,2025-10-22 02:00:00,218.58,220.12,216.45,219.03,48980.84
1761098400000,2025-10-22 04:00:00,219.03,220.48,217.38,218.7,24671.33
1761105600000,2025-10-22 06:00:00,218.7,220.79,216.87,218.72,30016.6
1761112800000,2025-10-22 08:00:00,218.72,218.74,216.58,218.25,24940.72
1761120000000,2025-10-22 10:00:00,218.25,218.25,215.5,216.2,21067.24
1761127200000,2025-10-22 12:00:00,216.2,225.5,212.9,219.62,141259.54
1761134400000,2025-10-22 14:00:00,219.62,224.26,218.17,223.95,103559.59
1761141600000,2025-10-22 16:00:00,223.95,224.76,218.59,223.32,93095.36
1761148800000,2025-10-22 18:00:00,223.32,223.93,218.05,218.93,69764.07
1761156000000,2025-10-22 20:00:00,218.93,220.38,215.08,218.03,68445.0
1761163200000,2025-10-22 22:00:00,218.03,218.76,208.03,211.69,172724.37
1761170400000,2025-10-23 00:00:00,211.69,217.26,210.83,216.31,28484.31
1761177600000,2025-10-23 02:00:00,216.31,218.54,215.79,217.74,21930.49
1761184800000,2025-10-23 04:00:00,217.74,219.29,217.44,218.61,12904.3
1761192000000,2025-10-23 06:00:00,218.61,219.94,218.3,219.31,10455.71
1761199200000,2025-10-23 08:00:00,219.31,222.89,218.6,221.25,30638.53
1761206400000,2025-10-23 10:00:00,221.25,223.24,221.12,221.9,17010.55
1761213600000,2025-10-23 12:00:00,221.9,223.41,219.96,220.23,16790.94
1761220800000,2025-10-23 14:00:00,220.23,222.61,218.38,221.88,24003.99
1761228000000,2025-10-23 16:00:00,221.88,223.87,219.35,223.04,33109.16
1761235200000,2025-10-23 18:00:00,223.04,228.26,222.97,228.01,38307.81
1761242400000,2025-10-23 20:00:00,228.01,228.15,223.54,224.65,26008.18
1761249600000,2025-10-23 22:00:00,224.65,224.96,220.38,222.55,24636.1
1761256800000,2025-10-24 00:00:00,222.55,224.49,222.4,224.38,12428.99
1761264000000,2025-10-24 02:00:00,224.38,225.17,223.16,225.07,19164.49
1761271200000,2025-10-24 04:00:00,225.07,225.9,224.21,225.9,9787.09
1761278400000,2025-10-24 06:00:00,225.9,234.93,225.01,232.74,51282.48
1761285600000,2025-10-24 08:00:00,232.74,232.8,229.3,230.29,22694.72
1761292800000,2025-10-24 10:00:00,230.29,231.38,229.03,229.98,16754.45
1761300000000,2025-10-24 12:00:00,229.98,230.0,227.81,229.25,12052.34
1761307200000,2025-10-24 14:00:00,229.25,235.0,227.33,228.91,57830.3
1761314400000,2025-10-24 16:00:00,228.91,228.91,225.36,226.02,52089.97
1761321600000,2025-10-24 18:00:00,226.02,226.79,224.32,225.82,18337.08
1761328800000,2025-10-24 20:00:00,225.82,229.17,225.54,228.04,12710.34
1761336000000,2025-10-24 22:00:00,228.04,229.06,227.69,229.06,11134.9
1761343200000,2025-10-25 00:00:00,229.06,229.51,228.2,228.73,6244.67
1761350400000,2025-10-25 02:00:00,228.73,228.94,226.42,227.7,23029.03
1761357600000,2025-10-25 04:00:00,227.7,228.85,226.56,226.71,13014.0
1761364800000,2025-10-25 06:00:00,226.71,227.97,226.41,227.48,7705.01
1761372000000,2025-10-25 08:00:00,227.48,228.07,226.01,226.29,12457.33
1761379200000,2025-10-25 10:00:00,226.29,228.66,226.06,226.56,14028.41
1761386400000,2025-10-25 12:00:00,226.56,226.7,225.53,226.21,10721.13
1761393600000,2025-10-25 14:00:00,226.21,228.32,225.92,226.17,10448.96
1761400800000,2025-10-25 16:00:00,226.17,227.92,226.1,226.7,9211.71
1761408000000,2025-10-25 18:00:00,226.7,226.83,224.34,225.36,18681.23
1761415200000,2025-10-25 20:00:00,225.36,227.7,225.05,227.36,13465.22
1761422400000,2025-10-25 22:00:00,227.36,227.6,225.7,226.29,11261.91
1761429600000,2025-10-26 00:00:00,226.29,227.41,225.64,226.09,6785.87
1761436800000,2025-10-26 02:00:00,226.09,226.72,223.33,224.35,15278.06
1761444000000,2025-10-26 04:00:00,224.35,224.84,223.23,224.01,11706.53
1761451200000,2025-10-26 06:00:00,224.01,226.43,223.87,226.18,9133.83
1761458400000,2025-10-26 08:00:00,226.18,227.77,225.7,227.4,8245.92
1761465600000,2025-10-26 10:00:00,227.4,231.33,227.14,230.55,21206.94
1761472800000,2025-10-26 12:00:00,230.55,235.87,229.51,235.86,27244.7
1761480000000,2025-10-26 14:00:00,235.86,240.81,234.03,239.22,42661.95
1761487200000,2025-10-26 16:00:00,239.22,239.22,236.15,237.66,17008.14
1761494400000,2025-10-26 18:00:00,237.66,237.81,235.34,236.48,14060.68
1761501600000,2025-10-26 20:00:00,236.48,237.92,236.23,237.43,7963.64
1761508800000,2025-10-26 22:00:00,237.43,237.49,234.83,236.97,9060.95
1761516000000,2025-10-27 00:00:00,236.97,242.35,236.97,240.64,39956.98
1761523200000,2025-10-27 02:00:00,240.64,243.27,240.0,242.91,17974.85
1761530400000,2025-10-27 04:00:00,242.91,245.03,242.67,243.79,17668.16
1761537600000,2025-10-27 06:00:00,243.79,248.88,243.08,246.41,18735.61
1761544800000,2025-10-27 08:00:00,246.41,246.62,242.31,243.46,26356.32
1761552000000,2025-10-27 10:00:00,243.46,244.77,238.11,238.49,40905.74
1761559200000,2025-10-27 12:00:00,238.49,239.49,236.63,238.76,21030.76
1761566400000,2025-10-27 14:00:00,238.76,238.91,235.21,238.08,27244.85
1761573600000,2025-10-27 16:00:00,238.08,239.3,235.98,237.34,29058.21
1761580800000,2025-10-27 18:00:00,237.34,242.31,237.3,241.27,44175.5
1761588000000,2025-10-27 20:00:00,241.27,242.24,238.53,238.91,14963.51
1761595200000,2025-10-27 22:00:00,238.91,238.91,235.4,235.75,24872.53
1761602400000,2025-10-28 00:00:00,235.75,236.68,232.93,234.96,24046.12
1761609600000,2025-10-28 02:00:00,234.96,237.38,234.47,237.02,14868.56
1761616800000,2025-10-28 04:00:00,237.02,237.38,233.65,235.07,15610.14
1761624000000,2025-10-28 06:00:00,235.07,236.35,232.7,233.01,12571.74
1761631200000,2025-10-28 08:00:00,233.01,238.96,232.93,236.09,21386.17
1761638400000,2025-10-28 10:00:00,236.09,238.32,235.37,236.58,17661.63
1761645600000,2025-10-28 12:00:00,236.58,236.69,233.43,233.71,18387.08
1761652800000,2025-10-28 14:00:00,233.71,237.27,233.01,236.37,29685.58
1761660000000,2025-10-28 16:00:00,236.37,237.44,229.35,233.75,52450.12
1761667200000,2025-10-28 18:00:00,233.75,237.11,232.61,236.73,22162.91
1761674400000,2025-10-28 20:00:00,236.73,237.23,229.41,230.82,36120.98
1761681600000,2025-10-28 22:00:00,230.82,230.82,224.35,227.22,57386.48
1761688800000,2025-10-29 00:00:00,227.22,229.47,226.62,228.24,15057.96
1761696000000,2025-10-29 02:00:00,228.24,230.76,227.95,229.36,20899.65
1761703200000,2025-10-29 04:00:00,229.36,229.43,227.9,228.47,10781.68
1761710400000,2025-10-29 06:00:00,228.47,230.67,228.26,229.79,6977.71
1761717600000,2025-10-29 08:00:00,229.79,230.25,228.67,229.66,7703.4
1761724800000,2025-10-29 10:00:00,229.66,229.98,227.04,227.08,14077.63
1761732000000,2025-10-29 12:00:00,227.08,231.64,226.6,231.12,21943.37
1761739200000,2025-10-29 14:00:00,231.12,232.33,229.35,230.06,18158.49
1761746400000,2025-10-29 16:00:00,230.06,230.31,225.85,227.18,34168.83
1761753600000,2025-10-29 18:00:00,227.18,233.03,225.99,232.91,34683.18
1761760800000,2025-10-29 20:00:00,232.91,232.99,221.72,230.26,131355.91
1761768000000,2025-10-29 22:00:00,230.26,235.37,228.9,233.44,31460.63
1761775200000,2025-10-30 00:00:00,233.44,233.66,226.36,227.51,20752.52
1761782400000,2025-10-30 02:00:00,227.51,230.08,225.99,229.08,19734.94
1761789600000,2025-10-30 04:00:00,229.08,231.12,227.71,228.57,13173.72
1761796800000,2025-10-30 06:00:00,228.57,228.65,219.23,228.2,87952.77
1761804000000,2025-10-30 08:00:00,228.2,230.26,226.85,229.87,28306.59
1761811200000,2025-10-30 10:00:00,229.87,230.09,224.82,225.07,21862.54
1761818400000,2025-10-30 12:00:00,225.07,225.86,222.87,222.9,15850.8
1761825600000,2025-10-30 14:00:00,222.9,223.27,214.11,214.92,65374.33
1761832800000,2025-10-30 16:00:00,214.92,216.42,212.35,212.74,30357.3
1761840000000,2025-10-30 18:00:00,212.74,214.47,209.19,212.34,33803.44
1761847200000,2025-10-30 20:00:00,212.34,212.45,207.31,207.98,30865.54
1761854400000,2025-10-30 22:00:00,207.98,212.87,207.21,212.4,31769.91
1761861600000,2025-10-31 00:00:00,212.4,215.16,212.09,215.04,17039.94
1761868800000,2025-10-31 02:00:00,215.04,219.02,214.48,218.97,22881.58
1761876000000,2025-10-31 04:00:00,218.97,219.16,215.63,217.41,14456.64
1761883200000,2025-10-31 06:00:00,217.41,219.75,217.24,219.03,16802.55
1761890400000,2025-10-31 08:00:00,219.03,219.33,216.38,217.08,11675.29
1761897600000,2025-10-31 10:00:00,217.08,218.41,216.07,217.97,10058.51
1761904800000,2025-10-31 12:00:00,217.97,219.97,216.76,219.77,21515.9
1761912000000,2025-10-31 14:00:00,219.77,220.81,217.1,218.96,22853.55
1761919200000,2025-10-31 16:00:00,218.96,220.96,217.85,218.45,29533.16
1761926400000,2025-10-31 18:00:00,218.45,218.69,212.15,214.27,35332.64
1761933600000,2025-10-31 20:00:00,214.27,234.46,213.65,233.45,130360.36
1761940800000,2025-10-31 22:00:00,233.45,235.62,229.71,230.87,85764.88
1761948000000,2025-11-01 00:00:00,230.87,231.89,228.04,228.29,17955.28
1761955200000,2025-11-01 02:00:00,228.29,229.21,226.2,226.26,28057.42
1761962400000,2025-11-01 04:00:00,226.26,228.86,225.06,227.98,17129.74
1761969600000,2025-11-01 06:00:00,227.98,228.0,225.29,225.68,13320.82
1761976800000,2025-11-01 08:00:00,225.68,226.87,224.81,226.42,16151.59
1761984000000,2025-11-01 10:00:00,226.42,227.13,225.33,225.53,13196.99
1761991200000,2025-11-01 12:00:00,225.53,226.36,224.59,225.12,9823.57
1761998400000,2025-11-01 14:00:00,225.12,225.68,222.95,223.63,17682.96
1762005600000,2025-11-01 16:00:00,223.63,223.93,221.48,222.65,44623.91
1762012800000,2025-11-01 18:00:00,222.65,223.78,221.97,222.39,11978.63
1762020000000,2025-11-01 20:00:00,222.39,223.33,221.89,223.33,6761.9
1762027200000,2025-11-01 22:00:00,223.33,224.74,221.23,221.39,19102.13
1762034400000,2025-11-02 00:00:00,221.39,223.12,221.38,222.81,7508.09
1762041600000,2025-11-02 02:00:00,222.81,223.41,221.72,222.63,11363.65
1762048800000,2025-11-02 04:00:00,222.63,224.16,221.86,222.5,9232.69
1762056000000,2025-11-02 06:00:00,222.5,225.32,222.22,225.23,14618.36
1762063200000,2025-11-02 08:00:00,225.23,226.57,224.83,225.88,7536.6
1762070400000,2025-11-02 10:00:00,225.88,226.13,222.6,222.87,10570.45
1762077600000,2025-11-02 12:00:00,222.87,223.78,219.87,223.68,54552.57
1762084800000,2025-11-02 14:00:00,223.68,224.07,220.71,221.68,12778.37
1762092000000,2025-11-02 16:00:00,221.68,222.08,217.94,220.15,54647.32
1762099200000,2025-11-02 18:00:00,220.15,236.65,218.65,227.86,111825.54
1762106400000,2025-11-02 20:00:00,227.86,228.11,224.33,224.8,10860.85
1762113600000,2025-11-02 22:00:00,224.8,226.67,224.27,226.33,7799.62
1762120800000,2025-11-03 00:00:00,226.33,231.6,223.69,231.2,18728.63
1762128000000,2025-11-03 02:00:00,231.2,232.85,225.3,225.68,25941.5
1762135200000,2025-11-03 04:00:00,225.68,226.43,216.13,216.73,78163.82
1762142400000,2025-11-03 06:00:00,216.73,219.27,213.56,213.56,41926.54
1762149600000,2025-11-03 08:00:00,213.56,214.02,208.8,211.94,60961.23
1762156800000,2025-11-03 10:00:00,211.94,215.2,209.97,211.37,60441.85
1762164000000,2025-11-03 12:00:00,211.37,215.03,208.63,213.87,42658.57
1762171200000,2025-11-03 14:00:00,213.87,215.41,212.61,213.05,27161.04
1762178400000,2025-11-03 16:00:00,213.05,214.92,192.81,200.34,189824.95
1762185600000,2025-11-03 18:00:00,200.34,207.13,199.21,205.99,82552.49
1762192800000,2025-11-03 20:00:00,205.99,206.93,202.26,202.65,37736.04
1762200000000,2025-11-03 22:00:00,202.65,203.91,197.38,200.56,50334.84
1762207200000,2025-11-04 00:00:00,200.56,200.74,197.55,199.54,21854.36
1762214400000,2025-11-04 02:00:00,199.54,203.85,197.73,202.68,30346.91
1762221600000,2025-11-04 04:00:00,202.68,205.96,202.09,204.51,29579.93
1762228800000,2025-11-04 06:00:00,204.51,205.03,193.68,194.19,76941.59
1762236000000,2025-11-04 08:00:00,194.19,200.74,192.36,193.45,72499.59
1762243200000,2025-11-04 10:00:00,193.45,198.08,192.57,196.73,53976.99
1762250400000,2025-11-04 12:00:00,196.73,198.75,195.24,197.59,32772.65
1762257600000,2025-11-04 14:00:00,197.59,197.72,194.39,195.99,27886.13
1762264800000,2025-11-04 16:00:00,195.99,204.14,194.27,199.67,70309.77
1762272000000,2025-11-04 18:00:00,199.67,201.03,188.26,191.43,114333.79
1762279200000,2025-11-04 20:00:00,191.43,191.65,184.58,185.93,110814.08
1762286400000,2025-11-04 22:00:00,185.93,187.6,176.53,185.09,202094.88
1762293600000,2025-11-05 00:00:00,185.09,191.1,184.05,187.97,79023.59
1762300800000,2025-11-05 02:00:00,187.97,189.34,180.54,186.55,81911.5
1762308000000,2025-11-05 04:00:00,186.55,200.01,186.46,198.58,121960.55
1762315200000,2025-11-05 06:00:00,198.58,201.92,197.47,200.16,39240.8
1762322400000,2025-11-05 08:00:00,200.16,200.28,196.2,198.07,32978.98
1762329600000,2025-11-05 10:00:00,198.07,198.12,193.71,197.56,63792.56
1762336800000,2025-11-05 12:00:00,197.56,198.41,194.83,197.96,30590.85
1762344000000,2025-11-05 14:00:00,197.96,199.65,196.42,198.21,37328.23
1762351200000,2025-11-05 16:00:00,198.21,199.89,194.9,199.77,47387.75
1762358400000,2025-11-05 18:00:00,199.77,204.65,198.77,203.69,44606.81
1762365600000,2025-11-05 20:00:00,203.69,205.3,202.22,203.18,22582.5
1762372800000,2025-11-05 22:00:00,203.18,204.77,201.42,202.44,15787.14
1762380000000,2025-11-06 00:00:00,202.44,203.3,201.59,201.85,15432.0
1762387200000,2025-11-06 02:00:00,201.85,202.39,198.67,202.2,21740.92
1762394400000,2025-11-06 04:00:00,202.2,205.15,200.38,204.53,12603.61
1762401600000,2025-11-06 06:00:00,204.53,205.85,198.66,199.11,33919.41
1762408800000,2025-11-06 08:00:00,199.11,200.78,198.37,199.51,19500.79
1762416000000,2025-11-06 10:00:00,199.51,201.81,199.31,199.88,14711.37
1762423200000,2025-11-06 12:00:00,199.88,201.71,198.59,200.24,19770.8
1762430400000,2025-11-06 14:00:00,200.24,202.04,197.55,200.16,32005.99
1762437600000,2025-11-06 16:00:00,200.16,200.92,194.32,195.08,61795.05
1762444800000,2025-11-06 18:00:00,195.08,198.01,192.67,197.52,50348.79
1762452000000,2025-11-06 20:00:00,197.52,200.28,195.39,198.82,27631.14
1762459200000,2025-11-06 22:00:00,198.82,199.48,196.22,197.66,24838.81
1762466400000,2025-11-07 00:00:00,197.66,198.34,195.58,197.13,15898.4
1762473600000,2025-11-07 02:00:00,197.13,199.79,195.74,198.1,30923.14
1762480800000,2025-11-07 04:00:00,198.1,201.55,196.2,198.64,26727.82
1762488000000,2025-11-07 06:00:00,198.64,200.99,196.96,200.61,16876.2
1762495200000,2025-11-07 08:00:00,200.61,202.38,199.81,202.38,12508.86
1762502400000,2025-11-07 10:00:00,202.38,203.06,198.25,199.44,18444.55
1762509600000,2025-11-07 12:00:00,199.44,200.44,193.41,193.42,62331.43
1762516800000,2025-11-07 14:00:00,193.42,194.47,189.86,192.08,46966.72
1762524000000,2025-11-07 16:00:00,192.08,199.95,189.72,198.6,65134.03
1762531200000,2025-11-07 18:00:00,198.6,208.38,197.42,208.0,64003.76
1762538400000,2025-11-07 20:00:00,208.0,210.93,207.25,210.36,34797.08
1762545600000,2025-11-07 22:00:00,210.36,212.59,208.83,211.82,22948.94
1762552800000,2025-11-08 00:00:00,211.82,211.96,207.23,207.95,17780.98
1762560000000,2025-11-08 02:00:00,207.95,210.3,206.09,209.16,19930.5
1762567200000,2025-11-08 04:00:00,209.16,211.02,207.14,207.22,14750.31
1762574400000,2025-11-08 06:00:00,207.22,209.4,203.53,204.3,22078.54
1762581600000,2025-11-08 08:00:00,204.3,206.21,202.97,205.85,15803.75
1762588800000,2025-11-08 10:00:00,205.85,207.7,204.51,205.12,12591.15
1762596000000,2025-11-08 12:00:00,205.12,207.05,204.51,205.26,10301.62
1762603200000,2025-11-08 14:00:00,205.26,205.67,201.38,201.68,24601.37
1762610400000,2025-11-08 16:00:00,201.68,202.63,198.63,199.36,26624.98
1762617600000,2025-11-08 18:00:00,199.36,209.17,198.32,201.29,184503.72
1762624800000,2025-11-08 20:00:00,201.29,202.35,199.03,201.19,7766.7
1762632000000,2025-11-08 22:00:00,201.19,202.27,200.1,202.0,5735.37
1762639200000,2025-11-09 00:00:00,202.0,203.36,201.77,202.66,7485.75
1762646400000,2025-11-09 02:00:00,202.66,202.71,200.04,201.76,7633.72
1762653600000,2025-11-09 04:00:00,201.76,201.76,196.49,197.48,15222.42
1762660800000,2025-11-09 06:00:00,197.48,199.52,196.76,199.25,12093.14
1762668000000,2025-11-09 08:00:00,199.25,200.8,198.52,200.17,9980.56
1762675200000,2025-11-09 10:00:00,200.17,200.91,198.36,198.74,10256.61
1762682400000,2025-11-09 12:00:00,198.74,202.69,197.78,202.17,13541.96
1762689600000,2025-11-09 14:00:00,202.17,205.12,201.77,204.64,16156.12
1762696800000,2025-11-09 16:00:00,204.64,210.2,203.74,207.97,41064.55
1762704000000,2025-11-09 18:00:00,207.97,211.73,207.77,209.69,38535.09
1762711200000,2025-11-09 20:00:00,209.69,214.24,208.8,213.71,33180.75
1762718400000,2025-11-09 22:00:00,213.71,213.96,212.01,213.86,12470.49
1762725600000,2025-11-10 00:00:00,213.86,214.93,211.43,212.14,20561.26
1762732800000,2025-11-10 02:00:00,212.14,221.15,210.43,218.12,40536.77
1762740000000,2025-11-10 04:00:00,218.12,220.37,217.69,219.82,11889.55
1762747200000,2025-11-10 06:00:00,219.82,221.02,218.6,220.22,11792.84
1762754400000,2025-11-10 08:00:00,220.22,222.34,218.94,220.06,15210.85
1762761600000,2025-11-10 10:00:00,220.06,223.54,218.47,222.52,33349.66
1762768800000,2025-11-10 12:00:00,222.52,225.41,221.69,223.92,48812.44
1762776000000,2025-11-10 14:00:00,223.92,225.6,220.89,224.36,46514.45
1762783200000,2025-11-10 16:00:00,224.36,224.5,217.47,219.03,52118.19
1762790400000,2025-11-10 18:00:00,219.03,220.13,216.01,218.84,15638.18
1762797600000,2025-11-10 20:00:00,218.84,223.53,218.03,221.4,18694.24
1762804800000,2025-11-10 22:00:00,221.4,224.6,219.83,220.24,34740.04
1762812000000,2025-11-11 00:00:00,220.24,229.2,219.27,228.17,41416.47
1762819200000,2025-11-11 02:00:00,228.17,232.95,224.74,226.48,95462.63
1762826400000,2025-11-11 04:00:00,226.48,231.99,224.49,230.04,38345.11
1762833600000,2025-11-11 06:00:00,230.04,230.76,218.28,218.79,85944.88
1762840800000,2025-11-11 08:00:00,218.79,220.58,216.02,216.47,30808.37
1762848000000,2025-11-11 10:00:00,216.47,219.76,216.01,217.29,28445.43
1762855200000,2025-11-11 12:00:00,217.29,219.57,216.65,218.52,17833.99
1762862400000,2025-11-11 14:00:00,218.52,219.89,214.65,215.29,46086.63
1762869600000,2025-11-11 16:00:00,215.29,217.9,213.69,214.32,36804.03
1762876800000,2025-11-11 18:00:00,214.32,216.09,212.35,213.58,24412.86
1762884000000,2025-11-11 20:00:00,213.58,214.23,211.05,211.54,17100.44
1762891200000,2025-11-11 22:00:00,211.54,212.39,208.24,208.72,23492.33
1762898400000,2025-11-12 00:00:00,208.72,209.76,206.78,207.55,19580.34
1762905600000,2025-11-12 02:00:00,207.55,210.91,206.88,210.36,20572.58
1762912800000,2025-11-12 04:00:00,210.36,212.47,208.93,212.2,14354.5
1762920000000,2025-11-12 06:00:00,212.2,212.23,209.67,210.35,10322.4
1762927200000,2025-11-12 08:00:00,210.35,211.61,207.82,208.33,10524.03
1762934400000,2025-11-12 10:00:00,208.33,214.86,208.32,214.38,20103.2
1762941600000,2025-11-12 12:00:00,214.38,218.09,214.11,217.57,19411.37
1762948800000,2025-11-12 14:00:00,217.57,219.42,216.54,218.21,31953.45
1762956000000,2025-11-12 16:00:00,218.21,218.3,206.43,207.42,50302.07
1762963200000,2025-11-12 18:00:00,207.42,207.69,202.92,205.89,54033.89
1762970400000,2025-11-12 20:00:00,205.89,207.2,202.71,204.78,18244.16
1762977600000,2025-11-12 22:00:00,204.78,207.15,203.99,205.75,19146.77
1762984800000,2025-11-13 00:00:00,205.75,206.56,204.05,204.94,11753.84
1762992000000,2025-11-13 02:00:00,204.94,209.54,204.54,207.63,16559.24
1762999200000,2025-11-13 04:00:00,207.63,211.39,204.13,209.09,18440.34
1763006400000,2025-11-13 06:00:00,209.09,214.32,207.56,213.99,18313.11
1763013600000,2025-11-13 08:00:00,213.99,217.74,212.78,213.91,38893.9
1763020800000,2025-11-13 10:00:00,213.91,215.49,211.28,212.16,23023.94
1763028000000,2025-11-13 12:00:00,212.16,214.57,212.04,213.4,12355.8
1763035200000,2025-11-13 14:00:00,213.4,214.05,209.83,210.36,17566.59
1763042400000,2025-11-13 16:00:00,210.36,213.71,206.84,208.33,53645.78
1763049600000,2025-11-13 18:00:00,208.33,208.65,198.09,198.56,59025.73
1763056800000,2025-11-13 20:00:00,198.56,198.96,191.17,192.25,66077.37
1763064000000,2025-11-13 22:00:00,192.25,193.54,190.51,192.94,32630.01
1763071200000,2025-11-14 00:00:00,192.94,201.74,192.44,198.61,42322.95
1763078400000,2025-11-14 02:00:00,198.61,199.78,194.8,195.36,34445.38
1763085600000,2025-11-14 04:00:00,195.36,197.92,192.56,192.94,31443.44
1763092800000,2025-11-14 06:00:00,192.94,193.0,184.61,190.38,53324.98
1763100000000,2025-11-14 08:00:00,190.38,190.39,185.6,185.71,48386.4
1763107200000,2025-11-14 10:00:00,185.71,186.1,182.21,182.82,40483.07
1763114400000,2025-11-14 12:00:00,182.82,185.2,178.99,179.92,41415.4
1763121600000,2025-11-14 14:00:00,179.92,180.01,173.03,176.79,74915.69
1763128800000,2025-11-14 16:00:00,176.79,180.85,173.85,178.99,71942.44
1763136000000,2025-11-14 18:00:00,178.99,183.04,177.3,178.09,47748.46
1763143200000,2025-11-14 20:00:00,178.09,181.16,176.28,180.33,37344.19
1763150400000,2025-11-14 22:00:00,180.33,180.5,174.45,179.11,67683.62
1763157600000,2025-11-15 00:00:00,179.11,180.12,172.64,173.78,50422.2
1763164800000,2025-11-15 02:00:00,173.78,178.83,173.67,177.99,38839.12
1763172000000,2025-11-15 04:00:00,177.99,179.98,177.3,179.03,15802.85
1763179200000,2025-11-15 06:00:00,179.03,180.18,177.37,179.78,12490.19
1763186400000,2025-11-15 08:00:00,179.78,180.53,178.43,179.13,12118.76
1763193600000,2025-11-15 10:00:00,179.13,179.35,175.81,178.68,16328.14
1763200800000,2025-11-15 12:00:00,178.68,180.87,177.74,178.34,17004.64
1763208000000,2025-11-15 14:00:00,178.34,180.96,177.72,180.21,17040.01
1763215200000,2025-11-15 16:00:00,180.21,180.21,178.52,178.96,12302.64
1763222400000,2025-11-15 18:00:00,178.96,182.74,177.89,182.61,25523.97
1763229600000,2025-11-15 20:00:00,182.61,182.62,180.28,180.35,20113.11
1763236800000,2025-11-15 22:00:00,180.35,180.47,177.5,178.07,19002.49
1763244000000,2025-11-16 00:00:00,178.07,179.43,177.65,178.4,13290.65
1763251200000,2025-11-16 02:00:00,178.4,178.82,175.19,177.32,21937.01
1763258400000,2025-11-16 04:00:00,177.32,179.53,176.72,179.43,12939.73
1763265600000,2025-11-16 06:00:00,179.43,181.55,178.5,180.52,12122.85
1763272800000,2025-11-16 08:00:00,180.52,181.68,179.48,181.2,10116.84
1763280000000,2025-11-16 10:00:00,181.2,181.61,179.16,181.56,18899.93
1763287200000,2025-11-16 12:00:00,181.56,182.73,175.94,176.24,36347.83
1763294400000,2025-11-16 14:00:00,176.24,177.68,175.22,176.28,22283.86
1763301600000,2025-11-16 16:00:00,176.28,177.65,172.87,173.18,28070.87
1763308800000,2025-11-16 18:00:00,173.18,174.48,167.66,169.9,68270.0
1763316000000,2025-11-16 20:00:00,169.9,175.09,169.65,172.72,69180.58
1763323200000,2025-11-16 22:00:00,172.72,174.3,170.7,171.68,23198.77
1763330400000,2025-11-17 00:00:00,171.68,174.23,168.65,172.78,34417.61
1763337600000,2025-11-17 02:00:00,172.78,175.59,170.68,172.74,24270.86
1763344800000,2025-11-17 04:00:00,172.74,177.3,172.63,176.97,17300.53
1763352000000,2025-11-17 06:00:00,176.97,178.05,175.97,176.44,11183.53
1763359200000,2025-11-17 08:00:00,176.44,178.96,175.83,178.69,10907.79
1763366400000,2025-11-17 10:00:00,178.69,179.76,177.28,178.99,29299.81
1763373600000,2025-11-17 12:00:00,178.99,180.16,178.22,178.98,13942.99
1763380800000,2025-11-17 14:00:00,178.98,182.33,172.17,173.71,96627.62
1763388000000,2025-11-17 16:00:00,173.71,181.38,172.87,174.18,58334.74
1763395200000,2025-11-17 18:00:00,174.18,176.63,170.2,170.31,43798.31
1763402400000,2025-11-17 20:00:00,170.31,171.88,165.07,165.64,57457.82
1763409600000,2025-11-17 22:00:00,165.64,168.71,164.79,167.64,35209.18
1763416800000,2025-11-18 00:00:00,167.64,169.43,166.93,169.05,14833.95
1763424000000,2025-11-18 02:00:00,169.05,170.33,165.13,168.19,29648.61
1763431200000,2025-11-18 04:00:00,168.19,171.14,165.64,169.95,39703.52
1763438400000,2025-11-18 06:00:00,169.95,172.23,167.06,170.94,28779.64
1763445600000,2025-11-18 08:00:00,170.94,171.84,167.7,171.04,23336.96
1763452800000,2025-11-18 10:00:00,171.04,172.9,170.02,171.88,29691.15
1763460000000,2025-11-18 12:00:00,171.88,172.84,170.85,171.67,13489.4
1763467200000,2025-11-18 14:00:00,171.67,173.35,170.03,172.09,20649.43
1763474400000,2025-11-18 16:00:00,172.09,177.35,171.23,175.95,52469.78
1763481600000,2025-11-18 18:00:00,175.95,179.59,175.06,176.75,38203.35
1763488800000,2025-11-18 20:00:00,176.75,179.43,176.64,177.91,19077.47
1763496000000,2025-11-18 22:00:00,177.91,179.39,176.38,176.5,17754.94
1763503200000,2025-11-19 00:00:00,176.5,178.84,176.49,178.19,12390.89
1763510400000,2025-11-19 02:00:00,178.19,178.58,175.34,177.31,19223.11
1763517600000,2025-11-19 04:00:00,177.31,178.96,174.95,175.43,19559.76
1763524800000,2025-11-19 06:00:00,175.43,176.06,170.02,171.97,32272.04
1763532000000,2025-11-19 08:00:00,171.97,175.36,171.42,175.2,22048.84
1763539200000,2025-11-19 10:00:00,175.2,175.88,173.46,175.5,17245.8
1763546400000,2025-11-19 12:00:00,175.5,176.92,174.05,174.21,14726.92
1763553600000,2025-11-19 14:00:00,174.21,175.61,172.44,172.71,20889.23
1763560800000,2025-11-19 16:00:00,172.71,175.49,167.58,168.26,75011.43
1763568000000,2025-11-19 18:00:00,168.26,169.79,163.7,166.28,52881.43
1763575200000,2025-11-19 20:00:00,166.28,166.85,163.56,164.68,44747.82
1763582400000,2025-11-19 22:00:00,164.68,174.56,164.27,174.16,52792.71
1763589600000,2025-11-20 00:00:00,174.16,175.07,172.28,174.43,21405.9
1763596800000,2025-11-20 02:00:00,174.43,175.17,173.28,175.02,16509.44
1763604000000,2025-11-20 04:00:00,175.02,176.72,174.38,176.16,17170.76
1763611200000,2025-11-20 06:00:00,176.16,177.78,175.02,176.55,17021.97
1763618400000,2025-11-20 08:00:00,176.55,178.66,175.76,178.52,14826.18
1763625600000,2025-11-20 10:00:00,178.52,178.97,176.08,176.8,17018.05
1763632800000,2025-11-20 12:00:00,176.8,177.91,175.83,177.77,11054.87
1763640000000,2025-11-20 14:00:00,177.77,179.73,175.87,176.53,39921.1
1763647200000,2025-11-20 16:00:00,176.53,177.9,172.91,173.11,49349.04
1763654400000,2025-11-20 18:00:00,173.11,173.51,160.66,161.99,147572.16
1763661600000,2025-11-20 20:00:00,161.99,164.26,159.26,163.82,51872.8
1763668800000,2025-11-20 22:00:00,163.82,166.6,161.95,165.14,30248.81
1763676000000,2025-11-21 00:00:00,165.14,167.27,163.78,164.62,46736.32
1763683200000,2025-11-21 02:00:00,164.62,167.94,164.58,166.13,21786.66
1763690400000,2025-11-21 04:00:00,166.13,166.14,161.66,163.3,50530.57
1763697600000,2025-11-21 06:00:00,163.3,164.48,161.51,162.79,29591.48
1763704800000,2025-11-21 08:00:00,162.79,163.51,146.63,156.14,164945.48
1763712000000,2025-11-21 10:00:00,156.14,158.87,154.16,154.31,59795.51
1763719200000,2025-11-21 12:00:00,154.31,156.22,152.3,152.9,46951.27
1763726400000,2025-11-21 14:00:00,152.9,157.36,148.75,155.1,106466.96
1763733600000,2025-11-21 16:00:00,155.1,157.45,151.66,152.47,67935.63
1763740800000,2025-11-21 18:00:00,152.47,159.28,150.95,157.4,60131.51
1763748000000,2025-11-21 20:00:00,157.4,159.5,154.24,156.55,30827.92
1763755200000,2025-11-21 22:00:00,156.55,158.83,153.75,157.64,24367.31
1763762400000,2025-11-22 00:00:00,157.64,158.11,153.56,157.67,21719.16
1763769600000,2025-11-22 02:00:00,157.67,160.42,157.54,160.28,20622.33
1763776800000,2025-11-22 04:00:00,160.28,160.4,158.25,159.16,17722.28
1763784000000,2025-11-22 06:00:00,159.16,159.29,156.54,157.73,16958.31
1763791200000,2025-11-22 08:00:00,157.73,160.12,156.62,158.83,15215.01
1763798400000,2025-11-22 10:00:00,158.83,159.1,155.19,156.32,26042.62
1763805600000,2025-11-22 12:00:00,156.32,158.13,155.22,157.03,17823.0
1763812800000,2025-11-22 14:00:00,157.03,157.04,155.01,156.06,16844.69
1763820000000,2025-11-22 16:00:00,156.06,158.81,155.89,157.86,20375.53
1763827200000,2025-11-22 18:00:00,157.86,159.31,157.69,158.01,16351.15
1763834400000,2025-11-22 20:00:00,158.01,160.4,157.6,159.16,21911.77
1763841600000,2025-11-22 22:00:00,159.16,160.23,158.19,159.79,14704.58
1763848800000,2025-11-23 00:00:00,159.79,163.42,158.9,161.04,22047.2
1763856000000,2025-11-23 02:00:00,161.04,163.14,160.21,162.34,17837.87
1763863200000,2025-11-23 04:00:00,162.34,164.05,162.05,163.85,15682.63
1763870400000,2025-11-23 06:00:00,163.85,165.57,163.64,164.14,24055.88
1763877600000,2025-11-23 08:00:00,164.14,164.43,162.06,163.26,12986.12
1763884800000,2025-11-23 10:00:00,163.26,165.02,163.17,164.36,10136.04
1763892000000,2025-11-23 12:00:00,164.36,164.51,162.47,163.37,14480.6
1763899200000,2025-11-23 14:00:00,163.37,164.85,163.2,164.49,14876.6
1763906400000,2025-11-23 16:00:00,164.49,165.25,162.16,164.83,19378.15
1763913600000,2025-11-23 18:00:00,164.83,166.35,163.9,165.19,31584.42
1763920800000,2025-11-23 20:00:00,165.19,170.34,165.15,168.41,28549.87
1763928000000,2025-11-23 22:00:00,168.41,171.49,167.22,170.85,23893.02
1763935200000,2025-11-24 00:00:00,170.85,171.44,166.58,167.33,28848.89
1763942400000,2025-11-24 02:00:00,167.33,168.49,165.44,168.22,21450.5
1763949600000,2025-11-24 04:00:00,168.22,173.38,168.01,172.04,31526.28
1763956800000,2025-11-24 06:00:00,172.04,174.13,170.34,172.4,27209.2
1763964000000,2025-11-24 08:00:00,172.4,172.49,169.95,170.55,19692.92
1763971200000,2025-11-24 10:00:00,170.55,171.62,167.78,168.73,21103.75
1763978400000,2025-11-24 12:00:00,168.73,172.05,168.63,170.73,22802.49
1763985600000,2025-11-24 14:00:00,170.73,170.85,168.42,169.16,23065.76
1763992800000,2025-11-24 16:00:00,169.16,172.14,166.98,171.21,46901.48
1764000000000,2025-11-24 18:00:00,171.21,176.34,170.86,176.05,45845.72
1764007200000,2025-11-24 20:00:00,176.05,177.99,175.1,177.68,36225.76
1764014400000,2025-11-24 22:00:00,177.68,179.36,177.22,179.05,26331.64
1764021600000,2025-11-25 00:00:00,179.05,180.04,177.86,178.39,12877.02
1764028800000,2025-11-25 02:00:00,178.39,179.39,177.29,178.05,13300.67
1764036000000,2025-11-25 04:00:00,178.05,180.27,177.18,178.08,15094.35
1764043200000,2025-11-25 06:00:00,178.08,180.66,177.86,179.9,20264.26
1764050400000,2025-11-25 08:00:00,179.9,180.36,178.39,178.72,15826.27
1764057600000,2025-11-25 10:00:00,178.72,179.83,176.24,177.77,37872.53
1764064800000,2025-11-25 12:00:00,177.77,178.22,176.52,177.32,13352.34
1764072000000,2025-11-25 14:00:00,177.32,180.16,177.02,177.3,22938.32
1764079200000,2025-11-25 16:00:00,177.3,178.51,174.01,176.05,43954.71
1764086400000,2025-11-25 18:00:00,176.05,178.67,175.72,177.26,27247.54
1764093600000,2025-11-25 20:00:00,177.26,178.86,174.3,177.64,27828.47
1764100800000,2025-11-25 22:00:00,177.64,178.64,176.8,177.28,13646.6
1764108000000,2025-11-26 00:00:00,177.28,181.34,175.37,178.84,26636.7
1764115200000,2025-11-26 02:00:00,178.84,180.8,178.4,180.04,15128.05
1764122400000,2025-11-26 04:00:00,180.04,180.15,176.52,176.82,13904.48
1764129600000,2025-11-26 06:00:00,176.82,178.11,176.41,177.65,12502.01
1764136800000,2025-11-26 08:00:00,177.65,178.9,177.23,178.5,18089.46
1764144000000,2025-11-26 10:00:00,178.5,178.51,175.89,176.32,11856.86
1764151200000,2025-11-26 12:00:00,176.32,177.27,175.46,176.52,7589.44
1764158400000,2025-11-26 14:00:00,176.52,178.08,174.73,178.0,14805.84
1764165600000,2025-11-26 16:00:00,178.0,178.86,175.9,177.57,20032.32
1764172800000,2025-11-26 18:00:00,177.57,183.85,177.55,183.45,34177.83
1764180000000,2025-11-26 20:00:00,183.45,188.67,183.33,187.49,38545.48
1764187200000,2025-11-26 22:00:00,187.49,188.02,184.63,186.58,23810.99
1764194400000,2025-11-27 00:00:00,186.58,187.23,184.79,185.65,16877.14
1764201600000,2025-11-27 02:00:00,185.65,186.9,184.84,186.69,13691.07
1764208800000,2025-11-27 04:00:00,186.69,187.77,185.44,185.48,14031.88
1764216000000,2025-11-27 06:00:00,185.48,187.09,185.11,185.37,16551.36
1764223200000,2025-11-27 08:00:00,185.37,186.84,185.36,185.89,8685.27
1764230400000,2025-11-27 10:00:00,185.89,185.89,182.15,182.17,33570.23
1764237600000,2025-11-27 12:00:00,182.17,183.42,181.79,182.95,8210.2
1764244800000,2025-11-27 14:00:00,182.95,183.47,181.87,183.0,11306.65
1764252000000,2025-11-27 16:00:00,183.0,185.48,182.79,185.15,10943.33
1764259200000,2025-11-27 18:00:00,185.15,186.82,184.8,186.36,16620.33
1764266400000,2025-11-27 20:00:00,186.36,187.62,186.01,186.76,13975.26
1764273600000,2025-11-27 22:00:00,186.76,187.85,186.3,187.1,8454.01
1764280800000,2025-11-28 00:00:00,187.1,187.3,185.35,185.84,9404.73
1764288000000,2025-11-28 02:00:00,185.84,186.21,182.38,182.51,12889.9
1764295200000,2025-11-28 04:00:00,182.51,186.36,182.41,186.33,16905.99
1764302400000,2025-11-28 06:00:00,186.33,187.09,185.48,186.03,15736.9
1764309600000,2025-11-28 08:00:00,186.03,186.03,184.51,184.9,9945.56
1764316800000,2025-11-28 10:00:00,184.9,189.42,184.87,187.54,21161.97
1764324000000,2025-11-28 12:00:00,187.54,188.15,184.81,185.51,13030.78
1764331200000,2025-11-28 14:00:00,185.51,187.71,184.55,186.67,16583.03
1764338400000,2025-11-28 16:00:00,186.67,187.66,184.72,185.86,22184.77
1764345600000,2025-11-28 18:00:00,185.86,185.87,182.03,183.44,34683.23
1764352800000,2025-11-28 20:00:00,183.44,186.62,182.49,186.27,21638.23
1764360000000,2025-11-28 22:00:00,186.27,186.85,185.28,185.35,8543.18
1764367200000,2025-11-29 00:00:00,185.35,186.3,184.64,185.13,7448.22
1764374400000,2025-11-29 02:00:00,185.13,186.3,184.91,185.36,8301.44
1764381600000,2025-11-29 04:00:00,185.36,185.81,183.76,183.95,11807.49
1764388800000,2025-11-29 06:00:00,183.95,186.59,183.67,185.75,7612.29
1764396000000,2025-11-29 08:00:00,185.75,185.97,182.88,183.78,19529.8
1764403200000,2025-11-29 10:00:00,183.78,184.46,183.01,183.2,10169.33
1764410400000,2025-11-29 12:00:00,183.2,184.24,182.51,183.95,9866.04
1764417600000,2025-11-29 14:00:00,183.95,184.35,182.61,183.27,8809.91
1764424800000,2025-11-29 16:00:00,183.27,184.71,182.23,183.76,13099.07
1764432000000,2025-11-29 18:00:00,183.76,183.77,181.51,181.79,25268.39
1764439200000,2025-11-29 20:00:00,181.79,182.91,180.77,182.9,20793.22
1764446400000,2025-11-29 22:00:00,182.9,183.59,182.16,182.54,6650.17
1764453600000,2025-11-30 00:00:00,182.54,182.58,181.34,181.94,8136.72
1764460800000,2025-11-30 02:00:00,181.94,182.98,181.88,182.31,4593.07
1764468000000,2025-11-30 04:00:00,182.31,189.79,180.99,189.74,35607.46
1764475200000,2025-11-30 06:00:00,189.74,190.61,184.74,184.99,33218.66
1764482400000,2025-11-30 08:00:00,184.99,186.22,184.19,185.38,12695.92
1764489600000,2025-11-30 10:00:00,185.38,186.32,184.31,185.46,20483.04
1764496800000,2025-11-30 12:00:00,185.46,185.61,177.01,177.62,63017.97
1764504000000,2025-11-30 14:00:00,177.62,181.39,177.48,181.28,36410.94
1764511200000,2025-11-30 16:00:00,181.28,181.44,179.02,180.13,13773.23
1764518400000,2025-11-30 18:00:00,180.13,181.79,179.71,180.75,13924.53
1764525600000,2025-11-30 20:00:00,180.75,180.78,179.82,180.15,7440.9
1764532800000,2025-11-30 22:00:00,180.15,180.8,178.78,179.42,7017.92
1764540000000,2025-12-01 00:00:00,179.42,180.92,177.15,177.32,13863.48
1764547200000,2025-12-01 02:00:00,177.32,178.02,168.75,171.05,95015.26
1764554400000,2025-12-01 04:00:00,171.05,172.21,166.51,166.8,37654.77
1764561600000,2025-12-01 06:00:00,166.8,167.51,165.55,166.33,17914.24
1764568800000,2025-12-01 08:00:00,166.33,166.85,165.24,166.4,17001.94
1764576000000,2025-12-01 10:00:00,166.4,166.73,164.81,165.28,19356.47
1764583200000,2025-12-01 12:00:00,165.28,168.48,165.26,167.9,24350.01
1764590400000,2025-12-01 14:00:00,167.9,169.29,165.19,167.0,33884.4
1764597600000,2025-12-01 16:00:00,167.0,167.72,162.17,164.5,48148.38
1764604800000,2025-12-01 18:00:00,164.5,165.19,162.56,163.94,33286.6
1764612000000,2025-12-01 20:00:00,163.94,165.23,162.85,164.24,17760.55
1764619200000,2025-12-01 22:00:00,164.24,169.01,164.22,168.07,26290.8
1764626400000,2025-12-02 00:00:00,168.07,172.53,168.01,171.25,22725.49
1764633600000,2025-12-02 02:00:00,171.25,173.28,170.12,170.13,13503.91
1764640800000,2025-12-02 04:00:00,170.13,170.32,168.28,169.3,14293.22
1764648000000,2025-12-02 06:00:00,169.3,170.53,168.75,169.08,7573.61
1764655200000,2025-12-02 08:00:00,169.08,169.72,168.45,168.81,7708.98
1764662400000,2025-12-02 10:00:00,168.81,169.26,167.1,168.1,23832.21
1764669600000,2025-12-02 12:00:00,168.1,171.4,168.09,170.52,15490.51
1764676800000,2025-12-02 14:00:00,170.52,171.93,169.52,171.13,17752.13
1764684000000,2025-12-02 16:00:00,171.13,184.87,170.71,183.94,84094.33
1764691200000,2025-12-02 18:00:00,183.94,187.03,182.81,186.38,36101.25
1764698400000,2025-12-02 20:00:00,186.38,189.99,186.32,187.09,23974.63
1764705600000,2025-12-02 22:00:00,187.09,187.78,184.93,187.58,20629.19
1764712800000,2025-12-03 00:00:00,187.58,190.76,187.42,189.81,22608.41
1764720000000,2025-12-03 02:00:00,189.81,191.65,189.23,190.3,20942.91
1764727200000,2025-12-03 04:00:00,190.3,191.96,189.61,190.29,18408.08
1764734400000,2025-12-03 06:00:00,190.29,194.0,190.23,192.6,38465.47
1764741600000,2025-12-03 08:00:00,192.6,193.84,191.52,193.44,22634.95
1764748800000,2025-12-03 10:00:00,193.44,194.69,191.5,192.68,29004.41
1764756000000,2025-12-03 12:00:00,192.68,193.72,191.21,192.44,18126.2
1764763200000,2025-12-03 14:00:00,192.44,194.26,192.27,194.16,16062.68
1764770400000,2025-12-03 16:00:00,194.16,195.72,190.21,192.8,52518.15
1764777600000,2025-12-03 18:00:00,192.8,194.55,191.08,194.36,21473.39
1764784800000,2025-12-03 20:00:00,194.36,195.59,193.37,195.46,17206.07
1764792000000,2025-12-03 22:00:00,195.46,198.63,195.07,198.21,31918.2
1764799200000,2025-12-04 00:00:00,198.21,200.45,197.4,197.71,32854.35
1764806400000,2025-12-04 02:00:00,197.71,199.26,196.07,196.5,18589.55
1764813600000,2025-12-04 04:00:00,196.5,198.56,195.89,197.52,13362.59
1764820800000,2025-12-04 06:00:00,197.52,197.75,193.01,193.81,19960.06
1764828000000,2025-12-04 08:00:00,193.81,195.17,192.79,193.11,15655.32
1764835200000,2025-12-04 10:00:00,193.11,194.28,192.18,193.77,11801.43
1764842400000,2025-12-04 12:00:00,193.77,194.32,193.12,194.21,8191.72
1764849600000,2025-12-04 14:00:00,194.21,195.35,192.41,192.42,13751.27
1764856800000,2025-12-04 16:00:00,192.42,196.77,192.12,195.58,24547.74
1764864000000,2025-12-04 18:00:00,195.58,195.93,191.56,192.46,16647.34
1764871200000,2025-12-04 20:00:00,192.46,193.25,187.25,190.35,31061.24
1764878400000,2025-12-04 22:00:00,190.35,191.89,189.66,190.0,9213.05
1764885600000,2025-12-05 00:00:00,190.0,191.77,190.0,190.37,6340.02
1764892800000,2025-12-05 02:00:00,190.37,191.7,190.12,191.05,8014.1
1764900000000,2025-12-05 04:00:00,191.05,193.44,190.71,191.94,11127.51
1764907200000,2025-12-05 06:00:00,191.94,192.21,190.04,190.25,7487.64
1764914400000,2025-12-05 08:00:00,190.25,192.72,190.25,191.76,8898.98
1764921600000,2025-12-05 10:00:00,191.76,191.76,187.9,188.88,23064.96
1764928800000,2025-12-05 12:00:00,188.88,190.69,188.16,189.16,13762.61
1764936000000,2025-12-05 14:00:00,189.16,189.67,187.07,188.03,17088.99
1764943200000,2025-12-05 16:00:00,188.03,192.97,187.35,188.39,32144.8
1764950400000,2025-12-05 18:00:00,188.39,188.6,181.85,184.46,58128.65
1764957600000,2025-12-05 20:00:00,184.46,186.18,181.3,184.37,28233.59
1764964800000,2025-12-05 22:00:00,184.37,185.01,182.94,183.69,10520.62
1764972000000,2025-12-06 00:00:00,183.69,184.66,182.82,183.32,6437.38
1764979200000,2025-12-06 02:00:00,183.32,184.26,182.11,183.19,5838.12
1764986400000,2025-12-06 04:00:00,183.19,184.85,182.48,183.71,3882.08
1764993600000,2025-12-06 06:00:00,183.71,184.52,182.81,183.86,3264.13
1765000800000,2025-12-06 08:00:00,183.86,185.13,183.18,183.25,5338.5
1765008000000,2025-12-06 10:00:00,183.25,184.5,181.99,183.84,7966.76
1765015200000,2025-12-06 12:00:00,183.84,184.53,182.42,184.49,5949.28
1765022400000,2025-12-06 14:00:00,184.49,185.79,183.83,185.24,6324.74
1765029600000,2025-12-06 16:00:00,185.24,187.95,184.74,187.19,23716.74
1765036800000,2025-12-06 18:00:00,187.19,191.41,187.1,188.51,22398.42
1765044000000,2025-12-06 20:00:00,188.51,188.97,186.46,187.01,18625.77
1765051200000,2025-12-06 22:00:00,187.01,188.99,186.68,188.0,7258.08
1765058400000,2025-12-07 00:00:00,188.0,188.12,186.34,187.3,9832.75
1765065600000,2025-12-07 02:00:00,187.3,190.74,187.05,189.84,34230.33
1765072800000,2025-12-07 04:00:00,189.84,190.97,189.19,189.97,16891.67
1765080000000,2025-12-07 06:00:00,189.97,190.11,187.39,188.62,55628.5
1765087200000,2025-12-07 08:00:00,188.62,189.57,188.42,189.45,4897.4
1765094400000,2025-12-07 10:00:00,189.45,190.21,187.76,188.2,11291.46
1765101600000,2025-12-07 12:00:00,188.2,189.98,187.19,188.56,13085.15
1765108800000,2025-12-07 14:00:00,188.56,189.87,187.78,188.21,8862.6
1765116000000,2025-12-07 16:00:00,188.21,188.49,181.75,188.06,67435.83
1765123200000,2025-12-07 18:00:00,188.06,192.77,185.27,191.15,40599.96
1765130400000,2025-12-07 20:00:00,191.15,194.99,191.12,193.7,29722.7
1765137600000,2025-12-07 22:00:00,193.7,194.02,187.93,189.23,26642.57
1765144800000,2025-12-08 00:00:00,189.23,189.23,184.02,187.33,31338.13
1765152000000,2025-12-08 02:00:00,187.33,192.56,185.72,189.75,23356.43
1765159200000,2025-12-08 04:00:00,189.75,190.73,189.04,189.98,8937.58
1765166400000,2025-12-08 06:00:00,189.98,192.6,189.94,191.68,10722.42
1765173600000,2025-12-08 08:00:00,191.68,193.33,191.19,193.03,13224.96
1765180800000,2025-12-08 10:00:00,193.03,195.83,192.03,194.9,18503.6
1765188000000,2025-12-08 12:00:00,194.9,197.28,194.42,197.15,17924.42
1765195200000,2025-12-08 14:00:00,197.15,197.31,194.46,195.94,24270.33
1765202400000,2025-12-08 16:00:00,195.94,199.95,192.19,192.64,72652.69
1765209600000,2025-12-08 18:00:00,192.64,193.8,189.47,191.48,32799.69
1765216800000,2025-12-08 20:00:00,191.48,192.61,189.24,191.21,18056.1
1765224000000,2025-12-08 22:00:00,191.21,194.14,190.66,193.59,13920.78
1765231200000,2025-12-09 00:00:00,193.59,193.74,191.02,191.36,11353.27
1765238400000,2025-12-09 02:00:00,191.36,192.45,190.1,191.0,9011.87
1765245600000,2025-12-09 04:00:00,191.0,191.91,188.66,190.38,33319.69
1765252800000,2025-12-09 06:00:00,190.38,190.54,187.69,188.24,12452.34
1765260000000,2025-12-09 08:00:00,188.24,190.4,187.53,190.1,9472.03
1765267200000,2025-12-09 10:00:00,190.1,190.4,187.78,188.07,6758.51
1765274400000,2025-12-09 12:00:00,188.07,188.8,187.07,188.63,8534.53
1765281600000,2025-12-09 14:00:00,188.63,190.5,187.32,187.64,18867.64
1765288800000,2025-12-09 16:00:00,187.64,197.13,187.04,196.26,60417.78
1765296000000,2025-12-09 18:00:00,196.26,206.28,196.26,205.04,88540.32
1765303200000,2025-12-09 20:00:00,205.04,205.9,203.09,204.79,21007.93
1765310400000,2025-12-09 22:00:00,204.79,205.18,200.9,201.83,34372.47
1765317600000,2025-12-10 00:00:00,201.83,206.2,201.59,202.29,26187.4
1765324800000,2025-12-10 02:00:00,202.29,203.39,198.62,199.33,20042.47
1765332000000,2025-12-10 04:00:00,199.33,201.13,198.34,200.32,9935.95
1765339200000,2025-12-10 06:00:00,200.32,201.23,199.32,199.51,11710.31
1765346400000,2025-12-10 08:00:00,199.51,200.18,198.55,200.13,7810.02
1765353600000,2025-12-10 10:00:00,200.13,200.63,197.86,199.93,10593.28
1765360800000,2025-12-10 12:00:00,199.93,202.54,196.17,197.41,21990.92
1765368000000,2025-12-10 14:00:00,197.41,199.6,196.73,198.3,13106.39
1765375200000,2025-12-10 16:00:00,198.3,199.82,196.63,198.01,22451.67
1765382400000,2025-12-10 18:00:00,198.01,201.65,197.49,200.46,20059.31
1765389600000,2025-12-10 20:00:00,200.46,205.1,199.29,202.72,66020.1
1765396800000,2025-12-10 22:00:00,202.72,207.15,197.93,197.99,45893.06
1765404000000,2025-12-11 00:00:00,197.99,199.46,196.22,196.8,14281.12
1765411200000,2025-12-11 02:00:00,196.8,197.18,191.41,191.54,25925.78
1765418400000,2025-12-11 04:00:00,191.54,191.7,187.13,187.52,33442.48
1765425600000,2025-12-11 06:00:00,187.52,191.66,186.82,191.45,21574.3
1765432800000,2025-12-11 08:00:00,191.45,191.46,189.12,189.4,8994.43
1765440000000,2025-12-11 10:00:00,189.4,190.37,188.02,188.94,13169.66
1765447200000,2025-12-11 12:00:00,188.94,190.64,188.28,190.14,8415.95
1765454400000,2025-12-11 14:00:00,190.14,191.98,189.46,191.64,16854.59
1765461600000,2025-12-11 16:00:00,191.64,192.9,188.26,190.78,38932.78
1765468800000,2025-12-11 18:00:00,190.78,193.07,189.19,191.24,21273.22
1765476000000,2025-12-11 20:00:00,191.24,195.85,190.91,193.68,31865.32
1765483200000,2025-12-11 22:00:00,193.68,201.78,193.56,200.91,42749.4
1765490400000,2025-12-12 00:00:00,200.91,203.19,199.97,202.33,20007.08
1765497600000,2025-12-12 02:00:00,202.33,205.76,200.89,203.72,28776.42
1765504800000,2025-12-12 04:00:00,203.72,206.74,202.81,204.3,21516.8
1765512000000,2025-12-12 06:00:00,204.3,204.51,202.13,204.07,15864.16
1765519200000,2025-12-12 08:00:00,204.07,206.16,203.86,204.22,17240.14
1765526400000,2025-12-12 10:00:00,204.22,205.67,203.09,205.41,11536.04
1765533600000,2025-12-12 12:00:00,205.41,206.61,204.6,205.64,12518.28
1765540800000,2025-12-12 14:00:00,205.64,205.64,203.26,204.52,16162.92
1765548000000,2025-12-12 16:00:00,204.52,204.96,191.63,192.78,79193.55
1765555200000,2025-12-12 18:00:00,192.78,193.58,189.21,190.79,57078.47
1765562400000,2025-12-12 20:00:00,190.79,193.99,190.02,191.12,27528.39
1765569600000,2025-12-12 22:00:00,191.12,192.0,190.09,190.83,15700.16
1765576800000,2025-12-13 00:00:00,190.83,192.8,190.83,191.16,12271.91
1765584000000,2025-12-13 02:00:00,191.16,194.29,191.1,193.45,12730.85
1765591200000,2025-12-13 04:00:00,193.45,194.78,193.34,194.28,6903.49
1765598400000,2025-12-13 06:00:00,194.28,195.36,193.94,195.21,8118.99
1765605600000,2025-12-13 08:00:00,195.21,195.61,193.25,195.57,7395.19
1765612800000,2025-12-13 10:00:00,195.57,201.96,195.57,201.79,23828.28
1765620000000,2025-12-13 12:00:00,201.79,202.5,198.25,198.93,20120.39
1765627200000,2025-12-13 14:00:00,198.93,199.84,196.96,197.74,11777.76
1765634400000,2025-12-13 16:00:00,197.74,199.88,197.28,198.37,12505.02
1765641600000,2025-12-13 18:00:00,198.37,199.27,196.19,196.63,9507.37
1765648800000,2025-12-13 20:00:00,196.63,198.42,196.49,197.87,10943.93
1765656000000,2025-12-13 22:00:00,197.87,197.95,195.33,196.82,10156.72
1765663200000,2025-12-14 00:00:00,196.82,197.81,196.29,197.35,6753.36
1765670400000,2025-12-14 02:00:00,197.35,197.85,196.15,196.49,7103.41
1765677600000,2025-12-14 04:00:00,196.49,198.01,195.81,195.91,5245.51
1765684800000,2025-12-14 06:00:00,195.91,196.02,193.32,193.89,13269.37
1765692000000,2025-12-14 08:00:00,193.89,194.73,192.96,194.51,7172.73
1765699200000,2025-12-14 10:00:00,194.51,195.53,193.54,194.45,8653.69
1765706400000,2025-12-14 12:00:00,194.45,195.1,191.15,193.45,22388.4
1765713600000,2025-12-14 14:00:00,193.45,194.88,192.43,194.19,11144.73
1765720800000,2025-12-14 16:00:00,194.19,194.67,190.88,191.37,19466.59
1765728000000,2025-12-14 18:00:00,191.37,192.65,189.93,190.3,18049.93
1765735200000,2025-12-14 20:00:00,190.3,191.8,189.31,189.84,10088.82
1765742400000,2025-12-14 22:00:00,189.84,190.93,188.01,188.4,17848.21
1765749600000,2025-12-15 00:00:00,188.4,189.6,185.71,188.43,29541.98
1765756800000,2025-12-15 02:00:00,188.43,193.55,187.91,193.04,20637.66
1765764000000,2025-12-15 04:00:00,193.04,196.09,192.69,193.05,18716.19
1765771200000,2025-12-15 06:00:00,193.05,195.06,192.05,194.46,8592.07
1765778400000,2025-12-15 08:00:00,194.46,196.59,193.47,194.69,15098.54
1765785600000,2025-12-15 10:00:00,194.69,195.14,193.78,194.71,7614.51
1765792800000,2025-12-15 12:00:00,194.71,196.21,194.05,195.47,21843.19
1765800000000,2025-12-15 14:00:00,195.47,195.82,192.8,193.15,13345.8
1765807200000,2025-12-15 16:00:00,193.15,195.88,182.81,184.37,85497.92
1765814400000,2025-12-15 18:00:00,184.37,184.9,180.16,180.38,43615.41
1765821600000,2025-12-15 20:00:00,180.38,185.03,179.13,183.32,40723.24
1765828800000,2025-12-15 22:00:00,183.32,186.16,180.94,186.09,29522.67
1765836000000,2025-12-16 00:00:00,186.09,195.38,184.62,192.8,47445.91
1765843200000,2025-12-16 02:00:00,192.8,193.22,188.96,191.0,22959.61
1765850400000,2025-12-16 04:00:00,191.0,191.88,186.34,186.83,26926.88
1765857600000,2025-12-16 06:00:00,186.83,187.91,183.2,187.13,36767.86
1765864800000,2025-12-16 08:00:00,187.13,188.69,186.04,186.68,16321.5
1765872000000,2025-12-16 10:00:00,186.68,187.48,185.27,185.51,8326.17
1765879200000,2025-12-16 12:00:00,185.51,189.75,185.31,188.01,22151.54
1765886400000,2025-12-16 14:00:00,188.01,191.18,184.87,185.05,34454.37
1765893600000,2025-12-16 16:00:00,185.05,190.25,183.91,189.31,45732.15
1765900800000,2025-12-16 18:00:00,189.31,191.69,185.2,185.31,86726.0
1765908000000,2025-12-16 20:00:00,185.31,188.51,184.73,185.29,27313.75
1765915200000,2025-12-16 22:00:00,185.29,186.49,184.46,185.84,15245.97
1765922400000,2025-12-17 00:00:00,185.84,186.27,184.65,186.09,9018.01
1765929600000,2025-12-17 02:00:00,186.09,188.01,184.98,185.81,12197.54
1765936800000,2025-12-17 04:00:00,185.81,187.43,185.0,186.35,10202.4
1765944000000,2025-12-17 06:00:00,186.35,186.42,183.11,184.14,21033.31
1765951200000,2025-12-17 08:00:00,184.14,186.39,184.1,185.26,15938.59
1765958400000,2025-12-17 10:00:00,185.26,185.26,183.39,183.43,27214.96
1765965600000,2025-12-17 12:00:00,183.43,184.59,182.72,184.05,16289.14
1765972800000,2025-12-17 14:00:00,184.05,186.45,183.14,185.78,22379.81
1765980000000,2025-12-17 16:00:00,185.78,192.7,181.77,182.96,101895.13
1765987200000,2025-12-17 18:00:00,182.96,184.63,178.13,178.69,102769.37
1765994400000,2025-12-17 20:00:00,178.69,180.94,176.68,179.9,57438.26
1766001600000,2025-12-17 22:00:00,179.9,181.27,177.87,178.14,23559.15
1766008800000,2025-12-18 00:00:00,178.14,179.99,177.49,179.88,10713.51
1766016000000,2025-12-18 02:00:00,179.88,180.04,177.27,178.12,11218.76
1766023200000,2025-12-18 04:00:00,178.12,180.05,177.15,177.88,10230.96
1766030400000,2025-12-18 06:00:00,177.88,179.03,176.16,176.27,17349.02
1766037600000,2025-12-18 08:00:00,176.27,177.9,175.78,177.11,11605.95
1766044800000,2025-12-18 10:00:00,177.11,180.44,176.89,178.66,27143.15
1766052000000,2025-12-18 12:00:00,178.66,179.45,176.47,176.7,21126.56
1766059200000,2025-12-18 14:00:00,176.7,183.88,176.16,183.16,59815.33
1766066400000,2025-12-18 16:00:00,183.16,185.19,179.56,183.11,42931.92
1766073600000,2025-12-18 18:00:00,183.11,183.18,171.26,174.5,70050.44
1766080800000,2025-12-18 20:00:00,174.5,176.59,169.31,169.78,57324.48
1766088000000,2025-12-18 22:00:00,169.78,174.49,169.72,174.36,31644.74
1766095200000,2025-12-19 00:00:00,174.36,175.03,173.2,173.46,12618.96
1766102400000,2025-12-19 02:00:00,173.46,174.32,171.94,172.91,23076.88
1766109600000,2025-12-19 04:00:00,172.91,179.76,171.72,178.32,42235.6
1766116800000,2025-12-19 06:00:00,178.32,179.82,178.3,178.66,20512.3
1766124000000,2025-12-19 08:00:00,178.66,183.48,177.67,181.98,29209.58
1766131200000,2025-12-19 10:00:00,181.98,182.66,180.7,181.14,12558.98
1766138400000,2025-12-19 12:00:00,181.14,182.18,180.29,181.39,10643.91
1766145600000,2025-12-19 14:00:00,181.39,182.35,180.95,182.22,10775.44
1766152800000,2025-12-19 16:00:00,182.22,185.8,180.78,183.06,43320.51
1766160000000,2025-12-19 18:00:00,183.06,186.79,181.67,181.74,29888.98
1766167200000,2025-12-19 20:00:00,181.74,186.1,181.56,185.25,22771.48
1766174400000,2025-12-19 22:00:00,185.25,187.37,182.87,183.03,22762.62
1766181600000,2025-12-20 00:00:00,183.03,184.37,181.18,181.5,15355.82
1766188800000,2025-12-20 02:00:00,181.5,182.28,180.12,180.45,11127.07
1766196000000,2025-12-20 04:00:00,180.45,182.35,180.1,181.41,11375.62
1766203200000,2025-12-20 06:00:00,181.41,182.64,181.21,181.44,10960.83
1766210400000,2025-12-20 08:00:00,181.44,182.34,181.4,182.17,16893.98
1766217600000,2025-12-20 10:00:00,182.17,183.11,181.6,181.66,12376.08
1766224800000,2025-12-20 12:00:00,181.66,182.15,180.71,182.07,8383.64
1766232000000,2025-12-20 14:00:00,182.07,182.29,180.19,180.92,14239.5
1766239200000,2025-12-20 16:00:00,180.92,182.25,179.93,182.08,13077.6
1766246400000,2025-12-20 18:00:00,182.08,182.28,180.98,181.35,18575.5
1766253600000,2025-12-20 20:00:00,181.35,181.57,180.75,181.08,7298.06
1766260800000,2025-12-20 22:00:00,181.08,181.45,180.53,180.6,5372.69
1766268000000,2025-12-21 00:00:00,180.6,180.67,179.51,179.78,8560.28
1766275200000,2025-12-21 02:00:00,179.78,179.98,176.8,177.36,13950.54
1766282400000,2025-12-21 04:00:00,177.36,178.39,176.62,177.91,17227.63
1766289600000,2025-12-21 06:00:00,177.91,178.55,177.29,177.37,6316.4
1766296800000,2025-12-21 08:00:00,177.37,177.78,177.07,177.58,4553.96
1766304000000,2025-12-21 10:00:00,177.58,179.93,177.05,179.3,19762.7
1766311200000,2025-12-21 12:00:00,179.3,179.79,177.63,177.9,12505.88
1766318400000,2025-12-21 14:00:00,177.9,178.52,173.03,173.45,32155.21
1766325600000,2025-12-21 16:00:00,173.45,175.62,173.15,175.18,21519.26
1766332800000,2025-12-21 18:00:00,175.18,177.09,174.9,176.08,11931.09
1766340000000,2025-12-21 20:00:00,176.08,177.0,175.22,176.51,7236.65
1766347200000,2025-12-21 22:00:00,176.51,176.7,165.97,166.96,65570.44
1766354400000,2025-12-22 00:00:00,166.96,167.69,156.16,165.06,184645.72
1766361600000,2025-12-22 02:00:00,165.06,166.49,160.7,162.88,86791.48
1766368800000,2025-12-22 04:00:00,162.88,162.9,160.23,162.51,40106.82
1766376000000,2025-12-22 06:00:00,162.51,162.74,159.25,160.26,36782.59
1766383200000,2025-12-22 08:00:00,160.26,161.8,159.68,160.44,38441.78
1766390400000,2025-12-22 10:00:00,160.44,162.98,158.39,159.93,51388.56
1766397600000,2025-12-22 12:00:00,159.93,159.98,157.89,158.97,37861.46
1766404800000,2025-12-22 14:00:00,158.97,159.29,154.63,155.71,86383.16
1766412000000,2025-12-22 16:00:00,155.71,158.27,153.33,154.25,108678.55
1766419200000,2025-12-22 18:00:00,154.25,158.44,153.34,156.64,96251.6
1766426400000,2025-12-22 20:00:00,156.64,158.28,152.4,153.19,84035.86
1766433600000,2025-12-22 22:00:00,153.19,153.84,148.06,148.56,115915.66
1766440800000,2025-12-23 00:00:00,148.56,150.58,148.32,150.5,39006.85
1766448000000,2025-12-23 02:00:00,150.5,152.31,148.29,151.39,56342.39
1766455200000,2025-12-23 04:00:00,151.39,153.52,149.76,152.21,77474.85
1766462400000,2025-12-23 06:00:00,152.21,155.59,151.65,153.27,109113.17
1766469600000,2025-12-23 08:00:00,153.27,154.9,151.72,152.6,42824.43
1766476800000,2025-12-23 10:00:00,152.6,153.28,151.03,151.35,28061.39
1766484000000,2025-12-23 12:00:00,151.35,151.96,150.72,151.13,23799.67
1766491200000,2025-12-23 14:00:00,151.13,151.3,146.77,149.72,106080.93
1766498400000,2025-12-23 16:00:00,149.72,153.03,149.56,150.17,86550.87
1766505600000,2025-12-23 18:00:00,150.17,151.67,149.1,149.24,40655.09
1766512800000,2025-12-23 20:00:00,149.24,151.26,149.2,150.73,22504.98
1766520000000,2025-12-23 22:00:00,150.73,152.37,149.77,150.91,40305.4
1766527200000,2025-12-24 00:00:00,150.91,151.01,150.03,150.73,24264.8
1766534400000,2025-12-24 02:00:00,150.73,151.78,150.09,150.46,26385.66
1766541600000,2025-12-24 04:00:00,150.46,150.57,148.82,149.79,36316.91
1766548800000,2025-12-24 06:00:00,149.79,150.07,148.17,148.76,33986.16
1766556000000,2025-12-24 08:00:00,148.76,149.13,147.3,147.43,33913.57
1766563200000,2025-12-24 10:00:00,147.43,147.92,146.36,147.64,28265.04
1766570400000,2025-12-24 12:00:00,147.64,149.37,147.59,148.95,19972.44
1766577600000,2025-12-24 14:00:00,148.95,149.41,148.09,149.3,21551.6
1766584800000,2025-12-24 16:00:00,149.3,149.54,147.21,148.21,26757.69
1766592000000,2025-12-24 18:00:00,148.21,149.95,147.84,148.09,18300.67
1766599200000,2025-12-24 20:00:00,148.09,148.37,147.54,148.23,10344.56
1766606400000,2025-12-24 22:00:00,148.23,148.34,147.49,147.76,9468.15
1766613600000,2025-12-25 00:00:00,147.76,149.58,147.47,148.65,22771.32
1766620800000,2025-12-25 02:00:00,148.65,149.86,147.96,149.38,13986.93
1766628000000,2025-12-25 04:00:00,149.38,151.36,149.0,150.5,30795.06
1766635200000,2025-12-25 06:00:00,150.5,150.74,149.85,150.43,13445.35
1766642400000,2025-12-25 08:00:00,150.43,150.94,149.91,150.37,11811.18
1766649600000,2025-12-25 10:00:00,150.37,151.72,149.41,151.16,31090.34
1766656800000,2025-12-25 12:00:00,151.16,151.26,149.57,149.95,16725.89
1766664000000,2025-12-25 14:00:00,149.95,153.0,149.82,152.93,26070.79
1766671200000,2025-12-25 16:00:00,152.93,153.77,151.31,153.48,53039.56
1766678400000,2025-12-25 18:00:00,153.48,154.47,152.04,152.76,25473.42
1766685600000,2025-12-25 20:00:00,152.76,153.18,152.09,152.69,16595.3
1766692800000,2025-12-25 22:00:00,152.69,152.81,151.7,152.17,11658.76
1766700000000,2025-12-26 00:00:00,152.17,152.67,148.17,148.98,44885.06
1766707200000,2025-12-26 02:00:00,148.98,150.47,148.43,149.95,23654.96
1766714400000,2025-12-26 04:00:00,149.95,153.85,149.93,152.33,41802.38
1766721600000,2025-12-26 06:00:00,152.33,153.07,151.37,153.01,10500.32
1766728800000,2025-12-26 08:00:00,153.01,154.36,152.14,152.59,20828.87
1766736000000,2025-12-26 10:00:00,152.59,154.64,152.43,154.26,17854.81
1766743200000,2025-12-26 12:00:00,154.26,154.94,153.45,153.93,16911.97
1766750400000,2025-12-26 14:00:00,153.93,157.23,153.84,156.31,51295.18
1766757600000,2025-12-26 16:00:00,156.31,156.43,151.74,154.61,63691.26
1766764800000,2025-12-26 18:00:00,154.61,156.53,154.1,154.64,36759.71
1766772000000,2025-12-26 20:00:00,154.64,155.35,154.23,155.13,17331.96
1766779200000,2025-12-26 22:00:00,155.13,155.22,153.36,153.41,18930.33
1766786400000,2025-12-27 00:00:00,153.41,154.49,153.07,154.19,13050.24
1766793600000,2025-12-27 02:00:00,154.19,155.09,153.74,154.76,9408.7
1766800800000,2025-12-27 04:00:00,154.76,156.12,154.47,155.89,19910.37
1766808000000,2025-12-27 06:00:00,155.89,155.99,154.61,155.79,10191.94
1766815200000,2025-12-27 08:00:00,155.79,156.79,155.4,156.68,9859.75
1766822400000,2025-12-27 10:00:00,156.68,157.1,156.01,156.89,12410.7
1766829600000,2025-12-27 12:00:00,156.89,157.06,155.69,156.74,16365.85
1766836800000,2025-12-27 14:00:00,156.74,157.02,155.49,155.68,14939.96
1766844000000,2025-12-27 16:00:00,155.68,156.66,155.37,156.57,13264.45
1766851200000,2025-12-27 18:00:00,156.57,156.64,155.24,155.66,12209.25
1766858400000,2025-12-27 20:00:00,155.66,156.4,155.13,155.99,12708.98
1766865600000,2025-12-27 22:00:00,155.99,156.47,155.82,156.35,7084.12
1766872800000,2025-12-28 00:00:00,156.35,157.64,156.01,156.99,22326.41
1766880000000,2025-12-28 02:00:00,156.99,157.3,155.49,155.67,14024.23
1766887200000,2025-12-28 04:00:00,155.67,156.38,155.48,155.99,5280.08
1766894400000,2025-12-28 06:00:00,155.99,156.07,154.31,154.34,17202.32
1766901600000,2025-12-28 08:00:00,154.34,155.7,153.83,155.16,20167.79
1766908800000,2025-12-28 10:00:00,155.16,155.44,154.32,154.68,8277.03
1766916000000,2025-12-28 12:00:00,154.68,156.3,154.64,154.94,13519.78
1766923200000,2025-12-28 14:00:00,154.94,155.19,154.16,154.97,11155.17
1766930400000,2025-12-28 16:00:00,154.97,155.85,154.72,154.77,10237.17
1766937600000,2025-12-28 18:00:00,154.77,155.29,154.22,154.3,5864.65
1766944800000,2025-12-28 20:00:00,154.3,154.43,152.81,153.14,24110.02
1766952000000,2025-12-28 22:00:00,153.14,153.81,152.5,153.04,11080.34
1766959200000,2025-12-29 00:00:00,153.04,154.16,152.6,153.51,9343.04
1766966400000,2025-12-29 02:00:00,153.51,155.49,152.79,154.71,19547.81
1766973600000,2025-12-29 04:00:00,154.71,157.75,154.71,157.36,31788.46
1766980800000,2025-12-29 06:00:00,157.36,159.2,156.5,157.18,47659.88
1766988000000,2025-12-29 08:00:00,157.18,157.19,153.36,153.93,31141.77
1766995200000,2025-12-29 10:00:00,153.93,154.07,150.58,151.76,64846.5
1767002400000,2025-12-29 12:00:00,151.76,152.65,151.58,151.85,14342.43
1767009600000,2025-12-29 14:00:00,151.85,152.05,149.79,150.14,28937.3
1767016800000,2025-12-29 16:00:00,150.14,152.25,149.73,151.01,30655.78
1767024000000,2025-12-29 18:00:00,151.01,151.49,150.09,151.13,15438.15
1767031200000,2025-12-29 20:00:00,151.13,151.26,149.18,149.56,27826.88
1767038400000,2025-12-29 22:00:00,149.56,149.7,148.53,149.64,21602.9
1767045600000,2025-12-30 00:00:00,149.64,150.01,149.11,149.39,9903.64
1767052800000,2025-12-30 02:00:00,149.39,150.56,149.19,150.35,9961.34
1767060000000,2025-12-30 04:00:00,150.35,151.25,149.22,151.05,15697.7
1767067200000,2025-12-30 06:00:00,151.05,151.96,149.99,150.26,16708.08
1767074400000,2025-12-30 08:00:00,150.26,151.13,150.02,150.89,8240.44
1767081600000,2025-12-30 10:00:00,150.89,152.44,150.31,151.22,27436.82
1767088800000,2025-12-30 12:00:00,151.22,151.29,149.57,149.9,15124.64
1767096000000,2025-12-30 14:00:00,149.9,150.95,149.88,150.69,7947.69
1767103200000,2025-12-30 16:00:00,150.69,151.8,149.54,150.79,28529.24
1767110400000,2025-12-30 18:00:00,150.79,151.63,150.01,150.55,16561.66
1767117600000,2025-12-30 20:00:00,150.55,150.67,149.05,150.09,15620.18
1767124800000,2025-12-30 22:00:00,150.09,150.21,149.0,149.31,13033.21
1767132000000,2025-12-31 00:00:00,149.31,149.99,148.84,149.37,11706.54
1767139200000,2025-12-31 02:00:00,149.37,149.86,148.63,149.62,10970.25
1767146400000,2025-12-31 04:00:00,149.62,150.21,148.94,149.42,9214.22
1767153600000,2025-12-31 06:00:00,149.42,150.13,149.09,150.07,9202.13
1767160800000,2025-12-31 08:00:00,150.07,150.83,149.89,150.09,12238.76
1767168000000,2025-12-31 10:00:00,150.09,150.61,149.06,149.61,9487.02
1767175200000,2025-12-31 12:00:00,149.61,149.8,148.98,149.59,9096.31
1767182400000,2025-12-31 14:00:00,149.59,149.63,148.33,149.39,12357.4
1767189600000,2025-12-31 16:00:00,149.39,150.25,146.64,147.32,45881.13
1767196800000,2025-12-31 18:00:00,147.32,147.97,143.88,144.93,59973.14
1767204000000,2025-12-31 20:00:00,144.93,145.58,144.2,144.28,15512.74
1767211200000,2025-12-31 22:00:00,144.28,147.15,143.5,146.92,25005.42
1767218400000,2026-01-01 00:00:00,146.92,146.94,145.73,145.91,16278.55
1767225600000,2026-01-01 02:00:00,145.91,146.64,145.74,146.06,10303.29
1767232800000,2026-01-01 04:00:00,146.06,146.32,145.57,146.07,8306.21
1767240000000,2026-01-01 06:00:00,146.07,146.65,145.33,145.95,9492.48
1767247200000,2026-01-01 08:00:00,145.95,146.59,145.86,145.96,6228.92
1767254400000,2026-01-01 10:00:00,145.96,146.39,145.68,145.98,5672.95
1767261600000,2026-01-01 12:00:00,145.98,146.31,145.75,146.24,4554.6
1767268800000,2026-01-01 14:00:00,146.24,146.26,144.94,145.36,10190.6
1767276000000,2026-01-01 16:00:00,145.36,146.88,145.07,146.41,15291.0
1767283200000,2026-01-01 18:00:00,146.41,147.85,146.04,147.28,24437.86
1767290400000,2026-01-01 20:00:00,147.28,148.62,147.11,148.55,14416.62
1767297600000,2026-01-01 22:00:00,148.55,149.06,147.22,148.04,16682.45
1767304800000,2026-01-02 00:00:00,148.04,149.5,148.04,148.81,14181.31
1767312000000,2026-01-02 02:00:00,148.81,149.5,148.3,148.67,9683.66
1767319200000,2026-01-02 04:00:00,148.67,151.19,147.84,150.73,22675.82
1767326400000,2026-01-02 06:00:00,150.73,151.13,149.44,150.25,13080.64
1767333600000,2026-01-02 08:00:00,150.25,151.08,149.26,149.5,12082.49
1767340800000,2026-01-02 10:00:00,149.5,152.88,149.44,151.95,24948.34
1767348000000,2026-01-02 12:00:00,151.95,152.98,150.04,150.6,33561.82
1767355200000,2026-01-02 14:00:00,150.6,152.35,150.3,151.88,17905.14
1767362400000,2026-01-02 16:00:00,151.88,155.04,149.86,154.0,57613.46
1767369600000,2026-01-02 18:00:00,154.0,157.24,152.96,155.96,60497.73
1767376800000,2026-01-02 20:00:00,155.96,156.8,154.72,156.73,18006.11
1767384000000,2026-01-02 22:00:00,156.73,165.28,156.53,164.9,146901.96
1767391200000,2026-01-03 00:00:00,164.9,165.89,163.66,165.09,32642.59
1767398400000,2026-01-03 02:00:00,165.09,165.98,164.64,165.01,17451.27
1767405600000,2026-01-03 04:00:00,165.01,166.06,163.89,165.03,16963.06
1767412800000,2026-01-03 06:00:00,165.03,165.87,164.54,165.59,10586.32
1767420000000,2026-01-03 08:00:00,165.59,167.85,160.93,161.62,61871.65
1767427200000,2026-01-03 10:00:00,161.62,162.26,160.86,161.51,14434.01
1767434400000,2026-01-03 12:00:00,161.51,161.63,158.12,158.39,30316.64
1767441600000,2026-01-03 14:00:00,158.39,160.45,157.76,160.2,22592.28
1767448800000,2026-01-03 16:00:00,160.2,160.69,159.31,159.73,13214.28
1767456000000,2026-01-03 18:00:00,159.73,160.97,159.6,160.35,8209.79
1767463200000,2026-01-03 20:00:00,160.35,160.85,159.72,160.43,7992.91
1767470400000,2026-01-03 22:00:00,160.43,161.88,159.25,161.4,12414.65
1767477600000,2026-01-04 00:00:00,161.4,163.0,161.23,163.0,12869.3
1767484800000,2026-01-04 02:00:00,163.0,164.71,162.44,164.1,22623.6
1767492000000,2026-01-04 04:00:00,164.1,164.59,163.22,164.27,9421.81
1767499200000,2026-01-04 06:00:00,164.27,164.83,162.68,163.1,12172.04
1767506400000,2026-01-04 08:00:00,163.1,163.54,161.05,161.48,15083.33
1767513600000,2026-01-04 10:00:00,161.48,163.46,160.61,162.92,20044.96
1767520800000,2026-01-04 12:00:00,162.92,164.25,162.35,164.08,11380.2
1767528000000,2026-01-04 14:00:00,164.08,165.87,163.33,164.61,20176.45
1767535200000,2026-01-04 16:00:00,164.61,166.07,163.23,164.49,16073.82
1767542400000,2026-01-04 18:00:00,164.49,166.0,164.38,165.0,9891.73
1767549600000,2026-01-04 20:00:00,165.0,165.08,161.71,162.46,28083.87
1767556800000,2026-01-04 22:00:00,162.46,165.15,162.22,164.01,23011.51
1767564000000,2026-01-05 00:00:00,164.01,164.96,163.37,164.09,10018.93
1767571200000,2026-01-05 02:00:00,164.09,167.73,163.51,166.7,32877.73
1767578400000,2026-01-05 04:00:00,166.7,167.52,165.31,165.69,17681.65
1767585600000,2026-01-05 06:00:00,165.69,165.91,162.04,162.54,26133.19
1767592800000,2026-01-05 08:00:00,162.54,164.64,161.53,164.5,22952.81
1767600000000,2026-01-05 10:00:00,164.5,165.46,162.74,163.52,23614.54
1767607200000,2026-01-05 12:00:00,163.52,166.5,163.44,166.04,20881.01
1767614400000,2026-01-05 14:00:00,166.04,166.35,163.53,165.01,28324.92
1767621600000,2026-01-05 16:00:00,165.01,169.95,164.53,169.17,41685.29
1767628800000,2026-01-05 18:00:00,169.17,172.07,168.05,171.4,58615.53
1767636000000,2026-01-05 20:00:00,171.4,174.63,170.72,173.42,56614.91
1767643200000,2026-01-05 22:00:00,173.42,175.18,169.83,171.26,38554.29
1767650400000,2026-01-06 00:00:00,171.26,173.28,170.17,170.76,22406.1
1767657600000,2026-01-06 02:00:00,170.76,173.77,170.52,172.01,13781.92
1767664800000,2026-01-06 04:00:00,172.01,173.49,171.55,173.07,10598.91
1767672000000,2026-01-06 06:00:00,173.07,174.32,172.39,172.79,16706.75
1767679200000,2026-01-06 08:00:00,172.79,174.53,170.88,171.51,24544.9
1767686400000,2026-01-06 10:00:00,171.51,173.71,171.45,173.63,21172.94
1767693600000,2026-01-06 12:00:00,173.63,174.74,172.47,174.64,29099.31
1767700800000,2026-01-06 14:00:00,174.64,175.53,173.76,174.46,21852.66
1767708000000,2026-01-06 16:00:00,174.46,176.83,171.84,172.73,89152.5
1767715200000,2026-01-06 18:00:00,172.73,173.18,167.8,168.06,81040.13
1767722400000,2026-01-06 20:00:00,168.06,171.18,167.6,169.73,23858.82
1767729600000,2026-01-06 22:00:00,169.73,175.19,169.72,174.56,23509.69
1767736800000,2026-01-07 00:00:00,174.56,176.75,174.11,176.13,28240.24
1767744000000,2026-01-07 02:00:00,176.13,176.19,171.45,171.84,29378.28
1767751200000,2026-01-07 04:00:00,171.84,173.63,171.31,172.05,12964.57
1767758400000,2026-01-07 06:00:00,172.05,172.47,170.59,170.99,13712.32
1767765600000,2026-01-07 08:00:00,170.99,173.4,170.89,173.4,9547.91
1767772800000,2026-01-07 10:00:00,173.4,174.59,169.58,169.85,24671.57
1767780000000,2026-01-07 12:00:00,169.85,172.5,169.55,171.95,23359.18
1767787200000,2026-01-07 14:00:00,171.95,172.02,169.52,169.77,14393.07
1767794400000,2026-01-07 16:00:00,169.77,169.96,166.38,166.77,63191.93
1767801600000,2026-01-07 18:00:00,166.77,168.56,166.1,167.47,33920.16
1767808800000,2026-01-07 20:00:00,167.47,168.48,166.06,167.03,25412.91
1767816000000,2026-01-07 22:00:00,167.03,167.25,165.72,166.73,10391.01
1767823200000,2026-01-08 00:00:00,166.73,168.56,165.96,167.7,12459.41
1767830400000,2026-01-08 02:00:00,167.7,168.37,166.68,168.28,10825.76
1767837600000,2026-01-08 04:00:00,168.28,169.13,166.12,166.53,13727.95
1767844800000,2026-01-08 06:00:00,166.53,168.02,166.26,166.57,13292.12
1767852000000,2026-01-08 08:00:00,166.57,166.78,162.13,165.41,55476.08
1767859200000,2026-01-08 10:00:00,165.41,166.2,163.6,163.75,17897.26
1767866400000,2026-01-08 12:00:00,163.75,165.46,162.86,164.25,30850.2
1767873600000,2026-01-08 14:00:00,164.25,164.53,161.72,162.11,29023.59
1767880800000,2026-01-08 16:00:00,162.11,165.93,161.12,165.86,67666.1
1767888000000,2026-01-08 18:00:00,165.86,167.42,164.4,166.64,29312.25
1767895200000,2026-01-08 20:00:00,166.64,166.65,163.96,164.22,12685.53
1767902400000,2026-01-08 22:00:00,164.22,165.28,162.6,165.07,15345.24
1767909600000,2026-01-09 00:00:00,165.07,166.05,164.15,164.21,12421.29
1767916800000,2026-01-09 02:00:00,164.21,166.51,163.51,164.96,23723.69
1767924000000,2026-01-09 04:00:00,164.96,166.57,164.75,166.15,12505.18
1767931200000,2026-01-09 06:00:00,166.15,166.38,164.9,166.26,8094.4
1767938400000,2026-01-09 08:00:00,166.26,166.63,164.93,164.93,8374.76
1767945600000,2026-01-09 10:00:00,164.93,165.18,162.54,164.29,22537.89
1767952800000,2026-01-09 12:00:00,164.29,165.55,163.95,165.19,9551.4
1767960000000,2026-01-09 14:00:00,165.19,167.34,163.71,166.47,22864.27
1767967200000,2026-01-09 16:00:00,166.47,169.78,163.81,167.79,43953.7
1767974400000,2026-01-09 18:00:00,167.79,170.27,166.25,167.88,26558.54
1767981600000,2026-01-09 20:00:00,167.88,167.96,163.6,164.27,17947.15
1767988800000,2026-01-09 22:00:00,164.27,166.46,164.09,165.77,12724.87
1767996000000,2026-01-10 00:00:00,165.77,166.3,165.09,165.59,4811.95
1768003200000,2026-01-10 02:00:00,165.59,165.59,164.34,165.25,5585.05
1768010400000,2026-01-10 04:00:00,165.25,165.32,163.83,164.67,6312.97
1768017600000,2026-01-10 06:00:00,164.67,164.68,163.65,163.83,6107.41
1768024800000,2026-01-10 08:00:00,163.83,165.49,163.3,165.09,6179.3
1768032000000,2026-01-10 10:00:00,165.09,166.02,164.83,165.66,5378.67
1768039200000,2026-01-10 12:00:00,165.66,166.52,165.22,166.45,4035.22
1768046400000,2026-01-10 14:00:00,166.45,167.23,166.35,166.58,7704.42
1768053600000,2026-01-10 16:00:00,166.58,166.72,165.79,165.81,8223.03
1768060800000,2026-01-10 18:00:00,165.81,166.2,165.03,165.2,7476.99
1768068000000,2026-01-10 20:00:00,165.2,165.65,164.75,165.65,4944.23
1768075200000,2026-01-10 22:00:00,165.65,165.84,164.47,164.52,4694.72
1768082400000,2026-01-11 00:00:00,164.52,165.19,163.7,164.79,7661.31
1768089600000,2026-01-11 02:00:00,164.79,165.67,164.54,165.59,8730.8
1768096800000,2026-01-11 04:00:00,165.59,165.99,164.86,165.37,4248.21
1768104000000,2026-01-11 06:00:00,165.37,165.9,164.83,165.79,3130.5
1768111200000,2026-01-11 08:00:00,165.79,165.94,164.94,165.93,3234.54
1768118400000,2026-01-11 10:00:00,165.93,166.7,165.58,166.19,7011.45
1768125600000,2026-01-11 12:00:00,166.19,167.19,165.77,166.73,6275.51
1768132800000,2026-01-11 14:00:00,166.73,167.32,166.27,166.39,8999.22
1768140000000,2026-01-11 16:00:00,166.39,168.26,166.25,166.81,9691.95
1768147200000,2026-01-11 18:00:00,166.81,169.8,166.76,169.56,15553.11
1768154400000,2026-01-11 20:00:00,169.56,171.63,168.59,168.7,33851.52
1768161600000,2026-01-11 22:00:00,168.7,168.71,166.08,167.91,14279.21
1768168800000,2026-01-12 00:00:00,167.91,167.98,165.22,167.8,13104.01
1768176000000,2026-01-12 02:00:00,167.8,168.86,165.61,167.22,22465.18
1768183200000,2026-01-12 04:00:00,167.22,171.5,166.96,168.99,29203.24
1768190400000,2026-01-12 06:00:00,168.99,170.44,168.78,170.02,11714.63
1768197600000,2026-01-12 08:00:00,170.02,170.64,166.14,166.31,12644.82
1768204800000,2026-01-12 10:00:00,166.31,167.19,163.89,164.42,27436.01
1768212000000,2026-01-12 12:00:00,164.42,165.14,163.07,164.48,15393.04
1768219200000,2026-01-12 14:00:00,164.48,165.27,162.88,163.08,15635.16
1768226400000,2026-01-12 16:00:00,163.08,165.02,160.64,164.7,45511.83
1768233600000,2026-01-12 18:00:00,164.7,166.39,162.52,164.06,32404.39
1768240800000,2026-01-12 20:00:00,164.06,167.11,163.87,166.61,18656.54
1768248000000,2026-01-12 22:00:00,166.61,167.53,163.66,164.35,12735.78
1768255200000,2026-01-13 00:00:00,164.35,165.99,164.31,164.88,7959.0
1768262400000,2026-01-13 02:00:00,164.88,166.51,164.64,165.3,9284.09
1768269600000,2026-01-13 04:00:00,165.3,167.49,165.25,167.12,12573.01
1768276800000,2026-01-13 06:00:00,167.12,171.2,166.88,169.2,25620.13
1768284000000,2026-01-13 08:00:00,169.2,170.71,169.11,169.18,17739.3
1768291200000,2026-01-13 10:00:00,169.18,171.74,169.15,170.42,23711.23
1768298400000,2026-01-13 12:00:00,170.42,171.9,168.83,169.49,21025.4
1768305600000,2026-01-13 14:00:00,169.49,170.96,168.87,170.2,22306.4
1768312800000,2026-01-13 16:00:00,170.2,172.8,169.54,172.44,30812.78
1768320000000,2026-01-13 18:00:00,172.44,174.23,171.55,173.24,31137.22
1768327200000,2026-01-13 20:00:00,173.24,175.4,173.09,174.92,17262.23
1768334400000,2026-01-13 22:00:00,174.92,175.17,173.33,174.09,14178.05
1768341600000,2026-01-14 00:00:00,174.09,180.06,174.05,177.62,64500.38
1768348800000,2026-01-14 02:00:00,177.62,179.4,177.35,178.72,26350.16
1768356000000,2026-01-14 04:00:00,178.72,179.68,177.01,178.5,17724.52
1768363200000,2026-01-14 06:00:00,178.5,179.06,176.25,177.3,18308.93
1768370400000,2026-01-14 08:00:00,177.3,178.44,176.1,176.98,10323.68
1768377600000,2026-01-14 10:00:00,176.98,178.34,176.84,177.38,9249.55
1768384800000,2026-01-14 12:00:00,177.38,177.38,174.32,174.56,24567.44
1768392000000,2026-01-14 14:00:00,174.56,175.74,174.0,174.42,14474.08
1768399200000,2026-01-14 16:00:00,174.42,178.0,174.36,177.3,34442.42
1768406400000,2026-01-14 18:00:00,177.3,179.61,177.03,177.19,44806.8
1768413600000,2026-01-14 20:00:00,177.19,180.23,175.42,178.39,36735.18
1768420800000,2026-01-14 22:00:00,178.39,179.48,177.66,178.5,18788.25
1768428000000,2026-01-15 00:00:00,178.5,179.22,177.4,178.34,22166.84
1768435200000,2026-01-15 02:00:00,178.34,178.39,175.81,176.28,19177.3
1768442400000,2026-01-15 04:00:00,176.28,176.7,171.94,172.68,49505.18
1768449600000,2026-01-15 06:00:00,172.68,174.64,172.56,174.25,13871.04
1768456800000,2026-01-15 08:00:00,174.25,175.93,173.63,175.54,10853.26
1768464000000,2026-01-15 10:00:00,175.54,178.41,174.68,176.85,21164.34
1768471200000,2026-01-15 12:00:00,176.85,177.09,173.64,174.54,57601.69
1768478400000,2026-01-15 14:00:00,174.54,176.23,174.44,175.85,17947.3
1768485600000,2026-01-15 16:00:00,175.85,176.8,170.61,173.65,61149.72
1768492800000,2026-01-15 18:00:00,173.65,174.33,172.04,172.3,28504.1
1768500000000,2026-01-15 20:00:00,172.3,172.62,169.2,170.41,56151.96
1768507200000,2026-01-15 22:00:00,170.41,171.02,169.01,170.0,24761.28
1768514400000,2026-01-16 00:00:00,170.0,171.65,169.97,171.6,8094.25
1768521600000,2026-01-16 02:00:00,171.6,172.5,171.16,171.7,10235.26
1768528800000,2026-01-16 04:00:00,171.7,172.01,170.49,170.86,10068.4
1768536000000,2026-01-16 06:00:00,170.86,172.46,169.89,171.86,23377.1
1768543200000,2026-01-16 08:00:00,171.86,173.16,171.29,172.73,9201.96
1768550400000,2026-01-16 10:00:00,172.73,174.16,172.68,173.47,15675.94
1768557600000,2026-01-16 12:00:00,173.47,173.52,172.16,172.87,8777.98
1768564800000,2026-01-16 14:00:00,172.87,173.23,171.77,172.27,6586.84
1768572000000,2026-01-16 16:00:00,172.27,172.89,168.19,169.2,28112.2
1768579200000,2026-01-16 18:00:00,169.2,171.68,168.75,171.51,16816.76
1768586400000,2026-01-16 20:00:00,171.51,172.39,170.91,171.93,20349.53
1768593600000,2026-01-16 22:00:00,171.93,176.41,171.43,175.37,32780.92
1768600800000,2026-01-17 00:00:00,175.37,175.71,174.65,175.25,7799.09
1768608000000,2026-01-17 02:00:00,175.25,176.25,174.73,176.17,8292.61
1768615200000,2026-01-17 04:00:00,176.17,177.23,173.7,174.74,57282.2
1768622400000,2026-01-17 06:00:00,174.74,175.88,174.51,175.49,8616.98
1768629600000,2026-01-17 08:00:00,175.49,175.5,173.99,174.01,6541.38
1768636800000,2026-01-17 10:00:00,174.01,175.75,173.58,175.48,20226.54
1768644000000,2026-01-17 12:00:00,175.48,175.69,173.91,174.59,9240.31
1768651200000,2026-01-17 14:00:00,174.59,175.9,174.47,175.5,8636.26
1768658400000,2026-01-17 16:00:00,175.5,176.39,175.08,176.35,11627.98
1768665600000,2026-01-17 18:00:00,176.35,176.56,174.46,175.03,11677.33
1768672800000,2026-01-17 20:00:00,175.03,175.31,174.47,174.92,4417.61
1768680000000,2026-01-17 22:00:00,174.92,175.41,174.13,174.71,6353.7
1768687200000,2026-01-18 00:00:00,174.71,174.78,173.3,173.71,8792.68
1768694400000,2026-01-18 02:00:00,173.71,174.75,171.83,172.51,27873.96
1768701600000,2026-01-18 04:00:00,172.51,173.96,171.97,173.82,22668.6
1768708800000,2026-01-18 06:00:00,173.82,173.84,173.0,173.33,5892.27
1768716000000,2026-01-18 08:00:00,173.33,173.69,172.3,172.69,5780.03
1768723200000,2026-01-18 10:00:00,172.69,173.55,172.47,173.46,4114.67
1768730400000,2026-01-18 12:00:00,173.46,173.67,172.77,172.92,14296.89
1768737600000,2026-01-18 14:00:00,172.92,173.63,172.3,172.9,9005.74
1768744800000,2026-01-18 16:00:00,172.9,174.44,172.05,174.34,13825.53
1768752000000,2026-01-18 18:00:00,174.34,175.87,174.03,175.69,13734.12
1768759200000,2026-01-18 20:00:00,175.69,177.2,174.84,175.14,11005.13
1768766400000,2026-01-18 22:00:00,175.14,175.94,174.34,174.81,28979.38
1768773600000,2026-01-19 00:00:00,174.81,176.1,168.47,168.67,52417.58
1768780800000,2026-01-19 02:00:00,168.67,168.67,156.3,163.21,166865.26
1768788000000,2026-01-19 04:00:00,163.21,164.04,162.69,163.41,15410.09
1768795200000,2026-01-19 06:00:00,163.41,163.59,162.08,162.43,21149.54
1768802400000,2026-01-19 08:00:00,162.43,162.56,161.3,162.3,14704.89
1768809600000,2026-01-19 10:00:00,162.3,163.82,161.92,163.07,27664.49
1768816800000,2026-01-19 12:00:00,163.07,164.44,162.09,163.51,15404.8
1768824000000,2026-01-19 14:00:00,163.51,164.05,162.65,162.77,11008.02
1768831200000,2026-01-19 16:00:00,162.77,163.42,162.23,162.47,16502.02
1768838400000,2026-01-19 18:00:00,162.47,164.85,162.32,163.91,19801.21
1768845600000,2026-01-19 20:00:00,163.91,165.64,163.51,165.3,19736.43
1768852800000,2026-01-19 22:00:00,165.3,166.06,164.45,164.54,11924.79
1768860000000,2026-01-20 00:00:00,164.54,164.68,162.67,163.81,15352.5
1768867200000,2026-01-20 02:00:00,163.81,164.42,162.9,163.67,13128.93
1768874400000,2026-01-20 04:00:00,163.67,164.16,162.81,163.89,11254.15
1768881600000,2026-01-20 06:00:00,163.89,164.15,161.96,163.1,30473.74
1768888800000,2026-01-20 08:00:00,163.1,163.21,160.65,160.73,25649.05
1768896000000,2026-01-20 10:00:00,160.73,161.2,158.81,159.07,22411.3
1768903200000,2026-01-20 12:00:00,159.07,160.2,158.99,159.44,8647.63
1768910400000,2026-01-20 14:00:00,159.44,160.06,156.96,157.05,20412.08
1768917600000,2026-01-20 16:00:00,157.05,159.18,155.35,156.99,33506.68
1768924800000,2026-01-20 18:00:00,156.99,157.28,153.57,154.35,32967.76
1768932000000,2026-01-20 20:00:00,154.35,155.3,153.67,154.86,17699.87
1768939200000,2026-01-20 22:00:00,154.86,155.79,154.12,154.24,7909.06
1768946400000,2026-01-21 00:00:00,154.24,154.83,151.65,153.18,35275.88
1768953600000,2026-01-21 02:00:00,153.18,155.83,152.92,155.29,14025.55
1768960800000,2026-01-21 04:00:00,155.29,156.64,155.03,156.18,9496.48
1768968000000,2026-01-21 06:00:00,156.18,157.99,155.8,157.8,10774.97
1768975200000,2026-01-21 08:00:00,157.8,158.2,156.39,156.91,11354.12
1768982400000,2026-01-21 10:00:00,156.91,157.97,155.69,156.52,30986.97
1768989600000,2026-01-21 12:00:00,156.52,157.93,155.93,156.11,13879.48
1768996800000,2026-01-21 14:00:00,156.11,156.4,153.76,154.3,33890.03
1769004000000,2026-01-21 16:00:00,154.3,160.32,154.14,159.07,57008.02
1769011200000,2026-01-21 18:00:00,159.07,159.19,151.86,153.69,51928.98
1769018400000,2026-01-21 20:00:00,153.69,162.07,153.05,161.96,55992.35
1769025600000,2026-01-21 22:00:00,161.96,162.97,159.25,162.56,25344.89
1769032800000,2026-01-22 00:00:00,162.56,163.42,158.82,159.36,14224.52
1769040000000,2026-01-22 02:00:00,159.36,161.81,159.36,161.39,12229.41
1769047200000,2026-01-22 04:00:00,161.39,161.61,159.3,159.85,14712.71
1769054400000,2026-01-22 06:00:00,159.85,160.89,159.79,160.27,5860.96
1769061600000,2026-01-22 08:00:00,160.27,160.63,159.1,159.21,7292.64
1769068800000,2026-01-22 10:00:00,159.21,160.56,158.65,160.23,6242.0
1769076000000,2026-01-22 12:00:00,160.23,160.35,158.88,158.96,8811.22
1769083200000,2026-01-22 14:00:00,158.96,159.92,157.51,158.0,14035.41
1769090400000,2026-01-22 16:00:00,158.0,158.61,155.03,156.29,24838.61
1769097600000,2026-01-22 18:00:00,156.29,158.39,156.06,158.25,12615.68
1769104800000,2026-01-22 20:00:00,158.25,158.49,156.35,157.87,9691.93
1769112000000,2026-01-22 22:00:00,157.87,158.04,156.27,156.67,6753.92
1769119200000,2026-01-23 00:00:00,156.67,157.37,156.06,157.15,6776.79
1769126400000,2026-01-23 02:00:00,157.15,158.51,156.79,158.49,9833.37
1769133600000,2026-01-23 04:00:00,158.49,158.83,157.76,158.51,5265.52
1769140800000,2026-01-23 06:00:00,158.51,159.55,158.35,158.84,5988.42
1769148000000,2026-01-23 08:00:00,158.84,159.33,157.3,158.2,8277.61
1769155200000,2026-01-23 10:00:00,158.2,158.45,156.26,156.84,13276.4
1769162400000,2026-01-23 12:00:00,156.84,158.3,156.49,157.99,9186.08
1769169600000,2026-01-23 14:00:00,157.99,158.27,157.29,157.41,7494.65
1769176800000,2026-01-23 16:00:00,157.41,158.51,154.72,158.21,20811.27
1769184000000,2026-01-23 18:00:00,158.21,161.31,157.33,159.39,26513.81
1769191200000,2026-01-23 20:00:00,159.39,160.33,156.88,157.36,19709.53
1769198400000,2026-01-23 22:00:00,157.36,157.56,155.37,156.45,9744.63
1769205600000,2026-01-24 00:00:00,156.45,157.71,156.41,156.99,4909.05
1769212800000,2026-01-24 02:00:00,156.99,157.51,156.58,156.92,4161.74
1769220000000,2026-01-24 04:00:00,156.92,157.47,156.74,157.19,2992.72
1769227200000,2026-01-24 06:00:00,157.19,157.35,156.87,157.27,2775.64
1769234400000,2026-01-24 08:00:00,157.27,158.0,157.22,157.56,2635.37
1769241600000,2026-01-24 10:00:00,157.56,157.63,156.54,156.56,4470.13
1769248800000,2026-01-24 12:00:00,156.56,156.56,155.71,155.83,7273.56
1769256000000,2026-01-24 14:00:00,155.83,156.52,155.66,155.75,9764.73
1769263200000,2026-01-24 16:00:00,155.75,156.78,155.37,155.58,7653.54
1769270400000,2026-01-24 18:00:00,155.58,156.37,155.27,156.36,5862.34
1769277600000,2026-01-24 20:00:00,156.36,156.43,155.61,155.66,2488.23
1769284800000,2026-01-24 22:00:00,155.66,156.35,155.66,156.16,2134.35
1769292000000,2026-01-25 00:00:00,156.16,156.93,155.93,156.13,4082.93
1769299200000,2026-01-25 02:00:00,156.13,156.67,155.89,156.18,7192.12
1769306400000,2026-01-25 04:00:00,156.18,156.44,154.59,154.86,6878.14
1769313600000,2026-01-25 06:00:00,154.86,155.44,154.59,155.34,4459.51
1769320800000,2026-01-25 08:00:00,155.34,155.58,154.49,155.1,5091.16
1769328000000,2026-01-25 10:00:00,155.1,155.54,154.17,154.97,7532.66
1769335200000,2026-01-25 12:00:00,154.97,155.58,154.43,154.63,3862.13
1769342400000,2026-01-25 14:00:00,154.63,154.99,154.11,154.81,6638.0
1769349600000,2026-01-25 16:00:00,154.81,154.86,152.62,153.28,13133.27
1769356800000,2026-01-25 18:00:00,153.28,153.28,149.46,149.9,46601.32
1769364000000,2026-01-25 20:00:00,149.9,150.22,145.41,146.11,47707.92
1769371200000,2026-01-25 22:00:00,146.11,147.92,145.49,147.36,20943.94
1769378400000,2026-01-26 00:00:00,147.36,148.01,145.73,147.8,13246.09
1769385600000,2026-01-26 02:00:00,147.8,152.09,147.47,151.48,23487.35
1769392800000,2026-01-26 04:00:00,151.48,151.62,149.44,149.87,11705.54
1769400000000,2026-01-26 06:00:00,149.87,151.74,149.87,150.71,7041.37
1769407200000,2026-01-26 08:00:00,150.71,152.54,150.47,152.24,9491.43
1769414400000,2026-01-26 10:00:00,152.24,153.44,150.76,150.98,15000.06
1769421600000,2026-01-26 12:00:00,150.98,152.03,150.86,151.57,6911.0
1769428800000,2026-01-26 14:00:00,151.57,152.78,151.57,152.54,5730.64
1769436000000,2026-01-26 16:00:00,152.54,154.81,151.09,152.53,27506.45
1769443200000,2026-01-26 18:00:00,152.53,154.12,151.57,153.18,19858.32
1769450400000,2026-01-26 20:00:00,153.18,154.67,152.95,153.49,13001.83
1769457600000,2026-01-26 22:00:00,153.49,155.18,152.42,154.43,10963.23
1769464800000,2026-01-27 00:00:00,154.43,154.99,153.67,154.11,9950.1
1769472000000,2026-01-27 02:00:00,154.11,154.77,153.44,154.28,10342.15
1769479200000,2026-01-27 04:00:00,154.28,154.82,154.1,154.31,7390.12
1769486400000,2026-01-27 06:00:00,154.31,155.26,154.13,154.47,5796.89
1769493600000,2026-01-27 08:00:00,154.47,154.65,153.58,153.91,3899.06
1769500800000,2026-01-27 10:00:00,153.91,154.84,153.07,153.09,7634.21
1769508000000,2026-01-27 12:00:00,153.09,153.97,153.02,153.62,6105.37
1769515200000,2026-01-27 14:00:00,153.62,154.79,153.45,153.91,7060.29
1769522400000,2026-01-27 16:00:00,153.91,156.22,153.03,154.67,31105.32
1769529600000,2026-01-27 18:00:00,154.67,157.75,152.77,153.66,32950.22
1769536800000,2026-01-27 20:00:00,153.66,156.58,153.32,156.13,12344.13
1769544000000,2026-01-27 22:00:00,156.13,159.23,156.09,158.01,19323.23
1769551200000,2026-01-28 00:00:00,158.01,159.74,158.01,158.88,9482.05
1769558400000,2026-01-28 02:00:00,158.88,159.35,157.31,157.75,9628.3
1769565600000,2026-01-28 04:00:00,157.75,159.5,157.39,158.28,24632.82
1769572800000,2026-01-28 06:00:00,158.28,158.59,156.45,156.77,31362.36
1769580000000,2026-01-28 08:00:00,156.77,159.09,156.77,158.19,17882.91
1769587200000,2026-01-28 10:00:00,158.19,160.12,157.89,160.0,11613.83
1769594400000,2026-01-28 12:00:00,160.0,162.86,159.61,162.83,28762.7
1769601600000,2026-01-28 14:00:00,162.83,163.99,161.48,163.11,37808.51
1769608800000,2026-01-28 16:00:00,163.11,163.45,159.73,160.33,21375.04
1769616000000,2026-01-28 18:00:00,160.33,161.66,158.67,160.81,16140.0
1769623200000,2026-01-28 20:00:00,160.81,160.81,159.21,159.98,14055.9
1769630400000,2026-01-28 22:00:00,159.98,161.3,158.35,160.18,12131.61
1769637600000,2026-01-29 00:00:00,160.18,161.39,159.39,160.08,8184.85
1769644800000,2026-01-29 02:00:00,160.08,160.23,158.41,159.17,9499.87
1769652000000,2026-01-29 04:00:00,159.17,159.62,156.5,156.73,21974.53
1769659200000,2026-01-29 06:00:00,156.73,157.25,155.63,156.17,8178.88
1769666400000,2026-01-29 08:00:00,156.17,157.12,156.11,156.66,6091.81
1769673600000,2026-01-29 10:00:00,156.66,157.2,155.19,155.19,8594.05
1769680800000,2026-01-29 12:00:00,155.19,155.26,153.59,153.88,26479.38
1769688000000,2026-01-29 14:00:00,153.88,154.49,153.08,154.43,7485.67
1769695200000,2026-01-29 16:00:00,154.43,155.1,145.05,147.08,80442.82
1769702400000,2026-01-29 18:00:00,147.08,149.41,145.38,146.46,41813.88
1769709600000,2026-01-29 20:00:00,146.46,147.19,142.93,145.09,40027.36
1769716800000,2026-01-29 22:00:00,145.09,147.9,144.8,147.05,17824.3
1769724000000,2026-01-30 00:00:00,147.05,147.62,146.27,147.14,6693.31
1769731200000,2026-01-30 02:00:00,147.14,147.68,140.35,144.04,63928.57
1769738400000,2026-01-30 04:00:00,144.04,144.06,140.6,142.49,28125.79
1769745600000,2026-01-30 06:00:00,142.49,144.4,142.48,143.15,12482.2
1769752800000,2026-01-30 08:00:00,143.15,143.2,139.73,141.84,27262.56
1769760000000,2026-01-30 10:00:00,141.84,142.0,139.89,140.57,21027.94
1769767200000,2026-01-30 12:00:00,140.57,143.45,140.16,142.81,36674.15
1769774400000,2026-01-30 14:00:00,142.81,142.99,139.4,140.47,24725.6
1769781600000,2026-01-30 16:00:00,140.47,142.17,138.47,139.69,38970.92
1769788800000,2026-01-30 18:00:00,139.69,140.89,138.27,138.64,23917.75
1769796000000,2026-01-30 20:00:00,138.64,141.79,135.34,140.22,62249.2
1769803200000,2026-01-30 22:00:00,140.22,140.25,137.36,138.88,34314.65
1769810400000,2026-01-31 00:00:00,138.88,139.45,137.2,137.91,9197.19
1769817600000,2026-01-31 02:00:00,137.91,138.15,137.02,137.8,7955.16
1769824800000,2026-01-31 04:00:00,137.8,138.46,137.07,137.74,6261.24
1769832000000,2026-01-31 06:00:00,137.74,138.41,137.07,137.87,6654.61
1769839200000,2026-01-31 08:00:00,137.87,138.11,135.38,136.2,10528.69
1769846400000,2026-01-31 10:00:00,136.2,136.71,132.83,134.14,39987.63
1769853600000,2026-01-31 12:00:00,134.14,135.4,133.66,134.46,8413.38
1769860800000,2026-01-31 14:00:00,134.46,134.54,132.84,133.27,14624.56
1769868000000,2026-01-31 16:00:00,133.27,133.64,127.69,132.05,147044.25
1769875200000,2026-01-31 18:00:00,132.05,132.73,123.21,123.97,148208.99
1769882400000,2026-01-31 20:00:00,123.97,125.19,115.42,123.33,158510.34
1769889600000,2026-01-31 22:00:00,123.33,126.77,122.41,126.52,34445.65
1769896800000,2026-02-01 00:00:00,126.52,129.66,125.56,128.98,65357.96
1769904000000,2026-02-01 02:00:00,128.98,130.37,128.27,129.52,31148.18
1769911200000,2026-02-01 04:00:00,129.52,130.33,128.6,128.98,12993.46
1769918400000,2026-02-01 06:00:00,128.98,129.72,127.62,127.7,13167.74
1769925600000,2026-02-01 08:00:00,127.7,128.54,126.42,127.3,33242.21
1769932800000,2026-02-01 10:00:00,127.3,128.26,126.62,127.88,16776.52
1769940000000,2026-02-01 12:00:00,127.88,127.98,125.35,127.05,21569.39
1769947200000,2026-02-01 14:00:00,127.05,127.24,125.08,125.49,40706.82
1769954400000,2026-02-01 16:00:00,125.49,126.64,122.28,123.93,43000.53
1769961600000,2026-02-01 18:00:00,123.93,125.45,122.91,124.32,31538.55
1769968800000,2026-02-01 20:00:00,124.32,126.79,123.9,124.63,28282.06
1769976000000,2026-02-01 22:00:00,124.63,126.42,123.66,124.23,22656.78
1769983200000,2026-02-02 00:00:00,124.23,126.48,121.45,124.13,48410.76
1769990400000,2026-02-02 02:00:00,124.13,127.35,123.26,126.21,34906.71
1769997600000,2026-02-02 04:00:00,126.21,126.76,120.3,124.97,48718.65
1770004800000,2026-02-02 06:00:00,124.97,126.65,121.67,122.67,37041.55
1770012000000,2026-02-02 08:00:00,122.67,125.92,120.51,124.78,65515.27
1770019200000,2026-02-02 10:00:00,124.78,127.24,124.68,126.43,28265.9
1770026400000,2026-02-02 12:00:00,126.43,127.86,126.22,126.98,23280.29
1770033600000,2026-02-02 14:00:00,126.98,129.1,126.98,128.75,20616.97
1770040800000,2026-02-02 16:00:00,128.75,130.92,127.48,129.55,49608.24
1770048000000,2026-02-02 18:00:00,129.55,130.22,127.99,128.44,20015.27
1770055200000,2026-02-02 20:00:00,128.44,128.94,127.66,127.8,13827.71
1770062400000,2026-02-02 22:00:00,127.8,128.27,126.54,128.06,13318.04
1770069600000,2026-02-03 00:00:00,128.06,128.85,127.99,128.25,6770.31
1770076800000,2026-02-03 02:00:00,128.25,128.54,127.04,127.87,11199.19
1770084000000,2026-02-03 04:00:00,127.87,128.04,125.54,127.96,15196.0
1770091200000,2026-02-03 06:00:00,127.96,128.94,127.24,127.33,9149.9
1770098400000,2026-02-03 08:00:00,127.33,128.69,126.6,128.31,15165.0
1770105600000,2026-02-03 10:00:00,128.31,129.03,125.97,126.63,28341.5
1770112800000,2026-02-03 12:00:00,126.63,127.06,125.64,126.55,17011.55
1770120000000,2026-02-03 14:00:00,126.55,128.26,126.27,128.01,13372.05
1770127200000,2026-02-03 16:00:00,128.01,129.29,125.52,128.92,48454.77
1770134400000,2026-02-03 18:00:00,128.92,129.06,122.94,123.06,51492.69
1770141600000,2026-02-03 20:00:00,123.06,128.19,120.79,127.3,110786.1
1770148800000,2026-02-03 22:00:00,127.3,131.0,125.32,127.07,70917.63
1770156000000,2026-02-04 00:00:00,127.07,127.14,124.1,125.18,41630.37
1770163200000,2026-02-04 02:00:00,125.18,127.91,124.44,127.25,17694.54
1770170400000,2026-02-04 04:00:00,127.25,128.55,126.05,127.92,13711.6
1770177600000,2026-02-04 06:00:00,127.92,128.2,126.6,127.07,8236.52
1770184800000,2026-02-04 08:00:00,127.07,128.3,126.77,127.84,13161.77
1770192000000,2026-02-04 10:00:00,127.84,128.67,126.6,126.8,15117.17
1770199200000,2026-02-04 12:00:00,126.8,127.34,125.36,126.8,17816.71
1770206400000,2026-02-04 14:00:00,126.8,126.97,124.36,124.53,15768.75
1770213600000,2026-02-04 16:00:00,124.53,125.74,120.94,122.58,51156.17
1770220800000,2026-02-04 18:00:00,122.58,123.21,119.8,121.57,61084.83
1770228000000,2026-02-04 20:00:00,121.57,125.45,119.46,125.14,49459.17
1770235200000,2026-02-04 22:00:00,125.14,125.34,122.06,123.23,27793.22
1770242400000,2026-02-05 00:00:00,123.23,125.18,120.96,123.65,28388.38
1770249600000,2026-02-05 02:00:00,123.65,125.44,122.76,123.85,24771.44
1770256800000,2026-02-05 04:00:00,123.85,124.4,121.32,121.65,32471.53
1770264000000,2026-02-05 06:00:00,121.65,122.38,119.5,120.86,32664.46
1770271200000,2026-02-05 08:00:00,120.86,121.67,119.07,119.99,32896.2
1770278400000,2026-02-05 10:00:00,119.99,122.66,119.99,121.51,17981.96
1770285600000,2026-02-05 12:00:00,121.51,121.92,116.74,118.23,42064.4
1770292800000,2026-02-05 14:00:00,118.23,119.46,116.57,117.21,79255.48
1770300000000,2026-02-05 16:00:00,117.21,120.38,110.2,112.53,152665.65
1770307200000,2026-02-05 18:00:00,112.53,115.97,110.27,111.79,120719.4
1770314400000,2026-02-05 20:00:00,111.79,112.94,109.19,109.72,77677.26
1770321600000,2026-02-05 22:00:00,109.72,110.45,101.48,101.48,318371.7
1770328800000,2026-02-06 00:00:00,101.48,105.42,98.62,100.92,184782.87
1770336000000,2026-02-06 02:00:00,100.92,105.8,92.03,105.78,407258.41
1770343200000,2026-02-06 04:00:00,105.78,106.74,103.02,104.36,79112.42
1770350400000,2026-02-06 06:00:00,104.36,107.77,103.89,107.26,33349.12
1770357600000,2026-02-06 08:00:00,107.26,107.56,102.51,102.82,97033.4
1770364800000,2026-02-06 10:00:00,102.82,105.88,101.87,105.57,49782.29
1770372000000,2026-02-06 12:00:00,105.57,107.36,105.12,106.31,36104.52
1770379200000,2026-02-06 14:00:00,106.31,108.45,105.71,107.99,33047.71
1770386400000,2026-02-06 16:00:00,107.99,110.64,107.11,110.11,53183.74
1770393600000,2026-02-06 18:00:00,110.11,115.44,109.7,114.02,59133.67
1770400800000,2026-02-06 20:00:00,114.02,114.7,111.84,114.2,37172.67
1770408000000,2026-02-06 22:00:00,114.2,115.41,112.97,113.62,21567.07
1770415200000,2026-02-07 00:00:00,113.62,115.16,113.35,113.91,21411.71
1770422400000,2026-02-07 02:00:00,113.91,114.19,112.17,113.97,17840.6
1770429600000,2026-02-07 04:00:00,113.97,114.88,113.16,114.54,10911.66
1770436800000,2026-02-07 06:00:00,114.54,116.34,114.38,114.68,19904.27
1770444000000,2026-02-07 08:00:00,114.68,115.3,110.06,111.44,44263.52
1770451200000,2026-02-07 10:00:00,111.44,112.53,110.23,110.89,29617.41
1770458400000,2026-02-07 12:00:00,110.89,111.26,110.08,110.91,9694.99
1770465600000,2026-02-07 14:00:00,110.91,114.56,110.75,112.62,26316.76
1770472800000,2026-02-07 16:00:00,112.62,113.76,111.61,113.14,16392.85
1770480000000,2026-02-07 18:00:00,113.14,115.86,112.49,113.73,154006.96
1770487200000,2026-02-07 20:00:00,113.73,115.65,113.57,114.32,13909.73
1770494400000,2026-02-07 22:00:00,114.32,115.41,114.19,114.64,6229.76
1770501600000,2026-02-08 00:00:00,114.64,115.19,113.45,113.85,8398.44
1770508800000,2026-02-08 02:00:00,113.85,113.93,113.15,113.55,8318.48
1770516000000,2026-02-08 04:00:00,113.55,114.07,112.19,112.27,6513.76
1770523200000,2026-02-08 06:00:00,112.27,113.18,112.02,112.59,6687.14
1770530400000,2026-02-08 08:00:00,112.59,112.7,111.99,112.45,5901.34
1770537600000,2026-02-08 10:00:00,112.45,114.41,112.12,112.89,14021.35
1770544800000,2026-02-08 12:00:00,112.89,115.02,112.1,114.86,14428.75
1770552000000,2026-02-08 14:00:00,114.86,114.99,113.82,114.08,13535.54
1770559200000,2026-02-08 16:00:00,114.08,114.48,112.61,113.08,12883.46
1770566400000,2026-02-08 18:00:00,113.08,113.61,110.9,112.94,33600.11
1770573600000,2026-02-08 20:00:00,112.94,114.87,112.78,114.66,20890.78
1770580800000,2026-02-08 22:00:00,114.66,114.78,111.9,112.26,13429.53
1770588000000,2026-02-09 00:00:00,112.26,115.13,111.37,112.4,21519.99
1770595200000,2026-02-09 02:00:00,112.4,113.32,111.46,112.02,18257.55
1770602400000,2026-02-09 04:00:00,112.02,114.61,111.72,114.38,13689.08
1770609600000,2026-02-09 06:00:00,114.38,114.81,112.87,114.73,19474.27
1770616800000,2026-02-09 08:00:00,114.73,114.95,112.16,112.34,10219.48
1770624000000,2026-02-09 10:00:00,112.34,112.53,110.5,111.05,18821.28
1770631200000,2026-02-09 12:00:00,111.05,111.32,108.82,110.12,24458.89
1770638400000,2026-02-09 14:00:00,110.12,111.43,109.7,109.78,12720.91
1770645600000,2026-02-09 16:00:00,109.78,112.65,109.24,112.46,26585.5
1770652800000,2026-02-09 18:00:00,112.46,114.98,111.44,114.4,25912.12
1770660000000,2026-02-09 20:00:00,114.4,115.03,113.47,114.39,15140.49
1770667200000,2026-02-09 22:00:00,114.39,114.67,111.88,113.02,13960.44
1770674400000,2026-02-10 00:00:00,113.02,113.53,112.41,112.6,10996.44
1770681600000,2026-02-10 02:00:00,112.6,113.17,111.86,112.94,8724.7
1770688800000,2026-02-10 04:00:00,112.94,112.96,110.4,110.88,12327.64
1770696000000,2026-02-10 06:00:00,110.88,111.71,110.42,110.7,8598.33
1770703200000,2026-02-10 08:00:00,110.7,110.83,107.95,108.68,29811.11
1770710400000,2026-02-10 10:00:00,108.68,109.81,108.29,109.34,12376.22
1770717600000,2026-02-10 12:00:00,109.34,109.59,108.23,108.35,8261.2
1770724800000,2026-02-10 14:00:00,108.35,109.02,108.02,108.88,13542.3
1770732000000,2026-02-10 16:00:00,108.88,110.04,107.81,109.49,24400.76
1770739200000,2026-02-10 18:00:00,109.49,110.73,108.76,110.25,23523.17
1770746400000,2026-02-10 20:00:00,110.25,110.49,107.89,108.83,24282.23
1770753600000,2026-02-10 22:00:00,108.83,109.1,108.05,108.46,6657.88
1770760800000,2026-02-11 00:00:00,108.46,109.62,108.46,109.38,7232.13
1770768000000,2026-02-11 02:00:00,109.38,109.98,109.28,109.59,9481.81
1770775200000,2026-02-11 04:00:00,109.59,109.95,108.34,109.36,10531.67
1770782400000,2026-02-11 06:00:00,109.36,109.44,107.12,107.25,19288.76
1770789600000,2026-02-11 08:00:00,107.25,107.34,105.41,106.03,21827.58
1770796800000,2026-02-11 10:00:00,106.03,106.15,105.26,105.38,9787.93
1770804000000,2026-02-11 12:00:00,105.38,105.84,104.61,105.56,12851.03
1770811200000,2026-02-11 14:00:00,105.56,107.43,105.35,107.37,26923.84
1770818400000,2026-02-11 16:00:00,107.37,113.9,104.72,106.06,169699.46
1770825600000,2026-02-11 18:00:00,106.06,108.19,105.19,106.36,35730.55
1770832800000,2026-02-11 20:00:00,106.36,108.15,105.43,107.76,23016.73
1770840000000,2026-02-11 22:00:00,107.76,109.94,107.25,108.99,25478.36
1770847200000,2026-02-12 00:00:00,108.99,109.14,106.82,107.41,16179.17
1770854400000,2026-02-12 02:00:00,107.41,109.51,107.41,108.7,14922.99
1770861600000,2026-02-12 04:00:00,108.7,109.38,108.43,108.96,6072.82
1770868800000,2026-02-12 06:00:00,108.96,109.32,107.8,109.26,6549.4
1770876000000,2026-02-12 08:00:00,109.26,110.05,109.05,109.58,13768.1
1770883200000,2026-02-12 10:00:00,109.58,110.28,109.26,110.0,11720.45
1770890400000,2026-02-12 12:00:00,110.0,110.59,109.28,109.76,16369.94
1770897600000,2026-02-12 14:00:00,109.76,110.39,108.85,110.39,18852.87
1770904800000,2026-02-12 16:00:00,110.39,110.42,107.65,107.81,20016.56
1770912000000,2026-02-12 18:00:00,107.81,107.99,105.55,106.0,35790.79
1770919200000,2026-02-12 20:00:00,106.0,115.12,105.72,110.88,305939.94
1770926400000,2026-02-12 22:00:00,110.88,111.12,109.06,110.42,42123.44
1770933600000,2026-02-13 00:00:00,110.42,115.47,109.87,114.87,49382.82
1770940800000,2026-02-13 02:00:00,114.87,115.49,112.29,112.53,40233.76
1770948000000,2026-02-13 04:00:00,112.53,112.76,111.1,112.13,17269.22
1770955200000,2026-02-13 06:00:00,112.13,112.17,110.14,110.19,18100.73
1770962400000,2026-02-13 08:00:00,110.19,110.96,109.6,110.61,22277.28
1770969600000,2026-02-13 10:00:00,110.61,112.84,110.57,112.74,14364.5
1770976800000,2026-02-13 12:00:00,112.74,113.26,111.43,112.17,18322.03
1770984000000,2026-02-13 14:00:00,112.17,113.65,111.76,112.65,20954.47
1770991200000,2026-02-13 16:00:00,112.65,118.63,112.21,116.64,64416.02
1770998400000,2026-02-13 18:00:00,116.64,119.27,115.87,118.55,58364.57
1771005600000,2026-02-13 20:00:00,118.55,119.69,117.77,119.23,28066.34
1771012800000,2026-02-13 22:00:00,119.23,120.27,118.74,119.51,21443.35
1771020000000,2026-02-14 00:00:00,119.51,120.45,118.6,118.77,17016.85
1771027200000,2026-02-14 02:00:00,118.77,120.14,118.28,119.8,11885.86
1771034400000,2026-02-14 04:00:00,119.8,120.37,119.58,120.25,6283.66
1771041600000,2026-02-14 06:00:00,120.25,121.45,119.84,120.79,11856.35
1771048800000,2026-02-14 08:00:00,120.79,124.87,120.51,123.84,35041.66
1771056000000,2026-02-14 10:00:00,123.84,127.79,123.52,126.84,41264.1
1771063200000,2026-02-14 12:00:00,126.84,128.72,125.75,128.28,33827.51
1771070400000,2026-02-14 14:00:00,128.28,128.52,125.62,128.17,36039.11
1771077600000,2026-02-14 16:00:00,128.17,129.88,127.32,129.47,33620.56
1771084800000,2026-02-14 18:00:00,129.47,130.59,128.08,128.82,27080.5
1771092000000,2026-02-14 20:00:00,128.82,129.9,128.63,129.76,14330.79
1771099200000,2026-02-14 22:00:00,129.76,130.84,128.84,129.37,17731.53
1771106400000,2026-02-15 00:00:00,129.37,130.27,128.08,128.16,18582.55
1771113600000,2026-02-15 02:00:00,128.16,128.83,127.07,128.11,17996.28
1771120800000,2026-02-15 04:00:00,128.11,128.82,127.02,128.81,16009.84
1771128000000,2026-02-15 06:00:00,128.81,131.5,128.52,131.3,33683.89
1771135200000,2026-02-15 08:00:00,131.3,131.9,130.11,130.91,21661.44
1771142400000,2026-02-15 10:00:00,130.91,131.47,128.17,129.18,20592.31
1771149600000,2026-02-15 12:00:00,129.18,129.36,128.26,128.72,16787.87
1771156800000,2026-02-15 14:00:00,128.72,129.25,124.45,125.13,48318.04
1771164000000,2026-02-15 16:00:00,125.13,126.7,125.04,126.5,21362.29
1771171200000,2026-02-15 18:00:00,126.5,126.98,123.05,124.69,38999.41
1771178400000,2026-02-15 20:00:00,124.69,125.05,123.08,123.51,25099.03
1771185600000,2026-02-15 22:00:00,123.51,125.27,122.47,125.09,16432.0
1771192800000,2026-02-16 00:00:00,125.09,126.1,123.88,125.66,15730.81
1771200000000,2026-02-16 02:00:00,125.66,126.46,125.14,125.72,8349.53
1771207200000,2026-02-16 04:00:00,125.72,126.34,125.36,126.34,11163.16
1771214400000,2026-02-16 06:00:00,126.34,127.61,124.64,125.31,18080.25
1771221600000,2026-02-16 08:00:00,125.31,127.12,125.24,126.52,8095.91
1771228800000,2026-02-16 10:00:00,126.52,127.9,126.47,127.01,15299.46
1771236000000,2026-02-16 12:00:00,127.01,127.76,124.91,126.19,15912.83
1771243200000,2026-02-16 14:00:00,126.19,129.13,125.41,125.88,37509.15
1771250400000,2026-02-16 16:00:00,125.88,126.79,123.0,123.71,35335.83
1771257600000,2026-02-16 18:00:00,123.71,125.48,123.57,124.94,20067.37
1771264800000,2026-02-16 20:00:00,124.94,125.86,124.62,124.84,8287.73
1771272000000,2026-02-16 22:00:00,124.84,127.02,124.35,126.88,12611.03
1771279200000,2026-02-17 00:00:00,126.88,127.16,126.0,126.92,6875.79
1771286400000,2026-02-17 02:00:00,126.92,127.51,126.25,126.37,13538.3
1771293600000,2026-02-17 04:00:00,126.37,127.71,125.75,126.36,15234.08
1771300800000,2026-02-17 06:00:00,126.36,126.53,123.75,124.55,20769.24
1771308000000,2026-02-17 08:00:00,124.55,125.41,124.55,125.4,7942.02
1771315200000,2026-02-17 10:00:00,125.4,125.98,124.29,124.64,14196.54
1771322400000,2026-02-17 12:00:00,124.64,124.94,123.75,124.46,10954.28
1771329600000,2026-02-17 14:00:00,124.46,128.82,124.4,127.86,27941.58
1771336800000,2026-02-17 16:00:00,127.86,128.99,124.72,126.72,48908.19
1771344000000,2026-02-17 18:00:00,126.72,130.74,125.82,126.76,59130.52
1771351200000,2026-02-17 20:00:00,126.76,128.83,126.07,127.48,25774.12
1771358400000,2026-02-17 22:00:00,127.48,127.67,126.29,127.04,11677.66
1771365600000,2026-02-18 00:00:00,127.04,127.29,126.15,126.51,7383.69
1771372800000,2026-02-18 02:00:00,126.51,126.86,124.74,125.16,19047.23
1771380000000,2026-02-18 04:00:00,125.16,127.28,125.12,127.07,11462.03
1771387200000,2026-02-18 06:00:00,127.07,127.3,126.24,126.64,6781.25
1771394400000,2026-02-18 08:00:00,126.64,128.22,126.58,127.63,37326.51
1771401600000,2026-02-18 10:00:00,127.63,129.11,125.75,127.0,57162.29
1771408800000,2026-02-18 12:00:00,127.0,127.57,125.49,126.88,22303.11
1771416000000,2026-02-18 14:00:00,126.88,127.72,125.06,125.73,15772.01
1771423200000,2026-02-18 16:00:00,125.73,128.65,124.71,127.43,33054.17
1771430400000,2026-02-18 18:00:00,127.43,127.45,125.09,125.69,20619.42
1771437600000,2026-02-18 20:00:00,125.69,126.14,121.17,121.6,62668.7
1771444800000,2026-02-18 22:00:00,121.6,123.19,120.69,122.35,43599.3
1771452000000,2026-02-19 00:00:00,122.35,123.4,122.06,122.88,19774.16
1771459200000,2026-02-19 02:00:00,122.88,123.75,122.23,123.52,14772.42
1771466400000,2026-02-19 04:00:00,123.52,124.27,123.18,123.77,13259.44
1771473600000,2026-02-19 06:00:00,123.77,124.13,122.54,123.21,9718.15
1771480800000,2026-02-19 08:00:00,123.21,124.58,123.12,123.63,11366.4
1771488000000,2026-02-19 10:00:00,123.63,123.63,122.02,122.59,13190.49
