timestamp,datetime,open,high,low,close,volume
1735207200000,2024-12-26 12:00:00,0.3542,0.3596,0.3527,0.3557,6609666.7
1735214400000,2024-12-26 14:00:00,0.3557,0.3568,0.3501,0.3529,7047001.6
1735221600000,2024-12-26 16:00:00,0.3529,0.3567,0.3497,0.3506,8988153.1
1735228800000,2024-12-26 18:00:00,0.3506,0.3545,0.3452,0.3482,7372254.7
1735236000000,2024-12-26 20:00:00,0.3482,0.3513,0.3466,0.3506,4404913.1
1735243200000,2024-12-26 22:00:00,0.3506,0.3506,0.3439,0.3473,7287910.6
1735250400000,2024-12-27 00:00:00,0.3473,0.3503,0.3439,0.3464,5613304.1
1735257600000,2024-12-27 02:00:00,0.3464,0.355,0.344,0.3517,7941655.7
1735264800000,2024-12-27 04:00:00,0.3517,0.3597,0.3505,0.3536,7531833.6
1735272000000,2024-12-27 06:00:00,0.3536,0.3564,0.3451,0.3494,6997077.4
1735279200000,2024-12-27 08:00:00,0.3494,0.3553,0.3443,0.3497,11705844.3
1735286400000,2024-12-27 10:00:00,0.3497,0.3693,0.3496,0.3674,19738378.6
1735293600000,2024-12-27 12:00:00,0.3674,0.3676,0.3556,0.3579,14007724.4
1735300800000,2024-12-27 14:00:00,0.3579,0.3588,0.348,0.3496,10665411.7
1735308000000,2024-12-27 16:00:00,0.3496,0.3497,0.3354,0.3382,17750178.2
1735315200000,2024-12-27 18:00:00,0.3382,0.3392,0.329,0.3377,16688947.4
1735322400000,2024-12-27 20:00:00,0.3377,0.3431,0.3358,0.3393,8077540.7
1735329600000,2024-12-27 22:00:00,0.3393,0.3404,0.3315,0.3321,4575200.0
1735336800000,2024-12-28 00:00:00,0.3321,0.3356,0.3291,0.3331,6634249.2
1735344000000,2024-12-28 02:00:00,0.3331,0.336,0.3308,0.3339,6066021.9
1735351200000,2024-12-28 04:00:00,0.3339,0.3355,0.3322,0.3334,2475053.9
1735358400000,2024-12-28 06:00:00,0.3334,0.3371,0.3316,0.3342,3920906.9
1735365600000,2024-12-28 08:00:00,0.3342,0.3348,0.3282,0.3291,3827979.3
1735372800000,2024-12-28 10:00:00,0.3291,0.3339,0.3291,0.3315,3565222.8
1735380000000,2024-12-28 12:00:00,0.3315,0.3349,0.3295,0.3336,5399263.6
1735387200000,2024-12-28 14:00:00,0.3336,0.3366,0.3305,0.3349,5777906.4
1735394400000,2024-12-28 16:00:00,0.3349,0.342,0.3327,0.3357,9532031.9
1735401600000,2024-12-28 18:00:00,0.3357,0.3448,0.3342,0.3416,5627507.3
1735408800000,2024-12-28 20:00:00,0.3416,0.3425,0.3384,0.3391,5318357.4
1735416000000,2024-12-28 22:00:00,0.3391,0.3442,0.3373,0.3441,2717024.4
1735423200000,2024-12-29 00:00:00,0.3441,0.3515,0.3423,0.3448,6391091.0
1735430400000,2024-12-29 02:00:00,0.3448,0.3497,0.3412,0.3415,8327455.3
1735437600000,2024-12-29 04:00:00,0.3415,0.3472,0.3415,0.3435,3290612.6
1735444800000,2024-12-29 06:00:00,0.3435,0.3444,0.3388,0.3397,4427949.7
1735452000000,2024-12-29 08:00:00,0.3397,0.3424,0.3367,0.3423,3190614.0
1735459200000,2024-12-29 10:00:00,0.3423,0.343,0.3363,0.3384,2837223.4
1735466400000,2024-12-29 12:00:00,0.3384,0.3394,0.3353,0.3355,2258142.7
1735473600000,2024-12-29 14:00:00,0.3355,0.3369,0.3324,0.3356,6471695.8
1735480800000,2024-12-29 16:00:00,0.3356,0.3387,0.3314,0.3329,4327586.8
1735488000000,2024-12-29 18:00:00,0.3329,0.3334,0.3272,0.3286,5529335.2
1735495200000,2024-12-29 20:00:00,0.3286,0.3286,0.3254,0.3271,5047936.9
1735502400000,2024-12-29 22:00:00,0.3271,0.3275,0.3226,0.3243,5409321.8
1735509600000,2024-12-30 00:00:00,0.3243,0.3266,0.3218,0.3251,5675714.9
1735516800000,2024-12-30 02:00:00,0.3251,0.3398,0.3234,0.3338,12907890.1
1735524000000,2024-12-30 04:00:00,0.3338,0.3359,0.3308,0.331,3078800.3
1735531200000,2024-12-30 06:00:00,0.331,0.3335,0.3267,0.3301,3696935.0
1735538400000,2024-12-30 08:00:00,0.3301,0.3361,0.3288,0.3314,4308613.0
1735545600000,2024-12-30 10:00:00,0.3314,0.3359,0.3288,0.3301,2644458.4
1735552800000,2024-12-30 12:00:00,0.3301,0.3306,0.3229,0.3274,3514374.1
1735560000000,2024-12-30 14:00:00,0.3274,0.3312,0.3151,0.3153,8135792.8
1735567200000,2024-12-30 16:00:00,0.3153,0.3189,0.3107,0.3142,11408597.9
1735574400000,2024-12-30 18:00:00,0.3142,0.3289,0.3122,0.3266,11260335.2
1735581600000,2024-12-30 20:00:00,0.3266,0.339,0.3244,0.3382,9732914.2
1735588800000,2024-12-30 22:00:00,0.3382,0.3497,0.3325,0.3344,28897579.0
1735596000000,2024-12-31 00:00:00,0.3344,0.3362,0.324,0.3282,9662723.1
1735603200000,2024-12-31 02:00:00,0.3282,0.3283,0.3169,0.3212,9137180.5
1735610400000,2024-12-31 04:00:00,0.3212,0.3227,0.3178,0.3207,4814825.1
1735617600000,2024-12-31 06:00:00,0.3207,0.3238,0.3176,0.319,4523246.7
1735624800000,2024-12-31 08:00:00,0.319,0.3223,0.3166,0.3194,4061057.2
1735632000000,2024-12-31 10:00:00,0.3194,0.334,0.3193,0.326,8047264.4
1735639200000,2024-12-31 12:00:00,0.326,0.3286,0.3233,0.326,3892722.8
1735646400000,2024-12-31 14:00:00,0.326,0.3459,0.326,0.3406,14885190.3
1735653600000,2024-12-31 16:00:00,0.3406,0.3534,0.3406,0.3494,20984353.9
1735660800000,2024-12-31 18:00:00,0.3494,0.3513,0.3382,0.3426,17561356.3
1735668000000,2024-12-31 20:00:00,0.3426,0.3467,0.3366,0.3383,7488612.2
1735675200000,2024-12-31 22:00:00,0.3383,0.3394,0.3342,0.3377,3796804.9
1735682400000,2025-01-01 00:00:00,0.3377,0.3377,0.3326,0.3342,4264787.4
1735689600000,2025-01-01 02:00:00,0.3342,0.3411,0.3338,0.3365,6710273.1
1735696800000,2025-01-01 04:00:00,0.3365,0.3406,0.3357,0.3357,2761429.1
1735704000000,2025-01-01 06:00:00,0.3357,0.3389,0.3306,0.3376,6420031.0
1735711200000,2025-01-01 08:00:00,0.3376,0.3386,0.3336,0.3345,3021183.1
1735718400000,2025-01-01 10:00:00,0.3345,0.335,0.3271,0.3298,5708409.6
1735725600000,2025-01-01 12:00:00,0.3298,0.3379,0.3276,0.337,6006150.0
1735732800000,2025-01-01 14:00:00,0.337,0.3458,0.3347,0.3435,11605386.4
1735740000000,2025-01-01 16:00:00,0.3435,0.3547,0.3416,0.3544,10368116.5
1735747200000,2025-01-01 18:00:00,0.3544,0.3638,0.3504,0.363,19358411.9
1735754400000,2025-01-01 20:00:00,0.363,0.3813,0.3601,0.3755,28541141.2
1735761600000,2025-01-01 22:00:00,0.3755,0.3859,0.3755,0.3825,15110355.0
1735768800000,2025-01-02 00:00:00,0.3825,0.3847,0.3761,0.3769,7912218.6
1735776000000,2025-01-02 02:00:00,0.3769,0.403,0.3767,0.3936,30668678.5
1735783200000,2025-01-02 04:00:00,0.3936,0.3996,0.3925,0.3942,7923264.2
1735790400000,2025-01-02 06:00:00,0.3942,0.4014,0.3918,0.3945,9366604.1
1735797600000,2025-01-02 08:00:00,0.3945,0.3958,0.3864,0.3916,10799059.6
1735804800000,2025-01-02 10:00:00,0.3916,0.4091,0.3914,0.4033,16997481.8
1735812000000,2025-01-02 12:00:00,0.4033,0.4041,0.3973,0.4017,11588132.6
1735819200000,2025-01-02 14:00:00,0.4017,0.4037,0.3943,0.3956,11708381.3
1735826400000,2025-01-02 16:00:00,0.3956,0.403,0.392,0.3957,14876179.1
1735833600000,2025-01-02 18:00:00,0.3957,0.3995,0.3917,0.3951,8718309.6
1735840800000,2025-01-02 20:00:00,0.3951,0.3995,0.3941,0.3951,6156422.3
1735848000000,2025-01-02 22:00:00,0.3951,0.3974,0.3889,0.3939,8852896.5
1735855200000,2025-01-03 00:00:00,0.3939,0.3953,0.3905,0.3922,3642364.7
1735862400000,2025-01-03 02:00:00,0.3922,0.408,0.3922,0.4031,12955723.8
1735869600000,2025-01-03 04:00:00,0.4031,0.4156,0.4031,0.4141,13894706.0
1735876800000,2025-01-03 06:00:00,0.4141,0.4141,0.3994,0.4015,9586606.6
1735884000000,2025-01-03 08:00:00,0.4015,0.4084,0.4,0.4024,8954348.6
1735891200000,2025-01-03 10:00:00,0.4024,0.4156,0.4021,0.4138,11692550.8
1735898400000,2025-01-03 12:00:00,0.4138,0.4263,0.4106,0.4199,17006519.3
1735905600000,2025-01-03 14:00:00,0.4199,0.425,0.4093,0.4127,16101531.6
1735912800000,2025-01-03 16:00:00,0.4127,0.427,0.4127,0.4211,13470568.3
1735920000000,2025-01-03 18:00:00,0.4211,0.4262,0.416,0.4163,12478649.4
1735927200000,2025-01-03 20:00:00,0.4163,0.4227,0.4159,0.4184,6229747.1
1735934400000,2025-01-03 22:00:00,0.4184,0.4192,0.4131,0.4187,6262742.1
1735941600000,2025-01-04 00:00:00,0.4187,0.4206,0.4156,0.4189,4091612.5
1735948800000,2025-01-04 02:00:00,0.4189,0.4231,0.4103,0.4222,8950763.5
1735956000000,2025-01-04 04:00:00,0.4222,0.4317,0.4219,0.4241,19020521.8
1735963200000,2025-01-04 06:00:00,0.4241,0.4249,0.4157,0.4169,9769975.7
1735970400000,2025-01-04 08:00:00,0.4169,0.4206,0.4132,0.4135,5447977.8
1735977600000,2025-01-04 10:00:00,0.4135,0.4145,0.406,0.409,18182447.3
1735984800000,2025-01-04 12:00:00,0.409,0.4095,0.4054,0.4072,6416866.1
1735992000000,2025-01-04 14:00:00,0.4072,0.4175,0.4071,0.4165,8057596.9
1735999200000,2025-01-04 16:00:00,0.4165,0.4224,0.4063,0.4088,11719967.6
1736006400000,2025-01-04 18:00:00,0.4088,0.413,0.4083,0.411,4016019.0
1736013600000,2025-01-04 20:00:00,0.411,0.4149,0.4087,0.4116,3143832.5
1736020800000,2025-01-04 22:00:00,0.4116,0.4152,0.4088,0.4098,4045700.6
1736028000000,2025-01-05 00:00:00,0.4098,0.4115,0.4086,0.4098,3076063.5
1736035200000,2025-01-05 02:00:00,0.4098,0.411,0.4015,0.4053,10667921.0
1736042400000,2025-01-05 04:00:00,0.4053,0.4089,0.4046,0.4073,3889158.6
1736049600000,2025-01-05 06:00:00,0.4073,0.4162,0.4072,0.4092,5650149.6
1736056800000,2025-01-05 08:00:00,0.4092,0.4143,0.4076,0.4098,4927593.1
1736064000000,2025-01-05 10:00:00,0.4098,0.4109,0.4014,0.4018,9157947.7
1736071200000,2025-01-05 12:00:00,0.4018,0.4053,0.398,0.3996,12725292.2
1736078400000,2025-01-05 14:00:00,0.3996,0.4056,0.3967,0.4027,7180824.9
1736085600000,2025-01-05 16:00:00,0.4027,0.4098,0.3955,0.4061,15464770.6
1736092800000,2025-01-05 18:00:00,0.4061,0.4094,0.403,0.4054,3845637.3
1736100000000,2025-01-05 20:00:00,0.4054,0.4097,0.4022,0.4033,5260819.4
1736107200000,2025-01-05 22:00:00,0.4033,0.41,0.4033,0.4082,5124934.4
1736114400000,2025-01-06 00:00:00,0.4082,0.4116,0.4038,0.4049,4144640.8
1736121600000,2025-01-06 02:00:00,0.4049,0.4104,0.3965,0.4084,9732140.2
1736128800000,2025-01-06 04:00:00,0.4084,0.415,0.405,0.4084,8141573.0
1736136000000,2025-01-06 06:00:00,0.4084,0.4138,0.4057,0.406,4705528.6
1736143200000,2025-01-06 08:00:00,0.406,0.4081,0.4018,0.4055,4246036.0
1736150400000,2025-01-06 10:00:00,0.4055,0.4098,0.402,0.4037,4290297.8
1736157600000,2025-01-06 12:00:00,0.4037,0.4142,0.4028,0.4133,5241010.0
1736164800000,2025-01-06 14:00:00,0.4133,0.4142,0.4024,0.4094,6375465.3
1736172000000,2025-01-06 16:00:00,0.4094,0.4223,0.4045,0.4198,14856058.9
1736179200000,2025-01-06 18:00:00,0.4198,0.4315,0.4167,0.4223,17391381.0
1736186400000,2025-01-06 20:00:00,0.4223,0.4253,0.4186,0.4221,4708396.1
1736193600000,2025-01-06 22:00:00,0.4221,0.4237,0.4137,0.4147,6011379.1
1736200800000,2025-01-07 00:00:00,0.4147,0.4184,0.413,0.4148,4108195.8
1736208000000,2025-01-07 02:00:00,0.4148,0.4172,0.4081,0.4113,9768678.2
1736215200000,2025-01-07 04:00:00,0.4113,0.4124,0.4057,0.409,4821158.4
1736222400000,2025-01-07 06:00:00,0.409,0.4129,0.4056,0.4129,2859231.3
1736229600000,2025-01-07 08:00:00,0.4129,0.4261,0.4103,0.4176,9402338.8
1736236800000,2025-01-07 10:00:00,0.4176,0.4251,0.4148,0.4197,7216579.9
1736244000000,2025-01-07 12:00:00,0.4197,0.4254,0.4082,0.4125,10102103.9
1736251200000,2025-01-07 14:00:00,0.4125,0.4175,0.4093,0.4141,5676912.0
1736258400000,2025-01-07 16:00:00,0.4141,0.4176,0.3767,0.3831,65923188.0
1736265600000,2025-01-07 18:00:00,0.3831,0.3865,0.3771,0.3805,19094876.9
1736272800000,2025-01-07 20:00:00,0.3805,0.383,0.3709,0.3726,15242981.7
1736280000000,2025-01-07 22:00:00,0.3726,0.3835,0.3703,0.3742,12437859.8
1736287200000,2025-01-08 00:00:00,0.3742,0.3801,0.3719,0.3723,7346471.7
1736294400000,2025-01-08 02:00:00,0.3723,0.3816,0.3701,0.3743,16446701.0
1736301600000,2025-01-08 04:00:00,0.3743,0.382,0.3699,0.3723,15325375.8
1736308800000,2025-01-08 06:00:00,0.3723,0.375,0.3665,0.3677,17896621.6
1736316000000,2025-01-08 08:00:00,0.3677,0.3706,0.3565,0.3639,27529240.7
1736323200000,2025-01-08 10:00:00,0.3639,0.3726,0.3623,0.3624,7989671.4
1736330400000,2025-01-08 12:00:00,0.3624,0.3702,0.3622,0.3641,6246719.0
1736337600000,2025-01-08 14:00:00,0.3641,0.3693,0.3588,0.3598,7886051.7
1736344800000,2025-01-08 16:00:00,0.3598,0.3686,0.3598,0.3651,11869268.1
1736352000000,2025-01-08 18:00:00,0.3651,0.366,0.3393,0.3517,36841304.0
1736359200000,2025-01-08 20:00:00,0.3517,0.3588,0.3494,0.3535,13987320.6
1736366400000,2025-01-08 22:00:00,0.3535,0.3545,0.3482,0.3517,4588253.0
1736373600000,2025-01-09 00:00:00,0.3517,0.3623,0.3516,0.3586,7707329.3
1736380800000,2025-01-09 02:00:00,0.3586,0.3634,0.3541,0.358,10948583.1
1736388000000,2025-01-09 04:00:00,0.358,0.3615,0.3526,0.3551,9987746.3
1736395200000,2025-01-09 06:00:00,0.3551,0.3573,0.3526,0.354,3481278.3
1736402400000,2025-01-09 08:00:00,0.354,0.3543,0.3411,0.3427,18100123.5
1736409600000,2025-01-09 10:00:00,0.3427,0.352,0.3423,0.3469,7986004.4
1736416800000,2025-01-09 12:00:00,0.3469,0.3522,0.3415,0.3486,12758183.8
1736424000000,2025-01-09 14:00:00,0.3486,0.3521,0.3366,0.3371,15533705.1
1736431200000,2025-01-09 16:00:00,0.3371,0.3579,0.3349,0.3547,17650670.1
1736438400000,2025-01-09 18:00:00,0.3547,0.3557,0.3442,0.3472,9504998.2
1736445600000,2025-01-09 20:00:00,0.3472,0.3507,0.3386,0.3399,7704369.1
1736452800000,2025-01-09 22:00:00,0.3399,0.3444,0.3353,0.3395,18177076.0
1736460000000,2025-01-10 00:00:00,0.3395,0.3462,0.339,0.3414,3341279.8
1736467200000,2025-01-10 02:00:00,0.3414,0.344,0.3377,0.3418,6490510.7
1736474400000,2025-01-10 04:00:00,0.3418,0.3464,0.3408,0.3444,4451149.2
1736481600000,2025-01-10 06:00:00,0.3444,0.3514,0.3409,0.3467,5555221.2
1736488800000,2025-01-10 08:00:00,0.3467,0.3586,0.3446,0.3551,6979804.2
1736496000000,2025-01-10 10:00:00,0.3551,0.3592,0.3533,0.3567,6652762.9
1736503200000,2025-01-10 12:00:00,0.3567,0.3595,0.3537,0.3569,7208369.4
1736510400000,2025-01-10 14:00:00,0.3569,0.3604,0.3442,0.3539,23866441.6
1736517600000,2025-01-10 16:00:00,0.3539,0.3686,0.3526,0.3649,40567359.0
1736524800000,2025-01-10 18:00:00,0.3649,0.3805,0.3569,0.3805,15530863.6
1736532000000,2025-01-10 20:00:00,0.3805,0.3849,0.3735,0.3805,13694541.2
1736539200000,2025-01-10 22:00:00,0.3805,0.3817,0.3733,0.3742,9623359.0
1736546400000,2025-01-11 00:00:00,0.3742,0.381,0.3715,0.3723,5726138.5
1736553600000,2025-01-11 02:00:00,0.3723,0.3778,0.3668,0.3686,11876142.2
1736560800000,2025-01-11 04:00:00,0.3686,0.3705,0.3624,0.3642,3977780.4
1736568000000,2025-01-11 06:00:00,0.3642,0.3684,0.3623,0.3646,5048090.1
1736575200000,2025-01-11 08:00:00,0.3646,0.3658,0.3584,0.36,5855416.8
1736582400000,2025-01-11 10:00:00,0.36,0.3634,0.3581,0.3628,3650023.0
1736589600000,2025-01-11 12:00:00,0.3628,0.3718,0.3628,0.3694,7554081.1
1736596800000,2025-01-11 14:00:00,0.3694,0.371,0.3621,0.3645,6134389.7
1736604000000,2025-01-11 16:00:00,0.3645,0.3696,0.3622,0.3635,6282817.9
1736611200000,2025-01-11 18:00:00,0.3635,0.3696,0.3611,0.3638,6419725.8
1736618400000,2025-01-11 20:00:00,0.3638,0.3668,0.3612,0.3651,4257182.0
1736625600000,2025-01-11 22:00:00,0.3651,0.3849,0.3638,0.3829,17719851.9
1736632800000,2025-01-12 00:00:00,0.3829,0.3858,0.3748,0.3777,13934710.6
1736640000000,2025-01-12 02:00:00,0.3777,0.3795,0.3704,0.3782,6078150.2
1736647200000,2025-01-12 04:00:00,0.3782,0.3789,0.3712,0.3729,4182612.4
1736654400000,2025-01-12 06:00:00,0.3729,0.3766,0.3707,0.3728,2472051.2
1736661600000,2025-01-12 08:00:00,0.3728,0.3738,0.3659,0.3704,6820052.9
1736668800000,2025-01-12 10:00:00,0.3704,0.3728,0.3643,0.3663,5113882.5
1736676000000,2025-01-12 12:00:00,0.3663,0.368,0.3626,0.3663,4715657.4
1736683200000,2025-01-12 14:00:00,0.3663,0.3727,0.3646,0.3709,4331027.4
1736690400000,2025-01-12 16:00:00,0.3709,0.3733,0.3655,0.3692,5359649.8
1736697600000,2025-01-12 18:00:00,0.3692,0.3707,0.3635,0.3648,5848728.1
1736704800000,2025-01-12 20:00:00,0.3648,0.3683,0.3624,0.3636,4658681.5
1736712000000,2025-01-12 22:00:00,0.3636,0.3648,0.3576,0.3582,3919739.2
1736719200000,2025-01-13 00:00:00,0.3582,0.3606,0.3526,0.3599,11433272.6
1736726400000,2025-01-13 02:00:00,0.3599,0.3739,0.3578,0.3623,14544401.0
1736733600000,2025-01-13 04:00:00,0.3623,0.364,0.3513,0.3528,8105843.3
1736740800000,2025-01-13 06:00:00,0.3528,0.3604,0.3509,0.352,6069639.6
1736748000000,2025-01-13 08:00:00,0.352,0.3544,0.3447,0.3457,7035204.7
1736755200000,2025-01-13 10:00:00,0.3457,0.346,0.3344,0.3376,21718003.3
1736762400000,2025-01-13 12:00:00,0.3376,0.3379,0.3247,0.3247,35936011.3
1736769600000,2025-01-13 14:00:00,0.3247,0.3381,0.3235,0.3311,22773269.8
1736776800000,2025-01-13 16:00:00,0.3311,0.3477,0.323,0.342,33184655.0
1736784000000,2025-01-13 18:00:00,0.342,0.3436,0.3353,0.3371,12244693.7
1736791200000,2025-01-13 20:00:00,0.3371,0.3409,0.3331,0.3371,10149157.6
1736798400000,2025-01-13 22:00:00,0.3371,0.353,0.3351,0.3516,9031714.8
1736805600000,2025-01-14 00:00:00,0.3516,0.3569,0.3481,0.3491,6499052.1
1736812800000,2025-01-14 02:00:00,0.3491,0.3581,0.3461,0.3509,8608920.0
1736820000000,2025-01-14 04:00:00,0.3509,0.3562,0.3507,0.3517,2569483.0
1736827200000,2025-01-14 06:00:00,0.3517,0.3547,0.3488,0.3499,2923312.5
1736834400000,2025-01-14 08:00:00,0.3499,0.3515,0.3452,0.3458,3003101.4
1736841600000,2025-01-14 10:00:00,0.3458,0.3614,0.3458,0.3596,9543297.6
1736848800000,2025-01-14 12:00:00,0.3596,0.3616,0.3554,0.358,5178315.3
1736856000000,2025-01-14 14:00:00,0.358,0.3659,0.3503,0.3641,11224744.4
1736863200000,2025-01-14 16:00:00,0.3641,0.3777,0.3614,0.3738,13739736.8
1736870400000,2025-01-14 18:00:00,0.3738,0.3767,0.3657,0.3745,7902904.0
1736877600000,2025-01-14 20:00:00,0.3745,0.3761,0.3677,0.368,4494205.5
1736884800000,2025-01-14 22:00:00,0.368,0.3722,0.3649,0.3705,4107384.6
1736892000000,2025-01-15 00:00:00,0.3705,0.3735,0.3695,0.3724,3282174.3
1736899200000,2025-01-15 02:00:00,0.3724,0.3855,0.3693,0.3828,10501162.7
1736906400000,2025-01-15 04:00:00,0.3828,0.395,0.3819,0.3926,15615527.6
1736913600000,2025-01-15 06:00:00,0.3926,0.3969,0.3868,0.3947,11760300.4
1736920800000,2025-01-15 08:00:00,0.3947,0.404,0.3911,0.3999,13817869.3
1736928000000,2025-01-15 10:00:00,0.3999,0.4052,0.3882,0.3891,14624712.0
1736935200000,2025-01-15 12:00:00,0.3891,0.3946,0.3816,0.3878,16673394.1
1736942400000,2025-01-15 14:00:00,0.3878,0.4137,0.3834,0.4131,34543178.1
1736949600000,2025-01-15 16:00:00,0.4131,0.4467,0.4121,0.4402,43376844.4
1736956800000,2025-01-15 18:00:00,0.4402,0.4474,0.4332,0.4371,24906160.3
1736964000000,2025-01-15 20:00:00,0.4371,0.4488,0.437,0.4425,10479023.3
1736971200000,2025-01-15 22:00:00,0.4425,0.4494,0.442,0.4455,13309895.5
1736978400000,2025-01-16 00:00:00,0.4455,0.4502,0.4425,0.4442,17864042.7
1736985600000,2025-01-16 02:00:00,0.4442,0.4448,0.4259,0.4399,32895445.9
1736992800000,2025-01-16 04:00:00,0.4399,0.4459,0.4346,0.4446,11359125.5
1737000000000,2025-01-16 06:00:00,0.4446,0.4734,0.4444,0.4524,37545939.7
1737007200000,2025-01-16 08:00:00,0.4524,0.4644,0.4511,0.454,19207377.9
1737014400000,2025-01-16 10:00:00,0.454,0.4579,0.4438,0.4491,17561921.4
1737021600000,2025-01-16 12:00:00,0.4491,0.4666,0.4471,0.4637,23862549.1
1737028800000,2025-01-16 14:00:00,0.4637,0.4844,0.4574,0.4785,45640163.2
1737036000000,2025-01-16 16:00:00,0.4785,0.4831,0.4551,0.4718,46669427.3
1737043200000,2025-01-16 18:00:00,0.4718,0.4802,0.4654,0.4679,21097900.1
1737050400000,2025-01-16 20:00:00,0.4679,0.4803,0.4669,0.4744,14933573.1
1737057600000,2025-01-16 22:00:00,0.4744,0.4767,0.466,0.4693,12924620.4
1737064800000,2025-01-17 00:00:00,0.4693,0.4696,0.4568,0.4641,10929100.1
1737072000000,2025-01-17 02:00:00,0.4641,0.4956,0.4623,0.4933,44027227.0
1737079200000,2025-01-17 04:00:00,0.4933,0.4967,0.4823,0.4881,23943282.1
1737086400000,2025-01-17 06:00:00,0.4881,0.4936,0.4833,0.4881,9623980.5
1737093600000,2025-01-17 08:00:00,0.4881,0.4883,0.4758,0.4768,11362037.5
1737100800000,2025-01-17 10:00:00,0.4768,0.4789,0.4702,0.477,15243926.6
1737108000000,2025-01-17 12:00:00,0.477,0.4813,0.4747,0.4752,11784746.8
1737115200000,2025-01-17 14:00:00,0.4752,0.48,0.4667,0.4729,18942829.2
1737122400000,2025-01-17 16:00:00,0.4729,0.4792,0.4671,0.4696,15292519.7
1737129600000,2025-01-17 18:00:00,0.4696,0.4741,0.4627,0.4647,11701429.7
1737136800000,2025-01-17 20:00:00,0.4647,0.4722,0.4631,0.4689,14600740.0
1737144000000,2025-01-17 22:00:00,0.4689,0.4727,0.468,0.4718,9831177.9
1737151200000,2025-01-18 00:00:00,0.4718,0.4741,0.4665,0.4686,6681237.1
1737158400000,2025-01-18 02:00:00,0.4686,0.475,0.4596,0.4624,20504644.4
1737165600000,2025-01-18 04:00:00,0.4624,0.466,0.4508,0.4545,16774199.2
1737172800000,2025-01-18 06:00:00,0.4545,0.4606,0.4367,0.4369,22823961.5
1737180000000,2025-01-18 08:00:00,0.4369,0.4482,0.4368,0.442,12562635.9
1737187200000,2025-01-18 10:00:00,0.442,0.447,0.4362,0.4457,9458215.6
1737194400000,2025-01-18 12:00:00,0.4457,0.4497,0.4365,0.4488,13370969.0
1737201600000,2025-01-18 14:00:00,0.4488,0.4555,0.4415,0.4547,12199825.9
1737208800000,2025-01-18 16:00:00,0.4547,0.4549,0.4406,0.4411,15980094.3
1737216000000,2025-01-18 18:00:00,0.4411,0.4434,0.4338,0.4366,15593171.0
1737223200000,2025-01-18 20:00:00,0.4366,0.447,0.4358,0.4463,5435835.7
1737230400000,2025-01-18 22:00:00,0.4463,0.4465,0.4357,0.4369,6185109.5
1737237600000,2025-01-19 00:00:00,0.4369,0.447,0.4366,0.4453,5984398.4
1737244800000,2025-01-19 02:00:00,0.4453,0.4582,0.441,0.4565,12535793.3
1737252000000,2025-01-19 04:00:00,0.4565,0.4565,0.4368,0.4372,13559541.1
1737259200000,2025-01-19 06:00:00,0.4372,0.4394,0.4282,0.4356,13082646.5
1737266400000,2025-01-19 08:00:00,0.4356,0.4409,0.431,0.4342,7927719.7
1737273600000,2025-01-19 10:00:00,0.4342,0.4419,0.4155,0.4412,38165102.5
1737280800000,2025-01-19 12:00:00,0.4412,0.4412,0.4162,0.4196,19888272.4
1737288000000,2025-01-19 14:00:00,0.4196,0.4272,0.4192,0.4252,29355093.3
1737295200000,2025-01-19 16:00:00,0.4252,0.4411,0.4229,0.4317,25655779.7
1737302400000,2025-01-19 18:00:00,0.4317,0.4509,0.4304,0.4509,17113797.3
1737309600000,2025-01-19 20:00:00,0.4509,0.4533,0.4445,0.4493,9656183.3
1737316800000,2025-01-19 22:00:00,0.4493,0.4524,0.4141,0.4153,33669360.3
1737324000000,2025-01-20 00:00:00,0.4153,0.4225,0.3879,0.3976,58936836.6
1737331200000,2025-01-20 02:00:00,0.3976,0.3989,0.3828,0.39,45872389.4
1737338400000,2025-01-20 04:00:00,0.39,0.4165,0.3892,0.4122,18700919.1
1737345600000,2025-01-20 06:00:00,0.4122,0.4172,0.4059,0.4108,10865621.4
1737352800000,2025-01-20 08:00:00,0.4108,0.4751,0.4106,0.4544,51148162.8
1737360000000,2025-01-20 10:00:00,0.4544,0.4793,0.4518,0.4632,31309509.6
1737367200000,2025-01-20 12:00:00,0.4632,0.4676,0.4554,0.4672,14676377.8
1737374400000,2025-01-20 14:00:00,0.4672,0.4702,0.4462,0.4616,27563041.1
1737381600000,2025-01-20 16:00:00,0.4616,0.4703,0.4447,0.4471,21774195.0
1737388800000,2025-01-20 18:00:00,0.4471,0.4526,0.4154,0.4264,63937911.4
1737396000000,2025-01-20 20:00:00,0.4264,0.4433,0.4262,0.4391,13842153.5
1737403200000,2025-01-20 22:00:00,0.4391,0.4401,0.4272,0.4276,7415309.0
1737410400000,2025-01-21 00:00:00,0.4276,0.4378,0.4228,0.4301,9309624.6
1737417600000,2025-01-21 02:00:00,0.4301,0.4328,0.4172,0.4197,14981672.8
1737424800000,2025-01-21 04:00:00,0.4197,0.423,0.4145,0.4182,10685326.5
1737432000000,2025-01-21 06:00:00,0.4182,0.4182,0.4059,0.4078,12801731.6
1737439200000,2025-01-21 08:00:00,0.4078,0.4189,0.4055,0.4148,8631279.3
1737446400000,2025-01-21 10:00:00,0.4148,0.426,0.4114,0.425,12881350.8
1737453600000,2025-01-21 12:00:00,0.425,0.4323,0.424,0.4275,12181232.0
1737460800000,2025-01-21 14:00:00,0.4275,0.4363,0.4246,0.4278,9197993.3
1737468000000,2025-01-21 16:00:00,0.4278,0.4308,0.4183,0.4243,13560377.6
1737475200000,2025-01-21 18:00:00,0.4243,0.4372,0.4231,0.4367,12067522.4
1737482400000,2025-01-21 20:00:00,0.4367,0.4453,0.4316,0.4424,12358701.3
1737489600000,2025-01-21 22:00:00,0.4424,0.4441,0.4325,0.4359,9036585.1
1737496800000,2025-01-22 00:00:00,0.4359,0.4359,0.4232,0.4243,7708451.8
1737504000000,2025-01-22 02:00:00,0.4243,0.4278,0.4178,0.4189,6805491.9
1737511200000,2025-01-22 04:00:00,0.4189,0.4207,0.416,0.4169,3903041.6
1737518400000,2025-01-22 06:00:00,0.4169,0.4183,0.4123,0.4135,5173347.5
1737525600000,2025-01-22 08:00:00,0.4135,0.417,0.4124,0.4128,4973687.9
1737532800000,2025-01-22 10:00:00,0.4128,0.4236,0.4089,0.4196,11696139.2
1737540000000,2025-01-22 12:00:00,0.4196,0.4234,0.4153,0.4229,7019722.0
1737547200000,2025-01-22 14:00:00,0.4229,0.4317,0.4141,0.4149,12003443.4
1737554400000,2025-01-22 16:00:00,0.4149,0.4182,0.4099,0.412,10185969.9
1737561600000,2025-01-22 18:00:00,0.412,0.4194,0.4097,0.4177,7754002.0
1737568800000,2025-01-22 20:00:00,0.4177,0.4187,0.4083,0.4139,6321381.8
1737576000000,2025-01-22 22:00:00,0.4139,0.4157,0.4051,0.4111,7236576.8
1737583200000,2025-01-23 00:00:00,0.4111,0.412,0.4026,0.4053,5788750.5
1737590400000,2025-01-23 02:00:00,0.4053,0.406,0.3977,0.3983,6682061.0
1737597600000,2025-01-23 04:00:00,0.3983,0.4003,0.3949,0.3968,6485031.0
1737604800000,2025-01-23 06:00:00,0.3968,0.3976,0.3921,0.3969,5325009.1
1737612000000,2025-01-23 08:00:00,0.3969,0.3991,0.394,0.3988,3374572.3
1737619200000,2025-01-23 10:00:00,0.3988,0.3989,0.3913,0.3926,4108493.2
1737626400000,2025-01-23 12:00:00,0.3926,0.3956,0.3894,0.3952,5868224.9
1737633600000,2025-01-23 14:00:00,0.3952,0.401,0.3899,0.3998,7787941.7
1737640800000,2025-01-23 16:00:00,0.3998,0.4176,0.3972,0.414,27715844.2
1737648000000,2025-01-23 18:00:00,0.414,0.423,0.4063,0.4113,14871111.7
1737655200000,2025-01-23 20:00:00,0.4113,0.4127,0.3968,0.3989,10503244.8
1737662400000,2025-01-23 22:00:00,0.3989,0.4153,0.3965,0.3982,21258983.2
1737669600000,2025-01-24 00:00:00,0.3982,0.4145,0.3976,0.4099,9394750.3
1737676800000,2025-01-24 02:00:00,0.4099,0.4129,0.3955,0.397,7711525.3
1737684000000,2025-01-24 04:00:00,0.397,0.4064,0.3917,0.4037,10017226.1
1737691200000,2025-01-24 06:00:00,0.4037,0.4161,0.3991,0.416,7370226.9
1737698400000,2025-01-24 08:00:00,0.416,0.4164,0.407,0.4086,4061605.8
1737705600000,2025-01-24 10:00:00,0.4086,0.422,0.4074,0.4172,9640604.9
1737712800000,2025-01-24 12:00:00,0.4172,0.4186,0.4141,0.4158,4391771.7
1737720000000,2025-01-24 14:00:00,0.4158,0.4266,0.4147,0.4197,12979344.9
1737727200000,2025-01-24 16:00:00,0.4197,0.4224,0.4076,0.411,13778193.5
1737734400000,2025-01-24 18:00:00,0.411,0.4125,0.4065,0.4103,6474093.9
1737741600000,2025-01-24 20:00:00,0.4103,0.413,0.4045,0.4063,6135873.6
1737748800000,2025-01-24 22:00:00,0.4063,0.4092,0.4001,0.4023,5126932.2
1737756000000,2025-01-25 00:00:00,0.4023,0.4023,0.3963,0.3996,4403318.2
1737763200000,2025-01-25 02:00:00,0.3996,0.4077,0.3956,0.4053,7928429.1
1737770400000,2025-01-25 04:00:00,0.4053,0.4068,0.4018,0.4055,4614723.7
1737777600000,2025-01-25 06:00:00,0.4055,0.4071,0.4012,0.4024,2837031.7
1737784800000,2025-01-25 08:00:00,0.4024,0.4031,0.3988,0.4003,4908888.9
1737792000000,2025-01-25 10:00:00,0.4003,0.4011,0.3973,0.3992,4222539.6
1737799200000,2025-01-25 12:00:00,0.3992,0.4012,0.3962,0.4005,3380168.2
1737806400000,2025-01-25 14:00:00,0.4005,0.4018,0.3948,0.3967,6226336.7
1737813600000,2025-01-25 16:00:00,0.3967,0.4011,0.3934,0.4,5796041.3
1737820800000,2025-01-25 18:00:00,0.4,0.4029,0.3952,0.3999,6308215.7
1737828000000,2025-01-25 20:00:00,0.3999,0.4032,0.3988,0.4019,3574549.4
1737835200000,2025-01-25 22:00:00,0.4019,0.4072,0.4017,0.4042,3511120.9
1737842400000,2025-01-26 00:00:00,0.4042,0.4094,0.4017,0.4032,4824623.5
1737849600000,2025-01-26 02:00:00,0.4032,0.4052,0.401,0.4023,3266036.6
1737856800000,2025-01-26 04:00:00,0.4023,0.4093,0.3993,0.4069,3760606.2
1737864000000,2025-01-26 06:00:00,0.4069,0.4188,0.4057,0.4088,5673584.5
1737871200000,2025-01-26 08:00:00,0.4088,0.4112,0.4067,0.411,2675504.3
1737878400000,2025-01-26 10:00:00,0.411,0.4134,0.4011,0.4017,7769724.0
1737885600000,2025-01-26 12:00:00,0.4017,0.4041,0.3987,0.403,6730449.3
1737892800000,2025-01-26 14:00:00,0.403,0.4032,0.4,0.4012,4301767.3
1737900000000,2025-01-26 16:00:00,0.4012,0.4013,0.3986,0.3995,3258006.6
1737907200000,2025-01-26 18:00:00,0.3995,0.402,0.3966,0.4006,4364995.2
1737914400000,2025-01-26 20:00:00,0.4006,0.4059,0.399,0.4047,3750879.0
1737921600000,2025-01-26 22:00:00,0.4047,0.4049,0.3947,0.3948,6234352.7
1737928800000,2025-01-27 00:00:00,0.3948,0.395,0.3807,0.3813,16363340.5
1737936000000,2025-01-27 02:00:00,0.3813,0.3856,0.3713,0.3721,16444981.1
1737943200000,2025-01-27 04:00:00,0.3721,0.3745,0.3654,0.3714,16725628.1
1737950400000,2025-01-27 06:00:00,0.3714,0.3716,0.361,0.3645,12369883.2
1737957600000,2025-01-27 08:00:00,0.3645,0.3665,0.3445,0.3562,37264705.8
1737964800000,2025-01-27 10:00:00,0.3562,0.3585,0.3461,0.355,17016333.2
1737972000000,2025-01-27 12:00:00,0.355,0.3557,0.3472,0.3508,11424549.2
1737979200000,2025-01-27 14:00:00,0.3508,0.3729,0.3497,0.3634,20001707.6
1737986400000,2025-01-27 16:00:00,0.3634,0.3801,0.3605,0.3731,19338278.9
1737993600000,2025-01-27 18:00:00,0.3731,0.3795,0.3657,0.3663,13580170.4
1738000800000,2025-01-27 20:00:00,0.3663,0.3696,0.3616,0.3675,9726280.5
1738008000000,2025-01-27 22:00:00,0.3675,0.3876,0.3675,0.3805,13484651.1
1738015200000,2025-01-28 00:00:00,0.3805,0.3882,0.3794,0.3863,9171928.6
1738022400000,2025-01-28 02:00:00,0.3863,0.3915,0.3768,0.379,7275532.8
1738029600000,2025-01-28 04:00:00,0.379,0.3834,0.3786,0.3827,3862805.6
1738036800000,2025-01-28 06:00:00,0.3827,0.3903,0.3825,0.3875,6010564.3
1738044000000,2025-01-28 08:00:00,0.3875,0.3895,0.3813,0.3842,3449657.7
1738051200000,2025-01-28 10:00:00,0.3842,0.3854,0.3791,0.3829,4529891.3
1738058400000,2025-01-28 12:00:00,0.3829,0.3885,0.3818,0.3845,5678098.9
1738065600000,2025-01-28 14:00:00,0.3845,0.3866,0.3796,0.3812,6426376.2
1738072800000,2025-01-28 16:00:00,0.3812,0.3852,0.375,0.3804,10759413.4
1738080000000,2025-01-28 18:00:00,0.3804,0.3808,0.3727,0.3739,6332380.5
1738087200000,2025-01-28 20:00:00,0.3739,0.3748,0.3666,0.3701,7546896.5
1738094400000,2025-01-28 22:00:00,0.3701,0.3714,0.3584,0.3589,9197990.4
1738101600000,2025-01-29 00:00:00,0.3589,0.3646,0.3573,0.3624,5792176.5
1738108800000,2025-01-29 02:00:00,0.3624,0.367,0.3616,0.3655,5548327.2
1738116000000,2025-01-29 04:00:00,0.3655,0.3702,0.364,0.3682,3329759.9
1738123200000,2025-01-29 06:00:00,0.3682,0.3723,0.3671,0.3711,3391254.2
1738130400000,2025-01-29 08:00:00,0.3711,0.3764,0.3706,0.3746,3965176.7
1738137600000,2025-01-29 10:00:00,0.3746,0.3767,0.3681,0.3688,4440836.9
1738144800000,2025-01-29 12:00:00,0.3688,0.3709,0.367,0.3689,2584302.6
1738152000000,2025-01-29 14:00:00,0.3689,0.3697,0.3576,0.3601,6666123.4
1738159200000,2025-01-29 16:00:00,0.3601,0.3654,0.3581,0.3633,5958554.2
1738166400000,2025-01-29 18:00:00,0.3633,0.3654,0.3602,0.362,4619923.2
1738173600000,2025-01-29 20:00:00,0.362,0.3746,0.3534,0.3704,27105360.9
1738180800000,2025-01-29 22:00:00,0.3704,0.3857,0.3656,0.3782,21747723.5
1738188000000,2025-01-30 00:00:00,0.3782,0.3786,0.3685,0.3692,4538210.6
1738195200000,2025-01-30 02:00:00,0.3692,0.3794,0.365,0.3759,4424357.2
1738202400000,2025-01-30 04:00:00,0.3759,0.382,0.3739,0.3816,2856553.1
1738209600000,2025-01-30 06:00:00,0.3816,0.3833,0.3764,0.3785,10100434.3
1738216800000,2025-01-30 08:00:00,0.3785,0.3806,0.3726,0.3751,6091693.8
1738224000000,2025-01-30 10:00:00,0.3751,0.381,0.3723,0.3792,5648504.1
1738231200000,2025-01-30 12:00:00,0.3792,0.3823,0.3771,0.3815,3100743.3
1738238400000,2025-01-30 14:00:00,0.3815,0.3851,0.3769,0.3837,8549159.9
1738245600000,2025-01-30 16:00:00,0.3837,0.3958,0.3836,0.391,12924868.5
1738252800000,2025-01-30 18:00:00,0.391,0.3944,0.3859,0.3874,10237434.5
1738260000000,2025-01-30 20:00:00,0.3874,0.394,0.3837,0.3934,5674609.5
1738267200000,2025-01-30 22:00:00,0.3934,0.3941,0.3879,0.3894,4655343.4
1738274400000,2025-01-31 00:00:00,0.3894,0.3947,0.3875,0.3875,3611364.0
1738281600000,2025-01-31 02:00:00,0.3875,0.389,0.3807,0.386,13389304.2
1738288800000,2025-01-31 04:00:00,0.386,0.3876,0.3773,0.3797,7494734.3
1738296000000,2025-01-31 06:00:00,0.3797,0.3803,0.3757,0.3799,6414823.1
1738303200000,2025-01-31 08:00:00,0.3799,0.3888,0.3793,0.3843,7175597.4
1738310400000,2025-01-31 10:00:00,0.3843,0.3846,0.3795,0.3833,9980407.1
1738317600000,2025-01-31 12:00:00,0.3833,0.3948,0.3809,0.3939,8041193.1
1738324800000,2025-01-31 14:00:00,0.3939,0.4004,0.3921,0.3945,9490485.5
1738332000000,2025-01-31 16:00:00,0.3945,0.4019,0.3909,0.3999,8047540.4
1738339200000,2025-01-31 18:00:00,0.3999,0.4017,0.3903,0.391,8146021.0
1738346400000,2025-01-31 20:00:00,0.391,0.3924,0.3786,0.3798,15204616.7
1738353600000,2025-01-31 22:00:00,0.3798,0.3798,0.3737,0.3792,6979855.3
1738360800000,2025-02-01 00:00:00,0.3792,0.3827,0.3767,0.379,3560505.1
1738368000000,2025-02-01 02:00:00,0.379,0.3857,0.3766,0.3815,3999033.3
1738375200000,2025-02-01 04:00:00,0.3815,0.3847,0.3782,0.3799,3937043.9
1738382400000,2025-02-01 06:00:00,0.3799,0.381,0.3766,0.3793,4858271.5
1738389600000,2025-02-01 08:00:00,0.3793,0.3793,0.3741,0.3751,3180553.3
1738396800000,2025-02-01 10:00:00,0.3751,0.3762,0.3654,0.3666,7605265.6
1738404000000,2025-02-01 12:00:00,0.3666,0.3714,0.3663,0.3711,6326460.2
1738411200000,2025-02-01 14:00:00,0.3711,0.3721,0.3646,0.3648,5321501.1
1738418400000,2025-02-01 16:00:00,0.3648,0.3684,0.3626,0.3675,6053669.3
1738425600000,2025-02-01 18:00:00,0.3675,0.3691,0.3639,0.3662,4891837.6
1738432800000,2025-02-01 20:00:00,0.3662,0.3665,0.3549,0.3567,6702021.1
1738440000000,2025-02-01 22:00:00,0.3567,0.3573,0.351,0.3524,9268021.3
1738447200000,2025-02-02 00:00:00,0.3524,0.3544,0.3441,0.3474,8936836.0
1738454400000,2025-02-02 02:00:00,0.3474,0.356,0.3467,0.3527,7817665.5
1738461600000,2025-02-02 04:00:00,0.3527,0.3528,0.3351,0.336,17346590.6
1738468800000,2025-02-02 06:00:00,0.336,0.345,0.3342,0.3431,9285230.9
1738476000000,2025-02-02 08:00:00,0.3431,0.3458,0.3384,0.3391,5701548.6
1738483200000,2025-02-02 10:00:00,0.3391,0.3458,0.3374,0.3411,8295642.3
1738490400000,2025-02-02 12:00:00,0.3411,0.3412,0.3281,0.3297,16028114.4
1738497600000,2025-02-02 14:00:00,0.3297,0.3348,0.3251,0.3342,18661680.1
1738504800000,2025-02-02 16:00:00,0.3342,0.336,0.3255,0.3296,8507796.3
1738512000000,2025-02-02 18:00:00,0.3296,0.3299,0.3054,0.3081,40852431.1
1738519200000,2025-02-02 20:00:00,0.3081,0.3142,0.296,0.311,55110582.3
1738526400000,2025-02-02 22:00:00,0.311,0.3145,0.3003,0.3013,18643558.1
1738533600000,2025-02-03 00:00:00,0.3013,0.308,0.2823,0.2994,41297828.1
1738540800000,2025-02-03 02:00:00,0.2994,0.2995,0.2351,0.2494,130588209.9
1738548000000,2025-02-03 04:00:00,0.2494,0.2669,0.2184,0.2635,97807782.7
1738555200000,2025-02-03 06:00:00,0.2635,0.2689,0.2509,0.2689,28611535.6
1738562400000,2025-02-03 08:00:00,0.2689,0.2888,0.2638,0.2876,35649912.7
1738569600000,2025-02-03 10:00:00,0.2876,0.2876,0.2754,0.2765,22243961.9
1738576800000,2025-02-03 12:00:00,0.2765,0.2866,0.2749,0.2777,15112566.4
1738584000000,2025-02-03 14:00:00,0.2777,0.2824,0.269,0.2718,14183869.3
1738591200000,2025-02-03 16:00:00,0.2718,0.301,0.2622,0.2995,72030915.6
1738598400000,2025-02-03 18:00:00,0.2995,0.3064,0.2953,0.3015,28854254.7
1738605600000,2025-02-03 20:00:00,0.3015,0.3156,0.2976,0.3146,18941571.2
1738612800000,2025-02-03 22:00:00,0.3146,0.3157,0.3021,0.3135,20408634.6
1738620000000,2025-02-04 00:00:00,0.3135,0.3191,0.3099,0.3126,12973038.1
1738627200000,2025-02-04 02:00:00,0.3126,0.3165,0.3073,0.3108,11361092.5
1738634400000,2025-02-04 04:00:00,0.3108,0.3117,0.3008,0.303,8708747.4
1738641600000,2025-02-04 06:00:00,0.303,0.3049,0.2855,0.287,26344784.8
1738648800000,2025-02-04 08:00:00,0.287,0.2913,0.2813,0.2821,9743576.2
1738656000000,2025-02-04 10:00:00,0.2821,0.2843,0.2781,0.2805,12558092.9
1738663200000,2025-02-04 12:00:00,0.2805,0.2937,0.2804,0.2885,12174375.5
1738670400000,2025-02-04 14:00:00,0.2885,0.2973,0.2885,0.2919,8031831.7
1738677600000,2025-02-04 16:00:00,0.2919,0.3008,0.2897,0.2949,15554153.4
1738684800000,2025-02-04 18:00:00,0.2949,0.2986,0.2926,0.2957,8788158.1
1738692000000,2025-02-04 20:00:00,0.2957,0.3111,0.2937,0.2947,19301727.2
1738699200000,2025-02-04 22:00:00,0.2947,0.2979,0.2805,0.2813,26519415.3
1738706400000,2025-02-05 00:00:00,0.2813,0.2939,0.2806,0.2907,9910990.8
1738713600000,2025-02-05 02:00:00,0.2907,0.2953,0.2878,0.2899,9661547.0
1738720800000,2025-02-05 04:00:00,0.2899,0.2953,0.288,0.2918,5840229.4
1738728000000,2025-02-05 06:00:00,0.2918,0.2947,0.2867,0.2937,4933551.1
1738735200000,2025-02-05 08:00:00,0.2937,0.2939,0.2866,0.2909,7329519.1
1738742400000,2025-02-05 10:00:00,0.2909,0.2926,0.2868,0.2888,6495129.6
1738749600000,2025-02-05 12:00:00,0.2888,0.2956,0.288,0.2942,7647536.4
1738756800000,2025-02-05 14:00:00,0.2942,0.2955,0.2895,0.2943,7421754.2
1738764000000,2025-02-05 16:00:00,0.2943,0.2992,0.2912,0.2978,14718944.4
1738771200000,2025-02-05 18:00:00,0.2978,0.2993,0.2843,0.2848,17301945.8
1738778400000,2025-02-05 20:00:00,0.2848,0.2972,0.2847,0.2955,10038630.8
1738785600000,2025-02-05 22:00:00,0.2955,0.2981,0.2855,0.2858,9743264.4
1738792800000,2025-02-06 00:00:00,0.2858,0.2865,0.2778,0.2813,9327532.9
1738800000000,2025-02-06 02:00:00,0.2813,0.2902,0.2811,0.2888,9590703.7
1738807200000,2025-02-06 04:00:00,0.2888,0.2928,0.2872,0.2899,6976358.8
1738814400000,2025-02-06 06:00:00,0.2899,0.2928,0.2882,0.2923,4235592.5
1738821600000,2025-02-06 08:00:00,0.2923,0.2975,0.2903,0.2918,9155226.9
1738828800000,2025-02-06 10:00:00,0.2918,0.2934,0.2883,0.2913,3905358.6
1738836000000,2025-02-06 12:00:00,0.2913,0.2928,0.2861,0.2889,6405637.8
1738843200000,2025-02-06 14:00:00,0.2889,0.2893,0.2807,0.2853,8065160.4
1738850400000,2025-02-06 16:00:00,0.2853,0.286,0.2671,0.2687,18778613.2
1738857600000,2025-02-06 18:00:00,0.2687,0.2752,0.2666,0.2704,12825498.0
1738864800000,2025-02-06 20:00:00,0.2704,0.2712,0.2647,0.2663,7222712.7
1738872000000,2025-02-06 22:00:00,0.2663,0.2729,0.2656,0.2715,6568206.4
1738879200000,2025-02-07 00:00:00,0.2715,0.2715,0.2632,0.2665,6944254.4
1738886400000,2025-02-07 02:00:00,0.2665,0.2761,0.2656,0.2739,6199105.5
1738893600000,2025-02-07 04:00:00,0.2739,0.2758,0.2703,0.2723,4502002.9
1738900800000,2025-02-07 06:00:00,0.2723,0.2749,0.2698,0.2718,4018217.6
1738908000000,2025-02-07 08:00:00,0.2718,0.2737,0.2654,0.2687,9403386.9
1738915200000,2025-02-07 10:00:00,0.2687,0.2757,0.2673,0.2754,4645577.1
1738922400000,2025-02-07 12:00:00,0.2754,0.2806,0.2751,0.2782,7254732.2
1738929600000,2025-02-07 14:00:00,0.2782,0.2868,0.2742,0.2859,13904924.7
1738936800000,2025-02-07 16:00:00,0.2859,0.2949,0.2834,0.2876,21753381.7
1738944000000,2025-02-07 18:00:00,0.2876,0.2879,0.2765,0.2769,8182168.9
1738951200000,2025-02-07 20:00:00,0.2769,0.2852,0.2759,0.2774,6293020.5
1738958400000,2025-02-07 22:00:00,0.2774,0.2776,0.2641,0.2645,11995601.7
1738965600000,2025-02-08 00:00:00,0.2645,0.2699,0.2601,0.2694,8244105.5
1738972800000,2025-02-08 02:00:00,0.2694,0.2743,0.2671,0.2682,6145834.8
1738980000000,2025-02-08 04:00:00,0.2682,0.2718,0.2669,0.2672,2744074.8
1738987200000,2025-02-08 06:00:00,0.2672,0.2684,0.2639,0.2661,3272355.3
1738994400000,2025-02-08 08:00:00,0.2661,0.272,0.2647,0.2698,5257833.5
1739001600000,2025-02-08 10:00:00,0.2698,0.2713,0.2667,0.2681,3233197.7
1739008800000,2025-02-08 12:00:00,0.2681,0.2698,0.2663,0.2686,3736898.9
1739016000000,2025-02-08 14:00:00,0.2686,0.273,0.267,0.2703,6091080.3
1739023200000,2025-02-08 16:00:00,0.2703,0.2726,0.2669,0.268,6482254.4
1739030400000,2025-02-08 18:00:00,0.268,0.2741,0.2647,0.2728,5438849.3
1739037600000,2025-02-08 20:00:00,0.2728,0.2766,0.271,0.2761,5616245.7
1739044800000,2025-02-08 22:00:00,0.2761,0.2774,0.2741,0.2753,4098796.2
1739052000000,2025-02-09 00:00:00,0.2753,0.2778,0.2733,0.2758,4024689.1
1739059200000,2025-02-09 02:00:00,0.2758,0.2793,0.274,0.2777,6318571.5
1739066400000,2025-02-09 04:00:00,0.2777,0.2884,0.2758,0.2873,6902537.6
1739073600000,2025-02-09 06:00:00,0.2873,0.2874,0.2803,0.2809,5121833.6
1739080800000,2025-02-09 08:00:00,0.2809,0.2814,0.2775,0.2809,7517788.9
1739088000000,2025-02-09 10:00:00,0.2809,0.2822,0.277,0.2778,7615108.3
1739095200000,2025-02-09 12:00:00,0.2778,0.2792,0.276,0.2765,10371087.5
1739102400000,2025-02-09 14:00:00,0.2765,0.278,0.269,0.2698,35140889.6
1739109600000,2025-02-09 16:00:00,0.2698,0.2766,0.2694,0.2752,4252878.8
1739116800000,2025-02-09 18:00:00,0.2752,0.2811,0.2744,0.2786,4645519.0
1739124000000,2025-02-09 20:00:00,0.2786,0.2786,0.2714,0.2718,4632652.7
1739131200000,2025-02-09 22:00:00,0.2718,0.2764,0.2593,0.261,16744841.7
1739138400000,2025-02-10 00:00:00,0.261,0.2758,0.258,0.2748,13366854.1
1739145600000,2025-02-10 02:00:00,0.2748,0.2833,0.2703,0.2709,8412111.3
1739152800000,2025-02-10 04:00:00,0.2709,0.2827,0.2682,0.2786,8479855.6
1739160000000,2025-02-10 06:00:00,0.2786,0.2869,0.2771,0.2835,5195998.9
1739167200000,2025-02-10 08:00:00,0.2835,0.2855,0.2814,0.2847,3419222.9
1739174400000,2025-02-10 10:00:00,0.2847,0.2926,0.284,0.2889,5520557.9
1739181600000,2025-02-10 12:00:00,0.2889,0.2922,0.2856,0.2907,8863696.1
1739188800000,2025-02-10 14:00:00,0.2907,0.2975,0.2859,0.295,9275456.2
1739196000000,2025-02-10 16:00:00,0.295,0.2958,0.2853,0.2874,9775395.5
1739203200000,2025-02-10 18:00:00,0.2874,0.2923,0.2869,0.2896,5284219.1
1739210400000,2025-02-10 20:00:00,0.2896,0.2903,0.2868,0.2872,4124394.1
1739217600000,2025-02-10 22:00:00,0.2872,0.2906,0.2869,0.2883,4712226.2
1739224800000,2025-02-11 00:00:00,0.2883,0.2913,0.2871,0.2899,3495736.2
1739232000000,2025-02-11 02:00:00,0.2899,0.2972,0.2884,0.2964,8583868.4
1739239200000,2025-02-11 04:00:00,0.2964,0.2967,0.2912,0.2954,3579029.0
1739246400000,2025-02-11 06:00:00,0.2954,0.3106,0.2947,0.3089,12981350.7
1739253600000,2025-02-11 08:00:00,0.3089,0.3127,0.3056,0.3095,4939193.6
1739260800000,2025-02-11 10:00:00,0.3095,0.3133,0.3066,0.3076,4008411.0
1739268000000,2025-02-11 12:00:00,0.3076,0.3084,0.3041,0.307,10407346.5
1739275200000,2025-02-11 14:00:00,0.307,0.3076,0.2941,0.2946,8808587.1
1739282400000,2025-02-11 16:00:00,0.2946,0.3004,0.2936,0.2972,14901484.8
1739289600000,2025-02-11 18:00:00,0.2972,0.3,0.2898,0.2907,8281361.1
1739296800000,2025-02-11 20:00:00,0.2907,0.291,0.2822,0.2835,20339462.4
1739304000000,2025-02-11 22:00:00,0.2835,0.2911,0.2829,0.2893,5992093.5
1739311200000,2025-02-12 00:00:00,0.2893,0.2931,0.2853,0.2858,7191942.9
1739318400000,2025-02-12 02:00:00,0.2858,0.2906,0.2839,0.2875,5204998.3
1739325600000,2025-02-12 04:00:00,0.2875,0.2877,0.2815,0.2828,3960800.1
1739332800000,2025-02-12 06:00:00,0.2828,0.2861,0.28,0.2853,4165394.4
1739340000000,2025-02-12 08:00:00,0.2853,0.2883,0.2831,0.2863,4204817.8
1739347200000,2025-02-12 10:00:00,0.2863,0.2899,0.2848,0.2886,5843810.3
1739354400000,2025-02-12 12:00:00,0.2886,0.2923,0.286,0.2907,5389710.9
1739361600000,2025-02-12 14:00:00,0.2907,0.2957,0.2771,0.285,32085791.3
1739368800000,2025-02-12 16:00:00,0.285,0.2899,0.2752,0.2877,18028122.0
1739376000000,2025-02-12 18:00:00,0.2877,0.298,0.2844,0.2954,8780593.2
1739383200000,2025-02-12 20:00:00,0.2954,0.2977,0.2915,0.2963,4816852.5
1739390400000,2025-02-12 22:00:00,0.2963,0.3003,0.2941,0.2969,4359331.4
1739397600000,2025-02-13 00:00:00,0.2969,0.3054,0.2959,0.3024,8039760.8
1739404800000,2025-02-13 02:00:00,0.3024,0.3072,0.2992,0.3066,6196864.7
1739412000000,2025-02-13 04:00:00,0.3066,0.3067,0.3007,0.3019,5685682.5
1739419200000,2025-02-13 06:00:00,0.3019,0.3024,0.2957,0.2975,5603120.1
1739426400000,2025-02-13 08:00:00,0.2975,0.2979,0.2923,0.293,4421622.9
1739433600000,2025-02-13 10:00:00,0.293,0.2938,0.2893,0.2916,3323771.6
1739440800000,2025-02-13 12:00:00,0.2916,0.2918,0.2879,0.2905,4855948.6
1739448000000,2025-02-13 14:00:00,0.2905,0.2922,0.2872,0.2889,8282627.5
1739455200000,2025-02-13 16:00:00,0.2889,0.2925,0.2846,0.2905,10974381.1
1739462400000,2025-02-13 18:00:00,0.2905,0.2943,0.2865,0.2913,7652580.5
1739469600000,2025-02-13 20:00:00,0.2913,0.2981,0.2894,0.2936,5109355.0
1739476800000,2025-02-13 22:00:00,0.2936,0.2963,0.2929,0.2943,2666164.6
1739484000000,2025-02-14 00:00:00,0.2943,0.2964,0.2911,0.2933,2668427.5
1739491200000,2025-02-14 02:00:00,0.2933,0.2946,0.2903,0.2919,2203120.4
1739498400000,2025-02-14 04:00:00,0.2919,0.2968,0.291,0.296,2395406.4
1739505600000,2025-02-14 06:00:00,0.296,0.2966,0.2909,0.2923,2885503.3
1739512800000,2025-02-14 08:00:00,0.2923,0.2933,0.2902,0.2912,1364497.4
1739520000000,2025-02-14 10:00:00,0.2912,0.3032,0.2905,0.3021,12040113.4
1739527200000,2025-02-14 12:00:00,0.3021,0.3042,0.2967,0.2986,6301885.0
1739534400000,2025-02-14 14:00:00,0.2986,0.3002,0.2942,0.299,6899051.6
1739541600000,2025-02-14 16:00:00,0.299,0.3037,0.2957,0.3017,9251677.8
1739548800000,2025-02-14 18:00:00,0.3017,0.3079,0.2972,0.3058,7585865.5
1739556000000,2025-02-14 20:00:00,0.3058,0.3086,0.3011,0.3032,5747138.7
1739563200000,2025-02-14 22:00:00,0.3032,0.3042,0.2967,0.3008,4342856.5
1739570400000,2025-02-15 00:00:00,0.3008,0.3013,0.2918,0.2962,4695195.2
1739577600000,2025-02-15 02:00:00,0.2962,0.299,0.2927,0.2989,2837446.7
1739584800000,2025-02-15 04:00:00,0.2989,0.3018,0.2977,0.3006,3091985.7
1739592000000,2025-02-15 06:00:00,0.3006,0.3027,0.2976,0.2984,2636778.2
1739599200000,2025-02-15 08:00:00,0.2984,0.2984,0.2936,0.296,2434002.6
1739606400000,2025-02-15 10:00:00,0.296,0.2993,0.2954,0.2956,3158867.7
1739613600000,2025-02-15 12:00:00,0.2956,0.2968,0.2907,0.2928,4627932.4
1739620800000,2025-02-15 14:00:00,0.2928,0.2944,0.2916,0.2923,2894217.5
1739628000000,2025-02-15 16:00:00,0.2923,0.2924,0.2868,0.2883,5835791.4
1739635200000,2025-02-15 18:00:00,0.2883,0.2894,0.2857,0.287,3908803.3
1739642400000,2025-02-15 20:00:00,0.287,0.2887,0.2841,0.2842,2280528.0
1739649600000,2025-02-15 22:00:00,0.2842,0.2853,0.2807,0.2846,4396099.8
1739656800000,2025-02-16 00:00:00,0.2846,0.2854,0.2818,0.2841,2183279.5
1739664000000,2025-02-16 02:00:00,0.2841,0.2853,0.2806,0.2821,2482038.8
1739671200000,2025-02-16 04:00:00,0.2821,0.2824,0.2781,0.2808,2716618.9
1739678400000,2025-02-16 06:00:00,0.2808,0.2827,0.2796,0.2812,2739028.0
1739685600000,2025-02-16 08:00:00,0.2812,0.2815,0.2769,0.2776,2656828.1
1739692800000,2025-02-16 10:00:00,0.2776,0.2815,0.2766,0.281,4257471.5
1739700000000,2025-02-16 12:00:00,0.281,0.2844,0.2804,0.2841,4360543.9
1739707200000,2025-02-16 14:00:00,0.2841,0.2842,0.2751,0.2757,6046700.2
1739714400000,2025-02-16 16:00:00,0.2757,0.2775,0.2738,0.2758,5876169.0
1739721600000,2025-02-16 18:00:00,0.2758,0.2775,0.2745,0.2752,3578851.5
1739728800000,2025-02-16 20:00:00,0.2752,0.277,0.2729,0.2767,4179351.8
1739736000000,2025-02-16 22:00:00,0.2767,0.2786,0.2739,0.2778,3508888.2
1739743200000,2025-02-17 00:00:00,0.2778,0.2779,0.2741,0.275,6369894.6
1739750400000,2025-02-17 02:00:00,0.275,0.2798,0.2747,0.2791,2312217.3
1739757600000,2025-02-17 04:00:00,0.2791,0.2796,0.2737,0.2752,3215112.8
1739764800000,2025-02-17 06:00:00,0.2752,0.2764,0.2703,0.2748,5563682.1
1739772000000,2025-02-17 08:00:00,0.2748,0.2774,0.2722,0.2732,3958870.1
1739779200000,2025-02-17 10:00:00,0.2732,0.2778,0.2718,0.2768,3770378.4
1739786400000,2025-02-17 12:00:00,0.2768,0.2796,0.2757,0.2766,3080975.3
1739793600000,2025-02-17 14:00:00,0.2766,0.2809,0.2766,0.28,4770818.3
1739800800000,2025-02-17 16:00:00,0.28,0.2836,0.2723,0.2729,11857146.0
1739808000000,2025-02-17 18:00:00,0.2729,0.2746,0.2683,0.2693,8239175.6
1739815200000,2025-02-17 20:00:00,0.2693,0.2708,0.2652,0.2689,4728815.6
1739822400000,2025-02-17 22:00:00,0.2689,0.2741,0.2681,0.2741,2991142.6
1739829600000,2025-02-18 00:00:00,0.2741,0.2742,0.2691,0.2699,5380063.9
1739836800000,2025-02-18 02:00:00,0.2699,0.2716,0.2675,0.271,3713499.3
1739844000000,2025-02-18 04:00:00,0.271,0.2717,0.269,0.2702,1426815.4
1739851200000,2025-02-18 06:00:00,0.2702,0.2706,0.2637,0.264,5269675.5
1739858400000,2025-02-18 08:00:00,0.264,0.2642,0.2571,0.2595,28006043.4
1739865600000,2025-02-18 10:00:00,0.2595,0.2622,0.2555,0.262,10735689.8
1739872800000,2025-02-18 12:00:00,0.262,0.2629,0.2588,0.2595,21143169.7
1739880000000,2025-02-18 14:00:00,0.2595,0.2646,0.2591,0.2641,4590226.7
1739887200000,2025-02-18 16:00:00,0.2641,0.2661,0.25,0.2518,23805967.0
1739894400000,2025-02-18 18:00:00,0.2518,0.2538,0.2447,0.2491,16498888.8
1739901600000,2025-02-18 20:00:00,0.2491,0.2539,0.2482,0.2507,7894801.4
1739908800000,2025-02-18 22:00:00,0.2507,0.2551,0.2489,0.2527,5769166.6
1739916000000,2025-02-19 00:00:00,0.2527,0.2572,0.2523,0.257,3621349.6
1739923200000,2025-02-19 02:00:00,0.257,0.2584,0.2541,0.2561,4407436.8
1739930400000,2025-02-19 04:00:00,0.2561,0.2593,0.2556,0.2564,3084446.2
1739937600000,2025-02-19 06:00:00,0.2564,0.2566,0.2514,0.2537,2408915.8
1739944800000,2025-02-19 08:00:00,0.2537,0.2611,0.2533,0.2605,5787870.9
1739952000000,2025-02-19 10:00:00,0.2605,0.2607,0.2573,0.2596,3993267.6
1739959200000,2025-02-19 12:00:00,0.2596,0.2642,0.2594,0.2636,3523368.9
1739966400000,2025-02-19 14:00:00,0.2636,0.264,0.2599,0.2604,5444181.3
1739973600000,2025-02-19 16:00:00,0.2604,0.2626,0.2563,0.2574,6396729.3
1739980800000,2025-02-19 18:00:00,0.2574,0.2628,0.2571,0.2603,3912214.5
1739988000000,2025-02-19 20:00:00,0.2603,0.2604,0.2565,0.2589,2617952.2
1739995200000,2025-02-19 22:00:00,0.2589,0.2605,0.2568,0.2574,4581006.3
1740002400000,2025-02-20 00:00:00,0.2574,0.2629,0.2559,0.2611,3844936.5
1740009600000,2025-02-20 02:00:00,0.2611,0.2642,0.2597,0.2605,2762744.4
1740016800000,2025-02-20 04:00:00,0.2605,0.2664,0.2596,0.2655,3675716.6
1740024000000,2025-02-20 06:00:00,0.2655,0.2694,0.2654,0.2664,7662631.3
1740031200000,2025-02-20 08:00:00,0.2664,0.2667,0.2614,0.2621,4833906.6
1740038400000,2025-02-20 10:00:00,0.2621,0.2642,0.2601,0.2619,6137769.3
1740045600000,2025-02-20 12:00:00,0.2619,0.2665,0.2613,0.2648,2997788.3
1740052800000,2025-02-20 14:00:00,0.2648,0.266,0.2624,0.264,2719129.8
1740060000000,2025-02-20 16:00:00,0.264,0.2681,0.2607,0.2612,6634130.7
1740067200000,2025-02-20 18:00:00,0.2612,0.2669,0.2609,0.2667,3400057.7
1740074400000,2025-02-20 20:00:00,0.2667,0.2719,0.2667,0.2714,6759462.2
1740081600000,2025-02-20 22:00:00,0.2714,0.2719,0.2672,0.2675,5260484.9
1740088800000,2025-02-21 00:00:00,0.2675,0.2715,0.2671,0.2709,2248930.5
1740096000000,2025-02-21 02:00:00,0.2709,0.2719,0.2668,0.2691,2508741.4
1740103200000,2025-02-21 04:00:00,0.2691,0.2706,0.267,0.2675,1494290.7
1740110400000,2025-02-21 06:00:00,0.2675,0.271,0.2675,0.2699,2455720.2
1740117600000,2025-02-21 08:00:00,0.2699,0.2727,0.2691,0.271,2455986.0
1740124800000,2025-02-21 10:00:00,0.271,0.2799,0.2706,0.2768,7665543.2
1740132000000,2025-02-21 12:00:00,0.2768,0.2798,0.2759,0.2764,3963993.3
1740139200000,2025-02-21 14:00:00,0.2764,0.2897,0.2759,0.288,9918161.1
1740146400000,2025-02-21 16:00:00,0.288,0.2891,0.2691,0.2748,22160178.0
1740153600000,2025-02-21 18:00:00,0.2748,0.2799,0.2643,0.2652,17158300.9
1740160800000,2025-02-21 20:00:00,0.2652,0.2666,0.2551,0.2575,17916682.6
1740168000000,2025-02-21 22:00:00,0.2575,0.2614,0.2561,0.2586,9271021.4
1740175200000,2025-02-22 00:00:00,0.2586,0.2643,0.2582,0.2641,4370089.9
1740182400000,2025-02-22 02:00:00,0.2641,0.2724,0.2621,0.2687,2758282.3
1740189600000,2025-02-22 04:00:00,0.2687,0.269,0.2637,0.2657,2089500.0
1740196800000,2025-02-22 06:00:00,0.2657,0.2672,0.2651,0.2669,629415.8
1740204000000,2025-02-22 08:00:00,0.2669,0.2683,0.2649,0.2653,1266969.6
1740211200000,2025-02-22 10:00:00,0.2653,0.2669,0.2641,0.2648,4386099.1
1740218400000,2025-02-22 12:00:00,0.2648,0.2688,0.2648,0.2672,16209989.7
1740225600000,2025-02-22 14:00:00,0.2672,0.2682,0.265,0.2656,2956861.9
1740232800000,2025-02-22 16:00:00,0.2656,0.2686,0.2648,0.2676,891551.2
1740240000000,2025-02-22 18:00:00,0.2676,0.2707,0.2669,0.2702,1551337.4
1740247200000,2025-02-22 20:00:00,0.2702,0.2717,0.268,0.2686,1617552.3
1740254400000,2025-02-22 22:00:00,0.2686,0.2689,0.2659,0.268,843300.4
1740261600000,2025-02-23 00:00:00,0.268,0.2686,0.2656,0.2663,583314.8
1740268800000,2025-02-23 02:00:00,0.2663,0.2669,0.2628,0.2648,4676716.4
1740276000000,2025-02-23 04:00:00,0.2648,0.2649,0.2612,0.2635,1528828.7
1740283200000,2025-02-23 06:00:00,0.2635,0.2647,0.2615,0.2635,830809.1
1740290400000,2025-02-23 08:00:00,0.2635,0.269,0.2628,0.268,1014174.3
1740297600000,2025-02-23 10:00:00,0.268,0.2681,0.264,0.2653,1164744.4
1740304800000,2025-02-23 12:00:00,0.2653,0.2653,0.2624,0.2627,1411092.9
1740312000000,2025-02-23 14:00:00,0.2627,0.2636,0.2596,0.2616,2009485.0
1740319200000,2025-02-23 16:00:00,0.2616,0.2618,0.2552,0.2553,2590867.9
1740326400000,2025-02-23 18:00:00,0.2553,0.2584,0.2549,0.258,1044325.8
1740333600000,2025-02-23 20:00:00,0.258,0.2595,0.2571,0.2576,897550.7
1740340800000,2025-02-23 22:00:00,0.2576,0.2588,0.2561,0.2585,1526313.7
1740348000000,2025-02-24 00:00:00,0.2585,0.2612,0.254,0.2596,4581790.9
1740355200000,2025-02-24 02:00:00,0.2596,0.2614,0.2537,0.2547,2862050.2
1740362400000,2025-02-24 04:00:00,0.2547,0.2565,0.249,0.2499,3530640.7
1740369600000,2025-02-24 06:00:00,0.2499,0.252,0.2455,0.2513,6209936.9
1740376800000,2025-02-24 08:00:00,0.2513,0.253,0.2498,0.2521,2420151.1
1740384000000,2025-02-24 10:00:00,0.2521,0.2523,0.2466,0.25,3086023.7
1740391200000,2025-02-24 12:00:00,0.25,0.2527,0.2464,0.2517,3519478.9
1740398400000,2025-02-24 14:00:00,0.2517,0.2556,0.2495,0.2515,8277665.2
1740405600000,2025-02-24 16:00:00,0.2515,0.2533,0.2447,0.2468,18495572.8
1740412800000,2025-02-24 18:00:00,0.2468,0.2501,0.2456,0.2475,3458573.3
1740420000000,2025-02-24 20:00:00,0.2475,0.2484,0.2397,0.2413,4856121.4
1740427200000,2025-02-24 22:00:00,0.2413,0.2453,0.2381,0.2382,11209956.5
1740434400000,2025-02-25 00:00:00,0.2382,0.2382,0.2247,0.2272,30814970.8
1740441600000,2025-02-25 02:00:00,0.2272,0.2308,0.2214,0.226,9518239.9
1740448800000,2025-02-25 04:00:00,0.226,0.2305,0.2233,0.2248,5697456.6
1740456000000,2025-02-25 06:00:00,0.2248,0.2275,0.2213,0.2265,6117206.6
1740463200000,2025-02-25 08:00:00,0.2265,0.2273,0.2089,0.2163,28328723.1
1740470400000,2025-02-25 10:00:00,0.2163,0.2223,0.2142,0.2145,10891211.7
1740477600000,2025-02-25 12:00:00,0.2145,0.2235,0.2097,0.2223,17370808.1
1740484800000,2025-02-25 14:00:00,0.2223,0.227,0.2201,0.2228,13130900.3
1740492000000,2025-02-25 16:00:00,0.2228,0.2253,0.2168,0.2234,13792443.0
1740499200000,2025-02-25 18:00:00,0.2234,0.2276,0.2205,0.2247,5435721.6
1740506400000,2025-02-25 20:00:00,0.2247,0.2313,0.2225,0.2308,5932553.6
1740513600000,2025-02-25 22:00:00,0.2308,0.236,0.2288,0.2356,7642284.3
1740520800000,2025-02-26 00:00:00,0.2356,0.2373,0.2308,0.2319,5006156.1
1740528000000,2025-02-26 02:00:00,0.2319,0.2328,0.2287,0.2318,4128559.1
1740535200000,2025-02-26 04:00:00,0.2318,0.2366,0.2311,0.2344,3322125.6
1740542400000,2025-02-26 06:00:00,0.2344,0.2366,0.2322,0.2323,3293658.4
1740549600000,2025-02-26 08:00:00,0.2323,0.2359,0.2303,0.2329,2107689.1
1740556800000,2025-02-26 10:00:00,0.2329,0.2379,0.2307,0.2379,2745056.4
1740564000000,2025-02-26 12:00:00,0.2379,0.2398,0.2352,0.2352,4326482.6
1740571200000,2025-02-26 14:00:00,0.2352,0.2362,0.2304,0.2329,4421811.0
1740578400000,2025-02-26 16:00:00,0.2329,0.2416,0.2291,0.2397,10141811.9
1740585600000,2025-02-26 18:00:00,0.2397,0.2418,0.2325,0.2339,7557112.1
1740592800000,2025-02-26 20:00:00,0.2339,0.2355,0.2263,0.2286,12150961.9
1740600000000,2025-02-26 22:00:00,0.2286,0.2391,0.2255,0.237,9731493.8
1740607200000,2025-02-27 00:00:00,0.237,0.2422,0.2349,0.2361,4473149.2
1740614400000,2025-02-27 02:00:00,0.2361,0.2412,0.2332,0.2383,4971447.2
1740621600000,2025-02-27 04:00:00,0.2383,0.2414,0.2353,0.2394,3031275.3
1740628800000,2025-02-27 06:00:00,0.2394,0.2409,0.2361,0.2398,3089895.8
1740636000000,2025-02-27 08:00:00,0.2398,0.2437,0.2394,0.242,3489597.7
1740643200000,2025-02-27 10:00:00,0.242,0.2431,0.2401,0.2411,3943223.2
1740650400000,2025-02-27 12:00:00,0.2411,0.2432,0.2406,0.2416,2935551.0
1740657600000,2025-02-27 14:00:00,0.2416,0.2418,0.2381,0.2389,4820578.8
1740664800000,2025-02-27 16:00:00,0.2389,0.2401,0.2343,0.2375,7906050.4
1740672000000,2025-02-27 18:00:00,0.2375,0.2388,0.234,0.237,3221137.9
1740679200000,2025-02-27 20:00:00,0.237,0.2387,0.2336,0.2345,2529346.9
1740686400000,2025-02-27 22:00:00,0.2345,0.236,0.2302,0.236,5085588.9
1740693600000,2025-02-28 00:00:00,0.236,0.2384,0.2331,0.2373,3444829.2
1740700800000,2025-02-28 02:00:00,0.2373,0.2383,0.2255,0.2259,15786401.8
1740708000000,2025-02-28 04:00:00,0.2259,0.2293,0.2202,0.2208,18051072.2
1740715200000,2025-02-28 06:00:00,0.2208,0.2229,0.2164,0.2197,14614557.0
1740722400000,2025-02-28 08:00:00,0.2197,0.2219,0.2154,0.217,11296018.4
1740729600000,2025-02-28 10:00:00,0.217,0.2231,0.2121,0.2225,9078075.0
1740736800000,2025-02-28 12:00:00,0.2225,0.2231,0.2182,0.221,4752691.6
1740744000000,2025-02-28 14:00:00,0.221,0.2329,0.2204,0.2296,14702885.6
1740751200000,2025-02-28 16:00:00,0.2296,0.2384,0.2294,0.2373,6839804.9
1740758400000,2025-02-28 18:00:00,0.2373,0.2411,0.235,0.2384,4682450.7
1740765600000,2025-02-28 20:00:00,0.2384,0.2428,0.2379,0.2394,3812361.8
1740772800000,2025-02-28 22:00:00,0.2394,0.2403,0.237,0.2399,2799134.8
1740780000000,2025-03-01 00:00:00,0.2399,0.2401,0.2369,0.2379,1506005.2
1740787200000,2025-03-01 02:00:00,0.2379,0.2399,0.2345,0.2395,3096652.0
1740794400000,2025-03-01 04:00:00,0.2395,0.2424,0.2378,0.2408,4529760.5
1740801600000,2025-03-01 06:00:00,0.2408,0.2458,0.2405,0.2435,5155095.9
1740808800000,2025-03-01 08:00:00,0.2435,0.2444,0.2399,0.24,2616945.0
1740816000000,2025-03-01 10:00:00,0.24,0.2457,0.24,0.2445,4930146.7
1740823200000,2025-03-01 12:00:00,0.2445,0.2451,0.2387,0.242,4320695.0
1740830400000,2025-03-01 14:00:00,0.242,0.2434,0.234,0.2355,4994184.0
1740837600000,2025-03-01 16:00:00,0.2355,0.238,0.2344,0.2367,4945649.8
1740844800000,2025-03-01 18:00:00,0.2367,0.2384,0.235,0.2362,2375948.3
1740852000000,2025-03-01 20:00:00,0.2362,0.2438,0.2353,0.2432,3270052.8
1740859200000,2025-03-01 22:00:00,0.2432,0.2558,0.2408,0.2544,9569002.7
1740866400000,2025-03-02 00:00:00,0.2544,0.2584,0.2506,0.2531,11185629.3
1740873600000,2025-03-02 02:00:00,0.2531,0.2578,0.2497,0.2577,9225196.2
1740880800000,2025-03-02 04:00:00,0.2577,0.2616,0.2553,0.2596,9018624.4
1740888000000,2025-03-02 06:00:00,0.2596,0.2597,0.2524,0.2538,5986990.4
1740895200000,2025-03-02 08:00:00,0.2538,0.2553,0.2492,0.2499,5183450.0
1740902400000,2025-03-02 10:00:00,0.2499,0.2516,0.2484,0.2496,5559724.6
1740909600000,2025-03-02 12:00:00,0.2496,0.2503,0.2473,0.2498,5669254.5
1740916800000,2025-03-02 14:00:00,0.2498,0.2502,0.2455,0.2467,7460496.5
1740924000000,2025-03-02 16:00:00,0.2467,0.2718,0.2437,0.259,54686066.1
1740931200000,2025-03-02 18:00:00,0.259,0.3069,0.2588,0.2905,130512585.8
1740938400000,2025-03-02 20:00:00,0.2905,0.2931,0.283,0.292,20164682.4
1740945600000,2025-03-02 22:00:00,0.292,0.2928,0.286,0.2881,7201016.6
1740952800000,2025-03-03 00:00:00,0.2881,0.2925,0.2854,0.2909,6373803.3
1740960000000,2025-03-03 02:00:00,0.2909,0.2994,0.2866,0.2883,20577324.0
1740967200000,2025-03-03 04:00:00,0.2883,0.2888,0.2801,0.2813,12966913.0
1740974400000,2025-03-03 06:00:00,0.2813,0.2826,0.2791,0.2809,5166435.3
1740981600000,2025-03-03 08:00:00,0.2809,0.281,0.2697,0.2738,12712936.0
1740988800000,2025-03-03 10:00:00,0.2738,0.2741,0.2643,0.2678,12484439.6
1740996000000,2025-03-03 12:00:00,0.2678,0.2726,0.2675,0.2703,8500062.4
1741003200000,2025-03-03 14:00:00,0.2703,0.2786,0.2695,0.2758,10141315.4
1741010400000,2025-03-03 16:00:00,0.2758,0.2768,0.2642,0.2652,24011845.4
1741017600000,2025-03-03 18:00:00,0.2652,0.2684,0.2623,0.2638,7368380.8
1741024800000,2025-03-03 20:00:00,0.2638,0.2644,0.2394,0.2411,28883997.2
1741032000000,2025-03-03 22:00:00,0.2411,0.2445,0.2352,0.236,11039789.0
1741039200000,2025-03-04 00:00:00,0.236,0.2423,0.236,0.2378,6455854.9
1741046400000,2025-03-04 02:00:00,0.2378,0.2402,0.2245,0.2262,21617310.7
1741053600000,2025-03-04 04:00:00,0.2262,0.2295,0.2199,0.2266,28969104.8
1741060800000,2025-03-04 06:00:00,0.2266,0.233,0.2261,0.2315,9059799.7
1741068000000,2025-03-04 08:00:00,0.2315,0.2328,0.2273,0.2276,5350786.1
1741075200000,2025-03-04 10:00:00,0.2276,0.2307,0.2262,0.2276,5657355.7
1741082400000,2025-03-04 12:00:00,0.2276,0.2331,0.2264,0.2287,10130036.2
1741089600000,2025-03-04 14:00:00,0.2287,0.2307,0.2218,0.2228,10783981.9
1741096800000,2025-03-04 16:00:00,0.2228,0.2383,0.2189,0.2282,45341844.5
1741104000000,2025-03-04 18:00:00,0.2282,0.2385,0.2163,0.2354,45438542.9
1741111200000,2025-03-04 20:00:00,0.2354,0.2427,0.2335,0.2411,11694668.4
1741118400000,2025-03-04 22:00:00,0.2411,0.2428,0.2343,0.238,10430011.8
1741125600000,2025-03-05 00:00:00,0.238,0.2403,0.237,0.2383,2896288.1
1741132800000,2025-03-05 02:00:00,0.2383,0.2417,0.2347,0.2417,5811001.6
1741140000000,2025-03-05 04:00:00,0.2417,0.2435,0.2353,0.2354,6026339.8
1741147200000,2025-03-05 06:00:00,0.2354,0.2378,0.2352,0.2359,2711281.1
1741154400000,2025-03-05 08:00:00,0.2359,0.2395,0.2341,0.239,3520688.0
1741161600000,2025-03-05 10:00:00,0.239,0.2489,0.2385,0.2471,10832367.4
1741168800000,2025-03-05 12:00:00,0.2471,0.2544,0.2459,0.2516,8365419.4
1741176000000,2025-03-05 14:00:00,0.2516,0.2534,0.2442,0.2462,6589506.1
1741183200000,2025-03-05 16:00:00,0.2462,0.2487,0.2413,0.2435,9841802.2
1741190400000,2025-03-05 18:00:00,0.2435,0.2508,0.2425,0.2482,7155905.0
1741197600000,2025-03-05 20:00:00,0.2482,0.2522,0.247,0.2504,3110115.5
1741204800000,2025-03-05 22:00:00,0.2504,0.252,0.2486,0.2499,2221706.1
1741212000000,2025-03-06 00:00:00,0.2499,0.2524,0.2493,0.2499,3228208.9
1741219200000,2025-03-06 02:00:00,0.2499,0.2542,0.2464,0.2511,4092905.2
1741226400000,2025-03-06 04:00:00,0.2511,0.2551,0.2503,0.2542,3287029.1
1741233600000,2025-03-06 06:00:00,0.2542,0.2601,0.2524,0.2587,3960711.9
1741240800000,2025-03-06 08:00:00,0.2587,0.2591,0.2512,0.2522,7072195.2
1741248000000,2025-03-06 10:00:00,0.2522,0.2556,0.2509,0.2519,2993862.5
1741255200000,2025-03-06 12:00:00,0.2519,0.2563,0.2513,0.2532,3614521.1
1741262400000,2025-03-06 14:00:00,0.2532,0.2536,0.2454,0.246,8891314.0
1741269600000,2025-03-06 16:00:00,0.246,0.2507,0.2429,0.2488,7831971.3
1741276800000,2025-03-06 18:00:00,0.2488,0.2512,0.2412,0.2432,9691968.6
1741284000000,2025-03-06 20:00:00,0.2432,0.2459,0.2411,0.2431,3825083.8
1741291200000,2025-03-06 22:00:00,0.2431,0.247,0.2427,0.2449,3520941.7
1741298400000,2025-03-07 00:00:00,0.2449,0.2476,0.2399,0.2401,6763107.3
1741305600000,2025-03-07 02:00:00,0.2401,0.243,0.2258,0.2375,26552109.5
1741312800000,2025-03-07 04:00:00,0.2375,0.2407,0.2353,0.2358,4353437.0
1741320000000,2025-03-07 06:00:00,0.2358,0.2427,0.2355,0.2408,4171461.5
1741327200000,2025-03-07 08:00:00,0.2408,0.2412,0.2381,0.2409,6199961.4
1741334400000,2025-03-07 10:00:00,0.2409,0.2468,0.2393,0.2438,5006942.7
1741341600000,2025-03-07 12:00:00,0.2438,0.2474,0.2429,0.2435,6953235.0
1741348800000,2025-03-07 14:00:00,0.2435,0.2458,0.2385,0.241,11191844.8
1741356000000,2025-03-07 16:00:00,0.241,0.2462,0.2378,0.24,8805010.4
1741363200000,2025-03-07 18:00:00,0.24,0.2407,0.2331,0.2377,9563525.9
1741370400000,2025-03-07 20:00:00,0.2377,0.2455,0.237,0.2425,4353938.1
1741377600000,2025-03-07 22:00:00,0.2425,0.2442,0.2342,0.2361,9084502.7
1741384800000,2025-03-08 00:00:00,0.2361,0.2368,0.2314,0.233,4973915.1
1741392000000,2025-03-08 02:00:00,0.233,0.236,0.2296,0.2324,4245765.7
1741399200000,2025-03-08 04:00:00,0.2324,0.2329,0.2287,0.2304,3354933.7
1741406400000,2025-03-08 06:00:00,0.2304,0.2349,0.2291,0.2318,3507674.1
1741413600000,2025-03-08 08:00:00,0.2318,0.2326,0.2295,0.2296,1709296.2
1741420800000,2025-03-08 10:00:00,0.2296,0.2302,0.2261,0.2271,2776429.9
1741428000000,2025-03-08 12:00:00,0.2271,0.2287,0.224,0.2257,2479732.8
1741435200000,2025-03-08 14:00:00,0.2257,0.2278,0.2243,0.2273,3869463.7
1741442400000,2025-03-08 16:00:00,0.2273,0.2283,0.2252,0.2261,1690384.2
1741449600000,2025-03-08 18:00:00,0.2261,0.2273,0.2229,0.2271,3430100.7
1741456800000,2025-03-08 20:00:00,0.2271,0.2286,0.2256,0.2279,4311353.4
1741464000000,2025-03-08 22:00:00,0.2279,0.229,0.2269,0.2271,1405379.0
1741471200000,2025-03-09 00:00:00,0.2271,0.2275,0.2234,0.2245,2700087.4
1741478400000,2025-03-09 02:00:00,0.2245,0.2267,0.223,0.2234,2215076.7
1741485600000,2025-03-09 04:00:00,0.2234,0.2239,0.2212,0.2225,2014981.6
1741492800000,2025-03-09 06:00:00,0.2225,0.2235,0.2212,0.2217,1849786.2
1741500000000,2025-03-09 08:00:00,0.2217,0.2227,0.2196,0.222,3752950.9
1741507200000,2025-03-09 10:00:00,0.222,0.2225,0.2194,0.2199,1943880.3
1741514400000,2025-03-09 12:00:00,0.2199,0.2204,0.214,0.2155,14908886.6
1741521600000,2025-03-09 14:00:00,0.2155,0.2187,0.212,0.2141,23486651.8
1741528800000,2025-03-09 16:00:00,0.2141,0.2158,0.2091,0.2102,24541036.4
1741536000000,2025-03-09 18:00:00,0.2102,0.2118,0.2015,0.2022,29065325.8
1741543200000,2025-03-09 20:00:00,0.2022,0.2056,0.2,0.2046,13259190.2
1741550400000,2025-03-09 22:00:00,0.2046,0.2073,0.2021,0.2021,3905246.8
1741557600000,2025-03-10 00:00:00,0.2021,0.2032,0.1987,0.2009,11942801.8
1741564800000,2025-03-10 02:00:00,0.2009,0.2079,0.1975,0.2046,16160908.9
1741572000000,2025-03-10 04:00:00,0.2046,0.2076,0.2038,0.2047,4530696.9
1741579200000,2025-03-10 06:00:00,0.2047,0.2081,0.2044,0.206,3732911.9
1741586400000,2025-03-10 08:00:00,0.206,0.2076,0.2047,0.2063,3155739.8
1741593600000,2025-03-10 10:00:00,0.2063,0.2145,0.2023,0.208,12356265.8
1741600800000,2025-03-10 12:00:00,0.208,0.2122,0.2053,0.2111,6186973.1
1741608000000,2025-03-10 14:00:00,0.2111,0.2125,0.2025,0.2034,9249609.2
1741615200000,2025-03-10 16:00:00,0.2034,0.2034,0.1944,0.1989,33811575.9
1741622400000,2025-03-10 18:00:00,0.1989,0.1998,0.1878,0.1886,19304571.3
1741629600000,2025-03-10 20:00:00,0.1886,0.1918,0.1809,0.1891,18973789.3
1741636800000,2025-03-10 22:00:00,0.1891,0.1899,0.1854,0.1883,8144577.5
1741644000000,2025-03-11 00:00:00,0.1883,0.1892,0.1833,0.1837,6978163.2
1741651200000,2025-03-11 02:00:00,0.1837,0.1859,0.1733,0.1854,30322637.7
1741658400000,2025-03-11 04:00:00,0.1854,0.19,0.1843,0.1881,7878341.0
1741665600000,2025-03-11 06:00:00,0.1881,0.1928,0.1875,0.1925,5278712.7
1741672800000,2025-03-11 08:00:00,0.1925,0.1934,0.1901,0.191,6865454.6
1741680000000,2025-03-11 10:00:00,0.191,0.1946,0.1907,0.1932,7076640.2
1741687200000,2025-03-11 12:00:00,0.1932,0.1946,0.1917,0.1937,4215413.0
1741694400000,2025-03-11 14:00:00,0.1937,0.1953,0.1882,0.1912,17912450.3
1741701600000,2025-03-11 16:00:00,0.1912,0.1926,0.1836,0.1913,17308721.3
1741708800000,2025-03-11 18:00:00,0.1913,0.1955,0.1885,0.1895,9916371.0
1741716000000,2025-03-11 20:00:00,0.1895,0.1999,0.1895,0.1984,10829498.8
1741723200000,2025-03-11 22:00:00,0.1984,0.1986,0.1949,0.1953,5168084.1
1741730400000,2025-03-12 00:00:00,0.1953,0.1958,0.1904,0.1911,6104264.3
1741737600000,2025-03-12 02:00:00,0.1911,0.1972,0.1905,0.1954,7612141.5
1741744800000,2025-03-12 04:00:00,0.1954,0.1959,0.1888,0.1889,4080591.3
1741752000000,2025-03-12 06:00:00,0.1889,0.1897,0.1859,0.1893,6052750.8
1741759200000,2025-03-12 08:00:00,0.1893,0.1916,0.1858,0.1912,6000719.5
1741766400000,2025-03-12 10:00:00,0.1912,0.1955,0.1905,0.1916,7218856.3
1741773600000,2025-03-12 12:00:00,0.1916,0.1947,0.1896,0.1945,5168006.1
1741780800000,2025-03-12 14:00:00,0.1945,0.2012,0.1924,0.1932,18841897.7
1741788000000,2025-03-12 16:00:00,0.1932,0.1944,0.1873,0.191,13669679.6
1741795200000,2025-03-12 18:00:00,0.191,0.1961,0.1904,0.1927,6525072.3
1741802400000,2025-03-12 20:00:00,0.1927,0.196,0.1924,0.1947,3530230.7
1741809600000,2025-03-12 22:00:00,0.1947,0.1957,0.1934,0.1943,3167366.9
1741816800000,2025-03-13 00:00:00,0.1943,0.1962,0.1942,0.1956,2075216.7
1741824000000,2025-03-13 02:00:00,0.1956,0.1987,0.1944,0.1978,9450813.0
1741831200000,2025-03-13 04:00:00,0.1978,0.199,0.1948,0.195,7223738.0
1741838400000,2025-03-13 06:00:00,0.195,0.1959,0.1918,0.192,7710762.1
1741845600000,2025-03-13 08:00:00,0.192,0.1938,0.1908,0.1927,4148218.2
1741852800000,2025-03-13 10:00:00,0.1927,0.1984,0.191,0.1983,4565027.4
1741860000000,2025-03-13 12:00:00,0.1983,0.1987,0.1951,0.1968,5075557.9
1741867200000,2025-03-13 14:00:00,0.1968,0.2017,0.1926,0.1931,11390248.6
1741874400000,2025-03-13 16:00:00,0.1931,0.1957,0.1914,0.1924,5757857.1
1741881600000,2025-03-13 18:00:00,0.1924,0.1932,0.1886,0.1889,10130840.4
1741888800000,2025-03-13 20:00:00,0.1889,0.192,0.1888,0.1903,2673245.7
1741896000000,2025-03-13 22:00:00,0.1903,0.1914,0.1882,0.1905,2760245.1
1741903200000,2025-03-14 00:00:00,0.1905,0.1975,0.1903,0.1956,3926049.5
1741910400000,2025-03-14 02:00:00,0.1956,0.197,0.1941,0.1941,4816496.5
1741917600000,2025-03-14 04:00:00,0.1941,0.1962,0.1941,0.1953,1689889.6
1741924800000,2025-03-14 06:00:00,0.1953,0.1962,0.1947,0.1959,1038794.4
1741932000000,2025-03-14 08:00:00,0.1959,0.1974,0.1948,0.1968,1694841.4
1741939200000,2025-03-14 10:00:00,0.1968,0.1996,0.1964,0.1989,4386566.4
1741946400000,2025-03-14 12:00:00,0.1989,0.1995,0.1974,0.1978,1573272.3
1741953600000,2025-03-14 14:00:00,0.1978,0.1996,0.1967,0.199,3984584.6
1741960800000,2025-03-14 16:00:00,0.199,0.2049,0.1962,0.2024,10575370.0
1741968000000,2025-03-14 18:00:00,0.2024,0.2033,0.1998,0.2006,4282855.6
1741975200000,2025-03-14 20:00:00,0.2006,0.2014,0.1985,0.1992,2487302.6
1741982400000,2025-03-14 22:00:00,0.1992,0.1993,0.1972,0.1983,2529832.6
1741989600000,2025-03-15 00:00:00,0.1983,0.2008,0.1977,0.1981,3994258.0
1741996800000,2025-03-15 02:00:00,0.1981,0.2001,0.1978,0.1988,2857026.9
1742004000000,2025-03-15 04:00:00,0.1988,0.2008,0.1981,0.2,2805046.8
1742011200000,2025-03-15 06:00:00,0.2,0.2036,0.1998,0.201,4202727.3
1742018400000,2025-03-15 08:00:00,0.201,0.2015,0.1986,0.1993,2182504.5
1742025600000,2025-03-15 10:00:00,0.1993,0.2014,0.1986,0.2008,4492657.4
1742032800000,2025-03-15 12:00:00,0.2008,0.2016,0.1994,0.2012,1922210.0
1742040000000,2025-03-15 14:00:00,0.2012,0.202,0.2007,0.2012,1168056.4
1742047200000,2025-03-15 16:00:00,0.2012,0.2013,0.1995,0.2006,1926790.5
1742054400000,2025-03-15 18:00:00,0.2006,0.2018,0.1998,0.2007,1875885.7
1742061600000,2025-03-15 20:00:00,0.2007,0.2015,0.1977,0.1983,3618828.6
1742068800000,2025-03-15 22:00:00,0.1983,0.202,0.1982,0.2008,2239260.9
1742076000000,2025-03-16 00:00:00,0.2008,0.201,0.1994,0.1998,2834756.5
1742083200000,2025-03-16 02:00:00,0.1998,0.2,0.1969,0.197,3455156.4
1742090400000,2025-03-16 04:00:00,0.197,0.1991,0.1961,0.1988,2473914.0
1742097600000,2025-03-16 06:00:00,0.1988,0.2015,0.1981,0.2015,4342965.7
1742104800000,2025-03-16 08:00:00,0.2015,0.2015,0.1981,0.1991,4295358.9
1742112000000,2025-03-16 10:00:00,0.1991,0.1996,0.1945,0.1948,3437114.2
1742119200000,2025-03-16 12:00:00,0.1948,0.1957,0.1889,0.1893,10441615.4
1742126400000,2025-03-16 14:00:00,0.1893,0.1908,0.1857,0.1864,6407188.7
1742133600000,2025-03-16 16:00:00,0.1864,0.1897,0.1858,0.1889,7752904.9
1742140800000,2025-03-16 18:00:00,0.1889,0.1933,0.1883,0.1902,7407219.0
1742148000000,2025-03-16 20:00:00,0.1902,0.1906,0.1856,0.1864,8562002.8
1742155200000,2025-03-16 22:00:00,0.1864,0.1877,0.1858,0.1862,3613561.3
1742162400000,2025-03-17 00:00:00,0.1862,0.1866,0.1842,0.1861,3469653.4
1742169600000,2025-03-17 02:00:00,0.1861,0.1904,0.1859,0.1893,4071103.8
1742176800000,2025-03-17 04:00:00,0.1893,0.1912,0.1886,0.1905,2367187.3
1742184000000,2025-03-17 06:00:00,0.1905,0.1913,0.1885,0.1885,2492401.2
1742191200000,2025-03-17 08:00:00,0.1885,0.1916,0.1863,0.1911,7960028.0
1742198400000,2025-03-17 10:00:00,0.1911,0.1927,0.1893,0.1918,2670518.6
1742205600000,2025-03-17 12:00:00,0.1918,0.1928,0.1905,0.1918,2891084.6
1742212800000,2025-03-17 14:00:00,0.1918,0.195,0.1892,0.1897,12786821.6
1742220000000,2025-03-17 16:00:00,0.1897,0.1905,0.1876,0.19,9503159.3
1742227200000,2025-03-17 18:00:00,0.19,0.1925,0.1885,0.1917,4291940.7
1742234400000,2025-03-17 20:00:00,0.1917,0.1947,0.1914,0.193,4034084.1
1742241600000,2025-03-17 22:00:00,0.193,0.1933,0.1912,0.192,2353017.7
1742248800000,2025-03-18 00:00:00,0.192,0.1924,0.1903,0.191,1420265.5
1742256000000,2025-03-18 02:00:00,0.191,0.1916,0.1872,0.1879,5500458.2
1742263200000,2025-03-18 04:00:00,0.1879,0.1896,0.1861,0.1868,5194015.8
1742270400000,2025-03-18 06:00:00,0.1868,0.1878,0.1857,0.1872,2534083.7
1742277600000,2025-03-18 08:00:00,0.1872,0.1883,0.1841,0.1875,17626049.8
1742284800000,2025-03-18 10:00:00,0.1875,0.189,0.1865,0.1869,4036602.5
1742292000000,2025-03-18 12:00:00,0.1869,0.1877,0.1839,0.1839,6117431.1
1742299200000,2025-03-18 14:00:00,0.1839,0.1847,0.18,0.1805,12675094.9
1742306400000,2025-03-18 16:00:00,0.1805,0.1837,0.1801,0.1809,5685303.1
1742313600000,2025-03-18 18:00:00,0.1809,0.1829,0.1803,0.1808,5176268.0
1742320800000,2025-03-18 20:00:00,0.1808,0.1838,0.1798,0.1835,3155922.4
1742328000000,2025-03-18 22:00:00,0.1835,0.1837,0.1809,0.1818,6656261.1
1742335200000,2025-03-19 00:00:00,0.1818,0.1866,0.1816,0.1863,4943444.4
1742342400000,2025-03-19 02:00:00,0.1863,0.1881,0.1855,0.1855,5412146.5
1742349600000,2025-03-19 04:00:00,0.1855,0.1879,0.1849,0.1879,1924262.0
1742356800000,2025-03-19 06:00:00,0.1879,0.1881,0.1866,0.1874,5006542.9
1742364000000,2025-03-19 08:00:00,0.1874,0.1886,0.1868,0.1869,1172247.0
1742371200000,2025-03-19 10:00:00,0.1869,0.1889,0.1869,0.1883,1712223.9
1742378400000,2025-03-19 12:00:00,0.1883,0.195,0.1878,0.1939,7437802.5
1742385600000,2025-03-19 14:00:00,0.1939,0.2002,0.1932,0.1981,13619303.1
1742392800000,2025-03-19 16:00:00,0.1981,0.2013,0.1961,0.1998,10377907.0
1742400000000,2025-03-19 18:00:00,0.1998,0.2009,0.1943,0.1956,7472986.5
1742407200000,2025-03-19 20:00:00,0.1956,0.1998,0.1938,0.1969,12852931.6
1742414400000,2025-03-19 22:00:00,0.1969,0.1987,0.1962,0.1972,1927370.6
1742421600000,2025-03-20 00:00:00,0.1972,0.1997,0.1968,0.1996,4026280.1
1742428800000,2025-03-20 02:00:00,0.1996,0.2009,0.1967,0.1968,3681186.3
1742436000000,2025-03-20 04:00:00,0.1968,0.1983,0.1964,0.1964,2643569.6
1742443200000,2025-03-20 06:00:00,0.1964,0.1965,0.1943,0.1958,1868000.4
1742450400000,2025-03-20 08:00:00,0.1958,0.197,0.195,0.1965,2543086.8
1742457600000,2025-03-20 10:00:00,0.1965,0.1986,0.1961,0.1979,2734909.6
1742464800000,2025-03-20 12:00:00,0.1979,0.1981,0.1944,0.1961,3322626.7
1742472000000,2025-03-20 14:00:00,0.1961,0.1994,0.1955,0.1979,3790082.6
1742479200000,2025-03-20 16:00:00,0.1979,0.2018,0.1963,0.1963,10681389.5
1742486400000,2025-03-20 18:00:00,0.1963,0.1977,0.1922,0.1935,7198243.5
1742493600000,2025-03-20 20:00:00,0.1935,0.1966,0.1928,0.1947,6734222.1
1742500800000,2025-03-20 22:00:00,0.1947,0.1973,0.1946,0.1952,2996801.5
1742508000000,2025-03-21 00:00:00,0.1952,0.1956,0.1941,0.1952,1685020.8
1742515200000,2025-03-21 02:00:00,0.1952,0.1966,0.1944,0.1965,1858887.6
1742522400000,2025-03-21 04:00:00,0.1965,0.1966,0.1923,0.1925,2330171.9
1742529600000,2025-03-21 06:00:00,0.1925,0.1938,0.1912,0.1923,3239941.6
1742536800000,2025-03-21 08:00:00,0.1923,0.1923,0.1892,0.1909,3155935.3
1742544000000,2025-03-21 10:00:00,0.1909,0.1917,0.1883,0.1889,3196422.3
1742551200000,2025-03-21 12:00:00,0.1889,0.1894,0.1876,0.189,3561251.6
1742558400000,2025-03-21 14:00:00,0.189,0.1897,0.187,0.1888,3583621.1
1742565600000,2025-03-21 16:00:00,0.1888,0.1895,0.1875,0.1883,1070031.4
1742572800000,2025-03-21 18:00:00,0.1883,0.1904,0.1877,0.1897,2387232.7
1742580000000,2025-03-21 20:00:00,0.1897,0.1917,0.1888,0.1895,3645888.2
1742587200000,2025-03-21 22:00:00,0.1895,0.1922,0.1891,0.1905,1697302.3
1742594400000,2025-03-22 00:00:00,0.1905,0.1906,0.1867,0.1872,3467246.0
1742601600000,2025-03-22 02:00:00,0.1872,0.1893,0.1868,0.1869,2181259.2
1742608800000,2025-03-22 04:00:00,0.1869,0.1877,0.1862,0.1875,2352685.6
1742616000000,2025-03-22 06:00:00,0.1875,0.1902,0.1873,0.1897,1426175.4
1742623200000,2025-03-22 08:00:00,0.1897,0.1909,0.1886,0.1886,2727100.7
1742630400000,2025-03-22 10:00:00,0.1886,0.1914,0.1884,0.1901,4955560.7
1742637600000,2025-03-22 12:00:00,0.1901,0.191,0.1887,0.189,3199609.2
1742644800000,2025-03-22 14:00:00,0.189,0.1891,0.1877,0.1888,3857818.5
1742652000000,2025-03-22 16:00:00,0.1888,0.1888,0.1871,0.1881,1429023.6
1742659200000,2025-03-22 18:00:00,0.1881,0.1897,0.1875,0.1895,2596322.3
1742666400000,2025-03-22 20:00:00,0.1895,0.1902,0.1889,0.1894,2143797.6
1742673600000,2025-03-22 22:00:00,0.1894,0.1898,0.1877,0.1881,1424830.4
1742680800000,2025-03-23 00:00:00,0.1881,0.1891,0.187,0.1879,1749750.7
1742688000000,2025-03-23 02:00:00,0.1879,0.189,0.1876,0.1885,1950878.6
1742695200000,2025-03-23 04:00:00,0.1885,0.1901,0.1878,0.1901,2644713.6
1742702400000,2025-03-23 06:00:00,0.1901,0.1901,0.1883,0.1892,928142.0
1742709600000,2025-03-23 08:00:00,0.1892,0.1904,0.1882,0.19,1306051.1
1742716800000,2025-03-23 10:00:00,0.19,0.1904,0.1888,0.1897,1061787.6
1742724000000,2025-03-23 12:00:00,0.1897,0.1917,0.1893,0.1902,1480946.8
1742731200000,2025-03-23 14:00:00,0.1902,0.1909,0.189,0.1905,1298607.9
1742738400000,2025-03-23 16:00:00,0.1905,0.1906,0.1888,0.1891,1731488.6
1742745600000,2025-03-23 18:00:00,0.1891,0.1893,0.1866,0.1876,3128354.8
1742752800000,2025-03-23 20:00:00,0.1876,0.1887,0.1869,0.1886,1071121.9
1742760000000,2025-03-23 22:00:00,0.1886,0.1899,0.1881,0.1898,1185184.4
1742767200000,2025-03-24 00:00:00,0.1898,0.1918,0.1893,0.1916,4228003.6
1742774400000,2025-03-24 02:00:00,0.1916,0.1949,0.1903,0.1908,5512651.7
1742781600000,2025-03-24 04:00:00,0.1908,0.1944,0.1904,0.1943,2526269.1
1742788800000,2025-03-24 06:00:00,0.1943,0.1995,0.1943,0.1984,4109560.1
1742796000000,2025-03-24 08:00:00,0.1984,0.2013,0.1984,0.1992,4091514.9
1742803200000,2025-03-24 10:00:00,0.1992,0.2018,0.1992,0.2012,2582073.1
1742810400000,2025-03-24 12:00:00,0.2012,0.2039,0.2011,0.2026,4757665.2
1742817600000,2025-03-24 14:00:00,0.2026,0.2042,0.2019,0.2037,3846978.2
1742824800000,2025-03-24 16:00:00,0.2037,0.2074,0.2035,0.2051,5978086.3
1742832000000,2025-03-24 18:00:00,0.2051,0.2059,0.2025,0.203,5193730.3
1742839200000,2025-03-24 20:00:00,0.203,0.2036,0.2018,0.2024,1588786.3
1742846400000,2025-03-24 22:00:00,0.2024,0.2058,0.2021,0.205,1796761.5
1742853600000,2025-03-25 00:00:00,0.205,0.2054,0.2019,0.2036,2251820.9
1742860800000,2025-03-25 02:00:00,0.2036,0.205,0.2012,0.2023,2799042.7
1742868000000,2025-03-25 04:00:00,0.2023,0.2035,0.2005,0.2012,2392087.7
1742875200000,2025-03-25 06:00:00,0.2012,0.2037,0.2007,0.203,2200549.5
1742882400000,2025-03-25 08:00:00,0.203,0.2046,0.2011,0.2011,3712366.3
1742889600000,2025-03-25 10:00:00,0.2011,0.2054,0.2011,0.2048,4395305.4
1742896800000,2025-03-25 12:00:00,0.2048,0.2107,0.204,0.21,9463876.0
1742904000000,2025-03-25 14:00:00,0.21,0.2108,0.2055,0.2074,8071230.8
1742911200000,2025-03-25 16:00:00,0.2074,0.2123,0.2062,0.2092,7065191.2
1742918400000,2025-03-25 18:00:00,0.2092,0.2116,0.2081,0.2112,6975659.0
1742925600000,2025-03-25 20:00:00,0.2112,0.2142,0.2109,0.2122,3161486.4
1742932800000,2025-03-25 22:00:00,0.2122,0.2145,0.2104,0.2117,4708880.7
1742940000000,2025-03-26 00:00:00,0.2117,0.2118,0.2098,0.2116,2068216.8
1742947200000,2025-03-26 02:00:00,0.2116,0.2154,0.2116,0.2143,3199117.6
1742954400000,2025-03-26 04:00:00,0.2143,0.2144,0.2092,0.2095,2630458.0
1742961600000,2025-03-26 06:00:00,0.2095,0.2115,0.2088,0.2113,1957404.1
1742968800000,2025-03-26 08:00:00,0.2113,0.2184,0.211,0.2172,5626150.9
1742976000000,2025-03-26 10:00:00,0.2172,0.2181,0.2136,0.2146,3700620.1
1742983200000,2025-03-26 12:00:00,0.2146,0.2165,0.2145,0.215,1959702.4
1742990400000,2025-03-26 14:00:00,0.215,0.2155,0.2083,0.2084,8104917.8
1742997600000,2025-03-26 16:00:00,0.2084,0.2107,0.2062,0.2075,8881963.4
1743004800000,2025-03-26 18:00:00,0.2075,0.2084,0.2052,0.2055,2987301.3
1743012000000,2025-03-26 20:00:00,0.2055,0.2066,0.203,0.2054,3857227.5
1743019200000,2025-03-26 22:00:00,0.2054,0.2081,0.2046,0.2074,4189903.4
1743026400000,2025-03-27 00:00:00,0.2074,0.2075,0.2053,0.2066,2188640.9
1743033600000,2025-03-27 02:00:00,0.2066,0.2102,0.206,0.2085,2704029.8
1743040800000,2025-03-27 04:00:00,0.2085,0.2142,0.2084,0.2142,4919987.9
1743048000000,2025-03-27 06:00:00,0.2142,0.2146,0.2116,0.2119,2383255.7
1743055200000,2025-03-27 08:00:00,0.2119,0.2133,0.2105,0.2114,2410978.8
1743062400000,2025-03-27 10:00:00,0.2114,0.2127,0.2102,0.2107,2173275.8
1743069600000,2025-03-27 12:00:00,0.2107,0.2118,0.2079,0.2083,2895401.4
1743076800000,2025-03-27 14:00:00,0.2083,0.2105,0.2055,0.2086,4323137.6
1743084000000,2025-03-27 16:00:00,0.2086,0.2118,0.2076,0.2102,3478804.8
1743091200000,2025-03-27 18:00:00,0.2102,0.2112,0.2079,0.208,2486802.1
1743098400000,2025-03-27 20:00:00,0.208,0.2125,0.2079,0.2109,3067922.3
1743105600000,2025-03-27 22:00:00,0.2109,0.2157,0.2101,0.2128,23230296.2
1743112800000,2025-03-28 00:00:00,0.2128,0.2161,0.2114,0.2117,6173417.9
1743120000000,2025-03-28 02:00:00,0.2117,0.2157,0.2093,0.2131,5021590.1
1743127200000,2025-03-28 04:00:00,0.2131,0.2148,0.2092,0.2101,4663085.2
1743134400000,2025-03-28 06:00:00,0.2101,0.2111,0.2007,0.2012,13005520.5
1743141600000,2025-03-28 08:00:00,0.2012,0.2041,0.2006,0.2017,5564237.5
1743148800000,2025-03-28 10:00:00,0.2017,0.203,0.1995,0.2005,3774473.4
1743156000000,2025-03-28 12:00:00,0.2005,0.203,0.1993,0.2029,4363824.2
1743163200000,2025-03-28 14:00:00,0.2029,0.2043,0.1999,0.2004,7042787.2
1743170400000,2025-03-28 16:00:00,0.2004,0.2019,0.1985,0.2,4453071.3
1743177600000,2025-03-28 18:00:00,0.2,0.2007,0.1972,0.1982,3702075.6
1743184800000,2025-03-28 20:00:00,0.1982,0.1993,0.1965,0.1971,2254406.3
1743192000000,2025-03-28 22:00:00,0.1971,0.1995,0.1966,0.1985,2474167.4
1743199200000,2025-03-29 00:00:00,0.1985,0.2006,0.1985,0.1994,1842983.3
1743206400000,2025-03-29 02:00:00,0.1994,0.2006,0.195,0.1963,6287750.6
1743213600000,2025-03-29 04:00:00,0.1963,0.1968,0.1902,0.1933,6896551.9
1743220800000,2025-03-29 06:00:00,0.1933,0.1934,0.1897,0.19,2942350.5
1743228000000,2025-03-29 08:00:00,0.19,0.19,0.1864,0.1876,6220013.3
1743235200000,2025-03-29 10:00:00,0.1876,0.1888,0.1849,0.187,8149244.0
1743242400000,2025-03-29 12:00:00,0.187,0.1876,0.1828,0.1844,7517348.3
1743249600000,2025-03-29 14:00:00,0.1844,0.187,0.1839,0.1869,9067035.8
1743256800000,2025-03-29 16:00:00,0.1869,0.187,0.1836,0.184,5823384.4
1743264000000,2025-03-29 18:00:00,0.184,0.1846,0.18,0.1822,8656253.1
1743271200000,2025-03-29 20:00:00,0.1822,0.1831,0.1811,0.1827,3550930.7
1743278400000,2025-03-29 22:00:00,0.1827,0.1832,0.1807,0.1822,2445449.1
1743285600000,2025-03-30 00:00:00,0.1822,0.184,0.1817,0.1839,2188513.2
1743292800000,2025-03-30 02:00:00,0.1839,0.1861,0.1819,0.1853,2737408.1
1743300000000,2025-03-30 04:00:00,0.1853,0.187,0.1851,0.1852,2190401.8
1743307200000,2025-03-30 06:00:00,0.1852,0.1867,0.1849,0.1853,1448718.3
1743314400000,2025-03-30 08:00:00,0.1853,0.1861,0.1841,0.1851,1304913.5
1743321600000,2025-03-30 10:00:00,0.1851,0.1872,0.185,0.1865,1313124.1
1743328800000,2025-03-30 12:00:00,0.1865,0.1871,0.1832,0.1839,4221113.5
1743336000000,2025-03-30 14:00:00,0.1839,0.1847,0.1814,0.1818,3242884.2
1743343200000,2025-03-30 16:00:00,0.1818,0.1834,0.1808,0.1818,2284482.0
1743350400000,2025-03-30 18:00:00,0.1818,0.1823,0.1785,0.1803,3761564.9
1743357600000,2025-03-30 20:00:00,0.1803,0.1838,0.1803,0.1817,3078066.5
1743364800000,2025-03-30 22:00:00,0.1817,0.1827,0.1797,0.1805,1778654.3
1743372000000,2025-03-31 00:00:00,0.1805,0.1819,0.1772,0.1794,7110494.1
1743379200000,2025-03-31 02:00:00,0.1794,0.1802,0.1755,0.18,5068463.0
1743386400000,2025-03-31 04:00:00,0.18,0.181,0.1762,0.1765,3973926.6
1743393600000,2025-03-31 06:00:00,0.1765,0.1797,0.176,0.1781,2332158.9
1743400800000,2025-03-31 08:00:00,0.1781,0.1786,0.1737,0.1751,4588623.7
1743408000000,2025-03-31 10:00:00,0.1751,0.1769,0.1721,0.1733,7186602.7
1743415200000,2025-03-31 12:00:00,0.1733,0.1774,0.1723,0.1766,5490313.2
1743422400000,2025-03-31 14:00:00,0.1766,0.1806,0.1747,0.1767,9485798.3
1743429600000,2025-03-31 16:00:00,0.1767,0.181,0.1767,0.1794,6272534.8
1743436800000,2025-03-31 18:00:00,0.1794,0.1817,0.1765,0.1774,6072106.7
1743444000000,2025-03-31 20:00:00,0.1774,0.181,0.1774,0.178,4160369.3
1743451200000,2025-03-31 22:00:00,0.178,0.1798,0.178,0.1787,1356267.1
1743458400000,2025-04-01 00:00:00,0.1787,0.1807,0.1775,0.1798,1337595.4
1743465600000,2025-04-01 02:00:00,0.1798,0.1812,0.1789,0.1795,1983451.3
1743472800000,2025-04-01 04:00:00,0.1795,0.1829,0.1795,0.1821,1816134.1
1743480000000,2025-04-01 06:00:00,0.1821,0.183,0.1806,0.1813,1479873.8
1743487200000,2025-04-01 08:00:00,0.1813,0.1843,0.1807,0.1831,2436182.2
1743494400000,2025-04-01 10:00:00,0.1831,0.1907,0.183,0.1897,5940598.7
1743501600000,2025-04-01 12:00:00,0.1897,0.1902,0.185,0.1858,4947427.0
1743508800000,2025-04-01 14:00:00,0.1858,0.1889,0.1855,0.188,3736635.8
1743516000000,2025-04-01 16:00:00,0.188,0.1932,0.1838,0.1928,6500383.4
1743523200000,2025-04-01 18:00:00,0.1928,0.1935,0.1901,0.1905,3084619.0
1743530400000,2025-04-01 20:00:00,0.1905,0.1906,0.1878,0.1884,2557028.0
1743537600000,2025-04-01 22:00:00,0.1884,0.191,0.1872,0.1894,2040772.1
1743544800000,2025-04-02 00:00:00,0.1894,0.191,0.1884,0.1888,1340764.8
1743552000000,2025-04-02 02:00:00,0.1888,0.1892,0.1854,0.1859,2414536.8
1743559200000,2025-04-02 04:00:00,0.1859,0.1864,0.1828,0.1852,3150663.5
1743566400000,2025-04-02 06:00:00,0.1852,0.1862,0.1823,0.1826,2206861.6
1743573600000,2025-04-02 08:00:00,0.1826,0.1869,0.1822,0.1852,5851613.6
1743580800000,2025-04-02 10:00:00,0.1852,0.1891,0.1847,0.1879,3274344.0
1743588000000,2025-04-02 12:00:00,0.1879,0.1892,0.1859,0.1861,1766507.4
1743595200000,2025-04-02 14:00:00,0.1861,0.189,0.1835,0.1865,9839597.6
1743602400000,2025-04-02 16:00:00,0.1865,0.1956,0.1862,0.1934,13692393.8
1743609600000,2025-04-02 18:00:00,0.1934,0.1946,0.1888,0.1899,3958058.8
1743616800000,2025-04-02 20:00:00,0.1899,0.1915,0.189,0.1912,4057778.8
1743624000000,2025-04-02 22:00:00,0.1912,0.1954,0.1834,0.185,19978970.6
1743631200000,2025-04-03 00:00:00,0.185,0.1851,0.1734,0.1767,10538899.6
1743638400000,2025-04-03 02:00:00,0.1767,0.1809,0.175,0.1799,4330591.6
1743645600000,2025-04-03 04:00:00,0.1799,0.1814,0.179,0.1797,3090483.6
1743652800000,2025-04-03 06:00:00,0.1797,0.1805,0.1781,0.1781,2498282.6
1743660000000,2025-04-03 08:00:00,0.1781,0.1786,0.1754,0.1772,2346229.0
1743667200000,2025-04-03 10:00:00,0.1772,0.1784,0.1763,0.1765,1655751.4
1743674400000,2025-04-03 12:00:00,0.1765,0.1767,0.1722,0.1738,5189327.1
1743681600000,2025-04-03 14:00:00,0.1738,0.1743,0.1678,0.1713,11047869.3
1743688800000,2025-04-03 16:00:00,0.1713,0.172,0.1681,0.1716,5693512.7
1743696000000,2025-04-03 18:00:00,0.1716,0.1725,0.1704,0.1722,2844475.7
1743703200000,2025-04-03 20:00:00,0.1722,0.1762,0.1716,0.1758,2809845.9
1743710400000,2025-04-03 22:00:00,0.1758,0.1811,0.1758,0.1805,6466845.7
1743717600000,2025-04-04 00:00:00,0.1805,0.1811,0.1784,0.1807,2416777.2
1743724800000,2025-04-04 02:00:00,0.1807,0.1822,0.1783,0.1787,3223578.2
1743732000000,2025-04-04 04:00:00,0.1787,0.1822,0.1781,0.1789,1828765.4
1743739200000,2025-04-04 06:00:00,0.1789,0.1811,0.1775,0.1811,2839884.8
1743746400000,2025-04-04 08:00:00,0.1811,0.1854,0.1808,0.1846,6601957.6
1743753600000,2025-04-04 10:00:00,0.1846,0.1875,0.1843,0.1865,9705852.1
1743760800000,2025-04-04 12:00:00,0.1865,0.1872,0.1759,0.179,14978495.6
1743768000000,2025-04-04 14:00:00,0.179,0.1867,0.1776,0.1857,20723852.7
1743775200000,2025-04-04 16:00:00,0.1857,0.1925,0.1834,0.1873,19937254.4
1743782400000,2025-04-04 18:00:00,0.1873,0.1908,0.1857,0.1894,8107080.8
1743789600000,2025-04-04 20:00:00,0.1894,0.1902,0.1872,0.1879,6688725.8
1743796800000,2025-04-04 22:00:00,0.1879,0.1904,0.1857,0.1879,5348894.0
1743804000000,2025-04-05 00:00:00,0.1879,0.1882,0.1847,0.1862,5725988.5
1743811200000,2025-04-05 02:00:00,0.1862,0.1889,0.1856,0.1871,2848406.9
1743818400000,2025-04-05 04:00:00,0.1871,0.1873,0.1853,0.1862,3020506.3
1743825600000,2025-04-05 06:00:00,0.1862,0.1877,0.1859,0.1868,1068856.6
1743832800000,2025-04-05 08:00:00,0.1868,0.1892,0.1851,0.1881,3421953.3
1743840000000,2025-04-05 10:00:00,0.1881,0.1899,0.1869,0.188,17430919.8
1743847200000,2025-04-05 12:00:00,0.188,0.1886,0.1862,0.1868,3894694.5
1743854400000,2025-04-05 14:00:00,0.1868,0.1873,0.182,0.1823,13227295.9
1743861600000,2025-04-05 16:00:00,0.1823,0.1836,0.1805,0.1813,6348333.8
1743868800000,2025-04-05 18:00:00,0.1813,0.1826,0.181,0.1816,3103195.5
1743876000000,2025-04-05 20:00:00,0.1816,0.1836,0.181,0.1811,2459784.2
1743883200000,2025-04-05 22:00:00,0.1811,0.1819,0.18,0.1806,2438000.2
1743890400000,2025-04-06 00:00:00,0.1806,0.1834,0.1805,0.1829,1276102.8
1743897600000,2025-04-06 02:00:00,0.1829,0.185,0.1818,0.1838,2195959.2
1743904800000,2025-04-06 04:00:00,0.1838,0.1845,0.1814,0.1817,2940732.5
1743912000000,2025-04-06 06:00:00,0.1817,0.1829,0.1807,0.1826,2279035.6
1743919200000,2025-04-06 08:00:00,0.1826,0.1829,0.1793,0.1799,3055181.9
1743926400000,2025-04-06 10:00:00,0.1799,0.1809,0.1783,0.1795,3380576.6
1743933600000,2025-04-06 12:00:00,0.1795,0.1796,0.1772,0.178,2662084.1
1743940800000,2025-04-06 14:00:00,0.178,0.1782,0.1733,0.174,23981682.6
1743948000000,2025-04-06 16:00:00,0.174,0.1772,0.1732,0.1765,6923051.4
1743955200000,2025-04-06 18:00:00,0.1765,0.1772,0.1709,0.1711,8997374.9
1743962400000,2025-04-06 20:00:00,0.1711,0.1711,0.1639,0.1658,17912994.1
1743969600000,2025-04-06 22:00:00,0.1658,0.1667,0.1609,0.1628,9749684.5
1743976800000,2025-04-07 00:00:00,0.1628,0.1654,0.1578,0.1621,7701867.1
1743984000000,2025-04-07 02:00:00,0.1621,0.1653,0.1584,0.1632,5099042.1
1743991200000,2025-04-07 04:00:00,0.1632,0.1636,0.1537,0.1561,6714379.9
1743998400000,2025-04-07 06:00:00,0.1561,0.1582,0.1541,0.1557,7899763.2
1744005600000,2025-04-07 08:00:00,0.1557,0.1575,0.1459,0.1497,22235253.7
1744012800000,2025-04-07 10:00:00,0.1497,0.1585,0.1489,0.1558,8373906.0
1744020000000,2025-04-07 12:00:00,0.1558,0.1597,0.1555,0.1561,4115546.0
1744027200000,2025-04-07 14:00:00,0.1561,0.165,0.155,0.1644,15532210.5
1744034400000,2025-04-07 16:00:00,0.1644,0.175,0.1628,0.1658,27555532.8
1744041600000,2025-04-07 18:00:00,0.1658,0.1695,0.163,0.1689,4591673.4
1744048800000,2025-04-07 20:00:00,0.1689,0.169,0.1646,0.1649,4075061.1
1744056000000,2025-04-07 22:00:00,0.1649,0.1695,0.1649,0.1671,6033222.1
1744063200000,2025-04-08 00:00:00,0.1671,0.1691,0.1663,0.1664,1868342.2
1744070400000,2025-04-08 02:00:00,0.1664,0.1712,0.1653,0.1702,3282517.1
1744077600000,2025-04-08 04:00:00,0.1702,0.1715,0.168,0.1684,2056048.1
1744084800000,2025-04-08 06:00:00,0.1684,0.1697,0.1668,0.1674,2314503.2
1744092000000,2025-04-08 08:00:00,0.1674,0.1675,0.1656,0.167,3009106.6
1744099200000,2025-04-08 10:00:00,0.167,0.1675,0.165,0.1661,3056568.2
1744106400000,2025-04-08 12:00:00,0.1661,0.1723,0.1659,0.1719,5618581.2
1744113600000,2025-04-08 14:00:00,0.1719,0.1735,0.1694,0.1721,9236737.4
1744120800000,2025-04-08 16:00:00,0.1721,0.1734,0.1662,0.1669,4342782.9
1744128000000,2025-04-08 18:00:00,0.1669,0.1671,0.1574,0.1601,16071341.9
1744135200000,2025-04-08 20:00:00,0.1601,0.1627,0.1571,0.1582,8175461.7
1744142400000,2025-04-08 22:00:00,0.1582,0.1586,0.1528,0.1555,24795955.4
1744149600000,2025-04-09 00:00:00,0.1555,0.1556,0.1531,0.1548,4357243.5
1744156800000,2025-04-09 02:00:00,0.1548,0.1559,0.1485,0.155,14959513.9
1744164000000,2025-04-09 04:00:00,0.155,0.1569,0.1513,0.1526,10038160.9
1744171200000,2025-04-09 06:00:00,0.1526,0.1586,0.1523,0.1581,5598628.6
1744178400000,2025-04-09 08:00:00,0.1581,0.1618,0.158,0.16,6546365.2
1744185600000,2025-04-09 10:00:00,0.16,0.1607,0.1588,0.1593,2447541.3
1744192800000,2025-04-09 12:00:00,0.1593,0.1598,0.1547,0.156,9220084.8
1744200000000,2025-04-09 14:00:00,0.156,0.1589,0.1552,0.1574,76588663.2
1744207200000,2025-04-09 16:00:00,0.1574,0.1618,0.1573,0.1595,17029488.3
1744214400000,2025-04-09 18:00:00,0.1595,0.1782,0.1593,0.1778,25848904.3
1744221600000,2025-04-09 20:00:00,0.1778,0.1797,0.1755,0.1787,12138410.9
1744228800000,2025-04-09 22:00:00,0.1787,0.1829,0.1785,0.182,6446183.4
1744236000000,2025-04-10 00:00:00,0.182,0.1846,0.18,0.1801,7752383.0
1744243200000,2025-04-10 02:00:00,0.1801,0.1816,0.1776,0.1779,4658091.0
1744250400000,2025-04-10 04:00:00,0.1779,0.1789,0.1738,0.1759,3692665.6
1744257600000,2025-04-10 06:00:00,0.1759,0.1781,0.1735,0.1774,4962607.6
1744264800000,2025-04-10 08:00:00,0.1774,0.1786,0.1746,0.1762,3148183.4
1744272000000,2025-04-10 10:00:00,0.1762,0.178,0.1749,0.1775,4556775.8
1744279200000,2025-04-10 12:00:00,0.1775,0.1779,0.1751,0.1762,2736793.3
1744286400000,2025-04-10 14:00:00,0.1762,0.1812,0.1755,0.1769,14316004.7
1744293600000,2025-04-10 16:00:00,0.1769,0.1802,0.1703,0.1711,10855788.2
1744300800000,2025-04-10 18:00:00,0.1711,0.1737,0.1697,0.1734,9897730.0
1744308000000,2025-04-10 20:00:00,0.1734,0.1756,0.1732,0.1746,3307224.5
1744315200000,2025-04-10 22:00:00,0.1746,0.1777,0.1744,0.1762,1386463.2
1744322400000,2025-04-11 00:00:00,0.1762,0.1767,0.1743,0.1765,3639698.7
1744329600000,2025-04-11 02:00:00,0.1765,0.1784,0.1751,0.1784,3483180.4
1744336800000,2025-04-11 04:00:00,0.1784,0.1807,0.1775,0.1801,2604945.3
1744344000000,2025-04-11 06:00:00,0.1801,0.1815,0.1781,0.1789,3342797.0
1744351200000,2025-04-11 08:00:00,0.1789,0.1813,0.1783,0.1808,4312467.5
1744358400000,2025-04-11 10:00:00,0.1808,0.184,0.1795,0.1838,6990614.8
1744365600000,2025-04-11 12:00:00,0.1838,0.1858,0.1807,0.1811,8363949.0
1744372800000,2025-04-11 14:00:00,0.1811,0.1838,0.1798,0.1837,8348626.9
1744380000000,2025-04-11 16:00:00,0.1837,0.1837,0.1799,0.1823,12830412.8
1744387200000,2025-04-11 18:00:00,0.1823,0.1849,0.1809,0.1843,5882643.5
1744394400000,2025-04-11 20:00:00,0.1843,0.1856,0.1822,0.1826,3453711.8
1744401600000,2025-04-11 22:00:00,0.1826,0.1841,0.1814,0.1822,2609309.8
1744408800000,2025-04-12 00:00:00,0.1822,0.1827,0.1795,0.1796,4194277.0
1744416000000,2025-04-12 02:00:00,0.1796,0.1804,0.1784,0.1787,7077676.5
1744423200000,2025-04-12 04:00:00,0.1787,0.1787,0.1771,0.1776,3095710.0
1744430400000,2025-04-12 06:00:00,0.1776,0.1804,0.1768,0.1801,2929545.9
1744437600000,2025-04-12 08:00:00,0.1801,0.1832,0.18,0.1829,3864774.5
1744444800000,2025-04-12 10:00:00,0.1829,0.1848,0.1819,0.1823,4266694.9
1744452000000,2025-04-12 12:00:00,0.1823,0.1855,0.1808,0.1839,4858093.0
1744459200000,2025-04-12 14:00:00,0.1839,0.1977,0.1835,0.1953,45486295.6
1744466400000,2025-04-12 16:00:00,0.1953,0.196,0.1908,0.1914,17802466.5
1744473600000,2025-04-12 18:00:00,0.1914,0.1925,0.1867,0.1869,6646950.9
1744480800000,2025-04-12 20:00:00,0.1869,0.1896,0.1868,0.1885,4834630.1
1744488000000,2025-04-12 22:00:00,0.1885,0.1915,0.1885,0.1906,4079920.5
1744495200000,2025-04-13 00:00:00,0.1906,0.1922,0.19,0.1908,2367631.1
1744502400000,2025-04-13 02:00:00,0.1908,0.1916,0.188,0.1885,3406561.9
1744509600000,2025-04-13 04:00:00,0.1885,0.1889,0.1873,0.1883,1373017.2
1744516800000,2025-04-13 06:00:00,0.1883,0.1883,0.1856,0.1864,2079063.8
1744524000000,2025-04-13 08:00:00,0.1864,0.1874,0.1858,0.1863,1657923.5
1744531200000,2025-04-13 10:00:00,0.1863,0.191,0.1854,0.1909,3010434.4
1744538400000,2025-04-13 12:00:00,0.1909,0.1916,0.1866,0.1873,3118691.8
1744545600000,2025-04-13 14:00:00,0.1873,0.1884,0.1833,0.1837,6145884.6
1744552800000,2025-04-13 16:00:00,0.1837,0.1851,0.1831,0.1845,5643848.2
1744560000000,2025-04-13 18:00:00,0.1845,0.1904,0.1844,0.1892,4266190.5
1744567200000,2025-04-13 20:00:00,0.1892,0.1907,0.1815,0.1836,8881448.9
1744574400000,2025-04-13 22:00:00,0.1836,0.1862,0.18,0.1818,4613766.8
1744581600000,2025-04-14 00:00:00,0.1818,0.183,0.1793,0.1826,3446573.0
1744588800000,2025-04-14 02:00:00,0.1826,0.1877,0.1824,0.1831,4101642.0
1744596000000,2025-04-14 04:00:00,0.1831,0.1896,0.1828,0.1856,3295876.1
1744603200000,2025-04-14 06:00:00,0.1856,0.1894,0.1849,0.1886,2814348.2
1744610400000,2025-04-14 08:00:00,0.1886,0.1889,0.1846,0.1883,3679402.1
1744617600000,2025-04-14 10:00:00,0.1883,0.1909,0.1868,0.1873,6264540.0
1744624800000,2025-04-14 12:00:00,0.1873,0.1925,0.1871,0.1917,6174018.0
1744632000000,2025-04-14 14:00:00,0.1917,0.1964,0.1908,0.1931,32452965.9
1744639200000,2025-04-14 16:00:00,0.1931,0.2001,0.1882,0.1895,27079026.9
1744646400000,2025-04-14 18:00:00,0.1895,0.1937,0.1888,0.1929,8058792.2
1744653600000,2025-04-14 20:00:00,0.1929,0.1939,0.1911,0.192,3071132.4
1744660800000,2025-04-14 22:00:00,0.192,0.1931,0.1886,0.1905,3906651.2
1744668000000,2025-04-15 00:00:00,0.1905,0.1914,0.188,0.1889,4927518.6
1744675200000,2025-04-15 02:00:00,0.1889,0.1942,0.1874,0.1933,6954162.3
1744682400000,2025-04-15 04:00:00,0.1933,0.199,0.1909,0.1984,6360399.2
1744689600000,2025-04-15 06:00:00,0.1984,0.1988,0.1932,0.1939,12679116.8
1744696800000,2025-04-15 08:00:00,0.1939,0.1947,0.1914,0.1935,8885198.9
1744704000000,2025-04-15 10:00:00,0.1935,0.1937,0.1887,0.1927,21594956.2
1744711200000,2025-04-15 12:00:00,0.1927,0.193,0.189,0.1893,6322505.3
1744718400000,2025-04-15 14:00:00,0.1893,0.1917,0.1877,0.1878,8284517.5
1744725600000,2025-04-15 16:00:00,0.1878,0.1883,0.1831,0.1846,10024675.2
1744732800000,2025-04-15 18:00:00,0.1846,0.1855,0.1823,0.183,4046209.0
1744740000000,2025-04-15 20:00:00,0.183,0.1836,0.181,0.1814,3746008.5
1744747200000,2025-04-15 22:00:00,0.1814,0.1829,0.1794,0.1816,4063632.4
1744754400000,2025-04-16 00:00:00,0.1816,0.1816,0.1783,0.1794,3792805.8
1744761600000,2025-04-16 02:00:00,0.1794,0.1835,0.1777,0.1826,4436520.3
1744768800000,2025-04-16 04:00:00,0.1826,0.1852,0.1821,0.183,4070266.9
1744776000000,2025-04-16 06:00:00,0.183,0.1844,0.181,0.1816,3476249.2
1744783200000,2025-04-16 08:00:00,0.1816,0.1822,0.1782,0.1789,5462470.0
1744790400000,2025-04-16 10:00:00,0.1789,0.1828,0.1772,0.1785,6503208.3
1744797600000,2025-04-16 12:00:00,0.1785,0.1817,0.1783,0.1802,6207876.5
1744804800000,2025-04-16 14:00:00,0.1802,0.1808,0.1768,0.1769,7023514.9
1744812000000,2025-04-16 16:00:00,0.1769,0.1833,0.1768,0.181,29462644.2
1744819200000,2025-04-16 18:00:00,0.181,0.1837,0.177,0.1773,13326329.2
1744826400000,2025-04-16 20:00:00,0.1773,0.1846,0.1772,0.1838,7945773.3
1744833600000,2025-04-16 22:00:00,0.1838,0.1856,0.1805,0.1834,6022078.8
1744840800000,2025-04-17 00:00:00,0.1834,0.1847,0.1808,0.181,3435975.7
1744848000000,2025-04-17 02:00:00,0.181,0.1831,0.18,0.1813,2192505.9
1744855200000,2025-04-17 04:00:00,0.1813,0.1814,0.179,0.1807,1636975.3
1744862400000,2025-04-17 06:00:00,0.1807,0.1841,0.18,0.1833,2047249.9
1744869600000,2025-04-17 08:00:00,0.1833,0.1858,0.1823,0.1845,3016156.3
1744876800000,2025-04-17 10:00:00,0.1845,0.1847,0.1821,0.183,1681161.0
1744884000000,2025-04-17 12:00:00,0.183,0.1836,0.1811,0.183,2248129.6
1744891200000,2025-04-17 14:00:00,0.183,0.1851,0.1825,0.1829,4143946.8
1744898400000,2025-04-17 16:00:00,0.1829,0.1844,0.1795,0.1835,8886784.5
1744905600000,2025-04-17 18:00:00,0.1835,0.1884,0.1832,0.187,6232167.1
1744912800000,2025-04-17 20:00:00,0.187,0.1897,0.1849,0.1864,5376355.2
1744920000000,2025-04-17 22:00:00,0.1864,0.1894,0.1863,0.1877,5863960.8
1744927200000,2025-04-18 00:00:00,0.1877,0.1894,0.1859,0.1869,6255747.4
1744934400000,2025-04-18 02:00:00,0.1869,0.1887,0.1849,0.187,8372970.0
1744941600000,2025-04-18 04:00:00,0.187,0.1891,0.1862,0.1871,5909243.9
1744948800000,2025-04-18 06:00:00,0.1871,0.1908,0.1862,0.1906,4917949.8
1744956000000,2025-04-18 08:00:00,0.1906,0.1922,0.1892,0.1909,6577065.4
1744963200000,2025-04-18 10:00:00,0.1909,0.1923,0.1896,0.1912,4842386.2
1744970400000,2025-04-18 12:00:00,0.1912,0.1924,0.1907,0.1916,5694101.7
1744977600000,2025-04-18 14:00:00,0.1916,0.1923,0.1899,0.1909,2982098.1
1744984800000,2025-04-18 16:00:00,0.1909,0.1916,0.1878,0.1886,4444253.3
1744992000000,2025-04-18 18:00:00,0.1886,0.1911,0.1882,0.1905,2127483.2
1744999200000,2025-04-18 20:00:00,0.1905,0.1908,0.1895,0.1903,1425610.3
1745006400000,2025-04-18 22:00:00,0.1903,0.1919,0.1902,0.1914,3301192.7
1745013600000,2025-04-19 00:00:00,0.1914,0.1914,0.1889,0.1893,3305229.0
1745020800000,2025-04-19 02:00:00,0.1893,0.1921,0.1891,0.1917,4734287.4
1745028000000,2025-04-19 04:00:00,0.1917,0.1941,0.1916,0.1927,2638888.8
1745035200000,2025-04-19 06:00:00,0.1927,0.1945,0.1926,0.1936,1693928.6
1745042400000,2025-04-19 08:00:00,0.1936,0.1938,0.192,0.1931,1496509.3
1745049600000,2025-04-19 10:00:00,0.1931,0.1937,0.192,0.1921,1637323.9
1745056800000,2025-04-19 12:00:00,0.1921,0.1926,0.191,0.1914,3228240.1
1745064000000,2025-04-19 14:00:00,0.1914,0.192,0.1899,0.1917,2368252.9
1745071200000,2025-04-19 16:00:00,0.1917,0.1921,0.1892,0.1903,3960415.5
1745078400000,2025-04-19 18:00:00,0.1903,0.1924,0.1893,0.1921,1674787.7
1745085600000,2025-04-19 20:00:00,0.1921,0.1938,0.1917,0.1927,3047074.8
1745092800000,2025-04-19 22:00:00,0.1927,0.1943,0.1919,0.1936,4013793.6
1745100000000,2025-04-20 00:00:00,0.1936,0.1941,0.1926,0.1928,942351.2
1745107200000,2025-04-20 02:00:00,0.1928,0.1936,0.1924,0.1935,1210997.2
1745114400000,2025-04-20 04:00:00,0.1935,0.1936,0.1914,0.1919,2542544.2
1745121600000,2025-04-20 06:00:00,0.1919,0.1943,0.1919,0.1927,5175848.2
1745128800000,2025-04-20 08:00:00,0.1927,0.1927,0.1893,0.1904,4141257.2
1745136000000,2025-04-20 10:00:00,0.1904,0.1923,0.1898,0.1922,2013629.1
1745143200000,2025-04-20 12:00:00,0.1922,0.1923,0.1888,0.1902,5325578.5
1745150400000,2025-04-20 14:00:00,0.1902,0.1916,0.1892,0.1902,1330585.3
1745157600000,2025-04-20 16:00:00,0.1902,0.1919,0.1896,0.1903,1498600.0
1745164800000,2025-04-20 18:00:00,0.1903,0.1944,0.19,0.1937,4298762.6
1745172000000,2025-04-20 20:00:00,0.1937,0.1954,0.193,0.1949,5341727.7
1745179200000,2025-04-20 22:00:00,0.1949,0.1963,0.1934,0.1941,3207862.7
1745186400000,2025-04-21 00:00:00,0.1941,0.1941,0.191,0.193,3493416.6
1745193600000,2025-04-21 02:00:00,0.193,0.1991,0.1927,0.1985,5857057.7
1745200800000,2025-04-21 04:00:00,0.1985,0.1994,0.1969,0.1971,2948925.8
1745208000000,2025-04-21 06:00:00,0.1971,0.2014,0.1968,0.2005,2876220.3
1745215200000,2025-04-21 08:00:00,0.2005,0.2035,0.2004,0.2015,5643731.0
1745222400000,2025-04-21 10:00:00,0.2015,0.2033,0.2005,0.2012,2990357.1
1745229600000,2025-04-21 12:00:00,0.2012,0.2015,0.1971,0.1982,5741546.2
1745236800000,2025-04-21 14:00:00,0.1982,0.1999,0.1978,0.1983,8117389.9
1745244000000,2025-04-21 16:00:00,0.1983,0.2024,0.1977,0.1984,8357736.8
1745251200000,2025-04-21 18:00:00,0.1984,0.1987,0.1913,0.1932,11865964.2
1745258400000,2025-04-21 20:00:00,0.1932,0.1942,0.1916,0.1941,3441524.7
1745265600000,2025-04-21 22:00:00,0.1941,0.1947,0.1928,0.1933,2065172.4
1745272800000,2025-04-22 00:00:00,0.1933,0.1939,0.1915,0.1928,2686909.0
1745280000000,2025-04-22 02:00:00,0.1928,0.1945,0.189,0.1938,7945055.7
1745287200000,2025-04-22 04:00:00,0.1938,0.1948,0.1911,0.1917,2782548.5
1745294400000,2025-04-22 06:00:00,0.1917,0.1922,0.1893,0.1901,2200510.1
1745301600000,2025-04-22 08:00:00,0.1901,0.1943,0.1897,0.193,4732358.1
1745308800000,2025-04-22 10:00:00,0.193,0.1946,0.1918,0.1927,6815735.1
1745316000000,2025-04-22 12:00:00,0.1927,0.1954,0.1925,0.1948,4070315.2
1745323200000,2025-04-22 14:00:00,0.1948,0.1997,0.1945,0.1985,9752695.9
1745330400000,2025-04-22 16:00:00,0.1985,0.2042,0.1973,0.2017,16476212.2
1745337600000,2025-04-22 18:00:00,0.2017,0.2029,0.2,0.2021,12672417.3
1745344800000,2025-04-22 20:00:00,0.2021,0.2025,0.2,0.2011,5378913.3
1745352000000,2025-04-22 22:00:00,0.2011,0.2078,0.2005,0.2073,5827057.0
1745359200000,2025-04-23 00:00:00,0.2073,0.2099,0.2067,0.2095,5003573.8
1745366400000,2025-04-23 02:00:00,0.2095,0.2109,0.2078,0.2094,4526934.7
1745373600000,2025-04-23 04:00:00,0.2094,0.2156,0.2092,0.2146,3052610.1
1745380800000,2025-04-23 06:00:00,0.2146,0.217,0.2124,0.215,4508614.9
1745388000000,2025-04-23 08:00:00,0.215,0.2177,0.2144,0.2174,5256820.4
1745395200000,2025-04-23 10:00:00,0.2174,0.2214,0.216,0.2197,5812530.4
1745402400000,2025-04-23 12:00:00,0.2197,0.2198,0.2166,0.2176,7766192.8
1745409600000,2025-04-23 14:00:00,0.2176,0.2218,0.2137,0.2143,15984508.7
1745416800000,2025-04-23 16:00:00,0.2143,0.217,0.2101,0.2144,13929464.9
1745424000000,2025-04-23 18:00:00,0.2144,0.2179,0.2128,0.2166,12583874.5
1745431200000,2025-04-23 20:00:00,0.2166,0.218,0.2119,0.2131,7603455.8
1745438400000,2025-04-23 22:00:00,0.2131,0.2148,0.2125,0.2134,2712590.8
1745445600000,2025-04-24 00:00:00,0.2134,0.2151,0.2128,0.2135,1626778.0
1745452800000,2025-04-24 02:00:00,0.2135,0.2147,0.2111,0.2132,3501501.4
1745460000000,2025-04-24 04:00:00,0.2132,0.2139,0.2086,0.2089,3320822.0
1745467200000,2025-04-24 06:00:00,0.2089,0.212,0.2088,0.2112,2619758.4
1745474400000,2025-04-24 08:00:00,0.2112,0.2131,0.2093,0.2096,2506686.4
1745481600000,2025-04-24 10:00:00,0.2096,0.2107,0.2063,0.2106,3466549.7
1745488800000,2025-04-24 12:00:00,0.2106,0.2132,0.2099,0.2119,4122811.5
1745496000000,2025-04-24 14:00:00,0.2119,0.2193,0.2108,0.2173,7751074.1
1745503200000,2025-04-24 16:00:00,0.2173,0.2257,0.2172,0.2234,15916625.2
1745510400000,2025-04-24 18:00:00,0.2234,0.2254,0.2195,0.2214,7671443.5
1745517600000,2025-04-24 20:00:00,0.2214,0.2259,0.2205,0.2234,8837919.6
1745524800000,2025-04-24 22:00:00,0.2234,0.2238,0.2198,0.2214,5507860.6
1745532000000,2025-04-25 00:00:00,0.2214,0.2258,0.2207,0.2255,4874611.6
1745539200000,2025-04-25 02:00:00,0.2255,0.2276,0.2235,0.2236,3994234.9
1745546400000,2025-04-25 04:00:00,0.2236,0.2244,0.2205,0.2234,3524619.9
1745553600000,2025-04-25 06:00:00,0.2234,0.2246,0.2222,0.2243,1922415.8
1745560800000,2025-04-25 08:00:00,0.2243,0.2302,0.224,0.2292,5552634.5
1745568000000,2025-04-25 10:00:00,0.2292,0.2324,0.2284,0.2313,6091493.2
1745575200000,2025-04-25 12:00:00,0.2313,0.2316,0.2273,0.2302,5156843.6
1745582400000,2025-04-25 14:00:00,0.2302,0.2334,0.2259,0.2287,8320456.4
1745589600000,2025-04-25 16:00:00,0.2287,0.2335,0.2287,0.2297,10489411.5
1745596800000,2025-04-25 18:00:00,0.2297,0.2319,0.2265,0.2284,6110938.1
1745604000000,2025-04-25 20:00:00,0.2284,0.2306,0.2268,0.2284,3676773.2
1745611200000,2025-04-25 22:00:00,0.2284,0.2294,0.2261,0.2268,2495725.0
1745618400000,2025-04-26 00:00:00,0.2268,0.2299,0.2268,0.2275,2666661.7
1745625600000,2025-04-26 02:00:00,0.2275,0.2341,0.2275,0.2336,4775993.6
1745632800000,2025-04-26 04:00:00,0.2336,0.2346,0.2323,0.2331,2043073.6
1745640000000,2025-04-26 06:00:00,0.2331,0.2341,0.2299,0.2325,3714687.4
1745647200000,2025-04-26 08:00:00,0.2325,0.2388,0.2322,0.2348,4689701.3
1745654400000,2025-04-26 10:00:00,0.2348,0.2375,0.2287,0.2301,9181249.1
1745661600000,2025-04-26 12:00:00,0.2301,0.2321,0.2273,0.2277,4219640.6
1745668800000,2025-04-26 14:00:00,0.2277,0.2294,0.2262,0.2279,4370897.3
1745676000000,2025-04-26 16:00:00,0.2279,0.2324,0.226,0.2317,4417205.6
1745683200000,2025-04-26 18:00:00,0.2317,0.232,0.2294,0.2304,2587171.2
1745690400000,2025-04-26 20:00:00,0.2304,0.2304,0.2277,0.2288,3120119.1
1745697600000,2025-04-26 22:00:00,0.2288,0.2298,0.2273,0.228,1651062.6
1745704800000,2025-04-27 00:00:00,0.228,0.23,0.2279,0.2283,1070279.2
1745712000000,2025-04-27 02:00:00,0.2283,0.2304,0.2225,0.2228,4314103.7
1745719200000,2025-04-27 04:00:00,0.2228,0.2252,0.2222,0.2246,1588202.0
1745726400000,2025-04-27 06:00:00,0.2246,0.2258,0.2212,0.223,2080178.7
1745733600000,2025-04-27 08:00:00,0.223,0.2247,0.223,0.2237,1650068.9
1745740800000,2025-04-27 10:00:00,0.2237,0.225,0.2226,0.2236,2369893.6
1745748000000,2025-04-27 12:00:00,0.2236,0.2239,0.2216,0.2217,1183622.8
1745755200000,2025-04-27 14:00:00,0.2217,0.2258,0.22,0.2229,7177134.7
1745762400000,2025-04-27 16:00:00,0.2229,0.2236,0.2196,0.2206,3654394.4
1745769600000,2025-04-27 18:00:00,0.2206,0.2209,0.2181,0.2201,4169001.0
1745776800000,2025-04-27 20:00:00,0.2201,0.2246,0.22,0.2245,5261258.5
1745784000000,2025-04-27 22:00:00,0.2245,0.2271,0.2208,0.2253,6632022.7
1745791200000,2025-04-28 00:00:00,0.2253,0.2253,0.2205,0.2212,5756595.1
1745798400000,2025-04-28 02:00:00,0.2212,0.2216,0.2149,0.2162,6544159.9
1745805600000,2025-04-28 04:00:00,0.2162,0.225,0.2158,0.2237,4463022.7
1745812800000,2025-04-28 06:00:00,0.2237,0.2262,0.2234,0.2248,2986178.4
1745820000000,2025-04-28 08:00:00,0.2248,0.2326,0.2247,0.2324,4961574.5
1745827200000,2025-04-28 10:00:00,0.2324,0.2351,0.23,0.2301,5295986.6
1745834400000,2025-04-28 12:00:00,0.2301,0.2356,0.2287,0.2316,10358151.3
1745841600000,2025-04-28 14:00:00,0.2316,0.2318,0.2256,0.2258,7026217.2
1745848800000,2025-04-28 16:00:00,0.2258,0.2297,0.2211,0.2221,8719388.6
1745856000000,2025-04-28 18:00:00,0.2221,0.2283,0.2205,0.2282,7451800.9
1745863200000,2025-04-28 20:00:00,0.2282,0.2313,0.2276,0.2303,4354822.3
1745870400000,2025-04-28 22:00:00,0.2303,0.2307,0.2285,0.2307,2353693.7
1745877600000,2025-04-29 00:00:00,0.2307,0.2318,0.2296,0.2305,1801538.7
1745884800000,2025-04-29 02:00:00,0.2305,0.2348,0.2295,0.2319,4433774.7
1745892000000,2025-04-29 04:00:00,0.2319,0.2321,0.2288,0.232,3143359.7
1745899200000,2025-04-29 06:00:00,0.232,0.2329,0.2282,0.2294,2107316.4
1745906400000,2025-04-29 08:00:00,0.2294,0.2349,0.2294,0.2347,4168117.3
1745913600000,2025-04-29 10:00:00,0.2347,0.2357,0.2322,0.233,2607631.2
1745920800000,2025-04-29 12:00:00,0.233,0.234,0.231,0.2312,2209043.2
1745928000000,2025-04-29 14:00:00,0.2312,0.2319,0.2276,0.2301,3818631.2
1745935200000,2025-04-29 16:00:00,0.2301,0.234,0.2291,0.2317,7466969.7
1745942400000,2025-04-29 18:00:00,0.2317,0.236,0.2316,0.2337,4442176.9
1745949600000,2025-04-29 20:00:00,0.2337,0.2354,0.2324,0.2324,1916987.5
1745956800000,2025-04-29 22:00:00,0.2324,0.2331,0.228,0.2297,4584904.5
1745964000000,2025-04-30 00:00:00,0.2297,0.2297,0.223,0.2263,3995618.3
1745971200000,2025-04-30 02:00:00,0.2263,0.228,0.2249,0.2269,2915037.0
1745978400000,2025-04-30 04:00:00,0.2269,0.2301,0.2262,0.2294,2529029.2
1745985600000,2025-04-30 06:00:00,0.2294,0.2305,0.2281,0.2289,2224738.4
1745992800000,2025-04-30 08:00:00,0.2289,0.2291,0.2253,0.2269,3474717.0
1746000000000,2025-04-30 10:00:00,0.2269,0.2285,0.2261,0.2282,2062493.9
1746007200000,2025-04-30 12:00:00,0.2282,0.2299,0.227,0.228,7888884.1
1746014400000,2025-04-30 14:00:00,0.228,0.2288,0.2124,0.2131,20605929.3
1746021600000,2025-04-30 16:00:00,0.2131,0.2204,0.2122,0.2194,10543832.0
1746028800000,2025-04-30 18:00:00,0.2194,0.2217,0.2148,0.2195,13017704.9
1746036000000,2025-04-30 20:00:00,0.2195,0.2221,0.2171,0.2193,5493934.4
1746043200000,2025-04-30 22:00:00,0.2193,0.2227,0.2191,0.2206,5899147.9
1746050400000,2025-05-01 00:00:00,0.2206,0.222,0.2188,0.2196,5905932.1
1746057600000,2025-05-01 02:00:00,0.2196,0.2227,0.2188,0.2209,4254751.6
1746064800000,2025-05-01 04:00:00,0.2209,0.2223,0.2187,0.2188,3135669.5
1746072000000,2025-05-01 06:00:00,0.2188,0.2199,0.2169,0.2192,4668248.1
1746079200000,2025-05-01 08:00:00,0.2192,0.2207,0.2183,0.2205,2533255.0
1746086400000,2025-05-01 10:00:00,0.2205,0.2246,0.2202,0.2238,4146588.5
1746093600000,2025-05-01 12:00:00,0.2238,0.2278,0.2238,0.2266,5237531.0
1746100800000,2025-05-01 14:00:00,0.2266,0.2275,0.2216,0.2217,6401082.1
1746108000000,2025-05-01 16:00:00,0.2217,0.2273,0.2217,0.2231,9004470.4
1746115200000,2025-05-01 18:00:00,0.2231,0.2263,0.2191,0.2204,6349504.4
1746122400000,2025-05-01 20:00:00,0.2204,0.2206,0.2154,0.2187,10327090.9
1746129600000,2025-05-01 22:00:00,0.2187,0.2199,0.2169,0.219,4036814.4
1746136800000,2025-05-02 00:00:00,0.219,0.2201,0.2167,0.2172,1847373.6
1746144000000,2025-05-02 02:00:00,0.2172,0.2211,0.2146,0.2201,6972538.3
1746151200000,2025-05-02 04:00:00,0.2201,0.2237,0.2196,0.2206,4054850.3
1746158400000,2025-05-02 06:00:00,0.2206,0.2214,0.2178,0.2184,3955764.9
1746165600000,2025-05-02 08:00:00,0.2184,0.2194,0.2157,0.2157,3297100.8
1746172800000,2025-05-02 10:00:00,0.2157,0.2178,0.2148,0.2153,6718565.4
1746180000000,2025-05-02 12:00:00,0.2153,0.2167,0.2149,0.2158,4463723.7
1746187200000,2025-05-02 14:00:00,0.2158,0.2191,0.2144,0.2189,8889647.1
1746194400000,2025-05-02 16:00:00,0.2189,0.222,0.2179,0.219,8142852.7
1746201600000,2025-05-02 18:00:00,0.219,0.221,0.2168,0.217,4375430.7
1746208800000,2025-05-02 20:00:00,0.217,0.218,0.2126,0.2138,4027494.2
1746216000000,2025-05-02 22:00:00,0.2138,0.2159,0.2126,0.2133,4274022.8
1746223200000,2025-05-03 00:00:00,0.2133,0.2155,0.2128,0.2153,2408249.8
1746230400000,2025-05-03 02:00:00,0.2153,0.2154,0.2107,0.2117,3505854.2
1746237600000,2025-05-03 04:00:00,0.2117,0.2139,0.2117,0.2128,1361053.9
1746244800000,2025-05-03 06:00:00,0.2128,0.2133,0.2115,0.2118,1116690.9
1746252000000,2025-05-03 08:00:00,0.2118,0.2118,0.2094,0.2102,2588564.1
1746259200000,2025-05-03 10:00:00,0.2102,0.2112,0.2091,0.2101,2752195.0
1746266400000,2025-05-03 12:00:00,0.2101,0.2101,0.2075,0.2081,3878557.8
1746273600000,2025-05-03 14:00:00,0.2081,0.2101,0.2074,0.2097,2441957.0
1746280800000,2025-05-03 16:00:00,0.2097,0.212,0.2092,0.2097,2880869.7
1746288000000,2025-05-03 18:00:00,0.2097,0.2098,0.204,0.2076,5549418.8
1746295200000,2025-05-03 20:00:00,0.2076,0.2097,0.2066,0.2095,1978277.8
1746302400000,2025-05-03 22:00:00,0.2095,0.2106,0.208,0.2091,1952723.0
1746309600000,2025-05-04 00:00:00,0.2091,0.2098,0.207,0.2071,3420463.7
1746316800000,2025-05-04 02:00:00,0.2071,0.2076,0.205,0.2074,2596243.1
1746324000000,2025-05-04 04:00:00,0.2074,0.2096,0.2054,0.2058,2146740.5
1746331200000,2025-05-04 06:00:00,0.2058,0.2069,0.204,0.2063,2201205.3
1746338400000,2025-05-04 08:00:00,0.2063,0.2067,0.2042,0.2051,2421969.0
1746345600000,2025-05-04 10:00:00,0.2051,0.2053,0.2019,0.2025,3094479.6
1746352800000,2025-05-04 12:00:00,0.2025,0.204,0.202,0.203,2196236.0
1746360000000,2025-05-04 14:00:00,0.203,0.2036,0.2003,0.2012,2027042.7
1746367200000,2025-05-04 16:00:00,0.2012,0.2041,0.201,0.2023,1781622.2
1746374400000,2025-05-04 18:00:00,0.2023,0.2028,0.1995,0.2014,3419228.0
1746381600000,2025-05-04 20:00:00,0.2014,0.2023,0.1993,0.2004,2169883.1
1746388800000,2025-05-04 22:00:00,0.2004,0.2021,0.2004,0.2018,1650608.3
1746396000000,2025-05-05 00:00:00,0.2018,0.2018,0.1983,0.1993,2647508.4
1746403200000,2025-05-05 02:00:00,0.1993,0.2013,0.1966,0.198,3847492.8
1746410400000,2025-05-05 04:00:00,0.198,0.2027,0.1973,0.201,3586838.8
1746417600000,2025-05-05 06:00:00,0.201,0.2046,0.201,0.2045,1767429.6
1746424800000,2025-05-05 08:00:00,0.2045,0.2051,0.2022,0.2034,2693378.9
1746432000000,2025-05-05 10:00:00,0.2034,0.2044,0.2027,0.2028,1430109.9
1746439200000,2025-05-05 12:00:00,0.2028,0.2029,0.1979,0.1987,3933141.8
1746446400000,2025-05-05 14:00:00,0.1987,0.1991,0.1962,0.1983,5948838.0
1746453600000,2025-05-05 16:00:00,0.1983,0.1995,0.1946,0.1962,4869157.0
1746460800000,2025-05-05 18:00:00,0.1962,0.1998,0.1958,0.1995,3292744.0
1746468000000,2025-05-05 20:00:00,0.1995,0.2017,0.199,0.1992,4020332.8
1746475200000,2025-05-05 22:00:00,0.1992,0.2006,0.1964,0.2,4462294.8
1746482400000,2025-05-06 00:00:00,0.2,0.2017,0.199,0.1992,1906019.0
1746489600000,2025-05-06 02:00:00,0.1992,0.2008,0.1978,0.1985,1617216.7
1746496800000,2025-05-06 04:00:00,0.1985,0.2015,0.196,0.2008,3324375.4
1746504000000,2025-05-06 06:00:00,0.2008,0.2021,0.1982,0.1984,2355629.0
1746511200000,2025-05-06 08:00:00,0.1984,0.1993,0.1972,0.1976,871743.3
1746518400000,2025-05-06 10:00:00,0.1976,0.1977,0.1947,0.1961,5883197.9
1746525600000,2025-05-06 12:00:00,0.1961,0.1962,0.1915,0.1925,8287207.0
1746532800000,2025-05-06 14:00:00,0.1925,0.1935,0.1908,0.192,6282998.8
1746540000000,2025-05-06 16:00:00,0.192,0.1964,0.192,0.1939,5884672.8
1746547200000,2025-05-06 18:00:00,0.1939,0.1962,0.1926,0.1947,5086001.3
1746554400000,2025-05-06 20:00:00,0.1947,0.1972,0.1943,0.1959,3640192.4
1746561600000,2025-05-06 22:00:00,0.1959,0.1964,0.1913,0.1936,4245045.2
1746568800000,2025-05-07 00:00:00,0.1936,0.1998,0.1935,0.1992,7748704.0
1746576000000,2025-05-07 02:00:00,0.1992,0.2016,0.1984,0.2003,4220929.9
1746583200000,2025-05-07 04:00:00,0.2003,0.2003,0.1967,0.1986,2967663.4
1746590400000,2025-05-07 06:00:00,0.1986,0.2,0.1982,0.1987,2731521.8
1746597600000,2025-05-07 08:00:00,0.1987,0.2012,0.1981,0.2011,3086335.1
1746604800000,2025-05-07 10:00:00,0.2011,0.2014,0.1997,0.2004,1861317.8
1746612000000,2025-05-07 12:00:00,0.2004,0.2005,0.1986,0.1999,1953239.7
1746619200000,2025-05-07 14:00:00,0.1999,0.2023,0.1989,0.2018,6281086.7
1746626400000,2025-05-07 16:00:00,0.2018,0.2028,0.1969,0.1973,7124035.4
1746633600000,2025-05-07 18:00:00,0.1973,0.1976,0.1943,0.1968,3085958.7
1746640800000,2025-05-07 20:00:00,0.1968,0.1988,0.1944,0.1951,9181848.8
1746648000000,2025-05-07 22:00:00,0.1951,0.1987,0.194,0.1978,3223866.6
1746655200000,2025-05-08 00:00:00,0.1978,0.1999,0.1976,0.199,2510664.7
1746662400000,2025-05-08 02:00:00,0.199,0.2029,0.1989,0.2012,3811708.0
1746669600000,2025-05-08 04:00:00,0.2012,0.2078,0.2012,0.2077,6011677.3
1746676800000,2025-05-08 06:00:00,0.2077,0.2106,0.2076,0.2086,6714256.6
1746684000000,2025-05-08 08:00:00,0.2086,0.211,0.2079,0.2099,6444126.3
1746691200000,2025-05-08 10:00:00,0.2099,0.2144,0.2098,0.2136,10385740.6
1746698400000,2025-05-08 12:00:00,0.2136,0.2141,0.2107,0.2115,5257237.3
1746705600000,2025-05-08 14:00:00,0.2115,0.2134,0.2091,0.2097,5245450.1
1746712800000,2025-05-08 16:00:00,0.2097,0.2187,0.2086,0.2158,10299362.0
1746720000000,2025-05-08 18:00:00,0.2158,0.2179,0.2153,0.2161,5878664.5
1746727200000,2025-05-08 20:00:00,0.2161,0.2191,0.2161,0.2185,4455602.3
1746734400000,2025-05-08 22:00:00,0.2185,0.2271,0.2182,0.2234,7920553.0
1746741600000,2025-05-09 00:00:00,0.2234,0.2254,0.2214,0.2254,4577065.0
1746748800000,2025-05-09 02:00:00,0.2254,0.2276,0.2236,0.2272,4226763.1
1746756000000,2025-05-09 04:00:00,0.2272,0.228,0.2231,0.2236,4404277.5
1746763200000,2025-05-09 06:00:00,0.2236,0.2263,0.2236,0.2261,2551632.3
1746770400000,2025-05-09 08:00:00,0.2261,0.234,0.2254,0.2325,7210474.9
1746777600000,2025-05-09 10:00:00,0.2325,0.239,0.23,0.2328,14843798.9
1746784800000,2025-05-09 12:00:00,0.2328,0.2403,0.2319,0.2355,15014143.8
1746792000000,2025-05-09 14:00:00,0.2355,0.238,0.2328,0.2363,16550634.2
1746799200000,2025-05-09 16:00:00,0.2363,0.2364,0.2297,0.2324,10367052.1
1746806400000,2025-05-09 18:00:00,0.2324,0.2354,0.2295,0.2353,6442531.6
1746813600000,2025-05-09 20:00:00,0.2353,0.2353,0.2313,0.2324,3423445.7
1746820800000,2025-05-09 22:00:00,0.2324,0.2358,0.2314,0.2331,5532578.6
1746828000000,2025-05-10 00:00:00,0.2331,0.2338,0.2312,0.2327,2729494.9
1746835200000,2025-05-10 02:00:00,0.2327,0.2371,0.23,0.2311,4982560.5
1746842400000,2025-05-10 04:00:00,0.2311,0.2349,0.2307,0.2345,1906521.8
1746849600000,2025-05-10 06:00:00,0.2345,0.2355,0.2316,0.2353,2786933.4
1746856800000,2025-05-10 08:00:00,0.2353,0.2386,0.2344,0.2378,3614676.2
1746864000000,2025-05-10 10:00:00,0.2378,0.2397,0.2342,0.2377,6713965.3
1746871200000,2025-05-10 12:00:00,0.2377,0.2402,0.2333,0.2341,6944295.4
1746878400000,2025-05-10 14:00:00,0.2341,0.2403,0.2341,0.2392,5855979.1
1746885600000,2025-05-10 16:00:00,0.2392,0.2408,0.2367,0.238,4997982.2
1746892800000,2025-05-10 18:00:00,0.238,0.2459,0.2377,0.2418,13117593.9
1746900000000,2025-05-10 20:00:00,0.2418,0.2427,0.2398,0.2412,4914576.9
1746907200000,2025-05-10 22:00:00,0.2412,0.2456,0.2399,0.2451,4418407.4
1746914400000,2025-05-11 00:00:00,0.2451,0.2535,0.2431,0.2533,6735292.7
1746921600000,2025-05-11 02:00:00,0.2533,0.2572,0.246,0.2473,13568425.5
1746928800000,2025-05-11 04:00:00,0.2473,0.2521,0.2464,0.2497,5687917.4
1746936000000,2025-05-11 06:00:00,0.2497,0.2524,0.2477,0.248,3442800.1
1746943200000,2025-05-11 08:00:00,0.248,0.248,0.2366,0.2393,11234579.7
1746950400000,2025-05-11 10:00:00,0.2393,0.243,0.2383,0.2415,7628063.3
1746957600000,2025-05-11 12:00:00,0.2415,0.2438,0.2407,0.2431,3286234.3
1746964800000,2025-05-11 14:00:00,0.2431,0.2446,0.2375,0.2376,8764181.7
1746972000000,2025-05-11 16:00:00,0.2376,0.2424,0.2368,0.2383,6170153.0
1746979200000,2025-05-11 18:00:00,0.2383,0.2403,0.2353,0.2398,5387755.4
1746986400000,2025-05-11 20:00:00,0.2398,0.2428,0.2384,0.2409,3671529.8
1746993600000,2025-05-11 22:00:00,0.2409,0.2414,0.2388,0.2413,2925581.2
1747000800000,2025-05-12 00:00:00,0.2413,0.2428,0.2386,0.2396,2255183.2
1747008000000,2025-05-12 02:00:00,0.2396,0.2445,0.2366,0.2393,5212269.4
1747015200000,2025-05-12 04:00:00,0.2393,0.2432,0.2388,0.2431,3417655.1
1747022400000,2025-05-12 06:00:00,0.2431,0.2444,0.2395,0.2409,3610376.4
1747029600000,2025-05-12 08:00:00,0.2409,0.2517,0.2397,0.2455,11521991.8
1747036800000,2025-05-12 10:00:00,0.2455,0.2496,0.242,0.2469,7357124.9
1747044000000,2025-05-12 12:00:00,0.2469,0.2492,0.2444,0.2449,6131982.9
1747051200000,2025-05-12 14:00:00,0.2449,0.2593,0.2447,0.2554,20730024.2
1747058400000,2025-05-12 16:00:00,0.2554,0.2563,0.2444,0.2458,19754040.9
1747065600000,2025-05-12 18:00:00,0.2458,0.2503,0.2418,0.2424,8798380.5
1747072800000,2025-05-12 20:00:00,0.2424,0.2435,0.2292,0.2375,24069520.5
1747080000000,2025-05-12 22:00:00,0.2375,0.241,0.2357,0.2405,3853600.4
1747087200000,2025-05-13 00:00:00,0.2405,0.2432,0.2396,0.242,3397792.0
1747094400000,2025-05-13 02:00:00,0.242,0.2424,0.2301,0.2312,9079688.8
1747101600000,2025-05-13 04:00:00,0.2312,0.2325,0.2253,0.2265,12440284.7
1747108800000,2025-05-13 06:00:00,0.2265,0.2323,0.2257,0.2313,4402225.2
1747116000000,2025-05-13 08:00:00,0.2313,0.2353,0.2312,0.2331,7005056.3
1747123200000,2025-05-13 10:00:00,0.2331,0.2393,0.2328,0.2385,4833068.9
1747130400000,2025-05-13 12:00:00,0.2385,0.2387,0.235,0.2358,6246683.2
1747137600000,2025-05-13 14:00:00,0.2358,0.2403,0.234,0.2371,17236585.5
1747144800000,2025-05-13 16:00:00,0.2371,0.2383,0.2325,0.2381,9290965.0
1747152000000,2025-05-13 18:00:00,0.2381,0.2458,0.2379,0.245,7437751.3
1747159200000,2025-05-13 20:00:00,0.245,0.2512,0.2446,0.2486,9078273.2
1747166400000,2025-05-13 22:00:00,0.2486,0.249,0.2459,0.2478,5827460.5
1747173600000,2025-05-14 00:00:00,0.2478,0.2486,0.2453,0.247,3399435.4
1747180800000,2025-05-14 02:00:00,0.247,0.2506,0.2458,0.2472,6067749.8
1747188000000,2025-05-14 04:00:00,0.2472,0.2474,0.2435,0.2467,4570160.2
1747195200000,2025-05-14 06:00:00,0.2467,0.25,0.2449,0.2491,5359453.4
1747202400000,2025-05-14 08:00:00,0.2491,0.2508,0.2468,0.2496,5657631.6
1747209600000,2025-05-14 10:00:00,0.2496,0.2509,0.2409,0.245,17930901.5
1747216800000,2025-05-14 12:00:00,0.245,0.2459,0.2431,0.2449,4213814.4
1747224000000,2025-05-14 14:00:00,0.2449,0.2459,0.2389,0.242,7941275.5
1747231200000,2025-05-14 16:00:00,0.242,0.2421,0.2373,0.24,7435877.8
1747238400000,2025-05-14 18:00:00,0.24,0.2404,0.2351,0.2389,4474396.6
1747245600000,2025-05-14 20:00:00,0.2389,0.2421,0.2377,0.2403,4233043.6
1747252800000,2025-05-14 22:00:00,0.2403,0.241,0.2375,0.2401,2159313.8
1747260000000,2025-05-15 00:00:00,0.2401,0.2405,0.2345,0.2367,3316166.8
1747267200000,2025-05-15 02:00:00,0.2367,0.2395,0.2308,0.2317,5501744.1
1747274400000,2025-05-15 04:00:00,0.2317,0.2351,0.2314,0.2319,3713461.6
1747281600000,2025-05-15 06:00:00,0.2319,0.2335,0.2274,0.2275,7569880.9
1747288800000,2025-05-15 08:00:00,0.2275,0.2292,0.2241,0.2251,9739975.5
1747296000000,2025-05-15 10:00:00,0.2251,0.2305,0.2247,0.2267,11663067.6
1747303200000,2025-05-15 12:00:00,0.2267,0.2282,0.2234,0.2266,7575660.2
1747310400000,2025-05-15 14:00:00,0.2266,0.2299,0.2218,0.2239,19732986.7
1747317600000,2025-05-15 16:00:00,0.2239,0.2282,0.2195,0.2278,12370121.3
1747324800000,2025-05-15 18:00:00,0.2278,0.2327,0.2259,0.2303,6486834.5
1747332000000,2025-05-15 20:00:00,0.2303,0.2315,0.2231,0.2261,5497902.9
1747339200000,2025-05-15 22:00:00,0.2261,0.2278,0.2202,0.225,8149637.5
1747346400000,2025-05-16 00:00:00,0.225,0.2273,0.2206,0.2256,4778370.9
1747353600000,2025-05-16 02:00:00,0.2256,0.2285,0.2237,0.2279,5212782.6
1747360800000,2025-05-16 04:00:00,0.2279,0.2308,0.2275,0.2286,6085196.8
1747368000000,2025-05-16 06:00:00,0.2286,0.2296,0.2261,0.2283,4978165.3
1747375200000,2025-05-16 08:00:00,0.2283,0.23,0.2273,0.2283,3298672.6
1747382400000,2025-05-16 10:00:00,0.2283,0.2293,0.2238,0.2293,6344360.3
1747389600000,2025-05-16 12:00:00,0.2293,0.2311,0.2281,0.2287,3369836.3
1747396800000,2025-05-16 14:00:00,0.2287,0.2307,0.2269,0.2306,4788796.9
1747404000000,2025-05-16 16:00:00,0.2306,0.2306,0.2254,0.2282,6256205.5
1747411200000,2025-05-16 18:00:00,0.2282,0.2297,0.2251,0.2255,3155211.7
1747418400000,2025-05-16 20:00:00,0.2255,0.228,0.224,0.2279,13025818.7
1747425600000,2025-05-16 22:00:00,0.2279,0.2279,0.2234,0.2248,4321564.4
1747432800000,2025-05-17 00:00:00,0.2248,0.2249,0.22,0.2229,4510999.8
1747440000000,2025-05-17 02:00:00,0.2229,0.2237,0.2145,0.217,12670784.2
1747447200000,2025-05-17 04:00:00,0.217,0.2207,0.2149,0.2206,3273069.7
1747454400000,2025-05-17 06:00:00,0.2206,0.2223,0.2182,0.2187,2931467.1
1747461600000,2025-05-17 08:00:00,0.2187,0.2217,0.2183,0.2197,3814750.7
1747468800000,2025-05-17 10:00:00,0.2197,0.2201,0.216,0.2176,3815165.7
1747476000000,2025-05-17 12:00:00,0.2176,0.2191,0.2166,0.2171,2679355.4
1747483200000,2025-05-17 14:00:00,0.2171,0.2177,0.2127,0.2142,5672594.7
1747490400000,2025-05-17 16:00:00,0.2142,0.2184,0.2141,0.2164,8743967.3
1747497600000,2025-05-17 18:00:00,0.2164,0.2165,0.2111,0.2137,8527953.4
1747504800000,2025-05-17 20:00:00,0.2137,0.2167,0.2128,0.2138,13291158.4
1747512000000,2025-05-17 22:00:00,0.2138,0.2179,0.2133,0.2164,3821133.9
1747519200000,2025-05-18 00:00:00,0.2164,0.2164,0.2125,0.2156,1763776.9
1747526400000,2025-05-18 02:00:00,0.2156,0.2178,0.2143,0.2171,2209149.9
1747533600000,2025-05-18 04:00:00,0.2171,0.2173,0.2146,0.2153,2670908.2
1747540800000,2025-05-18 06:00:00,0.2153,0.2212,0.2153,0.2209,3259461.6
1747548000000,2025-05-18 08:00:00,0.2209,0.2215,0.2188,0.2213,3234461.9
1747555200000,2025-05-18 10:00:00,0.2213,0.2243,0.2213,0.2226,5420064.0
1747562400000,2025-05-18 12:00:00,0.2226,0.2233,0.2216,0.2218,1455772.8
1747569600000,2025-05-18 14:00:00,0.2218,0.2252,0.2204,0.2251,4627283.3
1747576800000,2025-05-18 16:00:00,0.2251,0.2307,0.2249,0.2303,6607255.8
1747584000000,2025-05-18 18:00:00,0.2303,0.2316,0.2229,0.2232,6628197.1
1747591200000,2025-05-18 20:00:00,0.2232,0.2233,0.2156,0.2158,9931647.6
1747598400000,2025-05-18 22:00:00,0.2158,0.2216,0.2116,0.2191,8083056.4
1747605600000,2025-05-19 00:00:00,0.2191,0.2282,0.2171,0.2271,5807301.1
1747612800000,2025-05-19 02:00:00,0.2271,0.2289,0.2208,0.2213,5335616.8
1747620000000,2025-05-19 04:00:00,0.2213,0.2219,0.216,0.2165,4952088.2
1747627200000,2025-05-19 06:00:00,0.2165,0.2179,0.2124,0.2143,6711570.1
1747634400000,2025-05-19 08:00:00,0.2143,0.2162,0.2099,0.2148,5274257.0
1747641600000,2025-05-19 10:00:00,0.2148,0.2151,0.2123,0.2135,5712241.7
1747648800000,2025-05-19 12:00:00,0.2135,0.216,0.2119,0.2145,4696668.1
1747656000000,2025-05-19 14:00:00,0.2145,0.2174,0.2103,0.216,5434664.0
1747663200000,2025-05-19 16:00:00,0.216,0.2203,0.2153,0.2192,4953946.7
1747670400000,2025-05-19 18:00:00,0.2192,0.2241,0.2174,0.2217,4669818.2
1747677600000,2025-05-19 20:00:00,0.2217,0.2226,0.2191,0.2221,4759242.8
1747684800000,2025-05-19 22:00:00,0.2221,0.2224,0.2193,0.222,2694716.1
1747692000000,2025-05-20 00:00:00,0.222,0.2224,0.2201,0.2219,1773280.4
1747699200000,2025-05-20 02:00:00,0.2219,0.2255,0.2207,0.2243,3740919.5
1747706400000,2025-05-20 04:00:00,0.2243,0.2274,0.223,0.2239,4380547.4
1747713600000,2025-05-20 06:00:00,0.2239,0.2263,0.2231,0.2251,2792030.0
1747720800000,2025-05-20 08:00:00,0.2251,0.2258,0.2216,0.2222,3149791.7
1747728000000,2025-05-20 10:00:00,0.2222,0.2228,0.2202,0.2207,3254061.4
1747735200000,2025-05-20 12:00:00,0.2207,0.2212,0.2173,0.2192,3975737.8
1747742400000,2025-05-20 14:00:00,0.2192,0.2192,0.2166,0.2174,2138678.8
1747749600000,2025-05-20 16:00:00,0.2174,0.2202,0.2168,0.2196,2179693.1
1747756800000,2025-05-20 18:00:00,0.2196,0.2212,0.218,0.2206,1834783.8
1747764000000,2025-05-20 20:00:00,0.2206,0.2223,0.2158,0.2214,4099319.7
1747771200000,2025-05-20 22:00:00,0.2214,0.2252,0.2206,0.224,6704114.7
1747778400000,2025-05-21 00:00:00,0.224,0.226,0.2218,0.2243,3878990.9
1747785600000,2025-05-21 02:00:00,0.2243,0.226,0.2225,0.2227,3273933.3
1747792800000,2025-05-21 04:00:00,0.2227,0.2258,0.221,0.2248,4730315.7
1747800000000,2025-05-21 06:00:00,0.2248,0.2284,0.2237,0.2279,4039305.1
1747807200000,2025-05-21 08:00:00,0.2279,0.2293,0.2241,0.2255,6591615.4
1747814400000,2025-05-21 10:00:00,0.2255,0.2266,0.2231,0.2237,3449761.6
1747821600000,2025-05-21 12:00:00,0.2237,0.2276,0.223,0.2261,3671689.3
1747828800000,2025-05-21 14:00:00,0.2261,0.2276,0.2244,0.2263,3128535.7
1747836000000,2025-05-21 16:00:00,0.2263,0.2299,0.2249,0.2283,6826788.2
1747843200000,2025-05-21 18:00:00,0.2283,0.2332,0.2219,0.2238,16097060.5
1747850400000,2025-05-21 20:00:00,0.2238,0.229,0.2228,0.2287,5103261.8
1747857600000,2025-05-21 22:00:00,0.2287,0.2289,0.2262,0.2263,2081022.2
1747864800000,2025-05-22 00:00:00,0.2263,0.2329,0.2262,0.2303,3566131.7
1747872000000,2025-05-22 02:00:00,0.2303,0.2338,0.2298,0.2319,3546723.7
1747879200000,2025-05-22 04:00:00,0.2319,0.2358,0.2313,0.235,4332014.7
1747886400000,2025-05-22 06:00:00,0.235,0.2378,0.2348,0.2354,9249029.3
1747893600000,2025-05-22 08:00:00,0.2354,0.2375,0.2349,0.2374,3633310.9
1747900800000,2025-05-22 10:00:00,0.2374,0.2413,0.2371,0.2397,7280482.1
1747908000000,2025-05-22 12:00:00,0.2397,0.2405,0.2367,0.2386,5821929.4
1747915200000,2025-05-22 14:00:00,0.2386,0.2407,0.2371,0.2374,5720588.5
1747922400000,2025-05-22 16:00:00,0.2374,0.2418,0.2374,0.2399,4376032.7
1747929600000,2025-05-22 18:00:00,0.2399,0.2428,0.2396,0.2417,4448188.2
1747936800000,2025-05-22 20:00:00,0.2417,0.2426,0.2399,0.2404,3342951.4
1747944000000,2025-05-22 22:00:00,0.2404,0.2415,0.2369,0.2381,4866986.4
1747951200000,2025-05-23 00:00:00,0.2381,0.2415,0.2381,0.2413,1618693.0
1747958400000,2025-05-23 02:00:00,0.2413,0.2439,0.24,0.2432,4577081.5
1747965600000,2025-05-23 04:00:00,0.2432,0.2476,0.243,0.2473,4171154.5
1747972800000,2025-05-23 06:00:00,0.2473,0.2479,0.2415,0.2437,3841209.4
1747980000000,2025-05-23 08:00:00,0.2437,0.2442,0.2391,0.242,6927808.5
1747987200000,2025-05-23 10:00:00,0.242,0.2468,0.2417,0.2461,4374633.9
1747994400000,2025-05-23 12:00:00,0.2461,0.2462,0.2326,0.2342,14516282.8
1748001600000,2025-05-23 14:00:00,0.2342,0.2361,0.2263,0.2357,16720787.9
1748008800000,2025-05-23 16:00:00,0.2357,0.237,0.2326,0.2328,3463757.1
1748016000000,2025-05-23 18:00:00,0.2328,0.2352,0.2309,0.2339,4290096.1
1748023200000,2025-05-23 20:00:00,0.2339,0.2343,0.2313,0.2319,2130084.0
1748030400000,2025-05-23 22:00:00,0.2319,0.2319,0.2273,0.2282,5167416.7
1748037600000,2025-05-24 00:00:00,0.2282,0.23,0.2227,0.2237,7260444.6
1748044800000,2025-05-24 02:00:00,0.2237,0.2259,0.2224,0.2235,5137134.5
1748052000000,2025-05-24 04:00:00,0.2235,0.2271,0.223,0.2267,2242376.9
1748059200000,2025-05-24 06:00:00,0.2267,0.2277,0.2256,0.2264,2100927.5
1748066400000,2025-05-24 08:00:00,0.2264,0.2279,0.2249,0.2263,2646677.1
1748073600000,2025-05-24 10:00:00,0.2263,0.2268,0.2247,0.2253,2434415.5
1748080800000,2025-05-24 12:00:00,0.2253,0.2292,0.2252,0.2276,4084088.7
1748088000000,2025-05-24 14:00:00,0.2276,0.2277,0.2252,0.2254,2658169.3
1748095200000,2025-05-24 16:00:00,0.2254,0.2271,0.2237,0.2246,3572559.0
1748102400000,2025-05-24 18:00:00,0.2246,0.226,0.2232,0.2247,4750715.0
1748109600000,2025-05-24 20:00:00,0.2247,0.2256,0.2217,0.222,3063992.1
1748116800000,2025-05-24 22:00:00,0.222,0.2226,0.2191,0.2218,3099746.8
1748124000000,2025-05-25 00:00:00,0.2218,0.222,0.2191,0.2206,2161120.5
1748131200000,2025-05-25 02:00:00,0.2206,0.221,0.215,0.2156,6261878.7
1748138400000,2025-05-25 04:00:00,0.2156,0.2176,0.2144,0.2171,2273683.8
1748145600000,2025-05-25 06:00:00,0.2171,0.2175,0.2162,0.2173,2096792.2
1748152800000,2025-05-25 08:00:00,0.2173,0.2173,0.2145,0.2152,1569735.6
1748160000000,2025-05-25 10:00:00,0.2152,0.2152,0.2119,0.2139,5518831.7
1748167200000,2025-05-25 12:00:00,0.2139,0.2146,0.2128,0.2144,3180962.7
1748174400000,2025-05-25 14:00:00,0.2144,0.2169,0.2139,0.2159,5571372.3
1748181600000,2025-05-25 16:00:00,0.2159,0.2165,0.2111,0.214,5955830.7
1748188800000,2025-05-25 18:00:00,0.214,0.2148,0.2114,0.2141,2978438.4
1748196000000,2025-05-25 20:00:00,0.2141,0.2165,0.2138,0.2157,4554273.4
1748203200000,2025-05-25 22:00:00,0.2157,0.2159,0.2125,0.214,4063265.2
1748210400000,2025-05-26 00:00:00,0.214,0.2218,0.2137,0.2216,7275229.9
1748217600000,2025-05-26 02:00:00,0.2216,0.2251,0.2206,0.2241,5167684.5
1748224800000,2025-05-26 04:00:00,0.2241,0.2242,0.2221,0.2233,2551178.0
1748232000000,2025-05-26 06:00:00,0.2233,0.2241,0.2227,0.2232,2446836.7
1748239200000,2025-05-26 08:00:00,0.2232,0.2278,0.2224,0.2277,4931297.4
1748246400000,2025-05-26 10:00:00,0.2277,0.2287,0.2236,0.2242,5720521.3
1748253600000,2025-05-26 12:00:00,0.2242,0.2246,0.2224,0.2233,4166964.9
1748260800000,2025-05-26 14:00:00,0.2233,0.2239,0.2194,0.22,5099815.8
1748268000000,2025-05-26 16:00:00,0.22,0.2225,0.2181,0.222,6925933.3
1748275200000,2025-05-26 18:00:00,0.222,0.2226,0.2153,0.2159,7300264.2
1748282400000,2025-05-26 20:00:00,0.2159,0.2176,0.2153,0.2169,1841447.1
1748289600000,2025-05-26 22:00:00,0.2169,0.2187,0.2158,0.218,2760591.7
1748296800000,2025-05-27 00:00:00,0.218,0.2199,0.2166,0.2188,1917483.7
1748304000000,2025-05-27 02:00:00,0.2188,0.2203,0.2134,0.2156,4086639.4
1748311200000,2025-05-27 04:00:00,0.2156,0.2187,0.2152,0.2168,2590733.1
1748318400000,2025-05-27 06:00:00,0.2168,0.2183,0.2153,0.2174,1176482.2
1748325600000,2025-05-27 08:00:00,0.2174,0.2217,0.2174,0.2211,3271356.4
1748332800000,2025-05-27 10:00:00,0.2211,0.2236,0.2211,0.2233,3449267.3
1748340000000,2025-05-27 12:00:00,0.2233,0.2234,0.2216,0.2228,1543963.8
1748347200000,2025-05-27 14:00:00,0.2228,0.2269,0.2227,0.2233,6228509.5
1748354400000,2025-05-27 16:00:00,0.2233,0.2244,0.2198,0.2232,9946911.1
1748361600000,2025-05-27 18:00:00,0.2232,0.2259,0.2229,0.2243,2942684.4
1748368800000,2025-05-27 20:00:00,0.2243,0.2253,0.2226,0.2236,4569663.2
1748376000000,2025-05-27 22:00:00,0.2236,0.225,0.222,0.2228,4367016.1
1748383200000,2025-05-28 00:00:00,0.2228,0.2232,0.2209,0.2219,2773334.2
1748390400000,2025-05-28 02:00:00,0.2219,0.2241,0.2203,0.2219,3260765.1
1748397600000,2025-05-28 04:00:00,0.2219,0.2224,0.2198,0.2209,3597857.1
1748404800000,2025-05-28 06:00:00,0.2209,0.2212,0.2189,0.2189,1611939.7
1748412000000,2025-05-28 08:00:00,0.2189,0.2199,0.2171,0.2187,3115059.5
1748419200000,2025-05-28 10:00:00,0.2187,0.2209,0.2183,0.219,2762167.9
1748426400000,2025-05-28 12:00:00,0.219,0.2216,0.2175,0.2213,1965710.1
1748433600000,2025-05-28 14:00:00,0.2213,0.2244,0.2183,0.2185,6784449.4
1748440800000,2025-05-28 16:00:00,0.2185,0.2191,0.2144,0.2145,7673659.3
1748448000000,2025-05-28 18:00:00,0.2145,0.2182,0.2143,0.2169,3451915.8
1748455200000,2025-05-28 20:00:00,0.2169,0.2176,0.2121,0.2125,4203099.6
1748462400000,2025-05-28 22:00:00,0.2125,0.2162,0.2123,0.216,2794473.7
1748469600000,2025-05-29 00:00:00,0.216,0.2182,0.2143,0.2175,3427408.1
1748476800000,2025-05-29 02:00:00,0.2175,0.2209,0.2168,0.2198,5893878.0
1748484000000,2025-05-29 04:00:00,0.2198,0.2232,0.2182,0.2213,4770296.7
1748491200000,2025-05-29 06:00:00,0.2213,0.2215,0.2161,0.2169,5629663.1
1748498400000,2025-05-29 08:00:00,0.2169,0.2186,0.2165,0.2173,2234480.8
1748505600000,2025-05-29 10:00:00,0.2173,0.2181,0.2164,0.2174,1929901.1
1748512800000,2025-05-29 12:00:00,0.2174,0.2182,0.2166,0.2178,1783222.4
1748520000000,2025-05-29 14:00:00,0.2178,0.2178,0.2134,0.2141,5812100.2
1748527200000,2025-05-29 16:00:00,0.2141,0.2151,0.2119,0.2129,6435718.2
1748534400000,2025-05-29 18:00:00,0.2129,0.2143,0.2118,0.2135,6099490.5
1748541600000,2025-05-29 20:00:00,0.2135,0.2144,0.2102,0.2112,5111843.5
1748548800000,2025-05-29 22:00:00,0.2112,0.2139,0.2109,0.2138,3113614.6
1748556000000,2025-05-30 00:00:00,0.2138,0.2139,0.2088,0.2093,4208319.8
1748563200000,2025-05-30 02:00:00,0.2093,0.2106,0.1986,0.2047,36329474.2
1748570400000,2025-05-30 04:00:00,0.2047,0.2066,0.2047,0.2052,4237565.0
1748577600000,2025-05-30 06:00:00,0.2052,0.2053,0.2034,0.2045,2491792.1
1748584800000,2025-05-30 08:00:00,0.2045,0.2045,0.2004,0.2011,4649031.4
1748592000000,2025-05-30 10:00:00,0.2011,0.203,0.2001,0.2028,7657406.7
1748599200000,2025-05-30 12:00:00,0.2028,0.2047,0.2016,0.2043,4407702.6
1748606400000,2025-05-30 14:00:00,0.2043,0.2052,0.2013,0.2013,5448183.1
1748613600000,2025-05-30 16:00:00,0.2013,0.2034,0.2005,0.2011,5021962.2
1748620800000,2025-05-30 18:00:00,0.2011,0.2011,0.1926,0.1963,28238332.3
1748628000000,2025-05-30 20:00:00,0.1963,0.201,0.1963,0.1996,5303891.8
1748635200000,2025-05-30 22:00:00,0.1996,0.2004,0.1976,0.1981,2578799.5
1748642400000,2025-05-31 00:00:00,0.1981,0.1986,0.1904,0.1922,8636048.4
1748649600000,2025-05-31 02:00:00,0.1922,0.1928,0.1855,0.1882,12723505.5
1748656800000,2025-05-31 04:00:00,0.1882,0.1905,0.1861,0.189,4028700.0
1748664000000,2025-05-31 06:00:00,0.189,0.191,0.1877,0.1897,2812714.3
1748671200000,2025-05-31 08:00:00,0.1897,0.1912,0.1894,0.1904,2059943.6
1748678400000,2025-05-31 10:00:00,0.1904,0.1911,0.1889,0.19,3466617.5
1748685600000,2025-05-31 12:00:00,0.19,0.1923,0.1889,0.19,2559130.7
1748692800000,2025-05-31 14:00:00,0.19,0.1947,0.1898,0.1932,5268603.4
1748700000000,2025-05-31 16:00:00,0.1932,0.1958,0.1931,0.1946,3006438.8
1748707200000,2025-05-31 18:00:00,0.1946,0.1971,0.1938,0.1944,2530420.0
1748714400000,2025-05-31 20:00:00,0.1944,0.1967,0.1941,0.1957,1119528.0
1748721600000,2025-05-31 22:00:00,0.1957,0.1966,0.1949,0.1958,3114121.9
1748728800000,2025-06-01 00:00:00,0.1958,0.196,0.1933,0.1936,2345741.4
1748736000000,2025-06-01 02:00:00,0.1936,0.194,0.1916,0.1922,3257514.8
1748743200000,2025-06-01 04:00:00,0.1922,0.1935,0.1909,0.1931,1277960.3
1748750400000,2025-06-01 06:00:00,0.1931,0.1951,0.1927,0.1946,1162880.0
1748757600000,2025-06-01 08:00:00,0.1946,0.1949,0.1933,0.1941,2381540.4
1748764800000,2025-06-01 10:00:00,0.1941,0.1944,0.1894,0.1907,3154596.7
1748772000000,2025-06-01 12:00:00,0.1907,0.1928,0.1902,0.1921,1815436.7
1748779200000,2025-06-01 14:00:00,0.1921,0.193,0.1904,0.1923,2347278.9
1748786400000,2025-06-01 16:00:00,0.1923,0.1955,0.1923,0.1953,4238049.5
1748793600000,2025-06-01 18:00:00,0.1953,0.198,0.1951,0.1965,5981658.9
1748800800000,2025-06-01 20:00:00,0.1965,0.1966,0.192,0.1949,6581418.8
1748808000000,2025-06-01 22:00:00,0.1949,0.196,0.1938,0.1955,2109608.8
1748815200000,2025-06-02 00:00:00,0.1955,0.1964,0.1946,0.1953,1378591.2
1748822400000,2025-06-02 02:00:00,0.1953,0.1961,0.1943,0.1943,1535952.1
1748829600000,2025-06-02 04:00:00,0.1943,0.1943,0.1914,0.1917,2288527.4
1748836800000,2025-06-02 06:00:00,0.1917,0.1928,0.1906,0.1914,3229439.2
1748844000000,2025-06-02 08:00:00,0.1914,0.1946,0.1907,0.193,3011376.8
1748851200000,2025-06-02 10:00:00,0.193,0.1945,0.1903,0.1911,3925030.8
1748858400000,2025-06-02 12:00:00,0.1911,0.1917,0.1901,0.1911,4539112.8
1748865600000,2025-06-02 14:00:00,0.1911,0.1941,0.1908,0.1921,4828796.9
1748872800000,2025-06-02 16:00:00,0.1921,0.1949,0.1914,0.1938,5387386.9
1748880000000,2025-06-02 18:00:00,0.1938,0.1944,0.1926,0.1936,3367998.7
1748887200000,2025-06-02 20:00:00,0.1936,0.1952,0.1909,0.1922,4286294.7
1748894400000,2025-06-02 22:00:00,0.1922,0.1974,0.1921,0.1971,3719303.5
1748901600000,2025-06-03 00:00:00,0.1971,0.1992,0.1971,0.1985,3791566.2
1748908800000,2025-06-03 02:00:00,0.1985,0.2025,0.1982,0.2022,3692448.4
1748916000000,2025-06-03 04:00:00,0.2022,0.2026,0.1989,0.1992,3969373.4
1748923200000,2025-06-03 06:00:00,0.1992,0.2006,0.1979,0.2006,3009812.8
1748930400000,2025-06-03 08:00:00,0.2006,0.2008,0.1986,0.1986,2679958.1
1748937600000,2025-06-03 10:00:00,0.1986,0.1999,0.1973,0.1996,2127849.6
1748944800000,2025-06-03 12:00:00,0.1996,0.2006,0.1994,0.1998,3420451.8
1748952000000,2025-06-03 14:00:00,0.1998,0.2015,0.1993,0.2005,2230793.3
1748959200000,2025-06-03 16:00:00,0.2005,0.2025,0.1987,0.2015,3889856.2
1748966400000,2025-06-03 18:00:00,0.2015,0.2022,0.2004,0.2013,1918524.2
1748973600000,2025-06-03 20:00:00,0.2013,0.2021,0.1999,0.2015,1670202.2
1748980800000,2025-06-03 22:00:00,0.2015,0.2015,0.1954,0.1965,4836868.7
1748988000000,2025-06-04 00:00:00,0.1965,0.1982,0.1961,0.1971,2198848.1
1748995200000,2025-06-04 02:00:00,0.1971,0.2006,0.1962,0.1995,1972847.1
1749002400000,2025-06-04 04:00:00,0.1995,0.2008,0.1992,0.2,834921.3
1749009600000,2025-06-04 06:00:00,0.2,0.2005,0.1978,0.198,5880765.5
1749016800000,2025-06-04 08:00:00,0.198,0.1994,0.1974,0.1988,1961001.5
1749024000000,2025-06-04 10:00:00,0.1988,0.1999,0.1983,0.1996,1693449.0
1749031200000,2025-06-04 12:00:00,0.1996,0.2003,0.1965,0.1965,2936289.0
1749038400000,2025-06-04 14:00:00,0.1965,0.1968,0.1943,0.1947,2674087.1
1749045600000,2025-06-04 16:00:00,0.1947,0.1966,0.1932,0.1958,3717763.1
1749052800000,2025-06-04 18:00:00,0.1958,0.1959,0.1924,0.1934,2617629.6
1749060000000,2025-06-04 20:00:00,0.1934,0.1938,0.1917,0.1918,1156293.3
1749067200000,2025-06-04 22:00:00,0.1918,0.1924,0.1891,0.1919,4479024.2
1749074400000,2025-06-05 00:00:00,0.1919,0.1924,0.1904,0.1913,2334589.8
1749081600000,2025-06-05 02:00:00,0.1913,0.193,0.1901,0.1912,2128026.2
1749088800000,2025-06-05 04:00:00,0.1912,0.1925,0.1909,0.1918,2918004.9
1749096000000,2025-06-05 06:00:00,0.1918,0.1924,0.1895,0.19,1081436.6
1749103200000,2025-06-05 08:00:00,0.19,0.1918,0.1892,0.1902,3578084.2
1749110400000,2025-06-05 10:00:00,0.1902,0.1913,0.1894,0.1903,2102345.3
1749117600000,2025-06-05 12:00:00,0.1903,0.191,0.1888,0.1908,3891394.2
1749124800000,2025-06-05 14:00:00,0.1908,0.1939,0.1897,0.19,4410477.9
1749132000000,2025-06-05 16:00:00,0.19,0.1918,0.1877,0.1907,6586513.1
1749139200000,2025-06-05 18:00:00,0.1907,0.1908,0.1873,0.1884,4798217.0
1749146400000,2025-06-05 20:00:00,0.1884,0.1886,0.1811,0.1832,18765592.4
1749153600000,2025-06-05 22:00:00,0.1832,0.1836,0.1771,0.1817,16097552.9
1749160800000,2025-06-06 00:00:00,0.1817,0.1819,0.1796,0.1805,2918710.4
1749168000000,2025-06-06 02:00:00,0.1805,0.1823,0.18,0.1821,3393738.6
1749175200000,2025-06-06 04:00:00,0.1821,0.1848,0.1812,0.1846,2957223.0
1749182400000,2025-06-06 06:00:00,0.1846,0.1855,0.1837,0.1853,2722439.5
1749189600000,2025-06-06 08:00:00,0.1853,0.186,0.1841,0.1849,2467962.1
1749196800000,2025-06-06 10:00:00,0.1849,0.1873,0.1848,0.1862,11826264.7
1749204000000,2025-06-06 12:00:00,0.1862,0.1871,0.1855,0.1864,1279959.0
1749211200000,2025-06-06 14:00:00,0.1864,0.191,0.1864,0.1899,7852343.0
1749218400000,2025-06-06 16:00:00,0.1899,0.1919,0.1895,0.19,4635294.3
1749225600000,2025-06-06 18:00:00,0.19,0.1904,0.1876,0.1886,2660139.7
1749232800000,2025-06-06 20:00:00,0.1886,0.1887,0.1869,0.1876,1314208.7
1749240000000,2025-06-06 22:00:00,0.1876,0.1891,0.1871,0.188,1106951.1
1749247200000,2025-06-07 00:00:00,0.188,0.1882,0.1865,0.1869,2293276.8
1749254400000,2025-06-07 02:00:00,0.1869,0.1895,0.1862,0.1886,2115908.9
1749261600000,2025-06-07 04:00:00,0.1886,0.1901,0.1882,0.1899,1199994.4
1749268800000,2025-06-07 06:00:00,0.1899,0.1912,0.1894,0.1912,1964608.7
1749276000000,2025-06-07 08:00:00,0.1912,0.1924,0.1904,0.1921,2591039.6
1749283200000,2025-06-07 10:00:00,0.1921,0.1925,0.1911,0.1915,2707373.6
1749290400000,2025-06-07 12:00:00,0.1915,0.1936,0.1914,0.1929,3683229.3
1749297600000,2025-06-07 14:00:00,0.1929,0.1939,0.1924,0.1924,2324265.5
1749304800000,2025-06-07 16:00:00,0.1924,0.1926,0.1911,0.1916,1604542.6
1749312000000,2025-06-07 18:00:00,0.1916,0.1919,0.1903,0.1903,1414283.1
1749319200000,2025-06-07 20:00:00,0.1903,0.1923,0.1903,0.1914,1527488.6
1749326400000,2025-06-07 22:00:00,0.1914,0.1922,0.1912,0.1919,927467.5
1749333600000,2025-06-08 00:00:00,0.1919,0.1924,0.1905,0.1907,2066010.9
1749340800000,2025-06-08 02:00:00,0.1907,0.1908,0.1895,0.1906,1055560.6
1749348000000,2025-06-08 04:00:00,0.1906,0.1906,0.1895,0.1897,865100.5
1749355200000,2025-06-08 06:00:00,0.1897,0.1901,0.1873,0.1879,6177879.6
1749362400000,2025-06-08 08:00:00,0.1879,0.1897,0.1875,0.1879,7490009.3
1749369600000,2025-06-08 10:00:00,0.1879,0.1886,0.1864,0.1869,2304550.8
1749376800000,2025-06-08 12:00:00,0.1869,0.1897,0.1868,0.1895,1893444.3
1749384000000,2025-06-08 14:00:00,0.1895,0.1925,0.1891,0.1898,2316142.7
1749391200000,2025-06-08 16:00:00,0.1898,0.1913,0.1896,0.1909,1038790.7
1749398400000,2025-06-08 18:00:00,0.1909,0.1933,0.1909,0.192,8007443.7
1749405600000,2025-06-08 20:00:00,0.192,0.1928,0.1915,0.1924,915222.5
1749412800000,2025-06-08 22:00:00,0.1924,0.1931,0.1916,0.1926,1733755.9
1749420000000,2025-06-09 00:00:00,0.1926,0.1926,0.1899,0.1905,2042443.3
1749427200000,2025-06-09 02:00:00,0.1905,0.1909,0.1895,0.1898,1662950.1
1749434400000,2025-06-09 04:00:00,0.1898,0.1907,0.1886,0.1894,1109428.2
1749441600000,2025-06-09 06:00:00,0.1894,0.1897,0.1877,0.188,1262618.1
1749448800000,2025-06-09 08:00:00,0.188,0.1893,0.1875,0.1884,1504024.6
1749456000000,2025-06-09 10:00:00,0.1884,0.1926,0.1879,0.1918,3129139.7
1749463200000,2025-06-09 12:00:00,0.1918,0.194,0.1917,0.1935,3962007.4
1749470400000,2025-06-09 14:00:00,0.1935,0.1939,0.1909,0.1912,3227693.3
1749477600000,2025-06-09 16:00:00,0.1912,0.1921,0.1899,0.1909,5345218.1
1749484800000,2025-06-09 18:00:00,0.1909,0.1948,0.1908,0.1939,5529222.7
1749492000000,2025-06-09 20:00:00,0.1939,0.1945,0.1932,0.1937,3188306.0
1749499200000,2025-06-09 22:00:00,0.1937,0.1982,0.1934,0.1977,4592796.6
1749506400000,2025-06-10 00:00:00,0.1977,0.1999,0.1977,0.1995,2809352.6
1749513600000,2025-06-10 02:00:00,0.1995,0.2021,0.1995,0.2014,8033377.4
1749520800000,2025-06-10 04:00:00,0.2014,0.2016,0.1999,0.2001,2362442.7
1749528000000,2025-06-10 06:00:00,0.2001,0.2009,0.1979,0.1983,2206522.0
1749535200000,2025-06-10 08:00:00,0.1983,0.1996,0.1971,0.1987,2492132.0
1749542400000,2025-06-10 10:00:00,0.1987,0.1996,0.1976,0.1996,1335379.1
1749549600000,2025-06-10 12:00:00,0.1996,0.2053,0.1983,0.2051,6150738.9
1749556800000,2025-06-10 14:00:00,0.2051,0.2072,0.2028,0.2047,8132230.9
1749564000000,2025-06-10 16:00:00,0.2047,0.2055,0.2012,0.2036,6547910.5
1749571200000,2025-06-10 18:00:00,0.2036,0.2056,0.2028,0.2031,4333631.6
1749578400000,2025-06-10 20:00:00,0.2031,0.2075,0.2027,0.2056,3295604.4
1749585600000,2025-06-10 22:00:00,0.2056,0.2065,0.2042,0.2057,2753451.7
1749592800000,2025-06-11 00:00:00,0.2057,0.2082,0.2057,0.2081,2953600.0
1749600000000,2025-06-11 02:00:00,0.2081,0.2088,0.2051,0.2055,2799971.4
1749607200000,2025-06-11 04:00:00,0.2055,0.2069,0.205,0.2063,1052056.6
1749614400000,2025-06-11 06:00:00,0.2063,0.2064,0.2051,0.2056,1455219.3
1749621600000,2025-06-11 08:00:00,0.2056,0.2074,0.2056,0.2067,3139286.2
1749628800000,2025-06-11 10:00:00,0.2067,0.2076,0.2038,0.2041,2946694.3
1749636000000,2025-06-11 12:00:00,0.2041,0.2057,0.2037,0.2052,2344699.5
1749643200000,2025-06-11 14:00:00,0.2052,0.2083,0.2038,0.206,6217797.8
1749650400000,2025-06-11 16:00:00,0.206,0.209,0.2058,0.2086,4793746.5
1749657600000,2025-06-11 18:00:00,0.2086,0.2089,0.2041,0.2041,3910958.7
1749664800000,2025-06-11 20:00:00,0.2041,0.2041,0.2012,0.2017,3881336.3
1749672000000,2025-06-11 22:00:00,0.2017,0.2033,0.1982,0.1985,5804675.3
1749679200000,2025-06-12 00:00:00,0.1985,0.1987,0.1949,0.197,22082450.1
1749686400000,2025-06-12 02:00:00,0.197,0.1973,0.1949,0.1969,3015797.4
1749693600000,2025-06-12 04:00:00,0.1969,0.1974,0.1936,0.1945,2185464.6
1749700800000,2025-06-12 06:00:00,0.1945,0.1951,0.1932,0.1944,2703168.8
1749708000000,2025-06-12 08:00:00,0.1944,0.1944,0.1918,0.1925,2512905.4
1749715200000,2025-06-12 10:00:00,0.1925,0.1937,0.1916,0.1932,2153907.4
1749722400000,2025-06-12 12:00:00,0.1932,0.1932,0.1903,0.1904,6517986.8
1749729600000,2025-06-12 14:00:00,0.1904,0.1939,0.1889,0.1932,27179705.7
1749736800000,2025-06-12 16:00:00,0.1932,0.1949,0.189,0.1891,6444945.2
1749744000000,2025-06-12 18:00:00,0.1891,0.1911,0.1887,0.1891,5776206.3
1749751200000,2025-06-12 20:00:00,0.1891,0.1891,0.1803,0.1809,16689725.7
1749758400000,2025-06-12 22:00:00,0.1809,0.1819,0.1785,0.1801,9952865.3
1749765600000,2025-06-13 00:00:00,0.1801,0.1817,0.18,0.1804,3054678.9
1749772800000,2025-06-13 02:00:00,0.1804,0.1804,0.1681,0.1711,29054583.5
1749780000000,2025-06-13 04:00:00,0.1711,0.178,0.1693,0.1767,17408201.7
1749787200000,2025-06-13 06:00:00,0.1767,0.1773,0.1742,0.1757,23057880.5
1749794400000,2025-06-13 08:00:00,0.1757,0.1769,0.1741,0.1759,12485295.8
1749801600000,2025-06-13 10:00:00,0.1759,0.1785,0.1743,0.1744,10099454.0
1749808800000,2025-06-13 12:00:00,0.1744,0.1764,0.1736,0.1763,6551658.3
1749816000000,2025-06-13 14:00:00,0.1763,0.1773,0.1747,0.1761,6695294.8
1749823200000,2025-06-13 16:00:00,0.1761,0.1801,0.1747,0.1793,9949492.4
1749830400000,2025-06-13 18:00:00,0.1793,0.181,0.1777,0.1792,8444855.8
1749837600000,2025-06-13 20:00:00,0.1792,0.1795,0.1762,0.1775,3428536.8
1749844800000,2025-06-13 22:00:00,0.1775,0.181,0.1773,0.1804,5620295.4
1749852000000,2025-06-14 00:00:00,0.1804,0.1814,0.1792,0.1806,3671861.3
1749859200000,2025-06-14 02:00:00,0.1806,0.181,0.1784,0.1789,4972024.2
1749866400000,2025-06-14 04:00:00,0.1789,0.181,0.1788,0.1804,1787703.5
1749873600000,2025-06-14 06:00:00,0.1804,0.1809,0.1792,0.1795,2084237.9
1749880800000,2025-06-14 08:00:00,0.1795,0.18,0.1783,0.1794,2852875.0
1749888000000,2025-06-14 10:00:00,0.1794,0.1803,0.1785,0.1789,2456211.2
1749895200000,2025-06-14 12:00:00,0.1789,0.1803,0.1788,0.1797,2869981.6
1749902400000,2025-06-14 14:00:00,0.1797,0.1801,0.1787,0.1793,4116364.1
1749909600000,2025-06-14 16:00:00,0.1793,0.1795,0.1767,0.1776,1516570.5
1749916800000,2025-06-14 18:00:00,0.1776,0.178,0.1747,0.1764,4129944.3
1749924000000,2025-06-14 20:00:00,0.1764,0.1771,0.1741,0.1749,1371150.4
1749931200000,2025-06-14 22:00:00,0.1749,0.1771,0.1735,0.1768,2618021.1
1749938400000,2025-06-15 00:00:00,0.1768,0.1778,0.1765,0.177,4784544.2
1749945600000,2025-06-15 02:00:00,0.177,0.1781,0.1763,0.1766,1718009.2
1749952800000,2025-06-15 04:00:00,0.1766,0.1772,0.1763,0.1765,656406.0
1749960000000,2025-06-15 06:00:00,0.1765,0.1779,0.176,0.1778,2410198.3
1749967200000,2025-06-15 08:00:00,0.1778,0.1781,0.1741,0.1749,3944410.7
1749974400000,2025-06-15 10:00:00,0.1749,0.175,0.1737,0.1741,1107130.3
1749981600000,2025-06-15 12:00:00,0.1741,0.1757,0.174,0.1751,1914001.2
1749988800000,2025-06-15 14:00:00,0.1751,0.1776,0.1746,0.1773,2773910.9
1749996000000,2025-06-15 16:00:00,0.1773,0.1792,0.1763,0.1776,4434527.7
1750003200000,2025-06-15 18:00:00,0.1776,0.1777,0.1747,0.1756,3229327.8
1750010400000,2025-06-15 20:00:00,0.1756,0.1756,0.1731,0.1737,2117465.4
1750017600000,2025-06-15 22:00:00,0.1737,0.1737,0.1709,0.1732,5943185.7
1750024800000,2025-06-16 00:00:00,0.1732,0.1768,0.1731,0.1764,3794756.7
1750032000000,2025-06-16 02:00:00,0.1764,0.1777,0.1739,0.1775,3503484.6
1750039200000,2025-06-16 04:00:00,0.1775,0.1789,0.1775,0.1776,1807186.1
1750046400000,2025-06-16 06:00:00,0.1776,0.1805,0.1773,0.1797,2500539.9
1750053600000,2025-06-16 08:00:00,0.1797,0.1817,0.1796,0.1816,3441795.6
1750060800000,2025-06-16 10:00:00,0.1816,0.1823,0.1803,0.1814,5253605.6
1750068000000,2025-06-16 12:00:00,0.1814,0.1828,0.1798,0.1819,3350762.9
1750075200000,2025-06-16 14:00:00,0.1819,0.1831,0.1809,0.1829,3501892.1
1750082400000,2025-06-16 16:00:00,0.1829,0.1851,0.1825,0.1829,5618652.9
1750089600000,2025-06-16 18:00:00,0.1829,0.1855,0.1828,0.184,3268388.8
1750096800000,2025-06-16 20:00:00,0.184,0.1863,0.184,0.185,2172523.5
1750104000000,2025-06-16 22:00:00,0.185,0.1858,0.1826,0.1838,4472652.2
1750111200000,2025-06-17 00:00:00,0.1838,0.1841,0.1754,0.1758,9874371.8
1750118400000,2025-06-17 02:00:00,0.1758,0.1774,0.1716,0.176,10277218.2
1750125600000,2025-06-17 04:00:00,0.176,0.179,0.1751,0.1779,4330101.5
1750132800000,2025-06-17 06:00:00,0.1779,0.1784,0.176,0.1766,1821776.2
1750140000000,2025-06-17 08:00:00,0.1766,0.1769,0.1746,0.1752,2079266.5
1750147200000,2025-06-17 10:00:00,0.1752,0.1753,0.1731,0.1739,3334540.0
1750154400000,2025-06-17 12:00:00,0.1739,0.174,0.1725,0.1729,6202318.3
1750161600000,2025-06-17 14:00:00,0.1729,0.1736,0.1717,0.1722,5036582.2
1750168800000,2025-06-17 16:00:00,0.1722,0.1738,0.1686,0.1706,7149055.4
1750176000000,2025-06-17 18:00:00,0.1706,0.1706,0.1656,0.167,9658710.3
1750183200000,2025-06-17 20:00:00,0.167,0.1737,0.1668,0.1722,25782048.3
1750190400000,2025-06-17 22:00:00,0.1722,0.1729,0.1681,0.1691,5916142.6
1750197600000,2025-06-18 00:00:00,0.1691,0.1701,0.1677,0.1694,3908805.1
1750204800000,2025-06-18 02:00:00,0.1694,0.1715,0.1687,0.1693,1892432.3
1750212000000,2025-06-18 04:00:00,0.1693,0.1704,0.1685,0.1701,1261293.0
1750219200000,2025-06-18 06:00:00,0.1701,0.1724,0.17,0.171,1488859.9
1750226400000,2025-06-18 08:00:00,0.171,0.1715,0.17,0.1712,1249286.0
1750233600000,2025-06-18 10:00:00,0.1712,0.1717,0.1684,0.1687,2943302.4
1750240800000,2025-06-18 12:00:00,0.1687,0.169,0.1654,0.1677,5733106.0
1750248000000,2025-06-18 14:00:00,0.1677,0.1681,0.1647,0.1678,4245706.9
1750255200000,2025-06-18 16:00:00,0.1678,0.1707,0.1671,0.1685,5084000.3
1750262400000,2025-06-18 18:00:00,0.1685,0.1686,0.1654,0.1676,2880365.6
1750269600000,2025-06-18 20:00:00,0.1676,0.1688,0.1649,0.1664,8453957.0
1750276800000,2025-06-18 22:00:00,0.1664,0.1718,0.166,0.1712,5944917.8
1750284000000,2025-06-19 00:00:00,0.1712,0.1714,0.1695,0.1705,2240644.4
1750291200000,2025-06-19 02:00:00,0.1705,0.1725,0.1689,0.169,3888886.1
1750298400000,2025-06-19 04:00:00,0.169,0.1708,0.1684,0.1708,2076028.4
1750305600000,2025-06-19 06:00:00,0.1708,0.1721,0.17,0.1702,1645236.0
1750312800000,2025-06-19 08:00:00,0.1702,0.1708,0.169,0.1692,2282850.2
1750320000000,2025-06-19 10:00:00,0.1692,0.1704,0.1686,0.17,1516441.5
1750327200000,2025-06-19 12:00:00,0.17,0.1702,0.1689,0.1694,1729261.2
1750334400000,2025-06-19 14:00:00,0.1694,0.1703,0.168,0.1682,2705217.9
1750341600000,2025-06-19 16:00:00,0.1682,0.169,0.1671,0.168,3292449.4
1750348800000,2025-06-19 18:00:00,0.168,0.1709,0.1672,0.1699,3733275.0
1750356000000,2025-06-19 20:00:00,0.1699,0.171,0.1691,0.1692,2384052.0
1750363200000,2025-06-19 22:00:00,0.1692,0.1699,0.1681,0.169,2590929.7
1750370400000,2025-06-20 00:00:00,0.169,0.1704,0.1688,0.1691,1053638.9
1750377600000,2025-06-20 02:00:00,0.1691,0.1695,0.1675,0.1686,2665323.0
1750384800000,2025-06-20 04:00:00,0.1686,0.1691,0.167,0.1674,1185641.7
1750392000000,2025-06-20 06:00:00,0.1674,0.1676,0.166,0.1676,2028806.3
1750399200000,2025-06-20 08:00:00,0.1676,0.1712,0.1673,0.1709,2297077.8
1750406400000,2025-06-20 10:00:00,0.1709,0.1721,0.1696,0.1699,3194335.6
1750413600000,2025-06-20 12:00:00,0.1699,0.1704,0.1689,0.17,3048015.6
1750420800000,2025-06-20 14:00:00,0.17,0.1712,0.1699,0.1708,4984676.2
1750428000000,2025-06-20 16:00:00,0.1708,0.1714,0.1663,0.1674,5341745.7
1750435200000,2025-06-20 18:00:00,0.1674,0.1676,0.1609,0.1661,18720247.0
1750442400000,2025-06-20 20:00:00,0.1661,0.1676,0.1654,0.1672,5601156.8
1750449600000,2025-06-20 22:00:00,0.1672,0.1697,0.1666,0.1666,3724591.5
1750456800000,2025-06-21 00:00:00,0.1666,0.1672,0.165,0.1669,3449594.5
1750464000000,2025-06-21 02:00:00,0.1669,0.1682,0.1661,0.168,1605427.8
1750471200000,2025-06-21 04:00:00,0.168,0.1687,0.1675,0.168,741053.5
1750478400000,2025-06-21 06:00:00,0.168,0.1683,0.1674,0.1677,663496.2
1750485600000,2025-06-21 08:00:00,0.1677,0.1681,0.1669,0.1677,1333476.2
1750492800000,2025-06-21 10:00:00,0.1677,0.1691,0.1674,0.1689,932036.1
1750500000000,2025-06-21 12:00:00,0.1689,0.1692,0.1676,0.1686,1224985.3
1750507200000,2025-06-21 14:00:00,0.1686,0.1691,0.1647,0.1652,4718120.2
1750514400000,2025-06-21 16:00:00,0.1652,0.1671,0.165,0.1663,2462426.8
1750521600000,2025-06-21 18:00:00,0.1663,0.1669,0.1635,0.1642,2527769.0
1750528800000,2025-06-21 20:00:00,0.1642,0.1653,0.1617,0.1619,6661693.6
1750536000000,2025-06-21 22:00:00,0.1619,0.1635,0.1561,0.1589,10464624.3
1750543200000,2025-06-22 00:00:00,0.1589,0.1626,0.1582,0.1624,21965373.6
1750550400000,2025-06-22 02:00:00,0.1624,0.1645,0.1607,0.1618,5361312.9
1750557600000,2025-06-22 04:00:00,0.1618,0.1629,0.1593,0.1608,3369946.1
1750564800000,2025-06-22 06:00:00,0.1608,0.162,0.1601,0.1617,3491905.0
1750572000000,2025-06-22 08:00:00,0.1617,0.1627,0.16,0.1603,5358749.9
1750579200000,2025-06-22 10:00:00,0.1603,0.1605,0.1568,0.157,7432748.6
1750586400000,2025-06-22 12:00:00,0.157,0.1593,0.1565,0.1582,5604223.0
1750593600000,2025-06-22 14:00:00,0.1582,0.1592,0.1525,0.1553,23559320.7
1750600800000,2025-06-22 16:00:00,0.1553,0.1583,0.1534,0.1559,15259175.2
1750608000000,2025-06-22 18:00:00,0.1559,0.1588,0.1556,0.1566,9089436.9
1750615200000,2025-06-22 20:00:00,0.1566,0.1573,0.155,0.1555,3632234.7
1750622400000,2025-06-22 22:00:00,0.1555,0.1567,0.1516,0.1547,8958463.6
1750629600000,2025-06-23 00:00:00,0.1547,0.1605,0.1544,0.16,6559820.2
1750636800000,2025-06-23 02:00:00,0.16,0.1622,0.1596,0.1614,3534334.3
1750644000000,2025-06-23 04:00:00,0.1614,0.1616,0.1594,0.1596,2861579.0
1750651200000,2025-06-23 06:00:00,0.1596,0.1605,0.1584,0.1602,3729464.2
1750658400000,2025-06-23 08:00:00,0.1602,0.1618,0.1595,0.1615,4130317.2
1750665600000,2025-06-23 10:00:00,0.1615,0.1617,0.16,0.1611,2308997.6
1750672800000,2025-06-23 12:00:00,0.1611,0.1613,0.1595,0.161,2908833.4
1750680000000,2025-06-23 14:00:00,0.161,0.1665,0.1601,0.166,10406239.9
1750687200000,2025-06-23 16:00:00,0.166,0.1671,0.163,0.1632,4766655.3
1750694400000,2025-06-23 18:00:00,0.1632,0.1658,0.1578,0.1656,14571131.8
1750701600000,2025-06-23 20:00:00,0.1656,0.1697,0.1655,0.1696,5985807.8
1750708800000,2025-06-23 22:00:00,0.1696,0.1734,0.1691,0.172,5729127.1
1750716000000,2025-06-24 00:00:00,0.172,0.1796,0.172,0.179,9307804.4
1750723200000,2025-06-24 02:00:00,0.179,0.1808,0.1788,0.1794,3883076.8
1750730400000,2025-06-24 04:00:00,0.1794,0.1794,0.1769,0.1786,3494752.5
1750737600000,2025-06-24 06:00:00,0.1786,0.1819,0.1778,0.1814,3067654.9
1750744800000,2025-06-24 08:00:00,0.1814,0.1825,0.1791,0.1793,3212464.2
1750752000000,2025-06-24 10:00:00,0.1793,0.1804,0.1779,0.1789,5237917.7
1750759200000,2025-06-24 12:00:00,0.1789,0.1795,0.1775,0.1784,4567819.8
1750766400000,2025-06-24 14:00:00,0.1784,0.1801,0.1779,0.1792,6568446.5
1750773600000,2025-06-24 16:00:00,0.1792,0.181,0.1791,0.1799,3689659.2
1750780800000,2025-06-24 18:00:00,0.1799,0.1833,0.1799,0.1816,4581116.6
1750788000000,2025-06-24 20:00:00,0.1816,0.183,0.1797,0.1819,9404283.2
1750795200000,2025-06-24 22:00:00,0.1819,0.1838,0.1808,0.1821,4248100.2
1750802400000,2025-06-25 00:00:00,0.1821,0.1831,0.1811,0.1826,4901187.1
1750809600000,2025-06-25 02:00:00,0.1826,0.1836,0.1815,0.1825,3044778.7
1750816800000,2025-06-25 04:00:00,0.1825,0.1849,0.1823,0.1834,3490046.8
1750824000000,2025-06-25 06:00:00,0.1834,0.184,0.182,0.1834,4153835.6
1750831200000,2025-06-25 08:00:00,0.1834,0.1834,0.1817,0.1824,3564025.7
1750838400000,2025-06-25 10:00:00,0.1824,0.1827,0.1795,0.1804,5080733.6
1750845600000,2025-06-25 12:00:00,0.1804,0.1819,0.1798,0.1818,2273690.6
1750852800000,2025-06-25 14:00:00,0.1818,0.1829,0.1804,0.1819,4563071.5
1750860000000,2025-06-25 16:00:00,0.1819,0.182,0.177,0.1773,7999876.6
1750867200000,2025-06-25 18:00:00,0.1773,0.1787,0.1765,0.1775,4564299.2
1750874400000,2025-06-25 20:00:00,0.1775,0.1784,0.1765,0.1784,2812572.7
1750881600000,2025-06-25 22:00:00,0.1784,0.1796,0.1766,0.1768,1869925.6
1750888800000,2025-06-26 00:00:00,0.1768,0.177,0.1749,0.1757,1407330.5
1750896000000,2025-06-26 02:00:00,0.1757,0.1783,0.1747,0.177,2686707.5
1750903200000,2025-06-26 04:00:00,0.177,0.1801,0.1761,0.1772,2973627.1
1750910400000,2025-06-26 06:00:00,0.1772,0.1774,0.175,0.1755,1744827.7
1750917600000,2025-06-26 08:00:00,0.1755,0.1759,0.1732,0.1749,8630095.7
1750924800000,2025-06-26 10:00:00,0.1749,0.1762,0.1728,0.174,7741719.9
1750932000000,2025-06-26 12:00:00,0.174,0.1763,0.1739,0.175,6544487.1
1750939200000,2025-06-26 14:00:00,0.175,0.1753,0.1711,0.1713,7554746.2
1750946400000,2025-06-26 16:00:00,0.1713,0.1738,0.1705,0.1719,3688869.2
1750953600000,2025-06-26 18:00:00,0.1719,0.1723,0.1701,0.1711,3193595.1
1750960800000,2025-06-26 20:00:00,0.1711,0.1728,0.1705,0.172,2342244.0
1750968000000,2025-06-26 22:00:00,0.172,0.175,0.1714,0.1728,3911250.8
1750975200000,2025-06-27 00:00:00,0.1728,0.1736,0.1715,0.172,1295746.9
1750982400000,2025-06-27 02:00:00,0.172,0.1725,0.1693,0.1718,4153330.9
1750989600000,2025-06-27 04:00:00,0.1718,0.1732,0.1715,0.1729,1145117.1
1750996800000,2025-06-27 06:00:00,0.1729,0.1741,0.1719,0.172,1658550.1
1751004000000,2025-06-27 08:00:00,0.172,0.1727,0.1708,0.1712,1549034.4
1751011200000,2025-06-27 10:00:00,0.1712,0.1736,0.1711,0.1732,2541167.4
1751018400000,2025-06-27 12:00:00,0.1732,0.1733,0.1707,0.1711,1716131.7
1751025600000,2025-06-27 14:00:00,0.1711,0.1727,0.1699,0.1715,3108978.6
1751032800000,2025-06-27 16:00:00,0.1715,0.1746,0.1712,0.174,3398047.7
1751040000000,2025-06-27 18:00:00,0.174,0.1763,0.1721,0.1727,4653727.9
1751047200000,2025-06-27 20:00:00,0.1727,0.1729,0.1689,0.1716,9945882.5
1751054400000,2025-06-27 22:00:00,0.1716,0.1757,0.1715,0.1741,2867020.4
1751061600000,2025-06-28 00:00:00,0.1741,0.1752,0.1741,0.1745,1459808.5
1751068800000,2025-06-28 02:00:00,0.1745,0.1749,0.1729,0.1745,2013298.1
1751076000000,2025-06-28 04:00:00,0.1745,0.1755,0.1742,0.1744,1219461.3
1751083200000,2025-06-28 06:00:00,0.1744,0.1746,0.1732,0.1734,1225933.2
1751090400000,2025-06-28 08:00:00,0.1734,0.1744,0.173,0.1742,1111100.1
1751097600000,2025-06-28 10:00:00,0.1742,0.1743,0.1729,0.1739,857913.8
1751104800000,2025-06-28 12:00:00,0.1739,0.1751,0.1739,0.1743,1024934.2
1751112000000,2025-06-28 14:00:00,0.1743,0.1743,0.1729,0.173,636538.4
1751119200000,2025-06-28 16:00:00,0.173,0.1758,0.173,0.1756,998788.6
1751126400000,2025-06-28 18:00:00,0.1756,0.177,0.1747,0.1765,3614625.7
1751133600000,2025-06-28 20:00:00,0.1765,0.1769,0.1757,0.1761,1508350.6
1751140800000,2025-06-28 22:00:00,0.1761,0.1763,0.175,0.1763,605814.0
1751148000000,2025-06-29 00:00:00,0.1763,0.1773,0.1759,0.1764,1399959.4
1751155200000,2025-06-29 02:00:00,0.1764,0.177,0.1755,0.1757,687750.6
1751162400000,2025-06-29 04:00:00,0.1757,0.1767,0.1752,0.176,525543.5
1751169600000,2025-06-29 06:00:00,0.176,0.1777,0.176,0.1776,592318.1
1751176800000,2025-06-29 08:00:00,0.1776,0.1787,0.1771,0.1786,1490557.9
1751184000000,2025-06-29 10:00:00,0.1786,0.1803,0.1786,0.1799,1870935.9
1751191200000,2025-06-29 12:00:00,0.1799,0.1821,0.1799,0.1812,2774049.7
1751198400000,2025-06-29 14:00:00,0.1812,0.1814,0.179,0.1791,2396660.9
1751205600000,2025-06-29 16:00:00,0.1791,0.1799,0.1777,0.1782,1939725.3
1751212800000,2025-06-29 18:00:00,0.1782,0.1799,0.178,0.1799,1198865.5
1751220000000,2025-06-29 20:00:00,0.1799,0.1817,0.1795,0.1805,2003779.7
1751227200000,2025-06-29 22:00:00,0.1805,0.1817,0.1792,0.1817,2578662.4
1751234400000,2025-06-30 00:00:00,0.1817,0.1875,0.1817,0.1858,7614513.5
1751241600000,2025-06-30 02:00:00,0.1858,0.1865,0.1838,0.1845,5188506.2
1751248800000,2025-06-30 04:00:00,0.1845,0.1845,0.1829,0.1831,1208493.7
1751256000000,2025-06-30 06:00:00,0.1831,0.1832,0.1816,0.1828,2005910.5
1751263200000,2025-06-30 08:00:00,0.1828,0.1829,0.1791,0.1819,4336427.3
1751270400000,2025-06-30 10:00:00,0.1819,0.1823,0.1797,0.1797,2558153.8
1751277600000,2025-06-30 12:00:00,0.1797,0.1802,0.1782,0.1785,5054395.1
1751284800000,2025-06-30 14:00:00,0.1785,0.1798,0.1774,0.178,5240670.5
1751292000000,2025-06-30 16:00:00,0.178,0.1808,0.1765,0.1796,10365115.0
1751299200000,2025-06-30 18:00:00,0.1796,0.1816,0.1788,0.1805,3695487.3
1751306400000,2025-06-30 20:00:00,0.1805,0.1854,0.1796,0.185,3412163.6
1751313600000,2025-06-30 22:00:00,0.185,0.1872,0.1832,0.1838,9084360.5
1751320800000,2025-07-01 00:00:00,0.1838,0.1858,0.1835,0.1853,5143813.9
1751328000000,2025-07-01 02:00:00,0.1853,0.1906,0.1838,0.1891,19600568.3
1751335200000,2025-07-01 04:00:00,0.1891,0.1918,0.1887,0.1907,10505741.3
1751342400000,2025-07-01 06:00:00,0.1907,0.1913,0.1856,0.1872,5870536.8
1751349600000,2025-07-01 08:00:00,0.1872,0.1874,0.1837,0.187,6938365.6
1751356800000,2025-07-01 10:00:00,0.187,0.1884,0.186,0.187,5680627.0
1751364000000,2025-07-01 12:00:00,0.187,0.1887,0.1841,0.186,7306526.9
1751371200000,2025-07-01 14:00:00,0.186,0.1869,0.1816,0.1839,6905666.9
1751378400000,2025-07-01 16:00:00,0.1839,0.185,0.181,0.181,4994681.7
1751385600000,2025-07-01 18:00:00,0.181,0.181,0.1726,0.1737,18539982.8
1751392800000,2025-07-01 20:00:00,0.1737,0.1739,0.1698,0.1707,16843708.4
1751400000000,2025-07-01 22:00:00,0.1707,0.1727,0.1693,0.1717,10561991.5
1751407200000,2025-07-02 00:00:00,0.1717,0.1721,0.1701,0.1706,2823585.6
1751414400000,2025-07-02 02:00:00,0.1706,0.1735,0.1704,0.1722,5913524.8
1751421600000,2025-07-02 04:00:00,0.1722,0.173,0.1711,0.172,3773149.8
1751428800000,2025-07-02 06:00:00,0.172,0.1756,0.172,0.1745,5326965.8
1751436000000,2025-07-02 08:00:00,0.1745,0.1761,0.1739,0.1747,4330719.9
1751443200000,2025-07-02 10:00:00,0.1747,0.1764,0.1747,0.1753,3820816.0
1751450400000,2025-07-02 12:00:00,0.1753,0.1761,0.1733,0.1739,5812460.4
1751457600000,2025-07-02 14:00:00,0.1739,0.1758,0.1722,0.1753,6612758.0
1751464800000,2025-07-02 16:00:00,0.1753,0.1787,0.1751,0.1783,5036188.4
1751472000000,2025-07-02 18:00:00,0.1783,0.1832,0.1782,0.1806,15000391.0
1751479200000,2025-07-02 20:00:00,0.1806,0.1831,0.1806,0.1829,6990812.6
1751486400000,2025-07-02 22:00:00,0.1829,0.1838,0.1818,0.1835,7641913.0
1751493600000,2025-07-03 00:00:00,0.1835,0.1841,0.1803,0.181,3742600.2
1751500800000,2025-07-03 02:00:00,0.181,0.1839,0.1809,0.1837,3929596.8
1751508000000,2025-07-03 04:00:00,0.1837,0.1845,0.1826,0.1826,2332469.1
1751515200000,2025-07-03 06:00:00,0.1826,0.1864,0.1821,0.1862,6154226.7
1751522400000,2025-07-03 08:00:00,0.1862,0.1882,0.1858,0.1873,6225162.5
1751529600000,2025-07-03 10:00:00,0.1873,0.1887,0.1858,0.1873,5381124.4
1751536800000,2025-07-03 12:00:00,0.1873,0.1874,0.1847,0.1852,5044097.3
1751544000000,2025-07-03 14:00:00,0.1852,0.1879,0.1825,0.1872,9850914.3
1751551200000,2025-07-03 16:00:00,0.1872,0.1882,0.181,0.1815,6193277.4
1751558400000,2025-07-03 18:00:00,0.1815,0.1836,0.1815,0.1836,2420942.5
1751565600000,2025-07-03 20:00:00,0.1836,0.184,0.1821,0.1835,1212039.4
1751572800000,2025-07-03 22:00:00,0.1835,0.1847,0.183,0.1835,2546459.7
1751580000000,2025-07-04 00:00:00,0.1835,0.1836,0.1818,0.1821,1122974.5
1751587200000,2025-07-04 02:00:00,0.1821,0.1833,0.1815,0.1819,1597724.5
1751594400000,2025-07-04 04:00:00,0.1819,0.1819,0.1793,0.1793,4935797.9
1751601600000,2025-07-04 06:00:00,0.1793,0.1796,0.177,0.1773,3645566.9
1751608800000,2025-07-04 08:00:00,0.1773,0.1773,0.1747,0.1748,6907650.1
1751616000000,2025-07-04 10:00:00,0.1748,0.1763,0.1734,0.1754,9038626.2
1751623200000,2025-07-04 12:00:00,0.1754,0.176,0.1744,0.175,2885376.9
1751630400000,2025-07-04 14:00:00,0.175,0.1756,0.1739,0.1744,3328639.2
1751637600000,2025-07-04 16:00:00,0.1744,0.175,0.1725,0.1727,4427743.4
1751644800000,2025-07-04 18:00:00,0.1727,0.1736,0.1712,0.1729,5635789.7
1751652000000,2025-07-04 20:00:00,0.1729,0.1733,0.1719,0.1724,4120834.6
1751659200000,2025-07-04 22:00:00,0.1724,0.1734,0.1719,0.1728,2680209.4
1751666400000,2025-07-05 00:00:00,0.1728,0.1752,0.1727,0.1734,2316589.1
1751673600000,2025-07-05 02:00:00,0.1734,0.174,0.1722,0.1729,2331393.2
1751680800000,2025-07-05 04:00:00,0.1729,0.1743,0.1719,0.1739,1331811.2
1751688000000,2025-07-05 06:00:00,0.1739,0.1745,0.1728,0.1744,1551230.5
1751695200000,2025-07-05 08:00:00,0.1744,0.1762,0.174,0.1746,2377126.8
1751702400000,2025-07-05 10:00:00,0.1746,0.1751,0.1728,0.1742,2664257.8
1751709600000,2025-07-05 12:00:00,0.1742,0.1744,0.1731,0.1735,953932.7
1751716800000,2025-07-05 14:00:00,0.1735,0.1742,0.1728,0.1732,1434611.9
1751724000000,2025-07-05 16:00:00,0.1732,0.1742,0.1729,0.1733,1173345.4
1751731200000,2025-07-05 18:00:00,0.1733,0.174,0.1723,0.1733,2339495.8
1751738400000,2025-07-05 20:00:00,0.1733,0.1743,0.1724,0.1743,1136910.4
1751745600000,2025-07-05 22:00:00,0.1743,0.1751,0.1741,0.175,1679884.6
1751752800000,2025-07-06 00:00:00,0.175,0.1753,0.1742,0.1743,866969.3
1751760000000,2025-07-06 02:00:00,0.1743,0.1744,0.1734,0.1738,1059547.0
1751767200000,2025-07-06 04:00:00,0.1738,0.174,0.1733,0.1738,838022.2
1751774400000,2025-07-06 06:00:00,0.1738,0.1744,0.1732,0.1733,1255500.9
1751781600000,2025-07-06 08:00:00,0.1733,0.1748,0.1733,0.1744,1818620.5
1751788800000,2025-07-06 10:00:00,0.1744,0.1754,0.1739,0.1745,3022641.9
1751796000000,2025-07-06 12:00:00,0.1745,0.1756,0.1738,0.1755,1788097.0
1751803200000,2025-07-06 14:00:00,0.1755,0.1784,0.1749,0.1774,3567850.6
1751810400000,2025-07-06 16:00:00,0.1774,0.1778,0.1759,0.177,2826961.5
1751817600000,2025-07-06 18:00:00,0.177,0.178,0.1766,0.1772,2688941.7
1751824800000,2025-07-06 20:00:00,0.1772,0.1774,0.1754,0.1766,1598142.7
1751832000000,2025-07-06 22:00:00,0.1766,0.1791,0.1763,0.178,3069828.2
1751839200000,2025-07-07 00:00:00,0.178,0.1791,0.1759,0.1767,3493860.5
1751846400000,2025-07-07 02:00:00,0.1767,0.1777,0.1764,0.1774,1732585.9
1751853600000,2025-07-07 04:00:00,0.1774,0.179,0.1774,0.1776,2031882.2
1751860800000,2025-07-07 06:00:00,0.1776,0.1778,0.1763,0.1766,2443220.6
1751868000000,2025-07-07 08:00:00,0.1766,0.1768,0.1749,0.1768,2965722.6
1751875200000,2025-07-07 10:00:00,0.1768,0.1771,0.1752,0.1756,2353680.5
1751882400000,2025-07-07 12:00:00,0.1756,0.1762,0.175,0.1758,1468416.3
1751889600000,2025-07-07 14:00:00,0.1758,0.1779,0.1748,0.1777,5502841.0
1751896800000,2025-07-07 16:00:00,0.1777,0.178,0.175,0.1752,3230663.3
1751904000000,2025-07-07 18:00:00,0.1752,0.1759,0.1735,0.1745,3928687.2
1751911200000,2025-07-07 20:00:00,0.1745,0.1762,0.1734,0.1753,2782489.7
1751918400000,2025-07-07 22:00:00,0.1753,0.1753,0.1729,0.1746,1866149.1
1751925600000,2025-07-08 00:00:00,0.1746,0.1761,0.1735,0.1759,1210564.5
1751932800000,2025-07-08 02:00:00,0.1759,0.1762,0.1734,0.1737,5722914.7
1751940000000,2025-07-08 04:00:00,0.1737,0.1741,0.1731,0.1736,1614417.6
1751947200000,2025-07-08 06:00:00,0.1736,0.1738,0.1727,0.1737,990217.4
1751954400000,2025-07-08 08:00:00,0.1737,0.1743,0.1735,0.1739,1547790.7
1751961600000,2025-07-08 10:00:00,0.1739,0.1746,0.1729,0.1735,1454463.8
1751968800000,2025-07-08 12:00:00,0.1735,0.1765,0.1735,0.1758,2915831.0
1751976000000,2025-07-08 14:00:00,0.1758,0.1781,0.1755,0.1777,2343483.3
1751983200000,2025-07-08 16:00:00,0.1777,0.1778,0.1745,0.1751,2615143.2
1751990400000,2025-07-08 18:00:00,0.1751,0.1797,0.175,0.1792,3545037.7
1751997600000,2025-07-08 20:00:00,0.1792,0.1806,0.1783,0.1791,3755455.1
1752004800000,2025-07-08 22:00:00,0.1791,0.1802,0.1782,0.1801,1904598.8
1752012000000,2025-07-09 00:00:00,0.1801,0.1808,0.1788,0.1789,1660402.2
1752019200000,2025-07-09 02:00:00,0.1789,0.1804,0.1785,0.1786,1436325.5
1752026400000,2025-07-09 04:00:00,0.1786,0.179,0.1781,0.1784,1392846.4
1752033600000,2025-07-09 06:00:00,0.1784,0.182,0.1783,0.1817,4934151.3
1752040800000,2025-07-09 08:00:00,0.1817,0.1832,0.1809,0.1831,3575078.2
1752048000000,2025-07-09 10:00:00,0.1831,0.1841,0.1823,0.183,4981911.6
1752055200000,2025-07-09 12:00:00,0.183,0.1862,0.1827,0.1856,5734319.4
1752062400000,2025-07-09 14:00:00,0.1856,0.1892,0.1853,0.187,10507668.5
1752069600000,2025-07-09 16:00:00,0.187,0.1887,0.1853,0.1886,5917557.3
1752076800000,2025-07-09 18:00:00,0.1886,0.1894,0.1866,0.1876,6176292.3
1752084000000,2025-07-09 20:00:00,0.1876,0.1938,0.1876,0.193,18339445.6
1752091200000,2025-07-09 22:00:00,0.193,0.1938,0.1902,0.1916,10863761.9
1752098400000,2025-07-10 00:00:00,0.1916,0.1928,0.1916,0.1921,3131106.4
1752105600000,2025-07-10 02:00:00,0.1921,0.1931,0.1898,0.1919,3384635.0
1752112800000,2025-07-10 04:00:00,0.1919,0.1941,0.1919,0.193,2299546.3
1752120000000,2025-07-10 06:00:00,0.193,0.1943,0.1918,0.1936,2213438.7
1752127200000,2025-07-10 08:00:00,0.1936,0.1959,0.1927,0.1949,8408581.9
1752134400000,2025-07-10 10:00:00,0.1949,0.1965,0.1943,0.1948,4610784.3
1752141600000,2025-07-10 12:00:00,0.1948,0.1959,0.1939,0.1947,2673019.4
1752148800000,2025-07-10 14:00:00,0.1947,0.1949,0.1931,0.1935,2541490.3
1752156000000,2025-07-10 16:00:00,0.1935,0.1942,0.1917,0.1929,4699011.4
1752163200000,2025-07-10 18:00:00,0.1929,0.2018,0.1925,0.2012,19992741.1
1752170400000,2025-07-10 20:00:00,0.2012,0.2017,0.1986,0.2012,8403711.5
1752177600000,2025-07-10 22:00:00,0.2012,0.2113,0.201,0.2102,12545161.5
1752184800000,2025-07-11 00:00:00,0.2102,0.2125,0.2089,0.2119,13090049.0
1752192000000,2025-07-11 02:00:00,0.2119,0.217,0.2102,0.217,6194562.4
1752199200000,2025-07-11 04:00:00,0.217,0.2222,0.2161,0.2217,7160045.8
1752206400000,2025-07-11 06:00:00,0.2217,0.2256,0.2198,0.2241,17090627.2
1752213600000,2025-07-11 08:00:00,0.2241,0.2249,0.2167,0.2191,10337746.5
1752220800000,2025-07-11 10:00:00,0.2191,0.2238,0.2185,0.2236,9455282.3
1752228000000,2025-07-11 12:00:00,0.2236,0.2258,0.2215,0.2229,7869792.1
1752235200000,2025-07-11 14:00:00,0.2229,0.2332,0.2229,0.2318,9181233.8
1752242400000,2025-07-11 16:00:00,0.2318,0.2366,0.2242,0.2253,30427926.5
1752249600000,2025-07-11 18:00:00,0.2253,0.2286,0.2221,0.2255,17688899.3
1752256800000,2025-07-11 20:00:00,0.2255,0.2293,0.2253,0.2287,8173283.8
1752264000000,2025-07-11 22:00:00,0.2287,0.2298,0.2198,0.2217,6723568.6
1752271200000,2025-07-12 00:00:00,0.2217,0.2222,0.2145,0.2181,10560627.7
1752278400000,2025-07-12 02:00:00,0.2181,0.2251,0.2134,0.2245,9650360.2
1752285600000,2025-07-12 04:00:00,0.2245,0.2277,0.2216,0.2231,6612040.4
1752292800000,2025-07-12 06:00:00,0.2231,0.2245,0.2195,0.2205,5117479.1
1752300000000,2025-07-12 08:00:00,0.2205,0.2226,0.2186,0.2205,6054482.7
1752307200000,2025-07-12 10:00:00,0.2205,0.2259,0.22,0.225,5156519.0
1752314400000,2025-07-12 12:00:00,0.225,0.2263,0.2219,0.2234,5368147.4
1752321600000,2025-07-12 14:00:00,0.2234,0.2246,0.2164,0.2192,10871508.6
1752328800000,2025-07-12 16:00:00,0.2192,0.2208,0.2122,0.2141,8336194.2
1752336000000,2025-07-12 18:00:00,0.2141,0.2191,0.2129,0.2177,4633834.3
1752343200000,2025-07-12 20:00:00,0.2177,0.2196,0.2164,0.2177,3212835.5
1752350400000,2025-07-12 22:00:00,0.2177,0.2189,0.2137,0.2189,3648250.2
1752357600000,2025-07-13 00:00:00,0.2189,0.2194,0.2165,0.219,7118639.3
1752364800000,2025-07-13 02:00:00,0.219,0.2208,0.2172,0.2197,3747169.7
1752372000000,2025-07-13 04:00:00,0.2197,0.2232,0.2158,0.221,11500890.9
1752379200000,2025-07-13 06:00:00,0.221,0.2289,0.2196,0.2269,6949028.8
1752386400000,2025-07-13 08:00:00,0.2269,0.2441,0.2269,0.2393,39069926.4
1752393600000,2025-07-13 10:00:00,0.2393,0.245,0.2347,0.2375,28344889.9
1752400800000,2025-07-13 12:00:00,0.2375,0.2441,0.2349,0.2356,18347383.1
1752408000000,2025-07-13 14:00:00,0.2356,0.2542,0.2354,0.2492,70387575.1
1752415200000,2025-07-13 16:00:00,0.2492,0.2699,0.2492,0.2618,81925606.4
1752422400000,2025-07-13 18:00:00,0.2618,0.2638,0.2553,0.2566,22053627.9
1752429600000,2025-07-13 20:00:00,0.2566,0.2687,0.2558,0.2634,23699674.4
1752436800000,2025-07-13 22:00:00,0.2634,0.2689,0.2568,0.2606,36903269.1
1752444000000,2025-07-14 00:00:00,0.2606,0.2655,0.2524,0.2637,25068998.3
1752451200000,2025-07-14 02:00:00,0.2637,0.2745,0.262,0.265,52059493.3
1752458400000,2025-07-14 04:00:00,0.265,0.3001,0.2632,0.2949,94027786.7
1752465600000,2025-07-14 06:00:00,0.2949,0.3099,0.2801,0.283,97432175.9
1752472800000,2025-07-14 08:00:00,0.283,0.2907,0.2782,0.2883,40723680.7
1752480000000,2025-07-14 10:00:00,0.2883,0.2885,0.2761,0.2794,37875709.8
1752487200000,2025-07-14 12:00:00,0.2794,0.2794,0.2723,0.2762,27463813.2
1752494400000,2025-07-14 14:00:00,0.2762,0.2845,0.275,0.2832,32424842.8
1752501600000,2025-07-14 16:00:00,0.2832,0.2864,0.2755,0.2809,35168566.9
1752508800000,2025-07-14 18:00:00,0.2809,0.2919,0.2804,0.2877,36010359.3
1752516000000,2025-07-14 20:00:00,0.2877,0.2895,0.2786,0.2805,18834007.8
1752523200000,2025-07-14 22:00:00,0.2805,0.2841,0.2761,0.2791,21136034.7
1752530400000,2025-07-15 00:00:00,0.2791,0.2837,0.2763,0.2796,22123582.8
1752537600000,2025-07-15 02:00:00,0.2796,0.2905,0.2768,0.2852,35850188.0
1752544800000,2025-07-15 04:00:00,0.2852,0.2875,0.2721,0.2794,34396743.0
1752552000000,2025-07-15 06:00:00,0.2794,0.2856,0.2744,0.2766,24564929.1
1752559200000,2025-07-15 08:00:00,0.2766,0.2789,0.2709,0.2725,15368294.9
1752566400000,2025-07-15 10:00:00,0.2725,0.2815,0.2687,0.2776,18303627.3
1752573600000,2025-07-15 12:00:00,0.2776,0.2851,0.2776,0.2848,18856585.7
1752580800000,2025-07-15 14:00:00,0.2848,0.2949,0.2758,0.2876,69581058.2
1752588000000,2025-07-15 16:00:00,0.2876,0.2898,0.2773,0.2803,19591438.6
1752595200000,2025-07-15 18:00:00,0.2803,0.2884,0.2799,0.2879,14646746.9
1752602400000,2025-07-15 20:00:00,0.2879,0.2896,0.2753,0.2773,18039208.7
1752609600000,2025-07-15 22:00:00,0.2773,0.2819,0.2759,0.2804,8760425.3
1752616800000,2025-07-16 00:00:00,0.2804,0.2876,0.2777,0.2841,12112955.2
1752624000000,2025-07-16 02:00:00,0.2841,0.2878,0.2798,0.2806,14051145.1
1752631200000,2025-07-16 04:00:00,0.2806,0.2806,0.2738,0.2774,15897489.6
1752638400000,2025-07-16 06:00:00,0.2774,0.2806,0.2757,0.2778,8083511.5
1752645600000,2025-07-16 08:00:00,0.2778,0.2857,0.2774,0.2829,10655049.3
1752652800000,2025-07-16 10:00:00,0.2829,0.2924,0.2814,0.2855,27822374.6
1752660000000,2025-07-16 12:00:00,0.2855,0.2866,0.2807,0.2809,10402730.9
1752667200000,2025-07-16 14:00:00,0.2809,0.2872,0.2798,0.2837,15396644.6
1752674400000,2025-07-16 16:00:00,0.2837,0.2895,0.2804,0.2821,21835285.5
1752681600000,2025-07-16 18:00:00,0.2821,0.2886,0.2796,0.2862,12266509.9
1752688800000,2025-07-16 20:00:00,0.2862,0.2918,0.284,0.2863,20461516.4
1752696000000,2025-07-16 22:00:00,0.2863,0.2967,0.2861,0.2911,21745503.1
1752703200000,2025-07-17 00:00:00,0.2911,0.2939,0.2828,0.2848,13102604.6
1752710400000,2025-07-17 02:00:00,0.2848,0.2893,0.277,0.2804,16030451.1
1752717600000,2025-07-17 04:00:00,0.2804,0.2839,0.2782,0.2807,7997934.9
1752724800000,2025-07-17 06:00:00,0.2807,0.2967,0.2794,0.296,30705025.5
1752732000000,2025-07-17 08:00:00,0.296,0.2994,0.2866,0.2894,31132431.1
1752739200000,2025-07-17 10:00:00,0.2894,0.3002,0.2871,0.2966,24210580.1
1752746400000,2025-07-17 12:00:00,0.2966,0.2998,0.2921,0.2934,24141926.6
1752753600000,2025-07-17 14:00:00,0.2934,0.2978,0.2859,0.2908,27473723.8
1752760800000,2025-07-17 16:00:00,0.2908,0.2979,0.2861,0.2964,25532148.9
1752768000000,2025-07-17 18:00:00,0.2964,0.3009,0.2925,0.2999,35007469.8
1752775200000,2025-07-17 20:00:00,0.2999,0.3208,0.2994,0.3069,79340589.1
1752782400000,2025-07-17 22:00:00,0.3069,0.32,0.2977,0.317,59151249.4
1752789600000,2025-07-18 00:00:00,0.317,0.3294,0.3154,0.3189,52781665.0
1752796800000,2025-07-18 02:00:00,0.3189,0.3364,0.3187,0.324,55747539.9
1752804000000,2025-07-18 04:00:00,0.324,0.3241,0.314,0.3159,39546887.9
1752811200000,2025-07-18 06:00:00,0.3159,0.3234,0.3149,0.32,26923742.6
1752818400000,2025-07-18 08:00:00,0.32,0.3206,0.3074,0.3077,24116131.1
1752825600000,2025-07-18 10:00:00,0.3077,0.3114,0.3042,0.3085,22074378.6
1752832800000,2025-07-18 12:00:00,0.3085,0.3087,0.3024,0.3067,15570929.8
1752840000000,2025-07-18 14:00:00,0.3067,0.3097,0.3045,0.3065,14589464.2
1752847200000,2025-07-18 16:00:00,0.3065,0.3076,0.2944,0.2954,28194495.3
1752854400000,2025-07-18 18:00:00,0.2954,0.3006,0.2933,0.3003,9968128.5
1752861600000,2025-07-18 20:00:00,0.3003,0.3011,0.2943,0.2985,9487763.2
1752868800000,2025-07-18 22:00:00,0.2985,0.2996,0.2909,0.2942,21928970.1
1752876000000,2025-07-19 00:00:00,0.2942,0.2961,0.2882,0.2937,13540841.5
1752883200000,2025-07-19 02:00:00,0.2937,0.2968,0.2866,0.2884,11358462.0
1752890400000,2025-07-19 04:00:00,0.2884,0.2934,0.2861,0.2919,10686841.1
1752897600000,2025-07-19 06:00:00,0.2919,0.2962,0.291,0.2941,9958395.3
1752904800000,2025-07-19 08:00:00,0.2941,0.297,0.2916,0.2944,8195948.8
1752912000000,2025-07-19 10:00:00,0.2944,0.2958,0.2912,0.2952,5910191.3
1752919200000,2025-07-19 12:00:00,0.2952,0.2953,0.2884,0.2889,8593172.4
1752926400000,2025-07-19 14:00:00,0.2889,0.2913,0.2868,0.2894,6870164.2
1752933600000,2025-07-19 16:00:00,0.2894,0.2896,0.2819,0.2856,20961600.6
1752940800000,2025-07-19 18:00:00,0.2856,0.2896,0.2852,0.2871,5202767.2
1752948000000,2025-07-19 20:00:00,0.2871,0.2917,0.2862,0.2898,4136534.7
1752955200000,2025-07-19 22:00:00,0.2898,0.2942,0.2869,0.2903,10606911.8
1752962400000,2025-07-20 00:00:00,0.2903,0.2941,0.2894,0.2912,6592172.9
1752969600000,2025-07-20 02:00:00,0.2912,0.2931,0.2884,0.2887,5435076.5
1752976800000,2025-07-20 04:00:00,0.2887,0.2921,0.2876,0.2897,3374063.3
1752984000000,2025-07-20 06:00:00,0.2897,0.2925,0.2884,0.2914,5286182.4
1752991200000,2025-07-20 08:00:00,0.2914,0.2952,0.2893,0.2935,7480216.4
1752998400000,2025-07-20 10:00:00,0.2935,0.3004,0.293,0.2976,14284133.3
1753005600000,2025-07-20 12:00:00,0.2976,0.3037,0.2976,0.3001,15507941.7
1753012800000,2025-07-20 14:00:00,0.3001,0.3047,0.2982,0.3046,9094585.4
1753020000000,2025-07-20 16:00:00,0.3046,0.3049,0.3003,0.3032,9132282.0
1753027200000,2025-07-20 18:00:00,0.3032,0.307,0.2998,0.3006,22226353.9
1753034400000,2025-07-20 20:00:00,0.3006,0.3029,0.2984,0.2985,10068972.9
1753041600000,2025-07-20 22:00:00,0.2985,0.2993,0.2936,0.2962,10489311.4
1753048800000,2025-07-21 00:00:00,0.2962,0.2965,0.2858,0.2914,13923776.4
1753056000000,2025-07-21 02:00:00,0.2914,0.3001,0.2866,0.2974,12779004.0
1753063200000,2025-07-21 04:00:00,0.2974,0.3035,0.2973,0.3011,14175669.9
1753070400000,2025-07-21 06:00:00,0.3011,0.3019,0.2987,0.3014,6515308.0
1753077600000,2025-07-21 08:00:00,0.3014,0.3087,0.3011,0.3079,16338827.2
1753084800000,2025-07-21 10:00:00,0.3079,0.3103,0.3019,0.3036,14076005.6
1753092000000,2025-07-21 12:00:00,0.3036,0.3063,0.3009,0.3019,10082788.6
1753099200000,2025-07-21 14:00:00,0.3019,0.3063,0.2993,0.304,14035855.5
1753106400000,2025-07-21 16:00:00,0.304,0.3119,0.3027,0.3032,32851708.9
1753113600000,2025-07-21 18:00:00,0.3032,0.3045,0.2962,0.3024,15073537.4
1753120800000,2025-07-21 20:00:00,0.3024,0.3047,0.2931,0.2942,13226542.1
1753128000000,2025-07-21 22:00:00,0.2942,0.2974,0.2922,0.2969,8014188.7
1753135200000,2025-07-22 00:00:00,0.2969,0.3002,0.2964,0.2984,4057106.4
1753142400000,2025-07-22 02:00:00,0.2984,0.3004,0.2877,0.2984,16946242.6
1753149600000,2025-07-22 04:00:00,0.2984,0.2998,0.2899,0.2927,14383176.9
1753156800000,2025-07-22 06:00:00,0.2927,0.2939,0.2833,0.2866,17704653.4
1753164000000,2025-07-22 08:00:00,0.2866,0.292,0.2852,0.2882,7077561.2
1753171200000,2025-07-22 10:00:00,0.2882,0.2882,0.2792,0.285,23747570.7
1753178400000,2025-07-22 12:00:00,0.285,0.2902,0.2842,0.289,8049157.5
1753185600000,2025-07-22 14:00:00,0.289,0.29,0.282,0.2832,15737535.3
1753192800000,2025-07-22 16:00:00,0.2832,0.2926,0.2803,0.2889,19451339.7
1753200000000,2025-07-22 18:00:00,0.2889,0.2936,0.2879,0.2913,7684059.5
1753207200000,2025-07-22 20:00:00,0.2913,0.2964,0.2893,0.29,9319132.0
1753214400000,2025-07-22 22:00:00,0.29,0.2954,0.2894,0.294,5048284.0
1753221600000,2025-07-23 00:00:00,0.294,0.2983,0.2936,0.2969,4522420.4
1753228800000,2025-07-23 02:00:00,0.2969,0.297,0.2895,0.2915,5786756.4
1753236000000,2025-07-23 04:00:00,0.2915,0.2929,0.2892,0.2898,7551808.3
1753243200000,2025-07-23 06:00:00,0.2898,0.2943,0.2892,0.2918,5276935.7
1753250400000,2025-07-23 08:00:00,0.2918,0.2919,0.2864,0.2872,6100396.0
1753257600000,2025-07-23 10:00:00,0.2872,0.2891,0.2835,0.2837,5381163.2
1753264800000,2025-07-23 12:00:00,0.2837,0.2843,0.2809,0.2822,8839899.9
1753272000000,2025-07-23 14:00:00,0.2822,0.2825,0.2645,0.2687,57570215.5
1753279200000,2025-07-23 16:00:00,0.2687,0.2739,0.2679,0.2734,16511052.9
1753286400000,2025-07-23 18:00:00,0.2734,0.2734,0.2618,0.2677,22076864.4
1753293600000,2025-07-23 20:00:00,0.2677,0.2701,0.2663,0.2666,6079763.7
1753300800000,2025-07-23 22:00:00,0.2666,0.2683,0.2579,0.265,23440421.9
1753308000000,2025-07-24 00:00:00,0.265,0.2697,0.2625,0.2676,9633539.4
1753315200000,2025-07-24 02:00:00,0.2676,0.2713,0.2653,0.27,6439931.4
1753322400000,2025-07-24 04:00:00,0.27,0.2719,0.267,0.2692,5714761.0
1753329600000,2025-07-24 06:00:00,0.2692,0.2696,0.2552,0.2559,16856137.0
1753336800000,2025-07-24 08:00:00,0.2559,0.2608,0.2492,0.2574,32118484.8
1753344000000,2025-07-24 10:00:00,0.2574,0.2602,0.2558,0.2589,8504291.3
1753351200000,2025-07-24 12:00:00,0.2589,0.2642,0.2542,0.2632,9772237.9
1753358400000,2025-07-24 14:00:00,0.2632,0.2656,0.2603,0.2614,10743824.0
1753365600000,2025-07-24 16:00:00,0.2614,0.2735,0.2594,0.2706,14459009.8
1753372800000,2025-07-24 18:00:00,0.2706,0.2711,0.2618,0.2692,15148770.6
1753380000000,2025-07-24 20:00:00,0.2692,0.2709,0.2664,0.2665,5180298.7
1753387200000,2025-07-24 22:00:00,0.2665,0.2687,0.2635,0.2648,4288143.5
1753394400000,2025-07-25 00:00:00,0.2648,0.2662,0.2594,0.2615,10212401.6
1753401600000,2025-07-25 02:00:00,0.2615,0.2619,0.2555,0.26,9959943.1
1753408800000,2025-07-25 04:00:00,0.26,0.2614,0.2513,0.2553,9703188.5
1753416000000,2025-07-25 06:00:00,0.2553,0.2591,0.2511,0.2554,7250875.7
1753423200000,2025-07-25 08:00:00,0.2554,0.2599,0.253,0.2562,6516088.0
1753430400000,2025-07-25 10:00:00,0.2562,0.2626,0.2555,0.2621,8864902.8
1753437600000,2025-07-25 12:00:00,0.2621,0.2653,0.2601,0.2633,7075022.4
1753444800000,2025-07-25 14:00:00,0.2633,0.2706,0.2596,0.2626,21090203.3
1753452000000,2025-07-25 16:00:00,0.2626,0.2632,0.2528,0.2565,13105127.8
1753459200000,2025-07-25 18:00:00,0.2565,0.2605,0.2553,0.2585,8130010.5
1753466400000,2025-07-25 20:00:00,0.2585,0.2629,0.2584,0.2611,4868229.9
1753473600000,2025-07-25 22:00:00,0.2611,0.2678,0.261,0.2678,7504721.7
1753480800000,2025-07-26 00:00:00,0.2678,0.2678,0.2653,0.2667,4523368.6
1753488000000,2025-07-26 02:00:00,0.2667,0.2693,0.2648,0.2658,4162461.2
1753495200000,2025-07-26 04:00:00,0.2658,0.27,0.2658,0.2688,4192935.8
1753502400000,2025-07-26 06:00:00,0.2688,0.2712,0.2683,0.2698,5627275.1
1753509600000,2025-07-26 08:00:00,0.2698,0.2698,0.267,0.267,3450337.1
1753516800000,2025-07-26 10:00:00,0.267,0.2693,0.2666,0.2693,3171750.4
1753524000000,2025-07-26 12:00:00,0.2693,0.272,0.269,0.2701,8971542.4
1753531200000,2025-07-26 14:00:00,0.2701,0.2763,0.2692,0.2755,7973842.2
1753538400000,2025-07-26 16:00:00,0.2755,0.2798,0.2723,0.2744,17649652.4
1753545600000,2025-07-26 18:00:00,0.2744,0.2764,0.2728,0.274,4860145.8
1753552800000,2025-07-26 20:00:00,0.274,0.2814,0.2725,0.2799,7830679.2
1753560000000,2025-07-26 22:00:00,0.2799,0.2801,0.2764,0.279,5221436.9
1753567200000,2025-07-27 00:00:00,0.279,0.2801,0.2744,0.2746,3320519.7
1753574400000,2025-07-27 02:00:00,0.2746,0.2768,0.2732,0.2748,4057720.9
1753581600000,2025-07-27 04:00:00,0.2748,0.2792,0.2744,0.2773,6325679.0
1753588800000,2025-07-27 06:00:00,0.2773,0.29,0.2758,0.2879,18759637.2
1753596000000,2025-07-27 08:00:00,0.2879,0.291,0.2841,0.2854,13039832.4
1753603200000,2025-07-27 10:00:00,0.2854,0.286,0.2773,0.2775,11006831.4
1753610400000,2025-07-27 12:00:00,0.2775,0.2821,0.2775,0.2789,10279779.0
1753617600000,2025-07-27 14:00:00,0.2789,0.2818,0.2774,0.2798,7326244.0
1753624800000,2025-07-27 16:00:00,0.2798,0.2814,0.2768,0.2804,5959486.7
1753632000000,2025-07-27 18:00:00,0.2804,0.2841,0.2803,0.2829,7104282.5
1753639200000,2025-07-27 20:00:00,0.2829,0.285,0.2812,0.2816,3284488.4
1753646400000,2025-07-27 22:00:00,0.2816,0.2841,0.2798,0.2837,3323078.0
1753653600000,2025-07-28 00:00:00,0.2837,0.2872,0.2827,0.2858,5760918.5
1753660800000,2025-07-28 02:00:00,0.2858,0.288,0.2805,0.2824,6731424.9
1753668000000,2025-07-28 04:00:00,0.2824,0.288,0.2815,0.284,3995023.6
1753675200000,2025-07-28 06:00:00,0.284,0.2875,0.2831,0.2865,4123652.2
1753682400000,2025-07-28 08:00:00,0.2865,0.288,0.282,0.283,5242283.0
1753689600000,2025-07-28 10:00:00,0.283,0.2853,0.2816,0.2844,3119498.5
1753696800000,2025-07-28 12:00:00,0.2844,0.2844,0.2779,0.2806,7056416.7
1753704000000,2025-07-28 14:00:00,0.2806,0.2812,0.2733,0.2743,11412128.0
1753711200000,2025-07-28 16:00:00,0.2743,0.2752,0.2685,0.2692,12140410.5
1753718400000,2025-07-28 18:00:00,0.2692,0.2702,0.2664,0.2671,9286641.9
1753725600000,2025-07-28 20:00:00,0.2671,0.2675,0.2638,0.2663,7560831.8
1753732800000,2025-07-28 22:00:00,0.2663,0.269,0.2636,0.2666,5867389.2
1753740000000,2025-07-29 00:00:00,0.2666,0.2677,0.2627,0.265,4797839.1
1753747200000,2025-07-29 02:00:00,0.265,0.267,0.2606,0.2608,10565341.5
1753754400000,2025-07-29 04:00:00,0.2608,0.265,0.2589,0.2644,9153331.6
1753761600000,2025-07-29 06:00:00,0.2644,0.2675,0.2632,0.2673,2530859.6
1753768800000,2025-07-29 08:00:00,0.2673,0.2725,0.2662,0.2723,8253984.5
1753776000000,2025-07-29 10:00:00,0.2723,0.2731,0.2687,0.2691,4133967.9
1753783200000,2025-07-29 12:00:00,0.2691,0.2694,0.2635,0.2656,4616055.2
1753790400000,2025-07-29 14:00:00,0.2656,0.2693,0.2631,0.2638,4990540.1
1753797600000,2025-07-29 16:00:00,0.2638,0.264,0.2578,0.2594,11247643.2
1753804800000,2025-07-29 18:00:00,0.2594,0.262,0.2548,0.2606,6082726.3
1753812000000,2025-07-29 20:00:00,0.2606,0.2615,0.2577,0.2582,4557354.8
1753819200000,2025-07-29 22:00:00,0.2582,0.262,0.2555,0.2603,5211041.7
1753826400000,2025-07-30 00:00:00,0.2603,0.2611,0.2585,0.2605,1602574.3
1753833600000,2025-07-30 02:00:00,0.2605,0.2619,0.2561,0.2609,3169451.8
1753840800000,2025-07-30 04:00:00,0.2609,0.2627,0.2599,0.2599,2066501.6
1753848000000,2025-07-30 06:00:00,0.2599,0.2609,0.2568,0.2599,3119228.2
1753855200000,2025-07-30 08:00:00,0.2599,0.261,0.2572,0.2578,2030385.8
1753862400000,2025-07-30 10:00:00,0.2578,0.2597,0.2552,0.2558,3217554.4
1753869600000,2025-07-30 12:00:00,0.2558,0.2577,0.2492,0.2508,10725046.6
1753876800000,2025-07-30 14:00:00,0.2508,0.2533,0.2492,0.2513,9859013.3
1753884000000,2025-07-30 16:00:00,0.2513,0.2565,0.2498,0.2538,6570286.3
1753891200000,2025-07-30 18:00:00,0.2538,0.256,0.2523,0.2553,2878401.1
1753898400000,2025-07-30 20:00:00,0.2553,0.2568,0.2409,0.2523,30364894.6
1753905600000,2025-07-30 22:00:00,0.2523,0.2548,0.2494,0.2517,4918250.6
1753912800000,2025-07-31 00:00:00,0.2517,0.2544,0.2499,0.2535,1705597.2
1753920000000,2025-07-31 02:00:00,0.2535,0.2582,0.2532,0.2569,3395811.5
1753927200000,2025-07-31 04:00:00,0.2569,0.263,0.2562,0.2624,5800957.5
1753934400000,2025-07-31 06:00:00,0.2624,0.2656,0.2614,0.2637,6198653.9
1753941600000,2025-07-31 08:00:00,0.2637,0.2648,0.262,0.2637,3222303.4
1753948800000,2025-07-31 10:00:00,0.2637,0.267,0.2637,0.2663,4655775.1
1753956000000,2025-07-31 12:00:00,0.2663,0.2672,0.2642,0.2651,7094081.4
1753963200000,2025-07-31 14:00:00,0.2651,0.2653,0.2565,0.2588,11707493.1
1753970400000,2025-07-31 16:00:00,0.2588,0.2594,0.2532,0.255,8310157.4
1753977600000,2025-07-31 18:00:00,0.255,0.2612,0.2536,0.2543,7144659.1
1753984800000,2025-07-31 20:00:00,0.2543,0.2558,0.2511,0.2517,5580294.5
1753992000000,2025-07-31 22:00:00,0.2517,0.2525,0.2469,0.2503,6916833.1
1753999200000,2025-08-01 00:00:00,0.2503,0.2503,0.2429,0.2439,7362557.9
1754006400000,2025-08-01 02:00:00,0.2439,0.245,0.2366,0.2424,13639285.6
1754013600000,2025-08-01 04:00:00,0.2424,0.2464,0.2419,0.2442,3249873.8
1754020800000,2025-08-01 06:00:00,0.2442,0.2442,0.2402,0.2414,4148266.4
1754028000000,2025-08-01 08:00:00,0.2414,0.2418,0.2385,0.2406,3711524.6
1754035200000,2025-08-01 10:00:00,0.2406,0.2413,0.235,0.2385,10781765.5
1754042400000,2025-08-01 12:00:00,0.2385,0.2416,0.238,0.2412,7588543.9
1754049600000,2025-08-01 14:00:00,0.2412,0.2443,0.2348,0.2368,15293005.9
1754056800000,2025-08-01 16:00:00,0.2368,0.2449,0.2353,0.2426,13202052.0
1754064000000,2025-08-01 18:00:00,0.2426,0.2447,0.2374,0.2384,7111685.8
1754071200000,2025-08-01 20:00:00,0.2384,0.2419,0.2364,0.241,6416922.4
1754078400000,2025-08-01 22:00:00,0.241,0.2418,0.2344,0.238,7082643.0
1754085600000,2025-08-02 00:00:00,0.238,0.2384,0.2294,0.2358,14200515.7
1754092800000,2025-08-02 02:00:00,0.2358,0.2382,0.2348,0.2381,4162973.4
1754100000000,2025-08-02 04:00:00,0.2381,0.2388,0.2368,0.2386,2611884.5
1754107200000,2025-08-02 06:00:00,0.2386,0.2404,0.2379,0.2387,2666807.4
1754114400000,2025-08-02 08:00:00,0.2387,0.2387,0.2317,0.2372,7829927.9
1754121600000,2025-08-02 10:00:00,0.2372,0.2374,0.2319,0.2331,4718843.5
1754128800000,2025-08-02 12:00:00,0.2331,0.2347,0.2305,0.2334,3399243.8
1754136000000,2025-08-02 14:00:00,0.2334,0.2341,0.2309,0.2333,3814461.8
1754143200000,2025-08-02 16:00:00,0.2333,0.2335,0.2266,0.2276,8740758.6
1754150400000,2025-08-02 18:00:00,0.2276,0.2302,0.2241,0.2254,9943189.3
1754157600000,2025-08-02 20:00:00,0.2254,0.2284,0.2232,0.2255,10668473.1
1754164800000,2025-08-02 22:00:00,0.2255,0.2287,0.2254,0.227,3779540.4
1754172000000,2025-08-03 00:00:00,0.227,0.2289,0.2249,0.2274,3016014.9
1754179200000,2025-08-03 02:00:00,0.2274,0.2298,0.2232,0.229,5458342.5
1754186400000,2025-08-03 04:00:00,0.229,0.2308,0.229,0.23,2018585.1
1754193600000,2025-08-03 06:00:00,0.23,0.231,0.2291,0.2306,2767007.9
1754200800000,2025-08-03 08:00:00,0.2306,0.2335,0.2301,0.2332,2771150.0
1754208000000,2025-08-03 10:00:00,0.2332,0.2363,0.2332,0.2363,4624131.6
1754215200000,2025-08-03 12:00:00,0.2363,0.2413,0.2357,0.2406,7041693.8
1754222400000,2025-08-03 14:00:00,0.2406,0.2418,0.2381,0.2395,8483103.2
1754229600000,2025-08-03 16:00:00,0.2395,0.2438,0.2382,0.2431,7981774.4
1754236800000,2025-08-03 18:00:00,0.2431,0.2443,0.2403,0.2433,5132310.2
1754244000000,2025-08-03 20:00:00,0.2433,0.2434,0.2415,0.2422,3579138.1
1754251200000,2025-08-03 22:00:00,0.2422,0.2434,0.2414,0.2432,3288790.1
1754258400000,2025-08-04 00:00:00,0.2432,0.2442,0.2415,0.2436,2564103.6
1754265600000,2025-08-04 02:00:00,0.2436,0.2505,0.243,0.2466,8827805.5
1754272800000,2025-08-04 04:00:00,0.2466,0.248,0.2449,0.2453,2254176.3
1754280000000,2025-08-04 06:00:00,0.2453,0.2466,0.2426,0.2441,2395817.5
1754287200000,2025-08-04 08:00:00,0.2441,0.2473,0.2423,0.2457,3397587.7
1754294400000,2025-08-04 10:00:00,0.2457,0.2472,0.2428,0.2432,4202204.4
1754301600000,2025-08-04 12:00:00,0.2432,0.2443,0.2413,0.2419,3799040.7
1754308800000,2025-08-04 14:00:00,0.2419,0.247,0.2415,0.2464,8974276.3
1754316000000,2025-08-04 16:00:00,0.2464,0.2494,0.2436,0.2451,14085577.0
1754323200000,2025-08-04 18:00:00,0.2451,0.2507,0.2449,0.2471,7283606.7
1754330400000,2025-08-04 20:00:00,0.2471,0.2478,0.2433,0.2444,3911532.4
1754337600000,2025-08-04 22:00:00,0.2444,0.2492,0.2437,0.2477,8999807.3
1754344800000,2025-08-05 00:00:00,0.2477,0.249,0.2474,0.2482,3283926.0
1754352000000,2025-08-05 02:00:00,0.2482,0.2491,0.2446,0.2449,5137261.4
1754359200000,2025-08-05 04:00:00,0.2449,0.2462,0.2415,0.242,4149629.6
1754366400000,2025-08-05 06:00:00,0.242,0.2428,0.2397,0.2409,4061087.9
1754373600000,2025-08-05 08:00:00,0.2409,0.2419,0.236,0.237,7404922.4
1754380800000,2025-08-05 10:00:00,0.237,0.2437,0.2364,0.2435,4031121.5
1754388000000,2025-08-05 12:00:00,0.2435,0.2479,0.2429,0.2469,7035040.6
1754395200000,2025-08-05 14:00:00,0.2469,0.2475,0.2415,0.2434,8341197.3
1754402400000,2025-08-05 16:00:00,0.2434,0.2436,0.2338,0.2348,16360784.1
1754409600000,2025-08-05 18:00:00,0.2348,0.2385,0.2346,0.2383,4285570.2
1754416800000,2025-08-05 20:00:00,0.2383,0.2383,0.2346,0.2357,3501857.6
1754424000000,2025-08-05 22:00:00,0.2357,0.2377,0.2344,0.2347,2528243.4
1754431200000,2025-08-06 00:00:00,0.2347,0.2389,0.233,0.2372,3843291.7
1754438400000,2025-08-06 02:00:00,0.2372,0.2374,0.2323,0.2342,3674210.5
1754445600000,2025-08-06 04:00:00,0.2342,0.2342,0.2309,0.2314,2804094.2
1754452800000,2025-08-06 06:00:00,0.2314,0.2384,0.2305,0.2363,6535372.9
1754460000000,2025-08-06 08:00:00,0.2363,0.2388,0.2341,0.2386,5284854.5
1754467200000,2025-08-06 10:00:00,0.2386,0.239,0.2353,0.2378,5549689.1
1754474400000,2025-08-06 12:00:00,0.2378,0.2391,0.2365,0.2371,5254676.2
1754481600000,2025-08-06 14:00:00,0.2371,0.2381,0.2344,0.2373,7456342.3
1754488800000,2025-08-06 16:00:00,0.2373,0.2443,0.2358,0.2436,8650104.1
1754496000000,2025-08-06 18:00:00,0.2436,0.2457,0.2417,0.2454,6788729.1
1754503200000,2025-08-06 20:00:00,0.2454,0.2466,0.2427,0.2436,4658707.7
1754510400000,2025-08-06 22:00:00,0.2436,0.2438,0.241,0.2422,2649972.7
1754517600000,2025-08-07 00:00:00,0.2422,0.2431,0.2417,0.2428,2802880.1
1754524800000,2025-08-07 02:00:00,0.2428,0.2464,0.2418,0.243,4488588.1
1754532000000,2025-08-07 04:00:00,0.243,0.2441,0.2418,0.2418,2270572.3
1754539200000,2025-08-07 06:00:00,0.2418,0.2444,0.2417,0.2444,2748609.0
1754546400000,2025-08-07 08:00:00,0.2444,0.2463,0.2438,0.245,5284584.8
1754553600000,2025-08-07 10:00:00,0.245,0.2465,0.244,0.2458,3328297.6
1754560800000,2025-08-07 12:00:00,0.2458,0.2619,0.2456,0.2603,27766426.8
1754568000000,2025-08-07 14:00:00,0.2603,0.2615,0.2569,0.2592,10000796.2
1754575200000,2025-08-07 16:00:00,0.2592,0.261,0.2552,0.2567,12025193.4
1754582400000,2025-08-07 18:00:00,0.2567,0.2576,0.2507,0.2547,10552206.3
1754589600000,2025-08-07 20:00:00,0.2547,0.2575,0.2518,0.257,6111149.2
1754596800000,2025-08-07 22:00:00,0.257,0.2622,0.2557,0.2607,8679559.4
1754604000000,2025-08-08 00:00:00,0.2607,0.2642,0.26,0.264,12673761.0
1754611200000,2025-08-08 02:00:00,0.264,0.2689,0.2597,0.2637,65693710.1
1754618400000,2025-08-08 04:00:00,0.2637,0.2674,0.2626,0.266,10345964.3
1754625600000,2025-08-08 06:00:00,0.266,0.2677,0.2635,0.2637,6266263.3
1754632800000,2025-08-08 08:00:00,0.2637,0.2692,0.263,0.2657,17019511.6
1754640000000,2025-08-08 10:00:00,0.2657,0.2678,0.2631,0.2648,7347350.9
1754647200000,2025-08-08 12:00:00,0.2648,0.2653,0.2628,0.2648,3960674.0
1754654400000,2025-08-08 14:00:00,0.2648,0.2678,0.2618,0.2678,6648774.0
1754661600000,2025-08-08 16:00:00,0.2678,0.2687,0.2561,0.2576,20943417.1
1754668800000,2025-08-08 18:00:00,0.2576,0.2651,0.2567,0.2651,10853117.2
1754676000000,2025-08-08 20:00:00,0.2651,0.2663,0.2624,0.265,5775579.5
1754683200000,2025-08-08 22:00:00,0.265,0.2654,0.2624,0.2646,3235619.1
1754690400000,2025-08-09 00:00:00,0.2646,0.2661,0.2633,0.2661,5062951.9
1754697600000,2025-08-09 02:00:00,0.2661,0.2687,0.2651,0.2678,6326259.1
1754704800000,2025-08-09 04:00:00,0.2678,0.2684,0.2652,0.2656,3511608.5
1754712000000,2025-08-09 06:00:00,0.2656,0.2738,0.2653,0.2718,8570994.6
1754719200000,2025-08-09 08:00:00,0.2718,0.272,0.2687,0.2719,5325659.9
1754726400000,2025-08-09 10:00:00,0.2719,0.2747,0.271,0.2733,9067397.1
1754733600000,2025-08-09 12:00:00,0.2733,0.2745,0.2722,0.273,10418025.5
1754740800000,2025-08-09 14:00:00,0.273,0.2772,0.2718,0.2719,7713695.6
1754748000000,2025-08-09 16:00:00,0.2719,0.274,0.2702,0.2716,6114950.8
1754755200000,2025-08-09 18:00:00,0.2716,0.2749,0.2712,0.2735,3350508.2
1754762400000,2025-08-09 20:00:00,0.2735,0.2758,0.2724,0.2734,3823162.0
1754769600000,2025-08-09 22:00:00,0.2734,0.2756,0.2699,0.2715,5848553.8
1754776800000,2025-08-10 00:00:00,0.2715,0.2741,0.2694,0.2699,4894186.0
1754784000000,2025-08-10 02:00:00,0.2699,0.2738,0.2696,0.2712,3105841.6
1754791200000,2025-08-10 04:00:00,0.2712,0.2725,0.2681,0.2722,7096578.2
1754798400000,2025-08-10 06:00:00,0.2722,0.2766,0.2702,0.2702,7164455.3
1754805600000,2025-08-10 08:00:00,0.2702,0.2706,0.2611,0.2626,13598959.8
1754812800000,2025-08-10 10:00:00,0.2626,0.2655,0.2594,0.264,8584967.9
1754820000000,2025-08-10 12:00:00,0.264,0.2645,0.2606,0.2614,5696003.1
1754827200000,2025-08-10 14:00:00,0.2614,0.2636,0.2599,0.2603,4704712.7
1754834400000,2025-08-10 16:00:00,0.2603,0.2659,0.2596,0.2644,8221593.7
1754841600000,2025-08-10 18:00:00,0.2644,0.2669,0.2641,0.2655,4436122.7
1754848800000,2025-08-10 20:00:00,0.2655,0.2683,0.2655,0.2667,2843913.1
1754856000000,2025-08-10 22:00:00,0.2667,0.2669,0.2615,0.2639,7749652.9
1754863200000,2025-08-11 00:00:00,0.2639,0.2664,0.2628,0.2662,3250012.9
1754870400000,2025-08-11 02:00:00,0.2662,0.2714,0.2641,0.2703,4855068.6
1754877600000,2025-08-11 04:00:00,0.2703,0.2793,0.2702,0.2749,9205197.7
1754884800000,2025-08-11 06:00:00,0.2749,0.2796,0.2749,0.2791,7660890.6
1754892000000,2025-08-11 08:00:00,0.2791,0.2801,0.2715,0.2723,8754329.7
1754899200000,2025-08-11 10:00:00,0.2723,0.2775,0.2703,0.2716,11132635.1
1754906400000,2025-08-11 12:00:00,0.2716,0.2723,0.2599,0.2609,21359451.8
1754913600000,2025-08-11 14:00:00,0.2609,0.2629,0.2564,0.2618,18538226.5
1754920800000,2025-08-11 16:00:00,0.2618,0.2634,0.2578,0.2614,7842852.5
1754928000000,2025-08-11 18:00:00,0.2614,0.2649,0.2578,0.2587,9876991.9
1754935200000,2025-08-11 20:00:00,0.2587,0.2601,0.2539,0.2561,10742480.0
1754942400000,2025-08-11 22:00:00,0.2561,0.2568,0.251,0.253,7577025.2
1754949600000,2025-08-12 00:00:00,0.253,0.2543,0.2499,0.253,6849615.2
1754956800000,2025-08-12 02:00:00,0.253,0.2567,0.2525,0.2563,4125169.2
1754964000000,2025-08-12 04:00:00,0.2563,0.2583,0.2543,0.2558,3078674.1
1754971200000,2025-08-12 06:00:00,0.2558,0.2579,0.2535,0.2545,3277572.0
1754978400000,2025-08-12 08:00:00,0.2545,0.257,0.252,0.2563,3875241.2
1754985600000,2025-08-12 10:00:00,0.2563,0.2568,0.252,0.2523,3746278.6
1754992800000,2025-08-12 12:00:00,0.2523,0.2536,0.249,0.2533,6840254.9
1755000000000,2025-08-12 14:00:00,0.2533,0.2629,0.2523,0.2596,27473237.1
1755007200000,2025-08-12 16:00:00,0.2596,0.27,0.2591,0.2695,13940254.7
1755014400000,2025-08-12 18:00:00,0.2695,0.2732,0.2677,0.2697,11707374.8
1755021600000,2025-08-12 20:00:00,0.2697,0.2745,0.2693,0.2745,5786568.4
1755028800000,2025-08-12 22:00:00,0.2745,0.2772,0.2716,0.2721,12076745.4
1755036000000,2025-08-13 00:00:00,0.2721,0.2731,0.2704,0.2714,4180103.8
1755043200000,2025-08-13 02:00:00,0.2714,0.2732,0.2678,0.2691,7005395.5
1755050400000,2025-08-13 04:00:00,0.2691,0.2739,0.2676,0.2726,4941932.1
1755057600000,2025-08-13 06:00:00,0.2726,0.2749,0.2692,0.2695,5981573.3
1755064800000,2025-08-13 08:00:00,0.2695,0.2727,0.2678,0.2725,3828505.8
1755072000000,2025-08-13 10:00:00,0.2725,0.2795,0.2723,0.2786,8991615.6
1755079200000,2025-08-13 12:00:00,0.2786,0.2806,0.2766,0.2773,10736847.1
1755086400000,2025-08-13 14:00:00,0.2773,0.2821,0.2749,0.2784,13310661.5
1755093600000,2025-08-13 16:00:00,0.2784,0.2794,0.2717,0.2747,15662869.3
1755100800000,2025-08-13 18:00:00,0.2747,0.2778,0.274,0.2754,4542629.0
1755108000000,2025-08-13 20:00:00,0.2754,0.2774,0.2721,0.2772,6667093.9
1755115200000,2025-08-13 22:00:00,0.2772,0.278,0.274,0.2753,3514758.6
1755122400000,2025-08-14 00:00:00,0.2753,0.2821,0.2751,0.2804,9897335.1
1755129600000,2025-08-14 02:00:00,0.2804,0.2852,0.2784,0.2842,11723919.2
1755136800000,2025-08-14 04:00:00,0.2842,0.29,0.2826,0.2869,12584004.6
1755144000000,2025-08-14 06:00:00,0.2869,0.2887,0.2806,0.2815,8370518.2
1755151200000,2025-08-14 08:00:00,0.2815,0.282,0.2762,0.2789,9153872.5
1755158400000,2025-08-14 10:00:00,0.2789,0.2789,0.2719,0.2745,10360285.5
1755165600000,2025-08-14 12:00:00,0.2745,0.2745,0.2688,0.2701,8674065.9
1755172800000,2025-08-14 14:00:00,0.2701,0.2724,0.2484,0.2591,76408019.6
1755180000000,2025-08-14 16:00:00,0.2591,0.2627,0.257,0.2572,9270412.3
1755187200000,2025-08-14 18:00:00,0.2572,0.2573,0.2519,0.254,15544898.9
1755194400000,2025-08-14 20:00:00,0.254,0.2558,0.25,0.2527,7484174.0
1755201600000,2025-08-14 22:00:00,0.2527,0.2538,0.2472,0.2506,7511320.4
1755208800000,2025-08-15 00:00:00,0.2506,0.2546,0.2486,0.2536,5864546.4
1755216000000,2025-08-15 02:00:00,0.2536,0.2578,0.2525,0.2572,5499898.4
1755223200000,2025-08-15 04:00:00,0.2572,0.2643,0.2553,0.264,7026512.2
1755230400000,2025-08-15 06:00:00,0.264,0.2661,0.2585,0.261,7984602.5
1755237600000,2025-08-15 08:00:00,0.261,0.2625,0.2587,0.2605,6109142.8
1755244800000,2025-08-15 10:00:00,0.2605,0.2641,0.2575,0.2584,6609234.1
1755252000000,2025-08-15 12:00:00,0.2584,0.2611,0.257,0.2574,3548437.2
1755259200000,2025-08-15 14:00:00,0.2574,0.2618,0.2542,0.2553,10606520.9
1755266400000,2025-08-15 16:00:00,0.2553,0.2569,0.2464,0.2483,17405602.2
1755273600000,2025-08-15 18:00:00,0.2483,0.2527,0.2459,0.2516,8977897.8
1755280800000,2025-08-15 20:00:00,0.2516,0.2521,0.2485,0.25,4935703.0
1755288000000,2025-08-15 22:00:00,0.25,0.2543,0.2492,0.2538,2574229.5
1755295200000,2025-08-16 00:00:00,0.2538,0.2571,0.2523,0.254,3961921.3
1755302400000,2025-08-16 02:00:00,0.254,0.2572,0.2532,0.2554,3564850.3
1755309600000,2025-08-16 04:00:00,0.2554,0.2557,0.2537,0.2543,2836997.4
1755316800000,2025-08-16 06:00:00,0.2543,0.2555,0.2522,0.2529,2533874.4
1755324000000,2025-08-16 08:00:00,0.2529,0.2555,0.2523,0.2548,2075624.7
1755331200000,2025-08-16 10:00:00,0.2548,0.2577,0.2536,0.2538,3166730.1
1755338400000,2025-08-16 12:00:00,0.2538,0.2552,0.2526,0.2527,5797535.3
1755345600000,2025-08-16 14:00:00,0.2527,0.2584,0.2517,0.2567,6710333.1
1755352800000,2025-08-16 16:00:00,0.2567,0.2629,0.2562,0.2619,10927514.6
1755360000000,2025-08-16 18:00:00,0.2619,0.2635,0.2586,0.259,4780506.6
1755367200000,2025-08-16 20:00:00,0.259,0.2618,0.2584,0.261,2917379.0
1755374400000,2025-08-16 22:00:00,0.261,0.2624,0.2605,0.2605,1762076.2
1755381600000,2025-08-17 00:00:00,0.2605,0.262,0.2599,0.2606,2060629.6
1755388800000,2025-08-17 02:00:00,0.2606,0.2609,0.2587,0.2598,2315380.5
1755396000000,2025-08-17 04:00:00,0.2598,0.2632,0.2595,0.2624,1974886.3
1755403200000,2025-08-17 06:00:00,0.2624,0.265,0.2619,0.2638,7583096.1
1755410400000,2025-08-17 08:00:00,0.2638,0.2651,0.2618,0.2635,2884793.0
1755417600000,2025-08-17 10:00:00,0.2635,0.2664,0.2628,0.2661,3663283.1
1755424800000,2025-08-17 12:00:00,0.2661,0.2673,0.2644,0.2673,3906752.5
1755432000000,2025-08-17 14:00:00,0.2673,0.2687,0.2664,0.2683,4221537.8
1755439200000,2025-08-17 16:00:00,0.2683,0.2737,0.2673,0.2735,5056911.4
1755446400000,2025-08-17 18:00:00,0.2735,0.2751,0.268,0.2681,9446502.5
1755453600000,2025-08-17 20:00:00,0.2681,0.2685,0.2633,0.2647,9736041.9
1755460800000,2025-08-17 22:00:00,0.2647,0.2664,0.2638,0.2642,3856336.0
1755468000000,2025-08-18 00:00:00,0.2642,0.2688,0.2639,0.2648,3086361.9
1755475200000,2025-08-18 02:00:00,0.2648,0.266,0.2591,0.2597,10850285.6
1755482400000,2025-08-18 04:00:00,0.2597,0.2601,0.2514,0.2539,16262407.3
1755489600000,2025-08-18 06:00:00,0.2539,0.2576,0.2527,0.255,6154409.4
1755496800000,2025-08-18 08:00:00,0.255,0.255,0.2494,0.2506,8254320.2
1755504000000,2025-08-18 10:00:00,0.2506,0.2527,0.2478,0.2521,14072408.4
1755511200000,2025-08-18 12:00:00,0.2521,0.253,0.2499,0.2509,5520614.2
1755518400000,2025-08-18 14:00:00,0.2509,0.2561,0.2501,0.2517,6441230.4
1755525600000,2025-08-18 16:00:00,0.2517,0.2552,0.2506,0.2551,6840223.7
1755532800000,2025-08-18 18:00:00,0.2551,0.2592,0.252,0.2559,5382125.3
1755540000000,2025-08-18 20:00:00,0.2559,0.258,0.2545,0.2563,3212444.0
1755547200000,2025-08-18 22:00:00,0.2563,0.2589,0.2545,0.2581,3235696.7
1755554400000,2025-08-19 00:00:00,0.2581,0.2603,0.2544,0.2548,6232539.9
1755561600000,2025-08-19 02:00:00,0.2548,0.2581,0.2507,0.2531,8670438.5
1755568800000,2025-08-19 04:00:00,0.2531,0.2541,0.2467,0.247,7970836.4
1755576000000,2025-08-19 06:00:00,0.247,0.2497,0.2446,0.2478,9202541.0
1755583200000,2025-08-19 08:00:00,0.2478,0.2481,0.2447,0.2462,6530644.4
1755590400000,2025-08-19 10:00:00,0.2462,0.2505,0.244,0.2497,7374420.5
1755597600000,2025-08-19 12:00:00,0.2497,0.2514,0.2493,0.2509,7383108.0
1755604800000,2025-08-19 14:00:00,0.2509,0.2518,0.2458,0.2477,6420415.2
1755612000000,2025-08-19 16:00:00,0.2477,0.2487,0.2415,0.2421,11286896.7
1755619200000,2025-08-19 18:00:00,0.2421,0.2425,0.2384,0.2417,7449940.7
1755626400000,2025-08-19 20:00:00,0.2417,0.2417,0.237,0.2395,10418642.2
1755633600000,2025-08-19 22:00:00,0.2395,0.2425,0.2385,0.242,3829445.2
1755640800000,2025-08-20 00:00:00,0.242,0.242,0.2368,0.2379,5959895.4
1755648000000,2025-08-20 02:00:00,0.2379,0.2406,0.2364,0.24,5005630.2
1755655200000,2025-08-20 04:00:00,0.24,0.2421,0.2391,0.2405,3207198.8
1755662400000,2025-08-20 06:00:00,0.2405,0.2429,0.2404,0.2426,3169380.9
1755669600000,2025-08-20 08:00:00,0.2426,0.2428,0.2406,0.241,3664044.1
1755676800000,2025-08-20 10:00:00,0.241,0.2445,0.2409,0.2433,4733170.4
1755684000000,2025-08-20 12:00:00,0.2433,0.2443,0.2394,0.2425,3418118.7
1755691200000,2025-08-20 14:00:00,0.2425,0.2446,0.2376,0.2388,8655830.5
1755698400000,2025-08-20 16:00:00,0.2388,0.2488,0.237,0.2459,15057739.2
1755705600000,2025-08-20 18:00:00,0.2459,0.2567,0.2459,0.2564,16056862.1
1755712800000,2025-08-20 20:00:00,0.2564,0.2598,0.2523,0.2593,7804571.6
1755720000000,2025-08-20 22:00:00,0.2593,0.2594,0.2543,0.2561,4851716.8
1755727200000,2025-08-21 00:00:00,0.2561,0.2588,0.2561,0.2566,4097362.3
1755734400000,2025-08-21 02:00:00,0.2566,0.2584,0.255,0.2584,4424303.0
1755741600000,2025-08-21 04:00:00,0.2584,0.2588,0.2534,0.255,6570325.2
1755748800000,2025-08-21 06:00:00,0.255,0.2556,0.2526,0.2545,2948118.3
1755756000000,2025-08-21 08:00:00,0.2545,0.2545,0.2507,0.2525,4220888.7
1755763200000,2025-08-21 10:00:00,0.2525,0.2526,0.2488,0.2493,5891013.7
1755770400000,2025-08-21 12:00:00,0.2493,0.2523,0.2488,0.2511,6008926.4
1755777600000,2025-08-21 14:00:00,0.2511,0.2533,0.2484,0.2507,9252685.6
1755784800000,2025-08-21 16:00:00,0.2507,0.2543,0.2482,0.2485,11406977.2
1755792000000,2025-08-21 18:00:00,0.2485,0.2503,0.2462,0.2483,7447313.9
1755799200000,2025-08-21 20:00:00,0.2483,0.2503,0.2466,0.2473,5383131.4
1755806400000,2025-08-21 22:00:00,0.2473,0.2517,0.2471,0.2508,5233982.0
1755813600000,2025-08-22 00:00:00,0.2508,0.2516,0.2471,0.2482,2553279.1
1755820800000,2025-08-22 02:00:00,0.2482,0.2493,0.2456,0.2472,4980345.5
1755828000000,2025-08-22 04:00:00,0.2472,0.2503,0.2446,0.2447,4782318.5
1755835200000,2025-08-22 06:00:00,0.2447,0.2473,0.2447,0.2467,3072053.7
1755842400000,2025-08-22 08:00:00,0.2467,0.2485,0.2448,0.2475,2538645.9
1755849600000,2025-08-22 10:00:00,0.2475,0.2504,0.2462,0.2478,4949192.2
1755856800000,2025-08-22 12:00:00,0.2478,0.2478,0.243,0.2432,4339882.4
1755864000000,2025-08-22 14:00:00,0.2432,0.2463,0.2389,0.2438,14577210.2
1755871200000,2025-08-22 16:00:00,0.2438,0.265,0.2438,0.2618,82547684.2
1755878400000,2025-08-22 18:00:00,0.2618,0.2683,0.2618,0.2661,11801578.1
1755885600000,2025-08-22 20:00:00,0.2661,0.2673,0.2647,0.2665,5788306.8
1755892800000,2025-08-22 22:00:00,0.2665,0.2695,0.2661,0.2677,4476153.0
1755900000000,2025-08-23 00:00:00,0.2677,0.2679,0.2653,0.2666,3595522.2
1755907200000,2025-08-23 02:00:00,0.2666,0.2672,0.2599,0.2615,4973442.5
1755914400000,2025-08-23 04:00:00,0.2615,0.2621,0.2565,0.2579,4757887.3
1755921600000,2025-08-23 06:00:00,0.2579,0.2654,0.2579,0.2647,3761679.4
1755928800000,2025-08-23 08:00:00,0.2647,0.2659,0.2616,0.262,4034021.9
1755936000000,2025-08-23 10:00:00,0.262,0.2633,0.261,0.2626,2846660.5
1755943200000,2025-08-23 12:00:00,0.2626,0.2627,0.2599,0.261,1937357.2
1755950400000,2025-08-23 14:00:00,0.261,0.2624,0.2589,0.2594,4036195.5
1755957600000,2025-08-23 16:00:00,0.2594,0.2618,0.2589,0.2599,3554912.8
1755964800000,2025-08-23 18:00:00,0.2599,0.2601,0.2583,0.2595,2719890.7
1755972000000,2025-08-23 20:00:00,0.2595,0.2634,0.2592,0.2631,2471646.2
1755979200000,2025-08-23 22:00:00,0.2631,0.2649,0.2624,0.2635,2957927.4
1755986400000,2025-08-24 00:00:00,0.2635,0.2647,0.263,0.264,1682162.1
1755993600000,2025-08-24 02:00:00,0.264,0.2645,0.2618,0.2633,4311471.0
1756000800000,2025-08-24 04:00:00,0.2633,0.2641,0.2605,0.2613,3761562.5
1756008000000,2025-08-24 06:00:00,0.2613,0.262,0.2598,0.2603,2815424.8
1756015200000,2025-08-24 08:00:00,0.2603,0.2603,0.2565,0.2573,4197577.1
1756022400000,2025-08-24 10:00:00,0.2573,0.2591,0.2566,0.2573,2685367.8
1756029600000,2025-08-24 12:00:00,0.2573,0.2575,0.2527,0.2543,9239089.1
1756036800000,2025-08-24 14:00:00,0.2543,0.2583,0.2541,0.2566,4205934.6
1756044000000,2025-08-24 16:00:00,0.2566,0.2629,0.2553,0.2607,7445967.7
1756051200000,2025-08-24 18:00:00,0.2607,0.2669,0.2592,0.2657,12089179.6
1756058400000,2025-08-24 20:00:00,0.2657,0.2825,0.2644,0.271,83694579.1
1756065600000,2025-08-24 22:00:00,0.271,0.2779,0.2645,0.2744,31898523.9
1756072800000,2025-08-25 00:00:00,0.2744,0.2752,0.2695,0.2717,11817267.5
1756080000000,2025-08-25 02:00:00,0.2717,0.2725,0.2633,0.2672,13906625.3
1756087200000,2025-08-25 04:00:00,0.2672,0.2745,0.2672,0.2709,9253099.3
1756094400000,2025-08-25 06:00:00,0.2709,0.2711,0.2646,0.2647,13586533.6
1756101600000,2025-08-25 08:00:00,0.2647,0.2652,0.2535,0.2544,22420384.1
1756108800000,2025-08-25 10:00:00,0.2544,0.2588,0.2515,0.2574,13594996.9
1756116000000,2025-08-25 12:00:00,0.2574,0.2576,0.2528,0.2559,10421595.2
1756123200000,2025-08-25 14:00:00,0.2559,0.2591,0.2537,0.2584,13010728.8
1756130400000,2025-08-25 16:00:00,0.2584,0.2645,0.2571,0.2593,14478020.5
1756137600000,2025-08-25 18:00:00,0.2593,0.2606,0.2531,0.2549,11129471.2
1756144800000,2025-08-25 20:00:00,0.2549,0.2555,0.2471,0.248,17126767.1
1756152000000,2025-08-25 22:00:00,0.248,0.249,0.2416,0.2432,26843944.0
1756159200000,2025-08-26 00:00:00,0.2432,0.2477,0.2427,0.2457,5667711.0
1756166400000,2025-08-26 02:00:00,0.2457,0.248,0.2428,0.2478,10620327.2
1756173600000,2025-08-26 04:00:00,0.2478,0.2511,0.2457,0.2505,5884907.4
1756180800000,2025-08-26 06:00:00,0.2505,0.2537,0.25,0.2516,4987424.1
1756188000000,2025-08-26 08:00:00,0.2516,0.2553,0.2492,0.2538,6392755.8
1756195200000,2025-08-26 10:00:00,0.2538,0.256,0.2515,0.2527,6785079.3
1756202400000,2025-08-26 12:00:00,0.2527,0.254,0.2501,0.251,7573282.0
1756209600000,2025-08-26 14:00:00,0.251,0.2564,0.2489,0.2523,14305228.1
1756216800000,2025-08-26 16:00:00,0.2523,0.2547,0.2497,0.2505,6749554.1
1756224000000,2025-08-26 18:00:00,0.2505,0.253,0.2496,0.2519,3204682.0
1756231200000,2025-08-26 20:00:00,0.2519,0.2589,0.2518,0.2579,4680586.4
1756238400000,2025-08-26 22:00:00,0.2579,0.259,0.2557,0.2575,3589773.1
1756245600000,2025-08-27 00:00:00,0.2575,0.258,0.2542,0.2546,3433539.5
1756252800000,2025-08-27 02:00:00,0.2546,0.2547,0.2509,0.252,3386016.6
1756260000000,2025-08-27 04:00:00,0.252,0.2557,0.2504,0.2541,3179038.1
1756267200000,2025-08-27 06:00:00,0.2541,0.2567,0.2531,0.2533,2667189.5
1756274400000,2025-08-27 08:00:00,0.2533,0.2538,0.251,0.252,1741539.7
1756281600000,2025-08-27 10:00:00,0.252,0.2544,0.2508,0.252,2847839.2
1756288800000,2025-08-27 12:00:00,0.252,0.2534,0.251,0.2519,2008691.0
1756296000000,2025-08-27 14:00:00,0.2519,0.2536,0.2488,0.2515,7337823.0
1756303200000,2025-08-27 16:00:00,0.2515,0.255,0.25,0.2539,7768380.8
1756310400000,2025-08-27 18:00:00,0.2539,0.2556,0.2522,0.2556,3403492.3
1756317600000,2025-08-27 20:00:00,0.2556,0.2565,0.2499,0.251,6761180.9
1756324800000,2025-08-27 22:00:00,0.251,0.2545,0.2479,0.2502,24358060.0
1756332000000,2025-08-28 00:00:00,0.2502,0.2514,0.2465,0.2472,5662093.6
1756339200000,2025-08-28 02:00:00,0.2472,0.2505,0.2452,0.2499,4089333.6
1756346400000,2025-08-28 04:00:00,0.2499,0.2507,0.2479,0.25,5435980.8
1756353600000,2025-08-28 06:00:00,0.25,0.2536,0.2495,0.2519,3565806.5
1756360800000,2025-08-28 08:00:00,0.2519,0.2528,0.2509,0.2527,2282493.0
1756368000000,2025-08-28 10:00:00,0.2527,0.2548,0.2519,0.252,6059958.0
1756375200000,2025-08-28 12:00:00,0.252,0.2535,0.2514,0.2534,3441271.8
1756382400000,2025-08-28 14:00:00,0.2534,0.2554,0.2525,0.2539,9107263.5
1756389600000,2025-08-28 16:00:00,0.2539,0.2562,0.2505,0.2512,11340064.2
1756396800000,2025-08-28 18:00:00,0.2512,0.253,0.2482,0.2514,4266734.5
1756404000000,2025-08-28 20:00:00,0.2514,0.2524,0.2481,0.2481,5862810.4
1756411200000,2025-08-28 22:00:00,0.2481,0.2515,0.2476,0.2512,3110221.7
1756418400000,2025-08-29 00:00:00,0.2512,0.255,0.2512,0.2527,5918357.6
1756425600000,2025-08-29 02:00:00,0.2527,0.2539,0.2484,0.2496,4641931.6
1756432800000,2025-08-29 04:00:00,0.2496,0.2518,0.2491,0.2501,1993296.4
1756440000000,2025-08-29 06:00:00,0.2501,0.2505,0.2472,0.2476,3189850.8
1756447200000,2025-08-29 08:00:00,0.2476,0.2478,0.2403,0.2406,8597692.1
1756454400000,2025-08-29 10:00:00,0.2406,0.2415,0.2346,0.2368,12946284.4
1756461600000,2025-08-29 12:00:00,0.2368,0.2392,0.2362,0.2365,7434879.3
1756468800000,2025-08-29 14:00:00,0.2365,0.2436,0.2342,0.2363,23396011.6
1756476000000,2025-08-29 16:00:00,0.2363,0.2378,0.2322,0.2349,17539540.5
1756483200000,2025-08-29 18:00:00,0.2349,0.2361,0.2324,0.2339,5012856.4
1756490400000,2025-08-29 20:00:00,0.2339,0.2354,0.232,0.2339,4258438.6
1756497600000,2025-08-29 22:00:00,0.2339,0.2366,0.2318,0.2363,4402262.1
1756504800000,2025-08-30 00:00:00,0.2363,0.2371,0.2349,0.2362,2242897.4
1756512000000,2025-08-30 02:00:00,0.2362,0.2364,0.2295,0.2301,6810056.2
1756519200000,2025-08-30 04:00:00,0.2301,0.2359,0.2299,0.234,4618446.9
1756526400000,2025-08-30 06:00:00,0.234,0.2361,0.2334,0.235,2269244.7
1756533600000,2025-08-30 08:00:00,0.235,0.2369,0.2346,0.2367,2057211.9
1756540800000,2025-08-30 10:00:00,0.2367,0.2368,0.2349,0.2356,1519929.9
1756548000000,2025-08-30 12:00:00,0.2356,0.237,0.2355,0.2369,2510850.3
1756555200000,2025-08-30 14:00:00,0.2369,0.237,0.2312,0.2316,9699275.8
1756562400000,2025-08-30 16:00:00,0.2316,0.2348,0.2297,0.2342,9679283.9
1756569600000,2025-08-30 18:00:00,0.2342,0.2343,0.2306,0.2312,4238409.7
1756576800000,2025-08-30 20:00:00,0.2312,0.2336,0.2309,0.2334,3769255.7
1756584000000,2025-08-30 22:00:00,0.2334,0.2335,0.2318,0.2326,1497038.6
1756591200000,2025-08-31 00:00:00,0.2326,0.2337,0.2318,0.2334,1777490.5
1756598400000,2025-08-31 02:00:00,0.2334,0.2387,0.2334,0.2376,8402323.6
1756605600000,2025-08-31 04:00:00,0.2376,0.2387,0.2369,0.2383,2631626.2
1756612800000,2025-08-31 06:00:00,0.2383,0.2386,0.2354,0.2357,4223958.9
1756620000000,2025-08-31 08:00:00,0.2357,0.2369,0.2349,0.236,2808912.9
1756627200000,2025-08-31 10:00:00,0.236,0.2387,0.2356,0.2378,3448611.4
1756634400000,2025-08-31 12:00:00,0.2378,0.2388,0.236,0.2387,3538967.8
1756641600000,2025-08-31 14:00:00,0.2387,0.2396,0.237,0.237,3720308.8
1756648800000,2025-08-31 16:00:00,0.237,0.2374,0.2353,0.2372,3121822.1
1756656000000,2025-08-31 18:00:00,0.2372,0.2372,0.2349,0.2351,1853731.6
1756663200000,2025-08-31 20:00:00,0.2351,0.237,0.2349,0.2349,1317012.9
1756670400000,2025-08-31 22:00:00,0.2349,0.2362,0.2342,0.2356,1613390.7
1756677600000,2025-09-01 00:00:00,0.2356,0.2358,0.231,0.2313,4310433.4
1756684800000,2025-09-01 02:00:00,0.2313,0.2325,0.2291,0.2301,6200033.4
1756692000000,2025-09-01 04:00:00,0.2301,0.2301,0.2258,0.2276,5325967.1
1756699200000,2025-09-01 06:00:00,0.2276,0.2281,0.2245,0.2269,2971952.0
1756706400000,2025-09-01 08:00:00,0.2269,0.235,0.2252,0.235,5552865.1
1756713600000,2025-09-01 10:00:00,0.235,0.2375,0.2344,0.2354,7520020.4
1756720800000,2025-09-01 12:00:00,0.2354,0.2357,0.2308,0.231,4084044.8
1756728000000,2025-09-01 14:00:00,0.231,0.2328,0.2289,0.2292,4528905.2
1756735200000,2025-09-01 16:00:00,0.2292,0.2308,0.2267,0.2272,5521437.9
1756742400000,2025-09-01 18:00:00,0.2272,0.2284,0.2259,0.2268,4667219.3
1756749600000,2025-09-01 20:00:00,0.2268,0.2301,0.2267,0.2295,2884944.1
1756756800000,2025-09-01 22:00:00,0.2295,0.2296,0.2214,0.2237,17071444.4
1756764000000,2025-09-02 00:00:00,0.2237,0.2276,0.2224,0.2276,5226241.4
1756771200000,2025-09-02 02:00:00,0.2276,0.2303,0.2264,0.2289,3178112.8
1756778400000,2025-09-02 04:00:00,0.2289,0.2333,0.2286,0.2321,3814100.6
1756785600000,2025-09-02 06:00:00,0.2321,0.2327,0.2312,0.2314,2075418.2
1756792800000,2025-09-02 08:00:00,0.2314,0.2329,0.2302,0.2309,2093910.0
1756800000000,2025-09-02 10:00:00,0.2309,0.2331,0.2304,0.2319,3206055.0
1756807200000,2025-09-02 12:00:00,0.2319,0.2321,0.2301,0.2302,1741937.5
1756814400000,2025-09-02 14:00:00,0.2302,0.234,0.2254,0.2336,12294510.0
1756821600000,2025-09-02 16:00:00,0.2336,0.2349,0.2268,0.2272,13424084.6
1756828800000,2025-09-02 18:00:00,0.2272,0.2312,0.227,0.2302,4908570.3
1756836000000,2025-09-02 20:00:00,0.2302,0.2311,0.2278,0.2296,3042013.2
1756843200000,2025-09-02 22:00:00,0.2296,0.2342,0.2292,0.2339,4739845.2
1756850400000,2025-09-03 00:00:00,0.2339,0.234,0.2326,0.2332,1920393.0
1756857600000,2025-09-03 02:00:00,0.2332,0.2342,0.2308,0.2335,2629409.6
1756864800000,2025-09-03 04:00:00,0.2335,0.2341,0.2313,0.2324,1989049.2
1756872000000,2025-09-03 06:00:00,0.2324,0.2329,0.2308,0.2309,1043244.0
1756879200000,2025-09-03 08:00:00,0.2309,0.2323,0.23,0.2316,1797208.9
1756886400000,2025-09-03 10:00:00,0.2316,0.2335,0.2309,0.2333,2923222.3
1756893600000,2025-09-03 12:00:00,0.2333,0.235,0.2328,0.2339,2070822.5
1756900800000,2025-09-03 14:00:00,0.2339,0.2357,0.2322,0.234,3642904.6
1756908000000,2025-09-03 16:00:00,0.234,0.2369,0.2334,0.2363,5214814.6
1756915200000,2025-09-03 18:00:00,0.2363,0.2366,0.2335,0.2345,3013047.6
1756922400000,2025-09-03 20:00:00,0.2345,0.235,0.2335,0.2347,1846674.7
1756929600000,2025-09-03 22:00:00,0.2347,0.2349,0.233,0.2342,1906994.7
1756936800000,2025-09-04 00:00:00,0.2342,0.2348,0.2324,0.2327,2247554.0
1756944000000,2025-09-04 02:00:00,0.2327,0.234,0.2322,0.2331,2566290.3
1756951200000,2025-09-04 04:00:00,0.2331,0.2331,0.2304,0.2305,1941908.0
1756958400000,2025-09-04 06:00:00,0.2305,0.2314,0.2283,0.2292,3372211.5
1756965600000,2025-09-04 08:00:00,0.2292,0.2293,0.2279,0.2288,1699436.4
1756972800000,2025-09-04 10:00:00,0.2288,0.2303,0.2287,0.2296,1763118.3
1756980000000,2025-09-04 12:00:00,0.2296,0.2312,0.2289,0.2299,4217869.3
1756987200000,2025-09-04 14:00:00,0.2299,0.2312,0.2276,0.2287,3239608.0
1756994400000,2025-09-04 16:00:00,0.2287,0.2289,0.2255,0.226,4692523.6
1757001600000,2025-09-04 18:00:00,0.226,0.2272,0.2255,0.2263,1582624.6
1757008800000,2025-09-04 20:00:00,0.2263,0.2272,0.2246,0.2252,2083475.0
1757016000000,2025-09-04 22:00:00,0.2252,0.2278,0.2251,0.2276,1968208.4
1757023200000,2025-09-05 00:00:00,0.2276,0.2301,0.2271,0.2271,2113706.2
1757030400000,2025-09-05 02:00:00,0.2271,0.2295,0.2269,0.2294,1551425.6
1757037600000,2025-09-05 04:00:00,0.2294,0.2304,0.229,0.2299,1439882.6
1757044800000,2025-09-05 06:00:00,0.2299,0.2309,0.2292,0.2307,980853.2
1757052000000,2025-09-05 08:00:00,0.2307,0.2346,0.2301,0.2343,4302025.9
1757059200000,2025-09-05 10:00:00,0.2343,0.2343,0.2312,0.2322,3210452.5
1757066400000,2025-09-05 12:00:00,0.2322,0.2331,0.2316,0.2327,1958768.4
1757073600000,2025-09-05 14:00:00,0.2327,0.2362,0.2318,0.2348,15992196.2
1757080800000,2025-09-05 16:00:00,0.2348,0.2348,0.2264,0.2295,13265680.4
1757088000000,2025-09-05 18:00:00,0.2295,0.2299,0.2272,0.2277,2363203.6
1757095200000,2025-09-05 20:00:00,0.2277,0.2309,0.2269,0.2309,2479204.5
1757102400000,2025-09-05 22:00:00,0.2309,0.2323,0.2294,0.2301,3267619.0
1757109600000,2025-09-06 00:00:00,0.2301,0.2312,0.2292,0.2293,1281372.8
1757116800000,2025-09-06 02:00:00,0.2293,0.2303,0.2289,0.2293,1367734.6
1757124000000,2025-09-06 04:00:00,0.2293,0.2298,0.2282,0.2292,1497110.6
1757131200000,2025-09-06 06:00:00,0.2292,0.2294,0.2274,0.2276,1135595.7
1757138400000,2025-09-06 08:00:00,0.2276,0.2282,0.2271,0.2275,721954.2
1757145600000,2025-09-06 10:00:00,0.2275,0.2281,0.2265,0.2279,1930956.6
1757152800000,2025-09-06 12:00:00,0.2279,0.2281,0.2268,0.2276,1374365.4
1757160000000,2025-09-06 14:00:00,0.2276,0.2282,0.2266,0.2274,604325.6
1757167200000,2025-09-06 16:00:00,0.2274,0.2281,0.226,0.2261,1860020.6
1757174400000,2025-09-06 18:00:00,0.2261,0.2278,0.2254,0.2258,2452057.2
1757181600000,2025-09-06 20:00:00,0.2258,0.2268,0.2248,0.2249,1756640.7
1757188800000,2025-09-06 22:00:00,0.2249,0.2268,0.2247,0.2267,1403972.6
1757196000000,2025-09-07 00:00:00,0.2267,0.2279,0.2264,0.2271,914873.3
1757203200000,2025-09-07 02:00:00,0.2271,0.229,0.2269,0.2287,1742506.7
1757210400000,2025-09-07 04:00:00,0.2287,0.2298,0.2283,0.2293,800887.4
1757217600000,2025-09-07 06:00:00,0.2293,0.2301,0.2291,0.2301,1172145.3
1757224800000,2025-09-07 08:00:00,0.2301,0.2302,0.2279,0.229,2473060.1
1757232000000,2025-09-07 10:00:00,0.229,0.2321,0.229,0.2296,7088864.6
1757239200000,2025-09-07 12:00:00,0.2296,0.2313,0.2296,0.2313,3470824.9
1757246400000,2025-09-07 14:00:00,0.2313,0.2317,0.2302,0.2314,1598386.0
1757253600000,2025-09-07 16:00:00,0.2314,0.2331,0.2304,0.2317,5009476.6
1757260800000,2025-09-07 18:00:00,0.2317,0.2319,0.2287,0.2288,2539501.0
1757268000000,2025-09-07 20:00:00,0.2288,0.2295,0.2278,0.2287,1706650.9
1757275200000,2025-09-07 22:00:00,0.2287,0.2301,0.2282,0.2295,1166864.4
1757282400000,2025-09-08 00:00:00,0.2295,0.2322,0.2295,0.2308,1323033.9
1757289600000,2025-09-08 02:00:00,0.2308,0.2319,0.2301,0.2306,2127087.0
1757296800000,2025-09-08 04:00:00,0.2306,0.2353,0.2301,0.2334,3580493.3
1757304000000,2025-09-08 06:00:00,0.2334,0.2335,0.2311,0.2317,2454659.5
1757311200000,2025-09-08 08:00:00,0.2317,0.233,0.2307,0.2319,1893879.4
1757318400000,2025-09-08 10:00:00,0.2319,0.2355,0.2318,0.2349,4542614.0
1757325600000,2025-09-08 12:00:00,0.2349,0.2364,0.2343,0.2358,5883332.6
1757332800000,2025-09-08 14:00:00,0.2358,0.238,0.2352,0.2356,12408342.7
1757340000000,2025-09-08 16:00:00,0.2356,0.2392,0.2354,0.2385,5531382.0
1757347200000,2025-09-08 18:00:00,0.2385,0.2389,0.2357,0.2363,4620436.9
1757354400000,2025-09-08 20:00:00,0.2363,0.2376,0.2349,0.2355,3081454.9
1757361600000,2025-09-08 22:00:00,0.2355,0.237,0.2336,0.2369,3401550.6
1757368800000,2025-09-09 00:00:00,0.2369,0.2383,0.2359,0.2363,1960001.2
1757376000000,2025-09-09 02:00:00,0.2363,0.2382,0.2351,0.2354,3444182.8
1757383200000,2025-09-09 04:00:00,0.2354,0.2355,0.2323,0.2354,3882018.5
1757390400000,2025-09-09 06:00:00,0.2354,0.2362,0.2343,0.236,3714740.3
1757397600000,2025-09-09 08:00:00,0.236,0.2435,0.236,0.241,10805957.9
1757404800000,2025-09-09 10:00:00,0.241,0.243,0.2405,0.2417,4079370.7
1757412000000,2025-09-09 12:00:00,0.2417,0.2425,0.2403,0.2403,3404556.2
1757419200000,2025-09-09 14:00:00,0.2403,0.242,0.2374,0.239,7679801.2
1757426400000,2025-09-09 16:00:00,0.239,0.2396,0.2314,0.2329,20281078.9
1757433600000,2025-09-09 18:00:00,0.2329,0.2349,0.2321,0.2337,4229231.6
1757440800000,2025-09-09 20:00:00,0.2337,0.2347,0.233,0.2337,2100018.0
1757448000000,2025-09-09 22:00:00,0.2337,0.2346,0.2322,0.2328,4939849.9
1757455200000,2025-09-10 00:00:00,0.2328,0.2344,0.2326,0.2331,2646883.6
1757462400000,2025-09-10 02:00:00,0.2331,0.2341,0.2318,0.2339,2457644.8
1757469600000,2025-09-10 04:00:00,0.2339,0.2366,0.2339,0.2359,2270533.1
1757476800000,2025-09-10 06:00:00,0.2359,0.2359,0.2339,0.2348,2743207.5
1757484000000,2025-09-10 08:00:00,0.2348,0.2365,0.2338,0.236,4048666.1
1757491200000,2025-09-10 10:00:00,0.236,0.2366,0.2346,0.2353,2742726.3
1757498400000,2025-09-10 12:00:00,0.2353,0.2353,0.2338,0.2343,1987313.2
1757505600000,2025-09-10 14:00:00,0.2343,0.2429,0.2342,0.241,13800592.5
1757512800000,2025-09-10 16:00:00,0.241,0.2419,0.2378,0.2386,5569552.9
1757520000000,2025-09-10 18:00:00,0.2386,0.2402,0.2369,0.2392,3158968.0
1757527200000,2025-09-10 20:00:00,0.2392,0.2394,0.2347,0.2357,3501909.9
1757534400000,2025-09-10 22:00:00,0.2357,0.2395,0.2356,0.2389,2548747.5
1757541600000,2025-09-11 00:00:00,0.2389,0.2397,0.238,0.2394,2050528.5
1757548800000,2025-09-11 02:00:00,0.2394,0.2414,0.2392,0.241,2355601.1
1757556000000,2025-09-11 04:00:00,0.241,0.2419,0.2398,0.2417,1953487.4
1757563200000,2025-09-11 06:00:00,0.2417,0.2419,0.2396,0.2407,2536755.4
1757570400000,2025-09-11 08:00:00,0.2407,0.2415,0.2396,0.2406,2614817.0
1757577600000,2025-09-11 10:00:00,0.2406,0.2417,0.2392,0.2403,3077254.3
1757584800000,2025-09-11 12:00:00,0.2403,0.2441,0.2401,0.241,10029930.2
1757592000000,2025-09-11 14:00:00,0.241,0.2447,0.2373,0.2419,20047393.1
1757599200000,2025-09-11 16:00:00,0.2419,0.242,0.2384,0.239,2965455.4
1757606400000,2025-09-11 18:00:00,0.239,0.2407,0.2389,0.2402,1716782.0
1757613600000,2025-09-11 20:00:00,0.2402,0.2413,0.2391,0.2409,2409939.5
1757620800000,2025-09-11 22:00:00,0.2409,0.2437,0.2407,0.2435,7691084.6
1757628000000,2025-09-12 00:00:00,0.2435,0.2451,0.2433,0.2442,4535827.7
1757635200000,2025-09-12 02:00:00,0.2442,0.2469,0.2435,0.2457,4542709.6
1757642400000,2025-09-12 04:00:00,0.2457,0.2465,0.2438,0.2448,3171108.8
1757649600000,2025-09-12 06:00:00,0.2448,0.2466,0.2439,0.2466,2423321.4
1757656800000,2025-09-12 08:00:00,0.2466,0.247,0.244,0.2444,3207088.2
1757664000000,2025-09-12 10:00:00,0.2444,0.2447,0.2424,0.2437,4462658.0
1757671200000,2025-09-12 12:00:00,0.2437,0.2438,0.2416,0.2417,5040990.6
1757678400000,2025-09-12 14:00:00,0.2417,0.2435,0.2403,0.2433,6215881.8
1757685600000,2025-09-12 16:00:00,0.2433,0.2453,0.2418,0.2432,4821478.7
1757692800000,2025-09-12 18:00:00,0.2432,0.2472,0.2429,0.2468,4695345.5
1757700000000,2025-09-12 20:00:00,0.2468,0.2491,0.2464,0.2484,13740945.5
1757707200000,2025-09-12 22:00:00,0.2484,0.2486,0.246,0.2463,6235250.3
1757714400000,2025-09-13 00:00:00,0.2463,0.2492,0.2463,0.2483,2812862.8
1757721600000,2025-09-13 02:00:00,0.2483,0.2502,0.2471,0.248,4465192.6
1757728800000,2025-09-13 04:00:00,0.248,0.2498,0.247,0.2497,2425587.4
1757736000000,2025-09-13 06:00:00,0.2497,0.2501,0.248,0.25,3205755.3
1757743200000,2025-09-13 08:00:00,0.25,0.2516,0.25,0.2514,4824265.7
1757750400000,2025-09-13 10:00:00,0.2514,0.2542,0.2511,0.2541,8472284.4
1757757600000,2025-09-13 12:00:00,0.2541,0.2547,0.2517,0.2547,4460877.7
1757764800000,2025-09-13 14:00:00,0.2547,0.2604,0.2537,0.2569,19399488.6
1757772000000,2025-09-13 16:00:00,0.2569,0.2585,0.2536,0.2544,12933084.6
1757779200000,2025-09-13 18:00:00,0.2544,0.2562,0.2493,0.2529,14770675.7
1757786400000,2025-09-13 20:00:00,0.2529,0.2529,0.2509,0.2518,2972970.1
1757793600000,2025-09-13 22:00:00,0.2518,0.2551,0.2516,0.2535,3198836.8
1757800800000,2025-09-14 00:00:00,0.2535,0.2542,0.2524,0.253,1152061.8
1757808000000,2025-09-14 02:00:00,0.253,0.2535,0.2483,0.2505,3950195.1
1757815200000,2025-09-14 04:00:00,0.2505,0.252,0.2467,0.247,4442084.4
1757822400000,2025-09-14 06:00:00,0.247,0.2488,0.2451,0.2486,2519948.2
1757829600000,2025-09-14 08:00:00,0.2486,0.2491,0.2466,0.2477,2957492.1
1757836800000,2025-09-14 10:00:00,0.2477,0.2496,0.2468,0.2485,3092834.6
1757844000000,2025-09-14 12:00:00,0.2485,0.249,0.2435,0.2441,6386737.4
1757851200000,2025-09-14 14:00:00,0.2441,0.2453,0.2402,0.2413,13748779.1
1757858400000,2025-09-14 16:00:00,0.2413,0.2433,0.2382,0.2395,11971233.2
1757865600000,2025-09-14 18:00:00,0.2395,0.2427,0.2391,0.2419,5654543.9
1757872800000,2025-09-14 20:00:00,0.2419,0.2419,0.2396,0.2403,2448968.3
1757880000000,2025-09-14 22:00:00,0.2403,0.2416,0.2391,0.241,2503561.9
1757887200000,2025-09-15 00:00:00,0.241,0.2421,0.2382,0.2392,3482594.6
1757894400000,2025-09-15 02:00:00,0.2392,0.2411,0.2375,0.2401,3117336.0
1757901600000,2025-09-15 04:00:00,0.2401,0.2414,0.2391,0.241,2620957.5
1757908800000,2025-09-15 06:00:00,0.241,0.2431,0.2405,0.243,3401961.6
1757916000000,2025-09-15 08:00:00,0.243,0.2431,0.2355,0.2366,8723351.6
1757923200000,2025-09-15 10:00:00,0.2366,0.2366,0.2294,0.2324,23413777.6
1757930400000,2025-09-15 12:00:00,0.2324,0.2328,0.2306,0.2325,4995635.9
1757937600000,2025-09-15 14:00:00,0.2325,0.2338,0.2311,0.2324,4635497.5
1757944800000,2025-09-15 16:00:00,0.2324,0.2337,0.2281,0.2301,7787999.9
1757952000000,2025-09-15 18:00:00,0.2301,0.2311,0.2278,0.2311,5131729.3
1757959200000,2025-09-15 20:00:00,0.2311,0.2327,0.2303,0.2319,2722573.1
1757966400000,2025-09-15 22:00:00,0.2319,0.2327,0.2314,0.2326,2727840.7
1757973600000,2025-09-16 00:00:00,0.2326,0.2329,0.2316,0.2325,2441163.1
1757980800000,2025-09-16 02:00:00,0.2325,0.2331,0.2313,0.2314,1662888.3
1757988000000,2025-09-16 04:00:00,0.2314,0.2325,0.2311,0.2313,685482.7
1757995200000,2025-09-16 06:00:00,0.2313,0.2325,0.2289,0.2325,2883915.1
1758002400000,2025-09-16 08:00:00,0.2325,0.2335,0.2312,0.2329,2202720.3
1758009600000,2025-09-16 10:00:00,0.2329,0.2352,0.2329,0.2342,3456552.8
1758016800000,2025-09-16 12:00:00,0.2342,0.2354,0.2336,0.2351,3830279.3
1758024000000,2025-09-16 14:00:00,0.2351,0.238,0.2339,0.2359,8767269.3
1758031200000,2025-09-16 16:00:00,0.2359,0.2374,0.2329,0.2374,5962733.2
1758038400000,2025-09-16 18:00:00,0.2374,0.2399,0.2359,0.239,7025575.4
1758045600000,2025-09-16 20:00:00,0.239,0.2398,0.2373,0.2383,5954651.4
1758052800000,2025-09-16 22:00:00,0.2383,0.2388,0.2378,0.2388,2665870.6
1758060000000,2025-09-17 00:00:00,0.2388,0.2394,0.2369,0.2372,2271660.7
1758067200000,2025-09-17 02:00:00,0.2372,0.2378,0.2357,0.2364,1785028.4
1758074400000,2025-09-17 04:00:00,0.2364,0.2386,0.2358,0.236,3918687.7
1758081600000,2025-09-17 06:00:00,0.236,0.2369,0.234,0.2368,3687218.9
1758088800000,2025-09-17 08:00:00,0.2368,0.2381,0.2364,0.2379,1733488.1
1758096000000,2025-09-17 10:00:00,0.2379,0.2379,0.2344,0.2348,7063673.6
1758103200000,2025-09-17 12:00:00,0.2348,0.2351,0.2333,0.2341,2118210.9
1758110400000,2025-09-17 14:00:00,0.2341,0.2354,0.2335,0.2347,1581299.0
1758117600000,2025-09-17 16:00:00,0.2347,0.2351,0.2328,0.2334,2431781.2
1758124800000,2025-09-17 18:00:00,0.2334,0.2378,0.2316,0.2337,6573240.7
1758132000000,2025-09-17 20:00:00,0.2337,0.2403,0.2329,0.2402,21278221.4
1758139200000,2025-09-17 22:00:00,0.2402,0.2431,0.2369,0.2423,10292787.5
1758146400000,2025-09-18 00:00:00,0.2423,0.2469,0.2423,0.2441,7496006.0
1758153600000,2025-09-18 02:00:00,0.2441,0.2456,0.2431,0.2446,5131472.4
1758160800000,2025-09-18 04:00:00,0.2446,0.2471,0.2432,0.2457,5507302.6
1758168000000,2025-09-18 06:00:00,0.2457,0.2459,0.243,0.2435,4811664.2
1758175200000,2025-09-18 08:00:00,0.2435,0.2436,0.2406,0.2423,4575694.5
1758182400000,2025-09-18 10:00:00,0.2423,0.246,0.2419,0.245,4689490.1
1758189600000,2025-09-18 12:00:00,0.245,0.2455,0.243,0.2446,2873897.9
1758196800000,2025-09-18 14:00:00,0.2446,0.2471,0.2435,0.2471,5054726.6
1758204000000,2025-09-18 16:00:00,0.2471,0.249,0.2467,0.2486,6723995.7
1758211200000,2025-09-18 18:00:00,0.2486,0.2503,0.2479,0.2493,8344855.9
1758218400000,2025-09-18 20:00:00,0.2493,0.2506,0.2467,0.2482,6414148.8
1758225600000,2025-09-18 22:00:00,0.2482,0.2498,0.2476,0.2487,2627957.1
1758232800000,2025-09-19 00:00:00,0.2487,0.2488,0.2452,0.2462,5148538.3
1758240000000,2025-09-19 02:00:00,0.2462,0.2491,0.2462,0.2485,7391796.7
1758247200000,2025-09-19 04:00:00,0.2485,0.2487,0.242,0.2422,10662775.8
1758254400000,2025-09-19 06:00:00,0.2422,0.2435,0.2398,0.2424,8066071.2
1758261600000,2025-09-19 08:00:00,0.2424,0.2424,0.2394,0.2413,5046040.2
1758268800000,2025-09-19 10:00:00,0.2413,0.2431,0.2392,0.2404,3695323.9
1758276000000,2025-09-19 12:00:00,0.2404,0.2415,0.2385,0.2393,7110679.9
1758283200000,2025-09-19 14:00:00,0.2393,0.2418,0.2389,0.2409,4216231.2
1758290400000,2025-09-19 16:00:00,0.2409,0.2412,0.2362,0.2378,8733161.0
1758297600000,2025-09-19 18:00:00,0.2378,0.239,0.2359,0.2363,3178183.9
1758304800000,2025-09-19 20:00:00,0.2363,0.2371,0.235,0.2355,4361720.8
1758312000000,2025-09-19 22:00:00,0.2355,0.2367,0.2342,0.2362,4144031.1
1758319200000,2025-09-20 00:00:00,0.2362,0.2364,0.2319,0.2339,3849434.3
1758326400000,2025-09-20 02:00:00,0.2339,0.2353,0.2332,0.2341,2113723.7
1758333600000,2025-09-20 04:00:00,0.2341,0.2345,0.2321,0.234,1602666.9
1758340800000,2025-09-20 06:00:00,0.234,0.2363,0.2335,0.2362,1622061.6
1758348000000,2025-09-20 08:00:00,0.2362,0.2373,0.2354,0.2373,2168333.4
1758355200000,2025-09-20 10:00:00,0.2373,0.2374,0.2336,0.2341,2988949.4
1758362400000,2025-09-20 12:00:00,0.2341,0.235,0.2333,0.2349,2024308.3
1758369600000,2025-09-20 14:00:00,0.2349,0.2351,0.2338,0.2344,1143179.5
1758376800000,2025-09-20 16:00:00,0.2344,0.2385,0.2337,0.2374,4212823.9
1758384000000,2025-09-20 18:00:00,0.2374,0.2382,0.2358,0.2366,2193525.3
1758391200000,2025-09-20 20:00:00,0.2366,0.2366,0.2344,0.235,2743938.2
1758398400000,2025-09-20 22:00:00,0.235,0.2375,0.2348,0.2364,4935911.1
1758405600000,2025-09-21 00:00:00,0.2364,0.2369,0.2349,0.2355,1419274.3
1758412800000,2025-09-21 02:00:00,0.2355,0.2362,0.2339,0.2342,936683.3
1758420000000,2025-09-21 04:00:00,0.2342,0.2356,0.2331,0.2353,1335761.4
1758427200000,2025-09-21 06:00:00,0.2353,0.2368,0.2342,0.2367,961652.9
1758434400000,2025-09-21 08:00:00,0.2367,0.2376,0.2358,0.236,5106862.4
1758441600000,2025-09-21 10:00:00,0.236,0.2366,0.2308,0.2329,8281448.8
1758448800000,2025-09-21 12:00:00,0.2329,0.2334,0.2314,0.2318,3037568.1
1758456000000,2025-09-21 14:00:00,0.2318,0.2339,0.2316,0.2335,3597925.6
1758463200000,2025-09-21 16:00:00,0.2335,0.2339,0.2322,0.2323,3210951.5
1758470400000,2025-09-21 18:00:00,0.2323,0.2327,0.2295,0.2324,6061059.5
1758477600000,2025-09-21 20:00:00,0.2324,0.2329,0.2309,0.2323,2394682.1
1758484800000,2025-09-21 22:00:00,0.2323,0.2325,0.2311,0.2317,1655192.4
1758492000000,2025-09-22 00:00:00,0.2317,0.2324,0.2303,0.2308,2068209.2
1758499200000,2025-09-22 02:00:00,0.2308,0.2319,0.2254,0.2268,21532069.8
1758506400000,2025-09-22 04:00:00,0.2268,0.2272,0.2219,0.2241,15132236.6
1758513600000,2025-09-22 06:00:00,0.2241,0.2249,0.2184,0.2186,9702330.7
1758520800000,2025-09-22 08:00:00,0.2186,0.219,0.201,0.2115,61879947.5
1758528000000,2025-09-22 10:00:00,0.2115,0.2132,0.21,0.2104,8558184.0
1758535200000,2025-09-22 12:00:00,0.2104,0.2134,0.2102,0.2119,6350982.9
1758542400000,2025-09-22 14:00:00,0.2119,0.2148,0.2108,0.2148,10347401.0
1758549600000,2025-09-22 16:00:00,0.2148,0.2151,0.212,0.2124,6923908.7
1758556800000,2025-09-22 18:00:00,0.2124,0.2127,0.2095,0.2104,6813375.1
1758564000000,2025-09-22 20:00:00,0.2104,0.2111,0.2086,0.2096,5134529.4
1758571200000,2025-09-22 22:00:00,0.2096,0.2131,0.2092,0.213,4818257.1
1758578400000,2025-09-23 00:00:00,0.213,0.2139,0.2121,0.2138,1968914.4
1758585600000,2025-09-23 02:00:00,0.2138,0.2147,0.2115,0.2116,4135395.2
1758592800000,2025-09-23 04:00:00,0.2116,0.2137,0.2091,0.2131,6529416.5
1758600000000,2025-09-23 06:00:00,0.2131,0.2144,0.211,0.2138,3150243.8
1758607200000,2025-09-23 08:00:00,0.2138,0.2174,0.2131,0.2153,6838301.7
1758614400000,2025-09-23 10:00:00,0.2153,0.2175,0.2148,0.215,3182307.3
1758621600000,2025-09-23 12:00:00,0.215,0.2163,0.2146,0.215,3864404.5
1758628800000,2025-09-23 14:00:00,0.215,0.2168,0.2141,0.2151,4258076.8
1758636000000,2025-09-23 16:00:00,0.2151,0.2171,0.2137,0.2163,7526399.7
1758643200000,2025-09-23 18:00:00,0.2163,0.2177,0.2133,0.2137,4379094.2
1758650400000,2025-09-23 20:00:00,0.2137,0.2146,0.2115,0.212,6681717.9
1758657600000,2025-09-23 22:00:00,0.212,0.2142,0.2114,0.2137,2716179.5
1758664800000,2025-09-24 00:00:00,0.2137,0.2139,0.2103,0.2108,3200000.1
1758672000000,2025-09-24 02:00:00,0.2108,0.2143,0.2107,0.2141,2738214.1
1758679200000,2025-09-24 04:00:00,0.2141,0.2142,0.2091,0.2098,5045894.0
1758686400000,2025-09-24 06:00:00,0.2098,0.2151,0.2071,0.2146,10251378.7
1758693600000,2025-09-24 08:00:00,0.2146,0.2153,0.2136,0.2148,5080218.0
1758700800000,2025-09-24 10:00:00,0.2148,0.216,0.2143,0.2149,2935516.7
1758708000000,2025-09-24 12:00:00,0.2149,0.2169,0.2146,0.2164,3238587.4
1758715200000,2025-09-24 14:00:00,0.2164,0.2174,0.2147,0.2147,6898414.8
1758722400000,2025-09-24 16:00:00,0.2147,0.2184,0.2147,0.2161,5359342.5
1758729600000,2025-09-24 18:00:00,0.2161,0.2179,0.2154,0.2173,2556546.5
1758736800000,2025-09-24 20:00:00,0.2173,0.2175,0.2155,0.2163,1368863.8
1758744000000,2025-09-24 22:00:00,0.2163,0.2166,0.2128,0.2136,2644273.1
1758751200000,2025-09-25 00:00:00,0.2136,0.2148,0.2121,0.2126,3738697.7
1758758400000,2025-09-25 02:00:00,0.2126,0.2132,0.2098,0.2104,6056894.8
1758765600000,2025-09-25 04:00:00,0.2104,0.2131,0.2086,0.2104,5532089.1
1758772800000,2025-09-25 06:00:00,0.2104,0.2111,0.2063,0.2079,10696407.2
1758780000000,2025-09-25 08:00:00,0.2079,0.2081,0.2059,0.2064,5257436.3
1758787200000,2025-09-25 10:00:00,0.2064,0.2085,0.2055,0.2058,6296121.6
1758794400000,2025-09-25 12:00:00,0.2058,0.2078,0.2048,0.2054,6007060.0
1758801600000,2025-09-25 14:00:00,0.2054,0.2096,0.2018,0.2067,21856317.4
1758808800000,2025-09-25 16:00:00,0.2067,0.2111,0.2067,0.2082,12000605.0
1758816000000,2025-09-25 18:00:00,0.2082,0.2088,0.1996,0.2007,24178457.4
1758823200000,2025-09-25 20:00:00,0.2007,0.2083,0.2,0.2058,11810591.3
1758830400000,2025-09-25 22:00:00,0.2058,0.2061,0.203,0.2052,5197577.7
1758837600000,2025-09-26 00:00:00,0.2052,0.2066,0.2009,0.2028,6686846.5
1758844800000,2025-09-26 02:00:00,0.2028,0.2067,0.2021,0.2058,4187280.5
1758852000000,2025-09-26 04:00:00,0.2058,0.2066,0.2043,0.2053,2014860.3
1758859200000,2025-09-26 06:00:00,0.2053,0.2058,0.2031,0.2036,4589622.7
1758866400000,2025-09-26 08:00:00,0.2036,0.2052,0.202,0.2036,9003500.6
1758873600000,2025-09-26 10:00:00,0.2036,0.2048,0.202,0.2029,6100266.9
1758880800000,2025-09-26 12:00:00,0.2029,0.2029,0.2,0.2021,9192826.0
1758888000000,2025-09-26 14:00:00,0.2021,0.2063,0.1999,0.2057,16240019.1
1758895200000,2025-09-26 16:00:00,0.2057,0.2061,0.2029,0.2048,6961036.4
1758902400000,2025-09-26 18:00:00,0.2048,0.2103,0.2047,0.2098,7509952.6
1758909600000,2025-09-26 20:00:00,0.2098,0.2107,0.2077,0.2086,4349299.9
1758916800000,2025-09-26 22:00:00,0.2086,0.2091,0.2073,0.2086,4521711.1
1758924000000,2025-09-27 00:00:00,0.2086,0.2095,0.2076,0.2084,1247959.5
1758931200000,2025-09-27 02:00:00,0.2084,0.2084,0.2066,0.2068,1000050.9
1758938400000,2025-09-27 04:00:00,0.2068,0.2074,0.206,0.2065,1819847.5
1758945600000,2025-09-27 06:00:00,0.2065,0.2073,0.2062,0.2068,2630476.1
1758952800000,2025-09-27 08:00:00,0.2068,0.2069,0.2055,0.2057,889608.6
1758960000000,2025-09-27 10:00:00,0.2057,0.2065,0.204,0.2062,3962391.6
1758967200000,2025-09-27 12:00:00,0.2062,0.2075,0.2059,0.2068,2239336.9
1758974400000,2025-09-27 14:00:00,0.2068,0.208,0.2061,0.2067,3789588.8
1758981600000,2025-09-27 16:00:00,0.2067,0.2073,0.2054,0.2071,4626704.4
1758988800000,2025-09-27 18:00:00,0.2071,0.2072,0.2046,0.2056,2951765.3
1758996000000,2025-09-27 20:00:00,0.2056,0.2057,0.2042,0.2055,1723709.1
1759003200000,2025-09-27 22:00:00,0.2055,0.2067,0.205,0.2064,2288310.3
1759010400000,2025-09-28 00:00:00,0.2064,0.2076,0.2053,0.2055,1356904.6
1759017600000,2025-09-28 02:00:00,0.2055,0.2059,0.2027,0.2031,4376890.5
1759024800000,2025-09-28 04:00:00,0.2031,0.2038,0.2027,0.2033,1767396.9
1759032000000,2025-09-28 06:00:00,0.2033,0.2037,0.2025,0.2026,1736814.4
1759039200000,2025-09-28 08:00:00,0.2026,0.2029,0.2012,0.2023,2972101.7
1759046400000,2025-09-28 10:00:00,0.2023,0.2028,0.2011,0.2014,2901968.8
1759053600000,2025-09-28 12:00:00,0.2014,0.2019,0.2004,0.201,2223120.4
1759060800000,2025-09-28 14:00:00,0.201,0.2035,0.1997,0.203,4744818.1
1759068000000,2025-09-28 16:00:00,0.203,0.2041,0.2024,0.2038,2657613.5
1759075200000,2025-09-28 18:00:00,0.2038,0.2056,0.2035,0.2043,2040853.2
1759082400000,2025-09-28 20:00:00,0.2043,0.2046,0.2037,0.2045,1478140.6
1759089600000,2025-09-28 22:00:00,0.2045,0.2064,0.2042,0.205,3299548.3
1759096800000,2025-09-29 00:00:00,0.205,0.2087,0.205,0.2079,4193670.1
1759104000000,2025-09-29 02:00:00,0.2079,0.2084,0.207,0.207,1296931.3
1759111200000,2025-09-29 04:00:00,0.207,0.2083,0.2067,0.2072,1422085.4
1759118400000,2025-09-29 06:00:00,0.2072,0.2073,0.2055,0.2065,2396609.6
1759125600000,2025-09-29 08:00:00,0.2065,0.2066,0.2048,0.2058,1910740.8
1759132800000,2025-09-29 10:00:00,0.2058,0.2076,0.2056,0.2067,1981648.3
1759140000000,2025-09-29 12:00:00,0.2067,0.2071,0.2039,0.2049,2607249.2
1759147200000,2025-09-29 14:00:00,0.2049,0.2075,0.2032,0.2067,20372615.6
1759154400000,2025-09-29 16:00:00,0.2067,0.2097,0.2062,0.2072,9223477.0
1759161600000,2025-09-29 18:00:00,0.2072,0.2085,0.2047,0.2078,8806152.8
1759168800000,2025-09-29 20:00:00,0.2078,0.2089,0.206,0.2086,6359046.4
1759176000000,2025-09-29 22:00:00,0.2086,0.2104,0.2083,0.2093,5043260.7
1759183200000,2025-09-30 00:00:00,0.2093,0.2095,0.2072,0.2074,2381531.9
1759190400000,2025-09-30 02:00:00,0.2074,0.2081,0.2046,0.2056,6157598.1
1759197600000,2025-09-30 04:00:00,0.2056,0.2062,0.2047,0.2051,1860115.9
1759204800000,2025-09-30 06:00:00,0.2051,0.2061,0.2047,0.2057,2567024.8
1759212000000,2025-09-30 08:00:00,0.2057,0.2063,0.2035,0.204,3164780.0
1759219200000,2025-09-30 10:00:00,0.204,0.2042,0.2023,0.2027,2706545.7
1759226400000,2025-09-30 12:00:00,0.2027,0.2043,0.2024,0.204,4059246.3
1759233600000,2025-09-30 14:00:00,0.204,0.2057,0.2029,0.2045,4227283.2
1759240800000,2025-09-30 16:00:00,0.2045,0.2056,0.2008,0.2026,7089762.3
1759248000000,2025-09-30 18:00:00,0.2026,0.2043,0.202,0.2027,2634081.2
1759255200000,2025-09-30 20:00:00,0.2027,0.2095,0.2021,0.2092,4710389.5
1759262400000,2025-09-30 22:00:00,0.2092,0.2103,0.2084,0.2087,4090476.3
1759269600000,2025-10-01 00:00:00,0.2087,0.2098,0.2066,0.208,3028394.7
1759276800000,2025-10-01 02:00:00,0.208,0.2084,0.206,0.2084,2353537.6
1759284000000,2025-10-01 04:00:00,0.2084,0.2089,0.2053,0.2054,1752575.0
1759291200000,2025-10-01 06:00:00,0.2054,0.2088,0.2052,0.2079,4498134.0
1759298400000,2025-10-01 08:00:00,0.2079,0.2083,0.2065,0.2076,1994874.0
1759305600000,2025-10-01 10:00:00,0.2076,0.2188,0.2074,0.2185,17480831.4
1759312800000,2025-10-01 12:00:00,0.2185,0.2191,0.2154,0.2167,3981718.4
1759320000000,2025-10-01 14:00:00,0.2167,0.2169,0.215,0.2162,4177494.5
1759327200000,2025-10-01 16:00:00,0.2162,0.2186,0.2157,0.2183,4495232.4
1759334400000,2025-10-01 18:00:00,0.2183,0.2189,0.2167,0.2177,4758286.9
1759341600000,2025-10-01 20:00:00,0.2177,0.2216,0.2177,0.2212,4309374.0
1759348800000,2025-10-01 22:00:00,0.2212,0.2215,0.2191,0.2197,4201814.0
1759356000000,2025-10-02 00:00:00,0.2197,0.221,0.219,0.2208,2365963.7
1759363200000,2025-10-02 02:00:00,0.2208,0.2241,0.2203,0.2239,4860046.6
1759370400000,2025-10-02 04:00:00,0.2239,0.2248,0.2229,0.2233,2559983.4
1759377600000,2025-10-02 06:00:00,0.2233,0.2247,0.2224,0.2236,2581496.2
1759384800000,2025-10-02 08:00:00,0.2236,0.2248,0.2226,0.2227,3570732.7
1759392000000,2025-10-02 10:00:00,0.2227,0.2238,0.2227,0.2235,1542919.7
1759399200000,2025-10-02 12:00:00,0.2235,0.2252,0.2228,0.2236,2353486.4
1759406400000,2025-10-02 14:00:00,0.2236,0.2248,0.2223,0.2239,5379403.2
1759413600000,2025-10-02 16:00:00,0.2239,0.224,0.2182,0.2212,14520597.6
1759420800000,2025-10-02 18:00:00,0.2212,0.2245,0.2202,0.2242,5383370.0
1759428000000,2025-10-02 20:00:00,0.2242,0.2274,0.224,0.2264,5370726.1
1759435200000,2025-10-02 22:00:00,0.2264,0.2268,0.2243,0.225,4124400.1
1759442400000,2025-10-03 00:00:00,0.225,0.2259,0.2237,0.2249,4458316.0
1759449600000,2025-10-03 02:00:00,0.2249,0.2252,0.2209,0.2211,2653759.9
1759456800000,2025-10-03 04:00:00,0.2211,0.2241,0.2209,0.2219,2815425.2
1759464000000,2025-10-03 06:00:00,0.2219,0.2243,0.2217,0.2233,1714789.9
1759471200000,2025-10-03 08:00:00,0.2233,0.2239,0.2213,0.2224,2209694.5
1759478400000,2025-10-03 10:00:00,0.2224,0.2238,0.2212,0.2234,2094609.0
1759485600000,2025-10-03 12:00:00,0.2234,0.2236,0.2215,0.2218,1777374.3
1759492800000,2025-10-03 14:00:00,0.2218,0.2235,0.2198,0.2227,8163622.5
1759500000000,2025-10-03 16:00:00,0.2227,0.2269,0.2204,0.2264,10030249.0
1759507200000,2025-10-03 18:00:00,0.2264,0.2307,0.222,0.2227,23284967.4
1759514400000,2025-10-03 20:00:00,0.2227,0.2269,0.2212,0.2257,8494046.6
1759521600000,2025-10-03 22:00:00,0.2257,0.2265,0.2244,0.2248,3022526.7
1759528800000,2025-10-04 00:00:00,0.2248,0.2264,0.2241,0.2247,3145942.6
1759536000000,2025-10-04 02:00:00,0.2247,0.2253,0.2211,0.2217,2709347.5
1759543200000,2025-10-04 04:00:00,0.2217,0.2226,0.2202,0.2213,2040214.0
1759550400000,2025-10-04 06:00:00,0.2213,0.2226,0.2204,0.2218,1814064.8
1759557600000,2025-10-04 08:00:00,0.2218,0.2229,0.221,0.2216,2279407.0
1759564800000,2025-10-04 10:00:00,0.2216,0.2217,0.2191,0.2196,5013950.9
1759572000000,2025-10-04 12:00:00,0.2196,0.2205,0.2178,0.2184,3275934.8
1759579200000,2025-10-04 14:00:00,0.2184,0.2209,0.2179,0.2199,2616251.6
1759586400000,2025-10-04 16:00:00,0.2199,0.2212,0.2159,0.2163,5618575.7
1759593600000,2025-10-04 18:00:00,0.2163,0.2175,0.2157,0.2168,2741312.9
1759600800000,2025-10-04 20:00:00,0.2168,0.2172,0.2156,0.2172,1887270.7
1759608000000,2025-10-04 22:00:00,0.2172,0.2187,0.2171,0.2183,1782399.2
1759615200000,2025-10-05 00:00:00,0.2183,0.22,0.218,0.2195,2453537.6
1759622400000,2025-10-05 02:00:00,0.2195,0.2207,0.2184,0.22,1354523.4
1759629600000,2025-10-05 04:00:00,0.22,0.2268,0.2194,0.2247,8183751.2
1759636800000,2025-10-05 06:00:00,0.2247,0.2276,0.2239,0.2265,9823175.8
1759644000000,2025-10-05 08:00:00,0.2265,0.2298,0.2261,0.2297,3918971.5
1759651200000,2025-10-05 10:00:00,0.2297,0.2304,0.2246,0.2248,14967210.8
1759658400000,2025-10-05 12:00:00,0.2248,0.225,0.2224,0.2244,5930986.3
1759665600000,2025-10-05 14:00:00,0.2244,0.2247,0.2221,0.2239,5197750.8
1759672800000,2025-10-05 16:00:00,0.2239,0.2252,0.2223,0.2234,4249927.6
1759680000000,2025-10-05 18:00:00,0.2234,0.2239,0.22,0.2204,4903349.0
1759687200000,2025-10-05 20:00:00,0.2204,0.2212,0.2175,0.2179,2996034.4
1759694400000,2025-10-05 22:00:00,0.2179,0.2197,0.2172,0.219,1344681.8
1759701600000,2025-10-06 00:00:00,0.219,0.2196,0.2179,0.2185,940413.1
1759708800000,2025-10-06 02:00:00,0.2185,0.2204,0.2166,0.2187,4161468.0
1759716000000,2025-10-06 04:00:00,0.2187,0.2202,0.2172,0.2186,2210539.8
1759723200000,2025-10-06 06:00:00,0.2186,0.2186,0.2162,0.2173,2541270.8
1759730400000,2025-10-06 08:00:00,0.2173,0.221,0.2173,0.2188,2599535.5
1759737600000,2025-10-06 10:00:00,0.2188,0.2227,0.2188,0.2221,3548624.8
1759744800000,2025-10-06 12:00:00,0.2221,0.223,0.2209,0.2212,2251719.7
1759752000000,2025-10-06 14:00:00,0.2212,0.2271,0.2212,0.2269,4592865.6
1759759200000,2025-10-06 16:00:00,0.2269,0.2301,0.2252,0.2295,10206321.8
1759766400000,2025-10-06 18:00:00,0.2295,0.2306,0.2278,0.2296,5502801.6
1759773600000,2025-10-06 20:00:00,0.2296,0.2309,0.2288,0.2296,4768011.8
1759780800000,2025-10-06 22:00:00,0.2296,0.231,0.2284,0.2301,5639638.0
1759788000000,2025-10-07 00:00:00,0.2301,0.2309,0.2285,0.2291,2991468.5
1759795200000,2025-10-07 02:00:00,0.2291,0.2302,0.2281,0.2289,2161764.0
1759802400000,2025-10-07 04:00:00,0.2289,0.2293,0.2269,0.2278,1944887.8
1759809600000,2025-10-07 06:00:00,0.2278,0.2306,0.2263,0.2293,3078247.9
1759816800000,2025-10-07 08:00:00,0.2293,0.2299,0.2242,0.2248,7495585.3
1759824000000,2025-10-07 10:00:00,0.2248,0.226,0.2223,0.2253,5822534.9
1759831200000,2025-10-07 12:00:00,0.2253,0.2273,0.2248,0.2272,4989036.7
1759838400000,2025-10-07 14:00:00,0.2272,0.2298,0.2241,0.2268,9771499.6
1759845600000,2025-10-07 16:00:00,0.2268,0.227,0.2185,0.2202,22671689.0
1759852800000,2025-10-07 18:00:00,0.2202,0.2234,0.2185,0.2207,8173702.8
1759860000000,2025-10-07 20:00:00,0.2207,0.2212,0.2193,0.2199,4549946.6
1759867200000,2025-10-07 22:00:00,0.2199,0.2225,0.2199,0.2203,3315773.9
1759874400000,2025-10-08 00:00:00,0.2203,0.2213,0.2178,0.2186,2610475.9
1759881600000,2025-10-08 02:00:00,0.2186,0.2209,0.2184,0.2198,3094226.8
1759888800000,2025-10-08 04:00:00,0.2198,0.2201,0.2158,0.2168,7202115.0
1759896000000,2025-10-08 06:00:00,0.2168,0.2188,0.2153,0.2162,7186696.8
1759903200000,2025-10-08 08:00:00,0.2162,0.2175,0.2153,0.2174,4936752.1
1759910400000,2025-10-08 10:00:00,0.2174,0.2201,0.2172,0.2187,6027841.4
1759917600000,2025-10-08 12:00:00,0.2187,0.2196,0.2177,0.2182,2228435.8
1759924800000,2025-10-08 14:00:00,0.2182,0.2194,0.2168,0.2193,5945324.7
1759932000000,2025-10-08 16:00:00,0.2193,0.222,0.2191,0.2203,6242548.0
1759939200000,2025-10-08 18:00:00,0.2203,0.2266,0.2202,0.2257,7355832.8
1759946400000,2025-10-08 20:00:00,0.2257,0.2274,0.2243,0.2251,6935766.5
1759953600000,2025-10-08 22:00:00,0.2251,0.2256,0.2236,0.2246,3322611.0
1759960800000,2025-10-09 00:00:00,0.2246,0.2254,0.2233,0.224,1413256.1
1759968000000,2025-10-09 02:00:00,0.224,0.2244,0.2192,0.2206,4998050.7
1759975200000,2025-10-09 04:00:00,0.2206,0.2206,0.2155,0.218,6969746.8
1759982400000,2025-10-09 06:00:00,0.218,0.2202,0.2173,0.2195,4281980.1
1759989600000,2025-10-09 08:00:00,0.2195,0.2196,0.216,0.2162,3262914.7
1759996800000,2025-10-09 10:00:00,0.2162,0.2166,0.2123,0.216,11719650.5
1760004000000,2025-10-09 12:00:00,0.216,0.2178,0.215,0.2164,4592561.0
1760011200000,2025-10-09 14:00:00,0.2164,0.2194,0.2162,0.2164,6203850.9
1760018400000,2025-10-09 16:00:00,0.2164,0.2176,0.2137,0.2154,10885930.0
1760025600000,2025-10-09 18:00:00,0.2154,0.2176,0.2127,0.2174,8126235.6
1760032800000,2025-10-09 20:00:00,0.2174,0.2184,0.2165,0.2172,2625034.0
1760040000000,2025-10-09 22:00:00,0.2172,0.2194,0.2168,0.2192,2299803.4
1760047200000,2025-10-10 00:00:00,0.2192,0.2224,0.219,0.2202,3448027.5
1760054400000,2025-10-10 02:00:00,0.2202,0.2218,0.2189,0.2197,4123549.7
1760061600000,2025-10-10 04:00:00,0.2197,0.2241,0.2185,0.2221,4047601.8
1760068800000,2025-10-10 06:00:00,0.2221,0.224,0.2207,0.2234,3110638.7
1760076000000,2025-10-10 08:00:00,0.2234,0.2238,0.2194,0.2196,3846620.1
1760083200000,2025-10-10 10:00:00,0.2196,0.2214,0.2193,0.2196,2688676.9
1760090400000,2025-10-10 12:00:00,0.2196,0.2227,0.2195,0.2217,2699614.8
1760097600000,2025-10-10 14:00:00,0.2217,0.2255,0.2217,0.224,5883603.8
1760104800000,2025-10-10 16:00:00,0.224,0.2247,0.2093,0.2124,43124181.3
1760112000000,2025-10-10 18:00:00,0.2124,0.2153,0.2098,0.2104,9762635.7
1760119200000,2025-10-10 20:00:00,0.2104,0.2111,0.2046,0.207,11654140.7
1760126400000,2025-10-10 22:00:00,0.207,0.2085,0.0934,0.1577,146730752.8
1760133600000,2025-10-11 00:00:00,0.1577,0.1807,0.1412,0.175,125754711.6
1760140800000,2025-10-11 02:00:00,0.175,0.1829,0.1722,0.1753,42991134.3
1760148000000,2025-10-11 04:00:00,0.1753,0.186,0.1752,0.1809,16785552.6
1760155200000,2025-10-11 06:00:00,0.1809,0.184,0.1796,0.1813,12381445.7
1760162400000,2025-10-11 08:00:00,0.1813,0.1851,0.1808,0.1836,13346614.7
1760169600000,2025-10-11 10:00:00,0.1836,0.1928,0.183,0.1888,14263380.4
1760176800000,2025-10-11 12:00:00,0.1888,0.1912,0.1875,0.1887,10778668.5
1760184000000,2025-10-11 14:00:00,0.1887,0.1894,0.1851,0.1883,12217161.8
1760191200000,2025-10-11 16:00:00,0.1883,0.1921,0.1866,0.1903,13894432.8
1760198400000,2025-10-11 18:00:00,0.1903,0.1912,0.1884,0.1902,5475010.2
1760205600000,2025-10-11 20:00:00,0.1902,0.1904,0.1818,0.1832,7890359.6
1760212800000,2025-10-11 22:00:00,0.1832,0.1836,0.1761,0.182,24346081.4
1760220000000,2025-10-12 00:00:00,0.182,0.1835,0.1808,0.1817,7248410.2
1760227200000,2025-10-12 02:00:00,0.1817,0.1833,0.1788,0.1793,10276974.1
1760234400000,2025-10-12 04:00:00,0.1793,0.1856,0.1787,0.1842,8747015.7
1760241600000,2025-10-12 06:00:00,0.1842,0.1884,0.1839,0.1874,6780653.7
1760248800000,2025-10-12 08:00:00,0.1874,0.191,0.1872,0.1903,8045407.3
1760256000000,2025-10-12 10:00:00,0.1903,0.1905,0.1868,0.1904,6335942.3
1760263200000,2025-10-12 12:00:00,0.1904,0.1915,0.1882,0.1893,3807859.4
1760270400000,2025-10-12 14:00:00,0.1893,0.1919,0.1872,0.1878,5959608.5
1760277600000,2025-10-12 16:00:00,0.1878,0.1996,0.1878,0.1993,25325883.7
1760284800000,2025-10-12 18:00:00,0.1993,0.2048,0.1993,0.2032,12366333.2
1760292000000,2025-10-12 20:00:00,0.2032,0.2057,0.2015,0.2049,5914559.5
1760299200000,2025-10-12 22:00:00,0.2049,0.207,0.2006,0.203,6010639.0
1760306400000,2025-10-13 00:00:00,0.203,0.2046,0.2008,0.2024,3389594.5
1760313600000,2025-10-13 02:00:00,0.2024,0.2041,0.1998,0.2025,4498818.5
1760320800000,2025-10-13 04:00:00,0.2025,0.2032,0.1999,0.2002,5645425.7
1760328000000,2025-10-13 06:00:00,0.2002,0.2017,0.1993,0.2009,4768426.7
1760335200000,2025-10-13 08:00:00,0.2009,0.2066,0.1996,0.2036,8998145.2
1760342400000,2025-10-13 10:00:00,0.2036,0.2074,0.2032,0.2066,5976472.6
1760349600000,2025-10-13 12:00:00,0.2066,0.2067,0.1985,0.2026,12911642.2
1760356800000,2025-10-13 14:00:00,0.2026,0.2077,0.2009,0.206,13216221.7
1760364000000,2025-10-13 16:00:00,0.206,0.2068,0.2004,0.2057,14359480.9
1760371200000,2025-10-13 18:00:00,0.2057,0.2114,0.2042,0.2111,10636314.4
1760378400000,2025-10-13 20:00:00,0.2111,0.214,0.2087,0.2136,21421210.0
1760385600000,2025-10-13 22:00:00,0.2136,0.2147,0.2118,0.2131,12250781.7
1760392800000,2025-10-14 00:00:00,0.2131,0.2142,0.2125,0.2129,3311685.1
1760400000000,2025-10-14 02:00:00,0.2129,0.214,0.2104,0.2108,3200091.8
1760407200000,2025-10-14 04:00:00,0.2108,0.2108,0.2055,0.2063,3783650.7
1760414400000,2025-10-14 06:00:00,0.2063,0.2071,0.2005,0.2012,5279087.5
1760421600000,2025-10-14 08:00:00,0.2012,0.2026,0.192,0.1951,21387159.8
1760428800000,2025-10-14 10:00:00,0.1951,0.1976,0.1935,0.1966,4754305.9
1760436000000,2025-10-14 12:00:00,0.1966,0.1971,0.1909,0.1955,8282680.0
1760443200000,2025-10-14 14:00:00,0.1955,0.1964,0.1907,0.1944,13109514.5
1760450400000,2025-10-14 16:00:00,0.1944,0.2035,0.1935,0.2035,10843174.6
1760457600000,2025-10-14 18:00:00,0.2035,0.207,0.1994,0.203,15653754.6
1760464800000,2025-10-14 20:00:00,0.203,0.2056,0.2003,0.2032,14566871.0
1760472000000,2025-10-14 22:00:00,0.2032,0.2055,0.2021,0.205,5633460.9
1760479200000,2025-10-15 00:00:00,0.205,0.2063,0.2039,0.205,2583527.9
1760486400000,2025-10-15 02:00:00,0.205,0.2052,0.2022,0.2037,5617375.0
1760493600000,2025-10-15 04:00:00,0.2037,0.206,0.2014,0.2024,3112390.0
1760500800000,2025-10-15 06:00:00,0.2024,0.2056,0.2018,0.2034,1927880.7
1760508000000,2025-10-15 08:00:00,0.2034,0.2048,0.2007,0.2045,2770888.5
1760515200000,2025-10-15 10:00:00,0.2045,0.2085,0.2039,0.2045,8132529.0
1760522400000,2025-10-15 12:00:00,0.2045,0.2052,0.2013,0.2028,2968294.1
1760529600000,2025-10-15 14:00:00,0.2028,0.2034,0.1967,0.2002,11432334.0
1760536800000,2025-10-15 16:00:00,0.2002,0.2028,0.196,0.1971,5898987.5
1760544000000,2025-10-15 18:00:00,0.1971,0.1985,0.1951,0.1982,3922230.1
1760551200000,2025-10-15 20:00:00,0.1982,0.1999,0.1961,0.1968,3285675.4
1760558400000,2025-10-15 22:00:00,0.1968,0.1978,0.1932,0.1949,10649235.1
1760565600000,2025-10-16 00:00:00,0.1949,0.1969,0.1947,0.1963,3614191.8
1760572800000,2025-10-16 02:00:00,0.1963,0.1976,0.1948,0.1973,1988884.4
1760580000000,2025-10-16 04:00:00,0.1973,0.1983,0.1948,0.195,1934169.7
1760587200000,2025-10-16 06:00:00,0.195,0.1966,0.1937,0.1951,2384497.1
1760594400000,2025-10-16 08:00:00,0.1951,0.1978,0.195,0.196,2789396.3
1760601600000,2025-10-16 10:00:00,0.196,0.1975,0.1891,0.1964,10883677.0
1760608800000,2025-10-16 12:00:00,0.1964,0.1987,0.1957,0.1975,4255390.0
1760616000000,2025-10-16 14:00:00,0.1975,0.199,0.1951,0.1958,7639045.7
1760623200000,2025-10-16 16:00:00,0.1958,0.1979,0.1887,0.1898,20096711.7
1760630400000,2025-10-16 18:00:00,0.1898,0.1944,0.1877,0.1904,11737948.9
1760637600000,2025-10-16 20:00:00,0.1904,0.1904,0.1839,0.1855,10722133.7
1760644800000,2025-10-16 22:00:00,0.1855,0.1866,0.1825,0.1861,9308831.6
1760652000000,2025-10-17 00:00:00,0.1861,0.1864,0.1832,0.1848,3212394.5
1760659200000,2025-10-17 02:00:00,0.1848,0.1879,0.1843,0.1851,3621032.2
1760666400000,2025-10-17 04:00:00,0.1851,0.1858,0.1832,0.1857,2486895.2
1760673600000,2025-10-17 06:00:00,0.1857,0.1859,0.1834,0.1837,2100285.0
1760680800000,2025-10-17 08:00:00,0.1837,0.1845,0.1721,0.1727,21265692.5
1760688000000,2025-10-17 10:00:00,0.1727,0.1771,0.1694,0.1735,18192973.1
1760695200000,2025-10-17 12:00:00,0.1735,0.1785,0.1699,0.1773,12543950.5
1760702400000,2025-10-17 14:00:00,0.1773,0.1785,0.1742,0.1771,6854895.5
1760709600000,2025-10-17 16:00:00,0.1771,0.178,0.1734,0.178,11104756.2
1760716800000,2025-10-17 18:00:00,0.178,0.1806,0.176,0.1778,13145886.7
1760724000000,2025-10-17 20:00:00,0.1778,0.1793,0.176,0.1769,3677291.2
1760731200000,2025-10-17 22:00:00,0.1769,0.1797,0.1764,0.1788,4991963.6
1760738400000,2025-10-18 00:00:00,0.1788,0.1791,0.1765,0.1771,2270949.2
1760745600000,2025-10-18 02:00:00,0.1771,0.18,0.1765,0.1798,2373386.3
1760752800000,2025-10-18 04:00:00,0.1798,0.1804,0.1776,0.1784,2526418.5
1760760000000,2025-10-18 06:00:00,0.1784,0.1786,0.1768,0.1784,1948295.3
1760767200000,2025-10-18 08:00:00,0.1784,0.1811,0.1774,0.1787,5378570.1
1760774400000,2025-10-18 10:00:00,0.1787,0.1798,0.1779,0.1795,3583558.0
1760781600000,2025-10-18 12:00:00,0.1795,0.1808,0.1787,0.1805,2633513.0
1760788800000,2025-10-18 14:00:00,0.1805,0.1814,0.1776,0.1781,4722772.3
1760796000000,2025-10-18 16:00:00,0.1781,0.1792,0.177,0.1781,5048175.0
1760803200000,2025-10-18 18:00:00,0.1781,0.1798,0.1765,0.1795,3347215.5
1760810400000,2025-10-18 20:00:00,0.1795,0.1803,0.1791,0.1802,2141526.8
1760817600000,2025-10-18 22:00:00,0.1802,0.1811,0.1786,0.1801,2205953.5
1760824800000,2025-10-19 00:00:00,0.1801,0.1803,0.1791,0.1796,788145.3
1760832000000,2025-10-19 02:00:00,0.1796,0.1798,0.1778,0.1787,1366770.7
1760839200000,2025-10-19 04:00:00,0.1787,0.1806,0.1778,0.1802,745803.9
1760846400000,2025-10-19 06:00:00,0.1802,0.1804,0.1787,0.179,1112045.2
1760853600000,2025-10-19 08:00:00,0.179,0.1794,0.1778,0.1789,1140975.6
1760860800000,2025-10-19 10:00:00,0.1789,0.1824,0.1765,0.1809,12660660.6
1760868000000,2025-10-19 12:00:00,0.1809,0.1849,0.1805,0.1834,8041770.9
1760875200000,2025-10-19 14:00:00,0.1834,0.1868,0.1825,0.1863,4990980.0
1760882400000,2025-10-19 16:00:00,0.1863,0.1873,0.1852,0.186,11487717.9
1760889600000,2025-10-19 18:00:00,0.186,0.1882,0.1849,0.1862,9973641.7
1760896800000,2025-10-19 20:00:00,0.1862,0.1868,0.1856,0.1858,4187115.3
1760904000000,2025-10-19 22:00:00,0.1858,0.1859,0.1845,0.1852,3949901.4
1760911200000,2025-10-20 00:00:00,0.1852,0.1858,0.183,0.1834,1629549.0
1760918400000,2025-10-20 02:00:00,0.1834,0.1835,0.1794,0.1814,5144213.2
1760925600000,2025-10-20 04:00:00,0.1814,0.1885,0.1804,0.1876,5066257.0
1760932800000,2025-10-20 06:00:00,0.1876,0.1883,0.1861,0.1878,2799803.6
1760940000000,2025-10-20 08:00:00,0.1878,0.19,0.1876,0.189,3813889.4
1760947200000,2025-10-20 10:00:00,0.189,0.1903,0.1877,0.1885,2267233.1
1760954400000,2025-10-20 12:00:00,0.1885,0.1902,0.1876,0.1886,3481452.4
1760961600000,2025-10-20 14:00:00,0.1886,0.1907,0.188,0.1904,2740457.2
1760968800000,2025-10-20 16:00:00,0.1904,0.1911,0.1881,0.1881,4656907.3
1760976000000,2025-10-20 18:00:00,0.1881,0.1883,0.1847,0.1864,9104950.2
1760983200000,2025-10-20 20:00:00,0.1864,0.19,0.1859,0.189,1742687.2
1760990400000,2025-10-20 22:00:00,0.189,0.19,0.1876,0.1879,2335369.9
1760997600000,2025-10-21 00:00:00,0.1879,0.1886,0.1865,0.1867,2881665.9
1761004800000,2025-10-21 02:00:00,0.1867,0.1867,0.1832,0.1839,5679138.8
1761012000000,2025-10-21 04:00:00,0.1839,0.184,0.1818,0.182,2214982.0
1761019200000,2025-10-21 06:00:00,0.182,0.1821,0.1783,0.1786,4368235.4
1761026400000,2025-10-21 08:00:00,0.1786,0.1802,0.1781,0.1797,2051377.4
1761033600000,2025-10-21 10:00:00,0.1797,0.1797,0.1772,0.1783,5110255.7
1761040800000,2025-10-21 12:00:00,0.1783,0.1809,0.1782,0.1804,2334516.9
1761048000000,2025-10-21 14:00:00,0.1804,0.1824,0.1797,0.1807,4327716.9
1761055200000,2025-10-21 16:00:00,0.1807,0.1934,0.1807,0.1927,11835748.3
1761062400000,2025-10-21 18:00:00,0.1927,0.1952,0.1887,0.1909,12596095.4
1761069600000,2025-10-21 20:00:00,0.1909,0.1916,0.1884,0.1894,3859696.1
1761076800000,2025-10-21 22:00:00,0.1894,0.1897,0.1846,0.1866,5818880.6
1761084000000,2025-10-22 00:00:00,0.1866,0.187,0.1804,0.1809,4941122.5
1761091200000,2025-10-22 02:00:00,0.1809,0.182,0.179,0.181,4398536.2
1761098400000,2025-10-22 04:00:00,0.181,0.1821,0.1797,0.1812,1856463.1
1761105600000,2025-10-22 06:00:00,0.1812,0.1825,0.1783,0.1805,4845539.7
1761112800000,2025-10-22 08:00:00,0.1805,0.1818,0.1791,0.1817,7134456.6
1761120000000,2025-10-22 10:00:00,0.1817,0.1819,0.1789,0.1797,5196371.6
1761127200000,2025-10-22 12:00:00,0.1797,0.1822,0.177,0.1811,10394315.9
1761134400000,2025-10-22 14:00:00,0.1811,0.1846,0.1807,0.1843,8634253.5
1761141600000,2025-10-22 16:00:00,0.1843,0.1847,0.1797,0.1816,14331329.3
1761148800000,2025-10-22 18:00:00,0.1816,0.1829,0.1794,0.1797,12106780.2
1761156000000,2025-10-22 20:00:00,0.1797,0.1815,0.1781,0.1799,5195838.1
1761163200000,2025-10-22 22:00:00,0.1799,0.1804,0.1742,0.1761,10955683.9
1761170400000,2025-10-23 00:00:00,0.1761,0.1789,0.175,0.1783,4409225.5
1761177600000,2025-10-23 02:00:00,0.1783,0.1797,0.1778,0.1784,3214086.2
1761184800000,2025-10-23 04:00:00,0.1784,0.1795,0.1779,0.1788,2531467.5
1761192000000,2025-10-23 06:00:00,0.1788,0.1802,0.1786,0.1801,2023850.8
1761199200000,2025-10-23 08:00:00,0.1801,0.1827,0.1798,0.1822,4871027.9
1761206400000,2025-10-23 10:00:00,0.1822,0.1833,0.1819,0.1825,3629953.5
1761213600000,2025-10-23 12:00:00,0.1825,0.183,0.1805,0.1807,3754580.8
1761220800000,2025-10-23 14:00:00,0.1807,0.1829,0.1791,0.182,5100172.2
1761228000000,2025-10-23 16:00:00,0.182,0.1842,0.1802,0.1824,5407147.0
1761235200000,2025-10-23 18:00:00,0.1824,0.1857,0.182,0.1852,6975666.7
1761242400000,2025-10-23 20:00:00,0.1852,0.1854,0.1827,0.1833,2757159.5
1761249600000,2025-10-23 22:00:00,0.1833,0.1833,0.1801,0.1803,4294536.7
1761256800000,2025-10-24 00:00:00,0.1803,0.1814,0.1801,0.1814,3123455.4
1761264000000,2025-10-24 02:00:00,0.1814,0.1824,0.1803,0.1817,2681698.8
1761271200000,2025-10-24 04:00:00,0.1817,0.1817,0.1805,0.1811,2088162.0
1761278400000,2025-10-24 06:00:00,0.1811,0.185,0.1807,0.1845,4316745.6
1761285600000,2025-10-24 08:00:00,0.1845,0.1852,0.1829,0.1839,2067991.9
1761292800000,2025-10-24 10:00:00,0.1839,0.186,0.1832,0.1848,3431168.2
1761300000000,2025-10-24 12:00:00,0.1848,0.1849,0.1816,0.1835,3481979.8
1761307200000,2025-10-24 14:00:00,0.1835,0.1872,0.1826,0.1842,10870837.1
1761314400000,2025-10-24 16:00:00,0.1842,0.1842,0.1807,0.1812,5208092.8
1761321600000,2025-10-24 18:00:00,0.1812,0.1823,0.1802,0.1815,2508236.1
1761328800000,2025-10-24 20:00:00,0.1815,0.1844,0.1811,0.1841,1321268.7
1761336000000,2025-10-24 22:00:00,0.1841,0.186,0.184,0.1858,1958764.6
1761343200000,2025-10-25 00:00:00,0.1858,0.1863,0.1851,0.1856,1544659.3
1761350400000,2025-10-25 02:00:00,0.1856,0.1858,0.1843,0.1845,1849132.2
1761357600000,2025-10-25 04:00:00,0.1845,0.1849,0.1831,0.1831,1822375.2
1761364800000,2025-10-25 06:00:00,0.1831,0.1842,0.1828,0.1833,2188683.4
1761372000000,2025-10-25 08:00:00,0.1833,0.1844,0.1828,0.183,1791262.1
1761379200000,2025-10-25 10:00:00,0.183,0.1844,0.183,0.1833,1739439.6
1761386400000,2025-10-25 12:00:00,0.1833,0.1835,0.1822,0.1827,2327438.8
1761393600000,2025-10-25 14:00:00,0.1827,0.184,0.1826,0.1835,2014953.8
1761400800000,2025-10-25 16:00:00,0.1835,0.1855,0.1834,0.185,2412150.6
1761408000000,2025-10-25 18:00:00,0.185,0.1856,0.1845,0.1846,1497624.3
1761415200000,2025-10-25 20:00:00,0.1846,0.1863,0.1844,0.1861,1553833.1
1761422400000,2025-10-25 22:00:00,0.1861,0.1869,0.1848,0.1854,2275765.5
1761429600000,2025-10-26 00:00:00,0.1854,0.1855,0.1846,0.185,484782.0
1761436800000,2025-10-26 02:00:00,0.185,0.1854,0.1835,0.1842,2111459.2
1761444000000,2025-10-26 04:00:00,0.1842,0.1844,0.1827,0.1832,1081994.1
1761451200000,2025-10-26 06:00:00,0.1832,0.1851,0.1831,0.1849,911406.2
1761458400000,2025-10-26 08:00:00,0.1849,0.1853,0.1845,0.1853,819649.9
1761465600000,2025-10-26 10:00:00,0.1853,0.1887,0.1852,0.1886,5665389.1
1761472800000,2025-10-26 12:00:00,0.1886,0.1895,0.1869,0.1891,3592979.2
1761480000000,2025-10-26 14:00:00,0.1891,0.1907,0.1887,0.19,3879588.5
1761487200000,2025-10-26 16:00:00,0.19,0.1901,0.1887,0.1896,2062728.2
1761494400000,2025-10-26 18:00:00,0.1896,0.1897,0.188,0.1887,2456089.5
1761501600000,2025-10-26 20:00:00,0.1887,0.1891,0.1878,0.1881,2025552.5
1761508800000,2025-10-26 22:00:00,0.1881,0.1886,0.1867,0.1884,2387615.4
1761516000000,2025-10-27 00:00:00,0.1884,0.1921,0.1884,0.1906,5283477.8
1761523200000,2025-10-27 02:00:00,0.1906,0.193,0.1901,0.1929,2640630.5
1761530400000,2025-10-27 04:00:00,0.1929,0.1931,0.1913,0.1919,1728059.9
1761537600000,2025-10-27 06:00:00,0.1919,0.1932,0.1912,0.1916,1424791.1
1761544800000,2025-10-27 08:00:00,0.1916,0.193,0.1896,0.1908,2623537.4
1761552000000,2025-10-27 10:00:00,0.1908,0.1913,0.187,0.1873,4114767.0
1761559200000,2025-10-27 12:00:00,0.1873,0.1883,0.1861,0.1881,2847612.7
1761566400000,2025-10-27 14:00:00,0.1881,0.1884,0.1854,0.1875,3081851.3
1761573600000,2025-10-27 16:00:00,0.1875,0.1896,0.1858,0.1889,3717392.3
1761580800000,2025-10-27 18:00:00,0.1889,0.1921,0.1889,0.1906,5433122.2
1761588000000,2025-10-27 20:00:00,0.1906,0.1912,0.1883,0.1885,2020719.7
1761595200000,2025-10-27 22:00:00,0.1885,0.1885,0.1857,0.1863,3198148.9
1761602400000,2025-10-28 00:00:00,0.1863,0.1871,0.184,0.1854,2367263.0
1761609600000,2025-10-28 02:00:00,0.1854,0.1883,0.185,0.1877,2593240.2
1761616800000,2025-10-28 04:00:00,0.1877,0.188,0.1855,0.187,2119773.9
1761624000000,2025-10-28 06:00:00,0.187,0.1931,0.1861,0.1893,9384523.3
1761631200000,2025-10-28 08:00:00,0.1893,0.1992,0.1884,0.1936,21731900.1
1761638400000,2025-10-28 10:00:00,0.1936,0.1961,0.1916,0.1923,8914538.2
1761645600000,2025-10-28 12:00:00,0.1923,0.1925,0.1894,0.1901,4443328.1
1761652800000,2025-10-28 14:00:00,0.1901,0.1935,0.1895,0.1924,8460139.5
1761660000000,2025-10-28 16:00:00,0.1924,0.1928,0.1866,0.1899,8724326.5
1761667200000,2025-10-28 18:00:00,0.1899,0.1916,0.1893,0.191,4022869.3
1761674400000,2025-10-28 20:00:00,0.191,0.1919,0.1863,0.1873,5905012.8
1761681600000,2025-10-28 22:00:00,0.1873,0.1873,0.181,0.1838,18315431.6
1761688800000,2025-10-29 00:00:00,0.1838,0.1861,0.1833,0.184,2172895.9
1761696000000,2025-10-29 02:00:00,0.184,0.1846,0.1822,0.1835,4780384.6
1761703200000,2025-10-29 04:00:00,0.1835,0.1839,0.1824,0.1827,1978591.5
1761710400000,2025-10-29 06:00:00,0.1827,0.1835,0.182,0.1831,2778447.6
1761717600000,2025-10-29 08:00:00,0.1831,0.1838,0.1823,0.1833,2148125.3
1761724800000,2025-10-29 10:00:00,0.1833,0.1835,0.1814,0.1823,2493714.1
1761732000000,2025-10-29 12:00:00,0.1823,0.1851,0.1822,0.1845,3538817.3
1761739200000,2025-10-29 14:00:00,0.1845,0.1868,0.1844,0.1853,5239096.9
1761746400000,2025-10-29 16:00:00,0.1853,0.1856,0.1808,0.1819,5427463.8
1761753600000,2025-10-29 18:00:00,0.1819,0.189,0.1808,0.189,4567547.6
1761760800000,2025-10-29 20:00:00,0.189,0.1898,0.18,0.1871,19799410.0
1761768000000,2025-10-29 22:00:00,0.1871,0.1898,0.1855,0.1881,4186492.9
1761775200000,2025-10-30 00:00:00,0.1881,0.1882,0.1828,0.1836,2806448.9
1761782400000,2025-10-30 02:00:00,0.1836,0.1849,0.1821,0.1834,3544421.6
1761789600000,2025-10-30 04:00:00,0.1834,0.1853,0.1824,0.1832,2254004.2
1761796800000,2025-10-30 06:00:00,0.1832,0.1843,0.1767,0.184,11975937.6
1761804000000,2025-10-30 08:00:00,0.184,0.1869,0.1835,0.1852,3533245.8
1761811200000,2025-10-30 10:00:00,0.1852,0.1852,0.1821,0.183,2812291.7
1761818400000,2025-10-30 12:00:00,0.183,0.1839,0.1812,0.1814,6136180.7
1761825600000,2025-10-30 14:00:00,0.1814,0.1816,0.1746,0.175,10506673.3
1761832800000,2025-10-30 16:00:00,0.175,0.1767,0.1724,0.1728,8285118.9
1761840000000,2025-10-30 18:00:00,0.1728,0.1743,0.1685,0.1712,9482689.6
1761847200000,2025-10-30 20:00:00,0.1712,0.1714,0.1672,0.1679,5187951.8
1761854400000,2025-10-30 22:00:00,0.1679,0.1718,0.1672,0.1713,6466973.7
1761861600000,2025-10-31 00:00:00,0.1713,0.1739,0.1708,0.1738,2961022.6
1761868800000,2025-10-31 02:00:00,0.1738,0.1763,0.1728,0.176,4236746.0
1761876000000,2025-10-31 04:00:00,0.176,0.1763,0.1741,0.1756,3400316.9
1761883200000,2025-10-31 06:00:00,0.1756,0.1769,0.1754,0.176,3043085.0
1761890400000,2025-10-31 08:00:00,0.176,0.1763,0.1749,0.1754,1674464.4
1761897600000,2025-10-31 10:00:00,0.1754,0.1761,0.1744,0.1752,1650977.4
1761904800000,2025-10-31 12:00:00,0.1752,0.1775,0.1747,0.1773,2453428.4
1761912000000,2025-10-31 14:00:00,0.1773,0.1786,0.1757,0.1775,3416578.9
1761919200000,2025-10-31 16:00:00,0.1775,0.1791,0.1765,0.1775,4166931.8
1761926400000,2025-10-31 18:00:00,0.1775,0.1777,0.1727,0.174,8023912.6
1761933600000,2025-10-31 20:00:00,0.174,0.1781,0.1732,0.1774,5911215.5
1761940800000,2025-10-31 22:00:00,0.1774,0.1775,0.1756,0.1766,2853695.8
1761948000000,2025-11-01 00:00:00,0.1766,0.1779,0.1764,0.1771,1000458.7
1761955200000,2025-11-01 02:00:00,0.1771,0.1774,0.1757,0.176,2254747.7
1761962400000,2025-11-01 04:00:00,0.176,0.1784,0.1751,0.1781,1984913.4
1761969600000,2025-11-01 06:00:00,0.1781,0.1783,0.176,0.1762,1669237.1
1761976800000,2025-11-01 08:00:00,0.1762,0.1787,0.1758,0.1782,1752662.3
1761984000000,2025-11-01 10:00:00,0.1782,0.1793,0.1773,0.1777,1611971.6
1761991200000,2025-11-01 12:00:00,0.1777,0.1788,0.177,0.1786,1388665.3
1761998400000,2025-11-01 14:00:00,0.1786,0.179,0.1767,0.178,2878205.6
1762005600000,2025-11-01 16:00:00,0.178,0.1786,0.1762,0.1784,2727587.8
1762012800000,2025-11-01 18:00:00,0.1784,0.18,0.1778,0.1797,2547488.9
1762020000000,2025-11-01 20:00:00,0.1797,0.1804,0.1793,0.1799,1311322.9
1762027200000,2025-11-01 22:00:00,0.1799,0.1811,0.1778,0.178,1996429.5
1762034400000,2025-11-02 00:00:00,0.178,0.1794,0.178,0.1793,2569068.3
1762041600000,2025-11-02 02:00:00,0.1793,0.1794,0.1775,0.1779,1536409.8
1762048800000,2025-11-02 04:00:00,0.1779,0.1793,0.1776,0.178,614635.6
1762056000000,2025-11-02 06:00:00,0.178,0.1798,0.1774,0.1798,1549384.3
1762063200000,2025-11-02 08:00:00,0.1798,0.1808,0.1792,0.1801,1605467.1
1762070400000,2025-11-02 10:00:00,0.1801,0.1803,0.1783,0.1785,1751178.5
1762077600000,2025-11-02 12:00:00,0.1785,0.1803,0.1769,0.1801,3946638.3
1762084800000,2025-11-02 14:00:00,0.1801,0.1807,0.1773,0.1779,3033257.0
1762092000000,2025-11-02 16:00:00,0.1779,0.178,0.1743,0.1746,3893094.6
1762099200000,2025-11-02 18:00:00,0.1746,0.1759,0.1725,0.1752,4494075.6
1762106400000,2025-11-02 20:00:00,0.1752,0.1753,0.1733,0.1745,1639042.5
1762113600000,2025-11-02 22:00:00,0.1745,0.1758,0.1737,0.1751,940172.7
1762120800000,2025-11-03 00:00:00,0.1751,0.1788,0.1746,0.1782,2256940.2
1762128000000,2025-11-03 02:00:00,0.1782,0.1787,0.1737,0.1739,1993760.7
1762135200000,2025-11-03 04:00:00,0.1739,0.1742,0.1682,0.1685,5597910.9
1762142400000,2025-11-03 06:00:00,0.1685,0.1697,0.1668,0.1675,9074657.7
1762149600000,2025-11-03 08:00:00,0.1675,0.1686,0.1651,0.1677,5591743.3
1762156800000,2025-11-03 10:00:00,0.1677,0.1691,0.1652,0.1654,5343125.8
1762164000000,2025-11-03 12:00:00,0.1654,0.1668,0.1635,0.166,6009809.9
1762171200000,2025-11-03 14:00:00,0.166,0.1691,0.1659,0.1676,5910893.3
1762178400000,2025-11-03 16:00:00,0.1676,0.1694,0.1532,0.1585,49219525.5
1762185600000,2025-11-03 18:00:00,0.1585,0.1632,0.1578,0.1625,10127106.5
1762192800000,2025-11-03 20:00:00,0.1625,0.1629,0.1584,0.1586,4019461.6
1762200000000,2025-11-03 22:00:00,0.1586,0.1591,0.1552,0.1585,11743790.2
1762207200000,2025-11-04 00:00:00,0.1585,0.1601,0.1561,0.16,4145041.2
1762214400000,2025-11-04 02:00:00,0.16,0.1627,0.1587,0.1618,4364378.0
1762221600000,2025-11-04 04:00:00,0.1618,0.1621,0.1604,0.1615,2029492.3
1762228800000,2025-11-04 06:00:00,0.1615,0.1617,0.153,0.1535,11403083.0
1762236000000,2025-11-04 08:00:00,0.1535,0.1587,0.1529,0.1537,10613434.7
1762243200000,2025-11-04 10:00:00,0.1537,0.1586,0.1534,0.1584,6766309.9
1762250400000,2025-11-04 12:00:00,0.1584,0.1609,0.1579,0.1587,4514716.0
1762257600000,2025-11-04 14:00:00,0.1587,0.1592,0.1563,0.1575,2295692.4
1762264800000,2025-11-04 16:00:00,0.1575,0.1623,0.1564,0.1584,7119994.7
1762272000000,2025-11-04 18:00:00,0.1584,0.1597,0.1512,0.1544,15544740.9
1762279200000,2025-11-04 20:00:00,0.1544,0.1545,0.1484,0.1503,11420698.0
1762286400000,2025-11-04 22:00:00,0.1503,0.1532,0.1444,0.1511,25961205.9
1762293600000,2025-11-05 00:00:00,0.1511,0.156,0.1503,0.1539,10137433.6
1762300800000,2025-11-05 02:00:00,0.1539,0.1546,0.1464,0.1516,9687526.9
1762308000000,2025-11-05 04:00:00,0.1516,0.1572,0.1516,0.1566,7979355.4
1762315200000,2025-11-05 06:00:00,0.1566,0.1576,0.155,0.1559,5686172.3
1762322400000,2025-11-05 08:00:00,0.1559,0.1566,0.1548,0.1564,2882317.1
1762329600000,2025-11-05 10:00:00,0.1564,0.1564,0.1533,0.1553,3202803.2
1762336800000,2025-11-05 12:00:00,0.1553,0.1595,0.1545,0.1588,4607573.7
1762344000000,2025-11-05 14:00:00,0.1588,0.1596,0.1566,0.159,4611501.5
1762351200000,2025-11-05 16:00:00,0.159,0.1611,0.1571,0.1611,6317017.5
1762358400000,2025-11-05 18:00:00,0.1611,0.1618,0.1589,0.1615,4706375.4
1762365600000,2025-11-05 20:00:00,0.1615,0.163,0.1611,0.1618,4851350.6
1762372800000,2025-11-05 22:00:00,0.1618,0.1627,0.1603,0.1609,4237417.4
1762380000000,2025-11-06 00:00:00,0.1609,0.1621,0.1604,0.1614,1844082.4
1762387200000,2025-11-06 02:00:00,0.1614,0.1616,0.1586,0.1602,2832786.7
1762394400000,2025-11-06 04:00:00,0.1602,0.1621,0.1591,0.1609,3990873.3
1762401600000,2025-11-06 06:00:00,0.1609,0.1615,0.1583,0.1585,3159884.2
1762408800000,2025-11-06 08:00:00,0.1585,0.1597,0.1578,0.1591,2983772.0
1762416000000,2025-11-06 10:00:00,0.1591,0.1601,0.1587,0.1588,1909816.2
1762423200000,2025-11-06 12:00:00,0.1588,0.1602,0.1579,0.159,1787931.4
1762430400000,2025-11-06 14:00:00,0.159,0.1607,0.1567,0.1599,2844037.9
1762437600000,2025-11-06 16:00:00,0.1599,0.1603,0.1548,0.1558,11278830.9
1762444800000,2025-11-06 18:00:00,0.1558,0.1576,0.153,0.1573,6091763.9
1762452000000,2025-11-06 20:00:00,0.1573,0.1596,0.1558,0.158,3762603.7
1762459200000,2025-11-06 22:00:00,0.158,0.159,0.1563,0.1578,4275721.2
1762466400000,2025-11-07 00:00:00,0.1578,0.1582,0.1561,0.1573,3739326.9
1762473600000,2025-11-07 02:00:00,0.1573,0.1612,0.1567,0.1606,7887016.0
1762480800000,2025-11-07 04:00:00,0.1606,0.1632,0.1595,0.1631,3964788.7
1762488000000,2025-11-07 06:00:00,0.1631,0.1648,0.1618,0.1646,3132842.0
1762495200000,2025-11-07 08:00:00,0.1646,0.1675,0.1645,0.1673,5512994.9
1762502400000,2025-11-07 10:00:00,0.1673,0.1676,0.1631,0.1656,3763576.2
1762509600000,2025-11-07 12:00:00,0.1656,0.1667,0.1614,0.1637,5112097.8
1762516800000,2025-11-07 14:00:00,0.1637,0.1644,0.1593,0.1639,11059114.7
1762524000000,2025-11-07 16:00:00,0.1639,0.1719,0.1616,0.1716,15334900.9
1762531200000,2025-11-07 18:00:00,0.1716,0.1819,0.1709,0.1817,17007525.5
1762538400000,2025-11-07 20:00:00,0.1817,0.1855,0.1809,0.1846,12264858.3
1762545600000,2025-11-07 22:00:00,0.1846,0.1867,0.1827,0.1858,12660298.0
1762552800000,2025-11-08 00:00:00,0.1858,0.1863,0.1801,0.181,7924284.3
1762560000000,2025-11-08 02:00:00,0.181,0.1842,0.1793,0.1832,7090661.8
1762567200000,2025-11-08 04:00:00,0.1832,0.1851,0.1805,0.1805,3457773.3
1762574400000,2025-11-08 06:00:00,0.1805,0.183,0.178,0.1781,4897787.6
1762581600000,2025-11-08 08:00:00,0.1781,0.1787,0.1758,0.1785,6757307.8
1762588800000,2025-11-08 10:00:00,0.1785,0.1802,0.1769,0.1781,4492568.0
1762596000000,2025-11-08 12:00:00,0.1781,0.1818,0.1778,0.1804,5312723.6
1762603200000,2025-11-08 14:00:00,0.1804,0.1808,0.1757,0.1758,5787034.6
1762610400000,2025-11-08 16:00:00,0.1758,0.1783,0.1745,0.1754,6497359.1
1762617600000,2025-11-08 18:00:00,0.1754,0.1775,0.1738,0.1767,5302159.4
1762624800000,2025-11-08 20:00:00,0.1767,0.178,0.1752,0.1765,2739831.0
1762632000000,2025-11-08 22:00:00,0.1765,0.1778,0.176,0.1774,1200819.0
1762639200000,2025-11-09 00:00:00,0.1774,0.178,0.1766,0.1777,1630935.7
1762646400000,2025-11-09 02:00:00,0.1777,0.1777,0.1746,0.1756,1772670.3
1762653600000,2025-11-09 04:00:00,0.1756,0.1757,0.1704,0.1713,2910977.7
1762660800000,2025-11-09 06:00:00,0.1713,0.173,0.1709,0.1723,985666.5
1762668000000,2025-11-09 08:00:00,0.1723,0.1745,0.1716,0.1744,1723630.7
1762675200000,2025-11-09 10:00:00,0.1744,0.1744,0.1703,0.1706,1886884.1
1762682400000,2025-11-09 12:00:00,0.1706,0.1763,0.1695,0.1755,4903445.9
1762689600000,2025-11-09 14:00:00,0.1755,0.1774,0.1747,0.1767,3510022.7
1762696800000,2025-11-09 16:00:00,0.1767,0.1807,0.1756,0.1783,6445424.9
1762704000000,2025-11-09 18:00:00,0.1783,0.1801,0.1773,0.178,3203641.2
1762711200000,2025-11-09 20:00:00,0.178,0.1818,0.1772,0.1817,2751264.8
1762718400000,2025-11-09 22:00:00,0.1817,0.1819,0.1795,0.1801,1548326.0
1762725600000,2025-11-10 00:00:00,0.1801,0.1803,0.1769,0.1776,5633907.5
1762732800000,2025-11-10 02:00:00,0.1776,0.1819,0.1761,0.1794,4628598.5
1762740000000,2025-11-10 04:00:00,0.1794,0.1831,0.1788,0.1821,3120430.4
1762747200000,2025-11-10 06:00:00,0.1821,0.1824,0.1797,0.1813,2493039.4
1762754400000,2025-11-10 08:00:00,0.1813,0.1827,0.1805,0.1827,1966381.5
1762761600000,2025-11-10 10:00:00,0.1827,0.1892,0.1804,0.1878,7372093.0
1762768800000,2025-11-10 12:00:00,0.1878,0.1909,0.1853,0.188,11256498.9
1762776000000,2025-11-10 14:00:00,0.188,0.1894,0.1849,0.1879,7735571.8
1762783200000,2025-11-10 16:00:00,0.1879,0.1887,0.1827,0.1864,10576194.9
1762790400000,2025-11-10 18:00:00,0.1864,0.1883,0.184,0.1877,6189443.0
1762797600000,2025-11-10 20:00:00,0.1877,0.192,0.1874,0.1893,10131520.9
1762804800000,2025-11-10 22:00:00,0.1893,0.1915,0.1868,0.1881,4648489.7
1762812000000,2025-11-11 00:00:00,0.1881,0.191,0.1865,0.1887,5020180.4
1762819200000,2025-11-11 02:00:00,0.1887,0.1913,0.1852,0.187,7383531.0
1762826400000,2025-11-11 04:00:00,0.187,0.1902,0.186,0.1878,3321010.7
1762833600000,2025-11-11 06:00:00,0.1878,0.1878,0.1817,0.1819,6706457.4
1762840800000,2025-11-11 08:00:00,0.1819,0.1831,0.1787,0.179,5462917.8
1762848000000,2025-11-11 10:00:00,0.179,0.1819,0.1787,0.1799,3996877.2
1762855200000,2025-11-11 12:00:00,0.1799,0.1822,0.1795,0.1813,4891999.3
1762862400000,2025-11-11 14:00:00,0.1813,0.1823,0.1788,0.1793,9159391.4
1762869600000,2025-11-11 16:00:00,0.1793,0.183,0.1784,0.1809,8037204.9
1762876800000,2025-11-11 18:00:00,0.1809,0.1831,0.18,0.1817,5709727.7
1762884000000,2025-11-11 20:00:00,0.1817,0.1823,0.1784,0.1787,4490159.5
1762891200000,2025-11-11 22:00:00,0.1787,0.1789,0.176,0.1764,6080109.3
1762898400000,2025-11-12 00:00:00,0.1764,0.1794,0.1756,0.1776,5120702.3
1762905600000,2025-11-12 02:00:00,0.1776,0.1795,0.1758,0.1788,3090654.7
1762912800000,2025-11-12 04:00:00,0.1788,0.1795,0.1767,0.178,1808777.5
1762920000000,2025-11-12 06:00:00,0.178,0.1792,0.177,0.1788,957693.3
1762927200000,2025-11-12 08:00:00,0.1788,0.1803,0.1776,0.1777,1897606.5
1762934400000,2025-11-12 10:00:00,0.1777,0.1833,0.1777,0.183,2976009.8
1762941600000,2025-11-12 12:00:00,0.183,0.1841,0.1823,0.1828,2783313.5
1762948800000,2025-11-12 14:00:00,0.1828,0.184,0.1813,0.1836,4862661.3
1762956000000,2025-11-12 16:00:00,0.1836,0.1836,0.1751,0.1759,17892497.1
1762963200000,2025-11-12 18:00:00,0.1759,0.1764,0.1701,0.173,14843298.3
1762970400000,2025-11-12 20:00:00,0.173,0.1749,0.1702,0.1723,7050699.5
1762977600000,2025-11-12 22:00:00,0.1723,0.1747,0.1717,0.1731,3119608.3
1762984800000,2025-11-13 00:00:00,0.1731,0.1737,0.1713,0.172,3266216.6
1762992000000,2025-11-13 02:00:00,0.172,0.1751,0.1716,0.1732,2954318.2
1762999200000,2025-11-13 04:00:00,0.1732,0.178,0.1706,0.1762,3783779.2
1763006400000,2025-11-13 06:00:00,0.1762,0.179,0.175,0.1784,4232732.0
1763013600000,2025-11-13 08:00:00,0.1784,0.1794,0.1765,0.1769,2775660.5
1763020800000,2025-11-13 10:00:00,0.1769,0.1785,0.1756,0.1764,2873622.7
1763028000000,2025-11-13 12:00:00,0.1764,0.1802,0.1764,0.1768,4017193.4
1763035200000,2025-11-13 14:00:00,0.1768,0.1782,0.1758,0.177,3806953.1
1763042400000,2025-11-13 16:00:00,0.177,0.1801,0.1739,0.1764,8497801.4
1763049600000,2025-11-13 18:00:00,0.1764,0.1767,0.1682,0.1686,9596616.3
1763056800000,2025-11-13 20:00:00,0.1686,0.1696,0.1634,0.1641,11530459.1
1763064000000,2025-11-13 22:00:00,0.1641,0.1656,0.1627,0.1633,6752418.0
1763071200000,2025-11-14 00:00:00,0.1633,0.169,0.1629,0.1673,4725888.4
1763078400000,2025-11-14 02:00:00,0.1673,0.1683,0.1652,0.1657,4324000.3
1763085600000,2025-11-14 04:00:00,0.1657,0.1673,0.1633,0.1641,3198019.6
1763092800000,2025-11-14 06:00:00,0.1641,0.1643,0.1578,0.1637,12383929.7
1763100000000,2025-11-14 08:00:00,0.1637,0.1667,0.161,0.1648,6806042.8
1763107200000,2025-11-14 10:00:00,0.1648,0.1651,0.161,0.161,3886918.1
1763114400000,2025-11-14 12:00:00,0.161,0.163,0.1593,0.1604,4247367.7
1763121600000,2025-11-14 14:00:00,0.1604,0.1624,0.1574,0.1609,9406529.4
1763128800000,2025-11-14 16:00:00,0.1609,0.166,0.1599,0.1643,8493202.4
1763136000000,2025-11-14 18:00:00,0.1643,0.1663,0.1619,0.1628,3400153.0
1763143200000,2025-11-14 20:00:00,0.1628,0.1659,0.1624,0.1656,3789890.6
1763150400000,2025-11-14 22:00:00,0.1656,0.1658,0.161,0.1632,3801551.7
1763157600000,2025-11-15 00:00:00,0.1632,0.1639,0.1576,0.1608,5316438.9
1763164800000,2025-11-15 02:00:00,0.1608,0.165,0.1604,0.1647,3373619.2
1763172000000,2025-11-15 04:00:00,0.1647,0.167,0.1641,0.1666,2355412.5
1763179200000,2025-11-15 06:00:00,0.1666,0.1677,0.1655,0.1664,4206549.6
1763186400000,2025-11-15 08:00:00,0.1664,0.1667,0.1649,0.1651,4976844.2
1763193600000,2025-11-15 10:00:00,0.1651,0.1653,0.1623,0.1631,3928183.7
1763200800000,2025-11-15 12:00:00,0.1631,0.164,0.1623,0.1629,1870207.7
1763208000000,2025-11-15 14:00:00,0.1629,0.1663,0.1627,0.1659,3284797.0
1763215200000,2025-11-15 16:00:00,0.1659,0.1661,0.1645,0.1653,3671368.3
1763222400000,2025-11-15 18:00:00,0.1653,0.1662,0.1634,0.1661,4013771.9
1763229600000,2025-11-15 20:00:00,0.1661,0.1661,0.1637,0.164,2429213.0
1763236800000,2025-11-15 22:00:00,0.164,0.1642,0.1616,0.1624,3523494.8
1763244000000,2025-11-16 00:00:00,0.1624,0.1636,0.162,0.1635,2203651.5
1763251200000,2025-11-16 02:00:00,0.1635,0.1639,0.1605,0.1624,2768075.3
1763258400000,2025-11-16 04:00:00,0.1624,0.1656,0.1618,0.1649,2407234.7
1763265600000,2025-11-16 06:00:00,0.1649,0.1655,0.1631,0.1649,2920009.6
1763272800000,2025-11-16 08:00:00,0.1649,0.1654,0.1641,0.1652,1492772.1
1763280000000,2025-11-16 10:00:00,0.1652,0.1664,0.1643,0.1663,2722505.4
1763287200000,2025-11-16 12:00:00,0.1663,0.1664,0.162,0.1622,3732803.0
1763294400000,2025-11-16 14:00:00,0.1622,0.1635,0.1598,0.1607,5556328.7
1763301600000,2025-11-16 16:00:00,0.1607,0.1619,0.158,0.1583,5950447.1
1763308800000,2025-11-16 18:00:00,0.1583,0.16,0.1551,0.157,12190030.1
1763316000000,2025-11-16 20:00:00,0.157,0.1601,0.1565,0.1578,7899743.8
1763323200000,2025-11-16 22:00:00,0.1578,0.1593,0.1558,0.1574,4898602.9
1763330400000,2025-11-17 00:00:00,0.1574,0.1601,0.1553,0.1587,6003131.5
1763337600000,2025-11-17 02:00:00,0.1587,0.1612,0.1571,0.1593,4429452.9
1763344800000,2025-11-17 04:00:00,0.1593,0.1614,0.1588,0.1604,4089751.5
1763352000000,2025-11-17 06:00:00,0.1604,0.1612,0.1589,0.1595,3765873.6
1763359200000,2025-11-17 08:00:00,0.1595,0.1614,0.1591,0.161,2414351.1
1763366400000,2025-11-17 10:00:00,0.161,0.1612,0.1591,0.1605,2840773.5
1763373600000,2025-11-17 12:00:00,0.1605,0.1621,0.1602,0.1608,1978824.5
1763380800000,2025-11-17 14:00:00,0.1608,0.1612,0.1556,0.1571,4483381.6
1763388000000,2025-11-17 16:00:00,0.1571,0.1638,0.1564,0.1577,11850217.1
1763395200000,2025-11-17 18:00:00,0.1577,0.1596,0.1543,0.155,5732099.9
1763402400000,2025-11-17 20:00:00,0.155,0.1563,0.1507,0.1514,10716290.0
1763409600000,2025-11-17 22:00:00,0.1514,0.1527,0.1499,0.1516,5946425.2
1763416800000,2025-11-18 00:00:00,0.1516,0.1529,0.151,0.1523,3736901.8
1763424000000,2025-11-18 02:00:00,0.1523,0.1537,0.1498,0.1526,5620597.1
1763431200000,2025-11-18 04:00:00,0.1526,0.1548,0.1501,0.1541,9101147.6
1763438400000,2025-11-18 06:00:00,0.1541,0.1561,0.152,0.1542,7857758.2
1763445600000,2025-11-18 08:00:00,0.1542,0.1544,0.1513,0.1533,6747641.5
1763452800000,2025-11-18 10:00:00,0.1533,0.155,0.153,0.1544,4400184.5
1763460000000,2025-11-18 12:00:00,0.1544,0.155,0.1534,0.1538,2024231.7
1763467200000,2025-11-18 14:00:00,0.1538,0.1551,0.1528,0.1539,2779532.8
1763474400000,2025-11-18 16:00:00,0.1539,0.158,0.153,0.157,8686401.1
1763481600000,2025-11-18 18:00:00,0.157,0.1605,0.1566,0.1582,4655834.7
1763488800000,2025-11-18 20:00:00,0.1582,0.1593,0.1578,0.1582,3372924.4
1763496000000,2025-11-18 22:00:00,0.1582,0.1585,0.1554,0.1557,3533738.5
1763503200000,2025-11-19 00:00:00,0.1557,0.1577,0.1556,0.1567,2350191.1
1763510400000,2025-11-19 02:00:00,0.1567,0.1583,0.1548,0.1575,3918283.9
1763517600000,2025-11-19 04:00:00,0.1575,0.1585,0.1551,0.1556,2134567.6
1763524800000,2025-11-19 06:00:00,0.1556,0.1559,0.1519,0.1528,5023977.9
1763532000000,2025-11-19 08:00:00,0.1528,0.1562,0.1525,0.1559,2821817.9
1763539200000,2025-11-19 10:00:00,0.1559,0.1566,0.1552,0.1561,2244766.6
1763546400000,2025-11-19 12:00:00,0.1561,0.1568,0.1552,0.1555,2123073.9
1763553600000,2025-11-19 14:00:00,0.1555,0.1564,0.1546,0.1546,2089557.8
1763560800000,2025-11-19 16:00:00,0.1546,0.1572,0.1513,0.1517,8789149.7
1763568000000,2025-11-19 18:00:00,0.1517,0.1526,0.1475,0.1493,8938890.2
1763575200000,2025-11-19 20:00:00,0.1493,0.1502,0.1455,0.1462,8613124.6
1763582400000,2025-11-19 22:00:00,0.1462,0.1523,0.1458,0.1517,6306613.5
1763589600000,2025-11-20 00:00:00,0.1517,0.1525,0.1499,0.1521,3313024.7
1763596800000,2025-11-20 02:00:00,0.1521,0.1528,0.1515,0.1523,2742057.8
1763604000000,2025-11-20 04:00:00,0.1523,0.1532,0.152,0.1527,4033927.0
1763611200000,2025-11-20 06:00:00,0.1527,0.1539,0.1522,0.1526,2717040.5
1763618400000,2025-11-20 08:00:00,0.1526,0.1532,0.1514,0.1532,2499574.6
1763625600000,2025-11-20 10:00:00,0.1532,0.1533,0.1518,0.1522,2571801.2
1763632800000,2025-11-20 12:00:00,0.1522,0.1526,0.1511,0.1521,2433688.0
1763640000000,2025-11-20 14:00:00,0.1521,0.1555,0.1515,0.1538,4830541.8
1763647200000,2025-11-20 16:00:00,0.1538,0.1557,0.1514,0.1517,6399215.8
1763654400000,2025-11-20 18:00:00,0.1517,0.1519,0.142,0.1438,21431274.9
1763661600000,2025-11-20 20:00:00,0.1438,0.1452,0.1415,0.1449,7806617.5
1763668800000,2025-11-20 22:00:00,0.1449,0.147,0.1437,0.1452,3608746.6
1763676000000,2025-11-21 00:00:00,0.1452,0.1477,0.1435,0.1439,5216578.4
1763683200000,2025-11-21 02:00:00,0.1439,0.1461,0.1438,0.1448,4684607.0
1763690400000,2025-11-21 04:00:00,0.1448,0.145,0.1408,0.1429,7860645.7
1763697600000,2025-11-21 06:00:00,0.1429,0.1438,0.1411,0.1422,4912519.6
1763704800000,2025-11-21 08:00:00,0.1422,0.1431,0.1317,0.1381,32309095.2
1763712000000,2025-11-21 10:00:00,0.1381,0.1408,0.1353,0.1354,10973704.0
1763719200000,2025-11-21 12:00:00,0.1354,0.1366,0.1335,0.1335,7926829.7
1763726400000,2025-11-21 14:00:00,0.1335,0.1373,0.1306,0.1361,26481458.6
1763733600000,2025-11-21 16:00:00,0.1361,0.1391,0.1347,0.1355,13020660.6
1763740800000,2025-11-21 18:00:00,0.1355,0.14,0.1337,0.1385,10664407.7
1763748000000,2025-11-21 20:00:00,0.1385,0.1397,0.1356,0.1374,5327289.3
1763755200000,2025-11-21 22:00:00,0.1374,0.1379,0.1347,0.1371,5727083.9
1763762400000,2025-11-22 00:00:00,0.1371,0.1376,0.1328,0.1368,5843138.4
1763769600000,2025-11-22 02:00:00,0.1368,0.1383,0.136,0.1381,4179262.4
1763776800000,2025-11-22 04:00:00,0.1381,0.1382,0.1363,0.1367,1892951.5
1763784000000,2025-11-22 06:00:00,0.1367,0.1369,0.1337,0.1351,6987423.4
1763791200000,2025-11-22 08:00:00,0.1351,0.1371,0.1343,0.1367,2741432.6
1763798400000,2025-11-22 10:00:00,0.1367,0.1367,0.1337,0.1347,4417592.7
1763805600000,2025-11-22 12:00:00,0.1347,0.1353,0.1332,0.1344,7838567.0
1763812800000,2025-11-22 14:00:00,0.1344,0.1344,0.1322,0.1334,3366892.9
1763820000000,2025-11-22 16:00:00,0.1334,0.1354,0.133,0.1338,4136406.1
1763827200000,2025-11-22 18:00:00,0.1338,0.1355,0.1336,0.1347,4106875.0
1763834400000,2025-11-22 20:00:00,0.1347,0.1352,0.1341,0.1344,1186640.4
1763841600000,2025-11-22 22:00:00,0.1344,0.1351,0.1336,0.1347,2097505.5
1763848800000,2025-11-23 00:00:00,0.1347,0.1377,0.1343,0.1357,3351454.9
1763856000000,2025-11-23 02:00:00,0.1357,0.1375,0.1348,0.137,3079773.7
1763863200000,2025-11-23 04:00:00,0.137,0.1381,0.1368,0.1373,2427623.9
1763870400000,2025-11-23 06:00:00,0.1373,0.1387,0.137,0.1377,5729904.7
1763877600000,2025-11-23 08:00:00,0.1377,0.138,0.1354,0.1363,4437681.4
1763884800000,2025-11-23 10:00:00,0.1363,0.1375,0.1361,0.137,2765523.0
1763892000000,2025-11-23 12:00:00,0.137,0.1386,0.1363,0.1383,3319059.5
1763899200000,2025-11-23 14:00:00,0.1383,0.1405,0.1381,0.1404,5603492.7
1763906400000,2025-11-23 16:00:00,0.1404,0.143,0.1393,0.1421,8348160.2
1763913600000,2025-11-23 18:00:00,0.1421,0.1427,0.1402,0.1411,6005495.5
1763920800000,2025-11-23 20:00:00,0.1411,0.1446,0.1409,0.1443,6595115.8
1763928000000,2025-11-23 22:00:00,0.1443,0.146,0.1432,0.1456,5098200.1
1763935200000,2025-11-24 00:00:00,0.1456,0.1462,0.1431,0.1436,6207644.5
1763942400000,2025-11-24 02:00:00,0.1436,0.1441,0.1399,0.1415,10170831.8
1763949600000,2025-11-24 04:00:00,0.1415,0.1445,0.1413,0.1423,4491951.0
1763956800000,2025-11-24 06:00:00,0.1423,0.1442,0.1401,0.1429,3790166.2
1763964000000,2025-11-24 08:00:00,0.1429,0.1431,0.1415,0.1425,5005088.5
1763971200000,2025-11-24 10:00:00,0.1425,0.1427,0.1389,0.1394,3787001.7
1763978400000,2025-11-24 12:00:00,0.1394,0.1416,0.1394,0.1413,2550280.3
1763985600000,2025-11-24 14:00:00,0.1413,0.1427,0.1406,0.1415,3265461.9
1763992800000,2025-11-24 16:00:00,0.1415,0.1435,0.1401,0.1422,8435863.9
1764000000000,2025-11-24 18:00:00,0.1422,0.1464,0.1422,0.1463,6522106.5
1764007200000,2025-11-24 20:00:00,0.1463,0.1473,0.1456,0.146,7147006.5
1764014400000,2025-11-24 22:00:00,0.146,0.1471,0.1447,0.1452,5977796.4
1764021600000,2025-11-25 00:00:00,0.1452,0.1459,0.1433,0.1437,2743398.1
1764028800000,2025-11-25 02:00:00,0.1437,0.1445,0.1428,0.1432,3947354.8
1764036000000,2025-11-25 04:00:00,0.1432,0.1445,0.1429,0.1442,2803012.8
1764043200000,2025-11-25 06:00:00,0.1442,0.1459,0.144,0.1453,2303742.1
1764050400000,2025-11-25 08:00:00,0.1453,0.1453,0.1429,0.143,3106729.5
1764057600000,2025-11-25 10:00:00,0.143,0.1437,0.1414,0.1429,4573005.4
1764064800000,2025-11-25 12:00:00,0.1429,0.143,0.1419,0.1423,2839551.4
1764072000000,2025-11-25 14:00:00,0.1423,0.1434,0.141,0.1414,4662811.2
1764079200000,2025-11-25 16:00:00,0.1414,0.143,0.1394,0.1423,9520719.0
1764086400000,2025-11-25 18:00:00,0.1423,0.145,0.142,0.1443,6630404.3
1764093600000,2025-11-25 20:00:00,0.1443,0.1453,0.1417,0.144,6510262.8
1764100800000,2025-11-25 22:00:00,0.144,0.1455,0.1438,0.1441,3539666.2
1764108000000,2025-11-26 00:00:00,0.1441,0.1474,0.1433,0.1464,3059192.1
1764115200000,2025-11-26 02:00:00,0.1464,0.1476,0.1458,0.1468,2183758.9
1764122400000,2025-11-26 04:00:00,0.1468,0.1471,0.1444,0.1445,2558997.8
1764129600000,2025-11-26 06:00:00,0.1445,0.1454,0.1443,0.1451,1386813.9
1764136800000,2025-11-26 08:00:00,0.1451,0.1457,0.1443,0.1456,1299792.5
1764144000000,2025-11-26 10:00:00,0.1456,0.1456,0.1428,0.1428,2454665.3
1764151200000,2025-11-26 12:00:00,0.1428,0.1436,0.1424,0.1429,1332029.6
1764158400000,2025-11-26 14:00:00,0.1429,0.1439,0.1417,0.1437,3254816.2
1764165600000,2025-11-26 16:00:00,0.1437,0.1441,0.1411,0.142,4134913.2
1764172800000,2025-11-26 18:00:00,0.142,0.1461,0.142,0.1459,4205237.1
1764180000000,2025-11-26 20:00:00,0.1459,0.1484,0.1458,0.1465,5907138.4
1764187200000,2025-11-26 22:00:00,0.1465,0.1476,0.1453,0.1471,2575725.9
1764194400000,2025-11-27 00:00:00,0.1471,0.1475,0.1459,0.1461,2390942.7
1764201600000,2025-11-27 02:00:00,0.1461,0.1475,0.1457,0.1472,2986357.5
1764208800000,2025-11-27 04:00:00,0.1472,0.1474,0.1455,0.1458,2749285.0
1764216000000,2025-11-27 06:00:00,0.1458,0.1467,0.145,0.1453,2738512.6
1764223200000,2025-11-27 08:00:00,0.1453,0.1458,0.1451,0.1455,1534357.1
1764230400000,2025-11-27 10:00:00,0.1455,0.1463,0.1446,0.1459,2199134.5
1764237600000,2025-11-27 12:00:00,0.1459,0.1463,0.1446,0.1449,2688224.4
1764244800000,2025-11-27 14:00:00,0.1449,0.1451,0.1439,0.1448,4318510.7
1764252000000,2025-11-27 16:00:00,0.1448,0.1455,0.1443,0.1453,2319526.4
1764259200000,2025-11-27 18:00:00,0.1453,0.1463,0.1451,0.1461,3010730.5
1764266400000,2025-11-27 20:00:00,0.1461,0.1471,0.1457,0.1466,2280346.5
1764273600000,2025-11-27 22:00:00,0.1466,0.147,0.1458,0.1459,1787729.9
1764280800000,2025-11-28 00:00:00,0.1459,0.1459,0.1435,0.1442,2746162.7
1764288000000,2025-11-28 02:00:00,0.1442,0.1448,0.1427,0.143,2571707.8
1764295200000,2025-11-28 04:00:00,0.143,0.1437,0.1426,0.1433,2562646.4
1764302400000,2025-11-28 06:00:00,0.1433,0.144,0.143,0.1438,2234585.3
1764309600000,2025-11-28 08:00:00,0.1438,0.1439,0.1429,0.1433,1477264.6
1764316800000,2025-11-28 10:00:00,0.1433,0.1467,0.1432,0.1458,6503604.7
1764324000000,2025-11-28 12:00:00,0.1458,0.1461,0.1438,0.1446,2920150.6
1764331200000,2025-11-28 14:00:00,0.1446,0.1464,0.1441,0.1461,2090624.1
1764338400000,2025-11-28 16:00:00,0.1461,0.1472,0.1453,0.146,5483836.5
1764345600000,2025-11-28 18:00:00,0.146,0.146,0.1417,0.1423,7575213.8
1764352800000,2025-11-28 20:00:00,0.1423,0.1445,0.1413,0.1443,3830724.4
1764360000000,2025-11-28 22:00:00,0.1443,0.1444,0.1425,0.1425,2682931.4
1764367200000,2025-11-29 00:00:00,0.1425,0.1437,0.1422,0.1431,1704929.0
1764374400000,2025-11-29 02:00:00,0.1431,0.1438,0.1426,0.143,1357125.8
1764381600000,2025-11-29 04:00:00,0.143,0.1434,0.1424,0.1425,626913.3
1764388800000,2025-11-29 06:00:00,0.1425,0.1431,0.1419,0.1421,1634125.1
1764396000000,2025-11-29 08:00:00,0.1421,0.1423,0.1407,0.1409,3464734.6
1764403200000,2025-11-29 10:00:00,0.1409,0.1413,0.14,0.1404,1626138.3
1764410400000,2025-11-29 12:00:00,0.1404,0.1421,0.1401,0.1419,2010734.1
1764417600000,2025-11-29 14:00:00,0.1419,0.1423,0.1411,0.1412,1608024.5
1764424800000,2025-11-29 16:00:00,0.1412,0.1419,0.1405,0.1415,1358303.8
1764432000000,2025-11-29 18:00:00,0.1415,0.1415,0.139,0.1396,6058825.5
1764439200000,2025-11-29 20:00:00,0.1396,0.1396,0.1386,0.1388,3783214.9
1764446400000,2025-11-29 22:00:00,0.1388,0.14,0.1386,0.1396,1988588.7
1764453600000,2025-11-30 00:00:00,0.1396,0.14,0.1389,0.1391,1775280.0
1764460800000,2025-11-30 02:00:00,0.1391,0.1399,0.1389,0.1395,997551.8
1764468000000,2025-11-30 04:00:00,0.1395,0.14,0.1381,0.1397,2727027.3
1764475200000,2025-11-30 06:00:00,0.1397,0.14,0.1384,0.1387,1568703.8
1764482400000,2025-11-30 08:00:00,0.1387,0.1394,0.1383,0.1392,2191421.8
1764489600000,2025-11-30 10:00:00,0.1392,0.1398,0.1388,0.1393,2486490.3
1764496800000,2025-11-30 12:00:00,0.1393,0.1393,0.1376,0.1378,3321029.8
1764504000000,2025-11-30 14:00:00,0.1378,0.1407,0.1372,0.1407,4844571.9
1764511200000,2025-11-30 16:00:00,0.1407,0.1407,0.1391,0.1401,3731725.6
1764518400000,2025-11-30 18:00:00,0.1401,0.1409,0.1394,0.14,1673407.3
1764525600000,2025-11-30 20:00:00,0.14,0.1401,0.1393,0.1397,1751197.7
1764532800000,2025-11-30 22:00:00,0.1397,0.1404,0.1388,0.1391,1662505.7
1764540000000,2025-12-01 00:00:00,0.1391,0.1397,0.1362,0.1365,6013178.3
1764547200000,2025-12-01 02:00:00,0.1365,0.1368,0.1307,0.132,19821097.3
1764554400000,2025-12-01 04:00:00,0.132,0.1327,0.13,0.1302,5879184.1
1764561600000,2025-12-01 06:00:00,0.1302,0.1304,0.1289,0.1293,5925634.2
1764568800000,2025-12-01 08:00:00,0.1293,0.1302,0.1286,0.1301,4001193.0
1764576000000,2025-12-01 10:00:00,0.1301,0.1315,0.1296,0.1309,2818770.2
1764583200000,2025-12-01 12:00:00,0.1309,0.1313,0.1302,0.1307,1644972.5
1764590400000,2025-12-01 14:00:00,0.1307,0.1318,0.1284,0.1303,4987765.8
1764597600000,2025-12-01 16:00:00,0.1303,0.1314,0.1276,0.13,7614362.2
1764604800000,2025-12-01 18:00:00,0.13,0.1304,0.1286,0.1286,5679402.7
1764612000000,2025-12-01 20:00:00,0.1286,0.1302,0.1286,0.1292,2182330.9
1764619200000,2025-12-01 22:00:00,0.1292,0.1306,0.1291,0.1299,3351701.5
1764626400000,2025-12-02 00:00:00,0.1299,0.1308,0.1298,0.1302,2527008.4
1764633600000,2025-12-02 02:00:00,0.1302,0.1315,0.1296,0.1301,2945957.3
1764640800000,2025-12-02 04:00:00,0.1301,0.1304,0.1287,0.1296,1905532.6
1764648000000,2025-12-02 06:00:00,0.1296,0.1301,0.1287,0.129,1678190.2
1764655200000,2025-12-02 08:00:00,0.129,0.1297,0.1286,0.1292,1852561.3
1764662400000,2025-12-02 10:00:00,0.1292,0.1295,0.1282,0.1292,2619261.5
1764669600000,2025-12-02 12:00:00,0.1292,0.1319,0.1291,0.1315,4535289.3
1764676800000,2025-12-02 14:00:00,0.1315,0.1329,0.1313,0.1325,3519413.0
1764684000000,2025-12-02 16:00:00,0.1325,0.1404,0.1324,0.14,15418839.4
1764691200000,2025-12-02 18:00:00,0.14,0.1406,0.1385,0.1386,5734205.7
1764698400000,2025-12-02 20:00:00,0.1386,0.1392,0.1381,0.1382,2720515.4
1764705600000,2025-12-02 22:00:00,0.1382,0.1386,0.1374,0.1383,3806086.6
1764712800000,2025-12-03 00:00:00,0.1383,0.1394,0.1382,0.1386,2549807.9
1764720000000,2025-12-03 02:00:00,0.1386,0.1396,0.1383,0.1394,3019682.9
1764727200000,2025-12-03 04:00:00,0.1394,0.1414,0.1392,0.1407,2905473.2
1764734400000,2025-12-03 06:00:00,0.1407,0.1428,0.1407,0.1418,4518755.1
1764741600000,2025-12-03 08:00:00,0.1418,0.1426,0.1408,0.141,3843375.4
1764748800000,2025-12-03 10:00:00,0.141,0.1414,0.1397,0.1403,3282147.1
1764756000000,2025-12-03 12:00:00,0.1403,0.1404,0.1388,0.14,3198484.2
1764763200000,2025-12-03 14:00:00,0.14,0.1403,0.1392,0.1394,2209992.9
1764770400000,2025-12-03 16:00:00,0.1394,0.1409,0.1367,0.1399,9111936.6
1764777600000,2025-12-03 18:00:00,0.1399,0.1414,0.1392,0.1413,2459832.1
1764784800000,2025-12-03 20:00:00,0.1413,0.1424,0.1408,0.1422,2242742.7
1764792000000,2025-12-03 22:00:00,0.1422,0.144,0.1415,0.144,3098783.9
1764799200000,2025-12-04 00:00:00,0.144,0.1447,0.143,0.1434,3559940.8
1764806400000,2025-12-04 02:00:00,0.1434,0.144,0.1423,0.1423,2944244.3
1764813600000,2025-12-04 04:00:00,0.1423,0.1433,0.1415,0.1416,2061487.4
1764820800000,2025-12-04 06:00:00,0.1416,0.1416,0.1403,0.1406,1846614.7
1764828000000,2025-12-04 08:00:00,0.1406,0.1414,0.1404,0.1411,2745774.7
1764835200000,2025-12-04 10:00:00,0.1411,0.1412,0.1402,0.1409,1550113.6
1764842400000,2025-12-04 12:00:00,0.1409,0.141,0.14,0.1404,1085840.8
1764849600000,2025-12-04 14:00:00,0.1404,0.1404,0.1392,0.1393,1770580.9
1764856800000,2025-12-04 16:00:00,0.1393,0.1426,0.1385,0.1421,6071394.3
1764864000000,2025-12-04 18:00:00,0.1421,0.1425,0.1394,0.1405,3307434.0
1764871200000,2025-12-04 20:00:00,0.1405,0.1409,0.1369,0.1396,5075598.9
1764878400000,2025-12-04 22:00:00,0.1396,0.1404,0.1384,0.1385,1959137.2
1764885600000,2025-12-05 00:00:00,0.1385,0.1395,0.1382,0.1383,1094272.1
1764892800000,2025-12-05 02:00:00,0.1383,0.1394,0.1382,0.1387,1224156.8
1764900000000,2025-12-05 04:00:00,0.1387,0.1397,0.138,0.1383,1754093.7
1764907200000,2025-12-05 06:00:00,0.1383,0.1387,0.1371,0.1372,2037208.4
1764914400000,2025-12-05 08:00:00,0.1372,0.1387,0.1371,0.1383,2205626.0
1764921600000,2025-12-05 10:00:00,0.1383,0.1383,0.1356,0.1359,3833682.5
1764928800000,2025-12-05 12:00:00,0.1359,0.1373,0.1349,0.1357,3079263.1
1764936000000,2025-12-05 14:00:00,0.1357,0.1363,0.1341,0.1347,3996983.8
1764943200000,2025-12-05 16:00:00,0.1347,0.1373,0.1341,0.1352,6768334.9
1764950400000,2025-12-05 18:00:00,0.1352,0.1352,0.1309,0.132,9134848.2
1764957600000,2025-12-05 20:00:00,0.132,0.1333,0.1304,0.1322,4449372.0
1764964800000,2025-12-05 22:00:00,0.1322,0.133,0.1317,0.132,2830527.6
1764972000000,2025-12-06 00:00:00,0.132,0.1327,0.1315,0.1326,1298509.9
1764979200000,2025-12-06 02:00:00,0.1326,0.1331,0.132,0.1324,1044768.9
1764986400000,2025-12-06 04:00:00,0.1324,0.1336,0.1321,0.133,944505.6
1764993600000,2025-12-06 06:00:00,0.133,0.1331,0.1317,0.1321,1427762.9
1765000800000,2025-12-06 08:00:00,0.1321,0.1328,0.1319,0.1325,1103688.7
1765008000000,2025-12-06 10:00:00,0.1325,0.133,0.1318,0.1328,1346666.2
1765015200000,2025-12-06 12:00:00,0.1328,0.133,0.1321,0.1327,1149903.0
1765022400000,2025-12-06 14:00:00,0.1327,0.1334,0.1326,0.1329,1174052.1
1765029600000,2025-12-06 16:00:00,0.1329,0.1342,0.1325,0.133,2985611.1
1765036800000,2025-12-06 18:00:00,0.133,0.1346,0.133,0.1345,1461560.9
1765044000000,2025-12-06 20:00:00,0.1345,0.135,0.1329,0.1338,5889598.5
1765051200000,2025-12-06 22:00:00,0.1338,0.1352,0.1333,0.1342,2317203.9
1765058400000,2025-12-07 00:00:00,0.1342,0.1343,0.1331,0.1334,2545209.3
1765065600000,2025-12-07 02:00:00,0.1334,0.1343,0.1333,0.1337,2169308.4
1765072800000,2025-12-07 04:00:00,0.1337,0.1347,0.1337,0.1346,1394649.5
1765080000000,2025-12-07 06:00:00,0.1346,0.1347,0.1338,0.1342,1026806.9
1765087200000,2025-12-07 08:00:00,0.1342,0.1351,0.1335,0.1338,1431525.5
1765094400000,2025-12-07 10:00:00,0.1338,0.1342,0.1324,0.1327,1164054.4
1765101600000,2025-12-07 12:00:00,0.1327,0.1333,0.1325,0.1328,835789.2
1765108800000,2025-12-07 14:00:00,0.1328,0.1337,0.1318,0.1323,1578989.8
1765116000000,2025-12-07 16:00:00,0.1323,0.1336,0.1291,0.1332,11877551.4
1765123200000,2025-12-07 18:00:00,0.1332,0.136,0.1321,0.1354,7110358.9
1765130400000,2025-12-07 20:00:00,0.1354,0.1364,0.135,0.1358,3100334.4
1765137600000,2025-12-07 22:00:00,0.1358,0.1361,0.1323,0.1329,2386481.4
1765144800000,2025-12-08 00:00:00,0.1329,0.1329,0.1301,0.1326,5181073.2
1765152000000,2025-12-08 02:00:00,0.1326,0.1351,0.1321,0.1335,1902910.4
1765159200000,2025-12-08 04:00:00,0.1335,0.1345,0.1333,0.1335,1331449.2
1765166400000,2025-12-08 06:00:00,0.1335,0.1345,0.1334,0.1342,1274889.6
1765173600000,2025-12-08 08:00:00,0.1342,0.1353,0.1339,0.1347,1132494.4
1765180800000,2025-12-08 10:00:00,0.1347,0.1363,0.1346,0.1354,1708249.6
1765188000000,2025-12-08 12:00:00,0.1354,0.1356,0.1344,0.1347,848337.1
1765195200000,2025-12-08 14:00:00,0.1347,0.1356,0.1341,0.135,1965503.5
1765202400000,2025-12-08 16:00:00,0.135,0.1361,0.1332,0.1338,4677649.4
1765209600000,2025-12-08 18:00:00,0.1338,0.1353,0.1332,0.1347,3366072.7
1765216800000,2025-12-08 20:00:00,0.1347,0.1352,0.1332,0.1336,2286283.2
1765224000000,2025-12-08 22:00:00,0.1336,0.1347,0.1335,0.1347,1194457.9
1765231200000,2025-12-09 00:00:00,0.1347,0.1348,0.1328,0.1334,1801686.8
1765238400000,2025-12-09 02:00:00,0.1334,0.1338,0.1319,0.1322,1477292.0
1765245600000,2025-12-09 04:00:00,0.1322,0.1335,0.1316,0.1334,3061772.3
1765252800000,2025-12-09 06:00:00,0.1334,0.1334,0.1321,0.1323,1511949.2
1765260000000,2025-12-09 08:00:00,0.1323,0.1332,0.132,0.133,833948.8
1765267200000,2025-12-09 10:00:00,0.133,0.1333,0.132,0.1321,834739.9
1765274400000,2025-12-09 12:00:00,0.1321,0.1327,0.1315,0.1326,1175452.0
1765281600000,2025-12-09 14:00:00,0.1326,0.1339,0.1324,0.1332,1615510.3
1765288800000,2025-12-09 16:00:00,0.1332,0.1375,0.1323,0.1374,6905932.2
1765296000000,2025-12-09 18:00:00,0.1374,0.1419,0.1374,0.1398,11646032.9
1765303200000,2025-12-09 20:00:00,0.1398,0.1401,0.1384,0.1391,3877882.9
1765310400000,2025-12-09 22:00:00,0.1391,0.1392,0.1363,0.1374,3672342.3
1765317600000,2025-12-10 00:00:00,0.1374,0.1388,0.1372,0.138,1173300.4
1765324800000,2025-12-10 02:00:00,0.138,0.1382,0.1362,0.1363,1535021.5
1765332000000,2025-12-10 04:00:00,0.1363,0.1368,0.1359,0.1362,951378.3
1765339200000,2025-12-10 06:00:00,0.1362,0.137,0.136,0.1363,1691355.0
1765346400000,2025-12-10 08:00:00,0.1363,0.1365,0.1358,0.1364,1302458.9
1765353600000,2025-12-10 10:00:00,0.1364,0.1368,0.1355,0.1368,1753220.2
1765360800000,2025-12-10 12:00:00,0.1368,0.1376,0.1356,0.1363,7023177.2
1765368000000,2025-12-10 14:00:00,0.1363,0.138,0.136,0.1374,3935301.9
1765375200000,2025-12-10 16:00:00,0.1374,0.1377,0.1355,0.1361,6419626.3
1765382400000,2025-12-10 18:00:00,0.1361,0.1383,0.1359,0.1372,6469888.3
1765389600000,2025-12-10 20:00:00,0.1372,0.14,0.1367,0.1395,13058866.1
1765396800000,2025-12-10 22:00:00,0.1395,0.1421,0.136,0.1361,15853303.4
1765404000000,2025-12-11 00:00:00,0.1361,0.1366,0.1342,0.1349,6172871.9
1765411200000,2025-12-11 02:00:00,0.1349,0.1352,0.1309,0.1311,6306466.4
1765418400000,2025-12-11 04:00:00,0.1311,0.1311,0.129,0.1296,3650426.5
1765425600000,2025-12-11 06:00:00,0.1296,0.1307,0.1288,0.1302,2490731.0
1765432800000,2025-12-11 08:00:00,0.1302,0.1305,0.1288,0.1289,3065109.7
1765440000000,2025-12-11 10:00:00,0.1289,0.1296,0.1281,0.1289,3806341.2
1765447200000,2025-12-11 12:00:00,0.1289,0.1296,0.1285,0.1291,1285287.2
1765454400000,2025-12-11 14:00:00,0.1291,0.1302,0.129,0.1302,2395372.6
1765461600000,2025-12-11 16:00:00,0.1302,0.1308,0.1282,0.1288,7868879.7
1765468800000,2025-12-11 18:00:00,0.1288,0.1289,0.1265,0.1271,3777822.5
1765476000000,2025-12-11 20:00:00,0.1271,0.1294,0.1269,0.1278,4955550.3
1765483200000,2025-12-11 22:00:00,0.1278,0.131,0.1277,0.1304,5320885.1
1765490400000,2025-12-12 00:00:00,0.1304,0.1308,0.1291,0.1297,2178663.0
1765497600000,2025-12-12 02:00:00,0.1297,0.13,0.1274,0.1286,2912084.0
1765504800000,2025-12-12 04:00:00,0.1286,0.13,0.1283,0.1291,2546673.2
1765512000000,2025-12-12 06:00:00,0.1291,0.1303,0.1286,0.1303,1551511.7
1765519200000,2025-12-12 08:00:00,0.1303,0.131,0.1299,0.1299,1711444.4
1765526400000,2025-12-12 10:00:00,0.1299,0.13,0.1286,0.1293,1885792.3
1765533600000,2025-12-12 12:00:00,0.1293,0.1293,0.1278,0.1282,3542547.5
1765540800000,2025-12-12 14:00:00,0.1282,0.1286,0.127,0.1284,2498943.4
1765548000000,2025-12-12 16:00:00,0.1284,0.1286,0.1222,0.1232,20147039.0
1765555200000,2025-12-12 18:00:00,0.1232,0.1234,0.1212,0.1221,12132707.1
1765562400000,2025-12-12 20:00:00,0.1221,0.1236,0.122,0.1227,3413968.3
1765569600000,2025-12-12 22:00:00,0.1227,0.1234,0.1224,0.123,1768245.8
1765576800000,2025-12-13 00:00:00,0.123,0.1232,0.1226,0.1226,2001345.5
1765584000000,2025-12-13 02:00:00,0.1226,0.1231,0.1217,0.122,2207788.6
1765591200000,2025-12-13 04:00:00,0.122,0.1224,0.121,0.122,3248759.5
1765598400000,2025-12-13 06:00:00,0.122,0.122,0.1209,0.1215,3252355.2
1765605600000,2025-12-13 08:00:00,0.1215,0.1225,0.1213,0.1222,3629010.2
1765612800000,2025-12-13 10:00:00,0.1222,0.123,0.1221,0.1223,2176334.1
1765620000000,2025-12-13 12:00:00,0.1223,0.123,0.1222,0.1224,2768540.9
1765627200000,2025-12-13 14:00:00,0.1224,0.1231,0.1222,0.1223,2297841.7
1765634400000,2025-12-13 16:00:00,0.1223,0.1228,0.1218,0.1224,2056716.9
1765641600000,2025-12-13 18:00:00,0.1224,0.1227,0.1221,0.1224,1596620.8
1765648800000,2025-12-13 20:00:00,0.1224,0.1229,0.1216,0.1219,2750531.0
1765656000000,2025-12-13 22:00:00,0.1219,0.1221,0.1204,0.1214,3776238.4
1765663200000,2025-12-14 00:00:00,0.1214,0.122,0.1203,0.1217,3608566.0
1765670400000,2025-12-14 02:00:00,0.1217,0.122,0.1213,0.1219,1948466.7
1765677600000,2025-12-14 04:00:00,0.1219,0.1234,0.1218,0.1224,2618482.6
1765684800000,2025-12-14 06:00:00,0.1224,0.1229,0.1216,0.122,1530443.4
1765692000000,2025-12-14 08:00:00,0.122,0.122,0.1213,0.1217,1052580.3
1765699200000,2025-12-14 10:00:00,0.1217,0.1221,0.1211,0.1213,1355325.9
1765706400000,2025-12-14 12:00:00,0.1213,0.1214,0.1193,0.1207,8012471.5
1765713600000,2025-12-14 14:00:00,0.1207,0.1216,0.1202,0.1213,2165381.8
1765720800000,2025-12-14 16:00:00,0.1213,0.1214,0.1195,0.1198,2560103.9
1765728000000,2025-12-14 18:00:00,0.1198,0.1206,0.1185,0.1186,4533122.8
1765735200000,2025-12-14 20:00:00,0.1186,0.1196,0.1184,0.119,2979923.6
1765742400000,2025-12-14 22:00:00,0.119,0.1199,0.1179,0.1181,5291278.0
1765749600000,2025-12-15 00:00:00,0.1181,0.1194,0.1173,0.1187,8089933.8
1765756800000,2025-12-15 02:00:00,0.1187,0.1212,0.1186,0.1207,5892990.4
1765764000000,2025-12-15 04:00:00,0.1207,0.122,0.1205,0.1205,2985539.4
1765771200000,2025-12-15 06:00:00,0.1205,0.1212,0.1204,0.121,1692198.1
1765778400000,2025-12-15 08:00:00,0.121,0.1211,0.1196,0.1199,1873935.7
1765785600000,2025-12-15 10:00:00,0.1199,0.1206,0.1197,0.1203,2060216.5
1765792800000,2025-12-15 12:00:00,0.1203,0.1205,0.1193,0.1198,6483224.0
1765800000000,2025-12-15 14:00:00,0.1198,0.1201,0.1189,0.119,2812310.4
1765807200000,2025-12-15 16:00:00,0.119,0.1205,0.1141,0.115,18521031.3
1765814400000,2025-12-15 18:00:00,0.115,0.1154,0.1117,0.1117,7599228.7
1765821600000,2025-12-15 20:00:00,0.1117,0.1142,0.1113,0.1137,6635673.8
1765828800000,2025-12-15 22:00:00,0.1137,0.1145,0.1128,0.1142,4061526.1
1765836000000,2025-12-16 00:00:00,0.1142,0.1156,0.1141,0.1154,3060661.4
1765843200000,2025-12-16 02:00:00,0.1154,0.1154,0.1136,0.1141,2869251.2
1765850400000,2025-12-16 04:00:00,0.1141,0.1146,0.1132,0.1141,1739992.7
1765857600000,2025-12-16 06:00:00,0.1141,0.1143,0.1123,0.1136,2553591.9
1765864800000,2025-12-16 08:00:00,0.1136,0.1143,0.1129,0.1132,2022046.1
1765872000000,2025-12-16 10:00:00,0.1132,0.1142,0.1132,0.1141,1675253.0
1765879200000,2025-12-16 12:00:00,0.1141,0.1165,0.1141,0.1164,4201541.7
1765886400000,2025-12-16 14:00:00,0.1164,0.1175,0.1152,0.1155,6948784.2
1765893600000,2025-12-16 16:00:00,0.1155,0.1177,0.1147,0.1174,6289623.7
1765900800000,2025-12-16 18:00:00,0.1174,0.118,0.1166,0.1167,5148997.0
1765908000000,2025-12-16 20:00:00,0.1167,0.1179,0.1164,0.1174,3460049.4
1765915200000,2025-12-16 22:00:00,0.1174,0.1177,0.1167,0.1172,1488447.3
1765922400000,2025-12-17 00:00:00,0.1172,0.1173,0.1164,0.1168,1778969.0
1765929600000,2025-12-17 02:00:00,0.1168,0.117,0.116,0.1163,1455803.2
1765936800000,2025-12-17 04:00:00,0.1163,0.1164,0.1156,0.1157,1054622.4
1765944000000,2025-12-17 06:00:00,0.1157,0.1159,0.1147,0.1153,1488496.0
1765951200000,2025-12-17 08:00:00,0.1153,0.1158,0.11487,0.11498,2043685.4
1765958400000,2025-12-17 10:00:00,0.11498,0.11498,0.11371,0.11395,3230674.1
1765965600000,2025-12-17 12:00:00,0.11395,0.11433,0.11356,0.11423,1549740.6
1765972800000,2025-12-17 14:00:00,0.11423,0.11526,0.11376,0.11499,2907171.7
1765980000000,2025-12-17 16:00:00,0.11499,0.11873,0.11315,0.1143,17566067.1
1765987200000,2025-12-17 18:00:00,0.1143,0.11497,0.11126,0.11148,10768597.5
1765994400000,2025-12-17 20:00:00,0.11148,0.11239,0.11026,0.11175,6152490.7
1766001600000,2025-12-17 22:00:00,0.11175,0.11269,0.11103,0.11116,2475271.1
1766008800000,2025-12-18 00:00:00,0.11116,0.11195,0.11084,0.11132,2036584.9
1766016000000,2025-12-18 02:00:00,0.11132,0.11166,0.11067,0.11103,1886951.1
1766023200000,2025-12-18 04:00:00,0.11103,0.1124,0.11085,0.11146,2464486.4
1766030400000,2025-12-18 06:00:00,0.11146,0.11197,0.10976,0.10996,3782684.1
1766037600000,2025-12-18 08:00:00,0.10996,0.11072,0.10979,0.11053,2095478.4
1766044800000,2025-12-18 10:00:00,0.11053,0.11136,0.1104,0.11088,2797124.8
1766052000000,2025-12-18 12:00:00,0.11088,0.11162,0.11052,0.11128,4446997.2
1766059200000,2025-12-18 14:00:00,0.11128,0.11407,0.11098,0.1138,7409662.4
1766066400000,2025-12-18 16:00:00,0.1138,0.11478,0.11118,0.11242,8370620.0
1766073600000,2025-12-18 18:00:00,0.11242,0.11259,0.10645,0.10865,13859322.9
1766080800000,2025-12-18 20:00:00,0.10865,0.10947,0.10493,0.1051,7747221.5
1766088000000,2025-12-18 22:00:00,0.1051,0.10819,0.10501,0.10818,7447451.8
1766095200000,2025-12-19 00:00:00,0.10818,0.10857,0.10704,0.10723,1846565.6
1766102400000,2025-12-19 02:00:00,0.10723,0.10743,0.10637,0.10674,2964539.9
1766109600000,2025-12-19 04:00:00,0.10674,0.11076,0.10641,0.10964,5792945.1
1766116800000,2025-12-19 06:00:00,0.10964,0.11044,0.10964,0.11003,2619726.3
1766124000000,2025-12-19 08:00:00,0.11003,0.11208,0.1098,0.11112,3198482.4
1766131200000,2025-12-19 10:00:00,0.11112,0.11151,0.11063,0.11132,1816814.4
1766138400000,2025-12-19 12:00:00,0.11132,0.11174,0.11094,0.1115,1689028.4
1766145600000,2025-12-19 14:00:00,0.1115,0.11279,0.1113,0.11267,2860017.0
1766152800000,2025-12-19 16:00:00,0.11267,0.11538,0.11233,0.11367,8527324.3
1766160000000,2025-12-19 18:00:00,0.11367,0.11592,0.11274,0.11275,5683646.3
1766167200000,2025-12-19 20:00:00,0.11275,0.11569,0.11271,0.11534,2961004.0
1766174400000,2025-12-19 22:00:00,0.11534,0.11592,0.11474,0.11487,1823923.0
1766181600000,2025-12-20 00:00:00,0.11487,0.1155,0.11464,0.11473,1559873.4
1766188800000,2025-12-20 02:00:00,0.11473,0.11476,0.1136,0.11374,1565152.4
1766196000000,2025-12-20 04:00:00,0.11374,0.11415,0.11321,0.11373,1079879.8
1766203200000,2025-12-20 06:00:00,0.11373,0.11398,0.11315,0.11375,1127008.8
1766210400000,2025-12-20 08:00:00,0.11375,0.11442,0.11346,0.11442,1584532.5
1766217600000,2025-12-20 10:00:00,0.11442,0.11519,0.11438,0.11461,2267286.7
1766224800000,2025-12-20 12:00:00,0.11461,0.11468,0.11374,0.11425,2407002.8
1766232000000,2025-12-20 14:00:00,0.11425,0.11438,0.1133,0.11358,3042773.4
1766239200000,2025-12-20 16:00:00,0.11358,0.11404,0.11286,0.11385,2132776.3
1766246400000,2025-12-20 18:00:00,0.11385,0.11405,0.11345,0.11381,1394058.2
1766253600000,2025-12-20 20:00:00,0.11381,0.11393,0.11328,0.1134,2584101.4
1766260800000,2025-12-20 22:00:00,0.1134,0.11377,0.1132,0.11326,1079326.4
1766268000000,2025-12-21 00:00:00,0.11326,0.11499,0.11292,0.11468,3468902.8
1766275200000,2025-12-21 02:00:00,0.11468,0.11502,0.11336,0.11336,1976413.5
1766282400000,2025-12-21 04:00:00,0.11336,0.11345,0.11232,0.11329,2671263.6
1766289600000,2025-12-21 06:00:00,0.11329,0.11375,0.11312,0.11345,656913.2
1766296800000,2025-12-21 08:00:00,0.11345,0.11379,0.11337,0.11365,771981.4
1766304000000,2025-12-21 10:00:00,0.11365,0.11457,0.11339,0.11425,2451899.3
1766311200000,2025-12-21 12:00:00,0.11425,0.11453,0.11302,0.11315,1697292.1
1766318400000,2025-12-21 14:00:00,0.11315,0.11352,0.1102,0.11045,5187377.2
1766325600000,2025-12-21 16:00:00,0.11045,0.1115,0.11018,0.11085,3136519.3
1766332800000,2025-12-21 18:00:00,0.11085,0.11153,0.11047,0.11089,1479968.7
1766340000000,2025-12-21 20:00:00,0.11089,0.11178,0.11034,0.11166,1708877.2
1766347200000,2025-12-21 22:00:00,0.11166,0.11171,0.11046,0.11075,1242375.6
1766354400000,2025-12-22 00:00:00,0.11075,0.11242,0.11063,0.11143,1154627.9
1766361600000,2025-12-22 02:00:00,0.11143,0.11425,0.11143,0.11226,4127163.3
1766368800000,2025-12-22 04:00:00,0.11226,0.11245,0.11075,0.11193,2386747.3
1766376000000,2025-12-22 06:00:00,0.11193,0.11212,0.11109,0.11118,1324598.6
1766383200000,2025-12-22 08:00:00,0.11118,0.11152,0.11082,0.11116,1908387.2
1766390400000,2025-12-22 10:00:00,0.11116,0.11242,0.11108,0.1123,1844014.1
1766397600000,2025-12-22 12:00:00,0.1123,0.11268,0.11108,0.11177,4540945.9
1766404800000,2025-12-22 14:00:00,0.11177,0.11284,0.11162,0.11226,2181482.3
1766412000000,2025-12-22 16:00:00,0.11226,0.1135,0.11162,0.11277,7266477.8
1766419200000,2025-12-22 18:00:00,0.11277,0.11332,0.11213,0.11269,3504304.6
1766426400000,2025-12-22 20:00:00,0.11269,0.113,0.11104,0.11115,3003939.3
1766433600000,2025-12-22 22:00:00,0.11115,0.11156,0.11011,0.11124,6420916.4
1766440800000,2025-12-23 00:00:00,0.11124,0.11206,0.11101,0.11173,1254874.4
1766448000000,2025-12-23 02:00:00,0.11173,0.11239,0.11153,0.11176,1392658.2
1766455200000,2025-12-23 04:00:00,0.11176,0.11217,0.11056,0.1112,2446747.5
1766462400000,2025-12-23 06:00:00,0.1112,0.11124,0.10988,0.11042,1370322.1
1766469600000,2025-12-23 08:00:00,0.11042,0.11053,0.10945,0.10982,2866108.1
1766476800000,2025-12-23 10:00:00,0.10982,0.11027,0.10957,0.10993,2013668.2
1766484000000,2025-12-23 12:00:00,0.10993,0.11053,0.10991,0.11019,1041386.4
1766491200000,2025-12-23 14:00:00,0.11019,0.11033,0.10911,0.10977,3462119.1
1766498400000,2025-12-23 16:00:00,0.10977,0.11026,0.10846,0.10985,5449662.2
1766505600000,2025-12-23 18:00:00,0.10985,0.11191,0.10941,0.10998,4314992.3
1766512800000,2025-12-23 20:00:00,0.10998,0.11137,0.10996,0.11101,4416666.7
1766520000000,2025-12-23 22:00:00,0.11101,0.11413,0.11074,0.11194,8519245.3
1766527200000,2025-12-24 00:00:00,0.11194,0.11367,0.11117,0.11355,5543526.5
1766534400000,2025-12-24 02:00:00,0.11355,0.11457,0.1133,0.11392,4057431.1
1766541600000,2025-12-24 04:00:00,0.11392,0.11392,0.11204,0.11244,3076553.9
1766548800000,2025-12-24 06:00:00,0.11244,0.11275,0.11126,0.11132,3170962.3
1766556000000,2025-12-24 08:00:00,0.11132,0.11139,0.11041,0.11043,3777072.6
1766563200000,2025-12-24 10:00:00,0.11043,0.11092,0.11024,0.11044,2551377.3
1766570400000,2025-12-24 12:00:00,0.11044,0.11158,0.11028,0.11122,2095148.7
1766577600000,2025-12-24 14:00:00,0.11122,0.11301,0.11098,0.11133,4215320.9
1766584800000,2025-12-24 16:00:00,0.11133,0.1116,0.1098,0.11141,4653292.1
1766592000000,2025-12-24 18:00:00,0.11141,0.11207,0.11072,0.1111,2179454.1
1766599200000,2025-12-24 20:00:00,0.1111,0.11191,0.11095,0.11177,1078664.2
1766606400000,2025-12-24 22:00:00,0.11177,0.11259,0.11176,0.11216,1419934.9
1766613600000,2025-12-25 00:00:00,0.11216,0.11335,0.11214,0.11289,1572524.4
1766620800000,2025-12-25 02:00:00,0.11289,0.11316,0.11234,0.11298,1469681.2
1766628000000,2025-12-25 04:00:00,0.11298,0.11463,0.11292,0.11449,6577372.4
1766635200000,2025-12-25 06:00:00,0.11449,0.11511,0.1142,0.11457,1760537.6
1766642400000,2025-12-25 08:00:00,0.11457,0.11686,0.11446,0.11681,4518307.2
1766649600000,2025-12-25 10:00:00,0.11681,0.11844,0.11583,0.11662,7987383.5
1766656800000,2025-12-25 12:00:00,0.11662,0.1172,0.11539,0.11633,5322537.2
1766664000000,2025-12-25 14:00:00,0.11633,0.11689,0.11612,0.11616,2555209.8
1766671200000,2025-12-25 16:00:00,0.11616,0.11772,0.11544,0.11729,5857532.6
1766678400000,2025-12-25 18:00:00,0.11729,0.11775,0.11583,0.11658,2635887.2
1766685600000,2025-12-25 20:00:00,0.11658,0.11938,0.11658,0.11856,4126751.8
1766692800000,2025-12-25 22:00:00,0.11856,0.11868,0.11747,0.11776,3456416.1
1766700000000,2025-12-26 00:00:00,0.11776,0.11796,0.11377,0.11464,11976477.0
1766707200000,2025-12-26 02:00:00,0.11464,0.11586,0.1139,0.11564,3846660.6
1766714400000,2025-12-26 04:00:00,0.11564,0.11967,0.11564,0.11908,8963558.4
1766721600000,2025-12-26 06:00:00,0.11908,0.12038,0.11812,0.11985,4978143.1
1766728800000,2025-12-26 08:00:00,0.11985,0.11996,0.11767,0.1178,5164567.1
1766736000000,2025-12-26 10:00:00,0.1178,0.11824,0.11696,0.11748,4128628.4
1766743200000,2025-12-26 12:00:00,0.11748,0.11787,0.11732,0.11766,1748661.0
1766750400000,2025-12-26 14:00:00,0.11766,0.11866,0.1176,0.11856,2039602.4
1766757600000,2025-12-26 16:00:00,0.11856,0.11896,0.11619,0.11786,8983262.7
1766764800000,2025-12-26 18:00:00,0.11786,0.11865,0.11703,0.11827,3603088.7
1766772000000,2025-12-26 20:00:00,0.11827,0.11931,0.11827,0.11897,2063860.1
1766779200000,2025-12-26 22:00:00,0.11897,0.11927,0.11802,0.11802,2116401.6
1766786400000,2025-12-27 00:00:00,0.11802,0.11851,0.11768,0.11822,1342941.7
1766793600000,2025-12-27 02:00:00,0.11822,0.11865,0.11758,0.11805,2018198.0
1766800800000,2025-12-27 04:00:00,0.11805,0.11882,0.11765,0.11864,1466548.7
1766808000000,2025-12-27 06:00:00,0.11864,0.11879,0.11747,0.11755,1758161.7
1766815200000,2025-12-27 08:00:00,0.11755,0.1176,0.11653,0.11676,1806876.0
1766822400000,2025-12-27 10:00:00,0.11676,0.11703,0.11648,0.11661,1345516.4
1766829600000,2025-12-27 12:00:00,0.11661,0.11805,0.11578,0.118,3301709.6
1766836800000,2025-12-27 14:00:00,0.118,0.11822,0.11732,0.11745,1488712.6
1766844000000,2025-12-27 16:00:00,0.11745,0.11803,0.11729,0.11788,1529000.6
1766851200000,2025-12-27 18:00:00,0.11788,0.11806,0.1174,0.11784,1254153.7
1766858400000,2025-12-27 20:00:00,0.11784,0.11788,0.11746,0.11771,884481.0
1766865600000,2025-12-27 22:00:00,0.11771,0.1192,0.11771,0.1191,1921011.4
1766872800000,2025-12-28 00:00:00,0.1191,0.12064,0.11882,0.12028,3647141.8
1766880000000,2025-12-28 02:00:00,0.12028,0.1204,0.11938,0.11979,1159291.3
1766887200000,2025-12-28 04:00:00,0.11979,0.12098,0.11966,0.12039,1973344.1
1766894400000,2025-12-28 06:00:00,0.12039,0.12062,0.11972,0.12035,902417.9
1766901600000,2025-12-28 08:00:00,0.12035,0.12137,0.12022,0.12103,1032943.9
1766908800000,2025-12-28 10:00:00,0.12103,0.12112,0.12032,0.12053,1543092.4
1766916000000,2025-12-28 12:00:00,0.12053,0.12152,0.12046,0.12071,1586059.0
1766923200000,2025-12-28 14:00:00,0.12071,0.12081,0.11988,0.12004,1470208.8
1766930400000,2025-12-28 16:00:00,0.12004,0.12103,0.12002,0.12037,1064959.5
1766937600000,2025-12-28 18:00:00,0.12037,0.12062,0.11991,0.11997,1041243.8
1766944800000,2025-12-28 20:00:00,0.11997,0.11997,0.11841,0.11861,2966068.0
1766952000000,2025-12-28 22:00:00,0.11861,0.11897,0.11817,0.11895,1936467.2
1766959200000,2025-12-29 00:00:00,0.11895,0.11995,0.11855,0.11976,1537520.2
1766966400000,2025-12-29 02:00:00,0.11976,0.12116,0.11955,0.1206,2127457.0
1766973600000,2025-12-29 04:00:00,0.1206,0.1221,0.12041,0.12163,3184858.3
1766980800000,2025-12-29 06:00:00,0.12163,0.12189,0.12131,0.12162,1880498.7
1766988000000,2025-12-29 08:00:00,0.12162,0.12175,0.11985,0.12043,4570733.5
1766995200000,2025-12-29 10:00:00,0.12043,0.12104,0.11787,0.11839,3862322.7
1767002400000,2025-12-29 12:00:00,0.11839,0.11905,0.11794,0.11805,1499670.6
1767009600000,2025-12-29 14:00:00,0.11805,0.11811,0.11617,0.11741,3386862.9
1767016800000,2025-12-29 16:00:00,0.11741,0.12171,0.11691,0.12138,9283055.5
1767024000000,2025-12-29 18:00:00,0.12138,0.1221,0.11815,0.11905,6504486.8
1767031200000,2025-12-29 20:00:00,0.11905,0.11924,0.11743,0.11765,2848857.4
1767038400000,2025-12-29 22:00:00,0.11765,0.1181,0.1168,0.1173,1494063.6
1767045600000,2025-12-30 00:00:00,0.1173,0.11803,0.11693,0.1172,1550639.4
1767052800000,2025-12-30 02:00:00,0.1172,0.11757,0.11648,0.11693,1338688.7
1767060000000,2025-12-30 04:00:00,0.11693,0.11773,0.11652,0.11753,1751458.7
1767067200000,2025-12-30 06:00:00,0.11753,0.1181,0.11625,0.11653,2628667.7
1767074400000,2025-12-30 08:00:00,0.11653,0.11747,0.11652,0.11653,1240988.1
1767081600000,2025-12-30 10:00:00,0.11653,0.11811,0.11633,0.11677,3348878.0
1767088800000,2025-12-30 12:00:00,0.11677,0.11682,0.11614,0.1164,1370769.4
1767096000000,2025-12-30 14:00:00,0.1164,0.1165,0.11523,0.11595,2748024.5
1767103200000,2025-12-30 16:00:00,0.11595,0.11749,0.11515,0.11725,6053534.2
1767110400000,2025-12-30 18:00:00,0.11725,0.11778,0.11579,0.11603,2582297.5
1767117600000,2025-12-30 20:00:00,0.11603,0.11622,0.11512,0.1156,4002841.9
1767124800000,2025-12-30 22:00:00,0.1156,0.11561,0.11404,0.11404,3504002.2
1767132000000,2025-12-31 00:00:00,0.11404,0.11506,0.11382,0.11482,4695100.0
1767139200000,2025-12-31 02:00:00,0.11482,0.11511,0.11406,0.11468,2258293.9
1767146400000,2025-12-31 04:00:00,0.11468,0.1148,0.11339,0.11428,2333772.4
1767153600000,2025-12-31 06:00:00,0.11428,0.11472,0.11377,0.11392,1573351.5
1767160800000,2025-12-31 08:00:00,0.11392,0.11392,0.1134,0.11371,924735.6
1767168000000,2025-12-31 10:00:00,0.11371,0.11414,0.11324,0.11398,2098998.2
1767175200000,2025-12-31 12:00:00,0.11398,0.11418,0.11336,0.11362,1256169.5
1767182400000,2025-12-31 14:00:00,0.11362,0.11362,0.11163,0.11253,5663098.0
1767189600000,2025-12-31 16:00:00,0.11253,0.11319,0.11149,0.11162,3877968.9
1767196800000,2025-12-31 18:00:00,0.11162,0.11183,0.10951,0.11019,5869959.1
1767204000000,2025-12-31 20:00:00,0.11019,0.11085,0.10982,0.11024,2137332.5
1767211200000,2025-12-31 22:00:00,0.11024,0.1117,0.10968,0.11103,4304539.3
1767218400000,2026-01-01 00:00:00,0.11103,0.11103,0.11021,0.11037,2345009.6
1767225600000,2026-01-01 02:00:00,0.11037,0.11099,0.11001,0.11012,2733994.0
1767232800000,2026-01-01 04:00:00,0.11012,0.11057,0.10992,0.11,1614218.3
1767240000000,2026-01-01 06:00:00,0.11,0.11099,0.10921,0.11099,3497913.2
1767247200000,2026-01-01 08:00:00,0.11099,0.11221,0.11075,0.11135,3643531.2
1767254400000,2026-01-01 10:00:00,0.11135,0.1123,0.11116,0.1119,2369472.1
1767261600000,2026-01-01 12:00:00,0.1119,0.11332,0.11188,0.11321,3488786.9
1767268800000,2026-01-01 14:00:00,0.11321,0.11462,0.11307,0.11461,2630022.3
1767276000000,2026-01-01 16:00:00,0.11461,0.11702,0.11412,0.11608,5894731.0
1767283200000,2026-01-01 18:00:00,0.11608,0.11801,0.11579,0.11765,5456624.5
1767290400000,2026-01-01 20:00:00,0.11765,0.11978,0.11737,0.11975,3020745.1
1767297600000,2026-01-01 22:00:00,0.11975,0.12071,0.11928,0.11989,4901659.0
1767304800000,2026-01-02 00:00:00,0.11989,0.12151,0.11963,0.12014,5187498.6
1767312000000,2026-01-02 02:00:00,0.12014,0.12042,0.1191,0.11986,3601315.6
1767319200000,2026-01-02 04:00:00,0.11986,0.12235,0.1193,0.12226,3634033.6
1767326400000,2026-01-02 06:00:00,0.12226,0.12251,0.12092,0.12147,3723516.9
1767333600000,2026-01-02 08:00:00,0.12147,0.12183,0.12112,0.12162,1827907.4
1767340800000,2026-01-02 10:00:00,0.12162,0.12495,0.1213,0.12439,7231005.9
1767348000000,2026-01-02 12:00:00,0.12439,0.12462,0.12301,0.12338,4536986.1
1767355200000,2026-01-02 14:00:00,0.12338,0.12462,0.1226,0.1242,4017432.1
1767362400000,2026-01-02 16:00:00,0.1242,0.12521,0.1226,0.12367,8804600.2
1767369600000,2026-01-02 18:00:00,0.12367,0.12705,0.12326,0.12575,6010951.4
1767376800000,2026-01-02 20:00:00,0.12575,0.1272,0.1246,0.12691,4519561.9
1767384000000,2026-01-02 22:00:00,0.12691,0.12721,0.1258,0.12689,3027336.4
1767391200000,2026-01-03 00:00:00,0.12689,0.12748,0.12638,0.12733,2830791.8
1767398400000,2026-01-03 02:00:00,0.12733,0.12826,0.12665,0.12685,2793052.0
1767405600000,2026-01-03 04:00:00,0.12685,0.12975,0.12651,0.12959,3634904.1
1767412800000,2026-01-03 06:00:00,0.12959,0.12971,0.12796,0.12844,2309798.3
1767420000000,2026-01-03 08:00:00,0.12844,0.12896,0.12415,0.12452,5290982.4
1767427200000,2026-01-03 10:00:00,0.12452,0.12594,0.12424,0.12518,3262517.5
1767434400000,2026-01-03 12:00:00,0.12518,0.12575,0.12461,0.12567,1928649.7
1767441600000,2026-01-03 14:00:00,0.12567,0.12637,0.1253,0.12618,1935291.8
1767448800000,2026-01-03 16:00:00,0.12618,0.12683,0.12548,0.12552,2039204.1
1767456000000,2026-01-03 18:00:00,0.12552,0.12743,0.12552,0.12679,1948928.8
1767463200000,2026-01-03 20:00:00,0.12679,0.12742,0.12637,0.12726,718096.4
1767470400000,2026-01-03 22:00:00,0.12726,0.12743,0.12648,0.12686,1265235.0
1767477600000,2026-01-04 00:00:00,0.12686,0.12822,0.12654,0.12777,1570088.4
1767484800000,2026-01-04 02:00:00,0.12777,0.12929,0.12773,0.12915,3775874.2
1767492000000,2026-01-04 04:00:00,0.12915,0.13065,0.12873,0.13041,3692596.4
1767499200000,2026-01-04 06:00:00,0.13041,0.13495,0.13039,0.1346,6880280.6
1767506400000,2026-01-04 08:00:00,0.1346,0.13546,0.13294,0.13378,7320615.4
1767513600000,2026-01-04 10:00:00,0.13378,0.13693,0.13318,0.1362,5906505.9
1767520800000,2026-01-04 12:00:00,0.1362,0.13679,0.1339,0.13489,3522353.4
1767528000000,2026-01-04 14:00:00,0.13489,0.1362,0.13451,0.13594,3119670.5
1767535200000,2026-01-04 16:00:00,0.13594,0.13594,0.13453,0.13551,3630690.7
1767542400000,2026-01-04 18:00:00,0.13551,0.13824,0.13521,0.13758,4491600.7
1767549600000,2026-01-04 20:00:00,0.13758,0.1379,0.13413,0.13551,5296450.0
1767556800000,2026-01-04 22:00:00,0.13551,0.13616,0.13472,0.13537,1211088.5
1767564000000,2026-01-05 00:00:00,0.13537,0.13772,0.13515,0.136,1943527.6
1767571200000,2026-01-05 02:00:00,0.136,0.13882,0.13589,0.13803,4240803.9
1767578400000,2026-01-05 04:00:00,0.13803,0.13847,0.13634,0.13809,3239558.9
1767585600000,2026-01-05 06:00:00,0.13809,0.1382,0.13493,0.13525,4670110.6
1767592800000,2026-01-05 08:00:00,0.13525,0.1365,0.13372,0.13602,3348383.3
1767600000000,2026-01-05 10:00:00,0.13602,0.1364,0.13404,0.13448,3567148.7
1767607200000,2026-01-05 12:00:00,0.13448,0.13528,0.13368,0.13455,3347753.9
1767614400000,2026-01-05 14:00:00,0.13455,0.13595,0.134,0.13554,3335088.3
1767621600000,2026-01-05 16:00:00,0.13554,0.13776,0.13492,0.13644,6493250.8
1767628800000,2026-01-05 18:00:00,0.13644,0.13734,0.13444,0.13708,7125083.8
1767636000000,2026-01-05 20:00:00,0.13708,0.13932,0.13629,0.13746,4765256.1
1767643200000,2026-01-05 22:00:00,0.13746,0.13963,0.13737,0.13907,3751520.7
1767650400000,2026-01-06 00:00:00,0.13907,0.14109,0.13882,0.13944,4068788.7
1767657600000,2026-01-06 02:00:00,0.13944,0.1412,0.13824,0.14006,5167269.4
1767664800000,2026-01-06 04:00:00,0.14006,0.14247,0.14002,0.14188,5389378.8
1767672000000,2026-01-06 06:00:00,0.14188,0.1435,0.14181,0.14309,3735655.5
1767679200000,2026-01-06 08:00:00,0.14309,0.14383,0.14009,0.14086,5939833.4
1767686400000,2026-01-06 10:00:00,0.14086,0.14209,0.14059,0.14119,4556488.0
1767693600000,2026-01-06 12:00:00,0.14119,0.1438,0.14119,0.14367,5612824.1
1767700800000,2026-01-06 14:00:00,0.14367,0.14479,0.14327,0.14384,4310566.7
1767708000000,2026-01-06 16:00:00,0.14384,0.1456,0.14178,0.14268,9973242.7
1767715200000,2026-01-06 18:00:00,0.14268,0.14294,0.13594,0.13633,12816259.0
1767722400000,2026-01-06 20:00:00,0.13633,0.13902,0.13599,0.13763,3867504.8
1767729600000,2026-01-06 22:00:00,0.13763,0.14222,0.13763,0.1415,4385447.5
1767736800000,2026-01-07 00:00:00,0.1415,0.1425,0.1402,0.1423,3840026.6
1767744000000,2026-01-07 02:00:00,0.1423,0.14237,0.13876,0.13903,3082009.6
1767751200000,2026-01-07 04:00:00,0.13903,0.14033,0.13858,0.14004,3443174.1
1767758400000,2026-01-07 06:00:00,0.14004,0.14087,0.13915,0.13925,2438863.5
1767765600000,2026-01-07 08:00:00,0.13925,0.14123,0.13895,0.14109,1612658.4
1767772800000,2026-01-07 10:00:00,0.14109,0.14308,0.1396,0.13993,5738815.4
1767780000000,2026-01-07 12:00:00,0.13993,0.14102,0.13975,0.14047,2831814.0
1767787200000,2026-01-07 14:00:00,0.14047,0.14061,0.1381,0.13822,2517071.8
1767794400000,2026-01-07 16:00:00,0.13822,0.13851,0.13508,0.13588,8782209.7
1767801600000,2026-01-07 18:00:00,0.13588,0.13773,0.13576,0.1368,3254887.3
1767808800000,2026-01-07 20:00:00,0.1368,0.13779,0.13521,0.13577,4068401.3
1767816000000,2026-01-07 22:00:00,0.13577,0.136,0.13459,0.135,2085718.4
1767823200000,2026-01-08 00:00:00,0.135,0.13721,0.13461,0.13632,2652872.8
1767830400000,2026-01-08 02:00:00,0.13632,0.13694,0.13557,0.13672,2415450.7
1767837600000,2026-01-08 04:00:00,0.13672,0.13691,0.13439,0.1346,3138325.1
1767844800000,2026-01-08 06:00:00,0.1346,0.13641,0.13433,0.13517,1630165.6
1767852000000,2026-01-08 08:00:00,0.13517,0.13543,0.13258,0.13487,5346703.3
1767859200000,2026-01-08 10:00:00,0.13487,0.13537,0.1327,0.13297,2403789.0
1767866400000,2026-01-08 12:00:00,0.13297,0.13452,0.13205,0.13304,4172028.1
1767873600000,2026-01-08 14:00:00,0.13304,0.13304,0.1308,0.13123,4031492.8
1767880800000,2026-01-08 16:00:00,0.13123,0.13497,0.12941,0.13488,6309910.8
1767888000000,2026-01-08 18:00:00,0.13488,0.1357,0.13355,0.1351,5666916.5
1767895200000,2026-01-08 20:00:00,0.1351,0.13513,0.13306,0.13331,2003042.1
1767902400000,2026-01-08 22:00:00,0.13331,0.13476,0.13201,0.13448,2450268.4
1767909600000,2026-01-09 00:00:00,0.13448,0.13545,0.13417,0.13422,1823074.8
1767916800000,2026-01-09 02:00:00,0.13422,0.13606,0.13339,0.13378,2987799.2
1767924000000,2026-01-09 04:00:00,0.13378,0.13513,0.13369,0.13505,1181770.1
1767931200000,2026-01-09 06:00:00,0.13505,0.13524,0.1342,0.1351,1081014.9
1767938400000,2026-01-09 08:00:00,0.1351,0.13569,0.13474,0.13485,1437010.4
1767945600000,2026-01-09 10:00:00,0.13485,0.13515,0.13201,0.13353,3804305.3
1767952800000,2026-01-09 12:00:00,0.13353,0.13391,0.13288,0.13333,1724762.0
1767960000000,2026-01-09 14:00:00,0.13333,0.13457,0.13227,0.13419,3286559.6
1767967200000,2026-01-09 16:00:00,0.13419,0.13727,0.13176,0.13574,6781735.2
1767974400000,2026-01-09 18:00:00,0.13574,0.13829,0.13397,0.13523,5559780.4
1767981600000,2026-01-09 20:00:00,0.13523,0.13527,0.13188,0.13226,3949776.2
1767988800000,2026-01-09 22:00:00,0.13226,0.13363,0.13211,0.13359,1590386.1
1767996000000,2026-01-10 00:00:00,0.13359,0.13417,0.13299,0.13314,1566667.4
1768003200000,2026-01-10 02:00:00,0.13314,0.1332,0.13203,0.13291,2254910.1
1768010400000,2026-01-10 04:00:00,0.13291,0.13315,0.13168,0.13226,1206992.1
1768017600000,2026-01-10 06:00:00,0.13226,0.13232,0.13085,0.13094,2086643.5
1768024800000,2026-01-10 08:00:00,0.13094,0.13286,0.13054,0.13257,2984074.3
1768032000000,2026-01-10 10:00:00,0.13257,0.13388,0.13222,0.13367,2927979.6
1768039200000,2026-01-10 12:00:00,0.13367,0.13438,0.1331,0.13413,2712645.2
1768046400000,2026-01-10 14:00:00,0.13413,0.13524,0.13395,0.13454,1753317.9
1768053600000,2026-01-10 16:00:00,0.13454,0.13459,0.13384,0.13423,1332827.5
1768060800000,2026-01-10 18:00:00,0.13423,0.1343,0.13304,0.13313,1395242.7
1768068000000,2026-01-10 20:00:00,0.13313,0.13503,0.13291,0.13502,1367156.2
1768075200000,2026-01-10 22:00:00,0.13502,0.13509,0.13396,0.13396,1688836.7
1768082400000,2026-01-11 00:00:00,0.13396,0.13444,0.13275,0.1336,1873333.9
1768089600000,2026-01-11 02:00:00,0.1336,0.13396,0.1331,0.1337,1757657.6
1768096800000,2026-01-11 04:00:00,0.1337,0.13436,0.1335,0.13419,822842.0
1768104000000,2026-01-11 06:00:00,0.13419,0.13466,0.13345,0.13424,1025510.4
1768111200000,2026-01-11 08:00:00,0.13424,0.13441,0.13339,0.13429,1126859.5
1768118400000,2026-01-11 10:00:00,0.13429,0.13478,0.13388,0.13447,1435672.0
1768125600000,2026-01-11 12:00:00,0.13447,0.13516,0.13416,0.13466,1234805.5
1768132800000,2026-01-11 14:00:00,0.13466,0.13613,0.13449,0.13449,2371514.9
1768140000000,2026-01-11 16:00:00,0.13449,0.13556,0.13311,0.13375,1927562.4
1768147200000,2026-01-11 18:00:00,0.13375,0.13598,0.1333,0.13371,3569534.7
1768154400000,2026-01-11 20:00:00,0.13371,0.13426,0.13318,0.13371,1258919.2
1768161600000,2026-01-11 22:00:00,0.13371,0.13371,0.13151,0.1328,3369859.2
1768168800000,2026-01-12 00:00:00,0.1328,0.13281,0.13061,0.1322,3143143.1
1768176000000,2026-01-12 02:00:00,0.1322,0.13343,0.13023,0.13278,6680101.9
1768183200000,2026-01-12 04:00:00,0.13278,0.1349,0.13263,0.13266,2958125.2
1768190400000,2026-01-12 06:00:00,0.13266,0.13428,0.13234,0.13368,1755175.0
1768197600000,2026-01-12 08:00:00,0.13368,0.13389,0.13161,0.13191,1862948.3
1768204800000,2026-01-12 10:00:00,0.13191,0.13256,0.13026,0.13081,3441564.8
1768212000000,2026-01-12 12:00:00,0.13081,0.13135,0.12982,0.12998,4715106.1
1768219200000,2026-01-12 14:00:00,0.12998,0.13012,0.12827,0.12841,4817535.1
1768226400000,2026-01-12 16:00:00,0.12841,0.13175,0.12777,0.13172,5228061.7
1768233600000,2026-01-12 18:00:00,0.13172,0.13291,0.13044,0.13169,5210863.7
1768240800000,2026-01-12 20:00:00,0.13169,0.13186,0.13031,0.13081,2470924.5
1768248000000,2026-01-12 22:00:00,0.13081,0.13141,0.12821,0.12872,3339309.3
1768255200000,2026-01-13 00:00:00,0.12872,0.12983,0.12869,0.12894,1968977.0
1768262400000,2026-01-13 02:00:00,0.12894,0.12984,0.12879,0.12925,1777787.4
1768269600000,2026-01-13 04:00:00,0.12925,0.13039,0.12909,0.13012,2059631.3
1768276800000,2026-01-13 06:00:00,0.13012,0.13157,0.1296,0.12974,2473032.9
1768284000000,2026-01-13 08:00:00,0.12974,0.13062,0.12928,0.1304,1741116.3
1768291200000,2026-01-13 10:00:00,0.1304,0.13309,0.13012,0.1324,7819955.0
1768298400000,2026-01-13 12:00:00,0.1324,0.13334,0.13155,0.13266,6905866.4
1768305600000,2026-01-13 14:00:00,0.13266,0.13433,0.13216,0.13355,6560381.2
1768312800000,2026-01-13 16:00:00,0.13355,0.1358,0.1332,0.13573,10329587.0
1768320000000,2026-01-13 18:00:00,0.13573,0.13759,0.13567,0.13597,8410066.8
1768327200000,2026-01-13 20:00:00,0.13597,0.13674,0.135,0.13645,3396407.6
1768334400000,2026-01-13 22:00:00,0.13645,0.13693,0.13482,0.13599,3201918.0
1768341600000,2026-01-14 00:00:00,0.13599,0.14062,0.13595,0.13846,9153248.7
1768348800000,2026-01-14 02:00:00,0.13846,0.13994,0.13836,0.13897,3869515.2
1768356000000,2026-01-14 04:00:00,0.13897,0.14026,0.13863,0.14021,2442563.6
1768363200000,2026-01-14 06:00:00,0.14021,0.14057,0.13866,0.13934,3060732.6
1768370400000,2026-01-14 08:00:00,0.13934,0.14009,0.13843,0.13875,2366951.4
1768377600000,2026-01-14 10:00:00,0.13875,0.13929,0.13827,0.13878,2863801.4
1768384800000,2026-01-14 12:00:00,0.13878,0.13911,0.13625,0.1364,4142492.5
1768392000000,2026-01-14 14:00:00,0.1364,0.13719,0.13567,0.13652,2709816.2
1768399200000,2026-01-14 16:00:00,0.13652,0.1401,0.1363,0.13882,12743566.0
1768406400000,2026-01-14 18:00:00,0.13882,0.14064,0.13672,0.13713,5748048.4
1768413600000,2026-01-14 20:00:00,0.13713,0.13835,0.13488,0.13686,7855699.5
1768420800000,2026-01-14 22:00:00,0.13686,0.13792,0.1361,0.13743,2397137.8
1768428000000,2026-01-15 00:00:00,0.13743,0.13748,0.13604,0.13627,2227527.3
1768435200000,2026-01-15 02:00:00,0.13627,0.13684,0.13514,0.1356,2890868.6
1768442400000,2026-01-15 04:00:00,0.1356,0.13573,0.13234,0.13278,5727264.5
1768449600000,2026-01-15 06:00:00,0.13278,0.13389,0.1326,0.13347,2081312.2
1768456800000,2026-01-15 08:00:00,0.13347,0.13449,0.13274,0.13406,1979575.5
1768464000000,2026-01-15 10:00:00,0.13406,0.13457,0.13271,0.13411,2247533.1
1768471200000,2026-01-15 12:00:00,0.13411,0.13424,0.1329,0.13349,2642948.2
1768478400000,2026-01-15 14:00:00,0.13349,0.1348,0.13344,0.13456,1598679.8
1768485600000,2026-01-15 16:00:00,0.13456,0.1349,0.12962,0.13177,7992185.2
1768492800000,2026-01-15 18:00:00,0.13177,0.13224,0.12974,0.12988,4726004.9
1768500000000,2026-01-15 20:00:00,0.12988,0.13015,0.12689,0.12798,8146351.4
1768507200000,2026-01-15 22:00:00,0.12798,0.12848,0.12605,0.12758,3882177.9
1768514400000,2026-01-16 00:00:00,0.12758,0.12808,0.12728,0.12785,2273067.8
1768521600000,2026-01-16 02:00:00,0.12785,0.12877,0.12771,0.12828,2334007.6
1768528800000,2026-01-16 04:00:00,0.12828,0.12892,0.12724,0.12803,2317441.9
1768536000000,2026-01-16 06:00:00,0.12803,0.1289,0.12718,0.12859,2611408.4
1768543200000,2026-01-16 08:00:00,0.12859,0.12866,0.12793,0.12834,1214226.0
1768550400000,2026-01-16 10:00:00,0.12834,0.12862,0.12783,0.12786,1990504.4
1768557600000,2026-01-16 12:00:00,0.12786,0.12793,0.12675,0.12718,2263438.7
1768564800000,2026-01-16 14:00:00,0.12718,0.12722,0.12629,0.12693,2032694.2
1768572000000,2026-01-16 16:00:00,0.12693,0.12746,0.12445,0.12517,7864625.2
1768579200000,2026-01-16 18:00:00,0.12517,0.12612,0.12425,0.12542,5082974.0
1768586400000,2026-01-16 20:00:00,0.12542,0.1265,0.12493,0.12644,2470672.3
1768593600000,2026-01-16 22:00:00,0.12644,0.13093,0.12632,0.12929,6738532.1
1768600800000,2026-01-17 00:00:00,0.12929,0.13187,0.12919,0.13009,4839208.7
1768608000000,2026-01-17 02:00:00,0.13009,0.13188,0.12984,0.13138,5447725.9
1768615200000,2026-01-17 04:00:00,0.13138,0.13212,0.13044,0.13112,1814373.9
1768622400000,2026-01-17 06:00:00,0.13112,0.1327,0.13062,0.13176,1420333.2
1768629600000,2026-01-17 08:00:00,0.13176,0.13249,0.13114,0.13243,1854027.7
1768636800000,2026-01-17 10:00:00,0.13243,0.13399,0.13243,0.1328,3663505.2
1768644000000,2026-01-17 12:00:00,0.1328,0.13339,0.13155,0.13168,2641208.2
1768651200000,2026-01-17 14:00:00,0.13168,0.13331,0.1315,0.13264,2302943.5
1768658400000,2026-01-17 16:00:00,0.13264,0.13472,0.13231,0.13397,3089867.0
1768665600000,2026-01-17 18:00:00,0.13397,0.1342,0.13264,0.13316,3944188.7
1768672800000,2026-01-17 20:00:00,0.13316,0.13331,0.13224,0.13255,1699089.1
1768680000000,2026-01-17 22:00:00,0.13255,0.13281,0.13104,0.1312,1565434.4
1768687200000,2026-01-18 00:00:00,0.1312,0.13171,0.13065,0.13132,2648095.3
1768694400000,2026-01-18 02:00:00,0.13132,0.13225,0.12947,0.12988,4159396.5
1768701600000,2026-01-18 04:00:00,0.12988,0.13022,0.12827,0.12868,2705508.5
1768708800000,2026-01-18 06:00:00,0.12868,0.12882,0.12811,0.12854,2135731.3
1768716000000,2026-01-18 08:00:00,0.12854,0.12887,0.12769,0.12862,2235257.0
1768723200000,2026-01-18 10:00:00,0.12862,0.12888,0.12822,0.12848,1645934.5
1768730400000,2026-01-18 12:00:00,0.12848,0.12917,0.12816,0.12874,1875517.8
1768737600000,2026-01-18 14:00:00,0.12874,0.12887,0.12756,0.12781,1836888.1
1768744800000,2026-01-18 16:00:00,0.12781,0.12895,0.12709,0.12847,3416467.9
1768752000000,2026-01-18 18:00:00,0.12847,0.12909,0.12748,0.12808,1674552.5
1768759200000,2026-01-18 20:00:00,0.12808,0.12897,0.12722,0.12747,2250142.7
1768766400000,2026-01-18 22:00:00,0.12747,0.12867,0.1272,0.1281,1901260.0
1768773600000,2026-01-19 00:00:00,0.1281,0.1286,0.12244,0.12259,9349553.6
1768780800000,2026-01-19 02:00:00,0.12259,0.12259,0.11196,0.11847,34895855.3
1768788000000,2026-01-19 04:00:00,0.11847,0.11892,0.11823,0.11863,2962828.4
1768795200000,2026-01-19 06:00:00,0.11863,0.11881,0.11777,0.1186,2994771.1
1768802400000,2026-01-19 08:00:00,0.1186,0.11897,0.11807,0.11861,1729868.1
1768809600000,2026-01-19 10:00:00,0.11861,0.12037,0.11835,0.12013,2767838.4
1768816800000,2026-01-19 12:00:00,0.12013,0.12017,0.11927,0.11959,1756845.9
1768824000000,2026-01-19 14:00:00,0.11959,0.11977,0.11867,0.11908,2419884.5
1768831200000,2026-01-19 16:00:00,0.11908,0.11991,0.11817,0.11887,2973778.4
1768838400000,2026-01-19 18:00:00,0.11887,0.1212,0.11871,0.12107,2942458.1
1768845600000,2026-01-19 20:00:00,0.12107,0.12255,0.1205,0.12172,3356126.2
1768852800000,2026-01-19 22:00:00,0.12172,0.12206,0.12078,0.12089,1930232.6
1768860000000,2026-01-20 00:00:00,0.12089,0.1214,0.11999,0.12079,2992795.1
1768867200000,2026-01-20 02:00:00,0.12079,0.12085,0.1196,0.11987,2329157.8
1768874400000,2026-01-20 04:00:00,0.11987,0.12029,0.11893,0.11964,2662317.7
1768881600000,2026-01-20 06:00:00,0.11964,0.12022,0.11893,0.11956,2376532.1
1768888800000,2026-01-20 08:00:00,0.11956,0.11956,0.11797,0.1181,4172799.5
1768896000000,2026-01-20 10:00:00,0.1181,0.11826,0.11625,0.11726,5641846.7
1768903200000,2026-01-20 12:00:00,0.11726,0.11815,0.1168,0.11685,2161422.9
1768910400000,2026-01-20 14:00:00,0.11685,0.11791,0.11623,0.1163,2356125.2
1768917600000,2026-01-20 16:00:00,0.1163,0.11834,0.11545,0.11648,6119489.3
1768924800000,2026-01-20 18:00:00,0.11648,0.1169,0.11367,0.11442,7650576.5
1768932000000,2026-01-20 20:00:00,0.11442,0.11601,0.11412,0.11542,7781180.5
1768939200000,2026-01-20 22:00:00,0.11542,0.11608,0.11476,0.1149,2119165.4
1768946400000,2026-01-21 00:00:00,0.1149,0.11566,0.11335,0.11424,3877088.5
1768953600000,2026-01-21 02:00:00,0.11424,0.11675,0.11419,0.11648,2974206.2
1768960800000,2026-01-21 04:00:00,0.11648,0.11794,0.11647,0.11728,1314684.9
1768968000000,2026-01-21 06:00:00,0.11728,0.11877,0.11719,0.11847,1943416.8
1768975200000,2026-01-21 08:00:00,0.11847,0.11854,0.11763,0.11795,2116951.9
1768982400000,2026-01-21 10:00:00,0.11795,0.11813,0.11725,0.11767,1360000.3
1768989600000,2026-01-21 12:00:00,0.11767,0.11825,0.11586,0.11603,2672464.5
1768996800000,2026-01-21 14:00:00,0.11603,0.11616,0.11442,0.11529,3552195.3
1769004000000,2026-01-21 16:00:00,0.11529,0.12208,0.11517,0.12208,11642726.1
1769011200000,2026-01-21 18:00:00,0.12208,0.1221,0.11434,0.11609,12946594.0
1769018400000,2026-01-21 20:00:00,0.11609,0.12099,0.11535,0.12083,8956755.3
1769025600000,2026-01-21 22:00:00,0.12083,0.12113,0.11877,0.12062,3391253.7
1769032800000,2026-01-22 00:00:00,0.12062,0.12113,0.11716,0.11763,3092097.0
1769040000000,2026-01-22 02:00:00,0.11763,0.11998,0.11763,0.11986,2029666.5
1769047200000,2026-01-22 04:00:00,0.11986,0.12028,0.11901,0.11937,1754887.9
1769054400000,2026-01-22 06:00:00,0.11937,0.11991,0.11908,0.11954,1238788.1
1769061600000,2026-01-22 08:00:00,0.11954,0.11964,0.11826,0.11867,1556014.3
1769068800000,2026-01-22 10:00:00,0.11867,0.11978,0.11846,0.11958,1591518.2
1769076000000,2026-01-22 12:00:00,0.11958,0.11966,0.11818,0.11818,1761211.6
1769083200000,2026-01-22 14:00:00,0.11818,0.11861,0.11711,0.1176,2140706.6
1769090400000,2026-01-22 16:00:00,0.1176,0.11825,0.11551,0.1167,6465976.6
1769097600000,2026-01-22 18:00:00,0.1167,0.11843,0.11666,0.11834,2523390.6
1769104800000,2026-01-22 20:00:00,0.11834,0.11882,0.11731,0.11846,2414834.3
1769112000000,2026-01-22 22:00:00,0.11846,0.11864,0.1174,0.11818,1926560.7
1769119200000,2026-01-23 00:00:00,0.11818,0.11865,0.11752,0.11863,1716995.7
1769126400000,2026-01-23 02:00:00,0.11863,0.12085,0.11862,0.12066,4164413.1
1769133600000,2026-01-23 04:00:00,0.12066,0.12239,0.11995,0.12142,7006137.1
1769140800000,2026-01-23 06:00:00,0.12142,0.12382,0.12142,0.12223,5218261.3
1769148000000,2026-01-23 08:00:00,0.12223,0.12283,0.12088,0.12133,3133560.3
1769155200000,2026-01-23 10:00:00,0.12133,0.12141,0.11988,0.12017,3955470.2
1769162400000,2026-01-23 12:00:00,0.12017,0.12084,0.1195,0.12074,3570654.7
1769169600000,2026-01-23 14:00:00,0.12074,0.12119,0.12015,0.12027,2221511.5
1769176800000,2026-01-23 16:00:00,0.12027,0.12133,0.11821,0.12107,5873529.8
1769184000000,2026-01-23 18:00:00,0.12107,0.12269,0.11991,0.12138,8030843.2
1769191200000,2026-01-23 20:00:00,0.12138,0.12251,0.11982,0.12043,7535210.2
1769198400000,2026-01-23 22:00:00,0.12043,0.12088,0.11862,0.12036,5635028.3
1769205600000,2026-01-24 00:00:00,0.12036,0.12119,0.11956,0.12008,1707776.4
1769212800000,2026-01-24 02:00:00,0.12008,0.1202,0.11903,0.11936,1913234.9
1769220000000,2026-01-24 04:00:00,0.11936,0.12091,0.11926,0.12055,1931871.7
1769227200000,2026-01-24 06:00:00,0.12055,0.12095,0.11965,0.1201,1568910.8
1769234400000,2026-01-24 08:00:00,0.1201,0.12064,0.11978,0.11995,855983.4
1769241600000,2026-01-24 10:00:00,0.11995,0.12031,0.11972,0.1198,1159009.7
1769248800000,2026-01-24 12:00:00,0.1198,0.12011,0.1197,0.1197,804105.4
1769256000000,2026-01-24 14:00:00,0.1197,0.11991,0.11905,0.11909,1149149.6
1769263200000,2026-01-24 16:00:00,0.11909,0.11983,0.11867,0.11871,1641085.7
1769270400000,2026-01-24 18:00:00,0.11871,0.11945,0.11811,0.11922,3704218.3
1769277600000,2026-01-24 20:00:00,0.11922,0.11922,0.1178,0.1179,1517475.0
1769284800000,2026-01-24 22:00:00,0.1179,0.11868,0.11787,0.11845,1042698.9
1769292000000,2026-01-25 00:00:00,0.11845,0.11866,0.11811,0.11839,1361780.1
1769299200000,2026-01-25 02:00:00,0.11839,0.1193,0.11823,0.11852,1804179.5
1769306400000,2026-01-25 04:00:00,0.11852,0.11906,0.11692,0.11722,4127715.0
1769313600000,2026-01-25 06:00:00,0.11722,0.11773,0.11683,0.11727,2173811.5
1769320800000,2026-01-25 08:00:00,0.11727,0.11727,0.11619,0.1166,2333090.3
1769328000000,2026-01-25 10:00:00,0.1166,0.11703,0.11577,0.11624,3948218.3
1769335200000,2026-01-25 12:00:00,0.11624,0.11759,0.11618,0.11675,1556428.2
1769342400000,2026-01-25 14:00:00,0.11675,0.11678,0.11588,0.11667,1627616.5
1769349600000,2026-01-25 16:00:00,0.11667,0.11671,0.11524,0.11615,2624886.0
1769356800000,2026-01-25 18:00:00,0.11615,0.11615,0.11352,0.11415,7419431.5
1769364000000,2026-01-25 20:00:00,0.11415,0.11436,0.11203,0.11277,8394051.5
1769371200000,2026-01-25 22:00:00,0.11277,0.11573,0.11222,0.11546,7164009.3
1769378400000,2026-01-26 00:00:00,0.11546,0.11551,0.11348,0.11447,4603309.6
1769385600000,2026-01-26 02:00:00,0.11447,0.11776,0.11415,0.11754,6284514.7
1769392800000,2026-01-26 04:00:00,0.11754,0.11759,0.11564,0.11589,2718180.6
1769400000000,2026-01-26 06:00:00,0.11589,0.11734,0.11577,0.11658,3584065.9
1769407200000,2026-01-26 08:00:00,0.11658,0.11878,0.11628,0.11773,5748938.7
1769414400000,2026-01-26 10:00:00,0.11773,0.11978,0.11771,0.11836,5851854.6
1769421600000,2026-01-26 12:00:00,0.11836,0.12153,0.11811,0.12101,5624994.5
1769428800000,2026-01-26 14:00:00,0.12101,0.12309,0.12051,0.12208,15968300.4
1769436000000,2026-01-26 16:00:00,0.12208,0.12584,0.12115,0.12349,23071474.7
1769443200000,2026-01-26 18:00:00,0.12349,0.12396,0.12113,0.12258,10831803.8
1769450400000,2026-01-26 20:00:00,0.12258,0.1234,0.12219,0.12253,4485610.8
1769457600000,2026-01-26 22:00:00,0.12253,0.12368,0.12145,0.12253,3082592.0
1769464800000,2026-01-27 00:00:00,0.12253,0.12469,0.12187,0.12201,5463829.3
1769472000000,2026-01-27 02:00:00,0.12201,0.12268,0.12143,0.1224,2500178.0
1769479200000,2026-01-27 04:00:00,0.1224,0.12288,0.12154,0.12199,2300953.4
1769486400000,2026-01-27 06:00:00,0.12199,0.12297,0.12054,0.12147,4805032.2
1769493600000,2026-01-27 08:00:00,0.12147,0.12161,0.11994,0.12033,2730873.0
1769500800000,2026-01-27 10:00:00,0.12033,0.1205,0.11942,0.11943,3110545.6
1769508000000,2026-01-27 12:00:00,0.11943,0.11982,0.1188,0.11931,2582324.5
1769515200000,2026-01-27 14:00:00,0.11931,0.11943,0.11864,0.11904,1749043.1
1769522400000,2026-01-27 16:00:00,0.11904,0.1207,0.11845,0.12042,5654204.3
1769529600000,2026-01-27 18:00:00,0.12042,0.12259,0.1184,0.11915,8309161.0
1769536800000,2026-01-27 20:00:00,0.11915,0.12043,0.1187,0.12003,3144157.8
1769544000000,2026-01-27 22:00:00,0.12003,0.12178,0.11999,0.12054,3803845.8
1769551200000,2026-01-28 00:00:00,0.12054,0.12218,0.12054,0.12175,2249341.1
1769558400000,2026-01-28 02:00:00,0.12175,0.12299,0.12141,0.12218,3702696.8
1769565600000,2026-01-28 04:00:00,0.12218,0.12243,0.12151,0.12177,1239682.0
1769572800000,2026-01-28 06:00:00,0.12177,0.12181,0.12055,0.12121,1912243.9
1769580000000,2026-01-28 08:00:00,0.12121,0.1217,0.12065,0.1209,1703577.3
1769587200000,2026-01-28 10:00:00,0.1209,0.12135,0.11986,0.12105,3167976.2
1769594400000,2026-01-28 12:00:00,0.12105,0.12204,0.1207,0.12194,1700673.5
1769601600000,2026-01-28 14:00:00,0.12194,0.12196,0.12095,0.12139,2413773.0
1769608800000,2026-01-28 16:00:00,0.12139,0.12166,0.11975,0.12005,5627373.7
1769616000000,2026-01-28 18:00:00,0.12005,0.12182,0.11872,0.12131,6297255.7
1769623200000,2026-01-28 20:00:00,0.12131,0.12168,0.12031,0.12136,3039983.1
1769630400000,2026-01-28 22:00:00,0.12136,0.12247,0.1204,0.12176,2952646.9
1769637600000,2026-01-29 00:00:00,0.12176,0.12614,0.12121,0.12598,7121766.9
1769644800000,2026-01-29 02:00:00,0.12598,0.12683,0.1225,0.12272,9568559.0
1769652000000,2026-01-29 04:00:00,0.12272,0.12487,0.1217,0.1227,7520979.9
1769659200000,2026-01-29 06:00:00,0.1227,0.1231,0.12071,0.12098,5342182.6
1769666400000,2026-01-29 08:00:00,0.12098,0.12246,0.12071,0.12087,2792724.7
1769673600000,2026-01-29 10:00:00,0.12087,0.12131,0.11967,0.11975,4421341.6
1769680800000,2026-01-29 12:00:00,0.11975,0.12018,0.11868,0.11881,3450475.8
1769688000000,2026-01-29 14:00:00,0.11881,0.12038,0.11843,0.12017,3523501.0
1769695200000,2026-01-29 16:00:00,0.12017,0.1206,0.11322,0.11501,16545121.2
1769702400000,2026-01-29 18:00:00,0.11501,0.11766,0.11357,0.11413,12113039.0
1769709600000,2026-01-29 20:00:00,0.11413,0.11448,0.11235,0.11384,11307543.4
1769716800000,2026-01-29 22:00:00,0.11384,0.11558,0.11367,0.11493,4038573.4
1769724000000,2026-01-30 00:00:00,0.11493,0.11526,0.1136,0.11442,3274153.8
1769731200000,2026-01-30 02:00:00,0.11442,0.11548,0.11115,0.11324,12809622.8
1769738400000,2026-01-30 04:00:00,0.11324,0.11332,0.11033,0.1113,5151555.7
1769745600000,2026-01-30 06:00:00,0.1113,0.11273,0.11123,0.11158,2104472.5
1769752800000,2026-01-30 08:00:00,0.11158,0.11295,0.11001,0.11227,4309656.6
1769760000000,2026-01-30 10:00:00,0.11227,0.11231,0.11073,0.11129,4801049.3
1769767200000,2026-01-30 12:00:00,0.11129,0.11318,0.1108,0.11275,2671286.3
1769774400000,2026-01-30 14:00:00,0.11275,0.11287,0.11065,0.11118,3673037.7
1769781600000,2026-01-30 16:00:00,0.11118,0.11338,0.11024,0.11163,6087781.7
1769788800000,2026-01-30 18:00:00,0.11163,0.11267,0.1109,0.11178,3981569.8
1769796000000,2026-01-30 20:00:00,0.11178,0.11427,0.10916,0.11261,7272039.0
1769803200000,2026-01-30 22:00:00,0.11261,0.11272,0.11058,0.11105,5390781.4
1769810400000,2026-01-31 00:00:00,0.11105,0.11189,0.11009,0.11189,2686674.4
1769817600000,2026-01-31 02:00:00,0.11189,0.11264,0.11144,0.1123,2781223.1
1769824800000,2026-01-31 04:00:00,0.1123,0.11258,0.11142,0.11163,1711038.2
1769832000000,2026-01-31 06:00:00,0.11163,0.11191,0.11114,0.11132,1250797.5
1769839200000,2026-01-31 08:00:00,0.11132,0.11141,0.10973,0.11058,2224813.9
1769846400000,2026-01-31 10:00:00,0.11058,0.11079,0.10803,0.10826,6612278.7
1769853600000,2026-01-31 12:00:00,0.10826,0.10889,0.10759,0.1081,3221371.9
1769860800000,2026-01-31 14:00:00,0.1081,0.10851,0.10696,0.10716,2709509.1
1769868000000,2026-01-31 16:00:00,0.10716,0.10753,0.10175,0.10285,15307723.1
1769875200000,2026-01-31 18:00:00,0.10285,0.10478,0.09707,0.09942,25813101.2
1769882400000,2026-01-31 20:00:00,0.09942,0.10128,0.09457,0.10028,20883901.8
1769889600000,2026-01-31 22:00:00,0.10028,0.10298,0.09937,0.10237,5343314.5
1769896800000,2026-02-01 00:00:00,0.10237,0.10541,0.10164,0.10389,6042071.0
1769904000000,2026-02-01 02:00:00,0.10389,0.10485,0.103,0.10384,4272569.6
1769911200000,2026-02-01 04:00:00,0.10384,0.1045,0.10374,0.10428,2099996.4
1769918400000,2026-02-01 06:00:00,0.10428,0.10506,0.10381,0.10397,2292504.8
1769925600000,2026-02-01 08:00:00,0.10397,0.10536,0.10387,0.10476,2191486.4
1769932800000,2026-02-01 10:00:00,0.10476,0.10559,0.10401,0.10492,3472652.8
1769940000000,2026-02-01 12:00:00,0.10492,0.10537,0.10294,0.10361,3831214.8
1769947200000,2026-02-01 14:00:00,0.10361,0.10409,0.10261,0.10315,2324663.2
1769954400000,2026-02-01 16:00:00,0.10315,0.10371,0.09988,0.10117,7976929.4
1769961600000,2026-02-01 18:00:00,0.10117,0.10206,0.10002,0.10117,5941393.9
1769968800000,2026-02-01 20:00:00,0.10117,0.103,0.10018,0.10092,4560921.4
1769976000000,2026-02-01 22:00:00,0.10092,0.10219,0.09984,0.10041,4709317.2
1769983200000,2026-02-02 00:00:00,0.10041,0.10212,0.09812,0.10048,9343182.4
1769990400000,2026-02-02 02:00:00,0.10048,0.10313,0.09985,0.10251,5933618.2
1769997600000,2026-02-02 04:00:00,0.10251,0.10294,0.09805,0.10171,8660927.9
1770004800000,2026-02-02 06:00:00,0.10171,0.10248,0.09923,0.10021,6627815.0
1770012000000,2026-02-02 08:00:00,0.10021,0.10312,0.09909,0.10082,8634817.8
1770019200000,2026-02-02 10:00:00,0.10082,0.10318,0.10079,0.10274,6538578.7
1770026400000,2026-02-02 12:00:00,0.10274,0.10322,0.10221,0.10254,3476096.9
1770033600000,2026-02-02 14:00:00,0.10254,0.10412,0.10254,0.10384,3125986.6
1770040800000,2026-02-02 16:00:00,0.10384,0.10667,0.10304,0.10622,7400127.3
1770048000000,2026-02-02 18:00:00,0.10622,0.1076,0.10592,0.10674,5117948.4
1770055200000,2026-02-02 20:00:00,0.10674,0.10726,0.10504,0.10508,3383011.8
1770062400000,2026-02-02 22:00:00,0.10508,0.10533,0.10426,0.10493,2866197.8
1770069600000,2026-02-03 00:00:00,0.10493,0.10548,0.10454,0.10476,2233541.4
1770076800000,2026-02-03 02:00:00,0.10476,0.1049,0.10395,0.1041,2470304.4
1770084000000,2026-02-03 04:00:00,0.1041,0.10554,0.10262,0.10543,3524851.5
1770091200000,2026-02-03 06:00:00,0.10543,0.106,0.10465,0.10491,2329560.6
1770098400000,2026-02-03 08:00:00,0.10491,0.10641,0.10477,0.10588,5639855.3
1770105600000,2026-02-03 10:00:00,0.10588,0.10635,0.10416,0.10536,3735109.7
1770112800000,2026-02-03 12:00:00,0.10536,0.10588,0.1047,0.10565,2376035.2
1770120000000,2026-02-03 14:00:00,0.10565,0.10673,0.1048,0.10658,2751488.5
1770127200000,2026-02-03 16:00:00,0.10658,0.10772,0.10454,0.10764,8017268.7
1770134400000,2026-02-03 18:00:00,0.10764,0.10771,0.10231,0.10238,7297049.5
1770141600000,2026-02-03 20:00:00,0.10238,0.10631,0.1006,0.10549,13533861.4
1770148800000,2026-02-03 22:00:00,0.10549,0.1105,0.10455,0.10755,11485146.7
1770156000000,2026-02-04 00:00:00,0.10755,0.10766,0.10528,0.10625,4861480.1
1770163200000,2026-02-04 02:00:00,0.10625,0.10756,0.10546,0.10678,5547809.3
1770170400000,2026-02-04 04:00:00,0.10678,0.11008,0.10604,0.10944,3168875.1
1770177600000,2026-02-04 06:00:00,0.10944,0.10986,0.10807,0.1082,2155335.6
1770184800000,2026-02-04 08:00:00,0.1082,0.10829,0.10678,0.1076,2636218.0
1770192000000,2026-02-04 10:00:00,0.1076,0.10913,0.10707,0.1075,3447176.6
1770199200000,2026-02-04 12:00:00,0.1075,0.10767,0.10562,0.10662,3086137.3
1770206400000,2026-02-04 14:00:00,0.10662,0.10695,0.10462,0.10468,4127484.9
1770213600000,2026-02-04 16:00:00,0.10468,0.10552,0.10185,0.10295,13050135.5
1770220800000,2026-02-04 18:00:00,0.10295,0.10384,0.10141,0.10262,8122458.3
1770228000000,2026-02-04 20:00:00,0.10262,0.10512,0.10139,0.10499,9429774.2
1770235200000,2026-02-04 22:00:00,0.10499,0.10516,0.10196,0.1028,4109974.8
1770242400000,2026-02-05 00:00:00,0.1028,0.10406,0.10087,0.1029,5942448.4
1770249600000,2026-02-05 02:00:00,0.1029,0.10408,0.10187,0.10251,3813071.1
1770256800000,2026-02-05 04:00:00,0.10251,0.1036,0.10122,0.10217,5894085.1
1770264000000,2026-02-05 06:00:00,0.10217,0.10271,0.0999,0.10098,6745080.2
1770271200000,2026-02-05 08:00:00,0.10098,0.10159,0.09992,0.10035,6606823.0
1770278400000,2026-02-05 10:00:00,0.10035,0.10152,0.0999,0.10024,6419625.7
1770285600000,2026-02-05 12:00:00,0.10024,0.10051,0.09616,0.0978,10736705.3
1770292800000,2026-02-05 14:00:00,0.0978,0.09839,0.09672,0.09716,9669119.1
1770300000000,2026-02-05 16:00:00,0.09716,0.09923,0.09201,0.09504,27085604.8
1770307200000,2026-02-05 18:00:00,0.09504,0.09601,0.0911,0.09241,23263453.6
1770314400000,2026-02-05 20:00:00,0.09241,0.09309,0.0907,0.09098,13810769.0
1770321600000,2026-02-05 22:00:00,0.09098,0.09151,0.08751,0.08878,30123643.6
1770328800000,2026-02-06 00:00:00,0.08878,0.09135,0.08773,0.08819,16472533.2
1770336000000,2026-02-06 02:00:00,0.08819,0.08959,0.08034,0.08956,58922951.9
1770343200000,2026-02-06 04:00:00,0.08956,0.09025,0.08724,0.08828,8327574.7
1770350400000,2026-02-06 06:00:00,0.08828,0.09269,0.08788,0.09241,8113130.0
1770357600000,2026-02-06 08:00:00,0.09241,0.09265,0.08979,0.09057,7014298.0
1770364800000,2026-02-06 10:00:00,0.09057,0.09283,0.09021,0.09247,7614731.7
1770372000000,2026-02-06 12:00:00,0.09247,0.09531,0.09235,0.09508,6293296.1
1770379200000,2026-02-06 14:00:00,0.09508,0.09641,0.09436,0.09589,6523107.2
1770386400000,2026-02-06 16:00:00,0.09589,0.09791,0.09445,0.09767,10402479.8
1770393600000,2026-02-06 18:00:00,0.09767,0.10225,0.0972,0.09997,12381972.6
1770400800000,2026-02-06 20:00:00,0.09997,0.10013,0.09794,0.09921,6462473.1
1770408000000,2026-02-06 22:00:00,0.09921,0.0998,0.09787,0.09909,3545367.1
1770415200000,2026-02-07 00:00:00,0.09909,0.10069,0.09854,0.09881,4607927.6
1770422400000,2026-02-07 02:00:00,0.09881,0.09933,0.09719,0.09831,5223659.4
1770429600000,2026-02-07 04:00:00,0.09831,0.09954,0.09793,0.09934,3353311.9
1770436800000,2026-02-07 06:00:00,0.09934,0.1002,0.09834,0.09861,3631345.8
1770444000000,2026-02-07 08:00:00,0.09861,0.09911,0.09513,0.0957,6379259.5
1770451200000,2026-02-07 10:00:00,0.0957,0.09654,0.09522,0.09547,3087967.7
1770458400000,2026-02-07 12:00:00,0.09547,0.09569,0.09462,0.09525,2499600.3
1770465600000,2026-02-07 14:00:00,0.09525,0.09817,0.09514,0.09672,5880794.9
1770472800000,2026-02-07 16:00:00,0.09672,0.09833,0.09546,0.09773,4275750.7
1770480000000,2026-02-07 18:00:00,0.09773,0.10006,0.09721,0.09802,34711079.3
1770487200000,2026-02-07 20:00:00,0.09802,0.09926,0.09766,0.09788,2262302.3
1770494400000,2026-02-07 22:00:00,0.09788,0.09859,0.09752,0.09758,1606239.0
1770501600000,2026-02-08 00:00:00,0.09758,0.09802,0.09686,0.09753,2159347.1
1770508800000,2026-02-08 02:00:00,0.09753,0.09775,0.09693,0.09704,1287291.8
1770516000000,2026-02-08 04:00:00,0.09704,0.09751,0.09567,0.0958,2982702.1
1770523200000,2026-02-08 06:00:00,0.0958,0.09616,0.09542,0.09571,1493108.3
1770530400000,2026-02-08 08:00:00,0.09571,0.09703,0.0956,0.09701,1836264.6
1770537600000,2026-02-08 10:00:00,0.09701,0.09958,0.09689,0.09738,3562348.2
1770544800000,2026-02-08 12:00:00,0.09738,0.09855,0.09623,0.09844,2419104.1
1770552000000,2026-02-08 14:00:00,0.09844,0.09906,0.09795,0.09876,2893667.6
1770559200000,2026-02-08 16:00:00,0.09876,0.09905,0.09766,0.09791,3093498.3
1770566400000,2026-02-08 18:00:00,0.09791,0.09813,0.09543,0.09663,4656979.8
1770573600000,2026-02-08 20:00:00,0.09663,0.09806,0.09662,0.09789,2310320.8
1770580800000,2026-02-08 22:00:00,0.09789,0.09793,0.09569,0.09606,2116247.1
1770588000000,2026-02-09 00:00:00,0.09606,0.09876,0.09581,0.09675,3646846.3
1770595200000,2026-02-09 02:00:00,0.09675,0.09728,0.0958,0.09627,3616755.5
1770602400000,2026-02-09 04:00:00,0.09627,0.09719,0.09574,0.097,2067029.0
1770609600000,2026-02-09 06:00:00,0.097,0.09703,0.09625,0.09676,2346202.1
1770616800000,2026-02-09 08:00:00,0.09676,0.09676,0.09546,0.09551,2273247.7
1770624000000,2026-02-09 10:00:00,0.09551,0.09584,0.09415,0.0943,3151705.1
1770631200000,2026-02-09 12:00:00,0.0943,0.09436,0.09278,0.09381,4266191.3
1770638400000,2026-02-09 14:00:00,0.09381,0.09477,0.09375,0.09401,2407518.3
1770645600000,2026-02-09 16:00:00,0.09401,0.09618,0.09381,0.09569,6662242.4
1770652800000,2026-02-09 18:00:00,0.09569,0.09702,0.09478,0.09665,3905471.7
1770660000000,2026-02-09 20:00:00,0.09665,0.09696,0.09562,0.09641,1906915.5
1770667200000,2026-02-09 22:00:00,0.09641,0.09662,0.09479,0.09602,2897471.4
1770674400000,2026-02-10 00:00:00,0.09602,0.09638,0.09567,0.09582,1113330.8
1770681600000,2026-02-10 02:00:00,0.09582,0.09612,0.09523,0.09579,1483856.3
1770688800000,2026-02-10 04:00:00,0.09579,0.09582,0.09368,0.0945,1929003.0
1770696000000,2026-02-10 06:00:00,0.0945,0.09526,0.09415,0.09449,1535870.4
1770703200000,2026-02-10 08:00:00,0.09449,0.09465,0.09289,0.09352,3806962.0
1770710400000,2026-02-10 10:00:00,0.09352,0.09436,0.09317,0.09383,3317012.3
1770717600000,2026-02-10 12:00:00,0.09383,0.09403,0.09317,0.09324,1594866.2
1770724800000,2026-02-10 14:00:00,0.09324,0.09354,0.09252,0.09302,2309652.3
1770732000000,2026-02-10 16:00:00,0.09302,0.09401,0.09244,0.09351,5483060.5
1770739200000,2026-02-10 18:00:00,0.09351,0.09411,0.09091,0.09206,6633247.6
1770746400000,2026-02-10 20:00:00,0.09206,0.09212,0.09044,0.09119,5012697.4
1770753600000,2026-02-10 22:00:00,0.09119,0.09191,0.09086,0.09154,2592118.3
1770760800000,2026-02-11 00:00:00,0.09154,0.09203,0.09131,0.0916,1526457.9
1770768000000,2026-02-11 02:00:00,0.0916,0.09204,0.09131,0.09201,1992741.6
1770775200000,2026-02-11 04:00:00,0.09201,0.09226,0.09037,0.09107,2706541.4
1770782400000,2026-02-11 06:00:00,0.09107,0.09131,0.08975,0.08994,4953050.3
1770789600000,2026-02-11 08:00:00,0.08994,0.09008,0.08898,0.08921,4048435.2
1770796800000,2026-02-11 10:00:00,0.08921,0.08968,0.08889,0.08924,2347570.4
1770804000000,2026-02-11 12:00:00,0.08924,0.09008,0.08867,0.08952,3240755.7
1770811200000,2026-02-11 14:00:00,0.08952,0.0904,0.08909,0.0903,3120290.3
1770818400000,2026-02-11 16:00:00,0.0903,0.09245,0.08795,0.08886,8927096.7
1770825600000,2026-02-11 18:00:00,0.08886,0.09021,0.08831,0.08953,3730421.1
1770832800000,2026-02-11 20:00:00,0.08953,0.09039,0.08893,0.08972,4168371.3
1770840000000,2026-02-11 22:00:00,0.08972,0.09001,0.08782,0.08957,6841512.9
1770847200000,2026-02-12 00:00:00,0.08957,0.08988,0.08818,0.08896,3265398.2
1770854400000,2026-02-12 02:00:00,0.08896,0.09091,0.08896,0.09009,2817538.5
1770861600000,2026-02-12 04:00:00,0.09009,0.09075,0.08973,0.09059,1444568.7
1770868800000,2026-02-12 06:00:00,0.09059,0.09079,0.08981,0.09055,1569899.9
1770876000000,2026-02-12 08:00:00,0.09055,0.09171,0.09046,0.09161,2392810.4
1770883200000,2026-02-12 10:00:00,0.09161,0.09184,0.09087,0.09138,1933325.0
1770890400000,2026-02-12 12:00:00,0.09138,0.09316,0.09138,0.09252,3222746.6
1770897600000,2026-02-12 14:00:00,0.09252,0.09254,0.09096,0.09191,2058083.4
1770904800000,2026-02-12 16:00:00,0.09191,0.09222,0.09016,0.09022,3281807.5
1770912000000,2026-02-12 18:00:00,0.09022,0.09041,0.08906,0.08951,5681482.3
1770919200000,2026-02-12 20:00:00,0.08951,0.09166,0.08921,0.09071,2222040.8
1770926400000,2026-02-12 22:00:00,0.09071,0.09091,0.08976,0.09025,1726193.6
1770933600000,2026-02-13 00:00:00,0.09025,0.09193,0.08975,0.09177,2024327.2
1770940800000,2026-02-13 02:00:00,0.09177,0.09229,0.09085,0.09107,2365574.1
1770948000000,2026-02-13 04:00:00,0.09107,0.09145,0.09077,0.09097,984899.9
1770955200000,2026-02-13 06:00:00,0.09097,0.09102,0.08995,0.09012,1578490.9
1770962400000,2026-02-13 08:00:00,0.09012,0.09104,0.08963,0.09052,2220214.4
1770969600000,2026-02-13 10:00:00,0.09052,0.09151,0.09042,0.09108,2390101.3
1770976800000,2026-02-13 12:00:00,0.09108,0.09133,0.0909,0.09114,1271925.5
1770984000000,2026-02-13 14:00:00,0.09114,0.09218,0.09085,0.09171,3221194.1
1770991200000,2026-02-13 16:00:00,0.09171,0.09447,0.09113,0.0933,6599794.6
1770998400000,2026-02-13 18:00:00,0.0933,0.09494,0.093,0.09422,3177306.7
1771005600000,2026-02-13 20:00:00,0.09422,0.09458,0.09385,0.09405,1639555.3
1771012800000,2026-02-13 22:00:00,0.09405,0.095,0.09377,0.09476,1640707.8
1771020000000,2026-02-14 00:00:00,0.09476,0.09487,0.09377,0.09392,1445299.2
1771027200000,2026-02-14 02:00:00,0.09392,0.09589,0.0937,0.0954,4020232.6
1771034400000,2026-02-14 04:00:00,0.0954,0.09608,0.09532,0.09601,1711152.3
1771041600000,2026-02-14 06:00:00,0.09601,0.09633,0.09553,0.09582,2450104.0
1771048800000,2026-02-14 08:00:00,0.09582,0.09621,0.09569,0.09601,1962892.4
1771056000000,2026-02-14 10:00:00,0.09601,0.09789,0.096,0.09743,3796831.1
1771063200000,2026-02-14 12:00:00,0.09743,0.09849,0.09709,0.09814,2041280.1
1771070400000,2026-02-14 14:00:00,0.09814,0.09886,0.09692,0.09718,3833601.3
1771077600000,2026-02-14 16:00:00,0.09718,0.09879,0.09704,0.09846,3319856.3
1771084800000,2026-02-14 18:00:00,0.09846,0.09977,0.09778,0.09908,3591186.4
1771092000000,2026-02-14 20:00:00,0.09908,0.10106,0.09894,0.10024,5068917.9
1771099200000,2026-02-14 22:00:00,0.10024,0.10085,0.09916,0.09992,5956471.7
1771106400000,2026-02-15 00:00:00,0.09992,0.10074,0.09934,0.09959,1818610.4
1771113600000,2026-02-15 02:00:00,0.09959,0.09996,0.09863,0.09935,2643194.9
1771120800000,2026-02-15 04:00:00,0.09935,0.09968,0.09739,0.09885,3696239.8
1771128000000,2026-02-15 06:00:00,0.09885,0.10012,0.09884,0.09958,3237488.9
1771135200000,2026-02-15 08:00:00,0.09958,0.10026,0.09893,0.10019,2904615.1
1771142400000,2026-02-15 10:00:00,0.10019,0.10048,0.09847,0.09871,5741680.2
1771149600000,2026-02-15 12:00:00,0.09871,0.09879,0.09749,0.09772,3523340.8
1771156800000,2026-02-15 14:00:00,0.09772,0.09777,0.09578,0.09601,7812647.9
1771164000000,2026-02-15 16:00:00,0.09601,0.09684,0.09577,0.09617,2870856.9
1771171200000,2026-02-15 18:00:00,0.09617,0.09625,0.09418,0.09498,4061829.0
1771178400000,2026-02-15 20:00:00,0.09498,0.09538,0.09415,0.0946,3091854.3
1771185600000,2026-02-15 22:00:00,0.0946,0.09577,0.09426,0.09524,2138776.1
1771192800000,2026-02-16 00:00:00,0.09524,0.09584,0.09472,0.09579,1643429.8
1771200000000,2026-02-16 02:00:00,0.09579,0.09654,0.09532,0.0959,2052892.9
1771207200000,2026-02-16 04:00:00,0.0959,0.09636,0.0955,0.09608,1896926.8
1771214400000,2026-02-16 06:00:00,0.09608,0.09699,0.09508,0.09553,1927102.4
1771221600000,2026-02-16 08:00:00,0.09553,0.09588,0.09493,0.09527,1381844.7
1771228800000,2026-02-16 10:00:00,0.09527,0.09573,0.09478,0.09546,2357912.5
1771236000000,2026-02-16 12:00:00,0.09546,0.09546,0.09403,0.09503,2088347.1
1771243200000,2026-02-16 14:00:00,0.09503,0.09716,0.09459,0.09485,5224747.8
1771250400000,2026-02-16 16:00:00,0.09485,0.09594,0.09343,0.0937,5229897.9
1771257600000,2026-02-16 18:00:00,0.0937,0.09462,0.09309,0.09418,7067682.3
1771264800000,2026-02-16 20:00:00,0.09418,0.09442,0.09327,0.09349,2271623.2
1771272000000,2026-02-16 22:00:00,0.09349,0.09513,0.09333,0.09512,2191701.4
1771279200000,2026-02-17 00:00:00,0.09512,0.09544,0.09435,0.09455,1850276.1
1771286400000,2026-02-17 02:00:00,0.09455,0.09465,0.09373,0.09376,1574464.2
1771293600000,2026-02-17 04:00:00,0.09376,0.09445,0.0931,0.09356,1343757.1
1771300800000,2026-02-17 06:00:00,0.09356,0.09405,0.09303,0.09394,1278248.3
1771308000000,2026-02-17 08:00:00,0.09394,0.09441,0.09375,0.09394,1508413.3
1771315200000,2026-02-17 10:00:00,0.09394,0.0941,0.09321,0.09337,1898440.7
1771322400000,2026-02-17 12:00:00,0.09337,0.09369,0.09262,0.09364,3249057.4
1771329600000,2026-02-17 14:00:00,0.09364,0.09473,0.09354,0.09455,1929189.2
1771336800000,2026-02-17 16:00:00,0.09455,0.09455,0.09241,0.09406,4310204.8
1771344000000,2026-02-17 18:00:00,0.09406,0.09558,0.09292,0.09351,3368510.9
1771351200000,2026-02-17 20:00:00,0.09351,0.09493,0.09336,0.09365,2354816.5
1771358400000,2026-02-17 22:00:00,0.09365,0.09372,0.09284,0.09324,1301716.4
1771365600000,2026-02-18 00:00:00,0.09324,0.09336,0.09261,0.09293,1629113.7
1771372800000,2026-02-18 02:00:00,0.09293,0.09327,0.0925,0.09277,1439865.6
1771380000000,2026-02-18 04:00:00,0.09277,0.09357,0.09276,0.09342,1122676.4
1771387200000,2026-02-18 06:00:00,0.09342,0.09358,0.09308,0.0933,807480.8
1771394400000,2026-02-18 08:00:00,0.0933,0.09398,0.09313,0.09384,1872125.4
1771401600000,2026-02-18 10:00:00,0.09384,0.09412,0.09352,0.09409,1594368.9
1771408800000,2026-02-18 12:00:00,0.09409,0.09427,0.09236,0.09283,3322098.6
1771416000000,2026-02-18 14:00:00,0.09283,0.09318,0.09197,0.09238,2240872.0
1771423200000,2026-02-18 16:00:00,0.09238,0.0939,0.09192,0.09308,6132171.4
1771430400000,2026-02-18 18:00:00,0.09308,0.09308,0.09181,0.0923,2937930.2
1771437600000,2026-02-18 20:00:00,0.0923,0.09242,0.09071,0.09112,5625155.0
1771444800000,2026-02-18 22:00:00,0.09112,0.09156,0.09041,0.09053,2031083.6
1771452000000,2026-02-19 00:00:00,0.09053,0.09095,0.08992,0.09084,3658428.7
1771459200000,2026-02-19 02:00:00,0.09084,0.09175,0.09025,0.09166,4395159.2
1771466400000,2026-02-19 04:00:00,0.09166,0.09173,0.09094,0.09146,1859436.6
1771473600000,2026-02-19 06:00:00,0.09146,0.09153,0.09055,0.09105,2863585.6
1771480800000,2026-02-19 08:00:00,0.09105,0.09173,0.09105,0.09133,2002439.5
1771488000000,2026-02-19 10:00:00,0.09133,0.09133,0.09015,0.09035,3160601.8
