timestamp,datetime,open,high,low,close,volume
1735214400000,2024-12-26 14:00:00,6.563,6.592,6.481,6.509,638484.7
1735228800000,2024-12-26 18:00:00,6.509,6.575,6.419,6.511,616150.5
1735243200000,2024-12-26 22:00:00,6.511,6.549,6.418,6.483,558963.1
1735257600000,2024-12-27 02:00:00,6.483,6.581,6.431,6.535,453412.2
1735272000000,2024-12-27 06:00:00,6.535,6.646,6.442,6.498,599872.1
1735286400000,2024-12-27 10:00:00,6.498,6.803,6.498,6.694,923146.6
1735300800000,2024-12-27 14:00:00,6.694,6.714,6.428,6.472,1056930.7
1735315200000,2024-12-27 18:00:00,6.472,6.614,6.408,6.551,670972.9
1735329600000,2024-12-27 22:00:00,6.551,6.56,6.412,6.463,543333.2
1735344000000,2024-12-28 02:00:00,6.463,6.485,6.4,6.475,420486.4
1735358400000,2024-12-28 06:00:00,6.475,6.502,6.402,6.407,360195.4
1735372800000,2024-12-28 10:00:00,6.407,6.479,6.407,6.44,367900.3
1735387200000,2024-12-28 14:00:00,6.44,6.572,6.38,6.49,655560.4
1735401600000,2024-12-28 18:00:00,6.49,6.627,6.46,6.54,328139.2
1735416000000,2024-12-28 22:00:00,6.54,6.675,6.523,6.609,383131.3
1735430400000,2024-12-29 02:00:00,6.609,6.637,6.539,6.637,249850.5
1735444800000,2024-12-29 06:00:00,6.637,6.657,6.567,6.647,1208382.6
1735459200000,2024-12-29 10:00:00,6.647,6.659,6.547,6.549,247191.2
1735473600000,2024-12-29 14:00:00,6.549,6.592,6.451,6.468,615356.2
1735488000000,2024-12-29 18:00:00,6.468,6.47,6.327,6.357,585958.9
1735502400000,2024-12-29 22:00:00,6.357,6.357,6.228,6.289,567702.6
1735516800000,2024-12-30 02:00:00,6.289,6.538,6.262,6.433,515306.8
1735531200000,2024-12-30 06:00:00,6.433,6.518,6.376,6.456,428042.2
1735545600000,2024-12-30 10:00:00,6.456,6.509,6.326,6.389,494768.7
1735560000000,2024-12-30 14:00:00,6.389,6.454,6.118,6.17,1086046.1
1735574400000,2024-12-30 18:00:00,6.17,6.456,6.113,6.456,952627.4
1735588800000,2024-12-30 22:00:00,6.456,6.568,6.267,6.345,783520.7
1735603200000,2024-12-31 02:00:00,6.345,6.347,6.201,6.21,350973.0
1735617600000,2024-12-31 06:00:00,6.21,6.266,6.163,6.206,287979.6
1735632000000,2024-12-31 10:00:00,6.206,6.397,6.206,6.318,572238.1
1735646400000,2024-12-31 14:00:00,6.318,6.516,6.3,6.46,671627.4
1735660800000,2024-12-31 18:00:00,6.46,6.472,6.234,6.28,470114.6
1735675200000,2024-12-31 22:00:00,6.28,6.306,6.177,6.186,416888.0
1735689600000,2025-01-01 02:00:00,6.186,6.282,6.174,6.205,292612.7
1735704000000,2025-01-01 06:00:00,6.205,6.208,6.122,6.146,572547.9
1735718400000,2025-01-01 10:00:00,6.146,6.198,6.041,6.174,670747.9
1735732800000,2025-01-01 14:00:00,6.174,6.354,6.154,6.353,549727.8
1735747200000,2025-01-01 18:00:00,6.353,6.598,6.288,6.579,1089114.1
1735761600000,2025-01-01 22:00:00,6.579,6.653,6.518,6.543,571488.6
1735776000000,2025-01-02 02:00:00,6.543,6.724,6.543,6.602,627572.2
1735790400000,2025-01-02 06:00:00,6.602,6.693,6.593,6.671,355379.1
1735804800000,2025-01-02 10:00:00,6.671,6.775,6.643,6.748,467912.7
1735819200000,2025-01-02 14:00:00,6.748,6.806,6.625,6.666,683619.5
1735833600000,2025-01-02 18:00:00,6.666,6.738,6.627,6.675,334183.4
1735848000000,2025-01-02 22:00:00,6.675,6.72,6.631,6.695,346383.5
1735862400000,2025-01-03 02:00:00,6.695,6.876,6.666,6.86,413602.6
1735876800000,2025-01-03 06:00:00,6.86,6.865,6.685,6.701,393187.5
1735891200000,2025-01-03 10:00:00,6.701,7.032,6.701,6.977,766722.5
1735905600000,2025-01-03 14:00:00,6.977,7.308,6.975,7.295,1020421.7
1735920000000,2025-01-03 18:00:00,7.295,7.4,7.287,7.341,763652.1
1735934400000,2025-01-03 22:00:00,7.341,7.461,7.274,7.419,537650.7
1735948800000,2025-01-04 02:00:00,7.419,7.472,7.291,7.387,481153.8
1735963200000,2025-01-04 06:00:00,7.387,7.399,7.312,7.354,232132.0
1735977600000,2025-01-04 10:00:00,7.354,7.358,7.237,7.286,427440.0
1735992000000,2025-01-04 14:00:00,7.286,7.44,7.231,7.275,779017.5
1736006400000,2025-01-04 18:00:00,7.275,7.337,7.263,7.29,283471.5
1736020800000,2025-01-04 22:00:00,7.29,7.339,7.255,7.294,246645.9
1736035200000,2025-01-05 02:00:00,7.294,7.348,7.204,7.273,429901.4
1736049600000,2025-01-05 06:00:00,7.273,7.357,7.234,7.318,254439.4
1736064000000,2025-01-05 10:00:00,7.318,7.329,7.222,7.246,470290.3
1736078400000,2025-01-05 14:00:00,7.246,7.294,7.14,7.234,586995.1
1736092800000,2025-01-05 18:00:00,7.234,7.32,7.197,7.318,431149.4
1736107200000,2025-01-05 22:00:00,7.318,7.367,7.249,7.34,399036.4
1736121600000,2025-01-06 02:00:00,7.34,7.501,7.209,7.501,704378.0
1736136000000,2025-01-06 06:00:00,7.501,7.636,7.406,7.409,950809.7
1736150400000,2025-01-06 10:00:00,7.409,7.509,7.365,7.473,503468.3
1736164800000,2025-01-06 14:00:00,7.473,7.613,7.371,7.55,1298079.8
1736179200000,2025-01-06 18:00:00,7.55,7.618,7.393,7.503,749184.2
1736193600000,2025-01-06 22:00:00,7.503,7.537,7.395,7.451,361588.7
1736208000000,2025-01-07 02:00:00,7.451,7.451,7.327,7.393,539516.3
1736222400000,2025-01-07 06:00:00,7.393,7.769,7.369,7.564,1166585.8
1736236800000,2025-01-07 10:00:00,7.564,7.721,7.387,7.443,1316970.5
1736251200000,2025-01-07 14:00:00,7.443,7.62,7.0,7.107,3812283.4
1736265600000,2025-01-07 18:00:00,7.107,7.196,6.854,6.876,2243368.1
1736280000000,2025-01-07 22:00:00,6.876,6.935,6.761,6.768,1012292.2
1736294400000,2025-01-08 02:00:00,6.768,6.866,6.633,6.704,1070750.7
1736308800000,2025-01-08 06:00:00,6.704,6.729,6.456,6.543,1140703.8
1736323200000,2025-01-08 10:00:00,6.543,6.675,6.492,6.549,736885.8
1736337600000,2025-01-08 14:00:00,6.549,6.648,6.524,6.562,747526.3
1736352000000,2025-01-08 18:00:00,6.562,6.574,6.166,6.374,2354486.8
1736366400000,2025-01-08 22:00:00,6.374,6.506,6.32,6.456,585690.7
1736380800000,2025-01-09 02:00:00,6.456,6.597,6.436,6.496,376401.3
1736395200000,2025-01-09 06:00:00,6.496,6.527,6.296,6.315,466725.5
1736409600000,2025-01-09 10:00:00,6.315,6.529,6.309,6.499,522453.5
1736424000000,2025-01-09 14:00:00,6.499,6.565,6.253,6.528,964843.4
1736438400000,2025-01-09 18:00:00,6.528,6.561,6.312,6.33,833541.7
1736452800000,2025-01-09 22:00:00,6.33,6.443,6.236,6.394,596580.9
1736467200000,2025-01-10 02:00:00,6.394,6.491,6.362,6.451,488721.2
1736481600000,2025-01-10 06:00:00,6.451,6.635,6.392,6.592,530088.9
1736496000000,2025-01-10 10:00:00,6.592,6.611,6.501,6.556,606540.7
1736510400000,2025-01-10 14:00:00,6.556,6.652,6.37,6.511,1467861.3
1736524800000,2025-01-10 18:00:00,6.511,6.671,6.409,6.66,834199.6
1736539200000,2025-01-10 22:00:00,6.66,6.668,6.58,6.647,385244.9
1736553600000,2025-01-11 02:00:00,6.647,6.67,6.528,6.547,422445.0
1736568000000,2025-01-11 06:00:00,6.547,6.631,6.531,6.579,169836.2
1736582400000,2025-01-11 10:00:00,6.579,6.644,6.516,6.615,424082.0
1736596800000,2025-01-11 14:00:00,6.615,6.631,6.527,6.555,287154.3
1736611200000,2025-01-11 18:00:00,6.555,6.604,6.509,6.553,420706.4
1736625600000,2025-01-11 22:00:00,6.553,6.735,6.54,6.613,834289.8
1736640000000,2025-01-12 02:00:00,6.613,6.683,6.585,6.656,260432.6
1736654400000,2025-01-12 06:00:00,6.656,6.693,6.561,6.629,175305.7
1736668800000,2025-01-12 10:00:00,6.629,6.632,6.461,6.517,353085.1
1736683200000,2025-01-12 14:00:00,6.517,6.589,6.466,6.548,483451.2
1736697600000,2025-01-12 18:00:00,6.548,6.56,6.482,6.503,292769.9
1736712000000,2025-01-12 22:00:00,6.503,6.526,6.356,6.458,410050.7
1736726400000,2025-01-13 02:00:00,6.458,6.699,6.334,6.358,919117.6
1736740800000,2025-01-13 06:00:00,6.358,6.457,6.242,6.299,622337.6
1736755200000,2025-01-13 10:00:00,6.299,6.309,5.991,5.994,1038520.9
1736769600000,2025-01-13 14:00:00,5.994,6.241,5.879,6.182,1727580.0
1736784000000,2025-01-13 18:00:00,6.182,6.214,5.971,6.083,747165.3
1736798400000,2025-01-13 22:00:00,6.083,6.343,6.046,6.279,808951.5
1736812800000,2025-01-14 02:00:00,6.279,6.313,6.22,6.238,366830.3
1736827200000,2025-01-14 06:00:00,6.238,6.304,6.049,6.065,663266.0
1736841600000,2025-01-14 10:00:00,6.065,6.267,6.058,6.192,986928.2
1736856000000,2025-01-14 14:00:00,6.192,6.279,6.106,6.207,871936.4
1736870400000,2025-01-14 18:00:00,6.207,6.283,6.135,6.224,516130.2
1736884800000,2025-01-14 22:00:00,6.224,6.312,6.178,6.266,355872.8
1736899200000,2025-01-15 02:00:00,6.266,6.325,6.205,6.296,524020.1
1736913600000,2025-01-15 06:00:00,6.296,6.431,6.25,6.381,467720.3
1736928000000,2025-01-15 10:00:00,6.381,6.462,6.167,6.221,769341.1
1736942400000,2025-01-15 14:00:00,6.221,6.642,6.145,6.576,1269620.3
1736956800000,2025-01-15 18:00:00,6.576,6.654,6.421,6.527,1680327.9
1736971200000,2025-01-15 22:00:00,6.527,6.688,6.474,6.663,1081530.8
1736985600000,2025-01-16 02:00:00,6.663,6.692,6.512,6.636,775372.9
1737000000000,2025-01-16 06:00:00,6.636,6.657,6.578,6.586,282645.9
1737014400000,2025-01-16 10:00:00,6.586,6.611,6.446,6.607,1041555.2
1737028800000,2025-01-16 14:00:00,6.607,6.794,6.434,6.648,2163318.1
1737043200000,2025-01-16 18:00:00,6.648,6.754,6.64,6.746,700441.8
1737057600000,2025-01-16 22:00:00,6.746,6.758,6.546,6.591,515150.3
1737072000000,2025-01-17 02:00:00,6.591,6.827,6.591,6.762,573615.7
1737086400000,2025-01-17 06:00:00,6.762,6.93,6.732,6.85,529109.9
1737100800000,2025-01-17 10:00:00,6.85,6.969,6.801,6.893,665499.7
1737115200000,2025-01-17 14:00:00,6.893,6.941,6.791,6.873,880611.0
1737129600000,2025-01-17 18:00:00,6.873,6.947,6.832,6.924,672994.1
1737144000000,2025-01-17 22:00:00,6.924,7.177,6.911,7.052,782291.2
1737158400000,2025-01-18 02:00:00,7.052,7.168,6.851,6.894,735833.3
1737172800000,2025-01-18 06:00:00,6.894,6.929,6.585,6.609,1153922.4
1737187200000,2025-01-18 10:00:00,6.609,6.697,6.511,6.684,871524.9
1737201600000,2025-01-18 14:00:00,6.684,6.742,6.575,6.578,851284.5
1737216000000,2025-01-18 18:00:00,6.578,6.599,6.446,6.546,1408745.7
1737230400000,2025-01-18 22:00:00,6.546,6.628,6.45,6.593,498949.1
1737244800000,2025-01-19 02:00:00,6.593,6.769,6.568,6.605,598555.2
1737259200000,2025-01-19 06:00:00,6.605,6.61,6.404,6.432,884102.9
1737273600000,2025-01-19 10:00:00,6.432,6.432,6.02,6.073,2249737.8
1737288000000,2025-01-19 14:00:00,6.073,6.551,6.064,6.457,1651207.9
1737302400000,2025-01-19 18:00:00,6.457,6.519,6.385,6.468,720575.1
1737316800000,2025-01-19 22:00:00,6.468,6.494,5.774,5.893,3530327.2
1737331200000,2025-01-20 02:00:00,5.893,6.006,5.687,5.991,2216501.1
1737345600000,2025-01-20 06:00:00,5.991,6.537,5.925,6.367,2463033.2
1737360000000,2025-01-20 10:00:00,6.367,6.468,6.245,6.344,935266.8
1737374400000,2025-01-20 14:00:00,6.344,6.347,6.092,6.147,1714672.2
1737388800000,2025-01-20 18:00:00,6.147,6.256,5.863,6.127,3894608.4
1737403200000,2025-01-20 22:00:00,6.127,6.151,5.953,6.071,756276.6
1737417600000,2025-01-21 02:00:00,6.071,6.093,5.907,5.957,805275.9
1737432000000,2025-01-21 06:00:00,5.957,6.01,5.835,5.958,624525.5
1737446400000,2025-01-21 10:00:00,5.958,6.11,5.878,6.097,968627.2
1737460800000,2025-01-21 14:00:00,6.097,6.194,6.042,6.129,757342.5
1737475200000,2025-01-21 18:00:00,6.129,6.355,6.104,6.286,792889.1
1737489600000,2025-01-21 22:00:00,6.286,6.304,6.195,6.24,342232.2
1737504000000,2025-01-22 02:00:00,6.24,6.27,6.171,6.23,254412.8
1737518400000,2025-01-22 06:00:00,6.23,6.264,6.154,6.163,397251.4
1737532800000,2025-01-22 10:00:00,6.163,6.327,6.102,6.299,772519.7
1737547200000,2025-01-22 14:00:00,6.299,6.33,6.161,6.21,803148.7
1737561600000,2025-01-22 18:00:00,6.21,6.3,6.135,6.228,1004291.2
1737576000000,2025-01-22 22:00:00,6.228,6.291,6.159,6.203,502751.0
1737590400000,2025-01-23 02:00:00,6.203,6.223,6.051,6.066,679420.2
1737604800000,2025-01-23 06:00:00,6.066,6.073,5.937,5.984,725268.0
1737619200000,2025-01-23 10:00:00,5.984,6.003,5.881,5.926,834355.3
1737633600000,2025-01-23 14:00:00,5.926,6.094,5.856,6.064,1208641.1
1737648000000,2025-01-23 18:00:00,6.064,6.177,5.926,5.951,882848.9
1737662400000,2025-01-23 22:00:00,5.951,6.164,5.905,6.122,1501284.6
1737676800000,2025-01-24 02:00:00,6.122,6.149,5.952,6.044,532838.5
1737691200000,2025-01-24 06:00:00,6.044,6.256,6.008,6.145,519250.4
1737705600000,2025-01-24 10:00:00,6.145,6.281,6.123,6.25,738124.3
1737720000000,2025-01-24 14:00:00,6.25,6.414,6.222,6.391,1370740.7
1737734400000,2025-01-24 18:00:00,6.391,6.419,6.26,6.296,606215.8
1737748800000,2025-01-24 22:00:00,6.296,6.316,6.186,6.215,743032.7
1737763200000,2025-01-25 02:00:00,6.215,6.289,6.129,6.288,697607.4
1737777600000,2025-01-25 06:00:00,6.288,6.294,6.166,6.207,392063.3
1737792000000,2025-01-25 10:00:00,6.207,6.271,6.169,6.203,719934.2
1737806400000,2025-01-25 14:00:00,6.203,6.244,6.138,6.233,419089.2
1737820800000,2025-01-25 18:00:00,6.233,6.267,6.176,6.229,371286.6
1737835200000,2025-01-25 22:00:00,6.229,6.26,6.184,6.192,199270.8
1737849600000,2025-01-26 02:00:00,6.192,6.222,6.088,6.135,408822.3
1737864000000,2025-01-26 06:00:00,6.135,6.205,6.133,6.175,304807.2
1737878400000,2025-01-26 10:00:00,6.175,6.21,6.091,6.172,506360.7
1737892800000,2025-01-26 14:00:00,6.172,6.23,6.148,6.22,398985.9
1737907200000,2025-01-26 18:00:00,6.22,6.415,6.182,6.37,910136.4
1737921600000,2025-01-26 22:00:00,6.37,6.383,6.08,6.095,1292790.5
1737936000000,2025-01-27 02:00:00,6.095,6.127,5.845,5.969,1594416.5
1737950400000,2025-01-27 06:00:00,5.969,5.969,5.526,5.672,1795224.3
1737964800000,2025-01-27 10:00:00,5.672,5.687,5.542,5.601,1200402.9
1737979200000,2025-01-27 14:00:00,5.601,5.881,5.581,5.835,1300296.6
1737993600000,2025-01-27 18:00:00,5.835,5.876,5.672,5.751,781949.3
1738008000000,2025-01-27 22:00:00,5.751,6.017,5.751,5.992,760283.0
1738022400000,2025-01-28 02:00:00,5.992,6.036,5.878,6.008,458493.7
1738036800000,2025-01-28 06:00:00,6.008,6.066,5.98,5.991,394514.5
1738051200000,2025-01-28 10:00:00,5.991,5.999,5.854,5.89,660715.9
1738065600000,2025-01-28 14:00:00,5.89,5.94,5.789,5.898,865676.6
1738080000000,2025-01-28 18:00:00,5.898,5.902,5.804,5.857,507256.2
1738094400000,2025-01-28 22:00:00,5.857,5.873,5.605,5.663,846163.9
1738108800000,2025-01-29 02:00:00,5.663,5.818,5.65,5.789,298210.5
1738123200000,2025-01-29 06:00:00,5.789,5.938,5.779,5.918,363762.4
1738137600000,2025-01-29 10:00:00,5.918,5.926,5.798,5.866,508145.2
1738152000000,2025-01-29 14:00:00,5.866,5.886,5.728,5.774,750474.5
1738166400000,2025-01-29 18:00:00,5.774,5.924,5.663,5.847,1074810.5
1738180800000,2025-01-29 22:00:00,5.847,5.98,5.787,5.818,657520.6
1738195200000,2025-01-30 02:00:00,5.818,6.007,5.763,6.006,486464.6
1738209600000,2025-01-30 06:00:00,6.006,6.076,5.98,6.02,554322.5
1738224000000,2025-01-30 10:00:00,6.02,6.114,5.985,6.08,545809.9
1738238400000,2025-01-30 14:00:00,6.08,6.223,6.024,6.185,812816.1
1738252800000,2025-01-30 18:00:00,6.185,6.22,6.116,6.181,486877.4
1738267200000,2025-01-30 22:00:00,6.181,6.27,6.159,6.21,403585.4
1738281600000,2025-01-31 02:00:00,6.21,6.242,6.119,6.161,434293.8
1738296000000,2025-01-31 06:00:00,6.161,6.324,6.114,6.236,602415.2
1738310400000,2025-01-31 10:00:00,6.236,6.307,6.135,6.282,783073.6
1738324800000,2025-01-31 14:00:00,6.282,6.412,6.263,6.4,756403.1
1738339200000,2025-01-31 18:00:00,6.4,6.413,6.194,6.226,978533.3
1738353600000,2025-01-31 22:00:00,6.226,6.293,6.144,6.239,820898.4
1738368000000,2025-02-01 02:00:00,6.239,6.313,6.192,6.261,295474.0
1738382400000,2025-02-01 06:00:00,6.261,6.413,6.25,6.313,481281.9
1738396800000,2025-02-01 10:00:00,6.313,6.336,6.162,6.243,529158.6
1738411200000,2025-02-01 14:00:00,6.243,6.286,6.076,6.139,608987.6
1738425600000,2025-02-01 18:00:00,6.139,6.174,5.966,5.983,586387.0
1738440000000,2025-02-01 22:00:00,5.983,5.987,5.789,5.812,815291.5
1738454400000,2025-02-02 02:00:00,5.812,5.936,5.619,5.622,789423.6
1738468800000,2025-02-02 06:00:00,5.622,5.775,5.608,5.666,747365.4
1738483200000,2025-02-02 10:00:00,5.666,5.754,5.531,5.554,737509.9
1738497600000,2025-02-02 14:00:00,5.554,5.637,5.489,5.573,935670.5
1738512000000,2025-02-02 18:00:00,5.573,5.575,4.993,5.148,4357122.1
1738526400000,2025-02-02 22:00:00,5.148,5.202,4.635,4.874,3961104.8
1738540800000,2025-02-03 02:00:00,4.874,4.879,3.61,4.092,15518154.2
1738555200000,2025-02-03 06:00:00,4.092,4.385,3.925,4.378,3721973.7
1738569600000,2025-02-03 10:00:00,4.378,4.408,4.189,4.331,2004675.8
1738584000000,2025-02-03 14:00:00,4.331,4.6,4.161,4.576,6055265.9
1738598400000,2025-02-03 18:00:00,4.576,4.876,4.551,4.867,2322860.1
1738612800000,2025-02-03 22:00:00,4.867,4.963,4.718,4.921,1558397.3
1738627200000,2025-02-04 02:00:00,4.921,4.971,4.717,4.739,839926.4
1738641600000,2025-02-04 06:00:00,4.739,4.779,4.397,4.418,1661226.9
1738656000000,2025-02-04 10:00:00,4.418,4.633,4.4,4.587,925576.8
1738670400000,2025-02-04 14:00:00,4.587,4.759,4.587,4.655,1421388.8
1738684800000,2025-02-04 18:00:00,4.655,4.858,4.628,4.688,1370829.5
1738699200000,2025-02-04 22:00:00,4.688,4.747,4.518,4.685,1659026.0
1738713600000,2025-02-05 02:00:00,4.685,4.76,4.63,4.722,532802.1
1738728000000,2025-02-05 06:00:00,4.722,4.75,4.639,4.701,795889.9
1738742400000,2025-02-05 10:00:00,4.701,4.797,4.658,4.775,736113.5
1738756800000,2025-02-05 14:00:00,4.775,4.84,4.716,4.811,938194.4
1738771200000,2025-02-05 18:00:00,4.811,4.824,4.639,4.799,1080020.0
1738785600000,2025-02-05 22:00:00,4.799,4.833,4.619,4.672,659236.8
1738800000000,2025-02-06 02:00:00,4.672,4.723,4.634,4.671,479365.7
1738814400000,2025-02-06 06:00:00,4.671,4.716,4.629,4.67,548683.8
1738828800000,2025-02-06 10:00:00,4.67,4.729,4.597,4.663,1096158.9
1738843200000,2025-02-06 14:00:00,4.663,4.668,4.391,4.435,1512562.6
1738857600000,2025-02-06 18:00:00,4.435,4.492,4.373,4.394,872975.2
1738872000000,2025-02-06 22:00:00,4.394,4.477,4.353,4.403,638012.1
1738886400000,2025-02-07 02:00:00,4.403,4.53,4.399,4.482,590537.6
1738900800000,2025-02-07 06:00:00,4.482,4.54,4.366,4.43,804788.9
1738915200000,2025-02-07 10:00:00,4.43,4.549,4.41,4.544,737634.5
1738929600000,2025-02-07 14:00:00,4.544,4.672,4.493,4.581,1544137.4
1738944000000,2025-02-07 18:00:00,4.581,4.587,4.404,4.446,1336955.9
1738958400000,2025-02-07 22:00:00,4.446,4.448,4.25,4.369,1113771.8
1738972800000,2025-02-08 02:00:00,4.369,4.422,4.346,4.376,424332.4
1738987200000,2025-02-08 06:00:00,4.376,4.404,4.32,4.375,892125.7
1739001600000,2025-02-08 10:00:00,4.375,4.387,4.343,4.374,262737.5
1739016000000,2025-02-08 14:00:00,4.374,4.473,4.341,4.439,590166.5
1739030400000,2025-02-08 18:00:00,4.439,4.549,4.408,4.531,657204.3
1739044800000,2025-02-08 22:00:00,4.531,4.588,4.516,4.565,366361.4
1739059200000,2025-02-09 02:00:00,4.565,4.706,4.536,4.706,466133.2
1739073600000,2025-02-09 06:00:00,4.706,4.757,4.64,4.738,762031.6
1739088000000,2025-02-09 10:00:00,4.738,4.782,4.626,4.634,860155.4
1739102400000,2025-02-09 14:00:00,4.634,4.648,4.544,4.606,631667.5
1739116800000,2025-02-09 18:00:00,4.606,4.653,4.53,4.545,388437.7
1739131200000,2025-02-09 22:00:00,4.545,4.606,4.386,4.567,893569.8
1739145600000,2025-02-10 02:00:00,4.567,4.656,4.434,4.565,793055.1
1739160000000,2025-02-10 06:00:00,4.565,4.685,4.541,4.673,698508.3
1739174400000,2025-02-10 10:00:00,4.673,4.75,4.661,4.732,499423.1
1739188800000,2025-02-10 14:00:00,4.732,4.831,4.662,4.728,974413.0
1739203200000,2025-02-10 18:00:00,4.728,4.826,4.717,4.788,509882.2
1739217600000,2025-02-10 22:00:00,4.788,4.839,4.781,4.815,640571.2
1739232000000,2025-02-11 02:00:00,4.815,4.85,4.758,4.805,1286855.2
1739246400000,2025-02-11 06:00:00,4.805,4.976,4.793,4.938,511217.4
1739260800000,2025-02-11 10:00:00,4.938,4.974,4.866,4.923,591444.3
1739275200000,2025-02-11 14:00:00,4.923,4.93,4.749,4.789,916675.9
1739289600000,2025-02-11 18:00:00,4.789,4.815,4.627,4.652,671407.1
1739304000000,2025-02-11 22:00:00,4.652,4.757,4.644,4.7,416059.8
1739318400000,2025-02-12 02:00:00,4.7,4.73,4.625,4.656,364533.6
1739332800000,2025-02-12 06:00:00,4.656,4.69,4.589,4.617,523678.6
1739347200000,2025-02-12 10:00:00,4.617,4.692,4.591,4.665,1357242.2
1739361600000,2025-02-12 14:00:00,4.665,4.787,4.529,4.737,1977575.8
1739376000000,2025-02-12 18:00:00,4.737,4.995,4.698,4.965,1473397.3
1739390400000,2025-02-12 22:00:00,4.965,5.098,4.953,5.064,766507.5
1739404800000,2025-02-13 02:00:00,5.064,5.147,5.014,5.032,736575.5
1739419200000,2025-02-13 06:00:00,5.032,5.055,4.942,4.984,587429.6
1739433600000,2025-02-13 10:00:00,4.984,5.029,4.921,4.998,1058161.8
1739448000000,2025-02-13 14:00:00,4.998,5.018,4.921,4.985,758744.1
1739462400000,2025-02-13 18:00:00,4.985,5.076,4.953,4.987,730505.5
1739476800000,2025-02-13 22:00:00,4.987,5.043,4.963,4.983,411905.5
1739491200000,2025-02-14 02:00:00,4.983,5.05,4.949,5.042,252605.6
1739505600000,2025-02-14 06:00:00,5.042,5.045,4.94,4.947,390102.0
1739520000000,2025-02-14 10:00:00,4.947,5.041,4.917,4.93,2295858.8
1739534400000,2025-02-14 14:00:00,4.93,5.005,4.865,4.954,3046764.2
1739548800000,2025-02-14 18:00:00,4.954,5.086,4.904,5.013,822803.1
1739563200000,2025-02-14 22:00:00,5.013,5.02,4.887,4.905,569616.6
1739577600000,2025-02-15 02:00:00,4.905,5.039,4.897,5.013,566432.9
1739592000000,2025-02-15 06:00:00,5.013,5.026,4.928,4.949,408143.7
1739606400000,2025-02-15 10:00:00,4.949,4.978,4.899,4.938,548763.6
1739620800000,2025-02-15 14:00:00,4.938,4.967,4.852,4.864,759010.4
1739635200000,2025-02-15 18:00:00,4.864,4.904,4.825,4.865,651058.3
1739649600000,2025-02-15 22:00:00,4.865,4.875,4.788,4.825,441485.1
1739664000000,2025-02-16 02:00:00,4.825,4.854,4.723,4.748,441519.1
1739678400000,2025-02-16 06:00:00,4.748,4.818,4.729,4.744,600948.9
1739692800000,2025-02-16 10:00:00,4.744,4.872,4.731,4.861,625521.2
1739707200000,2025-02-16 14:00:00,4.861,4.873,4.774,4.824,583576.7
1739721600000,2025-02-16 18:00:00,4.824,4.86,4.727,4.789,851259.6
1739736000000,2025-02-16 22:00:00,4.789,4.805,4.725,4.761,445870.4
1739750400000,2025-02-17 02:00:00,4.761,4.835,4.755,4.799,354771.3
1739764800000,2025-02-17 06:00:00,4.799,4.806,4.702,4.735,655227.1
1739779200000,2025-02-17 10:00:00,4.735,4.9,4.713,4.818,779586.1
1739793600000,2025-02-17 14:00:00,4.818,4.944,4.811,4.822,803958.6
1739808000000,2025-02-17 18:00:00,4.822,4.854,4.723,4.841,805720.9
1739822400000,2025-02-17 22:00:00,4.841,4.901,4.803,4.811,601033.4
1739836800000,2025-02-18 02:00:00,4.811,4.889,4.743,4.84,591613.7
1739851200000,2025-02-18 06:00:00,4.84,4.847,4.584,4.604,1506526.7
1739865600000,2025-02-18 10:00:00,4.604,4.67,4.545,4.614,732824.8
1739880000000,2025-02-18 14:00:00,4.614,4.68,4.492,4.525,1023193.3
1739894400000,2025-02-18 18:00:00,4.525,4.553,4.439,4.496,920433.2
1739908800000,2025-02-18 22:00:00,4.496,4.572,4.457,4.568,413000.7
1739923200000,2025-02-19 02:00:00,4.568,4.616,4.536,4.569,475007.8
1739937600000,2025-02-19 06:00:00,4.569,4.66,4.487,4.639,463927.9
1739952000000,2025-02-19 10:00:00,4.639,4.695,4.602,4.685,518654.0
1739966400000,2025-02-19 14:00:00,4.685,4.704,4.602,4.622,774592.1
1739980800000,2025-02-19 18:00:00,4.622,4.705,4.616,4.673,464722.7
1739995200000,2025-02-19 22:00:00,4.673,4.7,4.617,4.685,326938.3
1740009600000,2025-02-20 02:00:00,4.685,4.786,4.665,4.777,410539.7
1740024000000,2025-02-20 06:00:00,4.777,4.873,4.766,4.774,583823.1
1740038400000,2025-02-20 10:00:00,4.774,4.913,4.76,4.874,620903.3
1740052800000,2025-02-20 14:00:00,4.874,4.918,4.815,4.825,718240.6
1740067200000,2025-02-20 18:00:00,4.825,4.971,4.819,4.949,517481.9
1740081600000,2025-02-20 22:00:00,4.949,4.961,4.907,4.919,333229.1
1740096000000,2025-02-21 02:00:00,4.919,4.95,4.889,4.902,345334.6
1740110400000,2025-02-21 06:00:00,4.902,4.939,4.883,4.908,486409.8
1740124800000,2025-02-21 10:00:00,4.908,5.002,4.907,4.967,674894.8
1740139200000,2025-02-21 14:00:00,4.967,5.08,4.847,4.933,1743258.4
1740153600000,2025-02-21 18:00:00,4.933,5.005,4.684,4.709,2430142.2
1740168000000,2025-02-21 22:00:00,4.709,4.807,4.695,4.782,912653.4
1740182400000,2025-02-22 02:00:00,4.782,4.905,4.754,4.82,1246399.3
1740196800000,2025-02-22 06:00:00,4.82,4.871,4.8,4.801,275809.5
1740211200000,2025-02-22 10:00:00,4.801,4.865,4.785,4.851,317979.8
1740225600000,2025-02-22 14:00:00,4.851,4.887,4.828,4.861,348331.6
1740240000000,2025-02-22 18:00:00,4.861,5.033,4.861,4.99,435576.4
1740254400000,2025-02-22 22:00:00,4.99,4.994,4.93,4.971,282375.5
1740268800000,2025-02-23 02:00:00,4.971,5.008,4.911,4.957,304525.4
1740283200000,2025-02-23 06:00:00,4.957,5.022,4.931,5.009,203007.9
1740297600000,2025-02-23 10:00:00,5.009,5.019,4.912,4.929,341689.7
1740312000000,2025-02-23 14:00:00,4.929,4.953,4.864,4.867,487663.5
1740326400000,2025-02-23 18:00:00,4.867,4.934,4.865,4.87,222157.4
1740340800000,2025-02-23 22:00:00,4.87,4.89,4.827,4.882,329778.8
1740355200000,2025-02-24 02:00:00,4.882,4.903,4.688,4.69,617171.3
1740369600000,2025-02-24 06:00:00,4.69,4.743,4.638,4.707,719783.2
1740384000000,2025-02-24 10:00:00,4.707,4.717,4.631,4.684,477890.3
1740398400000,2025-02-24 14:00:00,4.684,4.725,4.594,4.66,754591.0
1740412800000,2025-02-24 18:00:00,4.66,4.69,4.51,4.559,592710.0
1740427200000,2025-02-24 22:00:00,4.559,4.619,4.26,4.357,2417428.8
1740441600000,2025-02-25 02:00:00,4.357,4.411,4.244,4.314,1023141.2
1740456000000,2025-02-25 06:00:00,4.314,4.366,4.105,4.228,1992297.0
1740470400000,2025-02-25 10:00:00,4.228,4.311,4.12,4.299,1085607.8
1740484800000,2025-02-25 14:00:00,4.299,4.334,4.156,4.251,1169246.2
1740499200000,2025-02-25 18:00:00,4.251,4.407,4.225,4.405,878823.9
1740513600000,2025-02-25 22:00:00,4.405,4.545,4.381,4.452,779078.2
1740528000000,2025-02-26 02:00:00,4.452,4.535,4.411,4.51,293557.3
1740542400000,2025-02-26 06:00:00,4.51,4.568,4.477,4.536,448621.7
1740556800000,2025-02-26 10:00:00,4.536,4.654,4.498,4.586,718206.3
1740571200000,2025-02-26 14:00:00,4.586,4.619,4.419,4.585,1001540.8
1740585600000,2025-02-26 18:00:00,4.585,4.628,4.428,4.497,1071869.4
1740600000000,2025-02-26 22:00:00,4.497,4.693,4.446,4.607,773419.4
1740614400000,2025-02-27 02:00:00,4.607,4.648,4.55,4.621,1334921.5
1740628800000,2025-02-27 06:00:00,4.621,4.708,4.573,4.68,292663.1
1740643200000,2025-02-27 10:00:00,4.68,4.782,4.673,4.706,489110.9
1740657600000,2025-02-27 14:00:00,4.706,4.724,4.608,4.667,624286.5
1740672000000,2025-02-27 18:00:00,4.667,4.685,4.55,4.563,494341.8
1740686400000,2025-02-27 22:00:00,4.563,4.579,4.472,4.567,801130.2
1740700800000,2025-02-28 02:00:00,4.567,4.579,4.285,4.292,2498328.0
1740715200000,2025-02-28 06:00:00,4.292,4.32,4.205,4.274,1039973.0
1740729600000,2025-02-28 10:00:00,4.274,4.364,4.202,4.298,832664.6
1740744000000,2025-02-28 14:00:00,4.298,4.549,4.27,4.53,1141976.8
1740758400000,2025-02-28 18:00:00,4.53,4.664,4.496,4.623,638778.0
1740772800000,2025-02-28 22:00:00,4.623,4.665,4.595,4.635,380327.1
1740787200000,2025-03-01 02:00:00,4.635,4.659,4.575,4.613,336705.8
1740801600000,2025-03-01 06:00:00,4.613,4.648,4.547,4.552,292860.1
1740816000000,2025-03-01 10:00:00,4.552,4.605,4.47,4.479,522082.8
1740830400000,2025-03-01 14:00:00,4.479,4.5,4.417,4.475,476381.9
1740844800000,2025-03-01 18:00:00,4.475,4.531,4.473,4.499,341396.2
1740859200000,2025-03-01 22:00:00,4.499,4.553,4.452,4.49,462682.8
1740873600000,2025-03-02 02:00:00,4.49,4.531,4.457,4.51,290988.1
1740888000000,2025-03-02 06:00:00,4.51,4.55,4.481,4.483,274542.5
1740902400000,2025-03-02 10:00:00,4.483,4.54,4.461,4.492,308824.1
1740916800000,2025-03-02 14:00:00,4.492,4.641,4.405,4.542,1634398.0
1740931200000,2025-03-02 18:00:00,4.542,4.927,4.533,4.857,2473359.6
1740945600000,2025-03-02 22:00:00,4.857,4.918,4.833,4.908,484025.0
1740960000000,2025-03-03 02:00:00,4.908,4.953,4.736,4.76,800536.2
1740974400000,2025-03-03 06:00:00,4.76,4.795,4.551,4.642,785118.7
1740988800000,2025-03-03 10:00:00,4.642,4.643,4.499,4.571,1003922.9
1741003200000,2025-03-03 14:00:00,4.571,4.655,4.47,4.527,1851724.0
1741017600000,2025-03-03 18:00:00,4.527,4.569,4.187,4.21,2781165.8
1741032000000,2025-03-03 22:00:00,4.21,4.293,4.14,4.223,1283514.6
1741046400000,2025-03-04 02:00:00,4.223,4.25,3.977,4.08,1848614.4
1741060800000,2025-03-04 06:00:00,4.08,4.163,4.073,4.1,536447.3
1741075200000,2025-03-04 10:00:00,4.1,4.159,4.079,4.094,625704.4
1741089600000,2025-03-04 14:00:00,4.094,4.224,3.987,4.104,1775701.9
1741104000000,2025-03-04 18:00:00,4.104,4.209,3.883,4.199,1384041.2
1741118400000,2025-03-04 22:00:00,4.199,4.236,4.109,4.158,620204.5
1741132800000,2025-03-05 02:00:00,4.158,4.205,4.11,4.111,352463.2
1741147200000,2025-03-05 06:00:00,4.111,4.17,4.094,4.161,475133.5
1741161600000,2025-03-05 10:00:00,4.161,4.281,4.159,4.213,752858.9
1741176000000,2025-03-05 14:00:00,4.213,4.256,4.146,4.186,901031.7
1741190400000,2025-03-05 18:00:00,4.186,4.311,4.143,4.3,611899.6
1741204800000,2025-03-05 22:00:00,4.3,4.351,4.3,4.325,352949.8
1741219200000,2025-03-06 02:00:00,4.325,4.37,4.268,4.368,377354.8
1741233600000,2025-03-06 06:00:00,4.368,4.436,4.343,4.36,463492.3
1741248000000,2025-03-06 10:00:00,4.36,4.428,4.356,4.422,477997.8
1741262400000,2025-03-06 14:00:00,4.422,4.427,4.315,4.395,770315.0
1741276800000,2025-03-06 18:00:00,4.395,4.419,4.229,4.249,567566.5
1741291200000,2025-03-06 22:00:00,4.249,4.331,4.244,4.252,353189.5
1741305600000,2025-03-07 02:00:00,4.252,4.293,4.065,4.223,1453133.3
1741320000000,2025-03-07 06:00:00,4.223,4.322,4.209,4.321,524276.5
1741334400000,2025-03-07 10:00:00,4.321,4.402,4.299,4.352,982742.9
1741348800000,2025-03-07 14:00:00,4.352,4.439,4.323,4.359,1326330.6
1741363200000,2025-03-07 18:00:00,4.359,4.442,4.257,4.395,942828.1
1741377600000,2025-03-07 22:00:00,4.395,4.413,4.233,4.261,843860.0
1741392000000,2025-03-08 02:00:00,4.261,4.261,4.134,4.22,605796.3
1741406400000,2025-03-08 06:00:00,4.22,4.272,4.129,4.142,594116.0
1741420800000,2025-03-08 10:00:00,4.142,4.173,4.091,4.112,589950.5
1741435200000,2025-03-08 14:00:00,4.112,4.164,4.098,4.12,595906.5
1741449600000,2025-03-08 18:00:00,4.12,4.154,4.069,4.142,563422.7
1741464000000,2025-03-08 22:00:00,4.142,4.144,4.073,4.104,418767.5
1741478400000,2025-03-09 02:00:00,4.104,4.127,4.071,4.082,240674.7
1741492800000,2025-03-09 06:00:00,4.082,4.098,4.049,4.081,327851.1
1741507200000,2025-03-09 10:00:00,4.081,4.081,3.996,4.015,719004.2
1741521600000,2025-03-09 14:00:00,4.015,4.027,3.905,3.925,998147.8
1741536000000,2025-03-09 18:00:00,3.925,3.95,3.739,3.826,1834358.2
1741550400000,2025-03-09 22:00:00,3.826,3.863,3.751,3.803,660223.0
1741564800000,2025-03-10 02:00:00,3.803,3.945,3.756,3.916,752908.5
1741579200000,2025-03-10 06:00:00,3.916,3.955,3.895,3.919,500271.5
1741593600000,2025-03-10 10:00:00,3.919,4.038,3.871,4.012,988321.5
1741608000000,2025-03-10 14:00:00,4.012,4.035,3.818,3.885,1977692.6
1741622400000,2025-03-10 18:00:00,3.885,3.897,3.577,3.708,2346238.0
1741636800000,2025-03-10 22:00:00,3.708,3.709,3.567,3.577,1087784.0
1741651200000,2025-03-11 02:00:00,3.577,3.613,3.381,3.542,2383311.9
1741665600000,2025-03-11 06:00:00,3.542,3.634,3.531,3.589,821178.9
1741680000000,2025-03-11 10:00:00,3.589,3.721,3.582,3.701,683823.5
1741694400000,2025-03-11 14:00:00,3.701,3.765,3.575,3.737,2762930.7
1741708800000,2025-03-11 18:00:00,3.737,3.981,3.717,3.972,1893124.1
1741723200000,2025-03-11 22:00:00,3.972,3.989,3.87,3.881,895641.4
1741737600000,2025-03-12 02:00:00,3.881,3.943,3.784,3.788,741699.1
1741752000000,2025-03-12 06:00:00,3.788,3.861,3.751,3.851,857997.4
1741766400000,2025-03-12 10:00:00,3.851,3.944,3.832,3.887,1026148.2
1741780800000,2025-03-12 14:00:00,3.887,3.974,3.751,3.816,1825098.5
1741795200000,2025-03-12 18:00:00,3.816,3.952,3.809,3.903,879780.0
1741809600000,2025-03-12 22:00:00,3.903,3.935,3.88,3.885,471200.6
1741824000000,2025-03-13 02:00:00,3.885,3.906,3.848,3.861,503243.4
1741838400000,2025-03-13 06:00:00,3.861,3.874,3.78,3.82,750230.4
1741852800000,2025-03-13 10:00:00,3.82,3.932,3.805,3.909,688235.9
1741867200000,2025-03-13 14:00:00,3.909,3.962,3.881,3.903,1026764.1
1741881600000,2025-03-13 18:00:00,3.903,3.905,3.787,3.841,823668.3
1741896000000,2025-03-13 22:00:00,3.841,3.936,3.81,3.906,467888.9
1741910400000,2025-03-14 02:00:00,3.906,4.002,3.892,4.0,440205.1
1741924800000,2025-03-14 06:00:00,4.0,4.004,3.934,3.964,546502.4
1741939200000,2025-03-14 10:00:00,3.964,4.058,3.963,4.035,832575.0
1741953600000,2025-03-14 14:00:00,4.035,4.145,4.021,4.107,1043779.5
1741968000000,2025-03-14 18:00:00,4.107,4.217,4.107,4.188,1738270.0
1741982400000,2025-03-14 22:00:00,4.188,4.314,4.176,4.284,758655.1
1741996800000,2025-03-15 02:00:00,4.284,4.373,4.227,4.358,992560.4
1742011200000,2025-03-15 06:00:00,4.358,4.437,4.356,4.42,918696.8
1742025600000,2025-03-15 10:00:00,4.42,4.478,4.381,4.453,917631.2
1742040000000,2025-03-15 14:00:00,4.453,4.596,4.442,4.533,2392721.5
1742054400000,2025-03-15 18:00:00,4.533,4.719,4.524,4.69,1801743.7
1742068800000,2025-03-15 22:00:00,4.69,4.715,4.638,4.647,646915.1
1742083200000,2025-03-16 02:00:00,4.647,4.676,4.584,4.672,1004813.0
1742097600000,2025-03-16 06:00:00,4.672,4.709,4.632,4.651,700320.3
1742112000000,2025-03-16 10:00:00,4.651,4.662,4.529,4.543,2366684.8
1742126400000,2025-03-16 14:00:00,4.543,4.623,4.497,4.62,2071455.4
1742140800000,2025-03-16 18:00:00,4.62,4.756,4.586,4.604,1773688.8
1742155200000,2025-03-16 22:00:00,4.604,4.683,4.591,4.612,792287.1
1742169600000,2025-03-17 02:00:00,4.612,4.706,4.607,4.645,671654.8
1742184000000,2025-03-17 06:00:00,4.645,4.657,4.527,4.61,1332134.1
1742198400000,2025-03-17 10:00:00,4.61,4.681,4.545,4.594,1848698.5
1742212800000,2025-03-17 14:00:00,4.594,4.655,4.56,4.566,1048368.9
1742227200000,2025-03-17 18:00:00,4.566,4.64,4.536,4.617,832470.1
1742241600000,2025-03-17 22:00:00,4.617,4.73,4.615,4.63,898576.1
1742256000000,2025-03-18 02:00:00,4.63,4.673,4.598,4.65,776892.1
1742270400000,2025-03-18 06:00:00,4.65,4.81,4.64,4.772,1650664.7
1742284800000,2025-03-18 10:00:00,4.772,4.83,4.705,4.753,2641365.9
1742299200000,2025-03-18 14:00:00,4.753,4.82,4.561,4.581,2698905.3
1742313600000,2025-03-18 18:00:00,4.581,4.663,4.526,4.651,1877361.1
1742328000000,2025-03-18 22:00:00,4.651,4.747,4.581,4.721,965390.9
1742342400000,2025-03-19 02:00:00,4.721,4.746,4.639,4.687,743916.4
1742356800000,2025-03-19 06:00:00,4.687,4.691,4.622,4.625,647731.8
1742371200000,2025-03-19 10:00:00,4.625,4.684,4.57,4.657,1096706.4
1742385600000,2025-03-19 14:00:00,4.657,4.74,4.581,4.72,1523308.9
1742400000000,2025-03-19 18:00:00,4.72,4.762,4.643,4.712,1284287.1
1742414400000,2025-03-19 22:00:00,4.712,4.764,4.687,4.749,938010.9
1742428800000,2025-03-20 02:00:00,4.749,4.771,4.653,4.662,927327.3
1742443200000,2025-03-20 06:00:00,4.662,4.687,4.639,4.673,446578.3
1742457600000,2025-03-20 10:00:00,4.673,4.752,4.618,4.625,907555.8
1742472000000,2025-03-20 14:00:00,4.625,4.81,4.607,4.776,1326674.5
1742486400000,2025-03-20 18:00:00,4.776,4.804,4.704,4.728,1028585.7
1742500800000,2025-03-20 22:00:00,4.728,4.845,4.65,4.679,977237.7
1742515200000,2025-03-21 02:00:00,4.679,4.719,4.636,4.636,602833.1
1742529600000,2025-03-21 06:00:00,4.636,4.665,4.584,4.617,715342.0
1742544000000,2025-03-21 10:00:00,4.617,4.638,4.506,4.533,1086049.1
1742558400000,2025-03-21 14:00:00,4.533,4.615,4.466,4.564,1440142.0
1742572800000,2025-03-21 18:00:00,4.564,4.631,4.553,4.594,673028.8
1742587200000,2025-03-21 22:00:00,4.594,4.641,4.582,4.592,349835.6
1742601600000,2025-03-22 02:00:00,4.592,4.679,4.579,4.649,541976.2
1742616000000,2025-03-22 06:00:00,4.649,4.78,4.649,4.769,561150.2
1742630400000,2025-03-22 10:00:00,4.769,4.818,4.724,4.76,1044257.2
1742644800000,2025-03-22 14:00:00,4.76,4.803,4.746,4.797,781158.2
1742659200000,2025-03-22 18:00:00,4.797,5.042,4.788,5.006,2503989.2
1742673600000,2025-03-22 22:00:00,5.006,5.019,4.848,4.88,1262408.6
1742688000000,2025-03-23 02:00:00,4.88,4.894,4.81,4.853,474723.2
1742702400000,2025-03-23 06:00:00,4.853,4.868,4.768,4.843,751648.2
1742716800000,2025-03-23 10:00:00,4.843,4.855,4.781,4.789,637728.0
1742731200000,2025-03-23 14:00:00,4.789,4.8,4.713,4.731,806551.0
1742745600000,2025-03-23 18:00:00,4.731,4.753,4.679,4.73,722048.2
1742760000000,2025-03-23 22:00:00,4.73,4.824,4.729,4.798,541596.2
1742774400000,2025-03-24 02:00:00,4.798,4.839,4.753,4.804,553702.2
1742788800000,2025-03-24 06:00:00,4.804,4.949,4.797,4.841,1211669.8
1742803200000,2025-03-24 10:00:00,4.841,4.891,4.809,4.826,1153084.0
1742817600000,2025-03-24 14:00:00,4.826,4.946,4.804,4.914,1451809.0
1742832000000,2025-03-24 18:00:00,4.914,4.946,4.863,4.942,823270.7
1742846400000,2025-03-24 22:00:00,4.942,4.995,4.894,4.952,1103237.3
1742860800000,2025-03-25 02:00:00,4.952,5.014,4.913,4.931,944680.3
1742875200000,2025-03-25 06:00:00,4.931,4.955,4.871,4.886,642645.6
1742889600000,2025-03-25 10:00:00,4.886,4.905,4.837,4.897,1041896.2
1742904000000,2025-03-25 14:00:00,4.897,4.92,4.814,4.826,1544439.5
1742918400000,2025-03-25 18:00:00,4.826,4.868,4.803,4.837,761106.8
1742932800000,2025-03-25 22:00:00,4.837,4.862,4.784,4.833,1154009.4
1742947200000,2025-03-26 02:00:00,4.833,4.89,4.77,4.785,568667.0
1742961600000,2025-03-26 06:00:00,4.785,4.909,4.77,4.898,922491.4
1742976000000,2025-03-26 10:00:00,4.898,4.947,4.856,4.925,896214.2
1742990400000,2025-03-26 14:00:00,4.925,4.978,4.864,4.917,2055766.3
1743004800000,2025-03-26 18:00:00,4.917,4.945,4.82,4.876,1320052.2
1743019200000,2025-03-26 22:00:00,4.876,4.951,4.844,4.875,525740.2
1743033600000,2025-03-27 02:00:00,4.875,4.965,4.875,4.951,401679.4
1743048000000,2025-03-27 06:00:00,4.951,4.951,4.843,4.855,517988.9
1743062400000,2025-03-27 10:00:00,4.855,4.916,4.772,4.782,637030.7
1743076800000,2025-03-27 14:00:00,4.782,4.886,4.734,4.842,1076121.9
1743091200000,2025-03-27 18:00:00,4.842,4.866,4.772,4.825,569655.3
1743105600000,2025-03-27 22:00:00,4.825,4.861,4.8,4.802,485263.9
1743120000000,2025-03-28 02:00:00,4.802,4.822,4.711,4.741,456774.1
1743134400000,2025-03-28 06:00:00,4.741,4.746,4.547,4.558,1368027.4
1743148800000,2025-03-28 10:00:00,4.558,4.613,4.524,4.609,990112.2
1743163200000,2025-03-28 14:00:00,4.609,4.672,4.552,4.556,1271464.9
1743177600000,2025-03-28 18:00:00,4.556,4.583,4.487,4.515,904218.0
1743192000000,2025-03-28 22:00:00,4.515,4.592,4.515,4.543,901799.1
1743206400000,2025-03-29 02:00:00,4.543,4.556,4.416,4.532,916818.0
1743220800000,2025-03-29 06:00:00,4.532,4.543,4.425,4.446,872740.5
1743235200000,2025-03-29 10:00:00,4.446,4.503,4.376,4.404,1421271.7
1743249600000,2025-03-29 14:00:00,4.404,4.444,4.343,4.353,1198114.8
1743264000000,2025-03-29 18:00:00,4.353,4.366,4.241,4.269,1372032.6
1743278400000,2025-03-29 22:00:00,4.269,4.269,4.167,4.241,767808.8
1743292800000,2025-03-30 02:00:00,4.241,4.312,4.183,4.273,686339.6
1743307200000,2025-03-30 06:00:00,4.273,4.342,4.269,4.327,408964.9
1743321600000,2025-03-30 10:00:00,4.327,4.391,4.304,4.321,1168136.2
1743336000000,2025-03-30 14:00:00,4.321,4.333,4.246,4.286,803396.8
1743350400000,2025-03-30 18:00:00,4.286,4.361,4.239,4.319,500562.2
1743364800000,2025-03-30 22:00:00,4.319,4.36,4.223,4.309,528991.8
1743379200000,2025-03-31 02:00:00,4.309,4.352,4.244,4.28,421116.4
1743393600000,2025-03-31 06:00:00,4.28,4.349,4.211,4.236,398549.0
1743408000000,2025-03-31 10:00:00,4.236,4.306,4.174,4.289,915050.0
1743422400000,2025-03-31 14:00:00,4.289,4.462,4.255,4.392,1443354.7
1743436800000,2025-03-31 18:00:00,4.392,4.433,4.35,4.365,558684.3
1743451200000,2025-03-31 22:00:00,4.365,4.399,4.347,4.371,397883.8
1743465600000,2025-04-01 02:00:00,4.371,4.409,4.342,4.409,500864.9
1743480000000,2025-04-01 06:00:00,4.409,4.475,4.389,4.432,608401.3
1743494400000,2025-04-01 10:00:00,4.432,4.542,4.432,4.449,885989.9
1743508800000,2025-04-01 14:00:00,4.449,4.523,4.366,4.495,955773.9
1743523200000,2025-04-01 18:00:00,4.495,4.502,4.385,4.403,461219.5
1743537600000,2025-04-01 22:00:00,4.403,4.427,4.361,4.371,600835.7
1743552000000,2025-04-02 02:00:00,4.371,4.379,4.278,4.36,490410.4
1743566400000,2025-04-02 06:00:00,4.36,4.367,4.282,4.326,493830.7
1743580800000,2025-04-02 10:00:00,4.326,4.385,4.308,4.337,694906.5
1743595200000,2025-04-02 14:00:00,4.337,4.548,4.327,4.529,959210.4
1743609600000,2025-04-02 18:00:00,4.529,4.559,4.429,4.498,796582.8
1743624000000,2025-04-02 22:00:00,4.498,4.603,4.138,4.21,2387264.0
1743638400000,2025-04-03 02:00:00,4.21,4.461,4.193,4.439,900792.2
1743652800000,2025-04-03 06:00:00,4.439,4.477,4.369,4.396,859976.7
1743667200000,2025-04-03 10:00:00,4.396,4.424,4.278,4.32,1214337.3
1743681600000,2025-04-03 14:00:00,4.32,4.365,4.23,4.337,1674709.2
1743696000000,2025-04-03 18:00:00,4.337,4.546,4.32,4.546,1918736.5
1743710400000,2025-04-03 22:00:00,4.546,4.711,4.533,4.648,2065825.6
1743724800000,2025-04-04 02:00:00,4.648,4.817,4.609,4.808,1942908.9
1743739200000,2025-04-04 06:00:00,4.808,4.864,4.731,4.778,1833060.3
1743753600000,2025-04-04 10:00:00,4.778,4.854,4.633,4.74,2341292.5
1743768000000,2025-04-04 14:00:00,4.74,5.084,4.715,5.036,5682819.1
1743782400000,2025-04-04 18:00:00,5.036,5.091,4.967,5.003,3594992.4
1743796800000,2025-04-04 22:00:00,5.003,5.068,4.932,4.985,1358258.2
1743811200000,2025-04-05 02:00:00,4.985,5.011,4.894,4.895,1533472.3
1743825600000,2025-04-05 06:00:00,4.895,4.956,4.854,4.914,1273735.6
1743840000000,2025-04-05 10:00:00,4.914,4.96,4.877,4.942,1186786.0
1743854400000,2025-04-05 14:00:00,4.942,4.964,4.856,4.883,1607036.0
1743868800000,2025-04-05 18:00:00,4.883,4.904,4.828,4.855,1018265.5
1743883200000,2025-04-05 22:00:00,4.855,4.872,4.721,4.799,1717574.5
1743897600000,2025-04-06 02:00:00,4.799,4.829,4.748,4.749,1170366.4
1743912000000,2025-04-06 06:00:00,4.749,4.771,4.683,4.706,1010306.6
1743926400000,2025-04-06 10:00:00,4.706,4.771,4.689,4.715,954483.0
1743940800000,2025-04-06 14:00:00,4.715,4.761,4.663,4.745,1192857.1
1743955200000,2025-04-06 18:00:00,4.745,4.761,4.429,4.487,4133902.7
1743969600000,2025-04-06 22:00:00,4.487,4.542,4.375,4.44,2897229.2
1743984000000,2025-04-07 02:00:00,4.44,4.563,4.256,4.303,2131209.4
1743998400000,2025-04-07 06:00:00,4.303,4.35,4.038,4.051,3256259.1
1744012800000,2025-04-07 10:00:00,4.051,4.28,4.039,4.14,2483745.2
1744027200000,2025-04-07 14:00:00,4.14,4.585,4.14,4.449,6355108.4
1744041600000,2025-04-07 18:00:00,4.449,4.455,4.308,4.336,1352304.9
1744056000000,2025-04-07 22:00:00,4.336,4.436,4.319,4.328,524791.5
1744070400000,2025-04-08 02:00:00,4.328,4.407,4.256,4.306,1170069.8
1744084800000,2025-04-08 06:00:00,4.306,4.348,4.224,4.276,1834511.5
1744099200000,2025-04-08 10:00:00,4.276,4.357,4.236,4.355,1569030.0
1744113600000,2025-04-08 14:00:00,4.355,4.429,4.255,4.267,2248920.3
1744128000000,2025-04-08 18:00:00,4.267,4.282,4.096,4.175,2121139.9
1744142400000,2025-04-08 22:00:00,4.175,4.263,4.146,4.168,1012937.8
1744156800000,2025-04-09 02:00:00,4.168,4.198,4.01,4.176,2036678.8
1744171200000,2025-04-09 06:00:00,4.176,4.325,4.168,4.284,1293049.3
1744185600000,2025-04-09 10:00:00,4.284,4.303,4.182,4.21,1643075.0
1744200000000,2025-04-09 14:00:00,4.21,4.315,4.176,4.279,1733814.7
1744214400000,2025-04-09 18:00:00,4.279,4.581,4.269,4.504,2935593.9
1744228800000,2025-04-09 22:00:00,4.504,4.559,4.499,4.532,693485.2
1744243200000,2025-04-10 02:00:00,4.532,4.538,4.396,4.437,780083.4
1744257600000,2025-04-10 06:00:00,4.437,4.483,4.401,4.424,682814.4
1744272000000,2025-04-10 10:00:00,4.424,4.438,4.355,4.377,1095071.0
1744286400000,2025-04-10 14:00:00,4.377,4.452,4.225,4.242,2751185.7
1744300800000,2025-04-10 18:00:00,4.242,4.317,4.224,4.28,1482287.8
1744315200000,2025-04-10 22:00:00,4.28,4.339,4.268,4.335,517641.9
1744329600000,2025-04-11 02:00:00,4.335,4.416,4.308,4.361,592011.0
1744344000000,2025-04-11 06:00:00,4.361,4.37,4.295,4.302,673417.2
1744358400000,2025-04-11 10:00:00,4.302,4.325,4.229,4.234,1532696.8
1744372800000,2025-04-11 14:00:00,4.234,4.298,4.202,4.245,2591900.4
1744387200000,2025-04-11 18:00:00,4.245,4.307,4.194,4.232,1684967.9
1744401600000,2025-04-11 22:00:00,4.232,4.307,4.217,4.242,1381409.3
1744416000000,2025-04-12 02:00:00,4.242,4.242,4.162,4.191,1124894.0
1744430400000,2025-04-12 06:00:00,4.191,4.218,4.155,4.186,1084667.0
1744444800000,2025-04-12 10:00:00,4.186,4.236,4.169,4.189,1496615.4
1744459200000,2025-04-12 14:00:00,4.189,4.351,4.18,4.302,2624305.4
1744473600000,2025-04-12 18:00:00,4.302,4.323,4.257,4.288,944094.5
1744488000000,2025-04-12 22:00:00,4.288,4.396,4.287,4.35,1299071.4
1744502400000,2025-04-13 02:00:00,4.35,4.389,4.268,4.299,1064073.6
1744516800000,2025-04-13 06:00:00,4.299,4.307,4.222,4.24,827301.4
1744531200000,2025-04-13 10:00:00,4.24,4.293,4.214,4.246,920013.2
1744545600000,2025-04-13 14:00:00,4.246,4.277,4.169,4.201,1956806.6
1744560000000,2025-04-13 18:00:00,4.201,4.308,4.038,4.098,2671427.0
1744574400000,2025-04-13 22:00:00,4.098,4.148,4.049,4.144,1259453.1
1744588800000,2025-04-14 02:00:00,4.144,4.275,4.143,4.221,1083345.6
1744603200000,2025-04-14 06:00:00,4.221,4.243,4.081,4.116,1450833.0
1744617600000,2025-04-14 10:00:00,4.116,4.208,4.057,4.207,1489272.6
1744632000000,2025-04-14 14:00:00,4.207,4.232,4.103,4.127,1312438.7
1744646400000,2025-04-14 18:00:00,4.127,4.195,4.097,4.172,894282.0
1744660800000,2025-04-14 22:00:00,4.172,4.191,4.119,4.13,434264.6
1744675200000,2025-04-15 02:00:00,4.13,4.172,4.085,4.163,483993.2
1744689600000,2025-04-15 06:00:00,4.163,4.163,4.105,4.142,609781.4
1744704000000,2025-04-15 10:00:00,4.142,4.18,4.113,4.134,968114.9
1744718400000,2025-04-15 14:00:00,4.134,4.173,4.034,4.051,1923504.9
1744732800000,2025-04-15 18:00:00,4.051,4.078,4.015,4.028,1081933.2
1744747200000,2025-04-15 22:00:00,4.028,4.061,3.97,3.976,1022249.8
1744761600000,2025-04-16 02:00:00,3.976,4.07,3.963,4.024,772856.8
1744776000000,2025-04-16 06:00:00,4.024,4.048,3.965,3.98,672708.1
1744790400000,2025-04-16 10:00:00,3.98,4.033,3.931,4.014,1162595.9
1744804800000,2025-04-16 14:00:00,4.014,4.092,3.972,4.041,1314226.8
1744819200000,2025-04-16 18:00:00,4.041,4.077,3.918,4.05,2302863.5
1744833600000,2025-04-16 22:00:00,4.05,4.089,4.002,4.018,1130523.4
1744848000000,2025-04-17 02:00:00,4.018,4.034,3.986,4.008,569494.8
1744862400000,2025-04-17 06:00:00,4.008,4.136,3.995,4.123,742648.3
1744876800000,2025-04-17 10:00:00,4.123,4.145,4.07,4.082,1077772.2
1744891200000,2025-04-17 14:00:00,4.082,4.103,4.015,4.095,1250344.4
1744905600000,2025-04-17 18:00:00,4.095,4.191,4.085,4.159,1509645.9
1744920000000,2025-04-17 22:00:00,4.159,4.185,4.087,4.107,755112.9
1744934400000,2025-04-18 02:00:00,4.107,4.136,4.067,4.127,500037.3
1744948800000,2025-04-18 06:00:00,4.127,4.17,4.11,4.156,552858.2
1744963200000,2025-04-18 10:00:00,4.156,4.19,4.156,4.18,581404.1
1744977600000,2025-04-18 14:00:00,4.18,4.197,4.122,4.148,732067.6
1744992000000,2025-04-18 18:00:00,4.148,4.222,4.141,4.191,765004.5
1745006400000,2025-04-18 22:00:00,4.191,4.195,4.106,4.117,545889.2
1745020800000,2025-04-19 02:00:00,4.117,4.198,4.117,4.173,359617.0
1745035200000,2025-04-19 06:00:00,4.173,4.182,4.13,4.161,511781.3
1745049600000,2025-04-19 10:00:00,4.161,4.17,4.143,4.151,581758.2
1745064000000,2025-04-19 14:00:00,4.151,4.197,4.143,4.176,620115.8
1745078400000,2025-04-19 18:00:00,4.176,4.211,4.153,4.208,647804.2
1745092800000,2025-04-19 22:00:00,4.208,4.25,4.193,4.209,716048.8
1745107200000,2025-04-20 02:00:00,4.209,4.246,4.205,4.223,263003.4
1745121600000,2025-04-20 06:00:00,4.223,4.264,4.18,4.196,703919.7
1745136000000,2025-04-20 10:00:00,4.196,4.201,4.115,4.131,679672.2
1745150400000,2025-04-20 14:00:00,4.131,4.148,4.098,4.105,821472.6
1745164800000,2025-04-20 18:00:00,4.105,4.161,4.101,4.16,754927.4
1745179200000,2025-04-20 22:00:00,4.16,4.183,4.116,4.146,712218.6
1745193600000,2025-04-21 02:00:00,4.146,4.249,4.144,4.211,879882.5
1745208000000,2025-04-21 06:00:00,4.211,4.291,4.2,4.265,912933.7
1745222400000,2025-04-21 10:00:00,4.265,4.292,4.236,4.27,829171.7
1745236800000,2025-04-21 14:00:00,4.27,4.283,4.218,4.251,998675.3
1745251200000,2025-04-21 18:00:00,4.251,4.26,4.128,4.151,1227468.2
1745265600000,2025-04-21 22:00:00,4.151,4.151,4.043,4.057,885091.2
1745280000000,2025-04-22 02:00:00,4.057,4.09,3.975,4.051,1174190.5
1745294400000,2025-04-22 06:00:00,4.051,4.077,3.981,4.074,745088.7
1745308800000,2025-04-22 10:00:00,4.074,4.118,4.059,4.115,1555473.9
1745323200000,2025-04-22 14:00:00,4.115,4.247,4.083,4.205,2311116.0
1745337600000,2025-04-22 18:00:00,4.205,4.253,4.194,4.251,718692.1
1745352000000,2025-04-22 22:00:00,4.251,4.336,4.243,4.31,941835.1
1745366400000,2025-04-23 02:00:00,4.31,4.382,4.292,4.381,642625.2
1745380800000,2025-04-23 06:00:00,4.381,4.416,4.339,4.355,1789369.2
1745395200000,2025-04-23 10:00:00,4.355,4.395,4.312,4.367,1262160.5
1745409600000,2025-04-23 14:00:00,4.367,4.418,4.273,4.352,1890703.4
1745424000000,2025-04-23 18:00:00,4.352,4.43,4.302,4.371,1097273.4
1745438400000,2025-04-23 22:00:00,4.371,4.44,4.367,4.407,502993.2
1745452800000,2025-04-24 02:00:00,4.407,4.419,4.297,4.3,715617.6
1745467200000,2025-04-24 06:00:00,4.3,4.394,4.292,4.335,934273.0
1745481600000,2025-04-24 10:00:00,4.335,4.379,4.277,4.357,933272.6
1745496000000,2025-04-24 14:00:00,4.357,4.589,4.344,4.551,2555412.8
1745510400000,2025-04-24 18:00:00,4.551,4.61,4.519,4.548,1165530.6
1745524800000,2025-04-24 22:00:00,4.548,4.599,4.53,4.547,594917.1
1745539200000,2025-04-25 02:00:00,4.547,4.558,4.421,4.479,838049.3
1745553600000,2025-04-25 06:00:00,4.479,4.577,4.45,4.566,594487.2
1745568000000,2025-04-25 10:00:00,4.566,4.577,4.509,4.545,1032408.5
1745582400000,2025-04-25 14:00:00,4.545,4.603,4.486,4.598,1445066.3
1745596800000,2025-04-25 18:00:00,4.598,4.626,4.519,4.542,1106596.1
1745611200000,2025-04-25 22:00:00,4.542,4.581,4.502,4.545,435831.4
1745625600000,2025-04-26 02:00:00,4.545,4.641,4.542,4.598,594650.0
1745640000000,2025-04-26 06:00:00,4.598,4.659,4.553,4.64,1255451.6
1745654400000,2025-04-26 10:00:00,4.64,4.663,4.545,4.554,1843041.5
1745668800000,2025-04-26 14:00:00,4.554,4.689,4.542,4.659,1261281.7
1745683200000,2025-04-26 18:00:00,4.659,4.73,4.625,4.641,1013958.1
1745697600000,2025-04-26 22:00:00,4.641,4.648,4.575,4.582,507119.0
1745712000000,2025-04-27 02:00:00,4.582,4.622,4.459,4.496,1035765.4
1745726400000,2025-04-27 06:00:00,4.496,4.513,4.435,4.478,2080810.0
1745740800000,2025-04-27 10:00:00,4.478,4.483,4.433,4.474,530311.3
1745755200000,2025-04-27 14:00:00,4.474,4.489,4.407,4.417,706036.0
1745769600000,2025-04-27 18:00:00,4.417,4.454,4.358,4.453,1183789.0
1745784000000,2025-04-27 22:00:00,4.453,4.459,4.371,4.376,1141634.9
1745798400000,2025-04-28 02:00:00,4.376,4.391,4.278,4.385,1212692.8
1745812800000,2025-04-28 06:00:00,4.385,4.479,4.375,4.465,824946.0
1745827200000,2025-04-28 10:00:00,4.465,4.496,4.404,4.447,1073706.5
1745841600000,2025-04-28 14:00:00,4.447,4.455,4.332,4.361,1496667.3
1745856000000,2025-04-28 18:00:00,4.361,4.48,4.341,4.464,686402.5
1745870400000,2025-04-28 22:00:00,4.464,4.493,4.45,4.456,506155.6
1745884800000,2025-04-29 02:00:00,4.456,4.494,4.445,4.461,412900.6
1745899200000,2025-04-29 06:00:00,4.461,4.531,4.429,4.515,573615.5
1745913600000,2025-04-29 10:00:00,4.515,4.535,4.447,4.472,658953.5
1745928000000,2025-04-29 14:00:00,4.472,4.502,4.42,4.476,972878.6
1745942400000,2025-04-29 18:00:00,4.476,4.506,4.452,4.452,536420.3
1745956800000,2025-04-29 22:00:00,4.452,4.46,4.332,4.374,643305.1
1745971200000,2025-04-30 02:00:00,4.374,4.402,4.326,4.375,423661.8
1745985600000,2025-04-30 06:00:00,4.375,4.386,4.332,4.347,388977.4
1746000000000,2025-04-30 10:00:00,4.347,4.426,4.329,4.404,368496.6
1746014400000,2025-04-30 14:00:00,4.404,4.412,4.214,4.27,1664847.9
1746028800000,2025-04-30 18:00:00,4.27,4.317,4.235,4.294,652895.7
1746043200000,2025-04-30 22:00:00,4.294,4.346,4.277,4.297,436798.8
1746057600000,2025-05-01 02:00:00,4.297,4.348,4.29,4.318,260793.0
1746072000000,2025-05-01 06:00:00,4.318,4.348,4.302,4.338,186535.8
1746086400000,2025-05-01 10:00:00,4.338,4.396,4.325,4.387,741170.6
1746100800000,2025-05-01 14:00:00,4.387,4.418,4.341,4.396,1030549.2
1746115200000,2025-05-01 18:00:00,4.396,4.48,4.396,4.442,575182.6
1746129600000,2025-05-01 22:00:00,4.442,4.476,4.42,4.431,371773.9
1746144000000,2025-05-02 02:00:00,4.431,4.511,4.416,4.471,404608.2
1746158400000,2025-05-02 06:00:00,4.471,4.485,4.407,4.417,459226.5
1746172800000,2025-05-02 10:00:00,4.417,4.47,4.408,4.41,575365.9
1746187200000,2025-05-02 14:00:00,4.41,4.472,4.402,4.44,721600.1
1746201600000,2025-05-02 18:00:00,4.44,4.479,4.361,4.371,449756.0
1746216000000,2025-05-02 22:00:00,4.371,4.378,4.326,4.363,415824.5
1746230400000,2025-05-03 02:00:00,4.363,4.365,4.315,4.349,266378.8
1746244800000,2025-05-03 06:00:00,4.349,4.356,4.306,4.32,316961.7
1746259200000,2025-05-03 10:00:00,4.32,4.323,4.253,4.262,494305.2
1746273600000,2025-05-03 14:00:00,4.262,4.277,4.232,4.246,509924.3
1746288000000,2025-05-03 18:00:00,4.246,4.26,4.155,4.258,963933.8
1746302400000,2025-05-03 22:00:00,4.258,4.259,4.211,4.213,421105.2
1746316800000,2025-05-04 02:00:00,4.213,4.245,4.187,4.207,348724.3
1746331200000,2025-05-04 06:00:00,4.207,4.233,4.172,4.187,557804.2
1746345600000,2025-05-04 10:00:00,4.187,4.189,4.135,4.146,599262.0
1746360000000,2025-05-04 14:00:00,4.146,4.159,4.108,4.125,622014.9
1746374400000,2025-05-04 18:00:00,4.125,4.129,4.059,4.088,941112.1
1746388800000,2025-05-04 22:00:00,4.088,4.118,4.06,4.09,478032.4
1746403200000,2025-05-05 02:00:00,4.09,4.173,4.081,4.147,596329.8
1746417600000,2025-05-05 06:00:00,4.147,4.198,4.136,4.154,446919.7
1746432000000,2025-05-05 10:00:00,4.154,4.158,4.044,4.069,1410998.9
1746446400000,2025-05-05 14:00:00,4.069,4.093,4.045,4.069,949386.3
1746460800000,2025-05-05 18:00:00,4.069,4.146,4.057,4.092,812525.3
1746475200000,2025-05-05 22:00:00,4.092,4.11,4.046,4.071,699613.0
1746489600000,2025-05-06 02:00:00,4.071,4.086,4.022,4.073,749231.7
1746504000000,2025-05-06 06:00:00,4.073,4.082,4.041,4.054,342444.3
1746518400000,2025-05-06 10:00:00,4.054,4.06,4.001,4.028,1231879.9
1746532800000,2025-05-06 14:00:00,4.028,4.081,4.008,4.032,890005.0
1746547200000,2025-05-06 18:00:00,4.032,4.079,4.009,4.06,814521.9
1746561600000,2025-05-06 22:00:00,4.06,4.116,3.972,4.103,1579776.1
1746576000000,2025-05-07 02:00:00,4.103,4.157,4.09,4.122,1276486.8
1746590400000,2025-05-07 06:00:00,4.122,4.147,4.087,4.129,1353491.6
1746604800000,2025-05-07 10:00:00,4.129,4.185,4.117,4.133,1521081.5
1746619200000,2025-05-07 14:00:00,4.133,4.157,4.11,4.113,750700.4
1746633600000,2025-05-07 18:00:00,4.113,4.153,4.077,4.117,1082871.8
1746648000000,2025-05-07 22:00:00,4.117,4.184,4.105,4.168,477644.7
1746662400000,2025-05-08 02:00:00,4.168,4.28,4.153,4.274,936064.5
1746676800000,2025-05-08 06:00:00,4.274,4.331,4.274,4.306,810059.1
1746691200000,2025-05-08 10:00:00,4.306,4.377,4.306,4.352,1018513.3
1746705600000,2025-05-08 14:00:00,4.352,4.454,4.334,4.421,1613532.8
1746720000000,2025-05-08 18:00:00,4.421,4.454,4.41,4.449,754800.1
1746734400000,2025-05-08 22:00:00,4.449,4.587,4.449,4.539,1210965.6
1746748800000,2025-05-09 02:00:00,4.539,4.638,4.521,4.563,750689.5
1746763200000,2025-05-09 06:00:00,4.563,4.756,4.556,4.724,1875609.6
1746777600000,2025-05-09 10:00:00,4.724,4.946,4.715,4.916,2902704.5
1746792000000,2025-05-09 14:00:00,4.916,4.999,4.872,4.935,1529671.7
1746806400000,2025-05-09 18:00:00,4.935,4.995,4.856,4.913,1226506.0
1746820800000,2025-05-09 22:00:00,4.913,4.981,4.899,4.946,685320.8
1746835200000,2025-05-10 02:00:00,4.946,5.042,4.853,4.941,1140126.7
1746849600000,2025-05-10 06:00:00,4.941,5.0,4.894,4.99,740770.6
1746864000000,2025-05-10 10:00:00,4.99,5.046,4.943,5.011,1249412.3
1746878400000,2025-05-10 14:00:00,5.011,5.091,4.985,5.031,1622687.9
1746892800000,2025-05-10 18:00:00,5.031,5.208,5.023,5.131,1839702.2
1746907200000,2025-05-10 22:00:00,5.131,5.39,5.091,5.38,1173558.0
1746921600000,2025-05-11 02:00:00,5.38,5.419,5.209,5.308,1596423.9
1746936000000,2025-05-11 06:00:00,5.308,5.374,5.114,5.176,1589573.9
1746950400000,2025-05-11 10:00:00,5.176,5.329,5.148,5.271,1831482.3
1746964800000,2025-05-11 14:00:00,5.271,5.287,5.163,5.238,1112715.4
1746979200000,2025-05-11 18:00:00,5.238,5.331,5.172,5.281,1399552.0
1746993600000,2025-05-11 22:00:00,5.281,5.334,5.249,5.306,711022.4
1747008000000,2025-05-12 02:00:00,5.306,5.367,5.23,5.325,881082.4
1747022400000,2025-05-12 06:00:00,5.325,5.498,5.293,5.383,2066955.2
1747036800000,2025-05-12 10:00:00,5.383,5.456,5.287,5.293,1313382.1
1747051200000,2025-05-12 14:00:00,5.293,5.416,5.202,5.255,2189200.9
1747065600000,2025-05-12 18:00:00,5.255,5.404,5.108,5.231,2265817.1
1747080000000,2025-05-12 22:00:00,5.231,5.295,5.196,5.232,636429.8
1747094400000,2025-05-13 02:00:00,5.232,5.239,5.001,5.025,1545598.3
1747108800000,2025-05-13 06:00:00,5.025,5.134,5.01,5.072,880124.3
1747123200000,2025-05-13 10:00:00,5.072,5.155,5.053,5.114,1457442.2
1747137600000,2025-05-13 14:00:00,5.114,5.189,5.062,5.148,1418964.0
1747152000000,2025-05-13 18:00:00,5.148,5.366,5.139,5.316,1509059.0
1747166400000,2025-05-13 22:00:00,5.316,5.342,5.256,5.259,771930.0
1747180800000,2025-05-14 02:00:00,5.259,5.347,5.207,5.26,1053210.0
1747195200000,2025-05-14 06:00:00,5.26,5.283,5.2,5.216,725250.0
1747209600000,2025-05-14 10:00:00,5.216,5.229,5.097,5.189,1307627.3
1747224000000,2025-05-14 14:00:00,5.189,5.192,5.039,5.095,1724271.2
1747238400000,2025-05-14 18:00:00,5.095,5.134,5.046,5.112,653486.3
1747252800000,2025-05-14 22:00:00,5.112,5.127,5.046,5.089,431961.4
1747267200000,2025-05-15 02:00:00,5.089,5.127,5.011,5.05,714543.3
1747281600000,2025-05-15 06:00:00,5.05,5.076,4.855,4.863,1516546.5
1747296000000,2025-05-15 10:00:00,4.863,4.97,4.816,4.879,1612796.6
1747310400000,2025-05-15 14:00:00,4.879,4.917,4.759,4.902,1849335.3
1747324800000,2025-05-15 18:00:00,4.902,4.996,4.829,4.865,1268627.4
1747339200000,2025-05-15 22:00:00,4.865,4.915,4.778,4.865,907011.6
1747353600000,2025-05-16 02:00:00,4.865,4.95,4.84,4.94,736406.4
1747368000000,2025-05-16 06:00:00,4.94,4.981,4.888,4.938,455135.9
1747382400000,2025-05-16 10:00:00,4.938,4.985,4.854,4.939,614110.1
1747396800000,2025-05-16 14:00:00,4.939,4.973,4.896,4.933,379744.5
1747411200000,2025-05-16 18:00:00,4.933,4.948,4.871,4.904,353909.6
1747425600000,2025-05-16 22:00:00,4.904,4.904,4.776,4.808,753936.9
1747440000000,2025-05-17 02:00:00,4.808,4.833,4.649,4.74,1257985.5
1747454400000,2025-05-17 06:00:00,4.74,4.781,4.714,4.746,483141.4
1747468800000,2025-05-17 10:00:00,4.746,4.797,4.709,4.777,429516.7
1747483200000,2025-05-17 14:00:00,4.777,4.806,4.684,4.752,1802554.5
1747497600000,2025-05-17 18:00:00,4.752,4.774,4.689,4.701,1007381.4
1747512000000,2025-05-17 22:00:00,4.701,4.767,4.677,4.713,495644.5
1747526400000,2025-05-18 02:00:00,4.713,4.75,4.682,4.706,477070.8
1747540800000,2025-05-18 06:00:00,4.706,4.8,4.704,4.797,1329428.4
1747555200000,2025-05-18 10:00:00,4.797,4.858,4.782,4.821,1103063.9
1747569600000,2025-05-18 14:00:00,4.821,5.105,4.793,5.101,2146900.4
1747584000000,2025-05-18 18:00:00,5.101,5.133,4.718,4.725,2855943.5
1747598400000,2025-05-18 22:00:00,4.725,4.975,4.635,4.959,2475491.8
1747612800000,2025-05-19 02:00:00,4.959,5.0,4.699,4.709,1097857.7
1747627200000,2025-05-19 06:00:00,4.709,4.781,4.646,4.718,2068855.8
1747641600000,2025-05-19 10:00:00,4.718,4.737,4.614,4.642,2028108.5
1747656000000,2025-05-19 14:00:00,4.642,4.746,4.58,4.734,2009203.7
1747670400000,2025-05-19 18:00:00,4.734,4.856,4.712,4.793,953403.5
1747684800000,2025-05-19 22:00:00,4.793,4.808,4.75,4.775,513758.5
1747699200000,2025-05-20 02:00:00,4.775,4.881,4.735,4.818,894793.5
1747713600000,2025-05-20 06:00:00,4.818,4.864,4.775,4.793,723867.2
1747728000000,2025-05-20 10:00:00,4.793,4.812,4.677,4.712,1331232.4
1747742400000,2025-05-20 14:00:00,4.712,4.728,4.649,4.711,1025711.5
1747756800000,2025-05-20 18:00:00,4.711,4.773,4.658,4.758,795331.4
1747771200000,2025-05-20 22:00:00,4.758,4.868,4.741,4.844,803930.0
1747785600000,2025-05-21 02:00:00,4.844,4.908,4.776,4.894,691311.0
1747800000000,2025-05-21 06:00:00,4.894,5.012,4.885,4.917,997691.6
1747814400000,2025-05-21 10:00:00,4.917,4.955,4.845,4.924,992072.7
1747828800000,2025-05-21 14:00:00,4.924,4.985,4.893,4.964,989824.7
1747843200000,2025-05-21 18:00:00,4.964,5.065,4.827,4.964,1693342.7
1747857600000,2025-05-21 22:00:00,4.964,5.022,4.92,4.971,476397.2
1747872000000,2025-05-22 02:00:00,4.971,5.111,4.967,5.089,631720.3
1747886400000,2025-05-22 06:00:00,5.089,5.098,4.998,5.059,596951.8
1747900800000,2025-05-22 10:00:00,5.059,5.15,5.046,5.112,1060631.9
1747915200000,2025-05-22 14:00:00,5.112,5.219,5.073,5.18,1368692.3
1747929600000,2025-05-22 18:00:00,5.18,5.229,5.169,5.181,907190.7
1747944000000,2025-05-22 22:00:00,5.181,5.222,5.152,5.218,611070.8
1747958400000,2025-05-23 02:00:00,5.218,5.34,5.174,5.327,864477.7
1747972800000,2025-05-23 06:00:00,5.327,5.343,5.136,5.178,889996.4
1747987200000,2025-05-23 10:00:00,5.178,5.282,5.054,5.077,2001557.4
1748001600000,2025-05-23 14:00:00,5.077,5.148,4.966,5.035,2037592.8
1748016000000,2025-05-23 18:00:00,5.035,5.093,4.993,5.005,670080.5
1748030400000,2025-05-23 22:00:00,5.005,5.005,4.767,4.793,1420700.7
1748044800000,2025-05-24 02:00:00,4.793,4.853,4.762,4.848,601916.1
1748059200000,2025-05-24 06:00:00,4.848,4.859,4.785,4.802,390113.5
1748073600000,2025-05-24 10:00:00,4.802,4.834,4.78,4.796,621891.9
1748088000000,2025-05-24 14:00:00,4.796,4.828,4.768,4.797,503843.1
1748102400000,2025-05-24 18:00:00,4.797,4.819,4.729,4.76,688178.5
1748116800000,2025-05-24 22:00:00,4.76,4.76,4.687,4.712,568694.2
1748131200000,2025-05-25 02:00:00,4.712,4.726,4.633,4.695,640208.9
1748145600000,2025-05-25 06:00:00,4.695,4.713,4.66,4.681,375680.4
1748160000000,2025-05-25 10:00:00,4.681,4.684,4.604,4.647,803846.1
1748174400000,2025-05-25 14:00:00,4.647,4.69,4.567,4.627,688255.9
1748188800000,2025-05-25 18:00:00,4.627,4.734,4.579,4.718,466615.2
1748203200000,2025-05-25 22:00:00,4.718,4.813,4.687,4.786,794777.5
1748217600000,2025-05-26 02:00:00,4.786,4.829,4.757,4.805,428641.9
1748232000000,2025-05-26 06:00:00,4.805,4.915,4.793,4.913,585103.1
1748246400000,2025-05-26 10:00:00,4.913,4.949,4.839,4.854,587733.5
1748260800000,2025-05-26 14:00:00,4.854,4.875,4.775,4.857,718465.2
1748275200000,2025-05-26 18:00:00,4.857,4.879,4.742,4.763,599415.4
1748289600000,2025-05-26 22:00:00,4.763,4.825,4.741,4.776,301652.5
1748304000000,2025-05-27 02:00:00,4.776,4.795,4.673,4.752,494071.6
1748318400000,2025-05-27 06:00:00,4.752,4.857,4.729,4.838,509968.3
1748332800000,2025-05-27 10:00:00,4.838,4.907,4.838,4.899,642584.7
1748347200000,2025-05-27 14:00:00,4.899,4.957,4.81,4.859,1300919.6
1748361600000,2025-05-27 18:00:00,4.859,4.885,4.761,4.764,974879.7
1748376000000,2025-05-27 22:00:00,4.764,4.812,4.733,4.751,839996.9
1748390400000,2025-05-28 02:00:00,4.751,4.778,4.691,4.727,715404.3
1748404800000,2025-05-28 06:00:00,4.727,4.747,4.694,4.715,459285.2
1748419200000,2025-05-28 10:00:00,4.715,4.793,4.688,4.791,722194.5
1748433600000,2025-05-28 14:00:00,4.791,4.85,4.681,4.684,1291531.3
1748448000000,2025-05-28 18:00:00,4.684,4.758,4.637,4.653,862662.3
1748462400000,2025-05-28 22:00:00,4.653,4.846,4.65,4.842,790300.7
1748476800000,2025-05-29 02:00:00,4.842,4.914,4.824,4.868,896208.3
1748491200000,2025-05-29 06:00:00,4.868,4.878,4.751,4.808,1078565.6
1748505600000,2025-05-29 10:00:00,4.808,4.846,4.792,4.837,450812.2
1748520000000,2025-05-29 14:00:00,4.837,4.85,4.738,4.765,979660.5
1748534400000,2025-05-29 18:00:00,4.765,4.792,4.641,4.658,942782.1
1748548800000,2025-05-29 22:00:00,4.658,4.707,4.586,4.611,845216.0
1748563200000,2025-05-30 02:00:00,4.611,4.635,4.375,4.503,3025887.1
1748577600000,2025-05-30 06:00:00,4.503,4.521,4.421,4.449,901646.3
1748592000000,2025-05-30 10:00:00,4.449,4.498,4.429,4.469,645560.3
1748606400000,2025-05-30 14:00:00,4.469,4.47,4.39,4.411,871630.2
1748620800000,2025-05-30 18:00:00,4.411,4.44,4.276,4.413,1975737.8
1748635200000,2025-05-30 22:00:00,4.413,4.423,4.23,4.288,889148.5
1748649600000,2025-05-31 02:00:00,4.288,4.301,4.172,4.228,894766.8
1748664000000,2025-05-31 06:00:00,4.228,4.272,4.201,4.259,372177.0
1748678400000,2025-05-31 10:00:00,4.259,4.282,4.216,4.238,525403.5
1748692800000,2025-05-31 14:00:00,4.238,4.34,4.234,4.302,996553.9
1748707200000,2025-05-31 18:00:00,4.302,4.368,4.292,4.342,449175.1
1748721600000,2025-05-31 22:00:00,4.342,4.389,4.333,4.343,414292.4
1748736000000,2025-06-01 02:00:00,4.343,4.362,4.303,4.325,319494.0
1748750400000,2025-06-01 06:00:00,4.325,4.371,4.313,4.323,277325.8
1748764800000,2025-06-01 10:00:00,4.323,4.324,4.251,4.291,429633.7
1748779200000,2025-06-01 14:00:00,4.291,4.345,4.26,4.333,351738.1
1748793600000,2025-06-01 18:00:00,4.333,4.37,4.279,4.328,668097.3
1748808000000,2025-06-01 22:00:00,4.328,4.383,4.318,4.362,443688.0
1748822400000,2025-06-02 02:00:00,4.362,4.365,4.285,4.304,374693.0
1748836800000,2025-06-02 06:00:00,4.304,4.342,4.272,4.312,406442.4
1748851200000,2025-06-02 10:00:00,4.312,4.328,4.254,4.283,663524.5
1748865600000,2025-06-02 14:00:00,4.283,4.355,4.274,4.338,625560.8
1748880000000,2025-06-02 18:00:00,4.338,4.352,4.299,4.321,563943.3
1748894400000,2025-06-02 22:00:00,4.321,4.49,4.321,4.466,752470.7
1748908800000,2025-06-03 02:00:00,4.466,4.528,4.452,4.458,627308.8
1748923200000,2025-06-03 06:00:00,4.458,4.478,4.424,4.448,507083.8
1748937600000,2025-06-03 10:00:00,4.448,4.476,4.418,4.447,621075.9
1748952000000,2025-06-03 14:00:00,4.447,4.473,4.408,4.438,1240325.7
1748966400000,2025-06-03 18:00:00,4.438,4.478,4.428,4.473,613309.7
1748980800000,2025-06-03 22:00:00,4.473,4.474,4.367,4.411,737702.7
1748995200000,2025-06-04 02:00:00,4.411,4.465,4.397,4.448,490032.2
1749009600000,2025-06-04 06:00:00,4.448,4.46,4.421,4.429,343301.9
1749024000000,2025-06-04 10:00:00,4.429,4.453,4.357,4.37,730083.3
1749038400000,2025-06-04 14:00:00,4.37,4.377,4.308,4.355,982338.7
1749052800000,2025-06-04 18:00:00,4.355,4.362,4.281,4.282,846022.5
1749067200000,2025-06-04 22:00:00,4.282,4.306,4.238,4.265,914377.5
1749081600000,2025-06-05 02:00:00,4.265,4.31,4.244,4.306,299249.1
1749096000000,2025-06-05 06:00:00,4.306,4.335,4.27,4.304,549177.9
1749110400000,2025-06-05 10:00:00,4.304,4.348,4.269,4.29,627653.8
1749124800000,2025-06-05 14:00:00,4.29,4.349,4.229,4.299,1016441.4
1749139200000,2025-06-05 18:00:00,4.299,4.3,4.127,4.181,1826383.3
1749153600000,2025-06-05 22:00:00,4.181,4.193,4.023,4.077,1963935.4
1749168000000,2025-06-06 02:00:00,4.077,4.155,4.062,4.155,330244.2
1749182400000,2025-06-06 06:00:00,4.155,4.179,4.134,4.135,351121.9
1749196800000,2025-06-06 10:00:00,4.135,4.15,4.121,4.146,343248.4
1749211200000,2025-06-06 14:00:00,4.146,4.283,4.146,4.253,668228.8
1749225600000,2025-06-06 18:00:00,4.253,4.281,4.22,4.251,630240.8
1749240000000,2025-06-06 22:00:00,4.251,4.29,4.169,4.171,572002.5
1749254400000,2025-06-07 02:00:00,4.171,4.271,4.169,4.261,299006.0
1749268800000,2025-06-07 06:00:00,4.261,4.314,4.254,4.301,264133.6
1749283200000,2025-06-07 10:00:00,4.301,4.312,4.268,4.296,380916.9
1749297600000,2025-06-07 14:00:00,4.296,4.315,4.293,4.307,316120.7
1749312000000,2025-06-07 18:00:00,4.307,4.313,4.282,4.289,322604.3
1749326400000,2025-06-07 22:00:00,4.289,4.328,4.285,4.309,291203.6
1749340800000,2025-06-08 02:00:00,4.309,4.309,4.281,4.283,324721.4
1749355200000,2025-06-08 06:00:00,4.283,4.293,4.251,4.255,350344.3
1749369600000,2025-06-08 10:00:00,4.255,4.263,4.198,4.253,1002784.4
1749384000000,2025-06-08 14:00:00,4.253,4.298,4.241,4.286,448496.2
1749398400000,2025-06-08 18:00:00,4.286,4.324,4.278,4.292,368951.9
1749412800000,2025-06-08 22:00:00,4.292,4.306,4.257,4.266,333773.0
1749427200000,2025-06-09 02:00:00,4.266,4.274,4.24,4.254,181668.3
1749441600000,2025-06-09 06:00:00,4.254,4.258,4.202,4.227,389516.0
1749456000000,2025-06-09 10:00:00,4.227,4.321,4.205,4.304,763180.1
1749470400000,2025-06-09 14:00:00,4.304,4.331,4.274,4.318,624841.2
1749484800000,2025-06-09 18:00:00,4.318,4.387,4.318,4.373,582612.3
1749499200000,2025-06-09 22:00:00,4.373,4.444,4.362,4.43,661397.8
1749513600000,2025-06-10 02:00:00,4.43,4.466,4.413,4.424,592773.4
1749528000000,2025-06-10 06:00:00,4.424,4.443,4.375,4.401,481757.8
1749542400000,2025-06-10 10:00:00,4.401,4.537,4.377,4.534,927644.4
1749556800000,2025-06-10 14:00:00,4.534,4.58,4.454,4.496,1305584.0
1749571200000,2025-06-10 18:00:00,4.496,4.62,4.49,4.594,893659.2
1749585600000,2025-06-10 22:00:00,4.594,4.624,4.558,4.598,648560.3
1749600000000,2025-06-11 02:00:00,4.598,4.61,4.537,4.583,425914.9
1749614400000,2025-06-11 06:00:00,4.583,4.609,4.569,4.596,308689.7
1749628800000,2025-06-11 10:00:00,4.596,4.616,4.492,4.522,950433.1
1749643200000,2025-06-11 14:00:00,4.522,4.623,4.497,4.61,1311255.6
1749657600000,2025-06-11 18:00:00,4.61,4.615,4.501,4.511,679206.8
1749672000000,2025-06-11 22:00:00,4.511,4.559,4.449,4.506,954135.0
1749686400000,2025-06-12 02:00:00,4.506,4.513,4.427,4.438,430516.5
1749700800000,2025-06-12 06:00:00,4.438,4.448,4.397,4.403,437059.3
1749715200000,2025-06-12 10:00:00,4.403,4.403,4.331,4.34,696203.2
1749729600000,2025-06-12 14:00:00,4.34,4.437,4.338,4.362,727460.4
1749744000000,2025-06-12 18:00:00,4.362,4.429,4.296,4.305,594275.3
1749758400000,2025-06-12 22:00:00,4.305,4.322,4.211,4.212,1155618.0
1749772800000,2025-06-13 02:00:00,4.212,4.213,3.995,4.092,3272923.4
1749787200000,2025-06-13 06:00:00,4.092,4.092,4.023,4.059,876971.0
1749801600000,2025-06-13 10:00:00,4.059,4.097,4.033,4.09,569202.4
1749816000000,2025-06-13 14:00:00,4.09,4.127,4.043,4.114,975455.7
1749830400000,2025-06-13 18:00:00,4.114,4.153,4.055,4.076,874925.9
1749844800000,2025-06-13 22:00:00,4.076,4.131,4.068,4.126,247076.0
1749859200000,2025-06-14 02:00:00,4.126,4.131,4.093,4.112,276226.3
1749873600000,2025-06-14 06:00:00,4.112,4.141,4.093,4.117,298713.2
1749888000000,2025-06-14 10:00:00,4.117,4.138,4.099,4.134,207799.1
1749902400000,2025-06-14 14:00:00,4.134,4.156,4.081,4.095,534607.0
1749916800000,2025-06-14 18:00:00,4.095,4.107,4.044,4.045,712412.8
1749931200000,2025-06-14 22:00:00,4.045,4.107,4.016,4.082,572843.4
1749945600000,2025-06-15 02:00:00,4.082,4.116,4.082,4.105,116907.3
1749960000000,2025-06-15 06:00:00,4.105,4.129,4.074,4.09,367444.0
1749974400000,2025-06-15 10:00:00,4.09,4.09,4.049,4.066,276747.4
1749988800000,2025-06-15 14:00:00,4.066,4.126,4.052,4.094,430318.9
1750003200000,2025-06-15 18:00:00,4.094,4.101,4.035,4.048,418689.7
1750017600000,2025-06-15 22:00:00,4.048,4.095,4.006,4.091,524031.8
1750032000000,2025-06-16 02:00:00,4.091,4.132,4.058,4.114,360942.2
1750046400000,2025-06-16 06:00:00,4.114,4.214,4.113,4.21,775388.9
1750060800000,2025-06-16 10:00:00,4.21,4.242,4.192,4.237,491754.1
1750075200000,2025-06-16 14:00:00,4.237,4.292,4.217,4.244,854250.7
1750089600000,2025-06-16 18:00:00,4.244,4.281,4.242,4.269,499702.0
1750104000000,2025-06-16 22:00:00,4.269,4.294,4.128,4.139,1544223.2
1750118400000,2025-06-17 02:00:00,4.139,4.197,4.062,4.176,661339.8
1750132800000,2025-06-17 06:00:00,4.176,4.178,4.127,4.129,286516.3
1750147200000,2025-06-17 10:00:00,4.129,4.132,4.054,4.067,693115.4
1750161600000,2025-06-17 14:00:00,4.067,4.113,4.003,4.036,1101651.1
1750176000000,2025-06-17 18:00:00,4.036,4.099,3.962,4.079,1208128.3
1750190400000,2025-06-17 22:00:00,4.079,4.093,4.013,4.018,407546.4
1750204800000,2025-06-18 02:00:00,4.018,4.055,4.006,4.048,199732.4
1750219200000,2025-06-18 06:00:00,4.048,4.075,4.025,4.045,342935.4
1750233600000,2025-06-18 10:00:00,4.045,4.057,3.939,3.984,842045.8
1750248000000,2025-06-18 14:00:00,3.984,4.024,3.914,3.995,960988.9
1750262400000,2025-06-18 18:00:00,3.995,3.997,3.928,3.951,616970.1
1750276800000,2025-06-18 22:00:00,3.951,4.055,3.945,4.012,427519.3
1750291200000,2025-06-19 02:00:00,4.012,4.045,3.982,4.013,230940.6
1750305600000,2025-06-19 06:00:00,4.013,4.038,3.989,3.997,216927.1
1750320000000,2025-06-19 10:00:00,3.997,4.038,3.996,4.011,402612.6
1750334400000,2025-06-19 14:00:00,4.011,4.026,3.965,3.977,409609.9
1750348800000,2025-06-19 18:00:00,3.977,4.03,3.955,4.024,515676.4
1750363200000,2025-06-19 22:00:00,4.024,4.071,4.023,4.035,496390.8
1750377600000,2025-06-20 02:00:00,4.035,4.042,4.003,4.012,209204.0
1750392000000,2025-06-20 06:00:00,4.012,4.059,3.976,4.058,373045.2
1750406400000,2025-06-20 10:00:00,4.058,4.081,4.037,4.06,482115.0
1750420800000,2025-06-20 14:00:00,4.06,4.065,3.96,3.971,1109531.2
1750435200000,2025-06-20 18:00:00,3.971,3.972,3.822,3.937,1463783.3
1750449600000,2025-06-20 22:00:00,3.937,3.974,3.891,3.924,348159.0
1750464000000,2025-06-21 02:00:00,3.924,3.965,3.914,3.961,124476.2
1750478400000,2025-06-21 06:00:00,3.961,3.989,3.952,3.964,193520.5
1750492800000,2025-06-21 10:00:00,3.964,3.986,3.946,3.949,233124.1
1750507200000,2025-06-21 14:00:00,3.949,3.954,3.853,3.88,599441.4
1750521600000,2025-06-21 18:00:00,3.88,3.887,3.797,3.8,551110.8
1750536000000,2025-06-21 22:00:00,3.8,3.833,3.684,3.79,1569950.8
1750550400000,2025-06-22 02:00:00,3.79,3.842,3.74,3.758,645037.1
1750564800000,2025-06-22 06:00:00,3.758,3.808,3.75,3.772,361998.0
1750579200000,2025-06-22 10:00:00,3.772,3.775,3.715,3.758,527240.1
1750593600000,2025-06-22 14:00:00,3.758,3.77,3.594,3.65,2655419.4
1750608000000,2025-06-22 18:00:00,3.65,3.71,3.633,3.649,573214.7
1750622400000,2025-06-22 22:00:00,3.649,3.716,3.545,3.715,1271537.1
1750636800000,2025-06-23 02:00:00,3.715,3.748,3.702,3.724,332026.5
1750651200000,2025-06-23 06:00:00,3.724,3.791,3.724,3.764,418143.6
1750665600000,2025-06-23 10:00:00,3.764,3.779,3.736,3.774,477821.3
1750680000000,2025-06-23 14:00:00,3.774,3.887,3.765,3.832,1120900.3
1750694400000,2025-06-23 18:00:00,3.832,3.937,3.729,3.934,1346418.8
1750708800000,2025-06-23 22:00:00,3.934,4.094,3.924,4.069,1222700.7
1750723200000,2025-06-24 02:00:00,4.069,4.082,4.002,4.006,757763.5
1750737600000,2025-06-24 06:00:00,4.006,4.079,3.988,4.023,971998.7
1750752000000,2025-06-24 10:00:00,4.023,4.056,3.999,4.025,519958.6
1750766400000,2025-06-24 14:00:00,4.025,4.091,4.023,4.078,899164.3
1750780800000,2025-06-24 18:00:00,4.078,4.137,4.037,4.06,1190178.7
1750795200000,2025-06-24 22:00:00,4.06,4.081,4.04,4.072,362978.6
1750809600000,2025-06-25 02:00:00,4.072,4.08,4.034,4.05,545869.5
1750824000000,2025-06-25 06:00:00,4.05,4.057,4.023,4.046,310951.9
1750838400000,2025-06-25 10:00:00,4.046,4.054,3.986,4.047,1398245.2
1750852800000,2025-06-25 14:00:00,4.047,4.056,3.983,3.989,769753.0
1750867200000,2025-06-25 18:00:00,3.989,4.041,3.977,4.028,662743.1
1750881600000,2025-06-25 22:00:00,4.028,4.045,3.974,3.997,702898.2
1750896000000,2025-06-26 02:00:00,3.997,4.064,3.983,4.015,536804.0
1750910400000,2025-06-26 06:00:00,4.015,4.043,3.973,4.027,717790.1
1750924800000,2025-06-26 10:00:00,4.027,4.032,3.954,3.96,743155.8
1750939200000,2025-06-26 14:00:00,3.96,3.968,3.893,3.935,1338699.6
1750953600000,2025-06-26 18:00:00,3.935,3.951,3.906,3.943,514536.9
1750968000000,2025-06-26 22:00:00,3.943,3.988,3.886,3.889,775186.8
1750982400000,2025-06-27 02:00:00,3.889,3.94,3.855,3.931,652433.7
1750996800000,2025-06-27 06:00:00,3.931,3.946,3.888,3.893,479381.8
1751011200000,2025-06-27 10:00:00,3.893,3.942,3.893,3.911,381333.5
1751025600000,2025-06-27 14:00:00,3.911,3.92,3.87,3.907,590137.7
1751040000000,2025-06-27 18:00:00,3.907,3.948,3.842,3.866,523522.2
1751054400000,2025-06-27 22:00:00,3.866,3.932,3.863,3.922,201229.7
1751068800000,2025-06-28 02:00:00,3.922,3.953,3.913,3.934,143358.8
1751083200000,2025-06-28 06:00:00,3.934,3.951,3.922,3.945,205276.3
1751097600000,2025-06-28 10:00:00,3.945,3.96,3.921,3.953,332666.3
1751112000000,2025-06-28 14:00:00,3.953,3.997,3.944,3.993,336814.6
1751126400000,2025-06-28 18:00:00,3.993,4.025,3.973,3.981,523390.0
1751140800000,2025-06-28 22:00:00,3.981,4.004,3.965,3.991,215899.0
1751155200000,2025-06-29 02:00:00,3.991,4.011,3.97,3.97,175933.4
1751169600000,2025-06-29 06:00:00,3.97,4.019,3.96,4.019,202327.5
1751184000000,2025-06-29 10:00:00,4.019,4.042,4.012,4.018,310661.4
1751198400000,2025-06-29 14:00:00,4.018,4.024,3.984,3.997,353949.6
1751212800000,2025-06-29 18:00:00,3.997,4.041,3.994,4.033,314001.7
1751227200000,2025-06-29 22:00:00,4.033,4.23,4.018,4.203,1852950.4
1751241600000,2025-06-30 02:00:00,4.203,4.236,4.149,4.159,669344.3
1751256000000,2025-06-30 06:00:00,4.159,4.166,4.108,4.162,528419.4
1751270400000,2025-06-30 10:00:00,4.162,4.167,4.102,4.108,534367.6
1751284800000,2025-06-30 14:00:00,4.108,4.124,4.052,4.095,1042453.7
1751299200000,2025-06-30 18:00:00,4.095,4.18,4.08,4.176,633295.6
1751313600000,2025-06-30 22:00:00,4.176,4.176,4.087,4.09,775061.2
1751328000000,2025-07-01 02:00:00,4.09,4.107,4.036,4.043,969335.0
1751342400000,2025-07-01 06:00:00,4.043,4.043,3.972,4.012,689638.4
1751356800000,2025-07-01 10:00:00,4.012,4.012,3.97,3.989,495677.0
1751371200000,2025-07-01 14:00:00,3.989,4.035,3.981,3.993,909062.2
1751385600000,2025-07-01 18:00:00,3.993,4.011,3.94,3.943,403130.6
1751400000000,2025-07-01 22:00:00,3.943,3.972,3.909,3.925,411088.1
1751414400000,2025-07-02 02:00:00,3.925,3.967,3.898,3.951,386421.2
1751428800000,2025-07-02 06:00:00,3.951,4.016,3.95,4.009,441717.9
1751443200000,2025-07-02 10:00:00,4.009,4.041,3.985,4.013,432399.9
1751457600000,2025-07-02 14:00:00,4.013,4.088,3.994,4.085,667876.8
1751472000000,2025-07-02 18:00:00,4.085,4.239,4.085,4.237,1572890.4
1751486400000,2025-07-02 22:00:00,4.237,4.25,4.168,4.172,592292.0
1751500800000,2025-07-03 02:00:00,4.172,4.195,4.154,4.17,283937.4
1751515200000,2025-07-03 06:00:00,4.17,4.262,4.166,4.25,475413.7
1751529600000,2025-07-03 10:00:00,4.25,4.255,4.202,4.218,827812.5
1751544000000,2025-07-03 14:00:00,4.218,4.256,4.158,4.163,1016610.6
1751558400000,2025-07-03 18:00:00,4.163,4.201,4.161,4.19,354813.2
1751572800000,2025-07-03 22:00:00,4.19,4.212,4.171,4.181,203810.2
1751587200000,2025-07-04 02:00:00,4.181,4.195,4.124,4.136,509615.6
1751601600000,2025-07-04 06:00:00,4.136,4.147,4.043,4.046,742700.3
1751616000000,2025-07-04 10:00:00,4.046,4.093,4.024,4.074,505492.1
1751630400000,2025-07-04 14:00:00,4.074,4.084,3.997,4.005,722817.1
1751644800000,2025-07-04 18:00:00,4.005,4.016,3.947,3.968,796032.0
1751659200000,2025-07-04 22:00:00,3.968,4.02,3.962,3.996,239213.8
1751673600000,2025-07-05 02:00:00,3.996,4.016,3.971,3.997,164442.6
1751688000000,2025-07-05 06:00:00,3.997,4.028,3.969,4.011,262418.7
1751702400000,2025-07-05 10:00:00,4.011,4.016,3.978,3.994,178679.2
1751716800000,2025-07-05 14:00:00,3.994,4.003,3.97,3.974,261931.6
1751731200000,2025-07-05 18:00:00,3.974,3.994,3.94,3.977,441465.7
1751745600000,2025-07-05 22:00:00,3.977,4.015,3.969,4.007,195318.3
1751760000000,2025-07-06 02:00:00,4.007,4.012,3.982,3.987,105978.4
1751774400000,2025-07-06 06:00:00,3.987,4.007,3.983,3.992,116701.2
1751788800000,2025-07-06 10:00:00,3.992,4.011,3.974,4.011,163610.2
1751803200000,2025-07-06 14:00:00,4.011,4.083,4.0,4.058,624448.9
1751817600000,2025-07-06 18:00:00,4.058,4.072,4.026,4.056,455340.0
1751832000000,2025-07-06 22:00:00,4.056,4.132,4.055,4.075,620439.2
1751846400000,2025-07-07 02:00:00,4.075,4.112,4.068,4.086,137602.1
1751860800000,2025-07-07 06:00:00,4.086,4.096,4.045,4.089,278170.2
1751875200000,2025-07-07 10:00:00,4.089,4.098,4.055,4.072,288319.8
1751889600000,2025-07-07 14:00:00,4.072,4.099,4.047,4.06,459441.7
1751904000000,2025-07-07 18:00:00,4.06,4.067,4.009,4.057,626151.4
1751918400000,2025-07-07 22:00:00,4.057,4.057,4.009,4.044,489066.4
1751932800000,2025-07-08 02:00:00,4.044,4.058,3.995,4.009,399999.3
1751947200000,2025-07-08 06:00:00,4.009,4.037,3.994,4.034,306848.7
1751961600000,2025-07-08 10:00:00,4.034,4.091,4.003,4.075,551495.4
1751976000000,2025-07-08 14:00:00,4.075,4.111,4.051,4.06,508840.9
1751990400000,2025-07-08 18:00:00,4.06,4.162,4.044,4.15,653874.1
1752004800000,2025-07-08 22:00:00,4.15,4.176,4.115,4.124,504880.5
1752019200000,2025-07-09 02:00:00,4.124,4.129,4.089,4.112,378110.2
1752033600000,2025-07-09 06:00:00,4.112,4.166,4.105,4.161,488706.6
1752048000000,2025-07-09 10:00:00,4.161,4.212,4.153,4.202,610800.8
1752062400000,2025-07-09 14:00:00,4.202,4.235,4.169,4.199,672394.0
1752076800000,2025-07-09 18:00:00,4.199,4.315,4.199,4.308,1124859.8
1752091200000,2025-07-09 22:00:00,4.308,4.36,4.286,4.311,806436.3
1752105600000,2025-07-10 02:00:00,4.311,4.341,4.292,4.334,263465.6
1752120000000,2025-07-10 06:00:00,4.334,4.359,4.309,4.342,276588.7
1752134400000,2025-07-10 10:00:00,4.342,4.351,4.312,4.328,309342.6
1752148800000,2025-07-10 14:00:00,4.328,4.338,4.285,4.292,514802.6
1752163200000,2025-07-10 18:00:00,4.292,4.445,4.288,4.411,1228119.9
1752177600000,2025-07-10 22:00:00,4.411,4.623,4.411,4.615,982063.6
1752192000000,2025-07-11 02:00:00,4.615,4.678,4.546,4.65,805358.4
1752206400000,2025-07-11 06:00:00,4.65,4.72,4.596,4.612,992189.1
1752220800000,2025-07-11 10:00:00,4.612,4.695,4.612,4.642,808988.5
1752235200000,2025-07-11 14:00:00,4.642,4.796,4.633,4.669,1601390.4
1752249600000,2025-07-11 18:00:00,4.669,4.79,4.648,4.778,587888.8
1752264000000,2025-07-11 22:00:00,4.778,4.778,4.574,4.638,596314.6
1752278400000,2025-07-12 02:00:00,4.638,4.713,4.573,4.69,318739.3
1752292800000,2025-07-12 06:00:00,4.69,4.723,4.601,4.7,371509.1
1752307200000,2025-07-12 10:00:00,4.7,4.729,4.653,4.7,373203.0
1752321600000,2025-07-12 14:00:00,4.7,4.713,4.493,4.522,1173687.0
1752336000000,2025-07-12 18:00:00,4.522,4.603,4.501,4.592,409076.6
1752350400000,2025-07-12 22:00:00,4.592,4.593,4.521,4.576,236777.0
1752364800000,2025-07-13 02:00:00,4.576,4.607,4.563,4.597,217106.6
1752379200000,2025-07-13 06:00:00,4.597,4.682,4.576,4.677,266580.6
1752393600000,2025-07-13 10:00:00,4.677,4.678,4.607,4.653,366815.0
1752408000000,2025-07-13 14:00:00,4.653,4.738,4.636,4.703,725466.5
1752422400000,2025-07-13 18:00:00,4.703,4.755,4.646,4.726,654367.4
1752436800000,2025-07-13 22:00:00,4.726,4.745,4.634,4.677,380649.1
1752451200000,2025-07-14 02:00:00,4.677,4.84,4.666,4.806,1008114.6
1752465600000,2025-07-14 06:00:00,4.806,4.852,4.727,4.792,842412.1
1752480000000,2025-07-14 10:00:00,4.792,4.795,4.696,4.715,796528.7
1752494400000,2025-07-14 14:00:00,4.715,4.731,4.577,4.613,1273462.4
1752508800000,2025-07-14 18:00:00,4.613,4.635,4.519,4.533,803463.9
1752523200000,2025-07-14 22:00:00,4.533,4.574,4.487,4.553,543897.6
1752537600000,2025-07-15 02:00:00,4.553,4.579,4.428,4.471,840770.2
1752552000000,2025-07-15 06:00:00,4.471,4.511,4.437,4.466,535639.3
1752566400000,2025-07-15 10:00:00,4.466,4.514,4.433,4.508,510738.3
1752580800000,2025-07-15 14:00:00,4.508,4.585,4.459,4.559,1254025.8
1752595200000,2025-07-15 18:00:00,4.559,4.704,4.553,4.557,1158038.6
1752609600000,2025-07-15 22:00:00,4.557,4.717,4.542,4.667,537690.0
1752624000000,2025-07-16 02:00:00,4.667,4.712,4.608,4.635,521738.0
1752638400000,2025-07-16 06:00:00,4.635,4.713,4.603,4.691,580069.1
1752652800000,2025-07-16 10:00:00,4.691,4.7,4.637,4.652,467597.6
1752667200000,2025-07-16 14:00:00,4.652,4.716,4.621,4.681,1113087.4
1752681600000,2025-07-16 18:00:00,4.681,4.797,4.662,4.766,1242719.3
1752696000000,2025-07-16 22:00:00,4.766,4.883,4.723,4.746,1048744.5
1752710400000,2025-07-17 02:00:00,4.746,4.806,4.636,4.668,764880.7
1752724800000,2025-07-17 06:00:00,4.668,4.788,4.658,4.756,705974.5
1752739200000,2025-07-17 10:00:00,4.756,4.835,4.75,4.779,607871.7
1752753600000,2025-07-17 14:00:00,4.779,4.847,4.707,4.818,1036265.8
1752768000000,2025-07-17 18:00:00,4.818,4.847,4.716,4.751,782740.6
1752782400000,2025-07-17 22:00:00,4.751,4.904,4.69,4.858,855607.6
1752796800000,2025-07-18 02:00:00,4.858,5.024,4.828,5.017,1379367.4
1752811200000,2025-07-18 06:00:00,5.017,5.162,4.987,5.041,1484839.1
1752825600000,2025-07-18 10:00:00,5.041,5.124,5.002,5.047,874258.5
1752840000000,2025-07-18 14:00:00,5.047,5.133,4.904,4.95,1424763.7
1752854400000,2025-07-18 18:00:00,4.95,5.021,4.874,4.913,421122.7
1752868800000,2025-07-18 22:00:00,4.913,4.92,4.785,4.858,1136459.9
1752883200000,2025-07-19 02:00:00,4.858,4.947,4.756,4.947,547201.7
1752897600000,2025-07-19 06:00:00,4.947,5.0,4.886,4.889,343707.7
1752912000000,2025-07-19 10:00:00,4.889,4.908,4.834,4.839,424305.9
1752926400000,2025-07-19 14:00:00,4.839,4.854,4.76,4.808,660620.7
1752940800000,2025-07-19 18:00:00,4.808,5.05,4.799,5.011,767747.1
1752955200000,2025-07-19 22:00:00,5.011,5.028,4.908,5.015,493239.9
1752969600000,2025-07-20 02:00:00,5.015,5.06,4.985,5.023,383203.2
1752984000000,2025-07-20 06:00:00,5.023,5.156,5.01,5.108,672468.3
1752998400000,2025-07-20 10:00:00,5.108,5.217,5.103,5.205,582376.6
1753012800000,2025-07-20 14:00:00,5.205,5.261,5.155,5.255,715669.1
1753027200000,2025-07-20 18:00:00,5.255,5.283,5.194,5.236,667742.9
1753041600000,2025-07-20 22:00:00,5.236,5.239,5.069,5.176,999848.9
1753056000000,2025-07-21 02:00:00,5.176,5.218,5.063,5.212,660448.6
1753070400000,2025-07-21 06:00:00,5.212,5.28,5.169,5.244,577817.2
1753084800000,2025-07-21 10:00:00,5.244,5.302,5.193,5.259,723416.2
1753099200000,2025-07-21 14:00:00,5.259,5.32,5.207,5.242,1144738.8
1753113600000,2025-07-21 18:00:00,5.242,5.275,5.124,5.142,976297.0
1753128000000,2025-07-21 22:00:00,5.142,5.224,5.119,5.188,414413.4
1753142400000,2025-07-22 02:00:00,5.188,5.212,5.024,5.093,1113549.8
1753156800000,2025-07-22 06:00:00,5.093,5.107,4.963,5.035,598696.3
1753171200000,2025-07-22 10:00:00,5.035,5.07,4.922,5.052,727228.0
1753185600000,2025-07-22 14:00:00,5.052,5.125,4.938,5.06,1398018.8
1753200000000,2025-07-22 18:00:00,5.06,5.124,4.971,4.985,1251637.3
1753214400000,2025-07-22 22:00:00,4.985,5.118,4.976,5.114,688045.2
1753228800000,2025-07-23 02:00:00,5.114,5.142,5.006,5.061,567511.3
1753243200000,2025-07-23 06:00:00,5.061,5.138,5.02,5.038,423486.1
1753257600000,2025-07-23 10:00:00,5.038,5.075,4.927,5.005,856361.2
1753272000000,2025-07-23 14:00:00,5.005,5.015,4.744,4.82,2745126.7
1753286400000,2025-07-23 18:00:00,4.82,4.82,4.651,4.709,1273609.4
1753300800000,2025-07-23 22:00:00,4.709,4.735,4.555,4.702,1587375.8
1753315200000,2025-07-24 02:00:00,4.702,4.763,4.672,4.707,342245.8
1753329600000,2025-07-24 06:00:00,4.707,4.721,4.456,4.58,1396690.0
1753344000000,2025-07-24 10:00:00,4.58,4.683,4.551,4.675,972510.4
1753358400000,2025-07-24 14:00:00,4.675,4.802,4.598,4.744,1041024.3
1753372800000,2025-07-24 18:00:00,4.744,4.751,4.632,4.688,1005530.6
1753387200000,2025-07-24 22:00:00,4.688,4.733,4.607,4.625,905553.4
1753401600000,2025-07-25 02:00:00,4.625,4.647,4.497,4.558,842827.4
1753416000000,2025-07-25 06:00:00,4.558,4.631,4.509,4.587,563755.9
1753430400000,2025-07-25 10:00:00,4.587,4.718,4.581,4.708,553685.6
1753444800000,2025-07-25 14:00:00,4.708,4.736,4.509,4.563,1129615.4
1753459200000,2025-07-25 18:00:00,4.563,4.615,4.533,4.595,325818.8
1753473600000,2025-07-25 22:00:00,4.595,4.715,4.592,4.708,355403.5
1753488000000,2025-07-26 02:00:00,4.708,4.72,4.671,4.694,217161.6
1753502400000,2025-07-26 06:00:00,4.694,4.701,4.672,4.684,174333.3
1753516800000,2025-07-26 10:00:00,4.684,4.748,4.684,4.723,390960.0
1753531200000,2025-07-26 14:00:00,4.723,4.767,4.709,4.752,558091.1
1753545600000,2025-07-26 18:00:00,4.752,4.836,4.721,4.832,482177.2
1753560000000,2025-07-26 22:00:00,4.832,4.834,4.759,4.762,364468.5
1753574400000,2025-07-27 02:00:00,4.762,4.808,4.746,4.777,507577.5
1753588800000,2025-07-27 06:00:00,4.777,4.83,4.772,4.8,510857.8
1753603200000,2025-07-27 10:00:00,4.8,4.817,4.735,4.783,478639.4
1753617600000,2025-07-27 14:00:00,4.783,4.821,4.758,4.796,308437.4
1753632000000,2025-07-27 18:00:00,4.796,4.85,4.784,4.81,827679.6
1753646400000,2025-07-27 22:00:00,4.81,4.891,4.803,4.875,504850.7
1753660800000,2025-07-28 02:00:00,4.875,4.913,4.815,4.844,768043.4
1753675200000,2025-07-28 06:00:00,4.844,4.931,4.825,4.895,619825.8
1753689600000,2025-07-28 10:00:00,4.895,4.929,4.862,4.882,695890.8
1753704000000,2025-07-28 14:00:00,4.882,4.952,4.733,4.755,2499247.5
1753718400000,2025-07-28 18:00:00,4.755,4.801,4.635,4.669,1191877.3
1753732800000,2025-07-28 22:00:00,4.669,4.676,4.604,4.641,690515.7
1753747200000,2025-07-29 02:00:00,4.641,4.658,4.551,4.624,795976.3
1753761600000,2025-07-29 06:00:00,4.624,4.769,4.593,4.762,621044.1
1753776000000,2025-07-29 10:00:00,4.762,4.768,4.614,4.646,901607.2
1753790400000,2025-07-29 14:00:00,4.646,4.722,4.564,4.599,1185741.7
1753804800000,2025-07-29 18:00:00,4.599,4.647,4.537,4.548,882669.3
1753819200000,2025-07-29 22:00:00,4.548,4.63,4.515,4.612,577581.9
1753833600000,2025-07-30 02:00:00,4.612,4.613,4.516,4.566,324183.7
1753848000000,2025-07-30 06:00:00,4.566,4.581,4.503,4.511,371128.0
1753862400000,2025-07-30 10:00:00,4.511,4.542,4.382,4.401,1206239.8
1753876800000,2025-07-30 14:00:00,4.401,4.482,4.391,4.44,1006739.1
1753891200000,2025-07-30 18:00:00,4.44,4.472,4.243,4.401,2447350.9
1753905600000,2025-07-30 22:00:00,4.401,4.441,4.343,4.414,651495.5
1753920000000,2025-07-31 02:00:00,4.414,4.482,4.403,4.469,309095.5
1753934400000,2025-07-31 06:00:00,4.469,4.501,4.455,4.486,432006.6
1753948800000,2025-07-31 10:00:00,4.486,4.513,4.45,4.463,531401.2
1753963200000,2025-07-31 14:00:00,4.463,4.465,4.251,4.32,1848282.1
1753977600000,2025-07-31 18:00:00,4.32,4.415,4.289,4.294,952723.6
1753992000000,2025-07-31 22:00:00,4.294,4.309,4.182,4.206,1048512.4
1754006400000,2025-08-01 02:00:00,4.206,4.242,4.082,4.219,1202461.1
1754020800000,2025-08-01 06:00:00,4.219,4.219,4.148,4.179,397736.9
1754035200000,2025-08-01 10:00:00,4.179,4.206,4.082,4.196,1252362.6
1754049600000,2025-08-01 14:00:00,4.196,4.26,4.12,4.223,1280097.4
1754064000000,2025-08-01 18:00:00,4.223,4.245,4.13,4.214,985509.1
1754078400000,2025-08-01 22:00:00,4.214,4.222,4.031,4.138,1165921.6
1754092800000,2025-08-02 02:00:00,4.138,4.175,4.134,4.172,245507.1
1754107200000,2025-08-02 06:00:00,4.172,4.195,4.071,4.16,493643.8
1754121600000,2025-08-02 10:00:00,4.16,4.171,4.077,4.125,575563.3
1754136000000,2025-08-02 14:00:00,4.125,4.139,4.064,4.079,463206.3
1754150400000,2025-08-02 18:00:00,4.079,4.117,4.002,4.056,1464612.5
1754164800000,2025-08-02 22:00:00,4.056,4.116,4.054,4.089,339175.5
1754179200000,2025-08-03 02:00:00,4.089,4.146,4.032,4.138,369995.1
1754193600000,2025-08-03 06:00:00,4.138,4.191,4.124,4.184,347222.6
1754208000000,2025-08-03 10:00:00,4.184,4.254,4.174,4.243,549590.1
1754222400000,2025-08-03 14:00:00,4.243,4.253,4.2,4.226,657468.5
1754236800000,2025-08-03 18:00:00,4.226,4.255,4.212,4.238,286692.0
1754251200000,2025-08-03 22:00:00,4.238,4.281,4.235,4.268,347412.3
1754265600000,2025-08-04 02:00:00,4.268,4.329,4.262,4.281,394736.1
1754280000000,2025-08-04 06:00:00,4.281,4.293,4.251,4.278,309870.2
1754294400000,2025-08-04 10:00:00,4.278,4.297,4.234,4.255,490596.5
1754308800000,2025-08-04 14:00:00,4.255,4.295,4.237,4.262,2371457.6
1754323200000,2025-08-04 18:00:00,4.262,4.313,4.226,4.264,1866700.3
1754337600000,2025-08-04 22:00:00,4.264,4.336,4.258,4.308,749894.9
1754352000000,2025-08-05 02:00:00,4.308,4.316,4.244,4.252,559695.3
1754366400000,2025-08-05 06:00:00,4.252,4.27,4.177,4.193,850557.6
1754380800000,2025-08-05 10:00:00,4.193,4.293,4.184,4.281,1011301.8
1754395200000,2025-08-05 14:00:00,4.281,4.3,4.158,4.177,2118476.7
1754409600000,2025-08-05 18:00:00,4.177,4.22,4.151,4.164,760676.9
1754424000000,2025-08-05 22:00:00,4.164,4.228,4.131,4.227,498460.1
1754438400000,2025-08-06 02:00:00,4.227,4.23,4.144,4.146,248871.3
1754452800000,2025-08-06 06:00:00,4.146,4.245,4.127,4.234,660778.1
1754467200000,2025-08-06 10:00:00,4.234,4.242,4.182,4.195,669319.4
1754481600000,2025-08-06 14:00:00,4.195,4.293,4.164,4.292,1048594.0
1754496000000,2025-08-06 18:00:00,4.292,4.323,4.259,4.308,610269.2
1754510400000,2025-08-06 22:00:00,4.308,4.339,4.283,4.318,494530.9
1754524800000,2025-08-07 02:00:00,4.318,4.334,4.288,4.292,261983.5
1754539200000,2025-08-07 06:00:00,4.292,4.338,4.291,4.318,284893.9
1754553600000,2025-08-07 10:00:00,4.318,4.417,4.306,4.41,925995.9
1754568000000,2025-08-07 14:00:00,4.41,4.427,4.37,4.386,651612.2
1754582400000,2025-08-07 18:00:00,4.386,4.394,4.307,4.391,693575.3
1754596800000,2025-08-07 22:00:00,4.391,4.468,4.388,4.466,549532.3
1754611200000,2025-08-08 02:00:00,4.466,4.533,4.392,4.497,4258892.8
1754625600000,2025-08-08 06:00:00,4.497,4.546,4.452,4.524,776331.5
1754640000000,2025-08-08 10:00:00,4.524,4.554,4.499,4.545,719236.9
1754654400000,2025-08-08 14:00:00,4.545,4.659,4.512,4.547,1676957.2
1754668800000,2025-08-08 18:00:00,4.547,4.628,4.527,4.592,719457.6
1754683200000,2025-08-08 22:00:00,4.592,4.613,4.565,4.602,308492.3
1754697600000,2025-08-09 02:00:00,4.602,4.635,4.601,4.619,334092.3
1754712000000,2025-08-09 06:00:00,4.619,4.736,4.615,4.712,708161.8
1754726400000,2025-08-09 10:00:00,4.712,4.76,4.703,4.747,675059.1
1754740800000,2025-08-09 14:00:00,4.747,4.789,4.698,4.721,827706.1
1754755200000,2025-08-09 18:00:00,4.721,4.753,4.715,4.736,373542.6
1754769600000,2025-08-09 22:00:00,4.736,4.77,4.711,4.727,440617.1
1754784000000,2025-08-10 02:00:00,4.727,4.782,4.708,4.771,383108.9
1754798400000,2025-08-10 06:00:00,4.771,4.8,4.61,4.621,880766.7
1754812800000,2025-08-10 10:00:00,4.621,4.659,4.569,4.598,631947.0
1754827200000,2025-08-10 14:00:00,4.598,4.684,4.578,4.659,526723.4
1754841600000,2025-08-10 18:00:00,4.659,4.701,4.651,4.676,296502.7
1754856000000,2025-08-10 22:00:00,4.676,4.676,4.612,4.659,422418.4
1754870400000,2025-08-11 02:00:00,4.659,4.754,4.633,4.748,778671.4
1754884800000,2025-08-11 06:00:00,4.748,4.776,4.625,4.634,911219.2
1754899200000,2025-08-11 10:00:00,4.634,4.666,4.48,4.496,1215960.6
1754913600000,2025-08-11 14:00:00,4.496,4.619,4.461,4.597,1653532.6
1754928000000,2025-08-11 18:00:00,4.597,4.653,4.51,4.535,948285.2
1754942400000,2025-08-11 22:00:00,4.535,4.545,4.442,4.482,557833.4
1754956800000,2025-08-12 02:00:00,4.482,4.548,4.472,4.511,292919.4
1754971200000,2025-08-12 06:00:00,4.511,4.539,4.46,4.532,467614.8
1754985600000,2025-08-12 10:00:00,4.532,4.543,4.461,4.536,397008.2
1755000000000,2025-08-12 14:00:00,4.536,4.631,4.504,4.628,1451572.8
1755014400000,2025-08-12 18:00:00,4.628,4.741,4.613,4.728,964788.2
1755028800000,2025-08-12 22:00:00,4.728,4.794,4.692,4.706,699033.6
1755043200000,2025-08-13 02:00:00,4.706,4.764,4.656,4.75,578872.6
1755057600000,2025-08-13 06:00:00,4.75,4.771,4.678,4.736,575623.5
1755072000000,2025-08-13 10:00:00,4.736,4.856,4.73,4.821,1016837.2
1755086400000,2025-08-13 14:00:00,4.821,4.885,4.781,4.826,1808094.1
1755100800000,2025-08-13 18:00:00,4.826,4.863,4.782,4.809,740366.6
1755115200000,2025-08-13 22:00:00,4.809,4.892,4.774,4.854,746772.3
1755129600000,2025-08-14 02:00:00,4.854,4.917,4.815,4.901,789653.3
1755144000000,2025-08-14 06:00:00,4.901,4.907,4.777,4.794,686118.7
1755158400000,2025-08-14 10:00:00,4.794,4.795,4.705,4.732,876480.1
1755172800000,2025-08-14 14:00:00,4.732,4.76,4.44,4.592,4548709.9
1755187200000,2025-08-14 18:00:00,4.592,4.592,4.47,4.523,796763.0
1755201600000,2025-08-14 22:00:00,4.523,4.53,4.424,4.518,603516.3
1755216000000,2025-08-15 02:00:00,4.518,4.581,4.497,4.572,274130.0
1755230400000,2025-08-15 06:00:00,4.572,4.626,4.549,4.587,349023.9
1755244800000,2025-08-15 10:00:00,4.587,4.594,4.476,4.492,777076.8
1755259200000,2025-08-15 14:00:00,4.492,4.537,4.327,4.355,1800077.9
1755273600000,2025-08-15 18:00:00,4.355,4.425,4.328,4.395,890676.2
1755288000000,2025-08-15 22:00:00,4.395,4.485,4.384,4.456,426210.5
1755302400000,2025-08-16 02:00:00,4.456,4.49,4.445,4.465,255007.2
1755316800000,2025-08-16 06:00:00,4.465,4.505,4.446,4.5,250432.8
1755331200000,2025-08-16 10:00:00,4.5,4.516,4.45,4.465,459264.8
1755345600000,2025-08-16 14:00:00,4.465,4.597,4.458,4.59,731130.7
1755360000000,2025-08-16 18:00:00,4.59,4.6,4.539,4.553,310745.9
1755374400000,2025-08-16 22:00:00,4.553,4.596,4.534,4.57,349593.4
1755388800000,2025-08-17 02:00:00,4.57,4.578,4.539,4.572,236548.6
1755403200000,2025-08-17 06:00:00,4.572,4.667,4.571,4.637,722103.6
1755417600000,2025-08-17 10:00:00,4.637,4.695,4.637,4.672,712884.2
1755432000000,2025-08-17 14:00:00,4.672,4.729,4.643,4.726,479559.8
1755446400000,2025-08-17 18:00:00,4.726,4.758,4.605,4.626,902321.7
1755460800000,2025-08-17 22:00:00,4.626,4.668,4.613,4.618,371365.5
1755475200000,2025-08-18 02:00:00,4.618,4.625,4.421,4.468,1630971.8
1755489600000,2025-08-18 06:00:00,4.468,4.502,4.375,4.401,907769.6
1755504000000,2025-08-18 10:00:00,4.401,4.44,4.377,4.424,758628.7
1755518400000,2025-08-18 14:00:00,4.424,4.496,4.416,4.466,921462.4
1755532800000,2025-08-18 18:00:00,4.466,4.514,4.425,4.485,595872.2
1755547200000,2025-08-18 22:00:00,4.485,4.537,4.449,4.46,539285.6
1755561600000,2025-08-19 02:00:00,4.46,4.509,4.35,4.367,1086028.5
1755576000000,2025-08-19 06:00:00,4.367,4.412,4.328,4.385,1223389.4
1755590400000,2025-08-19 10:00:00,4.385,4.442,4.342,4.439,836934.9
1755604800000,2025-08-19 14:00:00,4.439,4.439,4.316,4.337,1284047.3
1755619200000,2025-08-19 18:00:00,4.337,4.346,4.274,4.308,996252.1
1755633600000,2025-08-19 22:00:00,4.308,4.346,4.28,4.287,337013.4
1755648000000,2025-08-20 02:00:00,4.287,4.349,4.262,4.326,552783.1
1755662400000,2025-08-20 06:00:00,4.326,4.366,4.326,4.338,294454.2
1755676800000,2025-08-20 10:00:00,4.338,4.386,4.314,4.366,440030.8
1755691200000,2025-08-20 14:00:00,4.366,4.45,4.284,4.418,1223676.0
1755705600000,2025-08-20 18:00:00,4.418,4.496,4.408,4.493,529361.6
1755720000000,2025-08-20 22:00:00,4.493,4.503,4.465,4.47,341764.3
1755734400000,2025-08-21 02:00:00,4.47,4.512,4.45,4.482,344563.2
1755748800000,2025-08-21 06:00:00,4.482,4.499,4.445,4.483,354850.6
1755763200000,2025-08-21 10:00:00,4.483,4.508,4.441,4.486,1027519.0
1755777600000,2025-08-21 14:00:00,4.486,4.519,4.453,4.465,997460.6
1755792000000,2025-08-21 18:00:00,4.465,4.493,4.397,4.442,1048243.2
1755806400000,2025-08-21 22:00:00,4.442,4.495,4.405,4.427,668852.6
1755820800000,2025-08-22 02:00:00,4.427,4.483,4.396,4.419,420618.2
1755835200000,2025-08-22 06:00:00,4.419,4.453,4.386,4.435,458879.9
1755849600000,2025-08-22 10:00:00,4.435,4.468,4.366,4.367,536880.3
1755864000000,2025-08-22 14:00:00,4.367,4.66,4.292,4.623,5093203.0
1755878400000,2025-08-22 18:00:00,4.623,4.769,4.623,4.759,1664476.4
1755892800000,2025-08-22 22:00:00,4.759,4.851,4.759,4.818,1276094.8
1755907200000,2025-08-23 02:00:00,4.818,4.838,4.669,4.711,744638.5
1755921600000,2025-08-23 06:00:00,4.711,4.85,4.709,4.814,778955.6
1755936000000,2025-08-23 10:00:00,4.814,4.854,4.803,4.834,628586.0
1755950400000,2025-08-23 14:00:00,4.834,4.91,4.821,4.879,2615866.7
1755964800000,2025-08-23 18:00:00,4.879,4.932,4.855,4.928,919164.3
1755979200000,2025-08-23 22:00:00,4.928,4.933,4.862,4.888,695601.4
1755993600000,2025-08-24 02:00:00,4.888,4.9,4.808,4.827,954272.4
1756008000000,2025-08-24 06:00:00,4.827,4.83,4.72,4.729,647301.0
1756022400000,2025-08-24 10:00:00,4.729,4.746,4.652,4.664,818204.2
1756036800000,2025-08-24 14:00:00,4.664,4.734,4.659,4.692,655192.9
1756051200000,2025-08-24 18:00:00,4.692,4.97,4.675,4.806,3752626.5
1756065600000,2025-08-24 22:00:00,4.806,4.86,4.699,4.787,1467054.2
1756080000000,2025-08-25 02:00:00,4.787,4.847,4.707,4.815,626837.8
1756094400000,2025-08-25 06:00:00,4.815,4.824,4.531,4.549,1465837.8
1756108800000,2025-08-25 10:00:00,4.549,4.591,4.49,4.569,1338484.9
1756123200000,2025-08-25 14:00:00,4.569,4.666,4.552,4.611,1940264.4
1756137600000,2025-08-25 18:00:00,4.611,4.619,4.492,4.499,1235977.5
1756152000000,2025-08-25 22:00:00,4.499,4.521,4.385,4.41,2361818.4
1756166400000,2025-08-26 02:00:00,4.41,4.505,4.385,4.464,614857.1
1756180800000,2025-08-26 06:00:00,4.464,4.488,4.416,4.459,468655.9
1756195200000,2025-08-26 10:00:00,4.459,4.481,4.44,4.468,394779.6
1756209600000,2025-08-26 14:00:00,4.468,4.572,4.382,4.445,1821061.3
1756224000000,2025-08-26 18:00:00,4.445,4.567,4.435,4.561,609720.1
1756238400000,2025-08-26 22:00:00,4.561,4.58,4.517,4.522,585430.8
1756252800000,2025-08-27 02:00:00,4.522,4.557,4.477,4.543,309173.4
1756267200000,2025-08-27 06:00:00,4.543,4.57,4.489,4.495,433074.1
1756281600000,2025-08-27 10:00:00,4.495,4.518,4.47,4.511,336222.6
1756296000000,2025-08-27 14:00:00,4.511,4.574,4.478,4.551,615298.2
1756310400000,2025-08-27 18:00:00,4.551,4.582,4.503,4.537,574414.7
1756324800000,2025-08-27 22:00:00,4.537,4.597,4.482,4.488,1432001.3
1756339200000,2025-08-28 02:00:00,4.488,4.562,4.456,4.556,355237.9
1756353600000,2025-08-28 06:00:00,4.556,4.583,4.542,4.567,284370.5
1756368000000,2025-08-28 10:00:00,4.567,4.599,4.543,4.588,396232.4
1756382400000,2025-08-28 14:00:00,4.588,4.72,4.586,4.653,1565531.3
1756396800000,2025-08-28 18:00:00,4.653,4.702,4.596,4.597,832570.4
1756411200000,2025-08-28 22:00:00,4.597,4.804,4.589,4.778,1189502.7
1756425600000,2025-08-29 02:00:00,4.778,4.805,4.735,4.738,746663.5
1756440000000,2025-08-29 06:00:00,4.738,4.748,4.595,4.603,1150090.0
1756454400000,2025-08-29 10:00:00,4.603,4.615,4.508,4.572,1020844.7
1756468800000,2025-08-29 14:00:00,4.572,4.663,4.488,4.551,2511145.2
1756483200000,2025-08-29 18:00:00,4.551,4.553,4.421,4.471,1392601.8
1756497600000,2025-08-29 22:00:00,4.471,4.505,4.425,4.478,598380.4
1756512000000,2025-08-30 02:00:00,4.478,4.549,4.415,4.528,587724.0
1756526400000,2025-08-30 06:00:00,4.528,4.555,4.502,4.553,257325.5
1756540800000,2025-08-30 10:00:00,4.553,4.554,4.504,4.522,273981.9
1756555200000,2025-08-30 14:00:00,4.522,4.522,4.445,4.519,594226.6
1756569600000,2025-08-30 18:00:00,4.519,4.52,4.464,4.49,276358.9
1756584000000,2025-08-30 22:00:00,4.49,4.504,4.458,4.502,257950.8
1756598400000,2025-08-31 02:00:00,4.502,4.6,4.5,4.594,506088.3
1756612800000,2025-08-31 06:00:00,4.594,4.6,4.537,4.553,286210.7
1756627200000,2025-08-31 10:00:00,4.553,4.588,4.532,4.588,386885.9
1756641600000,2025-08-31 14:00:00,4.588,4.616,4.529,4.562,511388.4
1756656000000,2025-08-31 18:00:00,4.562,4.563,4.526,4.532,311467.5
1756670400000,2025-08-31 22:00:00,4.532,4.549,4.456,4.46,530771.8
1756684800000,2025-09-01 02:00:00,4.46,4.462,4.378,4.408,684444.6
1756699200000,2025-09-01 06:00:00,4.408,4.525,4.364,4.523,631160.9
1756713600000,2025-09-01 10:00:00,4.523,4.596,4.467,4.474,1010666.2
1756728000000,2025-09-01 14:00:00,4.474,4.503,4.403,4.409,760796.6
1756742400000,2025-09-01 18:00:00,4.409,4.451,4.384,4.439,619577.1
1756756800000,2025-09-01 22:00:00,4.439,4.451,4.315,4.392,1508011.2
1756771200000,2025-09-02 02:00:00,4.392,4.458,4.363,4.445,443073.9
1756785600000,2025-09-02 06:00:00,4.445,4.454,4.393,4.402,357517.1
1756800000000,2025-09-02 10:00:00,4.402,4.443,4.401,4.41,455822.0
1756814400000,2025-09-02 14:00:00,4.41,4.468,4.345,4.358,1390936.8
1756828800000,2025-09-02 18:00:00,4.358,4.407,4.355,4.376,664450.8
1756843200000,2025-09-02 22:00:00,4.376,4.447,4.37,4.427,374456.8
1756857600000,2025-09-03 02:00:00,4.427,4.47,4.402,4.456,338033.3
1756872000000,2025-09-03 06:00:00,4.456,4.46,4.398,4.423,314846.9
1756886400000,2025-09-03 10:00:00,4.423,4.487,4.412,4.462,760784.8
1756900800000,2025-09-03 14:00:00,4.462,4.534,4.448,4.533,961830.7
1756915200000,2025-09-03 18:00:00,4.533,4.562,4.506,4.536,681165.5
1756929600000,2025-09-03 22:00:00,4.536,4.544,4.5,4.517,464662.9
1756944000000,2025-09-04 02:00:00,4.517,4.538,4.441,4.443,386122.6
1756958400000,2025-09-04 06:00:00,4.443,4.453,4.39,4.417,920292.4
1756972800000,2025-09-04 10:00:00,4.417,4.442,4.404,4.407,386799.1
1756987200000,2025-09-04 14:00:00,4.407,4.432,4.366,4.386,770438.3
1757001600000,2025-09-04 18:00:00,4.386,4.403,4.334,4.343,530496.1
1757016000000,2025-09-04 22:00:00,4.343,4.433,4.342,4.382,540397.4
1757030400000,2025-09-05 02:00:00,4.382,4.4,4.362,4.395,365495.3
1757044800000,2025-09-05 06:00:00,4.395,4.46,4.384,4.459,435978.6
1757059200000,2025-09-05 10:00:00,4.459,4.486,4.43,4.472,680159.2
1757073600000,2025-09-05 14:00:00,4.472,4.554,4.392,4.421,2734461.2
1757088000000,2025-09-05 18:00:00,4.421,4.438,4.385,4.429,733853.2
1757102400000,2025-09-05 22:00:00,4.429,4.466,4.41,4.437,547706.7
1757116800000,2025-09-06 02:00:00,4.437,4.456,4.428,4.446,281289.4
1757131200000,2025-09-06 06:00:00,4.446,4.446,4.381,4.392,524590.9
1757145600000,2025-09-06 10:00:00,4.392,4.399,4.356,4.374,472996.9
1757160000000,2025-09-06 14:00:00,4.374,4.403,4.36,4.37,504861.5
1757174400000,2025-09-06 18:00:00,4.37,4.4,4.355,4.36,438214.6
1757188800000,2025-09-06 22:00:00,4.36,4.439,4.36,4.408,621886.7
1757203200000,2025-09-07 02:00:00,4.408,4.459,4.406,4.446,368198.6
1757217600000,2025-09-07 06:00:00,4.446,4.474,4.434,4.445,357472.3
1757232000000,2025-09-07 10:00:00,4.445,4.466,4.425,4.455,325982.0
1757246400000,2025-09-07 14:00:00,4.455,4.489,4.438,4.461,725168.3
1757260800000,2025-09-07 18:00:00,4.461,4.467,4.434,4.458,417216.4
1757275200000,2025-09-07 22:00:00,4.458,4.506,4.444,4.481,423312.9
1757289600000,2025-09-08 02:00:00,4.481,4.546,4.471,4.509,562113.1
1757304000000,2025-09-08 06:00:00,4.509,4.509,4.474,4.488,285237.5
1757318400000,2025-09-08 10:00:00,4.488,4.56,4.488,4.521,708719.1
1757332800000,2025-09-08 14:00:00,4.521,4.584,4.51,4.57,783722.7
1757347200000,2025-09-08 18:00:00,4.57,4.594,4.517,4.54,961534.0
1757361600000,2025-09-08 22:00:00,4.54,4.558,4.502,4.536,479304.9
1757376000000,2025-09-09 02:00:00,4.536,4.574,4.485,4.545,490568.2
1757390400000,2025-09-09 06:00:00,4.545,4.653,4.53,4.625,740195.5
1757404800000,2025-09-09 10:00:00,4.625,4.677,4.617,4.64,819006.3
1757419200000,2025-09-09 14:00:00,4.64,4.663,4.505,4.524,1484954.0
1757433600000,2025-09-09 18:00:00,4.524,4.613,4.504,4.601,630745.6
1757448000000,2025-09-09 22:00:00,4.601,4.607,4.563,4.585,429518.8
1757462400000,2025-09-10 02:00:00,4.585,4.616,4.556,4.615,397255.9
1757476800000,2025-09-10 06:00:00,4.615,4.621,4.569,4.61,507381.5
1757491200000,2025-09-10 10:00:00,4.61,4.645,4.587,4.621,695894.6
1757505600000,2025-09-10 14:00:00,4.621,4.715,4.619,4.687,1551992.0
1757520000000,2025-09-10 18:00:00,4.687,4.69,4.603,4.615,561028.6
1757534400000,2025-09-10 22:00:00,4.615,4.71,4.612,4.678,722783.9
1757548800000,2025-09-11 02:00:00,4.678,4.703,4.671,4.701,289926.8
1757563200000,2025-09-11 06:00:00,4.701,4.701,4.654,4.669,415903.5
1757577600000,2025-09-11 10:00:00,4.669,4.677,4.626,4.627,319768.8
1757592000000,2025-09-11 14:00:00,4.627,4.677,4.584,4.626,1137565.4
1757606400000,2025-09-11 18:00:00,4.626,4.684,4.625,4.676,412809.6
1757620800000,2025-09-11 22:00:00,4.676,4.704,4.675,4.692,458642.7
1757635200000,2025-09-12 02:00:00,4.692,4.737,4.665,4.678,810656.1
1757649600000,2025-09-12 06:00:00,4.678,4.709,4.666,4.673,562684.8
1757664000000,2025-09-12 10:00:00,4.673,4.674,4.615,4.618,807206.8
1757678400000,2025-09-12 14:00:00,4.618,4.683,4.598,4.65,879448.6
1757692800000,2025-09-12 18:00:00,4.65,4.743,4.645,4.74,902409.4
1757707200000,2025-09-12 22:00:00,4.74,4.752,4.706,4.748,701608.1
1757721600000,2025-09-13 02:00:00,4.748,4.79,4.737,4.761,859019.7
1757736000000,2025-09-13 06:00:00,4.761,4.807,4.748,4.787,373107.0
1757750400000,2025-09-13 10:00:00,4.787,4.869,4.786,4.868,1172697.5
1757764800000,2025-09-13 14:00:00,4.868,4.889,4.785,4.851,1399584.5
1757779200000,2025-09-13 18:00:00,4.851,4.88,4.764,4.806,984420.1
1757793600000,2025-09-13 22:00:00,4.806,4.846,4.806,4.822,442379.5
1757808000000,2025-09-14 02:00:00,4.822,4.829,4.747,4.753,398713.5
1757822400000,2025-09-14 06:00:00,4.753,4.8,4.708,4.764,661844.8
1757836800000,2025-09-14 10:00:00,4.764,4.786,4.682,4.683,849500.0
1757851200000,2025-09-14 14:00:00,4.683,4.701,4.609,4.639,1200522.6
1757865600000,2025-09-14 18:00:00,4.639,4.691,4.633,4.656,369734.6
1757880000000,2025-09-14 22:00:00,4.656,4.687,4.626,4.633,381576.3
1757894400000,2025-09-15 02:00:00,4.633,4.668,4.592,4.649,507772.0
1757908800000,2025-09-15 06:00:00,4.649,4.674,4.539,4.556,1125227.4
1757923200000,2025-09-15 10:00:00,4.556,4.556,4.467,4.518,1627425.4
1757937600000,2025-09-15 14:00:00,4.518,4.535,4.463,4.489,973134.4
1757952000000,2025-09-15 18:00:00,4.489,4.496,4.452,4.491,535807.6
1757966400000,2025-09-15 22:00:00,4.491,4.526,4.487,4.505,442712.7
1757980800000,2025-09-16 02:00:00,4.505,4.505,4.421,4.443,838563.1
1757995200000,2025-09-16 06:00:00,4.443,4.482,4.415,4.472,596331.9
1758009600000,2025-09-16 10:00:00,4.472,4.508,4.446,4.459,518559.2
1758024000000,2025-09-16 14:00:00,4.459,4.525,4.435,4.524,799463.0
1758038400000,2025-09-16 18:00:00,4.524,4.572,4.496,4.545,862084.3
1758052800000,2025-09-16 22:00:00,4.545,4.562,4.527,4.542,336888.2
1758067200000,2025-09-17 02:00:00,4.542,4.56,4.513,4.516,346557.3
1758081600000,2025-09-17 06:00:00,4.516,4.546,4.483,4.534,463656.1
1758096000000,2025-09-17 10:00:00,4.534,4.536,4.469,4.49,420415.1
1758110400000,2025-09-17 14:00:00,4.49,4.502,4.464,4.471,440204.7
1758124800000,2025-09-17 18:00:00,4.471,4.554,4.45,4.553,1939779.1
1758139200000,2025-09-17 22:00:00,4.553,4.638,4.506,4.61,931385.2
1758153600000,2025-09-18 02:00:00,4.61,4.641,4.585,4.63,416848.8
1758168000000,2025-09-18 06:00:00,4.63,4.634,4.553,4.583,500302.0
1758182400000,2025-09-18 10:00:00,4.583,4.619,4.578,4.598,412265.5
1758196800000,2025-09-18 14:00:00,4.598,4.64,4.583,4.619,689965.9
1758211200000,2025-09-18 18:00:00,4.619,4.698,4.618,4.67,1311509.0
1758225600000,2025-09-18 22:00:00,4.67,4.7,4.641,4.672,782414.0
1758240000000,2025-09-19 02:00:00,4.672,4.75,4.619,4.627,915887.3
1758254400000,2025-09-19 06:00:00,4.627,4.66,4.592,4.637,655260.3
1758268800000,2025-09-19 10:00:00,4.637,4.68,4.574,4.589,1208708.8
1758283200000,2025-09-19 14:00:00,4.589,4.615,4.519,4.544,1122305.0
1758297600000,2025-09-19 18:00:00,4.544,4.553,4.472,4.491,677545.5
1758312000000,2025-09-19 22:00:00,4.491,4.506,4.448,4.472,616344.8
1758326400000,2025-09-20 02:00:00,4.472,4.494,4.423,4.463,992006.3
1758340800000,2025-09-20 06:00:00,4.463,4.493,4.451,4.493,390024.2
1758355200000,2025-09-20 10:00:00,4.493,4.493,4.434,4.456,408459.9
1758369600000,2025-09-20 14:00:00,4.456,4.495,4.417,4.477,799855.1
1758384000000,2025-09-20 18:00:00,4.477,4.483,4.431,4.434,386273.2
1758398400000,2025-09-20 22:00:00,4.434,4.48,4.43,4.45,532591.7
1758412800000,2025-09-21 02:00:00,4.45,4.478,4.438,4.476,561552.4
1758427200000,2025-09-21 06:00:00,4.476,4.509,4.462,4.496,599966.2
1758441600000,2025-09-21 10:00:00,4.496,4.505,4.42,4.435,673631.6
1758456000000,2025-09-21 14:00:00,4.435,4.467,4.43,4.433,467050.4
1758470400000,2025-09-21 18:00:00,4.433,4.45,4.396,4.446,795716.0
1758484800000,2025-09-21 22:00:00,4.446,4.449,4.397,4.398,346662.1
1758499200000,2025-09-22 02:00:00,4.398,4.419,4.254,4.31,2430381.3
1758513600000,2025-09-22 06:00:00,4.31,4.322,3.987,4.154,4992826.4
1758528000000,2025-09-22 10:00:00,4.154,4.177,4.123,4.156,808233.6
1758542400000,2025-09-22 14:00:00,4.156,4.186,4.109,4.118,950796.9
1758556800000,2025-09-22 18:00:00,4.118,4.138,4.079,4.086,730121.7
1758571200000,2025-09-22 22:00:00,4.086,4.16,4.08,4.158,392442.4
1758585600000,2025-09-23 02:00:00,4.158,4.178,4.094,4.162,554262.6
1758600000000,2025-09-23 06:00:00,4.162,4.21,4.134,4.181,932706.0
1758614400000,2025-09-23 10:00:00,4.181,4.213,4.168,4.186,522023.5
1758628800000,2025-09-23 14:00:00,4.186,4.209,4.151,4.182,607961.4
1758643200000,2025-09-23 18:00:00,4.182,4.219,4.143,4.149,832030.7
1758657600000,2025-09-23 22:00:00,4.149,4.173,4.115,4.125,528784.2
1758672000000,2025-09-24 02:00:00,4.125,4.182,4.104,4.111,533370.2
1758686400000,2025-09-24 06:00:00,4.111,4.207,4.066,4.191,1511998.8
1758700800000,2025-09-24 10:00:00,4.191,4.222,4.186,4.218,467263.7
1758715200000,2025-09-24 14:00:00,4.218,4.226,4.167,4.17,493109.5
1758729600000,2025-09-24 18:00:00,4.17,4.192,4.161,4.172,298049.0
1758744000000,2025-09-24 22:00:00,4.172,4.181,4.139,4.149,329040.8
1758758400000,2025-09-25 02:00:00,4.149,4.16,4.083,4.116,846905.5
1758772800000,2025-09-25 06:00:00,4.116,4.127,4.041,4.069,1001029.8
1758787200000,2025-09-25 10:00:00,4.069,4.089,4.034,4.046,954992.1
1758801600000,2025-09-25 14:00:00,4.046,4.117,3.993,4.061,1911977.6
1758816000000,2025-09-25 18:00:00,4.061,4.078,3.936,4.038,2658074.7
1758830400000,2025-09-25 22:00:00,4.038,4.052,3.975,4.008,844969.0
1758844800000,2025-09-26 02:00:00,4.008,4.062,4.001,4.042,476644.0
1758859200000,2025-09-26 06:00:00,4.042,4.048,3.993,4.02,557807.8
1758873600000,2025-09-26 10:00:00,4.02,4.043,3.971,4.0,760724.0
1758888000000,2025-09-26 14:00:00,4.0,4.058,3.962,4.055,1303173.5
1758902400000,2025-09-26 18:00:00,4.055,4.179,4.052,4.142,1033682.9
1758916800000,2025-09-26 22:00:00,4.142,4.146,4.103,4.114,319302.1
1758931200000,2025-09-27 02:00:00,4.114,4.118,4.082,4.085,272911.4
1758945600000,2025-09-27 06:00:00,4.085,4.123,4.08,4.104,194191.6
1758960000000,2025-09-27 10:00:00,4.104,4.105,4.056,4.089,250496.8
1758974400000,2025-09-27 14:00:00,4.089,4.102,4.065,4.093,233600.4
1758988800000,2025-09-27 18:00:00,4.093,4.097,4.053,4.073,354022.2
1759003200000,2025-09-27 22:00:00,4.073,4.157,4.073,4.108,400024.9
1759017600000,2025-09-28 02:00:00,4.108,4.119,4.053,4.067,340630.1
1759032000000,2025-09-28 06:00:00,4.067,4.074,4.027,4.04,263515.6
1759046400000,2025-09-28 10:00:00,4.04,4.05,4.02,4.041,251994.4
1759060800000,2025-09-28 14:00:00,4.041,4.104,4.021,4.09,319400.5
1759075200000,2025-09-28 18:00:00,4.09,4.123,4.072,4.108,442046.2
1759089600000,2025-09-28 22:00:00,4.108,4.184,4.107,4.181,324890.6
1759104000000,2025-09-29 02:00:00,4.181,4.181,4.135,4.146,282017.3
1759118400000,2025-09-29 06:00:00,4.146,4.147,4.101,4.12,323766.2
1759132800000,2025-09-29 10:00:00,4.12,4.156,4.082,4.101,425527.4
1759147200000,2025-09-29 14:00:00,4.101,4.13,4.005,4.088,1248192.3
1759161600000,2025-09-29 18:00:00,4.088,4.117,4.048,4.111,389115.7
1759176000000,2025-09-29 22:00:00,4.111,4.161,4.108,4.109,435649.4
1759190400000,2025-09-30 02:00:00,4.109,4.112,4.039,4.065,616373.6
1759204800000,2025-09-30 06:00:00,4.065,4.082,4.041,4.055,374965.4
1759219200000,2025-09-30 10:00:00,4.055,4.065,4.014,4.063,751911.6
1759233600000,2025-09-30 14:00:00,4.063,4.063,3.971,4.01,930542.2
1759248000000,2025-09-30 18:00:00,4.01,4.073,3.994,4.071,572579.2
1759262400000,2025-09-30 22:00:00,4.071,4.104,4.064,4.099,575145.6
1759276800000,2025-10-01 02:00:00,4.099,4.132,4.079,4.079,469335.8
1759291200000,2025-10-01 06:00:00,4.079,4.129,4.076,4.1,315101.1
1759305600000,2025-10-01 10:00:00,4.1,4.255,4.096,4.207,1773747.7
1759320000000,2025-10-01 14:00:00,4.207,4.218,4.176,4.191,660218.5
1759334400000,2025-10-01 18:00:00,4.191,4.213,4.136,4.155,1048544.7
1759348800000,2025-10-01 22:00:00,4.155,4.163,4.063,4.133,1773091.0
1759363200000,2025-10-02 02:00:00,4.133,4.218,4.127,4.198,702300.9
1759377600000,2025-10-02 06:00:00,4.198,4.241,4.184,4.213,507533.2
1759392000000,2025-10-02 10:00:00,4.213,4.27,4.211,4.253,564192.5
1759406400000,2025-10-02 14:00:00,4.253,4.278,4.165,4.228,1422268.7
1759420800000,2025-10-02 18:00:00,4.228,4.311,4.226,4.291,1675708.3
1759435200000,2025-10-02 22:00:00,4.291,4.319,4.275,4.312,604716.9
1759449600000,2025-10-03 02:00:00,4.312,4.315,4.223,4.226,867290.3
1759464000000,2025-10-03 06:00:00,4.226,4.259,4.215,4.239,426145.1
1759478400000,2025-10-03 10:00:00,4.239,4.248,4.209,4.225,374864.1
1759492800000,2025-10-03 14:00:00,4.225,4.307,4.192,4.304,1032593.5
1759507200000,2025-10-03 18:00:00,4.304,4.35,4.229,4.307,2059830.4
1759521600000,2025-10-03 22:00:00,4.307,4.322,4.276,4.279,497918.0
1759536000000,2025-10-04 02:00:00,4.279,4.292,4.212,4.226,581988.9
1759550400000,2025-10-04 06:00:00,4.226,4.235,4.191,4.199,420681.3
1759564800000,2025-10-04 10:00:00,4.199,4.202,4.121,4.134,1001215.3
1759579200000,2025-10-04 14:00:00,4.134,4.158,4.087,4.099,937080.4
1759593600000,2025-10-04 18:00:00,4.099,4.12,4.084,4.115,470124.4
1759608000000,2025-10-04 22:00:00,4.115,4.143,4.115,4.134,372391.9
1759622400000,2025-10-05 02:00:00,4.134,4.187,4.11,4.166,966259.3
1759636800000,2025-10-05 06:00:00,4.166,4.266,4.16,4.265,1074662.3
1759651200000,2025-10-05 10:00:00,4.265,4.304,4.203,4.225,1341133.3
1759665600000,2025-10-05 14:00:00,4.225,4.257,4.185,4.215,617456.2
1759680000000,2025-10-05 18:00:00,4.215,4.233,4.126,4.136,902157.8
1759694400000,2025-10-05 22:00:00,4.136,4.164,4.118,4.144,406957.2
1759708800000,2025-10-06 02:00:00,4.144,4.174,4.107,4.154,532875.3
1759723200000,2025-10-06 06:00:00,4.154,4.185,4.118,4.153,579652.8
1759737600000,2025-10-06 10:00:00,4.153,4.194,4.151,4.165,674493.6
1759752000000,2025-10-06 14:00:00,4.165,4.272,4.164,4.255,1467948.7
1759766400000,2025-10-06 18:00:00,4.255,4.307,4.228,4.286,1552236.2
1759780800000,2025-10-06 22:00:00,4.286,4.306,4.259,4.271,756948.4
1759795200000,2025-10-07 02:00:00,4.271,4.29,4.229,4.241,645299.7
1759809600000,2025-10-07 06:00:00,4.241,4.298,4.193,4.21,838561.5
1759824000000,2025-10-07 10:00:00,4.21,4.217,4.133,4.217,1521866.4
1759838400000,2025-10-07 14:00:00,4.217,4.229,4.033,4.06,3668319.9
1759852800000,2025-10-07 18:00:00,4.06,4.095,4.038,4.063,1428212.3
1759867200000,2025-10-07 22:00:00,4.063,4.097,4.043,4.053,553391.8
1759881600000,2025-10-08 02:00:00,4.053,4.088,4.006,4.026,531664.3
1759896000000,2025-10-08 06:00:00,4.026,4.065,4.007,4.064,525229.3
1759910400000,2025-10-08 10:00:00,4.064,4.088,4.056,4.064,452503.8
1759924800000,2025-10-08 14:00:00,4.064,4.14,4.057,4.106,744543.4
1759939200000,2025-10-08 18:00:00,4.106,4.203,4.105,4.17,1298905.2
1759953600000,2025-10-08 22:00:00,4.17,4.188,4.148,4.168,433488.3
1759968000000,2025-10-09 02:00:00,4.168,4.183,4.047,4.088,638095.5
1759982400000,2025-10-09 06:00:00,4.088,4.109,4.044,4.057,481225.3
1759996800000,2025-10-09 10:00:00,4.057,4.062,3.999,4.03,1256770.0
1760011200000,2025-10-09 14:00:00,4.03,4.074,3.988,4.009,1205674.8
1760025600000,2025-10-09 18:00:00,4.009,4.054,3.981,4.033,727195.3
1760040000000,2025-10-09 22:00:00,4.033,4.071,4.028,4.054,334456.8
1760054400000,2025-10-10 02:00:00,4.054,4.099,4.026,4.08,366694.2
1760068800000,2025-10-10 06:00:00,4.08,4.092,4.041,4.042,557539.2
1760083200000,2025-10-10 10:00:00,4.042,4.121,4.036,4.109,615507.4
1760097600000,2025-10-10 14:00:00,4.109,4.186,3.907,3.964,3765119.6
1760112000000,2025-10-10 18:00:00,3.964,4.007,3.85,3.909,2198426.8
1760126400000,2025-10-10 22:00:00,3.909,3.933,1.438,2.929,26544018.9
1760140800000,2025-10-11 02:00:00,2.929,3.097,2.81,3.044,4556444.4
1760155200000,2025-10-11 06:00:00,3.044,3.191,3.04,3.142,1924028.8
1760169600000,2025-10-11 10:00:00,3.142,3.293,3.125,3.19,2190671.2
1760184000000,2025-10-11 14:00:00,3.19,3.198,3.076,3.187,1952130.6
1760198400000,2025-10-11 18:00:00,3.187,3.246,3.099,3.124,1652537.4
1760212800000,2025-10-11 22:00:00,3.124,3.153,3.016,3.131,1982956.8
1760227200000,2025-10-12 02:00:00,3.131,3.143,3.03,3.118,4447934.8
1760241600000,2025-10-12 06:00:00,3.118,3.275,3.116,3.263,1919137.7
1760256000000,2025-10-12 10:00:00,3.263,3.349,3.22,3.252,3101381.3
1760270400000,2025-10-12 14:00:00,3.252,3.448,3.234,3.438,3254835.5
1760284800000,2025-10-12 18:00:00,3.438,3.525,3.431,3.523,1725112.2
1760299200000,2025-10-12 22:00:00,3.523,3.546,3.444,3.478,1238529.9
1760313600000,2025-10-13 02:00:00,3.478,3.519,3.438,3.477,1345688.8
1760328000000,2025-10-13 06:00:00,3.477,3.561,3.447,3.526,920470.0
1760342400000,2025-10-13 10:00:00,3.526,3.587,3.436,3.512,3032041.9
1760356800000,2025-10-13 14:00:00,3.512,3.601,3.483,3.538,2718006.2
1760371200000,2025-10-13 18:00:00,3.538,3.622,3.505,3.595,1436450.2
1760385600000,2025-10-13 22:00:00,3.595,3.667,3.587,3.639,1151029.7
1760400000000,2025-10-14 02:00:00,3.639,3.663,3.511,3.533,1067082.2
1760414400000,2025-10-14 06:00:00,3.533,3.535,3.307,3.355,2281274.9
1760428800000,2025-10-14 10:00:00,3.355,3.399,3.296,3.364,1165609.0
1760443200000,2025-10-14 14:00:00,3.364,3.444,3.288,3.439,1644338.0
1760457600000,2025-10-14 18:00:00,3.439,3.497,3.401,3.472,2183109.3
1760472000000,2025-10-14 22:00:00,3.472,3.495,3.442,3.47,439215.6
1760486400000,2025-10-15 02:00:00,3.47,3.493,3.428,3.447,591420.3
1760500800000,2025-10-15 06:00:00,3.447,3.477,3.424,3.468,502788.9
1760515200000,2025-10-15 10:00:00,3.468,3.517,3.389,3.415,1135096.4
1760529600000,2025-10-15 14:00:00,3.415,3.424,3.3,3.333,2593375.6
1760544000000,2025-10-15 18:00:00,3.333,3.358,3.304,3.323,1035982.5
1760558400000,2025-10-15 22:00:00,3.323,3.345,3.274,3.329,1272198.7
1760572800000,2025-10-16 02:00:00,3.329,3.373,3.309,3.329,486530.0
1760587200000,2025-10-16 06:00:00,3.329,3.38,3.325,3.349,642602.8
1760601600000,2025-10-16 10:00:00,3.349,3.399,3.258,3.394,1528371.1
1760616000000,2025-10-16 14:00:00,3.394,3.417,3.274,3.291,1803748.8
1760630400000,2025-10-16 18:00:00,3.291,3.353,3.214,3.239,1619841.3
1760644800000,2025-10-16 22:00:00,3.239,3.256,3.194,3.252,786490.5
1760659200000,2025-10-17 02:00:00,3.252,3.304,3.239,3.267,473365.6
1760673600000,2025-10-17 06:00:00,3.267,3.268,3.053,3.059,2514196.2
1760688000000,2025-10-17 10:00:00,3.059,3.183,3.011,3.155,2314382.7
1760702400000,2025-10-17 14:00:00,3.155,3.185,3.108,3.185,1691820.9
1760716800000,2025-10-17 18:00:00,3.185,3.22,3.145,3.157,847006.4
1760731200000,2025-10-17 22:00:00,3.157,3.205,3.145,3.149,385191.5
1760745600000,2025-10-18 02:00:00,3.149,3.205,3.139,3.19,354190.3
1760760000000,2025-10-18 06:00:00,3.19,3.227,3.157,3.193,397500.1
1760774400000,2025-10-18 10:00:00,3.193,3.226,3.184,3.22,481819.8
1760788800000,2025-10-18 14:00:00,3.22,3.231,3.164,3.18,478245.7
1760803200000,2025-10-18 18:00:00,3.18,3.201,3.149,3.184,345770.1
1760817600000,2025-10-18 22:00:00,3.184,3.201,3.167,3.18,227720.5
1760832000000,2025-10-19 02:00:00,3.18,3.197,3.156,3.185,289971.4
1760846400000,2025-10-19 06:00:00,3.185,3.189,3.134,3.155,313024.2
1760860800000,2025-10-19 10:00:00,3.155,3.225,3.112,3.195,1581535.7
1760875200000,2025-10-19 14:00:00,3.195,3.271,3.181,3.252,795308.7
1760889600000,2025-10-19 18:00:00,3.252,3.288,3.241,3.252,707924.9
1760904000000,2025-10-19 22:00:00,3.252,3.267,3.222,3.225,361590.0
1760918400000,2025-10-20 02:00:00,3.225,3.298,3.174,3.29,648508.8
1760932800000,2025-10-20 06:00:00,3.29,3.316,3.272,3.292,538761.1
1760947200000,2025-10-20 10:00:00,3.292,3.311,3.275,3.289,476563.4
1760961600000,2025-10-20 14:00:00,3.289,3.323,3.271,3.273,1031632.6
1760976000000,2025-10-20 18:00:00,3.273,3.314,3.21,3.303,1581949.0
1760990400000,2025-10-20 22:00:00,3.303,3.322,3.269,3.27,374791.1
1761004800000,2025-10-21 02:00:00,3.27,3.276,3.228,3.232,373511.4
1761019200000,2025-10-21 06:00:00,3.232,3.234,3.164,3.217,890306.3
1761033600000,2025-10-21 10:00:00,3.217,3.221,3.172,3.213,412432.6
1761048000000,2025-10-21 14:00:00,3.213,3.37,3.203,3.348,1709619.0
1761062400000,2025-10-21 18:00:00,3.348,3.37,3.288,3.299,1212078.8
1761076800000,2025-10-21 22:00:00,3.299,3.304,3.179,3.186,1151372.6
1761091200000,2025-10-22 02:00:00,3.186,3.205,3.158,3.198,483553.3
1761105600000,2025-10-22 06:00:00,3.198,3.223,3.153,3.171,536170.8
1761120000000,2025-10-22 10:00:00,3.171,3.179,3.109,3.16,975792.7
1761134400000,2025-10-22 14:00:00,3.16,3.193,3.12,3.159,1182476.1
1761148800000,2025-10-22 18:00:00,3.159,3.169,3.105,3.131,874533.2
1761163200000,2025-10-22 22:00:00,3.131,3.134,3.023,3.111,1213781.7
1761177600000,2025-10-23 02:00:00,3.111,3.136,3.105,3.126,322397.8
1761192000000,2025-10-23 06:00:00,3.126,3.167,3.121,3.16,403543.5
1761206400000,2025-10-23 10:00:00,3.16,3.18,3.149,3.155,450316.0
1761220800000,2025-10-23 14:00:00,3.155,3.215,3.131,3.198,744501.9
1761235200000,2025-10-23 18:00:00,3.198,3.23,3.184,3.201,447987.2
1761249600000,2025-10-23 22:00:00,3.201,3.201,3.153,3.179,410270.3
1761264000000,2025-10-24 02:00:00,3.179,3.184,3.127,3.134,363437.4
1761278400000,2025-10-24 06:00:00,3.134,3.191,3.124,3.174,840676.0
1761292800000,2025-10-24 10:00:00,3.174,3.19,3.136,3.153,423673.2
1761307200000,2025-10-24 14:00:00,3.153,3.22,3.128,3.137,1213184.8
1761321600000,2025-10-24 18:00:00,3.137,3.19,3.126,3.18,602999.9
1761336000000,2025-10-24 22:00:00,3.18,3.222,3.178,3.182,499425.0
1761350400000,2025-10-25 02:00:00,3.182,3.193,3.161,3.162,383100.0
1761364800000,2025-10-25 06:00:00,3.162,3.176,3.138,3.145,315406.9
1761379200000,2025-10-25 10:00:00,3.145,3.158,3.131,3.149,312119.4
1761393600000,2025-10-25 14:00:00,3.149,3.161,3.137,3.156,373001.2
1761408000000,2025-10-25 18:00:00,3.156,3.17,3.138,3.165,610282.5
1761422400000,2025-10-25 22:00:00,3.165,3.168,3.141,3.147,253029.9
1761436800000,2025-10-26 02:00:00,3.147,3.151,3.114,3.119,403245.3
1761451200000,2025-10-26 06:00:00,3.119,3.16,3.116,3.159,241354.3
1761465600000,2025-10-26 10:00:00,3.159,3.219,3.159,3.215,930008.3
1761480000000,2025-10-26 14:00:00,3.215,3.247,3.2,3.246,695346.5
1761494400000,2025-10-26 18:00:00,3.246,3.253,3.225,3.237,371829.4
1761508800000,2025-10-26 22:00:00,3.237,3.283,3.211,3.252,769691.8
1761523200000,2025-10-27 02:00:00,3.252,3.276,3.242,3.249,292658.2
1761537600000,2025-10-27 06:00:00,3.249,3.284,3.227,3.243,352224.2
1761552000000,2025-10-27 10:00:00,3.243,3.259,3.195,3.224,650034.8
1761566400000,2025-10-27 14:00:00,3.224,3.227,3.172,3.213,567842.3
1761580800000,2025-10-27 18:00:00,3.213,3.248,3.205,3.207,433308.9
1761595200000,2025-10-27 22:00:00,3.207,3.207,3.152,3.173,656766.2
1761609600000,2025-10-28 02:00:00,3.173,3.188,3.142,3.153,458174.0
1761624000000,2025-10-28 06:00:00,3.153,3.209,3.137,3.177,477339.5
1761638400000,2025-10-28 10:00:00,3.177,3.194,3.163,3.167,389904.2
1761652800000,2025-10-28 14:00:00,3.167,3.211,3.121,3.164,844944.6
1761667200000,2025-10-28 18:00:00,3.164,3.21,3.126,3.138,854285.8
1761681600000,2025-10-28 22:00:00,3.138,3.14,3.027,3.094,1845245.0
1761696000000,2025-10-29 02:00:00,3.094,3.11,3.078,3.09,298791.0
1761710400000,2025-10-29 06:00:00,3.09,3.124,3.088,3.118,416604.8
1761724800000,2025-10-29 10:00:00,3.118,3.138,3.091,3.119,477533.3
1761739200000,2025-10-29 14:00:00,3.119,3.133,3.066,3.076,767904.1
1761753600000,2025-10-29 18:00:00,3.076,3.157,3.01,3.137,2677804.6
1761768000000,2025-10-29 22:00:00,3.137,3.174,3.079,3.092,719944.0
1761782400000,2025-10-30 02:00:00,3.092,3.113,3.082,3.092,375580.8
1761796800000,2025-10-30 06:00:00,3.092,3.149,2.994,3.119,1738236.8
1761811200000,2025-10-30 10:00:00,3.119,3.122,3.036,3.037,838524.0
1761825600000,2025-10-30 14:00:00,3.037,3.041,2.914,2.922,2678452.6
1761840000000,2025-10-30 18:00:00,2.922,2.931,2.843,2.857,2126305.6
1761854400000,2025-10-30 22:00:00,2.857,2.965,2.851,2.944,1563392.4
1761868800000,2025-10-31 02:00:00,2.944,3.005,2.925,2.999,1071785.2
1761883200000,2025-10-31 06:00:00,2.999,3.015,2.974,2.983,554617.6
1761897600000,2025-10-31 10:00:00,2.983,3.01,2.978,3.009,766396.9
1761912000000,2025-10-31 14:00:00,3.009,3.032,2.976,3.007,754081.3
1761926400000,2025-10-31 18:00:00,3.007,3.013,2.932,2.983,950333.2
1761940800000,2025-10-31 22:00:00,2.983,2.985,2.954,2.958,398941.3
1761955200000,2025-11-01 02:00:00,2.958,2.983,2.941,2.975,423391.9
1761969600000,2025-11-01 06:00:00,2.975,3.011,2.953,3.007,402597.0
1761984000000,2025-11-01 10:00:00,3.007,3.018,2.989,3.011,446773.9
1761998400000,2025-11-01 14:00:00,3.011,3.017,2.978,3.008,405591.5
1762012800000,2025-11-01 18:00:00,3.008,3.041,3.004,3.026,431615.7
1762027200000,2025-11-01 22:00:00,3.026,3.045,3.004,3.026,322156.4
1762041600000,2025-11-02 02:00:00,3.026,3.028,2.989,2.993,218175.4
1762056000000,2025-11-02 06:00:00,2.993,3.056,2.989,3.051,628327.0
1762070400000,2025-11-02 10:00:00,3.051,3.058,3.002,3.045,468979.4
1762084800000,2025-11-02 14:00:00,3.045,3.047,2.957,2.975,535712.7
1762099200000,2025-11-02 18:00:00,2.975,2.983,2.947,2.967,347297.9
1762113600000,2025-11-02 22:00:00,2.967,3.075,2.959,3.052,536077.9
1762128000000,2025-11-03 02:00:00,3.052,3.06,2.851,2.859,944690.8
1762142400000,2025-11-03 06:00:00,2.859,2.889,2.808,2.848,1341949.8
1762156800000,2025-11-03 10:00:00,2.848,2.858,2.748,2.769,1705740.9
1762171200000,2025-11-03 14:00:00,2.769,2.803,2.61,2.624,4191275.9
1762185600000,2025-11-03 18:00:00,2.624,2.702,2.587,2.587,3457800.2
1762200000000,2025-11-03 22:00:00,2.587,2.593,2.467,2.504,3177652.4
1762214400000,2025-11-04 02:00:00,2.504,2.539,2.494,2.531,1358996.5
1762228800000,2025-11-04 06:00:00,2.531,2.538,2.414,2.489,2433544.9
1762243200000,2025-11-04 10:00:00,2.489,2.58,2.471,2.562,1712830.2
1762257600000,2025-11-04 14:00:00,2.562,2.636,2.541,2.573,1456511.4
1762272000000,2025-11-04 18:00:00,2.573,2.593,2.43,2.454,3404268.0
1762286400000,2025-11-04 22:00:00,2.454,2.548,2.342,2.503,4160313.1
1762300800000,2025-11-05 02:00:00,2.503,2.551,2.402,2.548,1471087.9
1762315200000,2025-11-05 06:00:00,2.548,2.611,2.542,2.605,1029341.9
1762329600000,2025-11-05 10:00:00,2.605,2.605,2.546,2.603,1100479.2
1762344000000,2025-11-05 14:00:00,2.603,2.666,2.585,2.666,1197358.9
1762358400000,2025-11-05 18:00:00,2.666,2.678,2.631,2.672,1003331.1
1762372800000,2025-11-05 22:00:00,2.672,2.682,2.647,2.663,765282.1
1762387200000,2025-11-06 02:00:00,2.663,2.668,2.608,2.643,772932.4
1762401600000,2025-11-06 06:00:00,2.643,2.644,2.569,2.579,739370.5
1762416000000,2025-11-06 10:00:00,2.579,2.598,2.568,2.589,585848.1
1762430400000,2025-11-06 14:00:00,2.589,2.627,2.547,2.562,1282417.9
1762444800000,2025-11-06 18:00:00,2.562,2.646,2.529,2.629,1352829.1
1762459200000,2025-11-06 22:00:00,2.629,2.677,2.61,2.647,841557.9
1762473600000,2025-11-07 02:00:00,2.647,2.724,2.642,2.713,1093030.2
1762488000000,2025-11-07 06:00:00,2.713,2.792,2.686,2.783,920127.0
1762502400000,2025-11-07 10:00:00,2.783,2.804,2.713,2.749,1504706.4
1762516800000,2025-11-07 14:00:00,2.749,2.869,2.68,2.863,1984973.4
1762531200000,2025-11-07 18:00:00,2.863,3.171,2.837,3.087,3400117.2
1762545600000,2025-11-07 22:00:00,3.087,3.137,3.031,3.049,1233162.1
1762560000000,2025-11-08 02:00:00,3.049,3.151,3.023,3.035,1752299.1
1762574400000,2025-11-08 06:00:00,3.035,3.082,2.957,2.992,1154905.8
1762588800000,2025-11-08 10:00:00,2.992,3.03,2.955,3.01,903427.1
1762603200000,2025-11-08 14:00:00,3.01,3.016,2.897,2.912,1400274.4
1762617600000,2025-11-08 18:00:00,2.912,2.954,2.887,2.924,741906.4
1762632000000,2025-11-08 22:00:00,2.924,2.954,2.912,2.951,476038.4
1762646400000,2025-11-09 02:00:00,2.951,2.953,2.828,2.852,947848.9
1762660800000,2025-11-09 06:00:00,2.852,2.902,2.851,2.898,420194.6
1762675200000,2025-11-09 10:00:00,2.898,2.928,2.841,2.915,1914497.4
1762689600000,2025-11-09 14:00:00,2.915,2.978,2.889,2.965,1187614.2
1762704000000,2025-11-09 18:00:00,2.965,2.998,2.928,2.998,1161624.0
1762718400000,2025-11-09 22:00:00,2.998,3.001,2.948,2.969,921680.4
1762732800000,2025-11-10 02:00:00,2.969,3.022,2.946,3.008,767153.9
1762747200000,2025-11-10 06:00:00,3.008,3.032,2.987,3.006,767582.8
1762761600000,2025-11-10 10:00:00,3.006,3.066,2.969,3.052,798247.1
1762776000000,2025-11-10 14:00:00,3.052,3.103,3.003,3.061,1153833.6
1762790400000,2025-11-10 18:00:00,3.061,3.082,3.023,3.06,1076114.1
1762804800000,2025-11-10 22:00:00,3.06,3.151,3.054,3.104,887181.6
1762819200000,2025-11-11 02:00:00,3.104,3.155,3.046,3.109,1042470.1
1762833600000,2025-11-11 06:00:00,3.109,3.125,2.997,3.002,1086725.6
1762848000000,2025-11-11 10:00:00,3.002,3.045,2.993,3.022,767722.2
1762862400000,2025-11-11 14:00:00,3.022,3.07,2.985,3.051,1252890.1
1762876800000,2025-11-11 18:00:00,3.051,3.077,2.973,2.982,841864.9
1762891200000,2025-11-11 22:00:00,2.982,2.993,2.931,2.938,1042007.8
1762905600000,2025-11-12 02:00:00,2.938,2.986,2.918,2.976,524376.4
1762920000000,2025-11-12 06:00:00,2.976,3.007,2.952,2.974,384709.4
1762934400000,2025-11-12 10:00:00,2.974,3.069,2.974,3.058,661147.7
1762948800000,2025-11-12 14:00:00,3.058,3.112,2.934,2.948,2975261.9
1762963200000,2025-11-12 18:00:00,2.948,2.955,2.856,2.885,1311313.7
1762977600000,2025-11-12 22:00:00,2.885,2.924,2.876,2.887,556073.8
1762992000000,2025-11-13 02:00:00,2.887,2.998,2.882,2.978,761256.8
1763006400000,2025-11-13 06:00:00,2.978,3.005,2.952,2.956,687515.2
1763020800000,2025-11-13 10:00:00,2.956,2.971,2.927,2.943,609403.3
1763035200000,2025-11-13 14:00:00,2.943,3.013,2.93,2.949,1136238.1
1763049600000,2025-11-13 18:00:00,2.949,2.964,2.764,2.782,1864108.7
1763064000000,2025-11-13 22:00:00,2.782,2.892,2.766,2.865,1290430.4
1763078400000,2025-11-14 02:00:00,2.865,2.896,2.828,2.841,639868.0
1763092800000,2025-11-14 06:00:00,2.841,2.914,2.759,2.884,1791649.5
1763107200000,2025-11-14 10:00:00,2.884,2.885,2.777,2.795,1084565.2
1763121600000,2025-11-14 14:00:00,2.795,2.881,2.747,2.858,2025821.0
1763136000000,2025-11-14 18:00:00,2.858,2.909,2.836,2.888,1235423.3
1763150400000,2025-11-14 22:00:00,2.888,2.897,2.762,2.797,1168756.4
1763164800000,2025-11-15 02:00:00,2.797,2.89,2.794,2.885,488222.6
1763179200000,2025-11-15 06:00:00,2.885,2.997,2.881,2.957,1016223.8
1763193600000,2025-11-15 10:00:00,2.957,2.962,2.861,2.873,746424.7
1763208000000,2025-11-15 14:00:00,2.873,2.987,2.866,2.889,1170451.1
1763222400000,2025-11-15 18:00:00,2.889,2.905,2.859,2.883,1000852.3
1763236800000,2025-11-15 22:00:00,2.883,2.885,2.832,2.849,394117.9
1763251200000,2025-11-16 02:00:00,2.849,2.876,2.802,2.854,546957.4
1763265600000,2025-11-16 06:00:00,2.854,2.878,2.828,2.871,363444.1
1763280000000,2025-11-16 10:00:00,2.871,2.882,2.805,2.809,915595.3
1763294400000,2025-11-16 14:00:00,2.809,2.831,2.749,2.753,1475007.2
1763308800000,2025-11-16 18:00:00,2.753,2.78,2.694,2.728,2178205.5
1763323200000,2025-11-16 22:00:00,2.728,2.781,2.691,2.763,919804.8
1763337600000,2025-11-17 02:00:00,2.763,2.814,2.737,2.805,660799.2
1763352000000,2025-11-17 06:00:00,2.805,2.829,2.782,2.822,455962.8
1763366400000,2025-11-17 10:00:00,2.822,2.879,2.811,2.868,514256.0
1763380800000,2025-11-17 14:00:00,2.868,2.913,2.788,2.836,1984950.0
1763395200000,2025-11-17 18:00:00,2.836,2.857,2.705,2.717,1873746.6
1763409600000,2025-11-17 22:00:00,2.717,2.745,2.682,2.705,1158616.8
1763424000000,2025-11-18 02:00:00,2.705,2.778,2.664,2.756,1307227.1
1763438400000,2025-11-18 06:00:00,2.756,2.802,2.711,2.753,828622.8
1763452800000,2025-11-18 10:00:00,2.753,2.781,2.674,2.684,1431282.7
1763467200000,2025-11-18 14:00:00,2.684,2.787,2.668,2.769,1861917.6
1763481600000,2025-11-18 18:00:00,2.769,2.821,2.755,2.762,1222723.6
1763496000000,2025-11-18 22:00:00,2.762,2.781,2.736,2.756,483355.7
1763510400000,2025-11-19 02:00:00,2.756,2.768,2.702,2.707,540995.5
1763524800000,2025-11-19 06:00:00,2.707,2.718,2.64,2.714,778530.5
1763539200000,2025-11-19 10:00:00,2.714,2.758,2.708,2.751,632345.3
1763553600000,2025-11-19 14:00:00,2.751,2.788,2.712,2.716,1277490.3
1763568000000,2025-11-19 18:00:00,2.716,2.735,2.617,2.636,1624671.1
1763582400000,2025-11-19 22:00:00,2.636,2.74,2.631,2.73,1382819.1
1763596800000,2025-11-20 02:00:00,2.73,2.828,2.716,2.825,973058.9
1763611200000,2025-11-20 06:00:00,2.825,3.046,2.825,3.031,2069195.6
1763625600000,2025-11-20 10:00:00,3.031,3.134,3.01,3.029,3721827.4
1763640000000,2025-11-20 14:00:00,3.029,3.071,2.963,3.002,3051555.2
1763654400000,2025-11-20 18:00:00,3.002,3.006,2.74,2.836,4844477.4
1763668800000,2025-11-20 22:00:00,2.836,2.837,2.727,2.735,1473202.6
1763683200000,2025-11-21 02:00:00,2.735,2.824,2.721,2.745,1597835.5
1763697600000,2025-11-21 06:00:00,2.745,2.75,2.47,2.584,3601544.0
1763712000000,2025-11-21 10:00:00,2.584,2.653,2.536,2.541,2176433.9
1763726400000,2025-11-21 14:00:00,2.541,2.6,2.486,2.518,2949480.1
1763740800000,2025-11-21 18:00:00,2.518,2.623,2.481,2.56,1669434.4
1763755200000,2025-11-21 22:00:00,2.56,2.562,2.441,2.513,1594806.4
1763769600000,2025-11-22 02:00:00,2.513,2.525,2.479,2.485,825395.1
1763784000000,2025-11-22 06:00:00,2.485,2.489,2.435,2.48,812845.4
1763798400000,2025-11-22 10:00:00,2.48,2.495,2.44,2.477,863805.9
1763812800000,2025-11-22 14:00:00,2.477,2.491,2.437,2.455,834588.6
1763827200000,2025-11-22 18:00:00,2.455,2.499,2.452,2.483,726554.4
1763841600000,2025-11-22 22:00:00,2.483,2.532,2.476,2.511,510947.9
1763856000000,2025-11-23 02:00:00,2.511,2.543,2.501,2.523,469070.9
1763870400000,2025-11-23 06:00:00,2.523,2.552,2.501,2.539,538763.8
1763884800000,2025-11-23 10:00:00,2.539,2.563,2.53,2.541,454697.0
1763899200000,2025-11-23 14:00:00,2.541,2.565,2.508,2.534,564810.2
1763913600000,2025-11-23 18:00:00,2.534,2.543,2.499,2.514,403167.8
1763928000000,2025-11-23 22:00:00,2.514,2.528,2.478,2.492,715665.7
1763942400000,2025-11-24 02:00:00,2.492,2.544,2.473,2.524,1053426.8
1763956800000,2025-11-24 06:00:00,2.524,2.545,2.483,2.484,788659.0
1763971200000,2025-11-24 10:00:00,2.484,2.484,2.427,2.446,1100886.5
1763985600000,2025-11-24 14:00:00,2.446,2.446,2.382,2.434,2413422.5
1764000000000,2025-11-24 18:00:00,2.434,2.525,2.431,2.505,2543557.9
1764014400000,2025-11-24 22:00:00,2.505,2.531,2.494,2.5,961530.5
1764028800000,2025-11-25 02:00:00,2.5,2.531,2.495,2.524,409447.4
1764043200000,2025-11-25 06:00:00,2.524,2.528,2.503,2.511,439516.8
1764057600000,2025-11-25 10:00:00,2.511,2.526,2.466,2.468,850921.2
1764072000000,2025-11-25 14:00:00,2.468,2.493,2.412,2.438,1578627.7
1764086400000,2025-11-25 18:00:00,2.438,2.477,2.412,2.438,1109867.7
1764100800000,2025-11-25 22:00:00,2.438,2.493,2.43,2.466,738109.6
1764115200000,2025-11-26 02:00:00,2.466,2.475,2.438,2.443,467671.7
1764129600000,2025-11-26 06:00:00,2.443,2.491,2.441,2.486,432858.1
1764144000000,2025-11-26 10:00:00,2.486,2.495,2.455,2.463,1141195.4
1764158400000,2025-11-26 14:00:00,2.463,2.473,2.43,2.443,889208.9
1764172800000,2025-11-26 18:00:00,2.443,2.558,2.442,2.531,1535491.5
1764187200000,2025-11-26 22:00:00,2.531,2.546,2.513,2.523,554154.6
1764201600000,2025-11-27 02:00:00,2.523,2.54,2.507,2.511,706845.5
1764216000000,2025-11-27 06:00:00,2.511,2.536,2.51,2.52,449726.0
1764230400000,2025-11-27 10:00:00,2.52,2.53,2.5,2.526,555520.9
1764244800000,2025-11-27 14:00:00,2.526,2.54,2.497,2.523,802817.0
1764259200000,2025-11-27 18:00:00,2.523,2.55,2.52,2.538,570693.0
1764273600000,2025-11-27 22:00:00,2.538,2.553,2.511,2.517,422830.5
1764288000000,2025-11-28 02:00:00,2.517,2.522,2.474,2.489,595443.7
1764302400000,2025-11-28 06:00:00,2.489,2.495,2.46,2.481,541485.0
1764316800000,2025-11-28 10:00:00,2.481,2.542,2.474,2.486,1000181.8
1764331200000,2025-11-28 14:00:00,2.486,2.513,2.472,2.506,1456290.1
1764345600000,2025-11-28 18:00:00,2.506,2.506,2.422,2.456,1623761.8
1764360000000,2025-11-28 22:00:00,2.456,2.463,2.43,2.437,599398.7
1764374400000,2025-11-29 02:00:00,2.437,2.453,2.43,2.438,317997.2
1764388800000,2025-11-29 06:00:00,2.438,2.452,2.416,2.416,566777.1
1764403200000,2025-11-29 10:00:00,2.416,2.43,2.399,2.426,593118.9
1764417600000,2025-11-29 14:00:00,2.426,2.43,2.396,2.422,794818.0
1764432000000,2025-11-29 18:00:00,2.422,2.429,2.387,2.405,863749.5
1764446400000,2025-11-29 22:00:00,2.405,2.429,2.399,2.425,344172.1
1764460800000,2025-11-30 02:00:00,2.425,2.45,2.413,2.434,556618.0
1764475200000,2025-11-30 06:00:00,2.434,2.437,2.411,2.431,318107.7
1764489600000,2025-11-30 10:00:00,2.431,2.444,2.417,2.419,438939.1
1764504000000,2025-11-30 14:00:00,2.419,2.442,2.408,2.415,614135.2
1764518400000,2025-11-30 18:00:00,2.415,2.431,2.411,2.415,554826.5
1764532800000,2025-11-30 22:00:00,2.415,2.426,2.368,2.372,961271.6
1764547200000,2025-12-01 02:00:00,2.372,2.378,2.238,2.246,3166028.4
1764561600000,2025-12-01 06:00:00,2.246,2.298,2.243,2.277,1068031.2
1764576000000,2025-12-01 10:00:00,2.277,2.293,2.254,2.256,814124.3
1764590400000,2025-12-01 14:00:00,2.256,2.259,2.137,2.17,1991113.0
1764604800000,2025-12-01 18:00:00,2.17,2.221,2.165,2.211,1191880.9
1764619200000,2025-12-01 22:00:00,2.211,2.277,2.21,2.265,1143512.2
1764633600000,2025-12-02 02:00:00,2.265,2.283,2.248,2.268,617178.8
1764648000000,2025-12-02 06:00:00,2.268,2.272,2.251,2.261,484196.3
1764662400000,2025-12-02 10:00:00,2.261,2.276,2.244,2.273,513306.9
1764676800000,2025-12-02 14:00:00,2.273,2.429,2.266,2.418,2413820.6
1764691200000,2025-12-02 18:00:00,2.418,2.429,2.378,2.387,1554465.3
1764705600000,2025-12-02 22:00:00,2.387,2.395,2.362,2.362,675854.6
1764720000000,2025-12-03 02:00:00,2.362,2.4,2.349,2.383,664142.3
1764734400000,2025-12-03 06:00:00,2.383,2.408,2.38,2.387,662964.8
1764748800000,2025-12-03 10:00:00,2.387,2.397,2.357,2.372,867357.9
1764763200000,2025-12-03 14:00:00,2.372,2.374,2.307,2.334,1932563.3
1764777600000,2025-12-03 18:00:00,2.334,2.38,2.319,2.367,1316708.4
1764792000000,2025-12-03 22:00:00,2.367,2.416,2.363,2.39,1254055.0
1764806400000,2025-12-04 02:00:00,2.39,2.407,2.36,2.363,864901.2
1764820800000,2025-12-04 06:00:00,2.363,2.371,2.346,2.364,585222.5
1764835200000,2025-12-04 10:00:00,2.364,2.373,2.351,2.36,704595.3
1764849600000,2025-12-04 14:00:00,2.36,2.378,2.321,2.367,1265160.8
1764864000000,2025-12-04 18:00:00,2.367,2.372,2.279,2.318,1969143.8
1764878400000,2025-12-04 22:00:00,2.318,2.33,2.298,2.307,571529.7
1764892800000,2025-12-05 02:00:00,2.307,2.334,2.304,2.313,456644.5
1764907200000,2025-12-05 06:00:00,2.313,2.321,2.289,2.313,660922.2
1764921600000,2025-12-05 10:00:00,2.313,2.313,2.252,2.259,1120713.3
1764936000000,2025-12-05 14:00:00,2.259,2.275,2.232,2.247,1683696.9
1764950400000,2025-12-05 18:00:00,2.247,2.247,2.147,2.181,2964646.4
1764964800000,2025-12-05 22:00:00,2.181,2.206,2.164,2.193,740368.2
1764979200000,2025-12-06 02:00:00,2.193,2.207,2.181,2.205,643694.3
1764993600000,2025-12-06 06:00:00,2.205,2.214,2.192,2.2,458095.0
1765008000000,2025-12-06 10:00:00,2.2,2.214,2.195,2.205,594118.0
1765022400000,2025-12-06 14:00:00,2.205,2.238,2.201,2.232,1008546.2
1765036800000,2025-12-06 18:00:00,2.232,2.28,2.232,2.239,1102829.2
1765051200000,2025-12-06 22:00:00,2.239,2.262,2.225,2.235,692348.5
1765065600000,2025-12-07 02:00:00,2.235,2.247,2.225,2.233,427795.9
1765080000000,2025-12-07 06:00:00,2.233,2.235,2.213,2.219,671354.2
1765094400000,2025-12-07 10:00:00,2.219,2.224,2.19,2.192,724578.2
1765108800000,2025-12-07 14:00:00,2.192,2.205,2.129,2.195,2261906.5
1765123200000,2025-12-07 18:00:00,2.195,2.226,2.165,2.223,1498476.0
1765137600000,2025-12-07 22:00:00,2.223,2.236,2.147,2.176,1241107.1
1765152000000,2025-12-08 02:00:00,2.176,2.219,2.169,2.21,694713.4
1765166400000,2025-12-08 06:00:00,2.21,2.252,2.21,2.247,780074.2
1765180800000,2025-12-08 10:00:00,2.247,2.269,2.231,2.232,922628.6
1765195200000,2025-12-08 14:00:00,2.232,2.252,2.212,2.229,1708487.9
1765209600000,2025-12-08 18:00:00,2.229,2.257,2.218,2.235,1026866.7
1765224000000,2025-12-08 22:00:00,2.235,2.27,2.235,2.245,965357.8
1765238400000,2025-12-09 02:00:00,2.245,2.258,2.21,2.227,702783.3
1765252800000,2025-12-09 06:00:00,2.227,2.232,2.192,2.22,777390.7
1765267200000,2025-12-09 10:00:00,2.22,2.231,2.204,2.229,692783.8
1765281600000,2025-12-09 14:00:00,2.229,2.33,2.227,2.322,2704117.5
1765296000000,2025-12-09 18:00:00,2.322,2.417,2.322,2.374,2388728.3
1765310400000,2025-12-09 22:00:00,2.374,2.374,2.303,2.323,1396053.7
1765324800000,2025-12-10 02:00:00,2.323,2.334,2.286,2.294,601394.1
1765339200000,2025-12-10 06:00:00,2.294,2.302,2.268,2.285,756263.1
1765353600000,2025-12-10 10:00:00,2.285,2.294,2.246,2.259,1064747.3
1765368000000,2025-12-10 14:00:00,2.259,2.274,2.243,2.264,883252.4
1765382400000,2025-12-10 18:00:00,2.264,2.33,2.257,2.319,1890512.8
1765396800000,2025-12-10 22:00:00,2.319,2.372,2.247,2.267,1602248.8
1765411200000,2025-12-11 02:00:00,2.267,2.269,2.161,2.167,1139614.8
1765425600000,2025-12-11 06:00:00,2.167,2.199,2.157,2.189,751414.0
1765440000000,2025-12-11 10:00:00,2.189,2.193,2.167,2.178,653578.0
1765454400000,2025-12-11 14:00:00,2.178,2.195,2.162,2.175,886774.2
1765468800000,2025-12-11 18:00:00,2.175,2.196,2.16,2.176,868907.7
1765483200000,2025-12-11 22:00:00,2.176,2.226,2.172,2.183,1225700.2
1765497600000,2025-12-12 02:00:00,2.183,2.201,2.158,2.177,790185.5
1765512000000,2025-12-12 06:00:00,2.177,2.204,2.169,2.176,393509.7
1765526400000,2025-12-12 10:00:00,2.176,2.197,2.171,2.181,541553.9
1765540800000,2025-12-12 14:00:00,2.181,2.187,2.09,2.102,2383763.0
1765555200000,2025-12-12 18:00:00,2.102,2.13,2.067,2.11,2004043.9
1765569600000,2025-12-12 22:00:00,2.11,2.148,2.109,2.138,756737.0
1765584000000,2025-12-13 02:00:00,2.138,2.17,2.138,2.165,541001.6
1765598400000,2025-12-13 06:00:00,2.165,2.169,2.152,2.163,363968.2
1765612800000,2025-12-13 10:00:00,2.163,2.186,2.163,2.175,430954.2
1765627200000,2025-12-13 14:00:00,2.175,2.191,2.17,2.181,592457.9
1765641600000,2025-12-13 18:00:00,2.181,2.193,2.171,2.182,590585.6
1765656000000,2025-12-13 22:00:00,2.182,2.187,2.162,2.18,391080.6
1765670400000,2025-12-14 02:00:00,2.18,2.188,2.174,2.181,278552.5
1765684800000,2025-12-14 06:00:00,2.181,2.181,2.152,2.161,460842.2
1765699200000,2025-12-14 10:00:00,2.161,2.173,2.123,2.144,731628.0
1765713600000,2025-12-14 14:00:00,2.144,2.152,2.113,2.121,634137.3
1765728000000,2025-12-14 18:00:00,2.121,2.14,2.102,2.11,588357.4
1765742400000,2025-12-14 22:00:00,2.11,2.121,2.079,2.1,951009.0
1765756800000,2025-12-15 02:00:00,2.1,2.162,2.098,2.137,645717.3
1765771200000,2025-12-15 06:00:00,2.137,2.159,2.134,2.142,369562.1
1765785600000,2025-12-15 10:00:00,2.142,2.154,2.133,2.136,472254.8
1765800000000,2025-12-15 14:00:00,2.136,2.145,2.038,2.053,2018575.4
1765814400000,2025-12-15 18:00:00,2.053,2.061,1.996,2.031,1231420.0
1765828800000,2025-12-15 22:00:00,2.031,2.056,2.015,2.048,526603.4
1765843200000,2025-12-16 02:00:00,2.048,2.05,2.026,2.042,437320.7
1765857600000,2025-12-16 06:00:00,2.042,2.048,2.013,2.026,461880.8
1765872000000,2025-12-16 10:00:00,2.026,2.068,2.026,2.059,833574.6
1765886400000,2025-12-16 14:00:00,2.059,2.07,2.015,2.041,1550195.0
1765900800000,2025-12-16 18:00:00,2.041,2.043,2.0,2.028,1504388.1
1765915200000,2025-12-16 22:00:00,2.028,2.033,1.986,1.999,815969.3
1765929600000,2025-12-17 02:00:00,1.999,2.016,1.986,2.004,510790.7
1765944000000,2025-12-17 06:00:00,2.004,2.016,1.989,2.007,575293.2
1765958400000,2025-12-17 10:00:00,2.007,2.007,1.979,2.006,1187360.6
1765972800000,2025-12-17 14:00:00,2.006,2.089,1.986,2.013,3563810.8
1765987200000,2025-12-17 18:00:00,2.013,2.025,1.919,1.948,2902569.3
1766001600000,2025-12-17 22:00:00,1.948,1.966,1.93,1.942,895712.6
1766016000000,2025-12-18 02:00:00,1.942,1.944,1.897,1.904,922467.2
1766030400000,2025-12-18 06:00:00,1.904,1.915,1.882,1.902,837719.0
1766044800000,2025-12-18 10:00:00,1.902,1.918,1.893,1.9,1071387.7
1766059200000,2025-12-18 14:00:00,1.9,1.973,1.893,1.957,2640464.9
1766073600000,2025-12-18 18:00:00,1.957,1.96,1.829,1.833,3584806.8
1766088000000,2025-12-18 22:00:00,1.833,1.876,1.831,1.851,1024242.0
1766102400000,2025-12-19 02:00:00,1.851,1.911,1.843,1.894,1167941.6
1766116800000,2025-12-19 06:00:00,1.894,1.904,1.853,1.881,1674020.0
1766131200000,2025-12-19 10:00:00,1.881,1.886,1.859,1.873,1265222.4
1766145600000,2025-12-19 14:00:00,1.873,1.957,1.867,1.927,2333038.8
1766160000000,2025-12-19 18:00:00,1.927,1.985,1.927,1.976,1389190.4
1766174400000,2025-12-19 22:00:00,1.976,1.99,1.957,1.963,760911.3
1766188800000,2025-12-20 02:00:00,1.963,1.979,1.957,1.976,318363.8
1766203200000,2025-12-20 06:00:00,1.976,1.994,1.967,1.993,498662.3
1766217600000,2025-12-20 10:00:00,1.993,2.002,1.967,1.973,805427.5
1766232000000,2025-12-20 14:00:00,1.973,1.98,1.958,1.979,647731.1
1766246400000,2025-12-20 18:00:00,1.979,1.984,1.97,1.971,371318.3
1766260800000,2025-12-20 22:00:00,1.971,1.996,1.968,1.979,446123.5
1766275200000,2025-12-21 02:00:00,1.979,1.993,1.958,1.97,406263.6
1766289600000,2025-12-21 06:00:00,1.97,1.975,1.961,1.97,290228.7
1766304000000,2025-12-21 10:00:00,1.97,1.982,1.952,1.953,416394.8
1766318400000,2025-12-21 14:00:00,1.953,1.964,1.904,1.916,1275010.8
1766332800000,2025-12-21 18:00:00,1.916,1.934,1.91,1.931,523543.0
1766347200000,2025-12-21 22:00:00,1.931,1.95,1.913,1.94,461505.9
1766361600000,2025-12-22 02:00:00,1.94,1.981,1.919,1.945,655898.7
1766376000000,2025-12-22 06:00:00,1.945,1.958,1.942,1.949,285336.2
1766390400000,2025-12-22 10:00:00,1.949,1.968,1.942,1.965,307316.6
1766404800000,2025-12-22 14:00:00,1.965,1.993,1.961,1.987,990461.0
1766419200000,2025-12-22 18:00:00,1.987,1.999,1.937,1.942,752889.4
1766433600000,2025-12-22 22:00:00,1.942,1.961,1.926,1.948,584970.3
1766448000000,2025-12-23 02:00:00,1.948,1.966,1.929,1.943,418977.4
1766462400000,2025-12-23 06:00:00,1.943,1.948,1.915,1.921,436996.1
1766476800000,2025-12-23 10:00:00,1.921,1.964,1.916,1.954,524129.8
1766491200000,2025-12-23 14:00:00,1.954,1.961,1.92,1.958,2068929.4
1766505600000,2025-12-23 18:00:00,1.958,2.0,1.951,1.969,2071576.3
1766520000000,2025-12-23 22:00:00,1.969,1.997,1.961,1.97,401882.9
1766534400000,2025-12-24 02:00:00,1.97,1.993,1.933,1.95,605182.0
1766548800000,2025-12-24 06:00:00,1.95,1.955,1.923,1.929,715853.3
1766563200000,2025-12-24 10:00:00,1.929,1.944,1.926,1.93,766492.2
1766577600000,2025-12-24 14:00:00,1.93,1.954,1.911,1.952,954377.4
1766592000000,2025-12-24 18:00:00,1.952,1.959,1.936,1.95,738225.3
1766606400000,2025-12-24 22:00:00,1.95,1.989,1.95,1.982,543756.4
1766620800000,2025-12-25 02:00:00,1.982,2.01,1.981,1.992,797110.7
1766635200000,2025-12-25 06:00:00,1.992,1.997,1.981,1.997,384698.9
1766649600000,2025-12-25 10:00:00,1.997,2.026,1.983,1.992,1280086.1
1766664000000,2025-12-25 14:00:00,1.992,2.01,1.986,2.005,711194.1
1766678400000,2025-12-25 18:00:00,2.005,2.019,1.999,2.008,833226.4
1766692800000,2025-12-25 22:00:00,2.008,2.011,1.952,1.955,1146582.0
1766707200000,2025-12-26 02:00:00,1.955,2.046,1.947,2.041,1430552.2
1766721600000,2025-12-26 06:00:00,2.041,2.058,2.018,2.023,637077.8
1766736000000,2025-12-26 10:00:00,2.023,2.035,2.018,2.024,479026.5
1766750400000,2025-12-26 14:00:00,2.024,2.038,1.998,2.02,1282288.3
1766764800000,2025-12-26 18:00:00,2.02,2.046,1.992,2.037,941763.8
1766779200000,2025-12-26 22:00:00,2.037,2.05,2.026,2.045,362601.0
1766793600000,2025-12-27 02:00:00,2.045,2.053,2.034,2.046,469918.8
1766808000000,2025-12-27 06:00:00,2.046,2.046,2.027,2.032,383736.0
1766822400000,2025-12-27 10:00:00,2.032,2.053,2.028,2.049,633851.4
1766836800000,2025-12-27 14:00:00,2.049,2.057,2.034,2.054,622462.8
1766851200000,2025-12-27 18:00:00,2.054,2.058,2.045,2.054,340217.6
1766865600000,2025-12-27 22:00:00,2.054,2.097,2.047,2.078,1341530.4
1766880000000,2025-12-28 02:00:00,2.078,2.089,2.07,2.08,388501.0
1766894400000,2025-12-28 06:00:00,2.08,2.107,2.078,2.104,725070.7
1766908800000,2025-12-28 10:00:00,2.104,2.11,2.088,2.094,520697.4
1766923200000,2025-12-28 14:00:00,2.094,2.096,2.077,2.079,455654.8
1766937600000,2025-12-28 18:00:00,2.079,2.086,2.058,2.059,882791.8
1766952000000,2025-12-28 22:00:00,2.059,2.075,2.054,2.073,700550.3
1766966400000,2025-12-29 02:00:00,2.073,2.101,2.068,2.098,973509.2
1766980800000,2025-12-29 06:00:00,2.098,2.1,2.048,2.065,1210038.2
1766995200000,2025-12-29 10:00:00,2.065,2.066,2.026,2.035,969574.8
1767009600000,2025-12-29 14:00:00,2.035,2.035,1.999,2.007,1091202.3
1767024000000,2025-12-29 18:00:00,2.007,2.014,1.968,1.971,1469528.5
1767038400000,2025-12-29 22:00:00,1.971,1.976,1.958,1.963,844849.5
1767052800000,2025-12-30 02:00:00,1.963,1.981,1.953,1.974,482303.4
1767067200000,2025-12-30 06:00:00,1.974,1.989,1.963,1.976,458841.7
1767081600000,2025-12-30 10:00:00,1.976,2.001,1.975,1.982,808791.8
1767096000000,2025-12-30 14:00:00,1.982,1.988,1.96,1.975,1098615.2
1767110400000,2025-12-30 18:00:00,1.975,1.977,1.956,1.974,849096.9
1767124800000,2025-12-30 22:00:00,1.974,1.979,1.963,1.964,360118.3
1767139200000,2025-12-31 02:00:00,1.964,1.982,1.958,1.965,450764.7
1767153600000,2025-12-31 06:00:00,1.965,1.973,1.96,1.969,254748.6
1767168000000,2025-12-31 10:00:00,1.969,1.972,1.949,1.964,624799.0
1767182400000,2025-12-31 14:00:00,1.964,1.971,1.943,1.948,764918.2
1767196800000,2025-12-31 18:00:00,1.948,1.951,1.908,1.919,1481834.8
1767211200000,2025-12-31 22:00:00,1.919,1.934,1.904,1.928,1077692.9
1767225600000,2026-01-01 02:00:00,1.928,1.936,1.919,1.925,538334.3
1767240000000,2026-01-01 06:00:00,1.925,1.935,1.919,1.933,258150.8
1767254400000,2026-01-01 10:00:00,1.933,1.952,1.931,1.948,823113.3
1767268800000,2026-01-01 14:00:00,1.948,2.023,1.943,2.009,1508316.5
1767283200000,2026-01-01 18:00:00,2.009,2.048,2.007,2.048,1838314.1
1767297600000,2026-01-01 22:00:00,2.048,2.078,2.043,2.067,1246064.5
1767312000000,2026-01-02 02:00:00,2.067,2.124,2.058,2.122,1419276.1
1767326400000,2026-01-02 06:00:00,2.122,2.127,2.084,2.084,917041.4
1767340800000,2026-01-02 10:00:00,2.084,2.117,2.08,2.104,1011559.3
1767355200000,2026-01-02 14:00:00,2.104,2.139,2.096,2.126,1335462.3
1767369600000,2026-01-02 18:00:00,2.126,2.153,2.121,2.147,1227796.5
1767384000000,2026-01-02 22:00:00,2.147,2.168,2.135,2.164,896188.2
1767398400000,2026-01-03 02:00:00,2.164,2.242,2.164,2.239,1486000.0
1767412800000,2026-01-03 06:00:00,2.239,2.253,2.192,2.195,1261686.9
1767427200000,2026-01-03 10:00:00,2.195,2.205,2.173,2.203,848731.6
1767441600000,2026-01-03 14:00:00,2.203,2.235,2.198,2.211,1003517.1
1767456000000,2026-01-03 18:00:00,2.211,2.249,2.206,2.228,644361.3
1767470400000,2026-01-03 22:00:00,2.228,2.26,2.216,2.237,983599.4
1767484800000,2026-01-04 02:00:00,2.237,2.267,2.226,2.252,829260.6
1767499200000,2026-01-04 06:00:00,2.252,2.279,2.246,2.261,876304.3
1767513600000,2026-01-04 10:00:00,2.261,2.322,2.251,2.309,1391398.3
1767528000000,2026-01-04 14:00:00,2.309,2.346,2.289,2.329,1331747.9
1767542400000,2026-01-04 18:00:00,2.329,2.344,2.297,2.309,1196535.0
1767556800000,2026-01-04 22:00:00,2.309,2.344,2.303,2.338,884778.5
1767571200000,2026-01-05 02:00:00,2.338,2.386,2.325,2.332,1349017.2
1767585600000,2026-01-05 06:00:00,2.332,2.336,2.292,2.307,828455.2
1767600000000,2026-01-05 10:00:00,2.307,2.312,2.265,2.281,1087256.0
1767614400000,2026-01-05 14:00:00,2.281,2.359,2.269,2.355,1427246.0
1767628800000,2026-01-05 18:00:00,2.355,2.382,2.319,2.362,1660453.9
1767643200000,2026-01-05 22:00:00,2.362,2.391,2.347,2.367,1256893.2
1767657600000,2026-01-06 02:00:00,2.367,2.404,2.35,2.392,849435.5
1767672000000,2026-01-06 06:00:00,2.392,2.406,2.375,2.382,922511.1
1767686400000,2026-01-06 10:00:00,2.382,2.426,2.371,2.421,1048821.6
1767700800000,2026-01-06 14:00:00,2.421,2.548,2.419,2.477,2630200.7
1767715200000,2026-01-06 18:00:00,2.477,2.487,2.37,2.413,2641431.4
1767729600000,2026-01-06 22:00:00,2.413,2.547,2.413,2.529,1293994.3
1767744000000,2026-01-07 02:00:00,2.529,2.532,2.431,2.436,976312.9
1767758400000,2026-01-07 06:00:00,2.436,2.457,2.417,2.453,796436.2
1767772800000,2026-01-07 10:00:00,2.453,2.476,2.403,2.413,1089594.7
1767787200000,2026-01-07 14:00:00,2.413,2.489,2.392,2.399,3292984.6
1767801600000,2026-01-07 18:00:00,2.399,2.464,2.39,2.422,1518332.1
1767816000000,2026-01-07 22:00:00,2.422,2.461,2.391,2.43,986991.4
1767830400000,2026-01-08 02:00:00,2.43,2.45,2.393,2.403,791112.9
1767844800000,2026-01-08 06:00:00,2.403,2.44,2.392,2.434,811198.2
1767859200000,2026-01-08 10:00:00,2.434,2.473,2.406,2.461,1628748.5
1767873600000,2026-01-08 14:00:00,2.461,2.505,2.432,2.469,2518342.2
1767888000000,2026-01-08 18:00:00,2.469,2.479,2.401,2.404,1404172.1
1767902400000,2026-01-08 22:00:00,2.404,2.46,2.373,2.458,1263563.0
1767916800000,2026-01-09 02:00:00,2.458,2.466,2.407,2.418,1047329.2
1767931200000,2026-01-09 06:00:00,2.418,2.477,2.414,2.441,659042.8
1767945600000,2026-01-09 10:00:00,2.441,2.488,2.428,2.466,1339849.7
1767960000000,2026-01-09 14:00:00,2.466,2.555,2.453,2.501,2252325.8
1767974400000,2026-01-09 18:00:00,2.501,2.587,2.5,2.542,2604034.6
1767988800000,2026-01-09 22:00:00,2.542,2.649,2.539,2.59,2940511.9
1768003200000,2026-01-10 02:00:00,2.59,2.606,2.542,2.573,1072606.5
1768017600000,2026-01-10 06:00:00,2.573,2.669,2.556,2.628,2496080.1
1768032000000,2026-01-10 10:00:00,2.628,2.651,2.593,2.612,1217379.9
1768046400000,2026-01-10 14:00:00,2.612,2.679,2.573,2.592,1523587.2
1768060800000,2026-01-10 18:00:00,2.592,2.617,2.559,2.586,809057.5
1768075200000,2026-01-10 22:00:00,2.586,2.587,2.545,2.567,438499.2
1768089600000,2026-01-11 02:00:00,2.567,2.614,2.557,2.607,512961.1
1768104000000,2026-01-11 06:00:00,2.607,2.636,2.582,2.61,608174.9
1768118400000,2026-01-11 10:00:00,2.61,2.637,2.598,2.625,624081.0
1768132800000,2026-01-11 14:00:00,2.625,2.64,2.583,2.59,692958.6
1768147200000,2026-01-11 18:00:00,2.59,2.618,2.579,2.587,866623.5
1768161600000,2026-01-11 22:00:00,2.587,2.593,2.551,2.571,969202.2
1768176000000,2026-01-12 02:00:00,2.571,2.651,2.532,2.609,1281547.7
1768190400000,2026-01-12 06:00:00,2.609,2.653,2.594,2.596,1200662.7
1768204800000,2026-01-12 10:00:00,2.596,2.603,2.558,2.563,1301837.5
1768219200000,2026-01-12 14:00:00,2.563,2.605,2.542,2.577,1330389.9
1768233600000,2026-01-12 18:00:00,2.577,2.582,2.505,2.525,1376253.9
1768248000000,2026-01-12 22:00:00,2.525,2.536,2.477,2.485,1504874.6
1768262400000,2026-01-13 02:00:00,2.485,2.537,2.483,2.535,570755.3
1768276800000,2026-01-13 06:00:00,2.535,2.559,2.524,2.531,897378.8
1768291200000,2026-01-13 10:00:00,2.531,2.563,2.527,2.532,1000986.5
1768305600000,2026-01-13 14:00:00,2.532,2.636,2.523,2.624,2368465.3
1768320000000,2026-01-13 18:00:00,2.624,2.664,2.595,2.621,1620000.5
1768334400000,2026-01-13 22:00:00,2.621,2.676,2.579,2.634,2054890.0
1768348800000,2026-01-14 02:00:00,2.634,2.662,2.629,2.645,886813.9
1768363200000,2026-01-14 06:00:00,2.645,2.697,2.622,2.654,1702009.9
1768377600000,2026-01-14 10:00:00,2.654,2.681,2.631,2.647,1096731.1
1768392000000,2026-01-14 14:00:00,2.647,2.661,2.613,2.644,1268325.2
1768406400000,2026-01-14 18:00:00,2.644,2.66,2.579,2.592,1177338.1
1768420800000,2026-01-14 22:00:00,2.592,2.604,2.564,2.58,648417.7
1768435200000,2026-01-15 02:00:00,2.58,2.597,2.518,2.537,1034846.2
1768449600000,2026-01-15 06:00:00,2.537,2.559,2.527,2.546,847303.6
1768464000000,2026-01-15 10:00:00,2.546,2.554,2.519,2.531,1096359.7
1768478400000,2026-01-15 14:00:00,2.531,2.541,2.44,2.484,2141851.1
1768492800000,2026-01-15 18:00:00,2.484,2.492,2.446,2.478,1013929.0
1768507200000,2026-01-15 22:00:00,2.478,2.492,2.454,2.475,551556.0
1768521600000,2026-01-16 02:00:00,2.475,2.487,2.448,2.467,467750.5
1768536000000,2026-01-16 06:00:00,2.467,2.494,2.451,2.484,431938.2
1768550400000,2026-01-16 10:00:00,2.484,2.502,2.469,2.48,490436.5
1768564800000,2026-01-16 14:00:00,2.48,2.494,2.425,2.441,904425.7
1768579200000,2026-01-16 18:00:00,2.441,2.46,2.426,2.447,708317.1
1768593600000,2026-01-16 22:00:00,2.447,2.508,2.444,2.491,783296.5
1768608000000,2026-01-17 02:00:00,2.491,2.529,2.487,2.515,425497.7
1768622400000,2026-01-17 06:00:00,2.515,2.548,2.504,2.541,492738.5
1768636800000,2026-01-17 10:00:00,2.541,2.587,2.536,2.562,926628.5
1768651200000,2026-01-17 14:00:00,2.562,2.601,2.552,2.587,1121960.4
1768665600000,2026-01-17 18:00:00,2.587,2.599,2.56,2.582,502034.3
1768680000000,2026-01-17 22:00:00,2.582,2.589,2.553,2.564,436670.0
1768694400000,2026-01-18 02:00:00,2.564,2.593,2.531,2.532,907715.5
1768708800000,2026-01-18 06:00:00,2.532,2.536,2.501,2.509,586151.6
1768723200000,2026-01-18 10:00:00,2.509,2.516,2.488,2.503,601941.9
1768737600000,2026-01-18 14:00:00,2.503,2.514,2.484,2.507,644098.6
1768752000000,2026-01-18 18:00:00,2.507,2.531,2.498,2.51,466626.1
1768766400000,2026-01-18 22:00:00,2.51,2.532,2.419,2.423,1233942.6
1768780800000,2026-01-19 02:00:00,2.423,2.423,2.224,2.382,7403721.2
1768795200000,2026-01-19 06:00:00,2.382,2.396,2.364,2.368,693511.5
1768809600000,2026-01-19 10:00:00,2.368,2.409,2.364,2.38,861206.6
1768824000000,2026-01-19 14:00:00,2.38,2.394,2.363,2.378,720600.6
1768838400000,2026-01-19 18:00:00,2.378,2.483,2.372,2.465,862555.3
1768852800000,2026-01-19 22:00:00,2.465,2.476,2.424,2.455,705949.2
1768867200000,2026-01-20 02:00:00,2.455,2.502,2.431,2.49,972540.4
1768881600000,2026-01-20 06:00:00,2.49,2.544,2.411,2.414,2160762.3
1768896000000,2026-01-20 10:00:00,2.414,2.455,2.378,2.382,1799858.6
1768910400000,2026-01-20 14:00:00,2.382,2.428,2.329,2.349,2213328.7
1768924800000,2026-01-20 18:00:00,2.349,2.357,2.286,2.318,837719.6
1768939200000,2026-01-20 22:00:00,2.318,2.357,2.283,2.293,1090970.7
1768953600000,2026-01-21 02:00:00,2.293,2.433,2.292,2.376,2634216.7
1768968000000,2026-01-21 06:00:00,2.376,2.409,2.359,2.392,1187569.3
1768982400000,2026-01-21 10:00:00,2.392,2.41,2.368,2.375,1024799.7
1768996800000,2026-01-21 14:00:00,2.375,2.438,2.329,2.384,2277707.5
1769011200000,2026-01-21 18:00:00,2.384,2.425,2.296,2.424,1610994.4
1769025600000,2026-01-21 22:00:00,2.424,2.451,2.372,2.381,861835.5
1769040000000,2026-01-22 02:00:00,2.381,2.439,2.379,2.395,572985.2
1769054400000,2026-01-22 06:00:00,2.395,2.414,2.3673,2.3766,509862.0
1769068800000,2026-01-22 10:00:00,2.3766,2.4039,2.3555,2.38,891616.1
1769083200000,2026-01-22 14:00:00,2.38,2.3874,2.3269,2.348,691226.3
1769097600000,2026-01-22 18:00:00,2.348,2.3609,2.3271,2.3498,615314.5
1769112000000,2026-01-22 22:00:00,2.3498,2.3531,2.3241,2.3333,450536.1
1769126400000,2026-01-23 02:00:00,2.3333,2.3889,2.3253,2.3832,409723.6
1769140800000,2026-01-23 06:00:00,2.3832,2.4009,2.3602,2.3657,440031.5
1769155200000,2026-01-23 10:00:00,2.3657,2.3869,2.3458,2.3753,595646.8
1769169600000,2026-01-23 14:00:00,2.3753,2.3916,2.33,2.3883,670697.0
1769184000000,2026-01-23 18:00:00,2.3883,2.4177,2.3551,2.3648,819805.4
1769198400000,2026-01-23 22:00:00,2.3648,2.3697,2.3383,2.3645,363548.5
1769212800000,2026-01-24 02:00:00,2.3645,2.373,2.3473,2.354,235050.4
1769227200000,2026-01-24 06:00:00,2.354,2.3793,2.3456,2.3623,360676.6
1769241600000,2026-01-24 10:00:00,2.3623,2.3855,2.3545,2.3753,289317.9
1769256000000,2026-01-24 14:00:00,2.3753,2.3813,2.289,2.2935,1071608.8
1769270400000,2026-01-24 18:00:00,2.2935,2.3289,2.2922,2.3203,387883.8
1769284800000,2026-01-24 22:00:00,2.3203,2.3398,2.3172,2.3307,222607.5
1769299200000,2026-01-25 02:00:00,2.3307,2.3348,2.3011,2.3046,292340.1
1769313600000,2026-01-25 06:00:00,2.3046,2.3083,2.2816,2.2888,263176.5
1769328000000,2026-01-25 10:00:00,2.2888,2.3019,2.2675,2.2923,418623.7
1769342400000,2026-01-25 14:00:00,2.2923,2.2924,2.2468,2.2634,893197.2
1769356800000,2026-01-25 18:00:00,2.2634,2.2634,2.1994,2.2255,1140528.2
1769371200000,2026-01-25 22:00:00,2.2255,2.244,2.2172,2.2345,541351.8
1769385600000,2026-01-26 02:00:00,2.2345,2.2725,2.2272,2.237,798463.1
1769400000000,2026-01-26 06:00:00,2.237,2.277,2.237,2.2584,453935.2
1769414400000,2026-01-26 10:00:00,2.2584,2.2793,2.2473,2.2632,680884.9
1769428800000,2026-01-26 14:00:00,2.2632,2.3121,2.2627,2.2708,1051928.6
1769443200000,2026-01-26 18:00:00,2.2708,2.2763,2.2061,2.2245,1518418.7
1769457600000,2026-01-26 22:00:00,2.2245,2.2469,2.2084,2.2201,541943.9
1769472000000,2026-01-27 02:00:00,2.2201,2.2446,2.2145,2.2221,392620.2
1769486400000,2026-01-27 06:00:00,2.2221,2.2352,2.2141,2.218,276946.0
1769500800000,2026-01-27 10:00:00,2.218,2.227,2.176,2.217,1703832.0
1769515200000,2026-01-27 14:00:00,2.217,2.225,2.1857,2.2101,679316.9
1769529600000,2026-01-27 18:00:00,2.2101,2.2482,2.1994,2.2416,883629.0
1769544000000,2026-01-27 22:00:00,2.2416,2.2678,2.2324,2.2407,603609.8
1769558400000,2026-01-28 02:00:00,2.2407,2.2462,2.2202,2.2237,438706.8
1769572800000,2026-01-28 06:00:00,2.2237,2.2419,2.2154,2.2353,235776.3
1769587200000,2026-01-28 10:00:00,2.2353,2.289,2.2334,2.289,696284.8
1769601600000,2026-01-28 14:00:00,2.289,2.3,2.2411,2.2437,963610.7
1769616000000,2026-01-28 18:00:00,2.2437,2.2702,2.2226,2.244,1143130.2
1769630400000,2026-01-28 22:00:00,2.244,2.2538,2.2203,2.235,669673.7
1769644800000,2026-01-29 02:00:00,2.235,2.2406,2.1739,2.1837,939909.9
1769659200000,2026-01-29 06:00:00,2.1837,2.193,2.172,2.1861,393438.1
1769673600000,2026-01-29 10:00:00,2.1861,2.1861,2.1573,2.1623,578395.5
1769688000000,2026-01-29 14:00:00,2.1623,2.183,2.0833,2.1023,1494670.7
1769702400000,2026-01-29 18:00:00,2.1023,2.1531,2.0767,2.1084,1540639.2
1769716800000,2026-01-29 22:00:00,2.1084,2.1354,2.1037,2.125,405306.0
1769731200000,2026-01-30 02:00:00,2.125,2.134,2.0569,2.0785,1307156.0
1769745600000,2026-01-30 06:00:00,2.0785,2.1051,2.0453,2.0905,679798.9
1769760000000,2026-01-30 10:00:00,2.0905,2.1072,2.0664,2.0986,638251.5
1769774400000,2026-01-30 14:00:00,2.0986,2.1077,2.0687,2.0998,958275.1
1769788800000,2026-01-30 18:00:00,2.0998,2.1344,2.064,2.1162,872167.8
1769803200000,2026-01-30 22:00:00,2.1162,2.1164,2.0857,2.1091,496630.4
1769817600000,2026-01-31 02:00:00,2.1091,2.1134,2.0806,2.081,241934.0
1769832000000,2026-01-31 06:00:00,2.081,2.0868,2.0406,2.0578,566850.6
1769846400000,2026-01-31 10:00:00,2.0578,2.0617,2.0176,2.041,582078.4
1769860800000,2026-01-31 14:00:00,2.041,2.0534,1.9476,1.9897,2080069.9
1769875200000,2026-01-31 18:00:00,1.9897,2.0299,1.8034,1.9105,4039642.4
1769889600000,2026-01-31 22:00:00,1.9105,1.9773,1.8879,1.9685,764084.6
1769904000000,2026-02-01 02:00:00,1.9685,1.9814,1.951,1.9756,455802.6
1769918400000,2026-02-01 06:00:00,1.9756,1.9928,1.9629,1.9812,424411.5
1769932800000,2026-02-01 10:00:00,1.9812,1.9903,1.9534,1.9687,728731.7
1769947200000,2026-02-01 14:00:00,1.9687,1.9778,1.8954,1.9129,792537.3
1769961600000,2026-02-01 18:00:00,1.9129,1.9459,1.8916,1.9092,811637.5
1769976000000,2026-02-01 22:00:00,1.9092,1.9364,1.8717,1.9094,920415.5
1769990400000,2026-02-02 02:00:00,1.9094,1.959,1.8596,1.9281,1084900.6
1770004800000,2026-02-02 06:00:00,1.9281,1.9552,1.8692,1.9106,981535.6
1770019200000,2026-02-02 10:00:00,1.9106,1.9504,1.9098,1.9432,591802.6
1770033600000,2026-02-02 14:00:00,1.9432,1.9995,1.9382,1.9894,652037.5
1770048000000,2026-02-02 18:00:00,1.9894,2.0057,1.9774,1.9777,654461.1
1770062400000,2026-02-02 22:00:00,1.9777,1.985,1.971,1.9788,298144.6
1770076800000,2026-02-03 02:00:00,1.9788,1.9811,1.938,1.9731,352671.6
1770091200000,2026-02-03 06:00:00,1.9731,2.0028,1.963,1.996,355494.4
1770105600000,2026-02-03 10:00:00,1.996,2.0181,1.9691,2.0002,904644.0
1770120000000,2026-02-03 14:00:00,2.0002,2.0266,1.954,1.9942,1087925.7
1770134400000,2026-02-03 18:00:00,1.9942,1.9949,1.8857,1.9764,1713959.3
1770148800000,2026-02-03 22:00:00,1.9764,2.0514,1.9584,2.0315,1975690.7
1770163200000,2026-02-04 02:00:00,2.0315,2.1055,2.0112,2.0826,1911033.8
1770177600000,2026-02-04 06:00:00,2.0826,2.0966,2.0555,2.0804,797747.7
1770192000000,2026-02-04 10:00:00,2.0804,2.0935,2.0356,2.0597,1003108.7
1770206400000,2026-02-04 14:00:00,2.0597,2.0617,2.0064,2.0139,1684764.9
1770220800000,2026-02-04 18:00:00,2.0139,2.0381,1.9782,2.0333,1923333.4
1770235200000,2026-02-04 22:00:00,2.0333,2.0357,1.9719,1.9919,951699.3
1770249600000,2026-02-05 02:00:00,1.9919,2.0546,1.9804,1.9956,1045779.2
1770264000000,2026-02-05 06:00:00,1.9956,2.0394,1.9875,2.0086,1121918.0
1770278400000,2026-02-05 10:00:00,2.0086,2.0302,1.9404,1.9768,1381636.1
1770292800000,2026-02-05 14:00:00,1.9768,2.0465,1.9036,1.9071,3320084.8
1770307200000,2026-02-05 18:00:00,1.9071,1.9616,1.8453,1.8712,3260571.2
1770321600000,2026-02-05 22:00:00,1.8712,1.8843,1.7688,1.8166,4071454.3
1770336000000,2026-02-06 02:00:00,1.8166,1.8344,1.6513,1.7942,5452454.4
1770350400000,2026-02-06 06:00:00,1.7942,1.8541,1.7744,1.8262,1545493.4
1770364800000,2026-02-06 10:00:00,1.8262,1.8956,1.7929,1.8751,2054162.2
1770379200000,2026-02-06 14:00:00,1.8751,1.9305,1.858,1.9194,1641859.6
1770393600000,2026-02-06 18:00:00,1.9194,2.0139,1.9157,1.9527,2054085.8
1770408000000,2026-02-06 22:00:00,1.9527,2.01,1.9368,1.9859,1393396.0
1770422400000,2026-02-07 02:00:00,1.9859,2.0217,1.9703,2.0125,832438.2
1770436800000,2026-02-07 06:00:00,2.0125,2.0255,1.9426,1.9482,1446845.5
1770451200000,2026-02-07 10:00:00,1.9482,1.9793,1.9271,1.9325,1379113.6
1770465600000,2026-02-07 14:00:00,1.9325,2.0084,1.9295,1.9892,1155671.2
1770480000000,2026-02-07 18:00:00,1.9892,2.049,1.9863,1.9995,3788144.8
1770494400000,2026-02-07 22:00:00,1.9995,2.0164,1.9788,1.9867,559959.4
1770508800000,2026-02-08 02:00:00,1.9867,1.9963,1.9675,1.9703,380855.9
1770523200000,2026-02-08 06:00:00,1.9703,1.9799,1.9553,1.9642,339027.6
1770537600000,2026-02-08 10:00:00,1.9642,1.9998,1.9477,1.981,934125.4
1770552000000,2026-02-08 14:00:00,1.981,1.9884,1.9636,1.9663,571114.8
1770566400000,2026-02-08 18:00:00,1.9663,1.9823,1.9392,1.979,839045.9
1770580800000,2026-02-08 22:00:00,1.979,1.987,1.93,1.9483,564814.3
1770595200000,2026-02-09 02:00:00,1.9483,1.9763,1.9309,1.9731,507300.6
1770609600000,2026-02-09 06:00:00,1.9731,1.9765,1.9519,1.9623,527701.0
1770624000000,2026-02-09 10:00:00,1.9623,1.9666,1.9001,1.9098,822774.2
1770638400000,2026-02-09 14:00:00,1.9098,1.9667,1.9085,1.9656,1004986.3
1770652800000,2026-02-09 18:00:00,1.9656,1.9839,1.9247,1.9602,1210021.0
1770667200000,2026-02-09 22:00:00,1.9602,1.977,1.9464,1.9586,814637.0
1770681600000,2026-02-10 02:00:00,1.9586,1.9729,1.9369,1.9434,446016.4
1770696000000,2026-02-10 06:00:00,1.9434,1.952,1.8957,1.9087,857146.9
1770710400000,2026-02-10 10:00:00,1.9087,1.922,1.8995,1.9028,397528.6
1770724800000,2026-02-10 14:00:00,1.9028,1.9438,1.8936,1.9354,877225.2
1770739200000,2026-02-10 18:00:00,1.9354,1.9434,1.9013,1.9204,603339.0
1770753600000,2026-02-10 22:00:00,1.9204,1.929,1.9082,1.9211,375845.1
1770768000000,2026-02-11 02:00:00,1.9211,1.9389,1.9096,1.929,486107.9
1770782400000,2026-02-11 06:00:00,1.929,1.9313,1.8709,1.8756,793308.1
1770796800000,2026-02-11 10:00:00,1.8756,1.9013,1.8727,1.896,956235.1
1770811200000,2026-02-11 14:00:00,1.896,2.0081,1.8856,1.9194,1933150.7
1770825600000,2026-02-11 18:00:00,1.9194,1.9476,1.8893,1.9285,767623.1
1770840000000,2026-02-11 22:00:00,1.9285,1.9638,1.9176,1.943,726645.8
1770854400000,2026-02-12 02:00:00,1.943,1.977,1.9424,1.9755,398898.7
1770868800000,2026-02-12 06:00:00,1.9755,1.9961,1.9591,1.9945,642533.7
1770883200000,2026-02-12 10:00:00,1.9945,2.0144,1.9835,1.9859,765894.7
1770897600000,2026-02-12 14:00:00,1.9859,1.9927,1.9534,1.969,876269.4
1770912000000,2026-02-12 18:00:00,1.969,1.9737,1.9264,1.9481,1116356.5
1770926400000,2026-02-12 22:00:00,1.9481,1.9741,1.9295,1.9659,615645.7
1770940800000,2026-02-13 02:00:00,1.9659,1.9816,1.9525,1.9641,573495.3
1770955200000,2026-02-13 06:00:00,1.9641,1.9889,1.9506,1.9795,315700.7
1770969600000,2026-02-13 10:00:00,1.9795,2.0315,1.9773,2.0245,901676.2
1770984000000,2026-02-13 14:00:00,2.0245,2.0785,2.0001,2.0582,1195306.9
1770998400000,2026-02-13 18:00:00,2.0582,2.0957,2.0551,2.081,749880.6
1771012800000,2026-02-13 22:00:00,2.081,2.1265,2.0764,2.1187,448541.1
1771027200000,2026-02-14 02:00:00,2.1187,2.1386,2.1067,2.1315,339254.3
1771041600000,2026-02-14 06:00:00,2.1315,2.1324,2.1074,2.1122,262837.3
1771056000000,2026-02-14 10:00:00,2.1122,2.1462,2.1122,2.1377,549589.1
1771070400000,2026-02-14 14:00:00,2.1377,2.1706,2.1268,2.1687,491589.0
1771084800000,2026-02-14 18:00:00,2.1687,2.2175,2.1595,2.207,659822.1
1771099200000,2026-02-14 22:00:00,2.207,2.2114,2.1721,2.1833,610739.5
1771113600000,2026-02-15 02:00:00,2.1833,2.1833,2.134,2.175,947997.6
1771128000000,2026-02-15 06:00:00,2.175,2.2226,2.1714,2.2095,464488.3
1771142400000,2026-02-15 10:00:00,2.2095,2.2128,2.146,2.1631,426146.2
1771156800000,2026-02-15 14:00:00,2.1631,2.1649,2.0935,2.126,1113067.3
1771171200000,2026-02-15 18:00:00,2.126,2.1325,2.0965,2.1204,595998.0
1771185600000,2026-02-15 22:00:00,2.1204,2.1394,2.111,2.1353,294109.3
1771200000000,2026-02-16 02:00:00,2.1353,2.1481,2.1237,2.142,231071.6
1771214400000,2026-02-16 06:00:00,2.142,2.1549,2.1113,2.1308,354244.2
1771228800000,2026-02-16 10:00:00,2.1308,2.1841,2.1294,2.1825,711565.0
1771243200000,2026-02-16 14:00:00,2.1825,2.2552,2.1601,2.192,1936849.9
1771257600000,2026-02-16 18:00:00,2.192,2.2633,2.192,2.2586,1319502.2
1771272000000,2026-02-16 22:00:00,2.2586,2.3186,2.2233,2.2905,1645973.5
1771286400000,2026-02-17 02:00:00,2.2905,2.307,2.2537,2.273,783466.9
1771300800000,2026-02-17 06:00:00,2.273,2.3075,2.26,2.2675,641686.3
1771315200000,2026-02-17 10:00:00,2.2675,2.2716,2.2194,2.2382,1133215.5
1771329600000,2026-02-17 14:00:00,2.2382,2.3155,2.2348,2.28,1840460.2
1771344000000,2026-02-17 18:00:00,2.28,2.3303,2.2321,2.2366,1563926.9
1771358400000,2026-02-17 22:00:00,2.2366,2.2487,2.2221,2.2394,562401.3
1771372800000,2026-02-18 02:00:00,2.2394,2.2824,2.2108,2.2748,649680.0
1771387200000,2026-02-18 06:00:00,2.2748,2.3115,2.2675,2.3004,554653.8
1771401600000,2026-02-18 10:00:00,2.3004,2.3359,2.2783,2.3004,932493.0
1771416000000,2026-02-18 14:00:00,2.3004,2.4472,2.2732,2.4314,3541360.3
1771430400000,2026-02-18 18:00:00,2.4314,2.5071,2.3611,2.3791,3614350.9
1771444800000,2026-02-18 22:00:00,2.3791,2.428,2.3012,2.3413,1803668.3
1771459200000,2026-02-19 02:00:00,2.3413,2.355,2.3115,2.3433,1119005.6
1771473600000,2026-02-19 06:00:00,2.3433,2.3635,2.3245,2.347,951502.2
1771488000000,2026-02-19 10:00:00,2.347,2.347,2.3004,2.3113,576174.9
