timestamp,datetime,open,high,low,close,volume
1735214400000,2024-12-26 14:00:00,0.9558,0.9564,0.9152,0.92,15682946.9
1735228800000,2024-12-26 18:00:00,0.92,0.9423,0.9059,0.913,10585067.5
1735243200000,2024-12-26 22:00:00,0.913,0.9545,0.8927,0.9494,18342781.0
1735257600000,2024-12-27 02:00:00,0.9494,1.0056,0.9487,0.9833,18121202.2
1735272000000,2024-12-27 06:00:00,0.9833,1.007,0.9535,0.9574,13889933.6
1735286400000,2024-12-27 10:00:00,0.9574,1.0116,0.9572,0.9889,15626816.7
1735300800000,2024-12-27 14:00:00,0.9889,0.9926,0.9233,0.9303,17096493.2
1735315200000,2024-12-27 18:00:00,0.9303,0.9412,0.9028,0.9231,17951055.9
1735329600000,2024-12-27 22:00:00,0.9231,0.9275,0.8955,0.9009,7854788.8
1735344000000,2024-12-28 02:00:00,0.9009,0.9151,0.8941,0.9111,6342253.4
1735358400000,2024-12-28 06:00:00,0.9111,0.9185,0.883,0.8845,7825675.5
1735372800000,2024-12-28 10:00:00,0.8845,0.9684,0.8842,0.9585,20577707.8
1735387200000,2024-12-28 14:00:00,0.9585,0.995,0.9362,0.9786,21852100.1
1735401600000,2024-12-28 18:00:00,0.9786,1.0048,0.973,0.9886,10899345.6
1735416000000,2024-12-28 22:00:00,0.9886,1.0504,0.9835,1.02,17149675.3
1735430400000,2024-12-29 02:00:00,1.02,1.0319,0.9983,1.0115,10783207.3
1735444800000,2024-12-29 06:00:00,1.0115,1.0197,0.9809,0.9887,7441077.2
1735459200000,2024-12-29 10:00:00,0.9887,1.0014,0.9757,0.9893,10985626.4
1735473600000,2024-12-29 14:00:00,0.9893,1.0104,0.9426,0.9561,22187551.2
1735488000000,2024-12-29 18:00:00,0.9561,0.966,0.941,0.9437,9722598.0
1735502400000,2024-12-29 22:00:00,0.9437,0.9533,0.9285,0.948,15350525.7
1735516800000,2024-12-30 02:00:00,0.948,0.9979,0.9432,0.963,18634017.6
1735531200000,2024-12-30 06:00:00,0.963,0.985,0.9574,0.9663,10491385.4
1735545600000,2024-12-30 10:00:00,0.9663,0.979,0.9373,0.9451,12458038.4
1735560000000,2024-12-30 14:00:00,0.9451,0.9496,0.8998,0.9052,20259226.4
1735574400000,2024-12-30 18:00:00,0.9052,0.9593,0.894,0.9583,17113811.9
1735588800000,2024-12-30 22:00:00,0.9583,0.9759,0.9165,0.9299,16641981.3
1735603200000,2024-12-31 02:00:00,0.9299,0.93,0.902,0.9035,8894998.6
1735617600000,2024-12-31 06:00:00,0.9035,0.9148,0.8932,0.9097,6766959.1
1735632000000,2024-12-31 10:00:00,0.9097,0.9396,0.9001,0.9079,10952306.1
1735646400000,2024-12-31 14:00:00,0.9079,0.9511,0.9059,0.9298,12144111.5
1735660800000,2024-12-31 18:00:00,0.9298,0.935,0.8876,0.899,12554796.4
1735675200000,2024-12-31 22:00:00,0.899,0.9045,0.8845,0.8937,6371271.3
1735689600000,2025-01-01 02:00:00,0.8937,0.9188,0.8907,0.911,7105586.7
1735704000000,2025-01-01 06:00:00,0.911,0.9147,0.8997,0.9065,4730652.3
1735718400000,2025-01-01 10:00:00,0.9065,0.9078,0.8654,0.8801,11591713.3
1735732800000,2025-01-01 14:00:00,0.8801,0.9385,0.8797,0.937,11909702.8
1735747200000,2025-01-01 18:00:00,0.937,0.9724,0.9233,0.9625,13721175.7
1735761600000,2025-01-01 22:00:00,0.9625,0.983,0.9501,0.9581,8975479.6
1735776000000,2025-01-02 02:00:00,0.9581,1.0177,0.9569,1.0066,14103193.7
1735790400000,2025-01-02 06:00:00,1.0066,1.0217,0.9925,1.0183,10866549.1
1735804800000,2025-01-02 10:00:00,1.0183,1.0364,1.0094,1.017,9329073.2
1735819200000,2025-01-02 14:00:00,1.017,1.0434,1.0044,1.0168,12532045.7
1735833600000,2025-01-02 18:00:00,1.0168,1.0401,1.0036,1.0262,8663759.4
1735848000000,2025-01-02 22:00:00,1.0262,1.0299,0.9936,1.009,7290553.0
1735862400000,2025-01-03 02:00:00,1.009,1.0152,0.9913,0.9995,5111919.8
1735876800000,2025-01-03 06:00:00,0.9995,0.9997,0.9738,0.9757,6549482.8
1735891200000,2025-01-03 10:00:00,0.9757,1.0022,0.9733,0.9982,6665476.1
1735905600000,2025-01-03 14:00:00,0.9982,1.0722,0.9975,1.0719,14029035.5
1735920000000,2025-01-03 18:00:00,1.0719,1.0894,1.0581,1.0824,10031317.2
1735934400000,2025-01-03 22:00:00,1.0824,1.1127,1.0766,1.0859,9286187.0
1735948800000,2025-01-04 02:00:00,1.0859,1.0876,1.0664,1.0683,5146352.9
1735963200000,2025-01-04 06:00:00,1.0683,1.0728,1.0569,1.0608,5359412.0
1735977600000,2025-01-04 10:00:00,1.0608,1.0753,1.0456,1.0733,6165424.3
1735992000000,2025-01-04 14:00:00,1.0733,1.1077,1.0436,1.0551,14177073.6
1736006400000,2025-01-04 18:00:00,1.0551,1.0659,1.0494,1.0595,6531248.6
1736020800000,2025-01-04 22:00:00,1.0595,1.0677,1.0457,1.0476,4407911.2
1736035200000,2025-01-05 02:00:00,1.0476,1.0546,1.0304,1.0394,6426657.2
1736049600000,2025-01-05 06:00:00,1.0394,1.0495,1.0307,1.0403,4102243.2
1736064000000,2025-01-05 10:00:00,1.0403,1.0443,1.0151,1.0295,8385522.4
1736078400000,2025-01-05 14:00:00,1.0295,1.042,1.02,1.0279,6377645.3
1736092800000,2025-01-05 18:00:00,1.0279,1.0448,1.0207,1.0349,4275718.3
1736107200000,2025-01-05 22:00:00,1.0349,1.0503,1.0255,1.0274,4643786.9
1736121600000,2025-01-06 02:00:00,1.0274,1.0503,1.0084,1.0458,8418407.7
1736136000000,2025-01-06 06:00:00,1.0458,1.0593,1.018,1.0187,6265958.5
1736150400000,2025-01-06 10:00:00,1.0187,1.0242,0.9832,0.9988,12976616.3
1736164800000,2025-01-06 14:00:00,0.9988,1.033,0.9765,1.0261,15959057.1
1736179200000,2025-01-06 18:00:00,1.0261,1.0431,0.9907,1.0024,10192917.5
1736193600000,2025-01-06 22:00:00,1.0024,1.0058,0.9816,0.9964,6688834.0
1736208000000,2025-01-07 02:00:00,0.9964,1.0045,0.9792,0.9875,5662235.1
1736222400000,2025-01-07 06:00:00,0.9875,0.9971,0.9821,0.9856,3343818.1
1736236800000,2025-01-07 10:00:00,0.9856,1.0012,0.9662,0.9754,6527455.0
1736251200000,2025-01-07 14:00:00,0.9754,0.9834,0.9097,0.9319,24495152.4
1736265600000,2025-01-07 18:00:00,0.9319,0.9454,0.9077,0.9126,9173846.8
1736280000000,2025-01-07 22:00:00,0.9126,0.9198,0.8906,0.8914,8058404.5
1736294400000,2025-01-08 02:00:00,0.8914,0.9072,0.8785,0.8858,8203183.3
1736308800000,2025-01-08 06:00:00,0.8858,0.8893,0.8459,0.8676,11509302.1
1736323200000,2025-01-08 10:00:00,0.8676,0.8838,0.8493,0.8565,7803738.2
1736337600000,2025-01-08 14:00:00,0.8565,0.8651,0.8367,0.8453,9383405.4
1736352000000,2025-01-08 18:00:00,0.8453,0.8781,0.7835,0.8588,28351828.0
1736366400000,2025-01-08 22:00:00,0.8588,0.8663,0.8424,0.8572,8746395.0
1736380800000,2025-01-09 02:00:00,0.8572,0.8859,0.8442,0.8461,11759624.4
1736395200000,2025-01-09 06:00:00,0.8461,0.852,0.8194,0.8231,8443382.4
1736409600000,2025-01-09 10:00:00,0.8231,0.8527,0.8195,0.826,9235565.9
1736424000000,2025-01-09 14:00:00,0.826,0.8499,0.7852,0.8416,16184576.4
1736438400000,2025-01-09 18:00:00,0.8416,0.8489,0.797,0.7999,9608964.1
1736452800000,2025-01-09 22:00:00,0.7999,0.8154,0.7868,0.8082,8951836.6
1736467200000,2025-01-10 02:00:00,0.8082,0.8264,0.8067,0.8222,7008853.9
1736481600000,2025-01-10 06:00:00,0.8222,0.8642,0.8132,0.849,9454251.8
1736496000000,2025-01-10 10:00:00,0.849,0.8544,0.8314,0.8417,8012525.5
1736510400000,2025-01-10 14:00:00,0.8417,0.8464,0.7973,0.8195,23136027.0
1736524800000,2025-01-10 18:00:00,0.8195,0.8504,0.8066,0.8455,11259739.4
1736539200000,2025-01-10 22:00:00,0.8455,0.8457,0.8244,0.8257,4680394.8
1736553600000,2025-01-11 02:00:00,0.8257,0.8322,0.8046,0.8073,3781815.6
1736568000000,2025-01-11 06:00:00,0.8073,0.8217,0.8023,0.8102,3637839.5
1736582400000,2025-01-11 10:00:00,0.8102,0.8311,0.8036,0.8251,3807517.7
1736596800000,2025-01-11 14:00:00,0.8251,0.828,0.8043,0.8048,5840402.9
1736611200000,2025-01-11 18:00:00,0.8048,0.8095,0.7944,0.8062,5474351.6
1736625600000,2025-01-11 22:00:00,0.8062,0.8682,0.8042,0.8466,13948929.6
1736640000000,2025-01-12 02:00:00,0.8466,0.8507,0.8327,0.8411,5521434.1
1736654400000,2025-01-12 06:00:00,0.8411,0.8493,0.8228,0.8337,3853410.6
1736668800000,2025-01-12 10:00:00,0.8337,0.8373,0.8164,0.8312,4907601.6
1736683200000,2025-01-12 14:00:00,0.8312,0.8499,0.827,0.8448,6284379.4
1736697600000,2025-01-12 18:00:00,0.8448,0.8498,0.8265,0.8315,5054964.8
1736712000000,2025-01-12 22:00:00,0.8315,0.834,0.8036,0.8188,5849664.1
1736726400000,2025-01-13 02:00:00,0.8188,0.8495,0.7945,0.7998,10691429.3
1736740800000,2025-01-13 06:00:00,0.7998,0.8239,0.7855,0.7999,8850377.4
1736755200000,2025-01-13 10:00:00,0.7999,0.8014,0.7499,0.7529,13549645.1
1736769600000,2025-01-13 14:00:00,0.7529,0.7949,0.7257,0.7775,30273487.2
1736784000000,2025-01-13 18:00:00,0.7775,0.787,0.7388,0.7525,19158269.0
1736798400000,2025-01-13 22:00:00,0.7525,0.8145,0.7466,0.8111,18391662.8
1736812800000,2025-01-14 02:00:00,0.8111,0.8224,0.8047,0.8133,7000723.9
1736827200000,2025-01-14 06:00:00,0.8133,0.8308,0.807,0.8075,4937337.4
1736841600000,2025-01-14 10:00:00,0.8075,0.8436,0.8075,0.8198,7794529.7
1736856000000,2025-01-14 14:00:00,0.8198,0.8576,0.8067,0.8367,15124605.8
1736870400000,2025-01-14 18:00:00,0.8367,0.8544,0.8252,0.8424,8072625.2
1736884800000,2025-01-14 22:00:00,0.8424,0.8719,0.8336,0.8645,8879588.1
1736899200000,2025-01-15 02:00:00,0.8645,0.8767,0.8528,0.8647,9362827.8
1736913600000,2025-01-15 06:00:00,0.8647,0.8775,0.8513,0.8714,8197848.3
1736928000000,2025-01-15 10:00:00,0.8714,0.8789,0.8353,0.8448,8678151.5
1736942400000,2025-01-15 14:00:00,0.8448,0.9292,0.8388,0.9178,25941506.9
1736956800000,2025-01-15 18:00:00,0.9178,0.9267,0.8902,0.9188,14513008.4
1736971200000,2025-01-15 22:00:00,0.9188,0.966,0.9078,0.9612,15736190.3
1736985600000,2025-01-16 02:00:00,0.9612,0.9811,0.9326,0.9564,15134475.1
1737000000000,2025-01-16 06:00:00,0.9564,0.9809,0.953,0.9677,7382961.0
1737014400000,2025-01-16 10:00:00,0.9677,0.9717,0.9394,0.9501,11260162.6
1737028800000,2025-01-16 14:00:00,0.9501,0.9775,0.9171,0.9516,22792117.2
1737043200000,2025-01-16 18:00:00,0.9516,0.9738,0.948,0.9718,9389230.7
1737057600000,2025-01-16 22:00:00,0.9718,0.9767,0.9231,0.9315,8087976.8
1737072000000,2025-01-17 02:00:00,0.9315,0.9868,0.9306,0.9577,9763445.7
1737086400000,2025-01-17 06:00:00,0.9577,0.9947,0.9533,0.9816,8736760.3
1737100800000,2025-01-17 10:00:00,0.9816,0.989,0.9677,0.9783,8886693.8
1737115200000,2025-01-17 14:00:00,0.9783,0.9913,0.956,0.9719,17150410.9
1737129600000,2025-01-17 18:00:00,0.9719,1.0229,0.9625,0.9992,14802338.0
1737144000000,2025-01-17 22:00:00,0.9992,1.0571,0.9974,1.0435,18694176.5
1737158400000,2025-01-18 02:00:00,1.0435,1.0628,0.9938,0.9947,14017577.8
1737172800000,2025-01-18 06:00:00,0.9947,1.0039,0.9284,0.9522,20726242.1
1737187200000,2025-01-18 10:00:00,0.9522,0.9547,0.9168,0.9445,17163125.6
1737201600000,2025-01-18 14:00:00,0.9445,0.9479,0.9,0.9101,14552859.3
1737216000000,2025-01-18 18:00:00,0.9101,0.9175,0.8889,0.9117,13320720.8
1737230400000,2025-01-18 22:00:00,0.9117,0.922,0.8932,0.9191,8804166.7
1737244800000,2025-01-19 02:00:00,0.9191,0.978,0.9133,0.938,15688716.1
1737259200000,2025-01-19 06:00:00,0.938,0.9391,0.8937,0.9051,13027026.1
1737273600000,2025-01-19 10:00:00,0.9051,0.9055,0.8369,0.8459,29983115.0
1737288000000,2025-01-19 14:00:00,0.8459,0.962,0.8447,0.9408,24658100.2
1737302400000,2025-01-19 18:00:00,0.9408,0.9625,0.9298,0.9387,14077778.4
1737316800000,2025-01-19 22:00:00,0.9387,0.9413,0.7964,0.8155,48062775.9
1737331200000,2025-01-20 02:00:00,0.8155,0.8369,0.7851,0.8182,37031025.1
1737345600000,2025-01-20 06:00:00,0.8182,0.9424,0.8086,0.9231,34705421.2
1737360000000,2025-01-20 10:00:00,0.9231,0.9518,0.8944,0.9205,15773877.2
1737374400000,2025-01-20 14:00:00,0.9205,0.9246,0.8755,0.8985,25124558.9
1737388800000,2025-01-20 18:00:00,0.8985,0.9092,0.8139,0.8764,43184084.2
1737403200000,2025-01-20 22:00:00,0.8764,0.8764,0.8326,0.8524,11451564.2
1737417600000,2025-01-21 02:00:00,0.8524,0.8578,0.8179,0.8315,12016683.3
1737432000000,2025-01-21 06:00:00,0.8315,0.8395,0.815,0.8272,6735914.6
1737446400000,2025-01-21 10:00:00,0.8272,0.8707,0.8173,0.8598,9659559.6
1737460800000,2025-01-21 14:00:00,0.8598,0.8722,0.8273,0.8438,12764706.7
1737475200000,2025-01-21 18:00:00,0.8438,0.8882,0.8398,0.8649,13133648.0
1737489600000,2025-01-21 22:00:00,0.8649,0.8731,0.844,0.8573,8150023.5
1737504000000,2025-01-22 02:00:00,0.8573,0.8669,0.8413,0.8424,4101352.7
1737518400000,2025-01-22 06:00:00,0.8424,0.8461,0.8195,0.8225,4344716.7
1737532800000,2025-01-22 10:00:00,0.8225,0.8354,0.8105,0.8327,7692607.6
1737547200000,2025-01-22 14:00:00,0.8327,0.8364,0.8067,0.8126,7777481.8
1737561600000,2025-01-22 18:00:00,0.8126,0.8251,0.7977,0.8068,7300917.1
1737576000000,2025-01-22 22:00:00,0.8068,0.8107,0.7811,0.7878,8557317.9
1737590400000,2025-01-23 02:00:00,0.7878,0.7926,0.7477,0.7666,17701536.8
1737604800000,2025-01-23 06:00:00,0.7666,0.7734,0.7586,0.7728,6694424.3
1737619200000,2025-01-23 10:00:00,0.7728,0.7772,0.7566,0.7664,7372212.6
1737633600000,2025-01-23 14:00:00,0.7664,0.7966,0.7453,0.7852,20910659.9
1737648000000,2025-01-23 18:00:00,0.7852,0.8116,0.7591,0.7617,14161772.3
1737662400000,2025-01-23 22:00:00,0.7617,0.7997,0.7538,0.7933,20251823.6
1737676800000,2025-01-24 02:00:00,0.7933,0.7966,0.7553,0.7701,11936775.6
1737691200000,2025-01-24 06:00:00,0.7701,0.8122,0.7646,0.8016,11434701.1
1737705600000,2025-01-24 10:00:00,0.8016,0.848,0.794,0.8369,20406904.2
1737720000000,2025-01-24 14:00:00,0.8369,0.8645,0.8328,0.8461,22339231.7
1737734400000,2025-01-24 18:00:00,0.8461,0.8567,0.8276,0.8297,14616527.0
1737748800000,2025-01-24 22:00:00,0.8297,0.8324,0.7866,0.7948,13090206.6
1737763200000,2025-01-25 02:00:00,0.7948,0.8231,0.771,0.8159,17773210.0
1737777600000,2025-01-25 06:00:00,0.8159,0.8244,0.8084,0.8143,12225790.3
1737792000000,2025-01-25 10:00:00,0.8143,0.815,0.7931,0.8104,11854592.9
1737806400000,2025-01-25 14:00:00,0.8104,0.8342,0.8031,0.8219,10695925.5
1737820800000,2025-01-25 18:00:00,0.8219,0.8321,0.8087,0.8107,9377653.5
1737835200000,2025-01-25 22:00:00,0.8107,0.8194,0.7962,0.797,8345242.6
1737849600000,2025-01-26 02:00:00,0.797,0.8212,0.7939,0.8136,5940377.5
1737864000000,2025-01-26 06:00:00,0.8136,0.8224,0.8091,0.8224,5074969.5
1737878400000,2025-01-26 10:00:00,0.8224,0.8315,0.8021,0.8165,7271265.1
1737892800000,2025-01-26 14:00:00,0.8165,0.8167,0.8043,0.8097,6268062.1
1737907200000,2025-01-26 18:00:00,0.8097,0.8247,0.8012,0.8135,7168640.0
1737921600000,2025-01-26 22:00:00,0.8135,0.8178,0.7632,0.7676,15327448.5
1737936000000,2025-01-27 02:00:00,0.7676,0.7737,0.7322,0.7426,25657611.7
1737950400000,2025-01-27 06:00:00,0.7426,0.7426,0.6657,0.7036,43747181.1
1737964800000,2025-01-27 10:00:00,0.7036,0.7099,0.6814,0.6913,24509852.9
1737979200000,2025-01-27 14:00:00,0.6913,0.7369,0.6867,0.7241,22181682.0
1737993600000,2025-01-27 18:00:00,0.7241,0.726,0.6972,0.7042,22234826.1
1738008000000,2025-01-27 22:00:00,0.7042,0.7501,0.704,0.7397,15056960.8
1738022400000,2025-01-28 02:00:00,0.7397,0.7512,0.7208,0.7356,11663735.5
1738036800000,2025-01-28 06:00:00,0.7356,0.7462,0.7166,0.7191,10678938.7
1738051200000,2025-01-28 10:00:00,0.7191,0.7267,0.7135,0.7207,9492780.6
1738065600000,2025-01-28 14:00:00,0.7207,0.7319,0.7027,0.7231,17570254.7
1738080000000,2025-01-28 18:00:00,0.7231,0.7239,0.6924,0.7015,15058385.1
1738094400000,2025-01-28 22:00:00,0.7015,0.7062,0.6686,0.6754,23510372.2
1738108800000,2025-01-29 02:00:00,0.6754,0.7006,0.6669,0.6948,13855062.8
1738123200000,2025-01-29 06:00:00,0.6948,0.7128,0.6896,0.7122,10210884.7
1738137600000,2025-01-29 10:00:00,0.7122,0.7169,0.6942,0.7111,11857407.5
1738152000000,2025-01-29 14:00:00,0.7111,0.7136,0.6879,0.6964,16508270.1
1738166400000,2025-01-29 18:00:00,0.6964,0.7291,0.6741,0.7199,29160174.0
1738180800000,2025-01-29 22:00:00,0.7199,0.7458,0.6974,0.6999,19682909.9
1738195200000,2025-01-30 02:00:00,0.6999,0.7332,0.6931,0.7309,10859021.1
1738209600000,2025-01-30 06:00:00,0.7309,0.742,0.7261,0.7324,6772040.2
1738224000000,2025-01-30 10:00:00,0.7324,0.7759,0.727,0.771,13697527.5
1738238400000,2025-01-30 14:00:00,0.771,0.8035,0.7564,0.7949,19148907.8
1738252800000,2025-01-30 18:00:00,0.7949,0.8061,0.779,0.7897,16890543.3
1738267200000,2025-01-30 22:00:00,0.7897,0.7951,0.7716,0.785,13679371.0
1738281600000,2025-01-31 02:00:00,0.785,0.8001,0.7653,0.772,11210937.5
1738296000000,2025-01-31 06:00:00,0.772,0.7945,0.7623,0.783,10829134.4
1738310400000,2025-01-31 10:00:00,0.783,0.8133,0.7744,0.8097,12053744.4
1738324800000,2025-01-31 14:00:00,0.8097,0.824,0.7955,0.8218,18359915.1
1738339200000,2025-01-31 18:00:00,0.8218,0.8306,0.7681,0.7813,21175431.1
1738353600000,2025-01-31 22:00:00,0.7813,0.7871,0.7612,0.7805,13311680.9
1738368000000,2025-02-01 02:00:00,0.7805,0.7884,0.7678,0.7731,9516202.6
1738382400000,2025-02-01 06:00:00,0.7731,0.7822,0.7672,0.768,5027688.5
1738396800000,2025-02-01 10:00:00,0.768,0.7725,0.7326,0.7454,17058082.3
1738411200000,2025-02-01 14:00:00,0.7454,0.7562,0.7285,0.7375,12762051.5
1738425600000,2025-02-01 18:00:00,0.7375,0.7437,0.7026,0.7085,15564678.9
1738440000000,2025-02-01 22:00:00,0.7085,0.7093,0.6763,0.6855,21241623.1
1738454400000,2025-02-02 02:00:00,0.6855,0.7074,0.6689,0.6744,17912610.1
1738468800000,2025-02-02 06:00:00,0.6744,0.6952,0.6728,0.6761,13806793.4
1738483200000,2025-02-02 10:00:00,0.6761,0.6861,0.6261,0.627,27639773.2
1738497600000,2025-02-02 14:00:00,0.627,0.6516,0.6199,0.6269,27610016.9
1738512000000,2025-02-02 18:00:00,0.6269,0.627,0.5426,0.5741,67296606.4
1738526400000,2025-02-02 22:00:00,0.5741,0.5809,0.5096,0.5545,64187468.5
1738540800000,2025-02-03 02:00:00,0.5545,0.5549,0.401,0.4797,200162481.5
1738555200000,2025-02-03 06:00:00,0.4797,0.5052,0.4567,0.5008,47946979.1
1738569600000,2025-02-03 10:00:00,0.5008,0.5153,0.4843,0.5049,40910389.5
1738584000000,2025-02-03 14:00:00,0.5049,0.5448,0.4738,0.5344,67073116.6
1738598400000,2025-02-03 18:00:00,0.5344,0.5633,0.5193,0.5566,41762333.0
1738612800000,2025-02-03 22:00:00,0.5566,0.5991,0.5354,0.5767,50882663.2
1738627200000,2025-02-04 02:00:00,0.5767,0.58,0.5462,0.5516,23852370.8
1738641600000,2025-02-04 06:00:00,0.5516,0.5561,0.5006,0.5042,30653486.0
1738656000000,2025-02-04 10:00:00,0.5042,0.5292,0.4973,0.5169,26843500.1
1738670400000,2025-02-04 14:00:00,0.5169,0.5416,0.5142,0.5324,38845056.7
1738684800000,2025-02-04 18:00:00,0.5324,0.5589,0.5295,0.5311,33519384.6
1738699200000,2025-02-04 22:00:00,0.5311,0.5369,0.5053,0.5237,46453923.2
1738713600000,2025-02-05 02:00:00,0.5237,0.5317,0.5132,0.5258,22296060.7
1738728000000,2025-02-05 06:00:00,0.5258,0.5393,0.5202,0.5265,18100752.8
1738742400000,2025-02-05 10:00:00,0.5265,0.5397,0.5181,0.5371,16927520.7
1738756800000,2025-02-05 14:00:00,0.5371,0.5423,0.5234,0.5353,22498895.7
1738771200000,2025-02-05 18:00:00,0.5353,0.5392,0.5086,0.5275,25938523.4
1738785600000,2025-02-05 22:00:00,0.5275,0.531,0.505,0.5128,16095811.2
1738800000000,2025-02-06 02:00:00,0.5128,0.525,0.5096,0.5208,13572249.3
1738814400000,2025-02-06 06:00:00,0.5208,0.531,0.5156,0.5204,12141266.0
1738828800000,2025-02-06 10:00:00,0.5204,0.5225,0.5059,0.5113,18169149.0
1738843200000,2025-02-06 14:00:00,0.5113,0.5128,0.4771,0.4813,29254882.1
1738857600000,2025-02-06 18:00:00,0.4813,0.4905,0.4679,0.4731,24995276.2
1738872000000,2025-02-06 22:00:00,0.4731,0.4844,0.4638,0.47,18884289.6
1738886400000,2025-02-07 02:00:00,0.47,0.4978,0.4691,0.4857,18596852.5
1738900800000,2025-02-07 06:00:00,0.4857,0.4916,0.4747,0.481,11947814.8
1738915200000,2025-02-07 10:00:00,0.481,0.4974,0.4782,0.4919,14057114.4
1738929600000,2025-02-07 14:00:00,0.4919,0.5197,0.4844,0.5089,33808785.5
1738944000000,2025-02-07 18:00:00,0.5089,0.5097,0.485,0.4906,19795181.3
1738958400000,2025-02-07 22:00:00,0.4906,0.4916,0.4525,0.4768,24230819.6
1738972800000,2025-02-08 02:00:00,0.4768,0.4879,0.4742,0.4789,14336674.1
1738987200000,2025-02-08 06:00:00,0.4789,0.4859,0.4727,0.4813,8476347.5
1739001600000,2025-02-08 10:00:00,0.4813,0.4829,0.4748,0.4797,8961588.3
1739016000000,2025-02-08 14:00:00,0.4797,0.491,0.4754,0.4833,10561015.2
1739030400000,2025-02-08 18:00:00,0.4833,0.5187,0.478,0.5137,18913440.1
1739044800000,2025-02-08 22:00:00,0.5137,0.5164,0.5068,0.5102,9292175.6
1739059200000,2025-02-09 02:00:00,0.5102,0.5242,0.5003,0.5221,15101722.6
1739073600000,2025-02-09 06:00:00,0.5221,0.5221,0.5053,0.5138,6846530.7
1739088000000,2025-02-09 10:00:00,0.5138,0.5176,0.5074,0.5095,7458388.9
1739102400000,2025-02-09 14:00:00,0.5095,0.5172,0.4987,0.5124,11549700.1
1739116800000,2025-02-09 18:00:00,0.5124,0.5232,0.5044,0.5061,7650074.5
1739131200000,2025-02-09 22:00:00,0.5061,0.5313,0.4902,0.5255,28333156.7
1739145600000,2025-02-10 02:00:00,0.5255,0.5361,0.5,0.5224,26313481.6
1739160000000,2025-02-10 06:00:00,0.5224,0.533,0.5195,0.5266,15776285.6
1739174400000,2025-02-10 10:00:00,0.5266,0.5456,0.5251,0.528,15700057.3
1739188800000,2025-02-10 14:00:00,0.528,0.5438,0.52,0.5289,17956313.7
1739203200000,2025-02-10 18:00:00,0.5289,0.5695,0.5283,0.5478,20538397.7
1739217600000,2025-02-10 22:00:00,0.5478,0.5491,0.5294,0.533,10037633.4
1739232000000,2025-02-11 02:00:00,0.533,0.5604,0.532,0.5572,12584816.6
1739246400000,2025-02-11 06:00:00,0.5572,0.6009,0.5537,0.5854,22246203.7
1739260800000,2025-02-11 10:00:00,0.5854,0.59,0.5733,0.5762,16283023.6
1739275200000,2025-02-11 14:00:00,0.5762,0.5783,0.5491,0.5576,19516482.9
1739289600000,2025-02-11 18:00:00,0.5576,0.5633,0.5293,0.5308,19814604.3
1739304000000,2025-02-11 22:00:00,0.5308,0.5418,0.5245,0.5318,15918894.7
1739318400000,2025-02-12 02:00:00,0.5318,0.5411,0.5263,0.5289,13418730.2
1739332800000,2025-02-12 06:00:00,0.5289,0.5319,0.514,0.524,15267828.2
1739347200000,2025-02-12 10:00:00,0.524,0.531,0.5135,0.5205,14899836.8
1739361600000,2025-02-12 14:00:00,0.5205,0.5299,0.4961,0.5146,44878075.7
1739376000000,2025-02-12 18:00:00,0.5146,0.5466,0.5086,0.5431,26397550.7
1739390400000,2025-02-12 22:00:00,0.5431,0.5684,0.5365,0.5558,17454826.0
1739404800000,2025-02-13 02:00:00,0.5558,0.5656,0.5491,0.5582,10697113.4
1739419200000,2025-02-13 06:00:00,0.5582,0.5592,0.5333,0.5343,14156020.1
1739433600000,2025-02-13 10:00:00,0.5343,0.5361,0.513,0.5168,19517784.7
1739448000000,2025-02-13 14:00:00,0.5168,0.5221,0.5057,0.5126,20294293.5
1739462400000,2025-02-13 18:00:00,0.5126,0.5327,0.5024,0.5222,24360833.5
1739476800000,2025-02-13 22:00:00,0.5222,0.5397,0.5219,0.529,19322384.5
1739491200000,2025-02-14 02:00:00,0.529,0.5346,0.5212,0.534,7004104.4
1739505600000,2025-02-14 06:00:00,0.534,0.537,0.5187,0.5244,7024725.9
1739520000000,2025-02-14 10:00:00,0.5244,0.5434,0.524,0.5314,15272134.9
1739534400000,2025-02-14 14:00:00,0.5314,0.5453,0.5223,0.5408,13869048.3
1739548800000,2025-02-14 18:00:00,0.5408,0.5534,0.5314,0.5362,17922913.6
1739563200000,2025-02-14 22:00:00,0.5362,0.5389,0.5156,0.5274,13300886.7
1739577600000,2025-02-15 02:00:00,0.5274,0.5328,0.5195,0.5284,8518037.0
1739592000000,2025-02-15 06:00:00,0.5284,0.5316,0.5203,0.5252,5663096.1
1739606400000,2025-02-15 10:00:00,0.5252,0.5394,0.5218,0.5248,19556842.0
1739620800000,2025-02-15 14:00:00,0.5248,0.5289,0.5127,0.5161,10409903.8
1739635200000,2025-02-15 18:00:00,0.5161,0.5181,0.5078,0.51,9809666.2
1739649600000,2025-02-15 22:00:00,0.51,0.5125,0.5051,0.5109,5810073.2
1739664000000,2025-02-16 02:00:00,0.5109,0.5144,0.5015,0.5076,7070572.9
1739678400000,2025-02-16 06:00:00,0.5076,0.5121,0.5031,0.5049,5664014.3
1739692800000,2025-02-16 10:00:00,0.5049,0.5173,0.5027,0.5164,10059978.2
1739707200000,2025-02-16 14:00:00,0.5164,0.5171,0.4961,0.5079,10665572.6
1739721600000,2025-02-16 18:00:00,0.5079,0.5126,0.4943,0.5058,10083423.3
1739736000000,2025-02-16 22:00:00,0.5058,0.5134,0.5004,0.5096,7522295.1
1739750400000,2025-02-17 02:00:00,0.5096,0.5253,0.5093,0.5167,7680991.3
1739764800000,2025-02-17 06:00:00,0.5167,0.5231,0.5029,0.513,17014557.3
1739779200000,2025-02-17 10:00:00,0.513,0.5384,0.5108,0.5298,13006498.7
1739793600000,2025-02-17 14:00:00,0.5298,0.5448,0.5251,0.5271,15218038.7
1739808000000,2025-02-17 18:00:00,0.5271,0.532,0.5027,0.5135,15151650.8
1739822400000,2025-02-17 22:00:00,0.5135,0.5277,0.5127,0.5165,10072950.6
1739836800000,2025-02-18 02:00:00,0.5165,0.5193,0.5074,0.5136,5935856.7
1739851200000,2025-02-18 06:00:00,0.5136,0.5149,0.4878,0.4953,16940736.9
1739865600000,2025-02-18 10:00:00,0.4953,0.5071,0.4863,0.4997,12149933.9
1739880000000,2025-02-18 14:00:00,0.4997,0.5111,0.4793,0.4833,19287483.6
1739894400000,2025-02-18 18:00:00,0.4833,0.4879,0.4674,0.4819,24857423.7
1739908800000,2025-02-18 22:00:00,0.4819,0.4967,0.4761,0.4957,9404998.7
1739923200000,2025-02-19 02:00:00,0.4957,0.5096,0.4912,0.5028,13648248.5
1739937600000,2025-02-19 06:00:00,0.5028,0.5093,0.4901,0.5052,8665280.7
1739952000000,2025-02-19 10:00:00,0.5052,0.5169,0.4978,0.5159,9506912.0
1739966400000,2025-02-19 14:00:00,0.5159,0.5215,0.5071,0.5136,13079465.2
1739980800000,2025-02-19 18:00:00,0.5136,0.521,0.506,0.5111,11291337.6
1739995200000,2025-02-19 22:00:00,0.5111,0.5199,0.5071,0.5155,8392848.8
1740009600000,2025-02-20 02:00:00,0.5155,0.5264,0.5096,0.5215,9022291.3
1740024000000,2025-02-20 06:00:00,0.5215,0.5278,0.515,0.5183,6155940.3
1740038400000,2025-02-20 10:00:00,0.5183,0.5271,0.5156,0.526,6436970.3
1740052800000,2025-02-20 14:00:00,0.526,0.5325,0.5108,0.512,16340718.2
1740067200000,2025-02-20 18:00:00,0.512,0.5329,0.5111,0.529,11000047.0
1740081600000,2025-02-20 22:00:00,0.529,0.5336,0.52,0.5315,9088812.5
1740096000000,2025-02-21 02:00:00,0.5315,0.5347,0.5242,0.5264,8575600.9
1740110400000,2025-02-21 06:00:00,0.5264,0.5338,0.5264,0.5297,5356019.0
1740124800000,2025-02-21 10:00:00,0.5297,0.5495,0.5285,0.533,12159617.0
1740139200000,2025-02-21 14:00:00,0.533,0.55,0.509,0.519,25475927.3
1740153600000,2025-02-21 18:00:00,0.519,0.5324,0.4869,0.4908,22166641.4
1740168000000,2025-02-21 22:00:00,0.4908,0.5011,0.4865,0.4988,13425812.8
1740182400000,2025-02-22 02:00:00,0.4988,0.5055,0.4942,0.4973,5620914.2
1740196800000,2025-02-22 06:00:00,0.4973,0.5024,0.496,0.4967,1844002.8
1740211200000,2025-02-22 10:00:00,0.4967,0.5065,0.4964,0.5044,2489709.8
1740225600000,2025-02-22 14:00:00,0.5044,0.5063,0.4985,0.5048,2698861.9
1740240000000,2025-02-22 18:00:00,0.5048,0.5112,0.5019,0.5073,3392020.3
1740254400000,2025-02-22 22:00:00,0.5073,0.5126,0.5033,0.5042,2719612.5
1740268800000,2025-02-23 02:00:00,0.5042,0.5087,0.5018,0.5046,2383440.2
1740283200000,2025-02-23 06:00:00,0.5046,0.5246,0.499,0.5197,7632978.2
1740297600000,2025-02-23 10:00:00,0.5197,0.5301,0.5131,0.5164,6397982.4
1740312000000,2025-02-23 14:00:00,0.5164,0.5191,0.5009,0.5042,9721247.1
1740326400000,2025-02-23 18:00:00,0.5042,0.517,0.5036,0.507,4521982.3
1740340800000,2025-02-23 22:00:00,0.507,0.5129,0.4991,0.5088,5887201.5
1740355200000,2025-02-24 02:00:00,0.5088,0.5181,0.492,0.4928,9282889.9
1740369600000,2025-02-24 06:00:00,0.4928,0.4969,0.4795,0.489,9217513.3
1740384000000,2025-02-24 10:00:00,0.489,0.4898,0.4751,0.4861,12030407.7
1740398400000,2025-02-24 14:00:00,0.4861,0.4869,0.459,0.4655,22140344.6
1740412800000,2025-02-24 18:00:00,0.4655,0.4726,0.4502,0.4579,16098340.8
1740427200000,2025-02-24 22:00:00,0.4579,0.4668,0.4211,0.4356,33693607.0
1740441600000,2025-02-25 02:00:00,0.4356,0.4418,0.4233,0.4306,22632665.4
1740456000000,2025-02-25 06:00:00,0.4306,0.4359,0.402,0.4168,41958117.8
1740470400000,2025-02-25 10:00:00,0.4168,0.4297,0.4043,0.4285,36250220.3
1740484800000,2025-02-25 14:00:00,0.4285,0.4384,0.4175,0.432,30908797.1
1740499200000,2025-02-25 18:00:00,0.432,0.4543,0.428,0.454,23729796.2
1740513600000,2025-02-25 22:00:00,0.454,0.4704,0.4513,0.4553,17787203.2
1740528000000,2025-02-26 02:00:00,0.4553,0.4698,0.4538,0.4636,12153749.0
1740542400000,2025-02-26 06:00:00,0.4636,0.4676,0.4578,0.4607,8518958.6
1740556800000,2025-02-26 10:00:00,0.4607,0.4676,0.4565,0.4593,11105519.2
1740571200000,2025-02-26 14:00:00,0.4593,0.4737,0.4452,0.4667,28128933.0
1740585600000,2025-02-26 18:00:00,0.4667,0.4699,0.4473,0.4539,28817635.0
1740600000000,2025-02-26 22:00:00,0.4539,0.4781,0.4472,0.4628,22148910.3
1740614400000,2025-02-27 02:00:00,0.4628,0.4738,0.4605,0.4694,16478668.7
1740628800000,2025-02-27 06:00:00,0.4694,0.474,0.4624,0.4706,9150448.6
1740643200000,2025-02-27 10:00:00,0.4706,0.4739,0.4652,0.4673,9258719.4
1740657600000,2025-02-27 14:00:00,0.4673,0.4695,0.4534,0.4626,16292659.2
1740672000000,2025-02-27 18:00:00,0.4626,0.4654,0.4499,0.4535,13892333.1
1740686400000,2025-02-27 22:00:00,0.4535,0.4567,0.443,0.4538,13265489.9
1740700800000,2025-02-28 02:00:00,0.4538,0.4557,0.4271,0.4313,26080847.3
1740715200000,2025-02-28 06:00:00,0.4313,0.435,0.4194,0.4221,25842406.3
1740729600000,2025-02-28 10:00:00,0.4221,0.434,0.4167,0.4288,13349666.2
1740744000000,2025-02-28 14:00:00,0.4288,0.4536,0.4255,0.4504,16416884.0
1740758400000,2025-02-28 18:00:00,0.4504,0.4563,0.4446,0.4518,12375287.1
1740772800000,2025-02-28 22:00:00,0.4518,0.453,0.4458,0.4502,7357296.0
1740787200000,2025-03-01 02:00:00,0.4502,0.4544,0.4432,0.4506,9633509.1
1740801600000,2025-03-01 06:00:00,0.4506,0.4561,0.4434,0.4446,8934917.9
1740816000000,2025-03-01 10:00:00,0.4446,0.4467,0.4301,0.4319,10806329.8
1740830400000,2025-03-01 14:00:00,0.4319,0.4337,0.4203,0.4248,10515839.8
1740844800000,2025-03-01 18:00:00,0.4248,0.4337,0.4221,0.4332,7334471.0
1740859200000,2025-03-01 22:00:00,0.4332,0.4405,0.429,0.4357,7609163.8
1740873600000,2025-03-02 02:00:00,0.4357,0.4383,0.4318,0.4335,5528751.1
1740888000000,2025-03-02 06:00:00,0.4335,0.4366,0.4286,0.4299,4260397.5
1740902400000,2025-03-02 10:00:00,0.4299,0.4363,0.426,0.4326,5963091.4
1740916800000,2025-03-02 14:00:00,0.4326,0.4506,0.4204,0.4396,24772554.6
1740931200000,2025-03-02 18:00:00,0.4396,0.5126,0.439,0.5063,70129053.4
1740945600000,2025-03-02 22:00:00,0.5063,0.5084,0.4959,0.5008,12223013.4
1740960000000,2025-03-03 02:00:00,0.5008,0.5037,0.4787,0.4836,14223621.8
1740974400000,2025-03-03 06:00:00,0.4836,0.4882,0.4658,0.4717,13162288.9
1740988800000,2025-03-03 10:00:00,0.4717,0.4767,0.4577,0.4758,14176607.5
1741003200000,2025-03-03 14:00:00,0.4758,0.5048,0.475,0.4868,42653363.5
1741017600000,2025-03-03 18:00:00,0.4868,0.492,0.4116,0.4137,52473750.2
1741032000000,2025-03-03 22:00:00,0.4137,0.4227,0.404,0.4129,23386085.2
1741046400000,2025-03-04 02:00:00,0.4129,0.4192,0.379,0.3965,38962935.4
1741060800000,2025-03-04 06:00:00,0.3965,0.402,0.3918,0.3952,15674445.2
1741075200000,2025-03-04 10:00:00,0.3952,0.4027,0.3915,0.3948,15797906.6
1741089600000,2025-03-04 14:00:00,0.3948,0.4055,0.3788,0.3911,47758750.3
1741104000000,2025-03-04 18:00:00,0.3911,0.4173,0.3678,0.4165,38489170.5
1741118400000,2025-03-04 22:00:00,0.4165,0.4259,0.4069,0.4178,20305696.1
1741132800000,2025-03-05 02:00:00,0.4178,0.4301,0.415,0.4177,15197378.7
1741147200000,2025-03-05 06:00:00,0.4177,0.4313,0.4174,0.4307,10882533.4
1741161600000,2025-03-05 10:00:00,0.4307,0.4508,0.4295,0.4378,18980976.6
1741176000000,2025-03-05 14:00:00,0.4378,0.4449,0.4268,0.4297,22791139.8
1741190400000,2025-03-05 18:00:00,0.4297,0.4423,0.4239,0.4378,15312137.0
1741204800000,2025-03-05 22:00:00,0.4378,0.4437,0.435,0.4368,7009635.2
1741219200000,2025-03-06 02:00:00,0.4368,0.4464,0.4333,0.4445,10805809.9
1741233600000,2025-03-06 06:00:00,0.4445,0.4517,0.4376,0.4389,9351009.4
1741248000000,2025-03-06 10:00:00,0.4389,0.4475,0.4371,0.4445,8870052.0
1741262400000,2025-03-06 14:00:00,0.4445,0.4447,0.4279,0.4378,13487139.6
1741276800000,2025-03-06 18:00:00,0.4378,0.4398,0.4163,0.4197,9889443.0
1741291200000,2025-03-06 22:00:00,0.4197,0.4288,0.4185,0.4195,8634838.1
1741305600000,2025-03-07 02:00:00,0.4195,0.4253,0.4011,0.415,28455114.3
1741320000000,2025-03-07 06:00:00,0.415,0.4263,0.4144,0.4262,7821566.4
1741334400000,2025-03-07 10:00:00,0.4262,0.4402,0.4213,0.4365,9941101.3
1741348800000,2025-03-07 14:00:00,0.4365,0.4488,0.4278,0.4441,18342273.5
1741363200000,2025-03-07 18:00:00,0.4441,0.457,0.4283,0.444,20051355.2
1741377600000,2025-03-07 22:00:00,0.444,0.4456,0.4224,0.4286,18395021.9
1741392000000,2025-03-08 02:00:00,0.4286,0.4375,0.4208,0.424,12658660.5
1741406400000,2025-03-08 06:00:00,0.424,0.4265,0.4129,0.4133,7311817.4
1741420800000,2025-03-08 10:00:00,0.4133,0.4155,0.4055,0.4099,12788152.8
1741435200000,2025-03-08 14:00:00,0.4099,0.423,0.4079,0.4156,15869584.6
1741449600000,2025-03-08 18:00:00,0.4156,0.4333,0.4109,0.4322,14040615.5
1741464000000,2025-03-08 22:00:00,0.4322,0.4365,0.4225,0.4271,9127511.2
1741478400000,2025-03-09 02:00:00,0.4271,0.433,0.4146,0.4188,10613082.6
1741492800000,2025-03-09 06:00:00,0.4188,0.4229,0.4136,0.4142,6489937.3
1741507200000,2025-03-09 10:00:00,0.4142,0.4143,0.3908,0.3932,21732958.8
1741521600000,2025-03-09 14:00:00,0.3932,0.3966,0.3875,0.3907,26857572.0
1741536000000,2025-03-09 18:00:00,0.3907,0.3936,0.3759,0.3838,29706943.9
1741550400000,2025-03-09 22:00:00,0.3838,0.3856,0.3743,0.3765,17745547.6
1741564800000,2025-03-10 02:00:00,0.3765,0.3914,0.3734,0.3886,20386407.5
1741579200000,2025-03-10 06:00:00,0.3886,0.3958,0.3837,0.3865,8807062.1
1741593600000,2025-03-10 10:00:00,0.3865,0.3962,0.3772,0.3905,27092112.0
1741608000000,2025-03-10 14:00:00,0.3905,0.3939,0.3681,0.3744,33602592.1
1741622400000,2025-03-10 18:00:00,0.3744,0.3767,0.3499,0.3698,40345489.4
1741636800000,2025-03-10 22:00:00,0.3698,0.3745,0.3632,0.3656,19662086.7
1741651200000,2025-03-11 02:00:00,0.3656,0.3757,0.3465,0.3686,49514032.0
1741665600000,2025-03-11 06:00:00,0.3686,0.39,0.3679,0.3896,22310257.3
1741680000000,2025-03-11 10:00:00,0.3896,0.3924,0.3846,0.3876,20478507.9
1741694400000,2025-03-11 14:00:00,0.3876,0.3954,0.3757,0.393,40655385.2
1741708800000,2025-03-11 18:00:00,0.393,0.4157,0.3831,0.4122,35150230.3
1741723200000,2025-03-11 22:00:00,0.4122,0.4127,0.3969,0.401,14676891.9
1741737600000,2025-03-12 02:00:00,0.401,0.41,0.3946,0.3968,20042133.1
1741752000000,2025-03-12 06:00:00,0.3968,0.4144,0.3959,0.4115,15601498.8
1741766400000,2025-03-12 10:00:00,0.4115,0.4231,0.4051,0.4153,27456708.0
1741780800000,2025-03-12 14:00:00,0.4153,0.4354,0.3903,0.3962,41692822.9
1741795200000,2025-03-12 18:00:00,0.3962,0.4092,0.3948,0.4006,25892297.5
1741809600000,2025-03-12 22:00:00,0.4006,0.4064,0.3972,0.406,12454974.5
1741824000000,2025-03-13 02:00:00,0.406,0.4115,0.3999,0.4006,15448879.0
1741838400000,2025-03-13 06:00:00,0.4006,0.4021,0.3923,0.3947,10843319.3
1741852800000,2025-03-13 10:00:00,0.3947,0.4174,0.3923,0.4088,23351008.3
1741867200000,2025-03-13 14:00:00,0.4088,0.4162,0.3913,0.3932,28660292.3
1741881600000,2025-03-13 18:00:00,0.3932,0.3937,0.3776,0.3863,22548825.9
1741896000000,2025-03-13 22:00:00,0.3863,0.3971,0.3825,0.3937,11064885.0
1741910400000,2025-03-14 02:00:00,0.3937,0.4041,0.3918,0.3999,9429512.0
1741924800000,2025-03-14 06:00:00,0.3999,0.4041,0.3983,0.4018,8551536.7
1741939200000,2025-03-14 10:00:00,0.4018,0.4064,0.3997,0.402,9116668.9
1741953600000,2025-03-14 14:00:00,0.402,0.4177,0.3996,0.4124,18123820.3
1741968000000,2025-03-14 18:00:00,0.4124,0.414,0.4064,0.4106,12662788.1
1741982400000,2025-03-14 22:00:00,0.4106,0.4134,0.4042,0.4093,6685619.5
1741996800000,2025-03-15 02:00:00,0.4093,0.4127,0.4067,0.4104,4854162.9
1742011200000,2025-03-15 06:00:00,0.4104,0.4174,0.4076,0.4106,8767261.9
1742025600000,2025-03-15 10:00:00,0.4106,0.4155,0.4084,0.4121,4716678.3
1742040000000,2025-03-15 14:00:00,0.4121,0.4133,0.4085,0.4128,5100795.9
1742054400000,2025-03-15 18:00:00,0.4128,0.4194,0.4107,0.4148,5949859.0
1742068800000,2025-03-15 22:00:00,0.4148,0.4228,0.4146,0.4187,6188706.2
1742083200000,2025-03-16 02:00:00,0.4187,0.4266,0.4153,0.4237,6002790.4
1742097600000,2025-03-16 06:00:00,0.4237,0.4402,0.4219,0.4275,10770237.2
1742112000000,2025-03-16 10:00:00,0.4275,0.429,0.4108,0.4116,12411277.1
1742126400000,2025-03-16 14:00:00,0.4116,0.419,0.4081,0.4144,10946366.2
1742140800000,2025-03-16 18:00:00,0.4144,0.4268,0.4029,0.4066,19898256.5
1742155200000,2025-03-16 22:00:00,0.4066,0.4134,0.403,0.4109,16390837.6
1742169600000,2025-03-17 02:00:00,0.4109,0.4211,0.4107,0.4189,12186045.9
1742184000000,2025-03-17 06:00:00,0.4189,0.4398,0.4164,0.437,20721997.1
1742198400000,2025-03-17 10:00:00,0.437,0.4464,0.4345,0.438,17182908.3
1742212800000,2025-03-17 14:00:00,0.438,0.4468,0.4354,0.4449,19323249.0
1742227200000,2025-03-17 18:00:00,0.4449,0.4488,0.4392,0.4417,11607640.0
1742241600000,2025-03-17 22:00:00,0.4417,0.4417,0.4309,0.4326,12763259.4
1742256000000,2025-03-18 02:00:00,0.4326,0.4368,0.4259,0.4269,11739483.7
1742270400000,2025-03-18 06:00:00,0.4269,0.4329,0.4239,0.4308,9201749.4
1742284800000,2025-03-18 10:00:00,0.4308,0.4427,0.4289,0.4364,18148579.6
1742299200000,2025-03-18 14:00:00,0.4364,0.4447,0.4294,0.4347,14777784.2
1742313600000,2025-03-18 18:00:00,0.4347,0.4421,0.4317,0.4421,6883167.7
1742328000000,2025-03-18 22:00:00,0.4421,0.4531,0.4348,0.4499,13904556.3
1742342400000,2025-03-19 02:00:00,0.4499,0.4555,0.4386,0.4439,16252011.8
1742356800000,2025-03-19 06:00:00,0.4439,0.4506,0.4407,0.4462,7703569.5
1742371200000,2025-03-19 10:00:00,0.4462,0.478,0.4461,0.4712,33359825.8
1742385600000,2025-03-19 14:00:00,0.4712,0.4765,0.4646,0.4713,26201534.2
1742400000000,2025-03-19 18:00:00,0.4713,0.4797,0.4619,0.4699,27275570.0
1742414400000,2025-03-19 22:00:00,0.4699,0.4754,0.4671,0.4673,10574360.6
1742428800000,2025-03-20 02:00:00,0.4673,0.4717,0.4605,0.4607,10846586.4
1742443200000,2025-03-20 06:00:00,0.4607,0.4614,0.4468,0.4503,12035305.8
1742457600000,2025-03-20 10:00:00,0.4503,0.4532,0.4414,0.4449,13780954.3
1742472000000,2025-03-20 14:00:00,0.4449,0.455,0.4423,0.4426,18688029.5
1742486400000,2025-03-20 18:00:00,0.4426,0.4459,0.4346,0.4398,15644504.0
1742500800000,2025-03-20 22:00:00,0.4398,0.4449,0.4353,0.44,8184929.3
1742515200000,2025-03-21 02:00:00,0.44,0.444,0.4367,0.4384,9414224.8
1742529600000,2025-03-21 06:00:00,0.4384,0.4417,0.4352,0.438,8684782.3
1742544000000,2025-03-21 10:00:00,0.438,0.4403,0.4338,0.4359,10568540.1
1742558400000,2025-03-21 14:00:00,0.4359,0.4423,0.4303,0.4398,14277474.9
1742572800000,2025-03-21 18:00:00,0.4398,0.4452,0.4362,0.4399,10109887.4
1742587200000,2025-03-21 22:00:00,0.4399,0.4425,0.4359,0.4391,5631962.0
1742601600000,2025-03-22 02:00:00,0.4391,0.4432,0.4367,0.4425,4277886.6
1742616000000,2025-03-22 06:00:00,0.4425,0.4644,0.4411,0.4528,13272368.5
1742630400000,2025-03-22 10:00:00,0.4528,0.4702,0.4509,0.4658,16601339.9
1742644800000,2025-03-22 14:00:00,0.4658,0.474,0.4608,0.4689,14825886.3
1742659200000,2025-03-22 18:00:00,0.4689,0.4955,0.4648,0.4952,18330349.5
1742673600000,2025-03-22 22:00:00,0.4952,0.4976,0.479,0.491,18929232.1
1742688000000,2025-03-23 02:00:00,0.491,0.5065,0.4796,0.4919,22170938.0
1742702400000,2025-03-23 06:00:00,0.4919,0.4992,0.4854,0.4891,11571004.4
1742716800000,2025-03-23 10:00:00,0.4891,0.4962,0.4871,0.4941,8991422.9
1742731200000,2025-03-23 14:00:00,0.4941,0.5088,0.4911,0.499,17313632.1
1742745600000,2025-03-23 18:00:00,0.499,0.5181,0.4939,0.5076,25537466.5
1742760000000,2025-03-23 22:00:00,0.5076,0.5103,0.4981,0.5027,9976157.5
1742774400000,2025-03-24 02:00:00,0.5027,0.5215,0.4911,0.5185,18699242.8
1742788800000,2025-03-24 06:00:00,0.5185,0.529,0.5079,0.5088,18130567.7
1742803200000,2025-03-24 10:00:00,0.5088,0.524,0.5086,0.5109,15292521.1
1742817600000,2025-03-24 14:00:00,0.5109,0.515,0.5017,0.5066,17359880.5
1742832000000,2025-03-24 18:00:00,0.5066,0.5073,0.4979,0.5023,11555271.5
1742846400000,2025-03-24 22:00:00,0.5023,0.5115,0.4992,0.5086,8641666.6
1742860800000,2025-03-25 02:00:00,0.5086,0.5304,0.4938,0.5006,24783161.8
1742875200000,2025-03-25 06:00:00,0.5006,0.5031,0.4914,0.4933,10129573.2
1742889600000,2025-03-25 10:00:00,0.4933,0.5127,0.4923,0.5042,11640504.2
1742904000000,2025-03-25 14:00:00,0.5042,0.5145,0.5001,0.5098,12962032.9
1742918400000,2025-03-25 18:00:00,0.5098,0.5113,0.5011,0.5037,18481299.1
1742932800000,2025-03-25 22:00:00,0.5037,0.5057,0.4958,0.5013,6884496.8
1742947200000,2025-03-26 02:00:00,0.5013,0.5161,0.4992,0.5107,12665925.4
1742961600000,2025-03-26 06:00:00,0.5107,0.5639,0.5098,0.5582,45329150.9
1742976000000,2025-03-26 10:00:00,0.5582,0.5717,0.5521,0.5677,27656463.6
1742990400000,2025-03-26 14:00:00,0.5677,0.5683,0.5366,0.5374,31793243.1
1743004800000,2025-03-26 18:00:00,0.5374,0.5489,0.5253,0.5313,32782160.7
1743019200000,2025-03-26 22:00:00,0.5313,0.5502,0.5301,0.5489,17223778.6
1743033600000,2025-03-27 02:00:00,0.5489,0.5927,0.5464,0.5891,28877186.5
1743048000000,2025-03-27 06:00:00,0.5891,0.5973,0.5736,0.5796,36520901.3
1743062400000,2025-03-27 10:00:00,0.5796,0.5878,0.5718,0.5742,15674119.9
1743076800000,2025-03-27 14:00:00,0.5742,0.6079,0.5717,0.5817,56081322.7
1743091200000,2025-03-27 18:00:00,0.5817,0.6013,0.5785,0.5857,22616151.9
1743105600000,2025-03-27 22:00:00,0.5857,0.5992,0.577,0.5794,12485068.0
1743120000000,2025-03-28 02:00:00,0.5794,0.596,0.5661,0.5711,45785007.3
1743134400000,2025-03-28 06:00:00,0.5711,0.5743,0.5409,0.544,28572074.7
1743148800000,2025-03-28 10:00:00,0.544,0.5465,0.5251,0.5319,20398808.4
1743163200000,2025-03-28 14:00:00,0.5319,0.5345,0.506,0.5077,32024675.0
1743177600000,2025-03-28 18:00:00,0.5077,0.5093,0.4882,0.5035,29462499.1
1743192000000,2025-03-28 22:00:00,0.5035,0.509,0.4971,0.503,11925869.9
1743206400000,2025-03-29 02:00:00,0.503,0.5211,0.4901,0.5061,23618245.3
1743220800000,2025-03-29 06:00:00,0.5061,0.5063,0.4757,0.4804,23297233.7
1743235200000,2025-03-29 10:00:00,0.4804,0.4851,0.4703,0.4738,43921234.0
1743249600000,2025-03-29 14:00:00,0.4738,0.4941,0.4709,0.4864,22020434.8
1743264000000,2025-03-29 18:00:00,0.4864,0.4891,0.4738,0.4875,42143703.6
1743278400000,2025-03-29 22:00:00,0.4875,0.491,0.4806,0.4886,13182427.0
1743292800000,2025-03-30 02:00:00,0.4886,0.4969,0.4768,0.4781,16567657.3
1743307200000,2025-03-30 06:00:00,0.4781,0.4883,0.4768,0.479,12544258.7
1743321600000,2025-03-30 10:00:00,0.479,0.4861,0.4667,0.4696,16761985.6
1743336000000,2025-03-30 14:00:00,0.4696,0.4852,0.4665,0.4849,22309473.7
1743350400000,2025-03-30 18:00:00,0.4849,0.4862,0.469,0.4738,20434526.7
1743364800000,2025-03-30 22:00:00,0.4738,0.4813,0.4634,0.4681,15675181.6
1743379200000,2025-03-31 02:00:00,0.4681,0.4751,0.4567,0.4583,17980162.9
1743393600000,2025-03-31 06:00:00,0.4583,0.4708,0.4521,0.4547,14408138.7
1743408000000,2025-03-31 10:00:00,0.4547,0.4615,0.446,0.4549,22592434.9
1743422400000,2025-03-31 14:00:00,0.4549,0.4964,0.4526,0.4886,33172186.8
1743436800000,2025-03-31 18:00:00,0.4886,0.5047,0.4857,0.4978,45764145.0
1743451200000,2025-03-31 22:00:00,0.4978,0.5039,0.4865,0.5017,14886984.4
1743465600000,2025-04-01 02:00:00,0.5017,0.5376,0.4988,0.5305,37216379.0
1743480000000,2025-04-01 06:00:00,0.5305,0.5431,0.523,0.5417,26625292.0
1743494400000,2025-04-01 10:00:00,0.5417,0.5491,0.5259,0.527,33374435.9
1743508800000,2025-04-01 14:00:00,0.527,0.546,0.5193,0.5426,26931475.0
1743523200000,2025-04-01 18:00:00,0.5426,0.5431,0.5247,0.5266,13998198.1
1743537600000,2025-04-01 22:00:00,0.5266,0.5442,0.5232,0.5383,12889309.2
1743552000000,2025-04-02 02:00:00,0.5383,0.5478,0.5285,0.5348,15494887.9
1743566400000,2025-04-02 06:00:00,0.5348,0.5452,0.5126,0.5207,31231192.8
1743580800000,2025-04-02 10:00:00,0.5207,0.5309,0.5157,0.5192,15549712.1
1743595200000,2025-04-02 14:00:00,0.5192,0.5471,0.5038,0.5439,35723710.0
1743609600000,2025-04-02 18:00:00,0.5439,0.5486,0.5166,0.5349,25884042.3
1743624000000,2025-04-02 22:00:00,0.5349,0.5591,0.4809,0.49,56772180.3
1743638400000,2025-04-03 02:00:00,0.49,0.539,0.484,0.5298,35201873.8
1743652800000,2025-04-03 06:00:00,0.5298,0.5323,0.5147,0.5259,21322587.6
1743667200000,2025-04-03 10:00:00,0.5259,0.5303,0.4907,0.4917,28913759.4
1743681600000,2025-04-03 14:00:00,0.4917,0.5127,0.4842,0.5106,40299089.6
1743696000000,2025-04-03 18:00:00,0.5106,0.5253,0.4913,0.5112,27261610.3
1743710400000,2025-04-03 22:00:00,0.5112,0.522,0.5013,0.5198,20856827.4
1743724800000,2025-04-04 02:00:00,0.5198,0.5291,0.5086,0.515,28037291.8
1743739200000,2025-04-04 06:00:00,0.515,0.5359,0.5121,0.5327,27196816.2
1743753600000,2025-04-04 10:00:00,0.5327,0.5479,0.4893,0.4949,51524215.2
1743768000000,2025-04-04 14:00:00,0.4949,0.5143,0.4883,0.4988,62822275.4
1743782400000,2025-04-04 18:00:00,0.4988,0.5156,0.4938,0.5017,32758660.0
1743796800000,2025-04-04 22:00:00,0.5017,0.5096,0.4947,0.5003,13483788.7
1743811200000,2025-04-05 02:00:00,0.5003,0.5043,0.4918,0.4968,11265980.2
1743825600000,2025-04-05 06:00:00,0.4968,0.4986,0.4769,0.4837,26242544.9
1743840000000,2025-04-05 10:00:00,0.4837,0.5023,0.4791,0.4896,17157024.1
1743854400000,2025-04-05 14:00:00,0.4896,0.4915,0.4693,0.4783,29065152.8
1743868800000,2025-04-05 18:00:00,0.4783,0.483,0.4733,0.4822,10847905.2
1743883200000,2025-04-05 22:00:00,0.4822,0.5078,0.4813,0.4952,14859622.6
1743897600000,2025-04-06 02:00:00,0.4952,0.4954,0.4834,0.4839,19128561.0
1743912000000,2025-04-06 06:00:00,0.4839,0.4862,0.4726,0.4747,20084851.9
1743926400000,2025-04-06 10:00:00,0.4747,0.4793,0.4688,0.4726,11272820.2
1743940800000,2025-04-06 14:00:00,0.4726,0.4741,0.4543,0.4614,23574379.3
1743955200000,2025-04-06 18:00:00,0.4614,0.4626,0.4259,0.4317,36247783.3
1743969600000,2025-04-06 22:00:00,0.4317,0.4389,0.4138,0.4214,35298868.7
1743984000000,2025-04-07 02:00:00,0.4214,0.4398,0.4136,0.4194,36712237.5
1743998400000,2025-04-07 06:00:00,0.4194,0.4267,0.3954,0.405,52638425.5
1744012800000,2025-04-07 10:00:00,0.405,0.4432,0.4038,0.4296,53690065.4
1744027200000,2025-04-07 14:00:00,0.4296,0.4842,0.4271,0.4567,108626938.1
1744041600000,2025-04-07 18:00:00,0.4567,0.4647,0.4443,0.4521,55914627.7
1744056000000,2025-04-07 22:00:00,0.4521,0.4724,0.4521,0.4591,18978488.4
1744070400000,2025-04-08 02:00:00,0.4591,0.4749,0.4523,0.4603,21199426.6
1744084800000,2025-04-08 06:00:00,0.4603,0.467,0.4508,0.4518,23099503.4
1744099200000,2025-04-08 10:00:00,0.4518,0.4815,0.448,0.4804,43573553.3
1744113600000,2025-04-08 14:00:00,0.4804,0.4887,0.4664,0.469,61887405.1
1744128000000,2025-04-08 18:00:00,0.469,0.4704,0.4457,0.4521,46143469.1
1744142400000,2025-04-08 22:00:00,0.4521,0.4562,0.4443,0.4531,23257027.7
1744156800000,2025-04-09 02:00:00,0.4531,0.4645,0.4352,0.4354,52865733.4
1744171200000,2025-04-09 06:00:00,0.4354,0.4743,0.434,0.4657,36683235.6
1744185600000,2025-04-09 10:00:00,0.4657,0.4745,0.4554,0.4614,35072176.5
1744200000000,2025-04-09 14:00:00,0.4614,0.4891,0.4523,0.4751,55958012.3
1744214400000,2025-04-09 18:00:00,0.4751,0.5378,0.4737,0.5275,79137438.2
1744228800000,2025-04-09 22:00:00,0.5275,0.5367,0.5192,0.5214,22147220.5
1744243200000,2025-04-10 02:00:00,0.5214,0.5228,0.4986,0.5047,22323949.5
1744257600000,2025-04-10 06:00:00,0.5047,0.5108,0.4976,0.5028,20271555.7
1744272000000,2025-04-10 10:00:00,0.5028,0.5128,0.4984,0.5094,24192339.5
1744286400000,2025-04-10 14:00:00,0.5094,0.5283,0.4961,0.4993,60386975.3
1744300800000,2025-04-10 18:00:00,0.4993,0.5119,0.4956,0.5068,31806628.0
1744315200000,2025-04-10 22:00:00,0.5068,0.5641,0.5063,0.5586,52958980.6
1744329600000,2025-04-11 02:00:00,0.5586,0.6087,0.5539,0.595,76033657.0
1744344000000,2025-04-11 06:00:00,0.595,0.6056,0.5889,0.5944,47139138.3
1744358400000,2025-04-11 10:00:00,0.5944,0.6337,0.5895,0.6137,57991951.3
1744372800000,2025-04-11 14:00:00,0.6137,0.6281,0.6043,0.6138,46922894.2
1744387200000,2025-04-11 18:00:00,0.6138,0.6314,0.6083,0.6271,32820231.3
1744401600000,2025-04-11 22:00:00,0.6271,0.6283,0.5983,0.6066,27420890.9
1744416000000,2025-04-12 02:00:00,0.6066,0.6094,0.5917,0.5984,18746648.6
1744430400000,2025-04-12 06:00:00,0.5984,0.6168,0.594,0.6137,22696569.3
1744444800000,2025-04-12 10:00:00,0.6137,0.6184,0.6046,0.6104,21419361.1
1744459200000,2025-04-12 14:00:00,0.6104,0.6536,0.6049,0.6346,46660676.7
1744473600000,2025-04-12 18:00:00,0.6346,0.6471,0.6074,0.6211,54301053.3
1744488000000,2025-04-12 22:00:00,0.6211,0.6367,0.6175,0.6236,17769883.6
1744502400000,2025-04-13 02:00:00,0.6236,0.6291,0.6118,0.6188,15399624.1
1744516800000,2025-04-13 06:00:00,0.6188,0.6402,0.6079,0.6119,24984524.3
1744531200000,2025-04-13 10:00:00,0.6119,0.6264,0.6083,0.6172,18444702.1
1744545600000,2025-04-13 14:00:00,0.6172,0.6176,0.5981,0.6105,22889664.8
1744560000000,2025-04-13 18:00:00,0.6105,0.6228,0.6049,0.6099,27918531.4
1744574400000,2025-04-13 22:00:00,0.6099,0.6132,0.5826,0.5995,29867565.3
1744588800000,2025-04-14 02:00:00,0.5995,0.6139,0.5883,0.5983,26957065.7
1744603200000,2025-04-14 06:00:00,0.5983,0.6121,0.589,0.6121,22120570.8
1744617600000,2025-04-14 10:00:00,0.6121,0.6264,0.5979,0.6188,34267682.2
1744632000000,2025-04-14 14:00:00,0.6188,0.6213,0.5965,0.602,31232102.4
1744646400000,2025-04-14 18:00:00,0.602,0.6095,0.5906,0.601,18644119.5
1744660800000,2025-04-14 22:00:00,0.601,0.6022,0.5853,0.5869,11859391.3
1744675200000,2025-04-15 02:00:00,0.5869,0.5883,0.5685,0.5867,25235400.0
1744689600000,2025-04-15 06:00:00,0.5867,0.5968,0.5821,0.5926,19342278.8
1744704000000,2025-04-15 10:00:00,0.5926,0.6001,0.5864,0.592,17134527.0
1744718400000,2025-04-15 14:00:00,0.592,0.6046,0.5804,0.6046,27974080.6
1744732800000,2025-04-15 18:00:00,0.6046,0.6106,0.5911,0.5957,22526010.9
1744747200000,2025-04-15 22:00:00,0.5957,0.5976,0.5752,0.5837,14113375.7
1744761600000,2025-04-16 02:00:00,0.5837,0.621,0.5771,0.6124,34754085.3
1744776000000,2025-04-16 06:00:00,0.6124,0.6221,0.5908,0.5977,24983342.4
1744790400000,2025-04-16 10:00:00,0.5977,0.6176,0.5902,0.6159,30266511.4
1744804800000,2025-04-16 14:00:00,0.6159,0.6657,0.6104,0.6372,62661579.7
1744819200000,2025-04-16 18:00:00,0.6372,0.6499,0.6145,0.647,58782361.1
1744833600000,2025-04-16 22:00:00,0.647,0.657,0.6296,0.6299,23088019.1
1744848000000,2025-04-17 02:00:00,0.6299,0.6396,0.6097,0.6122,23523339.4
1744862400000,2025-04-17 06:00:00,0.6122,0.6325,0.6096,0.6168,25535154.0
1744876800000,2025-04-17 10:00:00,0.6168,0.6173,0.5995,0.6009,20702723.5
1744891200000,2025-04-17 14:00:00,0.6009,0.6088,0.594,0.5991,23437308.6
1744905600000,2025-04-17 18:00:00,0.5991,0.6198,0.5951,0.5994,27208688.9
1744920000000,2025-04-17 22:00:00,0.5994,0.6127,0.5965,0.6011,11981104.2
1744934400000,2025-04-18 02:00:00,0.6011,0.6013,0.5802,0.5829,20154900.4
1744948800000,2025-04-18 06:00:00,0.5829,0.5939,0.5773,0.5923,16308681.7
1744963200000,2025-04-18 10:00:00,0.5923,0.5974,0.5856,0.5925,12472631.5
1744977600000,2025-04-18 14:00:00,0.5925,0.6074,0.5799,0.5848,20716670.5
1744992000000,2025-04-18 18:00:00,0.5848,0.6028,0.5838,0.5968,14047902.2
1745006400000,2025-04-18 22:00:00,0.5968,0.6046,0.5947,0.5956,8650864.0
1745020800000,2025-04-19 02:00:00,0.5956,0.6131,0.5941,0.6082,12380749.4
1745035200000,2025-04-19 06:00:00,0.6082,0.6261,0.6031,0.6239,17689561.2
1745049600000,2025-04-19 10:00:00,0.6239,0.6248,0.6028,0.6117,15384735.9
1745064000000,2025-04-19 14:00:00,0.6117,0.6273,0.6103,0.6181,18762508.1
1745078400000,2025-04-19 18:00:00,0.6181,0.6233,0.6127,0.6146,10493363.1
1745092800000,2025-04-19 22:00:00,0.6146,0.6223,0.6084,0.612,8673065.3
1745107200000,2025-04-20 02:00:00,0.612,0.6128,0.6068,0.6087,8056411.7
1745121600000,2025-04-20 06:00:00,0.6087,0.6201,0.6057,0.6105,11587554.1
1745136000000,2025-04-20 10:00:00,0.6105,0.6151,0.5973,0.6057,15964173.7
1745150400000,2025-04-20 14:00:00,0.6057,0.6088,0.5933,0.5962,8693884.3
1745164800000,2025-04-20 18:00:00,0.5962,0.6047,0.5949,0.601,6020320.2
1745179200000,2025-04-20 22:00:00,0.601,0.6118,0.5882,0.5999,13480557.7
1745193600000,2025-04-21 02:00:00,0.5999,0.6266,0.5992,0.6178,23320716.4
1745208000000,2025-04-21 06:00:00,0.6178,0.6379,0.609,0.6358,21476983.0
1745222400000,2025-04-21 10:00:00,0.6358,0.6387,0.6115,0.6139,17892962.6
1745236800000,2025-04-21 14:00:00,0.6139,0.621,0.6011,0.603,19002412.6
1745251200000,2025-04-21 18:00:00,0.603,0.6035,0.5771,0.5893,27970658.7
1745265600000,2025-04-21 22:00:00,0.5893,0.5922,0.5788,0.5884,10451102.9
1745280000000,2025-04-22 02:00:00,0.5884,0.6108,0.5846,0.5981,20127928.0
1745294400000,2025-04-22 06:00:00,0.5981,0.6153,0.5904,0.6145,15374286.8
1745308800000,2025-04-22 10:00:00,0.6145,0.6298,0.6102,0.6291,17843621.5
1745323200000,2025-04-22 14:00:00,0.6291,0.6947,0.6243,0.6742,63369817.6
1745337600000,2025-04-22 18:00:00,0.6742,0.6925,0.6689,0.6739,28575030.6
1745352000000,2025-04-22 22:00:00,0.6739,0.7006,0.6559,0.6866,36378235.8
1745366400000,2025-04-23 02:00:00,0.6866,0.6995,0.6822,0.6951,21922259.9
1745380800000,2025-04-23 06:00:00,0.6951,0.7057,0.6694,0.6735,23319485.5
1745395200000,2025-04-23 10:00:00,0.6735,0.6898,0.6655,0.6777,29904583.9
1745409600000,2025-04-23 14:00:00,0.6777,0.6889,0.6513,0.6672,40788874.8
1745424000000,2025-04-23 18:00:00,0.6672,0.6675,0.6461,0.6488,20153637.4
1745438400000,2025-04-23 22:00:00,0.6488,0.6557,0.6428,0.6541,16085250.1
1745452800000,2025-04-24 02:00:00,0.6541,0.6649,0.6466,0.6518,18684056.7
1745467200000,2025-04-24 06:00:00,0.6518,0.6821,0.6505,0.6701,40651916.2
1745481600000,2025-04-24 10:00:00,0.6701,0.6917,0.6652,0.6865,29685918.4
1745496000000,2025-04-24 14:00:00,0.6865,0.709,0.6764,0.6876,31945896.4
1745510400000,2025-04-24 18:00:00,0.6876,0.7028,0.6718,0.6855,25708795.1
1745524800000,2025-04-24 22:00:00,0.6855,0.6889,0.6728,0.6802,12713513.0
1745539200000,2025-04-25 02:00:00,0.6802,0.6949,0.6613,0.6689,12565294.4
1745553600000,2025-04-25 06:00:00,0.6689,0.6827,0.6624,0.6792,10742108.2
1745568000000,2025-04-25 10:00:00,0.6792,0.6898,0.6697,0.6895,20859878.7
1745582400000,2025-04-25 14:00:00,0.6895,0.7045,0.6728,0.683,32977469.4
1745596800000,2025-04-25 18:00:00,0.683,0.6971,0.6767,0.6882,16380314.7
1745611200000,2025-04-25 22:00:00,0.6882,0.6976,0.6712,0.6755,12614913.0
1745625600000,2025-04-26 02:00:00,0.6755,0.7069,0.6755,0.7036,18840645.7
1745640000000,2025-04-26 06:00:00,0.7036,0.708,0.6895,0.6964,12457861.1
1745654400000,2025-04-26 10:00:00,0.6964,0.7094,0.672,0.6751,28772858.8
1745668800000,2025-04-26 14:00:00,0.6751,0.6791,0.6554,0.6726,22899726.1
1745683200000,2025-04-26 18:00:00,0.6726,0.6753,0.6625,0.6721,8382382.3
1745697600000,2025-04-26 22:00:00,0.6721,0.6739,0.6644,0.6691,5701492.8
1745712000000,2025-04-27 02:00:00,0.6691,0.6924,0.6587,0.6718,17457841.5
1745726400000,2025-04-27 06:00:00,0.6718,0.6737,0.6521,0.664,9157721.0
1745740800000,2025-04-27 10:00:00,0.664,0.6694,0.6541,0.6579,8037470.8
1745755200000,2025-04-27 14:00:00,0.6579,0.6625,0.6469,0.6546,14490239.2
1745769600000,2025-04-27 18:00:00,0.6546,0.6704,0.6406,0.6699,12556361.4
1745784000000,2025-04-27 22:00:00,0.6699,0.6712,0.6504,0.654,7842792.4
1745798400000,2025-04-28 02:00:00,0.654,0.6563,0.6271,0.6458,19317855.5
1745812800000,2025-04-28 06:00:00,0.6458,0.6665,0.6419,0.6631,11952208.9
1745827200000,2025-04-28 10:00:00,0.6631,0.6823,0.6601,0.6682,16070335.8
1745841600000,2025-04-28 14:00:00,0.6682,0.6747,0.6256,0.6321,22272216.2
1745856000000,2025-04-28 18:00:00,0.6321,0.6633,0.6227,0.6565,15165183.6
1745870400000,2025-04-28 22:00:00,0.6565,0.6572,0.6403,0.6468,7436912.4
1745884800000,2025-04-29 02:00:00,0.6468,0.6498,0.6394,0.6456,6817635.4
1745899200000,2025-04-29 06:00:00,0.6456,0.6685,0.6385,0.6649,7715065.2
1745913600000,2025-04-29 10:00:00,0.6649,0.6693,0.6532,0.6643,10695136.4
1745928000000,2025-04-29 14:00:00,0.6643,0.677,0.6555,0.6616,13940450.7
1745942400000,2025-04-29 18:00:00,0.6616,0.6729,0.6564,0.6633,8610193.6
1745956800000,2025-04-29 22:00:00,0.6633,0.6654,0.6402,0.6463,8523945.4
1745971200000,2025-04-30 02:00:00,0.6463,0.658,0.6432,0.6561,6243806.9
1745985600000,2025-04-30 06:00:00,0.6561,0.665,0.6491,0.6538,5400142.8
1746000000000,2025-04-30 10:00:00,0.6538,0.6746,0.6528,0.673,8740233.8
1746014400000,2025-04-30 14:00:00,0.673,0.6736,0.6438,0.6652,35452941.6
1746028800000,2025-04-30 18:00:00,0.6652,0.706,0.6611,0.7,39855369.6
1746043200000,2025-04-30 22:00:00,0.7,0.731,0.6993,0.713,21503943.7
1746057600000,2025-05-01 02:00:00,0.713,0.7371,0.713,0.7272,13812183.8
1746072000000,2025-05-01 06:00:00,0.7272,0.7317,0.7111,0.7253,9306385.5
1746086400000,2025-05-01 10:00:00,0.7253,0.7519,0.7215,0.7437,24671514.6
1746100800000,2025-05-01 14:00:00,0.7437,0.7523,0.7202,0.7225,18957476.1
1746115200000,2025-05-01 18:00:00,0.7225,0.7258,0.7012,0.706,21089755.4
1746129600000,2025-05-01 22:00:00,0.706,0.7123,0.6986,0.7074,7731405.3
1746144000000,2025-05-02 02:00:00,0.7074,0.7216,0.7065,0.7176,8336275.6
1746158400000,2025-05-02 06:00:00,0.7176,0.7213,0.7112,0.7167,9933090.7
1746172800000,2025-05-02 10:00:00,0.7167,0.7195,0.712,0.7163,10693341.0
1746187200000,2025-05-02 14:00:00,0.7163,0.733,0.7099,0.7235,26102198.4
1746201600000,2025-05-02 18:00:00,0.7235,0.7468,0.7136,0.7198,22200397.7
1746216000000,2025-05-02 22:00:00,0.7198,0.7466,0.7169,0.7333,10866049.9
1746230400000,2025-05-03 02:00:00,0.7333,0.7368,0.7206,0.7215,7533911.4
1746244800000,2025-05-03 06:00:00,0.7215,0.7274,0.7122,0.717,5346188.8
1746259200000,2025-05-03 10:00:00,0.717,0.7196,0.7072,0.7145,6557685.9
1746273600000,2025-05-03 14:00:00,0.7145,0.7215,0.7109,0.714,5783688.5
1746288000000,2025-05-03 18:00:00,0.714,0.7146,0.6995,0.7108,9295510.3
1746302400000,2025-05-03 22:00:00,0.7108,0.7165,0.6996,0.7015,7389575.9
1746316800000,2025-05-04 02:00:00,0.7015,0.7071,0.6886,0.6916,11959927.3
1746331200000,2025-05-04 06:00:00,0.6916,0.7016,0.6901,0.6975,4278905.6
1746345600000,2025-05-04 10:00:00,0.6975,0.6992,0.6861,0.6918,6109932.3
1746360000000,2025-05-04 14:00:00,0.6918,0.7012,0.6851,0.6928,6073662.4
1746374400000,2025-05-04 18:00:00,0.6928,0.6976,0.6814,0.6849,6457816.7
1746388800000,2025-05-04 22:00:00,0.6849,0.6961,0.6815,0.689,7385911.6
1746403200000,2025-05-05 02:00:00,0.689,0.6978,0.6732,0.6843,10393565.3
1746417600000,2025-05-05 06:00:00,0.6843,0.7018,0.6831,0.6936,7567328.9
1746432000000,2025-05-05 10:00:00,0.6936,0.6993,0.6618,0.6783,17932657.9
1746446400000,2025-05-05 14:00:00,0.6783,0.7017,0.6752,0.6893,14821475.4
1746460800000,2025-05-05 18:00:00,0.6893,0.7209,0.6886,0.7028,14158134.6
1746475200000,2025-05-05 22:00:00,0.7028,0.7037,0.6881,0.6891,13411997.8
1746489600000,2025-05-06 02:00:00,0.6891,0.6907,0.6701,0.688,12252530.8
1746504000000,2025-05-06 06:00:00,0.688,0.6895,0.6722,0.6739,7149363.6
1746518400000,2025-05-06 10:00:00,0.6739,0.6739,0.6362,0.6433,25593137.4
1746532800000,2025-05-06 14:00:00,0.6433,0.6585,0.6383,0.6425,16653822.1
1746547200000,2025-05-06 18:00:00,0.6425,0.6629,0.6368,0.6518,13327149.6
1746561600000,2025-05-06 22:00:00,0.6518,0.6852,0.6366,0.6748,18229995.8
1746576000000,2025-05-07 02:00:00,0.6748,0.7022,0.6706,0.6808,25453629.6
1746590400000,2025-05-07 06:00:00,0.6808,0.6858,0.6691,0.681,10501588.2
1746604800000,2025-05-07 10:00:00,0.681,0.6848,0.6707,0.6733,8045581.6
1746619200000,2025-05-07 14:00:00,0.6733,0.6772,0.6623,0.6627,11574303.6
1746633600000,2025-05-07 18:00:00,0.6627,0.666,0.6505,0.6524,14771480.8
1746648000000,2025-05-07 22:00:00,0.6524,0.6737,0.6503,0.6656,10760633.2
1746662400000,2025-05-08 02:00:00,0.6656,0.7138,0.6637,0.7124,19562181.9
1746676800000,2025-05-08 06:00:00,0.7124,0.7254,0.7121,0.7231,16866071.7
1746691200000,2025-05-08 10:00:00,0.7231,0.7378,0.722,0.7262,12394606.3
1746705600000,2025-05-08 14:00:00,0.7262,0.7573,0.717,0.7425,28836741.0
1746720000000,2025-05-08 18:00:00,0.7425,0.7475,0.7326,0.7445,15550719.8
1746734400000,2025-05-08 22:00:00,0.7445,0.7614,0.7386,0.7609,17925495.2
1746748800000,2025-05-09 02:00:00,0.7609,0.7755,0.7504,0.7592,12031302.1
1746763200000,2025-05-09 06:00:00,0.7592,0.7964,0.757,0.7862,17687974.1
1746777600000,2025-05-09 10:00:00,0.7862,0.8048,0.7619,0.7777,29942589.2
1746792000000,2025-05-09 14:00:00,0.7777,0.7836,0.7448,0.7636,24976915.9
1746806400000,2025-05-09 18:00:00,0.7636,0.7729,0.7479,0.7668,10546404.4
1746820800000,2025-05-09 22:00:00,0.7668,0.7746,0.7615,0.7653,4973630.6
1746835200000,2025-05-10 02:00:00,0.7653,0.7786,0.7585,0.7722,10585065.8
1746849600000,2025-05-10 06:00:00,0.7722,0.7883,0.7639,0.7846,7049278.4
1746864000000,2025-05-10 10:00:00,0.7846,0.7908,0.7607,0.7623,13389371.1
1746878400000,2025-05-10 14:00:00,0.7623,0.7836,0.7623,0.7725,7990833.6
1746892800000,2025-05-10 18:00:00,0.7725,0.7957,0.7723,0.7872,10821745.3
1746907200000,2025-05-10 22:00:00,0.7872,0.8193,0.7803,0.8187,10416297.7
1746921600000,2025-05-11 02:00:00,0.8187,0.8274,0.7956,0.8117,11226689.7
1746936000000,2025-05-11 06:00:00,0.8117,0.8295,0.7609,0.7703,21069984.6
1746950400000,2025-05-11 10:00:00,0.7703,0.7864,0.766,0.7849,12908400.2
1746964800000,2025-05-11 14:00:00,0.7849,0.7864,0.7511,0.7597,11902956.4
1746979200000,2025-05-11 18:00:00,0.7597,0.7746,0.7482,0.7709,9394916.8
1746993600000,2025-05-11 22:00:00,0.7709,0.7817,0.7673,0.7813,5601187.1
1747008000000,2025-05-12 02:00:00,0.7813,0.7969,0.7674,0.7813,11209213.6
1747022400000,2025-05-12 06:00:00,0.7813,0.8265,0.7689,0.796,22925641.1
1747036800000,2025-05-12 10:00:00,0.796,0.7988,0.7635,0.7661,22728414.6
1747051200000,2025-05-12 14:00:00,0.7661,0.7952,0.7536,0.7602,24328267.9
1747065600000,2025-05-12 18:00:00,0.7602,0.77,0.7257,0.7519,23029613.5
1747080000000,2025-05-12 22:00:00,0.7519,0.7619,0.746,0.7528,6866298.9
1747094400000,2025-05-13 02:00:00,0.7528,0.7542,0.7053,0.7088,11810315.2
1747108800000,2025-05-13 06:00:00,0.7088,0.7298,0.7068,0.7187,10107647.9
1747123200000,2025-05-13 10:00:00,0.7187,0.7326,0.7154,0.7279,10277228.6
1747137600000,2025-05-13 14:00:00,0.7279,0.7341,0.7168,0.734,14791073.6
1747152000000,2025-05-13 18:00:00,0.734,0.7907,0.7313,0.7816,21137799.7
1747166400000,2025-05-13 22:00:00,0.7816,0.7825,0.7556,0.7622,12108833.8
1747180800000,2025-05-14 02:00:00,0.7622,0.7825,0.7551,0.7627,7245836.2
1747195200000,2025-05-14 06:00:00,0.7627,0.7769,0.7568,0.7616,6040011.1
1747209600000,2025-05-14 10:00:00,0.7616,0.7663,0.7465,0.7529,12463286.5
1747224000000,2025-05-14 14:00:00,0.7529,0.7569,0.7111,0.7219,25113162.2
1747238400000,2025-05-14 18:00:00,0.7219,0.741,0.7149,0.7353,15459661.2
1747252800000,2025-05-14 22:00:00,0.7353,0.7434,0.7223,0.7301,5240029.7
1747267200000,2025-05-15 02:00:00,0.7301,0.7401,0.7068,0.7077,7439487.0
1747281600000,2025-05-15 06:00:00,0.7077,0.7087,0.6717,0.6758,14547092.9
1747296000000,2025-05-15 10:00:00,0.6758,0.6924,0.6753,0.6881,10092077.9
1747310400000,2025-05-15 14:00:00,0.6881,0.7069,0.6741,0.705,17598223.8
1747324800000,2025-05-15 18:00:00,0.705,0.7224,0.6919,0.7001,16359045.9
1747339200000,2025-05-15 22:00:00,0.7001,0.7054,0.6786,0.697,11182831.6
1747353600000,2025-05-16 02:00:00,0.697,0.7168,0.691,0.7126,8321421.8
1747368000000,2025-05-16 06:00:00,0.7126,0.7235,0.7073,0.7147,8812925.4
1747382400000,2025-05-16 10:00:00,0.7147,0.7285,0.7008,0.7189,9875527.4
1747396800000,2025-05-16 14:00:00,0.7189,0.7218,0.6976,0.7014,13061381.7
1747411200000,2025-05-16 18:00:00,0.7014,0.7066,0.6917,0.7051,8236978.4
1747425600000,2025-05-16 22:00:00,0.7051,0.7082,0.6781,0.6967,11470588.6
1747440000000,2025-05-17 02:00:00,0.6967,0.6996,0.6647,0.6853,16153900.0
1747454400000,2025-05-17 06:00:00,0.6853,0.694,0.6795,0.6859,6719414.4
1747468800000,2025-05-17 10:00:00,0.6859,0.694,0.6783,0.6861,7604279.6
1747483200000,2025-05-17 14:00:00,0.6861,0.697,0.67,0.6855,10840770.5
1747497600000,2025-05-17 18:00:00,0.6855,0.6862,0.6655,0.6711,8642966.7
1747512000000,2025-05-17 22:00:00,0.6711,0.6838,0.6651,0.6753,6545320.1
1747526400000,2025-05-18 02:00:00,0.6753,0.681,0.669,0.6708,5331140.5
1747540800000,2025-05-18 06:00:00,0.6708,0.6942,0.6704,0.6923,9265433.3
1747555200000,2025-05-18 10:00:00,0.6923,0.6981,0.6822,0.6829,7730320.8
1747569600000,2025-05-18 14:00:00,0.6829,0.7182,0.6768,0.7146,9766271.0
1747584000000,2025-05-18 18:00:00,0.7146,0.7153,0.6603,0.6612,19170527.6
1747598400000,2025-05-18 22:00:00,0.6612,0.7007,0.6473,0.6972,15849122.3
1747612800000,2025-05-19 02:00:00,0.6972,0.7056,0.6592,0.6601,14255785.3
1747627200000,2025-05-19 06:00:00,0.6601,0.6664,0.6441,0.6573,14182753.8
1747641600000,2025-05-19 10:00:00,0.6573,0.6607,0.6466,0.6494,8047467.2
1747656000000,2025-05-19 14:00:00,0.6494,0.6677,0.6355,0.6655,16588170.2
1747670400000,2025-05-19 18:00:00,0.6655,0.6831,0.6585,0.6694,13882815.2
1747684800000,2025-05-19 22:00:00,0.6694,0.6727,0.6601,0.6703,5625479.6
1747699200000,2025-05-20 02:00:00,0.6703,0.7517,0.6688,0.7172,35333372.9
1747713600000,2025-05-20 06:00:00,0.7172,0.748,0.7045,0.7206,29308974.8
1747728000000,2025-05-20 10:00:00,0.7206,0.7239,0.7019,0.7073,19764938.9
1747742400000,2025-05-20 14:00:00,0.7073,0.7185,0.6895,0.714,27053531.4
1747756800000,2025-05-20 18:00:00,0.714,0.7229,0.691,0.7124,23171483.0
1747771200000,2025-05-20 22:00:00,0.7124,0.7171,0.7026,0.707,15354197.7
1747785600000,2025-05-21 02:00:00,0.707,0.7447,0.7057,0.7398,11870645.1
1747800000000,2025-05-21 06:00:00,0.7398,0.7545,0.7364,0.7445,12174777.1
1747814400000,2025-05-21 10:00:00,0.7445,0.7472,0.7255,0.7292,11535684.5
1747828800000,2025-05-21 14:00:00,0.7292,0.7497,0.7228,0.745,13332027.9
1747843200000,2025-05-21 18:00:00,0.745,0.7616,0.7085,0.7312,29980050.0
1747857600000,2025-05-21 22:00:00,0.7312,0.7548,0.7198,0.7426,9465015.5
1747872000000,2025-05-22 02:00:00,0.7426,0.7777,0.7411,0.7678,17340030.4
1747886400000,2025-05-22 06:00:00,0.7678,0.818,0.7668,0.8086,21360579.9
1747900800000,2025-05-22 10:00:00,0.8086,0.8196,0.7925,0.7969,18127967.8
1747915200000,2025-05-22 14:00:00,0.7969,0.8255,0.7886,0.8103,15306039.1
1747929600000,2025-05-22 18:00:00,0.8103,0.8244,0.8009,0.8092,17080765.2
1747944000000,2025-05-22 22:00:00,0.8092,0.8243,0.8029,0.8233,8330783.0
1747958400000,2025-05-23 02:00:00,0.8233,0.8545,0.811,0.8436,14105371.2
1747972800000,2025-05-23 06:00:00,0.8436,0.8597,0.821,0.8265,15026639.7
1747987200000,2025-05-23 10:00:00,0.8265,0.8424,0.7901,0.7985,14040927.1
1748001600000,2025-05-23 14:00:00,0.7985,0.8563,0.7699,0.8183,48872723.3
1748016000000,2025-05-23 18:00:00,0.8183,0.838,0.8181,0.8231,11293404.5
1748030400000,2025-05-23 22:00:00,0.8231,0.8233,0.7745,0.7814,17794485.3
1748044800000,2025-05-24 02:00:00,0.7814,0.7905,0.7623,0.7789,13383061.2
1748059200000,2025-05-24 06:00:00,0.7789,0.785,0.7675,0.7731,8578932.7
1748073600000,2025-05-24 10:00:00,0.7731,0.7938,0.766,0.7835,10959793.4
1748088000000,2025-05-24 14:00:00,0.7835,0.7978,0.7792,0.7908,7314224.3
1748102400000,2025-05-24 18:00:00,0.7908,0.7908,0.7679,0.7724,7130778.5
1748116800000,2025-05-24 22:00:00,0.7724,0.7751,0.758,0.7667,7682480.4
1748131200000,2025-05-25 02:00:00,0.7667,0.7738,0.7446,0.7616,16314481.4
1748145600000,2025-05-25 06:00:00,0.7616,0.7617,0.7449,0.7489,6216309.2
1748160000000,2025-05-25 10:00:00,0.7489,0.749,0.7337,0.7418,9685077.0
1748174400000,2025-05-25 14:00:00,0.7418,0.7547,0.7278,0.7434,12245861.9
1748188800000,2025-05-25 18:00:00,0.7434,0.7484,0.7319,0.744,6867887.4
1748203200000,2025-05-25 22:00:00,0.744,0.7649,0.7366,0.7612,9019044.2
1748217600000,2025-05-26 02:00:00,0.7612,0.779,0.7597,0.7663,11153565.2
1748232000000,2025-05-26 06:00:00,0.7663,0.7875,0.7646,0.7769,6846056.3
1748246400000,2025-05-26 10:00:00,0.7769,0.7782,0.764,0.7774,6383435.5
1748260800000,2025-05-26 14:00:00,0.7774,0.7868,0.761,0.7699,9809338.6
1748275200000,2025-05-26 18:00:00,0.7699,0.7725,0.7452,0.7477,7956415.3
1748289600000,2025-05-26 22:00:00,0.7477,0.7673,0.7447,0.7583,7552856.2
1748304000000,2025-05-27 02:00:00,0.7583,0.7619,0.7364,0.7464,6778321.6
1748318400000,2025-05-27 06:00:00,0.7464,0.7636,0.7406,0.7559,6834254.7
1748332800000,2025-05-27 10:00:00,0.7559,0.7822,0.7558,0.7816,13172042.7
1748347200000,2025-05-27 14:00:00,0.7816,0.7974,0.7656,0.7822,29858263.5
1748361600000,2025-05-27 18:00:00,0.7822,0.8068,0.7765,0.7864,16983287.5
1748376000000,2025-05-27 22:00:00,0.7864,0.7875,0.7526,0.7586,12164449.9
1748390400000,2025-05-28 02:00:00,0.7586,0.7702,0.7487,0.7596,8548044.6
1748404800000,2025-05-28 06:00:00,0.7596,0.7705,0.7537,0.7607,5770687.9
1748419200000,2025-05-28 10:00:00,0.7607,0.7669,0.7501,0.7652,7081967.7
1748433600000,2025-05-28 14:00:00,0.7652,0.7759,0.7399,0.7435,17392807.2
1748448000000,2025-05-28 18:00:00,0.7435,0.7573,0.7344,0.7357,13259202.3
1748462400000,2025-05-28 22:00:00,0.7357,0.7653,0.7331,0.7625,7838555.0
1748476800000,2025-05-29 02:00:00,0.7625,0.8032,0.7564,0.7976,16174953.3
1748491200000,2025-05-29 06:00:00,0.7976,0.8025,0.7772,0.7832,12734513.6
1748505600000,2025-05-29 10:00:00,0.7832,0.7924,0.7759,0.7791,12303719.4
1748520000000,2025-05-29 14:00:00,0.7791,0.7791,0.7323,0.7446,27883371.0
1748534400000,2025-05-29 18:00:00,0.7446,0.75,0.7352,0.7418,12769396.9
1748548800000,2025-05-29 22:00:00,0.7418,0.7567,0.7364,0.7414,6670478.5
1748563200000,2025-05-30 02:00:00,0.7414,0.7538,0.7116,0.721,18031824.3
1748577600000,2025-05-30 06:00:00,0.721,0.7211,0.6982,0.7056,11400933.6
1748592000000,2025-05-30 10:00:00,0.7056,0.7119,0.6913,0.7084,10344415.7
1748606400000,2025-05-30 14:00:00,0.7084,0.7103,0.6839,0.685,15458544.0
1748620800000,2025-05-30 18:00:00,0.685,0.693,0.6652,0.6911,15371227.7
1748635200000,2025-05-30 22:00:00,0.6911,0.6944,0.6568,0.6622,10845152.1
1748649600000,2025-05-31 02:00:00,0.6622,0.6632,0.6419,0.6512,13366524.7
1748664000000,2025-05-31 06:00:00,0.6512,0.6556,0.6432,0.6505,6915968.5
1748678400000,2025-05-31 10:00:00,0.6505,0.6531,0.638,0.6448,8410357.5
1748692800000,2025-05-31 14:00:00,0.6448,0.6746,0.6435,0.6671,12660311.2
1748707200000,2025-05-31 18:00:00,0.6671,0.6745,0.6608,0.6659,6033436.1
1748721600000,2025-05-31 22:00:00,0.6659,0.6749,0.6629,0.6647,5122946.1
1748736000000,2025-06-01 02:00:00,0.6647,0.6689,0.6541,0.6663,6058655.7
1748750400000,2025-06-01 06:00:00,0.6663,0.6753,0.6607,0.6624,4766334.1
1748764800000,2025-06-01 10:00:00,0.6624,0.6638,0.6473,0.6579,6288225.2
1748779200000,2025-06-01 14:00:00,0.6579,0.6688,0.6495,0.6662,6309977.4
1748793600000,2025-06-01 18:00:00,0.6662,0.6808,0.6607,0.6736,9134620.5
1748808000000,2025-06-01 22:00:00,0.6736,0.6845,0.6695,0.6795,5539667.4
1748822400000,2025-06-02 02:00:00,0.6795,0.682,0.6639,0.6664,4920685.2
1748836800000,2025-06-02 06:00:00,0.6664,0.6752,0.6615,0.6695,4390054.5
1748851200000,2025-06-02 10:00:00,0.6695,0.6746,0.6535,0.6588,11447700.4
1748865600000,2025-06-02 14:00:00,0.6588,0.6767,0.6564,0.6701,9230256.2
1748880000000,2025-06-02 18:00:00,0.6701,0.6759,0.6589,0.6633,7514375.1
1748894400000,2025-06-02 22:00:00,0.6633,0.694,0.6633,0.6873,9594615.8
1748908800000,2025-06-03 02:00:00,0.6873,0.7054,0.6843,0.6863,9432804.8
1748923200000,2025-06-03 06:00:00,0.6863,0.6925,0.6816,0.6879,3663223.8
1748937600000,2025-06-03 10:00:00,0.6879,0.6948,0.6805,0.693,4881105.1
1748952000000,2025-06-03 14:00:00,0.693,0.7093,0.6909,0.7014,9787329.9
1748966400000,2025-06-03 18:00:00,0.7014,0.7021,0.6894,0.6989,6572620.5
1748980800000,2025-06-03 22:00:00,0.6989,0.6996,0.6783,0.6839,5900572.6
1748995200000,2025-06-04 02:00:00,0.6839,0.6987,0.6754,0.695,7131835.5
1749009600000,2025-06-04 06:00:00,0.695,0.6966,0.684,0.6852,4174344.8
1749024000000,2025-06-04 10:00:00,0.6852,0.6977,0.6824,0.683,8710056.8
1749038400000,2025-06-04 14:00:00,0.683,0.6886,0.6623,0.6854,18002022.7
1749052800000,2025-06-04 18:00:00,0.6854,0.6929,0.6654,0.6654,10852554.7
1749067200000,2025-06-04 22:00:00,0.6654,0.6659,0.6268,0.6368,16826303.8
1749081600000,2025-06-05 02:00:00,0.6368,0.6446,0.6328,0.6402,10462838.7
1749096000000,2025-06-05 06:00:00,0.6402,0.6429,0.6273,0.6332,9710774.0
1749110400000,2025-06-05 10:00:00,0.6332,0.6367,0.623,0.6288,9228451.2
1749124800000,2025-06-05 14:00:00,0.6288,0.651,0.627,0.6446,18286812.6
1749139200000,2025-06-05 18:00:00,0.6446,0.6531,0.6255,0.6492,22553054.4
1749153600000,2025-06-05 22:00:00,0.6492,0.6541,0.6025,0.6098,34961018.8
1749168000000,2025-06-06 02:00:00,0.6098,0.6219,0.606,0.6207,10989150.6
1749182400000,2025-06-06 06:00:00,0.6207,0.6277,0.6134,0.6199,8981243.7
1749196800000,2025-06-06 10:00:00,0.6199,0.6288,0.6185,0.6254,8210451.6
1749211200000,2025-06-06 14:00:00,0.6254,0.65,0.6249,0.6413,11402712.4
1749225600000,2025-06-06 18:00:00,0.6413,0.6427,0.619,0.6226,8993162.6
1749240000000,2025-06-06 22:00:00,0.6226,0.6326,0.6217,0.6251,4906829.6
1749254400000,2025-06-07 02:00:00,0.6251,0.6582,0.6238,0.6546,8291064.5
1749268800000,2025-06-07 06:00:00,0.6546,0.6644,0.6495,0.6639,6721927.9
1749283200000,2025-06-07 10:00:00,0.6639,0.6647,0.6523,0.6549,5134121.6
1749297600000,2025-06-07 14:00:00,0.6549,0.6643,0.6547,0.6604,6543240.6
1749312000000,2025-06-07 18:00:00,0.6604,0.6622,0.6482,0.6558,5909328.6
1749326400000,2025-06-07 22:00:00,0.6558,0.6664,0.6557,0.6606,4594609.9
1749340800000,2025-06-08 02:00:00,0.6606,0.6611,0.6495,0.6502,3367346.8
1749355200000,2025-06-08 06:00:00,0.6502,0.6552,0.6465,0.6488,3668020.6
1749369600000,2025-06-08 10:00:00,0.6488,0.6568,0.6426,0.6561,6085934.9
1749384000000,2025-06-08 14:00:00,0.6561,0.6637,0.6518,0.6564,5771216.8
1749398400000,2025-06-08 18:00:00,0.6564,0.6679,0.6524,0.659,8265201.9
1749412800000,2025-06-08 22:00:00,0.659,0.6619,0.6406,0.6445,8227090.1
1749427200000,2025-06-09 02:00:00,0.6445,0.6529,0.6422,0.6477,5279985.8
1749441600000,2025-06-09 06:00:00,0.6477,0.6485,0.6375,0.6418,7131951.2
1749456000000,2025-06-09 10:00:00,0.6418,0.6607,0.6398,0.66,12796731.1
1749470400000,2025-06-09 14:00:00,0.66,0.6768,0.655,0.6665,22091152.3
1749484800000,2025-06-09 18:00:00,0.6665,0.6778,0.663,0.6729,10204272.2
1749499200000,2025-06-09 22:00:00,0.6729,0.6965,0.6701,0.6942,9553336.4
1749513600000,2025-06-10 02:00:00,0.6942,0.7039,0.6922,0.6948,8229265.0
1749528000000,2025-06-10 06:00:00,0.6948,0.6959,0.6812,0.6885,9904505.1
1749542400000,2025-06-10 10:00:00,0.6885,0.7304,0.6833,0.7293,16366512.3
1749556800000,2025-06-10 14:00:00,0.7293,0.7563,0.7003,0.7137,48042239.8
1749571200000,2025-06-10 18:00:00,0.7137,0.7412,0.7095,0.7248,17751124.7
1749585600000,2025-06-10 22:00:00,0.7248,0.7381,0.7125,0.7353,14088779.2
1749600000000,2025-06-11 02:00:00,0.7353,0.7388,0.7033,0.7139,9901072.6
1749614400000,2025-06-11 06:00:00,0.7139,0.7152,0.7031,0.7106,7316912.6
1749628800000,2025-06-11 10:00:00,0.7106,0.7133,0.6938,0.7018,12229101.3
1749643200000,2025-06-11 14:00:00,0.7018,0.7332,0.6982,0.7292,20395214.2
1749657600000,2025-06-11 18:00:00,0.7292,0.7311,0.6856,0.687,18445592.1
1749672000000,2025-06-11 22:00:00,0.687,0.6952,0.6607,0.6723,23929402.5
1749686400000,2025-06-12 02:00:00,0.6723,0.6739,0.6515,0.6531,11213249.4
1749700800000,2025-06-12 06:00:00,0.6531,0.6538,0.6361,0.6383,20305030.5
1749715200000,2025-06-12 10:00:00,0.6383,0.6425,0.6304,0.6334,10307104.4
1749729600000,2025-06-12 14:00:00,0.6334,0.6564,0.6314,0.6409,16424482.4
1749744000000,2025-06-12 18:00:00,0.6409,0.66,0.6345,0.6381,12925058.3
1749758400000,2025-06-12 22:00:00,0.6381,0.642,0.6209,0.6222,15441065.1
1749772800000,2025-06-13 02:00:00,0.6222,0.6231,0.5575,0.5858,68455374.5
1749787200000,2025-06-13 06:00:00,0.5858,0.597,0.579,0.5909,17755268.5
1749801600000,2025-06-13 10:00:00,0.5909,0.6,0.585,0.5898,12996979.2
1749816000000,2025-06-13 14:00:00,0.5898,0.6173,0.5872,0.6124,23362463.9
1749830400000,2025-06-13 18:00:00,0.6124,0.6234,0.5943,0.6015,20511380.6
1749844800000,2025-06-13 22:00:00,0.6015,0.6206,0.6,0.6183,10324530.9
1749859200000,2025-06-14 02:00:00,0.6183,0.6184,0.6088,0.6105,6064739.4
1749873600000,2025-06-14 06:00:00,0.6105,0.616,0.6063,0.6089,5907983.4
1749888000000,2025-06-14 10:00:00,0.6089,0.6089,0.5972,0.6002,9155128.9
1749902400000,2025-06-14 14:00:00,0.6002,0.6048,0.588,0.5926,11730316.0
1749916800000,2025-06-14 18:00:00,0.5926,0.5943,0.581,0.5866,14144832.1
1749931200000,2025-06-14 22:00:00,0.5866,0.5974,0.5821,0.5939,4948710.9
1749945600000,2025-06-15 02:00:00,0.5939,0.5975,0.5906,0.5926,4087577.2
1749960000000,2025-06-15 06:00:00,0.5926,0.5999,0.5859,0.5879,6094030.3
1749974400000,2025-06-15 10:00:00,0.5879,0.5909,0.5801,0.5877,10112965.0
1749988800000,2025-06-15 14:00:00,0.5877,0.5999,0.5855,0.5915,7644652.7
1750003200000,2025-06-15 18:00:00,0.5915,0.5931,0.5842,0.5869,5145198.1
1750017600000,2025-06-15 22:00:00,0.5869,0.5964,0.5735,0.5949,10575479.0
1750032000000,2025-06-16 02:00:00,0.5949,0.6111,0.5875,0.6015,11713739.0
1750046400000,2025-06-16 06:00:00,0.6015,0.6233,0.6006,0.6162,11174816.9
1750060800000,2025-06-16 10:00:00,0.6162,0.621,0.612,0.6189,11157734.2
1750075200000,2025-06-16 14:00:00,0.6189,0.6372,0.6139,0.6229,17916427.0
1750089600000,2025-06-16 18:00:00,0.6229,0.6464,0.622,0.6426,11660798.8
1750104000000,2025-06-16 22:00:00,0.6426,0.6478,0.6036,0.605,22509094.0
1750118400000,2025-06-17 02:00:00,0.605,0.6167,0.5888,0.6093,26849260.9
1750132800000,2025-06-17 06:00:00,0.6093,0.611,0.595,0.5981,8612458.9
1750147200000,2025-06-17 10:00:00,0.5981,0.5992,0.577,0.5804,16400703.1
1750161600000,2025-06-17 14:00:00,0.5804,0.586,0.5623,0.5688,24948758.3
1750176000000,2025-06-17 18:00:00,0.5688,0.5932,0.5551,0.5895,25406464.9
1750190400000,2025-06-17 22:00:00,0.5895,0.5927,0.5752,0.5808,12715716.7
1750204800000,2025-06-18 02:00:00,0.5808,0.5929,0.5769,0.5908,8672860.4
1750219200000,2025-06-18 06:00:00,0.5908,0.6038,0.5895,0.5937,10583843.8
1750233600000,2025-06-18 10:00:00,0.5937,0.5964,0.5553,0.5702,23671566.3
1750248000000,2025-06-18 14:00:00,0.5702,0.5898,0.5574,0.5785,27444507.8
1750262400000,2025-06-18 18:00:00,0.5785,0.5828,0.564,0.5727,21655321.3
1750276800000,2025-06-18 22:00:00,0.5727,0.6136,0.5699,0.597,23421087.2
1750291200000,2025-06-19 02:00:00,0.597,0.6078,0.5908,0.6007,10100026.7
1750305600000,2025-06-19 06:00:00,0.6007,0.6041,0.5927,0.5993,8083527.1
1750320000000,2025-06-19 10:00:00,0.5993,0.6066,0.5852,0.5881,11478331.8
1750334400000,2025-06-19 14:00:00,0.5881,0.592,0.5761,0.5777,11176494.0
1750348800000,2025-06-19 18:00:00,0.5777,0.591,0.5735,0.5805,10980461.4
1750363200000,2025-06-19 22:00:00,0.5805,0.5924,0.5794,0.5889,7744174.4
1750377600000,2025-06-20 02:00:00,0.5889,0.5911,0.5775,0.5793,4874040.9
1750392000000,2025-06-20 06:00:00,0.5793,0.5918,0.5632,0.5906,14186586.0
1750406400000,2025-06-20 10:00:00,0.5906,0.5977,0.5816,0.5843,9305270.9
1750420800000,2025-06-20 14:00:00,0.5843,0.5942,0.5594,0.5626,22649543.2
1750435200000,2025-06-20 18:00:00,0.5626,0.5761,0.5432,0.5658,30910713.3
1750449600000,2025-06-20 22:00:00,0.5658,0.5757,0.5607,0.5663,13333812.8
1750464000000,2025-06-21 02:00:00,0.5663,0.5799,0.5651,0.5703,7728997.1
1750478400000,2025-06-21 06:00:00,0.5703,0.5777,0.5693,0.5719,4029018.5
1750492800000,2025-06-21 10:00:00,0.5719,0.5783,0.5681,0.5704,5422264.4
1750507200000,2025-06-21 14:00:00,0.5704,0.5725,0.5564,0.5628,17543771.7
1750521600000,2025-06-21 18:00:00,0.5628,0.5666,0.5469,0.5478,15092891.3
1750536000000,2025-06-21 22:00:00,0.5478,0.556,0.5261,0.5537,25360292.2
1750550400000,2025-06-22 02:00:00,0.5537,0.5575,0.5338,0.5377,23879529.5
1750564800000,2025-06-22 06:00:00,0.5377,0.5446,0.5333,0.5354,15685773.2
1750579200000,2025-06-22 10:00:00,0.5354,0.5367,0.5229,0.5312,14339154.6
1750593600000,2025-06-22 14:00:00,0.5312,0.5386,0.509,0.5134,54066784.2
1750608000000,2025-06-22 18:00:00,0.5134,0.5231,0.5087,0.5182,18317504.4
1750622400000,2025-06-22 22:00:00,0.5182,0.5376,0.504,0.5367,23745191.4
1750636800000,2025-06-23 02:00:00,0.5367,0.5431,0.5309,0.5317,11444830.6
1750651200000,2025-06-23 06:00:00,0.5317,0.5379,0.5302,0.5348,8844279.6
1750665600000,2025-06-23 10:00:00,0.5348,0.5366,0.5236,0.5259,9535168.7
1750680000000,2025-06-23 14:00:00,0.5259,0.5417,0.5184,0.52,38831648.6
1750694400000,2025-06-23 18:00:00,0.52,0.5597,0.5055,0.5552,50010495.7
1750708800000,2025-06-23 22:00:00,0.5552,0.5824,0.5521,0.5788,26918345.9
1750723200000,2025-06-24 02:00:00,0.5788,0.5835,0.5722,0.577,11076778.6
1750737600000,2025-06-24 06:00:00,0.577,0.5932,0.5753,0.5807,10391489.9
1750752000000,2025-06-24 10:00:00,0.5807,0.5872,0.5736,0.5779,11674511.8
1750766400000,2025-06-24 14:00:00,0.5779,0.5851,0.5722,0.5808,19051942.1
1750780800000,2025-06-24 18:00:00,0.5808,0.5935,0.5641,0.5687,18946106.7
1750795200000,2025-06-24 22:00:00,0.5687,0.571,0.5624,0.5693,7393161.9
1750809600000,2025-06-25 02:00:00,0.5693,0.5842,0.5682,0.5723,23177520.8
1750824000000,2025-06-25 06:00:00,0.5723,0.5764,0.5669,0.5737,6122098.8
1750838400000,2025-06-25 10:00:00,0.5737,0.5743,0.5601,0.569,12194410.9
1750852800000,2025-06-25 14:00:00,0.569,0.5757,0.5472,0.5488,17355438.9
1750867200000,2025-06-25 18:00:00,0.5488,0.554,0.5259,0.5333,30225584.5
1750881600000,2025-06-25 22:00:00,0.5333,0.5378,0.5166,0.5227,18623935.9
1750896000000,2025-06-26 02:00:00,0.5227,0.5432,0.5204,0.5262,28307842.0
1750910400000,2025-06-26 06:00:00,0.5262,0.5265,0.5128,0.5199,16110938.6
1750924800000,2025-06-26 10:00:00,0.5199,0.5237,0.4997,0.5044,22616671.2
1750939200000,2025-06-26 14:00:00,0.5044,0.5053,0.4913,0.4977,25278275.4
1750953600000,2025-06-26 18:00:00,0.4977,0.503,0.4938,0.5,16018779.0
1750968000000,2025-06-26 22:00:00,0.5,0.5109,0.4956,0.504,17656959.1
1750982400000,2025-06-27 02:00:00,0.504,0.5116,0.5011,0.5078,10829164.2
1750996800000,2025-06-27 06:00:00,0.5078,0.514,0.504,0.5056,6009829.7
1751011200000,2025-06-27 10:00:00,0.5056,0.5113,0.4997,0.5015,8554382.9
1751025600000,2025-06-27 14:00:00,0.5015,0.5131,0.4989,0.51,11349061.5
1751040000000,2025-06-27 18:00:00,0.51,0.5212,0.4952,0.5002,21546393.2
1751054400000,2025-06-27 22:00:00,0.5002,0.5143,0.4994,0.5109,11434289.1
1751068800000,2025-06-28 02:00:00,0.5109,0.5173,0.5099,0.517,4431844.6
1751083200000,2025-06-28 06:00:00,0.517,0.5189,0.5118,0.5166,4642340.8
1751097600000,2025-06-28 10:00:00,0.5166,0.5171,0.5047,0.5053,6513592.4
1751112000000,2025-06-28 14:00:00,0.5053,0.5134,0.5021,0.5133,6254944.0
1751126400000,2025-06-28 18:00:00,0.5133,0.5186,0.5106,0.5125,6805004.0
1751140800000,2025-06-28 22:00:00,0.5125,0.5189,0.5103,0.5165,4104374.8
1751155200000,2025-06-29 02:00:00,0.5165,0.5216,0.5113,0.5119,5823424.4
1751169600000,2025-06-29 06:00:00,0.5119,0.5152,0.5103,0.5133,3549630.9
1751184000000,2025-06-29 10:00:00,0.5133,0.5204,0.511,0.5155,8580096.6
1751198400000,2025-06-29 14:00:00,0.5155,0.5179,0.5053,0.5075,8621274.3
1751212800000,2025-06-29 18:00:00,0.5075,0.517,0.5075,0.5155,5180279.5
1751227200000,2025-06-29 22:00:00,0.5155,0.5394,0.5109,0.5326,17278797.1
1751241600000,2025-06-30 02:00:00,0.5326,0.5359,0.5184,0.5195,10724138.0
1751256000000,2025-06-30 06:00:00,0.5195,0.5204,0.5007,0.51,14704011.3
1751270400000,2025-06-30 10:00:00,0.51,0.5147,0.5055,0.5058,10438162.2
1751284800000,2025-06-30 14:00:00,0.5058,0.5132,0.4993,0.5077,15188325.8
1751299200000,2025-06-30 18:00:00,0.5077,0.5287,0.5052,0.525,16266898.1
1751313600000,2025-06-30 22:00:00,0.525,0.5343,0.5216,0.5223,13046956.6
1751328000000,2025-07-01 02:00:00,0.5223,0.5261,0.5141,0.5148,7958463.2
1751342400000,2025-07-01 06:00:00,0.5148,0.5149,0.4971,0.509,13853346.7
1751356800000,2025-07-01 10:00:00,0.509,0.5164,0.5042,0.5163,9446323.6
1751371200000,2025-07-01 14:00:00,0.5163,0.5187,0.5054,0.5087,12931203.6
1751385600000,2025-07-01 18:00:00,0.5087,0.5087,0.4974,0.5006,12654519.0
1751400000000,2025-07-01 22:00:00,0.5006,0.5066,0.4952,0.5006,8162523.9
1751414400000,2025-07-02 02:00:00,0.5006,0.5049,0.4939,0.4986,12582775.0
1751428800000,2025-07-02 06:00:00,0.4986,0.5146,0.4939,0.5114,12997021.1
1751443200000,2025-07-02 10:00:00,0.5114,0.5162,0.5083,0.5092,10014671.2
1751457600000,2025-07-02 14:00:00,0.5092,0.5197,0.5061,0.5174,13775108.2
1751472000000,2025-07-02 18:00:00,0.5174,0.5365,0.5171,0.5341,27537999.0
1751486400000,2025-07-02 22:00:00,0.5341,0.5387,0.5251,0.5271,14464521.8
1751500800000,2025-07-03 02:00:00,0.5271,0.5335,0.5246,0.5298,7276138.3
1751515200000,2025-07-03 06:00:00,0.5298,0.5493,0.5288,0.5489,13034860.5
1751529600000,2025-07-03 10:00:00,0.5489,0.55,0.5359,0.5386,10872321.8
1751544000000,2025-07-03 14:00:00,0.5386,0.5477,0.5254,0.5262,26339548.1
1751558400000,2025-07-03 18:00:00,0.5262,0.5355,0.5261,0.5335,8889869.3
1751572800000,2025-07-03 22:00:00,0.5335,0.5378,0.5296,0.532,8805620.1
1751587200000,2025-07-04 02:00:00,0.532,0.5361,0.5227,0.5236,11722730.6
1751601600000,2025-07-04 06:00:00,0.5236,0.5278,0.5068,0.5077,18115314.1
1751616000000,2025-07-04 10:00:00,0.5077,0.513,0.5037,0.5096,10692578.5
1751630400000,2025-07-04 14:00:00,0.5096,0.5118,0.4973,0.5009,17059376.4
1751644800000,2025-07-04 18:00:00,0.5009,0.502,0.4883,0.4931,21300969.1
1751659200000,2025-07-04 22:00:00,0.4931,0.5068,0.4922,0.5054,10536720.8
1751673600000,2025-07-05 02:00:00,0.5054,0.5066,0.4975,0.4998,8412166.1
1751688000000,2025-07-05 06:00:00,0.4998,0.5022,0.4959,0.4988,7577844.7
1751702400000,2025-07-05 10:00:00,0.4988,0.4998,0.4951,0.4984,6648072.3
1751716800000,2025-07-05 14:00:00,0.4984,0.499,0.4914,0.496,10659539.8
1751731200000,2025-07-05 18:00:00,0.496,0.4997,0.4901,0.4961,11220157.9
1751745600000,2025-07-05 22:00:00,0.4961,0.5009,0.4944,0.4982,7490660.0
1751760000000,2025-07-06 02:00:00,0.4982,0.4984,0.4929,0.4944,4860969.9
1751774400000,2025-07-06 06:00:00,0.4944,0.4959,0.4916,0.4935,3924523.1
1751788800000,2025-07-06 10:00:00,0.4935,0.4958,0.4894,0.4954,7325848.0
1751803200000,2025-07-06 14:00:00,0.4954,0.5061,0.4941,0.4977,14581977.4
1751817600000,2025-07-06 18:00:00,0.4977,0.5023,0.4956,0.501,7957336.7
1751832000000,2025-07-06 22:00:00,0.501,0.5116,0.4985,0.5004,11361185.1
1751846400000,2025-07-07 02:00:00,0.5004,0.5147,0.4986,0.5118,12189815.2
1751860800000,2025-07-07 06:00:00,0.5118,0.5135,0.5087,0.5128,6377722.5
1751875200000,2025-07-07 10:00:00,0.5128,0.5132,0.5045,0.5067,9660609.9
1751889600000,2025-07-07 14:00:00,0.5067,0.5142,0.501,0.5033,18323988.9
1751904000000,2025-07-07 18:00:00,0.5033,0.508,0.4977,0.5064,14108051.5
1751918400000,2025-07-07 22:00:00,0.5064,0.5144,0.4993,0.5106,10326813.2
1751932800000,2025-07-08 02:00:00,0.5106,0.5177,0.5075,0.5084,18346921.5
1751947200000,2025-07-08 06:00:00,0.5084,0.5109,0.5014,0.5055,9843673.2
1751961600000,2025-07-08 10:00:00,0.5055,0.5103,0.5007,0.5074,10279556.9
1751976000000,2025-07-08 14:00:00,0.5074,0.5121,0.5044,0.5076,10394515.9
1751990400000,2025-07-08 18:00:00,0.5076,0.5242,0.5045,0.5219,20811056.2
1752004800000,2025-07-08 22:00:00,0.5219,0.5231,0.5143,0.5152,7318023.0
1752019200000,2025-07-09 02:00:00,0.5152,0.5227,0.5124,0.5191,11968828.7
1752033600000,2025-07-09 06:00:00,0.5191,0.5424,0.5188,0.5411,21831416.6
1752048000000,2025-07-09 10:00:00,0.5411,0.5544,0.54,0.552,30979886.1
1752062400000,2025-07-09 14:00:00,0.552,0.5588,0.5438,0.5465,28763817.2
1752076800000,2025-07-09 18:00:00,0.5465,0.5653,0.5433,0.5609,23232371.1
1752091200000,2025-07-09 22:00:00,0.5609,0.5623,0.5511,0.5561,16534207.1
1752105600000,2025-07-10 02:00:00,0.5561,0.566,0.5556,0.5627,10403469.2
1752120000000,2025-07-10 06:00:00,0.5627,0.5683,0.5562,0.5657,9395149.6
1752134400000,2025-07-10 10:00:00,0.5657,0.5711,0.5595,0.5607,10345671.3
1752148800000,2025-07-10 14:00:00,0.5607,0.5672,0.5573,0.5617,16664265.7
1752163200000,2025-07-10 18:00:00,0.5617,0.5843,0.5611,0.5776,23877526.9
1752177600000,2025-07-10 22:00:00,0.5776,0.6085,0.5775,0.5995,22117806.9
1752192000000,2025-07-11 02:00:00,0.5995,0.625,0.5916,0.6232,24805787.0
1752206400000,2025-07-11 06:00:00,0.6232,0.6489,0.6172,0.6298,36055428.2
1752220800000,2025-07-11 10:00:00,0.6298,0.65,0.6298,0.6471,23189536.8
1752235200000,2025-07-11 14:00:00,0.6471,0.6603,0.6351,0.638,33059810.2
1752249600000,2025-07-11 18:00:00,0.638,0.6517,0.6356,0.6515,14588437.7
1752264000000,2025-07-11 22:00:00,0.6515,0.6519,0.6183,0.6307,16271370.4
1752278400000,2025-07-12 02:00:00,0.6307,0.6398,0.617,0.6341,13697577.6
1752292800000,2025-07-12 06:00:00,0.6341,0.637,0.6208,0.633,11597872.9
1752307200000,2025-07-12 10:00:00,0.633,0.6425,0.6301,0.6358,9448429.1
1752321600000,2025-07-12 14:00:00,0.6358,0.6383,0.6031,0.607,22317842.9
1752336000000,2025-07-12 18:00:00,0.607,0.6218,0.6033,0.6183,6159526.5
1752350400000,2025-07-12 22:00:00,0.6183,0.6186,0.6065,0.6164,8198350.6
1752364800000,2025-07-13 02:00:00,0.6164,0.621,0.6136,0.6172,6659278.5
1752379200000,2025-07-13 06:00:00,0.6172,0.6385,0.6153,0.6374,9426661.4
1752393600000,2025-07-13 10:00:00,0.6374,0.6641,0.6312,0.6587,19546435.3
1752408000000,2025-07-13 14:00:00,0.6587,0.6755,0.6582,0.6619,24398311.2
1752422400000,2025-07-13 18:00:00,0.6619,0.6786,0.6611,0.6717,20328419.6
1752436800000,2025-07-13 22:00:00,0.6717,0.6775,0.6509,0.6528,16043222.7
1752451200000,2025-07-14 02:00:00,0.6528,0.6931,0.6493,0.689,17149886.4
1752465600000,2025-07-14 06:00:00,0.689,0.6997,0.6749,0.6918,20492875.2
1752480000000,2025-07-14 10:00:00,0.6918,0.6966,0.6769,0.6845,14792700.6
1752494400000,2025-07-14 14:00:00,0.6845,0.695,0.6704,0.6781,23136501.6
1752508800000,2025-07-14 18:00:00,0.6781,0.7298,0.6772,0.7087,47808547.3
1752523200000,2025-07-14 22:00:00,0.7087,0.7182,0.6966,0.7039,13988660.5
1752537600000,2025-07-15 02:00:00,0.7039,0.7203,0.6862,0.7067,27043376.4
1752552000000,2025-07-15 06:00:00,0.7067,0.7338,0.6934,0.707,35138494.6
1752566400000,2025-07-15 10:00:00,0.707,0.7245,0.6934,0.7027,26641444.7
1752580800000,2025-07-15 14:00:00,0.7027,0.7445,0.698,0.716,49963894.7
1752595200000,2025-07-15 18:00:00,0.716,0.7552,0.7014,0.7092,48390074.4
1752609600000,2025-07-15 22:00:00,0.7092,0.7666,0.7076,0.7578,26009308.1
1752624000000,2025-07-16 02:00:00,0.7578,0.8021,0.747,0.7636,43522827.7
1752638400000,2025-07-16 06:00:00,0.7636,0.7953,0.761,0.7913,21198879.2
1752652800000,2025-07-16 10:00:00,0.7913,0.7983,0.7721,0.7809,16139345.0
1752667200000,2025-07-16 14:00:00,0.7809,0.8427,0.7777,0.8146,38214768.0
1752681600000,2025-07-16 18:00:00,0.8146,0.8396,0.8041,0.8193,24609082.9
1752696000000,2025-07-16 22:00:00,0.8193,0.9509,0.8178,0.9233,72090550.7
1752710400000,2025-07-17 02:00:00,0.9233,0.97,0.9057,0.9155,52893416.8
1752724800000,2025-07-17 06:00:00,0.9155,1.0243,0.9036,0.9881,57167808.2
1752739200000,2025-07-17 10:00:00,0.9881,1.0207,0.9566,0.9735,55571688.5
1752753600000,2025-07-17 14:00:00,0.9735,1.0112,0.9635,0.9676,38843814.9
1752768000000,2025-07-17 18:00:00,0.9676,0.9883,0.9155,0.9533,49310595.0
1752782400000,2025-07-17 22:00:00,0.9533,1.0484,0.9412,1.0052,51933753.2
1752796800000,2025-07-18 02:00:00,1.0052,1.0725,0.9878,1.0501,42477324.8
1752811200000,2025-07-18 06:00:00,1.0501,1.0825,1.0059,1.0344,44380939.1
1752825600000,2025-07-18 10:00:00,1.0344,1.07,0.9891,0.9979,38333587.6
1752840000000,2025-07-18 14:00:00,0.9979,1.0164,0.9486,0.9544,32394502.6
1752854400000,2025-07-18 18:00:00,0.9544,0.9649,0.9121,0.9294,36638847.4
1752868800000,2025-07-18 22:00:00,0.9294,0.9899,0.9125,0.9831,26229728.9
1752883200000,2025-07-19 02:00:00,0.9831,1.0056,0.9701,0.9772,17096910.5
1752897600000,2025-07-19 06:00:00,0.9772,0.9948,0.9704,0.9756,8036586.5
1752912000000,2025-07-19 10:00:00,0.9756,0.9806,0.9365,0.949,16937701.4
1752926400000,2025-07-19 14:00:00,0.949,0.9684,0.9187,0.9597,17077477.5
1752940800000,2025-07-19 18:00:00,0.9597,0.9969,0.9535,0.9699,19426009.0
1752955200000,2025-07-19 22:00:00,0.9699,1.0014,0.9595,0.9798,16769369.5
1752969600000,2025-07-20 02:00:00,0.9798,1.0165,0.9678,1.011,20103245.1
1752984000000,2025-07-20 06:00:00,1.011,1.0294,0.9673,0.9796,15187333.3
1752998400000,2025-07-20 10:00:00,0.9796,1.0313,0.9783,1.0152,26318825.8
1753012800000,2025-07-20 14:00:00,1.0152,1.0219,0.9741,1.0149,20059171.7
1753027200000,2025-07-20 18:00:00,1.0149,1.032,0.9747,0.9814,26709594.7
1753041600000,2025-07-20 22:00:00,0.9814,0.9825,0.9524,0.9665,19637722.9
1753056000000,2025-07-21 02:00:00,0.9665,0.988,0.9507,0.9816,13217318.6
1753070400000,2025-07-21 06:00:00,0.9816,1.0083,0.9763,0.9835,13992417.9
1753084800000,2025-07-21 10:00:00,0.9835,0.9897,0.9693,0.9735,10463958.0
1753099200000,2025-07-21 14:00:00,0.9735,1.0056,0.9616,0.9928,19578048.2
1753113600000,2025-07-21 18:00:00,0.9928,0.9993,0.942,0.9459,19069179.0
1753128000000,2025-07-21 22:00:00,0.9459,0.9615,0.9406,0.9561,12058365.9
1753142400000,2025-07-22 02:00:00,0.9561,0.9954,0.9341,0.9758,22610079.9
1753156800000,2025-07-22 06:00:00,0.9758,0.9781,0.9215,0.9393,23495956.8
1753171200000,2025-07-22 10:00:00,0.9393,0.9611,0.9168,0.9308,24975149.6
1753185600000,2025-07-22 14:00:00,0.9308,0.9433,0.9074,0.9317,24424473.8
1753200000000,2025-07-22 18:00:00,0.9317,0.9639,0.91,0.9483,24956471.9
1753214400000,2025-07-22 22:00:00,0.9483,0.9985,0.9422,0.9953,24808418.3
1753228800000,2025-07-23 02:00:00,0.9953,1.016,0.9736,0.9957,23892769.4
1753243200000,2025-07-23 06:00:00,0.9957,1.0507,0.9817,1.007,30294570.9
1753257600000,2025-07-23 10:00:00,1.007,1.013,0.9508,0.9609,30334342.1
1753272000000,2025-07-23 14:00:00,0.9609,0.9713,0.918,0.9706,30768642.2
1753286400000,2025-07-23 18:00:00,0.9706,0.9706,0.915,0.9298,24131533.4
1753300800000,2025-07-23 22:00:00,0.9298,0.9732,0.903,0.9392,28372482.3
1753315200000,2025-07-24 02:00:00,0.9392,0.9765,0.9296,0.9615,15304569.3
1753329600000,2025-07-24 06:00:00,0.9615,0.9712,0.9055,0.9666,33600548.8
1753344000000,2025-07-24 10:00:00,0.9666,1.0224,0.9572,1.0032,35984410.8
1753358400000,2025-07-24 14:00:00,1.0032,1.0353,0.9726,1.0099,37767571.1
1753372800000,2025-07-24 18:00:00,1.0099,1.0114,0.9672,0.9829,27105233.3
1753387200000,2025-07-24 22:00:00,0.9829,1.0014,0.945,0.9485,18692836.9
1753401600000,2025-07-25 02:00:00,0.9485,0.9918,0.9348,0.9791,36302457.2
1753416000000,2025-07-25 06:00:00,0.9791,1.0333,0.9676,1.0206,41605645.1
1753430400000,2025-07-25 10:00:00,1.0206,1.0936,1.0069,1.0628,52459618.6
1753444800000,2025-07-25 14:00:00,1.0628,1.0855,1.0066,1.0179,44533817.3
1753459200000,2025-07-25 18:00:00,1.0179,1.0195,0.972,0.9849,38788586.6
1753473600000,2025-07-25 22:00:00,0.9849,1.0556,0.982,1.0333,25923928.6
1753488000000,2025-07-26 02:00:00,1.0333,1.08,1.0107,1.0255,31626629.6
1753502400000,2025-07-26 06:00:00,1.0255,1.082,1.0214,1.0567,26854062.0
1753516800000,2025-07-26 10:00:00,1.0567,1.0656,1.0456,1.0554,14745871.5
1753531200000,2025-07-26 14:00:00,1.0554,1.0843,1.0283,1.044,27186285.5
1753545600000,2025-07-26 18:00:00,1.044,1.0844,1.0327,1.0792,22958531.4
1753560000000,2025-07-26 22:00:00,1.0792,1.1403,1.0725,1.0988,33585329.6
1753574400000,2025-07-27 02:00:00,1.0988,1.1367,1.078,1.1122,25877303.4
1753588800000,2025-07-27 06:00:00,1.1122,1.1639,1.0783,1.0884,37484651.2
1753603200000,2025-07-27 10:00:00,1.0884,1.094,1.0508,1.0547,30195136.5
1753617600000,2025-07-27 14:00:00,1.0547,1.0736,1.0383,1.0473,21779129.0
1753632000000,2025-07-27 18:00:00,1.0473,1.076,1.0344,1.0539,26616556.4
1753646400000,2025-07-27 22:00:00,1.0539,1.0764,1.0141,1.0244,28800252.1
1753660800000,2025-07-28 02:00:00,1.0244,1.0371,1.0001,1.0178,28144453.2
1753675200000,2025-07-28 06:00:00,1.0178,1.0373,1.0029,1.0192,20294665.7
1753689600000,2025-07-28 10:00:00,1.0192,1.0344,1.0058,1.0165,15255681.4
1753704000000,2025-07-28 14:00:00,1.0165,1.0167,0.9825,0.9893,24641003.3
1753718400000,2025-07-28 18:00:00,0.9893,1.0132,0.9645,1.0026,23353651.4
1753732800000,2025-07-28 22:00:00,1.0026,1.0301,0.9942,1.01,22103647.1
1753747200000,2025-07-29 02:00:00,1.01,1.0247,0.9776,0.9886,18319999.8
1753761600000,2025-07-29 06:00:00,0.9886,1.0313,0.9808,1.0305,14195096.5
1753776000000,2025-07-29 10:00:00,1.0305,1.0454,1.0027,1.0078,23224110.2
1753790400000,2025-07-29 14:00:00,1.0078,1.0254,0.9545,0.9737,27775450.8
1753804800000,2025-07-29 18:00:00,0.9737,0.9958,0.9539,0.9769,19314708.8
1753819200000,2025-07-29 22:00:00,0.9769,0.9919,0.9665,0.9872,12568385.0
1753833600000,2025-07-30 02:00:00,0.9872,1.0044,0.955,0.9923,16004213.7
1753848000000,2025-07-30 06:00:00,0.9923,1.0109,0.981,0.9871,10092000.8
1753862400000,2025-07-30 10:00:00,0.9871,0.9914,0.9461,0.9556,18512623.1
1753876800000,2025-07-30 14:00:00,0.9556,1.0226,0.951,1.0167,26183764.9
1753891200000,2025-07-30 18:00:00,1.0167,1.0381,0.9801,1.0282,28367420.3
1753905600000,2025-07-30 22:00:00,1.0282,1.0616,1.0113,1.028,22956535.9
1753920000000,2025-07-31 02:00:00,1.028,1.0578,1.0162,1.0428,10773024.5
1753934400000,2025-07-31 06:00:00,1.0428,1.0565,1.0158,1.0499,11893789.3
1753948800000,2025-07-31 10:00:00,1.0499,1.053,1.0208,1.0303,9157681.3
1753963200000,2025-07-31 14:00:00,1.0303,1.0359,0.9856,0.9992,16261107.0
1753977600000,2025-07-31 18:00:00,0.9992,1.0207,0.9656,0.9685,16762762.3
1753992000000,2025-07-31 22:00:00,0.9685,0.9713,0.9302,0.9363,17876173.5
1754006400000,2025-08-01 02:00:00,0.9363,0.961,0.932,0.9456,13225448.3
1754020800000,2025-08-01 06:00:00,0.9456,0.9537,0.9138,0.925,11789300.2
1754035200000,2025-08-01 10:00:00,0.925,0.9302,0.9102,0.9298,9603105.0
1754049600000,2025-08-01 14:00:00,0.9298,0.9354,0.8808,0.903,26025759.4
1754064000000,2025-08-01 18:00:00,0.903,0.9151,0.8779,0.8985,16130857.0
1754078400000,2025-08-01 22:00:00,0.8985,0.9031,0.8587,0.8787,16322778.6
1754092800000,2025-08-02 02:00:00,0.8787,0.9205,0.8708,0.9167,10782287.1
1754107200000,2025-08-02 06:00:00,0.9167,0.9271,0.8827,0.9077,11100128.5
1754121600000,2025-08-02 10:00:00,0.9077,0.9084,0.8759,0.8829,7005101.5
1754136000000,2025-08-02 14:00:00,0.8829,0.8944,0.8714,0.8726,7234964.2
1754150400000,2025-08-02 18:00:00,0.8726,0.8824,0.8485,0.8586,12252139.2
1754164800000,2025-08-02 22:00:00,0.8586,0.8715,0.8522,0.862,6134501.3
1754179200000,2025-08-03 02:00:00,0.862,0.9024,0.8471,0.8953,9331839.9
1754193600000,2025-08-03 06:00:00,0.8953,0.899,0.8823,0.8939,5069534.9
1754208000000,2025-08-03 10:00:00,0.8939,0.9268,0.893,0.9165,11663065.1
1754222400000,2025-08-03 14:00:00,0.9165,0.9203,0.8994,0.9066,9679258.2
1754236800000,2025-08-03 18:00:00,0.9066,0.9257,0.9015,0.9122,7467338.2
1754251200000,2025-08-03 22:00:00,0.9122,0.9183,0.9031,0.9085,5662223.5
1754265600000,2025-08-04 02:00:00,0.9085,0.9344,0.9068,0.9226,6992698.0
1754280000000,2025-08-04 06:00:00,0.9226,0.9296,0.9024,0.9104,5880199.3
1754294400000,2025-08-04 10:00:00,0.9104,0.9261,0.9001,0.9016,10956982.6
1754308800000,2025-08-04 14:00:00,0.9016,0.9428,0.886,0.9072,30704930.5
1754323200000,2025-08-04 18:00:00,0.9072,0.954,0.9031,0.9111,34425692.5
1754337600000,2025-08-04 22:00:00,0.9111,0.9494,0.9076,0.9345,14692211.6
1754352000000,2025-08-05 02:00:00,0.9345,0.9351,0.8879,0.8915,17674674.6
1754366400000,2025-08-05 06:00:00,0.8915,0.9191,0.8835,0.9106,20468761.4
1754380800000,2025-08-05 10:00:00,0.9106,0.9393,0.8972,0.9026,31268598.6
1754395200000,2025-08-05 14:00:00,0.9026,0.917,0.8861,0.8968,29115744.1
1754409600000,2025-08-05 18:00:00,0.8968,0.9021,0.8776,0.8867,12823518.8
1754424000000,2025-08-05 22:00:00,0.8867,0.9124,0.8708,0.9036,16789002.9
1754438400000,2025-08-06 02:00:00,0.9036,0.9059,0.8837,0.8844,10736795.1
1754452800000,2025-08-06 06:00:00,0.8844,0.9152,0.8801,0.9027,13886583.1
1754467200000,2025-08-06 10:00:00,0.9027,0.9122,0.8925,0.904,10227404.6
1754481600000,2025-08-06 14:00:00,0.904,0.9251,0.8856,0.9219,21496335.9
1754496000000,2025-08-06 18:00:00,0.9219,0.9344,0.9075,0.9242,13488412.2
1754510400000,2025-08-06 22:00:00,0.9242,0.9308,0.9114,0.9179,6596582.5
1754524800000,2025-08-07 02:00:00,0.9179,0.931,0.9125,0.925,9279175.2
1754539200000,2025-08-07 06:00:00,0.925,0.9294,0.9103,0.9149,10151426.2
1754553600000,2025-08-07 10:00:00,0.9149,0.9571,0.9145,0.933,19707704.2
1754568000000,2025-08-07 14:00:00,0.933,0.9404,0.9126,0.9191,17767908.7
1754582400000,2025-08-07 18:00:00,0.9191,0.9203,0.8816,0.9156,29990780.1
1754596800000,2025-08-07 22:00:00,0.9156,0.9492,0.9126,0.9477,21974756.0
1754611200000,2025-08-08 02:00:00,0.9477,0.9714,0.9331,0.9585,28322262.9
1754625600000,2025-08-08 06:00:00,0.9585,0.9597,0.9255,0.9393,13030626.3
1754640000000,2025-08-08 10:00:00,0.9393,0.9478,0.9072,0.9224,17413447.1
1754654400000,2025-08-08 14:00:00,0.9224,0.9559,0.9037,0.9329,27549438.6
1754668800000,2025-08-08 18:00:00,0.9329,0.9649,0.9302,0.9594,17773835.4
1754683200000,2025-08-08 22:00:00,0.9594,0.9627,0.9501,0.951,11587848.0
1754697600000,2025-08-09 02:00:00,0.951,0.9588,0.9404,0.9444,8217493.2
1754712000000,2025-08-09 06:00:00,0.9444,0.9834,0.9426,0.9658,20488169.2
1754726400000,2025-08-09 10:00:00,0.9658,1.0056,0.9642,0.9975,24666259.2
1754740800000,2025-08-09 14:00:00,0.9975,1.005,0.9841,0.9904,15284636.8
1754755200000,2025-08-09 18:00:00,0.9904,1.0081,0.9892,1.0024,8790775.5
1754769600000,2025-08-09 22:00:00,1.0024,1.015,0.9811,0.9869,14696388.8
1754784000000,2025-08-10 02:00:00,0.9869,1.0026,0.9676,0.9869,12906311.3
1754798400000,2025-08-10 06:00:00,0.9869,1.0074,0.9588,0.9608,15441510.0
1754812800000,2025-08-10 10:00:00,0.9608,0.987,0.9433,0.9571,16629662.9
1754827200000,2025-08-10 14:00:00,0.9571,0.9862,0.9541,0.9816,13334114.1
1754841600000,2025-08-10 18:00:00,0.9816,0.9833,0.9709,0.975,8944842.4
1754856000000,2025-08-10 22:00:00,0.975,0.9766,0.9568,0.9737,10139299.5
1754870400000,2025-08-11 02:00:00,0.9737,1.0167,0.9674,1.0115,16185325.7
1754884800000,2025-08-11 06:00:00,1.0115,1.0289,1.0032,1.0129,13347911.9
1754899200000,2025-08-11 10:00:00,1.0129,1.0138,0.9447,0.9483,30055587.2
1754913600000,2025-08-11 14:00:00,0.9483,0.9783,0.9414,0.9707,19715536.6
1754928000000,2025-08-11 18:00:00,0.9707,0.9887,0.9346,0.9438,17393783.8
1754942400000,2025-08-11 22:00:00,0.9438,0.9466,0.9087,0.9177,16651113.8
1754956800000,2025-08-12 02:00:00,0.9177,0.9385,0.9155,0.9199,9548014.5
1754971200000,2025-08-12 06:00:00,0.9199,0.928,0.9125,0.9215,7488928.9
1754985600000,2025-08-12 10:00:00,0.9215,0.9323,0.8933,0.9123,13051400.4
1755000000000,2025-08-12 14:00:00,0.9123,0.9833,0.9067,0.9817,30590579.0
1755014400000,2025-08-12 18:00:00,0.9817,0.9942,0.9674,0.9859,17401109.0
1755028800000,2025-08-12 22:00:00,0.9859,0.9982,0.9689,0.9794,14052773.0
1755043200000,2025-08-13 02:00:00,0.9794,1.0249,0.9641,1.0149,22347807.2
1755057600000,2025-08-13 06:00:00,1.0149,1.0444,0.9965,1.0413,24193880.6
1755072000000,2025-08-13 10:00:00,1.0413,1.0633,1.0394,1.0485,19058197.8
1755086400000,2025-08-13 14:00:00,1.0485,1.0525,1.0161,1.0241,25153424.2
1755100800000,2025-08-13 18:00:00,1.0241,1.0467,1.0212,1.0367,14540591.0
1755115200000,2025-08-13 22:00:00,1.0367,1.0591,1.0317,1.0396,15005128.9
1755129600000,2025-08-14 02:00:00,1.0396,1.0509,1.0266,1.0448,16955940.4
1755144000000,2025-08-14 06:00:00,1.0448,1.0496,1.0031,1.0093,17599240.8
1755158400000,2025-08-14 10:00:00,1.0093,1.0095,0.9794,0.9832,22987273.4
1755172800000,2025-08-14 14:00:00,0.9832,0.9903,0.9222,0.9393,58012974.1
1755187200000,2025-08-14 18:00:00,0.9393,0.9401,0.9074,0.9251,19056749.8
1755201600000,2025-08-14 22:00:00,0.9251,0.9257,0.8999,0.9119,15359544.2
1755216000000,2025-08-15 02:00:00,0.9119,0.9306,0.9102,0.9226,8499972.2
1755230400000,2025-08-15 06:00:00,0.9226,0.9272,0.91,0.9206,10277828.0
1755244800000,2025-08-15 10:00:00,0.9206,0.9281,0.9119,0.9125,8415824.5
1755259200000,2025-08-15 14:00:00,0.9125,0.926,0.8578,0.8691,35008379.3
1755273600000,2025-08-15 18:00:00,0.8691,0.8789,0.8525,0.857,17040614.2
1755288000000,2025-08-15 22:00:00,0.857,0.8765,0.8534,0.8676,11172228.2
1755302400000,2025-08-16 02:00:00,0.8676,0.88,0.8665,0.8707,6360701.4
1755316800000,2025-08-16 06:00:00,0.8707,0.8743,0.8629,0.8641,6709137.8
1755331200000,2025-08-16 10:00:00,0.8641,0.8654,0.8475,0.8573,12641768.0
1755345600000,2025-08-16 14:00:00,0.8573,0.8729,0.8516,0.8645,8349628.6
1755360000000,2025-08-16 18:00:00,0.8645,0.8725,0.86,0.8664,5756037.9
1755374400000,2025-08-16 22:00:00,0.8664,0.8721,0.8618,0.8657,4887538.4
1755388800000,2025-08-17 02:00:00,0.8657,0.87,0.8582,0.8667,4674482.2
1755403200000,2025-08-17 06:00:00,0.8667,0.8767,0.8605,0.8679,10928902.9
1755417600000,2025-08-17 10:00:00,0.8679,0.8897,0.8652,0.8873,13078668.2
1755432000000,2025-08-17 14:00:00,0.8873,0.8999,0.8726,0.8998,14023939.3
1755446400000,2025-08-17 18:00:00,0.8998,0.9084,0.8662,0.8741,16893630.5
1755460800000,2025-08-17 22:00:00,0.8741,0.8947,0.8711,0.878,12233383.7
1755475200000,2025-08-18 02:00:00,0.878,0.8805,0.8341,0.8483,23309645.1
1755489600000,2025-08-18 06:00:00,0.8483,0.8759,0.8437,0.8622,20182967.9
1755504000000,2025-08-18 10:00:00,0.8622,0.8813,0.8553,0.862,22464440.3
1755518400000,2025-08-18 14:00:00,0.862,0.8771,0.8476,0.8734,29446315.8
1755532800000,2025-08-18 18:00:00,0.8734,0.8936,0.8637,0.8809,27688150.6
1755547200000,2025-08-18 22:00:00,0.8809,0.9003,0.867,0.8717,23138203.9
1755561600000,2025-08-19 02:00:00,0.8717,0.885,0.8443,0.8463,27678005.3
1755576000000,2025-08-19 06:00:00,0.8463,0.8646,0.8375,0.8493,23823890.1
1755590400000,2025-08-19 10:00:00,0.8493,0.8778,0.8423,0.8732,18680349.2
1755604800000,2025-08-19 14:00:00,0.8732,0.8859,0.8429,0.8602,28683130.2
1755619200000,2025-08-19 18:00:00,0.8602,0.8671,0.8216,0.8313,26702670.8
1755633600000,2025-08-19 22:00:00,0.8313,0.8391,0.8175,0.8203,13901057.7
1755648000000,2025-08-20 02:00:00,0.8203,0.8455,0.8187,0.839,20694117.7
1755662400000,2025-08-20 06:00:00,0.839,0.8574,0.8387,0.8465,16758471.6
1755676800000,2025-08-20 10:00:00,0.8465,0.8603,0.8407,0.8518,18180141.0
1755691200000,2025-08-20 14:00:00,0.8518,0.8873,0.8334,0.8695,29694191.7
1755705600000,2025-08-20 18:00:00,0.8695,0.8952,0.8661,0.884,23102085.4
1755720000000,2025-08-20 22:00:00,0.884,0.8856,0.8752,0.8819,7541060.7
1755734400000,2025-08-21 02:00:00,0.8819,0.8856,0.8693,0.87,8738823.6
1755748800000,2025-08-21 06:00:00,0.87,0.882,0.8685,0.8786,8119041.8
1755763200000,2025-08-21 10:00:00,0.8786,0.8797,0.8559,0.8609,11144411.1
1755777600000,2025-08-21 14:00:00,0.8609,0.8704,0.849,0.8522,14007248.5
1755792000000,2025-08-21 18:00:00,0.8522,0.8656,0.8497,0.8536,11599525.6
1755806400000,2025-08-21 22:00:00,0.8536,0.8703,0.8532,0.8586,6940446.1
1755820800000,2025-08-22 02:00:00,0.8586,0.8746,0.8533,0.8674,8189292.2
1755835200000,2025-08-22 06:00:00,0.8674,0.8746,0.8595,0.8678,7942427.2
1755849600000,2025-08-22 10:00:00,0.8678,0.8744,0.8403,0.841,13051755.1
1755864000000,2025-08-22 14:00:00,0.841,0.9184,0.8237,0.902,61674211.8
1755878400000,2025-08-22 18:00:00,0.902,0.9309,0.9018,0.9273,26098834.3
1755892800000,2025-08-22 22:00:00,0.9273,0.9432,0.9244,0.937,12957326.6
1755907200000,2025-08-23 02:00:00,0.937,0.9389,0.896,0.9024,14868583.7
1755921600000,2025-08-23 06:00:00,0.9024,0.9249,0.8995,0.9005,16852539.1
1755936000000,2025-08-23 10:00:00,0.9005,0.9032,0.8864,0.8893,9906018.2
1755950400000,2025-08-23 14:00:00,0.8893,0.8964,0.8807,0.8928,15952966.7
1755964800000,2025-08-23 18:00:00,0.8928,0.9111,0.8868,0.9101,13446592.3
1755979200000,2025-08-23 22:00:00,0.9101,0.9108,0.8988,0.9018,5431213.5
1755993600000,2025-08-24 02:00:00,0.9018,0.9066,0.8824,0.8841,7525392.2
1756008000000,2025-08-24 06:00:00,0.8841,0.8906,0.8595,0.8866,21530299.0
1756022400000,2025-08-24 10:00:00,0.8866,0.8982,0.8754,0.8788,18799610.7
1756036800000,2025-08-24 14:00:00,0.8788,0.9008,0.8778,0.8875,13651936.9
1756051200000,2025-08-24 18:00:00,0.8875,0.941,0.8866,0.9076,52294458.3
1756065600000,2025-08-24 22:00:00,0.9076,0.9179,0.885,0.9127,28986334.7
1756080000000,2025-08-25 02:00:00,0.9127,0.9172,0.8902,0.8991,13882080.6
1756094400000,2025-08-25 06:00:00,0.8991,0.9029,0.8375,0.8441,27975195.6
1756108800000,2025-08-25 10:00:00,0.8441,0.8467,0.8221,0.8325,19052854.5
1756123200000,2025-08-25 14:00:00,0.8325,0.8493,0.8219,0.8415,19717165.2
1756137600000,2025-08-25 18:00:00,0.8415,0.8478,0.777,0.7787,32163706.6
1756152000000,2025-08-25 22:00:00,0.7787,0.7916,0.7603,0.7816,44942409.5
1756166400000,2025-08-26 02:00:00,0.7816,0.7864,0.7731,0.7756,13864703.2
1756180800000,2025-08-26 06:00:00,0.7756,0.7851,0.7689,0.7805,9752509.2
1756195200000,2025-08-26 10:00:00,0.7805,0.7883,0.7726,0.7747,9717219.1
1756209600000,2025-08-26 14:00:00,0.7747,0.7919,0.7664,0.7796,24486735.1
1756224000000,2025-08-26 18:00:00,0.7796,0.8065,0.7735,0.8031,12879774.5
1756238400000,2025-08-26 22:00:00,0.8031,0.8192,0.7986,0.8071,16852734.6
1756252800000,2025-08-27 02:00:00,0.8071,0.8164,0.8004,0.8119,8553717.9
1756267200000,2025-08-27 06:00:00,0.8119,0.826,0.8095,0.8179,9371427.5
1756281600000,2025-08-27 10:00:00,0.8179,0.8248,0.812,0.8176,7552354.1
1756296000000,2025-08-27 14:00:00,0.8176,0.8311,0.8064,0.8295,11905723.6
1756310400000,2025-08-27 18:00:00,0.8295,0.838,0.8157,0.82,12362379.9
1756324800000,2025-08-27 22:00:00,0.82,0.8316,0.8035,0.8083,15883841.6
1756339200000,2025-08-28 02:00:00,0.8083,0.8185,0.7978,0.8132,7221814.9
1756353600000,2025-08-28 06:00:00,0.8132,0.8249,0.8111,0.8197,8615653.8
1756368000000,2025-08-28 10:00:00,0.8197,0.827,0.806,0.8087,6986332.6
1756382400000,2025-08-28 14:00:00,0.8087,0.8169,0.8024,0.8046,10620942.5
1756396800000,2025-08-28 18:00:00,0.8046,0.8099,0.7882,0.7883,8728554.6
1756411200000,2025-08-28 22:00:00,0.7883,0.8114,0.7876,0.804,5528552.4
1756425600000,2025-08-29 02:00:00,0.804,0.8125,0.7844,0.7954,9350855.4
1756440000000,2025-08-29 06:00:00,0.7954,0.8002,0.7592,0.764,14148247.9
1756454400000,2025-08-29 10:00:00,0.764,0.7675,0.7482,0.7575,10552532.0
1756468800000,2025-08-29 14:00:00,0.7575,0.7785,0.7503,0.7662,21123667.4
1756483200000,2025-08-29 18:00:00,0.7662,0.7723,0.7468,0.7547,10079062.6
1756497600000,2025-08-29 22:00:00,0.7547,0.7681,0.7477,0.7629,5634594.2
1756512000000,2025-08-30 02:00:00,0.7629,0.7778,0.7514,0.7735,7365728.9
1756526400000,2025-08-30 06:00:00,0.7735,0.7807,0.767,0.7807,4425676.9
1756540800000,2025-08-30 10:00:00,0.7807,0.7826,0.7752,0.7801,3901490.6
1756555200000,2025-08-30 14:00:00,0.7801,0.7825,0.765,0.7783,5798407.9
1756569600000,2025-08-30 18:00:00,0.7783,0.7788,0.7671,0.7728,2822310.0
1756584000000,2025-08-30 22:00:00,0.7728,0.78,0.7704,0.7779,2412150.0
1756598400000,2025-08-31 02:00:00,0.7779,0.7953,0.7768,0.7943,7305577.7
1756612800000,2025-08-31 06:00:00,0.7943,0.795,0.7807,0.7815,4830649.3
1756627200000,2025-08-31 10:00:00,0.7815,0.7881,0.7727,0.7793,5096211.4
1756641600000,2025-08-31 14:00:00,0.7793,0.7797,0.765,0.7784,6890058.0
1756656000000,2025-08-31 18:00:00,0.7784,0.7853,0.7713,0.7755,6934859.5
1756670400000,2025-08-31 22:00:00,0.7755,0.782,0.7562,0.7566,8212872.5
1756684800000,2025-09-01 02:00:00,0.7566,0.7639,0.741,0.7491,12494537.6
1756699200000,2025-09-01 06:00:00,0.7491,0.775,0.7423,0.7748,9634811.5
1756713600000,2025-09-01 10:00:00,0.7748,0.7826,0.7585,0.7594,14058706.7
1756728000000,2025-09-01 14:00:00,0.7594,0.7658,0.7474,0.7499,9121605.3
1756742400000,2025-09-01 18:00:00,0.7499,0.7547,0.7436,0.7528,8221113.9
1756756800000,2025-09-01 22:00:00,0.7528,0.753,0.7175,0.7436,26100814.2
1756771200000,2025-09-02 02:00:00,0.7436,0.7611,0.7396,0.7587,9113334.7
1756785600000,2025-09-02 06:00:00,0.7587,0.7692,0.7561,0.765,8101573.3
1756800000000,2025-09-02 10:00:00,0.765,0.7715,0.7612,0.7635,7072066.0
1756814400000,2025-09-02 14:00:00,0.7635,0.7767,0.7433,0.7489,22802466.8
1756828800000,2025-09-02 18:00:00,0.7489,0.7617,0.7463,0.7507,7863006.4
1756843200000,2025-09-02 22:00:00,0.7507,0.7709,0.7487,0.7661,8389102.3
1756857600000,2025-09-03 02:00:00,0.7661,0.7686,0.7553,0.7675,5613836.8
1756872000000,2025-09-03 06:00:00,0.7675,0.7683,0.7546,0.7613,4948880.2
1756886400000,2025-09-03 10:00:00,0.7613,0.7716,0.7564,0.7673,7126311.2
1756900800000,2025-09-03 14:00:00,0.7673,0.7901,0.7657,0.786,11087039.4
1756915200000,2025-09-03 18:00:00,0.786,0.7935,0.7811,0.793,6146340.1
1756929600000,2025-09-03 22:00:00,0.793,0.7961,0.7844,0.7889,6327788.2
1756944000000,2025-09-04 02:00:00,0.7889,0.7957,0.7725,0.7734,6781286.8
1756958400000,2025-09-04 06:00:00,0.7734,0.7774,0.7586,0.7641,7037646.3
1756972800000,2025-09-04 10:00:00,0.7641,0.7703,0.7581,0.7609,5520271.8
1756987200000,2025-09-04 14:00:00,0.7609,0.7669,0.7449,0.7474,11339653.5
1757001600000,2025-09-04 18:00:00,0.7474,0.7518,0.7384,0.7427,6231045.0
1757016000000,2025-09-04 22:00:00,0.7427,0.7662,0.741,0.7525,7998811.1
1757030400000,2025-09-05 02:00:00,0.7525,0.7572,0.7479,0.753,5901210.6
1757044800000,2025-09-05 06:00:00,0.753,0.7711,0.7457,0.7687,7369513.6
1757059200000,2025-09-05 10:00:00,0.7687,0.7696,0.7532,0.7624,7552132.2
1757073600000,2025-09-05 14:00:00,0.7624,0.7801,0.7371,0.7499,33141963.3
1757088000000,2025-09-05 18:00:00,0.7499,0.7631,0.745,0.7631,7171185.5
1757102400000,2025-09-05 22:00:00,0.7631,0.7697,0.7576,0.7598,7616238.0
1757116800000,2025-09-06 02:00:00,0.7598,0.7643,0.7579,0.76,3187635.9
1757131200000,2025-09-06 06:00:00,0.76,0.7601,0.7494,0.7551,3727677.6
1757145600000,2025-09-06 10:00:00,0.7551,0.7577,0.7476,0.7573,3351180.9
1757160000000,2025-09-06 14:00:00,0.7573,0.7875,0.7545,0.7551,12654606.4
1757174400000,2025-09-06 18:00:00,0.7551,0.7646,0.7537,0.7549,5415616.1
1757188800000,2025-09-06 22:00:00,0.7549,0.7641,0.7546,0.7593,3439828.5
1757203200000,2025-09-07 02:00:00,0.7593,0.7667,0.7591,0.7663,2931960.3
1757217600000,2025-09-07 06:00:00,0.7663,0.7771,0.7648,0.7725,6000066.8
1757232000000,2025-09-07 10:00:00,0.7725,0.7783,0.7683,0.7727,4045419.3
1757246400000,2025-09-07 14:00:00,0.7727,0.7761,0.7668,0.7676,3834526.6
1757260800000,2025-09-07 18:00:00,0.7676,0.769,0.7583,0.7641,4444018.4
1757275200000,2025-09-07 22:00:00,0.7641,0.7756,0.76,0.7686,9136498.4
1757289600000,2025-09-08 02:00:00,0.7686,0.7814,0.7577,0.7741,8494404.2
1757304000000,2025-09-08 06:00:00,0.7741,0.7753,0.7645,0.7698,4983314.6
1757318400000,2025-09-08 10:00:00,0.7698,0.7904,0.7694,0.7798,12355166.0
1757332800000,2025-09-08 14:00:00,0.7798,0.7985,0.7785,0.7961,11845008.5
1757347200000,2025-09-08 18:00:00,0.7961,0.7986,0.7809,0.7823,6826252.8
1757361600000,2025-09-08 22:00:00,0.7823,0.7927,0.778,0.7849,4579347.4
1757376000000,2025-09-09 02:00:00,0.7849,0.7965,0.7761,0.7915,6157326.3
1757390400000,2025-09-09 06:00:00,0.7915,0.8176,0.7856,0.8133,18106135.3
1757404800000,2025-09-09 10:00:00,0.8133,0.8175,0.7997,0.8037,10075446.1
1757419200000,2025-09-09 14:00:00,0.8037,0.8126,0.7739,0.778,24430659.1
1757433600000,2025-09-09 18:00:00,0.778,0.7853,0.7731,0.7808,6636240.8
1757448000000,2025-09-09 22:00:00,0.7808,0.7825,0.7674,0.7769,6252567.4
1757462400000,2025-09-10 02:00:00,0.7769,0.7885,0.7696,0.7854,8195408.8
1757476800000,2025-09-10 06:00:00,0.7854,0.7939,0.7755,0.7864,7267927.7
1757491200000,2025-09-10 10:00:00,0.7864,0.7942,0.7844,0.7884,8052271.8
1757505600000,2025-09-10 14:00:00,0.7884,0.8111,0.7859,0.7985,15349841.8
1757520000000,2025-09-10 18:00:00,0.7985,0.7997,0.769,0.771,9041143.8
1757534400000,2025-09-10 22:00:00,0.771,0.7843,0.7698,0.7811,4664875.8
1757548800000,2025-09-11 02:00:00,0.7811,0.8026,0.7801,0.8022,5487823.4
1757563200000,2025-09-11 06:00:00,0.8022,0.8037,0.7925,0.7998,5236038.2
1757577600000,2025-09-11 10:00:00,0.7998,0.8012,0.7898,0.7913,4350665.3
1757592000000,2025-09-11 14:00:00,0.7913,0.8061,0.779,0.7929,20298244.1
1757606400000,2025-09-11 18:00:00,0.7929,0.8168,0.7926,0.8144,9533067.7
1757620800000,2025-09-11 22:00:00,0.8144,0.8315,0.8081,0.8291,8849465.9
1757635200000,2025-09-12 02:00:00,0.8291,0.8409,0.8201,0.8249,11589607.6
1757649600000,2025-09-12 06:00:00,0.8249,0.8409,0.8212,0.8294,12947481.0
1757664000000,2025-09-12 10:00:00,0.8294,0.835,0.819,0.8244,8594358.8
1757678400000,2025-09-12 14:00:00,0.8244,0.8339,0.814,0.8183,11830362.9
1757692800000,2025-09-12 18:00:00,0.8183,0.8414,0.8174,0.8406,10439481.9
1757707200000,2025-09-12 22:00:00,0.8406,0.8427,0.8291,0.842,8696655.6
1757721600000,2025-09-13 02:00:00,0.842,0.8515,0.8391,0.8501,8478947.6
1757736000000,2025-09-13 06:00:00,0.8501,0.8501,0.8404,0.8412,6473927.9
1757750400000,2025-09-13 10:00:00,0.8412,0.8555,0.8409,0.8547,7170135.0
1757764800000,2025-09-13 14:00:00,0.8547,0.8608,0.8299,0.8374,15265277.8
1757779200000,2025-09-13 18:00:00,0.8374,0.8419,0.8181,0.8254,12442258.2
1757793600000,2025-09-13 22:00:00,0.8254,0.8346,0.825,0.83,4754588.4
1757808000000,2025-09-14 02:00:00,0.83,0.8314,0.8091,0.8122,8332823.1
1757822400000,2025-09-14 06:00:00,0.8122,0.8223,0.8075,0.814,5663381.2
1757836800000,2025-09-14 10:00:00,0.814,0.8182,0.8009,0.8027,7759448.5
1757851200000,2025-09-14 14:00:00,0.8027,0.8066,0.7851,0.7898,12000786.7
1757865600000,2025-09-14 18:00:00,0.7898,0.7995,0.7881,0.7918,4813631.6
1757880000000,2025-09-14 22:00:00,0.7918,0.8019,0.7879,0.7913,5988628.6
1757894400000,2025-09-15 02:00:00,0.7913,0.7981,0.7807,0.7964,9273331.6
1757908800000,2025-09-15 06:00:00,0.7964,0.8035,0.775,0.7787,15118990.3
1757923200000,2025-09-15 10:00:00,0.7787,0.7788,0.7513,0.7585,28538090.3
1757937600000,2025-09-15 14:00:00,0.7585,0.7657,0.7383,0.7446,24214082.7
1757952000000,2025-09-15 18:00:00,0.7446,0.7482,0.732,0.7457,14041581.1
1757966400000,2025-09-15 22:00:00,0.7457,0.7518,0.7439,0.7473,6552808.6
1757980800000,2025-09-16 02:00:00,0.7473,0.7476,0.7334,0.7341,7877984.7
1757995200000,2025-09-16 06:00:00,0.7341,0.7386,0.7248,0.7344,7798311.5
1758009600000,2025-09-16 10:00:00,0.7344,0.7423,0.7267,0.7296,7723241.1
1758024000000,2025-09-16 14:00:00,0.7296,0.7327,0.7142,0.7325,18483426.1
1758038400000,2025-09-16 18:00:00,0.7325,0.738,0.7229,0.7361,17169149.1
1758052800000,2025-09-16 22:00:00,0.7361,0.7377,0.7282,0.7295,6849229.9
1758067200000,2025-09-17 02:00:00,0.7295,0.7398,0.7249,0.729,8145373.3
1758081600000,2025-09-17 06:00:00,0.729,0.7365,0.7184,0.7339,10004603.1
1758096000000,2025-09-17 10:00:00,0.7339,0.7347,0.7172,0.724,8198052.6
1758110400000,2025-09-17 14:00:00,0.724,0.7474,0.7215,0.7283,18393271.3
1758124800000,2025-09-17 18:00:00,0.7283,0.7554,0.7224,0.7539,37100428.3
1758139200000,2025-09-17 22:00:00,0.7539,0.7896,0.7397,0.7817,19412452.1
1758153600000,2025-09-18 02:00:00,0.7817,0.7879,0.7645,0.785,14983425.6
1758168000000,2025-09-18 06:00:00,0.785,0.7852,0.7669,0.7694,9846975.4
1758182400000,2025-09-18 10:00:00,0.7694,0.8118,0.7669,0.8055,30867971.5
1758196800000,2025-09-18 14:00:00,0.8055,0.8063,0.7813,0.7951,24108459.0
1758211200000,2025-09-18 18:00:00,0.7951,0.828,0.7923,0.813,18736469.1
1758225600000,2025-09-18 22:00:00,0.813,0.825,0.8105,0.8175,8606707.0
1758240000000,2025-09-19 02:00:00,0.8175,0.829,0.8037,0.8054,11087567.4
1758254400000,2025-09-19 06:00:00,0.8054,0.8068,0.7895,0.7939,8967108.4
1758268800000,2025-09-19 10:00:00,0.7939,0.8017,0.7781,0.7819,9153067.7
1758283200000,2025-09-19 14:00:00,0.7819,0.7919,0.768,0.7739,15131904.3
1758297600000,2025-09-19 18:00:00,0.7739,0.7926,0.7733,0.7764,15613820.4
1758312000000,2025-09-19 22:00:00,0.7764,0.7958,0.7759,0.7819,6089181.2
1758326400000,2025-09-20 02:00:00,0.7819,0.7876,0.7706,0.7764,5122601.4
1758340800000,2025-09-20 06:00:00,0.7764,0.7849,0.7748,0.7837,4428480.0
1758355200000,2025-09-20 10:00:00,0.7837,0.7838,0.766,0.7728,3624455.6
1758369600000,2025-09-20 14:00:00,0.7728,0.7982,0.7703,0.7965,6089289.3
1758384000000,2025-09-20 18:00:00,0.7965,0.8039,0.7864,0.7901,6184960.2
1758398400000,2025-09-20 22:00:00,0.7901,0.812,0.7898,0.8008,5551121.6
1758412800000,2025-09-21 02:00:00,0.8008,0.8081,0.7971,0.8057,6453136.4
1758427200000,2025-09-21 06:00:00,0.8057,0.8123,0.795,0.8003,7797454.0
1758441600000,2025-09-21 10:00:00,0.8003,0.8022,0.7835,0.7889,6771385.9
1758456000000,2025-09-21 14:00:00,0.7889,0.8014,0.7885,0.7933,6296837.9
1758470400000,2025-09-21 18:00:00,0.7933,0.7976,0.7805,0.7929,6888088.7
1758484800000,2025-09-21 22:00:00,0.7929,0.7929,0.7779,0.7784,4159407.9
1758499200000,2025-09-22 02:00:00,0.7784,0.7821,0.7359,0.7423,32747134.8
1758513600000,2025-09-22 06:00:00,0.7423,0.7472,0.655,0.6947,60423557.5
1758528000000,2025-09-22 10:00:00,0.6947,0.6986,0.6822,0.6908,18995166.0
1758542400000,2025-09-22 14:00:00,0.6908,0.7038,0.6849,0.6859,14601782.6
1758556800000,2025-09-22 18:00:00,0.6859,0.6903,0.6754,0.6797,12910642.0
1758571200000,2025-09-22 22:00:00,0.6797,0.6989,0.679,0.6979,8985296.2
1758585600000,2025-09-23 02:00:00,0.6979,0.699,0.6738,0.6849,11219473.6
1758600000000,2025-09-23 06:00:00,0.6849,0.6944,0.6757,0.6915,14703824.9
1758614400000,2025-09-23 10:00:00,0.6915,0.6958,0.684,0.6862,10013601.6
1758628800000,2025-09-23 14:00:00,0.6862,0.6909,0.6733,0.6788,9553653.3
1758643200000,2025-09-23 18:00:00,0.6788,0.6892,0.6615,0.6646,13211803.1
1758657600000,2025-09-23 22:00:00,0.6646,0.6758,0.6634,0.6668,6395259.3
1758672000000,2025-09-24 02:00:00,0.6668,0.6744,0.6581,0.6609,9755086.7
1758686400000,2025-09-24 06:00:00,0.6609,0.6877,0.6481,0.6861,20585178.1
1758700800000,2025-09-24 10:00:00,0.6861,0.7011,0.6816,0.6974,8503358.1
1758715200000,2025-09-24 14:00:00,0.6974,0.7171,0.6922,0.7054,11919127.8
1758729600000,2025-09-24 18:00:00,0.7054,0.7123,0.7009,0.7039,7044506.8
1758744000000,2025-09-24 22:00:00,0.7039,0.7078,0.6936,0.6939,7150819.9
1758758400000,2025-09-25 02:00:00,0.6939,0.696,0.6749,0.6802,16467927.2
1758772800000,2025-09-25 06:00:00,0.6802,0.6844,0.6638,0.6671,15440094.7
1758787200000,2025-09-25 10:00:00,0.6671,0.6785,0.6632,0.6654,13861298.6
1758801600000,2025-09-25 14:00:00,0.6654,0.682,0.6518,0.6764,32433228.9
1758816000000,2025-09-25 18:00:00,0.6764,0.6779,0.63,0.6516,47506039.5
1758830400000,2025-09-25 22:00:00,0.6516,0.6529,0.6275,0.6351,17733285.8
1758844800000,2025-09-26 02:00:00,0.6351,0.6576,0.6348,0.6535,14886465.0
1758859200000,2025-09-26 06:00:00,0.6535,0.6547,0.6417,0.6503,12692903.7
1758873600000,2025-09-26 10:00:00,0.6503,0.6547,0.6372,0.6468,15719293.2
1758888000000,2025-09-26 14:00:00,0.6468,0.6638,0.6379,0.6572,25192024.2
1758902400000,2025-09-26 18:00:00,0.6572,0.6763,0.6563,0.6646,14191874.2
1758916800000,2025-09-26 22:00:00,0.6646,0.6697,0.6614,0.6629,7879177.5
1758931200000,2025-09-27 02:00:00,0.6629,0.6638,0.6578,0.6602,3887521.4
1758945600000,2025-09-27 06:00:00,0.6602,0.6646,0.6574,0.6599,2995949.1
1758960000000,2025-09-27 10:00:00,0.6599,0.6651,0.6537,0.6597,7256412.8
1758974400000,2025-09-27 14:00:00,0.6597,0.6722,0.6577,0.6719,6034616.8
1758988800000,2025-09-27 18:00:00,0.6719,0.6726,0.6596,0.6661,5134840.0
1759003200000,2025-09-27 22:00:00,0.6661,0.6762,0.6654,0.6682,5412492.2
1759017600000,2025-09-28 02:00:00,0.6682,0.6687,0.6567,0.66,4486527.0
1759032000000,2025-09-28 06:00:00,0.66,0.6608,0.6521,0.6576,5784235.9
1759046400000,2025-09-28 10:00:00,0.6576,0.6599,0.6498,0.6534,6170254.5
1759060800000,2025-09-28 14:00:00,0.6534,0.6693,0.6458,0.6666,10389680.5
1759075200000,2025-09-28 18:00:00,0.6666,0.6743,0.6664,0.6712,5365152.7
1759089600000,2025-09-28 22:00:00,0.6712,0.7062,0.6705,0.7043,17324690.5
1759104000000,2025-09-29 02:00:00,0.7043,0.7092,0.6924,0.6937,11194925.5
1759118400000,2025-09-29 06:00:00,0.6937,0.696,0.685,0.6908,7245215.5
1759132800000,2025-09-29 10:00:00,0.6908,0.6941,0.6791,0.6835,7250560.8
1759147200000,2025-09-29 14:00:00,0.6835,0.7038,0.6723,0.6859,17265103.4
1759161600000,2025-09-29 18:00:00,0.6859,0.6929,0.6756,0.6923,10726775.3
1759176000000,2025-09-29 22:00:00,0.6923,0.7012,0.6819,0.6827,9875039.5
1759190400000,2025-09-30 02:00:00,0.6827,0.6871,0.6738,0.6749,9870400.7
1759204800000,2025-09-30 06:00:00,0.6749,0.6803,0.6697,0.6711,8127564.7
1759219200000,2025-09-30 10:00:00,0.6711,0.6726,0.6636,0.6696,8004147.3
1759233600000,2025-09-30 14:00:00,0.6696,0.6718,0.6544,0.6608,16601890.4
1759248000000,2025-09-30 18:00:00,0.6608,0.6838,0.6582,0.6831,15324858.7
1759262400000,2025-09-30 22:00:00,0.6831,0.693,0.679,0.6885,12520331.9
1759276800000,2025-10-01 02:00:00,0.6885,0.6906,0.6796,0.6808,5923868.6
1759291200000,2025-10-01 06:00:00,0.6808,0.6962,0.6791,0.6906,6698528.2
1759305600000,2025-10-01 10:00:00,0.6906,0.7293,0.6904,0.7189,18880637.2
1759320000000,2025-10-01 14:00:00,0.7189,0.7263,0.7103,0.722,9632726.2
1759334400000,2025-10-01 18:00:00,0.722,0.7259,0.7139,0.7234,7049952.0
1759348800000,2025-10-01 22:00:00,0.7234,0.7338,0.7196,0.7333,7043757.7
1759363200000,2025-10-02 02:00:00,0.7333,0.7394,0.7283,0.7312,8687429.5
1759377600000,2025-10-02 06:00:00,0.7312,0.7417,0.7275,0.7338,5519928.2
1759392000000,2025-10-02 10:00:00,0.7338,0.7373,0.7301,0.7328,5040906.2
1759406400000,2025-10-02 14:00:00,0.7328,0.739,0.7175,0.7348,13976451.1
1759420800000,2025-10-02 18:00:00,0.7348,0.7628,0.7316,0.755,16255908.4
1759435200000,2025-10-02 22:00:00,0.755,0.7562,0.7368,0.7435,10629737.6
1759449600000,2025-10-03 02:00:00,0.7435,0.7518,0.7328,0.7387,12204399.3
1759464000000,2025-10-03 06:00:00,0.7387,0.7574,0.7381,0.751,13356483.7
1759478400000,2025-10-03 10:00:00,0.751,0.7612,0.7408,0.7533,12670742.6
1759492800000,2025-10-03 14:00:00,0.7533,0.7757,0.7399,0.7734,14273381.2
1759507200000,2025-10-03 18:00:00,0.7734,0.7996,0.7621,0.7778,30852287.1
1759521600000,2025-10-03 22:00:00,0.7778,0.7883,0.7705,0.7835,6047788.8
1759536000000,2025-10-04 02:00:00,0.7835,0.7865,0.7625,0.768,7307851.3
1759550400000,2025-10-04 06:00:00,0.768,0.7715,0.7634,0.7664,5109703.6
1759564800000,2025-10-04 10:00:00,0.7664,0.7809,0.7647,0.7704,15900460.6
1759579200000,2025-10-04 14:00:00,0.7704,0.7922,0.7659,0.768,17438315.1
1759593600000,2025-10-04 18:00:00,0.768,0.7781,0.7652,0.7775,8276703.5
1759608000000,2025-10-04 22:00:00,0.7775,0.7854,0.7738,0.7776,4564329.4
1759622400000,2025-10-05 02:00:00,0.7776,0.7917,0.768,0.7851,8912242.5
1759636800000,2025-10-05 06:00:00,0.7851,0.805,0.7813,0.8013,16533322.8
1759651200000,2025-10-05 10:00:00,0.8013,0.8043,0.7748,0.7826,14447809.4
1759665600000,2025-10-05 14:00:00,0.7826,0.7826,0.7701,0.7753,6776641.0
1759680000000,2025-10-05 18:00:00,0.7753,0.7821,0.7631,0.7646,9840730.2
1759694400000,2025-10-05 22:00:00,0.7646,0.7713,0.7577,0.7656,6403090.1
1759708800000,2025-10-06 02:00:00,0.7656,0.7818,0.7616,0.7764,8376492.3
1759723200000,2025-10-06 06:00:00,0.7764,0.7877,0.7732,0.7766,7384349.8
1759737600000,2025-10-06 10:00:00,0.7766,0.7853,0.7749,0.7791,5276016.7
1759752000000,2025-10-06 14:00:00,0.7791,0.7976,0.7779,0.7877,16294137.7
1759766400000,2025-10-06 18:00:00,0.7877,0.7997,0.7826,0.7949,9392880.0
1759780800000,2025-10-06 22:00:00,0.7949,0.7992,0.7751,0.7768,6763264.8
1759795200000,2025-10-07 02:00:00,0.7768,0.7802,0.767,0.7718,5560858.7
1759809600000,2025-10-07 06:00:00,0.7718,0.7779,0.7653,0.7699,8911228.4
1759824000000,2025-10-07 10:00:00,0.7699,0.7767,0.7584,0.775,8346575.5
1759838400000,2025-10-07 14:00:00,0.775,0.8064,0.7534,0.7576,37207565.8
1759852800000,2025-10-07 18:00:00,0.7576,0.7748,0.7446,0.7594,17417461.4
1759867200000,2025-10-07 22:00:00,0.7594,0.7733,0.7429,0.7453,9497422.7
1759881600000,2025-10-08 02:00:00,0.7453,0.7548,0.7264,0.728,13690376.6
1759896000000,2025-10-08 06:00:00,0.728,0.7335,0.7216,0.7289,9884393.9
1759910400000,2025-10-08 10:00:00,0.7289,0.7456,0.7266,0.7394,9586627.1
1759924800000,2025-10-08 14:00:00,0.7394,0.7611,0.7376,0.7445,14699916.1
1759939200000,2025-10-08 18:00:00,0.7445,0.7679,0.7421,0.7535,13115540.2
1759953600000,2025-10-08 22:00:00,0.7535,0.754,0.7404,0.7421,6115129.1
1759968000000,2025-10-09 02:00:00,0.7421,0.7431,0.7136,0.724,11687512.1
1759982400000,2025-10-09 06:00:00,0.724,0.7289,0.7131,0.7157,7256436.2
1759996800000,2025-10-09 10:00:00,0.7157,0.7223,0.7022,0.7202,12973473.9
1760011200000,2025-10-09 14:00:00,0.7202,0.7325,0.7138,0.7207,19940989.8
1760025600000,2025-10-09 18:00:00,0.7207,0.7343,0.7089,0.7299,16403441.9
1760040000000,2025-10-09 22:00:00,0.7299,0.7383,0.726,0.7303,5850888.7
1760054400000,2025-10-10 02:00:00,0.7303,0.7448,0.7268,0.7365,7287139.1
1760068800000,2025-10-10 06:00:00,0.7365,0.747,0.728,0.7337,6444084.4
1760083200000,2025-10-10 10:00:00,0.7337,0.7458,0.7292,0.7426,6881902.0
1760097600000,2025-10-10 14:00:00,0.7426,0.7578,0.6897,0.6983,44803231.8
1760112000000,2025-10-10 18:00:00,0.6983,0.7086,0.6807,0.6876,26402526.1
1760126400000,2025-10-10 22:00:00,0.6876,0.6936,0.1798,0.4978,233364278.5
1760140800000,2025-10-11 02:00:00,0.4978,0.5111,0.4662,0.4968,45884927.2
1760155200000,2025-10-11 06:00:00,0.4968,0.5192,0.4955,0.517,20168251.2
1760169600000,2025-10-11 10:00:00,0.517,0.5434,0.5142,0.5219,23539440.9
1760184000000,2025-10-11 14:00:00,0.5219,0.5243,0.4985,0.5134,20155952.1
1760198400000,2025-10-11 18:00:00,0.5134,0.5196,0.4778,0.483,16724715.6
1760212800000,2025-10-11 22:00:00,0.483,0.4853,0.4583,0.4844,26766887.7
1760227200000,2025-10-12 02:00:00,0.4844,0.4928,0.4731,0.4873,24510974.8
1760241600000,2025-10-12 06:00:00,0.4873,0.4988,0.4855,0.4905,13652007.0
1760256000000,2025-10-12 10:00:00,0.4905,0.4927,0.4803,0.4907,13935254.0
1760270400000,2025-10-12 14:00:00,0.4907,0.5472,0.485,0.5404,59569754.2
1760284800000,2025-10-12 18:00:00,0.5404,0.5933,0.5399,0.5755,59588231.8
1760299200000,2025-10-12 22:00:00,0.5755,0.5825,0.5561,0.5612,17965415.1
1760313600000,2025-10-13 02:00:00,0.5612,0.567,0.5513,0.5564,13966433.3
1760328000000,2025-10-13 06:00:00,0.5564,0.5743,0.553,0.566,15786277.5
1760342400000,2025-10-13 10:00:00,0.566,0.5755,0.5459,0.556,27421852.1
1760356800000,2025-10-13 14:00:00,0.556,0.5798,0.5514,0.5755,34592707.6
1760371200000,2025-10-13 18:00:00,0.5755,0.6381,0.5734,0.6326,48720703.5
1760385600000,2025-10-13 22:00:00,0.6326,0.6354,0.6217,0.6323,14857450.1
1760400000000,2025-10-14 02:00:00,0.6323,0.6358,0.5987,0.601,15759685.3
1760414400000,2025-10-14 06:00:00,0.601,0.6094,0.5548,0.5603,36962972.5
1760428800000,2025-10-14 10:00:00,0.5603,0.568,0.5452,0.5626,28941892.0
1760443200000,2025-10-14 14:00:00,0.5626,0.5953,0.5422,0.5953,42631446.0
1760457600000,2025-10-14 18:00:00,0.5953,0.6135,0.5811,0.5897,50750514.5
1760472000000,2025-10-14 22:00:00,0.5897,0.5947,0.5813,0.5918,16357085.2
1760486400000,2025-10-15 02:00:00,0.5918,0.5975,0.5841,0.5851,12941286.3
1760500800000,2025-10-15 06:00:00,0.5851,0.6202,0.5825,0.6159,19890268.6
1760515200000,2025-10-15 10:00:00,0.6159,0.6387,0.5885,0.5897,43675706.9
1760529600000,2025-10-15 14:00:00,0.5897,0.5932,0.5517,0.5566,59239677.5
1760544000000,2025-10-15 18:00:00,0.5566,0.5662,0.5488,0.556,23413571.2
1760558400000,2025-10-15 22:00:00,0.556,0.5598,0.5411,0.5528,23021462.3
1760572800000,2025-10-16 02:00:00,0.5528,0.5647,0.5485,0.5498,16736083.7
1760587200000,2025-10-16 06:00:00,0.5498,0.5634,0.5474,0.5555,16743071.7
1760601600000,2025-10-16 10:00:00,0.5555,0.581,0.5313,0.5716,39681200.0
1760616000000,2025-10-16 14:00:00,0.5716,0.5849,0.5542,0.5558,36973471.9
1760630400000,2025-10-16 18:00:00,0.5558,0.5727,0.5341,0.5408,44224550.2
1760644800000,2025-10-16 22:00:00,0.5408,0.5443,0.5274,0.5395,19742498.1
1760659200000,2025-10-17 02:00:00,0.5395,0.5468,0.5342,0.5407,12611741.8
1760673600000,2025-10-17 06:00:00,0.5407,0.5419,0.4992,0.5007,35568734.0
1760688000000,2025-10-17 10:00:00,0.5007,0.5261,0.4907,0.5224,41778833.1
1760702400000,2025-10-17 14:00:00,0.5224,0.5281,0.5062,0.5193,33470820.0
1760716800000,2025-10-17 18:00:00,0.5193,0.5288,0.5113,0.5172,21892675.3
1760731200000,2025-10-17 22:00:00,0.5172,0.5251,0.5086,0.5096,12090950.3
1760745600000,2025-10-18 02:00:00,0.5096,0.5247,0.5077,0.5178,8674321.4
1760760000000,2025-10-18 06:00:00,0.5178,0.5309,0.5132,0.5188,14368417.7
1760774400000,2025-10-18 10:00:00,0.5188,0.5354,0.5174,0.5335,10376646.0
1760788800000,2025-10-18 14:00:00,0.5335,0.5335,0.5178,0.5233,10486253.4
1760803200000,2025-10-18 18:00:00,0.5233,0.5313,0.5149,0.5263,7223757.5
1760817600000,2025-10-18 22:00:00,0.5263,0.5328,0.525,0.5272,6348437.5
1760832000000,2025-10-19 02:00:00,0.5272,0.5351,0.5204,0.5331,6904320.3
1760846400000,2025-10-19 06:00:00,0.5331,0.5335,0.5191,0.5235,6910842.4
1760860800000,2025-10-19 10:00:00,0.5235,0.5557,0.5153,0.5523,45238189.6
1760875200000,2025-10-19 14:00:00,0.5523,0.5682,0.5472,0.559,26575544.8
1760889600000,2025-10-19 18:00:00,0.559,0.5641,0.5519,0.5596,23281019.6
1760904000000,2025-10-19 22:00:00,0.5596,0.5614,0.551,0.553,12678766.7
1760918400000,2025-10-20 02:00:00,0.553,0.5649,0.5392,0.563,19610379.1
1760932800000,2025-10-20 06:00:00,0.563,0.5722,0.5567,0.5656,18187105.7
1760947200000,2025-10-20 10:00:00,0.5656,0.5755,0.5586,0.5641,16434779.1
1760961600000,2025-10-20 14:00:00,0.5641,0.5682,0.5577,0.5578,13956062.3
1760976000000,2025-10-20 18:00:00,0.5578,0.5596,0.5436,0.5551,19403997.5
1760990400000,2025-10-20 22:00:00,0.5551,0.5598,0.5495,0.5515,5773481.6
1761004800000,2025-10-21 02:00:00,0.5515,0.5517,0.539,0.5411,9580652.4
1761019200000,2025-10-21 06:00:00,0.5411,0.5417,0.5277,0.5354,18294936.0
1761033600000,2025-10-21 10:00:00,0.5354,0.5362,0.5273,0.5352,9565151.9
1761048000000,2025-10-21 14:00:00,0.5352,0.5838,0.5306,0.5785,36421431.8
1761062400000,2025-10-21 18:00:00,0.5785,0.5875,0.5628,0.5673,36224310.0
1761076800000,2025-10-21 22:00:00,0.5673,0.5683,0.528,0.5301,26862827.4
1761091200000,2025-10-22 02:00:00,0.5301,0.5354,0.523,0.532,15876118.0
1761105600000,2025-10-22 06:00:00,0.532,0.5363,0.5217,0.5281,13433845.9
1761120000000,2025-10-22 10:00:00,0.5281,0.5307,0.5097,0.526,26348086.0
1761134400000,2025-10-22 14:00:00,0.526,0.5401,0.5236,0.5326,51522792.3
1761148800000,2025-10-22 18:00:00,0.5326,0.535,0.5177,0.5237,32017019.3
1761163200000,2025-10-22 22:00:00,0.5237,0.5259,0.4989,0.522,32358453.3
1761177600000,2025-10-23 02:00:00,0.522,0.5238,0.5173,0.5183,10080290.8
1761192000000,2025-10-23 06:00:00,0.5183,0.533,0.5176,0.5241,15228094.8
1761206400000,2025-10-23 10:00:00,0.5241,0.5276,0.5165,0.518,11411358.9
1761220800000,2025-10-23 14:00:00,0.518,0.527,0.5129,0.5237,17977829.3
1761235200000,2025-10-23 18:00:00,0.5237,0.5361,0.5211,0.5272,20270421.9
1761249600000,2025-10-23 22:00:00,0.5272,0.5274,0.5172,0.5262,9016926.7
1761264000000,2025-10-24 02:00:00,0.5262,0.5326,0.5213,0.5239,9361787.8
1761278400000,2025-10-24 06:00:00,0.5239,0.5377,0.522,0.5323,13679450.8
1761292800000,2025-10-24 10:00:00,0.5323,0.5407,0.5291,0.5354,12343331.2
1761307200000,2025-10-24 14:00:00,0.5354,0.5505,0.5266,0.5287,22245250.1
1761321600000,2025-10-24 18:00:00,0.5287,0.5382,0.5235,0.5349,8945671.3
1761336000000,2025-10-24 22:00:00,0.5349,0.5414,0.534,0.5397,5108586.1
1761350400000,2025-10-25 02:00:00,0.5397,0.5414,0.5345,0.5346,3662272.4
1761364800000,2025-10-25 06:00:00,0.5346,0.5375,0.5274,0.5287,6364134.6
1761379200000,2025-10-25 10:00:00,0.5287,0.5318,0.5232,0.5265,5933984.2
1761393600000,2025-10-25 14:00:00,0.5265,0.532,0.5262,0.5294,6027619.2
1761408000000,2025-10-25 18:00:00,0.5294,0.5375,0.5286,0.5374,5626702.0
1761422400000,2025-10-25 22:00:00,0.5374,0.5384,0.5327,0.5352,3910357.0
1761436800000,2025-10-26 02:00:00,0.5352,0.5361,0.5246,0.5262,6119790.2
1761451200000,2025-10-26 06:00:00,0.5262,0.5357,0.5256,0.5339,4970917.6
1761465600000,2025-10-26 10:00:00,0.5339,0.559,0.5339,0.5581,17476833.4
1761480000000,2025-10-26 14:00:00,0.5581,0.5641,0.555,0.562,10784140.0
1761494400000,2025-10-26 18:00:00,0.562,0.5694,0.5595,0.5612,7642176.7
1761508800000,2025-10-26 22:00:00,0.5612,0.5862,0.5592,0.5786,17802217.9
1761523200000,2025-10-27 02:00:00,0.5786,0.5968,0.5771,0.5846,17121297.0
1761537600000,2025-10-27 06:00:00,0.5846,0.5916,0.578,0.5822,13260257.2
1761552000000,2025-10-27 10:00:00,0.5822,0.5848,0.5662,0.5713,15022399.9
1761566400000,2025-10-27 14:00:00,0.5713,0.5719,0.5534,0.5633,15866826.5
1761580800000,2025-10-27 18:00:00,0.5633,0.5801,0.5633,0.5674,14932263.1
1761595200000,2025-10-27 22:00:00,0.5674,0.5675,0.5506,0.5555,16004316.3
1761609600000,2025-10-28 02:00:00,0.5555,0.5609,0.5534,0.5563,13563941.2
1761624000000,2025-10-28 06:00:00,0.5563,0.571,0.5513,0.559,9970985.0
1761638400000,2025-10-28 10:00:00,0.559,0.5633,0.5565,0.5569,5199014.7
1761652800000,2025-10-28 14:00:00,0.5569,0.5684,0.5443,0.5567,24265710.6
1761667200000,2025-10-28 18:00:00,0.5567,0.5649,0.5392,0.5428,16931635.4
1761681600000,2025-10-28 22:00:00,0.5428,0.5432,0.5214,0.5289,25227972.4
1761696000000,2025-10-29 02:00:00,0.5289,0.5349,0.5273,0.5327,5385358.9
1761710400000,2025-10-29 06:00:00,0.5327,0.5366,0.5311,0.5333,4529716.6
1761724800000,2025-10-29 10:00:00,0.5333,0.5379,0.5287,0.5354,5985003.3
1761739200000,2025-10-29 14:00:00,0.5354,0.5366,0.5185,0.5236,12196902.1
1761753600000,2025-10-29 18:00:00,0.5236,0.5439,0.5109,0.5406,43469229.2
1761768000000,2025-10-29 22:00:00,0.5406,0.5614,0.5369,0.5396,22629011.5
1761782400000,2025-10-30 02:00:00,0.5396,0.5513,0.5341,0.5442,12341768.0
1761796800000,2025-10-30 06:00:00,0.5442,0.5443,0.5217,0.5373,24483581.6
1761811200000,2025-10-30 10:00:00,0.5373,0.5379,0.5213,0.5218,10954889.9
1761825600000,2025-10-30 14:00:00,0.5218,0.5229,0.4939,0.4955,29772547.1
1761840000000,2025-10-30 18:00:00,0.4955,0.5016,0.4734,0.4748,32082213.4
1761854400000,2025-10-30 22:00:00,0.4748,0.4935,0.4732,0.493,16722855.6
1761868800000,2025-10-31 02:00:00,0.493,0.5037,0.4876,0.4912,14969434.1
1761883200000,2025-10-31 06:00:00,0.4912,0.4977,0.4875,0.4891,12042609.1
1761897600000,2025-10-31 10:00:00,0.4891,0.4981,0.4857,0.4971,7924821.1
1761912000000,2025-10-31 14:00:00,0.4971,0.4991,0.4851,0.4905,21551073.9
1761926400000,2025-10-31 18:00:00,0.4905,0.4905,0.4668,0.4877,26050261.1
1761940800000,2025-10-31 22:00:00,0.4877,0.488,0.4775,0.4795,8173664.4
1761955200000,2025-11-01 02:00:00,0.4795,0.4857,0.4753,0.4836,7325378.0
1761969600000,2025-11-01 06:00:00,0.4836,0.4843,0.4733,0.4823,7089021.1
1761984000000,2025-11-01 10:00:00,0.4823,0.4844,0.4766,0.4823,6058119.8
1761998400000,2025-11-01 14:00:00,0.4823,0.4869,0.4748,0.4824,8796056.5
1762012800000,2025-11-01 18:00:00,0.4824,0.4865,0.4804,0.4846,7548888.9
1762027200000,2025-11-01 22:00:00,0.4846,0.4896,0.4736,0.4787,8135977.6
1762041600000,2025-11-02 02:00:00,0.4787,0.4813,0.4715,0.4764,6234082.4
1762056000000,2025-11-02 06:00:00,0.4764,0.4869,0.4753,0.4859,7815256.1
1762070400000,2025-11-02 10:00:00,0.4859,0.4867,0.4723,0.481,10970121.8
1762084800000,2025-11-02 14:00:00,0.481,0.4817,0.4587,0.462,17718508.4
1762099200000,2025-11-02 18:00:00,0.462,0.4699,0.4562,0.4651,11279219.3
1762113600000,2025-11-02 22:00:00,0.4651,0.4797,0.4625,0.4784,7314629.1
1762128000000,2025-11-03 02:00:00,0.4784,0.4798,0.4413,0.4432,20975681.4
1762142400000,2025-11-03 06:00:00,0.4432,0.4487,0.4345,0.4456,18096540.0
1762156800000,2025-11-03 10:00:00,0.4456,0.4501,0.4337,0.4402,14989415.2
1762171200000,2025-11-03 14:00:00,0.4402,0.4473,0.4043,0.4219,57206479.9
1762185600000,2025-11-03 18:00:00,0.4219,0.4405,0.4183,0.4272,27742980.0
1762200000000,2025-11-03 22:00:00,0.4272,0.4301,0.4161,0.4297,15528563.7
1762214400000,2025-11-04 02:00:00,0.4297,0.4383,0.4263,0.4326,19459429.5
1762228800000,2025-11-04 06:00:00,0.4326,0.4357,0.4088,0.4147,37590182.1
1762243200000,2025-11-04 10:00:00,0.4147,0.4265,0.4121,0.4205,20062498.6
1762257600000,2025-11-04 14:00:00,0.4205,0.4344,0.4128,0.4224,26579428.2
1762272000000,2025-11-04 18:00:00,0.4224,0.4264,0.3978,0.4093,58442381.3
1762286400000,2025-11-04 22:00:00,0.4093,0.4307,0.3872,0.4226,82649968.3
1762300800000,2025-11-05 02:00:00,0.4226,0.4259,0.4018,0.423,38256561.6
1762315200000,2025-11-05 06:00:00,0.423,0.4267,0.4191,0.4246,12210368.9
1762329600000,2025-11-05 10:00:00,0.4246,0.4255,0.4163,0.4248,15305168.7
1762344000000,2025-11-05 14:00:00,0.4248,0.4374,0.4224,0.433,23666931.0
1762358400000,2025-11-05 18:00:00,0.433,0.4405,0.4294,0.438,18889965.9
1762372800000,2025-11-05 22:00:00,0.438,0.4415,0.4331,0.4369,11269128.0
1762387200000,2025-11-06 02:00:00,0.4369,0.4386,0.43,0.4339,10679340.5
1762401600000,2025-11-06 06:00:00,0.4339,0.4369,0.4217,0.4221,9468705.2
1762416000000,2025-11-06 10:00:00,0.4221,0.4247,0.4187,0.4212,10705432.2
1762430400000,2025-11-06 14:00:00,0.4212,0.4277,0.4108,0.4141,24079812.4
1762444800000,2025-11-06 18:00:00,0.4141,0.4256,0.4038,0.4231,25579936.1
1762459200000,2025-11-06 22:00:00,0.4231,0.4262,0.4168,0.4208,11519003.9
1762473600000,2025-11-07 02:00:00,0.4208,0.4345,0.4204,0.432,15854359.9
1762488000000,2025-11-07 06:00:00,0.432,0.4452,0.4279,0.4448,12147870.1
1762502400000,2025-11-07 10:00:00,0.4448,0.4461,0.4235,0.43,19414983.0
1762516800000,2025-11-07 14:00:00,0.43,0.4571,0.423,0.4537,37563377.8
1762531200000,2025-11-07 18:00:00,0.4537,0.5044,0.4524,0.4936,49923844.2
1762545600000,2025-11-07 22:00:00,0.4936,0.4973,0.4846,0.4858,11672010.0
1762560000000,2025-11-08 02:00:00,0.4858,0.4929,0.4771,0.4797,14057727.0
1762574400000,2025-11-08 06:00:00,0.4797,0.4858,0.4683,0.4746,11595004.1
1762588800000,2025-11-08 10:00:00,0.4746,0.4862,0.471,0.4831,14176951.8
1762603200000,2025-11-08 14:00:00,0.4831,0.4854,0.4647,0.4671,11953626.8
1762617600000,2025-11-08 18:00:00,0.4671,0.4749,0.4635,0.4692,10176161.2
1762632000000,2025-11-08 22:00:00,0.4692,0.4801,0.4661,0.4794,7262925.1
1762646400000,2025-11-09 02:00:00,0.4794,0.4826,0.4645,0.4662,14337728.9
1762660800000,2025-11-09 06:00:00,0.4662,0.4801,0.4651,0.4801,8474094.0
1762675200000,2025-11-09 10:00:00,0.4801,0.4801,0.4645,0.4751,12021881.8
1762689600000,2025-11-09 14:00:00,0.4751,0.4857,0.4722,0.4801,23583216.3
1762704000000,2025-11-09 18:00:00,0.4801,0.4878,0.4747,0.4878,13359870.3
1762718400000,2025-11-09 22:00:00,0.4878,0.489,0.4778,0.4792,10839361.9
1762732800000,2025-11-10 02:00:00,0.4792,0.4944,0.4741,0.4906,14458392.6
1762747200000,2025-11-10 06:00:00,0.4906,0.4951,0.4852,0.4911,7197061.4
1762761600000,2025-11-10 10:00:00,0.4911,0.5061,0.4845,0.4983,13109771.2
1762776000000,2025-11-10 14:00:00,0.4983,0.5045,0.4798,0.4885,16305939.1
1762790400000,2025-11-10 18:00:00,0.4885,0.4988,0.4804,0.4924,7265048.7
1762804800000,2025-11-10 22:00:00,0.4924,0.5471,0.4919,0.5226,47914606.8
1762819200000,2025-11-11 02:00:00,0.5226,0.536,0.5071,0.5139,31665336.1
1762833600000,2025-11-11 06:00:00,0.5139,0.5149,0.4927,0.4936,17094576.5
1762848000000,2025-11-11 10:00:00,0.4936,0.5037,0.4898,0.4944,15942381.0
1762862400000,2025-11-11 14:00:00,0.4944,0.5025,0.4866,0.49,23613914.9
1762876800000,2025-11-11 18:00:00,0.49,0.4988,0.4778,0.4787,13696611.4
1762891200000,2025-11-11 22:00:00,0.4787,0.4802,0.4647,0.4681,20249151.4
1762905600000,2025-11-12 02:00:00,0.4681,0.479,0.4656,0.4725,12646356.9
1762920000000,2025-11-12 06:00:00,0.4725,0.4761,0.4701,0.471,5477473.0
1762934400000,2025-11-12 10:00:00,0.471,0.4874,0.471,0.4844,13601694.7
1762948800000,2025-11-12 14:00:00,0.4844,0.4894,0.4566,0.4622,24242558.9
1762963200000,2025-11-12 18:00:00,0.4622,0.4635,0.444,0.4488,32247329.0
1762977600000,2025-11-12 22:00:00,0.4488,0.4574,0.4473,0.4508,7976695.2
1762992000000,2025-11-13 02:00:00,0.4508,0.467,0.4501,0.4622,10814309.2
1763006400000,2025-11-13 06:00:00,0.4622,0.4771,0.4583,0.4713,13665544.7
1763020800000,2025-11-13 10:00:00,0.4713,0.4731,0.4644,0.4711,9459346.0
1763035200000,2025-11-13 14:00:00,0.4711,0.4813,0.4612,0.4739,23294774.4
1763049600000,2025-11-13 18:00:00,0.4739,0.4751,0.4467,0.4569,32740514.8
1763064000000,2025-11-13 22:00:00,0.4569,0.4658,0.4454,0.4587,17877696.1
1763078400000,2025-11-14 02:00:00,0.4587,0.4628,0.4401,0.443,20064965.9
1763092800000,2025-11-14 06:00:00,0.443,0.4533,0.4215,0.4488,29491984.6
1763107200000,2025-11-14 10:00:00,0.4488,0.4516,0.4324,0.4355,14358407.6
1763121600000,2025-11-14 14:00:00,0.4355,0.4474,0.4224,0.4442,30606035.1
1763136000000,2025-11-14 18:00:00,0.4442,0.4542,0.4387,0.4496,17147316.6
1763150400000,2025-11-14 22:00:00,0.4496,0.4503,0.4212,0.4293,16293956.4
1763164800000,2025-11-15 02:00:00,0.4293,0.4503,0.4287,0.449,9890391.8
1763179200000,2025-11-15 06:00:00,0.449,0.4517,0.4434,0.4451,5366898.4
1763193600000,2025-11-15 10:00:00,0.4451,0.4456,0.4359,0.4381,7418799.5
1763208000000,2025-11-15 14:00:00,0.4381,0.447,0.437,0.4413,4940567.5
1763222400000,2025-11-15 18:00:00,0.4413,0.4448,0.4365,0.4374,8066823.4
1763236800000,2025-11-15 22:00:00,0.4374,0.4376,0.4281,0.4304,4318068.5
1763251200000,2025-11-16 02:00:00,0.4304,0.4387,0.4231,0.4373,7558906.7
1763265600000,2025-11-16 06:00:00,0.4373,0.4435,0.4322,0.4433,4864624.2
1763280000000,2025-11-16 10:00:00,0.4433,0.4437,0.4324,0.4341,7279340.3
1763294400000,2025-11-16 14:00:00,0.4341,0.437,0.4183,0.4197,10788558.9
1763308800000,2025-11-16 18:00:00,0.4197,0.4247,0.4082,0.4177,31822377.7
1763323200000,2025-11-16 22:00:00,0.4177,0.4259,0.4081,0.4205,15279962.9
1763337600000,2025-11-17 02:00:00,0.4205,0.4284,0.4158,0.4261,8656464.9
1763352000000,2025-11-17 06:00:00,0.4261,0.4319,0.4238,0.4313,6541894.3
1763366400000,2025-11-17 10:00:00,0.4313,0.4325,0.4261,0.4278,6973912.1
1763380800000,2025-11-17 14:00:00,0.4278,0.4397,0.413,0.4232,30700382.2
1763395200000,2025-11-17 18:00:00,0.4232,0.4295,0.4002,0.4027,24358067.4
1763409600000,2025-11-17 22:00:00,0.4027,0.4087,0.3993,0.4068,15227972.2
1763424000000,2025-11-18 02:00:00,0.4068,0.4181,0.4006,0.4158,30462796.4
1763438400000,2025-11-18 06:00:00,0.4158,0.4293,0.4094,0.4285,17407719.9
1763452800000,2025-11-18 10:00:00,0.4285,0.4402,0.425,0.4295,20276328.4
1763467200000,2025-11-18 14:00:00,0.4295,0.4453,0.4238,0.4389,29057068.1
1763481600000,2025-11-18 18:00:00,0.4389,0.4529,0.4369,0.4436,23198883.9
1763496000000,2025-11-18 22:00:00,0.4436,0.4449,0.4332,0.4356,13323597.8
1763510400000,2025-11-19 02:00:00,0.4356,0.438,0.4278,0.4302,10241181.8
1763524800000,2025-11-19 06:00:00,0.4302,0.4335,0.4197,0.4319,13298525.6
1763539200000,2025-11-19 10:00:00,0.4319,0.4339,0.4253,0.4266,10014832.3
1763553600000,2025-11-19 14:00:00,0.4266,0.4409,0.4226,0.4239,23646344.6
1763568000000,2025-11-19 18:00:00,0.4239,0.4278,0.4076,0.4109,25670025.0
1763582400000,2025-11-19 22:00:00,0.4109,0.4325,0.4102,0.43,16268093.3
1763596800000,2025-11-20 02:00:00,0.43,0.4343,0.4275,0.4315,8456137.3
1763611200000,2025-11-20 06:00:00,0.4315,0.4447,0.4299,0.4419,8511097.0
1763625600000,2025-11-20 10:00:00,0.4419,0.4476,0.4388,0.4424,10506196.0
1763640000000,2025-11-20 14:00:00,0.4424,0.4517,0.4385,0.4403,20725755.9
1763654400000,2025-11-20 18:00:00,0.4403,0.4411,0.4013,0.4134,44726416.7
1763668800000,2025-11-20 22:00:00,0.4134,0.4254,0.4086,0.4101,14545336.7
1763683200000,2025-11-21 02:00:00,0.4101,0.419,0.407,0.41,15114939.6
1763697600000,2025-11-21 06:00:00,0.41,0.4104,0.3625,0.3893,46971497.5
1763712000000,2025-11-21 10:00:00,0.3893,0.3958,0.3747,0.379,30651682.3
1763726400000,2025-11-21 14:00:00,0.379,0.3844,0.3674,0.3711,40910859.7
1763740800000,2025-11-21 18:00:00,0.3711,0.3925,0.3651,0.3819,34959690.5
1763755200000,2025-11-21 22:00:00,0.3819,0.3856,0.3684,0.3794,16895149.2
1763769600000,2025-11-22 02:00:00,0.3794,0.3836,0.3756,0.3772,8635328.8
1763784000000,2025-11-22 06:00:00,0.3772,0.3775,0.3666,0.3744,10984601.8
1763798400000,2025-11-22 10:00:00,0.3744,0.3746,0.3635,0.3716,11900884.4
1763812800000,2025-11-22 14:00:00,0.3716,0.3735,0.3636,0.369,10145405.4
1763827200000,2025-11-22 18:00:00,0.369,0.3754,0.368,0.3692,8224636.6
1763841600000,2025-11-22 22:00:00,0.3692,0.3778,0.3655,0.3707,6645677.3
1763856000000,2025-11-23 02:00:00,0.3707,0.3794,0.3704,0.3785,9177459.8
1763870400000,2025-11-23 06:00:00,0.3785,0.3847,0.3755,0.3787,8674740.3
1763884800000,2025-11-23 10:00:00,0.3787,0.382,0.3761,0.3803,5280730.6
1763899200000,2025-11-23 14:00:00,0.3803,0.3873,0.3786,0.3858,8419104.6
1763913600000,2025-11-23 18:00:00,0.3858,0.3963,0.3845,0.3938,13247871.7
1763928000000,2025-11-23 22:00:00,0.3938,0.3973,0.3823,0.3829,10189770.4
1763942400000,2025-11-24 02:00:00,0.3829,0.3958,0.3786,0.3917,11236125.5
1763956800000,2025-11-24 06:00:00,0.3917,0.3969,0.3836,0.3922,11184461.4
1763971200000,2025-11-24 10:00:00,0.3922,0.3937,0.3822,0.3872,8908184.7
1763985600000,2025-11-24 14:00:00,0.3872,0.3955,0.3833,0.3939,13917691.7
1764000000000,2025-11-24 18:00:00,0.3939,0.4112,0.3925,0.4072,22057779.3
1764014400000,2025-11-24 22:00:00,0.4072,0.4155,0.4062,0.4101,9284729.2
1764028800000,2025-11-25 02:00:00,0.4101,0.4112,0.402,0.405,5539326.3
1764043200000,2025-11-25 06:00:00,0.405,0.4075,0.4009,0.4028,6257853.3
1764057600000,2025-11-25 10:00:00,0.4028,0.4117,0.4003,0.4091,7038413.7
1764072000000,2025-11-25 14:00:00,0.4091,0.4272,0.4085,0.418,27884313.2
1764086400000,2025-11-25 18:00:00,0.418,0.4282,0.408,0.4138,12705377.2
1764100800000,2025-11-25 22:00:00,0.4138,0.4209,0.4077,0.4163,6365091.2
1764115200000,2025-11-26 02:00:00,0.4163,0.4206,0.4111,0.4125,5922200.3
1764129600000,2025-11-26 06:00:00,0.4125,0.4159,0.4094,0.4154,5332158.1
1764144000000,2025-11-26 10:00:00,0.4154,0.4157,0.4051,0.4079,6961967.9
1764158400000,2025-11-26 14:00:00,0.4079,0.4154,0.403,0.4108,15833185.7
1764172800000,2025-11-26 18:00:00,0.4108,0.4404,0.4108,0.4367,25361777.2
1764187200000,2025-11-26 22:00:00,0.4367,0.4465,0.4327,0.4408,12707815.4
1764201600000,2025-11-27 02:00:00,0.4408,0.4443,0.4352,0.4363,7584309.8
1764216000000,2025-11-27 06:00:00,0.4363,0.4405,0.4354,0.4371,3462908.1
1764230400000,2025-11-27 10:00:00,0.4371,0.4407,0.431,0.4317,4074916.6
1764244800000,2025-11-27 14:00:00,0.4317,0.4393,0.4286,0.4388,6264263.7
1764259200000,2025-11-27 18:00:00,0.4388,0.4452,0.4376,0.4415,5688158.4
1764273600000,2025-11-27 22:00:00,0.4415,0.4415,0.4358,0.4389,2879214.8
1764288000000,2025-11-28 02:00:00,0.4389,0.445,0.4358,0.4417,4865676.2
1764302400000,2025-11-28 06:00:00,0.4417,0.4462,0.4391,0.4438,4863243.2
1764316800000,2025-11-28 10:00:00,0.4438,0.4496,0.4417,0.4443,6862468.8
1764331200000,2025-11-28 14:00:00,0.4443,0.4463,0.4389,0.4393,7356436.9
1764345600000,2025-11-28 18:00:00,0.4393,0.4393,0.4281,0.4351,9117161.1
1764360000000,2025-11-28 22:00:00,0.4351,0.4356,0.426,0.4269,3972438.4
1764374400000,2025-11-29 02:00:00,0.4269,0.4295,0.4226,0.4263,4414366.1
1764388800000,2025-11-29 06:00:00,0.4263,0.429,0.4232,0.4255,3288834.4
1764403200000,2025-11-29 10:00:00,0.4255,0.43,0.4238,0.43,3721327.0
1764417600000,2025-11-29 14:00:00,0.43,0.433,0.4236,0.4274,7195161.6
1764432000000,2025-11-29 18:00:00,0.4274,0.4298,0.4236,0.4273,5634768.6
1764446400000,2025-11-29 22:00:00,0.4273,0.4331,0.4198,0.4208,5605071.7
1764460800000,2025-11-30 02:00:00,0.4208,0.4292,0.4203,0.4286,3425872.6
1764475200000,2025-11-30 06:00:00,0.4286,0.4292,0.4198,0.4276,4708250.2
1764489600000,2025-11-30 10:00:00,0.4276,0.4293,0.4185,0.4199,6348165.0
1764504000000,2025-11-30 14:00:00,0.4199,0.4257,0.4172,0.4194,10411204.7
1764518400000,2025-11-30 18:00:00,0.4194,0.4267,0.4191,0.4218,4713058.1
1764532800000,2025-11-30 22:00:00,0.4218,0.4251,0.4138,0.4145,5728265.9
1764547200000,2025-12-01 02:00:00,0.4145,0.4161,0.3859,0.3865,31661804.2
1764561600000,2025-12-01 06:00:00,0.3865,0.3904,0.3816,0.3839,7905574.9
1764576000000,2025-12-01 10:00:00,0.3839,0.388,0.3808,0.3823,8513077.0
1764590400000,2025-12-01 14:00:00,0.3823,0.3883,0.3739,0.3836,22731208.5
1764604800000,2025-12-01 18:00:00,0.3836,0.3848,0.3743,0.376,9153963.5
1764619200000,2025-12-01 22:00:00,0.376,0.3877,0.376,0.3866,8519305.5
1764633600000,2025-12-02 02:00:00,0.3866,0.3904,0.3779,0.3828,8224746.4
1764648000000,2025-12-02 06:00:00,0.3828,0.3842,0.3777,0.381,5319171.3
1764662400000,2025-12-02 10:00:00,0.381,0.3812,0.374,0.3777,10557689.0
1764676800000,2025-12-02 14:00:00,0.3777,0.4105,0.3748,0.4083,24750659.7
1764691200000,2025-12-02 18:00:00,0.4083,0.4112,0.3889,0.3901,17915137.5
1764705600000,2025-12-02 22:00:00,0.3901,0.3962,0.3818,0.3868,12259035.0
1764720000000,2025-12-03 02:00:00,0.3868,0.3884,0.3767,0.3874,15366888.5
1764734400000,2025-12-03 06:00:00,0.3874,0.403,0.3869,0.3887,19489189.9
1764748800000,2025-12-03 10:00:00,0.3887,0.3953,0.3884,0.3929,10229220.3
1764763200000,2025-12-03 14:00:00,0.3929,0.3992,0.3806,0.3937,26546834.1
1764777600000,2025-12-03 18:00:00,0.3937,0.4039,0.3894,0.4021,15847909.3
1764792000000,2025-12-03 22:00:00,0.4021,0.4243,0.3995,0.4207,18108406.2
1764806400000,2025-12-04 02:00:00,0.4207,0.4316,0.4159,0.4231,14852500.9
1764820800000,2025-12-04 06:00:00,0.4231,0.4281,0.4184,0.4241,9343517.0
1764835200000,2025-12-04 10:00:00,0.4241,0.4255,0.4132,0.4149,8404855.8
1764849600000,2025-12-04 14:00:00,0.4149,0.4258,0.4126,0.4241,15637630.1
1764864000000,2025-12-04 18:00:00,0.4241,0.4264,0.406,0.4128,22848632.6
1764878400000,2025-12-04 22:00:00,0.4128,0.4143,0.4036,0.4048,8996214.4
1764892800000,2025-12-05 02:00:00,0.4048,0.4119,0.4028,0.4074,7376614.9
1764907200000,2025-12-05 06:00:00,0.4074,0.4151,0.4038,0.4124,9341695.5
1764921600000,2025-12-05 10:00:00,0.4124,0.4141,0.4001,0.4024,10857584.4
1764936000000,2025-12-05 14:00:00,0.4024,0.4138,0.3971,0.4041,16116332.2
1764950400000,2025-12-05 18:00:00,0.4041,0.4043,0.3774,0.3836,22150120.0
1764964800000,2025-12-05 22:00:00,0.3836,0.3895,0.3818,0.3882,6415991.2
1764979200000,2025-12-06 02:00:00,0.3882,0.3916,0.3833,0.3893,3235533.1
1764993600000,2025-12-06 06:00:00,0.3893,0.3895,0.3842,0.3844,2110890.0
1765008000000,2025-12-06 10:00:00,0.3844,0.3845,0.3801,0.3827,3955450.3
1765022400000,2025-12-06 14:00:00,0.3827,0.3904,0.3811,0.3839,4613421.8
1765036800000,2025-12-06 18:00:00,0.3839,0.3897,0.3826,0.384,4366754.0
1765051200000,2025-12-06 22:00:00,0.384,0.389,0.3793,0.383,4027267.2
1765065600000,2025-12-07 02:00:00,0.383,0.3882,0.3813,0.3849,4501106.8
1765080000000,2025-12-07 06:00:00,0.3849,0.3902,0.3827,0.387,3589799.0
1765094400000,2025-12-07 10:00:00,0.387,0.3872,0.3798,0.3838,5180983.8
1765108800000,2025-12-07 14:00:00,0.3838,0.3893,0.3701,0.3874,16391624.8
1765123200000,2025-12-07 18:00:00,0.3874,0.4033,0.3835,0.3995,16445994.2
1765137600000,2025-12-07 22:00:00,0.3995,0.4002,0.3774,0.3815,11152687.4
1765152000000,2025-12-08 02:00:00,0.3815,0.3918,0.3796,0.3886,5677181.6
1765166400000,2025-12-08 06:00:00,0.3886,0.3974,0.3886,0.3941,4465950.9
1765180800000,2025-12-08 10:00:00,0.3941,0.3998,0.3925,0.3961,4356109.7
1765195200000,2025-12-08 14:00:00,0.3961,0.4018,0.3927,0.3962,11665172.3
1765209600000,2025-12-08 18:00:00,0.3962,0.4042,0.3904,0.3913,9085665.7
1765224000000,2025-12-08 22:00:00,0.3913,0.3966,0.3901,0.3924,4270417.1
1765238400000,2025-12-09 02:00:00,0.3924,0.3951,0.3849,0.3903,5228596.9
1765252800000,2025-12-09 06:00:00,0.3903,0.3906,0.3841,0.3884,4896708.0
1765267200000,2025-12-09 10:00:00,0.3884,0.3897,0.3851,0.3893,3699987.9
1765281600000,2025-12-09 14:00:00,0.3893,0.4104,0.3888,0.4082,10978162.7
1765296000000,2025-12-09 18:00:00,0.4082,0.4232,0.4082,0.4151,20079714.5
1765310400000,2025-12-09 22:00:00,0.4151,0.4151,0.4031,0.4113,9155313.8
1765324800000,2025-12-10 02:00:00,0.4113,0.412,0.4042,0.4067,4754452.2
1765339200000,2025-12-10 06:00:00,0.4067,0.4103,0.4048,0.4074,4590752.3
1765353600000,2025-12-10 10:00:00,0.4074,0.4099,0.4016,0.4037,6019581.6
1765368000000,2025-12-10 14:00:00,0.4037,0.4091,0.4023,0.4056,5593413.5
1765382400000,2025-12-10 18:00:00,0.4056,0.4191,0.4046,0.4174,15518641.5
1765396800000,2025-12-10 22:00:00,0.4174,0.4301,0.4056,0.4061,14167390.1
1765411200000,2025-12-11 02:00:00,0.4061,0.4079,0.3859,0.3862,13651013.3
1765425600000,2025-12-11 06:00:00,0.3862,0.3911,0.3846,0.3896,6984580.9
1765440000000,2025-12-11 10:00:00,0.3896,0.3916,0.3851,0.3856,6291912.3
1765454400000,2025-12-11 14:00:00,0.3856,0.3894,0.3802,0.3849,10201821.4
1765468800000,2025-12-11 18:00:00,0.3849,0.3912,0.3796,0.3859,9304144.2
1765483200000,2025-12-11 22:00:00,0.3859,0.4019,0.3858,0.3947,12574347.1
1765497600000,2025-12-12 02:00:00,0.3947,0.4007,0.3895,0.3985,5914086.5
1765512000000,2025-12-12 06:00:00,0.3985,0.4099,0.3977,0.4007,8130086.1
1765526400000,2025-12-12 10:00:00,0.4007,0.4099,0.3984,0.3996,7444351.3
1765540800000,2025-12-12 14:00:00,0.3996,0.4015,0.3817,0.3846,12522237.3
1765555200000,2025-12-12 18:00:00,0.3846,0.39,0.3799,0.3871,14776234.6
1765569600000,2025-12-12 22:00:00,0.3871,0.3959,0.3857,0.3944,4133469.6
1765584000000,2025-12-13 02:00:00,0.3944,0.4035,0.3906,0.4027,4628608.6
1765598400000,2025-12-13 06:00:00,0.4027,0.4033,0.3971,0.3997,8040134.8
1765612800000,2025-12-13 10:00:00,0.3997,0.404,0.3993,0.4002,3182899.6
1765627200000,2025-12-13 14:00:00,0.4002,0.4075,0.4001,0.4035,4167634.0
1765641600000,2025-12-13 18:00:00,0.4035,0.4051,0.398,0.3997,4137059.8
1765656000000,2025-12-13 22:00:00,0.3997,0.4013,0.3952,0.3979,2857992.5
1765670400000,2025-12-14 02:00:00,0.3979,0.3986,0.3945,0.3953,3290025.2
1765684800000,2025-12-14 06:00:00,0.3953,0.3961,0.3898,0.3905,2878381.8
1765699200000,2025-12-14 10:00:00,0.3905,0.3926,0.3847,0.3877,5596419.4
1765713600000,2025-12-14 14:00:00,0.3877,0.3896,0.3808,0.3813,7320309.2
1765728000000,2025-12-14 18:00:00,0.3813,0.3826,0.375,0.3782,9380344.2
1765742400000,2025-12-14 22:00:00,0.3782,0.3804,0.3698,0.3749,13350918.9
1765756800000,2025-12-15 02:00:00,0.3749,0.3862,0.3743,0.3795,8604873.9
1765771200000,2025-12-15 06:00:00,0.3795,0.3846,0.3794,0.3807,4961758.2
1765785600000,2025-12-15 10:00:00,0.3807,0.3837,0.3797,0.3818,5302912.9
1765800000000,2025-12-15 14:00:00,0.3818,0.3831,0.3561,0.3607,26355274.5
1765814400000,2025-12-15 18:00:00,0.3607,0.3653,0.35,0.3555,21167447.8
1765828800000,2025-12-15 22:00:00,0.3555,0.357,0.3512,0.353,10615292.2
1765843200000,2025-12-16 02:00:00,0.353,0.357,0.3495,0.3561,15468048.4
1765857600000,2025-12-16 06:00:00,0.3561,0.3586,0.3485,0.3554,10090650.3
1765872000000,2025-12-16 10:00:00,0.3554,0.3699,0.355,0.3689,12179448.5
1765886400000,2025-12-16 14:00:00,0.3689,0.3717,0.3595,0.3711,19751641.8
1765900800000,2025-12-16 18:00:00,0.3711,0.3715,0.3614,0.3654,11220430.4
1765915200000,2025-12-16 22:00:00,0.3654,0.367,0.3633,0.366,4528316.4
1765929600000,2025-12-17 02:00:00,0.366,0.3665,0.3617,0.3624,5695749.7
1765944000000,2025-12-17 06:00:00,0.3624,0.3629,0.355,0.3607,9292939.8
1765958400000,2025-12-17 10:00:00,0.3607,0.3607,0.3549,0.3586,6818423.9
1765972800000,2025-12-17 14:00:00,0.3586,0.3731,0.3532,0.3545,26666386.7
1765987200000,2025-12-17 18:00:00,0.3545,0.361,0.3462,0.3568,32790220.8
1766001600000,2025-12-17 22:00:00,0.3568,0.3599,0.3513,0.3543,11371262.5
1766016000000,2025-12-18 02:00:00,0.3543,0.3543,0.3454,0.3477,6720824.4
1766030400000,2025-12-18 06:00:00,0.3477,0.3514,0.3456,0.3498,5388510.6
1766044800000,2025-12-18 10:00:00,0.3498,0.3554,0.3481,0.3502,6094504.3
1766059200000,2025-12-18 14:00:00,0.3502,0.3636,0.3485,0.3611,18936176.0
1766073600000,2025-12-18 18:00:00,0.3611,0.3651,0.3311,0.3327,33927862.2
1766088000000,2025-12-18 22:00:00,0.3327,0.3437,0.3324,0.3385,11545722.7
1766102400000,2025-12-19 02:00:00,0.3385,0.3513,0.3344,0.3462,12765740.0
1766116800000,2025-12-19 06:00:00,0.3462,0.3507,0.3443,0.3469,10123120.2
1766131200000,2025-12-19 10:00:00,0.3469,0.3479,0.34,0.3427,11722307.7
1766145600000,2025-12-19 14:00:00,0.3427,0.3545,0.3411,0.346,16196495.5
1766160000000,2025-12-19 18:00:00,0.346,0.356,0.3455,0.3542,14337254.3
1766174400000,2025-12-19 22:00:00,0.3542,0.3561,0.3497,0.3505,5587297.6
1766188800000,2025-12-20 02:00:00,0.3505,0.3513,0.3465,0.3491,5391188.9
1766203200000,2025-12-20 06:00:00,0.3491,0.3504,0.3454,0.35,5320295.9
1766217600000,2025-12-20 10:00:00,0.35,0.3545,0.3496,0.3528,5602786.8
1766232000000,2025-12-20 14:00:00,0.3528,0.3541,0.3474,0.3511,6344961.7
1766246400000,2025-12-20 18:00:00,0.3511,0.3572,0.3511,0.3544,6625919.8
1766260800000,2025-12-20 22:00:00,0.3544,0.357,0.3531,0.3559,3278093.4
1766275200000,2025-12-21 02:00:00,0.3559,0.3578,0.3489,0.3518,7127792.3
1766289600000,2025-12-21 06:00:00,0.3518,0.3531,0.3499,0.3519,5617187.3
1766304000000,2025-12-21 10:00:00,0.3519,0.356,0.3505,0.3509,5726756.9
1766318400000,2025-12-21 14:00:00,0.3509,0.3521,0.3387,0.3428,16581490.0
1766332800000,2025-12-21 18:00:00,0.3428,0.3463,0.3403,0.3455,8180588.7
1766347200000,2025-12-21 22:00:00,0.3455,0.3512,0.3412,0.3493,5783974.8
1766361600000,2025-12-22 02:00:00,0.3493,0.3595,0.345,0.355,17281202.0
1766376000000,2025-12-22 06:00:00,0.355,0.3582,0.3537,0.3575,6586897.4
1766390400000,2025-12-22 10:00:00,0.3575,0.371,0.3573,0.3701,13046799.3
1766404800000,2025-12-22 14:00:00,0.3701,0.3795,0.3694,0.3726,18210795.6
1766419200000,2025-12-22 18:00:00,0.3726,0.384,0.3721,0.3765,14787217.4
1766433600000,2025-12-22 22:00:00,0.3765,0.3811,0.3719,0.3776,10616592.6
1766448000000,2025-12-23 02:00:00,0.3776,0.3844,0.3744,0.3776,13012641.4
1766462400000,2025-12-23 06:00:00,0.3776,0.3816,0.373,0.3764,9272665.6
1766476800000,2025-12-23 10:00:00,0.3764,0.3782,0.3663,0.3667,9637539.9
1766491200000,2025-12-23 14:00:00,0.3667,0.3703,0.3613,0.3646,13521705.2
1766505600000,2025-12-23 18:00:00,0.3646,0.3744,0.3634,0.3707,12124882.2
1766520000000,2025-12-23 22:00:00,0.3707,0.3742,0.3686,0.3731,6715560.6
1766534400000,2025-12-24 02:00:00,0.3731,0.3737,0.3669,0.3697,7026215.5
1766548800000,2025-12-24 06:00:00,0.3697,0.3702,0.362,0.3671,6726361.4
1766563200000,2025-12-24 10:00:00,0.3671,0.3753,0.3646,0.3724,5822798.3
1766577600000,2025-12-24 14:00:00,0.3724,0.3777,0.3649,0.376,7186233.3
1766592000000,2025-12-24 18:00:00,0.376,0.385,0.3734,0.3756,8607561.5
1766606400000,2025-12-24 22:00:00,0.3756,0.3788,0.3736,0.3773,4044886.4
1766620800000,2025-12-25 02:00:00,0.3773,0.3847,0.3747,0.3827,4870445.8
1766635200000,2025-12-25 06:00:00,0.3827,0.3831,0.3774,0.3801,3780131.8
1766649600000,2025-12-25 10:00:00,0.3801,0.3906,0.3783,0.3866,10739904.7
1766664000000,2025-12-25 14:00:00,0.3866,0.3991,0.3823,0.3962,21106646.2
1766678400000,2025-12-25 18:00:00,0.3962,0.4029,0.3951,0.3995,8620178.2
1766692800000,2025-12-25 22:00:00,0.3995,0.3995,0.3862,0.3873,7421155.3
1766707200000,2025-12-26 02:00:00,0.3873,0.4039,0.3839,0.3982,11208386.0
1766721600000,2025-12-26 06:00:00,0.3982,0.3997,0.3935,0.3973,7148542.7
1766736000000,2025-12-26 10:00:00,0.3973,0.4003,0.3953,0.3983,4870558.2
1766750400000,2025-12-26 14:00:00,0.3983,0.4008,0.3892,0.3895,6738747.8
1766764800000,2025-12-26 18:00:00,0.3895,0.3906,0.3861,0.3875,4240683.3
1766779200000,2025-12-26 22:00:00,0.3875,0.3875,0.3793,0.38,4364338.3
1766793600000,2025-12-27 02:00:00,0.38,0.3862,0.3792,0.3849,4905248.7
1766808000000,2025-12-27 06:00:00,0.3849,0.3862,0.3806,0.3841,5202985.9
1766822400000,2025-12-27 10:00:00,0.3841,0.386,0.382,0.3849,3556605.1
1766836800000,2025-12-27 14:00:00,0.3849,0.3871,0.3816,0.3869,4975205.8
1766851200000,2025-12-27 18:00:00,0.3869,0.4009,0.3864,0.3945,9571231.2
1766865600000,2025-12-27 22:00:00,0.3945,0.4038,0.3938,0.4027,3765624.6
1766880000000,2025-12-28 02:00:00,0.4027,0.4055,0.3972,0.399,4768855.2
1766894400000,2025-12-28 06:00:00,0.399,0.4013,0.3969,0.3985,2251625.2
1766908800000,2025-12-28 10:00:00,0.3985,0.4013,0.3962,0.3986,3761350.5
1766923200000,2025-12-28 14:00:00,0.3986,0.3993,0.3933,0.3964,4565584.8
1766937600000,2025-12-28 18:00:00,0.3964,0.3975,0.3883,0.389,4002883.1
1766952000000,2025-12-28 22:00:00,0.389,0.3931,0.3866,0.3918,3297763.4
1766966400000,2025-12-29 02:00:00,0.3918,0.405,0.3902,0.4038,10736668.2
1766980800000,2025-12-29 06:00:00,0.4038,0.4044,0.3965,0.3984,5862793.2
1766995200000,2025-12-29 10:00:00,0.3984,0.3994,0.3863,0.3876,6337091.4
1767009600000,2025-12-29 14:00:00,0.3876,0.3965,0.381,0.3934,14346003.4
1767024000000,2025-12-29 18:00:00,0.3934,0.3934,0.387,0.3881,5421265.2
1767038400000,2025-12-29 22:00:00,0.3881,0.3893,0.3851,0.3871,4286658.6
1767052800000,2025-12-30 02:00:00,0.3871,0.3883,0.3838,0.3874,4319727.1
1767067200000,2025-12-30 06:00:00,0.3874,0.3875,0.3764,0.3777,9089944.4
1767081600000,2025-12-30 10:00:00,0.3777,0.3831,0.376,0.3776,7112892.3
1767096000000,2025-12-30 14:00:00,0.3776,0.3844,0.376,0.3844,9726083.4
1767110400000,2025-12-30 18:00:00,0.3844,0.3848,0.3731,0.3772,8794496.1
1767124800000,2025-12-30 22:00:00,0.3772,0.3772,0.3741,0.3771,4662670.7
1767139200000,2025-12-31 02:00:00,0.3771,0.3776,0.3708,0.3724,5878292.9
1767153600000,2025-12-31 06:00:00,0.3724,0.3754,0.3712,0.3724,2867421.1
1767168000000,2025-12-31 10:00:00,0.3724,0.3726,0.368,0.3718,4829380.1
1767182400000,2025-12-31 14:00:00,0.3718,0.3743,0.3691,0.3693,5552592.4
1767196800000,2025-12-31 18:00:00,0.3693,0.3703,0.3581,0.3626,12752883.4
1767211200000,2025-12-31 22:00:00,0.3626,0.3638,0.3584,0.3589,5889792.7
1767225600000,2026-01-01 02:00:00,0.3589,0.3623,0.3574,0.3615,8529588.8
1767240000000,2026-01-01 06:00:00,0.3615,0.3699,0.3584,0.3688,5400485.4
1767254400000,2026-01-01 10:00:00,0.3688,0.375,0.3665,0.3749,6433430.6
1767268800000,2026-01-01 14:00:00,0.3749,0.3855,0.3721,0.3849,10711403.5
1767283200000,2026-01-01 18:00:00,0.3849,0.3862,0.3809,0.3855,11242746.5
1767297600000,2026-01-01 22:00:00,0.3855,0.3932,0.3835,0.3931,5491088.1
1767312000000,2026-01-02 02:00:00,0.3931,0.3999,0.3903,0.3988,9376398.4
1767326400000,2026-01-02 06:00:00,0.3988,0.4005,0.3929,0.3941,8654566.7
1767340800000,2026-01-02 10:00:00,0.3941,0.4034,0.3937,0.3974,8611415.2
1767355200000,2026-01-02 14:00:00,0.3974,0.4057,0.3958,0.4026,11448640.5
1767369600000,2026-01-02 18:00:00,0.4026,0.4137,0.401,0.4034,13800824.1
1767384000000,2026-01-02 22:00:00,0.4034,0.4102,0.3972,0.4053,6809833.0
1767398400000,2026-01-03 02:00:00,0.4053,0.4087,0.4032,0.4074,4995906.7
1767412800000,2026-01-03 06:00:00,0.4074,0.4093,0.3962,0.3977,10372265.0
1767427200000,2026-01-03 10:00:00,0.3977,0.403,0.3959,0.4019,6578649.5
1767441600000,2026-01-03 14:00:00,0.4019,0.4047,0.4009,0.4032,4652308.7
1767456000000,2026-01-03 18:00:00,0.4032,0.4353,0.4031,0.4273,25275202.6
1767470400000,2026-01-03 22:00:00,0.4273,0.4296,0.4186,0.4248,7916297.6
1767484800000,2026-01-04 02:00:00,0.4248,0.4326,0.4238,0.4261,7108284.1
1767499200000,2026-01-04 06:00:00,0.4261,0.4261,0.4194,0.4212,4875920.8
1767513600000,2026-01-04 10:00:00,0.4212,0.4253,0.4186,0.4244,6925162.1
1767528000000,2026-01-04 14:00:00,0.4244,0.4272,0.4198,0.4237,6643381.9
1767542400000,2026-01-04 18:00:00,0.4237,0.4296,0.4162,0.4184,8337749.0
1767556800000,2026-01-04 22:00:00,0.4184,0.4272,0.4176,0.4268,4916182.4
1767571200000,2026-01-05 02:00:00,0.4268,0.4343,0.4237,0.4276,7866807.3
1767585600000,2026-01-05 06:00:00,0.4276,0.4286,0.4191,0.4231,4073820.0
1767600000000,2026-01-05 10:00:00,0.4231,0.4288,0.4178,0.4197,5188133.1
1767614400000,2026-01-05 14:00:00,0.4197,0.4285,0.4171,0.4264,6095580.1
1767628800000,2026-01-05 18:00:00,0.4264,0.4361,0.4232,0.4321,6909577.4
1767643200000,2026-01-05 22:00:00,0.4321,0.4373,0.4281,0.4337,4934877.5
1767657600000,2026-01-06 02:00:00,0.4337,0.4351,0.4269,0.4322,6015897.5
1767672000000,2026-01-06 06:00:00,0.4322,0.4348,0.4235,0.4255,5259957.2
1767686400000,2026-01-06 10:00:00,0.4255,0.431,0.4242,0.4308,4203023.9
1767700800000,2026-01-06 14:00:00,0.4308,0.4384,0.4209,0.4237,13704540.2
1767715200000,2026-01-06 18:00:00,0.4237,0.4251,0.4083,0.4153,16340865.4
1767729600000,2026-01-06 22:00:00,0.4153,0.4337,0.4153,0.4274,9467310.8
1767744000000,2026-01-07 02:00:00,0.4274,0.4275,0.4167,0.4186,5094558.4
1767758400000,2026-01-07 06:00:00,0.4186,0.4253,0.4153,0.4252,6131036.6
1767772800000,2026-01-07 10:00:00,0.4252,0.4264,0.4152,0.4182,5774220.8
1767787200000,2026-01-07 14:00:00,0.4182,0.4187,0.4027,0.4046,12005546.8
1767801600000,2026-01-07 18:00:00,0.4046,0.4197,0.404,0.4169,13264688.0
1767816000000,2026-01-07 22:00:00,0.4169,0.4232,0.4155,0.4213,9006116.4
1767830400000,2026-01-08 02:00:00,0.4213,0.4311,0.4189,0.4261,10602848.5
1767844800000,2026-01-08 06:00:00,0.4261,0.4301,0.4059,0.4137,10650815.0
1767859200000,2026-01-08 10:00:00,0.4137,0.4163,0.4063,0.4102,7773889.5
1767873600000,2026-01-08 14:00:00,0.4102,0.4168,0.4005,0.4166,12670437.4
1767888000000,2026-01-08 18:00:00,0.4166,0.4178,0.4051,0.4064,9241540.6
1767902400000,2026-01-08 22:00:00,0.4064,0.4113,0.4012,0.4069,7237853.0
1767916800000,2026-01-09 02:00:00,0.4069,0.4147,0.4058,0.4106,7701600.5
1767931200000,2026-01-09 06:00:00,0.4106,0.4113,0.4042,0.4073,3620604.4
1767945600000,2026-01-09 10:00:00,0.4073,0.4085,0.3993,0.4032,6402590.4
1767960000000,2026-01-09 14:00:00,0.4032,0.4208,0.4005,0.4185,13493681.5
1767974400000,2026-01-09 18:00:00,0.4185,0.4227,0.4019,0.4041,11412026.1
1767988800000,2026-01-09 22:00:00,0.4041,0.4098,0.4021,0.4077,5225353.7
1768003200000,2026-01-10 02:00:00,0.4077,0.4096,0.4044,0.4078,2386896.8
1768017600000,2026-01-10 06:00:00,0.4078,0.409,0.4036,0.4073,1968380.5
1768032000000,2026-01-10 10:00:00,0.4073,0.4122,0.4068,0.412,2119120.5
1768046400000,2026-01-10 14:00:00,0.412,0.418,0.4112,0.4131,3353838.2
1768060800000,2026-01-10 18:00:00,0.4131,0.4159,0.4115,0.4139,4465522.9
1768075200000,2026-01-10 22:00:00,0.4139,0.4162,0.4054,0.4069,3323004.9
1768089600000,2026-01-11 02:00:00,0.4069,0.4092,0.4048,0.4076,2643959.2
1768104000000,2026-01-11 06:00:00,0.4076,0.408,0.4013,0.4045,4468551.3
1768118400000,2026-01-11 10:00:00,0.4045,0.407,0.4031,0.4037,1962090.8
1768132800000,2026-01-11 14:00:00,0.4037,0.4059,0.4004,0.402,4413533.5
1768147200000,2026-01-11 18:00:00,0.402,0.4095,0.4006,0.4052,5286381.0
1768161600000,2026-01-11 22:00:00,0.4052,0.4052,0.3935,0.4007,8816404.3
1768176000000,2026-01-12 02:00:00,0.4007,0.4102,0.3952,0.4032,9914540.2
1768190400000,2026-01-12 06:00:00,0.4032,0.4073,0.3945,0.3952,8163590.0
1768204800000,2026-01-12 10:00:00,0.3952,0.401,0.3936,0.3999,6501314.6
1768219200000,2026-01-12 14:00:00,0.3999,0.4,0.3891,0.3977,9582019.6
1768233600000,2026-01-12 18:00:00,0.3977,0.3999,0.3878,0.3943,8012206.2
1768248000000,2026-01-12 22:00:00,0.3943,0.397,0.3864,0.3907,5893648.0
1768262400000,2026-01-13 02:00:00,0.3907,0.3991,0.39,0.3987,5891396.9
1768276800000,2026-01-13 06:00:00,0.3987,0.4075,0.3974,0.4025,6394018.2
1768291200000,2026-01-13 10:00:00,0.4025,0.4132,0.4009,0.4111,10693886.7
1768305600000,2026-01-13 14:00:00,0.4111,0.4194,0.4092,0.4185,12530452.0
1768320000000,2026-01-13 18:00:00,0.4185,0.427,0.4176,0.4252,8148021.9
1768334400000,2026-01-13 22:00:00,0.4252,0.4417,0.4198,0.4335,16074052.4
1768348800000,2026-01-14 02:00:00,0.4335,0.4391,0.4316,0.434,6344745.3
1768363200000,2026-01-14 06:00:00,0.434,0.4345,0.4273,0.43,6574110.5
1768377600000,2026-01-14 10:00:00,0.43,0.4361,0.4299,0.4325,5790603.1
1768392000000,2026-01-14 14:00:00,0.4325,0.439,0.4311,0.4326,7556893.5
1768406400000,2026-01-14 18:00:00,0.4326,0.439,0.4218,0.429,12369534.1
1768420800000,2026-01-14 22:00:00,0.429,0.4336,0.4256,0.4272,4782275.8
1768435200000,2026-01-15 02:00:00,0.4272,0.4291,0.4189,0.4197,8371704.5
1768449600000,2026-01-15 06:00:00,0.4197,0.4247,0.419,0.4217,5399474.9
1768464000000,2026-01-15 10:00:00,0.4217,0.432,0.4177,0.4307,8576724.9
1768478400000,2026-01-15 14:00:00,0.4307,0.4372,0.4148,0.4215,16673884.6
1768492800000,2026-01-15 18:00:00,0.4215,0.4255,0.4106,0.4158,16678534.3
1768507200000,2026-01-15 22:00:00,0.4158,0.4394,0.4101,0.438,18687588.9
1768521600000,2026-01-16 02:00:00,0.438,0.4434,0.4251,0.4255,14253837.0
1768536000000,2026-01-16 06:00:00,0.4255,0.4306,0.4233,0.4238,6604227.9
1768550400000,2026-01-16 10:00:00,0.4238,0.4296,0.4235,0.4278,5103759.7
1768564800000,2026-01-16 14:00:00,0.4278,0.4291,0.4162,0.4188,9458538.1
1768579200000,2026-01-16 18:00:00,0.4188,0.423,0.4157,0.4188,6138219.8
1768593600000,2026-01-16 22:00:00,0.4188,0.4305,0.4179,0.4259,5707751.6
1768608000000,2026-01-17 02:00:00,0.4259,0.4335,0.4252,0.4323,3750153.6
1768622400000,2026-01-17 06:00:00,0.4323,0.4395,0.43,0.4355,7832713.8
1768636800000,2026-01-17 10:00:00,0.4355,0.4399,0.4316,0.4322,3763871.7
1768651200000,2026-01-17 14:00:00,0.4322,0.4485,0.4317,0.4453,7464982.0
1768665600000,2026-01-17 18:00:00,0.4453,0.4574,0.4316,0.4342,16174426.2
1768680000000,2026-01-17 22:00:00,0.4342,0.4351,0.4085,0.4166,15230734.2
1768694400000,2026-01-18 02:00:00,0.4166,0.4201,0.4137,0.4172,6464082.1
1768708800000,2026-01-18 06:00:00,0.4172,0.4172,0.4124,0.4154,4009786.1
1768723200000,2026-01-18 10:00:00,0.4154,0.4225,0.4147,0.4194,5327367.4
1768737600000,2026-01-18 14:00:00,0.4194,0.422,0.4145,0.4214,7805440.1
1768752000000,2026-01-18 18:00:00,0.4214,0.4239,0.4167,0.4184,6496839.6
1768766400000,2026-01-18 22:00:00,0.4184,0.4197,0.3991,0.4003,11396143.6
1768780800000,2026-01-19 02:00:00,0.4003,0.4003,0.3584,0.3954,45908384.6
1768795200000,2026-01-19 06:00:00,0.3954,0.3966,0.3875,0.3893,7782175.2
1768809600000,2026-01-19 10:00:00,0.3893,0.3933,0.3878,0.3909,6682350.6
1768824000000,2026-01-19 14:00:00,0.3909,0.392,0.3882,0.3896,4000968.8
1768838400000,2026-01-19 18:00:00,0.3896,0.397,0.3886,0.3947,3663800.5
1768852800000,2026-01-19 22:00:00,0.3947,0.3966,0.3833,0.3858,7627187.5
1768867200000,2026-01-20 02:00:00,0.3858,0.3875,0.3836,0.3859,5999813.3
1768881600000,2026-01-20 06:00:00,0.3859,0.392,0.3826,0.3887,11313972.0
1768896000000,2026-01-20 10:00:00,0.3887,0.3896,0.3748,0.3751,12243548.9
1768910400000,2026-01-20 14:00:00,0.3751,0.3803,0.3708,0.3755,13310858.7
1768924800000,2026-01-20 18:00:00,0.3755,0.3768,0.3641,0.3697,11544608.3
1768939200000,2026-01-20 22:00:00,0.3697,0.3721,0.3618,0.3656,7561171.4
1768953600000,2026-01-21 02:00:00,0.3656,0.3734,0.3654,0.3723,4928022.6
1768968000000,2026-01-21 06:00:00,0.3723,0.3766,0.3716,0.3743,4218270.7
1768982400000,2026-01-21 10:00:00,0.3743,0.3745,0.3644,0.3664,6108977.3
1768996800000,2026-01-21 14:00:00,0.3664,0.3794,0.3634,0.3757,14143391.8
1769011200000,2026-01-21 18:00:00,0.3757,0.3792,0.3593,0.3781,15867854.5
1769025600000,2026-01-21 22:00:00,0.3781,0.3792,0.3661,0.3679,11418114.0
1769040000000,2026-01-22 02:00:00,0.3679,0.3747,0.3679,0.3699,4183278.6
1769054400000,2026-01-22 06:00:00,0.3699,0.3727,0.3655,0.3658,3864140.5
1769068800000,2026-01-22 10:00:00,0.3658,0.3696,0.3647,0.3658,5148428.0
1769083200000,2026-01-22 14:00:00,0.3658,0.3665,0.3529,0.3607,12316139.8
1769097600000,2026-01-22 18:00:00,0.3607,0.3661,0.355,0.3567,20640354.6
1769112000000,2026-01-22 22:00:00,0.3567,0.3627,0.3539,0.3624,6128501.3
1769126400000,2026-01-23 02:00:00,0.3624,0.3698,0.3612,0.369,6739340.7
1769140800000,2026-01-23 06:00:00,0.369,0.374,0.3676,0.3684,5034023.0
1769155200000,2026-01-23 10:00:00,0.3684,0.37,0.3653,0.3677,4685489.0
1769169600000,2026-01-23 14:00:00,0.3677,0.3704,0.3604,0.3698,8679788.8
1769184000000,2026-01-23 18:00:00,0.3698,0.3776,0.3636,0.3639,10044784.1
1769198400000,2026-01-23 22:00:00,0.3639,0.3652,0.3594,0.3615,4777330.8
1769212800000,2026-01-24 02:00:00,0.3615,0.3626,0.3534,0.3574,8936333.3
1769227200000,2026-01-24 06:00:00,0.3574,0.358,0.3542,0.3554,2323757.7
1769241600000,2026-01-24 10:00:00,0.3554,0.3627,0.3554,0.3622,3799345.9
1769256000000,2026-01-24 14:00:00,0.3622,0.3648,0.3588,0.3588,4035022.8
1769270400000,2026-01-24 18:00:00,0.3588,0.3605,0.3578,0.3588,2210827.4
1769284800000,2026-01-24 22:00:00,0.3588,0.3606,0.3584,0.3588,1996085.1
1769299200000,2026-01-25 02:00:00,0.3588,0.3607,0.3536,0.3557,4240845.4
1769313600000,2026-01-25 06:00:00,0.3557,0.3578,0.3532,0.3544,2787857.8
1769328000000,2026-01-25 10:00:00,0.3544,0.3599,0.3523,0.3581,4748978.8
1769342400000,2026-01-25 14:00:00,0.3581,0.3643,0.3536,0.3552,7590763.5
1769356800000,2026-01-25 18:00:00,0.3552,0.3552,0.3329,0.3365,24259929.0
1769371200000,2026-01-25 22:00:00,0.3365,0.3449,0.3363,0.3437,9821271.0
1769385600000,2026-01-26 02:00:00,0.3437,0.3512,0.3431,0.3472,8308658.7
1769400000000,2026-01-26 06:00:00,0.3472,0.352,0.3471,0.348,4477023.3
1769414400000,2026-01-26 10:00:00,0.348,0.3523,0.3475,0.3505,3556731.0
1769428800000,2026-01-26 14:00:00,0.3505,0.3585,0.3486,0.3512,8958524.5
1769443200000,2026-01-26 18:00:00,0.3512,0.3567,0.3504,0.3548,6497813.0
1769457600000,2026-01-26 22:00:00,0.3548,0.3568,0.3509,0.3547,3596090.4
1769472000000,2026-01-27 02:00:00,0.3547,0.3554,0.3495,0.35,6132485.2
1769486400000,2026-01-27 06:00:00,0.35,0.3504,0.3387,0.3434,17614419.7
1769500800000,2026-01-27 10:00:00,0.3434,0.3445,0.3371,0.3417,7324196.1
1769515200000,2026-01-27 14:00:00,0.3417,0.3452,0.3396,0.3449,6480305.9
1769529600000,2026-01-27 18:00:00,0.3449,0.3498,0.3337,0.3418,13396761.9
1769544000000,2026-01-27 22:00:00,0.3418,0.3501,0.3414,0.3457,7568248.6
1769558400000,2026-01-28 02:00:00,0.3457,0.3462,0.3429,0.3446,4653864.1
1769572800000,2026-01-28 06:00:00,0.3446,0.3496,0.3412,0.344,6764006.7
1769587200000,2026-01-28 10:00:00,0.344,0.3528,0.3431,0.3526,8357916.4
1769601600000,2026-01-28 14:00:00,0.3526,0.3526,0.3457,0.3474,9054991.8
1769616000000,2026-01-28 18:00:00,0.3474,0.3521,0.3457,0.351,6891660.4
1769630400000,2026-01-28 22:00:00,0.351,0.3576,0.3474,0.3525,13724065.9
1769644800000,2026-01-29 02:00:00,0.3525,0.354,0.3383,0.3393,16381672.9
1769659200000,2026-01-29 06:00:00,0.3393,0.3394,0.3354,0.3376,5579666.8
1769673600000,2026-01-29 10:00:00,0.3376,0.339,0.3351,0.3379,7446605.4
1769688000000,2026-01-29 14:00:00,0.3379,0.3395,0.3189,0.325,34960952.6
1769702400000,2026-01-29 18:00:00,0.325,0.3335,0.3216,0.3272,17141316.8
1769716800000,2026-01-29 22:00:00,0.3272,0.3318,0.3259,0.3293,8645945.2
1769731200000,2026-01-30 02:00:00,0.3293,0.3305,0.3094,0.318,30252748.6
1769745600000,2026-01-30 06:00:00,0.318,0.3226,0.3126,0.3193,10139092.4
1769760000000,2026-01-30 10:00:00,0.3193,0.3267,0.3178,0.3252,7369169.2
1769774400000,2026-01-30 14:00:00,0.3252,0.3258,0.316,0.3211,12491488.2
1769788800000,2026-01-30 18:00:00,0.3211,0.3257,0.3115,0.3213,17175871.9
1769803200000,2026-01-30 22:00:00,0.3213,0.3214,0.3135,0.3171,12908722.8
1769817600000,2026-01-31 02:00:00,0.3171,0.3176,0.3127,0.3144,4840196.7
1769832000000,2026-01-31 06:00:00,0.3144,0.3154,0.3091,0.3114,7367637.1
1769846400000,2026-01-31 10:00:00,0.3114,0.3121,0.3035,0.3093,10656053.9
1769860800000,2026-01-31 14:00:00,0.3093,0.3095,0.2857,0.2951,31553524.9
1769875200000,2026-01-31 18:00:00,0.2951,0.3005,0.2597,0.2793,85585650.1
1769889600000,2026-01-31 22:00:00,0.2793,0.2906,0.2773,0.2887,18401146.8
1769904000000,2026-02-01 02:00:00,0.2887,0.2907,0.2865,0.289,8870159.4
1769918400000,2026-02-01 06:00:00,0.289,0.2927,0.2862,0.2903,7941143.5
1769932800000,2026-02-01 10:00:00,0.2903,0.2929,0.2869,0.29,7395577.4
1769947200000,2026-02-01 14:00:00,0.29,0.2906,0.2745,0.2774,18380544.2
1769961600000,2026-02-01 18:00:00,0.2774,0.2875,0.2767,0.2815,15829677.0
1769976000000,2026-02-01 22:00:00,0.2815,0.2852,0.272,0.2792,19951209.9
1769990400000,2026-02-02 02:00:00,0.2792,0.2859,0.2656,0.2772,32642662.0
1770004800000,2026-02-02 06:00:00,0.2772,0.282,0.2698,0.2791,31419497.6
1770019200000,2026-02-02 10:00:00,0.2791,0.2835,0.2777,0.281,14245689.8
1770033600000,2026-02-02 14:00:00,0.281,0.2917,0.281,0.2899,17242238.7
1770048000000,2026-02-02 18:00:00,0.2899,0.2908,0.2861,0.2866,8529557.1
1770062400000,2026-02-02 22:00:00,0.2866,0.2898,0.2854,0.2878,6525371.8
1770076800000,2026-02-03 02:00:00,0.2878,0.2892,0.2838,0.2887,8984622.7
1770091200000,2026-02-03 06:00:00,0.2887,0.2905,0.285,0.2876,14421094.0
1770105600000,2026-02-03 10:00:00,0.2876,0.2891,0.2829,0.2864,11799541.9
1770120000000,2026-02-03 14:00:00,0.2864,0.2888,0.2808,0.2884,15878087.9
1770134400000,2026-02-03 18:00:00,0.2884,0.2884,0.2668,0.2799,38960127.6
1770148800000,2026-02-03 22:00:00,0.2799,0.2918,0.2747,0.2766,25399617.3
1770163200000,2026-02-04 02:00:00,0.2766,0.2851,0.2755,0.2843,10962176.1
1770177600000,2026-02-04 06:00:00,0.2843,0.2864,0.2811,0.285,7463475.6
1770192000000,2026-02-04 10:00:00,0.285,0.2862,0.2809,0.2829,6972660.8
1770206400000,2026-02-04 14:00:00,0.2829,0.2838,0.2731,0.2759,19707306.5
1770220800000,2026-02-04 18:00:00,0.2759,0.2816,0.2695,0.281,31671733.1
1770235200000,2026-02-04 22:00:00,0.281,0.2813,0.2706,0.2749,14181427.3
1770249600000,2026-02-05 02:00:00,0.2749,0.2764,0.262,0.2637,22569140.2
1770264000000,2026-02-05 06:00:00,0.2637,0.2679,0.2595,0.2653,22786606.3
1770278400000,2026-02-05 10:00:00,0.2653,0.2699,0.2551,0.2568,22458151.4
1770292800000,2026-02-05 14:00:00,0.2568,0.2647,0.2425,0.2511,63883422.6
1770307200000,2026-02-05 18:00:00,0.2511,0.2553,0.2395,0.2407,50288400.6
1770321600000,2026-02-05 22:00:00,0.2407,0.2423,0.2274,0.2303,84329339.9
1770336000000,2026-02-06 02:00:00,0.2303,0.2366,0.2021,0.2304,140854328.5
1770350400000,2026-02-06 06:00:00,0.2304,0.2398,0.2295,0.233,25433606.4
1770364800000,2026-02-06 10:00:00,0.233,0.2393,0.2299,0.2372,24928963.7
1770379200000,2026-02-06 14:00:00,0.2372,0.2497,0.2355,0.2477,19858951.4
1770393600000,2026-02-06 18:00:00,0.2477,0.2642,0.2467,0.2564,24144590.1
1770408000000,2026-02-06 22:00:00,0.2564,0.2614,0.2535,0.2574,12247885.5
1770422400000,2026-02-07 02:00:00,0.2574,0.2606,0.2534,0.2595,9558051.6
1770436800000,2026-02-07 06:00:00,0.2595,0.2622,0.2489,0.2521,14393017.5
1770451200000,2026-02-07 10:00:00,0.2521,0.2568,0.2514,0.2531,11634597.3
1770465600000,2026-02-07 14:00:00,0.2531,0.2636,0.2527,0.2567,17202314.6
1770480000000,2026-02-07 18:00:00,0.2567,0.2634,0.2553,0.2574,62601905.6
1770494400000,2026-02-07 22:00:00,0.2574,0.2597,0.256,0.2573,5129045.0
1770508800000,2026-02-08 02:00:00,0.2573,0.2575,0.2537,0.2541,4476519.2
1770523200000,2026-02-08 06:00:00,0.2541,0.2555,0.2527,0.2544,4015303.1
1770537600000,2026-02-08 10:00:00,0.2544,0.2579,0.2524,0.2574,10862183.9
1770552000000,2026-02-08 14:00:00,0.2574,0.2596,0.2546,0.2558,11346152.5
1770566400000,2026-02-08 18:00:00,0.2558,0.2567,0.248,0.2554,14985034.7
1770580800000,2026-02-08 22:00:00,0.2554,0.2574,0.2493,0.2521,9731892.8
1770595200000,2026-02-09 02:00:00,0.2521,0.2577,0.2502,0.2566,11341293.6
1770609600000,2026-02-09 06:00:00,0.2566,0.2566,0.2515,0.2516,11022978.2
1770624000000,2026-02-09 10:00:00,0.2516,0.2527,0.2493,0.2498,13081927.8
1770638400000,2026-02-09 14:00:00,0.2498,0.2507,0.243,0.2495,23248352.6
1770652800000,2026-02-09 18:00:00,0.2495,0.2553,0.2478,0.2544,14281088.9
1770667200000,2026-02-09 22:00:00,0.2544,0.2558,0.2517,0.2529,8295416.7
1770681600000,2026-02-10 02:00:00,0.2529,0.2549,0.2494,0.2504,8912697.5
1770696000000,2026-02-10 06:00:00,0.2504,0.2526,0.2451,0.2472,9668809.6
1770710400000,2026-02-10 10:00:00,0.2472,0.2487,0.2413,0.2423,10077200.0
1770724800000,2026-02-10 14:00:00,0.2423,0.243,0.2288,0.2351,30055927.8
1770739200000,2026-02-10 18:00:00,0.2351,0.2359,0.2286,0.2326,15059264.5
1770753600000,2026-02-10 22:00:00,0.2326,0.234,0.2278,0.2327,13630058.7
1770768000000,2026-02-11 02:00:00,0.2327,0.2365,0.2322,0.2354,9266405.6
1770782400000,2026-02-11 06:00:00,0.2354,0.2355,0.226,0.2274,13416740.5
1770796800000,2026-02-11 10:00:00,0.2274,0.2284,0.2258,0.2281,10774160.4
1770811200000,2026-02-11 14:00:00,0.2281,0.2408,0.2246,0.2274,35261632.2
1770825600000,2026-02-11 18:00:00,0.2274,0.2334,0.2266,0.2308,18427773.4
1770840000000,2026-02-11 22:00:00,0.2308,0.235,0.2295,0.2315,12822494.2
1770854400000,2026-02-12 02:00:00,0.2315,0.2357,0.231,0.2356,8502415.6
1770868800000,2026-02-12 06:00:00,0.2356,0.24,0.2348,0.2398,8903573.5
1770883200000,2026-02-12 10:00:00,0.2398,0.2463,0.2384,0.2438,9749424.5
1770897600000,2026-02-12 14:00:00,0.2438,0.244,0.2353,0.2357,17838842.6
1770912000000,2026-02-12 18:00:00,0.2357,0.2378,0.2296,0.2354,21905290.5
1770926400000,2026-02-12 22:00:00,0.2354,0.239,0.2327,0.2387,9766471.7
1770940800000,2026-02-13 02:00:00,0.2387,0.2393,0.2346,0.2373,10514706.7
1770955200000,2026-02-13 06:00:00,0.2373,0.2379,0.2324,0.2365,12921908.7
1770969600000,2026-02-13 10:00:00,0.2365,0.2431,0.236,0.241,15412919.4
1770984000000,2026-02-13 14:00:00,0.241,0.2494,0.2386,0.246,20952255.4
1770998400000,2026-02-13 18:00:00,0.246,0.2534,0.2452,0.2524,17351504.7
1771012800000,2026-02-13 22:00:00,0.2524,0.2535,0.2508,0.2512,10492581.3
1771027200000,2026-02-14 02:00:00,0.2512,0.261,0.2505,0.2556,15608216.7
1771041600000,2026-02-14 06:00:00,0.2556,0.256,0.2503,0.2519,7694769.6
1771056000000,2026-02-14 10:00:00,0.2519,0.2573,0.2505,0.257,11694354.6
1771070400000,2026-02-14 14:00:00,0.257,0.263,0.253,0.2625,19515097.1
1771084800000,2026-02-14 18:00:00,0.2625,0.2678,0.2606,0.2672,14683844.9
1771099200000,2026-02-14 22:00:00,0.2672,0.2694,0.264,0.2657,12641526.2
1771113600000,2026-02-15 02:00:00,0.2657,0.267,0.2622,0.2661,10801980.4
1771128000000,2026-02-15 06:00:00,0.2661,0.2707,0.2642,0.266,8911602.4
1771142400000,2026-02-15 10:00:00,0.266,0.267,0.2566,0.2574,12467612.4
1771156800000,2026-02-15 14:00:00,0.2574,0.2578,0.2494,0.2524,18037392.8
1771171200000,2026-02-15 18:00:00,0.2524,0.2525,0.2459,0.2481,14407642.1
1771185600000,2026-02-15 22:00:00,0.2481,0.2503,0.2472,0.2499,4738537.1
1771200000000,2026-02-16 02:00:00,0.2499,0.2541,0.2495,0.2528,10695123.4
1771214400000,2026-02-16 06:00:00,0.2528,0.257,0.2514,0.2528,13916138.0
1771228800000,2026-02-16 10:00:00,0.2528,0.2581,0.2513,0.2545,9907164.2
1771243200000,2026-02-16 14:00:00,0.2545,0.2595,0.2478,0.2496,20148859.4
1771257600000,2026-02-16 18:00:00,0.2496,0.2554,0.2495,0.2545,9543841.4
1771272000000,2026-02-16 22:00:00,0.2545,0.2557,0.253,0.2546,10836756.3
1771286400000,2026-02-17 02:00:00,0.2546,0.2571,0.2531,0.2533,7806624.8
1771300800000,2026-02-17 06:00:00,0.2533,0.2547,0.2514,0.2535,7214199.8
1771315200000,2026-02-17 10:00:00,0.2535,0.2552,0.2508,0.2517,8188210.3
1771329600000,2026-02-17 14:00:00,0.2517,0.2551,0.2477,0.2513,13513165.1
1771344000000,2026-02-17 18:00:00,0.2513,0.2563,0.2494,0.252,16019102.1
1771358400000,2026-02-17 22:00:00,0.252,0.2534,0.2505,0.2524,8726363.8
1771372800000,2026-02-18 02:00:00,0.2524,0.2542,0.2493,0.2539,8088390.9
1771387200000,2026-02-18 06:00:00,0.2539,0.254,0.251,0.2534,6056917.5
1771401600000,2026-02-18 10:00:00,0.2534,0.2581,0.2507,0.2514,10396160.9
1771416000000,2026-02-18 14:00:00,0.2514,0.2544,0.2478,0.2523,11904394.2
1771430400000,2026-02-18 18:00:00,0.2523,0.2524,0.2428,0.2443,14146473.0
1771444800000,2026-02-18 22:00:00,0.2443,0.2457,0.2422,0.244,11718822.8
1771459200000,2026-02-19 02:00:00,0.244,0.2469,0.2426,0.2469,10240561.5
1771473600000,2026-02-19 06:00:00,0.2469,0.2487,0.2445,0.2476,9790740.7
1771488000000,2026-02-19 10:00:00,0.2476,0.2476,0.2418,0.2441,7226641.4
