timestamp,datetime,open,high,low,close,volume
1735207200000,2024-12-26 12:00:00,0.2099,0.21083,0.20873,0.2102,1722694.2
1735210800000,2024-12-26 13:00:00,0.2102,0.21296,0.21016,0.21112,894875.8
1735214400000,2024-12-26 14:00:00,0.21112,0.21124,0.20896,0.20932,760533.8
1735218000000,2024-12-26 15:00:00,0.20932,0.20999,0.20753,0.20898,3201483.6
1735221600000,2024-12-26 16:00:00,0.20898,0.2112,0.20724,0.20786,2084027.0
1735225200000,2024-12-26 17:00:00,0.20786,0.20949,0.20713,0.20796,822965.0
1735228800000,2024-12-26 18:00:00,0.20796,0.2104,0.20751,0.20971,1736630.2
1735232400000,2024-12-26 19:00:00,0.20971,0.20994,0.20518,0.20725,2179943.8
1735236000000,2024-12-26 20:00:00,0.20725,0.20896,0.20621,0.20852,905079.5
1735239600000,2024-12-26 21:00:00,0.20852,0.20906,0.20703,0.2089,599659.8
1735243200000,2024-12-26 22:00:00,0.2089,0.20925,0.2062,0.20708,1399409.7
1735246800000,2024-12-26 23:00:00,0.20708,0.20841,0.20538,0.20792,1687930.9
1735250400000,2024-12-27 00:00:00,0.20792,0.20907,0.20792,0.20844,664612.1
1735254000000,2024-12-27 01:00:00,0.20844,0.20864,0.2063,0.2076,1184079.4
1735257600000,2024-12-27 02:00:00,0.2076,0.20883,0.20579,0.20839,1121559.2
1735261200000,2024-12-27 03:00:00,0.20839,0.21071,0.20736,0.20958,1072368.2
1735264800000,2024-12-27 04:00:00,0.20958,0.21184,0.20832,0.20869,1408737.6
1735268400000,2024-12-27 05:00:00,0.20869,0.21097,0.20822,0.21045,820902.5
1735272000000,2024-12-27 06:00:00,0.21045,0.21183,0.20918,0.20936,572262.9
1735275600000,2024-12-27 07:00:00,0.20936,0.20981,0.20754,0.20902,1082359.8
1735279200000,2024-12-27 08:00:00,0.20902,0.21188,0.20881,0.21188,772104.6
1735282800000,2024-12-27 09:00:00,0.21188,0.21195,0.2046,0.20688,2670521.8
1735286400000,2024-12-27 10:00:00,0.20688,0.21095,0.20676,0.20908,3175523.4
1735290000000,2024-12-27 11:00:00,0.20908,0.21829,0.20897,0.21664,4277373.7
1735293600000,2024-12-27 12:00:00,0.21664,0.21708,0.21215,0.21532,2930455.5
1735297200000,2024-12-27 13:00:00,0.21532,0.21644,0.21467,0.21594,880477.3
1735300800000,2024-12-27 14:00:00,0.21594,0.2168,0.21509,0.21544,750290.8
1735304400000,2024-12-27 15:00:00,0.21544,0.21604,0.21206,0.21265,1363914.2
1735308000000,2024-12-27 16:00:00,0.21265,0.21265,0.20772,0.20978,3254442.7
1735311600000,2024-12-27 17:00:00,0.20978,0.2098,0.20543,0.2068,3551734.5
1735315200000,2024-12-27 18:00:00,0.2068,0.20744,0.20449,0.20555,1848963.1
1735318800000,2024-12-27 19:00:00,0.20555,0.21188,0.20465,0.21142,2421532.7
1735322400000,2024-12-27 20:00:00,0.21142,0.2119,0.21051,0.21101,960852.6
1735326000000,2024-12-27 21:00:00,0.21101,0.21141,0.20959,0.21075,532799.8
1735329600000,2024-12-27 22:00:00,0.21075,0.21107,0.20874,0.2098,1325879.8
1735333200000,2024-12-27 23:00:00,0.2098,0.21034,0.20702,0.20721,591468.8
1735336800000,2024-12-28 00:00:00,0.20721,0.20812,0.20582,0.20667,890953.8
1735340400000,2024-12-28 01:00:00,0.20667,0.2072,0.20535,0.20713,848478.3
1735344000000,2024-12-28 02:00:00,0.20713,0.20878,0.20674,0.20836,769698.4
1735347600000,2024-12-28 03:00:00,0.20836,0.2086,0.20563,0.20717,1182037.1
1735351200000,2024-12-28 04:00:00,0.20717,0.20863,0.20642,0.20652,539549.5
1735354800000,2024-12-28 05:00:00,0.20652,0.2085,0.20649,0.20815,510640.9
1735358400000,2024-12-28 06:00:00,0.20815,0.20832,0.2067,0.20684,510699.1
1735362000000,2024-12-28 07:00:00,0.20684,0.20848,0.20684,0.2077,401832.5
1735365600000,2024-12-28 08:00:00,0.2077,0.20786,0.20518,0.20588,978061.2
1735369200000,2024-12-28 09:00:00,0.20588,0.20693,0.20495,0.20517,512709.7
1735372800000,2024-12-28 10:00:00,0.20517,0.20726,0.20515,0.20695,447469.7
1735376400000,2024-12-28 11:00:00,0.20695,0.20767,0.20662,0.20686,742277.1
1735380000000,2024-12-28 12:00:00,0.20686,0.20714,0.20455,0.2046,1009484.6
1735383600000,2024-12-28 13:00:00,0.2046,0.20677,0.20448,0.20651,493213.0
1735387200000,2024-12-28 14:00:00,0.20651,0.20678,0.20427,0.20468,740687.1
1735390800000,2024-12-28 15:00:00,0.20468,0.21047,0.20457,0.20991,2168115.3
1735394400000,2024-12-28 16:00:00,0.20991,0.21461,0.20936,0.21069,4369665.4
1735398000000,2024-12-28 17:00:00,0.21069,0.21299,0.20938,0.20954,2370131.7
1735401600000,2024-12-28 18:00:00,0.20954,0.21312,0.20859,0.21302,1303144.7
1735405200000,2024-12-28 19:00:00,0.21302,0.21556,0.21288,0.21359,1373700.0
1735408800000,2024-12-28 20:00:00,0.21359,0.21403,0.2118,0.21247,787170.8
1735412400000,2024-12-28 21:00:00,0.21247,0.2135,0.21243,0.21341,277165.4
1735416000000,2024-12-28 22:00:00,0.21341,0.21398,0.212,0.21379,501058.3
1735419600000,2024-12-28 23:00:00,0.21379,0.21592,0.21312,0.21592,1142559.0
1735423200000,2024-12-29 00:00:00,0.21592,0.21747,0.21548,0.21683,1190758.2
1735426800000,2024-12-29 01:00:00,0.21683,0.21722,0.21523,0.2157,887454.3
1735430400000,2024-12-29 02:00:00,0.2157,0.21646,0.21376,0.2147,1634383.8
1735434000000,2024-12-29 03:00:00,0.2147,0.21598,0.2123,0.21255,809958.6
1735437600000,2024-12-29 04:00:00,0.21255,0.21597,0.21255,0.21594,567378.2
1735441200000,2024-12-29 05:00:00,0.21594,0.21842,0.2154,0.21841,1227319.5
1735444800000,2024-12-29 06:00:00,0.21841,0.2191,0.21584,0.21594,877886.6
1735448400000,2024-12-29 07:00:00,0.21594,0.21628,0.21465,0.2147,656568.0
1735452000000,2024-12-29 08:00:00,0.2147,0.21691,0.21368,0.21675,720570.0
1735455600000,2024-12-29 09:00:00,0.21675,0.21732,0.21523,0.21727,573656.1
1735459200000,2024-12-29 10:00:00,0.21727,0.21766,0.21424,0.21451,527874.9
1735462800000,2024-12-29 11:00:00,0.21451,0.21495,0.21369,0.21459,509921.9
1735466400000,2024-12-29 12:00:00,0.21459,0.21501,0.21387,0.21397,1097891.1
1735470000000,2024-12-29 13:00:00,0.21397,0.21421,0.21247,0.21247,810140.3
1735473600000,2024-12-29 14:00:00,0.21247,0.2136,0.21135,0.21166,851950.0
1735477200000,2024-12-29 15:00:00,0.21166,0.21356,0.21096,0.21329,1090874.0
1735480800000,2024-12-29 16:00:00,0.21329,0.2154,0.20977,0.21099,2450033.4
1735484400000,2024-12-29 17:00:00,0.21099,0.2119,0.21025,0.21113,845776.3
1735488000000,2024-12-29 18:00:00,0.21113,0.21115,0.20747,0.20762,3159445.7
1735491600000,2024-12-29 19:00:00,0.20762,0.20866,0.20681,0.20769,1512928.8
1735495200000,2024-12-29 20:00:00,0.20769,0.20799,0.2062,0.20747,2766450.8
1735498800000,2024-12-29 21:00:00,0.20747,0.20803,0.20676,0.20714,1161421.7
1735502400000,2024-12-29 22:00:00,0.20714,0.20753,0.20487,0.2075,1393373.9
1735506000000,2024-12-29 23:00:00,0.2075,0.20807,0.2052,0.20568,1099539.7
1735509600000,2024-12-30 00:00:00,0.20568,0.20662,0.20352,0.20498,2416996.7
1735513200000,2024-12-30 01:00:00,0.20498,0.2073,0.20411,0.20665,2092437.8
1735516800000,2024-12-30 02:00:00,0.20665,0.2091,0.20542,0.20853,1617037.2
1735520400000,2024-12-30 03:00:00,0.20853,0.21571,0.20827,0.21258,2923987.6
1735524000000,2024-12-30 04:00:00,0.21258,0.21417,0.2113,0.21347,1247345.1
1735527600000,2024-12-30 05:00:00,0.21347,0.21454,0.2111,0.21142,2385217.9
1735531200000,2024-12-30 06:00:00,0.21142,0.21277,0.20952,0.20964,845220.3
1735534800000,2024-12-30 07:00:00,0.20964,0.21091,0.20912,0.21076,619231.1
1735538400000,2024-12-30 08:00:00,0.21076,0.21368,0.21066,0.21203,806156.0
1735542000000,2024-12-30 09:00:00,0.21203,0.21257,0.2091,0.21025,984197.9
1735545600000,2024-12-30 10:00:00,0.21025,0.2123,0.20953,0.21002,1362689.0
1735549200000,2024-12-30 11:00:00,0.21002,0.21042,0.20851,0.20953,844209.8
1735552800000,2024-12-30 12:00:00,0.20953,0.21014,0.20791,0.20812,871701.5
1735556400000,2024-12-30 13:00:00,0.20812,0.20883,0.20626,0.20862,1515228.7
1735560000000,2024-12-30 14:00:00,0.20862,0.21052,0.20718,0.20763,840224.1
1735563600000,2024-12-30 15:00:00,0.20763,0.20855,0.20114,0.20129,3088104.8
1735567200000,2024-12-30 16:00:00,0.20129,0.203,0.19896,0.19985,2416367.7
1735570800000,2024-12-30 17:00:00,0.19985,0.20156,0.19872,0.20023,2539633.4
1735574400000,2024-12-30 18:00:00,0.20023,0.20095,0.19813,0.1994,1188357.8
1735578000000,2024-12-30 19:00:00,0.1994,0.20673,0.19936,0.20563,2129227.1
1735581600000,2024-12-30 20:00:00,0.20563,0.2084,0.20519,0.20807,1642175.8
1735585200000,2024-12-30 21:00:00,0.20807,0.20927,0.20789,0.20908,1048513.8
1735588800000,2024-12-30 22:00:00,0.20908,0.21171,0.20873,0.20912,1242591.2
1735592400000,2024-12-30 23:00:00,0.20912,0.20928,0.2016,0.20182,4791429.7
1735596000000,2024-12-31 00:00:00,0.20182,0.20456,0.20173,0.20352,1241197.0
1735599600000,2024-12-31 01:00:00,0.20352,0.20393,0.20216,0.20372,527612.7
1735603200000,2024-12-31 02:00:00,0.20372,0.20375,0.20022,0.20038,784037.9
1735606800000,2024-12-31 03:00:00,0.20038,0.20094,0.19898,0.20031,1358007.2
1735610400000,2024-12-31 04:00:00,0.20031,0.20054,0.19894,0.19921,999314.4
1735614000000,2024-12-31 05:00:00,0.19921,0.19987,0.19824,0.19863,723507.1
1735617600000,2024-12-31 06:00:00,0.19863,0.2002,0.1979,0.1981,698766.0
1735621200000,2024-12-31 07:00:00,0.1981,0.20002,0.19798,0.19833,1159538.6
1735624800000,2024-12-31 08:00:00,0.19833,0.19997,0.19761,0.19884,1483868.4
1735628400000,2024-12-31 09:00:00,0.19884,0.20013,0.19862,0.19987,1615128.0
1735632000000,2024-12-31 10:00:00,0.19987,0.20634,0.19964,0.20285,2482357.7
1735635600000,2024-12-31 11:00:00,0.20285,0.20467,0.20226,0.20427,821252.3
1735639200000,2024-12-31 12:00:00,0.20427,0.20542,0.20256,0.20401,1167552.4
1735642800000,2024-12-31 13:00:00,0.20401,0.20502,0.20359,0.20433,368827.8
1735646400000,2024-12-31 14:00:00,0.20433,0.20634,0.2034,0.20344,1182876.7
1735650000000,2024-12-31 15:00:00,0.20344,0.2093,0.2033,0.20788,1509401.3
1735653600000,2024-12-31 16:00:00,0.20788,0.21072,0.20749,0.20857,1433240.1
1735657200000,2024-12-31 17:00:00,0.20857,0.20916,0.2064,0.20807,1595585.3
1735660800000,2024-12-31 18:00:00,0.20807,0.20886,0.20581,0.20774,1372773.8
1735664400000,2024-12-31 19:00:00,0.20774,0.20815,0.20159,0.20423,2256451.7
1735668000000,2024-12-31 20:00:00,0.20423,0.20537,0.2032,0.20354,641197.6
1735671600000,2024-12-31 21:00:00,0.20354,0.20422,0.20223,0.20294,623125.0
1735675200000,2024-12-31 22:00:00,0.20294,0.20363,0.20101,0.20211,1709729.2
1735678800000,2024-12-31 23:00:00,0.20211,0.20325,0.20077,0.20215,1957999.4
1735682400000,2025-01-01 00:00:00,0.20215,0.20215,0.19854,0.19892,1009027.7
1735686000000,2025-01-01 01:00:00,0.19892,0.20009,0.19855,0.19955,1150078.5
1735689600000,2025-01-01 02:00:00,0.19955,0.20395,0.19914,0.2039,2958784.4
1735693200000,2025-01-01 03:00:00,0.2039,0.20393,0.20075,0.20108,758749.8
1735696800000,2025-01-01 04:00:00,0.20108,0.20176,0.20086,0.20147,470258.5
1735700400000,2025-01-01 05:00:00,0.20147,0.20162,0.19966,0.19988,8420050.3
1735704000000,2025-01-01 06:00:00,0.19988,0.19991,0.1988,0.19886,855251.3
1735707600000,2025-01-01 07:00:00,0.19886,0.19998,0.19857,0.19941,1036090.0
1735711200000,2025-01-01 08:00:00,0.19941,0.19969,0.19812,0.19902,465696.3
1735714800000,2025-01-01 09:00:00,0.19902,0.19967,0.19883,0.19916,436472.8
1735718400000,2025-01-01 10:00:00,0.19916,0.19976,0.19718,0.19734,641339.0
1735722000000,2025-01-01 11:00:00,0.19734,0.19787,0.19545,0.19696,1356640.0
1735725600000,2025-01-01 12:00:00,0.19696,0.19879,0.19692,0.19765,1517059.8
1735729200000,2025-01-01 13:00:00,0.19765,0.20034,0.19668,0.19891,997519.9
1735732800000,2025-01-01 14:00:00,0.19891,0.2012,0.19851,0.20112,868905.1
1735736400000,2025-01-01 15:00:00,0.20112,0.20299,0.19968,0.20076,1855118.3
1735740000000,2025-01-01 16:00:00,0.20076,0.20266,0.19892,0.20059,1608759.6
1735743600000,2025-01-01 17:00:00,0.20059,0.20356,0.19939,0.20354,1026808.7
1735747200000,2025-01-01 18:00:00,0.20354,0.20554,0.20232,0.20349,2212692.8
1735750800000,2025-01-01 19:00:00,0.20349,0.20503,0.20116,0.20449,2460542.4
1735754400000,2025-01-01 20:00:00,0.20449,0.20898,0.20353,0.2084,2323873.8
1735758000000,2025-01-01 21:00:00,0.2084,0.2099,0.20636,0.20882,2242571.9
1735761600000,2025-01-01 22:00:00,0.20882,0.21062,0.20882,0.2102,1500316.1
1735765200000,2025-01-01 23:00:00,0.2102,0.21108,0.209,0.2097,1330696.6
1735768800000,2025-01-02 00:00:00,0.2097,0.2098,0.20831,0.20961,1179341.5
1735772400000,2025-01-02 01:00:00,0.20961,0.20979,0.20824,0.20842,1240770.4
1735776000000,2025-01-02 02:00:00,0.20842,0.21388,0.20818,0.21265,2939130.2
1735779600000,2025-01-02 03:00:00,0.21265,0.21359,0.21048,0.21177,1003805.1
1735783200000,2025-01-02 04:00:00,0.21177,0.2134,0.21109,0.2134,792925.6
1735786800000,2025-01-02 05:00:00,0.2134,0.21406,0.21289,0.21351,787490.2
1735790400000,2025-01-02 06:00:00,0.21351,0.2164,0.2134,0.21571,1501091.3
1735794000000,2025-01-02 07:00:00,0.21571,0.21623,0.2139,0.215,1165768.3
1735797600000,2025-01-02 08:00:00,0.215,0.2159,0.21312,0.21375,752089.7
1735801200000,2025-01-02 09:00:00,0.21375,0.217,0.21375,0.21581,1691094.2
1735804800000,2025-01-02 10:00:00,0.21581,0.21788,0.21509,0.21765,1115851.0
1735808400000,2025-01-02 11:00:00,0.21765,0.22233,0.21718,0.22226,2927676.7
1735812000000,2025-01-02 12:00:00,0.22226,0.2238,0.22079,0.22156,3984195.9
1735815600000,2025-01-02 13:00:00,0.22156,0.22415,0.22066,0.22274,3059598.3
1735819200000,2025-01-02 14:00:00,0.22274,0.22383,0.22178,0.22307,1655164.9
1735822800000,2025-01-02 15:00:00,0.22307,0.22351,0.2209,0.22162,1437523.0
1735826400000,2025-01-02 16:00:00,0.22162,0.22634,0.21912,0.22321,4904370.5
1735830000000,2025-01-02 17:00:00,0.22321,0.22391,0.21943,0.22128,1932524.3
1735833600000,2025-01-02 18:00:00,0.22128,0.2236,0.2198,0.22226,1501072.6
1735837200000,2025-01-02 19:00:00,0.22226,0.22349,0.21864,0.22044,2599460.8
1735840800000,2025-01-02 20:00:00,0.22044,0.22197,0.21963,0.22191,1075185.0
1735844400000,2025-01-02 21:00:00,0.22191,0.22253,0.22082,0.22089,1070520.6
1735848000000,2025-01-02 22:00:00,0.22089,0.22255,0.22014,0.22057,739516.9
1735851600000,2025-01-02 23:00:00,0.22057,0.22111,0.21947,0.22022,621591.2
1735855200000,2025-01-03 00:00:00,0.22022,0.22022,0.21751,0.21929,1316570.9
1735858800000,2025-01-03 01:00:00,0.21929,0.22034,0.21815,0.21965,1173162.6
1735862400000,2025-01-03 02:00:00,0.21965,0.22087,0.21824,0.2183,1519909.3
1735866000000,2025-01-03 03:00:00,0.2183,0.21911,0.21683,0.21879,1084090.7
1735869600000,2025-01-03 04:00:00,0.21879,0.22213,0.21833,0.21969,2892280.1
1735873200000,2025-01-03 05:00:00,0.21969,0.22145,0.21911,0.22116,1080487.7
1735876800000,2025-01-03 06:00:00,0.22116,0.22119,0.21787,0.21823,714490.5
1735880400000,2025-01-03 07:00:00,0.21823,0.21854,0.21706,0.21771,1235248.2
1735884000000,2025-01-03 08:00:00,0.21771,0.21934,0.21758,0.21784,535933.8
1735887600000,2025-01-03 09:00:00,0.21784,0.21799,0.21588,0.21621,1778353.0
1735891200000,2025-01-03 10:00:00,0.21621,0.21787,0.21574,0.21763,987528.6
1735894800000,2025-01-03 11:00:00,0.21763,0.22359,0.21763,0.22245,2856535.0
1735898400000,2025-01-03 12:00:00,0.22245,0.22422,0.22043,0.22274,1706619.6
1735902000000,2025-01-03 13:00:00,0.22274,0.22888,0.22274,0.22816,3117404.2
1735905600000,2025-01-03 14:00:00,0.22816,0.23227,0.22772,0.23024,3782886.7
1735909200000,2025-01-03 15:00:00,0.23024,0.23302,0.23024,0.23144,2530153.0
1735912800000,2025-01-03 16:00:00,0.23144,0.23764,0.23138,0.23645,3857273.1
1735916400000,2025-01-03 17:00:00,0.23645,0.24082,0.23495,0.23978,4310387.1
1735920000000,2025-01-03 18:00:00,0.23978,0.2418,0.23838,0.24059,2563941.7
1735923600000,2025-01-03 19:00:00,0.24059,0.24163,0.23934,0.24101,1763731.8
1735927200000,2025-01-03 20:00:00,0.24101,0.24395,0.24088,0.24169,1802273.0
1735930800000,2025-01-03 21:00:00,0.24169,0.24328,0.24077,0.24215,2020901.0
1735934400000,2025-01-03 22:00:00,0.24215,0.24239,0.23944,0.24019,2577164.1
1735938000000,2025-01-03 23:00:00,0.24019,0.24234,0.23947,0.24084,1053234.9
1735941600000,2025-01-04 00:00:00,0.24084,0.24181,0.23975,0.24143,865664.0
1735945200000,2025-01-04 01:00:00,0.24143,0.24174,0.24028,0.24168,523997.3
1735948800000,2025-01-04 02:00:00,0.24168,0.24268,0.23862,0.23959,1970819.6
1735952400000,2025-01-04 03:00:00,0.23959,0.24201,0.23768,0.24195,1674729.0
1735956000000,2025-01-04 04:00:00,0.24195,0.24374,0.24089,0.24342,2655811.7
1735959600000,2025-01-04 05:00:00,0.24342,0.24416,0.24185,0.24338,944669.2
1735963200000,2025-01-04 06:00:00,0.24338,0.24346,0.2395,0.24062,979789.6
1735966800000,2025-01-04 07:00:00,0.24062,0.24307,0.24023,0.24282,776077.8
1735970400000,2025-01-04 08:00:00,0.24282,0.24438,0.24221,0.24377,1545498.3
1735974000000,2025-01-04 09:00:00,0.24377,0.24435,0.24207,0.24324,2700903.7
1735977600000,2025-01-04 10:00:00,0.24324,0.2437,0.23901,0.23926,2101470.5
1735981200000,2025-01-04 11:00:00,0.23926,0.2412,0.2392,0.23983,1277246.2
1735984800000,2025-01-04 12:00:00,0.23983,0.24044,0.23685,0.24023,2986644.4
1735988400000,2025-01-04 13:00:00,0.24023,0.24072,0.2388,0.24044,1153039.1
1735992000000,2025-01-04 14:00:00,0.24044,0.24434,0.23998,0.24429,1773669.8
1735995600000,2025-01-04 15:00:00,0.24429,0.24536,0.24302,0.24498,1675122.7
1735999200000,2025-01-04 16:00:00,0.24498,0.2463,0.24324,0.24593,1414854.0
1736002800000,2025-01-04 17:00:00,0.24593,0.24611,0.23768,0.23917,4243531.3
1736006400000,2025-01-04 18:00:00,0.23917,0.2413,0.23853,0.24,1538375.7
1736010000000,2025-01-04 19:00:00,0.24,0.24174,0.23924,0.24162,1503434.0
1736013600000,2025-01-04 20:00:00,0.24162,0.24229,0.24002,0.24046,899284.9
1736017200000,2025-01-04 21:00:00,0.24046,0.24189,0.23995,0.24126,1596991.2
1736020800000,2025-01-04 22:00:00,0.24126,0.24259,0.24084,0.24165,681311.6
1736024400000,2025-01-04 23:00:00,0.24165,0.24258,0.24053,0.24063,617096.5
1736028000000,2025-01-05 00:00:00,0.24063,0.24116,0.23982,0.24083,419814.9
1736031600000,2025-01-05 01:00:00,0.24083,0.2412,0.23989,0.24032,343554.4
1736035200000,2025-01-05 02:00:00,0.24032,0.24095,0.23944,0.23995,667725.7
1736038800000,2025-01-05 03:00:00,0.23995,0.24014,0.23797,0.2389,916914.0
1736042400000,2025-01-05 04:00:00,0.2389,0.23966,0.2386,0.23966,500140.5
1736046000000,2025-01-05 05:00:00,0.23966,0.23966,0.23776,0.23883,825025.8
1736049600000,2025-01-05 06:00:00,0.23883,0.2417,0.23876,0.24163,914578.9
1736053200000,2025-01-05 07:00:00,0.24163,0.24194,0.23867,0.23929,1168902.0
1736056800000,2025-01-05 08:00:00,0.23929,0.24108,0.23901,0.24053,724402.5
1736060400000,2025-01-05 09:00:00,0.24053,0.24158,0.23975,0.24029,647094.4
1736064000000,2025-01-05 10:00:00,0.24029,0.24067,0.23642,0.23934,2057270.6
1736067600000,2025-01-05 11:00:00,0.23934,0.23983,0.23574,0.23587,1436460.8
1736071200000,2025-01-05 12:00:00,0.23587,0.23659,0.23428,0.23643,2379318.6
1736074800000,2025-01-05 13:00:00,0.23643,0.23759,0.23572,0.23633,946288.9
1736078400000,2025-01-05 14:00:00,0.23633,0.23744,0.23495,0.23572,1199361.1
1736082000000,2025-01-05 15:00:00,0.23572,0.23754,0.23446,0.23469,937147.8
1736085600000,2025-01-05 16:00:00,0.23469,0.23632,0.23164,0.23585,8105097.6
1736089200000,2025-01-05 17:00:00,0.23585,0.23849,0.2352,0.23721,2053758.3
1736092800000,2025-01-05 18:00:00,0.23721,0.23886,0.23692,0.2377,1073848.7
1736096400000,2025-01-05 19:00:00,0.2377,0.23975,0.23635,0.2371,977693.4
1736100000000,2025-01-05 20:00:00,0.2371,0.23913,0.23616,0.23887,811337.1
1736103600000,2025-01-05 21:00:00,0.23887,0.24147,0.23803,0.2409,2574586.6
1736107200000,2025-01-05 22:00:00,0.2409,0.24253,0.23905,0.23979,1463475.3
1736110800000,2025-01-05 23:00:00,0.23979,0.24431,0.23975,0.24421,1386896.8
1736114400000,2025-01-06 00:00:00,0.24421,0.24622,0.242,0.24595,2077995.1
1736118000000,2025-01-06 01:00:00,0.24595,0.24623,0.24252,0.24284,2413236.3
1736121600000,2025-01-06 02:00:00,0.24284,0.24358,0.23843,0.23856,1669465.6
1736125200000,2025-01-06 03:00:00,0.23856,0.24302,0.23659,0.24161,2193651.6
1736128800000,2025-01-06 04:00:00,0.24161,0.24646,0.24135,0.24378,2969453.8
1736132400000,2025-01-06 05:00:00,0.24378,0.24506,0.24269,0.24401,2051878.5
1736136000000,2025-01-06 06:00:00,0.24401,0.24683,0.24321,0.24449,2070770.1
1736139600000,2025-01-06 07:00:00,0.24449,0.24529,0.2429,0.24317,2105775.4
1736143200000,2025-01-06 08:00:00,0.24317,0.24432,0.24237,0.24282,907821.7
1736146800000,2025-01-06 09:00:00,0.24282,0.24334,0.24071,0.24278,1227766.9
1736150400000,2025-01-06 10:00:00,0.24278,0.24377,0.24002,0.24036,1003382.6
1736154000000,2025-01-06 11:00:00,0.24036,0.24168,0.2387,0.24044,2695783.1
1736157600000,2025-01-06 12:00:00,0.24044,0.24092,0.23878,0.24014,986228.3
1736161200000,2025-01-06 13:00:00,0.24014,0.24276,0.24006,0.24252,785739.4
1736164800000,2025-01-06 14:00:00,0.24252,0.24355,0.24108,0.24193,1132774.8
1736168400000,2025-01-06 15:00:00,0.24193,0.24345,0.23957,0.2434,1008907.6
1736172000000,2025-01-06 16:00:00,0.2434,0.24671,0.23928,0.24548,2092662.3
1736175600000,2025-01-06 17:00:00,0.24548,0.25141,0.24464,0.25092,4009056.0
1736179200000,2025-01-06 18:00:00,0.25092,0.25535,0.24904,0.25082,3659884.1
1736182800000,2025-01-06 19:00:00,0.25082,0.25082,0.24548,0.24743,2263112.7
1736186400000,2025-01-06 20:00:00,0.24743,0.2487,0.24578,0.24631,1005605.2
1736190000000,2025-01-06 21:00:00,0.24631,0.24857,0.24631,0.24797,490727.8
1736193600000,2025-01-06 22:00:00,0.24797,0.25003,0.24619,0.2472,1997702.7
1736197200000,2025-01-06 23:00:00,0.2472,0.24746,0.24417,0.24471,1046953.0
1736200800000,2025-01-07 00:00:00,0.24471,0.24711,0.2443,0.24634,531324.6
1736204400000,2025-01-07 01:00:00,0.24634,0.2479,0.2441,0.2479,1780291.6
1736208000000,2025-01-07 02:00:00,0.2479,0.24915,0.2451,0.24558,1181115.1
1736211600000,2025-01-07 03:00:00,0.24558,0.24819,0.24414,0.24743,783597.0
1736215200000,2025-01-07 04:00:00,0.24743,0.24759,0.24228,0.24246,1199777.3
1736218800000,2025-01-07 05:00:00,0.24246,0.24661,0.24232,0.24608,811649.1
1736222400000,2025-01-07 06:00:00,0.24608,0.24718,0.24413,0.2442,479192.9
1736226000000,2025-01-07 07:00:00,0.2442,0.2443,0.2423,0.24282,1916861.6
1736229600000,2025-01-07 08:00:00,0.24282,0.24562,0.2423,0.24493,1428319.7
1736233200000,2025-01-07 09:00:00,0.24493,0.24621,0.24367,0.24463,734292.5
1736236800000,2025-01-07 10:00:00,0.24463,0.24743,0.24408,0.24722,765935.8
1736240400000,2025-01-07 11:00:00,0.24722,0.24803,0.24333,0.2444,809557.6
1736244000000,2025-01-07 12:00:00,0.2444,0.2446,0.24264,0.24307,1445773.0
1736247600000,2025-01-07 13:00:00,0.24307,0.24395,0.23905,0.24075,2260948.7
1736251200000,2025-01-07 14:00:00,0.24075,0.24195,0.23898,0.24115,1803405.6
1736254800000,2025-01-07 15:00:00,0.24115,0.24646,0.24093,0.24539,3496645.3
1736258400000,2025-01-07 16:00:00,0.24539,0.24578,0.23871,0.24032,3566201.3
1736262000000,2025-01-07 17:00:00,0.24032,0.24126,0.22778,0.23134,19018449.1
1736265600000,2025-01-07 18:00:00,0.23134,0.233,0.22932,0.23082,3591953.0
1736269200000,2025-01-07 19:00:00,0.23082,0.23127,0.22626,0.22754,7024543.3
1736272800000,2025-01-07 20:00:00,0.22754,0.22918,0.22437,0.2251,3167913.1
1736276400000,2025-01-07 21:00:00,0.2251,0.22655,0.22221,0.22308,2310714.3
1736280000000,2025-01-07 22:00:00,0.22308,0.22446,0.22106,0.22361,2674712.1
1736283600000,2025-01-07 23:00:00,0.22361,0.22621,0.22171,0.22171,2824262.2
1736287200000,2025-01-08 00:00:00,0.22171,0.22483,0.2211,0.22473,1133754.3
1736290800000,2025-01-08 01:00:00,0.22473,0.22473,0.22038,0.22045,1512107.8
1736294400000,2025-01-08 02:00:00,0.22045,0.22297,0.22028,0.2226,1419911.8
1736298000000,2025-01-08 03:00:00,0.2226,0.2226,0.21766,0.2191,1969783.9
1736301600000,2025-01-08 04:00:00,0.2191,0.22068,0.21754,0.21755,1346586.8
1736305200000,2025-01-08 05:00:00,0.21755,0.21802,0.21464,0.21628,3258661.9
1736308800000,2025-01-08 06:00:00,0.21628,0.21671,0.21265,0.2127,2340865.2
1736312400000,2025-01-08 07:00:00,0.2127,0.21561,0.21215,0.21294,1893086.3
1736316000000,2025-01-08 08:00:00,0.21294,0.21456,0.20741,0.20757,4039391.7
1736319600000,2025-01-08 09:00:00,0.20757,0.21288,0.20734,0.212,2607175.8
1736323200000,2025-01-08 10:00:00,0.212,0.21555,0.21186,0.21335,1635100.3
1736326800000,2025-01-08 11:00:00,0.21335,0.21448,0.21128,0.21128,1741553.7
1736330400000,2025-01-08 12:00:00,0.21128,0.21345,0.21126,0.21274,690379.3
1736334000000,2025-01-08 13:00:00,0.21274,0.21289,0.20866,0.21019,2167468.5
1736337600000,2025-01-08 14:00:00,0.21019,0.21163,0.20797,0.20808,1353538.8
1736341200000,2025-01-08 15:00:00,0.20808,0.21202,0.20808,0.21054,2255240.5
1736344800000,2025-01-08 16:00:00,0.21054,0.21316,0.21005,0.21102,3030341.1
1736348400000,2025-01-08 17:00:00,0.21102,0.21363,0.20875,0.21093,2031466.7
1736352000000,2025-01-08 18:00:00,0.21093,0.21119,0.20519,0.20553,3393279.9
1736355600000,2025-01-08 19:00:00,0.20553,0.20677,0.19752,0.20515,10423317.8
1736359200000,2025-01-08 20:00:00,0.20515,0.21169,0.20474,0.208,4511874.9
1736362800000,2025-01-08 21:00:00,0.208,0.21011,0.20619,0.20631,3025011.7
1736366400000,2025-01-08 22:00:00,0.20631,0.20748,0.20498,0.20668,1325927.2
1736370000000,2025-01-08 23:00:00,0.20668,0.20808,0.20462,0.20702,2255149.2
1736373600000,2025-01-09 00:00:00,0.20702,0.21125,0.20692,0.21123,1336601.0
1736377200000,2025-01-09 01:00:00,0.21123,0.21242,0.21015,0.21138,1814071.8
1736380800000,2025-01-09 02:00:00,0.21138,0.21202,0.20876,0.21145,1489771.1
1736384400000,2025-01-09 03:00:00,0.21145,0.21334,0.21104,0.21129,1029483.8
1736388000000,2025-01-09 04:00:00,0.21129,0.21255,0.20764,0.21255,2572578.8
1736391600000,2025-01-09 05:00:00,0.21255,0.21264,0.21018,0.21039,1228535.7
1736395200000,2025-01-09 06:00:00,0.21039,0.2115,0.20882,0.21121,1680227.2
1736398800000,2025-01-09 07:00:00,0.21121,0.21133,0.20939,0.21025,722697.6
1736402400000,2025-01-09 08:00:00,0.21025,0.21086,0.20811,0.20832,674738.2
1736406000000,2025-01-09 09:00:00,0.20832,0.20918,0.20327,0.20397,3062886.4
1736409600000,2025-01-09 10:00:00,0.20397,0.20841,0.20387,0.20683,2401392.8
1736413200000,2025-01-09 11:00:00,0.20683,0.20871,0.20658,0.20726,1151012.2
1736416800000,2025-01-09 12:00:00,0.20726,0.2078,0.20401,0.20677,1647874.5
1736420400000,2025-01-09 13:00:00,0.20677,0.20873,0.20536,0.20635,1924528.2
1736424000000,2025-01-09 14:00:00,0.20635,0.20754,0.20475,0.2061,1247226.0
1736427600000,2025-01-09 15:00:00,0.2061,0.20786,0.19931,0.19949,3993589.0
1736431200000,2025-01-09 16:00:00,0.19949,0.20348,0.19834,0.20198,3012407.7
1736434800000,2025-01-09 17:00:00,0.20198,0.21004,0.20072,0.20871,3479955.0
1736438400000,2025-01-09 18:00:00,0.20871,0.21,0.20593,0.20878,2667777.6
1736442000000,2025-01-09 19:00:00,0.20878,0.20895,0.20238,0.20434,6998046.8
1736445600000,2025-01-09 20:00:00,0.20434,0.2067,0.20333,0.20547,2202045.5
1736449200000,2025-01-09 21:00:00,0.20547,0.20572,0.20059,0.20101,2578199.7
1736452800000,2025-01-09 22:00:00,0.20101,0.20321,0.19839,0.20221,3417513.7
1736456400000,2025-01-09 23:00:00,0.20221,0.20394,0.20069,0.20105,1429503.1
1736460000000,2025-01-10 00:00:00,0.20105,0.2048,0.20025,0.2035,1270796.4
1736463600000,2025-01-10 01:00:00,0.2035,0.20382,0.20221,0.20313,826421.9
1736467200000,2025-01-10 02:00:00,0.20313,0.20395,0.20213,0.20299,1527013.9
1736470800000,2025-01-10 03:00:00,0.20299,0.20429,0.20145,0.20394,839748.2
1736474400000,2025-01-10 04:00:00,0.20394,0.20627,0.20316,0.20485,1234630.8
1736478000000,2025-01-10 05:00:00,0.20485,0.20646,0.20429,0.20576,747553.5
1736481600000,2025-01-10 06:00:00,0.20576,0.20725,0.20446,0.20491,948718.0
1736485200000,2025-01-10 07:00:00,0.20491,0.20933,0.20404,0.20692,1693410.4
1736488800000,2025-01-10 08:00:00,0.20692,0.21012,0.20662,0.20983,2571829.9
1736492400000,2025-01-10 09:00:00,0.20983,0.21131,0.2081,0.20841,2551551.9
1736496000000,2025-01-10 10:00:00,0.20841,0.20879,0.20654,0.20734,1779566.4
1736499600000,2025-01-10 11:00:00,0.20734,0.2083,0.20627,0.20724,2494564.5
1736503200000,2025-01-10 12:00:00,0.20724,0.20773,0.20566,0.20746,1470220.7
1736506800000,2025-01-10 13:00:00,0.20746,0.20756,0.20412,0.20699,2557393.2
1736510400000,2025-01-10 14:00:00,0.20699,0.20743,0.2047,0.20643,1558066.0
1736514000000,2025-01-10 15:00:00,0.20643,0.20739,0.19885,0.20152,10206029.3
1736517600000,2025-01-10 16:00:00,0.20152,0.20547,0.20075,0.20266,5403171.0
1736521200000,2025-01-10 17:00:00,0.20266,0.20526,0.19768,0.20263,6279088.6
1736524800000,2025-01-10 18:00:00,0.20263,0.20273,0.19975,0.20038,2759208.4
1736528400000,2025-01-10 19:00:00,0.20038,0.20836,0.19981,0.20799,3255334.5
1736532000000,2025-01-10 20:00:00,0.20799,0.20803,0.20506,0.20639,2178863.2
1736535600000,2025-01-10 21:00:00,0.20639,0.20782,0.20452,0.20741,1448076.9
1736539200000,2025-01-10 22:00:00,0.20741,0.20746,0.20409,0.20554,1229652.6
1736542800000,2025-01-10 23:00:00,0.20554,0.20641,0.20502,0.20527,558074.6
1736546400000,2025-01-11 00:00:00,0.20527,0.20675,0.20432,0.20613,873852.8
1736550000000,2025-01-11 01:00:00,0.20613,0.20655,0.20507,0.20561,816351.3
1736553600000,2025-01-11 02:00:00,0.20561,0.206,0.20412,0.20597,1275888.2
1736557200000,2025-01-11 03:00:00,0.20597,0.20665,0.20272,0.2032,1530810.9
1736560800000,2025-01-11 04:00:00,0.2032,0.20408,0.20217,0.20336,963697.9
1736564400000,2025-01-11 05:00:00,0.20336,0.20336,0.20139,0.20194,575907.2
1736568000000,2025-01-11 06:00:00,0.20194,0.20317,0.20092,0.20215,1134208.2
1736571600000,2025-01-11 07:00:00,0.20215,0.20328,0.20166,0.20327,576239.8
1736575200000,2025-01-11 08:00:00,0.20327,0.2042,0.20253,0.20259,524965.9
1736578800000,2025-01-11 09:00:00,0.20259,0.20338,0.20152,0.20224,956616.1
1736582400000,2025-01-11 10:00:00,0.20224,0.20318,0.20055,0.20125,910809.4
1736586000000,2025-01-11 11:00:00,0.20125,0.20255,0.20081,0.20188,481697.8
1736589600000,2025-01-11 12:00:00,0.20188,0.20366,0.20188,0.20352,785067.6
1736593200000,2025-01-11 13:00:00,0.20352,0.20515,0.20324,0.20455,912431.8
1736596800000,2025-01-11 14:00:00,0.20455,0.20487,0.20326,0.20366,582790.1
1736600400000,2025-01-11 15:00:00,0.20366,0.20437,0.20179,0.20301,1065750.9
1736604000000,2025-01-11 16:00:00,0.20301,0.20409,0.2019,0.204,858409.3
1736607600000,2025-01-11 17:00:00,0.204,0.20408,0.20231,0.20252,1366346.0
1736611200000,2025-01-11 18:00:00,0.20252,0.20406,0.20194,0.20373,846295.6
1736614800000,2025-01-11 19:00:00,0.20373,0.20389,0.20133,0.20222,1171212.0
1736618400000,2025-01-11 20:00:00,0.20222,0.20296,0.20097,0.20212,1468397.3
1736622000000,2025-01-11 21:00:00,0.20212,0.20264,0.20096,0.20183,763528.9
1736625600000,2025-01-11 22:00:00,0.20183,0.20903,0.20158,0.20812,3117429.9
1736629200000,2025-01-11 23:00:00,0.20812,0.21007,0.20774,0.20932,1666286.9
1736632800000,2025-01-12 00:00:00,0.20932,0.20976,0.20558,0.2058,1104438.5
1736636400000,2025-01-12 01:00:00,0.2058,0.20686,0.20511,0.2057,879169.1
1736640000000,2025-01-12 02:00:00,0.2057,0.20665,0.20508,0.20552,1162479.1
1736643600000,2025-01-12 03:00:00,0.20552,0.2063,0.20463,0.20611,753155.8
1736647200000,2025-01-12 04:00:00,0.20611,0.20643,0.20486,0.206,441008.1
1736650800000,2025-01-12 05:00:00,0.206,0.20656,0.20427,0.2057,386339.7
1736654400000,2025-01-12 06:00:00,0.2057,0.20637,0.20502,0.20561,547901.1
1736658000000,2025-01-12 07:00:00,0.20561,0.20615,0.20371,0.20424,2036917.8
1736661600000,2025-01-12 08:00:00,0.20424,0.20489,0.2024,0.20241,808993.4
1736665200000,2025-01-12 09:00:00,0.20241,0.2038,0.20179,0.20329,937778.9
1736668800000,2025-01-12 10:00:00,0.20329,0.20351,0.20166,0.2019,711739.3
1736672400000,2025-01-12 11:00:00,0.2019,0.20255,0.20059,0.2014,744474.9
1736676000000,2025-01-12 12:00:00,0.2014,0.20183,0.20005,0.20143,736212.8
1736679600000,2025-01-12 13:00:00,0.20143,0.20295,0.20102,0.2023,865500.1
1736683200000,2025-01-12 14:00:00,0.2023,0.20385,0.20168,0.20224,1094232.4
1736686800000,2025-01-12 15:00:00,0.20224,0.2038,0.20191,0.20323,662597.1
1736690400000,2025-01-12 16:00:00,0.20323,0.20428,0.20259,0.20295,707610.6
1736694000000,2025-01-12 17:00:00,0.20295,0.20544,0.20241,0.20465,924276.9
1736697600000,2025-01-12 18:00:00,0.20465,0.20522,0.20299,0.20451,1145021.3
1736701200000,2025-01-12 19:00:00,0.20451,0.20501,0.20298,0.20391,623382.7
1736704800000,2025-01-12 20:00:00,0.20391,0.20539,0.20273,0.2032,1163391.0
1736708400000,2025-01-12 21:00:00,0.2032,0.20376,0.2023,0.20276,618987.9
1736712000000,2025-01-12 22:00:00,0.20276,0.20319,0.20143,0.20204,835929.1
1736715600000,2025-01-12 23:00:00,0.20204,0.20256,0.20038,0.20058,960712.3
1736719200000,2025-01-13 00:00:00,0.20058,0.20063,0.19841,0.19948,1730314.3
1736722800000,2025-01-13 01:00:00,0.19948,0.20171,0.19945,0.20144,690473.9
1736726400000,2025-01-13 02:00:00,0.20144,0.20591,0.20088,0.20449,2029360.7
1736730000000,2025-01-13 03:00:00,0.20449,0.20469,0.20037,0.20081,1114784.9
1736733600000,2025-01-13 04:00:00,0.20081,0.20134,0.19629,0.19782,2340489.0
1736737200000,2025-01-13 05:00:00,0.19782,0.19898,0.19514,0.19588,1278689.1
1736740800000,2025-01-13 06:00:00,0.19588,0.19926,0.19554,0.1974,981937.3
1736744400000,2025-01-13 07:00:00,0.1974,0.1977,0.1938,0.19469,1799950.4
1736748000000,2025-01-13 08:00:00,0.19469,0.19599,0.19138,0.19239,2532730.7
1736751600000,2025-01-13 09:00:00,0.19239,0.19384,0.19176,0.19311,1247074.4
1736755200000,2025-01-13 10:00:00,0.19311,0.19354,0.18972,0.19012,1823752.4
1736758800000,2025-01-13 11:00:00,0.19012,0.19079,0.187,0.18848,2469190.7
1736762400000,2025-01-13 12:00:00,0.18848,0.18856,0.18483,0.18589,3161479.1
1736766000000,2025-01-13 13:00:00,0.18589,0.18595,0.18143,0.18151,3234564.5
1736769600000,2025-01-13 14:00:00,0.18151,0.18467,0.1806,0.1838,2714231.6
1736773200000,2025-01-13 15:00:00,0.1838,0.18853,0.18296,0.18546,2902882.0
1736776800000,2025-01-13 16:00:00,0.18546,0.19079,0.18038,0.1887,8161843.3
1736780400000,2025-01-13 17:00:00,0.1887,0.19323,0.18799,0.1903,3782928.2
1736784000000,2025-01-13 18:00:00,0.1903,0.19096,0.18615,0.18636,2247028.7
1736787600000,2025-01-13 19:00:00,0.18636,0.18793,0.18446,0.18547,1681934.4
1736791200000,2025-01-13 20:00:00,0.18547,0.18696,0.18227,0.18527,3712095.8
1736794800000,2025-01-13 21:00:00,0.18527,0.18752,0.18355,0.18637,2057824.9
1736798400000,2025-01-13 22:00:00,0.18637,0.19282,0.18473,0.19161,2664344.6
1736802000000,2025-01-13 23:00:00,0.19161,0.19383,0.19004,0.19316,1919691.8
1736805600000,2025-01-14 00:00:00,0.19316,0.19542,0.19308,0.19396,1739877.9
1736809200000,2025-01-14 01:00:00,0.19396,0.19402,0.19274,0.19289,806249.0
1736812800000,2025-01-14 02:00:00,0.19289,0.19391,0.19201,0.1924,1769896.5
1736816400000,2025-01-14 03:00:00,0.1924,0.19551,0.1924,0.19363,1704693.7
1736820000000,2025-01-14 04:00:00,0.19363,0.19621,0.19327,0.19449,657529.9
1736823600000,2025-01-14 05:00:00,0.19449,0.19589,0.19437,0.1948,486922.4
1736827200000,2025-01-14 06:00:00,0.1948,0.19764,0.1948,0.19728,1259834.5
1736830800000,2025-01-14 07:00:00,0.19728,0.19898,0.1955,0.19564,1308756.5
1736834400000,2025-01-14 08:00:00,0.19564,0.19732,0.19513,0.19676,941073.2
1736838000000,2025-01-14 09:00:00,0.19676,0.19742,0.19529,0.19529,935635.1
1736841600000,2025-01-14 10:00:00,0.19529,0.19832,0.19529,0.19693,1502230.6
1736845200000,2025-01-14 11:00:00,0.19693,0.20209,0.19693,0.20126,2757175.0
1736848800000,2025-01-14 12:00:00,0.20126,0.20126,0.19909,0.2002,1730515.8
1736852400000,2025-01-14 13:00:00,0.2002,0.20031,0.19769,0.19939,2172131.5
1736856000000,2025-01-14 14:00:00,0.19939,0.19996,0.19668,0.19748,1267835.5
1736859600000,2025-01-14 15:00:00,0.19748,0.20144,0.19671,0.19935,4355609.2
1736863200000,2025-01-14 16:00:00,0.19935,0.20239,0.19842,0.19971,2123918.1
1736866800000,2025-01-14 17:00:00,0.19971,0.20133,0.19934,0.19957,1106698.1
1736870400000,2025-01-14 18:00:00,0.19957,0.19987,0.19748,0.19885,2646831.7
1736874000000,2025-01-14 19:00:00,0.19885,0.20181,0.19851,0.20139,2788903.9
1736877600000,2025-01-14 20:00:00,0.20139,0.20351,0.20111,0.2031,2150198.5
1736881200000,2025-01-14 21:00:00,0.2031,0.20362,0.20173,0.20189,984204.7
1736884800000,2025-01-14 22:00:00,0.20189,0.20318,0.20054,0.20298,1240199.6
1736888400000,2025-01-14 23:00:00,0.20298,0.20419,0.20214,0.20246,644054.8
1736892000000,2025-01-15 00:00:00,0.20246,0.20462,0.20246,0.20421,459412.9
1736895600000,2025-01-15 01:00:00,0.20421,0.20447,0.20351,0.2038,389394.1
1736899200000,2025-01-15 02:00:00,0.2038,0.20528,0.20271,0.20271,1128171.3
1736902800000,2025-01-15 03:00:00,0.20271,0.20412,0.20165,0.20278,1142828.4
1736906400000,2025-01-15 04:00:00,0.20278,0.20385,0.20066,0.20076,1237131.3
1736910000000,2025-01-15 05:00:00,0.20076,0.2024,0.20033,0.20228,789535.1
1736913600000,2025-01-15 06:00:00,0.20228,0.20366,0.20085,0.2034,1479781.6
1736917200000,2025-01-15 07:00:00,0.2034,0.20347,0.2014,0.20265,782016.0
1736920800000,2025-01-15 08:00:00,0.20265,0.20305,0.20126,0.20244,830044.3
1736924400000,2025-01-15 09:00:00,0.20244,0.2049,0.20244,0.2036,612515.5
1736928000000,2025-01-15 10:00:00,0.2036,0.20521,0.20291,0.20291,828663.8
1736931600000,2025-01-15 11:00:00,0.20291,0.20329,0.19904,0.1995,3408225.9
1736935200000,2025-01-15 12:00:00,0.1995,0.20054,0.19848,0.19856,1574197.9
1736938800000,2025-01-15 13:00:00,0.19856,0.19882,0.19628,0.1981,3589727.0
1736942400000,2025-01-15 14:00:00,0.1981,0.19911,0.19644,0.19811,1662870.3
1736946000000,2025-01-15 15:00:00,0.19811,0.20954,0.19808,0.20946,9241769.9
1736949600000,2025-01-15 16:00:00,0.20946,0.21235,0.208,0.21213,4327270.6
1736953200000,2025-01-15 17:00:00,0.21213,0.21568,0.21098,0.21399,4182038.2
1736956800000,2025-01-15 18:00:00,0.21399,0.21658,0.21229,0.21229,2830581.2
1736960400000,2025-01-15 19:00:00,0.21229,0.21345,0.21024,0.21042,1499325.7
1736964000000,2025-01-15 20:00:00,0.21042,0.21321,0.21042,0.21321,1186231.7
1736967600000,2025-01-15 21:00:00,0.21321,0.21426,0.21227,0.21396,1969311.4
1736971200000,2025-01-15 22:00:00,0.21396,0.21558,0.21172,0.21222,3468141.2
1736974800000,2025-01-15 23:00:00,0.21222,0.21341,0.2118,0.21255,831173.4
1736978400000,2025-01-16 00:00:00,0.21255,0.21435,0.21187,0.21435,794186.6
1736982000000,2025-01-16 01:00:00,0.21435,0.2161,0.21375,0.21608,1497144.4
1736985600000,2025-01-16 02:00:00,0.21608,0.21679,0.21096,0.21257,2369204.8
1736989200000,2025-01-16 03:00:00,0.21257,0.21447,0.21236,0.2141,704055.0
1736992800000,2025-01-16 04:00:00,0.2141,0.2141,0.21284,0.21353,1012267.5
1736996400000,2025-01-16 05:00:00,0.21353,0.21424,0.21129,0.21263,1066402.2
1737000000000,2025-01-16 06:00:00,0.21263,0.21313,0.21206,0.21239,289861.5
1737003600000,2025-01-16 07:00:00,0.21239,0.21269,0.21128,0.21162,698448.8
1737007200000,2025-01-16 08:00:00,0.21162,0.21375,0.21094,0.2131,460786.8
1737010800000,2025-01-16 09:00:00,0.2131,0.21349,0.21245,0.21275,440655.2
1737014400000,2025-01-16 10:00:00,0.21275,0.21323,0.2069,0.20873,3058058.0
1737018000000,2025-01-16 11:00:00,0.20873,0.21021,0.20755,0.21021,1040302.0
1737021600000,2025-01-16 12:00:00,0.21021,0.21057,0.20926,0.2105,935253.4
1737025200000,2025-01-16 13:00:00,0.2105,0.21292,0.20949,0.21278,2421877.4
1737028800000,2025-01-16 14:00:00,0.21278,0.21786,0.21141,0.21736,4208879.5
1737032400000,2025-01-16 15:00:00,0.21736,0.21836,0.21334,0.21441,4947708.0
1737036000000,2025-01-16 16:00:00,0.21441,0.21556,0.20784,0.20983,5241778.0
1737039600000,2025-01-16 17:00:00,0.20983,0.21403,0.20885,0.21401,3979678.4
1737043200000,2025-01-16 18:00:00,0.21401,0.21762,0.21375,0.21666,2705527.7
1737046800000,2025-01-16 19:00:00,0.21666,0.219,0.21541,0.2176,1538965.0
1737050400000,2025-01-16 20:00:00,0.2176,0.21893,0.21538,0.21571,1237710.4
1737054000000,2025-01-16 21:00:00,0.21571,0.21806,0.21481,0.21794,1565459.0
1737057600000,2025-01-16 22:00:00,0.21794,0.21876,0.21575,0.21701,1131326.2
1737061200000,2025-01-16 23:00:00,0.21701,0.21712,0.21391,0.21468,1828690.2
1737064800000,2025-01-17 00:00:00,0.21468,0.21498,0.21067,0.21222,1529213.1
1737068400000,2025-01-17 01:00:00,0.21222,0.21271,0.21098,0.21247,933147.9
1737072000000,2025-01-17 02:00:00,0.21247,0.21717,0.21238,0.21678,2416460.6
1737075600000,2025-01-17 03:00:00,0.21678,0.22214,0.21638,0.22182,3070273.7
1737079200000,2025-01-17 04:00:00,0.22182,0.22238,0.21848,0.21982,1870380.4
1737082800000,2025-01-17 05:00:00,0.21982,0.22028,0.21835,0.21901,1084573.0
1737086400000,2025-01-17 06:00:00,0.21901,0.22121,0.2178,0.22094,1520197.3
1737090000000,2025-01-17 07:00:00,0.22094,0.22257,0.21985,0.22152,1617130.9
1737093600000,2025-01-17 08:00:00,0.22152,0.22458,0.22121,0.22363,1886284.7
1737097200000,2025-01-17 09:00:00,0.22363,0.2301,0.22323,0.22868,4594263.5
1737100800000,2025-01-17 10:00:00,0.22868,0.2301,0.22595,0.22895,3165359.8
1737104400000,2025-01-17 11:00:00,0.22895,0.23271,0.22873,0.2311,4175354.5
1737108000000,2025-01-17 12:00:00,0.2311,0.23287,0.22917,0.23047,2645557.5
1737111600000,2025-01-17 13:00:00,0.23047,0.23227,0.22968,0.23151,2679341.8
1737115200000,2025-01-17 14:00:00,0.23151,0.23311,0.22933,0.23002,2235679.2
1737118800000,2025-01-17 15:00:00,0.23002,0.23562,0.23002,0.23318,3950442.2
1737122400000,2025-01-17 16:00:00,0.23318,0.23458,0.23112,0.23312,5187214.6
1737126000000,2025-01-17 17:00:00,0.23312,0.23523,0.23158,0.23446,3025188.1
1737129600000,2025-01-17 18:00:00,0.23446,0.23665,0.23243,0.23535,3540468.9
1737133200000,2025-01-17 19:00:00,0.23535,0.23555,0.23095,0.2313,2036665.4
1737136800000,2025-01-17 20:00:00,0.2313,0.23357,0.23092,0.23123,1101424.1
1737140400000,2025-01-17 21:00:00,0.23123,0.2344,0.23102,0.2332,1524271.9
1737144000000,2025-01-17 22:00:00,0.2332,0.23722,0.23248,0.23684,2776725.5
1737147600000,2025-01-17 23:00:00,0.23684,0.23743,0.23419,0.23512,727028.1
1737151200000,2025-01-18 00:00:00,0.23512,0.23783,0.23512,0.23625,1009882.6
1737154800000,2025-01-18 01:00:00,0.23625,0.23652,0.23491,0.23493,945331.2
1737158400000,2025-01-18 02:00:00,0.23493,0.23861,0.23493,0.23773,1206116.0
1737162000000,2025-01-18 03:00:00,0.23773,0.23784,0.23517,0.23674,3522449.4
1737165600000,2025-01-18 04:00:00,0.23674,0.23767,0.23462,0.23503,789966.0
1737169200000,2025-01-18 05:00:00,0.23503,0.23569,0.22809,0.22895,5038190.8
1737172800000,2025-01-18 06:00:00,0.22895,0.23002,0.22627,0.2282,2685795.9
1737176400000,2025-01-18 07:00:00,0.2282,0.229,0.22078,0.22098,4483573.5
1737180000000,2025-01-18 08:00:00,0.22098,0.22439,0.22063,0.22262,2520414.3
1737183600000,2025-01-18 09:00:00,0.22262,0.22285,0.2191,0.21939,1957029.9
1737187200000,2025-01-18 10:00:00,0.21939,0.22091,0.21649,0.22078,3617693.1
1737190800000,2025-01-18 11:00:00,0.22078,0.22131,0.21812,0.21967,2620543.6
1737194400000,2025-01-18 12:00:00,0.21967,0.22054,0.21722,0.21922,2155590.5
1737198000000,2025-01-18 13:00:00,0.21922,0.22371,0.21777,0.22301,1598064.2
1737201600000,2025-01-18 14:00:00,0.22301,0.22396,0.21998,0.22155,1628475.1
1737205200000,2025-01-18 15:00:00,0.22155,0.22555,0.22022,0.22526,2333484.2
1737208800000,2025-01-18 16:00:00,0.22526,0.22539,0.22084,0.2211,2138133.4
1737212400000,2025-01-18 17:00:00,0.2211,0.22415,0.21962,0.21967,2575092.3
1737216000000,2025-01-18 18:00:00,0.21967,0.22098,0.21544,0.21578,4311546.2
1737219600000,2025-01-18 19:00:00,0.21578,0.21834,0.2156,0.21588,1599620.6
1737223200000,2025-01-18 20:00:00,0.21588,0.21738,0.21442,0.21526,1807371.5
1737226800000,2025-01-18 21:00:00,0.21526,0.21776,0.21513,0.21738,1173304.7
1737230400000,2025-01-18 22:00:00,0.21738,0.21776,0.21309,0.21406,4338054.0
1737234000000,2025-01-18 23:00:00,0.21406,0.21581,0.21388,0.21409,795429.3
1737237600000,2025-01-19 00:00:00,0.21409,0.21686,0.21344,0.21622,1281026.2
1737241200000,2025-01-19 01:00:00,0.21622,0.21948,0.21523,0.21844,1750569.5
1737244800000,2025-01-19 02:00:00,0.21844,0.22235,0.21754,0.22152,2097724.3
1737248400000,2025-01-19 03:00:00,0.22152,0.22531,0.2211,0.22443,1802404.1
1737252000000,2025-01-19 04:00:00,0.22443,0.22518,0.22282,0.22312,1302389.1
1737255600000,2025-01-19 05:00:00,0.22312,0.22329,0.21995,0.21997,951071.0
1737259200000,2025-01-19 06:00:00,0.21997,0.21997,0.21636,0.2166,2876737.2
1737262800000,2025-01-19 07:00:00,0.2166,0.21696,0.21418,0.21624,1677216.1
1737266400000,2025-01-19 08:00:00,0.21624,0.21624,0.21312,0.21336,1028803.0
1737270000000,2025-01-19 09:00:00,0.21336,0.21357,0.21038,0.21055,3046358.3
1737273600000,2025-01-19 10:00:00,0.21055,0.21055,0.2042,0.20451,6299511.2
1737277200000,2025-01-19 11:00:00,0.20451,0.20876,0.20079,0.20823,11209562.5
1737280800000,2025-01-19 12:00:00,0.20823,0.20823,0.20428,0.20578,6485369.3
1737284400000,2025-01-19 13:00:00,0.20578,0.20631,0.19928,0.2008,7619103.9
1737288000000,2025-01-19 14:00:00,0.2008,0.20681,0.20025,0.20649,5232181.0
1737291600000,2025-01-19 15:00:00,0.20649,0.21054,0.20561,0.21043,5953907.4
1737295200000,2025-01-19 16:00:00,0.21043,0.21562,0.20937,0.21531,7326063.6
1737298800000,2025-01-19 17:00:00,0.21531,0.21783,0.21301,0.21411,3465570.0
1737302400000,2025-01-19 18:00:00,0.21411,0.21551,0.21163,0.2118,1584593.2
1737306000000,2025-01-19 19:00:00,0.2118,0.21488,0.20971,0.21482,2625824.0
1737309600000,2025-01-19 20:00:00,0.21482,0.21632,0.21339,0.21632,1005380.6
1737313200000,2025-01-19 21:00:00,0.21632,0.21754,0.21497,0.21676,1733898.6
1737316800000,2025-01-19 22:00:00,0.21676,0.21828,0.21335,0.21444,2472723.1
1737320400000,2025-01-19 23:00:00,0.21444,0.21465,0.20126,0.20157,15801169.3
1737324000000,2025-01-20 00:00:00,0.20157,0.20507,0.19353,0.20081,11620028.6
1737327600000,2025-01-20 01:00:00,0.20081,0.20081,0.19333,0.19721,8540618.9
1737331200000,2025-01-20 02:00:00,0.19721,0.19763,0.19023,0.19026,13630781.3
1737334800000,2025-01-20 03:00:00,0.19026,0.19344,0.1897,0.19172,6937904.9
1737338400000,2025-01-20 04:00:00,0.19172,0.19964,0.19128,0.19534,6009172.1
1737342000000,2025-01-20 05:00:00,0.19534,0.19947,0.19447,0.19851,2082864.7
1737345600000,2025-01-20 06:00:00,0.19851,0.20062,0.19605,0.19857,2931883.0
1737349200000,2025-01-20 07:00:00,0.19857,0.20137,0.19753,0.19932,3256401.0
1737352800000,2025-01-20 08:00:00,0.19932,0.21425,0.19928,0.21376,8355325.7
1737356400000,2025-01-20 09:00:00,0.21376,0.21922,0.2102,0.21242,13873419.5
1737360000000,2025-01-20 10:00:00,0.21242,0.21597,0.21171,0.21354,2144540.2
1737363600000,2025-01-20 11:00:00,0.21354,0.21478,0.21046,0.21108,2488374.5
1737367200000,2025-01-20 12:00:00,0.21108,0.21367,0.2081,0.20986,2563567.2
1737370800000,2025-01-20 13:00:00,0.20986,0.21209,0.20752,0.21176,3470419.2
1737374400000,2025-01-20 14:00:00,0.21176,0.21179,0.20268,0.20554,8942911.9
1737378000000,2025-01-20 15:00:00,0.20554,0.21044,0.20402,0.21042,6011467.9
1737381600000,2025-01-20 16:00:00,0.21042,0.21218,0.2086,0.21127,2948147.2
1737385200000,2025-01-20 17:00:00,0.21127,0.2124,0.20641,0.20711,3773676.9
1737388800000,2025-01-20 18:00:00,0.20711,0.21111,0.20294,0.21057,5156542.7
1737392400000,2025-01-20 19:00:00,0.21057,0.21057,0.1958,0.20096,26012454.6
1737396000000,2025-01-20 20:00:00,0.20096,0.20648,0.20053,0.20592,3286240.2
1737399600000,2025-01-20 21:00:00,0.20592,0.20769,0.20368,0.20665,3457624.0
1737403200000,2025-01-20 22:00:00,0.20665,0.20777,0.2038,0.2058,7950430.6
1737406800000,2025-01-20 23:00:00,0.2058,0.20687,0.20096,0.20114,7285134.2
1737410400000,2025-01-21 00:00:00,0.20114,0.20581,0.19929,0.20513,3567763.2
1737414000000,2025-01-21 01:00:00,0.20513,0.20538,0.20116,0.20213,2050311.3
1737417600000,2025-01-21 02:00:00,0.20213,0.20269,0.1975,0.19762,2086571.1
1737421200000,2025-01-21 03:00:00,0.19762,0.20028,0.19573,0.19622,6061258.7
1737424800000,2025-01-21 04:00:00,0.19622,0.19737,0.1938,0.19667,3081915.1
1737428400000,2025-01-21 05:00:00,0.19667,0.19782,0.19497,0.19634,1322755.2
1737432000000,2025-01-21 06:00:00,0.19634,0.19634,0.19239,0.19602,3203919.9
1737435600000,2025-01-21 07:00:00,0.19602,0.19692,0.19346,0.1939,1851148.6
1737439200000,2025-01-21 08:00:00,0.1939,0.19719,0.19294,0.19564,1564219.8
1737442800000,2025-01-21 09:00:00,0.19564,0.19858,0.19509,0.19724,2245506.0
1737446400000,2025-01-21 10:00:00,0.19724,0.19869,0.19537,0.19761,2280831.3
1737450000000,2025-01-21 11:00:00,0.19761,0.20005,0.19702,0.1994,1424715.6
1737453600000,2025-01-21 12:00:00,0.1994,0.20385,0.19894,0.20373,3061449.6
1737457200000,2025-01-21 13:00:00,0.20373,0.2045,0.20186,0.20381,2543060.5
1737460800000,2025-01-21 14:00:00,0.20381,0.20688,0.20248,0.20448,1702511.7
1737464400000,2025-01-21 15:00:00,0.20448,0.20592,0.20278,0.20481,1622520.7
1737468000000,2025-01-21 16:00:00,0.20481,0.20643,0.20187,0.20226,5522365.5
1737471600000,2025-01-21 17:00:00,0.20226,0.20392,0.20087,0.20323,4632905.7
1737475200000,2025-01-21 18:00:00,0.20323,0.20825,0.20247,0.20489,5522953.5
1737478800000,2025-01-21 19:00:00,0.20489,0.2128,0.20454,0.21228,3096159.7
1737482400000,2025-01-21 20:00:00,0.21228,0.21316,0.20888,0.21109,3679269.6
1737486000000,2025-01-21 21:00:00,0.21109,0.2113,0.20777,0.20947,2416562.2
1737489600000,2025-01-21 22:00:00,0.20947,0.20984,0.20634,0.20797,1628850.4
1737493200000,2025-01-21 23:00:00,0.20797,0.20843,0.2063,0.20836,1771078.0
1737496800000,2025-01-22 00:00:00,0.20836,0.21235,0.20689,0.20941,3187083.9
1737500400000,2025-01-22 01:00:00,0.20941,0.21079,0.20693,0.20969,3284680.6
1737504000000,2025-01-22 02:00:00,0.20969,0.21172,0.20699,0.20949,1376532.9
1737507600000,2025-01-22 03:00:00,0.20949,0.20949,0.20559,0.20644,2951805.0
1737511200000,2025-01-22 04:00:00,0.20644,0.20793,0.2058,0.20739,711981.4
1737514800000,2025-01-22 05:00:00,0.20739,0.20825,0.20598,0.20621,479608.9
1737518400000,2025-01-22 06:00:00,0.20621,0.20687,0.2046,0.20538,578585.3
1737522000000,2025-01-22 07:00:00,0.20538,0.20675,0.20408,0.20411,496228.9
1737525600000,2025-01-22 08:00:00,0.20411,0.20523,0.20312,0.20356,1484767.2
1737529200000,2025-01-22 09:00:00,0.20356,0.20388,0.20132,0.20132,2553592.7
1737532800000,2025-01-22 10:00:00,0.20132,0.20199,0.19915,0.20148,2000529.9
1737536400000,2025-01-22 11:00:00,0.20148,0.2019,0.20032,0.2009,1350173.2
1737540000000,2025-01-22 12:00:00,0.2009,0.20129,0.2,0.20102,1172608.5
1737543600000,2025-01-22 13:00:00,0.20102,0.2035,0.20014,0.20265,3438714.0
1737547200000,2025-01-22 14:00:00,0.20265,0.20331,0.20102,0.2021,5385343.4
1737550800000,2025-01-22 15:00:00,0.2021,0.2021,0.19884,0.19959,3298067.8
1737554400000,2025-01-22 16:00:00,0.19959,0.20207,0.19843,0.20111,1526764.3
1737558000000,2025-01-22 17:00:00,0.20111,0.20241,0.19893,0.20024,1532422.3
1737561600000,2025-01-22 18:00:00,0.20024,0.20036,0.19805,0.19953,3466528.4
1737565200000,2025-01-22 19:00:00,0.19953,0.20029,0.19892,0.19964,2610157.1
1737568800000,2025-01-22 20:00:00,0.19964,0.20068,0.19617,0.19672,1893404.2
1737572400000,2025-01-22 21:00:00,0.19672,0.19925,0.19665,0.19774,2137202.1
1737576000000,2025-01-22 22:00:00,0.19774,0.19901,0.19702,0.19726,1011711.8
1737579600000,2025-01-22 23:00:00,0.19726,0.19735,0.1956,0.19645,1333993.2
1737583200000,2025-01-23 00:00:00,0.19645,0.19743,0.19446,0.1945,4668670.5
1737586800000,2025-01-23 01:00:00,0.1945,0.19563,0.19369,0.19501,1773451.2
1737590400000,2025-01-23 02:00:00,0.19501,0.19513,0.19362,0.19402,2201796.5
1737594000000,2025-01-23 03:00:00,0.19402,0.19403,0.19087,0.19101,2116270.7
1737597600000,2025-01-23 04:00:00,0.19101,0.19152,0.19002,0.19039,1696694.0
1737601200000,2025-01-23 05:00:00,0.19039,0.19238,0.19024,0.19079,945355.9
1737604800000,2025-01-23 06:00:00,0.19079,0.19105,0.18788,0.18903,2846269.8
1737608400000,2025-01-23 07:00:00,0.18903,0.19068,0.18901,0.1901,1073850.5
1737612000000,2025-01-23 08:00:00,0.1901,0.19026,0.18835,0.18898,671037.2
1737615600000,2025-01-23 09:00:00,0.18898,0.19054,0.18815,0.19048,2471890.9
1737619200000,2025-01-23 10:00:00,0.19048,0.19052,0.18835,0.18841,966725.6
1737622800000,2025-01-23 11:00:00,0.18841,0.18934,0.1873,0.18766,1163956.3
1737626400000,2025-01-23 12:00:00,0.18766,0.18827,0.18667,0.18712,1192575.3
1737630000000,2025-01-23 13:00:00,0.18712,0.18808,0.18664,0.18721,1027112.2
1737633600000,2025-01-23 14:00:00,0.18721,0.18733,0.1847,0.18475,2544579.3
1737637200000,2025-01-23 15:00:00,0.18475,0.18817,0.18404,0.18738,2241912.9
1737640800000,2025-01-23 16:00:00,0.18738,0.1936,0.18562,0.19108,6319603.5
1737644400000,2025-01-23 17:00:00,0.19108,0.19174,0.18632,0.18916,5714709.7
1737648000000,2025-01-23 18:00:00,0.18916,0.19362,0.18888,0.18951,3882451.6
1737651600000,2025-01-23 19:00:00,0.18951,0.19144,0.18757,0.19072,2353622.1
1737655200000,2025-01-23 20:00:00,0.19072,0.1914,0.18681,0.187,2038508.9
1737658800000,2025-01-23 21:00:00,0.187,0.18706,0.18409,0.18482,3184525.3
1737662400000,2025-01-23 22:00:00,0.18482,0.191,0.18414,0.18682,7466650.4
1737666000000,2025-01-23 23:00:00,0.18682,0.18742,0.18341,0.18491,2888413.0
1737669600000,2025-01-24 00:00:00,0.18491,0.18977,0.18454,0.18959,1674392.3
1737673200000,2025-01-24 01:00:00,0.18959,0.19058,0.18849,0.1892,1282017.2
1737676800000,2025-01-24 02:00:00,0.1892,0.18987,0.18517,0.18519,1715418.7
1737680400000,2025-01-24 03:00:00,0.18519,0.18683,0.18405,0.18435,1184639.8
1737684000000,2025-01-24 04:00:00,0.18435,0.18517,0.18291,0.18353,1220197.1
1737687600000,2025-01-24 05:00:00,0.18353,0.18667,0.18324,0.18551,1911315.0
1737691200000,2025-01-24 06:00:00,0.18551,0.19,0.18508,0.18954,2130692.5
1737694800000,2025-01-24 07:00:00,0.18954,0.19355,0.18913,0.19345,2977830.4
1737698400000,2025-01-24 08:00:00,0.19345,0.19404,0.19154,0.19167,2055908.3
1737702000000,2025-01-24 09:00:00,0.19167,0.19267,0.19024,0.19123,1237051.5
1737705600000,2025-01-24 10:00:00,0.19123,0.1946,0.19057,0.19339,2343614.5
1737709200000,2025-01-24 11:00:00,0.19339,0.19403,0.1924,0.19356,1859878.8
1737712800000,2025-01-24 12:00:00,0.19356,0.19427,0.19206,0.19411,1642328.6
1737716400000,2025-01-24 13:00:00,0.19411,0.19477,0.19303,0.19412,2480504.3
1737720000000,2025-01-24 14:00:00,0.19412,0.19443,0.19257,0.19442,1798638.1
1737723600000,2025-01-24 15:00:00,0.19442,0.19544,0.19344,0.19434,2863769.0
1737727200000,2025-01-24 16:00:00,0.19434,0.19499,0.19215,0.19368,3315296.8
1737730800000,2025-01-24 17:00:00,0.19368,0.19449,0.19017,0.19205,4291406.4
1737734400000,2025-01-24 18:00:00,0.19205,0.19376,0.18975,0.18994,6867990.4
1737738000000,2025-01-24 19:00:00,0.18994,0.19133,0.18892,0.19074,1402243.0
1737741600000,2025-01-24 20:00:00,0.19074,0.19141,0.18875,0.18917,1425477.0
1737745200000,2025-01-24 21:00:00,0.18917,0.18947,0.1867,0.18754,3906097.9
1737748800000,2025-01-24 22:00:00,0.18754,0.18805,0.18393,0.18397,1790935.4
1737752400000,2025-01-24 23:00:00,0.18397,0.1858,0.18397,0.18475,1683832.2
1737756000000,2025-01-25 00:00:00,0.18475,0.18475,0.18299,0.1831,1457107.0
1737759600000,2025-01-25 01:00:00,0.1831,0.18315,0.18211,0.18302,1607199.2
1737763200000,2025-01-25 02:00:00,0.18302,0.18306,0.17951,0.17963,3965991.5
1737766800000,2025-01-25 03:00:00,0.17963,0.1826,0.1795,0.18195,2268171.9
1737770400000,2025-01-25 04:00:00,0.18195,0.18328,0.18143,0.18322,948573.8
1737774000000,2025-01-25 05:00:00,0.18322,0.18591,0.18278,0.18558,1164353.7
1737777600000,2025-01-25 06:00:00,0.18558,0.18558,0.18329,0.18342,685223.3
1737781200000,2025-01-25 07:00:00,0.18342,0.18454,0.18298,0.18317,617857.1
1737784800000,2025-01-25 08:00:00,0.18317,0.18382,0.18163,0.18228,605463.5
1737788400000,2025-01-25 09:00:00,0.18228,0.18266,0.18171,0.18193,893480.7
1737792000000,2025-01-25 10:00:00,0.18193,0.18311,0.18163,0.18213,549791.8
1737795600000,2025-01-25 11:00:00,0.18213,0.18232,0.18132,0.18172,844885.8
1737799200000,2025-01-25 12:00:00,0.18172,0.18192,0.18039,0.1818,1483202.4
1737802800000,2025-01-25 13:00:00,0.1818,0.18271,0.18085,0.18223,773431.3
1737806400000,2025-01-25 14:00:00,0.18223,0.18275,0.18105,0.18275,1115254.9
1737810000000,2025-01-25 15:00:00,0.18275,0.18398,0.18259,0.18303,822695.9
1737813600000,2025-01-25 16:00:00,0.18303,0.18349,0.18179,0.18346,1139839.3
1737817200000,2025-01-25 17:00:00,0.18346,0.18607,0.18337,0.18525,1614081.1
1737820800000,2025-01-25 18:00:00,0.18525,0.18647,0.18389,0.18481,1228497.5
1737824400000,2025-01-25 19:00:00,0.18481,0.18523,0.18326,0.18503,1941372.3
1737828000000,2025-01-25 20:00:00,0.18503,0.18518,0.18361,0.18419,3467532.8
1737831600000,2025-01-25 21:00:00,0.18419,0.18499,0.18352,0.18443,2797342.5
1737835200000,2025-01-25 22:00:00,0.18443,0.18552,0.18374,0.18374,652671.1
1737838800000,2025-01-25 23:00:00,0.18374,0.18414,0.18272,0.18406,7978348.3
1737842400000,2025-01-26 00:00:00,0.18406,0.18476,0.18252,0.18291,3573890.3
1737846000000,2025-01-26 01:00:00,0.18291,0.18315,0.18178,0.18206,809432.8
1737849600000,2025-01-26 02:00:00,0.18206,0.18359,0.18139,0.18304,1547216.6
1737853200000,2025-01-26 03:00:00,0.18304,0.18407,0.18276,0.18335,645620.2
1737856800000,2025-01-26 04:00:00,0.18335,0.18477,0.18262,0.18476,694182.7
1737860400000,2025-01-26 05:00:00,0.18476,0.18744,0.18476,0.18693,1243694.8
1737864000000,2025-01-26 06:00:00,0.18693,0.18831,0.18649,0.18691,1617780.8
1737867600000,2025-01-26 07:00:00,0.18691,0.18703,0.18564,0.18592,681268.4
1737871200000,2025-01-26 08:00:00,0.18592,0.18804,0.18505,0.18776,2410980.5
1737874800000,2025-01-26 09:00:00,0.18776,0.19009,0.18756,0.18993,2093464.8
1737878400000,2025-01-26 10:00:00,0.18993,0.19195,0.18771,0.18802,3410566.2
1737882000000,2025-01-26 11:00:00,0.18802,0.18802,0.18602,0.18683,3433210.1
1737885600000,2025-01-26 12:00:00,0.18683,0.18764,0.18598,0.18709,1474787.0
1737889200000,2025-01-26 13:00:00,0.18709,0.18933,0.18689,0.18867,2394115.3
1737892800000,2025-01-26 14:00:00,0.18867,0.18891,0.18677,0.18777,1235746.8
1737896400000,2025-01-26 15:00:00,0.18777,0.18919,0.18757,0.1886,1913825.6
1737900000000,2025-01-26 16:00:00,0.1886,0.18868,0.18718,0.18833,741606.0
1737903600000,2025-01-26 17:00:00,0.18833,0.18967,0.18776,0.18919,1512756.5
1737907200000,2025-01-26 18:00:00,0.18919,0.1896,0.1878,0.18781,1580569.9
1737910800000,2025-01-26 19:00:00,0.18781,0.18911,0.18734,0.18872,765879.6
1737914400000,2025-01-26 20:00:00,0.18872,0.19136,0.18823,0.19057,1601169.9
1737918000000,2025-01-26 21:00:00,0.19057,0.19141,0.18977,0.19121,1413395.2
1737921600000,2025-01-26 22:00:00,0.19121,0.19176,0.18937,0.18956,817730.5
1737925200000,2025-01-26 23:00:00,0.18956,0.18964,0.18654,0.18664,1332580.8
1737928800000,2025-01-27 00:00:00,0.18664,0.18723,0.18486,0.18556,3184123.6
1737932400000,2025-01-27 01:00:00,0.18556,0.18556,0.18038,0.18067,6184751.2
1737936000000,2025-01-27 02:00:00,0.18067,0.18168,0.17743,0.17794,8486102.2
1737939600000,2025-01-27 03:00:00,0.17794,0.17836,0.17544,0.17579,3963576.6
1737943200000,2025-01-27 04:00:00,0.17579,0.17592,0.17354,0.17395,3083203.7
1737946800000,2025-01-27 05:00:00,0.17395,0.17698,0.17353,0.1755,1565398.5
1737950400000,2025-01-27 06:00:00,0.1755,0.17558,0.17192,0.17218,1591124.5
1737954000000,2025-01-27 07:00:00,0.17218,0.17291,0.16972,0.17117,2068647.0
1737957600000,2025-01-27 08:00:00,0.17117,0.17202,0.16767,0.1686,3033770.6
1737961200000,2025-01-27 09:00:00,0.1686,0.16931,0.1631,0.16777,7904283.3
1737964800000,2025-01-27 10:00:00,0.16777,0.16807,0.16518,0.16751,2800098.1
1737968400000,2025-01-27 11:00:00,0.16751,0.17028,0.16683,0.16936,2488107.3
1737972000000,2025-01-27 12:00:00,0.16936,0.16938,0.16466,0.16473,2363551.4
1737975600000,2025-01-27 13:00:00,0.16473,0.16862,0.16473,0.16683,2828590.2
1737979200000,2025-01-27 14:00:00,0.16683,0.17226,0.16577,0.17175,2512924.5
1737982800000,2025-01-27 15:00:00,0.17175,0.17457,0.17025,0.17107,5284865.0
1737986400000,2025-01-27 16:00:00,0.17107,0.17583,0.16999,0.17515,3169169.1
1737990000000,2025-01-27 17:00:00,0.17515,0.17732,0.17381,0.17522,2862954.5
1737993600000,2025-01-27 18:00:00,0.17522,0.17524,0.17051,0.17139,7518670.8
1737997200000,2025-01-27 19:00:00,0.17139,0.17254,0.16991,0.17026,2516835.5
1738000800000,2025-01-27 20:00:00,0.17026,0.172,0.16855,0.16936,2383676.5
1738004400000,2025-01-27 21:00:00,0.16936,0.17199,0.16936,0.17095,1059969.9
1738008000000,2025-01-27 22:00:00,0.17095,0.17762,0.1709,0.17681,4938451.2
1738011600000,2025-01-27 23:00:00,0.17681,0.18018,0.17595,0.17663,3783731.6
1738015200000,2025-01-28 00:00:00,0.17663,0.17802,0.1757,0.17723,1964395.4
1738018800000,2025-01-28 01:00:00,0.17723,0.17804,0.17633,0.17729,866394.1
1738022400000,2025-01-28 02:00:00,0.17729,0.17929,0.17589,0.17638,678975.3
1738026000000,2025-01-28 03:00:00,0.17638,0.17647,0.17439,0.1753,924895.0
1738029600000,2025-01-28 04:00:00,0.1753,0.17751,0.17521,0.17749,786524.6
1738033200000,2025-01-28 05:00:00,0.17749,0.17767,0.17603,0.17676,475520.6
1738036800000,2025-01-28 06:00:00,0.17676,0.17847,0.1767,0.1771,1330023.0
1738040400000,2025-01-28 07:00:00,0.1771,0.17745,0.1763,0.17649,949432.8
1738044000000,2025-01-28 08:00:00,0.17649,0.17665,0.17432,0.17441,866126.7
1738047600000,2025-01-28 09:00:00,0.17441,0.17497,0.17243,0.17321,1495232.3
1738051200000,2025-01-28 10:00:00,0.17321,0.1739,0.17236,0.17386,2008510.3
1738054800000,2025-01-28 11:00:00,0.17386,0.17398,0.17154,0.17288,1004379.7
1738058400000,2025-01-28 12:00:00,0.17288,0.17397,0.17229,0.17294,1007739.3
1738062000000,2025-01-28 13:00:00,0.17294,0.17357,0.17192,0.17257,688089.3
1738065600000,2025-01-28 14:00:00,0.17257,0.1735,0.17038,0.17073,1265281.1
1738069200000,2025-01-28 15:00:00,0.17073,0.17268,0.17073,0.17182,673395.7
1738072800000,2025-01-28 16:00:00,0.17182,0.17288,0.17009,0.17174,3643633.6
1738076400000,2025-01-28 17:00:00,0.17174,0.17577,0.17171,0.1734,8714354.8
1738080000000,2025-01-28 18:00:00,0.1734,0.17356,0.1705,0.17154,2158974.2
1738083600000,2025-01-28 19:00:00,0.17154,0.17278,0.17038,0.17101,1527535.2
1738087200000,2025-01-28 20:00:00,0.17101,0.17197,0.16908,0.16936,1533214.6
1738090800000,2025-01-28 21:00:00,0.16936,0.17002,0.1685,0.16993,1225805.1
1738094400000,2025-01-28 22:00:00,0.16993,0.17065,0.16674,0.16693,1625817.2
1738098000000,2025-01-28 23:00:00,0.16693,0.16887,0.16512,0.16522,3310251.9
1738101600000,2025-01-29 00:00:00,0.16522,0.16734,0.16458,0.16634,2964957.1
1738105200000,2025-01-29 01:00:00,0.16634,0.167,0.16321,0.16455,2492010.9
1738108800000,2025-01-29 02:00:00,0.16455,0.1659,0.16401,0.16487,1278977.5
1738112400000,2025-01-29 03:00:00,0.16487,0.16878,0.16487,0.16822,1466700.8
1738116000000,2025-01-29 04:00:00,0.16822,0.17056,0.1675,0.16758,1362577.6
1738119600000,2025-01-29 05:00:00,0.16758,0.16952,0.16717,0.16894,806997.3
1738123200000,2025-01-29 06:00:00,0.16894,0.16968,0.16839,0.16931,465132.2
1738126800000,2025-01-29 07:00:00,0.16931,0.17028,0.16889,0.17026,749276.7
1738130400000,2025-01-29 08:00:00,0.17026,0.1714,0.17006,0.17125,624185.8
1738134000000,2025-01-29 09:00:00,0.17125,0.17152,0.16996,0.17142,1017575.3
1738137600000,2025-01-29 10:00:00,0.17142,0.17207,0.17028,0.17065,1149318.3
1738141200000,2025-01-29 11:00:00,0.17065,0.17065,0.1681,0.16831,1202885.0
1738144800000,2025-01-29 12:00:00,0.16831,0.17047,0.16747,0.16981,897100.1
1738148400000,2025-01-29 13:00:00,0.16981,0.17066,0.16928,0.1698,606605.5
1738152000000,2025-01-29 14:00:00,0.1698,0.17025,0.16713,0.16757,1038539.2
1738155600000,2025-01-29 15:00:00,0.16757,0.16779,0.16535,0.16607,1275534.5
1738159200000,2025-01-29 16:00:00,0.16607,0.16726,0.16512,0.16608,1292367.0
1738162800000,2025-01-29 17:00:00,0.16608,0.16861,0.16605,0.16753,1138105.7
1738166400000,2025-01-29 18:00:00,0.16753,0.16755,0.16539,0.16608,845870.6
1738170000000,2025-01-29 19:00:00,0.16608,0.16925,0.16604,0.16785,1052413.5
1738173600000,2025-01-29 20:00:00,0.16785,0.17042,0.1662,0.1696,1593289.0
1738177200000,2025-01-29 21:00:00,0.1696,0.1734,0.16396,0.17129,6586399.3
1738180800000,2025-01-29 22:00:00,0.17129,0.17671,0.16899,0.1741,4050769.4
1738184400000,2025-01-29 23:00:00,0.1741,0.17637,0.17204,0.17372,2899613.6
1738188000000,2025-01-30 00:00:00,0.17372,0.174,0.17127,0.17127,1032348.6
1738191600000,2025-01-30 01:00:00,0.17127,0.17181,0.16885,0.16924,1207805.7
1738195200000,2025-01-30 02:00:00,0.16924,0.17043,0.1677,0.17039,1118311.6
1738198800000,2025-01-30 03:00:00,0.17039,0.17356,0.16985,0.17171,1148988.0
1738202400000,2025-01-30 04:00:00,0.17171,0.17304,0.17086,0.17304,885863.0
1738206000000,2025-01-30 05:00:00,0.17304,0.1748,0.17266,0.17448,701601.4
1738209600000,2025-01-30 06:00:00,0.17448,0.17684,0.17383,0.17662,1110170.6
1738213200000,2025-01-30 07:00:00,0.17662,0.17673,0.17465,0.1753,805208.7
1738216800000,2025-01-30 08:00:00,0.1753,0.17643,0.17512,0.1755,409683.4
1738220400000,2025-01-30 09:00:00,0.1755,0.17604,0.17436,0.17575,787725.7
1738224000000,2025-01-30 10:00:00,0.17575,0.17678,0.17461,0.1764,1318970.5
1738227600000,2025-01-30 11:00:00,0.1764,0.17826,0.17633,0.17781,1965470.8
1738231200000,2025-01-30 12:00:00,0.17781,0.17859,0.17692,0.17859,1085586.5
1738234800000,2025-01-30 13:00:00,0.17859,0.17937,0.17733,0.17903,1647133.2
1738238400000,2025-01-30 14:00:00,0.17903,0.17919,0.17635,0.17723,846796.8
1738242000000,2025-01-30 15:00:00,0.17723,0.17955,0.17689,0.17853,1020626.6
1738245600000,2025-01-30 16:00:00,0.17853,0.18132,0.17788,0.18039,2008051.7
1738249200000,2025-01-30 17:00:00,0.18039,0.18193,0.17987,0.17987,2842904.9
1738252800000,2025-01-30 18:00:00,0.17987,0.18225,0.1798,0.1821,2876226.5
1738256400000,2025-01-30 19:00:00,0.1821,0.18467,0.18145,0.18415,2536766.2
1738260000000,2025-01-30 20:00:00,0.18415,0.18446,0.18125,0.18241,4077658.8
1738263600000,2025-01-30 21:00:00,0.18241,0.18567,0.18211,0.18567,2131117.4
1738267200000,2025-01-30 22:00:00,0.18567,0.18599,0.18175,0.18213,2301679.2
1738270800000,2025-01-30 23:00:00,0.18213,0.18312,0.1813,0.18216,656264.3
1738274400000,2025-01-31 00:00:00,0.18216,0.18337,0.18109,0.18215,1221160.7
1738278000000,2025-01-31 01:00:00,0.18215,0.18366,0.1815,0.18161,1922549.4
1738281600000,2025-01-31 02:00:00,0.18161,0.18432,0.18091,0.18416,2991937.8
1738285200000,2025-01-31 03:00:00,0.18416,0.18475,0.18263,0.18307,899452.2
1738288800000,2025-01-31 04:00:00,0.18307,0.18333,0.18027,0.18036,2335215.3
1738292400000,2025-01-31 05:00:00,0.18036,0.18046,0.17852,0.17999,1315613.4
1738296000000,2025-01-31 06:00:00,0.17999,0.18009,0.178,0.17847,634514.7
1738299600000,2025-01-31 07:00:00,0.17847,0.18102,0.17814,0.18102,587351.2
1738303200000,2025-01-31 08:00:00,0.18102,0.18366,0.18054,0.18354,966125.7
1738306800000,2025-01-31 09:00:00,0.18354,0.18616,0.18235,0.18289,2019422.3
1738310400000,2025-01-31 10:00:00,0.18289,0.1832,0.18015,0.18015,2409172.0
1738314000000,2025-01-31 11:00:00,0.18015,0.1828,0.17974,0.18246,1997878.8
1738317600000,2025-01-31 12:00:00,0.18246,0.18348,0.18133,0.18324,785040.8
1738321200000,2025-01-31 13:00:00,0.18324,0.1871,0.18324,0.18683,2854497.2
1738324800000,2025-01-31 14:00:00,0.18683,0.18692,0.18531,0.18633,1243169.8
1738328400000,2025-01-31 15:00:00,0.18633,0.18834,0.18575,0.18678,1764017.7
1738332000000,2025-01-31 16:00:00,0.18678,0.18847,0.18546,0.1868,2435668.8
1738335600000,2025-01-31 17:00:00,0.1868,0.19041,0.1868,0.19031,2901728.5
1738339200000,2025-01-31 18:00:00,0.19031,0.19127,0.18817,0.18878,2999286.4
1738342800000,2025-01-31 19:00:00,0.18878,0.18895,0.18665,0.18667,1402079.0
1738346400000,2025-01-31 20:00:00,0.18667,0.18771,0.18167,0.18242,4121575.4
1738350000000,2025-01-31 21:00:00,0.18242,0.18399,0.18181,0.18261,1198621.8
1738353600000,2025-01-31 22:00:00,0.18261,0.18261,0.17977,0.18049,1395902.3
1738357200000,2025-01-31 23:00:00,0.18049,0.18104,0.17873,0.18099,1575828.3
1738360800000,2025-02-01 00:00:00,0.18099,0.18189,0.17965,0.18072,690566.2
1738364400000,2025-02-01 01:00:00,0.18072,0.18077,0.17912,0.18016,1272453.1
1738368000000,2025-02-01 02:00:00,0.18016,0.18197,0.17932,0.18191,782110.9
1738371600000,2025-02-01 03:00:00,0.18191,0.18357,0.18185,0.18231,744122.1
1738375200000,2025-02-01 04:00:00,0.18231,0.18443,0.18203,0.18405,901516.7
1738378800000,2025-02-01 05:00:00,0.18405,0.18405,0.1811,0.18172,734009.4
1738382400000,2025-02-01 06:00:00,0.18172,0.1828,0.18067,0.18156,712784.8
1738386000000,2025-02-01 07:00:00,0.18156,0.18305,0.18151,0.18284,487598.6
1738389600000,2025-02-01 08:00:00,0.18284,0.18288,0.18012,0.18136,582725.5
1738393200000,2025-02-01 09:00:00,0.18136,0.18183,0.18005,0.18031,439576.8
1738396800000,2025-02-01 10:00:00,0.18031,0.18077,0.17738,0.17837,1407526.3
1738400400000,2025-02-01 11:00:00,0.17837,0.17851,0.17484,0.17533,1281028.7
1738404000000,2025-02-01 12:00:00,0.17533,0.17711,0.17525,0.17531,982411.7
1738407600000,2025-02-01 13:00:00,0.17531,0.17726,0.17479,0.17725,998542.4
1738411200000,2025-02-01 14:00:00,0.17725,0.17875,0.17673,0.17801,832221.9
1738414800000,2025-02-01 15:00:00,0.17801,0.17849,0.17596,0.17604,705477.8
1738418400000,2025-02-01 16:00:00,0.17604,0.1772,0.17515,0.17536,1064595.6
1738422000000,2025-02-01 17:00:00,0.17536,0.17625,0.17348,0.17606,1472866.0
1738425600000,2025-02-01 18:00:00,0.17606,0.17686,0.17384,0.17391,2283497.4
1738429200000,2025-02-01 19:00:00,0.17391,0.176,0.17388,0.17474,1127038.9
1738432800000,2025-02-01 20:00:00,0.17474,0.17502,0.17193,0.17238,1160275.0
1738436400000,2025-02-01 21:00:00,0.17238,0.17251,0.16997,0.17048,2605702.5
1738440000000,2025-02-01 22:00:00,0.17048,0.1707,0.1682,0.16986,3127695.8
1738443600000,2025-02-01 23:00:00,0.16986,0.17156,0.16884,0.16917,1745302.5
1738447200000,2025-02-02 00:00:00,0.16917,0.16986,0.16651,0.16721,1837074.6
1738450800000,2025-02-02 01:00:00,0.16721,0.16732,0.16426,0.166,2686967.9
1738454400000,2025-02-02 02:00:00,0.166,0.16966,0.16531,0.16881,1572064.0
1738458000000,2025-02-02 03:00:00,0.16881,0.16983,0.16766,0.16791,953269.5
1738461600000,2025-02-02 04:00:00,0.16791,0.16807,0.16549,0.16561,2106086.7
1738465200000,2025-02-02 05:00:00,0.16561,0.1664,0.16121,0.16131,4873595.6
1738468800000,2025-02-02 06:00:00,0.16131,0.16363,0.16067,0.16221,2664968.9
1738472400000,2025-02-02 07:00:00,0.16221,0.16572,0.1622,0.16486,1199817.8
1738476000000,2025-02-02 08:00:00,0.16486,0.16558,0.16422,0.16499,1123857.2
1738479600000,2025-02-02 09:00:00,0.16499,0.16505,0.16279,0.16309,1030264.4
1738483200000,2025-02-02 10:00:00,0.16309,0.16547,0.16225,0.16458,2486685.7
1738486800000,2025-02-02 11:00:00,0.16458,0.16504,0.16326,0.16464,754773.5
1738490400000,2025-02-02 12:00:00,0.16464,0.16464,0.16129,0.16216,2404265.9
1738494000000,2025-02-02 13:00:00,0.16216,0.16269,0.15863,0.15917,2993566.7
1738497600000,2025-02-02 14:00:00,0.15917,0.16115,0.15743,0.15747,2633568.4
1738501200000,2025-02-02 15:00:00,0.15747,0.16048,0.15747,0.1604,1603092.8
1738504800000,2025-02-02 16:00:00,0.1604,0.16091,0.15942,0.15942,1349987.3
1738508400000,2025-02-02 17:00:00,0.15942,0.15963,0.15718,0.15937,2073449.6
1738512000000,2025-02-02 18:00:00,0.15937,0.15943,0.15292,0.1538,5815242.7
1738515600000,2025-02-02 19:00:00,0.1538,0.15517,0.14806,0.14917,9376359.7
1738519200000,2025-02-02 20:00:00,0.14917,0.15091,0.14479,0.14519,9508750.9
1738522800000,2025-02-02 21:00:00,0.14519,0.15086,0.14344,0.14932,7774024.6
1738526400000,2025-02-02 22:00:00,0.14932,0.15085,0.14708,0.14765,4283394.3
1738530000000,2025-02-02 23:00:00,0.14765,0.14817,0.14504,0.14584,2754918.0
1738533600000,2025-02-03 00:00:00,0.14584,0.14828,0.13687,0.14425,10652093.4
1738537200000,2025-02-03 01:00:00,0.14425,0.14471,0.13855,0.14425,12055518.0
1738540800000,2025-02-03 02:00:00,0.14425,0.1443,0.13294,0.13758,17718632.8
1738544400000,2025-02-03 03:00:00,0.13758,0.13861,0.11254,0.11917,39551234.3
1738548000000,2025-02-03 04:00:00,0.11917,0.12123,0.10342,0.11568,36702249.8
1738551600000,2025-02-03 05:00:00,0.11568,0.12401,0.11567,0.12244,11088180.5
1738555200000,2025-02-03 06:00:00,0.12244,0.12396,0.11909,0.11928,9416022.5
1738558800000,2025-02-03 07:00:00,0.11928,0.12665,0.11928,0.12647,6329874.5
1738562400000,2025-02-03 08:00:00,0.12647,0.13016,0.12441,0.12969,7902499.1
1738566000000,2025-02-03 09:00:00,0.12969,0.13478,0.12958,0.13342,7926923.6
1738569600000,2025-02-03 10:00:00,0.13342,0.13342,0.12937,0.13195,4780171.7
1738573200000,2025-02-03 11:00:00,0.13195,0.1344,0.13087,0.13121,6086558.6
1738576800000,2025-02-03 12:00:00,0.13121,0.13501,0.13048,0.13487,5019600.0
1738580400000,2025-02-03 13:00:00,0.13487,0.13504,0.13261,0.13317,3365125.6
1738584000000,2025-02-03 14:00:00,0.13317,0.13575,0.1319,0.13214,4038769.8
1738587600000,2025-02-03 15:00:00,0.13214,0.13337,0.13003,0.13105,5110814.1
1738591200000,2025-02-03 16:00:00,0.13105,0.13482,0.12785,0.13459,17388209.6
1738594800000,2025-02-03 17:00:00,0.13459,0.14073,0.13357,0.13979,11743705.6
1738598400000,2025-02-03 18:00:00,0.13979,0.14353,0.13858,0.14109,11846219.3
1738602000000,2025-02-03 19:00:00,0.14109,0.14186,0.13908,0.14116,4088702.2
1738605600000,2025-02-03 20:00:00,0.14116,0.14305,0.13974,0.14285,3110124.1
1738609200000,2025-02-03 21:00:00,0.14285,0.14646,0.14198,0.14613,4605052.5
1738612800000,2025-02-03 22:00:00,0.14613,0.14619,0.14188,0.14325,3834953.9
1738616400000,2025-02-03 23:00:00,0.14325,0.14811,0.14294,0.14778,3661414.2
1738620000000,2025-02-04 00:00:00,0.14778,0.15055,0.1473,0.14861,3182998.5
1738623600000,2025-02-04 01:00:00,0.14861,0.14925,0.1473,0.14867,2425104.8
1738627200000,2025-02-04 02:00:00,0.14867,0.15021,0.14551,0.14568,2287389.9
1738630800000,2025-02-04 03:00:00,0.14568,0.14699,0.14532,0.14626,1325113.1
1738634400000,2025-02-04 04:00:00,0.14626,0.14651,0.14352,0.14372,2125802.0
1738638000000,2025-02-04 05:00:00,0.14372,0.14407,0.14159,0.14292,2569799.0
1738641600000,2025-02-04 06:00:00,0.14292,0.1449,0.14166,0.14194,3874166.8
1738645200000,2025-02-04 07:00:00,0.14194,0.14237,0.13524,0.1353,9988257.2
1738648800000,2025-02-04 08:00:00,0.1353,0.1376,0.1353,0.13717,3758687.1
1738652400000,2025-02-04 09:00:00,0.13717,0.13721,0.13242,0.13302,2688648.2
1738656000000,2025-02-04 10:00:00,0.13302,0.13456,0.13212,0.1328,2479628.7
1738659600000,2025-02-04 11:00:00,0.1328,0.13498,0.1328,0.13393,2204936.7
1738663200000,2025-02-04 12:00:00,0.13393,0.13818,0.13384,0.13708,2217356.0
1738666800000,2025-02-04 13:00:00,0.13708,0.13999,0.13688,0.13821,2324350.3
1738670400000,2025-02-04 14:00:00,0.13821,0.14222,0.13811,0.14106,1866598.7
1738674000000,2025-02-04 15:00:00,0.14106,0.14289,0.13988,0.1402,2518616.0
1738677600000,2025-02-04 16:00:00,0.1402,0.14407,0.13873,0.14234,4788007.4
1738681200000,2025-02-04 17:00:00,0.14234,0.14312,0.13783,0.14032,10540155.1
1738684800000,2025-02-04 18:00:00,0.14032,0.1437,0.13978,0.14136,6209967.2
1738688400000,2025-02-04 19:00:00,0.14136,0.14354,0.13985,0.14043,4166685.5
1738692000000,2025-02-04 20:00:00,0.14043,0.14276,0.13948,0.1418,5397756.9
1738695600000,2025-02-04 21:00:00,0.1418,0.14521,0.13903,0.13905,8352081.0
1738699200000,2025-02-04 22:00:00,0.13905,0.14045,0.13665,0.13735,5886220.9
1738702800000,2025-02-04 23:00:00,0.13735,0.13746,0.13376,0.13423,7880031.7
1738706400000,2025-02-05 00:00:00,0.13423,0.13886,0.13405,0.13832,5108472.9
1738710000000,2025-02-05 01:00:00,0.13832,0.14122,0.13793,0.13941,3516033.8
1738713600000,2025-02-05 02:00:00,0.13941,0.13987,0.13808,0.13858,1732963.3
1738717200000,2025-02-05 03:00:00,0.13858,0.14069,0.13783,0.13787,3916182.3
1738720800000,2025-02-05 04:00:00,0.13787,0.1402,0.13677,0.13947,2187192.2
1738724400000,2025-02-05 05:00:00,0.13947,0.13989,0.13835,0.13842,662213.9
1738728000000,2025-02-05 06:00:00,0.13842,0.13844,0.13725,0.13766,1352712.8
1738731600000,2025-02-05 07:00:00,0.13766,0.13948,0.13585,0.13894,2576758.6
1738735200000,2025-02-05 08:00:00,0.13894,0.13895,0.13612,0.13643,1985046.2
1738738800000,2025-02-05 09:00:00,0.13643,0.138,0.1358,0.13776,1038087.0
1738742400000,2025-02-05 10:00:00,0.13776,0.13896,0.13677,0.13759,1730906.6
1738746000000,2025-02-05 11:00:00,0.13759,0.13946,0.13691,0.13789,2520592.8
1738749600000,2025-02-05 12:00:00,0.13789,0.13884,0.13749,0.13802,1283398.6
1738753200000,2025-02-05 13:00:00,0.13802,0.14031,0.13796,0.14016,1844929.6
1738756800000,2025-02-05 14:00:00,0.14016,0.14129,0.13896,0.13923,1982959.3
1738760400000,2025-02-05 15:00:00,0.13923,0.14156,0.13874,0.14095,2037455.7
1738764000000,2025-02-05 16:00:00,0.14095,0.14121,0.1375,0.13789,3987428.2
1738767600000,2025-02-05 17:00:00,0.13789,0.13978,0.13655,0.13813,3070917.1
1738771200000,2025-02-05 18:00:00,0.13813,0.1388,0.13477,0.13665,3415230.7
1738774800000,2025-02-05 19:00:00,0.13665,0.13742,0.1335,0.13411,1873061.8
1738778400000,2025-02-05 20:00:00,0.13411,0.13544,0.1331,0.13391,2609365.6
1738782000000,2025-02-05 21:00:00,0.13391,0.13678,0.13345,0.13645,2804477.1
1738785600000,2025-02-05 22:00:00,0.13645,0.13713,0.13357,0.13486,1267583.1
1738789200000,2025-02-05 23:00:00,0.13486,0.13579,0.13434,0.13472,1175675.2
1738792800000,2025-02-06 00:00:00,0.13472,0.13525,0.13285,0.13357,1771225.1
1738796400000,2025-02-06 01:00:00,0.13357,0.13493,0.13309,0.13453,1433942.6
1738800000000,2025-02-06 02:00:00,0.13453,0.13553,0.13395,0.134,1826951.0
1738803600000,2025-02-06 03:00:00,0.134,0.13638,0.13326,0.13474,1827391.5
1738807200000,2025-02-06 04:00:00,0.13474,0.13633,0.13455,0.13536,951645.0
1738810800000,2025-02-06 05:00:00,0.13536,0.13642,0.13437,0.13546,782613.7
1738814400000,2025-02-06 06:00:00,0.13546,0.13625,0.13497,0.13557,793053.0
1738818000000,2025-02-06 07:00:00,0.13557,0.13729,0.1352,0.13672,2369323.6
1738821600000,2025-02-06 08:00:00,0.13672,0.13847,0.1357,0.13823,1934166.8
1738825200000,2025-02-06 09:00:00,0.13823,0.13823,0.13681,0.13702,1212311.8
1738828800000,2025-02-06 10:00:00,0.13702,0.13775,0.13593,0.13681,5544946.2
1738832400000,2025-02-06 11:00:00,0.13681,0.13828,0.13604,0.13765,1940490.7
1738836000000,2025-02-06 12:00:00,0.13765,0.13829,0.13613,0.13742,3259026.5
1738839600000,2025-02-06 13:00:00,0.13742,0.13781,0.13492,0.1361,2538991.3
1738843200000,2025-02-06 14:00:00,0.1361,0.13632,0.13365,0.134,2187935.6
1738846800000,2025-02-06 15:00:00,0.134,0.13631,0.13399,0.1355,3390688.0
1738850400000,2025-02-06 16:00:00,0.1355,0.13584,0.13173,0.1323,4554950.1
1738854000000,2025-02-06 17:00:00,0.1323,0.1334,0.12955,0.13048,6296993.7
1738857600000,2025-02-06 18:00:00,0.13048,0.13159,0.12931,0.1301,3272722.8
1738861200000,2025-02-06 19:00:00,0.1301,0.13279,0.12948,0.13085,1508464.2
1738864800000,2025-02-06 20:00:00,0.13085,0.13129,0.12923,0.12923,2706311.9
1738868400000,2025-02-06 21:00:00,0.12923,0.13088,0.12821,0.12857,2587218.6
1738872000000,2025-02-06 22:00:00,0.12857,0.13147,0.12828,0.13115,1389899.5
1738875600000,2025-02-06 23:00:00,0.13115,0.13128,0.12799,0.12988,2440095.3
1738879200000,2025-02-07 00:00:00,0.12988,0.12997,0.12675,0.12988,4849076.6
1738882800000,2025-02-07 01:00:00,0.12988,0.13002,0.12719,0.12848,1923116.0
1738886400000,2025-02-07 02:00:00,0.12848,0.13064,0.12822,0.12872,1473983.4
1738890000000,2025-02-07 03:00:00,0.12872,0.13224,0.12872,0.13126,1386261.3
1738893600000,2025-02-07 04:00:00,0.13126,0.13217,0.13076,0.13144,843647.0
1738897200000,2025-02-07 05:00:00,0.13144,0.13186,0.12957,0.13059,996379.4
1738900800000,2025-02-07 06:00:00,0.13059,0.13129,0.12994,0.13016,1389039.1
1738904400000,2025-02-07 07:00:00,0.13016,0.1304,0.12888,0.12939,1111122.9
1738908000000,2025-02-07 08:00:00,0.12939,0.12967,0.1272,0.12878,1557600.0
1738911600000,2025-02-07 09:00:00,0.12878,0.13076,0.12876,0.12906,2353695.5
1738915200000,2025-02-07 10:00:00,0.12906,0.13144,0.12854,0.13025,1413663.2
1738918800000,2025-02-07 11:00:00,0.13025,0.13207,0.13006,0.13203,1032980.9
1738922400000,2025-02-07 12:00:00,0.13203,0.13274,0.13077,0.1309,2491923.7
1738926000000,2025-02-07 13:00:00,0.1309,0.1323,0.13056,0.13224,1071790.9
1738929600000,2025-02-07 14:00:00,0.13224,0.13281,0.13087,0.13197,1803515.3
1738933200000,2025-02-07 15:00:00,0.13197,0.13532,0.13064,0.13514,4774294.2
1738936800000,2025-02-07 16:00:00,0.13514,0.13784,0.13441,0.13691,3481395.7
1738940400000,2025-02-07 17:00:00,0.13691,0.13695,0.13285,0.13411,5712041.6
1738944000000,2025-02-07 18:00:00,0.13411,0.1342,0.13197,0.13237,2758277.4
1738947600000,2025-02-07 19:00:00,0.13237,0.13252,0.13023,0.13097,4038540.1
1738951200000,2025-02-07 20:00:00,0.13097,0.13304,0.13064,0.13173,2803960.5
1738954800000,2025-02-07 21:00:00,0.13173,0.13189,0.12973,0.12997,1271070.8
1738958400000,2025-02-07 22:00:00,0.12997,0.13009,0.12604,0.12636,3798663.0
1738962000000,2025-02-07 23:00:00,0.12636,0.12741,0.12539,0.12598,1139663.7
1738965600000,2025-02-08 00:00:00,0.12598,0.12607,0.12419,0.12531,2405975.4
1738969200000,2025-02-08 01:00:00,0.12531,0.1279,0.125,0.12774,1545935.2
1738972800000,2025-02-08 02:00:00,0.12774,0.12913,0.12688,0.12815,1746019.8
1738976400000,2025-02-08 03:00:00,0.12815,0.12827,0.12688,0.12695,701364.1
1738980000000,2025-02-08 04:00:00,0.12695,0.12776,0.1265,0.12748,725242.8
1738983600000,2025-02-08 05:00:00,0.12748,0.12828,0.12692,0.12733,775250.1
1738987200000,2025-02-08 06:00:00,0.12733,0.1274,0.12653,0.12675,417619.5
1738990800000,2025-02-08 07:00:00,0.12675,0.12709,0.12598,0.12669,607686.4
1738994400000,2025-02-08 08:00:00,0.12669,0.12739,0.12602,0.12633,649354.3
1738998000000,2025-02-08 09:00:00,0.12633,0.12841,0.12549,0.12779,1317683.5
1739001600000,2025-02-08 10:00:00,0.12779,0.12811,0.12611,0.12625,969230.0
1739005200000,2025-02-08 11:00:00,0.12625,0.12729,0.12618,0.12708,805361.8
1739008800000,2025-02-08 12:00:00,0.12708,0.12751,0.12601,0.12635,561648.9
1739012400000,2025-02-08 13:00:00,0.12635,0.12685,0.12572,0.12664,838223.4
1739016000000,2025-02-08 14:00:00,0.12664,0.12724,0.12575,0.12601,1283674.1
1739019600000,2025-02-08 15:00:00,0.12601,0.12848,0.12601,0.12744,1605512.4
1739023200000,2025-02-08 16:00:00,0.12744,0.12827,0.12642,0.12806,1297164.4
1739026800000,2025-02-08 17:00:00,0.12806,0.129,0.12669,0.12696,1645572.8
1739030400000,2025-02-08 18:00:00,0.12696,0.12818,0.12583,0.12774,1336549.4
1739034000000,2025-02-08 19:00:00,0.12774,0.12947,0.12771,0.12899,1388967.4
1739037600000,2025-02-08 20:00:00,0.12899,0.13024,0.12809,0.12984,1575662.5
1739041200000,2025-02-08 21:00:00,0.12984,0.13054,0.12921,0.12987,1654651.1
1739044800000,2025-02-08 22:00:00,0.12987,0.13033,0.12927,0.12979,502920.2
1739048400000,2025-02-08 23:00:00,0.12979,0.1305,0.12934,0.13017,1030042.9
1739052000000,2025-02-09 00:00:00,0.13017,0.13057,0.1289,0.12986,2648522.4
1739055600000,2025-02-09 01:00:00,0.12986,0.13126,0.12974,0.13007,1904181.3
1739059200000,2025-02-09 02:00:00,0.13007,0.13059,0.12925,0.13028,1452387.6
1739062800000,2025-02-09 03:00:00,0.13028,0.13166,0.12989,0.13112,1151713.4
1739066400000,2025-02-09 04:00:00,0.13112,0.13149,0.12984,0.13005,1526606.3
1739070000000,2025-02-09 05:00:00,0.13005,0.13364,0.1299,0.13334,1996897.5
1739073600000,2025-02-09 06:00:00,0.13334,0.13342,0.13236,0.13297,1042373.6
1739077200000,2025-02-09 07:00:00,0.13297,0.13332,0.13231,0.13304,426125.6
1739080800000,2025-02-09 08:00:00,0.13304,0.13516,0.13273,0.13438,3143148.3
1739084400000,2025-02-09 09:00:00,0.13438,0.13463,0.13367,0.13409,1361133.2
1739088000000,2025-02-09 10:00:00,0.13409,0.13603,0.13409,0.13597,1502171.3
1739091600000,2025-02-09 11:00:00,0.13597,0.13619,0.13467,0.13533,1250184.8
1739095200000,2025-02-09 12:00:00,0.13533,0.13619,0.13456,0.13512,1210358.5
1739098800000,2025-02-09 13:00:00,0.13512,0.13567,0.1344,0.13445,959233.9
1739102400000,2025-02-09 14:00:00,0.13445,0.13491,0.13301,0.13359,1315955.5
1739106000000,2025-02-09 15:00:00,0.13359,0.13376,0.13034,0.13072,2372575.9
1739109600000,2025-02-09 16:00:00,0.13072,0.132,0.13055,0.13119,1910852.9
1739113200000,2025-02-09 17:00:00,0.13119,0.13314,0.13102,0.13272,1102705.6
1739116800000,2025-02-09 18:00:00,0.13272,0.13348,0.13208,0.13304,796739.7
1739120400000,2025-02-09 19:00:00,0.13304,0.13318,0.13115,0.13129,995366.4
1739124000000,2025-02-09 20:00:00,0.13129,0.13148,0.13052,0.13068,1629200.3
1739127600000,2025-02-09 21:00:00,0.13068,0.13086,0.12878,0.12921,1132591.2
1739131200000,2025-02-09 22:00:00,0.12921,0.13167,0.129,0.13061,1771795.0
1739134800000,2025-02-09 23:00:00,0.13061,0.13077,0.12514,0.12592,8999922.7
1739138400000,2025-02-10 00:00:00,0.12592,0.13139,0.1248,0.12977,4153836.1
1739142000000,2025-02-10 01:00:00,0.12977,0.13264,0.12925,0.13231,1334287.9
1739145600000,2025-02-10 02:00:00,0.13231,0.13464,0.13226,0.13252,2849936.2
1739149200000,2025-02-10 03:00:00,0.13252,0.13259,0.12795,0.12828,1676136.0
1739152800000,2025-02-10 04:00:00,0.12828,0.12963,0.12732,0.12872,2037562.6
1739156400000,2025-02-10 05:00:00,0.12872,0.13315,0.12808,0.13124,2283594.2
1739160000000,2025-02-10 06:00:00,0.13124,0.13365,0.13054,0.13276,2147819.0
1739163600000,2025-02-10 07:00:00,0.13276,0.13547,0.13238,0.13391,1563368.5
1739167200000,2025-02-10 08:00:00,0.13391,0.13432,0.133,0.13385,1327932.5
1739170800000,2025-02-10 09:00:00,0.13385,0.13483,0.13318,0.13421,1190244.6
1739174400000,2025-02-10 10:00:00,0.13421,0.13671,0.13405,0.13624,2335367.0
1739178000000,2025-02-10 11:00:00,0.13624,0.13729,0.13562,0.13599,1284840.5
1739181600000,2025-02-10 12:00:00,0.13599,0.13697,0.13546,0.13585,869479.2
1739185200000,2025-02-10 13:00:00,0.13585,0.13679,0.13537,0.13631,1061291.9
1739188800000,2025-02-10 14:00:00,0.13631,0.13667,0.13446,0.13468,1664794.9
1739192400000,2025-02-10 15:00:00,0.13468,0.13925,0.13454,0.13867,2115090.7
1739196000000,2025-02-10 16:00:00,0.13867,0.13928,0.13706,0.13815,2004887.2
1739199600000,2025-02-10 17:00:00,0.13815,0.13902,0.13655,0.13816,1527047.4
1739203200000,2025-02-10 18:00:00,0.13816,0.13958,0.13779,0.13871,1991895.4
1739206800000,2025-02-10 19:00:00,0.13871,0.14037,0.13799,0.14019,1413941.6
1739210400000,2025-02-10 20:00:00,0.14019,0.1416,0.13953,0.1415,1583350.7
1739214000000,2025-02-10 21:00:00,0.1415,0.14431,0.13973,0.14018,6927784.0
1739217600000,2025-02-10 22:00:00,0.14018,0.1417,0.13985,0.14098,1660302.9
1739221200000,2025-02-10 23:00:00,0.14098,0.14132,0.13861,0.13924,2022103.1
1739224800000,2025-02-11 00:00:00,0.13924,0.1412,0.13867,0.13937,2325799.2
1739228400000,2025-02-11 01:00:00,0.13937,0.13972,0.13848,0.13966,1103440.3
1739232000000,2025-02-11 02:00:00,0.13966,0.14144,0.13899,0.14129,1981996.5
1739235600000,2025-02-11 03:00:00,0.14129,0.14267,0.1409,0.14232,826522.7
1739239200000,2025-02-11 04:00:00,0.14232,0.14262,0.14042,0.14111,1718790.9
1739242800000,2025-02-11 05:00:00,0.14111,0.14154,0.14034,0.14151,382537.1
1739246400000,2025-02-11 06:00:00,0.14151,0.14644,0.14145,0.14518,7104831.2
1739250000000,2025-02-11 07:00:00,0.14518,0.1468,0.14465,0.14645,1969294.1
1739253600000,2025-02-11 08:00:00,0.14645,0.14751,0.14543,0.14741,2171697.6
1739257200000,2025-02-11 09:00:00,0.14741,0.14742,0.1459,0.14608,1392644.3
1739260800000,2025-02-11 10:00:00,0.14608,0.14739,0.14583,0.14683,903272.6
1739264400000,2025-02-11 11:00:00,0.14683,0.14798,0.1452,0.14532,2772082.5
1739268000000,2025-02-11 12:00:00,0.14532,0.1465,0.14468,0.14487,1951416.9
1739271600000,2025-02-11 13:00:00,0.14487,0.14663,0.14441,0.14644,1803184.1
1739275200000,2025-02-11 14:00:00,0.14644,0.1466,0.14381,0.14487,3335104.7
1739278800000,2025-02-11 15:00:00,0.14487,0.14549,0.14068,0.14094,3625025.0
1739282400000,2025-02-11 16:00:00,0.14094,0.14352,0.14072,0.14292,2547460.4
1739286000000,2025-02-11 17:00:00,0.14292,0.14393,0.14142,0.14208,2128656.8
1739289600000,2025-02-11 18:00:00,0.14208,0.1425,0.14044,0.14101,1683642.8
1739293200000,2025-02-11 19:00:00,0.14101,0.14111,0.1385,0.13901,4275703.4
1739296800000,2025-02-11 20:00:00,0.13901,0.13904,0.13716,0.13739,2432110.1
1739300400000,2025-02-11 21:00:00,0.13739,0.138,0.13636,0.13724,3391747.3
1739304000000,2025-02-11 22:00:00,0.13724,0.13926,0.13695,0.13845,2335663.1
1739307600000,2025-02-11 23:00:00,0.13845,0.14047,0.13809,0.13981,4660377.6
1739311200000,2025-02-12 00:00:00,0.13981,0.14048,0.13712,0.13779,1314025.4
1739314800000,2025-02-12 01:00:00,0.13779,0.13938,0.13765,0.13788,2248101.6
1739318400000,2025-02-12 02:00:00,0.13788,0.13915,0.13714,0.13862,1056025.1
1739322000000,2025-02-12 03:00:00,0.13862,0.13933,0.13761,0.13898,771393.4
1739325600000,2025-02-12 04:00:00,0.13898,0.13902,0.1363,0.13694,1020600.9
1739329200000,2025-02-12 05:00:00,0.13694,0.13832,0.13537,0.13689,2424478.4
1739332800000,2025-02-12 06:00:00,0.13689,0.1375,0.13576,0.13678,2340895.9
1739336400000,2025-02-12 07:00:00,0.13678,0.13827,0.13628,0.1381,761705.4
1739340000000,2025-02-12 08:00:00,0.1381,0.13844,0.13678,0.13717,682190.9
1739343600000,2025-02-12 09:00:00,0.13717,0.13893,0.13688,0.13824,1466725.5
1739347200000,2025-02-12 10:00:00,0.13824,0.14007,0.13822,0.13958,1739384.2
1739350800000,2025-02-12 11:00:00,0.13958,0.13963,0.13809,0.13922,2808932.9
1739354400000,2025-02-12 12:00:00,0.13922,0.13939,0.13682,0.13747,3612903.4
1739358000000,2025-02-12 13:00:00,0.13747,0.13952,0.13747,0.13861,1830226.1
1739361600000,2025-02-12 14:00:00,0.13861,0.13996,0.13799,0.13799,888548.3
1739365200000,2025-02-12 15:00:00,0.13799,0.14094,0.13364,0.13617,11101127.2
1739368800000,2025-02-12 16:00:00,0.13617,0.13631,0.13248,0.13625,4244090.1
1739372400000,2025-02-12 17:00:00,0.13625,0.13818,0.13369,0.13762,3001595.9
1739376000000,2025-02-12 18:00:00,0.13762,0.14132,0.13585,0.14078,3162581.6
1739379600000,2025-02-12 19:00:00,0.14078,0.14343,0.14075,0.14224,3030532.4
1739383200000,2025-02-12 20:00:00,0.14224,0.14258,0.14055,0.14185,1132659.2
1739386800000,2025-02-12 21:00:00,0.14185,0.14361,0.14061,0.1431,1234738.6
1739390400000,2025-02-12 22:00:00,0.1431,0.14466,0.14261,0.14335,2073576.3
1739394000000,2025-02-12 23:00:00,0.14335,0.14516,0.14305,0.14399,1958358.4
1739397600000,2025-02-13 00:00:00,0.14399,0.1476,0.14364,0.14571,2553320.3
1739401200000,2025-02-13 01:00:00,0.14571,0.14614,0.14416,0.14525,1120949.4
1739404800000,2025-02-13 02:00:00,0.14525,0.14608,0.14474,0.14594,1387062.6
1739408400000,2025-02-13 03:00:00,0.14594,0.14741,0.14542,0.14702,1034957.8
1739412000000,2025-02-13 04:00:00,0.14702,0.14704,0.14538,0.14589,1054799.0
1739415600000,2025-02-13 05:00:00,0.14589,0.1468,0.14563,0.14614,571098.5
1739419200000,2025-02-13 06:00:00,0.14614,0.1463,0.14368,0.14413,985705.7
1739422800000,2025-02-13 07:00:00,0.14413,0.14473,0.14308,0.14414,910995.7
1739426400000,2025-02-13 08:00:00,0.14414,0.14429,0.14081,0.14145,1487471.9
1739430000000,2025-02-13 09:00:00,0.14145,0.14231,0.14082,0.14121,923703.5
1739433600000,2025-02-13 10:00:00,0.14121,0.14168,0.1398,0.14019,1225947.3
1739437200000,2025-02-13 11:00:00,0.14019,0.14222,0.13965,0.14201,1289597.6
1739440800000,2025-02-13 12:00:00,0.14201,0.14253,0.14148,0.14181,779118.6
1739444400000,2025-02-13 13:00:00,0.14181,0.142,0.13957,0.14022,1345862.9
1739448000000,2025-02-13 14:00:00,0.14022,0.14098,0.13979,0.14015,921124.6
1739451600000,2025-02-13 15:00:00,0.14015,0.14257,0.13964,0.14152,2835255.0
1739455200000,2025-02-13 16:00:00,0.14152,0.14183,0.13875,0.13974,3328413.9
1739458800000,2025-02-13 17:00:00,0.13974,0.14262,0.13883,0.14118,5663367.2
1739462400000,2025-02-13 18:00:00,0.14118,0.1412,0.13881,0.13937,2237187.7
1739466000000,2025-02-13 19:00:00,0.13937,0.14074,0.13921,0.13979,870309.0
1739469600000,2025-02-13 20:00:00,0.13979,0.14115,0.13891,0.14115,692509.0
1739473200000,2025-02-13 21:00:00,0.14115,0.14268,0.13971,0.13971,3201647.1
1739476800000,2025-02-13 22:00:00,0.13971,0.14105,0.13935,0.14003,2663493.8
1739480400000,2025-02-13 23:00:00,0.14003,0.14142,0.13968,0.14054,2098096.7
1739484000000,2025-02-14 00:00:00,0.14054,0.14138,0.13976,0.13976,1395496.1
1739487600000,2025-02-14 01:00:00,0.13976,0.14045,0.13947,0.14001,1055933.2
1739491200000,2025-02-14 02:00:00,0.14001,0.14104,0.13945,0.14036,1153213.9
1739494800000,2025-02-14 03:00:00,0.14036,0.14097,0.1391,0.14039,476795.8
1739498400000,2025-02-14 04:00:00,0.14039,0.14126,0.1401,0.14038,379189.6
1739502000000,2025-02-14 05:00:00,0.14038,0.1426,0.14025,0.14221,1627547.8
1739505600000,2025-02-14 06:00:00,0.14221,0.14264,0.14082,0.14128,1171125.9
1739509200000,2025-02-14 07:00:00,0.14128,0.1419,0.14028,0.14078,1322836.8
1739512800000,2025-02-14 08:00:00,0.14078,0.14083,0.13943,0.14056,1876139.3
1739516400000,2025-02-14 09:00:00,0.14056,0.14106,0.14011,0.14018,861657.3
1739520000000,2025-02-14 10:00:00,0.14018,0.14171,0.13961,0.14084,1139594.3
1739523600000,2025-02-14 11:00:00,0.14084,0.14306,0.14068,0.14293,1375731.9
1739527200000,2025-02-14 12:00:00,0.14293,0.14383,0.14215,0.14215,2068551.4
1739530800000,2025-02-14 13:00:00,0.14215,0.14337,0.14181,0.14263,1723243.0
1739534400000,2025-02-14 14:00:00,0.14263,0.14298,0.14159,0.14214,2067159.5
1739538000000,2025-02-14 15:00:00,0.14214,0.14328,0.1416,0.14276,1964806.3
1739541600000,2025-02-14 16:00:00,0.14276,0.14466,0.14171,0.14394,2384566.0
1739545200000,2025-02-14 17:00:00,0.14394,0.14437,0.14113,0.14357,2663706.3
1739548800000,2025-02-14 18:00:00,0.14357,0.14462,0.142,0.14456,1692296.4
1739552400000,2025-02-14 19:00:00,0.14456,0.14612,0.14344,0.14543,3188121.9
1739556000000,2025-02-14 20:00:00,0.14543,0.14653,0.14517,0.14517,2694659.7
1739559600000,2025-02-14 21:00:00,0.14517,0.14621,0.14367,0.14453,3028975.3
1739563200000,2025-02-14 22:00:00,0.14453,0.14512,0.14244,0.14268,2692974.1
1739566800000,2025-02-14 23:00:00,0.14268,0.14428,0.1416,0.14402,3006864.0
1739570400000,2025-02-15 00:00:00,0.14402,0.1444,0.14076,0.14185,2066964.1
1739574000000,2025-02-15 01:00:00,0.14185,0.14296,0.14146,0.14272,1233905.7
1739577600000,2025-02-15 02:00:00,0.14272,0.14272,0.14103,0.14197,1181701.9
1739581200000,2025-02-15 03:00:00,0.14197,0.14354,0.14171,0.14334,982303.2
1739584800000,2025-02-15 04:00:00,0.14334,0.14475,0.14326,0.14467,1886689.4
1739588400000,2025-02-15 05:00:00,0.14467,0.14494,0.14381,0.14437,586401.2
1739592000000,2025-02-15 06:00:00,0.14437,0.14515,0.14351,0.14384,832958.1
1739595600000,2025-02-15 07:00:00,0.14384,0.14431,0.14347,0.14384,510229.0
1739599200000,2025-02-15 08:00:00,0.14384,0.14384,0.14239,0.14257,627503.6
1739602800000,2025-02-15 09:00:00,0.14257,0.1427,0.14128,0.14138,1072977.1
1739606400000,2025-02-15 10:00:00,0.14138,0.14243,0.14134,0.14155,1760685.4
1739610000000,2025-02-15 11:00:00,0.14155,0.14188,0.14028,0.14071,2462467.7
1739613600000,2025-02-15 12:00:00,0.14071,0.14125,0.14008,0.14092,871315.9
1739617200000,2025-02-15 13:00:00,0.14092,0.14136,0.13934,0.14017,2677181.6
1739620800000,2025-02-15 14:00:00,0.14017,0.14133,0.13995,0.14088,1271877.7
1739624400000,2025-02-15 15:00:00,0.14088,0.14128,0.14008,0.1401,948185.7
1739628000000,2025-02-15 16:00:00,0.1401,0.1401,0.13803,0.13914,2690612.9
1739631600000,2025-02-15 17:00:00,0.13914,0.13988,0.13856,0.13914,783957.8
1739635200000,2025-02-15 18:00:00,0.13914,0.1395,0.13828,0.13868,737842.6
1739638800000,2025-02-15 19:00:00,0.13868,0.13932,0.13822,0.1386,1038914.7
1739642400000,2025-02-15 20:00:00,0.1386,0.1397,0.13844,0.1394,901895.9
1739646000000,2025-02-15 21:00:00,0.1394,0.13949,0.13776,0.13777,1560804.5
1739649600000,2025-02-15 22:00:00,0.13777,0.13833,0.13669,0.13792,2742950.9
1739653200000,2025-02-15 23:00:00,0.13792,0.13859,0.13756,0.13844,2140814.0
1739656800000,2025-02-16 00:00:00,0.13844,0.13868,0.13719,0.13829,948477.6
1739660400000,2025-02-16 01:00:00,0.13829,0.13881,0.13786,0.13821,987423.4
1739664000000,2025-02-16 02:00:00,0.13821,0.13902,0.13811,0.13821,752200.0
1739667600000,2025-02-16 03:00:00,0.13821,0.13826,0.13707,0.13786,1196442.8
1739671200000,2025-02-16 04:00:00,0.13786,0.13815,0.13647,0.13679,957156.8
1739674800000,2025-02-16 05:00:00,0.13679,0.13725,0.13622,0.13725,423901.9
1739678400000,2025-02-16 06:00:00,0.13725,0.13783,0.13695,0.13736,465550.2
1739682000000,2025-02-16 07:00:00,0.13736,0.1383,0.13654,0.13766,560824.0
1739685600000,2025-02-16 08:00:00,0.13766,0.13827,0.13744,0.13806,409895.1
1739689200000,2025-02-16 09:00:00,0.13806,0.13806,0.13691,0.13746,884354.0
1739692800000,2025-02-16 10:00:00,0.13746,0.13899,0.13733,0.1389,824216.3
1739696400000,2025-02-16 11:00:00,0.1389,0.14091,0.13828,0.14056,2018913.7
1739700000000,2025-02-16 12:00:00,0.14056,0.14179,0.14043,0.14086,1108162.0
1739703600000,2025-02-16 13:00:00,0.14086,0.1429,0.14068,0.1428,2802227.2
1739707200000,2025-02-16 14:00:00,0.1428,0.14286,0.14109,0.14131,3116745.9
1739710800000,2025-02-16 15:00:00,0.14131,0.14173,0.13942,0.1398,1828961.2
1739714400000,2025-02-16 16:00:00,0.1398,0.14075,0.13846,0.14018,1892270.2
1739718000000,2025-02-16 17:00:00,0.14018,0.14112,0.1399,0.14061,1187889.6
1739721600000,2025-02-16 18:00:00,0.14061,0.14163,0.13964,0.14036,3050768.0
1739725200000,2025-02-16 19:00:00,0.14036,0.14137,0.13896,0.13919,5289811.2
1739728800000,2025-02-16 20:00:00,0.13919,0.13919,0.13738,0.1385,1431657.3
1739732400000,2025-02-16 21:00:00,0.1385,0.13948,0.13765,0.13903,701357.3
1739736000000,2025-02-16 22:00:00,0.13903,0.13955,0.13742,0.13751,2012042.9
1739739600000,2025-02-16 23:00:00,0.13751,0.13943,0.13685,0.13912,3838142.7
1739743200000,2025-02-17 00:00:00,0.13912,0.13924,0.13733,0.13863,1858110.9
1739746800000,2025-02-17 01:00:00,0.13863,0.13929,0.13771,0.138,2354549.1
1739750400000,2025-02-17 02:00:00,0.138,0.14068,0.13784,0.14056,3368736.3
1739754000000,2025-02-17 03:00:00,0.14056,0.14164,0.13977,0.1413,3859263.8
1739757600000,2025-02-17 04:00:00,0.1413,0.14227,0.14128,0.14162,969405.6
1739761200000,2025-02-17 05:00:00,0.14162,0.14237,0.14024,0.14223,529925.6
1739764800000,2025-02-17 06:00:00,0.14223,0.14235,0.14094,0.14163,1750545.9
1739768400000,2025-02-17 07:00:00,0.14163,0.14235,0.13946,0.14215,7155116.8
1739772000000,2025-02-17 08:00:00,0.14215,0.14336,0.14188,0.1424,1660691.3
1739775600000,2025-02-17 09:00:00,0.1424,0.14368,0.14198,0.14305,2451714.8
1739779200000,2025-02-17 10:00:00,0.14305,0.14456,0.14195,0.14352,3255926.5
1739782800000,2025-02-17 11:00:00,0.14352,0.14509,0.1434,0.14436,2109078.6
1739786400000,2025-02-17 12:00:00,0.14436,0.14582,0.14432,0.14517,1422436.5
1739790000000,2025-02-17 13:00:00,0.14517,0.14619,0.1444,0.14489,2054122.1
1739793600000,2025-02-17 14:00:00,0.14489,0.14679,0.14484,0.14631,2234152.2
1739797200000,2025-02-17 15:00:00,0.14631,0.14736,0.14574,0.14699,2008850.4
1739800800000,2025-02-17 16:00:00,0.14699,0.149,0.14673,0.14786,3445355.1
1739804400000,2025-02-17 17:00:00,0.14786,0.1483,0.14294,0.14345,3458747.8
1739808000000,2025-02-17 18:00:00,0.14345,0.14431,0.14112,0.14128,2345987.3
1739811600000,2025-02-17 19:00:00,0.14128,0.14285,0.14084,0.14114,1740202.6
1739815200000,2025-02-17 20:00:00,0.14114,0.14161,0.13928,0.13949,2347675.2
1739818800000,2025-02-17 21:00:00,0.13949,0.14143,0.13894,0.14105,2132144.5
1739822400000,2025-02-17 22:00:00,0.14105,0.14234,0.14075,0.14121,1284811.4
1739826000000,2025-02-17 23:00:00,0.14121,0.14348,0.14121,0.14334,841011.2
1739829600000,2025-02-18 00:00:00,0.14334,0.14348,0.14174,0.14184,1081341.9
1739833200000,2025-02-18 01:00:00,0.14184,0.14265,0.14131,0.14185,593183.1
1739836800000,2025-02-18 02:00:00,0.14185,0.14246,0.13939,0.13957,1784996.1
1739840400000,2025-02-18 03:00:00,0.13957,0.14153,0.13915,0.14124,1230039.0
1739844000000,2025-02-18 04:00:00,0.14124,0.14145,0.14018,0.14083,1415715.9
1739847600000,2025-02-18 05:00:00,0.14083,0.14163,0.14035,0.14097,600971.4
1739851200000,2025-02-18 06:00:00,0.14097,0.14156,0.13927,0.13978,569492.2
1739854800000,2025-02-18 07:00:00,0.13978,0.14007,0.13752,0.13763,1438359.8
1739858400000,2025-02-18 08:00:00,0.13763,0.13776,0.13516,0.13546,4049761.5
1739862000000,2025-02-18 09:00:00,0.13546,0.13606,0.13477,0.13481,1594563.9
1739865600000,2025-02-18 10:00:00,0.13481,0.13493,0.13242,0.13296,2635153.0
1739869200000,2025-02-18 11:00:00,0.13296,0.13519,0.13242,0.13514,4287019.5
1739872800000,2025-02-18 12:00:00,0.13514,0.13558,0.13432,0.13463,1488173.2
1739876400000,2025-02-18 13:00:00,0.13463,0.13463,0.13236,0.13276,1972713.1
1739880000000,2025-02-18 14:00:00,0.13276,0.13557,0.13249,0.13476,2091045.6
1739883600000,2025-02-18 15:00:00,0.13476,0.13509,0.13386,0.13428,1788159.2
1739887200000,2025-02-18 16:00:00,0.13428,0.13592,0.13167,0.13268,3471235.1
1739890800000,2025-02-18 17:00:00,0.13268,0.13292,0.12931,0.13025,3293262.8
1739894400000,2025-02-18 18:00:00,0.13025,0.13103,0.12733,0.12742,4359984.4
1739898000000,2025-02-18 19:00:00,0.12742,0.12855,0.12644,0.12819,2776205.1
1739901600000,2025-02-18 20:00:00,0.12819,0.13072,0.12769,0.13031,3356810.6
1739905200000,2025-02-18 21:00:00,0.13031,0.13055,0.12911,0.12992,2135716.0
1739908800000,2025-02-18 22:00:00,0.12992,0.1305,0.12854,0.12962,2186475.4
1739912400000,2025-02-18 23:00:00,0.12962,0.13149,0.12943,0.13055,1879603.8
1739916000000,2025-02-19 00:00:00,0.13055,0.13145,0.13023,0.13051,778993.1
1739919600000,2025-02-19 01:00:00,0.13051,0.13277,0.1305,0.13277,1646161.2
1739923200000,2025-02-19 02:00:00,0.13277,0.13299,0.13168,0.13177,871238.6
1739926800000,2025-02-19 03:00:00,0.13177,0.13193,0.13083,0.13133,1040098.7
1739930400000,2025-02-19 04:00:00,0.13133,0.13312,0.13133,0.13264,742262.4
1739934000000,2025-02-19 05:00:00,0.13264,0.13266,0.13115,0.13194,330676.8
1739937600000,2025-02-19 06:00:00,0.13194,0.13221,0.13018,0.13018,378143.4
1739941200000,2025-02-19 07:00:00,0.13018,0.13126,0.12985,0.13102,1702021.9
1739944800000,2025-02-19 08:00:00,0.13102,0.13249,0.1307,0.13212,871420.8
1739948400000,2025-02-19 09:00:00,0.13212,0.13379,0.13201,0.13305,1064795.5
1739952000000,2025-02-19 10:00:00,0.13305,0.13356,0.13233,0.1324,664297.1
1739955600000,2025-02-19 11:00:00,0.1324,0.13372,0.13224,0.13337,657289.0
1739959200000,2025-02-19 12:00:00,0.13337,0.13458,0.13337,0.13395,1200113.8
1739962800000,2025-02-19 13:00:00,0.13395,0.13434,0.13337,0.13419,938268.0
1739966400000,2025-02-19 14:00:00,0.13419,0.13431,0.13302,0.13302,598840.3
1739970000000,2025-02-19 15:00:00,0.13302,0.13448,0.13296,0.13396,619187.8
1739973600000,2025-02-19 16:00:00,0.13396,0.13476,0.13182,0.13188,2376406.2
1739977200000,2025-02-19 17:00:00,0.13188,0.13283,0.1313,0.13149,3521474.2
1739980800000,2025-02-19 18:00:00,0.13149,0.13348,0.13131,0.13322,1994247.5
1739984400000,2025-02-19 19:00:00,0.13322,0.13401,0.13225,0.13326,700117.5
1739988000000,2025-02-19 20:00:00,0.13326,0.13326,0.13226,0.13257,849668.8
1739991600000,2025-02-19 21:00:00,0.13257,0.13396,0.13199,0.13304,932613.1
1739995200000,2025-02-19 22:00:00,0.13304,0.13447,0.13254,0.1326,6821153.0
1739998800000,2025-02-19 23:00:00,0.1326,0.1332,0.13158,0.1318,685693.6
1740002400000,2025-02-20 00:00:00,0.1318,0.13402,0.13134,0.13372,792895.7
1740006000000,2025-02-20 01:00:00,0.13372,0.13497,0.13327,0.13359,1141180.7
1740009600000,2025-02-20 02:00:00,0.13359,0.1352,0.13323,0.13489,955387.0
1740013200000,2025-02-20 03:00:00,0.13489,0.13548,0.13361,0.13415,827000.1
1740016800000,2025-02-20 04:00:00,0.13415,0.13569,0.13381,0.13528,807964.7
1740020400000,2025-02-20 05:00:00,0.13528,0.13633,0.13496,0.13597,787844.8
1740024000000,2025-02-20 06:00:00,0.13597,0.13723,0.13582,0.13614,694587.7
1740027600000,2025-02-20 07:00:00,0.13614,0.13646,0.13561,0.13562,611486.5
1740031200000,2025-02-20 08:00:00,0.13562,0.13565,0.13473,0.13491,690238.0
1740034800000,2025-02-20 09:00:00,0.13491,0.13502,0.13369,0.1337,1346990.6
1740038400000,2025-02-20 10:00:00,0.1337,0.13431,0.13314,0.13331,797482.2
1740042000000,2025-02-20 11:00:00,0.13331,0.1335,0.13274,0.13289,1256775.3
1740045600000,2025-02-20 12:00:00,0.13289,0.13537,0.13275,0.13524,829075.4
1740049200000,2025-02-20 13:00:00,0.13524,0.13543,0.13425,0.13498,564126.6
1740052800000,2025-02-20 14:00:00,0.13498,0.13562,0.13451,0.13462,498509.6
1740056400000,2025-02-20 15:00:00,0.13462,0.13529,0.13385,0.13476,888530.6
1740060000000,2025-02-20 16:00:00,0.13476,0.13689,0.13394,0.13416,1407792.3
1740063600000,2025-02-20 17:00:00,0.13416,0.13518,0.13315,0.13325,3194130.3
1740067200000,2025-02-20 18:00:00,0.13325,0.13587,0.13314,0.13477,2554000.3
1740070800000,2025-02-20 19:00:00,0.13477,0.13646,0.13476,0.13628,649831.1
1740074400000,2025-02-20 20:00:00,0.13628,0.13778,0.13623,0.13757,1436063.4
1740078000000,2025-02-20 21:00:00,0.13757,0.13826,0.13713,0.13807,866616.9
1740081600000,2025-02-20 22:00:00,0.13807,0.13866,0.13753,0.13806,1202290.6
1740085200000,2025-02-20 23:00:00,0.13806,0.13833,0.1376,0.13819,636784.9
1740088800000,2025-02-21 00:00:00,0.13819,0.13993,0.13808,0.13927,809897.9
1740092400000,2025-02-21 01:00:00,0.13927,0.13965,0.1387,0.13881,804991.9
1740096000000,2025-02-21 02:00:00,0.13881,0.13944,0.13794,0.13846,828091.8
1740099600000,2025-02-21 03:00:00,0.13846,0.1385,0.13754,0.13821,377829.0
1740103200000,2025-02-21 04:00:00,0.13821,0.13875,0.13768,0.13842,431550.9
1740106800000,2025-02-21 05:00:00,0.13842,0.13907,0.13797,0.13799,397727.9
1740110400000,2025-02-21 06:00:00,0.13799,0.13974,0.13798,0.13967,593630.0
1740114000000,2025-02-21 07:00:00,0.13967,0.1409,0.13962,0.1409,650939.5
1740117600000,2025-02-21 08:00:00,0.1409,0.14244,0.1407,0.14223,907381.0
1740121200000,2025-02-21 09:00:00,0.14223,0.1437,0.14203,0.14259,1986907.8
1740124800000,2025-02-21 10:00:00,0.14259,0.14483,0.14259,0.14483,1061391.9
1740128400000,2025-02-21 11:00:00,0.14483,0.14708,0.14462,0.14512,3220511.0
1740132000000,2025-02-21 12:00:00,0.14512,0.1465,0.14446,0.14607,1287165.0
1740135600000,2025-02-21 13:00:00,0.14607,0.14628,0.14501,0.14529,1055647.1
1740139200000,2025-02-21 14:00:00,0.14529,0.14721,0.1452,0.14704,1142053.0
1740142800000,2025-02-21 15:00:00,0.14704,0.14804,0.14646,0.14724,1815478.3
1740146400000,2025-02-21 16:00:00,0.14724,0.14727,0.14446,0.14586,2241020.3
1740150000000,2025-02-21 17:00:00,0.14586,0.14664,0.13987,0.14211,6737361.2
1740153600000,2025-02-21 18:00:00,0.14211,0.14464,0.14148,0.14331,3431496.7
1740157200000,2025-02-21 19:00:00,0.14331,0.14365,0.13822,0.1385,4293008.2
1740160800000,2025-02-21 20:00:00,0.1385,0.139,0.13754,0.13773,2238043.2
1740164400000,2025-02-21 21:00:00,0.13773,0.13816,0.13333,0.13404,3254741.6
1740168000000,2025-02-21 22:00:00,0.13404,0.13561,0.13319,0.1335,1634982.0
1740171600000,2025-02-21 23:00:00,0.1335,0.13441,0.13159,0.13311,2086571.9
1740175200000,2025-02-22 00:00:00,0.13311,0.135,0.13282,0.13425,1677207.3
1740178800000,2025-02-22 01:00:00,0.13425,0.1344,0.1328,0.13356,2512916.3
1740182400000,2025-02-22 02:00:00,0.13356,0.13496,0.13271,0.13464,1499227.8
1740186000000,2025-02-22 03:00:00,0.13464,0.13556,0.13447,0.13505,2031070.4
1740189600000,2025-02-22 04:00:00,0.13505,0.13509,0.13334,0.13442,1280352.1
1740193200000,2025-02-22 05:00:00,0.13442,0.13539,0.13419,0.1353,654948.0
1740196800000,2025-02-22 06:00:00,0.1353,0.13703,0.13499,0.13689,773657.2
1740200400000,2025-02-22 07:00:00,0.13689,0.13711,0.13595,0.13661,531620.0
1740204000000,2025-02-22 08:00:00,0.13661,0.13682,0.13579,0.13594,307528.2
1740207600000,2025-02-22 09:00:00,0.13594,0.13707,0.13577,0.13577,627316.4
1740211200000,2025-02-22 10:00:00,0.13577,0.13628,0.13519,0.1359,766781.6
1740214800000,2025-02-22 11:00:00,0.1359,0.13706,0.13573,0.13703,775286.5
1740218400000,2025-02-22 12:00:00,0.13703,0.13818,0.13696,0.13797,771470.6
1740222000000,2025-02-22 13:00:00,0.13797,0.13894,0.13752,0.13863,1480544.4
1740225600000,2025-02-22 14:00:00,0.13863,0.13938,0.13808,0.13931,1305316.1
1740229200000,2025-02-22 15:00:00,0.13931,0.14018,0.13847,0.13852,2033182.6
1740232800000,2025-02-22 16:00:00,0.13852,0.13878,0.13808,0.13821,918916.3
1740236400000,2025-02-22 17:00:00,0.13821,0.13981,0.1382,0.13977,317814.7
1740240000000,2025-02-22 18:00:00,0.13977,0.1407,0.13966,0.14004,959930.8
1740243600000,2025-02-22 19:00:00,0.14004,0.14193,0.14001,0.14175,650793.6
1740247200000,2025-02-22 20:00:00,0.14175,0.14195,0.14054,0.14096,441069.1
1740250800000,2025-02-22 21:00:00,0.14096,0.14126,0.14041,0.14063,244487.9
1740254400000,2025-02-22 22:00:00,0.14063,0.14068,0.13922,0.13951,551708.1
1740258000000,2025-02-22 23:00:00,0.13951,0.13982,0.13834,0.13888,1122342.9
1740261600000,2025-02-23 00:00:00,0.13888,0.1397,0.13878,0.13913,420583.7
1740265200000,2025-02-23 01:00:00,0.13913,0.13927,0.13845,0.1387,384942.0
1740268800000,2025-02-23 02:00:00,0.1387,0.13872,0.13742,0.13796,595621.4
1740272400000,2025-02-23 03:00:00,0.13796,0.13801,0.1371,0.13781,262673.2
1740276000000,2025-02-23 04:00:00,0.13781,0.13781,0.13669,0.13669,364347.4
1740279600000,2025-02-23 05:00:00,0.13669,0.13783,0.13635,0.13745,322599.8
1740283200000,2025-02-23 06:00:00,0.13745,0.13746,0.13668,0.13718,201266.9
1740286800000,2025-02-23 07:00:00,0.13718,0.13819,0.13692,0.13786,253053.6
1740290400000,2025-02-23 08:00:00,0.13786,0.13808,0.1371,0.13769,614987.0
1740294000000,2025-02-23 09:00:00,0.13769,0.14003,0.13748,0.13971,527737.5
1740297600000,2025-02-23 10:00:00,0.13971,0.14029,0.13951,0.14012,440844.3
1740301200000,2025-02-23 11:00:00,0.14012,0.14038,0.13877,0.13931,636389.3
1740304800000,2025-02-23 12:00:00,0.13931,0.13983,0.13821,0.13869,371445.4
1740308400000,2025-02-23 13:00:00,0.13869,0.13898,0.13697,0.13722,827162.8
1740312000000,2025-02-23 14:00:00,0.13722,0.13761,0.13539,0.13607,1077532.1
1740315600000,2025-02-23 15:00:00,0.13607,0.13706,0.13598,0.13669,476676.9
1740319200000,2025-02-23 16:00:00,0.13669,0.13698,0.13555,0.13588,404880.7
1740322800000,2025-02-23 17:00:00,0.13588,0.13627,0.13489,0.13501,632005.3
1740326400000,2025-02-23 18:00:00,0.13501,0.13616,0.1348,0.13539,664065.6
1740330000000,2025-02-23 19:00:00,0.13539,0.13706,0.13539,0.13684,346830.9
1740333600000,2025-02-23 20:00:00,0.13684,0.13684,0.1355,0.13576,192787.1
1740337200000,2025-02-23 21:00:00,0.13576,0.13612,0.13551,0.13555,115862.6
1740340800000,2025-02-23 22:00:00,0.13555,0.13616,0.13519,0.13616,462027.0
1740344400000,2025-02-23 23:00:00,0.13616,0.13658,0.13563,0.13649,204728.1
1740348000000,2025-02-24 00:00:00,0.13649,0.13655,0.13519,0.13607,523066.2
1740351600000,2025-02-24 01:00:00,0.13607,0.13806,0.13599,0.13704,741243.3
1740355200000,2025-02-24 02:00:00,0.13704,0.13779,0.13634,0.13671,939088.9
1740358800000,2025-02-24 03:00:00,0.13671,0.13676,0.13401,0.13424,844579.4
1740362400000,2025-02-24 04:00:00,0.13424,0.13492,0.13351,0.13383,475037.2
1740366000000,2025-02-24 05:00:00,0.13383,0.13383,0.13176,0.13218,1402844.2
1740369600000,2025-02-24 06:00:00,0.13218,0.13247,0.13047,0.13137,2489788.7
1740373200000,2025-02-24 07:00:00,0.13137,0.1333,0.13091,0.13325,740967.9
1740376800000,2025-02-24 08:00:00,0.13325,0.13329,0.13235,0.13299,402299.4
1740380400000,2025-02-24 09:00:00,0.13299,0.13383,0.13276,0.13312,1833282.7
1740384000000,2025-02-24 10:00:00,0.13312,0.13317,0.13041,0.13059,1205758.9
1740387600000,2025-02-24 11:00:00,0.13059,0.13334,0.13044,0.13224,1242756.4
1740391200000,2025-02-24 12:00:00,0.13224,0.1324,0.13015,0.13116,1375951.3
1740394800000,2025-02-24 13:00:00,0.13116,0.13198,0.13053,0.13187,1196220.8
1740398400000,2025-02-24 14:00:00,0.13187,0.13233,0.13139,0.13173,510139.6
1740402000000,2025-02-24 15:00:00,0.13173,0.13283,0.13087,0.13105,1201643.9
1740405600000,2025-02-24 16:00:00,0.13105,0.13146,0.12833,0.12854,2452091.7
1740409200000,2025-02-24 17:00:00,0.12854,0.12987,0.12755,0.1292,2784246.2
1740412800000,2025-02-24 18:00:00,0.1292,0.13022,0.12869,0.12881,1557779.9
1740416400000,2025-02-24 19:00:00,0.12881,0.13087,0.12877,0.12948,2235128.2
1740420000000,2025-02-24 20:00:00,0.12948,0.13016,0.12835,0.1284,1212978.4
1740423600000,2025-02-24 21:00:00,0.1284,0.12896,0.12632,0.12738,2122807.9
1740427200000,2025-02-24 22:00:00,0.12738,0.13001,0.12696,0.12853,1852987.5
1740430800000,2025-02-24 23:00:00,0.12853,0.12924,0.12727,0.12727,5893962.4
1740434400000,2025-02-25 00:00:00,0.12727,0.12727,0.12008,0.12143,11154355.1
1740438000000,2025-02-25 01:00:00,0.12143,0.12346,0.12071,0.121,3770346.1
1740441600000,2025-02-25 02:00:00,0.121,0.12253,0.1172,0.12057,5474012.3
1740445200000,2025-02-25 03:00:00,0.12057,0.12257,0.119,0.12075,1271166.0
1740448800000,2025-02-25 04:00:00,0.12075,0.1223,0.11905,0.12194,1240220.2
1740452400000,2025-02-25 05:00:00,0.12194,0.12194,0.11993,0.11997,949136.2
1740456000000,2025-02-25 06:00:00,0.11997,0.12011,0.11784,0.11818,1801967.4
1740459600000,2025-02-25 07:00:00,0.11818,0.1207,0.11756,0.12041,1433224.9
1740463200000,2025-02-25 08:00:00,0.12041,0.12079,0.11731,0.11731,1599786.2
1740466800000,2025-02-25 09:00:00,0.11731,0.11746,0.11124,0.11514,13339730.9
1740470400000,2025-02-25 10:00:00,0.11514,0.11689,0.11455,0.1153,5409379.0
1740474000000,2025-02-25 11:00:00,0.1153,0.11582,0.11306,0.11312,3122009.3
1740477600000,2025-02-25 12:00:00,0.11312,0.11476,0.11072,0.11349,3195329.9
1740481200000,2025-02-25 13:00:00,0.11349,0.11682,0.11167,0.11657,2540659.4
1740484800000,2025-02-25 14:00:00,0.11657,0.11759,0.11557,0.11724,2975803.0
1740488400000,2025-02-25 15:00:00,0.11724,0.11825,0.11582,0.11584,1756964.3
1740492000000,2025-02-25 16:00:00,0.11584,0.11671,0.11324,0.11402,2926538.3
1740495600000,2025-02-25 17:00:00,0.11402,0.11684,0.11304,0.11588,2616353.3
1740499200000,2025-02-25 18:00:00,0.11588,0.11777,0.11441,0.11634,1767047.9
1740502800000,2025-02-25 19:00:00,0.11634,0.11779,0.11576,0.1169,1493111.6
1740506400000,2025-02-25 20:00:00,0.1169,0.11794,0.11608,0.11777,1349683.0
1740510000000,2025-02-25 21:00:00,0.11777,0.12008,0.11667,0.11999,2339688.4
1740513600000,2025-02-25 22:00:00,0.11999,0.12135,0.11895,0.12065,2868334.6
1740517200000,2025-02-25 23:00:00,0.12065,0.12162,0.11945,0.12155,3934031.7
1740520800000,2025-02-26 00:00:00,0.12155,0.12257,0.12016,0.12104,2379257.7
1740524400000,2025-02-26 01:00:00,0.12104,0.12185,0.12067,0.12109,512654.7
1740528000000,2025-02-26 02:00:00,0.12109,0.12127,0.1197,0.11983,1017780.4
1740531600000,2025-02-26 03:00:00,0.11983,0.12094,0.11976,0.12074,552834.8
1740535200000,2025-02-26 04:00:00,0.12074,0.12298,0.12008,0.12264,629925.8
1740538800000,2025-02-26 05:00:00,0.12264,0.1238,0.1226,0.12279,1147215.9
1740542400000,2025-02-26 06:00:00,0.12279,0.12412,0.12266,0.12272,775000.8
1740546000000,2025-02-26 07:00:00,0.12272,0.12315,0.12153,0.12167,2118121.1
1740549600000,2025-02-26 08:00:00,0.12167,0.12243,0.12154,0.1223,491908.2
1740553200000,2025-02-26 09:00:00,0.1223,0.12262,0.12086,0.12229,830762.6
1740556800000,2025-02-26 10:00:00,0.12229,0.12259,0.12083,0.12159,879174.7
1740560400000,2025-02-26 11:00:00,0.12159,0.12382,0.12139,0.12372,1045176.3
1740564000000,2025-02-26 12:00:00,0.12372,0.12436,0.12302,0.12409,826481.9
1740567600000,2025-02-26 13:00:00,0.12409,0.12436,0.12165,0.12172,1855717.5
1740571200000,2025-02-26 14:00:00,0.12172,0.12188,0.11894,0.11997,2633601.0
1740574800000,2025-02-26 15:00:00,0.11997,0.12083,0.11927,0.1195,1329795.7
1740578400000,2025-02-26 16:00:00,0.1195,0.12115,0.11753,0.12085,4517157.1
1740582000000,2025-02-26 17:00:00,0.12085,0.12347,0.12079,0.12205,4069139.9
1740585600000,2025-02-26 18:00:00,0.12205,0.12279,0.12017,0.12089,4923016.6
1740589200000,2025-02-26 19:00:00,0.12089,0.12176,0.11795,0.11835,1726150.7
1740592800000,2025-02-26 20:00:00,0.11835,0.11924,0.1158,0.1164,6075966.0
1740596400000,2025-02-26 21:00:00,0.1164,0.11833,0.11603,0.11728,2975656.8
1740600000000,2025-02-26 22:00:00,0.11728,0.12036,0.11554,0.12006,8446338.8
1740603600000,2025-02-26 23:00:00,0.12006,0.12134,0.11891,0.12051,5380812.4
1740607200000,2025-02-27 00:00:00,0.12051,0.12244,0.12051,0.121,2582384.1
1740610800000,2025-02-27 01:00:00,0.121,0.12156,0.1193,0.11994,2079373.6
1740614400000,2025-02-27 02:00:00,0.11994,0.12143,0.11911,0.12047,2995429.4
1740618000000,2025-02-27 03:00:00,0.12047,0.1228,0.11952,0.12228,4489713.6
1740621600000,2025-02-27 04:00:00,0.12228,0.12328,0.12105,0.12136,3806531.2
1740625200000,2025-02-27 05:00:00,0.12136,0.12296,0.12118,0.12257,534987.6
1740628800000,2025-02-27 06:00:00,0.12257,0.12334,0.12142,0.12217,687593.9
1740632400000,2025-02-27 07:00:00,0.12217,0.12358,0.12212,0.1234,1895046.1
1740636000000,2025-02-27 08:00:00,0.1234,0.12461,0.1231,0.12391,1169927.2
1740639600000,2025-02-27 09:00:00,0.12391,0.12517,0.12372,0.12438,523603.7
1740643200000,2025-02-27 10:00:00,0.12438,0.12469,0.12351,0.12364,1480215.0
1740646800000,2025-02-27 11:00:00,0.12364,0.12506,0.12364,0.12411,1094575.3
1740650400000,2025-02-27 12:00:00,0.12411,0.12627,0.12393,0.12608,1940453.5
1740654000000,2025-02-27 13:00:00,0.12608,0.12622,0.12478,0.12512,2142714.4
1740657600000,2025-02-27 14:00:00,0.12512,0.12617,0.12418,0.12515,1931392.8
1740661200000,2025-02-27 15:00:00,0.12515,0.12563,0.12383,0.12436,1330522.9
1740664800000,2025-02-27 16:00:00,0.12436,0.12535,0.12244,0.12269,3724782.8
1740668400000,2025-02-27 17:00:00,0.12269,0.12436,0.12181,0.12369,3321497.1
1740672000000,2025-02-27 18:00:00,0.12369,0.1247,0.12208,0.12225,3972336.8
1740675600000,2025-02-27 19:00:00,0.12225,0.12379,0.12211,0.12365,1490901.5
1740679200000,2025-02-27 20:00:00,0.12365,0.12472,0.12304,0.12323,2596623.8
1740682800000,2025-02-27 21:00:00,0.12323,0.12347,0.12146,0.12198,1182120.3
1740686400000,2025-02-27 22:00:00,0.12198,0.12212,0.12003,0.12126,2883575.8
1740690000000,2025-02-27 23:00:00,0.12126,0.12265,0.12006,0.12255,897977.5
1740693600000,2025-02-28 00:00:00,0.12255,0.12308,0.12127,0.12302,500338.6
1740697200000,2025-02-28 01:00:00,0.12302,0.12347,0.12229,0.12314,1584528.4
1740700800000,2025-02-28 02:00:00,0.12314,0.12391,0.12215,0.12231,2379799.2
1740704400000,2025-02-28 03:00:00,0.12231,0.12281,0.11711,0.11738,5743844.2
1740708000000,2025-02-28 04:00:00,0.11738,0.11853,0.11421,0.11571,4927098.2
1740711600000,2025-02-28 05:00:00,0.11571,0.11674,0.11309,0.11323,2811255.3
1740715200000,2025-02-28 06:00:00,0.11323,0.11371,0.11144,0.11295,2665395.3
1740718800000,2025-02-28 07:00:00,0.11295,0.1137,0.11181,0.11308,1582217.9
1740722400000,2025-02-28 08:00:00,0.11308,0.11328,0.11089,0.11203,3043512.7
1740726000000,2025-02-28 09:00:00,0.11203,0.11382,0.11168,0.1125,1556415.3
1740729600000,2025-02-28 10:00:00,0.1125,0.11331,0.11055,0.11307,2126313.6
1740733200000,2025-02-28 11:00:00,0.11307,0.11544,0.11281,0.11477,2080783.8
1740736800000,2025-02-28 12:00:00,0.11477,0.11509,0.11253,0.11267,954591.0
1740740400000,2025-02-28 13:00:00,0.11267,0.11446,0.11249,0.11382,1046734.1
1740744000000,2025-02-28 14:00:00,0.11382,0.11718,0.11357,0.11643,5852490.9
1740747600000,2025-02-28 15:00:00,0.11643,0.11935,0.11603,0.11749,5472446.5
1740751200000,2025-02-28 16:00:00,0.11749,0.11901,0.1163,0.11743,3611089.2
1740754800000,2025-02-28 17:00:00,0.11743,0.12035,0.1174,0.11951,1740577.4
1740758400000,2025-02-28 18:00:00,0.11951,0.12103,0.11841,0.12009,2613073.9
1740762000000,2025-02-28 19:00:00,0.12009,0.12084,0.11938,0.11942,980990.1
1740765600000,2025-02-28 20:00:00,0.11942,0.12179,0.11901,0.12086,2615369.8
1740769200000,2025-02-28 21:00:00,0.12086,0.12125,0.12022,0.12049,1049665.9
1740772800000,2025-02-28 22:00:00,0.12049,0.12073,0.11909,0.12,985452.4
1740776400000,2025-02-28 23:00:00,0.12,0.12073,0.11965,0.12013,779616.7
1740780000000,2025-03-01 00:00:00,0.12013,0.12049,0.11943,0.11991,632989.9
1740783600000,2025-03-01 01:00:00,0.11991,0.12064,0.11963,0.12023,484465.6
1740787200000,2025-03-01 02:00:00,0.12023,0.1205,0.11883,0.11896,761581.0
1740790800000,2025-03-01 03:00:00,0.11896,0.12146,0.1189,0.1211,926241.3
1740794400000,2025-03-01 04:00:00,0.1211,0.12196,0.12038,0.12136,1139208.9
1740798000000,2025-03-01 05:00:00,0.12136,0.12156,0.12052,0.12058,523273.3
1740801600000,2025-03-01 06:00:00,0.12058,0.12153,0.12036,0.12132,504444.8
1740805200000,2025-03-01 07:00:00,0.12132,0.12135,0.1201,0.12019,436770.7
1740808800000,2025-03-01 08:00:00,0.12019,0.12019,0.11847,0.11871,4983896.9
1740812400000,2025-03-01 09:00:00,0.11871,0.11871,0.11767,0.11791,959947.5
1740816000000,2025-03-01 10:00:00,0.11791,0.11888,0.11791,0.11878,625164.2
1740819600000,2025-03-01 11:00:00,0.11878,0.11956,0.11801,0.11846,560518.2
1740823200000,2025-03-01 12:00:00,0.11846,0.11918,0.1173,0.11759,5809626.0
1740826800000,2025-03-01 13:00:00,0.11759,0.11775,0.11654,0.11706,1119899.5
1740830400000,2025-03-01 14:00:00,0.11706,0.11758,0.11643,0.11727,1202687.5
1740834000000,2025-03-01 15:00:00,0.11727,0.11755,0.11537,0.11588,926720.8
1740837600000,2025-03-01 16:00:00,0.11588,0.11655,0.11561,0.11622,630440.2
1740841200000,2025-03-01 17:00:00,0.11622,0.11693,0.1156,0.11625,647620.4
1740844800000,2025-03-01 18:00:00,0.11625,0.11705,0.11561,0.11675,1195997.4
1740848400000,2025-03-01 19:00:00,0.11675,0.11676,0.11578,0.11622,460377.7
1740852000000,2025-03-01 20:00:00,0.11622,0.1172,0.11573,0.11689,1609477.4
1740855600000,2025-03-01 21:00:00,0.11689,0.11785,0.11671,0.11744,1183148.9
1740859200000,2025-03-01 22:00:00,0.11744,0.11747,0.11666,0.11708,497157.9
1740862800000,2025-03-01 23:00:00,0.11708,0.11893,0.11656,0.11866,1313212.6
1740866400000,2025-03-02 00:00:00,0.11866,0.11962,0.11835,0.119,1143039.2
1740870000000,2025-03-02 01:00:00,0.119,0.11938,0.11803,0.11922,381054.4
1740873600000,2025-03-02 02:00:00,0.11922,0.11983,0.1179,0.11923,777450.0
1740877200000,2025-03-02 03:00:00,0.11923,0.12003,0.11876,0.11957,679063.1
1740880800000,2025-03-02 04:00:00,0.11957,0.11998,0.11866,0.11918,762801.3
1740884400000,2025-03-02 05:00:00,0.11918,0.11985,0.11876,0.11905,320678.2
1740888000000,2025-03-02 06:00:00,0.11905,0.11959,0.11888,0.11912,205975.3
1740891600000,2025-03-02 07:00:00,0.11912,0.11994,0.11876,0.11948,673475.3
1740895200000,2025-03-02 08:00:00,0.11948,0.11998,0.11864,0.11913,996764.2
1740898800000,2025-03-02 09:00:00,0.11913,0.11934,0.11803,0.1183,762119.6
1740902400000,2025-03-02 10:00:00,0.1183,0.11835,0.11749,0.1181,743157.6
1740906000000,2025-03-02 11:00:00,0.1181,0.11976,0.11797,0.11877,593001.0
1740909600000,2025-03-02 12:00:00,0.11877,0.11932,0.1186,0.11888,373638.6
1740913200000,2025-03-02 13:00:00,0.11888,0.119,0.11828,0.11888,726013.5
1740916800000,2025-03-02 14:00:00,0.11888,0.11888,0.11786,0.11823,1185912.5
1740920400000,2025-03-02 15:00:00,0.11823,0.11823,0.11714,0.11757,1029789.0
1740924000000,2025-03-02 16:00:00,0.11757,0.11778,0.1162,0.11663,1039260.3
1740927600000,2025-03-02 17:00:00,0.11663,0.12296,0.11603,0.12013,6698870.9
1740931200000,2025-03-02 18:00:00,0.12013,0.12855,0.11998,0.12777,8732478.3
1740934800000,2025-03-02 19:00:00,0.12777,0.12996,0.12627,0.12886,6027585.2
1740938400000,2025-03-02 20:00:00,0.12886,0.12935,0.12617,0.12773,2436251.1
1740942000000,2025-03-02 21:00:00,0.12773,0.13005,0.12773,0.12981,1893216.0
1740945600000,2025-03-02 22:00:00,0.12981,0.13067,0.12922,0.13008,1225133.5
1740949200000,2025-03-02 23:00:00,0.13008,0.13076,0.12927,0.13062,1181036.1
1740952800000,2025-03-03 00:00:00,0.13062,0.13062,0.12946,0.1303,654845.6
1740956400000,2025-03-03 01:00:00,0.1303,0.13069,0.12872,0.12909,2504361.9
1740960000000,2025-03-03 02:00:00,0.12909,0.13019,0.12758,0.12865,2275099.5
1740963600000,2025-03-03 03:00:00,0.12865,0.12893,0.12686,0.12702,1572514.4
1740967200000,2025-03-03 04:00:00,0.12702,0.12711,0.12498,0.12608,1611280.7
1740970800000,2025-03-03 05:00:00,0.12608,0.12653,0.12473,0.12565,999947.6
1740974400000,2025-03-03 06:00:00,0.12565,0.12665,0.12553,0.12636,1134985.3
1740978000000,2025-03-03 07:00:00,0.12636,0.12722,0.12609,0.12714,610345.9
1740981600000,2025-03-03 08:00:00,0.12714,0.12715,0.1211,0.12202,5496623.1
1740985200000,2025-03-03 09:00:00,0.12202,0.12282,0.1205,0.12236,3727829.7
1740988800000,2025-03-03 10:00:00,0.12236,0.12236,0.11899,0.1199,3434880.2
1740992400000,2025-03-03 11:00:00,0.1199,0.12094,0.11875,0.12057,2339606.4
1740996000000,2025-03-03 12:00:00,0.12057,0.12195,0.1203,0.12144,851952.4
1740999600000,2025-03-03 13:00:00,0.12144,0.12168,0.12062,0.12135,745052.0
1741003200000,2025-03-03 14:00:00,0.12135,0.12221,0.12074,0.12202,1378661.0
1741006800000,2025-03-03 15:00:00,0.12202,0.12337,0.12158,0.12314,2852926.7
1741010400000,2025-03-03 16:00:00,0.12314,0.12315,0.11805,0.11815,5028753.6
1741014000000,2025-03-03 17:00:00,0.11815,0.12133,0.11815,0.11882,4673998.0
1741017600000,2025-03-03 18:00:00,0.11882,0.11999,0.11788,0.11954,4271859.2
1741021200000,2025-03-03 19:00:00,0.11954,0.1205,0.11874,0.11892,2111449.7
1741024800000,2025-03-03 20:00:00,0.11892,0.119,0.11381,0.11423,6355426.7
1741028400000,2025-03-03 21:00:00,0.11423,0.11497,0.11,0.11026,6534612.3
1741032000000,2025-03-03 22:00:00,0.11026,0.11126,0.10821,0.10996,4837742.2
1741035600000,2025-03-03 23:00:00,0.10996,0.11134,0.10762,0.10781,5020737.6
1741039200000,2025-03-04 00:00:00,0.10781,0.11028,0.10778,0.10984,1622920.3
1741042800000,2025-03-04 01:00:00,0.10984,0.11028,0.10885,0.10905,683968.8
1741046400000,2025-03-04 02:00:00,0.10905,0.1096,0.10735,0.10737,1166525.6
1741050000000,2025-03-04 03:00:00,0.10737,0.10787,0.10207,0.10331,8202648.1
1741053600000,2025-03-04 04:00:00,0.10331,0.1041,0.10053,0.10327,5246050.6
1741057200000,2025-03-04 05:00:00,0.10327,0.10469,0.10259,0.10355,1546353.4
1741060800000,2025-03-04 06:00:00,0.10355,0.10451,0.10331,0.1039,935841.0
1741064400000,2025-03-04 07:00:00,0.1039,0.10625,0.10377,0.10504,1382340.8
1741068000000,2025-03-04 08:00:00,0.10504,0.10536,0.10413,0.1045,1102888.0
1741071600000,2025-03-04 09:00:00,0.1045,0.10487,0.10369,0.10403,855773.8
1741075200000,2025-03-04 10:00:00,0.10403,0.10517,0.10355,0.10428,2327718.0
1741078800000,2025-03-04 11:00:00,0.10428,0.10546,0.10251,0.10345,4385101.0
1741082400000,2025-03-04 12:00:00,0.10345,0.10453,0.10287,0.10407,1200102.1
1741086000000,2025-03-04 13:00:00,0.10407,0.10501,0.10372,0.10377,1002525.3
1741089600000,2025-03-04 14:00:00,0.10377,0.10429,0.10265,0.10338,1206529.5
1741093200000,2025-03-04 15:00:00,0.10338,0.10338,0.10065,0.10095,2670310.8
1741096800000,2025-03-04 16:00:00,0.10095,0.10669,0.10063,0.10257,5117878.6
1741100400000,2025-03-04 17:00:00,0.10257,0.1036,0.1003,0.10266,3352993.8
1741104000000,2025-03-04 18:00:00,0.10266,0.10291,0.09679,0.10107,7594925.2
1741107600000,2025-03-04 19:00:00,0.10107,0.10463,0.10091,0.10359,2744700.3
1741111200000,2025-03-04 20:00:00,0.10359,0.10567,0.10315,0.10551,2128234.7
1741114800000,2025-03-04 21:00:00,0.10551,0.10631,0.10495,0.10612,1953563.9
1741118400000,2025-03-04 22:00:00,0.10612,0.10677,0.10428,0.10432,1532629.0
1741122000000,2025-03-04 23:00:00,0.10432,0.10806,0.10397,0.10646,1891643.0
1741125600000,2025-03-05 00:00:00,0.10646,0.10754,0.10627,0.10627,604818.6
1741129200000,2025-03-05 01:00:00,0.10627,0.10686,0.10558,0.10649,554593.4
1741132800000,2025-03-05 02:00:00,0.10649,0.10694,0.10499,0.10526,1462776.0
1741136400000,2025-03-05 03:00:00,0.10526,0.10701,0.10452,0.10699,1142292.6
1741140000000,2025-03-05 04:00:00,0.10699,0.10747,0.10571,0.10654,1073656.4
1741143600000,2025-03-05 05:00:00,0.10654,0.10695,0.10441,0.10441,1358547.4
1741147200000,2025-03-05 06:00:00,0.10441,0.10499,0.10417,0.10479,1297238.8
1741150800000,2025-03-05 07:00:00,0.10479,0.10545,0.10454,0.1049,427547.7
1741154400000,2025-03-05 08:00:00,0.1049,0.10599,0.10422,0.1058,658951.2
1741158000000,2025-03-05 09:00:00,0.1058,0.10657,0.10532,0.10626,512228.7
1741161600000,2025-03-05 10:00:00,0.10626,0.10803,0.10607,0.10742,1532545.7
1741165200000,2025-03-05 11:00:00,0.10742,0.10906,0.10726,0.10815,958907.4
1741168800000,2025-03-05 12:00:00,0.10815,0.10981,0.10759,0.10886,1561258.2
1741172400000,2025-03-05 13:00:00,0.10886,0.10902,0.10709,0.10741,994426.0
1741176000000,2025-03-05 14:00:00,0.10741,0.10894,0.1074,0.10862,1106792.0
1741179600000,2025-03-05 15:00:00,0.10862,0.10919,0.10688,0.10728,3039325.8
1741183200000,2025-03-05 16:00:00,0.10728,0.1076,0.10547,0.10605,2725404.0
1741186800000,2025-03-05 17:00:00,0.10605,0.10813,0.10563,0.10615,2857335.8
1741190400000,2025-03-05 18:00:00,0.10615,0.10674,0.10482,0.10627,1863022.3
1741194000000,2025-03-05 19:00:00,0.10627,0.10827,0.10618,0.10741,1253420.3
1741197600000,2025-03-05 20:00:00,0.10741,0.1084,0.10678,0.1083,924393.6
1741201200000,2025-03-05 21:00:00,0.1083,0.10971,0.10816,0.10947,1261144.6
1741204800000,2025-03-05 22:00:00,0.10947,0.11079,0.10944,0.11023,1621523.4
1741208400000,2025-03-05 23:00:00,0.11023,0.11126,0.11001,0.11064,579361.9
1741212000000,2025-03-06 00:00:00,0.11064,0.11094,0.1101,0.11047,283203.7
1741215600000,2025-03-06 01:00:00,0.11047,0.11072,0.10968,0.11002,557416.9
1741219200000,2025-03-06 02:00:00,0.11002,0.11053,0.10868,0.10874,620582.4
1741222800000,2025-03-06 03:00:00,0.10874,0.11105,0.10807,0.10982,982957.0
1741226400000,2025-03-06 04:00:00,0.10982,0.11074,0.1095,0.11014,1419720.4
1741230000000,2025-03-06 05:00:00,0.11014,0.11117,0.10999,0.11102,539133.2
1741233600000,2025-03-06 06:00:00,0.11102,0.11194,0.11014,0.11173,782511.5
1741237200000,2025-03-06 07:00:00,0.11173,0.11338,0.11162,0.11276,1040795.2
1741240800000,2025-03-06 08:00:00,0.11276,0.1128,0.1114,0.11145,716394.4
1741244400000,2025-03-06 09:00:00,0.11145,0.11182,0.11057,0.11074,632182.6
1741248000000,2025-03-06 10:00:00,0.11074,0.1121,0.11056,0.11152,933703.8
1741251600000,2025-03-06 11:00:00,0.11152,0.11158,0.11035,0.11054,939636.0
1741255200000,2025-03-06 12:00:00,0.11054,0.11218,0.11028,0.11185,787660.8
1741258800000,2025-03-06 13:00:00,0.11185,0.11263,0.1113,0.1123,1639584.2
1741262400000,2025-03-06 14:00:00,0.1123,0.11262,0.1096,0.11004,2022733.3
1741266000000,2025-03-06 15:00:00,0.11004,0.11047,0.10872,0.10885,1869932.0
1741269600000,2025-03-06 16:00:00,0.10885,0.10991,0.10773,0.10879,2622188.9
1741273200000,2025-03-06 17:00:00,0.10879,0.11208,0.1086,0.111,5530736.5
1741276800000,2025-03-06 18:00:00,0.111,0.11168,0.10857,0.10874,4144616.5
1741280400000,2025-03-06 19:00:00,0.10874,0.10888,0.10673,0.10769,2811289.8
1741284000000,2025-03-06 20:00:00,0.10769,0.10812,0.10667,0.1071,1198742.8
1741287600000,2025-03-06 21:00:00,0.1071,0.10825,0.10627,0.10715,2117204.8
1741291200000,2025-03-06 22:00:00,0.10715,0.10841,0.10704,0.10811,1297482.0
1741294800000,2025-03-06 23:00:00,0.10811,0.1092,0.10717,0.10798,3218740.6
1741298400000,2025-03-07 00:00:00,0.10798,0.10949,0.10796,0.10856,1840363.2
1741302000000,2025-03-07 01:00:00,0.10856,0.10871,0.10728,0.10735,871965.2
1741305600000,2025-03-07 02:00:00,0.10735,0.1085,0.10124,0.10186,10378947.9
1741309200000,2025-03-07 03:00:00,0.10186,0.10667,0.10128,0.10597,2533131.6
1741312800000,2025-03-07 04:00:00,0.10597,0.10687,0.10526,0.10527,2262975.4
1741316400000,2025-03-07 05:00:00,0.10527,0.10589,0.10483,0.10494,955581.6
1741320000000,2025-03-07 06:00:00,0.10494,0.10581,0.10458,0.10478,1378522.1
1741323600000,2025-03-07 07:00:00,0.10478,0.1069,0.10478,0.10631,1423156.6
1741327200000,2025-03-07 08:00:00,0.10631,0.10655,0.10559,0.10627,889918.0
1741330800000,2025-03-07 09:00:00,0.10627,0.10716,0.10605,0.10695,1145170.7
1741334400000,2025-03-07 10:00:00,0.10695,0.10717,0.1058,0.10614,1126314.1
1741338000000,2025-03-07 11:00:00,0.10614,0.10809,0.10609,0.10728,1344657.0
1741341600000,2025-03-07 12:00:00,0.10728,0.10733,0.10654,0.1071,678011.6
1741345200000,2025-03-07 13:00:00,0.1071,0.10788,0.10674,0.10716,824634.4
1741348800000,2025-03-07 14:00:00,0.10716,0.10749,0.10551,0.10613,715208.7
1741352400000,2025-03-07 15:00:00,0.10613,0.1088,0.10593,0.10697,3644294.9
1741356000000,2025-03-07 16:00:00,0.10697,0.10923,0.10607,0.10804,1902789.0
1741359600000,2025-03-07 17:00:00,0.10804,0.10874,0.10569,0.10679,2738862.4
1741363200000,2025-03-07 18:00:00,0.10679,0.10722,0.10354,0.1043,3071583.6
1741366800000,2025-03-07 19:00:00,0.1043,0.10653,0.10366,0.10562,2082102.1
1741370400000,2025-03-07 20:00:00,0.10562,0.10817,0.10541,0.10801,1419722.1
1741374000000,2025-03-07 21:00:00,0.10801,0.10858,0.10615,0.10662,1450390.7
1741377600000,2025-03-07 22:00:00,0.10662,0.10731,0.10505,0.10585,1887652.6
1741381200000,2025-03-07 23:00:00,0.10585,0.10604,0.10341,0.104,2352984.5
1741384800000,2025-03-08 00:00:00,0.104,0.10452,0.10281,0.10421,1239219.9
1741388400000,2025-03-08 01:00:00,0.10421,0.10421,0.10191,0.10291,1242858.0
1741392000000,2025-03-08 02:00:00,0.10291,0.10403,0.10221,0.10395,887709.9
1741395600000,2025-03-08 03:00:00,0.10395,0.10432,0.10168,0.10301,739333.5
1741399200000,2025-03-08 04:00:00,0.10301,0.10358,0.10287,0.10351,1061761.8
1741402800000,2025-03-08 05:00:00,0.10351,0.10351,0.10232,0.10306,350710.0
1741406400000,2025-03-08 06:00:00,0.10306,0.10391,0.10252,0.1039,571948.1
1741410000000,2025-03-08 07:00:00,0.1039,0.10393,0.10244,0.10263,420710.1
1741413600000,2025-03-08 08:00:00,0.10263,0.10296,0.10222,0.10245,337552.5
1741417200000,2025-03-08 09:00:00,0.10245,0.10309,0.10184,0.10204,790344.1
1741420800000,2025-03-08 10:00:00,0.10204,0.10255,0.1015,0.10152,721657.1
1741424400000,2025-03-08 11:00:00,0.10152,0.10246,0.10115,0.10144,549498.0
1741428000000,2025-03-08 12:00:00,0.10144,0.10224,0.10132,0.10189,739818.9
1741431600000,2025-03-08 13:00:00,0.10189,0.10189,0.10036,0.10099,1379128.5
1741435200000,2025-03-08 14:00:00,0.10099,0.10184,0.10051,0.10156,1098065.5
1741438800000,2025-03-08 15:00:00,0.10156,0.10228,0.1011,0.10202,749730.1
1741442400000,2025-03-08 16:00:00,0.10202,0.10238,0.10169,0.10195,629349.8
1741446000000,2025-03-08 17:00:00,0.10195,0.10198,0.10131,0.10134,486357.9
1741449600000,2025-03-08 18:00:00,0.10134,0.10162,0.10004,0.10098,1043462.1
1741453200000,2025-03-08 19:00:00,0.10098,0.10182,0.10023,0.10148,1179337.5
1741456800000,2025-03-08 20:00:00,0.10148,0.10219,0.10133,0.10203,359885.0
1741460400000,2025-03-08 21:00:00,0.10203,0.10254,0.10148,0.10227,772689.6
1741464000000,2025-03-08 22:00:00,0.10227,0.10248,0.10199,0.10206,682341.5
1741467600000,2025-03-08 23:00:00,0.10206,0.10267,0.10168,0.10176,565047.6
1741471200000,2025-03-09 00:00:00,0.10176,0.10204,0.10059,0.10143,1040736.8
1741474800000,2025-03-09 01:00:00,0.10143,0.10181,0.10074,0.10124,537518.2
1741478400000,2025-03-09 02:00:00,0.10124,0.1018,0.10097,0.10136,801351.3
1741482000000,2025-03-09 03:00:00,0.10136,0.10172,0.10062,0.10084,569757.8
1741485600000,2025-03-09 04:00:00,0.10084,0.10094,0.10005,0.10013,2377619.2
1741489200000,2025-03-09 05:00:00,0.10013,0.10077,0.09986,0.10048,693381.6
1741492800000,2025-03-09 06:00:00,0.10048,0.101,0.1002,0.10094,685553.6
1741496400000,2025-03-09 07:00:00,0.10094,0.10119,0.10016,0.1003,619030.0
1741500000000,2025-03-09 08:00:00,0.1003,0.1003,0.09959,0.09973,1267870.7
1741503600000,2025-03-09 09:00:00,0.09973,0.10052,0.09949,0.10011,477029.5
1741507200000,2025-03-09 10:00:00,0.10011,0.10029,0.09943,0.09948,797912.8
1741510800000,2025-03-09 11:00:00,0.09948,0.09973,0.09882,0.09893,570670.5
1741514400000,2025-03-09 12:00:00,0.09893,0.09921,0.0954,0.09616,3534568.9
1741518000000,2025-03-09 13:00:00,0.09616,0.09672,0.09592,0.09652,1357001.9
1741521600000,2025-03-09 14:00:00,0.09652,0.09672,0.09545,0.09642,1084591.8
1741525200000,2025-03-09 15:00:00,0.09642,0.09676,0.09432,0.09436,2191861.0
1741528800000,2025-03-09 16:00:00,0.09436,0.09531,0.09394,0.09469,1385354.6
1741532400000,2025-03-09 17:00:00,0.09469,0.0951,0.0932,0.09374,1775752.9
1741536000000,2025-03-09 18:00:00,0.09374,0.09399,0.09124,0.09152,2906211.1
1741539600000,2025-03-09 19:00:00,0.09152,0.09196,0.08983,0.09003,2657462.5
1741543200000,2025-03-09 20:00:00,0.09003,0.09117,0.08907,0.09013,2000984.0
1741546800000,2025-03-09 21:00:00,0.09013,0.09167,0.09013,0.09125,1544322.6
1741550400000,2025-03-09 22:00:00,0.09125,0.09223,0.09093,0.09125,1478439.8
1741554000000,2025-03-09 23:00:00,0.09125,0.0913,0.08951,0.09035,1546317.5
1741557600000,2025-03-10 00:00:00,0.09035,0.09058,0.08936,0.0901,1395373.8
1741561200000,2025-03-10 01:00:00,0.0901,0.09145,0.08964,0.0909,2004759.6
1741564800000,2025-03-10 02:00:00,0.0909,0.09246,0.08951,0.09199,2930514.1
1741568400000,2025-03-10 03:00:00,0.09199,0.09319,0.09165,0.09274,2041200.3
1741572000000,2025-03-10 04:00:00,0.09274,0.09425,0.09254,0.09334,1868474.3
1741575600000,2025-03-10 05:00:00,0.09334,0.09361,0.09255,0.0929,519576.4
1741579200000,2025-03-10 06:00:00,0.0929,0.0942,0.09283,0.09415,654834.4
1741582800000,2025-03-10 07:00:00,0.09415,0.09449,0.09364,0.094,1178790.5
1741586400000,2025-03-10 08:00:00,0.094,0.09426,0.09349,0.09418,410309.4
1741590000000,2025-03-10 09:00:00,0.09418,0.09499,0.09411,0.09455,660856.4
1741593600000,2025-03-10 10:00:00,0.09455,0.09471,0.09283,0.09298,1434382.6
1741597200000,2025-03-10 11:00:00,0.09298,0.09739,0.09294,0.09387,3948432.0
1741600800000,2025-03-10 12:00:00,0.09387,0.09415,0.09287,0.09354,1187487.9
1741604400000,2025-03-10 13:00:00,0.09354,0.0952,0.09309,0.09482,1503492.3
1741608000000,2025-03-10 14:00:00,0.09482,0.09551,0.09382,0.09473,1530329.1
1741611600000,2025-03-10 15:00:00,0.09473,0.0949,0.0919,0.09219,2415063.2
1741615200000,2025-03-10 16:00:00,0.09219,0.09219,0.08852,0.08932,4925068.1
1741618800000,2025-03-10 17:00:00,0.08932,0.0918,0.08888,0.09068,2283613.7
1741622400000,2025-03-10 18:00:00,0.09068,0.09105,0.08902,0.08956,2477785.2
1741626000000,2025-03-10 19:00:00,0.08956,0.08981,0.08613,0.08628,4576101.7
1741629600000,2025-03-10 20:00:00,0.08628,0.08759,0.08329,0.08355,4229713.6
1741633200000,2025-03-10 21:00:00,0.08355,0.08732,0.08305,0.08662,5399218.6
1741636800000,2025-03-10 22:00:00,0.08662,0.08706,0.08542,0.08632,2274768.3
1741640400000,2025-03-10 23:00:00,0.08632,0.08702,0.0857,0.08614,1410833.3
1741644000000,2025-03-11 00:00:00,0.08614,0.08674,0.0851,0.08545,1393762.8
1741647600000,2025-03-11 01:00:00,0.08545,0.08607,0.08428,0.08444,1902358.2
1741651200000,2025-03-11 02:00:00,0.08444,0.08545,0.07947,0.0815,7191622.3
1741654800000,2025-03-11 03:00:00,0.0815,0.08414,0.07967,0.08414,4970434.5
1741658400000,2025-03-11 04:00:00,0.08414,0.08511,0.08392,0.0847,1987559.6
1741662000000,2025-03-11 05:00:00,0.0847,0.08556,0.08423,0.08431,1250990.9
1741665600000,2025-03-11 06:00:00,0.08431,0.08577,0.08406,0.08536,860145.0
1741669200000,2025-03-11 07:00:00,0.08536,0.08751,0.08528,0.08684,1736798.8
1741672800000,2025-03-11 08:00:00,0.08684,0.08765,0.08632,0.08644,1366252.7
1741676400000,2025-03-11 09:00:00,0.08644,0.08739,0.0863,0.08659,1801451.2
1741680000000,2025-03-11 10:00:00,0.08659,0.0881,0.08636,0.08741,1030626.3
1741683600000,2025-03-11 11:00:00,0.08741,0.08849,0.08739,0.08764,1861169.4
1741687200000,2025-03-11 12:00:00,0.08764,0.08873,0.08747,0.08864,1750346.1
1741690800000,2025-03-11 13:00:00,0.08864,0.08948,0.08771,0.0887,2817714.1
1741694400000,2025-03-11 14:00:00,0.0887,0.08888,0.08774,0.08794,2371257.0
1741698000000,2025-03-11 15:00:00,0.08794,0.09056,0.08679,0.08914,7784899.5
1741701600000,2025-03-11 16:00:00,0.08914,0.08971,0.08555,0.08631,6954935.4
1741705200000,2025-03-11 17:00:00,0.08631,0.08953,0.08616,0.08912,3423560.4
1741708800000,2025-03-11 18:00:00,0.08912,0.09085,0.08836,0.08978,3311425.4
1741712400000,2025-03-11 19:00:00,0.08978,0.0903,0.08791,0.0884,3298869.7
1741716000000,2025-03-11 20:00:00,0.0884,0.09288,0.08839,0.09255,7425553.9
1741719600000,2025-03-11 21:00:00,0.09255,0.09318,0.09191,0.09287,3057992.6
1741723200000,2025-03-11 22:00:00,0.09287,0.09321,0.09183,0.09185,1393713.9
1741726800000,2025-03-11 23:00:00,0.09185,0.0925,0.09145,0.09155,897250.2
1741730400000,2025-03-12 00:00:00,0.09155,0.09218,0.09155,0.09194,451626.7
1741734000000,2025-03-12 01:00:00,0.09194,0.09197,0.0899,0.09028,2360525.0
1741737600000,2025-03-12 02:00:00,0.09028,0.09081,0.08968,0.09031,1114602.4
1741741200000,2025-03-12 03:00:00,0.09031,0.09231,0.09023,0.09161,791069.6
1741744800000,2025-03-12 04:00:00,0.09161,0.09174,0.08997,0.09023,774279.7
1741748400000,2025-03-12 05:00:00,0.09023,0.0906,0.08877,0.08883,1053786.7
1741752000000,2025-03-12 06:00:00,0.08883,0.08898,0.0876,0.08827,1612270.5
1741755600000,2025-03-12 07:00:00,0.08827,0.08884,0.08812,0.08863,961508.7
1741759200000,2025-03-12 08:00:00,0.08863,0.08865,0.08746,0.0886,3240773.4
1741762800000,2025-03-12 09:00:00,0.0886,0.09029,0.08856,0.09003,1565397.4
1741766400000,2025-03-12 10:00:00,0.09003,0.09204,0.08943,0.09152,3900236.7
1741770000000,2025-03-12 11:00:00,0.09152,0.09264,0.09023,0.0909,3655345.1
1741773600000,2025-03-12 12:00:00,0.0909,0.09123,0.09015,0.09088,1061897.8
1741777200000,2025-03-12 13:00:00,0.09088,0.09217,0.09088,0.09205,1215447.7
1741780800000,2025-03-12 14:00:00,0.09205,0.09491,0.09183,0.09438,10655977.6
1741784400000,2025-03-12 15:00:00,0.09438,0.09471,0.09083,0.09116,4432355.3
1741788000000,2025-03-12 16:00:00,0.09116,0.09152,0.0888,0.08885,8022587.9
1741791600000,2025-03-12 17:00:00,0.08885,0.08979,0.08754,0.08964,3673396.5
1741795200000,2025-03-12 18:00:00,0.08964,0.09095,0.08931,0.09018,2272679.5
1741798800000,2025-03-12 19:00:00,0.09018,0.09146,0.08986,0.08992,1744707.4
1741802400000,2025-03-12 20:00:00,0.08992,0.09178,0.08983,0.09137,2373806.6
1741806000000,2025-03-12 21:00:00,0.09137,0.092,0.09082,0.09151,1480722.1
1741809600000,2025-03-12 22:00:00,0.09151,0.09213,0.09126,0.09191,720149.5
1741813200000,2025-03-12 23:00:00,0.09191,0.09296,0.09157,0.09178,2163988.1
1741816800000,2025-03-13 00:00:00,0.09178,0.09253,0.09175,0.0924,607270.6
1741820400000,2025-03-13 01:00:00,0.0924,0.09241,0.0918,0.09221,764624.6
1741824000000,2025-03-13 02:00:00,0.09221,0.09267,0.09172,0.09176,3121584.8
1741827600000,2025-03-13 03:00:00,0.09176,0.09217,0.0911,0.09184,1485085.9
1741831200000,2025-03-13 04:00:00,0.09184,0.09263,0.09155,0.09159,1242764.3
1741834800000,2025-03-13 05:00:00,0.09159,0.09221,0.09114,0.09128,496441.4
1741838400000,2025-03-13 06:00:00,0.09128,0.09158,0.09049,0.09076,1468302.4
1741842000000,2025-03-13 07:00:00,0.09076,0.0913,0.08975,0.09001,1178748.8
1741845600000,2025-03-13 08:00:00,0.09001,0.09023,0.08931,0.09015,1623402.0
1741849200000,2025-03-13 09:00:00,0.09015,0.09151,0.09005,0.09092,985357.5
1741852800000,2025-03-13 10:00:00,0.09092,0.09151,0.09008,0.09136,1371088.9
1741856400000,2025-03-13 11:00:00,0.09136,0.09306,0.09136,0.09254,6830889.0
1741860000000,2025-03-13 12:00:00,0.09254,0.09254,0.0914,0.09188,2602267.8
1741863600000,2025-03-13 13:00:00,0.09188,0.09201,0.09103,0.09156,3161554.6
1741867200000,2025-03-13 14:00:00,0.09156,0.09302,0.09037,0.09064,2817990.7
1741870800000,2025-03-13 15:00:00,0.09064,0.09178,0.08888,0.08912,4995898.0
1741874400000,2025-03-13 16:00:00,0.08912,0.09045,0.08891,0.08984,1964297.5
1741878000000,2025-03-13 17:00:00,0.08984,0.09007,0.08857,0.08893,2853071.9
1741881600000,2025-03-13 18:00:00,0.08893,0.08935,0.08813,0.08846,2686544.8
1741885200000,2025-03-13 19:00:00,0.08846,0.08869,0.08649,0.08662,3018896.4
1741888800000,2025-03-13 20:00:00,0.08662,0.08848,0.08659,0.08794,1752328.0
1741892400000,2025-03-13 21:00:00,0.08794,0.08817,0.08692,0.08735,809715.4
1741896000000,2025-03-13 22:00:00,0.08735,0.08809,0.08713,0.08728,1365152.2
1741899600000,2025-03-13 23:00:00,0.08728,0.08795,0.08703,0.08795,664891.3
1741903200000,2025-03-14 00:00:00,0.08795,0.08961,0.08789,0.08961,1172888.6
1741906800000,2025-03-14 01:00:00,0.08961,0.09015,0.08898,0.0891,1655318.5
1741910400000,2025-03-14 02:00:00,0.0891,0.09011,0.08876,0.08966,1951393.2
1741914000000,2025-03-14 03:00:00,0.08966,0.08994,0.08911,0.08945,600505.1
1741917600000,2025-03-14 04:00:00,0.08945,0.09042,0.0893,0.09039,734404.2
1741921200000,2025-03-14 05:00:00,0.09039,0.0904,0.08953,0.0897,580801.2
1741924800000,2025-03-14 06:00:00,0.0897,0.09006,0.08943,0.0896,982955.2
1741928400000,2025-03-14 07:00:00,0.0896,0.09042,0.08944,0.09033,2020662.0
1741932000000,2025-03-14 08:00:00,0.09033,0.09052,0.08971,0.09004,588495.1
1741935600000,2025-03-14 09:00:00,0.09004,0.09069,0.08966,0.09022,991423.8
1741939200000,2025-03-14 10:00:00,0.09022,0.09187,0.0901,0.0915,1421728.0
1741942800000,2025-03-14 11:00:00,0.0915,0.09205,0.09133,0.09176,558192.9
1741946400000,2025-03-14 12:00:00,0.09176,0.0921,0.09124,0.09167,702240.1
1741950000000,2025-03-14 13:00:00,0.09167,0.09265,0.09167,0.0923,1487897.9
1741953600000,2025-03-14 14:00:00,0.0923,0.09326,0.09214,0.09269,1614414.2
1741957200000,2025-03-14 15:00:00,0.09269,0.09388,0.09256,0.09333,2635272.4
1741960800000,2025-03-14 16:00:00,0.09333,0.09428,0.09206,0.09411,8458206.0
1741964400000,2025-03-14 17:00:00,0.09411,0.09584,0.09411,0.09445,3694514.0
1741968000000,2025-03-14 18:00:00,0.09445,0.09497,0.0938,0.09495,2235730.2
1741971600000,2025-03-14 19:00:00,0.09495,0.09508,0.09415,0.09444,978657.2
1741975200000,2025-03-14 20:00:00,0.09444,0.09488,0.0941,0.09451,530244.3
1741978800000,2025-03-14 21:00:00,0.09451,0.0952,0.09393,0.09453,1364037.3
1741982400000,2025-03-14 22:00:00,0.09453,0.09454,0.09348,0.09401,1591299.4
1741986000000,2025-03-14 23:00:00,0.09401,0.09462,0.09365,0.09462,1544358.0
1741989600000,2025-03-15 00:00:00,0.09462,0.0957,0.0945,0.09547,1623683.9
1741993200000,2025-03-15 01:00:00,0.09547,0.09552,0.09405,0.09417,2680158.7
1741996800000,2025-03-15 02:00:00,0.09417,0.09449,0.09404,0.09406,743819.5
1742000400000,2025-03-15 03:00:00,0.09406,0.09489,0.09368,0.09455,2424780.5
1742004000000,2025-03-15 04:00:00,0.09455,0.09555,0.09411,0.09526,535661.3
1742007600000,2025-03-15 05:00:00,0.09526,0.09572,0.09496,0.09551,960287.9
1742011200000,2025-03-15 06:00:00,0.09551,0.097,0.09548,0.09689,1655444.2
1742014800000,2025-03-15 07:00:00,0.09689,0.09694,0.09598,0.09601,1171084.4
1742018400000,2025-03-15 08:00:00,0.09601,0.09637,0.09573,0.09625,843142.7
1742022000000,2025-03-15 09:00:00,0.09625,0.09629,0.09417,0.09484,2641991.2
1742025600000,2025-03-15 10:00:00,0.09484,0.09612,0.09443,0.09612,2962641.1
1742029200000,2025-03-15 11:00:00,0.09612,0.09689,0.09585,0.0965,4274571.1
1742032800000,2025-03-15 12:00:00,0.0965,0.09666,0.09572,0.0965,661593.3
1742036400000,2025-03-15 13:00:00,0.0965,0.09672,0.09589,0.09637,821587.2
1742040000000,2025-03-15 14:00:00,0.09637,0.09672,0.09601,0.09611,402775.0
1742043600000,2025-03-15 15:00:00,0.09611,0.09707,0.09608,0.09685,1148679.4
1742047200000,2025-03-15 16:00:00,0.09685,0.09686,0.09512,0.09529,1660967.1
1742050800000,2025-03-15 17:00:00,0.09529,0.09602,0.09522,0.09564,609153.4
1742054400000,2025-03-15 18:00:00,0.09564,0.09698,0.09555,0.09651,1677012.1
1742058000000,2025-03-15 19:00:00,0.09651,0.09708,0.09629,0.09667,743121.0
1742061600000,2025-03-15 20:00:00,0.09667,0.09684,0.09575,0.09601,920821.9
1742065200000,2025-03-15 21:00:00,0.09601,0.09602,0.09539,0.0959,432887.5
1742068800000,2025-03-15 22:00:00,0.0959,0.09647,0.0959,0.09643,566303.1
1742072400000,2025-03-15 23:00:00,0.09643,0.09669,0.09626,0.0963,746586.5
1742076000000,2025-03-16 00:00:00,0.0963,0.09647,0.09586,0.09594,1252556.4
1742079600000,2025-03-16 01:00:00,0.09594,0.09609,0.09544,0.09579,830959.9
1742083200000,2025-03-16 02:00:00,0.09579,0.09612,0.09538,0.09548,759982.3
1742086800000,2025-03-16 03:00:00,0.09548,0.09555,0.09463,0.09468,1045823.5
1742090400000,2025-03-16 04:00:00,0.09468,0.09533,0.09435,0.09471,688495.3
1742094000000,2025-03-16 05:00:00,0.09471,0.09571,0.09468,0.09558,369456.7
1742097600000,2025-03-16 06:00:00,0.09558,0.09572,0.09522,0.09543,326249.8
1742101200000,2025-03-16 07:00:00,0.09543,0.09571,0.09535,0.09566,285737.9
1742104800000,2025-03-16 08:00:00,0.09566,0.09571,0.0952,0.09524,863578.0
1742108400000,2025-03-16 09:00:00,0.09524,0.09541,0.09455,0.09509,1053005.5
1742112000000,2025-03-16 10:00:00,0.09509,0.0953,0.09459,0.09508,493045.1
1742115600000,2025-03-16 11:00:00,0.09508,0.09513,0.09342,0.09382,2074214.7
1742119200000,2025-03-16 12:00:00,0.09382,0.09428,0.09341,0.09342,642288.6
1742122800000,2025-03-16 13:00:00,0.09342,0.09342,0.09115,0.09143,5179587.6
1742126400000,2025-03-16 14:00:00,0.09143,0.09223,0.09133,0.09173,833907.8
1742130000000,2025-03-16 15:00:00,0.09173,0.09227,0.09061,0.09092,1391250.6
1742133600000,2025-03-16 16:00:00,0.09092,0.09214,0.09078,0.09212,1169128.5
1742137200000,2025-03-16 17:00:00,0.09212,0.09227,0.09135,0.09197,1391913.1
1742140800000,2025-03-16 18:00:00,0.09197,0.09459,0.0918,0.09343,4523312.5
1742144400000,2025-03-16 19:00:00,0.09343,0.09387,0.09268,0.09288,816865.6
1742148000000,2025-03-16 20:00:00,0.09288,0.09314,0.09183,0.09209,1209839.6
1742151600000,2025-03-16 21:00:00,0.09209,0.09218,0.09062,0.09116,1677974.0
1742155200000,2025-03-16 22:00:00,0.09116,0.09192,0.09115,0.09187,1119520.5
1742158800000,2025-03-16 23:00:00,0.09187,0.0919,0.09121,0.09149,823988.7
1742162400000,2025-03-17 00:00:00,0.09149,0.09174,0.09091,0.09095,766700.7
1742166000000,2025-03-17 01:00:00,0.09095,0.09159,0.0905,0.09139,1382949.9
1742169600000,2025-03-17 02:00:00,0.09139,0.09241,0.09136,0.09233,1502720.4
1742173200000,2025-03-17 03:00:00,0.09233,0.09305,0.09183,0.0929,1500051.0
1742176800000,2025-03-17 04:00:00,0.0929,0.09347,0.09271,0.09332,1608076.4
1742180400000,2025-03-17 05:00:00,0.09332,0.0939,0.09329,0.09366,1181968.4
1742184000000,2025-03-17 06:00:00,0.09366,0.0941,0.0934,0.09344,1016024.5
1742187600000,2025-03-17 07:00:00,0.09344,0.09376,0.09298,0.09298,1300035.7
1742191200000,2025-03-17 08:00:00,0.09298,0.09343,0.09182,0.09271,2877199.8
1742194800000,2025-03-17 09:00:00,0.09271,0.09407,0.09259,0.09378,1626939.7
1742198400000,2025-03-17 10:00:00,0.09378,0.09425,0.09324,0.09411,1014905.2
1742202000000,2025-03-17 11:00:00,0.09411,0.09473,0.09371,0.09451,1296382.3
1742205600000,2025-03-17 12:00:00,0.09451,0.09488,0.09414,0.09466,904601.4
1742209200000,2025-03-17 13:00:00,0.09466,0.09482,0.09415,0.0946,992883.8
1742212800000,2025-03-17 14:00:00,0.0946,0.09626,0.09354,0.09364,10823774.3
1742216400000,2025-03-17 15:00:00,0.09364,0.09447,0.09309,0.09362,4217535.1
1742220000000,2025-03-17 16:00:00,0.09362,0.09462,0.09277,0.09383,5109548.5
1742223600000,2025-03-17 17:00:00,0.09383,0.09479,0.09332,0.09451,2148756.9
1742227200000,2025-03-17 18:00:00,0.09451,0.09529,0.09398,0.09449,1651294.7
1742230800000,2025-03-17 19:00:00,0.09449,0.09608,0.09426,0.09586,2212649.8
1742234400000,2025-03-17 20:00:00,0.09586,0.09656,0.09578,0.09641,3138045.6
1742238000000,2025-03-17 21:00:00,0.09641,0.09674,0.09614,0.0963,2083869.8
1742241600000,2025-03-17 22:00:00,0.0963,0.09669,0.09582,0.0959,1745062.7
1742245200000,2025-03-17 23:00:00,0.0959,0.09714,0.09563,0.09707,1187371.1
1742248800000,2025-03-18 00:00:00,0.09707,0.09734,0.09641,0.09641,655326.8
1742252400000,2025-03-18 01:00:00,0.09641,0.09646,0.09576,0.09608,1625068.2
1742256000000,2025-03-18 02:00:00,0.09608,0.09646,0.09521,0.09559,1424273.8
1742259600000,2025-03-18 03:00:00,0.09559,0.09592,0.09401,0.09424,2446796.7
1742263200000,2025-03-18 04:00:00,0.09424,0.0953,0.09412,0.09486,1239968.9
1742266800000,2025-03-18 05:00:00,0.09486,0.09521,0.09435,0.09465,2611089.2
1742270400000,2025-03-18 06:00:00,0.09465,0.09518,0.09428,0.09457,1210074.3
1742274000000,2025-03-18 07:00:00,0.09457,0.09533,0.09457,0.09513,820932.4
1742277600000,2025-03-18 08:00:00,0.09513,0.09514,0.09322,0.09363,1898158.6
1742281200000,2025-03-18 09:00:00,0.09363,0.09505,0.09352,0.09457,1517923.6
1742284800000,2025-03-18 10:00:00,0.09457,0.09556,0.09419,0.09555,2074501.0
1742288400000,2025-03-18 11:00:00,0.09555,0.09689,0.0954,0.09604,4433117.3
1742292000000,2025-03-18 12:00:00,0.09604,0.09679,0.09553,0.09652,4287155.7
1742295600000,2025-03-18 13:00:00,0.09652,0.09687,0.09594,0.09606,1900967.0
1742299200000,2025-03-18 14:00:00,0.09606,0.09686,0.09589,0.09631,1453908.6
1742302800000,2025-03-18 15:00:00,0.09631,0.09699,0.09475,0.09495,2505964.0
1742306400000,2025-03-18 16:00:00,0.09495,0.09776,0.09476,0.09728,4298296.6
1742310000000,2025-03-18 17:00:00,0.09728,0.09729,0.09496,0.09516,2090024.0
1742313600000,2025-03-18 18:00:00,0.09516,0.09543,0.09347,0.09407,5143988.9
1742317200000,2025-03-18 19:00:00,0.09407,0.09427,0.09261,0.09267,2749144.7
1742320800000,2025-03-18 20:00:00,0.09267,0.09276,0.09143,0.09223,3602499.9
1742324400000,2025-03-18 21:00:00,0.09223,0.09321,0.09214,0.09302,1569413.4
1742328000000,2025-03-18 22:00:00,0.09302,0.09314,0.09239,0.09307,676962.1
1742331600000,2025-03-18 23:00:00,0.09307,0.09342,0.09274,0.09312,2200431.7
1742335200000,2025-03-19 00:00:00,0.09312,0.09483,0.09308,0.09454,2302115.9
1742338800000,2025-03-19 01:00:00,0.09454,0.09565,0.09454,0.09549,2502032.3
1742342400000,2025-03-19 02:00:00,0.09549,0.09628,0.09528,0.09593,1953654.6
1742346000000,2025-03-19 03:00:00,0.09593,0.09635,0.09493,0.09495,677203.3
1742349600000,2025-03-19 04:00:00,0.09495,0.09537,0.09472,0.09534,652442.7
1742353200000,2025-03-19 05:00:00,0.09534,0.09617,0.09524,0.09611,1491108.5
1742356800000,2025-03-19 06:00:00,0.09611,0.09629,0.09563,0.09578,802611.7
1742360400000,2025-03-19 07:00:00,0.09578,0.096,0.09556,0.09587,491417.9
1742364000000,2025-03-19 08:00:00,0.09587,0.09605,0.09521,0.09532,968608.5
1742367600000,2025-03-19 09:00:00,0.09532,0.09562,0.09414,0.09423,3585223.8
1742371200000,2025-03-19 10:00:00,0.09423,0.09498,0.09423,0.09489,760367.2
1742374800000,2025-03-19 11:00:00,0.09489,0.09505,0.09416,0.09446,1103258.5
1742378400000,2025-03-19 12:00:00,0.09446,0.09632,0.09446,0.09546,3439727.5
1742382000000,2025-03-19 13:00:00,0.09546,0.09786,0.09542,0.09772,5076896.0
1742385600000,2025-03-19 14:00:00,0.09772,0.09803,0.09635,0.09714,2700982.0
1742389200000,2025-03-19 15:00:00,0.09714,0.09931,0.09668,0.09842,9592789.4
1742392800000,2025-03-19 16:00:00,0.09842,0.0996,0.09808,0.09874,4322679.9
1742396400000,2025-03-19 17:00:00,0.09874,0.09978,0.09821,0.09965,2487120.6
1742400000000,2025-03-19 18:00:00,0.09965,0.09993,0.09839,0.09889,3032133.5
1742403600000,2025-03-19 19:00:00,0.09889,0.0989,0.09679,0.09793,5029416.2
1742407200000,2025-03-19 20:00:00,0.09793,0.09951,0.09671,0.09923,8763184.2
1742410800000,2025-03-19 21:00:00,0.09923,0.10052,0.0982,0.09867,4756381.6
1742414400000,2025-03-19 22:00:00,0.09867,0.09938,0.09824,0.09846,1120854.6
1742418000000,2025-03-19 23:00:00,0.09846,0.09942,0.09827,0.09847,1330875.5
1742421600000,2025-03-20 00:00:00,0.09847,0.09973,0.09847,0.09941,918032.9
1742425200000,2025-03-20 01:00:00,0.09941,0.09954,0.09877,0.09921,810534.0
1742428800000,2025-03-20 02:00:00,0.09921,0.09986,0.09764,0.09765,1932132.0
1742432400000,2025-03-20 03:00:00,0.09765,0.09782,0.0966,0.09712,1345834.3
1742436000000,2025-03-20 04:00:00,0.09712,0.09753,0.09687,0.09741,365926.8
1742439600000,2025-03-20 05:00:00,0.09741,0.09774,0.09715,0.09715,357356.5
1742443200000,2025-03-20 06:00:00,0.09715,0.09723,0.09675,0.09694,462944.5
1742446800000,2025-03-20 07:00:00,0.09694,0.09705,0.09653,0.09684,785755.4
1742450400000,2025-03-20 08:00:00,0.09684,0.09722,0.09666,0.09707,931814.6
1742454000000,2025-03-20 09:00:00,0.09707,0.09724,0.09647,0.09709,1607064.9
1742457600000,2025-03-20 10:00:00,0.09709,0.09826,0.09695,0.09818,921096.0
1742461200000,2025-03-20 11:00:00,0.09818,0.09821,0.09706,0.09713,638482.5
1742464800000,2025-03-20 12:00:00,0.09713,0.09722,0.09532,0.09577,2037499.3
1742468400000,2025-03-20 13:00:00,0.09577,0.09644,0.09569,0.09623,920091.0
1742472000000,2025-03-20 14:00:00,0.09623,0.09638,0.0958,0.09632,1779744.3
1742475600000,2025-03-20 15:00:00,0.09632,0.09652,0.09566,0.09617,2825111.2
1742479200000,2025-03-20 16:00:00,0.09617,0.09773,0.09617,0.09748,3148317.0
1742482800000,2025-03-20 17:00:00,0.09748,0.09756,0.09555,0.09573,3442616.8
1742486400000,2025-03-20 18:00:00,0.09573,0.09618,0.09432,0.0947,3258748.4
1742490000000,2025-03-20 19:00:00,0.0947,0.0956,0.09458,0.09531,1075128.8
1742493600000,2025-03-20 20:00:00,0.09531,0.09589,0.09517,0.09518,947509.3
1742497200000,2025-03-20 21:00:00,0.09518,0.09578,0.09498,0.0956,589558.4
1742500800000,2025-03-20 22:00:00,0.0956,0.09617,0.09541,0.09594,470138.0
1742504400000,2025-03-20 23:00:00,0.09594,0.09613,0.09542,0.09542,469853.4
1742508000000,2025-03-21 00:00:00,0.09542,0.09559,0.09482,0.09496,940612.9
1742511600000,2025-03-21 01:00:00,0.09496,0.09557,0.09478,0.09547,665724.7
1742515200000,2025-03-21 02:00:00,0.09547,0.09584,0.0951,0.09553,739222.1
1742518800000,2025-03-21 03:00:00,0.09553,0.09615,0.09541,0.09615,996976.4
1742522400000,2025-03-21 04:00:00,0.09615,0.09618,0.09518,0.09524,709938.8
1742526000000,2025-03-21 05:00:00,0.09524,0.09529,0.09444,0.09446,739010.6
1742529600000,2025-03-21 06:00:00,0.09446,0.09527,0.09438,0.0951,386307.0
1742533200000,2025-03-21 07:00:00,0.0951,0.09513,0.0945,0.09497,698114.3
1742536800000,2025-03-21 08:00:00,0.09497,0.09499,0.09443,0.09461,492874.5
1742540400000,2025-03-21 09:00:00,0.09461,0.09474,0.09355,0.09387,2243034.3
1742544000000,2025-03-21 10:00:00,0.09387,0.09424,0.09311,0.09339,1224263.6
1742547600000,2025-03-21 11:00:00,0.09339,0.09413,0.09307,0.09355,1015309.4
1742551200000,2025-03-21 12:00:00,0.09355,0.09371,0.09216,0.0926,2475223.3
1742554800000,2025-03-21 13:00:00,0.0926,0.0926,0.09158,0.09227,5745973.3
1742558400000,2025-03-21 14:00:00,0.09227,0.09308,0.09181,0.09189,4019718.1
1742562000000,2025-03-21 15:00:00,0.09189,0.09311,0.09181,0.09297,2830554.9
1742565600000,2025-03-21 16:00:00,0.09297,0.09356,0.09257,0.09339,1102726.0
1742569200000,2025-03-21 17:00:00,0.09339,0.0934,0.09233,0.09257,1345384.8
1742572800000,2025-03-21 18:00:00,0.09257,0.09335,0.09196,0.09331,1355102.2
1742576400000,2025-03-21 19:00:00,0.09331,0.09392,0.09303,0.09356,585850.4
1742580000000,2025-03-21 20:00:00,0.09356,0.09565,0.09342,0.09471,3572343.5
1742583600000,2025-03-21 21:00:00,0.09471,0.09474,0.09411,0.09427,690040.1
1742587200000,2025-03-21 22:00:00,0.09427,0.09482,0.09405,0.09481,943692.5
1742590800000,2025-03-21 23:00:00,0.09481,0.09521,0.09456,0.09472,359819.1
1742594400000,2025-03-22 00:00:00,0.09472,0.09472,0.09368,0.09399,676575.3
1742598000000,2025-03-22 01:00:00,0.09399,0.09399,0.09348,0.09386,704050.3
1742601600000,2025-03-22 02:00:00,0.09386,0.09526,0.09382,0.09506,781680.2
1742605200000,2025-03-22 03:00:00,0.09506,0.09525,0.094,0.09401,674158.5
1742608800000,2025-03-22 04:00:00,0.09401,0.09506,0.09384,0.09476,479321.7
1742612400000,2025-03-22 05:00:00,0.09476,0.09493,0.09451,0.09483,305744.1
1742616000000,2025-03-22 06:00:00,0.09483,0.09554,0.0948,0.09552,692191.9
1742619600000,2025-03-22 07:00:00,0.09552,0.09618,0.09528,0.09616,1901458.9
1742623200000,2025-03-22 08:00:00,0.09616,0.09651,0.0958,0.09611,611908.1
1742626800000,2025-03-22 09:00:00,0.09611,0.09635,0.09591,0.09604,981996.8
1742630400000,2025-03-22 10:00:00,0.09604,0.09647,0.09591,0.09636,956415.4
1742634000000,2025-03-22 11:00:00,0.09636,0.09675,0.09609,0.09609,2478136.8
1742637600000,2025-03-22 12:00:00,0.09609,0.0962,0.09584,0.0961,1448931.9
1742641200000,2025-03-22 13:00:00,0.0961,0.09618,0.09532,0.09539,677404.6
1742644800000,2025-03-22 14:00:00,0.09539,0.09554,0.09484,0.09495,1707590.1
1742648400000,2025-03-22 15:00:00,0.09495,0.09506,0.09452,0.09493,1243187.4
1742652000000,2025-03-22 16:00:00,0.09493,0.09495,0.0944,0.09461,675667.7
1742655600000,2025-03-22 17:00:00,0.09461,0.09559,0.09461,0.09548,1781475.1
1742659200000,2025-03-22 18:00:00,0.09548,0.0961,0.09536,0.0961,678253.2
1742662800000,2025-03-22 19:00:00,0.0961,0.09693,0.0961,0.09676,1183732.8
1742666400000,2025-03-22 20:00:00,0.09676,0.09726,0.09671,0.09707,1283370.3
1742670000000,2025-03-22 21:00:00,0.09707,0.0972,0.09611,0.09619,1112937.5
1742673600000,2025-03-22 22:00:00,0.09619,0.09637,0.09585,0.09585,774248.0
1742677200000,2025-03-22 23:00:00,0.09585,0.0961,0.09542,0.09566,1176257.8
1742680800000,2025-03-23 00:00:00,0.09566,0.09585,0.09512,0.0952,1147724.3
1742684400000,2025-03-23 01:00:00,0.0952,0.09546,0.09478,0.09545,701879.2
1742688000000,2025-03-23 02:00:00,0.09545,0.09626,0.09513,0.09594,1780491.7
1742691600000,2025-03-23 03:00:00,0.09594,0.09664,0.09586,0.09661,725188.7
1742695200000,2025-03-23 04:00:00,0.09661,0.0971,0.09647,0.09699,742187.9
1742698800000,2025-03-23 05:00:00,0.09699,0.09787,0.09676,0.09787,1916642.3
1742702400000,2025-03-23 06:00:00,0.09787,0.09801,0.09732,0.0975,1529853.7
1742706000000,2025-03-23 07:00:00,0.0975,0.09772,0.09702,0.09738,1503490.5
1742709600000,2025-03-23 08:00:00,0.09738,0.09765,0.09706,0.09749,487700.7
1742713200000,2025-03-23 09:00:00,0.09749,0.09815,0.09738,0.09772,899641.3
1742716800000,2025-03-23 10:00:00,0.09772,0.09798,0.09746,0.09749,846416.7
1742720400000,2025-03-23 11:00:00,0.09749,0.09755,0.09704,0.09714,368272.1
1742724000000,2025-03-23 12:00:00,0.09714,0.09782,0.09706,0.09767,664727.4
1742727600000,2025-03-23 13:00:00,0.09767,0.09821,0.09729,0.09736,1158532.0
1742731200000,2025-03-23 14:00:00,0.09736,0.09774,0.09685,0.09689,960284.7
1742734800000,2025-03-23 15:00:00,0.09689,0.09729,0.09641,0.09714,1055549.9
1742738400000,2025-03-23 16:00:00,0.09714,0.09714,0.096,0.09601,1054002.2
1742742000000,2025-03-23 17:00:00,0.09601,0.09673,0.096,0.09633,1090078.2
1742745600000,2025-03-23 18:00:00,0.09633,0.09633,0.09543,0.09547,1118463.6
1742749200000,2025-03-23 19:00:00,0.09547,0.09565,0.0946,0.0949,1454374.0
1742752800000,2025-03-23 20:00:00,0.0949,0.09526,0.09426,0.09513,2831176.8
1742756400000,2025-03-23 21:00:00,0.09513,0.0957,0.09506,0.09562,1048985.9
1742760000000,2025-03-23 22:00:00,0.09562,0.09587,0.09528,0.09528,507624.8
1742763600000,2025-03-23 23:00:00,0.09528,0.09554,0.09479,0.09554,4264081.9
1742767200000,2025-03-24 00:00:00,0.09554,0.09639,0.09552,0.09602,1176835.4
1742770800000,2025-03-24 01:00:00,0.09602,0.0966,0.09592,0.09659,545110.9
1742774400000,2025-03-24 02:00:00,0.09659,0.0978,0.09632,0.09685,2087985.5
1742778000000,2025-03-24 03:00:00,0.09685,0.09687,0.09525,0.09527,1268334.2
1742781600000,2025-03-24 04:00:00,0.09527,0.09623,0.09522,0.09612,697762.7
1742785200000,2025-03-24 05:00:00,0.09612,0.09724,0.09597,0.09709,2079873.8
1742788800000,2025-03-24 06:00:00,0.09709,0.09839,0.09709,0.09835,2831110.6
1742792400000,2025-03-24 07:00:00,0.09835,0.09951,0.09819,0.09938,1659150.2
1742796000000,2025-03-24 08:00:00,0.09938,0.1008,0.09937,0.10054,3203457.3
1742799600000,2025-03-24 09:00:00,0.10054,0.10081,0.09956,0.09967,991782.4
1742803200000,2025-03-24 10:00:00,0.09967,0.10149,0.09967,0.10122,2092204.1
1742806800000,2025-03-24 11:00:00,0.10122,0.10163,0.10095,0.10161,667800.4
1742810400000,2025-03-24 12:00:00,0.10161,0.10276,0.10156,0.10256,1439442.4
1742814000000,2025-03-24 13:00:00,0.10256,0.10256,0.10086,0.10152,1849517.3
1742817600000,2025-03-24 14:00:00,0.10152,0.10231,0.10127,0.10168,1183498.1
1742821200000,2025-03-24 15:00:00,0.10168,0.1023,0.10079,0.10212,2404012.4
1742824800000,2025-03-24 16:00:00,0.10212,0.10372,0.10168,0.1018,2051791.8
1742828400000,2025-03-24 17:00:00,0.1018,0.10245,0.10153,0.10238,790185.1
1742832000000,2025-03-24 18:00:00,0.10238,0.10257,0.10124,0.10168,567218.5
1742835600000,2025-03-24 19:00:00,0.10168,0.10255,0.10168,0.10241,1208462.4
1742839200000,2025-03-24 20:00:00,0.10241,0.10266,0.10195,0.10264,1265054.2
1742842800000,2025-03-24 21:00:00,0.10264,0.10267,0.10171,0.10211,1082253.6
1742846400000,2025-03-24 22:00:00,0.10211,0.10234,0.10166,0.10193,608124.6
1742850000000,2025-03-24 23:00:00,0.10193,0.10281,0.10177,0.10277,435868.6
1742853600000,2025-03-25 00:00:00,0.10277,0.10292,0.10119,0.10131,845718.1
1742857200000,2025-03-25 01:00:00,0.10131,0.10215,0.10092,0.10211,922226.7
1742860800000,2025-03-25 02:00:00,0.10211,0.10235,0.10138,0.10195,1204433.9
1742864400000,2025-03-25 03:00:00,0.10195,0.10226,0.10082,0.10142,711776.2
1742868000000,2025-03-25 04:00:00,0.10142,0.10205,0.10132,0.10154,541660.6
1742871600000,2025-03-25 05:00:00,0.10154,0.10194,0.10042,0.10096,1522341.6
1742875200000,2025-03-25 06:00:00,0.10096,0.10148,0.10051,0.10126,738363.8
1742878800000,2025-03-25 07:00:00,0.10126,0.10194,0.10112,0.10179,297632.5
1742882400000,2025-03-25 08:00:00,0.10179,0.10206,0.10144,0.10156,504835.6
1742886000000,2025-03-25 09:00:00,0.10156,0.10224,0.10134,0.10147,462037.2
1742889600000,2025-03-25 10:00:00,0.10147,0.10259,0.10145,0.10242,847127.5
1742893200000,2025-03-25 11:00:00,0.10242,0.10359,0.10229,0.10339,679606.1
1742896800000,2025-03-25 12:00:00,0.10339,0.10391,0.10289,0.10345,812422.4
1742900400000,2025-03-25 13:00:00,0.10345,0.10387,0.10308,0.10343,1463934.6
1742904000000,2025-03-25 14:00:00,0.10343,0.10362,0.10288,0.1031,991367.6
1742907600000,2025-03-25 15:00:00,0.1031,0.1051,0.1031,0.10404,2174692.3
1742911200000,2025-03-25 16:00:00,0.10404,0.10498,0.10344,0.10417,1953892.5
1742914800000,2025-03-25 17:00:00,0.10417,0.10457,0.10361,0.10405,833775.0
1742918400000,2025-03-25 18:00:00,0.10405,0.10429,0.10304,0.1038,704142.0
1742922000000,2025-03-25 19:00:00,0.1038,0.10535,0.1038,0.10505,1942886.5
1742925600000,2025-03-25 20:00:00,0.10505,0.1055,0.10402,0.10475,1745275.9
1742929200000,2025-03-25 21:00:00,0.10475,0.10531,0.10437,0.10514,572707.7
1742932800000,2025-03-25 22:00:00,0.10514,0.10621,0.10507,0.10513,2284681.3
1742936400000,2025-03-25 23:00:00,0.10513,0.10604,0.10492,0.10531,1913031.7
1742940000000,2025-03-26 00:00:00,0.10531,0.10568,0.10458,0.10489,836247.2
1742943600000,2025-03-26 01:00:00,0.10489,0.10489,0.10413,0.10452,1031310.0
1742947200000,2025-03-26 02:00:00,0.10452,0.10518,0.10413,0.1049,1210109.4
1742950800000,2025-03-26 03:00:00,0.1049,0.10578,0.10434,0.10557,1328759.2
1742954400000,2025-03-26 04:00:00,0.10557,0.10557,0.10366,0.10375,2531737.5
1742958000000,2025-03-26 05:00:00,0.10375,0.10425,0.10327,0.10379,526992.2
1742961600000,2025-03-26 06:00:00,0.10379,0.1043,0.10367,0.10424,603787.6
1742965200000,2025-03-26 07:00:00,0.10424,0.10544,0.10411,0.10518,902531.7
1742968800000,2025-03-26 08:00:00,0.10518,0.10649,0.10499,0.10628,2336359.6
1742972400000,2025-03-26 09:00:00,0.10628,0.10744,0.10607,0.10693,2322611.0
1742976000000,2025-03-26 10:00:00,0.10693,0.10749,0.10661,0.10669,1559712.5
1742979600000,2025-03-26 11:00:00,0.10669,0.10695,0.10625,0.10639,2113047.4
1742983200000,2025-03-26 12:00:00,0.10639,0.10808,0.10625,0.1077,2234478.2
1742986800000,2025-03-26 13:00:00,0.1077,0.10839,0.10762,0.10783,2458812.6
1742990400000,2025-03-26 14:00:00,0.10783,0.10786,0.107,0.1075,849021.1
1742994000000,2025-03-26 15:00:00,0.1075,0.10762,0.10507,0.10535,2920411.3
1742997600000,2025-03-26 16:00:00,0.10535,0.10621,0.10437,0.1053,4235001.0
1743001200000,2025-03-26 17:00:00,0.1053,0.1061,0.10472,0.10549,1353511.3
1743004800000,2025-03-26 18:00:00,0.10549,0.10619,0.10498,0.10504,1529065.2
1743008400000,2025-03-26 19:00:00,0.10504,0.10517,0.10394,0.10408,1427352.8
1743012000000,2025-03-26 20:00:00,0.10408,0.10497,0.10327,0.10336,1666399.5
1743015600000,2025-03-26 21:00:00,0.10336,0.10456,0.10262,0.10389,3917422.8
1743019200000,2025-03-26 22:00:00,0.10389,0.10486,0.10375,0.10456,1130382.7
1743022800000,2025-03-26 23:00:00,0.10456,0.10477,0.10311,0.10427,1808510.4
1743026400000,2025-03-27 00:00:00,0.10427,0.1044,0.10335,0.10406,796893.2
1743030000000,2025-03-27 01:00:00,0.10406,0.10422,0.10322,0.10394,917345.7
1743033600000,2025-03-27 02:00:00,0.10394,0.1053,0.1039,0.10497,938811.9
1743037200000,2025-03-27 03:00:00,0.10497,0.10615,0.10487,0.10593,848656.9
1743040800000,2025-03-27 04:00:00,0.10593,0.10718,0.10591,0.10686,3037208.2
1743044400000,2025-03-27 05:00:00,0.10686,0.10719,0.10665,0.10709,385620.3
1743048000000,2025-03-27 06:00:00,0.10709,0.10746,0.10653,0.10715,3823819.9
1743051600000,2025-03-27 07:00:00,0.10715,0.1072,0.10645,0.1065,530970.7
1743055200000,2025-03-27 08:00:00,0.1065,0.10698,0.1062,0.10627,512376.9
1743058800000,2025-03-27 09:00:00,0.10627,0.10699,0.10598,0.10675,1338351.4
1743062400000,2025-03-27 10:00:00,0.10675,0.10775,0.10623,0.10704,2007506.9
1743066000000,2025-03-27 11:00:00,0.10704,0.10704,0.1061,0.10629,1140283.5
1743069600000,2025-03-27 12:00:00,0.10629,0.10704,0.10559,0.10559,1511432.0
1743073200000,2025-03-27 13:00:00,0.10559,0.10619,0.10465,0.10494,2226250.3
1743076800000,2025-03-27 14:00:00,0.10494,0.10594,0.10437,0.10486,3625807.6
1743080400000,2025-03-27 15:00:00,0.10486,0.10523,0.10324,0.10445,1780886.6
1743084000000,2025-03-27 16:00:00,0.10445,0.10631,0.10392,0.10625,2779483.1
1743087600000,2025-03-27 17:00:00,0.10625,0.10655,0.10508,0.10543,2104556.3
1743091200000,2025-03-27 18:00:00,0.10543,0.10625,0.10473,0.10473,2176393.2
1743094800000,2025-03-27 19:00:00,0.10473,0.10524,0.10394,0.10401,1139989.4
1743098400000,2025-03-27 20:00:00,0.10401,0.10575,0.10391,0.10539,1593930.4
1743102000000,2025-03-27 21:00:00,0.10539,0.10596,0.10497,0.10502,4718217.8
1743105600000,2025-03-27 22:00:00,0.10502,0.10594,0.10486,0.10525,1768662.5
1743109200000,2025-03-27 23:00:00,0.10525,0.10574,0.10496,0.10557,398525.5
1743112800000,2025-03-28 00:00:00,0.10557,0.10596,0.10463,0.10468,334283.2
1743116400000,2025-03-28 01:00:00,0.10468,0.1047,0.10382,0.10425,1013030.0
1743120000000,2025-03-28 02:00:00,0.10425,0.10426,0.10222,0.10321,2989090.4
1743123600000,2025-03-28 03:00:00,0.10321,0.10422,0.10256,0.10331,2421343.7
1743127200000,2025-03-28 04:00:00,0.10331,0.10424,0.10314,0.10325,1147013.1
1743130800000,2025-03-28 05:00:00,0.10325,0.10327,0.10151,0.10194,1660390.6
1743134400000,2025-03-28 06:00:00,0.10194,0.10194,0.09887,0.09974,6014163.4
1743138000000,2025-03-28 07:00:00,0.09974,0.09974,0.0981,0.09821,1588988.2
1743141600000,2025-03-28 08:00:00,0.09821,0.09897,0.09772,0.09784,1436105.8
1743145200000,2025-03-28 09:00:00,0.09784,0.09805,0.097,0.09702,2032082.2
1743148800000,2025-03-28 10:00:00,0.09702,0.09749,0.09669,0.09701,2400633.0
1743152400000,2025-03-28 11:00:00,0.09701,0.09738,0.09646,0.09686,1343427.4
1743156000000,2025-03-28 12:00:00,0.09686,0.09703,0.09625,0.09629,685670.4
1743159600000,2025-03-28 13:00:00,0.09629,0.09737,0.0959,0.09725,3532904.7
1743163200000,2025-03-28 14:00:00,0.09725,0.0976,0.09605,0.09607,1845040.8
1743166800000,2025-03-28 15:00:00,0.09607,0.09726,0.09594,0.09604,1572620.7
1743170400000,2025-03-28 16:00:00,0.09604,0.09627,0.09529,0.09556,1518725.3
1743174000000,2025-03-28 17:00:00,0.09556,0.09576,0.09509,0.09515,890524.0
1743177600000,2025-03-28 18:00:00,0.09515,0.09535,0.09376,0.09409,2208075.0
1743181200000,2025-03-28 19:00:00,0.09409,0.09472,0.09394,0.09466,818835.9
1743184800000,2025-03-28 20:00:00,0.09466,0.09476,0.09418,0.09453,712080.7
1743188400000,2025-03-28 21:00:00,0.09453,0.09465,0.0937,0.094,683501.6
1743192000000,2025-03-28 22:00:00,0.094,0.09508,0.0939,0.09407,3428875.2
1743195600000,2025-03-28 23:00:00,0.09407,0.09469,0.09362,0.09468,578565.2
1743199200000,2025-03-29 00:00:00,0.09468,0.09563,0.09461,0.09559,1007522.8
1743202800000,2025-03-29 01:00:00,0.09559,0.09561,0.09478,0.09486,330689.1
1743206400000,2025-03-29 02:00:00,0.09486,0.09551,0.09459,0.09481,974333.2
1743210000000,2025-03-29 03:00:00,0.09481,0.09503,0.09426,0.0947,1030225.6
1743213600000,2025-03-29 04:00:00,0.0947,0.09475,0.09329,0.09335,1696258.8
1743217200000,2025-03-29 05:00:00,0.09335,0.09475,0.09237,0.09443,4398228.0
1743220800000,2025-03-29 06:00:00,0.09443,0.09498,0.09398,0.09416,1313578.2
1743224400000,2025-03-29 07:00:00,0.09416,0.09421,0.09327,0.09336,653012.0
1743228000000,2025-03-29 08:00:00,0.09336,0.09356,0.0924,0.09307,894214.1
1743231600000,2025-03-29 09:00:00,0.09307,0.09327,0.09192,0.09225,872897.4
1743235200000,2025-03-29 10:00:00,0.09225,0.09266,0.09193,0.09219,1842233.9
1743238800000,2025-03-29 11:00:00,0.09219,0.0926,0.09052,0.09157,2688707.7
1743242400000,2025-03-29 12:00:00,0.09157,0.09166,0.09095,0.09101,1246109.3
1743246000000,2025-03-29 13:00:00,0.09101,0.09153,0.0896,0.0903,3841022.6
1743249600000,2025-03-29 14:00:00,0.0903,0.09083,0.09021,0.09056,654583.5
1743253200000,2025-03-29 15:00:00,0.09056,0.09121,0.09039,0.09057,735421.5
1743256800000,2025-03-29 16:00:00,0.09057,0.09057,0.08958,0.09005,1170293.7
1743260400000,2025-03-29 17:00:00,0.09005,0.0905,0.08985,0.0899,744691.4
1743264000000,2025-03-29 18:00:00,0.0899,0.0902,0.08877,0.08883,2006413.8
1743267600000,2025-03-29 19:00:00,0.08883,0.08983,0.08803,0.08856,2559939.9
1743271200000,2025-03-29 20:00:00,0.08856,0.08889,0.0881,0.08813,1151676.2
1743274800000,2025-03-29 21:00:00,0.08813,0.08844,0.08747,0.08838,2565196.4
1743278400000,2025-03-29 22:00:00,0.08838,0.08844,0.08728,0.08756,795050.7
1743282000000,2025-03-29 23:00:00,0.08756,0.08868,0.08753,0.08813,835709.7
1743285600000,2025-03-30 00:00:00,0.08813,0.08844,0.08766,0.08786,654288.1
1743289200000,2025-03-30 01:00:00,0.08786,0.08854,0.08761,0.08846,234872.8
1743292800000,2025-03-30 02:00:00,0.08846,0.08878,0.08764,0.08866,1282768.4
1743296400000,2025-03-30 03:00:00,0.08866,0.09018,0.08866,0.08961,2077849.4
1743300000000,2025-03-30 04:00:00,0.08961,0.09037,0.08946,0.09015,1041255.4
1743303600000,2025-03-30 05:00:00,0.09015,0.09066,0.08993,0.08999,489435.7
1743307200000,2025-03-30 06:00:00,0.08999,0.09104,0.08996,0.09075,845278.5
1743310800000,2025-03-30 07:00:00,0.09075,0.09101,0.09024,0.09033,411699.8
1743314400000,2025-03-30 08:00:00,0.09033,0.09107,0.09017,0.09069,342653.1
1743318000000,2025-03-30 09:00:00,0.09069,0.09105,0.09058,0.09063,370077.0
1743321600000,2025-03-30 10:00:00,0.09063,0.09162,0.09063,0.09157,618708.4
1743325200000,2025-03-30 11:00:00,0.09157,0.09161,0.09111,0.09128,498766.1
1743328800000,2025-03-30 12:00:00,0.09128,0.09149,0.09012,0.09019,1000421.3
1743332400000,2025-03-30 13:00:00,0.09019,0.09088,0.09006,0.09035,794326.3
1743336000000,2025-03-30 14:00:00,0.09035,0.09106,0.09028,0.09051,896251.8
1743339600000,2025-03-30 15:00:00,0.09051,0.0908,0.08924,0.08947,2551208.6
1743343200000,2025-03-30 16:00:00,0.08947,0.08981,0.08901,0.08914,2015028.7
1743346800000,2025-03-30 17:00:00,0.08914,0.09006,0.08913,0.08944,722407.6
1743350400000,2025-03-30 18:00:00,0.08944,0.0897,0.08809,0.08831,847378.7
1743354000000,2025-03-30 19:00:00,0.08831,0.08916,0.08806,0.08886,666537.9
1743357600000,2025-03-30 20:00:00,0.08886,0.0903,0.08886,0.09027,994179.3
1743361200000,2025-03-30 21:00:00,0.09027,0.09057,0.08974,0.0898,416072.1
1743364800000,2025-03-30 22:00:00,0.0898,0.09,0.08939,0.08947,202938.8
1743368400000,2025-03-30 23:00:00,0.08947,0.08992,0.08863,0.0888,349626.3
1743372000000,2025-03-31 00:00:00,0.0888,0.08988,0.08752,0.08937,2078608.3
1743375600000,2025-03-31 01:00:00,0.08937,0.08945,0.08844,0.08907,1785005.7
1743379200000,2025-03-31 02:00:00,0.08907,0.08936,0.08666,0.08705,2341137.5
1743382800000,2025-03-31 03:00:00,0.08705,0.08911,0.08701,0.0889,762857.3
1743386400000,2025-03-31 04:00:00,0.0889,0.0889,0.08788,0.08816,964362.4
1743390000000,2025-03-31 05:00:00,0.08816,0.08849,0.08698,0.08701,793803.3
1743393600000,2025-03-31 06:00:00,0.08701,0.08807,0.08682,0.08791,773898.9
1743397200000,2025-03-31 07:00:00,0.08791,0.08872,0.08786,0.08817,685516.3
1743400800000,2025-03-31 08:00:00,0.08817,0.08843,0.08725,0.08732,481398.1
1743404400000,2025-03-31 09:00:00,0.08732,0.08786,0.08569,0.08638,1926481.4
1743408000000,2025-03-31 10:00:00,0.08638,0.08689,0.0856,0.08565,1059060.1
1743411600000,2025-03-31 11:00:00,0.08565,0.0862,0.08473,0.08517,3077077.2
1743415200000,2025-03-31 12:00:00,0.08517,0.08667,0.0845,0.08661,769332.0
1743418800000,2025-03-31 13:00:00,0.08661,0.08733,0.08575,0.08695,915059.6
1743422400000,2025-03-31 14:00:00,0.08695,0.08874,0.08641,0.08821,1632522.1
1743426000000,2025-03-31 15:00:00,0.08821,0.08829,0.08606,0.08698,1418404.7
1743429600000,2025-03-31 16:00:00,0.08698,0.08938,0.08698,0.08905,2457964.1
1743433200000,2025-03-31 17:00:00,0.08905,0.08961,0.08864,0.08864,2505040.6
1743436800000,2025-03-31 18:00:00,0.08864,0.08916,0.08835,0.08836,891831.2
1743440400000,2025-03-31 19:00:00,0.08836,0.08936,0.08782,0.08829,1004916.3
1743444000000,2025-03-31 20:00:00,0.08829,0.08978,0.08822,0.08928,789952.4
1743447600000,2025-03-31 21:00:00,0.08928,0.08957,0.08768,0.08786,1286743.3
1743451200000,2025-03-31 22:00:00,0.08786,0.08851,0.0874,0.08746,526264.1
1743454800000,2025-03-31 23:00:00,0.08746,0.08834,0.08745,0.08777,415235.1
1743458400000,2025-04-01 00:00:00,0.08777,0.08783,0.08719,0.08781,363003.3
1743462000000,2025-04-01 01:00:00,0.08781,0.08838,0.08767,0.08789,614615.2
1743465600000,2025-04-01 02:00:00,0.08789,0.08852,0.08774,0.08834,1272160.7
1743469200000,2025-04-01 03:00:00,0.08834,0.08843,0.08787,0.08815,1044262.0
1743472800000,2025-04-01 04:00:00,0.08815,0.08987,0.08815,0.08982,684267.7
1743476400000,2025-04-01 05:00:00,0.08982,0.09038,0.08973,0.09035,1303193.8
1743480000000,2025-04-01 06:00:00,0.09035,0.09073,0.08994,0.09067,1668940.4
1743483600000,2025-04-01 07:00:00,0.09067,0.09112,0.09035,0.09037,1387977.6
1743487200000,2025-04-01 08:00:00,0.09037,0.0917,0.09016,0.09122,2083280.1
1743490800000,2025-04-01 09:00:00,0.09122,0.09148,0.09079,0.09097,1474575.8
1743494400000,2025-04-01 10:00:00,0.09097,0.09309,0.09097,0.09262,3012785.6
1743498000000,2025-04-01 11:00:00,0.09262,0.0933,0.09259,0.0933,1540634.4
1743501600000,2025-04-01 12:00:00,0.0933,0.09335,0.09167,0.09169,2382669.8
1743505200000,2025-04-01 13:00:00,0.09169,0.0918,0.09036,0.09078,2284561.7
1743508800000,2025-04-01 14:00:00,0.09078,0.09128,0.09036,0.09082,1445072.8
1743512400000,2025-04-01 15:00:00,0.09082,0.09218,0.0908,0.09154,1864897.9
1743516000000,2025-04-01 16:00:00,0.09154,0.09215,0.08967,0.09179,2403746.6
1743519600000,2025-04-01 17:00:00,0.09179,0.09341,0.09177,0.09299,1845223.2
1743523200000,2025-04-01 18:00:00,0.09299,0.09331,0.09174,0.09197,1368337.6
1743526800000,2025-04-01 19:00:00,0.09197,0.09222,0.09138,0.09138,869873.9
1743530400000,2025-04-01 20:00:00,0.09138,0.09138,0.09038,0.09075,1193143.3
1743534000000,2025-04-01 21:00:00,0.09075,0.09075,0.09,0.09042,1583404.4
1743537600000,2025-04-01 22:00:00,0.09042,0.09046,0.08927,0.09006,2110446.7
1743541200000,2025-04-01 23:00:00,0.09006,0.09064,0.08978,0.09017,1892337.1
1743544800000,2025-04-02 00:00:00,0.09017,0.09052,0.08986,0.08995,4000254.2
1743548400000,2025-04-02 01:00:00,0.08995,0.09024,0.08933,0.08975,1663914.3
1743552000000,2025-04-02 02:00:00,0.08975,0.08977,0.08833,0.08848,1908116.6
1743555600000,2025-04-02 03:00:00,0.08848,0.08848,0.08768,0.08816,3051497.5
1743559200000,2025-04-02 04:00:00,0.08816,0.08835,0.08676,0.08735,1705381.3
1743562800000,2025-04-02 05:00:00,0.08735,0.0883,0.08727,0.08797,1067937.5
1743566400000,2025-04-02 06:00:00,0.08797,0.0881,0.08715,0.08751,901702.6
1743570000000,2025-04-02 07:00:00,0.08751,0.08751,0.08628,0.08634,1021151.6
1743573600000,2025-04-02 08:00:00,0.08634,0.0868,0.08605,0.08605,592128.6
1743577200000,2025-04-02 09:00:00,0.08605,0.0873,0.08602,0.08665,1602275.6
1743580800000,2025-04-02 10:00:00,0.08665,0.08757,0.08616,0.0873,1391598.5
1743584400000,2025-04-02 11:00:00,0.0873,0.08833,0.08715,0.08791,999375.6
1743588000000,2025-04-02 12:00:00,0.08791,0.08823,0.08701,0.08724,2582669.5
1743591600000,2025-04-02 13:00:00,0.08724,0.08738,0.08688,0.08694,1292685.0
1743595200000,2025-04-02 14:00:00,0.08694,0.08739,0.08646,0.08736,1427070.4
1743598800000,2025-04-02 15:00:00,0.08736,0.08839,0.08611,0.08717,2005964.5
1743602400000,2025-04-02 16:00:00,0.08717,0.08764,0.08656,0.08756,2049962.0
1743606000000,2025-04-02 17:00:00,0.08756,0.09011,0.0874,0.0895,5292149.7
1743609600000,2025-04-02 18:00:00,0.0895,0.0899,0.08834,0.08844,2461088.5
1743613200000,2025-04-02 19:00:00,0.08844,0.08872,0.08687,0.08742,1340532.5
1743616800000,2025-04-02 20:00:00,0.08742,0.08788,0.08713,0.08765,560162.0
1743620400000,2025-04-02 21:00:00,0.08765,0.0886,0.08741,0.08851,437015.1
1743624000000,2025-04-02 22:00:00,0.08851,0.09057,0.08594,0.08715,8375129.2
1743627600000,2025-04-02 23:00:00,0.08715,0.0874,0.08529,0.08581,1622700.3
1743631200000,2025-04-03 00:00:00,0.08581,0.08581,0.0813,0.08169,3900584.9
1743634800000,2025-04-03 01:00:00,0.08169,0.08317,0.08116,0.0826,1297683.6
1743638400000,2025-04-03 02:00:00,0.0826,0.08414,0.08162,0.08377,2823540.2
1743642000000,2025-04-03 03:00:00,0.08377,0.08476,0.08349,0.08439,1264983.7
1743645600000,2025-04-03 04:00:00,0.08439,0.085,0.08402,0.08488,1167929.3
1743649200000,2025-04-03 05:00:00,0.08488,0.0849,0.08411,0.08424,343985.1
1743652800000,2025-04-03 06:00:00,0.08424,0.08498,0.0841,0.08456,1135918.1
1743656400000,2025-04-03 07:00:00,0.08456,0.08501,0.08404,0.08404,607774.4
1743660000000,2025-04-03 08:00:00,0.08404,0.0842,0.08282,0.08283,1208367.3
1743663600000,2025-04-03 09:00:00,0.08283,0.08323,0.08207,0.08292,2766193.1
1743667200000,2025-04-03 10:00:00,0.08292,0.08354,0.08253,0.0831,2764542.0
1743670800000,2025-04-03 11:00:00,0.0831,0.08319,0.08239,0.08239,1085273.5
1743674400000,2025-04-03 12:00:00,0.08239,0.08258,0.08076,0.08081,2508305.4
1743678000000,2025-04-03 13:00:00,0.08081,0.08154,0.08032,0.08118,1625056.2
1743681600000,2025-04-03 14:00:00,0.08118,0.08144,0.07941,0.07982,3922273.7
1743685200000,2025-04-03 15:00:00,0.07982,0.08169,0.07972,0.08163,5904883.5
1743688800000,2025-04-03 16:00:00,0.08163,0.08163,0.0796,0.07979,3889004.7
1743692400000,2025-04-03 17:00:00,0.07979,0.08125,0.07975,0.08121,3804099.8
1743696000000,2025-04-03 18:00:00,0.08121,0.08183,0.0809,0.08093,3809754.3
1743699600000,2025-04-03 19:00:00,0.08093,0.08169,0.08087,0.08132,1444367.1
1743703200000,2025-04-03 20:00:00,0.08132,0.08247,0.08093,0.08202,2081369.3
1743706800000,2025-04-03 21:00:00,0.08202,0.08252,0.0818,0.08191,1785570.4
1743710400000,2025-04-03 22:00:00,0.08191,0.0828,0.08173,0.08255,1538343.3
1743714000000,2025-04-03 23:00:00,0.08255,0.08344,0.08243,0.08331,1563525.5
1743717600000,2025-04-04 00:00:00,0.08331,0.08336,0.08252,0.08282,687034.5
1743721200000,2025-04-04 01:00:00,0.08282,0.0832,0.08195,0.08297,2362459.8
1743724800000,2025-04-04 02:00:00,0.08297,0.08328,0.0824,0.08241,893523.6
1743728400000,2025-04-04 03:00:00,0.08241,0.08276,0.08147,0.08158,2206094.3
1743732000000,2025-04-04 04:00:00,0.08158,0.08299,0.08158,0.08262,2421039.7
1743735600000,2025-04-04 05:00:00,0.08262,0.08277,0.08216,0.08255,517979.4
1743739200000,2025-04-04 06:00:00,0.08255,0.08277,0.08225,0.08228,1605853.9
1743742800000,2025-04-04 07:00:00,0.08228,0.08373,0.08205,0.08366,1450455.2
1743746400000,2025-04-04 08:00:00,0.08366,0.08382,0.08296,0.08297,506617.9
1743750000000,2025-04-04 09:00:00,0.08297,0.08421,0.08294,0.084,2853391.3
1743753600000,2025-04-04 10:00:00,0.084,0.08489,0.08385,0.08437,1790999.4
1743757200000,2025-04-04 11:00:00,0.08437,0.08452,0.0839,0.08432,604877.1
1743760800000,2025-04-04 12:00:00,0.08432,0.08448,0.08132,0.08146,5288689.7
1743764400000,2025-04-04 13:00:00,0.08146,0.08172,0.08026,0.08148,1677907.2
1743768000000,2025-04-04 14:00:00,0.08148,0.08248,0.08066,0.08248,2884505.6
1743771600000,2025-04-04 15:00:00,0.08248,0.08336,0.08135,0.08309,4011715.1
1743775200000,2025-04-04 16:00:00,0.08309,0.08342,0.08139,0.08206,3775209.0
1743778800000,2025-04-04 17:00:00,0.08206,0.08384,0.08195,0.08226,6427794.9
1743782400000,2025-04-04 18:00:00,0.08226,0.0833,0.08214,0.0827,3641852.7
1743786000000,2025-04-04 19:00:00,0.0827,0.08421,0.08187,0.08385,3401022.8
1743789600000,2025-04-04 20:00:00,0.08385,0.08417,0.08283,0.08294,2194649.8
1743793200000,2025-04-04 21:00:00,0.08294,0.08345,0.08274,0.08315,617242.6
1743796800000,2025-04-04 22:00:00,0.08315,0.08347,0.08282,0.08325,968250.7
1743800400000,2025-04-04 23:00:00,0.08325,0.08392,0.08315,0.08367,1707513.8
1743804000000,2025-04-05 00:00:00,0.08367,0.08385,0.08337,0.0835,232470.6
1743807600000,2025-04-05 01:00:00,0.0835,0.0835,0.08281,0.08308,1147492.6
1743811200000,2025-04-05 02:00:00,0.08308,0.08377,0.08303,0.08369,876252.2
1743814800000,2025-04-05 03:00:00,0.08369,0.08401,0.0836,0.08361,331691.5
1743818400000,2025-04-05 04:00:00,0.08361,0.08361,0.08286,0.0829,586917.6
1743822000000,2025-04-05 05:00:00,0.0829,0.0829,0.0826,0.08267,420946.5
1743825600000,2025-04-05 06:00:00,0.08267,0.08311,0.08245,0.08249,284263.7
1743829200000,2025-04-05 07:00:00,0.08249,0.08262,0.08235,0.08243,830468.2
1743832800000,2025-04-05 08:00:00,0.08243,0.08269,0.08216,0.08237,514045.8
1743836400000,2025-04-05 09:00:00,0.08237,0.08294,0.08212,0.0829,830177.5
1743840000000,2025-04-05 10:00:00,0.0829,0.08328,0.08252,0.0826,1377241.1
1743843600000,2025-04-05 11:00:00,0.0826,0.08295,0.08255,0.08281,786097.6
1743847200000,2025-04-05 12:00:00,0.08281,0.08298,0.08228,0.0823,713329.9
1743850800000,2025-04-05 13:00:00,0.0823,0.08234,0.08178,0.08188,1246302.9
1743854400000,2025-04-05 14:00:00,0.08188,0.08195,0.08093,0.08136,1645973.9
1743858000000,2025-04-05 15:00:00,0.08136,0.08141,0.08048,0.08078,2366212.5
1743861600000,2025-04-05 16:00:00,0.08078,0.08132,0.08076,0.08107,1621587.2
1743865200000,2025-04-05 17:00:00,0.08107,0.08112,0.08027,0.08035,1860307.3
1743868800000,2025-04-05 18:00:00,0.08035,0.08068,0.08025,0.08038,470006.5
1743872400000,2025-04-05 19:00:00,0.08038,0.0809,0.08029,0.08062,1048360.5
1743876000000,2025-04-05 20:00:00,0.08062,0.08148,0.08061,0.08146,1319624.0
1743879600000,2025-04-05 21:00:00,0.08146,0.0815,0.08073,0.08078,1117900.5
1743883200000,2025-04-05 22:00:00,0.08078,0.08125,0.08043,0.08098,1120122.1
1743886800000,2025-04-05 23:00:00,0.08098,0.0811,0.08067,0.08078,671252.8
1743890400000,2025-04-06 00:00:00,0.08078,0.08133,0.08057,0.08133,290623.0
1743894000000,2025-04-06 01:00:00,0.08133,0.08196,0.08127,0.08181,692743.0
1743897600000,2025-04-06 02:00:00,0.08181,0.08199,0.08151,0.08165,333366.5
1743901200000,2025-04-06 03:00:00,0.08165,0.08206,0.08154,0.08158,294744.5
1743904800000,2025-04-06 04:00:00,0.08158,0.08163,0.08117,0.08121,425111.2
1743908400000,2025-04-06 05:00:00,0.08121,0.08141,0.08102,0.08139,304510.9
1743912000000,2025-04-06 06:00:00,0.08139,0.08188,0.08128,0.08178,358962.5
1743915600000,2025-04-06 07:00:00,0.08178,0.08237,0.08175,0.0823,882117.0
1743919200000,2025-04-06 08:00:00,0.0823,0.08242,0.08139,0.08139,686448.0
1743922800000,2025-04-06 09:00:00,0.08139,0.0815,0.0807,0.08093,1922067.7
1743926400000,2025-04-06 10:00:00,0.08093,0.08155,0.08049,0.08153,2291039.6
1743930000000,2025-04-06 11:00:00,0.08153,0.08172,0.08132,0.08139,762340.4
1743933600000,2025-04-06 12:00:00,0.08139,0.0815,0.08081,0.08099,840212.1
1743937200000,2025-04-06 13:00:00,0.08099,0.08123,0.08068,0.08107,1319214.6
1743940800000,2025-04-06 14:00:00,0.08107,0.08116,0.08007,0.08007,2380133.2
1743944400000,2025-04-06 15:00:00,0.08007,0.08036,0.07854,0.07865,3900349.8
1743948000000,2025-04-06 16:00:00,0.07865,0.07991,0.07832,0.07982,1818232.2
1743951600000,2025-04-06 17:00:00,0.07982,0.08002,0.07934,0.07963,708071.5
1743955200000,2025-04-06 18:00:00,0.07963,0.07963,0.07821,0.07843,2005264.2
1743958800000,2025-04-06 19:00:00,0.07843,0.07843,0.0762,0.07678,7037365.1
1743962400000,2025-04-06 20:00:00,0.07678,0.07686,0.07338,0.07399,8910350.1
1743966000000,2025-04-06 21:00:00,0.07399,0.0748,0.07326,0.07448,2872608.2
1743969600000,2025-04-06 22:00:00,0.07448,0.07454,0.07224,0.0725,3998760.3
1743973200000,2025-04-06 23:00:00,0.0725,0.07392,0.0723,0.07291,2406719.8
1743976800000,2025-04-07 00:00:00,0.07291,0.07422,0.07232,0.07292,2872305.9
1743980400000,2025-04-07 01:00:00,0.07292,0.07363,0.07135,0.07318,3386754.9
1743984000000,2025-04-07 02:00:00,0.07318,0.07343,0.07215,0.07288,3111042.7
1743987600000,2025-04-07 03:00:00,0.07288,0.07526,0.07288,0.07462,2627499.5
1743991200000,2025-04-07 04:00:00,0.07462,0.07474,0.07292,0.07312,1039141.7
1743994800000,2025-04-07 05:00:00,0.07312,0.07337,0.07058,0.07177,3487306.5
1743998400000,2025-04-07 06:00:00,0.07177,0.07265,0.07137,0.07202,3019850.8
1744002000000,2025-04-07 07:00:00,0.07202,0.07264,0.07126,0.07136,1951840.9
1744005600000,2025-04-07 08:00:00,0.07136,0.07206,0.0662,0.06691,16612909.5
1744009200000,2025-04-07 09:00:00,0.06691,0.06914,0.06678,0.06806,6597123.9
1744012800000,2025-04-07 10:00:00,0.06806,0.07106,0.06773,0.07038,5301296.0
1744016400000,2025-04-07 11:00:00,0.07038,0.07166,0.06983,0.07056,3205792.4
1744020000000,2025-04-07 12:00:00,0.07056,0.0722,0.07051,0.0712,2849158.5
1744023600000,2025-04-07 13:00:00,0.0712,0.07188,0.07042,0.07076,1967392.2
1744027200000,2025-04-07 14:00:00,0.07076,0.07304,0.07067,0.07261,3885733.0
1744030800000,2025-04-07 15:00:00,0.07261,0.07521,0.07094,0.07467,9486601.8
1744034400000,2025-04-07 16:00:00,0.07467,0.07796,0.07336,0.07439,18254567.7
1744038000000,2025-04-07 17:00:00,0.07439,0.07481,0.07299,0.07397,4689038.4
1744041600000,2025-04-07 18:00:00,0.07397,0.07416,0.07249,0.0726,4676080.5
1744045200000,2025-04-07 19:00:00,0.0726,0.07516,0.0726,0.07493,5682819.7
1744048800000,2025-04-07 20:00:00,0.07493,0.07495,0.07393,0.07406,2180861.9
1744052400000,2025-04-07 21:00:00,0.07406,0.07475,0.07366,0.07376,2510496.7
1744056000000,2025-04-07 22:00:00,0.07376,0.0753,0.07376,0.07486,1119283.6
1744059600000,2025-04-07 23:00:00,0.07486,0.07563,0.07452,0.07517,1283791.4
1744063200000,2025-04-08 00:00:00,0.07517,0.07598,0.07509,0.07544,2790981.7
1744066800000,2025-04-08 01:00:00,0.07544,0.07559,0.07456,0.07475,823829.1
1744070400000,2025-04-08 02:00:00,0.07475,0.07516,0.07441,0.07442,2183694.0
1744074000000,2025-04-08 03:00:00,0.07442,0.07663,0.0742,0.0765,1415234.4
1744077600000,2025-04-08 04:00:00,0.0765,0.07712,0.07604,0.07611,683719.4
1744081200000,2025-04-08 05:00:00,0.07611,0.07645,0.07567,0.0758,843505.0
1744084800000,2025-04-08 06:00:00,0.0758,0.07635,0.07574,0.07625,598635.2
1744088400000,2025-04-08 07:00:00,0.07625,0.07639,0.07538,0.07556,791406.6
1744092000000,2025-04-08 08:00:00,0.07556,0.07556,0.07469,0.07478,1010331.2
1744095600000,2025-04-08 09:00:00,0.07478,0.07496,0.07439,0.07467,720049.9
1744099200000,2025-04-08 10:00:00,0.07467,0.0747,0.07385,0.07433,1409879.3
1744102800000,2025-04-08 11:00:00,0.07433,0.07492,0.07413,0.0745,1695827.5
1744106400000,2025-04-08 12:00:00,0.0745,0.0751,0.07437,0.07464,648184.6
1744110000000,2025-04-08 13:00:00,0.07464,0.07644,0.07447,0.07637,2860706.5
1744113600000,2025-04-08 14:00:00,0.07637,0.07673,0.07563,0.07596,2116038.7
1744117200000,2025-04-08 15:00:00,0.07596,0.07702,0.07582,0.07647,1780833.2
1744120800000,2025-04-08 16:00:00,0.07647,0.07706,0.07459,0.07464,2586457.0
1744124400000,2025-04-08 17:00:00,0.07464,0.07516,0.07443,0.07489,1933723.8
1744128000000,2025-04-08 18:00:00,0.07489,0.07493,0.07266,0.07292,3948892.0
1744131600000,2025-04-08 19:00:00,0.07292,0.07315,0.07147,0.07293,4725234.1
1744135200000,2025-04-08 20:00:00,0.07293,0.07376,0.07254,0.07292,1944921.4
1744138800000,2025-04-08 21:00:00,0.07292,0.07319,0.07187,0.07211,2534756.4
1744142400000,2025-04-08 22:00:00,0.07211,0.073,0.07163,0.07275,1465268.4
1744146000000,2025-04-08 23:00:00,0.07275,0.07304,0.07197,0.0728,886358.7
1744149600000,2025-04-09 00:00:00,0.0728,0.0728,0.07141,0.07214,1209818.3
1744153200000,2025-04-09 01:00:00,0.07214,0.07218,0.07134,0.07174,1881002.7
1744156800000,2025-04-09 02:00:00,0.07174,0.07248,0.07114,0.07132,3028001.6
1744160400000,2025-04-09 03:00:00,0.07132,0.07236,0.06915,0.0722,4381798.6
1744164000000,2025-04-09 04:00:00,0.0722,0.07275,0.07171,0.07182,1448790.7
1744167600000,2025-04-09 05:00:00,0.07182,0.07229,0.07147,0.07213,1450230.9
1744171200000,2025-04-09 06:00:00,0.07213,0.0735,0.07194,0.07272,1729308.0
1744174800000,2025-04-09 07:00:00,0.07272,0.07334,0.07262,0.07278,1646152.7
1744178400000,2025-04-09 08:00:00,0.07278,0.07365,0.07277,0.07306,867140.9
1744182000000,2025-04-09 09:00:00,0.07306,0.07422,0.07304,0.07369,3306344.6
1744185600000,2025-04-09 10:00:00,0.07369,0.07395,0.07321,0.0737,1996679.9
1744189200000,2025-04-09 11:00:00,0.0737,0.0739,0.07299,0.07318,1021500.2
1744192800000,2025-04-09 12:00:00,0.07318,0.07374,0.07281,0.07347,781533.2
1744196400000,2025-04-09 13:00:00,0.07347,0.07351,0.07148,0.07189,3830164.3
1744200000000,2025-04-09 14:00:00,0.07189,0.07277,0.07129,0.07234,2220424.1
1744203600000,2025-04-09 15:00:00,0.07234,0.07396,0.07216,0.07332,3097174.1
1744207200000,2025-04-09 16:00:00,0.07332,0.0739,0.07254,0.07256,1641255.5
1744210800000,2025-04-09 17:00:00,0.07256,0.07341,0.0725,0.07294,741485.4
1744214400000,2025-04-09 18:00:00,0.07294,0.0735,0.07228,0.07301,8626148.5
1744218000000,2025-04-09 19:00:00,0.07301,0.07891,0.07229,0.07877,17694066.3
1744221600000,2025-04-09 20:00:00,0.07877,0.07952,0.07805,0.07806,7182473.0
1744225200000,2025-04-09 21:00:00,0.07806,0.07933,0.07805,0.07919,2958433.1
1744228800000,2025-04-09 22:00:00,0.07919,0.08051,0.07915,0.08048,2042874.2
1744232400000,2025-04-09 23:00:00,0.08048,0.08082,0.0797,0.08074,2272261.7
1744236000000,2025-04-10 00:00:00,0.08074,0.08103,0.08045,0.08047,1406278.8
1744239600000,2025-04-10 01:00:00,0.08047,0.08057,0.07984,0.08015,1097827.7
1744243200000,2025-04-10 02:00:00,0.08015,0.08016,0.07875,0.07931,1653261.4
1744246800000,2025-04-10 03:00:00,0.07931,0.07961,0.07887,0.07908,1064632.6
1744250400000,2025-04-10 04:00:00,0.07908,0.07954,0.07892,0.07919,681119.8
1744254000000,2025-04-10 05:00:00,0.07919,0.07933,0.07738,0.07817,2828719.0
1744257600000,2025-04-10 06:00:00,0.07817,0.07827,0.07746,0.07822,991104.1
1744261200000,2025-04-10 07:00:00,0.07822,0.07876,0.07819,0.07857,1161198.5
1744264800000,2025-04-10 08:00:00,0.07857,0.07912,0.0785,0.07891,1109004.8
1744268400000,2025-04-10 09:00:00,0.07891,0.07912,0.07777,0.0782,1045612.8
1744272000000,2025-04-10 10:00:00,0.0782,0.07837,0.07779,0.07804,656138.8
1744275600000,2025-04-10 11:00:00,0.07804,0.07832,0.07767,0.07809,989352.8
1744279200000,2025-04-10 12:00:00,0.07809,0.0782,0.07739,0.07772,652825.6
1744282800000,2025-04-10 13:00:00,0.07772,0.07777,0.07699,0.07763,757669.6
1744286400000,2025-04-10 14:00:00,0.07763,0.07935,0.07746,0.07791,6381546.0
1744290000000,2025-04-10 15:00:00,0.07791,0.07846,0.07682,0.0772,3001719.6
1744293600000,2025-04-10 16:00:00,0.0772,0.07827,0.07675,0.07755,1738280.8
1744297200000,2025-04-10 17:00:00,0.07755,0.0777,0.07471,0.07503,3597862.5
1744300800000,2025-04-10 18:00:00,0.07503,0.07579,0.07457,0.07565,3640325.7
1744304400000,2025-04-10 19:00:00,0.07565,0.07628,0.07489,0.07582,3336128.9
1744308000000,2025-04-10 20:00:00,0.07582,0.07635,0.07557,0.07627,746889.0
1744311600000,2025-04-10 21:00:00,0.07627,0.07634,0.07552,0.07572,1674507.4
1744315200000,2025-04-10 22:00:00,0.07572,0.07666,0.07572,0.07642,1159374.0
1744318800000,2025-04-10 23:00:00,0.07642,0.07657,0.07589,0.0761,610360.4
1744322400000,2025-04-11 00:00:00,0.0761,0.07658,0.07593,0.07612,794258.9
1744326000000,2025-04-11 01:00:00,0.07612,0.07641,0.07569,0.07622,794982.0
1744329600000,2025-04-11 02:00:00,0.07622,0.07691,0.07606,0.07608,1235260.8
1744333200000,2025-04-11 03:00:00,0.07608,0.07771,0.07606,0.0777,1541337.0
1744336800000,2025-04-11 04:00:00,0.0777,0.07829,0.07738,0.07769,946380.0
1744340400000,2025-04-11 05:00:00,0.07769,0.07844,0.07769,0.07811,1649339.3
1744344000000,2025-04-11 06:00:00,0.07811,0.07881,0.0781,0.07828,1062708.8
1744347600000,2025-04-11 07:00:00,0.07828,0.07853,0.0779,0.07848,1183012.5
1744351200000,2025-04-11 08:00:00,0.07848,0.07916,0.07848,0.07863,1211423.6
1744354800000,2025-04-11 09:00:00,0.07863,0.07894,0.07825,0.07854,751892.9
1744358400000,2025-04-11 10:00:00,0.07854,0.07909,0.07811,0.07869,2000819.7
1744362000000,2025-04-11 11:00:00,0.07869,0.07913,0.07816,0.07902,919449.7
1744365600000,2025-04-11 12:00:00,0.07902,0.07982,0.07886,0.07948,2084009.0
1744369200000,2025-04-11 13:00:00,0.07948,0.07974,0.07849,0.07869,1960775.0
1744372800000,2025-04-11 14:00:00,0.07869,0.07948,0.0783,0.07876,5116364.0
1744376400000,2025-04-11 15:00:00,0.07876,0.07994,0.07831,0.07945,3091393.5
1744380000000,2025-04-11 16:00:00,0.07945,0.07945,0.07796,0.07874,16848528.1
1744383600000,2025-04-11 17:00:00,0.07874,0.07926,0.0784,0.07902,5443953.8
1744387200000,2025-04-11 18:00:00,0.07902,0.07958,0.07855,0.07909,4412018.2
1744390800000,2025-04-11 19:00:00,0.07909,0.07994,0.07888,0.07976,3490752.0
1744394400000,2025-04-11 20:00:00,0.07976,0.08007,0.07912,0.07915,1442778.0
1744398000000,2025-04-11 21:00:00,0.07915,0.07946,0.07912,0.07919,672278.5
1744401600000,2025-04-11 22:00:00,0.07919,0.07973,0.07913,0.07962,1207399.4
1744405200000,2025-04-11 23:00:00,0.07962,0.0805,0.07961,0.07995,1752779.2
1744408800000,2025-04-12 00:00:00,0.07995,0.08024,0.07971,0.07971,736993.2
1744412400000,2025-04-12 01:00:00,0.07971,0.07971,0.07904,0.07924,1013535.0
1744416000000,2025-04-12 02:00:00,0.07924,0.07959,0.07899,0.07904,1082456.6
1744419600000,2025-04-12 03:00:00,0.07904,0.07935,0.07897,0.07907,748066.3
1744423200000,2025-04-12 04:00:00,0.07907,0.07921,0.07859,0.07859,750909.9
1744426800000,2025-04-12 05:00:00,0.07859,0.07946,0.07855,0.07924,2562840.6
1744430400000,2025-04-12 06:00:00,0.07924,0.08003,0.07893,0.07984,1440957.0
1744434000000,2025-04-12 07:00:00,0.07984,0.08006,0.0797,0.07973,520748.1
1744437600000,2025-04-12 08:00:00,0.07973,0.08041,0.07972,0.08008,517834.6
1744441200000,2025-04-12 09:00:00,0.08008,0.08025,0.07976,0.07983,504854.6
1744444800000,2025-04-12 10:00:00,0.07983,0.08053,0.07975,0.07991,997033.5
1744448400000,2025-04-12 11:00:00,0.07991,0.08032,0.07982,0.08011,855875.3
1744452000000,2025-04-12 12:00:00,0.08011,0.08011,0.07951,0.0798,562097.4
1744455600000,2025-04-12 13:00:00,0.0798,0.08061,0.07979,0.08029,1215596.0
1744459200000,2025-04-12 14:00:00,0.08029,0.08087,0.08014,0.08083,2006843.9
1744462800000,2025-04-12 15:00:00,0.08083,0.08184,0.08063,0.08161,3164381.7
1744466400000,2025-04-12 16:00:00,0.08161,0.08268,0.0814,0.08221,4147426.4
1744470000000,2025-04-12 17:00:00,0.08221,0.08384,0.08213,0.08312,4319684.8
1744473600000,2025-04-12 18:00:00,0.08312,0.08351,0.08247,0.08259,1735101.3
1744477200000,2025-04-12 19:00:00,0.08259,0.08284,0.08219,0.08239,1014872.1
1744480800000,2025-04-12 20:00:00,0.08239,0.08295,0.08239,0.08277,410031.8
1744484400000,2025-04-12 21:00:00,0.08277,0.08283,0.08225,0.08271,912970.2
1744488000000,2025-04-12 22:00:00,0.08271,0.08327,0.08242,0.08297,1177607.0
1744491600000,2025-04-12 23:00:00,0.08297,0.08304,0.08262,0.08262,492563.1
1744495200000,2025-04-13 00:00:00,0.08262,0.08312,0.08259,0.08271,479791.6
1744498800000,2025-04-13 01:00:00,0.08271,0.08278,0.08218,0.0823,718677.9
1744502400000,2025-04-13 02:00:00,0.0823,0.0827,0.08193,0.0824,827493.2
1744506000000,2025-04-13 03:00:00,0.0824,0.08252,0.08145,0.08153,1011083.8
1744509600000,2025-04-13 04:00:00,0.08153,0.08185,0.08127,0.08182,552247.9
1744513200000,2025-04-13 05:00:00,0.08182,0.08186,0.08144,0.0816,232056.3
1744516800000,2025-04-13 06:00:00,0.0816,0.0816,0.08064,0.08074,1341029.2
1744520400000,2025-04-13 07:00:00,0.08074,0.08093,0.08043,0.08072,556937.4
1744524000000,2025-04-13 08:00:00,0.08072,0.08134,0.0807,0.08119,369582.1
1744527600000,2025-04-13 09:00:00,0.08119,0.0815,0.08097,0.0811,471613.7
1744531200000,2025-04-13 10:00:00,0.0811,0.08154,0.08087,0.08151,678203.4
1744534800000,2025-04-13 11:00:00,0.08151,0.08275,0.08133,0.08272,1326004.2
1744538400000,2025-04-13 12:00:00,0.08272,0.08281,0.08177,0.08215,1404033.7
1744542000000,2025-04-13 13:00:00,0.08215,0.08228,0.08138,0.08181,1157481.6
1744545600000,2025-04-13 14:00:00,0.08181,0.08198,0.08117,0.08123,918610.5
1744549200000,2025-04-13 15:00:00,0.08123,0.08148,0.08013,0.08033,4332755.8
1744552800000,2025-04-13 16:00:00,0.08033,0.08101,0.08019,0.08092,1111757.8
1744556400000,2025-04-13 17:00:00,0.08092,0.08092,0.08028,0.08057,1068681.5
1744560000000,2025-04-13 18:00:00,0.08057,0.08139,0.08055,0.08125,1063614.9
1744563600000,2025-04-13 19:00:00,0.08125,0.08289,0.08112,0.08261,2522669.1
1744567200000,2025-04-13 20:00:00,0.08261,0.08298,0.08216,0.08221,1006223.3
1744570800000,2025-04-13 21:00:00,0.08221,0.08222,0.07877,0.0798,5609620.9
1744574400000,2025-04-13 22:00:00,0.0798,0.0808,0.07911,0.07925,1967362.6
1744578000000,2025-04-13 23:00:00,0.07925,0.07934,0.07802,0.07909,1737231.3
1744581600000,2025-04-14 00:00:00,0.07909,0.0792,0.07775,0.07791,2449705.2
1744585200000,2025-04-14 01:00:00,0.07791,0.07886,0.07771,0.07865,881469.6
1744588800000,2025-04-14 02:00:00,0.07865,0.08049,0.0784,0.07942,2058005.1
1744592400000,2025-04-14 03:00:00,0.07942,0.07982,0.07909,0.07928,603565.7
1744596000000,2025-04-14 04:00:00,0.07928,0.08131,0.07901,0.08035,2931729.9
1744599600000,2025-04-14 05:00:00,0.08035,0.08039,0.07905,0.07917,1604361.3
1744603200000,2025-04-14 06:00:00,0.07917,0.07993,0.07905,0.07975,1268213.3
1744606800000,2025-04-14 07:00:00,0.07975,0.07997,0.0788,0.07895,993497.7
1744610400000,2025-04-14 08:00:00,0.07895,0.07899,0.07835,0.07857,1044983.0
1744614000000,2025-04-14 09:00:00,0.07857,0.07898,0.07803,0.07889,2245955.5
1744617600000,2025-04-14 10:00:00,0.07889,0.07943,0.07861,0.0792,1891245.5
1744621200000,2025-04-14 11:00:00,0.0792,0.0793,0.07842,0.07885,2505243.5
1744624800000,2025-04-14 12:00:00,0.07885,0.08042,0.07879,0.08029,3381703.1
1744628400000,2025-04-14 13:00:00,0.08029,0.08092,0.08023,0.08072,2106436.2
1744632000000,2025-04-14 14:00:00,0.08072,0.08103,0.08039,0.08079,2787182.0
1744635600000,2025-04-14 15:00:00,0.08079,0.08113,0.07897,0.07922,3815130.6
1744639200000,2025-04-14 16:00:00,0.07922,0.08136,0.07918,0.08088,3901106.9
1744642800000,2025-04-14 17:00:00,0.08088,0.08096,0.07809,0.07835,4539743.3
1744646400000,2025-04-14 18:00:00,0.07835,0.07873,0.07764,0.0781,2534188.3
1744650000000,2025-04-14 19:00:00,0.0781,0.07935,0.07808,0.07885,3358137.6
1744653600000,2025-04-14 20:00:00,0.07885,0.07936,0.07837,0.07878,5159271.6
1744657200000,2025-04-14 21:00:00,0.07878,0.07928,0.07858,0.07884,1669027.3
1744660800000,2025-04-14 22:00:00,0.07884,0.07906,0.07814,0.07859,3195331.9
1744664400000,2025-04-14 23:00:00,0.07859,0.0787,0.07741,0.07851,1363274.2
1744668000000,2025-04-15 00:00:00,0.07851,0.07876,0.07815,0.07819,577535.1
1744671600000,2025-04-15 01:00:00,0.07819,0.07849,0.07795,0.07817,754005.3
1744675200000,2025-04-15 02:00:00,0.07817,0.07859,0.07776,0.07835,1105537.5
1744678800000,2025-04-15 03:00:00,0.07835,0.0789,0.07763,0.07877,1025635.5
1744682400000,2025-04-15 04:00:00,0.07877,0.07909,0.078,0.07868,1436534.3
1744686000000,2025-04-15 05:00:00,0.07868,0.07955,0.07862,0.07939,950153.0
1744689600000,2025-04-15 06:00:00,0.07939,0.0797,0.07922,0.07965,734015.7
1744693200000,2025-04-15 07:00:00,0.07965,0.08013,0.0796,0.0796,743070.8
1744696800000,2025-04-15 08:00:00,0.0796,0.07971,0.07921,0.07949,746410.2
1744700400000,2025-04-15 09:00:00,0.07949,0.0802,0.07949,0.07999,871686.1
1744704000000,2025-04-15 10:00:00,0.07999,0.08045,0.07978,0.07979,932062.1
1744707600000,2025-04-15 11:00:00,0.07979,0.08042,0.07975,0.08029,964000.6
1744711200000,2025-04-15 12:00:00,0.08029,0.08055,0.07928,0.07964,1138769.1
1744714800000,2025-04-15 13:00:00,0.07964,0.07964,0.07886,0.07907,4119032.7
1744718400000,2025-04-15 14:00:00,0.07907,0.07947,0.07891,0.07943,1252345.6
1744722000000,2025-04-15 15:00:00,0.07943,0.08057,0.07902,0.07933,3100952.2
1744725600000,2025-04-15 16:00:00,0.07933,0.0797,0.07815,0.07867,4432418.8
1744729200000,2025-04-15 17:00:00,0.07867,0.07928,0.07847,0.07875,1182674.5
1744732800000,2025-04-15 18:00:00,0.07875,0.07893,0.07813,0.07822,2222674.0
1744736400000,2025-04-15 19:00:00,0.07822,0.07853,0.07775,0.07801,1762526.5
1744740000000,2025-04-15 20:00:00,0.07801,0.0782,0.07699,0.07785,4364972.3
1744743600000,2025-04-15 21:00:00,0.07785,0.07813,0.0774,0.0778,1172706.7
1744747200000,2025-04-15 22:00:00,0.0778,0.07839,0.07723,0.0778,2296689.2
1744750800000,2025-04-15 23:00:00,0.0778,0.07852,0.07754,0.07824,2105909.6
1744754400000,2025-04-16 00:00:00,0.07824,0.07824,0.07702,0.07729,2122697.5
1744758000000,2025-04-16 01:00:00,0.07729,0.07748,0.07717,0.07743,1049460.6
1744761600000,2025-04-16 02:00:00,0.07743,0.07796,0.07696,0.07734,1548420.2
1744765200000,2025-04-16 03:00:00,0.07734,0.07854,0.0773,0.07831,844012.2
1744768800000,2025-04-16 04:00:00,0.07831,0.0786,0.07805,0.07833,715534.3
1744772400000,2025-04-16 05:00:00,0.07833,0.07857,0.07801,0.07807,384244.3
1744776000000,2025-04-16 06:00:00,0.07807,0.07812,0.07751,0.07792,480661.8
1744779600000,2025-04-16 07:00:00,0.07792,0.07851,0.07722,0.07756,1208137.6
1744783200000,2025-04-16 08:00:00,0.07756,0.0781,0.07743,0.07779,678980.8
1744786800000,2025-04-16 09:00:00,0.07779,0.07788,0.07668,0.07681,1839907.6
1744790400000,2025-04-16 10:00:00,0.07681,0.07783,0.07614,0.07727,2686049.3
1744794000000,2025-04-16 11:00:00,0.07727,0.07761,0.07674,0.07678,769769.5
1744797600000,2025-04-16 12:00:00,0.07678,0.07748,0.07655,0.07729,1127867.2
1744801200000,2025-04-16 13:00:00,0.07729,0.07769,0.0768,0.07737,1025639.7
1744804800000,2025-04-16 14:00:00,0.07737,0.0777,0.07648,0.07681,1211731.5
1744808400000,2025-04-16 15:00:00,0.07681,0.0774,0.07642,0.07661,1278053.1
1744812000000,2025-04-16 16:00:00,0.07661,0.07828,0.07656,0.07767,2075992.9
1744815600000,2025-04-16 17:00:00,0.07767,0.07865,0.0774,0.07747,1195246.5
1744819200000,2025-04-16 18:00:00,0.07747,0.07752,0.07627,0.07714,2137625.6
1744822800000,2025-04-16 19:00:00,0.07714,0.07784,0.07483,0.07511,9418775.0
1744826400000,2025-04-16 20:00:00,0.07511,0.07705,0.07507,0.07626,6134439.0
1744830000000,2025-04-16 21:00:00,0.07626,0.07749,0.07571,0.07723,2546260.9
1744833600000,2025-04-16 22:00:00,0.07723,0.07787,0.07639,0.07648,1413216.3
1744837200000,2025-04-16 23:00:00,0.07648,0.07708,0.07637,0.07681,2031271.0
1744840800000,2025-04-17 00:00:00,0.07681,0.07696,0.07655,0.07683,301241.2
1744844400000,2025-04-17 01:00:00,0.07683,0.07686,0.0759,0.07627,571315.0
1744848000000,2025-04-17 02:00:00,0.07627,0.07633,0.07569,0.07606,1371775.9
1744851600000,2025-04-17 03:00:00,0.07606,0.07683,0.0759,0.07643,982594.4
1744855200000,2025-04-17 04:00:00,0.07643,0.07646,0.07596,0.07623,693978.1
1744858800000,2025-04-17 05:00:00,0.07623,0.07637,0.07553,0.07587,1102104.1
1744862400000,2025-04-17 06:00:00,0.07587,0.07638,0.07561,0.07635,664833.6
1744866000000,2025-04-17 07:00:00,0.07635,0.0773,0.07631,0.07698,579199.2
1744869600000,2025-04-17 08:00:00,0.07698,0.0779,0.07695,0.07751,588809.9
1744873200000,2025-04-17 09:00:00,0.07751,0.07791,0.07731,0.07744,850055.5
1744876800000,2025-04-17 10:00:00,0.07744,0.07755,0.07683,0.07687,939544.9
1744880400000,2025-04-17 11:00:00,0.07687,0.07716,0.07665,0.07687,559865.2
1744884000000,2025-04-17 12:00:00,0.07687,0.07688,0.07629,0.0767,1226776.5
1744887600000,2025-04-17 13:00:00,0.0767,0.0771,0.07666,0.07666,1737388.0
1744891200000,2025-04-17 14:00:00,0.07666,0.07735,0.07664,0.0771,2078210.3
1744894800000,2025-04-17 15:00:00,0.0771,0.07714,0.07651,0.07665,1617883.8
1744898400000,2025-04-17 16:00:00,0.07665,0.07671,0.07507,0.07548,1860838.0
1744902000000,2025-04-17 17:00:00,0.07548,0.07687,0.07547,0.07665,2844277.4
1744905600000,2025-04-17 18:00:00,0.07665,0.07799,0.0763,0.07769,3695341.8
1744909200000,2025-04-17 19:00:00,0.07769,0.07806,0.07739,0.07779,1218655.5
1744912800000,2025-04-17 20:00:00,0.07779,0.07819,0.07746,0.07746,849442.3
1744916400000,2025-04-17 21:00:00,0.07746,0.07766,0.07636,0.07677,2479039.5
1744920000000,2025-04-17 22:00:00,0.07677,0.07733,0.07656,0.07688,2053022.1
1744923600000,2025-04-17 23:00:00,0.07688,0.07692,0.07598,0.07605,1703535.5
1744927200000,2025-04-18 00:00:00,0.07605,0.07635,0.07501,0.07507,1241533.8
1744930800000,2025-04-18 01:00:00,0.07507,0.07575,0.07503,0.07561,1059583.0
1744934400000,2025-04-18 02:00:00,0.07561,0.07565,0.07503,0.07512,1472911.4
1744938000000,2025-04-18 03:00:00,0.07512,0.07622,0.07498,0.07595,989274.6
1744941600000,2025-04-18 04:00:00,0.07595,0.07665,0.07574,0.07649,918874.7
1744945200000,2025-04-18 05:00:00,0.07649,0.07687,0.07615,0.07679,848667.0
1744948800000,2025-04-18 06:00:00,0.07679,0.07738,0.07648,0.07722,1433236.9
1744952400000,2025-04-18 07:00:00,0.07722,0.07785,0.07701,0.07785,520397.4
1744956000000,2025-04-18 08:00:00,0.07785,0.07787,0.07707,0.07728,972302.3
1744959600000,2025-04-18 09:00:00,0.07728,0.07774,0.0771,0.07758,1563389.4
1744963200000,2025-04-18 10:00:00,0.07758,0.07803,0.07758,0.07775,914479.8
1744966800000,2025-04-18 11:00:00,0.07775,0.0778,0.07742,0.07746,766075.3
1744970400000,2025-04-18 12:00:00,0.07746,0.07765,0.07711,0.0772,658850.1
1744974000000,2025-04-18 13:00:00,0.0772,0.07759,0.07717,0.07751,737432.8
1744977600000,2025-04-18 14:00:00,0.07751,0.07818,0.07743,0.07792,1313439.5
1744981200000,2025-04-18 15:00:00,0.07792,0.07797,0.0775,0.07768,690320.5
1744984800000,2025-04-18 16:00:00,0.07768,0.07792,0.0773,0.07752,1431180.2
1744988400000,2025-04-18 17:00:00,0.07752,0.07765,0.07701,0.07721,1759142.1
1744992000000,2025-04-18 18:00:00,0.07721,0.07735,0.07706,0.07729,695507.9
1744995600000,2025-04-18 19:00:00,0.07729,0.07756,0.0771,0.07753,673153.0
1744999200000,2025-04-18 20:00:00,0.07753,0.07837,0.07729,0.07826,2458571.6
1745002800000,2025-04-18 21:00:00,0.07826,0.0784,0.07794,0.07814,1169084.3
1745006400000,2025-04-18 22:00:00,0.07814,0.07833,0.07775,0.07801,1013772.5
1745010000000,2025-04-18 23:00:00,0.07801,0.0786,0.0779,0.07816,403433.3
1745013600000,2025-04-19 00:00:00,0.07816,0.07818,0.07727,0.07767,2169985.8
1745017200000,2025-04-19 01:00:00,0.07767,0.07784,0.07749,0.07779,467180.2
1745020800000,2025-04-19 02:00:00,0.07779,0.07849,0.07777,0.07845,794512.6
1745024400000,2025-04-19 03:00:00,0.07845,0.0795,0.07842,0.0795,1406502.2
1745028000000,2025-04-19 04:00:00,0.0795,0.08022,0.0795,0.07984,1572547.4
1745031600000,2025-04-19 05:00:00,0.07984,0.08077,0.07983,0.08061,2317621.9
1745035200000,2025-04-19 06:00:00,0.08061,0.08077,0.08018,0.08032,1220348.7
1745038800000,2025-04-19 07:00:00,0.08032,0.08073,0.08017,0.08062,554585.7
1745042400000,2025-04-19 08:00:00,0.08062,0.08092,0.08014,0.08045,1697078.7
1745046000000,2025-04-19 09:00:00,0.08045,0.08115,0.08045,0.08094,940013.7
1745049600000,2025-04-19 10:00:00,0.08094,0.08133,0.08093,0.08097,1474488.0
1745053200000,2025-04-19 11:00:00,0.08097,0.08145,0.08047,0.08056,731630.5
1745056800000,2025-04-19 12:00:00,0.08056,0.081,0.08042,0.08076,3218096.7
1745060400000,2025-04-19 13:00:00,0.08076,0.08116,0.08047,0.08074,2912977.3
1745064000000,2025-04-19 14:00:00,0.08074,0.08088,0.08038,0.08043,699651.7
1745067600000,2025-04-19 15:00:00,0.08043,0.08081,0.08024,0.08068,563671.5
1745071200000,2025-04-19 16:00:00,0.08068,0.08077,0.08047,0.08062,869819.8
1745074800000,2025-04-19 17:00:00,0.08062,0.08141,0.08057,0.08103,2062137.5
1745078400000,2025-04-19 18:00:00,0.08103,0.08165,0.08099,0.08124,3026568.7
1745082000000,2025-04-19 19:00:00,0.08124,0.08243,0.08122,0.08213,5255294.4
1745085600000,2025-04-19 20:00:00,0.08213,0.08255,0.08207,0.08216,2223412.1
1745089200000,2025-04-19 21:00:00,0.08216,0.08232,0.08089,0.08144,3403587.7
1745092800000,2025-04-19 22:00:00,0.08144,0.08278,0.08144,0.08233,2363734.6
1745096400000,2025-04-19 23:00:00,0.08233,0.08276,0.08224,0.08248,901019.7
1745100000000,2025-04-20 00:00:00,0.08248,0.0827,0.08222,0.08236,699063.4
1745103600000,2025-04-20 01:00:00,0.08236,0.08244,0.08131,0.08197,2935394.7
1745107200000,2025-04-20 02:00:00,0.08197,0.08216,0.0816,0.0816,719485.3
1745110800000,2025-04-20 03:00:00,0.0816,0.08236,0.08157,0.08236,937511.8
1745114400000,2025-04-20 04:00:00,0.08236,0.08236,0.08195,0.08206,2131663.9
1745118000000,2025-04-20 05:00:00,0.08206,0.0823,0.08188,0.08229,849147.3
1745121600000,2025-04-20 06:00:00,0.08229,0.08335,0.08229,0.08325,2607956.5
1745125200000,2025-04-20 07:00:00,0.08325,0.08351,0.08261,0.08263,1174253.8
1745128800000,2025-04-20 08:00:00,0.08263,0.08277,0.08205,0.08234,1046945.7
1745132400000,2025-04-20 09:00:00,0.08234,0.08237,0.08123,0.0816,1570791.5
1745136000000,2025-04-20 10:00:00,0.0816,0.08167,0.0809,0.08114,1215293.5
1745139600000,2025-04-20 11:00:00,0.08114,0.08266,0.08098,0.08178,6548514.1
1745143200000,2025-04-20 12:00:00,0.08178,0.08209,0.08032,0.0805,2344168.1
1745146800000,2025-04-20 13:00:00,0.0805,0.08068,0.08007,0.08048,1720199.3
1745150400000,2025-04-20 14:00:00,0.08048,0.08092,0.08039,0.08048,1245758.4
1745154000000,2025-04-20 15:00:00,0.08048,0.08109,0.08017,0.08105,1161986.4
1745157600000,2025-04-20 16:00:00,0.08105,0.08159,0.08084,0.08137,1154672.5
1745161200000,2025-04-20 17:00:00,0.08137,0.08153,0.08093,0.0815,1002152.6
1745164800000,2025-04-20 18:00:00,0.0815,0.08279,0.08146,0.08261,2288359.5
1745168400000,2025-04-20 19:00:00,0.08261,0.083,0.08232,0.08298,979011.0
1745172000000,2025-04-20 20:00:00,0.08298,0.08321,0.08245,0.08273,1910586.3
1745175600000,2025-04-20 21:00:00,0.08273,0.08366,0.08265,0.08342,1415442.5
1745179200000,2025-04-20 22:00:00,0.08342,0.08463,0.08338,0.08455,4745185.7
1745182800000,2025-04-20 23:00:00,0.08455,0.08455,0.08355,0.08402,1920085.1
1745186400000,2025-04-21 00:00:00,0.08402,0.08402,0.0831,0.08327,620681.9
1745190000000,2025-04-21 01:00:00,0.08327,0.08362,0.083,0.08325,1707029.0
1745193600000,2025-04-21 02:00:00,0.08325,0.0853,0.08309,0.08451,3605246.1
1745197200000,2025-04-21 03:00:00,0.08451,0.08526,0.08443,0.08506,1413480.6
1745200800000,2025-04-21 04:00:00,0.08506,0.08523,0.08404,0.08432,1495925.6
1745204400000,2025-04-21 05:00:00,0.08432,0.08455,0.08384,0.08408,837473.6
1745208000000,2025-04-21 06:00:00,0.08408,0.08416,0.08343,0.08412,1339312.0
1745211600000,2025-04-21 07:00:00,0.08412,0.08487,0.08385,0.08464,1683186.8
1745215200000,2025-04-21 08:00:00,0.08464,0.08556,0.08462,0.08529,1780655.3
1745218800000,2025-04-21 09:00:00,0.08529,0.08564,0.08501,0.08527,1269499.2
1745222400000,2025-04-21 10:00:00,0.08527,0.08616,0.08527,0.08575,1785270.9
1745226000000,2025-04-21 11:00:00,0.08575,0.08614,0.08535,0.08553,758103.3
1745229600000,2025-04-21 12:00:00,0.08553,0.08617,0.08511,0.08612,2832081.7
1745233200000,2025-04-21 13:00:00,0.08612,0.08617,0.08429,0.0846,2561054.4
1745236800000,2025-04-21 14:00:00,0.0846,0.08562,0.0846,0.08515,1310011.8
1745240400000,2025-04-21 15:00:00,0.08515,0.08547,0.08467,0.08467,2424107.2
1745244000000,2025-04-21 16:00:00,0.08467,0.08589,0.08439,0.08534,2591297.6
1745247600000,2025-04-21 17:00:00,0.08534,0.08546,0.08452,0.08489,1576390.9
1745251200000,2025-04-21 18:00:00,0.08489,0.08508,0.08352,0.08357,1342565.5
1745254800000,2025-04-21 19:00:00,0.08357,0.08415,0.08243,0.08382,5097531.3
1745258400000,2025-04-21 20:00:00,0.08382,0.08382,0.08281,0.08281,1210843.4
1745262000000,2025-04-21 21:00:00,0.08281,0.08383,0.08275,0.08365,1561280.7
1745265600000,2025-04-21 22:00:00,0.08365,0.08381,0.08326,0.08329,645698.2
1745269200000,2025-04-21 23:00:00,0.08329,0.08329,0.0827,0.08297,547104.6
1745272800000,2025-04-22 00:00:00,0.08297,0.08302,0.08254,0.08293,633789.1
1745276400000,2025-04-22 01:00:00,0.08293,0.08301,0.08218,0.0829,1104671.6
1745280000000,2025-04-22 02:00:00,0.0829,0.08294,0.0814,0.08244,1922837.7
1745283600000,2025-04-22 03:00:00,0.08244,0.08411,0.08229,0.08377,1804682.4
1745287200000,2025-04-22 04:00:00,0.08377,0.08393,0.08283,0.083,541981.3
1745290800000,2025-04-22 05:00:00,0.083,0.08324,0.08257,0.08307,285081.4
1745294400000,2025-04-22 06:00:00,0.08307,0.08341,0.08252,0.08256,908726.5
1745298000000,2025-04-22 07:00:00,0.08256,0.08276,0.08229,0.08264,951077.1
1745301600000,2025-04-22 08:00:00,0.08264,0.08282,0.0813,0.08198,1123577.0
1745305200000,2025-04-22 09:00:00,0.08198,0.08378,0.08185,0.08369,1875330.8
1745308800000,2025-04-22 10:00:00,0.08369,0.08436,0.08361,0.08399,2290504.9
1745312400000,2025-04-22 11:00:00,0.08399,0.0843,0.08355,0.08361,1466202.7
1745316000000,2025-04-22 12:00:00,0.08361,0.08402,0.08329,0.08388,778901.2
1745319600000,2025-04-22 13:00:00,0.08388,0.08529,0.08388,0.08514,6061654.5
1745323200000,2025-04-22 14:00:00,0.08514,0.08545,0.08449,0.0852,2621779.2
1745326800000,2025-04-22 15:00:00,0.0852,0.08635,0.08511,0.08602,3757942.7
1745330400000,2025-04-22 16:00:00,0.08602,0.08658,0.08557,0.08652,1677318.1
1745334000000,2025-04-22 17:00:00,0.08652,0.08804,0.08651,0.08748,4744867.1
1745337600000,2025-04-22 18:00:00,0.08748,0.08793,0.08674,0.08704,2285640.4
1745341200000,2025-04-22 19:00:00,0.08704,0.08738,0.08664,0.08735,665278.0
1745344800000,2025-04-22 20:00:00,0.08735,0.08806,0.08726,0.08791,877270.7
1745348400000,2025-04-22 21:00:00,0.08791,0.08793,0.08708,0.08743,2084776.6
1745352000000,2025-04-22 22:00:00,0.08743,0.08762,0.08706,0.08716,449642.7
1745355600000,2025-04-22 23:00:00,0.08716,0.08987,0.08691,0.08943,2267814.4
1745359200000,2025-04-23 00:00:00,0.08943,0.08981,0.08857,0.08901,1997014.7
1745362800000,2025-04-23 01:00:00,0.08901,0.08971,0.08901,0.08938,1092583.8
1745366400000,2025-04-23 02:00:00,0.08938,0.08986,0.08898,0.08911,1531741.6
1745370000000,2025-04-23 03:00:00,0.08911,0.09009,0.08899,0.08914,1487996.9
1745373600000,2025-04-23 04:00:00,0.08914,0.09097,0.08904,0.09064,1287657.5
1745377200000,2025-04-23 05:00:00,0.09064,0.09113,0.0903,0.09113,1307204.4
1745380800000,2025-04-23 06:00:00,0.09113,0.09205,0.09046,0.092,2068797.2
1745384400000,2025-04-23 07:00:00,0.092,0.092,0.09105,0.09107,1491356.9
1745388000000,2025-04-23 08:00:00,0.09107,0.09148,0.09085,0.09133,2092724.8
1745391600000,2025-04-23 09:00:00,0.09133,0.09159,0.09035,0.09137,1561505.1
1745395200000,2025-04-23 10:00:00,0.09137,0.09154,0.09085,0.09104,1749085.8
1745398800000,2025-04-23 11:00:00,0.09104,0.09154,0.09096,0.09096,1209692.3
1745402400000,2025-04-23 12:00:00,0.09096,0.09146,0.08996,0.09135,1863904.1
1745406000000,2025-04-23 13:00:00,0.09135,0.09216,0.0912,0.09165,3060212.0
1745409600000,2025-04-23 14:00:00,0.09165,0.09269,0.09154,0.09239,3310609.5
1745413200000,2025-04-23 15:00:00,0.09239,0.09298,0.09061,0.09076,7548921.2
1745416800000,2025-04-23 16:00:00,0.09076,0.09185,0.09058,0.09082,2882143.6
1745420400000,2025-04-23 17:00:00,0.09082,0.09126,0.08905,0.09119,7992140.0
1745424000000,2025-04-23 18:00:00,0.09119,0.09127,0.08984,0.09097,2627203.1
1745427600000,2025-04-23 19:00:00,0.09097,0.09174,0.09045,0.09089,2902549.3
1745431200000,2025-04-23 20:00:00,0.09089,0.09167,0.09077,0.09077,1006132.8
1745434800000,2025-04-23 21:00:00,0.09077,0.09084,0.08939,0.09015,1784012.1
1745438400000,2025-04-23 22:00:00,0.09015,0.09099,0.09014,0.09056,1081887.4
1745442000000,2025-04-23 23:00:00,0.09056,0.09109,0.09027,0.09041,606346.6
1745445600000,2025-04-24 00:00:00,0.09041,0.09115,0.0903,0.09109,483435.0
1745449200000,2025-04-24 01:00:00,0.09109,0.09109,0.0903,0.0905,1183447.4
1745452800000,2025-04-24 02:00:00,0.0905,0.09094,0.08992,0.09028,650184.1
1745456400000,2025-04-24 03:00:00,0.09028,0.09043,0.08937,0.0901,616591.6
1745460000000,2025-04-24 04:00:00,0.0901,0.09086,0.08926,0.08932,733657.9
1745463600000,2025-04-24 05:00:00,0.08932,0.08973,0.08823,0.08833,1483293.0
1745467200000,2025-04-24 06:00:00,0.08833,0.08883,0.08801,0.08862,1471272.4
1745470800000,2025-04-24 07:00:00,0.08862,0.08912,0.0886,0.08887,542514.2
1745474400000,2025-04-24 08:00:00,0.08887,0.08922,0.08832,0.08856,717839.9
1745478000000,2025-04-24 09:00:00,0.08856,0.08912,0.08784,0.08805,1321978.2
1745481600000,2025-04-24 10:00:00,0.08805,0.08847,0.08707,0.08746,2242970.3
1745485200000,2025-04-24 11:00:00,0.08746,0.08851,0.08726,0.0885,1322577.6
1745488800000,2025-04-24 12:00:00,0.0885,0.08931,0.08844,0.08918,1026672.5
1745492400000,2025-04-24 13:00:00,0.08918,0.08934,0.0886,0.08922,1979638.4
1745496000000,2025-04-24 14:00:00,0.08922,0.08992,0.08879,0.08992,1412151.3
1745499600000,2025-04-24 15:00:00,0.08992,0.09121,0.08981,0.09121,3429791.6
1745503200000,2025-04-24 16:00:00,0.09121,0.09399,0.09118,0.09317,5703850.0
1745506800000,2025-04-24 17:00:00,0.09317,0.09479,0.09295,0.0937,4069636.2
1745510400000,2025-04-24 18:00:00,0.0937,0.09467,0.09353,0.09368,1866238.6
1745514000000,2025-04-24 19:00:00,0.09368,0.09407,0.09214,0.09277,3154630.3
1745517600000,2025-04-24 20:00:00,0.09277,0.09392,0.09273,0.09346,1127473.8
1745521200000,2025-04-24 21:00:00,0.09346,0.09384,0.09284,0.09358,1192599.8
1745524800000,2025-04-24 22:00:00,0.09358,0.09417,0.0935,0.094,3436276.3
1745528400000,2025-04-24 23:00:00,0.094,0.09441,0.09317,0.09401,974982.1
1745532000000,2025-04-25 00:00:00,0.09401,0.09475,0.09354,0.09418,1478342.9
1745535600000,2025-04-25 01:00:00,0.09418,0.09542,0.094,0.09511,1595593.0
1745539200000,2025-04-25 02:00:00,0.09511,0.09616,0.09444,0.09555,2883034.7
1745542800000,2025-04-25 03:00:00,0.09555,0.09655,0.09509,0.09531,1853666.6
1745546400000,2025-04-25 04:00:00,0.09531,0.09573,0.09346,0.09379,2017882.2
1745550000000,2025-04-25 05:00:00,0.09379,0.09542,0.09365,0.09527,1594908.5
1745553600000,2025-04-25 06:00:00,0.09527,0.0961,0.09499,0.09574,2247330.8
1745557200000,2025-04-25 07:00:00,0.09574,0.09668,0.09524,0.09656,1956494.3
1745560800000,2025-04-25 08:00:00,0.09656,0.09887,0.09656,0.09883,6305832.6
1745564400000,2025-04-25 09:00:00,0.09883,0.10036,0.09841,0.10035,5463481.8
1745568000000,2025-04-25 10:00:00,0.10035,0.10322,0.09991,0.10225,8004222.5
1745571600000,2025-04-25 11:00:00,0.10225,0.10268,0.10064,0.10197,5581015.4
1745575200000,2025-04-25 12:00:00,0.10197,0.10241,0.10119,0.10177,3493073.2
1745578800000,2025-04-25 13:00:00,0.10177,0.10343,0.10176,0.10311,4214354.1
1745582400000,2025-04-25 14:00:00,0.10311,0.1044,0.10137,0.1017,8924510.9
1745586000000,2025-04-25 15:00:00,0.1017,0.10249,0.1008,0.10132,2591343.1
1745589600000,2025-04-25 16:00:00,0.10132,0.10317,0.10115,0.10286,2862695.7
1745593200000,2025-04-25 17:00:00,0.10286,0.10319,0.10155,0.10219,2873982.4
1745596800000,2025-04-25 18:00:00,0.10219,0.10246,0.1009,0.10234,2538408.1
1745600400000,2025-04-25 19:00:00,0.10234,0.10286,0.10061,0.10067,1615861.2
1745604000000,2025-04-25 20:00:00,0.10067,0.10162,0.10058,0.10066,1357796.0
1745607600000,2025-04-25 21:00:00,0.10066,0.10084,0.1001,0.10084,1424685.2
1745611200000,2025-04-25 22:00:00,0.10084,0.10109,0.10045,0.1007,747583.4
1745614800000,2025-04-25 23:00:00,0.1007,0.10113,0.09937,0.09969,1430629.2
1745618400000,2025-04-26 00:00:00,0.09969,0.10145,0.09965,0.10112,1512024.1
1745622000000,2025-04-26 01:00:00,0.10112,0.10123,0.10041,0.10068,1280720.4
1745625600000,2025-04-26 02:00:00,0.10068,0.10373,0.10063,0.10359,1862541.0
1745629200000,2025-04-26 03:00:00,0.10359,0.10523,0.10266,0.10451,2261001.7
1745632800000,2025-04-26 04:00:00,0.10451,0.10483,0.1039,0.10431,1814779.1
1745636400000,2025-04-26 05:00:00,0.10431,0.10495,0.10384,0.1048,1309792.3
1745640000000,2025-04-26 06:00:00,0.1048,0.10543,0.10411,0.10454,1683155.3
1745643600000,2025-04-26 07:00:00,0.10454,0.10621,0.10347,0.10574,3214187.4
1745647200000,2025-04-26 08:00:00,0.10574,0.1061,0.10469,0.10575,1957701.3
1745650800000,2025-04-26 09:00:00,0.10575,0.1066,0.10482,0.10485,2273276.3
1745654400000,2025-04-26 10:00:00,0.10485,0.10566,0.10345,0.10388,4518629.7
1745658000000,2025-04-26 11:00:00,0.10388,0.10402,0.10238,0.10315,2975883.1
1745661600000,2025-04-26 12:00:00,0.10315,0.10325,0.10233,0.10275,1923636.1
1745665200000,2025-04-26 13:00:00,0.10275,0.10308,0.10093,0.10141,2382928.2
1745668800000,2025-04-26 14:00:00,0.10141,0.10173,0.10098,0.10098,958567.9
1745672400000,2025-04-26 15:00:00,0.10098,0.10152,0.10016,0.10136,2352885.7
1745676000000,2025-04-26 16:00:00,0.10136,0.10208,0.10074,0.10129,1166996.6
1745679600000,2025-04-26 17:00:00,0.10129,0.1028,0.10126,0.10276,1444941.5
1745683200000,2025-04-26 18:00:00,0.10276,0.10277,0.1014,0.10206,698456.7
1745686800000,2025-04-26 19:00:00,0.10206,0.1025,0.10196,0.10218,382006.3
1745690400000,2025-04-26 20:00:00,0.10218,0.10246,0.10192,0.102,592561.3
1745694000000,2025-04-26 21:00:00,0.102,0.10316,0.10198,0.10297,880539.5
1745697600000,2025-04-26 22:00:00,0.10297,0.10316,0.10197,0.10197,1398290.5
1745701200000,2025-04-26 23:00:00,0.10197,0.10271,0.1017,0.10179,924334.6
1745704800000,2025-04-27 00:00:00,0.10179,0.10281,0.10174,0.10264,921536.0
1745708400000,2025-04-27 01:00:00,0.10264,0.10377,0.10238,0.10352,1044493.3
1745712000000,2025-04-27 02:00:00,0.10352,0.10444,0.10303,0.1039,1653055.3
1745715600000,2025-04-27 03:00:00,0.1039,0.10398,0.10021,0.10029,2993156.5
1745719200000,2025-04-27 04:00:00,0.10029,0.10166,0.10024,0.10139,1651977.7
1745722800000,2025-04-27 05:00:00,0.10139,0.10195,0.10125,0.10153,1658831.5
1745726400000,2025-04-27 06:00:00,0.10153,0.10345,0.10126,0.10145,4943354.6
1745730000000,2025-04-27 07:00:00,0.10145,0.10197,0.10037,0.10087,2017679.3
1745733600000,2025-04-27 08:00:00,0.10087,0.10122,0.10043,0.10056,670320.1
1745737200000,2025-04-27 09:00:00,0.10056,0.10162,0.10033,0.10154,803519.7
1745740800000,2025-04-27 10:00:00,0.10154,0.10216,0.10132,0.10198,1066685.3
1745744400000,2025-04-27 11:00:00,0.10198,0.10228,0.10142,0.10189,731009.8
1745748000000,2025-04-27 12:00:00,0.10189,0.10195,0.10092,0.10113,994374.7
1745751600000,2025-04-27 13:00:00,0.10113,0.10157,0.10072,0.10074,1106192.9
1745755200000,2025-04-27 14:00:00,0.10074,0.10158,0.10003,0.10039,4980699.7
1745758800000,2025-04-27 15:00:00,0.10039,0.10087,0.09925,0.10069,3537771.0
1745762400000,2025-04-27 16:00:00,0.10069,0.10084,0.09984,0.09986,1062052.9
1745766000000,2025-04-27 17:00:00,0.09986,0.09986,0.09901,0.09921,1689967.6
1745769600000,2025-04-27 18:00:00,0.09921,0.09957,0.09824,0.09876,3337592.8
1745773200000,2025-04-27 19:00:00,0.09876,0.09928,0.09843,0.09911,1114862.1
1745776800000,2025-04-27 20:00:00,0.09911,0.10012,0.09897,0.09978,1642648.0
1745780400000,2025-04-27 21:00:00,0.09978,0.10006,0.09944,0.10003,586456.7
1745784000000,2025-04-27 22:00:00,0.10003,0.10004,0.09888,0.09906,971044.3
1745787600000,2025-04-27 23:00:00,0.09906,0.09973,0.0985,0.09944,622680.5
1745791200000,2025-04-28 00:00:00,0.09944,0.09944,0.09839,0.09843,1048788.4
1745794800000,2025-04-28 01:00:00,0.09843,0.09843,0.09781,0.09792,707543.4
1745798400000,2025-04-28 02:00:00,0.09792,0.09813,0.09685,0.09721,2398337.5
1745802000000,2025-04-28 03:00:00,0.09721,0.09732,0.09559,0.09632,2357847.9
1745805600000,2025-04-28 04:00:00,0.09632,0.09813,0.09614,0.09813,1128089.8
1745809200000,2025-04-28 05:00:00,0.09813,0.09974,0.09793,0.09939,1687390.7
1745812800000,2025-04-28 06:00:00,0.09939,0.10057,0.09937,0.09996,1076713.3
1745816400000,2025-04-28 07:00:00,0.09996,0.10016,0.09684,0.09785,18813797.6
1745820000000,2025-04-28 08:00:00,0.09785,0.09856,0.0967,0.09838,5970114.8
1745823600000,2025-04-28 09:00:00,0.09838,0.09945,0.09808,0.09933,3527839.2
1745827200000,2025-04-28 10:00:00,0.09933,0.10109,0.09933,0.09985,4098191.7
1745830800000,2025-04-28 11:00:00,0.09985,0.10088,0.09985,0.09999,1242127.4
1745834400000,2025-04-28 12:00:00,0.09999,0.10135,0.09899,0.10081,4288630.3
1745838000000,2025-04-28 13:00:00,0.10081,0.1013,0.10024,0.1003,2006206.1
1745841600000,2025-04-28 14:00:00,0.1003,0.10048,0.09966,0.0999,2411743.1
1745845200000,2025-04-28 15:00:00,0.0999,0.10016,0.09819,0.09828,2385158.2
1745848800000,2025-04-28 16:00:00,0.09828,0.0995,0.09758,0.09779,3296176.4
1745852400000,2025-04-28 17:00:00,0.09779,0.09804,0.09593,0.09666,4726887.2
1745856000000,2025-04-28 18:00:00,0.09666,0.09715,0.09575,0.09687,2243827.2
1745859600000,2025-04-28 19:00:00,0.09687,0.09841,0.09678,0.09835,3825568.6
1745863200000,2025-04-28 20:00:00,0.09835,0.0985,0.09745,0.09822,1674743.9
1745866800000,2025-04-28 21:00:00,0.09822,0.0996,0.09817,0.09925,1730233.7
1745870400000,2025-04-28 22:00:00,0.09925,0.09937,0.09862,0.09883,1357793.4
1745874000000,2025-04-28 23:00:00,0.09883,0.09898,0.09813,0.09845,900963.0
1745877600000,2025-04-29 00:00:00,0.09845,0.09901,0.09803,0.09858,613272.8
1745881200000,2025-04-29 01:00:00,0.09858,0.09883,0.098,0.09883,1258173.4
1745884800000,2025-04-29 02:00:00,0.09883,0.09979,0.09831,0.09934,2151527.0
1745888400000,2025-04-29 03:00:00,0.09934,0.09993,0.09876,0.09903,2214730.4
1745892000000,2025-04-29 04:00:00,0.09903,0.09908,0.09838,0.09878,788177.3
1745895600000,2025-04-29 05:00:00,0.09878,0.09981,0.09875,0.09972,559545.6
1745899200000,2025-04-29 06:00:00,0.09972,0.10016,0.09862,0.09876,1757011.5
1745902800000,2025-04-29 07:00:00,0.09876,0.09927,0.09858,0.09882,614850.9
1745906400000,2025-04-29 08:00:00,0.09882,0.10088,0.09877,0.10029,2144432.6
1745910000000,2025-04-29 09:00:00,0.10029,0.10133,0.10006,0.10133,2357316.6
1745913600000,2025-04-29 10:00:00,0.10133,0.10187,0.10105,0.10136,1471219.1
1745917200000,2025-04-29 11:00:00,0.10136,0.10147,0.10016,0.10039,1807813.0
1745920800000,2025-04-29 12:00:00,0.10039,0.10071,0.09898,0.09925,1712058.4
1745924400000,2025-04-29 13:00:00,0.09925,0.10001,0.09919,0.09961,1422458.7
1745928000000,2025-04-29 14:00:00,0.09961,0.09971,0.09813,0.09842,3298947.1
1745931600000,2025-04-29 15:00:00,0.09842,0.09913,0.0976,0.09896,1903540.3
1745935200000,2025-04-29 16:00:00,0.09896,0.10027,0.09852,0.09988,2587553.9
1745938800000,2025-04-29 17:00:00,0.09988,0.09991,0.09899,0.09918,1417029.1
1745942400000,2025-04-29 18:00:00,0.09918,0.10035,0.09905,0.09919,1896827.9
1745946000000,2025-04-29 19:00:00,0.09919,0.09969,0.09886,0.0993,1123072.0
1745949600000,2025-04-29 20:00:00,0.0993,0.09974,0.09906,0.09966,1294385.3
1745953200000,2025-04-29 21:00:00,0.09966,0.10001,0.09905,0.0991,942398.7
1745956800000,2025-04-29 22:00:00,0.0991,0.09937,0.09818,0.09858,2021568.9
1745960400000,2025-04-29 23:00:00,0.09858,0.09863,0.09691,0.09775,4139711.4
1745964000000,2025-04-30 00:00:00,0.09775,0.09775,0.09633,0.09655,1767106.8
1745967600000,2025-04-30 01:00:00,0.09655,0.09694,0.09556,0.09688,3717250.7
1745971200000,2025-04-30 02:00:00,0.09688,0.09747,0.09655,0.09722,1838888.4
1745974800000,2025-04-30 03:00:00,0.09722,0.09732,0.09608,0.09673,894311.5
1745978400000,2025-04-30 04:00:00,0.09673,0.09786,0.0966,0.09761,515543.9
1745982000000,2025-04-30 05:00:00,0.09761,0.09797,0.09718,0.09773,367400.1
1745985600000,2025-04-30 06:00:00,0.09773,0.09845,0.09754,0.09832,624909.4
1745989200000,2025-04-30 07:00:00,0.09832,0.09856,0.09796,0.09821,865375.2
1745992800000,2025-04-30 08:00:00,0.09821,0.09884,0.09799,0.09832,916836.4
1745996400000,2025-04-30 09:00:00,0.09832,0.09842,0.09705,0.09731,856652.8
1746000000000,2025-04-30 10:00:00,0.09731,0.09762,0.09648,0.09683,1431563.3
1746003600000,2025-04-30 11:00:00,0.09683,0.09806,0.0967,0.09797,1065846.8
1746007200000,2025-04-30 12:00:00,0.09797,0.09818,0.09761,0.09802,1117640.8
1746010800000,2025-04-30 13:00:00,0.09802,0.09826,0.09775,0.09801,481927.7
1746014400000,2025-04-30 14:00:00,0.09801,0.09812,0.09508,0.09597,2889667.4
1746018000000,2025-04-30 15:00:00,0.09597,0.09606,0.09281,0.09283,6923333.0
1746021600000,2025-04-30 16:00:00,0.09283,0.09526,0.09267,0.0947,4199754.0
1746025200000,2025-04-30 17:00:00,0.0947,0.09544,0.09464,0.09471,1677961.9
1746028800000,2025-04-30 18:00:00,0.09471,0.09532,0.09399,0.09515,1468792.0
1746032400000,2025-04-30 19:00:00,0.09515,0.0956,0.09453,0.09537,1016959.6
1746036000000,2025-04-30 20:00:00,0.09537,0.09621,0.09516,0.09516,1143214.4
1746039600000,2025-04-30 21:00:00,0.09516,0.0955,0.09431,0.09512,2388792.8
1746043200000,2025-04-30 22:00:00,0.09512,0.09602,0.095,0.09546,1512208.8
1746046800000,2025-04-30 23:00:00,0.09546,0.09617,0.09519,0.09541,1124968.9
1746050400000,2025-05-01 00:00:00,0.09541,0.09592,0.0954,0.09567,948530.5
1746054000000,2025-05-01 01:00:00,0.09567,0.09632,0.09549,0.09606,1494839.8
1746057600000,2025-05-01 02:00:00,0.09606,0.0976,0.09599,0.0975,1581278.8
1746061200000,2025-05-01 03:00:00,0.0975,0.09835,0.09743,0.09763,1399379.0
1746064800000,2025-05-01 04:00:00,0.09763,0.0978,0.09647,0.09652,1252517.5
1746068400000,2025-05-01 05:00:00,0.09652,0.09716,0.09642,0.09654,826938.1
1746072000000,2025-05-01 06:00:00,0.09654,0.09655,0.09572,0.09628,1562297.8
1746075600000,2025-05-01 07:00:00,0.09628,0.09721,0.09612,0.09712,619069.0
1746079200000,2025-05-01 08:00:00,0.09712,0.09712,0.09634,0.09658,506401.4
1746082800000,2025-05-01 09:00:00,0.09658,0.09757,0.09657,0.09725,566440.9
1746086400000,2025-05-01 10:00:00,0.09725,0.09798,0.09701,0.09793,1074750.8
1746090000000,2025-05-01 11:00:00,0.09793,0.09873,0.09762,0.09854,2401230.6
1746093600000,2025-05-01 12:00:00,0.09854,0.10013,0.09849,0.09951,3593163.8
1746097200000,2025-05-01 13:00:00,0.09951,0.1003,0.09908,0.09969,2791424.5
1746100800000,2025-05-01 14:00:00,0.09969,0.10006,0.09928,0.09961,3375350.2
1746104400000,2025-05-01 15:00:00,0.09961,0.10005,0.09837,0.09841,1598176.1
1746108000000,2025-05-01 16:00:00,0.09841,0.09989,0.09839,0.09988,1431909.5
1746111600000,2025-05-01 17:00:00,0.09988,0.10076,0.09901,0.09924,3039449.2
1746115200000,2025-05-01 18:00:00,0.09924,0.09998,0.09903,0.09921,638480.0
1746118800000,2025-05-01 19:00:00,0.09921,0.10013,0.09876,0.09977,3871136.2
1746122400000,2025-05-01 20:00:00,0.09977,0.10131,0.09958,0.10119,2438472.7
1746126000000,2025-05-01 21:00:00,0.10119,0.10268,0.10064,0.10221,7209831.6
1746129600000,2025-05-01 22:00:00,0.10221,0.10408,0.10204,0.10248,5816417.0
1746133200000,2025-05-01 23:00:00,0.10248,0.10317,0.10218,0.10295,980564.5
1746136800000,2025-05-02 00:00:00,0.10295,0.10348,0.10111,0.1017,2730016.4
1746140400000,2025-05-02 01:00:00,0.1017,0.1018,0.0997,0.10046,2396873.0
1746144000000,2025-05-02 02:00:00,0.10046,0.1019,0.09953,0.10172,3131649.1
1746147600000,2025-05-02 03:00:00,0.10172,0.10186,0.10064,0.10102,1329568.2
1746151200000,2025-05-02 04:00:00,0.10102,0.1019,0.10075,0.10168,1292503.5
1746154800000,2025-05-02 05:00:00,0.10168,0.10194,0.10059,0.10089,870186.5
1746158400000,2025-05-02 06:00:00,0.10089,0.10096,0.09937,0.09966,1431397.8
1746162000000,2025-05-02 07:00:00,0.09966,0.09993,0.09909,0.09929,1040793.2
1746165600000,2025-05-02 08:00:00,0.09929,0.10084,0.09899,0.10039,2130333.4
1746169200000,2025-05-02 09:00:00,0.10039,0.10049,0.09919,0.09932,974679.7
1746172800000,2025-05-02 10:00:00,0.09932,0.10046,0.09925,0.1004,744086.0
1746176400000,2025-05-02 11:00:00,0.1004,0.1006,0.09989,0.10015,710549.9
1746180000000,2025-05-02 12:00:00,0.10015,0.10052,0.0994,0.09943,972746.0
1746183600000,2025-05-02 13:00:00,0.09943,0.09999,0.0994,0.09942,1087441.6
1746187200000,2025-05-02 14:00:00,0.09942,0.10039,0.09887,0.10034,3795909.8
1746190800000,2025-05-02 15:00:00,0.10034,0.10063,0.09973,0.09984,1012721.6
1746194400000,2025-05-02 16:00:00,0.09984,0.10095,0.09974,0.10093,652823.9
1746198000000,2025-05-02 17:00:00,0.10093,0.10113,0.09966,0.09998,978469.7
1746201600000,2025-05-02 18:00:00,0.09998,0.10105,0.09985,0.09996,2580618.5
1746205200000,2025-05-02 19:00:00,0.09996,0.09997,0.0987,0.09935,6639507.6
1746208800000,2025-05-02 20:00:00,0.09935,0.09951,0.09861,0.09875,1888518.6
1746212400000,2025-05-02 21:00:00,0.09875,0.09877,0.09729,0.09759,2701578.3
1746216000000,2025-05-02 22:00:00,0.09759,0.09826,0.09742,0.09817,797812.7
1746219600000,2025-05-02 23:00:00,0.09817,0.09867,0.09782,0.09808,1474169.6
1746223200000,2025-05-03 00:00:00,0.09808,0.09833,0.09774,0.098,288589.3
1746226800000,2025-05-03 01:00:00,0.098,0.09821,0.09778,0.09814,761027.0
1746230400000,2025-05-03 02:00:00,0.09814,0.09828,0.09733,0.09753,503815.4
1746234000000,2025-05-03 03:00:00,0.09753,0.09763,0.09652,0.09671,1399131.9
1746237600000,2025-05-03 04:00:00,0.09671,0.09744,0.09664,0.0974,402116.3
1746241200000,2025-05-03 05:00:00,0.0974,0.09767,0.09717,0.09736,353632.6
1746244800000,2025-05-03 06:00:00,0.09736,0.09775,0.09715,0.09762,363547.0
1746248400000,2025-05-03 07:00:00,0.09762,0.09762,0.09708,0.09711,336152.6
1746252000000,2025-05-03 08:00:00,0.09711,0.09723,0.09655,0.09669,754512.7
1746255600000,2025-05-03 09:00:00,0.09669,0.09676,0.09622,0.09659,1205404.7
1746259200000,2025-05-03 10:00:00,0.09659,0.09674,0.09608,0.09643,825325.6
1746262800000,2025-05-03 11:00:00,0.09643,0.09648,0.09546,0.09568,1196272.5
1746266400000,2025-05-03 12:00:00,0.09568,0.0958,0.09481,0.09494,1409275.5
1746270000000,2025-05-03 13:00:00,0.09494,0.09527,0.09469,0.09484,1653167.7
1746273600000,2025-05-03 14:00:00,0.09484,0.09578,0.09481,0.09547,956899.1
1746277200000,2025-05-03 15:00:00,0.09547,0.09578,0.09543,0.09563,574771.7
1746280800000,2025-05-03 16:00:00,0.09563,0.09583,0.09543,0.09568,844119.3
1746284400000,2025-05-03 17:00:00,0.09568,0.09624,0.09538,0.09549,809606.1
1746288000000,2025-05-03 18:00:00,0.09549,0.09553,0.09384,0.09426,2065770.6
1746291600000,2025-05-03 19:00:00,0.09426,0.09427,0.09254,0.09401,14972947.7
1746295200000,2025-05-03 20:00:00,0.09401,0.09439,0.09387,0.09429,1304823.9
1746298800000,2025-05-03 21:00:00,0.09429,0.09526,0.09413,0.09518,1147449.3
1746302400000,2025-05-03 22:00:00,0.09518,0.09524,0.09401,0.09406,943002.1
1746306000000,2025-05-03 23:00:00,0.09406,0.09471,0.09345,0.09414,1558542.8
1746309600000,2025-05-04 00:00:00,0.09414,0.09422,0.09383,0.09394,337315.4
1746313200000,2025-05-04 01:00:00,0.09394,0.09395,0.09315,0.09323,1212237.2
1746316800000,2025-05-04 02:00:00,0.09323,0.09359,0.09204,0.09227,2505934.4
1746320400000,2025-05-04 03:00:00,0.09227,0.09329,0.09202,0.09318,1041986.5
1746324000000,2025-05-04 04:00:00,0.09318,0.09397,0.09271,0.09284,1119802.5
1746327600000,2025-05-04 05:00:00,0.09284,0.09284,0.09168,0.09183,2978767.0
1746331200000,2025-05-04 06:00:00,0.09183,0.09232,0.09142,0.09181,1772970.7
1746334800000,2025-05-04 07:00:00,0.09181,0.0927,0.09177,0.09229,898422.2
1746338400000,2025-05-04 08:00:00,0.09229,0.0925,0.0915,0.09222,914096.2
1746342000000,2025-05-04 09:00:00,0.09222,0.09237,0.09147,0.09177,852501.8
1746345600000,2025-05-04 10:00:00,0.09177,0.09188,0.09076,0.09118,2499525.4
1746349200000,2025-05-04 11:00:00,0.09118,0.09126,0.09072,0.09088,1010096.2
1746352800000,2025-05-04 12:00:00,0.09088,0.09132,0.09078,0.09082,1217699.1
1746356400000,2025-05-04 13:00:00,0.09082,0.09146,0.09073,0.09116,805387.9
1746360000000,2025-05-04 14:00:00,0.09116,0.09152,0.09096,0.09111,1307697.2
1746363600000,2025-05-04 15:00:00,0.09111,0.0913,0.08991,0.09064,2092249.1
1746367200000,2025-05-04 16:00:00,0.09064,0.09154,0.09062,0.09127,1079057.4
1746370800000,2025-05-04 17:00:00,0.09127,0.09153,0.09062,0.09098,377571.1
1746374400000,2025-05-04 18:00:00,0.09098,0.09113,0.09015,0.09042,1248407.5
1746378000000,2025-05-04 19:00:00,0.09042,0.09069,0.08965,0.09038,1277726.5
1746381600000,2025-05-04 20:00:00,0.09038,0.09073,0.08971,0.08974,654182.3
1746385200000,2025-05-04 21:00:00,0.08974,0.09033,0.08952,0.09001,870549.2
1746388800000,2025-05-04 22:00:00,0.09001,0.09096,0.08993,0.09078,510720.4
1746392400000,2025-05-04 23:00:00,0.09078,0.09102,0.09024,0.09072,627310.1
1746396000000,2025-05-05 00:00:00,0.09072,0.09074,0.08965,0.09022,1001666.0
1746399600000,2025-05-05 01:00:00,0.09022,0.09034,0.08955,0.08989,1335737.2
1746403200000,2025-05-05 02:00:00,0.08989,0.09057,0.08983,0.09048,1039398.8
1746406800000,2025-05-05 03:00:00,0.09048,0.09048,0.0887,0.08965,3403621.2
1746410400000,2025-05-05 04:00:00,0.08965,0.09142,0.08951,0.09094,1353763.6
1746414000000,2025-05-05 05:00:00,0.09094,0.09125,0.09058,0.09059,884791.4
1746417600000,2025-05-05 06:00:00,0.09059,0.09142,0.09045,0.09121,381420.7
1746421200000,2025-05-05 07:00:00,0.09121,0.09171,0.09087,0.0917,814884.1
1746424800000,2025-05-05 08:00:00,0.0917,0.09184,0.09084,0.09105,947032.6
1746428400000,2025-05-05 09:00:00,0.09105,0.09119,0.09063,0.09114,321096.0
1746432000000,2025-05-05 10:00:00,0.09114,0.09136,0.09089,0.09109,785228.9
1746435600000,2025-05-05 11:00:00,0.09109,0.09145,0.09081,0.09084,1129507.1
1746439200000,2025-05-05 12:00:00,0.09084,0.09096,0.08932,0.08981,1910279.3
1746442800000,2025-05-05 13:00:00,0.08981,0.09021,0.08927,0.08954,540676.6
1746446400000,2025-05-05 14:00:00,0.08954,0.09001,0.089,0.08958,915695.6
1746450000000,2025-05-05 15:00:00,0.08958,0.08982,0.08864,0.08951,1894507.2
1746453600000,2025-05-05 16:00:00,0.08951,0.08997,0.08924,0.08966,2255600.2
1746457200000,2025-05-05 17:00:00,0.08966,0.08988,0.08879,0.08933,4327270.0
1746460800000,2025-05-05 18:00:00,0.08933,0.09064,0.08919,0.09028,1125005.4
1746464400000,2025-05-05 19:00:00,0.09028,0.09134,0.08993,0.0912,1906415.9
1746468000000,2025-05-05 20:00:00,0.0912,0.0923,0.09117,0.09148,7513408.2
1746471600000,2025-05-05 21:00:00,0.09148,0.0918,0.09072,0.09078,2367423.3
1746475200000,2025-05-05 22:00:00,0.09078,0.091,0.08944,0.09026,2359153.2
1746478800000,2025-05-05 23:00:00,0.09026,0.09171,0.09013,0.09131,4948875.6
1746482400000,2025-05-06 00:00:00,0.09131,0.09248,0.09131,0.09209,3532004.0
1746486000000,2025-05-06 01:00:00,0.09209,0.09209,0.09157,0.09182,2977935.2
1746489600000,2025-05-06 02:00:00,0.09182,0.09208,0.09042,0.09064,4665198.3
1746493200000,2025-05-06 03:00:00,0.09064,0.09172,0.09062,0.09129,1827773.8
1746496800000,2025-05-06 04:00:00,0.09129,0.09146,0.09029,0.09107,1569481.9
1746500400000,2025-05-06 05:00:00,0.09107,0.09149,0.09064,0.09148,502361.5
1746504000000,2025-05-06 06:00:00,0.09148,0.09175,0.09114,0.09146,699459.2
1746507600000,2025-05-06 07:00:00,0.09146,0.09146,0.09076,0.09081,499924.9
1746511200000,2025-05-06 08:00:00,0.09081,0.09116,0.09081,0.09095,672386.5
1746514800000,2025-05-06 09:00:00,0.09095,0.09136,0.09061,0.09078,1133983.3
1746518400000,2025-05-06 10:00:00,0.09078,0.09078,0.08918,0.08983,2017183.7
1746522000000,2025-05-06 11:00:00,0.08983,0.08983,0.08865,0.08922,1796901.2
1746525600000,2025-05-06 12:00:00,0.08922,0.08925,0.08742,0.08775,9367566.2
1746529200000,2025-05-06 13:00:00,0.08775,0.08857,0.08713,0.08762,2340963.3
1746532800000,2025-05-06 14:00:00,0.08762,0.08786,0.08704,0.08769,3521368.5
1746536400000,2025-05-06 15:00:00,0.08769,0.08783,0.08676,0.08735,4826106.1
1746540000000,2025-05-06 16:00:00,0.08735,0.08923,0.08733,0.08794,2280492.1
1746543600000,2025-05-06 17:00:00,0.08794,0.08847,0.08736,0.08782,1112883.0
1746547200000,2025-05-06 18:00:00,0.08782,0.08804,0.08706,0.08714,1468361.8
1746550800000,2025-05-06 19:00:00,0.08714,0.0884,0.0871,0.08782,1593368.8
1746554400000,2025-05-06 20:00:00,0.08782,0.08898,0.08782,0.08897,731216.7
1746558000000,2025-05-06 21:00:00,0.08897,0.08909,0.08819,0.08828,3083498.2
1746561600000,2025-05-06 22:00:00,0.08828,0.08844,0.0871,0.0872,838215.5
1746565200000,2025-05-06 23:00:00,0.0872,0.0876,0.086,0.08721,1318790.8
1746568800000,2025-05-07 00:00:00,0.08721,0.08958,0.08719,0.08955,2523165.5
1746572400000,2025-05-07 01:00:00,0.08955,0.09005,0.08883,0.08987,1654677.9
1746576000000,2025-05-07 02:00:00,0.08987,0.0911,0.08967,0.09102,2472750.7
1746579600000,2025-05-07 03:00:00,0.09102,0.09165,0.0908,0.0914,1297376.2
1746583200000,2025-05-07 04:00:00,0.0914,0.09149,0.09009,0.09024,1484489.2
1746586800000,2025-05-07 05:00:00,0.09024,0.09068,0.08953,0.09058,858221.4
1746590400000,2025-05-07 06:00:00,0.09058,0.09108,0.09049,0.09068,690300.8
1746594000000,2025-05-07 07:00:00,0.09068,0.09086,0.09001,0.09007,485767.5
1746597600000,2025-05-07 08:00:00,0.09007,0.09074,0.08996,0.09028,5640358.0
1746601200000,2025-05-07 09:00:00,0.09028,0.09158,0.09025,0.09155,1113622.3
1746604800000,2025-05-07 10:00:00,0.09155,0.09247,0.09105,0.09224,4067548.7
1746608400000,2025-05-07 11:00:00,0.09224,0.09231,0.09175,0.09203,944392.2
1746612000000,2025-05-07 12:00:00,0.09203,0.0921,0.09136,0.09175,910339.8
1746615600000,2025-05-07 13:00:00,0.09175,0.09183,0.0913,0.0915,667012.7
1746619200000,2025-05-07 14:00:00,0.0915,0.0917,0.09115,0.09164,1174275.0
1746622800000,2025-05-07 15:00:00,0.09164,0.09201,0.09081,0.09166,2019531.1
1746626400000,2025-05-07 16:00:00,0.09166,0.09203,0.09047,0.09059,1457409.0
1746630000000,2025-05-07 17:00:00,0.09059,0.09068,0.08979,0.09015,1357413.8
1746633600000,2025-05-07 18:00:00,0.09015,0.09017,0.08883,0.08981,1515297.1
1746637200000,2025-05-07 19:00:00,0.08981,0.08992,0.08896,0.08941,1393520.1
1746640800000,2025-05-07 20:00:00,0.08941,0.09025,0.08868,0.08973,5669283.0
1746644400000,2025-05-07 21:00:00,0.08973,0.08985,0.08859,0.08913,1290125.0
1746648000000,2025-05-07 22:00:00,0.08913,0.08962,0.08883,0.08962,1193673.8
1746651600000,2025-05-07 23:00:00,0.08962,0.09052,0.08934,0.09044,1116674.6
1746655200000,2025-05-08 00:00:00,0.09044,0.09156,0.09023,0.09131,1546682.0
1746658800000,2025-05-08 01:00:00,0.09131,0.09172,0.09111,0.09128,574573.8
1746662400000,2025-05-08 02:00:00,0.09128,0.09224,0.09116,0.0922,821918.2
1746666000000,2025-05-08 03:00:00,0.0922,0.0935,0.0922,0.09321,4523047.3
1746669600000,2025-05-08 04:00:00,0.09321,0.0951,0.09321,0.09494,3415444.1
1746673200000,2025-05-08 05:00:00,0.09494,0.0962,0.09481,0.09616,2789927.5
1746676800000,2025-05-08 06:00:00,0.09616,0.09681,0.09568,0.09589,2322303.1
1746680400000,2025-05-08 07:00:00,0.09589,0.09612,0.09539,0.09565,1633726.8
1746684000000,2025-05-08 08:00:00,0.09565,0.09641,0.09563,0.09641,713542.7
1746687600000,2025-05-08 09:00:00,0.09641,0.09709,0.09636,0.09662,2028754.9
1746691200000,2025-05-08 10:00:00,0.09662,0.09742,0.09662,0.09718,2253894.7
1746694800000,2025-05-08 11:00:00,0.09718,0.09751,0.09701,0.09751,1319560.7
1746698400000,2025-05-08 12:00:00,0.09751,0.09803,0.09735,0.09787,2297873.0
1746702000000,2025-05-08 13:00:00,0.09787,0.09805,0.09739,0.0979,3441728.6
1746705600000,2025-05-08 14:00:00,0.0979,0.09857,0.09762,0.09769,2027124.0
1746709200000,2025-05-08 15:00:00,0.09769,0.09799,0.0972,0.09747,812507.2
1746712800000,2025-05-08 16:00:00,0.09747,0.09857,0.09723,0.09781,1728603.3
1746716400000,2025-05-08 17:00:00,0.09781,0.1009,0.09777,0.09971,5729509.3
1746720000000,2025-05-08 18:00:00,0.09971,0.10044,0.09955,0.10017,2916303.4
1746723600000,2025-05-08 19:00:00,0.10017,0.10058,0.09942,0.09979,1337311.5
1746727200000,2025-05-08 20:00:00,0.09979,0.10054,0.09979,0.10007,1017931.1
1746730800000,2025-05-08 21:00:00,0.10007,0.10098,0.09972,0.10073,1426592.9
1746734400000,2025-05-08 22:00:00,0.10073,0.10244,0.10028,0.10238,5680284.3
1746738000000,2025-05-08 23:00:00,0.10238,0.10321,0.10135,0.10184,2548773.6
1746741600000,2025-05-09 00:00:00,0.10184,0.10259,0.10123,0.10219,1263459.0
1746745200000,2025-05-09 01:00:00,0.10219,0.10377,0.10193,0.10374,2186577.1
1746748800000,2025-05-09 02:00:00,0.10374,0.10402,0.10264,0.10316,2432946.2
1746752400000,2025-05-09 03:00:00,0.10316,0.10468,0.1031,0.10447,1072954.7
1746756000000,2025-05-09 04:00:00,0.10447,0.10455,0.10369,0.10407,762039.3
1746759600000,2025-05-09 05:00:00,0.10407,0.10516,0.10286,0.10326,2623385.4
1746763200000,2025-05-09 06:00:00,0.10326,0.10391,0.10303,0.10325,993446.2
1746766800000,2025-05-09 07:00:00,0.10325,0.10418,0.10314,0.10413,707071.2
1746770400000,2025-05-09 08:00:00,0.10413,0.10496,0.10385,0.10496,945687.0
1746774000000,2025-05-09 09:00:00,0.10496,0.10766,0.10496,0.10628,5427117.8
1746777600000,2025-05-09 10:00:00,0.10628,0.10913,0.10511,0.1063,7484836.2
1746781200000,2025-05-09 11:00:00,0.1063,0.10732,0.10468,0.10619,4088258.1
1746784800000,2025-05-09 12:00:00,0.10619,0.11043,0.10593,0.11025,9588090.6
1746788400000,2025-05-09 13:00:00,0.11025,0.11191,0.10915,0.11102,19346486.8
1746792000000,2025-05-09 14:00:00,0.11102,0.11194,0.10992,0.11187,8463598.2
1746795600000,2025-05-09 15:00:00,0.11187,0.11369,0.11137,0.11335,7581882.0
1746799200000,2025-05-09 16:00:00,0.11335,0.11335,0.10966,0.11099,14232963.3
1746802800000,2025-05-09 17:00:00,0.11099,0.112,0.10995,0.11103,5585875.3
1746806400000,2025-05-09 18:00:00,0.11103,0.11118,0.10907,0.10924,5004457.4
1746810000000,2025-05-09 19:00:00,0.10924,0.11164,0.10913,0.11151,3971751.9
1746813600000,2025-05-09 20:00:00,0.11151,0.11162,0.11023,0.11025,3496181.8
1746817200000,2025-05-09 21:00:00,0.11025,0.11049,0.10949,0.11001,1268079.3
1746820800000,2025-05-09 22:00:00,0.11001,0.11077,0.10977,0.11076,1253823.7
1746824400000,2025-05-09 23:00:00,0.11076,0.11115,0.10995,0.11115,908077.1
1746828000000,2025-05-10 00:00:00,0.11115,0.11167,0.11053,0.11056,1931940.0
1746831600000,2025-05-10 01:00:00,0.11056,0.11227,0.11056,0.11226,4046674.9
1746835200000,2025-05-10 02:00:00,0.11226,0.11539,0.11152,0.11197,5275732.5
1746838800000,2025-05-10 03:00:00,0.11197,0.11399,0.11176,0.11272,2007387.0
1746842400000,2025-05-10 04:00:00,0.11272,0.11529,0.11259,0.11407,2513653.8
1746846000000,2025-05-10 05:00:00,0.11407,0.1162,0.11358,0.11609,3400442.1
1746849600000,2025-05-10 06:00:00,0.11609,0.11727,0.11494,0.11681,5089381.1
1746853200000,2025-05-10 07:00:00,0.11681,0.11957,0.11641,0.11926,7855381.9
1746856800000,2025-05-10 08:00:00,0.11926,0.11989,0.11657,0.11798,6139158.8
1746860400000,2025-05-10 09:00:00,0.11798,0.11958,0.11712,0.11913,6688899.1
1746864000000,2025-05-10 10:00:00,0.11913,0.12061,0.11784,0.11875,5034917.7
1746867600000,2025-05-10 11:00:00,0.11875,0.11956,0.11736,0.1192,3229655.3
1746871200000,2025-05-10 12:00:00,0.1192,0.11941,0.11733,0.11734,3620926.3
1746874800000,2025-05-10 13:00:00,0.11734,0.11822,0.11538,0.11601,5460707.4
1746878400000,2025-05-10 14:00:00,0.11601,0.11775,0.11597,0.1174,3061089.3
1746882000000,2025-05-10 15:00:00,0.1174,0.11947,0.1174,0.11902,2876313.7
1746885600000,2025-05-10 16:00:00,0.11902,0.11918,0.11767,0.11852,2693594.7
1746889200000,2025-05-10 17:00:00,0.11852,0.11856,0.11672,0.11715,3258158.6
1746892800000,2025-05-10 18:00:00,0.11715,0.11927,0.11673,0.11908,2472727.2
1746896400000,2025-05-10 19:00:00,0.11908,0.12086,0.11837,0.11866,5746214.3
1746900000000,2025-05-10 20:00:00,0.11866,0.11932,0.11791,0.1191,1952452.1
1746903600000,2025-05-10 21:00:00,0.1191,0.12125,0.119,0.12109,2557065.0
1746907200000,2025-05-10 22:00:00,0.12109,0.12225,0.12011,0.12193,2518139.5
1746910800000,2025-05-10 23:00:00,0.12193,0.12308,0.12145,0.12292,3821130.1
1746914400000,2025-05-11 00:00:00,0.12292,0.12437,0.12219,0.12429,2888284.5
1746918000000,2025-05-11 01:00:00,0.12429,0.12588,0.12392,0.12531,6374835.5
1746921600000,2025-05-11 02:00:00,0.12531,0.12621,0.12075,0.12259,8368400.1
1746925200000,2025-05-11 03:00:00,0.12259,0.12294,0.12053,0.12112,3346935.2
1746928800000,2025-05-11 04:00:00,0.12112,0.12354,0.12059,0.12175,3442681.7
1746932400000,2025-05-11 05:00:00,0.12175,0.12311,0.12091,0.12226,2211361.7
1746936000000,2025-05-11 06:00:00,0.12226,0.12377,0.12217,0.12377,1674605.4
1746939600000,2025-05-11 07:00:00,0.12377,0.12391,0.1223,0.12245,2540119.5
1746943200000,2025-05-11 08:00:00,0.12245,0.12252,0.11973,0.12039,4804518.7
1746946800000,2025-05-11 09:00:00,0.12039,0.12047,0.11722,0.11837,11217116.3
1746950400000,2025-05-11 10:00:00,0.11837,0.11949,0.1176,0.1179,3018992.0
1746954000000,2025-05-11 11:00:00,0.1179,0.12002,0.11781,0.11949,2126496.8
1746957600000,2025-05-11 12:00:00,0.11949,0.11993,0.11887,0.11979,1564256.1
1746961200000,2025-05-11 13:00:00,0.11979,0.12032,0.11962,0.12021,1451182.0
1746964800000,2025-05-11 14:00:00,0.12021,0.12061,0.11931,0.11991,2320631.6
1746968400000,2025-05-11 15:00:00,0.11991,0.12042,0.11663,0.11676,5913879.5
1746972000000,2025-05-11 16:00:00,0.11676,0.11831,0.11671,0.11796,3012297.6
1746975600000,2025-05-11 17:00:00,0.11796,0.11918,0.11625,0.11719,4751685.2
1746979200000,2025-05-11 18:00:00,0.11719,0.11752,0.11509,0.11648,6995858.9
1746982800000,2025-05-11 19:00:00,0.11648,0.11805,0.11619,0.11791,1471496.9
1746986400000,2025-05-11 20:00:00,0.11791,0.11913,0.11682,0.1188,2874849.3
1746990000000,2025-05-11 21:00:00,0.1188,0.11966,0.11879,0.11925,961005.8
1746993600000,2025-05-11 22:00:00,0.11925,0.11938,0.11792,0.11838,1451679.3
1746997200000,2025-05-11 23:00:00,0.11838,0.11909,0.11738,0.11908,1940556.4
1747000800000,2025-05-12 00:00:00,0.11908,0.11969,0.1172,0.11806,1679150.5
1747004400000,2025-05-12 01:00:00,0.11806,0.11881,0.11783,0.11827,1626762.1
1747008000000,2025-05-12 02:00:00,0.11827,0.1203,0.11814,0.1199,2353782.6
1747011600000,2025-05-12 03:00:00,0.1199,0.12136,0.11717,0.11856,5294803.6
1747015200000,2025-05-12 04:00:00,0.11856,0.12031,0.11856,0.11947,2762640.9
1747018800000,2025-05-12 05:00:00,0.11947,0.12097,0.1184,0.12096,2122863.4
1747022400000,2025-05-12 06:00:00,0.12096,0.12116,0.11985,0.12081,1942743.0
1747026000000,2025-05-12 07:00:00,0.12081,0.12098,0.11812,0.11897,3903710.4
1747029600000,2025-05-12 08:00:00,0.11897,0.12166,0.11846,0.12154,4950176.1
1747033200000,2025-05-12 09:00:00,0.12154,0.12556,0.12138,0.12235,8337333.5
1747036800000,2025-05-12 10:00:00,0.12235,0.12338,0.12057,0.12301,4302559.9
1747040400000,2025-05-12 11:00:00,0.12301,0.1251,0.12297,0.12373,4673721.3
1747044000000,2025-05-12 12:00:00,0.12373,0.12416,0.12238,0.12372,3575018.9
1747047600000,2025-05-12 13:00:00,0.12372,0.12409,0.12081,0.12107,1843552.3
1747051200000,2025-05-12 14:00:00,0.12107,0.12297,0.12078,0.12259,2364920.3
1747054800000,2025-05-12 15:00:00,0.12259,0.12381,0.12064,0.12212,6368941.8
1747058400000,2025-05-12 16:00:00,0.12212,0.12295,0.11772,0.11866,7056877.1
1747062000000,2025-05-12 17:00:00,0.11866,0.11949,0.11704,0.11778,11192853.4
1747065600000,2025-05-12 18:00:00,0.11778,0.11924,0.11711,0.11893,3012784.1
1747069200000,2025-05-12 19:00:00,0.11893,0.12005,0.11733,0.11765,2070192.8
1747072800000,2025-05-12 20:00:00,0.11765,0.11803,0.11217,0.11428,9661085.4
1747076400000,2025-05-12 21:00:00,0.11428,0.11644,0.11399,0.11612,2939713.6
1747080000000,2025-05-12 22:00:00,0.11612,0.11775,0.11541,0.11734,1478778.2
1747083600000,2025-05-12 23:00:00,0.11734,0.11816,0.11721,0.11785,1918659.2
1747087200000,2025-05-13 00:00:00,0.11785,0.1195,0.11748,0.11883,1493707.0
1747090800000,2025-05-13 01:00:00,0.11883,0.11933,0.11829,0.11833,1354844.6
1747094400000,2025-05-13 02:00:00,0.11833,0.11862,0.11625,0.11633,1718372.6
1747098000000,2025-05-13 03:00:00,0.11633,0.11683,0.11393,0.11425,2908238.6
1747101600000,2025-05-13 04:00:00,0.11425,0.11472,0.1122,0.11363,6147667.8
1747105200000,2025-05-13 05:00:00,0.11363,0.11395,0.11161,0.11164,3526201.9
1747108800000,2025-05-13 06:00:00,0.11164,0.11568,0.11117,0.11547,10337831.8
1747112400000,2025-05-13 07:00:00,0.11547,0.11597,0.11415,0.11486,2192333.3
1747116000000,2025-05-13 08:00:00,0.11486,0.11674,0.11486,0.11581,2957795.3
1747119600000,2025-05-13 09:00:00,0.11581,0.11745,0.11563,0.11618,4499431.8
1747123200000,2025-05-13 10:00:00,0.11618,0.1175,0.11601,0.117,3768343.2
1747126800000,2025-05-13 11:00:00,0.117,0.1193,0.11699,0.11923,3202327.4
1747130400000,2025-05-13 12:00:00,0.11923,0.12033,0.11863,0.12006,3963291.3
1747134000000,2025-05-13 13:00:00,0.12006,0.1206,0.1192,0.11988,4582867.5
1747137600000,2025-05-13 14:00:00,0.11988,0.12127,0.11825,0.12053,8998249.1
1747141200000,2025-05-13 15:00:00,0.12053,0.12157,0.11989,0.12029,4060413.1
1747144800000,2025-05-13 16:00:00,0.12029,0.12037,0.11807,0.11924,4790890.4
1747148400000,2025-05-13 17:00:00,0.11924,0.1213,0.11913,0.12112,3858542.7
1747152000000,2025-05-13 18:00:00,0.12112,0.12278,0.12084,0.12227,3335728.7
1747155600000,2025-05-13 19:00:00,0.12227,0.12352,0.12195,0.12327,2744282.4
1747159200000,2025-05-13 20:00:00,0.12327,0.12452,0.12266,0.12448,2126106.6
1747162800000,2025-05-13 21:00:00,0.12448,0.12762,0.12427,0.12662,5403110.9
1747166400000,2025-05-13 22:00:00,0.12662,0.12821,0.12522,0.12788,3763619.8
1747170000000,2025-05-13 23:00:00,0.12788,0.1308,0.12777,0.12849,7327271.9
1747173600000,2025-05-14 00:00:00,0.12849,0.12872,0.12714,0.12768,3283113.4
1747177200000,2025-05-14 01:00:00,0.12768,0.12874,0.12656,0.12785,2931997.2
1747180800000,2025-05-14 02:00:00,0.12785,0.13029,0.12784,0.12951,3050255.4
1747184400000,2025-05-14 03:00:00,0.12951,0.13119,0.12879,0.12918,3471537.9
1747188000000,2025-05-14 04:00:00,0.12918,0.12944,0.12716,0.12914,4165671.3
1747191600000,2025-05-14 05:00:00,0.12914,0.12921,0.12777,0.12806,2917520.0
1747195200000,2025-05-14 06:00:00,0.12806,0.12902,0.12693,0.12889,2319016.7
1747198800000,2025-05-14 07:00:00,0.12889,0.12926,0.12752,0.12829,2000137.4
1747202400000,2025-05-14 08:00:00,0.12829,0.12854,0.12731,0.12782,1074343.8
1747206000000,2025-05-14 09:00:00,0.12782,0.12782,0.12565,0.12627,2806409.6
1747209600000,2025-05-14 10:00:00,0.12627,0.12666,0.12318,0.12328,4985452.3
1747213200000,2025-05-14 11:00:00,0.12328,0.12443,0.12259,0.12414,3382528.3
1747216800000,2025-05-14 12:00:00,0.12414,0.12553,0.12413,0.1244,1876000.6
1747220400000,2025-05-14 13:00:00,0.1244,0.12584,0.1244,0.1256,1843007.3
1747224000000,2025-05-14 14:00:00,0.1256,0.12634,0.12377,0.12413,1474805.0
1747227600000,2025-05-14 15:00:00,0.12413,0.12488,0.12194,0.12377,4673300.3
1747231200000,2025-05-14 16:00:00,0.12377,0.12377,0.12139,0.12226,2209521.3
1747234800000,2025-05-14 17:00:00,0.12226,0.12275,0.12131,0.12265,2795588.9
1747238400000,2025-05-14 18:00:00,0.12265,0.12321,0.12165,0.12249,2570576.5
1747242000000,2025-05-14 19:00:00,0.12249,0.12326,0.12104,0.12326,2269364.5
1747245600000,2025-05-14 20:00:00,0.12326,0.12384,0.12258,0.12325,2640777.4
1747249200000,2025-05-14 21:00:00,0.12325,0.12349,0.12262,0.12301,429833.6
1747252800000,2025-05-14 22:00:00,0.12301,0.12338,0.12261,0.12263,705985.5
1747256400000,2025-05-14 23:00:00,0.12263,0.12281,0.12175,0.12274,1140420.9
1747260000000,2025-05-15 00:00:00,0.12274,0.12278,0.12105,0.12147,1149649.3
1747263600000,2025-05-15 01:00:00,0.12147,0.1219,0.12031,0.12168,2455803.7
1747267200000,2025-05-15 02:00:00,0.12168,0.12326,0.12145,0.123,1474721.4
1747270800000,2025-05-15 03:00:00,0.123,0.12311,0.11876,0.11928,4293154.8
1747274400000,2025-05-15 04:00:00,0.11928,0.12118,0.11883,0.12062,1285369.4
1747278000000,2025-05-15 05:00:00,0.12062,0.12079,0.11908,0.11936,762960.9
1747281600000,2025-05-15 06:00:00,0.11936,0.11996,0.11877,0.11946,638616.9
1747285200000,2025-05-15 07:00:00,0.11946,0.11953,0.11663,0.11684,3002475.1
1747288800000,2025-05-15 08:00:00,0.11684,0.11773,0.11545,0.11643,3463158.9
1747292400000,2025-05-15 09:00:00,0.11643,0.11669,0.11372,0.11425,4813165.6
1747296000000,2025-05-15 10:00:00,0.11425,0.11596,0.11425,0.11575,2922347.5
1747299600000,2025-05-15 11:00:00,0.11575,0.11584,0.1123,0.11341,6162464.0
1747303200000,2025-05-15 12:00:00,0.11341,0.11345,0.11207,0.11298,2133931.7
1747306800000,2025-05-15 13:00:00,0.11298,0.11499,0.1129,0.11458,2651271.8
1747310400000,2025-05-15 14:00:00,0.11458,0.11628,0.11413,0.11524,7365551.4
1747314000000,2025-05-15 15:00:00,0.11524,0.11622,0.11284,0.11391,5471843.5
1747317600000,2025-05-15 16:00:00,0.11391,0.11445,0.11191,0.11336,4274810.0
1747321200000,2025-05-15 17:00:00,0.11336,0.11678,0.1125,0.11665,4143363.7
1747324800000,2025-05-15 18:00:00,0.11665,0.11827,0.11544,0.11826,2644515.1
1747328400000,2025-05-15 19:00:00,0.11826,0.11872,0.1169,0.11708,1950155.4
1747332000000,2025-05-15 20:00:00,0.11708,0.11732,0.11368,0.11403,3609350.4
1747335600000,2025-05-15 21:00:00,0.11403,0.11552,0.11343,0.11488,2797380.7
1747339200000,2025-05-15 22:00:00,0.11488,0.1156,0.1134,0.1141,5779402.9
1747342800000,2025-05-15 23:00:00,0.1141,0.11444,0.1121,0.11389,1702466.4
1747346400000,2025-05-16 00:00:00,0.11389,0.11526,0.11328,0.11328,1553654.9
1747350000000,2025-05-16 01:00:00,0.11328,0.11424,0.11103,0.114,3385460.9
1747353600000,2025-05-16 02:00:00,0.114,0.11455,0.11306,0.11319,2755858.5
1747357200000,2025-05-16 03:00:00,0.11319,0.11448,0.11211,0.11411,2384528.6
1747360800000,2025-05-16 04:00:00,0.11411,0.116,0.11401,0.11512,6038550.1
1747364400000,2025-05-16 05:00:00,0.11512,0.11545,0.11445,0.11503,1556331.0
1747368000000,2025-05-16 06:00:00,0.11503,0.11552,0.11319,0.11406,3070532.6
1747371600000,2025-05-16 07:00:00,0.11406,0.11505,0.11406,0.11435,1477871.2
1747375200000,2025-05-16 08:00:00,0.11435,0.11505,0.11393,0.11449,2109966.6
1747378800000,2025-05-16 09:00:00,0.11449,0.11531,0.1137,0.11447,3670252.1
1747382400000,2025-05-16 10:00:00,0.11447,0.11471,0.11237,0.1134,3584553.3
1747386000000,2025-05-16 11:00:00,0.1134,0.11537,0.11335,0.11533,1663460.1
1747389600000,2025-05-16 12:00:00,0.11533,0.11604,0.11475,0.11587,2093148.9
1747393200000,2025-05-16 13:00:00,0.11587,0.11632,0.1148,0.11498,2218936.2
1747396800000,2025-05-16 14:00:00,0.11498,0.11534,0.11392,0.11396,1480450.1
1747400400000,2025-05-16 15:00:00,0.11396,0.11573,0.11378,0.11559,3526470.0
1747404000000,2025-05-16 16:00:00,0.11559,0.11561,0.11218,0.11297,5678225.9
1747407600000,2025-05-16 17:00:00,0.11297,0.11428,0.11285,0.1133,2588671.1
1747411200000,2025-05-16 18:00:00,0.1133,0.11395,0.11179,0.11336,4484621.9
1747414800000,2025-05-16 19:00:00,0.11336,0.11355,0.11152,0.11197,2730152.8
1747418400000,2025-05-16 20:00:00,0.11197,0.11253,0.11179,0.11201,853474.3
1747422000000,2025-05-16 21:00:00,0.11201,0.11288,0.11188,0.11275,684048.2
1747425600000,2025-05-16 22:00:00,0.11275,0.11276,0.1106,0.11151,3714305.8
1747429200000,2025-05-16 23:00:00,0.11151,0.11205,0.11094,0.11116,1021783.8
1747432800000,2025-05-17 00:00:00,0.11116,0.11116,0.10879,0.11007,5870375.2
1747436400000,2025-05-17 01:00:00,0.11007,0.11107,0.10994,0.11004,1876291.8
1747440000000,2025-05-17 02:00:00,0.11004,0.1104,0.10791,0.1085,3742431.3
1747443600000,2025-05-17 03:00:00,0.1085,0.1085,0.10535,0.10655,5821151.5
1747447200000,2025-05-17 04:00:00,0.10655,0.10792,0.10564,0.1065,5667335.6
1747450800000,2025-05-17 05:00:00,0.1065,0.10746,0.10525,0.10731,3085352.5
1747454400000,2025-05-17 06:00:00,0.10731,0.10896,0.10708,0.10869,1462671.0
1747458000000,2025-05-17 07:00:00,0.10869,0.10883,0.10711,0.10726,1908510.5
1747461600000,2025-05-17 08:00:00,0.10726,0.10802,0.1067,0.10786,1318727.1
1747465200000,2025-05-17 09:00:00,0.10786,0.10857,0.10722,0.10791,1992035.5
1747468800000,2025-05-17 10:00:00,0.10791,0.10793,0.10673,0.10679,1642486.3
1747472400000,2025-05-17 11:00:00,0.10679,0.10723,0.10608,0.10676,1696573.5
1747476000000,2025-05-17 12:00:00,0.10676,0.10785,0.10655,0.1072,964489.7
1747479600000,2025-05-17 13:00:00,0.1072,0.10752,0.10623,0.10686,1328421.1
1747483200000,2025-05-17 14:00:00,0.10686,0.10706,0.10592,0.1061,1152146.6
1747486800000,2025-05-17 15:00:00,0.1061,0.1068,0.10501,0.10554,3396736.2
1747490400000,2025-05-17 16:00:00,0.10554,0.10715,0.1055,0.10692,1597398.4
1747494000000,2025-05-17 17:00:00,0.10692,0.10712,0.10635,0.10636,972860.4
1747497600000,2025-05-17 18:00:00,0.10636,0.10636,0.10379,0.10527,5267580.9
1747501200000,2025-05-17 19:00:00,0.10527,0.10669,0.10504,0.10546,2607194.0
1747504800000,2025-05-17 20:00:00,0.10546,0.10669,0.10481,0.10488,5035476.8
1747508400000,2025-05-17 21:00:00,0.10488,0.10607,0.10468,0.10519,1228186.7
1747512000000,2025-05-17 22:00:00,0.10519,0.10714,0.10497,0.10696,1971696.5
1747515600000,2025-05-17 23:00:00,0.10696,0.10705,0.10567,0.10615,2111048.4
1747519200000,2025-05-18 00:00:00,0.10615,0.10619,0.10429,0.10489,1714963.6
1747522800000,2025-05-18 01:00:00,0.10489,0.10577,0.10473,0.10555,809588.6
1747526400000,2025-05-18 02:00:00,0.10555,0.10613,0.10503,0.10575,1235368.1
1747530000000,2025-05-18 03:00:00,0.10575,0.10638,0.10495,0.10604,991293.1
1747533600000,2025-05-18 04:00:00,0.10604,0.10642,0.1054,0.10562,1189590.8
1747537200000,2025-05-18 05:00:00,0.10562,0.10619,0.10487,0.10555,3089577.4
1747540800000,2025-05-18 06:00:00,0.10555,0.10684,0.10548,0.10665,1152849.3
1747544400000,2025-05-18 07:00:00,0.10665,0.10925,0.10665,0.10917,2914053.4
1747548000000,2025-05-18 08:00:00,0.10917,0.1096,0.1084,0.10865,2627537.2
1747551600000,2025-05-18 09:00:00,0.10865,0.11043,0.10854,0.11026,3276403.6
1747555200000,2025-05-18 10:00:00,0.11026,0.11157,0.11025,0.11109,3211616.4
1747558800000,2025-05-18 11:00:00,0.11109,0.11167,0.11029,0.11067,1374933.6
1747562400000,2025-05-18 12:00:00,0.11067,0.11092,0.10994,0.11041,974197.2
1747566000000,2025-05-18 13:00:00,0.11041,0.11095,0.10983,0.10984,1319877.1
1747569600000,2025-05-18 14:00:00,0.10984,0.11067,0.10887,0.11061,3189499.9
1747573200000,2025-05-18 15:00:00,0.11061,0.11227,0.1103,0.11213,1936462.7
1747576800000,2025-05-18 16:00:00,0.11213,0.11481,0.11198,0.11424,6631322.4
1747580400000,2025-05-18 17:00:00,0.11424,0.11575,0.11371,0.11537,3315330.2
1747584000000,2025-05-18 18:00:00,0.11537,0.11648,0.11485,0.11579,4939837.6
1747587600000,2025-05-18 19:00:00,0.11579,0.11584,0.11187,0.11203,4203437.1
1747591200000,2025-05-18 20:00:00,0.11203,0.11212,0.10927,0.11044,6034052.5
1747594800000,2025-05-18 21:00:00,0.11044,0.11084,0.10758,0.10766,4866456.8
1747598400000,2025-05-18 22:00:00,0.10766,0.10877,0.10527,0.10854,8825130.1
1747602000000,2025-05-18 23:00:00,0.10854,0.11092,0.10854,0.10952,1852567.3
1747605600000,2025-05-19 00:00:00,0.10952,0.11166,0.10835,0.11166,2931692.2
1747609200000,2025-05-19 01:00:00,0.11166,0.11507,0.11092,0.1145,4487895.5
1747612800000,2025-05-19 02:00:00,0.1145,0.11483,0.11072,0.11108,6410209.1
1747616400000,2025-05-19 03:00:00,0.11108,0.11148,0.10959,0.1098,1894924.2
1747620000000,2025-05-19 04:00:00,0.1098,0.11027,0.10841,0.10894,1407464.1
1747623600000,2025-05-19 05:00:00,0.10894,0.10894,0.10739,0.10774,1694579.7
1747627200000,2025-05-19 06:00:00,0.10774,0.10832,0.10586,0.10653,2608747.2
1747630800000,2025-05-19 07:00:00,0.10653,0.10732,0.10595,0.10688,4110642.1
1747634400000,2025-05-19 08:00:00,0.10688,0.10786,0.10484,0.10485,2916439.6
1747638000000,2025-05-19 09:00:00,0.10485,0.10768,0.10476,0.10699,1994163.9
1747641600000,2025-05-19 10:00:00,0.10699,0.10714,0.10581,0.1062,1512195.0
1747645200000,2025-05-19 11:00:00,0.1062,0.10681,0.10541,0.10554,3811781.3
1747648800000,2025-05-19 12:00:00,0.10554,0.10683,0.10534,0.10628,1401797.7
1747652400000,2025-05-19 13:00:00,0.10628,0.10674,0.10591,0.10645,746179.7
1747656000000,2025-05-19 14:00:00,0.10645,0.10657,0.10445,0.10509,2096780.0
1747659600000,2025-05-19 15:00:00,0.10509,0.10806,0.10509,0.1074,5536254.2
1747663200000,2025-05-19 16:00:00,0.1074,0.10915,0.1069,0.10862,6899315.9
1747666800000,2025-05-19 17:00:00,0.10862,0.1097,0.10856,0.10921,2570702.4
1747670400000,2025-05-19 18:00:00,0.10921,0.11079,0.10824,0.11044,2218500.6
1747674000000,2025-05-19 19:00:00,0.11044,0.11196,0.11005,0.11028,2206037.1
1747677600000,2025-05-19 20:00:00,0.11028,0.1108,0.10858,0.10936,3772395.9
1747681200000,2025-05-19 21:00:00,0.10936,0.11033,0.10904,0.10985,3571504.1
1747684800000,2025-05-19 22:00:00,0.10985,0.11013,0.10921,0.10946,1300507.3
1747688400000,2025-05-19 23:00:00,0.10946,0.11008,0.10851,0.11006,1506435.1
1747692000000,2025-05-20 00:00:00,0.11006,0.11006,0.10897,0.10934,1168183.9
1747695600000,2025-05-20 01:00:00,0.10934,0.11052,0.10914,0.11032,1276423.7
1747699200000,2025-05-20 02:00:00,0.11032,0.11172,0.10891,0.10903,4511734.6
1747702800000,2025-05-20 03:00:00,0.10903,0.1125,0.10883,0.11187,4730666.0
1747706400000,2025-05-20 04:00:00,0.11187,0.11418,0.11187,0.11218,4618274.1
1747710000000,2025-05-20 05:00:00,0.11218,0.1124,0.11055,0.11128,2479069.6
1747713600000,2025-05-20 06:00:00,0.11128,0.11145,0.11038,0.11122,3010324.3
1747717200000,2025-05-20 07:00:00,0.11122,0.11209,0.11111,0.11115,3991708.5
1747720800000,2025-05-20 08:00:00,0.11115,0.11154,0.10968,0.11028,2763918.3
1747724400000,2025-05-20 09:00:00,0.11028,0.11046,0.10873,0.10897,4063084.9
1747728000000,2025-05-20 10:00:00,0.10897,0.10929,0.10764,0.10835,3653062.0
1747731600000,2025-05-20 11:00:00,0.10835,0.10853,0.10743,0.10761,2432009.3
1747735200000,2025-05-20 12:00:00,0.10761,0.10794,0.10645,0.10693,2632733.4
1747738800000,2025-05-20 13:00:00,0.10693,0.10733,0.10584,0.10696,1895288.4
1747742400000,2025-05-20 14:00:00,0.10696,0.10783,0.1057,0.10634,3684787.8
1747746000000,2025-05-20 15:00:00,0.10634,0.10727,0.10628,0.1069,1791526.6
1747749600000,2025-05-20 16:00:00,0.1069,0.10756,0.10632,0.10662,1768495.5
1747753200000,2025-05-20 17:00:00,0.10662,0.10826,0.10648,0.10795,2617263.7
1747756800000,2025-05-20 18:00:00,0.10795,0.10813,0.10641,0.10657,2096498.6
1747760400000,2025-05-20 19:00:00,0.10657,0.10939,0.10657,0.10841,6109130.7
1747764000000,2025-05-20 20:00:00,0.10841,0.10871,0.10584,0.10606,2038127.3
1747767600000,2025-05-20 21:00:00,0.10606,0.10993,0.10584,0.10955,3944912.2
1747771200000,2025-05-20 22:00:00,0.10955,0.11145,0.109,0.11117,3520377.6
1747774800000,2025-05-20 23:00:00,0.11117,0.11211,0.11051,0.11144,3197759.8
1747778400000,2025-05-21 00:00:00,0.11144,0.11186,0.10971,0.11064,1931951.5
1747782000000,2025-05-21 01:00:00,0.11064,0.11195,0.10996,0.11073,2845713.4
1747785600000,2025-05-21 02:00:00,0.11073,0.11168,0.11023,0.11109,4121107.1
1747789200000,2025-05-21 03:00:00,0.11109,0.11149,0.10972,0.10989,4719160.5
1747792800000,2025-05-21 04:00:00,0.10989,0.11126,0.1087,0.1111,3199941.4
1747796400000,2025-05-21 05:00:00,0.1111,0.11342,0.11078,0.11256,4223039.0
1747800000000,2025-05-21 06:00:00,0.11256,0.1136,0.11129,0.11229,3329001.3
1747803600000,2025-05-21 07:00:00,0.11229,0.11466,0.11228,0.11385,2466228.0
1747807200000,2025-05-21 08:00:00,0.11385,0.1142,0.11289,0.11357,2674775.9
1747810800000,2025-05-21 09:00:00,0.11357,0.11377,0.1112,0.11181,2554197.2
1747814400000,2025-05-21 10:00:00,0.11181,0.11199,0.11005,0.11005,2497291.2
1747818000000,2025-05-21 11:00:00,0.11005,0.11031,0.1086,0.10905,5273138.9
1747821600000,2025-05-21 12:00:00,0.10905,0.10961,0.10872,0.10934,982385.0
1747825200000,2025-05-21 13:00:00,0.10934,0.11111,0.10914,0.11037,2596225.9
1747828800000,2025-05-21 14:00:00,0.11037,0.11136,0.10957,0.11018,3091888.1
1747832400000,2025-05-21 15:00:00,0.11018,0.11144,0.10945,0.11064,1911275.0
1747836000000,2025-05-21 16:00:00,0.11064,0.11246,0.10963,0.11246,5825594.0
1747839600000,2025-05-21 17:00:00,0.11246,0.11292,0.11151,0.11265,3825370.2
1747843200000,2025-05-21 18:00:00,0.11265,0.11627,0.1122,0.11462,3573961.6
1747846800000,2025-05-21 19:00:00,0.11462,0.11522,0.10905,0.11014,9629772.1
1747850400000,2025-05-21 20:00:00,0.11014,0.11208,0.10952,0.11033,7114856.9
1747854000000,2025-05-21 21:00:00,0.11033,0.11262,0.10989,0.11238,6198086.3
1747857600000,2025-05-21 22:00:00,0.11238,0.113,0.11158,0.11283,5448301.7
1747861200000,2025-05-21 23:00:00,0.11283,0.11333,0.11206,0.11224,1480674.7
1747864800000,2025-05-22 00:00:00,0.11224,0.11379,0.11224,0.11368,1629959.4
1747868400000,2025-05-22 01:00:00,0.11368,0.11569,0.11335,0.11438,2607932.8
1747872000000,2025-05-22 02:00:00,0.11438,0.11642,0.11438,0.11642,1763686.6
1747875600000,2025-05-22 03:00:00,0.11642,0.11679,0.11516,0.11552,2605646.3
1747879200000,2025-05-22 04:00:00,0.11552,0.11648,0.11524,0.11619,1602443.9
1747882800000,2025-05-22 05:00:00,0.11619,0.11807,0.11551,0.11767,2051455.4
1747886400000,2025-05-22 06:00:00,0.11767,0.11789,0.11684,0.11756,1677898.6
1747890000000,2025-05-22 07:00:00,0.11756,0.11848,0.11692,0.11697,1915733.6
1747893600000,2025-05-22 08:00:00,0.11697,0.11762,0.11649,0.11671,2123289.4
1747897200000,2025-05-22 09:00:00,0.11671,0.1182,0.11642,0.11806,1014815.5
1747900800000,2025-05-22 10:00:00,0.11806,0.11989,0.11784,0.11954,2290116.9
1747904400000,2025-05-22 11:00:00,0.11954,0.12101,0.11938,0.1201,2464141.8
1747908000000,2025-05-22 12:00:00,0.1201,0.12097,0.11942,0.11971,1955890.0
1747911600000,2025-05-22 13:00:00,0.11971,0.1201,0.11863,0.11946,1938341.3
1747915200000,2025-05-22 14:00:00,0.11946,0.12039,0.11914,0.11993,3349649.2
1747918800000,2025-05-22 15:00:00,0.11993,0.12005,0.11817,0.11852,3102598.3
1747922400000,2025-05-22 16:00:00,0.11852,0.12153,0.11851,0.12119,3623558.8
1747926000000,2025-05-22 17:00:00,0.12119,0.12373,0.12119,0.12209,4937779.1
1747929600000,2025-05-22 18:00:00,0.12209,0.1234,0.12102,0.12116,3784645.5
1747933200000,2025-05-22 19:00:00,0.12116,0.12271,0.12087,0.12233,1901327.4
1747936800000,2025-05-22 20:00:00,0.12233,0.12326,0.12185,0.12304,1081724.2
1747940400000,2025-05-22 21:00:00,0.12304,0.12335,0.1206,0.12114,3567430.3
1747944000000,2025-05-22 22:00:00,0.12114,0.12257,0.12081,0.12092,1272273.1
1747947600000,2025-05-22 23:00:00,0.12092,0.12095,0.11962,0.12013,3007090.4
1747951200000,2025-05-23 00:00:00,0.12013,0.12153,0.12013,0.12045,1179636.3
1747954800000,2025-05-23 01:00:00,0.12045,0.12232,0.12045,0.12232,2329309.8
1747958400000,2025-05-23 02:00:00,0.12232,0.12245,0.12067,0.12134,2469450.1
1747962000000,2025-05-23 03:00:00,0.12134,0.12355,0.12073,0.12282,2016435.4
1747965600000,2025-05-23 04:00:00,0.12282,0.12514,0.12264,0.12424,2465877.2
1747969200000,2025-05-23 05:00:00,0.12424,0.12533,0.12279,0.12391,6225831.2
1747972800000,2025-05-23 06:00:00,0.12391,0.12419,0.12027,0.12129,4845627.4
1747976400000,2025-05-23 07:00:00,0.12129,0.12172,0.11978,0.1212,1821536.3
1747980000000,2025-05-23 08:00:00,0.1212,0.12131,0.11795,0.1187,6449276.7
1747983600000,2025-05-23 09:00:00,0.1187,0.11974,0.11831,0.11843,1324047.6
1747987200000,2025-05-23 10:00:00,0.11843,0.12005,0.11843,0.11977,2998408.0
1747990800000,2025-05-23 11:00:00,0.11977,0.12173,0.11956,0.12151,3960643.0
1747994400000,2025-05-23 12:00:00,0.12151,0.12158,0.11999,0.12128,1919250.4
1747998000000,2025-05-23 13:00:00,0.12128,0.12129,0.11398,0.11489,16675820.1
1748001600000,2025-05-23 14:00:00,0.11489,0.115,0.11135,0.11389,12227381.2
1748005200000,2025-05-23 15:00:00,0.11389,0.11655,0.11324,0.11643,6069201.9
1748008800000,2025-05-23 16:00:00,0.11643,0.11679,0.11545,0.11604,2481060.5
1748012400000,2025-05-23 17:00:00,0.11604,0.11651,0.11431,0.11431,3652488.5
1748016000000,2025-05-23 18:00:00,0.11431,0.11525,0.11325,0.11494,4119588.0
1748019600000,2025-05-23 19:00:00,0.11494,0.11601,0.1148,0.11529,2449741.0
1748023200000,2025-05-23 20:00:00,0.11529,0.11544,0.11318,0.11353,3137772.7
1748026800000,2025-05-23 21:00:00,0.11353,0.11434,0.11323,0.11342,1355030.5
1748030400000,2025-05-23 22:00:00,0.11342,0.11342,0.11179,0.11192,2205514.1
1748034000000,2025-05-23 23:00:00,0.11192,0.11284,0.11147,0.112,1543702.5
1748037600000,2025-05-24 00:00:00,0.112,0.11269,0.11095,0.11109,2271695.9
1748041200000,2025-05-24 01:00:00,0.11109,0.11123,0.10824,0.10913,6166198.5
1748044800000,2025-05-24 02:00:00,0.10913,0.11021,0.10821,0.10913,2344906.7
1748048400000,2025-05-24 03:00:00,0.10913,0.11142,0.1091,0.10943,10266910.7
1748052000000,2025-05-24 04:00:00,0.10943,0.11014,0.10907,0.10994,1201355.8
1748055600000,2025-05-24 05:00:00,0.10994,0.11142,0.10981,0.11082,2019871.1
1748059200000,2025-05-24 06:00:00,0.11082,0.11139,0.11028,0.1109,1631927.7
1748062800000,2025-05-24 07:00:00,0.1109,0.11105,0.10966,0.11025,2470411.9
1748066400000,2025-05-24 08:00:00,0.11025,0.11064,0.1091,0.10978,1515559.2
1748070000000,2025-05-24 09:00:00,0.10978,0.11061,0.10915,0.10927,3619375.9
1748073600000,2025-05-24 10:00:00,0.10927,0.10969,0.10852,0.10969,1786743.3
1748077200000,2025-05-24 11:00:00,0.10969,0.11008,0.10901,0.10907,1188466.1
1748080800000,2025-05-24 12:00:00,0.10907,0.11096,0.10891,0.11059,4423788.0
1748084400000,2025-05-24 13:00:00,0.11059,0.11117,0.11034,0.11046,4413460.5
1748088000000,2025-05-24 14:00:00,0.11046,0.11065,0.10939,0.11016,2636705.3
1748091600000,2025-05-24 15:00:00,0.11016,0.11049,0.1096,0.10966,1074618.6
1748095200000,2025-05-24 16:00:00,0.10966,0.11071,0.10943,0.11055,1068986.4
1748098800000,2025-05-24 17:00:00,0.11055,0.11085,0.1095,0.11008,1149281.9
1748102400000,2025-05-24 18:00:00,0.11008,0.11009,0.10894,0.10968,1588068.8
1748106000000,2025-05-24 19:00:00,0.10968,0.11073,0.10945,0.10954,1894370.9
1748109600000,2025-05-24 20:00:00,0.10954,0.11009,0.1085,0.1088,3989229.9
1748113200000,2025-05-24 21:00:00,0.1088,0.10944,0.10865,0.10924,772045.3
1748116800000,2025-05-24 22:00:00,0.10924,0.10976,0.10879,0.10918,1156252.5
1748120400000,2025-05-24 23:00:00,0.10918,0.10919,0.10795,0.10892,2473246.1
1748124000000,2025-05-25 00:00:00,0.10892,0.10895,0.10736,0.10746,1807449.2
1748127600000,2025-05-25 01:00:00,0.10746,0.10828,0.10708,0.10792,2454859.9
1748131200000,2025-05-25 02:00:00,0.10792,0.10834,0.10564,0.10594,4641081.5
1748134800000,2025-05-25 03:00:00,0.10594,0.10623,0.10484,0.10558,3720751.9
1748138400000,2025-05-25 04:00:00,0.10558,0.10661,0.10503,0.10646,1311814.9
1748142000000,2025-05-25 05:00:00,0.10646,0.10737,0.10644,0.107,901676.8
1748145600000,2025-05-25 06:00:00,0.107,0.10717,0.1063,0.10713,1197059.3
1748149200000,2025-05-25 07:00:00,0.10713,0.10742,0.10684,0.10739,2002833.1
1748152800000,2025-05-25 08:00:00,0.10739,0.10752,0.1065,0.10686,786139.0
1748156400000,2025-05-25 09:00:00,0.10686,0.10686,0.10552,0.10587,1140502.5
1748160000000,2025-05-25 10:00:00,0.10587,0.10589,0.10374,0.10442,4855404.2
1748163600000,2025-05-25 11:00:00,0.10442,0.10496,0.10384,0.1049,2912145.5
1748167200000,2025-05-25 12:00:00,0.1049,0.1052,0.10441,0.10448,789261.4
1748170800000,2025-05-25 13:00:00,0.10448,0.10533,0.10429,0.1053,1731146.8
1748174400000,2025-05-25 14:00:00,0.1053,0.10653,0.10471,0.10644,2042857.8
1748178000000,2025-05-25 15:00:00,0.10644,0.10691,0.10593,0.10642,1764067.9
1748181600000,2025-05-25 16:00:00,0.10642,0.10665,0.10504,0.10545,2245788.3
1748185200000,2025-05-25 17:00:00,0.10545,0.1057,0.10363,0.10536,4825992.5
1748188800000,2025-05-25 18:00:00,0.10536,0.10537,0.10375,0.10452,1689807.1
1748192400000,2025-05-25 19:00:00,0.10452,0.10508,0.10431,0.10479,1536402.3
1748196000000,2025-05-25 20:00:00,0.10479,0.10525,0.10447,0.10466,664593.5
1748199600000,2025-05-25 21:00:00,0.10466,0.10608,0.10456,0.10554,1936545.2
1748203200000,2025-05-25 22:00:00,0.10554,0.10604,0.10474,0.10562,1885760.9
1748206800000,2025-05-25 23:00:00,0.10562,0.10629,0.1045,0.1051,2039155.6
1748210400000,2025-05-26 00:00:00,0.1051,0.10932,0.10506,0.10919,2911101.8
1748214000000,2025-05-26 01:00:00,0.10919,0.11023,0.10879,0.11013,2882559.5
1748217600000,2025-05-26 02:00:00,0.11013,0.11219,0.10972,0.11209,3528001.2
1748221200000,2025-05-26 03:00:00,0.11209,0.11247,0.11099,0.11148,2100071.3
1748224800000,2025-05-26 04:00:00,0.11148,0.11189,0.11072,0.11091,1043279.9
1748228400000,2025-05-26 05:00:00,0.11091,0.11213,0.11041,0.11158,1176334.3
1748232000000,2025-05-26 06:00:00,0.11158,0.11233,0.11136,0.11202,1414907.5
1748235600000,2025-05-26 07:00:00,0.11202,0.11266,0.11147,0.11254,1394730.8
1748239200000,2025-05-26 08:00:00,0.11254,0.11401,0.11238,0.11379,1537279.1
1748242800000,2025-05-26 09:00:00,0.11379,0.11493,0.11355,0.11421,4356519.2
1748246400000,2025-05-26 10:00:00,0.11421,0.11477,0.11344,0.11373,2384179.4
1748250000000,2025-05-26 11:00:00,0.11373,0.11426,0.11221,0.11236,2395813.8
1748253600000,2025-05-26 12:00:00,0.11236,0.11266,0.11138,0.11172,1282391.8
1748257200000,2025-05-26 13:00:00,0.11172,0.11216,0.11099,0.11176,2394793.5
1748260800000,2025-05-26 14:00:00,0.11176,0.11251,0.11088,0.11225,2621101.7
1748264400000,2025-05-26 15:00:00,0.11225,0.1126,0.10986,0.11033,5254164.2
1748268000000,2025-05-26 16:00:00,0.11033,0.11047,0.10932,0.11002,1986392.2
1748271600000,2025-05-26 17:00:00,0.11002,0.11319,0.10967,0.11204,6240490.7
1748275200000,2025-05-26 18:00:00,0.11204,0.11291,0.10982,0.1103,5043864.5
1748278800000,2025-05-26 19:00:00,0.1103,0.11063,0.10817,0.10872,5985314.9
1748282400000,2025-05-26 20:00:00,0.10872,0.10964,0.10836,0.1086,1499176.7
1748286000000,2025-05-26 21:00:00,0.1086,0.10896,0.1078,0.10839,1817006.3
1748289600000,2025-05-26 22:00:00,0.10839,0.10999,0.10785,0.10999,4704645.9
1748293200000,2025-05-26 23:00:00,0.10999,0.11007,0.10928,0.10976,2240401.2
1748296800000,2025-05-27 00:00:00,0.10976,0.11079,0.10923,0.10948,2661486.6
1748300400000,2025-05-27 01:00:00,0.10948,0.11004,0.10903,0.11004,1138024.6
1748304000000,2025-05-27 02:00:00,0.11004,0.11083,0.10876,0.10883,2382528.0
1748307600000,2025-05-27 03:00:00,0.10883,0.10885,0.10667,0.10751,5175149.1
1748311200000,2025-05-27 04:00:00,0.10751,0.10887,0.1075,0.1084,2775433.4
1748314800000,2025-05-27 05:00:00,0.1084,0.11022,0.10836,0.1091,3392853.8
1748318400000,2025-05-27 06:00:00,0.1091,0.11013,0.10878,0.10923,3152329.1
1748322000000,2025-05-27 07:00:00,0.10923,0.10997,0.10831,0.10986,2954794.9
1748325600000,2025-05-27 08:00:00,0.10986,0.11287,0.10984,0.11111,6227983.9
1748329200000,2025-05-27 09:00:00,0.11111,0.11247,0.11111,0.112,1886048.1
1748332800000,2025-05-27 10:00:00,0.112,0.11326,0.112,0.1127,2250786.6
1748336400000,2025-05-27 11:00:00,0.1127,0.11293,0.11175,0.1125,2583447.9
1748340000000,2025-05-27 12:00:00,0.1125,0.11304,0.11201,0.11288,2105579.3
1748343600000,2025-05-27 13:00:00,0.11288,0.11304,0.11184,0.11288,2257921.8
1748347200000,2025-05-27 14:00:00,0.11288,0.11351,0.11231,0.11324,2750614.1
1748350800000,2025-05-27 15:00:00,0.11324,0.11507,0.11265,0.11285,4640711.9
1748354400000,2025-05-27 16:00:00,0.11285,0.11322,0.11063,0.11147,6474131.2
1748358000000,2025-05-27 17:00:00,0.11147,0.11285,0.11091,0.11275,4582567.6
1748361600000,2025-05-27 18:00:00,0.11275,0.11412,0.11228,0.11389,1876946.8
1748365200000,2025-05-27 19:00:00,0.11389,0.11467,0.11336,0.11392,2159703.3
1748368800000,2025-05-27 20:00:00,0.11392,0.11425,0.11265,0.11312,1772495.0
1748372400000,2025-05-27 21:00:00,0.11312,0.11312,0.11239,0.11271,3050333.3
1748376000000,2025-05-27 22:00:00,0.11271,0.11353,0.11262,0.11313,1036644.5
1748379600000,2025-05-27 23:00:00,0.11313,0.11332,0.11182,0.11201,1763145.9
1748383200000,2025-05-28 00:00:00,0.11201,0.11222,0.11083,0.11151,1845293.6
1748386800000,2025-05-28 01:00:00,0.11151,0.11161,0.11081,0.11142,1184698.6
1748390400000,2025-05-28 02:00:00,0.11142,0.11224,0.10994,0.11222,3658535.4
1748394000000,2025-05-28 03:00:00,0.11222,0.11237,0.11108,0.11117,2930479.9
1748397600000,2025-05-28 04:00:00,0.11117,0.11129,0.1101,0.11104,1902896.2
1748401200000,2025-05-28 05:00:00,0.11104,0.11225,0.11087,0.11207,1661830.5
1748404800000,2025-05-28 06:00:00,0.11207,0.11238,0.11086,0.11194,3515922.6
1748408400000,2025-05-28 07:00:00,0.11194,0.11307,0.1116,0.1127,4237056.4
1748412000000,2025-05-28 08:00:00,0.1127,0.1127,0.11074,0.11092,2675370.0
1748415600000,2025-05-28 09:00:00,0.11092,0.11155,0.11037,0.11037,2562934.7
1748419200000,2025-05-28 10:00:00,0.11037,0.11068,0.10933,0.1105,3076616.9
1748422800000,2025-05-28 11:00:00,0.1105,0.11056,0.10882,0.10927,1532454.2
1748426400000,2025-05-28 12:00:00,0.10927,0.11047,0.10853,0.11022,3048240.8
1748430000000,2025-05-28 13:00:00,0.11022,0.11118,0.11022,0.11114,1696175.5
1748433600000,2025-05-28 14:00:00,0.11114,0.11365,0.11066,0.11243,3943204.7
1748437200000,2025-05-28 15:00:00,0.11243,0.11247,0.10981,0.10983,5142140.0
1748440800000,2025-05-28 16:00:00,0.10983,0.11015,0.10782,0.10812,4475025.6
1748444400000,2025-05-28 17:00:00,0.10812,0.10856,0.10709,0.10758,3461957.0
1748448000000,2025-05-28 18:00:00,0.10758,0.10852,0.10741,0.10838,1077470.2
1748451600000,2025-05-28 19:00:00,0.10838,0.10943,0.10764,0.10824,1606334.5
1748455200000,2025-05-28 20:00:00,0.10824,0.10963,0.10751,0.10755,8262854.3
1748458800000,2025-05-28 21:00:00,0.10755,0.10849,0.10629,0.10638,3704224.4
1748462400000,2025-05-28 22:00:00,0.10638,0.10817,0.1063,0.10817,3521427.9
1748466000000,2025-05-28 23:00:00,0.10817,0.10929,0.10771,0.1091,2543697.7
1748469600000,2025-05-29 00:00:00,0.1091,0.10923,0.10808,0.10863,1127558.3
1748473200000,2025-05-29 01:00:00,0.10863,0.11124,0.10861,0.1111,5775049.0
1748476800000,2025-05-29 02:00:00,0.1111,0.11277,0.11034,0.11262,5541380.1
1748480400000,2025-05-29 03:00:00,0.11262,0.11275,0.11049,0.11132,5254899.8
1748484000000,2025-05-29 04:00:00,0.11132,0.11388,0.11068,0.11376,5360348.1
1748487600000,2025-05-29 05:00:00,0.11376,0.11388,0.11191,0.11212,1822077.8
1748491200000,2025-05-29 06:00:00,0.11212,0.11228,0.10896,0.10999,3764991.7
1748494800000,2025-05-29 07:00:00,0.10999,0.11055,0.10962,0.11016,2170549.0
1748498400000,2025-05-29 08:00:00,0.11016,0.11112,0.10994,0.11068,5645871.5
1748502000000,2025-05-29 09:00:00,0.11068,0.11082,0.11008,0.11032,1373889.3
1748505600000,2025-05-29 10:00:00,0.11032,0.11115,0.10949,0.11074,3626420.0
1748509200000,2025-05-29 11:00:00,0.11074,0.11081,0.10971,0.10998,1205621.3
1748512800000,2025-05-29 12:00:00,0.10998,0.11068,0.10965,0.11045,1907293.1
1748516400000,2025-05-29 13:00:00,0.11045,0.11072,0.11003,0.11056,1021973.7
1748520000000,2025-05-29 14:00:00,0.11056,0.11057,0.10863,0.10916,2730898.9
1748523600000,2025-05-29 15:00:00,0.10916,0.10982,0.10805,0.10835,2176203.0
1748527200000,2025-05-29 16:00:00,0.10835,0.10928,0.10691,0.10913,3450035.5
1748530800000,2025-05-29 17:00:00,0.10913,0.10943,0.1077,0.10785,1967691.3
1748534400000,2025-05-29 18:00:00,0.10785,0.10832,0.10682,0.10705,1825330.9
1748538000000,2025-05-29 19:00:00,0.10705,0.10804,0.10672,0.10732,1748844.6
1748541600000,2025-05-29 20:00:00,0.10732,0.10811,0.10679,0.10705,3576086.8
1748545200000,2025-05-29 21:00:00,0.10705,0.10742,0.10562,0.10603,2008377.0
1748548800000,2025-05-29 22:00:00,0.10603,0.10673,0.10575,0.10593,2743957.3
1748552400000,2025-05-29 23:00:00,0.10593,0.10722,0.10578,0.10722,1538992.0
1748556000000,2025-05-30 00:00:00,0.10722,0.1073,0.10572,0.10577,860349.6
1748559600000,2025-05-30 01:00:00,0.10577,0.10606,0.10458,0.10526,2131839.5
1748563200000,2025-05-30 02:00:00,0.10526,0.10597,0.09893,0.10043,23830653.0
1748566800000,2025-05-30 03:00:00,0.10043,0.10319,0.10021,0.10238,4376799.9
1748570400000,2025-05-30 04:00:00,0.10238,0.10298,0.10211,0.10227,2561908.1
1748574000000,2025-05-30 05:00:00,0.10227,0.10286,0.1019,0.10202,2012370.8
1748577600000,2025-05-30 06:00:00,0.10202,0.10203,0.10065,0.10096,3706332.7
1748581200000,2025-05-30 07:00:00,0.10096,0.10144,0.10026,0.10081,5300090.8
1748584800000,2025-05-30 08:00:00,0.10081,0.10087,0.09821,0.09879,6632404.5
1748588400000,2025-05-30 09:00:00,0.09879,0.10011,0.09879,0.09918,3676381.0
1748592000000,2025-05-30 10:00:00,0.09918,0.10018,0.09862,0.09925,4134046.1
1748595600000,2025-05-30 11:00:00,0.09925,0.10002,0.09812,0.09986,4145555.3
1748599200000,2025-05-30 12:00:00,0.09986,0.10014,0.0987,0.09906,2433993.9
1748602800000,2025-05-30 13:00:00,0.09906,0.09973,0.09837,0.09934,3977251.0
1748606400000,2025-05-30 14:00:00,0.09934,0.09996,0.0976,0.09929,6086978.9
1748610000000,2025-05-30 15:00:00,0.09929,0.09956,0.09771,0.09793,3043814.7
1748613600000,2025-05-30 16:00:00,0.09793,0.09912,0.09774,0.09882,3302216.8
1748617200000,2025-05-30 17:00:00,0.09882,0.09917,0.09813,0.09819,1290361.6
1748620800000,2025-05-30 18:00:00,0.09819,0.09885,0.09406,0.09528,16310072.5
1748624400000,2025-05-30 19:00:00,0.09528,0.09627,0.09452,0.09581,3531427.4
1748628000000,2025-05-30 20:00:00,0.09581,0.09726,0.09562,0.09695,2198368.8
1748631600000,2025-05-30 21:00:00,0.09695,0.09724,0.09622,0.09649,2664526.3
1748635200000,2025-05-30 22:00:00,0.09649,0.09662,0.09556,0.09569,2933973.7
1748638800000,2025-05-30 23:00:00,0.09569,0.09623,0.09488,0.09502,3221949.2
1748642400000,2025-05-31 00:00:00,0.09502,0.09533,0.09241,0.09245,6239517.3
1748646000000,2025-05-31 01:00:00,0.09245,0.09283,0.09076,0.09215,8265585.4
1748649600000,2025-05-31 02:00:00,0.09215,0.09249,0.08933,0.09043,8571001.0
1748653200000,2025-05-31 03:00:00,0.09043,0.09141,0.08903,0.09005,6099936.0
1748656800000,2025-05-31 04:00:00,0.09005,0.09133,0.0897,0.08993,1934333.8
1748660400000,2025-05-31 05:00:00,0.08993,0.09102,0.08922,0.09081,2573199.1
1748664000000,2025-05-31 06:00:00,0.09081,0.0919,0.09023,0.0918,1946481.2
1748667600000,2025-05-31 07:00:00,0.0918,0.09243,0.09135,0.09139,2364998.9
1748671200000,2025-05-31 08:00:00,0.09139,0.0928,0.09121,0.09255,2625637.9
1748674800000,2025-05-31 09:00:00,0.09255,0.09365,0.09248,0.09339,2038869.1
1748678400000,2025-05-31 10:00:00,0.09339,0.09381,0.09246,0.0935,3312889.9
1748682000000,2025-05-31 11:00:00,0.0935,0.09369,0.09239,0.09251,2003753.3
1748685600000,2025-05-31 12:00:00,0.09251,0.09371,0.09234,0.09323,2651373.0
1748689200000,2025-05-31 13:00:00,0.09323,0.09341,0.09228,0.09264,1893325.2
1748692800000,2025-05-31 14:00:00,0.09264,0.09511,0.09255,0.09508,3341933.6
1748696400000,2025-05-31 15:00:00,0.09508,0.09586,0.09456,0.09469,3916419.0
1748700000000,2025-05-31 16:00:00,0.09469,0.0957,0.09463,0.09551,1791993.8
1748703600000,2025-05-31 17:00:00,0.09551,0.09603,0.09438,0.09467,4352442.8
1748707200000,2025-05-31 18:00:00,0.09467,0.09571,0.09426,0.09555,2848802.0
1748710800000,2025-05-31 19:00:00,0.09555,0.09583,0.09454,0.09464,2544758.7
1748714400000,2025-05-31 20:00:00,0.09464,0.09553,0.09446,0.09546,987970.8
1748718000000,2025-05-31 21:00:00,0.09546,0.09625,0.09541,0.09568,2110046.4
1748721600000,2025-05-31 22:00:00,0.09568,0.09676,0.09542,0.0966,2597829.0
1748725200000,2025-05-31 23:00:00,0.0966,0.0969,0.09601,0.09601,1417653.3
1748728800000,2025-06-01 00:00:00,0.09601,0.09606,0.09526,0.09529,1459041.9
1748732400000,2025-06-01 01:00:00,0.09529,0.09588,0.09471,0.09503,4038742.9
1748736000000,2025-06-01 02:00:00,0.09503,0.09505,0.09403,0.09468,2466686.2
1748739600000,2025-06-01 03:00:00,0.09468,0.09541,0.09375,0.09419,2260783.9
1748743200000,2025-06-01 04:00:00,0.09419,0.09498,0.09343,0.09467,1777786.0
1748746800000,2025-06-01 05:00:00,0.09467,0.09485,0.09386,0.09444,1116785.4
1748750400000,2025-06-01 06:00:00,0.09444,0.09576,0.09416,0.09541,948667.2
1748754000000,2025-06-01 07:00:00,0.09541,0.09585,0.09504,0.09534,882569.9
1748757600000,2025-06-01 08:00:00,0.09534,0.0954,0.09457,0.09465,1448493.8
1748761200000,2025-06-01 09:00:00,0.09465,0.09485,0.0941,0.09481,1351583.8
1748764800000,2025-06-01 10:00:00,0.09481,0.09491,0.09378,0.09402,1775360.5
1748768400000,2025-06-01 11:00:00,0.09402,0.09432,0.09243,0.09316,3109744.4
1748772000000,2025-06-01 12:00:00,0.09316,0.09371,0.09306,0.09364,1987282.1
1748775600000,2025-06-01 13:00:00,0.09364,0.0945,0.0934,0.09405,1913903.8
1748779200000,2025-06-01 14:00:00,0.09405,0.09429,0.09321,0.09367,2355546.5
1748782800000,2025-06-01 15:00:00,0.09367,0.09473,0.09353,0.09429,2184527.7
1748786400000,2025-06-01 16:00:00,0.09429,0.0963,0.09427,0.0957,3149484.9
1748790000000,2025-06-01 17:00:00,0.0957,0.09589,0.09523,0.0956,1204445.0
1748793600000,2025-06-01 18:00:00,0.0956,0.09674,0.09542,0.09583,3679361.0
1748797200000,2025-06-01 19:00:00,0.09583,0.09646,0.09534,0.09573,2075213.3
1748800800000,2025-06-01 20:00:00,0.09573,0.09576,0.09376,0.09479,4099432.6
1748804400000,2025-06-01 21:00:00,0.09479,0.09515,0.09453,0.09515,1530225.9
1748808000000,2025-06-01 22:00:00,0.09515,0.09568,0.09467,0.09525,1156046.1
1748811600000,2025-06-01 23:00:00,0.09525,0.09617,0.09511,0.09599,909056.7
1748815200000,2025-06-02 00:00:00,0.09599,0.09665,0.09577,0.09598,1985380.7
1748818800000,2025-06-02 01:00:00,0.09598,0.09656,0.09584,0.09604,1624380.2
1748822400000,2025-06-02 02:00:00,0.09604,0.09611,0.09545,0.09561,1039562.7
1748826000000,2025-06-02 03:00:00,0.09561,0.09644,0.09552,0.09552,832733.1
1748829600000,2025-06-02 04:00:00,0.09552,0.09568,0.09464,0.0947,1019277.0
1748833200000,2025-06-02 05:00:00,0.0947,0.09479,0.09408,0.09449,1412197.2
1748836800000,2025-06-02 06:00:00,0.09449,0.09493,0.09414,0.0942,1027917.5
1748840400000,2025-06-02 07:00:00,0.0942,0.09462,0.09337,0.09393,2304679.5
1748844000000,2025-06-02 08:00:00,0.09393,0.09513,0.09342,0.09471,1228792.9
1748847600000,2025-06-02 09:00:00,0.09471,0.0956,0.0947,0.09489,2243171.8
1748851200000,2025-06-02 10:00:00,0.09489,0.09559,0.09417,0.09442,2318017.3
1748854800000,2025-06-02 11:00:00,0.09442,0.09444,0.09288,0.09324,2256666.1
1748858400000,2025-06-02 12:00:00,0.09324,0.09357,0.09279,0.09347,3315413.1
1748862000000,2025-06-02 13:00:00,0.09347,0.09387,0.09308,0.09364,1760552.2
1748865600000,2025-06-02 14:00:00,0.09364,0.09459,0.09325,0.09435,2011592.0
1748869200000,2025-06-02 15:00:00,0.09435,0.09504,0.0936,0.09401,2887958.5
1748872800000,2025-06-02 16:00:00,0.09401,0.09548,0.09365,0.09496,2694629.4
1748876400000,2025-06-02 17:00:00,0.09496,0.0954,0.09414,0.09498,1738212.0
1748880000000,2025-06-02 18:00:00,0.09498,0.09529,0.0943,0.0951,979059.6
1748883600000,2025-06-02 19:00:00,0.0951,0.09539,0.09453,0.09526,1711116.4
1748887200000,2025-06-02 20:00:00,0.09526,0.09598,0.09476,0.09487,1381985.5
1748890800000,2025-06-02 21:00:00,0.09487,0.09524,0.09343,0.09411,2494064.0
1748894400000,2025-06-02 22:00:00,0.09411,0.096,0.09411,0.09599,1889987.2
1748898000000,2025-06-02 23:00:00,0.09599,0.09688,0.09594,0.09684,1753461.3
1748901600000,2025-06-03 00:00:00,0.09684,0.09817,0.09684,0.09771,2934135.7
1748905200000,2025-06-03 01:00:00,0.09771,0.09818,0.09755,0.09777,1775918.8
1748908800000,2025-06-03 02:00:00,0.09777,0.09922,0.09757,0.09918,3590517.5
1748912400000,2025-06-03 03:00:00,0.09918,0.10085,0.09898,0.1008,3865870.2
1748916000000,2025-06-03 04:00:00,0.1008,0.10083,0.09882,0.0992,2719186.5
1748919600000,2025-06-03 05:00:00,0.0992,0.09929,0.09783,0.09793,2654077.5
1748923200000,2025-06-03 06:00:00,0.09793,0.09801,0.09724,0.09735,737492.9
1748926800000,2025-06-03 07:00:00,0.09735,0.09898,0.09735,0.09894,1402385.3
1748930400000,2025-06-03 08:00:00,0.09894,0.09902,0.09829,0.09897,1788884.1
1748934000000,2025-06-03 09:00:00,0.09897,0.09909,0.09798,0.09812,1601568.5
1748937600000,2025-06-03 10:00:00,0.09812,0.0985,0.09714,0.09797,1711783.8
1748941200000,2025-06-03 11:00:00,0.09797,0.09884,0.0977,0.09854,1068539.1
1748944800000,2025-06-03 12:00:00,0.09854,0.09871,0.09827,0.09845,1861276.3
1748948400000,2025-06-03 13:00:00,0.09845,0.09892,0.09799,0.09828,1428431.6
1748952000000,2025-06-03 14:00:00,0.09828,0.099,0.09789,0.09889,2206062.8
1748955600000,2025-06-03 15:00:00,0.09889,0.10017,0.09881,0.09938,4032420.4
1748959200000,2025-06-03 16:00:00,0.09938,0.10029,0.09851,0.10024,2681754.4
1748962800000,2025-06-03 17:00:00,0.10024,0.10045,0.09936,0.09954,2066076.4
1748966400000,2025-06-03 18:00:00,0.09954,0.10022,0.09898,0.09899,1837897.5
1748970000000,2025-06-03 19:00:00,0.09899,0.10016,0.0989,0.09989,1687851.8
1748973600000,2025-06-03 20:00:00,0.09989,0.09989,0.09876,0.09923,1467972.1
1748977200000,2025-06-03 21:00:00,0.09923,0.0999,0.09907,0.09956,1809676.5
1748980800000,2025-06-03 22:00:00,0.09956,0.09958,0.09775,0.09845,2189394.4
1748984400000,2025-06-03 23:00:00,0.09845,0.09864,0.09716,0.09744,1254510.1
1748988000000,2025-06-04 00:00:00,0.09744,0.09852,0.0973,0.09818,1240762.2
1748991600000,2025-06-04 01:00:00,0.09818,0.09821,0.09725,0.09732,1630427.3
1748995200000,2025-06-04 02:00:00,0.09732,0.0982,0.09676,0.09815,857842.5
1748998800000,2025-06-04 03:00:00,0.09815,0.0996,0.09815,0.09867,2226467.8
1749002400000,2025-06-04 04:00:00,0.09867,0.09938,0.09826,0.09829,566520.4
1749006000000,2025-06-04 05:00:00,0.09829,0.09912,0.09816,0.09839,2266783.4
1749009600000,2025-06-04 06:00:00,0.09839,0.09865,0.09786,0.0983,1356840.8
1749013200000,2025-06-04 07:00:00,0.0983,0.09864,0.09771,0.09777,1544085.1
1749016800000,2025-06-04 08:00:00,0.09777,0.09841,0.09732,0.09809,1446254.5
1749020400000,2025-06-04 09:00:00,0.09809,0.09848,0.09751,0.098,841387.2
1749024000000,2025-06-04 10:00:00,0.098,0.09879,0.09799,0.09832,832450.5
1749027600000,2025-06-04 11:00:00,0.09832,0.09848,0.09729,0.09802,2010415.2
1749031200000,2025-06-04 12:00:00,0.09802,0.0983,0.0976,0.0976,1242096.8
1749034800000,2025-06-04 13:00:00,0.0976,0.09805,0.09695,0.09697,1430994.0
1749038400000,2025-06-04 14:00:00,0.09697,0.09736,0.09601,0.09622,1658423.5
1749042000000,2025-06-04 15:00:00,0.09622,0.097,0.09584,0.09622,1487242.3
1749045600000,2025-06-04 16:00:00,0.09622,0.09693,0.09527,0.09693,3287137.7
1749049200000,2025-06-04 17:00:00,0.09693,0.09802,0.09675,0.09782,1010863.2
1749052800000,2025-06-04 18:00:00,0.09782,0.0979,0.097,0.09753,1975915.7
1749056400000,2025-06-04 19:00:00,0.09753,0.09756,0.09591,0.09638,1647919.8
1749060000000,2025-06-04 20:00:00,0.09638,0.09686,0.09616,0.09617,783260.8
1749063600000,2025-06-04 21:00:00,0.09617,0.09634,0.09548,0.09552,469963.5
1749067200000,2025-06-04 22:00:00,0.09552,0.09559,0.0941,0.09445,2700749.0
1749070800000,2025-06-04 23:00:00,0.09445,0.09554,0.09371,0.09519,1964324.7
1749074400000,2025-06-05 00:00:00,0.09519,0.09544,0.09437,0.09441,862198.2
1749078000000,2025-06-05 01:00:00,0.09441,0.09476,0.09415,0.09439,726428.2
1749081600000,2025-06-05 02:00:00,0.09439,0.09483,0.09389,0.09467,1438036.8
1749085200000,2025-06-05 03:00:00,0.09467,0.09513,0.09393,0.09409,524418.6
1749088800000,2025-06-05 04:00:00,0.09409,0.09535,0.09409,0.09479,1654565.5
1749092400000,2025-06-05 05:00:00,0.09479,0.09499,0.09435,0.09486,643005.7
1749096000000,2025-06-05 06:00:00,0.09486,0.09529,0.09464,0.09498,3650573.2
1749099600000,2025-06-05 07:00:00,0.09498,0.09513,0.09373,0.09401,916776.6
1749103200000,2025-06-05 08:00:00,0.09401,0.09443,0.09354,0.0938,1327221.3
1749106800000,2025-06-05 09:00:00,0.0938,0.09549,0.09375,0.09454,2087616.7
1749110400000,2025-06-05 10:00:00,0.09454,0.09469,0.09395,0.09413,913409.9
1749114000000,2025-06-05 11:00:00,0.09413,0.0948,0.09389,0.09416,810681.7
1749117600000,2025-06-05 12:00:00,0.09416,0.09426,0.09291,0.09344,1470225.2
1749121200000,2025-06-05 13:00:00,0.09344,0.09381,0.09315,0.09377,824801.3
1749124800000,2025-06-05 14:00:00,0.09377,0.09549,0.09355,0.09507,3515838.3
1749128400000,2025-06-05 15:00:00,0.09507,0.09566,0.09307,0.09318,2508915.4
1749132000000,2025-06-05 16:00:00,0.09318,0.09396,0.092,0.09326,6227855.8
1749135600000,2025-06-05 17:00:00,0.09326,0.09383,0.0929,0.09309,1331258.9
1749139200000,2025-06-05 18:00:00,0.09309,0.09317,0.09125,0.09159,3140923.1
1749142800000,2025-06-05 19:00:00,0.09159,0.0922,0.09133,0.09164,1113608.5
1749146400000,2025-06-05 20:00:00,0.09164,0.09179,0.0906,0.09091,2559053.3
1749150000000,2025-06-05 21:00:00,0.09091,0.09103,0.08807,0.08914,9839436.7
1749153600000,2025-06-05 22:00:00,0.08914,0.08935,0.08584,0.086,28802249.9
1749157200000,2025-06-05 23:00:00,0.086,0.0879,0.08599,0.08772,4107090.4
1749160800000,2025-06-06 00:00:00,0.08772,0.08795,0.08695,0.0875,1323328.3
1749164400000,2025-06-06 01:00:00,0.0875,0.08768,0.08701,0.08705,2399583.1
1749168000000,2025-06-06 02:00:00,0.08705,0.08803,0.08661,0.08785,1556211.5
1749171600000,2025-06-06 03:00:00,0.08785,0.08826,0.08771,0.08799,1161814.5
1749175200000,2025-06-06 04:00:00,0.08799,0.08849,0.08741,0.08848,1609482.6
1749178800000,2025-06-06 05:00:00,0.08848,0.08931,0.08814,0.08906,1247666.4
1749182400000,2025-06-06 06:00:00,0.08906,0.08966,0.08888,0.0895,844269.7
1749186000000,2025-06-06 07:00:00,0.0895,0.08974,0.08913,0.08941,1753123.7
1749189600000,2025-06-06 08:00:00,0.08941,0.09006,0.08925,0.08974,890126.5
1749193200000,2025-06-06 09:00:00,0.08974,0.09005,0.08916,0.08925,1043259.6
1749196800000,2025-06-06 10:00:00,0.08925,0.08961,0.08915,0.08938,1244024.4
1749200400000,2025-06-06 11:00:00,0.08938,0.09007,0.08929,0.08929,1160215.3
1749204000000,2025-06-06 12:00:00,0.08929,0.08982,0.08911,0.0893,885411.7
1749207600000,2025-06-06 13:00:00,0.0893,0.08997,0.08924,0.08965,996314.3
1749211200000,2025-06-06 14:00:00,0.08965,0.09134,0.08965,0.0903,3217451.6
1749214800000,2025-06-06 15:00:00,0.0903,0.09183,0.0903,0.09123,2017192.8
1749218400000,2025-06-06 16:00:00,0.09123,0.09221,0.09121,0.09206,1751614.9
1749222000000,2025-06-06 17:00:00,0.09206,0.0927,0.09139,0.09184,1901603.0
1749225600000,2025-06-06 18:00:00,0.09184,0.09214,0.09117,0.09131,1295474.1
1749229200000,2025-06-06 19:00:00,0.09131,0.09141,0.0903,0.09092,1801488.0
1749232800000,2025-06-06 20:00:00,0.09092,0.09103,0.08981,0.08996,1179362.1
1749236400000,2025-06-06 21:00:00,0.08996,0.0905,0.08953,0.08966,1881263.0
1749240000000,2025-06-06 22:00:00,0.08966,0.09066,0.08943,0.09009,1528414.1
1749243600000,2025-06-06 23:00:00,0.09009,0.09019,0.08938,0.08972,2724827.1
1749247200000,2025-06-07 00:00:00,0.08972,0.08973,0.08897,0.08939,2158014.7
1749250800000,2025-06-07 01:00:00,0.08939,0.08955,0.08892,0.08927,645489.3
1749254400000,2025-06-07 02:00:00,0.08927,0.09044,0.08902,0.09044,883323.4
1749258000000,2025-06-07 03:00:00,0.09044,0.09092,0.09015,0.09038,1099043.6
1749261600000,2025-06-07 04:00:00,0.09038,0.09123,0.09008,0.09108,1417724.3
1749265200000,2025-06-07 05:00:00,0.09108,0.09195,0.09096,0.09182,888282.0
1749268800000,2025-06-07 06:00:00,0.09182,0.09198,0.09142,0.09192,540325.5
1749272400000,2025-06-07 07:00:00,0.09192,0.092,0.09153,0.09189,724151.3
1749276000000,2025-06-07 08:00:00,0.09189,0.09274,0.09154,0.09272,918302.2
1749279600000,2025-06-07 09:00:00,0.09272,0.09306,0.09254,0.09276,1587756.9
1749283200000,2025-06-07 10:00:00,0.09276,0.093,0.09223,0.09229,726967.1
1749286800000,2025-06-07 11:00:00,0.09229,0.09266,0.0922,0.09233,935141.7
1749290400000,2025-06-07 12:00:00,0.09233,0.09305,0.09233,0.09303,553453.8
1749294000000,2025-06-07 13:00:00,0.09303,0.09331,0.09285,0.09297,695440.2
1749297600000,2025-06-07 14:00:00,0.09297,0.09345,0.0928,0.09284,1300112.6
1749301200000,2025-06-07 15:00:00,0.09284,0.09324,0.09246,0.09287,1505607.8
1749304800000,2025-06-07 16:00:00,0.09287,0.09294,0.09251,0.09262,615563.9
1749308400000,2025-06-07 17:00:00,0.09262,0.09265,0.09162,0.09188,1986883.6
1749312000000,2025-06-07 18:00:00,0.09188,0.09238,0.09123,0.09128,1180639.4
1749315600000,2025-06-07 19:00:00,0.09128,0.09179,0.09127,0.09139,1248156.2
1749319200000,2025-06-07 20:00:00,0.09139,0.09202,0.09136,0.0917,931522.5
1749322800000,2025-06-07 21:00:00,0.0917,0.09228,0.09115,0.0913,2058258.0
1749326400000,2025-06-07 22:00:00,0.0913,0.09171,0.09098,0.09127,855222.8
1749330000000,2025-06-07 23:00:00,0.09127,0.09165,0.09102,0.09146,652107.9
1749333600000,2025-06-08 00:00:00,0.09146,0.09187,0.09118,0.09165,1125683.0
1749337200000,2025-06-08 01:00:00,0.09165,0.09168,0.09136,0.09164,462862.9
1749340800000,2025-06-08 02:00:00,0.09164,0.0918,0.09104,0.09127,727280.6
1749344400000,2025-06-08 03:00:00,0.09127,0.09176,0.09096,0.09176,1121340.8
1749348000000,2025-06-08 04:00:00,0.09176,0.09176,0.09104,0.09107,550715.4
1749351600000,2025-06-08 05:00:00,0.09107,0.09123,0.09078,0.09086,902957.8
1749355200000,2025-06-08 06:00:00,0.09086,0.09176,0.09074,0.09171,1641141.7
1749358800000,2025-06-08 07:00:00,0.09171,0.09202,0.09079,0.09101,3708670.8
1749362400000,2025-06-08 08:00:00,0.09101,0.09368,0.091,0.09211,14681513.2
1749366000000,2025-06-08 09:00:00,0.09211,0.09213,0.09137,0.09148,1451506.3
1749369600000,2025-06-08 10:00:00,0.09148,0.09203,0.09146,0.0918,1471461.9
1749373200000,2025-06-08 11:00:00,0.0918,0.09186,0.09086,0.09116,3094998.4
1749376800000,2025-06-08 12:00:00,0.09116,0.09127,0.09058,0.09103,2961447.4
1749380400000,2025-06-08 13:00:00,0.09103,0.09199,0.09096,0.09184,2613134.2
1749384000000,2025-06-08 14:00:00,0.09184,0.09209,0.09106,0.09141,1263394.3
1749387600000,2025-06-08 15:00:00,0.09141,0.09239,0.09108,0.0914,1373956.3
1749391200000,2025-06-08 16:00:00,0.0914,0.09211,0.09127,0.09207,1864670.5
1749394800000,2025-06-08 17:00:00,0.09207,0.09247,0.09199,0.09216,510793.5
1749398400000,2025-06-08 18:00:00,0.09216,0.09281,0.09216,0.09255,1432603.5
1749402000000,2025-06-08 19:00:00,0.09255,0.0928,0.09211,0.09211,442044.2
1749405600000,2025-06-08 20:00:00,0.09211,0.09269,0.09174,0.09261,1760974.3
1749409200000,2025-06-08 21:00:00,0.09261,0.09284,0.09216,0.09269,1102158.6
1749412800000,2025-06-08 22:00:00,0.09269,0.09291,0.0925,0.09259,969272.5
1749416400000,2025-06-08 23:00:00,0.09259,0.09328,0.09259,0.09319,783550.3
1749420000000,2025-06-09 00:00:00,0.09319,0.09327,0.09157,0.09158,3926067.5
1749423600000,2025-06-09 01:00:00,0.09158,0.09163,0.09115,0.09151,1335625.8
1749427200000,2025-06-09 02:00:00,0.09151,0.0919,0.09118,0.09151,717414.1
1749430800000,2025-06-09 03:00:00,0.09151,0.09165,0.09082,0.09092,1037189.7
1749434400000,2025-06-09 04:00:00,0.09092,0.0915,0.09068,0.09078,578294.6
1749438000000,2025-06-09 05:00:00,0.09078,0.09081,0.09028,0.09081,848939.9
1749441600000,2025-06-09 06:00:00,0.09081,0.09113,0.09017,0.0903,584483.5
1749445200000,2025-06-09 07:00:00,0.0903,0.0903,0.08962,0.08972,1314179.4
1749448800000,2025-06-09 08:00:00,0.08972,0.09104,0.08956,0.091,1523554.5
1749452400000,2025-06-09 09:00:00,0.091,0.091,0.09034,0.09083,1041837.2
1749456000000,2025-06-09 10:00:00,0.09083,0.09162,0.09043,0.09146,1324409.8
1749459600000,2025-06-09 11:00:00,0.09146,0.09255,0.0912,0.09208,1830332.0
1749463200000,2025-06-09 12:00:00,0.09208,0.09357,0.09203,0.09322,4008645.1
1749466800000,2025-06-09 13:00:00,0.09322,0.0942,0.09322,0.09395,2954798.3
1749470400000,2025-06-09 14:00:00,0.09395,0.09423,0.09322,0.09408,4669175.5
1749474000000,2025-06-09 15:00:00,0.09408,0.09417,0.09255,0.0928,3024769.3
1749477600000,2025-06-09 16:00:00,0.0928,0.09362,0.09254,0.09323,1599560.3
1749481200000,2025-06-09 17:00:00,0.09323,0.09439,0.09321,0.09403,1301863.2
1749484800000,2025-06-09 18:00:00,0.09403,0.09529,0.094,0.09464,2048610.3
1749488400000,2025-06-09 19:00:00,0.09464,0.0956,0.09463,0.09481,2519150.0
1749492000000,2025-06-09 20:00:00,0.09481,0.09521,0.09434,0.09477,1577086.5
1749495600000,2025-06-09 21:00:00,0.09477,0.0948,0.09402,0.09426,1343173.4
1749499200000,2025-06-09 22:00:00,0.09426,0.09491,0.09426,0.09483,1709807.1
1749502800000,2025-06-09 23:00:00,0.09483,0.09693,0.09475,0.09664,4198973.2
1749506400000,2025-06-10 00:00:00,0.09664,0.09774,0.09648,0.09767,5391249.6
1749510000000,2025-06-10 01:00:00,0.09767,0.09767,0.09694,0.09735,2316765.2
1749513600000,2025-06-10 02:00:00,0.09735,0.09876,0.09717,0.09843,4997289.8
1749517200000,2025-06-10 03:00:00,0.09843,0.09879,0.09787,0.09803,2699900.7
1749520800000,2025-06-10 04:00:00,0.09803,0.0981,0.09737,0.09753,1072693.8
1749524400000,2025-06-10 05:00:00,0.09753,0.09759,0.09699,0.09736,2201791.7
1749528000000,2025-06-10 06:00:00,0.09736,0.09803,0.09651,0.09683,2708709.6
1749531600000,2025-06-10 07:00:00,0.09683,0.09743,0.09577,0.09607,3380521.1
1749535200000,2025-06-10 08:00:00,0.09607,0.09641,0.09541,0.0962,1470302.5
1749538800000,2025-06-10 09:00:00,0.0962,0.09695,0.0961,0.09653,2141865.3
1749542400000,2025-06-10 10:00:00,0.09653,0.09674,0.09599,0.09606,2727548.2
1749546000000,2025-06-10 11:00:00,0.09606,0.09728,0.09597,0.09728,1045621.2
1749549600000,2025-06-10 12:00:00,0.09728,0.09738,0.09666,0.09736,1449572.5
1749553200000,2025-06-10 13:00:00,0.09736,0.09984,0.09678,0.09984,5348494.1
1749556800000,2025-06-10 14:00:00,0.09984,0.10067,0.09913,0.10054,4524081.0
1749560400000,2025-06-10 15:00:00,0.10054,0.10075,0.09822,0.09934,4356308.1
1749564000000,2025-06-10 16:00:00,0.09934,0.09963,0.09782,0.09815,2464418.9
1749567600000,2025-06-10 17:00:00,0.09815,0.09909,0.09718,0.09872,2097200.9
1749571200000,2025-06-10 18:00:00,0.09872,0.0997,0.09864,0.09888,2455294.0
1749574800000,2025-06-10 19:00:00,0.09888,0.09942,0.09839,0.09865,1837686.7
1749578400000,2025-06-10 20:00:00,0.09865,0.10018,0.09836,0.09999,2696270.0
1749582000000,2025-06-10 21:00:00,0.09999,0.10143,0.09982,0.10034,3913129.2
1749585600000,2025-06-10 22:00:00,0.10034,0.1011,0.09974,0.10105,2441448.6
1749589200000,2025-06-10 23:00:00,0.10105,0.10136,0.10006,0.10087,2371923.2
1749592800000,2025-06-11 00:00:00,0.10087,0.1024,0.10087,0.10192,2285592.2
1749596400000,2025-06-11 01:00:00,0.10192,0.1024,0.10153,0.10216,2790409.0
1749600000000,2025-06-11 02:00:00,0.10216,0.10257,0.10084,0.10091,2619484.1
1749603600000,2025-06-11 03:00:00,0.10091,0.10101,0.10012,0.10063,1393595.5
1749607200000,2025-06-11 04:00:00,0.10063,0.10135,0.10048,0.1006,2317132.4
1749610800000,2025-06-11 05:00:00,0.1006,0.10131,0.10056,0.101,2099679.5
1749614400000,2025-06-11 06:00:00,0.101,0.1011,0.10038,0.10062,828274.0
1749618000000,2025-06-11 07:00:00,0.10062,0.10112,0.1003,0.10097,881241.3
1749621600000,2025-06-11 08:00:00,0.10097,0.10159,0.10055,0.10102,1306561.0
1749625200000,2025-06-11 09:00:00,0.10102,0.10138,0.10074,0.10101,1270430.8
1749628800000,2025-06-11 10:00:00,0.10101,0.10145,0.1002,0.10023,1458427.7
1749632400000,2025-06-11 11:00:00,0.10023,0.10039,0.09904,0.09929,2990966.6
1749636000000,2025-06-11 12:00:00,0.09929,0.0998,0.09902,0.09966,1505788.9
1749639600000,2025-06-11 13:00:00,0.09966,0.09966,0.0984,0.09921,1852150.1
1749643200000,2025-06-11 14:00:00,0.09921,0.10125,0.09867,0.10056,5263746.5
1749646800000,2025-06-11 15:00:00,0.10056,0.10144,0.10015,0.10062,2509238.2
1749650400000,2025-06-11 16:00:00,0.10062,0.10244,0.10045,0.10183,3669697.7
1749654000000,2025-06-11 17:00:00,0.10183,0.10286,0.1014,0.10252,3134690.6
1749657600000,2025-06-11 18:00:00,0.10252,0.10258,0.10137,0.10177,1429341.0
1749661200000,2025-06-11 19:00:00,0.10177,0.10183,0.10036,0.1004,2551253.9
1749664800000,2025-06-11 20:00:00,0.1004,0.10069,0.09917,0.09921,5826170.1
1749668400000,2025-06-11 21:00:00,0.09921,0.09929,0.09815,0.09825,3849697.1
1749672000000,2025-06-11 22:00:00,0.09825,0.09899,0.09745,0.09836,5466562.0
1749675600000,2025-06-11 23:00:00,0.09836,0.09893,0.09656,0.09697,5446335.7
1749679200000,2025-06-12 00:00:00,0.09697,0.09739,0.09612,0.09648,4148639.4
1749682800000,2025-06-12 01:00:00,0.09648,0.09722,0.09641,0.09713,1175758.0
1749686400000,2025-06-12 02:00:00,0.09713,0.09719,0.09551,0.09641,2799457.6
1749690000000,2025-06-12 03:00:00,0.09641,0.09669,0.09532,0.09623,1140874.3
1749693600000,2025-06-12 04:00:00,0.09623,0.09645,0.0954,0.09546,1226373.5
1749697200000,2025-06-12 05:00:00,0.09546,0.09549,0.09433,0.09475,2744507.7
1749700800000,2025-06-12 06:00:00,0.09475,0.095,0.09414,0.09457,1555919.6
1749704400000,2025-06-12 07:00:00,0.09457,0.09528,0.09403,0.09477,1439955.7
1749708000000,2025-06-12 08:00:00,0.09477,0.09477,0.09378,0.09413,3215191.7
1749711600000,2025-06-12 09:00:00,0.09413,0.09453,0.09342,0.09359,1317666.2
1749715200000,2025-06-12 10:00:00,0.09359,0.09414,0.09292,0.09387,1762770.6
1749718800000,2025-06-12 11:00:00,0.09387,0.09432,0.09355,0.09395,1032903.0
1749722400000,2025-06-12 12:00:00,0.09395,0.09403,0.09281,0.09327,2635678.6
1749726000000,2025-06-12 13:00:00,0.09327,0.09329,0.09203,0.09229,2919920.2
1749729600000,2025-06-12 14:00:00,0.09229,0.09375,0.09184,0.09324,2663325.0
1749733200000,2025-06-12 15:00:00,0.09324,0.09441,0.09321,0.09402,2095880.3
1749736800000,2025-06-12 16:00:00,0.09402,0.09513,0.09402,0.09453,1805563.1
1749740400000,2025-06-12 17:00:00,0.09453,0.09512,0.09239,0.09278,3708197.6
1749744000000,2025-06-12 18:00:00,0.09278,0.09409,0.09261,0.09393,2172617.2
1749747600000,2025-06-12 19:00:00,0.09393,0.09514,0.09392,0.09462,964070.8
1749751200000,2025-06-12 20:00:00,0.09462,0.09466,0.09278,0.09331,1765053.9
1749754800000,2025-06-12 21:00:00,0.09331,0.09353,0.09123,0.09171,2680699.6
1749758400000,2025-06-12 22:00:00,0.09171,0.09209,0.09021,0.0907,3790527.8
1749762000000,2025-06-12 23:00:00,0.0907,0.09136,0.08996,0.09,2966000.8
1749765600000,2025-06-13 00:00:00,0.09,0.09065,0.08966,0.08995,2497910.7
1749769200000,2025-06-13 01:00:00,0.08995,0.09036,0.08959,0.08964,1098068.6
1749772800000,2025-06-13 02:00:00,0.08964,0.08964,0.08465,0.08524,23504457.1
1749776400000,2025-06-13 03:00:00,0.08524,0.08524,0.08239,0.08374,37656296.0
1749780000000,2025-06-13 04:00:00,0.08374,0.08424,0.08289,0.08393,3691947.6
1749783600000,2025-06-13 05:00:00,0.08393,0.08645,0.08386,0.08593,4130507.1
1749787200000,2025-06-13 06:00:00,0.08593,0.08599,0.08498,0.08562,3375915.4
1749790800000,2025-06-13 07:00:00,0.08562,0.08604,0.08534,0.08534,2318041.3
1749794400000,2025-06-13 08:00:00,0.08534,0.08567,0.08429,0.08564,3056500.4
1749798000000,2025-06-13 09:00:00,0.08564,0.086,0.08497,0.0856,3916069.4
1749801600000,2025-06-13 10:00:00,0.0856,0.08643,0.08519,0.08549,3394804.8
1749805200000,2025-06-13 11:00:00,0.08549,0.08576,0.08492,0.08539,1103066.0
1749808800000,2025-06-13 12:00:00,0.08539,0.08575,0.08482,0.08572,1275495.8
1749812400000,2025-06-13 13:00:00,0.08572,0.08643,0.0852,0.08643,3373242.1
1749816000000,2025-06-13 14:00:00,0.08643,0.08674,0.08527,0.08545,5022470.1
1749819600000,2025-06-13 15:00:00,0.08545,0.08653,0.08506,0.08569,2912987.0
1749823200000,2025-06-13 16:00:00,0.08569,0.08623,0.08485,0.08597,4965497.0
1749826800000,2025-06-13 17:00:00,0.08597,0.08733,0.08589,0.08674,3823767.2
1749830400000,2025-06-13 18:00:00,0.08674,0.08799,0.08647,0.08762,2485271.9
1749834000000,2025-06-13 19:00:00,0.08762,0.08762,0.08611,0.08695,1711923.9
1749837600000,2025-06-13 20:00:00,0.08695,0.08713,0.08537,0.086,3275000.5
1749841200000,2025-06-13 21:00:00,0.086,0.0864,0.08555,0.08614,1251768.0
1749844800000,2025-06-13 22:00:00,0.08614,0.08743,0.086,0.08715,1164702.8
1749848400000,2025-06-13 23:00:00,0.08715,0.0876,0.08663,0.08741,1203706.4
1749852000000,2025-06-14 00:00:00,0.08741,0.088,0.08712,0.08755,1061482.4
1749855600000,2025-06-14 01:00:00,0.08755,0.08834,0.08749,0.08807,1024014.3
1749859200000,2025-06-14 02:00:00,0.08807,0.08825,0.08753,0.08757,2470908.4
1749862800000,2025-06-14 03:00:00,0.08757,0.08758,0.08678,0.087,1090507.0
1749866400000,2025-06-14 04:00:00,0.087,0.08739,0.08692,0.08726,636924.8
1749870000000,2025-06-14 05:00:00,0.08726,0.08792,0.08725,0.0875,607805.8
1749873600000,2025-06-14 06:00:00,0.0875,0.08817,0.08746,0.08802,902804.7
1749877200000,2025-06-14 07:00:00,0.08802,0.08843,0.08769,0.08821,2228388.1
1749880800000,2025-06-14 08:00:00,0.08821,0.08828,0.08766,0.08792,1585340.8
1749884400000,2025-06-14 09:00:00,0.08792,0.08811,0.0872,0.08795,970812.9
1749888000000,2025-06-14 10:00:00,0.08795,0.08795,0.08728,0.08767,616087.4
1749891600000,2025-06-14 11:00:00,0.08767,0.08778,0.08748,0.08758,589521.8
1749895200000,2025-06-14 12:00:00,0.08758,0.08826,0.08732,0.08796,1484231.5
1749898800000,2025-06-14 13:00:00,0.08796,0.08834,0.08785,0.08814,692080.6
1749902400000,2025-06-14 14:00:00,0.08814,0.08838,0.08753,0.08812,2356780.1
1749906000000,2025-06-14 15:00:00,0.08812,0.08867,0.08754,0.08807,1190954.8
1749909600000,2025-06-14 16:00:00,0.08807,0.08832,0.08755,0.08772,352627.9
1749913200000,2025-06-14 17:00:00,0.08772,0.08779,0.0865,0.08694,2088820.6
1749916800000,2025-06-14 18:00:00,0.08694,0.08724,0.08548,0.08574,2622106.4
1749920400000,2025-06-14 19:00:00,0.08574,0.08691,0.08569,0.08666,1865120.1
1749924000000,2025-06-14 20:00:00,0.08666,0.0872,0.08558,0.08623,1772352.3
1749927600000,2025-06-14 21:00:00,0.08623,0.08683,0.08616,0.08616,1094471.1
1749931200000,2025-06-14 22:00:00,0.08616,0.08663,0.08541,0.08623,858647.6
1749934800000,2025-06-14 23:00:00,0.08623,0.0874,0.08602,0.08723,1652296.7
1749938400000,2025-06-15 00:00:00,0.08723,0.08753,0.08686,0.08702,1235635.1
1749942000000,2025-06-15 01:00:00,0.08702,0.08732,0.08691,0.08694,737795.9
1749945600000,2025-06-15 02:00:00,0.08694,0.08739,0.0868,0.08733,1615570.5
1749949200000,2025-06-15 03:00:00,0.08733,0.08744,0.08651,0.08683,563571.5
1749952800000,2025-06-15 04:00:00,0.08683,0.08741,0.08683,0.08699,977919.1
1749956400000,2025-06-15 05:00:00,0.08699,0.08712,0.08681,0.0869,951234.2
1749960000000,2025-06-15 06:00:00,0.0869,0.08724,0.08679,0.08713,963162.4
1749963600000,2025-06-15 07:00:00,0.08713,0.08771,0.0865,0.08759,2833364.7
1749967200000,2025-06-15 08:00:00,0.08759,0.08772,0.08641,0.08647,1678091.2
1749970800000,2025-06-15 09:00:00,0.08647,0.08681,0.08622,0.08667,1150500.9
1749974400000,2025-06-15 10:00:00,0.08667,0.0867,0.08597,0.08635,1372443.7
1749978000000,2025-06-15 11:00:00,0.08635,0.08646,0.08593,0.08611,3947721.3
1749981600000,2025-06-15 12:00:00,0.08611,0.08683,0.08609,0.08676,1200707.2
1749985200000,2025-06-15 13:00:00,0.08676,0.08682,0.08613,0.0866,1292171.7
1749988800000,2025-06-15 14:00:00,0.0866,0.08697,0.08628,0.08693,1443224.7
1749992400000,2025-06-15 15:00:00,0.08693,0.08711,0.08608,0.08668,1766223.5
1749996000000,2025-06-15 16:00:00,0.08668,0.08762,0.08603,0.08741,1824149.4
1749999600000,2025-06-15 17:00:00,0.08741,0.0875,0.08642,0.08651,1336999.3
1750003200000,2025-06-15 18:00:00,0.08651,0.08695,0.08624,0.08666,1294952.1
1750006800000,2025-06-15 19:00:00,0.08666,0.08681,0.08601,0.08642,2035251.7
1750010400000,2025-06-15 20:00:00,0.08642,0.08669,0.08595,0.0866,1542463.3
1750014000000,2025-06-15 21:00:00,0.0866,0.08686,0.08574,0.086,1391410.3
1750017600000,2025-06-15 22:00:00,0.086,0.08601,0.08481,0.08523,2300552.1
1750021200000,2025-06-15 23:00:00,0.08523,0.08556,0.08477,0.08556,1147587.2
1750024800000,2025-06-16 00:00:00,0.08556,0.08699,0.08553,0.08664,3291208.8
1750028400000,2025-06-16 01:00:00,0.08664,0.08692,0.08624,0.08658,1291188.5
1750032000000,2025-06-16 02:00:00,0.08658,0.08663,0.0859,0.08619,1806273.2
1750035600000,2025-06-16 03:00:00,0.08619,0.08711,0.08531,0.08711,2499726.4
1750039200000,2025-06-16 04:00:00,0.08711,0.08767,0.0871,0.08713,1751637.7
1750042800000,2025-06-16 05:00:00,0.08713,0.08731,0.08691,0.08691,1622771.1
1750046400000,2025-06-16 06:00:00,0.08691,0.08779,0.08688,0.08761,2022127.6
1750050000000,2025-06-16 07:00:00,0.08761,0.08881,0.0874,0.08826,3304167.9
1750053600000,2025-06-16 08:00:00,0.08826,0.08914,0.08825,0.08884,3443635.7
1750057200000,2025-06-16 09:00:00,0.08884,0.08963,0.08883,0.08947,1814348.5
1750060800000,2025-06-16 10:00:00,0.08947,0.08983,0.08925,0.0898,2309585.4
1750064400000,2025-06-16 11:00:00,0.0898,0.09025,0.08974,0.08992,3433063.3
1750068000000,2025-06-16 12:00:00,0.08992,0.09014,0.08903,0.08932,1521238.8
1750071600000,2025-06-16 13:00:00,0.08932,0.08969,0.08867,0.08944,3020524.9
1750075200000,2025-06-16 14:00:00,0.08944,0.08948,0.0886,0.08891,2384610.7
1750078800000,2025-06-16 15:00:00,0.08891,0.09035,0.08891,0.09029,2758071.3
1750082400000,2025-06-16 16:00:00,0.09029,0.09104,0.09002,0.09047,6620485.6
1750086000000,2025-06-16 17:00:00,0.09047,0.09076,0.09013,0.09034,2754784.3
1750089600000,2025-06-16 18:00:00,0.09034,0.09124,0.09034,0.09069,2314803.3
1750093200000,2025-06-16 19:00:00,0.09069,0.09093,0.0903,0.09045,1746956.0
1750096800000,2025-06-16 20:00:00,0.09045,0.09083,0.09038,0.09083,1730805.1
1750100400000,2025-06-16 21:00:00,0.09083,0.09119,0.09063,0.09089,1916726.1
1750104000000,2025-06-16 22:00:00,0.09089,0.09162,0.09054,0.09153,3788108.5
1750107600000,2025-06-16 23:00:00,0.09153,0.09176,0.09081,0.09101,2363487.5
1750111200000,2025-06-17 00:00:00,0.09101,0.09145,0.08808,0.0889,6548827.3
1750114800000,2025-06-17 01:00:00,0.0889,0.0895,0.08733,0.08753,3324708.9
1750118400000,2025-06-17 02:00:00,0.08753,0.08823,0.08583,0.08822,7674577.0
1750122000000,2025-06-17 03:00:00,0.08822,0.0885,0.08759,0.08762,1336027.6
1750125600000,2025-06-17 04:00:00,0.08762,0.08842,0.08695,0.08834,1922774.2
1750129200000,2025-06-17 05:00:00,0.08834,0.08872,0.08801,0.08823,849810.0
1750132800000,2025-06-17 06:00:00,0.08823,0.08827,0.08733,0.0875,1293456.5
1750136400000,2025-06-17 07:00:00,0.0875,0.08755,0.08683,0.08704,2589564.9
1750140000000,2025-06-17 08:00:00,0.08704,0.08743,0.08662,0.0868,1255315.5
1750143600000,2025-06-17 09:00:00,0.0868,0.08726,0.08667,0.08683,1319002.6
1750147200000,2025-06-17 10:00:00,0.08683,0.08687,0.08578,0.08612,1780847.0
1750150800000,2025-06-17 11:00:00,0.08612,0.08641,0.0857,0.08601,1414408.8
1750154400000,2025-06-17 12:00:00,0.08601,0.08612,0.08531,0.08609,1279473.2
1750158000000,2025-06-17 13:00:00,0.08609,0.08611,0.08474,0.08504,2564381.7
1750161600000,2025-06-17 14:00:00,0.08504,0.08563,0.08483,0.08506,1902313.9
1750165200000,2025-06-17 15:00:00,0.08506,0.08582,0.085,0.08515,1245848.8
1750168800000,2025-06-17 16:00:00,0.08515,0.08611,0.08439,0.08443,2626832.8
1750172400000,2025-06-17 17:00:00,0.08443,0.08474,0.08312,0.08389,4614066.4
1750176000000,2025-06-17 18:00:00,0.08389,0.08395,0.0819,0.08217,10369948.5
1750179600000,2025-06-17 19:00:00,0.08217,0.08318,0.08175,0.0826,2739854.7
1750183200000,2025-06-17 20:00:00,0.0826,0.08407,0.08221,0.08403,1823584.2
1750186800000,2025-06-17 21:00:00,0.08403,0.08524,0.08403,0.08449,4476272.0
1750190400000,2025-06-17 22:00:00,0.08449,0.08501,0.08424,0.08427,1707907.7
1750194000000,2025-06-17 23:00:00,0.08427,0.08437,0.08331,0.08381,1718050.9
1750197600000,2025-06-18 00:00:00,0.08381,0.08381,0.08282,0.08296,1382558.7
1750201200000,2025-06-18 01:00:00,0.08296,0.08422,0.08294,0.08368,1071295.8
1750204800000,2025-06-18 02:00:00,0.08368,0.08455,0.08341,0.0843,2647752.5
1750208400000,2025-06-18 03:00:00,0.0843,0.0848,0.08385,0.0839,1106304.8
1750212000000,2025-06-18 04:00:00,0.0839,0.08422,0.08356,0.08377,1112364.2
1750215600000,2025-06-18 05:00:00,0.08377,0.08474,0.08372,0.08439,1574852.3
1750219200000,2025-06-18 06:00:00,0.08439,0.08496,0.08394,0.08485,3145204.2
1750222800000,2025-06-18 07:00:00,0.08485,0.08525,0.08466,0.08468,670100.6
1750226400000,2025-06-18 08:00:00,0.08468,0.08485,0.08403,0.08424,1116312.4
1750230000000,2025-06-18 09:00:00,0.08424,0.08436,0.08396,0.08428,1007066.7
1750233600000,2025-06-18 10:00:00,0.08428,0.08461,0.08313,0.08341,3962743.8
1750237200000,2025-06-18 11:00:00,0.08341,0.08359,0.0825,0.0828,4708330.3
1750240800000,2025-06-18 12:00:00,0.0828,0.08281,0.08085,0.08142,19918538.8
1750244400000,2025-06-18 13:00:00,0.08142,0.08248,0.08072,0.08231,10081571.8
1750248000000,2025-06-18 14:00:00,0.08231,0.08239,0.08141,0.08153,3006861.3
1750251600000,2025-06-18 15:00:00,0.08153,0.08177,0.07984,0.08169,24793434.0
1750255200000,2025-06-18 16:00:00,0.08169,0.08325,0.08141,0.08204,4010609.7
1750258800000,2025-06-18 17:00:00,0.08204,0.0828,0.08152,0.08236,1673905.7
1750262400000,2025-06-18 18:00:00,0.08236,0.08249,0.08159,0.08207,1202062.4
1750266000000,2025-06-18 19:00:00,0.08207,0.08286,0.08141,0.08264,2232182.5
1750269600000,2025-06-18 20:00:00,0.08264,0.08333,0.08156,0.08163,4811050.2
1750273200000,2025-06-18 21:00:00,0.08163,0.08286,0.08142,0.08182,1976584.6
1750276800000,2025-06-18 22:00:00,0.08182,0.08442,0.08158,0.08421,2102092.0
1750280400000,2025-06-18 23:00:00,0.08421,0.08471,0.08363,0.08442,3508624.3
1750284000000,2025-06-19 00:00:00,0.08442,0.08462,0.08396,0.08434,1886422.9
1750287600000,2025-06-19 01:00:00,0.08434,0.08469,0.0838,0.08447,2088126.1
1750291200000,2025-06-19 02:00:00,0.08447,0.08543,0.08405,0.08462,3513895.7
1750294800000,2025-06-19 03:00:00,0.08462,0.08474,0.08378,0.08397,1589528.2
1750298400000,2025-06-19 04:00:00,0.08397,0.0845,0.08362,0.08397,753390.7
1750302000000,2025-06-19 05:00:00,0.08397,0.08478,0.08393,0.08473,1497764.2
1750305600000,2025-06-19 06:00:00,0.08473,0.08484,0.08424,0.08484,1311758.0
1750309200000,2025-06-19 07:00:00,0.08484,0.08547,0.08436,0.08443,1825699.0
1750312800000,2025-06-19 08:00:00,0.08443,0.08469,0.0841,0.08423,1836083.7
1750316400000,2025-06-19 09:00:00,0.08423,0.08451,0.08392,0.08397,777519.3
1750320000000,2025-06-19 10:00:00,0.08397,0.08457,0.08395,0.08395,1365649.9
1750323600000,2025-06-19 11:00:00,0.08395,0.085,0.08393,0.08475,1923468.9
1750327200000,2025-06-19 12:00:00,0.08475,0.08484,0.08426,0.08453,888355.5
1750330800000,2025-06-19 13:00:00,0.08453,0.08458,0.08386,0.08391,1448031.2
1750334400000,2025-06-19 14:00:00,0.08391,0.08434,0.08367,0.08395,1002665.1
1750338000000,2025-06-19 15:00:00,0.08395,0.0842,0.08319,0.08332,1921070.6
1750341600000,2025-06-19 16:00:00,0.08332,0.08376,0.0827,0.08285,2998733.6
1750345200000,2025-06-19 17:00:00,0.08285,0.08326,0.08277,0.08288,1806872.9
1750348800000,2025-06-19 18:00:00,0.08288,0.08307,0.08195,0.0821,2731057.4
1750352400000,2025-06-19 19:00:00,0.0821,0.08359,0.08193,0.08309,2941766.8
1750356000000,2025-06-19 20:00:00,0.08309,0.08378,0.08263,0.08294,2214553.8
1750359600000,2025-06-19 21:00:00,0.08294,0.08325,0.08256,0.08268,2386010.6
1750363200000,2025-06-19 22:00:00,0.08268,0.08316,0.08243,0.08285,2542200.9
1750366800000,2025-06-19 23:00:00,0.08285,0.08338,0.08281,0.08312,2031748.9
1750370400000,2025-06-20 00:00:00,0.08312,0.08409,0.08312,0.08363,2516428.7
1750374000000,2025-06-20 01:00:00,0.08363,0.08389,0.08336,0.08374,2920661.3
1750377600000,2025-06-20 02:00:00,0.08374,0.08404,0.08353,0.08383,1204791.4
1750381200000,2025-06-20 03:00:00,0.08383,0.08396,0.08335,0.08389,2031461.2
1750384800000,2025-06-20 04:00:00,0.08389,0.08405,0.08332,0.08336,876920.9
1750388400000,2025-06-20 05:00:00,0.08336,0.08354,0.0831,0.0835,711264.6
1750392000000,2025-06-20 06:00:00,0.0835,0.08362,0.08251,0.08267,1538954.9
1750395600000,2025-06-20 07:00:00,0.08267,0.083,0.08243,0.08291,2219939.8
1750399200000,2025-06-20 08:00:00,0.08291,0.08346,0.08287,0.08335,1136990.9
1750402800000,2025-06-20 09:00:00,0.08335,0.08477,0.08318,0.08461,2459260.8
1750406400000,2025-06-20 10:00:00,0.08461,0.0854,0.08453,0.08478,3873815.5
1750410000000,2025-06-20 11:00:00,0.08478,0.08509,0.08453,0.08484,953768.3
1750413600000,2025-06-20 12:00:00,0.08484,0.0853,0.08457,0.08478,2052564.8
1750417200000,2025-06-20 13:00:00,0.08478,0.0852,0.08454,0.08504,936093.7
1750420800000,2025-06-20 14:00:00,0.08504,0.08551,0.08494,0.08506,938868.2
1750424400000,2025-06-20 15:00:00,0.08506,0.08545,0.08436,0.08468,2157162.2
1750428000000,2025-06-20 16:00:00,0.08468,0.08511,0.08211,0.08219,7603676.8
1750431600000,2025-06-20 17:00:00,0.08219,0.08279,0.082,0.08232,4500716.6
1750435200000,2025-06-20 18:00:00,0.08232,0.08242,0.08103,0.08109,4740371.9
1750438800000,2025-06-20 19:00:00,0.08109,0.08137,0.07863,0.08093,28058616.1
1750442400000,2025-06-20 20:00:00,0.08093,0.08155,0.0806,0.08112,3710981.2
1750446000000,2025-06-20 21:00:00,0.08112,0.08114,0.08043,0.08076,2839877.7
1750449600000,2025-06-20 22:00:00,0.08076,0.08161,0.08072,0.08127,1806287.2
1750453200000,2025-06-20 23:00:00,0.08127,0.08133,0.0806,0.0806,1079139.6
1750456800000,2025-06-21 00:00:00,0.0806,0.0806,0.07952,0.07989,3149515.5
1750460400000,2025-06-21 01:00:00,0.07989,0.08031,0.07971,0.08019,1515908.2
1750464000000,2025-06-21 02:00:00,0.08019,0.08067,0.08006,0.08036,1609433.9
1750467600000,2025-06-21 03:00:00,0.08036,0.08109,0.08033,0.08096,2150619.9
1750471200000,2025-06-21 04:00:00,0.08096,0.08149,0.08093,0.08131,2980702.9
1750474800000,2025-06-21 05:00:00,0.08131,0.08184,0.08131,0.08161,1204466.1
1750478400000,2025-06-21 06:00:00,0.08161,0.08164,0.08113,0.08119,1617876.7
1750482000000,2025-06-21 07:00:00,0.08119,0.08137,0.08104,0.08131,757495.8
1750485600000,2025-06-21 08:00:00,0.08131,0.08144,0.08112,0.08131,644392.5
1750489200000,2025-06-21 09:00:00,0.08131,0.08131,0.08089,0.08108,614503.8
1750492800000,2025-06-21 10:00:00,0.08108,0.08134,0.08077,0.08134,1584460.9
1750496400000,2025-06-21 11:00:00,0.08134,0.08134,0.08078,0.08106,3620126.3
1750500000000,2025-06-21 12:00:00,0.08106,0.08128,0.08067,0.08079,1539098.3
1750503600000,2025-06-21 13:00:00,0.08079,0.08109,0.08068,0.08087,625467.4
1750507200000,2025-06-21 14:00:00,0.08087,0.08105,0.08012,0.08017,1339214.8
1750510800000,2025-06-21 15:00:00,0.08017,0.08036,0.07917,0.07931,4025673.9
1750514400000,2025-06-21 16:00:00,0.07931,0.07978,0.07861,0.07913,25374788.0
1750518000000,2025-06-21 17:00:00,0.07913,0.07942,0.07838,0.07937,17297409.1
1750521600000,2025-06-21 18:00:00,0.07937,0.07966,0.07893,0.07913,1872558.1
1750525200000,2025-06-21 19:00:00,0.07913,0.07943,0.07791,0.07823,3503091.7
1750528800000,2025-06-21 20:00:00,0.07823,0.07869,0.07776,0.07792,11887160.9
1750532400000,2025-06-21 21:00:00,0.07792,0.07807,0.07713,0.07725,4086096.4
1750536000000,2025-06-21 22:00:00,0.07725,0.07798,0.07713,0.07777,1817073.0
1750539600000,2025-06-21 23:00:00,0.07777,0.07786,0.07455,0.07561,7833475.7
1750543200000,2025-06-22 00:00:00,0.07561,0.07612,0.0752,0.07601,17012886.9
1750546800000,2025-06-22 01:00:00,0.07601,0.07662,0.07474,0.07653,10334500.2
1750550400000,2025-06-22 02:00:00,0.07653,0.07756,0.07589,0.07711,4003225.1
1750554000000,2025-06-22 03:00:00,0.07711,0.07727,0.07592,0.07592,3436032.4
1750557600000,2025-06-22 04:00:00,0.07592,0.07644,0.07482,0.07566,5035210.8
1750561200000,2025-06-22 05:00:00,0.07566,0.07573,0.07464,0.07512,4955910.6
1750564800000,2025-06-22 06:00:00,0.07512,0.07609,0.07485,0.07555,3909663.2
1750568400000,2025-06-22 07:00:00,0.07555,0.07591,0.07511,0.07579,1296011.1
1750572000000,2025-06-22 08:00:00,0.07579,0.07639,0.07552,0.0761,2381374.5
1750575600000,2025-06-22 09:00:00,0.0761,0.07624,0.07508,0.07541,3135305.8
1750579200000,2025-06-22 10:00:00,0.07541,0.07552,0.07495,0.07513,1475674.4
1750582800000,2025-06-22 11:00:00,0.07513,0.07542,0.07391,0.07409,6440995.9
1750586400000,2025-06-22 12:00:00,0.07409,0.07491,0.07385,0.07459,4181836.1
1750590000000,2025-06-22 13:00:00,0.07459,0.07537,0.07431,0.07468,1677763.8
1750593600000,2025-06-22 14:00:00,0.07468,0.07507,0.07324,0.07457,7126321.9
1750597200000,2025-06-22 15:00:00,0.07457,0.07471,0.07101,0.07195,14129558.1
1750600800000,2025-06-22 16:00:00,0.07195,0.07285,0.07048,0.07281,11213071.0
1750604400000,2025-06-22 17:00:00,0.07281,0.07309,0.07149,0.07165,4610578.8
1750608000000,2025-06-22 18:00:00,0.07165,0.07194,0.07124,0.07187,3273338.4
1750611600000,2025-06-22 19:00:00,0.07187,0.07276,0.07124,0.07219,2584724.5
1750615200000,2025-06-22 20:00:00,0.07219,0.07254,0.07165,0.07167,1254515.5
1750618800000,2025-06-22 21:00:00,0.07167,0.07194,0.07118,0.07141,2013156.0
1750622400000,2025-06-22 22:00:00,0.07141,0.07204,0.06925,0.07178,6394042.0
1750626000000,2025-06-22 23:00:00,0.07178,0.07234,0.07104,0.07119,1763385.0
1750629600000,2025-06-23 00:00:00,0.07119,0.0733,0.07112,0.07313,2898009.1
1750633200000,2025-06-23 01:00:00,0.07313,0.07332,0.07277,0.07312,3314279.7
1750636800000,2025-06-23 02:00:00,0.07312,0.07408,0.07301,0.07355,3538471.8
1750640400000,2025-06-23 03:00:00,0.07355,0.07382,0.07293,0.0736,3692610.4
1750644000000,2025-06-23 04:00:00,0.0736,0.0738,0.07339,0.07368,3981117.6
1750647600000,2025-06-23 05:00:00,0.07368,0.07385,0.07316,0.07336,2923518.8
1750651200000,2025-06-23 06:00:00,0.07336,0.07381,0.07329,0.0734,1272907.6
1750654800000,2025-06-23 07:00:00,0.0734,0.07429,0.0734,0.07418,1959059.1
1750658400000,2025-06-23 08:00:00,0.07418,0.07449,0.07401,0.07438,2202593.7
1750662000000,2025-06-23 09:00:00,0.07438,0.07491,0.07426,0.07427,2919258.0
1750665600000,2025-06-23 10:00:00,0.07427,0.07454,0.07391,0.07447,1261565.7
1750669200000,2025-06-23 11:00:00,0.07447,0.07458,0.07405,0.07451,1634252.1
1750672800000,2025-06-23 12:00:00,0.07451,0.07454,0.0739,0.07414,2409131.9
1750676400000,2025-06-23 13:00:00,0.07414,0.07423,0.07383,0.0741,1099866.1
1750680000000,2025-06-23 14:00:00,0.0741,0.07499,0.07358,0.07498,2788023.0
1750683600000,2025-06-23 15:00:00,0.07498,0.07605,0.07352,0.0758,5235050.2
1750687200000,2025-06-23 16:00:00,0.0758,0.07622,0.07505,0.07519,7425501.1
1750690800000,2025-06-23 17:00:00,0.07519,0.0755,0.07402,0.07417,2221629.9
1750694400000,2025-06-23 18:00:00,0.07417,0.07425,0.07224,0.07294,5818963.6
1750698000000,2025-06-23 19:00:00,0.07294,0.07553,0.07269,0.0753,7077958.0
1750701600000,2025-06-23 20:00:00,0.0753,0.07655,0.07523,0.07641,3221867.8
1750705200000,2025-06-23 21:00:00,0.07641,0.0771,0.07613,0.07686,2724209.6
1750708800000,2025-06-23 22:00:00,0.07686,0.07873,0.07674,0.0784,6146811.6
1750712400000,2025-06-23 23:00:00,0.0784,0.07877,0.07813,0.07829,1773102.9
1750716000000,2025-06-24 00:00:00,0.07829,0.08163,0.07829,0.08147,8320786.9
1750719600000,2025-06-24 01:00:00,0.08147,0.08172,0.08103,0.08136,2714307.6
1750723200000,2025-06-24 02:00:00,0.08136,0.08202,0.08136,0.08177,4470127.6
1750726800000,2025-06-24 03:00:00,0.08177,0.08254,0.08175,0.08248,4071951.7
1750730400000,2025-06-24 04:00:00,0.08248,0.08257,0.0818,0.0818,2744640.4
1750734000000,2025-06-24 05:00:00,0.0818,0.08213,0.08153,0.08167,1263986.0
1750737600000,2025-06-24 06:00:00,0.08167,0.0821,0.08152,0.08205,3110629.1
1750741200000,2025-06-24 07:00:00,0.08205,0.08412,0.08197,0.08404,4536416.8
1750744800000,2025-06-24 08:00:00,0.08404,0.08442,0.08368,0.08399,2111175.3
1750748400000,2025-06-24 09:00:00,0.08399,0.08464,0.08313,0.08329,2782392.7
1750752000000,2025-06-24 10:00:00,0.08329,0.08339,0.08248,0.08274,2873179.1
1750755600000,2025-06-24 11:00:00,0.08274,0.08374,0.08252,0.08297,2497799.7
1750759200000,2025-06-24 12:00:00,0.08297,0.08309,0.08246,0.08254,2411188.4
1750762800000,2025-06-24 13:00:00,0.08254,0.08281,0.08207,0.08243,2964588.7
1750766400000,2025-06-24 14:00:00,0.08243,0.08317,0.08242,0.08273,3495759.1
1750770000000,2025-06-24 15:00:00,0.08273,0.08309,0.08211,0.08261,3904791.8
1750773600000,2025-06-24 16:00:00,0.08261,0.0838,0.08245,0.08318,5809930.0
1750777200000,2025-06-24 17:00:00,0.08318,0.08367,0.08274,0.08321,3255856.2
1750780800000,2025-06-24 18:00:00,0.08321,0.08521,0.08307,0.08517,3392293.8
1750784400000,2025-06-24 19:00:00,0.08517,0.08541,0.0836,0.08368,4424738.9
1750788000000,2025-06-24 20:00:00,0.08368,0.08385,0.08267,0.08293,3713177.5
1750791600000,2025-06-24 21:00:00,0.08293,0.08294,0.08211,0.08274,1576571.6
1750795200000,2025-06-24 22:00:00,0.08274,0.08345,0.08242,0.08341,2585076.6
1750798800000,2025-06-24 23:00:00,0.08341,0.08432,0.08302,0.08422,2038352.0
1750802400000,2025-06-25 00:00:00,0.08422,0.08424,0.08344,0.08364,872429.4
1750806000000,2025-06-25 01:00:00,0.08364,0.08392,0.08318,0.08391,859781.8
1750809600000,2025-06-25 02:00:00,0.08391,0.0845,0.08349,0.08421,5018668.5
1750813200000,2025-06-25 03:00:00,0.08421,0.08429,0.08341,0.08374,4269987.7
1750816800000,2025-06-25 04:00:00,0.08374,0.0845,0.08364,0.08379,1323411.4
1750820400000,2025-06-25 05:00:00,0.08379,0.08413,0.08344,0.08345,1214133.9
1750824000000,2025-06-25 06:00:00,0.08345,0.08363,0.0831,0.08343,677160.3
1750827600000,2025-06-25 07:00:00,0.08343,0.08362,0.08302,0.08302,666478.3
1750831200000,2025-06-25 08:00:00,0.08302,0.08319,0.08265,0.08305,3733872.3
1750834800000,2025-06-25 09:00:00,0.08305,0.08394,0.08283,0.08371,4507225.7
1750838400000,2025-06-25 10:00:00,0.08371,0.08393,0.08235,0.0828,1654916.7
1750842000000,2025-06-25 11:00:00,0.0828,0.08299,0.08184,0.08225,5696392.3
1750845600000,2025-06-25 12:00:00,0.08225,0.08289,0.08196,0.08279,3453090.5
1750849200000,2025-06-25 13:00:00,0.08279,0.08353,0.08252,0.08341,1434940.4
1750852800000,2025-06-25 14:00:00,0.08341,0.08348,0.08292,0.08343,1063631.2
1750856400000,2025-06-25 15:00:00,0.08343,0.08454,0.08324,0.08412,2058609.9
1750860000000,2025-06-25 16:00:00,0.08412,0.08424,0.08231,0.08303,5376437.9
1750863600000,2025-06-25 17:00:00,0.08303,0.08303,0.08101,0.08124,3629719.0
1750867200000,2025-06-25 18:00:00,0.08124,0.08183,0.0808,0.08098,5686981.3
1750870800000,2025-06-25 19:00:00,0.08098,0.08236,0.08079,0.08159,2047488.0
1750874400000,2025-06-25 20:00:00,0.08159,0.08171,0.0812,0.08139,838351.5
1750878000000,2025-06-25 21:00:00,0.08139,0.08201,0.08134,0.08177,1256016.4
1750881600000,2025-06-25 22:00:00,0.08177,0.08221,0.08146,0.08217,2312426.6
1750885200000,2025-06-25 23:00:00,0.08217,0.08257,0.08117,0.08131,1804131.8
1750888800000,2025-06-26 00:00:00,0.08131,0.08131,0.08059,0.08089,2255858.0
1750892400000,2025-06-26 01:00:00,0.08089,0.08094,0.08027,0.08083,1142150.3
1750896000000,2025-06-26 02:00:00,0.08083,0.08124,0.08064,0.08078,1336182.8
1750899600000,2025-06-26 03:00:00,0.08078,0.08218,0.08044,0.08174,2503183.7
1750903200000,2025-06-26 04:00:00,0.08174,0.08282,0.08166,0.08268,2442572.1
1750906800000,2025-06-26 05:00:00,0.08268,0.08346,0.08188,0.08202,2087754.1
1750910400000,2025-06-26 06:00:00,0.08202,0.08215,0.0812,0.08159,993276.8
1750914000000,2025-06-26 07:00:00,0.08159,0.0816,0.08085,0.08107,1162566.1
1750917600000,2025-06-26 08:00:00,0.08107,0.08176,0.08094,0.08167,2072758.7
1750921200000,2025-06-26 09:00:00,0.08167,0.08258,0.08157,0.08213,1358325.3
1750924800000,2025-06-26 10:00:00,0.08213,0.08258,0.08172,0.08172,883062.6
1750928400000,2025-06-26 11:00:00,0.08172,0.08182,0.08063,0.0808,2091420.5
1750932000000,2025-06-26 12:00:00,0.0808,0.08118,0.08059,0.08108,704309.1
1750935600000,2025-06-26 13:00:00,0.08108,0.08124,0.08078,0.08099,1729143.2
1750939200000,2025-06-26 14:00:00,0.08099,0.08101,0.07966,0.0798,4339857.4
1750942800000,2025-06-26 15:00:00,0.0798,0.07994,0.07897,0.0792,3595094.4
1750946400000,2025-06-26 16:00:00,0.0792,0.08029,0.07867,0.07958,4130911.7
1750950000000,2025-06-26 17:00:00,0.07958,0.07985,0.07874,0.07945,2238371.8
1750953600000,2025-06-26 18:00:00,0.07945,0.07952,0.07861,0.0788,1287188.0
1750957200000,2025-06-26 19:00:00,0.0788,0.07947,0.07869,0.07879,1391287.3
1750960800000,2025-06-26 20:00:00,0.07879,0.0794,0.07864,0.07891,1171716.3
1750964400000,2025-06-26 21:00:00,0.07891,0.08011,0.07876,0.07973,3512561.1
1750968000000,2025-06-26 22:00:00,0.07973,0.08108,0.07953,0.0803,2160385.5
1750971600000,2025-06-26 23:00:00,0.0803,0.08043,0.07896,0.07947,2272669.9
1750975200000,2025-06-27 00:00:00,0.07947,0.07993,0.07888,0.0789,920856.6
1750978800000,2025-06-27 01:00:00,0.0789,0.07908,0.07875,0.07891,544440.7
1750982400000,2025-06-27 02:00:00,0.07891,0.0792,0.07807,0.07812,1983246.5
1750986000000,2025-06-27 03:00:00,0.07812,0.07991,0.07777,0.07968,3235219.1
1750989600000,2025-06-27 04:00:00,0.07968,0.08012,0.07949,0.07983,1046184.4
1750993200000,2025-06-27 05:00:00,0.07983,0.08008,0.07959,0.07993,662925.9
1750996800000,2025-06-27 06:00:00,0.07993,0.08022,0.07968,0.08011,1271429.4
1751000400000,2025-06-27 07:00:00,0.08011,0.08107,0.07972,0.07977,2091086.8
1751004000000,2025-06-27 08:00:00,0.07977,0.07999,0.0795,0.07975,1398555.2
1751007600000,2025-06-27 09:00:00,0.07975,0.08056,0.0793,0.07943,1953101.9
1751011200000,2025-06-27 10:00:00,0.07943,0.08089,0.07943,0.08064,1405137.9
1751014800000,2025-06-27 11:00:00,0.08064,0.08076,0.08,0.08025,1659170.3
1751018400000,2025-06-27 12:00:00,0.08025,0.08035,0.07959,0.07962,1935617.8
1751022000000,2025-06-27 13:00:00,0.07962,0.08,0.07957,0.0799,1723717.4
1751025600000,2025-06-27 14:00:00,0.0799,0.0806,0.07927,0.07935,4034722.4
1751029200000,2025-06-27 15:00:00,0.07935,0.07983,0.07901,0.07978,2393128.5
1751032800000,2025-06-27 16:00:00,0.07978,0.08057,0.07958,0.07981,2227525.9
1751036400000,2025-06-27 17:00:00,0.07981,0.08122,0.07968,0.08099,1088302.6
1751040000000,2025-06-27 18:00:00,0.08099,0.08249,0.08067,0.08119,8176239.7
1751043600000,2025-06-27 19:00:00,0.08119,0.08126,0.07956,0.08001,6924400.6
1751047200000,2025-06-27 20:00:00,0.08001,0.08003,0.07885,0.07901,1946866.1
1751050800000,2025-06-27 21:00:00,0.07901,0.07956,0.07891,0.07945,1304940.4
1751054400000,2025-06-27 22:00:00,0.07945,0.08053,0.07932,0.08045,2310541.5
1751058000000,2025-06-27 23:00:00,0.08045,0.08092,0.08026,0.08078,1360204.3
1751061600000,2025-06-28 00:00:00,0.08078,0.08122,0.08078,0.08114,1425481.9
1751065200000,2025-06-28 01:00:00,0.08114,0.08114,0.08061,0.08095,1586065.0
1751068800000,2025-06-28 02:00:00,0.08095,0.08134,0.08088,0.0811,1355749.8
1751072400000,2025-06-28 03:00:00,0.0811,0.08152,0.08076,0.08146,1387139.9
1751076000000,2025-06-28 04:00:00,0.08146,0.08177,0.08135,0.08136,891126.0
1751079600000,2025-06-28 05:00:00,0.08136,0.08151,0.08126,0.08126,513077.4
1751083200000,2025-06-28 06:00:00,0.08126,0.08132,0.08077,0.08081,520889.6
1751086800000,2025-06-28 07:00:00,0.08081,0.08157,0.08081,0.08114,1003345.4
1751090400000,2025-06-28 08:00:00,0.08114,0.08128,0.08093,0.08119,437041.2
1751094000000,2025-06-28 09:00:00,0.08119,0.08197,0.08102,0.08183,2594505.4
1751097600000,2025-06-28 10:00:00,0.08183,0.0821,0.0814,0.08152,1208712.4
1751101200000,2025-06-28 11:00:00,0.08152,0.08223,0.0814,0.08202,1388810.5
1751104800000,2025-06-28 12:00:00,0.08202,0.08235,0.0819,0.08228,1280390.6
1751108400000,2025-06-28 13:00:00,0.08228,0.08242,0.08207,0.08212,1187805.7
1751112000000,2025-06-28 14:00:00,0.08212,0.08222,0.08183,0.08214,3619799.8
1751115600000,2025-06-28 15:00:00,0.08214,0.08231,0.08122,0.08129,2627059.4
1751119200000,2025-06-28 16:00:00,0.08129,0.08157,0.08124,0.08135,1560662.4
1751122800000,2025-06-28 17:00:00,0.08135,0.08275,0.08132,0.08243,11882003.5
1751126400000,2025-06-28 18:00:00,0.08243,0.08304,0.08219,0.0824,5568292.5
1751130000000,2025-06-28 19:00:00,0.0824,0.08376,0.0824,0.08344,2437731.4
1751133600000,2025-06-28 20:00:00,0.08344,0.08354,0.0831,0.08348,850017.5
1751137200000,2025-06-28 21:00:00,0.08348,0.084,0.08315,0.08321,1394940.6
1751140800000,2025-06-28 22:00:00,0.08321,0.08329,0.08294,0.08305,823852.7
1751144400000,2025-06-28 23:00:00,0.08305,0.08397,0.08295,0.0839,801814.2
1751148000000,2025-06-29 00:00:00,0.0839,0.08462,0.08378,0.08438,1547902.9
1751151600000,2025-06-29 01:00:00,0.08438,0.08461,0.0841,0.08428,678209.5
1751155200000,2025-06-29 02:00:00,0.08428,0.08484,0.08421,0.08456,910163.3
1751158800000,2025-06-29 03:00:00,0.08456,0.08457,0.08396,0.08405,445847.1
1751162400000,2025-06-29 04:00:00,0.08405,0.0841,0.08363,0.08399,708068.4
1751166000000,2025-06-29 05:00:00,0.08399,0.0841,0.08362,0.08365,642131.4
1751169600000,2025-06-29 06:00:00,0.08365,0.08413,0.08357,0.08411,250711.8
1751173200000,2025-06-29 07:00:00,0.08411,0.08437,0.08396,0.08432,466749.2
1751176800000,2025-06-29 08:00:00,0.08432,0.08455,0.08418,0.08448,435495.8
1751180400000,2025-06-29 09:00:00,0.08448,0.08517,0.0844,0.08517,2758853.5
1751184000000,2025-06-29 10:00:00,0.08517,0.08528,0.08482,0.08511,1810896.1
1751187600000,2025-06-29 11:00:00,0.08511,0.0855,0.08486,0.08516,2402500.0
1751191200000,2025-06-29 12:00:00,0.08516,0.08529,0.08459,0.08486,1051797.4
1751194800000,2025-06-29 13:00:00,0.08486,0.08491,0.08456,0.0847,626269.1
1751198400000,2025-06-29 14:00:00,0.0847,0.08472,0.08418,0.08458,693175.8
1751202000000,2025-06-29 15:00:00,0.08458,0.08487,0.08435,0.08441,796931.7
1751205600000,2025-06-29 16:00:00,0.08441,0.08469,0.08374,0.08378,1540647.7
1751209200000,2025-06-29 17:00:00,0.08378,0.08378,0.08323,0.08334,1829632.4
1751212800000,2025-06-29 18:00:00,0.08334,0.08383,0.08325,0.08378,1850574.3
1751216400000,2025-06-29 19:00:00,0.08378,0.08415,0.08335,0.08413,684457.0
1751220000000,2025-06-29 20:00:00,0.08413,0.08447,0.08376,0.08442,856669.0
1751223600000,2025-06-29 21:00:00,0.08442,0.08466,0.08425,0.08459,1120829.7
1751227200000,2025-06-29 22:00:00,0.08459,0.08467,0.08426,0.08431,577686.8
1751230800000,2025-06-29 23:00:00,0.08431,0.08567,0.08379,0.08565,3287320.1
1751234400000,2025-06-30 00:00:00,0.08565,0.08858,0.08557,0.08833,5004086.8
1751238000000,2025-06-30 01:00:00,0.08833,0.08863,0.08748,0.08768,1478117.0
1751241600000,2025-06-30 02:00:00,0.08768,0.08829,0.08717,0.08724,3507454.4
1751245200000,2025-06-30 03:00:00,0.08724,0.08725,0.08625,0.08627,2499902.2
1751248800000,2025-06-30 04:00:00,0.08627,0.08641,0.0859,0.08599,834900.0
1751252400000,2025-06-30 05:00:00,0.08599,0.08616,0.08572,0.08598,932662.9
1751256000000,2025-06-30 06:00:00,0.08598,0.08598,0.08512,0.08527,1117799.7
1751259600000,2025-06-30 07:00:00,0.08527,0.08598,0.08522,0.08597,1240397.8
1751263200000,2025-06-30 08:00:00,0.08597,0.08604,0.08441,0.08494,1542174.5
1751266800000,2025-06-30 09:00:00,0.08494,0.0857,0.08463,0.0855,1207812.2
1751270400000,2025-06-30 10:00:00,0.0855,0.08566,0.08452,0.08473,2541249.5
1751274000000,2025-06-30 11:00:00,0.08473,0.08503,0.08427,0.08427,1124329.3
1751277600000,2025-06-30 12:00:00,0.08427,0.08465,0.08413,0.08463,1334911.6
1751281200000,2025-06-30 13:00:00,0.08463,0.08519,0.08455,0.0847,1471764.2
1751284800000,2025-06-30 14:00:00,0.0847,0.08527,0.08414,0.08441,2581679.2
1751288400000,2025-06-30 15:00:00,0.08441,0.08512,0.08417,0.08432,3548131.5
1751292000000,2025-06-30 16:00:00,0.08432,0.08492,0.08373,0.0838,3742238.2
1751295600000,2025-06-30 17:00:00,0.0838,0.08581,0.08357,0.08487,4633040.4
1751299200000,2025-06-30 18:00:00,0.08487,0.08559,0.08451,0.08545,1984565.5
1751302800000,2025-06-30 19:00:00,0.08545,0.08567,0.08485,0.08506,1646446.6
1751306400000,2025-06-30 20:00:00,0.08506,0.08527,0.08445,0.08472,1058626.0
1751310000000,2025-06-30 21:00:00,0.08472,0.08634,0.08472,0.08619,2959119.1
1751313600000,2025-06-30 22:00:00,0.08619,0.08632,0.08537,0.08539,1357581.1
1751317200000,2025-06-30 23:00:00,0.08539,0.08552,0.08443,0.0847,872309.4
1751320800000,2025-07-01 00:00:00,0.0847,0.085,0.0843,0.08431,860371.5
1751324400000,2025-07-01 01:00:00,0.08431,0.08456,0.08383,0.08389,941679.2
1751328000000,2025-07-01 02:00:00,0.08389,0.0845,0.08335,0.08374,2457450.5
1751331600000,2025-07-01 03:00:00,0.08374,0.08402,0.08317,0.08324,957996.7
1751335200000,2025-07-01 04:00:00,0.08324,0.08341,0.08276,0.08278,1560185.9
1751338800000,2025-07-01 05:00:00,0.08278,0.08301,0.08254,0.08281,655709.6
1751342400000,2025-07-01 06:00:00,0.08281,0.08282,0.08165,0.08165,3209381.0
1751346000000,2025-07-01 07:00:00,0.08165,0.08176,0.08121,0.08161,2773009.5
1751349600000,2025-07-01 08:00:00,0.08161,0.08198,0.08131,0.08166,1286084.2
1751353200000,2025-07-01 09:00:00,0.08166,0.08232,0.08103,0.08212,1813595.8
1751356800000,2025-07-01 10:00:00,0.08212,0.08212,0.08119,0.08159,1579791.1
1751360400000,2025-07-01 11:00:00,0.08159,0.08191,0.08144,0.08178,1445357.9
1751364000000,2025-07-01 12:00:00,0.08178,0.08193,0.08128,0.08165,2145086.9
1751367600000,2025-07-01 13:00:00,0.08165,0.08165,0.08077,0.08093,1251434.1
1751371200000,2025-07-01 14:00:00,0.08093,0.08109,0.08059,0.08066,1564231.5
1751374800000,2025-07-01 15:00:00,0.08066,0.0814,0.0802,0.08132,3979307.8
1751378400000,2025-07-01 16:00:00,0.08132,0.08181,0.08037,0.08107,2564119.3
1751382000000,2025-07-01 17:00:00,0.08107,0.08108,0.08027,0.08052,2127477.8
1751385600000,2025-07-01 18:00:00,0.08052,0.08078,0.08012,0.08039,1115947.4
1751389200000,2025-07-01 19:00:00,0.08039,0.08049,0.07984,0.08015,2118385.9
1751392800000,2025-07-01 20:00:00,0.08015,0.08017,0.07925,0.07953,4872320.6
1751396400000,2025-07-01 21:00:00,0.07953,0.08003,0.07936,0.07963,1233720.3
1751400000000,2025-07-01 22:00:00,0.07963,0.08005,0.07935,0.07996,1840720.5
1751403600000,2025-07-01 23:00:00,0.07996,0.08038,0.07958,0.07964,1097323.4
1751407200000,2025-07-02 00:00:00,0.07964,0.07984,0.07922,0.07927,1438810.4
1751410800000,2025-07-02 01:00:00,0.07927,0.07966,0.07889,0.07964,5427537.6
1751414400000,2025-07-02 02:00:00,0.07964,0.07976,0.07932,0.07933,877016.8
1751418000000,2025-07-02 03:00:00,0.07933,0.08012,0.07877,0.07981,2040565.1
1751421600000,2025-07-02 04:00:00,0.07981,0.08001,0.0796,0.07999,418293.5
1751425200000,2025-07-02 05:00:00,0.07999,0.08083,0.07998,0.08007,1916921.5
1751428800000,2025-07-02 06:00:00,0.08007,0.0816,0.07997,0.08144,2585126.5
1751432400000,2025-07-02 07:00:00,0.08144,0.0818,0.08112,0.08172,2939958.3
1751436000000,2025-07-02 08:00:00,0.08172,0.08241,0.08164,0.08238,1861325.6
1751439600000,2025-07-02 09:00:00,0.08238,0.08238,0.08176,0.08208,2253864.4
1751443200000,2025-07-02 10:00:00,0.08208,0.08253,0.08204,0.08252,1949881.8
1751446800000,2025-07-02 11:00:00,0.08252,0.08263,0.08197,0.082,1280522.3
1751450400000,2025-07-02 12:00:00,0.082,0.0827,0.08173,0.08269,624983.2
1751454000000,2025-07-02 13:00:00,0.08269,0.0831,0.08225,0.08239,2273785.9
1751457600000,2025-07-02 14:00:00,0.08239,0.0824,0.08157,0.08219,2861994.1
1751461200000,2025-07-02 15:00:00,0.08219,0.08325,0.08216,0.08287,2996886.4
1751464800000,2025-07-02 16:00:00,0.08287,0.08381,0.08276,0.08371,2361339.9
1751468400000,2025-07-02 17:00:00,0.08371,0.08464,0.08371,0.0846,3328800.9
1751472000000,2025-07-02 18:00:00,0.0846,0.08719,0.08434,0.08699,11447604.8
1751475600000,2025-07-02 19:00:00,0.08699,0.08764,0.08619,0.08694,7653399.1
1751479200000,2025-07-02 20:00:00,0.08694,0.08781,0.08694,0.08774,3158107.4
1751482800000,2025-07-02 21:00:00,0.08774,0.08808,0.08729,0.08806,2082548.4
1751486400000,2025-07-02 22:00:00,0.08806,0.08855,0.0877,0.08785,3036011.8
1751490000000,2025-07-02 23:00:00,0.08785,0.08824,0.08766,0.08817,1914418.1
1751493600000,2025-07-03 00:00:00,0.08817,0.08846,0.08764,0.08774,1307072.1
1751497200000,2025-07-03 01:00:00,0.08774,0.08781,0.08648,0.08678,2311527.8
1751500800000,2025-07-03 02:00:00,0.08678,0.08752,0.08668,0.08725,1476127.6
1751504400000,2025-07-03 03:00:00,0.08725,0.08798,0.08702,0.08785,1132593.1
1751508000000,2025-07-03 04:00:00,0.08785,0.08792,0.08693,0.0873,861712.3
1751511600000,2025-07-03 05:00:00,0.0873,0.08771,0.08705,0.08708,1521678.0
1751515200000,2025-07-03 06:00:00,0.08708,0.08802,0.08699,0.08792,691858.2
1751518800000,2025-07-03 07:00:00,0.08792,0.089,0.08779,0.08864,2986283.4
1751522400000,2025-07-03 08:00:00,0.08864,0.08914,0.08829,0.08907,1689311.0
1751526000000,2025-07-03 09:00:00,0.08907,0.08907,0.08856,0.08893,1617437.9
1751529600000,2025-07-03 10:00:00,0.08893,0.08927,0.08863,0.08867,1501723.9
1751533200000,2025-07-03 11:00:00,0.08867,0.08909,0.08842,0.08869,1748758.6
1751536800000,2025-07-03 12:00:00,0.08869,0.08878,0.08778,0.08814,1181747.3
1751540400000,2025-07-03 13:00:00,0.08814,0.08828,0.08761,0.08779,961102.0
1751544000000,2025-07-03 14:00:00,0.08779,0.08888,0.08678,0.08781,3081139.8
1751547600000,2025-07-03 15:00:00,0.08781,0.08908,0.08768,0.08884,2541361.8
1751551200000,2025-07-03 16:00:00,0.08884,0.0891,0.08746,0.08766,1518283.8
1751554800000,2025-07-03 17:00:00,0.08766,0.08773,0.08595,0.08605,3052375.5
1751558400000,2025-07-03 18:00:00,0.08605,0.08687,0.08601,0.0867,2191396.0
1751562000000,2025-07-03 19:00:00,0.0867,0.08723,0.08668,0.0871,616486.0
1751565600000,2025-07-03 20:00:00,0.0871,0.0874,0.08674,0.08705,606474.2
1751569200000,2025-07-03 21:00:00,0.08705,0.08747,0.08702,0.08743,854616.0
1751572800000,2025-07-03 22:00:00,0.08743,0.08813,0.08742,0.08786,1031604.0
1751576400000,2025-07-03 23:00:00,0.08786,0.08808,0.08742,0.08787,654733.2
1751580000000,2025-07-04 00:00:00,0.08787,0.08802,0.08752,0.08755,376156.3
1751583600000,2025-07-04 01:00:00,0.08755,0.08763,0.08705,0.0873,557711.2
1751587200000,2025-07-04 02:00:00,0.0873,0.08801,0.08726,0.08767,1756569.8
1751590800000,2025-07-04 03:00:00,0.08767,0.08827,0.08719,0.08719,1061138.0
1751594400000,2025-07-04 04:00:00,0.08719,0.08728,0.08614,0.08639,2117037.3
1751598000000,2025-07-04 05:00:00,0.08639,0.08686,0.08628,0.08641,357245.9
1751601600000,2025-07-04 06:00:00,0.08641,0.0869,0.08583,0.08584,1346955.7
1751605200000,2025-07-04 07:00:00,0.08584,0.08656,0.08584,0.08609,829611.2
1751608800000,2025-07-04 08:00:00,0.08609,0.0861,0.08515,0.08527,1218671.2
1751612400000,2025-07-04 09:00:00,0.08527,0.0855,0.08396,0.08408,4063307.5
1751616000000,2025-07-04 10:00:00,0.08408,0.08458,0.08329,0.08435,3699070.0
1751619600000,2025-07-04 11:00:00,0.08435,0.08494,0.08431,0.08457,1177493.6
1751623200000,2025-07-04 12:00:00,0.08457,0.08465,0.08401,0.08405,1362563.4
1751626800000,2025-07-04 13:00:00,0.08405,0.08473,0.08401,0.08443,792274.6
1751630400000,2025-07-04 14:00:00,0.08443,0.08473,0.08397,0.08428,1250451.6
1751634000000,2025-07-04 15:00:00,0.08428,0.08472,0.08365,0.08384,1980654.9
1751637600000,2025-07-04 16:00:00,0.08384,0.08395,0.083,0.08345,3148637.6
1751641200000,2025-07-04 17:00:00,0.08345,0.08345,0.08248,0.08249,1998396.3
1751644800000,2025-07-04 18:00:00,0.08249,0.0826,0.08147,0.08196,3295193.4
1751648400000,2025-07-04 19:00:00,0.08196,0.08219,0.08158,0.08212,1702695.3
1751652000000,2025-07-04 20:00:00,0.08212,0.08212,0.08142,0.08172,1176275.0
1751655600000,2025-07-04 21:00:00,0.08172,0.08196,0.08114,0.08132,1480803.1
1751659200000,2025-07-04 22:00:00,0.08132,0.08195,0.08116,0.08183,1456344.9
1751662800000,2025-07-04 23:00:00,0.08183,0.08221,0.08171,0.08221,857337.2
1751666400000,2025-07-05 00:00:00,0.08221,0.08293,0.08212,0.08293,1336597.3
1751670000000,2025-07-05 01:00:00,0.08293,0.08294,0.08227,0.08245,1341813.2
1751673600000,2025-07-05 02:00:00,0.08245,0.08305,0.08244,0.08298,1100111.9
1751677200000,2025-07-05 03:00:00,0.08298,0.08298,0.0823,0.08252,912322.4
1751680800000,2025-07-05 04:00:00,0.08252,0.08289,0.08214,0.08285,1392192.5
1751684400000,2025-07-05 05:00:00,0.08285,0.08327,0.08273,0.08276,612034.0
1751688000000,2025-07-05 06:00:00,0.08276,0.08288,0.08227,0.08228,679000.2
1751691600000,2025-07-05 07:00:00,0.08228,0.08258,0.082,0.08256,620255.6
1751695200000,2025-07-05 08:00:00,0.08256,0.08321,0.08248,0.08319,1263000.2
1751698800000,2025-07-05 09:00:00,0.08319,0.08323,0.0827,0.08278,326280.5
1751702400000,2025-07-05 10:00:00,0.08278,0.08288,0.08217,0.08245,968525.8
1751706000000,2025-07-05 11:00:00,0.08245,0.08262,0.08202,0.0825,422540.2
1751709600000,2025-07-05 12:00:00,0.0825,0.08256,0.08206,0.08212,752291.2
1751713200000,2025-07-05 13:00:00,0.08212,0.08269,0.08212,0.08236,693667.9
1751716800000,2025-07-05 14:00:00,0.08236,0.0824,0.08168,0.08209,741841.2
1751720400000,2025-07-05 15:00:00,0.08209,0.08232,0.08184,0.08192,555468.3
1751724000000,2025-07-05 16:00:00,0.08192,0.08205,0.08167,0.08204,709578.4
1751727600000,2025-07-05 17:00:00,0.08204,0.08205,0.08143,0.08167,1034070.3
1751731200000,2025-07-05 18:00:00,0.08167,0.0819,0.08128,0.08186,1240061.0
1751734800000,2025-07-05 19:00:00,0.08186,0.0821,0.08105,0.08144,1596769.5
1751738400000,2025-07-05 20:00:00,0.08144,0.08147,0.08087,0.08091,1793990.1
1751742000000,2025-07-05 21:00:00,0.08091,0.08164,0.08077,0.08159,1698324.1
1751745600000,2025-07-05 22:00:00,0.08159,0.08215,0.08148,0.08209,2202249.9
1751749200000,2025-07-05 23:00:00,0.08209,0.08268,0.08207,0.08261,1127083.5
1751752800000,2025-07-06 00:00:00,0.08261,0.08264,0.08221,0.08257,1163287.9
1751756400000,2025-07-06 01:00:00,0.08257,0.08267,0.08232,0.08245,403936.1
1751760000000,2025-07-06 02:00:00,0.08245,0.0826,0.08227,0.08258,705721.2
1751763600000,2025-07-06 03:00:00,0.08258,0.08258,0.08206,0.08226,461055.6
1751767200000,2025-07-06 04:00:00,0.08226,0.08254,0.08201,0.08201,548646.8
1751770800000,2025-07-06 05:00:00,0.08201,0.08211,0.08177,0.08203,728503.4
1751774400000,2025-07-06 06:00:00,0.08203,0.08245,0.08202,0.08215,1270164.7
1751778000000,2025-07-06 07:00:00,0.08215,0.08224,0.08193,0.08197,455396.7
1751781600000,2025-07-06 08:00:00,0.08197,0.08272,0.08192,0.08257,1354455.4
1751785200000,2025-07-06 09:00:00,0.08257,0.08296,0.08243,0.08249,938477.4
1751788800000,2025-07-06 10:00:00,0.08249,0.08269,0.08205,0.08243,1098119.1
1751792400000,2025-07-06 11:00:00,0.08243,0.0826,0.08203,0.08203,548615.3
1751796000000,2025-07-06 12:00:00,0.08203,0.08245,0.08188,0.08222,780774.0
1751799600000,2025-07-06 13:00:00,0.08222,0.08272,0.0821,0.08266,478982.8
1751803200000,2025-07-06 14:00:00,0.08266,0.0832,0.08251,0.0832,1091747.5
1751806800000,2025-07-06 15:00:00,0.0832,0.0847,0.08314,0.08438,3641515.5
1751810400000,2025-07-06 16:00:00,0.08438,0.08476,0.08386,0.08433,2730391.0
1751814000000,2025-07-06 17:00:00,0.08433,0.0846,0.08398,0.08437,2923292.2
1751817600000,2025-07-06 18:00:00,0.08437,0.08523,0.08437,0.08517,3641405.6
1751821200000,2025-07-06 19:00:00,0.08517,0.08517,0.08451,0.08494,863907.9
1751824800000,2025-07-06 20:00:00,0.08494,0.08508,0.08374,0.08418,3151570.7
1751828400000,2025-07-06 21:00:00,0.08418,0.08443,0.08402,0.08439,570851.8
1751832000000,2025-07-06 22:00:00,0.08439,0.08509,0.08439,0.08476,1759025.5
1751835600000,2025-07-06 23:00:00,0.08476,0.08632,0.08476,0.08566,2304461.5
1751839200000,2025-07-07 00:00:00,0.08566,0.08642,0.08552,0.08555,1604306.4
1751842800000,2025-07-07 01:00:00,0.08555,0.08559,0.08428,0.08472,1972291.6
1751846400000,2025-07-07 02:00:00,0.08472,0.08485,0.08422,0.0844,2314808.6
1751850000000,2025-07-07 03:00:00,0.0844,0.08466,0.08408,0.08442,1097504.4
1751853600000,2025-07-07 04:00:00,0.08442,0.08547,0.08442,0.08505,1370648.7
1751857200000,2025-07-07 05:00:00,0.08505,0.08566,0.08485,0.0849,742312.5
1751860800000,2025-07-07 06:00:00,0.0849,0.08503,0.08453,0.08453,593713.3
1751864400000,2025-07-07 07:00:00,0.08453,0.08472,0.08411,0.08422,2000156.3
1751868000000,2025-07-07 08:00:00,0.08422,0.08478,0.08415,0.08425,1264649.2
1751871600000,2025-07-07 09:00:00,0.08425,0.08532,0.084,0.0853,2155294.2
1751875200000,2025-07-07 10:00:00,0.0853,0.08556,0.08507,0.08527,2094999.4
1751878800000,2025-07-07 11:00:00,0.08527,0.08528,0.08449,0.08461,1647094.3
1751882400000,2025-07-07 12:00:00,0.08461,0.08461,0.08411,0.0843,1113856.5
1751886000000,2025-07-07 13:00:00,0.0843,0.08464,0.08407,0.08432,1832226.6
1751889600000,2025-07-07 14:00:00,0.08432,0.08447,0.08384,0.0841,974181.7
1751893200000,2025-07-07 15:00:00,0.0841,0.08484,0.08376,0.08484,1617317.2
1751896800000,2025-07-07 16:00:00,0.08484,0.08495,0.08313,0.08347,4326967.8
1751900400000,2025-07-07 17:00:00,0.08347,0.08401,0.08337,0.08368,2345099.9
1751904000000,2025-07-07 18:00:00,0.08368,0.08395,0.08281,0.08308,3628865.9
1751907600000,2025-07-07 19:00:00,0.08308,0.0836,0.08273,0.08322,1962693.0
1751911200000,2025-07-07 20:00:00,0.08322,0.0833,0.08244,0.08322,1912777.8
1751914800000,2025-07-07 21:00:00,0.08322,0.08403,0.08317,0.08326,1690836.2
1751918400000,2025-07-07 22:00:00,0.08326,0.08329,0.08229,0.08255,3393206.7
1751922000000,2025-07-07 23:00:00,0.08255,0.08298,0.08203,0.0828,2183879.1
1751925600000,2025-07-08 00:00:00,0.0828,0.08295,0.08234,0.08256,1647622.2
1751929200000,2025-07-08 01:00:00,0.08256,0.08308,0.08244,0.08307,895427.0
1751932800000,2025-07-08 02:00:00,0.08307,0.08346,0.08259,0.08267,3839088.2
1751936400000,2025-07-08 03:00:00,0.08267,0.08267,0.08193,0.08198,2061310.2
1751940000000,2025-07-08 04:00:00,0.08198,0.08243,0.08173,0.08196,2680617.6
1751943600000,2025-07-08 05:00:00,0.08196,0.08241,0.08189,0.08217,558370.3
1751947200000,2025-07-08 06:00:00,0.08217,0.08231,0.08165,0.08231,906093.5
1751950800000,2025-07-08 07:00:00,0.08231,0.08262,0.08217,0.0825,1147207.1
1751954400000,2025-07-08 08:00:00,0.0825,0.0829,0.08241,0.08255,1883721.5
1751958000000,2025-07-08 09:00:00,0.08255,0.08255,0.08211,0.08248,889541.0
1751961600000,2025-07-08 10:00:00,0.08248,0.08265,0.08201,0.08207,949018.3
1751965200000,2025-07-08 11:00:00,0.08207,0.08278,0.08201,0.0827,678845.4
1751968800000,2025-07-08 12:00:00,0.0827,0.08378,0.08265,0.08376,2608453.3
1751972400000,2025-07-08 13:00:00,0.08376,0.08427,0.0837,0.08376,2408807.9
1751976000000,2025-07-08 14:00:00,0.08376,0.08426,0.08345,0.08405,3458516.5
1751979600000,2025-07-08 15:00:00,0.08405,0.08441,0.08361,0.0841,5421124.3
1751983200000,2025-07-08 16:00:00,0.0841,0.0842,0.08283,0.08303,5583976.1
1751986800000,2025-07-08 17:00:00,0.08303,0.08329,0.08276,0.08303,4144082.7
1751990400000,2025-07-08 18:00:00,0.08303,0.08383,0.08267,0.08374,4263021.7
1751994000000,2025-07-08 19:00:00,0.08374,0.08555,0.08373,0.08517,7265319.5
1751997600000,2025-07-08 20:00:00,0.08517,0.08591,0.08517,0.0859,2647520.2
1752001200000,2025-07-08 21:00:00,0.0859,0.08599,0.08493,0.08536,3077703.5
1752004800000,2025-07-08 22:00:00,0.08536,0.08547,0.0849,0.08502,901643.0
1752008400000,2025-07-08 23:00:00,0.08502,0.08573,0.08495,0.0854,1217158.1
1752012000000,2025-07-09 00:00:00,0.0854,0.08558,0.0848,0.08509,841029.7
1752015600000,2025-07-09 01:00:00,0.08509,0.08515,0.08461,0.08513,1621775.6
1752019200000,2025-07-09 02:00:00,0.08513,0.0854,0.08474,0.08504,3678276.0
1752022800000,2025-07-09 03:00:00,0.08504,0.08546,0.08431,0.08454,1684183.8
1752026400000,2025-07-09 04:00:00,0.08454,0.08511,0.08443,0.08503,3701441.5
1752030000000,2025-07-09 05:00:00,0.08503,0.08542,0.08471,0.08489,1836783.2
1752033600000,2025-07-09 06:00:00,0.08489,0.0852,0.08456,0.0852,668405.2
1752037200000,2025-07-09 07:00:00,0.0852,0.08618,0.08485,0.0858,4433697.9
1752040800000,2025-07-09 08:00:00,0.0858,0.08632,0.08537,0.08622,1586900.8
1752044400000,2025-07-09 09:00:00,0.08622,0.08647,0.08586,0.08627,1357099.0
1752048000000,2025-07-09 10:00:00,0.08627,0.08692,0.08618,0.08658,3070867.1
1752051600000,2025-07-09 11:00:00,0.08658,0.08674,0.08603,0.08644,2425221.0
1752055200000,2025-07-09 12:00:00,0.08644,0.08662,0.08618,0.08653,671542.8
1752058800000,2025-07-09 13:00:00,0.08653,0.08729,0.08653,0.08709,3207060.1
1752062400000,2025-07-09 14:00:00,0.08709,0.08773,0.08691,0.08735,2437567.4
1752066000000,2025-07-09 15:00:00,0.08735,0.08764,0.08682,0.08699,1724895.1
1752069600000,2025-07-09 16:00:00,0.08699,0.08761,0.08633,0.08691,3600385.0
1752073200000,2025-07-09 17:00:00,0.08691,0.08733,0.08686,0.08711,1220724.9
1752076800000,2025-07-09 18:00:00,0.08711,0.08802,0.08711,0.08751,2150165.2
1752080400000,2025-07-09 19:00:00,0.08751,0.08764,0.08685,0.08736,2122610.1
1752084000000,2025-07-09 20:00:00,0.08736,0.08837,0.0873,0.0883,3575914.2
1752087600000,2025-07-09 21:00:00,0.0883,0.09046,0.0883,0.09015,8552705.9
1752091200000,2025-07-09 22:00:00,0.09015,0.09085,0.08949,0.09018,5206539.7
1752094800000,2025-07-09 23:00:00,0.09018,0.09102,0.08999,0.09041,4960779.3
1752098400000,2025-07-10 00:00:00,0.09041,0.09091,0.09031,0.09062,2009475.5
1752102000000,2025-07-10 01:00:00,0.09062,0.09065,0.09015,0.09027,996971.8
1752105600000,2025-07-10 02:00:00,0.09027,0.09045,0.08935,0.08944,1457233.5
1752109200000,2025-07-10 03:00:00,0.08944,0.09004,0.08944,0.08978,1027268.1
1752112800000,2025-07-10 04:00:00,0.08978,0.09059,0.08978,0.09058,1296714.6
1752116400000,2025-07-10 05:00:00,0.09058,0.09069,0.09017,0.09035,695239.4
1752120000000,2025-07-10 06:00:00,0.09035,0.09055,0.08987,0.09047,870241.6
1752123600000,2025-07-10 07:00:00,0.09047,0.09057,0.08997,0.09007,912245.5
1752127200000,2025-07-10 08:00:00,0.09007,0.09076,0.08972,0.09076,1316815.9
1752130800000,2025-07-10 09:00:00,0.09076,0.09132,0.09062,0.09089,1718686.4
1752134400000,2025-07-10 10:00:00,0.09089,0.09104,0.09044,0.09097,1955760.2
1752138000000,2025-07-10 11:00:00,0.09097,0.09117,0.09044,0.09049,1302777.6
1752141600000,2025-07-10 12:00:00,0.09049,0.09115,0.09026,0.09105,1155417.8
1752145200000,2025-07-10 13:00:00,0.09105,0.09105,0.09037,0.09051,1721945.0
1752148800000,2025-07-10 14:00:00,0.09051,0.09051,0.08972,0.09021,2844080.9
1752152400000,2025-07-10 15:00:00,0.09021,0.0911,0.09009,0.09041,3207645.4
1752156000000,2025-07-10 16:00:00,0.09041,0.09062,0.08951,0.09059,3199960.3
1752159600000,2025-07-10 17:00:00,0.09059,0.09061,0.0896,0.08971,1256232.9
1752163200000,2025-07-10 18:00:00,0.08971,0.09167,0.0897,0.09166,3705822.2
1752166800000,2025-07-10 19:00:00,0.09166,0.09358,0.09122,0.09338,4840227.2
1752170400000,2025-07-10 20:00:00,0.09338,0.09356,0.09229,0.09288,4188934.8
1752174000000,2025-07-10 21:00:00,0.09288,0.0932,0.09235,0.09254,2073846.3
1752177600000,2025-07-10 22:00:00,0.09254,0.09374,0.09253,0.09365,1998784.8
1752181200000,2025-07-10 23:00:00,0.09365,0.09689,0.09355,0.09649,6617489.6
1752184800000,2025-07-11 00:00:00,0.09649,0.09762,0.09647,0.09749,3379836.4
1752188400000,2025-07-11 01:00:00,0.09749,0.09766,0.09663,0.09701,4554570.1
1752192000000,2025-07-11 02:00:00,0.09701,0.09736,0.09545,0.09635,2942359.5
1752195600000,2025-07-11 03:00:00,0.09635,0.09827,0.09623,0.09827,4117542.8
1752199200000,2025-07-11 04:00:00,0.09827,0.0988,0.09785,0.09842,1843995.0
1752202800000,2025-07-11 05:00:00,0.09842,0.09901,0.09793,0.0988,3767712.6
1752206400000,2025-07-11 06:00:00,0.0988,0.0997,0.0982,0.0996,3528791.3
1752210000000,2025-07-11 07:00:00,0.0996,0.10099,0.09957,0.10013,5334830.9
1752213600000,2025-07-11 08:00:00,0.10013,0.10128,0.09819,0.09843,3854806.6
1752217200000,2025-07-11 09:00:00,0.09843,0.0987,0.09743,0.09764,4318893.0
1752220800000,2025-07-11 10:00:00,0.09764,0.09906,0.09764,0.09897,2043094.1
1752224400000,2025-07-11 11:00:00,0.09897,0.10014,0.09847,0.09956,3391326.4
1752228000000,2025-07-11 12:00:00,0.09956,0.10002,0.09936,0.09949,3258254.0
1752231600000,2025-07-11 13:00:00,0.09949,0.09967,0.09836,0.09875,1968816.0
1752235200000,2025-07-11 14:00:00,0.09875,0.09978,0.09853,0.09978,1675647.7
1752238800000,2025-07-11 15:00:00,0.09978,0.1009,0.09877,0.10035,4337250.0
1752242400000,2025-07-11 16:00:00,0.10035,0.10149,0.09969,0.1004,3666320.0
1752246000000,2025-07-11 17:00:00,0.1004,0.10109,0.0981,0.0984,5535589.6
1752249600000,2025-07-11 18:00:00,0.0984,0.09972,0.09802,0.0992,3400284.0
1752253200000,2025-07-11 19:00:00,0.0992,0.10005,0.09905,0.10002,2713331.9
1752256800000,2025-07-11 20:00:00,0.10002,0.10056,0.09939,0.10003,2890129.5
1752260400000,2025-07-11 21:00:00,0.10003,0.10049,0.09927,0.10043,1620637.4
1752264000000,2025-07-11 22:00:00,0.10043,0.1005,0.09844,0.09847,1519485.9
1752267600000,2025-07-11 23:00:00,0.09847,0.09875,0.09692,0.09762,3249011.8
1752271200000,2025-07-12 00:00:00,0.09762,0.0978,0.09484,0.09619,4621646.4
1752274800000,2025-07-12 01:00:00,0.09619,0.09695,0.09605,0.09619,1579480.2
1752278400000,2025-07-12 02:00:00,0.09619,0.09662,0.09441,0.09562,3354256.4
1752282000000,2025-07-12 03:00:00,0.09562,0.09736,0.09558,0.0971,1769110.6
1752285600000,2025-07-12 04:00:00,0.0971,0.09787,0.0968,0.09687,2135108.8
1752289200000,2025-07-12 05:00:00,0.09687,0.09778,0.09681,0.09756,1244758.4
1752292800000,2025-07-12 06:00:00,0.09756,0.09777,0.09573,0.09586,1926142.1
1752296400000,2025-07-12 07:00:00,0.09586,0.09666,0.09524,0.09643,1386169.3
1752300000000,2025-07-12 08:00:00,0.09643,0.09778,0.09621,0.09765,2156297.1
1752303600000,2025-07-12 09:00:00,0.09765,0.09827,0.09721,0.09755,1867558.0
1752307200000,2025-07-12 10:00:00,0.09755,0.09818,0.0967,0.0971,3295465.0
1752310800000,2025-07-12 11:00:00,0.0971,0.09814,0.09676,0.09799,1760364.1
1752314400000,2025-07-12 12:00:00,0.09799,0.09799,0.09716,0.09768,1464027.2
1752318000000,2025-07-12 13:00:00,0.09768,0.09807,0.09725,0.09752,909695.0
1752321600000,2025-07-12 14:00:00,0.09752,0.09796,0.09461,0.09591,4492260.1
1752325200000,2025-07-12 15:00:00,0.09591,0.09592,0.09393,0.09513,4100074.2
1752328800000,2025-07-12 16:00:00,0.09513,0.09601,0.09435,0.09448,3972773.1
1752332400000,2025-07-12 17:00:00,0.09448,0.09462,0.09264,0.09336,6627924.4
1752336000000,2025-07-12 18:00:00,0.09336,0.09459,0.09278,0.09348,3357635.8
1752339600000,2025-07-12 19:00:00,0.09348,0.09519,0.09337,0.09503,1955267.7
1752343200000,2025-07-12 20:00:00,0.09503,0.09542,0.09441,0.09514,1034552.0
1752346800000,2025-07-12 21:00:00,0.09514,0.0955,0.09482,0.09542,1686278.8
1752350400000,2025-07-12 22:00:00,0.09542,0.09542,0.09377,0.09388,2901415.5
1752354000000,2025-07-12 23:00:00,0.09388,0.09544,0.09382,0.09541,1038072.6
1752357600000,2025-07-13 00:00:00,0.09541,0.09562,0.09461,0.09561,669478.7
1752361200000,2025-07-13 01:00:00,0.09561,0.09595,0.09505,0.09578,1190864.9
1752364800000,2025-07-13 02:00:00,0.09578,0.09685,0.09541,0.0965,2520004.4
1752368400000,2025-07-13 03:00:00,0.0965,0.09701,0.09617,0.09664,2133299.1
1752372000000,2025-07-13 04:00:00,0.09664,0.09698,0.0957,0.09673,3115604.3
1752375600000,2025-07-13 05:00:00,0.09673,0.09695,0.09631,0.09671,1899804.1
1752379200000,2025-07-13 06:00:00,0.09671,0.09775,0.09623,0.09773,781983.7
1752382800000,2025-07-13 07:00:00,0.09773,0.09802,0.09699,0.09715,1327629.5
1752386400000,2025-07-13 08:00:00,0.09715,0.09877,0.09696,0.09791,2020868.7
1752390000000,2025-07-13 09:00:00,0.09791,0.09906,0.0976,0.09849,2524647.2
1752393600000,2025-07-13 10:00:00,0.09849,0.09902,0.09782,0.09846,4492294.7
1752397200000,2025-07-13 11:00:00,0.09846,0.09874,0.09752,0.0978,2863805.5
1752400800000,2025-07-13 12:00:00,0.0978,0.09846,0.09753,0.09776,1627898.5
1752404400000,2025-07-13 13:00:00,0.09776,0.09906,0.0977,0.09906,1642706.6
1752408000000,2025-07-13 14:00:00,0.09906,0.09975,0.09841,0.09945,2739073.1
1752411600000,2025-07-13 15:00:00,0.09945,0.10012,0.09882,0.09986,2291373.2
1752415200000,2025-07-13 16:00:00,0.09986,0.10085,0.09925,0.09978,5792487.3
1752418800000,2025-07-13 17:00:00,0.09978,0.10157,0.09974,0.10032,4910402.8
1752422400000,2025-07-13 18:00:00,0.10032,0.10109,0.0993,0.09941,2516307.8
1752426000000,2025-07-13 19:00:00,0.09941,0.1003,0.09903,0.10012,1441395.7
1752429600000,2025-07-13 20:00:00,0.10012,0.10066,0.09984,0.10048,2298073.1
1752433200000,2025-07-13 21:00:00,0.10048,0.10106,0.10001,0.10008,980911.7
1752436800000,2025-07-13 22:00:00,0.10008,0.10091,0.09946,0.10071,1484023.3
1752440400000,2025-07-13 23:00:00,0.10071,0.10074,0.09813,0.09902,1898718.5
1752444000000,2025-07-14 00:00:00,0.09902,0.09939,0.09789,0.0988,2180752.1
1752447600000,2025-07-14 01:00:00,0.0988,0.09958,0.09836,0.09935,3120617.8
1752451200000,2025-07-14 02:00:00,0.09935,0.09994,0.09904,0.0992,3860776.4
1752454800000,2025-07-14 03:00:00,0.0992,0.10083,0.09907,0.10074,1473891.8
1752458400000,2025-07-14 04:00:00,0.10074,0.10226,0.10041,0.10118,2295563.5
1752462000000,2025-07-14 05:00:00,0.10118,0.10358,0.10107,0.10297,3603447.5
1752465600000,2025-07-14 06:00:00,0.10297,0.10456,0.10262,0.10455,2216254.4
1752469200000,2025-07-14 07:00:00,0.10455,0.1049,0.10174,0.10295,5139674.8
1752472800000,2025-07-14 08:00:00,0.10295,0.10309,0.102,0.10242,2980136.7
1752476400000,2025-07-14 09:00:00,0.10242,0.10399,0.10235,0.10378,2051131.0
1752480000000,2025-07-14 10:00:00,0.10378,0.10398,0.10184,0.1027,2700369.5
1752483600000,2025-07-14 11:00:00,0.1027,0.10352,0.10229,0.10272,2041784.2
1752487200000,2025-07-14 12:00:00,0.10272,0.10364,0.10196,0.1032,2053334.9
1752490800000,2025-07-14 13:00:00,0.1032,0.10344,0.10194,0.10209,2358771.5
1752494400000,2025-07-14 14:00:00,0.10209,0.1028,0.10143,0.10276,3057193.2
1752498000000,2025-07-14 15:00:00,0.10276,0.10354,0.10181,0.10278,6041160.2
1752501600000,2025-07-14 16:00:00,0.10278,0.1031,0.10017,0.10137,5766990.0
1752505200000,2025-07-14 17:00:00,0.10137,0.10139,0.09908,0.09981,3263169.7
1752508800000,2025-07-14 18:00:00,0.09981,0.10128,0.09924,0.10108,2881019.6
1752512400000,2025-07-14 19:00:00,0.10108,0.1011,0.0996,0.10011,1390325.8
1752516000000,2025-07-14 20:00:00,0.10011,0.10014,0.09874,0.09882,4065298.4
1752519600000,2025-07-14 21:00:00,0.09882,0.09928,0.09845,0.09882,3018063.1
1752523200000,2025-07-14 22:00:00,0.09882,0.09964,0.09768,0.09927,3759631.1
1752526800000,2025-07-14 23:00:00,0.09927,0.09949,0.0988,0.09923,1561592.7
1752530400000,2025-07-15 00:00:00,0.09923,0.09959,0.09868,0.09925,1807470.8
1752534000000,2025-07-15 01:00:00,0.09925,0.09947,0.09855,0.09912,1176534.8
1752537600000,2025-07-15 02:00:00,0.09912,0.09999,0.09771,0.09797,5566305.8
1752541200000,2025-07-15 03:00:00,0.09797,0.09866,0.09689,0.0976,4147286.0
1752544800000,2025-07-15 04:00:00,0.0976,0.09824,0.09661,0.09685,3371422.9
1752548400000,2025-07-15 05:00:00,0.09685,0.09685,0.09552,0.09633,7114475.6
1752552000000,2025-07-15 06:00:00,0.09633,0.09775,0.09519,0.0975,7146428.5
1752555600000,2025-07-15 07:00:00,0.0975,0.09802,0.09706,0.09753,2860879.3
1752559200000,2025-07-15 08:00:00,0.09753,0.09819,0.09704,0.09753,2031960.6
1752562800000,2025-07-15 09:00:00,0.09753,0.09813,0.09678,0.09684,2348847.3
1752566400000,2025-07-15 10:00:00,0.09684,0.09727,0.09526,0.09684,8019701.4
1752570000000,2025-07-15 11:00:00,0.09684,0.09783,0.09683,0.09718,2606696.6
1752573600000,2025-07-15 12:00:00,0.09718,0.09765,0.09701,0.09738,1364735.4
1752577200000,2025-07-15 13:00:00,0.09738,0.09746,0.09628,0.09746,2473823.6
1752580800000,2025-07-15 14:00:00,0.09746,0.09845,0.0958,0.09749,6822353.9
1752584400000,2025-07-15 15:00:00,0.09749,0.09945,0.09744,0.099,5581436.1
1752588000000,2025-07-15 16:00:00,0.099,0.09978,0.09621,0.09662,6164123.5
1752591600000,2025-07-15 17:00:00,0.09662,0.09933,0.09642,0.09902,7210531.5
1752595200000,2025-07-15 18:00:00,0.09902,0.10037,0.09895,0.09982,9480572.4
1752598800000,2025-07-15 19:00:00,0.09982,0.10199,0.09959,0.10196,5098048.6
1752602400000,2025-07-15 20:00:00,0.10196,0.10253,0.09976,0.10066,11991021.9
1752606000000,2025-07-15 21:00:00,0.10066,0.10185,0.099,0.09939,7368429.0
1752609600000,2025-07-15 22:00:00,0.09939,0.10061,0.09898,0.10023,2772518.3
1752613200000,2025-07-15 23:00:00,0.10023,0.10177,0.10012,0.10148,2193625.2
1752616800000,2025-07-16 00:00:00,0.10148,0.10168,0.10084,0.10168,938252.7
1752620400000,2025-07-16 01:00:00,0.10168,0.10344,0.10168,0.10343,3680970.8
1752624000000,2025-07-16 02:00:00,0.10343,0.10434,0.10275,0.1042,2307696.9
1752627600000,2025-07-16 03:00:00,0.1042,0.10421,0.10296,0.10362,8440602.3
1752631200000,2025-07-16 04:00:00,0.10362,0.10366,0.10123,0.10166,3352290.4
1752634800000,2025-07-16 05:00:00,0.10166,0.10212,0.10144,0.1016,1067177.3
1752638400000,2025-07-16 06:00:00,0.1016,0.10203,0.10074,0.10203,2873328.1
1752642000000,2025-07-16 07:00:00,0.10203,0.10293,0.10201,0.1025,2506899.9
1752645600000,2025-07-16 08:00:00,0.1025,0.10332,0.10182,0.10322,2054827.1
1752649200000,2025-07-16 09:00:00,0.10322,0.10399,0.10273,0.10344,3018468.4
1752652800000,2025-07-16 10:00:00,0.10344,0.10369,0.1029,0.10309,1810838.9
1752656400000,2025-07-16 11:00:00,0.10309,0.10399,0.10274,0.1033,3573695.4
1752660000000,2025-07-16 12:00:00,0.1033,0.10349,0.10281,0.10291,1473930.2
1752663600000,2025-07-16 13:00:00,0.10291,0.1037,0.10285,0.10331,875487.4
1752667200000,2025-07-16 14:00:00,0.10331,0.10399,0.10287,0.10306,2331611.3
1752670800000,2025-07-16 15:00:00,0.10306,0.10383,0.10234,0.10322,2524476.0
1752674400000,2025-07-16 16:00:00,0.10322,0.1045,0.10201,0.10418,6514195.6
1752678000000,2025-07-16 17:00:00,0.10418,0.10463,0.10212,0.10324,7335011.5
1752681600000,2025-07-16 18:00:00,0.10324,0.10533,0.10291,0.10532,6062091.0
1752685200000,2025-07-16 19:00:00,0.10532,0.10571,0.10451,0.10534,7062232.2
1752688800000,2025-07-16 20:00:00,0.10534,0.10666,0.10526,0.10539,6262717.9
1752692400000,2025-07-16 21:00:00,0.10539,0.1055,0.10413,0.10496,2804262.8
1752696000000,2025-07-16 22:00:00,0.10496,0.10686,0.10493,0.10589,11433276.3
1752699600000,2025-07-16 23:00:00,0.10589,0.10709,0.10529,0.10637,2515469.7
1752703200000,2025-07-17 00:00:00,0.10637,0.10691,0.1045,0.10488,2282373.3
1752706800000,2025-07-17 01:00:00,0.10488,0.10495,0.10334,0.10386,4766337.2
1752710400000,2025-07-17 02:00:00,0.10386,0.10573,0.10368,0.10396,2850474.4
1752714000000,2025-07-17 03:00:00,0.10396,0.1046,0.10131,0.10251,7884657.1
1752717600000,2025-07-17 04:00:00,0.10251,0.10345,0.10224,0.10311,2305038.0
1752721200000,2025-07-17 05:00:00,0.10311,0.10322,0.10107,0.1018,2641270.0
1752724800000,2025-07-17 06:00:00,0.1018,0.10299,0.10148,0.10299,1558969.6
1752728400000,2025-07-17 07:00:00,0.10299,0.10406,0.10225,0.10405,4934106.7
1752732000000,2025-07-17 08:00:00,0.10405,0.10544,0.10326,0.10493,5704727.4
1752735600000,2025-07-17 09:00:00,0.10493,0.10534,0.10344,0.10505,3435809.1
1752739200000,2025-07-17 10:00:00,0.10505,0.10583,0.10456,0.10566,5390021.1
1752742800000,2025-07-17 11:00:00,0.10566,0.10703,0.10539,0.10619,4153917.1
1752746400000,2025-07-17 12:00:00,0.10619,0.10686,0.10551,0.10633,4699393.1
1752750000000,2025-07-17 13:00:00,0.10633,0.10635,0.10509,0.10565,2759447.6
1752753600000,2025-07-17 14:00:00,0.10565,0.10726,0.10476,0.10672,4490404.2
1752757200000,2025-07-17 15:00:00,0.10672,0.10708,0.10363,0.1054,12040595.0
1752760800000,2025-07-17 16:00:00,0.1054,0.10627,0.10475,0.10572,5652312.8
1752764400000,2025-07-17 17:00:00,0.10572,0.10595,0.10386,0.1049,3663956.2
1752768000000,2025-07-17 18:00:00,0.1049,0.10522,0.10235,0.10373,5015125.1
1752771600000,2025-07-17 19:00:00,0.10373,0.10481,0.10321,0.10478,2892384.6
1752775200000,2025-07-17 20:00:00,0.10478,0.10522,0.10419,0.10477,1121273.5
1752778800000,2025-07-17 21:00:00,0.10477,0.1052,0.10308,0.1031,3482480.6
1752782400000,2025-07-17 22:00:00,0.1031,0.10337,0.1018,0.10312,2838008.2
1752786000000,2025-07-17 23:00:00,0.10312,0.10614,0.10312,0.10497,3025381.9
1752789600000,2025-07-18 00:00:00,0.10497,0.107,0.10461,0.10613,3830859.9
1752793200000,2025-07-18 01:00:00,0.10613,0.10747,0.10562,0.10643,3247600.3
1752796800000,2025-07-18 02:00:00,0.10643,0.10815,0.10519,0.10807,5692129.7
1752800400000,2025-07-18 03:00:00,0.10807,0.10949,0.10772,0.10909,5132381.6
1752804000000,2025-07-18 04:00:00,0.10909,0.10934,0.10805,0.10916,8736992.2
1752807600000,2025-07-18 05:00:00,0.10916,0.10991,0.10883,0.10978,5251591.1
1752811200000,2025-07-18 06:00:00,0.10978,0.11267,0.10937,0.11263,6349864.5
1752814800000,2025-07-18 07:00:00,0.11263,0.11425,0.11189,0.11395,8367962.0
1752818400000,2025-07-18 08:00:00,0.11395,0.11413,0.11213,0.11341,4885242.1
1752822000000,2025-07-18 09:00:00,0.11341,0.11457,0.1117,0.11188,6244157.8
1752825600000,2025-07-18 10:00:00,0.11188,0.11347,0.11101,0.11227,6109304.9
1752829200000,2025-07-18 11:00:00,0.11227,0.11304,0.1116,0.11268,2538569.5
1752832800000,2025-07-18 12:00:00,0.11268,0.11281,0.1107,0.11268,2838278.9
1752836400000,2025-07-18 13:00:00,0.11268,0.11275,0.11014,0.11149,3642884.2
1752840000000,2025-07-18 14:00:00,0.11149,0.11338,0.11127,0.11338,1443627.5
1752843600000,2025-07-18 15:00:00,0.11338,0.1135,0.11164,0.11277,2311819.7
1752847200000,2025-07-18 16:00:00,0.11277,0.1136,0.10914,0.1103,6972152.1
1752850800000,2025-07-18 17:00:00,0.1103,0.11071,0.1073,0.10814,5449907.8
1752854400000,2025-07-18 18:00:00,0.10814,0.10962,0.10779,0.10864,2987017.6
1752858000000,2025-07-18 19:00:00,0.10864,0.11004,0.10809,0.10945,1317087.4
1752861600000,2025-07-18 20:00:00,0.10945,0.10954,0.10749,0.10758,2186260.1
1752865200000,2025-07-18 21:00:00,0.10758,0.1082,0.10609,0.10732,4152831.2
1752868800000,2025-07-18 22:00:00,0.10732,0.10749,0.10417,0.106,9024795.1
1752872400000,2025-07-18 23:00:00,0.106,0.10765,0.10579,0.10695,2484222.1
1752876000000,2025-07-19 00:00:00,0.10695,0.10766,0.10595,0.10605,2411854.4
1752879600000,2025-07-19 01:00:00,0.10605,0.10692,0.10521,0.10677,1116617.7
1752883200000,2025-07-19 02:00:00,0.10677,0.10788,0.10509,0.1051,3160763.8
1752886800000,2025-07-19 03:00:00,0.1051,0.10672,0.10422,0.10634,2463444.3
1752890400000,2025-07-19 04:00:00,0.10634,0.10749,0.10556,0.10728,1007362.3
1752894000000,2025-07-19 05:00:00,0.10728,0.10933,0.10728,0.10928,2438897.3
1752897600000,2025-07-19 06:00:00,0.10928,0.11056,0.10904,0.10944,2997574.7
1752901200000,2025-07-19 07:00:00,0.10944,0.10996,0.10882,0.10898,1522142.6
1752904800000,2025-07-19 08:00:00,0.10898,0.10941,0.10837,0.10884,1397836.2
1752908400000,2025-07-19 09:00:00,0.10884,0.10917,0.10767,0.1081,2273651.4
1752912000000,2025-07-19 10:00:00,0.1081,0.10817,0.10711,0.10743,1362156.4
1752915600000,2025-07-19 11:00:00,0.10743,0.10802,0.10679,0.10724,868133.8
1752919200000,2025-07-19 12:00:00,0.10724,0.10835,0.10695,0.1073,652326.6
1752922800000,2025-07-19 13:00:00,0.1073,0.10775,0.1063,0.10658,2265250.8
1752926400000,2025-07-19 14:00:00,0.10658,0.10699,0.10583,0.10675,1118256.7
1752930000000,2025-07-19 15:00:00,0.10675,0.10687,0.1057,0.106,817322.7
1752933600000,2025-07-19 16:00:00,0.106,0.10618,0.10467,0.10486,3076435.3
1752937200000,2025-07-19 17:00:00,0.10486,0.10652,0.10475,0.10576,3207794.3
1752940800000,2025-07-19 18:00:00,0.10576,0.10721,0.10523,0.10692,4086848.2
1752944400000,2025-07-19 19:00:00,0.10692,0.1071,0.1059,0.10689,6165003.5
1752948000000,2025-07-19 20:00:00,0.10689,0.10818,0.10676,0.10792,2593444.7
1752951600000,2025-07-19 21:00:00,0.10792,0.11019,0.1075,0.10969,2422775.7
1752955200000,2025-07-19 22:00:00,0.10969,0.11052,0.10927,0.10978,2608723.0
1752958800000,2025-07-19 23:00:00,0.10978,0.11017,0.10809,0.10956,3454397.3
1752962400000,2025-07-20 00:00:00,0.10956,0.11013,0.10901,0.1094,905403.6
1752966000000,2025-07-20 01:00:00,0.1094,0.11026,0.10926,0.10999,1508134.1
1752969600000,2025-07-20 02:00:00,0.10999,0.11026,0.10915,0.10962,1010732.8
1752973200000,2025-07-20 03:00:00,0.10962,0.11087,0.10957,0.10967,1181133.0
1752976800000,2025-07-20 04:00:00,0.10967,0.11019,0.10926,0.10982,526366.5
1752980400000,2025-07-20 05:00:00,0.10982,0.11133,0.10947,0.11025,2550893.0
1752984000000,2025-07-20 06:00:00,0.11025,0.11111,0.10991,0.1103,1331693.3
1752987600000,2025-07-20 07:00:00,0.1103,0.11172,0.11011,0.11168,1909304.8
1752991200000,2025-07-20 08:00:00,0.11168,0.11227,0.11116,0.11122,2337953.1
1752994800000,2025-07-20 09:00:00,0.11122,0.11252,0.11117,0.11174,1393199.4
1752998400000,2025-07-20 10:00:00,0.11174,0.11318,0.11174,0.11306,1743715.1
1753002000000,2025-07-20 11:00:00,0.11306,0.11387,0.11245,0.11342,2720413.9
1753005600000,2025-07-20 12:00:00,0.11342,0.11421,0.11319,0.11351,1501075.7
1753009200000,2025-07-20 13:00:00,0.11351,0.11487,0.11347,0.1142,9345956.8
1753012800000,2025-07-20 14:00:00,0.1142,0.11452,0.11338,0.11445,3535302.8
1753016400000,2025-07-20 15:00:00,0.11445,0.11552,0.11407,0.11547,4244449.1
1753020000000,2025-07-20 16:00:00,0.11547,0.11559,0.1137,0.11531,3354691.5
1753023600000,2025-07-20 17:00:00,0.11531,0.1171,0.11478,0.11682,2403450.2
1753027200000,2025-07-20 18:00:00,0.11682,0.11822,0.11635,0.11763,5289249.1
1753030800000,2025-07-20 19:00:00,0.11763,0.11814,0.11581,0.11606,4020922.1
1753034400000,2025-07-20 20:00:00,0.11606,0.11737,0.11552,0.11737,4554349.2
1753038000000,2025-07-20 21:00:00,0.11737,0.11784,0.11664,0.11687,2098290.5
1753041600000,2025-07-20 22:00:00,0.11687,0.11709,0.11566,0.11638,2541689.7
1753045200000,2025-07-20 23:00:00,0.11638,0.11702,0.11498,0.11702,2379938.7
1753048800000,2025-07-21 00:00:00,0.11702,0.1171,0.11285,0.11522,7695660.0
1753052400000,2025-07-21 01:00:00,0.11522,0.11657,0.11432,0.1157,2561727.1
1753056000000,2025-07-21 02:00:00,0.1157,0.11637,0.11331,0.11486,4285263.9
1753059600000,2025-07-21 03:00:00,0.11486,0.11528,0.11306,0.11461,2424837.7
1753063200000,2025-07-21 04:00:00,0.11461,0.11663,0.11446,0.11661,2951185.4
1753066800000,2025-07-21 05:00:00,0.11661,0.11791,0.11654,0.11785,2792154.7
1753070400000,2025-07-21 06:00:00,0.11785,0.11788,0.11682,0.11738,1481655.5
1753074000000,2025-07-21 07:00:00,0.11738,0.11753,0.11629,0.11741,3295926.3
1753077600000,2025-07-21 08:00:00,0.11741,0.11858,0.11711,0.11772,5970144.5
1753081200000,2025-07-21 09:00:00,0.11772,0.11923,0.11768,0.11882,3539538.1
1753084800000,2025-07-21 10:00:00,0.11882,0.11997,0.11766,0.11818,6418433.5
1753088400000,2025-07-21 11:00:00,0.11818,0.11836,0.11678,0.11781,2536335.2
1753092000000,2025-07-21 12:00:00,0.11781,0.11847,0.11677,0.11839,2309981.8
1753095600000,2025-07-21 13:00:00,0.11839,0.11926,0.11778,0.11807,2900142.1
1753099200000,2025-07-21 14:00:00,0.11807,0.1187,0.1171,0.11832,3814353.9
1753102800000,2025-07-21 15:00:00,0.11832,0.11952,0.11713,0.11905,4224802.0
1753106400000,2025-07-21 16:00:00,0.11905,0.1205,0.11791,0.11973,6394182.3
1753110000000,2025-07-21 17:00:00,0.11973,0.12065,0.11794,0.11805,3506717.8
1753113600000,2025-07-21 18:00:00,0.11805,0.11836,0.1151,0.11612,6155792.3
1753117200000,2025-07-21 19:00:00,0.11612,0.11701,0.11566,0.11663,2580559.8
1753120800000,2025-07-21 20:00:00,0.11663,0.1179,0.11503,0.11529,3945237.1
1753124400000,2025-07-21 21:00:00,0.11529,0.11597,0.11386,0.11427,3124174.8
1753128000000,2025-07-21 22:00:00,0.11427,0.11496,0.11357,0.11361,2747516.9
1753131600000,2025-07-21 23:00:00,0.11361,0.11455,0.11324,0.1142,2111998.1
1753135200000,2025-07-22 00:00:00,0.1142,0.11547,0.11413,0.11504,1749067.2
1753138800000,2025-07-22 01:00:00,0.11504,0.11561,0.11433,0.1147,1161206.6
1753142400000,2025-07-22 02:00:00,0.1147,0.11515,0.11279,0.11301,3669572.2
1753146000000,2025-07-22 03:00:00,0.11301,0.11554,0.11094,0.11516,7390552.1
1753149600000,2025-07-22 04:00:00,0.11516,0.11564,0.1129,0.11329,4660104.7
1753153200000,2025-07-22 05:00:00,0.11329,0.11356,0.11132,0.11238,5516606.8
1753156800000,2025-07-22 06:00:00,0.11238,0.11244,0.10925,0.10935,6150906.8
1753160400000,2025-07-22 07:00:00,0.10935,0.11147,0.10922,0.11048,3677300.9
1753164000000,2025-07-22 08:00:00,0.11048,0.11158,0.11002,0.11102,3034155.8
1753167600000,2025-07-22 09:00:00,0.11102,0.11216,0.11026,0.11054,1940327.0
1753171200000,2025-07-22 10:00:00,0.11054,0.11054,0.10813,0.10958,5966230.0
1753174800000,2025-07-22 11:00:00,0.10958,0.11086,0.10809,0.11029,4977661.4
1753178400000,2025-07-22 12:00:00,0.11029,0.11475,0.11028,0.11358,13496259.2
1753182000000,2025-07-22 13:00:00,0.11358,0.11363,0.11219,0.11294,4002906.4
1753185600000,2025-07-22 14:00:00,0.11294,0.11365,0.11276,0.11312,2869151.1
1753189200000,2025-07-22 15:00:00,0.11312,0.11376,0.10922,0.10958,14682084.7
1753192800000,2025-07-22 16:00:00,0.10958,0.11133,0.10838,0.11125,8935109.8
1753196400000,2025-07-22 17:00:00,0.11125,0.11206,0.1104,0.11078,3076669.5
1753200000000,2025-07-22 18:00:00,0.11078,0.11199,0.11022,0.11094,1876857.4
1753203600000,2025-07-22 19:00:00,0.11094,0.11109,0.10938,0.11004,4077489.3
1753207200000,2025-07-22 20:00:00,0.11004,0.11239,0.1095,0.11167,4133083.5
1753210800000,2025-07-22 21:00:00,0.11167,0.11188,0.10928,0.10966,2727907.1
1753214400000,2025-07-22 22:00:00,0.10966,0.11198,0.10938,0.11161,2863769.2
1753218000000,2025-07-22 23:00:00,0.11161,0.11238,0.11112,0.11217,1874784.9
1753221600000,2025-07-23 00:00:00,0.11217,0.11277,0.11211,0.11261,1177999.2
1753225200000,2025-07-23 01:00:00,0.11261,0.11388,0.11251,0.11352,2304550.0
1753228800000,2025-07-23 02:00:00,0.11352,0.11376,0.11138,0.11146,4259402.6
1753232400000,2025-07-23 03:00:00,0.11146,0.11253,0.11081,0.11206,3629547.5
1753236000000,2025-07-23 04:00:00,0.11206,0.11251,0.11151,0.11225,1743587.6
1753239600000,2025-07-23 05:00:00,0.11225,0.11288,0.11159,0.11191,1540433.3
1753243200000,2025-07-23 06:00:00,0.11191,0.11337,0.11174,0.11335,1123643.8
1753246800000,2025-07-23 07:00:00,0.11335,0.11346,0.11203,0.11225,902407.8
1753250400000,2025-07-23 08:00:00,0.11225,0.11261,0.11076,0.11106,1630047.9
1753254000000,2025-07-23 09:00:00,0.11106,0.11199,0.1103,0.11088,1959964.4
1753257600000,2025-07-23 10:00:00,0.11088,0.11102,0.10996,0.11099,3086748.3
1753261200000,2025-07-23 11:00:00,0.11099,0.111,0.10882,0.10893,3824720.4
1753264800000,2025-07-23 12:00:00,0.10893,0.10925,0.10803,0.10918,3931538.3
1753268400000,2025-07-23 13:00:00,0.10918,0.1092,0.10838,0.10912,1188640.2
1753272000000,2025-07-23 14:00:00,0.10912,0.10956,0.10628,0.10666,6796414.8
1753275600000,2025-07-23 15:00:00,0.10666,0.10752,0.10341,0.10452,16877542.8
1753279200000,2025-07-23 16:00:00,0.10452,0.10569,0.10407,0.10518,4647980.1
1753282800000,2025-07-23 17:00:00,0.10518,0.10602,0.10402,0.10571,3611866.1
1753286400000,2025-07-23 18:00:00,0.10571,0.10573,0.10256,0.10268,4910676.9
1753290000000,2025-07-23 19:00:00,0.10268,0.10318,0.10081,0.10273,7111705.3
1753293600000,2025-07-23 20:00:00,0.10273,0.10382,0.10262,0.10382,2708682.5
1753297200000,2025-07-23 21:00:00,0.10382,0.10382,0.10253,0.10261,1903805.7
1753300800000,2025-07-23 22:00:00,0.10261,0.10326,0.09989,0.10154,8298234.2
1753304400000,2025-07-23 23:00:00,0.10154,0.10212,0.09894,0.10165,5350775.0
1753308000000,2025-07-24 00:00:00,0.10165,0.10266,0.1009,0.10209,1725016.4
1753311600000,2025-07-24 01:00:00,0.10209,0.10275,0.102,0.10258,2149077.3
1753315200000,2025-07-24 02:00:00,0.10258,0.10461,0.10181,0.10461,4249745.8
1753318800000,2025-07-24 03:00:00,0.10461,0.10558,0.10375,0.1054,3848082.6
1753322400000,2025-07-24 04:00:00,0.1054,0.10717,0.10495,0.10622,5215349.1
1753326000000,2025-07-24 05:00:00,0.10622,0.10767,0.10586,0.10656,4544423.2
1753329600000,2025-07-24 06:00:00,0.10656,0.10772,0.10497,0.10534,5920104.0
1753333200000,2025-07-24 07:00:00,0.10534,0.10539,0.10112,0.10128,8614070.6
1753336800000,2025-07-24 08:00:00,0.10128,0.10319,0.0984,0.09991,8477137.6
1753340400000,2025-07-24 09:00:00,0.09991,0.10166,0.09845,0.10157,7431391.8
1753344000000,2025-07-24 10:00:00,0.10157,0.10297,0.10096,0.10249,2859199.1
1753347600000,2025-07-24 11:00:00,0.10249,0.10297,0.10172,0.10228,2811817.7
1753351200000,2025-07-24 12:00:00,0.10228,0.10306,0.1004,0.10173,10513274.1
1753354800000,2025-07-24 13:00:00,0.10173,0.10444,0.10171,0.10388,6645434.0
1753358400000,2025-07-24 14:00:00,0.10388,0.1044,0.10272,0.10328,4363870.7
1753362000000,2025-07-24 15:00:00,0.10328,0.10437,0.10228,0.10236,2593898.8
1753365600000,2025-07-24 16:00:00,0.10236,0.10688,0.10169,0.10668,4619958.0
1753369200000,2025-07-24 17:00:00,0.10668,0.10719,0.10491,0.10551,4724007.3
1753372800000,2025-07-24 18:00:00,0.10551,0.10574,0.10264,0.10294,2769827.6
1753376400000,2025-07-24 19:00:00,0.10294,0.10622,0.10281,0.10542,3347596.9
1753380000000,2025-07-24 20:00:00,0.10542,0.10616,0.10457,0.10542,2484628.6
1753383600000,2025-07-24 21:00:00,0.10542,0.10594,0.10417,0.10421,2274902.8
1753387200000,2025-07-24 22:00:00,0.10421,0.10549,0.10406,0.10525,1525760.2
1753390800000,2025-07-24 23:00:00,0.10525,0.10551,0.10373,0.1038,1291047.5
1753394400000,2025-07-25 00:00:00,0.1038,0.10443,0.10301,0.10392,1876982.7
1753398000000,2025-07-25 01:00:00,0.10392,0.10392,0.10206,0.10259,2920581.9
1753401600000,2025-07-25 02:00:00,0.10259,0.10278,0.10066,0.10129,3138671.1
1753405200000,2025-07-25 03:00:00,0.10129,0.10268,0.10055,0.10243,2003478.8
1753408800000,2025-07-25 04:00:00,0.10243,0.10284,0.10022,0.10042,2346779.8
1753412400000,2025-07-25 05:00:00,0.10042,0.10137,0.09893,0.10023,5980875.0
1753416000000,2025-07-25 06:00:00,0.10023,0.1016,0.09876,0.10155,2921083.0
1753419600000,2025-07-25 07:00:00,0.10155,0.10176,0.09988,0.10009,2286409.9
1753423200000,2025-07-25 08:00:00,0.10009,0.10114,0.09927,0.10064,1433731.5
1753426800000,2025-07-25 09:00:00,0.10064,0.10188,0.09976,0.1012,4007666.7
1753430400000,2025-07-25 10:00:00,0.1012,0.10248,0.10049,0.10111,2364883.0
1753434000000,2025-07-25 11:00:00,0.10111,0.10339,0.10077,0.10335,10387918.8
1753437600000,2025-07-25 12:00:00,0.10335,0.10396,0.10281,0.10352,2199916.6
1753441200000,2025-07-25 13:00:00,0.10352,0.10413,0.1033,0.10379,1462749.0
1753444800000,2025-07-25 14:00:00,0.10379,0.10459,0.10297,0.10366,2538618.1
1753448400000,2025-07-25 15:00:00,0.10366,0.10425,0.10266,0.1038,2196657.8
1753452000000,2025-07-25 16:00:00,0.1038,0.10392,0.1006,0.10071,4974390.1
1753455600000,2025-07-25 17:00:00,0.10071,0.10184,0.09973,0.10113,4473701.0
1753459200000,2025-07-25 18:00:00,0.10113,0.10239,0.10034,0.10217,2122483.1
1753462800000,2025-07-25 19:00:00,0.10217,0.10267,0.10128,0.10153,1843243.8
1753466400000,2025-07-25 20:00:00,0.10153,0.10223,0.10146,0.102,1488888.0
1753470000000,2025-07-25 21:00:00,0.102,0.10282,0.10174,0.102,630164.4
1753473600000,2025-07-25 22:00:00,0.102,0.10483,0.102,0.10441,2128506.7
1753477200000,2025-07-25 23:00:00,0.10441,0.10526,0.10441,0.10483,2018589.9
1753480800000,2025-07-26 00:00:00,0.10483,0.10517,0.10465,0.10505,694497.5
1753484400000,2025-07-26 01:00:00,0.10505,0.10511,0.10458,0.10494,730818.7
1753488000000,2025-07-26 02:00:00,0.10494,0.1054,0.10446,0.10508,624245.9
1753491600000,2025-07-26 03:00:00,0.10508,0.10532,0.10411,0.10416,1130957.5
1753495200000,2025-07-26 04:00:00,0.10416,0.10581,0.10416,0.10505,1823491.1
1753498800000,2025-07-26 05:00:00,0.10505,0.10544,0.10452,0.10507,560735.5
1753502400000,2025-07-26 06:00:00,0.10507,0.10527,0.10455,0.10472,739278.8
1753506000000,2025-07-26 07:00:00,0.10472,0.10516,0.10441,0.10484,975494.8
1753509600000,2025-07-26 08:00:00,0.10484,0.10493,0.10403,0.10421,1872709.6
1753513200000,2025-07-26 09:00:00,0.10421,0.10467,0.10412,0.10426,730140.6
1753516800000,2025-07-26 10:00:00,0.10426,0.10513,0.10424,0.10452,768839.3
1753520400000,2025-07-26 11:00:00,0.10452,0.105,0.10424,0.10495,1146138.0
1753524000000,2025-07-26 12:00:00,0.10495,0.10569,0.10468,0.10539,1966663.0
1753527600000,2025-07-26 13:00:00,0.10539,0.10594,0.10486,0.10496,2428729.8
1753531200000,2025-07-26 14:00:00,0.10496,0.10532,0.10428,0.10512,1455345.0
1753534800000,2025-07-26 15:00:00,0.10512,0.10555,0.10486,0.10501,763422.3
1753538400000,2025-07-26 16:00:00,0.10501,0.10541,0.10463,0.10475,1934095.2
1753542000000,2025-07-26 17:00:00,0.10475,0.10529,0.10426,0.10529,1155348.3
1753545600000,2025-07-26 18:00:00,0.10529,0.10578,0.10482,0.10503,1459185.1
1753549200000,2025-07-26 19:00:00,0.10503,0.10511,0.10435,0.10462,1030230.1
1753552800000,2025-07-26 20:00:00,0.10462,0.10595,0.10408,0.10581,1611049.3
1753556400000,2025-07-26 21:00:00,0.10581,0.10654,0.10577,0.1064,1659620.6
1753560000000,2025-07-26 22:00:00,0.1064,0.1065,0.10584,0.10587,1038844.3
1753563600000,2025-07-26 23:00:00,0.10587,0.10638,0.10542,0.10627,759674.7
1753567200000,2025-07-27 00:00:00,0.10627,0.10716,0.10572,0.1058,1259156.3
1753570800000,2025-07-27 01:00:00,0.1058,0.10586,0.10491,0.10503,907079.4
1753574400000,2025-07-27 02:00:00,0.10503,0.10531,0.10463,0.10531,1930398.0
1753578000000,2025-07-27 03:00:00,0.10531,0.10608,0.105,0.10565,538070.4
1753581600000,2025-07-27 04:00:00,0.10565,0.10716,0.10546,0.10677,1031100.4
1753585200000,2025-07-27 05:00:00,0.10677,0.10702,0.10613,0.10625,1380451.8
1753588800000,2025-07-27 06:00:00,0.10625,0.10708,0.10605,0.10707,1190551.1
1753592400000,2025-07-27 07:00:00,0.10707,0.10797,0.10662,0.10756,2900390.2
1753596000000,2025-07-27 08:00:00,0.10756,0.10769,0.10678,0.107,904878.8
1753599600000,2025-07-27 09:00:00,0.107,0.10738,0.10636,0.10659,792268.4
1753603200000,2025-07-27 10:00:00,0.10659,0.10682,0.10579,0.10622,1060786.7
1753606800000,2025-07-27 11:00:00,0.10622,0.10636,0.10521,0.10543,1703065.7
1753610400000,2025-07-27 12:00:00,0.10543,0.10716,0.10543,0.10695,2089108.9
1753614000000,2025-07-27 13:00:00,0.10695,0.10751,0.10631,0.10655,1545323.9
1753617600000,2025-07-27 14:00:00,0.10655,0.10794,0.10626,0.10777,1515199.4
1753621200000,2025-07-27 15:00:00,0.10777,0.10814,0.10709,0.10749,2971411.9
1753624800000,2025-07-27 16:00:00,0.10749,0.10797,0.10695,0.10751,1305166.8
1753628400000,2025-07-27 17:00:00,0.10751,0.10769,0.10701,0.1076,1493931.5
1753632000000,2025-07-27 18:00:00,0.1076,0.109,0.10756,0.10795,6277859.0
1753635600000,2025-07-27 19:00:00,0.10795,0.10867,0.10754,0.10866,963992.1
1753639200000,2025-07-27 20:00:00,0.10866,0.10953,0.10846,0.10927,3836130.2
1753642800000,2025-07-27 21:00:00,0.10927,0.10938,0.10833,0.10859,760201.0
1753646400000,2025-07-27 22:00:00,0.10859,0.10953,0.10852,0.10883,772989.6
1753650000000,2025-07-27 23:00:00,0.10883,0.10947,0.10822,0.10942,713908.6
1753653600000,2025-07-28 00:00:00,0.10942,0.11057,0.10942,0.11009,4794366.6
1753657200000,2025-07-28 01:00:00,0.11009,0.11011,0.1092,0.10989,1458865.3
1753660800000,2025-07-28 02:00:00,0.10989,0.111,0.10957,0.10957,2272655.5
1753664400000,2025-07-28 03:00:00,0.10957,0.10968,0.10797,0.10842,2843136.1
1753668000000,2025-07-28 04:00:00,0.10842,0.11078,0.10816,0.11032,4782251.6
1753671600000,2025-07-28 05:00:00,0.11032,0.11075,0.10961,0.11056,1424847.0
1753675200000,2025-07-28 06:00:00,0.11056,0.11208,0.11007,0.11158,14367046.7
1753678800000,2025-07-28 07:00:00,0.11158,0.1123,0.11138,0.11217,2072813.4
1753682400000,2025-07-28 08:00:00,0.11217,0.11272,0.11185,0.11249,2954570.4
1753686000000,2025-07-28 09:00:00,0.11249,0.1125,0.11085,0.1116,3065534.4
1753689600000,2025-07-28 10:00:00,0.1116,0.11189,0.11014,0.11083,2160358.2
1753693200000,2025-07-28 11:00:00,0.11083,0.11198,0.11026,0.1117,1705042.4
1753696800000,2025-07-28 12:00:00,0.1117,0.11174,0.11046,0.1108,1189060.1
1753700400000,2025-07-28 13:00:00,0.1108,0.11091,0.10936,0.11012,2193809.9
1753704000000,2025-07-28 14:00:00,0.11012,0.11066,0.1095,0.10963,1107460.2
1753707600000,2025-07-28 15:00:00,0.10963,0.10975,0.1082,0.10846,8562535.3
1753711200000,2025-07-28 16:00:00,0.10846,0.10852,0.10618,0.10635,6437465.7
1753714800000,2025-07-28 17:00:00,0.10635,0.10734,0.10468,0.10577,4309136.4
1753718400000,2025-07-28 18:00:00,0.10577,0.10613,0.10489,0.10541,2174140.0
1753722000000,2025-07-28 19:00:00,0.10541,0.10592,0.10453,0.10476,2200321.9
1753725600000,2025-07-28 20:00:00,0.10476,0.10486,0.10341,0.10395,3098985.7
1753729200000,2025-07-28 21:00:00,0.10395,0.10486,0.10331,0.10413,3130592.8
1753732800000,2025-07-28 22:00:00,0.10413,0.10445,0.10267,0.10318,3208249.0
1753736400000,2025-07-28 23:00:00,0.10318,0.10361,0.10216,0.10282,2109546.4
1753740000000,2025-07-29 00:00:00,0.10282,0.10326,0.10162,0.10249,2337864.0
1753743600000,2025-07-29 01:00:00,0.10249,0.10294,0.10206,0.10294,1419743.5
1753747200000,2025-07-29 02:00:00,0.10294,0.10353,0.10069,0.10216,4418170.5
1753750800000,2025-07-29 03:00:00,0.10216,0.10273,0.10152,0.10153,1033523.4
1753754400000,2025-07-29 04:00:00,0.10153,0.10167,0.10049,0.10092,1925674.7
1753758000000,2025-07-29 05:00:00,0.10092,0.10269,0.10083,0.10252,1091312.9
1753761600000,2025-07-29 06:00:00,0.10252,0.10286,0.10187,0.10191,540083.4
1753765200000,2025-07-29 07:00:00,0.10191,0.10396,0.10186,0.10396,2090147.3
1753768800000,2025-07-29 08:00:00,0.10396,0.10515,0.10359,0.10504,1543466.6
1753772400000,2025-07-29 09:00:00,0.10504,0.10667,0.10491,0.10646,4130842.9
1753776000000,2025-07-29 10:00:00,0.10646,0.10657,0.10545,0.10576,1444893.7
1753779600000,2025-07-29 11:00:00,0.10576,0.10604,0.10488,0.10495,1491048.1
1753783200000,2025-07-29 12:00:00,0.10495,0.10509,0.10288,0.10308,1976512.3
1753786800000,2025-07-29 13:00:00,0.10308,0.10421,0.10304,0.10381,1106305.9
1753790400000,2025-07-29 14:00:00,0.10381,0.10535,0.10351,0.10472,1611239.4
1753794000000,2025-07-29 15:00:00,0.10472,0.10547,0.10331,0.10358,1306699.7
1753797600000,2025-07-29 16:00:00,0.10358,0.10363,0.10129,0.10202,4688183.1
1753801200000,2025-07-29 17:00:00,0.10202,0.10269,0.10126,0.10177,2751932.2
1753804800000,2025-07-29 18:00:00,0.10177,0.10188,0.10018,0.10172,3101504.4
1753808400000,2025-07-29 19:00:00,0.10172,0.10262,0.10149,0.10176,1442064.2
1753812000000,2025-07-29 20:00:00,0.10176,0.10227,0.1012,0.10173,1223163.4
1753815600000,2025-07-29 21:00:00,0.10173,0.10231,0.10109,0.10137,4734748.1
1753819200000,2025-07-29 22:00:00,0.10137,0.10197,0.10018,0.10072,3012189.9
1753822800000,2025-07-29 23:00:00,0.10072,0.10261,0.10039,0.10208,1783058.3
1753826400000,2025-07-30 00:00:00,0.10208,0.10221,0.10133,0.10185,1121889.5
1753830000000,2025-07-30 01:00:00,0.10185,0.10224,0.10163,0.10213,646730.5
1753833600000,2025-07-30 02:00:00,0.10213,0.10214,0.10016,0.1009,1882422.1
1753837200000,2025-07-30 03:00:00,0.1009,0.10226,0.09992,0.10175,1696787.0
1753840800000,2025-07-30 04:00:00,0.10175,0.10244,0.10115,0.10156,1850063.0
1753844400000,2025-07-30 05:00:00,0.10156,0.10195,0.10118,0.10129,627327.2
1753848000000,2025-07-30 06:00:00,0.10129,0.10172,0.10036,0.10048,1116753.9
1753851600000,2025-07-30 07:00:00,0.10048,0.10171,0.10007,0.10136,3940273.5
1753855200000,2025-07-30 08:00:00,0.10136,0.10161,0.10053,0.10131,1925032.8
1753858800000,2025-07-30 09:00:00,0.10131,0.10177,0.10041,0.10075,880399.8
1753862400000,2025-07-30 10:00:00,0.10075,0.10131,0.09988,0.10063,1982517.9
1753866000000,2025-07-30 11:00:00,0.10063,0.10081,0.09952,0.0997,2801788.1
1753869600000,2025-07-30 12:00:00,0.0997,0.10034,0.09868,0.09885,2847752.3
1753873200000,2025-07-30 13:00:00,0.09885,0.09944,0.09724,0.09781,4265600.4
1753876800000,2025-07-30 14:00:00,0.09781,0.09869,0.09691,0.09803,5214819.3
1753880400000,2025-07-30 15:00:00,0.09803,0.09853,0.09748,0.09837,2885372.5
1753884000000,2025-07-30 16:00:00,0.09837,0.10038,0.09797,0.10025,2411101.4
1753887600000,2025-07-30 17:00:00,0.10025,0.10038,0.09868,0.09925,2866341.3
1753891200000,2025-07-30 18:00:00,0.09925,0.10019,0.09888,0.09948,2242791.5
1753894800000,2025-07-30 19:00:00,0.09948,0.09998,0.09917,0.09986,1092241.6
1753898400000,2025-07-30 20:00:00,0.09986,0.10065,0.09773,0.09788,7516946.7
1753902000000,2025-07-30 21:00:00,0.09788,0.09941,0.09459,0.09915,15616759.4
1753905600000,2025-07-30 22:00:00,0.09915,0.1004,0.09893,0.09913,2698290.4
1753909200000,2025-07-30 23:00:00,0.09913,0.09996,0.09837,0.09915,2597673.1
1753912800000,2025-07-31 00:00:00,0.09915,0.09949,0.09861,0.09902,788347.1
1753916400000,2025-07-31 01:00:00,0.09902,0.10038,0.09891,0.10019,1529267.1
1753920000000,2025-07-31 02:00:00,0.10019,0.1012,0.09988,0.10111,2267080.4
1753923600000,2025-07-31 03:00:00,0.10111,0.10128,0.1005,0.10112,980168.3
1753927200000,2025-07-31 04:00:00,0.10112,0.10155,0.10088,0.10145,1126671.2
1753930800000,2025-07-31 05:00:00,0.10145,0.10181,0.10131,0.10148,1119667.3
1753934400000,2025-07-31 06:00:00,0.10148,0.1016,0.1012,0.10153,576038.5
1753938000000,2025-07-31 07:00:00,0.10153,0.10195,0.10139,0.10165,596831.6
1753941600000,2025-07-31 08:00:00,0.10165,0.10241,0.10117,0.10234,745785.8
1753945200000,2025-07-31 09:00:00,0.10234,0.10234,0.10169,0.10192,1008680.7
1753948800000,2025-07-31 10:00:00,0.10192,0.10243,0.10169,0.10216,1172615.0
1753952400000,2025-07-31 11:00:00,0.10216,0.1023,0.10181,0.10214,444061.6
1753956000000,2025-07-31 12:00:00,0.10214,0.10229,0.10168,0.10174,717442.8
1753959600000,2025-07-31 13:00:00,0.10174,0.10188,0.10071,0.101,1266497.9
1753963200000,2025-07-31 14:00:00,0.101,0.10102,0.09982,0.1003,1015596.7
1753966800000,2025-07-31 15:00:00,0.1003,0.1003,0.09846,0.09905,2604832.3
1753970400000,2025-07-31 16:00:00,0.09905,0.09926,0.09734,0.09768,3251412.5
1753974000000,2025-07-31 17:00:00,0.09768,0.09849,0.09713,0.09815,2493007.9
1753977600000,2025-07-31 18:00:00,0.09815,0.1001,0.09769,0.09933,3860122.8
1753981200000,2025-07-31 19:00:00,0.09933,0.09938,0.09741,0.09763,2751968.5
1753984800000,2025-07-31 20:00:00,0.09763,0.09817,0.09622,0.09736,12654773.9
1753988400000,2025-07-31 21:00:00,0.09736,0.09756,0.0962,0.09656,2091084.9
1753992000000,2025-07-31 22:00:00,0.09656,0.09669,0.09565,0.09592,3944344.9
1753995600000,2025-07-31 23:00:00,0.09592,0.0965,0.09458,0.09549,3490716.2
1753999200000,2025-08-01 00:00:00,0.09549,0.09549,0.094,0.09443,2908653.4
1754002800000,2025-08-01 01:00:00,0.09443,0.09509,0.09345,0.09397,3224044.3
1754006400000,2025-08-01 02:00:00,0.09397,0.09815,0.09148,0.09355,18078338.9
1754010000000,2025-08-01 03:00:00,0.09355,0.09414,0.0926,0.09355,6811912.8
1754013600000,2025-08-01 04:00:00,0.09355,0.09438,0.09316,0.09425,1470690.7
1754017200000,2025-08-01 05:00:00,0.09425,0.0947,0.09379,0.09396,1470169.9
1754020800000,2025-08-01 06:00:00,0.09396,0.09399,0.09316,0.09327,1053509.7
1754024400000,2025-08-01 07:00:00,0.09327,0.09373,0.09259,0.09308,1306349.8
1754028000000,2025-08-01 08:00:00,0.09308,0.09319,0.09194,0.09283,5221509.8
1754031600000,2025-08-01 09:00:00,0.09283,0.0932,0.09224,0.09267,2255393.1
1754035200000,2025-08-01 10:00:00,0.09267,0.09267,0.09052,0.0913,8972394.1
1754038800000,2025-08-01 11:00:00,0.0913,0.09246,0.09094,0.091,6470991.1
1754042400000,2025-08-01 12:00:00,0.091,0.09173,0.09093,0.0916,1766687.3
1754046000000,2025-08-01 13:00:00,0.0916,0.09213,0.09099,0.09198,2620928.8
1754049600000,2025-08-01 14:00:00,0.09198,0.0932,0.09165,0.09229,7255248.8
1754053200000,2025-08-01 15:00:00,0.09229,0.09284,0.08985,0.09043,6211885.4
1754056800000,2025-08-01 16:00:00,0.09043,0.0932,0.08967,0.09292,6097939.1
1754060400000,2025-08-01 17:00:00,0.09292,0.09307,0.09124,0.09258,5962399.8
1754064000000,2025-08-01 18:00:00,0.09258,0.09313,0.09101,0.09136,3420537.4
1754067600000,2025-08-01 19:00:00,0.09136,0.09191,0.09045,0.09075,4548857.3
1754071200000,2025-08-01 20:00:00,0.09075,0.09184,0.08993,0.0912,4662783.1
1754074800000,2025-08-01 21:00:00,0.0912,0.09242,0.09099,0.09234,3100779.6
1754078400000,2025-08-01 22:00:00,0.09234,0.09259,0.08996,0.0915,4169846.9
1754082000000,2025-08-01 23:00:00,0.0915,0.0923,0.09137,0.09152,1926106.4
1754085600000,2025-08-02 00:00:00,0.09152,0.09161,0.0879,0.08938,8016704.3
1754089200000,2025-08-02 01:00:00,0.08938,0.09089,0.08926,0.09063,2180740.4
1754092800000,2025-08-02 02:00:00,0.09063,0.09144,0.09027,0.09138,2232499.4
1754096400000,2025-08-02 03:00:00,0.09138,0.09155,0.09074,0.09147,952124.8
1754100000000,2025-08-02 04:00:00,0.09147,0.09157,0.09117,0.09135,645170.5
1754103600000,2025-08-02 05:00:00,0.09135,0.09157,0.09113,0.09138,593371.8
1754107200000,2025-08-02 06:00:00,0.09138,0.09187,0.09109,0.09162,559881.2
1754110800000,2025-08-02 07:00:00,0.09162,0.0917,0.09116,0.09124,669204.9
1754114400000,2025-08-02 08:00:00,0.09124,0.09131,0.08913,0.08963,1994014.5
1754118000000,2025-08-02 09:00:00,0.08963,0.09106,0.08881,0.09097,2031960.0
1754121600000,2025-08-02 10:00:00,0.09097,0.0911,0.08968,0.08978,1830741.8
1754125200000,2025-08-02 11:00:00,0.08978,0.09007,0.08932,0.08976,1796522.6
1754128800000,2025-08-02 12:00:00,0.08976,0.08984,0.08873,0.08932,1733460.4
1754132400000,2025-08-02 13:00:00,0.08932,0.09025,0.08876,0.08977,838927.6
1754136000000,2025-08-02 14:00:00,0.08977,0.08993,0.08906,0.08982,868869.7
1754139600000,2025-08-02 15:00:00,0.08982,0.09041,0.08913,0.09012,1669731.0
1754143200000,2025-08-02 16:00:00,0.09012,0.09019,0.08831,0.08877,3133115.5
1754146800000,2025-08-02 17:00:00,0.08877,0.08926,0.08774,0.08804,3040177.0
1754150400000,2025-08-02 18:00:00,0.08804,0.08892,0.08722,0.08829,2828871.3
1754154000000,2025-08-02 19:00:00,0.08829,0.089,0.0868,0.0872,2067515.0
1754157600000,2025-08-02 20:00:00,0.0872,0.08739,0.08587,0.08625,4823250.8
1754161200000,2025-08-02 21:00:00,0.08625,0.08821,0.08589,0.08723,2059050.2
1754164800000,2025-08-02 22:00:00,0.08723,0.08815,0.08717,0.08813,1380678.7
1754168400000,2025-08-02 23:00:00,0.08813,0.08863,0.08751,0.08808,922298.7
1754172000000,2025-08-03 00:00:00,0.08808,0.08881,0.08764,0.08859,1631000.3
1754175600000,2025-08-03 01:00:00,0.08859,0.08881,0.08735,0.08839,1714425.6
1754179200000,2025-08-03 02:00:00,0.08839,0.08924,0.08717,0.0892,3595759.4
1754182800000,2025-08-03 03:00:00,0.0892,0.08962,0.08871,0.08927,1749742.7
1754186400000,2025-08-03 04:00:00,0.08927,0.08985,0.08923,0.08977,1457282.4
1754190000000,2025-08-03 05:00:00,0.08977,0.08986,0.0894,0.08966,799602.4
1754193600000,2025-08-03 06:00:00,0.08966,0.0898,0.08929,0.08954,628121.0
1754197200000,2025-08-03 07:00:00,0.08954,0.08989,0.08951,0.08976,927504.4
1754200800000,2025-08-03 08:00:00,0.08976,0.08985,0.08934,0.08973,426871.8
1754204400000,2025-08-03 09:00:00,0.08973,0.09012,0.08964,0.08995,953333.9
1754208000000,2025-08-03 10:00:00,0.08995,0.09019,0.08976,0.09008,1187441.7
1754211600000,2025-08-03 11:00:00,0.09008,0.09045,0.08987,0.09043,1343264.5
1754215200000,2025-08-03 12:00:00,0.09043,0.09108,0.09037,0.09084,958228.2
1754218800000,2025-08-03 13:00:00,0.09084,0.09136,0.09081,0.09095,1020220.2
1754222400000,2025-08-03 14:00:00,0.09095,0.09131,0.09057,0.09118,1326558.5
1754226000000,2025-08-03 15:00:00,0.09118,0.09132,0.09071,0.09089,1223270.1
1754229600000,2025-08-03 16:00:00,0.09089,0.09108,0.09033,0.09085,1331043.6
1754233200000,2025-08-03 17:00:00,0.09085,0.09118,0.09057,0.09114,1344722.5
1754236800000,2025-08-03 18:00:00,0.09114,0.09124,0.09085,0.09109,1024846.9
1754240400000,2025-08-03 19:00:00,0.09109,0.0911,0.09059,0.09101,608639.9
1754244000000,2025-08-03 20:00:00,0.09101,0.09133,0.0907,0.09129,909162.8
1754247600000,2025-08-03 21:00:00,0.09129,0.09194,0.09118,0.09137,1043754.9
1754251200000,2025-08-03 22:00:00,0.09137,0.09153,0.09107,0.09141,710556.9
1754254800000,2025-08-03 23:00:00,0.09141,0.09173,0.09132,0.09159,640468.0
1754258400000,2025-08-04 00:00:00,0.09159,0.0919,0.0911,0.09165,1252697.2
1754262000000,2025-08-04 01:00:00,0.09165,0.09206,0.09129,0.09134,1519164.4
1754265600000,2025-08-04 02:00:00,0.09134,0.09325,0.09118,0.09319,2352517.1
1754269200000,2025-08-04 03:00:00,0.09319,0.09325,0.09183,0.09194,2486333.3
1754272800000,2025-08-04 04:00:00,0.09194,0.09274,0.09175,0.09274,670812.1
1754276400000,2025-08-04 05:00:00,0.09274,0.09293,0.0924,0.09257,746385.7
1754280000000,2025-08-04 06:00:00,0.09257,0.09298,0.09228,0.09237,715239.1
1754283600000,2025-08-04 07:00:00,0.09237,0.09267,0.09208,0.09258,827449.4
1754287200000,2025-08-04 08:00:00,0.09258,0.0926,0.09193,0.09235,658262.9
1754290800000,2025-08-04 09:00:00,0.09235,0.09309,0.09229,0.09252,1583351.9
1754294400000,2025-08-04 10:00:00,0.09252,0.0931,0.09232,0.09241,1097614.7
1754298000000,2025-08-04 11:00:00,0.09241,0.09266,0.09203,0.09205,1067074.0
1754301600000,2025-08-04 12:00:00,0.09205,0.09254,0.09194,0.09208,720772.4
1754305200000,2025-08-04 13:00:00,0.09208,0.09219,0.0916,0.09188,660208.0
1754308800000,2025-08-04 14:00:00,0.09188,0.09239,0.09175,0.09226,1312030.8
1754312400000,2025-08-04 15:00:00,0.09226,0.09336,0.09168,0.09329,4394962.7
1754316000000,2025-08-04 16:00:00,0.09329,0.09423,0.09286,0.09303,5345543.6
1754319600000,2025-08-04 17:00:00,0.09303,0.0935,0.09271,0.09318,2987611.2
1754323200000,2025-08-04 18:00:00,0.09318,0.09426,0.09317,0.09421,2548611.0
1754326800000,2025-08-04 19:00:00,0.09421,0.09488,0.09372,0.09385,4833315.8
1754330400000,2025-08-04 20:00:00,0.09385,0.09397,0.09315,0.09338,2603317.5
1754334000000,2025-08-04 21:00:00,0.09338,0.09338,0.0925,0.09272,1672882.7
1754337600000,2025-08-04 22:00:00,0.09272,0.09355,0.09257,0.09333,1704490.6
1754341200000,2025-08-04 23:00:00,0.09333,0.09401,0.09328,0.09373,1289282.0
1754344800000,2025-08-05 00:00:00,0.09373,0.09403,0.09349,0.09388,1112867.7
1754348400000,2025-08-05 01:00:00,0.09388,0.09388,0.09309,0.09336,1463065.9
1754352000000,2025-08-05 02:00:00,0.09336,0.09355,0.09294,0.09309,1582758.5
1754355600000,2025-08-05 03:00:00,0.09309,0.09327,0.09195,0.09202,1880326.8
1754359200000,2025-08-05 04:00:00,0.09202,0.09226,0.09155,0.09176,2606801.0
1754362800000,2025-08-05 05:00:00,0.09176,0.09176,0.09082,0.09104,4855778.7
1754366400000,2025-08-05 06:00:00,0.09104,0.09146,0.09078,0.0911,1588805.7
1754370000000,2025-08-05 07:00:00,0.0911,0.0915,0.09058,0.09099,971381.7
1754373600000,2025-08-05 08:00:00,0.09099,0.09131,0.09008,0.09034,1922893.4
1754377200000,2025-08-05 09:00:00,0.09034,0.09043,0.08917,0.08941,2747193.3
1754380800000,2025-08-05 10:00:00,0.08941,0.09025,0.08918,0.09009,2225955.1
1754384400000,2025-08-05 11:00:00,0.09009,0.09123,0.09005,0.09123,2207084.8
1754388000000,2025-08-05 12:00:00,0.09123,0.09229,0.09092,0.09221,2582368.7
1754391600000,2025-08-05 13:00:00,0.09221,0.09283,0.09198,0.0927,2602914.1
1754395200000,2025-08-05 14:00:00,0.0927,0.09284,0.09053,0.09106,5087390.1
1754398800000,2025-08-05 15:00:00,0.09106,0.09149,0.09071,0.09108,3208077.1
1754402400000,2025-08-05 16:00:00,0.09108,0.09108,0.08868,0.08924,6210852.1
1754406000000,2025-08-05 17:00:00,0.08924,0.08965,0.08805,0.08834,3594850.4
1754409600000,2025-08-05 18:00:00,0.08834,0.08914,0.08813,0.08864,1728721.3
1754413200000,2025-08-05 19:00:00,0.08864,0.08928,0.08836,0.08921,1635162.0
1754416800000,2025-08-05 20:00:00,0.08921,0.08921,0.08805,0.08863,1646630.4
1754420400000,2025-08-05 21:00:00,0.08863,0.08899,0.08783,0.08815,1182401.6
1754424000000,2025-08-05 22:00:00,0.08815,0.08915,0.08809,0.08841,991066.6
1754427600000,2025-08-05 23:00:00,0.08841,0.08895,0.08795,0.08811,1562723.0
1754431200000,2025-08-06 00:00:00,0.08811,0.08902,0.0873,0.089,3330833.3
1754434800000,2025-08-06 01:00:00,0.089,0.08993,0.0889,0.08978,2850013.6
1754438400000,2025-08-06 02:00:00,0.08978,0.08984,0.08842,0.08857,2282130.4
1754442000000,2025-08-06 03:00:00,0.08857,0.08892,0.0881,0.08886,3091267.0
1754445600000,2025-08-06 04:00:00,0.08886,0.08888,0.08808,0.08816,1384683.1
1754449200000,2025-08-06 05:00:00,0.08816,0.08822,0.08754,0.08754,2762827.8
1754452800000,2025-08-06 06:00:00,0.08754,0.08775,0.08716,0.08763,2018105.4
1754456400000,2025-08-06 07:00:00,0.08763,0.09018,0.08746,0.08946,4741240.8
1754460000000,2025-08-06 08:00:00,0.08946,0.09021,0.08909,0.08997,1628233.0
1754463600000,2025-08-06 09:00:00,0.08997,0.09073,0.08979,0.09062,2512303.1
1754467200000,2025-08-06 10:00:00,0.09062,0.09088,0.08948,0.08998,3513688.4
1754470800000,2025-08-06 11:00:00,0.08998,0.09081,0.08972,0.09031,2771242.4
1754474400000,2025-08-06 12:00:00,0.09031,0.09053,0.08975,0.08987,2938516.4
1754478000000,2025-08-06 13:00:00,0.08987,0.09053,0.08965,0.0899,2497768.4
1754481600000,2025-08-06 14:00:00,0.0899,0.09029,0.08899,0.08936,7626936.1
1754485200000,2025-08-06 15:00:00,0.08936,0.09022,0.08901,0.08987,10398115.8
1754488800000,2025-08-06 16:00:00,0.08987,0.09146,0.08928,0.0914,8348015.2
1754492400000,2025-08-06 17:00:00,0.0914,0.09264,0.09107,0.09249,6971102.3
1754496000000,2025-08-06 18:00:00,0.09249,0.09273,0.09132,0.09159,3594377.4
1754499600000,2025-08-06 19:00:00,0.09159,0.09242,0.09135,0.09237,2517640.7
1754503200000,2025-08-06 20:00:00,0.09237,0.09293,0.09213,0.09224,2303633.1
1754506800000,2025-08-06 21:00:00,0.09224,0.09257,0.09187,0.09239,2171912.7
1754510400000,2025-08-06 22:00:00,0.09239,0.09242,0.09191,0.09223,875688.6
1754514000000,2025-08-06 23:00:00,0.09223,0.09238,0.09157,0.09196,1660307.3
1754517600000,2025-08-07 00:00:00,0.09196,0.09211,0.09176,0.09192,829349.8
1754521200000,2025-08-07 01:00:00,0.09192,0.092,0.09162,0.09176,674140.6
1754524800000,2025-08-07 02:00:00,0.09176,0.09227,0.09161,0.09203,789923.4
1754528400000,2025-08-07 03:00:00,0.09203,0.0929,0.09171,0.09197,2888525.1
1754532000000,2025-08-07 04:00:00,0.09197,0.09235,0.09171,0.09186,1136775.3
1754535600000,2025-08-07 05:00:00,0.09186,0.09203,0.09162,0.09167,782038.7
1754539200000,2025-08-07 06:00:00,0.09167,0.09232,0.09143,0.09191,2918420.2
1754542800000,2025-08-07 07:00:00,0.09191,0.09252,0.09159,0.09252,1709013.1
1754546400000,2025-08-07 08:00:00,0.09252,0.09302,0.09235,0.09265,4580542.8
1754550000000,2025-08-07 09:00:00,0.09265,0.09303,0.09258,0.09291,2986436.2
1754553600000,2025-08-07 10:00:00,0.09291,0.09341,0.09268,0.09276,2027684.8
1754557200000,2025-08-07 11:00:00,0.09276,0.09311,0.09255,0.09309,593125.3
1754560800000,2025-08-07 12:00:00,0.09309,0.09518,0.09297,0.09515,7133744.5
1754564400000,2025-08-07 13:00:00,0.09515,0.09576,0.09511,0.09556,3135279.9
1754568000000,2025-08-07 14:00:00,0.09556,0.0957,0.09475,0.09531,1745378.5
1754571600000,2025-08-07 15:00:00,0.09531,0.09586,0.09522,0.09533,2586680.9
1754575200000,2025-08-07 16:00:00,0.09533,0.0954,0.09442,0.09477,3125266.1
1754578800000,2025-08-07 17:00:00,0.09477,0.09489,0.09417,0.09441,1178061.7
1754582400000,2025-08-07 18:00:00,0.09441,0.09464,0.09224,0.09316,6679752.3
1754586000000,2025-08-07 19:00:00,0.09316,0.09335,0.09253,0.09264,3044143.4
1754589600000,2025-08-07 20:00:00,0.09264,0.09268,0.09143,0.09174,3962421.6
1754593200000,2025-08-07 21:00:00,0.09174,0.09302,0.0916,0.09302,2618863.3
1754596800000,2025-08-07 22:00:00,0.09302,0.09385,0.09292,0.09371,3143172.9
1754600400000,2025-08-07 23:00:00,0.09371,0.0946,0.09371,0.09446,2464101.8
1754604000000,2025-08-08 00:00:00,0.09446,0.09555,0.09411,0.09543,3044236.1
1754607600000,2025-08-08 01:00:00,0.09543,0.09562,0.09472,0.09557,2230468.7
1754611200000,2025-08-08 02:00:00,0.09557,0.09644,0.09417,0.09493,10770547.6
1754614800000,2025-08-08 03:00:00,0.09493,0.09575,0.09397,0.09465,10922149.6
1754618400000,2025-08-08 04:00:00,0.09465,0.09498,0.0941,0.0946,2441783.1
1754622000000,2025-08-08 05:00:00,0.0946,0.09552,0.09442,0.09463,2924134.4
1754625600000,2025-08-08 06:00:00,0.09463,0.09467,0.09382,0.09384,2264085.9
1754629200000,2025-08-08 07:00:00,0.09384,0.09413,0.09351,0.09356,1902586.8
1754632800000,2025-08-08 08:00:00,0.09356,0.09494,0.09344,0.09485,3905205.5
1754636400000,2025-08-08 09:00:00,0.09485,0.09544,0.09422,0.09472,3367135.8
1754640000000,2025-08-08 10:00:00,0.09472,0.09555,0.09416,0.0944,3658975.7
1754643600000,2025-08-08 11:00:00,0.0944,0.09493,0.09414,0.09474,2181718.5
1754647200000,2025-08-08 12:00:00,0.09474,0.09475,0.09384,0.09396,2534168.1
1754650800000,2025-08-08 13:00:00,0.09396,0.0946,0.09393,0.09442,1583070.0
1754654400000,2025-08-08 14:00:00,0.09442,0.09448,0.09329,0.09337,2959917.7
1754658000000,2025-08-08 15:00:00,0.09337,0.09544,0.09328,0.09544,4142406.7
1754661600000,2025-08-08 16:00:00,0.09544,0.09595,0.09378,0.09452,7219995.0
1754665200000,2025-08-08 17:00:00,0.09452,0.09464,0.09297,0.09375,4426265.7
1754668800000,2025-08-08 18:00:00,0.09375,0.09436,0.09362,0.09406,1819383.5
1754672400000,2025-08-08 19:00:00,0.09406,0.09618,0.09406,0.09618,3609917.6
1754676000000,2025-08-08 20:00:00,0.09618,0.09686,0.09547,0.09576,5171652.5
1754679600000,2025-08-08 21:00:00,0.09576,0.09616,0.09543,0.09607,2872905.6
1754683200000,2025-08-08 22:00:00,0.09607,0.09629,0.09559,0.09606,2556019.4
1754686800000,2025-08-08 23:00:00,0.09606,0.09613,0.09565,0.09591,1630975.3
1754690400000,2025-08-09 00:00:00,0.09591,0.09624,0.09547,0.09594,3297495.9
1754694000000,2025-08-09 01:00:00,0.09594,0.09613,0.09525,0.09571,1688627.3
1754697600000,2025-08-09 02:00:00,0.09571,0.09611,0.09514,0.09547,1949352.8
1754701200000,2025-08-09 03:00:00,0.09547,0.09605,0.09507,0.09592,1819525.0
1754704800000,2025-08-09 04:00:00,0.09592,0.09625,0.09538,0.09545,1032617.0
1754708400000,2025-08-09 05:00:00,0.09545,0.09559,0.09509,0.09531,1809037.9
1754712000000,2025-08-09 06:00:00,0.09531,0.0963,0.09516,0.09583,1784397.3
1754715600000,2025-08-09 07:00:00,0.09583,0.0979,0.09574,0.09779,10276011.7
1754719200000,2025-08-09 08:00:00,0.09779,0.09824,0.09725,0.09778,4452312.7
1754722800000,2025-08-09 09:00:00,0.09778,0.09847,0.0977,0.09841,3701784.1
1754726400000,2025-08-09 10:00:00,0.09841,0.09859,0.09792,0.09833,2250841.2
1754730000000,2025-08-09 11:00:00,0.09833,0.09914,0.09816,0.09881,5160202.7
1754733600000,2025-08-09 12:00:00,0.09881,0.09929,0.09873,0.09908,3142159.7
1754737200000,2025-08-09 13:00:00,0.09908,0.09962,0.09883,0.09955,4971848.7
1754740800000,2025-08-09 14:00:00,0.09955,0.10097,0.09933,0.10071,17100786.5
1754744400000,2025-08-09 15:00:00,0.10071,0.10082,0.09902,0.09903,6142312.6
1754748000000,2025-08-09 16:00:00,0.09903,0.09963,0.09851,0.09944,3389461.6
1754751600000,2025-08-09 17:00:00,0.09944,0.0998,0.09878,0.09931,2117269.0
1754755200000,2025-08-09 18:00:00,0.09931,0.09994,0.09907,0.09934,3389445.0
1754758800000,2025-08-09 19:00:00,0.09934,0.10015,0.09927,0.10009,1656947.6
1754762400000,2025-08-09 20:00:00,0.10009,0.1003,0.09968,0.10018,1044481.5
1754766000000,2025-08-09 21:00:00,0.10018,0.1009,0.10003,0.10031,2555371.1
1754769600000,2025-08-09 22:00:00,0.10031,0.10134,0.10012,0.10103,3729825.8
1754773200000,2025-08-09 23:00:00,0.10103,0.10121,0.09988,0.1005,3106211.8
1754776800000,2025-08-10 00:00:00,0.1005,0.10087,0.09945,0.09973,3171526.1
1754780400000,2025-08-10 01:00:00,0.09973,0.10045,0.09948,0.10011,2578833.9
1754784000000,2025-08-10 02:00:00,0.10011,0.10157,0.10011,0.10129,1923452.2
1754787600000,2025-08-10 03:00:00,0.10129,0.10162,0.10072,0.10085,1722689.5
1754791200000,2025-08-10 04:00:00,0.10085,0.10116,0.09996,0.10007,2389725.6
1754794800000,2025-08-10 05:00:00,0.10007,0.10153,0.0996,0.10123,3997363.4
1754798400000,2025-08-10 06:00:00,0.10123,0.10178,0.10068,0.10117,3844933.5
1754802000000,2025-08-10 07:00:00,0.10117,0.1013,0.09986,0.09986,2836128.2
1754805600000,2025-08-10 08:00:00,0.09986,0.09992,0.09861,0.09915,2649696.7
1754809200000,2025-08-10 09:00:00,0.09915,0.09977,0.09722,0.09741,8364047.9
1754812800000,2025-08-10 10:00:00,0.09741,0.09833,0.09634,0.09815,6356982.2
1754816400000,2025-08-10 11:00:00,0.09815,0.09836,0.0977,0.09787,1139018.7
1754820000000,2025-08-10 12:00:00,0.09787,0.0981,0.09638,0.0968,3200763.4
1754823600000,2025-08-10 13:00:00,0.0968,0.09745,0.09643,0.09651,4907601.1
1754827200000,2025-08-10 14:00:00,0.09651,0.09722,0.09619,0.09714,3329323.3
1754830800000,2025-08-10 15:00:00,0.09714,0.09757,0.09631,0.09639,2346196.6
1754834400000,2025-08-10 16:00:00,0.09639,0.09831,0.09594,0.09787,7179981.5
1754838000000,2025-08-10 17:00:00,0.09787,0.09877,0.09762,0.09827,1954983.8
1754841600000,2025-08-10 18:00:00,0.09827,0.09878,0.09807,0.09868,1239129.7
1754845200000,2025-08-10 19:00:00,0.09868,0.09931,0.09827,0.09929,3116110.2
1754848800000,2025-08-10 20:00:00,0.09929,0.09969,0.09896,0.09949,2242846.7
1754852400000,2025-08-10 21:00:00,0.09949,0.09983,0.09935,0.09942,915125.3
1754856000000,2025-08-10 22:00:00,0.09942,0.09953,0.09862,0.09899,4620128.9
1754859600000,2025-08-10 23:00:00,0.09899,0.09899,0.09785,0.09876,3242811.8
1754863200000,2025-08-11 00:00:00,0.09876,0.09924,0.09832,0.09924,982316.1
1754866800000,2025-08-11 01:00:00,0.09924,0.09952,0.09873,0.09926,912084.0
1754870400000,2025-08-11 02:00:00,0.09926,0.09943,0.09836,0.09836,2109119.7
1754874000000,2025-08-11 03:00:00,0.09836,0.10093,0.09828,0.10044,8022205.8
1754877600000,2025-08-11 04:00:00,0.10044,0.10242,0.10042,0.10195,7022685.6
1754881200000,2025-08-11 05:00:00,0.10195,0.10206,0.10118,0.10171,2063508.5
1754884800000,2025-08-11 06:00:00,0.10171,0.10253,0.10145,0.10145,4141292.8
1754888400000,2025-08-11 07:00:00,0.10145,0.10179,0.10086,0.1011,2080869.0
1754892000000,2025-08-11 08:00:00,0.1011,0.10154,0.10087,0.1013,1086524.2
1754895600000,2025-08-11 09:00:00,0.1013,0.10137,0.09901,0.09919,5861849.6
1754899200000,2025-08-11 10:00:00,0.09919,0.10019,0.09881,0.1,1365668.4
1754902800000,2025-08-11 11:00:00,0.1,0.10009,0.09885,0.09906,1309047.9
1754906400000,2025-08-11 12:00:00,0.09906,0.09908,0.0979,0.09797,3120573.7
1754910000000,2025-08-11 13:00:00,0.09797,0.098,0.09523,0.09554,12991170.2
1754913600000,2025-08-11 14:00:00,0.09554,0.09589,0.0946,0.09516,4486089.2
1754917200000,2025-08-11 15:00:00,0.09516,0.09618,0.0942,0.09581,4722485.2
1754920800000,2025-08-11 16:00:00,0.09581,0.09664,0.09531,0.09571,2776412.4
1754924400000,2025-08-11 17:00:00,0.09571,0.09649,0.09507,0.09648,2396465.4
1754928000000,2025-08-11 18:00:00,0.09648,0.09781,0.09581,0.09643,4960700.2
1754931600000,2025-08-11 19:00:00,0.09643,0.09672,0.09508,0.09533,2350414.0
1754935200000,2025-08-11 20:00:00,0.09533,0.09579,0.0944,0.09534,2031974.9
1754938800000,2025-08-11 21:00:00,0.09534,0.0954,0.09363,0.09469,4144410.8
1754942400000,2025-08-11 22:00:00,0.09469,0.09469,0.09393,0.09429,2546735.5
1754946000000,2025-08-11 23:00:00,0.09429,0.0948,0.09258,0.09327,3716920.2
1754949600000,2025-08-12 00:00:00,0.09327,0.09334,0.0921,0.0931,3446769.7
1754953200000,2025-08-12 01:00:00,0.0931,0.09363,0.0929,0.09323,1383996.3
1754956800000,2025-08-12 02:00:00,0.09323,0.09452,0.09298,0.09424,1564128.5
1754960400000,2025-08-12 03:00:00,0.09424,0.09452,0.09385,0.09408,1894466.1
1754964000000,2025-08-12 04:00:00,0.09408,0.09489,0.09384,0.09424,1731397.1
1754967600000,2025-08-12 05:00:00,0.09424,0.09425,0.09346,0.09373,1699237.4
1754971200000,2025-08-12 06:00:00,0.09373,0.09446,0.09361,0.09417,1431064.9
1754974800000,2025-08-12 07:00:00,0.09417,0.09417,0.09281,0.09322,2865755.0
1754978400000,2025-08-12 08:00:00,0.09322,0.09372,0.09236,0.09304,1790501.0
1754982000000,2025-08-12 09:00:00,0.09304,0.09437,0.09304,0.09412,1705646.4
1754985600000,2025-08-12 10:00:00,0.09412,0.09419,0.09322,0.09326,1048001.8
1754989200000,2025-08-12 11:00:00,0.09326,0.09343,0.09283,0.09299,1205572.8
1754992800000,2025-08-12 12:00:00,0.09299,0.09307,0.09239,0.0927,1607742.9
1754996400000,2025-08-12 13:00:00,0.0927,0.09365,0.09202,0.09354,1861285.3
1755000000000,2025-08-12 14:00:00,0.09354,0.09648,0.09291,0.09563,9233692.4
1755003600000,2025-08-12 15:00:00,0.09563,0.09634,0.09442,0.0952,6483909.9
1755007200000,2025-08-12 16:00:00,0.0952,0.09663,0.09505,0.09655,3286133.8
1755010800000,2025-08-12 17:00:00,0.09655,0.09838,0.0965,0.09837,3492365.8
1755014400000,2025-08-12 18:00:00,0.09837,0.09914,0.0982,0.09909,4788283.5
1755018000000,2025-08-12 19:00:00,0.09909,0.10018,0.09891,0.09932,7320940.1
1755021600000,2025-08-12 20:00:00,0.09932,0.10059,0.09928,0.09993,7397460.5
1755025200000,2025-08-12 21:00:00,0.09993,0.10051,0.09965,0.10035,4426058.8
1755028800000,2025-08-12 22:00:00,0.10035,0.1018,0.10025,0.10179,4438091.9
1755032400000,2025-08-12 23:00:00,0.10179,0.10184,0.10086,0.10094,1248512.8
1755036000000,2025-08-13 00:00:00,0.10094,0.10147,0.10073,0.1012,1691190.7
1755039600000,2025-08-13 01:00:00,0.1012,0.10171,0.10064,0.10135,1587835.2
1755043200000,2025-08-13 02:00:00,0.10135,0.10219,0.10135,0.10138,2248784.4
1755046800000,2025-08-13 03:00:00,0.10138,0.10141,0.09993,0.10033,3708582.0
1755050400000,2025-08-13 04:00:00,0.10033,0.10149,0.09981,0.10149,1324915.0
1755054000000,2025-08-13 05:00:00,0.10149,0.10248,0.10128,0.10206,5785612.3
1755057600000,2025-08-13 06:00:00,0.10206,0.10253,0.10124,0.10181,4633549.7
1755061200000,2025-08-13 07:00:00,0.10181,0.10189,0.1006,0.10071,2559232.1
1755064800000,2025-08-13 08:00:00,0.10071,0.10105,0.10003,0.10074,1039933.4
1755068400000,2025-08-13 09:00:00,0.10074,0.10201,0.10074,0.10198,1165503.3
1755072000000,2025-08-13 10:00:00,0.10198,0.10288,0.10195,0.10241,3552549.3
1755075600000,2025-08-13 11:00:00,0.10241,0.10362,0.10241,0.10338,10224337.2
1755079200000,2025-08-13 12:00:00,0.10338,0.10419,0.10328,0.10385,7684024.3
1755082800000,2025-08-13 13:00:00,0.10385,0.10393,0.10312,0.10354,1390813.9
1755086400000,2025-08-13 14:00:00,0.10354,0.10384,0.10258,0.10268,2094337.1
1755090000000,2025-08-13 15:00:00,0.10268,0.1045,0.10253,0.10369,10269516.2
1755093600000,2025-08-13 16:00:00,0.10369,0.10403,0.10198,0.10249,6473096.1
1755097200000,2025-08-13 17:00:00,0.10249,0.10319,0.10165,0.10284,7154482.8
1755100800000,2025-08-13 18:00:00,0.10284,0.10391,0.1024,0.10277,3199246.8
1755104400000,2025-08-13 19:00:00,0.10277,0.10359,0.10251,0.10325,1822275.4
1755108000000,2025-08-13 20:00:00,0.10325,0.10358,0.10224,0.10274,1731520.1
1755111600000,2025-08-13 21:00:00,0.10274,0.10338,0.10255,0.10276,2569240.6
1755115200000,2025-08-13 22:00:00,0.10276,0.10287,0.10068,0.10085,8132353.1
1755118800000,2025-08-13 23:00:00,0.10085,0.10163,0.10022,0.10033,3281075.1
1755122400000,2025-08-14 00:00:00,0.10033,0.10207,0.10014,0.10158,4976039.8
1755126000000,2025-08-14 01:00:00,0.10158,0.10201,0.10125,0.10147,2282654.8
1755129600000,2025-08-14 02:00:00,0.10147,0.10243,0.10113,0.1013,5074589.1
1755133200000,2025-08-14 03:00:00,0.1013,0.1027,0.10088,0.10245,3207495.0
1755136800000,2025-08-14 04:00:00,0.10245,0.1037,0.10194,0.10365,2902619.3
1755140400000,2025-08-14 05:00:00,0.10365,0.10365,0.10225,0.10259,4384243.4
1755144000000,2025-08-14 06:00:00,0.10259,0.10316,0.1019,0.10194,3553011.7
1755147600000,2025-08-14 07:00:00,0.10194,0.10264,0.10097,0.10114,4622019.2
1755151200000,2025-08-14 08:00:00,0.10114,0.10116,0.09971,0.10093,5493841.0
1755154800000,2025-08-14 09:00:00,0.10093,0.101,0.0998,0.10043,2566643.5
1755158400000,2025-08-14 10:00:00,0.10043,0.10045,0.09864,0.09911,4257481.4
1755162000000,2025-08-14 11:00:00,0.09911,0.09994,0.09852,0.09974,3011019.3
1755165600000,2025-08-14 12:00:00,0.09974,0.09984,0.09777,0.09878,4895424.6
1755169200000,2025-08-14 13:00:00,0.09878,0.09884,0.09789,0.09814,2898867.2
1755172800000,2025-08-14 14:00:00,0.09814,0.09887,0.0922,0.09416,31091808.6
1755176400000,2025-08-14 15:00:00,0.09416,0.09575,0.09247,0.09504,14219127.2
1755180000000,2025-08-14 16:00:00,0.09504,0.09622,0.09442,0.09535,5742141.7
1755183600000,2025-08-14 17:00:00,0.09535,0.09557,0.09379,0.0939,4465861.2
1755187200000,2025-08-14 18:00:00,0.0939,0.09391,0.09207,0.0929,6908070.9
1755190800000,2025-08-14 19:00:00,0.0929,0.09364,0.09228,0.09328,1944801.1
1755194400000,2025-08-14 20:00:00,0.09328,0.09328,0.09164,0.09287,3552297.0
1755198000000,2025-08-14 21:00:00,0.09287,0.09365,0.0927,0.09274,1439795.2
1755201600000,2025-08-14 22:00:00,0.09274,0.09288,0.09224,0.09274,2389744.6
1755205200000,2025-08-14 23:00:00,0.09274,0.09276,0.09046,0.09154,5043987.9
1755208800000,2025-08-15 00:00:00,0.09154,0.09277,0.09115,0.09276,2819246.0
1755212400000,2025-08-15 01:00:00,0.09276,0.09317,0.09257,0.09278,3214634.4
1755216000000,2025-08-15 02:00:00,0.09278,0.09315,0.09228,0.09259,1513779.5
1755219600000,2025-08-15 03:00:00,0.09259,0.09337,0.09235,0.0931,1522358.8
1755223200000,2025-08-15 04:00:00,0.0931,0.09349,0.09298,0.09313,1205009.4
1755226800000,2025-08-15 05:00:00,0.09313,0.0941,0.09293,0.09366,1670883.5
1755230400000,2025-08-15 06:00:00,0.09366,0.09414,0.09328,0.09339,1271250.1
1755234000000,2025-08-15 07:00:00,0.09339,0.09357,0.09302,0.09357,2751597.4
1755237600000,2025-08-15 08:00:00,0.09357,0.09472,0.09352,0.09442,2307834.6
1755241200000,2025-08-15 09:00:00,0.09442,0.09455,0.0937,0.09416,1691557.9
1755244800000,2025-08-15 10:00:00,0.09416,0.09451,0.09377,0.09387,966688.1
1755248400000,2025-08-15 11:00:00,0.09387,0.09405,0.09277,0.09306,2373278.2
1755252000000,2025-08-15 12:00:00,0.09306,0.09382,0.09297,0.09325,4916864.4
1755255600000,2025-08-15 13:00:00,0.09325,0.09354,0.0929,0.09309,1104051.0
1755259200000,2025-08-15 14:00:00,0.09309,0.09422,0.09235,0.09331,5191971.4
1755262800000,2025-08-15 15:00:00,0.09331,0.09366,0.09237,0.09281,2707289.4
1755266400000,2025-08-15 16:00:00,0.09281,0.09316,0.0911,0.09144,5539859.4
1755270000000,2025-08-15 17:00:00,0.09144,0.09162,0.08955,0.09009,9296634.7
1755273600000,2025-08-15 18:00:00,0.09009,0.09073,0.08908,0.09054,4042394.3
1755277200000,2025-08-15 19:00:00,0.09054,0.09152,0.08996,0.09118,3726294.0
1755280800000,2025-08-15 20:00:00,0.09118,0.09129,0.09056,0.09074,2564573.1
1755284400000,2025-08-15 21:00:00,0.09074,0.09145,0.09036,0.09122,1238218.8
1755288000000,2025-08-15 22:00:00,0.09122,0.09227,0.09095,0.09226,1890564.5
1755291600000,2025-08-15 23:00:00,0.09226,0.09276,0.09199,0.09263,944820.6
1755295200000,2025-08-16 00:00:00,0.09263,0.09363,0.09243,0.09362,1681990.3
1755298800000,2025-08-16 01:00:00,0.09362,0.0938,0.09245,0.09292,2124867.9
1755302400000,2025-08-16 02:00:00,0.09292,0.09409,0.09283,0.094,1388489.6
1755306000000,2025-08-16 03:00:00,0.094,0.09406,0.09351,0.09368,1283361.6
1755309600000,2025-08-16 04:00:00,0.09368,0.09369,0.09318,0.09342,1663661.0
1755313200000,2025-08-16 05:00:00,0.09342,0.09365,0.09322,0.09329,849183.6
1755316800000,2025-08-16 06:00:00,0.09329,0.09374,0.09322,0.09367,747225.5
1755320400000,2025-08-16 07:00:00,0.09367,0.09369,0.09298,0.09304,2436662.8
1755324000000,2025-08-16 08:00:00,0.09304,0.09354,0.09302,0.09333,630065.0
1755327600000,2025-08-16 09:00:00,0.09333,0.09414,0.09333,0.09394,1067378.6
1755331200000,2025-08-16 10:00:00,0.09394,0.09403,0.09316,0.09316,1147261.2
1755334800000,2025-08-16 11:00:00,0.09316,0.09381,0.09273,0.09273,900594.7
1755338400000,2025-08-16 12:00:00,0.09273,0.09321,0.09252,0.09288,1599879.6
1755342000000,2025-08-16 13:00:00,0.09288,0.09349,0.09273,0.09273,884268.0
1755345600000,2025-08-16 14:00:00,0.09273,0.09339,0.09255,0.09339,1235565.4
1755349200000,2025-08-16 15:00:00,0.09339,0.09396,0.09298,0.093,1819920.1
1755352800000,2025-08-16 16:00:00,0.093,0.09457,0.09268,0.09444,2289990.6
1755356400000,2025-08-16 17:00:00,0.09444,0.0953,0.09428,0.09489,2080589.3
1755360000000,2025-08-16 18:00:00,0.09489,0.09543,0.09445,0.09454,1658068.1
1755363600000,2025-08-16 19:00:00,0.09454,0.09461,0.09398,0.09413,1346534.0
1755367200000,2025-08-16 20:00:00,0.09413,0.09467,0.09386,0.09417,592288.0
1755370800000,2025-08-16 21:00:00,0.09417,0.0948,0.09413,0.0944,1005543.7
1755374400000,2025-08-16 22:00:00,0.0944,0.09498,0.09432,0.09477,1060897.0
1755378000000,2025-08-16 23:00:00,0.09477,0.09477,0.09418,0.09418,274062.4
1755381600000,2025-08-17 00:00:00,0.09418,0.09508,0.09401,0.09493,538101.1
1755385200000,2025-08-17 01:00:00,0.09493,0.09499,0.09447,0.09462,310410.4
1755388800000,2025-08-17 02:00:00,0.09462,0.09481,0.09424,0.09426,568425.0
1755392400000,2025-08-17 03:00:00,0.09426,0.09444,0.09392,0.09416,1296327.1
1755396000000,2025-08-17 04:00:00,0.09416,0.09474,0.09374,0.09474,862378.7
1755399600000,2025-08-17 05:00:00,0.09474,0.09528,0.09462,0.09493,551457.9
1755403200000,2025-08-17 06:00:00,0.09493,0.09543,0.09479,0.09543,659214.6
1755406800000,2025-08-17 07:00:00,0.09543,0.09571,0.09493,0.0951,1925937.0
1755410400000,2025-08-17 08:00:00,0.0951,0.09561,0.09493,0.09495,1425231.3
1755414000000,2025-08-17 09:00:00,0.09495,0.09548,0.09491,0.09548,846618.2
1755417600000,2025-08-17 10:00:00,0.09548,0.09632,0.09526,0.09618,1420161.3
1755421200000,2025-08-17 11:00:00,0.09618,0.09658,0.09597,0.09657,2434717.1
1755424800000,2025-08-17 12:00:00,0.09657,0.09666,0.09618,0.09656,946860.1
1755428400000,2025-08-17 13:00:00,0.09656,0.09661,0.096,0.09637,987009.4
1755432000000,2025-08-17 14:00:00,0.09637,0.09666,0.09568,0.09579,1314329.8
1755435600000,2025-08-17 15:00:00,0.09579,0.096,0.09505,0.09564,2410060.5
1755439200000,2025-08-17 16:00:00,0.09564,0.09657,0.09543,0.09628,942810.2
1755442800000,2025-08-17 17:00:00,0.09628,0.09711,0.09605,0.0971,1319124.3
1755446400000,2025-08-17 18:00:00,0.0971,0.09765,0.09585,0.09611,4623694.2
1755450000000,2025-08-17 19:00:00,0.09611,0.0963,0.09568,0.09592,1608233.5
1755453600000,2025-08-17 20:00:00,0.09592,0.09604,0.09394,0.095,5669314.5
1755457200000,2025-08-17 21:00:00,0.095,0.09531,0.09416,0.09429,2033615.4
1755460800000,2025-08-17 22:00:00,0.09429,0.09474,0.09413,0.09426,920545.6
1755464400000,2025-08-17 23:00:00,0.09426,0.09443,0.09396,0.0942,871742.8
1755468000000,2025-08-18 00:00:00,0.0942,0.0953,0.09397,0.0952,1391552.0
1755471600000,2025-08-18 01:00:00,0.0952,0.09523,0.09388,0.09393,999217.3
1755475200000,2025-08-18 02:00:00,0.09393,0.09407,0.09325,0.0937,2613455.4
1755478800000,2025-08-18 03:00:00,0.0937,0.09383,0.09213,0.09235,4444287.1
1755482400000,2025-08-18 04:00:00,0.09235,0.09248,0.09077,0.09091,6083369.1
1755486000000,2025-08-18 05:00:00,0.09091,0.09121,0.08998,0.09112,4079943.8
1755489600000,2025-08-18 06:00:00,0.09112,0.09191,0.09084,0.09179,1714565.7
1755493200000,2025-08-18 07:00:00,0.09179,0.09199,0.09059,0.09159,2381327.6
1755496800000,2025-08-18 08:00:00,0.09159,0.09159,0.08984,0.09029,6559558.0
1755500400000,2025-08-18 09:00:00,0.09029,0.09087,0.09024,0.09059,1798912.0
1755504000000,2025-08-18 10:00:00,0.09059,0.09077,0.08998,0.09005,1250209.0
1755507600000,2025-08-18 11:00:00,0.09005,0.09107,0.08962,0.09069,4173321.8
1755511200000,2025-08-18 12:00:00,0.09069,0.09102,0.09038,0.09041,2050596.7
1755514800000,2025-08-18 13:00:00,0.09041,0.09073,0.09015,0.09059,1424692.1
1755518400000,2025-08-18 14:00:00,0.09059,0.09183,0.09032,0.09183,2774308.6
1755522000000,2025-08-18 15:00:00,0.09183,0.09214,0.09048,0.0905,3962229.3
1755525600000,2025-08-18 16:00:00,0.0905,0.09131,0.09025,0.09131,3506523.3
1755529200000,2025-08-18 17:00:00,0.09131,0.09169,0.09063,0.09169,2535314.9
1755532800000,2025-08-18 18:00:00,0.09169,0.09214,0.0906,0.09083,2605363.3
1755536400000,2025-08-18 19:00:00,0.09083,0.09271,0.09076,0.09196,2751531.6
1755540000000,2025-08-18 20:00:00,0.09196,0.09237,0.0913,0.09225,1576207.9
1755543600000,2025-08-18 21:00:00,0.09225,0.09259,0.0916,0.09185,1654670.7
1755547200000,2025-08-18 22:00:00,0.09185,0.09206,0.091,0.09158,1708758.0
1755550800000,2025-08-18 23:00:00,0.09158,0.0926,0.09147,0.09249,1302662.6
1755554400000,2025-08-19 00:00:00,0.09249,0.09315,0.09206,0.09209,699441.6
1755558000000,2025-08-19 01:00:00,0.09209,0.09211,0.09085,0.09104,1303016.9
1755561600000,2025-08-19 02:00:00,0.09104,0.09218,0.09,0.09218,4624579.5
1755565200000,2025-08-19 03:00:00,0.09218,0.09271,0.09103,0.09121,4514951.6
1755568800000,2025-08-19 04:00:00,0.09121,0.09139,0.09054,0.09063,1518845.2
1755572400000,2025-08-19 05:00:00,0.09063,0.09084,0.08947,0.08962,6635691.3
1755576000000,2025-08-19 06:00:00,0.08962,0.09046,0.08896,0.09042,4574181.1
1755579600000,2025-08-19 07:00:00,0.09042,0.09063,0.08986,0.08986,1629038.3
1755583200000,2025-08-19 08:00:00,0.08986,0.0902,0.08954,0.08989,2542717.1
1755586800000,2025-08-19 09:00:00,0.08989,0.09022,0.08932,0.09015,1711564.7
1755590400000,2025-08-19 10:00:00,0.09015,0.09112,0.08964,0.09088,3624047.2
1755594000000,2025-08-19 11:00:00,0.09088,0.09195,0.09071,0.09165,2157316.3
1755597600000,2025-08-19 12:00:00,0.09165,0.0928,0.09149,0.09241,1846513.4
1755601200000,2025-08-19 13:00:00,0.09241,0.09288,0.09221,0.09284,996026.5
1755604800000,2025-08-19 14:00:00,0.09284,0.09292,0.0915,0.09199,2593863.6
1755608400000,2025-08-19 15:00:00,0.09199,0.09257,0.09062,0.09157,5783819.6
1755612000000,2025-08-19 16:00:00,0.09157,0.09604,0.08931,0.0899,24081800.8
1755615600000,2025-08-19 17:00:00,0.0899,0.09092,0.08948,0.0896,7292496.0
1755619200000,2025-08-19 18:00:00,0.0896,0.08976,0.08867,0.08899,3731676.5
1755622800000,2025-08-19 19:00:00,0.08899,0.08938,0.08837,0.08908,3709525.5
1755626400000,2025-08-19 20:00:00,0.08908,0.0894,0.08804,0.08838,2362957.9
1755630000000,2025-08-19 21:00:00,0.08838,0.08907,0.08762,0.08832,3510743.5
1755633600000,2025-08-19 22:00:00,0.08832,0.08918,0.08798,0.08916,1785932.6
1755637200000,2025-08-19 23:00:00,0.08916,0.08921,0.08869,0.08916,1904180.5
1755640800000,2025-08-20 00:00:00,0.08916,0.0893,0.08863,0.08886,793273.0
1755644400000,2025-08-20 01:00:00,0.08886,0.08907,0.08809,0.08828,3165389.4
1755648000000,2025-08-20 02:00:00,0.08828,0.089,0.08815,0.08862,1662289.0
1755651600000,2025-08-20 03:00:00,0.08862,0.08907,0.0875,0.08884,3597798.2
1755655200000,2025-08-20 04:00:00,0.08884,0.08931,0.08869,0.08885,2450953.5
1755658800000,2025-08-20 05:00:00,0.08885,0.0899,0.08868,0.08915,1360523.1
1755662400000,2025-08-20 06:00:00,0.08915,0.0901,0.08914,0.08989,2958037.1
1755666000000,2025-08-20 07:00:00,0.08989,0.09,0.08933,0.08998,1625839.8
1755669600000,2025-08-20 08:00:00,0.08998,0.09005,0.08934,0.08971,1244004.5
1755673200000,2025-08-20 09:00:00,0.08971,0.09013,0.08939,0.08944,1110512.4
1755676800000,2025-08-20 10:00:00,0.08944,0.0906,0.08933,0.09056,2604453.6
1755680400000,2025-08-20 11:00:00,0.09056,0.09066,0.08998,0.09001,1747237.3
1755684000000,2025-08-20 12:00:00,0.09001,0.09037,0.08988,0.09019,809420.7
1755687600000,2025-08-20 13:00:00,0.09019,0.0903,0.08872,0.08994,3986889.7
1755691200000,2025-08-20 14:00:00,0.08994,0.09075,0.08984,0.09015,3307456.0
1755694800000,2025-08-20 15:00:00,0.09015,0.09034,0.08843,0.08889,5049773.5
1755698400000,2025-08-20 16:00:00,0.08889,0.09137,0.08813,0.09078,7483099.8
1755702000000,2025-08-20 17:00:00,0.09078,0.09187,0.09066,0.09112,5305245.2
1755705600000,2025-08-20 18:00:00,0.09112,0.09245,0.09112,0.09135,2714434.3
1755709200000,2025-08-20 19:00:00,0.09135,0.09258,0.09135,0.09223,4103268.3
1755712800000,2025-08-20 20:00:00,0.09223,0.09235,0.0907,0.0916,3008232.3
1755716400000,2025-08-20 21:00:00,0.0916,0.09289,0.09148,0.09286,2372061.1
1755720000000,2025-08-20 22:00:00,0.09286,0.09338,0.0926,0.09313,1627338.1
1755723600000,2025-08-20 23:00:00,0.09313,0.09324,0.09241,0.09283,874532.2
1755727200000,2025-08-21 00:00:00,0.09283,0.09316,0.09265,0.09302,1202872.5
1755730800000,2025-08-21 01:00:00,0.09302,0.09304,0.09229,0.0925,860785.6
1755734400000,2025-08-21 02:00:00,0.0925,0.09271,0.09213,0.0925,1110395.4
1755738000000,2025-08-21 03:00:00,0.0925,0.09299,0.09203,0.09299,808606.6
1755741600000,2025-08-21 04:00:00,0.09299,0.09317,0.09153,0.09179,1982143.9
1755745200000,2025-08-21 05:00:00,0.09179,0.09305,0.09174,0.09209,1503201.7
1755748800000,2025-08-21 06:00:00,0.09209,0.09251,0.09191,0.09215,443234.4
1755752400000,2025-08-21 07:00:00,0.09215,0.09244,0.09171,0.09237,747772.9
1755756000000,2025-08-21 08:00:00,0.09237,0.0924,0.09144,0.09154,1216542.6
1755759600000,2025-08-21 09:00:00,0.09154,0.09157,0.09071,0.09129,1345561.8
1755763200000,2025-08-21 10:00:00,0.09129,0.09153,0.09047,0.09047,1254991.7
1755766800000,2025-08-21 11:00:00,0.09047,0.0906,0.09008,0.09013,1241953.9
1755770400000,2025-08-21 12:00:00,0.09013,0.0903,0.08987,0.09005,1320292.7
1755774000000,2025-08-21 13:00:00,0.09005,0.09059,0.08982,0.09012,1266485.0
1755777600000,2025-08-21 14:00:00,0.09012,0.09046,0.08942,0.08987,2235760.9
1755781200000,2025-08-21 15:00:00,0.08987,0.09107,0.08969,0.09015,2892932.7
1755784800000,2025-08-21 16:00:00,0.09015,0.09132,0.08965,0.09001,1952041.6
1755788400000,2025-08-21 17:00:00,0.09001,0.09013,0.08921,0.08939,1306920.3
1755792000000,2025-08-21 18:00:00,0.08939,0.09007,0.08922,0.08931,1405898.6
1755795600000,2025-08-21 19:00:00,0.08931,0.08989,0.08913,0.0897,670653.8
1755799200000,2025-08-21 20:00:00,0.0897,0.09042,0.08948,0.09032,614437.1
1755802800000,2025-08-21 21:00:00,0.09032,0.09062,0.08946,0.08958,617471.8
1755806400000,2025-08-21 22:00:00,0.08958,0.0906,0.08926,0.09011,1037756.9
1755810000000,2025-08-21 23:00:00,0.09011,0.09074,0.08959,0.0905,1471009.1
1755813600000,2025-08-22 00:00:00,0.0905,0.09066,0.09019,0.09041,369345.2
1755817200000,2025-08-22 01:00:00,0.09041,0.09041,0.08911,0.08948,931671.7
1755820800000,2025-08-22 02:00:00,0.08948,0.08998,0.0892,0.08931,831822.5
1755824400000,2025-08-22 03:00:00,0.08931,0.0898,0.08883,0.08968,1450114.4
1755828000000,2025-08-22 04:00:00,0.08968,0.09089,0.08953,0.09013,1387709.9
1755831600000,2025-08-22 05:00:00,0.09013,0.09035,0.08918,0.08937,938865.4
1755835200000,2025-08-22 06:00:00,0.08937,0.09028,0.08937,0.08968,1224927.6
1755838800000,2025-08-22 07:00:00,0.08968,0.09023,0.08936,0.09001,1293544.1
1755842400000,2025-08-22 08:00:00,0.09001,0.09046,0.0894,0.08963,1564570.8
1755846000000,2025-08-22 09:00:00,0.08963,0.09053,0.08957,0.09037,940359.8
1755849600000,2025-08-22 10:00:00,0.09037,0.09085,0.09011,0.09011,1098928.2
1755853200000,2025-08-22 11:00:00,0.09011,0.09023,0.08964,0.09004,883516.8
1755856800000,2025-08-22 12:00:00,0.09004,0.09004,0.08902,0.08914,1812978.9
1755860400000,2025-08-22 13:00:00,0.08914,0.08914,0.08823,0.08826,3146687.8
1755864000000,2025-08-22 14:00:00,0.08826,0.08835,0.08663,0.08755,7216776.4
1755867600000,2025-08-22 15:00:00,0.08755,0.08928,0.08737,0.08833,5419840.1
1755871200000,2025-08-22 16:00:00,0.08833,0.09373,0.08832,0.09321,32372930.9
1755874800000,2025-08-22 17:00:00,0.09321,0.09518,0.09318,0.09436,8189123.4
1755878400000,2025-08-22 18:00:00,0.09436,0.09687,0.09436,0.09668,12241308.1
1755882000000,2025-08-22 19:00:00,0.09668,0.09821,0.09666,0.09683,12157017.8
1755885600000,2025-08-22 20:00:00,0.09683,0.09746,0.09645,0.09674,2701358.5
1755889200000,2025-08-22 21:00:00,0.09674,0.09762,0.09657,0.09726,2495459.9
1755892800000,2025-08-22 22:00:00,0.09726,0.0977,0.09712,0.09746,2363628.3
1755896400000,2025-08-22 23:00:00,0.09746,0.09805,0.09712,0.09716,1688260.8
1755900000000,2025-08-23 00:00:00,0.09716,0.09749,0.09667,0.09682,2294463.2
1755903600000,2025-08-23 01:00:00,0.09682,0.09736,0.09666,0.09704,1771728.7
1755907200000,2025-08-23 02:00:00,0.09704,0.09741,0.09669,0.09678,1519913.8
1755910800000,2025-08-23 03:00:00,0.09678,0.09705,0.09521,0.09588,2744751.2
1755914400000,2025-08-23 04:00:00,0.09588,0.09616,0.09363,0.09463,3042687.6
1755918000000,2025-08-23 05:00:00,0.09463,0.0948,0.09388,0.09413,1351267.0
1755921600000,2025-08-23 06:00:00,0.09413,0.09546,0.09407,0.09546,2489103.1
1755925200000,2025-08-23 07:00:00,0.09546,0.09657,0.0953,0.09651,2030241.3
1755928800000,2025-08-23 08:00:00,0.09651,0.09684,0.09585,0.09618,3933764.1
1755932400000,2025-08-23 09:00:00,0.09618,0.09631,0.0948,0.09509,2008821.0
1755936000000,2025-08-23 10:00:00,0.09509,0.09551,0.09466,0.09524,1686228.9
1755939600000,2025-08-23 11:00:00,0.09524,0.09541,0.09488,0.09523,1004128.6
1755943200000,2025-08-23 12:00:00,0.09523,0.09534,0.0944,0.09446,822203.9
1755946800000,2025-08-23 13:00:00,0.09446,0.09507,0.09434,0.09456,1404709.7
1755950400000,2025-08-23 14:00:00,0.09456,0.09514,0.09414,0.09444,1213661.6
1755954000000,2025-08-23 15:00:00,0.09444,0.09472,0.09413,0.09431,913389.4
1755957600000,2025-08-23 16:00:00,0.09431,0.09512,0.09411,0.09441,1583105.8
1755961200000,2025-08-23 17:00:00,0.09441,0.09489,0.09427,0.09471,799754.6
1755964800000,2025-08-23 18:00:00,0.09471,0.09484,0.09416,0.09448,906573.6
1755968400000,2025-08-23 19:00:00,0.09448,0.09482,0.0943,0.09451,689998.4
1755972000000,2025-08-23 20:00:00,0.09451,0.0948,0.0945,0.09469,359398.8
1755975600000,2025-08-23 21:00:00,0.09469,0.09606,0.09469,0.09599,1851496.5
1755979200000,2025-08-23 22:00:00,0.09599,0.09603,0.09509,0.09557,1165865.9
1755982800000,2025-08-23 23:00:00,0.09557,0.09559,0.09489,0.09508,871275.1
1755986400000,2025-08-24 00:00:00,0.09508,0.09569,0.09505,0.09563,947745.8
1755990000000,2025-08-24 01:00:00,0.09563,0.09585,0.09526,0.09548,973028.2
1755993600000,2025-08-24 02:00:00,0.09548,0.09575,0.09532,0.0954,671655.5
1755997200000,2025-08-24 03:00:00,0.0954,0.09541,0.09459,0.09472,1196611.4
1756000800000,2025-08-24 04:00:00,0.09472,0.09491,0.09419,0.09427,1239039.4
1756004400000,2025-08-24 05:00:00,0.09427,0.09439,0.0938,0.09427,1037829.8
1756008000000,2025-08-24 06:00:00,0.09427,0.09449,0.09399,0.09431,790540.5
1756011600000,2025-08-24 07:00:00,0.09431,0.09431,0.09364,0.09372,1223272.2
1756015200000,2025-08-24 08:00:00,0.09372,0.09373,0.09263,0.09264,2798181.4
1756018800000,2025-08-24 09:00:00,0.09264,0.09309,0.0922,0.09222,2146487.6
1756022400000,2025-08-24 10:00:00,0.09222,0.09262,0.09187,0.09223,1474522.9
1756026000000,2025-08-24 11:00:00,0.09223,0.09247,0.09192,0.09203,1787244.6
1756029600000,2025-08-24 12:00:00,0.09203,0.09213,0.09123,0.09136,2789618.4
1756033200000,2025-08-24 13:00:00,0.09136,0.09166,0.09088,0.09148,2336754.7
1756036800000,2025-08-24 14:00:00,0.09148,0.09187,0.09135,0.09177,2332987.8
1756040400000,2025-08-24 15:00:00,0.09177,0.09227,0.09165,0.09193,1033205.5
1756044000000,2025-08-24 16:00:00,0.09193,0.09255,0.09155,0.09246,1348322.9
1756047600000,2025-08-24 17:00:00,0.09246,0.09351,0.09223,0.09271,2383114.9
1756051200000,2025-08-24 18:00:00,0.09271,0.09299,0.09219,0.09258,2045877.9
1756054800000,2025-08-24 19:00:00,0.09258,0.09466,0.09254,0.09438,4074814.1
1756058400000,2025-08-24 20:00:00,0.09438,0.09699,0.09411,0.09676,6928754.7
1756062000000,2025-08-24 21:00:00,0.09676,0.0977,0.09276,0.09453,28538447.7
1756065600000,2025-08-24 22:00:00,0.09453,0.09508,0.09237,0.0942,9958153.1
1756069200000,2025-08-24 23:00:00,0.0942,0.09509,0.09353,0.09423,3180735.5
1756072800000,2025-08-25 00:00:00,0.09423,0.09429,0.09263,0.09404,1570902.2
1756076400000,2025-08-25 01:00:00,0.09404,0.09449,0.09352,0.09408,6812009.7
1756080000000,2025-08-25 02:00:00,0.09408,0.09466,0.09207,0.09275,6311298.5
1756083600000,2025-08-25 03:00:00,0.09275,0.09412,0.09262,0.0938,1516181.6
1756087200000,2025-08-25 04:00:00,0.0938,0.09528,0.09379,0.09506,1754892.1
1756090800000,2025-08-25 05:00:00,0.09506,0.09554,0.09462,0.09483,2898920.5
1756094400000,2025-08-25 06:00:00,0.09483,0.09502,0.09365,0.09365,2091780.7
1756098000000,2025-08-25 07:00:00,0.09365,0.0938,0.09247,0.09249,1560888.5
1756101600000,2025-08-25 08:00:00,0.09249,0.09254,0.09097,0.09099,4958338.6
1756105200000,2025-08-25 09:00:00,0.09099,0.09147,0.08978,0.09008,6306835.5
1756108800000,2025-08-25 10:00:00,0.09008,0.09083,0.08936,0.09033,6741851.6
1756112400000,2025-08-25 11:00:00,0.09033,0.09045,0.08982,0.09028,1991266.0
1756116000000,2025-08-25 12:00:00,0.09028,0.09028,0.08903,0.08938,2965569.4
1756119600000,2025-08-25 13:00:00,0.08938,0.09023,0.08927,0.09023,2797003.7
1756123200000,2025-08-25 14:00:00,0.09023,0.0904,0.0898,0.0904,2615023.6
1756126800000,2025-08-25 15:00:00,0.0904,0.09061,0.08948,0.09015,3695767.5
1756130400000,2025-08-25 16:00:00,0.09015,0.09115,0.09002,0.09075,3669186.0
1756134000000,2025-08-25 17:00:00,0.09075,0.09089,0.08967,0.0899,1308993.2
1756137600000,2025-08-25 18:00:00,0.0899,0.09057,0.08939,0.08948,2109525.7
1756141200000,2025-08-25 19:00:00,0.08948,0.0895,0.08873,0.08909,2095347.6
1756144800000,2025-08-25 20:00:00,0.08909,0.08932,0.08861,0.08912,1581706.0
1756148400000,2025-08-25 21:00:00,0.08912,0.08915,0.08711,0.08724,7343521.7
1756152000000,2025-08-25 22:00:00,0.08724,0.08736,0.08479,0.08505,20295066.5
1756155600000,2025-08-25 23:00:00,0.08505,0.08564,0.08466,0.085,9221787.6
1756159200000,2025-08-26 00:00:00,0.085,0.08646,0.08497,0.08606,4672259.7
1756162800000,2025-08-26 01:00:00,0.08606,0.08646,0.08563,0.08629,1036749.1
1756166400000,2025-08-26 02:00:00,0.08629,0.08672,0.08557,0.08605,4575360.6
1756170000000,2025-08-26 03:00:00,0.08605,0.08736,0.08571,0.08726,2918839.3
1756173600000,2025-08-26 04:00:00,0.08726,0.08786,0.08713,0.08734,2426166.6
1756177200000,2025-08-26 05:00:00,0.08734,0.08779,0.0871,0.08745,1141071.9
1756180800000,2025-08-26 06:00:00,0.08745,0.08815,0.08744,0.08795,1049043.7
1756184400000,2025-08-26 07:00:00,0.08795,0.08813,0.08754,0.08772,1001643.0
1756188000000,2025-08-26 08:00:00,0.08772,0.08826,0.0874,0.08759,1574144.1
1756191600000,2025-08-26 09:00:00,0.08759,0.08883,0.08741,0.08803,1849014.7
1756195200000,2025-08-26 10:00:00,0.08803,0.08817,0.08745,0.08775,1019487.5
1756198800000,2025-08-26 11:00:00,0.08775,0.08812,0.08751,0.08781,848334.6
1756202400000,2025-08-26 12:00:00,0.08781,0.08859,0.08777,0.08818,1004518.9
1756206000000,2025-08-26 13:00:00,0.08818,0.08829,0.0875,0.08764,1308152.8
1756209600000,2025-08-26 14:00:00,0.08764,0.08947,0.08704,0.08888,7892430.7
1756213200000,2025-08-26 15:00:00,0.08888,0.08905,0.08737,0.0884,5305188.0
1756216800000,2025-08-26 16:00:00,0.0884,0.08969,0.08777,0.08941,3296796.6
1756220400000,2025-08-26 17:00:00,0.08941,0.08974,0.08862,0.08897,1323306.2
1756224000000,2025-08-26 18:00:00,0.08897,0.0897,0.08864,0.0897,734319.4
1756227600000,2025-08-26 19:00:00,0.0897,0.08976,0.08852,0.08882,1936182.9
1756231200000,2025-08-26 20:00:00,0.08882,0.08942,0.08882,0.08924,1501492.7
1756234800000,2025-08-26 21:00:00,0.08924,0.09039,0.08877,0.09024,2147313.2
1756238400000,2025-08-26 22:00:00,0.09024,0.0906,0.08994,0.09022,1350372.6
1756242000000,2025-08-26 23:00:00,0.09022,0.09023,0.08967,0.09022,927678.0
1756245600000,2025-08-27 00:00:00,0.09022,0.0904,0.08978,0.09005,1097690.9
1756249200000,2025-08-27 01:00:00,0.09005,0.0905,0.08973,0.08992,723044.3
1756252800000,2025-08-27 02:00:00,0.08992,0.09011,0.08933,0.08941,805568.7
1756256400000,2025-08-27 03:00:00,0.08941,0.08959,0.08909,0.08958,678844.3
1756260000000,2025-08-27 04:00:00,0.08958,0.08979,0.08891,0.08948,699649.1
1756263600000,2025-08-27 05:00:00,0.08948,0.09053,0.089,0.09008,914948.0
1756267200000,2025-08-27 06:00:00,0.09008,0.09093,0.09001,0.09081,1446275.7
1756270800000,2025-08-27 07:00:00,0.09081,0.09091,0.08998,0.09006,984780.3
1756274400000,2025-08-27 08:00:00,0.09006,0.09029,0.08979,0.0899,1250030.5
1756278000000,2025-08-27 09:00:00,0.0899,0.08997,0.0892,0.0895,1579085.0
1756281600000,2025-08-27 10:00:00,0.0895,0.08989,0.08915,0.08989,1374882.7
1756285200000,2025-08-27 11:00:00,0.08989,0.09031,0.08976,0.0898,1745114.7
1756288800000,2025-08-27 12:00:00,0.0898,0.0902,0.08966,0.08985,590663.0
1756292400000,2025-08-27 13:00:00,0.08985,0.09011,0.08978,0.09006,331470.5
1756296000000,2025-08-27 14:00:00,0.09006,0.09022,0.08943,0.08999,762512.3
1756299600000,2025-08-27 15:00:00,0.08999,0.09054,0.08916,0.08971,3031075.0
1756303200000,2025-08-27 16:00:00,0.08971,0.09111,0.08948,0.09047,1656467.6
1756306800000,2025-08-27 17:00:00,0.09047,0.09119,0.09034,0.09106,2209964.2
1756310400000,2025-08-27 18:00:00,0.09106,0.0913,0.09033,0.09073,3213224.0
1756314000000,2025-08-27 19:00:00,0.09073,0.09147,0.09036,0.09143,1169005.5
1756317600000,2025-08-27 20:00:00,0.09143,0.0919,0.09083,0.09083,2089747.4
1756321200000,2025-08-27 21:00:00,0.09083,0.09104,0.08996,0.09047,2323877.9
1756324800000,2025-08-27 22:00:00,0.09047,0.09144,0.08948,0.0914,16091350.8
1756328400000,2025-08-27 23:00:00,0.0914,0.09197,0.09051,0.0907,2843119.0
1756332000000,2025-08-28 00:00:00,0.0907,0.09103,0.08986,0.0907,1755703.7
1756335600000,2025-08-28 01:00:00,0.0907,0.09095,0.09022,0.09044,1087997.6
1756339200000,2025-08-28 02:00:00,0.09044,0.09094,0.08979,0.09034,4104710.7
1756342800000,2025-08-28 03:00:00,0.09034,0.09134,0.09033,0.09106,2205675.1
1756346400000,2025-08-28 04:00:00,0.09106,0.09139,0.09061,0.09078,1400118.8
1756350000000,2025-08-28 05:00:00,0.09078,0.09145,0.09074,0.09139,566717.4
1756353600000,2025-08-28 06:00:00,0.09139,0.0922,0.09121,0.09217,1903403.8
1756357200000,2025-08-28 07:00:00,0.09217,0.09242,0.09169,0.09186,1243232.5
1756360800000,2025-08-28 08:00:00,0.09186,0.09201,0.09144,0.09168,835157.4
1756364400000,2025-08-28 09:00:00,0.09168,0.09184,0.09126,0.09174,681401.6
1756368000000,2025-08-28 10:00:00,0.09174,0.09251,0.09161,0.09168,1365576.4
1756371600000,2025-08-28 11:00:00,0.09168,0.0917,0.0909,0.091,926923.7
1756375200000,2025-08-28 12:00:00,0.091,0.09151,0.09077,0.0915,773767.0
1756378800000,2025-08-28 13:00:00,0.0915,0.09154,0.09108,0.09151,692413.5
1756382400000,2025-08-28 14:00:00,0.09151,0.09191,0.09124,0.09168,835962.0
1756386000000,2025-08-28 15:00:00,0.09168,0.09272,0.09152,0.09258,2904564.9
1756389600000,2025-08-28 16:00:00,0.09258,0.09389,0.09237,0.09355,4987439.9
1756393200000,2025-08-28 17:00:00,0.09355,0.09401,0.09238,0.0925,3661063.4
1756396800000,2025-08-28 18:00:00,0.0925,0.09313,0.09096,0.09096,3386529.6
1756400400000,2025-08-28 19:00:00,0.09096,0.09175,0.09083,0.09159,2065661.6
1756404000000,2025-08-28 20:00:00,0.09159,0.0921,0.09131,0.09188,952963.5
1756407600000,2025-08-28 21:00:00,0.09188,0.09228,0.09063,0.09063,1179099.2
1756411200000,2025-08-28 22:00:00,0.09063,0.09156,0.09053,0.09135,2382469.5
1756414800000,2025-08-28 23:00:00,0.09135,0.09217,0.09126,0.09214,603590.7
1756418400000,2025-08-29 00:00:00,0.09214,0.09328,0.09213,0.09317,3274371.0
1756422000000,2025-08-29 01:00:00,0.09317,0.09356,0.09276,0.09346,1227567.2
1756425600000,2025-08-29 02:00:00,0.09346,0.09391,0.09284,0.0931,2933850.5
1756429200000,2025-08-29 03:00:00,0.0931,0.09325,0.09206,0.09211,1705544.3
1756432800000,2025-08-29 04:00:00,0.09211,0.09291,0.09201,0.09259,961983.9
1756436400000,2025-08-29 05:00:00,0.09259,0.09283,0.09167,0.09201,3914661.4
1756440000000,2025-08-29 06:00:00,0.09201,0.09246,0.09175,0.09191,1211520.8
1756443600000,2025-08-29 07:00:00,0.09191,0.09206,0.09148,0.09164,912724.6
1756447200000,2025-08-29 08:00:00,0.09164,0.09179,0.09053,0.09078,4080027.9
1756450800000,2025-08-29 09:00:00,0.09078,0.09078,0.08906,0.0892,6420936.1
1756454400000,2025-08-29 10:00:00,0.0892,0.08932,0.08772,0.08791,5027264.5
1756458000000,2025-08-29 11:00:00,0.08791,0.08849,0.0869,0.08832,4672161.6
1756461600000,2025-08-29 12:00:00,0.08832,0.08868,0.08815,0.08848,1697048.4
1756465200000,2025-08-29 13:00:00,0.08848,0.08886,0.08813,0.08821,1203090.8
1756468800000,2025-08-29 14:00:00,0.08821,0.0909,0.08816,0.08923,8205256.8
1756472400000,2025-08-29 15:00:00,0.08923,0.08935,0.08755,0.08818,5907643.6
1756476000000,2025-08-29 16:00:00,0.08818,0.08875,0.08688,0.08777,12620207.8
1756479600000,2025-08-29 17:00:00,0.08777,0.08855,0.08746,0.08769,3013449.8
1756483200000,2025-08-29 18:00:00,0.08769,0.08809,0.08697,0.08771,2627210.2
1756486800000,2025-08-29 19:00:00,0.08771,0.08775,0.08675,0.08693,1732507.9
1756490400000,2025-08-29 20:00:00,0.08693,0.08712,0.08614,0.08629,2204264.9
1756494000000,2025-08-29 21:00:00,0.08629,0.08758,0.08612,0.08721,2137724.9
1756497600000,2025-08-29 22:00:00,0.08721,0.08732,0.08638,0.0865,2950897.5
1756501200000,2025-08-29 23:00:00,0.0865,0.08772,0.08614,0.08763,1463757.7
1756504800000,2025-08-30 00:00:00,0.08763,0.08804,0.0874,0.08797,832602.0
1756508400000,2025-08-30 01:00:00,0.08797,0.08813,0.08765,0.08773,825307.4
1756512000000,2025-08-30 02:00:00,0.08773,0.08775,0.08727,0.08754,1430075.7
1756515600000,2025-08-30 03:00:00,0.08754,0.08782,0.08644,0.08655,2053020.6
1756519200000,2025-08-30 04:00:00,0.08655,0.08797,0.08643,0.08792,1330254.7
1756522800000,2025-08-30 05:00:00,0.08792,0.08932,0.08792,0.08901,1723867.4
1756526400000,2025-08-30 06:00:00,0.08901,0.08907,0.08862,0.08863,376310.3
1756530000000,2025-08-30 07:00:00,0.08863,0.08926,0.08858,0.08882,1035317.0
1756533600000,2025-08-30 08:00:00,0.08882,0.08923,0.08874,0.089,987294.8
1756537200000,2025-08-30 09:00:00,0.089,0.08945,0.08889,0.08945,627493.8
1756540800000,2025-08-30 10:00:00,0.08945,0.08947,0.0889,0.08894,539137.1
1756544400000,2025-08-30 11:00:00,0.08894,0.08898,0.08864,0.0887,399929.1
1756548000000,2025-08-30 12:00:00,0.0887,0.08901,0.08841,0.08871,592046.1
1756551600000,2025-08-30 13:00:00,0.08871,0.08891,0.08848,0.08878,771285.5
1756555200000,2025-08-30 14:00:00,0.08878,0.08881,0.08788,0.08814,847624.9
1756558800000,2025-08-30 15:00:00,0.08814,0.08821,0.08737,0.08809,1998825.7
1756562400000,2025-08-30 16:00:00,0.08809,0.08828,0.08762,0.08819,862533.7
1756566000000,2025-08-30 17:00:00,0.08819,0.08913,0.08806,0.089,1601639.7
1756569600000,2025-08-30 18:00:00,0.089,0.0891,0.0886,0.08865,1391242.4
1756573200000,2025-08-30 19:00:00,0.08865,0.08895,0.08841,0.08883,697196.2
1756576800000,2025-08-30 20:00:00,0.08883,0.08898,0.08843,0.08867,1231582.1
1756580400000,2025-08-30 21:00:00,0.08867,0.08887,0.08833,0.08887,748201.1
1756584000000,2025-08-30 22:00:00,0.08887,0.089,0.08856,0.0889,444552.7
1756587600000,2025-08-30 23:00:00,0.0889,0.08898,0.08862,0.08886,793976.8
1756591200000,2025-08-31 00:00:00,0.08886,0.08912,0.08854,0.08907,467096.5
1756594800000,2025-08-31 01:00:00,0.08907,0.08941,0.08907,0.08939,706272.6
1756598400000,2025-08-31 02:00:00,0.08939,0.09032,0.08939,0.0902,3864588.9
1756602000000,2025-08-31 03:00:00,0.0902,0.09138,0.0902,0.09096,3438025.6
1756605600000,2025-08-31 04:00:00,0.09096,0.09166,0.09093,0.0914,1476163.2
1756609200000,2025-08-31 05:00:00,0.0914,0.09183,0.09128,0.09153,1504302.9
1756612800000,2025-08-31 06:00:00,0.09153,0.09166,0.09061,0.0908,1359802.7
1756616400000,2025-08-31 07:00:00,0.0908,0.09097,0.09038,0.09053,711447.9
1756620000000,2025-08-31 08:00:00,0.09053,0.09069,0.09031,0.09045,1416544.7
1756623600000,2025-08-31 09:00:00,0.09045,0.09087,0.09042,0.09054,585553.0
1756627200000,2025-08-31 10:00:00,0.09054,0.09158,0.09054,0.09156,1382418.7
1756630800000,2025-08-31 11:00:00,0.09156,0.09156,0.09039,0.09042,1274426.7
1756634400000,2025-08-31 12:00:00,0.09042,0.09046,0.08957,0.08995,1259810.1
1756638000000,2025-08-31 13:00:00,0.08995,0.09042,0.08975,0.09033,911679.5
1756641600000,2025-08-31 14:00:00,0.09033,0.09065,0.08993,0.09058,1005369.2
1756645200000,2025-08-31 15:00:00,0.09058,0.0907,0.08984,0.08998,692384.3
1756648800000,2025-08-31 16:00:00,0.08998,0.0901,0.08936,0.08954,1362915.4
1756652400000,2025-08-31 17:00:00,0.08954,0.09037,0.08948,0.09033,706280.6
1756656000000,2025-08-31 18:00:00,0.09033,0.09033,0.0898,0.09001,421582.5
1756659600000,2025-08-31 19:00:00,0.09001,0.09002,0.08967,0.08986,473204.7
1756663200000,2025-08-31 20:00:00,0.08986,0.09091,0.08984,0.09084,4347005.3
1756666800000,2025-08-31 21:00:00,0.09084,0.09085,0.09008,0.09015,1085159.5
1756670400000,2025-08-31 22:00:00,0.09015,0.09052,0.08999,0.09025,1771455.2
1756674000000,2025-08-31 23:00:00,0.09025,0.0906,0.09008,0.09038,636842.3
1756677600000,2025-09-01 00:00:00,0.09038,0.09054,0.08954,0.08973,1256027.3
1756681200000,2025-09-01 01:00:00,0.08973,0.08973,0.08839,0.08842,1538721.5
1756684800000,2025-09-01 02:00:00,0.08842,0.0885,0.08735,0.08813,3812900.8
1756688400000,2025-09-01 03:00:00,0.08813,0.08893,0.08781,0.08855,1237323.7
1756692000000,2025-09-01 04:00:00,0.08855,0.08861,0.08699,0.08731,3320485.6
1756695600000,2025-09-01 05:00:00,0.08731,0.08768,0.08706,0.08758,1406014.6
1756699200000,2025-09-01 06:00:00,0.08758,0.08758,0.08655,0.08684,1589547.8
1756702800000,2025-09-01 07:00:00,0.08684,0.08774,0.08669,0.0875,2295955.7
1756706400000,2025-09-01 08:00:00,0.0875,0.08777,0.0868,0.08738,2119956.9
1756710000000,2025-09-01 09:00:00,0.08738,0.09,0.08708,0.08994,4300590.7
1756713600000,2025-09-01 10:00:00,0.08994,0.09117,0.08994,0.09117,4184241.3
1756717200000,2025-09-01 11:00:00,0.09117,0.09148,0.09032,0.09038,3255909.9
1756720800000,2025-09-01 12:00:00,0.09038,0.09043,0.08882,0.08921,2377759.9
1756724400000,2025-09-01 13:00:00,0.08921,0.08934,0.08836,0.08844,1758551.8
1756728000000,2025-09-01 14:00:00,0.08844,0.08895,0.08812,0.08836,1534448.0
1756731600000,2025-09-01 15:00:00,0.08836,0.08857,0.08753,0.08769,4313653.1
1756735200000,2025-09-01 16:00:00,0.08769,0.08808,0.08718,0.08763,1319256.1
1756738800000,2025-09-01 17:00:00,0.08763,0.08786,0.087,0.0872,1130500.3
1756742400000,2025-09-01 18:00:00,0.0872,0.08733,0.08671,0.0869,1921723.9
1756746000000,2025-09-01 19:00:00,0.0869,0.08724,0.08652,0.08682,1649283.8
1756749600000,2025-09-01 20:00:00,0.08682,0.08762,0.08682,0.08726,1715999.4
1756753200000,2025-09-01 21:00:00,0.08726,0.08794,0.08715,0.0879,1183660.4
1756756800000,2025-09-01 22:00:00,0.0879,0.08808,0.08562,0.0867,13201375.9
1756760400000,2025-09-01 23:00:00,0.0867,0.08675,0.08512,0.08587,4295534.0
1756764000000,2025-09-02 00:00:00,0.08587,0.0863,0.08538,0.08603,10420093.5
1756767600000,2025-09-02 01:00:00,0.08603,0.08717,0.08601,0.08712,4357629.4
1756771200000,2025-09-02 02:00:00,0.08712,0.08722,0.0865,0.08675,1863622.8
1756774800000,2025-09-02 03:00:00,0.08675,0.08784,0.08654,0.08727,1881461.9
1756778400000,2025-09-02 04:00:00,0.08727,0.08825,0.08705,0.08819,1283162.3
1756782000000,2025-09-02 05:00:00,0.08819,0.08882,0.08808,0.08842,1612239.9
1756785600000,2025-09-02 06:00:00,0.08842,0.08894,0.08822,0.08887,1382554.1
1756789200000,2025-09-02 07:00:00,0.08887,0.08896,0.08842,0.08858,1424917.7
1756792800000,2025-09-02 08:00:00,0.08858,0.08895,0.08847,0.08888,660760.4
1756796400000,2025-09-02 09:00:00,0.08888,0.08889,0.08783,0.08803,1674899.9
1756800000000,2025-09-02 10:00:00,0.08803,0.08853,0.08792,0.08819,2025837.8
1756803600000,2025-09-02 11:00:00,0.08819,0.08875,0.08809,0.08857,792791.8
1756807200000,2025-09-02 12:00:00,0.08857,0.08868,0.08815,0.08855,1010043.7
1756810800000,2025-09-02 13:00:00,0.08855,0.08855,0.08772,0.0878,3230428.1
1756814400000,2025-09-02 14:00:00,0.0878,0.08792,0.08614,0.08625,5537104.5
1756818000000,2025-09-02 15:00:00,0.08625,0.08883,0.08619,0.08858,4918369.1
1756821600000,2025-09-02 16:00:00,0.08858,0.08912,0.08798,0.08849,4688294.9
1756825200000,2025-09-02 17:00:00,0.08849,0.08857,0.08638,0.08664,2555336.5
1756828800000,2025-09-02 18:00:00,0.08664,0.08751,0.08664,0.08731,1707000.3
1756832400000,2025-09-02 19:00:00,0.08731,0.08833,0.08731,0.0879,1211877.6
1756836000000,2025-09-02 20:00:00,0.0879,0.08822,0.08685,0.08754,2331439.7
1756839600000,2025-09-02 21:00:00,0.08754,0.08803,0.08694,0.08726,1569753.9
1756843200000,2025-09-02 22:00:00,0.08726,0.08898,0.08715,0.08876,3371701.8
1756846800000,2025-09-02 23:00:00,0.08876,0.08911,0.08861,0.08895,1086540.6
1756850400000,2025-09-03 00:00:00,0.08895,0.08914,0.08852,0.08913,1542323.5
1756854000000,2025-09-03 01:00:00,0.08913,0.08918,0.08876,0.08908,930064.5
1756857600000,2025-09-03 02:00:00,0.08908,0.08948,0.08891,0.08897,1570285.4
1756861200000,2025-09-03 03:00:00,0.08897,0.08954,0.08858,0.08954,619681.9
1756864800000,2025-09-03 04:00:00,0.08954,0.09006,0.08935,0.08972,907815.5
1756868400000,2025-09-03 05:00:00,0.08972,0.08994,0.08902,0.08947,988665.3
1756872000000,2025-09-03 06:00:00,0.08947,0.08961,0.08908,0.08941,464015.8
1756875600000,2025-09-03 07:00:00,0.08941,0.08947,0.08891,0.089,448939.7
1756879200000,2025-09-03 08:00:00,0.089,0.0894,0.08856,0.08902,803419.1
1756882800000,2025-09-03 09:00:00,0.08902,0.08927,0.08859,0.08927,636779.9
1756886400000,2025-09-03 10:00:00,0.08927,0.08999,0.08916,0.08938,1426768.2
1756890000000,2025-09-03 11:00:00,0.08938,0.08977,0.0889,0.08977,1522266.3
1756893600000,2025-09-03 12:00:00,0.08977,0.09014,0.08958,0.08988,1115860.7
1756897200000,2025-09-03 13:00:00,0.08988,0.09024,0.08981,0.08981,979538.2
1756900800000,2025-09-03 14:00:00,0.08981,0.09023,0.0894,0.08951,1016867.3
1756904400000,2025-09-03 15:00:00,0.08951,0.09035,0.08922,0.08984,2851648.3
1756908000000,2025-09-03 16:00:00,0.08984,0.09089,0.08963,0.09071,1882235.0
1756911600000,2025-09-03 17:00:00,0.09071,0.09098,0.09018,0.09063,1692419.8
1756915200000,2025-09-03 18:00:00,0.09063,0.09091,0.08987,0.08992,1122051.7
1756918800000,2025-09-03 19:00:00,0.08992,0.09055,0.0899,0.09009,835591.1
1756922400000,2025-09-03 20:00:00,0.09009,0.09018,0.08954,0.08974,869764.6
1756926000000,2025-09-03 21:00:00,0.08974,0.09019,0.08947,0.09016,944352.8
1756929600000,2025-09-03 22:00:00,0.09016,0.09027,0.08979,0.08987,552021.0
1756933200000,2025-09-03 23:00:00,0.08987,0.09017,0.08955,0.08991,782214.8
1756936800000,2025-09-04 00:00:00,0.08991,0.09017,0.08949,0.08975,909554.2
1756940400000,2025-09-04 01:00:00,0.08975,0.08978,0.08921,0.0894,765746.4
1756944000000,2025-09-04 02:00:00,0.0894,0.08993,0.0894,0.08969,612646.1
1756947600000,2025-09-04 03:00:00,0.08969,0.08971,0.08915,0.08964,602026.9
1756951200000,2025-09-04 04:00:00,0.08964,0.08966,0.08858,0.0886,1167319.4
1756954800000,2025-09-04 05:00:00,0.0886,0.08863,0.08798,0.08802,2067609.6
1756958400000,2025-09-04 06:00:00,0.08802,0.08823,0.0878,0.08783,1678479.7
1756962000000,2025-09-04 07:00:00,0.08783,0.08784,0.08674,0.08699,2855306.4
1756965600000,2025-09-04 08:00:00,0.08699,0.08702,0.0865,0.08674,2393392.7
1756969200000,2025-09-04 09:00:00,0.08674,0.08717,0.08672,0.08699,877034.7
1756972800000,2025-09-04 10:00:00,0.08699,0.08756,0.08693,0.08697,2244479.6
1756976400000,2025-09-04 11:00:00,0.08697,0.08735,0.08697,0.08722,439504.1
1756980000000,2025-09-04 12:00:00,0.08722,0.08775,0.08716,0.08738,690477.8
1756983600000,2025-09-04 13:00:00,0.08738,0.08786,0.08724,0.08734,622688.5
1756987200000,2025-09-04 14:00:00,0.08734,0.08783,0.08701,0.08772,1643257.0
1756990800000,2025-09-04 15:00:00,0.08772,0.08782,0.08692,0.08719,1440304.9
1756994400000,2025-09-04 16:00:00,0.08719,0.08727,0.08625,0.08678,3419077.5
1756998000000,2025-09-04 17:00:00,0.08678,0.08683,0.08612,0.08672,1714662.0
1757001600000,2025-09-04 18:00:00,0.08672,0.08674,0.08623,0.08656,1010647.7
1757005200000,2025-09-04 19:00:00,0.08656,0.08707,0.08647,0.08648,669369.5
1757008800000,2025-09-04 20:00:00,0.08648,0.08676,0.08587,0.08628,1008251.3
1757012400000,2025-09-04 21:00:00,0.08628,0.0866,0.08595,0.08609,636237.2
1757016000000,2025-09-04 22:00:00,0.08609,0.08681,0.086,0.08653,981698.1
1757019600000,2025-09-04 23:00:00,0.08653,0.08697,0.08646,0.08691,568584.6
1757023200000,2025-09-05 00:00:00,0.08691,0.08756,0.08669,0.08742,774536.4
1757026800000,2025-09-05 01:00:00,0.08742,0.08761,0.08658,0.08661,762497.6
1757030400000,2025-09-05 02:00:00,0.08661,0.08726,0.08653,0.08686,596500.5
1757034000000,2025-09-05 03:00:00,0.08686,0.08743,0.08678,0.08735,429127.5
1757037600000,2025-09-05 04:00:00,0.08735,0.08777,0.08716,0.08776,1598896.2
1757041200000,2025-09-05 05:00:00,0.08776,0.08783,0.08731,0.08782,833908.8
1757044800000,2025-09-05 06:00:00,0.08782,0.08799,0.08758,0.08796,419638.9
1757048400000,2025-09-05 07:00:00,0.08796,0.08807,0.08787,0.08801,452908.8
1757052000000,2025-09-05 08:00:00,0.08801,0.08819,0.08779,0.0881,643224.3
1757055600000,2025-09-05 09:00:00,0.0881,0.08997,0.0881,0.08997,2726332.1
1757059200000,2025-09-05 10:00:00,0.08997,0.09026,0.08926,0.08932,2924462.4
1757062800000,2025-09-05 11:00:00,0.08932,0.08936,0.08874,0.08929,1128543.3
1757066400000,2025-09-05 12:00:00,0.08929,0.08962,0.08927,0.08934,3221455.2
1757070000000,2025-09-05 13:00:00,0.08934,0.08938,0.08896,0.08923,3721611.6
1757073600000,2025-09-05 14:00:00,0.08923,0.09062,0.0891,0.09057,14664556.5
1757077200000,2025-09-05 15:00:00,0.09057,0.09082,0.08996,0.09012,3259046.2
1757080800000,2025-09-05 16:00:00,0.09012,0.09018,0.08718,0.08762,11677752.3
1757084400000,2025-09-05 17:00:00,0.08762,0.08848,0.08731,0.08805,1582558.4
1757088000000,2025-09-05 18:00:00,0.08805,0.08838,0.08784,0.08828,1326140.7
1757091600000,2025-09-05 19:00:00,0.08828,0.08834,0.08768,0.08774,1874562.2
1757095200000,2025-09-05 20:00:00,0.08774,0.08852,0.08752,0.08815,3690188.2
1757098800000,2025-09-05 21:00:00,0.08815,0.08846,0.08801,0.08846,1267840.0
1757102400000,2025-09-05 22:00:00,0.08846,0.08907,0.0884,0.08907,1235362.7
1757106000000,2025-09-05 23:00:00,0.08907,0.08916,0.08819,0.08846,2047146.2
1757109600000,2025-09-06 00:00:00,0.08846,0.08882,0.08821,0.08879,469962.5
1757113200000,2025-09-06 01:00:00,0.08879,0.08889,0.08858,0.08861,404860.6
1757116800000,2025-09-06 02:00:00,0.08861,0.08904,0.08858,0.08887,241870.0
1757120400000,2025-09-06 03:00:00,0.08887,0.0889,0.08854,0.08874,143233.9
1757124000000,2025-09-06 04:00:00,0.08874,0.08887,0.08847,0.08884,473921.0
1757127600000,2025-09-06 05:00:00,0.08884,0.0889,0.08855,0.08859,255702.4
1757131200000,2025-09-06 06:00:00,0.08859,0.08861,0.08782,0.08812,1050525.9
1757134800000,2025-09-06 07:00:00,0.08812,0.08812,0.08768,0.08773,670579.0
1757138400000,2025-09-06 08:00:00,0.08773,0.08807,0.08763,0.08778,953553.5
1757142000000,2025-09-06 09:00:00,0.08778,0.08783,0.08762,0.08779,277559.5
1757145600000,2025-09-06 10:00:00,0.08779,0.08789,0.08752,0.08756,616028.1
1757149200000,2025-09-06 11:00:00,0.08756,0.08757,0.08726,0.08739,795993.5
1757152800000,2025-09-06 12:00:00,0.08739,0.08785,0.08726,0.08784,258205.5
1757156400000,2025-09-06 13:00:00,0.08784,0.08785,0.08745,0.08771,637496.1
1757160000000,2025-09-06 14:00:00,0.08771,0.08792,0.08742,0.08742,546186.6
1757163600000,2025-09-06 15:00:00,0.08742,0.08758,0.08724,0.08756,387280.3
1757167200000,2025-09-06 16:00:00,0.08756,0.08817,0.08755,0.08802,1111495.3
1757170800000,2025-09-06 17:00:00,0.08802,0.08802,0.08725,0.08733,780920.4
1757174400000,2025-09-06 18:00:00,0.08733,0.08804,0.08703,0.08779,1622326.4
1757178000000,2025-09-06 19:00:00,0.08779,0.08781,0.08712,0.08736,504112.1
1757181600000,2025-09-06 20:00:00,0.08736,0.08761,0.08718,0.08751,414026.1
1757185200000,2025-09-06 21:00:00,0.08751,0.08752,0.08686,0.08699,792118.3
1757188800000,2025-09-06 22:00:00,0.08699,0.08748,0.08686,0.0874,348489.4
1757192400000,2025-09-06 23:00:00,0.0874,0.08743,0.08705,0.08723,657752.7
1757196000000,2025-09-07 00:00:00,0.08723,0.08757,0.08721,0.08749,407572.1
1757199600000,2025-09-07 01:00:00,0.08749,0.08787,0.0874,0.08758,750356.2
1757203200000,2025-09-07 02:00:00,0.08758,0.08802,0.08754,0.08802,745804.9
1757206800000,2025-09-07 03:00:00,0.08802,0.08846,0.08797,0.08838,807641.6
1757210400000,2025-09-07 04:00:00,0.08838,0.08889,0.08833,0.08877,627388.6
1757214000000,2025-09-07 05:00:00,0.08877,0.08903,0.08871,0.0889,587804.9
1757217600000,2025-09-07 06:00:00,0.0889,0.0891,0.08879,0.0889,507299.7
1757221200000,2025-09-07 07:00:00,0.0889,0.08958,0.08888,0.08954,1420249.8
1757224800000,2025-09-07 08:00:00,0.08954,0.08961,0.0888,0.0888,875028.9
1757228400000,2025-09-07 09:00:00,0.0888,0.08912,0.08861,0.0889,648883.9
1757232000000,2025-09-07 10:00:00,0.0889,0.08943,0.0889,0.08929,784461.4
1757235600000,2025-09-07 11:00:00,0.08929,0.0893,0.08859,0.08894,533583.9
1757239200000,2025-09-07 12:00:00,0.08894,0.08907,0.08875,0.0889,573830.1
1757242800000,2025-09-07 13:00:00,0.0889,0.08902,0.08874,0.08901,306453.9
1757246400000,2025-09-07 14:00:00,0.08901,0.08903,0.08869,0.08886,308689.2
1757250000000,2025-09-07 15:00:00,0.08886,0.08906,0.08876,0.08893,879737.3
1757253600000,2025-09-07 16:00:00,0.08893,0.08921,0.08865,0.0891,1543176.9
1757257200000,2025-09-07 17:00:00,0.0891,0.0891,0.08877,0.08898,666795.8
1757260800000,2025-09-07 18:00:00,0.08898,0.08916,0.08857,0.08865,529406.0
1757264400000,2025-09-07 19:00:00,0.08865,0.08865,0.08795,0.08798,1205585.0
1757268000000,2025-09-07 20:00:00,0.08798,0.08817,0.08768,0.08792,701278.6
1757271600000,2025-09-07 21:00:00,0.08792,0.08825,0.08777,0.08805,657371.8
1757275200000,2025-09-07 22:00:00,0.08805,0.08823,0.08777,0.08823,504735.0
1757278800000,2025-09-07 23:00:00,0.08823,0.08837,0.08802,0.08834,259771.8
1757282400000,2025-09-08 00:00:00,0.08834,0.08855,0.08822,0.08845,972974.4
1757286000000,2025-09-08 01:00:00,0.08845,0.0891,0.08845,0.08886,1612663.4
1757289600000,2025-09-08 02:00:00,0.08886,0.08888,0.08833,0.08841,552512.8
1757293200000,2025-09-08 03:00:00,0.08841,0.08856,0.08826,0.08839,431457.8
1757296800000,2025-09-08 04:00:00,0.08839,0.08943,0.08825,0.08928,1004230.8
1757300400000,2025-09-08 05:00:00,0.08928,0.09013,0.08928,0.0896,1372231.2
1757304000000,2025-09-08 06:00:00,0.0896,0.08969,0.08911,0.08951,1273672.4
1757307600000,2025-09-08 07:00:00,0.08951,0.09011,0.0894,0.08985,832479.6
1757311200000,2025-09-08 08:00:00,0.08985,0.0901,0.0893,0.08977,1182552.3
1757314800000,2025-09-08 09:00:00,0.08977,0.08994,0.08921,0.08941,1235381.5
1757318400000,2025-09-08 10:00:00,0.08941,0.09037,0.08941,0.09016,1846590.2
1757322000000,2025-09-08 11:00:00,0.09016,0.0909,0.08994,0.09069,2470060.2
1757325600000,2025-09-08 12:00:00,0.09069,0.09124,0.09052,0.09059,2237731.8
1757329200000,2025-09-08 13:00:00,0.09059,0.09061,0.08985,0.09022,2145090.4
1757332800000,2025-09-08 14:00:00,0.09022,0.09057,0.08993,0.09049,1213426.7
1757336400000,2025-09-08 15:00:00,0.09049,0.09098,0.09003,0.09005,2443286.1
1757340000000,2025-09-08 16:00:00,0.09005,0.09177,0.09003,0.09175,4180218.0
1757343600000,2025-09-08 17:00:00,0.09175,0.09213,0.0914,0.09178,5893697.1
1757347200000,2025-09-08 18:00:00,0.09178,0.09241,0.09155,0.09181,2749300.3
1757350800000,2025-09-08 19:00:00,0.09181,0.0925,0.09134,0.09142,2526280.6
1757354400000,2025-09-08 20:00:00,0.09142,0.09194,0.09128,0.09187,1189544.5
1757358000000,2025-09-08 21:00:00,0.09187,0.09189,0.0908,0.09114,2152363.5
1757361600000,2025-09-08 22:00:00,0.09114,0.09127,0.09038,0.09067,2780970.4
1757365200000,2025-09-08 23:00:00,0.09067,0.09142,0.09045,0.09141,1028124.8
1757368800000,2025-09-09 00:00:00,0.09141,0.09177,0.09127,0.09152,1891793.3
1757372400000,2025-09-09 01:00:00,0.09152,0.09205,0.09147,0.09176,1828441.3
1757376000000,2025-09-09 02:00:00,0.09176,0.09301,0.09167,0.09256,5011961.5
1757379600000,2025-09-09 03:00:00,0.09256,0.09347,0.09253,0.09295,5264559.4
1757383200000,2025-09-09 04:00:00,0.09295,0.09327,0.09185,0.09215,3268411.4
1757386800000,2025-09-09 05:00:00,0.09215,0.09478,0.09196,0.0947,6648301.4
1757390400000,2025-09-09 06:00:00,0.0947,0.09495,0.0938,0.0946,6093782.9
1757394000000,2025-09-09 07:00:00,0.0946,0.09483,0.09387,0.09456,3848115.7
1757397600000,2025-09-09 08:00:00,0.09456,0.09661,0.09456,0.09611,5436205.8
1757401200000,2025-09-09 09:00:00,0.09611,0.09695,0.09546,0.09585,4960206.1
1757404800000,2025-09-09 10:00:00,0.09585,0.09673,0.0957,0.09606,4228381.5
1757408400000,2025-09-09 11:00:00,0.09606,0.09665,0.09589,0.09658,2384840.9
1757412000000,2025-09-09 12:00:00,0.09658,0.09771,0.09617,0.0965,6794160.1
1757415600000,2025-09-09 13:00:00,0.0965,0.09822,0.0965,0.09688,10824141.3
1757419200000,2025-09-09 14:00:00,0.09688,0.0978,0.09575,0.09634,7815249.9
1757422800000,2025-09-09 15:00:00,0.09634,0.09669,0.09574,0.09665,4590223.0
1757426400000,2025-09-09 16:00:00,0.09665,0.09693,0.09373,0.09473,13950195.6
1757430000000,2025-09-09 17:00:00,0.09473,0.09613,0.09414,0.09464,15094612.2
1757433600000,2025-09-09 18:00:00,0.09464,0.09478,0.09381,0.09444,3174062.1
1757437200000,2025-09-09 19:00:00,0.09444,0.09486,0.09377,0.09411,2103816.9
1757440800000,2025-09-09 20:00:00,0.09411,0.09501,0.09388,0.09466,1786593.5
1757444400000,2025-09-09 21:00:00,0.09466,0.10012,0.09445,0.09948,29782537.9
1757448000000,2025-09-09 22:00:00,0.09948,0.102,0.09631,0.09782,34140724.6
1757451600000,2025-09-09 23:00:00,0.09782,0.09831,0.09676,0.09732,5443540.6
1757455200000,2025-09-10 00:00:00,0.09732,0.09934,0.09676,0.09922,6262350.5
1757458800000,2025-09-10 01:00:00,0.09922,0.09927,0.0978,0.09915,5287932.5
1757462400000,2025-09-10 02:00:00,0.09915,0.10009,0.09775,0.09801,12156071.1
1757466000000,2025-09-10 03:00:00,0.09801,0.09953,0.09764,0.0983,8698859.5
1757469600000,2025-09-10 04:00:00,0.0983,0.09985,0.09819,0.09942,6603598.9
1757473200000,2025-09-10 05:00:00,0.09942,0.10033,0.09895,0.09962,8841003.5
1757476800000,2025-09-10 06:00:00,0.09962,0.0998,0.09844,0.09937,6147890.7
1757480400000,2025-09-10 07:00:00,0.09937,0.09937,0.09748,0.09821,5039258.3
1757484000000,2025-09-10 08:00:00,0.09821,0.09847,0.09748,0.0983,3006844.8
1757487600000,2025-09-10 09:00:00,0.0983,0.09871,0.09734,0.0976,5403084.6
1757491200000,2025-09-10 10:00:00,0.0976,0.09856,0.09746,0.09805,3730818.6
1757494800000,2025-09-10 11:00:00,0.09805,0.09846,0.0973,0.09781,4675468.9
1757498400000,2025-09-10 12:00:00,0.09781,0.0979,0.09678,0.09686,3928525.9
1757502000000,2025-09-10 13:00:00,0.09686,0.09798,0.09671,0.0977,3052075.4
1757505600000,2025-09-10 14:00:00,0.0977,0.09957,0.09759,0.09957,10317540.1
1757509200000,2025-09-10 15:00:00,0.09957,0.10014,0.09869,0.09926,8012379.7
1757512800000,2025-09-10 16:00:00,0.09926,0.09958,0.09862,0.09884,3971506.2
1757516400000,2025-09-10 17:00:00,0.09884,0.09913,0.0982,0.09823,2272549.4
1757520000000,2025-09-10 18:00:00,0.09823,0.09853,0.09738,0.09839,3156682.8
1757523600000,2025-09-10 19:00:00,0.09839,0.09885,0.09767,0.09827,2482464.6
1757527200000,2025-09-10 20:00:00,0.09827,0.09828,0.0973,0.09768,2155809.1
1757530800000,2025-09-10 21:00:00,0.09768,0.09772,0.09612,0.09664,5037534.5
1757534400000,2025-09-10 22:00:00,0.09664,0.09749,0.09655,0.09734,2350176.2
1757538000000,2025-09-10 23:00:00,0.09734,0.09793,0.0973,0.09753,1544279.5
1757541600000,2025-09-11 00:00:00,0.09753,0.09792,0.09722,0.09781,1469132.3
1757545200000,2025-09-11 01:00:00,0.09781,0.09798,0.09754,0.09772,774826.9
1757548800000,2025-09-11 02:00:00,0.09772,0.09803,0.09754,0.09799,1183579.3
1757552400000,2025-09-11 03:00:00,0.09799,0.09877,0.0977,0.09874,1396875.9
1757556000000,2025-09-11 04:00:00,0.09874,0.09874,0.09802,0.09802,1255978.1
1757559600000,2025-09-11 05:00:00,0.09802,0.09864,0.09778,0.09852,1285214.2
1757563200000,2025-09-11 06:00:00,0.09852,0.09852,0.09783,0.09797,885893.0
1757566800000,2025-09-11 07:00:00,0.09797,0.09807,0.09703,0.09748,2417482.6
1757570400000,2025-09-11 08:00:00,0.09748,0.09797,0.09709,0.09795,2179645.1
1757574000000,2025-09-11 09:00:00,0.09795,0.09838,0.09773,0.09826,3248490.8
1757577600000,2025-09-11 10:00:00,0.09826,0.09871,0.09802,0.09844,3075827.4
1757581200000,2025-09-11 11:00:00,0.09844,0.09845,0.09755,0.09775,1583248.8
1757584800000,2025-09-11 12:00:00,0.09775,0.09794,0.09748,0.09759,1374956.7
1757588400000,2025-09-11 13:00:00,0.09759,0.0977,0.09677,0.09687,4962176.9
1757592000000,2025-09-11 14:00:00,0.09687,0.09834,0.09525,0.09712,13581322.3
1757595600000,2025-09-11 15:00:00,0.09712,0.0977,0.09585,0.09765,4219426.0
1757599200000,2025-09-11 16:00:00,0.09765,0.09775,0.09629,0.09726,2798801.1
1757602800000,2025-09-11 17:00:00,0.09726,0.09754,0.09659,0.09671,1595077.4
1757606400000,2025-09-11 18:00:00,0.09671,0.09765,0.09671,0.0972,726869.9
1757610000000,2025-09-11 19:00:00,0.0972,0.09768,0.097,0.09767,1448332.3
1757613600000,2025-09-11 20:00:00,0.09767,0.09817,0.09736,0.09776,2814964.1
1757617200000,2025-09-11 21:00:00,0.09776,0.0989,0.09766,0.09869,2691674.6
1757620800000,2025-09-11 22:00:00,0.09869,0.09922,0.09843,0.09882,4048426.1
1757624400000,2025-09-11 23:00:00,0.09882,0.09956,0.09866,0.09935,7792398.6
1757628000000,2025-09-12 00:00:00,0.09935,0.10052,0.09922,0.10018,8893534.2
1757631600000,2025-09-12 01:00:00,0.10018,0.10072,0.0998,0.09991,2572808.7
1757635200000,2025-09-12 02:00:00,0.09991,0.10106,0.09976,0.1002,2890490.1
1757638800000,2025-09-12 03:00:00,0.1002,0.10074,0.09933,0.09939,4789775.7
1757642400000,2025-09-12 04:00:00,0.09939,0.09997,0.09923,0.09954,4399322.3
1757646000000,2025-09-12 05:00:00,0.09954,0.09962,0.09883,0.09925,1683360.7
1757649600000,2025-09-12 06:00:00,0.09925,0.09964,0.09893,0.09939,1303877.8
1757653200000,2025-09-12 07:00:00,0.09939,0.10014,0.09928,0.10009,2860641.9
1757656800000,2025-09-12 08:00:00,0.10009,0.10055,0.09973,0.10011,1981290.0
1757660400000,2025-09-12 09:00:00,0.10011,0.10073,0.09932,0.09961,7818362.1
1757664000000,2025-09-12 10:00:00,0.09961,0.09969,0.0989,0.0991,3912368.9
1757667600000,2025-09-12 11:00:00,0.0991,0.09911,0.09806,0.0983,5998383.3
1757671200000,2025-09-12 12:00:00,0.0983,0.09834,0.09779,0.09823,2139390.8
1757674800000,2025-09-12 13:00:00,0.09823,0.09882,0.09783,0.09788,5549621.5
1757678400000,2025-09-12 14:00:00,0.09788,0.09967,0.09764,0.09927,15027313.0
1757682000000,2025-09-12 15:00:00,0.09927,0.09927,0.09855,0.0991,3766583.4
1757685600000,2025-09-12 16:00:00,0.0991,0.09987,0.09859,0.09907,3189998.9
1757689200000,2025-09-12 17:00:00,0.09907,0.09909,0.09781,0.09831,3808552.6
1757692800000,2025-09-12 18:00:00,0.09831,0.09946,0.09823,0.0994,2305257.9
1757696400000,2025-09-12 19:00:00,0.0994,0.10014,0.09907,0.09999,2204356.2
1757700000000,2025-09-12 20:00:00,0.09999,0.1009,0.09983,0.10085,3551488.8
1757703600000,2025-09-12 21:00:00,0.10085,0.10124,0.10057,0.10117,4104084.1
1757707200000,2025-09-12 22:00:00,0.10117,0.10135,0.10026,0.10089,7158889.8
1757710800000,2025-09-12 23:00:00,0.10089,0.10094,0.10007,0.10037,2025185.2
1757714400000,2025-09-13 00:00:00,0.10037,0.10137,0.10035,0.1009,2923375.5
1757718000000,2025-09-13 01:00:00,0.1009,0.1009,0.10038,0.10075,1957372.8
1757721600000,2025-09-13 02:00:00,0.10075,0.10099,0.1003,0.10091,947087.9
1757725200000,2025-09-13 03:00:00,0.10091,0.10164,0.10041,0.10056,3638225.0
1757728800000,2025-09-13 04:00:00,0.10056,0.10104,0.10031,0.10082,1221368.9
1757732400000,2025-09-13 05:00:00,0.10082,0.1014,0.10082,0.1012,1155770.6
1757736000000,2025-09-13 06:00:00,0.1012,0.10151,0.1009,0.10094,5016791.4
1757739600000,2025-09-13 07:00:00,0.10094,0.10102,0.10056,0.10092,2232901.3
1757743200000,2025-09-13 08:00:00,0.10092,0.10145,0.10092,0.10118,2370667.1
1757746800000,2025-09-13 09:00:00,0.10118,0.10127,0.10061,0.10064,2987707.2
1757750400000,2025-09-13 10:00:00,0.10064,0.10189,0.10062,0.10181,5341910.8
1757754000000,2025-09-13 11:00:00,0.10181,0.10262,0.10167,0.10238,5681882.5
1757757600000,2025-09-13 12:00:00,0.10238,0.10256,0.102,0.10245,2293071.1
1757761200000,2025-09-13 13:00:00,0.10245,0.10284,0.10188,0.10273,1630167.9
1757764800000,2025-09-13 14:00:00,0.10273,0.10296,0.10231,0.10293,2440395.5
1757768400000,2025-09-13 15:00:00,0.10293,0.10328,0.1004,0.10172,6850171.2
1757772000000,2025-09-13 16:00:00,0.10172,0.10219,0.10066,0.10167,5296078.8
1757775600000,2025-09-13 17:00:00,0.10167,0.10226,0.10068,0.10111,4555736.5
1757779200000,2025-09-13 18:00:00,0.10111,0.10162,0.10003,0.10043,4160078.4
1757782800000,2025-09-13 19:00:00,0.10043,0.10076,0.09936,0.10064,4702871.4
1757786400000,2025-09-13 20:00:00,0.10064,0.10072,0.10004,0.10067,1696865.3
1757790000000,2025-09-13 21:00:00,0.10067,0.10076,0.10012,0.10046,1585063.2
1757793600000,2025-09-13 22:00:00,0.10046,0.10107,0.10042,0.10091,854892.6
1757797200000,2025-09-13 23:00:00,0.10091,0.10135,0.10063,0.10089,659656.5
1757800800000,2025-09-14 00:00:00,0.10089,0.10119,0.10066,0.10089,861923.9
1757804400000,2025-09-14 01:00:00,0.10089,0.10115,0.10073,0.10085,597549.1
1757808000000,2025-09-14 02:00:00,0.10085,0.10089,0.09973,0.1,610481.9
1757811600000,2025-09-14 03:00:00,0.1,0.10007,0.099,0.10005,4130125.3
1757815200000,2025-09-14 04:00:00,0.10005,0.10054,0.09963,0.10002,782316.8
1757818800000,2025-09-14 05:00:00,0.10002,0.10016,0.0988,0.09891,1623885.2
1757822400000,2025-09-14 06:00:00,0.09891,0.0992,0.09811,0.09893,2213617.6
1757826000000,2025-09-14 07:00:00,0.09893,0.09989,0.09893,0.09985,767647.9
1757829600000,2025-09-14 08:00:00,0.09985,0.10011,0.09891,0.09937,1501919.9
1757833200000,2025-09-14 09:00:00,0.09937,0.09958,0.09884,0.09908,1149803.5
1757836800000,2025-09-14 10:00:00,0.09908,0.09951,0.0988,0.09903,1883211.9
1757840400000,2025-09-14 11:00:00,0.09903,0.0997,0.09875,0.0996,2714947.0
1757844000000,2025-09-14 12:00:00,0.0996,0.0998,0.09932,0.09946,748949.5
1757847600000,2025-09-14 13:00:00,0.09946,0.09955,0.0973,0.0974,6602442.4
1757851200000,2025-09-14 14:00:00,0.0974,0.09784,0.09666,0.09712,2519586.3
1757854800000,2025-09-14 15:00:00,0.09712,0.0973,0.09631,0.09685,9415573.4
1757858400000,2025-09-14 16:00:00,0.09685,0.09758,0.09608,0.09654,3673229.4
1757862000000,2025-09-14 17:00:00,0.09654,0.09681,0.09587,0.09637,3033804.2
1757865600000,2025-09-14 18:00:00,0.09637,0.09702,0.09612,0.09662,6597567.6
1757869200000,2025-09-14 19:00:00,0.09662,0.09722,0.0964,0.09698,5496435.5
1757872800000,2025-09-14 20:00:00,0.09698,0.09698,0.09616,0.09625,1167080.7
1757876400000,2025-09-14 21:00:00,0.09625,0.09678,0.09603,0.0964,1251984.4
1757880000000,2025-09-14 22:00:00,0.0964,0.09694,0.09629,0.09673,547484.6
1757883600000,2025-09-14 23:00:00,0.09673,0.09728,0.09609,0.09709,1570514.7
1757887200000,2025-09-15 00:00:00,0.09709,0.0975,0.09666,0.09724,1296247.2
1757890800000,2025-09-15 01:00:00,0.09724,0.09728,0.09591,0.09631,2840497.7
1757894400000,2025-09-15 02:00:00,0.09631,0.09696,0.09624,0.09633,1850879.1
1757898000000,2025-09-15 03:00:00,0.09633,0.09669,0.09503,0.09645,5940306.7
1757901600000,2025-09-15 04:00:00,0.09645,0.09717,0.09632,0.09636,1294828.3
1757905200000,2025-09-15 05:00:00,0.09636,0.09717,0.0963,0.09705,1224197.9
1757908800000,2025-09-15 06:00:00,0.09705,0.09744,0.09677,0.09685,1381901.3
1757912400000,2025-09-15 07:00:00,0.09685,0.09769,0.09678,0.09763,2350327.7
1757916000000,2025-09-15 08:00:00,0.09763,0.09765,0.09551,0.09595,4662982.3
1757919600000,2025-09-15 09:00:00,0.09595,0.09678,0.09471,0.09497,6139209.9
1757923200000,2025-09-15 10:00:00,0.09497,0.09497,0.09237,0.0925,17390481.6
1757926800000,2025-09-15 11:00:00,0.0925,0.09345,0.0924,0.09318,4692629.3
1757930400000,2025-09-15 12:00:00,0.09318,0.09324,0.09237,0.09308,1633802.6
1757934000000,2025-09-15 13:00:00,0.09308,0.09329,0.09269,0.09304,1054357.6
1757937600000,2025-09-15 14:00:00,0.09304,0.09332,0.0924,0.09246,2449339.6
1757941200000,2025-09-15 15:00:00,0.09246,0.09342,0.09236,0.093,2348317.3
1757944800000,2025-09-15 16:00:00,0.093,0.09337,0.09224,0.09243,3043756.3
1757948400000,2025-09-15 17:00:00,0.09243,0.09289,0.0916,0.0924,4064877.0
1757952000000,2025-09-15 18:00:00,0.0924,0.0924,0.09131,0.0915,2387141.2
1757955600000,2025-09-15 19:00:00,0.0915,0.0923,0.09135,0.0923,1838360.4
1757959200000,2025-09-15 20:00:00,0.0923,0.09262,0.09192,0.09246,1238136.6
1757962800000,2025-09-15 21:00:00,0.09246,0.0929,0.0921,0.09254,1784000.5
1757966400000,2025-09-15 22:00:00,0.09254,0.09304,0.0924,0.09298,932448.6
1757970000000,2025-09-15 23:00:00,0.09298,0.09321,0.09275,0.09319,953950.3
1757973600000,2025-09-16 00:00:00,0.09319,0.09331,0.09282,0.09301,598919.6
1757977200000,2025-09-16 01:00:00,0.09301,0.09327,0.09291,0.09312,495014.7
1757980800000,2025-09-16 02:00:00,0.09312,0.09312,0.09244,0.09276,980203.3
1757984400000,2025-09-16 03:00:00,0.09276,0.09322,0.09212,0.09215,1458975.4
1757988000000,2025-09-16 04:00:00,0.09215,0.09265,0.09212,0.09226,1028753.0
1757991600000,2025-09-16 05:00:00,0.09226,0.09265,0.09209,0.09209,890204.3
1757995200000,2025-09-16 06:00:00,0.09209,0.09232,0.0915,0.09223,2619731.6
1757998800000,2025-09-16 07:00:00,0.09223,0.0931,0.09221,0.09307,1405686.3
1758002400000,2025-09-16 08:00:00,0.09307,0.09337,0.09246,0.09282,2391249.0
1758006000000,2025-09-16 09:00:00,0.09282,0.09345,0.09282,0.09325,1417417.3
1758009600000,2025-09-16 10:00:00,0.09325,0.09433,0.09325,0.09407,4646151.8
1758013200000,2025-09-16 11:00:00,0.09407,0.09426,0.09363,0.09412,1260591.0
1758016800000,2025-09-16 12:00:00,0.09412,0.09416,0.09351,0.09354,1205156.0
1758020400000,2025-09-16 13:00:00,0.09354,0.09389,0.09336,0.09377,1010765.8
1758024000000,2025-09-16 14:00:00,0.09377,0.09409,0.09364,0.09399,699980.6
1758027600000,2025-09-16 15:00:00,0.09399,0.09493,0.09322,0.09398,5505965.2
1758031200000,2025-09-16 16:00:00,0.09398,0.09398,0.09272,0.09379,2677533.4
1758034800000,2025-09-16 17:00:00,0.09379,0.09454,0.0933,0.09454,2319520.7
1758038400000,2025-09-16 18:00:00,0.09454,0.09465,0.09387,0.09402,2024802.4
1758042000000,2025-09-16 19:00:00,0.09402,0.09523,0.09401,0.09484,2242321.4
1758045600000,2025-09-16 20:00:00,0.09484,0.0953,0.09462,0.09487,1833098.2
1758049200000,2025-09-16 21:00:00,0.09487,0.09515,0.09447,0.09491,1474068.1
1758052800000,2025-09-16 22:00:00,0.09491,0.09505,0.09473,0.09484,551724.8
1758056400000,2025-09-16 23:00:00,0.09484,0.09516,0.09458,0.09487,893567.9
1758060000000,2025-09-17 00:00:00,0.09487,0.09519,0.09475,0.09496,626044.6
1758063600000,2025-09-17 01:00:00,0.09496,0.09501,0.09452,0.09459,442150.6
1758067200000,2025-09-17 02:00:00,0.09459,0.09474,0.09422,0.09448,662386.5
1758070800000,2025-09-17 03:00:00,0.09448,0.09485,0.09413,0.09437,572046.5
1758074400000,2025-09-17 04:00:00,0.09437,0.09517,0.09408,0.09461,1209961.5
1758078000000,2025-09-17 05:00:00,0.09461,0.09467,0.09362,0.09378,1421893.8
1758081600000,2025-09-17 06:00:00,0.09378,0.09397,0.09297,0.09319,1299278.5
1758085200000,2025-09-17 07:00:00,0.09319,0.09409,0.09304,0.09401,1923111.4
1758088800000,2025-09-17 08:00:00,0.09401,0.09443,0.09372,0.09443,1162433.0
1758092400000,2025-09-17 09:00:00,0.09443,0.0945,0.09422,0.09441,970084.8
1758096000000,2025-09-17 10:00:00,0.09441,0.09447,0.09347,0.09367,3609253.9
1758099600000,2025-09-17 11:00:00,0.09367,0.09367,0.09302,0.09302,639848.0
1758103200000,2025-09-17 12:00:00,0.09302,0.09311,0.09238,0.0927,2433670.7
1758106800000,2025-09-17 13:00:00,0.0927,0.09315,0.0926,0.09291,482475.6
1758110400000,2025-09-17 14:00:00,0.09291,0.09346,0.09276,0.09308,1238955.9
1758114000000,2025-09-17 15:00:00,0.09308,0.09335,0.09269,0.09294,1066137.3
1758117600000,2025-09-17 16:00:00,0.09294,0.09328,0.09258,0.09272,1246633.7
1758121200000,2025-09-17 17:00:00,0.09272,0.093,0.09257,0.09276,831616.7
1758124800000,2025-09-17 18:00:00,0.09276,0.09355,0.09203,0.09337,2072344.5
1758128400000,2025-09-17 19:00:00,0.09337,0.09458,0.09292,0.09309,3980530.6
1758132000000,2025-09-17 20:00:00,0.09309,0.0949,0.09265,0.09322,13800047.1
1758135600000,2025-09-17 21:00:00,0.09322,0.09584,0.0932,0.09564,6071440.0
1758139200000,2025-09-17 22:00:00,0.09564,0.09689,0.0948,0.095,4502321.4
1758142800000,2025-09-17 23:00:00,0.095,0.09621,0.09429,0.0962,1997063.6
1758146400000,2025-09-18 00:00:00,0.0962,0.09776,0.0962,0.09762,2617401.8
1758150000000,2025-09-18 01:00:00,0.09762,0.09792,0.09695,0.09722,1605168.7
1758153600000,2025-09-18 02:00:00,0.09722,0.09773,0.09668,0.09691,1711179.4
1758157200000,2025-09-18 03:00:00,0.09691,0.09758,0.09678,0.09729,1374265.1
1758160800000,2025-09-18 04:00:00,0.09729,0.09746,0.09683,0.09746,1800353.9
1758164400000,2025-09-18 05:00:00,0.09746,0.09813,0.09727,0.09759,3010619.1
1758168000000,2025-09-18 06:00:00,0.09759,0.09794,0.09727,0.09783,2707377.8
1758171600000,2025-09-18 07:00:00,0.09783,0.09784,0.09692,0.09717,1715455.3
1758175200000,2025-09-18 08:00:00,0.09717,0.09725,0.09608,0.09653,2024791.0
1758178800000,2025-09-18 09:00:00,0.09653,0.09693,0.09625,0.09662,807814.9
1758182400000,2025-09-18 10:00:00,0.09662,0.0977,0.09651,0.09755,2099721.1
1758186000000,2025-09-18 11:00:00,0.09755,0.09784,0.09735,0.09746,1225733.3
1758189600000,2025-09-18 12:00:00,0.09746,0.09758,0.09662,0.09686,2256416.6
1758193200000,2025-09-18 13:00:00,0.09686,0.09721,0.09671,0.0971,2071977.7
1758196800000,2025-09-18 14:00:00,0.0971,0.09759,0.09673,0.09741,1834657.0
1758200400000,2025-09-18 15:00:00,0.09741,0.09789,0.09689,0.09781,2613839.6
1758204000000,2025-09-18 16:00:00,0.09781,0.09864,0.09779,0.09825,3243144.4
1758207600000,2025-09-18 17:00:00,0.09825,0.09839,0.09782,0.09811,2301105.1
1758211200000,2025-09-18 18:00:00,0.09811,0.09869,0.09808,0.09845,1661794.6
1758214800000,2025-09-18 19:00:00,0.09845,0.09906,0.0984,0.09895,1744590.7
1758218400000,2025-09-18 20:00:00,0.09895,0.09952,0.09885,0.09944,1849218.2
1758222000000,2025-09-18 21:00:00,0.09944,0.09945,0.09816,0.09875,1659235.3
1758225600000,2025-09-18 22:00:00,0.09875,0.09928,0.09862,0.09908,834345.3
1758229200000,2025-09-18 23:00:00,0.09908,0.0994,0.09872,0.09913,1058480.9
1758232800000,2025-09-19 00:00:00,0.09913,0.09924,0.09848,0.09858,1906735.6
1758236400000,2025-09-19 01:00:00,0.09858,0.09873,0.09793,0.09851,1793891.9
1758240000000,2025-09-19 02:00:00,0.09851,0.09963,0.09851,0.09948,2221722.0
1758243600000,2025-09-19 03:00:00,0.09948,0.09989,0.09883,0.09904,1308017.4
1758247200000,2025-09-19 04:00:00,0.09904,0.09933,0.09827,0.09827,2190038.4
1758250800000,2025-09-19 05:00:00,0.09827,0.09868,0.09683,0.09692,4704883.0
1758254400000,2025-09-19 06:00:00,0.09692,0.09757,0.09588,0.09753,4425583.7
1758258000000,2025-09-19 07:00:00,0.09753,0.09759,0.0965,0.0972,1251533.0
1758261600000,2025-09-19 08:00:00,0.0972,0.0972,0.09605,0.0961,1636376.6
1758265200000,2025-09-19 09:00:00,0.0961,0.09712,0.09605,0.09681,2377417.1
1758268800000,2025-09-19 10:00:00,0.09681,0.09729,0.09645,0.09653,1236704.2
1758272400000,2025-09-19 11:00:00,0.09653,0.09727,0.09558,0.09596,2269879.1
1758276000000,2025-09-19 12:00:00,0.09596,0.09619,0.09549,0.09571,2153161.5
1758279600000,2025-09-19 13:00:00,0.09571,0.09572,0.09459,0.09482,3310866.3
1758283200000,2025-09-19 14:00:00,0.09482,0.09527,0.09451,0.09479,3287808.0
1758286800000,2025-09-19 15:00:00,0.09479,0.09581,0.09477,0.09547,2157731.2
1758290400000,2025-09-19 16:00:00,0.09547,0.09558,0.09401,0.09458,4910856.0
1758294000000,2025-09-19 17:00:00,0.09458,0.09462,0.09338,0.09403,4735947.9
1758297600000,2025-09-19 18:00:00,0.09403,0.09445,0.09385,0.09412,1079466.0
1758301200000,2025-09-19 19:00:00,0.09412,0.09416,0.0932,0.09321,3375526.5
1758304800000,2025-09-19 20:00:00,0.09321,0.09361,0.09267,0.09316,2177699.8
1758308400000,2025-09-19 21:00:00,0.09316,0.09351,0.0929,0.09291,1074863.9
1758312000000,2025-09-19 22:00:00,0.09291,0.09337,0.09289,0.09289,977190.9
1758315600000,2025-09-19 23:00:00,0.09289,0.09355,0.0927,0.09352,961586.1
1758319200000,2025-09-20 00:00:00,0.09352,0.09358,0.09326,0.09326,339280.1
1758322800000,2025-09-20 01:00:00,0.09326,0.09326,0.09214,0.09282,1888974.0
1758326400000,2025-09-20 02:00:00,0.09282,0.09304,0.09239,0.09299,825794.6
1758330000000,2025-09-20 03:00:00,0.09299,0.09299,0.09238,0.09259,720213.3
1758333600000,2025-09-20 04:00:00,0.09259,0.09281,0.09189,0.09275,1277281.8
1758337200000,2025-09-20 05:00:00,0.09275,0.09284,0.09233,0.09268,714835.3
1758340800000,2025-09-20 06:00:00,0.09268,0.09312,0.09243,0.09298,528636.5
1758344400000,2025-09-20 07:00:00,0.09298,0.09355,0.09287,0.09348,717827.5
1758348000000,2025-09-20 08:00:00,0.09348,0.09367,0.09321,0.09363,878130.7
1758351600000,2025-09-20 09:00:00,0.09363,0.0941,0.09348,0.09409,955447.3
1758355200000,2025-09-20 10:00:00,0.09409,0.09411,0.09297,0.09302,1173121.3
1758358800000,2025-09-20 11:00:00,0.09302,0.09324,0.09241,0.09266,1016473.2
1758362400000,2025-09-20 12:00:00,0.09266,0.09306,0.09259,0.09259,1197822.7
1758366000000,2025-09-20 13:00:00,0.09259,0.09315,0.09253,0.09306,614828.9
1758369600000,2025-09-20 14:00:00,0.09306,0.09331,0.09295,0.09327,685503.0
1758373200000,2025-09-20 15:00:00,0.09327,0.09341,0.09292,0.09312,376258.9
1758376800000,2025-09-20 16:00:00,0.09312,0.09427,0.09279,0.09416,1200932.1
1758380400000,2025-09-20 17:00:00,0.09416,0.09498,0.09414,0.09433,2354157.5
1758384000000,2025-09-20 18:00:00,0.09433,0.09477,0.09408,0.09463,1087659.7
1758387600000,2025-09-20 19:00:00,0.09463,0.09466,0.09397,0.09409,1197358.9
1758391200000,2025-09-20 20:00:00,0.09409,0.09409,0.09342,0.0936,989211.6
1758394800000,2025-09-20 21:00:00,0.0936,0.09394,0.09342,0.09368,618676.8
1758398400000,2025-09-20 22:00:00,0.09368,0.0943,0.0936,0.09422,497527.2
1758402000000,2025-09-20 23:00:00,0.09422,0.09455,0.09414,0.0943,514596.3
1758405600000,2025-09-21 00:00:00,0.0943,0.09445,0.09407,0.09427,579268.7
1758409200000,2025-09-21 01:00:00,0.09427,0.09429,0.09387,0.09408,412048.9
1758412800000,2025-09-21 02:00:00,0.09408,0.09433,0.09376,0.09417,508846.8
1758416400000,2025-09-21 03:00:00,0.09417,0.09425,0.09357,0.09362,340984.2
1758420000000,2025-09-21 04:00:00,0.09362,0.09418,0.09326,0.09416,1147190.3
1758423600000,2025-09-21 05:00:00,0.09416,0.09416,0.09385,0.09401,532743.8
1758427200000,2025-09-21 06:00:00,0.09401,0.09411,0.09356,0.09379,580448.7
1758430800000,2025-09-21 07:00:00,0.09379,0.09445,0.09368,0.09444,563398.5
1758434400000,2025-09-21 08:00:00,0.09444,0.09472,0.09416,0.09416,660941.4
1758438000000,2025-09-21 09:00:00,0.09416,0.09454,0.09391,0.094,1137173.2
1758441600000,2025-09-21 10:00:00,0.094,0.09421,0.09342,0.09368,961760.4
1758445200000,2025-09-21 11:00:00,0.09368,0.09373,0.09213,0.09308,2567378.2
1758448800000,2025-09-21 12:00:00,0.09308,0.09316,0.0925,0.0925,1234390.9
1758452400000,2025-09-21 13:00:00,0.0925,0.09301,0.0924,0.09278,608753.2
1758456000000,2025-09-21 14:00:00,0.09278,0.09373,0.09275,0.09319,1573271.0
1758459600000,2025-09-21 15:00:00,0.09319,0.09357,0.0931,0.09346,686955.0
1758463200000,2025-09-21 16:00:00,0.09346,0.09375,0.0931,0.0931,779599.8
1758466800000,2025-09-21 17:00:00,0.0931,0.09342,0.09292,0.09301,1087897.9
1758470400000,2025-09-21 18:00:00,0.09301,0.09336,0.09237,0.09265,1685300.1
1758474000000,2025-09-21 19:00:00,0.09265,0.09326,0.09215,0.09326,1945603.5
1758477600000,2025-09-21 20:00:00,0.09326,0.0934,0.09288,0.0934,413984.2
1758481200000,2025-09-21 21:00:00,0.0934,0.0934,0.09257,0.09312,713440.8
1758484800000,2025-09-21 22:00:00,0.09312,0.09318,0.09263,0.09269,451630.4
1758488400000,2025-09-21 23:00:00,0.09269,0.09301,0.0925,0.09271,813727.5
1758492000000,2025-09-22 00:00:00,0.09271,0.09321,0.09222,0.09311,1187720.0
1758495600000,2025-09-22 01:00:00,0.09311,0.09311,0.09212,0.09213,1355427.8
1758499200000,2025-09-22 02:00:00,0.09213,0.09259,0.08967,0.08997,16405493.8
1758502800000,2025-09-22 03:00:00,0.08997,0.09056,0.08938,0.08999,5227656.9
1758506400000,2025-09-22 04:00:00,0.08999,0.09013,0.08817,0.08882,7957271.7
1758510000000,2025-09-22 05:00:00,0.08882,0.08933,0.08875,0.08903,1657803.0
1758513600000,2025-09-22 06:00:00,0.08903,0.08936,0.08858,0.089,1644672.6
1758517200000,2025-09-22 07:00:00,0.089,0.08922,0.08737,0.08741,3084477.6
1758520800000,2025-09-22 08:00:00,0.08741,0.08753,0.07926,0.08535,64437527.8
1758524400000,2025-09-22 09:00:00,0.08535,0.08543,0.0845,0.08457,7678028.3
1758528000000,2025-09-22 10:00:00,0.08457,0.08496,0.08381,0.08454,5613258.6
1758531600000,2025-09-22 11:00:00,0.08454,0.08456,0.08357,0.08371,3087929.4
1758535200000,2025-09-22 12:00:00,0.08371,0.08476,0.08368,0.08467,1554087.6
1758538800000,2025-09-22 13:00:00,0.08467,0.0848,0.084,0.08425,2259433.8
1758542400000,2025-09-22 14:00:00,0.08425,0.0847,0.08403,0.0845,2324535.9
1758546000000,2025-09-22 15:00:00,0.0845,0.08507,0.08399,0.08506,2956657.3
1758549600000,2025-09-22 16:00:00,0.08506,0.0851,0.08394,0.08413,2564572.4
1758553200000,2025-09-22 17:00:00,0.08413,0.08444,0.08368,0.08394,3101153.7
1758556800000,2025-09-22 18:00:00,0.08394,0.08453,0.08345,0.08373,4126522.7
1758560400000,2025-09-22 19:00:00,0.08373,0.08411,0.08336,0.08383,2351115.5
1758564000000,2025-09-22 20:00:00,0.08383,0.08399,0.0835,0.08351,1303810.0
1758567600000,2025-09-22 21:00:00,0.08351,0.08373,0.08291,0.08307,3106728.9
1758571200000,2025-09-22 22:00:00,0.08307,0.08436,0.08291,0.08423,1216177.2
1758574800000,2025-09-22 23:00:00,0.08423,0.08483,0.08406,0.08483,870591.8
1758578400000,2025-09-23 00:00:00,0.08483,0.08484,0.08463,0.08475,867883.6
1758582000000,2025-09-23 01:00:00,0.08475,0.08524,0.08469,0.08513,890099.4
1758585600000,2025-09-23 02:00:00,0.08513,0.08551,0.08458,0.0846,1152732.7
1758589200000,2025-09-23 03:00:00,0.0846,0.08472,0.0839,0.08391,1266868.6
1758592800000,2025-09-23 04:00:00,0.08391,0.08429,0.08311,0.0833,1708347.9
1758596400000,2025-09-23 05:00:00,0.0833,0.08465,0.08288,0.08438,2640082.3
1758600000000,2025-09-23 06:00:00,0.08438,0.08462,0.08341,0.08381,1516072.7
1758603600000,2025-09-23 07:00:00,0.08381,0.08444,0.08351,0.0841,1923850.2
1758607200000,2025-09-23 08:00:00,0.0841,0.08493,0.08405,0.08479,2123019.9
1758610800000,2025-09-23 09:00:00,0.08479,0.0848,0.08418,0.08428,2500596.2
1758614400000,2025-09-23 10:00:00,0.08428,0.08453,0.08403,0.08442,4373822.0
1758618000000,2025-09-23 11:00:00,0.08442,0.08487,0.08412,0.08438,1526895.8
1758621600000,2025-09-23 12:00:00,0.08438,0.08483,0.08425,0.08467,635147.0
1758625200000,2025-09-23 13:00:00,0.08467,0.08472,0.08407,0.08455,1383875.4
1758628800000,2025-09-23 14:00:00,0.08455,0.08503,0.08434,0.0846,745431.5
1758632400000,2025-09-23 15:00:00,0.0846,0.08479,0.08413,0.08433,1549203.6
1758636000000,2025-09-23 16:00:00,0.08433,0.0851,0.08396,0.08417,1997580.9
1758639600000,2025-09-23 17:00:00,0.08417,0.08491,0.08369,0.08458,1688946.4
1758643200000,2025-09-23 18:00:00,0.08458,0.08533,0.08413,0.08511,1791339.0
1758646800000,2025-09-23 19:00:00,0.08511,0.08515,0.08357,0.08365,2350756.7
1758650400000,2025-09-23 20:00:00,0.08365,0.08401,0.08335,0.08355,1393308.5
1758654000000,2025-09-23 21:00:00,0.08355,0.08427,0.08322,0.08345,1063038.9
1758657600000,2025-09-23 22:00:00,0.08345,0.08392,0.08319,0.08392,1004758.7
1758661200000,2025-09-23 23:00:00,0.08392,0.08431,0.08359,0.08422,542134.9
1758664800000,2025-09-24 00:00:00,0.08422,0.08434,0.08373,0.08397,752950.5
1758668400000,2025-09-24 01:00:00,0.08397,0.08409,0.08336,0.08345,836862.3
1758672000000,2025-09-24 02:00:00,0.08345,0.08458,0.08345,0.08408,1084137.5
1758675600000,2025-09-24 03:00:00,0.08408,0.08489,0.08386,0.08486,684970.3
1758679200000,2025-09-24 04:00:00,0.08486,0.08496,0.08396,0.08423,1579894.1
1758682800000,2025-09-24 05:00:00,0.08423,0.08438,0.08289,0.08324,2486596.4
1758686400000,2025-09-24 06:00:00,0.08324,0.08422,0.08213,0.08379,4056826.2
1758690000000,2025-09-24 07:00:00,0.08379,0.08487,0.08373,0.08484,1115663.4
1758693600000,2025-09-24 08:00:00,0.08484,0.08502,0.08456,0.08473,3291116.4
1758697200000,2025-09-24 09:00:00,0.08473,0.08478,0.08427,0.08438,1950624.3
1758700800000,2025-09-24 10:00:00,0.08438,0.08475,0.08417,0.08461,1881875.1
1758704400000,2025-09-24 11:00:00,0.08461,0.08466,0.08409,0.08448,681129.0
1758708000000,2025-09-24 12:00:00,0.08448,0.08469,0.08416,0.08465,704879.1
1758711600000,2025-09-24 13:00:00,0.08465,0.0851,0.08451,0.085,822877.9
1758715200000,2025-09-24 14:00:00,0.085,0.08516,0.08476,0.08484,996628.5
1758718800000,2025-09-24 15:00:00,0.08484,0.08518,0.08423,0.08424,1573491.6
1758722400000,2025-09-24 16:00:00,0.08424,0.08566,0.08423,0.08532,1221754.0
1758726000000,2025-09-24 17:00:00,0.08532,0.0854,0.08448,0.08453,755283.0
1758729600000,2025-09-24 18:00:00,0.08453,0.08486,0.08434,0.08475,759084.6
1758733200000,2025-09-24 19:00:00,0.08475,0.08521,0.08462,0.0848,1240066.0
1758736800000,2025-09-24 20:00:00,0.0848,0.08483,0.08438,0.0845,303910.2
1758740400000,2025-09-24 21:00:00,0.0845,0.08465,0.08424,0.0845,353229.8
1758744000000,2025-09-24 22:00:00,0.0845,0.08459,0.08379,0.08416,2561185.0
1758747600000,2025-09-24 23:00:00,0.08416,0.08416,0.08336,0.08352,3300077.1
1758751200000,2025-09-25 00:00:00,0.08352,0.08401,0.08345,0.08358,1243965.2
1758754800000,2025-09-25 01:00:00,0.08358,0.08378,0.08341,0.08367,1020843.7
1758758400000,2025-09-25 02:00:00,0.08367,0.08384,0.08294,0.08309,2008435.9
1758762000000,2025-09-25 03:00:00,0.08309,0.08331,0.08251,0.08268,2426968.9
1758765600000,2025-09-25 04:00:00,0.08268,0.08354,0.08221,0.08312,3559539.6
1758769200000,2025-09-25 05:00:00,0.08312,0.08312,0.08202,0.08265,2699413.7
1758772800000,2025-09-25 06:00:00,0.08265,0.08294,0.0812,0.08155,4911087.4
1758776400000,2025-09-25 07:00:00,0.08155,0.08261,0.08122,0.08225,2548686.9
1758780000000,2025-09-25 08:00:00,0.08225,0.08232,0.08117,0.08125,2166778.6
1758783600000,2025-09-25 09:00:00,0.08125,0.08206,0.08117,0.08144,2023078.8
1758787200000,2025-09-25 10:00:00,0.08144,0.08204,0.08124,0.08159,1839359.1
1758790800000,2025-09-25 11:00:00,0.08159,0.08241,0.08139,0.08141,2890165.8
1758794400000,2025-09-25 12:00:00,0.08141,0.08216,0.0814,0.08141,1415809.8
1758798000000,2025-09-25 13:00:00,0.08141,0.0817,0.08102,0.08125,2917022.2
1758801600000,2025-09-25 14:00:00,0.08125,0.08207,0.0799,0.08153,6727300.4
1758805200000,2025-09-25 15:00:00,0.08153,0.08227,0.08083,0.08159,6345787.7
1758808800000,2025-09-25 16:00:00,0.08159,0.08306,0.08159,0.08213,4910867.8
1758812400000,2025-09-25 17:00:00,0.08213,0.08232,0.0815,0.08194,1933543.4
1758816000000,2025-09-25 18:00:00,0.08194,0.08206,0.0804,0.08054,1898526.5
1758819600000,2025-09-25 19:00:00,0.08054,0.08057,0.07824,0.07877,11254297.1
1758823200000,2025-09-25 20:00:00,0.07877,0.08103,0.07843,0.08096,5698032.2
1758826800000,2025-09-25 21:00:00,0.08096,0.08165,0.08056,0.08071,7829232.5
1758830400000,2025-09-25 22:00:00,0.08071,0.08083,0.07975,0.07995,2375271.4
1758834000000,2025-09-25 23:00:00,0.07995,0.08074,0.07965,0.08051,2633693.8
1758837600000,2025-09-26 00:00:00,0.08051,0.08089,0.08002,0.08028,890621.9
1758841200000,2025-09-26 01:00:00,0.08028,0.0807,0.07913,0.07977,4156830.0
1758844800000,2025-09-26 02:00:00,0.07977,0.08073,0.07931,0.08056,4153142.3
1758848400000,2025-09-26 03:00:00,0.08056,0.08097,0.08026,0.08051,2872594.9
1758852000000,2025-09-26 04:00:00,0.08051,0.08088,0.08011,0.08047,1714509.2
1758855600000,2025-09-26 05:00:00,0.08047,0.08077,0.08016,0.08072,1401890.2
1758859200000,2025-09-26 06:00:00,0.08072,0.08077,0.07994,0.07998,2125009.5
1758862800000,2025-09-26 07:00:00,0.07998,0.08077,0.07982,0.07993,1822135.5
1758866400000,2025-09-26 08:00:00,0.07993,0.08054,0.07953,0.07992,2961410.4
1758870000000,2025-09-26 09:00:00,0.07992,0.08045,0.07957,0.08026,2788815.7
1758873600000,2025-09-26 10:00:00,0.08026,0.08083,0.08026,0.08042,3208096.6
1758877200000,2025-09-26 11:00:00,0.08042,0.08066,0.0797,0.08002,1446250.8
1758880800000,2025-09-26 12:00:00,0.08002,0.08005,0.07906,0.07939,3586635.3
1758884400000,2025-09-26 13:00:00,0.07939,0.08009,0.07895,0.07982,1987463.0
1758888000000,2025-09-26 14:00:00,0.07982,0.08107,0.07898,0.08044,5716843.8
1758891600000,2025-09-26 15:00:00,0.08044,0.08098,0.07968,0.08081,6598712.5
1758895200000,2025-09-26 16:00:00,0.08081,0.08107,0.07983,0.08016,4009537.2
1758898800000,2025-09-26 17:00:00,0.08016,0.08081,0.08006,0.08063,2060218.4
1758902400000,2025-09-26 18:00:00,0.08063,0.08154,0.08056,0.0815,1678058.7
1758906000000,2025-09-26 19:00:00,0.0815,0.08229,0.08119,0.08221,3028408.3
1758909600000,2025-09-26 20:00:00,0.08221,0.08277,0.08205,0.08233,3028076.7
1758913200000,2025-09-26 21:00:00,0.08233,0.08233,0.08158,0.08201,2257250.9
1758916800000,2025-09-26 22:00:00,0.08201,0.08229,0.08176,0.08192,1052082.9
1758920400000,2025-09-26 23:00:00,0.08192,0.08232,0.08174,0.08221,1042396.5
1758924000000,2025-09-27 00:00:00,0.08221,0.08257,0.08216,0.08216,806851.4
1758927600000,2025-09-27 01:00:00,0.08216,0.0824,0.08192,0.08236,401785.7
1758931200000,2025-09-27 02:00:00,0.08236,0.08241,0.08208,0.08234,742399.3
1758934800000,2025-09-27 03:00:00,0.08234,0.08238,0.08161,0.08184,1009132.5
1758938400000,2025-09-27 04:00:00,0.08184,0.08195,0.08161,0.08166,288025.4
1758942000000,2025-09-27 05:00:00,0.08166,0.08222,0.0816,0.08191,769672.3
1758945600000,2025-09-27 06:00:00,0.08191,0.08213,0.08185,0.08207,476178.4
1758949200000,2025-09-27 07:00:00,0.08207,0.08258,0.08175,0.08232,744411.8
1758952800000,2025-09-27 08:00:00,0.08232,0.08246,0.08215,0.0823,865752.6
1758956400000,2025-09-27 09:00:00,0.0823,0.08236,0.08158,0.08165,707166.0
1758960000000,2025-09-27 10:00:00,0.08165,0.08166,0.08105,0.08113,1294136.1
1758963600000,2025-09-27 11:00:00,0.08113,0.08152,0.08076,0.08144,1110376.3
1758967200000,2025-09-27 12:00:00,0.08144,0.08192,0.08127,0.08165,1278535.9
1758970800000,2025-09-27 13:00:00,0.08165,0.08183,0.08154,0.08172,1313151.0
1758974400000,2025-09-27 14:00:00,0.08172,0.08206,0.08127,0.08197,2447380.7
1758978000000,2025-09-27 15:00:00,0.08197,0.08207,0.08177,0.08186,875238.4
1758981600000,2025-09-27 16:00:00,0.08186,0.0821,0.08171,0.08173,839729.2
1758985200000,2025-09-27 17:00:00,0.08173,0.08203,0.08126,0.08198,1911255.7
1758988800000,2025-09-27 18:00:00,0.08198,0.08208,0.08127,0.08134,1217171.9
1758992400000,2025-09-27 19:00:00,0.08134,0.08136,0.08058,0.08096,2542465.5
1758996000000,2025-09-27 20:00:00,0.08096,0.08096,0.0804,0.08074,1387171.8
1758999600000,2025-09-27 21:00:00,0.08074,0.08098,0.08069,0.08083,755138.3
1759003200000,2025-09-27 22:00:00,0.08083,0.08098,0.08061,0.08067,532393.4
1759006800000,2025-09-27 23:00:00,0.08067,0.08103,0.08063,0.08095,493121.0
1759010400000,2025-09-28 00:00:00,0.08095,0.08153,0.08095,0.08109,1019361.3
1759014000000,2025-09-28 01:00:00,0.08109,0.08122,0.08078,0.08088,524973.2
1759017600000,2025-09-28 02:00:00,0.08088,0.08114,0.08055,0.08063,1043633.1
1759021200000,2025-09-28 03:00:00,0.08063,0.08068,0.0798,0.07998,1630687.3
1759024800000,2025-09-28 04:00:00,0.07998,0.0802,0.07981,0.07996,757395.4
1759028400000,2025-09-28 05:00:00,0.07996,0.08011,0.07971,0.08011,795634.1
1759032000000,2025-09-28 06:00:00,0.08011,0.08018,0.07986,0.08003,754745.1
1759035600000,2025-09-28 07:00:00,0.08003,0.08022,0.07979,0.0799,584418.8
1759039200000,2025-09-28 08:00:00,0.0799,0.07999,0.07945,0.0798,1167956.8
1759042800000,2025-09-28 09:00:00,0.0798,0.08001,0.07959,0.07975,739451.3
1759046400000,2025-09-28 10:00:00,0.07975,0.07994,0.07951,0.07971,1032525.9
1759050000000,2025-09-28 11:00:00,0.07971,0.07979,0.07931,0.07948,819232.6
1759053600000,2025-09-28 12:00:00,0.07948,0.07965,0.07912,0.07961,695110.7
1759057200000,2025-09-28 13:00:00,0.07961,0.07969,0.07923,0.07945,1338311.1
1759060800000,2025-09-28 14:00:00,0.07945,0.07947,0.0788,0.07914,1060422.5
1759064400000,2025-09-28 15:00:00,0.07914,0.08034,0.07905,0.08019,1839198.6
1759068000000,2025-09-28 16:00:00,0.08019,0.08024,0.07987,0.08006,923538.6
1759071600000,2025-09-28 17:00:00,0.08006,0.08028,0.08001,0.08022,514796.7
1759075200000,2025-09-28 18:00:00,0.08022,0.08085,0.08022,0.08061,961579.7
1759078800000,2025-09-28 19:00:00,0.08061,0.08089,0.08032,0.08065,1339635.6
1759082400000,2025-09-28 20:00:00,0.08065,0.08085,0.08056,0.08085,343589.8
1759086000000,2025-09-28 21:00:00,0.08085,0.08095,0.08054,0.08081,494701.9
1759089600000,2025-09-28 22:00:00,0.08081,0.08163,0.08081,0.08131,1171003.6
1759093200000,2025-09-28 23:00:00,0.08131,0.08179,0.08119,0.08129,529815.4
1759096800000,2025-09-29 00:00:00,0.08129,0.08279,0.08129,0.08273,2208358.2
1759100400000,2025-09-29 01:00:00,0.08273,0.08293,0.08249,0.08265,1107823.7
1759104000000,2025-09-29 02:00:00,0.08265,0.08277,0.08219,0.08233,1651168.3
1759107600000,2025-09-29 03:00:00,0.08233,0.08235,0.08176,0.08178,939088.9
1759111200000,2025-09-29 04:00:00,0.08178,0.08214,0.08159,0.08184,752850.0
1759114800000,2025-09-29 05:00:00,0.08184,0.0819,0.08156,0.0819,458221.7
1759118400000,2025-09-29 06:00:00,0.0819,0.08192,0.08143,0.08158,881353.0
1759122000000,2025-09-29 07:00:00,0.08158,0.08175,0.08116,0.08169,555984.6
1759125600000,2025-09-29 08:00:00,0.08169,0.08169,0.08123,0.08123,335506.8
1759129200000,2025-09-29 09:00:00,0.08123,0.08163,0.08094,0.0815,699965.8
1759132800000,2025-09-29 10:00:00,0.0815,0.08188,0.08131,0.08175,430903.5
1759136400000,2025-09-29 11:00:00,0.08175,0.08199,0.08133,0.08148,475356.4
1759140000000,2025-09-29 12:00:00,0.08148,0.08167,0.08097,0.08101,868958.9
1759143600000,2025-09-29 13:00:00,0.08101,0.08103,0.08042,0.08078,918214.1
1759147200000,2025-09-29 14:00:00,0.08078,0.08097,0.07985,0.08,2349146.8
1759150800000,2025-09-29 15:00:00,0.08,0.08195,0.07973,0.0817,3402255.2
1759154400000,2025-09-29 16:00:00,0.0817,0.08333,0.08162,0.08309,3052957.5
1759158000000,2025-09-29 17:00:00,0.08309,0.08333,0.08172,0.08184,2018190.4
1759161600000,2025-09-29 18:00:00,0.08184,0.08245,0.08124,0.08126,1684781.5
1759165200000,2025-09-29 19:00:00,0.08126,0.08166,0.08082,0.08158,1430631.2
1759168800000,2025-09-29 20:00:00,0.08158,0.08158,0.08122,0.08153,387706.2
1759172400000,2025-09-29 21:00:00,0.08153,0.08253,0.0814,0.08247,1357688.2
1759176000000,2025-09-29 22:00:00,0.08247,0.08319,0.08238,0.08303,1725952.4
1759179600000,2025-09-29 23:00:00,0.08303,0.08308,0.0826,0.0826,830124.3
1759183200000,2025-09-30 00:00:00,0.0826,0.08269,0.08215,0.08218,739739.7
1759186800000,2025-09-30 01:00:00,0.08218,0.08221,0.08155,0.08156,764794.2
1759190400000,2025-09-30 02:00:00,0.08156,0.08188,0.08083,0.08091,3302303.7
1759194000000,2025-09-30 03:00:00,0.08091,0.08136,0.08037,0.08086,2509261.1
1759197600000,2025-09-30 04:00:00,0.08086,0.08091,0.08051,0.08051,707639.2
1759201200000,2025-09-30 05:00:00,0.08051,0.08096,0.08028,0.08035,1249177.5
1759204800000,2025-09-30 06:00:00,0.08035,0.08078,0.08031,0.0805,1341842.9
1759208400000,2025-09-30 07:00:00,0.0805,0.08083,0.08036,0.08073,2027276.1
1759212000000,2025-09-30 08:00:00,0.08073,0.08097,0.0804,0.0804,876690.7
1759215600000,2025-09-30 09:00:00,0.0804,0.08071,0.07992,0.0802,1601737.8
1759219200000,2025-09-30 10:00:00,0.0802,0.0803,0.07981,0.07981,954204.8
1759222800000,2025-09-30 11:00:00,0.07981,0.08002,0.07934,0.0794,2786310.4
1759226400000,2025-09-30 12:00:00,0.0794,0.0798,0.07933,0.07968,1058938.4
1759230000000,2025-09-30 13:00:00,0.07968,0.08016,0.07941,0.08009,857593.7
1759233600000,2025-09-30 14:00:00,0.08009,0.08012,0.07958,0.07962,981799.2
1759237200000,2025-09-30 15:00:00,0.07962,0.08016,0.07936,0.07967,1573612.6
1759240800000,2025-09-30 16:00:00,0.07967,0.07979,0.07918,0.07968,2282693.8
1759244400000,2025-09-30 17:00:00,0.07968,0.07972,0.07833,0.07907,3699813.4
1759248000000,2025-09-30 18:00:00,0.07907,0.07907,0.07825,0.07875,2584304.7
1759251600000,2025-09-30 19:00:00,0.07875,0.07922,0.07854,0.07891,2622369.4
1759255200000,2025-09-30 20:00:00,0.07891,0.07946,0.07871,0.07935,747531.3
1759258800000,2025-09-30 21:00:00,0.07935,0.08072,0.07931,0.08061,3176572.1
1759262400000,2025-09-30 22:00:00,0.08061,0.08118,0.08035,0.08097,1556651.6
1759266000000,2025-09-30 23:00:00,0.08097,0.08112,0.08033,0.08033,1373520.9
1759269600000,2025-10-01 00:00:00,0.08033,0.0808,0.08004,0.08013,945312.6
1759273200000,2025-10-01 01:00:00,0.08013,0.08045,0.07981,0.08042,661052.5
1759276800000,2025-10-01 02:00:00,0.08042,0.08066,0.07986,0.0802,819426.0
1759280400000,2025-10-01 03:00:00,0.0802,0.081,0.08007,0.08099,720008.4
1759284000000,2025-10-01 04:00:00,0.08099,0.08114,0.08059,0.08059,620759.9
1759287600000,2025-10-01 05:00:00,0.08059,0.08072,0.07991,0.07992,608620.6
1759291200000,2025-10-01 06:00:00,0.07992,0.08089,0.07986,0.08039,1999412.7
1759294800000,2025-10-01 07:00:00,0.08039,0.0812,0.08039,0.08089,1657726.7
1759298400000,2025-10-01 08:00:00,0.08089,0.08104,0.0803,0.08039,691254.7
1759302000000,2025-10-01 09:00:00,0.08039,0.08096,0.08028,0.08079,666375.4
1759305600000,2025-10-01 10:00:00,0.08079,0.08405,0.08073,0.08388,5225072.4
1759309200000,2025-10-01 11:00:00,0.08388,0.0851,0.08388,0.08468,4621505.8
1759312800000,2025-10-01 12:00:00,0.08468,0.08481,0.08355,0.08368,1866902.7
1759316400000,2025-10-01 13:00:00,0.08368,0.08415,0.08367,0.08399,1000501.9
1759320000000,2025-10-01 14:00:00,0.08399,0.08437,0.08339,0.0834,2018486.7
1759323600000,2025-10-01 15:00:00,0.0834,0.08405,0.08329,0.08379,2392846.1
1759327200000,2025-10-01 16:00:00,0.08379,0.0842,0.08355,0.08379,2089629.1
1759330800000,2025-10-01 17:00:00,0.08379,0.08417,0.08353,0.08393,848999.0
1759334400000,2025-10-01 18:00:00,0.08393,0.08412,0.08347,0.08365,801017.2
1759338000000,2025-10-01 19:00:00,0.08365,0.08403,0.0836,0.08375,636574.8
1759341600000,2025-10-01 20:00:00,0.08375,0.08458,0.08375,0.0845,1042459.9
1759345200000,2025-10-01 21:00:00,0.0845,0.0849,0.08436,0.08463,1785349.5
1759348800000,2025-10-01 22:00:00,0.08463,0.08479,0.08434,0.08461,774254.8
1759352400000,2025-10-01 23:00:00,0.08461,0.0847,0.08421,0.08438,439312.2
1759356000000,2025-10-02 00:00:00,0.08438,0.08464,0.0842,0.08439,778670.8
1759359600000,2025-10-02 01:00:00,0.08439,0.08492,0.08434,0.08488,729415.2
1759363200000,2025-10-02 02:00:00,0.08488,0.08517,0.08453,0.08458,1931712.3
1759366800000,2025-10-02 03:00:00,0.08458,0.08577,0.08453,0.08572,1782369.8
1759370400000,2025-10-02 04:00:00,0.08572,0.08581,0.0853,0.08567,1308132.8
1759374000000,2025-10-02 05:00:00,0.08567,0.08603,0.08559,0.08593,1269539.7
1759377600000,2025-10-02 06:00:00,0.08593,0.08626,0.08557,0.08616,1569924.2
1759381200000,2025-10-02 07:00:00,0.08616,0.08662,0.08593,0.08643,1923459.3
1759384800000,2025-10-02 08:00:00,0.08643,0.08689,0.08622,0.08635,2096225.6
1759388400000,2025-10-02 09:00:00,0.08635,0.08659,0.08594,0.08599,1180597.3
1759392000000,2025-10-02 10:00:00,0.08599,0.08646,0.08599,0.08645,1126450.7
1759395600000,2025-10-02 11:00:00,0.08645,0.08654,0.08615,0.08639,601073.3
1759399200000,2025-10-02 12:00:00,0.08639,0.08675,0.086,0.08654,992582.0
1759402800000,2025-10-02 13:00:00,0.08654,0.08703,0.08634,0.08667,1540763.5
1759406400000,2025-10-02 14:00:00,0.08667,0.08712,0.08653,0.08698,1559616.8
1759410000000,2025-10-02 15:00:00,0.08698,0.08698,0.08578,0.08625,2805192.1
1759413600000,2025-10-02 16:00:00,0.08625,0.0866,0.08525,0.08557,7530584.9
1759417200000,2025-10-02 17:00:00,0.08557,0.0866,0.08503,0.0866,2604521.3
1759420800000,2025-10-02 18:00:00,0.0866,0.08754,0.08652,0.08709,5233789.5
1759424400000,2025-10-02 19:00:00,0.08709,0.08789,0.08676,0.08771,1564630.9
1759428000000,2025-10-02 20:00:00,0.08771,0.08815,0.08771,0.08799,1994512.5
1759431600000,2025-10-02 21:00:00,0.08799,0.08862,0.08784,0.08833,2244802.2
1759435200000,2025-10-02 22:00:00,0.08833,0.08851,0.08787,0.08837,1668814.7
1759438800000,2025-10-02 23:00:00,0.08837,0.08892,0.0883,0.08852,817086.4
1759442400000,2025-10-03 00:00:00,0.08852,0.08869,0.08815,0.08824,970359.5
1759446000000,2025-10-03 01:00:00,0.08824,0.08854,0.08809,0.08848,925956.2
1759449600000,2025-10-03 02:00:00,0.08848,0.0885,0.08746,0.08765,2976236.1
1759453200000,2025-10-03 03:00:00,0.08765,0.08789,0.08721,0.0873,3043808.1
1759456800000,2025-10-03 04:00:00,0.0873,0.08758,0.0869,0.08751,1700478.9
1759460400000,2025-10-03 05:00:00,0.08751,0.08827,0.08726,0.08735,1796470.7
1759464000000,2025-10-03 06:00:00,0.08735,0.08822,0.08728,0.088,1189365.8
1759467600000,2025-10-03 07:00:00,0.088,0.08804,0.0873,0.08764,1121707.9
1759471200000,2025-10-03 08:00:00,0.08764,0.08804,0.08703,0.08741,1044656.3
1759474800000,2025-10-03 09:00:00,0.08741,0.08742,0.08691,0.08723,1272832.7
1759478400000,2025-10-03 10:00:00,0.08723,0.08727,0.08653,0.08712,1439239.6
1759482000000,2025-10-03 11:00:00,0.08712,0.08726,0.08668,0.08715,1335785.3
1759485600000,2025-10-03 12:00:00,0.08715,0.08715,0.08683,0.08689,1060207.2
1759489200000,2025-10-03 13:00:00,0.08689,0.08689,0.08603,0.08617,5240753.3
1759492800000,2025-10-03 14:00:00,0.08617,0.08661,0.08605,0.08628,3328783.8
1759496400000,2025-10-03 15:00:00,0.08628,0.08683,0.0856,0.08631,3571273.0
1759500000000,2025-10-03 16:00:00,0.08631,0.08677,0.08531,0.08648,3286537.3
1759503600000,2025-10-03 17:00:00,0.08648,0.08821,0.08611,0.08815,2324909.4
1759507200000,2025-10-03 18:00:00,0.08815,0.08916,0.08796,0.08803,6551048.5
1759510800000,2025-10-03 19:00:00,0.08803,0.08803,0.08612,0.08634,9519433.1
1759514400000,2025-10-03 20:00:00,0.08634,0.08711,0.08573,0.08704,3406595.3
1759518000000,2025-10-03 21:00:00,0.08704,0.08739,0.08664,0.08672,2397286.2
1759521600000,2025-10-03 22:00:00,0.08672,0.08675,0.08605,0.08629,2163327.5
1759525200000,2025-10-03 23:00:00,0.08629,0.08655,0.086,0.08625,994241.8
1759528800000,2025-10-04 00:00:00,0.08625,0.0865,0.08607,0.08614,839302.5
1759532400000,2025-10-04 01:00:00,0.08614,0.08617,0.08552,0.08565,1719890.5
1759536000000,2025-10-04 02:00:00,0.08565,0.08587,0.0851,0.08534,2178618.1
1759539600000,2025-10-04 03:00:00,0.08534,0.08536,0.08421,0.08453,3955459.5
1759543200000,2025-10-04 04:00:00,0.08453,0.08477,0.08409,0.08448,2177940.2
1759546800000,2025-10-04 05:00:00,0.08448,0.08456,0.08401,0.08435,1329269.5
1759550400000,2025-10-04 06:00:00,0.08435,0.08446,0.08403,0.08411,980330.1
1759554000000,2025-10-04 07:00:00,0.08411,0.08459,0.08403,0.08425,1054854.8
1759557600000,2025-10-04 08:00:00,0.08425,0.08478,0.08417,0.08468,1467466.0
1759561200000,2025-10-04 09:00:00,0.08468,0.08468,0.08385,0.08417,2276331.9
1759564800000,2025-10-04 10:00:00,0.08417,0.08429,0.08333,0.08367,3841809.7
1759568400000,2025-10-04 11:00:00,0.08367,0.08385,0.08292,0.08302,2276675.0
1759572000000,2025-10-04 12:00:00,0.08302,0.08343,0.08241,0.0826,4081353.6
1759575600000,2025-10-04 13:00:00,0.0826,0.08319,0.08249,0.08301,1106787.0
1759579200000,2025-10-04 14:00:00,0.08301,0.08339,0.08297,0.08312,1494772.0
1759582800000,2025-10-04 15:00:00,0.08312,0.08406,0.08302,0.0836,1732156.2
1759586400000,2025-10-04 16:00:00,0.0836,0.08395,0.08266,0.08266,1344516.7
1759590000000,2025-10-04 17:00:00,0.08266,0.08292,0.08209,0.08248,3810981.1
1759593600000,2025-10-04 18:00:00,0.08248,0.08282,0.08193,0.08276,2152892.9
1759597200000,2025-10-04 19:00:00,0.08276,0.08299,0.08229,0.08254,1743765.2
1759600800000,2025-10-04 20:00:00,0.08254,0.08273,0.08238,0.08243,552031.9
1759604400000,2025-10-04 21:00:00,0.08243,0.08309,0.08243,0.08309,483995.1
1759608000000,2025-10-04 22:00:00,0.08309,0.08376,0.08308,0.08344,5675221.2
1759611600000,2025-10-04 23:00:00,0.08344,0.08399,0.08338,0.08372,1653103.1
1759615200000,2025-10-05 00:00:00,0.08372,0.08415,0.08365,0.08381,967463.5
1759618800000,2025-10-05 01:00:00,0.08381,0.08401,0.08362,0.08376,636861.7
1759622400000,2025-10-05 02:00:00,0.08376,0.08411,0.08293,0.08302,1990798.3
1759626000000,2025-10-05 03:00:00,0.08302,0.08359,0.08299,0.08344,830402.3
1759629600000,2025-10-05 04:00:00,0.08344,0.08535,0.08329,0.08532,3519446.2
1759633200000,2025-10-05 05:00:00,0.08532,0.08563,0.08494,0.085,1715529.1
1759636800000,2025-10-05 06:00:00,0.085,0.0862,0.08499,0.0859,4459030.2
1759640400000,2025-10-05 07:00:00,0.0859,0.08643,0.0858,0.08613,1903310.8
1759644000000,2025-10-05 08:00:00,0.08613,0.08635,0.08584,0.08604,1455677.5
1759647600000,2025-10-05 09:00:00,0.08604,0.08714,0.08595,0.08707,3165739.6
1759651200000,2025-10-05 10:00:00,0.08707,0.08741,0.08656,0.08666,2206743.5
1759654800000,2025-10-05 11:00:00,0.08666,0.0869,0.08555,0.08564,5757131.5
1759658400000,2025-10-05 12:00:00,0.08564,0.08584,0.08503,0.0852,3093467.9
1759662000000,2025-10-05 13:00:00,0.0852,0.0855,0.08459,0.0854,2824170.5
1759665600000,2025-10-05 14:00:00,0.0854,0.0854,0.08441,0.08441,2581855.2
1759669200000,2025-10-05 15:00:00,0.08441,0.08486,0.08441,0.08465,1600315.5
1759672800000,2025-10-05 16:00:00,0.08465,0.08508,0.08389,0.0842,4564018.1
1759676400000,2025-10-05 17:00:00,0.0842,0.0847,0.08413,0.08443,2615454.2
1759680000000,2025-10-05 18:00:00,0.08443,0.08458,0.08335,0.08412,3466278.9
1759683600000,2025-10-05 19:00:00,0.08412,0.08439,0.08302,0.08314,2288508.8
1759687200000,2025-10-05 20:00:00,0.08314,0.08358,0.08267,0.08336,2882861.2
1759690800000,2025-10-05 21:00:00,0.08336,0.08336,0.08221,0.08226,2810770.2
1759694400000,2025-10-05 22:00:00,0.08226,0.08289,0.08209,0.08265,1374709.5
1759698000000,2025-10-05 23:00:00,0.08265,0.08287,0.08244,0.08257,729284.9
1759701600000,2025-10-06 00:00:00,0.08257,0.08304,0.08247,0.08301,1556010.6
1759705200000,2025-10-06 01:00:00,0.08301,0.08323,0.08281,0.08284,966962.9
1759708800000,2025-10-06 02:00:00,0.08284,0.08363,0.08229,0.08254,2607228.2
1759712400000,2025-10-06 03:00:00,0.08254,0.08376,0.08232,0.08329,2174089.8
1759716000000,2025-10-06 04:00:00,0.08329,0.08373,0.08265,0.08326,1763088.5
1759719600000,2025-10-06 05:00:00,0.08326,0.08374,0.08318,0.08338,2016533.6
1759723200000,2025-10-06 06:00:00,0.08338,0.08338,0.08278,0.0829,1241074.1
1759726800000,2025-10-06 07:00:00,0.0829,0.08334,0.08278,0.08329,979015.1
1759730400000,2025-10-06 08:00:00,0.08329,0.0844,0.08326,0.08411,3151997.7
1759734000000,2025-10-06 09:00:00,0.08411,0.08427,0.08307,0.08336,3122765.8
1759737600000,2025-10-06 10:00:00,0.08336,0.08415,0.08336,0.08395,2608504.0
1759741200000,2025-10-06 11:00:00,0.08395,0.08413,0.08368,0.08381,1933190.1
1759744800000,2025-10-06 12:00:00,0.08381,0.0841,0.08358,0.08394,1096730.8
1759748400000,2025-10-06 13:00:00,0.08394,0.08464,0.0837,0.0842,2810609.9
1759752000000,2025-10-06 14:00:00,0.0842,0.08493,0.0842,0.08487,2240037.9
1759755600000,2025-10-06 15:00:00,0.08487,0.08629,0.08474,0.08626,4598326.8
1759759200000,2025-10-06 16:00:00,0.08626,0.08656,0.08546,0.08561,2424362.4
1759762800000,2025-10-06 17:00:00,0.08561,0.08703,0.08561,0.08667,1835786.8
1759766400000,2025-10-06 18:00:00,0.08667,0.08715,0.086,0.08644,3290064.7
1759770000000,2025-10-06 19:00:00,0.08644,0.08716,0.08618,0.0868,4435096.5
1759773600000,2025-10-06 20:00:00,0.0868,0.08712,0.08649,0.08682,1157666.3
1759777200000,2025-10-06 21:00:00,0.08682,0.08687,0.08632,0.08652,2926394.3
1759780800000,2025-10-06 22:00:00,0.08652,0.08709,0.08632,0.08654,1105703.2
1759784400000,2025-10-06 23:00:00,0.08654,0.08667,0.0859,0.08641,1565836.7
1759788000000,2025-10-07 00:00:00,0.08641,0.08666,0.08599,0.08611,1137775.6
1759791600000,2025-10-07 01:00:00,0.08611,0.08621,0.08563,0.08591,1036607.0
1759795200000,2025-10-07 02:00:00,0.08591,0.08639,0.08575,0.08638,1554334.1
1759798800000,2025-10-07 03:00:00,0.08638,0.08669,0.08583,0.08602,648119.6
1759802400000,2025-10-07 04:00:00,0.08602,0.08623,0.08563,0.08577,697105.4
1759806000000,2025-10-07 05:00:00,0.08577,0.08613,0.08563,0.08582,647601.1
1759809600000,2025-10-07 06:00:00,0.08582,0.087,0.08536,0.08675,2570172.5
1759813200000,2025-10-07 07:00:00,0.08675,0.08682,0.08613,0.08622,1632279.4
1759816800000,2025-10-07 08:00:00,0.08622,0.08644,0.0847,0.08491,3684478.2
1759820400000,2025-10-07 09:00:00,0.08491,0.08534,0.08425,0.08452,2758584.0
1759824000000,2025-10-07 10:00:00,0.08452,0.08452,0.08317,0.08405,6247728.2
1759827600000,2025-10-07 11:00:00,0.08405,0.08462,0.08401,0.08424,1567813.4
1759831200000,2025-10-07 12:00:00,0.08424,0.08512,0.0841,0.08501,2024339.9
1759834800000,2025-10-07 13:00:00,0.08501,0.08534,0.08493,0.0853,1671908.3
1759838400000,2025-10-07 14:00:00,0.0853,0.08593,0.085,0.08593,2324364.2
1759842000000,2025-10-07 15:00:00,0.08593,0.08611,0.08432,0.08502,7213262.9
1759845600000,2025-10-07 16:00:00,0.08502,0.08509,0.08281,0.08281,6088284.5
1759849200000,2025-10-07 17:00:00,0.08281,0.08307,0.08172,0.08223,9826680.6
1759852800000,2025-10-07 18:00:00,0.08223,0.08339,0.08145,0.08297,5272507.3
1759856400000,2025-10-07 19:00:00,0.08297,0.0835,0.08235,0.08235,2243429.3
1759860000000,2025-10-07 20:00:00,0.08235,0.08252,0.08202,0.08202,1504601.7
1759863600000,2025-10-07 21:00:00,0.08202,0.08262,0.08194,0.08223,1699950.5
1759867200000,2025-10-07 22:00:00,0.08223,0.08302,0.08213,0.08257,877619.9
1759870800000,2025-10-07 23:00:00,0.08257,0.08277,0.08204,0.08223,380744.5
1759874400000,2025-10-08 00:00:00,0.08223,0.08279,0.08206,0.08237,1068820.8
1759878000000,2025-10-08 01:00:00,0.08237,0.0825,0.08168,0.08197,1854852.6
1759881600000,2025-10-08 02:00:00,0.08197,0.08264,0.08176,0.08233,1191731.7
1759885200000,2025-10-08 03:00:00,0.08233,0.08263,0.08214,0.08247,779170.4
1759888800000,2025-10-08 04:00:00,0.08247,0.08274,0.08218,0.08234,818848.8
1759892400000,2025-10-08 05:00:00,0.08234,0.08234,0.08079,0.08127,2725343.9
1759896000000,2025-10-08 06:00:00,0.08127,0.08204,0.08095,0.08199,1203146.0
1759899600000,2025-10-08 07:00:00,0.08199,0.08199,0.08113,0.0815,1673815.5
1759903200000,2025-10-08 08:00:00,0.0815,0.08202,0.08128,0.08192,1418471.9
1759906800000,2025-10-08 09:00:00,0.08192,0.08242,0.08169,0.0824,1150454.8
1759910400000,2025-10-08 10:00:00,0.0824,0.08293,0.08223,0.08249,2011742.5
1759914000000,2025-10-08 11:00:00,0.08249,0.08256,0.08183,0.0822,1114827.6
1759917600000,2025-10-08 12:00:00,0.0822,0.08276,0.08217,0.08266,1194553.5
1759921200000,2025-10-08 13:00:00,0.08266,0.08279,0.08179,0.08194,2164809.6
1759924800000,2025-10-08 14:00:00,0.08194,0.08234,0.08188,0.08228,693974.1
1759928400000,2025-10-08 15:00:00,0.08228,0.08264,0.08169,0.08253,1841223.6
1759932000000,2025-10-08 16:00:00,0.08253,0.0834,0.08187,0.08202,2254371.7
1759935600000,2025-10-08 17:00:00,0.08202,0.08276,0.08201,0.08243,710043.5
1759939200000,2025-10-08 18:00:00,0.08243,0.08332,0.08226,0.08332,1176900.5
1759942800000,2025-10-08 19:00:00,0.08332,0.08456,0.08326,0.08437,3087283.2
1759946400000,2025-10-08 20:00:00,0.08437,0.0845,0.08369,0.08401,2462746.8
1759950000000,2025-10-08 21:00:00,0.08401,0.08403,0.08355,0.08386,988117.6
1759953600000,2025-10-08 22:00:00,0.08386,0.08413,0.08329,0.08333,814365.5
1759957200000,2025-10-08 23:00:00,0.08333,0.08363,0.08315,0.08331,633782.5
1759960800000,2025-10-09 00:00:00,0.08331,0.08363,0.08312,0.08312,480132.0
1759964400000,2025-10-09 01:00:00,0.08312,0.08334,0.08281,0.08301,883164.0
1759968000000,2025-10-09 02:00:00,0.08301,0.0832,0.0823,0.08231,1368550.0
1759971600000,2025-10-09 03:00:00,0.08231,0.08234,0.08185,0.0823,1221024.6
1759975200000,2025-10-09 04:00:00,0.0823,0.0823,0.08055,0.08071,3103977.6
1759978800000,2025-10-09 05:00:00,0.08071,0.08192,0.08071,0.08181,2174244.8
1759982400000,2025-10-09 06:00:00,0.08181,0.08227,0.08155,0.08224,780251.3
1759986000000,2025-10-09 07:00:00,0.08224,0.08242,0.08172,0.08183,1002151.6
1759989600000,2025-10-09 08:00:00,0.08183,0.08194,0.08129,0.08138,704699.9
1759993200000,2025-10-09 09:00:00,0.08138,0.08171,0.08097,0.08113,1183611.5
1759996800000,2025-10-09 10:00:00,0.08113,0.08119,0.07973,0.07986,4399774.4
1760000400000,2025-10-09 11:00:00,0.07986,0.08068,0.07983,0.08047,1676802.5
1760004000000,2025-10-09 12:00:00,0.08047,0.08068,0.08003,0.08044,698416.7
1760007600000,2025-10-09 13:00:00,0.08044,0.08106,0.08044,0.08082,1377349.4
1760011200000,2025-10-09 14:00:00,0.08082,0.08169,0.08075,0.08153,1892047.7
1760014800000,2025-10-09 15:00:00,0.08153,0.08159,0.08013,0.08016,2337749.0
1760018400000,2025-10-09 16:00:00,0.08016,0.08081,0.07943,0.08026,3881853.1
1760022000000,2025-10-09 17:00:00,0.08026,0.08071,0.07957,0.07986,1543017.6
1760025600000,2025-10-09 18:00:00,0.07986,0.08025,0.07925,0.07945,1705957.2
1760029200000,2025-10-09 19:00:00,0.07945,0.08111,0.07937,0.0811,2257462.0
1760032800000,2025-10-09 20:00:00,0.0811,0.08124,0.08065,0.08065,1764536.3
1760036400000,2025-10-09 21:00:00,0.08065,0.08096,0.08053,0.08074,847085.8
1760040000000,2025-10-09 22:00:00,0.08074,0.08109,0.08065,0.081,985236.7
1760043600000,2025-10-09 23:00:00,0.081,0.08125,0.08072,0.08105,1000229.4
1760047200000,2025-10-10 00:00:00,0.08105,0.08185,0.08097,0.08161,970670.7
1760050800000,2025-10-10 01:00:00,0.08161,0.08169,0.08113,0.08114,769915.9
1760054400000,2025-10-10 02:00:00,0.08114,0.08155,0.08091,0.08101,1127842.2
1760058000000,2025-10-10 03:00:00,0.08101,0.08131,0.08091,0.08114,780546.3
1760061600000,2025-10-10 04:00:00,0.08114,0.08123,0.08055,0.08067,673282.1
1760065200000,2025-10-10 05:00:00,0.08067,0.0825,0.08044,0.08163,3658218.9
1760068800000,2025-10-10 06:00:00,0.08163,0.082,0.08114,0.08127,1400418.5
1760072400000,2025-10-10 07:00:00,0.08127,0.08204,0.08089,0.08194,1233466.4
1760076000000,2025-10-10 08:00:00,0.08194,0.08209,0.08087,0.08101,1367263.0
1760079600000,2025-10-10 09:00:00,0.08101,0.08108,0.08045,0.08049,1353349.9
1760083200000,2025-10-10 10:00:00,0.08049,0.08116,0.08023,0.08114,2486857.6
1760086800000,2025-10-10 11:00:00,0.08114,0.08154,0.08083,0.08112,1471935.8
1760090400000,2025-10-10 12:00:00,0.08112,0.08185,0.08106,0.08175,1999680.5
1760094000000,2025-10-10 13:00:00,0.08175,0.08239,0.08174,0.08233,1781805.0
1760097600000,2025-10-10 14:00:00,0.08233,0.08303,0.08201,0.08283,2320364.3
1760101200000,2025-10-10 15:00:00,0.08283,0.08332,0.0822,0.08255,2937642.1
1760104800000,2025-10-10 16:00:00,0.08255,0.08279,0.08039,0.08077,5095953.4
1760108400000,2025-10-10 17:00:00,0.08077,0.08088,0.07757,0.07854,21680760.4
1760112000000,2025-10-10 18:00:00,0.07854,0.07942,0.07811,0.07857,4642762.5
1760115600000,2025-10-10 19:00:00,0.07857,0.07889,0.07788,0.07827,3099897.5
1760119200000,2025-10-10 20:00:00,0.07827,0.07856,0.07788,0.07796,3045700.9
1760122800000,2025-10-10 21:00:00,0.07796,0.07822,0.07635,0.07724,13128478.8
1760126400000,2025-10-10 22:00:00,0.07724,0.07756,0.07059,0.07232,25920689.2
1760130000000,2025-10-10 23:00:00,0.07232,0.07343,0.02949,0.05476,130341918.6
1760133600000,2025-10-11 00:00:00,0.05476,0.05832,0.04814,0.05832,78556864.9
1760137200000,2025-10-11 01:00:00,0.05832,0.06297,0.05729,0.06047,29830120.4
1760140800000,2025-10-11 02:00:00,0.06047,0.06203,0.05852,0.06159,25247812.1
1760144400000,2025-10-11 03:00:00,0.06159,0.06177,0.05921,0.05957,12360373.9
1760148000000,2025-10-11 04:00:00,0.05957,0.06351,0.05956,0.06304,5635433.7
1760151600000,2025-10-11 05:00:00,0.06304,0.06323,0.06117,0.0623,7251460.8
1760155200000,2025-10-11 06:00:00,0.0623,0.06417,0.06217,0.0638,5004368.9
1760158800000,2025-10-11 07:00:00,0.0638,0.06436,0.06264,0.06325,6541544.0
1760162400000,2025-10-11 08:00:00,0.06325,0.06447,0.06303,0.0635,4746433.0
1760166000000,2025-10-11 09:00:00,0.0635,0.06454,0.06302,0.06416,5830671.9
1760169600000,2025-10-11 10:00:00,0.06416,0.06651,0.06384,0.06615,7843059.6
1760173200000,2025-10-11 11:00:00,0.06615,0.06715,0.06604,0.0662,7381805.4
1760176800000,2025-10-11 12:00:00,0.0662,0.06702,0.06603,0.06647,3732289.3
1760180400000,2025-10-11 13:00:00,0.06647,0.06686,0.06573,0.06672,5155368.2
1760184000000,2025-10-11 14:00:00,0.06672,0.06685,0.06487,0.06523,9200083.1
1760187600000,2025-10-11 15:00:00,0.06523,0.06576,0.06436,0.06537,3540580.5
1760191200000,2025-10-11 16:00:00,0.06537,0.06576,0.06488,0.06571,2701101.8
1760194800000,2025-10-11 17:00:00,0.06571,0.06646,0.0657,0.06625,4774549.9
1760198400000,2025-10-11 18:00:00,0.06625,0.0666,0.06568,0.06583,2199677.8
1760202000000,2025-10-11 19:00:00,0.06583,0.0663,0.06538,0.0657,5388246.7
1760205600000,2025-10-11 20:00:00,0.0657,0.06575,0.06491,0.06493,1979519.6
1760209200000,2025-10-11 21:00:00,0.06493,0.06493,0.06232,0.06289,6662151.2
1760212800000,2025-10-11 22:00:00,0.06289,0.06303,0.06157,0.06197,3985358.1
1760216400000,2025-10-11 23:00:00,0.06197,0.06304,0.06086,0.06252,3540647.9
1760220000000,2025-10-12 00:00:00,0.06252,0.06306,0.0623,0.06285,3008020.2
1760223600000,2025-10-12 01:00:00,0.06285,0.06314,0.06249,0.06253,2507868.4
1760227200000,2025-10-12 02:00:00,0.06253,0.06279,0.06134,0.06151,3426628.8
1760230800000,2025-10-12 03:00:00,0.06151,0.06241,0.06122,0.06126,2235055.9
1760234400000,2025-10-12 04:00:00,0.06126,0.0624,0.06107,0.06179,2631056.7
1760238000000,2025-10-12 05:00:00,0.06179,0.06326,0.0616,0.06246,4088628.5
1760241600000,2025-10-12 06:00:00,0.06246,0.06367,0.06232,0.06329,1748746.9
1760245200000,2025-10-12 07:00:00,0.06329,0.06411,0.06314,0.06375,3313064.0
1760248800000,2025-10-12 08:00:00,0.06375,0.06468,0.06363,0.06449,1298868.4
1760252400000,2025-10-12 09:00:00,0.06449,0.06469,0.06402,0.06414,1645360.9
1760256000000,2025-10-12 10:00:00,0.06414,0.06467,0.06368,0.06371,1511372.2
1760259600000,2025-10-12 11:00:00,0.06371,0.06446,0.06308,0.0644,3310299.2
1760263200000,2025-10-12 12:00:00,0.0644,0.06464,0.06387,0.06405,2926047.9
1760266800000,2025-10-12 13:00:00,0.06405,0.06458,0.06398,0.0642,2605912.0
1760270400000,2025-10-12 14:00:00,0.0642,0.06496,0.06407,0.06425,3372897.7
1760274000000,2025-10-12 15:00:00,0.06425,0.06462,0.06338,0.06368,1978463.6
1760277600000,2025-10-12 16:00:00,0.06368,0.06699,0.06368,0.06601,11391265.8
1760281200000,2025-10-12 17:00:00,0.06601,0.06814,0.06598,0.06781,9769776.5
1760284800000,2025-10-12 18:00:00,0.06781,0.06936,0.06755,0.06867,8854387.2
1760288400000,2025-10-12 19:00:00,0.06867,0.06912,0.06814,0.06889,4072891.1
1760292000000,2025-10-12 20:00:00,0.06889,0.06919,0.06793,0.06845,3297577.3
1760295600000,2025-10-12 21:00:00,0.06845,0.06962,0.06845,0.06957,1466678.9
1760299200000,2025-10-12 22:00:00,0.06957,0.07008,0.06909,0.06938,2922747.6
1760302800000,2025-10-12 23:00:00,0.06938,0.06987,0.06822,0.06925,1803658.9
1760306400000,2025-10-13 00:00:00,0.06925,0.06986,0.06869,0.06902,2384394.4
1760310000000,2025-10-13 01:00:00,0.06902,0.06922,0.06842,0.06904,1608920.0
1760313600000,2025-10-13 02:00:00,0.06904,0.06947,0.06791,0.06819,2922654.1
1760317200000,2025-10-13 03:00:00,0.06819,0.0689,0.06774,0.06884,2391248.0
1760320800000,2025-10-13 04:00:00,0.06884,0.06915,0.06805,0.0686,1104507.1
1760324400000,2025-10-13 05:00:00,0.0686,0.06904,0.06822,0.06855,2430631.8
1760328000000,2025-10-13 06:00:00,0.06855,0.06876,0.06805,0.06865,2259412.5
1760331600000,2025-10-13 07:00:00,0.06865,0.06875,0.06813,0.06822,654914.4
1760335200000,2025-10-13 08:00:00,0.06822,0.06945,0.06786,0.06907,1895360.1
1760338800000,2025-10-13 09:00:00,0.06907,0.07016,0.06895,0.06917,2255219.3
1760342400000,2025-10-13 10:00:00,0.06917,0.07068,0.06897,0.07046,1668383.2
1760346000000,2025-10-13 11:00:00,0.07046,0.07099,0.06983,0.07099,3399698.8
1760349600000,2025-10-13 12:00:00,0.07099,0.07104,0.0699,0.07031,2517395.9
1760353200000,2025-10-13 13:00:00,0.07031,0.07038,0.06761,0.06903,8529861.2
1760356800000,2025-10-13 14:00:00,0.06903,0.07029,0.06846,0.06932,4742093.1
1760360400000,2025-10-13 15:00:00,0.06932,0.0716,0.06909,0.07102,10589247.5
1760364000000,2025-10-13 16:00:00,0.07102,0.07129,0.0691,0.06944,5551954.9
1760367600000,2025-10-13 17:00:00,0.06944,0.07113,0.06936,0.07076,2136421.0
1760371200000,2025-10-13 18:00:00,0.07076,0.07122,0.07015,0.0709,2877023.3
1760374800000,2025-10-13 19:00:00,0.0709,0.07237,0.07068,0.07228,4252190.2
1760378400000,2025-10-13 20:00:00,0.07228,0.07273,0.07174,0.07222,3696167.6
1760382000000,2025-10-13 21:00:00,0.07222,0.07361,0.07209,0.07344,3036073.7
1760385600000,2025-10-13 22:00:00,0.07344,0.07393,0.07304,0.07392,1675073.1
1760389200000,2025-10-13 23:00:00,0.07392,0.07489,0.07352,0.07355,2349602.6
1760392800000,2025-10-14 00:00:00,0.07355,0.07372,0.07302,0.07347,3160974.7
1760396400000,2025-10-14 01:00:00,0.07347,0.07387,0.07318,0.07349,2253781.0
1760400000000,2025-10-14 02:00:00,0.07349,0.07373,0.07279,0.07314,1799197.3
1760403600000,2025-10-14 03:00:00,0.07314,0.07319,0.07236,0.07253,2554655.8
1760407200000,2025-10-14 04:00:00,0.07253,0.07253,0.0713,0.07138,3743178.7
1760410800000,2025-10-14 05:00:00,0.07138,0.07138,0.07066,0.07086,2072680.0
1760414400000,2025-10-14 06:00:00,0.07086,0.07114,0.06925,0.06969,2934551.7
1760418000000,2025-10-14 07:00:00,0.06969,0.07038,0.06857,0.06896,4676181.9
1760421600000,2025-10-14 08:00:00,0.06896,0.06932,0.06594,0.06727,13739149.4
1760425200000,2025-10-14 09:00:00,0.06727,0.06767,0.06629,0.06668,5129685.7
1760428800000,2025-10-14 10:00:00,0.06668,0.06764,0.06602,0.06718,3436401.6
1760432400000,2025-10-14 11:00:00,0.06718,0.06776,0.06661,0.06688,4043136.7
1760436000000,2025-10-14 12:00:00,0.06688,0.06688,0.06511,0.06616,5866072.7
1760439600000,2025-10-14 13:00:00,0.06616,0.06756,0.06614,0.06719,3352194.1
1760443200000,2025-10-14 14:00:00,0.06719,0.06724,0.06596,0.06616,2976375.2
1760446800000,2025-10-14 15:00:00,0.06616,0.06738,0.06551,0.06698,4640746.0
1760450400000,2025-10-14 16:00:00,0.06698,0.06861,0.06687,0.0677,3656630.9
1760454000000,2025-10-14 17:00:00,0.0677,0.06976,0.06731,0.06974,2917541.9
1760457600000,2025-10-14 18:00:00,0.06974,0.0707,0.06894,0.0694,5192479.9
1760461200000,2025-10-14 19:00:00,0.0694,0.07028,0.06852,0.06963,1465287.4
1760464800000,2025-10-14 20:00:00,0.06963,0.0704,0.06955,0.06976,1653343.8
1760468400000,2025-10-14 21:00:00,0.06976,0.07034,0.06842,0.0694,3885157.9
1760472000000,2025-10-14 22:00:00,0.0694,0.06989,0.06899,0.06976,2974261.8
1760475600000,2025-10-14 23:00:00,0.06976,0.07005,0.06924,0.07001,1466524.3
1760479200000,2025-10-15 00:00:00,0.07001,0.07044,0.06943,0.06977,2079733.1
1760482800000,2025-10-15 01:00:00,0.06977,0.07021,0.06976,0.07002,1526238.3
1760486400000,2025-10-15 02:00:00,0.07002,0.07013,0.06941,0.06988,1803001.7
1760490000000,2025-10-15 03:00:00,0.06988,0.06995,0.06899,0.06946,1989860.9
1760493600000,2025-10-15 04:00:00,0.06946,0.07043,0.06935,0.06955,2517272.6
1760497200000,2025-10-15 05:00:00,0.06955,0.06969,0.06856,0.069,1541336.7
1760500800000,2025-10-15 06:00:00,0.069,0.0696,0.06868,0.06938,1039807.1
1760504400000,2025-10-15 07:00:00,0.06938,0.0699,0.06913,0.06918,1630958.2
1760508000000,2025-10-15 08:00:00,0.06918,0.06968,0.06856,0.06944,2440149.6
1760511600000,2025-10-15 09:00:00,0.06944,0.07052,0.06907,0.07019,3460048.8
1760515200000,2025-10-15 10:00:00,0.07019,0.07111,0.06995,0.07009,4485910.0
1760518800000,2025-10-15 11:00:00,0.07009,0.07027,0.06908,0.06936,2877220.2
1760522400000,2025-10-15 12:00:00,0.06936,0.06956,0.06868,0.06915,2734898.5
1760526000000,2025-10-15 13:00:00,0.06915,0.06932,0.06833,0.06848,2463898.1
1760529600000,2025-10-15 14:00:00,0.06848,0.06866,0.06736,0.06785,5145991.5
1760533200000,2025-10-15 15:00:00,0.06785,0.06832,0.06645,0.06776,6475169.1
1760536800000,2025-10-15 16:00:00,0.06776,0.06871,0.06661,0.06702,4315876.4
1760540400000,2025-10-15 17:00:00,0.06702,0.06753,0.06606,0.06651,3519747.9
1760544000000,2025-10-15 18:00:00,0.06651,0.06683,0.06592,0.06639,2487746.9
1760547600000,2025-10-15 19:00:00,0.06639,0.06674,0.06565,0.06664,2777333.9
1760551200000,2025-10-15 20:00:00,0.06664,0.06701,0.06634,0.06693,1346423.7
1760554800000,2025-10-15 21:00:00,0.06693,0.06693,0.06556,0.06585,1875626.8
1760558400000,2025-10-15 22:00:00,0.06585,0.0664,0.06484,0.06555,4599044.8
1760562000000,2025-10-15 23:00:00,0.06555,0.06622,0.06496,0.06552,2014655.9
1760565600000,2025-10-16 00:00:00,0.06552,0.06622,0.0655,0.06577,2167341.8
1760569200000,2025-10-16 01:00:00,0.06577,0.06648,0.06571,0.06625,1467929.1
1760572800000,2025-10-16 02:00:00,0.06625,0.06664,0.066,0.06604,2303131.0
1760576400000,2025-10-16 03:00:00,0.06604,0.06702,0.06602,0.06691,1084182.6
1760580000000,2025-10-16 04:00:00,0.06691,0.06718,0.0663,0.0668,1389170.3
1760583600000,2025-10-16 05:00:00,0.0668,0.06688,0.06631,0.06633,751467.3
1760587200000,2025-10-16 06:00:00,0.06633,0.06695,0.066,0.06623,794034.8
1760590800000,2025-10-16 07:00:00,0.06623,0.06674,0.0658,0.06622,1479670.6
1760594400000,2025-10-16 08:00:00,0.06622,0.06717,0.0662,0.06706,1500554.5
1760598000000,2025-10-16 09:00:00,0.06706,0.06709,0.06606,0.06629,1815477.7
1760601600000,2025-10-16 10:00:00,0.06629,0.06646,0.06553,0.06589,1871676.9
1760605200000,2025-10-16 11:00:00,0.06589,0.06727,0.06429,0.0668,11915777.6
1760608800000,2025-10-16 12:00:00,0.0668,0.06781,0.06673,0.06717,3022076.9
1760612400000,2025-10-16 13:00:00,0.06717,0.06764,0.06683,0.06732,2492620.0
1760616000000,2025-10-16 14:00:00,0.06732,0.06784,0.0671,0.0672,2237925.6
1760619600000,2025-10-16 15:00:00,0.0672,0.06741,0.06627,0.06653,2451648.8
1760623200000,2025-10-16 16:00:00,0.06653,0.06723,0.06532,0.06613,6286207.4
1760626800000,2025-10-16 17:00:00,0.06613,0.06639,0.06392,0.06435,6900143.3
1760630400000,2025-10-16 18:00:00,0.06435,0.06618,0.06355,0.06616,7387956.3
1760634000000,2025-10-16 19:00:00,0.06616,0.06616,0.06501,0.06522,3991802.6
1760637600000,2025-10-16 20:00:00,0.06522,0.06536,0.06436,0.06505,4023069.2
1760641200000,2025-10-16 21:00:00,0.06505,0.06515,0.06337,0.06401,4396307.8
1760644800000,2025-10-16 22:00:00,0.06401,0.06436,0.06297,0.06341,2560051.7
1760648400000,2025-10-16 23:00:00,0.06341,0.0644,0.0633,0.06434,1198109.8
1760652000000,2025-10-17 00:00:00,0.06434,0.06439,0.06322,0.06322,1422706.1
1760655600000,2025-10-17 01:00:00,0.06322,0.06396,0.06309,0.06383,2194101.4
1760659200000,2025-10-17 02:00:00,0.06383,0.06429,0.06361,0.06429,976628.0
1760662800000,2025-10-17 03:00:00,0.06429,0.06497,0.06423,0.06459,1566785.2
1760666400000,2025-10-17 04:00:00,0.06459,0.06477,0.06391,0.06454,905369.0
1760670000000,2025-10-17 05:00:00,0.06454,0.0651,0.06454,0.06507,1094533.8
1760673600000,2025-10-17 06:00:00,0.06507,0.0651,0.06464,0.06475,581165.3
1760677200000,2025-10-17 07:00:00,0.06475,0.06482,0.06405,0.06428,1349800.1
1760680800000,2025-10-17 08:00:00,0.06428,0.06456,0.06167,0.06208,9533025.5
1760684400000,2025-10-17 09:00:00,0.06208,0.06234,0.06041,0.06065,12085113.4
1760688000000,2025-10-17 10:00:00,0.06065,0.0609,0.05939,0.05987,8764071.0
1760691600000,2025-10-17 11:00:00,0.05987,0.06226,0.05976,0.06095,3601149.8
1760695200000,2025-10-17 12:00:00,0.06095,0.06136,0.05985,0.06097,4168670.0
1760698800000,2025-10-17 13:00:00,0.06097,0.06302,0.0609,0.0625,4201662.1
1760702400000,2025-10-17 14:00:00,0.0625,0.06281,0.0619,0.06195,2643072.2
1760706000000,2025-10-17 15:00:00,0.06195,0.06293,0.06145,0.06243,3850689.6
1760709600000,2025-10-17 16:00:00,0.06243,0.06263,0.06095,0.06172,5941193.4
1760713200000,2025-10-17 17:00:00,0.06172,0.06275,0.0614,0.06274,5168173.2
1760716800000,2025-10-17 18:00:00,0.06274,0.06358,0.0619,0.06206,3983392.9
1760720400000,2025-10-17 19:00:00,0.06206,0.06248,0.06178,0.06229,2760747.6
1760724000000,2025-10-17 20:00:00,0.06229,0.06299,0.06227,0.06247,1736650.5
1760727600000,2025-10-17 21:00:00,0.06247,0.06274,0.06192,0.06228,1042034.7
1760731200000,2025-10-17 22:00:00,0.06228,0.06308,0.06218,0.06279,1089805.0
1760734800000,2025-10-17 23:00:00,0.06279,0.06331,0.06268,0.06284,1194776.9
1760738400000,2025-10-18 00:00:00,0.06284,0.06295,0.06226,0.06248,1104045.1
1760742000000,2025-10-18 01:00:00,0.06248,0.0625,0.06174,0.06189,824870.1
1760745600000,2025-10-18 02:00:00,0.06189,0.06243,0.06182,0.06223,964269.4
1760749200000,2025-10-18 03:00:00,0.06223,0.06304,0.0622,0.06301,650598.2
1760752800000,2025-10-18 04:00:00,0.06301,0.06322,0.06236,0.0625,829237.0
1760756400000,2025-10-18 05:00:00,0.0625,0.06312,0.06242,0.0629,590986.6
1760760000000,2025-10-18 06:00:00,0.0629,0.06292,0.06239,0.06248,720698.6
1760763600000,2025-10-18 07:00:00,0.06248,0.06284,0.06227,0.06283,1037134.6
1760767200000,2025-10-18 08:00:00,0.06283,0.06313,0.06255,0.06292,432425.2
1760770800000,2025-10-18 09:00:00,0.06292,0.06383,0.06252,0.06265,2996164.2
1760774400000,2025-10-18 10:00:00,0.06265,0.06291,0.06245,0.06245,809805.5
1760778000000,2025-10-18 11:00:00,0.06245,0.06288,0.06224,0.06268,759880.1
1760781600000,2025-10-18 12:00:00,0.06268,0.0628,0.0624,0.06269,1058269.6
1760785200000,2025-10-18 13:00:00,0.06269,0.06298,0.06254,0.06285,825681.2
1760788800000,2025-10-18 14:00:00,0.06285,0.06306,0.06254,0.06258,845745.3
1760792400000,2025-10-18 15:00:00,0.06258,0.06258,0.06213,0.06229,1951588.3
1760796000000,2025-10-18 16:00:00,0.06229,0.06242,0.06174,0.0622,2102041.8
1760799600000,2025-10-18 17:00:00,0.0622,0.06239,0.06171,0.06195,908404.2
1760803200000,2025-10-18 18:00:00,0.06195,0.06206,0.06142,0.06185,2680937.5
1760806800000,2025-10-18 19:00:00,0.06185,0.06275,0.06169,0.06269,1811772.6
1760810400000,2025-10-18 20:00:00,0.06269,0.06287,0.06245,0.0625,596777.1
1760814000000,2025-10-18 21:00:00,0.0625,0.06272,0.06242,0.06272,369894.5
1760817600000,2025-10-18 22:00:00,0.06272,0.06297,0.06249,0.06249,445549.5
1760821200000,2025-10-18 23:00:00,0.06249,0.06267,0.06214,0.06266,312309.3
1760824800000,2025-10-19 00:00:00,0.06266,0.06267,0.06227,0.06238,529637.5
1760828400000,2025-10-19 01:00:00,0.06238,0.0625,0.06229,0.06247,548261.7
1760832000000,2025-10-19 02:00:00,0.06247,0.06255,0.06203,0.06221,917375.5
1760835600000,2025-10-19 03:00:00,0.06221,0.06251,0.06202,0.06245,534603.8
1760839200000,2025-10-19 04:00:00,0.06245,0.06255,0.06208,0.06222,319271.1
1760842800000,2025-10-19 05:00:00,0.06222,0.06295,0.06215,0.06286,554919.1
1760846400000,2025-10-19 06:00:00,0.06286,0.0629,0.06245,0.06251,293982.3
1760850000000,2025-10-19 07:00:00,0.06251,0.06281,0.06223,0.06239,408369.8
1760853600000,2025-10-19 08:00:00,0.06239,0.06243,0.06179,0.06194,628372.0
1760857200000,2025-10-19 09:00:00,0.06194,0.06221,0.06179,0.06209,478672.9
1760860800000,2025-10-19 10:00:00,0.06209,0.06286,0.06162,0.06189,5785825.3
1760864400000,2025-10-19 11:00:00,0.06189,0.06351,0.06166,0.06282,7290530.2
1760868000000,2025-10-19 12:00:00,0.06282,0.06379,0.0625,0.06352,4081775.7
1760871600000,2025-10-19 13:00:00,0.06352,0.06416,0.0635,0.06362,3539741.6
1760875200000,2025-10-19 14:00:00,0.06362,0.06375,0.06317,0.06346,1826916.2
1760878800000,2025-10-19 15:00:00,0.06346,0.06494,0.06335,0.06469,2988315.3
1760882400000,2025-10-19 16:00:00,0.06469,0.06494,0.0643,0.06481,3082159.2
1760886000000,2025-10-19 17:00:00,0.06481,0.06486,0.06445,0.06474,1453004.4
1760889600000,2025-10-19 18:00:00,0.06474,0.06492,0.06424,0.06459,2096126.0
1760893200000,2025-10-19 19:00:00,0.06459,0.06516,0.06439,0.06443,3519736.8
1760896800000,2025-10-19 20:00:00,0.06443,0.06472,0.0644,0.06464,826158.6
1760900400000,2025-10-19 21:00:00,0.06464,0.06468,0.06427,0.06444,996635.2
1760904000000,2025-10-19 22:00:00,0.06444,0.06467,0.06432,0.06463,428261.4
1760907600000,2025-10-19 23:00:00,0.06463,0.06466,0.06424,0.0645,458885.0
1760911200000,2025-10-20 00:00:00,0.0645,0.06471,0.06445,0.06457,783701.1
1760914800000,2025-10-20 01:00:00,0.06457,0.06457,0.0639,0.06397,1405626.8
1760918400000,2025-10-20 02:00:00,0.06397,0.06407,0.06266,0.06349,3200830.4
1760922000000,2025-10-20 03:00:00,0.06349,0.06391,0.06342,0.06372,1421528.7
1760925600000,2025-10-20 04:00:00,0.06372,0.06408,0.06324,0.06391,1397087.1
1760929200000,2025-10-20 05:00:00,0.06391,0.06589,0.06376,0.06572,2794365.3
1760932800000,2025-10-20 06:00:00,0.06572,0.06595,0.06542,0.06591,2121502.3
1760936400000,2025-10-20 07:00:00,0.06591,0.06636,0.06554,0.06626,1657370.7
1760940000000,2025-10-20 08:00:00,0.06626,0.06705,0.06622,0.06685,1824646.0
1760943600000,2025-10-20 09:00:00,0.06685,0.06719,0.06648,0.06681,4057987.4
1760947200000,2025-10-20 10:00:00,0.06681,0.06704,0.06625,0.06663,1426077.4
1760950800000,2025-10-20 11:00:00,0.06663,0.06663,0.06607,0.06634,1718610.1
1760954400000,2025-10-20 12:00:00,0.06634,0.06691,0.06599,0.06624,1475192.4
1760958000000,2025-10-20 13:00:00,0.06624,0.06652,0.06603,0.06646,1340426.1
1760961600000,2025-10-20 14:00:00,0.06646,0.06661,0.06618,0.06644,596809.8
1760965200000,2025-10-20 15:00:00,0.06644,0.06708,0.06621,0.06701,1270268.1
1760968800000,2025-10-20 16:00:00,0.06701,0.06708,0.06638,0.06684,1948282.1
1760972400000,2025-10-20 17:00:00,0.06684,0.06701,0.06613,0.06613,2497948.1
1760976000000,2025-10-20 18:00:00,0.06613,0.06613,0.06489,0.0655,4251142.9
1760979600000,2025-10-20 19:00:00,0.0655,0.06585,0.06519,0.06555,1691294.6
1760983200000,2025-10-20 20:00:00,0.06555,0.06578,0.06532,0.06574,1188472.6
1760986800000,2025-10-20 21:00:00,0.06574,0.06609,0.06544,0.06589,1793791.8
1760990400000,2025-10-20 22:00:00,0.06589,0.0663,0.0657,0.06626,1284415.6
1760994000000,2025-10-20 23:00:00,0.06626,0.06674,0.06593,0.06596,1045314.5
1760997600000,2025-10-21 00:00:00,0.06596,0.06607,0.06576,0.06591,873234.4
1761001200000,2025-10-21 01:00:00,0.06591,0.06593,0.06562,0.06565,417720.4
1761004800000,2025-10-21 02:00:00,0.06565,0.06574,0.06534,0.06545,446215.6
1761008400000,2025-10-21 03:00:00,0.06545,0.06545,0.06469,0.0648,1471214.3
1761012000000,2025-10-21 04:00:00,0.0648,0.06485,0.06419,0.06428,1536830.3
1761015600000,2025-10-21 05:00:00,0.06428,0.06449,0.06395,0.06412,601185.0
1761019200000,2025-10-21 06:00:00,0.06412,0.06412,0.06278,0.06296,5695810.6
1761022800000,2025-10-21 07:00:00,0.06296,0.06333,0.06273,0.06303,1473243.0
1761026400000,2025-10-21 08:00:00,0.06303,0.06377,0.06296,0.06367,1370084.1
1761030000000,2025-10-21 09:00:00,0.06367,0.06398,0.06328,0.06393,1291436.4
1761033600000,2025-10-21 10:00:00,0.06393,0.06393,0.06305,0.06348,896444.6
1761037200000,2025-10-21 11:00:00,0.06348,0.06363,0.06332,0.06347,804438.8
1761040800000,2025-10-21 12:00:00,0.06347,0.06446,0.06341,0.06407,1850212.8
1761044400000,2025-10-21 13:00:00,0.06407,0.06454,0.06394,0.06439,1332014.1
1761048000000,2025-10-21 14:00:00,0.06439,0.06523,0.0642,0.06457,2181607.5
1761051600000,2025-10-21 15:00:00,0.06457,0.065,0.06413,0.06458,2608236.3
1761055200000,2025-10-21 16:00:00,0.06458,0.06749,0.06458,0.06739,9139522.9
1761058800000,2025-10-21 17:00:00,0.06739,0.06835,0.06704,0.06783,6639418.8
1761062400000,2025-10-21 18:00:00,0.06783,0.06841,0.06669,0.0669,7174946.1
1761066000000,2025-10-21 19:00:00,0.0669,0.06738,0.0663,0.06682,5135319.8
1761069600000,2025-10-21 20:00:00,0.06682,0.06695,0.06612,0.06641,2490276.5
1761073200000,2025-10-21 21:00:00,0.06641,0.06673,0.0663,0.06636,548866.1
1761076800000,2025-10-21 22:00:00,0.06636,0.06649,0.06536,0.06565,2350857.6
1761080400000,2025-10-21 23:00:00,0.06565,0.06585,0.06444,0.06553,1485039.0
1761084000000,2025-10-22 00:00:00,0.06553,0.06553,0.06389,0.0641,3590375.0
1761087600000,2025-10-22 01:00:00,0.0641,0.06426,0.06305,0.06336,2015640.1
1761091200000,2025-10-22 02:00:00,0.06336,0.06365,0.06281,0.06304,3109008.5
1761094800000,2025-10-22 03:00:00,0.06304,0.0636,0.063,0.0634,1612505.3
1761098400000,2025-10-22 04:00:00,0.0634,0.06368,0.06336,0.0636,765670.5
1761102000000,2025-10-22 05:00:00,0.0636,0.06373,0.06318,0.06347,1098167.2
1761105600000,2025-10-22 06:00:00,0.06347,0.06392,0.06344,0.06362,941240.0
1761109200000,2025-10-22 07:00:00,0.06362,0.06362,0.06243,0.06292,2856688.8
1761112800000,2025-10-22 08:00:00,0.06292,0.06297,0.06262,0.06267,1385559.9
1761116400000,2025-10-22 09:00:00,0.06267,0.06299,0.06235,0.06292,2597007.5
1761120000000,2025-10-22 10:00:00,0.06292,0.06292,0.0624,0.06246,1064859.5
1761123600000,2025-10-22 11:00:00,0.06246,0.06267,0.06189,0.06198,3775049.7
1761127200000,2025-10-22 12:00:00,0.06198,0.06213,0.06159,0.06166,2341678.4
1761130800000,2025-10-22 13:00:00,0.06166,0.06278,0.06109,0.06223,5787871.6
1761134400000,2025-10-22 14:00:00,0.06223,0.06274,0.06213,0.06241,1931702.4
1761138000000,2025-10-22 15:00:00,0.06241,0.06332,0.06201,0.06325,4199081.6
1761141600000,2025-10-22 16:00:00,0.06325,0.06329,0.06186,0.06314,6616181.4
1761145200000,2025-10-22 17:00:00,0.06314,0.06347,0.06207,0.06263,4429425.3
1761148800000,2025-10-22 18:00:00,0.06263,0.06279,0.06181,0.06221,4736898.1
1761152400000,2025-10-22 19:00:00,0.06221,0.06232,0.0614,0.06164,1580677.8
1761156000000,2025-10-22 20:00:00,0.06164,0.06191,0.06135,0.06151,1736055.4
1761159600000,2025-10-22 21:00:00,0.06151,0.0623,0.06126,0.06187,3989582.0
1761163200000,2025-10-22 22:00:00,0.06187,0.06201,0.06114,0.06126,2031442.5
1761166800000,2025-10-22 23:00:00,0.06126,0.06128,0.0597,0.06091,8577138.9
1761170400000,2025-10-23 00:00:00,0.06091,0.06123,0.06049,0.06069,1805743.0
1761174000000,2025-10-23 01:00:00,0.06069,0.06174,0.06067,0.0616,2537477.5
1761177600000,2025-10-23 02:00:00,0.0616,0.06164,0.06121,0.06144,1962140.5
1761181200000,2025-10-23 03:00:00,0.06144,0.06174,0.06126,0.06136,2643799.5
1761184800000,2025-10-23 04:00:00,0.06136,0.06185,0.06132,0.06158,2190282.3
1761188400000,2025-10-23 05:00:00,0.06158,0.06185,0.06148,0.06158,1063823.2
1761192000000,2025-10-23 06:00:00,0.06158,0.06195,0.06149,0.06174,1291249.5
1761195600000,2025-10-23 07:00:00,0.06174,0.06189,0.06169,0.06186,805208.5
1761199200000,2025-10-23 08:00:00,0.06186,0.06272,0.06184,0.06256,2662177.4
1761202800000,2025-10-23 09:00:00,0.06256,0.06256,0.06197,0.06224,1473640.1
1761206400000,2025-10-23 10:00:00,0.06224,0.06257,0.06224,0.06241,1310502.2
1761210000000,2025-10-23 11:00:00,0.06241,0.06245,0.06221,0.06237,1060253.3
1761213600000,2025-10-23 12:00:00,0.06237,0.06266,0.06219,0.0622,1108682.0
1761217200000,2025-10-23 13:00:00,0.0622,0.0622,0.06166,0.06179,1183062.5
1761220800000,2025-10-23 14:00:00,0.06179,0.06192,0.06119,0.06192,1994730.2
1761224400000,2025-10-23 15:00:00,0.06192,0.06264,0.06168,0.06234,3120948.0
1761228000000,2025-10-23 16:00:00,0.06234,0.06261,0.0618,0.06246,2798811.7
1761231600000,2025-10-23 17:00:00,0.06246,0.06319,0.06235,0.06285,2384241.4
1761235200000,2025-10-23 18:00:00,0.06285,0.06369,0.06283,0.06359,2273442.5
1761238800000,2025-10-23 19:00:00,0.06359,0.06438,0.06295,0.06421,2697687.0
1761242400000,2025-10-23 20:00:00,0.06421,0.0644,0.06356,0.06372,2514363.9
1761246000000,2025-10-23 21:00:00,0.06372,0.06375,0.06335,0.06368,1005936.6
1761249600000,2025-10-23 22:00:00,0.06368,0.06377,0.06278,0.06303,2634717.0
1761253200000,2025-10-23 23:00:00,0.06303,0.06324,0.06289,0.0629,1511166.8
1761256800000,2025-10-24 00:00:00,0.0629,0.06327,0.06285,0.06314,2089307.1
1761260400000,2025-10-24 01:00:00,0.06314,0.06345,0.06296,0.06343,567844.0
1761264000000,2025-10-24 02:00:00,0.06343,0.06409,0.06332,0.06391,2219612.4
1761267600000,2025-10-24 03:00:00,0.06391,0.06393,0.06352,0.06376,764775.4
1761271200000,2025-10-24 04:00:00,0.06376,0.06394,0.06348,0.06381,1188309.9
1761274800000,2025-10-24 05:00:00,0.06381,0.06384,0.0635,0.06371,820059.2
1761278400000,2025-10-24 06:00:00,0.06371,0.06526,0.06357,0.06499,3203416.7
1761282000000,2025-10-24 07:00:00,0.06499,0.06514,0.06483,0.06493,1475204.7
1761285600000,2025-10-24 08:00:00,0.06493,0.06519,0.06482,0.06517,1362535.5
1761289200000,2025-10-24 09:00:00,0.06517,0.06523,0.06454,0.06495,1014633.7
1761292800000,2025-10-24 10:00:00,0.06495,0.0655,0.06485,0.06528,3519826.0
1761296400000,2025-10-24 11:00:00,0.06528,0.06534,0.06486,0.06499,828512.2
1761300000000,2025-10-24 12:00:00,0.06499,0.06499,0.06441,0.06445,1061367.8
1761303600000,2025-10-24 13:00:00,0.06445,0.06447,0.06375,0.06436,2169573.4
1761307200000,2025-10-24 14:00:00,0.06436,0.06591,0.06432,0.06497,5348471.6
1761310800000,2025-10-24 15:00:00,0.06497,0.06499,0.06409,0.06456,2025486.7
1761314400000,2025-10-24 16:00:00,0.06456,0.06456,0.06335,0.06387,4874488.9
1761318000000,2025-10-24 17:00:00,0.06387,0.06422,0.06332,0.06357,4120863.9
1761321600000,2025-10-24 18:00:00,0.06357,0.06369,0.06315,0.06352,2794792.1
1761325200000,2025-10-24 19:00:00,0.06352,0.06397,0.06352,0.06377,874482.7
1761328800000,2025-10-24 20:00:00,0.06377,0.06414,0.06369,0.06414,738193.1
1761332400000,2025-10-24 21:00:00,0.06414,0.06472,0.06414,0.06444,3166427.8
1761336000000,2025-10-24 22:00:00,0.06444,0.06509,0.0643,0.06494,4134860.6
1761339600000,2025-10-24 23:00:00,0.06494,0.06515,0.06483,0.06508,1692112.1
1761343200000,2025-10-25 00:00:00,0.06508,0.0651,0.06481,0.06495,408448.6
1761346800000,2025-10-25 01:00:00,0.06495,0.06495,0.06474,0.06493,209024.1
1761350400000,2025-10-25 02:00:00,0.06493,0.06493,0.06441,0.06453,766977.4
1761354000000,2025-10-25 03:00:00,0.06453,0.06463,0.06424,0.06441,725626.2
1761357600000,2025-10-25 04:00:00,0.06441,0.06447,0.06413,0.06432,386980.3
1761361200000,2025-10-25 05:00:00,0.06432,0.06432,0.06389,0.06391,773411.4
1761364800000,2025-10-25 06:00:00,0.06391,0.06419,0.06377,0.06379,1286362.0
1761368400000,2025-10-25 07:00:00,0.06379,0.06379,0.06351,0.06368,658747.4
1761372000000,2025-10-25 08:00:00,0.06368,0.06378,0.06346,0.06349,530960.4
1761375600000,2025-10-25 09:00:00,0.06349,0.06394,0.06348,0.06363,950529.5
1761379200000,2025-10-25 10:00:00,0.06363,0.06405,0.06362,0.06398,1068057.6
1761382800000,2025-10-25 11:00:00,0.06398,0.06403,0.06346,0.06354,622580.6
1761386400000,2025-10-25 12:00:00,0.06354,0.06366,0.06326,0.06353,889384.8
1761390000000,2025-10-25 13:00:00,0.06353,0.06371,0.06345,0.06365,411094.5
1761393600000,2025-10-25 14:00:00,0.06365,0.06422,0.06365,0.06412,1151646.1
1761397200000,2025-10-25 15:00:00,0.06412,0.06415,0.06385,0.064,657092.1
1761400800000,2025-10-25 16:00:00,0.064,0.06481,0.06388,0.06464,1261058.9
1761404400000,2025-10-25 17:00:00,0.06464,0.06473,0.06436,0.06455,883490.5
1761408000000,2025-10-25 18:00:00,0.06455,0.06466,0.06432,0.06449,982371.4
1761411600000,2025-10-25 19:00:00,0.06449,0.06469,0.06441,0.06464,494819.1
1761415200000,2025-10-25 20:00:00,0.06464,0.06518,0.06454,0.06506,1042865.7
1761418800000,2025-10-25 21:00:00,0.06506,0.06526,0.06499,0.06516,487614.4
1761422400000,2025-10-25 22:00:00,0.06516,0.06549,0.06513,0.06513,685112.1
1761426000000,2025-10-25 23:00:00,0.06513,0.06524,0.06461,0.06483,457063.5
1761429600000,2025-10-26 00:00:00,0.06483,0.06497,0.06454,0.06492,612566.4
1761433200000,2025-10-26 01:00:00,0.06492,0.06492,0.06469,0.06469,346795.5
1761436800000,2025-10-26 02:00:00,0.06469,0.0648,0.06432,0.06469,902646.6
1761440400000,2025-10-26 03:00:00,0.06469,0.06476,0.06416,0.06436,1164655.6
1761444000000,2025-10-26 04:00:00,0.06436,0.06436,0.06397,0.06408,1317674.5
1761447600000,2025-10-26 05:00:00,0.06408,0.06424,0.06391,0.06409,1632615.5
1761451200000,2025-10-26 06:00:00,0.06409,0.0645,0.06402,0.06446,641122.3
1761454800000,2025-10-26 07:00:00,0.06446,0.0649,0.06435,0.0648,383077.2
1761458400000,2025-10-26 08:00:00,0.0648,0.06494,0.06462,0.06494,865892.4
1761462000000,2025-10-26 09:00:00,0.06494,0.06512,0.06489,0.0651,688589.5
1761465600000,2025-10-26 10:00:00,0.0651,0.06525,0.06501,0.06515,753277.5
1761469200000,2025-10-26 11:00:00,0.06515,0.06599,0.06498,0.06589,2247411.4
1761472800000,2025-10-26 12:00:00,0.06589,0.06592,0.06535,0.06542,1005787.4
1761476400000,2025-10-26 13:00:00,0.06542,0.06628,0.06523,0.0662,1797996.2
1761480000000,2025-10-26 14:00:00,0.0662,0.06637,0.06598,0.06633,1645491.0
1761483600000,2025-10-26 15:00:00,0.06633,0.06665,0.06608,0.06633,1980844.6
1761487200000,2025-10-26 16:00:00,0.06633,0.06634,0.06584,0.06603,1306884.0
1761490800000,2025-10-26 17:00:00,0.06603,0.06615,0.06574,0.06612,761892.1
1761494400000,2025-10-26 18:00:00,0.06612,0.06612,0.06566,0.06571,830330.7
1761498000000,2025-10-26 19:00:00,0.06571,0.06593,0.06561,0.06588,341309.3
1761501600000,2025-10-26 20:00:00,0.06588,0.06609,0.06571,0.06575,809520.0
1761505200000,2025-10-26 21:00:00,0.06575,0.06577,0.06547,0.06558,1026279.7
1761508800000,2025-10-26 22:00:00,0.06558,0.06563,0.06524,0.06546,1294904.6
1761512400000,2025-10-26 23:00:00,0.06546,0.066,0.0654,0.06596,414574.1
1761516000000,2025-10-27 00:00:00,0.06596,0.06743,0.06596,0.06681,7086194.1
1761519600000,2025-10-27 01:00:00,0.06681,0.06695,0.0664,0.06648,965135.2
1761523200000,2025-10-27 02:00:00,0.06648,0.06691,0.06631,0.06681,1629488.7
1761526800000,2025-10-27 03:00:00,0.06681,0.06729,0.06657,0.06726,1377135.8
1761530400000,2025-10-27 04:00:00,0.06726,0.06741,0.06687,0.06703,588258.3
1761534000000,2025-10-27 05:00:00,0.06703,0.06707,0.0667,0.06687,475117.2
1761537600000,2025-10-27 06:00:00,0.06687,0.06694,0.06667,0.06688,1066722.4
1761541200000,2025-10-27 07:00:00,0.06688,0.06753,0.06677,0.06684,1035801.9
1761544800000,2025-10-27 08:00:00,0.06684,0.06707,0.06646,0.06684,1192658.1
1761548400000,2025-10-27 09:00:00,0.06684,0.06703,0.06593,0.0666,2214409.9
1761552000000,2025-10-27 10:00:00,0.0666,0.067,0.06596,0.0662,3434650.8
1761555600000,2025-10-27 11:00:00,0.0662,0.0662,0.06519,0.06536,2297253.6
1761559200000,2025-10-27 12:00:00,0.06536,0.06553,0.06525,0.06542,1073294.8
1761562800000,2025-10-27 13:00:00,0.06542,0.06577,0.06511,0.06561,1756788.8
1761566400000,2025-10-27 14:00:00,0.06561,0.0657,0.06489,0.06496,1608572.8
1761570000000,2025-10-27 15:00:00,0.06496,0.06534,0.06433,0.06498,2574461.9
1761573600000,2025-10-27 16:00:00,0.06498,0.06508,0.06438,0.06483,1387607.5
1761577200000,2025-10-27 17:00:00,0.06483,0.06558,0.06482,0.06519,3373943.3
1761580800000,2025-10-27 18:00:00,0.06519,0.06653,0.06519,0.06646,1970573.0
1761584400000,2025-10-27 19:00:00,0.06646,0.06705,0.06619,0.0667,4861516.9
1761588000000,2025-10-27 20:00:00,0.0667,0.06674,0.06613,0.0663,2303449.3
1761591600000,2025-10-27 21:00:00,0.0663,0.06637,0.06549,0.06552,1734917.8
1761595200000,2025-10-27 22:00:00,0.06552,0.06556,0.06492,0.06497,2155941.4
1761598800000,2025-10-27 23:00:00,0.06497,0.06531,0.06465,0.06496,1015497.7
1761602400000,2025-10-28 00:00:00,0.06496,0.0653,0.06463,0.06466,862449.3
1761606000000,2025-10-28 01:00:00,0.06466,0.06514,0.06434,0.06497,2023369.2
1761609600000,2025-10-28 02:00:00,0.06497,0.06529,0.06463,0.06494,1438673.7
1761613200000,2025-10-28 03:00:00,0.06494,0.06557,0.06494,0.06536,925826.8
1761616800000,2025-10-28 04:00:00,0.06536,0.06556,0.0644,0.06479,1357030.5
1761620400000,2025-10-28 05:00:00,0.06479,0.06508,0.06425,0.06455,1974318.5
1761624000000,2025-10-28 06:00:00,0.06455,0.06499,0.06439,0.06493,993520.2
1761627600000,2025-10-28 07:00:00,0.06493,0.0652,0.06403,0.06405,2824112.4
1761631200000,2025-10-28 08:00:00,0.06405,0.06545,0.06405,0.06542,1982152.1
1761634800000,2025-10-28 09:00:00,0.06542,0.06564,0.06453,0.06485,3857271.0
1761638400000,2025-10-28 10:00:00,0.06485,0.06516,0.06462,0.06487,3216492.0
1761642000000,2025-10-28 11:00:00,0.06487,0.06495,0.0643,0.06467,5031215.0
1761645600000,2025-10-28 12:00:00,0.06467,0.06469,0.06435,0.06458,964092.5
1761649200000,2025-10-28 13:00:00,0.06458,0.06487,0.06428,0.06432,1519677.9
1761652800000,2025-10-28 14:00:00,0.06432,0.06496,0.06417,0.06481,2137406.4
1761656400000,2025-10-28 15:00:00,0.06481,0.06557,0.06468,0.06519,5908659.3
1761660000000,2025-10-28 16:00:00,0.06519,0.06547,0.06339,0.06467,8611867.3
1761663600000,2025-10-28 17:00:00,0.06467,0.06509,0.06416,0.06446,2543397.5
1761667200000,2025-10-28 18:00:00,0.06446,0.06492,0.06416,0.06469,4578180.4
1761670800000,2025-10-28 19:00:00,0.06469,0.06482,0.06429,0.06452,1832954.2
1761674400000,2025-10-28 20:00:00,0.06452,0.06467,0.06393,0.06413,1487655.1
1761678000000,2025-10-28 21:00:00,0.06413,0.06429,0.06288,0.06325,5254059.3
1761681600000,2025-10-28 22:00:00,0.06325,0.06325,0.06195,0.06224,11008022.2
1761685200000,2025-10-28 23:00:00,0.06224,0.06254,0.06148,0.06221,5151116.2
1761688800000,2025-10-29 00:00:00,0.06221,0.06285,0.06206,0.06268,874033.1
1761692400000,2025-10-29 01:00:00,0.06268,0.06269,0.06227,0.0623,639028.0
1761696000000,2025-10-29 02:00:00,0.0623,0.06266,0.06212,0.06236,785685.5
1761699600000,2025-10-29 03:00:00,0.06236,0.06287,0.06219,0.06252,613617.8
1761703200000,2025-10-29 04:00:00,0.06252,0.0628,0.06234,0.06272,584520.1
1761706800000,2025-10-29 05:00:00,0.06272,0.06272,0.06231,0.06257,782347.7
1761710400000,2025-10-29 06:00:00,0.06257,0.06301,0.06252,0.06283,608416.1
1761714000000,2025-10-29 07:00:00,0.06283,0.06329,0.06276,0.06322,797204.5
1761717600000,2025-10-29 08:00:00,0.06322,0.06349,0.06305,0.0634,1025948.5
1761721200000,2025-10-29 09:00:00,0.0634,0.06376,0.06334,0.06362,1166918.8
1761724800000,2025-10-29 10:00:00,0.06362,0.06376,0.06326,0.06334,1686464.1
1761728400000,2025-10-29 11:00:00,0.06334,0.06344,0.06315,0.06335,689971.3
1761732000000,2025-10-29 12:00:00,0.06335,0.06424,0.06332,0.06378,821211.4
1761735600000,2025-10-29 13:00:00,0.06378,0.06449,0.06378,0.06428,1297543.2
1761739200000,2025-10-29 14:00:00,0.06428,0.06472,0.06428,0.06461,928645.4
1761742800000,2025-10-29 15:00:00,0.06461,0.06544,0.06461,0.06483,3833919.2
1761746400000,2025-10-29 16:00:00,0.06483,0.06494,0.06415,0.0646,1965630.0
1761750000000,2025-10-29 17:00:00,0.0646,0.06471,0.06323,0.06364,2510728.6
1761753600000,2025-10-29 18:00:00,0.06364,0.06412,0.06319,0.06377,1074099.2
1761757200000,2025-10-29 19:00:00,0.06377,0.06587,0.06372,0.06587,1719372.0
1761760800000,2025-10-29 20:00:00,0.06587,0.06599,0.06229,0.06449,16429000.6
1761764400000,2025-10-29 21:00:00,0.06449,0.06562,0.0643,0.06516,2771190.4
1761768000000,2025-10-29 22:00:00,0.06516,0.06615,0.06473,0.06548,4455428.1
1761771600000,2025-10-29 23:00:00,0.06548,0.06557,0.06495,0.06497,1962249.9
1761775200000,2025-10-30 00:00:00,0.06497,0.06498,0.06449,0.06464,1573823.5
1761778800000,2025-10-30 01:00:00,0.06464,0.06466,0.0632,0.06351,3805564.4
1761782400000,2025-10-30 02:00:00,0.06351,0.06406,0.06305,0.06401,1235167.6
1761786000000,2025-10-30 03:00:00,0.06401,0.06401,0.06338,0.06363,2605925.0
1761789600000,2025-10-30 04:00:00,0.06363,0.06424,0.06357,0.06416,1929851.2
1761793200000,2025-10-30 05:00:00,0.06416,0.06421,0.06341,0.06375,2641648.1
1761796800000,2025-10-30 06:00:00,0.06375,0.06375,0.06117,0.062,10639994.5
1761800400000,2025-10-30 07:00:00,0.062,0.06334,0.06181,0.06324,2676249.9
1761804000000,2025-10-30 08:00:00,0.06324,0.06344,0.0627,0.06312,1781443.6
1761807600000,2025-10-30 09:00:00,0.06312,0.06393,0.06298,0.06378,1832146.1
1761811200000,2025-10-30 10:00:00,0.06378,0.06383,0.06303,0.06315,2365236.5
1761814800000,2025-10-30 11:00:00,0.06315,0.06322,0.06252,0.0626,1531340.2
1761818400000,2025-10-30 12:00:00,0.0626,0.06292,0.06229,0.06251,1569502.6
1761822000000,2025-10-30 13:00:00,0.06251,0.06263,0.06206,0.06211,1450253.9
1761825600000,2025-10-30 14:00:00,0.06211,0.06226,0.06074,0.06117,6510208.5
1761829200000,2025-10-30 15:00:00,0.06117,0.06144,0.06009,0.06035,5427703.3
1761832800000,2025-10-30 16:00:00,0.06035,0.06082,0.06003,0.0606,3625926.7
1761836400000,2025-10-30 17:00:00,0.0606,0.06078,0.05998,0.06035,6652781.5
1761840000000,2025-10-30 18:00:00,0.06035,0.0608,0.05996,0.06073,3708146.1
1761843600000,2025-10-30 19:00:00,0.06073,0.06078,0.05974,0.06056,7690927.4
1761847200000,2025-10-30 20:00:00,0.06056,0.06065,0.05934,0.05951,7059948.4
1761850800000,2025-10-30 21:00:00,0.05951,0.05983,0.05899,0.05917,5391665.4
1761854400000,2025-10-30 22:00:00,0.05917,0.05973,0.05853,0.05973,9421814.5
1761858000000,2025-10-30 23:00:00,0.05973,0.06022,0.05939,0.06004,2291986.7
1761861600000,2025-10-31 00:00:00,0.06004,0.06028,0.05988,0.06027,1575286.3
1761865200000,2025-10-31 01:00:00,0.06027,0.0609,0.06012,0.06085,2695201.1
1761868800000,2025-10-31 02:00:00,0.06085,0.06119,0.06057,0.061,4030234.4
1761872400000,2025-10-31 03:00:00,0.061,0.06146,0.06093,0.06134,2301365.1
1761876000000,2025-10-31 04:00:00,0.06134,0.0614,0.06082,0.06107,756176.1
1761879600000,2025-10-31 05:00:00,0.06107,0.06147,0.06099,0.06146,676465.8
1761883200000,2025-10-31 06:00:00,0.06146,0.06209,0.06142,0.06198,2763672.8
1761886800000,2025-10-31 07:00:00,0.06198,0.062,0.06128,0.06131,800491.3
1761890400000,2025-10-31 08:00:00,0.06131,0.06141,0.06105,0.06117,815342.6
1761894000000,2025-10-31 09:00:00,0.06117,0.06138,0.06106,0.06132,840321.7
1761897600000,2025-10-31 10:00:00,0.06132,0.06164,0.06101,0.0616,767113.7
1761901200000,2025-10-31 11:00:00,0.0616,0.06174,0.06125,0.06131,703664.4
1761904800000,2025-10-31 12:00:00,0.06131,0.0615,0.06119,0.06123,1133550.6
1761908400000,2025-10-31 13:00:00,0.06123,0.0622,0.06108,0.06213,925096.6
1761912000000,2025-10-31 14:00:00,0.06213,0.06251,0.06176,0.06176,2533924.6
1761915600000,2025-10-31 15:00:00,0.06176,0.06233,0.06162,0.06229,1839079.0
1761919200000,2025-10-31 16:00:00,0.06229,0.06257,0.06188,0.06243,4909431.7
1761922800000,2025-10-31 17:00:00,0.06243,0.06287,0.06215,0.06229,2402493.3
1761926400000,2025-10-31 18:00:00,0.06229,0.06236,0.06073,0.06078,3154109.4
1761930000000,2025-10-31 19:00:00,0.06078,0.06113,0.0602,0.06078,2002926.5
1761933600000,2025-10-31 20:00:00,0.06078,0.06149,0.06063,0.06112,4119458.2
1761937200000,2025-10-31 21:00:00,0.06112,0.06238,0.06078,0.06217,3318643.3
1761940800000,2025-10-31 22:00:00,0.06217,0.0622,0.06131,0.06138,2377840.1
1761944400000,2025-10-31 23:00:00,0.06138,0.06158,0.06122,0.06142,1253540.9
1761948000000,2025-11-01 00:00:00,0.06142,0.06162,0.06117,0.06126,989796.1
1761951600000,2025-11-01 01:00:00,0.06126,0.06146,0.06123,0.06134,468356.0
1761955200000,2025-11-01 02:00:00,0.06134,0.06143,0.06099,0.06136,1317981.8
1761958800000,2025-11-01 03:00:00,0.06136,0.06156,0.061,0.06106,973547.8
1761962400000,2025-11-01 04:00:00,0.06106,0.06134,0.06078,0.06134,742567.5
1761966000000,2025-11-01 05:00:00,0.06134,0.06182,0.06134,0.06175,630473.0
1761969600000,2025-11-01 06:00:00,0.06175,0.06184,0.06138,0.06148,391891.6
1761973200000,2025-11-01 07:00:00,0.06148,0.06156,0.06117,0.06118,724890.2
1761976800000,2025-11-01 08:00:00,0.06118,0.06136,0.061,0.06136,640437.6
1761980400000,2025-11-01 09:00:00,0.06136,0.06259,0.06128,0.06248,4255120.0
1761984000000,2025-11-01 10:00:00,0.06248,0.06336,0.06233,0.06324,6108261.1
1761987600000,2025-11-01 11:00:00,0.06324,0.06378,0.06264,0.06289,3315819.9
1761991200000,2025-11-01 12:00:00,0.06289,0.06378,0.06289,0.06356,1481554.7
1761994800000,2025-11-01 13:00:00,0.06356,0.06382,0.06322,0.06381,1271596.3
1761998400000,2025-11-01 14:00:00,0.06381,0.06439,0.0638,0.06436,4205595.6
1762002000000,2025-11-01 15:00:00,0.06436,0.06446,0.06332,0.06386,2722405.4
1762005600000,2025-11-01 16:00:00,0.06386,0.06403,0.06307,0.06375,2681874.1
1762009200000,2025-11-01 17:00:00,0.06375,0.06427,0.06339,0.06414,1526204.6
1762012800000,2025-11-01 18:00:00,0.06414,0.06455,0.06395,0.06403,1938630.8
1762016400000,2025-11-01 19:00:00,0.06403,0.06412,0.06384,0.064,1530917.6
1762020000000,2025-11-01 20:00:00,0.064,0.06419,0.06385,0.06415,1288036.5
1762023600000,2025-11-01 21:00:00,0.06415,0.06415,0.06388,0.06408,583696.9
1762027200000,2025-11-01 22:00:00,0.06408,0.06466,0.06397,0.06425,835803.9
1762030800000,2025-11-01 23:00:00,0.06425,0.06457,0.06366,0.0637,948845.8
1762034400000,2025-11-02 00:00:00,0.0637,0.0641,0.06365,0.06405,1977526.4
1762038000000,2025-11-02 01:00:00,0.06405,0.06428,0.06381,0.06415,835373.2
1762041600000,2025-11-02 02:00:00,0.06415,0.06432,0.06386,0.06406,2277489.1
1762045200000,2025-11-02 03:00:00,0.06406,0.06414,0.0637,0.06379,1865358.8
1762048800000,2025-11-02 04:00:00,0.06379,0.06423,0.06372,0.06384,670241.5
1762052400000,2025-11-02 05:00:00,0.06384,0.06402,0.06351,0.06358,593561.7
1762056000000,2025-11-02 06:00:00,0.06358,0.06458,0.06345,0.06448,1617818.0
1762059600000,2025-11-02 07:00:00,0.06448,0.06477,0.06403,0.06475,1500183.5
1762063200000,2025-11-02 08:00:00,0.06475,0.06494,0.06438,0.06484,2377684.8
1762066800000,2025-11-02 09:00:00,0.06484,0.06531,0.06464,0.06513,2756041.9
1762070400000,2025-11-02 10:00:00,0.06513,0.06525,0.06444,0.06452,2895968.9
1762074000000,2025-11-02 11:00:00,0.06452,0.0649,0.06399,0.06412,3329529.2
1762077600000,2025-11-02 12:00:00,0.06412,0.06432,0.06376,0.0641,1976449.1
1762081200000,2025-11-02 13:00:00,0.0641,0.06512,0.06403,0.06501,3171517.1
1762084800000,2025-11-02 14:00:00,0.06501,0.06505,0.06456,0.06457,2566836.4
1762088400000,2025-11-02 15:00:00,0.06457,0.06461,0.06381,0.06394,1969010.0
1762092000000,2025-11-02 16:00:00,0.06394,0.06404,0.0626,0.06286,3644053.9
1762095600000,2025-11-02 17:00:00,0.06286,0.06365,0.06251,0.06306,2460893.5
1762099200000,2025-11-02 18:00:00,0.06306,0.06346,0.06228,0.06344,4242718.9
1762102800000,2025-11-02 19:00:00,0.06344,0.06375,0.06282,0.06312,1844022.2
1762106400000,2025-11-02 20:00:00,0.06312,0.06334,0.06297,0.06323,695251.7
1762110000000,2025-11-02 21:00:00,0.06323,0.06336,0.06265,0.06308,682690.0
1762113600000,2025-11-02 22:00:00,0.06308,0.06328,0.06293,0.0632,316498.8
1762117200000,2025-11-02 23:00:00,0.0632,0.06359,0.06318,0.06342,465851.9
1762120800000,2025-11-03 00:00:00,0.06342,0.06422,0.06331,0.06362,1923953.4
1762124400000,2025-11-03 01:00:00,0.06362,0.06535,0.06362,0.06515,5693491.7
1762128000000,2025-11-03 02:00:00,0.06515,0.06524,0.06384,0.06387,3069098.4
1762131600000,2025-11-03 03:00:00,0.06387,0.06391,0.06277,0.06301,2614607.8
1762135200000,2025-11-03 04:00:00,0.06301,0.06307,0.06175,0.0621,9444829.6
1762138800000,2025-11-03 05:00:00,0.0621,0.06239,0.06033,0.06048,6377787.0
1762142400000,2025-11-03 06:00:00,0.06048,0.06063,0.0596,0.06055,6935775.1
1762146000000,2025-11-03 07:00:00,0.06055,0.06105,0.05981,0.05997,2821566.3
1762149600000,2025-11-03 08:00:00,0.05997,0.06007,0.05903,0.05983,5423286.1
1762153200000,2025-11-03 09:00:00,0.05983,0.06025,0.05956,0.05984,3270204.2
1762156800000,2025-11-03 10:00:00,0.05984,0.06006,0.05921,0.05989,2433826.3
1762160400000,2025-11-03 11:00:00,0.05989,0.06055,0.05898,0.05911,5487326.3
1762164000000,2025-11-03 12:00:00,0.05911,0.05958,0.05855,0.0588,4389802.4
1762167600000,2025-11-03 13:00:00,0.0588,0.05984,0.0588,0.05951,4115491.9
1762171200000,2025-11-03 14:00:00,0.05951,0.06003,0.0593,0.05931,2651054.3
1762174800000,2025-11-03 15:00:00,0.05931,0.05985,0.05892,0.05952,3524991.9
1762178400000,2025-11-03 16:00:00,0.05952,0.06026,0.05939,0.06012,3569422.3
1762182000000,2025-11-03 17:00:00,0.06012,0.06032,0.05459,0.05675,40111776.4
1762185600000,2025-11-03 18:00:00,0.05675,0.05782,0.05602,0.0575,9281883.9
1762189200000,2025-11-03 19:00:00,0.0575,0.05851,0.05729,0.05816,5527523.2
1762192800000,2025-11-03 20:00:00,0.05816,0.0583,0.05676,0.05684,3158070.0
1762196400000,2025-11-03 21:00:00,0.05684,0.05719,0.05638,0.05646,2837517.2
1762200000000,2025-11-03 22:00:00,0.05646,0.0566,0.05501,0.05532,5918203.0
1762203600000,2025-11-03 23:00:00,0.05532,0.05658,0.055,0.05651,6131788.7
1762207200000,2025-11-04 00:00:00,0.05651,0.05666,0.05558,0.05602,1854695.8
1762210800000,2025-11-04 01:00:00,0.05602,0.0567,0.05551,0.05663,1433643.3
1762214400000,2025-11-04 02:00:00,0.05663,0.0574,0.05604,0.05697,2484065.2
1762218000000,2025-11-04 03:00:00,0.05697,0.0575,0.05677,0.0573,2343329.5
1762221600000,2025-11-04 04:00:00,0.0573,0.05732,0.05673,0.05684,2513403.3
1762225200000,2025-11-04 05:00:00,0.05684,0.05741,0.05668,0.05717,1855037.4
1762228800000,2025-11-04 06:00:00,0.05717,0.05754,0.05699,0.05718,2355907.2
1762232400000,2025-11-04 07:00:00,0.05718,0.05725,0.05475,0.05502,14235266.7
1762236000000,2025-11-04 08:00:00,0.05502,0.05689,0.05495,0.05572,6265252.1
1762239600000,2025-11-04 09:00:00,0.05572,0.05578,0.05444,0.05477,6156453.9
1762243200000,2025-11-04 10:00:00,0.05477,0.05613,0.05449,0.05562,8413116.0
1762246800000,2025-11-04 11:00:00,0.05562,0.05595,0.0555,0.05587,2192504.6
1762250400000,2025-11-04 12:00:00,0.05587,0.05608,0.05572,0.05595,1470126.2
1762254000000,2025-11-04 13:00:00,0.05595,0.05664,0.05587,0.05628,2015198.0
1762257600000,2025-11-04 14:00:00,0.05628,0.0565,0.05594,0.05624,2514446.0
1762261200000,2025-11-04 15:00:00,0.05624,0.05632,0.05518,0.05562,3389670.1
1762264800000,2025-11-04 16:00:00,0.05562,0.05745,0.05516,0.05707,3840524.0
1762268400000,2025-11-04 17:00:00,0.05707,0.0575,0.05602,0.05613,6162797.0
1762272000000,2025-11-04 18:00:00,0.05613,0.05648,0.055,0.05525,4344718.3
1762275600000,2025-11-04 19:00:00,0.05525,0.05564,0.05366,0.05488,8585208.7
1762279200000,2025-11-04 20:00:00,0.05488,0.0549,0.05296,0.05466,7887326.0
1762282800000,2025-11-04 21:00:00,0.05466,0.05511,0.05377,0.05383,3885522.8
1762286400000,2025-11-04 22:00:00,0.05383,0.0546,0.05156,0.05389,17411630.8
1762290000000,2025-11-04 23:00:00,0.05389,0.05413,0.05146,0.05369,13554172.4
1762293600000,2025-11-05 00:00:00,0.05369,0.05511,0.05348,0.0548,3634959.0
1762297200000,2025-11-05 01:00:00,0.0548,0.05527,0.05444,0.05465,2981063.3
1762300800000,2025-11-05 02:00:00,0.05465,0.05493,0.05356,0.05369,4641739.6
1762304400000,2025-11-05 03:00:00,0.05369,0.05412,0.05202,0.05387,9187667.2
1762308000000,2025-11-05 04:00:00,0.05387,0.0554,0.05387,0.05534,5749746.1
1762311600000,2025-11-05 05:00:00,0.05534,0.05576,0.05515,0.05541,3066732.3
1762315200000,2025-11-05 06:00:00,0.05541,0.05559,0.05503,0.0553,2196264.6
1762318800000,2025-11-05 07:00:00,0.0553,0.05571,0.0553,0.05545,844186.8
1762322400000,2025-11-05 08:00:00,0.05545,0.05574,0.05509,0.05574,1731411.5
1762326000000,2025-11-05 09:00:00,0.05574,0.05579,0.05514,0.05564,1612677.3
1762329600000,2025-11-05 10:00:00,0.05564,0.05564,0.05445,0.05484,2088824.6
1762333200000,2025-11-05 11:00:00,0.05484,0.05537,0.05476,0.05524,1526640.7
1762336800000,2025-11-05 12:00:00,0.05524,0.0553,0.0546,0.0547,1599948.3
1762340400000,2025-11-05 13:00:00,0.0547,0.05586,0.05464,0.05569,2397533.9
1762344000000,2025-11-05 14:00:00,0.05569,0.05613,0.05542,0.05586,1171159.5
1762347600000,2025-11-05 15:00:00,0.05586,0.05645,0.05563,0.05616,1563109.8
1762351200000,2025-11-05 16:00:00,0.05616,0.05647,0.0554,0.0561,2707095.4
1762354800000,2025-11-05 17:00:00,0.0561,0.05653,0.05588,0.05642,2682014.8
1762358400000,2025-11-05 18:00:00,0.05642,0.05691,0.05593,0.05686,3174031.6
1762362000000,2025-11-05 19:00:00,0.05686,0.05703,0.05657,0.05681,1502814.6
1762365600000,2025-11-05 20:00:00,0.05681,0.05723,0.05674,0.05703,947817.8
1762369200000,2025-11-05 21:00:00,0.05703,0.05708,0.05651,0.05651,2029901.9
1762372800000,2025-11-05 22:00:00,0.05651,0.05679,0.056,0.05624,2915141.1
1762376400000,2025-11-05 23:00:00,0.05624,0.05667,0.0559,0.05653,1465497.3
1762380000000,2025-11-06 00:00:00,0.05653,0.05689,0.05637,0.05689,568659.6
1762383600000,2025-11-06 01:00:00,0.05689,0.05696,0.05625,0.05625,887197.6
1762387200000,2025-11-06 02:00:00,0.05625,0.05626,0.05588,0.05602,1166846.2
1762390800000,2025-11-06 03:00:00,0.05602,0.05603,0.05507,0.05561,1532037.6
1762394400000,2025-11-06 04:00:00,0.05561,0.05615,0.05514,0.05596,2513440.9
1762398000000,2025-11-06 05:00:00,0.05596,0.05613,0.05583,0.05604,764162.1
1762401600000,2025-11-06 06:00:00,0.05604,0.0561,0.05552,0.05603,2182854.2
1762405200000,2025-11-06 07:00:00,0.05603,0.05603,0.05498,0.05507,1411386.4
1762408800000,2025-11-06 08:00:00,0.05507,0.05572,0.05507,0.05545,3182405.2
1762412400000,2025-11-06 09:00:00,0.05545,0.0556,0.05479,0.0549,4082229.7
1762416000000,2025-11-06 10:00:00,0.0549,0.05505,0.05461,0.05487,1702575.2
1762419600000,2025-11-06 11:00:00,0.05487,0.05518,0.05463,0.05471,2054660.1
1762423200000,2025-11-06 12:00:00,0.05471,0.05526,0.05448,0.05505,1174806.9
1762426800000,2025-11-06 13:00:00,0.05505,0.0553,0.05472,0.05524,1558894.3
1762430400000,2025-11-06 14:00:00,0.05524,0.0553,0.0547,0.05477,4157536.9
1762434000000,2025-11-06 15:00:00,0.05477,0.05619,0.05473,0.05593,1983964.9
1762437600000,2025-11-06 16:00:00,0.05593,0.05612,0.05487,0.05504,1920473.9
1762441200000,2025-11-06 17:00:00,0.05504,0.05576,0.05434,0.05465,3921133.8
1762444800000,2025-11-06 18:00:00,0.05465,0.05495,0.05348,0.05412,9093644.7
1762448400000,2025-11-06 19:00:00,0.05412,0.05502,0.05387,0.05493,3908116.3
1762452000000,2025-11-06 20:00:00,0.05493,0.05569,0.05425,0.05533,5089146.3
1762455600000,2025-11-06 21:00:00,0.05533,0.05572,0.05487,0.05535,8792534.6
1762459200000,2025-11-06 22:00:00,0.05535,0.05586,0.05486,0.05531,2691784.1
1762462800000,2025-11-06 23:00:00,0.05531,0.05624,0.0551,0.05589,3814253.4
1762466400000,2025-11-07 00:00:00,0.05589,0.05615,0.05553,0.0561,1338538.4
1762470000000,2025-11-07 01:00:00,0.0561,0.05632,0.05538,0.05631,5398918.7
1762473600000,2025-11-07 02:00:00,0.05631,0.05761,0.05628,0.05746,8625328.8
1762477200000,2025-11-07 03:00:00,0.05746,0.05813,0.05683,0.05766,8501121.4
1762480800000,2025-11-07 04:00:00,0.05766,0.05775,0.05694,0.05762,1966922.0
1762484400000,2025-11-07 05:00:00,0.05762,0.05813,0.05759,0.05789,2200772.0
1762488000000,2025-11-07 06:00:00,0.05789,0.05819,0.0575,0.05778,2177226.8
1762491600000,2025-11-07 07:00:00,0.05778,0.05887,0.05767,0.05884,4506405.2
1762495200000,2025-11-07 08:00:00,0.05884,0.05899,0.05838,0.05849,2049251.1
1762498800000,2025-11-07 09:00:00,0.05849,0.05985,0.05845,0.05958,5141564.1
1762502400000,2025-11-07 10:00:00,0.05958,0.06009,0.05937,0.05954,6506138.3
1762506000000,2025-11-07 11:00:00,0.05954,0.06002,0.05866,0.05999,5048626.1
1762509600000,2025-11-07 12:00:00,0.05999,0.06061,0.05914,0.05947,5564033.5
1762513200000,2025-11-07 13:00:00,0.05947,0.05947,0.05818,0.05897,5508939.0
1762516800000,2025-11-07 14:00:00,0.05897,0.05936,0.05715,0.05749,6149822.8
1762520400000,2025-11-07 15:00:00,0.05749,0.05868,0.05732,0.05835,3008502.4
1762524000000,2025-11-07 16:00:00,0.05835,0.06068,0.05814,0.06033,9604605.0
1762527600000,2025-11-07 17:00:00,0.06033,0.06282,0.05964,0.06269,15349515.6
1762531200000,2025-11-07 18:00:00,0.06269,0.06557,0.06252,0.06507,17961892.6
1762534800000,2025-11-07 19:00:00,0.06507,0.06774,0.0645,0.06768,17528763.2
1762538400000,2025-11-07 20:00:00,0.06768,0.0725,0.06751,0.07124,33294573.7
1762542000000,2025-11-07 21:00:00,0.07124,0.07446,0.07035,0.07387,29329751.0
1762545600000,2025-11-07 22:00:00,0.07387,0.07593,0.07219,0.07246,33160071.6
1762549200000,2025-11-07 23:00:00,0.07246,0.07503,0.07238,0.07318,12755821.1
1762552800000,2025-11-08 00:00:00,0.07318,0.07377,0.07155,0.07159,7198468.0
1762556400000,2025-11-08 01:00:00,0.07159,0.07165,0.06957,0.0699,12288583.7
1762560000000,2025-11-08 02:00:00,0.0699,0.07199,0.06869,0.06875,14507872.4
1762563600000,2025-11-08 03:00:00,0.06875,0.06974,0.0686,0.06974,5523956.8
1762567200000,2025-11-08 04:00:00,0.06974,0.07026,0.06893,0.06904,4115043.2
1762570800000,2025-11-08 05:00:00,0.06904,0.06979,0.06769,0.06776,5067285.0
1762574400000,2025-11-08 06:00:00,0.06776,0.06899,0.06775,0.06805,5956856.2
1762578000000,2025-11-08 07:00:00,0.06805,0.06827,0.06722,0.06726,3435345.0
1762581600000,2025-11-08 08:00:00,0.06726,0.06742,0.06615,0.06679,6316705.2
1762585200000,2025-11-08 09:00:00,0.06679,0.06744,0.06609,0.06722,2857952.5
1762588800000,2025-11-08 10:00:00,0.06722,0.06823,0.06645,0.06801,4346668.0
1762592400000,2025-11-08 11:00:00,0.06801,0.06801,0.06667,0.06711,3307490.6
1762596000000,2025-11-08 12:00:00,0.06711,0.06787,0.06691,0.06781,2332622.3
1762599600000,2025-11-08 13:00:00,0.06781,0.06897,0.0676,0.06843,7708383.8
1762603200000,2025-11-08 14:00:00,0.06843,0.0686,0.06757,0.06811,2910837.9
1762606800000,2025-11-08 15:00:00,0.06811,0.06824,0.0663,0.06632,4980992.3
1762610400000,2025-11-08 16:00:00,0.06632,0.06664,0.06545,0.06611,6643312.5
1762614000000,2025-11-08 17:00:00,0.06611,0.06632,0.0649,0.06525,5096902.1
1762617600000,2025-11-08 18:00:00,0.06525,0.0655,0.06461,0.06519,4472096.0
1762621200000,2025-11-08 19:00:00,0.06519,0.06581,0.06485,0.06556,2324245.8
1762624800000,2025-11-08 20:00:00,0.06556,0.06628,0.06549,0.06619,1792935.1
1762628400000,2025-11-08 21:00:00,0.06619,0.06637,0.06524,0.06584,1305120.9
1762632000000,2025-11-08 22:00:00,0.06584,0.0666,0.06562,0.0664,2051388.2
1762635600000,2025-11-08 23:00:00,0.0664,0.06652,0.0659,0.06594,1441601.9
1762639200000,2025-11-09 00:00:00,0.06594,0.06641,0.06581,0.066,1101227.7
1762642800000,2025-11-09 01:00:00,0.066,0.06665,0.06596,0.06645,923816.0
1762646400000,2025-11-09 02:00:00,0.06645,0.06647,0.06556,0.06587,4110506.4
1762650000000,2025-11-09 03:00:00,0.06587,0.06667,0.06577,0.0661,1717068.5
1762653600000,2025-11-09 04:00:00,0.0661,0.0662,0.06418,0.06442,3201202.7
1762657200000,2025-11-09 05:00:00,0.06442,0.06468,0.06346,0.06404,2132568.8
1762660800000,2025-11-09 06:00:00,0.06404,0.06444,0.06367,0.06396,1918554.3
1762664400000,2025-11-09 07:00:00,0.06396,0.06429,0.06367,0.06402,859482.2
1762668000000,2025-11-09 08:00:00,0.06402,0.06464,0.06369,0.06382,1162497.6
1762671600000,2025-11-09 09:00:00,0.06382,0.06483,0.06377,0.06479,1897505.4
1762675200000,2025-11-09 10:00:00,0.06479,0.0649,0.06401,0.06428,1258429.8
1762678800000,2025-11-09 11:00:00,0.06428,0.06488,0.06349,0.06361,2489063.7
1762682400000,2025-11-09 12:00:00,0.06361,0.0638,0.06295,0.0638,2811479.7
1762686000000,2025-11-09 13:00:00,0.0638,0.06515,0.0638,0.06484,6009957.0
1762689600000,2025-11-09 14:00:00,0.06484,0.0651,0.06444,0.06463,2703271.3
1762693200000,2025-11-09 15:00:00,0.06463,0.06505,0.06449,0.06457,1672515.2
1762696800000,2025-11-09 16:00:00,0.06457,0.06581,0.06414,0.06474,7929725.2
1762700400000,2025-11-09 17:00:00,0.06474,0.06624,0.06474,0.06585,5736284.9
1762704000000,2025-11-09 18:00:00,0.06585,0.06609,0.06523,0.06601,2339998.8
1762707600000,2025-11-09 19:00:00,0.06601,0.06617,0.06522,0.06527,1432858.2
1762711200000,2025-11-09 20:00:00,0.06527,0.06615,0.06478,0.06605,1792039.8
1762714800000,2025-11-09 21:00:00,0.06605,0.0668,0.06587,0.0668,1944232.3
1762718400000,2025-11-09 22:00:00,0.0668,0.06686,0.06599,0.0661,1378419.0
1762722000000,2025-11-09 23:00:00,0.0661,0.06644,0.06593,0.06612,1021873.7
1762725600000,2025-11-10 00:00:00,0.06612,0.06645,0.06539,0.06636,1331783.2
1762729200000,2025-11-10 01:00:00,0.06636,0.06716,0.06585,0.06642,2272205.8
1762732800000,2025-11-10 02:00:00,0.06642,0.06834,0.06582,0.06794,5515933.4
1762736400000,2025-11-10 03:00:00,0.06794,0.06857,0.06755,0.06806,4899537.1
1762740000000,2025-11-10 04:00:00,0.06806,0.06826,0.06738,0.06826,2207097.2
1762743600000,2025-11-10 05:00:00,0.06826,0.06953,0.06826,0.06933,3893567.1
1762747200000,2025-11-10 06:00:00,0.06933,0.07005,0.06838,0.06878,5274270.4
1762750800000,2025-11-10 07:00:00,0.06878,0.06928,0.06824,0.06886,1541137.6
1762754400000,2025-11-10 08:00:00,0.06886,0.06932,0.06829,0.06927,2007437.8
1762758000000,2025-11-10 09:00:00,0.06927,0.07042,0.06904,0.07038,4378887.7
1762761600000,2025-11-10 10:00:00,0.07038,0.07044,0.06883,0.06909,3378771.9
1762765200000,2025-11-10 11:00:00,0.06909,0.07061,0.06895,0.07012,3380837.8
1762768800000,2025-11-10 12:00:00,0.07012,0.0705,0.06872,0.069,4235763.4
1762772400000,2025-11-10 13:00:00,0.069,0.07017,0.06896,0.06969,2436663.7
1762776000000,2025-11-10 14:00:00,0.06969,0.06989,0.06848,0.06863,3269374.2
1762779600000,2025-11-10 15:00:00,0.06863,0.06946,0.06846,0.06913,3384411.0
1762783200000,2025-11-10 16:00:00,0.06913,0.06913,0.06689,0.0674,6036616.3
1762786800000,2025-11-10 17:00:00,0.0674,0.06844,0.06723,0.06763,4136122.0
1762790400000,2025-11-10 18:00:00,0.06763,0.06805,0.06666,0.067,4195516.1
1762794000000,2025-11-10 19:00:00,0.067,0.06842,0.0669,0.06808,2496620.2
1762797600000,2025-11-10 20:00:00,0.06808,0.06822,0.06751,0.06752,1865658.9
1762801200000,2025-11-10 21:00:00,0.06752,0.06875,0.06731,0.06799,3803412.3
1762804800000,2025-11-10 22:00:00,0.06799,0.06888,0.06789,0.06846,1760490.1
1762808400000,2025-11-10 23:00:00,0.06846,0.0685,0.06704,0.06771,4353514.7
1762812000000,2025-11-11 00:00:00,0.06771,0.06997,0.06738,0.06962,4026234.9
1762815600000,2025-11-11 01:00:00,0.06962,0.06968,0.06858,0.06885,2163419.0
1762819200000,2025-11-11 02:00:00,0.06885,0.06934,0.06754,0.06818,2799385.0
1762822800000,2025-11-11 03:00:00,0.06818,0.07005,0.06786,0.06802,3015174.0
1762826400000,2025-11-11 04:00:00,0.06802,0.06966,0.06772,0.0693,3117821.7
1762830000000,2025-11-11 05:00:00,0.0693,0.06956,0.06878,0.06889,1220873.2
1762833600000,2025-11-11 06:00:00,0.06889,0.0691,0.06766,0.06771,1644071.2
1762837200000,2025-11-11 07:00:00,0.06771,0.06775,0.06672,0.06679,4518578.3
1762840800000,2025-11-11 08:00:00,0.06679,0.06704,0.06628,0.06677,2701811.0
1762844400000,2025-11-11 09:00:00,0.06677,0.06685,0.06547,0.06558,2206852.8
1762848000000,2025-11-11 10:00:00,0.06558,0.06628,0.06552,0.06603,2437502.3
1762851600000,2025-11-11 11:00:00,0.06603,0.06662,0.06578,0.06581,2403102.6
1762855200000,2025-11-11 12:00:00,0.06581,0.06632,0.0657,0.06614,1203742.0
1762858800000,2025-11-11 13:00:00,0.06614,0.06672,0.06614,0.06654,874551.0
1762862400000,2025-11-11 14:00:00,0.06654,0.06689,0.06553,0.06606,1591616.5
1762866000000,2025-11-11 15:00:00,0.06606,0.06689,0.06606,0.0662,1547797.0
1762869600000,2025-11-11 16:00:00,0.0662,0.06714,0.06566,0.06705,4220171.1
1762873200000,2025-11-11 17:00:00,0.06705,0.06705,0.06589,0.06613,3005236.1
1762876800000,2025-11-11 18:00:00,0.06613,0.06674,0.06588,0.06617,1921697.5
1762880400000,2025-11-11 19:00:00,0.06617,0.06667,0.06537,0.0659,2208252.6
1762884000000,2025-11-11 20:00:00,0.0659,0.06612,0.06508,0.06518,2730806.5
1762887600000,2025-11-11 21:00:00,0.06518,0.06547,0.06457,0.06474,1992975.1
1762891200000,2025-11-11 22:00:00,0.06474,0.06492,0.06388,0.06404,3104212.0
1762894800000,2025-11-11 23:00:00,0.06404,0.06449,0.06356,0.0637,1350336.0
1762898400000,2025-11-12 00:00:00,0.0637,0.06438,0.0634,0.06425,1298127.0
1762902000000,2025-11-12 01:00:00,0.06425,0.06425,0.06321,0.06344,1796487.3
1762905600000,2025-11-12 02:00:00,0.06344,0.06391,0.06302,0.0631,2166130.7
1762909200000,2025-11-12 03:00:00,0.0631,0.06454,0.06306,0.06441,2446229.0
1762912800000,2025-11-12 04:00:00,0.06441,0.06458,0.06388,0.06453,1686944.4
1762916400000,2025-11-12 05:00:00,0.06453,0.06497,0.06448,0.06482,1694089.4
1762920000000,2025-11-12 06:00:00,0.06482,0.065,0.06441,0.06483,1189901.8
1762923600000,2025-11-12 07:00:00,0.06483,0.06533,0.0647,0.06512,910433.1
1762927200000,2025-11-12 08:00:00,0.06512,0.06573,0.0651,0.06532,933512.2
1762930800000,2025-11-12 09:00:00,0.06532,0.06558,0.06481,0.06491,1556243.9
1762934400000,2025-11-12 10:00:00,0.06491,0.06649,0.06491,0.0662,1871634.7
1762938000000,2025-11-12 11:00:00,0.0662,0.06658,0.06603,0.06633,1915498.6
1762941600000,2025-11-12 12:00:00,0.06633,0.06717,0.06631,0.06696,1553813.6
1762945200000,2025-11-12 13:00:00,0.06696,0.06717,0.06658,0.0668,1632538.0
1762948800000,2025-11-12 14:00:00,0.0668,0.0672,0.06626,0.06649,2085507.0
1762952400000,2025-11-12 15:00:00,0.06649,0.06697,0.06592,0.06676,3581544.8
1762956000000,2025-11-12 16:00:00,0.06676,0.06676,0.06459,0.06529,6485719.9
1762959600000,2025-11-12 17:00:00,0.06529,0.066,0.06352,0.06382,6952629.4
1762963200000,2025-11-12 18:00:00,0.06382,0.06397,0.06224,0.06292,8733606.0
1762966800000,2025-11-12 19:00:00,0.06292,0.06378,0.06227,0.06333,3179679.7
1762970400000,2025-11-12 20:00:00,0.06333,0.06366,0.06268,0.06276,2668438.2
1762974000000,2025-11-12 21:00:00,0.06276,0.06307,0.06206,0.06281,1706754.9
1762977600000,2025-11-12 22:00:00,0.06281,0.06391,0.06255,0.0634,2619505.5
1762981200000,2025-11-12 23:00:00,0.0634,0.06366,0.06325,0.06337,791627.3
1762984800000,2025-11-13 00:00:00,0.06337,0.06354,0.06293,0.06351,763449.5
1762988400000,2025-11-13 01:00:00,0.06351,0.06351,0.06267,0.06289,802814.8
1762992000000,2025-11-13 02:00:00,0.06289,0.06342,0.06271,0.06287,1117595.5
1762995600000,2025-11-13 03:00:00,0.06287,0.06392,0.06281,0.06327,1816580.5
1762999200000,2025-11-13 04:00:00,0.06327,0.06355,0.06304,0.06319,632798.8
1763002800000,2025-11-13 05:00:00,0.06319,0.06419,0.06216,0.06362,3623611.3
1763006400000,2025-11-13 06:00:00,0.06362,0.06415,0.06315,0.06387,3460334.7
1763010000000,2025-11-13 07:00:00,0.06387,0.06466,0.0633,0.06442,2776690.4
1763013600000,2025-11-13 08:00:00,0.06442,0.06483,0.06418,0.06421,2689112.1
1763017200000,2025-11-13 09:00:00,0.06421,0.06448,0.06363,0.06376,1598198.8
1763020800000,2025-11-13 10:00:00,0.06376,0.06428,0.06364,0.06387,2491693.8
1763024400000,2025-11-13 11:00:00,0.06387,0.06395,0.06284,0.0629,4718514.3
1763028000000,2025-11-13 12:00:00,0.0629,0.06385,0.0629,0.06311,1834660.6
1763031600000,2025-11-13 13:00:00,0.06311,0.06351,0.06289,0.06315,1190040.6
1763035200000,2025-11-13 14:00:00,0.06315,0.06358,0.06296,0.06326,1493992.5
1763038800000,2025-11-13 15:00:00,0.06326,0.06344,0.06263,0.06316,2902136.7
1763042400000,2025-11-13 16:00:00,0.06316,0.0645,0.06234,0.064,4417048.4
1763046000000,2025-11-13 17:00:00,0.064,0.0644,0.06255,0.063,4423783.6
1763049600000,2025-11-13 18:00:00,0.063,0.06316,0.0616,0.0617,4590134.4
1763053200000,2025-11-13 19:00:00,0.0617,0.06203,0.06001,0.06011,8601345.7
1763056800000,2025-11-13 20:00:00,0.06011,0.0604,0.0592,0.05969,6304995.1
1763060400000,2025-11-13 21:00:00,0.05969,0.0603,0.05922,0.05943,4521680.2
1763064000000,2025-11-13 22:00:00,0.05943,0.05994,0.05892,0.05947,3655312.7
1763067600000,2025-11-13 23:00:00,0.05947,0.05974,0.05896,0.05932,1262993.7
1763071200000,2025-11-14 00:00:00,0.05932,0.06046,0.05924,0.06029,1066958.3
1763074800000,2025-11-14 01:00:00,0.06029,0.06097,0.06015,0.0604,1166475.8
1763078400000,2025-11-14 02:00:00,0.0604,0.06113,0.05982,0.05991,4154453.1
1763082000000,2025-11-14 03:00:00,0.05991,0.06041,0.05973,0.05984,2973869.8
1763085600000,2025-11-14 04:00:00,0.05984,0.06042,0.0598,0.05997,1384737.6
1763089200000,2025-11-14 05:00:00,0.05997,0.05997,0.05925,0.05956,1094886.0
1763092800000,2025-11-14 06:00:00,0.05956,0.05957,0.05738,0.05867,6610161.9
1763096400000,2025-11-14 07:00:00,0.05867,0.05969,0.05857,0.05951,5325379.7
1763100000000,2025-11-14 08:00:00,0.05951,0.06009,0.05837,0.06009,2976603.4
1763103600000,2025-11-14 09:00:00,0.06009,0.06018,0.05938,0.05953,2771233.5
1763107200000,2025-11-14 10:00:00,0.05953,0.05963,0.05908,0.05938,950934.3
1763110800000,2025-11-14 11:00:00,0.05938,0.05964,0.05846,0.05849,1675055.4
1763114400000,2025-11-14 12:00:00,0.05849,0.05913,0.05849,0.05865,836528.2
1763118000000,2025-11-14 13:00:00,0.05865,0.05873,0.05791,0.05838,2059259.4
1763121600000,2025-11-14 14:00:00,0.05838,0.05878,0.05728,0.05863,4765981.0
1763125200000,2025-11-14 15:00:00,0.05863,0.05901,0.05792,0.05845,2497956.3
1763128800000,2025-11-14 16:00:00,0.05845,0.05945,0.05777,0.05914,5533378.7
1763132400000,2025-11-14 17:00:00,0.05914,0.0594,0.05832,0.05893,2789891.2
1763136000000,2025-11-14 18:00:00,0.05893,0.05951,0.05847,0.05947,3178044.3
1763139600000,2025-11-14 19:00:00,0.05947,0.05955,0.05849,0.05867,2274436.5
1763143200000,2025-11-14 20:00:00,0.05867,0.05944,0.05843,0.0585,1818608.1
1763146800000,2025-11-14 21:00:00,0.0585,0.05936,0.0584,0.05921,1565379.0
1763150400000,2025-11-14 22:00:00,0.05921,0.05935,0.05756,0.05792,2749578.7
1763154000000,2025-11-14 23:00:00,0.05792,0.05852,0.05765,0.05804,1742652.1
1763157600000,2025-11-15 00:00:00,0.05804,0.05837,0.05731,0.05745,2813686.1
1763161200000,2025-11-15 01:00:00,0.05745,0.05747,0.05586,0.05643,9818408.1
1763164800000,2025-11-15 02:00:00,0.05643,0.05696,0.0562,0.05693,4567210.9
1763168400000,2025-11-15 03:00:00,0.05693,0.05758,0.05654,0.05744,2701604.1
1763172000000,2025-11-15 04:00:00,0.05744,0.05766,0.05714,0.05766,1865966.5
1763175600000,2025-11-15 05:00:00,0.05766,0.05809,0.05743,0.05795,1109743.6
1763179200000,2025-11-15 06:00:00,0.05795,0.05832,0.05787,0.05814,1229273.1
1763182800000,2025-11-15 07:00:00,0.05814,0.05828,0.05783,0.05817,1179378.5
1763186400000,2025-11-15 08:00:00,0.05817,0.05911,0.05816,0.05886,2825727.3
1763190000000,2025-11-15 09:00:00,0.05886,0.05893,0.05806,0.05816,1726051.0
1763193600000,2025-11-15 10:00:00,0.05816,0.05822,0.05694,0.05719,2065164.2
1763197200000,2025-11-15 11:00:00,0.05719,0.05767,0.05699,0.05709,1901866.7
1763200800000,2025-11-15 12:00:00,0.05709,0.05733,0.05686,0.05727,1619218.3
1763204400000,2025-11-15 13:00:00,0.05727,0.05738,0.05669,0.05698,917206.3
1763208000000,2025-11-15 14:00:00,0.05698,0.05765,0.05682,0.05764,1393393.7
1763211600000,2025-11-15 15:00:00,0.05764,0.05809,0.05738,0.05792,2852280.2
1763215200000,2025-11-15 16:00:00,0.05792,0.05795,0.05743,0.05764,1683693.3
1763218800000,2025-11-15 17:00:00,0.05764,0.05779,0.05733,0.05739,1238003.2
1763222400000,2025-11-15 18:00:00,0.05739,0.05752,0.05687,0.0575,3592828.2
1763226000000,2025-11-15 19:00:00,0.0575,0.05804,0.05727,0.05796,5383890.9
1763229600000,2025-11-15 20:00:00,0.05796,0.05808,0.05757,0.05767,1538996.9
1763233200000,2025-11-15 21:00:00,0.05767,0.05774,0.05732,0.05739,836326.3
1763236800000,2025-11-15 22:00:00,0.05739,0.05741,0.05695,0.05699,644768.4
1763240400000,2025-11-15 23:00:00,0.05699,0.05743,0.05656,0.05668,1541124.1
1763244000000,2025-11-16 00:00:00,0.05668,0.05709,0.05659,0.05706,483798.8
1763247600000,2025-11-16 01:00:00,0.05706,0.05722,0.05692,0.05694,357256.8
1763251200000,2025-11-16 02:00:00,0.05694,0.05704,0.05639,0.05677,864133.4
1763254800000,2025-11-16 03:00:00,0.05677,0.05693,0.05606,0.05679,1622374.3
1763258400000,2025-11-16 04:00:00,0.05679,0.05771,0.05667,0.05765,1637899.9
1763262000000,2025-11-16 05:00:00,0.05765,0.05787,0.05746,0.05761,885521.2
1763265600000,2025-11-16 06:00:00,0.05761,0.05767,0.05702,0.05735,609574.1
1763269200000,2025-11-16 07:00:00,0.05735,0.05786,0.05732,0.0575,801043.8
1763272800000,2025-11-16 08:00:00,0.0575,0.05777,0.0573,0.05734,491875.7
1763276400000,2025-11-16 09:00:00,0.05734,0.05763,0.05729,0.05762,445867.1
1763280000000,2025-11-16 10:00:00,0.05762,0.05768,0.0572,0.05743,1143058.9
1763283600000,2025-11-16 11:00:00,0.05743,0.05795,0.05719,0.05789,1026770.1
1763287200000,2025-11-16 12:00:00,0.05789,0.05795,0.05747,0.05748,740785.1
1763290800000,2025-11-16 13:00:00,0.05748,0.05763,0.05632,0.05642,2681525.9
1763294400000,2025-11-16 14:00:00,0.05642,0.05682,0.05615,0.05654,2677097.9
1763298000000,2025-11-16 15:00:00,0.05654,0.05672,0.05586,0.0561,2441613.9
1763301600000,2025-11-16 16:00:00,0.0561,0.05661,0.05594,0.05653,1216672.7
1763305200000,2025-11-16 17:00:00,0.05653,0.05654,0.05515,0.05524,6290110.1
1763308800000,2025-11-16 18:00:00,0.05524,0.05582,0.05474,0.05496,7423066.2
1763312400000,2025-11-16 19:00:00,0.05496,0.05521,0.05416,0.05494,4019999.4
1763316000000,2025-11-16 20:00:00,0.05494,0.05593,0.05461,0.05489,2562864.5
1763319600000,2025-11-16 21:00:00,0.05489,0.05583,0.05487,0.05526,1595703.3
1763323200000,2025-11-16 22:00:00,0.05526,0.05576,0.05517,0.05536,1681063.8
1763326800000,2025-11-16 23:00:00,0.05536,0.05541,0.05477,0.05534,1603546.5
1763330400000,2025-11-17 00:00:00,0.05534,0.05604,0.05489,0.05586,1410980.6
1763334000000,2025-11-17 01:00:00,0.05586,0.05625,0.05487,0.05589,2003828.5
1763337600000,2025-11-17 02:00:00,0.05589,0.05666,0.05527,0.05633,1333572.1
1763341200000,2025-11-17 03:00:00,0.05633,0.05655,0.05608,0.05627,1656414.3
1763344800000,2025-11-17 04:00:00,0.05627,0.05671,0.05612,0.05655,2326679.3
1763348400000,2025-11-17 05:00:00,0.05655,0.05708,0.05647,0.05678,1023502.6
1763352000000,2025-11-17 06:00:00,0.05678,0.0573,0.05657,0.05685,1080527.7
1763355600000,2025-11-17 07:00:00,0.05685,0.05721,0.05664,0.05707,1770989.7
1763359200000,2025-11-17 08:00:00,0.05707,0.05733,0.05678,0.05732,1722874.4
1763362800000,2025-11-17 09:00:00,0.05732,0.05762,0.05727,0.05742,1186572.8
1763366400000,2025-11-17 10:00:00,0.05742,0.05751,0.05708,0.05713,1953822.8
1763370000000,2025-11-17 11:00:00,0.05713,0.05762,0.05701,0.05723,1290680.6
1763373600000,2025-11-17 12:00:00,0.05723,0.05782,0.05718,0.05752,1984985.5
1763377200000,2025-11-17 13:00:00,0.05752,0.05789,0.0573,0.05734,1331522.2
1763380800000,2025-11-17 14:00:00,0.05734,0.05737,0.05696,0.05705,1214028.9
1763384400000,2025-11-17 15:00:00,0.05705,0.05714,0.05533,0.05593,4660872.9
1763388000000,2025-11-17 16:00:00,0.05593,0.05833,0.05559,0.05691,9047836.1
1763391600000,2025-11-17 17:00:00,0.05691,0.05712,0.05591,0.05612,3279619.4
1763395200000,2025-11-17 18:00:00,0.05612,0.05697,0.05518,0.05689,3282850.4
1763398800000,2025-11-17 19:00:00,0.05689,0.05696,0.05516,0.05531,3202033.1
1763402400000,2025-11-17 20:00:00,0.05531,0.05581,0.05451,0.05504,3909275.0
1763406000000,2025-11-17 21:00:00,0.05504,0.05525,0.0542,0.05453,3248857.9
1763409600000,2025-11-17 22:00:00,0.05453,0.05486,0.05397,0.05457,3750985.6
1763413200000,2025-11-17 23:00:00,0.05457,0.05494,0.05416,0.0546,2453455.6
1763416800000,2025-11-18 00:00:00,0.0546,0.05506,0.05446,0.05485,1805944.0
1763420400000,2025-11-18 01:00:00,0.05485,0.05523,0.05469,0.05515,892539.9
1763424000000,2025-11-18 02:00:00,0.05515,0.05545,0.05429,0.05535,2163304.8
1763427600000,2025-11-18 03:00:00,0.05535,0.0557,0.0551,0.05521,1391348.3
1763431200000,2025-11-18 04:00:00,0.05521,0.05597,0.05459,0.05496,4634664.2
1763434800000,2025-11-18 05:00:00,0.05496,0.05589,0.05438,0.05567,4691234.7
1763438400000,2025-11-18 06:00:00,0.05567,0.05606,0.05492,0.05595,3420138.2
1763442000000,2025-11-18 07:00:00,0.05595,0.05633,0.0555,0.05572,2201393.1
1763445600000,2025-11-18 08:00:00,0.05572,0.05587,0.05508,0.05513,1892802.6
1763449200000,2025-11-18 09:00:00,0.05513,0.0558,0.05496,0.05562,1010849.8
1763452800000,2025-11-18 10:00:00,0.05562,0.05623,0.05555,0.05599,1597533.1
1763456400000,2025-11-18 11:00:00,0.05599,0.05609,0.05537,0.05559,1056104.3
1763460000000,2025-11-18 12:00:00,0.05559,0.05589,0.05539,0.05577,1175683.4
1763463600000,2025-11-18 13:00:00,0.05577,0.05577,0.05522,0.05527,792795.7
1763467200000,2025-11-18 14:00:00,0.05527,0.05557,0.05495,0.05533,1453569.4
1763470800000,2025-11-18 15:00:00,0.05533,0.0554,0.05491,0.05523,854201.2
1763474400000,2025-11-18 16:00:00,0.05523,0.05614,0.05511,0.05531,5725853.7
1763478000000,2025-11-18 17:00:00,0.05531,0.05689,0.05494,0.0565,9323749.0
1763481600000,2025-11-18 18:00:00,0.0565,0.05756,0.05634,0.05727,4387269.7
1763485200000,2025-11-18 19:00:00,0.05727,0.05748,0.05674,0.05701,3426183.9
1763488800000,2025-11-18 20:00:00,0.05701,0.05755,0.057,0.05712,1116239.8
1763492400000,2025-11-18 21:00:00,0.05712,0.0575,0.05694,0.05712,1638032.7
1763496000000,2025-11-18 22:00:00,0.05712,0.0572,0.05674,0.05674,935557.8
1763499600000,2025-11-18 23:00:00,0.05674,0.05683,0.05602,0.05602,897969.9
1763503200000,2025-11-19 00:00:00,0.05602,0.05675,0.05601,0.05646,988532.6
1763506800000,2025-11-19 01:00:00,0.05646,0.05648,0.05597,0.05609,1169114.3
1763510400000,2025-11-19 02:00:00,0.05609,0.05628,0.05533,0.05609,2152851.9
1763514000000,2025-11-19 03:00:00,0.05609,0.05643,0.05573,0.05598,1555650.4
1763517600000,2025-11-19 04:00:00,0.05598,0.05628,0.05578,0.05585,880030.1
1763521200000,2025-11-19 05:00:00,0.05585,0.05592,0.05505,0.05512,1581291.7
1763524800000,2025-11-19 06:00:00,0.05512,0.05532,0.05476,0.05481,1498752.5
1763528400000,2025-11-19 07:00:00,0.05481,0.0549,0.05381,0.05412,3165760.4
1763532000000,2025-11-19 08:00:00,0.05412,0.05452,0.05397,0.05446,1214901.0
1763535600000,2025-11-19 09:00:00,0.05446,0.05522,0.05442,0.05514,951531.5
1763539200000,2025-11-19 10:00:00,0.05514,0.05536,0.05494,0.05504,936543.3
1763542800000,2025-11-19 11:00:00,0.05504,0.05512,0.05474,0.0551,1095587.2
1763546400000,2025-11-19 12:00:00,0.0551,0.05537,0.05479,0.05489,3192556.8
1763550000000,2025-11-19 13:00:00,0.05489,0.05504,0.05483,0.05493,2511983.1
1763553600000,2025-11-19 14:00:00,0.05493,0.05525,0.05491,0.0552,716576.7
1763557200000,2025-11-19 15:00:00,0.0552,0.0552,0.05466,0.05467,949043.6
1763560800000,2025-11-19 16:00:00,0.05467,0.05494,0.05403,0.05488,2523138.9
1763564400000,2025-11-19 17:00:00,0.05488,0.05581,0.05394,0.05399,5367866.6
1763568000000,2025-11-19 18:00:00,0.05399,0.05434,0.05316,0.05331,4137804.9
1763571600000,2025-11-19 19:00:00,0.05331,0.05359,0.05205,0.05296,4896341.4
1763575200000,2025-11-19 20:00:00,0.05296,0.05307,0.05191,0.05235,3248104.6
1763578800000,2025-11-19 21:00:00,0.05235,0.05259,0.05205,0.05242,1624337.6
1763582400000,2025-11-19 22:00:00,0.05242,0.05333,0.05222,0.05327,2044585.5
1763586000000,2025-11-19 23:00:00,0.05327,0.05464,0.05314,0.05459,5002747.9
1763589600000,2025-11-20 00:00:00,0.05459,0.05463,0.05409,0.05427,1652447.2
1763593200000,2025-11-20 01:00:00,0.05427,0.05502,0.05427,0.05469,2737452.3
1763596800000,2025-11-20 02:00:00,0.05469,0.05486,0.05446,0.05458,2165123.6
1763600400000,2025-11-20 03:00:00,0.05458,0.05498,0.05455,0.05492,830961.5
1763604000000,2025-11-20 04:00:00,0.05492,0.05528,0.05485,0.05508,1686515.6
1763607600000,2025-11-20 05:00:00,0.05508,0.05515,0.05478,0.05481,1875774.7
1763611200000,2025-11-20 06:00:00,0.05481,0.05535,0.05472,0.05535,2625623.6
1763614800000,2025-11-20 07:00:00,0.05535,0.05538,0.0549,0.05493,542423.7
1763618400000,2025-11-20 08:00:00,0.05493,0.0551,0.05471,0.05492,439622.1
1763622000000,2025-11-20 09:00:00,0.05492,0.05554,0.0548,0.05554,1018789.2
1763625600000,2025-11-20 10:00:00,0.05554,0.05573,0.05536,0.05573,1120059.6
1763629200000,2025-11-20 11:00:00,0.05573,0.05654,0.05557,0.056,6282789.4
1763632800000,2025-11-20 12:00:00,0.056,0.05618,0.05559,0.05616,2336233.4
1763636400000,2025-11-20 13:00:00,0.05616,0.0569,0.05597,0.05677,1649040.8
1763640000000,2025-11-20 14:00:00,0.05677,0.0582,0.05677,0.05806,4045193.6
1763643600000,2025-11-20 15:00:00,0.05806,0.05814,0.05734,0.05763,3597683.8
1763647200000,2025-11-20 16:00:00,0.05763,0.05876,0.05692,0.05858,6178082.2
1763650800000,2025-11-20 17:00:00,0.05858,0.05863,0.05713,0.05721,6291141.9
1763654400000,2025-11-20 18:00:00,0.05721,0.0573,0.05438,0.0546,16424945.8
1763658000000,2025-11-20 19:00:00,0.0546,0.05486,0.05333,0.05355,12073770.1
1763661600000,2025-11-20 20:00:00,0.05355,0.05409,0.05268,0.05291,4232775.5
1763665200000,2025-11-20 21:00:00,0.05291,0.05389,0.05257,0.05361,4963860.7
1763668800000,2025-11-20 22:00:00,0.05361,0.05361,0.05281,0.05291,3119870.6
1763672400000,2025-11-20 23:00:00,0.05291,0.0541,0.05288,0.05372,2671953.6
1763676000000,2025-11-21 00:00:00,0.05372,0.05469,0.05364,0.0544,2378143.3
1763679600000,2025-11-21 01:00:00,0.0544,0.05447,0.05301,0.05309,1713093.5
1763683200000,2025-11-21 02:00:00,0.05309,0.05389,0.05305,0.05379,1024760.0
1763686800000,2025-11-21 03:00:00,0.05379,0.05422,0.05357,0.05377,1149014.6
1763690400000,2025-11-21 04:00:00,0.05377,0.05381,0.05219,0.05233,3907821.1
1763694000000,2025-11-21 05:00:00,0.05233,0.05331,0.05229,0.05277,2475391.9
1763697600000,2025-11-21 06:00:00,0.05277,0.05302,0.05206,0.0529,1855684.3
1763701200000,2025-11-21 07:00:00,0.0529,0.053,0.05213,0.0523,2293530.6
1763704800000,2025-11-21 08:00:00,0.0523,0.0527,0.0521,0.05249,1746079.3
1763708400000,2025-11-21 09:00:00,0.05249,0.05259,0.04755,0.05022,28664699.7
1763712000000,2025-11-21 10:00:00,0.05022,0.05094,0.0498,0.04995,7297163.1
1763715600000,2025-11-21 11:00:00,0.04995,0.05036,0.04903,0.04904,3505316.4
1763719200000,2025-11-21 12:00:00,0.04904,0.04954,0.04874,0.04893,3372409.3
1763722800000,2025-11-21 13:00:00,0.04893,0.04955,0.04848,0.04859,1961166.9
1763726400000,2025-11-21 14:00:00,0.04859,0.05001,0.04753,0.04975,8233348.5
1763730000000,2025-11-21 15:00:00,0.04975,0.05021,0.04945,0.04973,4025401.0
1763733600000,2025-11-21 16:00:00,0.04973,0.05115,0.04961,0.05072,15399268.4
1763737200000,2025-11-21 17:00:00,0.05072,0.05083,0.04936,0.04968,8822208.9
1763740800000,2025-11-21 18:00:00,0.04968,0.05104,0.04904,0.05101,7232155.0
1763744400000,2025-11-21 19:00:00,0.05101,0.05153,0.05049,0.05057,4499634.8
1763748000000,2025-11-21 20:00:00,0.05057,0.05117,0.0498,0.0509,2396432.5
1763751600000,2025-11-21 21:00:00,0.0509,0.05095,0.0497,0.04979,7694862.9
1763755200000,2025-11-21 22:00:00,0.04979,0.04993,0.04897,0.0492,3497560.7
1763758800000,2025-11-21 23:00:00,0.0492,0.04994,0.04893,0.04963,2968323.7
1763762400000,2025-11-22 00:00:00,0.04963,0.04977,0.04819,0.04827,2733245.1
1763766000000,2025-11-22 01:00:00,0.04827,0.04932,0.04799,0.04919,1984647.8
1763769600000,2025-11-22 02:00:00,0.04919,0.04939,0.04872,0.04904,1323050.3
1763773200000,2025-11-22 03:00:00,0.04904,0.04936,0.04901,0.04919,811473.3
1763776800000,2025-11-22 04:00:00,0.04919,0.04926,0.0483,0.04862,1338252.0
1763780400000,2025-11-22 05:00:00,0.04862,0.0488,0.04822,0.04847,1171508.1
1763784000000,2025-11-22 06:00:00,0.04847,0.04849,0.04746,0.0482,3545558.4
1763787600000,2025-11-22 07:00:00,0.0482,0.04824,0.0474,0.04771,1586663.9
1763791200000,2025-11-22 08:00:00,0.04771,0.04828,0.04738,0.04801,1852264.9
1763794800000,2025-11-22 09:00:00,0.04801,0.04834,0.04782,0.04819,2999844.3
1763798400000,2025-11-22 10:00:00,0.04819,0.04824,0.04721,0.04764,2965322.7
1763802000000,2025-11-22 11:00:00,0.04764,0.04862,0.04764,0.04805,1637621.4
1763805600000,2025-11-22 12:00:00,0.04805,0.04833,0.04758,0.04776,1107783.1
1763809200000,2025-11-22 13:00:00,0.04776,0.04843,0.04773,0.04814,1231443.1
1763812800000,2025-11-22 14:00:00,0.04814,0.04815,0.0476,0.04778,962111.7
1763816400000,2025-11-22 15:00:00,0.04778,0.04802,0.04738,0.04779,792682.7
1763820000000,2025-11-22 16:00:00,0.04779,0.04855,0.04779,0.04845,1626355.8
1763823600000,2025-11-22 17:00:00,0.04845,0.04853,0.04769,0.04809,1431252.9
1763827200000,2025-11-22 18:00:00,0.04809,0.04879,0.04803,0.04857,1545996.1
1763830800000,2025-11-22 19:00:00,0.04857,0.04861,0.04829,0.04843,1731167.2
1763834400000,2025-11-22 20:00:00,0.04843,0.04855,0.04814,0.04836,576010.5
1763838000000,2025-11-22 21:00:00,0.04836,0.04859,0.04825,0.04836,516009.2
1763841600000,2025-11-22 22:00:00,0.04836,0.04864,0.04802,0.04818,526168.9
1763845200000,2025-11-22 23:00:00,0.04818,0.04851,0.04818,0.04845,881624.4
1763848800000,2025-11-23 00:00:00,0.04845,0.04927,0.04822,0.04909,2163620.4
1763852400000,2025-11-23 01:00:00,0.04909,0.0491,0.04861,0.04866,756927.7
1763856000000,2025-11-23 02:00:00,0.04866,0.04888,0.04844,0.04857,903692.3
1763859600000,2025-11-23 03:00:00,0.04857,0.04942,0.04857,0.04921,1913031.5
1763863200000,2025-11-23 04:00:00,0.04921,0.04998,0.04909,0.04978,1628051.4
1763866800000,2025-11-23 05:00:00,0.04978,0.04983,0.04926,0.04962,627842.9
1763870400000,2025-11-23 06:00:00,0.04962,0.05015,0.0496,0.04991,1549499.8
1763874000000,2025-11-23 07:00:00,0.04991,0.05042,0.04991,0.05037,1727480.5
1763877600000,2025-11-23 08:00:00,0.05037,0.05037,0.0499,0.04998,1277496.6
1763881200000,2025-11-23 09:00:00,0.04998,0.05004,0.04941,0.05001,1649394.7
1763884800000,2025-11-23 10:00:00,0.05001,0.05009,0.04985,0.04997,839468.0
1763888400000,2025-11-23 11:00:00,0.04997,0.05009,0.04975,0.04989,1596935.2
1763892000000,2025-11-23 12:00:00,0.04989,0.04992,0.04963,0.04973,686432.4
1763895600000,2025-11-23 13:00:00,0.04973,0.04994,0.04942,0.04985,1167732.1
1763899200000,2025-11-23 14:00:00,0.04985,0.05026,0.04983,0.04993,2075080.9
1763902800000,2025-11-23 15:00:00,0.04993,0.05011,0.04976,0.05011,480525.4
1763906400000,2025-11-23 16:00:00,0.05011,0.05041,0.04974,0.04978,1704217.6
1763910000000,2025-11-23 17:00:00,0.04978,0.05035,0.04972,0.05016,1685427.9
1763913600000,2025-11-23 18:00:00,0.05016,0.05028,0.04983,0.04985,889169.5
1763917200000,2025-11-23 19:00:00,0.04985,0.05,0.04961,0.04979,960445.3
1763920800000,2025-11-23 20:00:00,0.04979,0.05025,0.04976,0.04993,613812.7
1763924400000,2025-11-23 21:00:00,0.04993,0.05025,0.04987,0.05003,1522092.8
1763928000000,2025-11-23 22:00:00,0.05003,0.05008,0.04982,0.04996,1250816.3
1763931600000,2025-11-23 23:00:00,0.04996,0.05008,0.04972,0.05002,767013.1
1763935200000,2025-11-24 00:00:00,0.05002,0.05006,0.04972,0.0499,555281.2
1763938800000,2025-11-24 01:00:00,0.0499,0.04995,0.04907,0.04916,2067269.2
1763942400000,2025-11-24 02:00:00,0.04916,0.04951,0.04873,0.04914,1450106.9
1763946000000,2025-11-24 03:00:00,0.04914,0.04952,0.04904,0.04948,548329.7
1763949600000,2025-11-24 04:00:00,0.04948,0.05046,0.04942,0.04993,4415557.1
1763953200000,2025-11-24 05:00:00,0.04993,0.05043,0.04978,0.05005,2516988.6
1763956800000,2025-11-24 06:00:00,0.05005,0.05019,0.04925,0.04962,3374264.2
1763960400000,2025-11-24 07:00:00,0.04962,0.05081,0.04954,0.05044,5138117.7
1763964000000,2025-11-24 08:00:00,0.05044,0.05052,0.04984,0.05027,10778507.7
1763967600000,2025-11-24 09:00:00,0.05027,0.05042,0.04996,0.05014,1697941.9
1763971200000,2025-11-24 10:00:00,0.05014,0.05019,0.0497,0.04993,2054228.3
1763974800000,2025-11-24 11:00:00,0.04993,0.04993,0.04888,0.04894,4323260.7
1763978400000,2025-11-24 12:00:00,0.04894,0.04922,0.0489,0.04914,1079028.2
1763982000000,2025-11-24 13:00:00,0.04914,0.04954,0.04902,0.04945,734240.0
1763985600000,2025-11-24 14:00:00,0.04945,0.04946,0.04895,0.04911,762358.3
1763989200000,2025-11-24 15:00:00,0.04911,0.04979,0.04903,0.04934,950056.5
1763992800000,2025-11-24 16:00:00,0.04934,0.05008,0.04882,0.04966,3189227.7
1763996400000,2025-11-24 17:00:00,0.04966,0.05031,0.04942,0.04999,10415431.7
1764000000000,2025-11-24 18:00:00,0.04999,0.05068,0.04999,0.05042,2000974.9
1764003600000,2025-11-24 19:00:00,0.05042,0.05172,0.05029,0.05165,4475428.3
1764007200000,2025-11-24 20:00:00,0.05165,0.05199,0.05154,0.05185,4593478.9
1764010800000,2025-11-24 21:00:00,0.05185,0.05205,0.05157,0.05162,1610268.2
1764014400000,2025-11-24 22:00:00,0.05162,0.05225,0.05162,0.05212,2512565.6
1764018000000,2025-11-24 23:00:00,0.05212,0.05214,0.05164,0.05174,902452.5
1764021600000,2025-11-25 00:00:00,0.05174,0.05207,0.05141,0.05164,998415.2
1764025200000,2025-11-25 01:00:00,0.05164,0.05167,0.05116,0.0512,529958.5
1764028800000,2025-11-25 02:00:00,0.0512,0.05143,0.05094,0.05129,1156612.0
1764032400000,2025-11-25 03:00:00,0.05129,0.0515,0.05089,0.0509,543908.2
1764036000000,2025-11-25 04:00:00,0.0509,0.05093,0.05047,0.05093,1028999.2
1764039600000,2025-11-25 05:00:00,0.05093,0.05102,0.05066,0.05073,364107.5
1764043200000,2025-11-25 06:00:00,0.05073,0.05103,0.05064,0.05097,609221.5
1764046800000,2025-11-25 07:00:00,0.05097,0.05101,0.05072,0.05086,315345.8
1764050400000,2025-11-25 08:00:00,0.05086,0.05086,0.0504,0.05065,550322.4
1764054000000,2025-11-25 09:00:00,0.05065,0.05081,0.05033,0.05039,1271904.7
1764057600000,2025-11-25 10:00:00,0.05039,0.05065,0.05011,0.05018,1130713.6
1764061200000,2025-11-25 11:00:00,0.05018,0.05052,0.04996,0.0505,1791331.4
1764064800000,2025-11-25 12:00:00,0.0505,0.05063,0.05026,0.05062,555307.0
1764068400000,2025-11-25 13:00:00,0.05062,0.05062,0.05038,0.05046,394368.7
1764072000000,2025-11-25 14:00:00,0.05046,0.05094,0.0504,0.05081,833800.2
1764075600000,2025-11-25 15:00:00,0.05081,0.05098,0.05022,0.05041,1639196.7
1764079200000,2025-11-25 16:00:00,0.05041,0.05073,0.04964,0.05029,1722217.4
1764082800000,2025-11-25 17:00:00,0.05029,0.05082,0.04991,0.0505,4945231.2
1764086400000,2025-11-25 18:00:00,0.0505,0.05128,0.05045,0.05099,2937349.5
1764090000000,2025-11-25 19:00:00,0.05099,0.05181,0.05071,0.05148,3534916.3
1764093600000,2025-11-25 20:00:00,0.05148,0.05192,0.05137,0.05144,1418624.6
1764097200000,2025-11-25 21:00:00,0.05144,0.05151,0.0505,0.05122,1957386.9
1764100800000,2025-11-25 22:00:00,0.05122,0.05185,0.05122,0.05157,3533767.8
1764104400000,2025-11-25 23:00:00,0.05157,0.0517,0.0514,0.05143,695094.6
1764108000000,2025-11-26 00:00:00,0.05143,0.05218,0.05094,0.05208,1968185.7
1764111600000,2025-11-26 01:00:00,0.05208,0.0524,0.05184,0.05209,1410906.0
1764115200000,2025-11-26 02:00:00,0.05209,0.0523,0.05183,0.05188,3522365.5
1764118800000,2025-11-26 03:00:00,0.05188,0.05216,0.05167,0.05189,573375.4
1764122400000,2025-11-26 04:00:00,0.05189,0.0519,0.05143,0.05147,714774.5
1764126000000,2025-11-26 05:00:00,0.05147,0.05148,0.05071,0.05078,2832101.2
1764129600000,2025-11-26 06:00:00,0.05078,0.05102,0.05057,0.05065,1347503.9
1764133200000,2025-11-26 07:00:00,0.05065,0.0509,0.05047,0.05079,1947442.3
1764136800000,2025-11-26 08:00:00,0.05079,0.05095,0.05064,0.05089,668784.2
1764140400000,2025-11-26 09:00:00,0.05089,0.05129,0.05068,0.05129,1025181.3
1764144000000,2025-11-26 10:00:00,0.05129,0.05129,0.05079,0.05079,1023788.6
1764147600000,2025-11-26 11:00:00,0.05079,0.05087,0.05026,0.05039,2158777.2
1764151200000,2025-11-26 12:00:00,0.05039,0.05062,0.05026,0.05046,323203.1
1764154800000,2025-11-26 13:00:00,0.05046,0.05048,0.0501,0.0502,689092.9
1764158400000,2025-11-26 14:00:00,0.0502,0.05033,0.04981,0.05007,1719855.8
1764162000000,2025-11-26 15:00:00,0.05007,0.0504,0.04995,0.05038,911443.6
1764165600000,2025-11-26 16:00:00,0.05038,0.05063,0.04988,0.04997,2004988.1
1764169200000,2025-11-26 17:00:00,0.04997,0.05038,0.04975,0.05007,1401276.1
1764172800000,2025-11-26 18:00:00,0.05007,0.05067,0.05007,0.0504,1662490.8
1764176400000,2025-11-26 19:00:00,0.0504,0.05196,0.05033,0.05181,4037986.2
1764180000000,2025-11-26 20:00:00,0.05181,0.0523,0.05159,0.0521,4811493.3
1764183600000,2025-11-26 21:00:00,0.0521,0.05211,0.05167,0.05173,1127278.7
1764187200000,2025-11-26 22:00:00,0.05173,0.05177,0.05147,0.05166,609388.6
1764190800000,2025-11-26 23:00:00,0.05166,0.052,0.05141,0.0518,690443.5
1764194400000,2025-11-27 00:00:00,0.0518,0.05197,0.05168,0.05192,1315555.8
1764198000000,2025-11-27 01:00:00,0.05192,0.05197,0.05177,0.0519,951196.8
1764201600000,2025-11-27 02:00:00,0.0519,0.05211,0.05157,0.05185,1860690.8
1764205200000,2025-11-27 03:00:00,0.05185,0.05226,0.05161,0.05221,2553629.0
1764208800000,2025-11-27 04:00:00,0.05221,0.05233,0.05181,0.05194,1861891.4
1764212400000,2025-11-27 05:00:00,0.05194,0.05216,0.05168,0.05179,1205895.3
1764216000000,2025-11-27 06:00:00,0.05179,0.0521,0.05179,0.05193,388915.3
1764219600000,2025-11-27 07:00:00,0.05193,0.05193,0.05146,0.05157,553743.6
1764223200000,2025-11-27 08:00:00,0.05157,0.05189,0.05157,0.05181,1003134.0
1764226800000,2025-11-27 09:00:00,0.05181,0.05183,0.05158,0.05172,649467.7
1764230400000,2025-11-27 10:00:00,0.05172,0.05176,0.05145,0.05176,370625.2
1764234000000,2025-11-27 11:00:00,0.05176,0.05216,0.05166,0.05184,730996.4
1764237600000,2025-11-27 12:00:00,0.05184,0.05189,0.05159,0.05173,500178.8
1764241200000,2025-11-27 13:00:00,0.05173,0.05174,0.05149,0.0515,509248.1
1764244800000,2025-11-27 14:00:00,0.0515,0.05166,0.0512,0.05128,975782.2
1764248400000,2025-11-27 15:00:00,0.05128,0.05161,0.05127,0.05147,843636.0
1764252000000,2025-11-27 16:00:00,0.05147,0.05173,0.05137,0.05168,672033.5
1764255600000,2025-11-27 17:00:00,0.05168,0.052,0.05163,0.05199,1034980.9
1764259200000,2025-11-27 18:00:00,0.05199,0.05238,0.05192,0.05234,2337360.5
1764262800000,2025-11-27 19:00:00,0.05234,0.05268,0.05219,0.05249,5281203.1
1764266400000,2025-11-27 20:00:00,0.05249,0.05278,0.05232,0.05267,2505240.2
1764270000000,2025-11-27 21:00:00,0.05267,0.05286,0.05262,0.05267,1021645.6
1764273600000,2025-11-27 22:00:00,0.05267,0.05293,0.05264,0.05293,967165.0
1764277200000,2025-11-27 23:00:00,0.05293,0.05295,0.05244,0.05248,850540.1
1764280800000,2025-11-28 00:00:00,0.05248,0.05262,0.05198,0.05201,1404947.5
1764284400000,2025-11-28 01:00:00,0.05201,0.05223,0.05189,0.05199,1218719.7
1764288000000,2025-11-28 02:00:00,0.05199,0.05229,0.05186,0.05194,947331.2
1764291600000,2025-11-28 03:00:00,0.05194,0.05198,0.0515,0.05155,2592824.6
1764295200000,2025-11-28 04:00:00,0.05155,0.05168,0.05124,0.0516,1933295.6
1764298800000,2025-11-28 05:00:00,0.0516,0.05172,0.05149,0.05163,609693.7
1764302400000,2025-11-28 06:00:00,0.05163,0.05182,0.05151,0.05152,370396.3
1764306000000,2025-11-28 07:00:00,0.05152,0.05173,0.05144,0.05163,1137144.7
1764309600000,2025-11-28 08:00:00,0.05163,0.05163,0.0513,0.05143,721500.4
1764313200000,2025-11-28 09:00:00,0.05143,0.05185,0.05139,0.05171,746931.9
1764316800000,2025-11-28 10:00:00,0.05171,0.05286,0.0517,0.05266,4084253.2
1764320400000,2025-11-28 11:00:00,0.05266,0.0527,0.05234,0.05237,830864.3
1764324000000,2025-11-28 12:00:00,0.05237,0.05248,0.05226,0.0524,714603.9
1764327600000,2025-11-28 13:00:00,0.0524,0.0524,0.05157,0.05182,4253354.8
1764331200000,2025-11-28 14:00:00,0.05182,0.05191,0.05159,0.05175,585104.6
1764334800000,2025-11-28 15:00:00,0.05175,0.05248,0.05158,0.05223,1784090.6
1764338400000,2025-11-28 16:00:00,0.05223,0.05254,0.0519,0.05219,2131902.6
1764342000000,2025-11-28 17:00:00,0.05219,0.05273,0.05208,0.05233,2719198.5
1764345600000,2025-11-28 18:00:00,0.05233,0.05233,0.05135,0.05146,3908878.5
1764349200000,2025-11-28 19:00:00,0.05146,0.05148,0.05053,0.05076,8209791.1
1764352800000,2025-11-28 20:00:00,0.05076,0.05093,0.05039,0.05084,1875344.6
1764356400000,2025-11-28 21:00:00,0.05084,0.05116,0.05077,0.05107,691567.5
1764360000000,2025-11-28 22:00:00,0.05107,0.05109,0.05076,0.05099,857593.7
1764363600000,2025-11-28 23:00:00,0.05099,0.05109,0.0508,0.0508,455065.6
1764367200000,2025-11-29 00:00:00,0.0508,0.05105,0.05065,0.05103,1019001.5
1764370800000,2025-11-29 01:00:00,0.05103,0.05122,0.05101,0.05105,417560.1
1764374400000,2025-11-29 02:00:00,0.05105,0.05112,0.05088,0.05103,444847.8
1764378000000,2025-11-29 03:00:00,0.05103,0.05134,0.05102,0.05118,449391.8
1764381600000,2025-11-29 04:00:00,0.05118,0.05123,0.05101,0.05123,298826.9
1764385200000,2025-11-29 05:00:00,0.05123,0.05139,0.05107,0.05107,396666.2
1764388800000,2025-11-29 06:00:00,0.05107,0.05131,0.05083,0.05129,1362760.7
1764392400000,2025-11-29 07:00:00,0.05129,0.05129,0.05104,0.05107,294236.6
1764396000000,2025-11-29 08:00:00,0.05107,0.05121,0.0506,0.05083,2157796.9
1764399600000,2025-11-29 09:00:00,0.05083,0.05093,0.05066,0.0507,257580.2
1764403200000,2025-11-29 10:00:00,0.0507,0.05077,0.05049,0.05054,896595.0
1764406800000,2025-11-29 11:00:00,0.05054,0.05067,0.0505,0.05056,374565.9
1764410400000,2025-11-29 12:00:00,0.05056,0.05085,0.05039,0.0508,1074304.1
1764414000000,2025-11-29 13:00:00,0.0508,0.05111,0.05076,0.05108,771121.4
1764417600000,2025-11-29 14:00:00,0.05108,0.05115,0.05076,0.05076,619132.0
1764421200000,2025-11-29 15:00:00,0.05076,0.05081,0.05062,0.05072,560506.6
1764424800000,2025-11-29 16:00:00,0.05072,0.05077,0.05055,0.0506,512208.4
1764428400000,2025-11-29 17:00:00,0.0506,0.05116,0.05058,0.05096,960363.0
1764432000000,2025-11-29 18:00:00,0.05096,0.05096,0.05068,0.05079,261558.5
1764435600000,2025-11-29 19:00:00,0.05079,0.05082,0.05016,0.05029,3231651.6
1764439200000,2025-11-29 20:00:00,0.05029,0.05048,0.05012,0.05036,1523780.5
1764442800000,2025-11-29 21:00:00,0.05036,0.05037,0.05003,0.05013,587967.0
1764446400000,2025-11-29 22:00:00,0.05013,0.05033,0.04988,0.05031,715339.4
1764450000000,2025-11-29 23:00:00,0.05031,0.05043,0.05014,0.05039,381959.0
1764453600000,2025-11-30 00:00:00,0.05039,0.05039,0.05018,0.05022,439428.3
1764457200000,2025-11-30 01:00:00,0.05022,0.05033,0.05006,0.0503,327571.8
1764460800000,2025-11-30 02:00:00,0.0503,0.05047,0.05025,0.05036,1950951.8
1764464400000,2025-11-30 03:00:00,0.05036,0.05056,0.05032,0.05041,224522.8
1764468000000,2025-11-30 04:00:00,0.05041,0.05061,0.05022,0.05023,359769.3
1764471600000,2025-11-30 05:00:00,0.05023,0.0504,0.04982,0.0504,976163.2
1764475200000,2025-11-30 06:00:00,0.0504,0.05041,0.05014,0.05019,117180.7
1764478800000,2025-11-30 07:00:00,0.05019,0.05019,0.04988,0.04998,329460.7
1764482400000,2025-11-30 08:00:00,0.04998,0.05033,0.04995,0.05018,155021.7
1764486000000,2025-11-30 09:00:00,0.05018,0.05036,0.05009,0.0503,558853.4
1764489600000,2025-11-30 10:00:00,0.0503,0.0506,0.05021,0.05051,694420.7
1764493200000,2025-11-30 11:00:00,0.05051,0.05056,0.0503,0.05032,466555.5
1764496800000,2025-11-30 12:00:00,0.05032,0.05035,0.05006,0.0501,669299.4
1764500400000,2025-11-30 13:00:00,0.0501,0.05021,0.04982,0.04987,1153319.6
1764504000000,2025-11-30 14:00:00,0.04987,0.05037,0.04976,0.05021,1445836.7
1764507600000,2025-11-30 15:00:00,0.05021,0.05071,0.0502,0.0506,2594612.0
1764511200000,2025-11-30 16:00:00,0.0506,0.05064,0.05004,0.05013,383137.2
1764514800000,2025-11-30 17:00:00,0.05013,0.05013,0.04971,0.04995,750712.9
1764518400000,2025-11-30 18:00:00,0.04995,0.05039,0.04993,0.05033,995069.9
1764522000000,2025-11-30 19:00:00,0.05033,0.05036,0.05005,0.05031,1392428.3
1764525600000,2025-11-30 20:00:00,0.05031,0.05033,0.05014,0.05024,916020.2
1764529200000,2025-11-30 21:00:00,0.05024,0.05033,0.0501,0.05019,381087.8
1764532800000,2025-11-30 22:00:00,0.05019,0.05042,0.04998,0.05018,257416.9
1764536400000,2025-11-30 23:00:00,0.05018,0.05018,0.04988,0.05,323421.4
1764540000000,2025-12-01 00:00:00,0.05,0.05033,0.04989,0.0501,396798.7
1764543600000,2025-12-01 01:00:00,0.0501,0.0501,0.04917,0.04926,1478914.1
1764547200000,2025-12-01 02:00:00,0.04926,0.04942,0.04668,0.04669,11922642.1
1764550800000,2025-12-01 03:00:00,0.04669,0.04696,0.04616,0.0465,6442475.5
1764554400000,2025-12-01 04:00:00,0.0465,0.04684,0.04626,0.04638,2822960.8
1764558000000,2025-12-01 05:00:00,0.04638,0.0464,0.04584,0.04593,1636317.1
1764561600000,2025-12-01 06:00:00,0.04593,0.04599,0.04542,0.04573,3228967.4
1764565200000,2025-12-01 07:00:00,0.04573,0.04631,0.04571,0.04626,3701594.5
1764568800000,2025-12-01 08:00:00,0.04626,0.04642,0.04612,0.04627,934500.0
1764572400000,2025-12-01 09:00:00,0.04627,0.04636,0.0461,0.04636,1194834.7
1764576000000,2025-12-01 10:00:00,0.04636,0.04659,0.04624,0.04656,3132565.4
1764579600000,2025-12-01 11:00:00,0.04656,0.04671,0.04622,0.04626,1796281.7
1764583200000,2025-12-01 12:00:00,0.04626,0.04653,0.04626,0.04645,525395.7
1764586800000,2025-12-01 13:00:00,0.04645,0.04648,0.04619,0.04638,971695.8
1764590400000,2025-12-01 14:00:00,0.04638,0.04641,0.04562,0.04632,2973883.0
1764594000000,2025-12-01 15:00:00,0.04632,0.04663,0.04621,0.04638,2094689.2
1764597600000,2025-12-01 16:00:00,0.04638,0.04665,0.04608,0.0462,2356283.4
1764601200000,2025-12-01 17:00:00,0.0462,0.04625,0.04488,0.04559,4832425.8
1764604800000,2025-12-01 18:00:00,0.04559,0.04576,0.0453,0.04537,1412157.4
1764608400000,2025-12-01 19:00:00,0.04537,0.04571,0.04516,0.04517,2863794.2
1764612000000,2025-12-01 20:00:00,0.04517,0.04563,0.04513,0.04555,2470780.4
1764615600000,2025-12-01 21:00:00,0.04555,0.04555,0.04513,0.04521,728666.0
1764619200000,2025-12-01 22:00:00,0.04521,0.04578,0.04521,0.04569,3549558.1
1764622800000,2025-12-01 23:00:00,0.04569,0.04626,0.04563,0.04613,2968738.3
1764626400000,2025-12-02 00:00:00,0.04613,0.04644,0.04608,0.04616,1031338.8
1764630000000,2025-12-02 01:00:00,0.04616,0.04644,0.04614,0.04626,942321.4
1764633600000,2025-12-02 02:00:00,0.04626,0.0464,0.04615,0.04619,1297208.4
1764637200000,2025-12-02 03:00:00,0.04619,0.04672,0.04602,0.04606,1302254.5
1764640800000,2025-12-02 04:00:00,0.04606,0.04619,0.04592,0.04603,568170.5
1764644400000,2025-12-02 05:00:00,0.04603,0.04635,0.04576,0.0463,1599481.3
1764648000000,2025-12-02 06:00:00,0.0463,0.0465,0.0463,0.04636,586264.5
1764651600000,2025-12-02 07:00:00,0.04636,0.04649,0.04628,0.04638,481442.7
1764655200000,2025-12-02 08:00:00,0.04638,0.04668,0.04623,0.04661,724460.4
1764658800000,2025-12-02 09:00:00,0.04661,0.04665,0.04646,0.0466,413882.0
1764662400000,2025-12-02 10:00:00,0.0466,0.0466,0.04609,0.04621,778586.0
1764666000000,2025-12-02 11:00:00,0.04621,0.04658,0.04617,0.04649,359115.3
1764669600000,2025-12-02 12:00:00,0.04649,0.04707,0.04646,0.04694,1124770.3
1764673200000,2025-12-02 13:00:00,0.04694,0.04794,0.04694,0.04778,4426048.8
1764676800000,2025-12-02 14:00:00,0.04778,0.04795,0.04753,0.04768,1200685.0
1764680400000,2025-12-02 15:00:00,0.04768,0.04798,0.04741,0.04787,1767448.6
1764684000000,2025-12-02 16:00:00,0.04787,0.04887,0.04779,0.0487,3103246.2
1764687600000,2025-12-02 17:00:00,0.0487,0.05057,0.0487,0.05052,5896163.8
1764691200000,2025-12-02 18:00:00,0.05052,0.05077,0.04979,0.04985,5920606.9
1764694800000,2025-12-02 19:00:00,0.04985,0.05031,0.04978,0.04989,1710304.9
1764698400000,2025-12-02 20:00:00,0.04989,0.05012,0.04972,0.04984,1274554.0
1764702000000,2025-12-02 21:00:00,0.04984,0.04994,0.04954,0.04955,600683.8
1764705600000,2025-12-02 22:00:00,0.04955,0.04955,0.04892,0.04921,1290928.4
1764709200000,2025-12-02 23:00:00,0.04921,0.04939,0.04911,0.04935,370288.1
1764712800000,2025-12-03 00:00:00,0.04935,0.04963,0.0493,0.04956,293393.8
1764716400000,2025-12-03 01:00:00,0.04956,0.04956,0.04908,0.04916,520230.9
1764720000000,2025-12-03 02:00:00,0.04916,0.04928,0.0489,0.04912,1241386.5
1764723600000,2025-12-03 03:00:00,0.04912,0.04937,0.04894,0.04927,4321413.0
1764727200000,2025-12-03 04:00:00,0.04927,0.04973,0.04922,0.04955,1970094.6
1764730800000,2025-12-03 05:00:00,0.04955,0.04979,0.04952,0.04953,375153.5
1764734400000,2025-12-03 06:00:00,0.04953,0.04997,0.04948,0.04995,776433.5
1764738000000,2025-12-03 07:00:00,0.04995,0.05014,0.04982,0.04995,1178385.4
1764741600000,2025-12-03 08:00:00,0.04995,0.05024,0.04961,0.04977,2027103.9
1764745200000,2025-12-03 09:00:00,0.04977,0.0498,0.0496,0.04968,724737.7
1764748800000,2025-12-03 10:00:00,0.04968,0.04999,0.04968,0.04993,492459.5
1764752400000,2025-12-03 11:00:00,0.04993,0.05,0.04952,0.04982,1015103.8
1764756000000,2025-12-03 12:00:00,0.04982,0.04993,0.04954,0.04955,715497.3
1764759600000,2025-12-03 13:00:00,0.04955,0.05001,0.04948,0.04994,1848544.0
1764763200000,2025-12-03 14:00:00,0.04994,0.05007,0.04973,0.04982,1321302.4
1764766800000,2025-12-03 15:00:00,0.04982,0.04993,0.04967,0.04971,918244.7
1764770400000,2025-12-03 16:00:00,0.04971,0.05021,0.04866,0.04931,7551721.8
1764774000000,2025-12-03 17:00:00,0.04931,0.04964,0.04911,0.04949,1971184.8
1764777600000,2025-12-03 18:00:00,0.04949,0.04979,0.04926,0.04958,1156628.9
1764781200000,2025-12-03 19:00:00,0.04958,0.05,0.04955,0.04997,1594956.7
1764784800000,2025-12-03 20:00:00,0.04997,0.05021,0.04973,0.04988,4398100.5
1764788400000,2025-12-03 21:00:00,0.04988,0.05,0.04976,0.04981,738056.0
1764792000000,2025-12-03 22:00:00,0.04981,0.0501,0.04957,0.04983,1655374.6
1764795600000,2025-12-03 23:00:00,0.04983,0.05025,0.04975,0.05019,1152412.4
1764799200000,2025-12-04 00:00:00,0.05019,0.05046,0.04988,0.05016,2834489.6
1764802800000,2025-12-04 01:00:00,0.05016,0.05047,0.04974,0.04979,1104530.4
1764806400000,2025-12-04 02:00:00,0.04979,0.04992,0.04937,0.04959,722403.9
1764810000000,2025-12-04 03:00:00,0.04959,0.05018,0.04952,0.04952,1711234.6
1764813600000,2025-12-04 04:00:00,0.04952,0.04995,0.04949,0.0497,1127387.0
1764817200000,2025-12-04 05:00:00,0.0497,0.0498,0.04943,0.04947,515801.0
1764820800000,2025-12-04 06:00:00,0.04947,0.04957,0.04925,0.04934,1064144.6
1764824400000,2025-12-04 07:00:00,0.04934,0.04941,0.04903,0.04917,1700587.9
1764828000000,2025-12-04 08:00:00,0.04917,0.04941,0.04912,0.04932,896462.4
1764831600000,2025-12-04 09:00:00,0.04932,0.04951,0.04904,0.04932,3322646.9
1764835200000,2025-12-04 10:00:00,0.04932,0.04934,0.0489,0.049,5092303.5
1764838800000,2025-12-04 11:00:00,0.049,0.04923,0.04896,0.04905,1836350.9
1764842400000,2025-12-04 12:00:00,0.04905,0.04932,0.04905,0.04921,1234344.9
1764846000000,2025-12-04 13:00:00,0.04921,0.04929,0.04893,0.04907,1304966.0
1764849600000,2025-12-04 14:00:00,0.04907,0.04923,0.04887,0.04895,582555.0
1764853200000,2025-12-04 15:00:00,0.04895,0.04905,0.04848,0.04859,1362370.4
1764856800000,2025-12-04 16:00:00,0.04859,0.04897,0.04829,0.04839,3012201.3
1764860400000,2025-12-04 17:00:00,0.04839,0.04937,0.04837,0.04919,3094566.9
1764864000000,2025-12-04 18:00:00,0.04919,0.04943,0.04875,0.0488,2243869.5
1764867600000,2025-12-04 19:00:00,0.0488,0.04883,0.04819,0.04841,1109383.7
1764871200000,2025-12-04 20:00:00,0.04841,0.04859,0.04807,0.0481,994883.8
1764874800000,2025-12-04 21:00:00,0.0481,0.04811,0.04709,0.04797,5320136.3
1764878400000,2025-12-04 22:00:00,0.04797,0.04825,0.04776,0.04818,1946035.7
1764882000000,2025-12-04 23:00:00,0.04818,0.04823,0.04773,0.04776,1074018.9
1764885600000,2025-12-05 00:00:00,0.04776,0.04802,0.04774,0.04789,553745.7
1764889200000,2025-12-05 01:00:00,0.04789,0.04795,0.04773,0.04783,723981.3
1764892800000,2025-12-05 02:00:00,0.04783,0.04818,0.04776,0.04793,784579.2
1764896400000,2025-12-05 03:00:00,0.04793,0.04821,0.04786,0.04794,1229649.5
1764900000000,2025-12-05 04:00:00,0.04794,0.04839,0.04783,0.04828,1216517.1
1764903600000,2025-12-05 05:00:00,0.04828,0.04832,0.04784,0.04794,727115.0
1764907200000,2025-12-05 06:00:00,0.04794,0.04799,0.04745,0.04769,887623.9
1764910800000,2025-12-05 07:00:00,0.04769,0.0479,0.04751,0.04766,639781.2
1764914400000,2025-12-05 08:00:00,0.04766,0.04804,0.04766,0.04801,736776.1
1764918000000,2025-12-05 09:00:00,0.04801,0.04834,0.04799,0.04813,721734.7
1764921600000,2025-12-05 10:00:00,0.04813,0.04818,0.04781,0.04794,764574.2
1764925200000,2025-12-05 11:00:00,0.04794,0.04794,0.04717,0.04728,1402639.6
1764928800000,2025-12-05 12:00:00,0.04728,0.04765,0.04722,0.04736,3142358.1
1764932400000,2025-12-05 13:00:00,0.04736,0.04741,0.04693,0.04716,1004270.8
1764936000000,2025-12-05 14:00:00,0.04716,0.04718,0.04699,0.04716,1045127.9
1764939600000,2025-12-05 15:00:00,0.04716,0.04738,0.04675,0.0469,2554594.4
1764943200000,2025-12-05 16:00:00,0.0469,0.047,0.04584,0.04617,8250311.7
1764946800000,2025-12-05 17:00:00,0.04617,0.04688,0.04593,0.04609,8908608.2
1764950400000,2025-12-05 18:00:00,0.04609,0.04611,0.04477,0.04519,9167375.3
1764954000000,2025-12-05 19:00:00,0.04519,0.04553,0.04491,0.04541,3598587.3
1764957600000,2025-12-05 20:00:00,0.04541,0.04558,0.04487,0.04487,2294088.0
1764961200000,2025-12-05 21:00:00,0.04487,0.04529,0.04459,0.04515,2027219.7
1764964800000,2025-12-05 22:00:00,0.04515,0.04534,0.04504,0.04509,577076.2
1764968400000,2025-12-05 23:00:00,0.04509,0.04529,0.04505,0.04514,1005215.0
1764972000000,2025-12-06 00:00:00,0.04514,0.04552,0.04502,0.04537,844237.3
1764975600000,2025-12-06 01:00:00,0.04537,0.04554,0.04517,0.04545,1095606.4
1764979200000,2025-12-06 02:00:00,0.04545,0.04553,0.04532,0.04551,733928.3
1764982800000,2025-12-06 03:00:00,0.04551,0.0456,0.04537,0.04542,219148.5
1764986400000,2025-12-06 04:00:00,0.04542,0.04542,0.04524,0.04528,385080.8
1764990000000,2025-12-06 05:00:00,0.04528,0.04553,0.04524,0.0454,815763.2
1764993600000,2025-12-06 06:00:00,0.0454,0.0454,0.04519,0.04525,771302.0
1764997200000,2025-12-06 07:00:00,0.04525,0.04531,0.0451,0.04512,284906.2
1765000800000,2025-12-06 08:00:00,0.04512,0.04539,0.04505,0.0453,560975.6
1765004400000,2025-12-06 09:00:00,0.0453,0.0455,0.04526,0.0454,291838.7
1765008000000,2025-12-06 10:00:00,0.0454,0.04551,0.0452,0.0452,589852.7
1765011600000,2025-12-06 11:00:00,0.0452,0.04551,0.0452,0.04537,512813.1
1765015200000,2025-12-06 12:00:00,0.04537,0.04543,0.04521,0.04528,271387.7
1765018800000,2025-12-06 13:00:00,0.04528,0.04556,0.04524,0.04553,577609.4
1765022400000,2025-12-06 14:00:00,0.04553,0.04571,0.04548,0.04553,481626.1
1765026000000,2025-12-06 15:00:00,0.04553,0.04575,0.04543,0.04563,919495.7
1765029600000,2025-12-06 16:00:00,0.04563,0.04621,0.04556,0.04619,2931779.8
1765033200000,2025-12-06 17:00:00,0.04619,0.04622,0.04582,0.04604,835047.1
1765036800000,2025-12-06 18:00:00,0.04604,0.04627,0.04602,0.04611,854318.3
1765040400000,2025-12-06 19:00:00,0.04611,0.04665,0.04607,0.04661,1372988.6
1765044000000,2025-12-06 20:00:00,0.04661,0.0468,0.04645,0.0468,806172.5
1765047600000,2025-12-06 21:00:00,0.0468,0.04683,0.04616,0.04634,2146420.8
1765051200000,2025-12-06 22:00:00,0.04634,0.0468,0.04624,0.04648,3068421.4
1765054800000,2025-12-06 23:00:00,0.04648,0.04693,0.04645,0.04659,1404497.7
1765058400000,2025-12-07 00:00:00,0.04659,0.04683,0.04649,0.04652,764229.6
1765062000000,2025-12-07 01:00:00,0.04652,0.04661,0.04623,0.04649,460808.3
1765065600000,2025-12-07 02:00:00,0.04649,0.04682,0.04645,0.04677,703984.5
1765069200000,2025-12-07 03:00:00,0.04677,0.04679,0.04642,0.04642,304921.6
1765072800000,2025-12-07 04:00:00,0.04642,0.0467,0.04642,0.04668,539850.5
1765076400000,2025-12-07 05:00:00,0.04668,0.04674,0.04656,0.04674,363201.1
1765080000000,2025-12-07 06:00:00,0.04674,0.04674,0.04642,0.04643,136497.3
1765083600000,2025-12-07 07:00:00,0.04643,0.04669,0.04641,0.04664,164920.3
1765087200000,2025-12-07 08:00:00,0.04664,0.04677,0.0466,0.04672,139781.5
1765090800000,2025-12-07 09:00:00,0.04672,0.04675,0.04624,0.0464,419125.7
1765094400000,2025-12-07 10:00:00,0.0464,0.04647,0.04619,0.04625,837698.2
1765098000000,2025-12-07 11:00:00,0.04625,0.04628,0.04583,0.04585,577294.7
1765101600000,2025-12-07 12:00:00,0.04585,0.04602,0.04573,0.04581,952944.2
1765105200000,2025-12-07 13:00:00,0.04581,0.04594,0.04565,0.04569,2701503.4
1765108800000,2025-12-07 14:00:00,0.04569,0.04594,0.04559,0.04586,629379.0
1765112400000,2025-12-07 15:00:00,0.04586,0.04595,0.04537,0.04543,2362154.7
1765116000000,2025-12-07 16:00:00,0.04543,0.04547,0.04431,0.04453,6483158.2
1765119600000,2025-12-07 17:00:00,0.04453,0.04581,0.04448,0.04567,4117826.2
1765123200000,2025-12-07 18:00:00,0.04567,0.04568,0.04502,0.0453,2156717.6
1765126800000,2025-12-07 19:00:00,0.0453,0.04626,0.04508,0.0461,5033972.3
1765130400000,2025-12-07 20:00:00,0.0461,0.04651,0.0461,0.04634,1725403.3
1765134000000,2025-12-07 21:00:00,0.04634,0.04646,0.04614,0.04646,769433.6
1765137600000,2025-12-07 22:00:00,0.04646,0.04667,0.04641,0.04662,690785.2
1765141200000,2025-12-07 23:00:00,0.04662,0.04662,0.04531,0.04551,2405208.0
1765144800000,2025-12-08 00:00:00,0.04551,0.04551,0.04443,0.04489,3829995.1
1765148400000,2025-12-08 01:00:00,0.04489,0.04511,0.04463,0.04506,895537.1
1765152000000,2025-12-08 02:00:00,0.04506,0.04539,0.04489,0.04496,1700681.6
1765155600000,2025-12-08 03:00:00,0.04496,0.0459,0.04492,0.04539,2210807.3
1765159200000,2025-12-08 04:00:00,0.04539,0.04558,0.0452,0.04556,358114.2
1765162800000,2025-12-08 05:00:00,0.04556,0.04577,0.04548,0.04559,457503.0
1765166400000,2025-12-08 06:00:00,0.04559,0.04614,0.04559,0.04595,595369.0
1765170000000,2025-12-08 07:00:00,0.04595,0.04641,0.04593,0.04629,1812007.0
1765173600000,2025-12-08 08:00:00,0.04629,0.04664,0.04626,0.0465,570185.7
1765177200000,2025-12-08 09:00:00,0.0465,0.0467,0.04639,0.04646,860159.5
1765180800000,2025-12-08 10:00:00,0.04646,0.04664,0.04632,0.04654,475558.9
1765184400000,2025-12-08 11:00:00,0.04654,0.04716,0.04654,0.04691,1961389.1
1765188000000,2025-12-08 12:00:00,0.04691,0.04702,0.04679,0.04686,516099.8
1765191600000,2025-12-08 13:00:00,0.04686,0.04688,0.04648,0.0466,384168.7
1765195200000,2025-12-08 14:00:00,0.0466,0.04665,0.04638,0.04663,773230.6
1765198800000,2025-12-08 15:00:00,0.04663,0.04685,0.04649,0.04658,1287849.6
1765202400000,2025-12-08 16:00:00,0.04658,0.04696,0.04627,0.04645,4161660.0
1765206000000,2025-12-08 17:00:00,0.04645,0.04665,0.04593,0.04615,3127890.9
1765209600000,2025-12-08 18:00:00,0.04615,0.04665,0.04589,0.04615,3028690.5
1765213200000,2025-12-08 19:00:00,0.04615,0.04639,0.0459,0.04626,2020390.4
1765216800000,2025-12-08 20:00:00,0.04626,0.04639,0.0456,0.04573,1980905.8
1765220400000,2025-12-08 21:00:00,0.04573,0.04595,0.04569,0.04573,803810.2
1765224000000,2025-12-08 22:00:00,0.04573,0.04608,0.0457,0.046,1055796.7
1765227600000,2025-12-08 23:00:00,0.046,0.04627,0.04591,0.04621,1035028.6
1765231200000,2025-12-09 00:00:00,0.04621,0.04629,0.04582,0.04595,1063473.6
1765234800000,2025-12-09 01:00:00,0.04595,0.04601,0.04561,0.0459,859905.9
1765238400000,2025-12-09 02:00:00,0.0459,0.04614,0.04575,0.04579,370093.6
1765242000000,2025-12-09 03:00:00,0.04579,0.04586,0.04529,0.04546,972327.1
1765245600000,2025-12-09 04:00:00,0.04546,0.04568,0.04539,0.04542,507829.7
1765249200000,2025-12-09 05:00:00,0.04542,0.04578,0.04519,0.04573,875727.0
1765252800000,2025-12-09 06:00:00,0.04573,0.04573,0.0453,0.04537,568043.0
1765256400000,2025-12-09 07:00:00,0.04537,0.04553,0.04519,0.04525,697167.2
1765260000000,2025-12-09 08:00:00,0.04525,0.04538,0.04508,0.04529,273828.0
1765263600000,2025-12-09 09:00:00,0.04529,0.04564,0.04522,0.04551,662948.0
1765267200000,2025-12-09 10:00:00,0.04551,0.04551,0.04521,0.0453,259487.9
1765270800000,2025-12-09 11:00:00,0.0453,0.0453,0.045,0.04502,895012.6
1765274400000,2025-12-09 12:00:00,0.04502,0.04536,0.04501,0.04523,1274118.4
1765278000000,2025-12-09 13:00:00,0.04523,0.0455,0.04523,0.04547,332662.9
1765281600000,2025-12-09 14:00:00,0.04547,0.04609,0.04538,0.04603,1032213.6
1765285200000,2025-12-09 15:00:00,0.04603,0.04623,0.04585,0.046,1264653.6
1765288800000,2025-12-09 16:00:00,0.046,0.04617,0.0457,0.04585,2496203.4
1765292400000,2025-12-09 17:00:00,0.04585,0.04755,0.04582,0.04746,4776610.9
1765296000000,2025-12-09 18:00:00,0.04746,0.04846,0.04746,0.0482,7388768.1
1765299600000,2025-12-09 19:00:00,0.0482,0.04848,0.0477,0.04788,3069844.1
1765303200000,2025-12-09 20:00:00,0.04788,0.04807,0.04767,0.04783,729700.8
1765306800000,2025-12-09 21:00:00,0.04783,0.0479,0.04758,0.04773,800730.0
1765310400000,2025-12-09 22:00:00,0.04773,0.04779,0.04697,0.04728,2047698.4
1765314000000,2025-12-09 23:00:00,0.04728,0.04742,0.04659,0.04692,1888758.4
1765317600000,2025-12-10 00:00:00,0.04692,0.04738,0.0469,0.04727,2139833.9
1765321200000,2025-12-10 01:00:00,0.04727,0.04742,0.04713,0.04725,996503.9
1765324800000,2025-12-10 02:00:00,0.04725,0.0473,0.04637,0.04638,2154919.1
1765328400000,2025-12-10 03:00:00,0.04638,0.04652,0.04614,0.04633,827993.1
1765332000000,2025-12-10 04:00:00,0.04633,0.04648,0.04617,0.04643,412314.3
1765335600000,2025-12-10 05:00:00,0.04643,0.04646,0.04611,0.04618,397129.5
1765339200000,2025-12-10 06:00:00,0.04618,0.04628,0.04606,0.04613,544076.3
1765342800000,2025-12-10 07:00:00,0.04613,0.04631,0.04609,0.04617,571376.0
1765346400000,2025-12-10 08:00:00,0.04617,0.04629,0.04607,0.04623,594627.1
1765350000000,2025-12-10 09:00:00,0.04623,0.04623,0.04586,0.046,524770.3
1765353600000,2025-12-10 10:00:00,0.046,0.04607,0.04577,0.04584,674943.1
1765357200000,2025-12-10 11:00:00,0.04584,0.04609,0.0457,0.04603,968107.9
1765360800000,2025-12-10 12:00:00,0.04603,0.04623,0.04541,0.0455,2561212.6
1765364400000,2025-12-10 13:00:00,0.0455,0.04563,0.04532,0.04554,2133407.5
1765368000000,2025-12-10 14:00:00,0.04554,0.04558,0.04537,0.04554,2632899.9
1765371600000,2025-12-10 15:00:00,0.04554,0.04567,0.0453,0.04552,2326472.5
1765375200000,2025-12-10 16:00:00,0.04552,0.04552,0.04525,0.04548,1676642.2
1765378800000,2025-12-10 17:00:00,0.04548,0.04585,0.04544,0.04569,1921015.8
1765382400000,2025-12-10 18:00:00,0.04569,0.04616,0.04552,0.04603,1774461.7
1765386000000,2025-12-10 19:00:00,0.04603,0.04632,0.04585,0.04607,772369.5
1765389600000,2025-12-10 20:00:00,0.04607,0.04671,0.04589,0.0463,2373070.0
1765393200000,2025-12-10 21:00:00,0.0463,0.04724,0.04581,0.04718,11545349.9
1765396800000,2025-12-10 22:00:00,0.04718,0.04801,0.04668,0.04674,8302807.1
1765400400000,2025-12-10 23:00:00,0.04674,0.04693,0.04596,0.04601,1836683.9
1765404000000,2025-12-11 00:00:00,0.04601,0.04618,0.04539,0.04611,2725047.8
1765407600000,2025-12-11 01:00:00,0.04611,0.04618,0.04559,0.04563,1020813.9
1765411200000,2025-12-11 02:00:00,0.04563,0.04567,0.04464,0.04483,3292060.2
1765414800000,2025-12-11 03:00:00,0.04483,0.04491,0.04449,0.04454,1994006.2
1765418400000,2025-12-11 04:00:00,0.04454,0.04461,0.0442,0.0443,3669615.3
1765422000000,2025-12-11 05:00:00,0.0443,0.04432,0.04385,0.044,2336245.8
1765425600000,2025-12-11 06:00:00,0.044,0.044,0.04337,0.04383,6675285.9
1765429200000,2025-12-11 07:00:00,0.04383,0.04387,0.04361,0.04379,1063607.8
1765432800000,2025-12-11 08:00:00,0.04379,0.04395,0.04367,0.04381,799823.1
1765436400000,2025-12-11 09:00:00,0.04381,0.04384,0.04356,0.04362,940939.2
1765440000000,2025-12-11 10:00:00,0.04362,0.04369,0.04315,0.04345,1862209.7
1765443600000,2025-12-11 11:00:00,0.04345,0.04371,0.04334,0.04335,6540292.4
1765447200000,2025-12-11 12:00:00,0.04335,0.04342,0.04313,0.04325,2522229.3
1765450800000,2025-12-11 13:00:00,0.04325,0.0435,0.04322,0.04337,2463520.5
1765454400000,2025-12-11 14:00:00,0.04337,0.04367,0.04329,0.04358,1574077.4
1765458000000,2025-12-11 15:00:00,0.04358,0.04373,0.04342,0.04362,1137659.4
1765461600000,2025-12-11 16:00:00,0.04362,0.04383,0.04328,0.04344,3581755.7
1765465200000,2025-12-11 17:00:00,0.04344,0.04392,0.04326,0.04346,1513469.1
1765468800000,2025-12-11 18:00:00,0.04346,0.04354,0.04261,0.04302,7547784.7
1765472400000,2025-12-11 19:00:00,0.04302,0.04348,0.04301,0.04329,1646586.0
1765476000000,2025-12-11 20:00:00,0.04329,0.04378,0.04299,0.04352,4591421.3
1765479600000,2025-12-11 21:00:00,0.04352,0.04399,0.04347,0.04354,2140675.2
1765483200000,2025-12-11 22:00:00,0.04354,0.04422,0.04353,0.04417,2618774.9
1765486800000,2025-12-11 23:00:00,0.04417,0.04513,0.04408,0.04481,4555138.1
1765490400000,2025-12-12 00:00:00,0.04481,0.04496,0.04426,0.04443,1165670.5
1765494000000,2025-12-12 01:00:00,0.04443,0.0445,0.04423,0.04438,1044756.8
1765497600000,2025-12-12 02:00:00,0.04438,0.04458,0.04382,0.04384,1130927.7
1765501200000,2025-12-12 03:00:00,0.04384,0.04435,0.04384,0.04422,652152.7
1765504800000,2025-12-12 04:00:00,0.04422,0.04463,0.04418,0.04451,1948219.5
1765508400000,2025-12-12 05:00:00,0.04451,0.04457,0.0442,0.04443,663358.7
1765512000000,2025-12-12 06:00:00,0.04443,0.04445,0.04419,0.04435,1037883.6
1765515600000,2025-12-12 07:00:00,0.04435,0.04467,0.04418,0.04465,706386.4
1765519200000,2025-12-12 08:00:00,0.04465,0.04491,0.04459,0.04463,1227088.4
1765522800000,2025-12-12 09:00:00,0.04463,0.04465,0.04449,0.04457,497446.6
1765526400000,2025-12-12 10:00:00,0.04457,0.04462,0.04436,0.04451,449186.2
1765530000000,2025-12-12 11:00:00,0.04451,0.04461,0.04431,0.04459,435597.5
1765533600000,2025-12-12 12:00:00,0.04459,0.04477,0.04446,0.04447,1061869.2
1765537200000,2025-12-12 13:00:00,0.04447,0.04447,0.04327,0.04333,4131242.7
1765540800000,2025-12-12 14:00:00,0.04333,0.04381,0.04323,0.0437,4470189.6
1765544400000,2025-12-12 15:00:00,0.0437,0.04373,0.04323,0.04351,3887360.1
1765548000000,2025-12-12 16:00:00,0.04351,0.04361,0.04329,0.04343,4229323.4
1765551600000,2025-12-12 17:00:00,0.04343,0.04343,0.04153,0.04177,11632847.9
1765555200000,2025-12-12 18:00:00,0.04177,0.04189,0.04037,0.04043,17010150.1
1765558800000,2025-12-12 19:00:00,0.04043,0.04105,0.04035,0.04066,6268613.9
1765562400000,2025-12-12 20:00:00,0.04066,0.04108,0.04058,0.04075,4728601.4
1765566000000,2025-12-12 21:00:00,0.04075,0.04077,0.04031,0.04059,2411272.7
1765569600000,2025-12-12 22:00:00,0.04059,0.04079,0.0405,0.04054,2113533.8
1765573200000,2025-12-12 23:00:00,0.04054,0.04101,0.0405,0.04093,1985754.6
1765576800000,2025-12-13 00:00:00,0.04093,0.04113,0.04081,0.04103,1456905.3
1765580400000,2025-12-13 01:00:00,0.04103,0.04108,0.0408,0.04086,1831502.2
1765584000000,2025-12-13 02:00:00,0.04086,0.04098,0.04081,0.04084,627096.3
1765587600000,2025-12-13 03:00:00,0.04084,0.04088,0.0405,0.04062,1096036.2
1765591200000,2025-12-13 04:00:00,0.04062,0.04083,0.04062,0.04077,2577018.4
1765594800000,2025-12-13 05:00:00,0.04077,0.04106,0.04062,0.04092,1042654.2
1765598400000,2025-12-13 06:00:00,0.04092,0.04129,0.04087,0.04116,1181128.6
1765602000000,2025-12-13 07:00:00,0.04116,0.04132,0.04088,0.0409,1364230.9
1765605600000,2025-12-13 08:00:00,0.0409,0.04092,0.04075,0.04087,1012727.3
1765609200000,2025-12-13 09:00:00,0.04087,0.04123,0.04084,0.04119,1293241.1
1765612800000,2025-12-13 10:00:00,0.04119,0.04171,0.04119,0.04146,856059.3
1765616400000,2025-12-13 11:00:00,0.04146,0.04164,0.04131,0.04131,482709.9
1765620000000,2025-12-13 12:00:00,0.04131,0.04158,0.0412,0.04145,2239283.2
1765623600000,2025-12-13 13:00:00,0.04145,0.04148,0.04122,0.04129,720520.7
1765627200000,2025-12-13 14:00:00,0.04129,0.04158,0.04127,0.04151,4486517.9
1765630800000,2025-12-13 15:00:00,0.04151,0.04154,0.04113,0.0412,2001252.9
1765634400000,2025-12-13 16:00:00,0.0412,0.04131,0.04102,0.04114,405199.4
1765638000000,2025-12-13 17:00:00,0.04114,0.04132,0.04108,0.04125,546601.3
1765641600000,2025-12-13 18:00:00,0.04125,0.04152,0.04125,0.0414,885976.2
1765645200000,2025-12-13 19:00:00,0.0414,0.04142,0.04125,0.04139,436994.9
1765648800000,2025-12-13 20:00:00,0.04139,0.04162,0.04138,0.04151,757694.6
1765652400000,2025-12-13 21:00:00,0.04151,0.0423,0.04151,0.04196,4777736.7
1765656000000,2025-12-13 22:00:00,0.04196,0.04219,0.04178,0.04182,1079199.8
1765659600000,2025-12-13 23:00:00,0.04182,0.04187,0.04148,0.04185,1080498.0
1765663200000,2025-12-14 00:00:00,0.04185,0.04197,0.04176,0.04186,1298565.2
1765666800000,2025-12-14 01:00:00,0.04186,0.04214,0.04183,0.04208,510027.1
1765670400000,2025-12-14 02:00:00,0.04208,0.04213,0.0418,0.04192,878820.9
1765674000000,2025-12-14 03:00:00,0.04192,0.04201,0.04177,0.04177,304437.7
1765677600000,2025-12-14 04:00:00,0.04177,0.04196,0.04176,0.04194,314953.2
1765681200000,2025-12-14 05:00:00,0.04194,0.04198,0.0416,0.04163,810957.3
1765684800000,2025-12-14 06:00:00,0.04163,0.04165,0.04143,0.04147,269686.9
1765688400000,2025-12-14 07:00:00,0.04147,0.04147,0.04114,0.04125,1568646.1
1765692000000,2025-12-14 08:00:00,0.04125,0.04126,0.04105,0.04123,852264.6
1765695600000,2025-12-14 09:00:00,0.04123,0.04145,0.04118,0.04127,1438474.3
1765699200000,2025-12-14 10:00:00,0.04127,0.04137,0.04114,0.04114,760193.9
1765702800000,2025-12-14 11:00:00,0.04114,0.04135,0.04112,0.04124,358080.4
1765706400000,2025-12-14 12:00:00,0.04124,0.04125,0.04087,0.04101,1800304.7
1765710000000,2025-12-14 13:00:00,0.04101,0.04101,0.04046,0.04075,2661077.5
1765713600000,2025-12-14 14:00:00,0.04075,0.0409,0.04061,0.04076,1194209.6
1765717200000,2025-12-14 15:00:00,0.04076,0.04076,0.04053,0.04068,562141.7
1765720800000,2025-12-14 16:00:00,0.04068,0.04074,0.04022,0.04037,1948966.2
1765724400000,2025-12-14 17:00:00,0.04037,0.04061,0.04023,0.04048,1359252.9
1765728000000,2025-12-14 18:00:00,0.04048,0.04078,0.04041,0.04059,1212975.0
1765731600000,2025-12-14 19:00:00,0.04059,0.04065,0.03989,0.03991,2018405.4
1765735200000,2025-12-14 20:00:00,0.03991,0.04031,0.03991,0.04022,1777924.4
1765738800000,2025-12-14 21:00:00,0.04022,0.04022,0.03993,0.04006,579208.8
1765742400000,2025-12-14 22:00:00,0.04006,0.04031,0.03985,0.04009,1929552.4
1765746000000,2025-12-14 23:00:00,0.04009,0.04015,0.03979,0.03988,1152694.1
1765749600000,2025-12-15 00:00:00,0.03988,0.04015,0.03984,0.04004,1004734.6
1765753200000,2025-12-15 01:00:00,0.04004,0.04022,0.03948,0.03999,2455312.1
1765756800000,2025-12-15 02:00:00,0.03999,0.04033,0.03999,0.04026,1374355.1
1765760400000,2025-12-15 03:00:00,0.04026,0.04082,0.04024,0.04067,1011339.1
1765764000000,2025-12-15 04:00:00,0.04067,0.04117,0.04066,0.04066,1320531.2
1765767600000,2025-12-15 05:00:00,0.04066,0.04073,0.04052,0.04062,672230.9
1765771200000,2025-12-15 06:00:00,0.04062,0.04078,0.04057,0.04071,417723.7
1765774800000,2025-12-15 07:00:00,0.04071,0.04094,0.04067,0.04086,898061.8
1765778400000,2025-12-15 08:00:00,0.04086,0.04112,0.04086,0.04094,2398579.7
1765782000000,2025-12-15 09:00:00,0.04094,0.04098,0.04057,0.04061,1165698.3
1765785600000,2025-12-15 10:00:00,0.04061,0.04079,0.04049,0.04058,1200783.9
1765789200000,2025-12-15 11:00:00,0.04058,0.04063,0.04045,0.04053,778289.2
1765792800000,2025-12-15 12:00:00,0.04053,0.04064,0.04037,0.0404,1245179.0
1765796400000,2025-12-15 13:00:00,0.0404,0.04045,0.04027,0.04038,272955.7
1765800000000,2025-12-15 14:00:00,0.04038,0.04047,0.0402,0.04043,356724.0
1765803600000,2025-12-15 15:00:00,0.04043,0.04044,0.04007,0.04014,1434909.5
1765807200000,2025-12-15 16:00:00,0.04014,0.04055,0.03934,0.03967,5798007.5
1765810800000,2025-12-15 17:00:00,0.03967,0.03978,0.03817,0.03845,13501025.1
1765814400000,2025-12-15 18:00:00,0.03845,0.03845,0.03769,0.03789,4828264.2
1765818000000,2025-12-15 19:00:00,0.03789,0.03794,0.03757,0.03768,2052718.3
1765821600000,2025-12-15 20:00:00,0.03768,0.03778,0.03716,0.03776,3646671.9
1765825200000,2025-12-15 21:00:00,0.03776,0.0382,0.03773,0.03786,2287326.7
1765828800000,2025-12-15 22:00:00,0.03786,0.03786,0.03751,0.03758,2168751.6
1765832400000,2025-12-15 23:00:00,0.03758,0.03799,0.03758,0.03793,1220391.8
1765836000000,2025-12-16 00:00:00,0.03793,0.03799,0.03775,0.03793,1430874.1
1765839600000,2025-12-16 01:00:00,0.03793,0.03819,0.03793,0.03805,1058731.3
1765843200000,2025-12-16 02:00:00,0.03805,0.03814,0.03772,0.03774,1237179.9
1765846800000,2025-12-16 03:00:00,0.03774,0.03788,0.0376,0.0378,1114410.8
1765850400000,2025-12-16 04:00:00,0.0378,0.03807,0.03772,0.03802,1311639.6
1765854000000,2025-12-16 05:00:00,0.03802,0.03808,0.03774,0.03804,965642.1
1765857600000,2025-12-16 06:00:00,0.03804,0.03808,0.03749,0.03789,1295441.7
1765861200000,2025-12-16 07:00:00,0.03789,0.03804,0.0378,0.03792,405835.9
1765864800000,2025-12-16 08:00:00,0.03792,0.03819,0.03791,0.03816,710450.7
1765868400000,2025-12-16 09:00:00,0.03816,0.03822,0.03766,0.03774,1409858.1
1765872000000,2025-12-16 10:00:00,0.03774,0.03815,0.03773,0.03808,985540.6
1765875600000,2025-12-16 11:00:00,0.03808,0.03816,0.03802,0.03812,288491.7
1765879200000,2025-12-16 12:00:00,0.03812,0.03882,0.03805,0.03861,1533912.1
1765882800000,2025-12-16 13:00:00,0.03861,0.03889,0.03853,0.03884,864663.1
1765886400000,2025-12-16 14:00:00,0.03884,0.039,0.03866,0.03868,1954747.9
1765890000000,2025-12-16 15:00:00,0.03868,0.03912,0.03834,0.03834,5436790.3
1765893600000,2025-12-16 16:00:00,0.03834,0.03886,0.0381,0.03866,6057251.4
1765897200000,2025-12-16 17:00:00,0.03866,0.03904,0.03852,0.03898,3297864.3
1765900800000,2025-12-16 18:00:00,0.03898,0.03911,0.0386,0.03884,1224818.5
1765904400000,2025-12-16 19:00:00,0.03884,0.03904,0.03852,0.03853,1314574.6
1765908000000,2025-12-16 20:00:00,0.03853,0.03904,0.03851,0.03891,910565.7
1765911600000,2025-12-16 21:00:00,0.03891,0.03899,0.03855,0.03888,611630.3
1765915200000,2025-12-16 22:00:00,0.03888,0.03915,0.03881,0.03894,1879168.6
1765918800000,2025-12-16 23:00:00,0.03894,0.03898,0.03877,0.03887,376178.9
1765922400000,2025-12-17 00:00:00,0.03887,0.03896,0.03874,0.03877,519713.6
1765926000000,2025-12-17 01:00:00,0.03877,0.03882,0.03861,0.03878,650693.0
1765929600000,2025-12-17 02:00:00,0.03878,0.03879,0.03856,0.03859,471088.5
1765933200000,2025-12-17 03:00:00,0.03859,0.03887,0.03852,0.03858,579999.0
1765936800000,2025-12-17 04:00:00,0.03858,0.03872,0.03844,0.03868,1526970.1
1765940400000,2025-12-17 05:00:00,0.03868,0.03879,0.0385,0.03853,469446.5
1765944000000,2025-12-17 06:00:00,0.03853,0.03859,0.03827,0.03833,462683.4
1765947600000,2025-12-17 07:00:00,0.03833,0.03845,0.03812,0.03833,1523333.0
1765951200000,2025-12-17 08:00:00,0.03833,0.03854,0.03828,0.03838,616496.7
1765954800000,2025-12-17 09:00:00,0.03838,0.03852,0.03831,0.03841,925744.6
1765958400000,2025-12-17 10:00:00,0.03841,0.03841,0.03814,0.03819,888265.1
1765962000000,2025-12-17 11:00:00,0.03819,0.03823,0.03803,0.03813,780418.1
1765965600000,2025-12-17 12:00:00,0.03813,0.03823,0.03798,0.03812,875708.0
1765969200000,2025-12-17 13:00:00,0.03812,0.03837,0.03812,0.03835,672600.4
1765972800000,2025-12-17 14:00:00,0.03835,0.0385,0.03835,0.03846,3267684.7
1765976400000,2025-12-17 15:00:00,0.03846,0.03895,0.03839,0.03892,3281199.4
1765980000000,2025-12-17 16:00:00,0.03892,0.03958,0.03836,0.03955,13642407.8
1765983600000,2025-12-17 17:00:00,0.03955,0.03999,0.03842,0.03851,14469632.7
1765987200000,2025-12-17 18:00:00,0.03851,0.03872,0.03734,0.03776,25781844.5
1765990800000,2025-12-17 19:00:00,0.03776,0.03786,0.03717,0.03721,6517730.1
1765994400000,2025-12-17 20:00:00,0.03721,0.0375,0.03689,0.03698,5780032.1
1765998000000,2025-12-17 21:00:00,0.03698,0.03737,0.03678,0.03734,3271905.8
1766001600000,2025-12-17 22:00:00,0.03734,0.03762,0.03726,0.0374,1310886.9
1766005200000,2025-12-17 23:00:00,0.0374,0.03749,0.0371,0.0372,775583.6
1766008800000,2025-12-18 00:00:00,0.0372,0.03753,0.03707,0.0375,1095658.9
1766012400000,2025-12-18 01:00:00,0.0375,0.0375,0.03718,0.03732,637338.5
1766016000000,2025-12-18 02:00:00,0.03732,0.0374,0.03721,0.03734,778276.7
1766019600000,2025-12-18 03:00:00,0.03734,0.03734,0.03698,0.03706,1816293.9
1766023200000,2025-12-18 04:00:00,0.03706,0.03739,0.03697,0.03713,1378308.5
1766026800000,2025-12-18 05:00:00,0.03713,0.03714,0.0366,0.03667,997910.0
1766030400000,2025-12-18 06:00:00,0.03667,0.03683,0.03654,0.03671,2023008.5
1766034000000,2025-12-18 07:00:00,0.03671,0.03672,0.03629,0.03635,1285615.0
1766037600000,2025-12-18 08:00:00,0.03635,0.03649,0.03604,0.03615,3754927.2
1766041200000,2025-12-18 09:00:00,0.03615,0.03646,0.03609,0.03639,1608671.7
1766044800000,2025-12-18 10:00:00,0.03639,0.03669,0.03637,0.03666,1047435.5
1766048400000,2025-12-18 11:00:00,0.03666,0.03681,0.0366,0.03671,623436.4
1766052000000,2025-12-18 12:00:00,0.03671,0.03681,0.03668,0.03676,623809.7
1766055600000,2025-12-18 13:00:00,0.03676,0.03683,0.03666,0.03681,530398.8
1766059200000,2025-12-18 14:00:00,0.03681,0.03706,0.03677,0.03698,895979.3
1766062800000,2025-12-18 15:00:00,0.03698,0.03784,0.03698,0.03781,6483522.6
1766066400000,2025-12-18 16:00:00,0.03781,0.03814,0.03732,0.03754,5623118.4
1766070000000,2025-12-18 17:00:00,0.03754,0.03811,0.03724,0.03783,5468602.0
1766073600000,2025-12-18 18:00:00,0.03783,0.03801,0.0376,0.03772,4081709.0
1766077200000,2025-12-18 19:00:00,0.03772,0.03776,0.03578,0.03645,13829092.4
1766080800000,2025-12-18 20:00:00,0.03645,0.03678,0.03586,0.03599,4214596.3
1766084400000,2025-12-18 21:00:00,0.03599,0.03606,0.03513,0.03519,10532610.3
1766088000000,2025-12-18 22:00:00,0.03519,0.0355,0.03512,0.03522,3877445.7
1766091600000,2025-12-18 23:00:00,0.03522,0.03592,0.03522,0.03592,3313703.7
1766095200000,2025-12-19 00:00:00,0.03592,0.03601,0.03574,0.03586,1177813.3
1766098800000,2025-12-19 01:00:00,0.03586,0.03586,0.03564,0.03569,380970.8
1766102400000,2025-12-19 02:00:00,0.03569,0.03579,0.03541,0.03558,1106632.9
1766106000000,2025-12-19 03:00:00,0.03558,0.03558,0.03515,0.03526,2329411.7
1766109600000,2025-12-19 04:00:00,0.03526,0.03555,0.03508,0.03547,2382753.9
1766113200000,2025-12-19 05:00:00,0.03547,0.03668,0.03545,0.03626,5491477.0
1766116800000,2025-12-19 06:00:00,0.03626,0.03653,0.03624,0.03627,1626977.7
1766120400000,2025-12-19 07:00:00,0.03627,0.03628,0.036,0.03612,1548652.0
1766124000000,2025-12-19 08:00:00,0.03612,0.03636,0.0361,0.03632,469156.3
1766127600000,2025-12-19 09:00:00,0.03632,0.03696,0.03632,0.03661,1419228.4
1766131200000,2025-12-19 10:00:00,0.03661,0.03682,0.03648,0.03665,1935766.3
1766134800000,2025-12-19 11:00:00,0.03665,0.03666,0.0365,0.03653,730652.1
1766138400000,2025-12-19 12:00:00,0.03653,0.03663,0.03631,0.03631,671636.3
1766142000000,2025-12-19 13:00:00,0.03631,0.03655,0.03623,0.03647,570096.9
1766145600000,2025-12-19 14:00:00,0.03647,0.03665,0.03638,0.03662,1019996.6
1766149200000,2025-12-19 15:00:00,0.03662,0.03678,0.03657,0.03669,1668094.0
1766152800000,2025-12-19 16:00:00,0.03669,0.03743,0.03668,0.0371,5024291.9
1766156400000,2025-12-19 17:00:00,0.0371,0.03779,0.03698,0.03707,5731393.6
1766160000000,2025-12-19 18:00:00,0.03707,0.0378,0.03707,0.03739,2201995.1
1766163600000,2025-12-19 19:00:00,0.03739,0.03772,0.03693,0.03695,2975530.8
1766167200000,2025-12-19 20:00:00,0.03695,0.03721,0.03692,0.03713,2340450.4
1766170800000,2025-12-19 21:00:00,0.03713,0.03801,0.0371,0.03789,1762152.4
1766174400000,2025-12-19 22:00:00,0.03789,0.03819,0.03778,0.03807,1832453.7
1766178000000,2025-12-19 23:00:00,0.03807,0.03807,0.0375,0.03752,474569.3
1766181600000,2025-12-20 00:00:00,0.03752,0.03777,0.03752,0.03768,353074.7
1766185200000,2025-12-20 01:00:00,0.03768,0.03768,0.03749,0.0375,166035.5
1766188800000,2025-12-20 02:00:00,0.0375,0.03753,0.03737,0.03739,614593.5
1766192400000,2025-12-20 03:00:00,0.03739,0.03743,0.03727,0.03727,467492.4
1766196000000,2025-12-20 04:00:00,0.03727,0.03736,0.03725,0.03733,1112934.4
1766199600000,2025-12-20 05:00:00,0.03733,0.03761,0.03733,0.03755,341464.9
1766203200000,2025-12-20 06:00:00,0.03755,0.03756,0.03722,0.03726,1184957.6
1766206800000,2025-12-20 07:00:00,0.03726,0.03753,0.03726,0.03744,407046.7
1766210400000,2025-12-20 08:00:00,0.03744,0.03753,0.03742,0.03748,240494.3
1766214000000,2025-12-20 09:00:00,0.03748,0.03802,0.03748,0.03802,1802238.2
1766217600000,2025-12-20 10:00:00,0.03802,0.03819,0.03786,0.03788,735284.5
1766221200000,2025-12-20 11:00:00,0.03788,0.03797,0.03773,0.03774,403315.4
1766224800000,2025-12-20 12:00:00,0.03774,0.03778,0.03751,0.03756,881173.8
1766228400000,2025-12-20 13:00:00,0.03756,0.03773,0.03756,0.03773,1069518.9
1766232000000,2025-12-20 14:00:00,0.03773,0.03775,0.0375,0.03754,691106.4
1766235600000,2025-12-20 15:00:00,0.03754,0.03762,0.03728,0.03753,1710756.5
1766239200000,2025-12-20 16:00:00,0.03753,0.03756,0.03728,0.03754,1015716.1
1766242800000,2025-12-20 17:00:00,0.03754,0.03758,0.03736,0.03756,1884887.0
1766246400000,2025-12-20 18:00:00,0.03756,0.03767,0.03755,0.03767,837135.8
1766250000000,2025-12-20 19:00:00,0.03767,0.03793,0.03767,0.03771,1744524.7
1766253600000,2025-12-20 20:00:00,0.03771,0.0379,0.03771,0.03785,2228859.3
1766257200000,2025-12-20 21:00:00,0.03785,0.03786,0.03774,0.03774,258706.9
1766260800000,2025-12-20 22:00:00,0.03774,0.03779,0.0377,0.03779,413596.3
1766264400000,2025-12-20 23:00:00,0.03779,0.03798,0.03779,0.03781,393996.4
1766268000000,2025-12-21 00:00:00,0.03781,0.03794,0.03775,0.0379,1119805.3
1766271600000,2025-12-21 01:00:00,0.0379,0.03791,0.03774,0.03775,256726.0
1766275200000,2025-12-21 02:00:00,0.03775,0.03782,0.03763,0.03767,754546.3
1766278800000,2025-12-21 03:00:00,0.03767,0.03767,0.03736,0.03736,669787.4
1766282400000,2025-12-21 04:00:00,0.03736,0.03742,0.03708,0.03713,979318.9
1766286000000,2025-12-21 05:00:00,0.03713,0.03736,0.03712,0.03723,530015.7
1766289600000,2025-12-21 06:00:00,0.03723,0.03728,0.03714,0.03716,476759.9
1766293200000,2025-12-21 07:00:00,0.03716,0.03738,0.03714,0.03728,2042340.5
1766296800000,2025-12-21 08:00:00,0.03728,0.03736,0.03726,0.03727,670751.0
1766300400000,2025-12-21 09:00:00,0.03727,0.0373,0.03718,0.03725,406501.9
1766304000000,2025-12-21 10:00:00,0.03725,0.03754,0.03717,0.03741,697451.1
1766307600000,2025-12-21 11:00:00,0.03741,0.03752,0.03725,0.03742,880529.9
1766311200000,2025-12-21 12:00:00,0.03742,0.03747,0.03714,0.03718,526236.6
1766314800000,2025-12-21 13:00:00,0.03718,0.0372,0.03703,0.03707,745594.3
1766318400000,2025-12-21 14:00:00,0.03707,0.03725,0.03678,0.03684,5352882.3
1766322000000,2025-12-21 15:00:00,0.03684,0.03684,0.03562,0.03573,8994280.9
1766325600000,2025-12-21 16:00:00,0.03573,0.03615,0.0357,0.03605,2985756.9
1766329200000,2025-12-21 17:00:00,0.03605,0.0361,0.03579,0.03602,3353902.4
1766332800000,2025-12-21 18:00:00,0.03602,0.03625,0.03585,0.03625,1207289.5
1766336400000,2025-12-21 19:00:00,0.03625,0.03645,0.03621,0.03625,1488986.3
1766340000000,2025-12-21 20:00:00,0.03625,0.03628,0.03599,0.03627,1294620.0
1766343600000,2025-12-21 21:00:00,0.03627,0.03648,0.03618,0.03636,1577854.5
1766347200000,2025-12-21 22:00:00,0.03636,0.03639,0.0361,0.03618,1323581.6
1766350800000,2025-12-21 23:00:00,0.03618,0.03632,0.03599,0.03608,3410804.4
1766354400000,2025-12-22 00:00:00,0.03608,0.03657,0.03605,0.03657,1456628.9
1766358000000,2025-12-22 01:00:00,0.03657,0.03678,0.03644,0.03663,1011255.5
1766361600000,2025-12-22 02:00:00,0.03663,0.0382,0.03621,0.03638,54913023.1
1766365200000,2025-12-22 03:00:00,0.03638,0.03646,0.03604,0.03612,2210236.0
1766368800000,2025-12-22 04:00:00,0.03612,0.03619,0.03567,0.03614,3801238.8
1766372400000,2025-12-22 05:00:00,0.03614,0.03647,0.03609,0.03632,1365318.9
1766376000000,2025-12-22 06:00:00,0.03632,0.03679,0.03631,0.03676,1364373.7
1766379600000,2025-12-22 07:00:00,0.03676,0.03707,0.0367,0.03684,2940652.1
1766383200000,2025-12-22 08:00:00,0.03684,0.03715,0.03681,0.03704,750889.0
1766386800000,2025-12-22 09:00:00,0.03704,0.03722,0.03693,0.03703,2105063.4
1766390400000,2025-12-22 10:00:00,0.03703,0.03757,0.03697,0.03751,2013488.5
1766394000000,2025-12-22 11:00:00,0.03751,0.03828,0.03745,0.03825,7184431.2
1766397600000,2025-12-22 12:00:00,0.03825,0.0384,0.03798,0.03816,3552008.2
1766401200000,2025-12-22 13:00:00,0.03816,0.03853,0.03802,0.0384,3109844.6
1766404800000,2025-12-22 14:00:00,0.0384,0.03867,0.03824,0.03867,2330871.5
1766408400000,2025-12-22 15:00:00,0.03867,0.03906,0.03821,0.03838,3417142.5
1766412000000,2025-12-22 16:00:00,0.03838,0.0387,0.03821,0.03853,3347317.1
1766415600000,2025-12-22 17:00:00,0.03853,0.0389,0.03827,0.03872,4159926.2
1766419200000,2025-12-22 18:00:00,0.03872,0.03914,0.03862,0.03872,1925828.6
1766422800000,2025-12-22 19:00:00,0.03872,0.03889,0.03848,0.03888,1025230.4
1766426400000,2025-12-22 20:00:00,0.03888,0.03907,0.03873,0.03884,3812907.4
1766430000000,2025-12-22 21:00:00,0.03884,0.03885,0.03797,0.03809,3979150.2
1766433600000,2025-12-22 22:00:00,0.03809,0.03824,0.03776,0.0379,2280498.5
1766437200000,2025-12-22 23:00:00,0.0379,0.03817,0.03775,0.03777,2548060.0
1766440800000,2025-12-23 00:00:00,0.03777,0.03779,0.03741,0.03777,2360753.6
1766444400000,2025-12-23 01:00:00,0.03777,0.03785,0.03769,0.0378,1696819.0
1766448000000,2025-12-23 02:00:00,0.0378,0.03825,0.03778,0.03804,1662273.6
1766451600000,2025-12-23 03:00:00,0.03804,0.03815,0.0376,0.03776,2184387.8
1766455200000,2025-12-23 04:00:00,0.03776,0.03791,0.03728,0.0373,2598938.0
1766458800000,2025-12-23 05:00:00,0.0373,0.03734,0.03689,0.03698,2394972.1
1766462400000,2025-12-23 06:00:00,0.03698,0.03709,0.03682,0.03682,590199.2
1766466000000,2025-12-23 07:00:00,0.03682,0.03684,0.03643,0.03655,1518556.1
1766469600000,2025-12-23 08:00:00,0.03655,0.03673,0.03637,0.0367,2323978.6
1766473200000,2025-12-23 09:00:00,0.0367,0.03676,0.03649,0.03651,2387838.5
1766476800000,2025-12-23 10:00:00,0.03651,0.03674,0.03648,0.03657,1285882.2
1766480400000,2025-12-23 11:00:00,0.03657,0.03697,0.03657,0.03692,1772502.0
1766484000000,2025-12-23 12:00:00,0.03692,0.03718,0.03692,0.03718,919730.2
1766487600000,2025-12-23 13:00:00,0.03718,0.03718,0.03701,0.03709,1337807.6
1766491200000,2025-12-23 14:00:00,0.03709,0.03709,0.03676,0.03677,1557145.7
1766494800000,2025-12-23 15:00:00,0.03677,0.03694,0.0364,0.03643,2702418.0
1766498400000,2025-12-23 16:00:00,0.03643,0.03651,0.03591,0.03615,5017082.3
1766502000000,2025-12-23 17:00:00,0.03615,0.03637,0.03601,0.03623,2425668.7
1766505600000,2025-12-23 18:00:00,0.03623,0.03678,0.03616,0.03658,3851794.8
1766509200000,2025-12-23 19:00:00,0.03658,0.03676,0.0362,0.03621,1922786.6
1766512800000,2025-12-23 20:00:00,0.03621,0.03685,0.0362,0.03668,1753804.9
1766516400000,2025-12-23 21:00:00,0.03668,0.03672,0.03647,0.03653,955625.7
1766520000000,2025-12-23 22:00:00,0.03653,0.03701,0.03646,0.03673,1182189.2
1766523600000,2025-12-23 23:00:00,0.03673,0.03678,0.03653,0.03655,1001612.8
1766527200000,2025-12-24 00:00:00,0.03655,0.03662,0.03633,0.03645,876119.1
1766530800000,2025-12-24 01:00:00,0.03645,0.03657,0.03632,0.03653,991793.1
1766534400000,2025-12-24 02:00:00,0.03653,0.03672,0.0365,0.03664,2506704.4
1766538000000,2025-12-24 03:00:00,0.03664,0.03672,0.0363,0.03638,897835.6
1766541600000,2025-12-24 04:00:00,0.03638,0.03638,0.03587,0.036,2906889.4
1766545200000,2025-12-24 05:00:00,0.036,0.03615,0.03585,0.03613,1724924.8
1766548800000,2025-12-24 06:00:00,0.03613,0.03628,0.03593,0.03593,887521.1
1766552400000,2025-12-24 07:00:00,0.03593,0.03601,0.03566,0.03576,2071068.8
1766556000000,2025-12-24 08:00:00,0.03576,0.03595,0.0357,0.03587,1208930.2
1766559600000,2025-12-24 09:00:00,0.03587,0.03592,0.03579,0.0358,1063160.5
1766563200000,2025-12-24 10:00:00,0.0358,0.03582,0.03554,0.03555,3818942.5
1766566800000,2025-12-24 11:00:00,0.03555,0.03573,0.03555,0.03565,1530073.6
1766570400000,2025-12-24 12:00:00,0.03565,0.03579,0.03563,0.03568,466407.3
1766574000000,2025-12-24 13:00:00,0.03568,0.03583,0.03567,0.0357,296642.5
1766577600000,2025-12-24 14:00:00,0.0357,0.03592,0.03568,0.03588,2129795.0
1766581200000,2025-12-24 15:00:00,0.03588,0.03589,0.03573,0.03582,766511.6
1766584800000,2025-12-24 16:00:00,0.03582,0.03603,0.03543,0.03584,1813057.4
1766588400000,2025-12-24 17:00:00,0.03584,0.03626,0.03583,0.03615,1450738.8
1766592000000,2025-12-24 18:00:00,0.03615,0.03643,0.03597,0.03626,2736232.7
1766595600000,2025-12-24 19:00:00,0.03626,0.03636,0.03603,0.03606,1084030.6
1766599200000,2025-12-24 20:00:00,0.03606,0.03615,0.036,0.03607,341975.9
1766602800000,2025-12-24 21:00:00,0.03607,0.03619,0.03601,0.03617,736896.5
1766606400000,2025-12-24 22:00:00,0.03617,0.03634,0.03616,0.03619,299117.7
1766610000000,2025-12-24 23:00:00,0.03619,0.03633,0.03617,0.03631,833558.9
1766613600000,2025-12-25 00:00:00,0.03631,0.03669,0.03629,0.03661,479625.7
1766617200000,2025-12-25 01:00:00,0.03661,0.03669,0.03652,0.03662,484382.4
1766620800000,2025-12-25 02:00:00,0.03662,0.03663,0.03633,0.03636,967029.0
1766624400000,2025-12-25 03:00:00,0.03636,0.03648,0.03631,0.03641,849753.5
1766628000000,2025-12-25 04:00:00,0.03641,0.03668,0.03636,0.03664,1263064.5
1766631600000,2025-12-25 05:00:00,0.03664,0.03682,0.03653,0.03679,1656256.4
1766635200000,2025-12-25 06:00:00,0.03679,0.03688,0.03671,0.03687,1671550.7
1766638800000,2025-12-25 07:00:00,0.03687,0.03687,0.0367,0.03671,1431065.5
1766642400000,2025-12-25 08:00:00,0.03671,0.03677,0.03655,0.03667,1852846.9
1766646000000,2025-12-25 09:00:00,0.03667,0.03694,0.03653,0.0369,1908447.3
1766649600000,2025-12-25 10:00:00,0.0369,0.03714,0.03673,0.03686,5229002.4
1766653200000,2025-12-25 11:00:00,0.03686,0.03691,0.0367,0.0368,2533622.2
1766656800000,2025-12-25 12:00:00,0.0368,0.03681,0.03633,0.03643,2107858.7
1766660400000,2025-12-25 13:00:00,0.03643,0.03655,0.03624,0.03629,2310883.2
1766664000000,2025-12-25 14:00:00,0.03629,0.03656,0.03623,0.03656,1048687.4
1766667600000,2025-12-25 15:00:00,0.03656,0.03657,0.03637,0.03645,1367630.8
1766671200000,2025-12-25 16:00:00,0.03645,0.0365,0.03626,0.03635,825049.7
1766674800000,2025-12-25 17:00:00,0.03635,0.03679,0.03628,0.03666,1569769.9
1766678400000,2025-12-25 18:00:00,0.03666,0.03679,0.03646,0.03651,784808.5
1766682000000,2025-12-25 19:00:00,0.03651,0.03651,0.03633,0.03644,532008.5
1766685600000,2025-12-25 20:00:00,0.03644,0.0367,0.03642,0.03663,821729.6
1766689200000,2025-12-25 21:00:00,0.03663,0.03665,0.03648,0.03657,1007041.9
1766692800000,2025-12-25 22:00:00,0.03657,0.0366,0.03637,0.03643,555072.9
1766696400000,2025-12-25 23:00:00,0.03643,0.03648,0.03635,0.03638,80786.0
1766700000000,2025-12-26 00:00:00,0.03638,0.03638,0.03553,0.03568,3262627.9
1766703600000,2025-12-26 01:00:00,0.03568,0.03581,0.03526,0.03535,2012925.2
1766707200000,2025-12-26 02:00:00,0.03535,0.03543,0.03516,0.03538,1260436.9
1766710800000,2025-12-26 03:00:00,0.03538,0.03563,0.03537,0.03557,842802.8
1766714400000,2025-12-26 04:00:00,0.03557,0.03668,0.03553,0.03643,4023826.7
1766718000000,2025-12-26 05:00:00,0.03643,0.03652,0.03629,0.03638,833691.3
1766721600000,2025-12-26 06:00:00,0.03638,0.03638,0.03617,0.03628,489735.8
1766725200000,2025-12-26 07:00:00,0.03628,0.03644,0.0362,0.03644,594039.5
1766728800000,2025-12-26 08:00:00,0.03644,0.03658,0.03632,0.03636,767219.1
1766732400000,2025-12-26 09:00:00,0.03636,0.03657,0.03591,0.03598,1087608.0
1766736000000,2025-12-26 10:00:00,0.03598,0.03616,0.03593,0.03609,904355.6
1766739600000,2025-12-26 11:00:00,0.03609,0.03629,0.03608,0.03625,1605438.6
1766743200000,2025-12-26 12:00:00,0.03625,0.03627,0.0362,0.03625,381499.6
1766746800000,2025-12-26 13:00:00,0.03625,0.03687,0.03623,0.03666,17293307.3
1766750400000,2025-12-26 14:00:00,0.03666,0.03689,0.03649,0.03676,2373025.4
1766754000000,2025-12-26 15:00:00,0.03676,0.03687,0.03671,0.03682,1079280.9
1766757600000,2025-12-26 16:00:00,0.03682,0.03695,0.03621,0.03631,2859351.3
1766761200000,2025-12-26 17:00:00,0.03631,0.03639,0.03591,0.03616,2319454.1
1766764800000,2025-12-26 18:00:00,0.03616,0.03626,0.03589,0.0359,1584947.8
1766768400000,2025-12-26 19:00:00,0.0359,0.03628,0.0359,0.03616,1030138.2
1766772000000,2025-12-26 20:00:00,0.03616,0.03629,0.03614,0.0362,374610.9
1766775600000,2025-12-26 21:00:00,0.0362,0.03651,0.03617,0.03643,351605.5
1766779200000,2025-12-26 22:00:00,0.03643,0.03659,0.03636,0.03648,312519.7
1766782800000,2025-12-26 23:00:00,0.03648,0.03651,0.03626,0.03626,428871.4
1766786400000,2025-12-27 00:00:00,0.03626,0.03628,0.03615,0.03628,1200945.2
1766790000000,2025-12-27 01:00:00,0.03628,0.03631,0.03623,0.03631,371781.7
1766793600000,2025-12-27 02:00:00,0.03631,0.0364,0.03629,0.03632,1019088.8
1766797200000,2025-12-27 03:00:00,0.03632,0.03647,0.03621,0.03647,472705.1
1766800800000,2025-12-27 04:00:00,0.03647,0.0366,0.0364,0.0366,766081.7
1766804400000,2025-12-27 05:00:00,0.0366,0.0369,0.03654,0.03679,1350462.6
1766808000000,2025-12-27 06:00:00,0.03679,0.03685,0.03662,0.03665,1328645.3
1766811600000,2025-12-27 07:00:00,0.03665,0.03671,0.03662,0.0367,354148.4
1766815200000,2025-12-27 08:00:00,0.0367,0.03671,0.03658,0.03662,406763.2
1766818800000,2025-12-27 09:00:00,0.03662,0.03677,0.03662,0.03665,287728.3
1766822400000,2025-12-27 10:00:00,0.03665,0.03672,0.03662,0.03663,507068.5
1766826000000,2025-12-27 11:00:00,0.03663,0.03672,0.03649,0.0365,649541.7
1766829600000,2025-12-27 12:00:00,0.0365,0.03665,0.03629,0.03664,822580.5
1766833200000,2025-12-27 13:00:00,0.03664,0.03701,0.03662,0.03699,1449557.8
1766836800000,2025-12-27 14:00:00,0.03699,0.03709,0.0369,0.03701,1247042.1
1766840400000,2025-12-27 15:00:00,0.03701,0.03707,0.03682,0.03694,802587.4
1766844000000,2025-12-27 16:00:00,0.03694,0.03713,0.03694,0.0371,919291.1
1766847600000,2025-12-27 17:00:00,0.0371,0.03737,0.03703,0.0373,1042793.4
1766851200000,2025-12-27 18:00:00,0.0373,0.03745,0.03721,0.03729,1468987.4
1766854800000,2025-12-27 19:00:00,0.03729,0.03743,0.03723,0.03743,603377.1
1766858400000,2025-12-27 20:00:00,0.03743,0.03744,0.03726,0.03734,634558.3
1766862000000,2025-12-27 21:00:00,0.03734,0.03741,0.03729,0.03739,445378.6
1766865600000,2025-12-27 22:00:00,0.03739,0.03747,0.03713,0.03716,724085.4
1766869200000,2025-12-27 23:00:00,0.03716,0.03771,0.03716,0.03766,1632265.2
1766872800000,2025-12-28 00:00:00,0.03766,0.03795,0.03744,0.03765,1791364.4
1766876400000,2025-12-28 01:00:00,0.03765,0.03823,0.03756,0.03816,2007751.6
1766880000000,2025-12-28 02:00:00,0.03816,0.03823,0.03788,0.03799,1954415.4
1766883600000,2025-12-28 03:00:00,0.03799,0.03806,0.03788,0.03794,662786.4
1766887200000,2025-12-28 04:00:00,0.03794,0.03813,0.0379,0.03807,432961.0
1766890800000,2025-12-28 05:00:00,0.03807,0.03808,0.03791,0.03807,446073.9
1766894400000,2025-12-28 06:00:00,0.03807,0.03817,0.03804,0.03808,291783.2
1766898000000,2025-12-28 07:00:00,0.03808,0.03822,0.03803,0.03814,913391.1
1766901600000,2025-12-28 08:00:00,0.03814,0.03837,0.0381,0.03836,900327.0
1766905200000,2025-12-28 09:00:00,0.03836,0.03844,0.03831,0.03837,266042.6
1766908800000,2025-12-28 10:00:00,0.03837,0.03838,0.03819,0.03826,1129900.8
1766912400000,2025-12-28 11:00:00,0.03826,0.0383,0.03816,0.03824,673806.1
1766916000000,2025-12-28 12:00:00,0.03824,0.03852,0.03822,0.03843,1304872.4
1766919600000,2025-12-28 13:00:00,0.03843,0.03852,0.03827,0.03833,625807.6
1766923200000,2025-12-28 14:00:00,0.03833,0.03834,0.03803,0.03807,865862.9
1766926800000,2025-12-28 15:00:00,0.03807,0.03811,0.03797,0.03808,720145.6
1766930400000,2025-12-28 16:00:00,0.03808,0.03819,0.03801,0.03807,756750.1
1766934000000,2025-12-28 17:00:00,0.03807,0.03821,0.03793,0.03801,1006873.4
1766937600000,2025-12-28 18:00:00,0.03801,0.03811,0.03789,0.03799,574010.1
1766941200000,2025-12-28 19:00:00,0.03799,0.03817,0.03796,0.038,865689.0
1766944800000,2025-12-28 20:00:00,0.038,0.03802,0.03758,0.0376,2507523.4
1766948400000,2025-12-28 21:00:00,0.0376,0.0377,0.03747,0.03752,839061.8
1766952000000,2025-12-28 22:00:00,0.03752,0.03763,0.03741,0.03756,988561.7
1766955600000,2025-12-28 23:00:00,0.03756,0.03756,0.03743,0.03751,390995.2
1766959200000,2025-12-29 00:00:00,0.03751,0.03779,0.03743,0.03773,748862.7
1766962800000,2025-12-29 01:00:00,0.03773,0.03786,0.0376,0.03781,963346.7
1766966400000,2025-12-29 02:00:00,0.03781,0.03817,0.03775,0.03806,1864463.2
1766970000000,2025-12-29 03:00:00,0.03806,0.03821,0.03772,0.03795,2005999.3
1766973600000,2025-12-29 04:00:00,0.03795,0.03838,0.03795,0.03807,1456668.8
1766977200000,2025-12-29 05:00:00,0.03807,0.03841,0.03802,0.03837,719515.7
1766980800000,2025-12-29 06:00:00,0.03837,0.0384,0.0382,0.03826,822099.8
1766984400000,2025-12-29 07:00:00,0.03826,0.0383,0.03802,0.03807,1191706.3
1766988000000,2025-12-29 08:00:00,0.03807,0.03813,0.0378,0.03781,774373.9
1766991600000,2025-12-29 09:00:00,0.03781,0.03799,0.03756,0.03793,1655752.7
1766995200000,2025-12-29 10:00:00,0.03793,0.03798,0.03763,0.03768,1202916.3
1766998800000,2025-12-29 11:00:00,0.03768,0.03776,0.03701,0.03711,4024378.0
1767002400000,2025-12-29 12:00:00,0.03711,0.03728,0.03699,0.03705,1229327.8
1767006000000,2025-12-29 13:00:00,0.03705,0.03707,0.0369,0.03691,1235768.5
1767009600000,2025-12-29 14:00:00,0.03691,0.03693,0.03624,0.03652,2903541.4
1767013200000,2025-12-29 15:00:00,0.03652,0.03658,0.03621,0.03627,1002299.2
1767016800000,2025-12-29 16:00:00,0.03627,0.03672,0.03605,0.03636,2666281.2
1767020400000,2025-12-29 17:00:00,0.03636,0.03665,0.03626,0.03642,1311905.0
1767024000000,2025-12-29 18:00:00,0.03642,0.03649,0.03615,0.03617,1077669.4
1767027600000,2025-12-29 19:00:00,0.03617,0.03629,0.03602,0.03622,860325.2
1767031200000,2025-12-29 20:00:00,0.03622,0.03632,0.03581,0.03585,1605295.9
1767034800000,2025-12-29 21:00:00,0.03585,0.03585,0.03534,0.03551,7844019.7
1767038400000,2025-12-29 22:00:00,0.03551,0.03569,0.03544,0.03548,1061417.9
1767042000000,2025-12-29 23:00:00,0.03548,0.03576,0.03505,0.03535,9121664.2
1767045600000,2025-12-30 00:00:00,0.03535,0.03545,0.03525,0.03539,2926997.1
1767049200000,2025-12-30 01:00:00,0.03539,0.03548,0.03525,0.03544,1510216.5
1767052800000,2025-12-30 02:00:00,0.03544,0.03557,0.03526,0.03529,1505696.5
1767056400000,2025-12-30 03:00:00,0.03529,0.03534,0.03521,0.03523,813697.4
1767060000000,2025-12-30 04:00:00,0.03523,0.03528,0.03511,0.03522,1078844.4
1767063600000,2025-12-30 05:00:00,0.03522,0.03552,0.03511,0.03547,1224157.1
1767067200000,2025-12-30 06:00:00,0.03547,0.03552,0.03522,0.03523,1645176.7
1767070800000,2025-12-30 07:00:00,0.03523,0.03525,0.03506,0.03521,671294.9
1767074400000,2025-12-30 08:00:00,0.03521,0.03554,0.03516,0.03546,2367105.9
1767078000000,2025-12-30 09:00:00,0.03546,0.0355,0.03517,0.03532,2098801.8
1767081600000,2025-12-30 10:00:00,0.03532,0.03569,0.03528,0.03544,1396662.4
1767085200000,2025-12-30 11:00:00,0.03544,0.03547,0.03523,0.03529,1118885.5
1767088800000,2025-12-30 12:00:00,0.03529,0.03545,0.03522,0.03539,1373537.5
1767092400000,2025-12-30 13:00:00,0.03539,0.03551,0.03537,0.03543,667271.1
1767096000000,2025-12-30 14:00:00,0.03543,0.03555,0.0354,0.03548,1006378.7
1767099600000,2025-12-30 15:00:00,0.03548,0.03551,0.03537,0.03545,1543614.9
1767103200000,2025-12-30 16:00:00,0.03545,0.03561,0.03507,0.03555,2673369.3
1767106800000,2025-12-30 17:00:00,0.03555,0.0356,0.03525,0.03551,1276930.8
1767110400000,2025-12-30 18:00:00,0.03551,0.03552,0.03516,0.03524,1267543.9
1767114000000,2025-12-30 19:00:00,0.03524,0.03531,0.03486,0.03501,2903743.6
1767117600000,2025-12-30 20:00:00,0.03501,0.03502,0.03487,0.035,4093537.5
1767121200000,2025-12-30 21:00:00,0.035,0.03517,0.03479,0.03507,2022103.6
1767124800000,2025-12-30 22:00:00,0.03507,0.03507,0.03481,0.03481,783106.3
1767128400000,2025-12-30 23:00:00,0.03481,0.03492,0.03481,0.03492,510313.4
1767132000000,2025-12-31 00:00:00,0.03492,0.03499,0.03486,0.03497,1125045.5
1767135600000,2025-12-31 01:00:00,0.03497,0.03498,0.03486,0.03489,739136.1
1767139200000,2025-12-31 02:00:00,0.03489,0.03497,0.03466,0.03468,2650753.1
1767142800000,2025-12-31 03:00:00,0.03468,0.03506,0.03463,0.03505,2176135.3
1767146400000,2025-12-31 04:00:00,0.03505,0.03505,0.03469,0.03477,1339189.2
1767150000000,2025-12-31 05:00:00,0.03477,0.0348,0.03439,0.03457,4808490.0
1767153600000,2025-12-31 06:00:00,0.03457,0.03465,0.0345,0.03459,505798.1
1767157200000,2025-12-31 07:00:00,0.03459,0.03464,0.03451,0.03454,586120.9
1767160800000,2025-12-31 08:00:00,0.03454,0.03454,0.03441,0.03447,316385.0
1767164400000,2025-12-31 09:00:00,0.03447,0.03456,0.03432,0.03455,1400574.2
1767168000000,2025-12-31 10:00:00,0.03455,0.03467,0.03442,0.03445,847966.9
1767171600000,2025-12-31 11:00:00,0.03445,0.03466,0.03443,0.03466,886362.6
1767175200000,2025-12-31 12:00:00,0.03466,0.03477,0.03451,0.03453,1516157.0
1767178800000,2025-12-31 13:00:00,0.03453,0.0349,0.03453,0.03488,910726.8
1767182400000,2025-12-31 14:00:00,0.03488,0.03493,0.03447,0.03452,1405282.3
1767186000000,2025-12-31 15:00:00,0.03452,0.03472,0.03448,0.03467,678818.1
1767189600000,2025-12-31 16:00:00,0.03467,0.03483,0.03457,0.03469,2512094.4
1767193200000,2025-12-31 17:00:00,0.03469,0.03471,0.03443,0.03452,1626764.4
1767196800000,2025-12-31 18:00:00,0.03452,0.03453,0.03331,0.03368,11677554.4
1767200400000,2025-12-31 19:00:00,0.03368,0.03372,0.0333,0.03338,1730536.1
1767204000000,2025-12-31 20:00:00,0.03338,0.0334,0.03294,0.03296,4442196.9
1767207600000,2025-12-31 21:00:00,0.03296,0.03324,0.0329,0.03297,2305204.4
1767211200000,2025-12-31 22:00:00,0.03297,0.0334,0.03263,0.0333,5102549.0
1767214800000,2025-12-31 23:00:00,0.0333,0.03333,0.03302,0.03305,1164467.7
1767218400000,2026-01-01 00:00:00,0.03305,0.03317,0.03292,0.03296,2471972.0
1767222000000,2026-01-01 01:00:00,0.03296,0.03332,0.03292,0.03318,3490182.2
1767225600000,2026-01-01 02:00:00,0.03318,0.03349,0.03318,0.03338,1251054.6
1767229200000,2026-01-01 03:00:00,0.03338,0.03351,0.0333,0.03339,2467313.7
1767232800000,2026-01-01 04:00:00,0.03339,0.03347,0.0333,0.03339,1196717.9
1767236400000,2026-01-01 05:00:00,0.03339,0.0334,0.03325,0.03329,360074.3
1767240000000,2026-01-01 06:00:00,0.03329,0.0333,0.03295,0.03303,2485761.5
1767243600000,2026-01-01 07:00:00,0.03303,0.03359,0.03303,0.03358,3733253.0
1767247200000,2026-01-01 08:00:00,0.03358,0.0336,0.03333,0.03334,1756120.4
1767250800000,2026-01-01 09:00:00,0.03334,0.03352,0.03334,0.0335,725082.0
1767254400000,2026-01-01 10:00:00,0.0335,0.03371,0.03342,0.03367,536706.4
1767258000000,2026-01-01 11:00:00,0.03367,0.03434,0.03367,0.03422,4013891.6
1767261600000,2026-01-01 12:00:00,0.03422,0.03437,0.03411,0.03437,945882.8
1767265200000,2026-01-01 13:00:00,0.03437,0.03445,0.03409,0.03444,1892014.4
1767268800000,2026-01-01 14:00:00,0.03444,0.03457,0.03412,0.03429,1624627.8
1767272400000,2026-01-01 15:00:00,0.03429,0.03477,0.03428,0.03474,4825800.8
1767276000000,2026-01-01 16:00:00,0.03474,0.03506,0.03467,0.03492,3304398.7
1767279600000,2026-01-01 17:00:00,0.03492,0.03543,0.03485,0.03536,3848071.6
1767283200000,2026-01-01 18:00:00,0.03536,0.03543,0.03516,0.03526,3596559.6
1767286800000,2026-01-01 19:00:00,0.03526,0.03557,0.03525,0.03539,3712623.3
1767290400000,2026-01-01 20:00:00,0.03539,0.0355,0.03524,0.03549,2015514.6
1767294000000,2026-01-01 21:00:00,0.03549,0.03582,0.03544,0.03582,1756456.1
1767297600000,2026-01-01 22:00:00,0.03582,0.03603,0.03571,0.03581,3497072.3
1767301200000,2026-01-01 23:00:00,0.03581,0.03586,0.03547,0.03559,1502199.0
1767304800000,2026-01-02 00:00:00,0.03559,0.03604,0.03559,0.03603,1777653.2
1767308400000,2026-01-02 01:00:00,0.03603,0.03617,0.03595,0.03602,1731434.1
1767312000000,2026-01-02 02:00:00,0.03602,0.03612,0.03557,0.03569,4275619.5
1767315600000,2026-01-02 03:00:00,0.03569,0.03586,0.03562,0.03585,1219271.9
1767319200000,2026-01-02 04:00:00,0.03585,0.03585,0.03557,0.03571,1680359.3
1767322800000,2026-01-02 05:00:00,0.03571,0.03615,0.03561,0.03612,2367121.7
1767326400000,2026-01-02 06:00:00,0.03612,0.03616,0.0357,0.03585,1016123.9
1767330000000,2026-01-02 07:00:00,0.03585,0.03585,0.03561,0.03582,1195921.4
1767333600000,2026-01-02 08:00:00,0.03582,0.03589,0.03568,0.03568,883796.3
1767337200000,2026-01-02 09:00:00,0.03568,0.03573,0.03546,0.03552,678010.3
1767340800000,2026-01-02 10:00:00,0.03552,0.03565,0.03536,0.03545,1467151.4
1767344400000,2026-01-02 11:00:00,0.03545,0.03626,0.03545,0.03606,4682593.1
1767348000000,2026-01-02 12:00:00,0.03606,0.03637,0.03605,0.03633,3270871.7
1767351600000,2026-01-02 13:00:00,0.03633,0.03633,0.03564,0.03586,2902809.5
1767355200000,2026-01-02 14:00:00,0.03586,0.03633,0.03573,0.03623,4049334.6
1767358800000,2026-01-02 15:00:00,0.03623,0.03627,0.03601,0.03605,1597659.8
1767362400000,2026-01-02 16:00:00,0.03605,0.03649,0.03561,0.03618,8572636.6
1767366000000,2026-01-02 17:00:00,0.03618,0.03639,0.03579,0.03609,3045322.9
1767369600000,2026-01-02 18:00:00,0.03609,0.03687,0.03609,0.03686,6677003.6
1767373200000,2026-01-02 19:00:00,0.03686,0.03697,0.03654,0.03672,2425185.1
1767376800000,2026-01-02 20:00:00,0.03672,0.03723,0.03663,0.03689,3572378.1
1767380400000,2026-01-02 21:00:00,0.03689,0.03758,0.03685,0.03753,2614087.1
1767384000000,2026-01-02 22:00:00,0.03753,0.03773,0.03703,0.03716,2150640.4
1767387600000,2026-01-02 23:00:00,0.03716,0.03722,0.03697,0.0372,1606387.1
1767391200000,2026-01-03 00:00:00,0.0372,0.03748,0.0371,0.03734,3308767.8
1767394800000,2026-01-03 01:00:00,0.03734,0.03741,0.03707,0.03722,740186.9
1767398400000,2026-01-03 02:00:00,0.03722,0.03741,0.03718,0.0372,1079829.7
1767402000000,2026-01-03 03:00:00,0.0372,0.03723,0.03692,0.03719,757490.1
1767405600000,2026-01-03 04:00:00,0.03719,0.03745,0.03705,0.03745,800972.2
1767409200000,2026-01-03 05:00:00,0.03745,0.03836,0.0374,0.03829,3534276.1
1767412800000,2026-01-03 06:00:00,0.03829,0.03843,0.03784,0.03791,4677208.9
1767416400000,2026-01-03 07:00:00,0.03791,0.03801,0.03756,0.03771,2382160.4
1767420000000,2026-01-03 08:00:00,0.03771,0.03798,0.03708,0.03715,2228325.6
1767423600000,2026-01-03 09:00:00,0.03715,0.03723,0.03628,0.03644,6831896.6
1767427200000,2026-01-03 10:00:00,0.03644,0.03665,0.03629,0.03653,2596029.1
1767430800000,2026-01-03 11:00:00,0.03653,0.0367,0.03639,0.03653,1468545.9
1767434400000,2026-01-03 12:00:00,0.03653,0.0366,0.03639,0.03639,1053743.6
1767438000000,2026-01-03 13:00:00,0.03639,0.03641,0.03626,0.03635,814590.2
1767441600000,2026-01-03 14:00:00,0.03635,0.03682,0.03628,0.03675,3200625.1
1767445200000,2026-01-03 15:00:00,0.03675,0.0374,0.0366,0.03727,6770108.1
1767448800000,2026-01-03 16:00:00,0.03727,0.03784,0.03713,0.03743,5710435.9
1767452400000,2026-01-03 17:00:00,0.03743,0.03743,0.03701,0.03702,1330465.9
1767456000000,2026-01-03 18:00:00,0.03702,0.03808,0.037,0.03774,3403352.5
1767459600000,2026-01-03 19:00:00,0.03774,0.03784,0.03747,0.03758,2542992.6
1767463200000,2026-01-03 20:00:00,0.03758,0.0377,0.03731,0.0377,1349800.5
1767466800000,2026-01-03 21:00:00,0.0377,0.03794,0.03754,0.03769,2786640.5
1767470400000,2026-01-03 22:00:00,0.03769,0.03777,0.03736,0.03757,2526428.4
1767474000000,2026-01-03 23:00:00,0.03757,0.03786,0.03747,0.03767,610242.0
1767477600000,2026-01-04 00:00:00,0.03767,0.03855,0.03762,0.0385,3292737.1
1767481200000,2026-01-04 01:00:00,0.0385,0.03894,0.03838,0.03844,3533109.9
1767484800000,2026-01-04 02:00:00,0.03844,0.03901,0.03833,0.03869,4459721.1
1767488400000,2026-01-04 03:00:00,0.03869,0.0389,0.03824,0.0389,2047926.1
1767492000000,2026-01-04 04:00:00,0.0389,0.03909,0.03843,0.03855,1981335.5
1767495600000,2026-01-04 05:00:00,0.03855,0.03907,0.03854,0.03906,1881361.4
1767499200000,2026-01-04 06:00:00,0.03906,0.03941,0.03893,0.03929,3694975.6
1767502800000,2026-01-04 07:00:00,0.03929,0.04005,0.03919,0.0399,5405629.1
1767506400000,2026-01-04 08:00:00,0.0399,0.03996,0.03901,0.03912,6310068.8
1767510000000,2026-01-04 09:00:00,0.03912,0.03958,0.03905,0.03943,2026951.4
1767513600000,2026-01-04 10:00:00,0.03943,0.03986,0.0391,0.03963,5344326.6
1767517200000,2026-01-04 11:00:00,0.03963,0.04029,0.03946,0.0399,6112812.8
1767520800000,2026-01-04 12:00:00,0.0399,0.04047,0.03984,0.0401,6579962.4
1767524400000,2026-01-04 13:00:00,0.0401,0.04043,0.03985,0.04043,3936327.8
1767528000000,2026-01-04 14:00:00,0.04043,0.0408,0.04022,0.04022,6573979.6
1767531600000,2026-01-04 15:00:00,0.04022,0.04061,0.04,0.04055,2195350.6
1767535200000,2026-01-04 16:00:00,0.04055,0.04081,0.04036,0.04069,6187174.7
1767538800000,2026-01-04 17:00:00,0.04069,0.04113,0.0406,0.04086,5615829.3
1767542400000,2026-01-04 18:00:00,0.04086,0.0411,0.04056,0.04107,4077835.1
1767546000000,2026-01-04 19:00:00,0.04107,0.04127,0.04102,0.04112,1737601.1
1767549600000,2026-01-04 20:00:00,0.04112,0.04118,0.04051,0.04078,2575142.6
1767553200000,2026-01-04 21:00:00,0.04078,0.04078,0.04019,0.04051,4085916.2
1767556800000,2026-01-04 22:00:00,0.04051,0.04068,0.0404,0.04056,1800179.6
1767560400000,2026-01-04 23:00:00,0.04056,0.04081,0.04028,0.04055,2139337.2
1767564000000,2026-01-05 00:00:00,0.04055,0.04086,0.04049,0.04063,1540023.1
1767567600000,2026-01-05 01:00:00,0.04063,0.041,0.0406,0.04072,1682453.7
1767571200000,2026-01-05 02:00:00,0.04072,0.04113,0.04048,0.04096,4208791.6
1767574800000,2026-01-05 03:00:00,0.04096,0.04162,0.04088,0.04134,5034360.4
1767578400000,2026-01-05 04:00:00,0.04134,0.04149,0.04078,0.04115,3105768.7
1767582000000,2026-01-05 05:00:00,0.04115,0.04118,0.04075,0.04092,1740084.1
1767585600000,2026-01-05 06:00:00,0.04092,0.04095,0.04002,0.04045,3941496.8
1767589200000,2026-01-05 07:00:00,0.04045,0.04073,0.04021,0.04023,3281724.1
1767592800000,2026-01-05 08:00:00,0.04023,0.04032,0.03974,0.04023,3147482.6
1767596400000,2026-01-05 09:00:00,0.04023,0.04076,0.04011,0.04062,1846887.9
1767600000000,2026-01-05 10:00:00,0.04062,0.04074,0.04011,0.04016,1650471.6
1767603600000,2026-01-05 11:00:00,0.04016,0.04019,0.03984,0.04001,2489646.3
1767607200000,2026-01-05 12:00:00,0.04001,0.04026,0.03969,0.03987,3269641.5
1767610800000,2026-01-05 13:00:00,0.03987,0.04006,0.03974,0.04003,1361983.5
1767614400000,2026-01-05 14:00:00,0.04003,0.04033,0.03985,0.04025,1569735.7
1767618000000,2026-01-05 15:00:00,0.04025,0.04026,0.03978,0.03987,1555406.8
1767621600000,2026-01-05 16:00:00,0.03987,0.04057,0.03977,0.04043,3176203.5
1767625200000,2026-01-05 17:00:00,0.04043,0.04089,0.04008,0.04082,4781142.5
1767628800000,2026-01-05 18:00:00,0.04082,0.04096,0.04044,0.04056,4354883.2
1767632400000,2026-01-05 19:00:00,0.04056,0.04089,0.03996,0.04078,4360070.7
1767636000000,2026-01-05 20:00:00,0.04078,0.0416,0.04063,0.04152,4939681.4
1767639600000,2026-01-05 21:00:00,0.04152,0.04152,0.041,0.04111,6849028.6
1767643200000,2026-01-05 22:00:00,0.04111,0.04174,0.04107,0.04117,4594577.2
1767646800000,2026-01-05 23:00:00,0.04117,0.0415,0.04114,0.04149,1585738.3
1767650400000,2026-01-06 00:00:00,0.04149,0.04216,0.04143,0.04188,2910662.4
1767654000000,2026-01-06 01:00:00,0.04188,0.04191,0.04165,0.04166,2746926.3
1767657600000,2026-01-06 02:00:00,0.04166,0.04189,0.04102,0.04152,3888370.6
1767661200000,2026-01-06 03:00:00,0.04152,0.04196,0.04141,0.04145,1844949.4
1767664800000,2026-01-06 04:00:00,0.04145,0.04178,0.04127,0.04142,2193475.1
1767668400000,2026-01-06 05:00:00,0.04142,0.04191,0.04136,0.04175,1801066.2
1767672000000,2026-01-06 06:00:00,0.04175,0.0421,0.04165,0.04197,1902078.2
1767675600000,2026-01-06 07:00:00,0.04197,0.04205,0.04183,0.0419,2270896.8
1767679200000,2026-01-06 08:00:00,0.0419,0.04218,0.04158,0.0418,2955501.3
1767682800000,2026-01-06 09:00:00,0.0418,0.04198,0.04127,0.04136,4736722.9
1767686400000,2026-01-06 10:00:00,0.04136,0.04166,0.04126,0.04133,1737343.4
1767690000000,2026-01-06 11:00:00,0.04133,0.04155,0.04126,0.04149,1914193.4
1767693600000,2026-01-06 12:00:00,0.04149,0.04185,0.04141,0.0417,988828.0
1767697200000,2026-01-06 13:00:00,0.0417,0.04222,0.04169,0.04215,2076364.6
1767700800000,2026-01-06 14:00:00,0.04215,0.04278,0.04207,0.04277,2972849.5
1767704400000,2026-01-06 15:00:00,0.04277,0.04305,0.04261,0.04277,2761898.5
1767708000000,2026-01-06 16:00:00,0.04277,0.0439,0.04272,0.04323,10388253.6
1767711600000,2026-01-06 17:00:00,0.04323,0.04397,0.04248,0.04284,9003300.7
1767715200000,2026-01-06 18:00:00,0.04284,0.04306,0.04127,0.04157,12232558.9
1767718800000,2026-01-06 19:00:00,0.04157,0.04175,0.04044,0.04056,8355580.9
1767722400000,2026-01-06 20:00:00,0.04056,0.04115,0.04038,0.04098,5183241.0
1767726000000,2026-01-06 21:00:00,0.04098,0.0412,0.04087,0.04103,1564390.3
1767729600000,2026-01-06 22:00:00,0.04103,0.04182,0.04103,0.0417,2343202.7
1767733200000,2026-01-06 23:00:00,0.0417,0.0429,0.04148,0.04278,5935742.9
1767736800000,2026-01-07 00:00:00,0.04278,0.04287,0.04213,0.04226,2818134.8
1767740400000,2026-01-07 01:00:00,0.04226,0.04255,0.04218,0.04248,1340611.6
1767744000000,2026-01-07 02:00:00,0.04248,0.0426,0.04162,0.04167,2842179.6
1767747600000,2026-01-07 03:00:00,0.04167,0.04186,0.04126,0.04134,2468815.6
1767751200000,2026-01-07 04:00:00,0.04134,0.04174,0.04117,0.04166,2656316.1
1767754800000,2026-01-07 05:00:00,0.04166,0.04204,0.04156,0.04158,3058528.9
1767758400000,2026-01-07 06:00:00,0.04158,0.04184,0.04127,0.04134,3617750.5
1767762000000,2026-01-07 07:00:00,0.04134,0.04163,0.04127,0.04134,1100030.0
1767765600000,2026-01-07 08:00:00,0.04134,0.04141,0.0412,0.04124,1287054.8
1767769200000,2026-01-07 09:00:00,0.04124,0.04194,0.04124,0.04192,1682833.9
1767772800000,2026-01-07 10:00:00,0.04192,0.04221,0.04183,0.04208,2525450.1
1767776400000,2026-01-07 11:00:00,0.04208,0.0421,0.04113,0.04121,3139383.4
1767780000000,2026-01-07 12:00:00,0.04121,0.04146,0.04116,0.04133,1762172.3
1767783600000,2026-01-07 13:00:00,0.04133,0.04179,0.04128,0.04166,2243688.6
1767787200000,2026-01-07 14:00:00,0.04166,0.04169,0.04109,0.04113,3216689.2
1767790800000,2026-01-07 15:00:00,0.04113,0.04131,0.04091,0.04093,1507877.3
1767794400000,2026-01-07 16:00:00,0.04093,0.04115,0.04035,0.04109,3623403.9
1767798000000,2026-01-07 17:00:00,0.04109,0.04109,0.04017,0.04043,5527300.3
1767801600000,2026-01-07 18:00:00,0.04043,0.04071,0.04013,0.04052,2211506.0
1767805200000,2026-01-07 19:00:00,0.04052,0.04084,0.04041,0.04048,1857499.3
1767808800000,2026-01-07 20:00:00,0.04048,0.04076,0.04029,0.04044,2920875.7
1767812400000,2026-01-07 21:00:00,0.04044,0.0406,0.04004,0.04046,2889176.2
1767816000000,2026-01-07 22:00:00,0.04046,0.04051,0.0401,0.04024,704628.7
1767819600000,2026-01-07 23:00:00,0.04024,0.04046,0.0402,0.04025,536174.4
1767823200000,2026-01-08 00:00:00,0.04025,0.0406,0.04005,0.04017,923447.7
1767826800000,2026-01-08 01:00:00,0.04017,0.04073,0.04003,0.04069,2380439.4
1767830400000,2026-01-08 02:00:00,0.04069,0.04091,0.04042,0.04085,1575086.5
1767834000000,2026-01-08 03:00:00,0.04085,0.04115,0.04074,0.04113,2151175.8
1767837600000,2026-01-08 04:00:00,0.04113,0.04125,0.04074,0.04082,1547317.1
1767841200000,2026-01-08 05:00:00,0.04082,0.04118,0.04051,0.04065,2131461.3
1767844800000,2026-01-08 06:00:00,0.04065,0.04122,0.04061,0.04098,1381048.4
1767848400000,2026-01-08 07:00:00,0.04098,0.0415,0.04097,0.04101,1187518.5
1767852000000,2026-01-08 08:00:00,0.04101,0.04114,0.03999,0.04002,4892669.2
1767855600000,2026-01-08 09:00:00,0.04002,0.04077,0.03973,0.04071,6873185.9
1767859200000,2026-01-08 10:00:00,0.04071,0.04081,0.0399,0.03997,3350258.6
1767862800000,2026-01-08 11:00:00,0.03997,0.04015,0.03963,0.03968,2438977.4
1767866400000,2026-01-08 12:00:00,0.03968,0.04022,0.03942,0.04014,3730960.9
1767870000000,2026-01-08 13:00:00,0.04014,0.0402,0.03969,0.03988,3510503.2
1767873600000,2026-01-08 14:00:00,0.03988,0.03991,0.03945,0.03956,1614948.0
1767877200000,2026-01-08 15:00:00,0.03956,0.03968,0.03934,0.03945,1266029.0
1767880800000,2026-01-08 16:00:00,0.03945,0.0396,0.03893,0.03954,5480934.7
1767884400000,2026-01-08 17:00:00,0.03954,0.04086,0.03935,0.04079,2841313.4
1767888000000,2026-01-08 18:00:00,0.04079,0.0409,0.04018,0.04062,2135117.5
1767891600000,2026-01-08 19:00:00,0.04062,0.0408,0.04036,0.04073,1471732.5
1767895200000,2026-01-08 20:00:00,0.04073,0.04073,0.04026,0.04032,569852.7
1767898800000,2026-01-08 21:00:00,0.04032,0.04046,0.03999,0.04008,1125089.5
1767902400000,2026-01-08 22:00:00,0.04008,0.04008,0.03963,0.04003,2204528.1
1767906000000,2026-01-08 23:00:00,0.04003,0.04068,0.04,0.04061,1387644.9
1767909600000,2026-01-09 00:00:00,0.04061,0.04078,0.0402,0.04045,677790.7
1767913200000,2026-01-09 01:00:00,0.04045,0.04062,0.0404,0.04047,515501.5
1767916800000,2026-01-09 02:00:00,0.04047,0.04056,0.04037,0.04047,315715.3
1767920400000,2026-01-09 03:00:00,0.04047,0.04106,0.04021,0.0404,6675203.3
1767924000000,2026-01-09 04:00:00,0.0404,0.04088,0.04036,0.04045,3304880.7
1767927600000,2026-01-09 05:00:00,0.04045,0.04103,0.04042,0.04097,2310718.6
1767931200000,2026-01-09 06:00:00,0.04097,0.04105,0.04075,0.04089,2019973.1
1767934800000,2026-01-09 07:00:00,0.04089,0.04121,0.04088,0.04118,1039761.6
1767938400000,2026-01-09 08:00:00,0.04118,0.04154,0.04112,0.04147,1999165.8
1767942000000,2026-01-09 09:00:00,0.04147,0.04153,0.04118,0.04122,1261423.0
1767945600000,2026-01-09 10:00:00,0.04122,0.04165,0.04075,0.04103,4973808.2
1767949200000,2026-01-09 11:00:00,0.04103,0.04212,0.04103,0.04155,3677537.4
1767952800000,2026-01-09 12:00:00,0.04155,0.0418,0.04128,0.04163,2976072.3
1767956400000,2026-01-09 13:00:00,0.04163,0.04206,0.04143,0.04145,2641329.1
1767960000000,2026-01-09 14:00:00,0.04145,0.04236,0.04106,0.04226,9824466.2
1767963600000,2026-01-09 15:00:00,0.04226,0.04311,0.04199,0.04258,21071293.9
1767967200000,2026-01-09 16:00:00,0.04258,0.04266,0.04184,0.04218,10601639.9
1767970800000,2026-01-09 17:00:00,0.04218,0.04324,0.04171,0.04291,15675104.4
1767974400000,2026-01-09 18:00:00,0.04291,0.04501,0.04291,0.04384,25885482.7
1767978000000,2026-01-09 19:00:00,0.04384,0.04387,0.04249,0.04288,6666527.2
1767981600000,2026-01-09 20:00:00,0.04288,0.04296,0.04173,0.04226,6486188.6
1767985200000,2026-01-09 21:00:00,0.04226,0.04232,0.04162,0.04177,2977132.7
1767988800000,2026-01-09 22:00:00,0.04177,0.04225,0.0417,0.04188,2397167.6
1767992400000,2026-01-09 23:00:00,0.04188,0.04238,0.0417,0.04232,2589997.6
1767996000000,2026-01-10 00:00:00,0.04232,0.04284,0.04226,0.0427,2268729.7
1767999600000,2026-01-10 01:00:00,0.0427,0.04294,0.04224,0.04246,2176932.4
1768003200000,2026-01-10 02:00:00,0.04246,0.04247,0.04179,0.04188,2554084.9
1768006800000,2026-01-10 03:00:00,0.04188,0.04228,0.04181,0.04221,1929094.3
1768010400000,2026-01-10 04:00:00,0.04221,0.04224,0.04131,0.04149,3028311.2
1768014000000,2026-01-10 05:00:00,0.04149,0.04155,0.04127,0.04151,3320576.0
1768017600000,2026-01-10 06:00:00,0.04151,0.04151,0.04116,0.04127,1374158.4
1768021200000,2026-01-10 07:00:00,0.04127,0.04147,0.04109,0.04109,2660650.9
1768024800000,2026-01-10 08:00:00,0.04109,0.04136,0.04092,0.04115,1372666.9
1768028400000,2026-01-10 09:00:00,0.04115,0.04164,0.04114,0.0414,2965609.8
1768032000000,2026-01-10 10:00:00,0.0414,0.04155,0.04129,0.04151,1046413.3
1768035600000,2026-01-10 11:00:00,0.04151,0.04174,0.0415,0.04163,1137255.3
1768039200000,2026-01-10 12:00:00,0.04163,0.04187,0.04148,0.04179,1837230.7
1768042800000,2026-01-10 13:00:00,0.04179,0.04209,0.04166,0.04209,2164478.3
1768046400000,2026-01-10 14:00:00,0.04209,0.04251,0.04193,0.04242,4498536.8
1768050000000,2026-01-10 15:00:00,0.04242,0.04264,0.04219,0.04225,1968671.0
1768053600000,2026-01-10 16:00:00,0.04225,0.04251,0.04205,0.04249,2465507.1
1768057200000,2026-01-10 17:00:00,0.04249,0.04265,0.04233,0.04233,1223176.7
1768060800000,2026-01-10 18:00:00,0.04233,0.04233,0.04191,0.04211,2073743.5
1768064400000,2026-01-10 19:00:00,0.04211,0.04242,0.04196,0.04199,1477734.7
1768068000000,2026-01-10 20:00:00,0.04199,0.0421,0.04183,0.042,1610803.1
1768071600000,2026-01-10 21:00:00,0.042,0.04259,0.04196,0.0425,1595710.1
1768075200000,2026-01-10 22:00:00,0.0425,0.0428,0.04229,0.04236,2611831.5
1768078800000,2026-01-10 23:00:00,0.04236,0.0425,0.04206,0.04209,2933579.4
1768082400000,2026-01-11 00:00:00,0.04209,0.04209,0.04142,0.04146,2392116.1
1768086000000,2026-01-11 01:00:00,0.04146,0.04164,0.04131,0.04154,1712209.4
1768089600000,2026-01-11 02:00:00,0.04154,0.04171,0.04139,0.04149,1172485.3
1768093200000,2026-01-11 03:00:00,0.04149,0.04166,0.04122,0.0416,3082722.6
1768096800000,2026-01-11 04:00:00,0.0416,0.04174,0.04145,0.04155,1044017.7
1768100400000,2026-01-11 05:00:00,0.04155,0.04188,0.04155,0.04182,884378.0
1768104000000,2026-01-11 06:00:00,0.04182,0.04189,0.04153,0.04188,1109844.3
1768107600000,2026-01-11 07:00:00,0.04188,0.04188,0.04149,0.04159,1789725.5
1768111200000,2026-01-11 08:00:00,0.04159,0.0417,0.04132,0.04164,1117185.6
1768114800000,2026-01-11 09:00:00,0.04164,0.04167,0.0415,0.04164,790164.4
1768118400000,2026-01-11 10:00:00,0.04164,0.04179,0.04151,0.04171,899182.3
1768122000000,2026-01-11 11:00:00,0.04171,0.04194,0.04166,0.04176,835455.2
1768125600000,2026-01-11 12:00:00,0.04176,0.04186,0.04161,0.04179,385001.0
1768129200000,2026-01-11 13:00:00,0.04179,0.04207,0.04175,0.04207,1121822.2
1768132800000,2026-01-11 14:00:00,0.04207,0.04303,0.04205,0.043,3155200.0
1768136400000,2026-01-11 15:00:00,0.043,0.04324,0.04241,0.0425,5088376.2
1768140000000,2026-01-11 16:00:00,0.0425,0.04323,0.04242,0.04304,2070747.4
1768143600000,2026-01-11 17:00:00,0.04304,0.04313,0.04174,0.04194,3196235.5
1768147200000,2026-01-11 18:00:00,0.04194,0.04269,0.04181,0.04246,4162857.1
1768150800000,2026-01-11 19:00:00,0.04246,0.04307,0.04227,0.04296,3321598.9
1768154400000,2026-01-11 20:00:00,0.04296,0.043,0.04246,0.04258,2207618.0
1768158000000,2026-01-11 21:00:00,0.04258,0.0429,0.04256,0.04258,2121487.3
1768161600000,2026-01-11 22:00:00,0.04258,0.04261,0.04178,0.04195,3020011.9
1768165200000,2026-01-11 23:00:00,0.04195,0.04207,0.04139,0.04196,6634217.0
1768168800000,2026-01-12 00:00:00,0.04196,0.04196,0.04134,0.04141,3725613.9
1768172400000,2026-01-12 01:00:00,0.04141,0.04183,0.04098,0.0417,3667280.8
1768176000000,2026-01-12 02:00:00,0.0417,0.04207,0.04108,0.04184,6219044.2
1768179600000,2026-01-12 03:00:00,0.04184,0.04227,0.04172,0.04202,5495883.7
1768183200000,2026-01-12 04:00:00,0.04202,0.04294,0.04202,0.0428,4169111.5
1768186800000,2026-01-12 05:00:00,0.0428,0.04314,0.04227,0.04233,4455052.1
1768190400000,2026-01-12 06:00:00,0.04233,0.04282,0.04223,0.04281,2841871.1
1768194000000,2026-01-12 07:00:00,0.04281,0.04296,0.04256,0.04269,2610310.7
1768197600000,2026-01-12 08:00:00,0.04269,0.04276,0.04206,0.04223,1343099.4
1768201200000,2026-01-12 09:00:00,0.04223,0.04243,0.04141,0.0415,2861850.6
1768204800000,2026-01-12 10:00:00,0.0415,0.04172,0.04097,0.04135,5188620.2
1768208400000,2026-01-12 11:00:00,0.04135,0.04152,0.04113,0.04117,2036902.5
1768212000000,2026-01-12 12:00:00,0.04117,0.04136,0.0411,0.04115,1240358.7
1768215600000,2026-01-12 13:00:00,0.04115,0.04154,0.04112,0.04148,1458374.9
1768219200000,2026-01-12 14:00:00,0.04148,0.04167,0.04134,0.04149,1788082.4
1768222800000,2026-01-12 15:00:00,0.04149,0.0417,0.04105,0.04126,3092412.4
1768226400000,2026-01-12 16:00:00,0.04126,0.04206,0.04057,0.04199,13073997.8
1768230000000,2026-01-12 17:00:00,0.04199,0.04309,0.04176,0.04285,11908765.2
1768233600000,2026-01-12 18:00:00,0.04285,0.04289,0.04222,0.04245,6121661.1
1768237200000,2026-01-12 19:00:00,0.04245,0.04262,0.04169,0.0419,4983464.9
1768240800000,2026-01-12 20:00:00,0.0419,0.04224,0.04139,0.04139,3577736.5
1768244400000,2026-01-12 21:00:00,0.04139,0.04174,0.04114,0.04162,6657620.4
1768248000000,2026-01-12 22:00:00,0.04162,0.04193,0.04106,0.04114,3454190.8
1768251600000,2026-01-12 23:00:00,0.04114,0.04125,0.04055,0.04074,4189049.8
1768255200000,2026-01-13 00:00:00,0.04074,0.041,0.04057,0.04057,1943877.2
1768258800000,2026-01-13 01:00:00,0.04057,0.04071,0.04031,0.04062,2404206.0
1768262400000,2026-01-13 02:00:00,0.04062,0.04078,0.04049,0.04072,3216435.7
1768266000000,2026-01-13 03:00:00,0.04072,0.0409,0.04057,0.04068,1548095.9
1768269600000,2026-01-13 04:00:00,0.04068,0.04106,0.04063,0.04063,1231198.8
1768273200000,2026-01-13 05:00:00,0.04063,0.04105,0.04053,0.04102,2273233.8
1768276800000,2026-01-13 06:00:00,0.04102,0.04125,0.0409,0.04124,1097473.3
1768280400000,2026-01-13 07:00:00,0.04124,0.04185,0.04124,0.04136,2456837.4
1768284000000,2026-01-13 08:00:00,0.04136,0.04184,0.04136,0.04178,2181759.6
1768287600000,2026-01-13 09:00:00,0.04178,0.04181,0.04127,0.04134,1359808.4
1768291200000,2026-01-13 10:00:00,0.04134,0.04177,0.04128,0.04171,1789393.6
1768294800000,2026-01-13 11:00:00,0.04171,0.04199,0.04168,0.04176,2863670.7
1768298400000,2026-01-13 12:00:00,0.04176,0.04216,0.04176,0.04208,1635509.4
1768302000000,2026-01-13 13:00:00,0.04208,0.04233,0.04184,0.04214,1321500.2
1768305600000,2026-01-13 14:00:00,0.04214,0.04248,0.04203,0.04237,1527665.0
1768309200000,2026-01-13 15:00:00,0.04237,0.04276,0.04223,0.0426,7267962.8
1768312800000,2026-01-13 16:00:00,0.0426,0.04314,0.04241,0.04255,5760094.9
1768316400000,2026-01-13 17:00:00,0.04255,0.04282,0.0421,0.04275,4413207.4
1768320000000,2026-01-13 18:00:00,0.04275,0.0435,0.04263,0.04325,8551379.0
1768323600000,2026-01-13 19:00:00,0.04325,0.04334,0.04258,0.04281,2955160.1
1768327200000,2026-01-13 20:00:00,0.04281,0.043,0.04269,0.04287,2103177.7
1768330800000,2026-01-13 21:00:00,0.04287,0.0431,0.04262,0.04302,964077.6
1768334400000,2026-01-13 22:00:00,0.04302,0.04317,0.04259,0.0428,2446126.0
1768338000000,2026-01-13 23:00:00,0.0428,0.043,0.04269,0.04284,1377302.3
1768341600000,2026-01-14 00:00:00,0.04284,0.04431,0.0428,0.04408,6052048.6
1768345200000,2026-01-14 01:00:00,0.04408,0.04422,0.04339,0.04352,2460309.5
1768348800000,2026-01-14 02:00:00,0.04352,0.04389,0.04347,0.04379,3577645.1
1768352400000,2026-01-14 03:00:00,0.04379,0.0439,0.04335,0.04337,2974277.2
1768356000000,2026-01-14 04:00:00,0.04337,0.04343,0.04306,0.04314,2131862.1
1768359600000,2026-01-14 05:00:00,0.04314,0.04336,0.04294,0.04333,2660998.4
1768363200000,2026-01-14 06:00:00,0.04333,0.04337,0.04298,0.0431,1892584.4
1768366800000,2026-01-14 07:00:00,0.0431,0.04314,0.04275,0.04302,905594.2
1768370400000,2026-01-14 08:00:00,0.04302,0.04336,0.04282,0.04332,1501963.7
1768374000000,2026-01-14 09:00:00,0.04332,0.04333,0.04298,0.04307,1165940.4
1768377600000,2026-01-14 10:00:00,0.04307,0.04328,0.043,0.04307,640944.3
1768381200000,2026-01-14 11:00:00,0.04307,0.04345,0.04307,0.04336,3602312.0
1768384800000,2026-01-14 12:00:00,0.04336,0.04342,0.0429,0.04298,2588255.9
1768388400000,2026-01-14 13:00:00,0.04298,0.043,0.0426,0.04281,2917587.2
1768392000000,2026-01-14 14:00:00,0.04281,0.04318,0.04277,0.043,1066539.0
1768395600000,2026-01-14 15:00:00,0.043,0.0431,0.04254,0.04257,2139425.6
1768399200000,2026-01-14 16:00:00,0.04257,0.04332,0.04255,0.04309,3619250.2
1768402800000,2026-01-14 17:00:00,0.04309,0.04343,0.04281,0.04321,3183866.3
1768406400000,2026-01-14 18:00:00,0.04321,0.04365,0.04309,0.04317,4613901.5
1768410000000,2026-01-14 19:00:00,0.04317,0.04334,0.04273,0.04284,1843489.5
1768413600000,2026-01-14 20:00:00,0.04284,0.04295,0.04195,0.04225,4533850.1
1768417200000,2026-01-14 21:00:00,0.04225,0.04301,0.04211,0.04254,5366180.1
1768420800000,2026-01-14 22:00:00,0.04254,0.04279,0.04223,0.04238,2832540.4
1768424400000,2026-01-14 23:00:00,0.04238,0.04252,0.04217,0.04233,1610610.5
1768428000000,2026-01-15 00:00:00,0.04233,0.04235,0.04188,0.04205,2997690.1
1768431600000,2026-01-15 01:00:00,0.04205,0.04243,0.04205,0.04213,986775.8
1768435200000,2026-01-15 02:00:00,0.04213,0.04222,0.04192,0.04209,1133939.4
1768438800000,2026-01-15 03:00:00,0.04209,0.04227,0.04189,0.04196,1406372.6
1768442400000,2026-01-15 04:00:00,0.04196,0.04212,0.04167,0.04178,1141111.1
1768446000000,2026-01-15 05:00:00,0.04178,0.04188,0.04112,0.04118,4734043.0
1768449600000,2026-01-15 06:00:00,0.04118,0.04153,0.0411,0.04148,2671834.9
1768453200000,2026-01-15 07:00:00,0.04148,0.04176,0.04145,0.04162,1179781.6
1768456800000,2026-01-15 08:00:00,0.04162,0.04171,0.04144,0.0415,1845817.1
1768460400000,2026-01-15 09:00:00,0.0415,0.04202,0.04147,0.04185,1398293.1
1768464000000,2026-01-15 10:00:00,0.04185,0.04191,0.04169,0.04191,828514.6
1768467600000,2026-01-15 11:00:00,0.04191,0.04229,0.04168,0.04214,1424271.9
1768471200000,2026-01-15 12:00:00,0.04214,0.04219,0.04185,0.04199,739316.1
1768474800000,2026-01-15 13:00:00,0.04199,0.04202,0.04166,0.04172,946820.4
1768478400000,2026-01-15 14:00:00,0.04172,0.04205,0.0417,0.04203,790269.3
1768482000000,2026-01-15 15:00:00,0.04203,0.04212,0.04187,0.04189,605305.8
1768485600000,2026-01-15 16:00:00,0.04189,0.04197,0.04108,0.0413,4127769.0
1768489200000,2026-01-15 17:00:00,0.0413,0.04146,0.04025,0.04096,8700153.1
1768492800000,2026-01-15 18:00:00,0.04096,0.0412,0.04062,0.0411,2525385.4
1768496400000,2026-01-15 19:00:00,0.0411,0.04119,0.04059,0.04065,2317351.3
1768500000000,2026-01-15 20:00:00,0.04065,0.04073,0.04012,0.04026,5234933.6
1768503600000,2026-01-15 21:00:00,0.04026,0.0406,0.04,0.04054,3365589.9
1768507200000,2026-01-15 22:00:00,0.04054,0.04074,0.04017,0.04022,1977212.3
1768510800000,2026-01-15 23:00:00,0.04022,0.04057,0.04021,0.04053,904434.4
1768514400000,2026-01-16 00:00:00,0.04053,0.04093,0.04053,0.04079,949087.1
1768518000000,2026-01-16 01:00:00,0.04079,0.04089,0.0407,0.04079,2055604.1
1768521600000,2026-01-16 02:00:00,0.04079,0.04093,0.04071,0.04071,867367.4
1768525200000,2026-01-16 03:00:00,0.04071,0.04081,0.04063,0.04066,498096.0
1768528800000,2026-01-16 04:00:00,0.04066,0.04097,0.04041,0.0409,1646691.8
1768532400000,2026-01-16 05:00:00,0.0409,0.04096,0.04057,0.04066,891084.6
1768536000000,2026-01-16 06:00:00,0.04066,0.04079,0.04029,0.04043,1695751.9
1768539600000,2026-01-16 07:00:00,0.04043,0.04088,0.04041,0.04068,1221738.5
1768543200000,2026-01-16 08:00:00,0.04068,0.04083,0.04052,0.04081,630904.7
1768546800000,2026-01-16 09:00:00,0.04081,0.04099,0.0407,0.04072,1749545.5
1768550400000,2026-01-16 10:00:00,0.04072,0.04089,0.0407,0.04074,1491154.1
1768554000000,2026-01-16 11:00:00,0.04074,0.04079,0.04052,0.0406,1833745.8
1768557600000,2026-01-16 12:00:00,0.0406,0.0407,0.04036,0.04042,2445117.8
1768561200000,2026-01-16 13:00:00,0.04042,0.0405,0.04021,0.04044,5396249.6
1768564800000,2026-01-16 14:00:00,0.04044,0.04052,0.04033,0.04042,1175670.4
1768568400000,2026-01-16 15:00:00,0.04042,0.04043,0.04013,0.04019,1096075.7
1768572000000,2026-01-16 16:00:00,0.04019,0.04043,0.04012,0.0402,1536999.2
1768575600000,2026-01-16 17:00:00,0.0402,0.04045,0.03928,0.03958,11708256.8
1768579200000,2026-01-16 18:00:00,0.03958,0.04012,0.03949,0.03993,2750198.5
1768582800000,2026-01-16 19:00:00,0.03993,0.04022,0.03967,0.04022,2015565.9
1768586400000,2026-01-16 20:00:00,0.04022,0.04031,0.04006,0.04012,838977.6
1768590000000,2026-01-16 21:00:00,0.04012,0.04028,0.03986,0.04024,915187.4
1768593600000,2026-01-16 22:00:00,0.04024,0.0414,0.03998,0.04134,2636714.1
1768597200000,2026-01-16 23:00:00,0.04134,0.04189,0.04123,0.04174,4253512.2
1768600800000,2026-01-17 00:00:00,0.04174,0.042,0.04153,0.04159,4555099.3
1768604400000,2026-01-17 01:00:00,0.04159,0.04164,0.04128,0.04144,2502306.9
1768608000000,2026-01-17 02:00:00,0.04144,0.04207,0.04132,0.04197,2391212.5
1768611600000,2026-01-17 03:00:00,0.04197,0.04247,0.04191,0.04228,3306095.4
1768615200000,2026-01-17 04:00:00,0.04228,0.04263,0.04192,0.04225,2418623.9
1768618800000,2026-01-17 05:00:00,0.04225,0.04281,0.04217,0.04277,3347514.3
1768622400000,2026-01-17 06:00:00,0.04277,0.04338,0.0426,0.04331,5300625.0
1768626000000,2026-01-17 07:00:00,0.04331,0.0437,0.0431,0.0431,7311527.6
1768629600000,2026-01-17 08:00:00,0.0431,0.04363,0.0431,0.04315,3828867.4
1768633200000,2026-01-17 09:00:00,0.04315,0.04336,0.04291,0.04323,2383704.3
1768636800000,2026-01-17 10:00:00,0.04323,0.04393,0.0432,0.04366,7909190.8
1768640400000,2026-01-17 11:00:00,0.04366,0.04453,0.04366,0.04414,9804463.3
1768644000000,2026-01-17 12:00:00,0.04414,0.04473,0.04401,0.04409,6393008.3
1768647600000,2026-01-17 13:00:00,0.04409,0.0441,0.04359,0.04365,4799901.8
1768651200000,2026-01-17 14:00:00,0.04365,0.04428,0.0436,0.04392,7891531.2
1768654800000,2026-01-17 15:00:00,0.04392,0.04417,0.04362,0.04375,2066668.0
1768658400000,2026-01-17 16:00:00,0.04375,0.04427,0.04337,0.04416,6169010.3
1768662000000,2026-01-17 17:00:00,0.04416,0.04416,0.04344,0.04371,4582851.7
1768665600000,2026-01-17 18:00:00,0.04371,0.04375,0.04311,0.04343,2524689.1
1768669200000,2026-01-17 19:00:00,0.04343,0.04369,0.04333,0.04351,1342827.2
1768672800000,2026-01-17 20:00:00,0.04351,0.04363,0.04328,0.04359,902110.7
1768676400000,2026-01-17 21:00:00,0.04359,0.04376,0.04332,0.04345,1360655.0
1768680000000,2026-01-17 22:00:00,0.04345,0.04356,0.04313,0.04318,1052459.7
1768683600000,2026-01-17 23:00:00,0.04318,0.04321,0.04302,0.04314,1310842.8
1768687200000,2026-01-18 00:00:00,0.04314,0.04317,0.04255,0.04278,4245674.0
1768690800000,2026-01-18 01:00:00,0.04278,0.04284,0.04257,0.04267,1810003.7
1768694400000,2026-01-18 02:00:00,0.04267,0.04337,0.04251,0.04297,3968055.6
1768698000000,2026-01-18 03:00:00,0.04297,0.04305,0.04228,0.04246,4200343.5
1768701600000,2026-01-18 04:00:00,0.04246,0.04262,0.04219,0.04235,1660872.5
1768705200000,2026-01-18 05:00:00,0.04235,0.04244,0.04208,0.04213,2544721.3
1768708800000,2026-01-18 06:00:00,0.04213,0.04227,0.04201,0.04223,1076162.4
1768712400000,2026-01-18 07:00:00,0.04223,0.04228,0.04205,0.04224,1729057.9
1768716000000,2026-01-18 08:00:00,0.04224,0.04235,0.04207,0.04212,548017.1
1768719600000,2026-01-18 09:00:00,0.04212,0.04244,0.04186,0.0424,1606384.9
1768723200000,2026-01-18 10:00:00,0.0424,0.0428,0.04223,0.04276,3369383.8
1768726800000,2026-01-18 11:00:00,0.04276,0.04289,0.04233,0.04243,2142231.7
1768730400000,2026-01-18 12:00:00,0.04243,0.04265,0.04228,0.04243,927813.7
1768734000000,2026-01-18 13:00:00,0.04243,0.04244,0.04219,0.04223,654916.8
1768737600000,2026-01-18 14:00:00,0.04223,0.04233,0.04199,0.04207,1269446.0
1768741200000,2026-01-18 15:00:00,0.04207,0.04216,0.04182,0.04197,2132735.8
1768744800000,2026-01-18 16:00:00,0.04197,0.0423,0.04179,0.04182,1597260.3
1768748400000,2026-01-18 17:00:00,0.04182,0.04233,0.04174,0.04233,901994.8
1768752000000,2026-01-18 18:00:00,0.04233,0.04251,0.04212,0.04212,649977.3
1768755600000,2026-01-18 19:00:00,0.04212,0.04237,0.04206,0.04235,832611.9
1768759200000,2026-01-18 20:00:00,0.04235,0.04292,0.04227,0.04274,2024703.6
1768762800000,2026-01-18 21:00:00,0.04274,0.04283,0.04239,0.04259,762913.3
1768766400000,2026-01-18 22:00:00,0.04259,0.04288,0.04247,0.0426,1472853.3
1768770000000,2026-01-18 23:00:00,0.0426,0.04274,0.04256,0.04262,805849.4
1768773600000,2026-01-19 00:00:00,0.04262,0.04279,0.04255,0.04264,567464.4
1768777200000,2026-01-19 01:00:00,0.04264,0.04264,0.04023,0.0403,15434036.1
1768780800000,2026-01-19 02:00:00,0.0403,0.0403,0.03445,0.03803,68556415.8
1768784400000,2026-01-19 03:00:00,0.03803,0.03826,0.03774,0.03787,6046774.0
1768788000000,2026-01-19 04:00:00,0.03787,0.03827,0.0378,0.03798,3797658.1
1768791600000,2026-01-19 05:00:00,0.03798,0.03866,0.03792,0.03853,3310844.9
1768795200000,2026-01-19 06:00:00,0.03853,0.0387,0.03798,0.03798,3691918.5
1768798800000,2026-01-19 07:00:00,0.03798,0.03805,0.03761,0.03799,7497507.0
1768802400000,2026-01-19 08:00:00,0.03799,0.038,0.0377,0.03777,2113018.6
1768806000000,2026-01-19 09:00:00,0.03777,0.03802,0.03772,0.03787,1545537.0
1768809600000,2026-01-19 10:00:00,0.03787,0.03808,0.03775,0.03784,6017645.1
1768813200000,2026-01-19 11:00:00,0.03784,0.03798,0.03771,0.03775,3114298.5
1768816800000,2026-01-19 12:00:00,0.03775,0.03777,0.03736,0.03751,3141364.0
1768820400000,2026-01-19 13:00:00,0.03751,0.03771,0.03746,0.03749,1560454.2
1768824000000,2026-01-19 14:00:00,0.03749,0.03758,0.03715,0.03721,3427704.7
1768827600000,2026-01-19 15:00:00,0.03721,0.03749,0.03719,0.03741,1654884.0
1768831200000,2026-01-19 16:00:00,0.03741,0.0379,0.0374,0.03775,2290712.0
1768834800000,2026-01-19 17:00:00,0.03775,0.03786,0.03748,0.03757,2321964.4
1768838400000,2026-01-19 18:00:00,0.03757,0.03821,0.03751,0.03818,4297655.7
1768842000000,2026-01-19 19:00:00,0.03818,0.03823,0.03788,0.03799,1524376.8
1768845600000,2026-01-19 20:00:00,0.03799,0.03838,0.03792,0.03837,970369.7
1768849200000,2026-01-19 21:00:00,0.03837,0.03905,0.03837,0.03868,3605565.0
1768852800000,2026-01-19 22:00:00,0.03868,0.03887,0.03842,0.03852,1344432.1
1768856400000,2026-01-19 23:00:00,0.03852,0.03859,0.03811,0.03815,898897.4
1768860000000,2026-01-20 00:00:00,0.03815,0.03833,0.03796,0.03796,1864553.3
1768863600000,2026-01-20 01:00:00,0.03796,0.03877,0.03795,0.03856,2623224.1
1768867200000,2026-01-20 02:00:00,0.03856,0.0386,0.03834,0.03852,2317568.3
1768870800000,2026-01-20 03:00:00,0.03852,0.03904,0.03832,0.03869,4741118.5
1768874400000,2026-01-20 04:00:00,0.03869,0.03887,0.03843,0.03879,1159772.3
1768878000000,2026-01-20 05:00:00,0.03879,0.03891,0.03832,0.03859,2088300.9
1768881600000,2026-01-20 06:00:00,0.03859,0.03873,0.03839,0.03856,2140742.2
1768885200000,2026-01-20 07:00:00,0.03856,0.03875,0.03823,0.03831,4824060.0
1768888800000,2026-01-20 08:00:00,0.03831,0.03832,0.03775,0.03783,3579157.5
1768892400000,2026-01-20 09:00:00,0.03783,0.03807,0.03735,0.03735,4149566.3
1768896000000,2026-01-20 10:00:00,0.03735,0.03744,0.03699,0.03719,3957827.5
1768899600000,2026-01-20 11:00:00,0.03719,0.03731,0.0369,0.03715,1411297.8
1768903200000,2026-01-20 12:00:00,0.03715,0.03749,0.0371,0.03715,1407814.2
1768906800000,2026-01-20 13:00:00,0.03715,0.03723,0.03676,0.0368,2144115.3
1768910400000,2026-01-20 14:00:00,0.0368,0.0374,0.03678,0.03722,1987801.7
1768914000000,2026-01-20 15:00:00,0.03722,0.03722,0.03658,0.03668,1409336.0
1768917600000,2026-01-20 16:00:00,0.03668,0.0374,0.03666,0.03701,2608807.4
1768921200000,2026-01-20 17:00:00,0.03701,0.03707,0.03644,0.03688,6468441.8
1768924800000,2026-01-20 18:00:00,0.03688,0.03702,0.03635,0.03648,1854267.5
1768928400000,2026-01-20 19:00:00,0.03648,0.0368,0.03615,0.0363,1900121.8
1768932000000,2026-01-20 20:00:00,0.0363,0.03641,0.03605,0.03622,1600398.4
1768935600000,2026-01-20 21:00:00,0.03622,0.03644,0.03612,0.03629,665381.8
1768939200000,2026-01-20 22:00:00,0.03629,0.03671,0.03609,0.03669,1320891.2
1768942800000,2026-01-20 23:00:00,0.03669,0.03673,0.03632,0.03636,560752.4
1768946400000,2026-01-21 00:00:00,0.03636,0.0364,0.0357,0.03626,2637115.4
1768950000000,2026-01-21 01:00:00,0.03626,0.03628,0.03593,0.03601,1393494.2
1768953600000,2026-01-21 02:00:00,0.03601,0.03686,0.03598,0.03686,2675780.3
1768957200000,2026-01-21 03:00:00,0.03686,0.03708,0.03682,0.03691,1172549.8
1768960800000,2026-01-21 04:00:00,0.03691,0.03727,0.03691,0.03714,1122852.0
1768964400000,2026-01-21 05:00:00,0.03714,0.03723,0.03699,0.03702,1500070.4
1768968000000,2026-01-21 06:00:00,0.03702,0.03707,0.03687,0.03705,724229.3
1768971600000,2026-01-21 07:00:00,0.03705,0.0373,0.03704,0.0372,822841.4
1768975200000,2026-01-21 08:00:00,0.0372,0.03737,0.03714,0.0372,2020816.6
1768978800000,2026-01-21 09:00:00,0.0372,0.03731,0.03707,0.03714,848767.1
1768982400000,2026-01-21 10:00:00,0.03714,0.03718,0.03673,0.03697,835108.6
1768986000000,2026-01-21 11:00:00,0.03697,0.03715,0.03683,0.03712,1474622.7
1768989600000,2026-01-21 12:00:00,0.03712,0.03732,0.03699,0.03704,947116.6
1768993200000,2026-01-21 13:00:00,0.03704,0.03722,0.03667,0.03673,1218339.5
1768996800000,2026-01-21 14:00:00,0.03673,0.03675,0.03611,0.03666,2751787.2
1769000400000,2026-01-21 15:00:00,0.03666,0.03679,0.03631,0.03641,1366062.8
1769004000000,2026-01-21 16:00:00,0.03641,0.0375,0.03638,0.0374,5755528.8
1769007600000,2026-01-21 17:00:00,0.0374,0.0377,0.03717,0.03749,3191955.7
1769011200000,2026-01-21 18:00:00,0.03749,0.03756,0.0359,0.03593,3267777.2
1769014800000,2026-01-21 19:00:00,0.03593,0.03636,0.03571,0.03615,2378564.0
1769018400000,2026-01-21 20:00:00,0.03615,0.03657,0.036,0.03642,923127.7
1769022000000,2026-01-21 21:00:00,0.03642,0.03776,0.03623,0.03771,4472305.7
1769025600000,2026-01-21 22:00:00,0.03771,0.03781,0.03712,0.0376,2041782.8
1769029200000,2026-01-21 23:00:00,0.0376,0.0378,0.03746,0.03762,1026136.2
1769032800000,2026-01-22 00:00:00,0.03762,0.03778,0.03716,0.03722,585670.9
1769036400000,2026-01-22 01:00:00,0.03722,0.03726,0.03657,0.03675,1141512.2
1769040000000,2026-01-22 02:00:00,0.03675,0.03731,0.03675,0.0372,1864665.0
1769043600000,2026-01-22 03:00:00,0.0372,0.03778,0.03716,0.03775,868170.2
1769047200000,2026-01-22 04:00:00,0.03775,0.03787,0.03754,0.03758,1096989.4
1769050800000,2026-01-22 05:00:00,0.03758,0.03768,0.03715,0.03726,633013.5
1769054400000,2026-01-22 06:00:00,0.03726,0.03731,0.03712,0.0372,494199.1
1769058000000,2026-01-22 07:00:00,0.0372,0.03731,0.0369,0.03693,419744.1
1769061600000,2026-01-22 08:00:00,0.03693,0.03705,0.03665,0.03698,523669.9
1769065200000,2026-01-22 09:00:00,0.03698,0.037,0.03668,0.03684,693703.7
1769068800000,2026-01-22 10:00:00,0.03684,0.03699,0.0367,0.03691,367892.4
1769072400000,2026-01-22 11:00:00,0.03691,0.03717,0.03691,0.03698,576534.4
1769076000000,2026-01-22 12:00:00,0.03698,0.03698,0.03681,0.03684,882776.2
1769079600000,2026-01-22 13:00:00,0.03684,0.03684,0.03653,0.03659,1035781.6
1769083200000,2026-01-22 14:00:00,0.03659,0.03659,0.03642,0.03649,861024.9
1769086800000,2026-01-22 15:00:00,0.03649,0.03679,0.03636,0.03645,1355421.1
1769090400000,2026-01-22 16:00:00,0.03645,0.03647,0.03581,0.0359,2802942.5
1769094000000,2026-01-22 17:00:00,0.0359,0.03639,0.03561,0.03615,3303689.1
1769097600000,2026-01-22 18:00:00,0.03615,0.03678,0.03614,0.03663,1304876.3
1769101200000,2026-01-22 19:00:00,0.03663,0.03687,0.03646,0.03681,852367.5
1769104800000,2026-01-22 20:00:00,0.03681,0.03682,0.03647,0.03647,1929125.6
1769108400000,2026-01-22 21:00:00,0.03647,0.03672,0.03634,0.03657,818124.8
1769112000000,2026-01-22 22:00:00,0.03657,0.03665,0.03618,0.03633,809605.4
1769115600000,2026-01-22 23:00:00,0.03633,0.03656,0.03627,0.03634,930509.3
1769119200000,2026-01-23 00:00:00,0.03634,0.03649,0.03627,0.03637,695738.9
1769122800000,2026-01-23 01:00:00,0.03637,0.03646,0.03611,0.03643,605831.8
1769126400000,2026-01-23 02:00:00,0.03643,0.03666,0.0364,0.03655,1543303.1
1769130000000,2026-01-23 03:00:00,0.03655,0.03704,0.03654,0.03702,478439.4
1769133600000,2026-01-23 04:00:00,0.03702,0.0371,0.0368,0.0368,560111.1
1769137200000,2026-01-23 05:00:00,0.0368,0.03738,0.03679,0.03724,673226.8
1769140800000,2026-01-23 06:00:00,0.03724,0.03765,0.03719,0.03763,709151.2
1769144400000,2026-01-23 07:00:00,0.03763,0.03763,0.03712,0.03724,959758.2
1769148000000,2026-01-23 08:00:00,0.03724,0.03733,0.03696,0.03697,1737270.1
1769151600000,2026-01-23 09:00:00,0.03697,0.03703,0.03685,0.03692,399651.0
1769155200000,2026-01-23 10:00:00,0.03692,0.03705,0.03645,0.03657,1469572.8
1769158800000,2026-01-23 11:00:00,0.03657,0.03672,0.03646,0.03661,1240584.0
1769162400000,2026-01-23 12:00:00,0.03661,0.03671,0.03649,0.03662,413381.1
1769166000000,2026-01-23 13:00:00,0.03662,0.03695,0.0366,0.0369,967085.3
1769169600000,2026-01-23 14:00:00,0.0369,0.03703,0.03681,0.03696,1257505.2
1769173200000,2026-01-23 15:00:00,0.03696,0.03731,0.03694,0.03709,3375240.1
1769176800000,2026-01-23 16:00:00,0.03709,0.03709,0.03596,0.0362,10009338.5
1769180400000,2026-01-23 17:00:00,0.0362,0.03701,0.03606,0.03701,4399281.0
1769184000000,2026-01-23 18:00:00,0.03701,0.03715,0.03648,0.03691,1759056.5
1769187600000,2026-01-23 19:00:00,0.03691,0.03757,0.03664,0.03708,5359543.5
1769191200000,2026-01-23 20:00:00,0.03708,0.03739,0.03693,0.03698,2214020.1
1769194800000,2026-01-23 21:00:00,0.03698,0.03698,0.03641,0.03659,3373173.3
1769198400000,2026-01-23 22:00:00,0.03659,0.0368,0.03625,0.03648,4553425.7
1769202000000,2026-01-23 23:00:00,0.03648,0.03686,0.03645,0.03667,785361.4
1769205600000,2026-01-24 00:00:00,0.03667,0.03681,0.03658,0.03677,728135.5
1769209200000,2026-01-24 01:00:00,0.03677,0.03677,0.03654,0.03666,280626.7
1769212800000,2026-01-24 02:00:00,0.03666,0.03695,0.03663,0.0367,1094870.4
1769216400000,2026-01-24 03:00:00,0.0367,0.0368,0.03659,0.03679,466534.4
1769220000000,2026-01-24 04:00:00,0.03679,0.03681,0.0367,0.03674,290094.2
1769223600000,2026-01-24 05:00:00,0.03674,0.03688,0.03666,0.0367,571229.7
1769227200000,2026-01-24 06:00:00,0.0367,0.03678,0.0366,0.0367,484844.5
1769230800000,2026-01-24 07:00:00,0.0367,0.0367,0.03653,0.03669,570667.0
1769234400000,2026-01-24 08:00:00,0.03669,0.03686,0.03665,0.03682,414455.5
1769238000000,2026-01-24 09:00:00,0.03682,0.03692,0.03673,0.03679,988394.0
1769241600000,2026-01-24 10:00:00,0.03679,0.037,0.03669,0.03693,418699.8
1769245200000,2026-01-24 11:00:00,0.03693,0.03693,0.03658,0.03661,286833.3
1769248800000,2026-01-24 12:00:00,0.03661,0.03668,0.03654,0.03667,488121.6
1769252400000,2026-01-24 13:00:00,0.03667,0.03678,0.03658,0.03678,362422.8
1769256000000,2026-01-24 14:00:00,0.03678,0.03683,0.0367,0.03673,490077.0
1769259600000,2026-01-24 15:00:00,0.03673,0.03673,0.03646,0.03646,337880.0
1769263200000,2026-01-24 16:00:00,0.03646,0.03659,0.0364,0.03644,314774.2
1769266800000,2026-01-24 17:00:00,0.03644,0.03651,0.03623,0.03624,1103539.8
1769270400000,2026-01-24 18:00:00,0.03624,0.0364,0.0361,0.03634,1048332.4
1769274000000,2026-01-24 19:00:00,0.03634,0.0365,0.03632,0.0365,306099.6
1769277600000,2026-01-24 20:00:00,0.0365,0.03655,0.03643,0.03647,342595.1
1769281200000,2026-01-24 21:00:00,0.03647,0.0365,0.03629,0.0363,1101923.6
1769284800000,2026-01-24 22:00:00,0.0363,0.03648,0.0363,0.03641,328783.5
1769288400000,2026-01-24 23:00:00,0.03641,0.03642,0.03625,0.03633,915958.8
1769292000000,2026-01-25 00:00:00,0.03633,0.03651,0.03626,0.03651,563270.7
1769295600000,2026-01-25 01:00:00,0.03651,0.03661,0.03645,0.03652,955336.5
1769299200000,2026-01-25 02:00:00,0.03652,0.03669,0.03643,0.03666,1155585.0
1769302800000,2026-01-25 03:00:00,0.03666,0.03671,0.03637,0.03644,460843.0
1769306400000,2026-01-25 04:00:00,0.03644,0.03661,0.03641,0.03653,429154.7
1769310000000,2026-01-25 05:00:00,0.03653,0.03656,0.03621,0.03627,492680.2
1769313600000,2026-01-25 06:00:00,0.03627,0.03635,0.03609,0.03619,741672.4
1769317200000,2026-01-25 07:00:00,0.03619,0.03633,0.03617,0.03633,144116.0
1769320800000,2026-01-25 08:00:00,0.03633,0.03633,0.03616,0.03616,504365.9
1769324400000,2026-01-25 09:00:00,0.03616,0.03618,0.03592,0.0361,730880.6
1769328000000,2026-01-25 10:00:00,0.0361,0.03615,0.0358,0.03591,1187188.6
1769331600000,2026-01-25 11:00:00,0.03591,0.03623,0.03581,0.03606,1355033.3
1769335200000,2026-01-25 12:00:00,0.03606,0.03624,0.03602,0.03606,546887.7
1769338800000,2026-01-25 13:00:00,0.03606,0.03608,0.03594,0.03602,584634.1
1769342400000,2026-01-25 14:00:00,0.03602,0.03608,0.03579,0.03608,992121.4
1769346000000,2026-01-25 15:00:00,0.03608,0.03609,0.0359,0.03609,466651.6
1769349600000,2026-01-25 16:00:00,0.03609,0.03613,0.03563,0.0359,2158367.9
1769353200000,2026-01-25 17:00:00,0.0359,0.03605,0.03569,0.03576,1290644.3
1769356800000,2026-01-25 18:00:00,0.03576,0.03576,0.03484,0.03518,5530075.5
1769360400000,2026-01-25 19:00:00,0.03518,0.03529,0.03506,0.03513,1552769.4
1769364000000,2026-01-25 20:00:00,0.03513,0.03514,0.03453,0.03479,3708546.1
1769367600000,2026-01-25 21:00:00,0.03479,0.0349,0.03426,0.03449,5400434.0
1769371200000,2026-01-25 22:00:00,0.03449,0.03487,0.03436,0.03472,3616731.3
1769374800000,2026-01-25 23:00:00,0.03472,0.03516,0.03471,0.03506,2971104.2
1769378400000,2026-01-26 00:00:00,0.03506,0.03512,0.03459,0.03478,1449744.0
1769382000000,2026-01-26 01:00:00,0.03478,0.03501,0.03463,0.03492,1035960.1
1769385600000,2026-01-26 02:00:00,0.03492,0.03525,0.03485,0.03522,2180797.2
1769389200000,2026-01-26 03:00:00,0.03522,0.03569,0.03516,0.03536,3974801.9
1769392800000,2026-01-26 04:00:00,0.03536,0.03541,0.03514,0.03535,769570.5
1769396400000,2026-01-26 05:00:00,0.03535,0.03553,0.03516,0.03527,1607242.7
1769400000000,2026-01-26 06:00:00,0.03527,0.03573,0.03527,0.03553,939743.9
1769403600000,2026-01-26 07:00:00,0.03553,0.0357,0.03549,0.03564,375050.7
1769407200000,2026-01-26 08:00:00,0.03564,0.03594,0.03554,0.03594,1210639.7
1769410800000,2026-01-26 09:00:00,0.03594,0.03621,0.03589,0.03615,2524653.6
1769414400000,2026-01-26 10:00:00,0.03615,0.03642,0.03603,0.03608,2548795.7
1769418000000,2026-01-26 11:00:00,0.03608,0.03611,0.03568,0.0359,1742323.2
1769421600000,2026-01-26 12:00:00,0.0359,0.03624,0.0359,0.03624,2530387.6
1769425200000,2026-01-26 13:00:00,0.03624,0.03648,0.03618,0.03622,1710564.1
1769428800000,2026-01-26 14:00:00,0.03622,0.0369,0.03622,0.03671,4561466.3
1769432400000,2026-01-26 15:00:00,0.03671,0.03706,0.03651,0.03683,5911409.0
1769436000000,2026-01-26 16:00:00,0.03683,0.03696,0.03593,0.03674,15839011.0
1769439600000,2026-01-26 17:00:00,0.03674,0.03711,0.03634,0.0365,6306615.7
1769443200000,2026-01-26 18:00:00,0.0365,0.03659,0.03612,0.0363,3423787.3
1769446800000,2026-01-26 19:00:00,0.0363,0.03636,0.03588,0.03616,2595128.4
1769450400000,2026-01-26 20:00:00,0.03616,0.03637,0.03598,0.0361,3684474.2
1769454000000,2026-01-26 21:00:00,0.0361,0.03624,0.03578,0.03584,2159498.7
1769457600000,2026-01-26 22:00:00,0.03584,0.03587,0.03561,0.03572,1505453.1
1769461200000,2026-01-26 23:00:00,0.03572,0.03654,0.03572,0.03636,2686938.3
1769464800000,2026-01-27 00:00:00,0.03636,0.03644,0.03618,0.03621,872164.5
1769468400000,2026-01-27 01:00:00,0.03621,0.03626,0.03605,0.03609,944833.1
1769472000000,2026-01-27 02:00:00,0.03609,0.03625,0.03609,0.03622,1049588.9
1769475600000,2026-01-27 03:00:00,0.03622,0.03635,0.03599,0.0362,1659882.4
1769479200000,2026-01-27 04:00:00,0.0362,0.03635,0.03608,0.03615,999514.6
1769482800000,2026-01-27 05:00:00,0.03615,0.03617,0.03595,0.03598,833928.3
1769486400000,2026-01-27 06:00:00,0.03598,0.03619,0.03586,0.03597,1770020.7
1769490000000,2026-01-27 07:00:00,0.03597,0.03605,0.03583,0.03599,3075077.8
1769493600000,2026-01-27 08:00:00,0.03599,0.036,0.0358,0.0358,973963.3
1769497200000,2026-01-27 09:00:00,0.0358,0.0359,0.03577,0.0358,660805.2
1769500800000,2026-01-27 10:00:00,0.0358,0.03588,0.03565,0.03575,512692.0
1769504400000,2026-01-27 11:00:00,0.03575,0.03575,0.03555,0.0356,762470.9
1769508000000,2026-01-27 12:00:00,0.0356,0.0357,0.03558,0.03562,498252.7
1769511600000,2026-01-27 13:00:00,0.03562,0.03569,0.03557,0.03557,646669.4
1769515200000,2026-01-27 14:00:00,0.03557,0.03558,0.03537,0.03548,1021666.1
1769518800000,2026-01-27 15:00:00,0.03548,0.03558,0.03538,0.03543,946258.5
1769522400000,2026-01-27 16:00:00,0.03543,0.03584,0.03537,0.03548,2641732.9
1769526000000,2026-01-27 17:00:00,0.03548,0.03601,0.03542,0.03599,1800580.0
1769529600000,2026-01-27 18:00:00,0.03599,0.0365,0.03593,0.03628,2097926.9
1769533200000,2026-01-27 19:00:00,0.03628,0.03631,0.0355,0.03561,2875460.8
1769536800000,2026-01-27 20:00:00,0.03561,0.03639,0.03555,0.03626,1749814.0
1769540400000,2026-01-27 21:00:00,0.03626,0.0368,0.03615,0.0367,2189352.8
1769544000000,2026-01-27 22:00:00,0.0367,0.03703,0.03656,0.03686,4161247.2
1769547600000,2026-01-27 23:00:00,0.03686,0.03691,0.03651,0.03654,1426960.4
1769551200000,2026-01-28 00:00:00,0.03654,0.03674,0.03652,0.03665,1133956.4
1769554800000,2026-01-28 01:00:00,0.03665,0.03674,0.03657,0.03663,1205684.3
1769558400000,2026-01-28 02:00:00,0.03663,0.03669,0.03634,0.03656,1049202.3
1769562000000,2026-01-28 03:00:00,0.03656,0.03656,0.03624,0.03636,451137.5
1769565600000,2026-01-28 04:00:00,0.03636,0.03644,0.03626,0.03643,331278.1
1769569200000,2026-01-28 05:00:00,0.03643,0.03646,0.03624,0.03626,348840.2
1769572800000,2026-01-28 06:00:00,0.03626,0.03627,0.03607,0.03611,699718.0
1769576400000,2026-01-28 07:00:00,0.03611,0.03624,0.03601,0.03622,670563.1
1769580000000,2026-01-28 08:00:00,0.03622,0.03632,0.03596,0.03611,2243746.5
1769583600000,2026-01-28 09:00:00,0.03611,0.03614,0.03578,0.03589,1050034.4
1769587200000,2026-01-28 10:00:00,0.03589,0.036,0.03579,0.03583,2277553.2
1769590800000,2026-01-28 11:00:00,0.03583,0.0362,0.03576,0.03616,3955186.1
1769594400000,2026-01-28 12:00:00,0.03616,0.03626,0.03602,0.03602,1030781.3
1769598000000,2026-01-28 13:00:00,0.03602,0.03638,0.03599,0.03637,1059833.9
1769601600000,2026-01-28 14:00:00,0.03637,0.03637,0.03593,0.03604,1383036.5
1769605200000,2026-01-28 15:00:00,0.03604,0.03628,0.03604,0.0361,1129213.2
1769608800000,2026-01-28 16:00:00,0.0361,0.03613,0.03581,0.03595,1146196.4
1769612400000,2026-01-28 17:00:00,0.03595,0.03609,0.03565,0.03573,2392693.6
1769616000000,2026-01-28 18:00:00,0.03573,0.03583,0.03555,0.03565,1930855.3
1769619600000,2026-01-28 19:00:00,0.03565,0.03604,0.03544,0.0359,1815668.8
1769623200000,2026-01-28 20:00:00,0.0359,0.0359,0.03561,0.03573,1259828.4
1769626800000,2026-01-28 21:00:00,0.03573,0.03593,0.03558,0.03583,1667953.0
1769630400000,2026-01-28 22:00:00,0.03583,0.03618,0.03566,0.03577,1945810.2
1769634000000,2026-01-28 23:00:00,0.03577,0.03616,0.03551,0.03605,2705242.2
1769637600000,2026-01-29 00:00:00,0.03605,0.03666,0.03594,0.03665,1457429.0
1769641200000,2026-01-29 01:00:00,0.03665,0.03716,0.03665,0.03691,5672811.4
1769644800000,2026-01-29 02:00:00,0.03691,0.03704,0.03606,0.03629,5588074.8
1769648400000,2026-01-29 03:00:00,0.03629,0.03638,0.0358,0.03585,1555623.5
1769652000000,2026-01-29 04:00:00,0.03585,0.03599,0.03523,0.03541,3143991.3
1769655600000,2026-01-29 05:00:00,0.03541,0.03561,0.03525,0.03541,2444722.5
1769659200000,2026-01-29 06:00:00,0.03541,0.03547,0.03514,0.03538,3437912.7
1769662800000,2026-01-29 07:00:00,0.03538,0.0354,0.03518,0.03522,655543.1
1769666400000,2026-01-29 08:00:00,0.03522,0.03541,0.03519,0.03539,1694981.7
1769670000000,2026-01-29 09:00:00,0.03539,0.03554,0.03535,0.03535,934879.7
1769673600000,2026-01-29 10:00:00,0.03535,0.03537,0.03501,0.03511,2185905.6
1769677200000,2026-01-29 11:00:00,0.03511,0.03519,0.03503,0.03506,1111072.1
1769680800000,2026-01-29 12:00:00,0.03506,0.03512,0.03496,0.03502,1431458.6
1769684400000,2026-01-29 13:00:00,0.03502,0.03503,0.03467,0.03474,4771987.2
1769688000000,2026-01-29 14:00:00,0.03474,0.03474,0.03426,0.03446,3388771.0
1769691600000,2026-01-29 15:00:00,0.03446,0.03464,0.03446,0.0346,988780.9
1769695200000,2026-01-29 16:00:00,0.0346,0.03476,0.03393,0.03395,5669560.3
1769698800000,2026-01-29 17:00:00,0.03395,0.03396,0.03299,0.03368,14341890.3
1769702400000,2026-01-29 18:00:00,0.03368,0.03398,0.03331,0.03394,3970246.3
1769706000000,2026-01-29 19:00:00,0.03394,0.03438,0.03352,0.03356,3115031.8
1769709600000,2026-01-29 20:00:00,0.03356,0.03368,0.03306,0.03308,5962523.0
1769713200000,2026-01-29 21:00:00,0.03308,0.0336,0.03299,0.03341,3517405.6
1769716800000,2026-01-29 22:00:00,0.03341,0.03398,0.03333,0.03396,3631472.8
1769720400000,2026-01-29 23:00:00,0.03396,0.03418,0.03394,0.03409,1594296.2
1769724000000,2026-01-30 00:00:00,0.03409,0.03421,0.03394,0.03404,779232.4
1769727600000,2026-01-30 01:00:00,0.03404,0.03406,0.03387,0.03394,851805.6
1769731200000,2026-01-30 02:00:00,0.03394,0.03406,0.03376,0.03389,911282.7
1769734800000,2026-01-30 03:00:00,0.03389,0.03412,0.03254,0.03341,14981794.1
1769738400000,2026-01-30 04:00:00,0.03341,0.03342,0.03264,0.03298,3476773.3
1769742000000,2026-01-30 05:00:00,0.03298,0.03312,0.03288,0.03295,1044018.5
1769745600000,2026-01-30 06:00:00,0.03295,0.03342,0.03294,0.03314,1789315.2
1769749200000,2026-01-30 07:00:00,0.03314,0.03317,0.03295,0.033,689509.5
1769752800000,2026-01-30 08:00:00,0.033,0.03301,0.03255,0.03276,2900059.2
1769756400000,2026-01-30 09:00:00,0.03276,0.03325,0.03276,0.03296,2147988.8
1769760000000,2026-01-30 10:00:00,0.03296,0.03304,0.03269,0.03284,1565800.7
1769763600000,2026-01-30 11:00:00,0.03284,0.03295,0.03264,0.03279,1727322.7
1769767200000,2026-01-30 12:00:00,0.03279,0.03304,0.03266,0.03304,1057209.2
1769770800000,2026-01-30 13:00:00,0.03304,0.03352,0.033,0.03342,1407303.6
1769774400000,2026-01-30 14:00:00,0.03342,0.03348,0.03315,0.03323,2661517.6
1769778000000,2026-01-30 15:00:00,0.03323,0.03324,0.03279,0.03291,3361679.8
1769781600000,2026-01-30 16:00:00,0.03291,0.0334,0.03291,0.03303,2983941.0
1769785200000,2026-01-30 17:00:00,0.03303,0.0333,0.03263,0.03295,2900036.9
1769788800000,2026-01-30 18:00:00,0.03295,0.03317,0.03269,0.03289,2511727.1
1769792400000,2026-01-30 19:00:00,0.03289,0.03313,0.03267,0.03292,1721497.4
1769796000000,2026-01-30 20:00:00,0.03292,0.03374,0.03215,0.03361,8142448.4
1769799600000,2026-01-30 21:00:00,0.03361,0.03378,0.03341,0.03356,3876156.0
1769803200000,2026-01-30 22:00:00,0.03356,0.03357,0.03291,0.03293,4219505.3
1769806800000,2026-01-30 23:00:00,0.03293,0.0333,0.03289,0.03314,2738278.1
1769810400000,2026-01-31 00:00:00,0.03314,0.03319,0.03279,0.03303,788201.8
1769814000000,2026-01-31 01:00:00,0.03303,0.03306,0.03281,0.03306,600772.1
1769817600000,2026-01-31 02:00:00,0.03306,0.03307,0.03278,0.03282,879133.1
1769821200000,2026-01-31 03:00:00,0.03282,0.03297,0.03277,0.03286,456245.8
1769824800000,2026-01-31 04:00:00,0.03286,0.03297,0.0327,0.03288,527400.2
1769828400000,2026-01-31 05:00:00,0.03288,0.03292,0.03279,0.03285,203661.0
1769832000000,2026-01-31 06:00:00,0.03285,0.03293,0.03274,0.03281,279941.5
1769835600000,2026-01-31 07:00:00,0.03281,0.03288,0.03275,0.03284,361813.8
1769839200000,2026-01-31 08:00:00,0.03284,0.03286,0.03246,0.03258,1238642.9
1769842800000,2026-01-31 09:00:00,0.03258,0.0326,0.0322,0.0324,910434.1
1769846400000,2026-01-31 10:00:00,0.0324,0.03244,0.03157,0.03195,6273151.0
1769850000000,2026-01-31 11:00:00,0.03195,0.03214,0.03184,0.03189,783533.0
1769853600000,2026-01-31 12:00:00,0.03189,0.03205,0.03178,0.03189,359402.2
1769857200000,2026-01-31 13:00:00,0.03189,0.03191,0.03169,0.03174,755136.8
1769860800000,2026-01-31 14:00:00,0.03174,0.03179,0.03146,0.03147,2141860.9
1769864400000,2026-01-31 15:00:00,0.03147,0.03152,0.03115,0.03127,2231125.4
1769868000000,2026-01-31 16:00:00,0.03127,0.03134,0.0298,0.03045,21730558.1
1769871600000,2026-01-31 17:00:00,0.03045,0.03086,0.03032,0.03037,3828002.9
1769875200000,2026-01-31 18:00:00,0.03037,0.03083,0.02997,0.03004,8313759.9
1769878800000,2026-01-31 19:00:00,0.03004,0.03015,0.02813,0.02887,38817698.2
1769882400000,2026-01-31 20:00:00,0.02887,0.02902,0.02642,0.02849,37508035.1
1769886000000,2026-01-31 21:00:00,0.02849,0.02912,0.02847,0.02895,9451141.5
1769889600000,2026-01-31 22:00:00,0.02895,0.02943,0.02891,0.02925,3226201.9
1769893200000,2026-01-31 23:00:00,0.02925,0.02986,0.02909,0.02982,3979682.4
1769896800000,2026-02-01 00:00:00,0.02982,0.02987,0.0295,0.02961,1056814.2
1769900400000,2026-02-01 01:00:00,0.02961,0.03044,0.02961,0.0302,5775173.5
1769904000000,2026-02-01 02:00:00,0.0302,0.03065,0.03017,0.0306,3036608.6
1769907600000,2026-02-01 03:00:00,0.0306,0.03061,0.03027,0.03049,1830522.1
1769911200000,2026-02-01 04:00:00,0.03049,0.03094,0.03048,0.0308,1234380.7
1769914800000,2026-02-01 05:00:00,0.0308,0.03095,0.03069,0.03095,1086919.4
1769918400000,2026-02-01 06:00:00,0.03095,0.03103,0.03084,0.03084,753406.6
1769922000000,2026-02-01 07:00:00,0.03084,0.03086,0.03057,0.03065,1999051.4
1769925600000,2026-02-01 08:00:00,0.03065,0.0309,0.03057,0.03063,1388039.2
1769929200000,2026-02-01 09:00:00,0.03063,0.03091,0.03055,0.03067,2508461.4
1769932800000,2026-02-01 10:00:00,0.03067,0.03088,0.0306,0.03069,1254787.3
1769936400000,2026-02-01 11:00:00,0.03069,0.03118,0.03051,0.03116,1617301.4
1769940000000,2026-02-01 12:00:00,0.03116,0.03128,0.03056,0.0306,3501039.4
1769943600000,2026-02-01 13:00:00,0.0306,0.03094,0.0306,0.03071,1309189.5
1769947200000,2026-02-01 14:00:00,0.03071,0.03075,0.03043,0.03061,2096626.0
1769950800000,2026-02-01 15:00:00,0.03061,0.03108,0.0306,0.03075,2163166.4
1769954400000,2026-02-01 16:00:00,0.03075,0.03096,0.03018,0.0306,4786685.0
1769958000000,2026-02-01 17:00:00,0.0306,0.0306,0.02966,0.03007,5306170.6
1769961600000,2026-02-01 18:00:00,0.03007,0.03033,0.02976,0.02998,3205759.4
1769965200000,2026-02-01 19:00:00,0.02998,0.03015,0.02969,0.02986,2125447.6
1769968800000,2026-02-01 20:00:00,0.02986,0.03049,0.02986,0.03004,3984367.6
1769972400000,2026-02-01 21:00:00,0.03004,0.03013,0.02973,0.02996,2938477.2
1769976000000,2026-02-01 22:00:00,0.02996,0.03049,0.0298,0.03011,4041308.8
1769979600000,2026-02-01 23:00:00,0.03011,0.03023,0.02987,0.02993,2183223.9
1769983200000,2026-02-02 00:00:00,0.02993,0.03045,0.02985,0.02989,2275813.8
1769986800000,2026-02-02 01:00:00,0.02989,0.03011,0.02895,0.02956,10044548.9
1769990400000,2026-02-02 02:00:00,0.02956,0.0303,0.02933,0.03,3619653.2
1769994000000,2026-02-02 03:00:00,0.03,0.03038,0.02958,0.03009,2468260.3
1769997600000,2026-02-02 04:00:00,0.03009,0.03012,0.0297,0.02972,1727131.7
1770001200000,2026-02-02 05:00:00,0.02972,0.02989,0.02872,0.02981,7958258.2
1770004800000,2026-02-02 06:00:00,0.02981,0.0302,0.02931,0.02963,2799669.4
1770008400000,2026-02-02 07:00:00,0.02963,0.02966,0.02899,0.02924,3339098.5
1770012000000,2026-02-02 08:00:00,0.02924,0.03007,0.02882,0.02966,8992455.9
1770015600000,2026-02-02 09:00:00,0.02966,0.02994,0.02921,0.02925,5565711.6
1770019200000,2026-02-02 10:00:00,0.02925,0.02961,0.02925,0.02947,1682782.2
1770022800000,2026-02-02 11:00:00,0.02947,0.02992,0.02934,0.0298,5005967.5
1770026400000,2026-02-02 12:00:00,0.0298,0.02988,0.02962,0.02986,2005570.3
1770030000000,2026-02-02 13:00:00,0.02986,0.03007,0.02971,0.02972,3111807.0
1770033600000,2026-02-02 14:00:00,0.02972,0.03008,0.02972,0.03001,1596088.5
1770037200000,2026-02-02 15:00:00,0.03001,0.03021,0.0299,0.03015,2302133.5
1770040800000,2026-02-02 16:00:00,0.03015,0.03062,0.02991,0.0303,4975468.4
1770044400000,2026-02-02 17:00:00,0.0303,0.03103,0.03025,0.03086,3411103.5
1770048000000,2026-02-02 18:00:00,0.03086,0.03104,0.03069,0.03074,1363653.2
1770051600000,2026-02-02 19:00:00,0.03074,0.03099,0.03057,0.03066,1567874.7
1770055200000,2026-02-02 20:00:00,0.03066,0.03082,0.03052,0.03069,1411260.0
1770058800000,2026-02-02 21:00:00,0.03069,0.03072,0.03043,0.03044,749679.4
1770062400000,2026-02-02 22:00:00,0.03044,0.03059,0.03026,0.03033,2516982.6
1770066000000,2026-02-02 23:00:00,0.03033,0.03051,0.03033,0.03048,1040872.1
1770069600000,2026-02-03 00:00:00,0.03048,0.0306,0.03041,0.03054,1335880.8
1770073200000,2026-02-03 01:00:00,0.03054,0.03058,0.03041,0.03045,1085162.3
1770076800000,2026-02-03 02:00:00,0.03045,0.03051,0.0302,0.0304,830788.2
1770080400000,2026-02-03 03:00:00,0.0304,0.0304,0.03006,0.03017,771838.0
1770084000000,2026-02-03 04:00:00,0.03017,0.03017,0.02964,0.02967,2495651.9
1770087600000,2026-02-03 05:00:00,0.02967,0.03026,0.02961,0.03023,1715531.6
1770091200000,2026-02-03 06:00:00,0.03023,0.03037,0.03004,0.03032,959768.7
1770094800000,2026-02-03 07:00:00,0.03032,0.03033,0.02995,0.02996,980484.6
1770098400000,2026-02-03 08:00:00,0.02996,0.03019,0.02981,0.03016,2241370.3
1770102000000,2026-02-03 09:00:00,0.03016,0.03043,0.03007,0.03033,1674552.2
1770105600000,2026-02-03 10:00:00,0.03033,0.03039,0.03012,0.03013,1129085.3
1770109200000,2026-02-03 11:00:00,0.03013,0.03026,0.0297,0.03004,5405285.0
1770112800000,2026-02-03 12:00:00,0.03004,0.03014,0.02998,0.03001,778379.2
1770116400000,2026-02-03 13:00:00,0.03001,0.03025,0.02999,0.03017,1343055.3
1770120000000,2026-02-03 14:00:00,0.03017,0.03042,0.03006,0.0303,1583350.6
1770123600000,2026-02-03 15:00:00,0.0303,0.03031,0.0301,0.03024,1935685.4
1770127200000,2026-02-03 16:00:00,0.03024,0.03029,0.02962,0.02964,4303893.2
1770130800000,2026-02-03 17:00:00,0.02964,0.03062,0.0296,0.03054,5674511.7
1770134400000,2026-02-03 18:00:00,0.03054,0.03056,0.02964,0.02975,4642432.5
1770138000000,2026-02-03 19:00:00,0.02975,0.0298,0.02905,0.02905,4391100.0
1770141600000,2026-02-03 20:00:00,0.02905,0.02925,0.0283,0.02838,7849009.5
1770145200000,2026-02-03 21:00:00,0.02838,0.02995,0.02835,0.02968,8915007.1
1770148800000,2026-02-03 22:00:00,0.02968,0.03097,0.02934,0.03056,16585774.3
1770152400000,2026-02-03 23:00:00,0.03056,0.03075,0.02999,0.03005,6475614.7
1770156000000,2026-02-04 00:00:00,0.03005,0.03006,0.02957,0.02967,2466011.1
1770159600000,2026-02-04 01:00:00,0.02967,0.02973,0.02935,0.02961,3952336.7
1770163200000,2026-02-04 02:00:00,0.02961,0.02991,0.02951,0.02978,1479579.3
1770166800000,2026-02-04 03:00:00,0.02978,0.03012,0.02978,0.02987,1141072.6
1770170400000,2026-02-04 04:00:00,0.02987,0.03006,0.02977,0.0299,1040647.6
1770174000000,2026-02-04 05:00:00,0.0299,0.0303,0.02984,0.03014,1913712.4
1770177600000,2026-02-04 06:00:00,0.03014,0.03014,0.02984,0.02984,974972.7
1770181200000,2026-02-04 07:00:00,0.02984,0.02988,0.02957,0.02971,1243831.1
1770184800000,2026-02-04 08:00:00,0.02971,0.02985,0.02962,0.0298,1761112.3
1770188400000,2026-02-04 09:00:00,0.0298,0.03008,0.02966,0.02998,1894708.1
1770192000000,2026-02-04 10:00:00,0.02998,0.03,0.02975,0.02991,679248.9
1770195600000,2026-02-04 11:00:00,0.02991,0.02994,0.02966,0.02968,711042.4
1770199200000,2026-02-04 12:00:00,0.02968,0.02975,0.02962,0.02967,325769.9
1770202800000,2026-02-04 13:00:00,0.02967,0.0297,0.02927,0.02959,4423544.6
1770206400000,2026-02-04 14:00:00,0.02959,0.02971,0.02945,0.02956,1870235.7
1770210000000,2026-02-04 15:00:00,0.02956,0.02956,0.02902,0.02905,3495427.1
1770213600000,2026-02-04 16:00:00,0.02905,0.02932,0.0287,0.02872,6831954.5
1770217200000,2026-02-04 17:00:00,0.02872,0.02915,0.02837,0.02869,5564873.1
1770220800000,2026-02-04 18:00:00,0.02869,0.02885,0.02832,0.02865,6208755.1
1770224400000,2026-02-04 19:00:00,0.02865,0.02884,0.02833,0.02865,3882355.1
1770228000000,2026-02-04 20:00:00,0.02865,0.02933,0.02828,0.02898,9255042.1
1770231600000,2026-02-04 21:00:00,0.02898,0.02963,0.02888,0.02956,3928318.9
1770235200000,2026-02-04 22:00:00,0.02956,0.02958,0.02926,0.02936,1660353.8
1770238800000,2026-02-04 23:00:00,0.02936,0.02943,0.02881,0.02907,1863243.6
1770242400000,2026-02-05 00:00:00,0.02907,0.02948,0.02855,0.0288,2268652.6
1770246000000,2026-02-05 01:00:00,0.0288,0.02931,0.02876,0.02905,4363387.7
1770249600000,2026-02-05 02:00:00,0.02905,0.02924,0.02898,0.02911,1386465.7
1770253200000,2026-02-05 03:00:00,0.02911,0.02944,0.02881,0.02898,4129577.7
1770256800000,2026-02-05 04:00:00,0.02898,0.02922,0.02865,0.02869,3758403.9
1770260400000,2026-02-05 05:00:00,0.02869,0.02886,0.02841,0.02855,9789479.4
1770264000000,2026-02-05 06:00:00,0.02855,0.02875,0.02837,0.02853,2996628.3
1770267600000,2026-02-05 07:00:00,0.02853,0.02881,0.0282,0.02847,2572808.3
1770271200000,2026-02-05 08:00:00,0.02847,0.0285,0.02811,0.02822,1919060.0
1770274800000,2026-02-05 09:00:00,0.02822,0.02863,0.02821,0.02831,2074012.2
1770278400000,2026-02-05 10:00:00,0.02831,0.02875,0.02831,0.02852,1629305.7
1770282000000,2026-02-05 11:00:00,0.02852,0.02887,0.02844,0.02847,2293041.1
1770285600000,2026-02-05 12:00:00,0.02847,0.02848,0.02774,0.02789,2423309.3
1770289200000,2026-02-05 13:00:00,0.02789,0.02793,0.02725,0.02761,7800337.4
1770292800000,2026-02-05 14:00:00,0.02761,0.02774,0.02724,0.0275,5117612.0
1770296400000,2026-02-05 15:00:00,0.0275,0.02771,0.02727,0.02734,3011402.6
1770300000000,2026-02-05 16:00:00,0.02734,0.02799,0.02732,0.02736,4761832.8
1770303600000,2026-02-05 17:00:00,0.02736,0.02746,0.02562,0.02614,26351486.8
1770307200000,2026-02-05 18:00:00,0.02614,0.02661,0.02586,0.02628,14127934.1
1770310800000,2026-02-05 19:00:00,0.02628,0.02648,0.02536,0.02573,11978081.8
1770314400000,2026-02-05 20:00:00,0.02573,0.02596,0.02524,0.02569,7638772.0
1770318000000,2026-02-05 21:00:00,0.02569,0.02574,0.0252,0.02533,2728426.3
1770321600000,2026-02-05 22:00:00,0.02533,0.02551,0.02399,0.0247,23413230.2
1770325200000,2026-02-05 23:00:00,0.0247,0.02531,0.02432,0.02465,13209687.3
1770328800000,2026-02-06 00:00:00,0.02465,0.02519,0.02434,0.02485,4918811.3
1770332400000,2026-02-06 01:00:00,0.02485,0.02536,0.02459,0.02471,7820855.3
1770336000000,2026-02-06 02:00:00,0.02471,0.02511,0.02251,0.02474,85358717.2
1770339600000,2026-02-06 03:00:00,0.02474,0.02544,0.02455,0.02541,15491151.8
1770343200000,2026-02-06 04:00:00,0.02541,0.02559,0.02465,0.02524,8574395.3
1770346800000,2026-02-06 05:00:00,0.02524,0.02534,0.02487,0.02513,3480641.7
1770350400000,2026-02-06 06:00:00,0.02513,0.02575,0.02504,0.02545,3030854.3
1770354000000,2026-02-06 07:00:00,0.02545,0.02608,0.02534,0.02604,3359915.5
1770357600000,2026-02-06 08:00:00,0.02604,0.02626,0.02553,0.02558,5015997.2
1770361200000,2026-02-06 09:00:00,0.02558,0.02587,0.02538,0.02569,2635569.7
1770364800000,2026-02-06 10:00:00,0.02569,0.02594,0.02558,0.02569,5862625.6
1770368400000,2026-02-06 11:00:00,0.02569,0.02629,0.02561,0.0262,3294501.1
1770372000000,2026-02-06 12:00:00,0.0262,0.0265,0.02604,0.02646,3901803.2
1770375600000,2026-02-06 13:00:00,0.02646,0.02672,0.02639,0.0266,2552250.1
1770379200000,2026-02-06 14:00:00,0.0266,0.02685,0.02642,0.02685,1795359.9
1770382800000,2026-02-06 15:00:00,0.02685,0.02717,0.02665,0.02682,7193057.8
1770386400000,2026-02-06 16:00:00,0.02682,0.02766,0.02682,0.02757,5363410.2
1770390000000,2026-02-06 17:00:00,0.02757,0.02783,0.02742,0.02769,12851994.3
1770393600000,2026-02-06 18:00:00,0.02769,0.02856,0.02758,0.02847,7575624.2
1770397200000,2026-02-06 19:00:00,0.02847,0.02943,0.0283,0.02892,5686617.3
1770400800000,2026-02-06 20:00:00,0.02892,0.02907,0.02832,0.02844,17001342.2
1770404400000,2026-02-06 21:00:00,0.02844,0.0286,0.02814,0.02855,3828423.1
1770408000000,2026-02-06 22:00:00,0.02855,0.02864,0.02809,0.02835,3606436.0
1770411600000,2026-02-06 23:00:00,0.02835,0.02843,0.02816,0.02835,2054154.6
1770415200000,2026-02-07 00:00:00,0.02835,0.02889,0.02833,0.02873,2607160.3
1770418800000,2026-02-07 01:00:00,0.02873,0.02886,0.02851,0.02862,2070730.7
1770422400000,2026-02-07 02:00:00,0.02862,0.02868,0.02819,0.02833,4608908.8
1770426000000,2026-02-07 03:00:00,0.02833,0.02838,0.0281,0.02832,2194958.5
1770429600000,2026-02-07 04:00:00,0.02832,0.0284,0.0281,0.02822,872382.7
1770433200000,2026-02-07 05:00:00,0.02822,0.02851,0.02815,0.02842,2553293.6
1770436800000,2026-02-07 06:00:00,0.02842,0.02882,0.0283,0.02838,3037532.2
1770440400000,2026-02-07 07:00:00,0.02838,0.02865,0.02828,0.02835,2058674.6
1770444000000,2026-02-07 08:00:00,0.02835,0.02849,0.02781,0.02782,2144881.5
1770447600000,2026-02-07 09:00:00,0.02782,0.02796,0.02732,0.02761,4746237.8
1770451200000,2026-02-07 10:00:00,0.02761,0.02774,0.02745,0.02768,1613502.2
1770454800000,2026-02-07 11:00:00,0.02768,0.02781,0.02749,0.02756,601253.4
1770458400000,2026-02-07 12:00:00,0.02756,0.02762,0.02727,0.02742,951634.7
1770462000000,2026-02-07 13:00:00,0.02742,0.02746,0.02731,0.02743,697789.2
1770465600000,2026-02-07 14:00:00,0.02743,0.02835,0.02738,0.02808,4494870.7
1770469200000,2026-02-07 15:00:00,0.02808,0.02812,0.02778,0.0279,1256196.9
1770472800000,2026-02-07 16:00:00,0.0279,0.02793,0.02749,0.02755,1333215.2
1770476400000,2026-02-07 17:00:00,0.02755,0.02805,0.02751,0.02791,2130492.4
1770480000000,2026-02-07 18:00:00,0.02791,0.02885,0.02786,0.02803,44122456.5
1770483600000,2026-02-07 19:00:00,0.02803,0.02815,0.02792,0.02807,865183.3
1770487200000,2026-02-07 20:00:00,0.02807,0.02851,0.02801,0.0283,1525652.1
1770490800000,2026-02-07 21:00:00,0.0283,0.02834,0.02803,0.02807,1093145.8
1770494400000,2026-02-07 22:00:00,0.02807,0.02831,0.028,0.02824,1729554.0
1770498000000,2026-02-07 23:00:00,0.02824,0.02828,0.02812,0.02816,1541320.3
1770501600000,2026-02-08 00:00:00,0.02816,0.02823,0.02808,0.02809,612956.4
1770505200000,2026-02-08 01:00:00,0.02809,0.02811,0.0279,0.02805,854509.6
1770508800000,2026-02-08 02:00:00,0.02805,0.02809,0.02786,0.02788,789413.9
1770512400000,2026-02-08 03:00:00,0.02788,0.02798,0.02784,0.02792,366780.7
1770516000000,2026-02-08 04:00:00,0.02792,0.02804,0.02773,0.02778,791880.4
1770519600000,2026-02-08 05:00:00,0.02778,0.02783,0.0276,0.02762,300477.8
1770523200000,2026-02-08 06:00:00,0.02762,0.02771,0.02753,0.02767,409407.4
1770526800000,2026-02-08 07:00:00,0.02767,0.02772,0.02757,0.02759,295054.4
1770530400000,2026-02-08 08:00:00,0.02759,0.02767,0.02754,0.02758,530009.1
1770534000000,2026-02-08 09:00:00,0.02758,0.02767,0.02752,0.02767,586198.4
1770537600000,2026-02-08 10:00:00,0.02767,0.02806,0.02758,0.02803,1612949.9
1770541200000,2026-02-08 11:00:00,0.02803,0.02808,0.02775,0.02783,717577.0
1770544800000,2026-02-08 12:00:00,0.02783,0.028,0.02766,0.02772,1605617.4
1770548400000,2026-02-08 13:00:00,0.02772,0.02818,0.0277,0.02818,1886726.0
1770552000000,2026-02-08 14:00:00,0.02818,0.02822,0.02801,0.02817,1779285.3
1770555600000,2026-02-08 15:00:00,0.02817,0.0282,0.02789,0.02799,2364873.0
1770559200000,2026-02-08 16:00:00,0.02799,0.02809,0.02787,0.028,708642.8
1770562800000,2026-02-08 17:00:00,0.028,0.02806,0.02769,0.02777,1987636.8
1770566400000,2026-02-08 18:00:00,0.02777,0.02783,0.02722,0.02731,1047290.5
1770570000000,2026-02-08 19:00:00,0.02731,0.02761,0.02731,0.02753,722327.5
1770573600000,2026-02-08 20:00:00,0.02753,0.02788,0.02752,0.02774,2619834.2
1770577200000,2026-02-08 21:00:00,0.02774,0.02784,0.02765,0.02781,760464.3
1770580800000,2026-02-08 22:00:00,0.02781,0.02784,0.02751,0.02751,738790.1
1770584400000,2026-02-08 23:00:00,0.02751,0.02764,0.02733,0.0275,674846.6
1770588000000,2026-02-09 00:00:00,0.0275,0.02754,0.02732,0.02748,763120.7
1770591600000,2026-02-09 01:00:00,0.02748,0.02807,0.02723,0.02748,1769816.2
1770595200000,2026-02-09 02:00:00,0.02748,0.02762,0.02738,0.02746,770990.7
1770598800000,2026-02-09 03:00:00,0.02746,0.02768,0.02725,0.02746,3224587.5
1770602400000,2026-02-09 04:00:00,0.02746,0.02772,0.02737,0.02753,1000368.9
1770606000000,2026-02-09 05:00:00,0.02753,0.02773,0.02746,0.02765,2375320.9
1770609600000,2026-02-09 06:00:00,0.02765,0.02765,0.02752,0.02756,867764.5
1770613200000,2026-02-09 07:00:00,0.02756,0.02773,0.02751,0.02767,607414.1
1770616800000,2026-02-09 08:00:00,0.02767,0.02768,0.02737,0.02753,1039713.6
1770620400000,2026-02-09 09:00:00,0.02753,0.02759,0.02726,0.0273,876275.0
1770624000000,2026-02-09 10:00:00,0.0273,0.02735,0.02684,0.02697,2293508.2
1770627600000,2026-02-09 11:00:00,0.02697,0.02699,0.02673,0.02678,1670392.2
1770631200000,2026-02-09 12:00:00,0.02678,0.02688,0.02641,0.02648,1479261.3
1770634800000,2026-02-09 13:00:00,0.02648,0.02672,0.02648,0.0267,1025275.7
1770638400000,2026-02-09 14:00:00,0.0267,0.02707,0.02669,0.02693,1379653.6
1770642000000,2026-02-09 15:00:00,0.02693,0.02718,0.0267,0.02671,3652722.3
1770645600000,2026-02-09 16:00:00,0.02671,0.02717,0.02663,0.02709,3621461.8
1770649200000,2026-02-09 17:00:00,0.02709,0.02732,0.02673,0.02714,2009659.8
1770652800000,2026-02-09 18:00:00,0.02714,0.02754,0.02691,0.02726,1796385.6
1770656400000,2026-02-09 19:00:00,0.02726,0.02763,0.02707,0.02748,2769330.7
1770660000000,2026-02-09 20:00:00,0.02748,0.02756,0.02714,0.02727,1427521.6
1770663600000,2026-02-09 21:00:00,0.02727,0.02739,0.02724,0.02734,642543.3
1770667200000,2026-02-09 22:00:00,0.02734,0.02742,0.02707,0.02724,1383752.5
1770670800000,2026-02-09 23:00:00,0.02724,0.02735,0.02696,0.02725,1407094.8
1770674400000,2026-02-10 00:00:00,0.02725,0.02735,0.02712,0.02712,1133607.6
1770678000000,2026-02-10 01:00:00,0.02712,0.02715,0.02701,0.02711,450613.1
1770681600000,2026-02-10 02:00:00,0.02711,0.02718,0.02705,0.02707,204733.1
1770685200000,2026-02-10 03:00:00,0.02707,0.02726,0.02706,0.02717,361085.8
1770688800000,2026-02-10 04:00:00,0.02717,0.02721,0.02706,0.02709,278769.8
1770692400000,2026-02-10 05:00:00,0.02709,0.02711,0.02659,0.02676,1865090.6
1770696000000,2026-02-10 06:00:00,0.02676,0.02695,0.02672,0.02695,632428.4
1770699600000,2026-02-10 07:00:00,0.02695,0.02695,0.0266,0.02666,342003.9
1770703200000,2026-02-10 08:00:00,0.02666,0.02669,0.02621,0.02629,2780156.8
1770706800000,2026-02-10 09:00:00,0.02629,0.02649,0.02627,0.02633,752038.4
1770710400000,2026-02-10 10:00:00,0.02633,0.02643,0.02628,0.0264,451148.8
1770714000000,2026-02-10 11:00:00,0.0264,0.02652,0.02629,0.02638,1565531.0
1770717600000,2026-02-10 12:00:00,0.02638,0.02643,0.02622,0.02626,585312.1
1770721200000,2026-02-10 13:00:00,0.02626,0.02648,0.02626,0.02632,875438.1
1770724800000,2026-02-10 14:00:00,0.02632,0.0264,0.02626,0.02633,1372659.4
1770728400000,2026-02-10 15:00:00,0.02633,0.02648,0.02629,0.02646,1119403.0
1770732000000,2026-02-10 16:00:00,0.02646,0.02665,0.02627,0.02646,2078211.0
1770735600000,2026-02-10 17:00:00,0.02646,0.02675,0.02636,0.02662,766707.2
1770739200000,2026-02-10 18:00:00,0.02662,0.02679,0.0265,0.02662,611193.0
1770742800000,2026-02-10 19:00:00,0.02662,0.02675,0.02651,0.02666,616187.1
1770746400000,2026-02-10 20:00:00,0.02666,0.02672,0.02628,0.02639,528291.6
1770750000000,2026-02-10 21:00:00,0.02639,0.02651,0.02629,0.02643,536506.8
1770753600000,2026-02-10 22:00:00,0.02643,0.02652,0.02634,0.02644,335894.5
1770757200000,2026-02-10 23:00:00,0.02644,0.02652,0.02629,0.02641,497736.7
1770760800000,2026-02-11 00:00:00,0.02641,0.02654,0.02639,0.02646,284528.4
1770764400000,2026-02-11 01:00:00,0.02646,0.02652,0.02641,0.02651,659563.9
1770768000000,2026-02-11 02:00:00,0.02651,0.02665,0.02647,0.02662,1259521.9
1770771600000,2026-02-11 03:00:00,0.02662,0.02671,0.0266,0.02665,540836.8
1770775200000,2026-02-11 04:00:00,0.02665,0.02673,0.02655,0.02656,405897.7
1770778800000,2026-02-11 05:00:00,0.02656,0.02669,0.02633,0.02652,1348372.8
1770782400000,2026-02-11 06:00:00,0.02652,0.02655,0.02612,0.02622,1633040.2
1770786000000,2026-02-11 07:00:00,0.02622,0.02633,0.02599,0.02601,864847.2
1770789600000,2026-02-11 08:00:00,0.02601,0.02603,0.02562,0.02568,2301727.3
1770793200000,2026-02-11 09:00:00,0.02568,0.02577,0.02551,0.02551,1632511.5
1770796800000,2026-02-11 10:00:00,0.02551,0.02558,0.02543,0.02556,1317144.1
1770800400000,2026-02-11 11:00:00,0.02556,0.02567,0.02551,0.02556,845316.1
1770804000000,2026-02-11 12:00:00,0.02556,0.02559,0.02536,0.02543,1165402.6
1770807600000,2026-02-11 13:00:00,0.02543,0.02567,0.02543,0.02565,614955.9
1770811200000,2026-02-11 14:00:00,0.02565,0.02581,0.02559,0.0257,777879.1
1770814800000,2026-02-11 15:00:00,0.0257,0.026,0.02558,0.026,3160741.8
1770818400000,2026-02-11 16:00:00,0.026,0.02688,0.02569,0.02574,13054105.8
1770822000000,2026-02-11 17:00:00,0.02574,0.02584,0.02541,0.02567,3097854.8
1770825600000,2026-02-11 18:00:00,0.02567,0.02603,0.02551,0.02554,2423706.7
1770829200000,2026-02-11 19:00:00,0.02554,0.026,0.02549,0.02576,1255168.9
1770832800000,2026-02-11 20:00:00,0.02576,0.02617,0.02568,0.02607,2248192.0
1770836400000,2026-02-11 21:00:00,0.02607,0.02621,0.02591,0.02601,2284768.0
1770840000000,2026-02-11 22:00:00,0.02601,0.02624,0.0258,0.0262,1548720.9
1770843600000,2026-02-11 23:00:00,0.0262,0.02647,0.02615,0.02634,2614102.6
1770847200000,2026-02-12 00:00:00,0.02634,0.02646,0.02614,0.02617,868885.5
1770850800000,2026-02-12 01:00:00,0.02617,0.02629,0.02592,0.02606,1939890.2
1770854400000,2026-02-12 02:00:00,0.02606,0.02641,0.02606,0.02633,1395208.2
1770858000000,2026-02-12 03:00:00,0.02633,0.02657,0.02632,0.02638,500680.5
1770861600000,2026-02-12 04:00:00,0.02638,0.02654,0.02631,0.02644,231913.0
1770865200000,2026-02-12 05:00:00,0.02644,0.02662,0.02644,0.02662,262298.0
1770868800000,2026-02-12 06:00:00,0.02662,0.0267,0.02654,0.02658,316857.7
1770872400000,2026-02-12 07:00:00,0.02658,0.02673,0.02642,0.02669,657266.8
1770876000000,2026-02-12 08:00:00,0.02669,0.02693,0.02666,0.02689,896443.3
1770879600000,2026-02-12 09:00:00,0.02689,0.02702,0.02679,0.02701,297275.9
1770883200000,2026-02-12 10:00:00,0.02701,0.02708,0.0268,0.02694,776867.4
1770886800000,2026-02-12 11:00:00,0.02694,0.02727,0.02684,0.02719,1830712.8
1770890400000,2026-02-12 12:00:00,0.02719,0.02751,0.02719,0.02751,516470.3
1770894000000,2026-02-12 13:00:00,0.02751,0.02754,0.02727,0.02733,753684.9
1770897600000,2026-02-12 14:00:00,0.02733,0.02734,0.0269,0.02696,649627.4
1770901200000,2026-02-12 15:00:00,0.02696,0.02701,0.02674,0.02698,2215969.0
1770904800000,2026-02-12 16:00:00,0.02698,0.02699,0.02668,0.02675,1544876.3
1770908400000,2026-02-12 17:00:00,0.02675,0.02696,0.02647,0.02648,1695990.7
1770912000000,2026-02-12 18:00:00,0.02648,0.02657,0.02587,0.02605,3713848.7
1770915600000,2026-02-12 19:00:00,0.02605,0.02632,0.02598,0.02609,1408277.6
1770919200000,2026-02-12 20:00:00,0.02609,0.02631,0.02603,0.02626,835946.3
1770922800000,2026-02-12 21:00:00,0.02626,0.02679,0.02617,0.02648,996853.6
1770926400000,2026-02-12 22:00:00,0.02648,0.02657,0.02618,0.02624,585211.0
1770930000000,2026-02-12 23:00:00,0.02624,0.02641,0.02624,0.02635,528802.9
1770933600000,2026-02-13 00:00:00,0.02635,0.02665,0.02626,0.02664,612157.7
1770937200000,2026-02-13 01:00:00,0.02664,0.02678,0.02663,0.02678,800085.6
1770940800000,2026-02-13 02:00:00,0.02678,0.02689,0.02648,0.0266,749230.0
1770944400000,2026-02-13 03:00:00,0.0266,0.02668,0.02649,0.02654,309641.3
1770948000000,2026-02-13 04:00:00,0.02654,0.02657,0.02645,0.02655,310171.0
1770951600000,2026-02-13 05:00:00,0.02655,0.02658,0.0264,0.02646,376073.8
1770955200000,2026-02-13 06:00:00,0.02646,0.02646,0.02631,0.02634,422751.0
1770958800000,2026-02-13 07:00:00,0.02634,0.02635,0.02621,0.02621,520803.3
1770962400000,2026-02-13 08:00:00,0.02621,0.02641,0.02615,0.02641,621712.8
1770966000000,2026-02-13 09:00:00,0.02641,0.02652,0.02636,0.02641,1700642.4
1770969600000,2026-02-13 10:00:00,0.02641,0.0267,0.02637,0.02662,1154596.0
1770973200000,2026-02-13 11:00:00,0.02662,0.02667,0.02651,0.02664,770243.8
1770976800000,2026-02-13 12:00:00,0.02664,0.02689,0.02664,0.02676,1157496.8
1770980400000,2026-02-13 13:00:00,0.02676,0.02677,0.02665,0.0267,971505.4
1770984000000,2026-02-13 14:00:00,0.0267,0.0267,0.0265,0.02656,596868.4
1770987600000,2026-02-13 15:00:00,0.02656,0.02678,0.02647,0.02664,1855812.4
1770991200000,2026-02-13 16:00:00,0.02664,0.027,0.02651,0.02684,3388393.9
1770994800000,2026-02-13 17:00:00,0.02684,0.02762,0.02683,0.0271,3319569.5
1770998400000,2026-02-13 18:00:00,0.0271,0.02772,0.0271,0.02767,5245504.0
1771002000000,2026-02-13 19:00:00,0.02767,0.02768,0.02743,0.02753,1674272.3
1771005600000,2026-02-13 20:00:00,0.02753,0.02757,0.02742,0.02748,1634192.1
1771009200000,2026-02-13 21:00:00,0.02748,0.02755,0.02741,0.02746,601767.5
1771012800000,2026-02-13 22:00:00,0.02746,0.02765,0.02738,0.02759,1007958.1
1771016400000,2026-02-13 23:00:00,0.02759,0.02782,0.02759,0.02771,1176668.5
1771020000000,2026-02-14 00:00:00,0.02771,0.02784,0.02755,0.02758,665751.9
1771023600000,2026-02-14 01:00:00,0.02758,0.02762,0.02747,0.02751,358252.2
1771027200000,2026-02-14 02:00:00,0.02751,0.02796,0.02751,0.02785,1385800.8
1771030800000,2026-02-14 03:00:00,0.02785,0.02806,0.02776,0.02796,1678164.8
1771034400000,2026-02-14 04:00:00,0.02796,0.02804,0.02782,0.02789,1099011.8
1771038000000,2026-02-14 05:00:00,0.02789,0.028,0.02786,0.02795,555487.0
1771041600000,2026-02-14 06:00:00,0.02795,0.02797,0.02786,0.02791,367836.1
1771045200000,2026-02-14 07:00:00,0.02791,0.02793,0.02774,0.02774,1468707.9
1771048800000,2026-02-14 08:00:00,0.02774,0.02775,0.02765,0.02771,1857036.1
1771052400000,2026-02-14 09:00:00,0.02771,0.02785,0.02771,0.02782,440551.5
1771056000000,2026-02-14 10:00:00,0.02782,0.02815,0.02778,0.02815,1039391.1
1771059600000,2026-02-14 11:00:00,0.02815,0.02817,0.02808,0.02814,332082.1
1771063200000,2026-02-14 12:00:00,0.02814,0.02814,0.02798,0.02809,882468.4
1771066800000,2026-02-14 13:00:00,0.02809,0.02837,0.02802,0.02832,1763157.9
1771070400000,2026-02-14 14:00:00,0.02832,0.02847,0.02818,0.02818,2198497.9
1771074000000,2026-02-14 15:00:00,0.02818,0.02825,0.02798,0.02809,1115913.4
1771077600000,2026-02-14 16:00:00,0.02809,0.02855,0.02809,0.02852,972034.2
1771081200000,2026-02-14 17:00:00,0.02852,0.02858,0.02838,0.02858,1171167.0
1771084800000,2026-02-14 18:00:00,0.02858,0.02881,0.02838,0.02881,1736769.3
1771088400000,2026-02-14 19:00:00,0.02881,0.02898,0.02865,0.02872,1186685.6
1771092000000,2026-02-14 20:00:00,0.02872,0.02909,0.02872,0.02908,1018498.7
1771095600000,2026-02-14 21:00:00,0.02908,0.02933,0.02894,0.02929,1382592.9
1771099200000,2026-02-14 22:00:00,0.02929,0.02939,0.02906,0.02916,890381.4
1771102800000,2026-02-14 23:00:00,0.02916,0.02942,0.02892,0.02909,2281661.5
1771106400000,2026-02-15 00:00:00,0.02909,0.02933,0.02906,0.02919,863311.1
1771110000000,2026-02-15 01:00:00,0.02919,0.02919,0.02889,0.02897,1193704.0
1771113600000,2026-02-15 02:00:00,0.02897,0.02903,0.02873,0.02887,870320.6
1771117200000,2026-02-15 03:00:00,0.02887,0.02903,0.0287,0.02883,553900.8
1771120800000,2026-02-15 04:00:00,0.02883,0.02896,0.02854,0.02875,819317.3
1771124400000,2026-02-15 05:00:00,0.02875,0.02885,0.02835,0.02883,1885004.4
1771128000000,2026-02-15 06:00:00,0.02883,0.02917,0.0288,0.02901,1121356.1
1771131600000,2026-02-15 07:00:00,0.02901,0.02925,0.02899,0.02912,1265116.6
1771135200000,2026-02-15 08:00:00,0.02912,0.02917,0.02891,0.02898,380779.6
1771138800000,2026-02-15 09:00:00,0.02898,0.02932,0.02897,0.02919,713535.2
1771142400000,2026-02-15 10:00:00,0.02919,0.02923,0.0286,0.02879,2105333.9
1771146000000,2026-02-15 11:00:00,0.02879,0.02895,0.02869,0.02873,485315.8
1771149600000,2026-02-15 12:00:00,0.02873,0.02876,0.02837,0.02857,1486804.2
1771153200000,2026-02-15 13:00:00,0.02857,0.02864,0.02843,0.02847,748710.9
1771156800000,2026-02-15 14:00:00,0.02847,0.02847,0.02769,0.02769,2690360.4
1771160400000,2026-02-15 15:00:00,0.02769,0.02796,0.02741,0.02753,4007895.3
1771164000000,2026-02-15 16:00:00,0.02753,0.02784,0.0275,0.0278,639545.3
1771167600000,2026-02-15 17:00:00,0.0278,0.02789,0.02764,0.02774,573820.4
1771171200000,2026-02-15 18:00:00,0.02774,0.02778,0.02748,0.02765,2156382.2
1771174800000,2026-02-15 19:00:00,0.02765,0.02772,0.0272,0.02744,3006750.9
1771178400000,2026-02-15 20:00:00,0.02744,0.02758,0.02725,0.02732,1939613.0
1771182000000,2026-02-15 21:00:00,0.02732,0.02745,0.02717,0.02731,633236.0
1771185600000,2026-02-15 22:00:00,0.02731,0.02748,0.02718,0.02742,549161.6
1771189200000,2026-02-15 23:00:00,0.02742,0.02757,0.02738,0.0275,323156.0
1771192800000,2026-02-16 00:00:00,0.0275,0.02769,0.02745,0.02767,746271.7
1771196400000,2026-02-16 01:00:00,0.02767,0.02784,0.02736,0.02783,935822.2
1771200000000,2026-02-16 02:00:00,0.02783,0.02799,0.02772,0.0278,1286231.9
1771203600000,2026-02-16 03:00:00,0.0278,0.02791,0.0276,0.02772,381825.0
1771207200000,2026-02-16 04:00:00,0.02772,0.02783,0.02766,0.02772,1793743.9
1771210800000,2026-02-16 05:00:00,0.02772,0.02789,0.02771,0.02788,1468026.7
1771214400000,2026-02-16 06:00:00,0.02788,0.028,0.02785,0.02798,385192.4
1771218000000,2026-02-16 07:00:00,0.02798,0.02806,0.02757,0.02765,507122.9
1771221600000,2026-02-16 08:00:00,0.02765,0.02783,0.02762,0.02778,345686.9
1771225200000,2026-02-16 09:00:00,0.02778,0.02778,0.02756,0.02764,666653.9
1771228800000,2026-02-16 10:00:00,0.02764,0.02778,0.02761,0.02769,1419402.4
1771232400000,2026-02-16 11:00:00,0.02769,0.02791,0.02767,0.02785,323676.8
1771236000000,2026-02-16 12:00:00,0.02785,0.02788,0.0277,0.02771,626716.9
1771239600000,2026-02-16 13:00:00,0.02771,0.02781,0.02738,0.02774,1011044.3
1771243200000,2026-02-16 14:00:00,0.02774,0.02828,0.02772,0.02828,2452642.4
1771246800000,2026-02-16 15:00:00,0.02828,0.02839,0.02766,0.02773,2060430.9
1771250400000,2026-02-16 16:00:00,0.02773,0.02802,0.02761,0.02789,733253.2
1771254000000,2026-02-16 17:00:00,0.02789,0.02801,0.02728,0.02747,1531888.7
1771257600000,2026-02-16 18:00:00,0.02747,0.02776,0.02744,0.02764,1030396.5
1771261200000,2026-02-16 19:00:00,0.02764,0.02772,0.02754,0.02759,599475.1
1771264800000,2026-02-16 20:00:00,0.02759,0.02777,0.02758,0.02761,661079.2
1771268400000,2026-02-16 21:00:00,0.02761,0.02791,0.02756,0.02784,461748.5
1771272000000,2026-02-16 22:00:00,0.02784,0.02813,0.02774,0.0281,690726.1
1771275600000,2026-02-16 23:00:00,0.0281,0.02828,0.02803,0.02827,795646.7
1771279200000,2026-02-17 00:00:00,0.02827,0.02834,0.02808,0.02812,740930.6
1771282800000,2026-02-17 01:00:00,0.02812,0.02817,0.02808,0.02814,403973.5
1771286400000,2026-02-17 02:00:00,0.02814,0.02819,0.02801,0.02802,276037.2
1771290000000,2026-02-17 03:00:00,0.02802,0.02807,0.02791,0.02794,305451.6
1771293600000,2026-02-17 04:00:00,0.02794,0.02815,0.02781,0.02813,261029.9
1771297200000,2026-02-17 05:00:00,0.02813,0.02813,0.02792,0.02792,156838.9
1771300800000,2026-02-17 06:00:00,0.02792,0.02805,0.02788,0.02795,442657.4
1771304400000,2026-02-17 07:00:00,0.02795,0.02796,0.02761,0.02782,505985.0
1771308000000,2026-02-17 08:00:00,0.02782,0.02792,0.02781,0.02789,289380.9
1771311600000,2026-02-17 09:00:00,0.02789,0.028,0.02784,0.02794,304127.6
1771315200000,2026-02-17 10:00:00,0.02794,0.02798,0.02773,0.02779,780922.6
1771318800000,2026-02-17 11:00:00,0.02779,0.02781,0.02768,0.02779,838378.9
1771322400000,2026-02-17 12:00:00,0.02779,0.02781,0.02761,0.02768,970437.2
1771326000000,2026-02-17 13:00:00,0.02768,0.02783,0.02766,0.02776,688575.2
1771329600000,2026-02-17 14:00:00,0.02776,0.0279,0.0277,0.02772,593647.6
1771333200000,2026-02-17 15:00:00,0.02772,0.02799,0.0277,0.02791,850199.2
1771336800000,2026-02-17 16:00:00,0.02791,0.02799,0.02731,0.0274,2021268.8
1771340400000,2026-02-17 17:00:00,0.0274,0.02774,0.02732,0.02774,1488913.1
1771344000000,2026-02-17 18:00:00,0.02774,0.02814,0.02767,0.02782,1535306.8
1771347600000,2026-02-17 19:00:00,0.02782,0.02784,0.02747,0.02759,922049.1
1771351200000,2026-02-17 20:00:00,0.02759,0.02808,0.02756,0.02799,934094.5
1771354800000,2026-02-17 21:00:00,0.02799,0.02804,0.0278,0.02783,339216.4
1771358400000,2026-02-17 22:00:00,0.02783,0.02787,0.02763,0.0277,317990.4
1771362000000,2026-02-17 23:00:00,0.0277,0.02782,0.02767,0.02777,350173.3
1771365600000,2026-02-18 00:00:00,0.02777,0.02779,0.02766,0.02766,274447.2
1771369200000,2026-02-18 01:00:00,0.02766,0.02776,0.02762,0.0277,607717.9
1771372800000,2026-02-18 02:00:00,0.0277,0.02778,0.02763,0.02764,275131.8
1771376400000,2026-02-18 03:00:00,0.02764,0.02767,0.02747,0.02758,1087378.4
1771380000000,2026-02-18 04:00:00,0.02758,0.02781,0.02755,0.02771,401285.3
1771383600000,2026-02-18 05:00:00,0.02771,0.02785,0.02771,0.02781,177703.8
1771387200000,2026-02-18 06:00:00,0.02781,0.02782,0.02771,0.02777,289790.3
1771390800000,2026-02-18 07:00:00,0.02777,0.02784,0.02774,0.02777,156553.8
1771394400000,2026-02-18 08:00:00,0.02777,0.02782,0.02773,0.02774,245298.2
1771398000000,2026-02-18 09:00:00,0.02774,0.02795,0.02773,0.02791,271924.2
1771401600000,2026-02-18 10:00:00,0.02791,0.02801,0.02783,0.02783,236470.9
1771405200000,2026-02-18 11:00:00,0.02783,0.02787,0.02781,0.02783,202761.4
1771408800000,2026-02-18 12:00:00,0.02783,0.02791,0.02769,0.02769,186812.8
1771412400000,2026-02-18 13:00:00,0.02769,0.02773,0.02742,0.02756,2037592.7
1771416000000,2026-02-18 14:00:00,0.02756,0.02762,0.02743,0.02746,716990.2
1771419600000,2026-02-18 15:00:00,0.02746,0.02748,0.02709,0.02721,1856674.8
1771423200000,2026-02-18 16:00:00,0.02721,0.02739,0.02709,0.02731,1911234.3
1771426800000,2026-02-18 17:00:00,0.02731,0.02779,0.02729,0.02758,2280789.8
1771430400000,2026-02-18 18:00:00,0.02758,0.02761,0.02726,0.02729,1041159.7
1771434000000,2026-02-18 19:00:00,0.02729,0.02755,0.02721,0.02722,1293280.3
1771437600000,2026-02-18 20:00:00,0.02722,0.02726,0.02685,0.02695,1342865.1
1771441200000,2026-02-18 21:00:00,0.02695,0.02708,0.0266,0.02678,814796.7
1771444800000,2026-02-18 22:00:00,0.02678,0.02692,0.02666,0.02672,2656603.1
1771448400000,2026-02-18 23:00:00,0.02672,0.02682,0.02665,0.02667,1181215.8
1771452000000,2026-02-19 00:00:00,0.02667,0.02672,0.02648,0.02666,1473272.1
1771455600000,2026-02-19 01:00:00,0.02666,0.02685,0.02658,0.02685,415250.5
1771459200000,2026-02-19 02:00:00,0.02685,0.02685,0.02663,0.02665,610261.1
1771462800000,2026-02-19 03:00:00,0.02665,0.02699,0.02665,0.02696,1121060.0
1771466400000,2026-02-19 04:00:00,0.02696,0.027,0.02684,0.02695,272468.1
1771470000000,2026-02-19 05:00:00,0.02695,0.02703,0.0269,0.02701,251730.3
1771473600000,2026-02-19 06:00:00,0.02701,0.02705,0.02694,0.02699,176647.7
1771477200000,2026-02-19 07:00:00,0.02699,0.02701,0.02679,0.02691,197153.2
1771480800000,2026-02-19 08:00:00,0.02691,0.02706,0.0269,0.02696,269233.0
1771484400000,2026-02-19 09:00:00,0.02696,0.02701,0.02688,0.02694,568030.7
1771488000000,2026-02-19 10:00:00,0.02694,0.02694,0.02653,0.02668,655803.7
1771491600000,2026-02-19 11:00:00,0.02668,0.02685,0.02667,0.02672,829087.2
