timestamp,datetime,open,high,low,close,volume
1735207200000,2024-12-26 12:00:00,0.2099,0.21296,0.20873,0.21112,2617570.0
1735214400000,2024-12-26 14:00:00,0.21112,0.21124,0.20753,0.20898,3962017.4
1735221600000,2024-12-26 16:00:00,0.20898,0.2112,0.20713,0.20796,2906992.0
1735228800000,2024-12-26 18:00:00,0.20796,0.2104,0.20518,0.20725,3916574.0
1735236000000,2024-12-26 20:00:00,0.20725,0.20906,0.20621,0.2089,1504739.3
1735243200000,2024-12-26 22:00:00,0.2089,0.20925,0.20538,0.20792,3087340.6
1735250400000,2024-12-27 00:00:00,0.20792,0.20907,0.2063,0.2076,1848691.5
1735257600000,2024-12-27 02:00:00,0.2076,0.21071,0.20579,0.20958,2193927.4
1735264800000,2024-12-27 04:00:00,0.20958,0.21184,0.20822,0.21045,2229640.1
1735272000000,2024-12-27 06:00:00,0.21045,0.21183,0.20754,0.20902,1654622.7
1735279200000,2024-12-27 08:00:00,0.20902,0.21195,0.2046,0.20688,3442626.4
1735286400000,2024-12-27 10:00:00,0.20688,0.21829,0.20676,0.21664,7452897.1
1735293600000,2024-12-27 12:00:00,0.21664,0.21708,0.21215,0.21594,3810932.8
1735300800000,2024-12-27 14:00:00,0.21594,0.2168,0.21206,0.21265,2114205.0
1735308000000,2024-12-27 16:00:00,0.21265,0.21265,0.20543,0.2068,6806177.2
1735315200000,2024-12-27 18:00:00,0.2068,0.21188,0.20449,0.21142,4270495.8
1735322400000,2024-12-27 20:00:00,0.21142,0.2119,0.20959,0.21075,1493652.4
1735329600000,2024-12-27 22:00:00,0.21075,0.21107,0.20702,0.20721,1917348.6
1735336800000,2024-12-28 00:00:00,0.20721,0.20812,0.20535,0.20713,1739432.1
1735344000000,2024-12-28 02:00:00,0.20713,0.20878,0.20563,0.20717,1951735.5
1735351200000,2024-12-28 04:00:00,0.20717,0.20863,0.20642,0.20815,1050190.4
1735358400000,2024-12-28 06:00:00,0.20815,0.20848,0.2067,0.2077,912531.6
1735365600000,2024-12-28 08:00:00,0.2077,0.20786,0.20495,0.20517,1490770.9
1735372800000,2024-12-28 10:00:00,0.20517,0.20767,0.20515,0.20686,1189746.8
1735380000000,2024-12-28 12:00:00,0.20686,0.20714,0.20448,0.20651,1502697.6
1735387200000,2024-12-28 14:00:00,0.20651,0.21047,0.20427,0.20991,2908802.4
1735394400000,2024-12-28 16:00:00,0.20991,0.21461,0.20936,0.20954,6739797.1
1735401600000,2024-12-28 18:00:00,0.20954,0.21556,0.20859,0.21359,2676844.7
1735408800000,2024-12-28 20:00:00,0.21359,0.21403,0.2118,0.21341,1064336.2
1735416000000,2024-12-28 22:00:00,0.21341,0.21592,0.212,0.21592,1643617.3
1735423200000,2024-12-29 00:00:00,0.21592,0.21747,0.21523,0.2157,2078212.5
1735430400000,2024-12-29 02:00:00,0.2157,0.21646,0.2123,0.21255,2444342.4
1735437600000,2024-12-29 04:00:00,0.21255,0.21842,0.21255,0.21841,1794697.7
1735444800000,2024-12-29 06:00:00,0.21841,0.2191,0.21465,0.2147,1534454.6
1735452000000,2024-12-29 08:00:00,0.2147,0.21732,0.21368,0.21727,1294226.1
1735459200000,2024-12-29 10:00:00,0.21727,0.21766,0.21369,0.21459,1037796.8
1735466400000,2024-12-29 12:00:00,0.21459,0.21501,0.21247,0.21247,1908031.4
1735473600000,2024-12-29 14:00:00,0.21247,0.2136,0.21096,0.21329,1942824.0
1735480800000,2024-12-29 16:00:00,0.21329,0.2154,0.20977,0.21113,3295809.7
1735488000000,2024-12-29 18:00:00,0.21113,0.21115,0.20681,0.20769,4672374.5
1735495200000,2024-12-29 20:00:00,0.20769,0.20803,0.2062,0.20714,3927872.5
1735502400000,2024-12-29 22:00:00,0.20714,0.20807,0.20487,0.20568,2492913.6
1735509600000,2024-12-30 00:00:00,0.20568,0.2073,0.20352,0.20665,4509434.5
1735516800000,2024-12-30 02:00:00,0.20665,0.21571,0.20542,0.21258,4541024.8
1735524000000,2024-12-30 04:00:00,0.21258,0.21454,0.2111,0.21142,3632563.0
1735531200000,2024-12-30 06:00:00,0.21142,0.21277,0.20912,0.21076,1464451.4
1735538400000,2024-12-30 08:00:00,0.21076,0.21368,0.2091,0.21025,1790353.9
1735545600000,2024-12-30 10:00:00,0.21025,0.2123,0.20851,0.20953,2206898.8
1735552800000,2024-12-30 12:00:00,0.20953,0.21014,0.20626,0.20862,2386930.2
1735560000000,2024-12-30 14:00:00,0.20862,0.21052,0.20114,0.20129,3928328.9
1735567200000,2024-12-30 16:00:00,0.20129,0.203,0.19872,0.20023,4956001.1
1735574400000,2024-12-30 18:00:00,0.20023,0.20673,0.19813,0.20563,3317584.9
1735581600000,2024-12-30 20:00:00,0.20563,0.20927,0.20519,0.20908,2690689.6
1735588800000,2024-12-30 22:00:00,0.20908,0.21171,0.2016,0.20182,6034020.9
1735596000000,2024-12-31 00:00:00,0.20182,0.20456,0.20173,0.20372,1768809.7
1735603200000,2024-12-31 02:00:00,0.20372,0.20375,0.19898,0.20031,2142045.1
1735610400000,2024-12-31 04:00:00,0.20031,0.20054,0.19824,0.19863,1722821.5
1735617600000,2024-12-31 06:00:00,0.19863,0.2002,0.1979,0.19833,1858304.6
1735624800000,2024-12-31 08:00:00,0.19833,0.20013,0.19761,0.19987,3098996.4
1735632000000,2024-12-31 10:00:00,0.19987,0.20634,0.19964,0.20427,3303610.0
1735639200000,2024-12-31 12:00:00,0.20427,0.20542,0.20256,0.20433,1536380.2
1735646400000,2024-12-31 14:00:00,0.20433,0.2093,0.2033,0.20788,2692278.0
1735653600000,2024-12-31 16:00:00,0.20788,0.21072,0.2064,0.20807,3028825.4
1735660800000,2024-12-31 18:00:00,0.20807,0.20886,0.20159,0.20423,3629225.5
1735668000000,2024-12-31 20:00:00,0.20423,0.20537,0.20223,0.20294,1264322.6
1735675200000,2024-12-31 22:00:00,0.20294,0.20363,0.20077,0.20215,3667728.6
1735682400000,2025-01-01 00:00:00,0.20215,0.20215,0.19854,0.19955,2159106.2
1735689600000,2025-01-01 02:00:00,0.19955,0.20395,0.19914,0.20108,3717534.2
1735696800000,2025-01-01 04:00:00,0.20108,0.20176,0.19966,0.19988,8890308.8
1735704000000,2025-01-01 06:00:00,0.19988,0.19998,0.19857,0.19941,1891341.3
1735711200000,2025-01-01 08:00:00,0.19941,0.19969,0.19812,0.19916,902169.1
1735718400000,2025-01-01 10:00:00,0.19916,0.19976,0.19545,0.19696,1997979.0
1735725600000,2025-01-01 12:00:00,0.19696,0.20034,0.19668,0.19891,2514579.7
1735732800000,2025-01-01 14:00:00,0.19891,0.20299,0.19851,0.20076,2724023.4
1735740000000,2025-01-01 16:00:00,0.20076,0.20356,0.19892,0.20354,2635568.3
1735747200000,2025-01-01 18:00:00,0.20354,0.20554,0.20116,0.20449,4673235.2
1735754400000,2025-01-01 20:00:00,0.20449,0.2099,0.20353,0.20882,4566445.7
1735761600000,2025-01-01 22:00:00,0.20882,0.21108,0.20882,0.2097,2831012.7
1735768800000,2025-01-02 00:00:00,0.2097,0.2098,0.20824,0.20842,2420111.9
1735776000000,2025-01-02 02:00:00,0.20842,0.21388,0.20818,0.21177,3942935.3
1735783200000,2025-01-02 04:00:00,0.21177,0.21406,0.21109,0.21351,1580415.8
1735790400000,2025-01-02 06:00:00,0.21351,0.2164,0.2134,0.215,2666859.6
1735797600000,2025-01-02 08:00:00,0.215,0.217,0.21312,0.21581,2443183.9
1735804800000,2025-01-02 10:00:00,0.21581,0.22233,0.21509,0.22226,4043527.7
1735812000000,2025-01-02 12:00:00,0.22226,0.22415,0.22066,0.22274,7043794.2
1735819200000,2025-01-02 14:00:00,0.22274,0.22383,0.2209,0.22162,3092687.9
1735826400000,2025-01-02 16:00:00,0.22162,0.22634,0.21912,0.22128,6836894.8
1735833600000,2025-01-02 18:00:00,0.22128,0.2236,0.21864,0.22044,4100533.4
1735840800000,2025-01-02 20:00:00,0.22044,0.22253,0.21963,0.22089,2145705.6
1735848000000,2025-01-02 22:00:00,0.22089,0.22255,0.21947,0.22022,1361108.1
1735855200000,2025-01-03 00:00:00,0.22022,0.22034,0.21751,0.21965,2489733.5
1735862400000,2025-01-03 02:00:00,0.21965,0.22087,0.21683,0.21879,2604000.0
1735869600000,2025-01-03 04:00:00,0.21879,0.22213,0.21833,0.22116,3972767.8
1735876800000,2025-01-03 06:00:00,0.22116,0.22119,0.21706,0.21771,1949738.7
1735884000000,2025-01-03 08:00:00,0.21771,0.21934,0.21588,0.21621,2314286.8
1735891200000,2025-01-03 10:00:00,0.21621,0.22359,0.21574,0.22245,3844063.6
1735898400000,2025-01-03 12:00:00,0.22245,0.22888,0.22043,0.22816,4824023.8
1735905600000,2025-01-03 14:00:00,0.22816,0.23302,0.22772,0.23144,6313039.7
1735912800000,2025-01-03 16:00:00,0.23144,0.24082,0.23138,0.23978,8167660.2
1735920000000,2025-01-03 18:00:00,0.23978,0.2418,0.23838,0.24101,4327673.5
1735927200000,2025-01-03 20:00:00,0.24101,0.24395,0.24077,0.24215,3823174.0
1735934400000,2025-01-03 22:00:00,0.24215,0.24239,0.23944,0.24084,3630399.0
1735941600000,2025-01-04 00:00:00,0.24084,0.24181,0.23975,0.24168,1389661.3
1735948800000,2025-01-04 02:00:00,0.24168,0.24268,0.23768,0.24195,3645548.6
1735956000000,2025-01-04 04:00:00,0.24195,0.24416,0.24089,0.24338,3600480.9
1735963200000,2025-01-04 06:00:00,0.24338,0.24346,0.2395,0.24282,1755867.4
1735970400000,2025-01-04 08:00:00,0.24282,0.24438,0.24207,0.24324,4246402.0
1735977600000,2025-01-04 10:00:00,0.24324,0.2437,0.23901,0.23983,3378716.7
1735984800000,2025-01-04 12:00:00,0.23983,0.24072,0.23685,0.24044,4139683.5
1735992000000,2025-01-04 14:00:00,0.24044,0.24536,0.23998,0.24498,3448792.5
1735999200000,2025-01-04 16:00:00,0.24498,0.2463,0.23768,0.23917,5658385.3
1736006400000,2025-01-04 18:00:00,0.23917,0.24174,0.23853,0.24162,3041809.7
1736013600000,2025-01-04 20:00:00,0.24162,0.24229,0.23995,0.24126,2496276.1
1736020800000,2025-01-04 22:00:00,0.24126,0.24259,0.24053,0.24063,1298408.1
1736028000000,2025-01-05 00:00:00,0.24063,0.2412,0.23982,0.24032,763369.3
1736035200000,2025-01-05 02:00:00,0.24032,0.24095,0.23797,0.2389,1584639.7
1736042400000,2025-01-05 04:00:00,0.2389,0.23966,0.23776,0.23883,1325166.3
1736049600000,2025-01-05 06:00:00,0.23883,0.24194,0.23867,0.23929,2083480.9
1736056800000,2025-01-05 08:00:00,0.23929,0.24158,0.23901,0.24029,1371496.9
1736064000000,2025-01-05 10:00:00,0.24029,0.24067,0.23574,0.23587,3493731.4
1736071200000,2025-01-05 12:00:00,0.23587,0.23759,0.23428,0.23633,3325607.5
1736078400000,2025-01-05 14:00:00,0.23633,0.23754,0.23446,0.23469,2136508.9
1736085600000,2025-01-05 16:00:00,0.23469,0.23849,0.23164,0.23721,10158855.9
1736092800000,2025-01-05 18:00:00,0.23721,0.23975,0.23635,0.2371,2051542.1
1736100000000,2025-01-05 20:00:00,0.2371,0.24147,0.23616,0.2409,3385923.7
1736107200000,2025-01-05 22:00:00,0.2409,0.24431,0.23905,0.24421,2850372.1
1736114400000,2025-01-06 00:00:00,0.24421,0.24623,0.242,0.24284,4491231.4
1736121600000,2025-01-06 02:00:00,0.24284,0.24358,0.23659,0.24161,3863117.2
1736128800000,2025-01-06 04:00:00,0.24161,0.24646,0.24135,0.24401,5021332.3
1736136000000,2025-01-06 06:00:00,0.24401,0.24683,0.2429,0.24317,4176545.5
1736143200000,2025-01-06 08:00:00,0.24317,0.24432,0.24071,0.24278,2135588.6
1736150400000,2025-01-06 10:00:00,0.24278,0.24377,0.2387,0.24044,3699165.7
1736157600000,2025-01-06 12:00:00,0.24044,0.24276,0.23878,0.24252,1771967.7
1736164800000,2025-01-06 14:00:00,0.24252,0.24355,0.23957,0.2434,2141682.4
1736172000000,2025-01-06 16:00:00,0.2434,0.25141,0.23928,0.25092,6101718.3
1736179200000,2025-01-06 18:00:00,0.25092,0.25535,0.24548,0.24743,5922996.8
1736186400000,2025-01-06 20:00:00,0.24743,0.2487,0.24578,0.24797,1496333.0
1736193600000,2025-01-06 22:00:00,0.24797,0.25003,0.24417,0.24471,3044655.7
1736200800000,2025-01-07 00:00:00,0.24471,0.2479,0.2441,0.2479,2311616.2
1736208000000,2025-01-07 02:00:00,0.2479,0.24915,0.24414,0.24743,1964712.1
1736215200000,2025-01-07 04:00:00,0.24743,0.24759,0.24228,0.24608,2011426.4
1736222400000,2025-01-07 06:00:00,0.24608,0.24718,0.2423,0.24282,2396054.5
1736229600000,2025-01-07 08:00:00,0.24282,0.24621,0.2423,0.24463,2162612.2
1736236800000,2025-01-07 10:00:00,0.24463,0.24803,0.24333,0.2444,1575493.4
1736244000000,2025-01-07 12:00:00,0.2444,0.2446,0.23905,0.24075,3706721.7
1736251200000,2025-01-07 14:00:00,0.24075,0.24646,0.23898,0.24539,5300050.9
1736258400000,2025-01-07 16:00:00,0.24539,0.24578,0.22778,0.23134,22584650.4
1736265600000,2025-01-07 18:00:00,0.23134,0.233,0.22626,0.22754,10616496.3
1736272800000,2025-01-07 20:00:00,0.22754,0.22918,0.22221,0.22308,5478627.4
1736280000000,2025-01-07 22:00:00,0.22308,0.22621,0.22106,0.22171,5498974.3
1736287200000,2025-01-08 00:00:00,0.22171,0.22483,0.22038,0.22045,2645862.1
1736294400000,2025-01-08 02:00:00,0.22045,0.22297,0.21766,0.2191,3389695.7
1736301600000,2025-01-08 04:00:00,0.2191,0.22068,0.21464,0.21628,4605248.7
1736308800000,2025-01-08 06:00:00,0.21628,0.21671,0.21215,0.21294,4233951.5
1736316000000,2025-01-08 08:00:00,0.21294,0.21456,0.20734,0.212,6646567.5
1736323200000,2025-01-08 10:00:00,0.212,0.21555,0.21128,0.21128,3376654.0
1736330400000,2025-01-08 12:00:00,0.21128,0.21345,0.20866,0.21019,2857847.8
1736337600000,2025-01-08 14:00:00,0.21019,0.21202,0.20797,0.21054,3608779.3
1736344800000,2025-01-08 16:00:00,0.21054,0.21363,0.20875,0.21093,5061807.8
1736352000000,2025-01-08 18:00:00,0.21093,0.21119,0.19752,0.20515,13816597.7
1736359200000,2025-01-08 20:00:00,0.20515,0.21169,0.20474,0.20631,7536886.6
1736366400000,2025-01-08 22:00:00,0.20631,0.20808,0.20462,0.20702,3581076.4
1736373600000,2025-01-09 00:00:00,0.20702,0.21242,0.20692,0.21138,3150672.8
1736380800000,2025-01-09 02:00:00,0.21138,0.21334,0.20876,0.21129,2519254.9
1736388000000,2025-01-09 04:00:00,0.21129,0.21264,0.20764,0.21039,3801114.5
1736395200000,2025-01-09 06:00:00,0.21039,0.2115,0.20882,0.21025,2402924.8
1736402400000,2025-01-09 08:00:00,0.21025,0.21086,0.20327,0.20397,3737624.6
1736409600000,2025-01-09 10:00:00,0.20397,0.20871,0.20387,0.20726,3552405.0
1736416800000,2025-01-09 12:00:00,0.20726,0.20873,0.20401,0.20635,3572402.7
1736424000000,2025-01-09 14:00:00,0.20635,0.20786,0.19931,0.19949,5240815.0
1736431200000,2025-01-09 16:00:00,0.19949,0.21004,0.19834,0.20871,6492362.7
1736438400000,2025-01-09 18:00:00,0.20871,0.21,0.20238,0.20434,9665824.4
1736445600000,2025-01-09 20:00:00,0.20434,0.2067,0.20059,0.20101,4780245.2
1736452800000,2025-01-09 22:00:00,0.20101,0.20394,0.19839,0.20105,4847016.8
1736460000000,2025-01-10 00:00:00,0.20105,0.2048,0.20025,0.20313,2097218.3
1736467200000,2025-01-10 02:00:00,0.20313,0.20429,0.20145,0.20394,2366762.1
1736474400000,2025-01-10 04:00:00,0.20394,0.20646,0.20316,0.20576,1982184.3
1736481600000,2025-01-10 06:00:00,0.20576,0.20933,0.20404,0.20692,2642128.4
1736488800000,2025-01-10 08:00:00,0.20692,0.21131,0.20662,0.20841,5123381.8
1736496000000,2025-01-10 10:00:00,0.20841,0.20879,0.20627,0.20724,4274130.9
1736503200000,2025-01-10 12:00:00,0.20724,0.20773,0.20412,0.20699,4027613.9
1736510400000,2025-01-10 14:00:00,0.20699,0.20743,0.19885,0.20152,11764095.3
1736517600000,2025-01-10 16:00:00,0.20152,0.20547,0.19768,0.20263,11682259.6
1736524800000,2025-01-10 18:00:00,0.20263,0.20836,0.19975,0.20799,6014542.9
1736532000000,2025-01-10 20:00:00,0.20799,0.20803,0.20452,0.20741,3626940.1
1736539200000,2025-01-10 22:00:00,0.20741,0.20746,0.20409,0.20527,1787727.2
1736546400000,2025-01-11 00:00:00,0.20527,0.20675,0.20432,0.20561,1690204.1
1736553600000,2025-01-11 02:00:00,0.20561,0.20665,0.20272,0.2032,2806699.1
1736560800000,2025-01-11 04:00:00,0.2032,0.20408,0.20139,0.20194,1539605.1
1736568000000,2025-01-11 06:00:00,0.20194,0.20328,0.20092,0.20327,1710448.0
1736575200000,2025-01-11 08:00:00,0.20327,0.2042,0.20152,0.20224,1481582.0
1736582400000,2025-01-11 10:00:00,0.20224,0.20318,0.20055,0.20188,1392507.2
1736589600000,2025-01-11 12:00:00,0.20188,0.20515,0.20188,0.20455,1697499.4
1736596800000,2025-01-11 14:00:00,0.20455,0.20487,0.20179,0.20301,1648541.0
1736604000000,2025-01-11 16:00:00,0.20301,0.20409,0.2019,0.20252,2224755.3
1736611200000,2025-01-11 18:00:00,0.20252,0.20406,0.20133,0.20222,2017507.6
1736618400000,2025-01-11 20:00:00,0.20222,0.20296,0.20096,0.20183,2231926.2
1736625600000,2025-01-11 22:00:00,0.20183,0.21007,0.20158,0.20932,4783716.8
1736632800000,2025-01-12 00:00:00,0.20932,0.20976,0.20511,0.2057,1983607.6
1736640000000,2025-01-12 02:00:00,0.2057,0.20665,0.20463,0.20611,1915634.9
1736647200000,2025-01-12 04:00:00,0.20611,0.20656,0.20427,0.2057,827347.8
1736654400000,2025-01-12 06:00:00,0.2057,0.20637,0.20371,0.20424,2584818.9
1736661600000,2025-01-12 08:00:00,0.20424,0.20489,0.20179,0.20329,1746772.3
1736668800000,2025-01-12 10:00:00,0.20329,0.20351,0.20059,0.2014,1456214.2
1736676000000,2025-01-12 12:00:00,0.2014,0.20295,0.20005,0.2023,1601712.9
1736683200000,2025-01-12 14:00:00,0.2023,0.20385,0.20168,0.20323,1756829.5
1736690400000,2025-01-12 16:00:00,0.20323,0.20544,0.20241,0.20465,1631887.5
1736697600000,2025-01-12 18:00:00,0.20465,0.20522,0.20298,0.20391,1768404.0
1736704800000,2025-01-12 20:00:00,0.20391,0.20539,0.2023,0.20276,1782378.9
1736712000000,2025-01-12 22:00:00,0.20276,0.20319,0.20038,0.20058,1796641.4
1736719200000,2025-01-13 00:00:00,0.20058,0.20171,0.19841,0.20144,2420788.2
1736726400000,2025-01-13 02:00:00,0.20144,0.20591,0.20037,0.20081,3144145.6
1736733600000,2025-01-13 04:00:00,0.20081,0.20134,0.19514,0.19588,3619178.1
1736740800000,2025-01-13 06:00:00,0.19588,0.19926,0.1938,0.19469,2781887.7
1736748000000,2025-01-13 08:00:00,0.19469,0.19599,0.19138,0.19311,3779805.1
1736755200000,2025-01-13 10:00:00,0.19311,0.19354,0.187,0.18848,4292943.1
1736762400000,2025-01-13 12:00:00,0.18848,0.18856,0.18143,0.18151,6396043.6
1736769600000,2025-01-13 14:00:00,0.18151,0.18853,0.1806,0.18546,5617113.6
1736776800000,2025-01-13 16:00:00,0.18546,0.19323,0.18038,0.1903,11944771.5
1736784000000,2025-01-13 18:00:00,0.1903,0.19096,0.18446,0.18547,3928963.1
1736791200000,2025-01-13 20:00:00,0.18547,0.18752,0.18227,0.18637,5769920.7
1736798400000,2025-01-13 22:00:00,0.18637,0.19383,0.18473,0.19316,4584036.4
1736805600000,2025-01-14 00:00:00,0.19316,0.19542,0.19274,0.19289,2546126.9
1736812800000,2025-01-14 02:00:00,0.19289,0.19551,0.19201,0.19363,3474590.2
1736820000000,2025-01-14 04:00:00,0.19363,0.19621,0.19327,0.1948,1144452.3
1736827200000,2025-01-14 06:00:00,0.1948,0.19898,0.1948,0.19564,2568591.0
1736834400000,2025-01-14 08:00:00,0.19564,0.19742,0.19513,0.19529,1876708.3
1736841600000,2025-01-14 10:00:00,0.19529,0.20209,0.19529,0.20126,4259405.6
1736848800000,2025-01-14 12:00:00,0.20126,0.20126,0.19769,0.19939,3902647.3
1736856000000,2025-01-14 14:00:00,0.19939,0.20144,0.19668,0.19935,5623444.7
1736863200000,2025-01-14 16:00:00,0.19935,0.20239,0.19842,0.19957,3230616.2
1736870400000,2025-01-14 18:00:00,0.19957,0.20181,0.19748,0.20139,5435735.6
1736877600000,2025-01-14 20:00:00,0.20139,0.20362,0.20111,0.20189,3134403.2
1736884800000,2025-01-14 22:00:00,0.20189,0.20419,0.20054,0.20246,1884254.4
1736892000000,2025-01-15 00:00:00,0.20246,0.20462,0.20246,0.2038,848807.0
1736899200000,2025-01-15 02:00:00,0.2038,0.20528,0.20165,0.20278,2270999.7
1736906400000,2025-01-15 04:00:00,0.20278,0.20385,0.20033,0.20228,2026666.4
1736913600000,2025-01-15 06:00:00,0.20228,0.20366,0.20085,0.20265,2261797.6
1736920800000,2025-01-15 08:00:00,0.20265,0.2049,0.20126,0.2036,1442559.8
1736928000000,2025-01-15 10:00:00,0.2036,0.20521,0.19904,0.1995,4236889.7
1736935200000,2025-01-15 12:00:00,0.1995,0.20054,0.19628,0.1981,5163924.9
1736942400000,2025-01-15 14:00:00,0.1981,0.20954,0.19644,0.20946,10904640.2
1736949600000,2025-01-15 16:00:00,0.20946,0.21568,0.208,0.21399,8509308.8
1736956800000,2025-01-15 18:00:00,0.21399,0.21658,0.21024,0.21042,4329906.9
1736964000000,2025-01-15 20:00:00,0.21042,0.21426,0.21042,0.21396,3155543.1
1736971200000,2025-01-15 22:00:00,0.21396,0.21558,0.21172,0.21255,4299314.6
1736978400000,2025-01-16 00:00:00,0.21255,0.2161,0.21187,0.21608,2291331.0
1736985600000,2025-01-16 02:00:00,0.21608,0.21679,0.21096,0.2141,3073259.8
1736992800000,2025-01-16 04:00:00,0.2141,0.21424,0.21129,0.21263,2078669.7
1737000000000,2025-01-16 06:00:00,0.21263,0.21313,0.21128,0.21162,988310.3
1737007200000,2025-01-16 08:00:00,0.21162,0.21375,0.21094,0.21275,901442.0
1737014400000,2025-01-16 10:00:00,0.21275,0.21323,0.2069,0.21021,4098360.0
1737021600000,2025-01-16 12:00:00,0.21021,0.21292,0.20926,0.21278,3357130.8
1737028800000,2025-01-16 14:00:00,0.21278,0.21836,0.21141,0.21441,9156587.5
1737036000000,2025-01-16 16:00:00,0.21441,0.21556,0.20784,0.21401,9221456.4
1737043200000,2025-01-16 18:00:00,0.21401,0.219,0.21375,0.2176,4244492.7
1737050400000,2025-01-16 20:00:00,0.2176,0.21893,0.21481,0.21794,2803169.4
1737057600000,2025-01-16 22:00:00,0.21794,0.21876,0.21391,0.21468,2960016.4
1737064800000,2025-01-17 00:00:00,0.21468,0.21498,0.21067,0.21247,2462361.0
1737072000000,2025-01-17 02:00:00,0.21247,0.22214,0.21238,0.22182,5486734.3
1737079200000,2025-01-17 04:00:00,0.22182,0.22238,0.21835,0.21901,2954953.4
1737086400000,2025-01-17 06:00:00,0.21901,0.22257,0.2178,0.22152,3137328.2
1737093600000,2025-01-17 08:00:00,0.22152,0.2301,0.22121,0.22868,6480548.2
1737100800000,2025-01-17 10:00:00,0.22868,0.23271,0.22595,0.2311,7340714.3
1737108000000,2025-01-17 12:00:00,0.2311,0.23287,0.22917,0.23151,5324899.3
1737115200000,2025-01-17 14:00:00,0.23151,0.23562,0.22933,0.23318,6186121.4
1737122400000,2025-01-17 16:00:00,0.23318,0.23523,0.23112,0.23446,8212402.7
1737129600000,2025-01-17 18:00:00,0.23446,0.23665,0.23095,0.2313,5577134.3
1737136800000,2025-01-17 20:00:00,0.2313,0.2344,0.23092,0.2332,2625696.0
1737144000000,2025-01-17 22:00:00,0.2332,0.23743,0.23248,0.23512,3503753.6
1737151200000,2025-01-18 00:00:00,0.23512,0.23783,0.23491,0.23493,1955213.8
1737158400000,2025-01-18 02:00:00,0.23493,0.23861,0.23493,0.23674,4728565.4
1737165600000,2025-01-18 04:00:00,0.23674,0.23767,0.22809,0.22895,5828156.8
1737172800000,2025-01-18 06:00:00,0.22895,0.23002,0.22078,0.22098,7169369.4
1737180000000,2025-01-18 08:00:00,0.22098,0.22439,0.2191,0.21939,4477444.2
1737187200000,2025-01-18 10:00:00,0.21939,0.22131,0.21649,0.21967,6238236.7
1737194400000,2025-01-18 12:00:00,0.21967,0.22371,0.21722,0.22301,3753654.7
1737201600000,2025-01-18 14:00:00,0.22301,0.22555,0.21998,0.22526,3961959.3
1737208800000,2025-01-18 16:00:00,0.22526,0.22539,0.21962,0.21967,4713225.7
1737216000000,2025-01-18 18:00:00,0.21967,0.22098,0.21544,0.21588,5911166.8
1737223200000,2025-01-18 20:00:00,0.21588,0.21776,0.21442,0.21738,2980676.2
1737230400000,2025-01-18 22:00:00,0.21738,0.21776,0.21309,0.21409,5133483.3
1737237600000,2025-01-19 00:00:00,0.21409,0.21948,0.21344,0.21844,3031595.7
1737244800000,2025-01-19 02:00:00,0.21844,0.22531,0.21754,0.22443,3900128.4
1737252000000,2025-01-19 04:00:00,0.22443,0.22518,0.21995,0.21997,2253460.1
1737259200000,2025-01-19 06:00:00,0.21997,0.21997,0.21418,0.21624,4553953.3
1737266400000,2025-01-19 08:00:00,0.21624,0.21624,0.21038,0.21055,4075161.3
1737273600000,2025-01-19 10:00:00,0.21055,0.21055,0.20079,0.20823,17509073.7
1737280800000,2025-01-19 12:00:00,0.20823,0.20823,0.19928,0.2008,14104473.2
1737288000000,2025-01-19 14:00:00,0.2008,0.21054,0.20025,0.21043,11186088.4
1737295200000,2025-01-19 16:00:00,0.21043,0.21783,0.20937,0.21411,10791633.6
1737302400000,2025-01-19 18:00:00,0.21411,0.21551,0.20971,0.21482,4210417.2
1737309600000,2025-01-19 20:00:00,0.21482,0.21754,0.21339,0.21676,2739279.2
1737316800000,2025-01-19 22:00:00,0.21676,0.21828,0.20126,0.20157,18273892.4
1737324000000,2025-01-20 00:00:00,0.20157,0.20507,0.19333,0.19721,20160647.5
1737331200000,2025-01-20 02:00:00,0.19721,0.19763,0.1897,0.19172,20568686.2
1737338400000,2025-01-20 04:00:00,0.19172,0.19964,0.19128,0.19851,8092036.8
1737345600000,2025-01-20 06:00:00,0.19851,0.20137,0.19605,0.19932,6188284.0
1737352800000,2025-01-20 08:00:00,0.19932,0.21922,0.19928,0.21242,22228745.2
1737360000000,2025-01-20 10:00:00,0.21242,0.21597,0.21046,0.21108,4632914.7
1737367200000,2025-01-20 12:00:00,0.21108,0.21367,0.20752,0.21176,6033986.4
1737374400000,2025-01-20 14:00:00,0.21176,0.21179,0.20268,0.21042,14954379.8
1737381600000,2025-01-20 16:00:00,0.21042,0.2124,0.20641,0.20711,6721824.1
1737388800000,2025-01-20 18:00:00,0.20711,0.21111,0.1958,0.20096,31168997.3
1737396000000,2025-01-20 20:00:00,0.20096,0.20769,0.20053,0.20665,6743864.2
1737403200000,2025-01-20 22:00:00,0.20665,0.20777,0.20096,0.20114,15235564.8
1737410400000,2025-01-21 00:00:00,0.20114,0.20581,0.19929,0.20213,5618074.5
1737417600000,2025-01-21 02:00:00,0.20213,0.20269,0.19573,0.19622,8147829.8
1737424800000,2025-01-21 04:00:00,0.19622,0.19782,0.1938,0.19634,4404670.3
1737432000000,2025-01-21 06:00:00,0.19634,0.19692,0.19239,0.1939,5055068.5
1737439200000,2025-01-21 08:00:00,0.1939,0.19858,0.19294,0.19724,3809725.8
1737446400000,2025-01-21 10:00:00,0.19724,0.20005,0.19537,0.1994,3705546.9
1737453600000,2025-01-21 12:00:00,0.1994,0.2045,0.19894,0.20381,5604510.1
1737460800000,2025-01-21 14:00:00,0.20381,0.20688,0.20248,0.20481,3325032.4
1737468000000,2025-01-21 16:00:00,0.20481,0.20643,0.20087,0.20323,10155271.2
1737475200000,2025-01-21 18:00:00,0.20323,0.2128,0.20247,0.21228,8619113.2
1737482400000,2025-01-21 20:00:00,0.21228,0.21316,0.20777,0.20947,6095831.8
1737489600000,2025-01-21 22:00:00,0.20947,0.20984,0.2063,0.20836,3399928.4
1737496800000,2025-01-22 00:00:00,0.20836,0.21235,0.20689,0.20969,6471764.5
1737504000000,2025-01-22 02:00:00,0.20969,0.21172,0.20559,0.20644,4328337.9
1737511200000,2025-01-22 04:00:00,0.20644,0.20825,0.2058,0.20621,1191590.3
1737518400000,2025-01-22 06:00:00,0.20621,0.20687,0.20408,0.20411,1074814.2
1737525600000,2025-01-22 08:00:00,0.20411,0.20523,0.20132,0.20132,4038359.9
1737532800000,2025-01-22 10:00:00,0.20132,0.20199,0.19915,0.2009,3350703.1
1737540000000,2025-01-22 12:00:00,0.2009,0.2035,0.2,0.20265,4611322.5
1737547200000,2025-01-22 14:00:00,0.20265,0.20331,0.19884,0.19959,8683411.2
1737554400000,2025-01-22 16:00:00,0.19959,0.20241,0.19843,0.20024,3059186.6
1737561600000,2025-01-22 18:00:00,0.20024,0.20036,0.19805,0.19964,6076685.5
1737568800000,2025-01-22 20:00:00,0.19964,0.20068,0.19617,0.19774,4030606.3
1737576000000,2025-01-22 22:00:00,0.19774,0.19901,0.1956,0.19645,2345705.0
1737583200000,2025-01-23 00:00:00,0.19645,0.19743,0.19369,0.19501,6442121.7
1737590400000,2025-01-23 02:00:00,0.19501,0.19513,0.19087,0.19101,4318067.2
1737597600000,2025-01-23 04:00:00,0.19101,0.19238,0.19002,0.19079,2642049.9
1737604800000,2025-01-23 06:00:00,0.19079,0.19105,0.18788,0.1901,3920120.3
1737612000000,2025-01-23 08:00:00,0.1901,0.19054,0.18815,0.19048,3142928.1
1737619200000,2025-01-23 10:00:00,0.19048,0.19052,0.1873,0.18766,2130681.9
1737626400000,2025-01-23 12:00:00,0.18766,0.18827,0.18664,0.18721,2219687.5
1737633600000,2025-01-23 14:00:00,0.18721,0.18817,0.18404,0.18738,4786492.2
1737640800000,2025-01-23 16:00:00,0.18738,0.1936,0.18562,0.18916,12034313.2
1737648000000,2025-01-23 18:00:00,0.18916,0.19362,0.18757,0.19072,6236073.7
1737655200000,2025-01-23 20:00:00,0.19072,0.1914,0.18409,0.18482,5223034.2
1737662400000,2025-01-23 22:00:00,0.18482,0.191,0.18341,0.18491,10355063.4
1737669600000,2025-01-24 00:00:00,0.18491,0.19058,0.18454,0.1892,2956409.5
1737676800000,2025-01-24 02:00:00,0.1892,0.18987,0.18405,0.18435,2900058.5
1737684000000,2025-01-24 04:00:00,0.18435,0.18667,0.18291,0.18551,3131512.1
1737691200000,2025-01-24 06:00:00,0.18551,0.19355,0.18508,0.19345,5108522.9
1737698400000,2025-01-24 08:00:00,0.19345,0.19404,0.19024,0.19123,3292959.8
1737705600000,2025-01-24 10:00:00,0.19123,0.1946,0.19057,0.19356,4203493.3
1737712800000,2025-01-24 12:00:00,0.19356,0.19477,0.19206,0.19412,4122832.9
1737720000000,2025-01-24 14:00:00,0.19412,0.19544,0.19257,0.19434,4662407.1
1737727200000,2025-01-24 16:00:00,0.19434,0.19499,0.19017,0.19205,7606703.2
1737734400000,2025-01-24 18:00:00,0.19205,0.19376,0.18892,0.19074,8270233.4
1737741600000,2025-01-24 20:00:00,0.19074,0.19141,0.1867,0.18754,5331574.9
1737748800000,2025-01-24 22:00:00,0.18754,0.18805,0.18393,0.18475,3474767.6
1737756000000,2025-01-25 00:00:00,0.18475,0.18475,0.18211,0.18302,3064306.2
1737763200000,2025-01-25 02:00:00,0.18302,0.18306,0.1795,0.18195,6234163.4
1737770400000,2025-01-25 04:00:00,0.18195,0.18591,0.18143,0.18558,2112927.5
1737777600000,2025-01-25 06:00:00,0.18558,0.18558,0.18298,0.18317,1303080.4
1737784800000,2025-01-25 08:00:00,0.18317,0.18382,0.18163,0.18193,1498944.2
1737792000000,2025-01-25 10:00:00,0.18193,0.18311,0.18132,0.18172,1394677.6
1737799200000,2025-01-25 12:00:00,0.18172,0.18271,0.18039,0.18223,2256633.7
1737806400000,2025-01-25 14:00:00,0.18223,0.18398,0.18105,0.18303,1937950.8
1737813600000,2025-01-25 16:00:00,0.18303,0.18607,0.18179,0.18525,2753920.4
1737820800000,2025-01-25 18:00:00,0.18525,0.18647,0.18326,0.18503,3169869.8
1737828000000,2025-01-25 20:00:00,0.18503,0.18518,0.18352,0.18443,6264875.3
1737835200000,2025-01-25 22:00:00,0.18443,0.18552,0.18272,0.18406,8631019.4
1737842400000,2025-01-26 00:00:00,0.18406,0.18476,0.18178,0.18206,4383323.1
1737849600000,2025-01-26 02:00:00,0.18206,0.18407,0.18139,0.18335,2192836.8
1737856800000,2025-01-26 04:00:00,0.18335,0.18744,0.18262,0.18693,1937877.5
1737864000000,2025-01-26 06:00:00,0.18693,0.18831,0.18564,0.18592,2299049.2
1737871200000,2025-01-26 08:00:00,0.18592,0.19009,0.18505,0.18993,4504445.3
1737878400000,2025-01-26 10:00:00,0.18993,0.19195,0.18602,0.18683,6843776.3
1737885600000,2025-01-26 12:00:00,0.18683,0.18933,0.18598,0.18867,3868902.3
1737892800000,2025-01-26 14:00:00,0.18867,0.18919,0.18677,0.1886,3149572.4
1737900000000,2025-01-26 16:00:00,0.1886,0.18967,0.18718,0.18919,2254362.5
1737907200000,2025-01-26 18:00:00,0.18919,0.1896,0.18734,0.18872,2346449.5
1737914400000,2025-01-26 20:00:00,0.18872,0.19141,0.18823,0.19121,3014565.1
1737921600000,2025-01-26 22:00:00,0.19121,0.19176,0.18654,0.18664,2150311.3
1737928800000,2025-01-27 00:00:00,0.18664,0.18723,0.18038,0.18067,9368874.8
1737936000000,2025-01-27 02:00:00,0.18067,0.18168,0.17544,0.17579,12449678.8
1737943200000,2025-01-27 04:00:00,0.17579,0.17698,0.17353,0.1755,4648602.2
1737950400000,2025-01-27 06:00:00,0.1755,0.17558,0.16972,0.17117,3659771.5
1737957600000,2025-01-27 08:00:00,0.17117,0.17202,0.1631,0.16777,10938053.9
1737964800000,2025-01-27 10:00:00,0.16777,0.17028,0.16518,0.16936,5288205.4
1737972000000,2025-01-27 12:00:00,0.16936,0.16938,0.16466,0.16683,5192141.6
1737979200000,2025-01-27 14:00:00,0.16683,0.17457,0.16577,0.17107,7797789.5
1737986400000,2025-01-27 16:00:00,0.17107,0.17732,0.16999,0.17522,6032123.6
1737993600000,2025-01-27 18:00:00,0.17522,0.17524,0.16991,0.17026,10035506.3
1738000800000,2025-01-27 20:00:00,0.17026,0.172,0.16855,0.17095,3443646.4
1738008000000,2025-01-27 22:00:00,0.17095,0.18018,0.1709,0.17663,8722182.8
1738015200000,2025-01-28 00:00:00,0.17663,0.17804,0.1757,0.17729,2830789.5
1738022400000,2025-01-28 02:00:00,0.17729,0.17929,0.17439,0.1753,1603870.3
1738029600000,2025-01-28 04:00:00,0.1753,0.17767,0.17521,0.17676,1262045.2
1738036800000,2025-01-28 06:00:00,0.17676,0.17847,0.1763,0.17649,2279455.8
1738044000000,2025-01-28 08:00:00,0.17649,0.17665,0.17243,0.17321,2361359.0
1738051200000,2025-01-28 10:00:00,0.17321,0.17398,0.17154,0.17288,3012890.0
1738058400000,2025-01-28 12:00:00,0.17288,0.17397,0.17192,0.17257,1695828.6
1738065600000,2025-01-28 14:00:00,0.17257,0.1735,0.17038,0.17182,1938676.8
1738072800000,2025-01-28 16:00:00,0.17182,0.17577,0.17009,0.1734,12357988.4
1738080000000,2025-01-28 18:00:00,0.1734,0.17356,0.17038,0.17101,3686509.4
1738087200000,2025-01-28 20:00:00,0.17101,0.17197,0.1685,0.16993,2759019.7
1738094400000,2025-01-28 22:00:00,0.16993,0.17065,0.16512,0.16522,4936069.1
1738101600000,2025-01-29 00:00:00,0.16522,0.16734,0.16321,0.16455,5456968.0
1738108800000,2025-01-29 02:00:00,0.16455,0.16878,0.16401,0.16822,2745678.3
1738116000000,2025-01-29 04:00:00,0.16822,0.17056,0.16717,0.16894,2169574.9
1738123200000,2025-01-29 06:00:00,0.16894,0.17028,0.16839,0.17026,1214408.9
1738130400000,2025-01-29 08:00:00,0.17026,0.17152,0.16996,0.17142,1641761.1
1738137600000,2025-01-29 10:00:00,0.17142,0.17207,0.1681,0.16831,2352203.3
1738144800000,2025-01-29 12:00:00,0.16831,0.17066,0.16747,0.1698,1503705.6
1738152000000,2025-01-29 14:00:00,0.1698,0.17025,0.16535,0.16607,2314073.7
1738159200000,2025-01-29 16:00:00,0.16607,0.16861,0.16512,0.16753,2430472.7
1738166400000,2025-01-29 18:00:00,0.16753,0.16925,0.16539,0.16785,1898284.1
1738173600000,2025-01-29 20:00:00,0.16785,0.1734,0.16396,0.17129,8179688.3
1738180800000,2025-01-29 22:00:00,0.17129,0.17671,0.16899,0.17372,6950383.0
1738188000000,2025-01-30 00:00:00,0.17372,0.174,0.16885,0.16924,2240154.3
1738195200000,2025-01-30 02:00:00,0.16924,0.17356,0.1677,0.17171,2267299.6
1738202400000,2025-01-30 04:00:00,0.17171,0.1748,0.17086,0.17448,1587464.4
1738209600000,2025-01-30 06:00:00,0.17448,0.17684,0.17383,0.1753,1915379.3
1738216800000,2025-01-30 08:00:00,0.1753,0.17643,0.17436,0.17575,1197409.1
1738224000000,2025-01-30 10:00:00,0.17575,0.17826,0.17461,0.17781,3284441.3
1738231200000,2025-01-30 12:00:00,0.17781,0.17937,0.17692,0.17903,2732719.7
1738238400000,2025-01-30 14:00:00,0.17903,0.17955,0.17635,0.17853,1867423.4
1738245600000,2025-01-30 16:00:00,0.17853,0.18193,0.17788,0.17987,4850956.6
1738252800000,2025-01-30 18:00:00,0.17987,0.18467,0.1798,0.18415,5412992.7
1738260000000,2025-01-30 20:00:00,0.18415,0.18567,0.18125,0.18567,6208776.2
1738267200000,2025-01-30 22:00:00,0.18567,0.18599,0.1813,0.18216,2957943.5
1738274400000,2025-01-31 00:00:00,0.18216,0.18366,0.18109,0.18161,3143710.1
1738281600000,2025-01-31 02:00:00,0.18161,0.18475,0.18091,0.18307,3891390.0
1738288800000,2025-01-31 04:00:00,0.18307,0.18333,0.17852,0.17999,3650828.7
1738296000000,2025-01-31 06:00:00,0.17999,0.18102,0.178,0.18102,1221865.9
1738303200000,2025-01-31 08:00:00,0.18102,0.18616,0.18054,0.18289,2985548.0
1738310400000,2025-01-31 10:00:00,0.18289,0.1832,0.17974,0.18246,4407050.8
1738317600000,2025-01-31 12:00:00,0.18246,0.1871,0.18133,0.18683,3639538.0
1738324800000,2025-01-31 14:00:00,0.18683,0.18834,0.18531,0.18678,3007187.5
1738332000000,2025-01-31 16:00:00,0.18678,0.19041,0.18546,0.19031,5337397.3
1738339200000,2025-01-31 18:00:00,0.19031,0.19127,0.18665,0.18667,4401365.4
1738346400000,2025-01-31 20:00:00,0.18667,0.18771,0.18167,0.18261,5320197.2
1738353600000,2025-01-31 22:00:00,0.18261,0.18261,0.17873,0.18099,2971730.6
1738360800000,2025-02-01 00:00:00,0.18099,0.18189,0.17912,0.18016,1963019.3
1738368000000,2025-02-01 02:00:00,0.18016,0.18357,0.17932,0.18231,1526233.0
1738375200000,2025-02-01 04:00:00,0.18231,0.18443,0.1811,0.18172,1635526.1
1738382400000,2025-02-01 06:00:00,0.18172,0.18305,0.18067,0.18284,1200383.4
1738389600000,2025-02-01 08:00:00,0.18284,0.18288,0.18005,0.18031,1022302.3
1738396800000,2025-02-01 10:00:00,0.18031,0.18077,0.17484,0.17533,2688555.0
1738404000000,2025-02-01 12:00:00,0.17533,0.17726,0.17479,0.17725,1980954.1
1738411200000,2025-02-01 14:00:00,0.17725,0.17875,0.17596,0.17604,1537699.7
1738418400000,2025-02-01 16:00:00,0.17604,0.1772,0.17348,0.17606,2537461.6
1738425600000,2025-02-01 18:00:00,0.17606,0.17686,0.17384,0.17474,3410536.3
1738432800000,2025-02-01 20:00:00,0.17474,0.17502,0.16997,0.17048,3765977.5
1738440000000,2025-02-01 22:00:00,0.17048,0.17156,0.1682,0.16917,4872998.3
1738447200000,2025-02-02 00:00:00,0.16917,0.16986,0.16426,0.166,4524042.5
1738454400000,2025-02-02 02:00:00,0.166,0.16983,0.16531,0.16791,2525333.5
1738461600000,2025-02-02 04:00:00,0.16791,0.16807,0.16121,0.16131,6979682.3
1738468800000,2025-02-02 06:00:00,0.16131,0.16572,0.16067,0.16486,3864786.7
1738476000000,2025-02-02 08:00:00,0.16486,0.16558,0.16279,0.16309,2154121.6
1738483200000,2025-02-02 10:00:00,0.16309,0.16547,0.16225,0.16464,3241459.2
1738490400000,2025-02-02 12:00:00,0.16464,0.16464,0.15863,0.15917,5397832.6
1738497600000,2025-02-02 14:00:00,0.15917,0.16115,0.15743,0.1604,4236661.2
1738504800000,2025-02-02 16:00:00,0.1604,0.16091,0.15718,0.15937,3423436.9
1738512000000,2025-02-02 18:00:00,0.15937,0.15943,0.14806,0.14917,15191602.4
1738519200000,2025-02-02 20:00:00,0.14917,0.15091,0.14344,0.14932,17282775.5
1738526400000,2025-02-02 22:00:00,0.14932,0.15085,0.14504,0.14584,7038312.3
1738533600000,2025-02-03 00:00:00,0.14584,0.14828,0.13687,0.14425,22707611.4
1738540800000,2025-02-03 02:00:00,0.14425,0.1443,0.11254,0.11917,57269867.1
1738548000000,2025-02-03 04:00:00,0.11917,0.12401,0.10342,0.12244,47790430.3
1738555200000,2025-02-03 06:00:00,0.12244,0.12665,0.11909,0.12647,15745897.0
1738562400000,2025-02-03 08:00:00,0.12647,0.13478,0.12441,0.13342,15829422.7
1738569600000,2025-02-03 10:00:00,0.13342,0.1344,0.12937,0.13121,10866730.3
1738576800000,2025-02-03 12:00:00,0.13121,0.13504,0.13048,0.13317,8384725.6
1738584000000,2025-02-03 14:00:00,0.13317,0.13575,0.13003,0.13105,9149583.9
1738591200000,2025-02-03 16:00:00,0.13105,0.14073,0.12785,0.13979,29131915.2
1738598400000,2025-02-03 18:00:00,0.13979,0.14353,0.13858,0.14116,15934921.5
1738605600000,2025-02-03 20:00:00,0.14116,0.14646,0.13974,0.14613,7715176.6
1738612800000,2025-02-03 22:00:00,0.14613,0.14811,0.14188,0.14778,7496368.1
1738620000000,2025-02-04 00:00:00,0.14778,0.15055,0.1473,0.14867,5608103.3
1738627200000,2025-02-04 02:00:00,0.14867,0.15021,0.14532,0.14626,3612503.0
1738634400000,2025-02-04 04:00:00,0.14626,0.14651,0.14159,0.14292,4695601.0
1738641600000,2025-02-04 06:00:00,0.14292,0.1449,0.13524,0.1353,13862424.0
1738648800000,2025-02-04 08:00:00,0.1353,0.1376,0.13242,0.13302,6447335.3
1738656000000,2025-02-04 10:00:00,0.13302,0.13498,0.13212,0.13393,4684565.4
1738663200000,2025-02-04 12:00:00,0.13393,0.13999,0.13384,0.13821,4541706.3
1738670400000,2025-02-04 14:00:00,0.13821,0.14289,0.13811,0.1402,4385214.7
1738677600000,2025-02-04 16:00:00,0.1402,0.14407,0.13783,0.14032,15328162.5
1738684800000,2025-02-04 18:00:00,0.14032,0.1437,0.13978,0.14043,10376652.7
1738692000000,2025-02-04 20:00:00,0.14043,0.14521,0.13903,0.13905,13749837.9
1738699200000,2025-02-04 22:00:00,0.13905,0.14045,0.13376,0.13423,13766252.6
1738706400000,2025-02-05 00:00:00,0.13423,0.14122,0.13405,0.13941,8624506.7
1738713600000,2025-02-05 02:00:00,0.13941,0.14069,0.13783,0.13787,5649145.6
1738720800000,2025-02-05 04:00:00,0.13787,0.1402,0.13677,0.13842,2849406.1
1738728000000,2025-02-05 06:00:00,0.13842,0.13948,0.13585,0.13894,3929471.4
1738735200000,2025-02-05 08:00:00,0.13894,0.13895,0.1358,0.13776,3023133.2
1738742400000,2025-02-05 10:00:00,0.13776,0.13946,0.13677,0.13789,4251499.4
1738749600000,2025-02-05 12:00:00,0.13789,0.14031,0.13749,0.14016,3128328.2
1738756800000,2025-02-05 14:00:00,0.14016,0.14156,0.13874,0.14095,4020415.0
1738764000000,2025-02-05 16:00:00,0.14095,0.14121,0.13655,0.13813,7058345.3
1738771200000,2025-02-05 18:00:00,0.13813,0.1388,0.1335,0.13411,5288292.5
1738778400000,2025-02-05 20:00:00,0.13411,0.13678,0.1331,0.13645,5413842.7
1738785600000,2025-02-05 22:00:00,0.13645,0.13713,0.13357,0.13472,2443258.3
1738792800000,2025-02-06 00:00:00,0.13472,0.13525,0.13285,0.13453,3205167.7
1738800000000,2025-02-06 02:00:00,0.13453,0.13638,0.13326,0.13474,3654342.5
1738807200000,2025-02-06 04:00:00,0.13474,0.13642,0.13437,0.13546,1734258.7
1738814400000,2025-02-06 06:00:00,0.13546,0.13729,0.13497,0.13672,3162376.6
1738821600000,2025-02-06 08:00:00,0.13672,0.13847,0.1357,0.13702,3146478.6
1738828800000,2025-02-06 10:00:00,0.13702,0.13828,0.13593,0.13765,7485436.9
1738836000000,2025-02-06 12:00:00,0.13765,0.13829,0.13492,0.1361,5798017.8
1738843200000,2025-02-06 14:00:00,0.1361,0.13632,0.13365,0.1355,5578623.6
1738850400000,2025-02-06 16:00:00,0.1355,0.13584,0.12955,0.13048,10851943.8
1738857600000,2025-02-06 18:00:00,0.13048,0.13279,0.12931,0.13085,4781187.0
1738864800000,2025-02-06 20:00:00,0.13085,0.13129,0.12821,0.12857,5293530.5
1738872000000,2025-02-06 22:00:00,0.12857,0.13147,0.12799,0.12988,3829994.8
1738879200000,2025-02-07 00:00:00,0.12988,0.13002,0.12675,0.12848,6772192.6
1738886400000,2025-02-07 02:00:00,0.12848,0.13224,0.12822,0.13126,2860244.7
1738893600000,2025-02-07 04:00:00,0.13126,0.13217,0.12957,0.13059,1840026.4
1738900800000,2025-02-07 06:00:00,0.13059,0.13129,0.12888,0.12939,2500162.0
1738908000000,2025-02-07 08:00:00,0.12939,0.13076,0.1272,0.12906,3911295.5
1738915200000,2025-02-07 10:00:00,0.12906,0.13207,0.12854,0.13203,2446644.1
1738922400000,2025-02-07 12:00:00,0.13203,0.13274,0.13056,0.13224,3563714.6
1738929600000,2025-02-07 14:00:00,0.13224,0.13532,0.13064,0.13514,6577809.5
1738936800000,2025-02-07 16:00:00,0.13514,0.13784,0.13285,0.13411,9193437.3
1738944000000,2025-02-07 18:00:00,0.13411,0.1342,0.13023,0.13097,6796817.5
1738951200000,2025-02-07 20:00:00,0.13097,0.13304,0.12973,0.12997,4075031.3
1738958400000,2025-02-07 22:00:00,0.12997,0.13009,0.12539,0.12598,4938326.7
1738965600000,2025-02-08 00:00:00,0.12598,0.1279,0.12419,0.12774,3951910.6
1738972800000,2025-02-08 02:00:00,0.12774,0.12913,0.12688,0.12695,2447383.9
1738980000000,2025-02-08 04:00:00,0.12695,0.12828,0.1265,0.12733,1500492.9
1738987200000,2025-02-08 06:00:00,0.12733,0.1274,0.12598,0.12669,1025305.9
1738994400000,2025-02-08 08:00:00,0.12669,0.12841,0.12549,0.12779,1967037.8
1739001600000,2025-02-08 10:00:00,0.12779,0.12811,0.12611,0.12708,1774591.8
1739008800000,2025-02-08 12:00:00,0.12708,0.12751,0.12572,0.12664,1399872.3
1739016000000,2025-02-08 14:00:00,0.12664,0.12848,0.12575,0.12744,2889186.5
1739023200000,2025-02-08 16:00:00,0.12744,0.129,0.12642,0.12696,2942737.2
1739030400000,2025-02-08 18:00:00,0.12696,0.12947,0.12583,0.12899,2725516.8
1739037600000,2025-02-08 20:00:00,0.12899,0.13054,0.12809,0.12987,3230313.6
1739044800000,2025-02-08 22:00:00,0.12987,0.1305,0.12927,0.13017,1532963.1
1739052000000,2025-02-09 00:00:00,0.13017,0.13126,0.1289,0.13007,4552703.7
1739059200000,2025-02-09 02:00:00,0.13007,0.13166,0.12925,0.13112,2604101.0
1739066400000,2025-02-09 04:00:00,0.13112,0.13364,0.12984,0.13334,3523503.8
1739073600000,2025-02-09 06:00:00,0.13334,0.13342,0.13231,0.13304,1468499.2
1739080800000,2025-02-09 08:00:00,0.13304,0.13516,0.13273,0.13409,4504281.5
1739088000000,2025-02-09 10:00:00,0.13409,0.13619,0.13409,0.13533,2752356.1
1739095200000,2025-02-09 12:00:00,0.13533,0.13619,0.1344,0.13445,2169592.4
1739102400000,2025-02-09 14:00:00,0.13445,0.13491,0.13034,0.13072,3688531.4
1739109600000,2025-02-09 16:00:00,0.13072,0.13314,0.13055,0.13272,3013558.5
1739116800000,2025-02-09 18:00:00,0.13272,0.13348,0.13115,0.13129,1792106.1
1739124000000,2025-02-09 20:00:00,0.13129,0.13148,0.12878,0.12921,2761791.5
1739131200000,2025-02-09 22:00:00,0.12921,0.13167,0.12514,0.12592,10771717.7
1739138400000,2025-02-10 00:00:00,0.12592,0.13264,0.1248,0.13231,5488124.0
1739145600000,2025-02-10 02:00:00,0.13231,0.13464,0.12795,0.12828,4526072.2
1739152800000,2025-02-10 04:00:00,0.12828,0.13315,0.12732,0.13124,4321156.8
1739160000000,2025-02-10 06:00:00,0.13124,0.13547,0.13054,0.13391,3711187.5
1739167200000,2025-02-10 08:00:00,0.13391,0.13483,0.133,0.13421,2518177.1
1739174400000,2025-02-10 10:00:00,0.13421,0.13729,0.13405,0.13599,3620207.5
1739181600000,2025-02-10 12:00:00,0.13599,0.13697,0.13537,0.13631,1930771.1
1739188800000,2025-02-10 14:00:00,0.13631,0.13925,0.13446,0.13867,3779885.6
1739196000000,2025-02-10 16:00:00,0.13867,0.13928,0.13655,0.13816,3531934.6
1739203200000,2025-02-10 18:00:00,0.13816,0.14037,0.13779,0.14019,3405837.0
1739210400000,2025-02-10 20:00:00,0.14019,0.14431,0.13953,0.14018,8511134.7
1739217600000,2025-02-10 22:00:00,0.14018,0.1417,0.13861,0.13924,3682406.0
1739224800000,2025-02-11 00:00:00,0.13924,0.1412,0.13848,0.13966,3429239.5
1739232000000,2025-02-11 02:00:00,0.13966,0.14267,0.13899,0.14232,2808519.2
1739239200000,2025-02-11 04:00:00,0.14232,0.14262,0.14034,0.14151,2101328.0
1739246400000,2025-02-11 06:00:00,0.14151,0.1468,0.14145,0.14645,9074125.3
1739253600000,2025-02-11 08:00:00,0.14645,0.14751,0.14543,0.14608,3564341.9
1739260800000,2025-02-11 10:00:00,0.14608,0.14798,0.1452,0.14532,3675355.1
1739268000000,2025-02-11 12:00:00,0.14532,0.14663,0.14441,0.14644,3754601.0
1739275200000,2025-02-11 14:00:00,0.14644,0.1466,0.14068,0.14094,6960129.7
1739282400000,2025-02-11 16:00:00,0.14094,0.14393,0.14072,0.14208,4676117.2
1739289600000,2025-02-11 18:00:00,0.14208,0.1425,0.1385,0.13901,5959346.2
1739296800000,2025-02-11 20:00:00,0.13901,0.13904,0.13636,0.13724,5823857.4
1739304000000,2025-02-11 22:00:00,0.13724,0.14047,0.13695,0.13981,6996040.7
1739311200000,2025-02-12 00:00:00,0.13981,0.14048,0.13712,0.13788,3562127.0
1739318400000,2025-02-12 02:00:00,0.13788,0.13933,0.13714,0.13898,1827418.5
1739325600000,2025-02-12 04:00:00,0.13898,0.13902,0.13537,0.13689,3445079.3
1739332800000,2025-02-12 06:00:00,0.13689,0.13827,0.13576,0.1381,3102601.3
1739340000000,2025-02-12 08:00:00,0.1381,0.13893,0.13678,0.13824,2148916.4
1739347200000,2025-02-12 10:00:00,0.13824,0.14007,0.13809,0.13922,4548317.1
1739354400000,2025-02-12 12:00:00,0.13922,0.13952,0.13682,0.13861,5443129.5
1739361600000,2025-02-12 14:00:00,0.13861,0.14094,0.13364,0.13617,11989675.5
1739368800000,2025-02-12 16:00:00,0.13617,0.13818,0.13248,0.13762,7245686.0
1739376000000,2025-02-12 18:00:00,0.13762,0.14343,0.13585,0.14224,6193114.0
1739383200000,2025-02-12 20:00:00,0.14224,0.14361,0.14055,0.1431,2367397.8
1739390400000,2025-02-12 22:00:00,0.1431,0.14516,0.14261,0.14399,4031934.7
1739397600000,2025-02-13 00:00:00,0.14399,0.1476,0.14364,0.14525,3674269.7
1739404800000,2025-02-13 02:00:00,0.14525,0.14741,0.14474,0.14702,2422020.4
1739412000000,2025-02-13 04:00:00,0.14702,0.14704,0.14538,0.14614,1625897.5
1739419200000,2025-02-13 06:00:00,0.14614,0.1463,0.14308,0.14414,1896701.4
1739426400000,2025-02-13 08:00:00,0.14414,0.14429,0.14081,0.14121,2411175.4
1739433600000,2025-02-13 10:00:00,0.14121,0.14222,0.13965,0.14201,2515544.9
1739440800000,2025-02-13 12:00:00,0.14201,0.14253,0.13957,0.14022,2124981.5
1739448000000,2025-02-13 14:00:00,0.14022,0.14257,0.13964,0.14152,3756379.6
1739455200000,2025-02-13 16:00:00,0.14152,0.14262,0.13875,0.14118,8991781.1
1739462400000,2025-02-13 18:00:00,0.14118,0.1412,0.13881,0.13979,3107496.7
1739469600000,2025-02-13 20:00:00,0.13979,0.14268,0.13891,0.13971,3894156.1
1739476800000,2025-02-13 22:00:00,0.13971,0.14142,0.13935,0.14054,4761590.5
1739484000000,2025-02-14 00:00:00,0.14054,0.14138,0.13947,0.14001,2451429.3
1739491200000,2025-02-14 02:00:00,0.14001,0.14104,0.1391,0.14039,1630009.7
1739498400000,2025-02-14 04:00:00,0.14039,0.1426,0.1401,0.14221,2006737.4
1739505600000,2025-02-14 06:00:00,0.14221,0.14264,0.14028,0.14078,2493962.7
1739512800000,2025-02-14 08:00:00,0.14078,0.14106,0.13943,0.14018,2737796.6
1739520000000,2025-02-14 10:00:00,0.14018,0.14306,0.13961,0.14293,2515326.2
1739527200000,2025-02-14 12:00:00,0.14293,0.14383,0.14181,0.14263,3791794.4
1739534400000,2025-02-14 14:00:00,0.14263,0.14328,0.14159,0.14276,4031965.8
1739541600000,2025-02-14 16:00:00,0.14276,0.14466,0.14113,0.14357,5048272.3
1739548800000,2025-02-14 18:00:00,0.14357,0.14612,0.142,0.14543,4880418.3
1739556000000,2025-02-14 20:00:00,0.14543,0.14653,0.14367,0.14453,5723635.0
1739563200000,2025-02-14 22:00:00,0.14453,0.14512,0.1416,0.14402,5699838.1
1739570400000,2025-02-15 00:00:00,0.14402,0.1444,0.14076,0.14272,3300869.8
1739577600000,2025-02-15 02:00:00,0.14272,0.14354,0.14103,0.14334,2164005.1
1739584800000,2025-02-15 04:00:00,0.14334,0.14494,0.14326,0.14437,2473090.6
1739592000000,2025-02-15 06:00:00,0.14437,0.14515,0.14347,0.14384,1343187.1
1739599200000,2025-02-15 08:00:00,0.14384,0.14384,0.14128,0.14138,1700480.7
1739606400000,2025-02-15 10:00:00,0.14138,0.14243,0.14028,0.14071,4223153.1
1739613600000,2025-02-15 12:00:00,0.14071,0.14136,0.13934,0.14017,3548497.5
1739620800000,2025-02-15 14:00:00,0.14017,0.14133,0.13995,0.1401,2220063.4
1739628000000,2025-02-15 16:00:00,0.1401,0.1401,0.13803,0.13914,3474570.7
1739635200000,2025-02-15 18:00:00,0.13914,0.1395,0.13822,0.1386,1776757.3
1739642400000,2025-02-15 20:00:00,0.1386,0.1397,0.13776,0.13777,2462700.4
1739649600000,2025-02-15 22:00:00,0.13777,0.13859,0.13669,0.13844,4883764.9
1739656800000,2025-02-16 00:00:00,0.13844,0.13881,0.13719,0.13821,1935901.0
1739664000000,2025-02-16 02:00:00,0.13821,0.13902,0.13707,0.13786,1948642.8
1739671200000,2025-02-16 04:00:00,0.13786,0.13815,0.13622,0.13725,1381058.7
1739678400000,2025-02-16 06:00:00,0.13725,0.1383,0.13654,0.13766,1026374.2
1739685600000,2025-02-16 08:00:00,0.13766,0.13827,0.13691,0.13746,1294249.1
1739692800000,2025-02-16 10:00:00,0.13746,0.14091,0.13733,0.14056,2843130.0
1739700000000,2025-02-16 12:00:00,0.14056,0.1429,0.14043,0.1428,3910389.2
1739707200000,2025-02-16 14:00:00,0.1428,0.14286,0.13942,0.1398,4945707.1
1739714400000,2025-02-16 16:00:00,0.1398,0.14112,0.13846,0.14061,3080159.8
1739721600000,2025-02-16 18:00:00,0.14061,0.14163,0.13896,0.13919,8340579.2
1739728800000,2025-02-16 20:00:00,0.13919,0.13948,0.13738,0.13903,2133014.6
1739736000000,2025-02-16 22:00:00,0.13903,0.13955,0.13685,0.13912,5850185.6
1739743200000,2025-02-17 00:00:00,0.13912,0.13929,0.13733,0.138,4212660.0
1739750400000,2025-02-17 02:00:00,0.138,0.14164,0.13784,0.1413,7228000.1
1739757600000,2025-02-17 04:00:00,0.1413,0.14237,0.14024,0.14223,1499331.2
1739764800000,2025-02-17 06:00:00,0.14223,0.14235,0.13946,0.14215,8905662.7
1739772000000,2025-02-17 08:00:00,0.14215,0.14368,0.14188,0.14305,4112406.1
1739779200000,2025-02-17 10:00:00,0.14305,0.14509,0.14195,0.14436,5365005.1
1739786400000,2025-02-17 12:00:00,0.14436,0.14619,0.14432,0.14489,3476558.6
1739793600000,2025-02-17 14:00:00,0.14489,0.14736,0.14484,0.14699,4243002.6
1739800800000,2025-02-17 16:00:00,0.14699,0.149,0.14294,0.14345,6904102.9
1739808000000,2025-02-17 18:00:00,0.14345,0.14431,0.14084,0.14114,4086189.9
1739815200000,2025-02-17 20:00:00,0.14114,0.14161,0.13894,0.14105,4479819.7
1739822400000,2025-02-17 22:00:00,0.14105,0.14348,0.14075,0.14334,2125822.6
1739829600000,2025-02-18 00:00:00,0.14334,0.14348,0.14131,0.14185,1674525.0
1739836800000,2025-02-18 02:00:00,0.14185,0.14246,0.13915,0.14124,3015035.1
1739844000000,2025-02-18 04:00:00,0.14124,0.14163,0.14018,0.14097,2016687.3
1739851200000,2025-02-18 06:00:00,0.14097,0.14156,0.13752,0.13763,2007852.0
1739858400000,2025-02-18 08:00:00,0.13763,0.13776,0.13477,0.13481,5644325.4
1739865600000,2025-02-18 10:00:00,0.13481,0.13519,0.13242,0.13514,6922172.5
1739872800000,2025-02-18 12:00:00,0.13514,0.13558,0.13236,0.13276,3460886.3
1739880000000,2025-02-18 14:00:00,0.13276,0.13557,0.13249,0.13428,3879204.8
1739887200000,2025-02-18 16:00:00,0.13428,0.13592,0.12931,0.13025,6764497.9
1739894400000,2025-02-18 18:00:00,0.13025,0.13103,0.12644,0.12819,7136189.5
1739901600000,2025-02-18 20:00:00,0.12819,0.13072,0.12769,0.12992,5492526.6
1739908800000,2025-02-18 22:00:00,0.12992,0.13149,0.12854,0.13055,4066079.2
1739916000000,2025-02-19 00:00:00,0.13055,0.13277,0.13023,0.13277,2425154.3
1739923200000,2025-02-19 02:00:00,0.13277,0.13299,0.13083,0.13133,1911337.3
1739930400000,2025-02-19 04:00:00,0.13133,0.13312,0.13115,0.13194,1072939.2
1739937600000,2025-02-19 06:00:00,0.13194,0.13221,0.12985,0.13102,2080165.3
1739944800000,2025-02-19 08:00:00,0.13102,0.13379,0.1307,0.13305,1936216.3
1739952000000,2025-02-19 10:00:00,0.13305,0.13372,0.13224,0.13337,1321586.1
1739959200000,2025-02-19 12:00:00,0.13337,0.13458,0.13337,0.13419,2138381.8
1739966400000,2025-02-19 14:00:00,0.13419,0.13448,0.13296,0.13396,1218028.1
1739973600000,2025-02-19 16:00:00,0.13396,0.13476,0.1313,0.13149,5897880.4
1739980800000,2025-02-19 18:00:00,0.13149,0.13401,0.13131,0.13326,2694365.0
1739988000000,2025-02-19 20:00:00,0.13326,0.13396,0.13199,0.13304,1782281.9
1739995200000,2025-02-19 22:00:00,0.13304,0.13447,0.13158,0.1318,7506846.6
1740002400000,2025-02-20 00:00:00,0.1318,0.13497,0.13134,0.13359,1934076.4
1740009600000,2025-02-20 02:00:00,0.13359,0.13548,0.13323,0.13415,1782387.1
1740016800000,2025-02-20 04:00:00,0.13415,0.13633,0.13381,0.13597,1595809.5
1740024000000,2025-02-20 06:00:00,0.13597,0.13723,0.13561,0.13562,1306074.2
1740031200000,2025-02-20 08:00:00,0.13562,0.13565,0.13369,0.1337,2037228.6
1740038400000,2025-02-20 10:00:00,0.1337,0.13431,0.13274,0.13289,2054257.5
1740045600000,2025-02-20 12:00:00,0.13289,0.13543,0.13275,0.13498,1393202.0
1740052800000,2025-02-20 14:00:00,0.13498,0.13562,0.13385,0.13476,1387040.2
1740060000000,2025-02-20 16:00:00,0.13476,0.13689,0.13315,0.13325,4601922.6
1740067200000,2025-02-20 18:00:00,0.13325,0.13646,0.13314,0.13628,3203831.4
1740074400000,2025-02-20 20:00:00,0.13628,0.13826,0.13623,0.13807,2302680.3
1740081600000,2025-02-20 22:00:00,0.13807,0.13866,0.13753,0.13819,1839075.5
1740088800000,2025-02-21 00:00:00,0.13819,0.13993,0.13808,0.13881,1614889.8
1740096000000,2025-02-21 02:00:00,0.13881,0.13944,0.13754,0.13821,1205920.8
1740103200000,2025-02-21 04:00:00,0.13821,0.13907,0.13768,0.13799,829278.8
1740110400000,2025-02-21 06:00:00,0.13799,0.1409,0.13798,0.1409,1244569.5
1740117600000,2025-02-21 08:00:00,0.1409,0.1437,0.1407,0.14259,2894288.8
1740124800000,2025-02-21 10:00:00,0.14259,0.14708,0.14259,0.14512,4281902.9
1740132000000,2025-02-21 12:00:00,0.14512,0.1465,0.14446,0.14529,2342812.1
1740139200000,2025-02-21 14:00:00,0.14529,0.14804,0.1452,0.14724,2957531.3
1740146400000,2025-02-21 16:00:00,0.14724,0.14727,0.13987,0.14211,8978381.5
1740153600000,2025-02-21 18:00:00,0.14211,0.14464,0.13822,0.1385,7724504.9
1740160800000,2025-02-21 20:00:00,0.1385,0.139,0.13333,0.13404,5492784.8
1740168000000,2025-02-21 22:00:00,0.13404,0.13561,0.13159,0.13311,3721553.9
1740175200000,2025-02-22 00:00:00,0.13311,0.135,0.1328,0.13356,4190123.6
1740182400000,2025-02-22 02:00:00,0.13356,0.13556,0.13271,0.13505,3530298.2
1740189600000,2025-02-22 04:00:00,0.13505,0.13539,0.13334,0.1353,1935300.1
1740196800000,2025-02-22 06:00:00,0.1353,0.13711,0.13499,0.13661,1305277.2
1740204000000,2025-02-22 08:00:00,0.13661,0.13707,0.13577,0.13577,934844.6
1740211200000,2025-02-22 10:00:00,0.13577,0.13706,0.13519,0.13703,1542068.1
1740218400000,2025-02-22 12:00:00,0.13703,0.13894,0.13696,0.13863,2252015.0
1740225600000,2025-02-22 14:00:00,0.13863,0.14018,0.13808,0.13852,3338498.7
1740232800000,2025-02-22 16:00:00,0.13852,0.13981,0.13808,0.13977,1236731.0
1740240000000,2025-02-22 18:00:00,0.13977,0.14193,0.13966,0.14175,1610724.4
1740247200000,2025-02-22 20:00:00,0.14175,0.14195,0.14041,0.14063,685557.0
1740254400000,2025-02-22 22:00:00,0.14063,0.14068,0.13834,0.13888,1674051.0
1740261600000,2025-02-23 00:00:00,0.13888,0.1397,0.13845,0.1387,805525.7
1740268800000,2025-02-23 02:00:00,0.1387,0.13872,0.1371,0.13781,858294.6
1740276000000,2025-02-23 04:00:00,0.13781,0.13783,0.13635,0.13745,686947.2
1740283200000,2025-02-23 06:00:00,0.13745,0.13819,0.13668,0.13786,454320.5
1740290400000,2025-02-23 08:00:00,0.13786,0.14003,0.1371,0.13971,1142724.5
1740297600000,2025-02-23 10:00:00,0.13971,0.14038,0.13877,0.13931,1077233.6
1740304800000,2025-02-23 12:00:00,0.13931,0.13983,0.13697,0.13722,1198608.2
1740312000000,2025-02-23 14:00:00,0.13722,0.13761,0.13539,0.13669,1554209.0
1740319200000,2025-02-23 16:00:00,0.13669,0.13698,0.13489,0.13501,1036886.0
1740326400000,2025-02-23 18:00:00,0.13501,0.13706,0.1348,0.13684,1010896.5
1740333600000,2025-02-23 20:00:00,0.13684,0.13684,0.1355,0.13555,308649.7
1740340800000,2025-02-23 22:00:00,0.13555,0.13658,0.13519,0.13649,666755.1
1740348000000,2025-02-24 00:00:00,0.13649,0.13806,0.13519,0.13704,1264309.5
1740355200000,2025-02-24 02:00:00,0.13704,0.13779,0.13401,0.13424,1783668.3
1740362400000,2025-02-24 04:00:00,0.13424,0.13492,0.13176,0.13218,1877881.4
1740369600000,2025-02-24 06:00:00,0.13218,0.1333,0.13047,0.13325,3230756.6
1740376800000,2025-02-24 08:00:00,0.13325,0.13383,0.13235,0.13312,2235582.1
1740384000000,2025-02-24 10:00:00,0.13312,0.13334,0.13041,0.13224,2448515.3
1740391200000,2025-02-24 12:00:00,0.13224,0.1324,0.13015,0.13187,2572172.1
1740398400000,2025-02-24 14:00:00,0.13187,0.13283,0.13087,0.13105,1711783.5
1740405600000,2025-02-24 16:00:00,0.13105,0.13146,0.12755,0.1292,5236337.9
1740412800000,2025-02-24 18:00:00,0.1292,0.13087,0.12869,0.12948,3792908.1
1740420000000,2025-02-24 20:00:00,0.12948,0.13016,0.12632,0.12738,3335786.3
1740427200000,2025-02-24 22:00:00,0.12738,0.13001,0.12696,0.12727,7746949.9
1740434400000,2025-02-25 00:00:00,0.12727,0.12727,0.12008,0.121,14924701.2
1740441600000,2025-02-25 02:00:00,0.121,0.12257,0.1172,0.12075,6745178.3
1740448800000,2025-02-25 04:00:00,0.12075,0.1223,0.11905,0.11997,2189356.4
1740456000000,2025-02-25 06:00:00,0.11997,0.1207,0.11756,0.12041,3235192.3
1740463200000,2025-02-25 08:00:00,0.12041,0.12079,0.11124,0.11514,14939517.1
1740470400000,2025-02-25 10:00:00,0.11514,0.11689,0.11306,0.11312,8531388.3
1740477600000,2025-02-25 12:00:00,0.11312,0.11682,0.11072,0.11657,5735989.3
1740484800000,2025-02-25 14:00:00,0.11657,0.11825,0.11557,0.11584,4732767.3
1740492000000,2025-02-25 16:00:00,0.11584,0.11684,0.11304,0.11588,5542891.6
1740499200000,2025-02-25 18:00:00,0.11588,0.11779,0.11441,0.1169,3260159.5
1740506400000,2025-02-25 20:00:00,0.1169,0.12008,0.11608,0.11999,3689371.4
1740513600000,2025-02-25 22:00:00,0.11999,0.12162,0.11895,0.12155,6802366.3
1740520800000,2025-02-26 00:00:00,0.12155,0.12257,0.12016,0.12109,2891912.4
1740528000000,2025-02-26 02:00:00,0.12109,0.12127,0.1197,0.12074,1570615.2
1740535200000,2025-02-26 04:00:00,0.12074,0.1238,0.12008,0.12279,1777141.7
1740542400000,2025-02-26 06:00:00,0.12279,0.12412,0.12153,0.12167,2893121.9
1740549600000,2025-02-26 08:00:00,0.12167,0.12262,0.12086,0.12229,1322670.8
1740556800000,2025-02-26 10:00:00,0.12229,0.12382,0.12083,0.12372,1924351.0
1740564000000,2025-02-26 12:00:00,0.12372,0.12436,0.12165,0.12172,2682199.4
1740571200000,2025-02-26 14:00:00,0.12172,0.12188,0.11894,0.1195,3963396.7
1740578400000,2025-02-26 16:00:00,0.1195,0.12347,0.11753,0.12205,8586297.0
1740585600000,2025-02-26 18:00:00,0.12205,0.12279,0.11795,0.11835,6649167.3
1740592800000,2025-02-26 20:00:00,0.11835,0.11924,0.1158,0.11728,9051622.8
1740600000000,2025-02-26 22:00:00,0.11728,0.12134,0.11554,0.12051,13827151.2
1740607200000,2025-02-27 00:00:00,0.12051,0.12244,0.1193,0.11994,4661757.7
1740614400000,2025-02-27 02:00:00,0.11994,0.1228,0.11911,0.12228,7485143.0
1740621600000,2025-02-27 04:00:00,0.12228,0.12328,0.12105,0.12257,4341518.8
1740628800000,2025-02-27 06:00:00,0.12257,0.12358,0.12142,0.1234,2582640.0
1740636000000,2025-02-27 08:00:00,0.1234,0.12517,0.1231,0.12438,1693530.9
1740643200000,2025-02-27 10:00:00,0.12438,0.12506,0.12351,0.12411,2574790.3
1740650400000,2025-02-27 12:00:00,0.12411,0.12627,0.12393,0.12512,4083167.9
1740657600000,2025-02-27 14:00:00,0.12512,0.12617,0.12383,0.12436,3261915.7
1740664800000,2025-02-27 16:00:00,0.12436,0.12535,0.12181,0.12369,7046279.9
1740672000000,2025-02-27 18:00:00,0.12369,0.1247,0.12208,0.12365,5463238.3
1740679200000,2025-02-27 20:00:00,0.12365,0.12472,0.12146,0.12198,3778744.1
1740686400000,2025-02-27 22:00:00,0.12198,0.12265,0.12003,0.12255,3781553.3
1740693600000,2025-02-28 00:00:00,0.12255,0.12347,0.12127,0.12314,2084867.0
1740700800000,2025-02-28 02:00:00,0.12314,0.12391,0.11711,0.11738,8123643.4
1740708000000,2025-02-28 04:00:00,0.11738,0.11853,0.11309,0.11323,7738353.5
1740715200000,2025-02-28 06:00:00,0.11323,0.11371,0.11144,0.11308,4247613.2
1740722400000,2025-02-28 08:00:00,0.11308,0.11382,0.11089,0.1125,4599928.0
1740729600000,2025-02-28 10:00:00,0.1125,0.11544,0.11055,0.11477,4207097.4
1740736800000,2025-02-28 12:00:00,0.11477,0.11509,0.11249,0.11382,2001325.1
1740744000000,2025-02-28 14:00:00,0.11382,0.11935,0.11357,0.11749,11324937.4
1740751200000,2025-02-28 16:00:00,0.11749,0.12035,0.1163,0.11951,5351666.6
1740758400000,2025-02-28 18:00:00,0.11951,0.12103,0.11841,0.11942,3594064.0
1740765600000,2025-02-28 20:00:00,0.11942,0.12179,0.11901,0.12049,3665035.7
1740772800000,2025-02-28 22:00:00,0.12049,0.12073,0.11909,0.12013,1765069.1
1740780000000,2025-03-01 00:00:00,0.12013,0.12064,0.11943,0.12023,1117455.5
1740787200000,2025-03-01 02:00:00,0.12023,0.12146,0.11883,0.1211,1687822.3
1740794400000,2025-03-01 04:00:00,0.1211,0.12196,0.12038,0.12058,1662482.2
1740801600000,2025-03-01 06:00:00,0.12058,0.12153,0.1201,0.12019,941215.5
1740808800000,2025-03-01 08:00:00,0.12019,0.12019,0.11767,0.11791,5943844.4
1740816000000,2025-03-01 10:00:00,0.11791,0.11956,0.11791,0.11846,1185682.4
1740823200000,2025-03-01 12:00:00,0.11846,0.11918,0.11654,0.11706,6929525.5
1740830400000,2025-03-01 14:00:00,0.11706,0.11758,0.11537,0.11588,2129408.3
1740837600000,2025-03-01 16:00:00,0.11588,0.11693,0.1156,0.11625,1278060.6
1740844800000,2025-03-01 18:00:00,0.11625,0.11705,0.11561,0.11622,1656375.1
1740852000000,2025-03-01 20:00:00,0.11622,0.11785,0.11573,0.11744,2792626.3
1740859200000,2025-03-01 22:00:00,0.11744,0.11893,0.11656,0.11866,1810370.5
1740866400000,2025-03-02 00:00:00,0.11866,0.11962,0.11803,0.11922,1524093.6
1740873600000,2025-03-02 02:00:00,0.11922,0.12003,0.1179,0.11957,1456513.1
1740880800000,2025-03-02 04:00:00,0.11957,0.11998,0.11866,0.11905,1083479.5
1740888000000,2025-03-02 06:00:00,0.11905,0.11994,0.11876,0.11948,879450.6
1740895200000,2025-03-02 08:00:00,0.11948,0.11998,0.11803,0.1183,1758883.8
1740902400000,2025-03-02 10:00:00,0.1183,0.11976,0.11749,0.11877,1336158.6
1740909600000,2025-03-02 12:00:00,0.11877,0.11932,0.11828,0.11888,1099652.1
1740916800000,2025-03-02 14:00:00,0.11888,0.11888,0.11714,0.11757,2215701.5
1740924000000,2025-03-02 16:00:00,0.11757,0.12296,0.11603,0.12013,7738131.2
1740931200000,2025-03-02 18:00:00,0.12013,0.12996,0.11998,0.12886,14760063.5
1740938400000,2025-03-02 20:00:00,0.12886,0.13005,0.12617,0.12981,4329467.1
1740945600000,2025-03-02 22:00:00,0.12981,0.13076,0.12922,0.13062,2406169.6
1740952800000,2025-03-03 00:00:00,0.13062,0.13069,0.12872,0.12909,3159207.5
1740960000000,2025-03-03 02:00:00,0.12909,0.13019,0.12686,0.12702,3847613.9
1740967200000,2025-03-03 04:00:00,0.12702,0.12711,0.12473,0.12565,2611228.3
1740974400000,2025-03-03 06:00:00,0.12565,0.12722,0.12553,0.12714,1745331.2
1740981600000,2025-03-03 08:00:00,0.12714,0.12715,0.1205,0.12236,9224452.8
1740988800000,2025-03-03 10:00:00,0.12236,0.12236,0.11875,0.12057,5774486.6
1740996000000,2025-03-03 12:00:00,0.12057,0.12195,0.1203,0.12135,1597004.4
1741003200000,2025-03-03 14:00:00,0.12135,0.12337,0.12074,0.12314,4231587.7
1741010400000,2025-03-03 16:00:00,0.12314,0.12315,0.11805,0.11882,9702751.6
1741017600000,2025-03-03 18:00:00,0.11882,0.1205,0.11788,0.11892,6383308.9
1741024800000,2025-03-03 20:00:00,0.11892,0.119,0.11,0.11026,12890039.0
1741032000000,2025-03-03 22:00:00,0.11026,0.11134,0.10762,0.10781,9858479.8
1741039200000,2025-03-04 00:00:00,0.10781,0.11028,0.10778,0.10905,2306889.1
1741046400000,2025-03-04 02:00:00,0.10905,0.1096,0.10207,0.10331,9369173.7
1741053600000,2025-03-04 04:00:00,0.10331,0.10469,0.10053,0.10355,6792404.0
1741060800000,2025-03-04 06:00:00,0.10355,0.10625,0.10331,0.10504,2318181.8
1741068000000,2025-03-04 08:00:00,0.10504,0.10536,0.10369,0.10403,1958661.8
1741075200000,2025-03-04 10:00:00,0.10403,0.10546,0.10251,0.10345,6712819.0
1741082400000,2025-03-04 12:00:00,0.10345,0.10501,0.10287,0.10377,2202627.4
1741089600000,2025-03-04 14:00:00,0.10377,0.10429,0.10065,0.10095,3876840.3
1741096800000,2025-03-04 16:00:00,0.10095,0.10669,0.1003,0.10266,8470872.4
1741104000000,2025-03-04 18:00:00,0.10266,0.10463,0.09679,0.10359,10339625.5
1741111200000,2025-03-04 20:00:00,0.10359,0.10631,0.10315,0.10612,4081798.6
1741118400000,2025-03-04 22:00:00,0.10612,0.10806,0.10397,0.10646,3424272.0
1741125600000,2025-03-05 00:00:00,0.10646,0.10754,0.10558,0.10649,1159412.0
1741132800000,2025-03-05 02:00:00,0.10649,0.10701,0.10452,0.10699,2605068.6
1741140000000,2025-03-05 04:00:00,0.10699,0.10747,0.10441,0.10441,2432203.8
1741147200000,2025-03-05 06:00:00,0.10441,0.10545,0.10417,0.1049,1724786.5
1741154400000,2025-03-05 08:00:00,0.1049,0.10657,0.10422,0.10626,1171179.9
1741161600000,2025-03-05 10:00:00,0.10626,0.10906,0.10607,0.10815,2491453.1
1741168800000,2025-03-05 12:00:00,0.10815,0.10981,0.10709,0.10741,2555684.2
1741176000000,2025-03-05 14:00:00,0.10741,0.10919,0.10688,0.10728,4146117.8
1741183200000,2025-03-05 16:00:00,0.10728,0.10813,0.10547,0.10615,5582739.8
1741190400000,2025-03-05 18:00:00,0.10615,0.10827,0.10482,0.10741,3116442.6
1741197600000,2025-03-05 20:00:00,0.10741,0.10971,0.10678,0.10947,2185538.2
1741204800000,2025-03-05 22:00:00,0.10947,0.11126,0.10944,0.11064,2200885.3
1741212000000,2025-03-06 00:00:00,0.11064,0.11094,0.10968,0.11002,840620.6
1741219200000,2025-03-06 02:00:00,0.11002,0.11105,0.10807,0.10982,1603539.4
1741226400000,2025-03-06 04:00:00,0.10982,0.11117,0.1095,0.11102,1958853.6
1741233600000,2025-03-06 06:00:00,0.11102,0.11338,0.11014,0.11276,1823306.7
1741240800000,2025-03-06 08:00:00,0.11276,0.1128,0.11057,0.11074,1348577.0
1741248000000,2025-03-06 10:00:00,0.11074,0.1121,0.11035,0.11054,1873339.8
1741255200000,2025-03-06 12:00:00,0.11054,0.11263,0.11028,0.1123,2427245.0
1741262400000,2025-03-06 14:00:00,0.1123,0.11262,0.10872,0.10885,3892665.3
1741269600000,2025-03-06 16:00:00,0.10885,0.11208,0.10773,0.111,8152925.4
1741276800000,2025-03-06 18:00:00,0.111,0.11168,0.10673,0.10769,6955906.3
1741284000000,2025-03-06 20:00:00,0.10769,0.10825,0.10627,0.10715,3315947.6
1741291200000,2025-03-06 22:00:00,0.10715,0.1092,0.10704,0.10798,4516222.6
1741298400000,2025-03-07 00:00:00,0.10798,0.10949,0.10728,0.10735,2712328.4
1741305600000,2025-03-07 02:00:00,0.10735,0.1085,0.10124,0.10597,12912079.5
1741312800000,2025-03-07 04:00:00,0.10597,0.10687,0.10483,0.10494,3218557.0
1741320000000,2025-03-07 06:00:00,0.10494,0.1069,0.10458,0.10631,2801678.7
1741327200000,2025-03-07 08:00:00,0.10631,0.10716,0.10559,0.10695,2035088.7
1741334400000,2025-03-07 10:00:00,0.10695,0.10809,0.1058,0.10728,2470971.1
1741341600000,2025-03-07 12:00:00,0.10728,0.10788,0.10654,0.10716,1502646.0
1741348800000,2025-03-07 14:00:00,0.10716,0.1088,0.10551,0.10697,4359503.6
1741356000000,2025-03-07 16:00:00,0.10697,0.10923,0.10569,0.10679,4641651.4
1741363200000,2025-03-07 18:00:00,0.10679,0.10722,0.10354,0.10562,5153685.7
1741370400000,2025-03-07 20:00:00,0.10562,0.10858,0.10541,0.10662,2870112.8
1741377600000,2025-03-07 22:00:00,0.10662,0.10731,0.10341,0.104,4240637.1
1741384800000,2025-03-08 00:00:00,0.104,0.10452,0.10191,0.10291,2482077.9
1741392000000,2025-03-08 02:00:00,0.10291,0.10432,0.10168,0.10301,1627043.4
1741399200000,2025-03-08 04:00:00,0.10301,0.10358,0.10232,0.10306,1412471.8
1741406400000,2025-03-08 06:00:00,0.10306,0.10393,0.10244,0.10263,992658.2
1741413600000,2025-03-08 08:00:00,0.10263,0.10309,0.10184,0.10204,1127896.6
1741420800000,2025-03-08 10:00:00,0.10204,0.10255,0.10115,0.10144,1271155.1
1741428000000,2025-03-08 12:00:00,0.10144,0.10224,0.10036,0.10099,2118947.4
1741435200000,2025-03-08 14:00:00,0.10099,0.10228,0.10051,0.10202,1847795.6
1741442400000,2025-03-08 16:00:00,0.10202,0.10238,0.10131,0.10134,1115707.7
1741449600000,2025-03-08 18:00:00,0.10134,0.10182,0.10004,0.10148,2222799.6
1741456800000,2025-03-08 20:00:00,0.10148,0.10254,0.10133,0.10227,1132574.6
1741464000000,2025-03-08 22:00:00,0.10227,0.10267,0.10168,0.10176,1247389.1
1741471200000,2025-03-09 00:00:00,0.10176,0.10204,0.10059,0.10124,1578255.0
1741478400000,2025-03-09 02:00:00,0.10124,0.1018,0.10062,0.10084,1371109.1
1741485600000,2025-03-09 04:00:00,0.10084,0.10094,0.09986,0.10048,3071000.8
1741492800000,2025-03-09 06:00:00,0.10048,0.10119,0.10016,0.1003,1304583.6
1741500000000,2025-03-09 08:00:00,0.1003,0.10052,0.09949,0.10011,1744900.2
1741507200000,2025-03-09 10:00:00,0.10011,0.10029,0.09882,0.09893,1368583.3
1741514400000,2025-03-09 12:00:00,0.09893,0.09921,0.0954,0.09652,4891570.8
1741521600000,2025-03-09 14:00:00,0.09652,0.09676,0.09432,0.09436,3276452.8
1741528800000,2025-03-09 16:00:00,0.09436,0.09531,0.0932,0.09374,3161107.5
1741536000000,2025-03-09 18:00:00,0.09374,0.09399,0.08983,0.09003,5563673.6
1741543200000,2025-03-09 20:00:00,0.09003,0.09167,0.08907,0.09125,3545306.6
1741550400000,2025-03-09 22:00:00,0.09125,0.09223,0.08951,0.09035,3024757.3
1741557600000,2025-03-10 00:00:00,0.09035,0.09145,0.08936,0.0909,3400133.4
1741564800000,2025-03-10 02:00:00,0.0909,0.09319,0.08951,0.09274,4971714.4
1741572000000,2025-03-10 04:00:00,0.09274,0.09425,0.09254,0.0929,2388050.7
1741579200000,2025-03-10 06:00:00,0.0929,0.09449,0.09283,0.094,1833624.9
1741586400000,2025-03-10 08:00:00,0.094,0.09499,0.09349,0.09455,1071165.8
1741593600000,2025-03-10 10:00:00,0.09455,0.09739,0.09283,0.09387,5382814.6
1741600800000,2025-03-10 12:00:00,0.09387,0.0952,0.09287,0.09482,2690980.2
1741608000000,2025-03-10 14:00:00,0.09482,0.09551,0.0919,0.09219,3945392.3
1741615200000,2025-03-10 16:00:00,0.09219,0.09219,0.08852,0.09068,7208681.8
1741622400000,2025-03-10 18:00:00,0.09068,0.09105,0.08613,0.08628,7053886.9
1741629600000,2025-03-10 20:00:00,0.08628,0.08759,0.08305,0.08662,9628932.2
1741636800000,2025-03-10 22:00:00,0.08662,0.08706,0.08542,0.08614,3685601.6
1741644000000,2025-03-11 00:00:00,0.08614,0.08674,0.08428,0.08444,3296121.0
1741651200000,2025-03-11 02:00:00,0.08444,0.08545,0.07947,0.08414,12162056.8
1741658400000,2025-03-11 04:00:00,0.08414,0.08556,0.08392,0.08431,3238550.5
1741665600000,2025-03-11 06:00:00,0.08431,0.08751,0.08406,0.08684,2596943.8
1741672800000,2025-03-11 08:00:00,0.08684,0.08765,0.0863,0.08659,3167703.9
1741680000000,2025-03-11 10:00:00,0.08659,0.08849,0.08636,0.08764,2891795.7
1741687200000,2025-03-11 12:00:00,0.08764,0.08948,0.08747,0.0887,4568060.2
1741694400000,2025-03-11 14:00:00,0.0887,0.09056,0.08679,0.08914,10156156.5
1741701600000,2025-03-11 16:00:00,0.08914,0.08971,0.08555,0.08912,10378495.8
1741708800000,2025-03-11 18:00:00,0.08912,0.09085,0.08791,0.0884,6610295.1
1741716000000,2025-03-11 20:00:00,0.0884,0.09318,0.08839,0.09287,10483546.5
1741723200000,2025-03-11 22:00:00,0.09287,0.09321,0.09145,0.09155,2290964.1
1741730400000,2025-03-12 00:00:00,0.09155,0.09218,0.0899,0.09028,2812151.7
1741737600000,2025-03-12 02:00:00,0.09028,0.09231,0.08968,0.09161,1905672.0
1741744800000,2025-03-12 04:00:00,0.09161,0.09174,0.08877,0.08883,1828066.4
1741752000000,2025-03-12 06:00:00,0.08883,0.08898,0.0876,0.08863,2573779.2
1741759200000,2025-03-12 08:00:00,0.08863,0.09029,0.08746,0.09003,4806170.8
1741766400000,2025-03-12 10:00:00,0.09003,0.09264,0.08943,0.0909,7555581.8
1741773600000,2025-03-12 12:00:00,0.0909,0.09217,0.09015,0.09205,2277345.5
1741780800000,2025-03-12 14:00:00,0.09205,0.09491,0.09083,0.09116,15088332.9
1741788000000,2025-03-12 16:00:00,0.09116,0.09152,0.08754,0.08964,11695984.4
1741795200000,2025-03-12 18:00:00,0.08964,0.09146,0.08931,0.08992,4017386.9
1741802400000,2025-03-12 20:00:00,0.08992,0.092,0.08983,0.09151,3854528.7
1741809600000,2025-03-12 22:00:00,0.09151,0.09296,0.09126,0.09178,2884137.6
1741816800000,2025-03-13 00:00:00,0.09178,0.09253,0.09175,0.09221,1371895.2
1741824000000,2025-03-13 02:00:00,0.09221,0.09267,0.0911,0.09184,4606670.7
1741831200000,2025-03-13 04:00:00,0.09184,0.09263,0.09114,0.09128,1739205.7
1741838400000,2025-03-13 06:00:00,0.09128,0.09158,0.08975,0.09001,2647051.2
1741845600000,2025-03-13 08:00:00,0.09001,0.09151,0.08931,0.09092,2608759.5
1741852800000,2025-03-13 10:00:00,0.09092,0.09306,0.09008,0.09254,8201977.9
1741860000000,2025-03-13 12:00:00,0.09254,0.09254,0.09103,0.09156,5763822.4
1741867200000,2025-03-13 14:00:00,0.09156,0.09302,0.08888,0.08912,7813888.7
1741874400000,2025-03-13 16:00:00,0.08912,0.09045,0.08857,0.08893,4817369.4
1741881600000,2025-03-13 18:00:00,0.08893,0.08935,0.08649,0.08662,5705441.2
1741888800000,2025-03-13 20:00:00,0.08662,0.08848,0.08659,0.08735,2562043.4
1741896000000,2025-03-13 22:00:00,0.08735,0.08809,0.08703,0.08795,2030043.5
1741903200000,2025-03-14 00:00:00,0.08795,0.09015,0.08789,0.0891,2828207.1
1741910400000,2025-03-14 02:00:00,0.0891,0.09011,0.08876,0.08945,2551898.3
1741917600000,2025-03-14 04:00:00,0.08945,0.09042,0.0893,0.0897,1315205.4
1741924800000,2025-03-14 06:00:00,0.0897,0.09042,0.08943,0.09033,3003617.2
1741932000000,2025-03-14 08:00:00,0.09033,0.09069,0.08966,0.09022,1579918.9
1741939200000,2025-03-14 10:00:00,0.09022,0.09205,0.0901,0.09176,1979920.9
1741946400000,2025-03-14 12:00:00,0.09176,0.09265,0.09124,0.0923,2190138.0
1741953600000,2025-03-14 14:00:00,0.0923,0.09388,0.09214,0.09333,4249686.6
1741960800000,2025-03-14 16:00:00,0.09333,0.09584,0.09206,0.09445,12152720.0
1741968000000,2025-03-14 18:00:00,0.09445,0.09508,0.0938,0.09444,3214387.4
1741975200000,2025-03-14 20:00:00,0.09444,0.0952,0.09393,0.09453,1894281.6
1741982400000,2025-03-14 22:00:00,0.09453,0.09462,0.09348,0.09462,3135657.4
1741989600000,2025-03-15 00:00:00,0.09462,0.0957,0.09405,0.09417,4303842.6
1741996800000,2025-03-15 02:00:00,0.09417,0.09489,0.09368,0.09455,3168600.0
1742004000000,2025-03-15 04:00:00,0.09455,0.09572,0.09411,0.09551,1495949.2
1742011200000,2025-03-15 06:00:00,0.09551,0.097,0.09548,0.09601,2826528.6
1742018400000,2025-03-15 08:00:00,0.09601,0.09637,0.09417,0.09484,3485133.9
1742025600000,2025-03-15 10:00:00,0.09484,0.09689,0.09443,0.0965,7237212.2
1742032800000,2025-03-15 12:00:00,0.0965,0.09672,0.09572,0.09637,1483180.5
1742040000000,2025-03-15 14:00:00,0.09637,0.09707,0.09601,0.09685,1551454.4
1742047200000,2025-03-15 16:00:00,0.09685,0.09686,0.09512,0.09564,2270120.5
1742054400000,2025-03-15 18:00:00,0.09564,0.09708,0.09555,0.09667,2420133.1
1742061600000,2025-03-15 20:00:00,0.09667,0.09684,0.09539,0.0959,1353709.4
1742068800000,2025-03-15 22:00:00,0.0959,0.09669,0.0959,0.0963,1312889.6
1742076000000,2025-03-16 00:00:00,0.0963,0.09647,0.09544,0.09579,2083516.3
1742083200000,2025-03-16 02:00:00,0.09579,0.09612,0.09463,0.09468,1805805.8
1742090400000,2025-03-16 04:00:00,0.09468,0.09571,0.09435,0.09558,1057952.0
1742097600000,2025-03-16 06:00:00,0.09558,0.09572,0.09522,0.09566,611987.7
1742104800000,2025-03-16 08:00:00,0.09566,0.09571,0.09455,0.09509,1916583.5
1742112000000,2025-03-16 10:00:00,0.09509,0.0953,0.09342,0.09382,2567259.8
1742119200000,2025-03-16 12:00:00,0.09382,0.09428,0.09115,0.09143,5821876.2
1742126400000,2025-03-16 14:00:00,0.09143,0.09227,0.09061,0.09092,2225158.4
1742133600000,2025-03-16 16:00:00,0.09092,0.09227,0.09078,0.09197,2561041.6
1742140800000,2025-03-16 18:00:00,0.09197,0.09459,0.0918,0.09288,5340178.1
1742148000000,2025-03-16 20:00:00,0.09288,0.09314,0.09062,0.09116,2887813.6
1742155200000,2025-03-16 22:00:00,0.09116,0.09192,0.09115,0.09149,1943509.2
1742162400000,2025-03-17 00:00:00,0.09149,0.09174,0.0905,0.09139,2149650.6
1742169600000,2025-03-17 02:00:00,0.09139,0.09305,0.09136,0.0929,3002771.4
1742176800000,2025-03-17 04:00:00,0.0929,0.0939,0.09271,0.09366,2790044.8
1742184000000,2025-03-17 06:00:00,0.09366,0.0941,0.09298,0.09298,2316060.2
1742191200000,2025-03-17 08:00:00,0.09298,0.09407,0.09182,0.09378,4504139.5
1742198400000,2025-03-17 10:00:00,0.09378,0.09473,0.09324,0.09451,2311287.5
1742205600000,2025-03-17 12:00:00,0.09451,0.09488,0.09414,0.0946,1897485.2
1742212800000,2025-03-17 14:00:00,0.0946,0.09626,0.09309,0.09362,15041309.4
1742220000000,2025-03-17 16:00:00,0.09362,0.09479,0.09277,0.09451,7258305.4
1742227200000,2025-03-17 18:00:00,0.09451,0.09608,0.09398,0.09586,3863944.5
1742234400000,2025-03-17 20:00:00,0.09586,0.09674,0.09578,0.0963,5221915.4
1742241600000,2025-03-17 22:00:00,0.0963,0.09714,0.09563,0.09707,2932433.8
1742248800000,2025-03-18 00:00:00,0.09707,0.09734,0.09576,0.09608,2280395.0
1742256000000,2025-03-18 02:00:00,0.09608,0.09646,0.09401,0.09424,3871070.5
1742263200000,2025-03-18 04:00:00,0.09424,0.0953,0.09412,0.09465,3851058.1
1742270400000,2025-03-18 06:00:00,0.09465,0.09533,0.09428,0.09513,2031006.7
1742277600000,2025-03-18 08:00:00,0.09513,0.09514,0.09322,0.09457,3416082.2
1742284800000,2025-03-18 10:00:00,0.09457,0.09689,0.09419,0.09604,6507618.3
1742292000000,2025-03-18 12:00:00,0.09604,0.09687,0.09553,0.09606,6188122.7
1742299200000,2025-03-18 14:00:00,0.09606,0.09699,0.09475,0.09495,3959872.6
1742306400000,2025-03-18 16:00:00,0.09495,0.09776,0.09476,0.09516,6388320.6
1742313600000,2025-03-18 18:00:00,0.09516,0.09543,0.09261,0.09267,7893133.6
1742320800000,2025-03-18 20:00:00,0.09267,0.09321,0.09143,0.09302,5171913.3
1742328000000,2025-03-18 22:00:00,0.09302,0.09342,0.09239,0.09312,2877393.8
1742335200000,2025-03-19 00:00:00,0.09312,0.09565,0.09308,0.09549,4804148.2
1742342400000,2025-03-19 02:00:00,0.09549,0.09635,0.09493,0.09495,2630857.9
1742349600000,2025-03-19 04:00:00,0.09495,0.09617,0.09472,0.09611,2143551.2
1742356800000,2025-03-19 06:00:00,0.09611,0.09629,0.09556,0.09587,1294029.6
1742364000000,2025-03-19 08:00:00,0.09587,0.09605,0.09414,0.09423,4553832.3
1742371200000,2025-03-19 10:00:00,0.09423,0.09505,0.09416,0.09446,1863625.7
1742378400000,2025-03-19 12:00:00,0.09446,0.09786,0.09446,0.09772,8516623.5
1742385600000,2025-03-19 14:00:00,0.09772,0.09931,0.09635,0.09842,12293771.4
1742392800000,2025-03-19 16:00:00,0.09842,0.09978,0.09808,0.09965,6809800.5
1742400000000,2025-03-19 18:00:00,0.09965,0.09993,0.09679,0.09793,8061549.7
1742407200000,2025-03-19 20:00:00,0.09793,0.10052,0.09671,0.09867,13519565.8
1742414400000,2025-03-19 22:00:00,0.09867,0.09942,0.09824,0.09847,2451730.1
1742421600000,2025-03-20 00:00:00,0.09847,0.09973,0.09847,0.09921,1728566.9
1742428800000,2025-03-20 02:00:00,0.09921,0.09986,0.0966,0.09712,3277966.3
1742436000000,2025-03-20 04:00:00,0.09712,0.09774,0.09687,0.09715,723283.3
1742443200000,2025-03-20 06:00:00,0.09715,0.09723,0.09653,0.09684,1248699.9
1742450400000,2025-03-20 08:00:00,0.09684,0.09724,0.09647,0.09709,2538879.5
1742457600000,2025-03-20 10:00:00,0.09709,0.09826,0.09695,0.09713,1559578.5
1742464800000,2025-03-20 12:00:00,0.09713,0.09722,0.09532,0.09623,2957590.3
1742472000000,2025-03-20 14:00:00,0.09623,0.09652,0.09566,0.09617,4604855.5
1742479200000,2025-03-20 16:00:00,0.09617,0.09773,0.09555,0.09573,6590933.8
1742486400000,2025-03-20 18:00:00,0.09573,0.09618,0.09432,0.09531,4333877.2
1742493600000,2025-03-20 20:00:00,0.09531,0.09589,0.09498,0.0956,1537067.7
1742500800000,2025-03-20 22:00:00,0.0956,0.09617,0.09541,0.09542,939991.4
1742508000000,2025-03-21 00:00:00,0.09542,0.09559,0.09478,0.09547,1606337.6
1742515200000,2025-03-21 02:00:00,0.09547,0.09615,0.0951,0.09615,1736198.5
1742522400000,2025-03-21 04:00:00,0.09615,0.09618,0.09444,0.09446,1448949.4
1742529600000,2025-03-21 06:00:00,0.09446,0.09527,0.09438,0.09497,1084421.3
1742536800000,2025-03-21 08:00:00,0.09497,0.09499,0.09355,0.09387,2735908.8
1742544000000,2025-03-21 10:00:00,0.09387,0.09424,0.09307,0.09355,2239573.0
1742551200000,2025-03-21 12:00:00,0.09355,0.09371,0.09158,0.09227,8221196.6
1742558400000,2025-03-21 14:00:00,0.09227,0.09311,0.09181,0.09297,6850273.0
1742565600000,2025-03-21 16:00:00,0.09297,0.09356,0.09233,0.09257,2448110.8
1742572800000,2025-03-21 18:00:00,0.09257,0.09392,0.09196,0.09356,1940952.6
1742580000000,2025-03-21 20:00:00,0.09356,0.09565,0.09342,0.09427,4262383.6
1742587200000,2025-03-21 22:00:00,0.09427,0.09521,0.09405,0.09472,1303511.6
1742594400000,2025-03-22 00:00:00,0.09472,0.09472,0.09348,0.09386,1380625.6
1742601600000,2025-03-22 02:00:00,0.09386,0.09526,0.09382,0.09401,1455838.7
1742608800000,2025-03-22 04:00:00,0.09401,0.09506,0.09384,0.09483,785065.8
1742616000000,2025-03-22 06:00:00,0.09483,0.09618,0.0948,0.09616,2593650.8
1742623200000,2025-03-22 08:00:00,0.09616,0.09651,0.0958,0.09604,1593904.9
1742630400000,2025-03-22 10:00:00,0.09604,0.09675,0.09591,0.09609,3434552.2
1742637600000,2025-03-22 12:00:00,0.09609,0.0962,0.09532,0.09539,2126336.5
1742644800000,2025-03-22 14:00:00,0.09539,0.09554,0.09452,0.09493,2950777.5
1742652000000,2025-03-22 16:00:00,0.09493,0.09559,0.0944,0.09548,2457142.8
1742659200000,2025-03-22 18:00:00,0.09548,0.09693,0.09536,0.09676,1861986.0
1742666400000,2025-03-22 20:00:00,0.09676,0.09726,0.09611,0.09619,2396307.8
1742673600000,2025-03-22 22:00:00,0.09619,0.09637,0.09542,0.09566,1950505.8
1742680800000,2025-03-23 00:00:00,0.09566,0.09585,0.09478,0.09545,1849603.5
1742688000000,2025-03-23 02:00:00,0.09545,0.09664,0.09513,0.09661,2505680.4
1742695200000,2025-03-23 04:00:00,0.09661,0.09787,0.09647,0.09787,2658830.2
1742702400000,2025-03-23 06:00:00,0.09787,0.09801,0.09702,0.09738,3033344.2
1742709600000,2025-03-23 08:00:00,0.09738,0.09815,0.09706,0.09772,1387342.0
1742716800000,2025-03-23 10:00:00,0.09772,0.09798,0.09704,0.09714,1214688.8
1742724000000,2025-03-23 12:00:00,0.09714,0.09821,0.09706,0.09736,1823259.4
1742731200000,2025-03-23 14:00:00,0.09736,0.09774,0.09641,0.09714,2015834.6
1742738400000,2025-03-23 16:00:00,0.09714,0.09714,0.096,0.09633,2144080.4
1742745600000,2025-03-23 18:00:00,0.09633,0.09633,0.0946,0.0949,2572837.6
1742752800000,2025-03-23 20:00:00,0.0949,0.0957,0.09426,0.09562,3880162.7
1742760000000,2025-03-23 22:00:00,0.09562,0.09587,0.09479,0.09554,4771706.7
1742767200000,2025-03-24 00:00:00,0.09554,0.0966,0.09552,0.09659,1721946.3
1742774400000,2025-03-24 02:00:00,0.09659,0.0978,0.09525,0.09527,3356319.7
1742781600000,2025-03-24 04:00:00,0.09527,0.09724,0.09522,0.09709,2777636.5
1742788800000,2025-03-24 06:00:00,0.09709,0.09951,0.09709,0.09938,4490260.8
1742796000000,2025-03-24 08:00:00,0.09938,0.10081,0.09937,0.09967,4195239.7
1742803200000,2025-03-24 10:00:00,0.09967,0.10163,0.09967,0.10161,2760004.5
1742810400000,2025-03-24 12:00:00,0.10161,0.10276,0.10086,0.10152,3288959.7
1742817600000,2025-03-24 14:00:00,0.10152,0.10231,0.10079,0.10212,3587510.5
1742824800000,2025-03-24 16:00:00,0.10212,0.10372,0.10153,0.10238,2841976.9
1742832000000,2025-03-24 18:00:00,0.10238,0.10257,0.10124,0.10241,1775680.9
1742839200000,2025-03-24 20:00:00,0.10241,0.10267,0.10171,0.10211,2347307.8
1742846400000,2025-03-24 22:00:00,0.10211,0.10281,0.10166,0.10277,1043993.2
1742853600000,2025-03-25 00:00:00,0.10277,0.10292,0.10092,0.10211,1767944.8
1742860800000,2025-03-25 02:00:00,0.10211,0.10235,0.10082,0.10142,1916210.1
1742868000000,2025-03-25 04:00:00,0.10142,0.10205,0.10042,0.10096,2064002.2
1742875200000,2025-03-25 06:00:00,0.10096,0.10194,0.10051,0.10179,1035996.3
1742882400000,2025-03-25 08:00:00,0.10179,0.10224,0.10134,0.10147,966872.8
1742889600000,2025-03-25 10:00:00,0.10147,0.10359,0.10145,0.10339,1526733.6
1742896800000,2025-03-25 12:00:00,0.10339,0.10391,0.10289,0.10343,2276357.0
1742904000000,2025-03-25 14:00:00,0.10343,0.1051,0.10288,0.10404,3166059.9
1742911200000,2025-03-25 16:00:00,0.10404,0.10498,0.10344,0.10405,2787667.5
1742918400000,2025-03-25 18:00:00,0.10405,0.10535,0.10304,0.10505,2647028.5
1742925600000,2025-03-25 20:00:00,0.10505,0.1055,0.10402,0.10514,2317983.6
1742932800000,2025-03-25 22:00:00,0.10514,0.10621,0.10492,0.10531,4197713.0
1742940000000,2025-03-26 00:00:00,0.10531,0.10568,0.10413,0.10452,1867557.2
1742947200000,2025-03-26 02:00:00,0.10452,0.10578,0.10413,0.10557,2538868.6
1742954400000,2025-03-26 04:00:00,0.10557,0.10557,0.10327,0.10379,3058729.7
1742961600000,2025-03-26 06:00:00,0.10379,0.10544,0.10367,0.10518,1506319.3
1742968800000,2025-03-26 08:00:00,0.10518,0.10744,0.10499,0.10693,4658970.6
1742976000000,2025-03-26 10:00:00,0.10693,0.10749,0.10625,0.10639,3672759.9
1742983200000,2025-03-26 12:00:00,0.10639,0.10839,0.10625,0.10783,4693290.8
1742990400000,2025-03-26 14:00:00,0.10783,0.10786,0.10507,0.10535,3769432.4
1742997600000,2025-03-26 16:00:00,0.10535,0.10621,0.10437,0.10549,5588512.3
1743004800000,2025-03-26 18:00:00,0.10549,0.10619,0.10394,0.10408,2956418.0
1743012000000,2025-03-26 20:00:00,0.10408,0.10497,0.10262,0.10389,5583822.3
1743019200000,2025-03-26 22:00:00,0.10389,0.10486,0.10311,0.10427,2938893.1
1743026400000,2025-03-27 00:00:00,0.10427,0.1044,0.10322,0.10394,1714238.9
1743033600000,2025-03-27 02:00:00,0.10394,0.10615,0.1039,0.10593,1787468.8
1743040800000,2025-03-27 04:00:00,0.10593,0.10719,0.10591,0.10709,3422828.5
1743048000000,2025-03-27 06:00:00,0.10709,0.10746,0.10645,0.1065,4354790.6
1743055200000,2025-03-27 08:00:00,0.1065,0.10699,0.10598,0.10675,1850728.3
1743062400000,2025-03-27 10:00:00,0.10675,0.10775,0.1061,0.10629,3147790.4
1743069600000,2025-03-27 12:00:00,0.10629,0.10704,0.10465,0.10494,3737682.3
1743076800000,2025-03-27 14:00:00,0.10494,0.10594,0.10324,0.10445,5406694.2
1743084000000,2025-03-27 16:00:00,0.10445,0.10655,0.10392,0.10543,4884039.4
1743091200000,2025-03-27 18:00:00,0.10543,0.10625,0.10394,0.10401,3316382.6
1743098400000,2025-03-27 20:00:00,0.10401,0.10596,0.10391,0.10502,6312148.2
1743105600000,2025-03-27 22:00:00,0.10502,0.10594,0.10486,0.10557,2167188.0
1743112800000,2025-03-28 00:00:00,0.10557,0.10596,0.10382,0.10425,1347313.2
1743120000000,2025-03-28 02:00:00,0.10425,0.10426,0.10222,0.10331,5410434.1
1743127200000,2025-03-28 04:00:00,0.10331,0.10424,0.10151,0.10194,2807403.7
1743134400000,2025-03-28 06:00:00,0.10194,0.10194,0.0981,0.09821,7603151.6
1743141600000,2025-03-28 08:00:00,0.09821,0.09897,0.097,0.09702,3468188.0
1743148800000,2025-03-28 10:00:00,0.09702,0.09749,0.09646,0.09686,3744060.4
1743156000000,2025-03-28 12:00:00,0.09686,0.09737,0.0959,0.09725,4218575.1
1743163200000,2025-03-28 14:00:00,0.09725,0.0976,0.09594,0.09604,3417661.5
1743170400000,2025-03-28 16:00:00,0.09604,0.09627,0.09509,0.09515,2409249.3
1743177600000,2025-03-28 18:00:00,0.09515,0.09535,0.09376,0.09466,3026910.9
1743184800000,2025-03-28 20:00:00,0.09466,0.09476,0.0937,0.094,1395582.3
1743192000000,2025-03-28 22:00:00,0.094,0.09508,0.09362,0.09468,4007440.4
1743199200000,2025-03-29 00:00:00,0.09468,0.09563,0.09461,0.09486,1338211.9
1743206400000,2025-03-29 02:00:00,0.09486,0.09551,0.09426,0.0947,2004558.8
1743213600000,2025-03-29 04:00:00,0.0947,0.09475,0.09237,0.09443,6094486.8
1743220800000,2025-03-29 06:00:00,0.09443,0.09498,0.09327,0.09336,1966590.2
1743228000000,2025-03-29 08:00:00,0.09336,0.09356,0.09192,0.09225,1767111.5
1743235200000,2025-03-29 10:00:00,0.09225,0.09266,0.09052,0.09157,4530941.6
1743242400000,2025-03-29 12:00:00,0.09157,0.09166,0.0896,0.0903,5087131.9
1743249600000,2025-03-29 14:00:00,0.0903,0.09121,0.09021,0.09057,1390005.0
1743256800000,2025-03-29 16:00:00,0.09057,0.09057,0.08958,0.0899,1914985.1
1743264000000,2025-03-29 18:00:00,0.0899,0.0902,0.08803,0.08856,4566353.7
1743271200000,2025-03-29 20:00:00,0.08856,0.08889,0.08747,0.08838,3716872.6
1743278400000,2025-03-29 22:00:00,0.08838,0.08868,0.08728,0.08813,1630760.4
1743285600000,2025-03-30 00:00:00,0.08813,0.08854,0.08761,0.08846,889160.9
1743292800000,2025-03-30 02:00:00,0.08846,0.09018,0.08764,0.08961,3360617.8
1743300000000,2025-03-30 04:00:00,0.08961,0.09066,0.08946,0.08999,1530691.1
1743307200000,2025-03-30 06:00:00,0.08999,0.09104,0.08996,0.09033,1256978.3
1743314400000,2025-03-30 08:00:00,0.09033,0.09107,0.09017,0.09063,712730.1
1743321600000,2025-03-30 10:00:00,0.09063,0.09162,0.09063,0.09128,1117474.5
1743328800000,2025-03-30 12:00:00,0.09128,0.09149,0.09006,0.09035,1794747.6
1743336000000,2025-03-30 14:00:00,0.09035,0.09106,0.08924,0.08947,3447460.4
1743343200000,2025-03-30 16:00:00,0.08947,0.09006,0.08901,0.08944,2737436.3
1743350400000,2025-03-30 18:00:00,0.08944,0.0897,0.08806,0.08886,1513916.6
1743357600000,2025-03-30 20:00:00,0.08886,0.09057,0.08886,0.0898,1410251.4
1743364800000,2025-03-30 22:00:00,0.0898,0.09,0.08863,0.0888,552565.1
1743372000000,2025-03-31 00:00:00,0.0888,0.08988,0.08752,0.08907,3863614.0
1743379200000,2025-03-31 02:00:00,0.08907,0.08936,0.08666,0.0889,3103994.8
1743386400000,2025-03-31 04:00:00,0.0889,0.0889,0.08698,0.08701,1758165.7
1743393600000,2025-03-31 06:00:00,0.08701,0.08872,0.08682,0.08817,1459415.2
1743400800000,2025-03-31 08:00:00,0.08817,0.08843,0.08569,0.08638,2407879.5
1743408000000,2025-03-31 10:00:00,0.08638,0.08689,0.08473,0.08517,4136137.3
1743415200000,2025-03-31 12:00:00,0.08517,0.08733,0.0845,0.08695,1684391.6
1743422400000,2025-03-31 14:00:00,0.08695,0.08874,0.08606,0.08698,3050926.8
1743429600000,2025-03-31 16:00:00,0.08698,0.08961,0.08698,0.08864,4963004.7
1743436800000,2025-03-31 18:00:00,0.08864,0.08936,0.08782,0.08829,1896747.5
1743444000000,2025-03-31 20:00:00,0.08829,0.08978,0.08768,0.08786,2076695.7
1743451200000,2025-03-31 22:00:00,0.08786,0.08851,0.0874,0.08777,941499.2
1743458400000,2025-04-01 00:00:00,0.08777,0.08838,0.08719,0.08789,977618.5
1743465600000,2025-04-01 02:00:00,0.08789,0.08852,0.08774,0.08815,2316422.7
1743472800000,2025-04-01 04:00:00,0.08815,0.09038,0.08815,0.09035,1987461.5
1743480000000,2025-04-01 06:00:00,0.09035,0.09112,0.08994,0.09037,3056918.0
1743487200000,2025-04-01 08:00:00,0.09037,0.0917,0.09016,0.09097,3557855.9
1743494400000,2025-04-01 10:00:00,0.09097,0.0933,0.09097,0.0933,4553420.0
1743501600000,2025-04-01 12:00:00,0.0933,0.09335,0.09036,0.09078,4667231.5
1743508800000,2025-04-01 14:00:00,0.09078,0.09218,0.09036,0.09154,3309970.7
1743516000000,2025-04-01 16:00:00,0.09154,0.09341,0.08967,0.09299,4248969.8
1743523200000,2025-04-01 18:00:00,0.09299,0.09331,0.09138,0.09138,2238211.5
1743530400000,2025-04-01 20:00:00,0.09138,0.09138,0.09,0.09042,2776547.7
1743537600000,2025-04-01 22:00:00,0.09042,0.09064,0.08927,0.09017,4002783.8
1743544800000,2025-04-02 00:00:00,0.09017,0.09052,0.08933,0.08975,5664168.5
1743552000000,2025-04-02 02:00:00,0.08975,0.08977,0.08768,0.08816,4959614.1
1743559200000,2025-04-02 04:00:00,0.08816,0.08835,0.08676,0.08797,2773318.8
1743566400000,2025-04-02 06:00:00,0.08797,0.0881,0.08628,0.08634,1922854.2
1743573600000,2025-04-02 08:00:00,0.08634,0.0873,0.08602,0.08665,2194404.2
1743580800000,2025-04-02 10:00:00,0.08665,0.08833,0.08616,0.08791,2390974.1
1743588000000,2025-04-02 12:00:00,0.08791,0.08823,0.08688,0.08694,3875354.5
1743595200000,2025-04-02 14:00:00,0.08694,0.08839,0.08611,0.08717,3433034.9
1743602400000,2025-04-02 16:00:00,0.08717,0.09011,0.08656,0.0895,7342111.7
1743609600000,2025-04-02 18:00:00,0.0895,0.0899,0.08687,0.08742,3801621.0
1743616800000,2025-04-02 20:00:00,0.08742,0.0886,0.08713,0.08851,997177.1
1743624000000,2025-04-02 22:00:00,0.08851,0.09057,0.08529,0.08581,9997829.5
1743631200000,2025-04-03 00:00:00,0.08581,0.08581,0.08116,0.0826,5198268.5
1743638400000,2025-04-03 02:00:00,0.0826,0.08476,0.08162,0.08439,4088523.9
1743645600000,2025-04-03 04:00:00,0.08439,0.085,0.08402,0.08424,1511914.4
1743652800000,2025-04-03 06:00:00,0.08424,0.08501,0.08404,0.08404,1743692.5
1743660000000,2025-04-03 08:00:00,0.08404,0.0842,0.08207,0.08292,3974560.4
1743667200000,2025-04-03 10:00:00,0.08292,0.08354,0.08239,0.08239,3849815.5
1743674400000,2025-04-03 12:00:00,0.08239,0.08258,0.08032,0.08118,4133361.6
1743681600000,2025-04-03 14:00:00,0.08118,0.08169,0.07941,0.08163,9827157.2
1743688800000,2025-04-03 16:00:00,0.08163,0.08163,0.0796,0.08121,7693104.5
1743696000000,2025-04-03 18:00:00,0.08121,0.08183,0.08087,0.08132,5254121.4
1743703200000,2025-04-03 20:00:00,0.08132,0.08252,0.08093,0.08191,3866939.7
1743710400000,2025-04-03 22:00:00,0.08191,0.08344,0.08173,0.08331,3101868.8
1743717600000,2025-04-04 00:00:00,0.08331,0.08336,0.08195,0.08297,3049494.3
1743724800000,2025-04-04 02:00:00,0.08297,0.08328,0.08147,0.08158,3099617.9
1743732000000,2025-04-04 04:00:00,0.08158,0.08299,0.08158,0.08255,2939019.1
1743739200000,2025-04-04 06:00:00,0.08255,0.08373,0.08205,0.08366,3056309.1
1743746400000,2025-04-04 08:00:00,0.08366,0.08421,0.08294,0.084,3360009.2
1743753600000,2025-04-04 10:00:00,0.084,0.08489,0.08385,0.08432,2395876.5
1743760800000,2025-04-04 12:00:00,0.08432,0.08448,0.08026,0.08148,6966596.9
1743768000000,2025-04-04 14:00:00,0.08148,0.08336,0.08066,0.08309,6896220.7
1743775200000,2025-04-04 16:00:00,0.08309,0.08384,0.08139,0.08226,10203003.9
1743782400000,2025-04-04 18:00:00,0.08226,0.08421,0.08187,0.08385,7042875.5
1743789600000,2025-04-04 20:00:00,0.08385,0.08417,0.08274,0.08315,2811892.4
1743796800000,2025-04-04 22:00:00,0.08315,0.08392,0.08282,0.08367,2675764.5
1743804000000,2025-04-05 00:00:00,0.08367,0.08385,0.08281,0.08308,1379963.2
1743811200000,2025-04-05 02:00:00,0.08308,0.08401,0.08303,0.08361,1207943.7
1743818400000,2025-04-05 04:00:00,0.08361,0.08361,0.0826,0.08267,1007864.1
1743825600000,2025-04-05 06:00:00,0.08267,0.08311,0.08235,0.08243,1114731.9
1743832800000,2025-04-05 08:00:00,0.08243,0.08294,0.08212,0.0829,1344223.3
1743840000000,2025-04-05 10:00:00,0.0829,0.08328,0.08252,0.08281,2163338.7
1743847200000,2025-04-05 12:00:00,0.08281,0.08298,0.08178,0.08188,1959632.8
1743854400000,2025-04-05 14:00:00,0.08188,0.08195,0.08048,0.08078,4012186.4
1743861600000,2025-04-05 16:00:00,0.08078,0.08132,0.08027,0.08035,3481894.5
1743868800000,2025-04-05 18:00:00,0.08035,0.0809,0.08025,0.08062,1518367.0
1743876000000,2025-04-05 20:00:00,0.08062,0.0815,0.08061,0.08078,2437524.5
1743883200000,2025-04-05 22:00:00,0.08078,0.08125,0.08043,0.08078,1791374.9
1743890400000,2025-04-06 00:00:00,0.08078,0.08196,0.08057,0.08181,983366.0
1743897600000,2025-04-06 02:00:00,0.08181,0.08206,0.08151,0.08158,628111.0
1743904800000,2025-04-06 04:00:00,0.08158,0.08163,0.08102,0.08139,729622.1
1743912000000,2025-04-06 06:00:00,0.08139,0.08237,0.08128,0.0823,1241079.5
1743919200000,2025-04-06 08:00:00,0.0823,0.08242,0.0807,0.08093,2608515.7
1743926400000,2025-04-06 10:00:00,0.08093,0.08172,0.08049,0.08139,3053380.0
1743933600000,2025-04-06 12:00:00,0.08139,0.0815,0.08068,0.08107,2159426.7
1743940800000,2025-04-06 14:00:00,0.08107,0.08116,0.07854,0.07865,6280483.0
1743948000000,2025-04-06 16:00:00,0.07865,0.08002,0.07832,0.07963,2526303.7
1743955200000,2025-04-06 18:00:00,0.07963,0.07963,0.0762,0.07678,9042629.3
1743962400000,2025-04-06 20:00:00,0.07678,0.07686,0.07326,0.07448,11782958.3
1743969600000,2025-04-06 22:00:00,0.07448,0.07454,0.07224,0.07291,6405480.1
1743976800000,2025-04-07 00:00:00,0.07291,0.07422,0.07135,0.07318,6259060.8
1743984000000,2025-04-07 02:00:00,0.07318,0.07526,0.07215,0.07462,5738542.2
1743991200000,2025-04-07 04:00:00,0.07462,0.07474,0.07058,0.07177,4526448.2
1743998400000,2025-04-07 06:00:00,0.07177,0.07265,0.07126,0.07136,4971691.7
1744005600000,2025-04-07 08:00:00,0.07136,0.07206,0.0662,0.06806,23210033.4
1744012800000,2025-04-07 10:00:00,0.06806,0.07166,0.06773,0.07056,8507088.4
1744020000000,2025-04-07 12:00:00,0.07056,0.0722,0.07042,0.07076,4816550.7
1744027200000,2025-04-07 14:00:00,0.07076,0.07521,0.07067,0.07467,13372334.8
1744034400000,2025-04-07 16:00:00,0.07467,0.07796,0.07299,0.07397,22943606.1
1744041600000,2025-04-07 18:00:00,0.07397,0.07516,0.07249,0.07493,10358900.2
1744048800000,2025-04-07 20:00:00,0.07493,0.07495,0.07366,0.07376,4691358.6
1744056000000,2025-04-07 22:00:00,0.07376,0.07563,0.07376,0.07517,2403075.0
1744063200000,2025-04-08 00:00:00,0.07517,0.07598,0.07456,0.07475,3614810.8
1744070400000,2025-04-08 02:00:00,0.07475,0.07663,0.0742,0.0765,3598928.4
1744077600000,2025-04-08 04:00:00,0.0765,0.07712,0.07567,0.0758,1527224.4
1744084800000,2025-04-08 06:00:00,0.0758,0.07639,0.07538,0.07556,1390041.8
1744092000000,2025-04-08 08:00:00,0.07556,0.07556,0.07439,0.07467,1730381.1
1744099200000,2025-04-08 10:00:00,0.07467,0.07492,0.07385,0.0745,3105706.8
1744106400000,2025-04-08 12:00:00,0.0745,0.07644,0.07437,0.07637,3508891.1
1744113600000,2025-04-08 14:00:00,0.07637,0.07702,0.07563,0.07647,3896871.9
1744120800000,2025-04-08 16:00:00,0.07647,0.07706,0.07443,0.07489,4520180.8
1744128000000,2025-04-08 18:00:00,0.07489,0.07493,0.07147,0.07293,8674126.1
1744135200000,2025-04-08 20:00:00,0.07293,0.07376,0.07187,0.07211,4479677.8
1744142400000,2025-04-08 22:00:00,0.07211,0.07304,0.07163,0.0728,2351627.1
1744149600000,2025-04-09 00:00:00,0.0728,0.0728,0.07134,0.07174,3090821.0
1744156800000,2025-04-09 02:00:00,0.07174,0.07248,0.06915,0.0722,7409800.2
1744164000000,2025-04-09 04:00:00,0.0722,0.07275,0.07147,0.07213,2899021.6
1744171200000,2025-04-09 06:00:00,0.07213,0.0735,0.07194,0.07278,3375460.7
1744178400000,2025-04-09 08:00:00,0.07278,0.07422,0.07277,0.07369,4173485.5
1744185600000,2025-04-09 10:00:00,0.07369,0.07395,0.07299,0.07318,3018180.1
1744192800000,2025-04-09 12:00:00,0.07318,0.07374,0.07148,0.07189,4611697.5
1744200000000,2025-04-09 14:00:00,0.07189,0.07396,0.07129,0.07332,5317598.2
1744207200000,2025-04-09 16:00:00,0.07332,0.0739,0.0725,0.07294,2382740.9
1744214400000,2025-04-09 18:00:00,0.07294,0.07891,0.07228,0.07877,26320214.8
1744221600000,2025-04-09 20:00:00,0.07877,0.07952,0.07805,0.07919,10140906.1
1744228800000,2025-04-09 22:00:00,0.07919,0.08082,0.07915,0.08074,4315135.9
1744236000000,2025-04-10 00:00:00,0.08074,0.08103,0.07984,0.08015,2504106.5
1744243200000,2025-04-10 02:00:00,0.08015,0.08016,0.07875,0.07908,2717894.0
1744250400000,2025-04-10 04:00:00,0.07908,0.07954,0.07738,0.07817,3509838.8
1744257600000,2025-04-10 06:00:00,0.07817,0.07876,0.07746,0.07857,2152302.6
1744264800000,2025-04-10 08:00:00,0.07857,0.07912,0.07777,0.0782,2154617.6
1744272000000,2025-04-10 10:00:00,0.0782,0.07837,0.07767,0.07809,1645491.6
1744279200000,2025-04-10 12:00:00,0.07809,0.0782,0.07699,0.07763,1410495.2
1744286400000,2025-04-10 14:00:00,0.07763,0.07935,0.07682,0.0772,9383265.6
1744293600000,2025-04-10 16:00:00,0.0772,0.07827,0.07471,0.07503,5336143.3
1744300800000,2025-04-10 18:00:00,0.07503,0.07628,0.07457,0.07582,6976454.6
1744308000000,2025-04-10 20:00:00,0.07582,0.07635,0.07552,0.07572,2421396.4
1744315200000,2025-04-10 22:00:00,0.07572,0.07666,0.07572,0.0761,1769734.4
1744322400000,2025-04-11 00:00:00,0.0761,0.07658,0.07569,0.07622,1589240.9
1744329600000,2025-04-11 02:00:00,0.07622,0.07771,0.07606,0.0777,2776597.8
1744336800000,2025-04-11 04:00:00,0.0777,0.07844,0.07738,0.07811,2595719.3
1744344000000,2025-04-11 06:00:00,0.07811,0.07881,0.0779,0.07848,2245721.3
1744351200000,2025-04-11 08:00:00,0.07848,0.07916,0.07825,0.07854,1963316.5
1744358400000,2025-04-11 10:00:00,0.07854,0.07913,0.07811,0.07902,2920269.4
1744365600000,2025-04-11 12:00:00,0.07902,0.07982,0.07849,0.07869,4044784.0
1744372800000,2025-04-11 14:00:00,0.07869,0.07994,0.0783,0.07945,8207757.5
1744380000000,2025-04-11 16:00:00,0.07945,0.07945,0.07796,0.07902,22292481.9
1744387200000,2025-04-11 18:00:00,0.07902,0.07994,0.07855,0.07976,7902770.2
1744394400000,2025-04-11 20:00:00,0.07976,0.08007,0.07912,0.07919,2115056.5
1744401600000,2025-04-11 22:00:00,0.07919,0.0805,0.07913,0.07995,2960178.6
1744408800000,2025-04-12 00:00:00,0.07995,0.08024,0.07904,0.07924,1750528.2
1744416000000,2025-04-12 02:00:00,0.07924,0.07959,0.07897,0.07907,1830522.9
1744423200000,2025-04-12 04:00:00,0.07907,0.07946,0.07855,0.07924,3313750.5
1744430400000,2025-04-12 06:00:00,0.07924,0.08006,0.07893,0.07973,1961705.1
1744437600000,2025-04-12 08:00:00,0.07973,0.08041,0.07972,0.07983,1022689.2
1744444800000,2025-04-12 10:00:00,0.07983,0.08053,0.07975,0.08011,1852908.8
1744452000000,2025-04-12 12:00:00,0.08011,0.08061,0.07951,0.08029,1777693.4
1744459200000,2025-04-12 14:00:00,0.08029,0.08184,0.08014,0.08161,5171225.6
1744466400000,2025-04-12 16:00:00,0.08161,0.08384,0.0814,0.08312,8467111.2
1744473600000,2025-04-12 18:00:00,0.08312,0.08351,0.08219,0.08239,2749973.4
1744480800000,2025-04-12 20:00:00,0.08239,0.08295,0.08225,0.08271,1323002.0
1744488000000,2025-04-12 22:00:00,0.08271,0.08327,0.08242,0.08262,1670170.1
1744495200000,2025-04-13 00:00:00,0.08262,0.08312,0.08218,0.0823,1198469.5
1744502400000,2025-04-13 02:00:00,0.0823,0.0827,0.08145,0.08153,1838577.0
1744509600000,2025-04-13 04:00:00,0.08153,0.08186,0.08127,0.0816,784304.2
1744516800000,2025-04-13 06:00:00,0.0816,0.0816,0.08043,0.08072,1897966.6
1744524000000,2025-04-13 08:00:00,0.08072,0.0815,0.0807,0.0811,841195.8
1744531200000,2025-04-13 10:00:00,0.0811,0.08275,0.08087,0.08272,2004207.6
1744538400000,2025-04-13 12:00:00,0.08272,0.08281,0.08138,0.08181,2561515.3
1744545600000,2025-04-13 14:00:00,0.08181,0.08198,0.08013,0.08033,5251366.3
1744552800000,2025-04-13 16:00:00,0.08033,0.08101,0.08019,0.08057,2180439.3
1744560000000,2025-04-13 18:00:00,0.08057,0.08289,0.08055,0.08261,3586284.0
1744567200000,2025-04-13 20:00:00,0.08261,0.08298,0.07877,0.0798,6615844.2
1744574400000,2025-04-13 22:00:00,0.0798,0.0808,0.07802,0.07909,3704593.9
1744581600000,2025-04-14 00:00:00,0.07909,0.0792,0.07771,0.07865,3331174.8
1744588800000,2025-04-14 02:00:00,0.07865,0.08049,0.0784,0.07928,2661570.8
1744596000000,2025-04-14 04:00:00,0.07928,0.08131,0.07901,0.07917,4536091.2
1744603200000,2025-04-14 06:00:00,0.07917,0.07997,0.0788,0.07895,2261711.0
1744610400000,2025-04-14 08:00:00,0.07895,0.07899,0.07803,0.07889,3290938.5
1744617600000,2025-04-14 10:00:00,0.07889,0.07943,0.07842,0.07885,4396489.0
1744624800000,2025-04-14 12:00:00,0.07885,0.08092,0.07879,0.08072,5488139.3
1744632000000,2025-04-14 14:00:00,0.08072,0.08113,0.07897,0.07922,6602312.6
1744639200000,2025-04-14 16:00:00,0.07922,0.08136,0.07809,0.07835,8440850.2
1744646400000,2025-04-14 18:00:00,0.07835,0.07935,0.07764,0.07885,5892325.9
1744653600000,2025-04-14 20:00:00,0.07885,0.07936,0.07837,0.07884,6828298.9
1744660800000,2025-04-14 22:00:00,0.07884,0.07906,0.07741,0.07851,4558606.1
1744668000000,2025-04-15 00:00:00,0.07851,0.07876,0.07795,0.07817,1331540.4
1744675200000,2025-04-15 02:00:00,0.07817,0.0789,0.07763,0.07877,2131173.0
1744682400000,2025-04-15 04:00:00,0.07877,0.07955,0.078,0.07939,2386687.3
1744689600000,2025-04-15 06:00:00,0.07939,0.08013,0.07922,0.0796,1477086.5
1744696800000,2025-04-15 08:00:00,0.0796,0.0802,0.07921,0.07999,1618096.3
1744704000000,2025-04-15 10:00:00,0.07999,0.08045,0.07975,0.08029,1896062.7
1744711200000,2025-04-15 12:00:00,0.08029,0.08055,0.07886,0.07907,5257801.8
1744718400000,2025-04-15 14:00:00,0.07907,0.08057,0.07891,0.07933,4353297.8
1744725600000,2025-04-15 16:00:00,0.07933,0.0797,0.07815,0.07875,5615093.3
1744732800000,2025-04-15 18:00:00,0.07875,0.07893,0.07775,0.07801,3985200.5
1744740000000,2025-04-15 20:00:00,0.07801,0.0782,0.07699,0.0778,5537679.0
1744747200000,2025-04-15 22:00:00,0.0778,0.07852,0.07723,0.07824,4402598.8
1744754400000,2025-04-16 00:00:00,0.07824,0.07824,0.07702,0.07743,3172158.1
1744761600000,2025-04-16 02:00:00,0.07743,0.07854,0.07696,0.07831,2392432.4
1744768800000,2025-04-16 04:00:00,0.07831,0.0786,0.07801,0.07807,1099778.6
1744776000000,2025-04-16 06:00:00,0.07807,0.07851,0.07722,0.07756,1688799.4
1744783200000,2025-04-16 08:00:00,0.07756,0.0781,0.07668,0.07681,2518888.4
1744790400000,2025-04-16 10:00:00,0.07681,0.07783,0.07614,0.07678,3455818.8
1744797600000,2025-04-16 12:00:00,0.07678,0.07769,0.07655,0.07737,2153506.9
1744804800000,2025-04-16 14:00:00,0.07737,0.0777,0.07642,0.07661,2489784.6
1744812000000,2025-04-16 16:00:00,0.07661,0.07865,0.07656,0.07747,3271239.4
1744819200000,2025-04-16 18:00:00,0.07747,0.07784,0.07483,0.07511,11556400.6
1744826400000,2025-04-16 20:00:00,0.07511,0.07749,0.07507,0.07723,8680699.9
1744833600000,2025-04-16 22:00:00,0.07723,0.07787,0.07637,0.07681,3444487.3
1744840800000,2025-04-17 00:00:00,0.07681,0.07696,0.0759,0.07627,872556.2
1744848000000,2025-04-17 02:00:00,0.07627,0.07683,0.07569,0.07643,2354370.3
1744855200000,2025-04-17 04:00:00,0.07643,0.07646,0.07553,0.07587,1796082.2
1744862400000,2025-04-17 06:00:00,0.07587,0.0773,0.07561,0.07698,1244032.8
1744869600000,2025-04-17 08:00:00,0.07698,0.07791,0.07695,0.07744,1438865.4
1744876800000,2025-04-17 10:00:00,0.07744,0.07755,0.07665,0.07687,1499410.1
1744884000000,2025-04-17 12:00:00,0.07687,0.0771,0.07629,0.07666,2964164.5
1744891200000,2025-04-17 14:00:00,0.07666,0.07735,0.07651,0.07665,3696094.1
1744898400000,2025-04-17 16:00:00,0.07665,0.07687,0.07507,0.07665,4705115.4
1744905600000,2025-04-17 18:00:00,0.07665,0.07806,0.0763,0.07779,4913997.3
1744912800000,2025-04-17 20:00:00,0.07779,0.07819,0.07636,0.07677,3328481.8
1744920000000,2025-04-17 22:00:00,0.07677,0.07733,0.07598,0.07605,3756557.6
1744927200000,2025-04-18 00:00:00,0.07605,0.07635,0.07501,0.07561,2301116.8
1744934400000,2025-04-18 02:00:00,0.07561,0.07622,0.07498,0.07595,2462186.0
1744941600000,2025-04-18 04:00:00,0.07595,0.07687,0.07574,0.07679,1767541.7
1744948800000,2025-04-18 06:00:00,0.07679,0.07785,0.07648,0.07785,1953634.3
1744956000000,2025-04-18 08:00:00,0.07785,0.07787,0.07707,0.07758,2535691.7
1744963200000,2025-04-18 10:00:00,0.07758,0.07803,0.07742,0.07746,1680555.1
1744970400000,2025-04-18 12:00:00,0.07746,0.07765,0.07711,0.07751,1396282.9
1744977600000,2025-04-18 14:00:00,0.07751,0.07818,0.07743,0.07768,2003760.0
1744984800000,2025-04-18 16:00:00,0.07768,0.07792,0.07701,0.07721,3190322.3
1744992000000,2025-04-18 18:00:00,0.07721,0.07756,0.07706,0.07753,1368660.9
1744999200000,2025-04-18 20:00:00,0.07753,0.0784,0.07729,0.07814,3627655.9
1745006400000,2025-04-18 22:00:00,0.07814,0.0786,0.07775,0.07816,1417205.8
1745013600000,2025-04-19 00:00:00,0.07816,0.07818,0.07727,0.07779,2637166.0
1745020800000,2025-04-19 02:00:00,0.07779,0.0795,0.07777,0.0795,2201014.8
1745028000000,2025-04-19 04:00:00,0.0795,0.08077,0.0795,0.08061,3890169.3
1745035200000,2025-04-19 06:00:00,0.08061,0.08077,0.08017,0.08062,1774934.4
1745042400000,2025-04-19 08:00:00,0.08062,0.08115,0.08014,0.08094,2637092.4
1745049600000,2025-04-19 10:00:00,0.08094,0.08145,0.08047,0.08056,2206118.5
1745056800000,2025-04-19 12:00:00,0.08056,0.08116,0.08042,0.08074,6131074.0
1745064000000,2025-04-19 14:00:00,0.08074,0.08088,0.08024,0.08068,1263323.2
1745071200000,2025-04-19 16:00:00,0.08068,0.08141,0.08047,0.08103,2931957.3
1745078400000,2025-04-19 18:00:00,0.08103,0.08243,0.08099,0.08213,8281863.1
1745085600000,2025-04-19 20:00:00,0.08213,0.08255,0.08089,0.08144,5626999.8
1745092800000,2025-04-19 22:00:00,0.08144,0.08278,0.08144,0.08248,3264754.3
1745100000000,2025-04-20 00:00:00,0.08248,0.0827,0.08131,0.08197,3634458.1
1745107200000,2025-04-20 02:00:00,0.08197,0.08236,0.08157,0.08236,1656997.1
1745114400000,2025-04-20 04:00:00,0.08236,0.08236,0.08188,0.08229,2980811.2
1745121600000,2025-04-20 06:00:00,0.08229,0.08351,0.08229,0.08263,3782210.3
1745128800000,2025-04-20 08:00:00,0.08263,0.08277,0.08123,0.0816,2617737.2
1745136000000,2025-04-20 10:00:00,0.0816,0.08266,0.0809,0.08178,7763807.6
1745143200000,2025-04-20 12:00:00,0.08178,0.08209,0.08007,0.08048,4064367.4
1745150400000,2025-04-20 14:00:00,0.08048,0.08109,0.08017,0.08105,2407744.8
1745157600000,2025-04-20 16:00:00,0.08105,0.08159,0.08084,0.0815,2156825.1
1745164800000,2025-04-20 18:00:00,0.0815,0.083,0.08146,0.08298,3267370.5
1745172000000,2025-04-20 20:00:00,0.08298,0.08366,0.08245,0.08342,3326028.8
1745179200000,2025-04-20 22:00:00,0.08342,0.08463,0.08338,0.08402,6665270.8
1745186400000,2025-04-21 00:00:00,0.08402,0.08402,0.083,0.08325,2327710.9
1745193600000,2025-04-21 02:00:00,0.08325,0.0853,0.08309,0.08506,5018726.7
1745200800000,2025-04-21 04:00:00,0.08506,0.08523,0.08384,0.08408,2333399.2
1745208000000,2025-04-21 06:00:00,0.08408,0.08487,0.08343,0.08464,3022498.8
1745215200000,2025-04-21 08:00:00,0.08464,0.08564,0.08462,0.08527,3050154.5
1745222400000,2025-04-21 10:00:00,0.08527,0.08616,0.08527,0.08553,2543374.2
1745229600000,2025-04-21 12:00:00,0.08553,0.08617,0.08429,0.0846,5393136.1
1745236800000,2025-04-21 14:00:00,0.0846,0.08562,0.0846,0.08467,3734119.0
1745244000000,2025-04-21 16:00:00,0.08467,0.08589,0.08439,0.08489,4167688.5
1745251200000,2025-04-21 18:00:00,0.08489,0.08508,0.08243,0.08382,6440096.8
1745258400000,2025-04-21 20:00:00,0.08382,0.08383,0.08275,0.08365,2772124.1
1745265600000,2025-04-21 22:00:00,0.08365,0.08381,0.0827,0.08297,1192802.8
1745272800000,2025-04-22 00:00:00,0.08297,0.08302,0.08218,0.0829,1738460.7
1745280000000,2025-04-22 02:00:00,0.0829,0.08411,0.0814,0.08377,3727520.1
1745287200000,2025-04-22 04:00:00,0.08377,0.08393,0.08257,0.08307,827062.7
1745294400000,2025-04-22 06:00:00,0.08307,0.08341,0.08229,0.08264,1859803.6
1745301600000,2025-04-22 08:00:00,0.08264,0.08378,0.0813,0.08369,2998907.8
1745308800000,2025-04-22 10:00:00,0.08369,0.08436,0.08355,0.08361,3756707.6
1745316000000,2025-04-22 12:00:00,0.08361,0.08529,0.08329,0.08514,6840555.7
1745323200000,2025-04-22 14:00:00,0.08514,0.08635,0.08449,0.08602,6379721.9
1745330400000,2025-04-22 16:00:00,0.08602,0.08804,0.08557,0.08748,6422185.2
1745337600000,2025-04-22 18:00:00,0.08748,0.08793,0.08664,0.08735,2950918.4
1745344800000,2025-04-22 20:00:00,0.08735,0.08806,0.08708,0.08743,2962047.3
1745352000000,2025-04-22 22:00:00,0.08743,0.08987,0.08691,0.08943,2717457.1
1745359200000,2025-04-23 00:00:00,0.08943,0.08981,0.08857,0.08938,3089598.5
1745366400000,2025-04-23 02:00:00,0.08938,0.09009,0.08898,0.08914,3019738.5
1745373600000,2025-04-23 04:00:00,0.08914,0.09113,0.08904,0.09113,2594861.9
1745380800000,2025-04-23 06:00:00,0.09113,0.09205,0.09046,0.09107,3560154.1
1745388000000,2025-04-23 08:00:00,0.09107,0.09159,0.09035,0.09137,3654229.9
1745395200000,2025-04-23 10:00:00,0.09137,0.09154,0.09085,0.09096,2958778.1
1745402400000,2025-04-23 12:00:00,0.09096,0.09216,0.08996,0.09165,4924116.1
1745409600000,2025-04-23 14:00:00,0.09165,0.09298,0.09061,0.09076,10859530.7
1745416800000,2025-04-23 16:00:00,0.09076,0.09185,0.08905,0.09119,10874283.6
1745424000000,2025-04-23 18:00:00,0.09119,0.09174,0.08984,0.09089,5529752.4
1745431200000,2025-04-23 20:00:00,0.09089,0.09167,0.08939,0.09015,2790144.9
1745438400000,2025-04-23 22:00:00,0.09015,0.09109,0.09014,0.09041,1688234.0
1745445600000,2025-04-24 00:00:00,0.09041,0.09115,0.0903,0.0905,1666882.4
1745452800000,2025-04-24 02:00:00,0.0905,0.09094,0.08937,0.0901,1266775.7
1745460000000,2025-04-24 04:00:00,0.0901,0.09086,0.08823,0.08833,2216950.9
1745467200000,2025-04-24 06:00:00,0.08833,0.08912,0.08801,0.08887,2013786.6
1745474400000,2025-04-24 08:00:00,0.08887,0.08922,0.08784,0.08805,2039818.1
1745481600000,2025-04-24 10:00:00,0.08805,0.08851,0.08707,0.0885,3565547.9
1745488800000,2025-04-24 12:00:00,0.0885,0.08934,0.08844,0.08922,3006310.9
1745496000000,2025-04-24 14:00:00,0.08922,0.09121,0.08879,0.09121,4841942.9
1745503200000,2025-04-24 16:00:00,0.09121,0.09479,0.09118,0.0937,9773486.2
1745510400000,2025-04-24 18:00:00,0.0937,0.09467,0.09214,0.09277,5020868.9
1745517600000,2025-04-24 20:00:00,0.09277,0.09392,0.09273,0.09358,2320073.6
1745524800000,2025-04-24 22:00:00,0.09358,0.09441,0.09317,0.09401,4411258.4
1745532000000,2025-04-25 00:00:00,0.09401,0.09542,0.09354,0.09511,3073935.9
1745539200000,2025-04-25 02:00:00,0.09511,0.09655,0.09444,0.09531,4736701.3
1745546400000,2025-04-25 04:00:00,0.09531,0.09573,0.09346,0.09527,3612790.7
1745553600000,2025-04-25 06:00:00,0.09527,0.09668,0.09499,0.09656,4203825.1
1745560800000,2025-04-25 08:00:00,0.09656,0.10036,0.09656,0.10035,11769314.4
1745568000000,2025-04-25 10:00:00,0.10035,0.10322,0.09991,0.10197,13585237.9
1745575200000,2025-04-25 12:00:00,0.10197,0.10343,0.10119,0.10311,7707427.3
1745582400000,2025-04-25 14:00:00,0.10311,0.1044,0.1008,0.10132,11515854.0
1745589600000,2025-04-25 16:00:00,0.10132,0.10319,0.10115,0.10219,5736678.1
1745596800000,2025-04-25 18:00:00,0.10219,0.10286,0.10061,0.10067,4154269.3
1745604000000,2025-04-25 20:00:00,0.10067,0.10162,0.1001,0.10084,2782481.2
1745611200000,2025-04-25 22:00:00,0.10084,0.10113,0.09937,0.09969,2178212.6
1745618400000,2025-04-26 00:00:00,0.09969,0.10145,0.09965,0.10068,2792744.5
1745625600000,2025-04-26 02:00:00,0.10068,0.10523,0.10063,0.10451,4123542.7
1745632800000,2025-04-26 04:00:00,0.10451,0.10495,0.10384,0.1048,3124571.4
1745640000000,2025-04-26 06:00:00,0.1048,0.10621,0.10347,0.10574,4897342.7
1745647200000,2025-04-26 08:00:00,0.10574,0.1066,0.10469,0.10485,4230977.6
1745654400000,2025-04-26 10:00:00,0.10485,0.10566,0.10238,0.10315,7494512.8
1745661600000,2025-04-26 12:00:00,0.10315,0.10325,0.10093,0.10141,4306564.3
1745668800000,2025-04-26 14:00:00,0.10141,0.10173,0.10016,0.10136,3311453.6
1745676000000,2025-04-26 16:00:00,0.10136,0.1028,0.10074,0.10276,2611938.1
1745683200000,2025-04-26 18:00:00,0.10276,0.10277,0.1014,0.10218,1080463.0
1745690400000,2025-04-26 20:00:00,0.10218,0.10316,0.10192,0.10297,1473100.8
1745697600000,2025-04-26 22:00:00,0.10297,0.10316,0.1017,0.10179,2322625.1
1745704800000,2025-04-27 00:00:00,0.10179,0.10377,0.10174,0.10352,1966029.3
1745712000000,2025-04-27 02:00:00,0.10352,0.10444,0.10021,0.10029,4646211.8
1745719200000,2025-04-27 04:00:00,0.10029,0.10195,0.10024,0.10153,3310809.2
1745726400000,2025-04-27 06:00:00,0.10153,0.10345,0.10037,0.10087,6961033.9
1745733600000,2025-04-27 08:00:00,0.10087,0.10162,0.10033,0.10154,1473839.8
1745740800000,2025-04-27 10:00:00,0.10154,0.10228,0.10132,0.10189,1797695.1
1745748000000,2025-04-27 12:00:00,0.10189,0.10195,0.10072,0.10074,2100567.6
1745755200000,2025-04-27 14:00:00,0.10074,0.10158,0.09925,0.10069,8518470.7
1745762400000,2025-04-27 16:00:00,0.10069,0.10084,0.09901,0.09921,2752020.5
1745769600000,2025-04-27 18:00:00,0.09921,0.09957,0.09824,0.09911,4452454.9
1745776800000,2025-04-27 20:00:00,0.09911,0.10012,0.09897,0.10003,2229104.7
1745784000000,2025-04-27 22:00:00,0.10003,0.10004,0.0985,0.09944,1593724.8
1745791200000,2025-04-28 00:00:00,0.09944,0.09944,0.09781,0.09792,1756331.8
1745798400000,2025-04-28 02:00:00,0.09792,0.09813,0.09559,0.09632,4756185.4
1745805600000,2025-04-28 04:00:00,0.09632,0.09974,0.09614,0.09939,2815480.5
1745812800000,2025-04-28 06:00:00,0.09939,0.10057,0.09684,0.09785,19890510.9
1745820000000,2025-04-28 08:00:00,0.09785,0.09945,0.0967,0.09933,9497954.0
1745827200000,2025-04-28 10:00:00,0.09933,0.10109,0.09933,0.09999,5340319.1
1745834400000,2025-04-28 12:00:00,0.09999,0.10135,0.09899,0.1003,6294836.4
1745841600000,2025-04-28 14:00:00,0.1003,0.10048,0.09819,0.09828,4796901.3
1745848800000,2025-04-28 16:00:00,0.09828,0.0995,0.09593,0.09666,8023063.6
1745856000000,2025-04-28 18:00:00,0.09666,0.09841,0.09575,0.09835,6069395.8
1745863200000,2025-04-28 20:00:00,0.09835,0.0996,0.09745,0.09925,3404977.6
1745870400000,2025-04-28 22:00:00,0.09925,0.09937,0.09813,0.09845,2258756.4
1745877600000,2025-04-29 00:00:00,0.09845,0.09901,0.098,0.09883,1871446.2
1745884800000,2025-04-29 02:00:00,0.09883,0.09993,0.09831,0.09903,4366257.4
1745892000000,2025-04-29 04:00:00,0.09903,0.09981,0.09838,0.09972,1347722.9
1745899200000,2025-04-29 06:00:00,0.09972,0.10016,0.09858,0.09882,2371862.4
1745906400000,2025-04-29 08:00:00,0.09882,0.10133,0.09877,0.10133,4501749.2
1745913600000,2025-04-29 10:00:00,0.10133,0.10187,0.10016,0.10039,3279032.1
1745920800000,2025-04-29 12:00:00,0.10039,0.10071,0.09898,0.09961,3134517.1
1745928000000,2025-04-29 14:00:00,0.09961,0.09971,0.0976,0.09896,5202487.4
1745935200000,2025-04-29 16:00:00,0.09896,0.10027,0.09852,0.09918,4004583.0
1745942400000,2025-04-29 18:00:00,0.09918,0.10035,0.09886,0.0993,3019899.9
1745949600000,2025-04-29 20:00:00,0.0993,0.10001,0.09905,0.0991,2236784.0
1745956800000,2025-04-29 22:00:00,0.0991,0.09937,0.09691,0.09775,6161280.3
1745964000000,2025-04-30 00:00:00,0.09775,0.09775,0.09556,0.09688,5484357.5
1745971200000,2025-04-30 02:00:00,0.09688,0.09747,0.09608,0.09673,2733199.9
1745978400000,2025-04-30 04:00:00,0.09673,0.09797,0.0966,0.09773,882944.0
1745985600000,2025-04-30 06:00:00,0.09773,0.09856,0.09754,0.09821,1490284.6
1745992800000,2025-04-30 08:00:00,0.09821,0.09884,0.09705,0.09731,1773489.2
1746000000000,2025-04-30 10:00:00,0.09731,0.09806,0.09648,0.09797,2497410.1
1746007200000,2025-04-30 12:00:00,0.09797,0.09826,0.09761,0.09801,1599568.5
1746014400000,2025-04-30 14:00:00,0.09801,0.09812,0.09281,0.09283,9813000.4
1746021600000,2025-04-30 16:00:00,0.09283,0.09544,0.09267,0.09471,5877715.9
1746028800000,2025-04-30 18:00:00,0.09471,0.0956,0.09399,0.09537,2485751.6
1746036000000,2025-04-30 20:00:00,0.09537,0.09621,0.09431,0.09512,3532007.2
1746043200000,2025-04-30 22:00:00,0.09512,0.09617,0.095,0.09541,2637177.7
1746050400000,2025-05-01 00:00:00,0.09541,0.09632,0.0954,0.09606,2443370.3
1746057600000,2025-05-01 02:00:00,0.09606,0.09835,0.09599,0.09763,2980657.8
1746064800000,2025-05-01 04:00:00,0.09763,0.0978,0.09642,0.09654,2079455.6
1746072000000,2025-05-01 06:00:00,0.09654,0.09721,0.09572,0.09712,2181366.8
1746079200000,2025-05-01 08:00:00,0.09712,0.09757,0.09634,0.09725,1072842.3
1746086400000,2025-05-01 10:00:00,0.09725,0.09873,0.09701,0.09854,3475981.4
1746093600000,2025-05-01 12:00:00,0.09854,0.1003,0.09849,0.09969,6384588.3
1746100800000,2025-05-01 14:00:00,0.09969,0.10006,0.09837,0.09841,4973526.3
1746108000000,2025-05-01 16:00:00,0.09841,0.10076,0.09839,0.09924,4471358.7
1746115200000,2025-05-01 18:00:00,0.09924,0.10013,0.09876,0.09977,4509616.2
1746122400000,2025-05-01 20:00:00,0.09977,0.10268,0.09958,0.10221,9648304.3
1746129600000,2025-05-01 22:00:00,0.10221,0.10408,0.10204,0.10295,6796981.5
1746136800000,2025-05-02 00:00:00,0.10295,0.10348,0.0997,0.10046,5126889.4
1746144000000,2025-05-02 02:00:00,0.10046,0.1019,0.09953,0.10102,4461217.3
1746151200000,2025-05-02 04:00:00,0.10102,0.10194,0.10059,0.10089,2162690.0
1746158400000,2025-05-02 06:00:00,0.10089,0.10096,0.09909,0.09929,2472191.0
1746165600000,2025-05-02 08:00:00,0.09929,0.10084,0.09899,0.09932,3105013.1
1746172800000,2025-05-02 10:00:00,0.09932,0.1006,0.09925,0.10015,1454635.9
1746180000000,2025-05-02 12:00:00,0.10015,0.10052,0.0994,0.09942,2060187.6
1746187200000,2025-05-02 14:00:00,0.09942,0.10063,0.09887,0.09984,4808631.4
1746194400000,2025-05-02 16:00:00,0.09984,0.10113,0.09966,0.09998,1631293.6
1746201600000,2025-05-02 18:00:00,0.09998,0.10105,0.0987,0.09935,9220126.1
1746208800000,2025-05-02 20:00:00,0.09935,0.09951,0.09729,0.09759,4590096.9
1746216000000,2025-05-02 22:00:00,0.09759,0.09867,0.09742,0.09808,2271982.3
1746223200000,2025-05-03 00:00:00,0.09808,0.09833,0.09774,0.09814,1049616.3
1746230400000,2025-05-03 02:00:00,0.09814,0.09828,0.09652,0.09671,1902947.3
1746237600000,2025-05-03 04:00:00,0.09671,0.09767,0.09664,0.09736,755748.9
1746244800000,2025-05-03 06:00:00,0.09736,0.09775,0.09708,0.09711,699699.6
1746252000000,2025-05-03 08:00:00,0.09711,0.09723,0.09622,0.09659,1959917.4
1746259200000,2025-05-03 10:00:00,0.09659,0.09674,0.09546,0.09568,2021598.1
1746266400000,2025-05-03 12:00:00,0.09568,0.0958,0.09469,0.09484,3062443.2
1746273600000,2025-05-03 14:00:00,0.09484,0.09578,0.09481,0.09563,1531670.8
1746280800000,2025-05-03 16:00:00,0.09563,0.09624,0.09538,0.09549,1653725.4
1746288000000,2025-05-03 18:00:00,0.09549,0.09553,0.09254,0.09401,17038718.3
1746295200000,2025-05-03 20:00:00,0.09401,0.09526,0.09387,0.09518,2452273.2
1746302400000,2025-05-03 22:00:00,0.09518,0.09524,0.09345,0.09414,2501544.9
1746309600000,2025-05-04 00:00:00,0.09414,0.09422,0.09315,0.09323,1549552.6
1746316800000,2025-05-04 02:00:00,0.09323,0.09359,0.09202,0.09318,3547920.9
1746324000000,2025-05-04 04:00:00,0.09318,0.09397,0.09168,0.09183,4098569.5
1746331200000,2025-05-04 06:00:00,0.09183,0.0927,0.09142,0.09229,2671392.9
1746338400000,2025-05-04 08:00:00,0.09229,0.0925,0.09147,0.09177,1766598.0
1746345600000,2025-05-04 10:00:00,0.09177,0.09188,0.09072,0.09088,3509621.6
1746352800000,2025-05-04 12:00:00,0.09088,0.09146,0.09073,0.09116,2023087.0
1746360000000,2025-05-04 14:00:00,0.09116,0.09152,0.08991,0.09064,3399946.3
1746367200000,2025-05-04 16:00:00,0.09064,0.09154,0.09062,0.09098,1456628.5
1746374400000,2025-05-04 18:00:00,0.09098,0.09113,0.08965,0.09038,2526134.0
1746381600000,2025-05-04 20:00:00,0.09038,0.09073,0.08952,0.09001,1524731.5
1746388800000,2025-05-04 22:00:00,0.09001,0.09102,0.08993,0.09072,1138030.5
1746396000000,2025-05-05 00:00:00,0.09072,0.09074,0.08955,0.08989,2337403.2
1746403200000,2025-05-05 02:00:00,0.08989,0.09057,0.0887,0.08965,4443020.0
1746410400000,2025-05-05 04:00:00,0.08965,0.09142,0.08951,0.09059,2238555.0
1746417600000,2025-05-05 06:00:00,0.09059,0.09171,0.09045,0.0917,1196304.8
1746424800000,2025-05-05 08:00:00,0.0917,0.09184,0.09063,0.09114,1268128.6
1746432000000,2025-05-05 10:00:00,0.09114,0.09145,0.09081,0.09084,1914736.0
1746439200000,2025-05-05 12:00:00,0.09084,0.09096,0.08927,0.08954,2450955.9
1746446400000,2025-05-05 14:00:00,0.08954,0.09001,0.08864,0.08951,2810202.8
1746453600000,2025-05-05 16:00:00,0.08951,0.08997,0.08879,0.08933,6582870.2
1746460800000,2025-05-05 18:00:00,0.08933,0.09134,0.08919,0.0912,3031421.3
1746468000000,2025-05-05 20:00:00,0.0912,0.0923,0.09072,0.09078,9880831.5
1746475200000,2025-05-05 22:00:00,0.09078,0.09171,0.08944,0.09131,7308028.8
1746482400000,2025-05-06 00:00:00,0.09131,0.09248,0.09131,0.09182,6509939.2
1746489600000,2025-05-06 02:00:00,0.09182,0.09208,0.09042,0.09129,6492972.1
1746496800000,2025-05-06 04:00:00,0.09129,0.09149,0.09029,0.09148,2071843.4
1746504000000,2025-05-06 06:00:00,0.09148,0.09175,0.09076,0.09081,1199384.1
1746511200000,2025-05-06 08:00:00,0.09081,0.09136,0.09061,0.09078,1806369.8
1746518400000,2025-05-06 10:00:00,0.09078,0.09078,0.08865,0.08922,3814084.9
1746525600000,2025-05-06 12:00:00,0.08922,0.08925,0.08713,0.08762,11708529.5
1746532800000,2025-05-06 14:00:00,0.08762,0.08786,0.08676,0.08735,8347474.6
1746540000000,2025-05-06 16:00:00,0.08735,0.08923,0.08733,0.08782,3393375.1
1746547200000,2025-05-06 18:00:00,0.08782,0.0884,0.08706,0.08782,3061730.6
1746554400000,2025-05-06 20:00:00,0.08782,0.08909,0.08782,0.08828,3814714.9
1746561600000,2025-05-06 22:00:00,0.08828,0.08844,0.086,0.08721,2157006.3
1746568800000,2025-05-07 00:00:00,0.08721,0.09005,0.08719,0.08987,4177843.4
1746576000000,2025-05-07 02:00:00,0.08987,0.09165,0.08967,0.0914,3770126.9
1746583200000,2025-05-07 04:00:00,0.0914,0.09149,0.08953,0.09058,2342710.6
1746590400000,2025-05-07 06:00:00,0.09058,0.09108,0.09001,0.09007,1176068.3
1746597600000,2025-05-07 08:00:00,0.09007,0.09158,0.08996,0.09155,6753980.3
1746604800000,2025-05-07 10:00:00,0.09155,0.09247,0.09105,0.09203,5011940.9
1746612000000,2025-05-07 12:00:00,0.09203,0.0921,0.0913,0.0915,1577352.5
1746619200000,2025-05-07 14:00:00,0.0915,0.09201,0.09081,0.09166,3193806.1
1746626400000,2025-05-07 16:00:00,0.09166,0.09203,0.08979,0.09015,2814822.8
1746633600000,2025-05-07 18:00:00,0.09015,0.09017,0.08883,0.08941,2908817.2
1746640800000,2025-05-07 20:00:00,0.08941,0.09025,0.08859,0.08913,6959408.0
1746648000000,2025-05-07 22:00:00,0.08913,0.09052,0.08883,0.09044,2310348.4
1746655200000,2025-05-08 00:00:00,0.09044,0.09172,0.09023,0.09128,2121255.8
1746662400000,2025-05-08 02:00:00,0.09128,0.0935,0.09116,0.09321,5344965.5
1746669600000,2025-05-08 04:00:00,0.09321,0.0962,0.09321,0.09616,6205371.6
1746676800000,2025-05-08 06:00:00,0.09616,0.09681,0.09539,0.09565,3956029.9
1746684000000,2025-05-08 08:00:00,0.09565,0.09709,0.09563,0.09662,2742297.6
1746691200000,2025-05-08 10:00:00,0.09662,0.09751,0.09662,0.09751,3573455.4
1746698400000,2025-05-08 12:00:00,0.09751,0.09805,0.09735,0.0979,5739601.6
1746705600000,2025-05-08 14:00:00,0.0979,0.09857,0.0972,0.09747,2839631.2
1746712800000,2025-05-08 16:00:00,0.09747,0.1009,0.09723,0.09971,7458112.6
1746720000000,2025-05-08 18:00:00,0.09971,0.10058,0.09942,0.09979,4253614.9
1746727200000,2025-05-08 20:00:00,0.09979,0.10098,0.09972,0.10073,2444524.0
1746734400000,2025-05-08 22:00:00,0.10073,0.10321,0.10028,0.10184,8229057.9
1746741600000,2025-05-09 00:00:00,0.10184,0.10377,0.10123,0.10374,3450036.1
1746748800000,2025-05-09 02:00:00,0.10374,0.10468,0.10264,0.10447,3505900.9
1746756000000,2025-05-09 04:00:00,0.10447,0.10516,0.10286,0.10326,3385424.7
1746763200000,2025-05-09 06:00:00,0.10326,0.10418,0.10303,0.10413,1700517.4
1746770400000,2025-05-09 08:00:00,0.10413,0.10766,0.10385,0.10628,6372804.8
1746777600000,2025-05-09 10:00:00,0.10628,0.10913,0.10468,0.10619,11573094.3
1746784800000,2025-05-09 12:00:00,0.10619,0.11191,0.10593,0.11102,28934577.4
1746792000000,2025-05-09 14:00:00,0.11102,0.11369,0.10992,0.11335,16045480.2
1746799200000,2025-05-09 16:00:00,0.11335,0.11335,0.10966,0.11103,19818838.6
1746806400000,2025-05-09 18:00:00,0.11103,0.11164,0.10907,0.11151,8976209.3
1746813600000,2025-05-09 20:00:00,0.11151,0.11162,0.10949,0.11001,4764261.1
1746820800000,2025-05-09 22:00:00,0.11001,0.11115,0.10977,0.11115,2161900.8
1746828000000,2025-05-10 00:00:00,0.11115,0.11227,0.11053,0.11226,5978614.9
1746835200000,2025-05-10 02:00:00,0.11226,0.11539,0.11152,0.11272,7283119.5
1746842400000,2025-05-10 04:00:00,0.11272,0.1162,0.11259,0.11609,5914095.9
1746849600000,2025-05-10 06:00:00,0.11609,0.11957,0.11494,0.11926,12944763.0
1746856800000,2025-05-10 08:00:00,0.11926,0.11989,0.11657,0.11913,12828057.9
1746864000000,2025-05-10 10:00:00,0.11913,0.12061,0.11736,0.1192,8264573.0
1746871200000,2025-05-10 12:00:00,0.1192,0.11941,0.11538,0.11601,9081633.7
1746878400000,2025-05-10 14:00:00,0.11601,0.11947,0.11597,0.11902,5937403.0
1746885600000,2025-05-10 16:00:00,0.11902,0.11918,0.11672,0.11715,5951753.3
1746892800000,2025-05-10 18:00:00,0.11715,0.12086,0.11673,0.11866,8218941.5
1746900000000,2025-05-10 20:00:00,0.11866,0.12125,0.11791,0.12109,4509517.1
1746907200000,2025-05-10 22:00:00,0.12109,0.12308,0.12011,0.12292,6339269.6
1746914400000,2025-05-11 00:00:00,0.12292,0.12588,0.12219,0.12531,9263120.0
1746921600000,2025-05-11 02:00:00,0.12531,0.12621,0.12053,0.12112,11715335.3
1746928800000,2025-05-11 04:00:00,0.12112,0.12354,0.12059,0.12226,5654043.4
1746936000000,2025-05-11 06:00:00,0.12226,0.12391,0.12217,0.12245,4214724.9
1746943200000,2025-05-11 08:00:00,0.12245,0.12252,0.11722,0.11837,16021635.0
1746950400000,2025-05-11 10:00:00,0.11837,0.12002,0.1176,0.11949,5145488.8
1746957600000,2025-05-11 12:00:00,0.11949,0.12032,0.11887,0.12021,3015438.1
1746964800000,2025-05-11 14:00:00,0.12021,0.12061,0.11663,0.11676,8234511.1
1746972000000,2025-05-11 16:00:00,0.11676,0.11918,0.11625,0.11719,7763982.8
1746979200000,2025-05-11 18:00:00,0.11719,0.11805,0.11509,0.11791,8467355.8
1746986400000,2025-05-11 20:00:00,0.11791,0.11966,0.11682,0.11925,3835855.1
1746993600000,2025-05-11 22:00:00,0.11925,0.11938,0.11738,0.11908,3392235.7
1747000800000,2025-05-12 00:00:00,0.11908,0.11969,0.1172,0.11827,3305912.6
1747008000000,2025-05-12 02:00:00,0.11827,0.12136,0.11717,0.11856,7648586.2
1747015200000,2025-05-12 04:00:00,0.11856,0.12097,0.1184,0.12096,4885504.3
1747022400000,2025-05-12 06:00:00,0.12096,0.12116,0.11812,0.11897,5846453.4
1747029600000,2025-05-12 08:00:00,0.11897,0.12556,0.11846,0.12235,13287509.6
1747036800000,2025-05-12 10:00:00,0.12235,0.1251,0.12057,0.12373,8976281.2
1747044000000,2025-05-12 12:00:00,0.12373,0.12416,0.12081,0.12107,5418571.2
1747051200000,2025-05-12 14:00:00,0.12107,0.12381,0.12064,0.12212,8733862.1
1747058400000,2025-05-12 16:00:00,0.12212,0.12295,0.11704,0.11778,18249730.5
1747065600000,2025-05-12 18:00:00,0.11778,0.12005,0.11711,0.11765,5082976.9
1747072800000,2025-05-12 20:00:00,0.11765,0.11803,0.11217,0.11612,12600799.0
1747080000000,2025-05-12 22:00:00,0.11612,0.11816,0.11541,0.11785,3397437.4
1747087200000,2025-05-13 00:00:00,0.11785,0.1195,0.11748,0.11833,2848551.6
1747094400000,2025-05-13 02:00:00,0.11833,0.11862,0.11393,0.11425,4626611.2
1747101600000,2025-05-13 04:00:00,0.11425,0.11472,0.11161,0.11164,9673869.7
1747108800000,2025-05-13 06:00:00,0.11164,0.11597,0.11117,0.11486,12530165.1
1747116000000,2025-05-13 08:00:00,0.11486,0.11745,0.11486,0.11618,7457227.1
1747123200000,2025-05-13 10:00:00,0.11618,0.1193,0.11601,0.11923,6970670.6
1747130400000,2025-05-13 12:00:00,0.11923,0.1206,0.11863,0.11988,8546158.8
1747137600000,2025-05-13 14:00:00,0.11988,0.12157,0.11825,0.12029,13058662.2
1747144800000,2025-05-13 16:00:00,0.12029,0.1213,0.11807,0.12112,8649433.1
1747152000000,2025-05-13 18:00:00,0.12112,0.12352,0.12084,0.12327,6080011.1
1747159200000,2025-05-13 20:00:00,0.12327,0.12762,0.12266,0.12662,7529217.5
1747166400000,2025-05-13 22:00:00,0.12662,0.1308,0.12522,0.12849,11090891.7
1747173600000,2025-05-14 00:00:00,0.12849,0.12874,0.12656,0.12785,6215110.6
1747180800000,2025-05-14 02:00:00,0.12785,0.13119,0.12784,0.12918,6521793.3
1747188000000,2025-05-14 04:00:00,0.12918,0.12944,0.12716,0.12806,7083191.3
1747195200000,2025-05-14 06:00:00,0.12806,0.12926,0.12693,0.12829,4319154.1
1747202400000,2025-05-14 08:00:00,0.12829,0.12854,0.12565,0.12627,3880753.4
1747209600000,2025-05-14 10:00:00,0.12627,0.12666,0.12259,0.12414,8367980.6
1747216800000,2025-05-14 12:00:00,0.12414,0.12584,0.12413,0.1256,3719007.9
1747224000000,2025-05-14 14:00:00,0.1256,0.12634,0.12194,0.12377,6148105.3
1747231200000,2025-05-14 16:00:00,0.12377,0.12377,0.12131,0.12265,5005110.2
1747238400000,2025-05-14 18:00:00,0.12265,0.12326,0.12104,0.12326,4839941.0
1747245600000,2025-05-14 20:00:00,0.12326,0.12384,0.12258,0.12301,3070611.0
1747252800000,2025-05-14 22:00:00,0.12301,0.12338,0.12175,0.12274,1846406.4
1747260000000,2025-05-15 00:00:00,0.12274,0.12278,0.12031,0.12168,3605453.0
1747267200000,2025-05-15 02:00:00,0.12168,0.12326,0.11876,0.11928,5767876.2
1747274400000,2025-05-15 04:00:00,0.11928,0.12118,0.11883,0.11936,2048330.3
1747281600000,2025-05-15 06:00:00,0.11936,0.11996,0.11663,0.11684,3641092.0
1747288800000,2025-05-15 08:00:00,0.11684,0.11773,0.11372,0.11425,8276324.5
1747296000000,2025-05-15 10:00:00,0.11425,0.11596,0.1123,0.11341,9084811.5
1747303200000,2025-05-15 12:00:00,0.11341,0.11499,0.11207,0.11458,4785203.5
1747310400000,2025-05-15 14:00:00,0.11458,0.11628,0.11284,0.11391,12837394.9
1747317600000,2025-05-15 16:00:00,0.11391,0.11678,0.11191,0.11665,8418173.7
1747324800000,2025-05-15 18:00:00,0.11665,0.11872,0.11544,0.11708,4594670.5
1747332000000,2025-05-15 20:00:00,0.11708,0.11732,0.11343,0.11488,6406731.1
1747339200000,2025-05-15 22:00:00,0.11488,0.1156,0.1121,0.11389,7481869.3
1747346400000,2025-05-16 00:00:00,0.11389,0.11526,0.11103,0.114,4939115.8
1747353600000,2025-05-16 02:00:00,0.114,0.11455,0.11211,0.11411,5140387.1
1747360800000,2025-05-16 04:00:00,0.11411,0.116,0.11401,0.11503,7594881.1
1747368000000,2025-05-16 06:00:00,0.11503,0.11552,0.11319,0.11435,4548403.8
1747375200000,2025-05-16 08:00:00,0.11435,0.11531,0.1137,0.11447,5780218.7
1747382400000,2025-05-16 10:00:00,0.11447,0.11537,0.11237,0.11533,5248013.4
1747389600000,2025-05-16 12:00:00,0.11533,0.11632,0.11475,0.11498,4312085.1
1747396800000,2025-05-16 14:00:00,0.11498,0.11573,0.11378,0.11559,5006920.1
1747404000000,2025-05-16 16:00:00,0.11559,0.11561,0.11218,0.1133,8266897.0
1747411200000,2025-05-16 18:00:00,0.1133,0.11395,0.11152,0.11197,7214774.7
1747418400000,2025-05-16 20:00:00,0.11197,0.11288,0.11179,0.11275,1537522.5
1747425600000,2025-05-16 22:00:00,0.11275,0.11276,0.1106,0.11116,4736089.6
1747432800000,2025-05-17 00:00:00,0.11116,0.11116,0.10879,0.11004,7746667.0
1747440000000,2025-05-17 02:00:00,0.11004,0.1104,0.10535,0.10655,9563582.8
1747447200000,2025-05-17 04:00:00,0.10655,0.10792,0.10525,0.10731,8752688.1
1747454400000,2025-05-17 06:00:00,0.10731,0.10896,0.10708,0.10726,3371181.5
1747461600000,2025-05-17 08:00:00,0.10726,0.10857,0.1067,0.10791,3310762.6
1747468800000,2025-05-17 10:00:00,0.10791,0.10793,0.10608,0.10676,3339059.8
1747476000000,2025-05-17 12:00:00,0.10676,0.10785,0.10623,0.10686,2292910.8
1747483200000,2025-05-17 14:00:00,0.10686,0.10706,0.10501,0.10554,4548882.8
1747490400000,2025-05-17 16:00:00,0.10554,0.10715,0.1055,0.10636,2570258.8
1747497600000,2025-05-17 18:00:00,0.10636,0.10669,0.10379,0.10546,7874774.9
1747504800000,2025-05-17 20:00:00,0.10546,0.10669,0.10468,0.10519,6263663.5
1747512000000,2025-05-17 22:00:00,0.10519,0.10714,0.10497,0.10615,4082744.9
1747519200000,2025-05-18 00:00:00,0.10615,0.10619,0.10429,0.10555,2524552.2
1747526400000,2025-05-18 02:00:00,0.10555,0.10638,0.10495,0.10604,2226661.2
1747533600000,2025-05-18 04:00:00,0.10604,0.10642,0.10487,0.10555,4279168.2
1747540800000,2025-05-18 06:00:00,0.10555,0.10925,0.10548,0.10917,4066902.7
1747548000000,2025-05-18 08:00:00,0.10917,0.11043,0.1084,0.11026,5903940.8
1747555200000,2025-05-18 10:00:00,0.11026,0.11167,0.11025,0.11067,4586550.0
1747562400000,2025-05-18 12:00:00,0.11067,0.11095,0.10983,0.10984,2294074.3
1747569600000,2025-05-18 14:00:00,0.10984,0.11227,0.10887,0.11213,5125962.6
1747576800000,2025-05-18 16:00:00,0.11213,0.11575,0.11198,0.11537,9946652.6
1747584000000,2025-05-18 18:00:00,0.11537,0.11648,0.11187,0.11203,9143274.7
1747591200000,2025-05-18 20:00:00,0.11203,0.11212,0.10758,0.10766,10900509.3
1747598400000,2025-05-18 22:00:00,0.10766,0.11092,0.10527,0.10952,10677697.4
1747605600000,2025-05-19 00:00:00,0.10952,0.11507,0.10835,0.1145,7419587.7
1747612800000,2025-05-19 02:00:00,0.1145,0.11483,0.10959,0.1098,8305133.3
1747620000000,2025-05-19 04:00:00,0.1098,0.11027,0.10739,0.10774,3102043.8
1747627200000,2025-05-19 06:00:00,0.10774,0.10832,0.10586,0.10688,6719389.3
1747634400000,2025-05-19 08:00:00,0.10688,0.10786,0.10476,0.10699,4910603.5
1747641600000,2025-05-19 10:00:00,0.10699,0.10714,0.10541,0.10554,5323976.3
1747648800000,2025-05-19 12:00:00,0.10554,0.10683,0.10534,0.10645,2147977.4
1747656000000,2025-05-19 14:00:00,0.10645,0.10806,0.10445,0.1074,7633034.2
1747663200000,2025-05-19 16:00:00,0.1074,0.1097,0.1069,0.10921,9470018.3
1747670400000,2025-05-19 18:00:00,0.10921,0.11196,0.10824,0.11028,4424537.7
1747677600000,2025-05-19 20:00:00,0.11028,0.1108,0.10858,0.10985,7343900.0
1747684800000,2025-05-19 22:00:00,0.10985,0.11013,0.10851,0.11006,2806942.4
1747692000000,2025-05-20 00:00:00,0.11006,0.11052,0.10897,0.11032,2444607.6
1747699200000,2025-05-20 02:00:00,0.11032,0.1125,0.10883,0.11187,9242400.6
1747706400000,2025-05-20 04:00:00,0.11187,0.11418,0.11055,0.11128,7097343.7
1747713600000,2025-05-20 06:00:00,0.11128,0.11209,0.11038,0.11115,7002032.8
1747720800000,2025-05-20 08:00:00,0.11115,0.11154,0.10873,0.10897,6827003.2
1747728000000,2025-05-20 10:00:00,0.10897,0.10929,0.10743,0.10761,6085071.3
1747735200000,2025-05-20 12:00:00,0.10761,0.10794,0.10584,0.10696,4528021.8
1747742400000,2025-05-20 14:00:00,0.10696,0.10783,0.1057,0.1069,5476314.4
1747749600000,2025-05-20 16:00:00,0.1069,0.10826,0.10632,0.10795,4385759.2
1747756800000,2025-05-20 18:00:00,0.10795,0.10939,0.10641,0.10841,8205629.3
1747764000000,2025-05-20 20:00:00,0.10841,0.10993,0.10584,0.10955,5983039.5
1747771200000,2025-05-20 22:00:00,0.10955,0.11211,0.109,0.11144,6718137.4
1747778400000,2025-05-21 00:00:00,0.11144,0.11195,0.10971,0.11073,4777664.9
1747785600000,2025-05-21 02:00:00,0.11073,0.11168,0.10972,0.10989,8840267.6
1747792800000,2025-05-21 04:00:00,0.10989,0.11342,0.1087,0.11256,7422980.4
1747800000000,2025-05-21 06:00:00,0.11256,0.11466,0.11129,0.11385,5795229.3
1747807200000,2025-05-21 08:00:00,0.11385,0.1142,0.1112,0.11181,5228973.1
1747814400000,2025-05-21 10:00:00,0.11181,0.11199,0.1086,0.10905,7770430.1
1747821600000,2025-05-21 12:00:00,0.10905,0.11111,0.10872,0.11037,3578610.9
1747828800000,2025-05-21 14:00:00,0.11037,0.11144,0.10945,0.11064,5003163.1
1747836000000,2025-05-21 16:00:00,0.11064,0.11292,0.10963,0.11265,9650964.2
1747843200000,2025-05-21 18:00:00,0.11265,0.11627,0.10905,0.11014,13203733.7
1747850400000,2025-05-21 20:00:00,0.11014,0.11262,0.10952,0.11238,13312943.2
1747857600000,2025-05-21 22:00:00,0.11238,0.11333,0.11158,0.11224,6928976.4
1747864800000,2025-05-22 00:00:00,0.11224,0.11569,0.11224,0.11438,4237892.2
1747872000000,2025-05-22 02:00:00,0.11438,0.11679,0.11438,0.11552,4369332.9
1747879200000,2025-05-22 04:00:00,0.11552,0.11807,0.11524,0.11767,3653899.3
1747886400000,2025-05-22 06:00:00,0.11767,0.11848,0.11684,0.11697,3593632.2
1747893600000,2025-05-22 08:00:00,0.11697,0.1182,0.11642,0.11806,3138104.9
1747900800000,2025-05-22 10:00:00,0.11806,0.12101,0.11784,0.1201,4754258.7
1747908000000,2025-05-22 12:00:00,0.1201,0.12097,0.11863,0.11946,3894231.3
1747915200000,2025-05-22 14:00:00,0.11946,0.12039,0.11817,0.11852,6452247.5
1747922400000,2025-05-22 16:00:00,0.11852,0.12373,0.11851,0.12209,8561337.9
1747929600000,2025-05-22 18:00:00,0.12209,0.1234,0.12087,0.12233,5685972.9
1747936800000,2025-05-22 20:00:00,0.12233,0.12335,0.1206,0.12114,4649154.5
1747944000000,2025-05-22 22:00:00,0.12114,0.12257,0.11962,0.12013,4279363.5
1747951200000,2025-05-23 00:00:00,0.12013,0.12232,0.12013,0.12232,3508946.1
1747958400000,2025-05-23 02:00:00,0.12232,0.12355,0.12067,0.12282,4485885.5
1747965600000,2025-05-23 04:00:00,0.12282,0.12533,0.12264,0.12391,8691708.4
1747972800000,2025-05-23 06:00:00,0.12391,0.12419,0.11978,0.1212,6667163.7
1747980000000,2025-05-23 08:00:00,0.1212,0.12131,0.11795,0.11843,7773324.3
1747987200000,2025-05-23 10:00:00,0.11843,0.12173,0.11843,0.12151,6959051.0
1747994400000,2025-05-23 12:00:00,0.12151,0.12158,0.11398,0.11489,18595070.5
1748001600000,2025-05-23 14:00:00,0.11489,0.11655,0.11135,0.11643,18296583.1
1748008800000,2025-05-23 16:00:00,0.11643,0.11679,0.11431,0.11431,6133549.0
1748016000000,2025-05-23 18:00:00,0.11431,0.11601,0.11325,0.11529,6569329.0
1748023200000,2025-05-23 20:00:00,0.11529,0.11544,0.11318,0.11342,4492803.2
1748030400000,2025-05-23 22:00:00,0.11342,0.11342,0.11147,0.112,3749216.6
1748037600000,2025-05-24 00:00:00,0.112,0.11269,0.10824,0.10913,8437894.4
1748044800000,2025-05-24 02:00:00,0.10913,0.11142,0.10821,0.10943,12611817.4
1748052000000,2025-05-24 04:00:00,0.10943,0.11142,0.10907,0.11082,3221226.9
1748059200000,2025-05-24 06:00:00,0.11082,0.11139,0.10966,0.11025,4102339.6
1748066400000,2025-05-24 08:00:00,0.11025,0.11064,0.1091,0.10927,5134935.1
1748073600000,2025-05-24 10:00:00,0.10927,0.11008,0.10852,0.10907,2975209.4
1748080800000,2025-05-24 12:00:00,0.10907,0.11117,0.10891,0.11046,8837248.5
1748088000000,2025-05-24 14:00:00,0.11046,0.11065,0.10939,0.10966,3711323.9
1748095200000,2025-05-24 16:00:00,0.10966,0.11085,0.10943,0.11008,2218268.3
1748102400000,2025-05-24 18:00:00,0.11008,0.11073,0.10894,0.10954,3482439.7
1748109600000,2025-05-24 20:00:00,0.10954,0.11009,0.1085,0.10924,4761275.2
1748116800000,2025-05-24 22:00:00,0.10924,0.10976,0.10795,0.10892,3629498.6
1748124000000,2025-05-25 00:00:00,0.10892,0.10895,0.10708,0.10792,4262309.1
1748131200000,2025-05-25 02:00:00,0.10792,0.10834,0.10484,0.10558,8361833.4
1748138400000,2025-05-25 04:00:00,0.10558,0.10737,0.10503,0.107,2213491.7
1748145600000,2025-05-25 06:00:00,0.107,0.10742,0.1063,0.10739,3199892.4
1748152800000,2025-05-25 08:00:00,0.10739,0.10752,0.10552,0.10587,1926641.5
1748160000000,2025-05-25 10:00:00,0.10587,0.10589,0.10374,0.1049,7767549.7
1748167200000,2025-05-25 12:00:00,0.1049,0.10533,0.10429,0.1053,2520408.2
1748174400000,2025-05-25 14:00:00,0.1053,0.10691,0.10471,0.10642,3806925.7
1748181600000,2025-05-25 16:00:00,0.10642,0.10665,0.10363,0.10536,7071780.8
1748188800000,2025-05-25 18:00:00,0.10536,0.10537,0.10375,0.10479,3226209.4
1748196000000,2025-05-25 20:00:00,0.10479,0.10608,0.10447,0.10554,2601138.7
1748203200000,2025-05-25 22:00:00,0.10554,0.10629,0.1045,0.1051,3924916.5
1748210400000,2025-05-26 00:00:00,0.1051,0.11023,0.10506,0.11013,5793661.3
1748217600000,2025-05-26 02:00:00,0.11013,0.11247,0.10972,0.11148,5628072.5
1748224800000,2025-05-26 04:00:00,0.11148,0.11213,0.11041,0.11158,2219614.2
1748232000000,2025-05-26 06:00:00,0.11158,0.11266,0.11136,0.11254,2809638.3
1748239200000,2025-05-26 08:00:00,0.11254,0.11493,0.11238,0.11421,5893798.3
1748246400000,2025-05-26 10:00:00,0.11421,0.11477,0.11221,0.11236,4779993.2
1748253600000,2025-05-26 12:00:00,0.11236,0.11266,0.11099,0.11176,3677185.3
1748260800000,2025-05-26 14:00:00,0.11176,0.1126,0.10986,0.11033,7875265.9
1748268000000,2025-05-26 16:00:00,0.11033,0.11319,0.10932,0.11204,8226882.9
1748275200000,2025-05-26 18:00:00,0.11204,0.11291,0.10817,0.10872,11029179.4
1748282400000,2025-05-26 20:00:00,0.10872,0.10964,0.1078,0.10839,3316183.0
1748289600000,2025-05-26 22:00:00,0.10839,0.11007,0.10785,0.10976,6945047.1
1748296800000,2025-05-27 00:00:00,0.10976,0.11079,0.10903,0.11004,3799511.2
1748304000000,2025-05-27 02:00:00,0.11004,0.11083,0.10667,0.10751,7557677.1
1748311200000,2025-05-27 04:00:00,0.10751,0.11022,0.1075,0.1091,6168287.2
1748318400000,2025-05-27 06:00:00,0.1091,0.11013,0.10831,0.10986,6107124.0
1748325600000,2025-05-27 08:00:00,0.10986,0.11287,0.10984,0.112,8114032.0
1748332800000,2025-05-27 10:00:00,0.112,0.11326,0.11175,0.1125,4834234.5
1748340000000,2025-05-27 12:00:00,0.1125,0.11304,0.11184,0.11288,4363501.1
1748347200000,2025-05-27 14:00:00,0.11288,0.11507,0.11231,0.11285,7391326.0
1748354400000,2025-05-27 16:00:00,0.11285,0.11322,0.11063,0.11275,11056698.8
1748361600000,2025-05-27 18:00:00,0.11275,0.11467,0.11228,0.11392,4036650.1
1748368800000,2025-05-27 20:00:00,0.11392,0.11425,0.11239,0.11271,4822828.3
1748376000000,2025-05-27 22:00:00,0.11271,0.11353,0.11182,0.11201,2799790.4
1748383200000,2025-05-28 00:00:00,0.11201,0.11222,0.11081,0.11142,3029992.2
1748390400000,2025-05-28 02:00:00,0.11142,0.11237,0.10994,0.11117,6589015.3
1748397600000,2025-05-28 04:00:00,0.11117,0.11225,0.1101,0.11207,3564726.7
1748404800000,2025-05-28 06:00:00,0.11207,0.11307,0.11086,0.1127,7752979.0
1748412000000,2025-05-28 08:00:00,0.1127,0.1127,0.11037,0.11037,5238304.7
1748419200000,2025-05-28 10:00:00,0.11037,0.11068,0.10882,0.10927,4609071.1
1748426400000,2025-05-28 12:00:00,0.10927,0.11118,0.10853,0.11114,4744416.3
1748433600000,2025-05-28 14:00:00,0.11114,0.11365,0.10981,0.10983,9085344.7
1748440800000,2025-05-28 16:00:00,0.10983,0.11015,0.10709,0.10758,7936982.6
1748448000000,2025-05-28 18:00:00,0.10758,0.10943,0.10741,0.10824,2683804.7
1748455200000,2025-05-28 20:00:00,0.10824,0.10963,0.10629,0.10638,11967078.7
1748462400000,2025-05-28 22:00:00,0.10638,0.10929,0.1063,0.1091,6065125.6
1748469600000,2025-05-29 00:00:00,0.1091,0.11124,0.10808,0.1111,6902607.3
1748476800000,2025-05-29 02:00:00,0.1111,0.11277,0.11034,0.11132,10796279.9
1748484000000,2025-05-29 04:00:00,0.11132,0.11388,0.11068,0.11212,7182425.9
1748491200000,2025-05-29 06:00:00,0.11212,0.11228,0.10896,0.11016,5935540.7
1748498400000,2025-05-29 08:00:00,0.11016,0.11112,0.10994,0.11032,7019760.8
1748505600000,2025-05-29 10:00:00,0.11032,0.11115,0.10949,0.10998,4832041.3
1748512800000,2025-05-29 12:00:00,0.10998,0.11072,0.10965,0.11056,2929266.8
1748520000000,2025-05-29 14:00:00,0.11056,0.11057,0.10805,0.10835,4907101.9
1748527200000,2025-05-29 16:00:00,0.10835,0.10943,0.10691,0.10785,5417726.8
1748534400000,2025-05-29 18:00:00,0.10785,0.10832,0.10672,0.10732,3574175.5
1748541600000,2025-05-29 20:00:00,0.10732,0.10811,0.10562,0.10603,5584463.8
1748548800000,2025-05-29 22:00:00,0.10603,0.10722,0.10575,0.10722,4282949.3
1748556000000,2025-05-30 00:00:00,0.10722,0.1073,0.10458,0.10526,2992189.1
1748563200000,2025-05-30 02:00:00,0.10526,0.10597,0.09893,0.10238,28207452.9
1748570400000,2025-05-30 04:00:00,0.10238,0.10298,0.1019,0.10202,4574278.9
1748577600000,2025-05-30 06:00:00,0.10202,0.10203,0.10026,0.10081,9006423.5
1748584800000,2025-05-30 08:00:00,0.10081,0.10087,0.09821,0.09918,10308785.5
1748592000000,2025-05-30 10:00:00,0.09918,0.10018,0.09812,0.09986,8279601.4
1748599200000,2025-05-30 12:00:00,0.09986,0.10014,0.09837,0.09934,6411244.9
1748606400000,2025-05-30 14:00:00,0.09934,0.09996,0.0976,0.09793,9130793.6
1748613600000,2025-05-30 16:00:00,0.09793,0.09917,0.09774,0.09819,4592578.4
1748620800000,2025-05-30 18:00:00,0.09819,0.09885,0.09406,0.09581,19841499.9
1748628000000,2025-05-30 20:00:00,0.09581,0.09726,0.09562,0.09649,4862895.1
1748635200000,2025-05-30 22:00:00,0.09649,0.09662,0.09488,0.09502,6155922.9
1748642400000,2025-05-31 00:00:00,0.09502,0.09533,0.09076,0.09215,14505102.7
1748649600000,2025-05-31 02:00:00,0.09215,0.09249,0.08903,0.09005,14670937.0
1748656800000,2025-05-31 04:00:00,0.09005,0.09133,0.08922,0.09081,4507532.9
1748664000000,2025-05-31 06:00:00,0.09081,0.09243,0.09023,0.09139,4311480.1
1748671200000,2025-05-31 08:00:00,0.09139,0.09365,0.09121,0.09339,4664507.0
1748678400000,2025-05-31 10:00:00,0.09339,0.09381,0.09239,0.09251,5316643.2
1748685600000,2025-05-31 12:00:00,0.09251,0.09371,0.09228,0.09264,4544698.2
1748692800000,2025-05-31 14:00:00,0.09264,0.09586,0.09255,0.09469,7258352.6
1748700000000,2025-05-31 16:00:00,0.09469,0.09603,0.09438,0.09467,6144436.6
1748707200000,2025-05-31 18:00:00,0.09467,0.09583,0.09426,0.09464,5393560.7
1748714400000,2025-05-31 20:00:00,0.09464,0.09625,0.09446,0.09568,3098017.2
1748721600000,2025-05-31 22:00:00,0.09568,0.0969,0.09542,0.09601,4015482.3
1748728800000,2025-06-01 00:00:00,0.09601,0.09606,0.09471,0.09503,5497784.8
1748736000000,2025-06-01 02:00:00,0.09503,0.09541,0.09375,0.09419,4727470.1
1748743200000,2025-06-01 04:00:00,0.09419,0.09498,0.09343,0.09444,2894571.4
1748750400000,2025-06-01 06:00:00,0.09444,0.09585,0.09416,0.09534,1831237.1
1748757600000,2025-06-01 08:00:00,0.09534,0.0954,0.0941,0.09481,2800077.6
1748764800000,2025-06-01 10:00:00,0.09481,0.09491,0.09243,0.09316,4885104.9
1748772000000,2025-06-01 12:00:00,0.09316,0.0945,0.09306,0.09405,3901185.9
1748779200000,2025-06-01 14:00:00,0.09405,0.09473,0.09321,0.09429,4540074.2
1748786400000,2025-06-01 16:00:00,0.09429,0.0963,0.09427,0.0956,4353929.9
1748793600000,2025-06-01 18:00:00,0.0956,0.09674,0.09534,0.09573,5754574.3
1748800800000,2025-06-01 20:00:00,0.09573,0.09576,0.09376,0.09515,5629658.5
1748808000000,2025-06-01 22:00:00,0.09515,0.09617,0.09467,0.09599,2065102.8
1748815200000,2025-06-02 00:00:00,0.09599,0.09665,0.09577,0.09604,3609760.9
1748822400000,2025-06-02 02:00:00,0.09604,0.09644,0.09545,0.09552,1872295.8
1748829600000,2025-06-02 04:00:00,0.09552,0.09568,0.09408,0.09449,2431474.2
1748836800000,2025-06-02 06:00:00,0.09449,0.09493,0.09337,0.09393,3332597.0
1748844000000,2025-06-02 08:00:00,0.09393,0.0956,0.09342,0.09489,3471964.7
1748851200000,2025-06-02 10:00:00,0.09489,0.09559,0.09288,0.09324,4574683.4
1748858400000,2025-06-02 12:00:00,0.09324,0.09387,0.09279,0.09364,5075965.3
1748865600000,2025-06-02 14:00:00,0.09364,0.09504,0.09325,0.09401,4899550.5
1748872800000,2025-06-02 16:00:00,0.09401,0.09548,0.09365,0.09498,4432841.4
1748880000000,2025-06-02 18:00:00,0.09498,0.09539,0.0943,0.09526,2690176.0
1748887200000,2025-06-02 20:00:00,0.09526,0.09598,0.09343,0.09411,3876049.5
1748894400000,2025-06-02 22:00:00,0.09411,0.09688,0.09411,0.09684,3643448.5
1748901600000,2025-06-03 00:00:00,0.09684,0.09818,0.09684,0.09777,4710054.5
1748908800000,2025-06-03 02:00:00,0.09777,0.10085,0.09757,0.1008,7456387.7
1748916000000,2025-06-03 04:00:00,0.1008,0.10083,0.09783,0.09793,5373264.0
1748923200000,2025-06-03 06:00:00,0.09793,0.09898,0.09724,0.09894,2139878.2
1748930400000,2025-06-03 08:00:00,0.09894,0.09909,0.09798,0.09812,3390452.6
1748937600000,2025-06-03 10:00:00,0.09812,0.09884,0.09714,0.09854,2780322.9
1748944800000,2025-06-03 12:00:00,0.09854,0.09892,0.09799,0.09828,3289707.9
1748952000000,2025-06-03 14:00:00,0.09828,0.10017,0.09789,0.09938,6238483.2
1748959200000,2025-06-03 16:00:00,0.09938,0.10045,0.09851,0.09954,4747830.8
1748966400000,2025-06-03 18:00:00,0.09954,0.10022,0.0989,0.09989,3525749.3
1748973600000,2025-06-03 20:00:00,0.09989,0.0999,0.09876,0.09956,3277648.6
1748980800000,2025-06-03 22:00:00,0.09956,0.09958,0.09716,0.09744,3443904.5
1748988000000,2025-06-04 00:00:00,0.09744,0.09852,0.09725,0.09732,2871189.5
1748995200000,2025-06-04 02:00:00,0.09732,0.0996,0.09676,0.09867,3084310.3
1749002400000,2025-06-04 04:00:00,0.09867,0.09938,0.09816,0.09839,2833303.8
1749009600000,2025-06-04 06:00:00,0.09839,0.09865,0.09771,0.09777,2900925.9
1749016800000,2025-06-04 08:00:00,0.09777,0.09848,0.09732,0.098,2287641.7
1749024000000,2025-06-04 10:00:00,0.098,0.09879,0.09729,0.09802,2842865.7
1749031200000,2025-06-04 12:00:00,0.09802,0.0983,0.09695,0.09697,2673090.8
1749038400000,2025-06-04 14:00:00,0.09697,0.09736,0.09584,0.09622,3145665.8
1749045600000,2025-06-04 16:00:00,0.09622,0.09802,0.09527,0.09782,4298000.9
1749052800000,2025-06-04 18:00:00,0.09782,0.0979,0.09591,0.09638,3623835.5
1749060000000,2025-06-04 20:00:00,0.09638,0.09686,0.09548,0.09552,1253224.3
1749067200000,2025-06-04 22:00:00,0.09552,0.09559,0.09371,0.09519,4665073.7
1749074400000,2025-06-05 00:00:00,0.09519,0.09544,0.09415,0.09439,1588626.4
1749081600000,2025-06-05 02:00:00,0.09439,0.09513,0.09389,0.09409,1962455.4
1749088800000,2025-06-05 04:00:00,0.09409,0.09535,0.09409,0.09486,2297571.2
1749096000000,2025-06-05 06:00:00,0.09486,0.09529,0.09373,0.09401,4567349.8
1749103200000,2025-06-05 08:00:00,0.09401,0.09549,0.09354,0.09454,3414838.0
1749110400000,2025-06-05 10:00:00,0.09454,0.0948,0.09389,0.09416,1724091.6
1749117600000,2025-06-05 12:00:00,0.09416,0.09426,0.09291,0.09377,2295026.5
1749124800000,2025-06-05 14:00:00,0.09377,0.09566,0.09307,0.09318,6024753.7
1749132000000,2025-06-05 16:00:00,0.09318,0.09396,0.092,0.09309,7559114.7
1749139200000,2025-06-05 18:00:00,0.09309,0.09317,0.09125,0.09164,4254531.6
1749146400000,2025-06-05 20:00:00,0.09164,0.09179,0.08807,0.08914,12398490.0
1749153600000,2025-06-05 22:00:00,0.08914,0.08935,0.08584,0.08772,32909340.3
1749160800000,2025-06-06 00:00:00,0.08772,0.08795,0.08695,0.08705,3722911.4
1749168000000,2025-06-06 02:00:00,0.08705,0.08826,0.08661,0.08799,2718026.0
1749175200000,2025-06-06 04:00:00,0.08799,0.08931,0.08741,0.08906,2857149.0
1749182400000,2025-06-06 06:00:00,0.08906,0.08974,0.08888,0.08941,2597393.4
1749189600000,2025-06-06 08:00:00,0.08941,0.09006,0.08916,0.08925,1933386.1
1749196800000,2025-06-06 10:00:00,0.08925,0.09007,0.08915,0.08929,2404239.7
1749204000000,2025-06-06 12:00:00,0.08929,0.08997,0.08911,0.08965,1881726.0
1749211200000,2025-06-06 14:00:00,0.08965,0.09183,0.08965,0.09123,5234644.4
1749218400000,2025-06-06 16:00:00,0.09123,0.0927,0.09121,0.09184,3653217.9
1749225600000,2025-06-06 18:00:00,0.09184,0.09214,0.0903,0.09092,3096962.1
1749232800000,2025-06-06 20:00:00,0.09092,0.09103,0.08953,0.08966,3060625.1
1749240000000,2025-06-06 22:00:00,0.08966,0.09066,0.08938,0.08972,4253241.2
1749247200000,2025-06-07 00:00:00,0.08972,0.08973,0.08892,0.08927,2803504.0
1749254400000,2025-06-07 02:00:00,0.08927,0.09092,0.08902,0.09038,1982367.0
1749261600000,2025-06-07 04:00:00,0.09038,0.09195,0.09008,0.09182,2306006.3
1749268800000,2025-06-07 06:00:00,0.09182,0.092,0.09142,0.09189,1264476.8
1749276000000,2025-06-07 08:00:00,0.09189,0.09306,0.09154,0.09276,2506059.1
1749283200000,2025-06-07 10:00:00,0.09276,0.093,0.0922,0.09233,1662108.8
1749290400000,2025-06-07 12:00:00,0.09233,0.09331,0.09233,0.09297,1248894.0
1749297600000,2025-06-07 14:00:00,0.09297,0.09345,0.09246,0.09287,2805720.4
1749304800000,2025-06-07 16:00:00,0.09287,0.09294,0.09162,0.09188,2602447.5
1749312000000,2025-06-07 18:00:00,0.09188,0.09238,0.09123,0.09139,2428795.6
1749319200000,2025-06-07 20:00:00,0.09139,0.09228,0.09115,0.0913,2989780.5
1749326400000,2025-06-07 22:00:00,0.0913,0.09171,0.09098,0.09146,1507330.7
1749333600000,2025-06-08 00:00:00,0.09146,0.09187,0.09118,0.09164,1588545.9
1749340800000,2025-06-08 02:00:00,0.09164,0.0918,0.09096,0.09176,1848621.4
1749348000000,2025-06-08 04:00:00,0.09176,0.09176,0.09078,0.09086,1453673.2
1749355200000,2025-06-08 06:00:00,0.09086,0.09202,0.09074,0.09101,5349812.5
1749362400000,2025-06-08 08:00:00,0.09101,0.09368,0.091,0.09148,16133019.5
1749369600000,2025-06-08 10:00:00,0.09148,0.09203,0.09086,0.09116,4566460.3
1749376800000,2025-06-08 12:00:00,0.09116,0.09199,0.09058,0.09184,5574581.6
1749384000000,2025-06-08 14:00:00,0.09184,0.09239,0.09106,0.0914,2637350.6
1749391200000,2025-06-08 16:00:00,0.0914,0.09247,0.09127,0.09216,2375464.0
1749398400000,2025-06-08 18:00:00,0.09216,0.09281,0.09211,0.09211,1874647.7
1749405600000,2025-06-08 20:00:00,0.09211,0.09284,0.09174,0.09269,2863132.9
1749412800000,2025-06-08 22:00:00,0.09269,0.09328,0.0925,0.09319,1752822.8
1749420000000,2025-06-09 00:00:00,0.09319,0.09327,0.09115,0.09151,5261693.3
1749427200000,2025-06-09 02:00:00,0.09151,0.0919,0.09082,0.09092,1754603.8
1749434400000,2025-06-09 04:00:00,0.09092,0.0915,0.09028,0.09081,1427234.5
1749441600000,2025-06-09 06:00:00,0.09081,0.09113,0.08962,0.08972,1898662.9
1749448800000,2025-06-09 08:00:00,0.08972,0.09104,0.08956,0.09083,2565391.7
1749456000000,2025-06-09 10:00:00,0.09083,0.09255,0.09043,0.09208,3154741.8
1749463200000,2025-06-09 12:00:00,0.09208,0.0942,0.09203,0.09395,6963443.4
1749470400000,2025-06-09 14:00:00,0.09395,0.09423,0.09255,0.0928,7693944.8
1749477600000,2025-06-09 16:00:00,0.0928,0.09439,0.09254,0.09403,2901423.5
1749484800000,2025-06-09 18:00:00,0.09403,0.0956,0.094,0.09481,4567760.3
1749492000000,2025-06-09 20:00:00,0.09481,0.09521,0.09402,0.09426,2920259.9
1749499200000,2025-06-09 22:00:00,0.09426,0.09693,0.09426,0.09664,5908780.3
1749506400000,2025-06-10 00:00:00,0.09664,0.09774,0.09648,0.09735,7708014.8
1749513600000,2025-06-10 02:00:00,0.09735,0.09879,0.09717,0.09803,7697190.5
1749520800000,2025-06-10 04:00:00,0.09803,0.0981,0.09699,0.09736,3274485.5
1749528000000,2025-06-10 06:00:00,0.09736,0.09803,0.09577,0.09607,6089230.7
1749535200000,2025-06-10 08:00:00,0.09607,0.09695,0.09541,0.09653,3612167.8
1749542400000,2025-06-10 10:00:00,0.09653,0.09728,0.09597,0.09728,3773169.4
1749549600000,2025-06-10 12:00:00,0.09728,0.09984,0.09666,0.09984,6798066.6
1749556800000,2025-06-10 14:00:00,0.09984,0.10075,0.09822,0.09934,8880389.1
1749564000000,2025-06-10 16:00:00,0.09934,0.09963,0.09718,0.09872,4561619.8
1749571200000,2025-06-10 18:00:00,0.09872,0.0997,0.09839,0.09865,4292980.7
1749578400000,2025-06-10 20:00:00,0.09865,0.10143,0.09836,0.10034,6609399.2
1749585600000,2025-06-10 22:00:00,0.10034,0.10136,0.09974,0.10087,4813371.8
1749592800000,2025-06-11 00:00:00,0.10087,0.1024,0.10087,0.10216,5076001.2
1749600000000,2025-06-11 02:00:00,0.10216,0.10257,0.10012,0.10063,4013079.6
1749607200000,2025-06-11 04:00:00,0.10063,0.10135,0.10048,0.101,4416811.9
1749614400000,2025-06-11 06:00:00,0.101,0.10112,0.1003,0.10097,1709515.3
1749621600000,2025-06-11 08:00:00,0.10097,0.10159,0.10055,0.10101,2576991.8
1749628800000,2025-06-11 10:00:00,0.10101,0.10145,0.09904,0.09929,4449394.3
1749636000000,2025-06-11 12:00:00,0.09929,0.0998,0.0984,0.09921,3357939.0
1749643200000,2025-06-11 14:00:00,0.09921,0.10144,0.09867,0.10062,7772984.7
1749650400000,2025-06-11 16:00:00,0.10062,0.10286,0.10045,0.10252,6804388.3
1749657600000,2025-06-11 18:00:00,0.10252,0.10258,0.10036,0.1004,3980594.9
1749664800000,2025-06-11 20:00:00,0.1004,0.10069,0.09815,0.09825,9675867.2
1749672000000,2025-06-11 22:00:00,0.09825,0.09899,0.09656,0.09697,10912897.7
1749679200000,2025-06-12 00:00:00,0.09697,0.09739,0.09612,0.09713,5324397.4
1749686400000,2025-06-12 02:00:00,0.09713,0.09719,0.09532,0.09623,3940331.9
1749693600000,2025-06-12 04:00:00,0.09623,0.09645,0.09433,0.09475,3970881.2
1749700800000,2025-06-12 06:00:00,0.09475,0.09528,0.09403,0.09477,2995875.3
1749708000000,2025-06-12 08:00:00,0.09477,0.09477,0.09342,0.09359,4532857.9
1749715200000,2025-06-12 10:00:00,0.09359,0.09432,0.09292,0.09395,2795673.6
1749722400000,2025-06-12 12:00:00,0.09395,0.09403,0.09203,0.09229,5555598.8
1749729600000,2025-06-12 14:00:00,0.09229,0.09441,0.09184,0.09402,4759205.3
1749736800000,2025-06-12 16:00:00,0.09402,0.09513,0.09239,0.09278,5513760.7
1749744000000,2025-06-12 18:00:00,0.09278,0.09514,0.09261,0.09462,3136688.0
1749751200000,2025-06-12 20:00:00,0.09462,0.09466,0.09123,0.09171,4445753.5
1749758400000,2025-06-12 22:00:00,0.09171,0.09209,0.08996,0.09,6756528.6
1749765600000,2025-06-13 00:00:00,0.09,0.09065,0.08959,0.08964,3595979.3
1749772800000,2025-06-13 02:00:00,0.08964,0.08964,0.08239,0.08374,61160753.1
1749780000000,2025-06-13 04:00:00,0.08374,0.08645,0.08289,0.08593,7822454.7
1749787200000,2025-06-13 06:00:00,0.08593,0.08604,0.08498,0.08534,5693956.7
1749794400000,2025-06-13 08:00:00,0.08534,0.086,0.08429,0.0856,6972569.8
1749801600000,2025-06-13 10:00:00,0.0856,0.08643,0.08492,0.08539,4497870.8
1749808800000,2025-06-13 12:00:00,0.08539,0.08643,0.08482,0.08643,4648737.9
1749816000000,2025-06-13 14:00:00,0.08643,0.08674,0.08506,0.08569,7935457.1
1749823200000,2025-06-13 16:00:00,0.08569,0.08733,0.08485,0.08674,8789264.2
1749830400000,2025-06-13 18:00:00,0.08674,0.08799,0.08611,0.08695,4197195.8
1749837600000,2025-06-13 20:00:00,0.08695,0.08713,0.08537,0.08614,4526768.5
1749844800000,2025-06-13 22:00:00,0.08614,0.0876,0.086,0.08741,2368409.2
1749852000000,2025-06-14 00:00:00,0.08741,0.08834,0.08712,0.08807,2085496.7
1749859200000,2025-06-14 02:00:00,0.08807,0.08825,0.08678,0.087,3561415.4
1749866400000,2025-06-14 04:00:00,0.087,0.08792,0.08692,0.0875,1244730.6
1749873600000,2025-06-14 06:00:00,0.0875,0.08843,0.08746,0.08821,3131192.8
1749880800000,2025-06-14 08:00:00,0.08821,0.08828,0.0872,0.08795,2556153.7
1749888000000,2025-06-14 10:00:00,0.08795,0.08795,0.08728,0.08758,1205609.2
1749895200000,2025-06-14 12:00:00,0.08758,0.08834,0.08732,0.08814,2176312.1
1749902400000,2025-06-14 14:00:00,0.08814,0.08867,0.08753,0.08807,3547734.9
1749909600000,2025-06-14 16:00:00,0.08807,0.08832,0.0865,0.08694,2441448.5
1749916800000,2025-06-14 18:00:00,0.08694,0.08724,0.08548,0.08666,4487226.5
1749924000000,2025-06-14 20:00:00,0.08666,0.0872,0.08558,0.08616,2866823.4
1749931200000,2025-06-14 22:00:00,0.08616,0.0874,0.08541,0.08723,2510944.3
1749938400000,2025-06-15 00:00:00,0.08723,0.08753,0.08686,0.08694,1973431.0
1749945600000,2025-06-15 02:00:00,0.08694,0.08744,0.08651,0.08683,2179142.0
1749952800000,2025-06-15 04:00:00,0.08683,0.08741,0.08681,0.0869,1929153.3
1749960000000,2025-06-15 06:00:00,0.0869,0.08771,0.0865,0.08759,3796527.1
1749967200000,2025-06-15 08:00:00,0.08759,0.08772,0.08622,0.08667,2828592.1
1749974400000,2025-06-15 10:00:00,0.08667,0.0867,0.08593,0.08611,5320165.0
1749981600000,2025-06-15 12:00:00,0.08611,0.08683,0.08609,0.0866,2492878.9
1749988800000,2025-06-15 14:00:00,0.0866,0.08711,0.08608,0.08668,3209448.2
1749996000000,2025-06-15 16:00:00,0.08668,0.08762,0.08603,0.08651,3161148.7
1750003200000,2025-06-15 18:00:00,0.08651,0.08695,0.08601,0.08642,3330203.8
1750010400000,2025-06-15 20:00:00,0.08642,0.08686,0.08574,0.086,2933873.6
1750017600000,2025-06-15 22:00:00,0.086,0.08601,0.08477,0.08556,3448139.3
1750024800000,2025-06-16 00:00:00,0.08556,0.08699,0.08553,0.08658,4582397.3
1750032000000,2025-06-16 02:00:00,0.08658,0.08711,0.08531,0.08711,4305999.6
1750039200000,2025-06-16 04:00:00,0.08711,0.08767,0.08691,0.08691,3374408.8
1750046400000,2025-06-16 06:00:00,0.08691,0.08881,0.08688,0.08826,5326295.5
1750053600000,2025-06-16 08:00:00,0.08826,0.08963,0.08825,0.08947,5257984.2
1750060800000,2025-06-16 10:00:00,0.08947,0.09025,0.08925,0.08992,5742648.7
1750068000000,2025-06-16 12:00:00,0.08992,0.09014,0.08867,0.08944,4541763.7
1750075200000,2025-06-16 14:00:00,0.08944,0.09035,0.0886,0.09029,5142682.0
1750082400000,2025-06-16 16:00:00,0.09029,0.09104,0.09002,0.09034,9375269.9
1750089600000,2025-06-16 18:00:00,0.09034,0.09124,0.0903,0.09045,4061759.3
1750096800000,2025-06-16 20:00:00,0.09045,0.09119,0.09038,0.09089,3647531.2
1750104000000,2025-06-16 22:00:00,0.09089,0.09176,0.09054,0.09101,6151596.0
1750111200000,2025-06-17 00:00:00,0.09101,0.09145,0.08733,0.08753,9873536.2
1750118400000,2025-06-17 02:00:00,0.08753,0.0885,0.08583,0.08762,9010604.6
1750125600000,2025-06-17 04:00:00,0.08762,0.08872,0.08695,0.08823,2772584.2
1750132800000,2025-06-17 06:00:00,0.08823,0.08827,0.08683,0.08704,3883021.4
1750140000000,2025-06-17 08:00:00,0.08704,0.08743,0.08662,0.08683,2574318.1
1750147200000,2025-06-17 10:00:00,0.08683,0.08687,0.0857,0.08601,3195255.8
1750154400000,2025-06-17 12:00:00,0.08601,0.08612,0.08474,0.08504,3843854.9
1750161600000,2025-06-17 14:00:00,0.08504,0.08582,0.08483,0.08515,3148162.7
1750168800000,2025-06-17 16:00:00,0.08515,0.08611,0.08312,0.08389,7240899.2
1750176000000,2025-06-17 18:00:00,0.08389,0.08395,0.08175,0.0826,13109803.2
1750183200000,2025-06-17 20:00:00,0.0826,0.08524,0.08221,0.08449,6299856.2
1750190400000,2025-06-17 22:00:00,0.08449,0.08501,0.08331,0.08381,3425958.6
1750197600000,2025-06-18 00:00:00,0.08381,0.08422,0.08282,0.08368,2453854.5
1750204800000,2025-06-18 02:00:00,0.08368,0.0848,0.08341,0.0839,3754057.3
1750212000000,2025-06-18 04:00:00,0.0839,0.08474,0.08356,0.08439,2687216.5
1750219200000,2025-06-18 06:00:00,0.08439,0.08525,0.08394,0.08468,3815304.8
1750226400000,2025-06-18 08:00:00,0.08468,0.08485,0.08396,0.08428,2123379.1
1750233600000,2025-06-18 10:00:00,0.08428,0.08461,0.0825,0.0828,8671074.1
1750240800000,2025-06-18 12:00:00,0.0828,0.08281,0.08072,0.08231,30000110.6
1750248000000,2025-06-18 14:00:00,0.08231,0.08239,0.07984,0.08169,27800295.3
1750255200000,2025-06-18 16:00:00,0.08169,0.08325,0.08141,0.08236,5684515.4
1750262400000,2025-06-18 18:00:00,0.08236,0.08286,0.08141,0.08264,3434244.9
1750269600000,2025-06-18 20:00:00,0.08264,0.08333,0.08142,0.08182,6787634.8
1750276800000,2025-06-18 22:00:00,0.08182,0.08471,0.08158,0.08442,5610716.3
1750284000000,2025-06-19 00:00:00,0.08442,0.08469,0.0838,0.08447,3974549.0
1750291200000,2025-06-19 02:00:00,0.08447,0.08543,0.08378,0.08397,5103423.9
1750298400000,2025-06-19 04:00:00,0.08397,0.08478,0.08362,0.08473,2251154.9
1750305600000,2025-06-19 06:00:00,0.08473,0.08547,0.08424,0.08443,3137457.0
1750312800000,2025-06-19 08:00:00,0.08443,0.08469,0.08392,0.08397,2613603.0
1750320000000,2025-06-19 10:00:00,0.08397,0.085,0.08393,0.08475,3289118.8
1750327200000,2025-06-19 12:00:00,0.08475,0.08484,0.08386,0.08391,2336386.7
1750334400000,2025-06-19 14:00:00,0.08391,0.08434,0.08319,0.08332,2923735.7
1750341600000,2025-06-19 16:00:00,0.08332,0.08376,0.0827,0.08288,4805606.5
1750348800000,2025-06-19 18:00:00,0.08288,0.08359,0.08193,0.08309,5672824.2
1750356000000,2025-06-19 20:00:00,0.08309,0.08378,0.08256,0.08268,4600564.4
1750363200000,2025-06-19 22:00:00,0.08268,0.08338,0.08243,0.08312,4573949.8
1750370400000,2025-06-20 00:00:00,0.08312,0.08409,0.08312,0.08374,5437090.0
1750377600000,2025-06-20 02:00:00,0.08374,0.08404,0.08335,0.08389,3236252.6
1750384800000,2025-06-20 04:00:00,0.08389,0.08405,0.0831,0.0835,1588185.5
1750392000000,2025-06-20 06:00:00,0.0835,0.08362,0.08243,0.08291,3758894.7
1750399200000,2025-06-20 08:00:00,0.08291,0.08477,0.08287,0.08461,3596251.7
1750406400000,2025-06-20 10:00:00,0.08461,0.0854,0.08453,0.08484,4827583.8
1750413600000,2025-06-20 12:00:00,0.08484,0.0853,0.08454,0.08504,2988658.5
1750420800000,2025-06-20 14:00:00,0.08504,0.08551,0.08436,0.08468,3096030.4
1750428000000,2025-06-20 16:00:00,0.08468,0.08511,0.082,0.08232,12104393.4
1750435200000,2025-06-20 18:00:00,0.08232,0.08242,0.07863,0.08093,32798988.0
1750442400000,2025-06-20 20:00:00,0.08093,0.08155,0.08043,0.08076,6550858.9
1750449600000,2025-06-20 22:00:00,0.08076,0.08161,0.0806,0.0806,2885426.8
1750456800000,2025-06-21 00:00:00,0.0806,0.0806,0.07952,0.08019,4665423.7
1750464000000,2025-06-21 02:00:00,0.08019,0.08109,0.08006,0.08096,3760053.8
1750471200000,2025-06-21 04:00:00,0.08096,0.08184,0.08093,0.08161,4185169.0
1750478400000,2025-06-21 06:00:00,0.08161,0.08164,0.08104,0.08131,2375372.5
1750485600000,2025-06-21 08:00:00,0.08131,0.08144,0.08089,0.08108,1258896.3
1750492800000,2025-06-21 10:00:00,0.08108,0.08134,0.08077,0.08106,5204587.2
1750500000000,2025-06-21 12:00:00,0.08106,0.08128,0.08067,0.08087,2164565.7
1750507200000,2025-06-21 14:00:00,0.08087,0.08105,0.07917,0.07931,5364888.7
1750514400000,2025-06-21 16:00:00,0.07931,0.07978,0.07838,0.07937,42672197.1
1750521600000,2025-06-21 18:00:00,0.07937,0.07966,0.07791,0.07823,5375649.8
1750528800000,2025-06-21 20:00:00,0.07823,0.07869,0.07713,0.07725,15973257.3
1750536000000,2025-06-21 22:00:00,0.07725,0.07798,0.07455,0.07561,9650548.7
1750543200000,2025-06-22 00:00:00,0.07561,0.07662,0.07474,0.07653,27347387.1
1750550400000,2025-06-22 02:00:00,0.07653,0.07756,0.07589,0.07592,7439257.5
1750557600000,2025-06-22 04:00:00,0.07592,0.07644,0.07464,0.07512,9991121.4
1750564800000,2025-06-22 06:00:00,0.07512,0.07609,0.07485,0.07579,5205674.3
1750572000000,2025-06-22 08:00:00,0.07579,0.07639,0.07508,0.07541,5516680.3
1750579200000,2025-06-22 10:00:00,0.07541,0.07552,0.07391,0.07409,7916670.3
1750586400000,2025-06-22 12:00:00,0.07409,0.07537,0.07385,0.07468,5859599.9
1750593600000,2025-06-22 14:00:00,0.07468,0.07507,0.07101,0.07195,21255880.0
1750600800000,2025-06-22 16:00:00,0.07195,0.07309,0.07048,0.07165,15823649.8
1750608000000,2025-06-22 18:00:00,0.07165,0.07276,0.07124,0.07219,5858062.9
1750615200000,2025-06-22 20:00:00,0.07219,0.07254,0.07118,0.07141,3267671.5
1750622400000,2025-06-22 22:00:00,0.07141,0.07234,0.06925,0.07119,8157427.0
1750629600000,2025-06-23 00:00:00,0.07119,0.07332,0.07112,0.07312,6212288.8
1750636800000,2025-06-23 02:00:00,0.07312,0.07408,0.07293,0.0736,7231082.2
1750644000000,2025-06-23 04:00:00,0.0736,0.07385,0.07316,0.07336,6904636.4
1750651200000,2025-06-23 06:00:00,0.07336,0.07429,0.07329,0.07418,3231966.7
1750658400000,2025-06-23 08:00:00,0.07418,0.07491,0.07401,0.07427,5121851.7
1750665600000,2025-06-23 10:00:00,0.07427,0.07458,0.07391,0.07451,2895817.8
1750672800000,2025-06-23 12:00:00,0.07451,0.07454,0.07383,0.0741,3508998.0
1750680000000,2025-06-23 14:00:00,0.0741,0.07605,0.07352,0.0758,8023073.2
1750687200000,2025-06-23 16:00:00,0.0758,0.07622,0.07402,0.07417,9647131.0
1750694400000,2025-06-23 18:00:00,0.07417,0.07553,0.07224,0.0753,12896921.6
1750701600000,2025-06-23 20:00:00,0.0753,0.0771,0.07523,0.07686,5946077.4
1750708800000,2025-06-23 22:00:00,0.07686,0.07877,0.07674,0.07829,7919914.5
1750716000000,2025-06-24 00:00:00,0.07829,0.08172,0.07829,0.08136,11035094.5
1750723200000,2025-06-24 02:00:00,0.08136,0.08254,0.08136,0.08248,8542079.3
1750730400000,2025-06-24 04:00:00,0.08248,0.08257,0.08153,0.08167,4008626.4
1750737600000,2025-06-24 06:00:00,0.08167,0.08412,0.08152,0.08404,7647045.9
1750744800000,2025-06-24 08:00:00,0.08404,0.08464,0.08313,0.08329,4893568.0
1750752000000,2025-06-24 10:00:00,0.08329,0.08374,0.08248,0.08297,5370978.8
1750759200000,2025-06-24 12:00:00,0.08297,0.08309,0.08207,0.08243,5375777.1
1750766400000,2025-06-24 14:00:00,0.08243,0.08317,0.08211,0.08261,7400550.9
1750773600000,2025-06-24 16:00:00,0.08261,0.0838,0.08245,0.08321,9065786.2
1750780800000,2025-06-24 18:00:00,0.08321,0.08541,0.08307,0.08368,7817032.7
1750788000000,2025-06-24 20:00:00,0.08368,0.08385,0.08211,0.08274,5289749.1
1750795200000,2025-06-24 22:00:00,0.08274,0.08432,0.08242,0.08422,4623428.6
1750802400000,2025-06-25 00:00:00,0.08422,0.08424,0.08318,0.08391,1732211.2
1750809600000,2025-06-25 02:00:00,0.08391,0.0845,0.08341,0.08374,9288656.2
1750816800000,2025-06-25 04:00:00,0.08374,0.0845,0.08344,0.08345,2537545.3
1750824000000,2025-06-25 06:00:00,0.08345,0.08363,0.08302,0.08302,1343638.6
1750831200000,2025-06-25 08:00:00,0.08302,0.08394,0.08265,0.08371,8241098.0
1750838400000,2025-06-25 10:00:00,0.08371,0.08393,0.08184,0.08225,7351309.0
1750845600000,2025-06-25 12:00:00,0.08225,0.08353,0.08196,0.08341,4888030.9
1750852800000,2025-06-25 14:00:00,0.08341,0.08454,0.08292,0.08412,3122241.1
1750860000000,2025-06-25 16:00:00,0.08412,0.08424,0.08101,0.08124,9006156.9
1750867200000,2025-06-25 18:00:00,0.08124,0.08236,0.08079,0.08159,7734469.3
1750874400000,2025-06-25 20:00:00,0.08159,0.08201,0.0812,0.08177,2094367.9
1750881600000,2025-06-25 22:00:00,0.08177,0.08257,0.08117,0.08131,4116558.4
1750888800000,2025-06-26 00:00:00,0.08131,0.08131,0.08027,0.08083,3398008.3
1750896000000,2025-06-26 02:00:00,0.08083,0.08218,0.08044,0.08174,3839366.5
1750903200000,2025-06-26 04:00:00,0.08174,0.08346,0.08166,0.08202,4530326.2
1750910400000,2025-06-26 06:00:00,0.08202,0.08215,0.08085,0.08107,2155842.9
1750917600000,2025-06-26 08:00:00,0.08107,0.08258,0.08094,0.08213,3431084.0
1750924800000,2025-06-26 10:00:00,0.08213,0.08258,0.08063,0.0808,2974483.1
1750932000000,2025-06-26 12:00:00,0.0808,0.08124,0.08059,0.08099,2433452.3
1750939200000,2025-06-26 14:00:00,0.08099,0.08101,0.07897,0.0792,7934951.8
1750946400000,2025-06-26 16:00:00,0.0792,0.08029,0.07867,0.07945,6369283.5
1750953600000,2025-06-26 18:00:00,0.07945,0.07952,0.07861,0.07879,2678475.3
1750960800000,2025-06-26 20:00:00,0.07879,0.08011,0.07864,0.07973,4684277.4
1750968000000,2025-06-26 22:00:00,0.07973,0.08108,0.07896,0.07947,4433055.4
1750975200000,2025-06-27 00:00:00,0.07947,0.07993,0.07875,0.07891,1465297.3
1750982400000,2025-06-27 02:00:00,0.07891,0.07991,0.07777,0.07968,5218465.6
1750989600000,2025-06-27 04:00:00,0.07968,0.08012,0.07949,0.07993,1709110.3
1750996800000,2025-06-27 06:00:00,0.07993,0.08107,0.07968,0.07977,3362516.2
1751004000000,2025-06-27 08:00:00,0.07977,0.08056,0.0793,0.07943,3351657.1
1751011200000,2025-06-27 10:00:00,0.07943,0.08089,0.07943,0.08025,3064308.2
1751018400000,2025-06-27 12:00:00,0.08025,0.08035,0.07957,0.0799,3659335.2
1751025600000,2025-06-27 14:00:00,0.0799,0.0806,0.07901,0.07978,6427850.9
1751032800000,2025-06-27 16:00:00,0.07978,0.08122,0.07958,0.08099,3315828.5
1751040000000,2025-06-27 18:00:00,0.08099,0.08249,0.07956,0.08001,15100640.3
1751047200000,2025-06-27 20:00:00,0.08001,0.08003,0.07885,0.07945,3251806.5
1751054400000,2025-06-27 22:00:00,0.07945,0.08092,0.07932,0.08078,3670745.8
1751061600000,2025-06-28 00:00:00,0.08078,0.08122,0.08061,0.08095,3011546.9
1751068800000,2025-06-28 02:00:00,0.08095,0.08152,0.08076,0.08146,2742889.7
1751076000000,2025-06-28 04:00:00,0.08146,0.08177,0.08126,0.08126,1404203.4
1751083200000,2025-06-28 06:00:00,0.08126,0.08157,0.08077,0.08114,1524235.0
1751090400000,2025-06-28 08:00:00,0.08114,0.08197,0.08093,0.08183,3031546.6
1751097600000,2025-06-28 10:00:00,0.08183,0.08223,0.0814,0.08202,2597522.9
1751104800000,2025-06-28 12:00:00,0.08202,0.08242,0.0819,0.08212,2468196.3
1751112000000,2025-06-28 14:00:00,0.08212,0.08231,0.08122,0.08129,6246859.2
1751119200000,2025-06-28 16:00:00,0.08129,0.08275,0.08124,0.08243,13442665.9
1751126400000,2025-06-28 18:00:00,0.08243,0.08376,0.08219,0.08344,8006023.9
1751133600000,2025-06-28 20:00:00,0.08344,0.084,0.0831,0.08321,2244958.1
1751140800000,2025-06-28 22:00:00,0.08321,0.08397,0.08294,0.0839,1625666.9
1751148000000,2025-06-29 00:00:00,0.0839,0.08462,0.08378,0.08428,2226112.4
1751155200000,2025-06-29 02:00:00,0.08428,0.08484,0.08396,0.08405,1356010.4
1751162400000,2025-06-29 04:00:00,0.08405,0.0841,0.08362,0.08365,1350199.8
1751169600000,2025-06-29 06:00:00,0.08365,0.08437,0.08357,0.08432,717461.0
1751176800000,2025-06-29 08:00:00,0.08432,0.08517,0.08418,0.08517,3194349.3
1751184000000,2025-06-29 10:00:00,0.08517,0.0855,0.08482,0.08516,4213396.1
1751191200000,2025-06-29 12:00:00,0.08516,0.08529,0.08456,0.0847,1678066.5
1751198400000,2025-06-29 14:00:00,0.0847,0.08487,0.08418,0.08441,1490107.5
1751205600000,2025-06-29 16:00:00,0.08441,0.08469,0.08323,0.08334,3370280.1
1751212800000,2025-06-29 18:00:00,0.08334,0.08415,0.08325,0.08413,2535031.3
1751220000000,2025-06-29 20:00:00,0.08413,0.08466,0.08376,0.08459,1977498.7
1751227200000,2025-06-29 22:00:00,0.08459,0.08567,0.08379,0.08565,3865006.9
1751234400000,2025-06-30 00:00:00,0.08565,0.08863,0.08557,0.08768,6482203.8
1751241600000,2025-06-30 02:00:00,0.08768,0.08829,0.08625,0.08627,6007356.6
1751248800000,2025-06-30 04:00:00,0.08627,0.08641,0.08572,0.08598,1767562.9
1751256000000,2025-06-30 06:00:00,0.08598,0.08598,0.08512,0.08597,2358197.5
1751263200000,2025-06-30 08:00:00,0.08597,0.08604,0.08441,0.0855,2749986.7
1751270400000,2025-06-30 10:00:00,0.0855,0.08566,0.08427,0.08427,3665578.8
1751277600000,2025-06-30 12:00:00,0.08427,0.08519,0.08413,0.0847,2806675.8
1751284800000,2025-06-30 14:00:00,0.0847,0.08527,0.08414,0.08432,6129810.7
1751292000000,2025-06-30 16:00:00,0.08432,0.08581,0.08357,0.08487,8375278.6
1751299200000,2025-06-30 18:00:00,0.08487,0.08567,0.08451,0.08506,3631012.1
1751306400000,2025-06-30 20:00:00,0.08506,0.08634,0.08445,0.08619,4017745.1
1751313600000,2025-06-30 22:00:00,0.08619,0.08632,0.08443,0.0847,2229890.5
1751320800000,2025-07-01 00:00:00,0.0847,0.085,0.08383,0.08389,1802050.7
1751328000000,2025-07-01 02:00:00,0.08389,0.0845,0.08317,0.08324,3415447.2
1751335200000,2025-07-01 04:00:00,0.08324,0.08341,0.08254,0.08281,2215895.5
1751342400000,2025-07-01 06:00:00,0.08281,0.08282,0.08121,0.08161,5982390.5
1751349600000,2025-07-01 08:00:00,0.08161,0.08232,0.08103,0.08212,3099680.0
1751356800000,2025-07-01 10:00:00,0.08212,0.08212,0.08119,0.08178,3025149.0
1751364000000,2025-07-01 12:00:00,0.08178,0.08193,0.08077,0.08093,3396521.0
1751371200000,2025-07-01 14:00:00,0.08093,0.0814,0.0802,0.08132,5543539.3
1751378400000,2025-07-01 16:00:00,0.08132,0.08181,0.08027,0.08052,4691597.1
1751385600000,2025-07-01 18:00:00,0.08052,0.08078,0.07984,0.08015,3234333.3
1751392800000,2025-07-01 20:00:00,0.08015,0.08017,0.07925,0.07963,6106040.9
1751400000000,2025-07-01 22:00:00,0.07963,0.08038,0.07935,0.07964,2938043.9
1751407200000,2025-07-02 00:00:00,0.07964,0.07984,0.07889,0.07964,6866348.0
1751414400000,2025-07-02 02:00:00,0.07964,0.08012,0.07877,0.07981,2917581.9
1751421600000,2025-07-02 04:00:00,0.07981,0.08083,0.0796,0.08007,2335215.0
1751428800000,2025-07-02 06:00:00,0.08007,0.0818,0.07997,0.08172,5525084.8
1751436000000,2025-07-02 08:00:00,0.08172,0.08241,0.08164,0.08208,4115190.0
1751443200000,2025-07-02 10:00:00,0.08208,0.08263,0.08197,0.082,3230404.1
1751450400000,2025-07-02 12:00:00,0.082,0.0831,0.08173,0.08239,2898769.1
1751457600000,2025-07-02 14:00:00,0.08239,0.08325,0.08157,0.08287,5858880.5
1751464800000,2025-07-02 16:00:00,0.08287,0.08464,0.08276,0.0846,5690140.8
1751472000000,2025-07-02 18:00:00,0.0846,0.08764,0.08434,0.08694,19101003.9
1751479200000,2025-07-02 20:00:00,0.08694,0.08808,0.08694,0.08806,5240655.8
1751486400000,2025-07-02 22:00:00,0.08806,0.08855,0.08766,0.08817,4950429.9
1751493600000,2025-07-03 00:00:00,0.08817,0.08846,0.08648,0.08678,3618599.9
1751500800000,2025-07-03 02:00:00,0.08678,0.08798,0.08668,0.08785,2608720.7
1751508000000,2025-07-03 04:00:00,0.08785,0.08792,0.08693,0.08708,2383390.3
1751515200000,2025-07-03 06:00:00,0.08708,0.089,0.08699,0.08864,3678141.6
1751522400000,2025-07-03 08:00:00,0.08864,0.08914,0.08829,0.08893,3306748.9
1751529600000,2025-07-03 10:00:00,0.08893,0.08927,0.08842,0.08869,3250482.5
1751536800000,2025-07-03 12:00:00,0.08869,0.08878,0.08761,0.08779,2142849.3
1751544000000,2025-07-03 14:00:00,0.08779,0.08908,0.08678,0.08884,5622501.6
1751551200000,2025-07-03 16:00:00,0.08884,0.0891,0.08595,0.08605,4570659.3
1751558400000,2025-07-03 18:00:00,0.08605,0.08723,0.08601,0.0871,2807882.0
1751565600000,2025-07-03 20:00:00,0.0871,0.08747,0.08674,0.08743,1461090.2
1751572800000,2025-07-03 22:00:00,0.08743,0.08813,0.08742,0.08787,1686337.2
1751580000000,2025-07-04 00:00:00,0.08787,0.08802,0.08705,0.0873,933867.5
1751587200000,2025-07-04 02:00:00,0.0873,0.08827,0.08719,0.08719,2817707.8
1751594400000,2025-07-04 04:00:00,0.08719,0.08728,0.08614,0.08641,2474283.2
1751601600000,2025-07-04 06:00:00,0.08641,0.0869,0.08583,0.08609,2176566.9
1751608800000,2025-07-04 08:00:00,0.08609,0.0861,0.08396,0.08408,5281978.7
1751616000000,2025-07-04 10:00:00,0.08408,0.08494,0.08329,0.08457,4876563.6
1751623200000,2025-07-04 12:00:00,0.08457,0.08473,0.08401,0.08443,2154838.0
1751630400000,2025-07-04 14:00:00,0.08443,0.08473,0.08365,0.08384,3231106.5
1751637600000,2025-07-04 16:00:00,0.08384,0.08395,0.08248,0.08249,5147033.9
1751644800000,2025-07-04 18:00:00,0.08249,0.0826,0.08147,0.08212,4997888.7
1751652000000,2025-07-04 20:00:00,0.08212,0.08212,0.08114,0.08132,2657078.1
1751659200000,2025-07-04 22:00:00,0.08132,0.08221,0.08116,0.08221,2313682.1
1751666400000,2025-07-05 00:00:00,0.08221,0.08294,0.08212,0.08245,2678410.5
1751673600000,2025-07-05 02:00:00,0.08245,0.08305,0.0823,0.08252,2012434.3
1751680800000,2025-07-05 04:00:00,0.08252,0.08327,0.08214,0.08276,2004226.5
1751688000000,2025-07-05 06:00:00,0.08276,0.08288,0.082,0.08256,1299255.8
1751695200000,2025-07-05 08:00:00,0.08256,0.08323,0.08248,0.08278,1589280.7
1751702400000,2025-07-05 10:00:00,0.08278,0.08288,0.08202,0.0825,1391066.0
1751709600000,2025-07-05 12:00:00,0.0825,0.08269,0.08206,0.08236,1445959.1
1751716800000,2025-07-05 14:00:00,0.08236,0.0824,0.08168,0.08192,1297309.5
1751724000000,2025-07-05 16:00:00,0.08192,0.08205,0.08143,0.08167,1743648.7
1751731200000,2025-07-05 18:00:00,0.08167,0.0821,0.08105,0.08144,2836830.5
1751738400000,2025-07-05 20:00:00,0.08144,0.08164,0.08077,0.08159,3492314.2
1751745600000,2025-07-05 22:00:00,0.08159,0.08268,0.08148,0.08261,3329333.4
1751752800000,2025-07-06 00:00:00,0.08261,0.08267,0.08221,0.08245,1567224.0
1751760000000,2025-07-06 02:00:00,0.08245,0.0826,0.08206,0.08226,1166776.8
1751767200000,2025-07-06 04:00:00,0.08226,0.08254,0.08177,0.08203,1277150.2
1751774400000,2025-07-06 06:00:00,0.08203,0.08245,0.08193,0.08197,1725561.4
1751781600000,2025-07-06 08:00:00,0.08197,0.08296,0.08192,0.08249,2292932.8
1751788800000,2025-07-06 10:00:00,0.08249,0.08269,0.08203,0.08203,1646734.4
1751796000000,2025-07-06 12:00:00,0.08203,0.08272,0.08188,0.08266,1259756.8
1751803200000,2025-07-06 14:00:00,0.08266,0.0847,0.08251,0.08438,4733263.0
1751810400000,2025-07-06 16:00:00,0.08438,0.08476,0.08386,0.08437,5653683.2
1751817600000,2025-07-06 18:00:00,0.08437,0.08523,0.08437,0.08494,4505313.5
1751824800000,2025-07-06 20:00:00,0.08494,0.08508,0.08374,0.08439,3722422.5
1751832000000,2025-07-06 22:00:00,0.08439,0.08632,0.08439,0.08566,4063487.0
1751839200000,2025-07-07 00:00:00,0.08566,0.08642,0.08428,0.08472,3576598.0
1751846400000,2025-07-07 02:00:00,0.08472,0.08485,0.08408,0.08442,3412313.0
1751853600000,2025-07-07 04:00:00,0.08442,0.08566,0.08442,0.0849,2112961.2
1751860800000,2025-07-07 06:00:00,0.0849,0.08503,0.08411,0.08422,2593869.6
1751868000000,2025-07-07 08:00:00,0.08422,0.08532,0.084,0.0853,3419943.4
1751875200000,2025-07-07 10:00:00,0.0853,0.08556,0.08449,0.08461,3742093.7
1751882400000,2025-07-07 12:00:00,0.08461,0.08464,0.08407,0.08432,2946083.1
1751889600000,2025-07-07 14:00:00,0.08432,0.08484,0.08376,0.08484,2591498.9
1751896800000,2025-07-07 16:00:00,0.08484,0.08495,0.08313,0.08368,6672067.7
1751904000000,2025-07-07 18:00:00,0.08368,0.08395,0.08273,0.08322,5591558.9
1751911200000,2025-07-07 20:00:00,0.08322,0.08403,0.08244,0.08326,3603614.0
1751918400000,2025-07-07 22:00:00,0.08326,0.08329,0.08203,0.0828,5577085.8
1751925600000,2025-07-08 00:00:00,0.0828,0.08308,0.08234,0.08307,2543049.2
1751932800000,2025-07-08 02:00:00,0.08307,0.08346,0.08193,0.08198,5900398.4
1751940000000,2025-07-08 04:00:00,0.08198,0.08243,0.08173,0.08217,3238987.9
1751947200000,2025-07-08 06:00:00,0.08217,0.08262,0.08165,0.0825,2053300.6
1751954400000,2025-07-08 08:00:00,0.0825,0.0829,0.08211,0.08248,2773262.5
1751961600000,2025-07-08 10:00:00,0.08248,0.08278,0.08201,0.0827,1627863.7
1751968800000,2025-07-08 12:00:00,0.0827,0.08427,0.08265,0.08376,5017261.2
1751976000000,2025-07-08 14:00:00,0.08376,0.08441,0.08345,0.0841,8879640.8
1751983200000,2025-07-08 16:00:00,0.0841,0.0842,0.08276,0.08303,9728058.8
1751990400000,2025-07-08 18:00:00,0.08303,0.08555,0.08267,0.08517,11528341.2
1751997600000,2025-07-08 20:00:00,0.08517,0.08599,0.08493,0.08536,5725223.7
1752004800000,2025-07-08 22:00:00,0.08536,0.08573,0.0849,0.0854,2118801.1
1752012000000,2025-07-09 00:00:00,0.0854,0.08558,0.08461,0.08513,2462805.3
1752019200000,2025-07-09 02:00:00,0.08513,0.08546,0.08431,0.08454,5362459.8
1752026400000,2025-07-09 04:00:00,0.08454,0.08542,0.08443,0.08489,5538224.7
1752033600000,2025-07-09 06:00:00,0.08489,0.08618,0.08456,0.0858,5102103.1
1752040800000,2025-07-09 08:00:00,0.0858,0.08647,0.08537,0.08627,2943999.8
1752048000000,2025-07-09 10:00:00,0.08627,0.08692,0.08603,0.08644,5496088.1
1752055200000,2025-07-09 12:00:00,0.08644,0.08729,0.08618,0.08709,3878602.9
1752062400000,2025-07-09 14:00:00,0.08709,0.08773,0.08682,0.08699,4162462.5
1752069600000,2025-07-09 16:00:00,0.08699,0.08761,0.08633,0.08711,4821109.9
1752076800000,2025-07-09 18:00:00,0.08711,0.08802,0.08685,0.08736,4272775.3
1752084000000,2025-07-09 20:00:00,0.08736,0.09046,0.0873,0.09015,12128620.1
1752091200000,2025-07-09 22:00:00,0.09015,0.09102,0.08949,0.09041,10167319.0
1752098400000,2025-07-10 00:00:00,0.09041,0.09091,0.09015,0.09027,3006447.3
1752105600000,2025-07-10 02:00:00,0.09027,0.09045,0.08935,0.08978,2484501.6
1752112800000,2025-07-10 04:00:00,0.08978,0.09069,0.08978,0.09035,1991954.0
1752120000000,2025-07-10 06:00:00,0.09035,0.09057,0.08987,0.09007,1782487.1
1752127200000,2025-07-10 08:00:00,0.09007,0.09132,0.08972,0.09089,3035502.3
1752134400000,2025-07-10 10:00:00,0.09089,0.09117,0.09044,0.09049,3258537.8
1752141600000,2025-07-10 12:00:00,0.09049,0.09115,0.09026,0.09051,2877362.8
1752148800000,2025-07-10 14:00:00,0.09051,0.0911,0.08972,0.09041,6051726.3
1752156000000,2025-07-10 16:00:00,0.09041,0.09062,0.08951,0.08971,4456193.2
1752163200000,2025-07-10 18:00:00,0.08971,0.09358,0.0897,0.09338,8546049.4
1752170400000,2025-07-10 20:00:00,0.09338,0.09356,0.09229,0.09254,6262781.1
1752177600000,2025-07-10 22:00:00,0.09254,0.09689,0.09253,0.09649,8616274.4
1752184800000,2025-07-11 00:00:00,0.09649,0.09766,0.09647,0.09701,7934406.5
1752192000000,2025-07-11 02:00:00,0.09701,0.09827,0.09545,0.09827,7059902.3
1752199200000,2025-07-11 04:00:00,0.09827,0.09901,0.09785,0.0988,5611707.6
1752206400000,2025-07-11 06:00:00,0.0988,0.10099,0.0982,0.10013,8863622.2
1752213600000,2025-07-11 08:00:00,0.10013,0.10128,0.09743,0.09764,8173699.6
1752220800000,2025-07-11 10:00:00,0.09764,0.10014,0.09764,0.09956,5434420.5
1752228000000,2025-07-11 12:00:00,0.09956,0.10002,0.09836,0.09875,5227070.0
1752235200000,2025-07-11 14:00:00,0.09875,0.1009,0.09853,0.10035,6012897.7
1752242400000,2025-07-11 16:00:00,0.10035,0.10149,0.0981,0.0984,9201909.6
1752249600000,2025-07-11 18:00:00,0.0984,0.10005,0.09802,0.10002,6113615.9
1752256800000,2025-07-11 20:00:00,0.10002,0.10056,0.09927,0.10043,4510766.9
1752264000000,2025-07-11 22:00:00,0.10043,0.1005,0.09692,0.09762,4768497.7
1752271200000,2025-07-12 00:00:00,0.09762,0.0978,0.09484,0.09619,6201126.6
1752278400000,2025-07-12 02:00:00,0.09619,0.09736,0.09441,0.0971,5123367.0
1752285600000,2025-07-12 04:00:00,0.0971,0.09787,0.0968,0.09756,3379867.2
1752292800000,2025-07-12 06:00:00,0.09756,0.09777,0.09524,0.09643,3312311.4
1752300000000,2025-07-12 08:00:00,0.09643,0.09827,0.09621,0.09755,4023855.1
1752307200000,2025-07-12 10:00:00,0.09755,0.09818,0.0967,0.09799,5055829.1
1752314400000,2025-07-12 12:00:00,0.09799,0.09807,0.09716,0.09752,2373722.2
1752321600000,2025-07-12 14:00:00,0.09752,0.09796,0.09393,0.09513,8592334.3
1752328800000,2025-07-12 16:00:00,0.09513,0.09601,0.09264,0.09336,10600697.5
1752336000000,2025-07-12 18:00:00,0.09336,0.09519,0.09278,0.09503,5312903.5
1752343200000,2025-07-12 20:00:00,0.09503,0.0955,0.09441,0.09542,2720830.8
1752350400000,2025-07-12 22:00:00,0.09542,0.09544,0.09377,0.09541,3939488.1
1752357600000,2025-07-13 00:00:00,0.09541,0.09595,0.09461,0.09578,1860343.6
1752364800000,2025-07-13 02:00:00,0.09578,0.09701,0.09541,0.09664,4653303.5
1752372000000,2025-07-13 04:00:00,0.09664,0.09698,0.0957,0.09671,5015408.4
1752379200000,2025-07-13 06:00:00,0.09671,0.09802,0.09623,0.09715,2109613.2
1752386400000,2025-07-13 08:00:00,0.09715,0.09906,0.09696,0.09849,4545515.9
1752393600000,2025-07-13 10:00:00,0.09849,0.09902,0.09752,0.0978,7356100.2
1752400800000,2025-07-13 12:00:00,0.0978,0.09906,0.09753,0.09906,3270605.1
1752408000000,2025-07-13 14:00:00,0.09906,0.10012,0.09841,0.09986,5030446.3
1752415200000,2025-07-13 16:00:00,0.09986,0.10157,0.09925,0.10032,10702890.1
1752422400000,2025-07-13 18:00:00,0.10032,0.10109,0.09903,0.10012,3957703.5
1752429600000,2025-07-13 20:00:00,0.10012,0.10106,0.09984,0.10008,3278984.8
1752436800000,2025-07-13 22:00:00,0.10008,0.10091,0.09813,0.09902,3382741.8
1752444000000,2025-07-14 00:00:00,0.09902,0.09958,0.09789,0.09935,5301369.9
1752451200000,2025-07-14 02:00:00,0.09935,0.10083,0.09904,0.10074,5334668.2
1752458400000,2025-07-14 04:00:00,0.10074,0.10358,0.10041,0.10297,5899011.0
1752465600000,2025-07-14 06:00:00,0.10297,0.1049,0.10174,0.10295,7355929.2
1752472800000,2025-07-14 08:00:00,0.10295,0.10399,0.102,0.10378,5031267.7
1752480000000,2025-07-14 10:00:00,0.10378,0.10398,0.10184,0.10272,4742153.7
1752487200000,2025-07-14 12:00:00,0.10272,0.10364,0.10194,0.10209,4412106.4
1752494400000,2025-07-14 14:00:00,0.10209,0.10354,0.10143,0.10278,9098353.4
1752501600000,2025-07-14 16:00:00,0.10278,0.1031,0.09908,0.09981,9030159.7
1752508800000,2025-07-14 18:00:00,0.09981,0.10128,0.09924,0.10011,4271345.4
1752516000000,2025-07-14 20:00:00,0.10011,0.10014,0.09845,0.09882,7083361.5
1752523200000,2025-07-14 22:00:00,0.09882,0.09964,0.09768,0.09923,5321223.8
1752530400000,2025-07-15 00:00:00,0.09923,0.09959,0.09855,0.09912,2984005.6
1752537600000,2025-07-15 02:00:00,0.09912,0.09999,0.09689,0.0976,9713591.8
1752544800000,2025-07-15 04:00:00,0.0976,0.09824,0.09552,0.09633,10485898.5
1752552000000,2025-07-15 06:00:00,0.09633,0.09802,0.09519,0.09753,10007307.8
1752559200000,2025-07-15 08:00:00,0.09753,0.09819,0.09678,0.09684,4380807.9
1752566400000,2025-07-15 10:00:00,0.09684,0.09783,0.09526,0.09718,10626398.0
1752573600000,2025-07-15 12:00:00,0.09718,0.09765,0.09628,0.09746,3838559.0
1752580800000,2025-07-15 14:00:00,0.09746,0.09945,0.0958,0.099,12403790.0
1752588000000,2025-07-15 16:00:00,0.099,0.09978,0.09621,0.09902,13374655.0
1752595200000,2025-07-15 18:00:00,0.09902,0.10199,0.09895,0.10196,14578621.0
1752602400000,2025-07-15 20:00:00,0.10196,0.10253,0.099,0.09939,19359450.9
1752609600000,2025-07-15 22:00:00,0.09939,0.10177,0.09898,0.10148,4966143.5
1752616800000,2025-07-16 00:00:00,0.10148,0.10344,0.10084,0.10343,4619223.5
1752624000000,2025-07-16 02:00:00,0.10343,0.10434,0.10275,0.10362,10748299.2
1752631200000,2025-07-16 04:00:00,0.10362,0.10366,0.10123,0.1016,4419467.7
1752638400000,2025-07-16 06:00:00,0.1016,0.10293,0.10074,0.1025,5380228.0
1752645600000,2025-07-16 08:00:00,0.1025,0.10399,0.10182,0.10344,5073295.5
1752652800000,2025-07-16 10:00:00,0.10344,0.10399,0.10274,0.1033,5384534.3
1752660000000,2025-07-16 12:00:00,0.1033,0.1037,0.10281,0.10331,2349417.6
1752667200000,2025-07-16 14:00:00,0.10331,0.10399,0.10234,0.10322,4856087.3
1752674400000,2025-07-16 16:00:00,0.10322,0.10463,0.10201,0.10324,13849207.1
1752681600000,2025-07-16 18:00:00,0.10324,0.10571,0.10291,0.10534,13124323.2
1752688800000,2025-07-16 20:00:00,0.10534,0.10666,0.10413,0.10496,9066980.7
1752696000000,2025-07-16 22:00:00,0.10496,0.10709,0.10493,0.10637,13948746.0
1752703200000,2025-07-17 00:00:00,0.10637,0.10691,0.10334,0.10386,7048710.5
1752710400000,2025-07-17 02:00:00,0.10386,0.10573,0.10131,0.10251,10735131.5
1752717600000,2025-07-17 04:00:00,0.10251,0.10345,0.10107,0.1018,4946308.0
1752724800000,2025-07-17 06:00:00,0.1018,0.10406,0.10148,0.10405,6493076.3
1752732000000,2025-07-17 08:00:00,0.10405,0.10544,0.10326,0.10505,9140536.5
1752739200000,2025-07-17 10:00:00,0.10505,0.10703,0.10456,0.10619,9543938.2
1752746400000,2025-07-17 12:00:00,0.10619,0.10686,0.10509,0.10565,7458840.7
1752753600000,2025-07-17 14:00:00,0.10565,0.10726,0.10363,0.1054,16530999.2
1752760800000,2025-07-17 16:00:00,0.1054,0.10627,0.10386,0.1049,9316269.0
1752768000000,2025-07-17 18:00:00,0.1049,0.10522,0.10235,0.10478,7907509.7
1752775200000,2025-07-17 20:00:00,0.10478,0.10522,0.10308,0.1031,4603754.1
1752782400000,2025-07-17 22:00:00,0.1031,0.10614,0.1018,0.10497,5863390.1
1752789600000,2025-07-18 00:00:00,0.10497,0.10747,0.10461,0.10643,7078460.2
1752796800000,2025-07-18 02:00:00,0.10643,0.10949,0.10519,0.10909,10824511.3
1752804000000,2025-07-18 04:00:00,0.10909,0.10991,0.10805,0.10978,13988583.3
1752811200000,2025-07-18 06:00:00,0.10978,0.11425,0.10937,0.11395,14717826.5
1752818400000,2025-07-18 08:00:00,0.11395,0.11457,0.1117,0.11188,11129399.9
1752825600000,2025-07-18 10:00:00,0.11188,0.11347,0.11101,0.11268,8647874.4
1752832800000,2025-07-18 12:00:00,0.11268,0.11281,0.11014,0.11149,6481163.1
1752840000000,2025-07-18 14:00:00,0.11149,0.1135,0.11127,0.11277,3755447.2
1752847200000,2025-07-18 16:00:00,0.11277,0.1136,0.1073,0.10814,12422059.9
1752854400000,2025-07-18 18:00:00,0.10814,0.11004,0.10779,0.10945,4304105.0
1752861600000,2025-07-18 20:00:00,0.10945,0.10954,0.10609,0.10732,6339091.3
1752868800000,2025-07-18 22:00:00,0.10732,0.10765,0.10417,0.10695,11509017.2
1752876000000,2025-07-19 00:00:00,0.10695,0.10766,0.10521,0.10677,3528472.1
1752883200000,2025-07-19 02:00:00,0.10677,0.10788,0.10422,0.10634,5624208.1
1752890400000,2025-07-19 04:00:00,0.10634,0.10933,0.10556,0.10928,3446259.6
1752897600000,2025-07-19 06:00:00,0.10928,0.11056,0.10882,0.10898,4519717.3
1752904800000,2025-07-19 08:00:00,0.10898,0.10941,0.10767,0.1081,3671487.6
1752912000000,2025-07-19 10:00:00,0.1081,0.10817,0.10679,0.10724,2230290.2
1752919200000,2025-07-19 12:00:00,0.10724,0.10835,0.1063,0.10658,2917577.4
1752926400000,2025-07-19 14:00:00,0.10658,0.10699,0.1057,0.106,1935579.4
1752933600000,2025-07-19 16:00:00,0.106,0.10652,0.10467,0.10576,6284229.6
1752940800000,2025-07-19 18:00:00,0.10576,0.10721,0.10523,0.10689,10251851.7
1752948000000,2025-07-19 20:00:00,0.10689,0.11019,0.10676,0.10969,5016220.4
1752955200000,2025-07-19 22:00:00,0.10969,0.11052,0.10809,0.10956,6063120.3
1752962400000,2025-07-20 00:00:00,0.10956,0.11026,0.10901,0.10999,2413537.7
1752969600000,2025-07-20 02:00:00,0.10999,0.11087,0.10915,0.10967,2191865.8
1752976800000,2025-07-20 04:00:00,0.10967,0.11133,0.10926,0.11025,3077259.5
1752984000000,2025-07-20 06:00:00,0.11025,0.11172,0.10991,0.11168,3240998.1
1752991200000,2025-07-20 08:00:00,0.11168,0.11252,0.11116,0.11174,3731152.5
1752998400000,2025-07-20 10:00:00,0.11174,0.11387,0.11174,0.11342,4464129.0
1753005600000,2025-07-20 12:00:00,0.11342,0.11487,0.11319,0.1142,10847032.5
1753012800000,2025-07-20 14:00:00,0.1142,0.11552,0.11338,0.11547,7779751.9
1753020000000,2025-07-20 16:00:00,0.11547,0.1171,0.1137,0.11682,5758141.7
1753027200000,2025-07-20 18:00:00,0.11682,0.11822,0.11581,0.11606,9310171.2
1753034400000,2025-07-20 20:00:00,0.11606,0.11784,0.11552,0.11687,6652639.7
1753041600000,2025-07-20 22:00:00,0.11687,0.11709,0.11498,0.11702,4921628.4
1753048800000,2025-07-21 00:00:00,0.11702,0.1171,0.11285,0.1157,10257387.1
1753056000000,2025-07-21 02:00:00,0.1157,0.11637,0.11306,0.11461,6710101.6
1753063200000,2025-07-21 04:00:00,0.11461,0.11791,0.11446,0.11785,5743340.1
1753070400000,2025-07-21 06:00:00,0.11785,0.11788,0.11629,0.11741,4777581.8
1753077600000,2025-07-21 08:00:00,0.11741,0.11923,0.11711,0.11882,9509682.6
1753084800000,2025-07-21 10:00:00,0.11882,0.11997,0.11678,0.11781,8954768.7
1753092000000,2025-07-21 12:00:00,0.11781,0.11926,0.11677,0.11807,5210123.9
1753099200000,2025-07-21 14:00:00,0.11807,0.11952,0.1171,0.11905,8039155.9
1753106400000,2025-07-21 16:00:00,0.11905,0.12065,0.11791,0.11805,9900900.1
1753113600000,2025-07-21 18:00:00,0.11805,0.11836,0.1151,0.11663,8736352.1
1753120800000,2025-07-21 20:00:00,0.11663,0.1179,0.11386,0.11427,7069411.9
1753128000000,2025-07-21 22:00:00,0.11427,0.11496,0.11324,0.1142,4859515.0
1753135200000,2025-07-22 00:00:00,0.1142,0.11561,0.11413,0.1147,2910273.8
1753142400000,2025-07-22 02:00:00,0.1147,0.11554,0.11094,0.11516,11060124.3
1753149600000,2025-07-22 04:00:00,0.11516,0.11564,0.11132,0.11238,10176711.5
1753156800000,2025-07-22 06:00:00,0.11238,0.11244,0.10922,0.11048,9828207.7
1753164000000,2025-07-22 08:00:00,0.11048,0.11216,0.11002,0.11054,4974482.8
1753171200000,2025-07-22 10:00:00,0.11054,0.11086,0.10809,0.11029,10943891.4
1753178400000,2025-07-22 12:00:00,0.11029,0.11475,0.11028,0.11294,17499165.6
1753185600000,2025-07-22 14:00:00,0.11294,0.11376,0.10922,0.10958,17551235.8
1753192800000,2025-07-22 16:00:00,0.10958,0.11206,0.10838,0.11078,12011779.3
1753200000000,2025-07-22 18:00:00,0.11078,0.11199,0.10938,0.11004,5954346.7
1753207200000,2025-07-22 20:00:00,0.11004,0.11239,0.10928,0.10966,6860990.6
1753214400000,2025-07-22 22:00:00,0.10966,0.11238,0.10938,0.11217,4738554.1
1753221600000,2025-07-23 00:00:00,0.11217,0.11388,0.11211,0.11352,3482549.2
1753228800000,2025-07-23 02:00:00,0.11352,0.11376,0.11081,0.11206,7888950.1
1753236000000,2025-07-23 04:00:00,0.11206,0.11288,0.11151,0.11191,3284020.9
1753243200000,2025-07-23 06:00:00,0.11191,0.11346,0.11174,0.11225,2026051.6
1753250400000,2025-07-23 08:00:00,0.11225,0.11261,0.1103,0.11088,3590012.3
1753257600000,2025-07-23 10:00:00,0.11088,0.11102,0.10882,0.10893,6911468.7
1753264800000,2025-07-23 12:00:00,0.10893,0.10925,0.10803,0.10912,5120178.5
1753272000000,2025-07-23 14:00:00,0.10912,0.10956,0.10341,0.10452,23673957.6
1753279200000,2025-07-23 16:00:00,0.10452,0.10602,0.10402,0.10571,8259846.2
1753286400000,2025-07-23 18:00:00,0.10571,0.10573,0.10081,0.10273,12022382.2
1753293600000,2025-07-23 20:00:00,0.10273,0.10382,0.10253,0.10261,4612488.2
1753300800000,2025-07-23 22:00:00,0.10261,0.10326,0.09894,0.10165,13649009.2
1753308000000,2025-07-24 00:00:00,0.10165,0.10275,0.1009,0.10258,3874093.7
1753315200000,2025-07-24 02:00:00,0.10258,0.10558,0.10181,0.1054,8097828.4
1753322400000,2025-07-24 04:00:00,0.1054,0.10767,0.10495,0.10656,9759772.3
1753329600000,2025-07-24 06:00:00,0.10656,0.10772,0.10112,0.10128,14534174.6
1753336800000,2025-07-24 08:00:00,0.10128,0.10319,0.0984,0.10157,15908529.4
1753344000000,2025-07-24 10:00:00,0.10157,0.10297,0.10096,0.10228,5671016.8
1753351200000,2025-07-24 12:00:00,0.10228,0.10444,0.1004,0.10388,17158708.1
1753358400000,2025-07-24 14:00:00,0.10388,0.1044,0.10228,0.10236,6957769.5
1753365600000,2025-07-24 16:00:00,0.10236,0.10719,0.10169,0.10551,9343965.3
1753372800000,2025-07-24 18:00:00,0.10551,0.10622,0.10264,0.10542,6117424.5
1753380000000,2025-07-24 20:00:00,0.10542,0.10616,0.10417,0.10421,4759531.4
1753387200000,2025-07-24 22:00:00,0.10421,0.10551,0.10373,0.1038,2816807.7
1753394400000,2025-07-25 00:00:00,0.1038,0.10443,0.10206,0.10259,4797564.6
1753401600000,2025-07-25 02:00:00,0.10259,0.10278,0.10055,0.10243,5142149.9
1753408800000,2025-07-25 04:00:00,0.10243,0.10284,0.09893,0.10023,8327654.8
1753416000000,2025-07-25 06:00:00,0.10023,0.10176,0.09876,0.10009,5207492.9
1753423200000,2025-07-25 08:00:00,0.10009,0.10188,0.09927,0.1012,5441398.2
1753430400000,2025-07-25 10:00:00,0.1012,0.10339,0.10049,0.10335,12752801.8
1753437600000,2025-07-25 12:00:00,0.10335,0.10413,0.10281,0.10379,3662665.6
1753444800000,2025-07-25 14:00:00,0.10379,0.10459,0.10266,0.1038,4735275.9
1753452000000,2025-07-25 16:00:00,0.1038,0.10392,0.09973,0.10113,9448091.1
1753459200000,2025-07-25 18:00:00,0.10113,0.10267,0.10034,0.10153,3965726.9
1753466400000,2025-07-25 20:00:00,0.10153,0.10282,0.10146,0.102,2119052.4
1753473600000,2025-07-25 22:00:00,0.102,0.10526,0.102,0.10483,4147096.6
1753480800000,2025-07-26 00:00:00,0.10483,0.10517,0.10458,0.10494,1425316.2
1753488000000,2025-07-26 02:00:00,0.10494,0.1054,0.10411,0.10416,1755203.4
1753495200000,2025-07-26 04:00:00,0.10416,0.10581,0.10416,0.10507,2384226.6
1753502400000,2025-07-26 06:00:00,0.10507,0.10527,0.10441,0.10484,1714773.6
1753509600000,2025-07-26 08:00:00,0.10484,0.10493,0.10403,0.10426,2602850.2
1753516800000,2025-07-26 10:00:00,0.10426,0.10513,0.10424,0.10495,1914977.3
1753524000000,2025-07-26 12:00:00,0.10495,0.10594,0.10468,0.10496,4395392.8
1753531200000,2025-07-26 14:00:00,0.10496,0.10555,0.10428,0.10501,2218767.3
1753538400000,2025-07-26 16:00:00,0.10501,0.10541,0.10426,0.10529,3089443.5
1753545600000,2025-07-26 18:00:00,0.10529,0.10578,0.10435,0.10462,2489415.2
1753552800000,2025-07-26 20:00:00,0.10462,0.10654,0.10408,0.1064,3270669.9
1753560000000,2025-07-26 22:00:00,0.1064,0.1065,0.10542,0.10627,1798519.0
1753567200000,2025-07-27 00:00:00,0.10627,0.10716,0.10491,0.10503,2166235.7
1753574400000,2025-07-27 02:00:00,0.10503,0.10608,0.10463,0.10565,2468468.4
1753581600000,2025-07-27 04:00:00,0.10565,0.10716,0.10546,0.10625,2411552.2
1753588800000,2025-07-27 06:00:00,0.10625,0.10797,0.10605,0.10756,4090941.3
1753596000000,2025-07-27 08:00:00,0.10756,0.10769,0.10636,0.10659,1697147.2
1753603200000,2025-07-27 10:00:00,0.10659,0.10682,0.10521,0.10543,2763852.4
1753610400000,2025-07-27 12:00:00,0.10543,0.10751,0.10543,0.10655,3634432.8
1753617600000,2025-07-27 14:00:00,0.10655,0.10814,0.10626,0.10749,4486611.3
1753624800000,2025-07-27 16:00:00,0.10749,0.10797,0.10695,0.1076,2799098.3
1753632000000,2025-07-27 18:00:00,0.1076,0.109,0.10754,0.10866,7241851.1
1753639200000,2025-07-27 20:00:00,0.10866,0.10953,0.10833,0.10859,4596331.2
1753646400000,2025-07-27 22:00:00,0.10859,0.10953,0.10822,0.10942,1486898.2
1753653600000,2025-07-28 00:00:00,0.10942,0.11057,0.1092,0.10989,6253231.9
1753660800000,2025-07-28 02:00:00,0.10989,0.111,0.10797,0.10842,5115791.6
1753668000000,2025-07-28 04:00:00,0.10842,0.11078,0.10816,0.11056,6207098.6
1753675200000,2025-07-28 06:00:00,0.11056,0.1123,0.11007,0.11217,16439860.1
1753682400000,2025-07-28 08:00:00,0.11217,0.11272,0.11085,0.1116,6020104.8
1753689600000,2025-07-28 10:00:00,0.1116,0.11198,0.11014,0.1117,3865400.6
1753696800000,2025-07-28 12:00:00,0.1117,0.11174,0.10936,0.11012,3382870.0
1753704000000,2025-07-28 14:00:00,0.11012,0.11066,0.1082,0.10846,9669995.5
1753711200000,2025-07-28 16:00:00,0.10846,0.10852,0.10468,0.10577,10746602.1
1753718400000,2025-07-28 18:00:00,0.10577,0.10613,0.10453,0.10476,4374461.9
1753725600000,2025-07-28 20:00:00,0.10476,0.10486,0.10331,0.10413,6229578.5
1753732800000,2025-07-28 22:00:00,0.10413,0.10445,0.10216,0.10282,5317795.4
1753740000000,2025-07-29 00:00:00,0.10282,0.10326,0.10162,0.10294,3757607.5
1753747200000,2025-07-29 02:00:00,0.10294,0.10353,0.10069,0.10153,5451693.9
1753754400000,2025-07-29 04:00:00,0.10153,0.10269,0.10049,0.10252,3016987.6
1753761600000,2025-07-29 06:00:00,0.10252,0.10396,0.10186,0.10396,2630230.7
1753768800000,2025-07-29 08:00:00,0.10396,0.10667,0.10359,0.10646,5674309.5
1753776000000,2025-07-29 10:00:00,0.10646,0.10657,0.10488,0.10495,2935941.8
1753783200000,2025-07-29 12:00:00,0.10495,0.10509,0.10288,0.10381,3082818.2
1753790400000,2025-07-29 14:00:00,0.10381,0.10547,0.10331,0.10358,2917939.1
1753797600000,2025-07-29 16:00:00,0.10358,0.10363,0.10126,0.10177,7440115.3
1753804800000,2025-07-29 18:00:00,0.10177,0.10262,0.10018,0.10176,4543568.6
1753812000000,2025-07-29 20:00:00,0.10176,0.10231,0.10109,0.10137,5957911.5
1753819200000,2025-07-29 22:00:00,0.10137,0.10261,0.10018,0.10208,4795248.2
1753826400000,2025-07-30 00:00:00,0.10208,0.10224,0.10133,0.10213,1768620.0
1753833600000,2025-07-30 02:00:00,0.10213,0.10226,0.09992,0.10175,3579209.1
1753840800000,2025-07-30 04:00:00,0.10175,0.10244,0.10115,0.10129,2477390.2
1753848000000,2025-07-30 06:00:00,0.10129,0.10172,0.10007,0.10136,5057027.4
1753855200000,2025-07-30 08:00:00,0.10136,0.10177,0.10041,0.10075,2805432.6
1753862400000,2025-07-30 10:00:00,0.10075,0.10131,0.09952,0.0997,4784306.0
1753869600000,2025-07-30 12:00:00,0.0997,0.10034,0.09724,0.09781,7113352.7
1753876800000,2025-07-30 14:00:00,0.09781,0.09869,0.09691,0.09837,8100191.8
1753884000000,2025-07-30 16:00:00,0.09837,0.10038,0.09797,0.09925,5277442.7
1753891200000,2025-07-30 18:00:00,0.09925,0.10019,0.09888,0.09986,3335033.1
1753898400000,2025-07-30 20:00:00,0.09986,0.10065,0.09459,0.09915,23133706.1
1753905600000,2025-07-30 22:00:00,0.09915,0.1004,0.09837,0.09915,5295963.5
1753912800000,2025-07-31 00:00:00,0.09915,0.10038,0.09861,0.10019,2317614.2
1753920000000,2025-07-31 02:00:00,0.10019,0.10128,0.09988,0.10112,3247248.7
1753927200000,2025-07-31 04:00:00,0.10112,0.10181,0.10088,0.10148,2246338.5
1753934400000,2025-07-31 06:00:00,0.10148,0.10195,0.1012,0.10165,1172870.1
1753941600000,2025-07-31 08:00:00,0.10165,0.10241,0.10117,0.10192,1754466.5
1753948800000,2025-07-31 10:00:00,0.10192,0.10243,0.10169,0.10214,1616676.6
1753956000000,2025-07-31 12:00:00,0.10214,0.10229,0.10071,0.101,1983940.7
1753963200000,2025-07-31 14:00:00,0.101,0.10102,0.09846,0.09905,3620429.0
1753970400000,2025-07-31 16:00:00,0.09905,0.09926,0.09713,0.09815,5744420.4
1753977600000,2025-07-31 18:00:00,0.09815,0.1001,0.09741,0.09763,6612091.3
1753984800000,2025-07-31 20:00:00,0.09763,0.09817,0.0962,0.09656,14745858.8
1753992000000,2025-07-31 22:00:00,0.09656,0.09669,0.09458,0.09549,7435061.1
1753999200000,2025-08-01 00:00:00,0.09549,0.09549,0.09345,0.09397,6132697.7
1754006400000,2025-08-01 02:00:00,0.09397,0.09815,0.09148,0.09355,24890251.7
1754013600000,2025-08-01 04:00:00,0.09355,0.0947,0.09316,0.09396,2940860.6
1754020800000,2025-08-01 06:00:00,0.09396,0.09399,0.09259,0.09308,2359859.5
1754028000000,2025-08-01 08:00:00,0.09308,0.0932,0.09194,0.09267,7476902.9
1754035200000,2025-08-01 10:00:00,0.09267,0.09267,0.09052,0.091,15443385.2
1754042400000,2025-08-01 12:00:00,0.091,0.09213,0.09093,0.09198,4387616.1
1754049600000,2025-08-01 14:00:00,0.09198,0.0932,0.08985,0.09043,13467134.2
1754056800000,2025-08-01 16:00:00,0.09043,0.0932,0.08967,0.09258,12060338.9
1754064000000,2025-08-01 18:00:00,0.09258,0.09313,0.09045,0.09075,7969394.7
1754071200000,2025-08-01 20:00:00,0.09075,0.09242,0.08993,0.09234,7763562.7
1754078400000,2025-08-01 22:00:00,0.09234,0.09259,0.08996,0.09152,6095953.3
1754085600000,2025-08-02 00:00:00,0.09152,0.09161,0.0879,0.09063,10197444.7
1754092800000,2025-08-02 02:00:00,0.09063,0.09155,0.09027,0.09147,3184624.2
1754100000000,2025-08-02 04:00:00,0.09147,0.09157,0.09113,0.09138,1238542.3
1754107200000,2025-08-02 06:00:00,0.09138,0.09187,0.09109,0.09124,1229086.1
1754114400000,2025-08-02 08:00:00,0.09124,0.09131,0.08881,0.09097,4025974.5
1754121600000,2025-08-02 10:00:00,0.09097,0.0911,0.08932,0.08976,3627264.4
1754128800000,2025-08-02 12:00:00,0.08976,0.09025,0.08873,0.08977,2572388.0
1754136000000,2025-08-02 14:00:00,0.08977,0.09041,0.08906,0.09012,2538600.7
1754143200000,2025-08-02 16:00:00,0.09012,0.09019,0.08774,0.08804,6173292.5
1754150400000,2025-08-02 18:00:00,0.08804,0.089,0.0868,0.0872,4896386.3
1754157600000,2025-08-02 20:00:00,0.0872,0.08821,0.08587,0.08723,6882301.0
1754164800000,2025-08-02 22:00:00,0.08723,0.08863,0.08717,0.08808,2302977.4
1754172000000,2025-08-03 00:00:00,0.08808,0.08881,0.08735,0.08839,3345425.9
1754179200000,2025-08-03 02:00:00,0.08839,0.08962,0.08717,0.08927,5345502.1
1754186400000,2025-08-03 04:00:00,0.08927,0.08986,0.08923,0.08966,2256884.8
1754193600000,2025-08-03 06:00:00,0.08966,0.08989,0.08929,0.08976,1555625.4
1754200800000,2025-08-03 08:00:00,0.08976,0.09012,0.08934,0.08995,1380205.7
1754208000000,2025-08-03 10:00:00,0.08995,0.09045,0.08976,0.09043,2530706.2
1754215200000,2025-08-03 12:00:00,0.09043,0.09136,0.09037,0.09095,1978448.4
1754222400000,2025-08-03 14:00:00,0.09095,0.09132,0.09057,0.09089,2549828.6
1754229600000,2025-08-03 16:00:00,0.09089,0.09118,0.09033,0.09114,2675766.1
1754236800000,2025-08-03 18:00:00,0.09114,0.09124,0.09059,0.09101,1633486.8
1754244000000,2025-08-03 20:00:00,0.09101,0.09194,0.0907,0.09137,1952917.7
1754251200000,2025-08-03 22:00:00,0.09137,0.09173,0.09107,0.09159,1351024.9
1754258400000,2025-08-04 00:00:00,0.09159,0.09206,0.0911,0.09134,2771861.6
1754265600000,2025-08-04 02:00:00,0.09134,0.09325,0.09118,0.09194,4838850.4
1754272800000,2025-08-04 04:00:00,0.09194,0.09293,0.09175,0.09257,1417197.8
1754280000000,2025-08-04 06:00:00,0.09257,0.09298,0.09208,0.09258,1542688.5
1754287200000,2025-08-04 08:00:00,0.09258,0.09309,0.09193,0.09252,2241614.8
1754294400000,2025-08-04 10:00:00,0.09252,0.0931,0.09203,0.09205,2164688.7
1754301600000,2025-08-04 12:00:00,0.09205,0.09254,0.0916,0.09188,1380980.4
1754308800000,2025-08-04 14:00:00,0.09188,0.09336,0.09168,0.09329,5706993.5
1754316000000,2025-08-04 16:00:00,0.09329,0.09423,0.09271,0.09318,8333154.8
1754323200000,2025-08-04 18:00:00,0.09318,0.09488,0.09317,0.09385,7381926.8
1754330400000,2025-08-04 20:00:00,0.09385,0.09397,0.0925,0.09272,4276200.2
1754337600000,2025-08-04 22:00:00,0.09272,0.09401,0.09257,0.09373,2993772.6
1754344800000,2025-08-05 00:00:00,0.09373,0.09403,0.09309,0.09336,2575933.6
1754352000000,2025-08-05 02:00:00,0.09336,0.09355,0.09195,0.09202,3463085.3
1754359200000,2025-08-05 04:00:00,0.09202,0.09226,0.09082,0.09104,7462579.7
1754366400000,2025-08-05 06:00:00,0.09104,0.0915,0.09058,0.09099,2560187.4
1754373600000,2025-08-05 08:00:00,0.09099,0.09131,0.08917,0.08941,4670086.7
1754380800000,2025-08-05 10:00:00,0.08941,0.09123,0.08918,0.09123,4433039.9
1754388000000,2025-08-05 12:00:00,0.09123,0.09283,0.09092,0.0927,5185282.8
1754395200000,2025-08-05 14:00:00,0.0927,0.09284,0.09053,0.09108,8295467.2
1754402400000,2025-08-05 16:00:00,0.09108,0.09108,0.08805,0.08834,9805702.5
1754409600000,2025-08-05 18:00:00,0.08834,0.08928,0.08813,0.08921,3363883.3
1754416800000,2025-08-05 20:00:00,0.08921,0.08921,0.08783,0.08815,2829032.0
1754424000000,2025-08-05 22:00:00,0.08815,0.08915,0.08795,0.08811,2553789.6
1754431200000,2025-08-06 00:00:00,0.08811,0.08993,0.0873,0.08978,6180846.9
1754438400000,2025-08-06 02:00:00,0.08978,0.08984,0.0881,0.08886,5373397.4
1754445600000,2025-08-06 04:00:00,0.08886,0.08888,0.08754,0.08754,4147510.9
1754452800000,2025-08-06 06:00:00,0.08754,0.09018,0.08716,0.08946,6759346.2
1754460000000,2025-08-06 08:00:00,0.08946,0.09073,0.08909,0.09062,4140536.1
1754467200000,2025-08-06 10:00:00,0.09062,0.09088,0.08948,0.09031,6284930.8
1754474400000,2025-08-06 12:00:00,0.09031,0.09053,0.08965,0.0899,5436284.8
1754481600000,2025-08-06 14:00:00,0.0899,0.09029,0.08899,0.08987,18025051.9
1754488800000,2025-08-06 16:00:00,0.08987,0.09264,0.08928,0.09249,15319117.5
1754496000000,2025-08-06 18:00:00,0.09249,0.09273,0.09132,0.09237,6112018.1
1754503200000,2025-08-06 20:00:00,0.09237,0.09293,0.09187,0.09239,4475545.8
1754510400000,2025-08-06 22:00:00,0.09239,0.09242,0.09157,0.09196,2535995.9
1754517600000,2025-08-07 00:00:00,0.09196,0.09211,0.09162,0.09176,1503490.4
1754524800000,2025-08-07 02:00:00,0.09176,0.0929,0.09161,0.09197,3678448.5
1754532000000,2025-08-07 04:00:00,0.09197,0.09235,0.09162,0.09167,1918814.0
1754539200000,2025-08-07 06:00:00,0.09167,0.09252,0.09143,0.09252,4627433.3
1754546400000,2025-08-07 08:00:00,0.09252,0.09303,0.09235,0.09291,7566979.0
1754553600000,2025-08-07 10:00:00,0.09291,0.09341,0.09255,0.09309,2620810.1
1754560800000,2025-08-07 12:00:00,0.09309,0.09576,0.09297,0.09556,10269024.4
1754568000000,2025-08-07 14:00:00,0.09556,0.09586,0.09475,0.09533,4332059.4
1754575200000,2025-08-07 16:00:00,0.09533,0.0954,0.09417,0.09441,4303327.8
1754582400000,2025-08-07 18:00:00,0.09441,0.09464,0.09224,0.09264,9723895.7
1754589600000,2025-08-07 20:00:00,0.09264,0.09302,0.09143,0.09302,6581284.9
1754596800000,2025-08-07 22:00:00,0.09302,0.0946,0.09292,0.09446,5607274.7
1754604000000,2025-08-08 00:00:00,0.09446,0.09562,0.09411,0.09557,5274704.8
1754611200000,2025-08-08 02:00:00,0.09557,0.09644,0.09397,0.09465,21692697.2
1754618400000,2025-08-08 04:00:00,0.09465,0.09552,0.0941,0.09463,5365917.5
1754625600000,2025-08-08 06:00:00,0.09463,0.09467,0.09351,0.09356,4166672.7
1754632800000,2025-08-08 08:00:00,0.09356,0.09544,0.09344,0.09472,7272341.3
1754640000000,2025-08-08 10:00:00,0.09472,0.09555,0.09414,0.09474,5840694.2
1754647200000,2025-08-08 12:00:00,0.09474,0.09475,0.09384,0.09442,4117238.1
1754654400000,2025-08-08 14:00:00,0.09442,0.09544,0.09328,0.09544,7102324.4
1754661600000,2025-08-08 16:00:00,0.09544,0.09595,0.09297,0.09375,11646260.7
1754668800000,2025-08-08 18:00:00,0.09375,0.09618,0.09362,0.09618,5429301.1
1754676000000,2025-08-08 20:00:00,0.09618,0.09686,0.09543,0.09607,8044558.1
1754683200000,2025-08-08 22:00:00,0.09607,0.09629,0.09559,0.09591,4186994.7
1754690400000,2025-08-09 00:00:00,0.09591,0.09624,0.09525,0.09571,4986123.2
1754697600000,2025-08-09 02:00:00,0.09571,0.09611,0.09507,0.09592,3768877.8
1754704800000,2025-08-09 04:00:00,0.09592,0.09625,0.09509,0.09531,2841654.9
1754712000000,2025-08-09 06:00:00,0.09531,0.0979,0.09516,0.09779,12060409.0
1754719200000,2025-08-09 08:00:00,0.09779,0.09847,0.09725,0.09841,8154096.8
1754726400000,2025-08-09 10:00:00,0.09841,0.09914,0.09792,0.09881,7411043.9
1754733600000,2025-08-09 12:00:00,0.09881,0.09962,0.09873,0.09955,8114008.4
1754740800000,2025-08-09 14:00:00,0.09955,0.10097,0.09902,0.09903,23243099.1
1754748000000,2025-08-09 16:00:00,0.09903,0.0998,0.09851,0.09931,5506730.6
1754755200000,2025-08-09 18:00:00,0.09931,0.10015,0.09907,0.10009,5046392.6
1754762400000,2025-08-09 20:00:00,0.10009,0.1009,0.09968,0.10031,3599852.6
1754769600000,2025-08-09 22:00:00,0.10031,0.10134,0.09988,0.1005,6836037.6
1754776800000,2025-08-10 00:00:00,0.1005,0.10087,0.09945,0.10011,5750360.0
1754784000000,2025-08-10 02:00:00,0.10011,0.10162,0.10011,0.10085,3646141.7
1754791200000,2025-08-10 04:00:00,0.10085,0.10153,0.0996,0.10123,6387089.0
1754798400000,2025-08-10 06:00:00,0.10123,0.10178,0.09986,0.09986,6681061.7
1754805600000,2025-08-10 08:00:00,0.09986,0.09992,0.09722,0.09741,11013744.6
1754812800000,2025-08-10 10:00:00,0.09741,0.09836,0.09634,0.09787,7496000.9
1754820000000,2025-08-10 12:00:00,0.09787,0.0981,0.09638,0.09651,8108364.5
1754827200000,2025-08-10 14:00:00,0.09651,0.09757,0.09619,0.09639,5675519.9
1754834400000,2025-08-10 16:00:00,0.09639,0.09877,0.09594,0.09827,9134965.3
1754841600000,2025-08-10 18:00:00,0.09827,0.09931,0.09807,0.09929,4355239.9
1754848800000,2025-08-10 20:00:00,0.09929,0.09983,0.09896,0.09942,3157972.0
1754856000000,2025-08-10 22:00:00,0.09942,0.09953,0.09785,0.09876,7862940.7
1754863200000,2025-08-11 00:00:00,0.09876,0.09952,0.09832,0.09926,1894400.1
1754870400000,2025-08-11 02:00:00,0.09926,0.10093,0.09828,0.10044,10131325.5
1754877600000,2025-08-11 04:00:00,0.10044,0.10242,0.10042,0.10171,9086194.1
1754884800000,2025-08-11 06:00:00,0.10171,0.10253,0.10086,0.1011,6222161.8
1754892000000,2025-08-11 08:00:00,0.1011,0.10154,0.09901,0.09919,6948373.8
1754899200000,2025-08-11 10:00:00,0.09919,0.10019,0.09881,0.09906,2674716.3
1754906400000,2025-08-11 12:00:00,0.09906,0.09908,0.09523,0.09554,16111743.9
1754913600000,2025-08-11 14:00:00,0.09554,0.09618,0.0942,0.09581,9208574.4
1754920800000,2025-08-11 16:00:00,0.09581,0.09664,0.09507,0.09648,5172877.8
1754928000000,2025-08-11 18:00:00,0.09648,0.09781,0.09508,0.09533,7311114.2
1754935200000,2025-08-11 20:00:00,0.09533,0.09579,0.09363,0.09469,6176385.7
1754942400000,2025-08-11 22:00:00,0.09469,0.0948,0.09258,0.09327,6263655.7
1754949600000,2025-08-12 00:00:00,0.09327,0.09363,0.0921,0.09323,4830766.0
1754956800000,2025-08-12 02:00:00,0.09323,0.09452,0.09298,0.09408,3458594.6
1754964000000,2025-08-12 04:00:00,0.09408,0.09489,0.09346,0.09373,3430634.5
1754971200000,2025-08-12 06:00:00,0.09373,0.09446,0.09281,0.09322,4296819.9
1754978400000,2025-08-12 08:00:00,0.09322,0.09437,0.09236,0.09412,3496147.4
1754985600000,2025-08-12 10:00:00,0.09412,0.09419,0.09283,0.09299,2253574.6
1754992800000,2025-08-12 12:00:00,0.09299,0.09365,0.09202,0.09354,3469028.2
1755000000000,2025-08-12 14:00:00,0.09354,0.09648,0.09291,0.0952,15717602.3
1755007200000,2025-08-12 16:00:00,0.0952,0.09838,0.09505,0.09837,6778499.6
1755014400000,2025-08-12 18:00:00,0.09837,0.10018,0.0982,0.09932,12109223.6
1755021600000,2025-08-12 20:00:00,0.09932,0.10059,0.09928,0.10035,11823519.3
1755028800000,2025-08-12 22:00:00,0.10035,0.10184,0.10025,0.10094,5686604.7
1755036000000,2025-08-13 00:00:00,0.10094,0.10171,0.10064,0.10135,3279025.9
1755043200000,2025-08-13 02:00:00,0.10135,0.10219,0.09993,0.10033,5957366.4
1755050400000,2025-08-13 04:00:00,0.10033,0.10248,0.09981,0.10206,7110527.3
1755057600000,2025-08-13 06:00:00,0.10206,0.10253,0.1006,0.10071,7192781.8
1755064800000,2025-08-13 08:00:00,0.10071,0.10201,0.10003,0.10198,2205436.7
1755072000000,2025-08-13 10:00:00,0.10198,0.10362,0.10195,0.10338,13776886.5
1755079200000,2025-08-13 12:00:00,0.10338,0.10419,0.10312,0.10354,9074838.2
1755086400000,2025-08-13 14:00:00,0.10354,0.1045,0.10253,0.10369,12363853.3
1755093600000,2025-08-13 16:00:00,0.10369,0.10403,0.10165,0.10284,13627578.9
1755100800000,2025-08-13 18:00:00,0.10284,0.10391,0.1024,0.10325,5021522.2
1755108000000,2025-08-13 20:00:00,0.10325,0.10358,0.10224,0.10276,4300760.7
1755115200000,2025-08-13 22:00:00,0.10276,0.10287,0.10022,0.10033,11413428.2
1755122400000,2025-08-14 00:00:00,0.10033,0.10207,0.10014,0.10147,7258694.6
1755129600000,2025-08-14 02:00:00,0.10147,0.1027,0.10088,0.10245,8282084.1
1755136800000,2025-08-14 04:00:00,0.10245,0.1037,0.10194,0.10259,7286862.7
1755144000000,2025-08-14 06:00:00,0.10259,0.10316,0.10097,0.10114,8175030.9
1755151200000,2025-08-14 08:00:00,0.10114,0.10116,0.09971,0.10043,8060484.5
1755158400000,2025-08-14 10:00:00,0.10043,0.10045,0.09852,0.09974,7268500.7
1755165600000,2025-08-14 12:00:00,0.09974,0.09984,0.09777,0.09814,7794291.8
1755172800000,2025-08-14 14:00:00,0.09814,0.09887,0.0922,0.09504,45310935.8
1755180000000,2025-08-14 16:00:00,0.09504,0.09622,0.09379,0.0939,10208002.9
1755187200000,2025-08-14 18:00:00,0.0939,0.09391,0.09207,0.09328,8852872.0
1755194400000,2025-08-14 20:00:00,0.09328,0.09365,0.09164,0.09274,4992092.2
1755201600000,2025-08-14 22:00:00,0.09274,0.09288,0.09046,0.09154,7433732.5
1755208800000,2025-08-15 00:00:00,0.09154,0.09317,0.09115,0.09278,6033880.4
1755216000000,2025-08-15 02:00:00,0.09278,0.09337,0.09228,0.0931,3036138.3
1755223200000,2025-08-15 04:00:00,0.0931,0.0941,0.09293,0.09366,2875892.9
1755230400000,2025-08-15 06:00:00,0.09366,0.09414,0.09302,0.09357,4022847.5
1755237600000,2025-08-15 08:00:00,0.09357,0.09472,0.09352,0.09416,3999392.5
1755244800000,2025-08-15 10:00:00,0.09416,0.09451,0.09277,0.09306,3339966.3
1755252000000,2025-08-15 12:00:00,0.09306,0.09382,0.0929,0.09309,6020915.4
1755259200000,2025-08-15 14:00:00,0.09309,0.09422,0.09235,0.09281,7899260.8
1755266400000,2025-08-15 16:00:00,0.09281,0.09316,0.08955,0.09009,14836494.1
1755273600000,2025-08-15 18:00:00,0.09009,0.09152,0.08908,0.09118,7768688.3
1755280800000,2025-08-15 20:00:00,0.09118,0.09145,0.09036,0.09122,3802791.9
1755288000000,2025-08-15 22:00:00,0.09122,0.09276,0.09095,0.09263,2835385.1
1755295200000,2025-08-16 00:00:00,0.09263,0.0938,0.09243,0.09292,3806858.2
1755302400000,2025-08-16 02:00:00,0.09292,0.09409,0.09283,0.09368,2671851.2
1755309600000,2025-08-16 04:00:00,0.09368,0.09369,0.09318,0.09329,2512844.6
1755316800000,2025-08-16 06:00:00,0.09329,0.09374,0.09298,0.09304,3183888.3
1755324000000,2025-08-16 08:00:00,0.09304,0.09414,0.09302,0.09394,1697443.6
1755331200000,2025-08-16 10:00:00,0.09394,0.09403,0.09273,0.09273,2047855.9
1755338400000,2025-08-16 12:00:00,0.09273,0.09349,0.09252,0.09273,2484147.6
1755345600000,2025-08-16 14:00:00,0.09273,0.09396,0.09255,0.093,3055485.5
1755352800000,2025-08-16 16:00:00,0.093,0.0953,0.09268,0.09489,4370579.9
1755360000000,2025-08-16 18:00:00,0.09489,0.09543,0.09398,0.09413,3004602.1
1755367200000,2025-08-16 20:00:00,0.09413,0.0948,0.09386,0.0944,1597831.7
1755374400000,2025-08-16 22:00:00,0.0944,0.09498,0.09418,0.09418,1334959.4
1755381600000,2025-08-17 00:00:00,0.09418,0.09508,0.09401,0.09462,848511.5
1755388800000,2025-08-17 02:00:00,0.09462,0.09481,0.09392,0.09416,1864752.1
1755396000000,2025-08-17 04:00:00,0.09416,0.09528,0.09374,0.09493,1413836.6
1755403200000,2025-08-17 06:00:00,0.09493,0.09571,0.09479,0.0951,2585151.6
1755410400000,2025-08-17 08:00:00,0.0951,0.09561,0.09491,0.09548,2271849.5
1755417600000,2025-08-17 10:00:00,0.09548,0.09658,0.09526,0.09657,3854878.4
1755424800000,2025-08-17 12:00:00,0.09657,0.09666,0.096,0.09637,1933869.5
1755432000000,2025-08-17 14:00:00,0.09637,0.09666,0.09505,0.09564,3724390.3
1755439200000,2025-08-17 16:00:00,0.09564,0.09711,0.09543,0.0971,2261934.5
1755446400000,2025-08-17 18:00:00,0.0971,0.09765,0.09568,0.09592,6231927.7
1755453600000,2025-08-17 20:00:00,0.09592,0.09604,0.09394,0.09429,7702929.9
1755460800000,2025-08-17 22:00:00,0.09429,0.09474,0.09396,0.0942,1792288.4
1755468000000,2025-08-18 00:00:00,0.0942,0.0953,0.09388,0.09393,2390769.3
1755475200000,2025-08-18 02:00:00,0.09393,0.09407,0.09213,0.09235,7057742.5
1755482400000,2025-08-18 04:00:00,0.09235,0.09248,0.08998,0.09112,10163312.9
1755489600000,2025-08-18 06:00:00,0.09112,0.09199,0.09059,0.09159,4095893.3
1755496800000,2025-08-18 08:00:00,0.09159,0.09159,0.08984,0.09059,8358470.0
1755504000000,2025-08-18 10:00:00,0.09059,0.09107,0.08962,0.09069,5423530.8
1755511200000,2025-08-18 12:00:00,0.09069,0.09102,0.09015,0.09059,3475288.8
1755518400000,2025-08-18 14:00:00,0.09059,0.09214,0.09032,0.0905,6736537.9
1755525600000,2025-08-18 16:00:00,0.0905,0.09169,0.09025,0.09169,6041838.2
1755532800000,2025-08-18 18:00:00,0.09169,0.09271,0.0906,0.09196,5356894.9
1755540000000,2025-08-18 20:00:00,0.09196,0.09259,0.0913,0.09185,3230878.6
1755547200000,2025-08-18 22:00:00,0.09185,0.0926,0.091,0.09249,3011420.6
1755554400000,2025-08-19 00:00:00,0.09249,0.09315,0.09085,0.09104,2002458.5
1755561600000,2025-08-19 02:00:00,0.09104,0.09271,0.09,0.09121,9139531.1
1755568800000,2025-08-19 04:00:00,0.09121,0.09139,0.08947,0.08962,8154536.5
1755576000000,2025-08-19 06:00:00,0.08962,0.09063,0.08896,0.08986,6203219.4
1755583200000,2025-08-19 08:00:00,0.08986,0.09022,0.08932,0.09015,4254281.8
1755590400000,2025-08-19 10:00:00,0.09015,0.09195,0.08964,0.09165,5781363.5
1755597600000,2025-08-19 12:00:00,0.09165,0.09288,0.09149,0.09284,2842539.9
1755604800000,2025-08-19 14:00:00,0.09284,0.09292,0.09062,0.09157,8377683.2
1755612000000,2025-08-19 16:00:00,0.09157,0.09604,0.08931,0.0896,31374296.8
1755619200000,2025-08-19 18:00:00,0.0896,0.08976,0.08837,0.08908,7441202.0
1755626400000,2025-08-19 20:00:00,0.08908,0.0894,0.08762,0.08832,5873701.4
1755633600000,2025-08-19 22:00:00,0.08832,0.08921,0.08798,0.08916,3690113.1
1755640800000,2025-08-20 00:00:00,0.08916,0.0893,0.08809,0.08828,3958662.4
1755648000000,2025-08-20 02:00:00,0.08828,0.08907,0.0875,0.08884,5260087.2
1755655200000,2025-08-20 04:00:00,0.08884,0.0899,0.08868,0.08915,3811476.6
1755662400000,2025-08-20 06:00:00,0.08915,0.0901,0.08914,0.08998,4583876.9
1755669600000,2025-08-20 08:00:00,0.08998,0.09013,0.08934,0.08944,2354516.9
1755676800000,2025-08-20 10:00:00,0.08944,0.09066,0.08933,0.09001,4351690.9
1755684000000,2025-08-20 12:00:00,0.09001,0.09037,0.08872,0.08994,4796310.4
1755691200000,2025-08-20 14:00:00,0.08994,0.09075,0.08843,0.08889,8357229.5
1755698400000,2025-08-20 16:00:00,0.08889,0.09187,0.08813,0.09112,12788345.0
1755705600000,2025-08-20 18:00:00,0.09112,0.09258,0.09112,0.09223,6817702.6
1755712800000,2025-08-20 20:00:00,0.09223,0.09289,0.0907,0.09286,5380293.4
1755720000000,2025-08-20 22:00:00,0.09286,0.09338,0.09241,0.09283,2501870.3
1755727200000,2025-08-21 00:00:00,0.09283,0.09316,0.09229,0.0925,2063658.1
1755734400000,2025-08-21 02:00:00,0.0925,0.09299,0.09203,0.09299,1919002.0
1755741600000,2025-08-21 04:00:00,0.09299,0.09317,0.09153,0.09209,3485345.6
1755748800000,2025-08-21 06:00:00,0.09209,0.09251,0.09171,0.09237,1191007.3
1755756000000,2025-08-21 08:00:00,0.09237,0.0924,0.09071,0.09129,2562104.4
1755763200000,2025-08-21 10:00:00,0.09129,0.09153,0.09008,0.09013,2496945.6
1755770400000,2025-08-21 12:00:00,0.09013,0.09059,0.08982,0.09012,2586777.7
1755777600000,2025-08-21 14:00:00,0.09012,0.09107,0.08942,0.09015,5128693.6
1755784800000,2025-08-21 16:00:00,0.09015,0.09132,0.08921,0.08939,3258961.9
1755792000000,2025-08-21 18:00:00,0.08939,0.09007,0.08913,0.0897,2076552.4
1755799200000,2025-08-21 20:00:00,0.0897,0.09062,0.08946,0.08958,1231908.9
1755806400000,2025-08-21 22:00:00,0.08958,0.09074,0.08926,0.0905,2508766.0
1755813600000,2025-08-22 00:00:00,0.0905,0.09066,0.08911,0.08948,1301016.9
1755820800000,2025-08-22 02:00:00,0.08948,0.08998,0.08883,0.08968,2281936.9
1755828000000,2025-08-22 04:00:00,0.08968,0.09089,0.08918,0.08937,2326575.3
1755835200000,2025-08-22 06:00:00,0.08937,0.09028,0.08936,0.09001,2518471.7
1755842400000,2025-08-22 08:00:00,0.09001,0.09053,0.0894,0.09037,2504930.6
1755849600000,2025-08-22 10:00:00,0.09037,0.09085,0.08964,0.09004,1982445.0
1755856800000,2025-08-22 12:00:00,0.09004,0.09004,0.08823,0.08826,4959666.7
1755864000000,2025-08-22 14:00:00,0.08826,0.08928,0.08663,0.08833,12636616.5
1755871200000,2025-08-22 16:00:00,0.08833,0.09518,0.08832,0.09436,40562054.3
1755878400000,2025-08-22 18:00:00,0.09436,0.09821,0.09436,0.09683,24398325.9
1755885600000,2025-08-22 20:00:00,0.09683,0.09762,0.09645,0.09726,5196818.4
1755892800000,2025-08-22 22:00:00,0.09726,0.09805,0.09712,0.09716,4051889.1
1755900000000,2025-08-23 00:00:00,0.09716,0.09749,0.09666,0.09704,4066191.9
1755907200000,2025-08-23 02:00:00,0.09704,0.09741,0.09521,0.09588,4264665.0
1755914400000,2025-08-23 04:00:00,0.09588,0.09616,0.09363,0.09413,4393954.6
1755921600000,2025-08-23 06:00:00,0.09413,0.09657,0.09407,0.09651,4519344.4
1755928800000,2025-08-23 08:00:00,0.09651,0.09684,0.0948,0.09509,5942585.1
1755936000000,2025-08-23 10:00:00,0.09509,0.09551,0.09466,0.09523,2690357.5
1755943200000,2025-08-23 12:00:00,0.09523,0.09534,0.09434,0.09456,2226913.6
1755950400000,2025-08-23 14:00:00,0.09456,0.09514,0.09413,0.09431,2127051.0
1755957600000,2025-08-23 16:00:00,0.09431,0.09512,0.09411,0.09471,2382860.4
1755964800000,2025-08-23 18:00:00,0.09471,0.09484,0.09416,0.09451,1596572.0
1755972000000,2025-08-23 20:00:00,0.09451,0.09606,0.0945,0.09599,2210895.3
1755979200000,2025-08-23 22:00:00,0.09599,0.09603,0.09489,0.09508,2037141.0
1755986400000,2025-08-24 00:00:00,0.09508,0.09585,0.09505,0.09548,1920774.0
1755993600000,2025-08-24 02:00:00,0.09548,0.09575,0.09459,0.09472,1868266.9
1756000800000,2025-08-24 04:00:00,0.09472,0.09491,0.0938,0.09427,2276869.2
1756008000000,2025-08-24 06:00:00,0.09427,0.09449,0.09364,0.09372,2013812.7
1756015200000,2025-08-24 08:00:00,0.09372,0.09373,0.0922,0.09222,4944669.0
1756022400000,2025-08-24 10:00:00,0.09222,0.09262,0.09187,0.09203,3261767.5
1756029600000,2025-08-24 12:00:00,0.09203,0.09213,0.09088,0.09148,5126373.1
1756036800000,2025-08-24 14:00:00,0.09148,0.09227,0.09135,0.09193,3366193.3
1756044000000,2025-08-24 16:00:00,0.09193,0.09351,0.09155,0.09271,3731437.8
1756051200000,2025-08-24 18:00:00,0.09271,0.09466,0.09219,0.09438,6120692.0
1756058400000,2025-08-24 20:00:00,0.09438,0.0977,0.09276,0.09453,35467202.4
1756065600000,2025-08-24 22:00:00,0.09453,0.09509,0.09237,0.09423,13138888.6
1756072800000,2025-08-25 00:00:00,0.09423,0.09449,0.09263,0.09408,8382911.9
1756080000000,2025-08-25 02:00:00,0.09408,0.09466,0.09207,0.0938,7827480.1
1756087200000,2025-08-25 04:00:00,0.0938,0.09554,0.09379,0.09483,4653812.6
1756094400000,2025-08-25 06:00:00,0.09483,0.09502,0.09247,0.09249,3652669.2
1756101600000,2025-08-25 08:00:00,0.09249,0.09254,0.08978,0.09008,11265174.1
1756108800000,2025-08-25 10:00:00,0.09008,0.09083,0.08936,0.09028,8733117.6
1756116000000,2025-08-25 12:00:00,0.09028,0.09028,0.08903,0.09023,5762573.1
1756123200000,2025-08-25 14:00:00,0.09023,0.09061,0.08948,0.09015,6310791.1
1756130400000,2025-08-25 16:00:00,0.09015,0.09115,0.08967,0.0899,4978179.2
1756137600000,2025-08-25 18:00:00,0.0899,0.09057,0.08873,0.08909,4204873.3
1756144800000,2025-08-25 20:00:00,0.08909,0.08932,0.08711,0.08724,8925227.7
1756152000000,2025-08-25 22:00:00,0.08724,0.08736,0.08466,0.085,29516854.1
1756159200000,2025-08-26 00:00:00,0.085,0.08646,0.08497,0.08629,5709008.8
1756166400000,2025-08-26 02:00:00,0.08629,0.08736,0.08557,0.08726,7494199.9
1756173600000,2025-08-26 04:00:00,0.08726,0.08786,0.0871,0.08745,3567238.5
1756180800000,2025-08-26 06:00:00,0.08745,0.08815,0.08744,0.08772,2050686.7
1756188000000,2025-08-26 08:00:00,0.08772,0.08883,0.0874,0.08803,3423158.8
1756195200000,2025-08-26 10:00:00,0.08803,0.08817,0.08745,0.08781,1867822.1
1756202400000,2025-08-26 12:00:00,0.08781,0.08859,0.0875,0.08764,2312671.7
1756209600000,2025-08-26 14:00:00,0.08764,0.08947,0.08704,0.0884,13197618.7
1756216800000,2025-08-26 16:00:00,0.0884,0.08974,0.08777,0.08897,4620102.8
1756224000000,2025-08-26 18:00:00,0.08897,0.08976,0.08852,0.08882,2670502.3
1756231200000,2025-08-26 20:00:00,0.08882,0.09039,0.08877,0.09024,3648805.9
1756238400000,2025-08-26 22:00:00,0.09024,0.0906,0.08967,0.09022,2278050.6
1756245600000,2025-08-27 00:00:00,0.09022,0.0905,0.08973,0.08992,1820735.2
1756252800000,2025-08-27 02:00:00,0.08992,0.09011,0.08909,0.08958,1484413.0
1756260000000,2025-08-27 04:00:00,0.08958,0.09053,0.08891,0.09008,1614597.1
1756267200000,2025-08-27 06:00:00,0.09008,0.09093,0.08998,0.09006,2431056.0
1756274400000,2025-08-27 08:00:00,0.09006,0.09029,0.0892,0.0895,2829115.5
1756281600000,2025-08-27 10:00:00,0.0895,0.09031,0.08915,0.0898,3119997.4
1756288800000,2025-08-27 12:00:00,0.0898,0.0902,0.08966,0.09006,922133.5
1756296000000,2025-08-27 14:00:00,0.09006,0.09054,0.08916,0.08971,3793587.3
1756303200000,2025-08-27 16:00:00,0.08971,0.09119,0.08948,0.09106,3866431.8
1756310400000,2025-08-27 18:00:00,0.09106,0.09147,0.09033,0.09143,4382229.5
1756317600000,2025-08-27 20:00:00,0.09143,0.0919,0.08996,0.09047,4413625.3
1756324800000,2025-08-27 22:00:00,0.09047,0.09197,0.08948,0.0907,18934469.8
1756332000000,2025-08-28 00:00:00,0.0907,0.09103,0.08986,0.09044,2843701.3
1756339200000,2025-08-28 02:00:00,0.09044,0.09134,0.08979,0.09106,6310385.8
1756346400000,2025-08-28 04:00:00,0.09106,0.09145,0.09061,0.09139,1966836.2
1756353600000,2025-08-28 06:00:00,0.09139,0.09242,0.09121,0.09186,3146636.3
1756360800000,2025-08-28 08:00:00,0.09186,0.09201,0.09126,0.09174,1516559.0
1756368000000,2025-08-28 10:00:00,0.09174,0.09251,0.0909,0.091,2292500.1
1756375200000,2025-08-28 12:00:00,0.091,0.09154,0.09077,0.09151,1466180.5
1756382400000,2025-08-28 14:00:00,0.09151,0.09272,0.09124,0.09258,3740526.9
1756389600000,2025-08-28 16:00:00,0.09258,0.09401,0.09237,0.0925,8648503.3
1756396800000,2025-08-28 18:00:00,0.0925,0.09313,0.09083,0.09159,5452191.2
1756404000000,2025-08-28 20:00:00,0.09159,0.09228,0.09063,0.09063,2132062.7
1756411200000,2025-08-28 22:00:00,0.09063,0.09217,0.09053,0.09214,2986060.2
1756418400000,2025-08-29 00:00:00,0.09214,0.09356,0.09213,0.09346,4501938.2
1756425600000,2025-08-29 02:00:00,0.09346,0.09391,0.09206,0.09211,4639394.8
1756432800000,2025-08-29 04:00:00,0.09211,0.09291,0.09167,0.09201,4876645.3
1756440000000,2025-08-29 06:00:00,0.09201,0.09246,0.09148,0.09164,2124245.4
1756447200000,2025-08-29 08:00:00,0.09164,0.09179,0.08906,0.0892,10500964.0
1756454400000,2025-08-29 10:00:00,0.0892,0.08932,0.0869,0.08832,9699426.1
1756461600000,2025-08-29 12:00:00,0.08832,0.08886,0.08813,0.08821,2900139.2
1756468800000,2025-08-29 14:00:00,0.08821,0.0909,0.08755,0.08818,14112900.4
1756476000000,2025-08-29 16:00:00,0.08818,0.08875,0.08688,0.08769,15633657.6
1756483200000,2025-08-29 18:00:00,0.08769,0.08809,0.08675,0.08693,4359718.1
1756490400000,2025-08-29 20:00:00,0.08693,0.08758,0.08612,0.08721,4341989.8
1756497600000,2025-08-29 22:00:00,0.08721,0.08772,0.08614,0.08763,4414655.2
1756504800000,2025-08-30 00:00:00,0.08763,0.08813,0.0874,0.08773,1657909.4
1756512000000,2025-08-30 02:00:00,0.08773,0.08782,0.08644,0.08655,3483096.3
1756519200000,2025-08-30 04:00:00,0.08655,0.08932,0.08643,0.08901,3054122.1
1756526400000,2025-08-30 06:00:00,0.08901,0.08926,0.08858,0.08882,1411627.3
1756533600000,2025-08-30 08:00:00,0.08882,0.08945,0.08874,0.08945,1614788.6
1756540800000,2025-08-30 10:00:00,0.08945,0.08947,0.08864,0.0887,939066.2
1756548000000,2025-08-30 12:00:00,0.0887,0.08901,0.08841,0.08878,1363331.6
1756555200000,2025-08-30 14:00:00,0.08878,0.08881,0.08737,0.08809,2846450.6
1756562400000,2025-08-30 16:00:00,0.08809,0.08913,0.08762,0.089,2464173.4
1756569600000,2025-08-30 18:00:00,0.089,0.0891,0.08841,0.08883,2088438.6
1756576800000,2025-08-30 20:00:00,0.08883,0.08898,0.08833,0.08887,1979783.2
1756584000000,2025-08-30 22:00:00,0.08887,0.089,0.08856,0.08886,1238529.5
1756591200000,2025-08-31 00:00:00,0.08886,0.08941,0.08854,0.08939,1173369.1
1756598400000,2025-08-31 02:00:00,0.08939,0.09138,0.08939,0.09096,7302614.5
1756605600000,2025-08-31 04:00:00,0.09096,0.09183,0.09093,0.09153,2980466.1
1756612800000,2025-08-31 06:00:00,0.09153,0.09166,0.09038,0.09053,2071250.6
1756620000000,2025-08-31 08:00:00,0.09053,0.09087,0.09031,0.09054,2002097.7
1756627200000,2025-08-31 10:00:00,0.09054,0.09158,0.09039,0.09042,2656845.4
1756634400000,2025-08-31 12:00:00,0.09042,0.09046,0.08957,0.09033,2171489.6
1756641600000,2025-08-31 14:00:00,0.09033,0.0907,0.08984,0.08998,1697753.5
1756648800000,2025-08-31 16:00:00,0.08998,0.09037,0.08936,0.09033,2069196.0
1756656000000,2025-08-31 18:00:00,0.09033,0.09033,0.08967,0.08986,894787.2
1756663200000,2025-08-31 20:00:00,0.08986,0.09091,0.08984,0.09015,5432164.8
1756670400000,2025-08-31 22:00:00,0.09015,0.0906,0.08999,0.09038,2408297.5
1756677600000,2025-09-01 00:00:00,0.09038,0.09054,0.08839,0.08842,2794748.8
1756684800000,2025-09-01 02:00:00,0.08842,0.08893,0.08735,0.08855,5050224.5
1756692000000,2025-09-01 04:00:00,0.08855,0.08861,0.08699,0.08758,4726500.2
1756699200000,2025-09-01 06:00:00,0.08758,0.08774,0.08655,0.0875,3885503.5
1756706400000,2025-09-01 08:00:00,0.0875,0.09,0.0868,0.08994,6420547.6
1756713600000,2025-09-01 10:00:00,0.08994,0.09148,0.08994,0.09038,7440151.2
1756720800000,2025-09-01 12:00:00,0.09038,0.09043,0.08836,0.08844,4136311.7
1756728000000,2025-09-01 14:00:00,0.08844,0.08895,0.08753,0.08769,5848101.1
1756735200000,2025-09-01 16:00:00,0.08769,0.08808,0.087,0.0872,2449756.4
1756742400000,2025-09-01 18:00:00,0.0872,0.08733,0.08652,0.08682,3571007.7
1756749600000,2025-09-01 20:00:00,0.08682,0.08794,0.08682,0.0879,2899659.8
1756756800000,2025-09-01 22:00:00,0.0879,0.08808,0.08512,0.08587,17496909.9
1756764000000,2025-09-02 00:00:00,0.08587,0.08717,0.08538,0.08712,14777722.9
1756771200000,2025-09-02 02:00:00,0.08712,0.08784,0.0865,0.08727,3745084.7
1756778400000,2025-09-02 04:00:00,0.08727,0.08882,0.08705,0.08842,2895402.2
1756785600000,2025-09-02 06:00:00,0.08842,0.08896,0.08822,0.08858,2807471.8
1756792800000,2025-09-02 08:00:00,0.08858,0.08895,0.08783,0.08803,2335660.3
1756800000000,2025-09-02 10:00:00,0.08803,0.08875,0.08792,0.08857,2818629.6
1756807200000,2025-09-02 12:00:00,0.08857,0.08868,0.08772,0.0878,4240471.8
1756814400000,2025-09-02 14:00:00,0.0878,0.08883,0.08614,0.08858,10455473.6
1756821600000,2025-09-02 16:00:00,0.08858,0.08912,0.08638,0.08664,7243631.4
1756828800000,2025-09-02 18:00:00,0.08664,0.08833,0.08664,0.0879,2918877.9
1756836000000,2025-09-02 20:00:00,0.0879,0.08822,0.08685,0.08726,3901193.6
1756843200000,2025-09-02 22:00:00,0.08726,0.08911,0.08715,0.08895,4458242.4
1756850400000,2025-09-03 00:00:00,0.08895,0.08918,0.08852,0.08908,2472388.0
1756857600000,2025-09-03 02:00:00,0.08908,0.08954,0.08858,0.08954,2189967.3
1756864800000,2025-09-03 04:00:00,0.08954,0.09006,0.08902,0.08947,1896480.8
1756872000000,2025-09-03 06:00:00,0.08947,0.08961,0.08891,0.089,912955.5
1756879200000,2025-09-03 08:00:00,0.089,0.0894,0.08856,0.08927,1440199.0
1756886400000,2025-09-03 10:00:00,0.08927,0.08999,0.0889,0.08977,2949034.5
1756893600000,2025-09-03 12:00:00,0.08977,0.09024,0.08958,0.08981,2095398.9
1756900800000,2025-09-03 14:00:00,0.08981,0.09035,0.08922,0.08984,3868515.6
1756908000000,2025-09-03 16:00:00,0.08984,0.09098,0.08963,0.09063,3574654.8
1756915200000,2025-09-03 18:00:00,0.09063,0.09091,0.08987,0.09009,1957642.8
1756922400000,2025-09-03 20:00:00,0.09009,0.09019,0.08947,0.09016,1814117.4
1756929600000,2025-09-03 22:00:00,0.09016,0.09027,0.08955,0.08991,1334235.8
1756936800000,2025-09-04 00:00:00,0.08991,0.09017,0.08921,0.0894,1675300.6
1756944000000,2025-09-04 02:00:00,0.0894,0.08993,0.08915,0.08964,1214673.0
1756951200000,2025-09-04 04:00:00,0.08964,0.08966,0.08798,0.08802,3234929.0
1756958400000,2025-09-04 06:00:00,0.08802,0.08823,0.08674,0.08699,4533786.1
1756965600000,2025-09-04 08:00:00,0.08699,0.08717,0.0865,0.08699,3270427.4
1756972800000,2025-09-04 10:00:00,0.08699,0.08756,0.08693,0.08722,2683983.7
1756980000000,2025-09-04 12:00:00,0.08722,0.08786,0.08716,0.08734,1313166.3
1756987200000,2025-09-04 14:00:00,0.08734,0.08783,0.08692,0.08719,3083561.9
1756994400000,2025-09-04 16:00:00,0.08719,0.08727,0.08612,0.08672,5133739.5
1757001600000,2025-09-04 18:00:00,0.08672,0.08707,0.08623,0.08648,1680017.2
1757008800000,2025-09-04 20:00:00,0.08648,0.08676,0.08587,0.08609,1644488.5
1757016000000,2025-09-04 22:00:00,0.08609,0.08697,0.086,0.08691,1550282.7
1757023200000,2025-09-05 00:00:00,0.08691,0.08761,0.08658,0.08661,1537034.0
1757030400000,2025-09-05 02:00:00,0.08661,0.08743,0.08653,0.08735,1025628.0
1757037600000,2025-09-05 04:00:00,0.08735,0.08783,0.08716,0.08782,2432805.0
1757044800000,2025-09-05 06:00:00,0.08782,0.08807,0.08758,0.08801,872547.7
1757052000000,2025-09-05 08:00:00,0.08801,0.08997,0.08779,0.08997,3369556.4
1757059200000,2025-09-05 10:00:00,0.08997,0.09026,0.08874,0.08929,4053005.7
1757066400000,2025-09-05 12:00:00,0.08929,0.08962,0.08896,0.08923,6943066.8
1757073600000,2025-09-05 14:00:00,0.08923,0.09082,0.0891,0.09012,17923602.7
1757080800000,2025-09-05 16:00:00,0.09012,0.09018,0.08718,0.08805,13260310.7
1757088000000,2025-09-05 18:00:00,0.08805,0.08838,0.08768,0.08774,3200702.9
1757095200000,2025-09-05 20:00:00,0.08774,0.08852,0.08752,0.08846,4958028.2
1757102400000,2025-09-05 22:00:00,0.08846,0.08916,0.08819,0.08846,3282508.9
1757109600000,2025-09-06 00:00:00,0.08846,0.08889,0.08821,0.08861,874823.1
1757116800000,2025-09-06 02:00:00,0.08861,0.08904,0.08854,0.08874,385103.9
1757124000000,2025-09-06 04:00:00,0.08874,0.0889,0.08847,0.08859,729623.4
1757131200000,2025-09-06 06:00:00,0.08859,0.08861,0.08768,0.08773,1721104.9
1757138400000,2025-09-06 08:00:00,0.08773,0.08807,0.08762,0.08779,1231113.0
1757145600000,2025-09-06 10:00:00,0.08779,0.08789,0.08726,0.08739,1412021.6
1757152800000,2025-09-06 12:00:00,0.08739,0.08785,0.08726,0.08771,895701.6
1757160000000,2025-09-06 14:00:00,0.08771,0.08792,0.08724,0.08756,933466.9
1757167200000,2025-09-06 16:00:00,0.08756,0.08817,0.08725,0.08733,1892415.7
1757174400000,2025-09-06 18:00:00,0.08733,0.08804,0.08703,0.08736,2126438.5
1757181600000,2025-09-06 20:00:00,0.08736,0.08761,0.08686,0.08699,1206144.4
1757188800000,2025-09-06 22:00:00,0.08699,0.08748,0.08686,0.08723,1006242.1
1757196000000,2025-09-07 00:00:00,0.08723,0.08787,0.08721,0.08758,1157928.3
1757203200000,2025-09-07 02:00:00,0.08758,0.08846,0.08754,0.08838,1553446.5
1757210400000,2025-09-07 04:00:00,0.08838,0.08903,0.08833,0.0889,1215193.5
1757217600000,2025-09-07 06:00:00,0.0889,0.08958,0.08879,0.08954,1927549.5
1757224800000,2025-09-07 08:00:00,0.08954,0.08961,0.08861,0.0889,1523912.8
1757232000000,2025-09-07 10:00:00,0.0889,0.08943,0.08859,0.08894,1318045.3
1757239200000,2025-09-07 12:00:00,0.08894,0.08907,0.08874,0.08901,880284.0
1757246400000,2025-09-07 14:00:00,0.08901,0.08906,0.08869,0.08893,1188426.5
1757253600000,2025-09-07 16:00:00,0.08893,0.08921,0.08865,0.08898,2209972.7
1757260800000,2025-09-07 18:00:00,0.08898,0.08916,0.08795,0.08798,1734991.0
1757268000000,2025-09-07 20:00:00,0.08798,0.08825,0.08768,0.08805,1358650.4
1757275200000,2025-09-07 22:00:00,0.08805,0.08837,0.08777,0.08834,764506.8
1757282400000,2025-09-08 00:00:00,0.08834,0.0891,0.08822,0.08886,2585637.8
1757289600000,2025-09-08 02:00:00,0.08886,0.08888,0.08826,0.08839,983970.6
1757296800000,2025-09-08 04:00:00,0.08839,0.09013,0.08825,0.0896,2376462.0
1757304000000,2025-09-08 06:00:00,0.0896,0.09011,0.08911,0.08985,2106152.0
1757311200000,2025-09-08 08:00:00,0.08985,0.0901,0.08921,0.08941,2417933.8
1757318400000,2025-09-08 10:00:00,0.08941,0.0909,0.08941,0.09069,4316650.4
1757325600000,2025-09-08 12:00:00,0.09069,0.09124,0.08985,0.09022,4382822.2
1757332800000,2025-09-08 14:00:00,0.09022,0.09098,0.08993,0.09005,3656712.8
1757340000000,2025-09-08 16:00:00,0.09005,0.09213,0.09003,0.09178,10073915.1
1757347200000,2025-09-08 18:00:00,0.09178,0.0925,0.09134,0.09142,5275580.9
1757354400000,2025-09-08 20:00:00,0.09142,0.09194,0.0908,0.09114,3341908.0
1757361600000,2025-09-08 22:00:00,0.09114,0.09142,0.09038,0.09141,3809095.2
1757368800000,2025-09-09 00:00:00,0.09141,0.09205,0.09127,0.09176,3720234.6
1757376000000,2025-09-09 02:00:00,0.09176,0.09347,0.09167,0.09295,10276520.9
1757383200000,2025-09-09 04:00:00,0.09295,0.09478,0.09185,0.0947,9916712.8
1757390400000,2025-09-09 06:00:00,0.0947,0.09495,0.0938,0.09456,9941898.6
1757397600000,2025-09-09 08:00:00,0.09456,0.09695,0.09456,0.09585,10396411.9
1757404800000,2025-09-09 10:00:00,0.09585,0.09673,0.0957,0.09658,6613222.4
1757412000000,2025-09-09 12:00:00,0.09658,0.09822,0.09617,0.09688,17618301.4
1757419200000,2025-09-09 14:00:00,0.09688,0.0978,0.09574,0.09665,12405472.9
1757426400000,2025-09-09 16:00:00,0.09665,0.09693,0.09373,0.09464,29044807.8
1757433600000,2025-09-09 18:00:00,0.09464,0.09486,0.09377,0.09411,5277879.0
1757440800000,2025-09-09 20:00:00,0.09411,0.10012,0.09388,0.09948,31569131.4
1757448000000,2025-09-09 22:00:00,0.09948,0.102,0.09631,0.09732,39584265.2
1757455200000,2025-09-10 00:00:00,0.09732,0.09934,0.09676,0.09915,11550283.0
1757462400000,2025-09-10 02:00:00,0.09915,0.10009,0.09764,0.0983,20854930.6
1757469600000,2025-09-10 04:00:00,0.0983,0.10033,0.09819,0.09962,15444602.4
1757476800000,2025-09-10 06:00:00,0.09962,0.0998,0.09748,0.09821,11187149.0
1757484000000,2025-09-10 08:00:00,0.09821,0.09871,0.09734,0.0976,8409929.4
1757491200000,2025-09-10 10:00:00,0.0976,0.09856,0.0973,0.09781,8406287.5
1757498400000,2025-09-10 12:00:00,0.09781,0.09798,0.09671,0.0977,6980601.3
1757505600000,2025-09-10 14:00:00,0.0977,0.10014,0.09759,0.09926,18329919.8
1757512800000,2025-09-10 16:00:00,0.09926,0.09958,0.0982,0.09823,6244055.6
1757520000000,2025-09-10 18:00:00,0.09823,0.09885,0.09738,0.09827,5639147.4
1757527200000,2025-09-10 20:00:00,0.09827,0.09828,0.09612,0.09664,7193343.6
1757534400000,2025-09-10 22:00:00,0.09664,0.09793,0.09655,0.09753,3894455.7
1757541600000,2025-09-11 00:00:00,0.09753,0.09798,0.09722,0.09772,2243959.2
1757548800000,2025-09-11 02:00:00,0.09772,0.09877,0.09754,0.09874,2580455.2
1757556000000,2025-09-11 04:00:00,0.09874,0.09874,0.09778,0.09852,2541192.3
1757563200000,2025-09-11 06:00:00,0.09852,0.09852,0.09703,0.09748,3303375.6
1757570400000,2025-09-11 08:00:00,0.09748,0.09838,0.09709,0.09826,5428135.9
1757577600000,2025-09-11 10:00:00,0.09826,0.09871,0.09755,0.09775,4659076.2
1757584800000,2025-09-11 12:00:00,0.09775,0.09794,0.09677,0.09687,6337133.6
1757592000000,2025-09-11 14:00:00,0.09687,0.09834,0.09525,0.09765,17800748.3
1757599200000,2025-09-11 16:00:00,0.09765,0.09775,0.09629,0.09671,4393878.5
1757606400000,2025-09-11 18:00:00,0.09671,0.09768,0.09671,0.09767,2175202.2
1757613600000,2025-09-11 20:00:00,0.09767,0.0989,0.09736,0.09869,5506638.7
1757620800000,2025-09-11 22:00:00,0.09869,0.09956,0.09843,0.09935,11840824.7
1757628000000,2025-09-12 00:00:00,0.09935,0.10072,0.09922,0.09991,11466342.9
1757635200000,2025-09-12 02:00:00,0.09991,0.10106,0.09933,0.09939,7680265.8
1757642400000,2025-09-12 04:00:00,0.09939,0.09997,0.09883,0.09925,6082683.0
1757649600000,2025-09-12 06:00:00,0.09925,0.10014,0.09893,0.10009,4164519.7
1757656800000,2025-09-12 08:00:00,0.10009,0.10073,0.09932,0.09961,9799652.1
1757664000000,2025-09-12 10:00:00,0.09961,0.09969,0.09806,0.0983,9910752.2
1757671200000,2025-09-12 12:00:00,0.0983,0.09882,0.09779,0.09788,7689012.3
1757678400000,2025-09-12 14:00:00,0.09788,0.09967,0.09764,0.0991,18793896.4
1757685600000,2025-09-12 16:00:00,0.0991,0.09987,0.09781,0.09831,6998551.5
1757692800000,2025-09-12 18:00:00,0.09831,0.10014,0.09823,0.09999,4509614.1
1757700000000,2025-09-12 20:00:00,0.09999,0.10124,0.09983,0.10117,7655572.9
1757707200000,2025-09-12 22:00:00,0.10117,0.10135,0.10007,0.10037,9184075.0
1757714400000,2025-09-13 00:00:00,0.10037,0.10137,0.10035,0.10075,4880748.3
1757721600000,2025-09-13 02:00:00,0.10075,0.10164,0.1003,0.10056,4585312.9
1757728800000,2025-09-13 04:00:00,0.10056,0.1014,0.10031,0.1012,2377139.5
1757736000000,2025-09-13 06:00:00,0.1012,0.10151,0.10056,0.10092,7249692.7
1757743200000,2025-09-13 08:00:00,0.10092,0.10145,0.10061,0.10064,5358374.3
1757750400000,2025-09-13 10:00:00,0.10064,0.10262,0.10062,0.10238,11023793.3
1757757600000,2025-09-13 12:00:00,0.10238,0.10284,0.10188,0.10273,3923239.0
1757764800000,2025-09-13 14:00:00,0.10273,0.10328,0.1004,0.10172,9290566.7
1757772000000,2025-09-13 16:00:00,0.10172,0.10226,0.10066,0.10111,9851815.3
1757779200000,2025-09-13 18:00:00,0.10111,0.10162,0.09936,0.10064,8862949.8
1757786400000,2025-09-13 20:00:00,0.10064,0.10076,0.10004,0.10046,3281928.5
1757793600000,2025-09-13 22:00:00,0.10046,0.10135,0.10042,0.10089,1514549.1
1757800800000,2025-09-14 00:00:00,0.10089,0.10119,0.10066,0.10085,1459473.0
1757808000000,2025-09-14 02:00:00,0.10085,0.10089,0.099,0.10005,4740607.2
1757815200000,2025-09-14 04:00:00,0.10005,0.10054,0.0988,0.09891,2406202.0
1757822400000,2025-09-14 06:00:00,0.09891,0.09989,0.09811,0.09985,2981265.5
1757829600000,2025-09-14 08:00:00,0.09985,0.10011,0.09884,0.09908,2651723.4
1757836800000,2025-09-14 10:00:00,0.09908,0.0997,0.09875,0.0996,4598158.9
1757844000000,2025-09-14 12:00:00,0.0996,0.0998,0.0973,0.0974,7351391.9
1757851200000,2025-09-14 14:00:00,0.0974,0.09784,0.09631,0.09685,11935159.7
1757858400000,2025-09-14 16:00:00,0.09685,0.09758,0.09587,0.09637,6707033.6
1757865600000,2025-09-14 18:00:00,0.09637,0.09722,0.09612,0.09698,12094003.1
1757872800000,2025-09-14 20:00:00,0.09698,0.09698,0.09603,0.0964,2419065.1
1757880000000,2025-09-14 22:00:00,0.0964,0.09728,0.09609,0.09709,2117999.3
1757887200000,2025-09-15 00:00:00,0.09709,0.0975,0.09591,0.09631,4136744.9
1757894400000,2025-09-15 02:00:00,0.09631,0.09696,0.09503,0.09645,7791185.8
1757901600000,2025-09-15 04:00:00,0.09645,0.09717,0.0963,0.09705,2519026.2
1757908800000,2025-09-15 06:00:00,0.09705,0.09769,0.09677,0.09763,3732229.0
1757916000000,2025-09-15 08:00:00,0.09763,0.09765,0.09471,0.09497,10802192.2
1757923200000,2025-09-15 10:00:00,0.09497,0.09497,0.09237,0.09318,22083110.9
1757930400000,2025-09-15 12:00:00,0.09318,0.09329,0.09237,0.09304,2688160.2
1757937600000,2025-09-15 14:00:00,0.09304,0.09342,0.09236,0.093,4797656.9
1757944800000,2025-09-15 16:00:00,0.093,0.09337,0.0916,0.0924,7108633.3
1757952000000,2025-09-15 18:00:00,0.0924,0.0924,0.09131,0.0923,4225501.6
1757959200000,2025-09-15 20:00:00,0.0923,0.0929,0.09192,0.09254,3022137.1
1757966400000,2025-09-15 22:00:00,0.09254,0.09321,0.0924,0.09319,1886398.9
1757973600000,2025-09-16 00:00:00,0.09319,0.09331,0.09282,0.09312,1093934.3
1757980800000,2025-09-16 02:00:00,0.09312,0.09322,0.09212,0.09215,2439178.7
1757988000000,2025-09-16 04:00:00,0.09215,0.09265,0.09209,0.09209,1918957.3
1757995200000,2025-09-16 06:00:00,0.09209,0.0931,0.0915,0.09307,4025417.9
1758002400000,2025-09-16 08:00:00,0.09307,0.09345,0.09246,0.09325,3808666.3
1758009600000,2025-09-16 10:00:00,0.09325,0.09433,0.09325,0.09412,5906742.8
1758016800000,2025-09-16 12:00:00,0.09412,0.09416,0.09336,0.09377,2215921.8
1758024000000,2025-09-16 14:00:00,0.09377,0.09493,0.09322,0.09398,6205945.8
1758031200000,2025-09-16 16:00:00,0.09398,0.09454,0.09272,0.09454,4997054.1
1758038400000,2025-09-16 18:00:00,0.09454,0.09523,0.09387,0.09484,4267123.8
1758045600000,2025-09-16 20:00:00,0.09484,0.0953,0.09447,0.09491,3307166.3
1758052800000,2025-09-16 22:00:00,0.09491,0.09516,0.09458,0.09487,1445292.7
1758060000000,2025-09-17 00:00:00,0.09487,0.09519,0.09452,0.09459,1068195.2
1758067200000,2025-09-17 02:00:00,0.09459,0.09485,0.09413,0.09437,1234433.0
1758074400000,2025-09-17 04:00:00,0.09437,0.09517,0.09362,0.09378,2631855.3
1758081600000,2025-09-17 06:00:00,0.09378,0.09409,0.09297,0.09401,3222389.9
1758088800000,2025-09-17 08:00:00,0.09401,0.0945,0.09372,0.09441,2132517.8
1758096000000,2025-09-17 10:00:00,0.09441,0.09447,0.09302,0.09302,4249101.9
1758103200000,2025-09-17 12:00:00,0.09302,0.09315,0.09238,0.09291,2916146.3
1758110400000,2025-09-17 14:00:00,0.09291,0.09346,0.09269,0.09294,2305093.2
1758117600000,2025-09-17 16:00:00,0.09294,0.09328,0.09257,0.09276,2078250.4
1758124800000,2025-09-17 18:00:00,0.09276,0.09458,0.09203,0.09309,6052875.1
1758132000000,2025-09-17 20:00:00,0.09309,0.09584,0.09265,0.09564,19871487.1
1758139200000,2025-09-17 22:00:00,0.09564,0.09689,0.09429,0.0962,6499385.0
1758146400000,2025-09-18 00:00:00,0.0962,0.09792,0.0962,0.09722,4222570.5
1758153600000,2025-09-18 02:00:00,0.09722,0.09773,0.09668,0.09729,3085444.5
1758160800000,2025-09-18 04:00:00,0.09729,0.09813,0.09683,0.09759,4810973.0
1758168000000,2025-09-18 06:00:00,0.09759,0.09794,0.09692,0.09717,4422833.1
1758175200000,2025-09-18 08:00:00,0.09717,0.09725,0.09608,0.09662,2832605.9
1758182400000,2025-09-18 10:00:00,0.09662,0.09784,0.09651,0.09746,3325454.4
1758189600000,2025-09-18 12:00:00,0.09746,0.09758,0.09662,0.0971,4328394.3
1758196800000,2025-09-18 14:00:00,0.0971,0.09789,0.09673,0.09781,4448496.6
1758204000000,2025-09-18 16:00:00,0.09781,0.09864,0.09779,0.09811,5544249.5
1758211200000,2025-09-18 18:00:00,0.09811,0.09906,0.09808,0.09895,3406385.3
1758218400000,2025-09-18 20:00:00,0.09895,0.09952,0.09816,0.09875,3508453.5
1758225600000,2025-09-18 22:00:00,0.09875,0.0994,0.09862,0.09913,1892826.2
1758232800000,2025-09-19 00:00:00,0.09913,0.09924,0.09793,0.09851,3700627.5
1758240000000,2025-09-19 02:00:00,0.09851,0.09989,0.09851,0.09904,3529739.4
1758247200000,2025-09-19 04:00:00,0.09904,0.09933,0.09683,0.09692,6894921.4
1758254400000,2025-09-19 06:00:00,0.09692,0.09759,0.09588,0.0972,5677116.7
1758261600000,2025-09-19 08:00:00,0.0972,0.0972,0.09605,0.09681,4013793.7
1758268800000,2025-09-19 10:00:00,0.09681,0.09729,0.09558,0.09596,3506583.3
1758276000000,2025-09-19 12:00:00,0.09596,0.09619,0.09459,0.09482,5464027.8
1758283200000,2025-09-19 14:00:00,0.09482,0.09581,0.09451,0.09547,5445539.2
1758290400000,2025-09-19 16:00:00,0.09547,0.09558,0.09338,0.09403,9646803.9
1758297600000,2025-09-19 18:00:00,0.09403,0.09445,0.0932,0.09321,4454992.5
1758304800000,2025-09-19 20:00:00,0.09321,0.09361,0.09267,0.09291,3252563.7
1758312000000,2025-09-19 22:00:00,0.09291,0.09355,0.0927,0.09352,1938777.0
1758319200000,2025-09-20 00:00:00,0.09352,0.09358,0.09214,0.09282,2228254.1
1758326400000,2025-09-20 02:00:00,0.09282,0.09304,0.09238,0.09259,1546007.9
1758333600000,2025-09-20 04:00:00,0.09259,0.09284,0.09189,0.09268,1992117.1
1758340800000,2025-09-20 06:00:00,0.09268,0.09355,0.09243,0.09348,1246464.0
1758348000000,2025-09-20 08:00:00,0.09348,0.0941,0.09321,0.09409,1833578.0
1758355200000,2025-09-20 10:00:00,0.09409,0.09411,0.09241,0.09266,2189594.5
1758362400000,2025-09-20 12:00:00,0.09266,0.09315,0.09253,0.09306,1812651.6
1758369600000,2025-09-20 14:00:00,0.09306,0.09341,0.09292,0.09312,1061761.9
1758376800000,2025-09-20 16:00:00,0.09312,0.09498,0.09279,0.09433,3555089.6
1758384000000,2025-09-20 18:00:00,0.09433,0.09477,0.09397,0.09409,2285018.6
1758391200000,2025-09-20 20:00:00,0.09409,0.09409,0.09342,0.09368,1607888.4
1758398400000,2025-09-20 22:00:00,0.09368,0.09455,0.0936,0.0943,1012123.5
1758405600000,2025-09-21 00:00:00,0.0943,0.09445,0.09387,0.09408,991317.6
1758412800000,2025-09-21 02:00:00,0.09408,0.09433,0.09357,0.09362,849831.0
1758420000000,2025-09-21 04:00:00,0.09362,0.09418,0.09326,0.09401,1679934.1
1758427200000,2025-09-21 06:00:00,0.09401,0.09445,0.09356,0.09444,1143847.2
1758434400000,2025-09-21 08:00:00,0.09444,0.09472,0.09391,0.094,1798114.6
1758441600000,2025-09-21 10:00:00,0.094,0.09421,0.09213,0.09308,3529138.6
1758448800000,2025-09-21 12:00:00,0.09308,0.09316,0.0924,0.09278,1843144.1
1758456000000,2025-09-21 14:00:00,0.09278,0.09373,0.09275,0.09346,2260226.0
1758463200000,2025-09-21 16:00:00,0.09346,0.09375,0.09292,0.09301,1867497.7
1758470400000,2025-09-21 18:00:00,0.09301,0.09336,0.09215,0.09326,3630903.6
1758477600000,2025-09-21 20:00:00,0.09326,0.0934,0.09257,0.09312,1127425.0
1758484800000,2025-09-21 22:00:00,0.09312,0.09318,0.0925,0.09271,1265357.9
1758492000000,2025-09-22 00:00:00,0.09271,0.09321,0.09212,0.09213,2543147.8
1758499200000,2025-09-22 02:00:00,0.09213,0.09259,0.08938,0.08999,21633150.7
1758506400000,2025-09-22 04:00:00,0.08999,0.09013,0.08817,0.08903,9615074.7
1758513600000,2025-09-22 06:00:00,0.08903,0.08936,0.08737,0.08741,4729150.2
1758520800000,2025-09-22 08:00:00,0.08741,0.08753,0.07926,0.08457,72115556.1
1758528000000,2025-09-22 10:00:00,0.08457,0.08496,0.08357,0.08371,8701188.0
1758535200000,2025-09-22 12:00:00,0.08371,0.0848,0.08368,0.08425,3813521.4
1758542400000,2025-09-22 14:00:00,0.08425,0.08507,0.08399,0.08506,5281193.2
1758549600000,2025-09-22 16:00:00,0.08506,0.0851,0.08368,0.08394,5665726.1
1758556800000,2025-09-22 18:00:00,0.08394,0.08453,0.08336,0.08383,6477638.2
1758564000000,2025-09-22 20:00:00,0.08383,0.08399,0.08291,0.08307,4410538.9
1758571200000,2025-09-22 22:00:00,0.08307,0.08483,0.08291,0.08483,2086769.0
1758578400000,2025-09-23 00:00:00,0.08483,0.08524,0.08463,0.08513,1757983.0
1758585600000,2025-09-23 02:00:00,0.08513,0.08551,0.0839,0.08391,2419601.3
1758592800000,2025-09-23 04:00:00,0.08391,0.08465,0.08288,0.08438,4348430.2
1758600000000,2025-09-23 06:00:00,0.08438,0.08462,0.08341,0.0841,3439922.9
1758607200000,2025-09-23 08:00:00,0.0841,0.08493,0.08405,0.08428,4623616.1
1758614400000,2025-09-23 10:00:00,0.08428,0.08487,0.08403,0.08438,5900717.8
1758621600000,2025-09-23 12:00:00,0.08438,0.08483,0.08407,0.08455,2019022.4
1758628800000,2025-09-23 14:00:00,0.08455,0.08503,0.08413,0.08433,2294635.1
1758636000000,2025-09-23 16:00:00,0.08433,0.0851,0.08369,0.08458,3686527.3
1758643200000,2025-09-23 18:00:00,0.08458,0.08533,0.08357,0.08365,4142095.7
1758650400000,2025-09-23 20:00:00,0.08365,0.08427,0.08322,0.08345,2456347.4
1758657600000,2025-09-23 22:00:00,0.08345,0.08431,0.08319,0.08422,1546893.6
1758664800000,2025-09-24 00:00:00,0.08422,0.08434,0.08336,0.08345,1589812.8
1758672000000,2025-09-24 02:00:00,0.08345,0.08489,0.08345,0.08486,1769107.8
1758679200000,2025-09-24 04:00:00,0.08486,0.08496,0.08289,0.08324,4066490.5
1758686400000,2025-09-24 06:00:00,0.08324,0.08487,0.08213,0.08484,5172489.6
1758693600000,2025-09-24 08:00:00,0.08484,0.08502,0.08427,0.08438,5241740.7
1758700800000,2025-09-24 10:00:00,0.08438,0.08475,0.08409,0.08448,2563004.1
1758708000000,2025-09-24 12:00:00,0.08448,0.0851,0.08416,0.085,1527757.0
1758715200000,2025-09-24 14:00:00,0.085,0.08518,0.08423,0.08424,2570120.1
1758722400000,2025-09-24 16:00:00,0.08424,0.08566,0.08423,0.08453,1977037.0
1758729600000,2025-09-24 18:00:00,0.08453,0.08521,0.08434,0.0848,1999150.6
1758736800000,2025-09-24 20:00:00,0.0848,0.08483,0.08424,0.0845,657140.0
1758744000000,2025-09-24 22:00:00,0.0845,0.08459,0.08336,0.08352,5861262.1
1758751200000,2025-09-25 00:00:00,0.08352,0.08401,0.08341,0.08367,2264808.9
1758758400000,2025-09-25 02:00:00,0.08367,0.08384,0.08251,0.08268,4435404.8
1758765600000,2025-09-25 04:00:00,0.08268,0.08354,0.08202,0.08265,6258953.3
1758772800000,2025-09-25 06:00:00,0.08265,0.08294,0.0812,0.08225,7459774.3
1758780000000,2025-09-25 08:00:00,0.08225,0.08232,0.08117,0.08144,4189857.4
1758787200000,2025-09-25 10:00:00,0.08144,0.08241,0.08124,0.08141,4729524.9
1758794400000,2025-09-25 12:00:00,0.08141,0.08216,0.08102,0.08125,4332832.0
1758801600000,2025-09-25 14:00:00,0.08125,0.08227,0.0799,0.08159,13073088.1
1758808800000,2025-09-25 16:00:00,0.08159,0.08306,0.0815,0.08194,6844411.2
1758816000000,2025-09-25 18:00:00,0.08194,0.08206,0.07824,0.07877,13152823.6
1758823200000,2025-09-25 20:00:00,0.07877,0.08165,0.07843,0.08071,13527264.7
1758830400000,2025-09-25 22:00:00,0.08071,0.08083,0.07965,0.08051,5008965.2
1758837600000,2025-09-26 00:00:00,0.08051,0.08089,0.07913,0.07977,5047451.9
1758844800000,2025-09-26 02:00:00,0.07977,0.08097,0.07931,0.08051,7025737.2
1758852000000,2025-09-26 04:00:00,0.08051,0.08088,0.08011,0.08072,3116399.4
1758859200000,2025-09-26 06:00:00,0.08072,0.08077,0.07982,0.07993,3947145.0
1758866400000,2025-09-26 08:00:00,0.07993,0.08054,0.07953,0.08026,5750226.1
1758873600000,2025-09-26 10:00:00,0.08026,0.08083,0.0797,0.08002,4654347.4
1758880800000,2025-09-26 12:00:00,0.08002,0.08009,0.07895,0.07982,5574098.3
1758888000000,2025-09-26 14:00:00,0.07982,0.08107,0.07898,0.08081,12315556.3
1758895200000,2025-09-26 16:00:00,0.08081,0.08107,0.07983,0.08063,6069755.6
1758902400000,2025-09-26 18:00:00,0.08063,0.08229,0.08056,0.08221,4706467.0
1758909600000,2025-09-26 20:00:00,0.08221,0.08277,0.08158,0.08201,5285327.6
1758916800000,2025-09-26 22:00:00,0.08201,0.08232,0.08174,0.08221,2094479.4
1758924000000,2025-09-27 00:00:00,0.08221,0.08257,0.08192,0.08236,1208637.1
1758931200000,2025-09-27 02:00:00,0.08236,0.08241,0.08161,0.08184,1751531.8
1758938400000,2025-09-27 04:00:00,0.08184,0.08222,0.0816,0.08191,1057697.7
1758945600000,2025-09-27 06:00:00,0.08191,0.08258,0.08175,0.08232,1220590.2
1758952800000,2025-09-27 08:00:00,0.08232,0.08246,0.08158,0.08165,1572918.6
1758960000000,2025-09-27 10:00:00,0.08165,0.08166,0.08076,0.08144,2404512.4
1758967200000,2025-09-27 12:00:00,0.08144,0.08192,0.08127,0.08172,2591686.9
1758974400000,2025-09-27 14:00:00,0.08172,0.08207,0.08127,0.08186,3322619.1
1758981600000,2025-09-27 16:00:00,0.08186,0.0821,0.08126,0.08198,2750984.9
1758988800000,2025-09-27 18:00:00,0.08198,0.08208,0.08058,0.08096,3759637.4
1758996000000,2025-09-27 20:00:00,0.08096,0.08098,0.0804,0.08083,2142310.1
1759003200000,2025-09-27 22:00:00,0.08083,0.08103,0.08061,0.08095,1025514.4
1759010400000,2025-09-28 00:00:00,0.08095,0.08153,0.08078,0.08088,1544334.5
1759017600000,2025-09-28 02:00:00,0.08088,0.08114,0.0798,0.07998,2674320.4
1759024800000,2025-09-28 04:00:00,0.07998,0.0802,0.07971,0.08011,1553029.5
1759032000000,2025-09-28 06:00:00,0.08011,0.08022,0.07979,0.0799,1339163.9
1759039200000,2025-09-28 08:00:00,0.0799,0.08001,0.07945,0.07975,1907408.1
1759046400000,2025-09-28 10:00:00,0.07975,0.07994,0.07931,0.07948,1851758.5
1759053600000,2025-09-28 12:00:00,0.07948,0.07969,0.07912,0.07945,2033421.8
1759060800000,2025-09-28 14:00:00,0.07945,0.08034,0.0788,0.08019,2899621.1
1759068000000,2025-09-28 16:00:00,0.08019,0.08028,0.07987,0.08022,1438335.3
1759075200000,2025-09-28 18:00:00,0.08022,0.08089,0.08022,0.08065,2301215.3
1759082400000,2025-09-28 20:00:00,0.08065,0.08095,0.08054,0.08081,838291.7
1759089600000,2025-09-28 22:00:00,0.08081,0.08179,0.08081,0.08129,1700819.0
1759096800000,2025-09-29 00:00:00,0.08129,0.08293,0.08129,0.08265,3316181.9
1759104000000,2025-09-29 02:00:00,0.08265,0.08277,0.08176,0.08178,2590257.2
1759111200000,2025-09-29 04:00:00,0.08178,0.08214,0.08156,0.0819,1211071.7
1759118400000,2025-09-29 06:00:00,0.0819,0.08192,0.08116,0.08169,1437337.6
1759125600000,2025-09-29 08:00:00,0.08169,0.08169,0.08094,0.0815,1035472.6
1759132800000,2025-09-29 10:00:00,0.0815,0.08199,0.08131,0.08148,906259.9
1759140000000,2025-09-29 12:00:00,0.08148,0.08167,0.08042,0.08078,1787173.0
1759147200000,2025-09-29 14:00:00,0.08078,0.08195,0.07973,0.0817,5751402.0
1759154400000,2025-09-29 16:00:00,0.0817,0.08333,0.08162,0.08184,5071147.9
1759161600000,2025-09-29 18:00:00,0.08184,0.08245,0.08082,0.08158,3115412.7
1759168800000,2025-09-29 20:00:00,0.08158,0.08253,0.08122,0.08247,1745394.4
1759176000000,2025-09-29 22:00:00,0.08247,0.08319,0.08238,0.0826,2556076.7
1759183200000,2025-09-30 00:00:00,0.0826,0.08269,0.08155,0.08156,1504533.9
1759190400000,2025-09-30 02:00:00,0.08156,0.08188,0.08037,0.08086,5811564.8
1759197600000,2025-09-30 04:00:00,0.08086,0.08096,0.08028,0.08035,1956816.7
1759204800000,2025-09-30 06:00:00,0.08035,0.08083,0.08031,0.08073,3369119.0
1759212000000,2025-09-30 08:00:00,0.08073,0.08097,0.07992,0.0802,2478428.5
1759219200000,2025-09-30 10:00:00,0.0802,0.0803,0.07934,0.0794,3740515.2
1759226400000,2025-09-30 12:00:00,0.0794,0.08016,0.07933,0.08009,1916532.1
1759233600000,2025-09-30 14:00:00,0.08009,0.08016,0.07936,0.07967,2555411.8
1759240800000,2025-09-30 16:00:00,0.07967,0.07979,0.07833,0.07907,5982507.2
1759248000000,2025-09-30 18:00:00,0.07907,0.07922,0.07825,0.07891,5206674.1
1759255200000,2025-09-30 20:00:00,0.07891,0.08072,0.07871,0.08061,3924103.4
1759262400000,2025-09-30 22:00:00,0.08061,0.08118,0.08033,0.08033,2930172.5
1759269600000,2025-10-01 00:00:00,0.08033,0.0808,0.07981,0.08042,1606365.1
1759276800000,2025-10-01 02:00:00,0.08042,0.081,0.07986,0.08099,1539434.4
1759284000000,2025-10-01 04:00:00,0.08099,0.08114,0.07991,0.07992,1229380.5
1759291200000,2025-10-01 06:00:00,0.07992,0.0812,0.07986,0.08089,3657139.4
1759298400000,2025-10-01 08:00:00,0.08089,0.08104,0.08028,0.08079,1357630.1
1759305600000,2025-10-01 10:00:00,0.08079,0.0851,0.08073,0.08468,9846578.2
1759312800000,2025-10-01 12:00:00,0.08468,0.08481,0.08355,0.08399,2867404.6
1759320000000,2025-10-01 14:00:00,0.08399,0.08437,0.08329,0.08379,4411332.8
1759327200000,2025-10-01 16:00:00,0.08379,0.0842,0.08353,0.08393,2938628.1
1759334400000,2025-10-01 18:00:00,0.08393,0.08412,0.08347,0.08375,1437592.0
1759341600000,2025-10-01 20:00:00,0.08375,0.0849,0.08375,0.08463,2827809.4
1759348800000,2025-10-01 22:00:00,0.08463,0.08479,0.08421,0.08438,1213567.0
1759356000000,2025-10-02 00:00:00,0.08438,0.08492,0.0842,0.08488,1508086.0
1759363200000,2025-10-02 02:00:00,0.08488,0.08577,0.08453,0.08572,3714082.1
1759370400000,2025-10-02 04:00:00,0.08572,0.08603,0.0853,0.08593,2577672.5
1759377600000,2025-10-02 06:00:00,0.08593,0.08662,0.08557,0.08643,3493383.5
1759384800000,2025-10-02 08:00:00,0.08643,0.08689,0.08594,0.08599,3276822.9
1759392000000,2025-10-02 10:00:00,0.08599,0.08654,0.08599,0.08639,1727524.0
1759399200000,2025-10-02 12:00:00,0.08639,0.08703,0.086,0.08667,2533345.5
1759406400000,2025-10-02 14:00:00,0.08667,0.08712,0.08578,0.08625,4364808.9
1759413600000,2025-10-02 16:00:00,0.08625,0.0866,0.08503,0.0866,10135106.2
1759420800000,2025-10-02 18:00:00,0.0866,0.08789,0.08652,0.08771,6798420.4
1759428000000,2025-10-02 20:00:00,0.08771,0.08862,0.08771,0.08833,4239314.7
1759435200000,2025-10-02 22:00:00,0.08833,0.08892,0.08787,0.08852,2485901.1
1759442400000,2025-10-03 00:00:00,0.08852,0.08869,0.08809,0.08848,1896315.7
1759449600000,2025-10-03 02:00:00,0.08848,0.0885,0.08721,0.0873,6020044.2
1759456800000,2025-10-03 04:00:00,0.0873,0.08827,0.0869,0.08735,3496949.6
1759464000000,2025-10-03 06:00:00,0.08735,0.08822,0.08728,0.08764,2311073.7
1759471200000,2025-10-03 08:00:00,0.08764,0.08804,0.08691,0.08723,2317489.0
1759478400000,2025-10-03 10:00:00,0.08723,0.08727,0.08653,0.08715,2775024.9
1759485600000,2025-10-03 12:00:00,0.08715,0.08715,0.08603,0.08617,6300960.5
1759492800000,2025-10-03 14:00:00,0.08617,0.08683,0.0856,0.08631,6900056.8
1759500000000,2025-10-03 16:00:00,0.08631,0.08821,0.08531,0.08815,5611446.7
1759507200000,2025-10-03 18:00:00,0.08815,0.08916,0.08612,0.08634,16070481.6
1759514400000,2025-10-03 20:00:00,0.08634,0.08739,0.08573,0.08672,5803881.5
1759521600000,2025-10-03 22:00:00,0.08672,0.08675,0.086,0.08625,3157569.3
1759528800000,2025-10-04 00:00:00,0.08625,0.0865,0.08552,0.08565,2559193.0
1759536000000,2025-10-04 02:00:00,0.08565,0.08587,0.08421,0.08453,6134077.6
1759543200000,2025-10-04 04:00:00,0.08453,0.08477,0.08401,0.08435,3507209.7
1759550400000,2025-10-04 06:00:00,0.08435,0.08459,0.08403,0.08425,2035184.9
1759557600000,2025-10-04 08:00:00,0.08425,0.08478,0.08385,0.08417,3743797.9
1759564800000,2025-10-04 10:00:00,0.08417,0.08429,0.08292,0.08302,6118484.7
1759572000000,2025-10-04 12:00:00,0.08302,0.08343,0.08241,0.08301,5188140.6
1759579200000,2025-10-04 14:00:00,0.08301,0.08406,0.08297,0.0836,3226928.2
1759586400000,2025-10-04 16:00:00,0.0836,0.08395,0.08209,0.08248,5155497.8
1759593600000,2025-10-04 18:00:00,0.08248,0.08299,0.08193,0.08254,3896658.1
1759600800000,2025-10-04 20:00:00,0.08254,0.08309,0.08238,0.08309,1036027.0
1759608000000,2025-10-04 22:00:00,0.08309,0.08399,0.08308,0.08372,7328324.3
1759615200000,2025-10-05 00:00:00,0.08372,0.08415,0.08362,0.08376,1604325.2
1759622400000,2025-10-05 02:00:00,0.08376,0.08411,0.08293,0.08344,2821200.6
1759629600000,2025-10-05 04:00:00,0.08344,0.08563,0.08329,0.085,5234975.3
1759636800000,2025-10-05 06:00:00,0.085,0.08643,0.08499,0.08613,6362341.0
1759644000000,2025-10-05 08:00:00,0.08613,0.08714,0.08584,0.08707,4621417.1
1759651200000,2025-10-05 10:00:00,0.08707,0.08741,0.08555,0.08564,7963875.0
1759658400000,2025-10-05 12:00:00,0.08564,0.08584,0.08459,0.0854,5917638.4
1759665600000,2025-10-05 14:00:00,0.0854,0.0854,0.08441,0.08465,4182170.7
1759672800000,2025-10-05 16:00:00,0.08465,0.08508,0.08389,0.08443,7179472.3
1759680000000,2025-10-05 18:00:00,0.08443,0.08458,0.08302,0.08314,5754787.7
1759687200000,2025-10-05 20:00:00,0.08314,0.08358,0.08221,0.08226,5693631.4
1759694400000,2025-10-05 22:00:00,0.08226,0.08289,0.08209,0.08257,2103994.4
1759701600000,2025-10-06 00:00:00,0.08257,0.08323,0.08247,0.08284,2522973.5
1759708800000,2025-10-06 02:00:00,0.08284,0.08376,0.08229,0.08329,4781318.0
1759716000000,2025-10-06 04:00:00,0.08329,0.08374,0.08265,0.08338,3779622.1
1759723200000,2025-10-06 06:00:00,0.08338,0.08338,0.08278,0.08329,2220089.2
1759730400000,2025-10-06 08:00:00,0.08329,0.0844,0.08307,0.08336,6274763.5
1759737600000,2025-10-06 10:00:00,0.08336,0.08415,0.08336,0.08381,4541694.1
1759744800000,2025-10-06 12:00:00,0.08381,0.08464,0.08358,0.0842,3907340.7
1759752000000,2025-10-06 14:00:00,0.0842,0.08629,0.0842,0.08626,6838364.7
1759759200000,2025-10-06 16:00:00,0.08626,0.08703,0.08546,0.08667,4260149.2
1759766400000,2025-10-06 18:00:00,0.08667,0.08716,0.086,0.0868,7725161.2
1759773600000,2025-10-06 20:00:00,0.0868,0.08712,0.08632,0.08652,4084060.6
1759780800000,2025-10-06 22:00:00,0.08652,0.08709,0.0859,0.08641,2671539.9
1759788000000,2025-10-07 00:00:00,0.08641,0.08666,0.08563,0.08591,2174382.6
1759795200000,2025-10-07 02:00:00,0.08591,0.08669,0.08575,0.08602,2202453.7
1759802400000,2025-10-07 04:00:00,0.08602,0.08623,0.08563,0.08582,1344706.5
1759809600000,2025-10-07 06:00:00,0.08582,0.087,0.08536,0.08622,4202451.9
1759816800000,2025-10-07 08:00:00,0.08622,0.08644,0.08425,0.08452,6443062.2
1759824000000,2025-10-07 10:00:00,0.08452,0.08462,0.08317,0.08424,7815541.6
1759831200000,2025-10-07 12:00:00,0.08424,0.08534,0.0841,0.0853,3696248.2
1759838400000,2025-10-07 14:00:00,0.0853,0.08611,0.08432,0.08502,9537627.1
1759845600000,2025-10-07 16:00:00,0.08502,0.08509,0.08172,0.08223,15914965.1
1759852800000,2025-10-07 18:00:00,0.08223,0.0835,0.08145,0.08235,7515936.6
1759860000000,2025-10-07 20:00:00,0.08235,0.08262,0.08194,0.08223,3204552.2
1759867200000,2025-10-07 22:00:00,0.08223,0.08302,0.08204,0.08223,1258364.4
1759874400000,2025-10-08 00:00:00,0.08223,0.08279,0.08168,0.08197,2923673.4
1759881600000,2025-10-08 02:00:00,0.08197,0.08264,0.08176,0.08247,1970902.1
1759888800000,2025-10-08 04:00:00,0.08247,0.08274,0.08079,0.08127,3544192.7
1759896000000,2025-10-08 06:00:00,0.08127,0.08204,0.08095,0.0815,2876961.5
1759903200000,2025-10-08 08:00:00,0.0815,0.08242,0.08128,0.0824,2568926.7
1759910400000,2025-10-08 10:00:00,0.0824,0.08293,0.08183,0.0822,3126570.1
1759917600000,2025-10-08 12:00:00,0.0822,0.08279,0.08179,0.08194,3359363.1
1759924800000,2025-10-08 14:00:00,0.08194,0.08264,0.08169,0.08253,2535197.7
1759932000000,2025-10-08 16:00:00,0.08253,0.0834,0.08187,0.08243,2964415.2
1759939200000,2025-10-08 18:00:00,0.08243,0.08456,0.08226,0.08437,4264183.7
1759946400000,2025-10-08 20:00:00,0.08437,0.0845,0.08355,0.08386,3450864.4
1759953600000,2025-10-08 22:00:00,0.08386,0.08413,0.08315,0.08331,1448148.0
1759960800000,2025-10-09 00:00:00,0.08331,0.08363,0.08281,0.08301,1363296.0
1759968000000,2025-10-09 02:00:00,0.08301,0.0832,0.08185,0.0823,2589574.6
1759975200000,2025-10-09 04:00:00,0.0823,0.0823,0.08055,0.08181,5278222.4
1759982400000,2025-10-09 06:00:00,0.08181,0.08242,0.08155,0.08183,1782402.9
1759989600000,2025-10-09 08:00:00,0.08183,0.08194,0.08097,0.08113,1888311.4
1759996800000,2025-10-09 10:00:00,0.08113,0.08119,0.07973,0.08047,6076576.9
1760004000000,2025-10-09 12:00:00,0.08047,0.08106,0.08003,0.08082,2075766.1
1760011200000,2025-10-09 14:00:00,0.08082,0.08169,0.08013,0.08016,4229796.7
1760018400000,2025-10-09 16:00:00,0.08016,0.08081,0.07943,0.07986,5424870.7
1760025600000,2025-10-09 18:00:00,0.07986,0.08111,0.07925,0.0811,3963419.2
1760032800000,2025-10-09 20:00:00,0.0811,0.08124,0.08053,0.08074,2611622.1
1760040000000,2025-10-09 22:00:00,0.08074,0.08125,0.08065,0.08105,1985466.1
1760047200000,2025-10-10 00:00:00,0.08105,0.08185,0.08097,0.08114,1740586.6
1760054400000,2025-10-10 02:00:00,0.08114,0.08155,0.08091,0.08114,1908388.5
1760061600000,2025-10-10 04:00:00,0.08114,0.0825,0.08044,0.08163,4331501.0
1760068800000,2025-10-10 06:00:00,0.08163,0.08204,0.08089,0.08194,2633884.9
1760076000000,2025-10-10 08:00:00,0.08194,0.08209,0.08045,0.08049,2720612.9
1760083200000,2025-10-10 10:00:00,0.08049,0.08154,0.08023,0.08112,3958793.4
1760090400000,2025-10-10 12:00:00,0.08112,0.08239,0.08106,0.08233,3781485.5
1760097600000,2025-10-10 14:00:00,0.08233,0.08332,0.08201,0.08255,5258006.4
1760104800000,2025-10-10 16:00:00,0.08255,0.08279,0.07757,0.07854,26776713.8
1760112000000,2025-10-10 18:00:00,0.07854,0.07942,0.07788,0.07827,7742660.0
1760119200000,2025-10-10 20:00:00,0.07827,0.07856,0.07635,0.07724,16174179.7
1760126400000,2025-10-10 22:00:00,0.07724,0.07756,0.02949,0.05476,156262607.8
1760133600000,2025-10-11 00:00:00,0.05476,0.06297,0.04814,0.06047,108386985.3
1760140800000,2025-10-11 02:00:00,0.06047,0.06203,0.05852,0.05957,37608186.0
1760148000000,2025-10-11 04:00:00,0.05957,0.06351,0.05956,0.0623,12886894.5
1760155200000,2025-10-11 06:00:00,0.0623,0.06436,0.06217,0.06325,11545912.9
1760162400000,2025-10-11 08:00:00,0.06325,0.06454,0.06302,0.06416,10577104.9
1760169600000,2025-10-11 10:00:00,0.06416,0.06715,0.06384,0.0662,15224865.0
1760176800000,2025-10-11 12:00:00,0.0662,0.06702,0.06573,0.06672,8887657.5
1760184000000,2025-10-11 14:00:00,0.06672,0.06685,0.06436,0.06537,12740663.6
1760191200000,2025-10-11 16:00:00,0.06537,0.06646,0.06488,0.06625,7475651.7
1760198400000,2025-10-11 18:00:00,0.06625,0.0666,0.06538,0.0657,7587924.5
1760205600000,2025-10-11 20:00:00,0.0657,0.06575,0.06232,0.06289,8641670.8
1760212800000,2025-10-11 22:00:00,0.06289,0.06304,0.06086,0.06252,7526006.0
1760220000000,2025-10-12 00:00:00,0.06252,0.06314,0.0623,0.06253,5515888.6
1760227200000,2025-10-12 02:00:00,0.06253,0.06279,0.06122,0.06126,5661684.7
1760234400000,2025-10-12 04:00:00,0.06126,0.06326,0.06107,0.06246,6719685.2
1760241600000,2025-10-12 06:00:00,0.06246,0.06411,0.06232,0.06375,5061810.9
1760248800000,2025-10-12 08:00:00,0.06375,0.06469,0.06363,0.06414,2944229.3
1760256000000,2025-10-12 10:00:00,0.06414,0.06467,0.06308,0.0644,4821671.4
1760263200000,2025-10-12 12:00:00,0.0644,0.06464,0.06387,0.0642,5531959.9
1760270400000,2025-10-12 14:00:00,0.0642,0.06496,0.06338,0.06368,5351361.3
1760277600000,2025-10-12 16:00:00,0.06368,0.06814,0.06368,0.06781,21161042.3
1760284800000,2025-10-12 18:00:00,0.06781,0.06936,0.06755,0.06889,12927278.3
1760292000000,2025-10-12 20:00:00,0.06889,0.06962,0.06793,0.06957,4764256.2
1760299200000,2025-10-12 22:00:00,0.06957,0.07008,0.06822,0.06925,4726406.5
1760306400000,2025-10-13 00:00:00,0.06925,0.06986,0.06842,0.06904,3993314.4
1760313600000,2025-10-13 02:00:00,0.06904,0.06947,0.06774,0.06884,5313902.1
1760320800000,2025-10-13 04:00:00,0.06884,0.06915,0.06805,0.06855,3535138.9
1760328000000,2025-10-13 06:00:00,0.06855,0.06876,0.06805,0.06822,2914326.9
1760335200000,2025-10-13 08:00:00,0.06822,0.07016,0.06786,0.06917,4150579.4
1760342400000,2025-10-13 10:00:00,0.06917,0.07099,0.06897,0.07099,5068082.0
1760349600000,2025-10-13 12:00:00,0.07099,0.07104,0.06761,0.06903,11047257.1
1760356800000,2025-10-13 14:00:00,0.06903,0.0716,0.06846,0.07102,15331340.6
1760364000000,2025-10-13 16:00:00,0.07102,0.07129,0.0691,0.07076,7688375.9
1760371200000,2025-10-13 18:00:00,0.07076,0.07237,0.07015,0.07228,7129213.5
1760378400000,2025-10-13 20:00:00,0.07228,0.07361,0.07174,0.07344,6732241.3
1760385600000,2025-10-13 22:00:00,0.07344,0.07489,0.07304,0.07355,4024675.7
1760392800000,2025-10-14 00:00:00,0.07355,0.07387,0.07302,0.07349,5414755.7
1760400000000,2025-10-14 02:00:00,0.07349,0.07373,0.07236,0.07253,4353853.1
1760407200000,2025-10-14 04:00:00,0.07253,0.07253,0.07066,0.07086,5815858.7
1760414400000,2025-10-14 06:00:00,0.07086,0.07114,0.06857,0.06896,7610733.6
1760421600000,2025-10-14 08:00:00,0.06896,0.06932,0.06594,0.06668,18868835.1
1760428800000,2025-10-14 10:00:00,0.06668,0.06776,0.06602,0.06688,7479538.3
1760436000000,2025-10-14 12:00:00,0.06688,0.06756,0.06511,0.06719,9218266.8
1760443200000,2025-10-14 14:00:00,0.06719,0.06738,0.06551,0.06698,7617121.2
1760450400000,2025-10-14 16:00:00,0.06698,0.06976,0.06687,0.06974,6574172.8
1760457600000,2025-10-14 18:00:00,0.06974,0.0707,0.06852,0.06963,6657767.3
1760464800000,2025-10-14 20:00:00,0.06963,0.0704,0.06842,0.0694,5538501.7
1760472000000,2025-10-14 22:00:00,0.0694,0.07005,0.06899,0.07001,4440786.1
1760479200000,2025-10-15 00:00:00,0.07001,0.07044,0.06943,0.07002,3605971.4
1760486400000,2025-10-15 02:00:00,0.07002,0.07013,0.06899,0.06946,3792862.6
1760493600000,2025-10-15 04:00:00,0.06946,0.07043,0.06856,0.069,4058609.3
1760500800000,2025-10-15 06:00:00,0.069,0.0699,0.06868,0.06918,2670765.3
1760508000000,2025-10-15 08:00:00,0.06918,0.07052,0.06856,0.07019,5900198.4
1760515200000,2025-10-15 10:00:00,0.07019,0.07111,0.06908,0.06936,7363130.2
1760522400000,2025-10-15 12:00:00,0.06936,0.06956,0.06833,0.06848,5198796.6
1760529600000,2025-10-15 14:00:00,0.06848,0.06866,0.06645,0.06776,11621160.6
1760536800000,2025-10-15 16:00:00,0.06776,0.06871,0.06606,0.06651,7835624.3
1760544000000,2025-10-15 18:00:00,0.06651,0.06683,0.06565,0.06664,5265080.8
1760551200000,2025-10-15 20:00:00,0.06664,0.06701,0.06556,0.06585,3222050.5
1760558400000,2025-10-15 22:00:00,0.06585,0.0664,0.06484,0.06552,6613700.7
1760565600000,2025-10-16 00:00:00,0.06552,0.06648,0.0655,0.06625,3635270.9
1760572800000,2025-10-16 02:00:00,0.06625,0.06702,0.066,0.06691,3387313.6
1760580000000,2025-10-16 04:00:00,0.06691,0.06718,0.0663,0.06633,2140637.6
1760587200000,2025-10-16 06:00:00,0.06633,0.06695,0.0658,0.06622,2273705.4
1760594400000,2025-10-16 08:00:00,0.06622,0.06717,0.06606,0.06629,3316032.2
1760601600000,2025-10-16 10:00:00,0.06629,0.06727,0.06429,0.0668,13787454.5
1760608800000,2025-10-16 12:00:00,0.0668,0.06781,0.06673,0.06732,5514696.9
1760616000000,2025-10-16 14:00:00,0.06732,0.06784,0.06627,0.06653,4689574.4
1760623200000,2025-10-16 16:00:00,0.06653,0.06723,0.06392,0.06435,13186350.7
1760630400000,2025-10-16 18:00:00,0.06435,0.06618,0.06355,0.06522,11379758.9
1760637600000,2025-10-16 20:00:00,0.06522,0.06536,0.06337,0.06401,8419377.0
1760644800000,2025-10-16 22:00:00,0.06401,0.0644,0.06297,0.06434,3758161.5
1760652000000,2025-10-17 00:00:00,0.06434,0.06439,0.06309,0.06383,3616807.5
1760659200000,2025-10-17 02:00:00,0.06383,0.06497,0.06361,0.06459,2543413.2
1760666400000,2025-10-17 04:00:00,0.06459,0.0651,0.06391,0.06507,1999902.8
1760673600000,2025-10-17 06:00:00,0.06507,0.0651,0.06405,0.06428,1930965.4
1760680800000,2025-10-17 08:00:00,0.06428,0.06456,0.06041,0.06065,21618138.9
1760688000000,2025-10-17 10:00:00,0.06065,0.06226,0.05939,0.06095,12365220.8
1760695200000,2025-10-17 12:00:00,0.06095,0.06302,0.05985,0.0625,8370332.1
1760702400000,2025-10-17 14:00:00,0.0625,0.06293,0.06145,0.06243,6493761.8
1760709600000,2025-10-17 16:00:00,0.06243,0.06275,0.06095,0.06274,11109366.6
1760716800000,2025-10-17 18:00:00,0.06274,0.06358,0.06178,0.06229,6744140.5
1760724000000,2025-10-17 20:00:00,0.06229,0.06299,0.06192,0.06228,2778685.2
1760731200000,2025-10-17 22:00:00,0.06228,0.06331,0.06218,0.06284,2284581.9
1760738400000,2025-10-18 00:00:00,0.06284,0.06295,0.06174,0.06189,1928915.2
1760745600000,2025-10-18 02:00:00,0.06189,0.06304,0.06182,0.06301,1614867.6
1760752800000,2025-10-18 04:00:00,0.06301,0.06322,0.06236,0.0629,1420223.6
1760760000000,2025-10-18 06:00:00,0.0629,0.06292,0.06227,0.06283,1757833.2
1760767200000,2025-10-18 08:00:00,0.06283,0.06383,0.06252,0.06265,3428589.4
1760774400000,2025-10-18 10:00:00,0.06265,0.06291,0.06224,0.06268,1569685.6
1760781600000,2025-10-18 12:00:00,0.06268,0.06298,0.0624,0.06285,1883950.8
1760788800000,2025-10-18 14:00:00,0.06285,0.06306,0.06213,0.06229,2797333.6
1760796000000,2025-10-18 16:00:00,0.06229,0.06242,0.06171,0.06195,3010446.0
1760803200000,2025-10-18 18:00:00,0.06195,0.06275,0.06142,0.06269,4492710.1
1760810400000,2025-10-18 20:00:00,0.06269,0.06287,0.06242,0.06272,966671.6
1760817600000,2025-10-18 22:00:00,0.06272,0.06297,0.06214,0.06266,757858.8
1760824800000,2025-10-19 00:00:00,0.06266,0.06267,0.06227,0.06247,1077899.2
1760832000000,2025-10-19 02:00:00,0.06247,0.06255,0.06202,0.06245,1451979.3
1760839200000,2025-10-19 04:00:00,0.06245,0.06295,0.06208,0.06286,874190.2
1760846400000,2025-10-19 06:00:00,0.06286,0.0629,0.06223,0.06239,702352.1
1760853600000,2025-10-19 08:00:00,0.06239,0.06243,0.06179,0.06209,1107044.9
1760860800000,2025-10-19 10:00:00,0.06209,0.06351,0.06162,0.06282,13076355.5
1760868000000,2025-10-19 12:00:00,0.06282,0.06416,0.0625,0.06362,7621517.3
1760875200000,2025-10-19 14:00:00,0.06362,0.06494,0.06317,0.06469,4815231.5
1760882400000,2025-10-19 16:00:00,0.06469,0.06494,0.0643,0.06474,4535163.6
1760889600000,2025-10-19 18:00:00,0.06474,0.06516,0.06424,0.06443,5615862.8
1760896800000,2025-10-19 20:00:00,0.06443,0.06472,0.06427,0.06444,1822793.8
1760904000000,2025-10-19 22:00:00,0.06444,0.06467,0.06424,0.0645,887146.4
1760911200000,2025-10-20 00:00:00,0.0645,0.06471,0.0639,0.06397,2189327.9
1760918400000,2025-10-20 02:00:00,0.06397,0.06407,0.06266,0.06372,4622359.1
1760925600000,2025-10-20 04:00:00,0.06372,0.06589,0.06324,0.06572,4191452.4
1760932800000,2025-10-20 06:00:00,0.06572,0.06636,0.06542,0.06626,3778873.0
1760940000000,2025-10-20 08:00:00,0.06626,0.06719,0.06622,0.06681,5882633.4
1760947200000,2025-10-20 10:00:00,0.06681,0.06704,0.06607,0.06634,3144687.5
1760954400000,2025-10-20 12:00:00,0.06634,0.06691,0.06599,0.06646,2815618.5
1760961600000,2025-10-20 14:00:00,0.06646,0.06708,0.06618,0.06701,1867077.9
1760968800000,2025-10-20 16:00:00,0.06701,0.06708,0.06613,0.06613,4446230.2
1760976000000,2025-10-20 18:00:00,0.06613,0.06613,0.06489,0.06555,5942437.5
1760983200000,2025-10-20 20:00:00,0.06555,0.06609,0.06532,0.06589,2982264.4
1760990400000,2025-10-20 22:00:00,0.06589,0.06674,0.0657,0.06596,2329730.1
1760997600000,2025-10-21 00:00:00,0.06596,0.06607,0.06562,0.06565,1290954.8
1761004800000,2025-10-21 02:00:00,0.06565,0.06574,0.06469,0.0648,1917429.9
1761012000000,2025-10-21 04:00:00,0.0648,0.06485,0.06395,0.06412,2138015.3
1761019200000,2025-10-21 06:00:00,0.06412,0.06412,0.06273,0.06303,7169053.6
1761026400000,2025-10-21 08:00:00,0.06303,0.06398,0.06296,0.06393,2661520.5
1761033600000,2025-10-21 10:00:00,0.06393,0.06393,0.06305,0.06347,1700883.4
1761040800000,2025-10-21 12:00:00,0.06347,0.06454,0.06341,0.06439,3182226.9
1761048000000,2025-10-21 14:00:00,0.06439,0.06523,0.06413,0.06458,4789843.8
1761055200000,2025-10-21 16:00:00,0.06458,0.06835,0.06458,0.06783,15778941.7
1761062400000,2025-10-21 18:00:00,0.06783,0.06841,0.0663,0.06682,12310265.9
1761069600000,2025-10-21 20:00:00,0.06682,0.06695,0.06612,0.06636,3039142.6
1761076800000,2025-10-21 22:00:00,0.06636,0.06649,0.06444,0.06553,3835896.6
1761084000000,2025-10-22 00:00:00,0.06553,0.06553,0.06305,0.06336,5606015.1
1761091200000,2025-10-22 02:00:00,0.06336,0.06365,0.06281,0.0634,4721513.8
1761098400000,2025-10-22 04:00:00,0.0634,0.06373,0.06318,0.06347,1863837.7
1761105600000,2025-10-22 06:00:00,0.06347,0.06392,0.06243,0.06292,3797928.8
1761112800000,2025-10-22 08:00:00,0.06292,0.06299,0.06235,0.06292,3982567.4
1761120000000,2025-10-22 10:00:00,0.06292,0.06292,0.06189,0.06198,4839909.2
1761127200000,2025-10-22 12:00:00,0.06198,0.06278,0.06109,0.06223,8129550.0
1761134400000,2025-10-22 14:00:00,0.06223,0.06332,0.06201,0.06325,6130784.0
1761141600000,2025-10-22 16:00:00,0.06325,0.06347,0.06186,0.06263,11045606.7
1761148800000,2025-10-22 18:00:00,0.06263,0.06279,0.0614,0.06164,6317575.9
1761156000000,2025-10-22 20:00:00,0.06164,0.0623,0.06126,0.06187,5725637.4
1761163200000,2025-10-22 22:00:00,0.06187,0.06201,0.0597,0.06091,10608581.4
1761170400000,2025-10-23 00:00:00,0.06091,0.06174,0.06049,0.0616,4343220.5
1761177600000,2025-10-23 02:00:00,0.0616,0.06174,0.06121,0.06136,4605940.0
1761184800000,2025-10-23 04:00:00,0.06136,0.06185,0.06132,0.06158,3254105.5
1761192000000,2025-10-23 06:00:00,0.06158,0.06195,0.06149,0.06186,2096458.0
1761199200000,2025-10-23 08:00:00,0.06186,0.06272,0.06184,0.06224,4135817.5
1761206400000,2025-10-23 10:00:00,0.06224,0.06257,0.06221,0.06237,2370755.5
1761213600000,2025-10-23 12:00:00,0.06237,0.06266,0.06166,0.06179,2291744.5
1761220800000,2025-10-23 14:00:00,0.06179,0.06264,0.06119,0.06234,5115678.2
1761228000000,2025-10-23 16:00:00,0.06234,0.06319,0.0618,0.06285,5183053.1
1761235200000,2025-10-23 18:00:00,0.06285,0.06438,0.06283,0.06421,4971129.5
1761242400000,2025-10-23 20:00:00,0.06421,0.0644,0.06335,0.06368,3520300.5
1761249600000,2025-10-23 22:00:00,0.06368,0.06377,0.06278,0.0629,4145883.8
1761256800000,2025-10-24 00:00:00,0.0629,0.06345,0.06285,0.06343,2657151.1
1761264000000,2025-10-24 02:00:00,0.06343,0.06409,0.06332,0.06376,2984387.8
1761271200000,2025-10-24 04:00:00,0.06376,0.06394,0.06348,0.06371,2008369.1
1761278400000,2025-10-24 06:00:00,0.06371,0.06526,0.06357,0.06493,4678621.4
1761285600000,2025-10-24 08:00:00,0.06493,0.06523,0.06454,0.06495,2377169.2
1761292800000,2025-10-24 10:00:00,0.06495,0.0655,0.06485,0.06499,4348338.2
1761300000000,2025-10-24 12:00:00,0.06499,0.06499,0.06375,0.06436,3230941.2
1761307200000,2025-10-24 14:00:00,0.06436,0.06591,0.06409,0.06456,7373958.3
1761314400000,2025-10-24 16:00:00,0.06456,0.06456,0.06332,0.06357,8995352.8
1761321600000,2025-10-24 18:00:00,0.06357,0.06397,0.06315,0.06377,3669274.8
1761328800000,2025-10-24 20:00:00,0.06377,0.06472,0.06369,0.06444,3904620.9
1761336000000,2025-10-24 22:00:00,0.06444,0.06515,0.0643,0.06508,5826972.7
1761343200000,2025-10-25 00:00:00,0.06508,0.0651,0.06474,0.06493,617472.7
1761350400000,2025-10-25 02:00:00,0.06493,0.06493,0.06424,0.06441,1492603.6
1761357600000,2025-10-25 04:00:00,0.06441,0.06447,0.06389,0.06391,1160391.7
1761364800000,2025-10-25 06:00:00,0.06391,0.06419,0.06351,0.06368,1945109.4
1761372000000,2025-10-25 08:00:00,0.06368,0.06394,0.06346,0.06363,1481489.9
1761379200000,2025-10-25 10:00:00,0.06363,0.06405,0.06346,0.06354,1690638.2
1761386400000,2025-10-25 12:00:00,0.06354,0.06371,0.06326,0.06365,1300479.3
1761393600000,2025-10-25 14:00:00,0.06365,0.06422,0.06365,0.064,1808738.2
1761400800000,2025-10-25 16:00:00,0.064,0.06481,0.06388,0.06455,2144549.4
1761408000000,2025-10-25 18:00:00,0.06455,0.06469,0.06432,0.06464,1477190.5
1761415200000,2025-10-25 20:00:00,0.06464,0.06526,0.06454,0.06516,1530480.1
1761422400000,2025-10-25 22:00:00,0.06516,0.06549,0.06461,0.06483,1142175.6
1761429600000,2025-10-26 00:00:00,0.06483,0.06497,0.06454,0.06469,959361.9
1761436800000,2025-10-26 02:00:00,0.06469,0.0648,0.06416,0.06436,2067302.2
1761444000000,2025-10-26 04:00:00,0.06436,0.06436,0.06391,0.06409,2950290.0
1761451200000,2025-10-26 06:00:00,0.06409,0.0649,0.06402,0.0648,1024199.5
1761458400000,2025-10-26 08:00:00,0.0648,0.06512,0.06462,0.0651,1554481.9
1761465600000,2025-10-26 10:00:00,0.0651,0.06599,0.06498,0.06589,3000688.9
1761472800000,2025-10-26 12:00:00,0.06589,0.06628,0.06523,0.0662,2803783.6
1761480000000,2025-10-26 14:00:00,0.0662,0.06665,0.06598,0.06633,3626335.6
1761487200000,2025-10-26 16:00:00,0.06633,0.06634,0.06574,0.06612,2068776.1
1761494400000,2025-10-26 18:00:00,0.06612,0.06612,0.06561,0.06588,1171640.0
1761501600000,2025-10-26 20:00:00,0.06588,0.06609,0.06547,0.06558,1835799.7
1761508800000,2025-10-26 22:00:00,0.06558,0.066,0.06524,0.06596,1709478.7
1761516000000,2025-10-27 00:00:00,0.06596,0.06743,0.06596,0.06648,8051329.3
1761523200000,2025-10-27 02:00:00,0.06648,0.06729,0.06631,0.06726,3006624.5
1761530400000,2025-10-27 04:00:00,0.06726,0.06741,0.0667,0.06687,1063375.5
1761537600000,2025-10-27 06:00:00,0.06687,0.06753,0.06667,0.06684,2102524.3
1761544800000,2025-10-27 08:00:00,0.06684,0.06707,0.06593,0.0666,3407068.0
1761552000000,2025-10-27 10:00:00,0.0666,0.067,0.06519,0.06536,5731904.4
1761559200000,2025-10-27 12:00:00,0.06536,0.06577,0.06511,0.06561,2830083.6
1761566400000,2025-10-27 14:00:00,0.06561,0.0657,0.06433,0.06498,4183034.7
1761573600000,2025-10-27 16:00:00,0.06498,0.06558,0.06438,0.06519,4761550.8
1761580800000,2025-10-27 18:00:00,0.06519,0.06705,0.06519,0.0667,6832089.9
1761588000000,2025-10-27 20:00:00,0.0667,0.06674,0.06549,0.06552,4038367.1
1761595200000,2025-10-27 22:00:00,0.06552,0.06556,0.06465,0.06496,3171439.1
1761602400000,2025-10-28 00:00:00,0.06496,0.0653,0.06434,0.06497,2885818.5
1761609600000,2025-10-28 02:00:00,0.06497,0.06557,0.06463,0.06536,2364500.5
1761616800000,2025-10-28 04:00:00,0.06536,0.06556,0.06425,0.06455,3331349.0
1761624000000,2025-10-28 06:00:00,0.06455,0.0652,0.06403,0.06405,3817632.6
1761631200000,2025-10-28 08:00:00,0.06405,0.06564,0.06405,0.06485,5839423.1
1761638400000,2025-10-28 10:00:00,0.06485,0.06516,0.0643,0.06467,8247707.0
1761645600000,2025-10-28 12:00:00,0.06467,0.06487,0.06428,0.06432,2483770.4
1761652800000,2025-10-28 14:00:00,0.06432,0.06557,0.06417,0.06519,8046065.7
1761660000000,2025-10-28 16:00:00,0.06519,0.06547,0.06339,0.06446,11155264.8
1761667200000,2025-10-28 18:00:00,0.06446,0.06492,0.06416,0.06452,6411134.6
1761674400000,2025-10-28 20:00:00,0.06452,0.06467,0.06288,0.06325,6741714.4
1761681600000,2025-10-28 22:00:00,0.06325,0.06325,0.06148,0.06221,16159138.4
1761688800000,2025-10-29 00:00:00,0.06221,0.06285,0.06206,0.0623,1513061.1
1761696000000,2025-10-29 02:00:00,0.0623,0.06287,0.06212,0.06252,1399303.3
1761703200000,2025-10-29 04:00:00,0.06252,0.0628,0.06231,0.06257,1366867.8
1761710400000,2025-10-29 06:00:00,0.06257,0.06329,0.06252,0.06322,1405620.6
1761717600000,2025-10-29 08:00:00,0.06322,0.06376,0.06305,0.06362,2192867.3
1761724800000,2025-10-29 10:00:00,0.06362,0.06376,0.06315,0.06335,2376435.4
1761732000000,2025-10-29 12:00:00,0.06335,0.06449,0.06332,0.06428,2118754.6
1761739200000,2025-10-29 14:00:00,0.06428,0.06544,0.06428,0.06483,4762564.6
1761746400000,2025-10-29 16:00:00,0.06483,0.06494,0.06323,0.06364,4476358.6
1761753600000,2025-10-29 18:00:00,0.06364,0.06587,0.06319,0.06587,2793471.2
1761760800000,2025-10-29 20:00:00,0.06587,0.06599,0.06229,0.06516,19200191.0
1761768000000,2025-10-29 22:00:00,0.06516,0.06615,0.06473,0.06497,6417678.0
1761775200000,2025-10-30 00:00:00,0.06497,0.06498,0.0632,0.06351,5379387.9
1761782400000,2025-10-30 02:00:00,0.06351,0.06406,0.06305,0.06363,3841092.6
1761789600000,2025-10-30 04:00:00,0.06363,0.06424,0.06341,0.06375,4571499.3
1761796800000,2025-10-30 06:00:00,0.06375,0.06375,0.06117,0.06324,13316244.4
1761804000000,2025-10-30 08:00:00,0.06324,0.06393,0.0627,0.06378,3613589.7
1761811200000,2025-10-30 10:00:00,0.06378,0.06383,0.06252,0.0626,3896576.7
1761818400000,2025-10-30 12:00:00,0.0626,0.06292,0.06206,0.06211,3019756.5
1761825600000,2025-10-30 14:00:00,0.06211,0.06226,0.06009,0.06035,11937911.8
1761832800000,2025-10-30 16:00:00,0.06035,0.06082,0.05998,0.06035,10278708.2
1761840000000,2025-10-30 18:00:00,0.06035,0.0608,0.05974,0.06056,11399073.5
1761847200000,2025-10-30 20:00:00,0.06056,0.06065,0.05899,0.05917,12451613.8
1761854400000,2025-10-30 22:00:00,0.05917,0.06022,0.05853,0.06004,11713801.2
1761861600000,2025-10-31 00:00:00,0.06004,0.0609,0.05988,0.06085,4270487.4
1761868800000,2025-10-31 02:00:00,0.06085,0.06146,0.06057,0.06134,6331599.5
1761876000000,2025-10-31 04:00:00,0.06134,0.06147,0.06082,0.06146,1432641.9
1761883200000,2025-10-31 06:00:00,0.06146,0.06209,0.06128,0.06131,3564164.1
1761890400000,2025-10-31 08:00:00,0.06131,0.06141,0.06105,0.06132,1655664.3
1761897600000,2025-10-31 10:00:00,0.06132,0.06174,0.06101,0.06131,1470778.1
1761904800000,2025-10-31 12:00:00,0.06131,0.0622,0.06108,0.06213,2058647.2
1761912000000,2025-10-31 14:00:00,0.06213,0.06251,0.06162,0.06229,4373003.6
1761919200000,2025-10-31 16:00:00,0.06229,0.06287,0.06188,0.06229,7311925.0
1761926400000,2025-10-31 18:00:00,0.06229,0.06236,0.0602,0.06078,5157035.9
1761933600000,2025-10-31 20:00:00,0.06078,0.06238,0.06063,0.06217,7438101.5
1761940800000,2025-10-31 22:00:00,0.06217,0.0622,0.06122,0.06142,3631381.0
1761948000000,2025-11-01 00:00:00,0.06142,0.06162,0.06117,0.06134,1458152.1
1761955200000,2025-11-01 02:00:00,0.06134,0.06156,0.06099,0.06106,2291529.6
1761962400000,2025-11-01 04:00:00,0.06106,0.06182,0.06078,0.06175,1373040.5
1761969600000,2025-11-01 06:00:00,0.06175,0.06184,0.06117,0.06118,1116781.8
1761976800000,2025-11-01 08:00:00,0.06118,0.06259,0.061,0.06248,4895557.6
1761984000000,2025-11-01 10:00:00,0.06248,0.06378,0.06233,0.06289,9424081.0
1761991200000,2025-11-01 12:00:00,0.06289,0.06382,0.06289,0.06381,2753151.0
1761998400000,2025-11-01 14:00:00,0.06381,0.06446,0.06332,0.06386,6928001.0
1762005600000,2025-11-01 16:00:00,0.06386,0.06427,0.06307,0.06414,4208078.7
1762012800000,2025-11-01 18:00:00,0.06414,0.06455,0.06384,0.064,3469548.4
1762020000000,2025-11-01 20:00:00,0.064,0.06419,0.06385,0.06408,1871733.4
1762027200000,2025-11-01 22:00:00,0.06408,0.06466,0.06366,0.0637,1784649.7
1762034400000,2025-11-02 00:00:00,0.0637,0.06428,0.06365,0.06415,2812899.6
1762041600000,2025-11-02 02:00:00,0.06415,0.06432,0.0637,0.06379,4142847.9
1762048800000,2025-11-02 04:00:00,0.06379,0.06423,0.06351,0.06358,1263803.2
1762056000000,2025-11-02 06:00:00,0.06358,0.06477,0.06345,0.06475,3118001.5
1762063200000,2025-11-02 08:00:00,0.06475,0.06531,0.06438,0.06513,5133726.7
1762070400000,2025-11-02 10:00:00,0.06513,0.06525,0.06399,0.06412,6225498.1
1762077600000,2025-11-02 12:00:00,0.06412,0.06512,0.06376,0.06501,5147966.2
1762084800000,2025-11-02 14:00:00,0.06501,0.06505,0.06381,0.06394,4535846.4
1762092000000,2025-11-02 16:00:00,0.06394,0.06404,0.06251,0.06306,6104947.4
1762099200000,2025-11-02 18:00:00,0.06306,0.06375,0.06228,0.06312,6086741.1
1762106400000,2025-11-02 20:00:00,0.06312,0.06336,0.06265,0.06308,1377941.7
1762113600000,2025-11-02 22:00:00,0.06308,0.06359,0.06293,0.06342,782350.7
1762120800000,2025-11-03 00:00:00,0.06342,0.06535,0.06331,0.06515,7617445.1
1762128000000,2025-11-03 02:00:00,0.06515,0.06524,0.06277,0.06301,5683706.2
1762135200000,2025-11-03 04:00:00,0.06301,0.06307,0.06033,0.06048,15822616.6
1762142400000,2025-11-03 06:00:00,0.06048,0.06105,0.0596,0.05997,9757341.4
1762149600000,2025-11-03 08:00:00,0.05997,0.06025,0.05903,0.05984,8693490.3
1762156800000,2025-11-03 10:00:00,0.05984,0.06055,0.05898,0.05911,7921152.6
1762164000000,2025-11-03 12:00:00,0.05911,0.05984,0.05855,0.05951,8505294.3
1762171200000,2025-11-03 14:00:00,0.05951,0.06003,0.05892,0.05952,6176046.2
1762178400000,2025-11-03 16:00:00,0.05952,0.06032,0.05459,0.05675,43681198.7
1762185600000,2025-11-03 18:00:00,0.05675,0.05851,0.05602,0.05816,14809407.1
1762192800000,2025-11-03 20:00:00,0.05816,0.0583,0.05638,0.05646,5995587.2
1762200000000,2025-11-03 22:00:00,0.05646,0.0566,0.055,0.05651,12049991.7
1762207200000,2025-11-04 00:00:00,0.05651,0.0567,0.05551,0.05663,3288339.1
1762214400000,2025-11-04 02:00:00,0.05663,0.0575,0.05604,0.0573,4827394.7
1762221600000,2025-11-04 04:00:00,0.0573,0.05741,0.05668,0.05717,4368440.7
1762228800000,2025-11-04 06:00:00,0.05717,0.05754,0.05475,0.05502,16591173.9
1762236000000,2025-11-04 08:00:00,0.05502,0.05689,0.05444,0.05477,12421706.0
1762243200000,2025-11-04 10:00:00,0.05477,0.05613,0.05449,0.05587,10605620.6
1762250400000,2025-11-04 12:00:00,0.05587,0.05664,0.05572,0.05628,3485324.2
1762257600000,2025-11-04 14:00:00,0.05628,0.0565,0.05518,0.05562,5904116.1
1762264800000,2025-11-04 16:00:00,0.05562,0.0575,0.05516,0.05613,10003321.0
1762272000000,2025-11-04 18:00:00,0.05613,0.05648,0.05366,0.05488,12929927.0
1762279200000,2025-11-04 20:00:00,0.05488,0.05511,0.05296,0.05383,11772848.8
1762286400000,2025-11-04 22:00:00,0.05383,0.0546,0.05146,0.05369,30965803.2
1762293600000,2025-11-05 00:00:00,0.05369,0.05527,0.05348,0.05465,6616022.3
1762300800000,2025-11-05 02:00:00,0.05465,0.05493,0.05202,0.05387,13829406.8
1762308000000,2025-11-05 04:00:00,0.05387,0.05576,0.05387,0.05541,8816478.4
1762315200000,2025-11-05 06:00:00,0.05541,0.05571,0.05503,0.05545,3040451.4
1762322400000,2025-11-05 08:00:00,0.05545,0.05579,0.05509,0.05564,3344088.8
1762329600000,2025-11-05 10:00:00,0.05564,0.05564,0.05445,0.05524,3615465.3
1762336800000,2025-11-05 12:00:00,0.05524,0.05586,0.0546,0.05569,3997482.2
1762344000000,2025-11-05 14:00:00,0.05569,0.05645,0.05542,0.05616,2734269.3
1762351200000,2025-11-05 16:00:00,0.05616,0.05653,0.0554,0.05642,5389110.2
1762358400000,2025-11-05 18:00:00,0.05642,0.05703,0.05593,0.05681,4676846.2
1762365600000,2025-11-05 20:00:00,0.05681,0.05723,0.05651,0.05651,2977719.7
1762372800000,2025-11-05 22:00:00,0.05651,0.05679,0.0559,0.05653,4380638.4
1762380000000,2025-11-06 00:00:00,0.05653,0.05696,0.05625,0.05625,1455857.2
1762387200000,2025-11-06 02:00:00,0.05625,0.05626,0.05507,0.05561,2698883.8
1762394400000,2025-11-06 04:00:00,0.05561,0.05615,0.05514,0.05604,3277603.0
1762401600000,2025-11-06 06:00:00,0.05604,0.0561,0.05498,0.05507,3594240.6
1762408800000,2025-11-06 08:00:00,0.05507,0.05572,0.05479,0.0549,7264634.9
1762416000000,2025-11-06 10:00:00,0.0549,0.05518,0.05461,0.05471,3757235.3
1762423200000,2025-11-06 12:00:00,0.05471,0.0553,0.05448,0.05524,2733701.2
1762430400000,2025-11-06 14:00:00,0.05524,0.05619,0.0547,0.05593,6141501.8
1762437600000,2025-11-06 16:00:00,0.05593,0.05612,0.05434,0.05465,5841607.7
1762444800000,2025-11-06 18:00:00,0.05465,0.05502,0.05348,0.05493,13001761.0
1762452000000,2025-11-06 20:00:00,0.05493,0.05572,0.05425,0.05535,13881680.9
1762459200000,2025-11-06 22:00:00,0.05535,0.05624,0.05486,0.05589,6506037.5
1762466400000,2025-11-07 00:00:00,0.05589,0.05632,0.05538,0.05631,6737457.1
1762473600000,2025-11-07 02:00:00,0.05631,0.05813,0.05628,0.05766,17126450.2
1762480800000,2025-11-07 04:00:00,0.05766,0.05813,0.05694,0.05789,4167694.0
1762488000000,2025-11-07 06:00:00,0.05789,0.05887,0.0575,0.05884,6683632.0
1762495200000,2025-11-07 08:00:00,0.05884,0.05985,0.05838,0.05958,7190815.2
1762502400000,2025-11-07 10:00:00,0.05958,0.06009,0.05866,0.05999,11554764.4
1762509600000,2025-11-07 12:00:00,0.05999,0.06061,0.05818,0.05897,11072972.5
1762516800000,2025-11-07 14:00:00,0.05897,0.05936,0.05715,0.05835,9158325.2
1762524000000,2025-11-07 16:00:00,0.05835,0.06282,0.05814,0.06269,24954120.6
1762531200000,2025-11-07 18:00:00,0.06269,0.06774,0.06252,0.06768,35490655.8
1762538400000,2025-11-07 20:00:00,0.06768,0.07446,0.06751,0.07387,62624324.7
1762545600000,2025-11-07 22:00:00,0.07387,0.07593,0.07219,0.07318,45915892.7
1762552800000,2025-11-08 00:00:00,0.07318,0.07377,0.06957,0.0699,19487051.7
1762560000000,2025-11-08 02:00:00,0.0699,0.07199,0.0686,0.06974,20031829.2
1762567200000,2025-11-08 04:00:00,0.06974,0.07026,0.06769,0.06776,9182328.2
1762574400000,2025-11-08 06:00:00,0.06776,0.06899,0.06722,0.06726,9392201.2
1762581600000,2025-11-08 08:00:00,0.06726,0.06744,0.06609,0.06722,9174657.7
1762588800000,2025-11-08 10:00:00,0.06722,0.06823,0.06645,0.06711,7654158.6
1762596000000,2025-11-08 12:00:00,0.06711,0.06897,0.06691,0.06843,10041006.1
1762603200000,2025-11-08 14:00:00,0.06843,0.0686,0.0663,0.06632,7891830.2
1762610400000,2025-11-08 16:00:00,0.06632,0.06664,0.0649,0.06525,11740214.6
1762617600000,2025-11-08 18:00:00,0.06525,0.06581,0.06461,0.06556,6796341.8
1762624800000,2025-11-08 20:00:00,0.06556,0.06637,0.06524,0.06584,3098056.0
1762632000000,2025-11-08 22:00:00,0.06584,0.0666,0.06562,0.06594,3492990.1
1762639200000,2025-11-09 00:00:00,0.06594,0.06665,0.06581,0.06645,2025043.7
1762646400000,2025-11-09 02:00:00,0.06645,0.06667,0.06556,0.0661,5827574.9
1762653600000,2025-11-09 04:00:00,0.0661,0.0662,0.06346,0.06404,5333771.5
1762660800000,2025-11-09 06:00:00,0.06404,0.06444,0.06367,0.06402,2778036.5
1762668000000,2025-11-09 08:00:00,0.06402,0.06483,0.06369,0.06479,3060003.0
1762675200000,2025-11-09 10:00:00,0.06479,0.0649,0.06349,0.06361,3747493.5
1762682400000,2025-11-09 12:00:00,0.06361,0.06515,0.06295,0.06484,8821436.7
1762689600000,2025-11-09 14:00:00,0.06484,0.0651,0.06444,0.06457,4375786.5
1762696800000,2025-11-09 16:00:00,0.06457,0.06624,0.06414,0.06585,13666010.1
1762704000000,2025-11-09 18:00:00,0.06585,0.06617,0.06522,0.06527,3772857.0
1762711200000,2025-11-09 20:00:00,0.06527,0.0668,0.06478,0.0668,3736272.1
1762718400000,2025-11-09 22:00:00,0.0668,0.06686,0.06593,0.06612,2400292.7
1762725600000,2025-11-10 00:00:00,0.06612,0.06716,0.06539,0.06642,3603989.0
1762732800000,2025-11-10 02:00:00,0.06642,0.06857,0.06582,0.06806,10415470.5
1762740000000,2025-11-10 04:00:00,0.06806,0.06953,0.06738,0.06933,6100664.3
1762747200000,2025-11-10 06:00:00,0.06933,0.07005,0.06824,0.06886,6815408.0
1762754400000,2025-11-10 08:00:00,0.06886,0.07042,0.06829,0.07038,6386325.5
1762761600000,2025-11-10 10:00:00,0.07038,0.07061,0.06883,0.07012,6759609.7
1762768800000,2025-11-10 12:00:00,0.07012,0.0705,0.06872,0.06969,6672427.1
1762776000000,2025-11-10 14:00:00,0.06969,0.06989,0.06846,0.06913,6653785.2
1762783200000,2025-11-10 16:00:00,0.06913,0.06913,0.06689,0.06763,10172738.3
1762790400000,2025-11-10 18:00:00,0.06763,0.06842,0.06666,0.06808,6692136.3
1762797600000,2025-11-10 20:00:00,0.06808,0.06875,0.06731,0.06799,5669071.2
1762804800000,2025-11-10 22:00:00,0.06799,0.06888,0.06704,0.06771,6114004.8
1762812000000,2025-11-11 00:00:00,0.06771,0.06997,0.06738,0.06885,6189653.9
1762819200000,2025-11-11 02:00:00,0.06885,0.07005,0.06754,0.06802,5814559.0
1762826400000,2025-11-11 04:00:00,0.06802,0.06966,0.06772,0.06889,4338694.9
1762833600000,2025-11-11 06:00:00,0.06889,0.0691,0.06672,0.06679,6162649.5
1762840800000,2025-11-11 08:00:00,0.06679,0.06704,0.06547,0.06558,4908663.8
1762848000000,2025-11-11 10:00:00,0.06558,0.06662,0.06552,0.06581,4840604.9
1762855200000,2025-11-11 12:00:00,0.06581,0.06672,0.0657,0.06654,2078293.0
1762862400000,2025-11-11 14:00:00,0.06654,0.06689,0.06553,0.0662,3139413.5
1762869600000,2025-11-11 16:00:00,0.0662,0.06714,0.06566,0.06613,7225407.2
1762876800000,2025-11-11 18:00:00,0.06613,0.06674,0.06537,0.0659,4129950.1
1762884000000,2025-11-11 20:00:00,0.0659,0.06612,0.06457,0.06474,4723781.6
1762891200000,2025-11-11 22:00:00,0.06474,0.06492,0.06356,0.0637,4454548.0
1762898400000,2025-11-12 00:00:00,0.0637,0.06438,0.06321,0.06344,3094614.3
1762905600000,2025-11-12 02:00:00,0.06344,0.06454,0.06302,0.06441,4612359.7
1762912800000,2025-11-12 04:00:00,0.06441,0.06497,0.06388,0.06482,3381033.8
1762920000000,2025-11-12 06:00:00,0.06482,0.06533,0.06441,0.06512,2100334.9
1762927200000,2025-11-12 08:00:00,0.06512,0.06573,0.06481,0.06491,2489756.1
1762934400000,2025-11-12 10:00:00,0.06491,0.06658,0.06491,0.06633,3787133.3
1762941600000,2025-11-12 12:00:00,0.06633,0.06717,0.06631,0.0668,3186351.6
1762948800000,2025-11-12 14:00:00,0.0668,0.0672,0.06592,0.06676,5667051.8
1762956000000,2025-11-12 16:00:00,0.06676,0.06676,0.06352,0.06382,13438349.3
1762963200000,2025-11-12 18:00:00,0.06382,0.06397,0.06224,0.06333,11913285.7
1762970400000,2025-11-12 20:00:00,0.06333,0.06366,0.06206,0.06281,4375193.1
1762977600000,2025-11-12 22:00:00,0.06281,0.06391,0.06255,0.06337,3411132.8
1762984800000,2025-11-13 00:00:00,0.06337,0.06354,0.06267,0.06289,1566264.3
1762992000000,2025-11-13 02:00:00,0.06289,0.06392,0.06271,0.06327,2934176.0
1762999200000,2025-11-13 04:00:00,0.06327,0.06419,0.06216,0.06362,4256410.1
1763006400000,2025-11-13 06:00:00,0.06362,0.06466,0.06315,0.06442,6237025.1
1763013600000,2025-11-13 08:00:00,0.06442,0.06483,0.06363,0.06376,4287310.9
1763020800000,2025-11-13 10:00:00,0.06376,0.06428,0.06284,0.0629,7210208.1
1763028000000,2025-11-13 12:00:00,0.0629,0.06385,0.06289,0.06315,3024701.2
1763035200000,2025-11-13 14:00:00,0.06315,0.06358,0.06263,0.06316,4396129.2
1763042400000,2025-11-13 16:00:00,0.06316,0.0645,0.06234,0.063,8840832.0
1763049600000,2025-11-13 18:00:00,0.063,0.06316,0.06001,0.06011,13191480.1
1763056800000,2025-11-13 20:00:00,0.06011,0.0604,0.0592,0.05943,10826675.3
1763064000000,2025-11-13 22:00:00,0.05943,0.05994,0.05892,0.05932,4918306.4
1763071200000,2025-11-14 00:00:00,0.05932,0.06097,0.05924,0.0604,2233434.1
1763078400000,2025-11-14 02:00:00,0.0604,0.06113,0.05973,0.05984,7128322.9
1763085600000,2025-11-14 04:00:00,0.05984,0.06042,0.05925,0.05956,2479623.6
1763092800000,2025-11-14 06:00:00,0.05956,0.05969,0.05738,0.05951,11935541.6
1763100000000,2025-11-14 08:00:00,0.05951,0.06018,0.05837,0.05953,5747836.9
1763107200000,2025-11-14 10:00:00,0.05953,0.05964,0.05846,0.05849,2625989.7
1763114400000,2025-11-14 12:00:00,0.05849,0.05913,0.05791,0.05838,2895787.6
1763121600000,2025-11-14 14:00:00,0.05838,0.05901,0.05728,0.05845,7263937.3
1763128800000,2025-11-14 16:00:00,0.05845,0.05945,0.05777,0.05893,8323269.9
1763136000000,2025-11-14 18:00:00,0.05893,0.05955,0.05847,0.05867,5452480.8
1763143200000,2025-11-14 20:00:00,0.05867,0.05944,0.0584,0.05921,3383987.1
1763150400000,2025-11-14 22:00:00,0.05921,0.05935,0.05756,0.05804,4492230.8
1763157600000,2025-11-15 00:00:00,0.05804,0.05837,0.05586,0.05643,12632094.2
1763164800000,2025-11-15 02:00:00,0.05643,0.05758,0.0562,0.05744,7268815.0
1763172000000,2025-11-15 04:00:00,0.05744,0.05809,0.05714,0.05795,2975710.1
1763179200000,2025-11-15 06:00:00,0.05795,0.05832,0.05783,0.05817,2408651.6
1763186400000,2025-11-15 08:00:00,0.05817,0.05911,0.05806,0.05816,4551778.3
1763193600000,2025-11-15 10:00:00,0.05816,0.05822,0.05694,0.05709,3967030.9
1763200800000,2025-11-15 12:00:00,0.05709,0.05738,0.05669,0.05698,2536424.6
1763208000000,2025-11-15 14:00:00,0.05698,0.05809,0.05682,0.05792,4245673.9
1763215200000,2025-11-15 16:00:00,0.05792,0.05795,0.05733,0.05739,2921696.5
1763222400000,2025-11-15 18:00:00,0.05739,0.05804,0.05687,0.05796,8976719.1
1763229600000,2025-11-15 20:00:00,0.05796,0.05808,0.05732,0.05739,2375323.2
1763236800000,2025-11-15 22:00:00,0.05739,0.05743,0.05656,0.05668,2185892.5
1763244000000,2025-11-16 00:00:00,0.05668,0.05722,0.05659,0.05694,841055.6
1763251200000,2025-11-16 02:00:00,0.05694,0.05704,0.05606,0.05679,2486507.7
1763258400000,2025-11-16 04:00:00,0.05679,0.05787,0.05667,0.05761,2523421.1
1763265600000,2025-11-16 06:00:00,0.05761,0.05786,0.05702,0.0575,1410617.9
1763272800000,2025-11-16 08:00:00,0.0575,0.05777,0.05729,0.05762,937742.8
1763280000000,2025-11-16 10:00:00,0.05762,0.05795,0.05719,0.05789,2169829.0
1763287200000,2025-11-16 12:00:00,0.05789,0.05795,0.05632,0.05642,3422311.0
1763294400000,2025-11-16 14:00:00,0.05642,0.05682,0.05586,0.0561,5118711.8
1763301600000,2025-11-16 16:00:00,0.0561,0.05661,0.05515,0.05524,7506782.8
1763308800000,2025-11-16 18:00:00,0.05524,0.05582,0.05416,0.05494,11443065.6
1763316000000,2025-11-16 20:00:00,0.05494,0.05593,0.05461,0.05526,4158567.8
1763323200000,2025-11-16 22:00:00,0.05526,0.05576,0.05477,0.05534,3284610.3
1763330400000,2025-11-17 00:00:00,0.05534,0.05625,0.05487,0.05589,3414809.1
1763337600000,2025-11-17 02:00:00,0.05589,0.05666,0.05527,0.05627,2989986.4
1763344800000,2025-11-17 04:00:00,0.05627,0.05708,0.05612,0.05678,3350181.9
1763352000000,2025-11-17 06:00:00,0.05678,0.0573,0.05657,0.05707,2851517.4
1763359200000,2025-11-17 08:00:00,0.05707,0.05762,0.05678,0.05742,2909447.2
1763366400000,2025-11-17 10:00:00,0.05742,0.05762,0.05701,0.05723,3244503.4
1763373600000,2025-11-17 12:00:00,0.05723,0.05789,0.05718,0.05734,3316507.7
1763380800000,2025-11-17 14:00:00,0.05734,0.05737,0.05533,0.05593,5874901.8
1763388000000,2025-11-17 16:00:00,0.05593,0.05833,0.05559,0.05612,12327455.5
1763395200000,2025-11-17 18:00:00,0.05612,0.05697,0.05516,0.05531,6484883.5
1763402400000,2025-11-17 20:00:00,0.05531,0.05581,0.0542,0.05453,7158132.9
1763409600000,2025-11-17 22:00:00,0.05453,0.05494,0.05397,0.0546,6204441.2
1763416800000,2025-11-18 00:00:00,0.0546,0.05523,0.05446,0.05515,2698483.9
1763424000000,2025-11-18 02:00:00,0.05515,0.0557,0.05429,0.05521,3554653.1
1763431200000,2025-11-18 04:00:00,0.05521,0.05597,0.05438,0.05567,9325898.9
1763438400000,2025-11-18 06:00:00,0.05567,0.05633,0.05492,0.05572,5621531.3
1763445600000,2025-11-18 08:00:00,0.05572,0.05587,0.05496,0.05562,2903652.4
1763452800000,2025-11-18 10:00:00,0.05562,0.05623,0.05537,0.05559,2653637.4
1763460000000,2025-11-18 12:00:00,0.05559,0.05589,0.05522,0.05527,1968479.1
1763467200000,2025-11-18 14:00:00,0.05527,0.05557,0.05491,0.05523,2307770.6
1763474400000,2025-11-18 16:00:00,0.05523,0.05689,0.05494,0.0565,15049602.7
1763481600000,2025-11-18 18:00:00,0.0565,0.05756,0.05634,0.05701,7813453.6
1763488800000,2025-11-18 20:00:00,0.05701,0.05755,0.05694,0.05712,2754272.5
1763496000000,2025-11-18 22:00:00,0.05712,0.0572,0.05602,0.05602,1833527.7
1763503200000,2025-11-19 00:00:00,0.05602,0.05675,0.05597,0.05609,2157646.9
1763510400000,2025-11-19 02:00:00,0.05609,0.05643,0.05533,0.05598,3708502.3
1763517600000,2025-11-19 04:00:00,0.05598,0.05628,0.05505,0.05512,2461321.8
1763524800000,2025-11-19 06:00:00,0.05512,0.05532,0.05381,0.05412,4664512.9
1763532000000,2025-11-19 08:00:00,0.05412,0.05522,0.05397,0.05514,2166432.5
1763539200000,2025-11-19 10:00:00,0.05514,0.05536,0.05474,0.0551,2032130.5
1763546400000,2025-11-19 12:00:00,0.0551,0.05537,0.05479,0.05493,5704539.9
1763553600000,2025-11-19 14:00:00,0.05493,0.05525,0.05466,0.05467,1665620.3
1763560800000,2025-11-19 16:00:00,0.05467,0.05581,0.05394,0.05399,7891005.5
1763568000000,2025-11-19 18:00:00,0.05399,0.05434,0.05205,0.05296,9034146.3
1763575200000,2025-11-19 20:00:00,0.05296,0.05307,0.05191,0.05242,4872442.2
1763582400000,2025-11-19 22:00:00,0.05242,0.05464,0.05222,0.05459,7047333.4
1763589600000,2025-11-20 00:00:00,0.05459,0.05502,0.05409,0.05469,4389899.5
1763596800000,2025-11-20 02:00:00,0.05469,0.05498,0.05446,0.05492,2996085.1
1763604000000,2025-11-20 04:00:00,0.05492,0.05528,0.05478,0.05481,3562290.3
1763611200000,2025-11-20 06:00:00,0.05481,0.05538,0.05472,0.05493,3168047.3
1763618400000,2025-11-20 08:00:00,0.05493,0.05554,0.05471,0.05554,1458411.3
1763625600000,2025-11-20 10:00:00,0.05554,0.05654,0.05536,0.056,7402849.0
1763632800000,2025-11-20 12:00:00,0.056,0.0569,0.05559,0.05677,3985274.2
1763640000000,2025-11-20 14:00:00,0.05677,0.0582,0.05677,0.05763,7642877.4
1763647200000,2025-11-20 16:00:00,0.05763,0.05876,0.05692,0.05721,12469224.1
1763654400000,2025-11-20 18:00:00,0.05721,0.0573,0.05333,0.05355,28498715.9
1763661600000,2025-11-20 20:00:00,0.05355,0.05409,0.05257,0.05361,9196636.2
1763668800000,2025-11-20 22:00:00,0.05361,0.0541,0.05281,0.05372,5791824.2
1763676000000,2025-11-21 00:00:00,0.05372,0.05469,0.05301,0.05309,4091236.8
1763683200000,2025-11-21 02:00:00,0.05309,0.05422,0.05305,0.05377,2173774.6
1763690400000,2025-11-21 04:00:00,0.05377,0.05381,0.05219,0.05277,6383213.0
1763697600000,2025-11-21 06:00:00,0.05277,0.05302,0.05206,0.0523,4149214.9
1763704800000,2025-11-21 08:00:00,0.0523,0.0527,0.04755,0.05022,30410779.0
1763712000000,2025-11-21 10:00:00,0.05022,0.05094,0.04903,0.04904,10802479.5
1763719200000,2025-11-21 12:00:00,0.04904,0.04955,0.04848,0.04859,5333576.2
1763726400000,2025-11-21 14:00:00,0.04859,0.05021,0.04753,0.04973,12258749.5
1763733600000,2025-11-21 16:00:00,0.04973,0.05115,0.04936,0.04968,24221477.3
1763740800000,2025-11-21 18:00:00,0.04968,0.05153,0.04904,0.05057,11731789.8
1763748000000,2025-11-21 20:00:00,0.05057,0.05117,0.0497,0.04979,10091295.4
1763755200000,2025-11-21 22:00:00,0.04979,0.04994,0.04893,0.04963,6465884.4
1763762400000,2025-11-22 00:00:00,0.04963,0.04977,0.04799,0.04919,4717892.9
1763769600000,2025-11-22 02:00:00,0.04919,0.04939,0.04872,0.04919,2134523.6
1763776800000,2025-11-22 04:00:00,0.04919,0.04926,0.04822,0.04847,2509760.1
1763784000000,2025-11-22 06:00:00,0.04847,0.04849,0.0474,0.04771,5132222.3
1763791200000,2025-11-22 08:00:00,0.04771,0.04834,0.04738,0.04819,4852109.2
1763798400000,2025-11-22 10:00:00,0.04819,0.04862,0.04721,0.04805,4602944.1
1763805600000,2025-11-22 12:00:00,0.04805,0.04843,0.04758,0.04814,2339226.2
1763812800000,2025-11-22 14:00:00,0.04814,0.04815,0.04738,0.04779,1754794.4
1763820000000,2025-11-22 16:00:00,0.04779,0.04855,0.04769,0.04809,3057608.7
1763827200000,2025-11-22 18:00:00,0.04809,0.04879,0.04803,0.04843,3277163.3
1763834400000,2025-11-22 20:00:00,0.04843,0.04859,0.04814,0.04836,1092019.7
1763841600000,2025-11-22 22:00:00,0.04836,0.04864,0.04802,0.04845,1407793.3
1763848800000,2025-11-23 00:00:00,0.04845,0.04927,0.04822,0.04866,2920548.1
1763856000000,2025-11-23 02:00:00,0.04866,0.04942,0.04844,0.04921,2816723.8
1763863200000,2025-11-23 04:00:00,0.04921,0.04998,0.04909,0.04962,2255894.3
1763870400000,2025-11-23 06:00:00,0.04962,0.05042,0.0496,0.05037,3276980.3
1763877600000,2025-11-23 08:00:00,0.05037,0.05037,0.04941,0.05001,2926891.3
1763884800000,2025-11-23 10:00:00,0.05001,0.05009,0.04975,0.04989,2436403.2
1763892000000,2025-11-23 12:00:00,0.04989,0.04994,0.04942,0.04985,1854164.5
1763899200000,2025-11-23 14:00:00,0.04985,0.05026,0.04976,0.05011,2555606.3
1763906400000,2025-11-23 16:00:00,0.05011,0.05041,0.04972,0.05016,3389645.5
1763913600000,2025-11-23 18:00:00,0.05016,0.05028,0.04961,0.04979,1849614.8
1763920800000,2025-11-23 20:00:00,0.04979,0.05025,0.04976,0.05003,2135905.5
1763928000000,2025-11-23 22:00:00,0.05003,0.05008,0.04972,0.05002,2017829.4
1763935200000,2025-11-24 00:00:00,0.05002,0.05006,0.04907,0.04916,2622550.4
1763942400000,2025-11-24 02:00:00,0.04916,0.04952,0.04873,0.04948,1998436.6
1763949600000,2025-11-24 04:00:00,0.04948,0.05046,0.04942,0.05005,6932545.7
1763956800000,2025-11-24 06:00:00,0.05005,0.05081,0.04925,0.05044,8512381.9
1763964000000,2025-11-24 08:00:00,0.05044,0.05052,0.04984,0.05014,12476449.6
1763971200000,2025-11-24 10:00:00,0.05014,0.05019,0.04888,0.04894,6377489.0
1763978400000,2025-11-24 12:00:00,0.04894,0.04954,0.0489,0.04945,1813268.2
1763985600000,2025-11-24 14:00:00,0.04945,0.04979,0.04895,0.04934,1712414.8
1763992800000,2025-11-24 16:00:00,0.04934,0.05031,0.04882,0.04999,13604659.4
1764000000000,2025-11-24 18:00:00,0.04999,0.05172,0.04999,0.05165,6476403.2
1764007200000,2025-11-24 20:00:00,0.05165,0.05205,0.05154,0.05162,6203747.1
1764014400000,2025-11-24 22:00:00,0.05162,0.05225,0.05162,0.05174,3415018.1
1764021600000,2025-11-25 00:00:00,0.05174,0.05207,0.05116,0.0512,1528373.7
1764028800000,2025-11-25 02:00:00,0.0512,0.0515,0.05089,0.0509,1700520.2
1764036000000,2025-11-25 04:00:00,0.0509,0.05102,0.05047,0.05073,1393106.7
1764043200000,2025-11-25 06:00:00,0.05073,0.05103,0.05064,0.05086,924567.3
1764050400000,2025-11-25 08:00:00,0.05086,0.05086,0.05033,0.05039,1822227.1
1764057600000,2025-11-25 10:00:00,0.05039,0.05065,0.04996,0.0505,2922045.0
1764064800000,2025-11-25 12:00:00,0.0505,0.05063,0.05026,0.05046,949675.7
1764072000000,2025-11-25 14:00:00,0.05046,0.05098,0.05022,0.05041,2472996.9
1764079200000,2025-11-25 16:00:00,0.05041,0.05082,0.04964,0.0505,6667448.6
1764086400000,2025-11-25 18:00:00,0.0505,0.05181,0.05045,0.05148,6472265.8
1764093600000,2025-11-25 20:00:00,0.05148,0.05192,0.0505,0.05122,3376011.5
1764100800000,2025-11-25 22:00:00,0.05122,0.05185,0.05122,0.05143,4228862.4
1764108000000,2025-11-26 00:00:00,0.05143,0.0524,0.05094,0.05209,3379091.7
1764115200000,2025-11-26 02:00:00,0.05209,0.0523,0.05167,0.05189,4095740.9
1764122400000,2025-11-26 04:00:00,0.05189,0.0519,0.05071,0.05078,3546875.7
1764129600000,2025-11-26 06:00:00,0.05078,0.05102,0.05047,0.05079,3294946.2
1764136800000,2025-11-26 08:00:00,0.05079,0.05129,0.05064,0.05129,1693965.5
1764144000000,2025-11-26 10:00:00,0.05129,0.05129,0.05026,0.05039,3182565.8
1764151200000,2025-11-26 12:00:00,0.05039,0.05062,0.0501,0.0502,1012296.0
1764158400000,2025-11-26 14:00:00,0.0502,0.0504,0.04981,0.05038,2631299.4
1764165600000,2025-11-26 16:00:00,0.05038,0.05063,0.04975,0.05007,3406264.2
1764172800000,2025-11-26 18:00:00,0.05007,0.05196,0.05007,0.05181,5700477.0
1764180000000,2025-11-26 20:00:00,0.05181,0.0523,0.05159,0.05173,5938772.0
1764187200000,2025-11-26 22:00:00,0.05173,0.052,0.05141,0.0518,1299832.1
1764194400000,2025-11-27 00:00:00,0.0518,0.05197,0.05168,0.0519,2266752.6
1764201600000,2025-11-27 02:00:00,0.0519,0.05226,0.05157,0.05221,4414319.8
1764208800000,2025-11-27 04:00:00,0.05221,0.05233,0.05168,0.05179,3067786.7
1764216000000,2025-11-27 06:00:00,0.05179,0.0521,0.05146,0.05157,942658.9
1764223200000,2025-11-27 08:00:00,0.05157,0.05189,0.05157,0.05172,1652601.7
1764230400000,2025-11-27 10:00:00,0.05172,0.05216,0.05145,0.05184,1101621.6
1764237600000,2025-11-27 12:00:00,0.05184,0.05189,0.05149,0.0515,1009426.9
1764244800000,2025-11-27 14:00:00,0.0515,0.05166,0.0512,0.05147,1819418.2
1764252000000,2025-11-27 16:00:00,0.05147,0.052,0.05137,0.05199,1707014.4
1764259200000,2025-11-27 18:00:00,0.05199,0.05268,0.05192,0.05249,7618563.6
1764266400000,2025-11-27 20:00:00,0.05249,0.05286,0.05232,0.05267,3526885.8
1764273600000,2025-11-27 22:00:00,0.05267,0.05295,0.05244,0.05248,1817705.1
1764280800000,2025-11-28 00:00:00,0.05248,0.05262,0.05189,0.05199,2623667.2
1764288000000,2025-11-28 02:00:00,0.05199,0.05229,0.0515,0.05155,3540155.8
1764295200000,2025-11-28 04:00:00,0.05155,0.05172,0.05124,0.05163,2542989.3
1764302400000,2025-11-28 06:00:00,0.05163,0.05182,0.05144,0.05163,1507541.0
1764309600000,2025-11-28 08:00:00,0.05163,0.05185,0.0513,0.05171,1468432.3
1764316800000,2025-11-28 10:00:00,0.05171,0.05286,0.0517,0.05237,4915117.5
1764324000000,2025-11-28 12:00:00,0.05237,0.05248,0.05157,0.05182,4967958.7
1764331200000,2025-11-28 14:00:00,0.05182,0.05248,0.05158,0.05223,2369195.2
1764338400000,2025-11-28 16:00:00,0.05223,0.05273,0.0519,0.05233,4851101.1
1764345600000,2025-11-28 18:00:00,0.05233,0.05233,0.05053,0.05076,12118669.6
1764352800000,2025-11-28 20:00:00,0.05076,0.05116,0.05039,0.05107,2566912.1
1764360000000,2025-11-28 22:00:00,0.05107,0.05109,0.05076,0.0508,1312659.3
1764367200000,2025-11-29 00:00:00,0.0508,0.05122,0.05065,0.05105,1436561.6
1764374400000,2025-11-29 02:00:00,0.05105,0.05134,0.05088,0.05118,894239.6
1764381600000,2025-11-29 04:00:00,0.05118,0.05139,0.05101,0.05107,695493.1
1764388800000,2025-11-29 06:00:00,0.05107,0.05131,0.05083,0.05107,1656997.3
1764396000000,2025-11-29 08:00:00,0.05107,0.05121,0.0506,0.0507,2415377.1
1764403200000,2025-11-29 10:00:00,0.0507,0.05077,0.05049,0.05056,1271160.9
1764410400000,2025-11-29 12:00:00,0.05056,0.05111,0.05039,0.05108,1845425.5
1764417600000,2025-11-29 14:00:00,0.05108,0.05115,0.05062,0.05072,1179638.6
1764424800000,2025-11-29 16:00:00,0.05072,0.05116,0.05055,0.05096,1472571.4
1764432000000,2025-11-29 18:00:00,0.05096,0.05096,0.05016,0.05029,3493210.1
1764439200000,2025-11-29 20:00:00,0.05029,0.05048,0.05003,0.05013,2111747.5
1764446400000,2025-11-29 22:00:00,0.05013,0.05043,0.04988,0.05039,1097298.4
1764453600000,2025-11-30 00:00:00,0.05039,0.05039,0.05006,0.0503,767000.1
1764460800000,2025-11-30 02:00:00,0.0503,0.05056,0.05025,0.05041,2175474.6
1764468000000,2025-11-30 04:00:00,0.05041,0.05061,0.04982,0.0504,1335932.5
1764475200000,2025-11-30 06:00:00,0.0504,0.05041,0.04988,0.04998,446641.4
1764482400000,2025-11-30 08:00:00,0.04998,0.05036,0.04995,0.0503,713875.1
1764489600000,2025-11-30 10:00:00,0.0503,0.0506,0.05021,0.05032,1160976.2
1764496800000,2025-11-30 12:00:00,0.05032,0.05035,0.04982,0.04987,1822619.0
1764504000000,2025-11-30 14:00:00,0.04987,0.05071,0.04976,0.0506,4040448.7
1764511200000,2025-11-30 16:00:00,0.0506,0.05064,0.04971,0.04995,1133850.1
1764518400000,2025-11-30 18:00:00,0.04995,0.05039,0.04993,0.05031,2387498.2
1764525600000,2025-11-30 20:00:00,0.05031,0.05033,0.0501,0.05019,1297108.0
1764532800000,2025-11-30 22:00:00,0.05019,0.05042,0.04988,0.05,580838.3
1764540000000,2025-12-01 00:00:00,0.05,0.05033,0.04917,0.04926,1875712.8
1764547200000,2025-12-01 02:00:00,0.04926,0.04942,0.04616,0.0465,18365117.6
1764554400000,2025-12-01 04:00:00,0.0465,0.04684,0.04584,0.04593,4459277.9
1764561600000,2025-12-01 06:00:00,0.04593,0.04631,0.04542,0.04626,6930561.9
1764568800000,2025-12-01 08:00:00,0.04626,0.04642,0.0461,0.04636,2129334.7
1764576000000,2025-12-01 10:00:00,0.04636,0.04671,0.04622,0.04626,4928847.1
1764583200000,2025-12-01 12:00:00,0.04626,0.04653,0.04619,0.04638,1497091.5
1764590400000,2025-12-01 14:00:00,0.04638,0.04663,0.04562,0.04638,5068572.2
1764597600000,2025-12-01 16:00:00,0.04638,0.04665,0.04488,0.04559,7188709.2
1764604800000,2025-12-01 18:00:00,0.04559,0.04576,0.04516,0.04517,4275951.6
1764612000000,2025-12-01 20:00:00,0.04517,0.04563,0.04513,0.04521,3199446.4
1764619200000,2025-12-01 22:00:00,0.04521,0.04626,0.04521,0.04613,6518296.4
1764626400000,2025-12-02 00:00:00,0.04613,0.04644,0.04608,0.04626,1973660.2
1764633600000,2025-12-02 02:00:00,0.04626,0.04672,0.04602,0.04606,2599462.9
1764640800000,2025-12-02 04:00:00,0.04606,0.04635,0.04576,0.0463,2167651.8
1764648000000,2025-12-02 06:00:00,0.0463,0.0465,0.04628,0.04638,1067707.2
1764655200000,2025-12-02 08:00:00,0.04638,0.04668,0.04623,0.0466,1138342.4
1764662400000,2025-12-02 10:00:00,0.0466,0.0466,0.04609,0.04649,1137701.3
1764669600000,2025-12-02 12:00:00,0.04649,0.04794,0.04646,0.04778,5550819.1
1764676800000,2025-12-02 14:00:00,0.04778,0.04798,0.04741,0.04787,2968133.6
1764684000000,2025-12-02 16:00:00,0.04787,0.05057,0.04779,0.05052,8999410.0
1764691200000,2025-12-02 18:00:00,0.05052,0.05077,0.04978,0.04989,7630911.8
1764698400000,2025-12-02 20:00:00,0.04989,0.05012,0.04954,0.04955,1875237.8
1764705600000,2025-12-02 22:00:00,0.04955,0.04955,0.04892,0.04935,1661216.5
1764712800000,2025-12-03 00:00:00,0.04935,0.04963,0.04908,0.04916,813624.7
1764720000000,2025-12-03 02:00:00,0.04916,0.04937,0.0489,0.04927,5562799.5
1764727200000,2025-12-03 04:00:00,0.04927,0.04979,0.04922,0.04953,2345248.1
1764734400000,2025-12-03 06:00:00,0.04953,0.05014,0.04948,0.04995,1954818.9
1764741600000,2025-12-03 08:00:00,0.04995,0.05024,0.0496,0.04968,2751841.6
1764748800000,2025-12-03 10:00:00,0.04968,0.05,0.04952,0.04982,1507563.3
1764756000000,2025-12-03 12:00:00,0.04982,0.05001,0.04948,0.04994,2564041.3
1764763200000,2025-12-03 14:00:00,0.04994,0.05007,0.04967,0.04971,2239547.1
1764770400000,2025-12-03 16:00:00,0.04971,0.05021,0.04866,0.04949,9522906.6
1764777600000,2025-12-03 18:00:00,0.04949,0.05,0.04926,0.04997,2751585.6
1764784800000,2025-12-03 20:00:00,0.04997,0.05021,0.04973,0.04981,5136156.5
1764792000000,2025-12-03 22:00:00,0.04981,0.05025,0.04957,0.05019,2807787.0
1764799200000,2025-12-04 00:00:00,0.05019,0.05047,0.04974,0.04979,3939020.0
1764806400000,2025-12-04 02:00:00,0.04979,0.05018,0.04937,0.04952,2433638.5
1764813600000,2025-12-04 04:00:00,0.04952,0.04995,0.04943,0.04947,1643188.0
1764820800000,2025-12-04 06:00:00,0.04947,0.04957,0.04903,0.04917,2764732.5
1764828000000,2025-12-04 08:00:00,0.04917,0.04951,0.04904,0.04932,4219109.3
1764835200000,2025-12-04 10:00:00,0.04932,0.04934,0.0489,0.04905,6928654.4
1764842400000,2025-12-04 12:00:00,0.04905,0.04932,0.04893,0.04907,2539310.9
1764849600000,2025-12-04 14:00:00,0.04907,0.04923,0.04848,0.04859,1944925.4
1764856800000,2025-12-04 16:00:00,0.04859,0.04937,0.04829,0.04919,6106768.2
1764864000000,2025-12-04 18:00:00,0.04919,0.04943,0.04819,0.04841,3353253.2
1764871200000,2025-12-04 20:00:00,0.04841,0.04859,0.04709,0.04797,6315020.1
1764878400000,2025-12-04 22:00:00,0.04797,0.04825,0.04773,0.04776,3020054.6
1764885600000,2025-12-05 00:00:00,0.04776,0.04802,0.04773,0.04783,1277727.0
1764892800000,2025-12-05 02:00:00,0.04783,0.04821,0.04776,0.04794,2014228.7
1764900000000,2025-12-05 04:00:00,0.04794,0.04839,0.04783,0.04794,1943632.1
1764907200000,2025-12-05 06:00:00,0.04794,0.04799,0.04745,0.04766,1527405.1
1764914400000,2025-12-05 08:00:00,0.04766,0.04834,0.04766,0.04813,1458510.8
1764921600000,2025-12-05 10:00:00,0.04813,0.04818,0.04717,0.04728,2167213.8
1764928800000,2025-12-05 12:00:00,0.04728,0.04765,0.04693,0.04716,4146628.9
1764936000000,2025-12-05 14:00:00,0.04716,0.04738,0.04675,0.0469,3599722.3
1764943200000,2025-12-05 16:00:00,0.0469,0.047,0.04584,0.04609,17158919.9
1764950400000,2025-12-05 18:00:00,0.04609,0.04611,0.04477,0.04541,12765962.6
1764957600000,2025-12-05 20:00:00,0.04541,0.04558,0.04459,0.04515,4321307.7
1764964800000,2025-12-05 22:00:00,0.04515,0.04534,0.04504,0.04514,1582291.2
1764972000000,2025-12-06 00:00:00,0.04514,0.04554,0.04502,0.04545,1939843.7
1764979200000,2025-12-06 02:00:00,0.04545,0.0456,0.04532,0.04542,953076.8
1764986400000,2025-12-06 04:00:00,0.04542,0.04553,0.04524,0.0454,1200844.0
1764993600000,2025-12-06 06:00:00,0.0454,0.0454,0.0451,0.04512,1056208.2
1765000800000,2025-12-06 08:00:00,0.04512,0.0455,0.04505,0.0454,852814.3
1765008000000,2025-12-06 10:00:00,0.0454,0.04551,0.0452,0.04537,1102665.8
1765015200000,2025-12-06 12:00:00,0.04537,0.04556,0.04521,0.04553,848997.1
1765022400000,2025-12-06 14:00:00,0.04553,0.04575,0.04543,0.04563,1401121.8
1765029600000,2025-12-06 16:00:00,0.04563,0.04622,0.04556,0.04604,3766826.9
1765036800000,2025-12-06 18:00:00,0.04604,0.04665,0.04602,0.04661,2227306.9
1765044000000,2025-12-06 20:00:00,0.04661,0.04683,0.04616,0.04634,2952593.3
1765051200000,2025-12-06 22:00:00,0.04634,0.04693,0.04624,0.04659,4472919.1
1765058400000,2025-12-07 00:00:00,0.04659,0.04683,0.04623,0.04649,1225037.9
1765065600000,2025-12-07 02:00:00,0.04649,0.04682,0.04642,0.04642,1008906.1
1765072800000,2025-12-07 04:00:00,0.04642,0.04674,0.04642,0.04674,903051.6
1765080000000,2025-12-07 06:00:00,0.04674,0.04674,0.04641,0.04664,301417.6
1765087200000,2025-12-07 08:00:00,0.04664,0.04677,0.04624,0.0464,558907.2
1765094400000,2025-12-07 10:00:00,0.0464,0.04647,0.04583,0.04585,1414992.9
1765101600000,2025-12-07 12:00:00,0.04585,0.04602,0.04565,0.04569,3654447.6
1765108800000,2025-12-07 14:00:00,0.04569,0.04595,0.04537,0.04543,2991533.7
1765116000000,2025-12-07 16:00:00,0.04543,0.04581,0.04431,0.04567,10600984.4
1765123200000,2025-12-07 18:00:00,0.04567,0.04626,0.04502,0.0461,7190689.9
1765130400000,2025-12-07 20:00:00,0.0461,0.04651,0.0461,0.04646,2494836.9
1765137600000,2025-12-07 22:00:00,0.04646,0.04667,0.04531,0.04551,3095993.2
1765144800000,2025-12-08 00:00:00,0.04551,0.04551,0.04443,0.04506,4725532.2
1765152000000,2025-12-08 02:00:00,0.04506,0.0459,0.04489,0.04539,3911488.9
1765159200000,2025-12-08 04:00:00,0.04539,0.04577,0.0452,0.04559,815617.2
1765166400000,2025-12-08 06:00:00,0.04559,0.04641,0.04559,0.04629,2407376.0
1765173600000,2025-12-08 08:00:00,0.04629,0.0467,0.04626,0.04646,1430345.2
1765180800000,2025-12-08 10:00:00,0.04646,0.04716,0.04632,0.04691,2436948.0
1765188000000,2025-12-08 12:00:00,0.04691,0.04702,0.04648,0.0466,900268.5
1765195200000,2025-12-08 14:00:00,0.0466,0.04685,0.04638,0.04658,2061080.2
1765202400000,2025-12-08 16:00:00,0.04658,0.04696,0.04593,0.04615,7289550.9
1765209600000,2025-12-08 18:00:00,0.04615,0.04665,0.04589,0.04626,5049080.9
1765216800000,2025-12-08 20:00:00,0.04626,0.04639,0.0456,0.04573,2784716.0
1765224000000,2025-12-08 22:00:00,0.04573,0.04627,0.0457,0.04621,2090825.3
1765231200000,2025-12-09 00:00:00,0.04621,0.04629,0.04561,0.0459,1923379.5
1765238400000,2025-12-09 02:00:00,0.0459,0.04614,0.04529,0.04546,1342420.7
1765245600000,2025-12-09 04:00:00,0.04546,0.04578,0.04519,0.04573,1383556.7
1765252800000,2025-12-09 06:00:00,0.04573,0.04573,0.04519,0.04525,1265210.2
1765260000000,2025-12-09 08:00:00,0.04525,0.04564,0.04508,0.04551,936776.0
1765267200000,2025-12-09 10:00:00,0.04551,0.04551,0.045,0.04502,1154500.5
1765274400000,2025-12-09 12:00:00,0.04502,0.0455,0.04501,0.04547,1606781.3
1765281600000,2025-12-09 14:00:00,0.04547,0.04623,0.04538,0.046,2296867.2
1765288800000,2025-12-09 16:00:00,0.046,0.04755,0.0457,0.04746,7272814.3
1765296000000,2025-12-09 18:00:00,0.04746,0.04848,0.04746,0.04788,10458612.2
1765303200000,2025-12-09 20:00:00,0.04788,0.04807,0.04758,0.04773,1530430.8
1765310400000,2025-12-09 22:00:00,0.04773,0.04779,0.04659,0.04692,3936456.8
1765317600000,2025-12-10 00:00:00,0.04692,0.04742,0.0469,0.04725,3136337.8
1765324800000,2025-12-10 02:00:00,0.04725,0.0473,0.04614,0.04633,2982912.2
1765332000000,2025-12-10 04:00:00,0.04633,0.04648,0.04611,0.04618,809443.8
1765339200000,2025-12-10 06:00:00,0.04618,0.04631,0.04606,0.04617,1115452.3
1765346400000,2025-12-10 08:00:00,0.04617,0.04629,0.04586,0.046,1119397.4
1765353600000,2025-12-10 10:00:00,0.046,0.04609,0.0457,0.04603,1643051.0
1765360800000,2025-12-10 12:00:00,0.04603,0.04623,0.04532,0.04554,4694620.1
1765368000000,2025-12-10 14:00:00,0.04554,0.04567,0.0453,0.04552,4959372.4
1765375200000,2025-12-10 16:00:00,0.04552,0.04585,0.04525,0.04569,3597658.0
1765382400000,2025-12-10 18:00:00,0.04569,0.04632,0.04552,0.04607,2546831.2
1765389600000,2025-12-10 20:00:00,0.04607,0.04724,0.04581,0.04718,13918419.9
1765396800000,2025-12-10 22:00:00,0.04718,0.04801,0.04596,0.04601,10139491.0
1765404000000,2025-12-11 00:00:00,0.04601,0.04618,0.04539,0.04563,3745861.7
1765411200000,2025-12-11 02:00:00,0.04563,0.04567,0.04449,0.04454,5286066.4
1765418400000,2025-12-11 04:00:00,0.04454,0.04461,0.04385,0.044,6005861.1
1765425600000,2025-12-11 06:00:00,0.044,0.044,0.04337,0.04379,7738893.7
1765432800000,2025-12-11 08:00:00,0.04379,0.04395,0.04356,0.04362,1740762.3
1765440000000,2025-12-11 10:00:00,0.04362,0.04371,0.04315,0.04335,8402502.1
1765447200000,2025-12-11 12:00:00,0.04335,0.0435,0.04313,0.04337,4985749.8
1765454400000,2025-12-11 14:00:00,0.04337,0.04373,0.04329,0.04362,2711736.8
1765461600000,2025-12-11 16:00:00,0.04362,0.04392,0.04326,0.04346,5095224.8
1765468800000,2025-12-11 18:00:00,0.04346,0.04354,0.04261,0.04329,9194370.7
1765476000000,2025-12-11 20:00:00,0.04329,0.04399,0.04299,0.04354,6732096.5
1765483200000,2025-12-11 22:00:00,0.04354,0.04513,0.04353,0.04481,7173913.0
1765490400000,2025-12-12 00:00:00,0.04481,0.04496,0.04423,0.04438,2210427.3
1765497600000,2025-12-12 02:00:00,0.04438,0.04458,0.04382,0.04422,1783080.4
1765504800000,2025-12-12 04:00:00,0.04422,0.04463,0.04418,0.04443,2611578.2
1765512000000,2025-12-12 06:00:00,0.04443,0.04467,0.04418,0.04465,1744270.0
1765519200000,2025-12-12 08:00:00,0.04465,0.04491,0.04449,0.04457,1724535.0
1765526400000,2025-12-12 10:00:00,0.04457,0.04462,0.04431,0.04459,884783.7
1765533600000,2025-12-12 12:00:00,0.04459,0.04477,0.04327,0.04333,5193111.9
1765540800000,2025-12-12 14:00:00,0.04333,0.04381,0.04323,0.04351,8357549.7
1765548000000,2025-12-12 16:00:00,0.04351,0.04361,0.04153,0.04177,15862171.3
1765555200000,2025-12-12 18:00:00,0.04177,0.04189,0.04035,0.04066,23278764.0
1765562400000,2025-12-12 20:00:00,0.04066,0.04108,0.04031,0.04059,7139874.1
1765569600000,2025-12-12 22:00:00,0.04059,0.04101,0.0405,0.04093,4099288.4
1765576800000,2025-12-13 00:00:00,0.04093,0.04113,0.0408,0.04086,3288407.5
1765584000000,2025-12-13 02:00:00,0.04086,0.04098,0.0405,0.04062,1723132.5
1765591200000,2025-12-13 04:00:00,0.04062,0.04106,0.04062,0.04092,3619672.6
1765598400000,2025-12-13 06:00:00,0.04092,0.04132,0.04087,0.0409,2545359.5
1765605600000,2025-12-13 08:00:00,0.0409,0.04123,0.04075,0.04119,2305968.4
1765612800000,2025-12-13 10:00:00,0.04119,0.04171,0.04119,0.04131,1338769.2
1765620000000,2025-12-13 12:00:00,0.04131,0.04158,0.0412,0.04129,2959803.9
1765627200000,2025-12-13 14:00:00,0.04129,0.04158,0.04113,0.0412,6487770.8
1765634400000,2025-12-13 16:00:00,0.0412,0.04132,0.04102,0.04125,951800.7
1765641600000,2025-12-13 18:00:00,0.04125,0.04152,0.04125,0.04139,1322971.1
1765648800000,2025-12-13 20:00:00,0.04139,0.0423,0.04138,0.04196,5535431.3
1765656000000,2025-12-13 22:00:00,0.04196,0.04219,0.04148,0.04185,2159697.8
1765663200000,2025-12-14 00:00:00,0.04185,0.04214,0.04176,0.04208,1808592.3
1765670400000,2025-12-14 02:00:00,0.04208,0.04213,0.04177,0.04177,1183258.6
1765677600000,2025-12-14 04:00:00,0.04177,0.04198,0.0416,0.04163,1125910.5
1765684800000,2025-12-14 06:00:00,0.04163,0.04165,0.04114,0.04125,1838333.0
1765692000000,2025-12-14 08:00:00,0.04125,0.04145,0.04105,0.04127,2290738.9
1765699200000,2025-12-14 10:00:00,0.04127,0.04137,0.04112,0.04124,1118274.3
1765706400000,2025-12-14 12:00:00,0.04124,0.04125,0.04046,0.04075,4461382.2
1765713600000,2025-12-14 14:00:00,0.04075,0.0409,0.04053,0.04068,1756351.3
1765720800000,2025-12-14 16:00:00,0.04068,0.04074,0.04022,0.04048,3308219.1
1765728000000,2025-12-14 18:00:00,0.04048,0.04078,0.03989,0.03991,3231380.4
1765735200000,2025-12-14 20:00:00,0.03991,0.04031,0.03991,0.04006,2357133.2
1765742400000,2025-12-14 22:00:00,0.04006,0.04031,0.03979,0.03988,3082246.5
1765749600000,2025-12-15 00:00:00,0.03988,0.04022,0.03948,0.03999,3460046.7
1765756800000,2025-12-15 02:00:00,0.03999,0.04082,0.03999,0.04067,2385694.2
1765764000000,2025-12-15 04:00:00,0.04067,0.04117,0.04052,0.04062,1992762.1
1765771200000,2025-12-15 06:00:00,0.04062,0.04094,0.04057,0.04086,1315785.5
1765778400000,2025-12-15 08:00:00,0.04086,0.04112,0.04057,0.04061,3564278.0
1765785600000,2025-12-15 10:00:00,0.04061,0.04079,0.04045,0.04053,1979073.1
1765792800000,2025-12-15 12:00:00,0.04053,0.04064,0.04027,0.04038,1518134.7
1765800000000,2025-12-15 14:00:00,0.04038,0.04047,0.04007,0.04014,1791633.5
1765807200000,2025-12-15 16:00:00,0.04014,0.04055,0.03817,0.03845,19299032.6
1765814400000,2025-12-15 18:00:00,0.03845,0.03845,0.03757,0.03768,6880982.5
1765821600000,2025-12-15 20:00:00,0.03768,0.0382,0.03716,0.03786,5933998.6
1765828800000,2025-12-15 22:00:00,0.03786,0.03799,0.03751,0.03793,3389143.4
1765836000000,2025-12-16 00:00:00,0.03793,0.03819,0.03775,0.03805,2489605.4
1765843200000,2025-12-16 02:00:00,0.03805,0.03814,0.0376,0.0378,2351590.7
1765850400000,2025-12-16 04:00:00,0.0378,0.03808,0.03772,0.03804,2277281.7
1765857600000,2025-12-16 06:00:00,0.03804,0.03808,0.03749,0.03792,1701277.6
1765864800000,2025-12-16 08:00:00,0.03792,0.03822,0.03766,0.03774,2120308.8
1765872000000,2025-12-16 10:00:00,0.03774,0.03816,0.03773,0.03812,1274032.3
1765879200000,2025-12-16 12:00:00,0.03812,0.03889,0.03805,0.03884,2398575.2
1765886400000,2025-12-16 14:00:00,0.03884,0.03912,0.03834,0.03834,7391538.2
1765893600000,2025-12-16 16:00:00,0.03834,0.03904,0.0381,0.03898,9355115.7
1765900800000,2025-12-16 18:00:00,0.03898,0.03911,0.03852,0.03853,2539393.1
1765908000000,2025-12-16 20:00:00,0.03853,0.03904,0.03851,0.03888,1522196.0
1765915200000,2025-12-16 22:00:00,0.03888,0.03915,0.03877,0.03887,2255347.5
1765922400000,2025-12-17 00:00:00,0.03887,0.03896,0.03861,0.03878,1170406.6
1765929600000,2025-12-17 02:00:00,0.03878,0.03887,0.03852,0.03858,1051087.5
1765936800000,2025-12-17 04:00:00,0.03858,0.03879,0.03844,0.03853,1996416.6
1765944000000,2025-12-17 06:00:00,0.03853,0.03859,0.03812,0.03833,1986016.4
1765951200000,2025-12-17 08:00:00,0.03833,0.03854,0.03828,0.03841,1542241.3
1765958400000,2025-12-17 10:00:00,0.03841,0.03841,0.03803,0.03813,1668683.2
1765965600000,2025-12-17 12:00:00,0.03813,0.03837,0.03798,0.03835,1548308.4
1765972800000,2025-12-17 14:00:00,0.03835,0.03895,0.03835,0.03892,6548884.1
1765980000000,2025-12-17 16:00:00,0.03892,0.03999,0.03836,0.03851,28112040.5
1765987200000,2025-12-17 18:00:00,0.03851,0.03872,0.03717,0.03721,32299574.6
1765994400000,2025-12-17 20:00:00,0.03721,0.0375,0.03678,0.03734,9051937.9
1766001600000,2025-12-17 22:00:00,0.03734,0.03762,0.0371,0.0372,2086470.5
1766008800000,2025-12-18 00:00:00,0.0372,0.03753,0.03707,0.03732,1732997.4
1766016000000,2025-12-18 02:00:00,0.03732,0.0374,0.03698,0.03706,2594570.6
1766023200000,2025-12-18 04:00:00,0.03706,0.03739,0.0366,0.03667,2376218.5
1766030400000,2025-12-18 06:00:00,0.03667,0.03683,0.03629,0.03635,3308623.5
1766037600000,2025-12-18 08:00:00,0.03635,0.03649,0.03604,0.03639,5363598.9
1766044800000,2025-12-18 10:00:00,0.03639,0.03681,0.03637,0.03671,1670871.9
1766052000000,2025-12-18 12:00:00,0.03671,0.03683,0.03666,0.03681,1154208.5
1766059200000,2025-12-18 14:00:00,0.03681,0.03784,0.03677,0.03781,7379501.9
1766066400000,2025-12-18 16:00:00,0.03781,0.03814,0.03724,0.03783,11091720.4
1766073600000,2025-12-18 18:00:00,0.03783,0.03801,0.03578,0.03645,17910801.4
1766080800000,2025-12-18 20:00:00,0.03645,0.03678,0.03513,0.03519,14747206.6
1766088000000,2025-12-18 22:00:00,0.03519,0.03592,0.03512,0.03592,7191149.4
1766095200000,2025-12-19 00:00:00,0.03592,0.03601,0.03564,0.03569,1558784.1
1766102400000,2025-12-19 02:00:00,0.03569,0.03579,0.03515,0.03526,3436044.6
1766109600000,2025-12-19 04:00:00,0.03526,0.03668,0.03508,0.03626,7874230.9
1766116800000,2025-12-19 06:00:00,0.03626,0.03653,0.036,0.03612,3175629.7
1766124000000,2025-12-19 08:00:00,0.03612,0.03696,0.0361,0.03661,1888384.7
1766131200000,2025-12-19 10:00:00,0.03661,0.03682,0.03648,0.03653,2666418.4
1766138400000,2025-12-19 12:00:00,0.03653,0.03663,0.03623,0.03647,1241733.2
1766145600000,2025-12-19 14:00:00,0.03647,0.03678,0.03638,0.03669,2688090.6
1766152800000,2025-12-19 16:00:00,0.03669,0.03779,0.03668,0.03707,10755685.5
1766160000000,2025-12-19 18:00:00,0.03707,0.0378,0.03693,0.03695,5177525.9
1766167200000,2025-12-19 20:00:00,0.03695,0.03801,0.03692,0.03789,4102602.8
1766174400000,2025-12-19 22:00:00,0.03789,0.03819,0.0375,0.03752,2307023.0
1766181600000,2025-12-20 00:00:00,0.03752,0.03777,0.03749,0.0375,519110.2
1766188800000,2025-12-20 02:00:00,0.0375,0.03753,0.03727,0.03727,1082085.9
1766196000000,2025-12-20 04:00:00,0.03727,0.03761,0.03725,0.03755,1454399.3
1766203200000,2025-12-20 06:00:00,0.03755,0.03756,0.03722,0.03744,1592004.3
1766210400000,2025-12-20 08:00:00,0.03744,0.03802,0.03742,0.03802,2042732.5
1766217600000,2025-12-20 10:00:00,0.03802,0.03819,0.03773,0.03774,1138599.9
1766224800000,2025-12-20 12:00:00,0.03774,0.03778,0.03751,0.03773,1950692.7
1766232000000,2025-12-20 14:00:00,0.03773,0.03775,0.03728,0.03753,2401862.9
1766239200000,2025-12-20 16:00:00,0.03753,0.03758,0.03728,0.03756,2900603.1
1766246400000,2025-12-20 18:00:00,0.03756,0.03793,0.03755,0.03771,2581660.5
1766253600000,2025-12-20 20:00:00,0.03771,0.0379,0.03771,0.03774,2487566.2
1766260800000,2025-12-20 22:00:00,0.03774,0.03798,0.0377,0.03781,807592.7
1766268000000,2025-12-21 00:00:00,0.03781,0.03794,0.03774,0.03775,1376531.3
1766275200000,2025-12-21 02:00:00,0.03775,0.03782,0.03736,0.03736,1424333.7
1766282400000,2025-12-21 04:00:00,0.03736,0.03742,0.03708,0.03723,1509334.6
1766289600000,2025-12-21 06:00:00,0.03723,0.03738,0.03714,0.03728,2519100.4
1766296800000,2025-12-21 08:00:00,0.03728,0.03736,0.03718,0.03725,1077252.9
1766304000000,2025-12-21 10:00:00,0.03725,0.03754,0.03717,0.03742,1577981.0
1766311200000,2025-12-21 12:00:00,0.03742,0.03747,0.03703,0.03707,1271830.9
1766318400000,2025-12-21 14:00:00,0.03707,0.03725,0.03562,0.03573,14347163.2
1766325600000,2025-12-21 16:00:00,0.03573,0.03615,0.0357,0.03602,6339659.3
1766332800000,2025-12-21 18:00:00,0.03602,0.03645,0.03585,0.03625,2696275.8
1766340000000,2025-12-21 20:00:00,0.03625,0.03648,0.03599,0.03636,2872474.5
1766347200000,2025-12-21 22:00:00,0.03636,0.03639,0.03599,0.03608,4734386.0
1766354400000,2025-12-22 00:00:00,0.03608,0.03678,0.03605,0.03663,2467884.4
1766361600000,2025-12-22 02:00:00,0.03663,0.0382,0.03604,0.03612,57123259.1
1766368800000,2025-12-22 04:00:00,0.03612,0.03647,0.03567,0.03632,5166557.7
1766376000000,2025-12-22 06:00:00,0.03632,0.03707,0.03631,0.03684,4305025.8
1766383200000,2025-12-22 08:00:00,0.03684,0.03722,0.03681,0.03703,2855952.4
1766390400000,2025-12-22 10:00:00,0.03703,0.03828,0.03697,0.03825,9197919.7
1766397600000,2025-12-22 12:00:00,0.03825,0.03853,0.03798,0.0384,6661852.8
1766404800000,2025-12-22 14:00:00,0.0384,0.03906,0.03821,0.03838,5748014.0
1766412000000,2025-12-22 16:00:00,0.03838,0.0389,0.03821,0.03872,7507243.3
1766419200000,2025-12-22 18:00:00,0.03872,0.03914,0.03848,0.03888,2951059.0
1766426400000,2025-12-22 20:00:00,0.03888,0.03907,0.03797,0.03809,7792057.6
1766433600000,2025-12-22 22:00:00,0.03809,0.03824,0.03775,0.03777,4828558.5
1766440800000,2025-12-23 00:00:00,0.03777,0.03785,0.03741,0.0378,4057572.6
1766448000000,2025-12-23 02:00:00,0.0378,0.03825,0.0376,0.03776,3846661.4
1766455200000,2025-12-23 04:00:00,0.03776,0.03791,0.03689,0.03698,4993910.1
1766462400000,2025-12-23 06:00:00,0.03698,0.03709,0.03643,0.03655,2108755.3
1766469600000,2025-12-23 08:00:00,0.03655,0.03676,0.03637,0.03651,4711817.1
1766476800000,2025-12-23 10:00:00,0.03651,0.03697,0.03648,0.03692,3058384.2
1766484000000,2025-12-23 12:00:00,0.03692,0.03718,0.03692,0.03709,2257537.8
1766491200000,2025-12-23 14:00:00,0.03709,0.03709,0.0364,0.03643,4259563.7
1766498400000,2025-12-23 16:00:00,0.03643,0.03651,0.03591,0.03623,7442751.0
1766505600000,2025-12-23 18:00:00,0.03623,0.03678,0.03616,0.03621,5774581.4
1766512800000,2025-12-23 20:00:00,0.03621,0.03685,0.0362,0.03653,2709430.6
1766520000000,2025-12-23 22:00:00,0.03653,0.03701,0.03646,0.03655,2183802.0
1766527200000,2025-12-24 00:00:00,0.03655,0.03662,0.03632,0.03653,1867912.2
1766534400000,2025-12-24 02:00:00,0.03653,0.03672,0.0363,0.03638,3404540.0
1766541600000,2025-12-24 04:00:00,0.03638,0.03638,0.03585,0.03613,4631814.2
1766548800000,2025-12-24 06:00:00,0.03613,0.03628,0.03566,0.03576,2958589.9
1766556000000,2025-12-24 08:00:00,0.03576,0.03595,0.0357,0.0358,2272090.7
1766563200000,2025-12-24 10:00:00,0.0358,0.03582,0.03554,0.03565,5349016.1
1766570400000,2025-12-24 12:00:00,0.03565,0.03583,0.03563,0.0357,763049.8
1766577600000,2025-12-24 14:00:00,0.0357,0.03592,0.03568,0.03582,2896306.6
1766584800000,2025-12-24 16:00:00,0.03582,0.03626,0.03543,0.03615,3263796.2
1766592000000,2025-12-24 18:00:00,0.03615,0.03643,0.03597,0.03606,3820263.3
1766599200000,2025-12-24 20:00:00,0.03606,0.03619,0.036,0.03617,1078872.4
1766606400000,2025-12-24 22:00:00,0.03617,0.03634,0.03616,0.03631,1132676.6
1766613600000,2025-12-25 00:00:00,0.03631,0.03669,0.03629,0.03662,964008.1
1766620800000,2025-12-25 02:00:00,0.03662,0.03663,0.03631,0.03641,1816782.5
1766628000000,2025-12-25 04:00:00,0.03641,0.03682,0.03636,0.03679,2919320.9
1766635200000,2025-12-25 06:00:00,0.03679,0.03688,0.0367,0.03671,3102616.2
1766642400000,2025-12-25 08:00:00,0.03671,0.03694,0.03653,0.0369,3761294.2
1766649600000,2025-12-25 10:00:00,0.0369,0.03714,0.0367,0.0368,7762624.6
1766656800000,2025-12-25 12:00:00,0.0368,0.03681,0.03624,0.03629,4418741.9
1766664000000,2025-12-25 14:00:00,0.03629,0.03657,0.03623,0.03645,2416318.2
1766671200000,2025-12-25 16:00:00,0.03645,0.03679,0.03626,0.03666,2394819.6
1766678400000,2025-12-25 18:00:00,0.03666,0.03679,0.03633,0.03644,1316817.0
1766685600000,2025-12-25 20:00:00,0.03644,0.0367,0.03642,0.03657,1828771.5
1766692800000,2025-12-25 22:00:00,0.03657,0.0366,0.03635,0.03638,635858.9
1766700000000,2025-12-26 00:00:00,0.03638,0.03638,0.03526,0.03535,5275553.1
1766707200000,2025-12-26 02:00:00,0.03535,0.03563,0.03516,0.03557,2103239.7
1766714400000,2025-12-26 04:00:00,0.03557,0.03668,0.03553,0.03638,4857518.0
1766721600000,2025-12-26 06:00:00,0.03638,0.03644,0.03617,0.03644,1083775.3
1766728800000,2025-12-26 08:00:00,0.03644,0.03658,0.03591,0.03598,1854827.1
1766736000000,2025-12-26 10:00:00,0.03598,0.03629,0.03593,0.03625,2509794.2
1766743200000,2025-12-26 12:00:00,0.03625,0.03687,0.0362,0.03666,17674806.9
1766750400000,2025-12-26 14:00:00,0.03666,0.03689,0.03649,0.03682,3452306.3
1766757600000,2025-12-26 16:00:00,0.03682,0.03695,0.03591,0.03616,5178805.4
1766764800000,2025-12-26 18:00:00,0.03616,0.03628,0.03589,0.03616,2615086.0
1766772000000,2025-12-26 20:00:00,0.03616,0.03651,0.03614,0.03643,726216.4
1766779200000,2025-12-26 22:00:00,0.03643,0.03659,0.03626,0.03626,741391.1
1766786400000,2025-12-27 00:00:00,0.03626,0.03631,0.03615,0.03631,1572726.9
1766793600000,2025-12-27 02:00:00,0.03631,0.03647,0.03621,0.03647,1491793.9
1766800800000,2025-12-27 04:00:00,0.03647,0.0369,0.0364,0.03679,2116544.3
1766808000000,2025-12-27 06:00:00,0.03679,0.03685,0.03662,0.0367,1682793.7
1766815200000,2025-12-27 08:00:00,0.0367,0.03677,0.03658,0.03665,694491.5
1766822400000,2025-12-27 10:00:00,0.03665,0.03672,0.03649,0.0365,1156610.2
1766829600000,2025-12-27 12:00:00,0.0365,0.03701,0.03629,0.03699,2272138.3
1766836800000,2025-12-27 14:00:00,0.03699,0.03709,0.03682,0.03694,2049629.5
1766844000000,2025-12-27 16:00:00,0.03694,0.03737,0.03694,0.0373,1962084.5
1766851200000,2025-12-27 18:00:00,0.0373,0.03745,0.03721,0.03743,2072364.5
1766858400000,2025-12-27 20:00:00,0.03743,0.03744,0.03726,0.03739,1079936.9
1766865600000,2025-12-27 22:00:00,0.03739,0.03771,0.03713,0.03766,2356350.6
1766872800000,2025-12-28 00:00:00,0.03766,0.03823,0.03744,0.03816,3799116.0
1766880000000,2025-12-28 02:00:00,0.03816,0.03823,0.03788,0.03794,2617201.8
1766887200000,2025-12-28 04:00:00,0.03794,0.03813,0.0379,0.03807,879034.9
1766894400000,2025-12-28 06:00:00,0.03807,0.03822,0.03803,0.03814,1205174.3
1766901600000,2025-12-28 08:00:00,0.03814,0.03844,0.0381,0.03837,1166369.6
1766908800000,2025-12-28 10:00:00,0.03837,0.03838,0.03816,0.03824,1803706.9
1766916000000,2025-12-28 12:00:00,0.03824,0.03852,0.03822,0.03833,1930680.0
1766923200000,2025-12-28 14:00:00,0.03833,0.03834,0.03797,0.03808,1586008.5
1766930400000,2025-12-28 16:00:00,0.03808,0.03821,0.03793,0.03801,1763623.5
1766937600000,2025-12-28 18:00:00,0.03801,0.03817,0.03789,0.038,1439699.1
1766944800000,2025-12-28 20:00:00,0.038,0.03802,0.03747,0.03752,3346585.2
1766952000000,2025-12-28 22:00:00,0.03752,0.03763,0.03741,0.03751,1379556.9
1766959200000,2025-12-29 00:00:00,0.03751,0.03786,0.03743,0.03781,1712209.4
1766966400000,2025-12-29 02:00:00,0.03781,0.03821,0.03772,0.03795,3870462.5
1766973600000,2025-12-29 04:00:00,0.03795,0.03841,0.03795,0.03837,2176184.5
1766980800000,2025-12-29 06:00:00,0.03837,0.0384,0.03802,0.03807,2013806.1
1766988000000,2025-12-29 08:00:00,0.03807,0.03813,0.03756,0.03793,2430126.6
1766995200000,2025-12-29 10:00:00,0.03793,0.03798,0.03701,0.03711,5227294.3
1767002400000,2025-12-29 12:00:00,0.03711,0.03728,0.0369,0.03691,2465096.3
1767009600000,2025-12-29 14:00:00,0.03691,0.03693,0.03621,0.03627,3905840.6
1767016800000,2025-12-29 16:00:00,0.03627,0.03672,0.03605,0.03642,3978186.2
1767024000000,2025-12-29 18:00:00,0.03642,0.03649,0.03602,0.03622,1937994.6
1767031200000,2025-12-29 20:00:00,0.03622,0.03632,0.03534,0.03551,9449315.6
1767038400000,2025-12-29 22:00:00,0.03551,0.03576,0.03505,0.03535,10183082.1
1767045600000,2025-12-30 00:00:00,0.03535,0.03548,0.03525,0.03544,4437213.6
1767052800000,2025-12-30 02:00:00,0.03544,0.03557,0.03521,0.03523,2319393.9
1767060000000,2025-12-30 04:00:00,0.03523,0.03552,0.03511,0.03547,2303001.5
1767067200000,2025-12-30 06:00:00,0.03547,0.03552,0.03506,0.03521,2316471.6
1767074400000,2025-12-30 08:00:00,0.03521,0.03554,0.03516,0.03532,4465907.7
1767081600000,2025-12-30 10:00:00,0.03532,0.03569,0.03523,0.03529,2515547.9
1767088800000,2025-12-30 12:00:00,0.03529,0.03551,0.03522,0.03543,2040808.6
1767096000000,2025-12-30 14:00:00,0.03543,0.03555,0.03537,0.03545,2549993.6
1767103200000,2025-12-30 16:00:00,0.03545,0.03561,0.03507,0.03551,3950300.1
1767110400000,2025-12-30 18:00:00,0.03551,0.03552,0.03486,0.03501,4171287.5
1767117600000,2025-12-30 20:00:00,0.03501,0.03517,0.03479,0.03507,6115641.1
1767124800000,2025-12-30 22:00:00,0.03507,0.03507,0.03481,0.03492,1293419.7
1767132000000,2025-12-31 00:00:00,0.03492,0.03499,0.03486,0.03489,1864181.6
1767139200000,2025-12-31 02:00:00,0.03489,0.03506,0.03463,0.03505,4826888.4
1767146400000,2025-12-31 04:00:00,0.03505,0.03505,0.03439,0.03457,6147679.2
1767153600000,2025-12-31 06:00:00,0.03457,0.03465,0.0345,0.03454,1091919.0
1767160800000,2025-12-31 08:00:00,0.03454,0.03456,0.03432,0.03455,1716959.2
1767168000000,2025-12-31 10:00:00,0.03455,0.03467,0.03442,0.03466,1734329.5
1767175200000,2025-12-31 12:00:00,0.03466,0.0349,0.03451,0.03488,2426883.8
1767182400000,2025-12-31 14:00:00,0.03488,0.03493,0.03447,0.03467,2084100.4
1767189600000,2025-12-31 16:00:00,0.03467,0.03483,0.03443,0.03452,4138858.8
1767196800000,2025-12-31 18:00:00,0.03452,0.03453,0.0333,0.03338,13408090.5
1767204000000,2025-12-31 20:00:00,0.03338,0.0334,0.0329,0.03297,6747401.3
1767211200000,2025-12-31 22:00:00,0.03297,0.0334,0.03263,0.03305,6267016.7
1767218400000,2026-01-01 00:00:00,0.03305,0.03332,0.03292,0.03318,5962154.2
1767225600000,2026-01-01 02:00:00,0.03318,0.03351,0.03318,0.03339,3718368.3
1767232800000,2026-01-01 04:00:00,0.03339,0.03347,0.03325,0.03329,1556792.2
1767240000000,2026-01-01 06:00:00,0.03329,0.03359,0.03295,0.03358,6219014.5
1767247200000,2026-01-01 08:00:00,0.03358,0.0336,0.03333,0.0335,2481202.4
1767254400000,2026-01-01 10:00:00,0.0335,0.03434,0.03342,0.03422,4550598.0
1767261600000,2026-01-01 12:00:00,0.03422,0.03445,0.03409,0.03444,2837897.2
1767268800000,2026-01-01 14:00:00,0.03444,0.03477,0.03412,0.03474,6450428.6
1767276000000,2026-01-01 16:00:00,0.03474,0.03543,0.03467,0.03536,7152470.3
1767283200000,2026-01-01 18:00:00,0.03536,0.03557,0.03516,0.03539,7309182.9
1767290400000,2026-01-01 20:00:00,0.03539,0.03582,0.03524,0.03582,3771970.7
1767297600000,2026-01-01 22:00:00,0.03582,0.03603,0.03547,0.03559,4999271.3
1767304800000,2026-01-02 00:00:00,0.03559,0.03617,0.03559,0.03602,3509087.3
1767312000000,2026-01-02 02:00:00,0.03602,0.03612,0.03557,0.03585,5494891.4
1767319200000,2026-01-02 04:00:00,0.03585,0.03615,0.03557,0.03612,4047481.0
1767326400000,2026-01-02 06:00:00,0.03612,0.03616,0.03561,0.03582,2212045.3
1767333600000,2026-01-02 08:00:00,0.03582,0.03589,0.03546,0.03552,1561806.6
1767340800000,2026-01-02 10:00:00,0.03552,0.03626,0.03536,0.03606,6149744.5
1767348000000,2026-01-02 12:00:00,0.03606,0.03637,0.03564,0.03586,6173681.2
1767355200000,2026-01-02 14:00:00,0.03586,0.03633,0.03573,0.03605,5646994.4
1767362400000,2026-01-02 16:00:00,0.03605,0.03649,0.03561,0.03609,11617959.5
1767369600000,2026-01-02 18:00:00,0.03609,0.03697,0.03609,0.03672,9102188.7
1767376800000,2026-01-02 20:00:00,0.03672,0.03758,0.03663,0.03753,6186465.2
1767384000000,2026-01-02 22:00:00,0.03753,0.03773,0.03697,0.0372,3757027.5
1767391200000,2026-01-03 00:00:00,0.0372,0.03748,0.03707,0.03722,4048954.7
1767398400000,2026-01-03 02:00:00,0.03722,0.03741,0.03692,0.03719,1837319.8
1767405600000,2026-01-03 04:00:00,0.03719,0.03836,0.03705,0.03829,4335248.3
1767412800000,2026-01-03 06:00:00,0.03829,0.03843,0.03756,0.03771,7059369.3
1767420000000,2026-01-03 08:00:00,0.03771,0.03798,0.03628,0.03644,9060222.2
1767427200000,2026-01-03 10:00:00,0.03644,0.0367,0.03629,0.03653,4064575.0
1767434400000,2026-01-03 12:00:00,0.03653,0.0366,0.03626,0.03635,1868333.8
1767441600000,2026-01-03 14:00:00,0.03635,0.0374,0.03628,0.03727,9970733.2
1767448800000,2026-01-03 16:00:00,0.03727,0.03784,0.03701,0.03702,7040901.8
1767456000000,2026-01-03 18:00:00,0.03702,0.03808,0.037,0.03758,5946345.1
1767463200000,2026-01-03 20:00:00,0.03758,0.03794,0.03731,0.03769,4136441.0
1767470400000,2026-01-03 22:00:00,0.03769,0.03786,0.03736,0.03767,3136670.4
1767477600000,2026-01-04 00:00:00,0.03767,0.03894,0.03762,0.03844,6825847.0
1767484800000,2026-01-04 02:00:00,0.03844,0.03901,0.03824,0.0389,6507647.2
1767492000000,2026-01-04 04:00:00,0.0389,0.03909,0.03843,0.03906,3862696.9
1767499200000,2026-01-04 06:00:00,0.03906,0.04005,0.03893,0.0399,9100604.7
1767506400000,2026-01-04 08:00:00,0.0399,0.03996,0.03901,0.03943,8337020.2
1767513600000,2026-01-04 10:00:00,0.03943,0.04029,0.0391,0.0399,11457139.4
1767520800000,2026-01-04 12:00:00,0.0399,0.04047,0.03984,0.04043,10516290.2
1767528000000,2026-01-04 14:00:00,0.04043,0.0408,0.04,0.04055,8769330.2
1767535200000,2026-01-04 16:00:00,0.04055,0.04113,0.04036,0.04086,11803004.0
1767542400000,2026-01-04 18:00:00,0.04086,0.04127,0.04056,0.04112,5815436.2
1767549600000,2026-01-04 20:00:00,0.04112,0.04118,0.04019,0.04051,6661058.8
1767556800000,2026-01-04 22:00:00,0.04051,0.04081,0.04028,0.04055,3939516.8
1767564000000,2026-01-05 00:00:00,0.04055,0.041,0.04049,0.04072,3222476.8
1767571200000,2026-01-05 02:00:00,0.04072,0.04162,0.04048,0.04134,9243152.0
1767578400000,2026-01-05 04:00:00,0.04134,0.04149,0.04075,0.04092,4845852.8
1767585600000,2026-01-05 06:00:00,0.04092,0.04095,0.04002,0.04023,7223220.9
1767592800000,2026-01-05 08:00:00,0.04023,0.04076,0.03974,0.04062,4994370.5
1767600000000,2026-01-05 10:00:00,0.04062,0.04074,0.03984,0.04001,4140117.9
1767607200000,2026-01-05 12:00:00,0.04001,0.04026,0.03969,0.04003,4631625.0
1767614400000,2026-01-05 14:00:00,0.04003,0.04033,0.03978,0.03987,3125142.5
1767621600000,2026-01-05 16:00:00,0.03987,0.04089,0.03977,0.04082,7957346.0
1767628800000,2026-01-05 18:00:00,0.04082,0.04096,0.03996,0.04078,8714953.9
1767636000000,2026-01-05 20:00:00,0.04078,0.0416,0.04063,0.04111,11788710.0
1767643200000,2026-01-05 22:00:00,0.04111,0.04174,0.04107,0.04149,6180315.5
1767650400000,2026-01-06 00:00:00,0.04149,0.04216,0.04143,0.04166,5657588.7
1767657600000,2026-01-06 02:00:00,0.04166,0.04196,0.04102,0.04145,5733320.0
1767664800000,2026-01-06 04:00:00,0.04145,0.04191,0.04127,0.04175,3994541.3
1767672000000,2026-01-06 06:00:00,0.04175,0.0421,0.04165,0.0419,4172975.0
1767679200000,2026-01-06 08:00:00,0.0419,0.04218,0.04127,0.04136,7692224.2
1767686400000,2026-01-06 10:00:00,0.04136,0.04166,0.04126,0.04149,3651536.8
1767693600000,2026-01-06 12:00:00,0.04149,0.04222,0.04141,0.04215,3065192.6
1767700800000,2026-01-06 14:00:00,0.04215,0.04305,0.04207,0.04277,5734748.0
1767708000000,2026-01-06 16:00:00,0.04277,0.04397,0.04248,0.04284,19391554.3
1767715200000,2026-01-06 18:00:00,0.04284,0.04306,0.04044,0.04056,20588139.8
1767722400000,2026-01-06 20:00:00,0.04056,0.0412,0.04038,0.04103,6747631.3
1767729600000,2026-01-06 22:00:00,0.04103,0.0429,0.04103,0.04278,8278945.6
1767736800000,2026-01-07 00:00:00,0.04278,0.04287,0.04213,0.04248,4158746.4
1767744000000,2026-01-07 02:00:00,0.04248,0.0426,0.04126,0.04134,5310995.2
1767751200000,2026-01-07 04:00:00,0.04134,0.04204,0.04117,0.04158,5714845.0
1767758400000,2026-01-07 06:00:00,0.04158,0.04184,0.04127,0.04134,4717780.5
1767765600000,2026-01-07 08:00:00,0.04134,0.04194,0.0412,0.04192,2969888.7
1767772800000,2026-01-07 10:00:00,0.04192,0.04221,0.04113,0.04121,5664833.5
1767780000000,2026-01-07 12:00:00,0.04121,0.04179,0.04116,0.04166,4005860.9
1767787200000,2026-01-07 14:00:00,0.04166,0.04169,0.04091,0.04093,4724566.5
1767794400000,2026-01-07 16:00:00,0.04093,0.04115,0.04017,0.04043,9150704.2
1767801600000,2026-01-07 18:00:00,0.04043,0.04084,0.04013,0.04048,4069005.3
1767808800000,2026-01-07 20:00:00,0.04048,0.04076,0.04004,0.04046,5810051.9
1767816000000,2026-01-07 22:00:00,0.04046,0.04051,0.0401,0.04025,1240803.1
1767823200000,2026-01-08 00:00:00,0.04025,0.04073,0.04003,0.04069,3303887.1
1767830400000,2026-01-08 02:00:00,0.04069,0.04115,0.04042,0.04113,3726262.3
1767837600000,2026-01-08 04:00:00,0.04113,0.04125,0.04051,0.04065,3678778.4
1767844800000,2026-01-08 06:00:00,0.04065,0.0415,0.04061,0.04101,2568566.9
1767852000000,2026-01-08 08:00:00,0.04101,0.04114,0.03973,0.04071,11765855.1
1767859200000,2026-01-08 10:00:00,0.04071,0.04081,0.03963,0.03968,5789236.0
1767866400000,2026-01-08 12:00:00,0.03968,0.04022,0.03942,0.03988,7241464.1
1767873600000,2026-01-08 14:00:00,0.03988,0.03991,0.03934,0.03945,2880977.0
1767880800000,2026-01-08 16:00:00,0.03945,0.04086,0.03893,0.04079,8322248.1
1767888000000,2026-01-08 18:00:00,0.04079,0.0409,0.04018,0.04073,3606850.0
1767895200000,2026-01-08 20:00:00,0.04073,0.04073,0.03999,0.04008,1694942.2
1767902400000,2026-01-08 22:00:00,0.04008,0.04068,0.03963,0.04061,3592173.0
1767909600000,2026-01-09 00:00:00,0.04061,0.04078,0.0402,0.04047,1193292.2
1767916800000,2026-01-09 02:00:00,0.04047,0.04106,0.04021,0.0404,6990918.6
1767924000000,2026-01-09 04:00:00,0.0404,0.04103,0.04036,0.04097,5615599.3
1767931200000,2026-01-09 06:00:00,0.04097,0.04121,0.04075,0.04118,3059734.7
1767938400000,2026-01-09 08:00:00,0.04118,0.04154,0.04112,0.04122,3260588.8
1767945600000,2026-01-09 10:00:00,0.04122,0.04212,0.04075,0.04155,8651345.6
1767952800000,2026-01-09 12:00:00,0.04155,0.04206,0.04128,0.04145,5617401.4
1767960000000,2026-01-09 14:00:00,0.04145,0.04311,0.04106,0.04258,30895760.1
1767967200000,2026-01-09 16:00:00,0.04258,0.04324,0.04171,0.04291,26276744.3
1767974400000,2026-01-09 18:00:00,0.04291,0.04501,0.04249,0.04288,32552009.9
1767981600000,2026-01-09 20:00:00,0.04288,0.04296,0.04162,0.04177,9463321.3
1767988800000,2026-01-09 22:00:00,0.04177,0.04238,0.0417,0.04232,4987165.2
1767996000000,2026-01-10 00:00:00,0.04232,0.04294,0.04224,0.04246,4445662.1
1768003200000,2026-01-10 02:00:00,0.04246,0.04247,0.04179,0.04221,4483179.2
1768010400000,2026-01-10 04:00:00,0.04221,0.04224,0.04127,0.04151,6348887.2
1768017600000,2026-01-10 06:00:00,0.04151,0.04151,0.04109,0.04109,4034809.3
1768024800000,2026-01-10 08:00:00,0.04109,0.04164,0.04092,0.0414,4338276.7
1768032000000,2026-01-10 10:00:00,0.0414,0.04174,0.04129,0.04163,2183668.6
1768039200000,2026-01-10 12:00:00,0.04163,0.04209,0.04148,0.04209,4001709.0
1768046400000,2026-01-10 14:00:00,0.04209,0.04264,0.04193,0.04225,6467207.8
1768053600000,2026-01-10 16:00:00,0.04225,0.04265,0.04205,0.04233,3688683.8
1768060800000,2026-01-10 18:00:00,0.04233,0.04242,0.04191,0.04199,3551478.2
1768068000000,2026-01-10 20:00:00,0.04199,0.04259,0.04183,0.0425,3206513.2
1768075200000,2026-01-10 22:00:00,0.0425,0.0428,0.04206,0.04209,5545410.9
1768082400000,2026-01-11 00:00:00,0.04209,0.04209,0.04131,0.04154,4104325.5
1768089600000,2026-01-11 02:00:00,0.04154,0.04171,0.04122,0.0416,4255207.9
1768096800000,2026-01-11 04:00:00,0.0416,0.04188,0.04145,0.04182,1928395.7
1768104000000,2026-01-11 06:00:00,0.04182,0.04189,0.04149,0.04159,2899569.8
1768111200000,2026-01-11 08:00:00,0.04159,0.0417,0.04132,0.04164,1907350.0
1768118400000,2026-01-11 10:00:00,0.04164,0.04194,0.04151,0.04176,1734637.5
1768125600000,2026-01-11 12:00:00,0.04176,0.04207,0.04161,0.04207,1506823.2
1768132800000,2026-01-11 14:00:00,0.04207,0.04324,0.04205,0.0425,8243576.2
1768140000000,2026-01-11 16:00:00,0.0425,0.04323,0.04174,0.04194,5266982.9
1768147200000,2026-01-11 18:00:00,0.04194,0.04307,0.04181,0.04296,7484456.0
1768154400000,2026-01-11 20:00:00,0.04296,0.043,0.04246,0.04258,4329105.3
1768161600000,2026-01-11 22:00:00,0.04258,0.04261,0.04139,0.04196,9654228.9
1768168800000,2026-01-12 00:00:00,0.04196,0.04196,0.04098,0.0417,7392894.7
1768176000000,2026-01-12 02:00:00,0.0417,0.04227,0.04108,0.04202,11714927.9
1768183200000,2026-01-12 04:00:00,0.04202,0.04314,0.04202,0.04233,8624163.6
1768190400000,2026-01-12 06:00:00,0.04233,0.04296,0.04223,0.04269,5452181.8
1768197600000,2026-01-12 08:00:00,0.04269,0.04276,0.04141,0.0415,4204950.0
1768204800000,2026-01-12 10:00:00,0.0415,0.04172,0.04097,0.04117,7225522.7
1768212000000,2026-01-12 12:00:00,0.04117,0.04154,0.0411,0.04148,2698733.6
1768219200000,2026-01-12 14:00:00,0.04148,0.0417,0.04105,0.04126,4880494.8
1768226400000,2026-01-12 16:00:00,0.04126,0.04309,0.04057,0.04285,24982763.0
1768233600000,2026-01-12 18:00:00,0.04285,0.04289,0.04169,0.0419,11105126.0
1768240800000,2026-01-12 20:00:00,0.0419,0.04224,0.04114,0.04162,10235356.9
1768248000000,2026-01-12 22:00:00,0.04162,0.04193,0.04055,0.04074,7643240.6
1768255200000,2026-01-13 00:00:00,0.04074,0.041,0.04031,0.04062,4348083.2
1768262400000,2026-01-13 02:00:00,0.04062,0.0409,0.04049,0.04068,4764531.6
1768269600000,2026-01-13 04:00:00,0.04068,0.04106,0.04053,0.04102,3504432.6
1768276800000,2026-01-13 06:00:00,0.04102,0.04185,0.0409,0.04136,3554310.7
1768284000000,2026-01-13 08:00:00,0.04136,0.04184,0.04127,0.04134,3541568.0
1768291200000,2026-01-13 10:00:00,0.04134,0.04199,0.04128,0.04176,4653064.3
1768298400000,2026-01-13 12:00:00,0.04176,0.04233,0.04176,0.04214,2957009.6
1768305600000,2026-01-13 14:00:00,0.04214,0.04276,0.04203,0.0426,8795627.8
1768312800000,2026-01-13 16:00:00,0.0426,0.04314,0.0421,0.04275,10173302.3
1768320000000,2026-01-13 18:00:00,0.04275,0.0435,0.04258,0.04281,11506539.1
1768327200000,2026-01-13 20:00:00,0.04281,0.0431,0.04262,0.04302,3067255.3
1768334400000,2026-01-13 22:00:00,0.04302,0.04317,0.04259,0.04284,3823428.3
1768341600000,2026-01-14 00:00:00,0.04284,0.04431,0.0428,0.04352,8512358.1
1768348800000,2026-01-14 02:00:00,0.04352,0.0439,0.04335,0.04337,6551922.3
1768356000000,2026-01-14 04:00:00,0.04337,0.04343,0.04294,0.04333,4792860.5
1768363200000,2026-01-14 06:00:00,0.04333,0.04337,0.04275,0.04302,2798178.6
1768370400000,2026-01-14 08:00:00,0.04302,0.04336,0.04282,0.04307,2667904.1
1768377600000,2026-01-14 10:00:00,0.04307,0.04345,0.043,0.04336,4243256.3
1768384800000,2026-01-14 12:00:00,0.04336,0.04342,0.0426,0.04281,5505843.1
1768392000000,2026-01-14 14:00:00,0.04281,0.04318,0.04254,0.04257,3205964.6
1768399200000,2026-01-14 16:00:00,0.04257,0.04343,0.04255,0.04321,6803116.5
1768406400000,2026-01-14 18:00:00,0.04321,0.04365,0.04273,0.04284,6457391.0
1768413600000,2026-01-14 20:00:00,0.04284,0.04301,0.04195,0.04254,9900030.2
1768420800000,2026-01-14 22:00:00,0.04254,0.04279,0.04217,0.04233,4443150.9
1768428000000,2026-01-15 00:00:00,0.04233,0.04243,0.04188,0.04213,3984465.9
1768435200000,2026-01-15 02:00:00,0.04213,0.04227,0.04189,0.04196,2540312.0
1768442400000,2026-01-15 04:00:00,0.04196,0.04212,0.04112,0.04118,5875154.1
1768449600000,2026-01-15 06:00:00,0.04118,0.04176,0.0411,0.04162,3851616.5
1768456800000,2026-01-15 08:00:00,0.04162,0.04202,0.04144,0.04185,3244110.2
1768464000000,2026-01-15 10:00:00,0.04185,0.04229,0.04168,0.04214,2252786.5
1768471200000,2026-01-15 12:00:00,0.04214,0.04219,0.04166,0.04172,1686136.5
1768478400000,2026-01-15 14:00:00,0.04172,0.04212,0.0417,0.04189,1395575.1
1768485600000,2026-01-15 16:00:00,0.04189,0.04197,0.04025,0.04096,12827922.1
1768492800000,2026-01-15 18:00:00,0.04096,0.0412,0.04059,0.04065,4842736.7
1768500000000,2026-01-15 20:00:00,0.04065,0.04073,0.04,0.04054,8600523.5
1768507200000,2026-01-15 22:00:00,0.04054,0.04074,0.04017,0.04053,2881646.7
1768514400000,2026-01-16 00:00:00,0.04053,0.04093,0.04053,0.04079,3004691.2
1768521600000,2026-01-16 02:00:00,0.04079,0.04093,0.04063,0.04066,1365463.4
1768528800000,2026-01-16 04:00:00,0.04066,0.04097,0.04041,0.04066,2537776.4
1768536000000,2026-01-16 06:00:00,0.04066,0.04088,0.04029,0.04068,2917490.4
1768543200000,2026-01-16 08:00:00,0.04068,0.04099,0.04052,0.04072,2380450.2
1768550400000,2026-01-16 10:00:00,0.04072,0.04089,0.04052,0.0406,3324899.9
1768557600000,2026-01-16 12:00:00,0.0406,0.0407,0.04021,0.04044,7841367.4
1768564800000,2026-01-16 14:00:00,0.04044,0.04052,0.04013,0.04019,2271746.1
1768572000000,2026-01-16 16:00:00,0.04019,0.04045,0.03928,0.03958,13245256.0
1768579200000,2026-01-16 18:00:00,0.03958,0.04022,0.03949,0.04022,4765764.4
1768586400000,2026-01-16 20:00:00,0.04022,0.04031,0.03986,0.04024,1754165.0
1768593600000,2026-01-16 22:00:00,0.04024,0.04189,0.03998,0.04174,6890226.3
1768600800000,2026-01-17 00:00:00,0.04174,0.042,0.04128,0.04144,7057406.2
1768608000000,2026-01-17 02:00:00,0.04144,0.04247,0.04132,0.04228,5697307.9
1768615200000,2026-01-17 04:00:00,0.04228,0.04281,0.04192,0.04277,5766138.2
1768622400000,2026-01-17 06:00:00,0.04277,0.0437,0.0426,0.0431,12612152.6
1768629600000,2026-01-17 08:00:00,0.0431,0.04363,0.04291,0.04323,6212571.7
1768636800000,2026-01-17 10:00:00,0.04323,0.04453,0.0432,0.04414,17713654.1
1768644000000,2026-01-17 12:00:00,0.04414,0.04473,0.04359,0.04365,11192910.1
1768651200000,2026-01-17 14:00:00,0.04365,0.04428,0.0436,0.04375,9958199.2
1768658400000,2026-01-17 16:00:00,0.04375,0.04427,0.04337,0.04371,10751862.0
1768665600000,2026-01-17 18:00:00,0.04371,0.04375,0.04311,0.04351,3867516.3
1768672800000,2026-01-17 20:00:00,0.04351,0.04376,0.04328,0.04345,2262765.7
1768680000000,2026-01-17 22:00:00,0.04345,0.04356,0.04302,0.04314,2363302.5
1768687200000,2026-01-18 00:00:00,0.04314,0.04317,0.04255,0.04267,6055677.7
1768694400000,2026-01-18 02:00:00,0.04267,0.04337,0.04228,0.04246,8168399.1
1768701600000,2026-01-18 04:00:00,0.04246,0.04262,0.04208,0.04213,4205593.8
1768708800000,2026-01-18 06:00:00,0.04213,0.04228,0.04201,0.04224,2805220.3
1768716000000,2026-01-18 08:00:00,0.04224,0.04244,0.04186,0.0424,2154402.0
1768723200000,2026-01-18 10:00:00,0.0424,0.04289,0.04223,0.04243,5511615.5
1768730400000,2026-01-18 12:00:00,0.04243,0.04265,0.04219,0.04223,1582730.5
1768737600000,2026-01-18 14:00:00,0.04223,0.04233,0.04182,0.04197,3402181.8
1768744800000,2026-01-18 16:00:00,0.04197,0.04233,0.04174,0.04233,2499255.1
1768752000000,2026-01-18 18:00:00,0.04233,0.04251,0.04206,0.04235,1482589.2
1768759200000,2026-01-18 20:00:00,0.04235,0.04292,0.04227,0.04259,2787616.9
1768766400000,2026-01-18 22:00:00,0.04259,0.04288,0.04247,0.04262,2278702.7
1768773600000,2026-01-19 00:00:00,0.04262,0.04279,0.04023,0.0403,16001500.5
1768780800000,2026-01-19 02:00:00,0.0403,0.0403,0.03445,0.03787,74603189.8
1768788000000,2026-01-19 04:00:00,0.03787,0.03866,0.0378,0.03853,7108503.0
1768795200000,2026-01-19 06:00:00,0.03853,0.0387,0.03761,0.03799,11189425.5
1768802400000,2026-01-19 08:00:00,0.03799,0.03802,0.0377,0.03787,3658555.6
1768809600000,2026-01-19 10:00:00,0.03787,0.03808,0.03771,0.03775,9131943.6
1768816800000,2026-01-19 12:00:00,0.03775,0.03777,0.03736,0.03749,4701818.2
1768824000000,2026-01-19 14:00:00,0.03749,0.03758,0.03715,0.03741,5082588.7
1768831200000,2026-01-19 16:00:00,0.03741,0.0379,0.0374,0.03757,4612676.4
1768838400000,2026-01-19 18:00:00,0.03757,0.03823,0.03751,0.03799,5822032.5
1768845600000,2026-01-19 20:00:00,0.03799,0.03905,0.03792,0.03868,4575934.7
1768852800000,2026-01-19 22:00:00,0.03868,0.03887,0.03811,0.03815,2243329.5
1768860000000,2026-01-20 00:00:00,0.03815,0.03877,0.03795,0.03856,4487777.4
1768867200000,2026-01-20 02:00:00,0.03856,0.03904,0.03832,0.03869,7058686.8
1768874400000,2026-01-20 04:00:00,0.03869,0.03891,0.03832,0.03859,3248073.2
1768881600000,2026-01-20 06:00:00,0.03859,0.03875,0.03823,0.03831,6964802.2
1768888800000,2026-01-20 08:00:00,0.03831,0.03832,0.03735,0.03735,7728723.8
1768896000000,2026-01-20 10:00:00,0.03735,0.03744,0.0369,0.03715,5369125.3
1768903200000,2026-01-20 12:00:00,0.03715,0.03749,0.03676,0.0368,3551929.5
1768910400000,2026-01-20 14:00:00,0.0368,0.0374,0.03658,0.03668,3397137.7
1768917600000,2026-01-20 16:00:00,0.03668,0.0374,0.03644,0.03688,9077249.2
1768924800000,2026-01-20 18:00:00,0.03688,0.03702,0.03615,0.0363,3754389.3
1768932000000,2026-01-20 20:00:00,0.0363,0.03644,0.03605,0.03629,2265780.2
1768939200000,2026-01-20 22:00:00,0.03629,0.03673,0.03609,0.03636,1881643.6
1768946400000,2026-01-21 00:00:00,0.03636,0.0364,0.0357,0.03601,4030609.6
1768953600000,2026-01-21 02:00:00,0.03601,0.03708,0.03598,0.03691,3848330.1
1768960800000,2026-01-21 04:00:00,0.03691,0.03727,0.03691,0.03702,2622922.4
1768968000000,2026-01-21 06:00:00,0.03702,0.0373,0.03687,0.0372,1547070.7
1768975200000,2026-01-21 08:00:00,0.0372,0.03737,0.03707,0.03714,2869583.7
1768982400000,2026-01-21 10:00:00,0.03714,0.03718,0.03673,0.03712,2309731.3
1768989600000,2026-01-21 12:00:00,0.03712,0.03732,0.03667,0.03673,2165456.1
1768996800000,2026-01-21 14:00:00,0.03673,0.03679,0.03611,0.03641,4117850.0
1769004000000,2026-01-21 16:00:00,0.03641,0.0377,0.03638,0.03749,8947484.5
1769011200000,2026-01-21 18:00:00,0.03749,0.03756,0.03571,0.03615,5646341.2
1769018400000,2026-01-21 20:00:00,0.03615,0.03776,0.036,0.03771,5395433.4
1769025600000,2026-01-21 22:00:00,0.03771,0.03781,0.03712,0.03762,3067919.0
1769032800000,2026-01-22 00:00:00,0.03762,0.03778,0.03657,0.03675,1727183.1
1769040000000,2026-01-22 02:00:00,0.03675,0.03778,0.03675,0.03775,2732835.2
1769047200000,2026-01-22 04:00:00,0.03775,0.03787,0.03715,0.03726,1730002.9
1769054400000,2026-01-22 06:00:00,0.03726,0.03731,0.0369,0.03693,913943.2
1769061600000,2026-01-22 08:00:00,0.03693,0.03705,0.03665,0.03684,1217373.6
1769068800000,2026-01-22 10:00:00,0.03684,0.03717,0.0367,0.03698,944426.8
1769076000000,2026-01-22 12:00:00,0.03698,0.03698,0.03653,0.03659,1918557.8
1769083200000,2026-01-22 14:00:00,0.03659,0.03679,0.03636,0.03645,2216446.0
1769090400000,2026-01-22 16:00:00,0.03645,0.03647,0.03561,0.03615,6106631.6
1769097600000,2026-01-22 18:00:00,0.03615,0.03687,0.03614,0.03681,2157243.8
1769104800000,2026-01-22 20:00:00,0.03681,0.03682,0.03634,0.03657,2747250.4
1769112000000,2026-01-22 22:00:00,0.03657,0.03665,0.03618,0.03634,1740114.7
1769119200000,2026-01-23 00:00:00,0.03634,0.03649,0.03611,0.03643,1301570.7
1769126400000,2026-01-23 02:00:00,0.03643,0.03704,0.0364,0.03702,2021742.5
1769133600000,2026-01-23 04:00:00,0.03702,0.03738,0.03679,0.03724,1233337.9
1769140800000,2026-01-23 06:00:00,0.03724,0.03765,0.03712,0.03724,1668909.4
1769148000000,2026-01-23 08:00:00,0.03724,0.03733,0.03685,0.03692,2136921.1
1769155200000,2026-01-23 10:00:00,0.03692,0.03705,0.03645,0.03661,2710156.8
1769162400000,2026-01-23 12:00:00,0.03661,0.03695,0.03649,0.0369,1380466.4
1769169600000,2026-01-23 14:00:00,0.0369,0.03731,0.03681,0.03709,4632745.3
1769176800000,2026-01-23 16:00:00,0.03709,0.03709,0.03596,0.03701,14408619.5
1769184000000,2026-01-23 18:00:00,0.03701,0.03757,0.03648,0.03708,7118600.0
1769191200000,2026-01-23 20:00:00,0.03708,0.03739,0.03641,0.03659,5587193.4
1769198400000,2026-01-23 22:00:00,0.03659,0.03686,0.03625,0.03667,5338787.1
1769205600000,2026-01-24 00:00:00,0.03667,0.03681,0.03654,0.03666,1008762.2
1769212800000,2026-01-24 02:00:00,0.03666,0.03695,0.03659,0.03679,1561404.8
1769220000000,2026-01-24 04:00:00,0.03679,0.03688,0.03666,0.0367,861323.9
1769227200000,2026-01-24 06:00:00,0.0367,0.03678,0.03653,0.03669,1055511.5
1769234400000,2026-01-24 08:00:00,0.03669,0.03692,0.03665,0.03679,1402849.5
1769241600000,2026-01-24 10:00:00,0.03679,0.037,0.03658,0.03661,705533.1
1769248800000,2026-01-24 12:00:00,0.03661,0.03678,0.03654,0.03678,850544.4
1769256000000,2026-01-24 14:00:00,0.03678,0.03683,0.03646,0.03646,827957.0
1769263200000,2026-01-24 16:00:00,0.03646,0.03659,0.03623,0.03624,1418314.0
1769270400000,2026-01-24 18:00:00,0.03624,0.0365,0.0361,0.0365,1354432.0
1769277600000,2026-01-24 20:00:00,0.0365,0.03655,0.03629,0.0363,1444518.7
1769284800000,2026-01-24 22:00:00,0.0363,0.03648,0.03625,0.03633,1244742.3
1769292000000,2026-01-25 00:00:00,0.03633,0.03661,0.03626,0.03652,1518607.2
1769299200000,2026-01-25 02:00:00,0.03652,0.03671,0.03637,0.03644,1616428.0
1769306400000,2026-01-25 04:00:00,0.03644,0.03661,0.03621,0.03627,921834.9
1769313600000,2026-01-25 06:00:00,0.03627,0.03635,0.03609,0.03633,885788.4
1769320800000,2026-01-25 08:00:00,0.03633,0.03633,0.03592,0.0361,1235246.5
1769328000000,2026-01-25 10:00:00,0.0361,0.03623,0.0358,0.03606,2542221.9
1769335200000,2026-01-25 12:00:00,0.03606,0.03624,0.03594,0.03602,1131521.8
1769342400000,2026-01-25 14:00:00,0.03602,0.03609,0.03579,0.03609,1458773.0
1769349600000,2026-01-25 16:00:00,0.03609,0.03613,0.03563,0.03576,3449012.2
1769356800000,2026-01-25 18:00:00,0.03576,0.03576,0.03484,0.03513,7082844.9
1769364000000,2026-01-25 20:00:00,0.03513,0.03514,0.03426,0.03449,9108980.1
1769371200000,2026-01-25 22:00:00,0.03449,0.03516,0.03436,0.03506,6587835.5
1769378400000,2026-01-26 00:00:00,0.03506,0.03512,0.03459,0.03492,2485704.1
1769385600000,2026-01-26 02:00:00,0.03492,0.03569,0.03485,0.03536,6155599.1
1769392800000,2026-01-26 04:00:00,0.03536,0.03553,0.03514,0.03527,2376813.2
1769400000000,2026-01-26 06:00:00,0.03527,0.03573,0.03527,0.03564,1314794.6
1769407200000,2026-01-26 08:00:00,0.03564,0.03621,0.03554,0.03615,3735293.3
1769414400000,2026-01-26 10:00:00,0.03615,0.03642,0.03568,0.0359,4291118.9
1769421600000,2026-01-26 12:00:00,0.0359,0.03648,0.0359,0.03622,4240951.7
1769428800000,2026-01-26 14:00:00,0.03622,0.03706,0.03622,0.03683,10472875.3
1769436000000,2026-01-26 16:00:00,0.03683,0.03711,0.03593,0.0365,22145626.7
1769443200000,2026-01-26 18:00:00,0.0365,0.03659,0.03588,0.03616,6018915.7
1769450400000,2026-01-26 20:00:00,0.03616,0.03637,0.03578,0.03584,5843972.9
1769457600000,2026-01-26 22:00:00,0.03584,0.03654,0.03561,0.03636,4192391.4
1769464800000,2026-01-27 00:00:00,0.03636,0.03644,0.03605,0.03609,1816997.6
1769472000000,2026-01-27 02:00:00,0.03609,0.03635,0.03599,0.0362,2709471.3
1769479200000,2026-01-27 04:00:00,0.0362,0.03635,0.03595,0.03598,1833442.9
1769486400000,2026-01-27 06:00:00,0.03598,0.03619,0.03583,0.03599,4845098.5
1769493600000,2026-01-27 08:00:00,0.03599,0.036,0.03577,0.0358,1634768.5
1769500800000,2026-01-27 10:00:00,0.0358,0.03588,0.03555,0.0356,1275162.9
1769508000000,2026-01-27 12:00:00,0.0356,0.0357,0.03557,0.03557,1144922.1
1769515200000,2026-01-27 14:00:00,0.03557,0.03558,0.03537,0.03543,1967924.6
1769522400000,2026-01-27 16:00:00,0.03543,0.03601,0.03537,0.03599,4442312.9
1769529600000,2026-01-27 18:00:00,0.03599,0.0365,0.0355,0.03561,4973387.7
1769536800000,2026-01-27 20:00:00,0.03561,0.0368,0.03555,0.0367,3939166.8
1769544000000,2026-01-27 22:00:00,0.0367,0.03703,0.03651,0.03654,5588207.6
1769551200000,2026-01-28 00:00:00,0.03654,0.03674,0.03652,0.03663,2339640.7
1769558400000,2026-01-28 02:00:00,0.03663,0.03669,0.03624,0.03636,1500339.8
1769565600000,2026-01-28 04:00:00,0.03636,0.03646,0.03624,0.03626,680118.3
1769572800000,2026-01-28 06:00:00,0.03626,0.03627,0.03601,0.03622,1370281.1
1769580000000,2026-01-28 08:00:00,0.03622,0.03632,0.03578,0.03589,3293780.9
1769587200000,2026-01-28 10:00:00,0.03589,0.0362,0.03576,0.03616,6232739.3
1769594400000,2026-01-28 12:00:00,0.03616,0.03638,0.03599,0.03637,2090615.2
1769601600000,2026-01-28 14:00:00,0.03637,0.03637,0.03593,0.0361,2512249.7
1769608800000,2026-01-28 16:00:00,0.0361,0.03613,0.03565,0.03573,3538890.0
1769616000000,2026-01-28 18:00:00,0.03573,0.03604,0.03544,0.0359,3746524.1
1769623200000,2026-01-28 20:00:00,0.0359,0.03593,0.03558,0.03583,2927781.4
1769630400000,2026-01-28 22:00:00,0.03583,0.03618,0.03551,0.03605,4651052.4
1769637600000,2026-01-29 00:00:00,0.03605,0.03716,0.03594,0.03691,7130240.4
1769644800000,2026-01-29 02:00:00,0.03691,0.03704,0.0358,0.03585,7143698.3
1769652000000,2026-01-29 04:00:00,0.03585,0.03599,0.03523,0.03541,5588713.8
1769659200000,2026-01-29 06:00:00,0.03541,0.03547,0.03514,0.03522,4093455.8
1769666400000,2026-01-29 08:00:00,0.03522,0.03554,0.03519,0.03535,2629861.4
1769673600000,2026-01-29 10:00:00,0.03535,0.03537,0.03501,0.03506,3296977.7
1769680800000,2026-01-29 12:00:00,0.03506,0.03512,0.03467,0.03474,6203445.8
1769688000000,2026-01-29 14:00:00,0.03474,0.03474,0.03426,0.0346,4377551.9
1769695200000,2026-01-29 16:00:00,0.0346,0.03476,0.03299,0.03368,20011450.6
1769702400000,2026-01-29 18:00:00,0.03368,0.03438,0.03331,0.03356,7085278.1
1769709600000,2026-01-29 20:00:00,0.03356,0.03368,0.03299,0.03341,9479928.6
1769716800000,2026-01-29 22:00:00,0.03341,0.03418,0.03333,0.03409,5225769.0
1769724000000,2026-01-30 00:00:00,0.03409,0.03421,0.03387,0.03394,1631038.0
1769731200000,2026-01-30 02:00:00,0.03394,0.03412,0.03254,0.03341,15893076.8
1769738400000,2026-01-30 04:00:00,0.03341,0.03342,0.03264,0.03295,4520791.8
1769745600000,2026-01-30 06:00:00,0.03295,0.03342,0.03294,0.033,2478824.7
1769752800000,2026-01-30 08:00:00,0.033,0.03325,0.03255,0.03296,5048048.0
1769760000000,2026-01-30 10:00:00,0.03296,0.03304,0.03264,0.03279,3293123.4
1769767200000,2026-01-30 12:00:00,0.03279,0.03352,0.03266,0.03342,2464512.8
1769774400000,2026-01-30 14:00:00,0.03342,0.03348,0.03279,0.03291,6023197.4
1769781600000,2026-01-30 16:00:00,0.03291,0.0334,0.03263,0.03295,5883977.9
1769788800000,2026-01-30 18:00:00,0.03295,0.03317,0.03267,0.03292,4233224.5
1769796000000,2026-01-30 20:00:00,0.03292,0.03378,0.03215,0.03356,12018604.4
1769803200000,2026-01-30 22:00:00,0.03356,0.03357,0.03289,0.03314,6957783.4
1769810400000,2026-01-31 00:00:00,0.03314,0.03319,0.03279,0.03306,1388973.9
1769817600000,2026-01-31 02:00:00,0.03306,0.03307,0.03277,0.03286,1335378.9
1769824800000,2026-01-31 04:00:00,0.03286,0.03297,0.0327,0.03285,731061.2
1769832000000,2026-01-31 06:00:00,0.03285,0.03293,0.03274,0.03284,641755.3
1769839200000,2026-01-31 08:00:00,0.03284,0.03286,0.0322,0.0324,2149077.0
1769846400000,2026-01-31 10:00:00,0.0324,0.03244,0.03157,0.03189,7056684.0
1769853600000,2026-01-31 12:00:00,0.03189,0.03205,0.03169,0.03174,1114539.0
1769860800000,2026-01-31 14:00:00,0.03174,0.03179,0.03115,0.03127,4372986.3
1769868000000,2026-01-31 16:00:00,0.03127,0.03134,0.0298,0.03037,25558561.0
1769875200000,2026-01-31 18:00:00,0.03037,0.03083,0.02813,0.02887,47131458.1
1769882400000,2026-01-31 20:00:00,0.02887,0.02912,0.02642,0.02895,46959176.6
1769889600000,2026-01-31 22:00:00,0.02895,0.02986,0.02891,0.02982,7205884.3
1769896800000,2026-02-01 00:00:00,0.02982,0.03044,0.0295,0.0302,6831987.7
1769904000000,2026-02-01 02:00:00,0.0302,0.03065,0.03017,0.03049,4867130.7
1769911200000,2026-02-01 04:00:00,0.03049,0.03095,0.03048,0.03095,2321300.1
1769918400000,2026-02-01 06:00:00,0.03095,0.03103,0.03057,0.03065,2752458.0
1769925600000,2026-02-01 08:00:00,0.03065,0.03091,0.03055,0.03067,3896500.6
1769932800000,2026-02-01 10:00:00,0.03067,0.03118,0.03051,0.03116,2872088.7
1769940000000,2026-02-01 12:00:00,0.03116,0.03128,0.03056,0.03071,4810228.9
1769947200000,2026-02-01 14:00:00,0.03071,0.03108,0.03043,0.03075,4259792.4
1769954400000,2026-02-01 16:00:00,0.03075,0.03096,0.02966,0.03007,10092855.6
1769961600000,2026-02-01 18:00:00,0.03007,0.03033,0.02969,0.02986,5331207.0
1769968800000,2026-02-01 20:00:00,0.02986,0.03049,0.02973,0.02996,6922844.8
1769976000000,2026-02-01 22:00:00,0.02996,0.03049,0.0298,0.02993,6224532.7
1769983200000,2026-02-02 00:00:00,0.02993,0.03045,0.02895,0.02956,12320362.7
1769990400000,2026-02-02 02:00:00,0.02956,0.03038,0.02933,0.03009,6087913.5
1769997600000,2026-02-02 04:00:00,0.03009,0.03012,0.02872,0.02981,9685389.9
1770004800000,2026-02-02 06:00:00,0.02981,0.0302,0.02899,0.02924,6138767.9
1770012000000,2026-02-02 08:00:00,0.02924,0.03007,0.02882,0.02925,14558167.5
1770019200000,2026-02-02 10:00:00,0.02925,0.02992,0.02925,0.0298,6688749.7
1770026400000,2026-02-02 12:00:00,0.0298,0.03007,0.02962,0.02972,5117377.3
1770033600000,2026-02-02 14:00:00,0.02972,0.03021,0.02972,0.03015,3898222.0
1770040800000,2026-02-02 16:00:00,0.03015,0.03103,0.02991,0.03086,8386571.9
1770048000000,2026-02-02 18:00:00,0.03086,0.03104,0.03057,0.03066,2931527.9
1770055200000,2026-02-02 20:00:00,0.03066,0.03082,0.03043,0.03044,2160939.4
1770062400000,2026-02-02 22:00:00,0.03044,0.03059,0.03026,0.03048,3557854.7
1770069600000,2026-02-03 00:00:00,0.03048,0.0306,0.03041,0.03045,2421043.1
1770076800000,2026-02-03 02:00:00,0.03045,0.03051,0.03006,0.03017,1602626.2
1770084000000,2026-02-03 04:00:00,0.03017,0.03026,0.02961,0.03023,4211183.5
1770091200000,2026-02-03 06:00:00,0.03023,0.03037,0.02995,0.02996,1940253.3
1770098400000,2026-02-03 08:00:00,0.02996,0.03043,0.02981,0.03033,3915922.5
1770105600000,2026-02-03 10:00:00,0.03033,0.03039,0.0297,0.03004,6534370.3
1770112800000,2026-02-03 12:00:00,0.03004,0.03025,0.02998,0.03017,2121434.5
1770120000000,2026-02-03 14:00:00,0.03017,0.03042,0.03006,0.03024,3519036.0
1770127200000,2026-02-03 16:00:00,0.03024,0.03062,0.0296,0.03054,9978404.9
1770134400000,2026-02-03 18:00:00,0.03054,0.03056,0.02905,0.02905,9033532.5
1770141600000,2026-02-03 20:00:00,0.02905,0.02995,0.0283,0.02968,16764016.6
1770148800000,2026-02-03 22:00:00,0.02968,0.03097,0.02934,0.03005,23061389.0
1770156000000,2026-02-04 00:00:00,0.03005,0.03006,0.02935,0.02961,6418347.8
1770163200000,2026-02-04 02:00:00,0.02961,0.03012,0.02951,0.02987,2620651.9
1770170400000,2026-02-04 04:00:00,0.02987,0.0303,0.02977,0.03014,2954360.0
1770177600000,2026-02-04 06:00:00,0.03014,0.03014,0.02957,0.02971,2218803.8
1770184800000,2026-02-04 08:00:00,0.02971,0.03008,0.02962,0.02998,3655820.4
1770192000000,2026-02-04 10:00:00,0.02998,0.03,0.02966,0.02968,1390291.3
1770199200000,2026-02-04 12:00:00,0.02968,0.02975,0.02927,0.02959,4749314.5
1770206400000,2026-02-04 14:00:00,0.02959,0.02971,0.02902,0.02905,5365662.8
1770213600000,2026-02-04 16:00:00,0.02905,0.02932,0.02837,0.02869,12396827.6
1770220800000,2026-02-04 18:00:00,0.02869,0.02885,0.02832,0.02865,10091110.2
1770228000000,2026-02-04 20:00:00,0.02865,0.02963,0.02828,0.02956,13183361.0
1770235200000,2026-02-04 22:00:00,0.02956,0.02958,0.02881,0.02907,3523597.4
1770242400000,2026-02-05 00:00:00,0.02907,0.02948,0.02855,0.02905,6632040.3
1770249600000,2026-02-05 02:00:00,0.02905,0.02944,0.02881,0.02898,5516043.4
1770256800000,2026-02-05 04:00:00,0.02898,0.02922,0.02841,0.02855,13547883.3
1770264000000,2026-02-05 06:00:00,0.02855,0.02881,0.0282,0.02847,5569436.6
1770271200000,2026-02-05 08:00:00,0.02847,0.02863,0.02811,0.02831,3993072.2
1770278400000,2026-02-05 10:00:00,0.02831,0.02887,0.02831,0.02847,3922346.8
1770285600000,2026-02-05 12:00:00,0.02847,0.02848,0.02725,0.02761,10223646.7
1770292800000,2026-02-05 14:00:00,0.02761,0.02774,0.02724,0.02734,8129014.6
1770300000000,2026-02-05 16:00:00,0.02734,0.02799,0.02562,0.02614,31113319.6
1770307200000,2026-02-05 18:00:00,0.02614,0.02661,0.02536,0.02573,26106015.9
1770314400000,2026-02-05 20:00:00,0.02573,0.02596,0.0252,0.02533,10367198.3
1770321600000,2026-02-05 22:00:00,0.02533,0.02551,0.02399,0.02465,36622917.5
1770328800000,2026-02-06 00:00:00,0.02465,0.02536,0.02434,0.02471,12739666.6
1770336000000,2026-02-06 02:00:00,0.02471,0.02544,0.02251,0.02541,100849869.0
1770343200000,2026-02-06 04:00:00,0.02541,0.02559,0.02465,0.02513,12055037.0
1770350400000,2026-02-06 06:00:00,0.02513,0.02608,0.02504,0.02604,6390769.8
1770357600000,2026-02-06 08:00:00,0.02604,0.02626,0.02538,0.02569,7651566.9
1770364800000,2026-02-06 10:00:00,0.02569,0.02629,0.02558,0.0262,9157126.7
1770372000000,2026-02-06 12:00:00,0.0262,0.02672,0.02604,0.0266,6454053.3
1770379200000,2026-02-06 14:00:00,0.0266,0.02717,0.02642,0.02682,8988417.7
1770386400000,2026-02-06 16:00:00,0.02682,0.02783,0.02682,0.02769,18215404.5
1770393600000,2026-02-06 18:00:00,0.02769,0.02943,0.02758,0.02892,13262241.5
1770400800000,2026-02-06 20:00:00,0.02892,0.02907,0.02814,0.02855,20829765.3
1770408000000,2026-02-06 22:00:00,0.02855,0.02864,0.02809,0.02835,5660590.6
1770415200000,2026-02-07 00:00:00,0.02835,0.02889,0.02833,0.02862,4677891.0
1770422400000,2026-02-07 02:00:00,0.02862,0.02868,0.0281,0.02832,6803867.3
1770429600000,2026-02-07 04:00:00,0.02832,0.02851,0.0281,0.02842,3425676.3
1770436800000,2026-02-07 06:00:00,0.02842,0.02882,0.02828,0.02835,5096206.8
1770444000000,2026-02-07 08:00:00,0.02835,0.02849,0.02732,0.02761,6891119.3
1770451200000,2026-02-07 10:00:00,0.02761,0.02781,0.02745,0.02756,2214755.6
1770458400000,2026-02-07 12:00:00,0.02756,0.02762,0.02727,0.02743,1649423.9
1770465600000,2026-02-07 14:00:00,0.02743,0.02835,0.02738,0.0279,5751067.6
1770472800000,2026-02-07 16:00:00,0.0279,0.02805,0.02749,0.02791,3463707.6
1770480000000,2026-02-07 18:00:00,0.02791,0.02885,0.02786,0.02807,44987639.8
1770487200000,2026-02-07 20:00:00,0.02807,0.02851,0.02801,0.02807,2618797.9
1770494400000,2026-02-07 22:00:00,0.02807,0.02831,0.028,0.02816,3270874.3
1770501600000,2026-02-08 00:00:00,0.02816,0.02823,0.0279,0.02805,1467466.0
1770508800000,2026-02-08 02:00:00,0.02805,0.02809,0.02784,0.02792,1156194.6
1770516000000,2026-02-08 04:00:00,0.02792,0.02804,0.0276,0.02762,1092358.2
1770523200000,2026-02-08 06:00:00,0.02762,0.02772,0.02753,0.02759,704461.8
1770530400000,2026-02-08 08:00:00,0.02759,0.02767,0.02752,0.02767,1116207.5
1770537600000,2026-02-08 10:00:00,0.02767,0.02808,0.02758,0.02783,2330526.9
1770544800000,2026-02-08 12:00:00,0.02783,0.02818,0.02766,0.02818,3492343.4
1770552000000,2026-02-08 14:00:00,0.02818,0.02822,0.02789,0.02799,4144158.3
1770559200000,2026-02-08 16:00:00,0.02799,0.02809,0.02769,0.02777,2696279.6
1770566400000,2026-02-08 18:00:00,0.02777,0.02783,0.02722,0.02753,1769618.0
1770573600000,2026-02-08 20:00:00,0.02753,0.02788,0.02752,0.02781,3380298.5
1770580800000,2026-02-08 22:00:00,0.02781,0.02784,0.02733,0.0275,1413636.7
1770588000000,2026-02-09 00:00:00,0.0275,0.02807,0.02723,0.02748,2532936.9
1770595200000,2026-02-09 02:00:00,0.02748,0.02768,0.02725,0.02746,3995578.2
1770602400000,2026-02-09 04:00:00,0.02746,0.02773,0.02737,0.02765,3375689.8
1770609600000,2026-02-09 06:00:00,0.02765,0.02773,0.02751,0.02767,1475178.6
1770616800000,2026-02-09 08:00:00,0.02767,0.02768,0.02726,0.0273,1915988.6
1770624000000,2026-02-09 10:00:00,0.0273,0.02735,0.02673,0.02678,3963900.4
1770631200000,2026-02-09 12:00:00,0.02678,0.02688,0.02641,0.0267,2504537.0
1770638400000,2026-02-09 14:00:00,0.0267,0.02718,0.02669,0.02671,5032375.9
1770645600000,2026-02-09 16:00:00,0.02671,0.02732,0.02663,0.02714,5631121.6
1770652800000,2026-02-09 18:00:00,0.02714,0.02763,0.02691,0.02748,4565716.3
1770660000000,2026-02-09 20:00:00,0.02748,0.02756,0.02714,0.02734,2070064.9
1770667200000,2026-02-09 22:00:00,0.02734,0.02742,0.02696,0.02725,2790847.3
1770674400000,2026-02-10 00:00:00,0.02725,0.02735,0.02701,0.02711,1584220.7
1770681600000,2026-02-10 02:00:00,0.02711,0.02726,0.02705,0.02717,565818.9
1770688800000,2026-02-10 04:00:00,0.02717,0.02721,0.02659,0.02676,2143860.4
1770696000000,2026-02-10 06:00:00,0.02676,0.02695,0.0266,0.02666,974432.3
1770703200000,2026-02-10 08:00:00,0.02666,0.02669,0.02621,0.02633,3532195.2
1770710400000,2026-02-10 10:00:00,0.02633,0.02652,0.02628,0.02638,2016679.8
1770717600000,2026-02-10 12:00:00,0.02638,0.02648,0.02622,0.02632,1460750.2
1770724800000,2026-02-10 14:00:00,0.02632,0.02648,0.02626,0.02646,2492062.4
1770732000000,2026-02-10 16:00:00,0.02646,0.02675,0.02627,0.02662,2844918.2
1770739200000,2026-02-10 18:00:00,0.02662,0.02679,0.0265,0.02666,1227380.1
1770746400000,2026-02-10 20:00:00,0.02666,0.02672,0.02628,0.02643,1064798.4
1770753600000,2026-02-10 22:00:00,0.02643,0.02652,0.02629,0.02641,833631.2
1770760800000,2026-02-11 00:00:00,0.02641,0.02654,0.02639,0.02651,944092.3
1770768000000,2026-02-11 02:00:00,0.02651,0.02671,0.02647,0.02665,1800358.7
1770775200000,2026-02-11 04:00:00,0.02665,0.02673,0.02633,0.02652,1754270.5
1770782400000,2026-02-11 06:00:00,0.02652,0.02655,0.02599,0.02601,2497887.4
1770789600000,2026-02-11 08:00:00,0.02601,0.02603,0.02551,0.02551,3934238.8
1770796800000,2026-02-11 10:00:00,0.02551,0.02567,0.02543,0.02556,2162460.2
1770804000000,2026-02-11 12:00:00,0.02556,0.02567,0.02536,0.02565,1780358.5
1770811200000,2026-02-11 14:00:00,0.02565,0.026,0.02558,0.026,3938620.9
1770818400000,2026-02-11 16:00:00,0.026,0.02688,0.02541,0.02567,16151960.6
1770825600000,2026-02-11 18:00:00,0.02567,0.02603,0.02549,0.02576,3678875.6
1770832800000,2026-02-11 20:00:00,0.02576,0.02621,0.02568,0.02601,4532960.0
1770840000000,2026-02-11 22:00:00,0.02601,0.02647,0.0258,0.02634,4162823.5
1770847200000,2026-02-12 00:00:00,0.02634,0.02646,0.02592,0.02606,2808775.7
1770854400000,2026-02-12 02:00:00,0.02606,0.02657,0.02606,0.02638,1895888.7
1770861600000,2026-02-12 04:00:00,0.02638,0.02662,0.02631,0.02662,494211.0
1770868800000,2026-02-12 06:00:00,0.02662,0.02673,0.02642,0.02669,974124.5
1770876000000,2026-02-12 08:00:00,0.02669,0.02702,0.02666,0.02701,1193719.2
1770883200000,2026-02-12 10:00:00,0.02701,0.02727,0.0268,0.02719,2607580.2
1770890400000,2026-02-12 12:00:00,0.02719,0.02754,0.02719,0.02733,1270155.2
1770897600000,2026-02-12 14:00:00,0.02733,0.02734,0.02674,0.02698,2865596.4
1770904800000,2026-02-12 16:00:00,0.02698,0.02699,0.02647,0.02648,3240867.0
1770912000000,2026-02-12 18:00:00,0.02648,0.02657,0.02587,0.02609,5122126.3
1770919200000,2026-02-12 20:00:00,0.02609,0.02679,0.02603,0.02648,1832799.9
1770926400000,2026-02-12 22:00:00,0.02648,0.02657,0.02618,0.02635,1114013.9
1770933600000,2026-02-13 00:00:00,0.02635,0.02678,0.02626,0.02678,1412243.3
1770940800000,2026-02-13 02:00:00,0.02678,0.02689,0.02648,0.02654,1058871.3
1770948000000,2026-02-13 04:00:00,0.02654,0.02658,0.0264,0.02646,686244.8
1770955200000,2026-02-13 06:00:00,0.02646,0.02646,0.02621,0.02621,943554.3
1770962400000,2026-02-13 08:00:00,0.02621,0.02652,0.02615,0.02641,2322355.2
1770969600000,2026-02-13 10:00:00,0.02641,0.0267,0.02637,0.02664,1924839.8
1770976800000,2026-02-13 12:00:00,0.02664,0.02689,0.02664,0.0267,2129002.2
1770984000000,2026-02-13 14:00:00,0.0267,0.02678,0.02647,0.02664,2452680.8
1770991200000,2026-02-13 16:00:00,0.02664,0.02762,0.02651,0.0271,6707963.4
1770998400000,2026-02-13 18:00:00,0.0271,0.02772,0.0271,0.02753,6919776.3
1771005600000,2026-02-13 20:00:00,0.02753,0.02757,0.02741,0.02746,2235959.6
1771012800000,2026-02-13 22:00:00,0.02746,0.02782,0.02738,0.02771,2184626.6
1771020000000,2026-02-14 00:00:00,0.02771,0.02784,0.02747,0.02751,1024004.1
1771027200000,2026-02-14 02:00:00,0.02751,0.02806,0.02751,0.02796,3063965.6
1771034400000,2026-02-14 04:00:00,0.02796,0.02804,0.02782,0.02795,1654498.8
1771041600000,2026-02-14 06:00:00,0.02795,0.02797,0.02774,0.02774,1836544.0
1771048800000,2026-02-14 08:00:00,0.02774,0.02785,0.02765,0.02782,2297587.6
1771056000000,2026-02-14 10:00:00,0.02782,0.02817,0.02778,0.02814,1371473.2
1771063200000,2026-02-14 12:00:00,0.02814,0.02837,0.02798,0.02832,2645626.3
1771070400000,2026-02-14 14:00:00,0.02832,0.02847,0.02798,0.02809,3314411.3
1771077600000,2026-02-14 16:00:00,0.02809,0.02858,0.02809,0.02858,2143201.2
1771084800000,2026-02-14 18:00:00,0.02858,0.02898,0.02838,0.02872,2923454.9
1771092000000,2026-02-14 20:00:00,0.02872,0.02933,0.02872,0.02929,2401091.6
1771099200000,2026-02-14 22:00:00,0.02929,0.02942,0.02892,0.02909,3172042.9
1771106400000,2026-02-15 00:00:00,0.02909,0.02933,0.02889,0.02897,2057015.1
1771113600000,2026-02-15 02:00:00,0.02897,0.02903,0.0287,0.02883,1424221.4
1771120800000,2026-02-15 04:00:00,0.02883,0.02896,0.02835,0.02883,2704321.7
1771128000000,2026-02-15 06:00:00,0.02883,0.02925,0.0288,0.02912,2386472.7
1771135200000,2026-02-15 08:00:00,0.02912,0.02932,0.02891,0.02919,1094314.8
1771142400000,2026-02-15 10:00:00,0.02919,0.02923,0.0286,0.02873,2590649.7
1771149600000,2026-02-15 12:00:00,0.02873,0.02876,0.02837,0.02847,2235515.1
1771156800000,2026-02-15 14:00:00,0.02847,0.02847,0.02741,0.02753,6698255.7
1771164000000,2026-02-15 16:00:00,0.02753,0.02789,0.0275,0.02774,1213365.7
1771171200000,2026-02-15 18:00:00,0.02774,0.02778,0.0272,0.02744,5163133.1
1771178400000,2026-02-15 20:00:00,0.02744,0.02758,0.02717,0.02731,2572849.0
1771185600000,2026-02-15 22:00:00,0.02731,0.02757,0.02718,0.0275,872317.6
1771192800000,2026-02-16 00:00:00,0.0275,0.02784,0.02736,0.02783,1682093.9
1771200000000,2026-02-16 02:00:00,0.02783,0.02799,0.0276,0.02772,1668056.9
1771207200000,2026-02-16 04:00:00,0.02772,0.02789,0.02766,0.02788,3261770.6
1771214400000,2026-02-16 06:00:00,0.02788,0.02806,0.02757,0.02765,892315.3
1771221600000,2026-02-16 08:00:00,0.02765,0.02783,0.02756,0.02764,1012340.8
1771228800000,2026-02-16 10:00:00,0.02764,0.02791,0.02761,0.02785,1743079.2
1771236000000,2026-02-16 12:00:00,0.02785,0.02788,0.02738,0.02774,1637761.2
1771243200000,2026-02-16 14:00:00,0.02774,0.02839,0.02766,0.02773,4513073.3
1771250400000,2026-02-16 16:00:00,0.02773,0.02802,0.02728,0.02747,2265141.9
1771257600000,2026-02-16 18:00:00,0.02747,0.02776,0.02744,0.02759,1629871.6
1771264800000,2026-02-16 20:00:00,0.02759,0.02791,0.02756,0.02784,1122827.7
1771272000000,2026-02-16 22:00:00,0.02784,0.02828,0.02774,0.02827,1486372.8
1771279200000,2026-02-17 00:00:00,0.02827,0.02834,0.02808,0.02814,1144904.1
1771286400000,2026-02-17 02:00:00,0.02814,0.02819,0.02791,0.02794,581488.8
1771293600000,2026-02-17 04:00:00,0.02794,0.02815,0.02781,0.02792,417868.8
1771300800000,2026-02-17 06:00:00,0.02792,0.02805,0.02761,0.02782,948642.4
1771308000000,2026-02-17 08:00:00,0.02782,0.028,0.02781,0.02794,593508.5
1771315200000,2026-02-17 10:00:00,0.02794,0.02798,0.02768,0.02779,1619301.5
1771322400000,2026-02-17 12:00:00,0.02779,0.02783,0.02761,0.02776,1659012.4
1771329600000,2026-02-17 14:00:00,0.02776,0.02799,0.0277,0.02791,1443846.8
1771336800000,2026-02-17 16:00:00,0.02791,0.02799,0.02731,0.02774,3510181.9
1771344000000,2026-02-17 18:00:00,0.02774,0.02814,0.02747,0.02759,2457355.9
1771351200000,2026-02-17 20:00:00,0.02759,0.02808,0.02756,0.02783,1273310.9
1771358400000,2026-02-17 22:00:00,0.02783,0.02787,0.02763,0.02777,668163.7
1771365600000,2026-02-18 00:00:00,0.02777,0.02779,0.02762,0.0277,882165.1
1771372800000,2026-02-18 02:00:00,0.0277,0.02778,0.02747,0.02758,1362510.2
1771380000000,2026-02-18 04:00:00,0.02758,0.02785,0.02755,0.02781,578989.1
1771387200000,2026-02-18 06:00:00,0.02781,0.02784,0.02771,0.02777,446344.1
1771394400000,2026-02-18 08:00:00,0.02777,0.02795,0.02773,0.02791,517222.4
1771401600000,2026-02-18 10:00:00,0.02791,0.02801,0.02781,0.02783,439232.3
1771408800000,2026-02-18 12:00:00,0.02783,0.02791,0.02742,0.02756,2224405.5
1771416000000,2026-02-18 14:00:00,0.02756,0.02762,0.02709,0.02721,2573665.0
1771423200000,2026-02-18 16:00:00,0.02721,0.02779,0.02709,0.02758,4192024.1
1771430400000,2026-02-18 18:00:00,0.02758,0.02761,0.02721,0.02722,2334440.0
1771437600000,2026-02-18 20:00:00,0.02722,0.02726,0.0266,0.02678,2157661.8
1771444800000,2026-02-18 22:00:00,0.02678,0.02692,0.02665,0.02667,3837818.9
1771452000000,2026-02-19 00:00:00,0.02667,0.02685,0.02648,0.02685,1888522.6
1771459200000,2026-02-19 02:00:00,0.02685,0.02699,0.02663,0.02696,1731321.1
1771466400000,2026-02-19 04:00:00,0.02696,0.02703,0.02684,0.02701,524198.4
1771473600000,2026-02-19 06:00:00,0.02701,0.02705,0.02679,0.02691,373800.9
1771480800000,2026-02-19 08:00:00,0.02691,0.02706,0.02688,0.02694,837263.7
1771488000000,2026-02-19 10:00:00,0.02694,0.02694,0.02653,0.02672,1484890.9
