timestamp,datetime,open,high,low,close,volume
1735214400000,2024-12-26 14:00:00,10.542,10.593,10.327,10.408,386059.7
1735228800000,2024-12-26 18:00:00,10.408,10.452,10.168,10.355,335397.3
1735243200000,2024-12-26 22:00:00,10.355,10.399,10.177,10.289,210975.6
1735257600000,2024-12-27 02:00:00,10.289,10.504,10.213,10.431,201392.9
1735272000000,2024-12-27 06:00:00,10.431,10.53,10.155,10.277,283119.4
1735286400000,2024-12-27 10:00:00,10.277,10.8,10.277,10.678,546669.7
1735300800000,2024-12-27 14:00:00,10.678,10.76,10.123,10.187,363010.0
1735315200000,2024-12-27 18:00:00,10.187,10.417,10.046,10.325,522398.0
1735329600000,2024-12-27 22:00:00,10.325,10.333,10.142,10.213,143619.8
1735344000000,2024-12-28 02:00:00,10.213,10.262,10.106,10.232,118047.7
1735358400000,2024-12-28 06:00:00,10.232,10.283,10.126,10.138,117780.5
1735372800000,2024-12-28 10:00:00,10.138,10.253,10.093,10.196,134570.8
1735387200000,2024-12-28 14:00:00,10.196,10.488,10.084,10.318,304116.1
1735401600000,2024-12-28 18:00:00,10.318,10.683,10.301,10.641,271418.2
1735416000000,2024-12-28 22:00:00,10.641,10.838,10.6,10.656,271088.1
1735430400000,2024-12-29 02:00:00,10.656,10.695,10.503,10.65,178508.1
1735444800000,2024-12-29 06:00:00,10.65,10.671,10.515,10.645,115678.6
1735459200000,2024-12-29 10:00:00,10.645,10.66,10.394,10.395,157681.4
1735473600000,2024-12-29 14:00:00,10.395,10.445,10.225,10.32,257908.3
1735488000000,2024-12-29 18:00:00,10.32,10.324,10.081,10.135,253232.9
1735502400000,2024-12-29 22:00:00,10.135,10.211,10.007,10.148,239639.9
1735516800000,2024-12-30 02:00:00,10.148,10.549,10.087,10.321,220554.3
1735531200000,2024-12-30 06:00:00,10.321,10.486,10.216,10.345,178952.0
1735545600000,2024-12-30 10:00:00,10.345,10.458,10.142,10.27,231964.3
1735560000000,2024-12-30 14:00:00,10.27,10.347,9.733,9.839,555786.6
1735574400000,2024-12-30 18:00:00,9.839,10.343,9.789,10.309,351961.6
1735588800000,2024-12-30 22:00:00,10.309,10.417,9.897,10.022,397920.7
1735603200000,2024-12-31 02:00:00,10.022,10.023,9.855,9.88,178339.6
1735617600000,2024-12-31 06:00:00,9.88,9.968,9.801,9.865,159082.0
1735632000000,2024-12-31 10:00:00,9.865,10.152,9.859,10.021,287689.9
1735646400000,2024-12-31 14:00:00,10.021,10.313,10.005,10.125,332625.3
1735660800000,2024-12-31 18:00:00,10.125,10.198,9.846,9.932,258315.5
1735675200000,2024-12-31 22:00:00,9.932,9.994,9.823,9.876,136621.4
1735689600000,2025-01-01 02:00:00,9.876,10.058,9.847,9.914,212256.0
1735704000000,2025-01-01 06:00:00,9.914,9.939,9.843,9.921,83382.7
1735718400000,2025-01-01 10:00:00,9.921,9.961,9.724,9.847,205355.5
1735732800000,2025-01-01 14:00:00,9.847,10.209,9.814,10.203,299452.4
1735747200000,2025-01-01 18:00:00,10.203,10.591,10.054,10.509,570369.5
1735761600000,2025-01-01 22:00:00,10.509,10.706,10.468,10.5,493658.2
1735776000000,2025-01-02 02:00:00,10.5,10.723,10.5,10.617,308981.4
1735790400000,2025-01-02 06:00:00,10.617,10.769,10.591,10.7,213120.3
1735804800000,2025-01-02 10:00:00,10.7,10.871,10.62,10.771,480201.3
1735819200000,2025-01-02 14:00:00,10.771,10.877,10.601,10.641,641886.9
1735833600000,2025-01-02 18:00:00,10.641,10.796,10.59,10.659,223236.1
1735848000000,2025-01-02 22:00:00,10.659,10.706,10.526,10.683,200539.5
1735862400000,2025-01-03 02:00:00,10.683,11.197,10.644,11.182,308894.9
1735876800000,2025-01-03 06:00:00,11.182,11.185,10.817,10.855,431063.4
1735891200000,2025-01-03 10:00:00,10.855,11.458,10.839,11.443,988302.1
1735905600000,2025-01-03 14:00:00,11.443,12.064,11.423,12.035,1879995.8
1735920000000,2025-01-03 18:00:00,12.035,12.488,11.964,12.317,1035768.2
1735934400000,2025-01-03 22:00:00,12.317,12.394,12.115,12.385,464671.8
1735948800000,2025-01-04 02:00:00,12.385,12.573,12.224,12.446,569592.4
1735963200000,2025-01-04 06:00:00,12.446,12.478,12.242,12.445,265040.7
1735977600000,2025-01-04 10:00:00,12.445,12.493,12.118,12.19,316559.6
1735992000000,2025-01-04 14:00:00,12.19,12.734,12.163,12.202,921259.2
1736006400000,2025-01-04 18:00:00,12.202,12.369,12.138,12.293,346535.5
1736020800000,2025-01-04 22:00:00,12.293,12.407,12.251,12.291,160720.1
1736035200000,2025-01-05 02:00:00,12.291,12.309,11.995,12.084,261267.9
1736049600000,2025-01-05 06:00:00,12.084,12.23,12.038,12.101,234241.9
1736064000000,2025-01-05 10:00:00,12.101,12.528,11.893,11.973,661413.1
1736078400000,2025-01-05 14:00:00,11.973,12.14,11.861,12.077,296556.5
1736092800000,2025-01-05 18:00:00,12.077,12.149,11.934,12.099,124097.1
1736107200000,2025-01-05 22:00:00,12.099,12.276,12.037,12.117,244618.4
1736121600000,2025-01-06 02:00:00,12.117,12.428,11.807,12.355,589986.1
1736136000000,2025-01-06 06:00:00,12.355,12.397,11.96,12.004,278477.7
1736150400000,2025-01-06 10:00:00,12.004,12.162,11.917,12.156,171783.3
1736164800000,2025-01-06 14:00:00,12.156,12.364,11.956,12.316,678233.4
1736179200000,2025-01-06 18:00:00,12.316,12.504,12.037,12.151,589198.7
1736193600000,2025-01-06 22:00:00,12.151,12.269,12.031,12.19,206892.3
1736208000000,2025-01-07 02:00:00,12.19,12.242,12.037,12.147,123859.3
1736222400000,2025-01-07 06:00:00,12.147,12.326,12.003,12.207,204080.9
1736236800000,2025-01-07 10:00:00,12.207,12.359,12.001,12.081,663156.8
1736251200000,2025-01-07 14:00:00,12.081,12.272,11.295,11.515,1443440.6
1736265600000,2025-01-07 18:00:00,11.515,11.606,11.133,11.17,483422.9
1736280000000,2025-01-07 22:00:00,11.17,11.268,11.005,11.021,269100.0
1736294400000,2025-01-08 02:00:00,11.021,11.246,10.874,10.963,402214.1
1736308800000,2025-01-08 06:00:00,10.963,10.984,10.588,10.743,397092.1
1736323200000,2025-01-08 10:00:00,10.743,10.951,10.691,10.785,210326.8
1736337600000,2025-01-08 14:00:00,10.785,11.2,10.701,11.199,474372.0
1736352000000,2025-01-08 18:00:00,11.199,11.203,10.341,10.833,919487.2
1736366400000,2025-01-08 22:00:00,10.833,10.945,10.674,10.849,224490.8
1736380800000,2025-01-09 02:00:00,10.849,10.993,10.738,10.802,210969.9
1736395200000,2025-01-09 06:00:00,10.802,10.823,10.41,10.435,300611.7
1736409600000,2025-01-09 10:00:00,10.435,10.624,10.329,10.499,317079.9
1736424000000,2025-01-09 14:00:00,10.499,10.584,10.04,10.507,755413.8
1736438400000,2025-01-09 18:00:00,10.507,10.532,10.049,10.066,292379.6
1736452800000,2025-01-09 22:00:00,10.066,10.195,9.946,10.118,428994.3
1736467200000,2025-01-10 02:00:00,10.118,10.367,10.088,10.329,255783.0
1736481600000,2025-01-10 06:00:00,10.329,10.736,10.292,10.642,189438.4
1736496000000,2025-01-10 10:00:00,10.642,10.84,10.57,10.615,229473.1
1736510400000,2025-01-10 14:00:00,10.615,10.757,10.211,10.411,787345.2
1736524800000,2025-01-10 18:00:00,10.411,10.579,10.25,10.498,440053.5
1736539200000,2025-01-10 22:00:00,10.498,10.503,10.295,10.325,137012.9
1736553600000,2025-01-11 02:00:00,10.325,10.355,10.151,10.21,190517.8
1736568000000,2025-01-11 06:00:00,10.21,10.254,10.12,10.153,146254.8
1736582400000,2025-01-11 10:00:00,10.153,10.299,10.059,10.27,144306.5
1736596800000,2025-01-11 14:00:00,10.27,10.302,10.145,10.168,180492.9
1736611200000,2025-01-11 18:00:00,10.168,10.222,10.101,10.185,103299.3
1736625600000,2025-01-11 22:00:00,10.185,10.678,10.17,10.47,301878.7
1736640000000,2025-01-12 02:00:00,10.47,10.503,10.355,10.46,81669.6
1736654400000,2025-01-12 06:00:00,10.46,10.539,10.331,10.392,83108.9
1736668800000,2025-01-12 10:00:00,10.392,10.534,10.222,10.509,183691.9
1736683200000,2025-01-12 14:00:00,10.509,10.552,10.301,10.506,239059.5
1736697600000,2025-01-12 18:00:00,10.506,10.526,10.305,10.331,158634.6
1736712000000,2025-01-12 22:00:00,10.331,10.359,10.096,10.227,164445.1
1736726400000,2025-01-13 02:00:00,10.227,10.532,9.884,9.927,547621.9
1736740800000,2025-01-13 06:00:00,9.927,10.132,9.788,9.891,247274.8
1736755200000,2025-01-13 10:00:00,9.891,9.919,9.306,9.316,371990.4
1736769600000,2025-01-13 14:00:00,9.316,9.866,9.272,9.767,585859.8
1736784000000,2025-01-13 18:00:00,9.767,9.771,9.403,9.459,406260.9
1736798400000,2025-01-13 22:00:00,9.459,9.879,9.408,9.776,208763.9
1736812800000,2025-01-14 02:00:00,9.776,9.951,9.738,9.865,138324.9
1736827200000,2025-01-14 06:00:00,9.865,10.012,9.857,9.876,151156.0
1736841600000,2025-01-14 10:00:00,9.876,10.144,9.876,9.944,318251.6
1736856000000,2025-01-14 14:00:00,9.944,10.159,9.833,10.06,299765.4
1736870400000,2025-01-14 18:00:00,10.06,10.167,9.925,10.136,205836.6
1736884800000,2025-01-14 22:00:00,10.136,10.272,10.03,10.23,177361.9
1736899200000,2025-01-15 02:00:00,10.23,10.393,10.127,10.246,245495.4
1736913600000,2025-01-15 06:00:00,10.246,10.463,10.147,10.382,216053.5
1736928000000,2025-01-15 10:00:00,10.382,10.47,10.065,10.131,237133.8
1736942400000,2025-01-15 14:00:00,10.131,10.928,10.026,10.816,645835.2
1736956800000,2025-01-15 18:00:00,10.816,10.951,10.682,10.892,351030.4
1736971200000,2025-01-15 22:00:00,10.892,11.063,10.761,11.026,287586.7
1736985600000,2025-01-16 02:00:00,11.026,11.091,10.607,10.652,429663.5
1737000000000,2025-01-16 06:00:00,10.652,10.772,10.602,10.697,99795.3
1737014400000,2025-01-16 10:00:00,10.697,10.728,10.422,10.699,277149.9
1737028800000,2025-01-16 14:00:00,10.699,11.171,10.559,10.876,693533.5
1737043200000,2025-01-16 18:00:00,10.876,11.243,10.871,11.079,398955.4
1737057600000,2025-01-16 22:00:00,11.079,11.123,10.673,10.804,226147.2
1737072000000,2025-01-17 02:00:00,10.804,11.296,10.804,11.196,288653.7
1737086400000,2025-01-17 06:00:00,11.196,11.397,11.11,11.251,249825.0
1737100800000,2025-01-17 10:00:00,11.251,11.394,11.172,11.304,391287.7
1737115200000,2025-01-17 14:00:00,11.304,11.317,11.092,11.183,374005.7
1737129600000,2025-01-17 18:00:00,11.183,11.333,11.095,11.223,258447.5
1737144000000,2025-01-17 22:00:00,11.223,11.462,11.209,11.351,203710.3
1737158400000,2025-01-18 02:00:00,11.351,11.484,10.924,10.972,376697.2
1737172800000,2025-01-18 06:00:00,10.972,11.042,10.517,10.584,445164.8
1737187200000,2025-01-18 10:00:00,10.584,10.738,10.46,10.713,357645.9
1737201600000,2025-01-18 14:00:00,10.713,10.829,10.54,10.563,242847.4
1737216000000,2025-01-18 18:00:00,10.563,10.635,10.46,10.579,332516.1
1737230400000,2025-01-18 22:00:00,10.579,10.69,10.47,10.632,209210.5
1737244800000,2025-01-19 02:00:00,10.632,10.9,10.544,10.566,267613.8
1737259200000,2025-01-19 06:00:00,10.566,10.566,10.366,10.445,341994.5
1737273600000,2025-01-19 10:00:00,10.445,10.458,9.87,9.935,770270.6
1737288000000,2025-01-19 14:00:00,9.935,10.953,9.931,10.766,604462.1
1737302400000,2025-01-19 18:00:00,10.766,10.855,10.581,10.654,331643.9
1737316800000,2025-01-19 22:00:00,10.654,10.702,9.674,9.887,1214802.3
1737331200000,2025-01-20 02:00:00,9.887,9.943,9.484,9.878,1031660.9
1737345600000,2025-01-20 06:00:00,9.878,10.812,9.723,10.485,1041105.6
1737360000000,2025-01-20 10:00:00,10.485,10.526,10.034,10.208,331523.7
1737374400000,2025-01-20 14:00:00,10.208,10.217,9.831,9.933,471034.7
1737388800000,2025-01-20 18:00:00,9.933,10.199,9.489,9.919,955843.5
1737403200000,2025-01-20 22:00:00,9.919,9.967,9.652,9.796,296953.7
1737417600000,2025-01-21 02:00:00,9.796,9.816,9.406,9.528,350037.4
1737432000000,2025-01-21 06:00:00,9.528,9.619,9.326,9.558,211985.1
1737446400000,2025-01-21 10:00:00,9.558,9.8,9.477,9.773,246492.7
1737460800000,2025-01-21 14:00:00,9.773,9.87,9.603,9.772,332463.7
1737475200000,2025-01-21 18:00:00,9.772,10.157,9.745,10.041,319923.0
1737489600000,2025-01-21 22:00:00,10.041,10.041,9.789,9.875,205470.3
1737504000000,2025-01-22 02:00:00,9.875,9.965,9.769,9.822,210156.7
1737518400000,2025-01-22 06:00:00,9.822,9.865,9.46,9.511,257683.7
1737532800000,2025-01-22 10:00:00,9.511,9.546,9.388,9.498,372053.2
1737547200000,2025-01-22 14:00:00,9.498,9.572,9.305,9.342,375397.7
1737561600000,2025-01-22 18:00:00,9.342,9.42,9.15,9.228,502567.8
1737576000000,2025-01-22 22:00:00,9.228,9.28,9.009,9.102,586542.4
1737590400000,2025-01-23 02:00:00,9.102,9.278,9.001,9.102,242036.9
1737604800000,2025-01-23 06:00:00,9.102,9.246,9.008,9.239,168074.2
1737619200000,2025-01-23 10:00:00,9.239,9.258,9.002,9.077,205733.4
1737633600000,2025-01-23 14:00:00,9.077,9.392,8.973,9.301,468888.6
1737648000000,2025-01-23 18:00:00,9.301,9.455,9.015,9.061,373329.4
1737662400000,2025-01-23 22:00:00,9.061,9.357,9.011,9.231,621565.5
1737676800000,2025-01-24 02:00:00,9.231,9.26,8.909,9.044,252216.9
1737691200000,2025-01-24 06:00:00,9.044,9.349,8.988,9.21,238582.9
1737705600000,2025-01-24 10:00:00,9.21,9.344,9.178,9.339,198816.4
1737720000000,2025-01-24 14:00:00,9.339,9.406,9.219,9.3,289025.4
1737734400000,2025-01-24 18:00:00,9.3,9.323,9.188,9.215,310092.9
1737748800000,2025-01-24 22:00:00,9.215,9.248,8.983,9.045,243255.6
1737763200000,2025-01-25 02:00:00,9.045,9.23,8.911,9.222,198086.2
1737777600000,2025-01-25 06:00:00,9.222,9.222,9.006,9.023,122635.4
1737792000000,2025-01-25 10:00:00,9.023,9.091,8.946,9.069,104403.3
1737806400000,2025-01-25 14:00:00,9.069,9.209,9.012,9.187,232118.4
1737820800000,2025-01-25 18:00:00,9.187,9.229,9.094,9.161,282930.8
1737835200000,2025-01-25 22:00:00,9.161,9.289,9.153,9.198,181430.3
1737849600000,2025-01-26 02:00:00,9.198,9.318,9.16,9.241,106288.5
1737864000000,2025-01-26 06:00:00,9.241,9.302,9.156,9.244,115309.5
1737878400000,2025-01-26 10:00:00,9.244,9.276,9.075,9.156,163778.9
1737892800000,2025-01-26 14:00:00,9.156,9.174,9.066,9.102,132337.6
1737907200000,2025-01-26 18:00:00,9.102,9.248,9.077,9.213,112567.7
1737921600000,2025-01-26 22:00:00,9.213,9.238,8.78,8.797,376796.3
1737936000000,2025-01-27 02:00:00,8.797,8.822,8.53,8.682,510830.2
1737950400000,2025-01-27 06:00:00,8.682,8.683,8.051,8.277,1139887.2
1737964800000,2025-01-27 10:00:00,8.277,8.444,8.121,8.358,798323.7
1737979200000,2025-01-27 14:00:00,8.358,8.823,8.316,8.786,798585.0
1737993600000,2025-01-27 18:00:00,8.786,8.839,8.479,8.614,313636.0
1738008000000,2025-01-27 22:00:00,8.614,9.031,8.614,8.893,357044.1
1738022400000,2025-01-28 02:00:00,8.893,9.001,8.803,8.937,145509.8
1738036800000,2025-01-28 06:00:00,8.937,9.116,8.91,8.944,156315.7
1738051200000,2025-01-28 10:00:00,8.944,9.021,8.865,8.942,176352.5
1738065600000,2025-01-28 14:00:00,8.942,9.087,8.837,8.968,225244.1
1738080000000,2025-01-28 18:00:00,8.968,8.983,8.758,8.831,208870.6
1738094400000,2025-01-28 22:00:00,8.831,8.872,8.426,8.537,405637.6
1738108800000,2025-01-29 02:00:00,8.537,8.756,8.497,8.658,198413.1
1738123200000,2025-01-29 06:00:00,8.658,8.822,8.617,8.809,366752.7
1738137600000,2025-01-29 10:00:00,8.809,8.84,8.602,8.688,166069.7
1738152000000,2025-01-29 14:00:00,8.688,8.703,8.411,8.493,255998.0
1738166400000,2025-01-29 18:00:00,8.493,8.764,8.303,8.658,600059.5
1738180800000,2025-01-29 22:00:00,8.658,8.859,8.549,8.569,356964.2
1738195200000,2025-01-30 02:00:00,8.569,8.973,8.461,8.941,165297.1
1738209600000,2025-01-30 06:00:00,8.941,8.992,8.855,8.949,152992.2
1738224000000,2025-01-30 10:00:00,8.949,9.1,8.878,8.968,367940.9
1738238400000,2025-01-30 14:00:00,8.968,9.22,8.87,9.157,267346.5
1738252800000,2025-01-30 18:00:00,9.157,9.254,9.047,9.115,360741.8
1738267200000,2025-01-30 22:00:00,9.115,9.237,9.061,9.131,122924.5
1738281600000,2025-01-31 02:00:00,9.131,9.365,8.986,9.083,417097.5
1738296000000,2025-01-31 06:00:00,9.083,9.347,9.006,9.178,198988.4
1738310400000,2025-01-31 10:00:00,9.178,9.363,9.102,9.32,149692.5
1738324800000,2025-01-31 14:00:00,9.32,9.736,9.295,9.722,293154.4
1738339200000,2025-01-31 18:00:00,9.722,9.722,9.179,9.23,388804.7
1738353600000,2025-01-31 22:00:00,9.23,9.377,9.137,9.278,209421.8
1738368000000,2025-02-01 02:00:00,9.278,9.406,9.22,9.267,163384.9
1738382400000,2025-02-01 06:00:00,9.267,9.362,9.192,9.206,156694.4
1738396800000,2025-02-01 10:00:00,9.206,9.23,8.949,9.073,285624.9
1738411200000,2025-02-01 14:00:00,9.073,9.097,8.89,8.978,216215.6
1738425600000,2025-02-01 18:00:00,8.978,9.02,8.687,8.699,208427.3
1738440000000,2025-02-01 22:00:00,8.699,8.701,8.39,8.486,342922.9
1738454400000,2025-02-02 02:00:00,8.486,8.718,8.213,8.223,379872.5
1738468800000,2025-02-02 06:00:00,8.223,8.475,8.205,8.376,162771.8
1738483200000,2025-02-02 10:00:00,8.376,8.467,8.114,8.147,226113.7
1738497600000,2025-02-02 14:00:00,8.147,8.352,8.136,8.252,292873.0
1738512000000,2025-02-02 18:00:00,8.252,8.252,7.491,7.719,1621039.8
1738526400000,2025-02-02 22:00:00,7.719,7.811,7.048,7.478,1090267.2
1738540800000,2025-02-03 02:00:00,7.478,7.48,5.508,6.374,5765878.0
1738555200000,2025-02-03 06:00:00,6.374,6.865,6.123,6.859,1705605.1
1738569600000,2025-02-03 10:00:00,6.859,7.068,6.479,6.827,1024374.7
1738584000000,2025-02-03 14:00:00,6.827,7.275,6.583,7.223,2171700.0
1738598400000,2025-02-03 18:00:00,7.223,7.594,7.086,7.589,763669.7
1738612800000,2025-02-03 22:00:00,7.589,7.731,7.297,7.636,707970.6
1738627200000,2025-02-04 02:00:00,7.636,7.694,7.391,7.441,297908.5
1738641600000,2025-02-04 06:00:00,7.441,7.475,6.91,6.929,831596.7
1738656000000,2025-02-04 10:00:00,6.929,7.198,6.863,7.125,547979.7
1738670400000,2025-02-04 14:00:00,7.125,7.312,7.033,7.118,529686.8
1738684800000,2025-02-04 18:00:00,7.118,7.323,7.017,7.027,462351.3
1738699200000,2025-02-04 22:00:00,7.027,7.114,6.783,7.025,689648.9
1738713600000,2025-02-05 02:00:00,7.025,7.152,6.963,7.128,211319.4
1738728000000,2025-02-05 06:00:00,7.128,7.228,7.05,7.139,211413.3
1738742400000,2025-02-05 10:00:00,7.139,7.207,7.033,7.185,229800.7
1738756800000,2025-02-05 14:00:00,7.185,7.229,7.023,7.087,185399.9
1738771200000,2025-02-05 18:00:00,7.087,7.105,6.827,7.07,362433.8
1738785600000,2025-02-05 22:00:00,7.07,7.092,6.882,6.988,185937.1
1738800000000,2025-02-06 02:00:00,6.988,7.067,6.951,7.02,213799.0
1738814400000,2025-02-06 06:00:00,7.02,7.187,7.005,7.133,142864.4
1738828800000,2025-02-06 10:00:00,7.133,7.174,6.987,7.05,180643.1
1738843200000,2025-02-06 14:00:00,7.05,7.058,6.671,6.709,508426.8
1738857600000,2025-02-06 18:00:00,6.709,6.82,6.624,6.672,428637.3
1738872000000,2025-02-06 22:00:00,6.672,6.84,6.651,6.706,192028.9
1738886400000,2025-02-07 02:00:00,6.706,6.912,6.703,6.873,164181.0
1738900800000,2025-02-07 06:00:00,6.873,6.916,6.72,6.815,136868.3
1738915200000,2025-02-07 10:00:00,6.815,6.989,6.788,6.965,211229.0
1738929600000,2025-02-07 14:00:00,6.965,7.228,6.895,7.105,379769.5
1738944000000,2025-02-07 18:00:00,7.105,7.11,6.898,6.942,241339.6
1738958400000,2025-02-07 22:00:00,6.942,6.947,6.633,6.781,358930.1
1738972800000,2025-02-08 02:00:00,6.781,6.859,6.7,6.71,118839.7
1738987200000,2025-02-08 06:00:00,6.71,6.776,6.619,6.736,128056.3
1739001600000,2025-02-08 10:00:00,6.736,6.778,6.659,6.706,501313.3
1739016000000,2025-02-08 14:00:00,6.706,6.789,6.665,6.721,244322.7
1739030400000,2025-02-08 18:00:00,6.721,7.026,6.694,7.026,240755.1
1739044800000,2025-02-08 22:00:00,7.026,7.05,6.914,7.006,143640.4
1739059200000,2025-02-09 02:00:00,7.006,7.146,6.931,7.11,153918.8
1739073600000,2025-02-09 06:00:00,7.11,7.11,6.992,7.075,96155.2
1739088000000,2025-02-09 10:00:00,7.075,7.106,6.984,6.992,131464.3
1739102400000,2025-02-09 14:00:00,6.992,7.054,6.865,7.017,265621.4
1739116800000,2025-02-09 18:00:00,7.017,7.061,6.839,6.862,165994.7
1739131200000,2025-02-09 22:00:00,6.862,6.966,6.608,6.942,346277.5
1739145600000,2025-02-10 02:00:00,6.942,7.062,6.71,6.945,322576.0
1739160000000,2025-02-10 06:00:00,6.945,7.107,6.908,7.042,152869.9
1739174400000,2025-02-10 10:00:00,7.042,7.137,7.029,7.101,202284.7
1739188800000,2025-02-10 14:00:00,7.101,7.212,6.997,7.029,232676.8
1739203200000,2025-02-10 18:00:00,7.029,7.096,6.945,6.963,215614.4
1739217600000,2025-02-10 22:00:00,6.963,7.021,6.95,7.005,143224.4
1739232000000,2025-02-11 02:00:00,7.005,7.178,7.001,7.165,234045.1
1739246400000,2025-02-11 06:00:00,7.165,7.424,7.159,7.353,437625.6
1739260800000,2025-02-11 10:00:00,7.353,7.431,7.288,7.354,274498.3
1739275200000,2025-02-11 14:00:00,7.354,7.368,7.13,7.226,334697.6
1739289600000,2025-02-11 18:00:00,7.226,7.25,6.917,6.95,370341.7
1739304000000,2025-02-11 22:00:00,6.95,7.169,6.935,7.085,219515.7
1739318400000,2025-02-12 02:00:00,7.085,7.177,7.008,7.061,154328.4
1739332800000,2025-02-12 06:00:00,7.061,7.102,7.006,7.056,136991.2
1739347200000,2025-02-12 10:00:00,7.056,7.16,7.033,7.122,238813.4
1739361600000,2025-02-12 14:00:00,7.122,7.217,6.837,7.103,733951.9
1739376000000,2025-02-12 18:00:00,7.103,7.323,7.009,7.304,312144.5
1739390400000,2025-02-12 22:00:00,7.304,7.468,7.231,7.392,473350.5
1739404800000,2025-02-13 02:00:00,7.392,7.411,7.308,7.361,310167.6
1739419200000,2025-02-13 06:00:00,7.361,7.386,7.159,7.198,1701543.1
1739433600000,2025-02-13 10:00:00,7.198,7.234,7.095,7.131,144015.4
1739448000000,2025-02-13 14:00:00,7.131,7.168,7.003,7.075,402468.4
1739462400000,2025-02-13 18:00:00,7.075,7.135,6.971,7.073,140349.0
1739476800000,2025-02-13 22:00:00,7.073,7.203,7.069,7.123,148042.9
1739491200000,2025-02-14 02:00:00,7.123,7.287,7.098,7.274,144501.0
1739505600000,2025-02-14 06:00:00,7.274,7.294,7.169,7.218,91167.3
1739520000000,2025-02-14 10:00:00,7.218,7.345,7.215,7.238,131547.2
1739534400000,2025-02-14 14:00:00,7.238,7.329,7.152,7.256,204927.3
1739548800000,2025-02-14 18:00:00,7.256,7.413,7.192,7.285,1366237.9
1739563200000,2025-02-14 22:00:00,7.285,7.331,7.137,7.229,197846.8
1739577600000,2025-02-15 02:00:00,7.229,7.298,7.155,7.253,140877.1
1739592000000,2025-02-15 06:00:00,7.253,7.309,7.193,7.206,229522.5
1739606400000,2025-02-15 10:00:00,7.206,7.245,7.107,7.143,76782.3
1739620800000,2025-02-15 14:00:00,7.143,7.193,7.029,7.062,157130.0
1739635200000,2025-02-15 18:00:00,7.062,7.127,7.013,7.076,98462.7
1739649600000,2025-02-15 22:00:00,7.076,7.129,7.018,7.097,79764.8
1739664000000,2025-02-16 02:00:00,7.097,7.13,7.016,7.068,52895.5
1739678400000,2025-02-16 06:00:00,7.068,7.124,6.988,7.021,1768102.4
1739692800000,2025-02-16 10:00:00,7.021,7.073,6.927,7.068,1022749.7
1739707200000,2025-02-16 14:00:00,7.068,7.073,6.921,6.99,132408.3
1739721600000,2025-02-16 18:00:00,6.99,7.033,6.89,6.96,124794.6
1739736000000,2025-02-16 22:00:00,6.96,7.026,6.93,6.989,188008.5
1739750400000,2025-02-17 02:00:00,6.989,7.066,6.957,7.015,119327.5
1739764800000,2025-02-17 06:00:00,7.015,7.054,6.878,6.991,261628.2
1739779200000,2025-02-17 10:00:00,6.991,7.17,6.962,7.116,222292.9
1739793600000,2025-02-17 14:00:00,7.116,7.236,7.037,7.052,294318.1
1739808000000,2025-02-17 18:00:00,7.052,7.095,6.885,7.025,201436.5
1739822400000,2025-02-17 22:00:00,7.025,7.146,7.009,7.052,116351.2
1739836800000,2025-02-18 02:00:00,7.052,7.071,6.957,6.989,75193.6
1739851200000,2025-02-18 06:00:00,6.989,6.999,6.678,6.736,317392.0
1739865600000,2025-02-18 10:00:00,6.736,6.843,6.663,6.772,180560.1
1739880000000,2025-02-18 14:00:00,6.772,6.909,6.62,6.653,229590.7
1739894400000,2025-02-18 18:00:00,6.653,6.704,6.553,6.63,410417.8
1739908800000,2025-02-18 22:00:00,6.63,6.768,6.582,6.757,187235.1
1739923200000,2025-02-19 02:00:00,6.757,6.797,6.677,6.755,103194.3
1739937600000,2025-02-19 06:00:00,6.755,6.913,6.66,6.851,105595.5
1739952000000,2025-02-19 10:00:00,6.851,6.905,6.803,6.892,121687.4
1739966400000,2025-02-19 14:00:00,6.892,6.933,6.77,6.832,231092.6
1739980800000,2025-02-19 18:00:00,6.832,6.902,6.809,6.848,118657.4
1739995200000,2025-02-19 22:00:00,6.848,6.906,6.787,6.848,606375.7
1740009600000,2025-02-20 02:00:00,6.848,6.949,6.804,6.942,813903.0
1740024000000,2025-02-20 06:00:00,6.942,7.0,6.879,6.897,179250.8
1740038400000,2025-02-20 10:00:00,6.897,6.998,6.876,6.967,112553.3
1740052800000,2025-02-20 14:00:00,6.967,7.08,6.881,6.89,155968.7
1740067200000,2025-02-20 18:00:00,6.89,7.125,6.879,7.119,190505.1
1740081600000,2025-02-20 22:00:00,7.119,7.179,7.113,7.139,104208.8
1740096000000,2025-02-21 02:00:00,7.139,7.156,7.04,7.058,69546.3
1740110400000,2025-02-21 06:00:00,7.058,7.241,7.058,7.181,141140.9
1740124800000,2025-02-21 10:00:00,7.181,7.422,7.181,7.328,217240.6
1740139200000,2025-02-21 14:00:00,7.328,7.455,7.093,7.237,359561.0
1740153600000,2025-02-21 18:00:00,7.237,7.32,6.826,6.861,768236.3
1740168000000,2025-02-21 22:00:00,6.861,6.975,6.821,6.972,201055.9
1740182400000,2025-02-22 02:00:00,6.972,7.161,6.94,7.079,185395.5
1740196800000,2025-02-22 06:00:00,7.079,7.141,7.02,7.03,87234.8
1740211200000,2025-02-22 10:00:00,7.03,7.165,7.012,7.118,101623.8
1740225600000,2025-02-22 14:00:00,7.118,7.209,7.101,7.163,194793.5
1740240000000,2025-02-22 18:00:00,7.163,7.261,7.162,7.228,122230.0
1740254400000,2025-02-22 22:00:00,7.228,7.231,7.161,7.197,44816.7
1740268800000,2025-02-23 02:00:00,7.197,7.213,7.124,7.164,70947.1
1740283200000,2025-02-23 06:00:00,7.164,7.258,7.13,7.25,21806.4
1740297600000,2025-02-23 10:00:00,7.25,7.25,7.09,7.102,176702.0
1740312000000,2025-02-23 14:00:00,7.102,7.117,6.976,6.983,109984.5
1740326400000,2025-02-23 18:00:00,6.983,7.088,6.979,7.015,89535.4
1740340800000,2025-02-23 22:00:00,7.015,7.087,6.943,7.063,75836.3
1740355200000,2025-02-24 02:00:00,7.063,7.102,6.843,6.864,248129.2
1740369600000,2025-02-24 06:00:00,6.864,6.954,6.79,6.885,172232.2
1740384000000,2025-02-24 10:00:00,6.885,6.885,6.717,6.79,277628.9
1740398400000,2025-02-24 14:00:00,6.79,6.855,6.617,6.692,240009.5
1740412800000,2025-02-24 18:00:00,6.692,6.792,6.553,6.592,142715.8
1740427200000,2025-02-24 22:00:00,6.592,6.737,6.363,6.396,700157.8
1740441600000,2025-02-25 02:00:00,6.396,6.434,6.188,6.304,399041.7
1740456000000,2025-02-25 06:00:00,6.304,6.342,5.933,6.083,1969329.2
1740470400000,2025-02-25 10:00:00,6.083,6.206,5.878,6.175,408568.8
1740484800000,2025-02-25 14:00:00,6.175,6.246,5.998,6.123,529111.9
1740499200000,2025-02-25 18:00:00,6.123,6.288,6.061,6.282,227972.8
1740513600000,2025-02-25 22:00:00,6.282,6.415,6.239,6.334,152862.4
1740528000000,2025-02-26 02:00:00,6.334,6.476,6.295,6.446,114909.6
1740542400000,2025-02-26 06:00:00,6.446,6.51,6.416,6.462,122637.4
1740556800000,2025-02-26 10:00:00,6.462,6.607,6.4,6.532,216234.1
1740571200000,2025-02-26 14:00:00,6.532,6.573,6.286,6.494,382706.9
1740585600000,2025-02-26 18:00:00,6.494,6.507,6.157,6.236,394178.7
1740600000000,2025-02-26 22:00:00,6.236,6.517,6.147,6.389,195062.1
1740614400000,2025-02-27 02:00:00,6.389,6.511,6.329,6.496,86928.7
1740628800000,2025-02-27 06:00:00,6.496,6.708,6.445,6.663,128290.1
1740643200000,2025-02-27 10:00:00,6.663,6.813,6.631,6.723,180179.5
1740657600000,2025-02-27 14:00:00,6.723,6.758,6.539,6.648,174745.7
1740672000000,2025-02-27 18:00:00,6.648,6.694,6.543,6.564,106063.8
1740686400000,2025-02-27 22:00:00,6.564,6.673,6.462,6.659,130309.9
1740700800000,2025-02-28 02:00:00,6.659,6.67,6.209,6.224,477957.5
1740715200000,2025-02-28 06:00:00,6.224,6.259,6.08,6.126,534432.6
1740729600000,2025-02-28 10:00:00,6.126,6.269,6.003,6.175,238345.4
1740744000000,2025-02-28 14:00:00,6.175,6.551,6.135,6.501,261828.4
1740758400000,2025-02-28 18:00:00,6.501,6.578,6.424,6.521,216067.7
1740772800000,2025-02-28 22:00:00,6.521,6.54,6.433,6.509,67289.9
1740787200000,2025-03-01 02:00:00,6.509,6.585,6.436,6.543,85868.2
1740801600000,2025-03-01 06:00:00,6.543,6.594,6.412,6.421,72154.5
1740816000000,2025-03-01 10:00:00,6.421,6.528,6.348,6.373,127864.1
1740830400000,2025-03-01 14:00:00,6.373,6.409,6.306,6.382,160190.7
1740844800000,2025-03-01 18:00:00,6.382,6.489,6.379,6.468,74589.8
1740859200000,2025-03-01 22:00:00,6.468,6.643,6.45,6.578,114796.2
1740873600000,2025-03-02 02:00:00,6.578,6.796,6.52,6.765,171480.2
1740888000000,2025-03-02 06:00:00,6.765,6.765,6.643,6.645,120718.4
1740902400000,2025-03-02 10:00:00,6.645,6.705,6.613,6.628,77914.2
1740916800000,2025-03-02 14:00:00,6.628,6.858,6.507,6.749,369605.3
1740931200000,2025-03-02 18:00:00,6.749,7.233,6.739,7.183,750386.7
1740945600000,2025-03-02 22:00:00,7.183,7.237,7.119,7.224,168164.2
1740960000000,2025-03-03 02:00:00,7.224,7.271,7.001,7.049,224967.9
1740974400000,2025-03-03 06:00:00,7.049,7.073,6.77,6.885,419174.8
1740988800000,2025-03-03 10:00:00,6.885,6.885,6.674,6.796,453994.1
1741003200000,2025-03-03 14:00:00,6.796,6.86,6.623,6.716,1016326.9
1741017600000,2025-03-03 18:00:00,6.716,6.754,6.17,6.212,784765.1
1741032000000,2025-03-03 22:00:00,6.212,6.271,6.083,6.17,276807.0
1741046400000,2025-03-04 02:00:00,6.17,6.208,5.79,5.937,656088.0
1741060800000,2025-03-04 06:00:00,5.937,6.067,5.898,5.921,158997.2
1741075200000,2025-03-04 10:00:00,5.921,5.997,5.862,5.948,206883.7
1741089600000,2025-03-04 14:00:00,5.948,6.118,5.765,5.915,507530.1
1741104000000,2025-03-04 18:00:00,5.915,6.095,5.615,6.079,593060.6
1741118400000,2025-03-04 22:00:00,6.079,6.152,5.959,6.019,234627.5
1741132800000,2025-03-05 02:00:00,6.019,6.1,5.953,5.959,228757.1
1741147200000,2025-03-05 06:00:00,5.959,6.057,5.943,6.055,97732.7
1741161600000,2025-03-05 10:00:00,6.055,6.279,6.043,6.17,177895.3
1741176000000,2025-03-05 14:00:00,6.17,6.247,6.062,6.122,208409.9
1741190400000,2025-03-05 18:00:00,6.122,6.23,6.028,6.207,192772.2
1741204800000,2025-03-05 22:00:00,6.207,6.394,6.207,6.363,164700.0
1741219200000,2025-03-06 02:00:00,6.363,6.396,6.245,6.36,156363.9
1741233600000,2025-03-06 06:00:00,6.36,6.456,6.31,6.326,102191.8
1741248000000,2025-03-06 10:00:00,6.326,6.455,6.314,6.41,72060.7
1741262400000,2025-03-06 14:00:00,6.41,6.429,6.202,6.315,181118.5
1741276800000,2025-03-06 18:00:00,6.315,6.342,6.1,6.145,189382.6
1741291200000,2025-03-06 22:00:00,6.145,6.277,6.136,6.191,85896.4
1741305600000,2025-03-07 02:00:00,6.191,6.252,5.852,6.061,457513.7
1741320000000,2025-03-07 06:00:00,6.061,6.202,6.051,6.202,82122.2
1741334400000,2025-03-07 10:00:00,6.202,6.319,6.158,6.245,103238.7
1741348800000,2025-03-07 14:00:00,6.245,6.351,6.152,6.203,219728.7
1741363200000,2025-03-07 18:00:00,6.203,6.293,6.043,6.215,245182.7
1741377600000,2025-03-07 22:00:00,6.215,6.258,6.006,6.065,416361.7
1741392000000,2025-03-08 02:00:00,6.065,6.094,5.941,6.012,131264.5
1741406400000,2025-03-08 06:00:00,6.012,6.048,5.942,5.952,95231.7
1741420800000,2025-03-08 10:00:00,5.952,5.964,5.863,5.898,178600.0
1741435200000,2025-03-08 14:00:00,5.898,6.033,5.884,5.958,137579.7
1741449600000,2025-03-08 18:00:00,5.958,6.032,5.892,6.014,142596.8
1741464000000,2025-03-08 22:00:00,6.014,6.021,5.927,5.945,82132.1
1741478400000,2025-03-09 02:00:00,5.945,5.991,5.872,5.896,100272.6
1741492800000,2025-03-09 06:00:00,5.896,5.918,5.82,5.857,69730.7
1741507200000,2025-03-09 10:00:00,5.857,5.86,5.736,5.774,359134.5
1741521600000,2025-03-09 14:00:00,5.774,5.811,5.621,5.664,240312.2
1741536000000,2025-03-09 18:00:00,5.664,5.698,5.357,5.483,579666.1
1741550400000,2025-03-09 22:00:00,5.483,5.553,5.331,5.416,236689.8
1741564800000,2025-03-10 02:00:00,5.416,5.586,5.338,5.549,170840.2
1741579200000,2025-03-10 06:00:00,5.549,5.629,5.545,5.607,60781.5
1741593600000,2025-03-10 10:00:00,5.607,5.786,5.516,5.7,209794.6
1741608000000,2025-03-10 14:00:00,5.7,5.738,5.352,5.448,342021.8
1741622400000,2025-03-10 18:00:00,5.448,5.46,5.003,5.221,796059.2
1741636800000,2025-03-10 22:00:00,5.221,5.234,5.077,5.09,228345.1
1741651200000,2025-03-11 02:00:00,5.09,5.211,4.83,5.172,1090802.9
1741665600000,2025-03-11 06:00:00,5.172,5.269,5.149,5.228,142455.0
1741680000000,2025-03-11 10:00:00,5.228,5.322,5.216,5.272,168654.3
1741694400000,2025-03-11 14:00:00,5.272,5.399,5.131,5.359,439130.0
1741708800000,2025-03-11 18:00:00,5.359,5.512,5.263,5.486,223392.1
1741723200000,2025-03-11 22:00:00,5.486,5.501,5.393,5.409,238234.3
1741737600000,2025-03-12 02:00:00,5.409,5.527,5.316,5.321,112066.1
1741752000000,2025-03-12 06:00:00,5.321,5.382,5.258,5.375,97743.4
1741766400000,2025-03-12 10:00:00,5.375,5.498,5.347,5.456,134127.3
1741780800000,2025-03-12 14:00:00,5.456,5.578,5.231,5.344,407194.9
1741795200000,2025-03-12 18:00:00,5.344,5.481,5.333,5.439,104280.0
1741809600000,2025-03-12 22:00:00,5.439,5.495,5.419,5.476,56028.0
1741824000000,2025-03-13 02:00:00,5.476,5.517,5.43,5.459,59231.1
1741838400000,2025-03-13 06:00:00,5.459,5.521,5.406,5.462,192147.0
1741852800000,2025-03-13 10:00:00,5.462,5.563,5.412,5.543,91960.3
1741867200000,2025-03-13 14:00:00,5.543,5.633,5.426,5.434,299027.1
1741881600000,2025-03-13 18:00:00,5.434,5.444,5.272,5.353,225667.4
1741896000000,2025-03-13 22:00:00,5.353,5.464,5.291,5.444,225082.3
1741910400000,2025-03-14 02:00:00,5.444,5.52,5.419,5.488,98705.3
1741924800000,2025-03-14 06:00:00,5.488,5.545,5.464,5.513,47286.2
1741939200000,2025-03-14 10:00:00,5.513,5.602,5.509,5.567,109467.2
1741953600000,2025-03-14 14:00:00,5.567,5.678,5.528,5.633,283986.6
1741968000000,2025-03-14 18:00:00,5.633,5.73,5.619,5.673,142913.7
1741982400000,2025-03-14 22:00:00,5.673,5.704,5.608,5.654,151642.6
1741996800000,2025-03-15 02:00:00,5.654,5.767,5.622,5.686,409528.3
1742011200000,2025-03-15 06:00:00,5.686,5.729,5.646,5.66,81434.5
1742025600000,2025-03-15 10:00:00,5.66,5.721,5.644,5.705,67586.3
1742040000000,2025-03-15 14:00:00,5.705,5.77,5.691,5.747,90036.8
1742054400000,2025-03-15 18:00:00,5.747,5.809,5.733,5.784,168440.5
1742068800000,2025-03-15 22:00:00,5.784,5.884,5.784,5.824,195439.3
1742083200000,2025-03-16 02:00:00,5.824,5.838,5.687,5.793,149463.1
1742097600000,2025-03-16 06:00:00,5.793,5.862,5.772,5.831,55613.2
1742112000000,2025-03-16 10:00:00,5.831,5.849,5.57,5.585,413232.1
1742126400000,2025-03-16 14:00:00,5.585,5.652,5.537,5.598,130463.8
1742140800000,2025-03-16 18:00:00,5.598,5.742,5.522,5.546,225347.5
1742155200000,2025-03-16 22:00:00,5.546,5.608,5.502,5.562,107668.3
1742169600000,2025-03-17 02:00:00,5.562,5.75,5.558,5.733,102423.1
1742184000000,2025-03-17 06:00:00,5.733,5.757,5.616,5.706,74027.5
1742198400000,2025-03-17 10:00:00,5.706,5.792,5.665,5.76,96192.2
1742212800000,2025-03-17 14:00:00,5.76,5.91,5.671,5.893,481624.7
1742227200000,2025-03-17 18:00:00,5.893,6.039,5.81,6.027,251408.2
1742241600000,2025-03-17 22:00:00,6.027,6.083,5.888,5.889,271973.4
1742256000000,2025-03-18 02:00:00,5.889,5.903,5.773,5.789,151643.3
1742270400000,2025-03-18 06:00:00,5.789,5.872,5.731,5.82,181801.3
1742284800000,2025-03-18 10:00:00,5.82,5.872,5.704,5.717,147339.7
1742299200000,2025-03-18 14:00:00,5.717,5.747,5.612,5.641,623094.3
1742313600000,2025-03-18 18:00:00,5.641,5.716,5.599,5.705,167361.5
1742328000000,2025-03-18 22:00:00,5.705,5.834,5.684,5.808,115388.1
1742342400000,2025-03-19 02:00:00,5.808,5.874,5.795,5.847,110988.3
1742356800000,2025-03-19 06:00:00,5.847,5.864,5.786,5.787,123703.0
1742371200000,2025-03-19 10:00:00,5.787,5.952,5.781,5.93,234276.5
1742385600000,2025-03-19 14:00:00,5.93,5.991,5.858,5.953,297856.0
1742400000000,2025-03-19 18:00:00,5.953,6.004,5.825,5.941,382649.4
1742414400000,2025-03-19 22:00:00,5.941,5.994,5.915,5.985,116962.5
1742428800000,2025-03-20 02:00:00,5.985,6.006,5.859,5.861,144586.3
1742443200000,2025-03-20 06:00:00,5.861,5.904,5.838,5.876,104421.1
1742457600000,2025-03-20 10:00:00,5.876,5.931,5.782,5.807,113540.1
1742472000000,2025-03-20 14:00:00,5.807,5.888,5.779,5.782,104914.9
1742486400000,2025-03-20 18:00:00,5.782,5.814,5.702,5.763,148657.5
1742500800000,2025-03-20 22:00:00,5.763,5.795,5.705,5.741,84573.5
1742515200000,2025-03-21 02:00:00,5.741,5.784,5.709,5.714,47805.5
1742529600000,2025-03-21 06:00:00,5.714,5.747,5.676,5.697,99138.2
1742544000000,2025-03-21 10:00:00,5.697,5.721,5.648,5.677,109420.8
1742558400000,2025-03-21 14:00:00,5.677,5.708,5.608,5.655,428662.8
1742572800000,2025-03-21 18:00:00,5.655,5.746,5.636,5.695,121114.3
1742587200000,2025-03-21 22:00:00,5.695,5.742,5.644,5.65,54454.6
1742601600000,2025-03-22 02:00:00,5.65,5.668,5.6,5.648,121431.5
1742616000000,2025-03-22 06:00:00,5.648,5.743,5.643,5.728,98228.3
1742630400000,2025-03-22 10:00:00,5.728,5.789,5.715,5.776,420959.7
1742644800000,2025-03-22 14:00:00,5.776,5.787,5.698,5.746,149880.7
1742659200000,2025-03-22 18:00:00,5.746,5.827,5.737,5.795,170717.0
1742673600000,2025-03-22 22:00:00,5.795,5.807,5.726,5.749,69295.6
1742688000000,2025-03-23 02:00:00,5.749,5.8,5.705,5.8,131220.7
1742702400000,2025-03-23 06:00:00,5.8,5.853,5.742,5.829,63100.5
1742716800000,2025-03-23 10:00:00,5.829,5.836,5.789,5.809,84567.3
1742731200000,2025-03-23 14:00:00,5.809,5.846,5.775,5.805,83447.5
1742745600000,2025-03-23 18:00:00,5.805,5.811,5.739,5.778,71212.7
1742760000000,2025-03-23 22:00:00,5.778,5.836,5.774,5.83,79278.0
1742774400000,2025-03-24 02:00:00,5.83,5.885,5.755,5.866,241546.8
1742788800000,2025-03-24 06:00:00,5.866,6.044,5.866,5.993,277073.9
1742803200000,2025-03-24 10:00:00,5.993,6.093,5.993,6.044,204100.9
1742817600000,2025-03-24 14:00:00,6.044,6.105,5.99,6.038,225610.3
1742832000000,2025-03-24 18:00:00,6.038,6.083,6.008,6.072,149288.7
1742846400000,2025-03-24 22:00:00,6.072,6.075,5.997,6.049,82661.6
1742860800000,2025-03-25 02:00:00,6.049,6.079,5.951,5.957,114188.2
1742875200000,2025-03-25 06:00:00,5.957,6.057,5.942,6.018,101039.3
1742889600000,2025-03-25 10:00:00,6.018,6.237,6.018,6.133,789876.6
1742904000000,2025-03-25 14:00:00,6.133,6.151,6.064,6.108,382869.4
1742918400000,2025-03-25 18:00:00,6.108,6.174,6.077,6.17,140804.7
1742932800000,2025-03-25 22:00:00,6.17,6.215,6.138,6.195,209795.6
1742947200000,2025-03-26 02:00:00,6.195,6.298,6.106,6.121,203564.0
1742961600000,2025-03-26 06:00:00,6.121,6.305,6.112,6.269,125608.1
1742976000000,2025-03-26 10:00:00,6.269,6.363,6.269,6.315,384266.1
1742990400000,2025-03-26 14:00:00,6.315,6.325,6.103,6.18,386306.7
1743004800000,2025-03-26 18:00:00,6.18,6.218,5.997,6.082,241900.1
1743019200000,2025-03-26 22:00:00,6.082,6.144,5.98,6.074,397842.7
1743033600000,2025-03-27 02:00:00,6.074,6.187,6.032,6.144,338196.1
1743048000000,2025-03-27 06:00:00,6.144,6.157,6.068,6.085,91634.6
1743062400000,2025-03-27 10:00:00,6.085,6.113,5.985,6.005,140561.1
1743076800000,2025-03-27 14:00:00,6.005,6.083,5.935,6.044,238992.0
1743091200000,2025-03-27 18:00:00,6.044,6.067,5.973,6.021,109148.6
1743105600000,2025-03-27 22:00:00,6.021,6.095,6.01,6.092,41093.8
1743120000000,2025-03-28 02:00:00,6.092,6.121,5.988,5.999,110733.7
1743134400000,2025-03-28 06:00:00,5.999,6.001,5.679,5.701,652841.0
1743148800000,2025-03-28 10:00:00,5.701,5.724,5.607,5.675,196633.2
1743163200000,2025-03-28 14:00:00,5.675,5.688,5.561,5.608,239164.4
1743177600000,2025-03-28 18:00:00,5.608,5.621,5.541,5.577,183876.9
1743192000000,2025-03-28 22:00:00,5.577,5.639,5.561,5.595,127715.1
1743206400000,2025-03-29 02:00:00,5.595,5.64,5.514,5.587,75361.1
1743220800000,2025-03-29 06:00:00,5.587,5.599,5.428,5.469,147511.0
1743235200000,2025-03-29 10:00:00,5.469,5.495,5.332,5.378,274429.1
1743249600000,2025-03-29 14:00:00,5.378,5.462,5.369,5.381,169747.1
1743264000000,2025-03-29 18:00:00,5.381,5.393,5.25,5.34,347563.6
1743278400000,2025-03-29 22:00:00,5.34,5.361,5.256,5.345,97987.5
1743292800000,2025-03-30 02:00:00,5.345,5.445,5.306,5.38,275376.9
1743307200000,2025-03-30 06:00:00,5.38,5.442,5.37,5.409,83019.3
1743321600000,2025-03-30 10:00:00,5.409,5.453,5.385,5.396,47777.5
1743336000000,2025-03-30 14:00:00,5.396,5.423,5.307,5.339,108369.7
1743350400000,2025-03-30 18:00:00,5.339,5.391,5.263,5.35,108570.0
1743364800000,2025-03-30 22:00:00,5.35,5.351,5.193,5.264,288406.9
1743379200000,2025-03-31 02:00:00,5.264,5.325,5.19,5.237,70266.9
1743393600000,2025-03-31 06:00:00,5.237,5.307,5.16,5.195,120103.7
1743408000000,2025-03-31 10:00:00,5.195,5.221,5.073,5.184,249142.1
1743422400000,2025-03-31 14:00:00,5.184,5.384,5.138,5.341,261315.5
1743436800000,2025-03-31 18:00:00,5.341,5.367,5.269,5.293,155379.1
1743451200000,2025-03-31 22:00:00,5.293,5.358,5.268,5.306,175204.9
1743465600000,2025-04-01 02:00:00,5.306,5.37,5.279,5.367,105440.4
1743480000000,2025-04-01 06:00:00,5.367,5.436,5.341,5.395,355260.7
1743494400000,2025-04-01 10:00:00,5.395,5.509,5.393,5.407,217731.6
1743508800000,2025-04-01 14:00:00,5.407,5.576,5.318,5.55,411553.1
1743523200000,2025-04-01 18:00:00,5.55,5.56,5.408,5.432,221469.6
1743537600000,2025-04-01 22:00:00,5.432,5.462,5.385,5.412,97265.6
1743552000000,2025-04-02 02:00:00,5.412,5.421,5.254,5.327,223718.6
1743566400000,2025-04-02 06:00:00,5.327,5.339,5.205,5.237,166968.2
1743580800000,2025-04-02 10:00:00,5.237,5.327,5.225,5.245,113836.0
1743595200000,2025-04-02 14:00:00,5.245,5.422,5.197,5.386,368671.2
1743609600000,2025-04-02 18:00:00,5.386,5.412,5.302,5.369,202486.7
1743624000000,2025-04-02 22:00:00,5.369,5.492,4.963,5.003,1175647.9
1743638400000,2025-04-03 02:00:00,5.003,5.219,4.981,5.203,178219.4
1743652800000,2025-04-03 06:00:00,5.203,5.238,5.089,5.12,142053.5
1743667200000,2025-04-03 10:00:00,5.12,5.164,5.005,5.023,202779.6
1743681600000,2025-04-03 14:00:00,5.023,5.055,4.918,5.033,392840.9
1743696000000,2025-04-03 18:00:00,5.033,5.1,5.009,5.092,186092.4
1743710400000,2025-04-03 22:00:00,5.092,5.165,5.077,5.135,147932.3
1743724800000,2025-04-04 02:00:00,5.135,5.169,5.07,5.13,123848.1
1743739200000,2025-04-04 06:00:00,5.13,5.225,5.089,5.211,226892.7
1743753600000,2025-04-04 10:00:00,5.211,5.243,4.97,5.047,298928.4
1743768000000,2025-04-04 14:00:00,5.047,5.198,5.001,5.091,353544.3
1743782400000,2025-04-04 18:00:00,5.091,5.148,5.011,5.037,283362.5
1743796800000,2025-04-04 22:00:00,5.037,5.095,5.014,5.052,122141.6
1743811200000,2025-04-05 02:00:00,5.052,5.086,5.028,5.043,457794.2
1743825600000,2025-04-05 06:00:00,5.043,5.069,5.026,5.062,60023.4
1743840000000,2025-04-05 10:00:00,5.062,5.092,5.042,5.049,63625.6
1743854400000,2025-04-05 14:00:00,5.049,5.055,4.957,4.974,131102.4
1743868800000,2025-04-05 18:00:00,4.974,4.997,4.944,4.952,82590.0
1743883200000,2025-04-05 22:00:00,4.952,5.057,4.933,5.048,92271.1
1743897600000,2025-04-06 02:00:00,5.048,5.071,4.991,5.002,58853.4
1743912000000,2025-04-06 06:00:00,5.002,5.083,4.991,5.032,122868.6
1743926400000,2025-04-06 10:00:00,5.032,5.034,4.943,4.978,81244.5
1743940800000,2025-04-06 14:00:00,4.978,4.986,4.859,4.924,206049.8
1743955200000,2025-04-06 18:00:00,4.924,4.928,4.595,4.644,1260483.5
1743969600000,2025-04-06 22:00:00,4.644,4.672,4.453,4.582,739462.4
1743984000000,2025-04-07 02:00:00,4.582,4.697,4.418,4.465,289700.4
1743998400000,2025-04-07 06:00:00,4.465,4.532,4.18,4.296,630836.3
1744012800000,2025-04-07 10:00:00,4.296,4.538,4.277,4.474,387006.6
1744027200000,2025-04-07 14:00:00,4.474,4.833,4.406,4.579,968448.7
1744041600000,2025-04-07 18:00:00,4.579,4.652,4.498,4.592,241581.7
1744056000000,2025-04-07 22:00:00,4.592,4.697,4.592,4.627,121044.3
1744070400000,2025-04-08 02:00:00,4.627,4.8,4.617,4.716,218932.5
1744084800000,2025-04-08 06:00:00,4.716,4.754,4.648,4.668,172417.4
1744099200000,2025-04-08 10:00:00,4.668,4.819,4.618,4.808,287091.7
1744113600000,2025-04-08 14:00:00,4.808,4.823,4.652,4.674,404481.6
1744128000000,2025-04-08 18:00:00,4.674,4.674,4.474,4.505,363242.5
1744142400000,2025-04-08 22:00:00,4.505,4.623,4.476,4.616,182050.5
1744156800000,2025-04-09 02:00:00,4.616,4.688,4.483,4.542,464876.9
1744171200000,2025-04-09 06:00:00,4.542,4.682,4.526,4.643,167008.6
1744185600000,2025-04-09 10:00:00,4.643,4.665,4.525,4.555,156706.8
1744200000000,2025-04-09 14:00:00,4.555,4.7,4.516,4.637,226804.4
1744214400000,2025-04-09 18:00:00,4.637,5.002,4.632,4.931,546808.0
1744228800000,2025-04-09 22:00:00,4.931,5.047,4.93,4.98,249750.1
1744243200000,2025-04-10 02:00:00,4.98,4.989,4.865,4.902,126055.2
1744257600000,2025-04-10 06:00:00,4.902,5.048,4.878,4.97,171304.5
1744272000000,2025-04-10 10:00:00,4.97,4.978,4.891,4.942,138951.8
1744286400000,2025-04-10 14:00:00,4.942,5.028,4.727,4.75,413966.8
1744300800000,2025-04-10 18:00:00,4.75,4.796,4.721,4.768,163105.3
1744315200000,2025-04-10 22:00:00,4.768,4.826,4.767,4.805,73333.3
1744329600000,2025-04-11 02:00:00,4.805,4.907,4.798,4.876,145725.5
1744344000000,2025-04-11 06:00:00,4.876,4.956,4.864,4.921,70805.3
1744358400000,2025-04-11 10:00:00,4.921,5.025,4.883,4.934,249246.3
1744372800000,2025-04-11 14:00:00,4.934,5.02,4.918,4.962,231816.2
1744387200000,2025-04-11 18:00:00,4.962,5.036,4.938,5.03,196032.2
1744401600000,2025-04-11 22:00:00,5.03,5.08,4.999,5.033,130649.6
1744416000000,2025-04-12 02:00:00,5.033,5.076,5.015,5.061,150429.1
1744430400000,2025-04-12 06:00:00,5.061,5.122,5.039,5.085,98775.6
1744444800000,2025-04-12 10:00:00,5.085,5.127,5.065,5.094,88353.7
1744459200000,2025-04-12 14:00:00,5.094,5.234,5.093,5.215,233793.3
1744473600000,2025-04-12 18:00:00,5.215,5.223,5.159,5.199,59777.1
1744488000000,2025-04-12 22:00:00,5.199,5.274,5.195,5.228,232183.5
1744502400000,2025-04-13 02:00:00,5.228,5.249,5.139,5.155,66591.0
1744516800000,2025-04-13 06:00:00,5.155,5.157,5.105,5.11,106598.3
1744531200000,2025-04-13 10:00:00,5.11,5.186,5.091,5.134,81571.3
1744545600000,2025-04-13 14:00:00,5.134,5.15,5.031,5.068,149378.7
1744560000000,2025-04-13 18:00:00,5.068,5.184,4.964,5.015,217292.2
1744574400000,2025-04-13 22:00:00,5.015,5.059,4.959,5.0,110296.2
1744588800000,2025-04-14 02:00:00,5.0,5.129,4.987,5.018,199348.8
1744603200000,2025-04-14 06:00:00,5.018,5.087,4.905,4.933,181229.4
1744617600000,2025-04-14 10:00:00,4.933,4.992,4.876,4.983,378571.2
1744632000000,2025-04-14 14:00:00,4.983,5.004,4.821,4.837,387982.6
1744646400000,2025-04-14 18:00:00,4.837,4.92,4.819,4.914,192130.1
1744660800000,2025-04-14 22:00:00,4.914,4.97,4.869,4.878,119802.8
1744675200000,2025-04-15 02:00:00,4.878,4.93,4.852,4.918,48717.7
1744689600000,2025-04-15 06:00:00,4.918,4.952,4.873,4.937,71369.6
1744704000000,2025-04-15 10:00:00,4.937,4.968,4.888,4.905,299413.8
1744718400000,2025-04-15 14:00:00,4.905,4.954,4.82,4.845,326854.8
1744732800000,2025-04-15 18:00:00,4.845,4.865,4.776,4.793,129484.1
1744747200000,2025-04-15 22:00:00,4.793,4.817,4.733,4.751,322088.2
1744761600000,2025-04-16 02:00:00,4.751,4.809,4.707,4.78,78042.6
1744776000000,2025-04-16 06:00:00,4.78,4.806,4.707,4.711,101037.5
1744790400000,2025-04-16 10:00:00,4.711,4.76,4.668,4.735,150133.5
1744804800000,2025-04-16 14:00:00,4.735,4.753,4.672,4.688,117095.0
1744819200000,2025-04-16 18:00:00,4.688,4.752,4.57,4.714,376613.3
1744833600000,2025-04-16 22:00:00,4.714,4.743,4.622,4.639,179677.0
1744848000000,2025-04-17 02:00:00,4.639,4.719,4.625,4.666,87348.4
1744862400000,2025-04-17 06:00:00,4.666,4.765,4.648,4.729,193758.2
1744876800000,2025-04-17 10:00:00,4.729,4.74,4.65,4.677,179107.4
1744891200000,2025-04-17 14:00:00,4.677,4.711,4.584,4.663,194098.3
1744905600000,2025-04-17 18:00:00,4.663,4.756,4.642,4.694,196829.8
1744920000000,2025-04-17 22:00:00,4.694,4.739,4.677,4.71,130225.5
1744934400000,2025-04-18 02:00:00,4.71,4.736,4.666,4.69,76594.9
1744948800000,2025-04-18 06:00:00,4.69,4.748,4.677,4.731,59299.2
1744963200000,2025-04-18 10:00:00,4.731,4.744,4.706,4.73,94650.9
1744977600000,2025-04-18 14:00:00,4.73,4.814,4.723,4.778,207623.8
1744992000000,2025-04-18 18:00:00,4.778,4.806,4.748,4.784,117463.9
1745006400000,2025-04-18 22:00:00,4.784,4.79,4.722,4.741,88659.0
1745020800000,2025-04-19 02:00:00,4.741,4.822,4.739,4.81,66923.7
1745035200000,2025-04-19 06:00:00,4.81,4.892,4.785,4.861,218909.5
1745049600000,2025-04-19 10:00:00,4.861,4.871,4.792,4.799,215471.1
1745064000000,2025-04-19 14:00:00,4.799,4.864,4.781,4.833,159812.7
1745078400000,2025-04-19 18:00:00,4.833,4.926,4.816,4.924,116932.5
1745092800000,2025-04-19 22:00:00,4.924,4.947,4.911,4.914,67733.3
1745107200000,2025-04-20 02:00:00,4.914,4.949,4.903,4.923,67095.2
1745121600000,2025-04-20 06:00:00,4.923,4.954,4.849,4.866,167232.4
1745136000000,2025-04-20 10:00:00,4.866,4.866,4.775,4.8,151772.3
1745150400000,2025-04-20 14:00:00,4.8,4.844,4.781,4.798,87083.0
1745164800000,2025-04-20 18:00:00,4.798,4.866,4.796,4.86,87592.0
1745179200000,2025-04-20 22:00:00,4.86,4.896,4.819,4.871,103139.7
1745193600000,2025-04-21 02:00:00,4.871,4.976,4.868,4.942,205991.7
1745208000000,2025-04-21 06:00:00,4.942,5.001,4.909,4.965,146416.7
1745222400000,2025-04-21 10:00:00,4.965,5.009,4.93,4.977,158065.3
1745236800000,2025-04-21 14:00:00,4.977,5.001,4.917,4.944,156100.7
1745251200000,2025-04-21 18:00:00,4.944,4.949,4.779,4.836,239733.9
1745265600000,2025-04-21 22:00:00,4.836,4.844,4.743,4.765,104571.6
1745280000000,2025-04-22 02:00:00,4.765,4.811,4.68,4.744,144390.3
1745294400000,2025-04-22 06:00:00,4.744,4.764,4.626,4.715,235782.1
1745308800000,2025-04-22 10:00:00,4.715,4.76,4.652,4.726,329935.1
1745323200000,2025-04-22 14:00:00,4.726,4.873,4.713,4.833,588284.2
1745337600000,2025-04-22 18:00:00,4.833,4.922,4.787,4.904,319107.2
1745352000000,2025-04-22 22:00:00,4.904,5.115,4.896,5.094,341475.3
1745366400000,2025-04-23 02:00:00,5.094,5.214,5.073,5.212,287774.0
1745380800000,2025-04-23 06:00:00,5.212,5.238,5.155,5.203,249369.8
1745395200000,2025-04-23 10:00:00,5.203,5.251,5.132,5.185,271633.9
1745409600000,2025-04-23 14:00:00,5.185,5.245,5.028,5.101,539103.7
1745424000000,2025-04-23 18:00:00,5.101,5.202,5.047,5.136,413328.1
1745438400000,2025-04-23 22:00:00,5.136,5.243,5.099,5.173,444143.4
1745452800000,2025-04-24 02:00:00,5.173,5.192,5.021,5.024,235737.6
1745467200000,2025-04-24 06:00:00,5.024,5.088,4.984,5.007,161416.8
1745481600000,2025-04-24 10:00:00,5.007,5.043,4.953,5.021,190105.8
1745496000000,2025-04-24 14:00:00,5.021,5.183,4.986,5.119,329324.4
1745510400000,2025-04-24 18:00:00,5.119,5.172,5.034,5.147,253051.3
1745524800000,2025-04-24 22:00:00,5.147,5.203,5.088,5.19,143388.6
1745539200000,2025-04-25 02:00:00,5.19,5.35,5.101,5.16,455265.4
1745553600000,2025-04-25 06:00:00,5.16,5.289,5.138,5.288,154348.9
1745568000000,2025-04-25 10:00:00,5.288,5.376,5.234,5.273,341518.6
1745582400000,2025-04-25 14:00:00,5.273,5.341,5.169,5.262,477670.2
1745596800000,2025-04-25 18:00:00,5.262,5.3,5.188,5.258,202074.3
1745611200000,2025-04-25 22:00:00,5.258,5.329,5.234,5.279,111813.9
1745625600000,2025-04-26 02:00:00,5.279,5.405,5.278,5.331,153659.9
1745640000000,2025-04-26 06:00:00,5.331,5.474,5.312,5.404,209867.6
1745654400000,2025-04-26 10:00:00,5.404,5.462,5.255,5.271,267219.8
1745668800000,2025-04-26 14:00:00,5.271,5.309,5.223,5.3,183710.6
1745683200000,2025-04-26 18:00:00,5.3,5.3,5.226,5.282,109238.8
1745697600000,2025-04-26 22:00:00,5.282,5.302,5.243,5.257,100796.4
1745712000000,2025-04-27 02:00:00,5.257,5.301,5.127,5.162,199973.6
1745726400000,2025-04-27 06:00:00,5.162,5.173,5.067,5.126,159164.0
1745740800000,2025-04-27 10:00:00,5.126,5.151,5.083,5.092,136972.6
1745755200000,2025-04-27 14:00:00,5.092,5.112,5.033,5.05,241539.5
1745769600000,2025-04-27 18:00:00,5.05,5.084,5.009,5.084,113326.9
1745784000000,2025-04-27 22:00:00,5.084,5.109,5.015,5.023,88469.9
1745798400000,2025-04-28 02:00:00,5.023,5.043,4.905,5.024,272979.3
1745812800000,2025-04-28 06:00:00,5.024,5.162,5.018,5.131,301494.2
1745827200000,2025-04-28 10:00:00,5.131,5.188,5.092,5.159,319786.0
1745841600000,2025-04-28 14:00:00,5.159,5.174,4.931,4.972,389126.4
1745856000000,2025-04-28 18:00:00,4.972,5.096,4.926,5.089,122111.2
1745870400000,2025-04-28 22:00:00,5.089,5.122,5.051,5.097,153180.0
1745884800000,2025-04-29 02:00:00,5.097,5.16,5.069,5.095,151525.6
1745899200000,2025-04-29 06:00:00,5.095,5.144,5.03,5.132,252104.8
1745913600000,2025-04-29 10:00:00,5.132,5.166,5.037,5.046,279846.1
1745928000000,2025-04-29 14:00:00,5.046,5.056,4.977,4.99,256059.4
1745942400000,2025-04-29 18:00:00,4.99,5.018,4.929,4.983,211042.3
1745956800000,2025-04-29 22:00:00,4.983,4.99,4.833,4.884,321170.5
1745971200000,2025-04-30 02:00:00,4.884,4.925,4.831,4.912,140546.9
1745985600000,2025-04-30 06:00:00,4.912,4.932,4.841,4.858,138613.0
1746000000000,2025-04-30 10:00:00,4.858,4.941,4.838,4.93,179571.5
1746014400000,2025-04-30 14:00:00,4.93,4.931,4.736,4.837,631735.4
1746028800000,2025-04-30 18:00:00,4.837,4.92,4.795,4.907,183449.1
1746043200000,2025-04-30 22:00:00,4.907,4.964,4.896,4.91,193727.5
1746057600000,2025-05-01 02:00:00,4.91,4.997,4.907,4.922,126281.7
1746072000000,2025-05-01 06:00:00,4.922,4.982,4.91,4.982,117390.7
1746086400000,2025-05-01 10:00:00,4.982,5.026,4.945,4.963,361433.2
1746100800000,2025-05-01 14:00:00,4.963,4.976,4.821,4.919,1133418.8
1746115200000,2025-05-01 18:00:00,4.919,4.988,4.907,4.945,240049.8
1746129600000,2025-05-01 22:00:00,4.945,4.985,4.92,4.939,247811.7
1746144000000,2025-05-02 02:00:00,4.939,5.067,4.938,4.996,203452.6
1746158400000,2025-05-02 06:00:00,4.996,5.012,4.902,4.921,187481.9
1746172800000,2025-05-02 10:00:00,4.921,4.97,4.895,4.902,200098.9
1746187200000,2025-05-02 14:00:00,4.902,5.004,4.881,4.956,218053.5
1746201600000,2025-05-02 18:00:00,4.956,5.0,4.918,4.925,271124.4
1746216000000,2025-05-02 22:00:00,4.925,4.988,4.915,4.986,197316.3
1746230400000,2025-05-03 02:00:00,4.986,4.995,4.903,4.92,84613.7
1746244800000,2025-05-03 06:00:00,4.92,4.928,4.836,4.86,210752.6
1746259200000,2025-05-03 10:00:00,4.86,4.864,4.751,4.753,243789.4
1746273600000,2025-05-03 14:00:00,4.753,4.817,4.75,4.765,390438.1
1746288000000,2025-05-03 18:00:00,4.765,4.774,4.648,4.772,438319.2
1746302400000,2025-05-03 22:00:00,4.772,4.779,4.708,4.712,94949.6
1746316800000,2025-05-04 02:00:00,4.712,4.745,4.667,4.675,105270.9
1746331200000,2025-05-04 06:00:00,4.675,4.717,4.644,4.665,75323.6
1746345600000,2025-05-04 10:00:00,4.665,4.668,4.589,4.653,142903.4
1746360000000,2025-05-04 14:00:00,4.653,4.686,4.591,4.624,125730.6
1746374400000,2025-05-04 18:00:00,4.624,4.628,4.562,4.602,159235.3
1746388800000,2025-05-04 22:00:00,4.602,4.627,4.534,4.601,148795.1
1746403200000,2025-05-05 02:00:00,4.601,4.645,4.56,4.6,122001.0
1746417600000,2025-05-05 06:00:00,4.6,4.668,4.584,4.658,119183.2
1746432000000,2025-05-05 10:00:00,4.658,4.669,4.575,4.596,143585.6
1746446400000,2025-05-05 14:00:00,4.596,4.628,4.564,4.586,177228.0
1746460800000,2025-05-05 18:00:00,4.586,4.685,4.58,4.623,194719.4
1746475200000,2025-05-05 22:00:00,4.623,4.635,4.549,4.6,127281.4
1746489600000,2025-05-06 02:00:00,4.6,4.629,4.525,4.592,153399.3
1746504000000,2025-05-06 06:00:00,4.592,4.608,4.554,4.558,80178.9
1746518400000,2025-05-06 10:00:00,4.558,4.559,4.453,4.476,380934.7
1746532800000,2025-05-06 14:00:00,4.476,4.561,4.441,4.518,212148.8
1746547200000,2025-05-06 18:00:00,4.518,4.606,4.503,4.581,84835.0
1746561600000,2025-05-06 22:00:00,4.581,4.637,4.469,4.627,206644.4
1746576000000,2025-05-07 02:00:00,4.627,4.686,4.583,4.611,153582.0
1746590400000,2025-05-07 06:00:00,4.611,4.664,4.611,4.664,46665.6
1746604800000,2025-05-07 10:00:00,4.664,4.675,4.627,4.645,79546.1
1746619200000,2025-05-07 14:00:00,4.645,4.649,4.553,4.558,96576.7
1746633600000,2025-05-07 18:00:00,4.558,4.574,4.497,4.518,338749.3
1746648000000,2025-05-07 22:00:00,4.518,4.65,4.499,4.646,107248.1
1746662400000,2025-05-08 02:00:00,4.646,4.793,4.638,4.789,454730.1
1746676800000,2025-05-08 06:00:00,4.789,4.832,4.754,4.796,160544.7
1746691200000,2025-05-08 10:00:00,4.796,4.888,4.795,4.863,250171.6
1746705600000,2025-05-08 14:00:00,4.863,4.995,4.833,4.937,377138.7
1746720000000,2025-05-08 18:00:00,4.937,5.077,4.932,5.055,391781.6
1746734400000,2025-05-08 22:00:00,5.055,5.229,5.052,5.216,333894.0
1746748800000,2025-05-09 02:00:00,5.216,5.301,5.179,5.192,325784.5
1746763200000,2025-05-09 06:00:00,5.192,5.4,5.183,5.37,429286.5
1746777600000,2025-05-09 10:00:00,5.37,5.454,5.241,5.309,751127.1
1746792000000,2025-05-09 14:00:00,5.309,5.424,5.268,5.343,378568.6
1746806400000,2025-05-09 18:00:00,5.343,5.448,5.307,5.409,220465.6
1746820800000,2025-05-09 22:00:00,5.409,5.453,5.363,5.444,197319.5
1746835200000,2025-05-10 02:00:00,5.444,5.538,5.373,5.508,404471.4
1746849600000,2025-05-10 06:00:00,5.508,5.605,5.482,5.523,585853.9
1746864000000,2025-05-10 10:00:00,5.523,5.55,5.415,5.424,305365.0
1746878400000,2025-05-10 14:00:00,5.424,5.497,5.379,5.45,190921.2
1746892800000,2025-05-10 18:00:00,5.45,5.582,5.443,5.556,532926.3
1746907200000,2025-05-10 22:00:00,5.556,5.853,5.528,5.835,536756.0
1746921600000,2025-05-11 02:00:00,5.835,5.955,5.673,5.88,712826.3
1746936000000,2025-05-11 06:00:00,5.88,5.883,5.486,5.559,439307.9
1746950400000,2025-05-11 10:00:00,5.559,5.668,5.521,5.642,211324.5
1746964800000,2025-05-11 14:00:00,5.642,5.708,5.598,5.65,247338.2
1746979200000,2025-05-11 18:00:00,5.65,5.731,5.574,5.709,199867.9
1746993600000,2025-05-11 22:00:00,5.709,5.804,5.682,5.759,234933.1
1747008000000,2025-05-12 02:00:00,5.759,5.856,5.723,5.81,195424.6
1747022400000,2025-05-12 06:00:00,5.81,6.125,5.726,5.912,1186330.0
1747036800000,2025-05-12 10:00:00,5.912,6.075,5.86,5.94,420291.5
1747051200000,2025-05-12 14:00:00,5.94,6.13,5.771,5.817,833505.3
1747065600000,2025-05-12 18:00:00,5.817,5.874,5.556,5.684,814038.1
1747080000000,2025-05-12 22:00:00,5.684,5.797,5.657,5.738,238653.0
1747094400000,2025-05-13 02:00:00,5.738,5.748,5.445,5.467,653455.2
1747108800000,2025-05-13 06:00:00,5.467,5.626,5.436,5.568,326519.6
1747123200000,2025-05-13 10:00:00,5.568,5.661,5.526,5.636,194665.1
1747137600000,2025-05-13 14:00:00,5.636,5.716,5.561,5.678,310976.8
1747152000000,2025-05-13 18:00:00,5.678,5.961,5.678,5.875,493485.2
1747166400000,2025-05-13 22:00:00,5.875,5.98,5.827,5.901,258306.9
1747180800000,2025-05-14 02:00:00,5.901,5.977,5.814,5.885,293211.2
1747195200000,2025-05-14 06:00:00,5.885,5.989,5.837,5.862,727285.6
1747209600000,2025-05-14 10:00:00,5.862,5.881,5.729,5.808,494183.3
1747224000000,2025-05-14 14:00:00,5.808,5.843,5.652,5.724,561486.7
1747238400000,2025-05-14 18:00:00,5.724,5.742,5.591,5.672,419954.9
1747252800000,2025-05-14 22:00:00,5.672,5.685,5.585,5.634,129062.9
1747267200000,2025-05-15 02:00:00,5.634,5.703,5.552,5.571,180366.4
1747281600000,2025-05-15 06:00:00,5.571,5.6,5.388,5.407,395166.6
1747296000000,2025-05-15 10:00:00,5.407,5.569,5.392,5.463,382279.5
1747310400000,2025-05-15 14:00:00,5.463,5.535,5.303,5.509,586023.0
1747324800000,2025-05-15 18:00:00,5.509,5.591,5.352,5.395,263512.2
1747339200000,2025-05-15 22:00:00,5.395,5.466,5.291,5.403,361196.6
1747353600000,2025-05-16 02:00:00,5.403,5.502,5.373,5.489,223352.3
1747368000000,2025-05-16 06:00:00,5.489,5.536,5.453,5.496,132863.6
1747382400000,2025-05-16 10:00:00,5.496,5.535,5.392,5.475,240047.1
1747396800000,2025-05-16 14:00:00,5.475,5.499,5.329,5.389,360106.4
1747411200000,2025-05-16 18:00:00,5.389,5.433,5.351,5.385,205836.6
1747425600000,2025-05-16 22:00:00,5.385,5.385,5.214,5.263,415096.7
1747440000000,2025-05-17 02:00:00,5.263,5.272,5.108,5.211,402863.7
1747454400000,2025-05-17 06:00:00,5.211,5.268,5.202,5.221,171353.8
1747468800000,2025-05-17 10:00:00,5.221,5.242,5.153,5.194,213550.7
1747483200000,2025-05-17 14:00:00,5.194,5.213,5.084,5.175,197616.1
1747497600000,2025-05-17 18:00:00,5.175,5.183,5.08,5.091,269448.5
1747512000000,2025-05-17 22:00:00,5.091,5.176,5.075,5.144,179969.9
1747526400000,2025-05-18 02:00:00,5.144,5.19,5.104,5.139,145299.7
1747540800000,2025-05-18 06:00:00,5.139,5.272,5.139,5.264,108380.5
1747555200000,2025-05-18 10:00:00,5.264,5.317,5.22,5.222,137644.8
1747569600000,2025-05-18 14:00:00,5.222,5.454,5.186,5.429,278207.0
1747584000000,2025-05-18 18:00:00,5.429,5.446,5.122,5.129,453880.1
1747598400000,2025-05-18 22:00:00,5.129,5.354,4.982,5.33,728547.6
1747612800000,2025-05-19 02:00:00,5.33,5.361,5.068,5.078,246710.1
1747627200000,2025-05-19 06:00:00,5.078,5.113,4.983,5.077,358135.2
1747641600000,2025-05-19 10:00:00,5.077,5.082,5.014,5.051,174212.3
1747656000000,2025-05-19 14:00:00,5.051,5.17,4.976,5.154,265873.5
1747670400000,2025-05-19 18:00:00,5.154,5.27,5.115,5.226,301778.9
1747684800000,2025-05-19 22:00:00,5.226,5.236,5.139,5.208,83606.7
1747699200000,2025-05-20 02:00:00,5.208,5.334,5.173,5.265,204125.3
1747713600000,2025-05-20 06:00:00,5.265,5.354,5.214,5.229,167513.4
1747728000000,2025-05-20 10:00:00,5.229,5.242,5.09,5.131,262118.5
1747742400000,2025-05-20 14:00:00,5.131,5.153,5.077,5.137,165205.8
1747756800000,2025-05-20 18:00:00,5.137,5.209,5.061,5.199,430281.9
1747771200000,2025-05-20 22:00:00,5.199,5.319,5.178,5.258,252894.3
1747785600000,2025-05-21 02:00:00,5.258,5.346,5.183,5.329,332222.0
1747800000000,2025-05-21 06:00:00,5.329,5.395,5.255,5.278,677747.1
1747814400000,2025-05-21 10:00:00,5.278,5.303,5.176,5.26,230783.9
1747828800000,2025-05-21 14:00:00,5.26,5.374,5.224,5.371,273151.4
1747843200000,2025-05-21 18:00:00,5.371,5.488,5.157,5.307,956069.3
1747857600000,2025-05-21 22:00:00,5.307,5.402,5.25,5.346,183956.4
1747872000000,2025-05-22 02:00:00,5.346,5.508,5.336,5.494,231041.7
1747886400000,2025-05-22 06:00:00,5.494,5.529,5.429,5.507,238347.3
1747900800000,2025-05-22 10:00:00,5.507,5.622,5.505,5.541,227945.7
1747915200000,2025-05-22 14:00:00,5.541,5.668,5.475,5.601,276687.1
1747929600000,2025-05-22 18:00:00,5.601,5.669,5.584,5.613,327847.3
1747944000000,2025-05-22 22:00:00,5.613,5.702,5.583,5.692,200309.7
1747958400000,2025-05-23 02:00:00,5.692,5.833,5.659,5.805,219690.1
1747972800000,2025-05-23 06:00:00,5.805,5.818,5.597,5.625,294135.8
1747987200000,2025-05-23 10:00:00,5.625,5.728,5.414,5.453,420468.2
1748001600000,2025-05-23 14:00:00,5.453,5.547,5.316,5.453,547314.5
1748016000000,2025-05-23 18:00:00,5.453,5.5,5.396,5.403,179619.5
1748030400000,2025-05-23 22:00:00,5.403,5.403,5.194,5.218,350885.6
1748044800000,2025-05-24 02:00:00,5.218,5.304,5.186,5.277,241275.8
1748059200000,2025-05-24 06:00:00,5.277,5.312,5.231,5.245,232599.8
1748073600000,2025-05-24 10:00:00,5.245,5.32,5.213,5.279,270264.2
1748088000000,2025-05-24 14:00:00,5.279,5.322,5.251,5.292,185686.6
1748102400000,2025-05-24 18:00:00,5.292,5.307,5.232,5.251,211837.6
1748116800000,2025-05-24 22:00:00,5.251,5.26,5.166,5.197,177949.4
1748131200000,2025-05-25 02:00:00,5.197,5.221,5.115,5.19,192667.6
1748145600000,2025-05-25 06:00:00,5.19,5.207,5.12,5.146,133810.0
1748160000000,2025-05-25 10:00:00,5.146,5.147,5.058,5.111,178314.9
1748174400000,2025-05-25 14:00:00,5.111,5.139,5.005,5.064,213413.7
1748188800000,2025-05-25 18:00:00,5.064,5.135,5.021,5.115,144876.6
1748203200000,2025-05-25 22:00:00,5.115,5.273,5.097,5.261,352010.9
1748217600000,2025-05-26 02:00:00,5.261,5.313,5.236,5.286,107801.3
1748232000000,2025-05-26 06:00:00,5.286,5.409,5.28,5.396,178826.0
1748246400000,2025-05-26 10:00:00,5.396,5.41,5.314,5.343,327503.9
1748260800000,2025-05-26 14:00:00,5.343,5.36,5.246,5.341,256770.6
1748275200000,2025-05-26 18:00:00,5.341,5.369,5.218,5.25,242723.7
1748289600000,2025-05-26 22:00:00,5.25,5.288,5.178,5.22,189507.5
1748304000000,2025-05-27 02:00:00,5.22,5.258,5.096,5.229,247950.8
1748318400000,2025-05-27 06:00:00,5.229,5.337,5.194,5.308,117475.4
1748332800000,2025-05-27 10:00:00,5.308,5.364,5.301,5.332,141974.2
1748347200000,2025-05-27 14:00:00,5.332,5.402,5.243,5.331,368373.1
1748361600000,2025-05-27 18:00:00,5.331,5.395,5.31,5.346,344903.5
1748376000000,2025-05-27 22:00:00,5.346,5.38,5.285,5.326,228399.6
1748390400000,2025-05-28 02:00:00,5.326,5.369,5.276,5.319,82872.0
1748404800000,2025-05-28 06:00:00,5.319,5.357,5.27,5.305,169203.5
1748419200000,2025-05-28 10:00:00,5.305,5.384,5.245,5.383,160881.1
1748433600000,2025-05-28 14:00:00,5.383,5.464,5.225,5.229,374924.2
1748448000000,2025-05-28 18:00:00,5.229,5.311,5.186,5.187,182872.9
1748462400000,2025-05-28 22:00:00,5.187,5.443,5.182,5.438,311435.5
1748476800000,2025-05-29 02:00:00,5.438,5.562,5.411,5.509,469443.0
1748491200000,2025-05-29 06:00:00,5.509,5.513,5.377,5.426,245276.8
1748505600000,2025-05-29 10:00:00,5.426,5.481,5.395,5.466,169719.8
1748520000000,2025-05-29 14:00:00,5.466,5.474,5.341,5.353,335398.7
1748534400000,2025-05-29 18:00:00,5.353,5.358,5.228,5.242,299030.8
1748548800000,2025-05-29 22:00:00,5.242,5.32,5.228,5.252,192877.9
1748563200000,2025-05-30 02:00:00,5.252,5.288,5.039,5.163,966119.6
1748577600000,2025-05-30 06:00:00,5.163,5.182,5.066,5.097,268610.8
1748592000000,2025-05-30 10:00:00,5.097,5.106,5.007,5.068,449401.0
1748606400000,2025-05-30 14:00:00,5.068,5.079,4.951,4.986,446169.4
1748620800000,2025-05-30 18:00:00,4.986,5.019,4.843,4.98,589618.1
1748635200000,2025-05-30 22:00:00,4.98,4.986,4.774,4.787,488822.5
1748649600000,2025-05-31 02:00:00,4.787,4.803,4.671,4.735,629502.8
1748664000000,2025-05-31 06:00:00,4.735,4.796,4.706,4.766,403199.0
1748678400000,2025-05-31 10:00:00,4.766,4.768,4.688,4.713,160213.9
1748692800000,2025-05-31 14:00:00,4.713,4.885,4.71,4.829,222817.8
1748707200000,2025-05-31 18:00:00,4.829,4.908,4.807,4.874,225176.9
1748721600000,2025-05-31 22:00:00,4.874,4.935,4.862,4.902,157861.9
1748736000000,2025-06-01 02:00:00,4.902,4.959,4.848,4.892,183998.6
1748750400000,2025-06-01 06:00:00,4.892,4.958,4.869,4.895,149176.1
1748764800000,2025-06-01 10:00:00,4.895,4.896,4.79,4.868,245000.5
1748779200000,2025-06-01 14:00:00,4.868,4.952,4.812,4.94,190815.8
1748793600000,2025-06-01 18:00:00,4.94,4.995,4.87,4.943,426666.1
1748808000000,2025-06-01 22:00:00,4.943,4.982,4.918,4.932,141229.3
1748822400000,2025-06-02 02:00:00,4.932,4.966,4.864,4.881,143978.7
1748836800000,2025-06-02 06:00:00,4.881,4.949,4.85,4.912,92353.6
1748851200000,2025-06-02 10:00:00,4.912,4.955,4.827,4.85,186601.4
1748865600000,2025-06-02 14:00:00,4.85,4.933,4.84,4.92,233899.4
1748880000000,2025-06-02 18:00:00,4.92,5.002,4.883,4.918,187627.8
1748894400000,2025-06-02 22:00:00,4.918,5.131,4.918,5.116,261949.0
1748908800000,2025-06-03 02:00:00,5.116,5.245,5.116,5.125,279135.9
1748923200000,2025-06-03 06:00:00,5.125,5.17,5.08,5.15,162810.2
1748937600000,2025-06-03 10:00:00,5.15,5.179,5.116,5.128,130204.0
1748952000000,2025-06-03 14:00:00,5.128,5.297,5.12,5.281,356802.9
1748966400000,2025-06-03 18:00:00,5.281,5.569,5.275,5.401,1118170.7
1748980800000,2025-06-03 22:00:00,5.401,5.42,5.237,5.322,357402.2
1748995200000,2025-06-04 02:00:00,5.322,5.413,5.204,5.362,306571.5
1749009600000,2025-06-04 06:00:00,5.362,5.397,5.309,5.352,217589.3
1749024000000,2025-06-04 10:00:00,5.352,5.477,5.325,5.347,399829.8
1749038400000,2025-06-04 14:00:00,5.347,5.368,5.257,5.308,413241.3
1749052800000,2025-06-04 18:00:00,5.308,5.318,5.232,5.237,204508.1
1749067200000,2025-06-04 22:00:00,5.237,5.28,5.171,5.194,296871.9
1749081600000,2025-06-05 02:00:00,5.194,5.32,5.174,5.296,203149.6
1749096000000,2025-06-05 06:00:00,5.296,5.311,5.174,5.215,201458.4
1749110400000,2025-06-05 10:00:00,5.215,5.246,5.089,5.145,526604.0
1749124800000,2025-06-05 14:00:00,5.145,5.205,5.009,5.09,539030.4
1749139200000,2025-06-05 18:00:00,5.09,5.092,4.917,4.964,808807.8
1749153600000,2025-06-05 22:00:00,4.964,4.984,4.804,4.849,668804.8
1749168000000,2025-06-06 02:00:00,4.849,4.938,4.829,4.938,202129.3
1749182400000,2025-06-06 06:00:00,4.938,5.022,4.917,4.989,150736.3
1749196800000,2025-06-06 10:00:00,4.989,5.006,4.962,4.98,159137.0
1749211200000,2025-06-06 14:00:00,4.98,5.073,4.964,5.023,199626.9
1749225600000,2025-06-06 18:00:00,5.023,5.047,4.878,4.924,468425.7
1749240000000,2025-06-06 22:00:00,4.924,4.973,4.915,4.941,139711.2
1749254400000,2025-06-07 02:00:00,4.941,5.008,4.92,4.987,106920.2
1749268800000,2025-06-07 06:00:00,4.987,5.034,4.954,5.023,113786.5
1749283200000,2025-06-07 10:00:00,5.023,5.109,5.001,5.095,155998.4
1749297600000,2025-06-07 14:00:00,5.095,5.212,5.095,5.132,253458.9
1749312000000,2025-06-07 18:00:00,5.132,5.177,5.091,5.163,138644.9
1749326400000,2025-06-07 22:00:00,5.163,5.234,5.153,5.229,141521.0
1749340800000,2025-06-08 02:00:00,5.229,5.242,5.177,5.235,163972.7
1749355200000,2025-06-08 06:00:00,5.235,5.35,5.195,5.277,464857.5
1749369600000,2025-06-08 10:00:00,5.277,5.388,5.218,5.388,505597.1
1749384000000,2025-06-08 14:00:00,5.388,5.582,5.312,5.566,715194.9
1749398400000,2025-06-08 18:00:00,5.566,5.701,5.547,5.64,1684217.8
1749412800000,2025-06-08 22:00:00,5.64,5.666,5.519,5.551,546721.6
1749427200000,2025-06-09 02:00:00,5.551,5.613,5.49,5.613,747514.8
1749441600000,2025-06-09 06:00:00,5.613,5.753,5.576,5.643,842904.9
1749456000000,2025-06-09 10:00:00,5.643,5.994,5.636,5.887,1844414.1
1749470400000,2025-06-09 14:00:00,5.887,6.064,5.822,5.897,1519925.0
1749484800000,2025-06-09 18:00:00,5.897,5.923,5.833,5.88,530407.3
1749499200000,2025-06-09 22:00:00,5.88,6.15,5.88,6.025,728723.8
1749513600000,2025-06-10 02:00:00,6.025,6.185,6.015,6.068,757189.6
1749528000000,2025-06-10 06:00:00,6.068,6.227,5.92,5.932,972603.2
1749542400000,2025-06-10 10:00:00,5.932,6.091,5.883,6.09,960321.7
1749556800000,2025-06-10 14:00:00,6.09,6.158,5.972,6.028,842625.6
1749571200000,2025-06-10 18:00:00,6.028,6.127,5.957,6.098,602592.1
1749585600000,2025-06-10 22:00:00,6.098,6.198,6.037,6.172,684880.8
1749600000000,2025-06-11 02:00:00,6.172,6.203,6.052,6.198,337987.8
1749614400000,2025-06-11 06:00:00,6.198,6.318,6.114,6.194,505038.2
1749628800000,2025-06-11 10:00:00,6.194,6.257,6.064,6.091,525358.8
1749643200000,2025-06-11 14:00:00,6.091,6.188,6.054,6.153,612054.9
1749657600000,2025-06-11 18:00:00,6.153,6.176,6.03,6.1,658823.5
1749672000000,2025-06-11 22:00:00,6.1,6.15,5.937,6.062,543251.1
1749686400000,2025-06-12 02:00:00,6.062,6.16,5.977,6.035,358188.3
1749700800000,2025-06-12 06:00:00,6.035,6.069,5.911,5.939,360568.0
1749715200000,2025-06-12 10:00:00,5.939,5.978,5.845,5.856,465163.1
1749729600000,2025-06-12 14:00:00,5.856,6.072,5.856,5.947,541944.2
1749744000000,2025-06-12 18:00:00,5.947,6.1,5.78,5.817,733763.6
1749758400000,2025-06-12 22:00:00,5.817,5.839,5.76,5.818,436681.3
1749772800000,2025-06-13 02:00:00,5.818,5.822,5.446,5.546,1593264.9
1749787200000,2025-06-13 06:00:00,5.546,5.547,5.401,5.448,397616.9
1749801600000,2025-06-13 10:00:00,5.448,5.478,5.365,5.423,528607.2
1749816000000,2025-06-13 14:00:00,5.423,5.493,5.364,5.434,664173.3
1749830400000,2025-06-13 18:00:00,5.434,5.485,5.313,5.348,509115.1
1749844800000,2025-06-13 22:00:00,5.348,5.527,5.321,5.454,367932.4
1749859200000,2025-06-14 02:00:00,5.454,5.632,5.395,5.566,382829.9
1749873600000,2025-06-14 06:00:00,5.566,5.767,5.559,5.756,453227.3
1749888000000,2025-06-14 10:00:00,5.756,5.779,5.564,5.621,474525.5
1749902400000,2025-06-14 14:00:00,5.621,5.655,5.511,5.528,404952.9
1749916800000,2025-06-14 18:00:00,5.528,5.529,5.396,5.45,512780.5
1749931200000,2025-06-14 22:00:00,5.45,5.52,5.394,5.476,257677.6
1749945600000,2025-06-15 02:00:00,5.476,5.507,5.377,5.396,220160.5
1749960000000,2025-06-15 06:00:00,5.396,5.434,5.327,5.329,363041.9
1749974400000,2025-06-15 10:00:00,5.329,5.349,5.269,5.345,411815.2
1749988800000,2025-06-15 14:00:00,5.345,5.428,5.322,5.373,479170.2
1750003200000,2025-06-15 18:00:00,5.373,5.443,5.342,5.419,188365.1
1750017600000,2025-06-15 22:00:00,5.419,5.515,5.336,5.508,298744.8
1750032000000,2025-06-16 02:00:00,5.508,5.662,5.434,5.562,354615.3
1750046400000,2025-06-16 06:00:00,5.562,5.737,5.558,5.657,505479.6
1750060800000,2025-06-16 10:00:00,5.657,5.678,5.551,5.608,293581.0
1750075200000,2025-06-16 14:00:00,5.608,5.706,5.584,5.626,473966.4
1750089600000,2025-06-16 18:00:00,5.626,5.72,5.609,5.648,364923.5
1750104000000,2025-06-16 22:00:00,5.648,5.665,5.382,5.396,701634.8
1750118400000,2025-06-17 02:00:00,5.396,5.479,5.336,5.423,413115.6
1750132800000,2025-06-17 06:00:00,5.423,5.431,5.338,5.362,181835.2
1750147200000,2025-06-17 10:00:00,5.362,5.362,5.25,5.27,317243.7
1750161600000,2025-06-17 14:00:00,5.27,5.311,5.143,5.184,664443.6
1750176000000,2025-06-17 18:00:00,5.184,5.195,5.084,5.16,491029.2
1750190400000,2025-06-17 22:00:00,5.16,5.174,5.054,5.119,373742.3
1750204800000,2025-06-18 02:00:00,5.119,5.202,5.116,5.191,136645.9
1750219200000,2025-06-18 06:00:00,5.191,5.251,5.132,5.154,189628.2
1750233600000,2025-06-18 10:00:00,5.154,5.172,5.005,5.078,420366.1
1750248000000,2025-06-18 14:00:00,5.078,5.095,4.988,5.051,831539.1
1750262400000,2025-06-18 18:00:00,5.051,5.097,4.977,5.019,527447.4
1750276800000,2025-06-18 22:00:00,5.019,5.165,5.002,5.113,303984.7
1750291200000,2025-06-19 02:00:00,5.113,5.147,5.005,5.025,441602.9
1750305600000,2025-06-19 06:00:00,5.025,5.061,4.983,5.002,153436.7
1750320000000,2025-06-19 10:00:00,5.002,5.069,4.998,5.011,189639.8
1750334400000,2025-06-19 14:00:00,5.011,5.038,4.962,4.998,364722.3
1750348800000,2025-06-19 18:00:00,4.998,5.088,4.965,5.021,356223.4
1750363200000,2025-06-19 22:00:00,5.021,5.074,5.002,5.049,162682.5
1750377600000,2025-06-20 02:00:00,5.049,5.114,5.03,5.052,209675.2
1750392000000,2025-06-20 06:00:00,5.052,5.106,4.983,5.098,220558.3
1750406400000,2025-06-20 10:00:00,5.098,5.133,5.058,5.098,287074.8
1750420800000,2025-06-20 14:00:00,5.098,5.22,4.986,5.0,612455.7
1750435200000,2025-06-20 18:00:00,5.0,5.007,4.812,4.949,937832.1
1750449600000,2025-06-20 22:00:00,4.949,4.993,4.867,4.92,174435.3
1750464000000,2025-06-21 02:00:00,4.92,4.976,4.911,4.954,94455.3
1750478400000,2025-06-21 06:00:00,4.954,4.961,4.927,4.947,55774.9
1750492800000,2025-06-21 10:00:00,4.947,5.011,4.938,4.988,141392.4
1750507200000,2025-06-21 14:00:00,4.988,5.002,4.825,4.864,1787097.7
1750521600000,2025-06-21 18:00:00,4.864,4.885,4.74,4.755,514127.3
1750536000000,2025-06-21 22:00:00,4.755,4.82,4.588,4.797,2252179.3
1750550400000,2025-06-22 02:00:00,4.797,4.83,4.645,4.676,816450.8
1750564800000,2025-06-22 06:00:00,4.676,4.756,4.665,4.712,236288.8
1750579200000,2025-06-22 10:00:00,4.712,4.717,4.591,4.644,343004.5
1750593600000,2025-06-22 14:00:00,4.644,4.662,4.444,4.47,2743004.7
1750608000000,2025-06-22 18:00:00,4.47,4.521,4.411,4.434,483660.5
1750622400000,2025-06-22 22:00:00,4.434,4.553,4.309,4.55,861298.1
1750636800000,2025-06-23 02:00:00,4.55,4.616,4.544,4.587,294425.1
1750651200000,2025-06-23 06:00:00,4.587,4.628,4.551,4.574,355320.3
1750665600000,2025-06-23 10:00:00,4.574,4.604,4.505,4.529,217558.2
1750680000000,2025-06-23 14:00:00,4.529,4.663,4.509,4.56,585921.3
1750694400000,2025-06-23 18:00:00,4.56,4.719,4.457,4.712,881850.5
1750708800000,2025-06-23 22:00:00,4.712,4.987,4.704,4.956,948506.7
1750723200000,2025-06-24 02:00:00,4.956,4.971,4.886,4.906,299357.6
1750737600000,2025-06-24 06:00:00,4.906,5.052,4.89,4.961,362096.4
1750752000000,2025-06-24 10:00:00,4.961,4.981,4.907,4.944,267102.0
1750766400000,2025-06-24 14:00:00,4.944,4.994,4.879,4.902,263859.4
1750780800000,2025-06-24 18:00:00,4.902,4.999,4.873,4.895,409811.9
1750795200000,2025-06-24 22:00:00,4.895,4.992,4.883,4.956,303487.6
1750809600000,2025-06-25 02:00:00,4.956,5.049,4.938,5.005,296936.8
1750824000000,2025-06-25 06:00:00,5.005,5.022,4.937,4.961,346830.4
1750838400000,2025-06-25 10:00:00,4.961,4.976,4.859,4.934,441757.4
1750852800000,2025-06-25 14:00:00,4.934,4.977,4.786,4.793,1003853.1
1750867200000,2025-06-25 18:00:00,4.793,4.869,4.769,4.856,388083.4
1750881600000,2025-06-25 22:00:00,4.856,4.888,4.782,4.814,186586.7
1750896000000,2025-06-26 02:00:00,4.814,4.919,4.799,4.855,177397.7
1750910400000,2025-06-26 06:00:00,4.855,4.88,4.803,4.862,177900.1
1750924800000,2025-06-26 10:00:00,4.862,4.889,4.786,4.787,124959.4
1750939200000,2025-06-26 14:00:00,4.787,4.79,4.676,4.747,499684.5
1750953600000,2025-06-26 18:00:00,4.747,4.756,4.656,4.731,201289.7
1750968000000,2025-06-26 22:00:00,4.731,4.802,4.711,4.729,158443.2
1750982400000,2025-06-27 02:00:00,4.729,4.753,4.659,4.726,166687.1
1750996800000,2025-06-27 06:00:00,4.726,4.774,4.686,4.695,177277.5
1751011200000,2025-06-27 10:00:00,4.695,4.752,4.691,4.72,106687.6
1751025600000,2025-06-27 14:00:00,4.72,4.768,4.665,4.761,183925.7
1751040000000,2025-06-27 18:00:00,4.761,4.828,4.662,4.707,285223.5
1751054400000,2025-06-27 22:00:00,4.707,4.768,4.678,4.758,151142.0
1751068800000,2025-06-28 02:00:00,4.758,4.782,4.733,4.742,67241.4
1751083200000,2025-06-28 06:00:00,4.742,4.756,4.709,4.753,59139.5
1751097600000,2025-06-28 10:00:00,4.753,4.757,4.703,4.717,100408.3
1751112000000,2025-06-28 14:00:00,4.717,4.773,4.693,4.768,158899.1
1751126400000,2025-06-28 18:00:00,4.768,4.834,4.745,4.814,273880.9
1751140800000,2025-06-28 22:00:00,4.814,4.883,4.799,4.857,170738.8
1751155200000,2025-06-29 02:00:00,4.857,4.883,4.82,4.825,85268.6
1751169600000,2025-06-29 06:00:00,4.825,4.879,4.823,4.876,79776.9
1751184000000,2025-06-29 10:00:00,4.876,4.917,4.867,4.888,244697.8
1751198400000,2025-06-29 14:00:00,4.888,4.897,4.825,4.836,146352.0
1751212800000,2025-06-29 18:00:00,4.836,4.911,4.836,4.911,165325.2
1751227200000,2025-06-29 22:00:00,4.911,5.131,4.872,5.08,390573.2
1751241600000,2025-06-30 02:00:00,5.08,5.103,4.989,5.009,219454.0
1751256000000,2025-06-30 06:00:00,5.009,5.017,4.922,4.982,176860.6
1751270400000,2025-06-30 10:00:00,4.982,4.987,4.88,4.914,361358.9
1751284800000,2025-06-30 14:00:00,4.914,4.951,4.867,4.91,547102.3
1751299200000,2025-06-30 18:00:00,4.91,4.997,4.886,4.995,257849.9
1751313600000,2025-06-30 22:00:00,4.995,5.004,4.891,4.899,212980.0
1751328000000,2025-07-01 02:00:00,4.899,4.925,4.852,4.875,222614.1
1751342400000,2025-07-01 06:00:00,4.875,4.875,4.775,4.826,268852.8
1751356800000,2025-07-01 10:00:00,4.826,4.829,4.744,4.761,227944.5
1751371200000,2025-07-01 14:00:00,4.761,4.778,4.703,4.758,221868.9
1751385600000,2025-07-01 18:00:00,4.758,4.771,4.686,4.694,199659.6
1751400000000,2025-07-01 22:00:00,4.694,4.747,4.662,4.689,184969.5
1751414400000,2025-07-02 02:00:00,4.689,4.756,4.661,4.716,181141.1
1751428800000,2025-07-02 06:00:00,4.716,4.843,4.715,4.814,153687.4
1751443200000,2025-07-02 10:00:00,4.814,4.847,4.788,4.814,149841.7
1751457600000,2025-07-02 14:00:00,4.814,4.946,4.8,4.937,204723.9
1751472000000,2025-07-02 18:00:00,4.937,5.063,4.93,5.054,395266.8
1751486400000,2025-07-02 22:00:00,5.054,5.093,5.013,5.016,246507.5
1751500800000,2025-07-03 02:00:00,5.016,5.051,4.984,4.985,145778.6
1751515200000,2025-07-03 06:00:00,4.985,5.117,4.982,5.101,251314.9
1751529600000,2025-07-03 10:00:00,5.101,5.137,5.027,5.046,298543.1
1751544000000,2025-07-03 14:00:00,5.046,5.103,4.926,4.935,519564.1
1751558400000,2025-07-03 18:00:00,4.935,5.012,4.935,4.995,236858.2
1751572800000,2025-07-03 22:00:00,4.995,5.037,4.948,5.006,725548.8
1751587200000,2025-07-04 02:00:00,5.006,5.036,4.953,4.964,181006.0
1751601600000,2025-07-04 06:00:00,4.964,4.981,4.833,4.845,342855.0
1751616000000,2025-07-04 10:00:00,4.845,4.878,4.808,4.851,272316.7
1751630400000,2025-07-04 14:00:00,4.851,4.866,4.757,4.76,348092.8
1751644800000,2025-07-04 18:00:00,4.76,4.767,4.708,4.725,331551.5
1751659200000,2025-07-04 22:00:00,4.725,4.785,4.714,4.778,147419.2
1751673600000,2025-07-05 02:00:00,4.778,4.801,4.748,4.779,106049.7
1751688000000,2025-07-05 06:00:00,4.779,4.82,4.754,4.796,126236.3
1751702400000,2025-07-05 10:00:00,4.796,4.804,4.736,4.748,214231.1
1751716800000,2025-07-05 14:00:00,4.748,4.76,4.719,4.731,182206.2
1751731200000,2025-07-05 18:00:00,4.731,4.748,4.678,4.726,296338.6
1751745600000,2025-07-05 22:00:00,4.726,4.782,4.723,4.769,156893.8
1751760000000,2025-07-06 02:00:00,4.769,4.771,4.73,4.747,169471.9
1751774400000,2025-07-06 06:00:00,4.747,4.771,4.72,4.756,117080.2
1751788800000,2025-07-06 10:00:00,4.756,4.767,4.721,4.756,115818.3
1751803200000,2025-07-06 14:00:00,4.756,4.84,4.752,4.82,238769.2
1751817600000,2025-07-06 18:00:00,4.82,4.844,4.777,4.822,170094.5
1751832000000,2025-07-06 22:00:00,4.822,4.9,4.818,4.834,302632.0
1751846400000,2025-07-07 02:00:00,4.834,4.893,4.818,4.859,177804.5
1751860800000,2025-07-07 06:00:00,4.859,4.868,4.797,4.854,177869.8
1751875200000,2025-07-07 10:00:00,4.854,4.873,4.797,4.801,226236.3
1751889600000,2025-07-07 14:00:00,4.801,4.848,4.758,4.778,410805.7
1751904000000,2025-07-07 18:00:00,4.778,4.8,4.723,4.773,405577.9
1751918400000,2025-07-07 22:00:00,4.773,4.782,4.706,4.776,250393.1
1751932800000,2025-07-08 02:00:00,4.776,4.796,4.71,4.718,548514.1
1751947200000,2025-07-08 06:00:00,4.718,4.76,4.695,4.752,246991.1
1751961600000,2025-07-08 10:00:00,4.752,4.811,4.716,4.791,142997.2
1751976000000,2025-07-08 14:00:00,4.791,4.808,4.724,4.736,263288.3
1751990400000,2025-07-08 18:00:00,4.736,4.862,4.727,4.837,309553.5
1752004800000,2025-07-08 22:00:00,4.837,4.847,4.812,4.834,136024.1
1752019200000,2025-07-09 02:00:00,4.834,4.848,4.792,4.813,243996.6
1752033600000,2025-07-09 06:00:00,4.813,4.897,4.812,4.884,370341.3
1752048000000,2025-07-09 10:00:00,4.884,4.946,4.865,4.934,256637.5
1752062400000,2025-07-09 14:00:00,4.934,4.989,4.901,4.929,355006.6
1752076800000,2025-07-09 18:00:00,4.929,5.129,4.929,5.111,449943.0
1752091200000,2025-07-09 22:00:00,5.111,5.208,5.069,5.151,458460.6
1752105600000,2025-07-10 02:00:00,5.151,5.179,5.109,5.152,208711.7
1752120000000,2025-07-10 06:00:00,5.152,5.222,5.128,5.183,199147.5
1752134400000,2025-07-10 10:00:00,5.183,5.215,5.151,5.184,243819.0
1752148800000,2025-07-10 14:00:00,5.184,5.234,5.076,5.105,608946.6
1752163200000,2025-07-10 18:00:00,5.105,5.287,5.105,5.207,562757.6
1752177600000,2025-07-10 22:00:00,5.207,5.443,5.207,5.406,686227.4
1752192000000,2025-07-11 02:00:00,5.406,5.489,5.314,5.459,382701.1
1752206400000,2025-07-11 06:00:00,5.459,5.55,5.394,5.423,602369.0
1752220800000,2025-07-11 10:00:00,5.423,5.535,5.423,5.45,315145.5
1752235200000,2025-07-11 14:00:00,5.45,5.58,5.418,5.434,550600.9
1752249600000,2025-07-11 18:00:00,5.434,5.576,5.427,5.551,269335.7
1752264000000,2025-07-11 22:00:00,5.551,5.551,5.272,5.345,438943.4
1752278400000,2025-07-12 02:00:00,5.345,5.439,5.259,5.414,364834.9
1752292800000,2025-07-12 06:00:00,5.414,5.426,5.283,5.367,283196.6
1752307200000,2025-07-12 10:00:00,5.367,5.396,5.324,5.357,160582.8
1752321600000,2025-07-12 14:00:00,5.357,5.374,5.134,5.185,987588.8
1752336000000,2025-07-12 18:00:00,5.185,5.299,5.169,5.297,261415.5
1752350400000,2025-07-12 22:00:00,5.297,5.377,5.229,5.35,273260.6
1752364800000,2025-07-13 02:00:00,5.35,5.375,5.315,5.348,168456.2
1752379200000,2025-07-13 06:00:00,5.348,5.443,5.333,5.433,253990.7
1752393600000,2025-07-13 10:00:00,5.433,5.451,5.374,5.437,257309.6
1752408000000,2025-07-13 14:00:00,5.437,5.535,5.411,5.463,460021.6
1752422400000,2025-07-13 18:00:00,5.463,5.529,5.425,5.475,207427.1
1752436800000,2025-07-13 22:00:00,5.475,5.537,5.394,5.452,455856.3
1752451200000,2025-07-14 02:00:00,5.452,5.664,5.412,5.606,596330.2
1752465600000,2025-07-14 06:00:00,5.606,5.67,5.523,5.638,527711.4
1752480000000,2025-07-14 10:00:00,5.638,5.643,5.55,5.564,564741.0
1752494400000,2025-07-14 14:00:00,5.564,5.615,5.413,5.455,861203.7
1752508800000,2025-07-14 18:00:00,5.455,5.496,5.37,5.398,453801.0
1752523200000,2025-07-14 22:00:00,5.398,5.434,5.335,5.381,243977.5
1752537600000,2025-07-15 02:00:00,5.381,5.42,5.185,5.24,669066.9
1752552000000,2025-07-15 06:00:00,5.24,5.315,5.204,5.267,280431.6
1752566400000,2025-07-15 10:00:00,5.267,5.328,5.232,5.29,315873.4
1752580800000,2025-07-15 14:00:00,5.29,5.433,5.25,5.428,914161.9
1752595200000,2025-07-15 18:00:00,5.428,5.648,5.4,5.465,1762544.6
1752609600000,2025-07-15 22:00:00,5.465,5.636,5.461,5.611,478730.0
1752624000000,2025-07-16 02:00:00,5.611,5.662,5.504,5.512,339674.0
1752638400000,2025-07-16 06:00:00,5.512,5.601,5.479,5.573,222545.8
1752652800000,2025-07-16 10:00:00,5.573,5.601,5.475,5.52,681001.0
1752667200000,2025-07-16 14:00:00,5.52,5.603,5.484,5.535,534291.6
1752681600000,2025-07-16 18:00:00,5.535,5.712,5.521,5.643,610083.2
1752696000000,2025-07-16 22:00:00,5.643,5.777,5.604,5.623,623061.0
1752710400000,2025-07-17 02:00:00,5.623,5.703,5.481,5.512,485500.9
1752724800000,2025-07-17 06:00:00,5.512,5.667,5.485,5.603,537305.8
1752739200000,2025-07-17 10:00:00,5.603,5.755,5.584,5.652,883671.3
1752753600000,2025-07-17 14:00:00,5.652,5.723,5.533,5.599,1075688.7
1752768000000,2025-07-17 18:00:00,5.599,5.646,5.477,5.529,643545.3
1752782400000,2025-07-17 22:00:00,5.529,5.85,5.445,5.756,1520101.9
1752796800000,2025-07-18 02:00:00,5.756,6.002,5.687,5.976,1419614.9
1752811200000,2025-07-18 06:00:00,5.976,6.175,5.932,6.018,1676611.4
1752825600000,2025-07-18 10:00:00,6.018,6.1,5.935,6.019,1580895.7
1752840000000,2025-07-18 14:00:00,6.019,6.079,5.724,5.786,2227260.0
1752854400000,2025-07-18 18:00:00,5.786,5.875,5.709,5.759,883173.8
1752868800000,2025-07-18 22:00:00,5.759,5.784,5.608,5.682,1031177.1
1752883200000,2025-07-19 02:00:00,5.682,5.778,5.542,5.778,536110.3
1752897600000,2025-07-19 06:00:00,5.778,5.842,5.691,5.7,353174.3
1752912000000,2025-07-19 10:00:00,5.7,5.711,5.612,5.616,188535.8
1752926400000,2025-07-19 14:00:00,5.616,5.644,5.52,5.611,676933.2
1752940800000,2025-07-19 18:00:00,5.611,5.786,5.587,5.785,499902.9
1752955200000,2025-07-19 22:00:00,5.785,5.84,5.715,5.803,386317.0
1752969600000,2025-07-20 02:00:00,5.803,5.881,5.75,5.816,258040.5
1752984000000,2025-07-20 06:00:00,5.816,5.931,5.811,5.905,337199.8
1752998400000,2025-07-20 10:00:00,5.905,5.998,5.905,5.971,421589.6
1753012800000,2025-07-20 14:00:00,5.971,6.106,5.955,6.096,468234.1
1753027200000,2025-07-20 18:00:00,6.096,6.136,5.994,6.04,550425.6
1753041600000,2025-07-20 22:00:00,6.04,6.078,5.857,5.98,500310.6
1753056000000,2025-07-21 02:00:00,5.98,6.094,5.86,6.085,514095.2
1753070400000,2025-07-21 06:00:00,6.085,6.159,5.996,6.129,409341.7
1753084800000,2025-07-21 10:00:00,6.129,6.225,6.051,6.158,544920.4
1753099200000,2025-07-21 14:00:00,6.158,6.259,6.088,6.185,824801.0
1753113600000,2025-07-21 18:00:00,6.185,6.213,6.004,6.057,881736.3
1753128000000,2025-07-21 22:00:00,6.057,6.178,6.033,6.147,247711.5
1753142400000,2025-07-22 02:00:00,6.147,6.185,5.914,5.963,906997.4
1753156800000,2025-07-22 06:00:00,5.963,5.985,5.807,5.908,1000328.2
1753171200000,2025-07-22 10:00:00,5.908,5.968,5.782,5.96,652006.4
1753185600000,2025-07-22 14:00:00,5.96,6.089,5.826,6.001,901275.9
1753200000000,2025-07-22 18:00:00,6.001,6.097,5.933,5.95,575065.6
1753214400000,2025-07-22 22:00:00,5.95,6.136,5.935,6.127,243039.0
1753228800000,2025-07-23 02:00:00,6.127,6.144,5.988,6.006,324297.1
1753243200000,2025-07-23 06:00:00,6.006,6.1,5.95,5.983,298654.2
1753257600000,2025-07-23 10:00:00,5.983,6.076,5.883,5.971,766758.5
1753272000000,2025-07-23 14:00:00,5.971,5.975,5.592,5.719,2601351.0
1753286400000,2025-07-23 18:00:00,5.719,5.724,5.507,5.599,1324172.1
1753300800000,2025-07-23 22:00:00,5.599,5.632,5.408,5.598,787476.1
1753315200000,2025-07-24 02:00:00,5.598,5.683,5.553,5.611,345536.9
1753329600000,2025-07-24 06:00:00,5.611,5.635,5.252,5.413,1139266.7
1753344000000,2025-07-24 10:00:00,5.413,5.585,5.387,5.567,733084.8
1753358400000,2025-07-24 14:00:00,5.567,5.755,5.459,5.664,997632.4
1753372800000,2025-07-24 18:00:00,5.664,5.67,5.518,5.563,559730.7
1753387200000,2025-07-24 22:00:00,5.563,5.635,5.468,5.486,424605.4
1753401600000,2025-07-25 02:00:00,5.486,5.508,5.317,5.378,591307.5
1753416000000,2025-07-25 06:00:00,5.378,5.45,5.327,5.404,434517.1
1753430400000,2025-07-25 10:00:00,5.404,5.568,5.399,5.552,398215.5
1753444800000,2025-07-25 14:00:00,5.552,5.592,5.336,5.407,482292.5
1753459200000,2025-07-25 18:00:00,5.407,5.494,5.381,5.453,186643.1
1753473600000,2025-07-25 22:00:00,5.453,5.628,5.448,5.624,174431.0
1753488000000,2025-07-26 02:00:00,5.624,5.653,5.577,5.631,147098.3
1753502400000,2025-07-26 06:00:00,5.631,5.64,5.602,5.62,79361.2
1753516800000,2025-07-26 10:00:00,5.62,5.679,5.606,5.636,247338.9
1753531200000,2025-07-26 14:00:00,5.636,5.694,5.613,5.67,189428.9
1753545600000,2025-07-26 18:00:00,5.67,5.775,5.631,5.748,268802.8
1753560000000,2025-07-26 22:00:00,5.748,5.752,5.644,5.648,149186.8
1753574400000,2025-07-27 02:00:00,5.648,5.721,5.628,5.676,99123.2
1753588800000,2025-07-27 06:00:00,5.676,5.77,5.675,5.7,149190.8
1753603200000,2025-07-27 10:00:00,5.7,5.738,5.645,5.693,258015.3
1753617600000,2025-07-27 14:00:00,5.693,5.733,5.661,5.704,193937.5
1753632000000,2025-07-27 18:00:00,5.704,5.794,5.704,5.724,356648.2
1753646400000,2025-07-27 22:00:00,5.724,5.84,5.713,5.802,130289.8
1753660800000,2025-07-28 02:00:00,5.802,5.865,5.725,5.854,322926.7
1753675200000,2025-07-28 06:00:00,5.854,5.965,5.836,5.949,291876.7
1753689600000,2025-07-28 10:00:00,5.949,6.004,5.869,5.895,349405.6
1753704000000,2025-07-28 14:00:00,5.895,5.902,5.648,5.685,701115.2
1753718400000,2025-07-28 18:00:00,5.685,5.695,5.558,5.603,463771.2
1753732800000,2025-07-28 22:00:00,5.603,5.612,5.489,5.536,324331.5
1753747200000,2025-07-29 02:00:00,5.536,5.577,5.443,5.554,347931.2
1753761600000,2025-07-29 06:00:00,5.554,5.738,5.526,5.733,318801.0
1753776000000,2025-07-29 10:00:00,5.733,5.738,5.53,5.558,435959.1
1753790400000,2025-07-29 14:00:00,5.558,5.638,5.439,5.465,517026.8
1753804800000,2025-07-29 18:00:00,5.465,5.504,5.379,5.394,371501.3
1753819200000,2025-07-29 22:00:00,5.394,5.477,5.343,5.454,282924.6
1753833600000,2025-07-30 02:00:00,5.454,5.486,5.358,5.428,113911.1
1753848000000,2025-07-30 06:00:00,5.428,5.45,5.372,5.389,128303.0
1753862400000,2025-07-30 10:00:00,5.389,5.433,5.217,5.248,386990.5
1753876800000,2025-07-30 14:00:00,5.248,5.411,5.219,5.377,447073.5
1753891200000,2025-07-30 18:00:00,5.377,5.479,5.168,5.409,799469.6
1753905600000,2025-07-30 22:00:00,5.409,5.487,5.348,5.467,1154006.1
1753920000000,2025-07-31 02:00:00,5.467,5.541,5.441,5.516,249302.0
1753934400000,2025-07-31 06:00:00,5.516,5.554,5.494,5.531,135972.1
1753948800000,2025-07-31 10:00:00,5.531,5.58,5.496,5.51,224805.5
1753963200000,2025-07-31 14:00:00,5.51,5.513,5.299,5.394,682633.2
1753977600000,2025-07-31 18:00:00,5.394,5.508,5.318,5.328,322073.8
1753992000000,2025-07-31 22:00:00,5.328,5.371,5.214,5.225,372855.7
1754006400000,2025-08-01 02:00:00,5.225,5.291,5.114,5.24,723617.5
1754020800000,2025-08-01 06:00:00,5.24,5.24,5.106,5.143,317810.1
1754035200000,2025-08-01 10:00:00,5.143,5.143,5.045,5.132,596113.0
1754049600000,2025-08-01 14:00:00,5.132,5.186,4.995,5.144,802201.2
1754064000000,2025-08-01 18:00:00,5.144,5.181,5.025,5.133,498162.1
1754078400000,2025-08-01 22:00:00,5.133,5.146,4.896,5.011,638646.4
1754092800000,2025-08-02 02:00:00,5.011,5.064,5.001,5.051,149718.5
1754107200000,2025-08-02 06:00:00,5.051,5.077,4.929,5.031,224444.6
1754121600000,2025-08-02 10:00:00,5.031,5.042,4.945,5.005,194287.6
1754136000000,2025-08-02 14:00:00,5.005,5.045,4.945,4.966,192305.6
1754150400000,2025-08-02 18:00:00,4.966,5.012,4.85,4.908,440622.2
1754164800000,2025-08-02 22:00:00,4.908,4.966,4.887,4.943,216213.4
1754179200000,2025-08-03 02:00:00,4.943,5.009,4.867,4.994,221713.8
1754193600000,2025-08-03 06:00:00,4.994,5.021,4.971,5.012,126898.8
1754208000000,2025-08-03 10:00:00,5.012,5.08,5.003,5.062,149597.7
1754222400000,2025-08-03 14:00:00,5.062,5.097,5.039,5.086,176160.3
1754236800000,2025-08-03 18:00:00,5.086,5.12,5.065,5.093,118486.6
1754251200000,2025-08-03 22:00:00,5.093,5.142,5.077,5.111,149590.7
1754265600000,2025-08-04 02:00:00,5.111,5.2,5.106,5.138,182702.1
1754280000000,2025-08-04 06:00:00,5.138,5.176,5.115,5.163,156459.8
1754294400000,2025-08-04 10:00:00,5.163,5.181,5.12,5.126,165315.0
1754308800000,2025-08-04 14:00:00,5.126,5.238,5.115,5.218,551126.7
1754323200000,2025-08-04 18:00:00,5.218,5.32,5.208,5.221,409178.0
1754337600000,2025-08-04 22:00:00,5.221,5.321,5.215,5.299,201347.4
1754352000000,2025-08-05 02:00:00,5.299,5.321,5.228,5.23,210468.2
1754366400000,2025-08-05 06:00:00,5.23,5.257,5.11,5.14,374891.8
1754380800000,2025-08-05 10:00:00,5.14,5.287,5.132,5.276,337122.3
1754395200000,2025-08-05 14:00:00,5.276,5.283,5.045,5.072,756121.6
1754409600000,2025-08-05 18:00:00,5.072,5.109,5.012,5.033,450241.1
1754424000000,2025-08-05 22:00:00,5.033,5.082,4.941,5.068,312170.9
1754438400000,2025-08-06 02:00:00,5.068,5.069,4.968,4.983,292362.0
1754452800000,2025-08-06 06:00:00,4.983,5.117,4.963,5.088,361501.8
1754467200000,2025-08-06 10:00:00,5.088,5.095,5.014,5.035,286619.6
1754481600000,2025-08-06 14:00:00,5.035,5.149,4.997,5.14,348874.6
1754496000000,2025-08-06 18:00:00,5.14,5.161,5.082,5.139,289831.5
1754510400000,2025-08-06 22:00:00,5.139,5.141,5.103,5.114,112502.2
1754524800000,2025-08-07 02:00:00,5.114,5.142,5.062,5.063,202047.6
1754539200000,2025-08-07 06:00:00,5.063,5.136,5.061,5.119,136150.7
1754553600000,2025-08-07 10:00:00,5.119,5.286,5.102,5.272,418571.1
1754568000000,2025-08-07 14:00:00,5.272,5.286,5.2,5.25,322009.6
1754582400000,2025-08-07 18:00:00,5.25,5.271,5.141,5.269,299176.3
1754596800000,2025-08-07 22:00:00,5.269,5.357,5.258,5.351,363762.9
1754611200000,2025-08-08 02:00:00,5.351,5.413,5.188,5.294,2313061.5
1754625600000,2025-08-08 06:00:00,5.294,5.384,5.243,5.375,422996.0
1754640000000,2025-08-08 10:00:00,5.375,5.409,5.326,5.375,465868.7
1754654400000,2025-08-08 14:00:00,5.375,5.477,5.304,5.353,838828.3
1754668800000,2025-08-08 18:00:00,5.353,5.482,5.348,5.467,441191.7
1754683200000,2025-08-08 22:00:00,5.467,5.471,5.413,5.43,160753.6
1754697600000,2025-08-09 02:00:00,5.43,5.499,5.418,5.492,213810.4
1754712000000,2025-08-09 06:00:00,5.492,5.65,5.47,5.622,515607.3
1754726400000,2025-08-09 10:00:00,5.622,5.695,5.614,5.678,420667.1
1754740800000,2025-08-09 14:00:00,5.678,5.711,5.577,5.622,547817.9
1754755200000,2025-08-09 18:00:00,5.622,5.702,5.622,5.693,294201.6
1754769600000,2025-08-09 22:00:00,5.693,5.748,5.674,5.701,543122.4
1754784000000,2025-08-10 02:00:00,5.701,5.771,5.64,5.716,855644.2
1754798400000,2025-08-10 06:00:00,5.716,5.763,5.553,5.564,652730.1
1754812800000,2025-08-10 10:00:00,5.564,5.623,5.492,5.523,634691.1
1754827200000,2025-08-10 14:00:00,5.523,5.694,5.516,5.654,449137.1
1754841600000,2025-08-10 18:00:00,5.654,5.68,5.621,5.664,232532.4
1754856000000,2025-08-10 22:00:00,5.664,5.668,5.544,5.629,454341.0
1754870400000,2025-08-11 02:00:00,5.629,5.746,5.589,5.701,440663.3
1754884800000,2025-08-11 06:00:00,5.701,5.749,5.599,5.613,511939.1
1754899200000,2025-08-11 10:00:00,5.613,5.664,5.488,5.507,877004.0
1754913600000,2025-08-11 14:00:00,5.507,5.579,5.428,5.55,774648.2
1754928000000,2025-08-11 18:00:00,5.55,5.635,5.434,5.472,617647.7
1754942400000,2025-08-11 22:00:00,5.472,5.476,5.328,5.356,674144.1
1754956800000,2025-08-12 02:00:00,5.356,5.459,5.348,5.386,384526.8
1754971200000,2025-08-12 06:00:00,5.386,5.433,5.316,5.43,320982.2
1754985600000,2025-08-12 10:00:00,5.43,5.431,5.281,5.371,410206.3
1755000000000,2025-08-12 14:00:00,5.371,5.61,5.344,5.604,986445.6
1755014400000,2025-08-12 18:00:00,5.604,5.73,5.586,5.696,785958.2
1755028800000,2025-08-12 22:00:00,5.696,5.757,5.658,5.669,488504.0
1755043200000,2025-08-13 02:00:00,5.669,5.748,5.615,5.735,393641.1
1755057600000,2025-08-13 06:00:00,5.735,5.75,5.641,5.74,339759.2
1755072000000,2025-08-13 10:00:00,5.74,5.888,5.737,5.828,854429.5
1755086400000,2025-08-13 14:00:00,5.828,5.931,5.802,5.893,1919528.5
1755100800000,2025-08-13 18:00:00,5.893,5.96,5.869,5.958,912505.5
1755115200000,2025-08-13 22:00:00,5.958,6.077,5.929,6.014,806745.1
1755129600000,2025-08-14 02:00:00,6.014,6.084,5.951,6.06,373970.9
1755144000000,2025-08-14 06:00:00,6.06,6.075,5.908,5.956,548894.8
1755158400000,2025-08-14 10:00:00,5.956,5.965,5.79,5.809,705337.8
1755172800000,2025-08-14 14:00:00,5.809,5.847,5.495,5.577,2426727.0
1755187200000,2025-08-14 18:00:00,5.577,5.578,5.476,5.492,691755.8
1755201600000,2025-08-14 22:00:00,5.492,5.494,5.36,5.447,571430.5
1755216000000,2025-08-15 02:00:00,5.447,5.547,5.421,5.526,450739.5
1755230400000,2025-08-15 06:00:00,5.526,5.585,5.466,5.544,460318.0
1755244800000,2025-08-15 10:00:00,5.544,5.576,5.469,5.477,394764.4
1755259200000,2025-08-15 14:00:00,5.477,5.544,5.258,5.299,1092443.2
1755273600000,2025-08-15 18:00:00,5.299,5.355,5.244,5.305,648292.0
1755288000000,2025-08-15 22:00:00,5.305,5.451,5.288,5.389,312207.3
1755302400000,2025-08-16 02:00:00,5.389,5.469,5.383,5.425,167216.0
1755316800000,2025-08-16 06:00:00,5.425,5.472,5.407,5.457,209290.7
1755331200000,2025-08-16 10:00:00,5.457,5.48,5.392,5.407,312976.2
1755345600000,2025-08-16 14:00:00,5.407,5.502,5.385,5.472,286004.6
1755360000000,2025-08-16 18:00:00,5.472,5.496,5.397,5.422,322626.0
1755374400000,2025-08-16 22:00:00,5.422,5.47,5.415,5.454,172307.6
1755388800000,2025-08-17 02:00:00,5.454,5.474,5.4,5.464,242610.6
1755403200000,2025-08-17 06:00:00,5.464,5.545,5.464,5.516,317633.3
1755417600000,2025-08-17 10:00:00,5.516,5.577,5.504,5.568,229074.6
1755432000000,2025-08-17 14:00:00,5.568,5.669,5.518,5.667,380810.6
1755446400000,2025-08-17 18:00:00,5.667,5.68,5.458,5.489,518052.7
1755460800000,2025-08-17 22:00:00,5.489,5.556,5.47,5.476,294907.6
1755475200000,2025-08-18 02:00:00,5.476,5.478,5.263,5.325,1110142.5
1755489600000,2025-08-18 06:00:00,5.325,5.363,5.256,5.281,739093.6
1755504000000,2025-08-18 10:00:00,5.281,5.307,5.219,5.288,607362.2
1755518400000,2025-08-18 14:00:00,5.288,5.361,5.234,5.301,797486.5
1755532800000,2025-08-18 18:00:00,5.301,5.352,5.242,5.308,538018.5
1755547200000,2025-08-18 22:00:00,5.308,5.394,5.275,5.302,485002.6
1755561600000,2025-08-19 02:00:00,5.302,5.377,5.179,5.193,721965.8
1755576000000,2025-08-19 06:00:00,5.193,5.24,5.145,5.189,555710.1
1755590400000,2025-08-19 10:00:00,5.189,5.28,5.15,5.28,398443.5
1755604800000,2025-08-19 14:00:00,5.28,5.284,5.112,5.132,1098792.6
1755619200000,2025-08-19 18:00:00,5.132,5.143,5.013,5.034,1082130.4
1755633600000,2025-08-19 22:00:00,5.034,5.097,5.011,5.024,369768.9
1755648000000,2025-08-20 02:00:00,5.024,5.124,5.019,5.096,403192.3
1755662400000,2025-08-20 06:00:00,5.096,5.148,5.096,5.112,196854.1
1755676800000,2025-08-20 10:00:00,5.112,5.171,5.058,5.122,326495.7
1755691200000,2025-08-20 14:00:00,5.122,5.214,5.002,5.166,980971.7
1755705600000,2025-08-20 18:00:00,5.166,5.277,5.164,5.273,338420.8
1755720000000,2025-08-20 22:00:00,5.273,5.293,5.248,5.259,179210.0
1755734400000,2025-08-21 02:00:00,5.259,5.305,5.204,5.237,239535.2
1755748800000,2025-08-21 06:00:00,5.237,5.273,5.186,5.222,115086.5
1755763200000,2025-08-21 10:00:00,5.222,5.226,5.148,5.168,311084.6
1755777600000,2025-08-21 14:00:00,5.168,5.217,5.103,5.109,681379.2
1755792000000,2025-08-21 18:00:00,5.109,5.129,5.048,5.086,556113.4
1755806400000,2025-08-21 22:00:00,5.086,5.141,5.056,5.092,280359.9
1755820800000,2025-08-22 02:00:00,5.092,5.168,5.057,5.078,398308.6
1755835200000,2025-08-22 06:00:00,5.078,5.125,5.061,5.111,277001.1
1755849600000,2025-08-22 10:00:00,5.111,5.138,4.998,5.001,487812.8
1755864000000,2025-08-22 14:00:00,5.001,5.345,4.932,5.291,2287954.7
1755878400000,2025-08-22 18:00:00,5.291,5.541,5.291,5.525,1128564.5
1755892800000,2025-08-22 22:00:00,5.525,5.582,5.512,5.535,554897.3
1755907200000,2025-08-23 02:00:00,5.535,5.543,5.334,5.357,623119.4
1755921600000,2025-08-23 06:00:00,5.357,5.475,5.348,5.383,371480.3
1755936000000,2025-08-23 10:00:00,5.383,5.426,5.357,5.389,302712.2
1755950400000,2025-08-23 14:00:00,5.389,5.433,5.366,5.394,242464.0
1755964800000,2025-08-23 18:00:00,5.394,5.451,5.368,5.449,224142.4
1755979200000,2025-08-23 22:00:00,5.449,5.46,5.396,5.447,126182.0
1755993600000,2025-08-24 02:00:00,5.447,5.481,5.359,5.388,327838.2
1756008000000,2025-08-24 06:00:00,5.388,5.395,5.257,5.259,413137.2
1756022400000,2025-08-24 10:00:00,5.259,5.291,5.182,5.21,466900.0
1756036800000,2025-08-24 14:00:00,5.21,5.3,5.198,5.24,323007.3
1756051200000,2025-08-24 18:00:00,5.24,5.494,5.215,5.308,1938498.9
1756065600000,2025-08-24 22:00:00,5.308,5.342,5.199,5.266,965205.7
1756080000000,2025-08-25 02:00:00,5.266,5.35,5.169,5.294,456027.7
1756094400000,2025-08-25 06:00:00,5.294,5.31,5.074,5.092,762905.6
1756108800000,2025-08-25 10:00:00,5.092,5.125,5.015,5.076,638395.8
1756123200000,2025-08-25 14:00:00,5.076,5.13,5.022,5.045,509633.7
1756137600000,2025-08-25 18:00:00,5.045,5.085,4.94,4.956,827812.1
1756152000000,2025-08-25 22:00:00,4.956,4.98,4.832,4.877,1375376.5
1756166400000,2025-08-26 02:00:00,4.877,4.992,4.85,4.933,510925.1
1756180800000,2025-08-26 06:00:00,4.933,4.983,4.907,4.955,178988.3
1756195200000,2025-08-26 10:00:00,4.955,4.995,4.929,4.95,264725.5
1756209600000,2025-08-26 14:00:00,4.95,5.061,4.921,4.981,841702.7
1756224000000,2025-08-26 18:00:00,4.981,5.097,4.973,5.088,303622.2
1756238400000,2025-08-26 22:00:00,5.088,5.105,5.051,5.057,1641678.5
1756252800000,2025-08-27 02:00:00,5.057,5.109,5.01,5.078,220088.0
1756267200000,2025-08-27 06:00:00,5.078,5.148,5.038,5.059,309496.6
1756281600000,2025-08-27 10:00:00,5.059,5.086,5.031,5.062,191744.2
1756296000000,2025-08-27 14:00:00,5.062,5.109,5.006,5.075,412550.7
1756310400000,2025-08-27 18:00:00,5.075,5.106,5.015,5.05,341648.2
1756324800000,2025-08-27 22:00:00,5.05,5.107,4.978,5.016,761624.7
1756339200000,2025-08-28 02:00:00,5.016,5.055,4.972,5.032,149588.9
1756353600000,2025-08-28 06:00:00,5.032,5.084,5.018,5.061,168762.9
1756368000000,2025-08-28 10:00:00,5.061,5.096,5.023,5.074,218984.0
1756382400000,2025-08-28 14:00:00,5.074,5.14,5.065,5.073,418020.9
1756396800000,2025-08-28 18:00:00,5.073,5.098,4.99,4.996,416049.8
1756411200000,2025-08-28 22:00:00,4.996,5.136,4.987,5.136,174812.1
1756425600000,2025-08-29 02:00:00,5.136,5.141,5.04,5.072,169297.4
1756440000000,2025-08-29 06:00:00,5.072,5.083,4.939,4.95,568286.0
1756454400000,2025-08-29 10:00:00,4.95,4.967,4.861,4.899,433221.9
1756468800000,2025-08-29 14:00:00,4.899,5.027,4.846,4.877,897860.2
1756483200000,2025-08-29 18:00:00,4.877,4.9,4.812,4.862,409914.7
1756497600000,2025-08-29 22:00:00,4.862,4.922,4.816,4.901,269919.2
1756512000000,2025-08-30 02:00:00,4.901,4.942,4.803,4.918,341109.6
1756526400000,2025-08-30 06:00:00,4.918,4.949,4.89,4.944,153793.3
1756540800000,2025-08-30 10:00:00,4.944,4.946,4.876,4.896,198549.7
1756555200000,2025-08-30 14:00:00,4.896,4.898,4.816,4.886,214034.3
1756569600000,2025-08-30 18:00:00,4.886,4.886,4.823,4.847,149724.5
1756584000000,2025-08-30 22:00:00,4.847,4.861,4.829,4.853,161898.0
1756598400000,2025-08-31 02:00:00,4.853,4.935,4.851,4.931,264705.9
1756612800000,2025-08-31 06:00:00,4.931,4.933,4.832,4.853,377643.7
1756627200000,2025-08-31 10:00:00,4.853,4.893,4.804,4.838,306312.7
1756641600000,2025-08-31 14:00:00,4.838,4.847,4.794,4.833,270771.8
1756656000000,2025-08-31 18:00:00,4.833,4.833,4.792,4.796,244864.8
1756670400000,2025-08-31 22:00:00,4.796,4.865,4.746,4.747,846692.9
1756684800000,2025-09-01 02:00:00,4.747,4.772,4.664,4.704,621007.7
1756699200000,2025-09-01 06:00:00,4.704,4.842,4.644,4.842,576504.5
1756713600000,2025-09-01 10:00:00,4.842,4.927,4.762,4.772,599691.0
1756728000000,2025-09-01 14:00:00,4.772,4.803,4.704,4.713,332323.6
1756742400000,2025-09-01 18:00:00,4.713,4.736,4.672,4.732,352987.9
1756756800000,2025-09-01 22:00:00,4.732,4.736,4.585,4.695,993503.3
1756771200000,2025-09-02 02:00:00,4.695,4.801,4.663,4.796,310643.0
1756785600000,2025-09-02 06:00:00,4.796,4.828,4.778,4.795,378031.9
1756800000000,2025-09-02 10:00:00,4.795,4.851,4.789,4.82,303644.5
1756814400000,2025-09-02 14:00:00,4.82,4.888,4.726,4.755,1228248.3
1756828800000,2025-09-02 18:00:00,4.755,4.847,4.755,4.796,417515.9
1756843200000,2025-09-02 22:00:00,4.796,4.869,4.788,4.868,211391.3
1756857600000,2025-09-03 02:00:00,4.868,4.893,4.828,4.853,315693.3
1756872000000,2025-09-03 06:00:00,4.853,4.86,4.785,4.818,195097.0
1756886400000,2025-09-03 10:00:00,4.818,4.853,4.811,4.819,265964.4
1756900800000,2025-09-03 14:00:00,4.819,4.916,4.812,4.865,366300.7
1756915200000,2025-09-03 18:00:00,4.865,4.898,4.848,4.898,250880.8
1756929600000,2025-09-03 22:00:00,4.898,4.929,4.876,4.905,184416.6
1756944000000,2025-09-04 02:00:00,4.905,4.935,4.844,4.852,189258.4
1756958400000,2025-09-04 06:00:00,4.852,4.86,4.766,4.799,365263.5
1756972800000,2025-09-04 10:00:00,4.799,4.826,4.793,4.797,145491.2
1756987200000,2025-09-04 14:00:00,4.797,4.824,4.699,4.746,1505088.8
1757001600000,2025-09-04 18:00:00,4.746,4.756,4.676,4.683,1656715.3
1757016000000,2025-09-04 22:00:00,4.683,4.758,4.677,4.692,433558.5
1757030400000,2025-09-05 02:00:00,4.692,4.76,4.68,4.753,837162.8
1757044800000,2025-09-05 06:00:00,4.753,4.844,4.728,4.835,279807.6
1757059200000,2025-09-05 10:00:00,4.835,4.838,4.761,4.802,280961.6
1757073600000,2025-09-05 14:00:00,4.802,4.884,4.715,4.752,1305672.2
1757088000000,2025-09-05 18:00:00,4.752,4.776,4.72,4.775,489989.3
1757102400000,2025-09-05 22:00:00,4.775,4.785,4.739,4.769,210954.8
1757116800000,2025-09-06 02:00:00,4.769,4.805,4.762,4.77,200574.6
1757131200000,2025-09-06 06:00:00,4.77,4.771,4.709,4.729,516854.0
1757145600000,2025-09-06 10:00:00,4.729,4.732,4.689,4.704,443666.0
1757160000000,2025-09-06 14:00:00,4.704,4.731,4.688,4.704,339257.6
1757174400000,2025-09-06 18:00:00,4.704,4.748,4.694,4.699,204187.9
1757188800000,2025-09-06 22:00:00,4.699,4.768,4.699,4.751,175965.7
1757203200000,2025-09-07 02:00:00,4.751,4.803,4.741,4.794,162654.4
1757217600000,2025-09-07 06:00:00,4.794,4.827,4.775,4.789,190047.4
1757232000000,2025-09-07 10:00:00,4.789,4.825,4.789,4.801,112957.5
1757246400000,2025-09-07 14:00:00,4.801,4.848,4.787,4.818,177140.9
1757260800000,2025-09-07 18:00:00,4.818,4.828,4.767,4.804,180864.8
1757275200000,2025-09-07 22:00:00,4.804,4.844,4.789,4.824,228625.4
1757289600000,2025-09-08 02:00:00,4.824,4.868,4.79,4.837,262775.2
1757304000000,2025-09-08 06:00:00,4.837,4.84,4.792,4.813,185236.9
1757318400000,2025-09-08 10:00:00,4.813,4.913,4.813,4.868,491985.1
1757332800000,2025-09-08 14:00:00,4.868,4.943,4.853,4.921,984981.2
1757347200000,2025-09-08 18:00:00,4.921,4.94,4.843,4.853,374436.0
1757361600000,2025-09-08 22:00:00,4.853,4.906,4.822,4.893,365849.1
1757376000000,2025-09-09 02:00:00,4.893,4.956,4.854,4.899,377171.4
1757390400000,2025-09-09 06:00:00,4.899,5.051,4.886,4.994,631253.5
1757404800000,2025-09-09 10:00:00,4.994,5.031,4.982,4.982,293667.1
1757419200000,2025-09-09 14:00:00,4.982,5.018,4.84,4.859,900132.2
1757433600000,2025-09-09 18:00:00,4.859,4.878,4.83,4.857,279911.2
1757448000000,2025-09-09 22:00:00,4.857,4.881,4.827,4.869,194128.1
1757462400000,2025-09-10 02:00:00,4.869,4.918,4.85,4.902,252673.1
1757476800000,2025-09-10 06:00:00,4.902,4.919,4.859,4.901,194230.5
1757491200000,2025-09-10 10:00:00,4.901,4.913,4.862,4.88,176317.3
1757505600000,2025-09-10 14:00:00,4.88,4.998,4.872,4.938,720395.9
1757520000000,2025-09-10 18:00:00,4.938,4.953,4.836,4.85,1242959.3
1757534400000,2025-09-10 22:00:00,4.85,4.894,4.847,4.89,243240.0
1757548800000,2025-09-11 02:00:00,4.89,4.93,4.877,4.925,292655.2
1757563200000,2025-09-11 06:00:00,4.925,4.938,4.89,4.926,402872.1
1757577600000,2025-09-11 10:00:00,4.926,4.928,4.881,4.885,351903.3
1757592000000,2025-09-11 14:00:00,4.885,4.948,4.832,4.869,931699.5
1757606400000,2025-09-11 18:00:00,4.869,4.922,4.868,4.906,390019.7
1757620800000,2025-09-11 22:00:00,4.906,4.977,4.887,4.975,389856.6
1757635200000,2025-09-12 02:00:00,4.975,5.034,4.905,4.929,564058.0
1757649600000,2025-09-12 06:00:00,4.929,4.985,4.906,4.921,549259.0
1757664000000,2025-09-12 10:00:00,4.921,4.925,4.828,4.839,986551.9
1757678400000,2025-09-12 14:00:00,4.839,4.905,4.815,4.86,865878.0
1757692800000,2025-09-12 18:00:00,4.86,4.956,4.852,4.953,668466.5
1757707200000,2025-09-12 22:00:00,4.953,4.985,4.912,4.98,582102.5
1757721600000,2025-09-13 02:00:00,4.98,5.044,4.964,5.029,510207.2
1757736000000,2025-09-13 06:00:00,5.029,5.057,5.001,5.02,370512.6
1757750400000,2025-09-13 10:00:00,5.02,5.136,5.018,5.131,476616.7
1757764800000,2025-09-13 14:00:00,5.131,5.161,5.024,5.072,771152.6
1757779200000,2025-09-13 18:00:00,5.072,5.094,4.981,5.028,466675.6
1757793600000,2025-09-13 22:00:00,5.028,5.068,5.023,5.047,208178.4
1757808000000,2025-09-14 02:00:00,5.047,5.053,4.946,4.958,399255.5
1757822400000,2025-09-14 06:00:00,4.958,5.009,4.921,4.98,347924.2
1757836800000,2025-09-14 10:00:00,4.98,5.039,4.924,4.931,388107.8
1757851200000,2025-09-14 14:00:00,4.931,4.956,4.821,4.847,994652.2
1757865600000,2025-09-14 18:00:00,4.847,4.895,4.835,4.854,463766.1
1757880000000,2025-09-14 22:00:00,4.854,4.907,4.836,4.85,312571.0
1757894400000,2025-09-15 02:00:00,4.85,4.887,4.776,4.879,701187.7
1757908800000,2025-09-15 06:00:00,4.879,4.906,4.739,4.767,1080604.6
1757923200000,2025-09-15 10:00:00,4.767,4.767,4.655,4.694,1678031.3
1757937600000,2025-09-15 14:00:00,4.694,4.73,4.628,4.667,1465014.6
1757952000000,2025-09-15 18:00:00,4.667,4.68,4.608,4.656,703201.0
1757966400000,2025-09-15 22:00:00,4.656,4.683,4.651,4.665,245223.4
1757980800000,2025-09-16 02:00:00,4.665,4.68,4.639,4.644,355059.5
1757995200000,2025-09-16 06:00:00,4.644,4.696,4.606,4.679,447699.5
1758009600000,2025-09-16 10:00:00,4.679,4.72,4.666,4.683,386797.9
1758024000000,2025-09-16 14:00:00,4.683,4.725,4.632,4.715,565767.9
1758038400000,2025-09-16 18:00:00,4.715,4.782,4.685,4.78,645821.5
1758052800000,2025-09-16 22:00:00,4.78,4.802,4.757,4.764,553666.4
1758067200000,2025-09-17 02:00:00,4.764,4.783,4.736,4.741,313668.1
1758081600000,2025-09-17 06:00:00,4.741,4.762,4.687,4.745,469675.3
1758096000000,2025-09-17 10:00:00,4.745,4.746,4.666,4.692,365156.9
1758110400000,2025-09-17 14:00:00,4.692,4.719,4.657,4.668,300546.4
1758124800000,2025-09-17 18:00:00,4.668,4.789,4.638,4.78,1696241.5
1758139200000,2025-09-17 22:00:00,4.78,4.869,4.722,4.835,732073.0
1758153600000,2025-09-18 02:00:00,4.835,4.881,4.807,4.87,350895.2
1758168000000,2025-09-18 06:00:00,4.87,4.883,4.794,4.831,444698.2
1758182400000,2025-09-18 10:00:00,4.831,4.897,4.825,4.894,537362.8
1758196800000,2025-09-18 14:00:00,4.894,4.911,4.851,4.882,582003.3
1758211200000,2025-09-18 18:00:00,4.882,4.954,4.881,4.929,780961.3
1758225600000,2025-09-18 22:00:00,4.929,4.958,4.883,4.933,468777.5
1758240000000,2025-09-19 02:00:00,4.933,4.988,4.857,4.868,556799.6
1758254400000,2025-09-19 06:00:00,4.868,4.899,4.831,4.882,540394.5
1758268800000,2025-09-19 10:00:00,4.882,4.904,4.778,4.792,718046.7
1758283200000,2025-09-19 14:00:00,4.792,4.828,4.732,4.76,585094.1
1758297600000,2025-09-19 18:00:00,4.76,4.781,4.707,4.712,334768.9
1758312000000,2025-09-19 22:00:00,4.712,4.747,4.683,4.72,499419.9
1758326400000,2025-09-20 02:00:00,4.72,4.749,4.689,4.737,203165.5
1758340800000,2025-09-20 06:00:00,4.737,4.779,4.729,4.779,206816.0
1758355200000,2025-09-20 10:00:00,4.779,4.782,4.698,4.718,302937.6
1758369600000,2025-09-20 14:00:00,4.718,4.804,4.706,4.766,408205.2
1758384000000,2025-09-20 18:00:00,4.766,4.782,4.72,4.732,223845.2
1758398400000,2025-09-20 22:00:00,4.732,4.768,4.723,4.73,119233.8
1758412800000,2025-09-21 02:00:00,4.73,4.768,4.715,4.766,176576.6
1758427200000,2025-09-21 06:00:00,4.766,4.806,4.751,4.798,203703.4
1758441600000,2025-09-21 10:00:00,4.798,4.812,4.709,4.726,295024.1
1758456000000,2025-09-21 14:00:00,4.726,4.761,4.724,4.741,166252.1
1758470400000,2025-09-21 18:00:00,4.741,4.75,4.675,4.746,496415.9
1758484800000,2025-09-21 22:00:00,4.746,4.748,4.689,4.698,328081.0
1758499200000,2025-09-22 02:00:00,4.698,4.713,4.512,4.55,1822785.2
1758513600000,2025-09-22 06:00:00,4.55,4.57,4.156,4.324,3735221.7
1758528000000,2025-09-22 10:00:00,4.324,4.371,4.293,4.336,647862.8
1758542400000,2025-09-22 14:00:00,4.336,4.389,4.283,4.284,812541.9
1758556800000,2025-09-22 18:00:00,4.284,4.314,4.245,4.257,725298.6
1758571200000,2025-09-22 22:00:00,4.257,4.336,4.255,4.314,341803.4
1758585600000,2025-09-23 02:00:00,4.314,4.332,4.213,4.296,806949.1
1758600000000,2025-09-23 06:00:00,4.296,4.369,4.257,4.344,449911.8
1758614400000,2025-09-23 10:00:00,4.344,4.368,4.3,4.316,984875.7
1758628800000,2025-09-23 14:00:00,4.316,4.359,4.306,4.344,457286.3
1758643200000,2025-09-23 18:00:00,4.344,4.384,4.289,4.298,681140.1
1758657600000,2025-09-23 22:00:00,4.298,4.358,4.291,4.324,311859.1
1758672000000,2025-09-24 02:00:00,4.324,4.378,4.285,4.295,279040.5
1758686400000,2025-09-24 06:00:00,4.295,4.375,4.24,4.361,655110.6
1758700800000,2025-09-24 10:00:00,4.361,4.393,4.345,4.382,366744.9
1758715200000,2025-09-24 14:00:00,4.382,4.412,4.347,4.359,372163.3
1758729600000,2025-09-24 18:00:00,4.359,4.377,4.311,4.323,302390.9
1758744000000,2025-09-24 22:00:00,4.323,4.33,4.29,4.303,210905.5
1758758400000,2025-09-25 02:00:00,4.303,4.312,4.228,4.26,847107.9
1758772800000,2025-09-25 06:00:00,4.26,4.267,4.169,4.196,943726.0
1758787200000,2025-09-25 10:00:00,4.196,4.232,4.142,4.155,689923.4
1758801600000,2025-09-25 14:00:00,4.155,4.204,4.062,4.158,1591487.7
1758816000000,2025-09-25 18:00:00,4.158,4.159,3.993,4.095,1718898.2
1758830400000,2025-09-25 22:00:00,4.095,4.11,4.035,4.079,687047.1
1758844800000,2025-09-26 02:00:00,4.079,4.145,4.078,4.122,348165.9
1758859200000,2025-09-26 06:00:00,4.122,4.131,4.08,4.125,520684.0
1758873600000,2025-09-26 10:00:00,4.125,4.15,4.05,4.096,432321.5
1758888000000,2025-09-26 14:00:00,4.096,4.147,4.056,4.134,869708.2
1758902400000,2025-09-26 18:00:00,4.134,4.233,4.128,4.192,518425.8
1758916800000,2025-09-26 22:00:00,4.192,4.221,4.178,4.208,194036.4
1758931200000,2025-09-27 02:00:00,4.208,4.209,4.165,4.177,214774.8
1758945600000,2025-09-27 06:00:00,4.177,4.211,4.17,4.191,158185.8
1758960000000,2025-09-27 10:00:00,4.191,4.203,4.147,4.185,298335.7
1758974400000,2025-09-27 14:00:00,4.185,4.212,4.157,4.196,197961.1
1758988800000,2025-09-27 18:00:00,4.196,4.203,4.143,4.178,213372.7
1759003200000,2025-09-27 22:00:00,4.178,4.235,4.171,4.197,226696.0
1759017600000,2025-09-28 02:00:00,4.197,4.215,4.155,4.176,151856.5
1759032000000,2025-09-28 06:00:00,4.176,4.178,4.136,4.162,236310.8
1759046400000,2025-09-28 10:00:00,4.162,4.168,4.118,4.134,461911.5
1759060800000,2025-09-28 14:00:00,4.134,4.219,4.106,4.218,359440.0
1759075200000,2025-09-28 18:00:00,4.218,4.241,4.194,4.22,327749.5
1759089600000,2025-09-28 22:00:00,4.22,4.317,4.22,4.287,471436.2
1759104000000,2025-09-29 02:00:00,4.287,4.289,4.253,4.261,166576.9
1759118400000,2025-09-29 06:00:00,4.261,4.263,4.217,4.241,231527.8
1759132800000,2025-09-29 10:00:00,4.241,4.267,4.192,4.213,258457.0
1759147200000,2025-09-29 14:00:00,4.213,4.294,4.159,4.231,772766.1
1759161600000,2025-09-29 18:00:00,4.231,4.25,4.167,4.246,291320.7
1759176000000,2025-09-29 22:00:00,4.246,4.297,4.242,4.242,263422.0
1759190400000,2025-09-30 02:00:00,4.242,4.251,4.191,4.204,462510.5
1759204800000,2025-09-30 06:00:00,4.204,4.216,4.166,4.172,354697.1
1759219200000,2025-09-30 10:00:00,4.172,4.179,4.142,4.175,335573.6
1759233600000,2025-09-30 14:00:00,4.175,4.175,4.093,4.122,559292.3
1759248000000,2025-09-30 18:00:00,4.122,4.2,4.087,4.199,423344.1
1759262400000,2025-09-30 22:00:00,4.199,4.247,4.18,4.222,338541.8
1759276800000,2025-10-01 02:00:00,4.222,4.284,4.208,4.21,390271.4
1759291200000,2025-10-01 06:00:00,4.21,4.298,4.208,4.249,486982.1
1759305600000,2025-10-01 10:00:00,4.249,4.409,4.246,4.367,1265901.3
1759320000000,2025-10-01 14:00:00,4.367,4.379,4.3,4.371,517754.1
1759334400000,2025-10-01 18:00:00,4.371,4.459,4.353,4.45,568979.0
1759348800000,2025-10-01 22:00:00,4.45,4.494,4.423,4.489,513251.5
1759363200000,2025-10-02 02:00:00,4.489,4.523,4.456,4.497,313782.0
1759377600000,2025-10-02 06:00:00,4.497,4.559,4.481,4.52,338434.8
1759392000000,2025-10-02 10:00:00,4.52,4.536,4.488,4.512,333174.1
1759406400000,2025-10-02 14:00:00,4.512,4.537,4.423,4.51,673294.8
1759420800000,2025-10-02 18:00:00,4.51,4.596,4.502,4.578,590523.5
1759435200000,2025-10-02 22:00:00,4.578,4.587,4.547,4.574,407515.1
1759449600000,2025-10-03 02:00:00,4.574,4.577,4.501,4.522,335276.3
1759464000000,2025-10-03 06:00:00,4.522,4.562,4.503,4.534,322688.9
1759478400000,2025-10-03 10:00:00,4.534,4.548,4.492,4.51,218579.4
1759492800000,2025-10-03 14:00:00,4.51,4.61,4.484,4.605,493130.1
1759507200000,2025-10-03 18:00:00,4.605,4.662,4.522,4.631,1146308.8
1759521600000,2025-10-03 22:00:00,4.631,4.696,4.605,4.654,429216.2
1759536000000,2025-10-04 02:00:00,4.654,4.681,4.564,4.573,676502.5
1759550400000,2025-10-04 06:00:00,4.573,4.6,4.547,4.561,312711.1
1759564800000,2025-10-04 10:00:00,4.561,4.562,4.458,4.486,452987.8
1759579200000,2025-10-04 14:00:00,4.486,4.532,4.427,4.433,334382.4
1759593600000,2025-10-04 18:00:00,4.433,4.473,4.425,4.468,185044.8
1759608000000,2025-10-04 22:00:00,4.468,4.509,4.468,4.494,184386.0
1759622400000,2025-10-05 02:00:00,4.494,4.584,4.464,4.546,392329.7
1759636800000,2025-10-05 06:00:00,4.546,4.67,4.542,4.669,708171.4
1759651200000,2025-10-05 10:00:00,4.669,4.679,4.569,4.622,869110.5
1759665600000,2025-10-05 14:00:00,4.622,4.639,4.572,4.62,328292.2
1759680000000,2025-10-05 18:00:00,4.62,4.622,4.508,4.512,425776.4
1759694400000,2025-10-05 22:00:00,4.512,4.548,4.499,4.521,193791.3
1759708800000,2025-10-06 02:00:00,4.521,4.566,4.482,4.534,326183.0
1759723200000,2025-10-06 06:00:00,4.534,4.56,4.496,4.513,209876.6
1759737600000,2025-10-06 10:00:00,4.513,4.57,4.507,4.547,234857.9
1759752000000,2025-10-06 14:00:00,4.547,4.674,4.547,4.64,637205.2
1759766400000,2025-10-06 18:00:00,4.64,4.686,4.606,4.657,514339.3
1759780800000,2025-10-06 22:00:00,4.657,4.683,4.608,4.614,468401.5
1759795200000,2025-10-07 02:00:00,4.614,4.633,4.575,4.587,288844.2
1759809600000,2025-10-07 06:00:00,4.587,4.633,4.521,4.533,497986.7
1759824000000,2025-10-07 10:00:00,4.533,4.611,4.495,4.6,497066.3
1759838400000,2025-10-07 14:00:00,4.6,4.63,4.383,4.404,1800878.3
1759852800000,2025-10-07 18:00:00,4.404,4.456,4.362,4.412,963655.6
1759867200000,2025-10-07 22:00:00,4.412,4.471,4.409,4.421,340068.8
1759881600000,2025-10-08 02:00:00,4.421,4.476,4.373,4.388,644274.3
1759896000000,2025-10-08 06:00:00,4.388,4.42,4.351,4.41,471430.3
1759910400000,2025-10-08 10:00:00,4.41,4.467,4.406,4.433,749947.3
1759924800000,2025-10-08 14:00:00,4.433,4.501,4.412,4.46,578189.0
1759939200000,2025-10-08 18:00:00,4.46,4.584,4.453,4.523,579257.1
1759953600000,2025-10-08 22:00:00,4.523,4.533,4.489,4.503,253624.6
1759968000000,2025-10-09 02:00:00,4.503,4.515,4.401,4.452,427977.8
1759982400000,2025-10-09 06:00:00,4.452,4.467,4.388,4.39,294781.3
1759996800000,2025-10-09 10:00:00,4.39,4.398,4.316,4.363,712740.5
1760011200000,2025-10-09 14:00:00,4.363,4.394,4.289,4.321,746133.0
1760025600000,2025-10-09 18:00:00,4.321,4.348,4.276,4.33,489787.4
1760040000000,2025-10-09 22:00:00,4.33,4.384,4.307,4.359,221281.9
1760054400000,2025-10-10 02:00:00,4.359,4.443,4.334,4.412,230662.1
1760068800000,2025-10-10 06:00:00,4.412,4.44,4.363,4.368,273284.2
1760083200000,2025-10-10 10:00:00,4.368,4.447,4.36,4.431,415721.2
1760097600000,2025-10-10 14:00:00,4.431,4.465,4.198,4.235,1669259.7
1760112000000,2025-10-10 18:00:00,4.235,4.278,4.093,4.139,1357210.5
1760126400000,2025-10-10 22:00:00,4.139,4.17,1.794,3.017,13567605.7
1760140800000,2025-10-11 02:00:00,3.017,3.125,2.89,3.099,1987915.5
1760155200000,2025-10-11 06:00:00,3.099,3.287,3.079,3.255,1383081.5
1760169600000,2025-10-11 10:00:00,3.255,3.396,3.238,3.322,959658.0
1760184000000,2025-10-11 14:00:00,3.322,3.324,3.196,3.3,897444.2
1760198400000,2025-10-11 18:00:00,3.3,3.311,3.127,3.159,751038.9
1760212800000,2025-10-11 22:00:00,3.159,3.167,3.019,3.127,1308989.2
1760227200000,2025-10-12 02:00:00,3.127,3.174,3.069,3.141,711379.8
1760241600000,2025-10-12 06:00:00,3.141,3.275,3.137,3.271,612246.2
1760256000000,2025-10-12 10:00:00,3.271,3.279,3.19,3.217,386098.1
1760270400000,2025-10-12 14:00:00,3.217,3.42,3.19,3.407,1410597.3
1760284800000,2025-10-12 18:00:00,3.407,3.529,3.4,3.524,1097658.1
1760299200000,2025-10-12 22:00:00,3.524,3.56,3.446,3.496,496843.9
1760313600000,2025-10-13 02:00:00,3.496,3.525,3.451,3.488,398444.1
1760328000000,2025-10-13 06:00:00,3.488,3.571,3.463,3.527,371366.1
1760342400000,2025-10-13 10:00:00,3.527,3.602,3.407,3.45,794409.0
1760356800000,2025-10-13 14:00:00,3.45,3.573,3.424,3.551,1114741.9
1760371200000,2025-10-13 18:00:00,3.551,3.714,3.51,3.713,687765.7
1760385600000,2025-10-13 22:00:00,3.713,3.774,3.671,3.714,424007.0
1760400000000,2025-10-14 02:00:00,3.714,3.731,3.59,3.608,435033.1
1760414400000,2025-10-14 06:00:00,3.608,3.619,3.382,3.423,1285126.6
1760428800000,2025-10-14 10:00:00,3.423,3.474,3.356,3.443,880378.3
1760443200000,2025-10-14 14:00:00,3.443,3.555,3.363,3.554,1128625.1
1760457600000,2025-10-14 18:00:00,3.554,3.603,3.487,3.537,1108790.2
1760472000000,2025-10-14 22:00:00,3.537,3.573,3.51,3.532,330259.3
1760486400000,2025-10-15 02:00:00,3.532,3.544,3.454,3.47,427346.5
1760500800000,2025-10-15 06:00:00,3.47,3.508,3.439,3.494,357690.5
1760515200000,2025-10-15 10:00:00,3.494,3.561,3.415,3.438,577013.9
1760529600000,2025-10-15 14:00:00,3.438,3.448,3.327,3.343,1372539.7
1760544000000,2025-10-15 18:00:00,3.343,3.366,3.301,3.315,406717.0
1760558400000,2025-10-15 22:00:00,3.315,3.352,3.265,3.346,647805.1
1760572800000,2025-10-16 02:00:00,3.346,3.37,3.309,3.328,313982.8
1760587200000,2025-10-16 06:00:00,3.328,3.369,3.3,3.332,372132.9
1760601600000,2025-10-16 10:00:00,3.332,3.406,3.243,3.37,827417.1
1760616000000,2025-10-16 14:00:00,3.37,3.407,3.195,3.211,1050690.5
1760630400000,2025-10-16 18:00:00,3.211,3.299,3.12,3.143,1206859.9
1760644800000,2025-10-16 22:00:00,3.143,3.163,3.096,3.139,568783.3
1760659200000,2025-10-17 02:00:00,3.139,3.172,3.086,3.136,382983.4
1760673600000,2025-10-17 06:00:00,3.136,3.149,2.923,2.935,1337071.2
1760688000000,2025-10-17 10:00:00,2.935,3.102,2.878,3.055,1668789.9
1760702400000,2025-10-17 14:00:00,3.055,3.067,2.962,3.007,1524836.1
1760716800000,2025-10-17 18:00:00,3.007,3.036,2.902,2.975,1346995.2
1760731200000,2025-10-17 22:00:00,2.975,3.036,2.963,3.006,355802.8
1760745600000,2025-10-18 02:00:00,3.006,3.083,2.996,3.053,336139.0
1760760000000,2025-10-18 06:00:00,3.053,3.097,3.015,3.056,352134.9
1760774400000,2025-10-18 10:00:00,3.056,3.092,3.038,3.081,281952.5
1760788800000,2025-10-18 14:00:00,3.081,3.096,3.008,3.043,363564.3
1760803200000,2025-10-18 18:00:00,3.043,3.066,3.011,3.057,296485.0
1760817600000,2025-10-18 22:00:00,3.057,3.072,3.04,3.044,157481.9
1760832000000,2025-10-19 02:00:00,3.044,3.061,3.011,3.057,221088.6
1760846400000,2025-10-19 06:00:00,3.057,3.06,3.009,3.026,183251.5
1760860800000,2025-10-19 10:00:00,3.026,3.112,2.985,3.069,955700.5
1760875200000,2025-10-19 14:00:00,3.069,3.123,3.043,3.104,542262.1
1760889600000,2025-10-19 18:00:00,3.104,3.119,3.076,3.097,504136.0
1760904000000,2025-10-19 22:00:00,3.097,3.114,3.062,3.064,300700.0
1760918400000,2025-10-20 02:00:00,3.064,3.127,3.006,3.119,621888.1
1760932800000,2025-10-20 06:00:00,3.119,3.19,3.104,3.167,449431.9
1760947200000,2025-10-20 10:00:00,3.167,3.183,3.14,3.171,411611.9
1760961600000,2025-10-20 14:00:00,3.171,3.191,3.136,3.141,409332.8
1760976000000,2025-10-20 18:00:00,3.141,3.183,3.084,3.173,603884.5
1760990400000,2025-10-20 22:00:00,3.173,3.219,3.159,3.184,732286.3
1761004800000,2025-10-21 02:00:00,3.184,3.186,3.089,3.098,532152.9
1761019200000,2025-10-21 06:00:00,3.098,3.103,3.052,3.068,682414.2
1761033600000,2025-10-21 10:00:00,3.068,3.093,3.029,3.079,549164.8
1761048000000,2025-10-21 14:00:00,3.079,3.264,3.072,3.253,1105762.5
1761062400000,2025-10-21 18:00:00,3.253,3.282,3.18,3.181,1038440.9
1761076800000,2025-10-21 22:00:00,3.181,3.185,3.029,3.04,950062.2
1761091200000,2025-10-22 02:00:00,3.04,3.069,3.023,3.047,443968.7
1761105600000,2025-10-22 06:00:00,3.047,3.067,3.001,3.043,504270.0
1761120000000,2025-10-22 10:00:00,3.043,3.043,2.96,3.01,920212.5
1761134400000,2025-10-22 14:00:00,3.01,3.053,2.988,3.008,900347.8
1761148800000,2025-10-22 18:00:00,3.008,3.02,2.949,2.978,775430.5
1761163200000,2025-10-22 22:00:00,2.978,2.986,2.856,2.973,1231023.3
1761177600000,2025-10-23 02:00:00,2.973,3.015,2.97,2.991,416211.1
1761192000000,2025-10-23 06:00:00,2.991,3.041,2.982,3.026,319134.2
1761206400000,2025-10-23 10:00:00,3.026,3.036,2.993,2.995,308067.1
1761220800000,2025-10-23 14:00:00,2.995,3.04,2.97,3.027,560636.3
1761235200000,2025-10-23 18:00:00,3.027,3.078,3.022,3.036,410962.4
1761249600000,2025-10-23 22:00:00,3.036,3.041,2.987,3.036,395786.5
1761264000000,2025-10-24 02:00:00,3.036,3.073,3.027,3.051,209711.6
1761278400000,2025-10-24 06:00:00,3.051,3.125,3.045,3.112,433247.4
1761292800000,2025-10-24 10:00:00,3.112,3.14,3.071,3.101,249239.5
1761307200000,2025-10-24 14:00:00,3.101,3.158,3.053,3.063,675795.4
1761321600000,2025-10-24 18:00:00,3.063,3.116,3.039,3.11,192328.9
1761336000000,2025-10-24 22:00:00,3.11,3.159,3.108,3.141,448640.7
1761350400000,2025-10-25 02:00:00,3.141,3.174,3.127,3.13,294146.6
1761364800000,2025-10-25 06:00:00,3.13,3.146,3.103,3.112,189632.1
1761379200000,2025-10-25 10:00:00,3.112,3.126,3.094,3.119,110000.1
1761393600000,2025-10-25 14:00:00,3.119,3.135,3.082,3.103,400417.7
1761408000000,2025-10-25 18:00:00,3.103,3.13,3.097,3.12,119172.0
1761422400000,2025-10-25 22:00:00,3.12,3.142,3.112,3.114,307821.1
1761436800000,2025-10-26 02:00:00,3.114,3.122,3.077,3.091,254499.0
1761451200000,2025-10-26 06:00:00,3.091,3.133,3.088,3.132,211830.6
1761465600000,2025-10-26 10:00:00,3.132,3.218,3.131,3.218,447408.1
1761480000000,2025-10-26 14:00:00,3.218,3.272,3.207,3.269,511766.6
1761494400000,2025-10-26 18:00:00,3.269,3.276,3.226,3.241,268498.8
1761508800000,2025-10-26 22:00:00,3.241,3.314,3.221,3.29,475864.9
1761523200000,2025-10-27 02:00:00,3.29,3.302,3.255,3.267,272357.4
1761537600000,2025-10-27 06:00:00,3.267,3.299,3.232,3.25,243112.2
1761552000000,2025-10-27 10:00:00,3.25,3.258,3.163,3.193,535008.1
1761566400000,2025-10-27 14:00:00,3.193,3.201,3.139,3.189,627062.1
1761580800000,2025-10-27 18:00:00,3.189,3.259,3.189,3.207,336193.4
1761595200000,2025-10-27 22:00:00,3.207,3.209,3.145,3.17,432256.7
1761609600000,2025-10-28 02:00:00,3.17,3.196,3.136,3.154,334409.2
1761624000000,2025-10-28 06:00:00,3.154,3.232,3.145,3.187,324296.6
1761638400000,2025-10-28 10:00:00,3.187,3.213,3.16,3.166,219063.4
1761652800000,2025-10-28 14:00:00,3.166,3.229,3.135,3.182,625908.8
1761667200000,2025-10-28 18:00:00,3.182,3.209,3.113,3.126,606410.1
1761681600000,2025-10-28 22:00:00,3.126,3.126,3.024,3.072,1230331.8
1761696000000,2025-10-29 02:00:00,3.072,3.085,3.039,3.043,275915.5
1761710400000,2025-10-29 06:00:00,3.043,3.079,3.042,3.074,161766.4
1761724800000,2025-10-29 10:00:00,3.074,3.095,3.042,3.084,366704.2
1761739200000,2025-10-29 14:00:00,3.084,3.103,3.038,3.057,491606.0
1761753600000,2025-10-29 18:00:00,3.057,3.165,2.999,3.144,1302818.0
1761768000000,2025-10-29 22:00:00,3.144,3.179,3.045,3.06,577861.2
1761782400000,2025-10-30 02:00:00,3.06,3.091,3.04,3.063,354459.5
1761796800000,2025-10-30 06:00:00,3.063,3.063,2.945,3.038,933002.1
1761811200000,2025-10-30 10:00:00,3.038,3.038,2.971,2.98,443347.5
1761825600000,2025-10-30 14:00:00,2.98,2.984,2.843,2.857,1572126.9
1761840000000,2025-10-30 18:00:00,2.857,2.876,2.782,2.802,1151683.6
1761854400000,2025-10-30 22:00:00,2.802,2.894,2.793,2.894,788189.1
1761868800000,2025-10-31 02:00:00,2.894,2.921,2.88,2.919,385867.2
1761883200000,2025-10-31 06:00:00,2.919,2.941,2.899,2.906,255486.2
1761897600000,2025-10-31 10:00:00,2.906,2.971,2.892,2.968,309041.8
1761912000000,2025-10-31 14:00:00,2.968,2.974,2.896,2.952,558526.4
1761926400000,2025-10-31 18:00:00,2.952,2.97,2.873,2.968,711295.2
1761940800000,2025-10-31 22:00:00,2.968,2.972,2.918,2.938,306664.1
1761955200000,2025-11-01 02:00:00,2.938,3.055,2.933,3.036,519194.8
1761969600000,2025-11-01 06:00:00,3.036,3.128,3.017,3.126,378176.0
1761984000000,2025-11-01 10:00:00,3.126,3.569,3.112,3.446,3987945.3
1761998400000,2025-11-01 14:00:00,3.446,3.693,3.355,3.455,5810594.4
1762012800000,2025-11-01 18:00:00,3.455,3.496,3.334,3.481,1806987.0
1762027200000,2025-11-01 22:00:00,3.481,3.507,3.384,3.437,742387.0
1762041600000,2025-11-02 02:00:00,3.437,3.52,3.384,3.477,1425807.2
1762056000000,2025-11-02 06:00:00,3.477,3.667,3.45,3.496,3613640.4
1762070400000,2025-11-02 10:00:00,3.496,3.67,3.47,3.664,2412018.3
1762084800000,2025-11-02 14:00:00,3.664,4.122,3.655,3.977,8417513.2
1762099200000,2025-11-02 18:00:00,3.977,4.264,3.873,4.112,7055133.4
1762113600000,2025-11-02 22:00:00,4.112,4.326,3.996,4.273,4847075.6
1762128000000,2025-11-03 02:00:00,4.273,4.281,3.947,3.986,4939333.3
1762142400000,2025-11-03 06:00:00,3.986,4.011,3.723,3.781,4882918.8
1762156800000,2025-11-03 10:00:00,3.781,3.919,3.65,3.803,6564008.7
1762171200000,2025-11-03 14:00:00,3.803,4.045,3.615,3.671,9218315.1
1762185600000,2025-11-03 18:00:00,3.671,4.012,3.649,3.858,5350774.5
1762200000000,2025-11-03 22:00:00,3.858,3.995,3.68,3.929,3885669.6
1762214400000,2025-11-04 02:00:00,3.929,4.907,3.862,4.87,10287623.6
1762228800000,2025-11-04 06:00:00,4.87,5.258,4.739,4.91,14434308.9
1762243200000,2025-11-04 10:00:00,4.91,5.436,4.857,5.179,12878647.8
1762257600000,2025-11-04 14:00:00,5.179,5.772,4.919,5.456,14273992.0
1762272000000,2025-11-04 18:00:00,5.456,6.043,5.264,5.936,14345556.4
1762286400000,2025-11-04 22:00:00,5.936,6.44,5.006,5.194,20226896.1
1762300800000,2025-11-05 02:00:00,5.194,5.373,4.811,5.156,10574371.3
1762315200000,2025-11-05 06:00:00,5.156,5.193,4.815,5.016,6371425.6
1762329600000,2025-11-05 10:00:00,5.016,5.057,4.712,5.018,5879841.1
1762344000000,2025-11-05 14:00:00,5.018,5.241,4.893,5.215,5704458.3
1762358400000,2025-11-05 18:00:00,5.215,5.415,4.975,5.298,6857237.6
1762372800000,2025-11-05 22:00:00,5.298,6.223,5.103,5.954,9487853.4
1762387200000,2025-11-06 02:00:00,5.954,6.147,5.573,5.918,8163283.9
1762401600000,2025-11-06 06:00:00,5.918,6.248,5.68,6.192,6599693.1
1762416000000,2025-11-06 10:00:00,6.192,6.422,5.77,6.314,10139914.6
1762430400000,2025-11-06 14:00:00,6.314,7.112,6.203,6.623,18098217.0
1762444800000,2025-11-06 18:00:00,6.623,7.29,6.535,6.925,14306344.8
1762459200000,2025-11-06 22:00:00,6.925,7.015,6.498,6.704,7058052.6
1762473600000,2025-11-07 02:00:00,6.704,7.267,6.437,7.227,6638734.3
1762488000000,2025-11-07 06:00:00,7.227,8.884,7.077,8.562,12230863.7
1762502400000,2025-11-07 10:00:00,8.562,8.786,7.773,8.097,11777730.6
1762516800000,2025-11-07 14:00:00,8.097,8.134,7.335,7.437,10239935.7
1762531200000,2025-11-07 18:00:00,7.437,7.912,7.238,7.486,7951240.4
1762545600000,2025-11-07 22:00:00,7.486,8.39,7.432,8.187,5923562.2
1762560000000,2025-11-08 02:00:00,8.187,9.406,7.74,8.695,9499929.0
1762574400000,2025-11-08 06:00:00,8.695,9.839,8.418,9.203,9681988.6
1762588800000,2025-11-08 10:00:00,9.203,9.42,8.177,8.445,6985483.2
1762603200000,2025-11-08 14:00:00,8.445,9.274,8.203,8.923,7700611.6
1762617600000,2025-11-08 18:00:00,8.923,9.586,8.661,8.96,8543109.0
1762632000000,2025-11-08 22:00:00,8.96,9.455,8.842,8.949,4800006.5
1762646400000,2025-11-09 02:00:00,8.949,9.382,7.535,7.614,10628867.6
1762660800000,2025-11-09 06:00:00,7.614,8.16,7.606,7.934,5020284.6
1762675200000,2025-11-09 10:00:00,7.934,7.986,6.846,7.097,9616170.5
1762689600000,2025-11-09 14:00:00,7.097,7.709,6.969,7.589,7201599.0
1762704000000,2025-11-09 18:00:00,7.589,8.232,7.418,7.941,5569211.6
1762718400000,2025-11-09 22:00:00,7.941,8.095,7.44,7.558,6424124.4
1762732800000,2025-11-10 02:00:00,7.558,7.609,7.094,7.251,5862553.8
1762747200000,2025-11-10 06:00:00,7.251,7.255,6.88,7.164,6119190.7
1762761600000,2025-11-10 10:00:00,7.164,7.28,6.922,7.038,3644536.2
1762776000000,2025-11-10 14:00:00,7.038,7.29,6.592,6.654,7639326.1
1762790400000,2025-11-10 18:00:00,6.654,6.943,6.616,6.899,4911914.9
1762804800000,2025-11-10 22:00:00,6.899,7.078,6.665,6.814,3089076.0
1762819200000,2025-11-11 02:00:00,6.814,7.195,6.556,7.151,3834640.3
1762833600000,2025-11-11 06:00:00,7.151,7.248,6.29,6.319,6229613.4
1762848000000,2025-11-11 10:00:00,6.319,6.398,6.212,6.333,3339412.6
1762862400000,2025-11-11 14:00:00,6.333,6.745,6.293,6.614,5110497.6
1762876800000,2025-11-11 18:00:00,6.614,6.635,6.207,6.234,4245776.9
1762891200000,2025-11-11 22:00:00,6.234,6.283,5.925,5.969,4451299.9
1762905600000,2025-11-12 02:00:00,5.969,6.258,5.764,6.048,4844693.1
1762920000000,2025-11-12 06:00:00,6.048,6.5,5.96,6.345,4135046.0
1762934400000,2025-11-12 10:00:00,6.345,6.664,6.271,6.353,5283846.9
1762948800000,2025-11-12 14:00:00,6.353,6.458,5.975,5.998,4682771.2
1762963200000,2025-11-12 18:00:00,5.998,6.256,5.833,6.162,5102815.5
1762977600000,2025-11-12 22:00:00,6.162,6.519,6.141,6.391,4424384.9
1762992000000,2025-11-13 02:00:00,6.391,6.654,6.134,6.178,4528055.6
1763006400000,2025-11-13 06:00:00,6.178,6.239,6.029,6.108,2820267.7
1763020800000,2025-11-13 10:00:00,6.108,6.377,5.964,6.13,4346152.1
1763035200000,2025-11-13 14:00:00,6.13,6.265,5.926,6.039,5421372.0
1763049600000,2025-11-13 18:00:00,6.039,6.123,5.714,5.779,6664351.8
1763064000000,2025-11-13 22:00:00,5.779,5.948,5.669,5.855,2922605.8
1763078400000,2025-11-14 02:00:00,5.855,6.086,5.777,5.978,2345267.4
1763092800000,2025-11-14 06:00:00,5.978,6.152,5.761,5.979,5448336.7
1763107200000,2025-11-14 10:00:00,5.979,5.997,5.665,5.795,4119085.8
1763121600000,2025-11-14 14:00:00,5.795,5.821,5.551,5.728,4504055.5
1763136000000,2025-11-14 18:00:00,5.728,5.733,5.38,5.659,4363513.8
1763150400000,2025-11-14 22:00:00,5.659,5.659,5.321,5.389,3096941.7
1763164800000,2025-11-15 02:00:00,5.389,5.522,5.282,5.425,2112238.4
1763179200000,2025-11-15 06:00:00,5.425,5.514,5.243,5.381,2412439.3
1763193600000,2025-11-15 10:00:00,5.381,5.388,5.162,5.256,2750682.3
1763208000000,2025-11-15 14:00:00,5.256,5.327,5.126,5.133,1876808.5
1763222400000,2025-11-15 18:00:00,5.133,5.302,5.116,5.263,2307424.1
1763236800000,2025-11-15 22:00:00,5.263,5.294,5.134,5.269,1819385.4
1763251200000,2025-11-16 02:00:00,5.269,5.473,5.181,5.351,2945703.3
1763265600000,2025-11-16 06:00:00,5.351,5.615,5.282,5.331,3017125.3
1763280000000,2025-11-16 10:00:00,5.331,5.526,5.27,5.298,2840093.3
1763294400000,2025-11-16 14:00:00,5.298,5.358,5.068,5.091,3065868.9
1763308800000,2025-11-16 18:00:00,5.091,5.148,4.877,4.93,4153910.0
1763323200000,2025-11-16 22:00:00,4.93,4.997,4.775,4.787,3058337.1
1763337600000,2025-11-17 02:00:00,4.787,5.066,4.665,4.965,3995920.5
1763352000000,2025-11-17 06:00:00,4.965,5.076,4.919,4.992,1940743.2
1763366400000,2025-11-17 10:00:00,4.992,5.02,4.854,4.893,1668165.2
1763380800000,2025-11-17 14:00:00,4.893,4.94,4.679,4.799,3838004.6
1763395200000,2025-11-17 18:00:00,4.799,5.602,4.746,5.447,9050659.3
1763409600000,2025-11-17 22:00:00,5.447,5.613,5.268,5.506,4752463.5
1763424000000,2025-11-18 02:00:00,5.506,6.018,5.391,5.657,9647243.8
1763438400000,2025-11-18 06:00:00,5.657,5.852,5.501,5.703,6698408.7
1763452800000,2025-11-18 10:00:00,5.703,5.889,5.288,5.336,7849897.9
1763467200000,2025-11-18 14:00:00,5.336,5.359,5.149,5.205,7426529.5
1763481600000,2025-11-18 18:00:00,5.205,5.294,5.042,5.072,4456487.5
1763496000000,2025-11-18 22:00:00,5.072,5.165,5.029,5.092,2572849.2
1763510400000,2025-11-19 02:00:00,5.092,5.238,5.049,5.084,2935349.8
1763524800000,2025-11-19 06:00:00,5.084,5.091,4.912,5.079,3728321.9
1763539200000,2025-11-19 10:00:00,5.079,5.169,5.002,5.044,2004089.2
1763553600000,2025-11-19 14:00:00,5.044,5.133,4.877,4.96,3890737.4
1763568000000,2025-11-19 18:00:00,4.96,4.987,4.623,4.902,6462503.4
1763582400000,2025-11-19 22:00:00,4.902,5.006,4.767,4.959,3406727.6
1763596800000,2025-11-20 02:00:00,4.959,5.0,4.917,4.943,1558742.1
1763611200000,2025-11-20 06:00:00,4.943,5.054,4.898,5.022,1692563.5
1763625600000,2025-11-20 10:00:00,5.022,5.14,4.958,5.036,2562921.1
1763640000000,2025-11-20 14:00:00,5.036,5.067,4.827,4.833,2318674.8
1763654400000,2025-11-20 18:00:00,4.833,4.851,4.625,4.677,4604732.5
1763668800000,2025-11-20 22:00:00,4.677,4.754,4.562,4.616,2522497.6
1763683200000,2025-11-21 02:00:00,4.616,4.745,4.614,4.62,1289562.6
1763697600000,2025-11-21 06:00:00,4.62,4.697,4.126,4.414,5224641.5
1763712000000,2025-11-21 10:00:00,4.414,4.445,4.202,4.214,3833825.1
1763726400000,2025-11-21 14:00:00,4.214,4.359,4.117,4.229,3685476.1
1763740800000,2025-11-21 18:00:00,4.229,4.469,4.169,4.319,2457825.1
1763755200000,2025-11-21 22:00:00,4.319,4.375,4.218,4.302,1528654.8
1763769600000,2025-11-22 02:00:00,4.302,4.378,4.267,4.277,1175286.7
1763784000000,2025-11-22 06:00:00,4.277,4.29,4.085,4.18,1843428.4
1763798400000,2025-11-22 10:00:00,4.18,4.184,4.068,4.135,1370387.5
1763812800000,2025-11-22 14:00:00,4.135,4.172,4.047,4.081,1483970.0
1763827200000,2025-11-22 18:00:00,4.081,4.119,4.051,4.059,737359.9
1763841600000,2025-11-22 22:00:00,4.059,4.092,3.975,4.036,1191776.7
1763856000000,2025-11-23 02:00:00,4.036,4.162,3.977,4.117,1526043.8
1763870400000,2025-11-23 06:00:00,4.117,4.136,4.017,4.063,782898.6
1763884800000,2025-11-23 10:00:00,4.063,4.166,4.039,4.094,881791.5
1763899200000,2025-11-23 14:00:00,4.094,4.143,4.034,4.088,1179981.4
1763913600000,2025-11-23 18:00:00,4.088,4.129,4.046,4.102,1106966.2
1763928000000,2025-11-23 22:00:00,4.102,4.172,4.037,4.046,1044783.3
1763942400000,2025-11-24 02:00:00,4.046,4.247,4.002,4.165,1595096.2
1763956800000,2025-11-24 06:00:00,4.165,4.195,4.062,4.102,1269813.7
1763971200000,2025-11-24 10:00:00,4.102,4.131,3.979,4.003,1078112.8
1763985600000,2025-11-24 14:00:00,4.003,4.15,3.854,4.132,3798151.6
1764000000000,2025-11-24 18:00:00,4.132,4.3,4.026,4.25,2905421.4
1764014400000,2025-11-24 22:00:00,4.25,4.309,4.179,4.196,1382453.6
1764028800000,2025-11-25 02:00:00,4.196,4.212,4.091,4.108,1139914.3
1764043200000,2025-11-25 06:00:00,4.108,4.129,4.016,4.033,1095424.8
1764057600000,2025-11-25 10:00:00,4.033,4.078,3.983,4.032,1102024.7
1764072000000,2025-11-25 14:00:00,4.032,4.23,4.005,4.159,2601503.7
1764086400000,2025-11-25 18:00:00,4.159,4.464,4.12,4.259,5276243.0
1764100800000,2025-11-25 22:00:00,4.259,4.394,4.245,4.344,2196043.4
1764115200000,2025-11-26 02:00:00,4.344,4.375,4.268,4.282,1248140.5
1764129600000,2025-11-26 06:00:00,4.282,4.287,4.21,4.247,1018852.1
1764144000000,2025-11-26 10:00:00,4.247,4.287,4.101,4.132,2520754.1
1764158400000,2025-11-26 14:00:00,4.132,4.237,4.084,4.118,1751532.0
1764172800000,2025-11-26 18:00:00,4.118,4.307,4.117,4.264,1989069.6
1764187200000,2025-11-26 22:00:00,4.264,4.271,4.196,4.237,1019707.7
1764201600000,2025-11-27 02:00:00,4.237,4.291,4.139,4.145,1188640.2
1764216000000,2025-11-27 06:00:00,4.145,4.18,4.091,4.15,1382844.0
1764230400000,2025-11-27 10:00:00,4.15,4.16,4.017,4.065,1280106.5
1764244800000,2025-11-27 14:00:00,4.065,4.142,4.042,4.13,735528.3
1764259200000,2025-11-27 18:00:00,4.13,4.186,4.12,4.138,986922.5
1764273600000,2025-11-27 22:00:00,4.138,4.15,3.988,4.032,1680578.4
1764288000000,2025-11-28 02:00:00,4.032,4.06,3.965,4.04,884168.9
1764302400000,2025-11-28 06:00:00,4.04,4.04,3.991,4.035,627911.7
1764316800000,2025-11-28 10:00:00,4.035,4.138,4.034,4.053,2143905.6
1764331200000,2025-11-28 14:00:00,4.053,4.142,4.05,4.115,966837.8
1764345600000,2025-11-28 18:00:00,4.115,4.129,3.994,4.038,1002455.0
1764360000000,2025-11-28 22:00:00,4.038,4.062,3.992,4.029,585932.0
1764374400000,2025-11-29 02:00:00,4.029,4.121,4.023,4.098,677565.1
1764388800000,2025-11-29 06:00:00,4.098,4.168,4.088,4.129,851060.0
1764403200000,2025-11-29 10:00:00,4.129,4.138,4.04,4.073,721214.1
1764417600000,2025-11-29 14:00:00,4.073,4.084,3.924,3.986,1771846.9
1764432000000,2025-11-29 18:00:00,3.986,4.008,3.914,3.948,1526496.9
1764446400000,2025-11-29 22:00:00,3.948,4.028,3.928,4.0,574198.7
1764460800000,2025-11-30 02:00:00,4.0,4.023,3.964,4.013,466411.9
1764475200000,2025-11-30 06:00:00,4.013,4.074,3.961,4.011,564713.3
1764489600000,2025-11-30 10:00:00,4.011,4.031,3.959,3.966,374696.5
1764504000000,2025-11-30 14:00:00,3.966,4.016,3.916,3.945,838803.4
1764518400000,2025-11-30 18:00:00,3.945,3.993,3.927,3.957,544711.3
1764532800000,2025-11-30 22:00:00,3.957,4.014,3.801,3.823,1832404.0
1764547200000,2025-12-01 02:00:00,3.823,3.849,3.558,3.58,4844081.8
1764561600000,2025-12-01 06:00:00,3.58,3.656,3.539,3.571,1451581.5
1764576000000,2025-12-01 10:00:00,3.571,3.621,3.568,3.594,833309.2
1764590400000,2025-12-01 14:00:00,3.594,3.754,3.557,3.732,2159853.3
1764604800000,2025-12-01 18:00:00,3.732,3.733,3.58,3.62,1226504.5
1764619200000,2025-12-01 22:00:00,3.62,3.716,3.62,3.708,771669.5
1764633600000,2025-12-02 02:00:00,3.708,3.738,3.674,3.729,502923.6
1764648000000,2025-12-02 06:00:00,3.729,3.73,3.672,3.69,353383.1
1764662400000,2025-12-02 10:00:00,3.69,3.69,3.623,3.638,1062811.8
1764676800000,2025-12-02 14:00:00,3.638,3.951,3.623,3.942,2160684.3
1764691200000,2025-12-02 18:00:00,3.942,3.947,3.805,3.807,1418250.4
1764705600000,2025-12-02 22:00:00,3.807,3.835,3.742,3.76,1199753.7
1764720000000,2025-12-03 02:00:00,3.76,3.79,3.727,3.736,1078795.3
1764734400000,2025-12-03 06:00:00,3.736,3.825,3.703,3.752,1090414.4
1764748800000,2025-12-03 10:00:00,3.752,3.772,3.652,3.691,1469667.6
1764763200000,2025-12-03 14:00:00,3.691,3.721,3.581,3.675,2656502.2
1764777600000,2025-12-03 18:00:00,3.675,3.777,3.639,3.767,1283992.7
1764792000000,2025-12-03 22:00:00,3.767,3.804,3.729,3.737,1062328.4
1764806400000,2025-12-04 02:00:00,3.737,3.805,3.72,3.767,880775.5
1764820800000,2025-12-04 06:00:00,3.767,3.803,3.738,3.782,894160.2
1764835200000,2025-12-04 10:00:00,3.782,3.871,3.765,3.793,1132282.4
1764849600000,2025-12-04 14:00:00,3.793,3.834,3.629,3.73,2330601.4
1764864000000,2025-12-04 18:00:00,3.73,3.779,3.586,3.684,1573008.7
1764878400000,2025-12-04 22:00:00,3.684,3.699,3.619,3.637,700918.6
1764892800000,2025-12-05 02:00:00,3.637,3.677,3.626,3.634,494876.6
1764907200000,2025-12-05 06:00:00,3.634,3.654,3.583,3.633,848253.6
1764921600000,2025-12-05 10:00:00,3.633,3.638,3.509,3.528,1304309.0
1764936000000,2025-12-05 14:00:00,3.528,3.566,3.466,3.483,1853826.2
1764950400000,2025-12-05 18:00:00,3.483,3.484,3.373,3.438,2304544.0
1764964800000,2025-12-05 22:00:00,3.438,3.52,3.412,3.481,804354.2
1764979200000,2025-12-06 02:00:00,3.481,3.641,3.477,3.564,961576.4
1764993600000,2025-12-06 06:00:00,3.564,3.564,3.478,3.497,445735.2
1765008000000,2025-12-06 10:00:00,3.497,3.511,3.467,3.506,513270.5
1765022400000,2025-12-06 14:00:00,3.506,3.532,3.474,3.497,561238.0
1765036800000,2025-12-06 18:00:00,3.497,3.547,3.486,3.49,557280.7
1765051200000,2025-12-06 22:00:00,3.49,3.513,3.458,3.493,347875.7
1765065600000,2025-12-07 02:00:00,3.493,3.512,3.461,3.486,400253.3
1765080000000,2025-12-07 06:00:00,3.486,3.513,3.469,3.483,319220.9
1765094400000,2025-12-07 10:00:00,3.483,3.486,3.42,3.436,588493.8
1765108800000,2025-12-07 14:00:00,3.436,3.465,3.307,3.421,1938970.1
1765123200000,2025-12-07 18:00:00,3.421,3.508,3.382,3.491,1125424.0
1765137600000,2025-12-07 22:00:00,3.491,3.518,3.333,3.422,1294271.3
1765152000000,2025-12-08 02:00:00,3.422,3.512,3.406,3.484,698294.9
1765166400000,2025-12-08 06:00:00,3.484,3.556,3.471,3.522,1089958.4
1765180800000,2025-12-08 10:00:00,3.522,3.563,3.488,3.495,564404.7
1765195200000,2025-12-08 14:00:00,3.495,3.507,3.415,3.432,1167893.7
1765209600000,2025-12-08 18:00:00,3.432,3.482,3.412,3.436,690721.0
1765224000000,2025-12-08 22:00:00,3.436,3.464,3.388,3.394,730568.3
1765238400000,2025-12-09 02:00:00,3.394,3.404,3.345,3.394,715122.9
1765252800000,2025-12-09 06:00:00,3.394,3.398,3.311,3.357,882029.5
1765267200000,2025-12-09 10:00:00,3.357,3.386,3.312,3.382,468845.0
1765281600000,2025-12-09 14:00:00,3.382,3.541,3.375,3.538,1142970.2
1765296000000,2025-12-09 18:00:00,3.538,3.702,3.538,3.647,1517105.4
1765310400000,2025-12-09 22:00:00,3.647,3.77,3.562,3.74,1257919.1
1765324800000,2025-12-10 02:00:00,3.74,3.75,3.565,3.574,914819.1
1765339200000,2025-12-10 06:00:00,3.574,3.584,3.519,3.53,663469.5
1765353600000,2025-12-10 10:00:00,3.53,3.547,3.467,3.491,995322.6
1765368000000,2025-12-10 14:00:00,3.491,3.534,3.474,3.493,656808.4
1765382400000,2025-12-10 18:00:00,3.493,3.597,3.476,3.556,1354654.4
1765396800000,2025-12-10 22:00:00,3.556,3.639,3.423,3.446,1672587.3
1765411200000,2025-12-11 02:00:00,3.446,3.448,3.304,3.308,1585678.1
1765425600000,2025-12-11 06:00:00,3.308,3.349,3.27,3.306,977179.8
1765440000000,2025-12-11 10:00:00,3.306,3.371,3.284,3.345,613540.2
1765454400000,2025-12-11 14:00:00,3.345,3.422,3.32,3.384,1026702.2
1765468800000,2025-12-11 18:00:00,3.384,3.41,3.344,3.36,1084939.7
1765483200000,2025-12-11 22:00:00,3.36,3.469,3.358,3.409,749929.2
1765497600000,2025-12-12 02:00:00,3.409,3.435,3.373,3.405,461664.1
1765512000000,2025-12-12 06:00:00,3.405,3.441,3.381,3.395,400653.8
1765526400000,2025-12-12 10:00:00,3.395,3.432,3.374,3.402,559098.8
1765540800000,2025-12-12 14:00:00,3.402,3.419,3.254,3.275,1797181.9
1765555200000,2025-12-12 18:00:00,3.275,3.326,3.233,3.283,1317266.3
1765569600000,2025-12-12 22:00:00,3.283,3.302,3.203,3.232,856310.9
1765584000000,2025-12-13 02:00:00,3.232,3.267,3.199,3.267,659748.5
1765598400000,2025-12-13 06:00:00,3.267,3.276,3.238,3.244,347314.9
1765612800000,2025-12-13 10:00:00,3.244,3.283,3.236,3.261,425263.6
1765627200000,2025-12-13 14:00:00,3.261,3.275,3.233,3.262,462115.9
1765641600000,2025-12-13 18:00:00,3.262,3.309,3.257,3.282,427252.6
1765656000000,2025-12-13 22:00:00,3.282,3.306,3.238,3.298,360862.6
1765670400000,2025-12-14 02:00:00,3.298,3.298,3.248,3.252,300068.6
1765684800000,2025-12-14 06:00:00,3.252,3.256,3.209,3.225,299727.5
1765699200000,2025-12-14 10:00:00,3.225,3.237,3.165,3.209,857324.5
1765713600000,2025-12-14 14:00:00,3.209,3.221,3.155,3.173,664419.5
1765728000000,2025-12-14 18:00:00,3.173,3.189,3.125,3.135,666759.6
1765742400000,2025-12-14 22:00:00,3.135,3.151,3.031,3.065,1330384.8
1765756800000,2025-12-15 02:00:00,3.065,3.19,3.031,3.158,1139161.9
1765771200000,2025-12-15 06:00:00,3.158,3.286,3.155,3.211,1173268.0
1765785600000,2025-12-15 10:00:00,3.211,3.214,3.169,3.17,563255.9
1765800000000,2025-12-15 14:00:00,3.17,3.205,3.075,3.081,1635735.2
1765814400000,2025-12-15 18:00:00,3.081,3.088,2.946,3.022,1842317.2
1765828800000,2025-12-15 22:00:00,3.022,3.038,2.982,3.033,669442.7
1765843200000,2025-12-16 02:00:00,3.033,3.033,2.976,2.997,498924.9
1765857600000,2025-12-16 06:00:00,2.997,3.006,2.949,2.964,563561.2
1765872000000,2025-12-16 10:00:00,2.964,3.086,2.963,3.079,630861.4
1765886400000,2025-12-16 14:00:00,3.079,3.102,3.004,3.094,1416068.2
1765900800000,2025-12-16 18:00:00,3.094,3.121,3.045,3.092,1143105.5
1765915200000,2025-12-16 22:00:00,3.092,3.11,3.053,3.063,326483.6
1765929600000,2025-12-17 02:00:00,3.063,3.079,3.037,3.05,311894.4
1765944000000,2025-12-17 06:00:00,3.05,3.064,3.023,3.051,410264.7
1765958400000,2025-12-17 10:00:00,3.051,3.051,2.986,3.021,570589.2
1765972800000,2025-12-17 14:00:00,3.021,3.119,2.967,2.99,2354139.1
1765987200000,2025-12-17 18:00:00,2.99,3.012,2.863,2.917,2135111.3
1766001600000,2025-12-17 22:00:00,2.917,2.945,2.876,2.88,573233.5
1766016000000,2025-12-18 02:00:00,2.88,2.912,2.853,2.884,583036.1
1766030400000,2025-12-18 06:00:00,2.884,2.902,2.85,2.879,467179.3
1766044800000,2025-12-18 10:00:00,2.879,2.924,2.872,2.914,720551.3
1766059200000,2025-12-18 14:00:00,2.914,3.055,2.912,3.024,1953197.8
1766073600000,2025-12-18 18:00:00,3.024,3.035,2.761,2.774,2336160.9
1766088000000,2025-12-18 22:00:00,2.774,2.843,2.774,2.8,934695.5
1766102400000,2025-12-19 02:00:00,2.8,2.874,2.746,2.849,1220860.1
1766116800000,2025-12-19 06:00:00,2.849,2.917,2.844,2.874,611760.0
1766131200000,2025-12-19 10:00:00,2.874,2.898,2.857,2.887,385453.2
1766145600000,2025-12-19 14:00:00,2.887,2.971,2.875,2.921,1142752.4
1766160000000,2025-12-19 18:00:00,2.921,2.978,2.876,2.963,974405.8
1766174400000,2025-12-19 22:00:00,2.963,3.0,2.913,2.946,848493.9
1766188800000,2025-12-20 02:00:00,2.946,2.948,2.902,2.91,265521.2
1766203200000,2025-12-20 06:00:00,2.91,2.93,2.882,2.928,394427.7
1766217600000,2025-12-20 10:00:00,2.928,2.966,2.919,2.959,603854.5
1766232000000,2025-12-20 14:00:00,2.959,3.03,2.938,3.012,1018899.4
1766246400000,2025-12-20 18:00:00,3.012,3.068,2.978,3.062,741166.5
1766260800000,2025-12-20 22:00:00,3.062,3.49,3.045,3.436,6646502.6
1766275200000,2025-12-21 02:00:00,3.436,3.436,3.215,3.299,3168381.2
1766289600000,2025-12-21 06:00:00,3.299,3.326,3.16,3.189,1564155.8
1766304000000,2025-12-21 10:00:00,3.189,3.193,3.104,3.111,1536066.1
1766318400000,2025-12-21 14:00:00,3.111,3.134,3.057,3.07,2288548.5
1766332800000,2025-12-21 18:00:00,3.07,3.098,3.022,3.076,1905278.9
1766347200000,2025-12-21 22:00:00,3.076,3.078,3.009,3.053,1092188.0
1766361600000,2025-12-22 02:00:00,3.053,3.11,2.997,3.054,1474328.9
1766376000000,2025-12-22 06:00:00,3.054,3.075,3.006,3.072,613006.5
1766390400000,2025-12-22 10:00:00,3.072,3.106,3.036,3.043,853759.2
1766404800000,2025-12-22 14:00:00,3.043,3.092,3.007,3.061,1447188.2
1766419200000,2025-12-22 18:00:00,3.061,3.199,3.052,3.071,2091142.9
1766433600000,2025-12-22 22:00:00,3.071,3.099,3.0,3.039,1386025.1
1766448000000,2025-12-23 02:00:00,3.039,3.08,2.991,3.029,934846.1
1766462400000,2025-12-23 06:00:00,3.029,3.038,2.973,2.978,1042309.0
1766476800000,2025-12-23 10:00:00,2.978,3.008,2.972,2.984,778138.8
1766491200000,2025-12-23 14:00:00,2.984,3.002,2.928,2.951,1504359.5
1766505600000,2025-12-23 18:00:00,2.951,3.036,2.941,3.008,1050010.6
1766520000000,2025-12-23 22:00:00,3.008,3.039,2.982,3.032,686818.2
1766534400000,2025-12-24 02:00:00,3.032,3.051,2.962,2.992,633290.6
1766548800000,2025-12-24 06:00:00,2.992,3.013,2.955,2.96,499682.7
1766563200000,2025-12-24 10:00:00,2.96,2.998,2.942,2.964,572617.2
1766577600000,2025-12-24 14:00:00,2.964,3.006,2.944,2.989,539290.0
1766592000000,2025-12-24 18:00:00,2.989,3.019,2.951,2.971,566972.6
1766606400000,2025-12-24 22:00:00,2.971,3.027,2.968,3.007,378713.0
1766620800000,2025-12-25 02:00:00,3.007,3.061,2.993,3.06,379394.1
1766635200000,2025-12-25 06:00:00,3.06,3.099,3.052,3.09,800934.4
1766649600000,2025-12-25 10:00:00,3.09,3.102,3.022,3.043,774899.9
1766664000000,2025-12-25 14:00:00,3.043,3.083,3.035,3.072,607479.7
1766678400000,2025-12-25 18:00:00,3.072,3.081,3.028,3.078,709160.7
1766692800000,2025-12-25 22:00:00,3.078,3.129,2.967,2.978,1665125.3
1766707200000,2025-12-26 02:00:00,2.978,3.102,2.966,3.036,1235218.0
1766721600000,2025-12-26 06:00:00,3.036,3.048,3.003,3.01,464634.6
1766736000000,2025-12-26 10:00:00,3.01,3.035,3.005,3.029,434741.8
1766750400000,2025-12-26 14:00:00,3.029,3.044,2.985,3.0,1209643.8
1766764800000,2025-12-26 18:00:00,3.0,3.013,2.929,3.002,1209125.1
1766779200000,2025-12-26 22:00:00,3.002,3.013,2.967,2.983,522294.9
1766793600000,2025-12-27 02:00:00,2.983,3.055,2.981,3.048,592207.1
1766808000000,2025-12-27 06:00:00,3.048,3.052,3.009,3.029,326085.3
1766822400000,2025-12-27 10:00:00,3.029,3.06,2.997,3.055,459102.9
1766836800000,2025-12-27 14:00:00,3.055,3.076,3.039,3.062,813198.9
1766851200000,2025-12-27 18:00:00,3.062,3.068,3.04,3.042,569896.2
1766865600000,2025-12-27 22:00:00,3.042,3.086,3.024,3.072,412832.7
1766880000000,2025-12-28 02:00:00,3.072,3.089,3.047,3.069,221559.7
1766894400000,2025-12-28 06:00:00,3.069,3.108,3.056,3.101,351238.2
1766908800000,2025-12-28 10:00:00,3.101,3.13,3.078,3.094,775877.7
1766923200000,2025-12-28 14:00:00,3.094,3.107,3.058,3.081,523707.5
1766937600000,2025-12-28 18:00:00,3.081,3.092,3.023,3.025,485444.8
1766952000000,2025-12-28 22:00:00,3.025,3.044,3.013,3.037,257389.5
1766966400000,2025-12-29 02:00:00,3.037,3.109,3.02,3.098,968613.1
1766980800000,2025-12-29 06:00:00,3.098,3.128,3.065,3.1,670207.7
1766995200000,2025-12-29 10:00:00,3.1,3.105,3.016,3.038,511101.8
1767009600000,2025-12-29 14:00:00,3.038,3.041,2.948,2.955,1824986.0
1767024000000,2025-12-29 18:00:00,2.955,2.99,2.944,2.956,991577.5
1767038400000,2025-12-29 22:00:00,2.956,2.967,2.866,2.886,1369440.4
1767052800000,2025-12-30 02:00:00,2.886,2.902,2.852,2.886,740811.5
1767067200000,2025-12-30 06:00:00,2.886,2.931,2.873,2.902,594669.7
1767081600000,2025-12-30 10:00:00,2.902,2.943,2.901,2.94,537823.6
1767096000000,2025-12-30 14:00:00,2.94,2.945,2.885,2.916,841383.3
1767110400000,2025-12-30 18:00:00,2.916,2.932,2.828,2.847,1016599.3
1767124800000,2025-12-30 22:00:00,2.847,2.852,2.818,2.834,724765.5
1767139200000,2025-12-31 02:00:00,2.834,2.859,2.816,2.834,648612.7
1767153600000,2025-12-31 06:00:00,2.834,2.849,2.822,2.834,495143.1
1767168000000,2025-12-31 10:00:00,2.834,2.845,2.804,2.822,624511.8
1767182400000,2025-12-31 14:00:00,2.822,2.827,2.773,2.779,1207217.2
1767196800000,2025-12-31 18:00:00,2.779,2.787,2.657,2.694,3113557.6
1767211200000,2025-12-31 22:00:00,2.694,2.843,2.676,2.834,1653478.7
1767225600000,2026-01-01 02:00:00,2.834,2.978,2.819,2.853,1857972.5
1767240000000,2026-01-01 06:00:00,2.853,2.901,2.815,2.853,1091427.3
1767254400000,2026-01-01 10:00:00,2.853,2.935,2.851,2.927,1137631.5
1767268800000,2026-01-01 14:00:00,2.927,3.011,2.903,2.98,1354176.8
1767283200000,2026-01-01 18:00:00,2.98,3.093,2.96,3.016,1941563.9
1767297600000,2026-01-01 22:00:00,3.016,3.029,2.955,2.998,1385247.5
1767312000000,2026-01-02 02:00:00,2.998,3.034,2.962,3.029,889284.0
1767326400000,2026-01-02 06:00:00,3.029,3.035,2.985,3.002,692848.7
1767340800000,2026-01-02 10:00:00,3.002,3.034,2.97,3.008,1023752.5
1767355200000,2026-01-02 14:00:00,3.008,3.064,2.975,3.007,1275534.8
1767369600000,2026-01-02 18:00:00,3.007,3.104,3.004,3.083,1148343.7
1767384000000,2026-01-02 22:00:00,3.083,3.189,3.063,3.154,928111.8
1767398400000,2026-01-03 02:00:00,3.154,3.2,3.139,3.193,1098961.4
1767412800000,2026-01-03 06:00:00,3.193,3.215,3.059,3.066,1307050.8
1767427200000,2026-01-03 10:00:00,3.066,3.102,3.052,3.084,684507.8
1767441600000,2026-01-03 14:00:00,3.084,3.15,3.081,3.096,708425.7
1767456000000,2026-01-03 18:00:00,3.096,3.126,3.083,3.107,542817.2
1767470400000,2026-01-03 22:00:00,3.107,3.133,3.083,3.124,291087.7
1767484800000,2026-01-04 02:00:00,3.124,3.177,3.117,3.173,560412.8
1767499200000,2026-01-04 06:00:00,3.173,3.191,3.124,3.152,650870.4
1767513600000,2026-01-04 10:00:00,3.152,3.243,3.127,3.239,939537.8
1767528000000,2026-01-04 14:00:00,3.239,3.252,3.171,3.238,1025422.8
1767542400000,2026-01-04 18:00:00,3.238,3.286,3.2,3.228,1047786.2
1767556800000,2026-01-04 22:00:00,3.228,3.289,3.223,3.268,608644.2
1767571200000,2026-01-05 02:00:00,3.268,3.328,3.253,3.283,909787.9
1767585600000,2026-01-05 06:00:00,3.283,3.304,3.202,3.245,888003.0
1767600000000,2026-01-05 10:00:00,3.245,3.26,3.178,3.207,922882.1
1767614400000,2026-01-05 14:00:00,3.207,3.324,3.184,3.318,1206207.4
1767628800000,2026-01-05 18:00:00,3.318,3.48,3.305,3.415,2983746.4
1767643200000,2026-01-05 22:00:00,3.415,3.454,3.376,3.4,886579.6
1767657600000,2026-01-06 02:00:00,3.4,3.459,3.364,3.424,755722.8
1767672000000,2026-01-06 06:00:00,3.424,3.467,3.372,3.391,1034482.7
1767686400000,2026-01-06 10:00:00,3.391,3.421,3.37,3.408,594799.5
1767700800000,2026-01-06 14:00:00,3.408,3.561,3.363,3.383,2863694.6
1767715200000,2026-01-06 18:00:00,3.383,3.39,3.217,3.282,2368664.2
1767729600000,2026-01-06 22:00:00,3.282,3.41,3.282,3.384,1029241.9
1767744000000,2026-01-07 02:00:00,3.384,3.384,3.266,3.28,902079.0
1767758400000,2026-01-07 06:00:00,3.28,3.352,3.255,3.348,755020.3
1767772800000,2026-01-07 10:00:00,3.348,3.366,3.28,3.328,969470.3
1767787200000,2026-01-07 14:00:00,3.328,3.331,3.197,3.217,1099769.3
1767801600000,2026-01-07 18:00:00,3.217,3.297,3.178,3.27,1311697.6
1767816000000,2026-01-07 22:00:00,3.27,3.278,3.193,3.225,804982.0
1767830400000,2026-01-08 02:00:00,3.225,3.252,3.169,3.184,643699.4
1767844800000,2026-01-08 06:00:00,3.184,3.242,3.126,3.192,691372.6
1767859200000,2026-01-08 10:00:00,3.192,3.208,3.11,3.141,1281831.4
1767873600000,2026-01-08 14:00:00,3.141,3.184,3.066,3.183,1151403.3
1767888000000,2026-01-08 18:00:00,3.183,3.214,3.153,3.159,681405.1
1767902400000,2026-01-08 22:00:00,3.159,3.209,3.128,3.172,559937.8
1767916800000,2026-01-09 02:00:00,3.172,3.232,3.164,3.216,540486.0
1767931200000,2026-01-09 06:00:00,3.216,3.222,3.187,3.189,295635.2
1767945600000,2026-01-09 10:00:00,3.189,3.205,3.122,3.183,664562.8
1767960000000,2026-01-09 14:00:00,3.183,3.306,3.165,3.278,1464693.8
1767974400000,2026-01-09 18:00:00,3.278,3.389,3.149,3.166,1720401.0
1767988800000,2026-01-09 22:00:00,3.166,3.227,3.162,3.198,399196.8
1768003200000,2026-01-10 02:00:00,3.198,3.201,3.127,3.158,438952.6
1768017600000,2026-01-10 06:00:00,3.158,3.172,3.125,3.166,293279.1
1768032000000,2026-01-10 10:00:00,3.166,3.208,3.152,3.207,314777.6
1768046400000,2026-01-10 14:00:00,3.207,3.217,3.171,3.178,379154.7
1768060800000,2026-01-10 18:00:00,3.178,3.245,3.166,3.244,435265.4
1768075200000,2026-01-10 22:00:00,3.244,3.249,3.156,3.183,307193.0
1768089600000,2026-01-11 02:00:00,3.183,3.201,3.166,3.189,244236.3
1768104000000,2026-01-11 06:00:00,3.189,3.196,3.153,3.184,353285.4
1768118400000,2026-01-11 10:00:00,3.184,3.224,3.174,3.212,295947.1
1768132800000,2026-01-11 14:00:00,3.212,3.256,3.157,3.172,593190.1
1768147200000,2026-01-11 18:00:00,3.172,3.227,3.166,3.178,595244.1
1768161600000,2026-01-11 22:00:00,3.178,3.178,3.093,3.149,772453.6
1768176000000,2026-01-12 02:00:00,3.149,3.238,3.118,3.188,823258.1
1768190400000,2026-01-12 06:00:00,3.188,3.246,3.141,3.145,495488.5
1768204800000,2026-01-12 10:00:00,3.145,3.168,3.101,3.136,700359.5
1768219200000,2026-01-12 14:00:00,3.136,3.169,3.059,3.161,877646.4
1768233600000,2026-01-12 18:00:00,3.161,3.195,3.119,3.153,609773.3
1768248000000,2026-01-12 22:00:00,3.153,3.17,3.086,3.112,639232.6
1768262400000,2026-01-13 02:00:00,3.112,3.151,3.105,3.143,272736.4
1768276800000,2026-01-13 06:00:00,3.143,3.217,3.142,3.208,476225.0
1768291200000,2026-01-13 10:00:00,3.208,3.35,3.191,3.33,1506324.3
1768305600000,2026-01-13 14:00:00,3.33,3.742,3.313,3.671,7066994.6
1768320000000,2026-01-13 18:00:00,3.671,3.739,3.462,3.56,2773181.9
1768334400000,2026-01-13 22:00:00,3.56,3.651,3.473,3.623,1862267.5
1768348800000,2026-01-14 02:00:00,3.623,3.636,3.526,3.543,1011754.8
1768363200000,2026-01-14 06:00:00,3.543,3.685,3.513,3.646,2352645.9
1768377600000,2026-01-14 10:00:00,3.646,3.938,3.641,3.871,4910044.1
1768392000000,2026-01-14 14:00:00,3.871,4.223,3.826,4.145,7494767.5
1768406400000,2026-01-14 18:00:00,4.145,4.441,4.054,4.413,6892433.0
1768420800000,2026-01-14 22:00:00,4.413,4.711,4.307,4.533,8101948.1
1768435200000,2026-01-15 02:00:00,4.533,4.845,4.347,4.387,8463821.8
1768449600000,2026-01-15 06:00:00,4.387,4.734,4.384,4.413,9944875.0
1768464000000,2026-01-15 10:00:00,4.413,4.433,4.167,4.299,5663017.4
1768478400000,2026-01-15 14:00:00,4.299,4.44,4.153,4.298,4290187.8
1768492800000,2026-01-15 18:00:00,4.298,4.342,4.085,4.21,4048512.9
1768507200000,2026-01-15 22:00:00,4.21,4.29,4.168,4.261,1813026.8
1768521600000,2026-01-16 02:00:00,4.261,4.688,4.254,4.437,5157526.0
1768536000000,2026-01-16 06:00:00,4.437,4.491,4.236,4.263,2989847.7
1768550400000,2026-01-16 10:00:00,4.263,4.432,4.209,4.267,3105550.7
1768564800000,2026-01-16 14:00:00,4.267,4.292,4.113,4.147,2039207.3
1768579200000,2026-01-16 18:00:00,4.147,4.275,4.103,4.138,1424671.5
1768593600000,2026-01-16 22:00:00,4.138,4.245,4.065,4.174,1214756.3
1768608000000,2026-01-17 02:00:00,4.174,4.182,4.066,4.125,1173384.2
1768622400000,2026-01-17 06:00:00,4.125,4.145,3.971,4.01,1290503.2
1768636800000,2026-01-17 10:00:00,4.01,4.027,3.936,3.976,1372783.8
1768651200000,2026-01-17 14:00:00,3.976,4.067,3.927,4.048,2252372.2
1768665600000,2026-01-17 18:00:00,4.048,4.052,3.942,4.026,976432.6
1768680000000,2026-01-17 22:00:00,4.026,4.039,3.964,3.983,594004.3
1768694400000,2026-01-18 02:00:00,3.983,4.038,3.936,4.032,881136.6
1768708800000,2026-01-18 06:00:00,4.032,4.135,3.956,3.97,1654694.9
1768723200000,2026-01-18 10:00:00,3.97,4.072,3.953,4.014,1138095.7
1768737600000,2026-01-18 14:00:00,4.014,4.066,3.975,4.048,1245068.3
1768752000000,2026-01-18 18:00:00,4.048,4.308,4.013,4.062,3535637.4
1768766400000,2026-01-18 22:00:00,4.062,4.257,3.861,3.892,3102770.9
1768780800000,2026-01-19 02:00:00,3.892,3.893,3.443,3.867,5326649.6
1768795200000,2026-01-19 06:00:00,3.867,4.168,3.831,4.141,2949515.5
1768809600000,2026-01-19 10:00:00,4.141,4.431,4.045,4.073,6497414.3
1768824000000,2026-01-19 14:00:00,4.073,4.076,3.927,3.938,2442101.2
1768838400000,2026-01-19 18:00:00,3.938,4.029,3.899,3.979,1857926.1
1768852800000,2026-01-19 22:00:00,3.979,3.991,3.833,3.87,1495183.8
1768867200000,2026-01-20 02:00:00,3.87,3.895,3.773,3.802,1378034.0
1768881600000,2026-01-20 06:00:00,3.802,3.855,3.687,3.708,2270176.8
1768896000000,2026-01-20 10:00:00,3.708,3.743,3.642,3.677,2309733.0
1768910400000,2026-01-20 14:00:00,3.677,3.767,3.614,3.753,2691180.5
1768924800000,2026-01-20 18:00:00,3.753,3.845,3.646,3.664,2818836.2
1768939200000,2026-01-20 22:00:00,3.664,3.708,3.576,3.686,2137744.5
1768953600000,2026-01-21 02:00:00,3.686,3.822,3.669,3.683,1521098.8
1768968000000,2026-01-21 06:00:00,3.683,3.779,3.662,3.697,1321225.3
1768982400000,2026-01-21 10:00:00,3.697,3.735,3.621,3.627,1572172.5
1768996800000,2026-01-21 14:00:00,3.627,3.781,3.584,3.703,2405793.9
1769011200000,2026-01-21 18:00:00,3.703,3.742,3.514,3.729,2539607.8
1769025600000,2026-01-21 22:00:00,3.729,3.784,3.62,3.625,1102501.8
1769040000000,2026-01-22 02:00:00,3.625,3.689,3.596,3.644,988544.4
1769054400000,2026-01-22 06:00:00,3.644,3.685,3.605,3.666,774443.2
1769068800000,2026-01-22 10:00:00,3.666,3.741,3.657,3.685,1129305.5
1769083200000,2026-01-22 14:00:00,3.685,3.709,3.594,3.606,1275306.2
1769097600000,2026-01-22 18:00:00,3.606,3.656,3.599,3.613,718214.8
1769112000000,2026-01-22 22:00:00,3.613,3.641,3.563,3.591,539970.0
1769126400000,2026-01-23 02:00:00,3.591,3.656,3.573,3.651,690642.8
1769140800000,2026-01-23 06:00:00,3.651,3.701,3.618,3.635,718960.2
1769155200000,2026-01-23 10:00:00,3.635,3.639,3.578,3.584,721889.9
1769169600000,2026-01-23 14:00:00,3.584,3.586,3.419,3.497,1595724.6
1769184000000,2026-01-23 18:00:00,3.497,3.595,3.433,3.455,1419705.2
1769198400000,2026-01-23 22:00:00,3.455,3.486,3.411,3.474,760614.9
1769212800000,2026-01-24 02:00:00,3.474,3.492,3.44,3.48,513689.2
1769227200000,2026-01-24 06:00:00,3.48,3.488,3.448,3.465,310798.9
1769241600000,2026-01-24 10:00:00,3.465,3.534,3.448,3.478,823319.1
1769256000000,2026-01-24 14:00:00,3.478,3.546,3.474,3.487,873950.8
1769270400000,2026-01-24 18:00:00,3.487,3.535,3.473,3.49,518619.2
1769284800000,2026-01-24 22:00:00,3.49,3.515,3.461,3.467,361108.8
1769299200000,2026-01-25 02:00:00,3.467,3.49,3.442,3.449,481734.1
1769313600000,2026-01-25 06:00:00,3.449,3.467,3.392,3.418,578701.8
1769328000000,2026-01-25 10:00:00,3.418,3.444,3.376,3.397,656784.5
1769342400000,2026-01-25 14:00:00,3.397,3.397,3.333,3.368,665977.0
1769356800000,2026-01-25 18:00:00,3.368,3.368,3.163,3.19,3158109.0
1769371200000,2026-01-25 22:00:00,3.19,3.249,3.19,3.231,1085569.5
1769385600000,2026-01-26 02:00:00,3.231,3.321,3.227,3.282,854606.8
1769400000000,2026-01-26 06:00:00,3.282,3.333,3.282,3.322,611086.5
1769414400000,2026-01-26 10:00:00,3.322,3.331,3.267,3.3,732774.6
1769428800000,2026-01-26 14:00:00,3.3,3.368,3.284,3.34,944990.7
1769443200000,2026-01-26 18:00:00,3.34,3.396,3.328,3.354,734499.7
1769457600000,2026-01-26 22:00:00,3.354,3.373,3.32,3.337,439768.6
1769472000000,2026-01-27 02:00:00,3.337,3.374,3.328,3.345,712746.4
1769486400000,2026-01-27 06:00:00,3.345,3.363,3.271,3.302,687238.6
1769500800000,2026-01-27 10:00:00,3.302,3.313,3.252,3.255,519326.9
1769515200000,2026-01-27 14:00:00,3.255,3.276,3.214,3.26,670898.5
1769529600000,2026-01-27 18:00:00,3.26,3.386,3.252,3.321,1355929.0
1769544000000,2026-01-27 22:00:00,3.321,3.374,3.296,3.301,795663.9
1769558400000,2026-01-28 02:00:00,3.301,3.309,3.251,3.256,460721.4
1769572800000,2026-01-28 06:00:00,3.256,3.285,3.232,3.259,510131.5
1769587200000,2026-01-28 10:00:00,3.259,3.307,3.24,3.292,1145038.6
1769601600000,2026-01-28 14:00:00,3.292,3.299,3.197,3.203,1178792.2
1769616000000,2026-01-28 18:00:00,3.203,3.25,3.178,3.234,836404.0
1769630400000,2026-01-28 22:00:00,3.234,3.261,3.19,3.207,693320.6
1769644800000,2026-01-29 02:00:00,3.207,3.212,3.107,3.146,1149275.4
1769659200000,2026-01-29 06:00:00,3.146,3.153,3.109,3.119,674825.7
1769673600000,2026-01-29 10:00:00,3.119,3.136,3.082,3.088,828015.9
1769688000000,2026-01-29 14:00:00,3.088,3.147,3.006,3.032,2426664.2
1769702400000,2026-01-29 18:00:00,3.032,3.137,3.008,3.043,1823679.1
1769716800000,2026-01-29 22:00:00,3.043,3.1,3.031,3.096,846172.4
1769731200000,2026-01-30 02:00:00,3.096,3.117,2.98,2.997,2947387.7
1769745600000,2026-01-30 06:00:00,2.997,3.047,2.942,3.014,1945202.2
1769760000000,2026-01-30 10:00:00,3.014,3.073,2.993,3.064,706347.1
1769774400000,2026-01-30 14:00:00,3.064,3.068,2.962,2.963,1435715.0
1769788800000,2026-01-30 18:00:00,2.963,3.071,2.924,3.042,1633568.5
1769803200000,2026-01-30 22:00:00,3.042,3.042,2.985,3.007,941778.3
1769817600000,2026-01-31 02:00:00,3.007,3.013,2.978,3.003,352225.5
1769832000000,2026-01-31 06:00:00,3.003,3.017,2.925,2.948,493760.8
1769846400000,2026-01-31 10:00:00,2.948,2.956,2.857,2.865,1646790.6
1769860800000,2026-01-31 14:00:00,2.865,2.868,2.73,2.787,3612979.2
1769875200000,2026-01-31 18:00:00,2.787,2.834,2.466,2.608,11406399.1
1769889600000,2026-01-31 22:00:00,2.608,2.746,2.583,2.73,1958786.4
1769904000000,2026-02-01 02:00:00,2.73,2.77,2.701,2.74,1422864.3
1769918400000,2026-02-01 06:00:00,2.74,2.77,2.707,2.746,745397.5
1769932800000,2026-02-01 10:00:00,2.746,2.774,2.705,2.72,694838.2
1769947200000,2026-02-01 14:00:00,2.72,2.724,2.609,2.646,1529731.3
1769961600000,2026-02-01 18:00:00,2.646,2.68,2.606,2.625,1316336.4
1769976000000,2026-02-01 22:00:00,2.625,2.661,2.557,2.621,1471576.5
1769990400000,2026-02-02 02:00:00,2.621,2.691,2.542,2.652,2129330.4
1770004800000,2026-02-02 06:00:00,2.652,2.683,2.546,2.654,2347567.0
1770019200000,2026-02-02 10:00:00,2.654,2.699,2.653,2.67,1276833.6
1770033600000,2026-02-02 14:00:00,2.67,2.843,2.67,2.787,2325486.5
1770048000000,2026-02-02 18:00:00,2.787,2.792,2.688,2.691,785059.1
1770062400000,2026-02-02 22:00:00,2.691,2.708,2.668,2.697,564358.3
1770076800000,2026-02-03 02:00:00,2.697,2.697,2.614,2.667,998910.8
1770091200000,2026-02-03 06:00:00,2.667,2.706,2.657,2.687,618927.2
1770105600000,2026-02-03 10:00:00,2.687,2.703,2.646,2.68,1312957.7
1770120000000,2026-02-03 14:00:00,2.68,2.72,2.642,2.713,1776855.0
1770134400000,2026-02-03 18:00:00,2.713,2.713,2.543,2.667,2791619.2
1770148800000,2026-02-03 22:00:00,2.667,2.772,2.618,2.643,1830349.5
1770163200000,2026-02-04 02:00:00,2.643,2.706,2.633,2.697,459864.7
1770177600000,2026-02-04 06:00:00,2.697,2.747,2.672,2.737,541586.8
1770192000000,2026-02-04 10:00:00,2.737,2.775,2.693,2.709,1349029.2
1770206400000,2026-02-04 14:00:00,2.709,2.726,2.594,2.617,1505409.3
1770220800000,2026-02-04 18:00:00,2.617,2.69,2.572,2.685,2185255.0
1770235200000,2026-02-04 22:00:00,2.685,2.687,2.581,2.622,787933.2
1770249600000,2026-02-05 02:00:00,2.622,2.647,2.57,2.579,921286.9
1770264000000,2026-02-05 06:00:00,2.579,2.605,2.541,2.553,1262585.2
1770278400000,2026-02-05 10:00:00,2.553,2.6,2.454,2.495,1719813.9
1770292800000,2026-02-05 14:00:00,2.495,2.546,2.351,2.415,5499601.9
1770307200000,2026-02-05 18:00:00,2.415,2.462,2.304,2.314,3418776.5
1770321600000,2026-02-05 22:00:00,2.314,2.333,2.197,2.24,4722808.4
1770336000000,2026-02-06 02:00:00,2.24,2.295,1.992,2.233,10448958.5
1770350400000,2026-02-06 06:00:00,2.233,2.35,2.221,2.289,1773261.6
1770364800000,2026-02-06 10:00:00,2.289,2.391,2.267,2.378,1919263.3
1770379200000,2026-02-06 14:00:00,2.378,2.492,2.36,2.461,1799867.0
1770393600000,2026-02-06 18:00:00,2.461,2.572,2.45,2.515,2038077.9
1770408000000,2026-02-06 22:00:00,2.515,2.541,2.484,2.504,755049.2
1770422400000,2026-02-07 02:00:00,2.504,2.53,2.476,2.521,824334.5
1770436800000,2026-02-07 06:00:00,2.521,2.565,2.413,2.422,1995163.5
1770451200000,2026-02-07 10:00:00,2.422,2.439,2.392,2.413,649605.2
1770465600000,2026-02-07 14:00:00,2.413,2.512,2.407,2.443,1501743.6
1770480000000,2026-02-07 18:00:00,2.443,2.539,2.436,2.497,6469021.2
1770494400000,2026-02-07 22:00:00,2.497,2.523,2.479,2.494,387292.6
1770508800000,2026-02-08 02:00:00,2.494,2.494,2.413,2.414,778516.1
1770523200000,2026-02-08 06:00:00,2.414,2.437,2.409,2.426,510158.2
1770537600000,2026-02-08 10:00:00,2.426,2.483,2.416,2.47,910225.1
1770552000000,2026-02-08 14:00:00,2.47,2.503,2.436,2.451,1130320.3
1770566400000,2026-02-08 18:00:00,2.451,2.47,2.394,2.461,689077.6
1770580800000,2026-02-08 22:00:00,2.461,2.491,2.407,2.429,660720.1
1770595200000,2026-02-09 02:00:00,2.429,2.469,2.409,2.447,564343.1
1770609600000,2026-02-09 06:00:00,2.447,2.466,2.426,2.44,1024392.5
1770624000000,2026-02-09 10:00:00,2.44,2.446,2.333,2.361,890186.9
1770638400000,2026-02-09 14:00:00,2.361,2.418,2.347,2.414,1306614.1
1770652800000,2026-02-09 18:00:00,2.414,2.461,2.392,2.447,1523578.0
1770667200000,2026-02-09 22:00:00,2.447,2.456,2.408,2.42,460350.5
1770681600000,2026-02-10 02:00:00,2.42,2.437,2.37,2.385,765878.5
1770696000000,2026-02-10 06:00:00,2.385,2.405,2.335,2.36,884087.1
1770710400000,2026-02-10 10:00:00,2.36,2.379,2.35,2.352,461345.5
1770724800000,2026-02-10 14:00:00,2.352,2.381,2.33,2.37,816581.8
1770739200000,2026-02-10 18:00:00,2.37,2.392,2.341,2.363,461707.2
1770753600000,2026-02-10 22:00:00,2.363,2.4,2.353,2.397,301517.5
1770768000000,2026-02-11 02:00:00,2.397,2.406,2.364,2.388,652809.4
1770782400000,2026-02-11 06:00:00,2.388,2.393,2.296,2.302,1421551.0
1770796800000,2026-02-11 10:00:00,2.302,2.32,2.28,2.317,505927.6
1770811200000,2026-02-11 14:00:00,2.317,2.415,2.28,2.305,2694579.2
1770825600000,2026-02-11 18:00:00,2.305,2.372,2.281,2.339,754824.2
1770840000000,2026-02-11 22:00:00,2.339,2.382,2.307,2.332,1245387.4
1770854400000,2026-02-12 02:00:00,2.332,2.38,2.332,2.361,810023.1
1770868800000,2026-02-12 06:00:00,2.361,2.42,2.348,2.418,428483.9
1770883200000,2026-02-12 10:00:00,2.418,2.47,2.383,2.448,711948.0
1770897600000,2026-02-12 14:00:00,2.448,2.453,2.388,2.392,786028.6
1770912000000,2026-02-12 18:00:00,2.392,2.395,2.288,2.356,1998800.6
1770926400000,2026-02-12 22:00:00,2.356,2.372,2.332,2.35,611570.2
1770940800000,2026-02-13 02:00:00,2.35,2.36,2.299,2.318,907346.3
1770955200000,2026-02-13 06:00:00,2.318,2.318,2.277,2.302,416986.0
1770969600000,2026-02-13 10:00:00,2.302,2.316,2.287,2.308,579365.7
1770984000000,2026-02-13 14:00:00,2.308,2.385,2.276,2.356,1680293.2
1770998400000,2026-02-13 18:00:00,2.356,2.395,2.343,2.384,824259.1
1771012800000,2026-02-13 22:00:00,2.384,2.409,2.372,2.393,431709.2
1771027200000,2026-02-14 02:00:00,2.393,2.441,2.393,2.408,681039.1
1771041600000,2026-02-14 06:00:00,2.408,2.421,2.375,2.409,508058.7
1771056000000,2026-02-14 10:00:00,2.409,2.471,2.402,2.459,998148.1
1771070400000,2026-02-14 14:00:00,2.459,2.491,2.426,2.487,889337.9
1771084800000,2026-02-14 18:00:00,2.487,2.571,2.466,2.562,1086997.4
1771099200000,2026-02-14 22:00:00,2.562,2.598,2.543,2.545,753181.5
1771113600000,2026-02-15 02:00:00,2.545,2.554,2.477,2.52,875835.2
1771128000000,2026-02-15 06:00:00,2.52,2.555,2.517,2.549,601661.7
1771142400000,2026-02-15 10:00:00,2.549,2.554,2.481,2.497,892150.9
1771156800000,2026-02-15 14:00:00,2.497,2.501,2.403,2.428,1609737.2
1771171200000,2026-02-15 18:00:00,2.428,2.429,2.353,2.379,1721120.0
1771185600000,2026-02-15 22:00:00,2.379,2.415,2.366,2.411,418046.9
1771200000000,2026-02-16 02:00:00,2.411,2.423,2.381,2.396,370673.1
1771214400000,2026-02-16 06:00:00,2.396,2.413,2.373,2.377,471985.2
1771228800000,2026-02-16 10:00:00,2.377,2.402,2.347,2.381,713809.5
1771243200000,2026-02-16 14:00:00,2.381,2.445,2.344,2.349,2483529.7
1771257600000,2026-02-16 18:00:00,2.349,2.385,2.338,2.375,915439.0
1771272000000,2026-02-16 22:00:00,2.375,2.427,2.365,2.415,531498.9
1771286400000,2026-02-17 02:00:00,2.415,2.433,2.391,2.409,450588.3
1771300800000,2026-02-17 06:00:00,2.409,2.415,2.368,2.395,326994.9
1771315200000,2026-02-17 10:00:00,2.395,2.401,2.366,2.388,316455.7
1771329600000,2026-02-17 14:00:00,2.388,2.409,2.335,2.391,1511287.4
1771344000000,2026-02-17 18:00:00,2.391,2.426,2.357,2.393,709914.4
1771358400000,2026-02-17 22:00:00,2.393,2.396,2.367,2.378,374406.3
1771372800000,2026-02-18 02:00:00,2.378,2.379,2.341,2.375,403460.0
1771387200000,2026-02-18 06:00:00,2.375,2.383,2.36,2.374,273094.0
1771401600000,2026-02-18 10:00:00,2.374,2.378,2.322,2.34,525828.8
1771416000000,2026-02-18 14:00:00,2.34,2.36,2.309,2.347,972811.2
1771430400000,2026-02-18 18:00:00,2.347,2.348,2.246,2.259,1459674.6
1771444800000,2026-02-18 22:00:00,2.259,2.272,2.223,2.234,621334.6
1771459200000,2026-02-19 02:00:00,2.234,2.256,2.226,2.25,550909.0
1771473600000,2026-02-19 06:00:00,2.25,2.254,2.219,2.237,575061.9
1771488000000,2026-02-19 10:00:00,2.237,2.237,2.188,2.212,677054.6
