timestamp,datetime,open,high,low,close,volume
1735207200000,2024-12-26 12:00:00,2.057,2.061,2.042,2.052,50627.5
1735210800000,2024-12-26 13:00:00,2.052,2.078,2.05,2.069,115825.2
1735214400000,2024-12-26 14:00:00,2.069,2.074,2.052,2.058,70185.5
1735218000000,2024-12-26 15:00:00,2.058,2.06,2.025,2.045,108348.5
1735221600000,2024-12-26 16:00:00,2.045,2.068,2.033,2.043,82520.8
1735225200000,2024-12-26 17:00:00,2.043,2.055,2.029,2.037,44883.5
1735228800000,2024-12-26 18:00:00,2.037,2.058,2.035,2.053,85002.0
1735232400000,2024-12-26 19:00:00,2.053,2.053,2.004,2.016,177631.7
1735236000000,2024-12-26 20:00:00,2.016,2.031,2.007,2.031,92799.2
1735239600000,2024-12-26 21:00:00,2.031,2.036,2.014,2.033,55394.2
1735243200000,2024-12-26 22:00:00,2.033,2.037,2.008,2.01,59888.7
1735246800000,2024-12-26 23:00:00,2.01,2.024,1.992,2.022,85088.0
1735250400000,2024-12-27 00:00:00,2.022,2.046,2.022,2.035,90851.9
1735254000000,2024-12-27 01:00:00,2.035,2.036,2.011,2.028,65127.0
1735257600000,2024-12-27 02:00:00,2.028,2.053,2.012,2.047,129146.6
1735261200000,2024-12-27 03:00:00,2.047,2.097,2.042,2.073,140256.9
1735264800000,2024-12-27 04:00:00,2.073,2.099,2.049,2.054,132397.1
1735268400000,2024-12-27 05:00:00,2.054,2.08,2.049,2.078,58807.2
1735272000000,2024-12-27 06:00:00,2.078,2.09,2.059,2.062,105119.9
1735275600000,2024-12-27 07:00:00,2.062,2.07,2.045,2.067,51689.5
1735279200000,2024-12-27 08:00:00,2.067,2.101,2.062,2.101,49031.7
1735282800000,2024-12-27 09:00:00,2.101,2.105,2.022,2.039,109827.6
1735286400000,2024-12-27 10:00:00,2.039,2.104,2.039,2.076,91962.1
1735290000000,2024-12-27 11:00:00,2.076,2.17,2.075,2.144,175160.3
1735293600000,2024-12-27 12:00:00,2.144,2.146,2.101,2.127,85224.2
1735297200000,2024-12-27 13:00:00,2.127,2.15,2.118,2.147,92104.7
1735300800000,2024-12-27 14:00:00,2.147,2.148,2.126,2.134,46923.3
1735304400000,2024-12-27 15:00:00,2.134,2.14,2.104,2.108,63388.1
1735308000000,2024-12-27 16:00:00,2.108,2.108,2.056,2.073,182387.3
1735311600000,2024-12-27 17:00:00,2.073,2.074,2.033,2.046,123474.8
1735315200000,2024-12-27 18:00:00,2.046,2.058,2.026,2.048,110458.0
1735318800000,2024-12-27 19:00:00,2.048,2.118,2.039,2.115,119271.9
1735322400000,2024-12-27 20:00:00,2.115,2.121,2.104,2.107,90557.9
1735326000000,2024-12-27 21:00:00,2.107,2.109,2.086,2.1,80037.8
1735329600000,2024-12-27 22:00:00,2.1,2.105,2.086,2.1,19872.5
1735333200000,2024-12-27 23:00:00,2.1,2.105,2.068,2.068,38194.8
1735336800000,2024-12-28 00:00:00,2.068,2.08,2.054,2.061,39705.4
1735340400000,2024-12-28 01:00:00,2.061,2.068,2.048,2.068,56369.6
1735344000000,2024-12-28 02:00:00,2.068,2.073,2.052,2.068,42424.6
1735347600000,2024-12-28 03:00:00,2.068,2.073,2.038,2.049,70096.6
1735351200000,2024-12-28 04:00:00,2.049,2.071,2.047,2.047,40346.1
1735354800000,2024-12-28 05:00:00,2.047,2.069,2.046,2.063,33549.6
1735358400000,2024-12-28 06:00:00,2.063,2.064,2.042,2.051,30786.1
1735362000000,2024-12-28 07:00:00,2.051,2.066,2.049,2.055,53877.3
1735365600000,2024-12-28 08:00:00,2.055,2.055,2.026,2.033,47259.7
1735369200000,2024-12-28 09:00:00,2.033,2.049,2.021,2.022,63932.3
1735372800000,2024-12-28 10:00:00,2.022,2.061,2.021,2.057,48325.1
1735376400000,2024-12-28 11:00:00,2.057,2.086,2.055,2.082,90147.4
1735380000000,2024-12-28 12:00:00,2.082,2.082,2.031,2.032,63900.0
1735383600000,2024-12-28 13:00:00,2.032,2.059,2.031,2.058,77650.8
1735387200000,2024-12-28 14:00:00,2.058,2.061,2.033,2.037,74744.3
1735390800000,2024-12-28 15:00:00,2.037,2.103,2.036,2.091,260008.2
1735394400000,2024-12-28 16:00:00,2.091,2.133,2.077,2.084,128415.1
1735398000000,2024-12-28 17:00:00,2.084,2.113,2.084,2.086,74066.4
1735401600000,2024-12-28 18:00:00,2.086,2.099,2.078,2.099,40812.5
1735405200000,2024-12-28 19:00:00,2.099,2.132,2.098,2.116,38732.7
1735408800000,2024-12-28 20:00:00,2.116,2.121,2.09,2.097,54230.8
1735412400000,2024-12-28 21:00:00,2.097,2.11,2.096,2.102,39526.4
1735416000000,2024-12-28 22:00:00,2.102,2.115,2.095,2.114,40783.4
1735419600000,2024-12-28 23:00:00,2.114,2.123,2.102,2.123,25673.7
1735423200000,2024-12-29 00:00:00,2.123,2.144,2.117,2.139,40243.8
1735426800000,2024-12-29 01:00:00,2.139,2.139,2.119,2.128,19068.1
1735430400000,2024-12-29 02:00:00,2.128,2.13,2.109,2.116,46714.8
1735434000000,2024-12-29 03:00:00,2.116,2.129,2.094,2.094,43448.5
1735437600000,2024-12-29 04:00:00,2.094,2.117,2.09,2.11,68937.2
1735441200000,2024-12-29 05:00:00,2.11,2.119,2.095,2.119,29657.0
1735444800000,2024-12-29 06:00:00,2.119,2.124,2.098,2.098,30363.4
1735448400000,2024-12-29 07:00:00,2.098,2.103,2.09,2.092,58484.1
1735452000000,2024-12-29 08:00:00,2.092,2.102,2.074,2.1,47827.8
1735455600000,2024-12-29 09:00:00,2.1,2.114,2.093,2.112,27636.2
1735459200000,2024-12-29 10:00:00,2.112,2.114,2.09,2.091,116114.8
1735462800000,2024-12-29 11:00:00,2.091,2.097,2.081,2.093,32367.3
1735466400000,2024-12-29 12:00:00,2.093,2.099,2.091,2.091,24551.3
1735470000000,2024-12-29 13:00:00,2.091,2.092,2.076,2.076,24054.4
1735473600000,2024-12-29 14:00:00,2.076,2.083,2.062,2.066,42290.2
1735477200000,2024-12-29 15:00:00,2.066,2.088,2.06,2.086,51340.0
1735480800000,2024-12-29 16:00:00,2.086,2.106,2.049,2.059,91325.3
1735484400000,2024-12-29 17:00:00,2.059,2.068,2.05,2.058,25155.1
1735488000000,2024-12-29 18:00:00,2.058,2.06,2.025,2.029,86247.9
1735491600000,2024-12-29 19:00:00,2.029,2.043,2.021,2.03,37998.6
1735495200000,2024-12-29 20:00:00,2.03,2.032,2.018,2.025,54278.8
1735498800000,2024-12-29 21:00:00,2.025,2.03,2.02,2.025,17630.7
1735502400000,2024-12-29 22:00:00,2.025,2.025,1.996,2.018,32778.2
1735506000000,2024-12-29 23:00:00,2.018,2.023,1.996,2.002,26122.1
1735509600000,2024-12-30 00:00:00,2.002,2.009,1.985,1.995,49478.7
1735513200000,2024-12-30 01:00:00,1.995,2.012,1.987,2.011,36733.8
1735516800000,2024-12-30 02:00:00,2.011,2.029,1.998,2.019,46356.6
1735520400000,2024-12-30 03:00:00,2.019,2.103,2.019,2.077,163069.2
1735524000000,2024-12-30 04:00:00,2.077,2.086,2.041,2.056,124175.2
1735527600000,2024-12-30 05:00:00,2.056,2.072,2.044,2.046,51617.0
1735531200000,2024-12-30 06:00:00,2.046,2.063,2.028,2.028,20082.1
1735534800000,2024-12-30 07:00:00,2.028,2.041,2.02,2.04,39622.3
1735538400000,2024-12-30 08:00:00,2.04,2.079,2.04,2.061,40192.7
1735542000000,2024-12-30 09:00:00,2.061,2.066,2.034,2.05,26821.1
1735545600000,2024-12-30 10:00:00,2.05,2.073,2.034,2.038,33062.9
1735549200000,2024-12-30 11:00:00,2.038,2.039,2.02,2.024,51332.5
1735552800000,2024-12-30 12:00:00,2.024,2.026,2.002,2.004,74916.7
1735556400000,2024-12-30 13:00:00,2.004,2.021,1.986,2.018,98788.4
1735560000000,2024-12-30 14:00:00,2.018,2.038,2.004,2.009,66386.0
1735563600000,2024-12-30 15:00:00,2.009,2.017,1.951,1.954,178243.6
1735567200000,2024-12-30 16:00:00,1.954,1.971,1.93,1.94,102487.9
1735570800000,2024-12-30 17:00:00,1.94,1.958,1.929,1.942,151988.0
1735574400000,2024-12-30 18:00:00,1.942,1.947,1.918,1.927,86584.7
1735578000000,2024-12-30 19:00:00,1.927,2.019,1.927,2.01,246809.9
1735581600000,2024-12-30 20:00:00,2.01,2.041,1.999,2.036,206897.2
1735585200000,2024-12-30 21:00:00,2.036,2.04,2.019,2.026,47986.2
1735588800000,2024-12-30 22:00:00,2.026,2.059,2.026,2.037,116459.2
1735592400000,2024-12-30 23:00:00,2.037,2.038,1.957,1.962,190332.4
1735596000000,2024-12-31 00:00:00,1.962,1.989,1.961,1.976,71318.3
1735599600000,2024-12-31 01:00:00,1.976,1.989,1.966,1.986,93431.5
1735603200000,2024-12-31 02:00:00,1.986,1.988,1.954,1.955,42931.9
1735606800000,2024-12-31 03:00:00,1.955,1.963,1.938,1.952,54123.8
1735610400000,2024-12-31 04:00:00,1.952,1.959,1.942,1.952,61986.1
1735614000000,2024-12-31 05:00:00,1.952,1.953,1.93,1.936,43582.7
1735617600000,2024-12-31 06:00:00,1.936,1.955,1.923,1.928,73236.2
1735621200000,2024-12-31 07:00:00,1.928,1.945,1.925,1.939,54750.9
1735624800000,2024-12-31 08:00:00,1.939,1.957,1.93,1.94,47066.8
1735628400000,2024-12-31 09:00:00,1.94,1.951,1.936,1.943,33296.5
1735632000000,2024-12-31 10:00:00,1.943,2.001,1.939,1.974,128511.2
1735635600000,2024-12-31 11:00:00,1.974,1.986,1.966,1.973,57580.7
1735639200000,2024-12-31 12:00:00,1.973,1.974,1.952,1.961,39277.4
1735642800000,2024-12-31 13:00:00,1.961,1.972,1.96,1.966,37183.7
1735646400000,2024-12-31 14:00:00,1.966,1.991,1.957,1.957,68002.1
1735650000000,2024-12-31 15:00:00,1.957,2.011,1.956,2.0,137965.4
1735653600000,2024-12-31 16:00:00,2.0,2.027,1.997,2.005,321819.5
1735657200000,2024-12-31 17:00:00,2.005,2.012,1.982,1.985,97275.9
1735660800000,2024-12-31 18:00:00,1.985,1.992,1.965,1.988,88654.8
1735664400000,2024-12-31 19:00:00,1.988,1.988,1.918,1.944,164815.3
1735668000000,2024-12-31 20:00:00,1.944,1.952,1.934,1.941,37121.1
1735671600000,2024-12-31 21:00:00,1.941,1.942,1.924,1.927,41278.1
1735675200000,2024-12-31 22:00:00,1.927,1.938,1.906,1.918,116619.6
1735678800000,2024-12-31 23:00:00,1.918,1.934,1.917,1.929,59319.9
1735682400000,2025-01-01 00:00:00,1.929,1.929,1.898,1.903,56479.8
1735686000000,2025-01-01 01:00:00,1.903,1.923,1.902,1.916,40091.8
1735689600000,2025-01-01 02:00:00,1.916,1.952,1.912,1.951,122687.1
1735693200000,2025-01-01 03:00:00,1.951,1.952,1.927,1.931,42732.4
1735696800000,2025-01-01 04:00:00,1.931,1.941,1.927,1.937,52612.4
1735700400000,2025-01-01 05:00:00,1.937,1.937,1.921,1.924,30231.9
1735704000000,2025-01-01 06:00:00,1.924,1.927,1.918,1.92,33870.6
1735707600000,2025-01-01 07:00:00,1.92,1.93,1.92,1.923,25293.5
1735711200000,2025-01-01 08:00:00,1.923,1.925,1.91,1.922,24025.0
1735714800000,2025-01-01 09:00:00,1.922,1.931,1.918,1.927,44271.0
1735718400000,2025-01-01 10:00:00,1.927,1.933,1.905,1.906,78630.0
1735722000000,2025-01-01 11:00:00,1.906,1.911,1.892,1.905,62437.8
1735725600000,2025-01-01 12:00:00,1.905,1.918,1.905,1.911,30435.1
1735729200000,2025-01-01 13:00:00,1.911,1.938,1.902,1.926,36905.3
1735732800000,2025-01-01 14:00:00,1.926,1.94,1.918,1.938,54410.3
1735736400000,2025-01-01 15:00:00,1.938,1.956,1.928,1.945,62686.4
1735740000000,2025-01-01 16:00:00,1.945,1.965,1.937,1.958,138959.5
1735743600000,2025-01-01 17:00:00,1.958,1.98,1.945,1.973,91448.8
1735747200000,2025-01-01 18:00:00,1.973,1.987,1.953,1.963,78284.6
1735750800000,2025-01-01 19:00:00,1.963,1.972,1.946,1.97,74465.1
1735754400000,2025-01-01 20:00:00,1.97,2.001,1.958,1.996,61932.9
1735758000000,2025-01-01 21:00:00,1.996,2.017,1.986,2.009,110136.1
1735761600000,2025-01-01 22:00:00,2.009,2.025,2.008,2.024,73404.6
1735765200000,2025-01-01 23:00:00,2.024,2.029,2.011,2.023,87725.5
1735768800000,2025-01-02 00:00:00,2.023,2.027,2.013,2.024,43679.6
1735772400000,2025-01-02 01:00:00,2.024,2.025,2.006,2.013,31010.1
1735776000000,2025-01-02 02:00:00,2.013,2.06,2.011,2.042,274441.9
1735779600000,2025-01-02 03:00:00,2.042,2.054,2.032,2.036,86907.4
1735783200000,2025-01-02 04:00:00,2.036,2.053,2.031,2.053,44376.0
1735786800000,2025-01-02 05:00:00,2.053,2.059,2.045,2.046,24234.7
1735790400000,2025-01-02 06:00:00,2.046,2.08,2.046,2.077,80027.5
1735794000000,2025-01-02 07:00:00,2.077,2.079,2.059,2.067,31732.4
1735797600000,2025-01-02 08:00:00,2.067,2.074,2.048,2.062,48995.8
1735801200000,2025-01-02 09:00:00,2.062,2.087,2.06,2.087,47104.5
1735804800000,2025-01-02 10:00:00,2.087,2.096,2.067,2.084,33247.6
1735808400000,2025-01-02 11:00:00,2.084,2.112,2.079,2.107,61027.9
1735812000000,2025-01-02 12:00:00,2.107,2.109,2.09,2.102,109168.8
1735815600000,2025-01-02 13:00:00,2.102,2.108,2.085,2.103,67780.3
1735819200000,2025-01-02 14:00:00,2.103,2.116,2.096,2.113,67373.7
1735822800000,2025-01-02 15:00:00,2.113,2.12,2.101,2.108,110809.5
1735826400000,2025-01-02 16:00:00,2.108,2.154,2.092,2.117,210975.0
1735830000000,2025-01-02 17:00:00,2.117,2.121,2.085,2.093,82359.6
1735833600000,2025-01-02 18:00:00,2.093,2.113,2.083,2.1,49640.3
1735837200000,2025-01-02 19:00:00,2.1,2.111,2.059,2.074,119770.8
1735840800000,2025-01-02 20:00:00,2.074,2.085,2.068,2.085,47965.5
1735844400000,2025-01-02 21:00:00,2.085,2.088,2.069,2.071,25251.0
1735848000000,2025-01-02 22:00:00,2.071,2.09,2.064,2.07,40799.6
1735851600000,2025-01-02 23:00:00,2.07,2.076,2.065,2.071,36612.8
1735855200000,2025-01-03 00:00:00,2.071,2.071,2.041,2.061,35590.9
1735858800000,2025-01-03 01:00:00,2.061,2.075,2.055,2.07,54020.7
1735862400000,2025-01-03 02:00:00,2.07,2.079,2.051,2.053,27973.3
1735866000000,2025-01-03 03:00:00,2.053,2.065,2.042,2.063,26791.3
1735869600000,2025-01-03 04:00:00,2.063,2.09,2.058,2.063,70183.7
1735873200000,2025-01-03 05:00:00,2.063,2.082,2.059,2.081,27967.9
1735876800000,2025-01-03 06:00:00,2.081,2.081,2.049,2.053,22590.6
1735880400000,2025-01-03 07:00:00,2.053,2.056,2.041,2.052,35087.9
1735884000000,2025-01-03 08:00:00,2.052,2.066,2.049,2.049,21198.4
1735887600000,2025-01-03 09:00:00,2.049,2.051,2.033,2.037,42444.0
1735891200000,2025-01-03 10:00:00,2.037,2.058,2.034,2.053,67520.7
1735894800000,2025-01-03 11:00:00,2.053,2.08,2.052,2.07,114222.7
1735898400000,2025-01-03 12:00:00,2.07,2.079,2.057,2.07,62576.4
1735902000000,2025-01-03 13:00:00,2.07,2.11,2.07,2.104,138744.7
1735905600000,2025-01-03 14:00:00,2.104,2.135,2.097,2.12,188349.2
1735909200000,2025-01-03 15:00:00,2.12,2.142,2.111,2.125,172598.8
1735912800000,2025-01-03 16:00:00,2.125,2.167,2.125,2.165,262919.7
1735916400000,2025-01-03 17:00:00,2.165,2.202,2.16,2.194,251362.0
1735920000000,2025-01-03 18:00:00,2.194,2.213,2.19,2.208,114522.3
1735923600000,2025-01-03 19:00:00,2.208,2.212,2.193,2.197,64133.2
1735927200000,2025-01-03 20:00:00,2.197,2.219,2.194,2.213,54106.2
1735930800000,2025-01-03 21:00:00,2.213,2.228,2.209,2.213,57385.9
1735934400000,2025-01-03 22:00:00,2.213,2.214,2.19,2.193,75956.3
1735938000000,2025-01-03 23:00:00,2.193,2.205,2.184,2.193,35002.4
1735941600000,2025-01-04 00:00:00,2.193,2.2,2.191,2.194,38972.1
1735945200000,2025-01-04 01:00:00,2.194,2.198,2.186,2.195,26647.0
1735948800000,2025-01-04 02:00:00,2.195,2.206,2.174,2.178,45991.0
1735952400000,2025-01-04 03:00:00,2.178,2.19,2.16,2.185,77815.1
1735956000000,2025-01-04 04:00:00,2.185,2.198,2.172,2.195,35853.0
1735959600000,2025-01-04 05:00:00,2.195,2.208,2.183,2.208,52393.4
1735963200000,2025-01-04 06:00:00,2.208,2.21,2.172,2.179,41086.4
1735966800000,2025-01-04 07:00:00,2.179,2.191,2.173,2.189,17628.0
1735970400000,2025-01-04 08:00:00,2.189,2.196,2.185,2.191,20612.0
1735974000000,2025-01-04 09:00:00,2.191,2.198,2.185,2.189,34019.3
1735977600000,2025-01-04 10:00:00,2.189,2.191,2.151,2.154,105152.7
1735981200000,2025-01-04 11:00:00,2.154,2.168,2.151,2.16,46749.5
1735984800000,2025-01-04 12:00:00,2.16,2.165,2.142,2.162,79822.4
1735988400000,2025-01-04 13:00:00,2.162,2.167,2.151,2.165,55280.9
1735992000000,2025-01-04 14:00:00,2.165,2.196,2.163,2.191,128674.3
1735995600000,2025-01-04 15:00:00,2.191,2.223,2.188,2.212,282721.7
1735999200000,2025-01-04 16:00:00,2.212,2.244,2.2,2.243,129454.1
1736002800000,2025-01-04 17:00:00,2.243,2.266,2.169,2.173,536076.6
1736006400000,2025-01-04 18:00:00,2.173,2.198,2.168,2.185,85123.9
1736010000000,2025-01-04 19:00:00,2.185,2.204,2.177,2.201,96185.6
1736013600000,2025-01-04 20:00:00,2.201,2.205,2.185,2.189,152115.2
1736017200000,2025-01-04 21:00:00,2.189,2.206,2.183,2.19,48776.1
1736020800000,2025-01-04 22:00:00,2.19,2.222,2.19,2.213,49914.3
1736024400000,2025-01-04 23:00:00,2.213,2.222,2.194,2.196,61636.7
1736028000000,2025-01-05 00:00:00,2.196,2.209,2.192,2.208,38464.6
1736031600000,2025-01-05 01:00:00,2.208,2.22,2.205,2.209,78496.4
1736035200000,2025-01-05 02:00:00,2.209,2.213,2.189,2.19,57587.9
1736038800000,2025-01-05 03:00:00,2.19,2.192,2.166,2.176,82540.0
1736042400000,2025-01-05 04:00:00,2.176,2.188,2.171,2.177,24694.2
1736046000000,2025-01-05 05:00:00,2.177,2.178,2.163,2.176,14981.4
1736049600000,2025-01-05 06:00:00,2.176,2.2,2.176,2.195,48179.3
1736053200000,2025-01-05 07:00:00,2.195,2.198,2.17,2.173,36931.9
1736056800000,2025-01-05 08:00:00,2.173,2.187,2.168,2.186,22103.2
1736060400000,2025-01-05 09:00:00,2.186,2.186,2.166,2.18,76110.5
1736064000000,2025-01-05 10:00:00,2.18,2.187,2.146,2.167,147374.1
1736067600000,2025-01-05 11:00:00,2.167,2.179,2.147,2.148,177487.5
1736071200000,2025-01-05 12:00:00,2.148,2.17,2.144,2.165,57561.6
1736074800000,2025-01-05 13:00:00,2.165,2.176,2.156,2.16,33688.3
1736078400000,2025-01-05 14:00:00,2.16,2.176,2.151,2.161,38926.4
1736082000000,2025-01-05 15:00:00,2.161,2.184,2.16,2.163,101081.0
1736085600000,2025-01-05 16:00:00,2.163,2.167,2.134,2.16,110046.6
1736089200000,2025-01-05 17:00:00,2.16,2.176,2.154,2.164,46605.5
1736092800000,2025-01-05 18:00:00,2.164,2.178,2.143,2.147,89862.4
1736096400000,2025-01-05 19:00:00,2.147,2.169,2.142,2.146,31003.9
1736100000000,2025-01-05 20:00:00,2.146,2.158,2.133,2.158,54581.4
1736103600000,2025-01-05 21:00:00,2.158,2.168,2.15,2.168,34294.7
1736107200000,2025-01-05 22:00:00,2.168,2.19,2.159,2.164,63787.7
1736110800000,2025-01-05 23:00:00,2.164,2.193,2.163,2.191,32000.7
1736114400000,2025-01-06 00:00:00,2.191,2.195,2.171,2.194,31497.1
1736118000000,2025-01-06 01:00:00,2.194,2.203,2.182,2.184,34904.6
1736121600000,2025-01-06 02:00:00,2.184,2.187,2.149,2.149,74015.7
1736125200000,2025-01-06 03:00:00,2.149,2.193,2.138,2.179,74093.1
1736128800000,2025-01-06 04:00:00,2.179,2.22,2.178,2.2,157469.4
1736132400000,2025-01-06 05:00:00,2.2,2.21,2.196,2.203,50486.7
1736136000000,2025-01-06 06:00:00,2.203,2.218,2.194,2.202,56145.8
1736139600000,2025-01-06 07:00:00,2.202,2.227,2.193,2.216,230174.9
1736143200000,2025-01-06 08:00:00,2.216,2.218,2.192,2.193,176975.6
1736146800000,2025-01-06 09:00:00,2.193,2.199,2.176,2.19,60565.9
1736150400000,2025-01-06 10:00:00,2.19,2.199,2.176,2.19,107629.5
1736154000000,2025-01-06 11:00:00,2.19,2.198,2.175,2.18,40384.5
1736157600000,2025-01-06 12:00:00,2.18,2.185,2.163,2.177,40334.5
1736161200000,2025-01-06 13:00:00,2.177,2.208,2.173,2.207,66643.7
1736164800000,2025-01-06 14:00:00,2.207,2.213,2.184,2.185,45446.9
1736168400000,2025-01-06 15:00:00,2.185,2.191,2.159,2.191,124533.3
1736172000000,2025-01-06 16:00:00,2.191,2.223,2.154,2.208,203258.2
1736175600000,2025-01-06 17:00:00,2.208,2.251,2.204,2.247,216300.2
1736179200000,2025-01-06 18:00:00,2.247,2.274,2.223,2.231,225309.1
1736182800000,2025-01-06 19:00:00,2.231,2.231,2.182,2.199,154953.4
1736186400000,2025-01-06 20:00:00,2.199,2.218,2.188,2.204,120409.4
1736190000000,2025-01-06 21:00:00,2.204,2.229,2.204,2.219,46992.2
1736193600000,2025-01-06 22:00:00,2.219,2.226,2.207,2.22,141022.7
1736197200000,2025-01-06 23:00:00,2.22,2.225,2.192,2.194,31633.0
1736200800000,2025-01-07 00:00:00,2.194,2.202,2.185,2.191,79259.0
1736204400000,2025-01-07 01:00:00,2.191,2.205,2.177,2.205,58549.2
1736208000000,2025-01-07 02:00:00,2.205,2.207,2.18,2.18,55727.4
1736211600000,2025-01-07 03:00:00,2.18,2.197,2.169,2.194,27277.9
1736215200000,2025-01-07 04:00:00,2.194,2.194,2.155,2.157,36896.1
1736218800000,2025-01-07 05:00:00,2.157,2.168,2.153,2.162,37727.6
1736222400000,2025-01-07 06:00:00,2.162,2.169,2.15,2.151,28464.7
1736226000000,2025-01-07 07:00:00,2.151,2.158,2.145,2.157,12585.0
1736229600000,2025-01-07 08:00:00,2.157,2.17,2.146,2.168,23452.1
1736233200000,2025-01-07 09:00:00,2.168,2.173,2.151,2.155,19974.3
1736236800000,2025-01-07 10:00:00,2.155,2.177,2.15,2.172,39631.7
1736240400000,2025-01-07 11:00:00,2.172,2.178,2.147,2.153,17969.0
1736244000000,2025-01-07 12:00:00,2.153,2.157,2.141,2.149,30392.3
1736247600000,2025-01-07 13:00:00,2.149,2.151,2.104,2.12,183174.4
1736251200000,2025-01-07 14:00:00,2.12,2.137,2.117,2.131,104170.4
1736254800000,2025-01-07 15:00:00,2.131,2.149,2.13,2.137,55672.0
1736258400000,2025-01-07 16:00:00,2.137,2.146,2.086,2.102,315742.7
1736262000000,2025-01-07 17:00:00,2.102,2.109,1.983,2.015,1998791.6
1736265600000,2025-01-07 18:00:00,2.015,2.02,1.998,2.004,197765.9
1736269200000,2025-01-07 19:00:00,2.004,2.014,1.977,1.98,469842.8
1736272800000,2025-01-07 20:00:00,1.98,2.0,1.966,1.973,179108.9
1736276400000,2025-01-07 21:00:00,1.973,1.981,1.948,1.953,216280.8
1736280000000,2025-01-07 22:00:00,1.953,1.961,1.942,1.958,72519.1
1736283600000,2025-01-07 23:00:00,1.958,1.971,1.93,1.931,94131.0
1736287200000,2025-01-08 00:00:00,1.931,1.951,1.927,1.951,84799.1
1736290800000,2025-01-08 01:00:00,1.951,1.951,1.928,1.928,16179.6
1736294400000,2025-01-08 02:00:00,1.928,1.958,1.928,1.957,48523.9
1736298000000,2025-01-08 03:00:00,1.957,1.957,1.919,1.933,71177.0
1736301600000,2025-01-08 04:00:00,1.933,1.944,1.919,1.922,62037.3
1736305200000,2025-01-08 05:00:00,1.922,1.922,1.883,1.896,186392.3
1736308800000,2025-01-08 06:00:00,1.896,1.901,1.87,1.873,93702.7
1736312400000,2025-01-08 07:00:00,1.873,1.891,1.865,1.869,46472.0
1736316000000,2025-01-08 08:00:00,1.869,1.882,1.826,1.828,141843.8
1736319600000,2025-01-08 09:00:00,1.828,1.866,1.826,1.861,95691.4
1736323200000,2025-01-08 10:00:00,1.861,1.889,1.858,1.879,68862.3
1736326800000,2025-01-08 11:00:00,1.879,1.884,1.869,1.872,46332.1
1736330400000,2025-01-08 12:00:00,1.872,1.892,1.871,1.882,100916.4
1736334000000,2025-01-08 13:00:00,1.882,1.883,1.849,1.86,116799.8
1736337600000,2025-01-08 14:00:00,1.86,1.875,1.846,1.848,45963.8
1736341200000,2025-01-08 15:00:00,1.848,1.875,1.846,1.867,54006.6
1736344800000,2025-01-08 16:00:00,1.867,1.89,1.864,1.878,75220.1
1736348400000,2025-01-08 17:00:00,1.878,1.892,1.85,1.87,55495.0
1736352000000,2025-01-08 18:00:00,1.87,1.872,1.824,1.826,138256.2
1736355600000,2025-01-08 19:00:00,1.826,1.834,1.736,1.808,985127.4
1736359200000,2025-01-08 20:00:00,1.808,1.862,1.803,1.824,172651.9
1736362800000,2025-01-08 21:00:00,1.824,1.849,1.81,1.812,114559.0
1736366400000,2025-01-08 22:00:00,1.812,1.82,1.803,1.809,44572.8
1736370000000,2025-01-08 23:00:00,1.809,1.831,1.799,1.823,155248.4
1736373600000,2025-01-09 00:00:00,1.823,1.857,1.822,1.851,79170.9
1736377200000,2025-01-09 01:00:00,1.851,1.86,1.839,1.852,22305.1
1736380800000,2025-01-09 02:00:00,1.852,1.869,1.847,1.869,29237.0
1736384400000,2025-01-09 03:00:00,1.869,1.88,1.864,1.87,29793.5
1736388000000,2025-01-09 04:00:00,1.87,1.879,1.841,1.875,101986.8
1736391600000,2025-01-09 05:00:00,1.875,1.877,1.846,1.849,54287.6
1736395200000,2025-01-09 06:00:00,1.849,1.856,1.835,1.852,51452.6
1736398800000,2025-01-09 07:00:00,1.852,1.853,1.833,1.837,50348.9
1736402400000,2025-01-09 08:00:00,1.837,1.84,1.819,1.82,20910.2
1736406000000,2025-01-09 09:00:00,1.82,1.83,1.784,1.789,91418.8
1736409600000,2025-01-09 10:00:00,1.789,1.821,1.781,1.811,84322.7
1736413200000,2025-01-09 11:00:00,1.811,1.831,1.809,1.82,41187.2
1736416800000,2025-01-09 12:00:00,1.82,1.826,1.791,1.823,83776.5
1736420400000,2025-01-09 13:00:00,1.823,1.841,1.814,1.822,37036.1
1736424000000,2025-01-09 14:00:00,1.822,1.836,1.811,1.826,52496.2
1736427600000,2025-01-09 15:00:00,1.826,1.836,1.758,1.758,201371.3
1736431200000,2025-01-09 16:00:00,1.758,1.789,1.746,1.77,314413.3
1736434800000,2025-01-09 17:00:00,1.77,1.843,1.758,1.828,205514.1
1736438400000,2025-01-09 18:00:00,1.828,1.836,1.809,1.828,76299.5
1736442000000,2025-01-09 19:00:00,1.828,1.834,1.776,1.789,337854.4
1736445600000,2025-01-09 20:00:00,1.789,1.813,1.78,1.798,136355.4
1736449200000,2025-01-09 21:00:00,1.798,1.799,1.755,1.76,164208.0
1736452800000,2025-01-09 22:00:00,1.76,1.77,1.735,1.764,187034.1
1736456400000,2025-01-09 23:00:00,1.764,1.782,1.753,1.757,64475.6
1736460000000,2025-01-10 00:00:00,1.757,1.797,1.751,1.787,65264.8
1736463600000,2025-01-10 01:00:00,1.787,1.79,1.773,1.782,32733.4
1736467200000,2025-01-10 02:00:00,1.782,1.806,1.782,1.791,130598.4
1736470800000,2025-01-10 03:00:00,1.791,1.8,1.779,1.798,161653.5
1736474400000,2025-01-10 04:00:00,1.798,1.818,1.792,1.807,65303.3
1736478000000,2025-01-10 05:00:00,1.807,1.819,1.802,1.817,29741.4
1736481600000,2025-01-10 06:00:00,1.817,1.828,1.805,1.807,39324.6
1736485200000,2025-01-10 07:00:00,1.807,1.844,1.799,1.823,92779.2
1736488800000,2025-01-10 08:00:00,1.823,1.841,1.814,1.839,31912.0
1736492400000,2025-01-10 09:00:00,1.839,1.875,1.832,1.861,98413.3
1736496000000,2025-01-10 10:00:00,1.861,1.869,1.844,1.855,102032.4
1736499600000,2025-01-10 11:00:00,1.855,1.868,1.847,1.859,45036.0
1736503200000,2025-01-10 12:00:00,1.859,1.861,1.83,1.852,43932.4
1736506800000,2025-01-10 13:00:00,1.852,1.853,1.823,1.843,51700.7
1736510400000,2025-01-10 14:00:00,1.843,1.848,1.828,1.844,86908.8
1736514000000,2025-01-10 15:00:00,1.844,1.85,1.762,1.779,598988.4
1736517600000,2025-01-10 16:00:00,1.779,1.816,1.775,1.797,113451.3
1736521200000,2025-01-10 17:00:00,1.797,1.812,1.758,1.789,147751.7
1736524800000,2025-01-10 18:00:00,1.789,1.795,1.766,1.772,52289.3
1736528400000,2025-01-10 19:00:00,1.772,1.847,1.768,1.842,112950.1
1736532000000,2025-01-10 20:00:00,1.842,1.844,1.82,1.831,74363.0
1736535600000,2025-01-10 21:00:00,1.831,1.837,1.811,1.832,148598.2
1736539200000,2025-01-10 22:00:00,1.832,1.834,1.8,1.812,58225.4
1736542800000,2025-01-10 23:00:00,1.812,1.825,1.81,1.814,13783.1
1736546400000,2025-01-11 00:00:00,1.814,1.827,1.808,1.822,34427.5
1736550000000,2025-01-11 01:00:00,1.822,1.835,1.816,1.823,30564.0
1736553600000,2025-01-11 02:00:00,1.823,1.833,1.818,1.832,23209.7
1736557200000,2025-01-11 03:00:00,1.832,1.838,1.805,1.811,23639.2
1736560800000,2025-01-11 04:00:00,1.811,1.819,1.802,1.805,28676.4
1736564400000,2025-01-11 05:00:00,1.805,1.805,1.791,1.798,23186.4
1736568000000,2025-01-11 06:00:00,1.798,1.809,1.794,1.803,16181.7
1736571600000,2025-01-11 07:00:00,1.803,1.814,1.799,1.811,15161.7
1736575200000,2025-01-11 08:00:00,1.811,1.819,1.796,1.796,13778.0
1736578800000,2025-01-11 09:00:00,1.796,1.803,1.789,1.799,21417.0
1736582400000,2025-01-11 10:00:00,1.799,1.806,1.785,1.789,37324.9
1736586000000,2025-01-11 11:00:00,1.789,1.805,1.789,1.8,12595.7
1736589600000,2025-01-11 12:00:00,1.8,1.814,1.8,1.812,16973.4
1736593200000,2025-01-11 13:00:00,1.812,1.821,1.808,1.815,21693.7
1736596800000,2025-01-11 14:00:00,1.815,1.817,1.802,1.803,17096.0
1736600400000,2025-01-11 15:00:00,1.803,1.807,1.793,1.8,30298.2
1736604000000,2025-01-11 16:00:00,1.8,1.809,1.788,1.807,37444.7
1736607600000,2025-01-11 17:00:00,1.807,1.809,1.791,1.794,14829.4
1736611200000,2025-01-11 18:00:00,1.794,1.807,1.788,1.8,48083.5
1736614800000,2025-01-11 19:00:00,1.8,1.8,1.78,1.785,58907.9
1736618400000,2025-01-11 20:00:00,1.785,1.793,1.781,1.789,20021.5
1736622000000,2025-01-11 21:00:00,1.789,1.796,1.782,1.793,55498.7
1736625600000,2025-01-11 22:00:00,1.793,1.836,1.788,1.83,101457.6
1736629200000,2025-01-11 23:00:00,1.83,1.854,1.83,1.845,208782.9
1736632800000,2025-01-12 00:00:00,1.845,1.85,1.82,1.82,48448.8
1736636400000,2025-01-12 01:00:00,1.82,1.832,1.816,1.819,20579.3
1736640000000,2025-01-12 02:00:00,1.819,1.828,1.814,1.821,35788.9
1736643600000,2025-01-12 03:00:00,1.821,1.829,1.812,1.826,24041.7
1736647200000,2025-01-12 04:00:00,1.826,1.829,1.817,1.827,22157.9
1736650800000,2025-01-12 05:00:00,1.827,1.831,1.814,1.826,13230.4
1736654400000,2025-01-12 06:00:00,1.826,1.834,1.822,1.83,24070.9
1736658000000,2025-01-12 07:00:00,1.83,1.836,1.817,1.821,17975.5
1736661600000,2025-01-12 08:00:00,1.821,1.823,1.799,1.799,33711.1
1736665200000,2025-01-12 09:00:00,1.799,1.807,1.789,1.804,25936.1
1736668800000,2025-01-12 10:00:00,1.804,1.811,1.793,1.795,15923.4
1736672400000,2025-01-12 11:00:00,1.795,1.804,1.783,1.788,27321.0
1736676000000,2025-01-12 12:00:00,1.788,1.797,1.779,1.796,38874.2
1736679600000,2025-01-12 13:00:00,1.796,1.807,1.792,1.803,56364.0
1736683200000,2025-01-12 14:00:00,1.803,1.808,1.786,1.786,42887.5
1736686800000,2025-01-12 15:00:00,1.786,1.805,1.784,1.802,41624.7
1736690400000,2025-01-12 16:00:00,1.802,1.811,1.789,1.791,36191.2
1736694000000,2025-01-12 17:00:00,1.791,1.819,1.79,1.812,41157.5
1736697600000,2025-01-12 18:00:00,1.812,1.82,1.794,1.809,54616.3
1736701200000,2025-01-12 19:00:00,1.809,1.815,1.798,1.807,37277.4
1736704800000,2025-01-12 20:00:00,1.807,1.816,1.797,1.798,24643.1
1736708400000,2025-01-12 21:00:00,1.798,1.805,1.791,1.795,22899.1
1736712000000,2025-01-12 22:00:00,1.795,1.802,1.782,1.789,21540.3
1736715600000,2025-01-12 23:00:00,1.789,1.79,1.773,1.775,32184.0
1736719200000,2025-01-13 00:00:00,1.775,1.777,1.75,1.756,61674.4
1736722800000,2025-01-13 01:00:00,1.756,1.787,1.756,1.785,36205.2
1736726400000,2025-01-13 02:00:00,1.785,1.838,1.781,1.82,99335.7
1736730000000,2025-01-13 03:00:00,1.82,1.824,1.784,1.787,41657.9
1736733600000,2025-01-13 04:00:00,1.787,1.793,1.741,1.757,67818.3
1736737200000,2025-01-13 05:00:00,1.757,1.768,1.728,1.733,93877.8
1736740800000,2025-01-13 06:00:00,1.733,1.764,1.73,1.75,32692.2
1736744400000,2025-01-13 07:00:00,1.75,1.752,1.72,1.726,43323.2
1736748000000,2025-01-13 08:00:00,1.726,1.735,1.697,1.707,131933.4
1736751600000,2025-01-13 09:00:00,1.707,1.716,1.697,1.705,31202.5
1736755200000,2025-01-13 10:00:00,1.705,1.712,1.667,1.672,201602.8
1736758800000,2025-01-13 11:00:00,1.672,1.678,1.638,1.645,148776.2
1736762400000,2025-01-13 12:00:00,1.645,1.646,1.602,1.608,293759.6
1736766000000,2025-01-13 13:00:00,1.608,1.611,1.569,1.57,128838.8
1736769600000,2025-01-13 14:00:00,1.57,1.604,1.57,1.596,82347.9
1736773200000,2025-01-13 15:00:00,1.596,1.635,1.589,1.606,77975.0
1736776800000,2025-01-13 16:00:00,1.606,1.654,1.565,1.638,585372.7
1736780400000,2025-01-13 17:00:00,1.638,1.673,1.633,1.645,165958.0
1736784000000,2025-01-13 18:00:00,1.645,1.651,1.615,1.615,70734.2
1736787600000,2025-01-13 19:00:00,1.615,1.635,1.604,1.608,36441.9
1736791200000,2025-01-13 20:00:00,1.608,1.625,1.585,1.607,65630.7
1736794800000,2025-01-13 21:00:00,1.607,1.625,1.593,1.616,38023.3
1736798400000,2025-01-13 22:00:00,1.616,1.676,1.602,1.665,139499.7
1736802000000,2025-01-13 23:00:00,1.665,1.68,1.652,1.671,76467.2
1736805600000,2025-01-14 00:00:00,1.671,1.696,1.67,1.682,78362.3
1736809200000,2025-01-14 01:00:00,1.682,1.686,1.676,1.684,66032.2
1736812800000,2025-01-14 02:00:00,1.684,1.694,1.675,1.677,50412.6
1736816400000,2025-01-14 03:00:00,1.677,1.705,1.677,1.687,105138.9
1736820000000,2025-01-14 04:00:00,1.687,1.719,1.687,1.702,50352.2
1736823600000,2025-01-14 05:00:00,1.702,1.717,1.699,1.703,25059.8
1736827200000,2025-01-14 06:00:00,1.703,1.724,1.703,1.721,32085.8
1736830800000,2025-01-14 07:00:00,1.721,1.732,1.704,1.706,41408.4
1736834400000,2025-01-14 08:00:00,1.706,1.721,1.701,1.715,26094.3
1736838000000,2025-01-14 09:00:00,1.715,1.721,1.702,1.702,17246.3
1736841600000,2025-01-14 10:00:00,1.702,1.709,1.696,1.701,61378.6
1736845200000,2025-01-14 11:00:00,1.701,1.762,1.701,1.75,110821.8
1736848800000,2025-01-14 12:00:00,1.75,1.751,1.725,1.729,35238.2
1736852400000,2025-01-14 13:00:00,1.729,1.73,1.709,1.72,29470.0
1736856000000,2025-01-14 14:00:00,1.72,1.724,1.698,1.703,20294.2
1736859600000,2025-01-14 15:00:00,1.703,1.741,1.698,1.719,126815.7
1736863200000,2025-01-14 16:00:00,1.719,1.752,1.711,1.731,88559.4
1736866800000,2025-01-14 17:00:00,1.731,1.748,1.729,1.732,47372.7
1736870400000,2025-01-14 18:00:00,1.732,1.734,1.714,1.73,33681.8
1736874000000,2025-01-14 19:00:00,1.73,1.747,1.723,1.741,67928.2
1736877600000,2025-01-14 20:00:00,1.741,1.759,1.741,1.757,74191.6
1736881200000,2025-01-14 21:00:00,1.757,1.762,1.747,1.751,45808.8
1736884800000,2025-01-14 22:00:00,1.751,1.755,1.735,1.753,31272.6
1736888400000,2025-01-14 23:00:00,1.753,1.77,1.751,1.77,53124.1
1736892000000,2025-01-15 00:00:00,1.77,1.795,1.77,1.789,41216.8
1736895600000,2025-01-15 01:00:00,1.789,1.79,1.778,1.78,37073.1
1736899200000,2025-01-15 02:00:00,1.78,1.797,1.774,1.784,68945.4
1736902800000,2025-01-15 03:00:00,1.784,1.801,1.774,1.786,50404.1
1736906400000,2025-01-15 04:00:00,1.786,1.798,1.77,1.77,26134.8
1736910000000,2025-01-15 05:00:00,1.77,1.783,1.762,1.783,21724.3
1736913600000,2025-01-15 06:00:00,1.783,1.794,1.768,1.776,28328.0
1736917200000,2025-01-15 07:00:00,1.776,1.787,1.764,1.785,19296.3
1736920800000,2025-01-15 08:00:00,1.785,1.789,1.771,1.787,32747.2
1736924400000,2025-01-15 09:00:00,1.787,1.809,1.787,1.797,40034.8
1736928000000,2025-01-15 10:00:00,1.797,1.811,1.782,1.782,91234.9
1736931600000,2025-01-15 11:00:00,1.782,1.788,1.743,1.747,180940.1
1736935200000,2025-01-15 12:00:00,1.747,1.757,1.743,1.744,26414.6
1736938800000,2025-01-15 13:00:00,1.744,1.745,1.723,1.736,38777.8
1736942400000,2025-01-15 14:00:00,1.736,1.75,1.726,1.735,124160.9
1736946000000,2025-01-15 15:00:00,1.735,1.844,1.735,1.843,740629.9
1736949600000,2025-01-15 16:00:00,1.843,1.87,1.827,1.868,362904.8
1736953200000,2025-01-15 17:00:00,1.868,1.877,1.847,1.858,388022.7
1736956800000,2025-01-15 18:00:00,1.858,1.875,1.844,1.846,68117.2
1736960400000,2025-01-15 19:00:00,1.846,1.855,1.83,1.833,128122.1
1736964000000,2025-01-15 20:00:00,1.833,1.878,1.833,1.878,379839.2
1736967600000,2025-01-15 21:00:00,1.878,1.891,1.862,1.884,250304.2
1736971200000,2025-01-15 22:00:00,1.884,1.902,1.871,1.875,393028.8
1736974800000,2025-01-15 23:00:00,1.875,1.889,1.875,1.885,30309.3
1736978400000,2025-01-16 00:00:00,1.885,1.902,1.878,1.9,67503.0
1736982000000,2025-01-16 01:00:00,1.9,1.914,1.895,1.913,37680.8
1736985600000,2025-01-16 02:00:00,1.913,1.916,1.866,1.876,160223.1
1736989200000,2025-01-16 03:00:00,1.876,1.896,1.872,1.893,70015.3
1736992800000,2025-01-16 04:00:00,1.893,1.894,1.882,1.888,41675.0
1736996400000,2025-01-16 05:00:00,1.888,1.901,1.868,1.887,135625.0
1737000000000,2025-01-16 06:00:00,1.887,1.893,1.875,1.883,25081.8
1737003600000,2025-01-16 07:00:00,1.883,1.892,1.875,1.887,18130.2
1737007200000,2025-01-16 08:00:00,1.887,1.906,1.881,1.901,55130.5
1737010800000,2025-01-16 09:00:00,1.901,1.906,1.89,1.893,46319.8
1737014400000,2025-01-16 10:00:00,1.893,1.896,1.846,1.855,67411.2
1737018000000,2025-01-16 11:00:00,1.855,1.867,1.844,1.867,46798.7
1737021600000,2025-01-16 12:00:00,1.867,1.868,1.855,1.864,17582.9
1737025200000,2025-01-16 13:00:00,1.864,1.895,1.853,1.892,105698.2
1737028800000,2025-01-16 14:00:00,1.892,1.909,1.875,1.905,115359.5
1737032400000,2025-01-16 15:00:00,1.905,1.909,1.862,1.881,189484.3
1737036000000,2025-01-16 16:00:00,1.881,1.892,1.814,1.829,380226.9
1737039600000,2025-01-16 17:00:00,1.829,1.87,1.822,1.869,154204.2
1737043200000,2025-01-16 18:00:00,1.869,1.892,1.868,1.878,85172.3
1737046800000,2025-01-16 19:00:00,1.878,1.893,1.868,1.888,47723.9
1737050400000,2025-01-16 20:00:00,1.888,1.896,1.87,1.875,43964.4
1737054000000,2025-01-16 21:00:00,1.875,1.898,1.87,1.898,67695.2
1737057600000,2025-01-16 22:00:00,1.898,1.902,1.878,1.883,45256.3
1737061200000,2025-01-16 23:00:00,1.883,1.883,1.857,1.867,68753.0
1737064800000,2025-01-17 00:00:00,1.867,1.869,1.834,1.842,69485.8
1737068400000,2025-01-17 01:00:00,1.842,1.852,1.832,1.849,28221.9
1737072000000,2025-01-17 02:00:00,1.849,1.866,1.849,1.865,41808.1
1737075600000,2025-01-17 03:00:00,1.865,1.902,1.863,1.899,94890.7
1737079200000,2025-01-17 04:00:00,1.899,1.907,1.871,1.877,117633.8
1737082800000,2025-01-17 05:00:00,1.877,1.882,1.867,1.871,46301.9
1737086400000,2025-01-17 06:00:00,1.871,1.887,1.862,1.884,25993.2
1737090000000,2025-01-17 07:00:00,1.884,1.889,1.876,1.887,38251.8
1737093600000,2025-01-17 08:00:00,1.887,1.905,1.883,1.902,52559.4
1737097200000,2025-01-17 09:00:00,1.902,1.924,1.895,1.911,124890.1
1737100800000,2025-01-17 10:00:00,1.911,1.934,1.9,1.928,167529.2
1737104400000,2025-01-17 11:00:00,1.928,1.932,1.916,1.918,89059.9
1737108000000,2025-01-17 12:00:00,1.918,1.95,1.916,1.937,140949.2
1737111600000,2025-01-17 13:00:00,1.937,1.939,1.918,1.931,83755.8
1737115200000,2025-01-17 14:00:00,1.931,1.932,1.909,1.914,70686.4
1737118800000,2025-01-17 15:00:00,1.914,1.939,1.914,1.918,67544.7
1737122400000,2025-01-17 16:00:00,1.918,1.984,1.918,1.974,244532.3
1737126000000,2025-01-17 17:00:00,1.974,1.981,1.938,1.949,116340.6
1737129600000,2025-01-17 18:00:00,1.949,1.969,1.94,1.956,53637.2
1737133200000,2025-01-17 19:00:00,1.956,1.965,1.93,1.933,66796.8
1737136800000,2025-01-17 20:00:00,1.933,1.945,1.929,1.929,20030.8
1737140400000,2025-01-17 21:00:00,1.929,1.953,1.929,1.948,30155.6
1737144000000,2025-01-17 22:00:00,1.948,1.986,1.945,1.98,104199.7
1737147600000,2025-01-17 23:00:00,1.98,1.986,1.958,1.969,34281.7
1737151200000,2025-01-18 00:00:00,1.969,1.99,1.968,1.987,62823.0
1737154800000,2025-01-18 01:00:00,1.987,1.995,1.977,1.979,24323.2
1737158400000,2025-01-18 02:00:00,1.979,2.006,1.979,2.002,111796.7
1737162000000,2025-01-18 03:00:00,2.002,2.002,1.973,1.974,22484.9
1737165600000,2025-01-18 04:00:00,1.974,1.98,1.952,1.955,49141.0
1737169200000,2025-01-18 05:00:00,1.955,1.959,1.897,1.904,197492.5
1737172800000,2025-01-18 06:00:00,1.904,1.912,1.878,1.889,78971.9
1737176400000,2025-01-18 07:00:00,1.889,1.895,1.826,1.826,180902.6
1737180000000,2025-01-18 08:00:00,1.826,1.861,1.825,1.851,88831.5
1737183600000,2025-01-18 09:00:00,1.851,1.853,1.814,1.817,31528.2
1737187200000,2025-01-18 10:00:00,1.817,1.824,1.788,1.82,104881.2
1737190800000,2025-01-18 11:00:00,1.82,1.826,1.802,1.816,29846.6
1737194400000,2025-01-18 12:00:00,1.816,1.819,1.79,1.808,64604.3
1737198000000,2025-01-18 13:00:00,1.808,1.84,1.792,1.835,81480.6
1737201600000,2025-01-18 14:00:00,1.835,1.839,1.812,1.822,29554.9
1737205200000,2025-01-18 15:00:00,1.822,1.85,1.813,1.849,51120.5
1737208800000,2025-01-18 16:00:00,1.849,1.849,1.81,1.812,50571.3
1737212400000,2025-01-18 17:00:00,1.812,1.836,1.801,1.808,64500.8
1737216000000,2025-01-18 18:00:00,1.808,1.817,1.768,1.769,216558.3
1737219600000,2025-01-18 19:00:00,1.769,1.789,1.766,1.77,49230.8
1737223200000,2025-01-18 20:00:00,1.77,1.777,1.752,1.755,111945.6
1737226800000,2025-01-18 21:00:00,1.755,1.783,1.755,1.779,41142.9
1737230400000,2025-01-18 22:00:00,1.779,1.784,1.76,1.767,38252.0
1737234000000,2025-01-18 23:00:00,1.767,1.786,1.767,1.771,43075.3
1737237600000,2025-01-19 00:00:00,1.771,1.79,1.767,1.783,48864.2
1737241200000,2025-01-19 01:00:00,1.783,1.819,1.78,1.811,37395.2
1737244800000,2025-01-19 02:00:00,1.811,1.837,1.804,1.823,99397.9
1737248400000,2025-01-19 03:00:00,1.823,1.856,1.821,1.853,43295.4
1737252000000,2025-01-19 04:00:00,1.853,1.871,1.847,1.857,76887.1
1737255600000,2025-01-19 05:00:00,1.857,1.862,1.837,1.837,40826.7
1737259200000,2025-01-19 06:00:00,1.837,1.837,1.808,1.814,64744.7
1737262800000,2025-01-19 07:00:00,1.814,1.821,1.798,1.819,42364.8
1737266400000,2025-01-19 08:00:00,1.819,1.819,1.79,1.791,22265.8
1737270000000,2025-01-19 09:00:00,1.791,1.801,1.766,1.775,66006.5
1737273600000,2025-01-19 10:00:00,1.775,1.775,1.711,1.713,167471.6
1737277200000,2025-01-19 11:00:00,1.713,1.72,1.662,1.712,552583.0
1737280800000,2025-01-19 12:00:00,1.712,1.713,1.679,1.686,45727.1
1737284400000,2025-01-19 13:00:00,1.686,1.69,1.642,1.653,223651.5
1737288000000,2025-01-19 14:00:00,1.653,1.701,1.651,1.699,177498.8
1737291600000,2025-01-19 15:00:00,1.699,1.728,1.686,1.727,75789.1
1737295200000,2025-01-19 16:00:00,1.727,1.788,1.719,1.778,284820.6
1737298800000,2025-01-19 17:00:00,1.778,1.802,1.762,1.774,216976.1
1737302400000,2025-01-19 18:00:00,1.774,1.785,1.762,1.765,117370.9
1737306000000,2025-01-19 19:00:00,1.765,1.782,1.751,1.781,65515.9
1737309600000,2025-01-19 20:00:00,1.781,1.787,1.765,1.78,32560.0
1737313200000,2025-01-19 21:00:00,1.78,1.813,1.765,1.811,1098466.8
1737316800000,2025-01-19 22:00:00,1.811,1.824,1.786,1.793,524004.7
1737320400000,2025-01-19 23:00:00,1.793,1.808,1.689,1.694,1848907.7
1737324000000,2025-01-20 00:00:00,1.694,1.714,1.592,1.648,1220342.6
1737327600000,2025-01-20 01:00:00,1.648,1.648,1.585,1.618,638411.4
1737331200000,2025-01-20 02:00:00,1.618,1.618,1.538,1.54,987502.8
1737334800000,2025-01-20 03:00:00,1.54,1.571,1.533,1.552,437741.4
1737338400000,2025-01-20 04:00:00,1.552,1.609,1.548,1.573,200517.3
1737342000000,2025-01-20 05:00:00,1.573,1.584,1.555,1.581,112252.2
1737345600000,2025-01-20 06:00:00,1.581,1.603,1.559,1.586,102938.9
1737349200000,2025-01-20 07:00:00,1.586,1.616,1.574,1.594,133256.7
1737352800000,2025-01-20 08:00:00,1.594,1.704,1.594,1.701,302790.7
1737356400000,2025-01-20 09:00:00,1.701,1.749,1.685,1.709,682837.8
1737360000000,2025-01-20 10:00:00,1.709,1.734,1.703,1.723,135127.5
1737363600000,2025-01-20 11:00:00,1.723,1.73,1.692,1.701,89122.1
1737367200000,2025-01-20 12:00:00,1.701,1.708,1.667,1.673,51082.7
1737370800000,2025-01-20 13:00:00,1.673,1.695,1.666,1.692,133058.3
1737374400000,2025-01-20 14:00:00,1.692,1.693,1.622,1.644,282402.9
1737378000000,2025-01-20 15:00:00,1.644,1.671,1.636,1.667,133210.1
1737381600000,2025-01-20 16:00:00,1.667,1.689,1.66,1.689,52929.8
1737385200000,2025-01-20 17:00:00,1.689,1.693,1.656,1.664,82114.4
1737388800000,2025-01-20 18:00:00,1.664,1.707,1.636,1.706,191037.7
1737392400000,2025-01-20 19:00:00,1.706,1.707,1.598,1.636,1388086.2
1737396000000,2025-01-20 20:00:00,1.636,1.666,1.63,1.66,108277.0
1737399600000,2025-01-20 21:00:00,1.66,1.673,1.639,1.66,79257.8
1737403200000,2025-01-20 22:00:00,1.66,1.667,1.642,1.649,58305.9
1737406800000,2025-01-20 23:00:00,1.649,1.657,1.616,1.617,34438.1
1737410400000,2025-01-21 00:00:00,1.617,1.642,1.601,1.639,113355.7
1737414000000,2025-01-21 01:00:00,1.639,1.64,1.614,1.62,38386.0
1737417600000,2025-01-21 02:00:00,1.62,1.624,1.583,1.583,86235.7
1737421200000,2025-01-21 03:00:00,1.583,1.602,1.566,1.586,107630.4
1737424800000,2025-01-21 04:00:00,1.586,1.591,1.563,1.582,96664.6
1737428400000,2025-01-21 05:00:00,1.582,1.592,1.567,1.579,54548.0
1737432000000,2025-01-21 06:00:00,1.579,1.579,1.545,1.576,64187.3
1737435600000,2025-01-21 07:00:00,1.576,1.587,1.56,1.562,53015.1
1737439200000,2025-01-21 08:00:00,1.562,1.589,1.555,1.577,46903.0
1737442800000,2025-01-21 09:00:00,1.577,1.601,1.571,1.591,54502.6
1737446400000,2025-01-21 10:00:00,1.591,1.601,1.573,1.586,38352.6
1737450000000,2025-01-21 11:00:00,1.586,1.617,1.585,1.617,73293.7
1737453600000,2025-01-21 12:00:00,1.617,1.665,1.613,1.66,176648.8
1737457200000,2025-01-21 13:00:00,1.66,1.676,1.648,1.675,58746.6
1737460800000,2025-01-21 14:00:00,1.675,1.688,1.656,1.67,53171.6
1737464400000,2025-01-21 15:00:00,1.67,1.68,1.652,1.68,40538.2
1737468000000,2025-01-21 16:00:00,1.68,1.722,1.673,1.693,174491.3
1737471600000,2025-01-21 17:00:00,1.693,1.701,1.667,1.681,88678.3
1737475200000,2025-01-21 18:00:00,1.681,1.728,1.676,1.695,114488.9
1737478800000,2025-01-21 19:00:00,1.695,1.771,1.695,1.768,212677.4
1737482400000,2025-01-21 20:00:00,1.768,1.772,1.749,1.765,70688.9
1737486000000,2025-01-21 21:00:00,1.765,1.766,1.721,1.736,97012.2
1737489600000,2025-01-21 22:00:00,1.736,1.76,1.731,1.749,225089.3
1737493200000,2025-01-21 23:00:00,1.749,1.751,1.731,1.747,29420.2
1737496800000,2025-01-22 00:00:00,1.747,1.747,1.721,1.725,45867.5
1737500400000,2025-01-22 01:00:00,1.725,1.732,1.711,1.727,43216.2
1737504000000,2025-01-22 02:00:00,1.727,1.745,1.716,1.743,26153.1
1737507600000,2025-01-22 03:00:00,1.743,1.744,1.703,1.71,34814.2
1737511200000,2025-01-22 04:00:00,1.71,1.73,1.705,1.725,23156.8
1737514800000,2025-01-22 05:00:00,1.725,1.73,1.71,1.716,52780.4
1737518400000,2025-01-22 06:00:00,1.716,1.722,1.696,1.701,38587.3
1737522000000,2025-01-22 07:00:00,1.701,1.722,1.701,1.707,19453.2
1737525600000,2025-01-22 08:00:00,1.707,1.719,1.701,1.711,43600.5
1737529200000,2025-01-22 09:00:00,1.711,1.712,1.697,1.701,33747.8
1737532800000,2025-01-22 10:00:00,1.701,1.708,1.675,1.706,162677.3
1737536400000,2025-01-22 11:00:00,1.706,1.718,1.693,1.705,30300.8
1737540000000,2025-01-22 12:00:00,1.705,1.714,1.689,1.71,41801.3
1737543600000,2025-01-22 13:00:00,1.71,1.72,1.697,1.714,63097.4
1737547200000,2025-01-22 14:00:00,1.714,1.722,1.702,1.711,45111.2
1737550800000,2025-01-22 15:00:00,1.711,1.711,1.676,1.68,88934.5
1737554400000,2025-01-22 16:00:00,1.68,1.698,1.67,1.69,64558.7
1737558000000,2025-01-22 17:00:00,1.69,1.698,1.676,1.685,41354.7
1737561600000,2025-01-22 18:00:00,1.685,1.696,1.673,1.693,22812.4
1737565200000,2025-01-22 19:00:00,1.693,1.701,1.684,1.701,88168.1
1737568800000,2025-01-22 20:00:00,1.701,1.704,1.65,1.657,86834.7
1737572400000,2025-01-22 21:00:00,1.657,1.672,1.657,1.66,50313.7
1737576000000,2025-01-22 22:00:00,1.66,1.679,1.66,1.662,26404.1
1737579600000,2025-01-22 23:00:00,1.662,1.665,1.647,1.654,29261.3
1737583200000,2025-01-23 00:00:00,1.654,1.661,1.638,1.638,36325.4
1737586800000,2025-01-23 01:00:00,1.638,1.652,1.631,1.645,30053.3
1737590400000,2025-01-23 02:00:00,1.645,1.65,1.635,1.642,19918.8
1737594000000,2025-01-23 03:00:00,1.642,1.646,1.621,1.625,33503.0
1737597600000,2025-01-23 04:00:00,1.625,1.63,1.611,1.619,37521.9
1737601200000,2025-01-23 05:00:00,1.619,1.645,1.618,1.634,39531.4
1737604800000,2025-01-23 06:00:00,1.634,1.639,1.611,1.615,27535.0
1737608400000,2025-01-23 07:00:00,1.615,1.628,1.615,1.618,19929.7
1737612000000,2025-01-23 08:00:00,1.618,1.62,1.603,1.605,36526.2
1737615600000,2025-01-23 09:00:00,1.605,1.624,1.602,1.623,18819.7
1737619200000,2025-01-23 10:00:00,1.623,1.626,1.608,1.609,12334.3
1737622800000,2025-01-23 11:00:00,1.609,1.619,1.599,1.603,11864.1
1737626400000,2025-01-23 12:00:00,1.603,1.609,1.587,1.595,22177.3
1737630000000,2025-01-23 13:00:00,1.595,1.607,1.587,1.602,16546.0
1737633600000,2025-01-23 14:00:00,1.602,1.602,1.582,1.586,33567.6
1737637200000,2025-01-23 15:00:00,1.586,1.619,1.581,1.615,68347.4
1737640800000,2025-01-23 16:00:00,1.615,1.661,1.603,1.632,74481.9
1737644400000,2025-01-23 17:00:00,1.632,1.64,1.598,1.623,87723.3
1737648000000,2025-01-23 18:00:00,1.623,1.666,1.623,1.631,60555.9
1737651600000,2025-01-23 19:00:00,1.631,1.641,1.611,1.636,26934.5
1737655200000,2025-01-23 20:00:00,1.636,1.639,1.6,1.6,38532.0
1737658800000,2025-01-23 21:00:00,1.6,1.603,1.573,1.579,43650.0
1737662400000,2025-01-23 22:00:00,1.579,1.629,1.569,1.593,249095.8
1737666000000,2025-01-23 23:00:00,1.593,1.599,1.557,1.565,132166.2
1737669600000,2025-01-24 00:00:00,1.565,1.615,1.56,1.614,138911.5
1737673200000,2025-01-24 01:00:00,1.614,1.627,1.605,1.615,54256.6
1737676800000,2025-01-24 02:00:00,1.615,1.621,1.575,1.577,55260.6
1737680400000,2025-01-24 03:00:00,1.577,1.587,1.554,1.563,87392.9
1737684000000,2025-01-24 04:00:00,1.563,1.572,1.547,1.55,53429.1
1737687600000,2025-01-24 05:00:00,1.55,1.585,1.549,1.574,51278.7
1737691200000,2025-01-24 06:00:00,1.574,1.6,1.565,1.597,45119.5
1737694800000,2025-01-24 07:00:00,1.597,1.647,1.594,1.647,78199.3
1737698400000,2025-01-24 08:00:00,1.647,1.648,1.628,1.634,53426.9
1737702000000,2025-01-24 09:00:00,1.634,1.647,1.615,1.622,45033.7
1737705600000,2025-01-24 10:00:00,1.622,1.638,1.614,1.629,74971.8
1737709200000,2025-01-24 11:00:00,1.629,1.635,1.618,1.627,47369.1
1737712800000,2025-01-24 12:00:00,1.627,1.644,1.619,1.643,32839.5
1737716400000,2025-01-24 13:00:00,1.643,1.648,1.634,1.645,89326.6
1737720000000,2025-01-24 14:00:00,1.645,1.659,1.639,1.658,72231.0
1737723600000,2025-01-24 15:00:00,1.658,1.674,1.644,1.647,130117.8
1737727200000,2025-01-24 16:00:00,1.647,1.654,1.634,1.642,167526.6
1737730800000,2025-01-24 17:00:00,1.642,1.651,1.611,1.627,56410.0
1737734400000,2025-01-24 18:00:00,1.627,1.628,1.613,1.613,34863.5
1737738000000,2025-01-24 19:00:00,1.613,1.629,1.603,1.622,60921.0
1737741600000,2025-01-24 20:00:00,1.622,1.633,1.611,1.613,59473.4
1737745200000,2025-01-24 21:00:00,1.613,1.615,1.591,1.594,81434.0
1737748800000,2025-01-24 22:00:00,1.594,1.6,1.57,1.57,120948.7
1737752400000,2025-01-24 23:00:00,1.57,1.585,1.566,1.576,106416.1
1737756000000,2025-01-25 00:00:00,1.576,1.579,1.566,1.569,33548.2
1737759600000,2025-01-25 01:00:00,1.569,1.57,1.56,1.57,40939.9
1737763200000,2025-01-25 02:00:00,1.57,1.57,1.541,1.542,84348.8
1737766800000,2025-01-25 03:00:00,1.542,1.568,1.54,1.562,26467.1
1737770400000,2025-01-25 04:00:00,1.562,1.574,1.558,1.57,24986.6
1737774000000,2025-01-25 05:00:00,1.57,1.596,1.565,1.59,42040.3
1737777600000,2025-01-25 06:00:00,1.59,1.59,1.571,1.573,39317.4
1737781200000,2025-01-25 07:00:00,1.573,1.588,1.569,1.579,44928.0
1737784800000,2025-01-25 08:00:00,1.579,1.583,1.564,1.568,24674.2
1737788400000,2025-01-25 09:00:00,1.568,1.571,1.562,1.566,14051.7
1737792000000,2025-01-25 10:00:00,1.566,1.576,1.558,1.563,31807.7
1737795600000,2025-01-25 11:00:00,1.563,1.565,1.555,1.558,14497.4
1737799200000,2025-01-25 12:00:00,1.558,1.576,1.551,1.575,27309.7
1737802800000,2025-01-25 13:00:00,1.575,1.589,1.573,1.585,39098.7
1737806400000,2025-01-25 14:00:00,1.585,1.585,1.572,1.583,17489.0
1737810000000,2025-01-25 15:00:00,1.583,1.588,1.58,1.584,13175.1
1737813600000,2025-01-25 16:00:00,1.584,1.6,1.58,1.598,44559.0
1737817200000,2025-01-25 17:00:00,1.598,1.62,1.596,1.616,50407.5
1737820800000,2025-01-25 18:00:00,1.616,1.622,1.58,1.588,243102.1
1737824400000,2025-01-25 19:00:00,1.588,1.594,1.578,1.593,30059.0
1737828000000,2025-01-25 20:00:00,1.593,1.596,1.583,1.59,39959.8
1737831600000,2025-01-25 21:00:00,1.59,1.593,1.583,1.587,10748.7
1737835200000,2025-01-25 22:00:00,1.587,1.599,1.587,1.591,22365.6
1737838800000,2025-01-25 23:00:00,1.591,1.598,1.587,1.596,14227.7
1737842400000,2025-01-26 00:00:00,1.596,1.603,1.591,1.592,30419.7
1737846000000,2025-01-26 01:00:00,1.592,1.596,1.582,1.583,20740.3
1737849600000,2025-01-26 02:00:00,1.583,1.597,1.574,1.592,18495.6
1737853200000,2025-01-26 03:00:00,1.592,1.604,1.591,1.592,14201.4
1737856800000,2025-01-26 04:00:00,1.592,1.593,1.584,1.59,13431.3
1737860400000,2025-01-26 05:00:00,1.59,1.608,1.589,1.6,15102.3
1737864000000,2025-01-26 06:00:00,1.6,1.614,1.593,1.61,48928.3
1737867600000,2025-01-26 07:00:00,1.61,1.612,1.601,1.609,25733.0
1737871200000,2025-01-26 08:00:00,1.609,1.609,1.6,1.608,13292.3
1737874800000,2025-01-26 09:00:00,1.608,1.615,1.606,1.612,27953.3
1737878400000,2025-01-26 10:00:00,1.612,1.622,1.601,1.608,28852.7
1737882000000,2025-01-26 11:00:00,1.608,1.609,1.585,1.59,32285.2
1737885600000,2025-01-26 12:00:00,1.59,1.603,1.588,1.603,24812.9
1737889200000,2025-01-26 13:00:00,1.603,1.612,1.603,1.611,19776.7
1737892800000,2025-01-26 14:00:00,1.611,1.611,1.599,1.606,24477.7
1737896400000,2025-01-26 15:00:00,1.606,1.612,1.602,1.611,50690.5
1737900000000,2025-01-26 16:00:00,1.611,1.611,1.604,1.609,19515.6
1737903600000,2025-01-26 17:00:00,1.609,1.617,1.606,1.612,15744.4
1737907200000,2025-01-26 18:00:00,1.612,1.613,1.598,1.61,74548.3
1737910800000,2025-01-26 19:00:00,1.61,1.63,1.61,1.626,37646.9
1737914400000,2025-01-26 20:00:00,1.626,1.646,1.624,1.631,105765.2
1737918000000,2025-01-26 21:00:00,1.631,1.635,1.621,1.624,34834.8
1737921600000,2025-01-26 22:00:00,1.624,1.632,1.615,1.617,27847.3
1737925200000,2025-01-26 23:00:00,1.617,1.618,1.595,1.595,61879.5
1737928800000,2025-01-27 00:00:00,1.595,1.606,1.58,1.59,64455.2
1737932400000,2025-01-27 01:00:00,1.59,1.59,1.547,1.55,118311.4
1737936000000,2025-01-27 02:00:00,1.55,1.553,1.517,1.523,156959.3
1737939600000,2025-01-27 03:00:00,1.523,1.528,1.502,1.506,180218.5
1737943200000,2025-01-27 04:00:00,1.506,1.507,1.486,1.489,209609.6
1737946800000,2025-01-27 05:00:00,1.489,1.511,1.479,1.49,162556.7
1737950400000,2025-01-27 06:00:00,1.49,1.49,1.463,1.464,73455.2
1737954000000,2025-01-27 07:00:00,1.464,1.472,1.445,1.458,106779.0
1737957600000,2025-01-27 08:00:00,1.458,1.462,1.429,1.434,137710.7
1737961200000,2025-01-27 09:00:00,1.434,1.438,1.373,1.405,383711.9
1737964800000,2025-01-27 10:00:00,1.405,1.406,1.382,1.405,152218.0
1737968400000,2025-01-27 11:00:00,1.405,1.422,1.402,1.419,100591.7
1737972000000,2025-01-27 12:00:00,1.419,1.419,1.382,1.382,78254.4
1737975600000,2025-01-27 13:00:00,1.382,1.41,1.382,1.397,48325.1
1737979200000,2025-01-27 14:00:00,1.397,1.446,1.396,1.439,97305.8
1737982800000,2025-01-27 15:00:00,1.439,1.459,1.429,1.43,106073.4
1737986400000,2025-01-27 16:00:00,1.43,1.474,1.42,1.464,106230.6
1737990000000,2025-01-27 17:00:00,1.464,1.475,1.446,1.461,59591.3
1737993600000,2025-01-27 18:00:00,1.461,1.468,1.438,1.442,59387.1
1737997200000,2025-01-27 19:00:00,1.442,1.448,1.427,1.432,98492.8
1738000800000,2025-01-27 20:00:00,1.432,1.443,1.416,1.418,36172.4
1738004400000,2025-01-27 21:00:00,1.418,1.438,1.418,1.43,30926.3
1738008000000,2025-01-27 22:00:00,1.43,1.491,1.43,1.486,110154.5
1738011600000,2025-01-27 23:00:00,1.486,1.511,1.479,1.481,103010.8
1738015200000,2025-01-28 00:00:00,1.481,1.49,1.476,1.483,27874.0
1738018800000,2025-01-28 01:00:00,1.483,1.487,1.476,1.487,22232.1
1738022400000,2025-01-28 02:00:00,1.487,1.504,1.485,1.487,27615.6
1738026000000,2025-01-28 03:00:00,1.487,1.488,1.467,1.477,28429.6
1738029600000,2025-01-28 04:00:00,1.477,1.503,1.476,1.499,19983.1
1738033200000,2025-01-28 05:00:00,1.499,1.514,1.49,1.507,19302.6
1738036800000,2025-01-28 06:00:00,1.507,1.516,1.501,1.506,24397.2
1738040400000,2025-01-28 07:00:00,1.506,1.519,1.506,1.511,11209.7
1738044000000,2025-01-28 08:00:00,1.511,1.511,1.496,1.503,21844.6
1738047600000,2025-01-28 09:00:00,1.503,1.515,1.496,1.499,32480.1
1738051200000,2025-01-28 10:00:00,1.499,1.501,1.486,1.496,27604.5
1738054800000,2025-01-28 11:00:00,1.496,1.498,1.481,1.49,18108.9
1738058400000,2025-01-28 12:00:00,1.49,1.501,1.486,1.496,42628.6
1738062000000,2025-01-28 13:00:00,1.496,1.506,1.492,1.504,27549.1
1738065600000,2025-01-28 14:00:00,1.504,1.504,1.49,1.5,74643.1
1738069200000,2025-01-28 15:00:00,1.5,1.517,1.5,1.516,64129.3
1738072800000,2025-01-28 16:00:00,1.516,1.525,1.492,1.517,138072.9
1738076400000,2025-01-28 17:00:00,1.517,1.551,1.516,1.533,92776.8
1738080000000,2025-01-28 18:00:00,1.533,1.535,1.491,1.495,88060.5
1738083600000,2025-01-28 19:00:00,1.495,1.522,1.495,1.51,63001.0
1738087200000,2025-01-28 20:00:00,1.51,1.51,1.473,1.476,66974.9
1738090800000,2025-01-28 21:00:00,1.476,1.48,1.462,1.472,61464.2
1738094400000,2025-01-28 22:00:00,1.472,1.479,1.436,1.438,84127.5
1738098000000,2025-01-28 23:00:00,1.438,1.449,1.412,1.412,66109.4
1738101600000,2025-01-29 00:00:00,1.412,1.426,1.396,1.421,111901.9
1738105200000,2025-01-29 01:00:00,1.421,1.429,1.405,1.418,32962.6
1738108800000,2025-01-29 02:00:00,1.418,1.438,1.412,1.43,52190.9
1738112400000,2025-01-29 03:00:00,1.43,1.447,1.429,1.442,35609.3
1738116000000,2025-01-29 04:00:00,1.442,1.462,1.439,1.44,27244.3
1738119600000,2025-01-29 05:00:00,1.44,1.456,1.436,1.451,26813.3
1738123200000,2025-01-29 06:00:00,1.451,1.461,1.448,1.453,16435.7
1738126800000,2025-01-29 07:00:00,1.453,1.459,1.447,1.455,19076.6
1738130400000,2025-01-29 08:00:00,1.455,1.479,1.455,1.479,69756.6
1738134000000,2025-01-29 09:00:00,1.479,1.5,1.474,1.497,59525.7
1738137600000,2025-01-29 10:00:00,1.497,1.501,1.482,1.483,34982.9
1738141200000,2025-01-29 11:00:00,1.483,1.483,1.459,1.463,32520.8
1738144800000,2025-01-29 12:00:00,1.463,1.479,1.456,1.475,20399.6
1738148400000,2025-01-29 13:00:00,1.475,1.488,1.471,1.48,20776.5
1738152000000,2025-01-29 14:00:00,1.48,1.487,1.466,1.471,32827.5
1738155600000,2025-01-29 15:00:00,1.471,1.478,1.453,1.469,87260.9
1738159200000,2025-01-29 16:00:00,1.469,1.49,1.464,1.477,217579.3
1738162800000,2025-01-29 17:00:00,1.477,1.5,1.477,1.498,80392.1
1738166400000,2025-01-29 18:00:00,1.498,1.498,1.466,1.475,64465.8
1738170000000,2025-01-29 19:00:00,1.475,1.514,1.475,1.502,69199.2
1738173600000,2025-01-29 20:00:00,1.502,1.529,1.485,1.521,107468.8
1738177200000,2025-01-29 21:00:00,1.521,1.546,1.468,1.526,327712.1
1738180800000,2025-01-29 22:00:00,1.526,1.568,1.512,1.541,204439.9
1738184400000,2025-01-29 23:00:00,1.541,1.561,1.526,1.542,108021.0
1738188000000,2025-01-30 00:00:00,1.542,1.546,1.522,1.524,54669.2
1738191600000,2025-01-30 01:00:00,1.524,1.534,1.503,1.507,23593.9
1738195200000,2025-01-30 02:00:00,1.507,1.526,1.494,1.525,42671.7
1738198800000,2025-01-30 03:00:00,1.525,1.546,1.519,1.53,23447.4
1738202400000,2025-01-30 04:00:00,1.53,1.543,1.522,1.543,23089.0
1738206000000,2025-01-30 05:00:00,1.543,1.558,1.539,1.557,27905.2
1738209600000,2025-01-30 06:00:00,1.557,1.567,1.551,1.566,28412.0
1738213200000,2025-01-30 07:00:00,1.566,1.566,1.547,1.555,23224.6
1738216800000,2025-01-30 08:00:00,1.555,1.566,1.554,1.554,28469.3
1738220400000,2025-01-30 09:00:00,1.554,1.557,1.544,1.553,18153.3
1738224000000,2025-01-30 10:00:00,1.553,1.558,1.538,1.555,47293.7
1738227600000,2025-01-30 11:00:00,1.555,1.589,1.555,1.588,86736.4
1738231200000,2025-01-30 12:00:00,1.588,1.609,1.581,1.609,50310.3
1738234800000,2025-01-30 13:00:00,1.609,1.616,1.578,1.579,64593.8
1738238400000,2025-01-30 14:00:00,1.579,1.581,1.554,1.565,88828.4
1738242000000,2025-01-30 15:00:00,1.565,1.591,1.558,1.587,158433.6
1738245600000,2025-01-30 16:00:00,1.587,1.605,1.578,1.598,88945.0
1738249200000,2025-01-30 17:00:00,1.598,1.608,1.59,1.592,154361.2
1738252800000,2025-01-30 18:00:00,1.592,1.61,1.589,1.61,46337.3
1738256400000,2025-01-30 19:00:00,1.61,1.611,1.592,1.6,42986.3
1738260000000,2025-01-30 20:00:00,1.6,1.6,1.572,1.59,76667.5
1738263600000,2025-01-30 21:00:00,1.59,1.598,1.582,1.598,31218.4
1738267200000,2025-01-30 22:00:00,1.598,1.606,1.568,1.569,63657.7
1738270800000,2025-01-30 23:00:00,1.569,1.576,1.562,1.571,53948.3
1738274400000,2025-01-31 00:00:00,1.571,1.586,1.565,1.576,39295.2
1738278000000,2025-01-31 01:00:00,1.576,1.585,1.567,1.567,16079.1
1738281600000,2025-01-31 02:00:00,1.567,1.584,1.558,1.584,48929.9
1738285200000,2025-01-31 03:00:00,1.584,1.587,1.573,1.58,28757.5
1738288800000,2025-01-31 04:00:00,1.58,1.582,1.558,1.559,19941.2
1738292400000,2025-01-31 05:00:00,1.559,1.562,1.539,1.553,57202.5
1738296000000,2025-01-31 06:00:00,1.553,1.555,1.539,1.546,31991.3
1738299600000,2025-01-31 07:00:00,1.546,1.586,1.546,1.584,106831.8
1738303200000,2025-01-31 08:00:00,1.584,1.606,1.577,1.6,69462.9
1738306800000,2025-01-31 09:00:00,1.6,1.619,1.596,1.605,78604.6
1738310400000,2025-01-31 10:00:00,1.605,1.608,1.584,1.587,30126.1
1738314000000,2025-01-31 11:00:00,1.587,1.61,1.582,1.605,33448.5
1738317600000,2025-01-31 12:00:00,1.605,1.613,1.593,1.612,22887.9
1738321200000,2025-01-31 13:00:00,1.612,1.65,1.611,1.648,158883.6
1738324800000,2025-01-31 14:00:00,1.648,1.648,1.632,1.639,69624.8
1738328400000,2025-01-31 15:00:00,1.639,1.653,1.625,1.634,67200.1
1738332000000,2025-01-31 16:00:00,1.634,1.647,1.627,1.643,62444.8
1738335600000,2025-01-31 17:00:00,1.643,1.673,1.642,1.672,130709.7
1738339200000,2025-01-31 18:00:00,1.672,1.684,1.658,1.672,192500.9
1738342800000,2025-01-31 19:00:00,1.672,1.672,1.63,1.633,97962.5
1738346400000,2025-01-31 20:00:00,1.633,1.639,1.591,1.597,110637.3
1738350000000,2025-01-31 21:00:00,1.597,1.616,1.596,1.611,64067.3
1738353600000,2025-01-31 22:00:00,1.611,1.611,1.582,1.595,51033.4
1738357200000,2025-01-31 23:00:00,1.595,1.598,1.574,1.593,51074.0
1738360800000,2025-02-01 00:00:00,1.593,1.604,1.583,1.599,33999.8
1738364400000,2025-02-01 01:00:00,1.599,1.606,1.588,1.604,25595.0
1738368000000,2025-02-01 02:00:00,1.604,1.615,1.588,1.613,54046.7
1738371600000,2025-02-01 03:00:00,1.613,1.621,1.605,1.605,51052.0
1738375200000,2025-02-01 04:00:00,1.605,1.616,1.6,1.606,57561.8
1738378800000,2025-02-01 05:00:00,1.606,1.607,1.582,1.587,47130.7
1738382400000,2025-02-01 06:00:00,1.587,1.607,1.585,1.597,30625.7
1738386000000,2025-02-01 07:00:00,1.597,1.613,1.596,1.607,26822.0
1738389600000,2025-02-01 08:00:00,1.607,1.607,1.583,1.595,41299.8
1738393200000,2025-02-01 09:00:00,1.595,1.598,1.584,1.587,30455.5
1738396800000,2025-02-01 10:00:00,1.587,1.592,1.566,1.577,70121.5
1738400400000,2025-02-01 11:00:00,1.577,1.577,1.544,1.548,46803.2
1738404000000,2025-02-01 12:00:00,1.548,1.566,1.548,1.554,23514.0
1738407600000,2025-02-01 13:00:00,1.554,1.569,1.549,1.568,48607.5
1738411200000,2025-02-01 14:00:00,1.568,1.582,1.564,1.579,45478.7
1738414800000,2025-02-01 15:00:00,1.579,1.579,1.553,1.554,35688.8
1738418400000,2025-02-01 16:00:00,1.554,1.566,1.552,1.553,34711.5
1738422000000,2025-02-01 17:00:00,1.553,1.558,1.542,1.55,41418.7
1738425600000,2025-02-01 18:00:00,1.55,1.557,1.536,1.537,43989.2
1738429200000,2025-02-01 19:00:00,1.537,1.55,1.534,1.539,26337.0
1738432800000,2025-02-01 20:00:00,1.539,1.54,1.513,1.517,61509.8
1738436400000,2025-02-01 21:00:00,1.517,1.519,1.483,1.485,122559.6
1738440000000,2025-02-01 22:00:00,1.485,1.487,1.464,1.479,97919.6
1738443600000,2025-02-01 23:00:00,1.479,1.492,1.471,1.475,96666.4
1738447200000,2025-02-02 00:00:00,1.475,1.477,1.454,1.456,75608.4
1738450800000,2025-02-02 01:00:00,1.456,1.456,1.431,1.445,62693.5
1738454400000,2025-02-02 02:00:00,1.445,1.482,1.439,1.472,79498.8
1738458000000,2025-02-02 03:00:00,1.472,1.477,1.456,1.459,36473.1
1738461600000,2025-02-02 04:00:00,1.459,1.459,1.428,1.429,26102.2
1738465200000,2025-02-02 05:00:00,1.429,1.435,1.387,1.39,206808.2
1738468800000,2025-02-02 06:00:00,1.39,1.414,1.385,1.406,91104.1
1738472400000,2025-02-02 07:00:00,1.406,1.451,1.405,1.44,77409.4
1738476000000,2025-02-02 08:00:00,1.44,1.445,1.424,1.425,64601.5
1738479600000,2025-02-02 09:00:00,1.425,1.427,1.409,1.416,37570.9
1738483200000,2025-02-02 10:00:00,1.416,1.443,1.41,1.43,58812.7
1738486800000,2025-02-02 11:00:00,1.43,1.432,1.419,1.431,41007.5
1738490400000,2025-02-02 12:00:00,1.431,1.431,1.412,1.418,41073.5
1738494000000,2025-02-02 13:00:00,1.418,1.424,1.383,1.385,77670.0
1738497600000,2025-02-02 14:00:00,1.385,1.414,1.382,1.382,85823.6
1738501200000,2025-02-02 15:00:00,1.382,1.417,1.38,1.417,70591.7
1738504800000,2025-02-02 16:00:00,1.417,1.426,1.405,1.405,81256.1
1738508400000,2025-02-02 17:00:00,1.405,1.405,1.382,1.396,40253.7
1738512000000,2025-02-02 18:00:00,1.396,1.396,1.334,1.348,165076.8
1738515600000,2025-02-02 19:00:00,1.348,1.351,1.284,1.294,507759.0
1738519200000,2025-02-02 20:00:00,1.294,1.311,1.248,1.254,403060.9
1738522800000,2025-02-02 21:00:00,1.254,1.318,1.24,1.304,1087099.5
1738526400000,2025-02-02 22:00:00,1.304,1.314,1.266,1.271,327410.6
1738530000000,2025-02-02 23:00:00,1.271,1.277,1.244,1.249,191741.8
1738533600000,2025-02-03 00:00:00,1.249,1.275,1.163,1.235,548693.4
1738537200000,2025-02-03 01:00:00,1.235,1.263,1.191,1.259,471360.4
1738540800000,2025-02-03 02:00:00,1.259,1.259,1.169,1.202,551615.4
1738544400000,2025-02-03 03:00:00,1.202,1.215,0.986,1.072,2551871.5
1738548000000,2025-02-03 04:00:00,1.072,1.086,0.918,1.02,2259727.9
1738551600000,2025-02-03 05:00:00,1.02,1.098,1.019,1.088,400672.1
1738555200000,2025-02-03 06:00:00,1.088,1.1,1.043,1.044,313733.0
1738558800000,2025-02-03 07:00:00,1.044,1.1,1.043,1.084,1230838.3
1738562400000,2025-02-03 08:00:00,1.084,1.114,1.067,1.099,490703.9
1738566000000,2025-02-03 09:00:00,1.099,1.147,1.096,1.145,211727.1
1738569600000,2025-02-03 10:00:00,1.145,1.145,1.083,1.097,238926.0
1738573200000,2025-02-03 11:00:00,1.097,1.123,1.096,1.101,270224.5
1738576800000,2025-02-03 12:00:00,1.101,1.149,1.095,1.147,153257.2
1738580400000,2025-02-03 13:00:00,1.147,1.158,1.129,1.135,154067.7
1738584000000,2025-02-03 14:00:00,1.135,1.175,1.135,1.146,165834.7
1738587600000,2025-02-03 15:00:00,1.146,1.156,1.117,1.137,207169.8
1738591200000,2025-02-03 16:00:00,1.137,1.193,1.094,1.181,1015000.1
1738594800000,2025-02-03 17:00:00,1.181,1.235,1.172,1.224,737426.4
1738598400000,2025-02-03 18:00:00,1.224,1.249,1.218,1.232,403527.7
1738602000000,2025-02-03 19:00:00,1.232,1.233,1.211,1.22,214694.3
1738605600000,2025-02-03 20:00:00,1.22,1.236,1.213,1.236,74529.2
1738609200000,2025-02-03 21:00:00,1.236,1.257,1.228,1.252,103338.0
1738612800000,2025-02-03 22:00:00,1.252,1.253,1.215,1.218,128654.8
1738616400000,2025-02-03 23:00:00,1.218,1.254,1.218,1.254,149016.1
1738620000000,2025-02-04 00:00:00,1.254,1.284,1.252,1.272,149733.0
1738623600000,2025-02-04 01:00:00,1.272,1.282,1.254,1.262,57423.1
1738627200000,2025-02-04 02:00:00,1.262,1.272,1.232,1.233,113099.3
1738630800000,2025-02-04 03:00:00,1.233,1.247,1.212,1.222,449598.0
1738634400000,2025-02-04 04:00:00,1.222,1.23,1.195,1.196,90922.0
1738638000000,2025-02-04 05:00:00,1.196,1.203,1.182,1.19,83901.3
1738641600000,2025-02-04 06:00:00,1.19,1.211,1.182,1.185,167299.7
1738645200000,2025-02-04 07:00:00,1.185,1.186,1.104,1.106,457859.1
1738648800000,2025-02-04 08:00:00,1.106,1.125,1.104,1.111,165809.5
1738652400000,2025-02-04 09:00:00,1.111,1.113,1.072,1.076,205055.1
1738656000000,2025-02-04 10:00:00,1.076,1.079,1.054,1.061,495572.3
1738659600000,2025-02-04 11:00:00,1.061,1.07,1.049,1.053,194038.5
1738663200000,2025-02-04 12:00:00,1.053,1.086,1.052,1.079,151345.0
1738666800000,2025-02-04 13:00:00,1.079,1.088,1.07,1.073,333372.3
1738670400000,2025-02-04 14:00:00,1.073,1.114,1.073,1.106,257872.2
1738674000000,2025-02-04 15:00:00,1.106,1.112,1.075,1.077,244433.5
1738677600000,2025-02-04 16:00:00,1.077,1.113,1.07,1.097,293900.6
1738681200000,2025-02-04 17:00:00,1.097,1.104,1.064,1.093,396828.6
1738684800000,2025-02-04 18:00:00,1.093,1.109,1.086,1.096,225338.4
1738688400000,2025-02-04 19:00:00,1.096,1.108,1.078,1.091,146311.6
1738692000000,2025-02-04 20:00:00,1.091,1.109,1.081,1.102,129802.5
1738695600000,2025-02-04 21:00:00,1.102,1.138,1.082,1.082,350986.3
1738699200000,2025-02-04 22:00:00,1.082,1.089,1.061,1.073,370799.9
1738702800000,2025-02-04 23:00:00,1.073,1.074,1.039,1.044,396497.0
1738706400000,2025-02-05 00:00:00,1.044,1.085,1.041,1.085,164110.9
1738710000000,2025-02-05 01:00:00,1.085,1.111,1.079,1.098,247629.0
1738713600000,2025-02-05 02:00:00,1.098,1.109,1.086,1.094,109244.5
1738717200000,2025-02-05 03:00:00,1.094,1.111,1.093,1.095,111272.4
1738720800000,2025-02-05 04:00:00,1.095,1.123,1.089,1.118,87015.1
1738724400000,2025-02-05 05:00:00,1.118,1.119,1.106,1.108,47201.6
1738728000000,2025-02-05 06:00:00,1.108,1.11,1.099,1.103,34815.2
1738731600000,2025-02-05 07:00:00,1.103,1.126,1.093,1.121,83159.3
1738735200000,2025-02-05 08:00:00,1.121,1.125,1.103,1.104,80512.6
1738738800000,2025-02-05 09:00:00,1.104,1.113,1.094,1.108,257469.7
1738742400000,2025-02-05 10:00:00,1.108,1.118,1.1,1.107,42142.5
1738746000000,2025-02-05 11:00:00,1.107,1.124,1.096,1.104,122484.4
1738749600000,2025-02-05 12:00:00,1.104,1.112,1.102,1.104,49001.3
1738753200000,2025-02-05 13:00:00,1.104,1.127,1.104,1.118,100559.9
1738756800000,2025-02-05 14:00:00,1.118,1.13,1.108,1.109,118525.6
1738760400000,2025-02-05 15:00:00,1.109,1.127,1.107,1.124,101464.4
1738764000000,2025-02-05 16:00:00,1.124,1.137,1.107,1.112,197027.3
1738767600000,2025-02-05 17:00:00,1.112,1.118,1.094,1.107,140741.2
1738771200000,2025-02-05 18:00:00,1.107,1.11,1.077,1.097,277425.5
1738774800000,2025-02-05 19:00:00,1.097,1.101,1.063,1.069,265956.9
1738778400000,2025-02-05 20:00:00,1.069,1.075,1.051,1.057,198372.1
1738782000000,2025-02-05 21:00:00,1.057,1.088,1.055,1.082,143231.7
1738785600000,2025-02-05 22:00:00,1.082,1.086,1.048,1.059,126662.5
1738789200000,2025-02-05 23:00:00,1.059,1.066,1.05,1.052,111392.0
1738792800000,2025-02-06 00:00:00,1.052,1.056,1.028,1.041,212685.6
1738796400000,2025-02-06 01:00:00,1.041,1.058,1.041,1.052,47532.9
1738800000000,2025-02-06 02:00:00,1.052,1.063,1.049,1.053,67755.1
1738803600000,2025-02-06 03:00:00,1.053,1.062,1.041,1.045,193109.2
1738807200000,2025-02-06 04:00:00,1.045,1.057,1.042,1.05,55679.8
1738810800000,2025-02-06 05:00:00,1.05,1.051,1.039,1.041,58816.9
1738814400000,2025-02-06 06:00:00,1.041,1.053,1.039,1.048,42251.4
1738818000000,2025-02-06 07:00:00,1.048,1.05,1.039,1.045,45353.0
1738821600000,2025-02-06 08:00:00,1.045,1.059,1.036,1.057,82121.4
1738825200000,2025-02-06 09:00:00,1.057,1.058,1.044,1.046,59813.9
1738828800000,2025-02-06 10:00:00,1.046,1.051,1.04,1.045,66765.8
1738832400000,2025-02-06 11:00:00,1.045,1.066,1.043,1.055,118170.5
1738836000000,2025-02-06 12:00:00,1.055,1.055,1.039,1.047,63466.4
1738839600000,2025-02-06 13:00:00,1.047,1.048,1.024,1.037,206265.7
1738843200000,2025-02-06 14:00:00,1.037,1.04,1.018,1.023,137197.0
1738846800000,2025-02-06 15:00:00,1.023,1.041,1.023,1.032,258217.8
1738850400000,2025-02-06 16:00:00,1.032,1.035,1.003,1.009,204315.4
1738854000000,2025-02-06 17:00:00,1.009,1.018,0.984,0.987,352471.9
1738857600000,2025-02-06 18:00:00,0.987,0.998,0.981,0.991,155208.2
1738861200000,2025-02-06 19:00:00,0.991,1.005,0.984,0.992,141622.3
1738864800000,2025-02-06 20:00:00,0.992,0.996,0.981,0.985,119705.0
1738868400000,2025-02-06 21:00:00,0.985,0.996,0.97,0.974,181200.2
1738872000000,2025-02-06 22:00:00,0.974,0.999,0.973,0.993,104028.7
1738875600000,2025-02-06 23:00:00,0.993,0.994,0.97,0.982,80413.0
1738879200000,2025-02-07 00:00:00,0.982,0.983,0.959,0.975,102270.9
1738882800000,2025-02-07 01:00:00,0.975,0.976,0.96,0.971,67398.7
1738886400000,2025-02-07 02:00:00,0.971,0.983,0.962,0.966,134967.6
1738890000000,2025-02-07 03:00:00,0.966,0.994,0.961,0.986,124684.9
1738893600000,2025-02-07 04:00:00,0.986,0.993,0.979,0.987,111484.8
1738897200000,2025-02-07 05:00:00,0.987,0.991,0.973,0.985,82341.1
1738900800000,2025-02-07 06:00:00,0.985,0.997,0.984,0.996,79381.3
1738904400000,2025-02-07 07:00:00,0.996,1.001,0.987,0.998,68415.2
1738908000000,2025-02-07 08:00:00,0.998,0.999,0.975,0.99,90689.5
1738911600000,2025-02-07 09:00:00,0.99,1.01,0.99,0.996,104206.1
1738915200000,2025-02-07 10:00:00,0.996,1.011,0.989,1.005,166553.0
1738918800000,2025-02-07 11:00:00,1.005,1.013,1.001,1.007,67929.7
1738922400000,2025-02-07 12:00:00,1.007,1.011,1.0,1.001,91557.0
1738926000000,2025-02-07 13:00:00,1.001,1.008,0.997,1.006,70368.0
1738929600000,2025-02-07 14:00:00,1.006,1.014,1.0,1.006,67781.2
1738933200000,2025-02-07 15:00:00,1.006,1.034,0.997,1.031,236132.5
1738936800000,2025-02-07 16:00:00,1.031,1.045,1.026,1.04,198988.7
1738940400000,2025-02-07 17:00:00,1.04,1.04,1.007,1.017,238647.5
1738944000000,2025-02-07 18:00:00,1.017,1.02,1.002,1.002,166655.0
1738947600000,2025-02-07 19:00:00,1.002,1.005,0.986,0.996,143365.0
1738951200000,2025-02-07 20:00:00,0.996,1.014,0.993,1.003,79370.6
1738954800000,2025-02-07 21:00:00,1.003,1.003,0.989,0.99,55664.4
1738958400000,2025-02-07 22:00:00,0.99,0.99,0.942,0.944,286914.7
1738962000000,2025-02-07 23:00:00,0.944,0.954,0.935,0.937,178072.0
1738965600000,2025-02-08 00:00:00,0.937,0.949,0.925,0.947,149807.6
1738969200000,2025-02-08 01:00:00,0.947,0.967,0.944,0.967,82734.8
1738972800000,2025-02-08 02:00:00,0.967,0.989,0.96,0.985,127013.2
1738976400000,2025-02-08 03:00:00,0.985,0.992,0.968,0.969,171482.1
1738980000000,2025-02-08 04:00:00,0.969,0.977,0.966,0.975,53686.9
1738983600000,2025-02-08 05:00:00,0.975,0.983,0.97,0.974,48981.1
1738987200000,2025-02-08 06:00:00,0.974,0.975,0.967,0.968,32032.5
1738990800000,2025-02-08 07:00:00,0.968,0.97,0.94,0.952,246445.6
1738994400000,2025-02-08 08:00:00,0.952,0.963,0.949,0.956,62989.8
1738998000000,2025-02-08 09:00:00,0.956,0.983,0.947,0.971,153925.0
1739001600000,2025-02-08 10:00:00,0.971,0.971,0.96,0.96,65621.5
1739005200000,2025-02-08 11:00:00,0.96,0.966,0.955,0.96,51718.1
1739008800000,2025-02-08 12:00:00,0.96,0.969,0.957,0.958,105275.1
1739012400000,2025-02-08 13:00:00,0.958,0.965,0.951,0.963,152899.3
1739016000000,2025-02-08 14:00:00,0.963,0.967,0.95,0.952,89144.0
1739019600000,2025-02-08 15:00:00,0.952,0.979,0.951,0.97,126574.1
1739023200000,2025-02-08 16:00:00,0.97,0.979,0.966,0.977,70499.0
1739026800000,2025-02-08 17:00:00,0.977,0.985,0.965,0.969,82545.0
1739030400000,2025-02-08 18:00:00,0.969,0.972,0.957,0.969,71280.5
1739034000000,2025-02-08 19:00:00,0.969,0.982,0.969,0.974,210043.4
1739037600000,2025-02-08 20:00:00,0.974,0.978,0.96,0.972,169186.0
1739041200000,2025-02-08 21:00:00,0.972,0.982,0.963,0.977,77908.0
1739044800000,2025-02-08 22:00:00,0.977,0.984,0.973,0.979,54017.1
1739048400000,2025-02-08 23:00:00,0.979,0.981,0.969,0.972,72702.8
1739052000000,2025-02-09 00:00:00,0.972,0.973,0.958,0.961,64825.4
1739055600000,2025-02-09 01:00:00,0.961,0.975,0.961,0.971,62744.1
1739059200000,2025-02-09 02:00:00,0.971,0.977,0.966,0.975,52915.7
1739062800000,2025-02-09 03:00:00,0.975,0.98,0.967,0.976,89239.2
1739066400000,2025-02-09 04:00:00,0.976,0.977,0.964,0.964,66204.0
1739070000000,2025-02-09 05:00:00,0.964,1.001,0.961,0.996,166528.5
1739073600000,2025-02-09 06:00:00,0.996,0.997,0.982,0.989,131059.8
1739077200000,2025-02-09 07:00:00,0.989,0.99,0.982,0.986,111317.4
1739080800000,2025-02-09 08:00:00,0.986,0.991,0.978,0.989,66256.1
1739084400000,2025-02-09 09:00:00,0.989,0.991,0.98,0.981,102209.8
1739088000000,2025-02-09 10:00:00,0.981,0.996,0.98,0.991,54513.7
1739091600000,2025-02-09 11:00:00,0.991,0.992,0.975,0.979,105181.9
1739095200000,2025-02-09 12:00:00,0.979,0.983,0.973,0.978,84928.0
1739098800000,2025-02-09 13:00:00,0.978,0.979,0.963,0.964,88466.4
1739102400000,2025-02-09 14:00:00,0.964,0.971,0.952,0.969,320307.8
1739106000000,2025-02-09 15:00:00,0.969,0.972,0.944,0.95,170185.7
1739109600000,2025-02-09 16:00:00,0.95,0.96,0.948,0.956,122232.6
1739113200000,2025-02-09 17:00:00,0.956,0.977,0.956,0.972,83710.1
1739116800000,2025-02-09 18:00:00,0.972,0.98,0.968,0.975,98858.6
1739120400000,2025-02-09 19:00:00,0.975,0.977,0.954,0.96,78388.3
1739124000000,2025-02-09 20:00:00,0.96,0.966,0.956,0.962,33856.7
1739127600000,2025-02-09 21:00:00,0.962,0.967,0.952,0.956,50966.1
1739131200000,2025-02-09 22:00:00,0.956,0.971,0.956,0.964,51065.9
1739134800000,2025-02-09 23:00:00,0.964,0.965,0.922,0.928,249199.0
1739138400000,2025-02-10 00:00:00,0.928,0.967,0.913,0.951,306814.7
1739142000000,2025-02-10 01:00:00,0.951,0.969,0.949,0.966,44224.6
1739145600000,2025-02-10 02:00:00,0.966,0.989,0.965,0.982,125664.6
1739149200000,2025-02-10 03:00:00,0.982,0.983,0.942,0.946,150886.7
1739152800000,2025-02-10 04:00:00,0.946,0.949,0.933,0.939,117725.9
1739156400000,2025-02-10 05:00:00,0.939,0.972,0.934,0.959,116837.3
1739160000000,2025-02-10 06:00:00,0.959,0.972,0.956,0.965,57724.6
1739163600000,2025-02-10 07:00:00,0.965,0.979,0.962,0.967,75847.1
1739167200000,2025-02-10 08:00:00,0.967,0.97,0.962,0.969,38245.2
1739170800000,2025-02-10 09:00:00,0.969,0.977,0.967,0.975,50219.9
1739174400000,2025-02-10 10:00:00,0.975,0.988,0.971,0.981,55224.7
1739178000000,2025-02-10 11:00:00,0.981,0.986,0.975,0.978,36305.6
1739181600000,2025-02-10 12:00:00,0.978,0.982,0.968,0.973,43949.7
1739185200000,2025-02-10 13:00:00,0.973,0.981,0.969,0.977,33478.3
1739188800000,2025-02-10 14:00:00,0.977,0.98,0.966,0.968,116016.5
1739192400000,2025-02-10 15:00:00,0.968,0.989,0.964,0.984,95273.3
1739196000000,2025-02-10 16:00:00,0.984,0.986,0.966,0.971,70300.3
1739199600000,2025-02-10 17:00:00,0.971,0.976,0.954,0.962,155596.6
1739203200000,2025-02-10 18:00:00,0.962,0.984,0.959,0.983,88337.6
1739206800000,2025-02-10 19:00:00,0.983,1.009,0.98,1.008,142605.9
1739210400000,2025-02-10 20:00:00,1.008,1.022,0.995,1.02,226367.5
1739214000000,2025-02-10 21:00:00,1.02,1.026,1.009,1.023,130632.0
1739217600000,2025-02-10 22:00:00,1.023,1.033,1.019,1.028,110564.8
1739221200000,2025-02-10 23:00:00,1.028,1.029,1.005,1.013,104478.2
1739224800000,2025-02-11 00:00:00,1.013,1.022,1.002,1.011,348147.1
1739228400000,2025-02-11 01:00:00,1.011,1.017,1.006,1.017,101369.2
1739232000000,2025-02-11 02:00:00,1.017,1.033,1.014,1.024,81440.6
1739235600000,2025-02-11 03:00:00,1.024,1.031,1.019,1.025,62982.5
1739239200000,2025-02-11 04:00:00,1.025,1.031,1.014,1.021,64292.0
1739242800000,2025-02-11 05:00:00,1.021,1.024,1.015,1.02,32046.4
1739246400000,2025-02-11 06:00:00,1.02,1.041,1.019,1.038,60275.0
1739250000000,2025-02-11 07:00:00,1.038,1.055,1.034,1.053,74863.4
1739253600000,2025-02-11 08:00:00,1.053,1.065,1.045,1.058,79629.0
1739257200000,2025-02-11 09:00:00,1.058,1.058,1.043,1.043,77397.3
1739260800000,2025-02-11 10:00:00,1.043,1.048,1.038,1.045,48156.0
1739264400000,2025-02-11 11:00:00,1.045,1.048,1.026,1.027,63417.7
1739268000000,2025-02-11 12:00:00,1.027,1.037,1.011,1.019,245470.2
1739271600000,2025-02-11 13:00:00,1.019,1.026,1.015,1.023,51982.3
1739275200000,2025-02-11 14:00:00,1.023,1.026,1.003,1.01,89589.6
1739278800000,2025-02-11 15:00:00,1.01,1.02,0.979,0.982,179610.3
1739282400000,2025-02-11 16:00:00,0.982,1.0,0.981,0.997,87270.6
1739286000000,2025-02-11 17:00:00,0.997,1.008,0.986,0.991,149735.5
1739289600000,2025-02-11 18:00:00,0.991,0.996,0.984,0.991,62885.4
1739293200000,2025-02-11 19:00:00,0.991,0.994,0.979,0.983,76801.8
1739296800000,2025-02-11 20:00:00,0.983,0.983,0.963,0.964,126897.4
1739300400000,2025-02-11 21:00:00,0.964,0.967,0.951,0.955,132782.3
1739304000000,2025-02-11 22:00:00,0.955,0.969,0.953,0.963,69304.5
1739307600000,2025-02-11 23:00:00,0.963,0.972,0.958,0.966,69168.3
1739311200000,2025-02-12 00:00:00,0.966,0.969,0.946,0.949,84582.6
1739314800000,2025-02-12 01:00:00,0.949,0.964,0.949,0.961,94270.6
1739318400000,2025-02-12 02:00:00,0.961,0.975,0.957,0.97,95756.4
1739322000000,2025-02-12 03:00:00,0.97,0.979,0.962,0.973,69431.5
1739325600000,2025-02-12 04:00:00,0.973,0.975,0.957,0.96,78972.0
1739329200000,2025-02-12 05:00:00,0.96,0.967,0.952,0.957,77533.2
1739332800000,2025-02-12 06:00:00,0.957,0.962,0.949,0.953,76165.7
1739336400000,2025-02-12 07:00:00,0.953,0.965,0.949,0.959,53563.0
1739340000000,2025-02-12 08:00:00,0.959,0.959,0.945,0.948,60344.9
1739343600000,2025-02-12 09:00:00,0.948,0.961,0.945,0.952,88324.2
1739347200000,2025-02-12 10:00:00,0.952,0.965,0.952,0.956,70274.0
1739350800000,2025-02-12 11:00:00,0.956,0.956,0.944,0.952,56307.6
1739354400000,2025-02-12 12:00:00,0.952,0.954,0.945,0.949,94639.0
1739358000000,2025-02-12 13:00:00,0.949,0.961,0.947,0.954,141854.7
1739361600000,2025-02-12 14:00:00,0.954,0.971,0.954,0.963,107901.2
1739365200000,2025-02-12 15:00:00,0.963,0.985,0.921,0.937,953945.8
1739368800000,2025-02-12 16:00:00,0.937,0.941,0.916,0.941,257963.3
1739372400000,2025-02-12 17:00:00,0.941,0.966,0.926,0.959,173315.7
1739376000000,2025-02-12 18:00:00,0.959,1.005,0.953,0.999,187832.7
1739379600000,2025-02-12 19:00:00,0.999,1.019,0.998,1.007,110513.9
1739383200000,2025-02-12 20:00:00,1.007,1.017,0.996,1.014,109936.9
1739386800000,2025-02-12 21:00:00,1.014,1.018,1.004,1.015,88346.3
1739390400000,2025-02-12 22:00:00,1.015,1.025,1.012,1.017,86368.6
1739394000000,2025-02-12 23:00:00,1.017,1.031,1.014,1.02,101921.7
1739397600000,2025-02-13 00:00:00,1.02,1.054,1.015,1.038,181889.8
1739401200000,2025-02-13 01:00:00,1.038,1.042,1.026,1.037,61194.7
1739404800000,2025-02-13 02:00:00,1.037,1.042,1.03,1.037,98613.6
1739408400000,2025-02-13 03:00:00,1.037,1.053,1.037,1.049,56076.4
1739412000000,2025-02-13 04:00:00,1.049,1.05,1.031,1.035,58615.5
1739415600000,2025-02-13 05:00:00,1.035,1.042,1.035,1.039,41538.4
1739419200000,2025-02-13 06:00:00,1.039,1.045,1.018,1.021,210462.7
1739422800000,2025-02-13 07:00:00,1.021,1.026,1.015,1.02,67701.6
1739426400000,2025-02-13 08:00:00,1.02,1.023,0.996,0.999,139256.6
1739430000000,2025-02-13 09:00:00,0.999,1.0,0.984,0.986,222181.9
1739433600000,2025-02-13 10:00:00,0.986,1.004,0.985,0.993,220470.7
1739437200000,2025-02-13 11:00:00,0.993,1.005,0.988,1.002,122632.2
1739440800000,2025-02-13 12:00:00,1.002,1.005,0.995,1.001,55994.1
1739444400000,2025-02-13 13:00:00,1.001,1.001,0.987,0.994,77614.1
1739448000000,2025-02-13 14:00:00,0.994,1.005,0.99,0.995,122589.0
1739451600000,2025-02-13 15:00:00,0.995,1.01,0.994,1.005,174059.4
1739455200000,2025-02-13 16:00:00,1.005,1.005,0.986,0.998,153439.8
1739458800000,2025-02-13 17:00:00,0.998,1.014,0.989,1.004,129789.3
1739462400000,2025-02-13 18:00:00,1.004,1.006,0.988,0.992,108847.3
1739466000000,2025-02-13 19:00:00,0.992,1.005,0.992,0.996,66159.5
1739469600000,2025-02-13 20:00:00,0.996,1.012,0.99,1.012,67579.3
1739473200000,2025-02-13 21:00:00,1.012,1.024,1.005,1.014,118474.4
1739476800000,2025-02-13 22:00:00,1.014,1.031,1.013,1.029,144931.1
1739480400000,2025-02-13 23:00:00,1.029,1.045,1.028,1.037,89489.6
1739484000000,2025-02-14 00:00:00,1.037,1.047,1.036,1.044,87014.6
1739487600000,2025-02-14 01:00:00,1.044,1.062,1.034,1.039,357863.4
1739491200000,2025-02-14 02:00:00,1.039,1.041,1.02,1.029,140989.6
1739494800000,2025-02-14 03:00:00,1.029,1.038,1.022,1.034,100858.4
1739498400000,2025-02-14 04:00:00,1.034,1.043,1.029,1.03,49768.9
1739502000000,2025-02-14 05:00:00,1.03,1.046,1.029,1.042,71679.7
1739505600000,2025-02-14 06:00:00,1.042,1.046,0.981,1.032,1395615.8
1739509200000,2025-02-14 07:00:00,1.032,1.039,1.031,1.037,160861.3
1739512800000,2025-02-14 08:00:00,1.037,1.04,1.022,1.029,166653.1
1739516400000,2025-02-14 09:00:00,1.029,1.035,1.028,1.029,69952.7
1739520000000,2025-02-14 10:00:00,1.029,1.044,0.979,0.992,1229044.2
1739523600000,2025-02-14 11:00:00,0.992,1.012,0.987,1.009,761127.7
1739527200000,2025-02-14 12:00:00,1.009,1.016,1.0,1.0,151434.0
1739530800000,2025-02-14 13:00:00,1.0,1.009,0.989,0.997,184736.3
1739534400000,2025-02-14 14:00:00,0.997,1.003,0.991,0.996,156054.4
1739538000000,2025-02-14 15:00:00,0.996,1.009,0.992,1.005,220531.9
1739541600000,2025-02-14 16:00:00,1.005,1.024,0.996,1.02,184087.6
1739545200000,2025-02-14 17:00:00,1.02,1.025,0.998,1.02,315548.6
1739548800000,2025-02-14 18:00:00,1.02,1.025,1.007,1.023,171680.8
1739552400000,2025-02-14 19:00:00,1.023,1.052,1.021,1.047,224796.8
1739556000000,2025-02-14 20:00:00,1.047,1.058,1.042,1.043,394880.6
1739559600000,2025-02-14 21:00:00,1.043,1.05,1.022,1.03,193019.9
1739563200000,2025-02-14 22:00:00,1.03,1.035,1.008,1.011,309903.3
1739566800000,2025-02-14 23:00:00,1.011,1.03,1.006,1.029,234613.0
1739570400000,2025-02-15 00:00:00,1.029,1.03,1.006,1.013,294897.9
1739574000000,2025-02-15 01:00:00,1.013,1.029,1.008,1.028,94695.1
1739577600000,2025-02-15 02:00:00,1.028,1.028,1.018,1.027,66876.4
1739581200000,2025-02-15 03:00:00,1.027,1.032,1.018,1.032,60348.0
1739584800000,2025-02-15 04:00:00,1.032,1.041,1.028,1.039,47420.0
1739588400000,2025-02-15 05:00:00,1.039,1.039,1.025,1.027,59380.5
1739592000000,2025-02-15 06:00:00,1.027,1.033,1.019,1.02,72558.1
1739595600000,2025-02-15 07:00:00,1.02,1.029,1.02,1.025,28160.7
1739599200000,2025-02-15 08:00:00,1.025,1.026,1.011,1.012,57394.0
1739602800000,2025-02-15 09:00:00,1.012,1.016,1.004,1.01,71720.3
1739606400000,2025-02-15 10:00:00,1.01,1.022,1.01,1.016,62865.3
1739610000000,2025-02-15 11:00:00,1.016,1.02,1.009,1.016,39365.5
1739613600000,2025-02-15 12:00:00,1.016,1.021,1.006,1.013,129364.1
1739617200000,2025-02-15 13:00:00,1.013,1.017,0.996,1.005,94250.3
1739620800000,2025-02-15 14:00:00,1.005,1.009,1.002,1.004,51170.8
1739624400000,2025-02-15 15:00:00,1.004,1.008,0.998,0.998,48391.5
1739628000000,2025-02-15 16:00:00,0.998,0.999,0.983,0.991,110304.7
1739631600000,2025-02-15 17:00:00,0.991,0.999,0.985,0.99,115673.2
1739635200000,2025-02-15 18:00:00,0.99,0.992,0.978,0.981,120180.5
1739638800000,2025-02-15 19:00:00,0.981,0.987,0.974,0.981,65947.5
1739642400000,2025-02-15 20:00:00,0.981,0.991,0.979,0.989,69237.1
1739646000000,2025-02-15 21:00:00,0.989,0.992,0.985,0.986,53945.1
1739649600000,2025-02-15 22:00:00,0.986,0.988,0.974,0.98,87997.8
1739653200000,2025-02-15 23:00:00,0.98,0.99,0.98,0.99,31110.7
1739656800000,2025-02-16 00:00:00,0.99,0.99,0.979,0.986,59402.4
1739660400000,2025-02-16 01:00:00,0.986,1.004,0.983,0.986,426287.0
1739664000000,2025-02-16 02:00:00,0.986,0.991,0.983,0.985,74850.2
1739667600000,2025-02-16 03:00:00,0.985,0.989,0.979,0.987,61238.4
1739671200000,2025-02-16 04:00:00,0.987,0.99,0.982,0.983,37747.3
1739674800000,2025-02-16 05:00:00,0.983,0.987,0.97,0.981,78971.2
1739678400000,2025-02-16 06:00:00,0.981,0.992,0.98,0.988,51297.6
1739682000000,2025-02-16 07:00:00,0.988,0.998,0.982,0.989,46189.8
1739685600000,2025-02-16 08:00:00,0.989,0.992,0.984,0.986,28656.4
1739689200000,2025-02-16 09:00:00,0.986,0.988,0.98,0.987,14447.3
1739692800000,2025-02-16 10:00:00,0.987,1.002,0.984,1.002,61474.9
1739696400000,2025-02-16 11:00:00,1.002,1.015,0.996,1.01,76188.2
1739700000000,2025-02-16 12:00:00,1.01,1.022,1.009,1.015,122439.6
1739703600000,2025-02-16 13:00:00,1.015,1.028,1.014,1.025,51450.8
1739707200000,2025-02-16 14:00:00,1.025,1.037,1.018,1.024,165282.3
1739710800000,2025-02-16 15:00:00,1.024,1.025,0.992,0.995,291323.8
1739714400000,2025-02-16 16:00:00,0.995,1.0,0.983,0.994,146478.7
1739718000000,2025-02-16 17:00:00,0.994,1.002,0.992,0.997,58010.3
1739721600000,2025-02-16 18:00:00,0.997,1.006,0.994,0.998,55612.5
1739725200000,2025-02-16 19:00:00,0.998,1.001,0.988,0.988,30738.7
1739728800000,2025-02-16 20:00:00,0.988,0.99,0.977,0.98,99127.3
1739732400000,2025-02-16 21:00:00,0.98,0.985,0.971,0.981,69894.6
1739736000000,2025-02-16 22:00:00,0.981,0.986,0.972,0.973,77458.9
1739739600000,2025-02-16 23:00:00,0.973,0.978,0.961,0.973,164157.7
1739743200000,2025-02-17 00:00:00,0.973,0.984,0.969,0.98,74112.4
1739746800000,2025-02-17 01:00:00,0.98,0.986,0.972,0.981,72573.6
1739750400000,2025-02-17 02:00:00,0.981,0.996,0.98,0.996,61222.7
1739754000000,2025-02-17 03:00:00,0.996,1.007,0.994,1.004,57987.0
1739757600000,2025-02-17 04:00:00,1.004,1.007,0.998,0.999,54275.3
1739761200000,2025-02-17 05:00:00,0.999,0.999,0.991,0.998,37874.3
1739764800000,2025-02-17 06:00:00,0.998,0.998,0.984,0.985,89367.3
1739768400000,2025-02-17 07:00:00,0.985,0.988,0.969,0.987,183546.8
1739772000000,2025-02-17 08:00:00,0.987,0.996,0.986,0.992,107288.6
1739775600000,2025-02-17 09:00:00,0.992,0.995,0.98,0.984,170585.6
1739779200000,2025-02-17 10:00:00,0.984,1.001,0.979,0.998,107106.0
1739782800000,2025-02-17 11:00:00,0.998,1.005,0.994,1.001,118673.6
1739786400000,2025-02-17 12:00:00,1.001,1.02,1.001,1.015,126586.1
1739790000000,2025-02-17 13:00:00,1.015,1.02,1.007,1.013,73277.1
1739793600000,2025-02-17 14:00:00,1.013,1.026,1.013,1.015,90972.4
1739797200000,2025-02-17 15:00:00,1.015,1.02,1.009,1.018,95199.3
1739800800000,2025-02-17 16:00:00,1.018,1.044,1.018,1.034,335700.2
1739804400000,2025-02-17 17:00:00,1.034,1.041,1.001,1.004,240558.1
1739808000000,2025-02-17 18:00:00,1.004,1.013,0.992,0.993,145223.7
1739811600000,2025-02-17 19:00:00,0.993,1.004,0.989,0.994,108992.6
1739815200000,2025-02-17 20:00:00,0.994,0.999,0.984,0.984,123088.6
1739818800000,2025-02-17 21:00:00,0.984,0.994,0.978,0.99,129401.9
1739822400000,2025-02-17 22:00:00,0.99,1.008,0.989,1.002,89170.8
1739826000000,2025-02-17 23:00:00,1.002,1.018,1.001,1.018,175075.4
1739829600000,2025-02-18 00:00:00,1.018,1.018,1.001,1.004,181397.9
1739833200000,2025-02-18 01:00:00,1.004,1.013,1.004,1.01,59186.6
1739836800000,2025-02-18 02:00:00,1.01,1.013,0.998,1.0,113666.3
1739840400000,2025-02-18 03:00:00,1.0,1.007,0.998,1.003,107929.3
1739844000000,2025-02-18 04:00:00,1.003,1.005,0.996,1.0,38558.3
1739847600000,2025-02-18 05:00:00,1.0,1.008,0.996,1.006,126453.3
1739851200000,2025-02-18 06:00:00,1.006,1.006,0.988,0.991,76117.7
1739854800000,2025-02-18 07:00:00,0.991,0.994,0.972,0.975,161977.5
1739858400000,2025-02-18 08:00:00,0.975,0.975,0.948,0.951,311907.3
1739862000000,2025-02-18 09:00:00,0.951,0.963,0.949,0.958,115235.9
1739865600000,2025-02-18 10:00:00,0.958,0.959,0.941,0.947,103893.3
1739869200000,2025-02-18 11:00:00,0.947,0.972,0.944,0.972,346502.8
1739872800000,2025-02-18 12:00:00,0.972,0.975,0.956,0.96,59126.5
1739876400000,2025-02-18 13:00:00,0.96,0.973,0.957,0.966,68681.1
1739880000000,2025-02-18 14:00:00,0.966,0.973,0.958,0.96,72990.5
1739883600000,2025-02-18 15:00:00,0.96,0.963,0.952,0.96,291579.4
1739887200000,2025-02-18 16:00:00,0.96,0.967,0.938,0.945,321430.5
1739890800000,2025-02-18 17:00:00,0.945,0.946,0.916,0.921,615814.8
1739894400000,2025-02-18 18:00:00,0.921,0.927,0.906,0.909,557096.3
1739898000000,2025-02-18 19:00:00,0.909,0.946,0.909,0.932,1030198.2
1739901600000,2025-02-18 20:00:00,0.932,0.941,0.928,0.935,96308.3
1739905200000,2025-02-18 21:00:00,0.935,0.945,0.933,0.942,46559.3
1739908800000,2025-02-18 22:00:00,0.942,0.942,0.921,0.927,200002.1
1739912400000,2025-02-18 23:00:00,0.927,0.944,0.927,0.944,105226.6
1739916000000,2025-02-19 00:00:00,0.944,0.959,0.94,0.953,107675.2
1739919600000,2025-02-19 01:00:00,0.953,0.964,0.949,0.964,52228.8
1739923200000,2025-02-19 02:00:00,0.964,0.968,0.957,0.959,224356.2
1739926800000,2025-02-19 03:00:00,0.959,0.961,0.942,0.946,110238.8
1739930400000,2025-02-19 04:00:00,0.946,0.969,0.946,0.962,91543.1
1739934000000,2025-02-19 05:00:00,0.962,0.963,0.952,0.957,33996.9
1739937600000,2025-02-19 06:00:00,0.957,0.961,0.946,0.946,52696.0
1739941200000,2025-02-19 07:00:00,0.946,0.957,0.944,0.953,39037.6
1739944800000,2025-02-19 08:00:00,0.953,0.968,0.951,0.962,55745.4
1739948400000,2025-02-19 09:00:00,0.962,0.979,0.96,0.975,79928.1
1739952000000,2025-02-19 10:00:00,0.975,0.979,0.969,0.972,70792.9
1739955600000,2025-02-19 11:00:00,0.972,0.984,0.971,0.977,68393.0
1739959200000,2025-02-19 12:00:00,0.977,0.984,0.973,0.976,70164.6
1739962800000,2025-02-19 13:00:00,0.976,0.978,0.973,0.974,48502.9
1739966400000,2025-02-19 14:00:00,0.974,0.977,0.968,0.969,98303.6
1739970000000,2025-02-19 15:00:00,0.969,0.976,0.967,0.969,110440.8
1739973600000,2025-02-19 16:00:00,0.969,0.977,0.957,0.957,135625.0
1739977200000,2025-02-19 17:00:00,0.957,0.961,0.95,0.953,106411.7
1739980800000,2025-02-19 18:00:00,0.953,0.967,0.948,0.963,120132.0
1739984400000,2025-02-19 19:00:00,0.963,0.972,0.958,0.966,260173.6
1739988000000,2025-02-19 20:00:00,0.966,0.968,0.95,0.951,451174.9
1739991600000,2025-02-19 21:00:00,0.951,0.975,0.945,0.949,786636.3
1739995200000,2025-02-19 22:00:00,0.949,0.958,0.942,0.943,787607.7
1739998800000,2025-02-19 23:00:00,0.943,0.952,0.932,0.934,730741.6
1740002400000,2025-02-20 00:00:00,0.934,0.953,0.928,0.948,239460.8
1740006000000,2025-02-20 01:00:00,0.948,0.956,0.947,0.953,254157.7
1740009600000,2025-02-20 02:00:00,0.953,0.977,0.95,0.976,106855.8
1740013200000,2025-02-20 03:00:00,0.976,0.979,0.962,0.967,57269.4
1740016800000,2025-02-20 04:00:00,0.967,0.977,0.962,0.973,42579.9
1740020400000,2025-02-20 05:00:00,0.973,0.979,0.966,0.971,82120.2
1740024000000,2025-02-20 06:00:00,0.971,0.979,0.965,0.967,37386.1
1740027600000,2025-02-20 07:00:00,0.967,0.971,0.961,0.961,37976.5
1740031200000,2025-02-20 08:00:00,0.961,0.964,0.953,0.955,46621.3
1740034800000,2025-02-20 09:00:00,0.955,0.957,0.948,0.954,58085.2
1740038400000,2025-02-20 10:00:00,0.954,0.964,0.953,0.961,42045.3
1740042000000,2025-02-20 11:00:00,0.961,0.961,0.952,0.954,39873.1
1740045600000,2025-02-20 12:00:00,0.954,0.964,0.949,0.963,40128.1
1740049200000,2025-02-20 13:00:00,0.963,0.963,0.952,0.961,59520.1
1740052800000,2025-02-20 14:00:00,0.961,0.971,0.961,0.964,52205.9
1740056400000,2025-02-20 15:00:00,0.964,0.976,0.961,0.971,109963.9
1740060000000,2025-02-20 16:00:00,0.971,0.989,0.967,0.969,202354.7
1740063600000,2025-02-20 17:00:00,0.969,0.97,0.953,0.953,121580.2
1740067200000,2025-02-20 18:00:00,0.953,0.971,0.952,0.961,51897.7
1740070800000,2025-02-20 19:00:00,0.961,0.98,0.961,0.979,72352.7
1740074400000,2025-02-20 20:00:00,0.979,0.998,0.978,0.992,115663.9
1740078000000,2025-02-20 21:00:00,0.992,1.002,0.989,0.997,98710.7
1740081600000,2025-02-20 22:00:00,0.997,1.006,0.994,0.996,85315.4
1740085200000,2025-02-20 23:00:00,0.996,0.999,0.991,0.993,33833.8
1740088800000,2025-02-21 00:00:00,0.993,1.002,0.992,0.999,76441.1
1740092400000,2025-02-21 01:00:00,0.999,1.007,0.996,0.998,91052.9
1740096000000,2025-02-21 02:00:00,0.998,0.999,0.979,0.984,118230.8
1740099600000,2025-02-21 03:00:00,0.984,0.987,0.978,0.984,94754.6
1740103200000,2025-02-21 04:00:00,0.984,0.989,0.975,0.977,38331.6
1740106800000,2025-02-21 05:00:00,0.977,0.978,0.971,0.972,28953.2
1740110400000,2025-02-21 06:00:00,0.972,0.991,0.972,0.989,71585.7
1740114000000,2025-02-21 07:00:00,0.989,0.993,0.987,0.989,24123.4
1740117600000,2025-02-21 08:00:00,0.989,0.992,0.988,0.989,24610.6
1740121200000,2025-02-21 09:00:00,0.989,0.999,0.988,0.995,44096.3
1740124800000,2025-02-21 10:00:00,0.995,1.011,0.993,1.011,156782.1
1740128400000,2025-02-21 11:00:00,1.011,1.048,1.011,1.035,414849.7
1740132000000,2025-02-21 12:00:00,1.035,1.046,1.033,1.044,221168.6
1740135600000,2025-02-21 13:00:00,1.044,1.052,1.038,1.042,114132.2
1740139200000,2025-02-21 14:00:00,1.042,1.063,1.042,1.061,140696.9
1740142800000,2025-02-21 15:00:00,1.061,1.07,1.056,1.068,126750.9
1740146400000,2025-02-21 16:00:00,1.068,1.074,1.043,1.054,188780.3
1740150000000,2025-02-21 17:00:00,1.054,1.062,1.003,1.018,452904.9
1740153600000,2025-02-21 18:00:00,1.018,1.035,1.004,1.016,628496.9
1740157200000,2025-02-21 19:00:00,1.016,1.023,0.989,0.99,486006.1
1740160800000,2025-02-21 20:00:00,0.99,0.992,0.981,0.988,202524.3
1740164400000,2025-02-21 21:00:00,0.988,0.988,0.949,0.954,388993.2
1740168000000,2025-02-21 22:00:00,0.954,0.968,0.95,0.952,178531.7
1740171600000,2025-02-21 23:00:00,0.952,0.956,0.943,0.951,238193.6
1740175200000,2025-02-22 00:00:00,0.951,0.967,0.947,0.96,229268.3
1740178800000,2025-02-22 01:00:00,0.96,0.963,0.952,0.958,36489.1
1740182400000,2025-02-22 02:00:00,0.958,0.968,0.952,0.964,55947.4
1740186000000,2025-02-22 03:00:00,0.964,0.97,0.963,0.968,34255.0
1740189600000,2025-02-22 04:00:00,0.968,0.968,0.956,0.961,26451.5
1740193200000,2025-02-22 05:00:00,0.961,0.964,0.956,0.962,33516.9
1740196800000,2025-02-22 06:00:00,0.962,0.981,0.96,0.975,61279.8
1740200400000,2025-02-22 07:00:00,0.975,0.981,0.971,0.977,14619.3
1740204000000,2025-02-22 08:00:00,0.977,0.98,0.973,0.975,43819.0
1740207600000,2025-02-22 09:00:00,0.975,0.978,0.972,0.972,29429.4
1740211200000,2025-02-22 10:00:00,0.972,0.975,0.967,0.973,50161.7
1740214800000,2025-02-22 11:00:00,0.973,0.989,0.973,0.986,58644.6
1740218400000,2025-02-22 12:00:00,0.986,1.0,0.983,0.983,113022.4
1740222000000,2025-02-22 13:00:00,0.983,0.994,0.982,0.993,142753.5
1740225600000,2025-02-22 14:00:00,0.993,0.996,0.988,0.995,119062.0
1740229200000,2025-02-22 15:00:00,0.995,0.998,0.987,0.989,116216.7
1740232800000,2025-02-22 16:00:00,0.989,0.993,0.984,0.984,98507.4
1740236400000,2025-02-22 17:00:00,0.984,0.994,0.979,0.991,105538.2
1740240000000,2025-02-22 18:00:00,0.991,1.0,0.991,0.994,43080.1
1740243600000,2025-02-22 19:00:00,0.994,1.009,0.993,1.003,143095.6
1740247200000,2025-02-22 20:00:00,1.003,1.007,0.996,0.999,32652.0
1740250800000,2025-02-22 21:00:00,0.999,1.009,0.998,1.005,44949.6
1740254400000,2025-02-22 22:00:00,1.005,1.01,0.998,1.009,50612.1
1740258000000,2025-02-22 23:00:00,1.009,1.023,1.009,1.019,119171.4
1740261600000,2025-02-23 00:00:00,1.019,1.038,1.018,1.029,83327.0
1740265200000,2025-02-23 01:00:00,1.029,1.033,1.024,1.027,47011.2
1740268800000,2025-02-23 02:00:00,1.027,1.036,1.023,1.028,68655.6
1740272400000,2025-02-23 03:00:00,1.028,1.033,1.021,1.026,24076.9
1740276000000,2025-02-23 04:00:00,1.026,1.029,1.011,1.011,44095.4
1740279600000,2025-02-23 05:00:00,1.011,1.014,1.006,1.01,30454.1
1740283200000,2025-02-23 06:00:00,1.01,1.011,1.003,1.004,46875.9
1740286800000,2025-02-23 07:00:00,1.004,1.019,1.003,1.013,48565.5
1740290400000,2025-02-23 08:00:00,1.013,1.017,1.008,1.013,21228.8
1740294000000,2025-02-23 09:00:00,1.013,1.03,1.012,1.028,50146.4
1740297600000,2025-02-23 10:00:00,1.028,1.03,1.021,1.022,17553.6
1740301200000,2025-02-23 11:00:00,1.022,1.025,1.015,1.02,71254.7
1740304800000,2025-02-23 12:00:00,1.02,1.021,1.012,1.014,35168.5
1740308400000,2025-02-23 13:00:00,1.014,1.019,1.008,1.01,50129.2
1740312000000,2025-02-23 14:00:00,1.01,1.019,1.003,1.005,43333.2
1740315600000,2025-02-23 15:00:00,1.005,1.015,1.005,1.009,60230.2
1740319200000,2025-02-23 16:00:00,1.009,1.013,0.998,1.0,34207.9
1740322800000,2025-02-23 17:00:00,1.0,1.008,0.989,0.99,44555.6
1740326400000,2025-02-23 18:00:00,0.99,0.998,0.988,0.99,16664.1
1740330000000,2025-02-23 19:00:00,0.99,1.008,0.99,1.006,25980.0
1740333600000,2025-02-23 20:00:00,1.006,1.012,1.005,1.007,15417.5
1740337200000,2025-02-23 21:00:00,1.007,1.007,1.003,1.003,13123.8
1740340800000,2025-02-23 22:00:00,1.003,1.003,0.995,0.999,16129.3
1740344400000,2025-02-23 23:00:00,0.999,1.0,0.993,1.0,10854.5
1740348000000,2025-02-24 00:00:00,1.0,1.0,0.987,0.996,45148.3
1740351600000,2025-02-24 01:00:00,0.996,1.01,0.996,1.005,32446.2
1740355200000,2025-02-24 02:00:00,1.005,1.008,0.999,1.002,58294.6
1740358800000,2025-02-24 03:00:00,1.002,1.002,0.982,0.988,133862.6
1740362400000,2025-02-24 04:00:00,0.988,0.991,0.976,0.976,78548.4
1740366000000,2025-02-24 05:00:00,0.976,0.976,0.95,0.95,202486.0
1740369600000,2025-02-24 06:00:00,0.95,0.977,0.933,0.958,737378.0
1740373200000,2025-02-24 07:00:00,0.958,0.98,0.956,0.979,152486.1
1740376800000,2025-02-24 08:00:00,0.979,0.981,0.974,0.977,80551.5
1740380400000,2025-02-24 09:00:00,0.977,0.987,0.974,0.981,59055.3
1740384000000,2025-02-24 10:00:00,0.981,0.981,0.952,0.959,130280.7
1740387600000,2025-02-24 11:00:00,0.959,0.979,0.959,0.974,49843.7
1740391200000,2025-02-24 12:00:00,0.974,0.974,0.952,0.963,290366.4
1740394800000,2025-02-24 13:00:00,0.963,0.972,0.956,0.968,67106.1
1740398400000,2025-02-24 14:00:00,0.968,0.972,0.963,0.965,70893.9
1740402000000,2025-02-24 15:00:00,0.965,0.984,0.96,0.971,461346.9
1740405600000,2025-02-24 16:00:00,0.971,0.975,0.949,0.952,243555.5
1740409200000,2025-02-24 17:00:00,0.952,0.959,0.938,0.949,228903.9
1740412800000,2025-02-24 18:00:00,0.949,0.956,0.942,0.945,83596.7
1740416400000,2025-02-24 19:00:00,0.945,0.955,0.942,0.95,80833.7
1740420000000,2025-02-24 20:00:00,0.95,0.95,0.937,0.938,52776.0
1740423600000,2025-02-24 21:00:00,0.938,0.951,0.915,0.922,800630.9
1740427200000,2025-02-24 22:00:00,0.922,0.942,0.92,0.93,117876.4
1740430800000,2025-02-24 23:00:00,0.93,0.942,0.924,0.926,61322.2
1740434400000,2025-02-25 00:00:00,0.926,0.926,0.858,0.872,977250.7
1740438000000,2025-02-25 01:00:00,0.872,0.892,0.868,0.882,203606.3
1740441600000,2025-02-25 02:00:00,0.882,0.889,0.847,0.882,485706.1
1740445200000,2025-02-25 03:00:00,0.882,0.9,0.874,0.89,177277.7
1740448800000,2025-02-25 04:00:00,0.89,0.905,0.875,0.903,126176.6
1740452400000,2025-02-25 05:00:00,0.903,0.907,0.889,0.89,43372.7
1740456000000,2025-02-25 06:00:00,0.89,0.895,0.877,0.88,73957.9
1740459600000,2025-02-25 07:00:00,0.88,0.899,0.876,0.894,52447.1
1740463200000,2025-02-25 08:00:00,0.894,0.898,0.874,0.874,53578.2
1740466800000,2025-02-25 09:00:00,0.874,0.876,0.812,0.847,893934.7
1740470400000,2025-02-25 10:00:00,0.847,0.86,0.841,0.847,152564.1
1740474000000,2025-02-25 11:00:00,0.847,0.849,0.834,0.844,134610.9
1740477600000,2025-02-25 12:00:00,0.844,0.853,0.823,0.846,216334.6
1740481200000,2025-02-25 13:00:00,0.846,0.864,0.821,0.86,430161.0
1740484800000,2025-02-25 14:00:00,0.86,0.874,0.856,0.874,321261.7
1740488400000,2025-02-25 15:00:00,0.874,0.88,0.861,0.863,115695.4
1740492000000,2025-02-25 16:00:00,0.863,0.871,0.843,0.847,75590.0
1740495600000,2025-02-25 17:00:00,0.847,0.872,0.841,0.866,453092.2
1740499200000,2025-02-25 18:00:00,0.866,0.879,0.855,0.87,129588.6
1740502800000,2025-02-25 19:00:00,0.87,0.882,0.866,0.87,66841.4
1740506400000,2025-02-25 20:00:00,0.87,0.88,0.864,0.866,57490.2
1740510000000,2025-02-25 21:00:00,0.866,0.885,0.86,0.885,43037.0
1740513600000,2025-02-25 22:00:00,0.885,0.909,0.882,0.896,104033.3
1740517200000,2025-02-25 23:00:00,0.896,0.904,0.891,0.903,39739.4
1740520800000,2025-02-26 00:00:00,0.903,0.909,0.897,0.904,59772.9
1740524400000,2025-02-26 01:00:00,0.904,0.91,0.899,0.9,14983.9
1740528000000,2025-02-26 02:00:00,0.9,0.9,0.891,0.893,76093.9
1740531600000,2025-02-26 03:00:00,0.893,0.9,0.892,0.898,24952.9
1740535200000,2025-02-26 04:00:00,0.898,0.913,0.891,0.909,70152.1
1740538800000,2025-02-26 05:00:00,0.909,0.915,0.906,0.908,38204.8
1740542400000,2025-02-26 06:00:00,0.908,0.917,0.907,0.91,69495.0
1740546000000,2025-02-26 07:00:00,0.91,0.916,0.8999,0.9009,135148.3
1740549600000,2025-02-26 08:00:00,0.9009,0.914,0.8992,0.9125,32322.6
1740553200000,2025-02-26 09:00:00,0.9125,0.914,0.902,0.9086,31004.0
1740556800000,2025-02-26 10:00:00,0.9086,0.9106,0.8975,0.9018,63592.0
1740560400000,2025-02-26 11:00:00,0.9018,0.9172,0.9003,0.9148,57553.7
1740564000000,2025-02-26 12:00:00,0.9148,0.9149,0.908,0.9123,38382.9
1740567600000,2025-02-26 13:00:00,0.9123,0.9137,0.8964,0.8968,66528.4
1740571200000,2025-02-26 14:00:00,0.8968,0.8985,0.8756,0.8823,86278.8
1740574800000,2025-02-26 15:00:00,0.8823,0.8876,0.869,0.8701,79884.9
1740578400000,2025-02-26 16:00:00,0.8701,0.8903,0.8588,0.887,191102.1
1740582000000,2025-02-26 17:00:00,0.887,0.9066,0.8864,0.8883,140218.0
1740585600000,2025-02-26 18:00:00,0.8883,0.8941,0.8724,0.883,179474.3
1740589200000,2025-02-26 19:00:00,0.883,0.889,0.8565,0.8606,218017.6
1740592800000,2025-02-26 20:00:00,0.8606,0.8671,0.8328,0.837,300996.3
1740596400000,2025-02-26 21:00:00,0.837,0.8499,0.8323,0.8382,176386.8
1740600000000,2025-02-26 22:00:00,0.8382,0.8644,0.8272,0.863,185717.0
1740603600000,2025-02-26 23:00:00,0.863,0.8705,0.8543,0.8682,104907.6
1740607200000,2025-02-27 00:00:00,0.8682,0.8884,0.8674,0.8807,125761.2
1740610800000,2025-02-27 01:00:00,0.8807,0.8848,0.8674,0.874,393206.1
1740614400000,2025-02-27 02:00:00,0.874,0.8801,0.8636,0.8729,115363.0
1740618000000,2025-02-27 03:00:00,0.8729,0.8895,0.8669,0.8787,126377.2
1740621600000,2025-02-27 04:00:00,0.8787,0.8897,0.8746,0.8779,290916.5
1740625200000,2025-02-27 05:00:00,0.8779,0.8944,0.8763,0.8914,294073.8
1740628800000,2025-02-27 06:00:00,0.8914,0.8969,0.8826,0.8892,96692.6
1740632400000,2025-02-27 07:00:00,0.8892,0.8981,0.8861,0.8949,82177.3
1740636000000,2025-02-27 08:00:00,0.8949,0.909,0.8938,0.9022,168772.9
1740639600000,2025-02-27 09:00:00,0.9022,0.9147,0.9013,0.9083,73486.2
1740643200000,2025-02-27 10:00:00,0.9083,0.9147,0.9048,0.9145,56048.8
1740646800000,2025-02-27 11:00:00,0.9145,0.9182,0.9094,0.9167,99394.7
1740650400000,2025-02-27 12:00:00,0.9167,0.9349,0.9147,0.93,311797.4
1740654000000,2025-02-27 13:00:00,0.93,0.932,0.9165,0.9185,190512.0
1740657600000,2025-02-27 14:00:00,0.9185,0.9227,0.9123,0.916,53866.3
1740661200000,2025-02-27 15:00:00,0.916,0.9199,0.9079,0.9109,48243.5
1740664800000,2025-02-27 16:00:00,0.9109,0.915,0.8965,0.8986,146785.2
1740668400000,2025-02-27 17:00:00,0.8986,0.909,0.8915,0.9033,58766.9
1740672000000,2025-02-27 18:00:00,0.9033,0.9058,0.8893,0.8899,70786.9
1740675600000,2025-02-27 19:00:00,0.8899,0.899,0.887,0.8976,98016.6
1740679200000,2025-02-27 20:00:00,0.8976,0.9081,0.8945,0.9046,120966.4
1740682800000,2025-02-27 21:00:00,0.9046,0.9046,0.8845,0.8891,96792.8
1740686400000,2025-02-27 22:00:00,0.8891,0.8894,0.8749,0.8807,113343.6
1740690000000,2025-02-27 23:00:00,0.8807,0.8929,0.8682,0.8915,172486.4
1740693600000,2025-02-28 00:00:00,0.8915,0.8991,0.8846,0.8991,56246.9
1740697200000,2025-02-28 01:00:00,0.8991,0.9048,0.8957,0.9033,114353.2
1740700800000,2025-02-28 02:00:00,0.9033,0.9051,0.895,0.896,51759.7
1740704400000,2025-02-28 03:00:00,0.896,0.9005,0.8546,0.8566,479976.8
1740708000000,2025-02-28 04:00:00,0.8566,0.87,0.8415,0.8553,457054.7
1740711600000,2025-02-28 05:00:00,0.8553,0.8604,0.834,0.8357,411095.3
1740715200000,2025-02-28 06:00:00,0.8357,0.8383,0.8177,0.8307,361509.5
1740718800000,2025-02-28 07:00:00,0.8307,0.8341,0.8171,0.828,172131.0
1740722400000,2025-02-28 08:00:00,0.828,0.8333,0.816,0.8242,318399.6
1740726000000,2025-02-28 09:00:00,0.8242,0.8401,0.8231,0.8345,146463.6
1740729600000,2025-02-28 10:00:00,0.8345,0.8417,0.8179,0.8408,223984.7
1740733200000,2025-02-28 11:00:00,0.8408,0.8539,0.8379,0.8497,137973.8
1740736800000,2025-02-28 12:00:00,0.8497,0.8525,0.8404,0.8437,140262.6
1740740400000,2025-02-28 13:00:00,0.8437,0.855,0.8407,0.8435,86807.2
1740744000000,2025-02-28 14:00:00,0.8435,0.8495,0.8358,0.8456,178060.8
1740747600000,2025-02-28 15:00:00,0.8456,0.8751,0.844,0.8666,366423.6
1740751200000,2025-02-28 16:00:00,0.8666,0.8799,0.8627,0.8739,110519.5
1740754800000,2025-02-28 17:00:00,0.8739,0.8989,0.8735,0.8905,183581.7
1740758400000,2025-02-28 18:00:00,0.8905,0.9032,0.8834,0.8964,308349.7
1740762000000,2025-02-28 19:00:00,0.8964,0.9031,0.8943,0.9005,89304.5
1740765600000,2025-02-28 20:00:00,0.9005,0.9185,0.8956,0.9113,186449.1
1740769200000,2025-02-28 21:00:00,0.9113,0.9144,0.9075,0.909,71579.1
1740772800000,2025-02-28 22:00:00,0.909,0.9133,0.8982,0.9016,179452.5
1740776400000,2025-02-28 23:00:00,0.9016,0.9101,0.9,0.907,26341.1
1740780000000,2025-03-01 00:00:00,0.907,0.9104,0.8988,0.9028,115887.1
1740783600000,2025-03-01 01:00:00,0.9028,0.9117,0.9021,0.9106,46063.3
1740787200000,2025-03-01 02:00:00,0.9106,0.9119,0.8952,0.8952,115548.6
1740790800000,2025-03-01 03:00:00,0.8952,0.913,0.895,0.9108,78146.5
1740794400000,2025-03-01 04:00:00,0.9108,0.9135,0.9019,0.9051,52356.3
1740798000000,2025-03-01 05:00:00,0.9051,0.9106,0.903,0.903,21933.5
1740801600000,2025-03-01 06:00:00,0.903,0.909,0.9011,0.905,37377.8
1740805200000,2025-03-01 07:00:00,0.905,0.9052,0.8965,0.8972,20807.6
1740808800000,2025-03-01 08:00:00,0.8972,0.902,0.8889,0.8891,55195.2
1740812400000,2025-03-01 09:00:00,0.8891,0.8891,0.88,0.8816,118249.0
1740816000000,2025-03-01 10:00:00,0.8816,0.8917,0.8816,0.8897,75390.7
1740819600000,2025-03-01 11:00:00,0.8897,0.8925,0.8823,0.8868,65834.1
1740823200000,2025-03-01 12:00:00,0.8868,0.8868,0.87,0.8723,90104.0
1740826800000,2025-03-01 13:00:00,0.8723,0.8737,0.8631,0.8696,74252.4
1740830400000,2025-03-01 14:00:00,0.8696,0.8805,0.8655,0.8772,108968.0
1740834000000,2025-03-01 15:00:00,0.8772,0.88,0.861,0.8652,100126.3
1740837600000,2025-03-01 16:00:00,0.8652,0.8742,0.8651,0.8718,68232.3
1740841200000,2025-03-01 17:00:00,0.8718,0.8801,0.8671,0.871,132914.4
1740844800000,2025-03-01 18:00:00,0.871,0.8786,0.8692,0.8785,71554.2
1740848400000,2025-03-01 19:00:00,0.8785,0.8785,0.869,0.874,63829.9
1740852000000,2025-03-01 20:00:00,0.874,0.8761,0.8689,0.8746,71179.8
1740855600000,2025-03-01 21:00:00,0.8746,0.8838,0.8736,0.8755,56031.1
1740859200000,2025-03-01 22:00:00,0.8755,0.8792,0.872,0.879,91459.4
1740862800000,2025-03-01 23:00:00,0.879,0.8906,0.8729,0.8887,106831.3
1740866400000,2025-03-02 00:00:00,0.8887,0.893,0.8849,0.8901,81044.9
1740870000000,2025-03-02 01:00:00,0.8901,0.8924,0.8816,0.8901,57861.7
1740873600000,2025-03-02 02:00:00,0.8901,0.8917,0.88,0.8866,52521.4
1740877200000,2025-03-02 03:00:00,0.8866,0.8928,0.8843,0.8904,36371.1
1740880800000,2025-03-02 04:00:00,0.8904,0.8955,0.8857,0.892,49408.3
1740884400000,2025-03-02 05:00:00,0.892,0.8934,0.8845,0.8917,104573.5
1740888000000,2025-03-02 06:00:00,0.8917,0.9066,0.8917,0.9012,140195.3
1740891600000,2025-03-02 07:00:00,0.9012,0.9111,0.9004,0.9058,108976.4
1740895200000,2025-03-02 08:00:00,0.9058,0.9084,0.8982,0.9016,89593.5
1740898800000,2025-03-02 09:00:00,0.9016,0.9036,0.8944,0.8948,55246.3
1740902400000,2025-03-02 10:00:00,0.8948,0.8976,0.8879,0.8961,74040.6
1740906000000,2025-03-02 11:00:00,0.8961,0.9063,0.893,0.9008,99350.7
1740909600000,2025-03-02 12:00:00,0.9008,0.9168,0.8998,0.9134,146963.9
1740913200000,2025-03-02 13:00:00,0.9134,0.9228,0.9116,0.9132,182862.2
1740916800000,2025-03-02 14:00:00,0.9132,0.926,0.9111,0.9165,180575.1
1740920400000,2025-03-02 15:00:00,0.9165,0.9165,0.9043,0.9088,159563.6
1740924000000,2025-03-02 16:00:00,0.9088,0.9142,0.897,0.9016,168738.5
1740927600000,2025-03-02 17:00:00,0.9016,0.9596,0.9002,0.9327,954505.8
1740931200000,2025-03-02 18:00:00,0.9327,1.0083,0.9327,0.9996,1214454.0
1740934800000,2025-03-02 19:00:00,0.9996,1.0168,0.9818,1.0021,479018.2
1740938400000,2025-03-02 20:00:00,1.0021,1.0096,0.9814,0.9879,309336.4
1740942000000,2025-03-02 21:00:00,0.9879,1.0131,0.9879,1.0079,157003.8
1740945600000,2025-03-02 22:00:00,1.0079,1.0096,0.9996,1.004,122700.4
1740949200000,2025-03-02 23:00:00,1.004,1.0103,1.0001,1.0087,138421.0
1740952800000,2025-03-03 00:00:00,1.0087,1.0142,1.004,1.0127,73855.9
1740956400000,2025-03-03 01:00:00,1.0127,1.018,1.0061,1.0086,134245.1
1740960000000,2025-03-03 02:00:00,1.0086,1.0112,0.9953,0.9955,136398.6
1740963600000,2025-03-03 03:00:00,0.9955,0.9961,0.9783,0.9841,249189.9
1740967200000,2025-03-03 04:00:00,0.9841,0.9853,0.9695,0.9772,188502.3
1740970800000,2025-03-03 05:00:00,0.9772,0.9798,0.9614,0.9679,110811.7
1740974400000,2025-03-03 06:00:00,0.9679,0.973,0.9646,0.973,57355.1
1740978000000,2025-03-03 07:00:00,0.973,0.9792,0.9727,0.976,112420.1
1740981600000,2025-03-03 08:00:00,0.976,0.9762,0.9339,0.94,300057.3
1740985200000,2025-03-03 09:00:00,0.94,0.9528,0.9309,0.9508,135028.7
1740988800000,2025-03-03 10:00:00,0.9508,0.9551,0.9304,0.9368,205025.2
1740992400000,2025-03-03 11:00:00,0.9368,0.9482,0.9297,0.944,204343.5
1740996000000,2025-03-03 12:00:00,0.944,0.9529,0.9419,0.9505,211602.5
1740999600000,2025-03-03 13:00:00,0.9505,0.953,0.9416,0.9514,77776.5
1741003200000,2025-03-03 14:00:00,0.9514,0.9687,0.9466,0.9613,220718.6
1741006800000,2025-03-03 15:00:00,0.9613,0.9816,0.9603,0.9785,219233.2
1741010400000,2025-03-03 16:00:00,0.9785,0.9787,0.939,0.94,435437.0
1741014000000,2025-03-03 17:00:00,0.94,0.9992,0.9394,0.9794,2710775.6
1741017600000,2025-03-03 18:00:00,0.9794,0.9844,0.9632,0.9702,424911.4
1741021200000,2025-03-03 19:00:00,0.9702,0.9704,0.9536,0.9577,216874.1
1741024800000,2025-03-03 20:00:00,0.9577,0.959,0.9113,0.9182,627466.9
1741028400000,2025-03-03 21:00:00,0.9182,0.9287,0.8936,0.9009,729069.5
1741032000000,2025-03-03 22:00:00,0.9009,0.912,0.8933,0.9099,317012.3
1741035600000,2025-03-03 23:00:00,0.9099,0.9125,0.8882,0.89,172623.3
1741039200000,2025-03-04 00:00:00,0.89,0.9112,0.8886,0.9078,135863.5
1741042800000,2025-03-04 01:00:00,0.9078,0.9078,0.8936,0.8966,131084.0
1741046400000,2025-03-04 02:00:00,0.8966,0.8989,0.867,0.8673,459333.9
1741050000000,2025-03-04 03:00:00,0.8673,0.8718,0.8223,0.8324,844188.8
1741053600000,2025-03-04 04:00:00,0.8324,0.8485,0.8108,0.8407,1002471.1
1741057200000,2025-03-04 05:00:00,0.8407,0.8464,0.8302,0.8405,185858.8
1741060800000,2025-03-04 06:00:00,0.8405,0.8535,0.8358,0.8449,161255.5
1741064400000,2025-03-04 07:00:00,0.8449,0.8619,0.8418,0.8587,103490.2
1741068000000,2025-03-04 08:00:00,0.8587,0.8662,0.8513,0.8575,267968.7
1741071600000,2025-03-04 09:00:00,0.8575,0.8707,0.8514,0.8669,173626.7
1741075200000,2025-03-04 10:00:00,0.8669,0.8775,0.8622,0.8697,161204.8
1741078800000,2025-03-04 11:00:00,0.8697,0.8737,0.8542,0.8545,284753.6
1741082400000,2025-03-04 12:00:00,0.8545,0.8734,0.8534,0.8707,205109.6
1741086000000,2025-03-04 13:00:00,0.8707,0.8871,0.8677,0.8834,364103.8
1741089600000,2025-03-04 14:00:00,0.8834,0.8914,0.8717,0.8869,273825.7
1741093200000,2025-03-04 15:00:00,0.8869,0.8869,0.8594,0.8628,269034.0
1741096800000,2025-03-04 16:00:00,0.8628,0.911,0.8527,0.866,691724.4
1741100400000,2025-03-04 17:00:00,0.866,0.8808,0.8539,0.8727,215883.8
1741104000000,2025-03-04 18:00:00,0.8727,0.8772,0.8316,0.8692,495046.9
1741107600000,2025-03-04 19:00:00,0.8692,0.9127,0.868,0.9072,287045.7
1741111200000,2025-03-04 20:00:00,0.9072,0.9366,0.9066,0.9347,336143.8
1741114800000,2025-03-04 21:00:00,0.9347,0.9444,0.9265,0.937,257592.9
1741118400000,2025-03-04 22:00:00,0.937,0.9411,0.9226,0.9237,162388.6
1741122000000,2025-03-04 23:00:00,0.9237,0.9477,0.9213,0.9329,195519.1
1741125600000,2025-03-05 00:00:00,0.9329,0.9403,0.9248,0.9318,167402.4
1741129200000,2025-03-05 01:00:00,0.9318,0.9399,0.9286,0.9322,42671.9
1741132800000,2025-03-05 02:00:00,0.9322,0.9445,0.9312,0.9338,110318.8
1741136400000,2025-03-05 03:00:00,0.9338,0.9427,0.9271,0.9419,110470.5
1741140000000,2025-03-05 04:00:00,0.9419,0.9423,0.925,0.9325,96244.7
1741143600000,2025-03-05 05:00:00,0.9325,0.9359,0.9087,0.9088,88490.5
1741147200000,2025-03-05 06:00:00,0.9088,0.9191,0.9081,0.9164,61931.6
1741150800000,2025-03-05 07:00:00,0.9164,0.917,0.9072,0.9107,35171.3
1741154400000,2025-03-05 08:00:00,0.9107,0.9109,0.9032,0.9074,46333.4
1741158000000,2025-03-05 09:00:00,0.9074,0.925,0.9051,0.9234,118374.1
1741161600000,2025-03-05 10:00:00,0.9234,0.9354,0.918,0.9263,160431.2
1741165200000,2025-03-05 11:00:00,0.9263,0.955,0.9258,0.9487,197390.1
1741168800000,2025-03-05 12:00:00,0.9487,0.9755,0.9482,0.9483,216261.7
1741172400000,2025-03-05 13:00:00,0.9483,0.9499,0.9187,0.9226,344136.7
1741176000000,2025-03-05 14:00:00,0.9226,0.9421,0.9224,0.941,305520.4
1741179600000,2025-03-05 15:00:00,0.941,0.9493,0.9259,0.9344,513199.5
1741183200000,2025-03-05 16:00:00,0.9344,0.9382,0.9226,0.9319,366005.4
1741186800000,2025-03-05 17:00:00,0.9319,0.948,0.9317,0.9421,245888.9
1741190400000,2025-03-05 18:00:00,0.9421,0.9445,0.9187,0.9329,263633.1
1741194000000,2025-03-05 19:00:00,0.9329,0.9526,0.9307,0.9471,299095.5
1741197600000,2025-03-05 20:00:00,0.9471,0.9547,0.9409,0.9538,196230.0
1741201200000,2025-03-05 21:00:00,0.9538,0.9591,0.944,0.9464,108219.8
1741204800000,2025-03-05 22:00:00,0.9464,0.9486,0.9391,0.944,120273.3
1741208400000,2025-03-05 23:00:00,0.944,0.9465,0.9352,0.9399,81242.5
1741212000000,2025-03-06 00:00:00,0.9399,0.9423,0.9299,0.9393,53215.5
1741215600000,2025-03-06 01:00:00,0.9393,0.9421,0.9341,0.9364,66659.5
1741219200000,2025-03-06 02:00:00,0.9364,0.943,0.9237,0.9266,118781.3
1741222800000,2025-03-06 03:00:00,0.9266,0.9478,0.925,0.9345,78545.8
1741226400000,2025-03-06 04:00:00,0.9345,0.9404,0.9308,0.938,58008.8
1741230000000,2025-03-06 05:00:00,0.938,0.9436,0.9343,0.9408,59462.9
1741233600000,2025-03-06 06:00:00,0.9408,0.9534,0.9341,0.9482,49176.7
1741237200000,2025-03-06 07:00:00,0.9482,0.9554,0.9441,0.9481,91249.2
1741240800000,2025-03-06 08:00:00,0.9481,0.9505,0.9384,0.9395,64509.2
1741244400000,2025-03-06 09:00:00,0.9395,0.9445,0.9317,0.9344,61168.6
1741248000000,2025-03-06 10:00:00,0.9344,0.9493,0.9334,0.9425,47185.0
1741251600000,2025-03-06 11:00:00,0.9425,0.9432,0.9331,0.9376,141920.1
1741255200000,2025-03-06 12:00:00,0.9376,0.95,0.9342,0.948,77607.4
1741258800000,2025-03-06 13:00:00,0.948,0.9503,0.9419,0.9419,58106.8
1741262400000,2025-03-06 14:00:00,0.9419,0.9431,0.9212,0.9241,87822.0
1741266000000,2025-03-06 15:00:00,0.9241,0.9266,0.9153,0.9162,96026.4
1741269600000,2025-03-06 16:00:00,0.9162,0.9228,0.9045,0.9197,191851.0
1741273200000,2025-03-06 17:00:00,0.9197,0.9306,0.9156,0.919,157622.4
1741276800000,2025-03-06 18:00:00,0.919,0.924,0.9062,0.9062,88246.1
1741280400000,2025-03-06 19:00:00,0.9062,0.9081,0.8835,0.8912,317596.8
1741284000000,2025-03-06 20:00:00,0.8912,0.8916,0.8775,0.8809,189704.5
1741287600000,2025-03-06 21:00:00,0.8809,0.8909,0.8757,0.883,65127.1
1741291200000,2025-03-06 22:00:00,0.883,0.8906,0.8799,0.8861,101382.5
1741294800000,2025-03-06 23:00:00,0.8861,0.8948,0.8845,0.8909,52219.7
1741298400000,2025-03-07 00:00:00,0.8909,0.9002,0.8881,0.8961,81101.1
1741302000000,2025-03-07 01:00:00,0.8961,0.8988,0.8883,0.8889,34549.7
1741305600000,2025-03-07 02:00:00,0.8889,0.8947,0.8452,0.8497,498924.8
1741309200000,2025-03-07 03:00:00,0.8497,0.8828,0.8445,0.8783,110115.1
1741312800000,2025-03-07 04:00:00,0.8783,0.8908,0.8744,0.8813,75867.2
1741316400000,2025-03-07 05:00:00,0.8813,0.888,0.8803,0.8816,36570.0
1741320000000,2025-03-07 06:00:00,0.8816,0.8863,0.8789,0.879,34094.8
1741323600000,2025-03-07 07:00:00,0.879,0.8901,0.8784,0.887,36889.3
1741327200000,2025-03-07 08:00:00,0.887,0.8941,0.8841,0.8916,35215.7
1741330800000,2025-03-07 09:00:00,0.8916,0.8987,0.8904,0.8965,43480.0
1741334400000,2025-03-07 10:00:00,0.8965,0.8975,0.8846,0.8893,33121.5
1741338000000,2025-03-07 11:00:00,0.8893,0.9057,0.8883,0.8975,155789.2
1741341600000,2025-03-07 12:00:00,0.8975,0.9062,0.8968,0.906,51658.7
1741345200000,2025-03-07 13:00:00,0.906,0.915,0.9051,0.9085,88651.0
1741348800000,2025-03-07 14:00:00,0.9085,0.9105,0.8984,0.9016,87865.2
1741352400000,2025-03-07 15:00:00,0.9016,0.93,0.9001,0.9253,359855.4
1741356000000,2025-03-07 16:00:00,0.9253,0.9483,0.9137,0.9397,227865.9
1741359600000,2025-03-07 17:00:00,0.9397,0.946,0.9206,0.937,194359.5
1741363200000,2025-03-07 18:00:00,0.937,0.9438,0.9088,0.9176,202272.0
1741366800000,2025-03-07 19:00:00,0.9176,0.933,0.913,0.9247,149336.6
1741370400000,2025-03-07 20:00:00,0.9247,0.9501,0.923,0.9489,144282.7
1741374000000,2025-03-07 21:00:00,0.9489,0.9546,0.9324,0.9417,192772.1
1741377600000,2025-03-07 22:00:00,0.9417,0.9494,0.926,0.9359,336209.6
1741381200000,2025-03-07 23:00:00,0.9359,0.9376,0.9156,0.9244,116736.5
1741384800000,2025-03-08 00:00:00,0.9244,0.9262,0.9065,0.9219,98650.4
1741388400000,2025-03-08 01:00:00,0.9219,0.9249,0.9065,0.9167,109394.6
1741392000000,2025-03-08 02:00:00,0.9167,0.9233,0.909,0.922,72345.5
1741395600000,2025-03-08 03:00:00,0.922,0.9256,0.8914,0.9053,97059.3
1741399200000,2025-03-08 04:00:00,0.9053,0.9076,0.8987,0.904,48057.8
1741402800000,2025-03-08 05:00:00,0.904,0.904,0.8932,0.8986,43398.8
1741406400000,2025-03-08 06:00:00,0.8986,0.9039,0.8927,0.9024,38388.2
1741410000000,2025-03-08 07:00:00,0.9024,0.9026,0.8887,0.8999,131471.0
1741413600000,2025-03-08 08:00:00,0.8999,0.9007,0.8887,0.8906,59739.0
1741417200000,2025-03-08 09:00:00,0.8906,0.8941,0.884,0.8861,104346.8
1741420800000,2025-03-08 10:00:00,0.8861,0.8884,0.8724,0.8725,119960.3
1741424400000,2025-03-08 11:00:00,0.8725,0.8788,0.8654,0.8662,89411.0
1741428000000,2025-03-08 12:00:00,0.8662,0.8762,0.8662,0.8736,83384.9
1741431600000,2025-03-08 13:00:00,0.8736,0.8736,0.8602,0.8668,55433.1
1741435200000,2025-03-08 14:00:00,0.8668,0.8769,0.8609,0.8727,93386.6
1741438800000,2025-03-08 15:00:00,0.8727,0.8804,0.8661,0.8765,120706.4
1741442400000,2025-03-08 16:00:00,0.8765,0.8823,0.8726,0.8801,192613.6
1741446000000,2025-03-08 17:00:00,0.8801,0.8873,0.8748,0.8824,76187.1
1741449600000,2025-03-08 18:00:00,0.8824,0.8839,0.8662,0.8793,63798.3
1741453200000,2025-03-08 19:00:00,0.8793,0.8934,0.8748,0.8909,66569.8
1741456800000,2025-03-08 20:00:00,0.8909,0.8968,0.8881,0.893,62935.2
1741460400000,2025-03-08 21:00:00,0.893,0.9052,0.891,0.9016,44640.2
1741464000000,2025-03-08 22:00:00,0.9016,0.9032,0.8973,0.8989,53379.9
1741467600000,2025-03-08 23:00:00,0.8989,0.9072,0.8983,0.8991,74056.3
1741471200000,2025-03-09 00:00:00,0.8991,0.9,0.8852,0.8947,41599.2
1741474800000,2025-03-09 01:00:00,0.8947,0.898,0.8829,0.885,73637.8
1741478400000,2025-03-09 02:00:00,0.885,0.889,0.881,0.8819,31183.4
1741482000000,2025-03-09 03:00:00,0.8819,0.8843,0.8774,0.8793,53038.8
1741485600000,2025-03-09 04:00:00,0.8793,0.8805,0.874,0.8744,18594.8
1741489200000,2025-03-09 05:00:00,0.8744,0.8794,0.8711,0.877,117217.4
1741492800000,2025-03-09 06:00:00,0.877,0.8823,0.8742,0.8787,33311.5
1741496400000,2025-03-09 07:00:00,0.8787,0.8791,0.8709,0.8709,30155.4
1741500000000,2025-03-09 08:00:00,0.8709,0.8719,0.8651,0.866,31902.0
1741503600000,2025-03-09 09:00:00,0.866,0.8768,0.8648,0.8737,27664.6
1741507200000,2025-03-09 10:00:00,0.8737,0.8764,0.8688,0.8731,59182.6
1741510800000,2025-03-09 11:00:00,0.8731,0.88,0.8689,0.8701,58763.4
1741514400000,2025-03-09 12:00:00,0.8701,0.8767,0.8518,0.8553,194723.1
1741518000000,2025-03-09 13:00:00,0.8553,0.8615,0.8514,0.8605,143671.5
1741521600000,2025-03-09 14:00:00,0.8605,0.8661,0.8538,0.8651,237469.4
1741525200000,2025-03-09 15:00:00,0.8651,0.8694,0.8496,0.85,163717.9
1741528800000,2025-03-09 16:00:00,0.85,0.8602,0.8454,0.8568,186251.0
1741532400000,2025-03-09 17:00:00,0.8568,0.8575,0.8343,0.8396,162277.8
1741536000000,2025-03-09 18:00:00,0.8396,0.8532,0.8232,0.8265,326711.2
1741539600000,2025-03-09 19:00:00,0.8265,0.8346,0.8182,0.8198,188959.0
1741543200000,2025-03-09 20:00:00,0.8198,0.8378,0.8119,0.8229,301987.1
1741546800000,2025-03-09 21:00:00,0.8229,0.8367,0.8225,0.8296,109716.5
1741550400000,2025-03-09 22:00:00,0.8296,0.8407,0.8264,0.8278,91687.9
1741554000000,2025-03-09 23:00:00,0.8278,0.8325,0.8063,0.8094,278258.0
1741557600000,2025-03-10 00:00:00,0.8094,0.813,0.8008,0.8089,273599.4
1741561200000,2025-03-10 01:00:00,0.8089,0.8195,0.8014,0.8124,144290.1
1741564800000,2025-03-10 02:00:00,0.8124,0.8314,0.8007,0.8261,190470.0
1741568400000,2025-03-10 03:00:00,0.8261,0.8344,0.8203,0.822,146214.8
1741572000000,2025-03-10 04:00:00,0.822,0.8394,0.8217,0.8338,98324.6
1741575600000,2025-03-10 05:00:00,0.8338,0.8434,0.8287,0.838,79970.3
1741579200000,2025-03-10 06:00:00,0.838,0.8526,0.8359,0.8525,77559.4
1741582800000,2025-03-10 07:00:00,0.8525,0.8549,0.8461,0.8508,51419.3
1741586400000,2025-03-10 08:00:00,0.8508,0.857,0.849,0.8558,132122.2
1741590000000,2025-03-10 09:00:00,0.8558,0.8626,0.8501,0.8589,84933.0
1741593600000,2025-03-10 10:00:00,0.8589,0.8592,0.8397,0.8458,102971.1
1741597200000,2025-03-10 11:00:00,0.8458,0.8964,0.8457,0.869,328923.4
1741600800000,2025-03-10 12:00:00,0.869,0.877,0.8604,0.8663,115450.6
1741604400000,2025-03-10 13:00:00,0.8663,0.8829,0.8632,0.8806,67164.1
1741608000000,2025-03-10 14:00:00,0.8806,0.8968,0.8789,0.8861,253654.8
1741611600000,2025-03-10 15:00:00,0.8861,0.887,0.853,0.8564,195841.5
1741615200000,2025-03-10 16:00:00,0.8564,0.8571,0.8231,0.8294,431104.9
1741618800000,2025-03-10 17:00:00,0.8294,0.85,0.827,0.8378,155450.8
1741622400000,2025-03-10 18:00:00,0.8378,0.843,0.8267,0.8299,147881.3
1741626000000,2025-03-10 19:00:00,0.8299,0.8325,0.7944,0.7987,456421.6
1741629600000,2025-03-10 20:00:00,0.7987,0.8169,0.7657,0.7674,478127.2
1741633200000,2025-03-10 21:00:00,0.7674,0.8172,0.7622,0.8161,437006.5
1741636800000,2025-03-10 22:00:00,0.8161,0.8161,0.7887,0.797,271763.0
1741640400000,2025-03-10 23:00:00,0.797,0.8043,0.7913,0.7975,151693.8
1741644000000,2025-03-11 00:00:00,0.7975,0.7986,0.7826,0.7857,176571.3
1741647600000,2025-03-11 01:00:00,0.7857,0.7926,0.7789,0.7804,154558.8
1741651200000,2025-03-11 02:00:00,0.7804,0.7898,0.7238,0.7458,1114635.0
1741654800000,2025-03-11 03:00:00,0.7458,0.7704,0.7268,0.7685,449992.1
1741658400000,2025-03-11 04:00:00,0.7685,0.7742,0.7633,0.7728,143716.1
1741662000000,2025-03-11 05:00:00,0.7728,0.7825,0.7699,0.7707,135551.7
1741665600000,2025-03-11 06:00:00,0.7707,0.7868,0.768,0.7787,138691.4
1741669200000,2025-03-11 07:00:00,0.7787,0.8004,0.7786,0.7893,120799.6
1741672800000,2025-03-11 08:00:00,0.7893,0.794,0.7865,0.7875,70734.7
1741676400000,2025-03-11 09:00:00,0.7875,0.7992,0.7858,0.794,155082.6
1741680000000,2025-03-11 10:00:00,0.794,0.8011,0.7903,0.794,108287.7
1741683600000,2025-03-11 11:00:00,0.794,0.7986,0.7897,0.7903,103457.1
1741687200000,2025-03-11 12:00:00,0.7903,0.7931,0.787,0.7889,106679.0
1741690800000,2025-03-11 13:00:00,0.7889,0.792,0.7805,0.786,95761.9
1741694400000,2025-03-11 14:00:00,0.786,0.7873,0.7737,0.7751,98773.3
1741698000000,2025-03-11 15:00:00,0.7751,0.8025,0.769,0.789,341599.8
1741701600000,2025-03-11 16:00:00,0.789,0.7926,0.7546,0.7622,425342.4
1741705200000,2025-03-11 17:00:00,0.7622,0.7951,0.7606,0.7912,283141.3
1741708800000,2025-03-11 18:00:00,0.7912,0.804,0.7838,0.796,185125.6
1741712400000,2025-03-11 19:00:00,0.796,0.7979,0.7796,0.789,131064.3
1741716000000,2025-03-11 20:00:00,0.789,0.8249,0.7889,0.8189,202867.0
1741719600000,2025-03-11 21:00:00,0.8189,0.825,0.815,0.8204,131073.7
1741723200000,2025-03-11 22:00:00,0.8204,0.8259,0.8103,0.8103,164444.0
1741726800000,2025-03-11 23:00:00,0.8103,0.8164,0.8086,0.8153,81683.6
1741730400000,2025-03-12 00:00:00,0.8153,0.8172,0.8067,0.8129,95509.6
1741734000000,2025-03-12 01:00:00,0.8129,0.813,0.8,0.8035,45256.9
1741737600000,2025-03-12 02:00:00,0.8035,0.8056,0.7904,0.7945,122635.1
1741741200000,2025-03-12 03:00:00,0.7945,0.8145,0.7934,0.8073,85947.5
1741744800000,2025-03-12 04:00:00,0.8073,0.8077,0.7925,0.7957,89252.7
1741748400000,2025-03-12 05:00:00,0.7957,0.798,0.7835,0.7843,57054.0
1741752000000,2025-03-12 06:00:00,0.7843,0.7843,0.7708,0.7738,90923.1
1741755600000,2025-03-12 07:00:00,0.7738,0.7848,0.7725,0.7811,558492.8
1741759200000,2025-03-12 08:00:00,0.7811,0.7873,0.7769,0.7852,76668.8
1741762800000,2025-03-12 09:00:00,0.7852,0.8034,0.7847,0.8012,98422.7
1741766400000,2025-03-12 10:00:00,0.8012,0.8198,0.7959,0.8158,233736.0
1741770000000,2025-03-12 11:00:00,0.8158,0.8339,0.8158,0.8298,1960247.9
1741773600000,2025-03-12 12:00:00,0.8298,0.8339,0.8219,0.8306,171179.0
1741777200000,2025-03-12 13:00:00,0.8306,0.8417,0.8289,0.8387,186343.9
1741780800000,2025-03-12 14:00:00,0.8387,0.855,0.8266,0.8428,660236.7
1741784400000,2025-03-12 15:00:00,0.8428,0.8441,0.8123,0.8158,344885.4
1741788000000,2025-03-12 16:00:00,0.8158,0.8184,0.7991,0.8013,308902.7
1741791600000,2025-03-12 17:00:00,0.8013,0.8044,0.7884,0.8041,319701.1
1741795200000,2025-03-12 18:00:00,0.8041,0.8184,0.7998,0.8033,389640.3
1741798800000,2025-03-12 19:00:00,0.8033,0.8161,0.7999,0.8014,216308.0
1741802400000,2025-03-12 20:00:00,0.8014,0.8206,0.801,0.8168,132037.2
1741806000000,2025-03-12 21:00:00,0.8168,0.8228,0.8083,0.8152,350238.4
1741809600000,2025-03-12 22:00:00,0.8152,0.817,0.8091,0.8141,155455.8
1741813200000,2025-03-12 23:00:00,0.8141,0.8252,0.8133,0.8206,169532.5
1741816800000,2025-03-13 00:00:00,0.8206,0.8261,0.8196,0.8252,150286.3
1741820400000,2025-03-13 01:00:00,0.8252,0.8252,0.8148,0.8238,110497.8
1741824000000,2025-03-13 02:00:00,0.8238,0.8271,0.8155,0.8172,127814.2
1741827600000,2025-03-13 03:00:00,0.8172,0.8207,0.811,0.8145,108022.4
1741831200000,2025-03-13 04:00:00,0.8145,0.8235,0.8071,0.8073,106129.3
1741834800000,2025-03-13 05:00:00,0.8073,0.8129,0.8044,0.805,44773.4
1741838400000,2025-03-13 06:00:00,0.805,0.8085,0.7962,0.799,67460.2
1741842000000,2025-03-13 07:00:00,0.799,0.8042,0.7941,0.7976,75767.3
1741845600000,2025-03-13 08:00:00,0.7976,0.8006,0.7937,0.7964,58615.2
1741849200000,2025-03-13 09:00:00,0.7964,0.8046,0.795,0.7993,49712.2
1741852800000,2025-03-13 10:00:00,0.7993,0.8047,0.7898,0.8043,84652.3
1741856400000,2025-03-13 11:00:00,0.8043,0.8163,0.8043,0.8162,153720.2
1741860000000,2025-03-13 12:00:00,0.8162,0.8237,0.8083,0.823,154730.7
1741863600000,2025-03-13 13:00:00,0.823,0.8246,0.8122,0.8205,66869.2
1741867200000,2025-03-13 14:00:00,0.8205,0.8353,0.8126,0.8153,185169.8
1741870800000,2025-03-13 15:00:00,0.8153,0.824,0.8069,0.8099,92757.6
1741874400000,2025-03-13 16:00:00,0.8099,0.8237,0.8072,0.8167,124588.9
1741878000000,2025-03-13 17:00:00,0.8167,0.819,0.8088,0.8103,81294.4
1741881600000,2025-03-13 18:00:00,0.8103,0.8124,0.7875,0.7925,169430.6
1741885200000,2025-03-13 19:00:00,0.7925,0.7941,0.7821,0.7839,83561.8
1741888800000,2025-03-13 20:00:00,0.7839,0.7995,0.7836,0.7963,71824.0
1741892400000,2025-03-13 21:00:00,0.7963,0.7993,0.7859,0.7895,81089.1
1741896000000,2025-03-13 22:00:00,0.7895,0.7955,0.7844,0.7875,52925.2
1741899600000,2025-03-13 23:00:00,0.7875,0.796,0.7837,0.7946,275085.6
1741903200000,2025-03-14 00:00:00,0.7946,0.809,0.7941,0.809,61769.7
1741906800000,2025-03-14 01:00:00,0.809,0.8103,0.8006,0.8016,59138.9
1741910400000,2025-03-14 02:00:00,0.8016,0.8085,0.7998,0.8045,39947.4
1741914000000,2025-03-14 03:00:00,0.8045,0.8111,0.8022,0.8069,37978.3
1741917600000,2025-03-14 04:00:00,0.8069,0.8195,0.8066,0.8137,173308.4
1741921200000,2025-03-14 05:00:00,0.8137,0.8151,0.8071,0.8135,211269.0
1741924800000,2025-03-14 06:00:00,0.8135,0.8189,0.8126,0.8157,71071.2
1741928400000,2025-03-14 07:00:00,0.8157,0.8163,0.8102,0.811,53562.6
1741932000000,2025-03-14 08:00:00,0.811,0.8116,0.8068,0.8116,68794.3
1741935600000,2025-03-14 09:00:00,0.8116,0.8161,0.8083,0.8117,82328.3
1741939200000,2025-03-14 10:00:00,0.8117,0.8223,0.8117,0.8177,203771.1
1741942800000,2025-03-14 11:00:00,0.8177,0.8243,0.8163,0.8233,154501.1
1741946400000,2025-03-14 12:00:00,0.8233,0.8389,0.818,0.8316,302148.7
1741950000000,2025-03-14 13:00:00,0.8316,0.8322,0.8272,0.8309,89322.4
1741953600000,2025-03-14 14:00:00,0.8309,0.8322,0.8248,0.8316,92698.6
1741957200000,2025-03-14 15:00:00,0.8316,0.8387,0.8251,0.836,143977.3
1741960800000,2025-03-14 16:00:00,0.836,0.8427,0.8263,0.8359,236850.6
1741964400000,2025-03-14 17:00:00,0.8359,0.8509,0.8359,0.8418,186140.7
1741968000000,2025-03-14 18:00:00,0.8418,0.8503,0.8362,0.8468,426550.3
1741971600000,2025-03-14 19:00:00,0.8468,0.8468,0.8339,0.8388,169493.8
1741975200000,2025-03-14 20:00:00,0.8388,0.8438,0.8365,0.8407,77424.9
1741978800000,2025-03-14 21:00:00,0.8407,0.8453,0.8354,0.8378,110177.5
1741982400000,2025-03-14 22:00:00,0.8378,0.8379,0.8304,0.8324,68222.9
1741986000000,2025-03-14 23:00:00,0.8324,0.8327,0.8263,0.8313,100829.3
1741989600000,2025-03-15 00:00:00,0.8313,0.8385,0.8293,0.8378,271940.9
1741993200000,2025-03-15 01:00:00,0.8378,0.838,0.8248,0.8263,237800.1
1741996800000,2025-03-15 02:00:00,0.8263,0.8302,0.8261,0.8271,47020.4
1742000400000,2025-03-15 03:00:00,0.8271,0.8273,0.817,0.8218,133421.3
1742004000000,2025-03-15 04:00:00,0.8218,0.8267,0.8204,0.8257,111622.5
1742007600000,2025-03-15 05:00:00,0.8257,0.8333,0.8251,0.8305,118492.1
1742011200000,2025-03-15 06:00:00,0.8305,0.8355,0.8274,0.8344,76984.8
1742014800000,2025-03-15 07:00:00,0.8344,0.84,0.8342,0.8352,219024.1
1742018400000,2025-03-15 08:00:00,0.8352,0.8461,0.8333,0.8458,215989.4
1742022000000,2025-03-15 09:00:00,0.8458,0.8487,0.8317,0.8347,561041.9
1742025600000,2025-03-15 10:00:00,0.8347,0.8437,0.8314,0.8383,441194.6
1742029200000,2025-03-15 11:00:00,0.8383,0.8456,0.8354,0.8452,149886.6
1742032800000,2025-03-15 12:00:00,0.8452,0.8477,0.8394,0.8469,148174.8
1742036400000,2025-03-15 13:00:00,0.8469,0.8472,0.842,0.8466,89878.8
1742040000000,2025-03-15 14:00:00,0.8466,0.8488,0.8432,0.8433,109174.3
1742043600000,2025-03-15 15:00:00,0.8433,0.8452,0.841,0.8429,82520.3
1742047200000,2025-03-15 16:00:00,0.8429,0.8429,0.8356,0.8373,105201.0
1742050800000,2025-03-15 17:00:00,0.8373,0.8419,0.837,0.8404,89136.3
1742054400000,2025-03-15 18:00:00,0.8404,0.848,0.8383,0.8439,127241.7
1742058000000,2025-03-15 19:00:00,0.8439,0.8525,0.8435,0.8459,917980.2
1742061600000,2025-03-15 20:00:00,0.8459,0.8483,0.8388,0.8425,196401.5
1742065200000,2025-03-15 21:00:00,0.8425,0.8467,0.8411,0.8461,91520.0
1742068800000,2025-03-15 22:00:00,0.8461,0.8509,0.8461,0.8504,142564.5
1742072400000,2025-03-15 23:00:00,0.8504,0.8562,0.8482,0.8531,104093.6
1742076000000,2025-03-16 00:00:00,0.8531,0.8547,0.8499,0.8516,96222.7
1742079600000,2025-03-16 01:00:00,0.8516,0.858,0.8504,0.8567,108667.8
1742083200000,2025-03-16 02:00:00,0.8567,0.8568,0.8467,0.8478,157988.9
1742086800000,2025-03-16 03:00:00,0.8478,0.8499,0.8412,0.8416,117277.5
1742090400000,2025-03-16 04:00:00,0.8416,0.848,0.837,0.8431,236455.6
1742094000000,2025-03-16 05:00:00,0.8431,0.8464,0.8428,0.8446,58576.6
1742097600000,2025-03-16 06:00:00,0.8446,0.8462,0.8428,0.8458,63879.4
1742101200000,2025-03-16 07:00:00,0.8458,0.8509,0.845,0.8499,59585.6
1742104800000,2025-03-16 08:00:00,0.8499,0.8519,0.8479,0.8479,63742.0
1742108400000,2025-03-16 09:00:00,0.8479,0.8489,0.8434,0.8489,137997.1
1742112000000,2025-03-16 10:00:00,0.8489,0.8562,0.845,0.8548,69225.8
1742115600000,2025-03-16 11:00:00,0.8548,0.855,0.8387,0.8397,181536.3
1742119200000,2025-03-16 12:00:00,0.8397,0.8431,0.8309,0.8353,219473.9
1742122800000,2025-03-16 13:00:00,0.8353,0.8354,0.8189,0.8216,222343.6
1742126400000,2025-03-16 14:00:00,0.8216,0.8286,0.8189,0.8217,292418.9
1742130000000,2025-03-16 15:00:00,0.8217,0.83,0.8129,0.8149,247811.7
1742133600000,2025-03-16 16:00:00,0.8149,0.8227,0.813,0.8226,277304.6
1742137200000,2025-03-16 17:00:00,0.8226,0.8252,0.8157,0.8192,154089.6
1742140800000,2025-03-16 18:00:00,0.8192,0.8375,0.817,0.8287,257677.8
1742144400000,2025-03-16 19:00:00,0.8287,0.8367,0.8269,0.8312,136316.7
1742148000000,2025-03-16 20:00:00,0.8312,0.8326,0.8212,0.8239,102744.8
1742151600000,2025-03-16 21:00:00,0.8239,0.8244,0.8059,0.813,320667.9
1742155200000,2025-03-16 22:00:00,0.813,0.8169,0.8102,0.8154,80925.4
1742158800000,2025-03-16 23:00:00,0.8154,0.8162,0.8111,0.8153,40156.5
1742162400000,2025-03-17 00:00:00,0.8153,0.8182,0.8084,0.8084,53667.4
1742166000000,2025-03-17 01:00:00,0.8084,0.8123,0.804,0.8096,138335.2
1742169600000,2025-03-17 02:00:00,0.8096,0.8237,0.8075,0.8217,184552.7
1742173200000,2025-03-17 03:00:00,0.8217,0.83,0.8196,0.8279,71588.4
1742176800000,2025-03-17 04:00:00,0.8279,0.8364,0.8258,0.8315,91451.8
1742180400000,2025-03-17 05:00:00,0.8315,0.8342,0.8287,0.8314,115741.8
1742184000000,2025-03-17 06:00:00,0.8314,0.833,0.8254,0.8304,61544.1
1742187600000,2025-03-17 07:00:00,0.8304,0.8316,0.8222,0.8228,61115.3
1742191200000,2025-03-17 08:00:00,0.8228,0.8261,0.8139,0.8208,144400.7
1742194800000,2025-03-17 09:00:00,0.8208,0.8291,0.819,0.8282,132417.3
1742198400000,2025-03-17 10:00:00,0.8282,0.8308,0.8198,0.8286,111266.8
1742202000000,2025-03-17 11:00:00,0.8286,0.8392,0.8257,0.8384,120554.6
1742205600000,2025-03-17 12:00:00,0.8384,0.8487,0.8371,0.8473,208648.9
1742209200000,2025-03-17 13:00:00,0.8473,0.854,0.8435,0.8475,261408.1
1742212800000,2025-03-17 14:00:00,0.8475,0.8666,0.8467,0.8477,540062.7
1742216400000,2025-03-17 15:00:00,0.8477,0.8511,0.8404,0.8422,132735.9
1742220000000,2025-03-17 16:00:00,0.8422,0.854,0.8358,0.8527,294084.1
1742223600000,2025-03-17 17:00:00,0.8527,0.8611,0.8471,0.8568,241710.8
1742227200000,2025-03-17 18:00:00,0.8568,0.8634,0.8517,0.8542,155223.1
1742230800000,2025-03-17 19:00:00,0.8542,0.8634,0.8527,0.8609,120892.8
1742234400000,2025-03-17 20:00:00,0.8609,0.8731,0.859,0.8708,163295.5
1742238000000,2025-03-17 21:00:00,0.8708,0.8723,0.8648,0.8649,126321.7
1742241600000,2025-03-17 22:00:00,0.8649,0.8697,0.8606,0.8674,104615.6
1742245200000,2025-03-17 23:00:00,0.8674,0.8725,0.8638,0.8716,53525.8
1742248800000,2025-03-18 00:00:00,0.8716,0.8743,0.8697,0.8718,46360.4
1742252400000,2025-03-18 01:00:00,0.8718,0.8723,0.8622,0.8701,76817.6
1742256000000,2025-03-18 02:00:00,0.8701,0.8719,0.863,0.8709,81751.7
1742259600000,2025-03-18 03:00:00,0.8709,0.8722,0.8492,0.852,113418.8
1742263200000,2025-03-18 04:00:00,0.852,0.8617,0.8517,0.8596,55292.9
1742266800000,2025-03-18 05:00:00,0.8596,0.8657,0.85,0.8521,191472.6
1742270400000,2025-03-18 06:00:00,0.8521,0.864,0.8515,0.8607,91928.9
1742274000000,2025-03-18 07:00:00,0.8607,0.8651,0.8585,0.8624,49342.0
1742277600000,2025-03-18 08:00:00,0.8624,0.8624,0.8421,0.8455,112085.4
1742281200000,2025-03-18 09:00:00,0.8455,0.8548,0.8436,0.8507,130255.8
1742284800000,2025-03-18 10:00:00,0.8507,0.8626,0.8472,0.8614,147626.9
1742288400000,2025-03-18 11:00:00,0.8614,0.865,0.8563,0.8564,375215.3
1742292000000,2025-03-18 12:00:00,0.8564,0.8582,0.8465,0.8479,118526.8
1742295600000,2025-03-18 13:00:00,0.8479,0.848,0.8413,0.8439,77174.7
1742299200000,2025-03-18 14:00:00,0.8439,0.8451,0.8387,0.8407,66039.1
1742302800000,2025-03-18 15:00:00,0.8407,0.848,0.825,0.8272,246959.4
1742306400000,2025-03-18 16:00:00,0.8272,0.8381,0.8242,0.8356,164832.9
1742310000000,2025-03-18 17:00:00,0.8356,0.8356,0.8163,0.8182,271902.3
1742313600000,2025-03-18 18:00:00,0.8182,0.8239,0.8141,0.8215,207194.2
1742317200000,2025-03-18 19:00:00,0.8215,0.8223,0.8107,0.8132,130098.3
1742320800000,2025-03-18 20:00:00,0.8132,0.8133,0.8015,0.809,221655.5
1742324400000,2025-03-18 21:00:00,0.809,0.825,0.8072,0.8232,209100.5
1742328000000,2025-03-18 22:00:00,0.8232,0.8247,0.8169,0.8221,106987.6
1742331600000,2025-03-18 23:00:00,0.8221,0.8268,0.8207,0.8245,61129.0
1742335200000,2025-03-19 00:00:00,0.8245,0.8315,0.8231,0.8303,107259.0
1742338800000,2025-03-19 01:00:00,0.8303,0.8436,0.8302,0.8432,107346.2
1742342400000,2025-03-19 02:00:00,0.8432,0.8624,0.8411,0.8549,339164.4
1742346000000,2025-03-19 03:00:00,0.8549,0.8566,0.8457,0.8458,76352.9
1742349600000,2025-03-19 04:00:00,0.8458,0.8534,0.8443,0.85,58014.1
1742353200000,2025-03-19 05:00:00,0.85,0.852,0.8455,0.8517,53234.2
1742356800000,2025-03-19 06:00:00,0.8517,0.8553,0.847,0.847,75071.4
1742360400000,2025-03-19 07:00:00,0.847,0.8525,0.847,0.8515,52414.7
1742364000000,2025-03-19 08:00:00,0.8515,0.8526,0.8468,0.8477,87006.3
1742367600000,2025-03-19 09:00:00,0.8477,0.8482,0.8398,0.8404,141901.9
1742371200000,2025-03-19 10:00:00,0.8404,0.8472,0.8404,0.8447,106357.6
1742374800000,2025-03-19 11:00:00,0.8447,0.8507,0.842,0.8454,140621.8
1742378400000,2025-03-19 12:00:00,0.8454,0.8629,0.8432,0.8507,293914.1
1742382000000,2025-03-19 13:00:00,0.8507,0.8735,0.8488,0.8695,480810.7
1742385600000,2025-03-19 14:00:00,0.8695,0.8722,0.8582,0.862,164814.2
1742389200000,2025-03-19 15:00:00,0.862,0.8739,0.8556,0.8591,418716.0
1742392800000,2025-03-19 16:00:00,0.8591,0.8701,0.8578,0.8697,143199.2
1742396400000,2025-03-19 17:00:00,0.8697,0.881,0.8644,0.8809,207932.3
1742400000000,2025-03-19 18:00:00,0.8809,0.8851,0.8695,0.8705,218242.0
1742403600000,2025-03-19 19:00:00,0.8705,0.8719,0.8551,0.8646,202282.5
1742407200000,2025-03-19 20:00:00,0.8646,0.8847,0.8524,0.8816,569993.1
1742410800000,2025-03-19 21:00:00,0.8816,0.8849,0.8715,0.8789,161334.6
1742414400000,2025-03-19 22:00:00,0.8789,0.8813,0.8687,0.8709,141562.2
1742418000000,2025-03-19 23:00:00,0.8709,0.8788,0.8701,0.8771,62337.0
1742421600000,2025-03-20 00:00:00,0.8771,0.8864,0.8746,0.8825,74229.8
1742425200000,2025-03-20 01:00:00,0.8825,0.8927,0.8807,0.8896,128908.7
1742428800000,2025-03-20 02:00:00,0.8896,0.8942,0.8756,0.8806,176369.1
1742432400000,2025-03-20 03:00:00,0.8806,0.883,0.8737,0.8764,143336.2
1742436000000,2025-03-20 04:00:00,0.8764,0.8848,0.8732,0.8838,154990.5
1742439600000,2025-03-20 05:00:00,0.8838,0.887,0.88,0.8803,69163.1
1742443200000,2025-03-20 06:00:00,0.8803,0.8838,0.8756,0.8778,49039.9
1742446800000,2025-03-20 07:00:00,0.8778,0.8797,0.8756,0.8791,64458.3
1742450400000,2025-03-20 08:00:00,0.8791,0.8867,0.8782,0.8809,79414.4
1742454000000,2025-03-20 09:00:00,0.8809,0.8856,0.8795,0.8815,55098.4
1742457600000,2025-03-20 10:00:00,0.8815,0.8997,0.8815,0.8965,160942.2
1742461200000,2025-03-20 11:00:00,0.8965,0.8966,0.8841,0.8875,69051.6
1742464800000,2025-03-20 12:00:00,0.8875,0.8877,0.8685,0.87,157569.5
1742468400000,2025-03-20 13:00:00,0.87,0.8726,0.8651,0.8657,48115.9
1742472000000,2025-03-20 14:00:00,0.8657,0.8771,0.8636,0.8771,74995.4
1742475600000,2025-03-20 15:00:00,0.8771,0.8776,0.8701,0.8718,43504.5
1742479200000,2025-03-20 16:00:00,0.8718,0.8846,0.8718,0.8832,69826.6
1742482800000,2025-03-20 17:00:00,0.8832,0.8858,0.8645,0.8652,118713.8
1742486400000,2025-03-20 18:00:00,0.8652,0.872,0.8503,0.8533,116796.3
1742490000000,2025-03-20 19:00:00,0.8533,0.8669,0.8526,0.8629,78116.8
1742493600000,2025-03-20 20:00:00,0.8629,0.8709,0.8629,0.8645,70285.7
1742497200000,2025-03-20 21:00:00,0.8645,0.8697,0.8628,0.8677,40701.1
1742500800000,2025-03-20 22:00:00,0.8677,0.8774,0.8661,0.8753,70491.2
1742504400000,2025-03-20 23:00:00,0.8753,0.8776,0.8697,0.8721,38276.4
1742508000000,2025-03-21 00:00:00,0.8721,0.8748,0.8699,0.871,25752.1
1742511600000,2025-03-21 01:00:00,0.871,0.8729,0.8676,0.8717,63399.3
1742515200000,2025-03-21 02:00:00,0.8717,0.8778,0.8711,0.8766,121431.3
1742518800000,2025-03-21 03:00:00,0.8766,0.8836,0.8751,0.8828,52200.2
1742522400000,2025-03-21 04:00:00,0.8828,0.8837,0.8779,0.8812,33755.4
1742526000000,2025-03-21 05:00:00,0.8812,0.8825,0.8688,0.8707,64318.6
1742529600000,2025-03-21 06:00:00,0.8707,0.8766,0.8706,0.8745,23470.0
1742533200000,2025-03-21 07:00:00,0.8745,0.876,0.8688,0.8751,41473.9
1742536800000,2025-03-21 08:00:00,0.8751,0.8756,0.8664,0.868,57995.2
1742540400000,2025-03-21 09:00:00,0.868,0.8711,0.859,0.8637,74569.9
1742544000000,2025-03-21 10:00:00,0.8637,0.8656,0.8487,0.8519,141164.6
1742547600000,2025-03-21 11:00:00,0.8519,0.8603,0.8469,0.8541,137938.4
1742551200000,2025-03-21 12:00:00,0.8541,0.8543,0.8353,0.8357,279414.7
1742554800000,2025-03-21 13:00:00,0.8357,0.8383,0.8314,0.8371,180420.8
1742558400000,2025-03-21 14:00:00,0.8371,0.8406,0.8295,0.8312,181110.8
1742562000000,2025-03-21 15:00:00,0.8312,0.8401,0.8277,0.8386,86574.7
1742565600000,2025-03-21 16:00:00,0.8386,0.8428,0.8301,0.8384,67671.0
1742569200000,2025-03-21 17:00:00,0.8384,0.8395,0.833,0.8344,62760.6
1742572800000,2025-03-21 18:00:00,0.8344,0.8402,0.8316,0.8402,87961.4
1742576400000,2025-03-21 19:00:00,0.8402,0.841,0.8339,0.8387,67282.6
1742580000000,2025-03-21 20:00:00,0.8387,0.8486,0.8345,0.8457,146735.5
1742583600000,2025-03-21 21:00:00,0.8457,0.8484,0.8435,0.8466,67815.4
1742587200000,2025-03-21 22:00:00,0.8466,0.8492,0.8435,0.8486,40601.3
1742590800000,2025-03-21 23:00:00,0.8486,0.8524,0.8458,0.8479,59629.0
1742594400000,2025-03-22 00:00:00,0.8479,0.849,0.8401,0.8419,39651.1
1742598000000,2025-03-22 01:00:00,0.8419,0.8471,0.8412,0.8463,18417.1
1742601600000,2025-03-22 02:00:00,0.8463,0.85,0.8456,0.8479,59205.0
1742605200000,2025-03-22 03:00:00,0.8479,0.8519,0.8462,0.8462,25055.3
1742608800000,2025-03-22 04:00:00,0.8462,0.8516,0.8429,0.8434,31752.7
1742612400000,2025-03-22 05:00:00,0.8434,0.8447,0.8312,0.8424,147523.5
1742616000000,2025-03-22 06:00:00,0.8424,0.8484,0.8412,0.8414,176282.4
1742619600000,2025-03-22 07:00:00,0.8414,0.851,0.8392,0.8509,60926.5
1742623200000,2025-03-22 08:00:00,0.8509,0.8592,0.8506,0.858,43668.1
1742626800000,2025-03-22 09:00:00,0.858,0.8657,0.8574,0.8585,101736.9
1742630400000,2025-03-22 10:00:00,0.8585,0.8656,0.8583,0.8651,26364.3
1742634000000,2025-03-22 11:00:00,0.8651,0.8719,0.8632,0.8706,45748.6
1742637600000,2025-03-22 12:00:00,0.8706,0.8714,0.8597,0.8625,67312.6
1742641200000,2025-03-22 13:00:00,0.8625,0.8625,0.858,0.8599,29541.5
1742644800000,2025-03-22 14:00:00,0.8599,0.8618,0.8567,0.8574,28739.0
1742648400000,2025-03-22 15:00:00,0.8574,0.859,0.8554,0.858,16282.5
1742652000000,2025-03-22 16:00:00,0.858,0.858,0.8513,0.855,22938.3
1742655600000,2025-03-22 17:00:00,0.855,0.8579,0.8506,0.8565,18058.9
1742659200000,2025-03-22 18:00:00,0.8565,0.8628,0.8541,0.8566,37869.3
1742662800000,2025-03-22 19:00:00,0.8566,0.8627,0.8566,0.8602,22980.3
1742666400000,2025-03-22 20:00:00,0.8602,0.8651,0.86,0.8635,18533.2
1742670000000,2025-03-22 21:00:00,0.8635,0.8639,0.8575,0.8581,17816.8
1742673600000,2025-03-22 22:00:00,0.8581,0.8638,0.8561,0.859,26918.0
1742677200000,2025-03-22 23:00:00,0.859,0.8687,0.8569,0.8668,66261.0
1742680800000,2025-03-23 00:00:00,0.8668,0.8699,0.8625,0.8639,38029.0
1742684400000,2025-03-23 01:00:00,0.8639,0.8647,0.8608,0.8639,15793.6
1742688000000,2025-03-23 02:00:00,0.8639,0.8653,0.8534,0.8577,45150.2
1742691600000,2025-03-23 03:00:00,0.8577,0.8716,0.8577,0.8703,41161.1
1742695200000,2025-03-23 04:00:00,0.8703,0.8728,0.866,0.8703,50014.8
1742698800000,2025-03-23 05:00:00,0.8703,0.8778,0.8691,0.8778,39570.8
1742702400000,2025-03-23 06:00:00,0.8778,0.8806,0.8739,0.8752,45277.6
1742706000000,2025-03-23 07:00:00,0.8752,0.879,0.8655,0.8777,57957.0
1742709600000,2025-03-23 08:00:00,0.8777,0.8777,0.8689,0.8732,34323.8
1742713200000,2025-03-23 09:00:00,0.8732,0.8791,0.8707,0.8769,17858.2
1742716800000,2025-03-23 10:00:00,0.8769,0.8827,0.8729,0.8732,82146.0
1742720400000,2025-03-23 11:00:00,0.8732,0.8768,0.8714,0.8718,20941.1
1742724000000,2025-03-23 12:00:00,0.8718,0.8752,0.8718,0.8721,19075.8
1742727600000,2025-03-23 13:00:00,0.8721,0.878,0.8687,0.8704,45480.7
1742731200000,2025-03-23 14:00:00,0.8704,0.8744,0.8668,0.8672,12789.2
1742734800000,2025-03-23 15:00:00,0.8672,0.8718,0.8641,0.8713,31056.8
1742738400000,2025-03-23 16:00:00,0.8713,0.8722,0.8595,0.8596,68258.5
1742742000000,2025-03-23 17:00:00,0.8596,0.867,0.8584,0.8626,25619.0
1742745600000,2025-03-23 18:00:00,0.8626,0.8626,0.8566,0.8583,31508.5
1742749200000,2025-03-23 19:00:00,0.8583,0.8615,0.8507,0.8542,79067.3
1742752800000,2025-03-23 20:00:00,0.8542,0.8714,0.8522,0.8683,154337.2
1742756400000,2025-03-23 21:00:00,0.8683,0.8714,0.8656,0.8702,45105.2
1742760000000,2025-03-23 22:00:00,0.8702,0.8738,0.8696,0.8711,43219.2
1742763600000,2025-03-23 23:00:00,0.8711,0.8848,0.8704,0.8769,97587.3
1742767200000,2025-03-24 00:00:00,0.8769,0.8915,0.8769,0.8844,76293.7
1742770800000,2025-03-24 01:00:00,0.8844,0.8889,0.8837,0.8887,39971.8
1742774400000,2025-03-24 02:00:00,0.8887,0.899,0.8852,0.89,165902.6
1742778000000,2025-03-24 03:00:00,0.89,0.89,0.8675,0.8703,155002.0
1742781600000,2025-03-24 04:00:00,0.8703,0.8786,0.8681,0.877,44155.5
1742785200000,2025-03-24 05:00:00,0.877,0.8914,0.8746,0.8852,76558.3
1742788800000,2025-03-24 06:00:00,0.8852,0.8939,0.8846,0.8935,27174.8
1742792400000,2025-03-24 07:00:00,0.8935,0.9138,0.8923,0.8984,170405.5
1742796000000,2025-03-24 08:00:00,0.8984,0.922,0.8984,0.9192,126257.0
1742799600000,2025-03-24 09:00:00,0.9192,0.9211,0.9144,0.9164,38559.9
1742803200000,2025-03-24 10:00:00,0.9164,0.9215,0.91,0.9142,74071.3
1742806800000,2025-03-24 11:00:00,0.9142,0.928,0.9123,0.9246,109660.5
1742810400000,2025-03-24 12:00:00,0.9246,0.9261,0.9175,0.921,167809.6
1742814000000,2025-03-24 13:00:00,0.921,0.9217,0.9102,0.9105,64384.6
1742817600000,2025-03-24 14:00:00,0.9105,0.9155,0.903,0.9101,131126.9
1742821200000,2025-03-24 15:00:00,0.9101,0.9106,0.9012,0.91,67858.9
1742824800000,2025-03-24 16:00:00,0.91,0.9162,0.9049,0.906,51122.6
1742828400000,2025-03-24 17:00:00,0.906,0.9094,0.9016,0.9094,33506.4
1742832000000,2025-03-24 18:00:00,0.9094,0.9097,0.8956,0.902,61213.6
1742835600000,2025-03-24 19:00:00,0.902,0.9092,0.8997,0.9067,51203.6
1742839200000,2025-03-24 20:00:00,0.9067,0.9113,0.9003,0.9103,19657.2
1742842800000,2025-03-24 21:00:00,0.9103,0.911,0.9065,0.9092,66350.3
1742846400000,2025-03-24 22:00:00,0.9092,0.9236,0.9083,0.915,193884.2
1742850000000,2025-03-24 23:00:00,0.915,0.9229,0.909,0.922,96309.2
1742853600000,2025-03-25 00:00:00,0.922,0.9276,0.9149,0.9214,78504.0
1742857200000,2025-03-25 01:00:00,0.9214,0.9233,0.916,0.9226,22137.1
1742860800000,2025-03-25 02:00:00,0.9226,0.9349,0.9184,0.9313,103611.2
1742864400000,2025-03-25 03:00:00,0.9313,0.9313,0.9103,0.9204,105639.2
1742868000000,2025-03-25 04:00:00,0.9204,0.9229,0.9154,0.9158,28272.0
1742871600000,2025-03-25 05:00:00,0.9158,0.9173,0.9,0.9012,80870.4
1742875200000,2025-03-25 06:00:00,0.9012,0.9045,0.8959,0.9025,39222.2
1742878800000,2025-03-25 07:00:00,0.9025,0.9127,0.9021,0.9109,34457.8
1742882400000,2025-03-25 08:00:00,0.9109,0.9137,0.9051,0.906,42736.5
1742886000000,2025-03-25 09:00:00,0.906,0.9098,0.8976,0.9003,35859.1
1742889600000,2025-03-25 10:00:00,0.9003,0.9066,0.8999,0.9036,54447.4
1742893200000,2025-03-25 11:00:00,0.9036,0.9117,0.8993,0.9104,45272.1
1742896800000,2025-03-25 12:00:00,0.9104,0.9108,0.9037,0.908,21796.1
1742900400000,2025-03-25 13:00:00,0.908,0.917,0.9044,0.9111,41554.3
1742904000000,2025-03-25 14:00:00,0.9111,0.9139,0.8967,0.898,121052.6
1742907600000,2025-03-25 15:00:00,0.898,0.9103,0.8942,0.8994,123120.5
1742911200000,2025-03-25 16:00:00,0.8994,0.907,0.8951,0.9043,56522.2
1742914800000,2025-03-25 17:00:00,0.9043,0.9067,0.9003,0.902,78631.4
1742918400000,2025-03-25 18:00:00,0.902,0.9072,0.8988,0.904,66431.6
1742922000000,2025-03-25 19:00:00,0.904,0.9119,0.9023,0.9095,73601.2
1742925600000,2025-03-25 20:00:00,0.9095,0.9105,0.9005,0.9025,34305.1
1742929200000,2025-03-25 21:00:00,0.9025,0.9102,0.901,0.9085,24657.4
1742932800000,2025-03-25 22:00:00,0.9085,0.9184,0.9055,0.9115,114131.1
1742936400000,2025-03-25 23:00:00,0.9115,0.9311,0.911,0.9258,135063.1
1742940000000,2025-03-26 00:00:00,0.9258,0.9459,0.9166,0.9284,292656.1
1742943600000,2025-03-26 01:00:00,0.9284,0.9358,0.925,0.9302,99060.4
1742947200000,2025-03-26 02:00:00,0.9302,0.9307,0.9225,0.923,35457.5
1742950800000,2025-03-26 03:00:00,0.923,0.9248,0.9197,0.9211,19624.6
1742954400000,2025-03-26 04:00:00,0.9211,0.9211,0.9016,0.9042,110040.7
1742958000000,2025-03-26 05:00:00,0.9042,0.9098,0.9014,0.9056,37870.0
1742961600000,2025-03-26 06:00:00,0.9056,0.9155,0.9054,0.9155,23029.5
1742965200000,2025-03-26 07:00:00,0.9155,0.9226,0.9107,0.9185,120069.2
1742968800000,2025-03-26 08:00:00,0.9185,0.9331,0.9144,0.9257,520819.5
1742972400000,2025-03-26 09:00:00,0.9257,0.9483,0.9241,0.9455,200524.9
1742976000000,2025-03-26 10:00:00,0.9455,0.9488,0.931,0.9324,63237.0
1742979600000,2025-03-26 11:00:00,0.9324,0.9345,0.9213,0.9289,178086.6
1742983200000,2025-03-26 12:00:00,0.9289,0.933,0.9172,0.9329,125050.0
1742986800000,2025-03-26 13:00:00,0.9329,0.9457,0.9319,0.9319,272123.4
1742990400000,2025-03-26 14:00:00,0.9319,0.9403,0.931,0.9348,221152.8
1742994000000,2025-03-26 15:00:00,0.9348,0.9348,0.9111,0.9123,269397.5
1742997600000,2025-03-26 16:00:00,0.9123,0.9288,0.9111,0.9224,396976.8
1743001200000,2025-03-26 17:00:00,0.9224,0.937,0.9209,0.9322,412665.8
1743004800000,2025-03-26 18:00:00,0.9322,0.9384,0.9229,0.9257,346152.6
1743008400000,2025-03-26 19:00:00,0.9257,0.9302,0.9172,0.9228,162237.7
1743012000000,2025-03-26 20:00:00,0.9228,0.9268,0.8955,0.8983,263792.0
1743015600000,2025-03-26 21:00:00,0.8983,0.9074,0.8939,0.8952,231764.3
1743019200000,2025-03-26 22:00:00,0.8952,0.9094,0.8933,0.9053,158701.9
1743022800000,2025-03-26 23:00:00,0.9053,0.9083,0.8901,0.903,445332.5
1743026400000,2025-03-27 00:00:00,0.903,0.903,0.8925,0.8982,43767.8
1743030000000,2025-03-27 01:00:00,0.8982,0.9048,0.8951,0.9046,71288.2
1743033600000,2025-03-27 02:00:00,0.9046,0.9177,0.9021,0.9172,89861.4
1743037200000,2025-03-27 03:00:00,0.9172,0.9203,0.9146,0.9179,136488.4
1743040800000,2025-03-27 04:00:00,0.9179,0.9356,0.9175,0.9274,298662.6
1743044400000,2025-03-27 05:00:00,0.9274,0.9335,0.9265,0.9284,135354.1
1743048000000,2025-03-27 06:00:00,0.9284,0.9292,0.922,0.9221,99841.8
1743051600000,2025-03-27 07:00:00,0.9221,0.9241,0.9161,0.917,98462.5
1743055200000,2025-03-27 08:00:00,0.917,0.9197,0.9143,0.9172,124029.7
1743058800000,2025-03-27 09:00:00,0.9172,0.9227,0.9145,0.921,71708.9
1743062400000,2025-03-27 10:00:00,0.921,0.9297,0.9199,0.9241,96902.4
1743066000000,2025-03-27 11:00:00,0.9241,0.9242,0.9154,0.9154,53639.8
1743069600000,2025-03-27 12:00:00,0.9154,0.9199,0.9099,0.912,62452.9
1743073200000,2025-03-27 13:00:00,0.912,0.9137,0.9029,0.9044,78852.1
1743076800000,2025-03-27 14:00:00,0.9044,0.9171,0.9021,0.9077,125431.0
1743080400000,2025-03-27 15:00:00,0.9077,0.9132,0.894,0.9054,163461.3
1743084000000,2025-03-27 16:00:00,0.9054,0.9213,0.901,0.9212,100630.7
1743087600000,2025-03-27 17:00:00,0.9212,0.9237,0.9112,0.9185,180149.4
1743091200000,2025-03-27 18:00:00,0.9185,0.9251,0.9114,0.9117,167563.7
1743094800000,2025-03-27 19:00:00,0.9117,0.9135,0.9008,0.9026,200764.4
1743098400000,2025-03-27 20:00:00,0.9026,0.9159,0.9018,0.9126,40571.4
1743102000000,2025-03-27 21:00:00,0.9126,0.9151,0.9068,0.9068,37156.1
1743105600000,2025-03-27 22:00:00,0.9068,0.9126,0.9055,0.9118,25800.4
1743109200000,2025-03-27 23:00:00,0.9118,0.9155,0.9062,0.9122,33118.3
1743112800000,2025-03-28 00:00:00,0.9122,0.9151,0.9077,0.9077,19503.5
1743116400000,2025-03-28 01:00:00,0.9077,0.9103,0.901,0.9021,90921.0
1743120000000,2025-03-28 02:00:00,0.9021,0.914,0.8986,0.9124,143702.3
1743123600000,2025-03-28 03:00:00,0.9124,0.9202,0.909,0.9185,59303.1
1743127200000,2025-03-28 04:00:00,0.9185,0.9247,0.9148,0.92,170947.6
1743130800000,2025-03-28 05:00:00,0.92,0.9211,0.9036,0.9159,142016.3
1743134400000,2025-03-28 06:00:00,0.9159,0.9188,0.8783,0.8878,439758.6
1743138000000,2025-03-28 07:00:00,0.8878,0.8879,0.8607,0.8659,539626.4
1743141600000,2025-03-28 08:00:00,0.8659,0.8715,0.8602,0.8609,115269.7
1743145200000,2025-03-28 09:00:00,0.8609,0.867,0.858,0.86,148224.2
1743148800000,2025-03-28 10:00:00,0.86,0.8676,0.8465,0.8503,316876.8
1743152400000,2025-03-28 11:00:00,0.8503,0.8537,0.8442,0.8471,132702.9
1743156000000,2025-03-28 12:00:00,0.8471,0.8498,0.8411,0.8418,67537.2
1743159600000,2025-03-28 13:00:00,0.8418,0.8472,0.8344,0.844,185438.4
1743163200000,2025-03-28 14:00:00,0.844,0.8504,0.8366,0.8393,155531.2
1743166800000,2025-03-28 15:00:00,0.8393,0.8484,0.8351,0.8359,77493.7
1743170400000,2025-03-28 16:00:00,0.8359,0.8395,0.8298,0.8335,88026.2
1743174000000,2025-03-28 17:00:00,0.8335,0.8369,0.8281,0.8286,64350.1
1743177600000,2025-03-28 18:00:00,0.8286,0.8335,0.8211,0.8237,87939.6
1743181200000,2025-03-28 19:00:00,0.8237,0.831,0.8234,0.8289,36997.8
1743184800000,2025-03-28 20:00:00,0.8289,0.8321,0.824,0.8262,51361.6
1743188400000,2025-03-28 21:00:00,0.8262,0.8278,0.8206,0.8226,42124.2
1743192000000,2025-03-28 22:00:00,0.8226,0.8321,0.8226,0.8254,66978.7
1743195600000,2025-03-28 23:00:00,0.8254,0.83,0.8201,0.8278,34801.9
1743199200000,2025-03-29 00:00:00,0.8278,0.8337,0.8274,0.8336,30166.7
1743202800000,2025-03-29 01:00:00,0.8336,0.8337,0.8255,0.829,37780.1
1743206400000,2025-03-29 02:00:00,0.829,0.8386,0.8272,0.8332,79381.7
1743210000000,2025-03-29 03:00:00,0.8332,0.8388,0.8328,0.835,35136.5
1743213600000,2025-03-29 04:00:00,0.835,0.8361,0.8215,0.8218,53158.9
1743217200000,2025-03-29 05:00:00,0.8218,0.8242,0.8107,0.8202,115460.2
1743220800000,2025-03-29 06:00:00,0.8202,0.8219,0.8134,0.8157,64016.2
1743224400000,2025-03-29 07:00:00,0.8157,0.8157,0.8019,0.8048,122622.1
1743228000000,2025-03-29 08:00:00,0.8048,0.8053,0.7945,0.7973,111655.4
1743231600000,2025-03-29 09:00:00,0.7973,0.8004,0.7893,0.7928,90972.4
1743235200000,2025-03-29 10:00:00,0.7928,0.8025,0.7921,0.8009,79067.9
1743238800000,2025-03-29 11:00:00,0.8009,0.801,0.7854,0.7955,142488.4
1743242400000,2025-03-29 12:00:00,0.7955,0.7959,0.7887,0.7892,41241.9
1743246000000,2025-03-29 13:00:00,0.7892,0.792,0.7781,0.7839,133077.6
1743249600000,2025-03-29 14:00:00,0.7839,0.7925,0.7824,0.7919,75131.5
1743253200000,2025-03-29 15:00:00,0.7919,0.7977,0.7916,0.7941,45140.3
1743256800000,2025-03-29 16:00:00,0.7941,0.7941,0.7824,0.7824,60491.2
1743260400000,2025-03-29 17:00:00,0.7824,0.7869,0.7805,0.783,24708.9
1743264000000,2025-03-29 18:00:00,0.783,0.788,0.7727,0.7741,139128.0
1743267600000,2025-03-29 19:00:00,0.7741,0.7795,0.7614,0.7703,560733.3
1743271200000,2025-03-29 20:00:00,0.7703,0.7775,0.7697,0.7738,50032.4
1743274800000,2025-03-29 21:00:00,0.7738,0.7776,0.7708,0.7776,50938.4
1743278400000,2025-03-29 22:00:00,0.7776,0.7776,0.7628,0.7642,58728.9
1743282000000,2025-03-29 23:00:00,0.7642,0.7731,0.7628,0.7704,40930.8
1743285600000,2025-03-30 00:00:00,0.7704,0.7737,0.7679,0.77,33160.0
1743289200000,2025-03-30 01:00:00,0.77,0.7753,0.7685,0.7746,78457.1
1743292800000,2025-03-30 02:00:00,0.7746,0.7753,0.7671,0.7737,79982.6
1743296400000,2025-03-30 03:00:00,0.7737,0.7833,0.7734,0.778,140947.8
1743300000000,2025-03-30 04:00:00,0.778,0.786,0.7769,0.7842,104013.8
1743303600000,2025-03-30 05:00:00,0.7842,0.7845,0.7762,0.7769,58321.5
1743307200000,2025-03-30 06:00:00,0.7769,0.7805,0.7762,0.7786,85027.7
1743310800000,2025-03-30 07:00:00,0.7786,0.7826,0.7767,0.7785,53193.3
1743314400000,2025-03-30 08:00:00,0.7785,0.7861,0.7752,0.7832,89443.8
1743318000000,2025-03-30 09:00:00,0.7832,0.7844,0.7803,0.7814,54953.7
1743321600000,2025-03-30 10:00:00,0.7814,0.7877,0.7813,0.7869,39136.3
1743325200000,2025-03-30 11:00:00,0.7869,0.7881,0.7847,0.7864,24640.4
1743328800000,2025-03-30 12:00:00,0.7864,0.7878,0.7755,0.7762,50602.1
1743332400000,2025-03-30 13:00:00,0.7762,0.7832,0.7754,0.78,25611.8
1743336000000,2025-03-30 14:00:00,0.78,0.7861,0.7783,0.7812,33008.4
1743339600000,2025-03-30 15:00:00,0.7812,0.7831,0.7701,0.7701,101715.1
1743343200000,2025-03-30 16:00:00,0.7701,0.7746,0.7663,0.7709,45302.8
1743346800000,2025-03-30 17:00:00,0.7709,0.7794,0.7704,0.7763,61189.6
1743350400000,2025-03-30 18:00:00,0.7763,0.7787,0.7648,0.767,70462.2
1743354000000,2025-03-30 19:00:00,0.767,0.7772,0.7661,0.7752,31557.1
1743357600000,2025-03-30 20:00:00,0.7752,0.7847,0.7752,0.7844,109323.1
1743361200000,2025-03-30 21:00:00,0.7844,0.7879,0.7811,0.7812,42811.7
1743364800000,2025-03-30 22:00:00,0.7812,0.7845,0.7786,0.7792,38373.6
1743368400000,2025-03-30 23:00:00,0.7792,0.7822,0.773,0.7743,23067.8
1743372000000,2025-03-31 00:00:00,0.7743,0.7818,0.7641,0.7777,113268.4
1743375600000,2025-03-31 01:00:00,0.7777,0.779,0.7667,0.7736,53010.9
1743379200000,2025-03-31 02:00:00,0.7736,0.7758,0.7557,0.7617,117436.4
1743382800000,2025-03-31 03:00:00,0.7617,0.7814,0.7606,0.7802,148433.4
1743386400000,2025-03-31 04:00:00,0.7802,0.7829,0.7726,0.7774,52133.9
1743390000000,2025-03-31 05:00:00,0.7774,0.7805,0.7614,0.7657,141465.4
1743393600000,2025-03-31 06:00:00,0.7657,0.7694,0.7593,0.7675,149609.2
1743397200000,2025-03-31 07:00:00,0.7675,0.7715,0.7646,0.7695,80367.9
1743400800000,2025-03-31 08:00:00,0.7695,0.7723,0.7627,0.7627,56727.0
1743404400000,2025-03-31 09:00:00,0.7627,0.7681,0.7452,0.7506,199696.5
1743408000000,2025-03-31 10:00:00,0.7506,0.7602,0.7494,0.7502,112362.1
1743411600000,2025-03-31 11:00:00,0.7502,0.7541,0.7382,0.7431,487347.4
1743415200000,2025-03-31 12:00:00,0.7431,0.7581,0.7349,0.7546,194417.9
1743418800000,2025-03-31 13:00:00,0.7546,0.7606,0.7486,0.7527,174133.6
1743422400000,2025-03-31 14:00:00,0.7527,0.7698,0.748,0.7638,283245.8
1743426000000,2025-03-31 15:00:00,0.7638,0.7647,0.7455,0.7538,187366.7
1743429600000,2025-03-31 16:00:00,0.7538,0.7709,0.7536,0.7673,155738.3
1743433200000,2025-03-31 17:00:00,0.7673,0.7716,0.7618,0.7623,110589.5
1743436800000,2025-03-31 18:00:00,0.7623,0.7678,0.7609,0.7617,90051.6
1743440400000,2025-03-31 19:00:00,0.7617,0.7667,0.7519,0.7545,86795.3
1743444000000,2025-03-31 20:00:00,0.7545,0.766,0.7522,0.7615,1830739.4
1743447600000,2025-03-31 21:00:00,0.7615,0.768,0.7593,0.7606,172097.2
1743451200000,2025-03-31 22:00:00,0.7606,0.7658,0.7545,0.7563,76004.6
1743454800000,2025-03-31 23:00:00,0.7563,0.7642,0.7562,0.7592,51144.9
1743458400000,2025-04-01 00:00:00,0.7592,0.7592,0.7535,0.759,27534.7
1743462000000,2025-04-01 01:00:00,0.759,0.7643,0.758,0.7613,66184.8
1743465600000,2025-04-01 02:00:00,0.7613,0.766,0.7595,0.7647,75032.3
1743469200000,2025-04-01 03:00:00,0.7647,0.7647,0.7364,0.7375,764170.5
1743472800000,2025-04-01 04:00:00,0.7375,0.7458,0.7371,0.7453,250075.7
1743476400000,2025-04-01 05:00:00,0.7453,0.7477,0.7411,0.744,153431.8
1743480000000,2025-04-01 06:00:00,0.744,0.7445,0.7403,0.7437,53516.8
1743483600000,2025-04-01 07:00:00,0.7437,0.7536,0.7423,0.7479,86195.0
1743487200000,2025-04-01 08:00:00,0.7479,0.7549,0.7415,0.7516,434482.6
1743490800000,2025-04-01 09:00:00,0.7516,0.7633,0.7503,0.7582,289081.1
1743494400000,2025-04-01 10:00:00,0.7582,0.7754,0.7578,0.7732,181042.7
1743498000000,2025-04-01 11:00:00,0.7732,0.7775,0.7705,0.7756,94646.3
1743501600000,2025-04-01 12:00:00,0.7756,0.7766,0.756,0.7572,123740.3
1743505200000,2025-04-01 13:00:00,0.7572,0.7583,0.7443,0.7496,147580.5
1743508800000,2025-04-01 14:00:00,0.7496,0.755,0.7451,0.7497,51132.2
1743512400000,2025-04-01 15:00:00,0.7497,0.7579,0.7476,0.753,66720.7
1743516000000,2025-04-01 16:00:00,0.753,0.7632,0.7404,0.7602,184556.4
1743519600000,2025-04-01 17:00:00,0.7602,0.7735,0.7568,0.7695,206771.0
1743523200000,2025-04-01 18:00:00,0.7695,0.7738,0.7222,0.7403,1381703.6
1743526800000,2025-04-01 19:00:00,0.7403,0.7403,0.7289,0.7307,305434.5
1743530400000,2025-04-01 20:00:00,0.7307,0.7307,0.7132,0.7211,373854.9
1743534000000,2025-04-01 21:00:00,0.7211,0.7237,0.7151,0.7179,203035.3
1743537600000,2025-04-01 22:00:00,0.7179,0.7193,0.7064,0.7191,235928.3
1743541200000,2025-04-01 23:00:00,0.7191,0.7254,0.7156,0.7205,105033.7
1743544800000,2025-04-02 00:00:00,0.7205,0.723,0.7176,0.7176,98016.7
1743548400000,2025-04-02 01:00:00,0.7176,0.7179,0.709,0.7111,172776.6
1743552000000,2025-04-02 02:00:00,0.7111,0.7161,0.697,0.7002,288364.3
1743555600000,2025-04-02 03:00:00,0.7002,0.701,0.6894,0.6976,382230.2
1743559200000,2025-04-02 04:00:00,0.6976,0.698,0.6795,0.6857,370025.8
1743562800000,2025-04-02 05:00:00,0.6857,0.6926,0.684,0.6898,135348.8
1743566400000,2025-04-02 06:00:00,0.6898,0.6926,0.6784,0.6788,208274.6
1743570000000,2025-04-02 07:00:00,0.6788,0.6801,0.6725,0.6743,226262.5
1743573600000,2025-04-02 08:00:00,0.6743,0.6797,0.6709,0.6712,143020.5
1743577200000,2025-04-02 09:00:00,0.6712,0.6839,0.6712,0.6755,214924.8
1743580800000,2025-04-02 10:00:00,0.6755,0.6848,0.6723,0.6818,163077.8
1743584400000,2025-04-02 11:00:00,0.6818,0.6905,0.6811,0.6889,117933.0
1743588000000,2025-04-02 12:00:00,0.6889,0.6912,0.6791,0.68,138420.1
1743591600000,2025-04-02 13:00:00,0.68,0.6824,0.6766,0.6774,89089.7
1743595200000,2025-04-02 14:00:00,0.6774,0.6812,0.6731,0.6811,119459.1
1743598800000,2025-04-02 15:00:00,0.6811,0.6841,0.6601,0.6722,522982.8
1743602400000,2025-04-02 16:00:00,0.6722,0.683,0.6685,0.6828,1401003.3
1743606000000,2025-04-02 17:00:00,0.6828,0.7061,0.6822,0.6994,488085.1
1743609600000,2025-04-02 18:00:00,0.6994,0.7085,0.699,0.7014,192022.6
1743613200000,2025-04-02 19:00:00,0.7014,0.7053,0.684,0.6898,206203.9
1743616800000,2025-04-02 20:00:00,0.6898,0.6987,0.6887,0.6966,106140.9
1743620400000,2025-04-02 21:00:00,0.6966,0.7,0.6893,0.6955,119510.0
1743624000000,2025-04-02 22:00:00,0.6955,0.7139,0.6743,0.688,914755.3
1743627600000,2025-04-02 23:00:00,0.688,0.6887,0.67,0.6775,478964.2
1743631200000,2025-04-03 00:00:00,0.6775,0.6777,0.6422,0.6444,350454.0
1743634800000,2025-04-03 01:00:00,0.6444,0.6548,0.6401,0.6527,250640.5
1743638400000,2025-04-03 02:00:00,0.6527,0.6691,0.6505,0.6683,209173.1
1743642000000,2025-04-03 03:00:00,0.6683,0.6777,0.6683,0.6732,153211.1
1743645600000,2025-04-03 04:00:00,0.6732,0.6803,0.673,0.6788,134942.2
1743649200000,2025-04-03 05:00:00,0.6788,0.6822,0.6735,0.6757,324596.4
1743652800000,2025-04-03 06:00:00,0.6757,0.6813,0.673,0.6777,431720.0
1743656400000,2025-04-03 07:00:00,0.6777,0.6789,0.6721,0.6722,71312.0
1743660000000,2025-04-03 08:00:00,0.6722,0.6795,0.6702,0.6709,365498.4
1743663600000,2025-04-03 09:00:00,0.6709,0.6737,0.6535,0.6608,622728.4
1743667200000,2025-04-03 10:00:00,0.6608,0.6649,0.6561,0.6596,150140.4
1743670800000,2025-04-03 11:00:00,0.6596,0.6602,0.6547,0.6554,104422.2
1743674400000,2025-04-03 12:00:00,0.6554,0.6564,0.6397,0.6406,294527.8
1743678000000,2025-04-03 13:00:00,0.6406,0.6458,0.6353,0.6432,196034.2
1743681600000,2025-04-03 14:00:00,0.6432,0.6456,0.6273,0.6284,376920.5
1743685200000,2025-04-03 15:00:00,0.6284,0.6444,0.6277,0.6403,355397.0
1743688800000,2025-04-03 16:00:00,0.6403,0.6415,0.625,0.6276,298521.7
1743692400000,2025-04-03 17:00:00,0.6276,0.638,0.6258,0.6362,202251.4
1743696000000,2025-04-03 18:00:00,0.6362,0.6406,0.6346,0.6353,129596.4
1743699600000,2025-04-03 19:00:00,0.6353,0.6435,0.6344,0.6424,98288.2
1743703200000,2025-04-03 20:00:00,0.6424,0.6511,0.6359,0.6484,174619.0
1743706800000,2025-04-03 21:00:00,0.6484,0.6522,0.647,0.6498,87284.0
1743710400000,2025-04-03 22:00:00,0.6498,0.6577,0.6498,0.6542,139180.4
1743714000000,2025-04-03 23:00:00,0.6542,0.6585,0.6481,0.657,167734.4
1743717600000,2025-04-04 00:00:00,0.657,0.6576,0.6519,0.6536,70269.0
1743721200000,2025-04-04 01:00:00,0.6536,0.655,0.6499,0.6503,89831.2
1743724800000,2025-04-04 02:00:00,0.6503,0.6544,0.6462,0.6468,124535.6
1743728400000,2025-04-04 03:00:00,0.6468,0.6481,0.6353,0.6376,196464.4
1743732000000,2025-04-04 04:00:00,0.6376,0.6466,0.6372,0.6424,172337.5
1743735600000,2025-04-04 05:00:00,0.6424,0.6444,0.6383,0.6383,155627.4
1743739200000,2025-04-04 06:00:00,0.6383,0.6396,0.6311,0.6342,124913.0
1743742800000,2025-04-04 07:00:00,0.6342,0.6509,0.6342,0.65,157970.6
1743746400000,2025-04-04 08:00:00,0.65,0.6529,0.6465,0.6474,127768.0
1743750000000,2025-04-04 09:00:00,0.6474,0.6552,0.6457,0.6531,227400.4
1743753600000,2025-04-04 10:00:00,0.6531,0.6629,0.6531,0.66,130329.1
1743757200000,2025-04-04 11:00:00,0.66,0.661,0.654,0.6556,96692.9
1743760800000,2025-04-04 12:00:00,0.6556,0.6571,0.6264,0.6283,632764.2
1743764400000,2025-04-04 13:00:00,0.6283,0.6301,0.6154,0.6281,464096.9
1743768000000,2025-04-04 14:00:00,0.6281,0.6401,0.626,0.6361,379949.5
1743771600000,2025-04-04 15:00:00,0.6361,0.646,0.6282,0.6442,354843.9
1743775200000,2025-04-04 16:00:00,0.6442,0.6463,0.6351,0.6427,202668.7
1743778800000,2025-04-04 17:00:00,0.6427,0.6599,0.642,0.6464,419572.5
1743782400000,2025-04-04 18:00:00,0.6464,0.6546,0.6457,0.6497,239830.1
1743786000000,2025-04-04 19:00:00,0.6497,0.6638,0.6433,0.6583,238773.7
1743789600000,2025-04-04 20:00:00,0.6583,0.6613,0.6548,0.6551,119979.6
1743793200000,2025-04-04 21:00:00,0.6551,0.6609,0.6532,0.656,102672.2
1743796800000,2025-04-04 22:00:00,0.656,0.661,0.6529,0.6593,71969.8
1743800400000,2025-04-04 23:00:00,0.6593,0.6646,0.6565,0.6611,70316.5
1743804000000,2025-04-05 00:00:00,0.6611,0.6627,0.659,0.6593,39655.3
1743807600000,2025-04-05 01:00:00,0.6593,0.6597,0.6566,0.6594,25685.8
1743811200000,2025-04-05 02:00:00,0.6594,0.6664,0.6582,0.6658,47521.6
1743814800000,2025-04-05 03:00:00,0.6658,0.6835,0.6592,0.6724,863234.6
1743818400000,2025-04-05 04:00:00,0.6724,0.6798,0.6693,0.6697,261546.4
1743822000000,2025-04-05 05:00:00,0.6697,0.6743,0.6693,0.6716,55147.8
1743825600000,2025-04-05 06:00:00,0.6716,0.6798,0.671,0.6749,94098.9
1743829200000,2025-04-05 07:00:00,0.6749,0.6865,0.6735,0.6794,184484.6
1743832800000,2025-04-05 08:00:00,0.6794,0.68,0.6701,0.6736,138759.6
1743836400000,2025-04-05 09:00:00,0.6736,0.6826,0.6728,0.6807,85132.8
1743840000000,2025-04-05 10:00:00,0.6807,0.6924,0.6806,0.6918,181540.5
1743843600000,2025-04-05 11:00:00,0.6918,0.6918,0.6781,0.6878,403882.8
1743847200000,2025-04-05 12:00:00,0.6878,0.6955,0.6868,0.6901,252721.3
1743850800000,2025-04-05 13:00:00,0.6901,0.691,0.6823,0.6848,211774.7
1743854400000,2025-04-05 14:00:00,0.6848,0.6883,0.6766,0.6801,141027.7
1743858000000,2025-04-05 15:00:00,0.6801,0.6805,0.6683,0.6713,179420.0
1743861600000,2025-04-05 16:00:00,0.6713,0.6773,0.6706,0.6721,105754.9
1743865200000,2025-04-05 17:00:00,0.6721,0.6721,0.6621,0.6648,102436.3
1743868800000,2025-04-05 18:00:00,0.6648,0.6667,0.6629,0.6648,47856.2
1743872400000,2025-04-05 19:00:00,0.6648,0.6661,0.6623,0.6639,66870.0
1743876000000,2025-04-05 20:00:00,0.6639,0.6687,0.6636,0.668,28978.9
1743879600000,2025-04-05 21:00:00,0.668,0.6685,0.6626,0.6635,45272.3
1743883200000,2025-04-05 22:00:00,0.6635,0.6684,0.6619,0.6671,71136.4
1743886800000,2025-04-05 23:00:00,0.6671,0.6714,0.6638,0.6697,72748.7
1743890400000,2025-04-06 00:00:00,0.6697,0.6755,0.6695,0.6747,47394.6
1743894000000,2025-04-06 01:00:00,0.6747,0.6787,0.6714,0.6777,50893.1
1743897600000,2025-04-06 02:00:00,0.6777,0.6777,0.671,0.6749,70357.9
1743901200000,2025-04-06 03:00:00,0.6749,0.6764,0.6717,0.6741,66863.8
1743904800000,2025-04-06 04:00:00,0.6741,0.6751,0.6708,0.6714,40805.7
1743908400000,2025-04-06 05:00:00,0.6714,0.6721,0.6698,0.6716,25438.5
1743912000000,2025-04-06 06:00:00,0.6716,0.675,0.6698,0.6743,33679.3
1743915600000,2025-04-06 07:00:00,0.6743,0.6793,0.6728,0.6785,105989.7
1743919200000,2025-04-06 08:00:00,0.6785,0.6816,0.6764,0.6764,109397.4
1743922800000,2025-04-06 09:00:00,0.6764,0.6774,0.6732,0.6761,46921.1
1743926400000,2025-04-06 10:00:00,0.6761,0.6809,0.6735,0.6807,54539.5
1743930000000,2025-04-06 11:00:00,0.6807,0.6807,0.6737,0.6741,51676.5
1743933600000,2025-04-06 12:00:00,0.6741,0.675,0.671,0.6741,58970.2
1743937200000,2025-04-06 13:00:00,0.6741,0.6743,0.6687,0.6722,66329.7
1743940800000,2025-04-06 14:00:00,0.6722,0.6725,0.6602,0.6602,105985.1
1743944400000,2025-04-06 15:00:00,0.6602,0.6612,0.644,0.6462,193325.6
1743948000000,2025-04-06 16:00:00,0.6462,0.6598,0.6432,0.6591,139987.1
1743951600000,2025-04-06 17:00:00,0.6591,0.6606,0.6538,0.6568,65962.1
1743955200000,2025-04-06 18:00:00,0.6568,0.6569,0.6459,0.6481,110404.2
1743958800000,2025-04-06 19:00:00,0.6481,0.6486,0.6261,0.6283,199511.6
1743962400000,2025-04-06 20:00:00,0.6283,0.6295,0.603,0.607,454202.9
1743966000000,2025-04-06 21:00:00,0.607,0.617,0.6038,0.6154,684052.4
1743969600000,2025-04-06 22:00:00,0.6154,0.6182,0.5934,0.6008,276189.8
1743973200000,2025-04-06 23:00:00,0.6008,0.6093,0.5981,0.5996,99052.6
1743976800000,2025-04-07 00:00:00,0.5996,0.6089,0.5948,0.5996,190574.4
1743980400000,2025-04-07 01:00:00,0.5996,0.6153,0.5876,0.6116,293598.1
1743984000000,2025-04-07 02:00:00,0.6116,0.6164,0.603,0.6114,218744.0
1743987600000,2025-04-07 03:00:00,0.6114,0.6299,0.6113,0.6216,313131.8
1743991200000,2025-04-07 04:00:00,0.6216,0.6243,0.6043,0.6091,301975.0
1743994800000,2025-04-07 05:00:00,0.6091,0.6108,0.5825,0.5926,408114.7
1743998400000,2025-04-07 06:00:00,0.5926,0.6038,0.5903,0.5973,346404.7
1744002000000,2025-04-07 07:00:00,0.5973,0.6021,0.5878,0.59,336793.4
1744005600000,2025-04-07 08:00:00,0.59,0.596,0.5466,0.5541,964647.1
1744009200000,2025-04-07 09:00:00,0.5541,0.5708,0.5525,0.5641,398639.9
1744012800000,2025-04-07 10:00:00,0.5641,0.5891,0.5572,0.5834,591550.5
1744016400000,2025-04-07 11:00:00,0.5834,0.5925,0.579,0.581,699807.8
1744020000000,2025-04-07 12:00:00,0.581,0.5931,0.5784,0.5808,272074.0
1744023600000,2025-04-07 13:00:00,0.5808,0.5855,0.573,0.5755,148479.3
1744027200000,2025-04-07 14:00:00,0.5755,0.5947,0.573,0.5905,355149.7
1744030800000,2025-04-07 15:00:00,0.5905,0.6146,0.5777,0.6109,587138.5
1744034400000,2025-04-07 16:00:00,0.6109,0.6387,0.6017,0.6124,1094599.1
1744038000000,2025-04-07 17:00:00,0.6124,0.6142,0.5999,0.6094,250126.1
1744041600000,2025-04-07 18:00:00,0.6094,0.6095,0.5962,0.5977,281151.3
1744045200000,2025-04-07 19:00:00,0.5977,0.6157,0.5977,0.6131,296060.3
1744048800000,2025-04-07 20:00:00,0.6131,0.6138,0.6044,0.6048,227520.9
1744052400000,2025-04-07 21:00:00,0.6048,0.6104,0.6013,0.602,180315.0
1744056000000,2025-04-07 22:00:00,0.602,0.6177,0.602,0.6145,103437.4
1744059600000,2025-04-07 23:00:00,0.6145,0.6177,0.6081,0.6145,53594.8
1744063200000,2025-04-08 00:00:00,0.6145,0.6229,0.6145,0.6204,74960.5
1744066800000,2025-04-08 01:00:00,0.6204,0.6228,0.6135,0.614,117020.7
1744070400000,2025-04-08 02:00:00,0.614,0.6182,0.6119,0.6136,74588.9
1744074000000,2025-04-08 03:00:00,0.6136,0.6335,0.6116,0.6325,223649.2
1744077600000,2025-04-08 04:00:00,0.6325,0.6437,0.6312,0.6343,231088.5
1744081200000,2025-04-08 05:00:00,0.6343,0.6359,0.621,0.6226,131694.8
1744084800000,2025-04-08 06:00:00,0.6226,0.626,0.6197,0.6239,140967.7
1744088400000,2025-04-08 07:00:00,0.6239,0.6242,0.6103,0.612,125719.8
1744092000000,2025-04-08 08:00:00,0.612,0.612,0.6022,0.6027,103519.4
1744095600000,2025-04-08 09:00:00,0.6027,0.6036,0.5983,0.6023,146337.1
1744099200000,2025-04-08 10:00:00,0.6023,0.6031,0.594,0.5992,123947.6
1744102800000,2025-04-08 11:00:00,0.5992,0.6047,0.5975,0.6025,122106.2
1744106400000,2025-04-08 12:00:00,0.6025,0.6037,0.5973,0.5983,254207.0
1744110000000,2025-04-08 13:00:00,0.5983,0.6152,0.5973,0.6136,157332.1
1744113600000,2025-04-08 14:00:00,0.6136,0.6161,0.6025,0.6043,329389.6
1744117200000,2025-04-08 15:00:00,0.6043,0.6107,0.6002,0.6055,279728.1
1744120800000,2025-04-08 16:00:00,0.6055,0.6099,0.5934,0.5954,394199.1
1744124400000,2025-04-08 17:00:00,0.5954,0.5977,0.5903,0.5974,245857.5
1744128000000,2025-04-08 18:00:00,0.5974,0.5992,0.5838,0.5866,335648.4
1744131600000,2025-04-08 19:00:00,0.5866,0.5875,0.5724,0.5837,312227.9
1744135200000,2025-04-08 20:00:00,0.5837,0.5929,0.5806,0.59,247241.7
1744138800000,2025-04-08 21:00:00,0.59,0.5923,0.58,0.5804,215742.3
1744142400000,2025-04-08 22:00:00,0.5804,0.5871,0.5775,0.5854,167133.5
1744146000000,2025-04-08 23:00:00,0.5854,0.5875,0.5783,0.5833,74762.4
1744149600000,2025-04-09 00:00:00,0.5833,0.584,0.5741,0.5808,78075.2
1744153200000,2025-04-09 01:00:00,0.5808,0.5832,0.5757,0.5828,157195.3
1744156800000,2025-04-09 02:00:00,0.5828,0.5883,0.5755,0.5772,335757.1
1744160400000,2025-04-09 03:00:00,0.5772,0.5865,0.5542,0.5856,581952.2
1744164000000,2025-04-09 04:00:00,0.5856,0.5952,0.5846,0.5863,174365.5
1744167600000,2025-04-09 05:00:00,0.5863,0.5913,0.5831,0.5889,112970.1
1744171200000,2025-04-09 06:00:00,0.5889,0.5994,0.585,0.5952,249507.6
1744174800000,2025-04-09 07:00:00,0.5952,0.6005,0.5927,0.5958,159248.8
1744178400000,2025-04-09 08:00:00,0.5958,0.6036,0.5955,0.5968,119613.7
1744182000000,2025-04-09 09:00:00,0.5968,0.608,0.5968,0.6066,229345.4
1744185600000,2025-04-09 10:00:00,0.6066,0.6087,0.6024,0.6068,101346.3
1744189200000,2025-04-09 11:00:00,0.6068,0.6085,0.6024,0.6037,126110.2
1744192800000,2025-04-09 12:00:00,0.6037,0.6133,0.6008,0.6102,163401.3
1744196400000,2025-04-09 13:00:00,0.6102,0.6105,0.5913,0.5944,337889.5
1744200000000,2025-04-09 14:00:00,0.5944,0.6002,0.5883,0.5957,151767.3
1744203600000,2025-04-09 15:00:00,0.5957,0.6113,0.5955,0.6078,205046.4
1744207200000,2025-04-09 16:00:00,0.6078,0.6164,0.6063,0.6063,288404.5
1744210800000,2025-04-09 17:00:00,0.6063,0.6137,0.6062,0.6085,67228.7
1744214400000,2025-04-09 18:00:00,0.6085,0.613,0.6057,0.6115,190476.5
1744218000000,2025-04-09 19:00:00,0.6115,0.6515,0.6045,0.6504,847085.3
1744221600000,2025-04-09 20:00:00,0.6504,0.657,0.6425,0.6484,691915.6
1744225200000,2025-04-09 21:00:00,0.6484,0.6572,0.6484,0.6517,146499.0
1744228800000,2025-04-09 22:00:00,0.6517,0.659,0.6494,0.6584,232004.4
1744232400000,2025-04-09 23:00:00,0.6584,0.6614,0.6553,0.6608,102607.5
1744236000000,2025-04-10 00:00:00,0.6608,0.6651,0.6573,0.6592,108878.6
1744239600000,2025-04-10 01:00:00,0.6592,0.66,0.6526,0.6547,75838.6
1744243200000,2025-04-10 02:00:00,0.6547,0.6552,0.6461,0.6516,56440.8
1744246800000,2025-04-10 03:00:00,0.6516,0.652,0.6325,0.6355,964179.9
1744250400000,2025-04-10 04:00:00,0.6355,0.6459,0.6282,0.6445,1276076.3
1744254000000,2025-04-10 05:00:00,0.6445,0.6456,0.6281,0.6322,1055394.7
1744257600000,2025-04-10 06:00:00,0.6322,0.6336,0.6243,0.6331,257059.6
1744261200000,2025-04-10 07:00:00,0.6331,0.6343,0.63,0.6321,163531.8
1744264800000,2025-04-10 08:00:00,0.6321,0.636,0.6273,0.632,164578.4
1744268400000,2025-04-10 09:00:00,0.632,0.6341,0.622,0.6272,158422.5
1744272000000,2025-04-10 10:00:00,0.6272,0.6299,0.6237,0.6267,134632.9
1744275600000,2025-04-10 11:00:00,0.6267,0.6277,0.6197,0.6271,250132.8
1744279200000,2025-04-10 12:00:00,0.6271,0.6294,0.621,0.6275,601012.1
1744282800000,2025-04-10 13:00:00,0.6275,0.6289,0.6206,0.6228,175842.1
1744286400000,2025-04-10 14:00:00,0.6228,0.6364,0.62,0.6294,520736.5
1744290000000,2025-04-10 15:00:00,0.6294,0.634,0.6213,0.6285,347276.0
1744293600000,2025-04-10 16:00:00,0.6285,0.6377,0.6248,0.6308,247730.6
1744297200000,2025-04-10 17:00:00,0.6308,0.6326,0.6064,0.609,313306.6
1744300800000,2025-04-10 18:00:00,0.609,0.6197,0.6065,0.6179,243758.9
1744304400000,2025-04-10 19:00:00,0.6179,0.6232,0.6139,0.6187,307713.3
1744308000000,2025-04-10 20:00:00,0.6187,0.6253,0.617,0.6194,244473.2
1744311600000,2025-04-10 21:00:00,0.6194,0.6206,0.6147,0.616,149618.7
1744315200000,2025-04-10 22:00:00,0.616,0.6245,0.6159,0.623,90234.5
1744318800000,2025-04-10 23:00:00,0.623,0.6265,0.6177,0.6239,128592.2
1744322400000,2025-04-11 00:00:00,0.6239,0.6287,0.6231,0.6259,113674.0
1744326000000,2025-04-11 01:00:00,0.6259,0.626,0.6209,0.6229,102560.6
1744329600000,2025-04-11 02:00:00,0.6229,0.6295,0.6196,0.6203,126809.4
1744333200000,2025-04-11 03:00:00,0.6203,0.6331,0.6201,0.6326,105661.1
1744336800000,2025-04-11 04:00:00,0.6326,0.6365,0.6293,0.6335,100483.8
1744340400000,2025-04-11 05:00:00,0.6335,0.639,0.6334,0.6363,133861.0
1744344000000,2025-04-11 06:00:00,0.6363,0.6393,0.6343,0.6354,104019.3
1744347600000,2025-04-11 07:00:00,0.6354,0.636,0.6315,0.6357,171154.6
1744351200000,2025-04-11 08:00:00,0.6357,0.6418,0.6357,0.6403,152383.3
1744354800000,2025-04-11 09:00:00,0.6403,0.6419,0.6369,0.6401,92219.8
1744358400000,2025-04-11 10:00:00,0.6401,0.6448,0.6356,0.6374,194785.1
1744362000000,2025-04-11 11:00:00,0.6374,0.6406,0.635,0.6382,125444.9
1744365600000,2025-04-11 12:00:00,0.6382,0.6447,0.6369,0.6419,143336.3
1744369200000,2025-04-11 13:00:00,0.6419,0.6428,0.6326,0.6331,195416.8
1744372800000,2025-04-11 14:00:00,0.6331,0.6427,0.6286,0.6334,304638.4
1744376400000,2025-04-11 15:00:00,0.6334,0.6442,0.6309,0.6428,154670.9
1744380000000,2025-04-11 16:00:00,0.6428,0.6443,0.6334,0.6365,315199.7
1744383600000,2025-04-11 17:00:00,0.6365,0.6498,0.6361,0.6492,200689.9
1744387200000,2025-04-11 18:00:00,0.6492,0.6536,0.6444,0.6491,253480.0
1744390800000,2025-04-11 19:00:00,0.6491,0.6583,0.6477,0.6534,156347.3
1744394400000,2025-04-11 20:00:00,0.6534,0.6568,0.651,0.651,104188.2
1744398000000,2025-04-11 21:00:00,0.651,0.6542,0.6498,0.6507,41789.6
1744401600000,2025-04-11 22:00:00,0.6507,0.6522,0.6484,0.6505,47593.8
1744405200000,2025-04-11 23:00:00,0.6505,0.6573,0.6489,0.6502,84903.6
1744408800000,2025-04-12 00:00:00,0.6502,0.6514,0.6475,0.648,114740.9
1744412400000,2025-04-12 01:00:00,0.648,0.648,0.6439,0.6456,88055.8
1744416000000,2025-04-12 02:00:00,0.6456,0.6482,0.6439,0.6462,47703.0
1744419600000,2025-04-12 03:00:00,0.6462,0.647,0.6426,0.6431,28668.9
1744423200000,2025-04-12 04:00:00,0.6431,0.6445,0.639,0.639,78551.7
1744426800000,2025-04-12 05:00:00,0.639,0.6411,0.6378,0.6396,37615.3
1744430400000,2025-04-12 06:00:00,0.6396,0.6456,0.6379,0.6449,63721.7
1744434000000,2025-04-12 07:00:00,0.6449,0.6465,0.6427,0.6453,25434.3
1744437600000,2025-04-12 08:00:00,0.6453,0.6485,0.6449,0.6463,38356.5
1744441200000,2025-04-12 09:00:00,0.6463,0.6514,0.6459,0.6502,41532.8
1744444800000,2025-04-12 10:00:00,0.6502,0.6566,0.6502,0.6546,94951.5
1744448400000,2025-04-12 11:00:00,0.6546,0.6566,0.6525,0.6548,38781.3
1744452000000,2025-04-12 12:00:00,0.6548,0.6548,0.6486,0.6509,48556.2
1744455600000,2025-04-12 13:00:00,0.6509,0.6563,0.6509,0.6543,65453.1
1744459200000,2025-04-12 14:00:00,0.6543,0.6584,0.6527,0.6557,119623.0
1744462800000,2025-04-12 15:00:00,0.6557,0.6674,0.6552,0.6665,211964.8
1744466400000,2025-04-12 16:00:00,0.6665,0.6773,0.6656,0.6727,197911.7
1744470000000,2025-04-12 17:00:00,0.6727,0.6781,0.6691,0.6733,260995.6
1744473600000,2025-04-12 18:00:00,0.6733,0.6814,0.6733,0.6793,187974.0
1744477200000,2025-04-12 19:00:00,0.6793,0.6813,0.6743,0.6757,119885.8
1744480800000,2025-04-12 20:00:00,0.6757,0.6816,0.6756,0.6802,45956.5
1744484400000,2025-04-12 21:00:00,0.6802,0.681,0.6743,0.6748,46264.6
1744488000000,2025-04-12 22:00:00,0.6748,0.6795,0.6742,0.678,59459.0
1744491600000,2025-04-12 23:00:00,0.678,0.681,0.6756,0.6771,31305.9
1744495200000,2025-04-13 00:00:00,0.6771,0.6794,0.6754,0.677,28671.3
1744498800000,2025-04-13 01:00:00,0.677,0.6772,0.6724,0.6734,61138.0
1744502400000,2025-04-13 02:00:00,0.6734,0.6752,0.6682,0.6682,68445.3
1744506000000,2025-04-13 03:00:00,0.6682,0.6719,0.6616,0.6624,148374.3
1744509600000,2025-04-13 04:00:00,0.6624,0.6627,0.6573,0.6589,124382.0
1744513200000,2025-04-13 05:00:00,0.6589,0.659,0.6549,0.6575,108799.8
1744516800000,2025-04-13 06:00:00,0.6575,0.6579,0.6493,0.6506,80517.9
1744520400000,2025-04-13 07:00:00,0.6506,0.6509,0.6385,0.6479,384236.2
1744524000000,2025-04-13 08:00:00,0.6479,0.6516,0.6472,0.6505,50966.2
1744527600000,2025-04-13 09:00:00,0.6505,0.6514,0.6464,0.6472,43853.9
1744531200000,2025-04-13 10:00:00,0.6472,0.6489,0.6429,0.6479,72607.5
1744534800000,2025-04-13 11:00:00,0.6479,0.6532,0.6474,0.6508,123382.8
1744538400000,2025-04-13 12:00:00,0.6508,0.652,0.6461,0.6507,111253.1
1744542000000,2025-04-13 13:00:00,0.6507,0.6593,0.6506,0.654,551045.3
1744545600000,2025-04-13 14:00:00,0.654,0.6546,0.6478,0.6523,218297.7
1744549200000,2025-04-13 15:00:00,0.6523,0.655,0.6357,0.6378,378932.9
1744552800000,2025-04-13 16:00:00,0.6378,0.6444,0.6357,0.6433,203003.0
1744556400000,2025-04-13 17:00:00,0.6433,0.6461,0.64,0.6454,108130.4
1744560000000,2025-04-13 18:00:00,0.6454,0.6514,0.6454,0.6505,123203.3
1744563600000,2025-04-13 19:00:00,0.6505,0.6614,0.65,0.6577,285182.9
1744567200000,2025-04-13 20:00:00,0.6577,0.6623,0.6533,0.6533,123947.2
1744570800000,2025-04-13 21:00:00,0.6533,0.6536,0.617,0.6269,642307.0
1744574400000,2025-04-13 22:00:00,0.6269,0.635,0.623,0.6287,349418.9
1744578000000,2025-04-13 23:00:00,0.6287,0.6329,0.6088,0.6254,321720.0
1744581600000,2025-04-14 00:00:00,0.6254,0.6277,0.6175,0.6181,193770.6
1744585200000,2025-04-14 01:00:00,0.6181,0.634,0.6171,0.6323,230301.1
1744588800000,2025-04-14 02:00:00,0.6323,0.6454,0.6303,0.6378,156040.3
1744592400000,2025-04-14 03:00:00,0.6378,0.6391,0.6334,0.6353,68029.7
1744596000000,2025-04-14 04:00:00,0.6353,0.6526,0.6333,0.6441,118478.7
1744599600000,2025-04-14 05:00:00,0.6441,0.6444,0.6359,0.6365,80999.6
1744603200000,2025-04-14 06:00:00,0.6365,0.6452,0.6359,0.6442,69506.2
1744606800000,2025-04-14 07:00:00,0.6442,0.6454,0.6336,0.6356,86015.1
1744610400000,2025-04-14 08:00:00,0.6356,0.6362,0.6218,0.6304,414594.0
1744614000000,2025-04-14 09:00:00,0.6304,0.6329,0.6254,0.6324,232877.9
1744617600000,2025-04-14 10:00:00,0.6324,0.6372,0.6292,0.6358,96659.1
1744621200000,2025-04-14 11:00:00,0.6358,0.6362,0.6274,0.6296,151527.3
1744624800000,2025-04-14 12:00:00,0.6296,0.6505,0.6283,0.6486,203782.7
1744628400000,2025-04-14 13:00:00,0.6486,0.656,0.6454,0.655,209679.9
1744632000000,2025-04-14 14:00:00,0.655,0.6594,0.6507,0.6539,335077.0
1744635600000,2025-04-14 15:00:00,0.6539,0.6558,0.6383,0.6415,210102.2
1744639200000,2025-04-14 16:00:00,0.6415,0.6598,0.6414,0.6549,209156.0
1744642800000,2025-04-14 17:00:00,0.6549,0.6551,0.6258,0.6293,853204.6
1744646400000,2025-04-14 18:00:00,0.6293,0.637,0.6255,0.6299,591172.0
1744650000000,2025-04-14 19:00:00,0.6299,0.6464,0.6298,0.6425,429405.7
1744653600000,2025-04-14 20:00:00,0.6425,0.6459,0.6411,0.6437,206639.9
1744657200000,2025-04-14 21:00:00,0.6437,0.6519,0.642,0.6442,145823.5
1744660800000,2025-04-14 22:00:00,0.6442,0.6478,0.6411,0.6443,37305.9
1744664400000,2025-04-14 23:00:00,0.6443,0.6453,0.637,0.6433,63683.0
1744668000000,2025-04-15 00:00:00,0.6433,0.6442,0.6402,0.6427,42204.1
1744671600000,2025-04-15 01:00:00,0.6427,0.6456,0.6417,0.6438,29988.4
1744675200000,2025-04-15 02:00:00,0.6438,0.6448,0.6357,0.6413,157167.8
1744678800000,2025-04-15 03:00:00,0.6413,0.6546,0.6379,0.6536,119951.2
1744682400000,2025-04-15 04:00:00,0.6536,0.658,0.6437,0.6493,129679.0
1744686000000,2025-04-15 05:00:00,0.6493,0.6548,0.6465,0.6531,79366.4
1744689600000,2025-04-15 06:00:00,0.6531,0.6547,0.646,0.6521,93222.4
1744693200000,2025-04-15 07:00:00,0.6521,0.6575,0.6519,0.654,72552.5
1744696800000,2025-04-15 08:00:00,0.654,0.6544,0.6472,0.6486,96623.5
1744700400000,2025-04-15 09:00:00,0.6486,0.6572,0.6481,0.6551,123282.0
1744704000000,2025-04-15 10:00:00,0.6551,0.6583,0.6522,0.658,179781.5
1744707600000,2025-04-15 11:00:00,0.658,0.661,0.6543,0.6592,210405.9
1744711200000,2025-04-15 12:00:00,0.6592,0.6619,0.6518,0.6542,169165.5
1744714800000,2025-04-15 13:00:00,0.6542,0.6582,0.6496,0.6565,168792.1
1744718400000,2025-04-15 14:00:00,0.6565,0.6608,0.6525,0.6563,224014.6
1744722000000,2025-04-15 15:00:00,0.6563,0.663,0.6504,0.6529,169596.2
1744725600000,2025-04-15 16:00:00,0.6529,0.6569,0.6426,0.6512,208524.8
1744729200000,2025-04-15 17:00:00,0.6512,0.6562,0.6487,0.6509,129501.6
1744732800000,2025-04-15 18:00:00,0.6509,0.6517,0.6417,0.6441,465685.8
1744736400000,2025-04-15 19:00:00,0.6441,0.6473,0.6391,0.6419,166985.8
1744740000000,2025-04-15 20:00:00,0.6419,0.6427,0.6292,0.6317,381689.6
1744743600000,2025-04-15 21:00:00,0.6317,0.639,0.6306,0.6332,202141.0
1744747200000,2025-04-15 22:00:00,0.6332,0.6374,0.6265,0.6295,193837.2
1744750800000,2025-04-15 23:00:00,0.6295,0.6372,0.6225,0.6357,147060.8
1744754400000,2025-04-16 00:00:00,0.6357,0.6358,0.6273,0.6288,58936.3
1744758000000,2025-04-16 01:00:00,0.6288,0.6313,0.6267,0.6286,68355.4
1744761600000,2025-04-16 02:00:00,0.6286,0.6312,0.6219,0.6263,166988.5
1744765200000,2025-04-16 03:00:00,0.6263,0.6423,0.625,0.6403,235113.5
1744768800000,2025-04-16 04:00:00,0.6403,0.6403,0.6349,0.6361,92350.9
1744772400000,2025-04-16 05:00:00,0.6361,0.641,0.636,0.6373,72816.9
1744776000000,2025-04-16 06:00:00,0.6373,0.6381,0.6309,0.6355,147011.3
1744779600000,2025-04-16 07:00:00,0.6355,0.64,0.6286,0.6338,398435.3
1744783200000,2025-04-16 08:00:00,0.6338,0.6393,0.6326,0.6381,109000.3
1744786800000,2025-04-16 09:00:00,0.6381,0.6401,0.6267,0.6271,150959.1
1744790400000,2025-04-16 10:00:00,0.6271,0.6395,0.6231,0.6337,218789.3
1744794000000,2025-04-16 11:00:00,0.6337,0.6365,0.6282,0.6285,136155.1
1744797600000,2025-04-16 12:00:00,0.6285,0.6356,0.6282,0.6332,98550.2
1744801200000,2025-04-16 13:00:00,0.6332,0.6333,0.6248,0.6296,115387.2
1744804800000,2025-04-16 14:00:00,0.6296,0.633,0.6231,0.6234,101166.3
1744808400000,2025-04-16 15:00:00,0.6234,0.6304,0.6222,0.6238,190941.1
1744812000000,2025-04-16 16:00:00,0.6238,0.6397,0.6232,0.636,186420.4
1744815600000,2025-04-16 17:00:00,0.636,0.6437,0.629,0.6298,358184.4
1744819200000,2025-04-16 18:00:00,0.6298,0.6329,0.6227,0.6309,294856.8
1744822800000,2025-04-16 19:00:00,0.6309,0.6423,0.6171,0.6189,693804.1
1744826400000,2025-04-16 20:00:00,0.6189,0.6352,0.6183,0.6239,480103.3
1744830000000,2025-04-16 21:00:00,0.6239,0.6347,0.6157,0.6321,291888.3
1744833600000,2025-04-16 22:00:00,0.6321,0.6381,0.6239,0.6244,153214.9
1744837200000,2025-04-16 23:00:00,0.6244,0.6327,0.6226,0.6312,268193.3
1744840800000,2025-04-17 00:00:00,0.6312,0.6313,0.6231,0.6237,56592.4
1744844400000,2025-04-17 01:00:00,0.6237,0.6239,0.6135,0.6151,152351.6
1744848000000,2025-04-17 02:00:00,0.6151,0.6179,0.6132,0.6177,114571.7
1744851600000,2025-04-17 03:00:00,0.6177,0.6219,0.6154,0.6154,84145.0
1744855200000,2025-04-17 04:00:00,0.6154,0.6155,0.6061,0.6124,506505.5
1744858800000,2025-04-17 05:00:00,0.6124,0.6153,0.6086,0.6109,131501.6
1744862400000,2025-04-17 06:00:00,0.6109,0.623,0.6099,0.6202,161487.1
1744866000000,2025-04-17 07:00:00,0.6202,0.6286,0.6192,0.6254,105721.3
1744869600000,2025-04-17 08:00:00,0.6254,0.6276,0.6238,0.627,94702.6
1744873200000,2025-04-17 09:00:00,0.627,0.6273,0.622,0.6236,113417.2
1744876800000,2025-04-17 10:00:00,0.6236,0.6248,0.6211,0.6213,40360.0
1744880400000,2025-04-17 11:00:00,0.6213,0.6258,0.6193,0.6252,67552.1
1744884000000,2025-04-17 12:00:00,0.6252,0.6257,0.6193,0.6209,96076.6
1744887600000,2025-04-17 13:00:00,0.6209,0.6247,0.6191,0.6235,63209.4
1744891200000,2025-04-17 14:00:00,0.6235,0.6293,0.6235,0.6251,140345.6
1744894800000,2025-04-17 15:00:00,0.6251,0.6252,0.619,0.6205,92076.2
1744898400000,2025-04-17 16:00:00,0.6205,0.6205,0.6077,0.6115,123346.3
1744902000000,2025-04-17 17:00:00,0.6115,0.6236,0.6107,0.6228,177794.4
1744905600000,2025-04-17 18:00:00,0.6228,0.632,0.6171,0.6314,264303.4
1744909200000,2025-04-17 19:00:00,0.6314,0.6356,0.6299,0.6342,113895.6
1744912800000,2025-04-17 20:00:00,0.6342,0.6382,0.6318,0.6318,65237.7
1744916400000,2025-04-17 21:00:00,0.6318,0.632,0.621,0.6253,113852.3
1744920000000,2025-04-17 22:00:00,0.6253,0.6311,0.6253,0.6293,48695.3
1744923600000,2025-04-17 23:00:00,0.6293,0.6293,0.6242,0.6258,68177.6
1744927200000,2025-04-18 00:00:00,0.6258,0.6265,0.6157,0.6163,58899.2
1744930800000,2025-04-18 01:00:00,0.6163,0.6197,0.6161,0.619,89296.3
1744934400000,2025-04-18 02:00:00,0.619,0.6197,0.6146,0.6152,67393.9
1744938000000,2025-04-18 03:00:00,0.6152,0.6202,0.6132,0.615,113636.9
1744941600000,2025-04-18 04:00:00,0.615,0.6199,0.6145,0.6182,61909.4
1744945200000,2025-04-18 05:00:00,0.6182,0.6212,0.6169,0.6203,42909.0
1744948800000,2025-04-18 06:00:00,0.6203,0.628,0.6195,0.6271,146799.4
1744952400000,2025-04-18 07:00:00,0.6271,0.6283,0.6241,0.6283,96843.6
1744956000000,2025-04-18 08:00:00,0.6283,0.6294,0.6245,0.6267,51692.3
1744959600000,2025-04-18 09:00:00,0.6267,0.6305,0.623,0.6297,108004.9
1744963200000,2025-04-18 10:00:00,0.6297,0.6356,0.6287,0.6339,196936.1
1744966800000,2025-04-18 11:00:00,0.6339,0.6356,0.6322,0.6345,46095.1
1744970400000,2025-04-18 12:00:00,0.6345,0.6358,0.6282,0.6293,125257.0
1744974000000,2025-04-18 13:00:00,0.6293,0.633,0.6293,0.6315,54765.4
1744977600000,2025-04-18 14:00:00,0.6315,0.6363,0.6313,0.6337,93844.0
1744981200000,2025-04-18 15:00:00,0.6337,0.6365,0.6281,0.63,506011.2
1744984800000,2025-04-18 16:00:00,0.63,0.6332,0.626,0.6279,106113.6
1744988400000,2025-04-18 17:00:00,0.6279,0.6283,0.6218,0.6234,99737.6
1744992000000,2025-04-18 18:00:00,0.6234,0.6264,0.623,0.6233,75155.9
1744995600000,2025-04-18 19:00:00,0.6233,0.6273,0.623,0.6263,53953.0
1744999200000,2025-04-18 20:00:00,0.6263,0.6268,0.6217,0.6225,71576.8
1745002800000,2025-04-18 21:00:00,0.6225,0.624,0.6214,0.6234,74634.6
1745006400000,2025-04-18 22:00:00,0.6234,0.6239,0.6195,0.6209,93166.4
1745010000000,2025-04-18 23:00:00,0.6209,0.6248,0.6201,0.6245,99166.2
1745013600000,2025-04-19 00:00:00,0.6245,0.6246,0.6199,0.6203,52484.5
1745017200000,2025-04-19 01:00:00,0.6203,0.6206,0.6167,0.6205,84350.3
1745020800000,2025-04-19 02:00:00,0.6205,0.623,0.6177,0.623,96696.3
1745024400000,2025-04-19 03:00:00,0.623,0.6266,0.6226,0.6248,53759.7
1745028000000,2025-04-19 04:00:00,0.6248,0.629,0.6244,0.6283,65964.8
1745031600000,2025-04-19 05:00:00,0.6283,0.6316,0.6273,0.6273,80693.9
1745035200000,2025-04-19 06:00:00,0.6273,0.6311,0.6271,0.6279,52830.2
1745038800000,2025-04-19 07:00:00,0.6279,0.6303,0.6271,0.6295,35954.2
1745042400000,2025-04-19 08:00:00,0.6295,0.6296,0.6261,0.6279,50822.3
1745046000000,2025-04-19 09:00:00,0.6279,0.6355,0.6276,0.635,39661.0
1745049600000,2025-04-19 10:00:00,0.635,0.6371,0.6326,0.6352,105775.9
1745053200000,2025-04-19 11:00:00,0.6352,0.6371,0.6279,0.6286,112263.6
1745056800000,2025-04-19 12:00:00,0.6286,0.6287,0.6238,0.6255,105927.7
1745060400000,2025-04-19 13:00:00,0.6255,0.6271,0.6213,0.625,160351.7
1745064000000,2025-04-19 14:00:00,0.625,0.6264,0.6209,0.6219,156502.0
1745067600000,2025-04-19 15:00:00,0.6219,0.6261,0.6212,0.6255,53353.9
1745071200000,2025-04-19 16:00:00,0.6255,0.629,0.624,0.6286,55738.5
1745074800000,2025-04-19 17:00:00,0.6286,0.6368,0.6282,0.6337,180383.8
1745078400000,2025-04-19 18:00:00,0.6337,0.6475,0.6315,0.6336,441881.2
1745082000000,2025-04-19 19:00:00,0.6336,0.6452,0.6316,0.6418,176614.8
1745085600000,2025-04-19 20:00:00,0.6418,0.65,0.641,0.6441,159950.2
1745089200000,2025-04-19 21:00:00,0.6441,0.6454,0.6367,0.6426,221531.1
1745092800000,2025-04-19 22:00:00,0.6426,0.6474,0.6417,0.6449,76864.8
1745096400000,2025-04-19 23:00:00,0.6449,0.6508,0.6449,0.6472,114604.8
1745100000000,2025-04-20 00:00:00,0.6472,0.6493,0.6454,0.6469,57191.6
1745103600000,2025-04-20 01:00:00,0.6469,0.6471,0.6427,0.6436,31302.2
1745107200000,2025-04-20 02:00:00,0.6436,0.645,0.6392,0.6399,66109.9
1745110800000,2025-04-20 03:00:00,0.6399,0.6461,0.6398,0.645,80722.8
1745114400000,2025-04-20 04:00:00,0.645,0.6495,0.6437,0.6471,26303.0
1745118000000,2025-04-20 05:00:00,0.6471,0.6512,0.6454,0.6479,72513.4
1745121600000,2025-04-20 06:00:00,0.6479,0.6604,0.6477,0.6583,262655.2
1745125200000,2025-04-20 07:00:00,0.6583,0.6648,0.6537,0.6543,162218.8
1745128800000,2025-04-20 08:00:00,0.6543,0.6548,0.6463,0.65,156956.8
1745132400000,2025-04-20 09:00:00,0.65,0.6509,0.6372,0.6378,128141.9
1745136000000,2025-04-20 10:00:00,0.6378,0.6405,0.6321,0.6333,171301.4
1745139600000,2025-04-20 11:00:00,0.6333,0.6381,0.6323,0.634,90186.9
1745143200000,2025-04-20 12:00:00,0.634,0.6365,0.6226,0.626,221672.7
1745146800000,2025-04-20 13:00:00,0.626,0.6322,0.6248,0.6314,186203.5
1745150400000,2025-04-20 14:00:00,0.6314,0.6357,0.6305,0.6339,68350.5
1745154000000,2025-04-20 15:00:00,0.6339,0.6407,0.6324,0.6371,129918.0
1745157600000,2025-04-20 16:00:00,0.6371,0.6407,0.6346,0.6385,243879.3
1745161200000,2025-04-20 17:00:00,0.6385,0.6407,0.6366,0.6399,102358.1
1745164800000,2025-04-20 18:00:00,0.6399,0.6493,0.6397,0.6452,229237.0
1745168400000,2025-04-20 19:00:00,0.6452,0.6471,0.6401,0.6439,81492.6
1745172000000,2025-04-20 20:00:00,0.6439,0.645,0.6425,0.6448,44377.0
1745175600000,2025-04-20 21:00:00,0.6448,0.6477,0.6434,0.6474,42940.4
1745179200000,2025-04-20 22:00:00,0.6474,0.6546,0.6463,0.6477,129411.3
1745182800000,2025-04-20 23:00:00,0.6477,0.6483,0.6445,0.6463,51152.0
1745186400000,2025-04-21 00:00:00,0.6463,0.6463,0.6384,0.6425,78223.1
1745190000000,2025-04-21 01:00:00,0.6425,0.6495,0.6422,0.6478,48963.5
1745193600000,2025-04-21 02:00:00,0.6478,0.6617,0.6466,0.6536,182383.8
1745197200000,2025-04-21 03:00:00,0.6536,0.662,0.6536,0.6595,91386.1
1745200800000,2025-04-21 04:00:00,0.6595,0.6632,0.6541,0.6572,98058.5
1745204400000,2025-04-21 05:00:00,0.6572,0.6589,0.6531,0.6543,56256.9
1745208000000,2025-04-21 06:00:00,0.6543,0.66,0.6524,0.6592,52366.5
1745211600000,2025-04-21 07:00:00,0.6592,0.6682,0.6568,0.6642,145550.5
1745215200000,2025-04-21 08:00:00,0.6642,0.6675,0.6607,0.6612,78840.8
1745218800000,2025-04-21 09:00:00,0.6612,0.665,0.6575,0.6627,102293.2
1745222400000,2025-04-21 10:00:00,0.6627,0.6884,0.6623,0.6804,3153238.4
1745226000000,2025-04-21 11:00:00,0.6804,0.6825,0.6741,0.6753,381526.2
1745229600000,2025-04-21 12:00:00,0.6753,0.6781,0.6719,0.6758,497304.8
1745233200000,2025-04-21 13:00:00,0.6758,0.6758,0.6674,0.6723,365259.1
1745236800000,2025-04-21 14:00:00,0.6723,0.68,0.6723,0.674,329548.4
1745240400000,2025-04-21 15:00:00,0.674,0.6788,0.6701,0.6716,249664.8
1745244000000,2025-04-21 16:00:00,0.6716,0.6808,0.6703,0.6807,192321.9
1745247600000,2025-04-21 17:00:00,0.6807,0.6813,0.675,0.6788,159898.5
1745251200000,2025-04-21 18:00:00,0.6788,0.6816,0.6639,0.6659,174930.7
1745254800000,2025-04-21 19:00:00,0.6659,0.6678,0.653,0.6658,483916.6
1745258400000,2025-04-21 20:00:00,0.6658,0.6662,0.6575,0.6584,151541.2
1745262000000,2025-04-21 21:00:00,0.6584,0.6679,0.6573,0.6652,165832.5
1745265600000,2025-04-21 22:00:00,0.6652,0.6679,0.6627,0.6666,72098.4
1745269200000,2025-04-21 23:00:00,0.6666,0.6679,0.6619,0.6654,75532.9
1745272800000,2025-04-22 00:00:00,0.6654,0.6654,0.6593,0.663,65017.9
1745276400000,2025-04-22 01:00:00,0.663,0.6647,0.6582,0.6636,67547.8
1745280000000,2025-04-22 02:00:00,0.6636,0.6636,0.6472,0.663,253526.2
1745283600000,2025-04-22 03:00:00,0.663,0.6774,0.6611,0.6728,167931.5
1745287200000,2025-04-22 04:00:00,0.6728,0.6779,0.6689,0.6704,125292.3
1745290800000,2025-04-22 05:00:00,0.6704,0.6725,0.664,0.6669,124751.7
1745294400000,2025-04-22 06:00:00,0.6669,0.6701,0.6592,0.6592,163960.8
1745298000000,2025-04-22 07:00:00,0.6592,0.6622,0.6579,0.66,132394.7
1745301600000,2025-04-22 08:00:00,0.66,0.6621,0.6449,0.6515,245282.9
1745305200000,2025-04-22 09:00:00,0.6515,0.6712,0.6494,0.6712,327205.1
1745308800000,2025-04-22 10:00:00,0.6712,0.6746,0.6655,0.6672,291375.9
1745312400000,2025-04-22 11:00:00,0.6672,0.6678,0.6621,0.6652,168951.2
1745316000000,2025-04-22 12:00:00,0.6652,0.6673,0.6621,0.6669,84611.5
1745319600000,2025-04-22 13:00:00,0.6669,0.6982,0.666,0.6926,1303023.1
1745323200000,2025-04-22 14:00:00,0.6926,0.7003,0.689,0.6954,759729.8
1745326800000,2025-04-22 15:00:00,0.6954,0.7039,0.6911,0.6977,572850.6
1745330400000,2025-04-22 16:00:00,0.6977,0.7049,0.6888,0.7011,427435.0
1745334000000,2025-04-22 17:00:00,0.7011,0.7098,0.6953,0.7024,432086.5
1745337600000,2025-04-22 18:00:00,0.7024,0.7046,0.6972,0.7002,187093.7
1745341200000,2025-04-22 19:00:00,0.7002,0.7064,0.6982,0.7039,154278.3
1745344800000,2025-04-22 20:00:00,0.7039,0.7122,0.7026,0.7117,118250.3
1745348400000,2025-04-22 21:00:00,0.7117,0.7117,0.7022,0.7075,114270.9
1745352000000,2025-04-22 22:00:00,0.7075,0.7109,0.7058,0.709,70035.4
1745355600000,2025-04-22 23:00:00,0.709,0.7217,0.7042,0.7189,261549.6
1745359200000,2025-04-23 00:00:00,0.7189,0.7207,0.7056,0.7162,631330.8
1745362800000,2025-04-23 01:00:00,0.7162,0.7201,0.7134,0.7176,144258.0
1745366400000,2025-04-23 02:00:00,0.7176,0.7226,0.7136,0.7154,341634.9
1745370000000,2025-04-23 03:00:00,0.7154,0.7254,0.7101,0.7121,114202.3
1745373600000,2025-04-23 04:00:00,0.7121,0.7239,0.7113,0.7237,121515.1
1745377200000,2025-04-23 05:00:00,0.7237,0.7293,0.7204,0.7291,92292.6
1745380800000,2025-04-23 06:00:00,0.7291,0.7346,0.7232,0.7341,190654.6
1745384400000,2025-04-23 07:00:00,0.7341,0.7341,0.7258,0.7306,80147.3
1745388000000,2025-04-23 08:00:00,0.7306,0.7338,0.7277,0.7299,67474.2
1745391600000,2025-04-23 09:00:00,0.7299,0.7346,0.7253,0.733,235131.4
1745395200000,2025-04-23 10:00:00,0.733,0.7369,0.729,0.7357,126297.5
1745398800000,2025-04-23 11:00:00,0.7357,0.7429,0.7351,0.7377,194931.6
1745402400000,2025-04-23 12:00:00,0.7377,0.7377,0.7212,0.7335,270053.9
1745406000000,2025-04-23 13:00:00,0.7335,0.7413,0.7331,0.7393,187713.3
1745409600000,2025-04-23 14:00:00,0.7393,0.7455,0.7373,0.7431,187466.5
1745413200000,2025-04-23 15:00:00,0.7431,0.7477,0.7257,0.7272,418726.2
1745416800000,2025-04-23 16:00:00,0.7272,0.7418,0.7272,0.7286,242583.1
1745420400000,2025-04-23 17:00:00,0.7286,0.7355,0.7135,0.7266,356276.5
1745424000000,2025-04-23 18:00:00,0.7266,0.7305,0.7152,0.7297,204477.2
1745427600000,2025-04-23 19:00:00,0.7297,0.7336,0.7247,0.732,145788.8
1745431200000,2025-04-23 20:00:00,0.732,0.7388,0.7287,0.729,140259.1
1745434800000,2025-04-23 21:00:00,0.729,0.729,0.7138,0.7219,209738.7
1745438400000,2025-04-23 22:00:00,0.7219,0.7329,0.7219,0.7292,111362.6
1745442000000,2025-04-23 23:00:00,0.7292,0.7304,0.7253,0.7258,53380.5
1745445600000,2025-04-24 00:00:00,0.7258,0.7353,0.7258,0.7353,31714.9
1745449200000,2025-04-24 01:00:00,0.7353,0.7364,0.7315,0.7332,63058.5
1745452800000,2025-04-24 02:00:00,0.7332,0.7359,0.718,0.7237,109024.3
1745456400000,2025-04-24 03:00:00,0.7237,0.7271,0.7153,0.724,69886.0
1745460000000,2025-04-24 04:00:00,0.724,0.7344,0.7134,0.7148,178528.8
1745463600000,2025-04-24 05:00:00,0.7148,0.7238,0.7094,0.7103,126363.5
1745467200000,2025-04-24 06:00:00,0.7103,0.7184,0.7102,0.7175,102793.8
1745470800000,2025-04-24 07:00:00,0.7175,0.7231,0.7168,0.7207,73649.9
1745474400000,2025-04-24 08:00:00,0.7207,0.7216,0.6865,0.692,5361694.0
1745478000000,2025-04-24 09:00:00,0.692,0.7064,0.6896,0.6918,1184899.8
1745481600000,2025-04-24 10:00:00,0.6918,0.6999,0.6845,0.6893,859187.1
1745485200000,2025-04-24 11:00:00,0.6893,0.6972,0.6868,0.6963,216448.8
1745488800000,2025-04-24 12:00:00,0.6963,0.6989,0.6815,0.6977,415979.9
1745492400000,2025-04-24 13:00:00,0.6977,0.6999,0.6941,0.6998,171828.3
1745496000000,2025-04-24 14:00:00,0.6998,0.702,0.6966,0.7018,146285.3
1745499600000,2025-04-24 15:00:00,0.7018,0.7145,0.6997,0.7066,345266.6
1745503200000,2025-04-24 16:00:00,0.7066,0.7308,0.7065,0.7285,500496.4
1745506800000,2025-04-24 17:00:00,0.7285,0.7572,0.7245,0.7537,702260.5
1745510400000,2025-04-24 18:00:00,0.7537,0.7573,0.7474,0.7477,286090.1
1745514000000,2025-04-24 19:00:00,0.7477,0.7539,0.7324,0.7484,289554.7
1745517600000,2025-04-24 20:00:00,0.7484,0.7669,0.7462,0.7627,296550.6
1745521200000,2025-04-24 21:00:00,0.7627,0.7684,0.7618,0.766,268468.4
1745524800000,2025-04-24 22:00:00,0.766,0.7721,0.7603,0.7603,140778.1
1745528400000,2025-04-24 23:00:00,0.7603,0.7637,0.7507,0.7517,151733.2
1745532000000,2025-04-25 00:00:00,0.7517,0.7544,0.7428,0.7443,146407.8
1745535600000,2025-04-25 01:00:00,0.7443,0.7523,0.7431,0.7457,142319.6
1745539200000,2025-04-25 02:00:00,0.7457,0.7653,0.7456,0.7579,218497.1
1745542800000,2025-04-25 03:00:00,0.7579,0.7677,0.7558,0.756,133028.0
1745546400000,2025-04-25 04:00:00,0.756,0.759,0.7435,0.7469,206283.2
1745550000000,2025-04-25 05:00:00,0.7469,0.7634,0.7453,0.7612,168988.2
1745553600000,2025-04-25 06:00:00,0.7612,0.7656,0.757,0.7582,187285.2
1745557200000,2025-04-25 07:00:00,0.7582,0.7607,0.7554,0.7607,267695.2
1745560800000,2025-04-25 08:00:00,0.7607,0.7748,0.76,0.7712,96438.0
1745564400000,2025-04-25 09:00:00,0.7712,0.7768,0.7691,0.7768,101203.2
1745568000000,2025-04-25 10:00:00,0.7768,0.779,0.7702,0.7751,65399.1
1745571600000,2025-04-25 11:00:00,0.7751,0.7786,0.7661,0.7761,191289.2
1745575200000,2025-04-25 12:00:00,0.7761,0.7808,0.7643,0.7657,330696.8
1745578800000,2025-04-25 13:00:00,0.7657,0.7768,0.7657,0.7764,283741.9
1745582400000,2025-04-25 14:00:00,0.7764,0.7801,0.7541,0.7564,650916.7
1745586000000,2025-04-25 15:00:00,0.7564,0.7601,0.7483,0.7551,178897.0
1745589600000,2025-04-25 16:00:00,0.7551,0.7713,0.7538,0.769,363322.7
1745593200000,2025-04-25 17:00:00,0.769,0.771,0.7557,0.7593,170994.5
1745596800000,2025-04-25 18:00:00,0.7593,0.7663,0.7546,0.766,131675.1
1745600400000,2025-04-25 19:00:00,0.766,0.7699,0.7535,0.7569,96770.4
1745604000000,2025-04-25 20:00:00,0.7569,0.7664,0.7568,0.7604,78886.3
1745607600000,2025-04-25 21:00:00,0.7604,0.7628,0.7554,0.7609,67972.9
1745611200000,2025-04-25 22:00:00,0.7609,0.764,0.7596,0.761,32583.0
1745614800000,2025-04-25 23:00:00,0.761,0.7673,0.7554,0.7558,35901.3
1745618400000,2025-04-26 00:00:00,0.7558,0.7663,0.7555,0.7656,54135.5
1745622000000,2025-04-26 01:00:00,0.7656,0.7663,0.7604,0.7627,50651.8
1745625600000,2025-04-26 02:00:00,0.7627,0.776,0.7621,0.7723,144517.6
1745629200000,2025-04-26 03:00:00,0.7723,0.7898,0.7666,0.788,336495.1
1745632800000,2025-04-26 04:00:00,0.788,0.788,0.7794,0.7842,93119.4
1745636400000,2025-04-26 05:00:00,0.7842,0.7885,0.7798,0.7831,140272.9
1745640000000,2025-04-26 06:00:00,0.7831,0.7858,0.7734,0.7746,33384.0
1745643600000,2025-04-26 07:00:00,0.7746,0.7749,0.7639,0.7688,204589.0
1745647200000,2025-04-26 08:00:00,0.7688,0.781,0.7682,0.7782,73715.0
1745650800000,2025-04-26 09:00:00,0.7782,0.7824,0.7733,0.7733,170196.3
1745654400000,2025-04-26 10:00:00,0.7733,0.7816,0.7623,0.7655,145944.1
1745658000000,2025-04-26 11:00:00,0.7655,0.7687,0.7519,0.7597,181656.2
1745661600000,2025-04-26 12:00:00,0.7597,0.7636,0.7575,0.7602,66224.8
1745665200000,2025-04-26 13:00:00,0.7602,0.7645,0.7473,0.7489,164971.0
1745668800000,2025-04-26 14:00:00,0.7489,0.758,0.7471,0.7529,206133.2
1745672400000,2025-04-26 15:00:00,0.7529,0.7563,0.7431,0.7521,96196.5
1745676000000,2025-04-26 16:00:00,0.7521,0.7585,0.7464,0.7536,93522.6
1745679600000,2025-04-26 17:00:00,0.7536,0.7661,0.7534,0.7637,93303.9
1745683200000,2025-04-26 18:00:00,0.7637,0.7659,0.7571,0.7611,52995.4
1745686800000,2025-04-26 19:00:00,0.7611,0.7692,0.7605,0.763,92838.6
1745690400000,2025-04-26 20:00:00,0.763,0.7674,0.7616,0.7616,59197.7
1745694000000,2025-04-26 21:00:00,0.7616,0.7679,0.7592,0.7679,41516.1
1745697600000,2025-04-26 22:00:00,0.7679,0.7722,0.7655,0.7681,79821.8
1745701200000,2025-04-26 23:00:00,0.7681,0.771,0.7671,0.768,16213.0
1745704800000,2025-04-27 00:00:00,0.768,0.7757,0.7676,0.7718,36705.9
1745708400000,2025-04-27 01:00:00,0.7718,0.7747,0.77,0.7745,29652.0
1745712000000,2025-04-27 02:00:00,0.7745,0.7766,0.7698,0.7742,62690.2
1745715600000,2025-04-27 03:00:00,0.7742,0.7756,0.75,0.7504,201779.9
1745719200000,2025-04-27 04:00:00,0.7504,0.763,0.7502,0.7624,80900.4
1745722800000,2025-04-27 05:00:00,0.7624,0.7673,0.7613,0.7657,43856.8
1745726400000,2025-04-27 06:00:00,0.7657,0.7686,0.7533,0.755,47349.2
1745730000000,2025-04-27 07:00:00,0.755,0.758,0.7458,0.7522,162177.1
1745733600000,2025-04-27 08:00:00,0.7522,0.757,0.7505,0.7516,34708.2
1745737200000,2025-04-27 09:00:00,0.7516,0.7569,0.7495,0.7554,30910.9
1745740800000,2025-04-27 10:00:00,0.7554,0.759,0.751,0.751,58452.2
1745744400000,2025-04-27 11:00:00,0.751,0.756,0.7486,0.7549,57780.9
1745748000000,2025-04-27 12:00:00,0.7549,0.7551,0.7492,0.7531,26845.3
1745751600000,2025-04-27 13:00:00,0.7531,0.7542,0.7487,0.7506,26605.8
1745755200000,2025-04-27 14:00:00,0.7506,0.7543,0.7429,0.744,83546.1
1745758800000,2025-04-27 15:00:00,0.744,0.7552,0.7353,0.7508,159215.3
1745762400000,2025-04-27 16:00:00,0.7508,0.7538,0.7458,0.7473,71907.2
1745766000000,2025-04-27 17:00:00,0.7473,0.7478,0.7402,0.7407,69191.7
1745769600000,2025-04-27 18:00:00,0.7407,0.7433,0.7336,0.7378,83806.6
1745773200000,2025-04-27 19:00:00,0.7378,0.7421,0.7365,0.7407,36221.2
1745776800000,2025-04-27 20:00:00,0.7407,0.7515,0.7387,0.7495,80913.2
1745780400000,2025-04-27 21:00:00,0.7495,0.7503,0.7451,0.7503,42405.7
1745784000000,2025-04-27 22:00:00,0.7503,0.7504,0.7432,0.7438,62480.0
1745787600000,2025-04-27 23:00:00,0.7438,0.7517,0.7391,0.7394,76576.1
1745791200000,2025-04-28 00:00:00,0.7394,0.7396,0.7312,0.7372,111192.4
1745794800000,2025-04-28 01:00:00,0.7372,0.7372,0.724,0.7266,119688.1
1745798400000,2025-04-28 02:00:00,0.7266,0.7331,0.723,0.7269,85593.0
1745802000000,2025-04-28 03:00:00,0.7269,0.7277,0.6997,0.7063,377550.5
1745805600000,2025-04-28 04:00:00,0.7063,0.7152,0.6989,0.7085,229829.0
1745809200000,2025-04-28 05:00:00,0.7085,0.7162,0.7051,0.7132,130727.5
1745812800000,2025-04-28 06:00:00,0.7132,0.7214,0.7132,0.7172,156192.4
1745816400000,2025-04-28 07:00:00,0.7172,0.7236,0.7172,0.7209,70522.6
1745820000000,2025-04-28 08:00:00,0.7209,0.7381,0.7209,0.7349,121275.7
1745823600000,2025-04-28 09:00:00,0.7349,0.7444,0.731,0.741,112608.0
1745827200000,2025-04-28 10:00:00,0.741,0.7538,0.728,0.7303,466755.0
1745830800000,2025-04-28 11:00:00,0.7303,0.737,0.7303,0.7324,75825.0
1745834400000,2025-04-28 12:00:00,0.7324,0.7444,0.724,0.739,132099.2
1745838000000,2025-04-28 13:00:00,0.739,0.7404,0.7332,0.7369,122824.7
1745841600000,2025-04-28 14:00:00,0.7369,0.7381,0.7309,0.734,88911.1
1745845200000,2025-04-28 15:00:00,0.734,0.7359,0.7236,0.7247,147603.3
1745848800000,2025-04-28 16:00:00,0.7247,0.7309,0.7169,0.7222,302409.4
1745852400000,2025-04-28 17:00:00,0.7222,0.7239,0.7072,0.715,175985.9
1745856000000,2025-04-28 18:00:00,0.715,0.7268,0.7072,0.7227,182566.0
1745859600000,2025-04-28 19:00:00,0.7227,0.7317,0.7217,0.729,108658.9
1745863200000,2025-04-28 20:00:00,0.729,0.7333,0.726,0.7323,82229.3
1745866800000,2025-04-28 21:00:00,0.7323,0.7422,0.732,0.7404,93256.7
1745870400000,2025-04-28 22:00:00,0.7404,0.7437,0.7371,0.7394,52534.8
1745874000000,2025-04-28 23:00:00,0.7394,0.7406,0.7333,0.7357,33883.5
1745877600000,2025-04-29 00:00:00,0.7357,0.7389,0.7327,0.7365,38978.0
1745881200000,2025-04-29 01:00:00,0.7365,0.7377,0.7322,0.7358,39751.8
1745884800000,2025-04-29 02:00:00,0.7358,0.7455,0.7343,0.7416,53081.8
1745888400000,2025-04-29 03:00:00,0.7416,0.7436,0.7351,0.7362,58461.4
1745892000000,2025-04-29 04:00:00,0.7362,0.742,0.7355,0.74,62222.0
1745895600000,2025-04-29 05:00:00,0.74,0.7455,0.7393,0.7449,32476.9
1745899200000,2025-04-29 06:00:00,0.7449,0.7469,0.7351,0.7371,51124.3
1745902800000,2025-04-29 07:00:00,0.7371,0.7437,0.7345,0.7369,99609.4
1745906400000,2025-04-29 08:00:00,0.7369,0.7447,0.7363,0.7447,59069.5
1745910000000,2025-04-29 09:00:00,0.7447,0.7497,0.7425,0.7493,44780.1
1745913600000,2025-04-29 10:00:00,0.7493,0.7519,0.7426,0.7487,116391.7
1745917200000,2025-04-29 11:00:00,0.7487,0.7515,0.7405,0.7437,71431.4
1745920800000,2025-04-29 12:00:00,0.7437,0.7469,0.7286,0.7327,182332.8
1745924400000,2025-04-29 13:00:00,0.7327,0.7384,0.7319,0.7356,122431.9
1745928000000,2025-04-29 14:00:00,0.7356,0.7364,0.7246,0.7285,123383.2
1745931600000,2025-04-29 15:00:00,0.7285,0.7345,0.7215,0.7318,160133.3
1745935200000,2025-04-29 16:00:00,0.7318,0.7401,0.7285,0.7372,95696.2
1745938800000,2025-04-29 17:00:00,0.7372,0.7372,0.7277,0.7279,52521.3
1745942400000,2025-04-29 18:00:00,0.7279,0.7349,0.7249,0.7255,54033.9
1745946000000,2025-04-29 19:00:00,0.7255,0.7279,0.7176,0.7252,165156.5
1745949600000,2025-04-29 20:00:00,0.7252,0.7284,0.7191,0.7259,303197.1
1745953200000,2025-04-29 21:00:00,0.7259,0.7284,0.7199,0.7206,57180.3
1745956800000,2025-04-29 22:00:00,0.7206,0.7224,0.7146,0.7187,78237.0
1745960400000,2025-04-29 23:00:00,0.7187,0.7187,0.7063,0.7124,141366.0
1745964000000,2025-04-30 00:00:00,0.7124,0.7124,0.7014,0.7049,85776.7
1745967600000,2025-04-30 01:00:00,0.7049,0.7074,0.6946,0.707,121307.9
1745971200000,2025-04-30 02:00:00,0.707,0.7097,0.702,0.7049,71495.0
1745974800000,2025-04-30 03:00:00,0.7049,0.707,0.6993,0.7064,56739.4
1745978400000,2025-04-30 04:00:00,0.7064,0.7136,0.7059,0.7104,40501.7
1745982000000,2025-04-30 05:00:00,0.7104,0.7159,0.7062,0.7139,44755.3
1745985600000,2025-04-30 06:00:00,0.7139,0.7213,0.7126,0.7207,47993.7
1745989200000,2025-04-30 07:00:00,0.7207,0.7209,0.713,0.7158,23200.7
1745992800000,2025-04-30 08:00:00,0.7158,0.7192,0.7147,0.716,21217.8
1745996400000,2025-04-30 09:00:00,0.716,0.7178,0.7079,0.7113,53818.4
1746000000000,2025-04-30 10:00:00,0.7113,0.7187,0.7097,0.7168,47301.7
1746003600000,2025-04-30 11:00:00,0.7168,0.7288,0.7165,0.7278,66577.6
1746007200000,2025-04-30 12:00:00,0.7278,0.7309,0.7252,0.7288,102469.4
1746010800000,2025-04-30 13:00:00,0.7288,0.7303,0.7276,0.7294,66874.8
1746014400000,2025-04-30 14:00:00,0.7294,0.7325,0.7105,0.7178,138848.9
1746018000000,2025-04-30 15:00:00,0.7178,0.7195,0.6876,0.6895,373742.8
1746021600000,2025-04-30 16:00:00,0.6895,0.7086,0.6864,0.7033,194816.2
1746025200000,2025-04-30 17:00:00,0.7033,0.7061,0.7001,0.7012,47416.7
1746028800000,2025-04-30 18:00:00,0.7012,0.7044,0.6941,0.7023,94703.1
1746032400000,2025-04-30 19:00:00,0.7023,0.7107,0.6979,0.7068,53710.4
1746036000000,2025-04-30 20:00:00,0.7068,0.7128,0.7055,0.7076,84867.7
1746039600000,2025-04-30 21:00:00,0.7076,0.7104,0.7026,0.7079,35228.6
1746043200000,2025-04-30 22:00:00,0.7079,0.718,0.7067,0.713,113940.0
1746046800000,2025-04-30 23:00:00,0.713,0.7175,0.7116,0.7126,25406.8
1746050400000,2025-05-01 00:00:00,0.7126,0.7159,0.7054,0.7083,103792.7
1746054000000,2025-05-01 01:00:00,0.7083,0.7117,0.7073,0.7099,52231.6
1746057600000,2025-05-01 02:00:00,0.7099,0.7171,0.7084,0.7171,85120.3
1746061200000,2025-05-01 03:00:00,0.7171,0.7233,0.7168,0.7208,65951.7
1746064800000,2025-05-01 04:00:00,0.7208,0.7213,0.7126,0.714,41796.7
1746068400000,2025-05-01 05:00:00,0.714,0.7163,0.7069,0.7082,182796.5
1746072000000,2025-05-01 06:00:00,0.7082,0.7114,0.7053,0.7105,85107.4
1746075600000,2025-05-01 07:00:00,0.7105,0.7157,0.7094,0.7146,25537.3
1746079200000,2025-05-01 08:00:00,0.7146,0.7155,0.711,0.7126,22959.0
1746082800000,2025-05-01 09:00:00,0.7126,0.7188,0.7124,0.7164,52893.7
1746086400000,2025-05-01 10:00:00,0.7164,0.7231,0.7151,0.7228,37578.1
1746090000000,2025-05-01 11:00:00,0.7228,0.7307,0.7228,0.7241,128360.0
1746093600000,2025-05-01 12:00:00,0.7241,0.7421,0.7241,0.7314,538894.4
1746097200000,2025-05-01 13:00:00,0.7314,0.7338,0.7265,0.7297,119476.3
1746100800000,2025-05-01 14:00:00,0.7297,0.734,0.7253,0.7318,202832.5
1746104400000,2025-05-01 15:00:00,0.7318,0.7347,0.7179,0.7179,111861.3
1746108000000,2025-05-01 16:00:00,0.7179,0.7325,0.7179,0.7321,260701.8
1746111600000,2025-05-01 17:00:00,0.7321,0.7332,0.7246,0.7258,306081.8
1746115200000,2025-05-01 18:00:00,0.7258,0.7357,0.7258,0.7292,142800.1
1746118800000,2025-05-01 19:00:00,0.7292,0.736,0.7247,0.7284,68450.4
1746122400000,2025-05-01 20:00:00,0.7284,0.7326,0.7247,0.7319,47482.8
1746126000000,2025-05-01 21:00:00,0.7319,0.7319,0.7272,0.7282,43179.8
1746129600000,2025-05-01 22:00:00,0.7282,0.7335,0.7259,0.7297,41925.8
1746133200000,2025-05-01 23:00:00,0.7297,0.732,0.7272,0.7281,15856.5
1746136800000,2025-05-02 00:00:00,0.7281,0.7311,0.7236,0.7243,29331.7
1746140400000,2025-05-02 01:00:00,0.7243,0.7249,0.7175,0.7237,49061.9
1746144000000,2025-05-02 02:00:00,0.7237,0.7327,0.7217,0.7324,38763.6
1746147600000,2025-05-02 03:00:00,0.7324,0.7357,0.7278,0.7321,63069.0
1746151200000,2025-05-02 04:00:00,0.7321,0.7409,0.7293,0.7386,68957.6
1746154800000,2025-05-02 05:00:00,0.7386,0.7404,0.7298,0.7314,52124.5
1746158400000,2025-05-02 06:00:00,0.7314,0.7344,0.7236,0.7265,84221.6
1746162000000,2025-05-02 07:00:00,0.7265,0.7285,0.7223,0.7252,46767.6
1746165600000,2025-05-02 08:00:00,0.7252,0.7298,0.7207,0.7239,50843.5
1746169200000,2025-05-02 09:00:00,0.7239,0.7242,0.7157,0.7157,81025.8
1746172800000,2025-05-02 10:00:00,0.7157,0.7287,0.7157,0.7259,76519.4
1746176400000,2025-05-02 11:00:00,0.7259,0.728,0.7214,0.7234,42643.0
1746180000000,2025-05-02 12:00:00,0.7234,0.7271,0.7169,0.7176,76293.6
1746183600000,2025-05-02 13:00:00,0.7176,0.7226,0.7169,0.7175,79226.7
1746187200000,2025-05-02 14:00:00,0.7175,0.7228,0.7094,0.7203,200167.1
1746190800000,2025-05-02 15:00:00,0.7203,0.721,0.7139,0.7151,53896.2
1746194400000,2025-05-02 16:00:00,0.7151,0.7258,0.7151,0.7253,65247.0
1746198000000,2025-05-02 17:00:00,0.7253,0.7261,0.7148,0.7171,34641.1
1746201600000,2025-05-02 18:00:00,0.7171,0.7249,0.7168,0.721,62351.0
1746205200000,2025-05-02 19:00:00,0.721,0.7224,0.7158,0.718,37989.8
1746208800000,2025-05-02 20:00:00,0.718,0.7214,0.7161,0.7166,35566.0
1746212400000,2025-05-02 21:00:00,0.7166,0.717,0.7072,0.7112,83964.7
1746216000000,2025-05-02 22:00:00,0.7112,0.7166,0.7088,0.7161,44299.7
1746219600000,2025-05-02 23:00:00,0.7161,0.7193,0.7127,0.7149,31502.8
1746223200000,2025-05-03 00:00:00,0.7149,0.7183,0.7131,0.7181,21488.6
1746226800000,2025-05-03 01:00:00,0.7181,0.7209,0.7175,0.7205,42443.4
1746230400000,2025-05-03 02:00:00,0.7205,0.722,0.7111,0.7118,55717.9
1746234000000,2025-05-03 03:00:00,0.7118,0.7134,0.7074,0.7083,62908.2
1746237600000,2025-05-03 04:00:00,0.7083,0.7136,0.7074,0.7132,28861.8
1746241200000,2025-05-03 05:00:00,0.7132,0.7153,0.7117,0.7117,18683.1
1746244800000,2025-05-03 06:00:00,0.7117,0.7123,0.7096,0.7107,13443.6
1746248400000,2025-05-03 07:00:00,0.7107,0.712,0.7079,0.7106,27547.0
1746252000000,2025-05-03 08:00:00,0.7106,0.7106,0.7036,0.7058,71586.9
1746255600000,2025-05-03 09:00:00,0.7058,0.7059,0.6993,0.7019,84571.9
1746259200000,2025-05-03 10:00:00,0.7019,0.7072,0.6972,0.7028,91673.9
1746262800000,2025-05-03 11:00:00,0.7028,0.7051,0.7006,0.702,18394.5
1746266400000,2025-05-03 12:00:00,0.702,0.702,0.6921,0.6932,50295.0
1746270000000,2025-05-03 13:00:00,0.6932,0.6956,0.6898,0.691,59057.0
1746273600000,2025-05-03 14:00:00,0.691,0.692,0.682,0.6901,135097.3
1746277200000,2025-05-03 15:00:00,0.6901,0.6937,0.6886,0.6919,52187.2
1746280800000,2025-05-03 16:00:00,0.6919,0.6925,0.689,0.6904,48330.6
1746284400000,2025-05-03 17:00:00,0.6904,0.6937,0.6883,0.6886,37311.8
1746288000000,2025-05-03 18:00:00,0.6886,0.6886,0.6727,0.6758,200406.0
1746291600000,2025-05-03 19:00:00,0.6758,0.6765,0.6594,0.6729,245523.0
1746295200000,2025-05-03 20:00:00,0.6729,0.6743,0.6675,0.6698,50190.3
1746298800000,2025-05-03 21:00:00,0.6698,0.6785,0.6694,0.6777,37973.9
1746302400000,2025-05-03 22:00:00,0.6777,0.6778,0.6734,0.6742,52813.8
1746306000000,2025-05-03 23:00:00,0.6742,0.6793,0.6702,0.6708,36279.2
1746309600000,2025-05-04 00:00:00,0.6708,0.677,0.6683,0.6751,39084.6
1746313200000,2025-05-04 01:00:00,0.6751,0.6761,0.6687,0.6689,58631.8
1746316800000,2025-05-04 02:00:00,0.6689,0.6717,0.6627,0.6665,100691.3
1746320400000,2025-05-04 03:00:00,0.6665,0.673,0.6634,0.6705,54735.4
1746324000000,2025-05-04 04:00:00,0.6705,0.6791,0.6686,0.6736,109562.3
1746327600000,2025-05-04 05:00:00,0.6736,0.6755,0.6663,0.6697,103933.3
1746331200000,2025-05-04 06:00:00,0.6697,0.6756,0.6685,0.6739,133049.3
1746334800000,2025-05-04 07:00:00,0.6739,0.6793,0.6697,0.6748,68428.5
1746338400000,2025-05-04 08:00:00,0.6748,0.6763,0.6677,0.6713,63825.4
1746342000000,2025-05-04 09:00:00,0.6713,0.6726,0.6665,0.6702,40551.1
1746345600000,2025-05-04 10:00:00,0.6702,0.6711,0.6621,0.6659,128546.6
1746349200000,2025-05-04 11:00:00,0.6659,0.666,0.6573,0.6601,163480.1
1746352800000,2025-05-04 12:00:00,0.6601,0.6651,0.6598,0.6634,55206.0
1746356400000,2025-05-04 13:00:00,0.6634,0.6696,0.663,0.6655,98362.9
1746360000000,2025-05-04 14:00:00,0.6655,0.6687,0.6623,0.6623,61991.2
1746363600000,2025-05-04 15:00:00,0.6623,0.6638,0.656,0.6624,77687.8
1746367200000,2025-05-04 16:00:00,0.6624,0.6681,0.6616,0.6661,62890.1
1746370800000,2025-05-04 17:00:00,0.6661,0.6689,0.6604,0.6628,95622.4
1746374400000,2025-05-04 18:00:00,0.6628,0.6651,0.6575,0.658,56830.0
1746378000000,2025-05-04 19:00:00,0.658,0.6608,0.6535,0.6588,62719.1
1746381600000,2025-05-04 20:00:00,0.6588,0.6611,0.6545,0.6546,57108.7
1746385200000,2025-05-04 21:00:00,0.6546,0.6578,0.6536,0.6538,44597.8
1746388800000,2025-05-04 22:00:00,0.6538,0.6625,0.6538,0.6603,68545.9
1746392400000,2025-05-04 23:00:00,0.6603,0.6603,0.6558,0.6583,23699.0
1746396000000,2025-05-05 00:00:00,0.6583,0.6584,0.6485,0.6557,116311.6
1746399600000,2025-05-05 01:00:00,0.6557,0.6557,0.6497,0.6541,52988.6
1746403200000,2025-05-05 02:00:00,0.6541,0.662,0.6523,0.6615,70431.2
1746406800000,2025-05-05 03:00:00,0.6615,0.6616,0.6493,0.6543,63469.6
1746410400000,2025-05-05 04:00:00,0.6543,0.6665,0.6517,0.664,81861.5
1746414000000,2025-05-05 05:00:00,0.664,0.6647,0.6614,0.6621,38324.5
1746417600000,2025-05-05 06:00:00,0.6621,0.6664,0.6593,0.664,30294.4
1746421200000,2025-05-05 07:00:00,0.664,0.6671,0.6619,0.667,21333.2
1746424800000,2025-05-05 08:00:00,0.667,0.6686,0.6627,0.6642,58995.4
1746428400000,2025-05-05 09:00:00,0.6642,0.6706,0.6623,0.6663,59152.7
1746432000000,2025-05-05 10:00:00,0.6663,0.6686,0.6643,0.6646,38890.7
1746435600000,2025-05-05 11:00:00,0.6646,0.6659,0.6604,0.6605,18847.7
1746439200000,2025-05-05 12:00:00,0.6605,0.6608,0.6423,0.6472,142966.2
1746442800000,2025-05-05 13:00:00,0.6472,0.6542,0.6451,0.6462,120216.1
1746446400000,2025-05-05 14:00:00,0.6462,0.6489,0.6413,0.6443,68698.2
1746450000000,2025-05-05 15:00:00,0.6443,0.6473,0.6367,0.6468,136567.2
1746453600000,2025-05-05 16:00:00,0.6468,0.6554,0.641,0.6421,584378.0
1746457200000,2025-05-05 17:00:00,0.6421,0.6509,0.639,0.6426,297327.3
1746460800000,2025-05-05 18:00:00,0.6426,0.65,0.641,0.6449,77196.1
1746464400000,2025-05-05 19:00:00,0.6449,0.6547,0.6414,0.6537,104340.9
1746468000000,2025-05-05 20:00:00,0.6537,0.6598,0.6511,0.6566,99059.6
1746471600000,2025-05-05 21:00:00,0.6566,0.6572,0.6468,0.6475,121366.0
1746475200000,2025-05-05 22:00:00,0.6475,0.6481,0.6351,0.6413,175082.4
1746478800000,2025-05-05 23:00:00,0.6413,0.6485,0.6407,0.6464,56205.0
1746482400000,2025-05-06 00:00:00,0.6464,0.6514,0.6454,0.6488,44324.5
1746486000000,2025-05-06 01:00:00,0.6488,0.6493,0.6432,0.6435,30376.3
1746489600000,2025-05-06 02:00:00,0.6435,0.6492,0.6425,0.6452,40216.6
1746493200000,2025-05-06 03:00:00,0.6452,0.6527,0.6442,0.6461,50550.3
1746496800000,2025-05-06 04:00:00,0.6461,0.6463,0.6359,0.6457,117481.0
1746500400000,2025-05-06 05:00:00,0.6457,0.649,0.6425,0.6475,42793.8
1746504000000,2025-05-06 06:00:00,0.6475,0.6507,0.6453,0.6455,78216.8
1746507600000,2025-05-06 07:00:00,0.6455,0.6473,0.6408,0.6408,38769.8
1746511200000,2025-05-06 08:00:00,0.6408,0.6437,0.64,0.6431,36941.7
1746514800000,2025-05-06 09:00:00,0.6431,0.6465,0.6399,0.6416,50316.5
1746518400000,2025-05-06 10:00:00,0.6416,0.6419,0.6307,0.6412,136584.3
1746522000000,2025-05-06 11:00:00,0.6412,0.6412,0.6322,0.6352,77669.4
1746525600000,2025-05-06 12:00:00,0.6352,0.6357,0.6271,0.6318,144195.4
1746529200000,2025-05-06 13:00:00,0.6318,0.636,0.6232,0.6292,107978.9
1746532800000,2025-05-06 14:00:00,0.6292,0.6313,0.6236,0.6295,91389.4
1746536400000,2025-05-06 15:00:00,0.6295,0.6331,0.6237,0.6286,97095.2
1746540000000,2025-05-06 16:00:00,0.6286,0.6386,0.6282,0.6317,88652.6
1746543600000,2025-05-06 17:00:00,0.6317,0.6355,0.6253,0.6271,85835.8
1746547200000,2025-05-06 18:00:00,0.6271,0.6324,0.6248,0.6261,75547.3
1746550800000,2025-05-06 19:00:00,0.6261,0.636,0.6261,0.6316,49954.9
1746554400000,2025-05-06 20:00:00,0.6316,0.6407,0.6312,0.6392,74204.2
1746558000000,2025-05-06 21:00:00,0.6392,0.6405,0.6353,0.6364,58809.7
1746561600000,2025-05-06 22:00:00,0.6364,0.6377,0.6253,0.6262,93847.7
1746565200000,2025-05-06 23:00:00,0.6262,0.6293,0.614,0.6268,158188.4
1746568800000,2025-05-07 00:00:00,0.6268,0.6416,0.6255,0.6406,102234.6
1746572400000,2025-05-07 01:00:00,0.6406,0.6431,0.6351,0.6415,81107.4
1746576000000,2025-05-07 02:00:00,0.6415,0.6532,0.6392,0.6522,117916.6
1746579600000,2025-05-07 03:00:00,0.6522,0.6565,0.6517,0.654,49779.4
1746583200000,2025-05-07 04:00:00,0.654,0.6546,0.6436,0.6455,47565.0
1746586800000,2025-05-07 05:00:00,0.6455,0.6457,0.6392,0.6431,67956.2
1746590400000,2025-05-07 06:00:00,0.6431,0.6477,0.6427,0.6467,51735.3
1746594000000,2025-05-07 07:00:00,0.6467,0.6477,0.6381,0.6389,889247.0
1746597600000,2025-05-07 08:00:00,0.6389,0.6453,0.6382,0.6449,68435.8
1746601200000,2025-05-07 09:00:00,0.6449,0.6515,0.6444,0.6505,45402.2
1746604800000,2025-05-07 10:00:00,0.6505,0.6546,0.6465,0.6545,62977.2
1746608400000,2025-05-07 11:00:00,0.6545,0.6561,0.6511,0.6515,32569.4
1746612000000,2025-05-07 12:00:00,0.6515,0.6533,0.6487,0.6501,40974.4
1746615600000,2025-05-07 13:00:00,0.6501,0.6533,0.6483,0.6523,26734.1
1746619200000,2025-05-07 14:00:00,0.6523,0.6529,0.6463,0.6483,57468.8
1746622800000,2025-05-07 15:00:00,0.6483,0.6508,0.6443,0.6467,64833.8
1746626400000,2025-05-07 16:00:00,0.6467,0.648,0.6399,0.6421,90401.3
1746630000000,2025-05-07 17:00:00,0.6421,0.6421,0.637,0.6387,42621.8
1746633600000,2025-05-07 18:00:00,0.6387,0.6387,0.6293,0.6378,103938.3
1746637200000,2025-05-07 19:00:00,0.6378,0.6417,0.6349,0.638,133037.1
1746640800000,2025-05-07 20:00:00,0.638,0.647,0.6337,0.6442,184804.7
1746644400000,2025-05-07 21:00:00,0.6442,0.6451,0.6354,0.6403,87970.1
1746648000000,2025-05-07 22:00:00,0.6403,0.6413,0.6335,0.638,29805.4
1746651600000,2025-05-07 23:00:00,0.638,0.6445,0.6355,0.6411,23220.6
1746655200000,2025-05-08 00:00:00,0.6411,0.6483,0.6408,0.6475,43886.2
1746658800000,2025-05-08 01:00:00,0.6475,0.6494,0.6438,0.6478,89848.7
1746662400000,2025-05-08 02:00:00,0.6478,0.6561,0.6466,0.6551,45255.4
1746666000000,2025-05-08 03:00:00,0.6551,0.6595,0.6538,0.6561,89204.4
1746669600000,2025-05-08 04:00:00,0.6561,0.6637,0.6561,0.6613,66822.4
1746673200000,2025-05-08 05:00:00,0.6613,0.6721,0.6613,0.6689,212746.4
1746676800000,2025-05-08 06:00:00,0.6689,0.6754,0.6688,0.6726,213923.0
1746680400000,2025-05-08 07:00:00,0.6726,0.6743,0.6678,0.6683,56951.9
1746684000000,2025-05-08 08:00:00,0.6683,0.6714,0.6671,0.6714,77938.4
1746687600000,2025-05-08 09:00:00,0.6714,0.6774,0.6688,0.6729,210467.1
1746691200000,2025-05-08 10:00:00,0.6729,0.6795,0.6728,0.6781,106350.5
1746694800000,2025-05-08 11:00:00,0.6781,0.6789,0.6749,0.6789,35355.2
1746698400000,2025-05-08 12:00:00,0.6789,0.68,0.6748,0.6786,85959.9
1746702000000,2025-05-08 13:00:00,0.6786,0.6798,0.6751,0.6798,52617.5
1746705600000,2025-05-08 14:00:00,0.6798,0.683,0.677,0.678,103072.1
1746709200000,2025-05-08 15:00:00,0.678,0.682,0.6757,0.6786,72201.1
1746712800000,2025-05-08 16:00:00,0.6786,0.6871,0.6738,0.6806,103386.0
1746716400000,2025-05-08 17:00:00,0.6806,0.7023,0.6801,0.6963,201530.8
1746720000000,2025-05-08 18:00:00,0.6963,0.7062,0.695,0.7037,144471.1
1746723600000,2025-05-08 19:00:00,0.7037,0.7049,0.6969,0.7025,63772.7
1746727200000,2025-05-08 20:00:00,0.7025,0.7064,0.7009,0.7019,53646.6
1746730800000,2025-05-08 21:00:00,0.7019,0.7144,0.699,0.7122,181398.7
1746734400000,2025-05-08 22:00:00,0.7122,0.7443,0.7122,0.7358,1196914.3
1746738000000,2025-05-08 23:00:00,0.7358,0.7508,0.7291,0.7398,204291.2
1746741600000,2025-05-09 00:00:00,0.7398,0.7482,0.7361,0.7472,104233.6
1746745200000,2025-05-09 01:00:00,0.7472,0.7546,0.7433,0.7535,122091.5
1746748800000,2025-05-09 02:00:00,0.7535,0.7701,0.7528,0.7609,162902.0
1746752400000,2025-05-09 03:00:00,0.7609,0.7709,0.7604,0.7644,65847.8
1746756000000,2025-05-09 04:00:00,0.7644,0.765,0.7549,0.7578,92497.0
1746759600000,2025-05-09 05:00:00,0.7578,0.7647,0.7486,0.7541,89358.4
1746763200000,2025-05-09 06:00:00,0.7541,0.7629,0.7528,0.7586,46611.1
1746766800000,2025-05-09 07:00:00,0.7586,0.7676,0.7579,0.7675,50099.3
1746770400000,2025-05-09 08:00:00,0.7675,0.7834,0.7665,0.7829,361983.5
1746774000000,2025-05-09 09:00:00,0.7829,0.8059,0.7811,0.7981,299340.5
1746777600000,2025-05-09 10:00:00,0.7981,0.8186,0.7885,0.7971,271787.8
1746781200000,2025-05-09 11:00:00,0.7971,0.8038,0.7733,0.7873,514665.7
1746784800000,2025-05-09 12:00:00,0.7873,0.8068,0.7859,0.8048,127431.0
1746788400000,2025-05-09 13:00:00,0.8048,0.814,0.795,0.8084,269526.8
1746792000000,2025-05-09 14:00:00,0.8084,0.8133,0.799,0.8048,141217.9
1746795600000,2025-05-09 15:00:00,0.8048,0.8093,0.7964,0.8075,99750.1
1746799200000,2025-05-09 16:00:00,0.8075,0.8108,0.7836,0.7943,168251.7
1746802800000,2025-05-09 17:00:00,0.7943,0.8019,0.7915,0.7991,72570.2
1746806400000,2025-05-09 18:00:00,0.7991,0.7996,0.7873,0.7886,79214.3
1746810000000,2025-05-09 19:00:00,0.7886,0.8102,0.7877,0.8091,72644.2
1746813600000,2025-05-09 20:00:00,0.8091,0.8095,0.8,0.8003,29976.0
1746817200000,2025-05-09 21:00:00,0.8003,0.8019,0.7947,0.7967,29139.5
1746820800000,2025-05-09 22:00:00,0.7967,0.8074,0.7938,0.8074,49052.8
1746824400000,2025-05-09 23:00:00,0.8074,0.8116,0.8028,0.8067,54512.6
1746828000000,2025-05-10 00:00:00,0.8067,0.8091,0.7978,0.7982,58790.6
1746831600000,2025-05-10 01:00:00,0.7982,0.8094,0.7951,0.8092,72428.9
1746835200000,2025-05-10 02:00:00,0.8092,0.8266,0.7987,0.8049,202505.6
1746838800000,2025-05-10 03:00:00,0.8049,0.8209,0.7983,0.7993,125914.5
1746842400000,2025-05-10 04:00:00,0.7993,0.8145,0.7989,0.8145,97463.1
1746846000000,2025-05-10 05:00:00,0.8145,0.8145,0.8028,0.8135,72669.5
1746849600000,2025-05-10 06:00:00,0.8135,0.8135,0.8027,0.809,39900.7
1746853200000,2025-05-10 07:00:00,0.809,0.8165,0.8068,0.8148,55527.3
1746856800000,2025-05-10 08:00:00,0.8148,0.8217,0.8106,0.821,146400.0
1746860400000,2025-05-10 09:00:00,0.821,0.8299,0.8196,0.8281,104107.0
1746864000000,2025-05-10 10:00:00,0.8281,0.8359,0.8214,0.8286,362480.8
1746867600000,2025-05-10 11:00:00,0.8286,0.8291,0.8174,0.8228,147694.1
1746871200000,2025-05-10 12:00:00,0.8228,0.8305,0.8165,0.8166,74850.2
1746874800000,2025-05-10 13:00:00,0.8166,0.8203,0.8062,0.8121,87336.0
1746878400000,2025-05-10 14:00:00,0.8121,0.8171,0.8088,0.8152,61220.0
1746882000000,2025-05-10 15:00:00,0.8152,0.8277,0.8152,0.8242,43865.6
1746885600000,2025-05-10 16:00:00,0.8242,0.8265,0.8182,0.8261,62244.2
1746889200000,2025-05-10 17:00:00,0.8261,0.8271,0.8114,0.8153,63455.6
1746892800000,2025-05-10 18:00:00,0.8153,0.8335,0.8132,0.8335,83117.3
1746896400000,2025-05-10 19:00:00,0.8335,0.8455,0.8297,0.8335,251149.8
1746900000000,2025-05-10 20:00:00,0.8335,0.8419,0.8321,0.8351,54092.6
1746903600000,2025-05-10 21:00:00,0.8351,0.8447,0.8318,0.8419,50316.2
1746907200000,2025-05-10 22:00:00,0.8419,0.8572,0.836,0.8548,137805.8
1746910800000,2025-05-10 23:00:00,0.8548,0.8654,0.8494,0.8648,107949.6
1746914400000,2025-05-11 00:00:00,0.8648,0.8826,0.8617,0.8823,103047.3
1746918000000,2025-05-11 01:00:00,0.8823,0.9129,0.8813,0.9107,269587.6
1746921600000,2025-05-11 02:00:00,0.9107,0.9107,0.8463,0.8616,1016685.5
1746925200000,2025-05-11 03:00:00,0.8616,0.8841,0.8565,0.8636,313972.4
1746928800000,2025-05-11 04:00:00,0.8636,0.871,0.8563,0.8626,106138.5
1746932400000,2025-05-11 05:00:00,0.8626,0.8774,0.8591,0.875,65712.9
1746936000000,2025-05-11 06:00:00,0.875,0.8841,0.8719,0.88,152909.4
1746939600000,2025-05-11 07:00:00,0.88,0.895,0.8726,0.8855,221169.0
1746943200000,2025-05-11 08:00:00,0.8855,0.8868,0.8602,0.862,194073.1
1746946800000,2025-05-11 09:00:00,0.862,0.8636,0.8337,0.8412,540486.6
1746950400000,2025-05-11 10:00:00,0.8412,0.8496,0.8347,0.8357,115292.8
1746954000000,2025-05-11 11:00:00,0.8357,0.8562,0.8357,0.8486,298704.5
1746957600000,2025-05-11 12:00:00,0.8486,0.8535,0.8462,0.8535,82348.4
1746961200000,2025-05-11 13:00:00,0.8535,0.8727,0.8535,0.8722,142620.3
1746964800000,2025-05-11 14:00:00,0.8722,0.8789,0.8691,0.8731,132918.8
1746968400000,2025-05-11 15:00:00,0.8731,0.8777,0.8403,0.8409,299088.2
1746972000000,2025-05-11 16:00:00,0.8409,0.8582,0.8409,0.8532,161898.8
1746975600000,2025-05-11 17:00:00,0.8532,0.864,0.8376,0.8458,137806.2
1746979200000,2025-05-11 18:00:00,0.8458,0.8549,0.8361,0.8523,86317.1
1746982800000,2025-05-11 19:00:00,0.8523,0.8662,0.8498,0.8644,88256.4
1746986400000,2025-05-11 20:00:00,0.8644,0.8808,0.8579,0.8739,108191.1
1746990000000,2025-05-11 21:00:00,0.8739,0.8815,0.8708,0.8718,75559.8
1746993600000,2025-05-11 22:00:00,0.8718,0.8831,0.8659,0.8695,164294.4
1746997200000,2025-05-11 23:00:00,0.8695,0.8766,0.8635,0.8733,49965.4
1747000800000,2025-05-12 00:00:00,0.8733,0.8788,0.8592,0.8656,251611.0
1747004400000,2025-05-12 01:00:00,0.8656,0.8729,0.8604,0.864,63353.1
1747008000000,2025-05-12 02:00:00,0.864,0.8764,0.8612,0.8726,51672.2
1747011600000,2025-05-12 03:00:00,0.8726,0.8809,0.8463,0.8582,139379.2
1747015200000,2025-05-12 04:00:00,0.8582,0.869,0.8577,0.8648,57805.6
1747018800000,2025-05-12 05:00:00,0.8648,0.8794,0.8608,0.8782,66152.2
1747022400000,2025-05-12 06:00:00,0.8782,0.8838,0.8744,0.8824,39601.6
1747026000000,2025-05-12 07:00:00,0.8824,0.8833,0.8646,0.875,141231.2
1747029600000,2025-05-12 08:00:00,0.875,0.8947,0.8699,0.8923,102642.7
1747033200000,2025-05-12 09:00:00,0.8923,0.9292,0.8923,0.9069,385569.9
1747036800000,2025-05-12 10:00:00,0.9069,0.9217,0.8927,0.9197,154338.3
1747040400000,2025-05-12 11:00:00,0.9197,0.922,0.9085,0.9099,84034.6
1747044000000,2025-05-12 12:00:00,0.9099,0.9181,0.907,0.9171,65774.1
1747047600000,2025-05-12 13:00:00,0.9171,0.9188,0.8933,0.8965,90635.3
1747051200000,2025-05-12 14:00:00,0.8965,0.9149,0.8902,0.9082,189313.8
1747054800000,2025-05-12 15:00:00,0.9082,0.9123,0.8899,0.9043,114857.9
1747058400000,2025-05-12 16:00:00,0.9043,0.909,0.8686,0.8772,271056.0
1747062000000,2025-05-12 17:00:00,0.8772,0.8818,0.8637,0.8753,174246.9
1747065600000,2025-05-12 18:00:00,0.8753,0.893,0.8704,0.8828,104875.4
1747069200000,2025-05-12 19:00:00,0.8828,0.8882,0.8704,0.8765,69024.5
1747072800000,2025-05-12 20:00:00,0.8765,0.8793,0.8335,0.8476,421856.8
1747076400000,2025-05-12 21:00:00,0.8476,0.864,0.8466,0.861,88640.7
1747080000000,2025-05-12 22:00:00,0.861,0.8662,0.8535,0.8632,110802.4
1747083600000,2025-05-12 23:00:00,0.8632,0.8693,0.8597,0.8668,61557.1
1747087200000,2025-05-13 00:00:00,0.8668,0.8771,0.8639,0.8738,48772.6
1747090800000,2025-05-13 01:00:00,0.8738,0.8818,0.8721,0.8765,35427.2
1747094400000,2025-05-13 02:00:00,0.8765,0.8765,0.8597,0.8602,64874.4
1747098000000,2025-05-13 03:00:00,0.8602,0.8653,0.8405,0.8446,91589.4
1747101600000,2025-05-13 04:00:00,0.8446,0.8486,0.8257,0.8378,175122.5
1747105200000,2025-05-13 05:00:00,0.8378,0.845,0.8256,0.8304,81357.6
1747108800000,2025-05-13 06:00:00,0.8304,0.8518,0.8283,0.8502,80703.6
1747112400000,2025-05-13 07:00:00,0.8502,0.853,0.8437,0.849,48268.3
1747116000000,2025-05-13 08:00:00,0.849,0.8596,0.8485,0.8542,71176.9
1747119600000,2025-05-13 09:00:00,0.8542,0.8665,0.8538,0.8643,62085.0
1747123200000,2025-05-13 10:00:00,0.8643,0.8856,0.8565,0.862,295212.1
1747126800000,2025-05-13 11:00:00,0.862,0.8832,0.86,0.8803,99732.3
1747130400000,2025-05-13 12:00:00,0.8803,0.8803,0.8675,0.8745,51901.4
1747134000000,2025-05-13 13:00:00,0.8745,0.8828,0.8717,0.8798,33260.6
1747137600000,2025-05-13 14:00:00,0.8798,0.8945,0.8732,0.8871,211247.0
1747141200000,2025-05-13 15:00:00,0.8871,0.8957,0.8803,0.8851,98881.6
1747144800000,2025-05-13 16:00:00,0.8851,0.8851,0.8682,0.8723,62886.3
1747148400000,2025-05-13 17:00:00,0.8723,0.8997,0.8723,0.8969,176242.9
1747152000000,2025-05-13 18:00:00,0.8969,0.9076,0.8928,0.8982,87460.3
1747155600000,2025-05-13 19:00:00,0.8982,0.9124,0.8982,0.9109,66097.6
1747159200000,2025-05-13 20:00:00,0.9109,0.9213,0.9107,0.9205,71213.3
1747162800000,2025-05-13 21:00:00,0.9205,0.9391,0.9149,0.9326,141348.1
1747166400000,2025-05-13 22:00:00,0.9326,0.9363,0.9192,0.9283,105922.0
1747170000000,2025-05-13 23:00:00,0.9283,0.9292,0.9193,0.9276,30085.6
1747173600000,2025-05-14 00:00:00,0.9276,0.9276,0.9115,0.9179,80750.2
1747177200000,2025-05-14 01:00:00,0.9179,0.9307,0.9117,0.9241,76852.6
1747180800000,2025-05-14 02:00:00,0.9241,0.9385,0.9213,0.9377,82083.0
1747184400000,2025-05-14 03:00:00,0.9377,0.9461,0.9326,0.9384,121880.9
1747188000000,2025-05-14 04:00:00,0.9384,0.9432,0.9273,0.935,250117.9
1747191600000,2025-05-14 05:00:00,0.935,0.9361,0.9249,0.9337,74606.8
1747195200000,2025-05-14 06:00:00,0.9337,0.9505,0.9259,0.9505,129579.0
1747198800000,2025-05-14 07:00:00,0.9505,0.9638,0.9478,0.9503,276626.3
1747202400000,2025-05-14 08:00:00,0.9503,0.9527,0.9359,0.9402,102194.2
1747206000000,2025-05-14 09:00:00,0.9402,0.9409,0.922,0.9236,105756.5
1747209600000,2025-05-14 10:00:00,0.9236,0.9259,0.9001,0.9009,297040.3
1747213200000,2025-05-14 11:00:00,0.9009,0.9105,0.8981,0.9068,93102.0
1747216800000,2025-05-14 12:00:00,0.9068,0.9199,0.9055,0.9091,113963.6
1747220400000,2025-05-14 13:00:00,0.9091,0.9229,0.9091,0.9155,92209.4
1747224000000,2025-05-14 14:00:00,0.9155,0.9295,0.9069,0.9125,154211.7
1747227600000,2025-05-14 15:00:00,0.9125,0.9158,0.8869,0.9064,257449.6
1747231200000,2025-05-14 16:00:00,0.9064,0.9075,0.889,0.8901,128647.2
1747234800000,2025-05-14 17:00:00,0.8901,0.8959,0.8835,0.8959,55687.7
1747238400000,2025-05-14 18:00:00,0.8959,0.8989,0.8861,0.8898,105018.4
1747242000000,2025-05-14 19:00:00,0.8898,0.894,0.881,0.8939,82122.5
1747245600000,2025-05-14 20:00:00,0.8939,0.9098,0.8854,0.8892,370796.6
1747249200000,2025-05-14 21:00:00,0.8892,0.8918,0.8846,0.8886,90230.5
1747252800000,2025-05-14 22:00:00,0.8886,0.892,0.8859,0.8861,21354.2
1747256400000,2025-05-14 23:00:00,0.8861,0.8962,0.881,0.8941,36670.6
1747260000000,2025-05-15 00:00:00,0.8941,0.8963,0.8838,0.8876,49946.9
1747263600000,2025-05-15 01:00:00,0.8876,0.8885,0.8783,0.88,92657.4
1747267200000,2025-05-15 02:00:00,0.88,0.8986,0.8786,0.8963,57673.5
1747270800000,2025-05-15 03:00:00,0.8963,0.8975,0.8744,0.8771,71681.9
1747274400000,2025-05-15 04:00:00,0.8771,0.8899,0.8767,0.8826,62100.8
1747278000000,2025-05-15 05:00:00,0.8826,0.8868,0.8716,0.8755,45180.5
1747281600000,2025-05-15 06:00:00,0.8755,0.8816,0.8732,0.8769,20614.8
1747285200000,2025-05-15 07:00:00,0.8769,0.8775,0.8585,0.8602,152022.9
1747288800000,2025-05-15 08:00:00,0.8602,0.8671,0.851,0.8586,57202.5
1747292400000,2025-05-15 09:00:00,0.8586,0.8599,0.8375,0.8386,156185.8
1747296000000,2025-05-15 10:00:00,0.8386,0.8658,0.8383,0.8608,755615.6
1747299600000,2025-05-15 11:00:00,0.8608,0.861,0.84,0.8444,201546.4
1747303200000,2025-05-15 12:00:00,0.8444,0.8453,0.8239,0.833,256995.6
1747306800000,2025-05-15 13:00:00,0.833,0.8447,0.8322,0.8409,117234.1
1747310400000,2025-05-15 14:00:00,0.8409,0.8493,0.8343,0.8415,149300.7
1747314000000,2025-05-15 15:00:00,0.8415,0.8488,0.8182,0.8275,231465.7
1747317600000,2025-05-15 16:00:00,0.8275,0.8327,0.8126,0.8197,249911.7
1747321200000,2025-05-15 17:00:00,0.8197,0.8491,0.8171,0.8456,162611.8
1747324800000,2025-05-15 18:00:00,0.8456,0.8567,0.8358,0.8555,143289.0
1747328400000,2025-05-15 19:00:00,0.8555,0.8663,0.8505,0.8587,74776.7
1747332000000,2025-05-15 20:00:00,0.8587,0.8587,0.8264,0.8288,165159.2
1747335600000,2025-05-15 21:00:00,0.8288,0.8367,0.8222,0.8297,93050.4
1747339200000,2025-05-15 22:00:00,0.8297,0.8345,0.8203,0.8283,151736.1
1747342800000,2025-05-15 23:00:00,0.8283,0.8293,0.8111,0.8241,76511.6
1747346400000,2025-05-16 00:00:00,0.8241,0.8335,0.8195,0.8195,92211.8
1747350000000,2025-05-16 01:00:00,0.8195,0.8247,0.7985,0.8243,310473.9
1747353600000,2025-05-16 02:00:00,0.8243,0.8372,0.8213,0.827,139768.3
1747357200000,2025-05-16 03:00:00,0.827,0.8384,0.8226,0.8329,102778.7
1747360800000,2025-05-16 04:00:00,0.8329,0.8444,0.8329,0.8421,121890.8
1747364400000,2025-05-16 05:00:00,0.8421,0.8447,0.8376,0.8428,26393.2
1747368000000,2025-05-16 06:00:00,0.8428,0.8455,0.8307,0.8346,41489.8
1747371600000,2025-05-16 07:00:00,0.8346,0.8434,0.8346,0.8409,20921.7
1747375200000,2025-05-16 08:00:00,0.8409,0.8442,0.8368,0.8391,39362.2
1747378800000,2025-05-16 09:00:00,0.8391,0.8444,0.8328,0.8405,54565.7
1747382400000,2025-05-16 10:00:00,0.8405,0.8422,0.8235,0.83,53650.8
1747386000000,2025-05-16 11:00:00,0.83,0.8389,0.8286,0.8386,57392.9
1747389600000,2025-05-16 12:00:00,0.8386,0.8404,0.8322,0.8377,64785.0
1747393200000,2025-05-16 13:00:00,0.8377,0.8426,0.8338,0.8366,48175.9
1747396800000,2025-05-16 14:00:00,0.8366,0.8382,0.8233,0.8256,57562.5
1747400400000,2025-05-16 15:00:00,0.8256,0.8355,0.8241,0.8347,48705.2
1747404000000,2025-05-16 16:00:00,0.8347,0.8347,0.8117,0.8153,151136.3
1747407600000,2025-05-16 17:00:00,0.8153,0.8262,0.8148,0.823,75824.6
1747411200000,2025-05-16 18:00:00,0.823,0.8292,0.8128,0.8212,87382.4
1747414800000,2025-05-16 19:00:00,0.8212,0.8289,0.8019,0.8079,322023.8
1747418400000,2025-05-16 20:00:00,0.8079,0.8154,0.8068,0.8122,67026.4
1747422000000,2025-05-16 21:00:00,0.8122,0.8194,0.809,0.8155,39628.8
1747425600000,2025-05-16 22:00:00,0.8155,0.8178,0.8028,0.8068,64565.3
1747429200000,2025-05-16 23:00:00,0.8068,0.8122,0.7997,0.8012,87430.4
1747432800000,2025-05-17 00:00:00,0.8012,0.8015,0.7743,0.7796,296196.4
1747436400000,2025-05-17 01:00:00,0.7796,0.7892,0.7796,0.784,111924.3
1747440000000,2025-05-17 02:00:00,0.784,0.7874,0.7718,0.778,101023.0
1747443600000,2025-05-17 03:00:00,0.778,0.7782,0.7649,0.7733,137321.3
1747447200000,2025-05-17 04:00:00,0.7733,0.7815,0.7672,0.778,87604.2
1747450800000,2025-05-17 05:00:00,0.778,0.7824,0.7702,0.781,45272.5
1747454400000,2025-05-17 06:00:00,0.781,0.7897,0.7781,0.7848,55116.0
1747458000000,2025-05-17 07:00:00,0.7848,0.7865,0.776,0.7764,61992.5
1747461600000,2025-05-17 08:00:00,0.7764,0.7813,0.7746,0.7804,45431.3
1747465200000,2025-05-17 09:00:00,0.7804,0.7856,0.7731,0.7796,59701.0
1747468800000,2025-05-17 10:00:00,0.7796,0.7878,0.777,0.7826,121425.4
1747472400000,2025-05-17 11:00:00,0.7826,0.797,0.781,0.7954,147473.8
1747476000000,2025-05-17 12:00:00,0.7954,0.805,0.7935,0.7992,61338.7
1747479600000,2025-05-17 13:00:00,0.7992,0.806,0.7926,0.8,50302.7
1747483200000,2025-05-17 14:00:00,0.8,0.8018,0.7941,0.7948,50789.2
1747486800000,2025-05-17 15:00:00,0.7948,0.8012,0.7834,0.7883,59198.2
1747490400000,2025-05-17 16:00:00,0.7883,0.7996,0.7871,0.7958,63375.1
1747494000000,2025-05-17 17:00:00,0.7958,0.8018,0.7878,0.7878,102696.2
1747497600000,2025-05-17 18:00:00,0.7878,0.7891,0.7765,0.7868,109334.3
1747501200000,2025-05-17 19:00:00,0.7868,0.7979,0.786,0.7863,75809.1
1747504800000,2025-05-17 20:00:00,0.7863,0.7951,0.7829,0.784,146138.7
1747508400000,2025-05-17 21:00:00,0.784,0.7915,0.7821,0.7843,35887.5
1747512000000,2025-05-17 22:00:00,0.7843,0.7956,0.7827,0.7939,50092.7
1747515600000,2025-05-17 23:00:00,0.7939,0.7942,0.7851,0.7858,26803.3
1747519200000,2025-05-18 00:00:00,0.7858,0.7867,0.7743,0.7786,49857.9
1747522800000,2025-05-18 01:00:00,0.7786,0.7893,0.7773,0.7856,104438.8
1747526400000,2025-05-18 02:00:00,0.7856,0.7925,0.7834,0.7912,54546.1
1747530000000,2025-05-18 03:00:00,0.7912,0.7933,0.7854,0.7917,49199.3
1747533600000,2025-05-18 04:00:00,0.7917,0.7931,0.7869,0.7892,37167.9
1747537200000,2025-05-18 05:00:00,0.7892,0.7928,0.7852,0.7888,76208.6
1747540800000,2025-05-18 06:00:00,0.7888,0.7962,0.7869,0.7947,57530.7
1747544400000,2025-05-18 07:00:00,0.7947,0.8187,0.7947,0.8173,165580.3
1747548000000,2025-05-18 08:00:00,0.8173,0.8186,0.8077,0.8129,64967.5
1747551600000,2025-05-18 09:00:00,0.8129,0.8214,0.8117,0.8208,42900.4
1747555200000,2025-05-18 10:00:00,0.8208,0.8309,0.8204,0.8278,71868.2
1747558800000,2025-05-18 11:00:00,0.8278,0.831,0.8166,0.8189,54506.6
1747562400000,2025-05-18 12:00:00,0.8189,0.8219,0.8147,0.8179,31619.7
1747566000000,2025-05-18 13:00:00,0.8179,0.8203,0.8094,0.8104,27638.8
1747569600000,2025-05-18 14:00:00,0.8104,0.8145,0.8061,0.8145,38724.5
1747573200000,2025-05-18 15:00:00,0.8145,0.8258,0.8127,0.8256,42511.2
1747576800000,2025-05-18 16:00:00,0.8256,0.8347,0.8197,0.8314,61821.7
1747580400000,2025-05-18 17:00:00,0.8314,0.8431,0.8287,0.8389,112007.4
1747584000000,2025-05-18 18:00:00,0.8389,0.8392,0.8172,0.8322,521602.0
1747587600000,2025-05-18 19:00:00,0.8322,0.8333,0.8068,0.8071,129991.5
1747591200000,2025-05-18 20:00:00,0.8071,0.809,0.7869,0.7931,167477.0
1747594800000,2025-05-18 21:00:00,0.7931,0.7996,0.7777,0.7798,96506.6
1747598400000,2025-05-18 22:00:00,0.7798,0.7823,0.7602,0.781,168169.0
1747602000000,2025-05-18 23:00:00,0.781,0.8005,0.781,0.7881,91081.8
1747605600000,2025-05-19 00:00:00,0.7881,0.8045,0.7818,0.8045,52184.1
1747609200000,2025-05-19 01:00:00,0.8045,0.8208,0.7978,0.8191,68812.6
1747612800000,2025-05-19 02:00:00,0.8191,0.8222,0.7972,0.7998,53126.0
1747616400000,2025-05-19 03:00:00,0.7998,0.8049,0.7927,0.7946,39864.5
1747620000000,2025-05-19 04:00:00,0.7946,0.7985,0.7826,0.7836,35327.8
1747623600000,2025-05-19 05:00:00,0.7836,0.7852,0.7746,0.7777,47846.0
1747627200000,2025-05-19 06:00:00,0.7777,0.7835,0.7647,0.7688,64673.8
1747630800000,2025-05-19 07:00:00,0.7688,0.7764,0.766,0.775,76983.8
1747634400000,2025-05-19 08:00:00,0.775,0.7819,0.7629,0.7642,42065.7
1747638000000,2025-05-19 09:00:00,0.7642,0.7834,0.7629,0.7799,61679.9
1747641600000,2025-05-19 10:00:00,0.7799,0.7834,0.7727,0.7778,62419.4
1747645200000,2025-05-19 11:00:00,0.7778,0.7844,0.7711,0.7754,109702.0
1747648800000,2025-05-19 12:00:00,0.7754,0.7768,0.769,0.7723,74286.9
1747652400000,2025-05-19 13:00:00,0.7723,0.7769,0.7703,0.7713,53505.1
1747656000000,2025-05-19 14:00:00,0.7713,0.7719,0.7576,0.759,107350.5
1747659600000,2025-05-19 15:00:00,0.759,0.7809,0.759,0.776,116558.0
1747663200000,2025-05-19 16:00:00,0.776,0.7842,0.7724,0.7815,84382.4
1747666800000,2025-05-19 17:00:00,0.7815,0.7842,0.7778,0.7814,49927.6
1747670400000,2025-05-19 18:00:00,0.7814,0.7954,0.7753,0.7952,70857.2
1747674000000,2025-05-19 19:00:00,0.7952,0.8059,0.7946,0.7961,76883.4
1747677600000,2025-05-19 20:00:00,0.7961,0.7995,0.7856,0.7883,35983.4
1747681200000,2025-05-19 21:00:00,0.7883,0.7922,0.7866,0.7912,89393.7
1747684800000,2025-05-19 22:00:00,0.7912,0.7931,0.7873,0.7888,65654.0
1747688400000,2025-05-19 23:00:00,0.7888,0.7908,0.7821,0.7907,110552.2
1747692000000,2025-05-20 00:00:00,0.7907,0.7907,0.7838,0.7862,53952.6
1747695600000,2025-05-20 01:00:00,0.7862,0.7932,0.7859,0.7914,23882.6
1747699200000,2025-05-20 02:00:00,0.7914,0.8039,0.7891,0.7947,139858.1
1747702800000,2025-05-20 03:00:00,0.7947,0.8145,0.7932,0.8096,85328.4
1747706400000,2025-05-20 04:00:00,0.8096,0.8244,0.809,0.8217,162866.6
1747710000000,2025-05-20 05:00:00,0.8217,0.8326,0.8163,0.8323,203283.0
1747713600000,2025-05-20 06:00:00,0.8323,0.8547,0.8246,0.8489,258583.7
1747717200000,2025-05-20 07:00:00,0.8489,0.866,0.8446,0.8458,335764.1
1747720800000,2025-05-20 08:00:00,0.8458,0.8533,0.8367,0.8482,119412.7
1747724400000,2025-05-20 09:00:00,0.8482,0.8497,0.8287,0.8316,217199.9
1747728000000,2025-05-20 10:00:00,0.8316,0.8355,0.8218,0.8308,183478.3
1747731600000,2025-05-20 11:00:00,0.8308,0.8332,0.8225,0.8253,59499.3
1747735200000,2025-05-20 12:00:00,0.8253,0.8278,0.8109,0.8136,96177.1
1747738800000,2025-05-20 13:00:00,0.8136,0.8153,0.8038,0.8117,135649.4
1747742400000,2025-05-20 14:00:00,0.8117,0.8131,0.7949,0.8022,179302.2
1747746000000,2025-05-20 15:00:00,0.8022,0.8067,0.7919,0.7959,145630.5
1747749600000,2025-05-20 16:00:00,0.7959,0.8061,0.7927,0.7987,94943.0
1747753200000,2025-05-20 17:00:00,0.7987,0.8096,0.798,0.8081,61380.0
1747756800000,2025-05-20 18:00:00,0.8081,0.8096,0.7952,0.7963,137169.0
1747760400000,2025-05-20 19:00:00,0.7963,0.8089,0.7959,0.806,83251.1
1747764000000,2025-05-20 20:00:00,0.806,0.8079,0.7894,0.7911,194019.6
1747767600000,2025-05-20 21:00:00,0.7911,0.8099,0.7902,0.8077,56942.0
1747771200000,2025-05-20 22:00:00,0.8077,0.8184,0.8047,0.8184,71070.3
1747774800000,2025-05-20 23:00:00,0.8184,0.8203,0.812,0.8169,175870.9
1747778400000,2025-05-21 00:00:00,0.8169,0.8189,0.8073,0.8125,33909.8
1747782000000,2025-05-21 01:00:00,0.8125,0.8211,0.8096,0.8128,74123.3
1747785600000,2025-05-21 02:00:00,0.8128,0.816,0.8091,0.8103,50426.9
1747789200000,2025-05-21 03:00:00,0.8103,0.8169,0.8048,0.805,79182.8
1747792800000,2025-05-21 04:00:00,0.805,0.8124,0.7996,0.8112,67011.2
1747796400000,2025-05-21 05:00:00,0.8112,0.8184,0.8097,0.8151,91598.7
1747800000000,2025-05-21 06:00:00,0.8151,0.8216,0.8099,0.8167,45472.8
1747803600000,2025-05-21 07:00:00,0.8167,0.8282,0.8151,0.8245,65016.1
1747807200000,2025-05-21 08:00:00,0.8245,0.8272,0.8162,0.8221,51814.0
1747810800000,2025-05-21 09:00:00,0.8221,0.823,0.8,0.8053,82549.6
1747814400000,2025-05-21 10:00:00,0.8053,0.8088,0.7936,0.7945,142639.8
1747818000000,2025-05-21 11:00:00,0.7945,0.7978,0.7883,0.7939,148015.6
1747821600000,2025-05-21 12:00:00,0.7939,0.7981,0.7917,0.7963,31918.5
1747825200000,2025-05-21 13:00:00,0.7963,0.8078,0.7961,0.8017,99267.9
1747828800000,2025-05-21 14:00:00,0.8017,0.8096,0.7992,0.8018,53871.0
1747832400000,2025-05-21 15:00:00,0.8018,0.8095,0.7968,0.8034,140240.9
1747836000000,2025-05-21 16:00:00,0.8034,0.8135,0.7982,0.8134,80211.6
1747839600000,2025-05-21 17:00:00,0.8134,0.8167,0.7996,0.8053,267010.0
1747843200000,2025-05-21 18:00:00,0.8053,0.8368,0.8051,0.8237,415167.7
1747846800000,2025-05-21 19:00:00,0.8237,0.828,0.7829,0.7916,441671.5
1747850400000,2025-05-21 20:00:00,0.7916,0.808,0.7882,0.7987,210898.4
1747854000000,2025-05-21 21:00:00,0.7987,0.8122,0.7925,0.8098,81045.3
1747857600000,2025-05-21 22:00:00,0.8098,0.8132,0.8042,0.8088,42986.0
1747861200000,2025-05-21 23:00:00,0.8088,0.8134,0.8056,0.8065,25218.3
1747864800000,2025-05-22 00:00:00,0.8065,0.8175,0.8065,0.8153,39921.3
1747868400000,2025-05-22 01:00:00,0.8153,0.8311,0.8122,0.8141,111484.0
1747872000000,2025-05-22 02:00:00,0.8141,0.8284,0.8138,0.8283,82572.8
1747875600000,2025-05-22 03:00:00,0.8283,0.8299,0.8175,0.82,63306.8
1747879200000,2025-05-22 04:00:00,0.82,0.826,0.8185,0.8231,42148.2
1747882800000,2025-05-22 05:00:00,0.8231,0.834,0.8191,0.8287,63450.5
1747886400000,2025-05-22 06:00:00,0.8287,0.8312,0.8221,0.8247,92154.4
1747890000000,2025-05-22 07:00:00,0.8247,0.8268,0.8149,0.8155,82380.6
1747893600000,2025-05-22 08:00:00,0.8155,0.8193,0.8087,0.8114,202931.1
1747897200000,2025-05-22 09:00:00,0.8114,0.8273,0.8099,0.826,89312.9
1747900800000,2025-05-22 10:00:00,0.826,0.838,0.8253,0.8372,187474.4
1747904400000,2025-05-22 11:00:00,0.8372,0.8437,0.836,0.8391,146176.2
1747908000000,2025-05-22 12:00:00,0.8391,0.8417,0.8321,0.8342,146535.8
1747911600000,2025-05-22 13:00:00,0.8342,0.8364,0.8265,0.8321,47570.0
1747915200000,2025-05-22 14:00:00,0.8321,0.8373,0.8283,0.8355,41798.1
1747918800000,2025-05-22 15:00:00,0.8355,0.8364,0.8231,0.8273,75049.9
1747922400000,2025-05-22 16:00:00,0.8273,0.842,0.8265,0.8398,49046.5
1747926000000,2025-05-22 17:00:00,0.8398,0.8509,0.8392,0.8439,86877.1
1747929600000,2025-05-22 18:00:00,0.8439,0.8731,0.8386,0.8627,2344458.9
1747933200000,2025-05-22 19:00:00,0.8627,0.8733,0.855,0.8638,934344.0
1747936800000,2025-05-22 20:00:00,0.8638,0.869,0.8615,0.8657,144021.0
1747940400000,2025-05-22 21:00:00,0.8657,0.8678,0.8561,0.8587,140282.8
1747944000000,2025-05-22 22:00:00,0.8587,0.8658,0.8518,0.8551,162995.5
1747947600000,2025-05-22 23:00:00,0.8551,0.8554,0.847,0.8509,99141.7
1747951200000,2025-05-23 00:00:00,0.8509,0.8647,0.8509,0.8558,104473.6
1747954800000,2025-05-23 01:00:00,0.8558,0.8606,0.8552,0.8589,55018.1
1747958400000,2025-05-23 02:00:00,0.8589,0.8648,0.8509,0.8611,138515.5
1747962000000,2025-05-23 03:00:00,0.8611,0.8688,0.8536,0.8619,92011.3
1747965600000,2025-05-23 04:00:00,0.8619,0.8793,0.8616,0.8736,147027.4
1747969200000,2025-05-23 05:00:00,0.8736,0.8793,0.8661,0.8725,68983.8
1747972800000,2025-05-23 06:00:00,0.8725,0.874,0.852,0.8614,232554.8
1747976400000,2025-05-23 07:00:00,0.8614,0.8666,0.8501,0.859,125324.4
1747980000000,2025-05-23 08:00:00,0.859,0.8595,0.8402,0.8441,208309.2
1747983600000,2025-05-23 09:00:00,0.8441,0.8552,0.8441,0.8455,67992.9
1747987200000,2025-05-23 10:00:00,0.8455,0.8588,0.8455,0.857,82922.5
1747990800000,2025-05-23 11:00:00,0.857,0.8682,0.8551,0.8665,84433.7
1747994400000,2025-05-23 12:00:00,0.8665,0.8677,0.8511,0.8606,110794.8
1747998000000,2025-05-23 13:00:00,0.8606,0.8608,0.8118,0.8205,436480.9
1748001600000,2025-05-23 14:00:00,0.8205,0.8224,0.7926,0.8101,650906.7
1748005200000,2025-05-23 15:00:00,0.8101,0.8231,0.8044,0.8222,407238.2
1748008800000,2025-05-23 16:00:00,0.8222,0.8297,0.8181,0.8228,182522.8
1748012400000,2025-05-23 17:00:00,0.8228,0.8254,0.8068,0.8075,105762.4
1748016000000,2025-05-23 18:00:00,0.8075,0.8126,0.7972,0.8091,205133.4
1748019600000,2025-05-23 19:00:00,0.8091,0.8163,0.8084,0.8117,66357.8
1748023200000,2025-05-23 20:00:00,0.8117,0.8146,0.8006,0.8029,90655.0
1748026800000,2025-05-23 21:00:00,0.8029,0.8082,0.7979,0.801,82570.3
1748030400000,2025-05-23 22:00:00,0.801,0.8011,0.7905,0.7919,72462.6
1748034000000,2025-05-23 23:00:00,0.7919,0.7986,0.7875,0.7883,102385.6
1748037600000,2025-05-24 00:00:00,0.7883,0.7947,0.7846,0.7846,49150.9
1748041200000,2025-05-24 01:00:00,0.7846,0.7857,0.7661,0.7722,188761.4
1748044800000,2025-05-24 02:00:00,0.7722,0.7821,0.765,0.7752,123800.6
1748048400000,2025-05-24 03:00:00,0.7752,0.7845,0.7752,0.7789,52269.7
1748052000000,2025-05-24 04:00:00,0.7789,0.7852,0.7762,0.782,25028.1
1748055600000,2025-05-24 05:00:00,0.782,0.7886,0.7804,0.7858,40081.8
1748059200000,2025-05-24 06:00:00,0.7858,0.7882,0.7826,0.7861,13925.4
1748062800000,2025-05-24 07:00:00,0.7861,0.7877,0.7807,0.785,38071.4
1748066400000,2025-05-24 08:00:00,0.785,0.7877,0.7812,0.7853,37856.2
1748070000000,2025-05-24 09:00:00,0.7853,0.7883,0.7807,0.7819,64068.0
1748073600000,2025-05-24 10:00:00,0.7819,0.7847,0.778,0.7834,26859.5
1748077200000,2025-05-24 11:00:00,0.7834,0.7888,0.7818,0.7836,65972.0
1748080800000,2025-05-24 12:00:00,0.7836,0.7953,0.7828,0.794,100102.6
1748084400000,2025-05-24 13:00:00,0.794,0.795,0.7855,0.787,173803.5
1748088000000,2025-05-24 14:00:00,0.787,0.789,0.7832,0.7867,47372.0
1748091600000,2025-05-24 15:00:00,0.7867,0.7867,0.7806,0.7813,44217.1
1748095200000,2025-05-24 16:00:00,0.7813,0.7864,0.7791,0.7852,66868.2
1748098800000,2025-05-24 17:00:00,0.7852,0.7876,0.7806,0.7835,45130.3
1748102400000,2025-05-24 18:00:00,0.7835,0.7882,0.7799,0.7861,32752.7
1748106000000,2025-05-24 19:00:00,0.7861,0.7932,0.7847,0.7873,30048.9
1748109600000,2025-05-24 20:00:00,0.7873,0.79,0.7806,0.7826,33293.5
1748113200000,2025-05-24 21:00:00,0.7826,0.7864,0.7814,0.7858,16386.0
1748116800000,2025-05-24 22:00:00,0.7858,0.788,0.7841,0.7861,19994.3
1748120400000,2025-05-24 23:00:00,0.7861,0.7866,0.7801,0.7836,109911.9
1748124000000,2025-05-25 00:00:00,0.7836,0.7836,0.7765,0.777,18927.7
1748127600000,2025-05-25 01:00:00,0.777,0.7841,0.7758,0.7792,35421.2
1748131200000,2025-05-25 02:00:00,0.7792,0.7832,0.7649,0.7687,121135.6
1748134800000,2025-05-25 03:00:00,0.7687,0.7732,0.7631,0.7672,79343.0
1748138400000,2025-05-25 04:00:00,0.7672,0.7728,0.763,0.7712,54041.5
1748142000000,2025-05-25 05:00:00,0.7712,0.778,0.7702,0.7746,39671.7
1748145600000,2025-05-25 06:00:00,0.7746,0.7796,0.7719,0.779,40800.6
1748149200000,2025-05-25 07:00:00,0.779,0.779,0.7694,0.7725,22578.6
1748152800000,2025-05-25 08:00:00,0.7725,0.7734,0.7669,0.7714,21939.9
1748156400000,2025-05-25 09:00:00,0.7714,0.7714,0.7507,0.7587,495928.4
1748160000000,2025-05-25 10:00:00,0.7587,0.7587,0.7441,0.7477,219314.3
1748163600000,2025-05-25 11:00:00,0.7477,0.7515,0.7431,0.7495,82407.7
1748167200000,2025-05-25 12:00:00,0.7495,0.7521,0.7459,0.7464,33588.1
1748170800000,2025-05-25 13:00:00,0.7464,0.7522,0.744,0.7501,33992.3
1748174400000,2025-05-25 14:00:00,0.7501,0.7573,0.7465,0.7555,42073.5
1748178000000,2025-05-25 15:00:00,0.7555,0.7571,0.7505,0.751,22264.8
1748181600000,2025-05-25 16:00:00,0.751,0.7544,0.7445,0.7459,38473.4
1748185200000,2025-05-25 17:00:00,0.7459,0.7489,0.7337,0.7476,193798.5
1748188800000,2025-05-25 18:00:00,0.7476,0.7477,0.7374,0.7452,54018.0
1748192400000,2025-05-25 19:00:00,0.7452,0.7492,0.744,0.7477,55480.4
1748196000000,2025-05-25 20:00:00,0.7477,0.7505,0.7446,0.7458,44607.2
1748199600000,2025-05-25 21:00:00,0.7458,0.7528,0.7453,0.7493,29512.5
1748203200000,2025-05-25 22:00:00,0.7493,0.7493,0.7431,0.7432,45063.1
1748206800000,2025-05-25 23:00:00,0.7432,0.746,0.7367,0.7431,66742.2
1748210400000,2025-05-26 00:00:00,0.7431,0.762,0.7418,0.7616,80235.5
1748214000000,2025-05-26 01:00:00,0.7616,0.7663,0.7554,0.7622,192608.3
1748217600000,2025-05-26 02:00:00,0.7622,0.7751,0.757,0.7733,95493.0
1748221200000,2025-05-26 03:00:00,0.7733,0.7755,0.7677,0.7725,31045.8
1748224800000,2025-05-26 04:00:00,0.7725,0.7773,0.77,0.7723,85423.2
1748228400000,2025-05-26 05:00:00,0.7723,0.7802,0.7711,0.7779,88835.8
1748232000000,2025-05-26 06:00:00,0.7779,0.78,0.7765,0.7774,22025.6
1748235600000,2025-05-26 07:00:00,0.7774,0.7826,0.7747,0.7784,49310.5
1748239200000,2025-05-26 08:00:00,0.7784,0.7835,0.7775,0.7827,33645.1
1748242800000,2025-05-26 09:00:00,0.7827,0.7937,0.7824,0.7908,333504.5
1748246400000,2025-05-26 10:00:00,0.7908,0.7933,0.7876,0.7888,76166.8
1748250000000,2025-05-26 11:00:00,0.7888,0.7914,0.7828,0.7838,58544.5
1748253600000,2025-05-26 12:00:00,0.7838,0.7864,0.7781,0.7802,34772.6
1748257200000,2025-05-26 13:00:00,0.7802,0.7836,0.7791,0.7809,37528.4
1748260800000,2025-05-26 14:00:00,0.7809,0.7838,0.7769,0.7829,53560.7
1748264400000,2025-05-26 15:00:00,0.7829,0.7859,0.7658,0.7703,112381.2
1748268000000,2025-05-26 16:00:00,0.7703,0.78,0.7682,0.7752,616085.5
1748271600000,2025-05-26 17:00:00,0.7752,0.788,0.7726,0.7825,128926.3
1748275200000,2025-05-26 18:00:00,0.7825,0.786,0.7649,0.7666,482398.5
1748278800000,2025-05-26 19:00:00,0.7666,0.769,0.7567,0.76,114773.4
1748282400000,2025-05-26 20:00:00,0.76,0.7668,0.7586,0.7618,90228.3
1748286000000,2025-05-26 21:00:00,0.7618,0.7654,0.7598,0.7621,32559.3
1748289600000,2025-05-26 22:00:00,0.7621,0.7692,0.7598,0.7692,35062.5
1748293200000,2025-05-26 23:00:00,0.7692,0.7703,0.7652,0.7677,16532.0
1748296800000,2025-05-27 00:00:00,0.7677,0.776,0.7643,0.766,33432.4
1748300400000,2025-05-27 01:00:00,0.766,0.7676,0.7637,0.767,10738.8
1748304000000,2025-05-27 02:00:00,0.767,0.7756,0.764,0.7646,48975.9
1748307600000,2025-05-27 03:00:00,0.7646,0.7646,0.7502,0.7596,79533.5
1748311200000,2025-05-27 04:00:00,0.7596,0.7679,0.7588,0.7638,28985.6
1748314800000,2025-05-27 05:00:00,0.7638,0.7783,0.7638,0.7717,59602.1
1748318400000,2025-05-27 06:00:00,0.7717,0.7795,0.7701,0.7742,25011.9
1748322000000,2025-05-27 07:00:00,0.7742,0.7758,0.7673,0.7752,36089.3
1748325600000,2025-05-27 08:00:00,0.7752,0.7909,0.7752,0.7807,91086.5
1748329200000,2025-05-27 09:00:00,0.7807,0.7907,0.7807,0.7882,40578.4
1748332800000,2025-05-27 10:00:00,0.7882,0.7976,0.7882,0.7969,58130.0
1748336400000,2025-05-27 11:00:00,0.7969,0.7989,0.7914,0.7976,60717.0
1748340000000,2025-05-27 12:00:00,0.7976,0.8008,0.7917,0.7953,97241.9
1748343600000,2025-05-27 13:00:00,0.7953,0.8007,0.7906,0.7992,133884.7
1748347200000,2025-05-27 14:00:00,0.7992,0.8012,0.7933,0.7979,156743.0
1748350800000,2025-05-27 15:00:00,0.7979,0.8069,0.7902,0.7921,161523.8
1748354400000,2025-05-27 16:00:00,0.7921,0.7965,0.7808,0.7902,115254.1
1748358000000,2025-05-27 17:00:00,0.7902,0.7927,0.7859,0.7904,41778.3
1748361600000,2025-05-27 18:00:00,0.7904,0.7989,0.788,0.7958,97492.4
1748365200000,2025-05-27 19:00:00,0.7958,0.7962,0.7886,0.793,106767.0
1748368800000,2025-05-27 20:00:00,0.793,0.7952,0.7851,0.7873,44662.9
1748372400000,2025-05-27 21:00:00,0.7873,0.7884,0.7842,0.7874,24958.0
1748376000000,2025-05-27 22:00:00,0.7874,0.8,0.786,0.7883,329920.7
1748379600000,2025-05-27 23:00:00,0.7883,0.7893,0.7793,0.7821,50978.8
1748383200000,2025-05-28 00:00:00,0.7821,0.7837,0.7739,0.7775,73532.4
1748386800000,2025-05-28 01:00:00,0.7775,0.7781,0.7735,0.7746,24919.8
1748390400000,2025-05-28 02:00:00,0.7746,0.7817,0.7696,0.7812,56791.8
1748394000000,2025-05-28 03:00:00,0.7812,0.7833,0.7731,0.7731,37287.2
1748397600000,2025-05-28 04:00:00,0.7731,0.7745,0.7685,0.7717,39671.7
1748401200000,2025-05-28 05:00:00,0.7717,0.7784,0.7708,0.7771,31703.2
1748404800000,2025-05-28 06:00:00,0.7771,0.7823,0.773,0.7794,30616.0
1748408400000,2025-05-28 07:00:00,0.7794,0.7813,0.7754,0.7793,31446.9
1748412000000,2025-05-28 08:00:00,0.7793,0.7853,0.7725,0.7757,446277.6
1748415600000,2025-05-28 09:00:00,0.7757,0.7818,0.7739,0.7761,60313.4
1748419200000,2025-05-28 10:00:00,0.7761,0.7795,0.7701,0.7763,49975.8
1748422800000,2025-05-28 11:00:00,0.7763,0.7775,0.7682,0.771,73510.8
1748426400000,2025-05-28 12:00:00,0.771,0.7784,0.7643,0.7775,72343.6
1748430000000,2025-05-28 13:00:00,0.7775,0.7885,0.7775,0.7852,91550.7
1748433600000,2025-05-28 14:00:00,0.7852,0.7999,0.7832,0.7918,155492.6
1748437200000,2025-05-28 15:00:00,0.7918,0.7957,0.7773,0.7777,157334.6
1748440800000,2025-05-28 16:00:00,0.7777,0.7794,0.7701,0.7713,75571.7
1748444400000,2025-05-28 17:00:00,0.7713,0.7749,0.7637,0.7661,48776.9
1748448000000,2025-05-28 18:00:00,0.7661,0.7755,0.766,0.7755,90861.0
1748451600000,2025-05-28 19:00:00,0.7755,0.7822,0.7709,0.7752,24989.8
1748455200000,2025-05-28 20:00:00,0.7752,0.7785,0.7641,0.7644,50609.9
1748458800000,2025-05-28 21:00:00,0.7644,0.771,0.7532,0.7536,118549.1
1748462400000,2025-05-28 22:00:00,0.7536,0.7599,0.7533,0.7597,32806.8
1748466000000,2025-05-28 23:00:00,0.7597,0.7651,0.7573,0.7651,34312.8
1748469600000,2025-05-29 00:00:00,0.7651,0.7658,0.7577,0.761,16446.0
1748473200000,2025-05-29 01:00:00,0.761,0.7776,0.7606,0.7768,48625.6
1748476800000,2025-05-29 02:00:00,0.7768,0.8017,0.7719,0.8008,79929.6
1748480400000,2025-05-29 03:00:00,0.8008,0.804,0.7886,0.7925,90671.2
1748484000000,2025-05-29 04:00:00,0.7925,0.8092,0.788,0.8092,70045.2
1748487600000,2025-05-29 05:00:00,0.8092,0.8099,0.7973,0.7988,62767.6
1748491200000,2025-05-29 06:00:00,0.7988,0.8037,0.7826,0.7907,51691.1
1748494800000,2025-05-29 07:00:00,0.7907,0.7915,0.7855,0.7867,35608.4
1748498400000,2025-05-29 08:00:00,0.7867,0.7918,0.7857,0.7874,22274.8
1748502000000,2025-05-29 09:00:00,0.7874,0.7877,0.7835,0.7856,35532.9
1748505600000,2025-05-29 10:00:00,0.7856,0.7903,0.7802,0.7884,104227.2
1748509200000,2025-05-29 11:00:00,0.7884,0.7899,0.7823,0.7857,54311.6
1748512800000,2025-05-29 12:00:00,0.7857,0.7874,0.7797,0.7864,185197.5
1748516400000,2025-05-29 13:00:00,0.7864,0.7871,0.7784,0.7805,43756.3
1748520000000,2025-05-29 14:00:00,0.7805,0.7819,0.7665,0.7735,425456.1
1748523600000,2025-05-29 15:00:00,0.7735,0.7791,0.7635,0.7664,280146.5
1748527200000,2025-05-29 16:00:00,0.7664,0.7683,0.7449,0.7619,309072.6
1748530800000,2025-05-29 17:00:00,0.7619,0.7634,0.75,0.7512,83487.1
1748534400000,2025-05-29 18:00:00,0.7512,0.7566,0.7448,0.7467,53272.4
1748538000000,2025-05-29 19:00:00,0.7467,0.7558,0.7452,0.752,42604.1
1748541600000,2025-05-29 20:00:00,0.752,0.7582,0.7467,0.7467,52407.7
1748545200000,2025-05-29 21:00:00,0.7467,0.7491,0.7389,0.7434,57886.6
1748548800000,2025-05-29 22:00:00,0.7434,0.7499,0.7434,0.7446,101886.4
1748552400000,2025-05-29 23:00:00,0.7446,0.7549,0.7445,0.7548,18458.7
1748556000000,2025-05-30 00:00:00,0.7548,0.7557,0.747,0.747,27642.0
1748559600000,2025-05-30 01:00:00,0.747,0.7498,0.7373,0.7399,54882.3
1748563200000,2025-05-30 02:00:00,0.7399,0.7474,0.6971,0.7106,788853.5
1748566800000,2025-05-30 03:00:00,0.7106,0.7265,0.709,0.7218,110830.6
1748570400000,2025-05-30 04:00:00,0.7218,0.7313,0.7205,0.7245,60375.3
1748574000000,2025-05-30 05:00:00,0.7245,0.7318,0.7231,0.7269,25805.4
1748577600000,2025-05-30 06:00:00,0.7269,0.727,0.7012,0.7243,291288.2
1748581200000,2025-05-30 07:00:00,0.7243,0.7285,0.7203,0.7257,40560.0
1748584800000,2025-05-30 08:00:00,0.7257,0.7257,0.7103,0.7139,84258.6
1748588400000,2025-05-30 09:00:00,0.7139,0.7199,0.7112,0.7153,43566.9
1748592000000,2025-05-30 10:00:00,0.7153,0.7226,0.7134,0.7156,77596.3
1748595600000,2025-05-30 11:00:00,0.7156,0.7196,0.7097,0.7179,56850.9
1748599200000,2025-05-30 12:00:00,0.7179,0.7246,0.7104,0.7162,214696.0
1748602800000,2025-05-30 13:00:00,0.7162,0.7196,0.7141,0.7147,98339.5
1748606400000,2025-05-30 14:00:00,0.7147,0.7179,0.7031,0.7121,90543.2
1748610000000,2025-05-30 15:00:00,0.7121,0.7162,0.7063,0.7071,58341.0
1748613600000,2025-05-30 16:00:00,0.7071,0.7129,0.7033,0.7095,90788.1
1748617200000,2025-05-30 17:00:00,0.7095,0.7143,0.7061,0.7065,42940.7
1748620800000,2025-05-30 18:00:00,0.7065,0.7089,0.682,0.6862,482666.4
1748624400000,2025-05-30 19:00:00,0.6862,0.692,0.6832,0.6874,66484.3
1748628000000,2025-05-30 20:00:00,0.6874,0.6939,0.6843,0.6934,58157.1
1748631600000,2025-05-30 21:00:00,0.6934,0.6956,0.6914,0.6919,20282.9
1748635200000,2025-05-30 22:00:00,0.6919,0.6945,0.6875,0.6875,30254.8
1748638800000,2025-05-30 23:00:00,0.6875,0.6925,0.6825,0.6833,26667.6
1748642400000,2025-05-31 00:00:00,0.6833,0.6849,0.6628,0.6634,212239.6
1748646000000,2025-05-31 01:00:00,0.6634,0.668,0.6522,0.6587,140602.6
1748649600000,2025-05-31 02:00:00,0.6587,0.6605,0.6391,0.6432,260432.1
1748653200000,2025-05-31 03:00:00,0.6432,0.6483,0.6329,0.6432,217459.6
1748656800000,2025-05-31 04:00:00,0.6432,0.6559,0.6402,0.6475,125589.4
1748660400000,2025-05-31 05:00:00,0.6475,0.6552,0.6433,0.6521,61296.8
1748664000000,2025-05-31 06:00:00,0.6521,0.6633,0.6461,0.6626,90745.0
1748667600000,2025-05-31 07:00:00,0.6626,0.6649,0.6578,0.6594,78978.1
1748671200000,2025-05-31 08:00:00,0.6594,0.6713,0.6588,0.6675,73849.9
1748674800000,2025-05-31 09:00:00,0.6675,0.6714,0.6658,0.6683,53834.1
1748678400000,2025-05-31 10:00:00,0.6683,0.6699,0.6616,0.6648,54862.7
1748682000000,2025-05-31 11:00:00,0.6648,0.6692,0.6616,0.6635,52313.3
1748685600000,2025-05-31 12:00:00,0.6635,0.6695,0.6594,0.6635,60153.8
1748689200000,2025-05-31 13:00:00,0.6635,0.6644,0.6603,0.662,18474.0
1748692800000,2025-05-31 14:00:00,0.662,0.6739,0.6602,0.6735,237677.9
1748696400000,2025-05-31 15:00:00,0.6735,0.6785,0.6687,0.6697,66739.2
1748700000000,2025-05-31 16:00:00,0.6697,0.6757,0.6692,0.6734,70657.2
1748703600000,2025-05-31 17:00:00,0.6734,0.6756,0.6672,0.6693,147653.1
1748707200000,2025-05-31 18:00:00,0.6693,0.6777,0.6657,0.6725,103256.9
1748710800000,2025-05-31 19:00:00,0.6725,0.6733,0.6663,0.6666,79122.6
1748714400000,2025-05-31 20:00:00,0.6666,0.6738,0.6647,0.6735,47610.5
1748718000000,2025-05-31 21:00:00,0.6735,0.675,0.6712,0.6712,21808.7
1748721600000,2025-05-31 22:00:00,0.6712,0.6793,0.67,0.6768,44678.1
1748725200000,2025-05-31 23:00:00,0.6768,0.6829,0.6766,0.6774,83408.6
1748728800000,2025-06-01 00:00:00,0.6774,0.6789,0.6744,0.6758,31237.7
1748732400000,2025-06-01 01:00:00,0.6758,0.6797,0.6738,0.6756,34590.4
1748736000000,2025-06-01 02:00:00,0.6756,0.6774,0.6715,0.6752,41764.3
1748739600000,2025-06-01 03:00:00,0.6752,0.6796,0.6719,0.6742,32087.5
1748743200000,2025-06-01 04:00:00,0.6742,0.6806,0.6691,0.6786,62615.5
1748746800000,2025-06-01 05:00:00,0.6786,0.6809,0.6753,0.6803,16942.7
1748750400000,2025-06-01 06:00:00,0.6803,0.6883,0.6777,0.6879,41687.8
1748754000000,2025-06-01 07:00:00,0.6879,0.6924,0.683,0.685,62209.0
1748757600000,2025-06-01 08:00:00,0.685,0.6877,0.6825,0.6836,13831.0
1748761200000,2025-06-01 09:00:00,0.6836,0.6838,0.6787,0.6823,38944.0
1748764800000,2025-06-01 10:00:00,0.6823,0.6824,0.6755,0.6771,46111.5
1748768400000,2025-06-01 11:00:00,0.6771,0.6797,0.6641,0.6695,104078.9
1748772000000,2025-06-01 12:00:00,0.6695,0.672,0.6665,0.6705,49370.5
1748775600000,2025-06-01 13:00:00,0.6705,0.6751,0.6672,0.6715,32785.6
1748779200000,2025-06-01 14:00:00,0.6715,0.672,0.6639,0.6672,59894.5
1748782800000,2025-06-01 15:00:00,0.6672,0.6764,0.6668,0.6737,76260.9
1748786400000,2025-06-01 16:00:00,0.6737,0.6836,0.6737,0.6796,67639.2
1748790000000,2025-06-01 17:00:00,0.6796,0.6826,0.6782,0.681,47344.2
1748793600000,2025-06-01 18:00:00,0.681,0.6949,0.6806,0.6884,78603.0
1748797200000,2025-06-01 19:00:00,0.6884,0.6916,0.6868,0.689,60369.8
1748800800000,2025-06-01 20:00:00,0.689,0.6908,0.6781,0.6828,61490.6
1748804400000,2025-06-01 21:00:00,0.6828,0.6877,0.6828,0.6872,45421.2
1748808000000,2025-06-01 22:00:00,0.6872,0.6902,0.6836,0.6872,33233.5
1748811600000,2025-06-01 23:00:00,0.6872,0.6924,0.687,0.6905,27379.8
1748815200000,2025-06-02 00:00:00,0.6905,0.6936,0.6878,0.6887,20915.0
1748818800000,2025-06-02 01:00:00,0.6887,0.6932,0.6887,0.6915,24017.4
1748822400000,2025-06-02 02:00:00,0.6915,0.6918,0.6866,0.6885,39759.7
1748826000000,2025-06-02 03:00:00,0.6885,0.6925,0.6859,0.6865,42137.3
1748829600000,2025-06-02 04:00:00,0.6865,0.6867,0.68,0.6811,38689.4
1748833200000,2025-06-02 05:00:00,0.6811,0.6819,0.669,0.6738,145997.2
1748836800000,2025-06-02 06:00:00,0.6738,0.6776,0.6722,0.6731,28301.9
1748840400000,2025-06-02 07:00:00,0.6731,0.6766,0.6706,0.6753,95819.9
1748844000000,2025-06-02 08:00:00,0.6753,0.682,0.6718,0.6789,70635.3
1748847600000,2025-06-02 09:00:00,0.6789,0.6846,0.6783,0.6789,30319.0
1748851200000,2025-06-02 10:00:00,0.6789,0.6849,0.6737,0.6761,45252.5
1748854800000,2025-06-02 11:00:00,0.6761,0.6761,0.6689,0.6714,70491.4
1748858400000,2025-06-02 12:00:00,0.6714,0.674,0.6691,0.6734,51068.0
1748862000000,2025-06-02 13:00:00,0.6734,0.6757,0.6682,0.6708,143418.9
1748865600000,2025-06-02 14:00:00,0.6708,0.679,0.6687,0.6768,126782.3
1748869200000,2025-06-02 15:00:00,0.6768,0.6824,0.6721,0.6741,158659.5
1748872800000,2025-06-02 16:00:00,0.6741,0.6858,0.6726,0.6797,124931.6
1748876400000,2025-06-02 17:00:00,0.6797,0.683,0.6758,0.68,100594.0
1748880000000,2025-06-02 18:00:00,0.68,0.6826,0.6762,0.6813,73519.3
1748883600000,2025-06-02 19:00:00,0.6813,0.683,0.678,0.6819,48771.4
1748887200000,2025-06-02 20:00:00,0.6819,0.6862,0.6774,0.678,31607.0
1748890800000,2025-06-02 21:00:00,0.678,0.6814,0.6731,0.6762,114831.3
1748894400000,2025-06-02 22:00:00,0.6762,0.6867,0.6762,0.6845,94709.9
1748898000000,2025-06-02 23:00:00,0.6845,0.6915,0.6835,0.6892,98028.0
1748901600000,2025-06-03 00:00:00,0.6892,0.7132,0.6892,0.6989,336624.6
1748905200000,2025-06-03 01:00:00,0.6989,0.7044,0.6979,0.7014,94492.0
1748908800000,2025-06-03 02:00:00,0.7014,0.7122,0.7001,0.7102,54082.5
1748912400000,2025-06-03 03:00:00,0.7102,0.7155,0.7089,0.7143,82556.8
1748916000000,2025-06-03 04:00:00,0.7143,0.7154,0.7061,0.7077,99926.1
1748919600000,2025-06-03 05:00:00,0.7077,0.7088,0.7014,0.702,52540.1
1748923200000,2025-06-03 06:00:00,0.702,0.7027,0.6949,0.6959,121315.9
1748926800000,2025-06-03 07:00:00,0.6959,0.7104,0.6959,0.7101,236122.7
1748930400000,2025-06-03 08:00:00,0.7101,0.715,0.7003,0.7102,447023.2
1748934000000,2025-06-03 09:00:00,0.7102,0.711,0.7021,0.703,311931.7
1748937600000,2025-06-03 10:00:00,0.703,0.7037,0.6955,0.7009,50213.1
1748941200000,2025-06-03 11:00:00,0.7009,0.7083,0.7003,0.7058,58401.8
1748944800000,2025-06-03 12:00:00,0.7058,0.7065,0.7029,0.7049,29728.5
1748948400000,2025-06-03 13:00:00,0.7049,0.7081,0.7039,0.7041,43227.8
1748952000000,2025-06-03 14:00:00,0.7041,0.7095,0.7032,0.7083,31489.2
1748955600000,2025-06-03 15:00:00,0.7083,0.7177,0.7035,0.7098,259127.5
1748959200000,2025-06-03 16:00:00,0.7098,0.7166,0.7048,0.7163,83700.3
1748962800000,2025-06-03 17:00:00,0.7163,0.7169,0.7099,0.7107,90165.6
1748966400000,2025-06-03 18:00:00,0.7107,0.7188,0.7096,0.7137,165026.0
1748970000000,2025-06-03 19:00:00,0.7137,0.7223,0.7133,0.7186,153994.2
1748973600000,2025-06-03 20:00:00,0.7186,0.7187,0.7101,0.7116,143393.4
1748977200000,2025-06-03 21:00:00,0.7116,0.7181,0.7116,0.7141,75851.9
1748980800000,2025-06-03 22:00:00,0.7141,0.7142,0.7,0.7035,208464.3
1748984400000,2025-06-03 23:00:00,0.7035,0.7054,0.6935,0.6972,83079.7
1748988000000,2025-06-04 00:00:00,0.6972,0.7024,0.6958,0.7004,49550.6
1748991600000,2025-06-04 01:00:00,0.7004,0.7015,0.6967,0.6981,14937.2
1748995200000,2025-06-04 02:00:00,0.6981,0.7037,0.6939,0.7019,71684.4
1748998800000,2025-06-04 03:00:00,0.7019,0.7096,0.7019,0.7032,59311.0
1749002400000,2025-06-04 04:00:00,0.7032,0.7069,0.7002,0.7002,28674.6
1749006000000,2025-06-04 05:00:00,0.7002,0.7139,0.698,0.6991,321845.5
1749009600000,2025-06-04 06:00:00,0.6991,0.7058,0.6981,0.7022,546276.8
1749013200000,2025-06-04 07:00:00,0.7022,0.7059,0.6979,0.6988,310557.6
1749016800000,2025-06-04 08:00:00,0.6988,0.6999,0.6934,0.6972,119383.5
1749020400000,2025-06-04 09:00:00,0.6972,0.6986,0.6938,0.6961,33086.5
1749024000000,2025-06-04 10:00:00,0.6961,0.7008,0.6958,0.698,19690.9
1749027600000,2025-06-04 11:00:00,0.698,0.6985,0.691,0.6947,31693.1
1749031200000,2025-06-04 12:00:00,0.6947,0.6973,0.689,0.6904,24375.9
1749034800000,2025-06-04 13:00:00,0.6904,0.6927,0.6818,0.6858,72558.3
1749038400000,2025-06-04 14:00:00,0.6858,0.6881,0.6765,0.6781,311967.0
1749042000000,2025-06-04 15:00:00,0.6781,0.6843,0.6771,0.6803,181368.2
1749045600000,2025-06-04 16:00:00,0.6803,0.6854,0.6742,0.6849,155720.5
1749049200000,2025-06-04 17:00:00,0.6849,0.6922,0.6829,0.69,116193.0
1749052800000,2025-06-04 18:00:00,0.69,0.6919,0.6844,0.6865,70462.2
1749056400000,2025-06-04 19:00:00,0.6865,0.6875,0.6756,0.6819,193226.6
1749060000000,2025-06-04 20:00:00,0.6819,0.6863,0.6805,0.681,56721.2
1749063600000,2025-06-04 21:00:00,0.681,0.6831,0.6752,0.6755,102451.9
1749067200000,2025-06-04 22:00:00,0.6755,0.6763,0.6669,0.6695,132616.5
1749070800000,2025-06-04 23:00:00,0.6695,0.6752,0.6647,0.6722,109890.9
1749074400000,2025-06-05 00:00:00,0.6722,0.6731,0.6673,0.6689,28780.7
1749078000000,2025-06-05 01:00:00,0.6689,0.6709,0.666,0.6665,19518.1
1749081600000,2025-06-05 02:00:00,0.6665,0.6723,0.6654,0.6712,29493.5
1749085200000,2025-06-05 03:00:00,0.6712,0.6746,0.6665,0.6678,37872.1
1749088800000,2025-06-05 04:00:00,0.6678,0.6758,0.6678,0.6713,123923.5
1749092400000,2025-06-05 05:00:00,0.6713,0.6748,0.6696,0.6731,52741.4
1749096000000,2025-06-05 06:00:00,0.6731,0.6758,0.6721,0.6746,27523.8
1749099600000,2025-06-05 07:00:00,0.6746,0.6748,0.6652,0.6683,55727.2
1749103200000,2025-06-05 08:00:00,0.6683,0.6711,0.6653,0.6679,184573.5
1749106800000,2025-06-05 09:00:00,0.6679,0.6836,0.6676,0.6771,168424.2
1749110400000,2025-06-05 10:00:00,0.6771,0.6855,0.6762,0.6814,260828.6
1749114000000,2025-06-05 11:00:00,0.6814,0.6864,0.6796,0.6824,64336.0
1749117600000,2025-06-05 12:00:00,0.6824,0.6838,0.6757,0.68,43344.9
1749121200000,2025-06-05 13:00:00,0.68,0.6819,0.6766,0.6818,36076.3
1749124800000,2025-06-05 14:00:00,0.6818,0.6972,0.6793,0.6915,188302.7
1749128400000,2025-06-05 15:00:00,0.6915,0.6934,0.6748,0.6761,91256.8
1749132000000,2025-06-05 16:00:00,0.6761,0.6833,0.6707,0.6788,111517.2
1749135600000,2025-06-05 17:00:00,0.6788,0.6834,0.6776,0.6802,41189.8
1749139200000,2025-06-05 18:00:00,0.6802,0.6807,0.6681,0.672,119694.1
1749142800000,2025-06-05 19:00:00,0.672,0.6754,0.6693,0.6714,23583.4
1749146400000,2025-06-05 20:00:00,0.6714,0.6732,0.6657,0.6708,50059.1
1749150000000,2025-06-05 21:00:00,0.6708,0.6717,0.6452,0.6501,400353.6
1749153600000,2025-06-05 22:00:00,0.6501,0.6529,0.6224,0.6246,594208.8
1749157200000,2025-06-05 23:00:00,0.6246,0.6404,0.6238,0.6401,93624.7
1749160800000,2025-06-06 00:00:00,0.6401,0.6435,0.6341,0.6391,54337.9
1749164400000,2025-06-06 01:00:00,0.6391,0.6414,0.6371,0.6381,69033.2
1749168000000,2025-06-06 02:00:00,0.6381,0.6431,0.6334,0.6424,121372.1
1749171600000,2025-06-06 03:00:00,0.6424,0.6433,0.6395,0.6414,20800.4
1749175200000,2025-06-06 04:00:00,0.6414,0.6439,0.6356,0.6437,68488.6
1749178800000,2025-06-06 05:00:00,0.6437,0.6471,0.6406,0.646,72635.0
1749182400000,2025-06-06 06:00:00,0.646,0.6473,0.6438,0.646,34703.4
1749186000000,2025-06-06 07:00:00,0.646,0.6487,0.6437,0.6461,25427.3
1749189600000,2025-06-06 08:00:00,0.6461,0.6498,0.6444,0.6458,256558.9
1749193200000,2025-06-06 09:00:00,0.6458,0.6479,0.6421,0.6424,57263.3
1749196800000,2025-06-06 10:00:00,0.6424,0.6504,0.6423,0.6459,228245.8
1749200400000,2025-06-06 11:00:00,0.6459,0.649,0.6436,0.6447,78312.2
1749204000000,2025-06-06 12:00:00,0.6447,0.6483,0.6414,0.6427,80084.5
1749207600000,2025-06-06 13:00:00,0.6427,0.6474,0.6417,0.6437,120791.1
1749211200000,2025-06-06 14:00:00,0.6437,0.6567,0.6437,0.648,96646.1
1749214800000,2025-06-06 15:00:00,0.648,0.6574,0.648,0.6527,101737.9
1749218400000,2025-06-06 16:00:00,0.6527,0.662,0.6525,0.6619,128382.7
1749222000000,2025-06-06 17:00:00,0.6619,0.6649,0.6559,0.6586,119223.6
1749225600000,2025-06-06 18:00:00,0.6586,0.6593,0.6479,0.6489,87164.7
1749229200000,2025-06-06 19:00:00,0.6489,0.6497,0.6298,0.6364,990279.5
1749232800000,2025-06-06 20:00:00,0.6364,0.6368,0.6254,0.6281,242871.8
1749236400000,2025-06-06 21:00:00,0.6281,0.6314,0.6259,0.6298,74561.9
1749240000000,2025-06-06 22:00:00,0.6298,0.6355,0.6289,0.6322,170149.3
1749243600000,2025-06-06 23:00:00,0.6322,0.6331,0.6267,0.6303,82610.8
1749247200000,2025-06-07 00:00:00,0.6303,0.6307,0.6275,0.6304,67081.6
1749250800000,2025-06-07 01:00:00,0.6304,0.633,0.6277,0.6302,42558.2
1749254400000,2025-06-07 02:00:00,0.6302,0.6402,0.6268,0.6402,67407.5
1749258000000,2025-06-07 03:00:00,0.6402,0.6402,0.6339,0.6364,46003.8
1749261600000,2025-06-07 04:00:00,0.6364,0.6424,0.6342,0.642,35882.5
1749265200000,2025-06-07 05:00:00,0.642,0.6444,0.6405,0.6422,36910.4
1749268800000,2025-06-07 06:00:00,0.6422,0.6459,0.6413,0.6445,61486.2
1749272400000,2025-06-07 07:00:00,0.6445,0.6489,0.6439,0.6481,23422.4
1749276000000,2025-06-07 08:00:00,0.6481,0.6543,0.6451,0.6535,133873.4
1749279600000,2025-06-07 09:00:00,0.6535,0.6538,0.6489,0.6515,33810.9
1749283200000,2025-06-07 10:00:00,0.6515,0.6531,0.6481,0.6485,40547.9
1749286800000,2025-06-07 11:00:00,0.6485,0.6498,0.646,0.6475,23341.1
1749290400000,2025-06-07 12:00:00,0.6475,0.6576,0.6474,0.6548,72365.9
1749294000000,2025-06-07 13:00:00,0.6548,0.6587,0.6547,0.6577,45253.0
1749297600000,2025-06-07 14:00:00,0.6577,0.6609,0.6573,0.6573,66645.9
1749301200000,2025-06-07 15:00:00,0.6573,0.6619,0.656,0.6585,46258.8
1749304800000,2025-06-07 16:00:00,0.6585,0.6598,0.6551,0.6555,52125.7
1749308400000,2025-06-07 17:00:00,0.6555,0.6559,0.6514,0.6547,40817.2
1749312000000,2025-06-07 18:00:00,0.6547,0.6581,0.6511,0.6516,31463.8
1749315600000,2025-06-07 19:00:00,0.6516,0.6532,0.6492,0.6502,16122.0
1749319200000,2025-06-07 20:00:00,0.6502,0.6559,0.6502,0.6533,21972.6
1749322800000,2025-06-07 21:00:00,0.6533,0.6577,0.6533,0.6556,32049.7
1749326400000,2025-06-07 22:00:00,0.6556,0.6577,0.6552,0.657,13497.1
1749330000000,2025-06-07 23:00:00,0.657,0.6589,0.6567,0.6589,10531.7
1749333600000,2025-06-08 00:00:00,0.6589,0.6626,0.6577,0.661,35375.8
1749337200000,2025-06-08 01:00:00,0.661,0.6611,0.6577,0.6586,15900.8
1749340800000,2025-06-08 02:00:00,0.6586,0.6589,0.6551,0.6561,15337.9
1749344400000,2025-06-08 03:00:00,0.6561,0.6588,0.6546,0.6583,55840.4
1749348000000,2025-06-08 04:00:00,0.6583,0.6588,0.6547,0.6563,27606.8
1749351600000,2025-06-08 05:00:00,0.6563,0.6582,0.6556,0.6571,14173.3
1749355200000,2025-06-08 06:00:00,0.6571,0.6596,0.6542,0.6569,54779.2
1749358800000,2025-06-08 07:00:00,0.6569,0.6573,0.6506,0.6515,23861.1
1749362400000,2025-06-08 08:00:00,0.6515,0.6555,0.6513,0.6535,15032.2
1749366000000,2025-06-08 09:00:00,0.6535,0.6555,0.6505,0.651,14889.0
1749369600000,2025-06-08 10:00:00,0.651,0.6538,0.6505,0.6517,16815.8
1749373200000,2025-06-08 11:00:00,0.6517,0.6524,0.6461,0.6478,40742.2
1749376800000,2025-06-08 12:00:00,0.6478,0.6505,0.6457,0.6495,18355.8
1749380400000,2025-06-08 13:00:00,0.6495,0.6569,0.6495,0.656,63758.7
1749384000000,2025-06-08 14:00:00,0.656,0.6577,0.6501,0.6516,42923.5
1749387600000,2025-06-08 15:00:00,0.6516,0.6593,0.6503,0.6508,29529.3
1749391200000,2025-06-08 16:00:00,0.6508,0.6591,0.6506,0.6571,63332.6
1749394800000,2025-06-08 17:00:00,0.6571,0.6595,0.6566,0.659,13626.4
1749398400000,2025-06-08 18:00:00,0.659,0.6635,0.6584,0.6621,107432.0
1749402000000,2025-06-08 19:00:00,0.6621,0.6646,0.6602,0.6605,25227.6
1749405600000,2025-06-08 20:00:00,0.6605,0.6666,0.6582,0.6651,61248.4
1749409200000,2025-06-08 21:00:00,0.6651,0.6664,0.6618,0.6658,72624.8
1749412800000,2025-06-08 22:00:00,0.6658,0.6666,0.6621,0.6625,42974.0
1749416400000,2025-06-08 23:00:00,0.6625,0.669,0.6625,0.6668,31529.8
1749420000000,2025-06-09 00:00:00,0.6668,0.6673,0.6592,0.6598,35984.7
1749423600000,2025-06-09 01:00:00,0.6598,0.6601,0.6564,0.6569,42692.5
1749427200000,2025-06-09 02:00:00,0.6569,0.6584,0.653,0.6568,37944.5
1749430800000,2025-06-09 03:00:00,0.6568,0.6572,0.6498,0.6508,27312.6
1749434400000,2025-06-09 04:00:00,0.6508,0.6556,0.6462,0.6462,62813.6
1749438000000,2025-06-09 05:00:00,0.6462,0.6462,0.6323,0.6374,181337.5
1749441600000,2025-06-09 06:00:00,0.6374,0.6399,0.6339,0.6353,79818.3
1749445200000,2025-06-09 07:00:00,0.6353,0.6376,0.6302,0.6342,121148.6
1749448800000,2025-06-09 08:00:00,0.6342,0.6369,0.6325,0.6366,49457.2
1749452400000,2025-06-09 09:00:00,0.6366,0.6373,0.6342,0.6366,60492.3
1749456000000,2025-06-09 10:00:00,0.6366,0.6403,0.6342,0.6396,51980.7
1749459600000,2025-06-09 11:00:00,0.6396,0.6506,0.6375,0.6479,80442.7
1749463200000,2025-06-09 12:00:00,0.6479,0.6561,0.647,0.6548,95022.4
1749466800000,2025-06-09 13:00:00,0.6548,0.6619,0.6544,0.6586,112323.8
1749470400000,2025-06-09 14:00:00,0.6586,0.6624,0.6573,0.6606,55770.5
1749474000000,2025-06-09 15:00:00,0.6606,0.6613,0.6479,0.6484,125852.6
1749477600000,2025-06-09 16:00:00,0.6484,0.6528,0.6471,0.6491,60752.0
1749481200000,2025-06-09 17:00:00,0.6491,0.6548,0.6487,0.6524,83609.7
1749484800000,2025-06-09 18:00:00,0.6524,0.661,0.6523,0.6569,43231.2
1749488400000,2025-06-09 19:00:00,0.6569,0.6618,0.6568,0.6581,55498.4
1749492000000,2025-06-09 20:00:00,0.6581,0.6611,0.6575,0.6609,46050.1
1749495600000,2025-06-09 21:00:00,0.6609,0.6626,0.6579,0.6607,50162.8
1749499200000,2025-06-09 22:00:00,0.6607,0.6658,0.6607,0.6642,66906.5
1749502800000,2025-06-09 23:00:00,0.6642,0.6821,0.6641,0.6786,178752.0
1749506400000,2025-06-10 00:00:00,0.6786,0.6815,0.677,0.6814,44815.6
1749510000000,2025-06-10 01:00:00,0.6814,0.6844,0.6777,0.6819,58172.7
1749513600000,2025-06-10 02:00:00,0.6819,0.6913,0.6808,0.6858,63888.3
1749517200000,2025-06-10 03:00:00,0.6858,0.6913,0.6845,0.6899,73564.1
1749520800000,2025-06-10 04:00:00,0.6899,0.6906,0.6849,0.6893,35610.5
1749524400000,2025-06-10 05:00:00,0.6893,0.6902,0.6831,0.6869,77148.1
1749528000000,2025-06-10 06:00:00,0.6869,0.6882,0.6813,0.6837,22481.3
1749531600000,2025-06-10 07:00:00,0.6837,0.6876,0.6748,0.6763,147968.9
1749535200000,2025-06-10 08:00:00,0.6763,0.6831,0.6726,0.6825,78030.3
1749538800000,2025-06-10 09:00:00,0.6825,0.6923,0.6811,0.6896,97747.0
1749542400000,2025-06-10 10:00:00,0.6896,0.692,0.6844,0.689,111775.9
1749546000000,2025-06-10 11:00:00,0.689,0.6955,0.6856,0.6952,120098.0
1749549600000,2025-06-10 12:00:00,0.6952,0.6954,0.6846,0.6911,165614.1
1749553200000,2025-06-10 13:00:00,0.6911,0.7134,0.6882,0.7129,240798.1
1749556800000,2025-06-10 14:00:00,0.7129,0.7243,0.7116,0.7226,168353.2
1749560400000,2025-06-10 15:00:00,0.7226,0.7239,0.706,0.7152,95049.2
1749564000000,2025-06-10 16:00:00,0.7152,0.7178,0.7065,0.708,53828.6
1749567600000,2025-06-10 17:00:00,0.708,0.7138,0.6985,0.7088,108255.0
1749571200000,2025-06-10 18:00:00,0.7088,0.7147,0.7081,0.7101,64588.2
1749574800000,2025-06-10 19:00:00,0.7101,0.7234,0.7101,0.7194,199651.1
1749578400000,2025-06-10 20:00:00,0.7194,0.7352,0.7156,0.7299,325172.6
1749582000000,2025-06-10 21:00:00,0.7299,0.7394,0.7268,0.7296,205890.2
1749585600000,2025-06-10 22:00:00,0.7296,0.7298,0.7196,0.7292,169187.5
1749589200000,2025-06-10 23:00:00,0.7292,0.7303,0.7204,0.7259,42473.4
1749592800000,2025-06-11 00:00:00,0.7259,0.7381,0.7259,0.7345,70336.0
1749596400000,2025-06-11 01:00:00,0.7345,0.7424,0.7303,0.7398,177915.7
1749600000000,2025-06-11 02:00:00,0.7398,0.745,0.7289,0.7294,81272.6
1749603600000,2025-06-11 03:00:00,0.7294,0.7312,0.7223,0.7243,85254.3
1749607200000,2025-06-11 04:00:00,0.7243,0.7312,0.7233,0.729,56212.7
1749610800000,2025-06-11 05:00:00,0.729,0.7347,0.729,0.7331,28570.6
1749614400000,2025-06-11 06:00:00,0.7331,0.7352,0.7299,0.733,35847.6
1749618000000,2025-06-11 07:00:00,0.733,0.7379,0.7317,0.7379,22351.3
1749621600000,2025-06-11 08:00:00,0.7379,0.7453,0.7332,0.7369,216741.4
1749625200000,2025-06-11 09:00:00,0.7369,0.7405,0.7294,0.7331,53612.0
1749628800000,2025-06-11 10:00:00,0.7331,0.7334,0.724,0.7251,31290.4
1749632400000,2025-06-11 11:00:00,0.7251,0.7284,0.7119,0.7134,255934.2
1749636000000,2025-06-11 12:00:00,0.7134,0.7184,0.7115,0.7174,96665.6
1749639600000,2025-06-11 13:00:00,0.7174,0.7232,0.7121,0.722,83693.1
1749643200000,2025-06-11 14:00:00,0.722,0.7318,0.7151,0.7257,94586.6
1749646800000,2025-06-11 15:00:00,0.7257,0.7308,0.7225,0.7266,51078.8
1749650400000,2025-06-11 16:00:00,0.7266,0.7385,0.7261,0.7349,54024.9
1749654000000,2025-06-11 17:00:00,0.7349,0.7434,0.7289,0.7392,111915.3
1749657600000,2025-06-11 18:00:00,0.7392,0.7401,0.733,0.7356,31156.4
1749661200000,2025-06-11 19:00:00,0.7356,0.7374,0.7194,0.7197,70893.4
1749664800000,2025-06-11 20:00:00,0.7197,0.7224,0.7136,0.7171,120202.5
1749668400000,2025-06-11 21:00:00,0.7171,0.7172,0.7086,0.7101,68043.1
1749672000000,2025-06-11 22:00:00,0.7101,0.7142,0.7058,0.7103,23552.2
1749675600000,2025-06-11 23:00:00,0.7103,0.7166,0.6972,0.6998,53695.0
1749679200000,2025-06-12 00:00:00,0.6998,0.7027,0.6905,0.6945,225467.8
1749682800000,2025-06-12 01:00:00,0.6945,0.6996,0.694,0.699,27335.4
1749686400000,2025-06-12 02:00:00,0.699,0.6997,0.6891,0.6949,79849.3
1749690000000,2025-06-12 03:00:00,0.6949,0.6967,0.6892,0.6959,23118.7
1749693600000,2025-06-12 04:00:00,0.6959,0.6962,0.6901,0.6925,50460.0
1749697200000,2025-06-12 05:00:00,0.6925,0.6937,0.6833,0.6917,121533.7
1749700800000,2025-06-12 06:00:00,0.6917,0.6934,0.688,0.6931,38188.8
1749704400000,2025-06-12 07:00:00,0.6931,0.6963,0.6883,0.6945,75460.3
1749708000000,2025-06-12 08:00:00,0.6945,0.6996,0.6921,0.696,33161.1
1749711600000,2025-06-12 09:00:00,0.696,0.6972,0.6882,0.6886,34488.1
1749715200000,2025-06-12 10:00:00,0.6886,0.6903,0.6845,0.6884,62629.1
1749718800000,2025-06-12 11:00:00,0.6884,0.6898,0.6845,0.6856,20524.6
1749722400000,2025-06-12 12:00:00,0.6856,0.686,0.6766,0.6796,96780.4
1749726000000,2025-06-12 13:00:00,0.6796,0.6801,0.6698,0.6708,225853.6
1749729600000,2025-06-12 14:00:00,0.6708,0.6835,0.6675,0.6784,123401.5
1749733200000,2025-06-12 15:00:00,0.6784,0.683,0.6761,0.6807,44125.5
1749736800000,2025-06-12 16:00:00,0.6807,0.6876,0.6804,0.6841,28041.2
1749740400000,2025-06-12 17:00:00,0.6841,0.6858,0.6695,0.6704,102831.0
1749744000000,2025-06-12 18:00:00,0.6704,0.679,0.6695,0.6776,45704.8
1749747600000,2025-06-12 19:00:00,0.6776,0.6843,0.6769,0.6799,31637.2
1749751200000,2025-06-12 20:00:00,0.6799,0.6799,0.6643,0.6684,68165.0
1749754800000,2025-06-12 21:00:00,0.6684,0.6709,0.6529,0.6532,115247.2
1749758400000,2025-06-12 22:00:00,0.6532,0.6559,0.6403,0.6442,192877.8
1749762000000,2025-06-12 23:00:00,0.6442,0.6528,0.643,0.6467,36968.5
1749765600000,2025-06-13 00:00:00,0.6467,0.6507,0.6442,0.6454,28619.8
1749769200000,2025-06-13 01:00:00,0.6454,0.65,0.6438,0.6438,50987.2
1749772800000,2025-06-13 02:00:00,0.6438,0.6441,0.6014,0.609,704499.7
1749776400000,2025-06-13 03:00:00,0.609,0.609,0.5911,0.5974,381625.4
1749780000000,2025-06-13 04:00:00,0.5974,0.6009,0.5932,0.599,82592.3
1749783600000,2025-06-13 05:00:00,0.599,0.612,0.5961,0.6097,202702.2
1749787200000,2025-06-13 06:00:00,0.6097,0.6097,0.6015,0.6069,216636.7
1749790800000,2025-06-13 07:00:00,0.6069,0.6079,0.6043,0.6045,44370.8
1749794400000,2025-06-13 08:00:00,0.6045,0.6045,0.5943,0.6042,119617.3
1749798000000,2025-06-13 09:00:00,0.6042,0.6071,0.5993,0.6039,78529.0
1749801600000,2025-06-13 10:00:00,0.6039,0.6085,0.5965,0.5998,183281.9
1749805200000,2025-06-13 11:00:00,0.5998,0.6013,0.5944,0.5966,90595.1
1749808800000,2025-06-13 12:00:00,0.5966,0.5977,0.5925,0.5958,49584.0
1749812400000,2025-06-13 13:00:00,0.5958,0.6,0.5923,0.5993,71045.0
1749816000000,2025-06-13 14:00:00,0.5993,0.604,0.5943,0.5955,79018.7
1749819600000,2025-06-13 15:00:00,0.5955,0.6018,0.5928,0.5967,64997.1
1749823200000,2025-06-13 16:00:00,0.5967,0.6035,0.5928,0.6031,168867.5
1749826800000,2025-06-13 17:00:00,0.6031,0.6125,0.6003,0.6089,281140.0
1749830400000,2025-06-13 18:00:00,0.6089,0.619,0.6075,0.6145,161514.2
1749834000000,2025-06-13 19:00:00,0.6145,0.6145,0.607,0.6132,51514.1
1749837600000,2025-06-13 20:00:00,0.6132,0.614,0.603,0.6072,96077.6
1749841200000,2025-06-13 21:00:00,0.6072,0.6088,0.6026,0.6049,52929.9
1749844800000,2025-06-13 22:00:00,0.6049,0.6127,0.6035,0.6106,37599.3
1749848400000,2025-06-13 23:00:00,0.6106,0.6134,0.6072,0.6127,15273.7
1749852000000,2025-06-14 00:00:00,0.6127,0.6165,0.6125,0.6147,20051.5
1749855600000,2025-06-14 01:00:00,0.6147,0.6177,0.6125,0.6166,13862.2
1749859200000,2025-06-14 02:00:00,0.6166,0.6174,0.6121,0.6121,77833.7
1749862800000,2025-06-14 03:00:00,0.6121,0.617,0.6096,0.6133,61270.3
1749866400000,2025-06-14 04:00:00,0.6133,0.6159,0.6127,0.6148,20094.5
1749870000000,2025-06-14 05:00:00,0.6148,0.6176,0.6144,0.6155,46528.6
1749873600000,2025-06-14 06:00:00,0.6155,0.6163,0.6141,0.6156,16713.2
1749877200000,2025-06-14 07:00:00,0.6156,0.6188,0.6135,0.6176,14886.8
1749880800000,2025-06-14 08:00:00,0.6176,0.6187,0.6143,0.6166,43187.5
1749884400000,2025-06-14 09:00:00,0.6166,0.6195,0.6125,0.618,43842.7
1749888000000,2025-06-14 10:00:00,0.618,0.618,0.6123,0.6147,27768.2
1749891600000,2025-06-14 11:00:00,0.6147,0.6158,0.6097,0.6097,33220.2
1749895200000,2025-06-14 12:00:00,0.6097,0.6145,0.6093,0.6137,30544.6
1749898800000,2025-06-14 13:00:00,0.6137,0.6167,0.6131,0.6152,20944.8
1749902400000,2025-06-14 14:00:00,0.6152,0.6152,0.6093,0.6145,32143.6
1749906000000,2025-06-14 15:00:00,0.6145,0.6169,0.6089,0.6105,152332.3
1749909600000,2025-06-14 16:00:00,0.6105,0.6133,0.6097,0.6114,53567.6
1749913200000,2025-06-14 17:00:00,0.6114,0.6119,0.6033,0.607,69302.8
1749916800000,2025-06-14 18:00:00,0.607,0.6084,0.5988,0.5992,77820.9
1749920400000,2025-06-14 19:00:00,0.5992,0.6054,0.5991,0.6037,136174.1
1749924000000,2025-06-14 20:00:00,0.6037,0.607,0.596,0.6021,77234.5
1749927600000,2025-06-14 21:00:00,0.6021,0.6055,0.6003,0.6003,33728.4
1749931200000,2025-06-14 22:00:00,0.6003,0.6038,0.5958,0.6018,44540.6
1749934800000,2025-06-14 23:00:00,0.6018,0.6117,0.6004,0.6103,32242.4
1749938400000,2025-06-15 00:00:00,0.6103,0.6136,0.6096,0.6118,36724.0
1749942000000,2025-06-15 01:00:00,0.6118,0.6164,0.6109,0.6141,76312.9
1749945600000,2025-06-15 02:00:00,0.6141,0.617,0.6121,0.613,41740.9
1749949200000,2025-06-15 03:00:00,0.613,0.6142,0.6101,0.6117,38204.7
1749952800000,2025-06-15 04:00:00,0.6117,0.6151,0.6117,0.6127,24327.8
1749956400000,2025-06-15 05:00:00,0.6127,0.6131,0.6109,0.6113,16147.9
1749960000000,2025-06-15 06:00:00,0.6113,0.6138,0.6113,0.6133,17837.1
1749963600000,2025-06-15 07:00:00,0.6133,0.6194,0.6109,0.6167,62770.7
1749967200000,2025-06-15 08:00:00,0.6167,0.6171,0.6079,0.6081,38152.4
1749970800000,2025-06-15 09:00:00,0.6081,0.6101,0.6065,0.6088,50345.6
1749974400000,2025-06-15 10:00:00,0.6088,0.6099,0.6066,0.6078,25082.7
1749978000000,2025-06-15 11:00:00,0.6078,0.6078,0.6035,0.6041,64873.6
1749981600000,2025-06-15 12:00:00,0.6041,0.6095,0.6039,0.6088,24793.9
1749985200000,2025-06-15 13:00:00,0.6088,0.6099,0.606,0.6085,36684.6
1749988800000,2025-06-15 14:00:00,0.6085,0.6114,0.607,0.611,37816.8
1749992400000,2025-06-15 15:00:00,0.611,0.6127,0.6049,0.6073,49648.3
1749996000000,2025-06-15 16:00:00,0.6073,0.6129,0.6014,0.6102,102201.8
1749999600000,2025-06-15 17:00:00,0.6102,0.6114,0.605,0.606,41144.7
1750003200000,2025-06-15 18:00:00,0.606,0.6085,0.6043,0.607,77614.8
1750006800000,2025-06-15 19:00:00,0.607,0.6073,0.6037,0.6055,40408.9
1750010400000,2025-06-15 20:00:00,0.6055,0.6055,0.602,0.6045,30081.2
1750014000000,2025-06-15 21:00:00,0.6045,0.6058,0.5988,0.6016,53259.0
1750017600000,2025-06-15 22:00:00,0.6016,0.6018,0.5893,0.5924,136207.5
1750021200000,2025-06-15 23:00:00,0.5924,0.5958,0.589,0.5955,37346.3
1750024800000,2025-06-16 00:00:00,0.5955,0.6105,0.5955,0.6066,95714.3
1750028400000,2025-06-16 01:00:00,0.6066,0.6114,0.605,0.6112,41396.4
1750032000000,2025-06-16 02:00:00,0.6112,0.6118,0.606,0.6085,54842.7
1750035600000,2025-06-16 03:00:00,0.6085,0.619,0.6028,0.619,124752.5
1750039200000,2025-06-16 04:00:00,0.619,0.6236,0.6188,0.6221,97811.9
1750042800000,2025-06-16 05:00:00,0.6221,0.6228,0.6195,0.6202,34430.8
1750046400000,2025-06-16 06:00:00,0.6202,0.6277,0.6202,0.6236,34149.2
1750050000000,2025-06-16 07:00:00,0.6236,0.6309,0.6223,0.6285,75418.7
1750053600000,2025-06-16 08:00:00,0.6285,0.6333,0.6284,0.6312,41462.3
1750057200000,2025-06-16 09:00:00,0.6312,0.635,0.6312,0.634,40899.1
1750060800000,2025-06-16 10:00:00,0.634,0.6394,0.6331,0.6394,44548.9
1750064400000,2025-06-16 11:00:00,0.6394,0.6432,0.6371,0.6423,79645.4
1750068000000,2025-06-16 12:00:00,0.6423,0.6433,0.633,0.6356,61004.1
1750071600000,2025-06-16 13:00:00,0.6356,0.6379,0.6309,0.6364,41428.3
1750075200000,2025-06-16 14:00:00,0.6364,0.6369,0.6301,0.6322,43448.0
1750078800000,2025-06-16 15:00:00,0.6322,0.6387,0.6317,0.6381,46569.3
1750082400000,2025-06-16 16:00:00,0.6381,0.6441,0.6357,0.6384,121791.9
1750086000000,2025-06-16 17:00:00,0.6384,0.6434,0.638,0.6399,64878.4
1750089600000,2025-06-16 18:00:00,0.6399,0.6406,0.6339,0.6362,591196.5
1750093200000,2025-06-16 19:00:00,0.6362,0.6379,0.6337,0.6346,55822.8
1750096800000,2025-06-16 20:00:00,0.6346,0.6398,0.6341,0.6394,48709.9
1750100400000,2025-06-16 21:00:00,0.6394,0.6417,0.6352,0.6379,53611.6
1750104000000,2025-06-16 22:00:00,0.6379,0.6416,0.6349,0.6402,51680.7
1750107600000,2025-06-16 23:00:00,0.6402,0.6405,0.6372,0.6372,16770.3
1750111200000,2025-06-17 00:00:00,0.6372,0.6381,0.6168,0.623,636170.9
1750114800000,2025-06-17 01:00:00,0.623,0.6275,0.611,0.6121,143412.1
1750118400000,2025-06-17 02:00:00,0.6121,0.6208,0.6004,0.6205,237520.7
1750122000000,2025-06-17 03:00:00,0.6205,0.6238,0.6166,0.6173,58821.3
1750125600000,2025-06-17 04:00:00,0.6173,0.6245,0.6152,0.6236,42002.6
1750129200000,2025-06-17 05:00:00,0.6236,0.6239,0.6182,0.6196,61530.7
1750132800000,2025-06-17 06:00:00,0.6196,0.6203,0.6132,0.6152,39964.9
1750136400000,2025-06-17 07:00:00,0.6152,0.6152,0.6103,0.612,28827.7
1750140000000,2025-06-17 08:00:00,0.612,0.612,0.607,0.6088,38587.0
1750143600000,2025-06-17 09:00:00,0.6088,0.6108,0.6062,0.6083,61254.0
1750147200000,2025-06-17 10:00:00,0.6083,0.6092,0.5981,0.5997,156691.4
1750150800000,2025-06-17 11:00:00,0.5997,0.6028,0.5979,0.6002,43785.2
1750154400000,2025-06-17 12:00:00,0.6002,0.6004,0.5956,0.6,51336.1
1750158000000,2025-06-17 13:00:00,0.6,0.6004,0.596,0.5983,58656.6
1750161600000,2025-06-17 14:00:00,0.5983,0.601,0.5943,0.5954,56008.8
1750165200000,2025-06-17 15:00:00,0.5954,0.6004,0.5947,0.598,82588.5
1750168800000,2025-06-17 16:00:00,0.598,0.6029,0.5905,0.592,92856.5
1750172400000,2025-06-17 17:00:00,0.592,0.5929,0.582,0.5866,178434.1
1750176000000,2025-06-17 18:00:00,0.5866,0.5881,0.5765,0.5767,205846.7
1750179600000,2025-06-17 19:00:00,0.5767,0.5859,0.5745,0.5807,350638.2
1750183200000,2025-06-17 20:00:00,0.5807,0.5876,0.578,0.5872,44371.6
1750186800000,2025-06-17 21:00:00,0.5872,0.5995,0.5865,0.5942,139285.5
1750190400000,2025-06-17 22:00:00,0.5942,0.5974,0.5892,0.59,32818.6
1750194000000,2025-06-17 23:00:00,0.59,0.5924,0.5852,0.5883,70817.4
1750197600000,2025-06-18 00:00:00,0.5883,0.5883,0.5819,0.5823,44465.5
1750201200000,2025-06-18 01:00:00,0.5823,0.5876,0.5821,0.5853,23373.6
1750204800000,2025-06-18 02:00:00,0.5853,0.5908,0.5836,0.5906,30573.0
1750208400000,2025-06-18 03:00:00,0.5906,0.5936,0.5861,0.5872,31090.6
1750212000000,2025-06-18 04:00:00,0.5872,0.5895,0.5856,0.5874,37647.9
1750215600000,2025-06-18 05:00:00,0.5874,0.5933,0.5856,0.5918,38251.6
1750219200000,2025-06-18 06:00:00,0.5918,0.5991,0.591,0.5976,80079.1
1750222800000,2025-06-18 07:00:00,0.5976,0.601,0.5957,0.5962,72670.2
1750226400000,2025-06-18 08:00:00,0.5962,0.5967,0.5899,0.5915,50002.9
1750230000000,2025-06-18 09:00:00,0.5915,0.5944,0.5897,0.594,34282.3
1750233600000,2025-06-18 10:00:00,0.594,0.5966,0.5863,0.5886,78073.3
1750237200000,2025-06-18 11:00:00,0.5886,0.5914,0.5828,0.5855,57137.2
1750240800000,2025-06-18 12:00:00,0.5855,0.5855,0.5733,0.5745,123703.3
1750244400000,2025-06-18 13:00:00,0.5745,0.5838,0.5734,0.5829,65956.0
1750248000000,2025-06-18 14:00:00,0.5829,0.5829,0.5757,0.5767,47694.4
1750251600000,2025-06-18 15:00:00,0.5767,0.5791,0.5679,0.5783,114010.6
1750255200000,2025-06-18 16:00:00,0.5783,0.587,0.5765,0.5815,76118.8
1750258800000,2025-06-18 17:00:00,0.5815,0.5861,0.5786,0.5817,43076.3
1750262400000,2025-06-18 18:00:00,0.5817,0.5839,0.5766,0.5786,77187.9
1750266000000,2025-06-18 19:00:00,0.5786,0.5835,0.5742,0.5821,100920.0
1750269600000,2025-06-18 20:00:00,0.5821,0.5864,0.5734,0.5735,86703.0
1750273200000,2025-06-18 21:00:00,0.5735,0.5813,0.5716,0.577,106770.9
1750276800000,2025-06-18 22:00:00,0.577,0.5926,0.5749,0.5906,91630.8
1750280400000,2025-06-18 23:00:00,0.5906,0.5947,0.5866,0.5936,100380.5
1750284000000,2025-06-19 00:00:00,0.5936,0.5947,0.5912,0.5927,162607.0
1750287600000,2025-06-19 01:00:00,0.5927,0.5936,0.5861,0.5882,36740.4
1750291200000,2025-06-19 02:00:00,0.5882,0.6025,0.5869,0.5935,169199.9
1750294800000,2025-06-19 03:00:00,0.5935,0.5949,0.5877,0.5886,95159.4
1750298400000,2025-06-19 04:00:00,0.5886,0.5931,0.5871,0.5901,28906.0
1750302000000,2025-06-19 05:00:00,0.5901,0.5946,0.59,0.5932,29061.7
1750305600000,2025-06-19 06:00:00,0.5932,0.5934,0.5877,0.5923,29080.2
1750309200000,2025-06-19 07:00:00,0.5923,0.5981,0.591,0.5915,90456.4
1750312800000,2025-06-19 08:00:00,0.5915,0.5926,0.5901,0.5913,21140.4
1750316400000,2025-06-19 09:00:00,0.5913,0.5947,0.5903,0.5915,115598.1
1750320000000,2025-06-19 10:00:00,0.5915,0.5944,0.5899,0.59,125299.1
1750323600000,2025-06-19 11:00:00,0.59,0.5987,0.5894,0.5968,284581.4
1750327200000,2025-06-19 12:00:00,0.5968,0.597,0.5921,0.5943,174449.3
1750330800000,2025-06-19 13:00:00,0.5943,0.5946,0.5924,0.5933,77179.9
1750334400000,2025-06-19 14:00:00,0.5933,0.5955,0.5908,0.5928,70416.1
1750338000000,2025-06-19 15:00:00,0.5928,0.5945,0.5872,0.5887,78854.6
1750341600000,2025-06-19 16:00:00,0.5887,0.5918,0.5846,0.5862,242500.2
1750345200000,2025-06-19 17:00:00,0.5862,0.5897,0.5857,0.587,59877.3
1750348800000,2025-06-19 18:00:00,0.587,0.5883,0.5801,0.5807,98796.6
1750352400000,2025-06-19 19:00:00,0.5807,0.5911,0.5782,0.5881,109890.4
1750356000000,2025-06-19 20:00:00,0.5881,0.5953,0.5876,0.5896,176699.5
1750359600000,2025-06-19 21:00:00,0.5896,0.5912,0.5841,0.5864,324603.1
1750363200000,2025-06-19 22:00:00,0.5864,0.5925,0.5863,0.59,236957.9
1750366800000,2025-06-19 23:00:00,0.59,0.5949,0.5893,0.5926,87157.9
1750370400000,2025-06-20 00:00:00,0.5926,0.5971,0.5899,0.5916,283521.2
1750374000000,2025-06-20 01:00:00,0.5916,0.5946,0.5885,0.594,242122.6
1750377600000,2025-06-20 02:00:00,0.594,0.5949,0.5905,0.5921,56881.4
1750381200000,2025-06-20 03:00:00,0.5921,0.5921,0.5878,0.5893,43251.5
1750384800000,2025-06-20 04:00:00,0.5893,0.5904,0.5842,0.5859,80055.2
1750388400000,2025-06-20 05:00:00,0.5859,0.5877,0.5833,0.5869,126115.7
1750392000000,2025-06-20 06:00:00,0.5869,0.5886,0.5788,0.5797,55772.7
1750395600000,2025-06-20 07:00:00,0.5797,0.5846,0.5791,0.5838,104020.7
1750399200000,2025-06-20 08:00:00,0.5838,0.5896,0.5834,0.5871,98645.2
1750402800000,2025-06-20 09:00:00,0.5871,0.5989,0.5868,0.5973,166862.6
1750406400000,2025-06-20 10:00:00,0.5973,0.6007,0.5946,0.5958,69151.8
1750410000000,2025-06-20 11:00:00,0.5958,0.598,0.5938,0.5951,57372.5
1750413600000,2025-06-20 12:00:00,0.5951,0.597,0.5923,0.5948,49381.4
1750417200000,2025-06-20 13:00:00,0.5948,0.597,0.5923,0.5958,59635.4
1750420800000,2025-06-20 14:00:00,0.5958,0.598,0.5942,0.5959,135894.5
1750424400000,2025-06-20 15:00:00,0.5959,0.5989,0.5899,0.5926,120402.0
1750428000000,2025-06-20 16:00:00,0.5926,0.5949,0.5735,0.5738,133803.3
1750431600000,2025-06-20 17:00:00,0.5738,0.5783,0.5706,0.574,179105.4
1750435200000,2025-06-20 18:00:00,0.574,0.5743,0.5607,0.5636,349586.5
1750438800000,2025-06-20 19:00:00,0.5636,0.5656,0.5479,0.561,293775.2
1750442400000,2025-06-20 20:00:00,0.561,0.5661,0.5599,0.564,130290.7
1750446000000,2025-06-20 21:00:00,0.564,0.5644,0.5597,0.5628,56305.3
1750449600000,2025-06-20 22:00:00,0.5628,0.5713,0.5622,0.5683,110006.2
1750453200000,2025-06-20 23:00:00,0.5683,0.5683,0.5629,0.5629,66972.6
1750456800000,2025-06-21 00:00:00,0.5629,0.5632,0.5546,0.5578,70348.8
1750460400000,2025-06-21 01:00:00,0.5578,0.5611,0.5553,0.5604,26187.4
1750464000000,2025-06-21 02:00:00,0.5604,0.5651,0.5602,0.5616,59851.0
1750467600000,2025-06-21 03:00:00,0.5616,0.5679,0.5609,0.5663,52200.7
1750471200000,2025-06-21 04:00:00,0.5663,0.5668,0.5628,0.563,52711.1
1750474800000,2025-06-21 05:00:00,0.563,0.5656,0.562,0.5636,128225.9
1750478400000,2025-06-21 06:00:00,0.5636,0.5642,0.5601,0.5607,32938.0
1750482000000,2025-06-21 07:00:00,0.5607,0.5642,0.5594,0.5633,29379.1
1750485600000,2025-06-21 08:00:00,0.5633,0.5633,0.56,0.5603,85278.2
1750489200000,2025-06-21 09:00:00,0.5603,0.5614,0.5574,0.5613,40134.3
1750492800000,2025-06-21 10:00:00,0.5613,0.5635,0.5596,0.5635,89754.9
1750496400000,2025-06-21 11:00:00,0.5635,0.5635,0.5604,0.562,46673.4
1750500000000,2025-06-21 12:00:00,0.562,0.5628,0.5562,0.5571,114753.8
1750503600000,2025-06-21 13:00:00,0.5571,0.5589,0.556,0.5566,29381.4
1750507200000,2025-06-21 14:00:00,0.5566,0.5579,0.5521,0.553,59170.1
1750510800000,2025-06-21 15:00:00,0.553,0.5543,0.5436,0.5448,201474.5
1750514400000,2025-06-21 16:00:00,0.5448,0.5562,0.5388,0.5423,3853752.9
1750518000000,2025-06-21 17:00:00,0.5423,0.5439,0.5377,0.5431,137239.6
1750521600000,2025-06-21 18:00:00,0.5431,0.5454,0.5382,0.54,79616.4
1750525200000,2025-06-21 19:00:00,0.54,0.5411,0.5282,0.5306,247457.4
1750528800000,2025-06-21 20:00:00,0.5306,0.5341,0.5271,0.5282,132115.0
1750532400000,2025-06-21 21:00:00,0.5282,0.5305,0.5245,0.5246,92980.3
1750536000000,2025-06-21 22:00:00,0.5246,0.5306,0.5226,0.5287,143611.4
1750539600000,2025-06-21 23:00:00,0.5287,0.5298,0.506,0.5161,390630.4
1750543200000,2025-06-22 00:00:00,0.5161,0.5224,0.5148,0.5211,145803.2
1750546800000,2025-06-22 01:00:00,0.5211,0.5244,0.5114,0.5238,190307.5
1750550400000,2025-06-22 02:00:00,0.5238,0.531,0.5206,0.5276,274913.8
1750554000000,2025-06-22 03:00:00,0.5276,0.5309,0.5197,0.5203,144124.7
1750557600000,2025-06-22 04:00:00,0.5203,0.5248,0.5148,0.5187,183140.3
1750561200000,2025-06-22 05:00:00,0.5187,0.5216,0.5153,0.519,120968.4
1750564800000,2025-06-22 06:00:00,0.519,0.5239,0.5176,0.5215,79837.1
1750568400000,2025-06-22 07:00:00,0.5215,0.5251,0.5197,0.5235,41711.7
1750572000000,2025-06-22 08:00:00,0.5235,0.5262,0.5216,0.525,69025.4
1750575600000,2025-06-22 09:00:00,0.525,0.5257,0.5203,0.5214,46777.6
1750579200000,2025-06-22 10:00:00,0.5214,0.5225,0.517,0.5184,59350.4
1750582800000,2025-06-22 11:00:00,0.5184,0.5202,0.5101,0.512,168120.5
1750586400000,2025-06-22 12:00:00,0.512,0.5195,0.5115,0.5174,68294.5
1750590000000,2025-06-22 13:00:00,0.5174,0.5226,0.5151,0.5188,88871.3
1750593600000,2025-06-22 14:00:00,0.5188,0.5223,0.5126,0.5199,100702.7
1750597200000,2025-06-22 15:00:00,0.5199,0.5207,0.4961,0.5036,453869.5
1750600800000,2025-06-22 16:00:00,0.5036,0.5078,0.4943,0.5069,186042.6
1750604400000,2025-06-22 17:00:00,0.5069,0.5082,0.4961,0.4964,105525.9
1750608000000,2025-06-22 18:00:00,0.4964,0.5006,0.4945,0.4965,114119.1
1750611600000,2025-06-22 19:00:00,0.4965,0.5019,0.4918,0.4982,135410.5
1750615200000,2025-06-22 20:00:00,0.4982,0.5012,0.4949,0.4955,83705.3
1750618800000,2025-06-22 21:00:00,0.4955,0.497,0.491,0.4921,73119.8
1750622400000,2025-06-22 22:00:00,0.4921,0.4964,0.4798,0.494,277943.4
1750626000000,2025-06-22 23:00:00,0.494,0.4971,0.4873,0.4889,172402.3
1750629600000,2025-06-23 00:00:00,0.4889,0.5056,0.4889,0.5055,215011.2
1750633200000,2025-06-23 01:00:00,0.5055,0.5074,0.5031,0.5067,119681.6
1750636800000,2025-06-23 02:00:00,0.5067,0.5144,0.5066,0.5102,91889.1
1750640400000,2025-06-23 03:00:00,0.5102,0.514,0.5084,0.5139,65144.9
1750644000000,2025-06-23 04:00:00,0.5139,0.5141,0.5099,0.5115,36382.7
1750647600000,2025-06-23 05:00:00,0.5115,0.514,0.5092,0.5096,40128.6
1750651200000,2025-06-23 06:00:00,0.5096,0.5126,0.5078,0.5078,41624.2
1750654800000,2025-06-23 07:00:00,0.5078,0.5128,0.5078,0.5114,38365.0
1750658400000,2025-06-23 08:00:00,0.5114,0.5147,0.5098,0.5147,48915.0
1750662000000,2025-06-23 09:00:00,0.5147,0.5184,0.5136,0.5155,63221.5
1750665600000,2025-06-23 10:00:00,0.5155,0.5177,0.5137,0.5154,54966.5
1750669200000,2025-06-23 11:00:00,0.5154,0.5159,0.5134,0.5155,35041.0
1750672800000,2025-06-23 12:00:00,0.5155,0.5159,0.5123,0.5147,22897.4
1750676400000,2025-06-23 13:00:00,0.5147,0.5148,0.5107,0.5134,31490.3
1750680000000,2025-06-23 14:00:00,0.5134,0.5176,0.5095,0.5172,134419.5
1750683600000,2025-06-23 15:00:00,0.5172,0.5241,0.5067,0.5233,185578.8
1750687200000,2025-06-23 16:00:00,0.5233,0.5272,0.5156,0.5162,121525.7
1750690800000,2025-06-23 17:00:00,0.5162,0.52,0.5115,0.5127,71622.2
1750694400000,2025-06-23 18:00:00,0.5127,0.5137,0.5003,0.5059,159220.3
1750698000000,2025-06-23 19:00:00,0.5059,0.5251,0.5037,0.5214,201222.1
1750701600000,2025-06-23 20:00:00,0.5214,0.5315,0.5214,0.5297,153788.2
1750705200000,2025-06-23 21:00:00,0.5297,0.5355,0.5288,0.5332,122193.0
1750708800000,2025-06-23 22:00:00,0.5332,0.5425,0.5328,0.5391,261409.9
1750712400000,2025-06-23 23:00:00,0.5391,0.5447,0.5389,0.5415,76531.0
1750716000000,2025-06-24 00:00:00,0.5415,0.5563,0.5412,0.5546,266666.9
1750719600000,2025-06-24 01:00:00,0.5546,0.5597,0.5541,0.5578,77515.6
1750723200000,2025-06-24 02:00:00,0.5578,0.5605,0.5569,0.5593,77133.5
1750726800000,2025-06-24 03:00:00,0.5593,0.5645,0.5586,0.5644,122000.9
1750730400000,2025-06-24 04:00:00,0.5644,0.5644,0.5602,0.5602,47958.1
1750734000000,2025-06-24 05:00:00,0.5602,0.5626,0.5598,0.561,30194.7
1750737600000,2025-06-24 06:00:00,0.561,0.5656,0.5608,0.5649,37585.8
1750741200000,2025-06-24 07:00:00,0.5649,0.5811,0.5649,0.5809,246792.6
1750744800000,2025-06-24 08:00:00,0.5809,0.6541,0.5808,0.5929,4637994.0
1750748400000,2025-06-24 09:00:00,0.5929,0.5933,0.5803,0.5816,453301.0
1750752000000,2025-06-24 10:00:00,0.5816,0.5826,0.5714,0.5773,433022.2
1750755600000,2025-06-24 11:00:00,0.5773,0.5846,0.5767,0.58,185266.3
1750759200000,2025-06-24 12:00:00,0.58,0.5831,0.578,0.5793,72409.1
1750762800000,2025-06-24 13:00:00,0.5793,0.5805,0.5753,0.5775,147702.3
1750766400000,2025-06-24 14:00:00,0.5775,0.5808,0.5766,0.5775,107387.9
1750770000000,2025-06-24 15:00:00,0.5775,0.5813,0.5752,0.5778,126417.1
1750773600000,2025-06-24 16:00:00,0.5778,0.5791,0.571,0.5739,704010.3
1750777200000,2025-06-24 17:00:00,0.5739,0.5761,0.569,0.5717,145377.7
1750780800000,2025-06-24 18:00:00,0.5717,0.5934,0.5717,0.588,713609.4
1750784400000,2025-06-24 19:00:00,0.588,0.588,0.5794,0.5815,123229.3
1750788000000,2025-06-24 20:00:00,0.5815,0.5823,0.5757,0.5767,76573.4
1750791600000,2025-06-24 21:00:00,0.5767,0.5777,0.5727,0.5761,111593.5
1750795200000,2025-06-24 22:00:00,0.5761,0.5841,0.5742,0.5805,265880.1
1750798800000,2025-06-24 23:00:00,0.5805,0.5841,0.5784,0.5834,99742.8
1750802400000,2025-06-25 00:00:00,0.5834,0.5837,0.5789,0.5817,49867.7
1750806000000,2025-06-25 01:00:00,0.5817,0.5877,0.5791,0.5872,121798.9
1750809600000,2025-06-25 02:00:00,0.5872,0.5903,0.5837,0.5899,149891.9
1750813200000,2025-06-25 03:00:00,0.5899,0.5942,0.5886,0.5915,106709.7
1750816800000,2025-06-25 04:00:00,0.5915,0.6032,0.5914,0.5996,374753.0
1750820400000,2025-06-25 05:00:00,0.5996,0.6084,0.5979,0.6038,99932.9
1750824000000,2025-06-25 06:00:00,0.6038,0.6107,0.5975,0.6024,451991.1
1750827600000,2025-06-25 07:00:00,0.6024,0.6142,0.6024,0.6041,400778.2
1750831200000,2025-06-25 08:00:00,0.6041,0.6041,0.5958,0.5995,155014.3
1750834800000,2025-06-25 09:00:00,0.5995,0.602,0.5958,0.597,81228.9
1750838400000,2025-06-25 10:00:00,0.597,0.604,0.5952,0.6004,487748.9
1750842000000,2025-06-25 11:00:00,0.6004,0.6009,0.5888,0.5925,179022.5
1750845600000,2025-06-25 12:00:00,0.5925,0.5982,0.5921,0.5956,177559.4
1750849200000,2025-06-25 13:00:00,0.5956,0.6018,0.5922,0.6014,121288.8
1750852800000,2025-06-25 14:00:00,0.6014,0.6015,0.5977,0.5993,138344.8
1750856400000,2025-06-25 15:00:00,0.5993,0.6039,0.5969,0.5983,117991.7
1750860000000,2025-06-25 16:00:00,0.5983,0.5984,0.5871,0.5943,186959.1
1750863600000,2025-06-25 17:00:00,0.5943,0.5943,0.584,0.5851,116206.4
1750867200000,2025-06-25 18:00:00,0.5851,0.5889,0.5809,0.582,125600.9
1750870800000,2025-06-25 19:00:00,0.582,0.5907,0.5809,0.5862,84950.5
1750874400000,2025-06-25 20:00:00,0.5862,0.5865,0.5823,0.5838,50088.7
1750878000000,2025-06-25 21:00:00,0.5838,0.589,0.5837,0.589,83660.6
1750881600000,2025-06-25 22:00:00,0.589,0.589,0.5851,0.5886,49598.9
1750885200000,2025-06-25 23:00:00,0.5886,0.5918,0.5848,0.5851,39846.9
1750888800000,2025-06-26 00:00:00,0.5851,0.5853,0.5773,0.5792,139324.2
1750892400000,2025-06-26 01:00:00,0.5792,0.5815,0.5765,0.5813,98969.8
1750896000000,2025-06-26 02:00:00,0.5813,0.5836,0.5784,0.5788,87262.1
1750899600000,2025-06-26 03:00:00,0.5788,0.5911,0.5781,0.5888,110273.5
1750903200000,2025-06-26 04:00:00,0.5888,0.6185,0.5888,0.6171,340536.0
1750906800000,2025-06-26 05:00:00,0.6171,0.6418,0.606,0.6092,1476257.5
1750910400000,2025-06-26 06:00:00,0.6092,0.61,0.5969,0.6027,169609.9
1750914000000,2025-06-26 07:00:00,0.6027,0.6036,0.5905,0.596,272721.2
1750917600000,2025-06-26 08:00:00,0.596,0.6012,0.5952,0.5999,93655.0
1750921200000,2025-06-26 09:00:00,0.5999,0.6046,0.5978,0.6012,96587.8
1750924800000,2025-06-26 10:00:00,0.6012,0.6051,0.5983,0.6046,264694.6
1750928400000,2025-06-26 11:00:00,0.6046,0.6046,0.582,0.5906,828353.0
1750932000000,2025-06-26 12:00:00,0.5906,0.5906,0.5843,0.5858,149996.7
1750935600000,2025-06-26 13:00:00,0.5858,0.5858,0.5814,0.5822,109303.6
1750939200000,2025-06-26 14:00:00,0.5822,0.5824,0.5668,0.5691,819806.0
1750942800000,2025-06-26 15:00:00,0.5691,0.5713,0.5635,0.5644,412000.2
1750946400000,2025-06-26 16:00:00,0.5644,0.573,0.5613,0.5684,135576.4
1750950000000,2025-06-26 17:00:00,0.5684,0.5705,0.5617,0.5665,119065.8
1750953600000,2025-06-26 18:00:00,0.5665,0.5665,0.5614,0.5628,82714.3
1750957200000,2025-06-26 19:00:00,0.5628,0.5687,0.5628,0.563,64768.1
1750960800000,2025-06-26 20:00:00,0.563,0.567,0.5605,0.5631,120207.8
1750964400000,2025-06-26 21:00:00,0.5631,0.5714,0.5622,0.5685,91319.5
1750968000000,2025-06-26 22:00:00,0.5685,0.5771,0.567,0.5737,127684.7
1750971600000,2025-06-26 23:00:00,0.5737,0.5741,0.5618,0.5663,402442.3
1750975200000,2025-06-27 00:00:00,0.5663,0.5678,0.5609,0.5614,279754.6
1750978800000,2025-06-27 01:00:00,0.5614,0.5733,0.5601,0.5648,844128.9
1750982400000,2025-06-27 02:00:00,0.5648,0.5669,0.5605,0.5605,135739.9
1750986000000,2025-06-27 03:00:00,0.5605,0.5712,0.5593,0.5695,209505.5
1750989600000,2025-06-27 04:00:00,0.5695,0.5737,0.5681,0.5709,201563.4
1750993200000,2025-06-27 05:00:00,0.5709,0.5754,0.5684,0.5744,144525.2
1750996800000,2025-06-27 06:00:00,0.5744,0.5786,0.5726,0.5771,84301.1
1751000400000,2025-06-27 07:00:00,0.5771,0.585,0.5767,0.5812,194745.7
1751004000000,2025-06-27 08:00:00,0.5812,0.5925,0.5779,0.5863,822498.2
1751007600000,2025-06-27 09:00:00,0.5863,0.592,0.5801,0.5831,278924.9
1751011200000,2025-06-27 10:00:00,0.5831,0.5894,0.5814,0.5861,197733.8
1751014800000,2025-06-27 11:00:00,0.5861,0.5861,0.5817,0.5843,102226.6
1751018400000,2025-06-27 12:00:00,0.5843,0.5861,0.5812,0.5825,101722.9
1751022000000,2025-06-27 13:00:00,0.5825,0.5826,0.5758,0.5765,108317.1
1751025600000,2025-06-27 14:00:00,0.5765,0.5794,0.5705,0.5711,108322.8
1751029200000,2025-06-27 15:00:00,0.5711,0.5743,0.5688,0.5738,69315.4
1751032800000,2025-06-27 16:00:00,0.5738,0.5773,0.5728,0.5733,68497.6
1751036400000,2025-06-27 17:00:00,0.5733,0.5785,0.5702,0.5777,82310.7
1751040000000,2025-06-27 18:00:00,0.5777,0.5844,0.5762,0.5803,66486.6
1751043600000,2025-06-27 19:00:00,0.5803,0.5805,0.5703,0.5733,58716.0
1751047200000,2025-06-27 20:00:00,0.5733,0.5749,0.5665,0.5682,49025.0
1751050800000,2025-06-27 21:00:00,0.5682,0.5715,0.5674,0.5709,39708.0
1751054400000,2025-06-27 22:00:00,0.5709,0.5775,0.57,0.5775,49917.8
1751058000000,2025-06-27 23:00:00,0.5775,0.5805,0.5767,0.5783,63532.1
1751061600000,2025-06-28 00:00:00,0.5783,0.5789,0.5764,0.5788,62462.5
1751065200000,2025-06-28 01:00:00,0.5788,0.5788,0.5757,0.578,45637.1
1751068800000,2025-06-28 02:00:00,0.578,0.5785,0.5759,0.5761,30197.1
1751072400000,2025-06-28 03:00:00,0.5761,0.5764,0.5741,0.5754,35008.5
1751076000000,2025-06-28 04:00:00,0.5754,0.5759,0.5716,0.5732,76355.4
1751079600000,2025-06-28 05:00:00,0.5732,0.5739,0.5714,0.5715,23576.8
1751083200000,2025-06-28 06:00:00,0.5715,0.5716,0.5688,0.5697,25617.1
1751086800000,2025-06-28 07:00:00,0.5697,0.5738,0.5695,0.5714,34967.9
1751090400000,2025-06-28 08:00:00,0.5714,0.5724,0.57,0.5724,20059.5
1751094000000,2025-06-28 09:00:00,0.5724,0.5766,0.572,0.5761,61683.5
1751097600000,2025-06-28 10:00:00,0.5761,0.5764,0.5738,0.5751,56037.5
1751101200000,2025-06-28 11:00:00,0.5751,0.5802,0.5745,0.5797,46477.4
1751104800000,2025-06-28 12:00:00,0.5797,0.5799,0.5777,0.5786,35825.5
1751108400000,2025-06-28 13:00:00,0.5786,0.5812,0.5786,0.5799,31526.6
1751112000000,2025-06-28 14:00:00,0.5799,0.5799,0.5774,0.5789,48492.6
1751115600000,2025-06-28 15:00:00,0.5789,0.58,0.5757,0.5759,21399.4
1751119200000,2025-06-28 16:00:00,0.5759,0.5783,0.5757,0.5769,33291.6
1751122800000,2025-06-28 17:00:00,0.5769,0.5841,0.5769,0.5835,38352.2
1751126400000,2025-06-28 18:00:00,0.5835,0.589,0.5835,0.5852,90809.8
1751130000000,2025-06-28 19:00:00,0.5852,0.5909,0.584,0.5895,54300.5
1751133600000,2025-06-28 20:00:00,0.5895,0.5909,0.5871,0.5905,48590.6
1751137200000,2025-06-28 21:00:00,0.5905,0.5919,0.5892,0.5892,61096.9
1751140800000,2025-06-28 22:00:00,0.5892,0.5897,0.5857,0.5865,31043.8
1751144400000,2025-06-28 23:00:00,0.5865,0.589,0.5862,0.589,23784.4
1751148000000,2025-06-29 00:00:00,0.589,0.593,0.589,0.5924,44261.7
1751151600000,2025-06-29 01:00:00,0.5924,0.5927,0.5892,0.59,40309.7
1751155200000,2025-06-29 02:00:00,0.59,0.59,0.5852,0.5863,58136.6
1751158800000,2025-06-29 03:00:00,0.5863,0.5864,0.5809,0.582,69330.0
1751162400000,2025-06-29 04:00:00,0.582,0.5839,0.5773,0.5831,108793.3
1751166000000,2025-06-29 05:00:00,0.5831,0.5836,0.58,0.5802,43892.2
1751169600000,2025-06-29 06:00:00,0.5802,0.5832,0.5799,0.5826,48907.7
1751173200000,2025-06-29 07:00:00,0.5826,0.5827,0.5799,0.5827,21352.8
1751176800000,2025-06-29 08:00:00,0.5827,0.5852,0.5825,0.5851,37056.4
1751180400000,2025-06-29 09:00:00,0.5851,0.5875,0.5842,0.5873,26648.1
1751184000000,2025-06-29 10:00:00,0.5873,0.5909,0.5872,0.59,33598.4
1751187600000,2025-06-29 11:00:00,0.59,0.5943,0.5889,0.5911,86890.6
1751191200000,2025-06-29 12:00:00,0.5911,0.5921,0.5886,0.5911,47189.1
1751194800000,2025-06-29 13:00:00,0.5911,0.5913,0.5883,0.5887,22015.9
1751198400000,2025-06-29 14:00:00,0.5887,0.5911,0.587,0.5892,63015.8
1751202000000,2025-06-29 15:00:00,0.5892,0.5921,0.5878,0.5887,52480.5
1751205600000,2025-06-29 16:00:00,0.5887,0.5905,0.5831,0.5842,36309.6
1751209200000,2025-06-29 17:00:00,0.5842,0.5853,0.5807,0.5838,48101.5
1751212800000,2025-06-29 18:00:00,0.5838,0.5873,0.5829,0.5873,36569.8
1751216400000,2025-06-29 19:00:00,0.5873,0.5891,0.5857,0.5891,18975.9
1751220000000,2025-06-29 20:00:00,0.5891,0.5916,0.5869,0.591,23843.1
1751223600000,2025-06-29 21:00:00,0.591,0.5925,0.5899,0.5915,31106.7
1751227200000,2025-06-29 22:00:00,0.5915,0.592,0.5887,0.5891,28216.2
1751230800000,2025-06-29 23:00:00,0.5891,0.5966,0.5857,0.5955,68961.5
1751234400000,2025-06-30 00:00:00,0.5955,0.6206,0.5953,0.618,343655.3
1751238000000,2025-06-30 01:00:00,0.618,0.6194,0.6133,0.6133,61640.2
1751241600000,2025-06-30 02:00:00,0.6133,0.616,0.6069,0.6095,165843.1
1751245200000,2025-06-30 03:00:00,0.6095,0.6095,0.6028,0.603,80193.6
1751248800000,2025-06-30 04:00:00,0.603,0.6038,0.5988,0.5995,42708.6
1751252400000,2025-06-30 05:00:00,0.5995,0.6012,0.5963,0.598,64006.9
1751256000000,2025-06-30 06:00:00,0.598,0.5982,0.593,0.5951,74824.5
1751259600000,2025-06-30 07:00:00,0.5951,0.5966,0.5929,0.5951,48120.4
1751263200000,2025-06-30 08:00:00,0.5951,0.6002,0.5911,0.5942,88222.9
1751266800000,2025-06-30 09:00:00,0.5942,0.5983,0.5923,0.5969,57355.2
1751270400000,2025-06-30 10:00:00,0.5969,0.5989,0.5896,0.5907,82515.1
1751274000000,2025-06-30 11:00:00,0.5907,0.5926,0.5861,0.5865,88166.7
1751277600000,2025-06-30 12:00:00,0.5865,0.5884,0.5849,0.5872,62589.8
1751281200000,2025-06-30 13:00:00,0.5872,0.5907,0.5848,0.5852,153395.0
1751284800000,2025-06-30 14:00:00,0.5852,0.5881,0.5807,0.5811,110329.1
1751288400000,2025-06-30 15:00:00,0.5811,0.5858,0.5802,0.5812,106958.5
1751292000000,2025-06-30 16:00:00,0.5812,0.5837,0.575,0.5777,183046.2
1751295600000,2025-06-30 17:00:00,0.5777,0.5893,0.5755,0.5829,156439.2
1751299200000,2025-06-30 18:00:00,0.5829,0.5871,0.5811,0.5868,75498.6
1751302800000,2025-06-30 19:00:00,0.5868,0.5885,0.5828,0.5839,58624.4
1751306400000,2025-06-30 20:00:00,0.5839,0.5849,0.5785,0.5798,92710.7
1751310000000,2025-06-30 21:00:00,0.5798,0.5896,0.5794,0.5891,50063.8
1751313600000,2025-06-30 22:00:00,0.5891,0.5904,0.583,0.5831,55060.9
1751317200000,2025-06-30 23:00:00,0.5831,0.5848,0.5801,0.5817,50155.3
1751320800000,2025-07-01 00:00:00,0.5817,0.5843,0.5802,0.5816,39510.5
1751324400000,2025-07-01 01:00:00,0.5816,0.5834,0.5804,0.5828,41554.6
1751328000000,2025-07-01 02:00:00,0.5828,0.5843,0.5766,0.5775,112920.7
1751331600000,2025-07-01 03:00:00,0.5775,0.5784,0.5721,0.5731,113826.4
1751335200000,2025-07-01 04:00:00,0.5731,0.5759,0.5708,0.5708,28376.3
1751338800000,2025-07-01 05:00:00,0.5708,0.5708,0.5658,0.5693,177095.6
1751342400000,2025-07-01 06:00:00,0.5693,0.5693,0.5639,0.5643,84928.5
1751346000000,2025-07-01 07:00:00,0.5643,0.5651,0.5603,0.5644,79345.4
1751349600000,2025-07-01 08:00:00,0.5644,0.5656,0.5625,0.5652,35560.7
1751353200000,2025-07-01 09:00:00,0.5652,0.5691,0.5607,0.5678,54423.6
1751356800000,2025-07-01 10:00:00,0.5678,0.5692,0.5639,0.5692,53815.7
1751360400000,2025-07-01 11:00:00,0.5692,0.5697,0.5673,0.5694,35787.1
1751364000000,2025-07-01 12:00:00,0.5694,0.5704,0.5649,0.5671,265503.9
1751367600000,2025-07-01 13:00:00,0.5671,0.5673,0.563,0.5644,75785.9
1751371200000,2025-07-01 14:00:00,0.5644,0.5645,0.5612,0.5629,50679.4
1751374800000,2025-07-01 15:00:00,0.5629,0.566,0.559,0.5651,187752.2
1751378400000,2025-07-01 16:00:00,0.5651,0.5697,0.5605,0.5641,139570.8
1751382000000,2025-07-01 17:00:00,0.5641,0.5665,0.5611,0.5643,49626.7
1751385600000,2025-07-01 18:00:00,0.5643,0.5661,0.5618,0.5624,25667.2
1751389200000,2025-07-01 19:00:00,0.5624,0.5639,0.5595,0.5639,33043.2
1751392800000,2025-07-01 20:00:00,0.5639,0.5645,0.5585,0.56,36509.1
1751396400000,2025-07-01 21:00:00,0.56,0.5624,0.5586,0.5592,31237.8
1751400000000,2025-07-01 22:00:00,0.5592,0.5648,0.5562,0.5638,60487.1
1751403600000,2025-07-01 23:00:00,0.5638,0.5668,0.5617,0.5649,44848.6
1751407200000,2025-07-02 00:00:00,0.5649,0.565,0.5477,0.548,276703.5
1751410800000,2025-07-02 01:00:00,0.548,0.5543,0.5477,0.5543,76087.9
1751414400000,2025-07-02 02:00:00,0.5543,0.5553,0.5505,0.552,87709.0
1751418000000,2025-07-02 03:00:00,0.552,0.5549,0.5466,0.5529,45870.4
1751421600000,2025-07-02 04:00:00,0.5529,0.554,0.5504,0.554,34604.6
1751425200000,2025-07-02 05:00:00,0.554,0.5593,0.5529,0.553,67043.8
1751428800000,2025-07-02 06:00:00,0.553,0.5625,0.5514,0.5623,62482.7
1751432400000,2025-07-02 07:00:00,0.5623,0.5644,0.5598,0.5623,87162.1
1751436000000,2025-07-02 08:00:00,0.5623,0.5675,0.5614,0.5671,108642.9
1751439600000,2025-07-02 09:00:00,0.5671,0.5671,0.5629,0.564,44155.9
1751443200000,2025-07-02 10:00:00,0.564,0.5648,0.5595,0.5628,67868.0
1751446800000,2025-07-02 11:00:00,0.5628,0.565,0.561,0.562,68123.0
1751450400000,2025-07-02 12:00:00,0.562,0.5669,0.5599,0.5669,68408.8
1751454000000,2025-07-02 13:00:00,0.5669,0.5699,0.565,0.5664,39255.9
1751457600000,2025-07-02 14:00:00,0.5664,0.5667,0.5629,0.5642,34273.2
1751461200000,2025-07-02 15:00:00,0.5642,0.5699,0.5642,0.5681,90648.2
1751464800000,2025-07-02 16:00:00,0.5681,0.5749,0.5681,0.5746,63863.8
1751468400000,2025-07-02 17:00:00,0.5746,0.5806,0.5737,0.5795,90684.3
1751472000000,2025-07-02 18:00:00,0.5795,0.5962,0.5795,0.5946,182244.1
1751475600000,2025-07-02 19:00:00,0.5946,0.5989,0.5879,0.5909,96099.3
1751479200000,2025-07-02 20:00:00,0.5909,0.5963,0.5909,0.5945,60262.6
1751482800000,2025-07-02 21:00:00,0.5945,0.5987,0.5929,0.5985,63573.6
1751486400000,2025-07-02 22:00:00,0.5985,0.6006,0.5966,0.5982,110416.5
1751490000000,2025-07-02 23:00:00,0.5982,0.5987,0.5955,0.5978,27201.1
1751493600000,2025-07-03 00:00:00,0.5978,0.6049,0.5973,0.5992,71175.1
1751497200000,2025-07-03 01:00:00,0.5992,0.5993,0.591,0.594,101958.9
1751500800000,2025-07-03 02:00:00,0.594,0.6026,0.594,0.6004,127174.7
1751504400000,2025-07-03 03:00:00,0.6004,0.6051,0.5987,0.6018,110312.2
1751508000000,2025-07-03 04:00:00,0.6018,0.6021,0.5957,0.5986,66296.9
1751511600000,2025-07-03 05:00:00,0.5986,0.6027,0.5966,0.5983,96576.7
1751515200000,2025-07-03 06:00:00,0.5983,0.6006,0.597,0.6005,50498.8
1751518800000,2025-07-03 07:00:00,0.6005,0.6095,0.5999,0.6087,323469.6
1751522400000,2025-07-03 08:00:00,0.6087,0.6095,0.6068,0.6078,72165.5
1751526000000,2025-07-03 09:00:00,0.6078,0.6091,0.6066,0.6076,46621.8
1751529600000,2025-07-03 10:00:00,0.6076,0.6112,0.6026,0.6029,108317.7
1751533200000,2025-07-03 11:00:00,0.6029,0.6068,0.602,0.6032,47169.4
1751536800000,2025-07-03 12:00:00,0.6032,0.6042,0.5963,0.5985,119863.5
1751540400000,2025-07-03 13:00:00,0.5985,0.6004,0.596,0.5972,60898.1
1751544000000,2025-07-03 14:00:00,0.5972,0.6068,0.5934,0.5996,113361.6
1751547600000,2025-07-03 15:00:00,0.5996,0.6092,0.5986,0.6074,64013.2
1751551200000,2025-07-03 16:00:00,0.6074,0.6084,0.5991,0.6009,51810.1
1751554800000,2025-07-03 17:00:00,0.6009,0.6021,0.5902,0.591,72256.1
1751558400000,2025-07-03 18:00:00,0.591,0.5943,0.5905,0.5935,48260.9
1751562000000,2025-07-03 19:00:00,0.5935,0.597,0.5935,0.5955,23743.3
1751565600000,2025-07-03 20:00:00,0.5955,0.5972,0.5927,0.5933,21363.3
1751569200000,2025-07-03 21:00:00,0.5933,0.5979,0.5933,0.5971,20897.9
1751572800000,2025-07-03 22:00:00,0.5971,0.5993,0.5966,0.597,31484.4
1751576400000,2025-07-03 23:00:00,0.597,0.5979,0.5944,0.5974,22171.5
1751580000000,2025-07-04 00:00:00,0.5974,0.598,0.5964,0.5967,9648.4
1751583600000,2025-07-04 01:00:00,0.5967,0.5975,0.594,0.5966,12223.8
1751587200000,2025-07-04 02:00:00,0.5966,0.6004,0.596,0.5977,11047.1
1751590800000,2025-07-04 03:00:00,0.5977,0.6014,0.5965,0.5971,22481.6
1751594400000,2025-07-04 04:00:00,0.5971,0.5971,0.5884,0.5908,78189.6
1751598000000,2025-07-04 05:00:00,0.5908,0.5946,0.5898,0.5898,23219.4
1751601600000,2025-07-04 06:00:00,0.5898,0.5922,0.5855,0.5855,39930.7
1751605200000,2025-07-04 07:00:00,0.5855,0.5905,0.5854,0.5865,107667.8
1751608800000,2025-07-04 08:00:00,0.5865,0.5865,0.5808,0.5812,170882.0
1751612400000,2025-07-04 09:00:00,0.5812,0.5816,0.5694,0.5722,282532.5
1751616000000,2025-07-04 10:00:00,0.5722,0.5761,0.5689,0.5748,160110.1
1751619600000,2025-07-04 11:00:00,0.5748,0.5773,0.5736,0.5745,37998.1
1751623200000,2025-07-04 12:00:00,0.5745,0.575,0.5683,0.5686,126241.0
1751626800000,2025-07-04 13:00:00,0.5686,0.5717,0.5683,0.5707,32735.5
1751630400000,2025-07-04 14:00:00,0.5707,0.5715,0.5664,0.5681,81187.0
1751634000000,2025-07-04 15:00:00,0.5681,0.5696,0.5635,0.5647,45778.1
1751637600000,2025-07-04 16:00:00,0.5647,0.5652,0.5604,0.562,62842.1
1751641200000,2025-07-04 17:00:00,0.562,0.562,0.5533,0.5533,193397.4
1751644800000,2025-07-04 18:00:00,0.5533,0.5547,0.5467,0.5525,385033.0
1751648400000,2025-07-04 19:00:00,0.5525,0.5553,0.5502,0.5549,76628.9
1751652000000,2025-07-04 20:00:00,0.5549,0.5549,0.5499,0.5532,56450.5
1751655600000,2025-07-04 21:00:00,0.5532,0.5553,0.55,0.5512,81539.2
1751659200000,2025-07-04 22:00:00,0.5512,0.553,0.5499,0.5511,37711.3
1751662800000,2025-07-04 23:00:00,0.5511,0.5543,0.5506,0.5538,25593.2
1751666400000,2025-07-05 00:00:00,0.5538,0.5606,0.5531,0.5602,106855.7
1751670000000,2025-07-05 01:00:00,0.5602,0.5602,0.5557,0.5559,19593.3
1751673600000,2025-07-05 02:00:00,0.5559,0.5599,0.554,0.5599,44163.0
1751677200000,2025-07-05 03:00:00,0.5599,0.5612,0.5562,0.5586,34512.1
1751680800000,2025-07-05 04:00:00,0.5586,0.5599,0.5547,0.5596,45500.6
1751684400000,2025-07-05 05:00:00,0.5596,0.5628,0.5596,0.5613,45773.3
1751688000000,2025-07-05 06:00:00,0.5613,0.5616,0.5574,0.5574,79249.9
1751691600000,2025-07-05 07:00:00,0.5574,0.5609,0.5557,0.5609,19597.9
1751695200000,2025-07-05 08:00:00,0.5609,0.5642,0.5586,0.5642,40655.3
1751698800000,2025-07-05 09:00:00,0.5642,0.5657,0.5592,0.56,378539.5
1751702400000,2025-07-05 10:00:00,0.56,0.562,0.5573,0.5595,65623.6
1751706000000,2025-07-05 11:00:00,0.5595,0.5615,0.5565,0.561,61183.6
1751709600000,2025-07-05 12:00:00,0.561,0.5615,0.5579,0.5579,27709.2
1751713200000,2025-07-05 13:00:00,0.5579,0.5615,0.5577,0.5588,14037.0
1751716800000,2025-07-05 14:00:00,0.5588,0.5588,0.5546,0.5567,28850.5
1751720400000,2025-07-05 15:00:00,0.5567,0.558,0.5539,0.5544,25864.1
1751724000000,2025-07-05 16:00:00,0.5544,0.5565,0.5539,0.5564,26863.8
1751727600000,2025-07-05 17:00:00,0.5564,0.5571,0.5538,0.5547,22155.5
1751731200000,2025-07-05 18:00:00,0.5547,0.5578,0.5529,0.5569,30625.2
1751734800000,2025-07-05 19:00:00,0.5569,0.5583,0.5505,0.5526,48672.0
1751738400000,2025-07-05 20:00:00,0.5526,0.5526,0.549,0.5493,45759.5
1751742000000,2025-07-05 21:00:00,0.5493,0.5546,0.5478,0.5541,32596.7
1751745600000,2025-07-05 22:00:00,0.5541,0.558,0.5532,0.5578,17947.4
1751749200000,2025-07-05 23:00:00,0.5578,0.5614,0.5565,0.5593,34946.3
1751752800000,2025-07-06 00:00:00,0.5593,0.561,0.5576,0.5608,12616.9
1751756400000,2025-07-06 01:00:00,0.5608,0.5623,0.5595,0.5597,12840.3
1751760000000,2025-07-06 02:00:00,0.5597,0.5603,0.5574,0.5593,18242.3
1751763600000,2025-07-06 03:00:00,0.5593,0.5605,0.5567,0.5593,21610.8
1751767200000,2025-07-06 04:00:00,0.5593,0.5623,0.5568,0.5568,46231.0
1751770800000,2025-07-06 05:00:00,0.5568,0.5589,0.5562,0.5585,33211.3
1751774400000,2025-07-06 06:00:00,0.5585,0.5614,0.5584,0.5598,57718.6
1751778000000,2025-07-06 07:00:00,0.5598,0.56,0.5575,0.5581,19446.8
1751781600000,2025-07-06 08:00:00,0.5581,0.563,0.5578,0.5622,44574.1
1751785200000,2025-07-06 09:00:00,0.5622,0.5648,0.5594,0.5597,39415.8
1751788800000,2025-07-06 10:00:00,0.5597,0.5621,0.5566,0.5598,83265.0
1751792400000,2025-07-06 11:00:00,0.5598,0.5604,0.5554,0.5554,33923.0
1751796000000,2025-07-06 12:00:00,0.5554,0.5588,0.5554,0.5565,31814.9
1751799600000,2025-07-06 13:00:00,0.5565,0.559,0.556,0.559,14829.3
1751803200000,2025-07-06 14:00:00,0.559,0.5636,0.5573,0.5623,87257.6
1751806800000,2025-07-06 15:00:00,0.5623,0.5715,0.5604,0.5688,130315.4
1751810400000,2025-07-06 16:00:00,0.5688,0.5707,0.5637,0.5665,88573.0
1751814000000,2025-07-06 17:00:00,0.5665,0.5673,0.5635,0.5661,20642.3
1751817600000,2025-07-06 18:00:00,0.5661,0.5702,0.5661,0.5691,32644.8
1751821200000,2025-07-06 19:00:00,0.5691,0.5691,0.5651,0.5667,14017.0
1751824800000,2025-07-06 20:00:00,0.5667,0.5668,0.5596,0.5621,66162.9
1751828400000,2025-07-06 21:00:00,0.5621,0.5647,0.5621,0.5642,17512.4
1751832000000,2025-07-06 22:00:00,0.5642,0.5684,0.5639,0.5665,23310.2
1751835600000,2025-07-06 23:00:00,0.5665,0.575,0.5665,0.5719,72280.3
1751839200000,2025-07-07 00:00:00,0.5719,0.5752,0.5718,0.572,29010.3
1751842800000,2025-07-07 01:00:00,0.572,0.5721,0.5637,0.5662,72121.6
1751846400000,2025-07-07 02:00:00,0.5662,0.5676,0.565,0.5665,49437.3
1751850000000,2025-07-07 03:00:00,0.5665,0.568,0.5646,0.5665,25203.4
1751853600000,2025-07-07 04:00:00,0.5665,0.5739,0.5665,0.5703,33772.0
1751857200000,2025-07-07 05:00:00,0.5703,0.5735,0.5691,0.5694,23814.9
1751860800000,2025-07-07 06:00:00,0.5694,0.5717,0.5679,0.5683,29325.4
1751864400000,2025-07-07 07:00:00,0.5683,0.5702,0.5666,0.5672,26764.1
1751868000000,2025-07-07 08:00:00,0.5672,0.5683,0.5629,0.563,73340.9
1751871600000,2025-07-07 09:00:00,0.563,0.5691,0.5616,0.5691,69754.1
1751875200000,2025-07-07 10:00:00,0.5691,0.57,0.5668,0.5692,20155.4
1751878800000,2025-07-07 11:00:00,0.5692,0.5693,0.5644,0.566,36956.6
1751882400000,2025-07-07 12:00:00,0.566,0.566,0.5619,0.5637,57083.6
1751886000000,2025-07-07 13:00:00,0.5637,0.5647,0.561,0.5627,26754.0
1751889600000,2025-07-07 14:00:00,0.5627,0.5649,0.5586,0.5622,106619.1
1751893200000,2025-07-07 15:00:00,0.5622,0.5683,0.5613,0.5679,96509.7
1751896800000,2025-07-07 16:00:00,0.5679,0.5686,0.5558,0.5567,136630.0
1751900400000,2025-07-07 17:00:00,0.5567,0.5614,0.5567,0.5593,54263.9
1751904000000,2025-07-07 18:00:00,0.5593,0.5616,0.555,0.5564,57509.8
1751907600000,2025-07-07 19:00:00,0.5564,0.5601,0.5549,0.5581,37101.6
1751911200000,2025-07-07 20:00:00,0.5581,0.5592,0.5526,0.5577,25909.8
1751914800000,2025-07-07 21:00:00,0.5577,0.5627,0.5569,0.558,74601.1
1751918400000,2025-07-07 22:00:00,0.558,0.5581,0.5525,0.5542,136116.7
1751922000000,2025-07-07 23:00:00,0.5542,0.5559,0.5475,0.5529,235692.6
1751925600000,2025-07-08 00:00:00,0.5529,0.5547,0.5494,0.5515,46291.5
1751929200000,2025-07-08 01:00:00,0.5515,0.5553,0.5513,0.5553,24308.7
1751932800000,2025-07-08 02:00:00,0.5553,0.5587,0.5518,0.5532,107311.5
1751936400000,2025-07-08 03:00:00,0.5532,0.5532,0.5488,0.5495,31232.0
1751940000000,2025-07-08 04:00:00,0.5495,0.5528,0.5454,0.5507,84470.2
1751943600000,2025-07-08 05:00:00,0.5507,0.5522,0.5497,0.55,20234.5
1751947200000,2025-07-08 06:00:00,0.55,0.5529,0.5479,0.5525,118551.3
1751950800000,2025-07-08 07:00:00,0.5525,0.5536,0.5501,0.5532,55575.3
1751954400000,2025-07-08 08:00:00,0.5532,0.5577,0.5502,0.555,191840.3
1751958000000,2025-07-08 09:00:00,0.555,0.555,0.5514,0.5542,31266.2
1751961600000,2025-07-08 10:00:00,0.5542,0.5566,0.5529,0.5533,66364.9
1751965200000,2025-07-08 11:00:00,0.5533,0.5554,0.5526,0.555,27727.9
1751968800000,2025-07-08 12:00:00,0.555,0.5597,0.554,0.5596,86252.0
1751972400000,2025-07-08 13:00:00,0.5596,0.5622,0.5596,0.5606,38034.5
1751976000000,2025-07-08 14:00:00,0.5606,0.5644,0.5606,0.5644,57755.2
1751979600000,2025-07-08 15:00:00,0.5644,0.5684,0.5608,0.5654,139640.0
1751983200000,2025-07-08 16:00:00,0.5654,0.5655,0.5556,0.5577,96823.0
1751986800000,2025-07-08 17:00:00,0.5577,0.5581,0.5546,0.5565,39323.6
1751990400000,2025-07-08 18:00:00,0.5565,0.5616,0.5555,0.5606,50858.6
1751994000000,2025-07-08 19:00:00,0.5606,0.5705,0.5602,0.5691,110544.0
1751997600000,2025-07-08 20:00:00,0.5691,0.5754,0.5689,0.5754,96882.6
1752001200000,2025-07-08 21:00:00,0.5754,0.5763,0.5703,0.5719,59247.9
1752004800000,2025-07-08 22:00:00,0.5719,0.5726,0.569,0.5715,45190.0
1752008400000,2025-07-08 23:00:00,0.5715,0.5734,0.5702,0.5719,97028.9
1752012000000,2025-07-09 00:00:00,0.5719,0.5736,0.5693,0.5703,16819.0
1752015600000,2025-07-09 01:00:00,0.5703,0.5719,0.5693,0.5712,42259.1
1752019200000,2025-07-09 02:00:00,0.5712,0.5737,0.5689,0.5713,97420.9
1752022800000,2025-07-09 03:00:00,0.5713,0.5743,0.5662,0.5689,237300.5
1752026400000,2025-07-09 04:00:00,0.5689,0.5717,0.5678,0.571,74063.8
1752030000000,2025-07-09 05:00:00,0.571,0.5734,0.5692,0.5697,34447.0
1752033600000,2025-07-09 06:00:00,0.5697,0.5759,0.569,0.5759,38886.9
1752037200000,2025-07-09 07:00:00,0.5759,0.5793,0.573,0.5773,253062.5
1752040800000,2025-07-09 08:00:00,0.5773,0.5792,0.5752,0.579,70272.1
1752044400000,2025-07-09 09:00:00,0.579,0.5803,0.577,0.5797,80708.8
1752048000000,2025-07-09 10:00:00,0.5797,0.5828,0.576,0.5807,272838.8
1752051600000,2025-07-09 11:00:00,0.5807,0.5819,0.5781,0.5798,80977.4
1752055200000,2025-07-09 12:00:00,0.5798,0.5828,0.5789,0.5821,93665.2
1752058800000,2025-07-09 13:00:00,0.5821,0.5845,0.5805,0.5822,193377.5
1752062400000,2025-07-09 14:00:00,0.5822,0.5885,0.5818,0.5852,116143.2
1752066000000,2025-07-09 15:00:00,0.5852,0.5871,0.5818,0.5835,199047.9
1752069600000,2025-07-09 16:00:00,0.5835,0.5876,0.5567,0.5812,917583.5
1752073200000,2025-07-09 17:00:00,0.5812,0.5833,0.5792,0.5805,87662.8
1752076800000,2025-07-09 18:00:00,0.5805,0.5838,0.5805,0.583,56481.6
1752080400000,2025-07-09 19:00:00,0.583,0.5834,0.5783,0.5796,136294.4
1752084000000,2025-07-09 20:00:00,0.5796,0.5893,0.5796,0.5885,87792.8
1752087600000,2025-07-09 21:00:00,0.5885,0.6,0.5877,0.5991,152662.1
1752091200000,2025-07-09 22:00:00,0.5991,0.6011,0.593,0.5988,135791.5
1752094800000,2025-07-09 23:00:00,0.5988,0.6044,0.5979,0.6016,139362.8
1752098400000,2025-07-10 00:00:00,0.6016,0.6064,0.6016,0.6064,46143.9
1752102000000,2025-07-10 01:00:00,0.6064,0.6064,0.6036,0.6042,106410.9
1752105600000,2025-07-10 02:00:00,0.6042,0.6071,0.5997,0.6008,108058.8
1752109200000,2025-07-10 03:00:00,0.6008,0.6053,0.6005,0.6035,61097.0
1752112800000,2025-07-10 04:00:00,0.6035,0.6088,0.6034,0.6075,49410.2
1752116400000,2025-07-10 05:00:00,0.6075,0.6102,0.6066,0.6087,183457.2
1752120000000,2025-07-10 06:00:00,0.6087,0.6089,0.6035,0.6089,76844.5
1752123600000,2025-07-10 07:00:00,0.6089,0.6091,0.6052,0.6058,19997.8
1752127200000,2025-07-10 08:00:00,0.6058,0.6092,0.6044,0.609,141801.8
1752130800000,2025-07-10 09:00:00,0.609,0.6108,0.6075,0.6085,63515.7
1752134400000,2025-07-10 10:00:00,0.6085,0.6093,0.6054,0.609,41775.3
1752138000000,2025-07-10 11:00:00,0.609,0.6103,0.6056,0.6056,54433.3
1752141600000,2025-07-10 12:00:00,0.6056,0.6087,0.6042,0.6077,63526.9
1752145200000,2025-07-10 13:00:00,0.6077,0.6101,0.6053,0.6057,49579.8
1752148800000,2025-07-10 14:00:00,0.6057,0.608,0.6016,0.608,45714.6
1752152400000,2025-07-10 15:00:00,0.608,0.6133,0.6067,0.6078,102934.4
1752156000000,2025-07-10 16:00:00,0.6078,0.6112,0.6029,0.6086,61249.9
1752159600000,2025-07-10 17:00:00,0.6086,0.6091,0.6044,0.6056,43523.3
1752163200000,2025-07-10 18:00:00,0.6056,0.6171,0.6035,0.6157,184575.2
1752166800000,2025-07-10 19:00:00,0.6157,0.6246,0.6146,0.6234,213832.5
1752170400000,2025-07-10 20:00:00,0.6234,0.6264,0.6174,0.6225,150086.1
1752174000000,2025-07-10 21:00:00,0.6225,0.6242,0.6192,0.6205,36325.1
1752177600000,2025-07-10 22:00:00,0.6205,0.628,0.6205,0.6274,90851.7
1752181200000,2025-07-10 23:00:00,0.6274,0.6458,0.6263,0.6441,191739.7
1752184800000,2025-07-11 00:00:00,0.6441,0.6508,0.6439,0.6508,81020.3
1752188400000,2025-07-11 01:00:00,0.6508,0.6528,0.6455,0.6481,78597.8
1752192000000,2025-07-11 02:00:00,0.6481,0.6503,0.6385,0.6472,87415.8
1752195600000,2025-07-11 03:00:00,0.6472,0.6559,0.6456,0.6559,120250.8
1752199200000,2025-07-11 04:00:00,0.6559,0.6617,0.6531,0.66,94961.1
1752202800000,2025-07-11 05:00:00,0.66,0.6655,0.6583,0.6641,73768.1
1752206400000,2025-07-11 06:00:00,0.6641,0.6693,0.6616,0.6693,75344.4
1752210000000,2025-07-11 07:00:00,0.6693,0.6775,0.669,0.6726,93999.3
1752213600000,2025-07-11 08:00:00,0.6726,0.6786,0.6586,0.6602,217538.0
1752217200000,2025-07-11 09:00:00,0.6602,0.6655,0.6545,0.6583,155179.4
1752220800000,2025-07-11 10:00:00,0.6583,0.6702,0.6583,0.6702,66812.7
1752224400000,2025-07-11 11:00:00,0.6702,0.675,0.6647,0.6746,124295.9
1752228000000,2025-07-11 12:00:00,0.6746,0.6761,0.672,0.6734,228057.2
1752231600000,2025-07-11 13:00:00,0.6734,0.6742,0.6653,0.6679,75273.7
1752235200000,2025-07-11 14:00:00,0.6679,0.6748,0.6679,0.674,117332.6
1752238800000,2025-07-11 15:00:00,0.674,0.6784,0.6665,0.6773,281221.8
1752242400000,2025-07-11 16:00:00,0.6773,0.6822,0.6706,0.6744,239952.0
1752246000000,2025-07-11 17:00:00,0.6744,0.6785,0.6577,0.6604,289620.6
1752249600000,2025-07-11 18:00:00,0.6604,0.6679,0.6564,0.6659,464941.2
1752253200000,2025-07-11 19:00:00,0.6659,0.6776,0.6656,0.6771,191994.8
1752256800000,2025-07-11 20:00:00,0.6771,0.6788,0.6711,0.6749,102622.9
1752260400000,2025-07-11 21:00:00,0.6749,0.6788,0.6706,0.6785,56225.5
1752264000000,2025-07-11 22:00:00,0.6785,0.6785,0.666,0.6663,140743.8
1752267600000,2025-07-11 23:00:00,0.6663,0.6689,0.6514,0.6579,423756.3
1752271200000,2025-07-12 00:00:00,0.6579,0.6601,0.641,0.6489,304532.8
1752274800000,2025-07-12 01:00:00,0.6489,0.6575,0.6484,0.6539,147605.9
1752278400000,2025-07-12 02:00:00,0.6539,0.6557,0.6377,0.647,182740.5
1752282000000,2025-07-12 03:00:00,0.647,0.6604,0.647,0.6585,136288.0
1752285600000,2025-07-12 04:00:00,0.6585,0.6629,0.6536,0.6546,81354.8
1752289200000,2025-07-12 05:00:00,0.6546,0.6606,0.654,0.6595,52757.4
1752292800000,2025-07-12 06:00:00,0.6595,0.6602,0.6449,0.6459,133589.9
1752296400000,2025-07-12 07:00:00,0.6459,0.6577,0.6416,0.6539,170521.8
1752300000000,2025-07-12 08:00:00,0.6539,0.662,0.6507,0.6614,88873.2
1752303600000,2025-07-12 09:00:00,0.6614,0.6638,0.6572,0.6612,108782.3
1752307200000,2025-07-12 10:00:00,0.6612,0.6628,0.6511,0.6533,104397.2
1752310800000,2025-07-12 11:00:00,0.6533,0.6615,0.6508,0.6602,114442.6
1752314400000,2025-07-12 12:00:00,0.6602,0.6609,0.6564,0.6593,47082.8
1752318000000,2025-07-12 13:00:00,0.6593,0.6604,0.653,0.6551,109022.2
1752321600000,2025-07-12 14:00:00,0.6551,0.6585,0.6351,0.6441,277433.4
1752325200000,2025-07-12 15:00:00,0.6441,0.6446,0.6311,0.6404,190072.4
1752328800000,2025-07-12 16:00:00,0.6404,0.6448,0.6356,0.6365,102203.0
1752332400000,2025-07-12 17:00:00,0.6365,0.6372,0.6252,0.6297,292533.6
1752336000000,2025-07-12 18:00:00,0.6297,0.6368,0.6257,0.6302,80708.3
1752339600000,2025-07-12 19:00:00,0.6302,0.6425,0.6292,0.6398,64097.3
1752343200000,2025-07-12 20:00:00,0.6398,0.6422,0.6356,0.6406,47185.9
1752346800000,2025-07-12 21:00:00,0.6406,0.6429,0.6383,0.6429,29820.2
1752350400000,2025-07-12 22:00:00,0.6429,0.6429,0.6291,0.6292,64251.2
1752354000000,2025-07-12 23:00:00,0.6292,0.6411,0.6285,0.6394,31474.1
1752357600000,2025-07-13 00:00:00,0.6394,0.6398,0.6329,0.6378,26560.1
1752361200000,2025-07-13 01:00:00,0.6378,0.6428,0.6353,0.6398,65196.4
1752364800000,2025-07-13 02:00:00,0.6398,0.6448,0.6387,0.6421,61002.7
1752368400000,2025-07-13 03:00:00,0.6421,0.6445,0.6392,0.6427,40747.7
1752372000000,2025-07-13 04:00:00,0.6427,0.6433,0.6368,0.6421,30354.6
1752375600000,2025-07-13 05:00:00,0.6421,0.6426,0.6378,0.6398,67069.3
1752379200000,2025-07-13 06:00:00,0.6398,0.6487,0.6363,0.6483,88909.7
1752382800000,2025-07-13 07:00:00,0.6483,0.6527,0.6428,0.6438,362515.9
1752386400000,2025-07-13 08:00:00,0.6438,0.6527,0.6429,0.6476,138877.6
1752390000000,2025-07-13 09:00:00,0.6476,0.6566,0.6463,0.6527,143793.0
1752393600000,2025-07-13 10:00:00,0.6527,0.6564,0.6466,0.651,239266.3
1752397200000,2025-07-13 11:00:00,0.651,0.6546,0.6448,0.6471,89014.5
1752400800000,2025-07-13 12:00:00,0.6471,0.6519,0.6442,0.647,137966.7
1752404400000,2025-07-13 13:00:00,0.647,0.6542,0.6465,0.6542,98727.6
1752408000000,2025-07-13 14:00:00,0.6542,0.6609,0.6485,0.6577,253060.2
1752411600000,2025-07-13 15:00:00,0.6577,0.6634,0.6519,0.6617,133562.0
1752415200000,2025-07-13 16:00:00,0.6617,0.6667,0.6581,0.6618,170715.9
1752418800000,2025-07-13 17:00:00,0.6618,0.6699,0.6598,0.6627,95826.7
1752422400000,2025-07-13 18:00:00,0.6627,0.6681,0.6574,0.6586,88062.3
1752426000000,2025-07-13 19:00:00,0.6586,0.6629,0.6514,0.6615,232338.2
1752429600000,2025-07-13 20:00:00,0.6615,0.668,0.6597,0.666,54203.3
1752433200000,2025-07-13 21:00:00,0.666,0.6675,0.6613,0.6613,48731.8
1752436800000,2025-07-13 22:00:00,0.6613,0.665,0.6562,0.6627,52797.3
1752440400000,2025-07-13 23:00:00,0.6627,0.6627,0.6451,0.6521,143530.2
1752444000000,2025-07-14 00:00:00,0.6521,0.6524,0.6424,0.6477,234274.9
1752447600000,2025-07-14 01:00:00,0.6477,0.652,0.6458,0.6504,69478.8
1752451200000,2025-07-14 02:00:00,0.6504,0.6589,0.6484,0.6537,56836.9
1752454800000,2025-07-14 03:00:00,0.6537,0.659,0.6502,0.6581,74428.4
1752458400000,2025-07-14 04:00:00,0.6581,0.6692,0.6574,0.6649,137015.5
1752462000000,2025-07-14 05:00:00,0.6649,0.6753,0.6639,0.671,134901.7
1752465600000,2025-07-14 06:00:00,0.671,0.6801,0.6684,0.6797,83802.7
1752469200000,2025-07-14 07:00:00,0.6797,0.6823,0.6617,0.6707,198660.4
1752472800000,2025-07-14 08:00:00,0.6707,0.6713,0.6634,0.6661,92582.2
1752476400000,2025-07-14 09:00:00,0.6661,0.6743,0.6627,0.6732,190068.9
1752480000000,2025-07-14 10:00:00,0.6732,0.6737,0.6588,0.6632,100565.9
1752483600000,2025-07-14 11:00:00,0.6632,0.6662,0.6585,0.6616,335649.2
1752487200000,2025-07-14 12:00:00,0.6616,0.6674,0.6545,0.6649,111569.1
1752490800000,2025-07-14 13:00:00,0.6649,0.6671,0.6563,0.6602,106011.4
1752494400000,2025-07-14 14:00:00,0.6602,0.6632,0.6567,0.663,144216.4
1752498000000,2025-07-14 15:00:00,0.663,0.667,0.6575,0.6623,103269.0
1752501600000,2025-07-14 16:00:00,0.6623,0.6657,0.6453,0.6547,269774.1
1752505200000,2025-07-14 17:00:00,0.6547,0.6547,0.6411,0.646,114486.4
1752508800000,2025-07-14 18:00:00,0.646,0.6537,0.6428,0.6527,67708.8
1752512400000,2025-07-14 19:00:00,0.6527,0.6527,0.645,0.6486,49143.1
1752516000000,2025-07-14 20:00:00,0.6486,0.6486,0.6382,0.6391,68331.7
1752519600000,2025-07-14 21:00:00,0.6391,0.643,0.6359,0.6407,159356.1
1752523200000,2025-07-14 22:00:00,0.6407,0.6437,0.6318,0.64,162928.3
1752526800000,2025-07-14 23:00:00,0.64,0.6433,0.6378,0.6406,32044.6
1752530400000,2025-07-15 00:00:00,0.6406,0.6434,0.6386,0.641,72547.7
1752534000000,2025-07-15 01:00:00,0.641,0.6415,0.6363,0.6394,18609.6
1752537600000,2025-07-15 02:00:00,0.6394,0.6434,0.6301,0.6313,146863.2
1752541200000,2025-07-15 03:00:00,0.6313,0.6375,0.6253,0.6288,205995.6
1752544800000,2025-07-15 04:00:00,0.6288,0.6325,0.6219,0.6246,131992.6
1752548400000,2025-07-15 05:00:00,0.6246,0.6252,0.6154,0.6205,258052.4
1752552000000,2025-07-15 06:00:00,0.6205,0.6265,0.6142,0.6246,84440.6
1752555600000,2025-07-15 07:00:00,0.6246,0.626,0.6219,0.6248,42833.4
1752559200000,2025-07-15 08:00:00,0.6248,0.6305,0.6212,0.6258,73820.9
1752562800000,2025-07-15 09:00:00,0.6258,0.6293,0.6224,0.6243,36206.6
1752566400000,2025-07-15 10:00:00,0.6243,0.6247,0.6163,0.622,125678.5
1752570000000,2025-07-15 11:00:00,0.622,0.6266,0.6196,0.6222,140474.1
1752573600000,2025-07-15 12:00:00,0.6222,0.6247,0.6198,0.6231,68647.3
1752577200000,2025-07-15 13:00:00,0.6231,0.6244,0.6168,0.6238,111283.0
1752580800000,2025-07-15 14:00:00,0.6238,0.6302,0.6157,0.6264,259733.5
1752584400000,2025-07-15 15:00:00,0.6264,0.6373,0.6252,0.6341,131173.8
1752588000000,2025-07-15 16:00:00,0.6341,0.6378,0.6152,0.6179,168778.4
1752591600000,2025-07-15 17:00:00,0.6179,0.6345,0.6161,0.6329,124439.1
1752595200000,2025-07-15 18:00:00,0.6329,0.6424,0.6317,0.6378,98021.1
1752598800000,2025-07-15 19:00:00,0.6378,0.6495,0.6351,0.6495,124906.5
1752602400000,2025-07-15 20:00:00,0.6495,0.6584,0.6371,0.6435,614574.5
1752606000000,2025-07-15 21:00:00,0.6435,0.6517,0.636,0.6388,203139.2
1752609600000,2025-07-15 22:00:00,0.6388,0.646,0.6363,0.6429,73479.5
1752613200000,2025-07-15 23:00:00,0.6429,0.6556,0.6426,0.6512,100951.8
1752616800000,2025-07-16 00:00:00,0.6512,0.6536,0.6479,0.6536,28983.7
1752620400000,2025-07-16 01:00:00,0.6536,0.6622,0.6536,0.6605,74560.5
1752624000000,2025-07-16 02:00:00,0.6605,0.6695,0.6595,0.6695,140275.9
1752627600000,2025-07-16 03:00:00,0.6695,0.6708,0.6666,0.6696,112994.3
1752631200000,2025-07-16 04:00:00,0.6696,0.6696,0.6535,0.6568,115321.0
1752634800000,2025-07-16 05:00:00,0.6568,0.6603,0.655,0.6581,37163.8
1752638400000,2025-07-16 06:00:00,0.6581,0.6599,0.6515,0.6598,36625.0
1752642000000,2025-07-16 07:00:00,0.6598,0.6653,0.6596,0.664,55137.8
1752645600000,2025-07-16 08:00:00,0.664,0.669,0.6603,0.6688,39733.8
1752649200000,2025-07-16 09:00:00,0.6688,0.6758,0.6656,0.6733,159910.1
1752652800000,2025-07-16 10:00:00,0.6733,0.6745,0.6652,0.6673,187585.5
1752656400000,2025-07-16 11:00:00,0.6673,0.6707,0.6623,0.6654,42489.3
1752660000000,2025-07-16 12:00:00,0.6654,0.6656,0.6603,0.6621,59853.7
1752663600000,2025-07-16 13:00:00,0.6621,0.6662,0.6615,0.6651,25698.8
1752667200000,2025-07-16 14:00:00,0.6651,0.6708,0.6631,0.6663,88665.6
1752670800000,2025-07-16 15:00:00,0.6663,0.6696,0.6574,0.6646,114582.5
1752674400000,2025-07-16 16:00:00,0.6646,0.674,0.6589,0.6721,187949.7
1752678000000,2025-07-16 17:00:00,0.6721,0.6752,0.6617,0.6677,132995.2
1752681600000,2025-07-16 18:00:00,0.6677,0.6786,0.6662,0.6786,68496.1
1752685200000,2025-07-16 19:00:00,0.6786,0.6819,0.6746,0.6802,99901.4
1752688800000,2025-07-16 20:00:00,0.6802,0.6844,0.6782,0.6784,126426.0
1752692400000,2025-07-16 21:00:00,0.6784,0.6797,0.6725,0.6768,52454.9
1752696000000,2025-07-16 22:00:00,0.6768,0.6922,0.6768,0.6861,317130.3
1752699600000,2025-07-16 23:00:00,0.6861,0.6933,0.6832,0.6892,81726.1
1752703200000,2025-07-17 00:00:00,0.6892,0.6925,0.6773,0.6808,140270.8
1752706800000,2025-07-17 01:00:00,0.6808,0.6815,0.6715,0.6764,119694.0
1752710400000,2025-07-17 02:00:00,0.6764,0.6853,0.6738,0.6761,60269.1
1752714000000,2025-07-17 03:00:00,0.6761,0.6799,0.6582,0.6666,210859.5
1752717600000,2025-07-17 04:00:00,0.6666,0.6712,0.6635,0.6682,33059.7
1752721200000,2025-07-17 05:00:00,0.6682,0.6685,0.6531,0.6592,96335.2
1752724800000,2025-07-17 06:00:00,0.6592,0.6656,0.6561,0.6647,63663.8
1752728400000,2025-07-17 07:00:00,0.6647,0.6733,0.6606,0.6733,130155.4
1752732000000,2025-07-17 08:00:00,0.6733,0.6815,0.6667,0.678,97472.0
1752735600000,2025-07-17 09:00:00,0.678,0.6813,0.6705,0.6791,107963.9
1752739200000,2025-07-17 10:00:00,0.6791,0.684,0.6763,0.6829,61711.7
1752742800000,2025-07-17 11:00:00,0.6829,0.6921,0.681,0.6879,105675.3
1752746400000,2025-07-17 12:00:00,0.6879,0.6939,0.684,0.689,281763.4
1752750000000,2025-07-17 13:00:00,0.689,0.6913,0.6814,0.6854,231819.6
1752753600000,2025-07-17 14:00:00,0.6854,0.6921,0.6798,0.6901,169554.5
1752757200000,2025-07-17 15:00:00,0.6901,0.693,0.6726,0.6847,204417.4
1752760800000,2025-07-17 16:00:00,0.6847,0.6886,0.6778,0.6857,103653.2
1752764400000,2025-07-17 17:00:00,0.6857,0.687,0.673,0.6802,208081.9
1752768000000,2025-07-17 18:00:00,0.6802,0.6831,0.661,0.6698,367432.5
1752771600000,2025-07-17 19:00:00,0.6698,0.6788,0.6678,0.6784,142635.0
1752775200000,2025-07-17 20:00:00,0.6784,0.6801,0.6745,0.677,65597.5
1752778800000,2025-07-17 21:00:00,0.677,0.6799,0.6635,0.6645,128550.4
1752782400000,2025-07-17 22:00:00,0.6645,0.6679,0.6555,0.6663,253878.0
1752786000000,2025-07-17 23:00:00,0.6663,0.6856,0.6663,0.6763,88564.3
1752789600000,2025-07-18 00:00:00,0.6763,0.6874,0.6746,0.6819,118556.9
1752793200000,2025-07-18 01:00:00,0.6819,0.694,0.6783,0.6818,212358.2
1752796800000,2025-07-18 02:00:00,0.6818,0.6983,0.6773,0.6981,178166.4
1752800400000,2025-07-18 03:00:00,0.6981,0.7093,0.696,0.7078,417509.6
1752804000000,2025-07-18 04:00:00,0.7078,0.7089,0.6976,0.7059,169951.5
1752807600000,2025-07-18 05:00:00,0.7059,0.7099,0.7014,0.7077,67516.9
1752811200000,2025-07-18 06:00:00,0.7077,0.7269,0.7041,0.7269,208744.4
1752814800000,2025-07-18 07:00:00,0.7269,0.7378,0.7213,0.7372,223660.8
1752818400000,2025-07-18 08:00:00,0.7372,0.7401,0.7238,0.7365,273488.9
1752822000000,2025-07-18 09:00:00,0.7365,0.7429,0.7262,0.7283,281874.8
1752825600000,2025-07-18 10:00:00,0.7283,0.7367,0.7187,0.7262,168054.7
1752829200000,2025-07-18 11:00:00,0.7262,0.7279,0.7193,0.7243,70312.4
1752832800000,2025-07-18 12:00:00,0.7243,0.7246,0.7129,0.7234,130484.6
1752836400000,2025-07-18 13:00:00,0.7234,0.7246,0.7089,0.7152,87624.2
1752840000000,2025-07-18 14:00:00,0.7152,0.7288,0.7152,0.7288,119183.6
1752843600000,2025-07-18 15:00:00,0.7288,0.7323,0.7194,0.7261,157590.5
1752847200000,2025-07-18 16:00:00,0.7261,0.7321,0.7018,0.7111,237565.8
1752850800000,2025-07-18 17:00:00,0.7111,0.7149,0.6929,0.698,165825.2
1752854400000,2025-07-18 18:00:00,0.698,0.7084,0.6951,0.7009,152742.8
1752858000000,2025-07-18 19:00:00,0.7009,0.7111,0.6977,0.7079,62522.3
1752861600000,2025-07-18 20:00:00,0.7079,0.7086,0.6928,0.694,72119.6
1752865200000,2025-07-18 21:00:00,0.694,0.6996,0.6866,0.6926,100004.1
1752868800000,2025-07-18 22:00:00,0.6926,0.6938,0.673,0.6855,177835.8
1752872400000,2025-07-18 23:00:00,0.6855,0.696,0.6845,0.6905,50502.1
1752876000000,2025-07-19 00:00:00,0.6905,0.7084,0.6851,0.7005,1670012.4
1752879600000,2025-07-19 01:00:00,0.7005,0.7079,0.6959,0.7054,617080.4
1752883200000,2025-07-19 02:00:00,0.7054,0.7087,0.6865,0.6872,276893.7
1752886800000,2025-07-19 03:00:00,0.6872,0.6952,0.6791,0.6929,357301.3
1752890400000,2025-07-19 04:00:00,0.6929,0.7004,0.6886,0.7,112538.7
1752894000000,2025-07-19 05:00:00,0.7,0.7109,0.6982,0.7104,90285.3
1752897600000,2025-07-19 06:00:00,0.7104,0.72,0.708,0.7175,320945.4
1752901200000,2025-07-19 07:00:00,0.7175,0.7192,0.7033,0.7081,696595.4
1752904800000,2025-07-19 08:00:00,0.7081,0.7099,0.702,0.7056,118915.0
1752908400000,2025-07-19 09:00:00,0.7056,0.7111,0.6996,0.7012,242960.5
1752912000000,2025-07-19 10:00:00,0.7012,0.7031,0.694,0.6958,153913.7
1752915600000,2025-07-19 11:00:00,0.6958,0.702,0.6915,0.694,304846.3
1752919200000,2025-07-19 12:00:00,0.694,0.6999,0.6913,0.6945,111997.8
1752922800000,2025-07-19 13:00:00,0.6945,0.6972,0.684,0.6914,261960.4
1752926400000,2025-07-19 14:00:00,0.6914,0.6945,0.6859,0.6931,130433.1
1752930000000,2025-07-19 15:00:00,0.6931,0.6937,0.6868,0.6892,51080.3
1752933600000,2025-07-19 16:00:00,0.6892,0.6909,0.6801,0.6807,117356.4
1752937200000,2025-07-19 17:00:00,0.6807,0.6945,0.6803,0.6897,93219.8
1752940800000,2025-07-19 18:00:00,0.6897,0.6977,0.686,0.6945,141004.9
1752944400000,2025-07-19 19:00:00,0.6945,0.6948,0.6881,0.6922,48385.1
1752948000000,2025-07-19 20:00:00,0.6922,0.7029,0.6911,0.7006,244352.2
1752951600000,2025-07-19 21:00:00,0.7006,0.7321,0.7002,0.7244,924831.6
1752955200000,2025-07-19 22:00:00,0.7244,0.7249,0.7143,0.7159,340682.2
1752958800000,2025-07-19 23:00:00,0.7159,0.7197,0.7056,0.713,201437.7
1752962400000,2025-07-20 00:00:00,0.713,0.7223,0.7106,0.722,197682.4
1752966000000,2025-07-20 01:00:00,0.722,0.7271,0.7197,0.7264,65149.9
1752969600000,2025-07-20 02:00:00,0.7264,0.7308,0.7224,0.7272,137921.8
1752973200000,2025-07-20 03:00:00,0.7272,0.7329,0.7241,0.7248,88745.0
1752976800000,2025-07-20 04:00:00,0.7248,0.7295,0.7227,0.7255,73230.2
1752980400000,2025-07-20 05:00:00,0.7255,0.7377,0.7236,0.7353,161852.7
1752984000000,2025-07-20 06:00:00,0.7353,0.7405,0.7306,0.7333,107442.0
1752987600000,2025-07-20 07:00:00,0.7333,0.7445,0.7304,0.7427,95290.5
1752991200000,2025-07-20 08:00:00,0.7427,0.7583,0.7389,0.7455,433776.0
1752994800000,2025-07-20 09:00:00,0.7455,0.7577,0.7441,0.7523,196918.3
1752998400000,2025-07-20 10:00:00,0.7523,0.7704,0.7505,0.767,697374.0
1753002000000,2025-07-20 11:00:00,0.767,0.7728,0.7569,0.7678,533439.5
1753005600000,2025-07-20 12:00:00,0.7678,0.7706,0.7591,0.7605,368417.6
1753009200000,2025-07-20 13:00:00,0.7605,0.7692,0.7589,0.7647,228410.3
1753012800000,2025-07-20 14:00:00,0.7647,0.766,0.7513,0.7603,281043.0
1753016400000,2025-07-20 15:00:00,0.7603,0.7672,0.758,0.7658,172482.7
1753020000000,2025-07-20 16:00:00,0.7658,0.7658,0.7539,0.7608,160604.8
1753023600000,2025-07-20 17:00:00,0.7608,0.776,0.7581,0.7725,139094.7
1753027200000,2025-07-20 18:00:00,0.7725,0.7758,0.7636,0.7647,378405.8
1753030800000,2025-07-20 19:00:00,0.7647,0.7649,0.7518,0.7543,425777.2
1753034400000,2025-07-20 20:00:00,0.7543,0.7594,0.7521,0.7574,121182.9
1753038000000,2025-07-20 21:00:00,0.7574,0.7608,0.7558,0.756,60963.5
1753041600000,2025-07-20 22:00:00,0.756,0.7577,0.7481,0.7529,111858.9
1753045200000,2025-07-20 23:00:00,0.7529,0.755,0.738,0.7545,265452.4
1753048800000,2025-07-21 00:00:00,0.7545,0.755,0.7318,0.7462,204506.7
1753052400000,2025-07-21 01:00:00,0.7462,0.7512,0.7397,0.7455,136921.7
1753056000000,2025-07-21 02:00:00,0.7455,0.7455,0.7284,0.7415,316533.6
1753059600000,2025-07-21 03:00:00,0.7415,0.7452,0.7289,0.744,131281.7
1753063200000,2025-07-21 04:00:00,0.744,0.7546,0.7431,0.7546,127911.5
1753066800000,2025-07-21 05:00:00,0.7546,0.764,0.7534,0.7633,69643.4
1753070400000,2025-07-21 06:00:00,0.7633,0.7639,0.7571,0.7608,63179.8
1753074000000,2025-07-21 07:00:00,0.7608,0.7614,0.755,0.7592,56777.9
1753077600000,2025-07-21 08:00:00,0.7592,0.767,0.7579,0.7649,91362.3
1753081200000,2025-07-21 09:00:00,0.7649,0.772,0.7641,0.7689,137296.2
1753084800000,2025-07-21 10:00:00,0.7689,0.7771,0.764,0.7692,222654.0
1753088400000,2025-07-21 11:00:00,0.7692,0.7706,0.7615,0.7676,68556.6
1753092000000,2025-07-21 12:00:00,0.7676,0.769,0.7583,0.7687,38608.0
1753095600000,2025-07-21 13:00:00,0.7687,0.7773,0.7675,0.7678,141796.2
1753099200000,2025-07-21 14:00:00,0.7678,0.77,0.763,0.7677,145961.7
1753102800000,2025-07-21 15:00:00,0.7677,0.7748,0.7598,0.7726,77085.7
1753106400000,2025-07-21 16:00:00,0.7726,0.7837,0.7656,0.7778,199761.9
1753110000000,2025-07-21 17:00:00,0.7778,0.7821,0.7637,0.7664,264804.1
1753113600000,2025-07-21 18:00:00,0.7664,0.7682,0.7468,0.7536,372010.7
1753117200000,2025-07-21 19:00:00,0.7536,0.7602,0.7518,0.7589,89437.4
1753120800000,2025-07-21 20:00:00,0.7589,0.7664,0.7521,0.7544,82923.5
1753124400000,2025-07-21 21:00:00,0.7544,0.7606,0.7429,0.7465,174975.3
1753128000000,2025-07-21 22:00:00,0.7465,0.7531,0.7436,0.7468,64506.5
1753131600000,2025-07-21 23:00:00,0.7468,0.751,0.7416,0.7482,53237.1
1753135200000,2025-07-22 00:00:00,0.7482,0.7583,0.7478,0.7554,59339.6
1753138800000,2025-07-22 01:00:00,0.7554,0.7626,0.752,0.7555,29908.3
1753142400000,2025-07-22 02:00:00,0.7555,0.7578,0.7436,0.7442,105777.8
1753146000000,2025-07-22 03:00:00,0.7442,0.7622,0.7288,0.7597,288811.5
1753149600000,2025-07-22 04:00:00,0.7597,0.7618,0.7416,0.7441,151615.4
1753153200000,2025-07-22 05:00:00,0.7441,0.7478,0.7336,0.7402,108638.2
1753156800000,2025-07-22 06:00:00,0.7402,0.7436,0.7221,0.7228,160519.8
1753160400000,2025-07-22 07:00:00,0.7228,0.7349,0.7171,0.7275,374099.0
1753164000000,2025-07-22 08:00:00,0.7275,0.7335,0.7232,0.7268,203669.3
1753167600000,2025-07-22 09:00:00,0.7268,0.7341,0.7194,0.7207,121186.1
1753171200000,2025-07-22 10:00:00,0.7207,0.721,0.7053,0.7137,406628.1
1753174800000,2025-07-22 11:00:00,0.7137,0.7191,0.7045,0.716,114020.4
1753178400000,2025-07-22 12:00:00,0.716,0.7278,0.7152,0.7277,172368.2
1753182000000,2025-07-22 13:00:00,0.7277,0.7278,0.7154,0.7219,234579.5
1753185600000,2025-07-22 14:00:00,0.7219,0.7247,0.7183,0.7201,73498.1
1753189200000,2025-07-22 15:00:00,0.7201,0.7264,0.7091,0.7127,180009.5
1753192800000,2025-07-22 16:00:00,0.7127,0.7251,0.7046,0.7251,189707.7
1753196400000,2025-07-22 17:00:00,0.7251,0.7308,0.7189,0.7212,116315.6
1753200000000,2025-07-22 18:00:00,0.7212,0.7322,0.7188,0.7257,93034.9
1753203600000,2025-07-22 19:00:00,0.7257,0.7258,0.7134,0.7189,104906.9
1753207200000,2025-07-22 20:00:00,0.7189,0.7327,0.7139,0.7283,133999.9
1753210800000,2025-07-22 21:00:00,0.7283,0.7301,0.712,0.7155,96262.7
1753214400000,2025-07-22 22:00:00,0.7155,0.7289,0.7135,0.7269,75435.6
1753218000000,2025-07-22 23:00:00,0.7269,0.7299,0.723,0.7282,34468.7
1753221600000,2025-07-23 00:00:00,0.7282,0.7328,0.7276,0.7299,25359.3
1753225200000,2025-07-23 01:00:00,0.7299,0.7389,0.7298,0.7378,77381.1
1753228800000,2025-07-23 02:00:00,0.7378,0.7392,0.7261,0.7261,52204.7
1753232400000,2025-07-23 03:00:00,0.7261,0.729,0.7199,0.7277,72941.7
1753236000000,2025-07-23 04:00:00,0.7277,0.729,0.7222,0.7258,67900.8
1753239600000,2025-07-23 05:00:00,0.7258,0.7318,0.7233,0.7243,45494.4
1753243200000,2025-07-23 06:00:00,0.7243,0.7353,0.7234,0.735,54888.3
1753246800000,2025-07-23 07:00:00,0.735,0.7353,0.7291,0.7301,91741.5
1753250400000,2025-07-23 08:00:00,0.7301,0.731,0.7202,0.7237,57038.3
1753254000000,2025-07-23 09:00:00,0.7237,0.7288,0.7171,0.7216,64462.2
1753257600000,2025-07-23 10:00:00,0.7216,0.7256,0.7183,0.7254,216051.1
1753261200000,2025-07-23 11:00:00,0.7254,0.7267,0.7091,0.7093,162534.6
1753264800000,2025-07-23 12:00:00,0.7093,0.7108,0.7034,0.7064,171870.8
1753268400000,2025-07-23 13:00:00,0.7064,0.7073,0.7009,0.7061,110567.7
1753272000000,2025-07-23 14:00:00,0.7061,0.7084,0.6869,0.6897,227777.5
1753275600000,2025-07-23 15:00:00,0.6897,0.694,0.67,0.6773,627512.9
1753279200000,2025-07-23 16:00:00,0.6773,0.6866,0.675,0.6835,299060.5
1753282800000,2025-07-23 17:00:00,0.6835,0.6898,0.6763,0.687,115349.1
1753286400000,2025-07-23 18:00:00,0.687,0.687,0.6684,0.6695,182707.5
1753290000000,2025-07-23 19:00:00,0.6695,0.6731,0.6562,0.6661,290431.2
1753293600000,2025-07-23 20:00:00,0.6661,0.6736,0.6661,0.6731,86821.6
1753297200000,2025-07-23 21:00:00,0.6731,0.6736,0.6662,0.6672,93489.1
1753300800000,2025-07-23 22:00:00,0.6672,0.6698,0.6451,0.6538,461582.8
1753304400000,2025-07-23 23:00:00,0.6538,0.6579,0.636,0.6547,234407.2
1753308000000,2025-07-24 00:00:00,0.6547,0.663,0.6496,0.6584,98126.1
1753311600000,2025-07-24 01:00:00,0.6584,0.6638,0.6584,0.6598,33445.7
1753315200000,2025-07-24 02:00:00,0.6598,0.6661,0.6548,0.6654,93071.7
1753318800000,2025-07-24 03:00:00,0.6654,0.667,0.6565,0.6668,121545.4
1753322400000,2025-07-24 04:00:00,0.6668,0.6683,0.6603,0.6645,74470.0
1753326000000,2025-07-24 05:00:00,0.6645,0.6722,0.6633,0.6634,73268.3
1753329600000,2025-07-24 06:00:00,0.6634,0.6657,0.6493,0.6506,223620.2
1753333200000,2025-07-24 07:00:00,0.6506,0.6508,0.6281,0.6289,179376.1
1753336800000,2025-07-24 08:00:00,0.6289,0.6396,0.6105,0.6171,333271.7
1753340400000,2025-07-24 09:00:00,0.6171,0.6348,0.6106,0.6346,166761.9
1753344000000,2025-07-24 10:00:00,0.6346,0.6429,0.6295,0.6388,170478.3
1753347600000,2025-07-24 11:00:00,0.6388,0.6435,0.6366,0.6405,107277.8
1753351200000,2025-07-24 12:00:00,0.6405,0.6435,0.6298,0.6387,121199.1
1753354800000,2025-07-24 13:00:00,0.6387,0.6513,0.6383,0.6502,96013.8
1753358400000,2025-07-24 14:00:00,0.6502,0.651,0.6408,0.6432,122938.3
1753362000000,2025-07-24 15:00:00,0.6432,0.6489,0.6389,0.6393,84828.8
1753365600000,2025-07-24 16:00:00,0.6393,0.663,0.635,0.6622,437793.3
1753369200000,2025-07-24 17:00:00,0.6622,0.6656,0.652,0.6551,163358.1
1753372800000,2025-07-24 18:00:00,0.6551,0.6561,0.6381,0.6404,120220.8
1753376400000,2025-07-24 19:00:00,0.6404,0.6577,0.6393,0.6538,148604.5
1753380000000,2025-07-24 20:00:00,0.6538,0.6589,0.6504,0.6574,77745.1
1753383600000,2025-07-24 21:00:00,0.6574,0.6598,0.6506,0.6513,88396.3
1753387200000,2025-07-24 22:00:00,0.6513,0.6559,0.6496,0.654,37842.4
1753390800000,2025-07-24 23:00:00,0.654,0.6545,0.6455,0.6474,74658.4
1753394400000,2025-07-25 00:00:00,0.6474,0.6496,0.6408,0.6452,66753.0
1753398000000,2025-07-25 01:00:00,0.6452,0.6452,0.6345,0.6375,76326.8
1753401600000,2025-07-25 02:00:00,0.6375,0.6378,0.6237,0.6279,142936.0
1753405200000,2025-07-25 03:00:00,0.6279,0.6386,0.6253,0.6368,96364.8
1753408800000,2025-07-25 04:00:00,0.6368,0.6394,0.6224,0.6243,104127.3
1753412400000,2025-07-25 05:00:00,0.6243,0.6303,0.6138,0.6233,176370.5
1753416000000,2025-07-25 06:00:00,0.6233,0.6312,0.6162,0.6307,159808.9
1753419600000,2025-07-25 07:00:00,0.6307,0.6312,0.6208,0.6227,75225.2
1753423200000,2025-07-25 08:00:00,0.6227,0.6308,0.6176,0.6263,68860.9
1753426800000,2025-07-25 09:00:00,0.6263,0.6319,0.6174,0.6253,134573.9
1753430400000,2025-07-25 10:00:00,0.6253,0.6345,0.624,0.6284,96447.2
1753434000000,2025-07-25 11:00:00,0.6284,0.6433,0.6262,0.6427,323912.4
1753437600000,2025-07-25 12:00:00,0.6427,0.6453,0.6385,0.6422,70532.2
1753441200000,2025-07-25 13:00:00,0.6422,0.6464,0.6402,0.6439,82084.7
1753444800000,2025-07-25 14:00:00,0.6439,0.6477,0.6386,0.6417,73431.6
1753448400000,2025-07-25 15:00:00,0.6417,0.6438,0.6344,0.6414,99588.5
1753452000000,2025-07-25 16:00:00,0.6414,0.6417,0.6244,0.6244,193787.2
1753455600000,2025-07-25 17:00:00,0.6244,0.6314,0.6189,0.6271,249210.3
1753459200000,2025-07-25 18:00:00,0.6271,0.6315,0.6212,0.6304,221022.8
1753462800000,2025-07-25 19:00:00,0.6304,0.6338,0.6254,0.6281,81010.9
1753466400000,2025-07-25 20:00:00,0.6281,0.6343,0.628,0.6322,80776.0
1753470000000,2025-07-25 21:00:00,0.6322,0.6343,0.6281,0.6296,82147.4
1753473600000,2025-07-25 22:00:00,0.6296,0.6425,0.6295,0.6392,154952.6
1753477200000,2025-07-25 23:00:00,0.6392,0.6449,0.6392,0.6435,96018.4
1753480800000,2025-07-26 00:00:00,0.6435,0.6485,0.6435,0.6482,109760.0
1753484400000,2025-07-26 01:00:00,0.6482,0.6482,0.646,0.6481,48598.1
1753488000000,2025-07-26 02:00:00,0.6481,0.6501,0.6457,0.6483,50013.0
1753491600000,2025-07-26 03:00:00,0.6483,0.6488,0.6432,0.6435,31902.9
1753495200000,2025-07-26 04:00:00,0.6435,0.6519,0.6425,0.6483,69341.5
1753498800000,2025-07-26 05:00:00,0.6483,0.6489,0.645,0.6475,28488.5
1753502400000,2025-07-26 06:00:00,0.6475,0.6494,0.6461,0.6478,37920.1
1753506000000,2025-07-26 07:00:00,0.6478,0.6504,0.6454,0.6495,42208.7
1753509600000,2025-07-26 08:00:00,0.6495,0.6495,0.6461,0.6472,45591.3
1753513200000,2025-07-26 09:00:00,0.6472,0.65,0.6466,0.6486,40313.6
1753516800000,2025-07-26 10:00:00,0.6486,0.6538,0.6483,0.651,65533.2
1753520400000,2025-07-26 11:00:00,0.651,0.6525,0.6496,0.6525,37417.9
1753524000000,2025-07-26 12:00:00,0.6525,0.6556,0.6515,0.6535,54049.1
1753527600000,2025-07-26 13:00:00,0.6535,0.6577,0.6512,0.6515,60051.2
1753531200000,2025-07-26 14:00:00,0.6515,0.6536,0.6484,0.6521,59394.1
1753534800000,2025-07-26 15:00:00,0.6521,0.6558,0.6503,0.6529,44892.2
1753538400000,2025-07-26 16:00:00,0.6529,0.6538,0.6477,0.6488,49273.9
1753542000000,2025-07-26 17:00:00,0.6488,0.6514,0.6461,0.6514,31495.3
1753545600000,2025-07-26 18:00:00,0.6514,0.6532,0.6484,0.6506,52188.2
1753549200000,2025-07-26 19:00:00,0.6506,0.6518,0.6476,0.65,30317.2
1753552800000,2025-07-26 20:00:00,0.65,0.6569,0.6463,0.6551,85322.6
1753556400000,2025-07-26 21:00:00,0.6551,0.6608,0.6549,0.6587,117172.3
1753560000000,2025-07-26 22:00:00,0.6587,0.6588,0.6559,0.6565,32832.5
1753563600000,2025-07-26 23:00:00,0.6565,0.6572,0.6521,0.6568,22997.1
1753567200000,2025-07-27 00:00:00,0.6568,0.6621,0.6538,0.654,28300.9
1753570800000,2025-07-27 01:00:00,0.654,0.6555,0.6458,0.6475,58844.5
1753574400000,2025-07-27 02:00:00,0.6475,0.6495,0.6461,0.6491,39229.1
1753578000000,2025-07-27 03:00:00,0.6491,0.6537,0.6477,0.6515,36181.4
1753581600000,2025-07-27 04:00:00,0.6515,0.6601,0.6504,0.6588,60612.8
1753585200000,2025-07-27 05:00:00,0.6588,0.6603,0.6545,0.6553,42041.7
1753588800000,2025-07-27 06:00:00,0.6553,0.66,0.6549,0.6594,20231.0
1753592400000,2025-07-27 07:00:00,0.6594,0.6625,0.6582,0.661,37987.7
1753596000000,2025-07-27 08:00:00,0.661,0.6622,0.6536,0.6557,77591.6
1753599600000,2025-07-27 09:00:00,0.6557,0.6602,0.6548,0.6566,46011.8
1753603200000,2025-07-27 10:00:00,0.6566,0.6577,0.652,0.6538,107675.3
1753606800000,2025-07-27 11:00:00,0.6538,0.6551,0.6497,0.6512,43714.3
1753610400000,2025-07-27 12:00:00,0.6512,0.6641,0.65,0.6634,73328.1
1753614000000,2025-07-27 13:00:00,0.6634,0.6674,0.6574,0.6583,79008.5
1753617600000,2025-07-27 14:00:00,0.6583,0.6639,0.6547,0.6639,91025.1
1753621200000,2025-07-27 15:00:00,0.6639,0.6672,0.6593,0.6605,65186.7
1753624800000,2025-07-27 16:00:00,0.6605,0.664,0.6562,0.6587,35640.8
1753628400000,2025-07-27 17:00:00,0.6587,0.6622,0.6538,0.6622,95202.8
1753632000000,2025-07-27 18:00:00,0.6622,0.6719,0.6622,0.6646,123719.6
1753635600000,2025-07-27 19:00:00,0.6646,0.6694,0.6621,0.6689,51347.4
1753639200000,2025-07-27 20:00:00,0.6689,0.675,0.6687,0.6721,154271.9
1753642800000,2025-07-27 21:00:00,0.6721,0.6735,0.6681,0.6719,74494.6
1753646400000,2025-07-27 22:00:00,0.6719,0.6749,0.6695,0.6702,83775.9
1753650000000,2025-07-27 23:00:00,0.6702,0.6743,0.6675,0.6743,44265.8
1753653600000,2025-07-28 00:00:00,0.6743,0.6812,0.6743,0.6789,87265.9
1753657200000,2025-07-28 01:00:00,0.6789,0.6798,0.6745,0.6788,30505.2
1753660800000,2025-07-28 02:00:00,0.6788,0.6878,0.6783,0.6802,132652.7
1753664400000,2025-07-28 03:00:00,0.6802,0.6802,0.6681,0.6691,68813.7
1753668000000,2025-07-28 04:00:00,0.6691,0.6893,0.6685,0.6866,130873.2
1753671600000,2025-07-28 05:00:00,0.6866,0.6879,0.6824,0.6853,37636.2
1753675200000,2025-07-28 06:00:00,0.6853,0.6948,0.6833,0.6924,207739.5
1753678800000,2025-07-28 07:00:00,0.6924,0.6986,0.691,0.695,113756.9
1753682400000,2025-07-28 08:00:00,0.695,0.6996,0.6937,0.6955,86963.1
1753686000000,2025-07-28 09:00:00,0.6955,0.696,0.6857,0.6922,98758.6
1753689600000,2025-07-28 10:00:00,0.6922,0.6939,0.687,0.6928,47390.9
1753693200000,2025-07-28 11:00:00,0.6928,0.6978,0.6893,0.697,123966.3
1753696800000,2025-07-28 12:00:00,0.697,0.6973,0.6884,0.6894,57551.2
1753700400000,2025-07-28 13:00:00,0.6894,0.69,0.6813,0.6847,53998.0
1753704000000,2025-07-28 14:00:00,0.6847,0.686,0.6793,0.6805,66969.9
1753707600000,2025-07-28 15:00:00,0.6805,0.6815,0.6677,0.67,218713.9
1753711200000,2025-07-28 16:00:00,0.67,0.6728,0.6567,0.6594,196356.3
1753714800000,2025-07-28 17:00:00,0.6594,0.6639,0.6469,0.6549,233521.5
1753718400000,2025-07-28 18:00:00,0.6549,0.6581,0.6502,0.6541,90932.2
1753722000000,2025-07-28 19:00:00,0.6541,0.6555,0.6479,0.6493,59975.0
1753725600000,2025-07-28 20:00:00,0.6493,0.6502,0.638,0.641,138666.8
1753729200000,2025-07-28 21:00:00,0.641,0.6465,0.636,0.641,71182.6
1753732800000,2025-07-28 22:00:00,0.641,0.6422,0.6285,0.6337,147791.7
1753736400000,2025-07-28 23:00:00,0.6337,0.6387,0.6282,0.6322,70824.6
1753740000000,2025-07-29 00:00:00,0.6322,0.6352,0.6253,0.6313,72207.1
1753743600000,2025-07-29 01:00:00,0.6313,0.6336,0.6286,0.6334,46697.8
1753747200000,2025-07-29 02:00:00,0.6334,0.6365,0.6204,0.6306,166135.4
1753750800000,2025-07-29 03:00:00,0.6306,0.6334,0.6234,0.6241,68528.0
1753754400000,2025-07-29 04:00:00,0.6241,0.6266,0.616,0.618,207159.2
1753758000000,2025-07-29 05:00:00,0.618,0.6315,0.6178,0.6289,176990.6
1753761600000,2025-07-29 06:00:00,0.6289,0.6318,0.6243,0.6254,182801.6
1753765200000,2025-07-29 07:00:00,0.6254,0.6399,0.6248,0.6396,104602.1
1753768800000,2025-07-29 08:00:00,0.6396,0.6453,0.6373,0.6435,87890.1
1753772400000,2025-07-29 09:00:00,0.6435,0.6537,0.6433,0.6505,113959.3
1753776000000,2025-07-29 10:00:00,0.6505,0.6512,0.6443,0.6482,94491.0
1753779600000,2025-07-29 11:00:00,0.6482,0.6497,0.642,0.6425,77463.5
1753783200000,2025-07-29 12:00:00,0.6425,0.6433,0.6278,0.6294,165215.1
1753786800000,2025-07-29 13:00:00,0.6294,0.6347,0.6288,0.6321,49313.9
1753790400000,2025-07-29 14:00:00,0.6321,0.6423,0.6319,0.6376,126139.6
1753794000000,2025-07-29 15:00:00,0.6376,0.6406,0.6285,0.6294,132004.2
1753797600000,2025-07-29 16:00:00,0.6294,0.6303,0.613,0.618,262216.7
1753801200000,2025-07-29 17:00:00,0.618,0.6217,0.6131,0.6173,121082.5
1753804800000,2025-07-29 18:00:00,0.6173,0.6189,0.6075,0.6185,229746.0
1753808400000,2025-07-29 19:00:00,0.6185,0.6244,0.6171,0.6202,69945.6
1753812000000,2025-07-29 20:00:00,0.6202,0.6228,0.6177,0.6199,30830.9
1753815600000,2025-07-29 21:00:00,0.6199,0.6231,0.6129,0.6141,137985.3
1753819200000,2025-07-29 22:00:00,0.6141,0.6188,0.6065,0.612,150017.5
1753822800000,2025-07-29 23:00:00,0.612,0.6248,0.6091,0.6218,39885.1
1753826400000,2025-07-30 00:00:00,0.6218,0.6221,0.6155,0.6207,56504.6
1753830000000,2025-07-30 01:00:00,0.6207,0.6237,0.6185,0.6227,36610.4
1753833600000,2025-07-30 02:00:00,0.6227,0.6227,0.612,0.6169,59030.9
1753837200000,2025-07-30 03:00:00,0.6169,0.6234,0.6106,0.6199,48144.8
1753840800000,2025-07-30 04:00:00,0.6199,0.6249,0.6174,0.6204,34553.8
1753844400000,2025-07-30 05:00:00,0.6204,0.6221,0.6162,0.6162,70537.9
1753848000000,2025-07-30 06:00:00,0.6162,0.6198,0.6115,0.613,43211.9
1753851600000,2025-07-30 07:00:00,0.613,0.6183,0.6115,0.6164,117523.0
1753855200000,2025-07-30 08:00:00,0.6164,0.6175,0.613,0.6151,32748.1
1753858800000,2025-07-30 09:00:00,0.6151,0.6172,0.6087,0.6113,97592.4
1753862400000,2025-07-30 10:00:00,0.6113,0.6161,0.606,0.6124,79707.8
1753866000000,2025-07-30 11:00:00,0.6124,0.6137,0.6034,0.6069,96363.2
1753869600000,2025-07-30 12:00:00,0.6069,0.6109,0.599,0.6008,75625.6
1753873200000,2025-07-30 13:00:00,0.6008,0.6052,0.5913,0.5955,253326.7
1753876800000,2025-07-30 14:00:00,0.5955,0.6013,0.5901,0.5982,161210.9
1753880400000,2025-07-30 15:00:00,0.5982,0.6009,0.5939,0.5991,135738.2
1753884000000,2025-07-30 16:00:00,0.5991,0.6132,0.5965,0.6116,109093.2
1753887600000,2025-07-30 17:00:00,0.6116,0.6128,0.6021,0.6061,99255.1
1753891200000,2025-07-30 18:00:00,0.6061,0.6135,0.6045,0.6091,52529.0
1753894800000,2025-07-30 19:00:00,0.6091,0.6131,0.6075,0.6122,33389.1
1753898400000,2025-07-30 20:00:00,0.6122,0.6157,0.5997,0.6004,135108.2
1753902000000,2025-07-30 21:00:00,0.6004,0.6091,0.5747,0.6073,432307.8
1753905600000,2025-07-30 22:00:00,0.6073,0.613,0.6062,0.6081,111208.6
1753909200000,2025-07-30 23:00:00,0.6081,0.6107,0.5995,0.6026,134080.6
1753912800000,2025-07-31 00:00:00,0.6026,0.6044,0.5983,0.6021,138010.6
1753916400000,2025-07-31 01:00:00,0.6021,0.6133,0.6021,0.612,141415.1
1753920000000,2025-07-31 02:00:00,0.612,0.6192,0.6096,0.6181,129144.8
1753923600000,2025-07-31 03:00:00,0.6181,0.6206,0.6155,0.6191,42759.6
1753927200000,2025-07-31 04:00:00,0.6191,0.6226,0.6177,0.6215,33869.4
1753930800000,2025-07-31 05:00:00,0.6215,0.6245,0.621,0.6224,37744.6
1753934400000,2025-07-31 06:00:00,0.6224,0.6251,0.6211,0.6244,91040.8
1753938000000,2025-07-31 07:00:00,0.6244,0.6256,0.6222,0.6243,79327.4
1753941600000,2025-07-31 08:00:00,0.6243,0.6253,0.6203,0.6245,82855.5
1753945200000,2025-07-31 09:00:00,0.6245,0.6255,0.6216,0.6235,43765.4
1753948800000,2025-07-31 10:00:00,0.6235,0.6255,0.6226,0.6238,35232.1
1753952400000,2025-07-31 11:00:00,0.6238,0.6262,0.6226,0.6252,54534.4
1753956000000,2025-07-31 12:00:00,0.6252,0.6257,0.6201,0.6213,43620.8
1753959600000,2025-07-31 13:00:00,0.6213,0.6229,0.6172,0.6179,55960.6
1753963200000,2025-07-31 14:00:00,0.6179,0.6187,0.6098,0.614,134171.5
1753966800000,2025-07-31 15:00:00,0.614,0.614,0.6011,0.605,256509.3
1753970400000,2025-07-31 16:00:00,0.605,0.6067,0.5937,0.5956,240273.7
1753974000000,2025-07-31 17:00:00,0.5956,0.6049,0.5943,0.6007,180350.1
1753977600000,2025-07-31 18:00:00,0.6007,0.6153,0.6001,0.6089,152135.6
1753981200000,2025-07-31 19:00:00,0.6089,0.6089,0.5983,0.5997,82612.2
1753984800000,2025-07-31 20:00:00,0.5997,0.6046,0.5937,0.6003,79082.6
1753988400000,2025-07-31 21:00:00,0.6003,0.6017,0.5953,0.5976,58248.0
1753992000000,2025-07-31 22:00:00,0.5976,0.5985,0.592,0.5942,119148.6
1753995600000,2025-07-31 23:00:00,0.5942,0.5963,0.5857,0.5907,174762.3
1753999200000,2025-08-01 00:00:00,0.5907,0.592,0.582,0.584,198353.2
1754002800000,2025-08-01 01:00:00,0.584,0.5888,0.5785,0.5809,75799.0
1754006400000,2025-08-01 02:00:00,0.5809,0.5827,0.5648,0.5774,231300.8
1754010000000,2025-08-01 03:00:00,0.5774,0.5809,0.5709,0.576,120775.0
1754013600000,2025-08-01 04:00:00,0.576,0.5825,0.5732,0.5811,57812.4
1754017200000,2025-08-01 05:00:00,0.5811,0.585,0.5791,0.5825,60227.7
1754020800000,2025-08-01 06:00:00,0.5825,0.5825,0.5765,0.5779,101345.0
1754024400000,2025-08-01 07:00:00,0.5779,0.5812,0.5734,0.5759,76279.6
1754028000000,2025-08-01 08:00:00,0.5759,0.5787,0.5711,0.5778,88103.2
1754031600000,2025-08-01 09:00:00,0.5778,0.5803,0.5744,0.5764,60678.7
1754035200000,2025-08-01 10:00:00,0.5764,0.5766,0.564,0.5676,188013.3
1754038800000,2025-08-01 11:00:00,0.5676,0.5742,0.5664,0.5676,88656.7
1754042400000,2025-08-01 12:00:00,0.5676,0.5734,0.5673,0.5724,69690.5
1754046000000,2025-08-01 13:00:00,0.5724,0.5778,0.5688,0.5763,103610.2
1754049600000,2025-08-01 14:00:00,0.5763,0.584,0.5729,0.5791,209509.6
1754053200000,2025-08-01 15:00:00,0.5791,0.5808,0.5628,0.5673,161900.7
1754056800000,2025-08-01 16:00:00,0.5673,0.5848,0.5625,0.5822,146620.7
1754060400000,2025-08-01 17:00:00,0.5822,0.5836,0.5736,0.5787,91538.2
1754064000000,2025-08-01 18:00:00,0.5787,0.5817,0.5683,0.57,73739.5
1754067600000,2025-08-01 19:00:00,0.57,0.5739,0.5647,0.5666,114551.2
1754071200000,2025-08-01 20:00:00,0.5666,0.5738,0.5619,0.5679,145477.3
1754074800000,2025-08-01 21:00:00,0.5679,0.5764,0.5671,0.5759,102975.3
1754078400000,2025-08-01 22:00:00,0.5759,0.577,0.5604,0.5707,141537.4
1754082000000,2025-08-01 23:00:00,0.5707,0.576,0.5703,0.5731,97549.5
1754085600000,2025-08-02 00:00:00,0.5731,0.5737,0.5496,0.559,220768.8
1754089200000,2025-08-02 01:00:00,0.559,0.5686,0.5578,0.5667,61706.0
1754092800000,2025-08-02 02:00:00,0.5667,0.5714,0.5633,0.571,82303.6
1754096400000,2025-08-02 03:00:00,0.571,0.5715,0.5661,0.5709,38720.3
1754100000000,2025-08-02 04:00:00,0.5709,0.5711,0.5684,0.5692,29950.2
1754103600000,2025-08-02 05:00:00,0.5692,0.5707,0.5678,0.5688,19100.3
1754107200000,2025-08-02 06:00:00,0.5688,0.5721,0.5674,0.5708,30270.8
1754110800000,2025-08-02 07:00:00,0.5708,0.5718,0.5683,0.5687,21582.3
1754114400000,2025-08-02 08:00:00,0.5687,0.5687,0.5529,0.5565,88690.6
1754118000000,2025-08-02 09:00:00,0.5565,0.5682,0.5522,0.5678,94331.3
1754121600000,2025-08-02 10:00:00,0.5678,0.5689,0.5597,0.5601,55341.4
1754125200000,2025-08-02 11:00:00,0.5601,0.5633,0.5583,0.5616,38049.1
1754128800000,2025-08-02 12:00:00,0.5616,0.5619,0.5549,0.559,62029.6
1754132400000,2025-08-02 13:00:00,0.559,0.5655,0.5549,0.5623,51684.9
1754136000000,2025-08-02 14:00:00,0.5623,0.5636,0.5583,0.5628,54188.1
1754139600000,2025-08-02 15:00:00,0.5628,0.5666,0.5589,0.5642,56170.9
1754143200000,2025-08-02 16:00:00,0.5642,0.5647,0.5554,0.5582,61402.8
1754146800000,2025-08-02 17:00:00,0.5582,0.5631,0.5528,0.5544,90836.8
1754150400000,2025-08-02 18:00:00,0.5544,0.5609,0.5506,0.5583,128864.2
1754154000000,2025-08-02 19:00:00,0.5583,0.5624,0.547,0.5505,146025.2
1754157600000,2025-08-02 20:00:00,0.5505,0.5532,0.5425,0.5468,223688.0
1754161200000,2025-08-02 21:00:00,0.5468,0.5568,0.5441,0.5495,130694.9
1754164800000,2025-08-02 22:00:00,0.5495,0.5569,0.5494,0.5568,73131.9
1754168400000,2025-08-02 23:00:00,0.5568,0.5606,0.5527,0.5572,64024.3
1754172000000,2025-08-03 00:00:00,0.5572,0.5623,0.5533,0.5603,143966.1
1754175600000,2025-08-03 01:00:00,0.5603,0.5614,0.5518,0.5574,87921.0
1754179200000,2025-08-03 02:00:00,0.5574,0.5615,0.5487,0.5611,121524.7
1754182800000,2025-08-03 03:00:00,0.5611,0.5621,0.559,0.5606,58735.8
1754186400000,2025-08-03 04:00:00,0.5606,0.5657,0.5605,0.5651,33187.7
1754190000000,2025-08-03 05:00:00,0.5651,0.5654,0.5631,0.5635,24107.5
1754193600000,2025-08-03 06:00:00,0.5635,0.5656,0.5615,0.5648,29350.0
1754197200000,2025-08-03 07:00:00,0.5648,0.5669,0.5641,0.5657,36066.5
1754200800000,2025-08-03 08:00:00,0.5657,0.566,0.5629,0.5651,29308.0
1754204400000,2025-08-03 09:00:00,0.5651,0.5687,0.5648,0.5675,32020.3
1754208000000,2025-08-03 10:00:00,0.5675,0.5696,0.5665,0.5685,44744.4
1754211600000,2025-08-03 11:00:00,0.5685,0.5706,0.5673,0.5705,23417.0
1754215200000,2025-08-03 12:00:00,0.5705,0.5744,0.57,0.5731,61118.8
1754218800000,2025-08-03 13:00:00,0.5731,0.5773,0.573,0.575,79802.1
1754222400000,2025-08-03 14:00:00,0.575,0.5755,0.5704,0.5746,99976.9
1754226000000,2025-08-03 15:00:00,0.5746,0.5755,0.5708,0.5724,66753.9
1754229600000,2025-08-03 16:00:00,0.5724,0.5737,0.5693,0.5726,49223.4
1754233200000,2025-08-03 17:00:00,0.5726,0.5755,0.5712,0.5754,56141.3
1754236800000,2025-08-03 18:00:00,0.5754,0.5774,0.5736,0.5758,41963.1
1754240400000,2025-08-03 19:00:00,0.5758,0.5766,0.5734,0.5758,30051.3
1754244000000,2025-08-03 20:00:00,0.5758,0.5782,0.5742,0.5777,54174.8
1754247600000,2025-08-03 21:00:00,0.5777,0.5835,0.5766,0.5784,115823.1
1754251200000,2025-08-03 22:00:00,0.5784,0.5795,0.5762,0.5785,39156.0
1754254800000,2025-08-03 23:00:00,0.5785,0.5819,0.5778,0.5815,13237.1
1754258400000,2025-08-04 00:00:00,0.5815,0.5829,0.577,0.5802,24758.4
1754262000000,2025-08-04 01:00:00,0.5802,0.5833,0.5794,0.5799,31860.3
1754265600000,2025-08-04 02:00:00,0.5799,0.5905,0.5772,0.5905,148263.7
1754269200000,2025-08-04 03:00:00,0.5905,0.5911,0.5839,0.584,56179.4
1754272800000,2025-08-04 04:00:00,0.584,0.5889,0.5826,0.5886,32662.6
1754276400000,2025-08-04 05:00:00,0.5886,0.5894,0.5864,0.5876,17546.5
1754280000000,2025-08-04 06:00:00,0.5876,0.5909,0.5869,0.5873,29898.9
1754283600000,2025-08-04 07:00:00,0.5873,0.5908,0.5867,0.5901,29289.2
1754287200000,2025-08-04 08:00:00,0.5901,0.5901,0.5861,0.5893,52825.0
1754290800000,2025-08-04 09:00:00,0.5893,0.595,0.5888,0.5927,52623.6
1754294400000,2025-08-04 10:00:00,0.5927,0.5952,0.5905,0.5915,64780.6
1754298000000,2025-08-04 11:00:00,0.5915,0.5927,0.5881,0.5892,39172.3
1754301600000,2025-08-04 12:00:00,0.5892,0.592,0.5876,0.589,48208.9
1754305200000,2025-08-04 13:00:00,0.589,0.5892,0.5855,0.5874,44387.3
1754308800000,2025-08-04 14:00:00,0.5874,0.5909,0.5868,0.5899,41365.1
1754312400000,2025-08-04 15:00:00,0.5899,0.5985,0.5868,0.5985,147125.9
1754316000000,2025-08-04 16:00:00,0.5985,0.6056,0.5981,0.6002,149881.4
1754319600000,2025-08-04 17:00:00,0.6002,0.6051,0.5997,0.6046,53794.6
1754323200000,2025-08-04 18:00:00,0.6046,0.6111,0.6033,0.6107,125600.1
1754326800000,2025-08-04 19:00:00,0.6107,0.6164,0.6093,0.6107,175359.9
1754330400000,2025-08-04 20:00:00,0.6107,0.6137,0.6097,0.6117,56109.6
1754334000000,2025-08-04 21:00:00,0.6117,0.6127,0.6065,0.6089,46643.6
1754337600000,2025-08-04 22:00:00,0.6089,0.613,0.6078,0.6122,54328.6
1754341200000,2025-08-04 23:00:00,0.6122,0.6159,0.6122,0.6153,31396.2
1754344800000,2025-08-05 00:00:00,0.6153,0.6172,0.614,0.6155,56526.2
1754348400000,2025-08-05 01:00:00,0.6155,0.6171,0.613,0.6143,28488.2
1754352000000,2025-08-05 02:00:00,0.6143,0.6159,0.6118,0.6132,43281.2
1754355600000,2025-08-05 03:00:00,0.6132,0.6148,0.6087,0.6087,32386.9
1754359200000,2025-08-05 04:00:00,0.6087,0.6109,0.6084,0.6099,21218.9
1754362800000,2025-08-05 05:00:00,0.6099,0.6099,0.6026,0.603,67314.5
1754366400000,2025-08-05 06:00:00,0.603,0.6065,0.6025,0.6036,45179.7
1754370000000,2025-08-05 07:00:00,0.6036,0.6064,0.5986,0.6028,68756.0
1754373600000,2025-08-05 08:00:00,0.6028,0.6042,0.5966,0.5984,106069.4
1754377200000,2025-08-05 09:00:00,0.5984,0.6007,0.5902,0.5917,68882.0
1754380800000,2025-08-05 10:00:00,0.5917,0.595,0.5899,0.595,95760.1
1754384400000,2025-08-05 11:00:00,0.595,0.6032,0.5949,0.6028,43737.5
1754388000000,2025-08-05 12:00:00,0.6028,0.6079,0.5997,0.6055,47004.2
1754391600000,2025-08-05 13:00:00,0.6055,0.6077,0.6044,0.606,66600.2
1754395200000,2025-08-05 14:00:00,0.606,0.6065,0.5933,0.5961,72610.8
1754398800000,2025-08-05 15:00:00,0.5961,0.5999,0.5945,0.5988,104148.8
1754402400000,2025-08-05 16:00:00,0.5988,0.5988,0.5816,0.5843,149286.8
1754406000000,2025-08-05 17:00:00,0.5843,0.5881,0.5761,0.5785,100666.6
1754409600000,2025-08-05 18:00:00,0.5785,0.5834,0.5738,0.5785,177782.9
1754413200000,2025-08-05 19:00:00,0.5785,0.5813,0.5763,0.5804,40576.9
1754416800000,2025-08-05 20:00:00,0.5804,0.5826,0.5733,0.5778,119879.4
1754420400000,2025-08-05 21:00:00,0.5778,0.5802,0.5726,0.5752,87024.9
1754424000000,2025-08-05 22:00:00,0.5752,0.5807,0.5751,0.5753,42715.7
1754427600000,2025-08-05 23:00:00,0.5753,0.5784,0.5718,0.5727,39719.9
1754431200000,2025-08-06 00:00:00,0.5727,0.5773,0.5678,0.577,137769.7
1754434800000,2025-08-06 01:00:00,0.577,0.5832,0.5767,0.5824,58422.3
1754438400000,2025-08-06 02:00:00,0.5824,0.583,0.5734,0.5746,83582.6
1754442000000,2025-08-06 03:00:00,0.5746,0.5762,0.571,0.5762,67868.1
1754445600000,2025-08-06 04:00:00,0.5762,0.5765,0.5713,0.5737,34199.0
1754449200000,2025-08-06 05:00:00,0.5737,0.5743,0.5691,0.5709,96485.5
1754452800000,2025-08-06 06:00:00,0.5709,0.5722,0.5658,0.5714,125239.3
1754456400000,2025-08-06 07:00:00,0.5714,0.5883,0.5697,0.5835,216105.3
1754460000000,2025-08-06 08:00:00,0.5835,0.5879,0.58,0.5861,70762.2
1754463600000,2025-08-06 09:00:00,0.5861,0.592,0.5861,0.5917,75743.9
1754467200000,2025-08-06 10:00:00,0.5917,0.5929,0.583,0.5861,58818.2
1754470800000,2025-08-06 11:00:00,0.5861,0.5919,0.5841,0.5875,115000.0
1754474400000,2025-08-06 12:00:00,0.5875,0.5888,0.5843,0.5853,50500.4
1754478000000,2025-08-06 13:00:00,0.5853,0.5895,0.5835,0.5842,54850.4
1754481600000,2025-08-06 14:00:00,0.5842,0.5857,0.5769,0.5794,105450.1
1754485200000,2025-08-06 15:00:00,0.5794,0.5828,0.5755,0.5806,152956.4
1754488800000,2025-08-06 16:00:00,0.5806,0.5918,0.5789,0.5913,54727.0
1754492400000,2025-08-06 17:00:00,0.5913,0.6003,0.5901,0.5993,172802.9
1754496000000,2025-08-06 18:00:00,0.5993,0.6003,0.5928,0.5934,76539.3
1754499600000,2025-08-06 19:00:00,0.5934,0.6,0.5916,0.5999,59789.2
1754503200000,2025-08-06 20:00:00,0.5999,0.6031,0.5971,0.5971,55408.8
1754506800000,2025-08-06 21:00:00,0.5971,0.5991,0.5968,0.5991,26680.5
1754510400000,2025-08-06 22:00:00,0.5991,0.5999,0.5965,0.5987,18163.1
1754514000000,2025-08-06 23:00:00,0.5987,0.6003,0.5953,0.5985,42496.9
1754517600000,2025-08-07 00:00:00,0.5985,0.5999,0.5974,0.5989,27967.4
1754521200000,2025-08-07 01:00:00,0.5989,0.5989,0.5967,0.5976,18324.1
1754524800000,2025-08-07 02:00:00,0.5976,0.6022,0.597,0.5999,28063.7
1754528400000,2025-08-07 03:00:00,0.5999,0.608,0.5985,0.5988,246029.8
1754532000000,2025-08-07 04:00:00,0.5988,0.6009,0.5933,0.595,109469.6
1754535600000,2025-08-07 05:00:00,0.595,0.596,0.5921,0.5941,65785.4
1754539200000,2025-08-07 06:00:00,0.5941,0.5994,0.5933,0.5964,95530.8
1754542800000,2025-08-07 07:00:00,0.5964,0.5992,0.594,0.5985,54296.7
1754546400000,2025-08-07 08:00:00,0.5985,0.6021,0.598,0.599,103294.7
1754550000000,2025-08-07 09:00:00,0.599,0.6015,0.5979,0.5995,120755.9
1754553600000,2025-08-07 10:00:00,0.5995,0.6057,0.5995,0.6018,184309.4
1754557200000,2025-08-07 11:00:00,0.6018,0.6036,0.5993,0.6026,45420.1
1754560800000,2025-08-07 12:00:00,0.6026,0.6174,0.6014,0.617,188389.6
1754564400000,2025-08-07 13:00:00,0.617,0.62,0.6162,0.6188,97989.0
1754568000000,2025-08-07 14:00:00,0.6188,0.6208,0.6156,0.6184,61252.1
1754571600000,2025-08-07 15:00:00,0.6184,0.6195,0.616,0.6163,49874.7
1754575200000,2025-08-07 16:00:00,0.6163,0.6172,0.611,0.6137,43866.2
1754578800000,2025-08-07 17:00:00,0.6137,0.6158,0.6113,0.6148,41935.8
1754582400000,2025-08-07 18:00:00,0.6148,0.6173,0.6001,0.6074,90728.6
1754586000000,2025-08-07 19:00:00,0.6074,0.6089,0.6054,0.6077,50899.0
1754589600000,2025-08-07 20:00:00,0.6077,0.6077,0.6024,0.6059,45499.8
1754593200000,2025-08-07 21:00:00,0.6059,0.6143,0.6051,0.614,49243.1
1754596800000,2025-08-07 22:00:00,0.614,0.6183,0.6134,0.6168,47814.4
1754600400000,2025-08-07 23:00:00,0.6168,0.6198,0.6153,0.6175,45400.4
1754604000000,2025-08-08 00:00:00,0.6175,0.6222,0.6164,0.622,55008.5
1754607600000,2025-08-08 01:00:00,0.622,0.6223,0.6186,0.6223,46759.8
1754611200000,2025-08-08 02:00:00,0.6223,0.633,0.6144,0.6238,786953.6
1754614800000,2025-08-08 03:00:00,0.6238,0.6306,0.615,0.6196,783401.9
1754618400000,2025-08-08 04:00:00,0.6196,0.6231,0.6178,0.6198,45789.7
1754622000000,2025-08-08 05:00:00,0.6198,0.6286,0.6189,0.6241,49671.7
1754625600000,2025-08-08 06:00:00,0.6241,0.6249,0.6205,0.6206,32449.4
1754629200000,2025-08-08 07:00:00,0.6206,0.6233,0.6198,0.62,43362.4
1754632800000,2025-08-08 08:00:00,0.62,0.6293,0.62,0.6293,74805.2
1754636400000,2025-08-08 09:00:00,0.6293,0.634,0.6244,0.63,210223.0
1754640000000,2025-08-08 10:00:00,0.63,0.6347,0.627,0.6291,111784.5
1754643600000,2025-08-08 11:00:00,0.6291,0.63,0.6255,0.6286,41982.4
1754647200000,2025-08-08 12:00:00,0.6286,0.6295,0.6244,0.6267,32138.3
1754650800000,2025-08-08 13:00:00,0.6267,0.63,0.6266,0.6292,162542.7
1754654400000,2025-08-08 14:00:00,0.6292,0.6293,0.6206,0.6207,132757.4
1754658000000,2025-08-08 15:00:00,0.6207,0.6353,0.6201,0.6353,74187.8
1754661600000,2025-08-08 16:00:00,0.6353,0.6387,0.6233,0.6266,82661.7
1754665200000,2025-08-08 17:00:00,0.6266,0.628,0.6162,0.6208,50032.5
1754668800000,2025-08-08 18:00:00,0.6208,0.6273,0.6208,0.6252,97782.3
1754672400000,2025-08-08 19:00:00,0.6252,0.6398,0.6252,0.6395,78764.1
1754676000000,2025-08-08 20:00:00,0.6395,0.6417,0.6345,0.6366,91855.4
1754679600000,2025-08-08 21:00:00,0.6366,0.6393,0.6355,0.6392,69945.0
1754683200000,2025-08-08 22:00:00,0.6392,0.6406,0.6345,0.6367,38818.5
1754686800000,2025-08-08 23:00:00,0.6367,0.639,0.6354,0.6379,21552.1
1754690400000,2025-08-09 00:00:00,0.6379,0.6398,0.6364,0.6384,37697.0
1754694000000,2025-08-09 01:00:00,0.6384,0.6395,0.6356,0.6372,28673.2
1754697600000,2025-08-09 02:00:00,0.6372,0.6395,0.6361,0.6381,25035.5
1754701200000,2025-08-09 03:00:00,0.6381,0.6411,0.6351,0.6406,39081.8
1754704800000,2025-08-09 04:00:00,0.6406,0.6415,0.6373,0.6378,26792.4
1754708400000,2025-08-09 05:00:00,0.6378,0.6404,0.6366,0.6386,38408.5
1754712000000,2025-08-09 06:00:00,0.6386,0.6441,0.6378,0.6424,45441.8
1754715600000,2025-08-09 07:00:00,0.6424,0.6594,0.6417,0.6571,222751.3
1754719200000,2025-08-09 08:00:00,0.6571,0.6583,0.6519,0.6554,54431.7
1754722800000,2025-08-09 09:00:00,0.6554,0.659,0.6541,0.6586,38847.6
1754726400000,2025-08-09 10:00:00,0.6586,0.6608,0.6559,0.6593,70020.2
1754730000000,2025-08-09 11:00:00,0.6593,0.6644,0.6584,0.6614,80426.2
1754733600000,2025-08-09 12:00:00,0.6614,0.6669,0.6612,0.6647,94541.0
1754737200000,2025-08-09 13:00:00,0.6647,0.6659,0.6609,0.6637,59495.9
1754740800000,2025-08-09 14:00:00,0.6637,0.6698,0.6627,0.6688,102241.0
1754744400000,2025-08-09 15:00:00,0.6688,0.669,0.6586,0.6587,93484.1
1754748000000,2025-08-09 16:00:00,0.6587,0.664,0.6552,0.6606,131580.6
1754751600000,2025-08-09 17:00:00,0.6606,0.6631,0.6568,0.6612,61581.9
1754755200000,2025-08-09 18:00:00,0.6612,0.6654,0.6604,0.6611,47056.3
1754758800000,2025-08-09 19:00:00,0.6611,0.6667,0.6604,0.6657,42539.4
1754762400000,2025-08-09 20:00:00,0.6657,0.6677,0.6632,0.667,32953.8
1754766000000,2025-08-09 21:00:00,0.667,0.6743,0.6667,0.6697,142917.6
1754769600000,2025-08-09 22:00:00,0.6697,0.6766,0.6688,0.6766,92166.7
1754773200000,2025-08-09 23:00:00,0.6766,0.677,0.6681,0.672,40735.8
1754776800000,2025-08-10 00:00:00,0.672,0.6766,0.6664,0.669,70130.8
1754780400000,2025-08-10 01:00:00,0.669,0.6716,0.6672,0.6697,28478.0
1754784000000,2025-08-10 02:00:00,0.6697,0.6793,0.6697,0.6764,56713.5
1754787600000,2025-08-10 03:00:00,0.6764,0.684,0.6741,0.679,460114.7
1754791200000,2025-08-10 04:00:00,0.679,0.6849,0.6735,0.6737,183864.8
1754794800000,2025-08-10 05:00:00,0.6737,0.6817,0.671,0.6805,116584.2
1754798400000,2025-08-10 06:00:00,0.6805,0.6881,0.6782,0.683,435786.4
1754802000000,2025-08-10 07:00:00,0.683,0.6833,0.6729,0.6733,173145.7
1754805600000,2025-08-10 08:00:00,0.6733,0.674,0.6662,0.6692,102694.6
1754809200000,2025-08-10 09:00:00,0.6692,0.6729,0.6551,0.6555,305392.6
1754812800000,2025-08-10 10:00:00,0.6555,0.6599,0.6466,0.6588,107663.7
1754816400000,2025-08-10 11:00:00,0.6588,0.6639,0.6578,0.66,195931.4
1754820000000,2025-08-10 12:00:00,0.66,0.6605,0.6507,0.6524,108183.6
1754823600000,2025-08-10 13:00:00,0.6524,0.6555,0.6492,0.6493,84062.8
1754827200000,2025-08-10 14:00:00,0.6493,0.6532,0.648,0.6527,95116.8
1754830800000,2025-08-10 15:00:00,0.6527,0.6546,0.6453,0.646,60218.5
1754834400000,2025-08-10 16:00:00,0.646,0.6616,0.6439,0.6597,137124.3
1754838000000,2025-08-10 17:00:00,0.6597,0.6656,0.6575,0.6636,61598.8
1754841600000,2025-08-10 18:00:00,0.6636,0.6669,0.6615,0.6645,66176.3
1754845200000,2025-08-10 19:00:00,0.6645,0.6695,0.6624,0.6678,93324.7
1754848800000,2025-08-10 20:00:00,0.6678,0.6747,0.6677,0.6744,65577.3
1754852400000,2025-08-10 21:00:00,0.6744,0.677,0.6715,0.6728,68884.1
1754856000000,2025-08-10 22:00:00,0.6728,0.6741,0.6684,0.6701,68777.4
1754859600000,2025-08-10 23:00:00,0.6701,0.6705,0.6587,0.6651,94954.2
1754863200000,2025-08-11 00:00:00,0.6651,0.6686,0.6604,0.6673,73441.3
1754866800000,2025-08-11 01:00:00,0.6673,0.6694,0.6647,0.6686,17297.6
1754870400000,2025-08-11 02:00:00,0.6686,0.6716,0.6661,0.6663,44750.6
1754874000000,2025-08-11 03:00:00,0.6663,0.6869,0.6649,0.6791,178634.1
1754877600000,2025-08-11 04:00:00,0.6791,0.6939,0.679,0.6878,381239.7
1754881200000,2025-08-11 05:00:00,0.6878,0.6892,0.6843,0.6853,73665.3
1754884800000,2025-08-11 06:00:00,0.6853,0.6923,0.6851,0.6858,182339.2
1754888400000,2025-08-11 07:00:00,0.6858,0.6868,0.6814,0.6827,47445.0
1754892000000,2025-08-11 08:00:00,0.6827,0.6842,0.6782,0.6788,47104.0
1754895600000,2025-08-11 09:00:00,0.6788,0.6794,0.6672,0.6681,82977.4
1754899200000,2025-08-11 10:00:00,0.6681,0.6748,0.6668,0.6732,52548.1
1754902800000,2025-08-11 11:00:00,0.6732,0.6741,0.6682,0.6689,41424.1
1754906400000,2025-08-11 12:00:00,0.6689,0.6689,0.6621,0.6634,110266.8
1754910000000,2025-08-11 13:00:00,0.6634,0.6637,0.6425,0.6452,225647.2
1754913600000,2025-08-11 14:00:00,0.6452,0.6488,0.6424,0.6458,119301.9
1754917200000,2025-08-11 15:00:00,0.6458,0.6563,0.6401,0.6535,122512.1
1754920800000,2025-08-11 16:00:00,0.6535,0.6611,0.6516,0.6528,72673.9
1754924400000,2025-08-11 17:00:00,0.6528,0.6572,0.6491,0.6565,72376.8
1754928000000,2025-08-11 18:00:00,0.6565,0.6666,0.6556,0.6588,114673.4
1754931600000,2025-08-11 19:00:00,0.6588,0.6601,0.6511,0.6527,98142.7
1754935200000,2025-08-11 20:00:00,0.6527,0.6586,0.647,0.656,106357.9
1754938800000,2025-08-11 21:00:00,0.656,0.6562,0.6451,0.6496,89033.4
1754942400000,2025-08-11 22:00:00,0.6496,0.6501,0.6447,0.647,85770.3
1754946000000,2025-08-11 23:00:00,0.647,0.6499,0.6334,0.6377,226546.7
1754949600000,2025-08-12 00:00:00,0.6377,0.6377,0.6285,0.6342,103224.2
1754953200000,2025-08-12 01:00:00,0.6342,0.6395,0.6328,0.6358,53480.7
1754956800000,2025-08-12 02:00:00,0.6358,0.6445,0.6341,0.6431,64568.5
1754960400000,2025-08-12 03:00:00,0.6431,0.6465,0.6404,0.6449,58910.6
1754964000000,2025-08-12 04:00:00,0.6449,0.6563,0.6441,0.6487,87333.2
1754967600000,2025-08-12 05:00:00,0.6487,0.6492,0.6431,0.6465,80362.9
1754971200000,2025-08-12 06:00:00,0.6465,0.6514,0.6452,0.6492,55861.4
1754974800000,2025-08-12 07:00:00,0.6492,0.6492,0.6405,0.6439,47514.8
1754978400000,2025-08-12 08:00:00,0.6439,0.6453,0.6352,0.6412,86264.4
1754982000000,2025-08-12 09:00:00,0.6412,0.6555,0.6412,0.6555,87280.7
1754985600000,2025-08-12 10:00:00,0.6555,0.6555,0.6453,0.6454,93535.2
1754989200000,2025-08-12 11:00:00,0.6454,0.6463,0.6423,0.6448,54296.7
1754992800000,2025-08-12 12:00:00,0.6448,0.6451,0.6397,0.6418,48149.3
1754996400000,2025-08-12 13:00:00,0.6418,0.6489,0.6367,0.6478,58982.1
1755000000000,2025-08-12 14:00:00,0.6478,0.6666,0.6444,0.6602,351978.0
1755003600000,2025-08-12 15:00:00,0.6602,0.6664,0.6531,0.658,138576.4
1755007200000,2025-08-12 16:00:00,0.658,0.6696,0.657,0.6684,112051.9
1755010800000,2025-08-12 17:00:00,0.6684,0.68,0.6682,0.6788,168636.7
1755014400000,2025-08-12 18:00:00,0.6788,0.6816,0.676,0.6812,141674.7
1755018000000,2025-08-12 19:00:00,0.6812,0.6859,0.6802,0.6813,93253.1
1755021600000,2025-08-12 20:00:00,0.6813,0.6887,0.6795,0.6805,206881.5
1755025200000,2025-08-12 21:00:00,0.6805,0.6838,0.6788,0.6821,69736.5
1755028800000,2025-08-12 22:00:00,0.6821,0.6981,0.6821,0.6979,161502.7
1755032400000,2025-08-12 23:00:00,0.6979,0.7013,0.6929,0.6929,89438.5
1755036000000,2025-08-13 00:00:00,0.6929,0.6955,0.6838,0.6866,189838.0
1755039600000,2025-08-13 01:00:00,0.6866,0.6887,0.6843,0.6869,33300.9
1755043200000,2025-08-13 02:00:00,0.6869,0.6937,0.6868,0.6902,167353.3
1755046800000,2025-08-13 03:00:00,0.6902,0.6902,0.6772,0.6812,162888.2
1755050400000,2025-08-13 04:00:00,0.6812,0.687,0.6756,0.6866,61496.4
1755054000000,2025-08-13 05:00:00,0.6866,0.6941,0.6846,0.6912,80477.6
1755057600000,2025-08-13 06:00:00,0.6912,0.6958,0.6891,0.6918,57631.6
1755061200000,2025-08-13 07:00:00,0.6918,0.6918,0.6837,0.6845,48765.4
1755064800000,2025-08-13 08:00:00,0.6845,0.6861,0.6793,0.6832,49413.1
1755068400000,2025-08-13 09:00:00,0.6832,0.6907,0.6824,0.6907,77005.5
1755072000000,2025-08-13 10:00:00,0.6907,0.6969,0.6897,0.6935,148494.2
1755075600000,2025-08-13 11:00:00,0.6935,0.7024,0.6925,0.701,189453.7
1755079200000,2025-08-13 12:00:00,0.701,0.705,0.699,0.7042,159560.9
1755082800000,2025-08-13 13:00:00,0.7042,0.7103,0.7019,0.7102,192204.4
1755086400000,2025-08-13 14:00:00,0.7102,0.7114,0.7042,0.7044,219419.7
1755090000000,2025-08-13 15:00:00,0.7044,0.7178,0.7028,0.7088,170949.3
1755093600000,2025-08-13 16:00:00,0.7088,0.717,0.6988,0.7058,149447.9
1755097200000,2025-08-13 17:00:00,0.7058,0.7133,0.6995,0.7107,67492.0
1755100800000,2025-08-13 18:00:00,0.7107,0.7179,0.7065,0.7085,77725.5
1755104400000,2025-08-13 19:00:00,0.7085,0.717,0.7068,0.7158,59181.4
1755108000000,2025-08-13 20:00:00,0.7158,0.7186,0.7046,0.708,106777.6
1755111600000,2025-08-13 21:00:00,0.708,0.7155,0.7056,0.7149,47611.5
1755115200000,2025-08-13 22:00:00,0.7149,0.7169,0.709,0.7144,40923.1
1755118800000,2025-08-13 23:00:00,0.7144,0.7188,0.7124,0.7155,76881.9
1755122400000,2025-08-14 00:00:00,0.7155,0.7332,0.7134,0.7278,200159.6
1755126000000,2025-08-14 01:00:00,0.7278,0.7299,0.7247,0.7256,75997.5
1755129600000,2025-08-14 02:00:00,0.7256,0.7278,0.7181,0.7188,68347.3
1755133200000,2025-08-14 03:00:00,0.7188,0.7263,0.7133,0.7228,110241.4
1755136800000,2025-08-14 04:00:00,0.7228,0.7336,0.7222,0.7323,41632.4
1755140400000,2025-08-14 05:00:00,0.7323,0.7345,0.7294,0.7318,54551.2
1755144000000,2025-08-14 06:00:00,0.7318,0.7335,0.7255,0.7255,37896.8
1755147600000,2025-08-14 07:00:00,0.7255,0.7276,0.7189,0.7204,76014.0
1755151200000,2025-08-14 08:00:00,0.7204,0.7207,0.7096,0.7181,104605.6
1755154800000,2025-08-14 09:00:00,0.7181,0.7186,0.7089,0.7124,77925.7
1755158400000,2025-08-14 10:00:00,0.7124,0.7124,0.6988,0.7009,181491.3
1755162000000,2025-08-14 11:00:00,0.7009,0.7086,0.6971,0.7071,100511.7
1755165600000,2025-08-14 12:00:00,0.7071,0.7085,0.6959,0.7028,100207.0
1755169200000,2025-08-14 13:00:00,0.7028,0.7037,0.6981,0.7014,134913.7
1755172800000,2025-08-14 14:00:00,0.7014,0.704,0.6384,0.6677,1053021.0
1755176400000,2025-08-14 15:00:00,0.6677,0.6773,0.6544,0.672,298714.0
1755180000000,2025-08-14 16:00:00,0.672,0.6819,0.6695,0.6731,149530.2
1755183600000,2025-08-14 17:00:00,0.6731,0.6738,0.6644,0.6653,329122.0
1755187200000,2025-08-14 18:00:00,0.6653,0.6653,0.65,0.6557,210983.3
1755190800000,2025-08-14 19:00:00,0.6557,0.6588,0.6497,0.6552,110649.9
1755194400000,2025-08-14 20:00:00,0.6552,0.6561,0.6446,0.6529,167659.7
1755198000000,2025-08-14 21:00:00,0.6529,0.6589,0.6529,0.6531,44735.5
1755201600000,2025-08-14 22:00:00,0.6531,0.6538,0.6477,0.6527,42564.8
1755205200000,2025-08-14 23:00:00,0.6527,0.6531,0.6404,0.6476,83770.1
1755208800000,2025-08-15 00:00:00,0.6476,0.6522,0.6429,0.6519,40200.7
1755212400000,2025-08-15 01:00:00,0.6519,0.6559,0.6504,0.6528,36583.2
1755216000000,2025-08-15 02:00:00,0.6528,0.6573,0.6502,0.6527,39629.4
1755219600000,2025-08-15 03:00:00,0.6527,0.6591,0.6506,0.6585,50059.3
1755223200000,2025-08-15 04:00:00,0.6585,0.6616,0.657,0.66,37782.5
1755226800000,2025-08-15 05:00:00,0.66,0.6697,0.658,0.667,75355.1
1755230400000,2025-08-15 06:00:00,0.667,0.6686,0.6628,0.6634,31805.0
1755234000000,2025-08-15 07:00:00,0.6634,0.6661,0.6605,0.6661,27831.1
1755237600000,2025-08-15 08:00:00,0.6661,0.6714,0.6651,0.6678,88507.6
1755241200000,2025-08-15 09:00:00,0.6678,0.6705,0.6639,0.6668,82808.5
1755244800000,2025-08-15 10:00:00,0.6668,0.6745,0.6652,0.6709,99407.5
1755248400000,2025-08-15 11:00:00,0.6709,0.6724,0.6611,0.6651,88868.7
1755252000000,2025-08-15 12:00:00,0.6651,0.6697,0.6644,0.6651,50603.2
1755255600000,2025-08-15 13:00:00,0.6651,0.6685,0.6621,0.6658,112336.6
1755259200000,2025-08-15 14:00:00,0.6658,0.6759,0.6605,0.6683,142912.7
1755262800000,2025-08-15 15:00:00,0.6683,0.6696,0.6583,0.6613,65659.7
1755266400000,2025-08-15 16:00:00,0.6613,0.6648,0.6509,0.6536,264343.9
1755270000000,2025-08-15 17:00:00,0.6536,0.6554,0.6398,0.6453,212107.4
1755273600000,2025-08-15 18:00:00,0.6453,0.6516,0.6394,0.6501,100931.7
1755277200000,2025-08-15 19:00:00,0.6501,0.6575,0.6443,0.6563,129355.8
1755280800000,2025-08-15 20:00:00,0.6563,0.6727,0.655,0.6693,350111.3
1755284400000,2025-08-15 21:00:00,0.6693,0.6791,0.6652,0.6674,344085.4
1755288000000,2025-08-15 22:00:00,0.6674,0.6875,0.6667,0.6779,351391.4
1755291600000,2025-08-15 23:00:00,0.6779,0.7016,0.6743,0.6954,393155.7
1755295200000,2025-08-16 00:00:00,0.6954,0.7205,0.6891,0.7192,518706.0
1755298800000,2025-08-16 01:00:00,0.7192,0.7241,0.7028,0.7134,578149.3
1755302400000,2025-08-16 02:00:00,0.7134,0.7445,0.7073,0.7299,1197534.0
1755306000000,2025-08-16 03:00:00,0.7299,0.7327,0.7225,0.7257,528301.6
1755309600000,2025-08-16 04:00:00,0.7257,0.7287,0.7179,0.7186,386934.4
1755313200000,2025-08-16 05:00:00,0.7186,0.7222,0.7097,0.7165,675802.4
1755316800000,2025-08-16 06:00:00,0.7165,0.7273,0.7155,0.7238,341541.6
1755320400000,2025-08-16 07:00:00,0.7238,0.7238,0.7118,0.7126,529095.5
1755324000000,2025-08-16 08:00:00,0.7126,0.7162,0.7026,0.7033,1048099.0
1755327600000,2025-08-16 09:00:00,0.7033,0.7093,0.7025,0.7069,246990.8
1755331200000,2025-08-16 10:00:00,0.7069,0.7093,0.6966,0.6973,572083.6
1755334800000,2025-08-16 11:00:00,0.6973,0.7039,0.6909,0.6921,190216.2
1755338400000,2025-08-16 12:00:00,0.6921,0.6968,0.6867,0.6933,350945.9
1755342000000,2025-08-16 13:00:00,0.6933,0.701,0.6932,0.6961,257333.4
1755345600000,2025-08-16 14:00:00,0.6961,0.7055,0.6937,0.7018,286291.2
1755349200000,2025-08-16 15:00:00,0.7018,0.7084,0.6992,0.7006,288112.7
1755352800000,2025-08-16 16:00:00,0.7006,0.7118,0.699,0.7099,288137.4
1755356400000,2025-08-16 17:00:00,0.7099,0.7233,0.7096,0.7204,366897.6
1755360000000,2025-08-16 18:00:00,0.7204,0.7213,0.7161,0.7175,263919.5
1755363600000,2025-08-16 19:00:00,0.7175,0.719,0.7102,0.7121,183673.0
1755367200000,2025-08-16 20:00:00,0.7121,0.7169,0.7115,0.7136,171596.5
1755370800000,2025-08-16 21:00:00,0.7136,0.718,0.7132,0.7147,111688.6
1755374400000,2025-08-16 22:00:00,0.7147,0.7165,0.7135,0.7145,29455.2
1755378000000,2025-08-16 23:00:00,0.7145,0.7145,0.7065,0.7065,87564.4
1755381600000,2025-08-17 00:00:00,0.7065,0.7139,0.7061,0.7125,160706.4
1755385200000,2025-08-17 01:00:00,0.7125,0.7127,0.7064,0.7071,220763.5
1755388800000,2025-08-17 02:00:00,0.7071,0.7088,0.7041,0.7062,116225.5
1755392400000,2025-08-17 03:00:00,0.7062,0.7079,0.702,0.7065,138002.9
1755396000000,2025-08-17 04:00:00,0.7065,0.7131,0.7055,0.7127,91392.5
1755399600000,2025-08-17 05:00:00,0.7127,0.7155,0.7091,0.7131,92318.3
1755403200000,2025-08-17 06:00:00,0.7131,0.7215,0.7129,0.7211,113626.1
1755406800000,2025-08-17 07:00:00,0.7211,0.7248,0.718,0.7184,159947.4
1755410400000,2025-08-17 08:00:00,0.7184,0.7226,0.7151,0.7157,85470.0
1755414000000,2025-08-17 09:00:00,0.7157,0.7197,0.7157,0.7183,96294.1
1755417600000,2025-08-17 10:00:00,0.7183,0.7259,0.7151,0.7251,186031.4
1755421200000,2025-08-17 11:00:00,0.7251,0.7268,0.7224,0.7252,147030.0
1755424800000,2025-08-17 12:00:00,0.7252,0.7252,0.7202,0.7217,104929.5
1755428400000,2025-08-17 13:00:00,0.7217,0.7218,0.7164,0.7186,190166.1
1755432000000,2025-08-17 14:00:00,0.7186,0.7199,0.7091,0.7101,241314.8
1755435600000,2025-08-17 15:00:00,0.7101,0.7175,0.7081,0.7151,171786.7
1755439200000,2025-08-17 16:00:00,0.7151,0.7214,0.7118,0.7197,157447.6
1755442800000,2025-08-17 17:00:00,0.7197,0.7276,0.7196,0.7257,301481.9
1755446400000,2025-08-17 18:00:00,0.7257,0.7276,0.7163,0.7188,328098.4
1755450000000,2025-08-17 19:00:00,0.7188,0.7204,0.7153,0.7168,98511.9
1755453600000,2025-08-17 20:00:00,0.7168,0.7177,0.7019,0.7094,119904.2
1755457200000,2025-08-17 21:00:00,0.7094,0.7108,0.7028,0.7035,69538.6
1755460800000,2025-08-17 22:00:00,0.7035,0.7081,0.7026,0.7047,71677.2
1755464400000,2025-08-17 23:00:00,0.7047,0.7051,0.6992,0.7026,75798.3
1755468000000,2025-08-18 00:00:00,0.7026,0.7087,0.7016,0.7068,67881.2
1755471600000,2025-08-18 01:00:00,0.7068,0.7074,0.6992,0.7004,54923.1
1755475200000,2025-08-18 02:00:00,0.7004,0.7018,0.695,0.7009,166391.9
1755478800000,2025-08-18 03:00:00,0.7009,0.7014,0.6873,0.6892,259825.4
1755482400000,2025-08-18 04:00:00,0.6892,0.6894,0.6743,0.6759,464166.5
1755486000000,2025-08-18 05:00:00,0.6759,0.6765,0.6661,0.6752,318613.6
1755489600000,2025-08-18 06:00:00,0.6752,0.6822,0.6724,0.6818,72992.3
1755493200000,2025-08-18 07:00:00,0.6818,0.6847,0.674,0.6819,95854.8
1755496800000,2025-08-18 08:00:00,0.6819,0.6822,0.6664,0.672,141161.1
1755500400000,2025-08-18 09:00:00,0.672,0.6779,0.6698,0.6739,96912.8
1755504000000,2025-08-18 10:00:00,0.6739,0.6773,0.6722,0.6739,105147.6
1755507600000,2025-08-18 11:00:00,0.6739,0.6796,0.6669,0.6761,150504.7
1755511200000,2025-08-18 12:00:00,0.6761,0.6773,0.6717,0.672,80298.8
1755514800000,2025-08-18 13:00:00,0.672,0.6721,0.6663,0.6678,67473.8
1755518400000,2025-08-18 14:00:00,0.6678,0.6806,0.6656,0.6802,103395.1
1755522000000,2025-08-18 15:00:00,0.6802,0.6812,0.6671,0.6671,101556.5
1755525600000,2025-08-18 16:00:00,0.6671,0.6733,0.6633,0.6733,173237.0
1755529200000,2025-08-18 17:00:00,0.6733,0.675,0.6653,0.6714,91168.1
1755532800000,2025-08-18 18:00:00,0.6714,0.6737,0.6617,0.6629,180854.0
1755536400000,2025-08-18 19:00:00,0.6629,0.6769,0.6605,0.6686,160469.5
1755540000000,2025-08-18 20:00:00,0.6686,0.6728,0.6648,0.6716,44529.3
1755543600000,2025-08-18 21:00:00,0.6716,0.6742,0.6679,0.6696,101908.5
1755547200000,2025-08-18 22:00:00,0.6696,0.6704,0.663,0.6674,94146.0
1755550800000,2025-08-18 23:00:00,0.6674,0.6784,0.667,0.6766,82523.6
1755554400000,2025-08-19 00:00:00,0.6766,0.6804,0.673,0.673,53867.5
1755558000000,2025-08-19 01:00:00,0.673,0.6736,0.6628,0.6647,43437.2
1755561600000,2025-08-19 02:00:00,0.6647,0.6707,0.6547,0.6706,170163.5
1755565200000,2025-08-19 03:00:00,0.6706,0.6751,0.6645,0.6664,69331.9
1755568800000,2025-08-19 04:00:00,0.6664,0.6683,0.6626,0.6629,49173.4
1755572400000,2025-08-19 05:00:00,0.6629,0.6637,0.6518,0.6552,163808.0
1755576000000,2025-08-19 06:00:00,0.6552,0.6605,0.6498,0.6605,99825.1
1755579600000,2025-08-19 07:00:00,0.6605,0.6638,0.6577,0.6593,67216.4
1755583200000,2025-08-19 08:00:00,0.6593,0.6595,0.6551,0.6565,38609.8
1755586800000,2025-08-19 09:00:00,0.6565,0.6633,0.6516,0.6626,85991.3
1755590400000,2025-08-19 10:00:00,0.6626,0.6698,0.658,0.6666,95348.8
1755594000000,2025-08-19 11:00:00,0.6666,0.6742,0.6665,0.6716,138010.2
1755597600000,2025-08-19 12:00:00,0.6716,0.6748,0.6699,0.6708,66678.6
1755601200000,2025-08-19 13:00:00,0.6708,0.6749,0.6695,0.6746,42747.1
1755604800000,2025-08-19 14:00:00,0.6746,0.6746,0.6677,0.6708,52419.3
1755608400000,2025-08-19 15:00:00,0.6708,0.6748,0.6621,0.6668,113419.3
1755612000000,2025-08-19 16:00:00,0.6668,0.6689,0.6487,0.6509,199374.3
1755615600000,2025-08-19 17:00:00,0.6509,0.6626,0.648,0.6534,173922.4
1755619200000,2025-08-19 18:00:00,0.6534,0.6553,0.6469,0.6495,115137.1
1755622800000,2025-08-19 19:00:00,0.6495,0.6512,0.6448,0.6488,127980.7
1755626400000,2025-08-19 20:00:00,0.6488,0.6507,0.6407,0.6435,116848.8
1755630000000,2025-08-19 21:00:00,0.6435,0.6498,0.6369,0.6441,158745.6
1755633600000,2025-08-19 22:00:00,0.6441,0.6495,0.6404,0.6493,71116.0
1755637200000,2025-08-19 23:00:00,0.6493,0.6493,0.6453,0.6472,28510.4
1755640800000,2025-08-20 00:00:00,0.6472,0.6474,0.6398,0.6398,58415.8
1755644400000,2025-08-20 01:00:00,0.6398,0.6407,0.6316,0.6327,118067.2
1755648000000,2025-08-20 02:00:00,0.6327,0.637,0.629,0.6318,173277.2
1755651600000,2025-08-20 03:00:00,0.6318,0.6366,0.6268,0.6354,167784.8
1755655200000,2025-08-20 04:00:00,0.6354,0.6422,0.6343,0.6412,198746.6
1755658800000,2025-08-20 05:00:00,0.6412,0.6479,0.6396,0.6445,110833.5
1755662400000,2025-08-20 06:00:00,0.6445,0.6529,0.6445,0.6507,101240.2
1755666000000,2025-08-20 07:00:00,0.6507,0.6513,0.6458,0.6511,68905.2
1755669600000,2025-08-20 08:00:00,0.6511,0.6522,0.647,0.6494,45882.4
1755673200000,2025-08-20 09:00:00,0.6494,0.6522,0.6479,0.6479,48198.6
1755676800000,2025-08-20 10:00:00,0.6479,0.6566,0.6473,0.6562,180249.0
1755680400000,2025-08-20 11:00:00,0.6562,0.6564,0.6505,0.6511,52356.3
1755684000000,2025-08-20 12:00:00,0.6511,0.6539,0.6498,0.6505,141873.8
1755687600000,2025-08-20 13:00:00,0.6505,0.6517,0.6398,0.6481,81488.3
1755691200000,2025-08-20 14:00:00,0.6481,0.6547,0.6461,0.6474,78046.8
1755694800000,2025-08-20 15:00:00,0.6474,0.6481,0.6351,0.6371,104136.0
1755698400000,2025-08-20 16:00:00,0.6371,0.6545,0.6332,0.6507,101161.7
1755702000000,2025-08-20 17:00:00,0.6507,0.6626,0.6495,0.6576,125249.0
1755705600000,2025-08-20 18:00:00,0.6576,0.6653,0.6576,0.6611,123681.0
1755709200000,2025-08-20 19:00:00,0.6611,0.6692,0.6611,0.6644,105629.9
1755712800000,2025-08-20 20:00:00,0.6644,0.6659,0.6536,0.6593,92556.3
1755716400000,2025-08-20 21:00:00,0.6593,0.6673,0.6585,0.6669,54243.2
1755720000000,2025-08-20 22:00:00,0.6669,0.6695,0.6656,0.6674,72652.0
1755723600000,2025-08-20 23:00:00,0.6674,0.6697,0.6639,0.6683,50732.4
1755727200000,2025-08-21 00:00:00,0.6683,0.6699,0.6652,0.6683,61092.6
1755730800000,2025-08-21 01:00:00,0.6683,0.6683,0.6634,0.6644,35376.7
1755734400000,2025-08-21 02:00:00,0.6644,0.6665,0.662,0.6663,39154.3
1755738000000,2025-08-21 03:00:00,0.6663,0.6697,0.6632,0.6694,54041.9
1755741600000,2025-08-21 04:00:00,0.6694,0.6708,0.6587,0.6624,77284.2
1755745200000,2025-08-21 05:00:00,0.6624,0.6711,0.6621,0.6623,111474.1
1755748800000,2025-08-21 06:00:00,0.6623,0.6659,0.6614,0.6633,35564.6
1755752400000,2025-08-21 07:00:00,0.6633,0.667,0.6611,0.667,37422.6
1755756000000,2025-08-21 08:00:00,0.667,0.6672,0.6627,0.6652,49808.5
1755759600000,2025-08-21 09:00:00,0.6652,0.6672,0.6593,0.6664,74315.1
1755763200000,2025-08-21 10:00:00,0.6664,0.6665,0.6584,0.6586,61765.2
1755766800000,2025-08-21 11:00:00,0.6586,0.6586,0.6518,0.6526,209761.8
1755770400000,2025-08-21 12:00:00,0.6526,0.6556,0.6511,0.6534,46668.0
1755774000000,2025-08-21 13:00:00,0.6534,0.6554,0.6481,0.6519,79872.9
1755777600000,2025-08-21 14:00:00,0.6519,0.654,0.6438,0.6461,97403.8
1755781200000,2025-08-21 15:00:00,0.6461,0.6547,0.6449,0.6492,84126.2
1755784800000,2025-08-21 16:00:00,0.6492,0.6571,0.6435,0.6457,116188.0
1755788400000,2025-08-21 17:00:00,0.6457,0.6481,0.6386,0.6388,127882.3
1755792000000,2025-08-21 18:00:00,0.6388,0.6506,0.638,0.6449,316951.2
1755795600000,2025-08-21 19:00:00,0.6449,0.6518,0.6421,0.6495,74416.4
1755799200000,2025-08-21 20:00:00,0.6495,0.6553,0.6474,0.6548,61262.6
1755802800000,2025-08-21 21:00:00,0.6548,0.6561,0.6469,0.6478,75790.0
1755806400000,2025-08-21 22:00:00,0.6478,0.6552,0.6446,0.6525,62193.2
1755810000000,2025-08-21 23:00:00,0.6525,0.6553,0.6483,0.6531,80369.0
1755813600000,2025-08-22 00:00:00,0.6531,0.6565,0.6527,0.656,42350.4
1755817200000,2025-08-22 01:00:00,0.656,0.656,0.6484,0.6514,28160.7
1755820800000,2025-08-22 02:00:00,0.6514,0.6555,0.6476,0.6491,49451.0
1755824400000,2025-08-22 03:00:00,0.6491,0.6508,0.6445,0.6498,50628.6
1755828000000,2025-08-22 04:00:00,0.6498,0.6591,0.6487,0.6559,62726.6
1755831600000,2025-08-22 05:00:00,0.6559,0.6564,0.6437,0.6453,78512.0
1755835200000,2025-08-22 06:00:00,0.6453,0.6513,0.6347,0.6386,319018.7
1755838800000,2025-08-22 07:00:00,0.6386,0.6444,0.6375,0.6429,155338.2
1755842400000,2025-08-22 08:00:00,0.6429,0.6473,0.6385,0.6407,66184.0
1755846000000,2025-08-22 09:00:00,0.6407,0.6465,0.6395,0.6448,41283.6
1755849600000,2025-08-22 10:00:00,0.6448,0.6478,0.64,0.64,51707.3
1755853200000,2025-08-22 11:00:00,0.64,0.6419,0.6369,0.6404,56235.5
1755856800000,2025-08-22 12:00:00,0.6404,0.6406,0.6346,0.6366,44271.4
1755860400000,2025-08-22 13:00:00,0.6366,0.6366,0.6248,0.6276,314499.4
1755864000000,2025-08-22 14:00:00,0.6276,0.6278,0.6158,0.6232,249571.7
1755867600000,2025-08-22 15:00:00,0.6232,0.6348,0.6207,0.628,129170.3
1755871200000,2025-08-22 16:00:00,0.628,0.6682,0.628,0.6655,523343.3
1755874800000,2025-08-22 17:00:00,0.6655,0.6774,0.6655,0.6716,232696.9
1755878400000,2025-08-22 18:00:00,0.6716,0.693,0.6716,0.6898,502761.3
1755882000000,2025-08-22 19:00:00,0.6898,0.7041,0.6898,0.6992,214739.2
1755885600000,2025-08-22 20:00:00,0.6992,0.7036,0.6965,0.7002,101363.0
1755889200000,2025-08-22 21:00:00,0.7002,0.7064,0.6998,0.7037,40082.5
1755892800000,2025-08-22 22:00:00,0.7037,0.7073,0.7034,0.7055,61045.6
1755896400000,2025-08-22 23:00:00,0.7055,0.7112,0.7048,0.7093,119837.2
1755900000000,2025-08-23 00:00:00,0.7093,0.7108,0.7051,0.7061,30512.0
1755903600000,2025-08-23 01:00:00,0.7061,0.7114,0.7058,0.7109,21456.6
1755907200000,2025-08-23 02:00:00,0.7109,0.7139,0.7094,0.7114,72547.8
1755910800000,2025-08-23 03:00:00,0.7114,0.7124,0.7004,0.706,254300.7
1755914400000,2025-08-23 04:00:00,0.706,0.7087,0.6925,0.7013,223241.4
1755918000000,2025-08-23 05:00:00,0.7013,0.7038,0.6963,0.6967,63492.9
1755921600000,2025-08-23 06:00:00,0.6967,0.7092,0.6967,0.7092,47799.3
1755925200000,2025-08-23 07:00:00,0.7092,0.7273,0.708,0.7256,268747.3
1755928800000,2025-08-23 08:00:00,0.7256,0.7294,0.7183,0.7213,195087.6
1755932400000,2025-08-23 09:00:00,0.7213,0.7241,0.7086,0.7107,104895.8
1755936000000,2025-08-23 10:00:00,0.7107,0.7204,0.7107,0.719,89960.1
1755939600000,2025-08-23 11:00:00,0.719,0.7203,0.7158,0.7199,103478.9
1755943200000,2025-08-23 12:00:00,0.7199,0.7208,0.714,0.7164,89181.6
1755946800000,2025-08-23 13:00:00,0.7164,0.7209,0.7157,0.7186,65128.5
1755950400000,2025-08-23 14:00:00,0.7186,0.7191,0.7046,0.7106,760833.0
1755954000000,2025-08-23 15:00:00,0.7106,0.7134,0.7075,0.7093,90356.9
1755957600000,2025-08-23 16:00:00,0.7093,0.7164,0.7079,0.7095,259868.6
1755961200000,2025-08-23 17:00:00,0.7095,0.7169,0.7085,0.7149,82990.1
1755964800000,2025-08-23 18:00:00,0.7149,0.7189,0.7132,0.7188,84885.0
1755968400000,2025-08-23 19:00:00,0.7188,0.7222,0.7186,0.7198,83514.1
1755972000000,2025-08-23 20:00:00,0.7198,0.7243,0.719,0.7236,47494.7
1755975600000,2025-08-23 21:00:00,0.7236,0.7994,0.7236,0.7921,3007922.1
1755979200000,2025-08-23 22:00:00,0.7921,0.7928,0.733,0.7365,1752322.4
1755982800000,2025-08-23 23:00:00,0.7365,0.7375,0.7263,0.7273,415036.9
1755986400000,2025-08-24 00:00:00,0.7273,0.7334,0.7252,0.7323,187623.4
1755990000000,2025-08-24 01:00:00,0.7323,0.7357,0.7295,0.7334,215203.6
1755993600000,2025-08-24 02:00:00,0.7334,0.7416,0.7314,0.7336,286187.8
1755997200000,2025-08-24 03:00:00,0.7336,0.7339,0.7262,0.727,193770.0
1756000800000,2025-08-24 04:00:00,0.727,0.7278,0.7181,0.7191,153955.5
1756004400000,2025-08-24 05:00:00,0.7191,0.7198,0.7147,0.7173,103253.4
1756008000000,2025-08-24 06:00:00,0.7173,0.7181,0.7109,0.7114,137888.5
1756011600000,2025-08-24 07:00:00,0.7114,0.7119,0.7032,0.7036,138438.4
1756015200000,2025-08-24 08:00:00,0.7036,0.704,0.6914,0.6914,150641.3
1756018800000,2025-08-24 09:00:00,0.6914,0.6988,0.6895,0.6915,265616.2
1756022400000,2025-08-24 10:00:00,0.6915,0.6959,0.6891,0.6919,136910.8
1756026000000,2025-08-24 11:00:00,0.6919,0.6948,0.6891,0.6907,118183.8
1756029600000,2025-08-24 12:00:00,0.6907,0.6907,0.6813,0.683,129428.6
1756033200000,2025-08-24 13:00:00,0.683,0.6864,0.6801,0.6821,106476.2
1756036800000,2025-08-24 14:00:00,0.6821,0.6852,0.6816,0.6852,74885.0
1756040400000,2025-08-24 15:00:00,0.6852,0.6914,0.6839,0.6864,199178.6
1756044000000,2025-08-24 16:00:00,0.6864,0.6901,0.683,0.6891,156060.9
1756047600000,2025-08-24 17:00:00,0.6891,0.6962,0.6867,0.6891,87113.7
1756051200000,2025-08-24 18:00:00,0.6891,0.6918,0.6847,0.6908,54695.6
1756054800000,2025-08-24 19:00:00,0.6908,0.7104,0.69,0.707,170049.9
1756058400000,2025-08-24 20:00:00,0.707,0.7283,0.7048,0.7251,198942.9
1756062000000,2025-08-24 21:00:00,0.7251,0.7303,0.6916,0.7067,636595.4
1756065600000,2025-08-24 22:00:00,0.7067,0.7135,0.6921,0.7059,331449.5
1756069200000,2025-08-24 23:00:00,0.7059,0.7105,0.7011,0.7022,86655.3
1756072800000,2025-08-25 00:00:00,0.7022,0.7033,0.6875,0.6967,157099.5
1756076400000,2025-08-25 01:00:00,0.6967,0.7011,0.6911,0.6925,79883.5
1756080000000,2025-08-25 02:00:00,0.6925,0.697,0.6767,0.6835,168412.6
1756083600000,2025-08-25 03:00:00,0.6835,0.6944,0.6825,0.6919,93893.3
1756087200000,2025-08-25 04:00:00,0.6919,0.7049,0.691,0.7038,141593.9
1756090800000,2025-08-25 05:00:00,0.7038,0.7056,0.6952,0.6971,127343.2
1756094400000,2025-08-25 06:00:00,0.6971,0.7027,0.6907,0.6912,181502.3
1756098000000,2025-08-25 07:00:00,0.6912,0.6927,0.6828,0.6829,99463.9
1756101600000,2025-08-25 08:00:00,0.6829,0.684,0.6703,0.6713,345808.9
1756105200000,2025-08-25 09:00:00,0.6713,0.6755,0.6583,0.6605,279568.5
1756108800000,2025-08-25 10:00:00,0.6605,0.6667,0.6551,0.6629,274107.4
1756112400000,2025-08-25 11:00:00,0.6629,0.6645,0.6592,0.6627,71968.9
1756116000000,2025-08-25 12:00:00,0.6627,0.6627,0.6505,0.6525,157165.3
1756119600000,2025-08-25 13:00:00,0.6525,0.6592,0.6525,0.6592,89804.6
1756123200000,2025-08-25 14:00:00,0.6592,0.66,0.6547,0.6591,42782.1
1756126800000,2025-08-25 15:00:00,0.6591,0.6596,0.6509,0.6551,94480.6
1756130400000,2025-08-25 16:00:00,0.6551,0.6631,0.6537,0.6578,119224.8
1756134000000,2025-08-25 17:00:00,0.6578,0.6589,0.6507,0.652,143971.3
1756137600000,2025-08-25 18:00:00,0.652,0.6579,0.6485,0.6512,187150.8
1756141200000,2025-08-25 19:00:00,0.6512,0.6513,0.6455,0.6481,134995.1
1756144800000,2025-08-25 20:00:00,0.6481,0.6531,0.646,0.6517,148748.9
1756148400000,2025-08-25 21:00:00,0.6517,0.6527,0.6407,0.6418,293654.0
1756152000000,2025-08-25 22:00:00,0.6418,0.6442,0.6278,0.6296,548694.7
1756155600000,2025-08-25 23:00:00,0.6296,0.6337,0.6252,0.6294,262605.3
1756159200000,2025-08-26 00:00:00,0.6294,0.6412,0.6291,0.6392,159888.6
1756162800000,2025-08-26 01:00:00,0.6392,0.6419,0.6352,0.6399,60574.7
1756166400000,2025-08-26 02:00:00,0.6399,0.6422,0.6334,0.6373,171415.1
1756170000000,2025-08-26 03:00:00,0.6373,0.6472,0.6346,0.6463,123113.4
1756173600000,2025-08-26 04:00:00,0.6463,0.652,0.6413,0.6422,153413.4
1756177200000,2025-08-26 05:00:00,0.6422,0.6435,0.6388,0.6389,51444.0
1756180800000,2025-08-26 06:00:00,0.6389,0.644,0.6389,0.6411,56242.6
1756184400000,2025-08-26 07:00:00,0.6411,0.6427,0.6386,0.6402,54356.9
1756188000000,2025-08-26 08:00:00,0.6402,0.6428,0.637,0.6382,65567.5
1756191600000,2025-08-26 09:00:00,0.6382,0.6476,0.6362,0.6426,117090.7
1756195200000,2025-08-26 10:00:00,0.6426,0.644,0.638,0.641,79154.4
1756198800000,2025-08-26 11:00:00,0.641,0.6425,0.6369,0.6389,76477.1
1756202400000,2025-08-26 12:00:00,0.6389,0.6435,0.6374,0.6404,51971.5
1756206000000,2025-08-26 13:00:00,0.6404,0.6422,0.6354,0.6399,53283.9
1756209600000,2025-08-26 14:00:00,0.6399,0.6589,0.6358,0.6515,391124.6
1756213200000,2025-08-26 15:00:00,0.6515,0.652,0.6401,0.6478,266847.3
1756216800000,2025-08-26 16:00:00,0.6478,0.6577,0.6428,0.6559,441386.8
1756220400000,2025-08-26 17:00:00,0.6559,0.6618,0.6546,0.6579,213682.4
1756224000000,2025-08-26 18:00:00,0.6579,0.6947,0.6577,0.6907,1504464.8
1756227600000,2025-08-26 19:00:00,0.6907,0.6925,0.6771,0.679,507000.6
1756231200000,2025-08-26 20:00:00,0.679,0.6999,0.6782,0.6967,448713.1
1756234800000,2025-08-26 21:00:00,0.6967,0.7432,0.6953,0.7093,4920837.4
1756238400000,2025-08-26 22:00:00,0.7093,0.7122,0.6997,0.7012,1306596.8
1756242000000,2025-08-26 23:00:00,0.7012,0.7387,0.7012,0.7387,1270305.5
1756245600000,2025-08-27 00:00:00,0.7387,0.7882,0.7236,0.7541,3454240.5
1756249200000,2025-08-27 01:00:00,0.7541,0.7813,0.7343,0.7692,3036233.8
1756252800000,2025-08-27 02:00:00,0.7692,0.7713,0.7305,0.7397,2455710.7
1756256400000,2025-08-27 03:00:00,0.7397,0.7619,0.7385,0.749,2034194.7
1756260000000,2025-08-27 04:00:00,0.749,0.759,0.7345,0.7363,1860303.5
1756263600000,2025-08-27 05:00:00,0.7363,0.7436,0.7324,0.7397,967296.5
1756267200000,2025-08-27 06:00:00,0.7397,0.7666,0.7328,0.76,1554845.9
1756270800000,2025-08-27 07:00:00,0.76,0.763,0.7411,0.7421,1402411.3
1756274400000,2025-08-27 08:00:00,0.7421,0.7534,0.7231,0.7249,1821657.9
1756278000000,2025-08-27 09:00:00,0.7249,0.7474,0.7239,0.7472,1160357.2
1756281600000,2025-08-27 10:00:00,0.7472,0.763,0.7357,0.7432,3330735.5
1756285200000,2025-08-27 11:00:00,0.7432,0.7494,0.7346,0.7464,1355594.5
1756288800000,2025-08-27 12:00:00,0.7464,0.7961,0.7458,0.757,5966985.2
1756292400000,2025-08-27 13:00:00,0.757,0.7629,0.7337,0.7428,2458358.9
1756296000000,2025-08-27 14:00:00,0.7428,0.7514,0.7274,0.7365,1533378.4
1756299600000,2025-08-27 15:00:00,0.7365,0.7368,0.7235,0.7282,898531.0
1756303200000,2025-08-27 16:00:00,0.7282,0.7425,0.7279,0.7387,701968.4
1756306800000,2025-08-27 17:00:00,0.7387,0.75,0.7339,0.7487,758084.7
1756310400000,2025-08-27 18:00:00,0.7487,0.7493,0.7294,0.7322,773293.2
1756314000000,2025-08-27 19:00:00,0.7322,0.737,0.7297,0.7357,173293.1
1756317600000,2025-08-27 20:00:00,0.7357,0.7365,0.7281,0.7281,228052.3
1756321200000,2025-08-27 21:00:00,0.7281,0.7322,0.7209,0.7322,304735.7
1756324800000,2025-08-27 22:00:00,0.7322,0.7373,0.7232,0.7355,657544.1
1756328400000,2025-08-27 23:00:00,0.7355,0.7358,0.7243,0.7262,272906.2
1756332000000,2025-08-28 00:00:00,0.7262,0.7272,0.7212,0.7215,270126.1
1756335600000,2025-08-28 01:00:00,0.7215,0.7219,0.7122,0.7158,474120.2
1756339200000,2025-08-28 02:00:00,0.7158,0.7237,0.7132,0.7172,417151.8
1756342800000,2025-08-28 03:00:00,0.7172,0.7285,0.7146,0.7265,318599.6
1756346400000,2025-08-28 04:00:00,0.7265,0.7322,0.7217,0.7293,350303.6
1756350000000,2025-08-28 05:00:00,0.7293,0.7404,0.7293,0.7338,483060.0
1756353600000,2025-08-28 06:00:00,0.7338,0.7339,0.7253,0.7297,434834.4
1756357200000,2025-08-28 07:00:00,0.7297,0.7329,0.7236,0.7265,342203.9
1756360800000,2025-08-28 08:00:00,0.7265,0.7283,0.7243,0.7258,202985.5
1756364400000,2025-08-28 09:00:00,0.7258,0.7271,0.7214,0.7249,147784.6
1756368000000,2025-08-28 10:00:00,0.7249,0.7328,0.7241,0.7314,173448.3
1756371600000,2025-08-28 11:00:00,0.7314,0.7365,0.7297,0.7327,275372.1
1756375200000,2025-08-28 12:00:00,0.7327,0.7327,0.7265,0.7299,150255.0
1756378800000,2025-08-28 13:00:00,0.7299,0.7316,0.7262,0.7299,105628.0
1756382400000,2025-08-28 14:00:00,0.7299,0.7381,0.7285,0.7351,256313.5
1756386000000,2025-08-28 15:00:00,0.7351,0.7483,0.7325,0.7463,370383.0
1756389600000,2025-08-28 16:00:00,0.7463,0.7524,0.7399,0.7442,471033.9
1756393200000,2025-08-28 17:00:00,0.7442,0.7445,0.7253,0.7262,517026.1
1756396800000,2025-08-28 18:00:00,0.7262,0.7321,0.7144,0.7144,343595.2
1756400400000,2025-08-28 19:00:00,0.7144,0.7222,0.7121,0.7208,238467.3
1756404000000,2025-08-28 20:00:00,0.7208,0.7245,0.7172,0.722,99426.7
1756407600000,2025-08-28 21:00:00,0.722,0.7238,0.7116,0.7117,107911.3
1756411200000,2025-08-28 22:00:00,0.7117,0.7171,0.7078,0.7141,267150.5
1756414800000,2025-08-28 23:00:00,0.7141,0.7212,0.7127,0.7212,103072.1
1756418400000,2025-08-29 00:00:00,0.7212,0.7312,0.7212,0.7302,147354.6
1756422000000,2025-08-29 01:00:00,0.7302,0.7382,0.7293,0.738,165943.0
1756425600000,2025-08-29 02:00:00,0.738,0.7389,0.7303,0.7324,154481.9
1756429200000,2025-08-29 03:00:00,0.7324,0.7333,0.7232,0.7245,184248.6
1756432800000,2025-08-29 04:00:00,0.7245,0.7331,0.7235,0.7303,147767.6
1756436400000,2025-08-29 05:00:00,0.7303,0.7316,0.7259,0.7289,92589.1
1756440000000,2025-08-29 06:00:00,0.7289,0.7385,0.7258,0.728,233498.4
1756443600000,2025-08-29 07:00:00,0.728,0.7303,0.7247,0.7268,115351.0
1756447200000,2025-08-29 08:00:00,0.7268,0.7283,0.7151,0.7196,339435.4
1756450800000,2025-08-29 09:00:00,0.7196,0.7196,0.6927,0.6946,1144476.9
1756454400000,2025-08-29 10:00:00,0.6946,0.6964,0.6859,0.6869,380426.9
1756458000000,2025-08-29 11:00:00,0.6869,0.691,0.6816,0.6894,294096.1
1756461600000,2025-08-29 12:00:00,0.6894,0.6936,0.6887,0.6927,128883.2
1756465200000,2025-08-29 13:00:00,0.6927,0.6966,0.6865,0.6889,284056.9
1756468800000,2025-08-29 14:00:00,0.6889,0.7142,0.6885,0.7007,699251.2
1756472400000,2025-08-29 15:00:00,0.7007,0.7016,0.6876,0.6933,395444.0
1756476000000,2025-08-29 16:00:00,0.6933,0.6982,0.6817,0.6895,535477.9
1756479600000,2025-08-29 17:00:00,0.6895,0.6954,0.6848,0.687,132277.9
1756483200000,2025-08-29 18:00:00,0.687,0.6887,0.6803,0.6812,232837.1
1756486800000,2025-08-29 19:00:00,0.6812,0.6812,0.6726,0.6763,302688.4
1756490400000,2025-08-29 20:00:00,0.6763,0.6788,0.672,0.6731,226768.9
1756494000000,2025-08-29 21:00:00,0.6731,0.6841,0.6717,0.6795,248637.6
1756497600000,2025-08-29 22:00:00,0.6795,0.6795,0.6736,0.6749,141284.3
1756501200000,2025-08-29 23:00:00,0.6749,0.6975,0.6701,0.6922,308556.4
1756504800000,2025-08-30 00:00:00,0.6922,0.6922,0.6827,0.6873,223082.2
1756508400000,2025-08-30 01:00:00,0.6873,0.6914,0.6855,0.689,87846.0
1756512000000,2025-08-30 02:00:00,0.689,0.692,0.6854,0.6861,206319.1
1756515600000,2025-08-30 03:00:00,0.6861,0.6894,0.6757,0.6762,128806.2
1756519200000,2025-08-30 04:00:00,0.6762,0.6903,0.6759,0.689,131901.8
1756522800000,2025-08-30 05:00:00,0.689,0.7041,0.6884,0.7008,279617.5
1756526400000,2025-08-30 06:00:00,0.7008,0.7033,0.6994,0.7022,79589.9
1756530000000,2025-08-30 07:00:00,0.7022,0.7077,0.7014,0.7028,239051.2
1756533600000,2025-08-30 08:00:00,0.7028,0.71,0.7028,0.7063,90876.7
1756537200000,2025-08-30 09:00:00,0.7063,0.7129,0.706,0.7119,117290.2
1756540800000,2025-08-30 10:00:00,0.7119,0.7122,0.7078,0.7087,53540.9
1756544400000,2025-08-30 11:00:00,0.7087,0.7108,0.7056,0.706,106539.9
1756548000000,2025-08-30 12:00:00,0.706,0.7118,0.7057,0.7095,62924.6
1756551600000,2025-08-30 13:00:00,0.7095,0.7098,0.7063,0.7079,61204.5
1756555200000,2025-08-30 14:00:00,0.7079,0.7084,0.6995,0.7018,264165.0
1756558800000,2025-08-30 15:00:00,0.7018,0.7018,0.6949,0.701,215768.7
1756562400000,2025-08-30 16:00:00,0.701,0.7026,0.6973,0.7013,81254.9
1756566000000,2025-08-30 17:00:00,0.7013,0.7085,0.6998,0.7085,80954.2
1756569600000,2025-08-30 18:00:00,0.7085,0.709,0.6988,0.6992,114781.7
1756573200000,2025-08-30 19:00:00,0.6992,0.7027,0.6978,0.7002,105155.4
1756576800000,2025-08-30 20:00:00,0.7002,0.7021,0.6978,0.7004,79348.8
1756580400000,2025-08-30 21:00:00,0.7004,0.7033,0.6969,0.7033,51725.3
1756584000000,2025-08-30 22:00:00,0.7033,0.7033,0.6983,0.7016,59635.8
1756587600000,2025-08-30 23:00:00,0.7016,0.7035,0.6992,0.7012,38805.8
1756591200000,2025-08-31 00:00:00,0.7012,0.7032,0.699,0.7024,48842.7
1756594800000,2025-08-31 01:00:00,0.7024,0.7054,0.7015,0.7034,88479.2
1756598400000,2025-08-31 02:00:00,0.7034,0.7143,0.7027,0.7132,114120.0
1756602000000,2025-08-31 03:00:00,0.7132,0.7187,0.7131,0.7167,121289.5
1756605600000,2025-08-31 04:00:00,0.7167,0.7189,0.7147,0.7169,44439.6
1756609200000,2025-08-31 05:00:00,0.7169,0.7198,0.7136,0.7184,133742.0
1756612800000,2025-08-31 06:00:00,0.7184,0.7195,0.7105,0.7114,75499.0
1756616400000,2025-08-31 07:00:00,0.7114,0.7115,0.7063,0.7076,75428.1
1756620000000,2025-08-31 08:00:00,0.7076,0.7085,0.7047,0.705,37116.8
1756623600000,2025-08-31 09:00:00,0.705,0.7084,0.7032,0.7033,60269.6
1756627200000,2025-08-31 10:00:00,0.7033,0.7087,0.703,0.7082,58368.4
1756630800000,2025-08-31 11:00:00,0.7082,0.7084,0.6993,0.6993,73152.7
1756634400000,2025-08-31 12:00:00,0.6993,0.7002,0.6955,0.6972,85738.1
1756638000000,2025-08-31 13:00:00,0.6972,0.7011,0.6961,0.7011,63371.8
1756641600000,2025-08-31 14:00:00,0.7011,0.7017,0.6937,0.7001,100398.0
1756645200000,2025-08-31 15:00:00,0.7001,0.7012,0.6939,0.696,88296.8
1756648800000,2025-08-31 16:00:00,0.696,0.6963,0.691,0.6919,55424.2
1756652400000,2025-08-31 17:00:00,0.6919,0.6994,0.6917,0.6966,77536.1
1756656000000,2025-08-31 18:00:00,0.6966,0.6966,0.6923,0.6938,31183.6
1756659600000,2025-08-31 19:00:00,0.6938,0.6947,0.6912,0.6915,83727.0
1756663200000,2025-08-31 20:00:00,0.6915,0.6975,0.6915,0.6973,49140.4
1756666800000,2025-08-31 21:00:00,0.6973,0.6973,0.6847,0.6871,165487.8
1756670400000,2025-08-31 22:00:00,0.6871,0.693,0.6867,0.6926,84748.3
1756674000000,2025-08-31 23:00:00,0.6926,0.697,0.6905,0.6953,119503.7
1756677600000,2025-09-01 00:00:00,0.6953,0.6955,0.6874,0.6886,104875.7
1756681200000,2025-09-01 01:00:00,0.6886,0.6887,0.6783,0.6792,154873.8
1756684800000,2025-09-01 02:00:00,0.6792,0.6793,0.6693,0.671,298707.7
1756688400000,2025-09-01 03:00:00,0.671,0.6761,0.6647,0.6722,366456.2
1756692000000,2025-09-01 04:00:00,0.6722,0.6726,0.6595,0.6625,157063.3
1756695600000,2025-09-01 05:00:00,0.6625,0.6663,0.6609,0.6649,99118.9
1756699200000,2025-09-01 06:00:00,0.6649,0.6666,0.657,0.6595,155878.6
1756702800000,2025-09-01 07:00:00,0.6595,0.667,0.6571,0.6641,90323.2
1756706400000,2025-09-01 08:00:00,0.6641,0.6659,0.659,0.6646,133448.9
1756710000000,2025-09-01 09:00:00,0.6646,0.6845,0.6616,0.6845,405817.3
1756713600000,2025-09-01 10:00:00,0.6845,0.6985,0.6839,0.6969,337992.3
1756717200000,2025-09-01 11:00:00,0.6969,0.698,0.6843,0.6851,222634.0
1756720800000,2025-09-01 12:00:00,0.6851,0.6851,0.6726,0.6762,144936.4
1756724400000,2025-09-01 13:00:00,0.6762,0.6773,0.6684,0.6699,190678.2
1756728000000,2025-09-01 14:00:00,0.6699,0.6739,0.6672,0.6698,166878.3
1756731600000,2025-09-01 15:00:00,0.6698,0.6721,0.6634,0.6646,204024.6
1756735200000,2025-09-01 16:00:00,0.6646,0.6689,0.6616,0.6648,80677.4
1756738800000,2025-09-01 17:00:00,0.6648,0.6662,0.661,0.6623,71789.6
1756742400000,2025-09-01 18:00:00,0.6623,0.6652,0.6585,0.6611,176775.7
1756746000000,2025-09-01 19:00:00,0.6611,0.6632,0.6548,0.657,215717.8
1756749600000,2025-09-01 20:00:00,0.657,0.6637,0.6568,0.6612,58696.7
1756753200000,2025-09-01 21:00:00,0.6612,0.6637,0.6599,0.6637,48035.6
1756756800000,2025-09-01 22:00:00,0.6637,0.6637,0.6446,0.6519,562775.7
1756760400000,2025-09-01 23:00:00,0.6519,0.6526,0.6427,0.6487,182922.8
1756764000000,2025-09-02 00:00:00,0.6487,0.6522,0.644,0.649,83862.6
1756767600000,2025-09-02 01:00:00,0.649,0.6609,0.6487,0.6595,80726.6
1756771200000,2025-09-02 02:00:00,0.6595,0.6624,0.6581,0.6601,95319.9
1756774800000,2025-09-02 03:00:00,0.6601,0.6681,0.6575,0.6636,79589.8
1756778400000,2025-09-02 04:00:00,0.6636,0.6752,0.6631,0.6751,103576.9
1756782000000,2025-09-02 05:00:00,0.6751,0.6891,0.6736,0.6803,340034.7
1756785600000,2025-09-02 06:00:00,0.6803,0.6845,0.6777,0.6832,86832.9
1756789200000,2025-09-02 07:00:00,0.6832,0.6833,0.6783,0.6801,33731.6
1756792800000,2025-09-02 08:00:00,0.6801,0.6841,0.6797,0.6831,51109.6
1756796400000,2025-09-02 09:00:00,0.6831,0.6831,0.6736,0.6754,119101.9
1756800000000,2025-09-02 10:00:00,0.6754,0.6787,0.6736,0.6752,82704.5
1756803600000,2025-09-02 11:00:00,0.6752,0.6764,0.6733,0.676,58324.0
1756807200000,2025-09-02 12:00:00,0.676,0.6764,0.6717,0.6735,66336.5
1756810800000,2025-09-02 13:00:00,0.6735,0.6735,0.6686,0.6695,39606.8
1756814400000,2025-09-02 14:00:00,0.6695,0.6703,0.6548,0.6555,180811.7
1756818000000,2025-09-02 15:00:00,0.6555,0.6817,0.6554,0.6793,316094.2
1756821600000,2025-09-02 16:00:00,0.6793,0.6826,0.6741,0.6766,100264.5
1756825200000,2025-09-02 17:00:00,0.6766,0.6769,0.6619,0.6635,92866.1
1756828800000,2025-09-02 18:00:00,0.6635,0.6707,0.6635,0.6689,189870.3
1756832400000,2025-09-02 19:00:00,0.6689,0.6749,0.6688,0.6718,68062.6
1756836000000,2025-09-02 20:00:00,0.6718,0.6725,0.6627,0.6689,73935.7
1756839600000,2025-09-02 21:00:00,0.6689,0.6736,0.6655,0.6678,94608.3
1756843200000,2025-09-02 22:00:00,0.6678,0.6791,0.6663,0.6772,155356.5
1756846800000,2025-09-02 23:00:00,0.6772,0.6809,0.6765,0.6802,37427.3
1756850400000,2025-09-03 00:00:00,0.6802,0.6807,0.6772,0.6807,33966.5
1756854000000,2025-09-03 01:00:00,0.6807,0.6812,0.678,0.6805,48471.3
1756857600000,2025-09-03 02:00:00,0.6805,0.6827,0.6769,0.6773,56790.8
1756861200000,2025-09-03 03:00:00,0.6773,0.6814,0.6739,0.6814,54225.6
1756864800000,2025-09-03 04:00:00,0.6814,0.6838,0.6782,0.6786,65162.8
1756868400000,2025-09-03 05:00:00,0.6786,0.6793,0.6734,0.6759,39595.0
1756872000000,2025-09-03 06:00:00,0.6759,0.677,0.6731,0.6753,32452.9
1756875600000,2025-09-03 07:00:00,0.6753,0.6755,0.6696,0.6706,40847.0
1756879200000,2025-09-03 08:00:00,0.6706,0.672,0.6654,0.6698,81636.9
1756882800000,2025-09-03 09:00:00,0.6698,0.6715,0.6674,0.6715,43026.2
1756886400000,2025-09-03 10:00:00,0.6715,0.6751,0.6693,0.6711,51493.6
1756890000000,2025-09-03 11:00:00,0.6711,0.675,0.6674,0.675,76114.2
1756893600000,2025-09-03 12:00:00,0.675,0.6771,0.6729,0.6754,105606.3
1756897200000,2025-09-03 13:00:00,0.6754,0.6777,0.6733,0.6733,99138.2
1756900800000,2025-09-03 14:00:00,0.6733,0.6769,0.6688,0.6694,63212.6
1756904400000,2025-09-03 15:00:00,0.6694,0.6819,0.6694,0.6777,169541.3
1756908000000,2025-09-03 16:00:00,0.6777,0.6875,0.6759,0.6864,236927.8
1756911600000,2025-09-03 17:00:00,0.6864,0.6884,0.6844,0.6878,136408.6
1756915200000,2025-09-03 18:00:00,0.6878,0.6896,0.6835,0.6845,94606.6
1756918800000,2025-09-03 19:00:00,0.6845,0.6907,0.6845,0.6879,112433.4
1756922400000,2025-09-03 20:00:00,0.6879,0.6891,0.6857,0.6875,42423.6
1756926000000,2025-09-03 21:00:00,0.6875,0.6913,0.6858,0.6908,45469.1
1756929600000,2025-09-03 22:00:00,0.6908,0.6921,0.6866,0.6898,79877.0
1756933200000,2025-09-03 23:00:00,0.6898,0.6937,0.6898,0.6935,37298.3
1756936800000,2025-09-04 00:00:00,0.6935,0.6964,0.6887,0.6908,53889.1
1756940400000,2025-09-04 01:00:00,0.6908,0.6913,0.688,0.6885,30639.8
1756944000000,2025-09-04 02:00:00,0.6885,0.6919,0.6885,0.6909,62211.6
1756947600000,2025-09-04 03:00:00,0.6909,0.6913,0.6851,0.6874,39593.4
1756951200000,2025-09-04 04:00:00,0.6874,0.6879,0.6779,0.6794,193338.1
1756954800000,2025-09-04 05:00:00,0.6794,0.6794,0.6727,0.6734,60588.9
1756958400000,2025-09-04 06:00:00,0.6734,0.6741,0.6693,0.6693,114028.7
1756962000000,2025-09-04 07:00:00,0.6693,0.6695,0.6625,0.6647,120750.7
1756965600000,2025-09-04 08:00:00,0.6647,0.6648,0.6548,0.6597,277022.6
1756969200000,2025-09-04 09:00:00,0.6597,0.6643,0.6596,0.6638,64104.8
1756972800000,2025-09-04 10:00:00,0.6638,0.6666,0.6602,0.6603,74361.9
1756976400000,2025-09-04 11:00:00,0.6603,0.6634,0.6601,0.6625,65016.1
1756980000000,2025-09-04 12:00:00,0.6625,0.6649,0.6603,0.6604,59488.9
1756983600000,2025-09-04 13:00:00,0.6604,0.6647,0.6589,0.6589,71117.4
1756987200000,2025-09-04 14:00:00,0.6589,0.6626,0.6541,0.6614,227030.2
1756990800000,2025-09-04 15:00:00,0.6614,0.6629,0.6561,0.6583,99487.7
1756994400000,2025-09-04 16:00:00,0.6583,0.6588,0.6506,0.6534,149415.7
1756998000000,2025-09-04 17:00:00,0.6534,0.6534,0.6475,0.6501,133419.0
1757001600000,2025-09-04 18:00:00,0.6501,0.6521,0.6479,0.6509,159953.1
1757005200000,2025-09-04 19:00:00,0.6509,0.654,0.648,0.6497,85911.0
1757008800000,2025-09-04 20:00:00,0.6497,0.6518,0.6417,0.6445,129020.0
1757012400000,2025-09-04 21:00:00,0.6445,0.6488,0.6433,0.6435,90590.3
1757016000000,2025-09-04 22:00:00,0.6435,0.6503,0.6428,0.6464,87600.2
1757019600000,2025-09-04 23:00:00,0.6464,0.6527,0.6461,0.6521,41350.5
1757023200000,2025-09-05 00:00:00,0.6521,0.6572,0.6506,0.6558,58735.5
1757026800000,2025-09-05 01:00:00,0.6558,0.6575,0.6466,0.6466,24006.5
1757030400000,2025-09-05 02:00:00,0.6466,0.654,0.6456,0.6522,77316.2
1757034000000,2025-09-05 03:00:00,0.6522,0.6576,0.6517,0.6571,83892.5
1757037600000,2025-09-05 04:00:00,0.6571,0.6605,0.6564,0.66,79455.8
1757041200000,2025-09-05 05:00:00,0.66,0.6637,0.6578,0.6616,99839.2
1757044800000,2025-09-05 06:00:00,0.6616,0.6618,0.6586,0.6594,65577.9
1757048400000,2025-09-05 07:00:00,0.6594,0.6621,0.6581,0.662,19069.6
1757052000000,2025-09-05 08:00:00,0.662,0.6637,0.6591,0.6621,74112.0
1757055600000,2025-09-05 09:00:00,0.6621,0.6799,0.6621,0.6779,134226.6
1757059200000,2025-09-05 10:00:00,0.6779,0.6796,0.673,0.6737,62818.7
1757062800000,2025-09-05 11:00:00,0.6737,0.6743,0.6686,0.6741,44703.8
1757066400000,2025-09-05 12:00:00,0.6741,0.6762,0.6725,0.6726,30745.3
1757070000000,2025-09-05 13:00:00,0.6726,0.6741,0.6705,0.6725,28667.0
1757073600000,2025-09-05 14:00:00,0.6725,0.6831,0.6717,0.6826,208780.9
1757077200000,2025-09-05 15:00:00,0.6826,0.6853,0.6791,0.681,107358.0
1757080800000,2025-09-05 16:00:00,0.681,0.681,0.6579,0.6589,326053.5
1757084400000,2025-09-05 17:00:00,0.6589,0.6665,0.6574,0.6635,111717.3
1757088000000,2025-09-05 18:00:00,0.6635,0.6663,0.6611,0.6657,52060.6
1757091600000,2025-09-05 19:00:00,0.6657,0.6657,0.6579,0.6609,60100.0
1757095200000,2025-09-05 20:00:00,0.6609,0.6664,0.6579,0.6653,153480.2
1757098800000,2025-09-05 21:00:00,0.6653,0.67,0.6653,0.67,45307.8
1757102400000,2025-09-05 22:00:00,0.67,0.6729,0.6669,0.6725,92545.2
1757106000000,2025-09-05 23:00:00,0.6725,0.6733,0.6638,0.6666,126427.7
1757109600000,2025-09-06 00:00:00,0.6666,0.6733,0.6664,0.6725,53553.2
1757113200000,2025-09-06 01:00:00,0.6725,0.6741,0.6693,0.67,42519.5
1757116800000,2025-09-06 02:00:00,0.67,0.6731,0.6676,0.6723,34597.8
1757120400000,2025-09-06 03:00:00,0.6723,0.6737,0.6707,0.6724,17804.7
1757124000000,2025-09-06 04:00:00,0.6724,0.6731,0.6677,0.6715,22758.4
1757127600000,2025-09-06 05:00:00,0.6715,0.674,0.6708,0.6713,14259.2
1757131200000,2025-09-06 06:00:00,0.6713,0.6715,0.6653,0.6674,47226.3
1757134800000,2025-09-06 07:00:00,0.6674,0.6676,0.6635,0.6653,49561.2
1757138400000,2025-09-06 08:00:00,0.6653,0.6675,0.6641,0.6649,24537.9
1757142000000,2025-09-06 09:00:00,0.6649,0.6651,0.6613,0.6632,39983.4
1757145600000,2025-09-06 10:00:00,0.6632,0.6642,0.6588,0.6601,58622.1
1757149200000,2025-09-06 11:00:00,0.6601,0.6601,0.6566,0.6569,41408.4
1757152800000,2025-09-06 12:00:00,0.6569,0.6618,0.6562,0.6617,49733.2
1757156400000,2025-09-06 13:00:00,0.6617,0.6621,0.6564,0.6587,84535.0
1757160000000,2025-09-06 14:00:00,0.6587,0.6605,0.6556,0.656,56680.2
1757163600000,2025-09-06 15:00:00,0.656,0.658,0.6551,0.6571,52760.8
1757167200000,2025-09-06 16:00:00,0.6571,0.6638,0.6563,0.663,94702.8
1757170800000,2025-09-06 17:00:00,0.663,0.6632,0.6561,0.6577,195640.7
1757174400000,2025-09-06 18:00:00,0.6577,0.6659,0.6564,0.6638,230522.4
1757178000000,2025-09-06 19:00:00,0.6638,0.6639,0.657,0.659,64821.1
1757181600000,2025-09-06 20:00:00,0.659,0.6625,0.6584,0.6608,41354.6
1757185200000,2025-09-06 21:00:00,0.6608,0.6612,0.6531,0.6551,41450.1
1757188800000,2025-09-06 22:00:00,0.6551,0.663,0.6548,0.6628,98644.5
1757192400000,2025-09-06 23:00:00,0.6628,0.6646,0.6613,0.6646,55653.4
1757196000000,2025-09-07 00:00:00,0.6646,0.6655,0.6613,0.6625,78456.4
1757199600000,2025-09-07 01:00:00,0.6625,0.6659,0.6622,0.6635,26125.8
1757203200000,2025-09-07 02:00:00,0.6635,0.6659,0.6625,0.6647,25180.8
1757206800000,2025-09-07 03:00:00,0.6647,0.6741,0.6647,0.6728,104152.3
1757210400000,2025-09-07 04:00:00,0.6728,0.6728,0.6688,0.6711,34340.4
1757214000000,2025-09-07 05:00:00,0.6711,0.6733,0.671,0.6733,16949.1
1757217600000,2025-09-07 06:00:00,0.6733,0.675,0.6722,0.675,33874.1
1757221200000,2025-09-07 07:00:00,0.675,0.6782,0.674,0.678,35704.7
1757224800000,2025-09-07 08:00:00,0.678,0.6783,0.6719,0.6719,47944.3
1757228400000,2025-09-07 09:00:00,0.6719,0.6763,0.6701,0.6728,54038.3
1757232000000,2025-09-07 10:00:00,0.6728,0.6787,0.6728,0.674,51809.7
1757235600000,2025-09-07 11:00:00,0.674,0.674,0.6676,0.6699,36506.5
1757239200000,2025-09-07 12:00:00,0.6699,0.6712,0.6675,0.6704,73703.6
1757242800000,2025-09-07 13:00:00,0.6704,0.6727,0.6704,0.6727,21488.6
1757246400000,2025-09-07 14:00:00,0.6727,0.673,0.669,0.6704,40218.4
1757250000000,2025-09-07 15:00:00,0.6704,0.6741,0.6701,0.6707,35691.3
1757253600000,2025-09-07 16:00:00,0.6707,0.6715,0.665,0.6704,47557.6
1757257200000,2025-09-07 17:00:00,0.6704,0.6714,0.6661,0.67,86330.6
1757260800000,2025-09-07 18:00:00,0.67,0.6708,0.6633,0.6652,117727.1
1757264400000,2025-09-07 19:00:00,0.6652,0.6668,0.6617,0.6617,54101.7
1757268000000,2025-09-07 20:00:00,0.6617,0.6639,0.6593,0.6616,37980.1
1757271600000,2025-09-07 21:00:00,0.6616,0.6637,0.6587,0.6587,66337.0
1757275200000,2025-09-07 22:00:00,0.6587,0.659,0.6561,0.659,88270.7
1757278800000,2025-09-07 23:00:00,0.659,0.66,0.656,0.6597,44204.7
1757282400000,2025-09-08 00:00:00,0.6597,0.6635,0.6576,0.6629,56830.8
1757286000000,2025-09-08 01:00:00,0.6629,0.6696,0.6629,0.665,85183.4
1757289600000,2025-09-08 02:00:00,0.665,0.667,0.6613,0.6627,44450.3
1757293200000,2025-09-08 03:00:00,0.6627,0.6654,0.6615,0.6641,29759.9
1757296800000,2025-09-08 04:00:00,0.6641,0.6708,0.662,0.6695,60815.3
1757300400000,2025-09-08 05:00:00,0.6695,0.6734,0.6666,0.6686,124704.2
1757304000000,2025-09-08 06:00:00,0.6686,0.6693,0.6645,0.6671,35139.8
1757307600000,2025-09-08 07:00:00,0.6671,0.6701,0.6646,0.6674,30517.8
1757311200000,2025-09-08 08:00:00,0.6674,0.6703,0.6627,0.668,82350.2
1757314800000,2025-09-08 09:00:00,0.668,0.6694,0.6637,0.665,51494.6
1757318400000,2025-09-08 10:00:00,0.665,0.6735,0.6642,0.6717,112299.1
1757322000000,2025-09-08 11:00:00,0.6717,0.6773,0.6708,0.6773,187836.9
1757325600000,2025-09-08 12:00:00,0.6773,0.6809,0.675,0.6764,122271.5
1757329200000,2025-09-08 13:00:00,0.6764,0.6796,0.6726,0.6777,89671.8
1757332800000,2025-09-08 14:00:00,0.6777,0.6795,0.6758,0.6785,42747.0
1757336400000,2025-09-08 15:00:00,0.6785,0.6846,0.6751,0.676,194683.1
1757340000000,2025-09-08 16:00:00,0.676,0.6869,0.6757,0.6862,99534.5
1757343600000,2025-09-08 17:00:00,0.6862,0.6917,0.6856,0.687,125504.9
1757347200000,2025-09-08 18:00:00,0.687,0.6916,0.6854,0.6865,88865.2
1757350800000,2025-09-08 19:00:00,0.6865,0.6908,0.6835,0.6862,118459.6
1757354400000,2025-09-08 20:00:00,0.6862,0.6905,0.6859,0.6886,99988.8
1757358000000,2025-09-08 21:00:00,0.6886,0.6919,0.6825,0.6852,130996.8
1757361600000,2025-09-08 22:00:00,0.6852,0.6894,0.6819,0.6876,143636.4
1757365200000,2025-09-08 23:00:00,0.6876,0.6901,0.6846,0.6901,55996.3
1757368800000,2025-09-09 00:00:00,0.6901,0.6908,0.6879,0.6883,46885.9
1757372400000,2025-09-09 01:00:00,0.6883,0.6911,0.6868,0.6904,40403.4
1757376000000,2025-09-09 02:00:00,0.6904,0.6951,0.6872,0.6936,114540.3
1757379600000,2025-09-09 03:00:00,0.6936,0.6981,0.6901,0.6901,111333.0
1757383200000,2025-09-09 04:00:00,0.6901,0.6932,0.6813,0.6839,138386.5
1757386800000,2025-09-09 05:00:00,0.6839,0.6963,0.6831,0.6958,81922.2
1757390400000,2025-09-09 06:00:00,0.6958,0.6979,0.6921,0.6974,63236.2
1757394000000,2025-09-09 07:00:00,0.6974,0.6981,0.6938,0.6977,45158.5
1757397600000,2025-09-09 08:00:00,0.6977,0.7095,0.6977,0.7083,150549.3
1757401200000,2025-09-09 09:00:00,0.7083,0.7161,0.7062,0.7076,293254.7
1757404800000,2025-09-09 10:00:00,0.7076,0.7126,0.7072,0.7093,102895.7
1757408400000,2025-09-09 11:00:00,0.7093,0.7141,0.7081,0.709,105324.8
1757412000000,2025-09-09 12:00:00,0.709,0.7128,0.7015,0.7033,152836.0
1757415600000,2025-09-09 13:00:00,0.7033,0.7087,0.7031,0.7038,70099.4
1757419200000,2025-09-09 14:00:00,0.7038,0.7111,0.6978,0.7013,105534.1
1757422800000,2025-09-09 15:00:00,0.7013,0.7042,0.6969,0.7023,77912.6
1757426400000,2025-09-09 16:00:00,0.7023,0.7046,0.6866,0.6921,243978.8
1757430000000,2025-09-09 17:00:00,0.6921,0.6933,0.6819,0.686,134119.0
1757433600000,2025-09-09 18:00:00,0.686,0.6873,0.6819,0.6857,56198.0
1757437200000,2025-09-09 19:00:00,0.6857,0.6908,0.6841,0.6857,59765.3
1757440800000,2025-09-09 20:00:00,0.6857,0.6886,0.6841,0.6859,43680.1
1757444400000,2025-09-09 21:00:00,0.6859,0.6916,0.6845,0.6889,49470.1
1757448000000,2025-09-09 22:00:00,0.6889,0.6894,0.6846,0.6884,32868.3
1757451600000,2025-09-09 23:00:00,0.6884,0.6921,0.6842,0.6844,57120.0
1757455200000,2025-09-10 00:00:00,0.6844,0.6876,0.6834,0.6874,28075.3
1757458800000,2025-09-10 01:00:00,0.6874,0.69,0.686,0.6875,17800.1
1757462400000,2025-09-10 02:00:00,0.6875,0.6894,0.6819,0.6825,49378.8
1757466000000,2025-09-10 03:00:00,0.6825,0.69,0.6811,0.6862,73446.3
1757469600000,2025-09-10 04:00:00,0.6862,0.6967,0.6862,0.6957,79835.5
1757473200000,2025-09-10 05:00:00,0.6957,0.6972,0.6919,0.6941,44601.4
1757476800000,2025-09-10 06:00:00,0.6941,0.6974,0.6935,0.6963,44900.2
1757480400000,2025-09-10 07:00:00,0.6963,0.6987,0.6929,0.6966,68104.1
1757484000000,2025-09-10 08:00:00,0.6966,0.6972,0.6928,0.6953,62230.0
1757487600000,2025-09-10 09:00:00,0.6953,0.6982,0.6931,0.6955,84074.4
1757491200000,2025-09-10 10:00:00,0.6955,0.697,0.69,0.692,122079.3
1757494800000,2025-09-10 11:00:00,0.692,0.6924,0.6874,0.6909,107664.1
1757498400000,2025-09-10 12:00:00,0.6909,0.6916,0.6857,0.6865,63542.3
1757502000000,2025-09-10 13:00:00,0.6865,0.6889,0.6849,0.6877,63902.4
1757505600000,2025-09-10 14:00:00,0.6877,0.7,0.6872,0.6984,462023.5
1757509200000,2025-09-10 15:00:00,0.6984,0.7466,0.6925,0.7026,1473066.3
1757512800000,2025-09-10 16:00:00,0.7026,0.7089,0.7015,0.7016,151361.9
1757516400000,2025-09-10 17:00:00,0.7016,0.7049,0.7001,0.7005,82213.9
1757520000000,2025-09-10 18:00:00,0.7005,0.7016,0.6931,0.7012,74874.9
1757523600000,2025-09-10 19:00:00,0.7012,0.7036,0.6944,0.6982,133959.3
1757527200000,2025-09-10 20:00:00,0.6982,0.699,0.6905,0.695,66790.1
1757530800000,2025-09-10 21:00:00,0.695,0.6954,0.6787,0.6857,754231.3
1757534400000,2025-09-10 22:00:00,0.6857,0.6909,0.6849,0.6877,260951.9
1757538000000,2025-09-10 23:00:00,0.6877,0.6935,0.6873,0.6919,79002.8
1757541600000,2025-09-11 00:00:00,0.6919,0.6965,0.691,0.6959,43307.5
1757545200000,2025-09-11 01:00:00,0.6959,0.698,0.6948,0.6955,38032.7
1757548800000,2025-09-11 02:00:00,0.6955,0.6986,0.6949,0.6978,54420.3
1757552400000,2025-09-11 03:00:00,0.6978,0.701,0.6969,0.7001,68069.2
1757556000000,2025-09-11 04:00:00,0.7001,0.703,0.6992,0.7007,54299.7
1757559600000,2025-09-11 05:00:00,0.7007,0.7066,0.6999,0.7042,70436.3
1757563200000,2025-09-11 06:00:00,0.7042,0.7075,0.7024,0.7048,77087.7
1757566800000,2025-09-11 07:00:00,0.7048,0.7068,0.698,0.705,118356.3
1757570400000,2025-09-11 08:00:00,0.705,0.7109,0.7018,0.71,94002.0
1757574000000,2025-09-11 09:00:00,0.71,0.7155,0.7089,0.71,102777.5
1757577600000,2025-09-11 10:00:00,0.71,0.712,0.708,0.7091,141269.4
1757581200000,2025-09-11 11:00:00,0.7091,0.7091,0.7038,0.7044,52247.1
1757584800000,2025-09-11 12:00:00,0.7044,0.705,0.7012,0.7022,77145.8
1757588400000,2025-09-11 13:00:00,0.7022,0.7041,0.6957,0.6958,135154.6
1757592000000,2025-09-11 14:00:00,0.6958,0.7062,0.6895,0.6983,292569.4
1757595600000,2025-09-11 15:00:00,0.6983,0.6994,0.6877,0.699,215746.4
1757599200000,2025-09-11 16:00:00,0.699,0.6991,0.6823,0.6935,165681.7
1757602800000,2025-09-11 17:00:00,0.6935,0.6945,0.69,0.6908,109588.2
1757606400000,2025-09-11 18:00:00,0.6908,0.6956,0.6897,0.6922,34328.2
1757610000000,2025-09-11 19:00:00,0.6922,0.6956,0.6918,0.6943,25289.2
1757613600000,2025-09-11 20:00:00,0.6943,0.6946,0.6901,0.6911,41348.5
1757617200000,2025-09-11 21:00:00,0.6911,0.6974,0.6902,0.6967,55105.0
1757620800000,2025-09-11 22:00:00,0.6967,0.6997,0.6962,0.6973,47957.0
1757624400000,2025-09-11 23:00:00,0.6973,0.6999,0.6973,0.6993,64182.6
1757628000000,2025-09-12 00:00:00,0.6993,0.7035,0.6981,0.7019,49259.7
1757631600000,2025-09-12 01:00:00,0.7019,0.7067,0.7013,0.7056,74057.7
1757635200000,2025-09-12 02:00:00,0.7056,0.7124,0.7027,0.7084,125802.4
1757638800000,2025-09-12 03:00:00,0.7084,0.7096,0.702,0.7023,234904.8
1757642400000,2025-09-12 04:00:00,0.7023,0.7062,0.7023,0.7032,58426.8
1757646000000,2025-09-12 05:00:00,0.7032,0.7037,0.6958,0.7002,213163.2
1757649600000,2025-09-12 06:00:00,0.7002,0.7032,0.6986,0.7021,119286.9
1757653200000,2025-09-12 07:00:00,0.7021,0.7095,0.701,0.7094,58293.9
1757656800000,2025-09-12 08:00:00,0.7094,0.711,0.7046,0.7059,82584.5
1757660400000,2025-09-12 09:00:00,0.7059,0.7081,0.7028,0.7051,33595.7
1757664000000,2025-09-12 10:00:00,0.7051,0.7051,0.6998,0.7004,49941.0
1757667600000,2025-09-12 11:00:00,0.7004,0.7017,0.6952,0.6981,67584.4
1757671200000,2025-09-12 12:00:00,0.6981,0.703,0.6965,0.7029,169276.9
1757674800000,2025-09-12 13:00:00,0.7029,0.7053,0.6985,0.6986,87118.1
1757678400000,2025-09-12 14:00:00,0.6986,0.7025,0.6952,0.702,97764.2
1757682000000,2025-09-12 15:00:00,0.702,0.7073,0.7004,0.7065,57056.8
1757685600000,2025-09-12 16:00:00,0.7065,0.7122,0.7049,0.7085,138241.9
1757689200000,2025-09-12 17:00:00,0.7085,0.7093,0.7007,0.7052,75192.7
1757692800000,2025-09-12 18:00:00,0.7052,0.7142,0.7047,0.713,86323.2
1757696400000,2025-09-12 19:00:00,0.713,0.7251,0.7115,0.7202,208882.0
1757700000000,2025-09-12 20:00:00,0.7202,0.7248,0.7191,0.7248,77237.1
1757703600000,2025-09-12 21:00:00,0.7248,0.7248,0.7204,0.7225,51543.9
1757707200000,2025-09-12 22:00:00,0.7225,0.7239,0.7167,0.7236,132721.2
1757710800000,2025-09-12 23:00:00,0.7236,0.7236,0.7163,0.7189,87206.4
1757714400000,2025-09-13 00:00:00,0.7189,0.7289,0.7189,0.7273,95677.0
1757718000000,2025-09-13 01:00:00,0.7273,0.728,0.7243,0.7262,229398.3
1757721600000,2025-09-13 02:00:00,0.7262,0.7275,0.7238,0.7271,85787.4
1757725200000,2025-09-13 03:00:00,0.7271,0.7324,0.7252,0.7252,71212.9
1757728800000,2025-09-13 04:00:00,0.7252,0.7284,0.7226,0.7257,26924.5
1757732400000,2025-09-13 05:00:00,0.7257,0.7316,0.7251,0.731,44792.3
1757736000000,2025-09-13 06:00:00,0.731,0.7317,0.7285,0.7294,46491.0
1757739600000,2025-09-13 07:00:00,0.7294,0.7309,0.7252,0.7308,26917.5
1757743200000,2025-09-13 08:00:00,0.7308,0.7331,0.729,0.7308,53120.6
1757746800000,2025-09-13 09:00:00,0.7308,0.7316,0.7261,0.7264,30735.0
1757750400000,2025-09-13 10:00:00,0.7264,0.7338,0.7254,0.7332,56962.2
1757754000000,2025-09-13 11:00:00,0.7332,0.7363,0.7318,0.7351,53057.8
1757757600000,2025-09-13 12:00:00,0.7351,0.7365,0.7313,0.7354,61293.2
1757761200000,2025-09-13 13:00:00,0.7354,0.7354,0.7293,0.7335,79929.6
1757764800000,2025-09-13 14:00:00,0.7335,0.7344,0.7309,0.7335,56048.5
1757768400000,2025-09-13 15:00:00,0.7335,0.7344,0.7132,0.7229,183052.6
1757772000000,2025-09-13 16:00:00,0.7229,0.7277,0.7157,0.7248,81151.5
1757775600000,2025-09-13 17:00:00,0.7248,0.7285,0.7171,0.7216,410603.3
1757779200000,2025-09-13 18:00:00,0.7216,0.7248,0.7134,0.7168,137067.3
1757782800000,2025-09-13 19:00:00,0.7168,0.7184,0.7085,0.7177,93597.9
1757786400000,2025-09-13 20:00:00,0.7177,0.7191,0.7149,0.7189,39267.7
1757790000000,2025-09-13 21:00:00,0.7189,0.719,0.7153,0.717,49293.0
1757793600000,2025-09-13 22:00:00,0.717,0.7209,0.7169,0.7193,50269.2
1757797200000,2025-09-13 23:00:00,0.7193,0.7236,0.7185,0.721,33109.3
1757800800000,2025-09-14 00:00:00,0.721,0.7242,0.7195,0.721,25124.1
1757804400000,2025-09-14 01:00:00,0.721,0.7235,0.7199,0.7217,14905.1
1757808000000,2025-09-14 02:00:00,0.7217,0.7233,0.7116,0.7128,60869.0
1757811600000,2025-09-14 03:00:00,0.7128,0.7157,0.707,0.7154,67493.1
1757815200000,2025-09-14 04:00:00,0.7154,0.7191,0.7138,0.7166,41232.9
1757818800000,2025-09-14 05:00:00,0.7166,0.7178,0.7066,0.7076,48647.7
1757822400000,2025-09-14 06:00:00,0.7076,0.7112,0.7015,0.7087,71266.0
1757826000000,2025-09-14 07:00:00,0.7087,0.7153,0.7084,0.715,23341.0
1757829600000,2025-09-14 08:00:00,0.715,0.7162,0.7079,0.7117,42477.7
1757833200000,2025-09-14 09:00:00,0.7117,0.7135,0.7082,0.7104,36795.8
1757836800000,2025-09-14 10:00:00,0.7104,0.7118,0.7063,0.7075,48789.4
1757840400000,2025-09-14 11:00:00,0.7075,0.71,0.7034,0.7088,61394.5
1757844000000,2025-09-14 12:00:00,0.7088,0.709,0.7058,0.7067,44061.4
1757847600000,2025-09-14 13:00:00,0.7067,0.708,0.6918,0.695,222693.6
1757851200000,2025-09-14 14:00:00,0.695,0.6986,0.6881,0.6912,104127.5
1757854800000,2025-09-14 15:00:00,0.6912,0.6933,0.6854,0.6892,69687.1
1757858400000,2025-09-14 16:00:00,0.6892,0.6943,0.678,0.684,293232.7
1757862000000,2025-09-14 17:00:00,0.684,0.6869,0.6783,0.6842,85920.4
1757865600000,2025-09-14 18:00:00,0.6842,0.6911,0.6829,0.6886,74745.5
1757869200000,2025-09-14 19:00:00,0.6886,0.6948,0.6874,0.693,86934.7
1757872800000,2025-09-14 20:00:00,0.693,0.693,0.6885,0.6908,33898.1
1757876400000,2025-09-14 21:00:00,0.6908,0.6938,0.6878,0.6895,36136.7
1757880000000,2025-09-14 22:00:00,0.6895,0.6937,0.6895,0.6903,24066.7
1757883600000,2025-09-14 23:00:00,0.6903,0.6952,0.6862,0.6931,40143.4
1757887200000,2025-09-15 00:00:00,0.6931,0.6963,0.6899,0.6933,29842.2
1757890800000,2025-09-15 01:00:00,0.6933,0.6936,0.6843,0.6871,38988.7
1757894400000,2025-09-15 02:00:00,0.6871,0.6919,0.6864,0.6875,42299.9
1757898000000,2025-09-15 03:00:00,0.6875,0.6924,0.6805,0.6906,74907.5
1757901600000,2025-09-15 04:00:00,0.6906,0.6953,0.6887,0.6898,42185.4
1757905200000,2025-09-15 05:00:00,0.6898,0.6978,0.689,0.6961,36608.0
1757908800000,2025-09-15 06:00:00,0.6961,0.6991,0.6937,0.6939,60533.7
1757912400000,2025-09-15 07:00:00,0.6939,0.7012,0.6931,0.7007,84590.0
1757916000000,2025-09-15 08:00:00,0.7007,0.7007,0.6868,0.6895,100091.6
1757919600000,2025-09-15 09:00:00,0.6895,0.6951,0.6792,0.6809,124237.2
1757923200000,2025-09-15 10:00:00,0.6809,0.6809,0.6656,0.6665,484960.1
1757926800000,2025-09-15 11:00:00,0.6665,0.6756,0.6657,0.6741,109416.9
1757930400000,2025-09-15 12:00:00,0.6741,0.675,0.6687,0.6737,69898.0
1757934000000,2025-09-15 13:00:00,0.6737,0.6758,0.6709,0.6736,71822.5
1757937600000,2025-09-15 14:00:00,0.6736,0.6762,0.6693,0.67,76958.6
1757941200000,2025-09-15 15:00:00,0.67,0.6754,0.6679,0.6709,153843.1
1757944800000,2025-09-15 16:00:00,0.6709,0.6729,0.6635,0.6666,191356.9
1757948400000,2025-09-15 17:00:00,0.6666,0.6698,0.6608,0.6651,139308.1
1757952000000,2025-09-15 18:00:00,0.6651,0.6651,0.657,0.659,191931.0
1757955600000,2025-09-15 19:00:00,0.659,0.6665,0.6578,0.6662,77974.1
1757959200000,2025-09-15 20:00:00,0.6662,0.6679,0.6615,0.6663,88518.3
1757962800000,2025-09-15 21:00:00,0.6663,0.6692,0.6616,0.6676,59486.2
1757966400000,2025-09-15 22:00:00,0.6676,0.6714,0.6666,0.671,31954.6
1757970000000,2025-09-15 23:00:00,0.671,0.671,0.6685,0.6698,43031.9
1757973600000,2025-09-16 00:00:00,0.6698,0.6719,0.6677,0.6699,24534.6
1757977200000,2025-09-16 01:00:00,0.6699,0.6707,0.668,0.6687,26915.8
1757980800000,2025-09-16 02:00:00,0.6687,0.6687,0.6645,0.668,37883.9
1757984400000,2025-09-16 03:00:00,0.668,0.6706,0.6621,0.6622,55011.0
1757988000000,2025-09-16 04:00:00,0.6622,0.6665,0.6622,0.6628,20665.1
1757991600000,2025-09-16 05:00:00,0.6628,0.6658,0.6621,0.6627,22084.2
1757995200000,2025-09-16 06:00:00,0.6627,0.6665,0.657,0.6664,74501.0
1757998800000,2025-09-16 07:00:00,0.6664,0.6716,0.6657,0.6708,56363.4
1758002400000,2025-09-16 08:00:00,0.6708,0.6743,0.6675,0.6699,87824.1
1758006000000,2025-09-16 09:00:00,0.6699,0.6769,0.6698,0.6734,59984.9
1758009600000,2025-09-16 10:00:00,0.6734,0.6799,0.6732,0.6791,69210.3
1758013200000,2025-09-16 11:00:00,0.6791,0.6815,0.6747,0.6782,101246.3
1758016800000,2025-09-16 12:00:00,0.6782,0.6786,0.6738,0.6742,49665.2
1758020400000,2025-09-16 13:00:00,0.6742,0.676,0.6723,0.6744,53035.4
1758024000000,2025-09-16 14:00:00,0.6744,0.679,0.6733,0.6778,54304.3
1758027600000,2025-09-16 15:00:00,0.6778,0.6851,0.673,0.679,179224.5
1758031200000,2025-09-16 16:00:00,0.679,0.6803,0.6699,0.6798,125695.5
1758034800000,2025-09-16 17:00:00,0.6798,0.6848,0.6752,0.6848,96154.9
1758038400000,2025-09-16 18:00:00,0.6848,0.6848,0.6748,0.6756,140192.0
1758042000000,2025-09-16 19:00:00,0.6756,0.6864,0.6755,0.6818,104717.9
1758045600000,2025-09-16 20:00:00,0.6818,0.6843,0.6785,0.6804,50567.0
1758049200000,2025-09-16 21:00:00,0.6804,0.6825,0.6787,0.6803,57992.2
1758052800000,2025-09-16 22:00:00,0.6803,0.6808,0.6781,0.6794,20685.1
1758056400000,2025-09-16 23:00:00,0.6794,0.68,0.6764,0.679,35777.7
1758060000000,2025-09-17 00:00:00,0.679,0.6839,0.6781,0.6816,58532.5
1758063600000,2025-09-17 01:00:00,0.6816,0.6816,0.6757,0.6771,27114.7
1758067200000,2025-09-17 02:00:00,0.6771,0.6797,0.6756,0.6786,34415.8
1758070800000,2025-09-17 03:00:00,0.6786,0.6813,0.6768,0.6783,75663.0
1758074400000,2025-09-17 04:00:00,0.6783,0.6851,0.6762,0.681,76303.5
1758078000000,2025-09-17 05:00:00,0.681,0.681,0.6732,0.6733,79883.5
1758081600000,2025-09-17 06:00:00,0.6733,0.6768,0.667,0.6697,73959.2
1758085200000,2025-09-17 07:00:00,0.6697,0.6765,0.6687,0.6759,81339.3
1758088800000,2025-09-17 08:00:00,0.6759,0.6776,0.6723,0.6775,56407.8
1758092400000,2025-09-17 09:00:00,0.6775,0.6778,0.6755,0.6762,21541.9
1758096000000,2025-09-17 10:00:00,0.6762,0.6764,0.6675,0.6707,143422.8
1758099600000,2025-09-17 11:00:00,0.6707,0.6707,0.666,0.6662,50723.0
1758103200000,2025-09-17 12:00:00,0.6662,0.668,0.663,0.6654,73612.0
1758106800000,2025-09-17 13:00:00,0.6654,0.6704,0.6654,0.6697,54069.7
1758110400000,2025-09-17 14:00:00,0.6697,0.6715,0.6661,0.6694,37219.3
1758114000000,2025-09-17 15:00:00,0.6694,0.6708,0.6652,0.6679,72778.6
1758117600000,2025-09-17 16:00:00,0.6679,0.6696,0.6646,0.6659,53188.5
1758121200000,2025-09-17 17:00:00,0.6659,0.6687,0.6654,0.6672,63214.4
1758124800000,2025-09-17 18:00:00,0.6672,0.6702,0.6606,0.6691,86341.2
1758128400000,2025-09-17 19:00:00,0.6691,0.6776,0.6665,0.6667,127642.1
1758132000000,2025-09-17 20:00:00,0.6667,0.6794,0.6653,0.6686,371363.8
1758135600000,2025-09-17 21:00:00,0.6686,0.6864,0.6685,0.6843,158144.0
1758139200000,2025-09-17 22:00:00,0.6843,0.6935,0.6807,0.6817,170750.2
1758142800000,2025-09-17 23:00:00,0.6817,0.6933,0.6764,0.6926,52722.7
1758146400000,2025-09-18 00:00:00,0.6926,0.7011,0.6926,0.7005,123715.7
1758150000000,2025-09-18 01:00:00,0.7005,0.7031,0.6962,0.6977,106978.6
1758153600000,2025-09-18 02:00:00,0.6977,0.7003,0.6941,0.6954,66870.1
1758157200000,2025-09-18 03:00:00,0.6954,0.6999,0.6939,0.6977,53185.9
1758160800000,2025-09-18 04:00:00,0.6977,0.6996,0.6938,0.6996,45647.1
1758164400000,2025-09-18 05:00:00,0.6996,0.704,0.6976,0.7016,93376.3
1758168000000,2025-09-18 06:00:00,0.7016,0.7049,0.6997,0.7041,137175.5
1758171600000,2025-09-18 07:00:00,0.7041,0.7041,0.6975,0.7002,99527.7
1758175200000,2025-09-18 08:00:00,0.7002,0.701,0.693,0.6953,92851.7
1758178800000,2025-09-18 09:00:00,0.6953,0.7,0.6919,0.6979,101859.5
1758182400000,2025-09-18 10:00:00,0.6979,0.7036,0.6968,0.7029,83875.4
1758186000000,2025-09-18 11:00:00,0.7029,0.704,0.6988,0.7021,57644.4
1758189600000,2025-09-18 12:00:00,0.7021,0.703,0.6952,0.6975,61621.2
1758193200000,2025-09-18 13:00:00,0.6975,0.699,0.6953,0.6965,72056.1
1758196800000,2025-09-18 14:00:00,0.6965,0.7,0.6941,0.6987,69344.3
1758200400000,2025-09-18 15:00:00,0.6987,0.7039,0.6956,0.7022,117164.5
1758204000000,2025-09-18 16:00:00,0.7022,0.7074,0.7009,0.7029,105667.3
1758207600000,2025-09-18 17:00:00,0.7029,0.7073,0.7013,0.7051,83151.9
1758211200000,2025-09-18 18:00:00,0.7051,0.7132,0.7051,0.7097,180801.6
1758214800000,2025-09-18 19:00:00,0.7097,0.7198,0.709,0.7198,164837.7
1758218400000,2025-09-18 20:00:00,0.7198,0.7243,0.7179,0.7229,193122.7
1758222000000,2025-09-18 21:00:00,0.7229,0.723,0.7126,0.7162,180632.6
1758225600000,2025-09-18 22:00:00,0.7162,0.7207,0.716,0.7187,58412.8
1758229200000,2025-09-18 23:00:00,0.7187,0.7233,0.7156,0.721,77568.4
1758232800000,2025-09-19 00:00:00,0.721,0.7234,0.7159,0.7164,79087.0
1758236400000,2025-09-19 01:00:00,0.7164,0.7228,0.7125,0.7225,81254.6
1758240000000,2025-09-19 02:00:00,0.7225,0.7303,0.7222,0.7303,196675.6
1758243600000,2025-09-19 03:00:00,0.7303,0.7338,0.7247,0.7323,173975.7
1758247200000,2025-09-19 04:00:00,0.7323,0.7356,0.7231,0.7248,203150.9
1758250800000,2025-09-19 05:00:00,0.7248,0.7289,0.7137,0.7157,229306.6
1758254400000,2025-09-19 06:00:00,0.7157,0.7209,0.707,0.7203,216293.8
1758258000000,2025-09-19 07:00:00,0.7203,0.7222,0.7127,0.7148,69639.5
1758261600000,2025-09-19 08:00:00,0.7148,0.7149,0.7045,0.7052,74335.5
1758265200000,2025-09-19 09:00:00,0.7052,0.7108,0.7028,0.7082,127791.3
1758268800000,2025-09-19 10:00:00,0.7082,0.7117,0.7046,0.7058,48232.7
1758272400000,2025-09-19 11:00:00,0.7058,0.7093,0.6967,0.7,150804.7
1758276000000,2025-09-19 12:00:00,0.7,0.7023,0.6966,0.6971,189250.9
1758279600000,2025-09-19 13:00:00,0.6971,0.6971,0.6884,0.6905,189256.1
1758283200000,2025-09-19 14:00:00,0.6905,0.6951,0.6893,0.6914,73601.9
1758286800000,2025-09-19 15:00:00,0.6914,0.6988,0.6909,0.6968,84816.9
1758290400000,2025-09-19 16:00:00,0.6968,0.697,0.6868,0.6898,138133.6
1758294000000,2025-09-19 17:00:00,0.6898,0.6908,0.681,0.6861,304061.8
1758297600000,2025-09-19 18:00:00,0.6861,0.6902,0.6859,0.6884,92105.8
1758301200000,2025-09-19 19:00:00,0.6884,0.6885,0.6819,0.6823,88783.3
1758304800000,2025-09-19 20:00:00,0.6823,0.6848,0.677,0.6814,136698.4
1758308400000,2025-09-19 21:00:00,0.6814,0.6861,0.6812,0.6821,74898.0
1758312000000,2025-09-19 22:00:00,0.6821,0.6858,0.6808,0.6808,56485.3
1758315600000,2025-09-19 23:00:00,0.6808,0.6852,0.6778,0.6842,63370.1
1758319200000,2025-09-20 00:00:00,0.6842,0.6874,0.6808,0.6808,39127.8
1758322800000,2025-09-20 01:00:00,0.6808,0.6808,0.6718,0.677,135772.4
1758326400000,2025-09-20 02:00:00,0.677,0.6804,0.6751,0.6803,58136.5
1758330000000,2025-09-20 03:00:00,0.6803,0.6804,0.6745,0.6759,42074.2
1758333600000,2025-09-20 04:00:00,0.6759,0.6769,0.6697,0.6763,103574.5
1758337200000,2025-09-20 05:00:00,0.6763,0.6807,0.6751,0.6791,66187.1
1758340800000,2025-09-20 06:00:00,0.6791,0.684,0.677,0.6798,127186.7
1758344400000,2025-09-20 07:00:00,0.6798,0.6846,0.6798,0.6841,65119.1
1758348000000,2025-09-20 08:00:00,0.6841,0.6841,0.6798,0.683,24840.6
1758351600000,2025-09-20 09:00:00,0.683,0.687,0.6825,0.685,84553.2
1758355200000,2025-09-20 10:00:00,0.685,0.6851,0.6766,0.6766,75429.6
1758358800000,2025-09-20 11:00:00,0.6766,0.6795,0.6735,0.6755,28293.1
1758362400000,2025-09-20 12:00:00,0.6755,0.6773,0.6721,0.6725,51833.0
1758366000000,2025-09-20 13:00:00,0.6725,0.6788,0.6715,0.6782,70197.5
1758369600000,2025-09-20 14:00:00,0.6782,0.6785,0.6755,0.6778,47688.0
1758373200000,2025-09-20 15:00:00,0.6778,0.679,0.6758,0.6764,26158.8
1758376800000,2025-09-20 16:00:00,0.6764,0.6862,0.6741,0.6852,90064.0
1758380400000,2025-09-20 17:00:00,0.6852,0.6922,0.6852,0.6884,108847.4
1758384000000,2025-09-20 18:00:00,0.6884,0.6907,0.6851,0.689,48287.5
1758387600000,2025-09-20 19:00:00,0.689,0.6891,0.6838,0.6867,26899.7
1758391200000,2025-09-20 20:00:00,0.6867,0.6867,0.681,0.6826,29237.9
1758394800000,2025-09-20 21:00:00,0.6826,0.687,0.6807,0.6822,36405.8
1758398400000,2025-09-20 22:00:00,0.6822,0.6864,0.6813,0.6853,20363.8
1758402000000,2025-09-20 23:00:00,0.6853,0.6899,0.6841,0.6855,55103.1
1758405600000,2025-09-21 00:00:00,0.6855,0.692,0.6837,0.6877,44355.6
1758409200000,2025-09-21 01:00:00,0.6877,0.6877,0.6837,0.685,31008.1
1758412800000,2025-09-21 02:00:00,0.685,0.6877,0.6814,0.686,38111.0
1758416400000,2025-09-21 03:00:00,0.686,0.6876,0.6833,0.6844,43710.6
1758420000000,2025-09-21 04:00:00,0.6844,0.687,0.6798,0.686,59029.3
1758423600000,2025-09-21 05:00:00,0.686,0.689,0.6852,0.689,36576.3
1758427200000,2025-09-21 06:00:00,0.689,0.6894,0.6846,0.687,49693.8
1758430800000,2025-09-21 07:00:00,0.687,0.6951,0.6866,0.6949,76509.8
1758434400000,2025-09-21 08:00:00,0.6949,0.7033,0.6942,0.701,109958.8
1758438000000,2025-09-21 09:00:00,0.701,0.7061,0.6953,0.6958,200401.2
1758441600000,2025-09-21 10:00:00,0.6958,0.6981,0.6929,0.6951,81802.3
1758445200000,2025-09-21 11:00:00,0.6951,0.6957,0.6793,0.6835,225555.4
1758448800000,2025-09-21 12:00:00,0.6835,0.6844,0.6768,0.6772,105422.4
1758452400000,2025-09-21 13:00:00,0.6772,0.6806,0.6724,0.6761,170969.5
1758456000000,2025-09-21 14:00:00,0.6761,0.6854,0.6759,0.6801,198826.1
1758459600000,2025-09-21 15:00:00,0.6801,0.687,0.6798,0.6869,78338.0
1758463200000,2025-09-21 16:00:00,0.6869,0.6875,0.6809,0.6813,53311.1
1758466800000,2025-09-21 17:00:00,0.6813,0.6849,0.6782,0.6793,67502.8
1758470400000,2025-09-21 18:00:00,0.6793,0.6838,0.6746,0.6783,110557.1
1758474000000,2025-09-21 19:00:00,0.6783,0.6812,0.6724,0.6804,100450.4
1758477600000,2025-09-21 20:00:00,0.6804,0.6836,0.6804,0.6836,62040.1
1758481200000,2025-09-21 21:00:00,0.6836,0.6838,0.6763,0.6807,58831.9
1758484800000,2025-09-21 22:00:00,0.6807,0.6807,0.6753,0.6757,17815.1
1758488400000,2025-09-21 23:00:00,0.6757,0.6782,0.6741,0.6749,26904.8
1758492000000,2025-09-22 00:00:00,0.6749,0.6786,0.6714,0.6778,67014.7
1758495600000,2025-09-22 01:00:00,0.6778,0.6778,0.6713,0.6724,57793.0
1758499200000,2025-09-22 02:00:00,0.6724,0.6753,0.6476,0.6514,902020.5
1758502800000,2025-09-22 03:00:00,0.6514,0.6569,0.6478,0.6533,317199.5
1758506400000,2025-09-22 04:00:00,0.6533,0.6565,0.644,0.6468,508054.8
1758510000000,2025-09-22 05:00:00,0.6468,0.6508,0.6451,0.6491,187106.5
1758513600000,2025-09-22 06:00:00,0.6491,0.6532,0.6459,0.6517,116151.6
1758517200000,2025-09-22 07:00:00,0.6517,0.6529,0.6352,0.6358,304610.7
1758520800000,2025-09-22 08:00:00,0.6358,0.6366,0.5874,0.6257,2487770.6
1758524400000,2025-09-22 09:00:00,0.6257,0.627,0.619,0.6191,673069.1
1758528000000,2025-09-22 10:00:00,0.6191,0.6231,0.6141,0.6199,208576.6
1758531600000,2025-09-22 11:00:00,0.6199,0.6199,0.6078,0.6094,389371.5
1758535200000,2025-09-22 12:00:00,0.6094,0.6173,0.6089,0.6168,183922.2
1758538800000,2025-09-22 13:00:00,0.6168,0.6176,0.6101,0.6117,114718.6
1758542400000,2025-09-22 14:00:00,0.6117,0.6145,0.61,0.6126,120815.3
1758546000000,2025-09-22 15:00:00,0.6126,0.6198,0.6111,0.6193,247399.5
1758549600000,2025-09-22 16:00:00,0.6193,0.6198,0.609,0.61,181679.6
1758553200000,2025-09-22 17:00:00,0.61,0.6116,0.6068,0.6086,165162.9
1758556800000,2025-09-22 18:00:00,0.6086,0.6108,0.6063,0.6073,174063.9
1758560400000,2025-09-22 19:00:00,0.6073,0.6146,0.6047,0.6123,291352.7
1758564000000,2025-09-22 20:00:00,0.6123,0.6167,0.6116,0.6144,135617.7
1758567600000,2025-09-22 21:00:00,0.6144,0.6144,0.6073,0.6094,142639.5
1758571200000,2025-09-22 22:00:00,0.6094,0.6204,0.6092,0.6189,86136.1
1758574800000,2025-09-22 23:00:00,0.6189,0.6517,0.6115,0.6213,1789063.6
1758578400000,2025-09-23 00:00:00,0.6213,0.6224,0.617,0.6197,327123.6
1758582000000,2025-09-23 01:00:00,0.6197,0.6363,0.6185,0.6241,514581.8
1758585600000,2025-09-23 02:00:00,0.6241,0.6342,0.621,0.6282,356614.4
1758589200000,2025-09-23 03:00:00,0.6282,0.6331,0.6237,0.6237,227936.9
1758592800000,2025-09-23 04:00:00,0.6237,0.6272,0.6172,0.6177,175313.8
1758596400000,2025-09-23 05:00:00,0.6177,0.6341,0.6151,0.63,317625.4
1758600000000,2025-09-23 06:00:00,0.63,0.634,0.6242,0.6257,221121.4
1758603600000,2025-09-23 07:00:00,0.6257,0.6307,0.6225,0.6307,180501.4
1758607200000,2025-09-23 08:00:00,0.6307,0.6503,0.6285,0.6472,497385.5
1758610800000,2025-09-23 09:00:00,0.6472,0.6482,0.6416,0.646,200388.0
1758614400000,2025-09-23 10:00:00,0.646,0.6685,0.6456,0.6639,782265.6
1758618000000,2025-09-23 11:00:00,0.6639,0.6725,0.6592,0.6694,727880.9
1758621600000,2025-09-23 12:00:00,0.6694,0.6724,0.6606,0.6689,622084.4
1758625200000,2025-09-23 13:00:00,0.6689,0.6689,0.6537,0.6557,577893.6
1758628800000,2025-09-23 14:00:00,0.6557,0.6667,0.6512,0.6667,531355.4
1758632400000,2025-09-23 15:00:00,0.6667,0.7229,0.6658,0.7182,3717205.2
1758636000000,2025-09-23 16:00:00,0.7182,0.725,0.693,0.693,2981983.1
1758639600000,2025-09-23 17:00:00,0.693,0.712,0.6901,0.6958,1495557.1
1758643200000,2025-09-23 18:00:00,0.6958,0.7212,0.6941,0.7023,1680607.9
1758646800000,2025-09-23 19:00:00,0.7023,0.7092,0.6707,0.6747,1640072.3
1758650400000,2025-09-23 20:00:00,0.6747,0.676,0.6617,0.6643,945649.6
1758654000000,2025-09-23 21:00:00,0.6643,0.6719,0.6585,0.6595,367519.9
1758657600000,2025-09-23 22:00:00,0.6595,0.6656,0.6523,0.6556,379845.9
1758661200000,2025-09-23 23:00:00,0.6556,0.6637,0.6543,0.6629,170097.2
1758664800000,2025-09-24 00:00:00,0.6629,0.6629,0.6491,0.6496,236604.3
1758668400000,2025-09-24 01:00:00,0.6496,0.6609,0.6492,0.6601,711962.7
1758672000000,2025-09-24 02:00:00,0.6601,0.6851,0.6578,0.6851,881303.0
1758675600000,2025-09-24 03:00:00,0.6851,0.6943,0.6816,0.6862,1023472.3
1758679200000,2025-09-24 04:00:00,0.6862,0.692,0.6803,0.6832,465890.4
1758682800000,2025-09-24 05:00:00,0.6832,0.6861,0.6719,0.673,435416.4
1758686400000,2025-09-24 06:00:00,0.673,0.6938,0.663,0.6883,832871.2
1758690000000,2025-09-24 07:00:00,0.6883,0.7073,0.6841,0.7044,643730.3
1758693600000,2025-09-24 08:00:00,0.7044,0.7091,0.6952,0.7078,577702.7
1758697200000,2025-09-24 09:00:00,0.7078,0.7135,0.7063,0.7105,319390.9
1758700800000,2025-09-24 10:00:00,0.7105,0.7171,0.7053,0.7098,458697.8
1758704400000,2025-09-24 11:00:00,0.7098,0.7227,0.7091,0.7221,561765.1
1758708000000,2025-09-24 12:00:00,0.7221,0.7302,0.7157,0.7214,1956196.3
1758711600000,2025-09-24 13:00:00,0.7214,0.7301,0.7199,0.7281,540988.6
1758715200000,2025-09-24 14:00:00,0.7281,0.7574,0.7234,0.7445,1159979.5
1758718800000,2025-09-24 15:00:00,0.7445,0.7502,0.7341,0.7352,1323961.8
1758722400000,2025-09-24 16:00:00,0.7352,0.7644,0.7347,0.7534,826179.7
1758726000000,2025-09-24 17:00:00,0.7534,0.7578,0.7402,0.7433,716320.6
1758729600000,2025-09-24 18:00:00,0.7433,0.7599,0.7392,0.7563,804566.5
1758733200000,2025-09-24 19:00:00,0.7563,0.785,0.7519,0.7838,1578384.7
1758736800000,2025-09-24 20:00:00,0.7838,0.807,0.7734,0.7752,3664694.9
1758740400000,2025-09-24 21:00:00,0.7752,0.7995,0.7695,0.794,2321048.6
1758744000000,2025-09-24 22:00:00,0.794,0.8436,0.7715,0.8105,6309997.1
1758747600000,2025-09-24 23:00:00,0.8105,0.8626,0.8094,0.8464,4639960.6
1758751200000,2025-09-25 00:00:00,0.8464,0.9103,0.8304,0.8809,7477821.9
1758754800000,2025-09-25 01:00:00,0.8809,0.9736,0.8748,0.914,11654495.9
1758758400000,2025-09-25 02:00:00,0.914,0.9356,0.8385,0.8509,7105555.6
1758762000000,2025-09-25 03:00:00,0.8509,0.8795,0.8495,0.8577,4496938.8
1758765600000,2025-09-25 04:00:00,0.8577,0.8741,0.824,0.8356,4078578.7
1758769200000,2025-09-25 05:00:00,0.8356,0.8361,0.8106,0.8214,2895805.7
1758772800000,2025-09-25 06:00:00,0.8214,0.8325,0.8049,0.8316,2900134.5
1758776400000,2025-09-25 07:00:00,0.8316,0.8347,0.7887,0.7901,3307114.5
1758780000000,2025-09-25 08:00:00,0.7901,0.8008,0.7888,0.7908,1616710.4
1758783600000,2025-09-25 09:00:00,0.7908,0.7929,0.7775,0.7796,2596490.3
1758787200000,2025-09-25 10:00:00,0.7796,0.7948,0.7783,0.7813,1983003.3
1758790800000,2025-09-25 11:00:00,0.7813,0.8239,0.7805,0.7954,3562082.3
1758794400000,2025-09-25 12:00:00,0.7954,0.8175,0.7879,0.7995,2121056.6
1758798000000,2025-09-25 13:00:00,0.7995,0.8033,0.7781,0.7915,3021091.8
1758801600000,2025-09-25 14:00:00,0.7915,0.8372,0.7889,0.8169,4767387.5
1758805200000,2025-09-25 15:00:00,0.8169,0.8399,0.803,0.8154,3862794.8
1758808800000,2025-09-25 16:00:00,0.8154,0.8484,0.8139,0.8311,4312528.9
1758812400000,2025-09-25 17:00:00,0.8311,0.848,0.813,0.8214,3718880.1
1758816000000,2025-09-25 18:00:00,0.8214,0.8335,0.8068,0.8243,3285450.1
1758819600000,2025-09-25 19:00:00,0.8243,0.8314,0.8025,0.8101,3291194.7
1758823200000,2025-09-25 20:00:00,0.8101,0.8126,0.7854,0.8002,2935023.1
1758826800000,2025-09-25 21:00:00,0.8002,0.8245,0.7914,0.7934,1579190.1
1758830400000,2025-09-25 22:00:00,0.7934,0.7972,0.7742,0.7841,1728923.6
1758834000000,2025-09-25 23:00:00,0.7841,0.8107,0.78,0.8008,1692002.7
1758837600000,2025-09-26 00:00:00,0.8008,0.8081,0.7928,0.8028,651997.2
1758841200000,2025-09-26 01:00:00,0.8028,0.8058,0.778,0.7929,1155904.8
1758844800000,2025-09-26 02:00:00,0.7929,0.8147,0.7838,0.8107,1807673.7
1758848400000,2025-09-26 03:00:00,0.8107,0.818,0.7937,0.798,2383693.6
1758852000000,2025-09-26 04:00:00,0.798,0.8108,0.7907,0.8012,633414.7
1758855600000,2025-09-26 05:00:00,0.8012,0.8099,0.79,0.7944,651778.3
1758859200000,2025-09-26 06:00:00,0.7944,0.8007,0.7823,0.7874,938018.2
1758862800000,2025-09-26 07:00:00,0.7874,0.8134,0.7863,0.8041,2459528.7
1758866400000,2025-09-26 08:00:00,0.8041,0.87,0.8011,0.8622,2965322.9
1758870000000,2025-09-26 09:00:00,0.8622,0.9467,0.8437,0.9287,8257939.3
1758873600000,2025-09-26 10:00:00,0.9287,0.9557,0.8536,0.9461,10315101.1
1758877200000,2025-09-26 11:00:00,0.9461,0.9696,0.9024,0.9199,6075136.2
1758880800000,2025-09-26 12:00:00,0.9199,0.9396,0.9033,0.9337,4709875.2
1758884400000,2025-09-26 13:00:00,0.9337,0.9922,0.905,0.983,8163973.8
1758888000000,2025-09-26 14:00:00,0.983,0.983,0.8936,0.9217,9997574.2
1758891600000,2025-09-26 15:00:00,0.9217,0.9457,0.905,0.9399,5475009.9
1758895200000,2025-09-26 16:00:00,0.9399,1.0045,0.9388,1.0003,6809236.2
1758898800000,2025-09-26 17:00:00,1.0003,1.14,0.9736,1.1084,18088628.1
1758902400000,2025-09-26 18:00:00,1.1084,1.1722,1.084,1.1106,18345070.4
1758906000000,2025-09-26 19:00:00,1.1106,1.1598,1.0911,1.1537,7929396.8
1758909600000,2025-09-26 20:00:00,1.1537,1.1967,1.1226,1.1405,10231482.9
1758913200000,2025-09-26 21:00:00,1.1405,1.1405,1.098,1.1051,6861803.6
1758916800000,2025-09-26 22:00:00,1.1051,1.1558,1.0929,1.0993,4275898.0
1758920400000,2025-09-26 23:00:00,1.0993,1.0994,1.051,1.0595,5265942.1
1758924000000,2025-09-27 00:00:00,1.0595,1.0667,1.0453,1.0505,2928402.1
1758927600000,2025-09-27 01:00:00,1.0505,1.0664,1.0215,1.0455,4089558.4
1758931200000,2025-09-27 02:00:00,1.0455,1.0963,1.0328,1.0902,3560413.3
1758934800000,2025-09-27 03:00:00,1.0902,1.1595,1.0742,1.1159,7200553.0
1758938400000,2025-09-27 04:00:00,1.1159,1.1781,1.1077,1.1478,6110306.8
1758942000000,2025-09-27 05:00:00,1.1478,1.1938,1.1349,1.1376,7548413.9
1758945600000,2025-09-27 06:00:00,1.1376,1.2428,1.1258,1.2279,9939328.7
1758949200000,2025-09-27 07:00:00,1.2279,1.2578,1.1704,1.2024,10113693.6
1758952800000,2025-09-27 08:00:00,1.2024,1.263,1.1815,1.1864,13097298.4
1758956400000,2025-09-27 09:00:00,1.1864,1.1939,1.1353,1.1376,7860523.4
1758960000000,2025-09-27 10:00:00,1.1376,1.1916,1.1111,1.1815,8800979.2
1758963600000,2025-09-27 11:00:00,1.1815,1.182,1.0908,1.1575,10430986.8
1758967200000,2025-09-27 12:00:00,1.1575,1.1915,1.1386,1.1755,6283162.4
1758970800000,2025-09-27 13:00:00,1.1755,1.2442,1.1609,1.1986,9236260.0
1758974400000,2025-09-27 14:00:00,1.1986,1.2008,1.1404,1.186,6465299.1
1758978000000,2025-09-27 15:00:00,1.186,1.1869,1.153,1.1537,5146225.3
1758981600000,2025-09-27 16:00:00,1.1537,1.1794,1.1351,1.1406,3981289.0
1758985200000,2025-09-27 17:00:00,1.1406,1.1542,1.1213,1.1226,3194371.3
1758988800000,2025-09-27 18:00:00,1.1226,1.1701,1.1174,1.1424,3799877.7
1758992400000,2025-09-27 19:00:00,1.1424,1.1484,1.1112,1.1341,3153349.5
1758996000000,2025-09-27 20:00:00,1.1341,1.1425,1.1121,1.1187,1792723.0
1758999600000,2025-09-27 21:00:00,1.1187,1.1494,1.1145,1.1297,1343025.5
1759003200000,2025-09-27 22:00:00,1.1297,1.1352,1.0778,1.0841,2481129.4
1759006800000,2025-09-27 23:00:00,1.0841,1.1249,1.0818,1.1187,1129231.7
1759010400000,2025-09-28 00:00:00,1.1187,1.1447,1.1173,1.1237,1283487.2
1759014000000,2025-09-28 01:00:00,1.1237,1.13,1.1169,1.1186,925181.0
1759017600000,2025-09-28 02:00:00,1.1186,1.1322,1.09,1.0936,1657149.4
1759021200000,2025-09-28 03:00:00,1.0936,1.0942,1.0581,1.0598,1459522.1
1759024800000,2025-09-28 04:00:00,1.0598,1.1049,1.0569,1.0925,1697502.1
1759028400000,2025-09-28 05:00:00,1.0925,1.1399,1.0836,1.1181,2097846.1
1759032000000,2025-09-28 06:00:00,1.1181,1.1424,1.095,1.1151,2414792.5
1759035600000,2025-09-28 07:00:00,1.1151,1.1222,1.0778,1.0825,1766205.5
1759039200000,2025-09-28 08:00:00,1.0825,1.104,1.0764,1.0945,1363993.5
1759042800000,2025-09-28 09:00:00,1.0945,1.1002,1.0819,1.0826,1122265.0
1759046400000,2025-09-28 10:00:00,1.0826,1.0827,1.048,1.0495,2010884.1
1759050000000,2025-09-28 11:00:00,1.0495,1.069,1.0495,1.062,1492201.4
1759053600000,2025-09-28 12:00:00,1.062,1.0736,1.0558,1.0704,1093443.8
1759057200000,2025-09-28 13:00:00,1.0704,1.0886,1.0671,1.0753,1317322.8
1759060800000,2025-09-28 14:00:00,1.0753,1.0776,1.0433,1.0568,1740504.5
1759064400000,2025-09-28 15:00:00,1.0568,1.064,1.04,1.0501,997078.3
1759068000000,2025-09-28 16:00:00,1.0501,1.0639,1.0335,1.0494,1667030.1
1759071600000,2025-09-28 17:00:00,1.0494,1.0812,1.0494,1.0764,1357997.8
1759075200000,2025-09-28 18:00:00,1.0764,1.0787,1.0599,1.0701,1126626.7
1759078800000,2025-09-28 19:00:00,1.0701,1.1139,1.0701,1.0832,1939810.5
1759082400000,2025-09-28 20:00:00,1.0832,1.1085,1.0785,1.0879,1279687.4
1759086000000,2025-09-28 21:00:00,1.0879,1.0994,1.0725,1.0876,809015.2
1759089600000,2025-09-28 22:00:00,1.0876,1.1058,1.0777,1.0984,1043132.6
1759093200000,2025-09-28 23:00:00,1.0984,1.1218,1.091,1.1098,1424459.4
1759096800000,2025-09-29 00:00:00,1.1098,1.1251,1.0973,1.1023,1076241.5
1759100400000,2025-09-29 01:00:00,1.1023,1.1234,1.0856,1.0926,1398555.8
1759104000000,2025-09-29 02:00:00,1.0926,1.1107,1.0777,1.0793,1691099.8
1759107600000,2025-09-29 03:00:00,1.0793,1.0793,1.0393,1.0429,1559562.7
1759111200000,2025-09-29 04:00:00,1.0429,1.0469,1.0236,1.0326,1797105.3
1759114800000,2025-09-29 05:00:00,1.0326,1.0356,1.0084,1.0135,1499585.8
1759118400000,2025-09-29 06:00:00,1.0135,1.0233,1.0119,1.0131,1093306.7
1759122000000,2025-09-29 07:00:00,1.0131,1.016,0.9952,1.002,1181791.2
1759125600000,2025-09-29 08:00:00,1.002,1.0246,0.9969,1.022,1082032.8
1759129200000,2025-09-29 09:00:00,1.022,1.0965,1.0206,1.0854,2349410.1
1759132800000,2025-09-29 10:00:00,1.0854,1.109,1.0673,1.0957,2239630.7
1759136400000,2025-09-29 11:00:00,1.0957,1.23,1.0821,1.2194,5836593.4
1759140000000,2025-09-29 12:00:00,1.2194,1.2729,1.1507,1.2542,8700121.3
1759143600000,2025-09-29 13:00:00,1.2542,1.2569,1.1717,1.1792,6148552.6
1759147200000,2025-09-29 14:00:00,1.1792,1.1827,1.1139,1.1183,3832922.4
1759150800000,2025-09-29 15:00:00,1.1183,1.1355,1.081,1.0931,3189217.4
1759154400000,2025-09-29 16:00:00,1.0931,1.1111,1.0836,1.0952,2994190.6
1759158000000,2025-09-29 17:00:00,1.0952,1.1778,1.0911,1.132,4382446.5
1759161600000,2025-09-29 18:00:00,1.132,1.1963,1.1304,1.1707,4249989.1
1759165200000,2025-09-29 19:00:00,1.1707,1.2048,1.142,1.1677,3646596.2
1759168800000,2025-09-29 20:00:00,1.1677,1.1939,1.147,1.1507,1972365.1
1759172400000,2025-09-29 21:00:00,1.1507,1.1691,1.1385,1.1431,1000394.4
1759176000000,2025-09-29 22:00:00,1.1431,1.1714,1.1339,1.153,1657498.3
1759179600000,2025-09-29 23:00:00,1.153,1.1663,1.1419,1.1506,728141.3
1759183200000,2025-09-30 00:00:00,1.1506,1.1516,1.1209,1.1255,877976.1
1759186800000,2025-09-30 01:00:00,1.1255,1.1286,1.0892,1.0977,1991306.0
1759190400000,2025-09-30 02:00:00,1.0977,1.1118,1.0882,1.0917,1238738.9
1759194000000,2025-09-30 03:00:00,1.0917,1.101,1.0752,1.0871,1143661.4
1759197600000,2025-09-30 04:00:00,1.0871,1.0943,1.0796,1.0906,698770.9
1759201200000,2025-09-30 05:00:00,1.0906,1.1078,1.0819,1.0878,1040908.1
1759204800000,2025-09-30 06:00:00,1.0878,1.1309,1.0851,1.1099,1509796.0
1759208400000,2025-09-30 07:00:00,1.1099,1.1649,1.0974,1.1565,3289996.1
1759212000000,2025-09-30 08:00:00,1.1565,1.18,1.1351,1.1379,4301761.9
1759215600000,2025-09-30 09:00:00,1.1379,1.1474,1.0965,1.1077,2349172.7
1759219200000,2025-09-30 10:00:00,1.1077,1.1174,1.0898,1.0909,1012134.5
1759222800000,2025-09-30 11:00:00,1.0909,1.0929,1.062,1.0714,2310941.2
1759226400000,2025-09-30 12:00:00,1.0714,1.086,1.0621,1.0795,1458224.3
1759230000000,2025-09-30 13:00:00,1.0795,1.1242,1.0727,1.1087,1970787.5
1759233600000,2025-09-30 14:00:00,1.1087,1.1628,1.107,1.1403,3014883.2
1759237200000,2025-09-30 15:00:00,1.1403,1.1674,1.1262,1.1293,3328141.2
1759240800000,2025-09-30 16:00:00,1.1293,1.1419,1.1144,1.1231,2345970.7
1759244400000,2025-09-30 17:00:00,1.1231,1.1273,1.0729,1.0855,2382651.0
1759248000000,2025-09-30 18:00:00,1.0855,1.0901,1.0679,1.0874,1484741.1
1759251600000,2025-09-30 19:00:00,1.0874,1.1364,1.0756,1.1201,2879745.8
1759255200000,2025-09-30 20:00:00,1.1201,1.1255,1.0914,1.0947,1112366.4
1759258800000,2025-09-30 21:00:00,1.0947,1.0947,1.0639,1.0828,1447565.7
1759262400000,2025-09-30 22:00:00,1.0828,1.0894,1.0601,1.0779,1035558.9
1759266000000,2025-09-30 23:00:00,1.0779,1.0987,1.0745,1.0827,570134.6
1759269600000,2025-10-01 00:00:00,1.0827,1.0958,1.0638,1.0645,844137.2
1759273200000,2025-10-01 01:00:00,1.0645,1.079,1.0497,1.0769,1416325.2
1759276800000,2025-10-01 02:00:00,1.0769,1.1171,1.0596,1.0654,2320536.0
1759280400000,2025-10-01 03:00:00,1.0654,1.0963,1.0597,1.0914,1379293.7
1759284000000,2025-10-01 04:00:00,1.0914,1.101,1.0816,1.0992,822295.8
1759287600000,2025-10-01 05:00:00,1.0992,1.1392,1.099,1.1172,1990462.3
1759291200000,2025-10-01 06:00:00,1.1172,1.1378,1.059,1.0647,2740263.9
1759294800000,2025-10-01 07:00:00,1.0647,1.0926,1.0605,1.0814,1276101.5
1759298400000,2025-10-01 08:00:00,1.0814,1.1249,1.0612,1.0899,2289011.2
1759302000000,2025-10-01 09:00:00,1.0899,1.0899,1.07,1.0708,1163872.0
1759305600000,2025-10-01 10:00:00,1.0708,1.1485,1.0669,1.1181,2264403.6
1759309200000,2025-10-01 11:00:00,1.1181,1.1309,1.1055,1.1062,1339121.4
1759312800000,2025-10-01 12:00:00,1.1062,1.1152,1.0912,1.1093,695128.7
1759316400000,2025-10-01 13:00:00,1.1093,1.1329,1.1014,1.1083,803377.6
1759320000000,2025-10-01 14:00:00,1.1083,1.1311,1.0955,1.112,1189305.7
1759323600000,2025-10-01 15:00:00,1.112,1.1249,1.1033,1.1215,1045204.8
1759327200000,2025-10-01 16:00:00,1.1215,1.1328,1.0931,1.1195,1649423.8
1759330800000,2025-10-01 17:00:00,1.1195,1.131,1.0971,1.099,1016476.4
1759334400000,2025-10-01 18:00:00,1.099,1.1153,1.0777,1.0833,1273843.1
1759338000000,2025-10-01 19:00:00,1.0833,1.146,1.0832,1.1443,2008671.7
1759341600000,2025-10-01 20:00:00,1.1443,1.1692,1.131,1.1626,2629946.6
1759345200000,2025-10-01 21:00:00,1.1626,1.3361,1.16,1.3253,6340543.9
1759348800000,2025-10-01 22:00:00,1.3253,1.3974,1.2857,1.326,7632545.0
1759352400000,2025-10-01 23:00:00,1.326,1.3404,1.2957,1.3135,2873992.6
1759356000000,2025-10-02 00:00:00,1.3135,1.3198,1.2809,1.2885,1661678.6
1759359600000,2025-10-02 01:00:00,1.2885,1.3043,1.2454,1.27,2119413.8
1759363200000,2025-10-02 02:00:00,1.27,1.3337,1.2678,1.3244,2215777.3
1759366800000,2025-10-02 03:00:00,1.3244,1.3737,1.3137,1.3374,3019063.7
1759370400000,2025-10-02 04:00:00,1.3374,1.3836,1.3282,1.3391,2510049.0
1759374000000,2025-10-02 05:00:00,1.3391,1.3527,1.2937,1.3151,1666247.9
1759377600000,2025-10-02 06:00:00,1.3151,1.3261,1.2904,1.3052,957019.9
1759381200000,2025-10-02 07:00:00,1.3052,1.3184,1.2784,1.2998,758390.9
1759384800000,2025-10-02 08:00:00,1.2998,1.3007,1.2754,1.284,766943.2
1759388400000,2025-10-02 09:00:00,1.284,1.3003,1.2812,1.2844,509302.4
1759392000000,2025-10-02 10:00:00,1.2844,1.3209,1.2823,1.3071,728753.5
1759395600000,2025-10-02 11:00:00,1.3071,1.3247,1.2839,1.2879,733334.9
1759399200000,2025-10-02 12:00:00,1.2879,1.2882,1.24,1.2447,1817880.1
1759402800000,2025-10-02 13:00:00,1.2447,1.2837,1.2342,1.264,1226297.6
1759406400000,2025-10-02 14:00:00,1.264,1.2775,1.2509,1.259,652646.9
1759410000000,2025-10-02 15:00:00,1.259,1.2757,1.2537,1.2635,557114.0
1759413600000,2025-10-02 16:00:00,1.2635,1.3018,1.2635,1.2846,1373438.5
1759417200000,2025-10-02 17:00:00,1.2846,1.2847,1.2416,1.2539,737823.5
1759420800000,2025-10-02 18:00:00,1.2539,1.264,1.2375,1.2474,996677.0
1759424400000,2025-10-02 19:00:00,1.2474,1.2613,1.243,1.2587,491565.9
1759428000000,2025-10-02 20:00:00,1.2587,1.2639,1.2468,1.2561,389507.5
1759431600000,2025-10-02 21:00:00,1.2561,1.2622,1.2398,1.2445,429095.5
1759435200000,2025-10-02 22:00:00,1.2445,1.2543,1.2381,1.2471,410793.6
1759438800000,2025-10-02 23:00:00,1.2471,1.2559,1.2351,1.2371,248581.7
1759442400000,2025-10-03 00:00:00,1.2371,1.2387,1.2203,1.2252,555772.7
1759446000000,2025-10-03 01:00:00,1.2252,1.2334,1.2233,1.2334,239574.2
1759449600000,2025-10-03 02:00:00,1.2334,1.2368,1.2059,1.2082,678982.9
1759453200000,2025-10-03 03:00:00,1.2082,1.2111,1.2019,1.2073,363806.7
1759456800000,2025-10-03 04:00:00,1.2073,1.2112,1.1906,1.1947,986039.2
1759460400000,2025-10-03 05:00:00,1.1947,1.2293,1.1813,1.1881,1592825.5
1759464000000,2025-10-03 06:00:00,1.1881,1.2105,1.185,1.2091,632470.4
1759467600000,2025-10-03 07:00:00,1.2091,1.2157,1.2043,1.2067,569658.1
1759471200000,2025-10-03 08:00:00,1.2067,1.2074,1.1901,1.2016,591793.3
1759474800000,2025-10-03 09:00:00,1.2016,1.2151,1.1886,1.211,527143.0
1759478400000,2025-10-03 10:00:00,1.211,1.211,1.1959,1.202,425815.2
1759482000000,2025-10-03 11:00:00,1.202,1.2033,1.1911,1.1927,473554.2
1759485600000,2025-10-03 12:00:00,1.1927,1.2084,1.1911,1.2014,528538.2
1759489200000,2025-10-03 13:00:00,1.2014,1.2061,1.1921,1.2032,320150.4
1759492800000,2025-10-03 14:00:00,1.2032,1.2046,1.195,1.202,265852.2
1759496400000,2025-10-03 15:00:00,1.202,1.2339,1.1956,1.2205,844509.5
1759500000000,2025-10-03 16:00:00,1.2205,1.2497,1.2163,1.2359,1381748.5
1759503600000,2025-10-03 17:00:00,1.2359,1.2488,1.2058,1.2445,994361.0
1759507200000,2025-10-03 18:00:00,1.2445,1.266,1.2328,1.2472,1145426.7
1759510800000,2025-10-03 19:00:00,1.2472,1.2472,1.222,1.2311,1097048.3
1759514400000,2025-10-03 20:00:00,1.2311,1.2444,1.2199,1.2215,531955.4
1759518000000,2025-10-03 21:00:00,1.2215,1.2341,1.2105,1.2306,393391.2
1759521600000,2025-10-03 22:00:00,1.2306,1.2337,1.2152,1.2241,326898.2
1759525200000,2025-10-03 23:00:00,1.2241,1.2283,1.203,1.2182,380467.5
1759528800000,2025-10-04 00:00:00,1.2182,1.2207,1.2107,1.2125,126730.2
1759532400000,2025-10-04 01:00:00,1.2125,1.2179,1.2056,1.2142,158543.0
1759536000000,2025-10-04 02:00:00,1.2142,1.225,1.2039,1.2162,320189.0
1759539600000,2025-10-04 03:00:00,1.2162,1.2257,1.2055,1.2078,487241.6
1759543200000,2025-10-04 04:00:00,1.2078,1.2127,1.196,1.2007,397196.4
1759546800000,2025-10-04 05:00:00,1.2007,1.2043,1.1919,1.193,227891.3
1759550400000,2025-10-04 06:00:00,1.193,1.1948,1.1866,1.1866,219483.3
1759554000000,2025-10-04 07:00:00,1.1866,1.1965,1.1838,1.1863,268942.8
1759557600000,2025-10-04 08:00:00,1.1863,1.188,1.1663,1.1728,583618.1
1759561200000,2025-10-04 09:00:00,1.1728,1.1935,1.1722,1.1762,510467.7
1759564800000,2025-10-04 10:00:00,1.1762,1.1783,1.1574,1.1702,413668.5
1759568400000,2025-10-04 11:00:00,1.1702,1.1807,1.1678,1.1724,252398.0
1759572000000,2025-10-04 12:00:00,1.1724,1.1836,1.1716,1.1794,235188.1
1759575600000,2025-10-04 13:00:00,1.1794,1.1802,1.1649,1.1756,255786.8
1759579200000,2025-10-04 14:00:00,1.1756,1.1779,1.1616,1.1712,199243.1
1759582800000,2025-10-04 15:00:00,1.1712,1.193,1.17,1.1767,394597.2
1759586400000,2025-10-04 16:00:00,1.1767,1.1809,1.1574,1.1603,392014.5
1759590000000,2025-10-04 17:00:00,1.1603,1.1687,1.1479,1.159,461072.0
1759593600000,2025-10-04 18:00:00,1.159,1.1908,1.1588,1.17,770028.7
1759597200000,2025-10-04 19:00:00,1.17,1.1712,1.159,1.1665,417097.4
1759600800000,2025-10-04 20:00:00,1.1665,1.1889,1.1651,1.1807,449758.9
1759604400000,2025-10-04 21:00:00,1.1807,1.2026,1.1795,1.1958,661118.5
1759608000000,2025-10-04 22:00:00,1.1958,1.198,1.182,1.1868,325037.0
1759611600000,2025-10-04 23:00:00,1.1868,1.199,1.1863,1.1868,197610.2
1759615200000,2025-10-05 00:00:00,1.1868,1.2045,1.1862,1.1981,207357.4
1759618800000,2025-10-05 01:00:00,1.1981,1.202,1.1893,1.1898,177346.9
1759622400000,2025-10-05 02:00:00,1.1898,1.1965,1.1759,1.1789,175764.4
1759626000000,2025-10-05 03:00:00,1.1789,1.1955,1.1762,1.186,237700.0
1759629600000,2025-10-05 04:00:00,1.186,1.2091,1.1847,1.1976,432116.8
1759633200000,2025-10-05 05:00:00,1.1976,1.2041,1.1911,1.1927,272732.2
1759636800000,2025-10-05 06:00:00,1.1927,1.206,1.1881,1.1988,387240.3
1759640400000,2025-10-05 07:00:00,1.1988,1.2052,1.184,1.1846,215327.9
1759644000000,2025-10-05 08:00:00,1.1846,1.1922,1.1793,1.185,185768.3
1759647600000,2025-10-05 09:00:00,1.185,1.1921,1.1786,1.186,206214.0
1759651200000,2025-10-05 10:00:00,1.186,1.234,1.177,1.2219,1469971.6
1759654800000,2025-10-05 11:00:00,1.2219,1.2338,1.1777,1.1868,1407748.2
1759658400000,2025-10-05 12:00:00,1.1868,1.1903,1.1702,1.1776,452386.9
1759662000000,2025-10-05 13:00:00,1.1776,1.1802,1.1609,1.1726,363378.5
1759665600000,2025-10-05 14:00:00,1.1726,1.181,1.1625,1.1692,239304.5
1759669200000,2025-10-05 15:00:00,1.1692,1.1773,1.1554,1.1579,257250.0
1759672800000,2025-10-05 16:00:00,1.1579,1.1607,1.1416,1.146,576664.9
1759676400000,2025-10-05 17:00:00,1.146,1.1498,1.136,1.149,362849.2
1759680000000,2025-10-05 18:00:00,1.149,1.153,1.133,1.1427,312493.4
1759683600000,2025-10-05 19:00:00,1.1427,1.1447,1.1236,1.127,322437.4
1759687200000,2025-10-05 20:00:00,1.127,1.133,1.122,1.1295,304120.9
1759690800000,2025-10-05 21:00:00,1.1295,1.132,1.1161,1.1206,327081.7
1759694400000,2025-10-05 22:00:00,1.1206,1.1285,1.1172,1.1244,322422.7
1759698000000,2025-10-05 23:00:00,1.1244,1.1302,1.121,1.1254,94128.9
1759701600000,2025-10-06 00:00:00,1.1254,1.129,1.123,1.1233,87083.3
1759705200000,2025-10-06 01:00:00,1.1233,1.1332,1.1228,1.1261,134287.0
1759708800000,2025-10-06 02:00:00,1.1261,1.1725,1.1261,1.1563,718566.1
1759712400000,2025-10-06 03:00:00,1.1563,1.1668,1.1474,1.1502,403867.8
1759716000000,2025-10-06 04:00:00,1.1502,1.1579,1.1377,1.1475,273086.0
1759719600000,2025-10-06 05:00:00,1.1475,1.1493,1.136,1.1368,114762.7
1759723200000,2025-10-06 06:00:00,1.1368,1.1388,1.1246,1.1287,140292.1
1759726800000,2025-10-06 07:00:00,1.1287,1.1348,1.1212,1.1267,194138.2
1759730400000,2025-10-06 08:00:00,1.1267,1.1376,1.1222,1.1288,469460.2
1759734000000,2025-10-06 09:00:00,1.1288,1.1596,1.1236,1.1537,672145.1
1759737600000,2025-10-06 10:00:00,1.1537,1.1618,1.1402,1.1423,611621.6
1759741200000,2025-10-06 11:00:00,1.1423,1.1649,1.1402,1.1533,465731.1
1759744800000,2025-10-06 12:00:00,1.1533,1.1607,1.1487,1.1571,426806.7
1759748400000,2025-10-06 13:00:00,1.1571,1.1583,1.146,1.1509,224597.1
1759752000000,2025-10-06 14:00:00,1.1509,1.1554,1.1446,1.1487,178246.2
1759755600000,2025-10-06 15:00:00,1.1487,1.1563,1.1426,1.1491,306757.0
1759759200000,2025-10-06 16:00:00,1.1491,1.1548,1.1422,1.1513,232256.9
1759762800000,2025-10-06 17:00:00,1.1513,1.1614,1.145,1.1517,280286.9
1759766400000,2025-10-06 18:00:00,1.1517,1.1561,1.1442,1.151,253667.1
1759770000000,2025-10-06 19:00:00,1.151,1.2066,1.1466,1.1675,1717952.2
1759773600000,2025-10-06 20:00:00,1.1675,1.1872,1.1562,1.1772,1374392.0
1759777200000,2025-10-06 21:00:00,1.1772,1.2084,1.1702,1.1996,558912.8
1759780800000,2025-10-06 22:00:00,1.1996,1.2094,1.1784,1.1893,842634.7
1759784400000,2025-10-06 23:00:00,1.1893,1.2125,1.1788,1.1992,398528.4
1759788000000,2025-10-07 00:00:00,1.1992,1.2249,1.1962,1.2,494987.9
1759791600000,2025-10-07 01:00:00,1.2,1.2,1.1739,1.1869,401372.9
1759795200000,2025-10-07 02:00:00,1.1869,1.2088,1.1826,1.1873,536057.0
1759798800000,2025-10-07 03:00:00,1.1873,1.2083,1.1856,1.2062,365684.0
1759802400000,2025-10-07 04:00:00,1.2062,1.2374,1.2047,1.2212,727434.9
1759806000000,2025-10-07 05:00:00,1.2212,1.2907,1.22,1.2575,2186222.7
1759809600000,2025-10-07 06:00:00,1.2575,1.2893,1.2361,1.2389,1062096.8
1759813200000,2025-10-07 07:00:00,1.2389,1.2647,1.2296,1.2434,587269.9
1759816800000,2025-10-07 08:00:00,1.2434,1.2612,1.1993,1.2079,971785.3
1759820400000,2025-10-07 09:00:00,1.2079,1.2237,1.1986,1.2226,552004.3
1759824000000,2025-10-07 10:00:00,1.2226,1.2286,1.2089,1.2201,589450.6
1759827600000,2025-10-07 11:00:00,1.2201,1.2266,1.1936,1.2005,424251.6
1759831200000,2025-10-07 12:00:00,1.2005,1.2198,1.1977,1.2176,388553.5
1759834800000,2025-10-07 13:00:00,1.2176,1.229,1.2027,1.2046,284360.9
1759838400000,2025-10-07 14:00:00,1.2046,1.2064,1.1907,1.206,365842.4
1759842000000,2025-10-07 15:00:00,1.206,1.2078,1.1791,1.1888,732074.3
1759845600000,2025-10-07 16:00:00,1.1888,1.1952,1.1752,1.1774,539409.9
1759849200000,2025-10-07 17:00:00,1.1774,1.1849,1.1339,1.1352,1857945.1
1759852800000,2025-10-07 18:00:00,1.1352,1.1476,1.1226,1.1447,558019.6
1759856400000,2025-10-07 19:00:00,1.1447,1.1512,1.137,1.1391,250046.2
1759860000000,2025-10-07 20:00:00,1.1391,1.1417,1.1248,1.1248,200592.6
1759863600000,2025-10-07 21:00:00,1.1248,1.1299,1.119,1.1236,365620.4
1759867200000,2025-10-07 22:00:00,1.1236,1.1429,1.1236,1.1331,245480.9
1759870800000,2025-10-07 23:00:00,1.1331,1.1381,1.12,1.1212,161273.0
1759874400000,2025-10-08 00:00:00,1.1212,1.1319,1.1184,1.1222,179158.6
1759878000000,2025-10-08 01:00:00,1.1222,1.1222,1.1042,1.1105,402236.0
1759881600000,2025-10-08 02:00:00,1.1105,1.1227,1.1049,1.12,234022.1
1759885200000,2025-10-08 03:00:00,1.12,1.1253,1.114,1.1232,114794.6
1759888800000,2025-10-08 04:00:00,1.1232,1.1281,1.1183,1.1206,111208.3
1759892400000,2025-10-08 05:00:00,1.1206,1.1224,1.1011,1.1205,388589.8
1759896000000,2025-10-08 06:00:00,1.1205,1.1351,1.1163,1.1211,289654.8
1759899600000,2025-10-08 07:00:00,1.1211,1.1211,1.1091,1.1198,282405.7
1759903200000,2025-10-08 08:00:00,1.1198,1.1207,1.1099,1.1188,269706.7
1759906800000,2025-10-08 09:00:00,1.1188,1.1307,1.1113,1.1288,186327.8
1759910400000,2025-10-08 10:00:00,1.1288,1.1483,1.1274,1.1329,322399.5
1759914000000,2025-10-08 11:00:00,1.1329,1.1341,1.1047,1.1157,341932.3
1759917600000,2025-10-08 12:00:00,1.1157,1.1229,1.1121,1.1153,288215.0
1759921200000,2025-10-08 13:00:00,1.1153,1.1195,1.1085,1.1134,173065.7
1759924800000,2025-10-08 14:00:00,1.1134,1.1181,1.1032,1.1081,210084.6
1759928400000,2025-10-08 15:00:00,1.1081,1.1205,1.1051,1.1188,176851.0
1759932000000,2025-10-08 16:00:00,1.1188,1.1362,1.1075,1.1103,394578.6
1759935600000,2025-10-08 17:00:00,1.1103,1.1231,1.1092,1.116,176028.8
1759939200000,2025-10-08 18:00:00,1.116,1.1269,1.1112,1.1269,196411.8
1759942800000,2025-10-08 19:00:00,1.1269,1.1385,1.1198,1.1335,236578.0
1759946400000,2025-10-08 20:00:00,1.1335,1.136,1.1233,1.1305,176319.3
1759950000000,2025-10-08 21:00:00,1.1305,1.1317,1.1205,1.1233,138671.3
1759953600000,2025-10-08 22:00:00,1.1233,1.1245,1.1109,1.112,227546.3
1759957200000,2025-10-08 23:00:00,1.112,1.1205,1.1066,1.1088,202677.5
1759960800000,2025-10-09 00:00:00,1.1088,1.1183,1.1051,1.1119,330166.7
1759964400000,2025-10-09 01:00:00,1.1119,1.1239,1.1069,1.1179,213205.0
1759968000000,2025-10-09 02:00:00,1.1179,1.1204,1.1081,1.11,144635.2
1759971600000,2025-10-09 03:00:00,1.11,1.1128,1.105,1.1123,137813.1
1759975200000,2025-10-09 04:00:00,1.1123,1.1143,1.074,1.0757,824210.5
1759978800000,2025-10-09 05:00:00,1.0757,1.0955,1.0753,1.0908,219094.7
1759982400000,2025-10-09 06:00:00,1.0908,1.0979,1.0883,1.0954,90887.4
1759986000000,2025-10-09 07:00:00,1.0954,1.0997,1.0914,1.0929,144650.2
1759989600000,2025-10-09 08:00:00,1.0929,1.0944,1.0838,1.0867,117443.7
1759993200000,2025-10-09 09:00:00,1.0867,1.0882,1.0767,1.0771,120802.0
1759996800000,2025-10-09 10:00:00,1.0771,1.0814,1.0567,1.0592,449139.3
1760000400000,2025-10-09 11:00:00,1.0592,1.0875,1.0592,1.0815,306157.4
1760004000000,2025-10-09 12:00:00,1.0815,1.0871,1.0742,1.0769,255202.1
1760007600000,2025-10-09 13:00:00,1.0769,1.0882,1.0769,1.0819,167548.4
1760011200000,2025-10-09 14:00:00,1.0819,1.1226,1.0817,1.1212,591647.2
1760014800000,2025-10-09 15:00:00,1.1212,1.132,1.1011,1.1038,1120830.2
1760018400000,2025-10-09 16:00:00,1.1038,1.1089,1.0758,1.0814,739804.9
1760022000000,2025-10-09 17:00:00,1.0814,1.0935,1.0741,1.0808,218253.8
1760025600000,2025-10-09 18:00:00,1.0808,1.1014,1.0799,1.0887,547572.5
1760029200000,2025-10-09 19:00:00,1.0887,1.129,1.0871,1.1289,582831.5
1760032800000,2025-10-09 20:00:00,1.1289,1.1726,1.1288,1.1395,2165221.5
1760036400000,2025-10-09 21:00:00,1.1395,1.1993,1.1314,1.1851,1961125.8
1760040000000,2025-10-09 22:00:00,1.1851,1.1949,1.1594,1.1674,912284.8
1760043600000,2025-10-09 23:00:00,1.1674,1.1818,1.1612,1.1755,424440.3
1760047200000,2025-10-10 00:00:00,1.1755,1.2236,1.1679,1.1909,1278866.5
1760050800000,2025-10-10 01:00:00,1.1909,1.2365,1.1895,1.2258,1207190.1
1760054400000,2025-10-10 02:00:00,1.2258,1.2975,1.2254,1.279,2127500.6
1760058000000,2025-10-10 03:00:00,1.279,1.3467,1.2735,1.3308,2610899.1
1760061600000,2025-10-10 04:00:00,1.3308,1.3663,1.3144,1.3309,2767940.7
1760065200000,2025-10-10 05:00:00,1.3309,1.3365,1.2653,1.2671,2445732.8
1760068800000,2025-10-10 06:00:00,1.2671,1.2828,1.2622,1.2767,767641.7
1760072400000,2025-10-10 07:00:00,1.2767,1.2782,1.2512,1.2634,951107.9
1760076000000,2025-10-10 08:00:00,1.2634,1.2711,1.2491,1.258,1087586.1
1760079600000,2025-10-10 09:00:00,1.258,1.3447,1.2553,1.3243,2949086.7
1760083200000,2025-10-10 10:00:00,1.3243,1.4382,1.3209,1.4247,4684189.5
1760086800000,2025-10-10 11:00:00,1.4247,1.442,1.3729,1.3829,3823561.2
1760090400000,2025-10-10 12:00:00,1.3829,1.4045,1.3597,1.3686,1920103.9
1760094000000,2025-10-10 13:00:00,1.3686,1.4147,1.3519,1.4061,2183616.6
1760097600000,2025-10-10 14:00:00,1.4061,1.4072,1.3627,1.3693,1690934.8
1760101200000,2025-10-10 15:00:00,1.3693,1.4445,1.3569,1.4156,3694943.6
1760104800000,2025-10-10 16:00:00,1.4156,1.419,1.3666,1.3683,1763485.5
1760108400000,2025-10-10 17:00:00,1.3683,1.3705,1.2696,1.3018,6276666.5
1760112000000,2025-10-10 18:00:00,1.3018,1.3233,1.2764,1.2794,1857916.7
1760115600000,2025-10-10 19:00:00,1.2794,1.2857,1.2638,1.2782,1306486.7
1760119200000,2025-10-10 20:00:00,1.2782,1.2783,1.2566,1.2605,908530.8
1760122800000,2025-10-10 21:00:00,1.2605,1.2735,1.24,1.2626,1109498.2
1760126400000,2025-10-10 22:00:00,1.2626,1.294,1.1893,1.2097,2699354.8
1760130000000,2025-10-10 23:00:00,1.2097,1.2365,0.484,0.795,17497015.6
1760133600000,2025-10-11 00:00:00,0.795,0.9148,0.7581,0.9087,5027611.6
1760137200000,2025-10-11 01:00:00,0.9087,1.0522,0.9027,0.9854,4928250.6
1760140800000,2025-10-11 02:00:00,0.9854,1.0293,0.9479,1.0059,2777884.5
1760144400000,2025-10-11 03:00:00,1.0059,1.0419,0.953,0.9538,1694371.8
1760148000000,2025-10-11 04:00:00,0.9538,1.0494,0.9533,1.0428,1552317.6
1760151600000,2025-10-11 05:00:00,1.0428,1.0502,1.0016,1.0157,991224.6
1760155200000,2025-10-11 06:00:00,1.0157,1.0983,1.0138,1.0692,1695236.3
1760158800000,2025-10-11 07:00:00,1.0692,1.0829,1.0119,1.0308,1587627.1
1760162400000,2025-10-11 08:00:00,1.0308,1.0502,1.0156,1.0216,973112.7
1760166000000,2025-10-11 09:00:00,1.0216,1.0374,1.0107,1.0339,1011662.2
1760169600000,2025-10-11 10:00:00,1.0339,1.0629,1.0228,1.0574,1250945.6
1760173200000,2025-10-11 11:00:00,1.0574,1.0707,1.0493,1.0569,1116786.3
1760176800000,2025-10-11 12:00:00,1.0569,1.0617,1.044,1.0577,710025.0
1760180400000,2025-10-11 13:00:00,1.0577,1.0705,1.0399,1.0622,1090972.2
1760184000000,2025-10-11 14:00:00,1.0622,1.0816,1.0458,1.065,717255.9
1760187600000,2025-10-11 15:00:00,1.065,1.0801,1.0332,1.0554,1118028.0
1760191200000,2025-10-11 16:00:00,1.0554,1.0583,1.0296,1.042,776919.4
1760194800000,2025-10-11 17:00:00,1.042,1.0539,1.0109,1.021,1042633.8
1760198400000,2025-10-11 18:00:00,1.021,1.0238,0.9905,0.9995,793681.5
1760202000000,2025-10-11 19:00:00,0.9995,1.0057,0.9771,0.9896,1303405.1
1760205600000,2025-10-11 20:00:00,0.9896,0.9936,0.9733,0.9805,708589.7
1760209200000,2025-10-11 21:00:00,0.9805,0.9819,0.9408,0.9491,1141614.3
1760212800000,2025-10-11 22:00:00,0.9491,0.9504,0.915,0.9208,1563270.7
1760216400000,2025-10-11 23:00:00,0.9208,0.947,0.9017,0.9399,1256418.9
1760220000000,2025-10-12 00:00:00,0.9399,0.9507,0.9352,0.9472,506112.5
1760223600000,2025-10-12 01:00:00,0.9472,0.9517,0.9388,0.9413,615226.5
1760227200000,2025-10-12 02:00:00,0.9413,0.9429,0.9231,0.9252,622212.7
1760230800000,2025-10-12 03:00:00,0.9252,0.9451,0.9241,0.9328,710647.5
1760234400000,2025-10-12 04:00:00,0.9328,0.9479,0.9288,0.9421,439510.7
1760238000000,2025-10-12 05:00:00,0.9421,0.9611,0.939,0.9583,1061304.8
1760241600000,2025-10-12 06:00:00,0.9583,0.9863,0.956,0.9626,689005.4
1760245200000,2025-10-12 07:00:00,0.9626,0.9685,0.9554,0.9593,434002.1
1760248800000,2025-10-12 08:00:00,0.9593,0.9681,0.9558,0.968,440654.8
1760252400000,2025-10-12 09:00:00,0.968,0.9905,0.9675,0.9874,395317.7
1760256000000,2025-10-12 10:00:00,0.9874,1.0037,0.9858,0.9863,727152.2
1760259600000,2025-10-12 11:00:00,0.9863,0.9919,0.9714,0.9904,453052.5
1760263200000,2025-10-12 12:00:00,0.9904,0.993,0.9693,0.97,648669.3
1760266800000,2025-10-12 13:00:00,0.97,0.9853,0.9664,0.9807,885808.1
1760270400000,2025-10-12 14:00:00,0.9807,1.0005,0.9771,0.9791,546994.9
1760274000000,2025-10-12 15:00:00,0.9791,0.9854,0.9702,0.974,536422.8
1760277600000,2025-10-12 16:00:00,0.974,1.0282,0.9638,1.0163,1512484.3
1760281200000,2025-10-12 17:00:00,1.0163,1.2988,1.0156,1.2981,7759172.2
1760284800000,2025-10-12 18:00:00,1.2981,1.35,1.222,1.2227,5636565.6
1760288400000,2025-10-12 19:00:00,1.2227,1.5364,1.2155,1.5195,7915839.6
1760292000000,2025-10-12 20:00:00,1.5195,1.6035,1.4722,1.6004,10415919.4
1760295600000,2025-10-12 21:00:00,1.6004,1.8434,1.5513,1.6719,14613794.5
1760299200000,2025-10-12 22:00:00,1.6719,1.7699,1.6414,1.7181,6223117.0
1760302800000,2025-10-12 23:00:00,1.7181,1.8834,1.6714,1.747,8482868.5
1760306400000,2025-10-13 00:00:00,1.747,1.85,1.6951,1.7112,6627730.5
1760310000000,2025-10-13 01:00:00,1.7112,1.7262,1.656,1.7033,3635460.3
1760313600000,2025-10-13 02:00:00,1.7033,1.7877,1.6135,1.7359,7076164.0
1760317200000,2025-10-13 03:00:00,1.7359,1.9227,1.7287,1.8835,8881223.6
1760320800000,2025-10-13 04:00:00,1.8835,1.8968,1.743,1.7849,6249190.0
1760324400000,2025-10-13 05:00:00,1.7849,1.8099,1.7523,1.7661,3626463.2
1760328000000,2025-10-13 06:00:00,1.7661,1.775,1.7248,1.7474,3460844.5
1760331600000,2025-10-13 07:00:00,1.7474,1.8854,1.6861,1.8352,9103230.8
1760335200000,2025-10-13 08:00:00,1.8352,1.8911,1.8231,1.8782,5335896.3
1760338800000,2025-10-13 09:00:00,1.8782,1.8855,1.8346,1.8593,3698881.3
1760342400000,2025-10-13 10:00:00,1.8593,2.3665,1.8359,2.1925,18443977.6
1760346000000,2025-10-13 11:00:00,2.1925,2.5741,2.14,2.4193,16882185.7
1760349600000,2025-10-13 12:00:00,2.4193,2.4345,2.316,2.3303,9743750.4
1760353200000,2025-10-13 13:00:00,2.3303,2.4179,2.1835,2.1934,11416811.9
1760356800000,2025-10-13 14:00:00,2.1934,2.2778,2.1517,2.2129,8932157.7
1760360400000,2025-10-13 15:00:00,2.2129,2.3515,2.126,2.2693,11660932.1
1760364000000,2025-10-13 16:00:00,2.2693,2.2908,2.18,2.2594,7869414.5
1760367600000,2025-10-13 17:00:00,2.2594,2.4643,2.2518,2.3843,12509375.3
1760371200000,2025-10-13 18:00:00,2.3843,2.4855,2.3219,2.346,9210002.2
1760374800000,2025-10-13 19:00:00,2.346,2.4891,2.3407,2.479,7904428.9
1760378400000,2025-10-13 20:00:00,2.479,2.5767,2.3866,2.47,10656921.1
1760382000000,2025-10-13 21:00:00,2.47,2.5443,2.3661,2.3838,8311085.2
1760385600000,2025-10-13 22:00:00,2.3838,2.4184,2.2231,2.2827,8006466.6
1760389200000,2025-10-13 23:00:00,2.2827,2.3245,2.2519,2.3049,3010995.1
1760392800000,2025-10-14 00:00:00,2.3049,2.3707,2.2772,2.2787,2636924.5
1760396400000,2025-10-14 01:00:00,2.2787,2.3154,2.2589,2.2899,1730686.3
1760400000000,2025-10-14 02:00:00,2.2899,2.3189,2.2055,2.241,3508739.6
1760403600000,2025-10-14 03:00:00,2.241,2.2807,2.2157,2.222,2275831.7
1760407200000,2025-10-14 04:00:00,2.222,2.2353,2.1762,2.1854,4017942.4
1760410800000,2025-10-14 05:00:00,2.1854,2.213,2.1494,2.183,3827515.2
1760414400000,2025-10-14 06:00:00,2.183,2.2384,2.1255,2.158,3483203.3
1760418000000,2025-10-14 07:00:00,2.158,2.1837,2.092,2.1145,3777046.1
1760421600000,2025-10-14 08:00:00,2.1145,2.1467,2.0006,2.0651,5464970.9
1760425200000,2025-10-14 09:00:00,2.0651,2.0798,1.9775,1.9987,3992674.2
1760428800000,2025-10-14 10:00:00,1.9987,2.0015,1.9354,1.9611,3384964.3
1760432400000,2025-10-14 11:00:00,1.9611,2.01,1.958,1.9835,3279297.0
1760436000000,2025-10-14 12:00:00,1.9835,1.9844,1.9112,1.9519,3502392.6
1760439600000,2025-10-14 13:00:00,1.9519,1.9966,1.94,1.9701,2993928.4
1760443200000,2025-10-14 14:00:00,1.9701,1.9752,1.8962,1.9151,2596516.1
1760446800000,2025-10-14 15:00:00,1.9151,1.9715,1.9017,1.922,4137028.4
1760450400000,2025-10-14 16:00:00,1.922,1.9626,1.8728,1.9028,4959073.4
1760454000000,2025-10-14 17:00:00,1.9028,1.971,1.8173,1.9566,6675218.2
1760457600000,2025-10-14 18:00:00,1.9566,2.0174,1.9147,1.93,6009014.2
1760461200000,2025-10-14 19:00:00,1.93,2.013,1.9013,1.983,3763333.6
1760464800000,2025-10-14 20:00:00,1.983,2.0498,1.9571,1.969,3841286.4
1760468400000,2025-10-14 21:00:00,1.969,2.0166,1.937,1.9457,4427613.9
1760472000000,2025-10-14 22:00:00,1.9457,2.0422,1.9457,1.9873,2694601.9
1760475600000,2025-10-14 23:00:00,1.9873,1.9918,1.95,1.9736,905903.7
1760479200000,2025-10-15 00:00:00,1.9736,2.0781,1.9724,2.0056,3016164.4
1760482800000,2025-10-15 01:00:00,2.0056,2.0581,2.0023,2.0263,1964614.7
1760486400000,2025-10-15 02:00:00,2.0263,2.2049,1.9959,2.1044,5256026.3
1760490000000,2025-10-15 03:00:00,2.1044,2.2578,2.0267,2.2259,7094039.0
1760493600000,2025-10-15 04:00:00,2.2259,2.2533,2.1412,2.1616,4036676.2
1760497200000,2025-10-15 05:00:00,2.1616,2.1894,2.0417,2.093,2993079.9
1760500800000,2025-10-15 06:00:00,2.093,2.1677,2.0717,2.0787,2791387.0
1760504400000,2025-10-15 07:00:00,2.0787,2.0973,1.9429,1.9503,4733835.0
1760508000000,2025-10-15 08:00:00,1.9503,1.9555,1.84,1.9284,4630824.1
1760511600000,2025-10-15 09:00:00,1.9284,1.9657,1.9116,1.9499,2942081.2
1760515200000,2025-10-15 10:00:00,1.9499,2.0321,1.9375,1.9895,3451940.6
1760518800000,2025-10-15 11:00:00,1.9895,1.9965,1.9353,1.9787,2877700.9
1760522400000,2025-10-15 12:00:00,1.9787,2.0063,1.9509,2.0035,1904435.9
1760526000000,2025-10-15 13:00:00,2.0035,2.0251,1.9455,1.951,1988658.1
1760529600000,2025-10-15 14:00:00,1.951,1.9737,1.9374,1.9524,1644608.3
1760533200000,2025-10-15 15:00:00,1.9524,1.9554,1.8721,1.9013,4045617.5
1760536800000,2025-10-15 16:00:00,1.9013,1.915,1.8086,1.8152,3444606.5
1760540400000,2025-10-15 17:00:00,1.8152,1.8497,1.787,1.8071,2899266.9
1760544000000,2025-10-15 18:00:00,1.8071,1.8423,1.8023,1.825,1423808.5
1760547600000,2025-10-15 19:00:00,1.825,1.8325,1.8004,1.8086,1582144.3
1760551200000,2025-10-15 20:00:00,1.8086,1.8109,1.7384,1.7924,2984528.5
1760554800000,2025-10-15 21:00:00,1.7924,1.7931,1.7589,1.7677,1539288.1
1760558400000,2025-10-15 22:00:00,1.7677,1.8157,1.7511,1.7598,2846039.7
1760562000000,2025-10-15 23:00:00,1.7598,1.7742,1.7086,1.7231,1853671.6
1760565600000,2025-10-16 00:00:00,1.7231,1.7569,1.7027,1.7124,1367100.9
1760569200000,2025-10-16 01:00:00,1.7124,1.7302,1.6818,1.689,1695584.0
1760572800000,2025-10-16 02:00:00,1.689,1.7037,1.6446,1.6479,2482586.8
1760576400000,2025-10-16 03:00:00,1.6479,1.6691,1.6267,1.6566,2597892.6
1760580000000,2025-10-16 04:00:00,1.6566,1.6633,1.6014,1.6629,3128719.1
1760583600000,2025-10-16 05:00:00,1.6629,1.6668,1.5969,1.6054,2516895.3
1760587200000,2025-10-16 06:00:00,1.6054,1.6362,1.5728,1.5749,1809061.9
1760590800000,2025-10-16 07:00:00,1.5749,1.615,1.5677,1.5898,1743705.1
1760594400000,2025-10-16 08:00:00,1.5898,1.6072,1.5751,1.5955,1242861.6
1760598000000,2025-10-16 09:00:00,1.5955,1.6009,1.5568,1.5664,1512407.3
1760601600000,2025-10-16 10:00:00,1.5664,1.579,1.5425,1.5494,1248312.5
1760605200000,2025-10-16 11:00:00,1.5494,1.654,1.5182,1.633,5097672.6
1760608800000,2025-10-16 12:00:00,1.633,1.6668,1.6123,1.6401,2879139.7
1760612400000,2025-10-16 13:00:00,1.6401,1.6475,1.6217,1.6378,1109486.5
1760616000000,2025-10-16 14:00:00,1.6378,1.6614,1.6286,1.6356,1882981.5
1760619600000,2025-10-16 15:00:00,1.6356,1.6682,1.6185,1.6533,2746141.5
1760623200000,2025-10-16 16:00:00,1.6533,1.702,1.6244,1.6802,3178924.6
1760626800000,2025-10-16 17:00:00,1.6802,1.7303,1.6248,1.636,5157194.7
1760630400000,2025-10-16 18:00:00,1.636,1.6475,1.5808,1.635,3814188.3
1760634000000,2025-10-16 19:00:00,1.635,1.6531,1.5573,1.5848,5017922.9
1760637600000,2025-10-16 20:00:00,1.5848,1.5869,1.5531,1.567,1458445.3
1760641200000,2025-10-16 21:00:00,1.567,1.5942,1.5128,1.5404,2940881.6
1760644800000,2025-10-16 22:00:00,1.5404,1.5552,1.4738,1.5028,3848005.0
1760648400000,2025-10-16 23:00:00,1.5028,1.5189,1.4655,1.4733,1597131.2
1760652000000,2025-10-17 00:00:00,1.4733,1.4775,1.4168,1.4243,2374724.0
1760655600000,2025-10-17 01:00:00,1.4243,1.4472,1.3932,1.4449,2064161.1
1760659200000,2025-10-17 02:00:00,1.4449,1.4632,1.4198,1.4506,2086582.3
1760662800000,2025-10-17 03:00:00,1.4506,1.4936,1.4493,1.4644,2197207.1
1760666400000,2025-10-17 04:00:00,1.4644,1.4663,1.4355,1.444,1426924.3
1760670000000,2025-10-17 05:00:00,1.444,1.4568,1.4292,1.4476,996921.0
1760673600000,2025-10-17 06:00:00,1.4476,1.4595,1.4316,1.4348,1005045.1
1760677200000,2025-10-17 07:00:00,1.4348,1.4517,1.4189,1.423,852301.9
1760680800000,2025-10-17 08:00:00,1.423,1.4385,1.3752,1.3779,2887822.0
1760684400000,2025-10-17 09:00:00,1.3779,1.3896,1.3271,1.3459,3304980.3
1760688000000,2025-10-17 10:00:00,1.3459,1.3745,1.3346,1.3434,3002174.9
1760691600000,2025-10-17 11:00:00,1.3434,1.3891,1.338,1.3619,2211284.5
1760695200000,2025-10-17 12:00:00,1.3619,1.3925,1.3339,1.3882,2848789.5
1760698800000,2025-10-17 13:00:00,1.3882,1.4794,1.3795,1.4709,4870257.0
1760702400000,2025-10-17 14:00:00,1.4709,1.4974,1.4528,1.4558,2445763.5
1760706000000,2025-10-17 15:00:00,1.4558,1.4694,1.4333,1.4381,2612868.6
1760709600000,2025-10-17 16:00:00,1.4381,1.4494,1.3955,1.4274,3196554.9
1760713200000,2025-10-17 17:00:00,1.4274,1.4631,1.4091,1.4539,2984427.5
1760716800000,2025-10-17 18:00:00,1.4539,1.5449,1.4168,1.4209,7019353.9
1760720400000,2025-10-17 19:00:00,1.4209,1.4339,1.3983,1.4246,2905888.4
1760724000000,2025-10-17 20:00:00,1.4246,1.438,1.4005,1.4151,1629053.3
1760727600000,2025-10-17 21:00:00,1.4151,1.4228,1.402,1.421,1072825.2
1760731200000,2025-10-17 22:00:00,1.421,1.4519,1.4079,1.4322,1327195.1
1760734800000,2025-10-17 23:00:00,1.4322,1.4488,1.4186,1.4283,1450089.7
1760738400000,2025-10-18 00:00:00,1.4283,1.4301,1.3802,1.3949,1315938.5
1760742000000,2025-10-18 01:00:00,1.3949,1.3959,1.3666,1.3735,1138024.4
1760745600000,2025-10-18 02:00:00,1.3735,1.3821,1.3507,1.3785,1903511.2
1760749200000,2025-10-18 03:00:00,1.3785,1.4189,1.3721,1.4069,1585654.4
1760752800000,2025-10-18 04:00:00,1.4069,1.419,1.3694,1.3809,1277638.0
1760756400000,2025-10-18 05:00:00,1.3809,1.4002,1.3778,1.3891,501316.3
1760760000000,2025-10-18 06:00:00,1.3891,1.3892,1.3713,1.3744,647454.4
1760763600000,2025-10-18 07:00:00,1.3744,1.3867,1.3657,1.3751,847188.9
1760767200000,2025-10-18 08:00:00,1.3751,1.4143,1.3719,1.4131,919623.8
1760770800000,2025-10-18 09:00:00,1.4131,1.5403,1.3749,1.3862,8890927.7
1760774400000,2025-10-18 10:00:00,1.3862,1.4011,1.3628,1.3753,2459670.4
1760778000000,2025-10-18 11:00:00,1.3753,1.4154,1.3753,1.4098,2098652.3
1760781600000,2025-10-18 12:00:00,1.4098,1.412,1.3828,1.3928,1168455.0
1760785200000,2025-10-18 13:00:00,1.3928,1.4116,1.3915,1.4078,851726.7
1760788800000,2025-10-18 14:00:00,1.4078,1.4102,1.3821,1.3927,1204983.9
1760792400000,2025-10-18 15:00:00,1.3927,1.3927,1.3594,1.369,1359625.1
1760796000000,2025-10-18 16:00:00,1.369,1.3938,1.3531,1.3686,1737192.3
1760799600000,2025-10-18 17:00:00,1.3686,1.3827,1.3546,1.3622,1219075.7
1760803200000,2025-10-18 18:00:00,1.3622,1.3655,1.3231,1.3445,1867371.8
1760806800000,2025-10-18 19:00:00,1.3445,1.3864,1.3343,1.3794,2362264.3
1760810400000,2025-10-18 20:00:00,1.3794,1.3876,1.3742,1.3756,960351.0
1760814000000,2025-10-18 21:00:00,1.3756,1.3782,1.3657,1.3744,714465.2
1760817600000,2025-10-18 22:00:00,1.3744,1.4011,1.3729,1.3792,963218.4
1760821200000,2025-10-18 23:00:00,1.3792,1.3912,1.3726,1.3841,429646.4
1760824800000,2025-10-19 00:00:00,1.3841,1.3895,1.3652,1.3672,872720.3
1760828400000,2025-10-19 01:00:00,1.3672,1.3758,1.3612,1.3705,780843.6
1760832000000,2025-10-19 02:00:00,1.3705,1.382,1.356,1.3661,598754.3
1760835600000,2025-10-19 03:00:00,1.3661,1.3835,1.3612,1.3677,591175.1
1760839200000,2025-10-19 04:00:00,1.3677,1.3796,1.3611,1.3739,595838.8
1760842800000,2025-10-19 05:00:00,1.3739,1.4361,1.3694,1.4183,1912302.6
1760846400000,2025-10-19 06:00:00,1.4183,1.4406,1.399,1.4296,1234437.9
1760850000000,2025-10-19 07:00:00,1.4296,1.4749,1.389,1.3911,3219431.9
1760853600000,2025-10-19 08:00:00,1.3911,1.4095,1.3758,1.3927,1755800.0
1760857200000,2025-10-19 09:00:00,1.3927,1.4203,1.3851,1.4156,1264006.2
1760860800000,2025-10-19 10:00:00,1.4156,1.4542,1.4065,1.4222,3736931.0
1760864400000,2025-10-19 11:00:00,1.4222,1.4383,1.3874,1.4105,3243775.5
1760868000000,2025-10-19 12:00:00,1.4105,1.4303,1.3936,1.426,2022136.2
1760871600000,2025-10-19 13:00:00,1.426,1.5208,1.4176,1.4473,6711671.8
1760875200000,2025-10-19 14:00:00,1.4473,1.4553,1.3964,1.4039,2056494.7
1760878800000,2025-10-19 15:00:00,1.4039,1.4284,1.386,1.4224,2004722.8
1760882400000,2025-10-19 16:00:00,1.4224,1.4549,1.4049,1.44,2041108.1
1760886000000,2025-10-19 17:00:00,1.44,1.4985,1.4228,1.4809,2865391.2
1760889600000,2025-10-19 18:00:00,1.4809,1.6209,1.4517,1.609,6398381.1
1760893200000,2025-10-19 19:00:00,1.609,1.6256,1.5288,1.5942,7771697.2
1760896800000,2025-10-19 20:00:00,1.5942,1.69,1.5885,1.6818,6274258.6
1760900400000,2025-10-19 21:00:00,1.6818,1.7481,1.6516,1.6719,6471091.4
1760904000000,2025-10-19 22:00:00,1.6719,1.7138,1.659,1.663,2729852.5
1760907600000,2025-10-19 23:00:00,1.663,1.6651,1.5946,1.6183,2910628.6
1760911200000,2025-10-20 00:00:00,1.6183,1.6444,1.574,1.581,2587318.6
1760914800000,2025-10-20 01:00:00,1.581,1.581,1.5463,1.5587,1802061.3
1760918400000,2025-10-20 02:00:00,1.5587,1.5588,1.499,1.5113,2436973.4
1760922000000,2025-10-20 03:00:00,1.5113,1.5462,1.5001,1.5056,3188585.5
1760925600000,2025-10-20 04:00:00,1.5056,1.5445,1.4774,1.529,2042542.1
1760929200000,2025-10-20 05:00:00,1.529,1.6644,1.5229,1.6611,3569061.2
1760932800000,2025-10-20 06:00:00,1.6611,1.6909,1.6185,1.6746,3751863.6
1760936400000,2025-10-20 07:00:00,1.6746,1.7915,1.6716,1.7776,3590799.3
1760940000000,2025-10-20 08:00:00,1.7776,1.8327,1.7191,1.7205,4564535.9
1760943600000,2025-10-20 09:00:00,1.7205,1.7231,1.66,1.6643,2857745.1
1760947200000,2025-10-20 10:00:00,1.6643,1.7032,1.6358,1.6785,3081459.5
1760950800000,2025-10-20 11:00:00,1.6785,1.6943,1.6559,1.6575,1357445.8
1760954400000,2025-10-20 12:00:00,1.6575,1.7244,1.6359,1.6539,2553658.6
1760958000000,2025-10-20 13:00:00,1.6539,1.6677,1.6229,1.6672,2230651.8
1760961600000,2025-10-20 14:00:00,1.6672,1.7166,1.6493,1.7049,3259286.3
1760965200000,2025-10-20 15:00:00,1.7049,1.7561,1.6839,1.7425,2520308.2
1760968800000,2025-10-20 16:00:00,1.7425,1.7437,1.6734,1.6772,3047195.6
1760972400000,2025-10-20 17:00:00,1.6772,1.7327,1.6286,1.6345,3984001.0
1760976000000,2025-10-20 18:00:00,1.6345,1.6699,1.5855,1.5957,7169060.6
1760979600000,2025-10-20 19:00:00,1.5957,1.6102,1.5835,1.5881,1867621.2
1760983200000,2025-10-20 20:00:00,1.5881,1.5884,1.5412,1.577,3309177.7
1760986800000,2025-10-20 21:00:00,1.577,1.6038,1.5701,1.6,1526564.7
1760990400000,2025-10-20 22:00:00,1.6,1.6185,1.5907,1.5981,1376937.2
1760994000000,2025-10-20 23:00:00,1.5981,1.6375,1.5935,1.6112,1315387.0
1760997600000,2025-10-21 00:00:00,1.6112,1.632,1.5937,1.6182,1507136.6
1761001200000,2025-10-21 01:00:00,1.6182,1.6253,1.6112,1.6182,658576.5
1761004800000,2025-10-21 02:00:00,1.6182,1.6462,1.6089,1.6329,2176705.6
1761008400000,2025-10-21 03:00:00,1.6329,1.6375,1.5976,1.6016,2457003.3
1761012000000,2025-10-21 04:00:00,1.6016,1.6034,1.5512,1.5553,1890247.4
1761015600000,2025-10-21 05:00:00,1.5553,1.5746,1.554,1.5671,1101946.1
1761019200000,2025-10-21 06:00:00,1.5671,1.5711,1.518,1.5189,1836301.9
1761022800000,2025-10-21 07:00:00,1.5189,1.5295,1.5052,1.5065,1232738.3
1761026400000,2025-10-21 08:00:00,1.5065,1.5174,1.4572,1.4612,2163697.9
1761030000000,2025-10-21 09:00:00,1.4612,1.4978,1.4586,1.4923,2420350.3
1761033600000,2025-10-21 10:00:00,1.4923,1.5051,1.4834,1.4916,1277714.3
1761037200000,2025-10-21 11:00:00,1.4916,1.5009,1.4757,1.4859,931887.7
1761040800000,2025-10-21 12:00:00,1.4859,1.501,1.4826,1.4882,932136.7
1761044400000,2025-10-21 13:00:00,1.4882,1.4896,1.4688,1.4754,947340.7
1761048000000,2025-10-21 14:00:00,1.4754,1.5219,1.4734,1.4857,1258881.0
1761051600000,2025-10-21 15:00:00,1.4857,1.4995,1.4706,1.4821,1197098.0
1761055200000,2025-10-21 16:00:00,1.4821,1.5626,1.4736,1.5617,4058629.5
1761058800000,2025-10-21 17:00:00,1.5617,1.725,1.5527,1.6808,6769831.1
1761062400000,2025-10-21 18:00:00,1.6808,1.689,1.6128,1.6204,4321472.5
1761066000000,2025-10-21 19:00:00,1.6204,1.6274,1.5657,1.5717,2693088.9
1761069600000,2025-10-21 20:00:00,1.5717,1.5879,1.5491,1.5649,1611752.6
1761073200000,2025-10-21 21:00:00,1.5649,1.5779,1.5511,1.5511,720652.2
1761076800000,2025-10-21 22:00:00,1.5511,1.555,1.5261,1.544,1404836.2
1761080400000,2025-10-21 23:00:00,1.544,1.5451,1.5084,1.5252,1119386.1
1761084000000,2025-10-22 00:00:00,1.5252,1.5308,1.4557,1.4637,2294047.5
1761087600000,2025-10-22 01:00:00,1.4637,1.4785,1.4526,1.4712,1080523.7
1761091200000,2025-10-22 02:00:00,1.4712,1.4871,1.4552,1.4611,2743621.3
1761094800000,2025-10-22 03:00:00,1.4611,1.4691,1.4445,1.4529,865660.6
1761098400000,2025-10-22 04:00:00,1.4529,1.4755,1.4522,1.4717,601969.1
1761102000000,2025-10-22 05:00:00,1.4717,1.4883,1.463,1.486,587800.3
1761105600000,2025-10-22 06:00:00,1.486,1.5228,1.4579,1.4882,1610567.6
1761109200000,2025-10-22 07:00:00,1.4882,1.4882,1.4587,1.4587,681003.8
1761112800000,2025-10-22 08:00:00,1.4587,1.4646,1.4475,1.4517,502267.5
1761116400000,2025-10-22 09:00:00,1.4517,1.455,1.433,1.447,1345249.6
1761120000000,2025-10-22 10:00:00,1.447,1.447,1.423,1.434,715047.0
1761123600000,2025-10-22 11:00:00,1.434,1.4369,1.3867,1.3941,1659134.6
1761127200000,2025-10-22 12:00:00,1.3941,1.4145,1.387,1.3937,1931800.7
1761130800000,2025-10-22 13:00:00,1.3937,1.4222,1.3846,1.4044,1222200.1
1761134400000,2025-10-22 14:00:00,1.4044,1.4093,1.3894,1.4047,952089.8
1761138000000,2025-10-22 15:00:00,1.4047,1.4207,1.3804,1.4191,1559623.4
1761141600000,2025-10-22 16:00:00,1.4191,1.4197,1.3763,1.4156,2177313.4
1761145200000,2025-10-22 17:00:00,1.4156,1.424,1.3684,1.3819,1854511.4
1761148800000,2025-10-22 18:00:00,1.3819,1.4034,1.371,1.3752,1792500.2
1761152400000,2025-10-22 19:00:00,1.3752,1.3789,1.3297,1.3388,1754792.5
1761156000000,2025-10-22 20:00:00,1.3388,1.351,1.3161,1.3249,1485880.6
1761159600000,2025-10-22 21:00:00,1.3249,1.3563,1.3141,1.3343,1552240.4
1761163200000,2025-10-22 22:00:00,1.3343,1.3373,1.3028,1.3048,1285977.3
1761166800000,2025-10-22 23:00:00,1.3048,1.3077,1.2603,1.2807,2467609.8
1761170400000,2025-10-23 00:00:00,1.2807,1.2895,1.2627,1.2659,646193.5
1761174000000,2025-10-23 01:00:00,1.2659,1.2854,1.2657,1.2771,989789.8
1761177600000,2025-10-23 02:00:00,1.2771,1.2993,1.27,1.2944,902785.0
1761181200000,2025-10-23 03:00:00,1.2944,1.3057,1.2847,1.2888,962910.2
1761184800000,2025-10-23 04:00:00,1.2888,1.3098,1.2869,1.2928,775626.3
1761188400000,2025-10-23 05:00:00,1.2928,1.3006,1.2841,1.287,682939.8
1761192000000,2025-10-23 06:00:00,1.287,1.2882,1.265,1.2685,1244969.5
1761195600000,2025-10-23 07:00:00,1.2685,1.2853,1.2685,1.2789,878450.8
1761199200000,2025-10-23 08:00:00,1.2789,1.3226,1.2719,1.3142,2423424.7
1761202800000,2025-10-23 09:00:00,1.3142,1.3196,1.2998,1.3094,1177242.3
1761206400000,2025-10-23 10:00:00,1.3094,1.3143,1.2967,1.3002,876762.1
1761210000000,2025-10-23 11:00:00,1.3002,1.3052,1.2943,1.3021,530636.2
1761213600000,2025-10-23 12:00:00,1.3021,1.3148,1.298,1.2984,908431.5
1761217200000,2025-10-23 13:00:00,1.2984,1.3016,1.2692,1.271,1131008.3
1761220800000,2025-10-23 14:00:00,1.271,1.2725,1.2475,1.2669,1732140.9
1761224400000,2025-10-23 15:00:00,1.2669,1.2899,1.2545,1.273,1294981.9
1761228000000,2025-10-23 16:00:00,1.273,1.2779,1.2552,1.2645,1790932.7
1761231600000,2025-10-23 17:00:00,1.2645,1.3009,1.2574,1.2834,2364178.7
1761235200000,2025-10-23 18:00:00,1.2834,1.2955,1.2656,1.2804,1531081.8
1761238800000,2025-10-23 19:00:00,1.2804,1.3053,1.2559,1.2868,2604341.2
1761242400000,2025-10-23 20:00:00,1.2868,1.2908,1.2671,1.2777,1000109.1
1761246000000,2025-10-23 21:00:00,1.2777,1.2788,1.2645,1.2744,786779.0
1761249600000,2025-10-23 22:00:00,1.2744,1.2765,1.2249,1.2482,1883036.5
1761253200000,2025-10-23 23:00:00,1.2482,1.2642,1.2437,1.2541,1048821.3
1761256800000,2025-10-24 00:00:00,1.2541,1.2684,1.2361,1.2382,1592602.4
1761260400000,2025-10-24 01:00:00,1.2382,1.2502,1.2369,1.2472,909985.4
1761264000000,2025-10-24 02:00:00,1.2472,1.2671,1.2333,1.2518,1230875.6
1761267600000,2025-10-24 03:00:00,1.2518,1.2594,1.2384,1.2468,799646.1
1761271200000,2025-10-24 04:00:00,1.2468,1.259,1.2416,1.2472,715516.0
1761274800000,2025-10-24 05:00:00,1.2472,1.2494,1.2334,1.2391,496415.9
1761278400000,2025-10-24 06:00:00,1.2391,1.2756,1.2349,1.2687,1375654.7
1761282000000,2025-10-24 07:00:00,1.2687,1.2707,1.2488,1.2539,1149674.2
1761285600000,2025-10-24 08:00:00,1.2539,1.2595,1.2465,1.2526,1094535.0
1761289200000,2025-10-24 09:00:00,1.2526,1.2555,1.2274,1.2351,1127174.9
1761292800000,2025-10-24 10:00:00,1.2351,1.2577,1.2265,1.24,1248272.1
1761296400000,2025-10-24 11:00:00,1.24,1.2494,1.2374,1.2464,686895.6
1761300000000,2025-10-24 12:00:00,1.2464,1.2472,1.2302,1.234,785803.9
1761303600000,2025-10-24 13:00:00,1.234,1.2439,1.2155,1.243,1267371.6
1761307200000,2025-10-24 14:00:00,1.243,1.3043,1.2385,1.2837,3846816.7
1761310800000,2025-10-24 15:00:00,1.2837,1.2953,1.2635,1.2791,2848395.9
1761314400000,2025-10-24 16:00:00,1.2791,1.2792,1.2325,1.2394,2452088.3
1761318000000,2025-10-24 17:00:00,1.2394,1.2528,1.2227,1.2286,1440905.5
1761321600000,2025-10-24 18:00:00,1.2286,1.2494,1.2227,1.2451,1220112.9
1761325200000,2025-10-24 19:00:00,1.2451,1.2647,1.2328,1.2363,1466030.8
1761328800000,2025-10-24 20:00:00,1.2363,1.3013,1.2349,1.2934,2136069.5
1761332400000,2025-10-24 21:00:00,1.2934,1.3046,1.2774,1.2959,2178590.2
1761336000000,2025-10-24 22:00:00,1.2959,1.3545,1.2916,1.3093,3372148.6
1761339600000,2025-10-24 23:00:00,1.3093,1.3319,1.2983,1.3148,878633.7
1761343200000,2025-10-25 00:00:00,1.3148,1.3152,1.2978,1.3012,663498.8
1761346800000,2025-10-25 01:00:00,1.3012,1.3148,1.2898,1.2988,633023.9
1761350400000,2025-10-25 02:00:00,1.2988,1.2998,1.2678,1.2728,957802.1
1761354000000,2025-10-25 03:00:00,1.2728,1.2788,1.2632,1.2758,647975.1
1761357600000,2025-10-25 04:00:00,1.2758,1.2787,1.2617,1.2684,457024.2
1761361200000,2025-10-25 05:00:00,1.2684,1.2776,1.2592,1.2608,630479.5
1761364800000,2025-10-25 06:00:00,1.2608,1.2664,1.2483,1.2497,664231.4
1761368400000,2025-10-25 07:00:00,1.2497,1.2497,1.2285,1.2309,1032682.1
1761372000000,2025-10-25 08:00:00,1.2309,1.2432,1.2294,1.2384,595280.1
1761375600000,2025-10-25 09:00:00,1.2384,1.2486,1.2293,1.2312,710639.9
1761379200000,2025-10-25 10:00:00,1.2312,1.2379,1.225,1.2372,589059.5
1761382800000,2025-10-25 11:00:00,1.2372,1.2374,1.2197,1.2217,973429.7
1761386400000,2025-10-25 12:00:00,1.2217,1.2304,1.2093,1.2254,850421.3
1761390000000,2025-10-25 13:00:00,1.2254,1.248,1.2208,1.2476,864800.8
1761393600000,2025-10-25 14:00:00,1.2476,1.2557,1.2414,1.2456,811603.3
1761397200000,2025-10-25 15:00:00,1.2456,1.2526,1.2361,1.2372,881155.6
1761400800000,2025-10-25 16:00:00,1.2372,1.2512,1.2341,1.2459,652633.6
1761404400000,2025-10-25 17:00:00,1.2459,1.2479,1.2345,1.2353,554067.0
1761408000000,2025-10-25 18:00:00,1.2353,1.2406,1.2285,1.2383,716740.8
1761411600000,2025-10-25 19:00:00,1.2383,1.2383,1.2247,1.2251,527979.0
1761415200000,2025-10-25 20:00:00,1.2251,1.2416,1.223,1.2326,658588.8
1761418800000,2025-10-25 21:00:00,1.2326,1.2362,1.2278,1.2339,382284.6
1761422400000,2025-10-25 22:00:00,1.2339,1.2412,1.2298,1.2334,545072.1
1761426000000,2025-10-25 23:00:00,1.2334,1.2417,1.2306,1.2342,501359.6
1761429600000,2025-10-26 00:00:00,1.2342,1.2349,1.2254,1.2271,475203.9
1761433200000,2025-10-26 01:00:00,1.2271,1.2273,1.187,1.2064,2145358.9
1761436800000,2025-10-26 02:00:00,1.2064,1.2176,1.1916,1.1925,825612.8
1761440400000,2025-10-26 03:00:00,1.1925,1.1944,1.1683,1.1724,1643839.9
1761444000000,2025-10-26 04:00:00,1.1724,1.1795,1.1643,1.1685,1306003.4
1761447600000,2025-10-26 05:00:00,1.1685,1.1756,1.1624,1.1642,543354.5
1761451200000,2025-10-26 06:00:00,1.1642,1.1774,1.1635,1.1772,516812.9
1761454800000,2025-10-26 07:00:00,1.1772,1.1897,1.1721,1.1753,1088874.0
1761458400000,2025-10-26 08:00:00,1.1753,1.2091,1.1753,1.2006,862786.5
1761462000000,2025-10-26 09:00:00,1.2006,1.2302,1.1971,1.2202,1218373.3
1761465600000,2025-10-26 10:00:00,1.2202,1.2202,1.2037,1.2041,729178.9
1761469200000,2025-10-26 11:00:00,1.2041,1.2437,1.2014,1.2343,1616505.1
1761472800000,2025-10-26 12:00:00,1.2343,1.2397,1.2212,1.2292,784352.3
1761476400000,2025-10-26 13:00:00,1.2292,1.2552,1.2216,1.2478,864451.6
1761480000000,2025-10-26 14:00:00,1.2478,1.2683,1.2474,1.2596,1051140.5
1761483600000,2025-10-26 15:00:00,1.2596,1.2683,1.2506,1.2606,801857.2
1761487200000,2025-10-26 16:00:00,1.2606,1.2627,1.24,1.2437,698749.9
1761490800000,2025-10-26 17:00:00,1.2437,1.2498,1.2365,1.2458,437463.9
1761494400000,2025-10-26 18:00:00,1.2458,1.2458,1.2302,1.2356,618486.1
1761498000000,2025-10-26 19:00:00,1.2356,1.2417,1.2288,1.2331,587061.7
1761501600000,2025-10-26 20:00:00,1.2331,1.2408,1.2291,1.2364,415734.7
1761505200000,2025-10-26 21:00:00,1.2364,1.237,1.2235,1.2285,484313.8
1761508800000,2025-10-26 22:00:00,1.2285,1.2317,1.2137,1.2181,880422.6
1761512400000,2025-10-26 23:00:00,1.2181,1.2272,1.2159,1.2193,390657.9
1761516000000,2025-10-27 00:00:00,1.2193,1.2593,1.2193,1.2386,2087827.4
1761519600000,2025-10-27 01:00:00,1.2386,1.2401,1.1989,1.2008,1242957.2
1761523200000,2025-10-27 02:00:00,1.2008,1.2125,1.19,1.1913,1404702.3
1761526800000,2025-10-27 03:00:00,1.1913,1.2105,1.1772,1.1982,1846757.0
1761530400000,2025-10-27 04:00:00,1.1982,1.2082,1.1872,1.1958,838283.9
1761534000000,2025-10-27 05:00:00,1.1958,1.2089,1.1894,1.1922,820317.0
1761537600000,2025-10-27 06:00:00,1.1922,1.2056,1.1897,1.1977,762141.6
1761541200000,2025-10-27 07:00:00,1.1977,1.2265,1.1971,1.2058,1044744.7
1761544800000,2025-10-27 08:00:00,1.2058,1.2381,1.1961,1.2197,2115324.9
1761548400000,2025-10-27 09:00:00,1.2197,1.2263,1.1931,1.1985,1168122.0
1761552000000,2025-10-27 10:00:00,1.1985,1.2132,1.184,1.1899,1029852.2
1761555600000,2025-10-27 11:00:00,1.1899,1.1899,1.1687,1.1815,1472618.8
1761559200000,2025-10-27 12:00:00,1.1815,1.1827,1.1643,1.1724,1030379.4
1761562800000,2025-10-27 13:00:00,1.1724,1.1757,1.1519,1.1647,1456867.8
1761566400000,2025-10-27 14:00:00,1.1647,1.1662,1.153,1.1534,977111.9
1761570000000,2025-10-27 15:00:00,1.1534,1.1878,1.1531,1.1684,2100711.0
1761573600000,2025-10-27 16:00:00,1.1684,1.1699,1.145,1.1485,1680394.2
1761577200000,2025-10-27 17:00:00,1.1485,1.1951,1.1485,1.1834,2127956.4
1761580800000,2025-10-27 18:00:00,1.1834,1.1967,1.1638,1.1691,2186428.6
1761584400000,2025-10-27 19:00:00,1.1691,1.1809,1.1551,1.1779,1276222.0
1761588000000,2025-10-27 20:00:00,1.1779,1.1921,1.1646,1.1759,1335126.2
1761591600000,2025-10-27 21:00:00,1.1759,1.1795,1.1555,1.1589,987862.9
1761595200000,2025-10-27 22:00:00,1.1589,1.1701,1.149,1.1644,1186761.4
1761598800000,2025-10-27 23:00:00,1.1644,1.1777,1.1554,1.1555,598814.6
1761602400000,2025-10-28 00:00:00,1.1555,1.1716,1.1428,1.149,589770.1
1761606000000,2025-10-28 01:00:00,1.149,1.1671,1.149,1.1615,361246.1
1761609600000,2025-10-28 02:00:00,1.1615,1.1707,1.1556,1.1666,772168.2
1761613200000,2025-10-28 03:00:00,1.1666,1.1787,1.1514,1.1669,761387.3
1761616800000,2025-10-28 04:00:00,1.1669,1.1717,1.1553,1.1644,791632.8
1761620400000,2025-10-28 05:00:00,1.1644,1.1694,1.1547,1.1603,841690.9
1761624000000,2025-10-28 06:00:00,1.1603,1.18,1.1591,1.167,599930.4
1761627600000,2025-10-28 07:00:00,1.167,1.168,1.1498,1.1589,709178.4
1761631200000,2025-10-28 08:00:00,1.1589,1.1795,1.1551,1.1738,808793.0
1761634800000,2025-10-28 09:00:00,1.1738,1.1812,1.1601,1.1627,748303.9
1761638400000,2025-10-28 10:00:00,1.1627,1.1786,1.162,1.1748,548566.6
1761642000000,2025-10-28 11:00:00,1.1748,1.1754,1.1574,1.1672,455258.8
1761645600000,2025-10-28 12:00:00,1.1672,1.1676,1.1581,1.1656,304933.1
1761649200000,2025-10-28 13:00:00,1.1656,1.1825,1.1603,1.1631,711223.2
1761652800000,2025-10-28 14:00:00,1.1631,1.2108,1.1631,1.1844,2219720.1
1761656400000,2025-10-28 15:00:00,1.1844,1.1956,1.1654,1.1699,1057437.5
1761660000000,2025-10-28 16:00:00,1.1699,1.1778,1.1139,1.1543,3300546.4
1761663600000,2025-10-28 17:00:00,1.1543,1.1628,1.128,1.142,1453527.7
1761667200000,2025-10-28 18:00:00,1.142,1.1465,1.1267,1.1397,1066777.7
1761670800000,2025-10-28 19:00:00,1.1397,1.1475,1.1258,1.1463,794596.7
1761674400000,2025-10-28 20:00:00,1.1463,1.1591,1.1337,1.1452,1034054.3
1761678000000,2025-10-28 21:00:00,1.1452,1.1505,1.1116,1.1214,1625614.4
1761681600000,2025-10-28 22:00:00,1.1214,1.1265,1.103,1.1114,1644596.7
1761685200000,2025-10-28 23:00:00,1.1114,1.1221,1.0985,1.1106,752011.2
1761688800000,2025-10-29 00:00:00,1.1106,1.1237,1.1024,1.117,667232.6
1761692400000,2025-10-29 01:00:00,1.117,1.1194,1.1091,1.1101,394742.0
1761696000000,2025-10-29 02:00:00,1.1101,1.1177,1.1053,1.108,648733.9
1761699600000,2025-10-29 03:00:00,1.108,1.1166,1.1047,1.1138,439687.7
1761703200000,2025-10-29 04:00:00,1.1138,1.1143,1.103,1.1055,355562.3
1761706800000,2025-10-29 05:00:00,1.1055,1.1064,1.0937,1.0998,953354.8
1761710400000,2025-10-29 06:00:00,1.0998,1.1182,1.0992,1.1048,688686.9
1761714000000,2025-10-29 07:00:00,1.1048,1.113,1.1008,1.1063,475974.0
1761717600000,2025-10-29 08:00:00,1.1063,1.1189,1.104,1.1137,440390.3
1761721200000,2025-10-29 09:00:00,1.1137,1.1342,1.1083,1.1129,918357.7
1761724800000,2025-10-29 10:00:00,1.1129,1.1153,1.1064,1.1114,382463.8
1761728400000,2025-10-29 11:00:00,1.1114,1.1229,1.1061,1.1098,591840.4
1761732000000,2025-10-29 12:00:00,1.1098,1.1445,1.1088,1.1382,983224.9
1761735600000,2025-10-29 13:00:00,1.1382,1.1427,1.1311,1.1326,842542.4
1761739200000,2025-10-29 14:00:00,1.1326,1.1535,1.1312,1.1422,713259.9
1761742800000,2025-10-29 15:00:00,1.1422,1.1502,1.1346,1.1459,1037939.6
1761746400000,2025-10-29 16:00:00,1.1459,1.15,1.1322,1.1439,653187.2
1761750000000,2025-10-29 17:00:00,1.1439,1.1473,1.1153,1.1284,1641894.7
1761753600000,2025-10-29 18:00:00,1.1284,1.146,1.119,1.129,937291.6
1761757200000,2025-10-29 19:00:00,1.129,1.1619,1.1263,1.1596,1385247.8
1761760800000,2025-10-29 20:00:00,1.1596,1.1642,1.0907,1.1462,5072769.1
1761764400000,2025-10-29 21:00:00,1.1462,1.1803,1.1378,1.164,2808227.0
1761768000000,2025-10-29 22:00:00,1.164,1.2005,1.1506,1.1826,2554715.1
1761771600000,2025-10-29 23:00:00,1.1826,1.1866,1.1571,1.1579,963294.0
1761775200000,2025-10-30 00:00:00,1.1579,1.1639,1.1338,1.1364,1031240.5
1761778800000,2025-10-30 01:00:00,1.1364,1.1364,1.0967,1.1117,1879386.2
1761782400000,2025-10-30 02:00:00,1.1117,1.1226,1.0995,1.1206,1252440.6
1761786000000,2025-10-30 03:00:00,1.1206,1.1274,1.1097,1.1129,917624.4
1761789600000,2025-10-30 04:00:00,1.1129,1.1315,1.1105,1.1233,702531.3
1761793200000,2025-10-30 05:00:00,1.1233,1.1236,1.1075,1.113,699090.7
1761796800000,2025-10-30 06:00:00,1.113,1.1133,1.0501,1.0542,4433014.8
1761800400000,2025-10-30 07:00:00,1.0542,1.0862,1.0468,1.0809,2047230.5
1761804000000,2025-10-30 08:00:00,1.0809,1.0819,1.0666,1.0671,614988.2
1761807600000,2025-10-30 09:00:00,1.0671,1.0791,1.0667,1.072,604848.2
1761811200000,2025-10-30 10:00:00,1.072,1.0741,1.0577,1.0625,642197.7
1761814800000,2025-10-30 11:00:00,1.0625,1.0697,1.0575,1.0602,551788.9
1761818400000,2025-10-30 12:00:00,1.0602,1.0705,1.0568,1.0599,893116.3
1761822000000,2025-10-30 13:00:00,1.0599,1.0645,1.0446,1.0476,842777.5
1761825600000,2025-10-30 14:00:00,1.0476,1.0513,1.0286,1.0379,1432208.9
1761829200000,2025-10-30 15:00:00,1.0379,1.0415,1.0153,1.0176,1322059.4
1761832800000,2025-10-30 16:00:00,1.0176,1.0239,1.0111,1.0166,855229.5
1761836400000,2025-10-30 17:00:00,1.0166,1.0192,0.9987,1.0022,1575690.8
1761840000000,2025-10-30 18:00:00,1.0022,1.0119,0.9932,0.9966,959266.4
1761843600000,2025-10-30 19:00:00,0.9966,0.9966,0.964,0.9877,1920185.5
1761847200000,2025-10-30 20:00:00,0.9877,0.9881,0.9605,0.9681,767011.0
1761850800000,2025-10-30 21:00:00,0.9681,0.9791,0.9583,0.9785,1248214.0
1761854400000,2025-10-30 22:00:00,0.9785,0.9935,0.9748,0.9883,1380817.2
1761858000000,2025-10-30 23:00:00,0.9883,0.9919,0.9772,0.9886,369270.8
1761861600000,2025-10-31 00:00:00,0.9886,1.009,0.9881,0.9956,652395.3
1761865200000,2025-10-31 01:00:00,0.9956,1.0107,0.9924,1.0084,456840.9
1761868800000,2025-10-31 02:00:00,1.0084,1.0148,1.0031,1.0085,975042.4
1761872400000,2025-10-31 03:00:00,1.0085,1.0135,1.0039,1.0074,904073.5
1761876000000,2025-10-31 04:00:00,1.0074,1.0126,0.9985,1.0091,632372.3
1761879600000,2025-10-31 05:00:00,1.0091,1.0128,0.9978,1.0036,475730.3
1761883200000,2025-10-31 06:00:00,1.0036,1.0191,1.0012,1.0186,716622.3
1761886800000,2025-10-31 07:00:00,1.0186,1.0236,1.0077,1.015,486476.6
1761890400000,2025-10-31 08:00:00,1.015,1.021,1.0098,1.011,433599.7
1761894000000,2025-10-31 09:00:00,1.011,1.0191,1.0013,1.0037,416986.2
1761897600000,2025-10-31 10:00:00,1.0037,1.0093,0.9949,1.0042,407993.0
1761901200000,2025-10-31 11:00:00,1.0042,1.0068,0.9981,0.9993,344250.3
1761904800000,2025-10-31 12:00:00,0.9993,1.0045,0.995,0.9964,325562.3
1761908400000,2025-10-31 13:00:00,0.9964,1.0086,0.9941,1.0072,538193.2
1761912000000,2025-10-31 14:00:00,1.0072,1.0103,0.9884,0.9895,726116.2
1761915600000,2025-10-31 15:00:00,0.9895,1.0044,0.9878,0.9964,707562.1
1761919200000,2025-10-31 16:00:00,0.9964,1.0045,0.9832,1.0002,851501.6
1761922800000,2025-10-31 17:00:00,1.0002,1.0077,0.9891,0.9956,660887.1
1761926400000,2025-10-31 18:00:00,0.9956,0.9968,0.9732,0.9756,963065.9
1761930000000,2025-10-31 19:00:00,0.9756,0.9825,0.966,0.9701,1122629.7
1761933600000,2025-10-31 20:00:00,0.9701,0.991,0.9668,0.9836,1028680.0
1761937200000,2025-10-31 21:00:00,0.9836,1.0111,0.9766,1.0087,1048987.0
1761940800000,2025-10-31 22:00:00,1.0087,1.0115,0.9922,0.9943,431595.1
1761944400000,2025-10-31 23:00:00,0.9943,0.9999,0.989,0.9946,270664.8
1761948000000,2025-11-01 00:00:00,0.9946,1.0039,0.9932,0.9979,234021.7
1761951600000,2025-11-01 01:00:00,0.9979,1.0059,0.9961,1.0004,178123.7
1761955200000,2025-11-01 02:00:00,1.0004,1.0136,0.9932,1.0134,316585.3
1761958800000,2025-11-01 03:00:00,1.0134,1.0147,1.0001,1.0009,447001.3
1761962400000,2025-11-01 04:00:00,1.0009,1.0176,0.9956,1.0176,294079.0
1761966000000,2025-11-01 05:00:00,1.0176,1.0314,1.0101,1.0116,690409.0
1761969600000,2025-11-01 06:00:00,1.0116,1.0152,1.0002,1.0019,343752.5
1761973200000,2025-11-01 07:00:00,1.0019,1.0047,0.9941,0.9982,308853.0
1761976800000,2025-11-01 08:00:00,0.9982,1.0063,0.9976,1.0054,342565.2
1761980400000,2025-11-01 09:00:00,1.0054,1.0113,0.9992,1.0083,381179.3
1761984000000,2025-11-01 10:00:00,1.0083,1.0185,1.004,1.0159,502707.0
1761987600000,2025-11-01 11:00:00,1.0159,1.0187,1.005,1.0051,327921.2
1761991200000,2025-11-01 12:00:00,1.0051,1.0132,1.0019,1.0081,257051.9
1761994800000,2025-11-01 13:00:00,1.0081,1.0108,0.9962,1.0046,359760.6
1761998400000,2025-11-01 14:00:00,1.0046,1.0097,0.997,0.9982,218502.1
1762002000000,2025-11-01 15:00:00,0.9982,1.0091,0.9934,1.0015,398317.1
1762005600000,2025-11-01 16:00:00,1.0015,1.0044,0.9876,0.9994,590150.9
1762009200000,2025-11-01 17:00:00,0.9994,1.0075,0.9939,1.0051,417752.9
1762012800000,2025-11-01 18:00:00,1.0051,1.0099,0.9999,1.0044,532878.2
1762016400000,2025-11-01 19:00:00,1.0044,1.0044,0.9952,0.9992,459616.1
1762020000000,2025-11-01 20:00:00,0.9992,1.0021,0.9959,1.0015,242514.0
1762023600000,2025-11-01 21:00:00,1.0015,1.0053,0.9955,1.0053,183342.6
1762027200000,2025-11-01 22:00:00,1.0053,1.0183,1.0021,1.0046,783498.4
1762030800000,2025-11-01 23:00:00,1.0046,1.0102,0.9861,0.9873,415478.7
1762034400000,2025-11-02 00:00:00,0.9873,1.0013,0.9873,0.999,357766.4
1762038000000,2025-11-02 01:00:00,0.999,1.0074,0.9976,1.0045,284721.1
1762041600000,2025-11-02 02:00:00,1.0045,1.0053,0.9898,0.9912,447315.2
1762045200000,2025-11-02 03:00:00,0.9912,1.0043,0.9889,0.9992,327508.5
1762048800000,2025-11-02 04:00:00,0.9992,1.0118,0.999,1.0039,193504.9
1762052400000,2025-11-02 05:00:00,1.0039,1.0052,0.9929,0.9988,215998.6
1762056000000,2025-11-02 06:00:00,0.9988,1.0122,0.9973,1.0119,344659.1
1762059600000,2025-11-02 07:00:00,1.0119,1.0325,1.0013,1.0279,1101775.7
1762063200000,2025-11-02 08:00:00,1.0279,1.0499,1.0174,1.0432,770514.7
1762066800000,2025-11-02 09:00:00,1.0432,1.1547,1.0429,1.1028,4801001.1
1762070400000,2025-11-02 10:00:00,1.1028,1.146,1.067,1.0726,3295113.8
1762074000000,2025-11-02 11:00:00,1.0726,1.0934,1.0391,1.0435,2019785.4
1762077600000,2025-11-02 12:00:00,1.0435,1.0683,1.0433,1.0665,1095159.6
1762081200000,2025-11-02 13:00:00,1.0665,1.0795,1.0484,1.0752,904828.8
1762084800000,2025-11-02 14:00:00,1.0752,1.0788,1.0534,1.0699,965560.8
1762088400000,2025-11-02 15:00:00,1.0699,1.0704,1.0451,1.0515,765432.8
1762092000000,2025-11-02 16:00:00,1.0515,1.0545,1.0186,1.0227,1725408.2
1762095600000,2025-11-02 17:00:00,1.0227,1.0293,1.0136,1.0168,797079.0
1762099200000,2025-11-02 18:00:00,1.0168,1.0241,1.0014,1.0236,1334608.1
1762102800000,2025-11-02 19:00:00,1.0236,1.0272,1.0142,1.0238,451220.9
1762106400000,2025-11-02 20:00:00,1.0238,1.0252,1.0111,1.0124,406553.9
1762110000000,2025-11-02 21:00:00,1.0124,1.0172,0.9967,1.0103,643396.1
1762113600000,2025-11-02 22:00:00,1.0103,1.0228,1.0073,1.02,354143.3
1762117200000,2025-11-02 23:00:00,1.02,1.0273,1.0133,1.0259,357227.3
1762120800000,2025-11-03 00:00:00,1.0259,1.0504,1.0258,1.035,738190.5
1762124400000,2025-11-03 01:00:00,1.035,1.0611,1.035,1.0552,859644.2
1762128000000,2025-11-03 02:00:00,1.0552,1.0571,1.0265,1.0283,747002.5
1762131600000,2025-11-03 03:00:00,1.0283,1.0283,1.0027,1.0076,990846.8
1762135200000,2025-11-03 04:00:00,1.0076,1.0113,0.9814,0.9911,1395054.5
1762138800000,2025-11-03 05:00:00,0.9911,0.9944,0.9378,0.9396,2615403.9
1762142400000,2025-11-03 06:00:00,0.9396,0.9434,0.9251,0.9406,1423345.4
1762146000000,2025-11-03 07:00:00,0.9406,0.9463,0.9229,0.9231,828289.8
1762149600000,2025-11-03 08:00:00,0.9231,0.9341,0.9173,0.9338,1699580.5
1762153200000,2025-11-03 09:00:00,0.9338,0.9473,0.9275,0.9336,1214224.0
1762156800000,2025-11-03 10:00:00,0.9336,0.9453,0.9227,0.9377,1246548.4
1762160400000,2025-11-03 11:00:00,0.9377,0.9607,0.9324,0.9341,1521707.7
1762164000000,2025-11-03 12:00:00,0.9341,0.9417,0.918,0.9249,1388125.7
1762167600000,2025-11-03 13:00:00,0.9249,0.9439,0.9249,0.9302,1022109.5
1762171200000,2025-11-03 14:00:00,0.9302,0.9373,0.9259,0.9265,520291.3
1762174800000,2025-11-03 15:00:00,0.9265,0.9421,0.9197,0.9298,742140.2
1762178400000,2025-11-03 16:00:00,0.9298,0.9442,0.9222,0.9384,708584.9
1762182000000,2025-11-03 17:00:00,0.9384,0.9401,0.8298,0.8787,8835924.5
1762185600000,2025-11-03 18:00:00,0.8787,0.9383,0.8738,0.9321,3037481.2
1762189200000,2025-11-03 19:00:00,0.9321,0.9547,0.9298,0.9479,2482577.7
1762192800000,2025-11-03 20:00:00,0.9479,0.948,0.9261,0.9305,790564.5
1762196400000,2025-11-03 21:00:00,0.9305,0.9401,0.9188,0.9192,672805.9
1762200000000,2025-11-03 22:00:00,0.9192,0.9203,0.8977,0.9005,1102331.8
1762203600000,2025-11-03 23:00:00,0.9005,0.9189,0.8917,0.9072,1356270.3
1762207200000,2025-11-04 00:00:00,0.9072,0.9133,0.892,0.8992,576655.1
1762210800000,2025-11-04 01:00:00,0.8992,0.9044,0.895,0.901,420914.5
1762214400000,2025-11-04 02:00:00,0.901,0.9207,0.8894,0.9117,813664.6
1762218000000,2025-11-04 03:00:00,0.9117,0.9124,0.8956,0.8991,604768.1
1762221600000,2025-11-04 04:00:00,0.8991,0.9133,0.8933,0.8988,559712.1
1762225200000,2025-11-04 05:00:00,0.8988,0.9179,0.8987,0.9021,507733.1
1762228800000,2025-11-04 06:00:00,0.9021,0.913,0.8934,0.8964,518914.7
1762232400000,2025-11-04 07:00:00,0.8964,0.9036,0.8613,0.8671,2327642.6
1762236000000,2025-11-04 08:00:00,0.8671,0.9089,0.8665,0.8765,1922983.0
1762239600000,2025-11-04 09:00:00,0.8765,0.8837,0.8648,0.8693,1211722.8
1762243200000,2025-11-04 10:00:00,0.8693,0.8922,0.8642,0.8778,1139069.6
1762246800000,2025-11-04 11:00:00,0.8778,0.8859,0.8727,0.8846,566258.7
1762250400000,2025-11-04 12:00:00,0.8846,0.8918,0.8781,0.8813,536014.6
1762254000000,2025-11-04 13:00:00,0.8813,0.8973,0.8776,0.881,613432.7
1762257600000,2025-11-04 14:00:00,0.881,0.8813,0.8674,0.873,415816.5
1762261200000,2025-11-04 15:00:00,0.873,0.8739,0.8581,0.8697,486012.9
1762264800000,2025-11-04 16:00:00,0.8697,0.9004,0.8598,0.8915,1141648.8
1762268400000,2025-11-04 17:00:00,0.8915,0.8959,0.867,0.8691,1199119.0
1762272000000,2025-11-04 18:00:00,0.8691,0.8799,0.8552,0.8613,1110540.5
1762275600000,2025-11-04 19:00:00,0.8613,0.8714,0.8364,0.8583,2211694.4
1762279200000,2025-11-04 20:00:00,0.8583,0.8619,0.8204,0.8595,3995649.6
1762282800000,2025-11-04 21:00:00,0.8595,0.8683,0.8336,0.8378,1892194.0
1762286400000,2025-11-04 22:00:00,0.8378,0.8463,0.7907,0.8312,4555907.9
1762290000000,2025-11-04 23:00:00,0.8312,0.8423,0.7919,0.8403,4647119.0
1762293600000,2025-11-05 00:00:00,0.8403,0.8661,0.8351,0.8569,1636683.9
1762297200000,2025-11-05 01:00:00,0.8569,0.8638,0.8449,0.8456,1244153.6
1762300800000,2025-11-05 02:00:00,0.8456,0.8486,0.8263,0.8292,710857.2
1762304400000,2025-11-05 03:00:00,0.8292,0.8326,0.7909,0.8275,1795524.9
1762308000000,2025-11-05 04:00:00,0.8275,0.8449,0.8271,0.8422,1508404.8
1762311600000,2025-11-05 05:00:00,0.8422,0.8471,0.8377,0.8393,724524.1
1762315200000,2025-11-05 06:00:00,0.8393,0.848,0.8321,0.8414,511440.7
1762318800000,2025-11-05 07:00:00,0.8414,0.8504,0.8395,0.8411,331134.8
1762322400000,2025-11-05 08:00:00,0.8411,0.8513,0.8379,0.8509,380352.2
1762326000000,2025-11-05 09:00:00,0.8509,0.8569,0.8451,0.8562,497172.5
1762329600000,2025-11-05 10:00:00,0.8562,0.8562,0.8293,0.8359,950971.6
1762333200000,2025-11-05 11:00:00,0.8359,0.8471,0.8348,0.8442,472070.6
1762336800000,2025-11-05 12:00:00,0.8442,0.8491,0.8346,0.8369,405887.4
1762340400000,2025-11-05 13:00:00,0.8369,0.8583,0.8365,0.8548,532158.3
1762344000000,2025-11-05 14:00:00,0.8548,0.858,0.8473,0.8542,598388.9
1762347600000,2025-11-05 15:00:00,0.8542,0.8668,0.8471,0.865,618964.5
1762351200000,2025-11-05 16:00:00,0.865,0.87,0.8492,0.8602,1016570.3
1762354800000,2025-11-05 17:00:00,0.8602,0.8744,0.8562,0.8708,967745.0
1762358400000,2025-11-05 18:00:00,0.8708,0.8739,0.8593,0.8729,726591.6
1762362000000,2025-11-05 19:00:00,0.8729,0.8729,0.8603,0.8629,522825.2
1762365600000,2025-11-05 20:00:00,0.8629,0.8733,0.8618,0.8704,356660.8
1762369200000,2025-11-05 21:00:00,0.8704,0.871,0.8621,0.8646,268589.4
1762372800000,2025-11-05 22:00:00,0.8646,0.87,0.8577,0.8599,412317.0
1762376400000,2025-11-05 23:00:00,0.8599,0.8604,0.8538,0.857,404088.7
1762380000000,2025-11-06 00:00:00,0.857,0.8635,0.8533,0.8635,210374.2
1762383600000,2025-11-06 01:00:00,0.8635,0.8647,0.8494,0.8506,246420.9
1762387200000,2025-11-06 02:00:00,0.8506,0.8508,0.8374,0.8403,432246.8
1762390800000,2025-11-06 03:00:00,0.8403,0.8404,0.8261,0.8387,688200.2
1762394400000,2025-11-06 04:00:00,0.8387,0.8483,0.8304,0.8434,446785.2
1762398000000,2025-11-06 05:00:00,0.8434,0.85,0.8417,0.8451,441183.1
1762401600000,2025-11-06 06:00:00,0.8451,0.8461,0.8371,0.8444,396188.2
1762405200000,2025-11-06 07:00:00,0.8444,0.8475,0.8285,0.8307,529706.1
1762408800000,2025-11-06 08:00:00,0.8307,0.8403,0.8275,0.8316,503394.5
1762412400000,2025-11-06 09:00:00,0.8316,0.8384,0.8273,0.832,521359.8
1762416000000,2025-11-06 10:00:00,0.832,0.8404,0.8283,0.8322,204356.4
1762419600000,2025-11-06 11:00:00,0.8322,0.8381,0.8297,0.8303,346714.7
1762423200000,2025-11-06 12:00:00,0.8303,0.8353,0.8228,0.8287,762705.1
1762426800000,2025-11-06 13:00:00,0.8287,0.8347,0.8222,0.8297,490421.7
1762430400000,2025-11-06 14:00:00,0.8297,0.8301,0.8194,0.8197,731751.7
1762434000000,2025-11-06 15:00:00,0.8197,0.8405,0.8197,0.8321,866958.4
1762437600000,2025-11-06 16:00:00,0.8321,0.8345,0.8138,0.817,1364658.1
1762441200000,2025-11-06 17:00:00,0.817,0.8298,0.8009,0.8044,2061165.3
1762444800000,2025-11-06 18:00:00,0.8044,0.8162,0.7883,0.8148,1542554.1
1762448400000,2025-11-06 19:00:00,0.8148,0.8244,0.8087,0.8206,1117325.0
1762452000000,2025-11-06 20:00:00,0.8206,0.8301,0.8084,0.8218,665555.3
1762455600000,2025-11-06 21:00:00,0.8218,0.8235,0.8137,0.8208,424808.4
1762459200000,2025-11-06 22:00:00,0.8208,0.8268,0.8064,0.8144,693631.5
1762462800000,2025-11-06 23:00:00,0.8144,0.8226,0.8104,0.8164,443075.4
1762466400000,2025-11-07 00:00:00,0.8164,0.8176,0.8013,0.8131,348033.2
1762470000000,2025-11-07 01:00:00,0.8131,0.8135,0.8001,0.8105,374606.3
1762473600000,2025-11-07 02:00:00,0.8105,0.822,0.8046,0.8169,627243.2
1762477200000,2025-11-07 03:00:00,0.8169,0.8185,0.7971,0.8132,807983.5
1762480800000,2025-11-07 04:00:00,0.8132,0.8288,0.8085,0.8271,857496.6
1762484400000,2025-11-07 05:00:00,0.8271,0.8351,0.8253,0.827,618538.4
1762488000000,2025-11-07 06:00:00,0.827,0.8308,0.8187,0.8299,462808.6
1762491600000,2025-11-07 07:00:00,0.8299,0.8473,0.8299,0.8467,619219.4
1762495200000,2025-11-07 08:00:00,0.8467,0.8567,0.8424,0.8446,736696.6
1762498800000,2025-11-07 09:00:00,0.8446,0.8647,0.8437,0.8641,652039.7
1762502400000,2025-11-07 10:00:00,0.8641,0.8669,0.8444,0.8472,810157.4
1762506000000,2025-11-07 11:00:00,0.8472,0.853,0.8289,0.8394,1442244.3
1762509600000,2025-11-07 12:00:00,0.8394,0.8455,0.8216,0.8285,999747.0
1762513200000,2025-11-07 13:00:00,0.8285,0.8285,0.8044,0.8119,1272998.1
1762516800000,2025-11-07 14:00:00,0.8119,0.8194,0.7918,0.7992,807347.0
1762520400000,2025-11-07 15:00:00,0.7992,0.8235,0.7948,0.8168,929158.0
1762524000000,2025-11-07 16:00:00,0.8168,0.8347,0.788,0.8323,1683541.3
1762527600000,2025-11-07 17:00:00,0.8323,0.8543,0.827,0.8476,2113442.8
1762531200000,2025-11-07 18:00:00,0.8476,0.8766,0.8412,0.8679,2011520.6
1762534800000,2025-11-07 19:00:00,0.8679,0.893,0.862,0.8887,1518258.3
1762538400000,2025-11-07 20:00:00,0.8887,0.9073,0.8835,0.8895,1084162.8
1762542000000,2025-11-07 21:00:00,0.8895,0.894,0.8786,0.8855,563146.0
1762545600000,2025-11-07 22:00:00,0.8855,0.8946,0.8786,0.8916,500654.5
1762549200000,2025-11-07 23:00:00,0.8916,0.8979,0.8884,0.895,414194.2
1762552800000,2025-11-08 00:00:00,0.895,0.8991,0.878,0.8934,577740.1
1762556400000,2025-11-08 01:00:00,0.8934,0.8935,0.8761,0.8834,477377.0
1762560000000,2025-11-08 02:00:00,0.8834,0.8943,0.8654,0.8661,733306.2
1762563600000,2025-11-08 03:00:00,0.8661,0.8865,0.8635,0.879,395511.7
1762567200000,2025-11-08 04:00:00,0.879,0.8873,0.8733,0.8735,406154.8
1762570800000,2025-11-08 05:00:00,0.8735,0.8837,0.8522,0.8527,740340.1
1762574400000,2025-11-08 06:00:00,0.8527,0.8693,0.8524,0.8583,463869.5
1762578000000,2025-11-08 07:00:00,0.8583,0.8641,0.8419,0.8424,570080.2
1762581600000,2025-11-08 08:00:00,0.8424,0.8475,0.8314,0.8423,659427.9
1762585200000,2025-11-08 09:00:00,0.8423,0.8527,0.8326,0.8507,413787.5
1762588800000,2025-11-08 10:00:00,0.8507,0.8613,0.8385,0.8533,566559.7
1762592400000,2025-11-08 11:00:00,0.8533,0.8583,0.8416,0.8431,376715.6
1762596000000,2025-11-08 12:00:00,0.8431,0.8664,0.8424,0.8641,637050.6
1762599600000,2025-11-08 13:00:00,0.8641,0.8662,0.8521,0.8579,507390.4
1762603200000,2025-11-08 14:00:00,0.8579,0.8643,0.8512,0.8582,318121.7
1762606800000,2025-11-08 15:00:00,0.8582,0.8595,0.8407,0.8411,502081.2
1762610400000,2025-11-08 16:00:00,0.8411,0.8514,0.8292,0.8468,694055.0
1762614000000,2025-11-08 17:00:00,0.8468,0.8487,0.826,0.834,525660.1
1762617600000,2025-11-08 18:00:00,0.834,0.8413,0.8139,0.8332,1332606.3
1762621200000,2025-11-08 19:00:00,0.8332,0.8417,0.8278,0.8349,374438.8
1762624800000,2025-11-08 20:00:00,0.8349,0.8407,0.8313,0.8395,224773.1
1762628400000,2025-11-08 21:00:00,0.8395,0.8417,0.8244,0.8383,245152.8
1762632000000,2025-11-08 22:00:00,0.8383,0.8395,0.8278,0.8354,148698.2
1762635600000,2025-11-08 23:00:00,0.8354,0.8367,0.8302,0.8349,107369.2
1762639200000,2025-11-09 00:00:00,0.8349,0.8407,0.83,0.8373,139599.0
1762642800000,2025-11-09 01:00:00,0.8373,0.8385,0.8325,0.8352,84683.0
1762646400000,2025-11-09 02:00:00,0.8352,0.8523,0.8282,0.8306,1187109.7
1762650000000,2025-11-09 03:00:00,0.8306,0.842,0.8266,0.8379,492159.7
1762653600000,2025-11-09 04:00:00,0.8379,0.8379,0.8115,0.8148,579375.6
1762657200000,2025-11-09 05:00:00,0.8148,0.8189,0.8046,0.8114,423289.5
1762660800000,2025-11-09 06:00:00,0.8114,0.8206,0.8083,0.8128,267817.4
1762664400000,2025-11-09 07:00:00,0.8128,0.8186,0.8097,0.8163,148631.3
1762668000000,2025-11-09 08:00:00,0.8163,0.8264,0.8114,0.8175,219372.1
1762671600000,2025-11-09 09:00:00,0.8175,0.8285,0.8141,0.8274,287982.5
1762675200000,2025-11-09 10:00:00,0.8274,0.8289,0.8149,0.82,294168.2
1762678800000,2025-11-09 11:00:00,0.82,0.8325,0.8127,0.8158,325569.3
1762682400000,2025-11-09 12:00:00,0.8158,0.8275,0.809,0.827,358101.7
1762686000000,2025-11-09 13:00:00,0.827,0.8341,0.8252,0.827,678805.2
1762689600000,2025-11-09 14:00:00,0.827,0.8314,0.8211,0.8229,288738.3
1762693200000,2025-11-09 15:00:00,0.8229,0.831,0.8203,0.8264,294037.1
1762696800000,2025-11-09 16:00:00,0.8264,0.8477,0.821,0.83,929044.5
1762700400000,2025-11-09 17:00:00,0.83,0.8509,0.83,0.8456,433031.4
1762704000000,2025-11-09 18:00:00,0.8456,0.8603,0.8369,0.86,604554.2
1762707600000,2025-11-09 19:00:00,0.86,0.8617,0.8455,0.8464,661488.4
1762711200000,2025-11-09 20:00:00,0.8464,0.8664,0.8453,0.8659,355773.8
1762714800000,2025-11-09 21:00:00,0.8659,0.8738,0.8613,0.8726,663727.9
1762718400000,2025-11-09 22:00:00,0.8726,0.8859,0.8652,0.8705,681378.7
1762722000000,2025-11-09 23:00:00,0.8705,0.8711,0.8605,0.8671,314164.7
1762725600000,2025-11-10 00:00:00,0.8671,0.872,0.8574,0.867,191256.7
1762729200000,2025-11-10 01:00:00,0.867,0.8782,0.8583,0.8634,338959.8
1762732800000,2025-11-10 02:00:00,0.8634,0.8877,0.8575,0.8799,662522.3
1762736400000,2025-11-10 03:00:00,0.8799,0.8833,0.8705,0.8775,515052.6
1762740000000,2025-11-10 04:00:00,0.8775,0.8804,0.8713,0.8761,222565.1
1762743600000,2025-11-10 05:00:00,0.8761,0.8814,0.8678,0.8689,275753.5
1762747200000,2025-11-10 06:00:00,0.8689,0.8733,0.8583,0.8693,312327.5
1762750800000,2025-11-10 07:00:00,0.8693,0.8732,0.8588,0.8631,243415.1
1762754400000,2025-11-10 08:00:00,0.8631,0.8702,0.8606,0.8656,212778.0
1762758000000,2025-11-10 09:00:00,0.8656,0.8754,0.8628,0.8719,337967.1
1762761600000,2025-11-10 10:00:00,0.8719,0.8753,0.8637,0.8675,513665.8
1762765200000,2025-11-10 11:00:00,0.8675,0.9039,0.8674,0.8948,816564.5
1762768800000,2025-11-10 12:00:00,0.8948,0.9075,0.8758,0.8895,1447605.3
1762772400000,2025-11-10 13:00:00,0.8895,0.8949,0.8806,0.8833,605134.1
1762776000000,2025-11-10 14:00:00,0.8833,0.8884,0.8705,0.8748,550797.1
1762779600000,2025-11-10 15:00:00,0.8748,0.8937,0.8745,0.8854,516914.3
1762783200000,2025-11-10 16:00:00,0.8854,0.8854,0.8605,0.8681,1303352.0
1762786800000,2025-11-10 17:00:00,0.8681,0.8826,0.86,0.8681,1065071.0
1762790400000,2025-11-10 18:00:00,0.8681,0.8735,0.8437,0.8477,787459.1
1762794000000,2025-11-10 19:00:00,0.8477,0.8601,0.8434,0.8531,542319.8
1762797600000,2025-11-10 20:00:00,0.8531,0.8571,0.8406,0.8431,620262.6
1762801200000,2025-11-10 21:00:00,0.8431,0.8618,0.8417,0.8542,471120.5
1762804800000,2025-11-10 22:00:00,0.8542,0.8642,0.8479,0.8526,882833.5
1762808400000,2025-11-10 23:00:00,0.8526,0.8565,0.8419,0.8535,522478.2
1762812000000,2025-11-11 00:00:00,0.8535,0.8794,0.8446,0.8712,647056.0
1762815600000,2025-11-11 01:00:00,0.8712,0.8748,0.8549,0.8617,351310.3
1762819200000,2025-11-11 02:00:00,0.8617,0.8674,0.8455,0.8567,511114.4
1762822800000,2025-11-11 03:00:00,0.8567,0.8832,0.8524,0.8563,738715.5
1762826400000,2025-11-11 04:00:00,0.8563,0.8817,0.8506,0.8708,662258.0
1762830000000,2025-11-11 05:00:00,0.8708,0.8786,0.866,0.8724,315092.2
1762833600000,2025-11-11 06:00:00,0.8724,0.875,0.8525,0.853,538587.9
1762837200000,2025-11-11 07:00:00,0.853,0.853,0.8267,0.835,1668453.7
1762840800000,2025-11-11 08:00:00,0.835,0.8388,0.8226,0.8299,822033.7
1762844400000,2025-11-11 09:00:00,0.8299,0.8299,0.7978,0.7989,1483606.1
1762848000000,2025-11-11 10:00:00,0.7989,0.8072,0.793,0.8039,881432.2
1762851600000,2025-11-11 11:00:00,0.8039,0.8094,0.798,0.7998,837266.2
1762855200000,2025-11-11 12:00:00,0.7998,0.8078,0.7953,0.8056,641236.7
1762858800000,2025-11-11 13:00:00,0.8056,0.8128,0.8023,0.8074,507412.2
1762862400000,2025-11-11 14:00:00,0.8074,0.8133,0.7978,0.8033,508386.9
1762866000000,2025-11-11 15:00:00,0.8033,0.8117,0.7972,0.7978,654425.4
1762869600000,2025-11-11 16:00:00,0.7978,0.8155,0.7884,0.8144,1135453.6
1762873200000,2025-11-11 17:00:00,0.8144,0.817,0.8023,0.8071,828570.0
1762876800000,2025-11-11 18:00:00,0.8071,0.817,0.8037,0.8114,735031.4
1762880400000,2025-11-11 19:00:00,0.8114,0.8177,0.8016,0.811,498275.7
1762884000000,2025-11-11 20:00:00,0.811,0.8164,0.797,0.7972,564706.3
1762887600000,2025-11-11 21:00:00,0.7972,0.8031,0.7886,0.7901,399113.4
1762891200000,2025-11-11 22:00:00,0.7901,0.7925,0.7778,0.7836,914150.8
1762894800000,2025-11-11 23:00:00,0.7836,0.7908,0.7774,0.7806,493943.9
1762898400000,2025-11-12 00:00:00,0.7806,0.7914,0.774,0.7906,504566.5
1762902000000,2025-11-12 01:00:00,0.7906,0.7931,0.7753,0.7767,423216.9
1762905600000,2025-11-12 02:00:00,0.7767,0.7872,0.7732,0.7749,689558.2
1762909200000,2025-11-12 03:00:00,0.7749,0.7982,0.7748,0.7944,558250.3
1762912800000,2025-11-12 04:00:00,0.7944,0.8019,0.7894,0.8,434076.9
1762916400000,2025-11-12 05:00:00,0.8,0.8042,0.794,0.7959,254092.1
1762920000000,2025-11-12 06:00:00,0.7959,0.8059,0.7944,0.8056,207913.5
1762923600000,2025-11-12 07:00:00,0.8056,0.8081,0.7967,0.8045,279157.3
1762927200000,2025-11-12 08:00:00,0.8045,0.81,0.8041,0.8053,235747.6
1762930800000,2025-11-12 09:00:00,0.8053,0.8062,0.7928,0.7945,271141.4
1762934400000,2025-11-12 10:00:00,0.7945,0.811,0.7945,0.807,378260.1
1762938000000,2025-11-12 11:00:00,0.807,0.8164,0.8057,0.8149,389434.5
1762941600000,2025-11-12 12:00:00,0.8149,0.8274,0.8141,0.8215,411149.7
1762945200000,2025-11-12 13:00:00,0.8215,0.8343,0.8215,0.8285,541390.0
1762948800000,2025-11-12 14:00:00,0.8285,0.8439,0.8264,0.8362,687301.7
1762952400000,2025-11-12 15:00:00,0.8362,0.8443,0.8354,0.8421,511537.9
1762956000000,2025-11-12 16:00:00,0.8421,0.8421,0.8091,0.8191,1108306.1
1762959600000,2025-11-12 17:00:00,0.8191,0.8264,0.7943,0.7989,1140974.5
1762963200000,2025-11-12 18:00:00,0.7989,0.8014,0.7736,0.7765,1686789.9
1762966800000,2025-11-12 19:00:00,0.7765,0.79,0.7655,0.7826,1013075.3
1762970400000,2025-11-12 20:00:00,0.7826,0.7853,0.769,0.7693,520684.6
1762974000000,2025-11-12 21:00:00,0.7693,0.776,0.7607,0.7688,1471660.1
1762977600000,2025-11-12 22:00:00,0.7688,0.7884,0.7653,0.7829,518215.9
1762981200000,2025-11-12 23:00:00,0.7829,0.7889,0.7798,0.7878,380906.8
1762984800000,2025-11-13 00:00:00,0.7878,0.7897,0.776,0.7856,336750.4
1762988400000,2025-11-13 01:00:00,0.7856,0.786,0.7743,0.7757,228339.4
1762992000000,2025-11-13 02:00:00,0.7757,0.7891,0.7737,0.7792,326497.6
1762995600000,2025-11-13 03:00:00,0.7792,0.8001,0.7784,0.7882,750784.3
1762999200000,2025-11-13 04:00:00,0.7882,0.7951,0.7863,0.7882,275941.7
1763002800000,2025-11-13 05:00:00,0.7882,0.8101,0.7723,0.8003,1017467.1
1763006400000,2025-11-13 06:00:00,0.8003,0.8122,0.7945,0.8052,752711.5
1763010000000,2025-11-13 07:00:00,0.8052,0.816,0.7983,0.8123,442466.5
1763013600000,2025-11-13 08:00:00,0.8123,0.8159,0.8064,0.8072,398125.3
1763017200000,2025-11-13 09:00:00,0.8072,0.8108,0.7901,0.7955,612511.4
1763020800000,2025-11-13 10:00:00,0.7955,0.804,0.7941,0.8009,348144.1
1763024400000,2025-11-13 11:00:00,0.8009,0.8044,0.792,0.7997,506716.0
1763028000000,2025-11-13 12:00:00,0.7997,0.8071,0.7952,0.7974,296121.4
1763031600000,2025-11-13 13:00:00,0.7974,0.8013,0.7941,0.7962,235672.8
1763035200000,2025-11-13 14:00:00,0.7962,0.7978,0.7884,0.7923,349482.3
1763038800000,2025-11-13 15:00:00,0.7923,0.7947,0.7811,0.7855,600213.0
1763042400000,2025-11-13 16:00:00,0.7855,0.7933,0.7638,0.785,1764607.9
1763046000000,2025-11-13 17:00:00,0.785,0.7916,0.7612,0.7728,1098237.7
1763049600000,2025-11-13 18:00:00,0.7728,0.7754,0.7454,0.7473,1551960.7
1763053200000,2025-11-13 19:00:00,0.7473,0.7507,0.7258,0.7274,1450560.4
1763056800000,2025-11-13 20:00:00,0.7274,0.7313,0.7143,0.7224,1324820.7
1763060400000,2025-11-13 21:00:00,0.7224,0.7315,0.7092,0.7161,975373.7
1763064000000,2025-11-13 22:00:00,0.7161,0.7239,0.7097,0.717,649514.2
1763067600000,2025-11-13 23:00:00,0.717,0.7201,0.7088,0.7151,438777.0
1763071200000,2025-11-14 00:00:00,0.7151,0.7314,0.7143,0.7285,442547.2
1763074800000,2025-11-14 01:00:00,0.7285,0.7428,0.7266,0.7347,431919.2
1763078400000,2025-11-14 02:00:00,0.7347,0.7418,0.7269,0.7304,561763.7
1763082000000,2025-11-14 03:00:00,0.7304,0.7363,0.7264,0.7268,392113.3
1763085600000,2025-11-14 04:00:00,0.7268,0.7364,0.7268,0.7344,470346.0
1763089200000,2025-11-14 05:00:00,0.7344,0.7356,0.7257,0.7295,349438.8
1763092800000,2025-11-14 06:00:00,0.7295,0.7295,0.6941,0.7138,1537128.0
1763096400000,2025-11-14 07:00:00,0.7138,0.7297,0.7134,0.7265,918122.8
1763100000000,2025-11-14 08:00:00,0.7265,0.7427,0.7161,0.742,753686.7
1763103600000,2025-11-14 09:00:00,0.742,0.7478,0.7345,0.738,829875.8
1763107200000,2025-11-14 10:00:00,0.738,0.7424,0.7352,0.7356,420672.4
1763110800000,2025-11-14 11:00:00,0.7356,0.7386,0.7252,0.7257,610327.6
1763114400000,2025-11-14 12:00:00,0.7257,0.734,0.7217,0.7276,504588.7
1763118000000,2025-11-14 13:00:00,0.7276,0.7282,0.7183,0.7227,390698.8
1763121600000,2025-11-14 14:00:00,0.7227,0.7284,0.7067,0.7256,1307982.5
1763125200000,2025-11-14 15:00:00,0.7256,0.731,0.7141,0.7221,784597.8
1763128800000,2025-11-14 16:00:00,0.7221,0.7381,0.7134,0.7311,1018115.1
1763132400000,2025-11-14 17:00:00,0.7311,0.7434,0.7215,0.7357,627991.9
1763136000000,2025-11-14 18:00:00,0.7357,0.7473,0.7298,0.7446,464150.9
1763139600000,2025-11-14 19:00:00,0.7446,0.7464,0.7281,0.7319,533030.0
1763143200000,2025-11-14 20:00:00,0.7319,0.7432,0.7301,0.7333,410923.3
1763146800000,2025-11-14 21:00:00,0.7333,0.7453,0.73,0.7394,430948.6
1763150400000,2025-11-14 22:00:00,0.7394,0.7416,0.717,0.7241,598493.9
1763154000000,2025-11-14 23:00:00,0.7241,0.7336,0.7209,0.7286,285826.1
1763157600000,2025-11-15 00:00:00,0.7286,0.7333,0.7218,0.724,187586.9
1763161200000,2025-11-15 01:00:00,0.724,0.7241,0.7025,0.7163,1155666.5
1763164800000,2025-11-15 02:00:00,0.7163,0.7268,0.7143,0.7257,473666.8
1763168400000,2025-11-15 03:00:00,0.7257,0.7367,0.7225,0.7311,381405.2
1763172000000,2025-11-15 04:00:00,0.7311,0.7334,0.7267,0.7334,330741.3
1763175600000,2025-11-15 05:00:00,0.7334,0.7368,0.7309,0.7341,270601.2
1763179200000,2025-11-15 06:00:00,0.7341,0.7367,0.7285,0.7289,147199.6
1763182800000,2025-11-15 07:00:00,0.7289,0.7318,0.7262,0.7302,174596.8
1763186400000,2025-11-15 08:00:00,0.7302,0.7402,0.7296,0.7315,400133.6
1763190000000,2025-11-15 09:00:00,0.7315,0.7327,0.7267,0.7274,111967.4
1763193600000,2025-11-15 10:00:00,0.7274,0.7276,0.7102,0.7129,451375.6
1763197200000,2025-11-15 11:00:00,0.7129,0.7225,0.712,0.7174,402742.2
1763200800000,2025-11-15 12:00:00,0.7174,0.7222,0.7151,0.7221,178626.6
1763204400000,2025-11-15 13:00:00,0.7221,0.7254,0.7138,0.7173,124764.9
1763208000000,2025-11-15 14:00:00,0.7173,0.7275,0.7161,0.726,162682.9
1763211600000,2025-11-15 15:00:00,0.726,0.7341,0.7246,0.7313,270870.9
1763215200000,2025-11-15 16:00:00,0.7313,0.7327,0.7266,0.7304,579260.8
1763218800000,2025-11-15 17:00:00,0.7304,0.7356,0.729,0.73,1056129.0
1763222400000,2025-11-15 18:00:00,0.73,0.7337,0.7228,0.7327,1545950.5
1763226000000,2025-11-15 19:00:00,0.7327,0.7427,0.7311,0.7426,901501.8
1763229600000,2025-11-15 20:00:00,0.7426,0.7437,0.7389,0.7417,294855.3
1763233200000,2025-11-15 21:00:00,0.7417,0.7428,0.7331,0.7365,424976.5
1763236800000,2025-11-15 22:00:00,0.7365,0.737,0.728,0.73,412010.3
1763240400000,2025-11-15 23:00:00,0.73,0.7368,0.7232,0.7241,376709.2
1763244000000,2025-11-16 00:00:00,0.7241,0.7334,0.723,0.7326,156333.1
1763247600000,2025-11-16 01:00:00,0.7326,0.7388,0.7321,0.7338,175672.0
1763251200000,2025-11-16 02:00:00,0.7338,0.7348,0.7248,0.7285,159550.5
1763254800000,2025-11-16 03:00:00,0.7285,0.7317,0.7177,0.7284,649608.4
1763258400000,2025-11-16 04:00:00,0.7284,0.7394,0.7258,0.7394,444303.8
1763262000000,2025-11-16 05:00:00,0.7394,0.7448,0.7359,0.7428,296008.7
1763265600000,2025-11-16 06:00:00,0.7428,0.7434,0.7326,0.7361,194351.4
1763269200000,2025-11-16 07:00:00,0.7361,0.7423,0.7355,0.7359,196336.1
1763272800000,2025-11-16 08:00:00,0.7359,0.7389,0.7317,0.7325,124795.0
1763276400000,2025-11-16 09:00:00,0.7325,0.7359,0.7319,0.7359,148806.9
1763280000000,2025-11-16 10:00:00,0.7359,0.7359,0.7273,0.7306,214678.2
1763283600000,2025-11-16 11:00:00,0.7306,0.7361,0.7278,0.7357,248588.5
1763287200000,2025-11-16 12:00:00,0.7357,0.7371,0.7315,0.7316,170986.5
1763290800000,2025-11-16 13:00:00,0.7316,0.7324,0.7133,0.7168,517989.6
1763294400000,2025-11-16 14:00:00,0.7168,0.723,0.7146,0.7206,352256.8
1763298000000,2025-11-16 15:00:00,0.7206,0.7243,0.7136,0.7172,416697.5
1763301600000,2025-11-16 16:00:00,0.7172,0.7232,0.7126,0.7212,270078.5
1763305200000,2025-11-16 17:00:00,0.7212,0.7213,0.7005,0.703,901528.6
1763308800000,2025-11-16 18:00:00,0.703,0.7116,0.6939,0.6973,887588.1
1763312400000,2025-11-16 19:00:00,0.6973,0.7002,0.6805,0.6942,1129451.0
1763316000000,2025-11-16 20:00:00,0.6942,0.7095,0.6856,0.6883,974340.5
1763319600000,2025-11-16 21:00:00,0.6883,0.7007,0.6845,0.6848,554488.2
1763323200000,2025-11-16 22:00:00,0.6848,0.6968,0.6837,0.6867,268375.1
1763326800000,2025-11-16 23:00:00,0.6867,0.6873,0.6746,0.6842,519741.6
1763330400000,2025-11-17 00:00:00,0.6842,0.696,0.6785,0.6931,284574.3
1763334000000,2025-11-17 01:00:00,0.6931,0.7038,0.6773,0.697,624299.7
1763337600000,2025-11-17 02:00:00,0.697,0.7099,0.6888,0.7033,562135.4
1763341200000,2025-11-17 03:00:00,0.7033,0.7042,0.695,0.6987,392317.3
1763344800000,2025-11-17 04:00:00,0.6987,0.7052,0.6965,0.7037,403546.4
1763348400000,2025-11-17 05:00:00,0.7037,0.7099,0.7032,0.7095,230292.5
1763352000000,2025-11-17 06:00:00,0.7095,0.7147,0.7084,0.7087,258754.3
1763355600000,2025-11-17 07:00:00,0.7087,0.7121,0.7046,0.7098,301559.8
1763359200000,2025-11-17 08:00:00,0.7098,0.7172,0.7086,0.7168,275780.0
1763362800000,2025-11-17 09:00:00,0.7168,0.7196,0.7147,0.7181,221689.8
1763366400000,2025-11-17 10:00:00,0.7181,0.719,0.7115,0.7127,217977.6
1763370000000,2025-11-17 11:00:00,0.7127,0.7163,0.7097,0.7124,161800.7
1763373600000,2025-11-17 12:00:00,0.7124,0.7148,0.7095,0.71,155405.9
1763377200000,2025-11-17 13:00:00,0.71,0.7123,0.7054,0.7081,472803.8
1763380800000,2025-11-17 14:00:00,0.7081,0.7096,0.7049,0.7053,190613.4
1763384400000,2025-11-17 15:00:00,0.7053,0.7065,0.6767,0.6846,886259.1
1763388000000,2025-11-17 16:00:00,0.6846,0.7183,0.679,0.6965,1688992.4
1763391600000,2025-11-17 17:00:00,0.6965,0.6983,0.6801,0.6828,931165.1
1763395200000,2025-11-17 18:00:00,0.6828,0.6998,0.6719,0.6977,1573987.2
1763398800000,2025-11-17 19:00:00,0.6977,0.6986,0.674,0.677,837452.2
1763402400000,2025-11-17 20:00:00,0.677,0.6839,0.6682,0.6738,2280432.6
1763406000000,2025-11-17 21:00:00,0.6738,0.6814,0.6663,0.6737,1689248.2
1763409600000,2025-11-17 22:00:00,0.6737,0.6832,0.6687,0.6771,1376370.5
1763413200000,2025-11-17 23:00:00,0.6771,0.6833,0.6686,0.6736,595831.3
1763416800000,2025-11-18 00:00:00,0.6736,0.683,0.6728,0.6773,244728.1
1763420400000,2025-11-18 01:00:00,0.6773,0.6797,0.6731,0.6794,278370.8
1763424000000,2025-11-18 02:00:00,0.6794,0.684,0.6678,0.6823,397359.6
1763427600000,2025-11-18 03:00:00,0.6823,0.6877,0.6801,0.6824,405601.8
1763431200000,2025-11-18 04:00:00,0.6824,0.693,0.6727,0.6806,1058911.6
1763434800000,2025-11-18 05:00:00,0.6806,0.6961,0.6735,0.6958,1131997.4
1763438400000,2025-11-18 06:00:00,0.6958,0.6995,0.6844,0.6983,954456.1
1763442000000,2025-11-18 07:00:00,0.6983,0.7047,0.6928,0.6944,458455.8
1763445600000,2025-11-18 08:00:00,0.6944,0.695,0.6849,0.6857,491815.5
1763449200000,2025-11-18 09:00:00,0.6857,0.6959,0.6824,0.6918,514735.4
1763452800000,2025-11-18 10:00:00,0.6918,0.6976,0.6884,0.6948,512962.0
1763456400000,2025-11-18 11:00:00,0.6948,0.6969,0.6905,0.6945,455283.2
1763460000000,2025-11-18 12:00:00,0.6945,0.6989,0.6926,0.6966,298185.0
1763463600000,2025-11-18 13:00:00,0.6966,0.6966,0.6875,0.6899,372180.0
1763467200000,2025-11-18 14:00:00,0.6899,0.6912,0.6838,0.6896,282706.7
1763470800000,2025-11-18 15:00:00,0.6896,0.6897,0.6811,0.6868,250835.0
1763474400000,2025-11-18 16:00:00,0.6868,0.6977,0.6849,0.6861,909990.8
1763478000000,2025-11-18 17:00:00,0.6861,0.7045,0.6822,0.698,1259178.0
1763481600000,2025-11-18 18:00:00,0.698,0.7104,0.6955,0.7037,861772.4
1763485200000,2025-11-18 19:00:00,0.7037,0.7043,0.6963,0.7,416431.0
1763488800000,2025-11-18 20:00:00,0.7,0.706,0.7,0.7022,251103.0
1763492400000,2025-11-18 21:00:00,0.7022,0.7065,0.6993,0.7014,523692.5
1763496000000,2025-11-18 22:00:00,0.7014,0.7038,0.6991,0.7005,179384.1
1763499600000,2025-11-18 23:00:00,0.7005,0.702,0.6931,0.6932,279554.9
1763503200000,2025-11-19 00:00:00,0.6932,0.7031,0.6921,0.702,192578.6
1763506800000,2025-11-19 01:00:00,0.702,0.703,0.697,0.6993,153617.0
1763510400000,2025-11-19 02:00:00,0.6993,0.6993,0.6898,0.6963,306120.2
1763514000000,2025-11-19 03:00:00,0.6963,0.7008,0.6924,0.6955,301914.9
1763517600000,2025-11-19 04:00:00,0.6955,0.7004,0.6921,0.6933,235728.9
1763521200000,2025-11-19 05:00:00,0.6933,0.6939,0.6818,0.6833,300622.6
1763524800000,2025-11-19 06:00:00,0.6833,0.6858,0.6805,0.6811,393633.3
1763528400000,2025-11-19 07:00:00,0.6811,0.6823,0.6665,0.6718,666759.6
1763532000000,2025-11-19 08:00:00,0.6718,0.6781,0.669,0.6775,362415.4
1763535600000,2025-11-19 09:00:00,0.6775,0.6836,0.6769,0.6801,315890.8
1763539200000,2025-11-19 10:00:00,0.6801,0.6862,0.6788,0.6829,373914.3
1763542800000,2025-11-19 11:00:00,0.6829,0.6829,0.6753,0.6779,388809.7
1763546400000,2025-11-19 12:00:00,0.6779,0.6809,0.6702,0.6705,697236.2
1763550000000,2025-11-19 13:00:00,0.6705,0.6773,0.67,0.677,175095.9
1763553600000,2025-11-19 14:00:00,0.677,0.6796,0.675,0.6769,349959.8
1763557200000,2025-11-19 15:00:00,0.6769,0.677,0.6689,0.6693,325918.0
1763560800000,2025-11-19 16:00:00,0.6693,0.6758,0.6635,0.6746,1104222.1
1763564400000,2025-11-19 17:00:00,0.6746,0.6844,0.6581,0.6591,1092261.2
1763568000000,2025-11-19 18:00:00,0.6591,0.6638,0.648,0.6505,886678.6
1763571600000,2025-11-19 19:00:00,0.6505,0.6539,0.6389,0.6509,787726.6
1763575200000,2025-11-19 20:00:00,0.6509,0.6536,0.6384,0.6433,698885.4
1763578800000,2025-11-19 21:00:00,0.6433,0.6449,0.6366,0.642,531765.1
1763582400000,2025-11-19 22:00:00,0.642,0.6583,0.6408,0.6578,466135.4
1763586000000,2025-11-19 23:00:00,0.6578,0.6725,0.6549,0.67,1015922.5
1763589600000,2025-11-20 00:00:00,0.67,0.6701,0.6622,0.6665,169669.6
1763593200000,2025-11-20 01:00:00,0.6665,0.6758,0.6665,0.6732,489331.1
1763596800000,2025-11-20 02:00:00,0.6732,0.6742,0.6697,0.6707,272296.6
1763600400000,2025-11-20 03:00:00,0.6707,0.673,0.6673,0.6686,360632.7
1763604000000,2025-11-20 04:00:00,0.6686,0.672,0.6659,0.6661,394075.4
1763607600000,2025-11-20 05:00:00,0.6661,0.6673,0.6594,0.66,270188.6
1763611200000,2025-11-20 06:00:00,0.66,0.6643,0.6598,0.6641,241224.4
1763614800000,2025-11-20 07:00:00,0.6641,0.6643,0.659,0.6591,223966.1
1763618400000,2025-11-20 08:00:00,0.6591,0.6637,0.659,0.6621,237130.6
1763622000000,2025-11-20 09:00:00,0.6621,0.669,0.6613,0.6683,285865.0
1763625600000,2025-11-20 10:00:00,0.6683,0.6703,0.6653,0.6659,295122.1
1763629200000,2025-11-20 11:00:00,0.6659,0.6674,0.6629,0.6647,236522.2
1763632800000,2025-11-20 12:00:00,0.6647,0.666,0.6599,0.6635,234644.1
1763636400000,2025-11-20 13:00:00,0.6635,0.668,0.6613,0.6673,219745.4
1763640000000,2025-11-20 14:00:00,0.6673,0.679,0.6661,0.6781,457312.4
1763643600000,2025-11-20 15:00:00,0.6781,0.6785,0.6664,0.6677,791126.4
1763647200000,2025-11-20 16:00:00,0.6677,0.6752,0.6602,0.672,828375.3
1763650800000,2025-11-20 17:00:00,0.672,0.6726,0.6618,0.6635,763861.6
1763654400000,2025-11-20 18:00:00,0.6635,0.665,0.638,0.6414,2220057.3
1763658000000,2025-11-20 19:00:00,0.6414,0.6452,0.6254,0.633,1433709.8
1763661600000,2025-11-20 20:00:00,0.633,0.6351,0.6208,0.6221,950424.5
1763665200000,2025-11-20 21:00:00,0.6221,0.6324,0.6156,0.6309,695678.5
1763668800000,2025-11-20 22:00:00,0.6309,0.6309,0.6229,0.624,395927.7
1763672400000,2025-11-20 23:00:00,0.624,0.6395,0.624,0.6359,349166.4
1763676000000,2025-11-21 00:00:00,0.6359,0.648,0.6358,0.6436,351149.8
1763679600000,2025-11-21 01:00:00,0.6436,0.6438,0.6263,0.6283,456483.1
1763683200000,2025-11-21 02:00:00,0.6283,0.6405,0.6279,0.6405,372214.8
1763686800000,2025-11-21 03:00:00,0.6405,0.6472,0.6388,0.6438,424192.2
1763690400000,2025-11-21 04:00:00,0.6438,0.6449,0.6253,0.6269,749205.5
1763694000000,2025-11-21 05:00:00,0.6269,0.638,0.6269,0.6327,455641.8
1763697600000,2025-11-21 06:00:00,0.6327,0.6351,0.6232,0.6343,504268.7
1763701200000,2025-11-21 07:00:00,0.6343,0.6418,0.63,0.6333,557782.2
1763704800000,2025-11-21 08:00:00,0.6333,0.6387,0.6321,0.6326,518339.5
1763708400000,2025-11-21 09:00:00,0.6326,0.6343,0.5629,0.6052,3814139.6
1763712000000,2025-11-21 10:00:00,0.6052,0.6171,0.599,0.6016,777829.4
1763715600000,2025-11-21 11:00:00,0.6016,0.6085,0.5946,0.5998,687460.5
1763719200000,2025-11-21 12:00:00,0.5998,0.6067,0.5953,0.5996,618009.0
1763722800000,2025-11-21 13:00:00,0.5996,0.6079,0.5926,0.5941,403748.1
1763726400000,2025-11-21 14:00:00,0.5941,0.6112,0.5822,0.6061,939946.5
1763730000000,2025-11-21 15:00:00,0.6061,0.6115,0.6032,0.6053,578643.8
1763733600000,2025-11-21 16:00:00,0.6053,0.6149,0.5985,0.6117,784620.2
1763737200000,2025-11-21 17:00:00,0.6117,0.6133,0.5993,0.604,718185.7
1763740800000,2025-11-21 18:00:00,0.604,0.6196,0.595,0.6188,1216285.5
1763744400000,2025-11-21 19:00:00,0.6188,0.6239,0.6116,0.6131,450747.2
1763748000000,2025-11-21 20:00:00,0.6131,0.6136,0.5974,0.6085,690124.1
1763751600000,2025-11-21 21:00:00,0.6085,0.6088,0.5915,0.5949,299648.0
1763755200000,2025-11-21 22:00:00,0.5949,0.5969,0.5828,0.5872,368924.4
1763758800000,2025-11-21 23:00:00,0.5872,0.5915,0.5785,0.5803,644518.7
1763762400000,2025-11-22 00:00:00,0.5803,0.5854,0.5647,0.5647,456877.9
1763766000000,2025-11-22 01:00:00,0.5647,0.5854,0.5618,0.5832,801220.4
1763769600000,2025-11-22 02:00:00,0.5832,0.5884,0.5685,0.5704,792694.5
1763773200000,2025-11-22 03:00:00,0.5704,0.5727,0.564,0.5676,790921.4
1763776800000,2025-11-22 04:00:00,0.5676,0.5741,0.5625,0.5721,566744.8
1763780400000,2025-11-22 05:00:00,0.5721,0.5765,0.5694,0.5751,412397.5
1763784000000,2025-11-22 06:00:00,0.5751,0.5752,0.5526,0.5624,851871.2
1763787600000,2025-11-22 07:00:00,0.5624,0.5662,0.5538,0.5601,551233.1
1763791200000,2025-11-22 08:00:00,0.5601,0.5709,0.5532,0.5693,515458.4
1763794800000,2025-11-22 09:00:00,0.5693,0.5704,0.5628,0.5683,376610.2
1763798400000,2025-11-22 10:00:00,0.5683,0.5698,0.5562,0.5568,459621.3
1763802000000,2025-11-22 11:00:00,0.5568,0.5723,0.5568,0.57,403368.5
1763805600000,2025-11-22 12:00:00,0.57,0.5738,0.5625,0.5627,314016.3
1763809200000,2025-11-22 13:00:00,0.5627,0.5735,0.562,0.5698,230110.3
1763812800000,2025-11-22 14:00:00,0.5698,0.5703,0.5608,0.5628,195874.6
1763816400000,2025-11-22 15:00:00,0.5628,0.5684,0.5561,0.5662,503851.1
1763820000000,2025-11-22 16:00:00,0.5662,0.5765,0.5662,0.572,382572.6
1763823600000,2025-11-22 17:00:00,0.572,0.5736,0.5669,0.5688,293781.1
1763827200000,2025-11-22 18:00:00,0.5688,0.5757,0.568,0.5742,243205.2
1763830800000,2025-11-22 19:00:00,0.5742,0.5746,0.5707,0.5719,170991.4
1763834400000,2025-11-22 20:00:00,0.5719,0.5723,0.566,0.569,117366.8
1763838000000,2025-11-22 21:00:00,0.569,0.5713,0.5646,0.5666,124689.0
1763841600000,2025-11-22 22:00:00,0.5666,0.5709,0.5614,0.5631,160269.3
1763845200000,2025-11-22 23:00:00,0.5631,0.5661,0.5612,0.5627,187682.4
1763848800000,2025-11-23 00:00:00,0.5627,0.5741,0.5587,0.57,308477.6
1763852400000,2025-11-23 01:00:00,0.57,0.5703,0.5617,0.564,254996.4
1763856000000,2025-11-23 02:00:00,0.564,0.5647,0.5555,0.5599,213010.8
1763859600000,2025-11-23 03:00:00,0.5599,0.5693,0.5599,0.5662,212319.2
1763863200000,2025-11-23 04:00:00,0.5662,0.5713,0.5646,0.5695,195390.6
1763866800000,2025-11-23 05:00:00,0.5695,0.5717,0.5656,0.5683,156601.8
1763870400000,2025-11-23 06:00:00,0.5683,0.5744,0.5679,0.5721,309312.2
1763874000000,2025-11-23 07:00:00,0.5721,0.5753,0.571,0.5747,161155.3
1763877600000,2025-11-23 08:00:00,0.5747,0.5762,0.5689,0.5708,212210.0
1763881200000,2025-11-23 09:00:00,0.5708,0.5723,0.565,0.5722,207663.6
1763884800000,2025-11-23 10:00:00,0.5722,0.5795,0.5721,0.5788,252575.8
1763888400000,2025-11-23 11:00:00,0.5788,0.5821,0.5758,0.5769,212550.2
1763892000000,2025-11-23 12:00:00,0.5769,0.6064,0.5737,0.5981,1330387.3
1763895600000,2025-11-23 13:00:00,0.5981,0.6098,0.5847,0.5974,1148545.8
1763899200000,2025-11-23 14:00:00,0.5974,0.6283,0.596,0.6062,1662131.9
1763902800000,2025-11-23 15:00:00,0.6062,0.6103,0.6004,0.6077,546651.6
1763906400000,2025-11-23 16:00:00,0.6077,0.6121,0.5885,0.5925,524840.4
1763910000000,2025-11-23 17:00:00,0.5925,0.6071,0.5897,0.6036,283043.6
1763913600000,2025-11-23 18:00:00,0.6036,0.6439,0.6021,0.6383,1394176.7
1763917200000,2025-11-23 19:00:00,0.6383,0.6386,0.6087,0.6112,2203730.6
1763920800000,2025-11-23 20:00:00,0.6112,0.6178,0.6033,0.616,587574.9
1763924400000,2025-11-23 21:00:00,0.616,0.616,0.5998,0.5999,751607.8
1763928000000,2025-11-23 22:00:00,0.5999,0.6067,0.5981,0.6035,323856.9
1763931600000,2025-11-23 23:00:00,0.6035,0.6049,0.6005,0.6032,149306.3
1763935200000,2025-11-24 00:00:00,0.6032,0.6042,0.598,0.5981,158477.3
1763938800000,2025-11-24 01:00:00,0.5981,0.5994,0.586,0.5867,635241.1
1763942400000,2025-11-24 02:00:00,0.5867,0.5916,0.5823,0.5873,389697.3
1763946000000,2025-11-24 03:00:00,0.5873,0.5889,0.5809,0.5885,285340.5
1763949600000,2025-11-24 04:00:00,0.5885,0.6029,0.5875,0.5956,639496.9
1763953200000,2025-11-24 05:00:00,0.5956,0.5984,0.5919,0.593,205791.7
1763956800000,2025-11-24 06:00:00,0.593,0.5961,0.585,0.5885,286792.3
1763960400000,2025-11-24 07:00:00,0.5885,0.599,0.5873,0.5894,452353.5
1763964000000,2025-11-24 08:00:00,0.5894,0.5901,0.5695,0.5769,2438210.6
1763967600000,2025-11-24 09:00:00,0.5769,0.5803,0.5725,0.5766,605398.8
1763971200000,2025-11-24 10:00:00,0.5766,0.5837,0.5726,0.5735,602173.5
1763974800000,2025-11-24 11:00:00,0.5735,0.575,0.556,0.5579,815108.4
1763978400000,2025-11-24 12:00:00,0.5579,0.5604,0.5507,0.553,744620.1
1763982000000,2025-11-24 13:00:00,0.553,0.564,0.5527,0.5627,520913.6
1763985600000,2025-11-24 14:00:00,0.5627,0.5657,0.5591,0.5627,569529.4
1763989200000,2025-11-24 15:00:00,0.5627,0.5705,0.5613,0.5674,616912.0
1763992800000,2025-11-24 16:00:00,0.5674,0.5777,0.5637,0.574,879620.7
1763996400000,2025-11-24 17:00:00,0.574,0.5829,0.5678,0.5753,761711.9
1764000000000,2025-11-24 18:00:00,0.5753,0.5828,0.5737,0.5799,495070.6
1764003600000,2025-11-24 19:00:00,0.5799,0.5962,0.5799,0.5933,765046.3
1764007200000,2025-11-24 20:00:00,0.5933,0.5981,0.5895,0.5914,600499.9
1764010800000,2025-11-24 21:00:00,0.5914,0.5999,0.5907,0.594,468457.5
1764014400000,2025-11-24 22:00:00,0.594,0.5984,0.5911,0.5935,413906.9
1764018000000,2025-11-24 23:00:00,0.5935,0.5943,0.5874,0.5898,246336.0
1764021600000,2025-11-25 00:00:00,0.5898,0.5923,0.5846,0.5858,259040.6
1764025200000,2025-11-25 01:00:00,0.5858,0.5893,0.5817,0.5822,251777.6
1764028800000,2025-11-25 02:00:00,0.5822,0.5824,0.5745,0.5759,362893.9
1764032400000,2025-11-25 03:00:00,0.5759,0.5774,0.5656,0.566,231336.4
1764036000000,2025-11-25 04:00:00,0.566,0.5681,0.5598,0.5635,488702.5
1764039600000,2025-11-25 05:00:00,0.5635,0.5702,0.5585,0.5599,468716.0
1764043200000,2025-11-25 06:00:00,0.5599,0.562,0.5518,0.5569,511143.3
1764046800000,2025-11-25 07:00:00,0.5569,0.5625,0.5561,0.558,445592.5
1764050400000,2025-11-25 08:00:00,0.558,0.5628,0.5551,0.557,512884.6
1764054000000,2025-11-25 09:00:00,0.557,0.5572,0.5478,0.5538,604654.4
1764057600000,2025-11-25 10:00:00,0.5538,0.5639,0.5535,0.5584,933478.1
1764061200000,2025-11-25 11:00:00,0.5584,0.5587,0.5499,0.5541,784297.8
1764064800000,2025-11-25 12:00:00,0.5541,0.5598,0.547,0.5592,586357.6
1764068400000,2025-11-25 13:00:00,0.5592,0.5594,0.5436,0.5455,762074.0
1764072000000,2025-11-25 14:00:00,0.5455,0.5577,0.5426,0.5548,714847.1
1764075600000,2025-11-25 15:00:00,0.5548,0.5582,0.55,0.5516,356350.6
1764079200000,2025-11-25 16:00:00,0.5516,0.5545,0.5417,0.5533,611467.9
1764082800000,2025-11-25 17:00:00,0.5533,0.5592,0.5496,0.5541,591958.3
1764086400000,2025-11-25 18:00:00,0.5541,0.5563,0.5502,0.5522,319108.0
1764090000000,2025-11-25 19:00:00,0.5522,0.5618,0.5497,0.5581,279876.6
1764093600000,2025-11-25 20:00:00,0.5581,0.5647,0.558,0.5598,306376.1
1764097200000,2025-11-25 21:00:00,0.5598,0.5611,0.5485,0.5553,433586.5
1764100800000,2025-11-25 22:00:00,0.5553,0.5628,0.5547,0.5604,238823.7
1764104400000,2025-11-25 23:00:00,0.5604,0.5664,0.5585,0.565,409912.7
1764108000000,2025-11-26 00:00:00,0.565,0.5681,0.5544,0.5678,286389.6
1764111600000,2025-11-26 01:00:00,0.5678,0.5717,0.5657,0.5671,363620.0
1764115200000,2025-11-26 02:00:00,0.5671,0.5692,0.5623,0.5626,198222.4
1764118800000,2025-11-26 03:00:00,0.5626,0.5716,0.5607,0.5675,212906.1
1764122400000,2025-11-26 04:00:00,0.5675,0.5682,0.5633,0.5638,120851.4
1764126000000,2025-11-26 05:00:00,0.5638,0.5646,0.5579,0.5582,216930.3
1764129600000,2025-11-26 06:00:00,0.5582,0.56,0.5548,0.5549,187912.9
1764133200000,2025-11-26 07:00:00,0.5549,0.5568,0.5527,0.5553,271827.9
1764136800000,2025-11-26 08:00:00,0.5553,0.5566,0.5512,0.5533,345854.5
1764140400000,2025-11-26 09:00:00,0.5533,0.5533,0.5484,0.5512,373500.5
1764144000000,2025-11-26 10:00:00,0.5512,0.5513,0.5466,0.5471,441247.0
1764147600000,2025-11-26 11:00:00,0.5471,0.553,0.5428,0.5482,1249585.6
1764151200000,2025-11-26 12:00:00,0.5482,0.5663,0.5482,0.5648,1503913.0
1764154800000,2025-11-26 13:00:00,0.5648,0.5673,0.5533,0.5579,741414.0
1764158400000,2025-11-26 14:00:00,0.5579,0.5592,0.553,0.5583,511622.3
1764162000000,2025-11-26 15:00:00,0.5583,0.5817,0.5546,0.5764,808506.1
1764165600000,2025-11-26 16:00:00,0.5764,0.5869,0.5707,0.5733,1301259.9
1764169200000,2025-11-26 17:00:00,0.5733,0.5789,0.5674,0.5701,683017.6
1764172800000,2025-11-26 18:00:00,0.5701,0.5792,0.5662,0.5681,444319.3
1764176400000,2025-11-26 19:00:00,0.5681,0.5885,0.5662,0.5858,687153.2
1764180000000,2025-11-26 20:00:00,0.5858,0.5899,0.5834,0.5897,608327.1
1764183600000,2025-11-26 21:00:00,0.5897,0.5925,0.5828,0.5866,360359.7
1764187200000,2025-11-26 22:00:00,0.5866,0.5866,0.5801,0.5844,311158.4
1764190800000,2025-11-26 23:00:00,0.5844,0.5924,0.5823,0.5862,323343.4
1764194400000,2025-11-27 00:00:00,0.5862,0.5864,0.5799,0.5811,121432.8
1764198000000,2025-11-27 01:00:00,0.5811,0.5842,0.5789,0.5837,124994.9
1764201600000,2025-11-27 02:00:00,0.5837,0.5861,0.581,0.585,313216.8
1764205200000,2025-11-27 03:00:00,0.585,0.5893,0.5822,0.5889,285753.3
1764208800000,2025-11-27 04:00:00,0.5889,0.5889,0.5829,0.5844,335971.4
1764212400000,2025-11-27 05:00:00,0.5844,0.589,0.5843,0.5864,189838.1
1764216000000,2025-11-27 06:00:00,0.5864,0.5989,0.5864,0.5931,441586.0
1764219600000,2025-11-27 07:00:00,0.5931,0.5993,0.5857,0.5871,434195.6
1764223200000,2025-11-27 08:00:00,0.5871,0.588,0.5808,0.5852,255751.5
1764226800000,2025-11-27 09:00:00,0.5852,0.5888,0.5836,0.5859,244557.7
1764230400000,2025-11-27 10:00:00,0.5859,0.5961,0.5826,0.5961,557098.8
1764234000000,2025-11-27 11:00:00,0.5961,0.61,0.5926,0.5948,1117497.4
1764237600000,2025-11-27 12:00:00,0.5948,0.5956,0.5843,0.5864,390970.7
1764241200000,2025-11-27 13:00:00,0.5864,0.5887,0.5824,0.586,433898.3
1764244800000,2025-11-27 14:00:00,0.586,0.5861,0.5786,0.5795,362592.6
1764248400000,2025-11-27 15:00:00,0.5795,0.5818,0.5771,0.5772,219730.1
1764252000000,2025-11-27 16:00:00,0.5772,0.5835,0.5746,0.5829,256147.7
1764255600000,2025-11-27 17:00:00,0.5829,0.5868,0.5788,0.5836,322148.7
1764259200000,2025-11-27 18:00:00,0.5836,0.5904,0.5832,0.5867,299875.3
1764262800000,2025-11-27 19:00:00,0.5867,0.5898,0.5833,0.5857,314933.6
1764266400000,2025-11-27 20:00:00,0.5857,0.5897,0.5851,0.5883,208564.6
1764270000000,2025-11-27 21:00:00,0.5883,0.5895,0.5823,0.5862,317729.6
1764273600000,2025-11-27 22:00:00,0.5862,0.5877,0.5834,0.5844,217866.9
1764277200000,2025-11-27 23:00:00,0.5844,0.5855,0.5794,0.5802,143156.8
1764280800000,2025-11-28 00:00:00,0.5802,0.5803,0.5723,0.5752,231090.3
1764284400000,2025-11-28 01:00:00,0.5752,0.5756,0.5718,0.5741,190121.8
1764288000000,2025-11-28 02:00:00,0.5741,0.5769,0.5729,0.5751,198104.2
1764291600000,2025-11-28 03:00:00,0.5751,0.5764,0.5687,0.5699,335037.9
1764295200000,2025-11-28 04:00:00,0.5699,0.5723,0.5656,0.5702,340112.6
1764298800000,2025-11-28 05:00:00,0.5702,0.5709,0.567,0.5678,119620.4
1764302400000,2025-11-28 06:00:00,0.5678,0.5692,0.5642,0.5648,167044.0
1764306000000,2025-11-28 07:00:00,0.5648,0.5665,0.5614,0.5639,258489.8
1764309600000,2025-11-28 08:00:00,0.5639,0.5639,0.5574,0.5609,265182.3
1764313200000,2025-11-28 09:00:00,0.5609,0.5636,0.5597,0.5621,153992.7
1764316800000,2025-11-28 10:00:00,0.5621,0.5747,0.562,0.5721,565876.7
1764320400000,2025-11-28 11:00:00,0.5721,0.5742,0.5687,0.5729,260828.7
1764324000000,2025-11-28 12:00:00,0.5729,0.5745,0.5717,0.5728,147746.7
1764327600000,2025-11-28 13:00:00,0.5728,0.5729,0.5645,0.567,342135.7
1764331200000,2025-11-28 14:00:00,0.567,0.5674,0.5634,0.5648,189056.9
1764334800000,2025-11-28 15:00:00,0.5648,0.5737,0.5621,0.5719,432867.4
1764338400000,2025-11-28 16:00:00,0.5719,0.5746,0.5658,0.569,351985.0
1764342000000,2025-11-28 17:00:00,0.569,0.5762,0.5674,0.5709,254577.2
1764345600000,2025-11-28 18:00:00,0.5709,0.5709,0.5612,0.5625,494550.1
1764349200000,2025-11-28 19:00:00,0.5625,0.5634,0.5529,0.5561,725950.9
1764352800000,2025-11-28 20:00:00,0.5561,0.5589,0.5516,0.5584,317514.0
1764356400000,2025-11-28 21:00:00,0.5584,0.5664,0.5584,0.5656,250802.3
1764360000000,2025-11-28 22:00:00,0.5656,0.5661,0.5616,0.5637,256589.1
1764363600000,2025-11-28 23:00:00,0.5637,0.5652,0.5608,0.5609,150901.5
1764367200000,2025-11-29 00:00:00,0.5609,0.5666,0.5601,0.5666,166038.9
1764370800000,2025-11-29 01:00:00,0.5666,0.5675,0.5626,0.5627,118212.1
1764374400000,2025-11-29 02:00:00,0.5627,0.5656,0.5619,0.5649,121708.9
1764378000000,2025-11-29 03:00:00,0.5649,0.5693,0.5649,0.5652,155558.8
1764381600000,2025-11-29 04:00:00,0.5652,0.5656,0.5612,0.5656,839491.3
1764385200000,2025-11-29 05:00:00,0.5656,0.5699,0.5656,0.5675,156262.4
1764388800000,2025-11-29 06:00:00,0.5675,0.5697,0.5653,0.5681,194702.6
1764392400000,2025-11-29 07:00:00,0.5681,0.5681,0.5629,0.563,107615.7
1764396000000,2025-11-29 08:00:00,0.563,0.5635,0.5574,0.5585,356223.1
1764399600000,2025-11-29 09:00:00,0.5585,0.5593,0.5543,0.5548,193044.0
1764403200000,2025-11-29 10:00:00,0.5548,0.5568,0.5533,0.5558,190598.3
1764406800000,2025-11-29 11:00:00,0.5558,0.558,0.5556,0.5567,210413.8
1764410400000,2025-11-29 12:00:00,0.5567,0.56,0.5546,0.5591,374576.7
1764414000000,2025-11-29 13:00:00,0.5591,0.5602,0.5577,0.5578,130146.7
1764417600000,2025-11-29 14:00:00,0.5578,0.5588,0.5513,0.5515,182999.6
1764421200000,2025-11-29 15:00:00,0.5515,0.5517,0.5494,0.551,284652.9
1764424800000,2025-11-29 16:00:00,0.551,0.5516,0.5484,0.5495,232822.9
1764428400000,2025-11-29 17:00:00,0.5495,0.5568,0.5495,0.5548,205610.9
1764432000000,2025-11-29 18:00:00,0.5548,0.5559,0.5517,0.553,107827.1
1764435600000,2025-11-29 19:00:00,0.553,0.5536,0.5459,0.5468,335307.9
1764439200000,2025-11-29 20:00:00,0.5468,0.5504,0.544,0.5495,395683.1
1764442800000,2025-11-29 21:00:00,0.5495,0.5513,0.5485,0.5485,139898.0
1764446400000,2025-11-29 22:00:00,0.5485,0.5527,0.5474,0.5522,217498.9
1764450000000,2025-11-29 23:00:00,0.5522,0.5526,0.5488,0.551,130213.8
1764453600000,2025-11-30 00:00:00,0.551,0.5516,0.5487,0.5489,102447.5
1764457200000,2025-11-30 01:00:00,0.5489,0.5515,0.5471,0.5501,72607.3
1764460800000,2025-11-30 02:00:00,0.5501,0.5508,0.5458,0.5461,127882.1
1764464400000,2025-11-30 03:00:00,0.5461,0.5495,0.5457,0.5486,80803.4
1764468000000,2025-11-30 04:00:00,0.5486,0.5491,0.5444,0.5445,88821.1
1764471600000,2025-11-30 05:00:00,0.5445,0.5479,0.5386,0.5469,393488.5
1764475200000,2025-11-30 06:00:00,0.5469,0.5519,0.5467,0.5471,236713.4
1764478800000,2025-11-30 07:00:00,0.5471,0.5471,0.5426,0.5438,135669.9
1764482400000,2025-11-30 08:00:00,0.5438,0.5495,0.5431,0.5459,292765.5
1764486000000,2025-11-30 09:00:00,0.5459,0.5467,0.5438,0.5458,124984.5
1764489600000,2025-11-30 10:00:00,0.5458,0.5496,0.5445,0.5462,254124.8
1764493200000,2025-11-30 11:00:00,0.5462,0.5473,0.5446,0.5461,138504.8
1764496800000,2025-11-30 12:00:00,0.5461,0.5462,0.5392,0.5399,288149.5
1764500400000,2025-11-30 13:00:00,0.5399,0.5421,0.5385,0.5391,192750.0
1764504000000,2025-11-30 14:00:00,0.5391,0.546,0.5369,0.5428,221414.6
1764507600000,2025-11-30 15:00:00,0.5428,0.5506,0.5428,0.5463,273770.1
1764511200000,2025-11-30 16:00:00,0.5463,0.5467,0.5394,0.5398,217704.9
1764514800000,2025-11-30 17:00:00,0.5398,0.5422,0.5344,0.5393,399434.6
1764518400000,2025-11-30 18:00:00,0.5393,0.5475,0.5383,0.5475,161509.7
1764522000000,2025-11-30 19:00:00,0.5475,0.5487,0.545,0.5471,240364.2
1764525600000,2025-11-30 20:00:00,0.5471,0.5481,0.5461,0.5477,155398.8
1764529200000,2025-11-30 21:00:00,0.5477,0.5494,0.5466,0.5485,85850.3
1764532800000,2025-11-30 22:00:00,0.5485,0.5535,0.5465,0.5487,226187.8
1764536400000,2025-11-30 23:00:00,0.5487,0.5503,0.5468,0.5476,204013.1
1764540000000,2025-12-01 00:00:00,0.5476,0.5515,0.5444,0.5495,141681.1
1764543600000,2025-12-01 01:00:00,0.5495,0.5497,0.5403,0.5413,302234.4
1764547200000,2025-12-01 02:00:00,0.5413,0.5426,0.5051,0.5059,3293408.5
1764550800000,2025-12-01 03:00:00,0.5059,0.5143,0.5041,0.5102,843326.7
1764554400000,2025-12-01 04:00:00,0.5102,0.5153,0.5093,0.5106,573724.5
1764558000000,2025-12-01 05:00:00,0.5106,0.5108,0.4994,0.5004,618455.7
1764561600000,2025-12-01 06:00:00,0.5004,0.502,0.4959,0.4968,699734.8
1764565200000,2025-12-01 07:00:00,0.4968,0.502,0.4953,0.4991,528220.4
1764568800000,2025-12-01 08:00:00,0.4991,0.5089,0.4987,0.5055,373376.2
1764572400000,2025-12-01 09:00:00,0.5055,0.5062,0.5007,0.5029,344803.4
1764576000000,2025-12-01 10:00:00,0.5029,0.514,0.5019,0.5131,484692.0
1764579600000,2025-12-01 11:00:00,0.5131,0.5189,0.5118,0.5118,680591.5
1764583200000,2025-12-01 12:00:00,0.5118,0.5216,0.5107,0.5198,538482.5
1764586800000,2025-12-01 13:00:00,0.5198,0.5211,0.5076,0.5093,803837.3
1764590400000,2025-12-01 14:00:00,0.5093,0.5128,0.504,0.51,606984.5
1764594000000,2025-12-01 15:00:00,0.51,0.5151,0.501,0.503,644008.6
1764597600000,2025-12-01 16:00:00,0.503,0.5151,0.5016,0.5108,617586.7
1764601200000,2025-12-01 17:00:00,0.5108,0.5127,0.4992,0.5078,1035227.8
1764604800000,2025-12-01 18:00:00,0.5078,0.5126,0.5033,0.5039,936877.5
1764608400000,2025-12-01 19:00:00,0.5039,0.5075,0.4987,0.5034,465137.5
1764612000000,2025-12-01 20:00:00,0.5034,0.5104,0.5033,0.5086,420497.4
1764615600000,2025-12-01 21:00:00,0.5086,0.5096,0.4994,0.5024,523161.1
1764619200000,2025-12-01 22:00:00,0.5024,0.5102,0.5024,0.5076,547044.2
1764622800000,2025-12-01 23:00:00,0.5076,0.5152,0.5062,0.5119,369763.9
1764626400000,2025-12-02 00:00:00,0.5119,0.5148,0.5107,0.5123,204829.1
1764630000000,2025-12-02 01:00:00,0.5123,0.5145,0.511,0.5119,221646.8
1764633600000,2025-12-02 02:00:00,0.5119,0.5156,0.5091,0.5105,222904.0
1764637200000,2025-12-02 03:00:00,0.5105,0.5173,0.5097,0.5109,318929.9
1764640800000,2025-12-02 04:00:00,0.5109,0.5122,0.5085,0.5091,208803.1
1764644400000,2025-12-02 05:00:00,0.5091,0.5117,0.5053,0.5088,178613.1
1764648000000,2025-12-02 06:00:00,0.5088,0.5114,0.5065,0.5074,233303.7
1764651600000,2025-12-02 07:00:00,0.5074,0.5094,0.5069,0.5078,120145.8
1764655200000,2025-12-02 08:00:00,0.5078,0.5097,0.505,0.5097,191438.0
1764658800000,2025-12-02 09:00:00,0.5097,0.5114,0.5085,0.5095,129460.6
1764662400000,2025-12-02 10:00:00,0.5095,0.51,0.5027,0.5035,351143.8
1764666000000,2025-12-02 11:00:00,0.5035,0.5088,0.5033,0.5078,161683.4
1764669600000,2025-12-02 12:00:00,0.5078,0.5179,0.5069,0.5157,229547.1
1764673200000,2025-12-02 13:00:00,0.5157,0.5166,0.5129,0.5149,233632.9
1764676800000,2025-12-02 14:00:00,0.5149,0.5158,0.5095,0.5122,237216.9
1764680400000,2025-12-02 15:00:00,0.5122,0.5164,0.5098,0.5151,380777.4
1764684000000,2025-12-02 16:00:00,0.5151,0.5271,0.5148,0.5261,848447.0
1764687600000,2025-12-02 17:00:00,0.5261,0.5604,0.526,0.5569,1291716.5
1764691200000,2025-12-02 18:00:00,0.5569,0.5602,0.5454,0.548,675346.1
1764694800000,2025-12-02 19:00:00,0.548,0.5543,0.5464,0.5502,405996.7
1764698400000,2025-12-02 20:00:00,0.5502,0.5535,0.5496,0.5522,228047.2
1764702000000,2025-12-02 21:00:00,0.5522,0.5538,0.5481,0.5483,90177.2
1764705600000,2025-12-02 22:00:00,0.5483,0.5493,0.5416,0.5458,244814.3
1764709200000,2025-12-02 23:00:00,0.5458,0.548,0.5429,0.5472,142058.7
1764712800000,2025-12-03 00:00:00,0.5472,0.5563,0.5471,0.5543,167858.4
1764716400000,2025-12-03 01:00:00,0.5543,0.5553,0.5465,0.5475,233838.5
1764720000000,2025-12-03 02:00:00,0.5475,0.5509,0.5438,0.5457,257524.1
1764723600000,2025-12-03 03:00:00,0.5457,0.5478,0.5445,0.546,169794.0
1764727200000,2025-12-03 04:00:00,0.546,0.5523,0.5459,0.5499,382202.7
1764730800000,2025-12-03 05:00:00,0.5499,0.5527,0.5484,0.5487,125485.8
1764734400000,2025-12-03 06:00:00,0.5487,0.5544,0.5482,0.553,169283.3
1764738000000,2025-12-03 07:00:00,0.553,0.5563,0.5525,0.5536,128371.9
1764741600000,2025-12-03 08:00:00,0.5536,0.5602,0.5534,0.5552,345535.8
1764745200000,2025-12-03 09:00:00,0.5552,0.5565,0.5528,0.5551,269469.6
1764748800000,2025-12-03 10:00:00,0.5551,0.561,0.5551,0.56,170981.1
1764752400000,2025-12-03 11:00:00,0.56,0.5627,0.5584,0.5599,218674.1
1764756000000,2025-12-03 12:00:00,0.5599,0.5649,0.5588,0.5596,253282.7
1764759600000,2025-12-03 13:00:00,0.5596,0.5621,0.5584,0.5612,167023.1
1764763200000,2025-12-03 14:00:00,0.5612,0.5641,0.5596,0.5613,219986.3
1764766800000,2025-12-03 15:00:00,0.5613,0.5617,0.5578,0.5583,151999.0
1764770400000,2025-12-03 16:00:00,0.5583,0.5639,0.5454,0.5542,1051773.3
1764774000000,2025-12-03 17:00:00,0.5542,0.5596,0.5522,0.5587,298658.8
1764777600000,2025-12-03 18:00:00,0.5587,0.5657,0.5564,0.5596,245095.7
1764781200000,2025-12-03 19:00:00,0.5596,0.5671,0.5578,0.5665,417118.5
1764784800000,2025-12-03 20:00:00,0.5665,0.5687,0.5624,0.5635,417764.2
1764788400000,2025-12-03 21:00:00,0.5635,0.5654,0.5617,0.5646,145179.6
1764792000000,2025-12-03 22:00:00,0.5646,0.5667,0.5608,0.5626,213560.1
1764795600000,2025-12-03 23:00:00,0.5626,0.567,0.5617,0.5662,195696.2
1764799200000,2025-12-04 00:00:00,0.5662,0.5683,0.5629,0.5682,265344.8
1764802800000,2025-12-04 01:00:00,0.5682,0.5706,0.5637,0.5684,521791.7
1764806400000,2025-12-04 02:00:00,0.5684,0.5688,0.5643,0.5668,193503.4
1764810000000,2025-12-04 03:00:00,0.5668,0.5731,0.5655,0.5657,253125.1
1764813600000,2025-12-04 04:00:00,0.5657,0.57,0.565,0.5688,190750.3
1764817200000,2025-12-04 05:00:00,0.5688,0.5708,0.5664,0.5667,73879.5
1764820800000,2025-12-04 06:00:00,0.5667,0.5692,0.5645,0.567,91725.7
1764824400000,2025-12-04 07:00:00,0.567,0.5676,0.5625,0.5659,240948.4
1764828000000,2025-12-04 08:00:00,0.5659,0.5731,0.5645,0.572,240277.8
1764831600000,2025-12-04 09:00:00,0.572,0.5721,0.5663,0.5671,213329.8
1764835200000,2025-12-04 10:00:00,0.5671,0.5685,0.5618,0.5638,157770.1
1764838800000,2025-12-04 11:00:00,0.5638,0.5676,0.5635,0.5647,128355.3
1764842400000,2025-12-04 12:00:00,0.5647,0.5669,0.561,0.5614,137547.2
1764846000000,2025-12-04 13:00:00,0.5614,0.5618,0.5586,0.5609,94881.5
1764849600000,2025-12-04 14:00:00,0.5609,0.5627,0.5552,0.5554,885255.6
1764853200000,2025-12-04 15:00:00,0.5554,0.56,0.5545,0.5548,471637.2
1764856800000,2025-12-04 16:00:00,0.5548,0.5583,0.5503,0.5517,293734.8
1764860400000,2025-12-04 17:00:00,0.5517,0.5654,0.5517,0.5621,326170.1
1764864000000,2025-12-04 18:00:00,0.5621,0.5623,0.5513,0.5521,532024.7
1764867600000,2025-12-04 19:00:00,0.5521,0.5532,0.544,0.5493,286162.7
1764871200000,2025-12-04 20:00:00,0.5493,0.5505,0.5411,0.5423,633676.7
1764874800000,2025-12-04 21:00:00,0.5423,0.5425,0.5276,0.5347,910326.7
1764878400000,2025-12-04 22:00:00,0.5347,0.5363,0.5301,0.5342,324698.1
1764882000000,2025-12-04 23:00:00,0.5342,0.5355,0.5314,0.5318,149706.7
1764885600000,2025-12-05 00:00:00,0.5318,0.5373,0.5311,0.5364,173328.8
1764889200000,2025-12-05 01:00:00,0.5364,0.5381,0.5345,0.5361,146868.1
1764892800000,2025-12-05 02:00:00,0.5361,0.5385,0.5332,0.5351,202183.6
1764896400000,2025-12-05 03:00:00,0.5351,0.5382,0.5337,0.5352,274981.7
1764900000000,2025-12-05 04:00:00,0.5352,0.5405,0.5339,0.5365,196066.3
1764903600000,2025-12-05 05:00:00,0.5365,0.5368,0.5311,0.5326,206320.4
1764907200000,2025-12-05 06:00:00,0.5326,0.5342,0.5266,0.5301,281349.8
1764910800000,2025-12-05 07:00:00,0.5301,0.5312,0.5281,0.5308,122649.9
1764914400000,2025-12-05 08:00:00,0.5308,0.5344,0.5308,0.5331,179327.3
1764918000000,2025-12-05 09:00:00,0.5331,0.538,0.5325,0.5357,294163.9
1764921600000,2025-12-05 10:00:00,0.5357,0.5357,0.5308,0.5315,181574.8
1764925200000,2025-12-05 11:00:00,0.5315,0.5315,0.5237,0.5242,413287.0
1764928800000,2025-12-05 12:00:00,0.5242,0.5274,0.5226,0.5233,266460.2
1764932400000,2025-12-05 13:00:00,0.5233,0.524,0.5181,0.5209,440489.7
1764936000000,2025-12-05 14:00:00,0.5209,0.5222,0.5186,0.5201,340476.3
1764939600000,2025-12-05 15:00:00,0.5201,0.5226,0.5122,0.5136,754760.7
1764943200000,2025-12-05 16:00:00,0.5136,0.5147,0.5084,0.5101,440769.3
1764946800000,2025-12-05 17:00:00,0.5101,0.5212,0.5084,0.5096,1055004.1
1764950400000,2025-12-05 18:00:00,0.5096,0.5096,0.4901,0.4935,1984231.2
1764954000000,2025-12-05 19:00:00,0.4935,0.4939,0.4871,0.4891,926953.3
1764957600000,2025-12-05 20:00:00,0.4891,0.4957,0.4878,0.4889,556726.8
1764961200000,2025-12-05 21:00:00,0.4889,0.4955,0.4855,0.4935,561856.7
1764964800000,2025-12-05 22:00:00,0.4935,0.4971,0.4914,0.4942,316217.1
1764968400000,2025-12-05 23:00:00,0.4942,0.5009,0.4942,0.4998,359883.6
1764972000000,2025-12-06 00:00:00,0.4998,0.5044,0.4969,0.5031,149395.8
1764975600000,2025-12-06 01:00:00,0.5031,0.5033,0.4996,0.5004,105077.8
1764979200000,2025-12-06 02:00:00,0.5004,0.5032,0.4993,0.5013,93424.3
1764982800000,2025-12-06 03:00:00,0.5013,0.5018,0.499,0.4996,79891.1
1764986400000,2025-12-06 04:00:00,0.4996,0.5003,0.4945,0.4948,161825.3
1764990000000,2025-12-06 05:00:00,0.4948,0.498,0.4921,0.4941,219939.9
1764993600000,2025-12-06 06:00:00,0.4941,0.4946,0.4892,0.4914,197072.9
1764997200000,2025-12-06 07:00:00,0.4914,0.4923,0.4895,0.4907,150611.9
1765000800000,2025-12-06 08:00:00,0.4907,0.494,0.4892,0.4894,259425.8
1765004400000,2025-12-06 09:00:00,0.4894,0.4909,0.4873,0.4881,240038.5
1765008000000,2025-12-06 10:00:00,0.4881,0.4894,0.4861,0.4869,329239.5
1765011600000,2025-12-06 11:00:00,0.4869,0.4905,0.4869,0.4891,198391.5
1765015200000,2025-12-06 12:00:00,0.4891,0.4916,0.4874,0.4887,149264.9
1765018800000,2025-12-06 13:00:00,0.4887,0.4935,0.4886,0.492,148822.2
1765022400000,2025-12-06 14:00:00,0.492,0.4936,0.4905,0.4906,170446.6
1765026000000,2025-12-06 15:00:00,0.4906,0.493,0.4886,0.4907,143236.7
1765029600000,2025-12-06 16:00:00,0.4907,0.4979,0.4904,0.4955,338714.4
1765033200000,2025-12-06 17:00:00,0.4955,0.4986,0.4931,0.4967,270817.4
1765036800000,2025-12-06 18:00:00,0.4967,0.5127,0.4962,0.5066,571025.0
1765040400000,2025-12-06 19:00:00,0.5066,0.513,0.5066,0.512,552840.3
1765044000000,2025-12-06 20:00:00,0.512,0.5192,0.5114,0.5142,515000.9
1765047600000,2025-12-06 21:00:00,0.5142,0.5165,0.5058,0.5066,278121.8
1765051200000,2025-12-06 22:00:00,0.5066,0.5105,0.5061,0.5084,301492.7
1765054800000,2025-12-06 23:00:00,0.5084,0.5138,0.5069,0.5085,281187.2
1765058400000,2025-12-07 00:00:00,0.5085,0.5097,0.5057,0.5062,135304.4
1765062000000,2025-12-07 01:00:00,0.5062,0.5067,0.4971,0.5015,426275.0
1765065600000,2025-12-07 02:00:00,0.5015,0.5053,0.4969,0.502,474476.7
1765069200000,2025-12-07 03:00:00,0.502,0.5025,0.4992,0.5005,134391.9
1765072800000,2025-12-07 04:00:00,0.5005,0.5025,0.4999,0.5019,96491.9
1765076400000,2025-12-07 05:00:00,0.5019,0.5026,0.4969,0.4992,190492.4
1765080000000,2025-12-07 06:00:00,0.4992,0.4999,0.4963,0.4966,76252.2
1765083600000,2025-12-07 07:00:00,0.4966,0.5008,0.4966,0.4992,146946.7
1765087200000,2025-12-07 08:00:00,0.4992,0.5008,0.4985,0.4997,273395.8
1765090800000,2025-12-07 09:00:00,0.4997,0.4999,0.4954,0.497,122062.0
1765094400000,2025-12-07 10:00:00,0.497,0.5008,0.495,0.4965,162336.4
1765098000000,2025-12-07 11:00:00,0.4965,0.4983,0.4923,0.4935,254963.0
1765101600000,2025-12-07 12:00:00,0.4935,0.496,0.4922,0.4936,132555.7
1765105200000,2025-12-07 13:00:00,0.4936,0.4962,0.4928,0.4936,84940.8
1765108800000,2025-12-07 14:00:00,0.4936,0.4965,0.4922,0.4943,86562.2
1765112400000,2025-12-07 15:00:00,0.4943,0.4952,0.4884,0.49,200547.0
1765116000000,2025-12-07 16:00:00,0.49,0.4907,0.4729,0.4781,1178033.0
1765119600000,2025-12-07 17:00:00,0.4781,0.4902,0.4773,0.4876,857975.8
1765123200000,2025-12-07 18:00:00,0.4876,0.4876,0.4789,0.4828,353338.9
1765126800000,2025-12-07 19:00:00,0.4828,0.4976,0.4797,0.4923,929112.7
1765130400000,2025-12-07 20:00:00,0.4923,0.4978,0.4922,0.4962,381642.0
1765134000000,2025-12-07 21:00:00,0.4962,0.4975,0.4929,0.4975,256676.3
1765137600000,2025-12-07 22:00:00,0.4975,0.4986,0.4952,0.4966,156181.6
1765141200000,2025-12-07 23:00:00,0.4966,0.4968,0.4817,0.4843,493345.9
1765144800000,2025-12-08 00:00:00,0.4843,0.4843,0.4725,0.4796,639365.2
1765148400000,2025-12-08 01:00:00,0.4796,0.4798,0.4752,0.4788,240889.7
1765152000000,2025-12-08 02:00:00,0.4788,0.4849,0.4774,0.4802,246179.1
1765155600000,2025-12-08 03:00:00,0.4802,0.4936,0.4799,0.4867,419746.8
1765159200000,2025-12-08 04:00:00,0.4867,0.4908,0.486,0.4901,145463.3
1765162800000,2025-12-08 05:00:00,0.4901,0.4944,0.4901,0.4909,213914.0
1765166400000,2025-12-08 06:00:00,0.4909,0.4988,0.4909,0.4951,175438.7
1765170000000,2025-12-08 07:00:00,0.4951,0.4993,0.4939,0.4973,170237.7
1765173600000,2025-12-08 08:00:00,0.4973,0.5011,0.4963,0.4989,197481.8
1765177200000,2025-12-08 09:00:00,0.4989,0.4993,0.4962,0.4966,173419.5
1765180800000,2025-12-08 10:00:00,0.4966,0.4966,0.4932,0.4951,210456.6
1765184400000,2025-12-08 11:00:00,0.4951,0.5032,0.4951,0.498,298477.8
1765188000000,2025-12-08 12:00:00,0.498,0.5015,0.497,0.4995,164006.9
1765191600000,2025-12-08 13:00:00,0.4995,0.5007,0.497,0.4995,193354.9
1765195200000,2025-12-08 14:00:00,0.4995,0.4999,0.4952,0.4983,187206.0
1765198800000,2025-12-08 15:00:00,0.4983,0.5023,0.498,0.499,302858.8
1765202400000,2025-12-08 16:00:00,0.499,0.5068,0.4972,0.5026,546925.7
1765206000000,2025-12-08 17:00:00,0.5026,0.5057,0.4934,0.4953,693987.9
1765209600000,2025-12-08 18:00:00,0.4953,0.4989,0.4902,0.4943,702541.6
1765213200000,2025-12-08 19:00:00,0.4943,0.4968,0.4891,0.4942,368493.6
1765216800000,2025-12-08 20:00:00,0.4942,0.4959,0.4866,0.4885,424814.5
1765220400000,2025-12-08 21:00:00,0.4885,0.4935,0.4879,0.4904,267854.9
1765224000000,2025-12-08 22:00:00,0.4904,0.4973,0.4904,0.4958,184615.2
1765227600000,2025-12-08 23:00:00,0.4958,0.4993,0.4941,0.4988,218776.7
1765231200000,2025-12-09 00:00:00,0.4988,0.5003,0.4944,0.4981,137614.7
1765234800000,2025-12-09 01:00:00,0.4981,0.4987,0.4943,0.4974,108759.0
1765238400000,2025-12-09 02:00:00,0.4974,0.5001,0.4959,0.496,140605.1
1765242000000,2025-12-09 03:00:00,0.496,0.4979,0.4881,0.4898,354543.9
1765245600000,2025-12-09 04:00:00,0.4898,0.4921,0.4892,0.4895,119446.4
1765249200000,2025-12-09 05:00:00,0.4895,0.4944,0.4872,0.4935,192471.5
1765252800000,2025-12-09 06:00:00,0.4935,0.4936,0.4848,0.4856,222976.3
1765256400000,2025-12-09 07:00:00,0.4856,0.4873,0.4838,0.4843,200251.7
1765260000000,2025-12-09 08:00:00,0.4843,0.4856,0.4827,0.485,151975.5
1765263600000,2025-12-09 09:00:00,0.485,0.4912,0.4847,0.4901,138695.2
1765267200000,2025-12-09 10:00:00,0.4901,0.4912,0.4883,0.4889,187707.1
1765270800000,2025-12-09 11:00:00,0.4889,0.4894,0.4849,0.4862,142714.7
1765274400000,2025-12-09 12:00:00,0.4862,0.4883,0.4837,0.4866,206784.2
1765278000000,2025-12-09 13:00:00,0.4866,0.4882,0.485,0.4872,105697.2
1765281600000,2025-12-09 14:00:00,0.4872,0.4942,0.4865,0.4928,283293.1
1765285200000,2025-12-09 15:00:00,0.4928,0.4981,0.4921,0.4945,216250.5
1765288800000,2025-12-09 16:00:00,0.4945,0.4976,0.489,0.4911,250017.6
1765292400000,2025-12-09 17:00:00,0.4911,0.5128,0.4903,0.5115,730572.3
1765296000000,2025-12-09 18:00:00,0.5115,0.5277,0.5115,0.5258,785695.3
1765299600000,2025-12-09 19:00:00,0.5258,0.5293,0.5211,0.5229,478634.2
1765303200000,2025-12-09 20:00:00,0.5229,0.5245,0.5177,0.5201,201840.1
1765306800000,2025-12-09 21:00:00,0.5201,0.5206,0.5151,0.5164,165373.6
1765310400000,2025-12-09 22:00:00,0.5164,0.5164,0.5075,0.5108,345406.1
1765314000000,2025-12-09 23:00:00,0.5108,0.5125,0.5025,0.5071,262097.8
1765317600000,2025-12-10 00:00:00,0.5071,0.5154,0.5066,0.5128,316629.1
1765321200000,2025-12-10 01:00:00,0.5128,0.516,0.5122,0.513,130458.5
1765324800000,2025-12-10 02:00:00,0.513,0.5152,0.5068,0.5068,199746.3
1765328400000,2025-12-10 03:00:00,0.5068,0.5081,0.5004,0.5034,227556.2
1765332000000,2025-12-10 04:00:00,0.5034,0.5047,0.501,0.5038,136642.8
1765335600000,2025-12-10 05:00:00,0.5038,0.5052,0.5016,0.5023,105060.2
1765339200000,2025-12-10 06:00:00,0.5023,0.5045,0.5012,0.5013,174892.2
1765342800000,2025-12-10 07:00:00,0.5013,0.5047,0.5012,0.5019,148580.1
1765346400000,2025-12-10 08:00:00,0.5019,0.503,0.4992,0.5014,175512.4
1765350000000,2025-12-10 09:00:00,0.5014,0.5025,0.4993,0.5019,157812.4
1765353600000,2025-12-10 10:00:00,0.5019,0.5024,0.4982,0.4987,243711.2
1765357200000,2025-12-10 11:00:00,0.4987,0.5015,0.4966,0.5004,187515.1
1765360800000,2025-12-10 12:00:00,0.5004,0.5036,0.4919,0.4928,481983.4
1765364400000,2025-12-10 13:00:00,0.4928,0.4941,0.4906,0.4934,202134.2
1765368000000,2025-12-10 14:00:00,0.4934,0.4946,0.4917,0.4946,133296.8
1765371600000,2025-12-10 15:00:00,0.4946,0.4946,0.4925,0.4934,148239.4
1765375200000,2025-12-10 16:00:00,0.4934,0.4945,0.4899,0.4926,241383.5
1765378800000,2025-12-10 17:00:00,0.4926,0.4958,0.4912,0.4931,299972.2
1765382400000,2025-12-10 18:00:00,0.4931,0.5008,0.4925,0.4987,309204.4
1765386000000,2025-12-10 19:00:00,0.4987,0.5034,0.4971,0.4985,293100.3
1765389600000,2025-12-10 20:00:00,0.4985,0.506,0.4954,0.4996,412857.3
1765393200000,2025-12-10 21:00:00,0.4996,0.509,0.4932,0.5066,1066420.3
1765396800000,2025-12-10 22:00:00,0.5066,0.5185,0.5016,0.5028,687477.3
1765400400000,2025-12-10 23:00:00,0.5028,0.5049,0.49,0.4902,454325.0
1765404000000,2025-12-11 00:00:00,0.4902,0.4938,0.4829,0.4916,371393.0
1765407600000,2025-12-11 01:00:00,0.4916,0.4926,0.4852,0.4858,144043.8
1765411200000,2025-12-11 02:00:00,0.4858,0.4873,0.4759,0.4775,586442.9
1765414800000,2025-12-11 03:00:00,0.4775,0.4777,0.4725,0.4736,389610.5
1765418400000,2025-12-11 04:00:00,0.4736,0.4737,0.4673,0.4697,311779.6
1765422000000,2025-12-11 05:00:00,0.4697,0.4698,0.4645,0.4659,307575.5
1765425600000,2025-12-11 06:00:00,0.4659,0.4747,0.4631,0.4729,397254.9
1765429200000,2025-12-11 07:00:00,0.4729,0.4774,0.4715,0.4756,195578.2
1765432800000,2025-12-11 08:00:00,0.4756,0.4813,0.4751,0.4763,260659.8
1765436400000,2025-12-11 09:00:00,0.4763,0.4764,0.4731,0.4735,172415.0
1765440000000,2025-12-11 10:00:00,0.4735,0.474,0.4694,0.4715,183750.2
1765443600000,2025-12-11 11:00:00,0.4715,0.4739,0.4707,0.4726,173530.0
1765447200000,2025-12-11 12:00:00,0.4726,0.4728,0.4706,0.4721,134466.7
1765450800000,2025-12-11 13:00:00,0.4721,0.4786,0.4716,0.4755,243595.7
1765454400000,2025-12-11 14:00:00,0.4755,0.4764,0.4724,0.4752,169620.7
1765458000000,2025-12-11 15:00:00,0.4752,0.477,0.4719,0.475,159693.2
1765461600000,2025-12-11 16:00:00,0.475,0.4772,0.4688,0.4729,387276.6
1765465200000,2025-12-11 17:00:00,0.4729,0.4793,0.4711,0.4732,1523929.3
1765468800000,2025-12-11 18:00:00,0.4732,0.4741,0.4666,0.4687,598977.0
1765472400000,2025-12-11 19:00:00,0.4687,0.4716,0.4669,0.4674,251804.4
1765476000000,2025-12-11 20:00:00,0.4674,0.475,0.4669,0.4696,356001.0
1765479600000,2025-12-11 21:00:00,0.4696,0.4719,0.4656,0.4673,772349.3
1765483200000,2025-12-11 22:00:00,0.4673,0.4764,0.4672,0.4754,377223.3
1765486800000,2025-12-11 23:00:00,0.4754,0.4867,0.4749,0.4824,430113.2
1765490400000,2025-12-12 00:00:00,0.4824,0.484,0.4742,0.4763,173929.9
1765494000000,2025-12-12 01:00:00,0.4763,0.4781,0.4745,0.4753,157448.8
1765497600000,2025-12-12 02:00:00,0.4753,0.478,0.4675,0.4686,202192.1
1765501200000,2025-12-12 03:00:00,0.4686,0.474,0.4679,0.4727,269190.9
1765504800000,2025-12-12 04:00:00,0.4727,0.4788,0.4725,0.4776,152684.0
1765508400000,2025-12-12 05:00:00,0.4776,0.4791,0.4747,0.4781,206430.9
1765512000000,2025-12-12 06:00:00,0.4781,0.4818,0.4772,0.4793,192284.7
1765515600000,2025-12-12 07:00:00,0.4793,0.482,0.4765,0.4809,185070.6
1765519200000,2025-12-12 08:00:00,0.4809,0.484,0.4757,0.4759,299208.9
1765522800000,2025-12-12 09:00:00,0.4759,0.4784,0.4755,0.4776,120871.7
1765526400000,2025-12-12 10:00:00,0.4776,0.4788,0.4736,0.477,163198.8
1765530000000,2025-12-12 11:00:00,0.477,0.4808,0.4744,0.4803,236683.0
1765533600000,2025-12-12 12:00:00,0.4803,0.4824,0.4789,0.4804,157208.4
1765537200000,2025-12-12 13:00:00,0.4804,0.4806,0.4765,0.4802,178210.9
1765540800000,2025-12-12 14:00:00,0.4802,0.4814,0.4786,0.4805,140680.6
1765544400000,2025-12-12 15:00:00,0.4805,0.4807,0.4761,0.477,166018.3
1765548000000,2025-12-12 16:00:00,0.477,0.4779,0.4729,0.4758,353588.3
1765551600000,2025-12-12 17:00:00,0.4758,0.4758,0.4534,0.4567,1549785.4
1765555200000,2025-12-12 18:00:00,0.4567,0.458,0.446,0.4548,1317392.0
1765558800000,2025-12-12 19:00:00,0.4548,0.46,0.4471,0.4482,531326.8
1765562400000,2025-12-12 20:00:00,0.4482,0.4569,0.4475,0.4533,454943.8
1765566000000,2025-12-12 21:00:00,0.4533,0.4533,0.4491,0.4528,258115.5
1765569600000,2025-12-12 22:00:00,0.4528,0.4554,0.452,0.4547,296693.6
1765573200000,2025-12-12 23:00:00,0.4547,0.4594,0.4536,0.4573,151831.7
1765576800000,2025-12-13 00:00:00,0.4573,0.4626,0.4565,0.4597,170425.3
1765580400000,2025-12-13 01:00:00,0.4597,0.4605,0.4582,0.459,145143.9
1765584000000,2025-12-13 02:00:00,0.459,0.4617,0.4586,0.4604,99002.4
1765587600000,2025-12-13 03:00:00,0.4604,0.4616,0.4598,0.4608,96323.6
1765591200000,2025-12-13 04:00:00,0.4608,0.4622,0.4593,0.4597,102439.8
1765594800000,2025-12-13 05:00:00,0.4597,0.4641,0.4588,0.4616,123060.4
1765598400000,2025-12-13 06:00:00,0.4616,0.4646,0.4616,0.4632,92733.9
1765602000000,2025-12-13 07:00:00,0.4632,0.4638,0.4575,0.4581,103997.7
1765605600000,2025-12-13 08:00:00,0.4581,0.4598,0.4575,0.4591,70918.2
1765609200000,2025-12-13 09:00:00,0.4591,0.4622,0.459,0.4608,72253.7
1765612800000,2025-12-13 10:00:00,0.4608,0.4654,0.4602,0.4614,154080.0
1765616400000,2025-12-13 11:00:00,0.4614,0.4622,0.4598,0.4606,119152.2
1765620000000,2025-12-13 12:00:00,0.4606,0.4632,0.4602,0.4612,72442.0
1765623600000,2025-12-13 13:00:00,0.4612,0.4612,0.458,0.458,108420.2
1765627200000,2025-12-13 14:00:00,0.458,0.4614,0.458,0.4606,129680.8
1765630800000,2025-12-13 15:00:00,0.4606,0.4628,0.4597,0.4605,122063.5
1765634400000,2025-12-13 16:00:00,0.4605,0.4617,0.4577,0.4607,250518.6
1765638000000,2025-12-13 17:00:00,0.4607,0.4678,0.4607,0.4658,291918.8
1765641600000,2025-12-13 18:00:00,0.4658,0.4687,0.4637,0.4638,333527.5
1765645200000,2025-12-13 19:00:00,0.4638,0.4642,0.4621,0.4636,82460.8
1765648800000,2025-12-13 20:00:00,0.4636,0.4646,0.4614,0.4629,180936.5
1765652400000,2025-12-13 21:00:00,0.4629,0.4646,0.4629,0.4638,98996.8
1765656000000,2025-12-13 22:00:00,0.4638,0.4647,0.4626,0.4627,84316.0
1765659600000,2025-12-13 23:00:00,0.4627,0.463,0.4597,0.4627,144541.9
1765663200000,2025-12-14 00:00:00,0.4627,0.4647,0.4606,0.4639,96005.9
1765666800000,2025-12-14 01:00:00,0.4639,0.4658,0.4636,0.4655,49872.0
1765670400000,2025-12-14 02:00:00,0.4655,0.4655,0.4618,0.4624,147803.7
1765674000000,2025-12-14 03:00:00,0.4624,0.4643,0.4619,0.4626,54144.2
1765677600000,2025-12-14 04:00:00,0.4626,0.4649,0.4617,0.4625,132314.9
1765681200000,2025-12-14 05:00:00,0.4625,0.4643,0.4611,0.4617,115038.7
1765684800000,2025-12-14 06:00:00,0.4617,0.4617,0.4585,0.4594,94479.5
1765688400000,2025-12-14 07:00:00,0.4594,0.4595,0.4564,0.4576,106082.7
1765692000000,2025-12-14 08:00:00,0.4576,0.4586,0.4557,0.4575,136004.6
1765695600000,2025-12-14 09:00:00,0.4575,0.4584,0.4546,0.4563,163992.6
1765699200000,2025-12-14 10:00:00,0.4563,0.46,0.4544,0.4549,304491.7
1765702800000,2025-12-14 11:00:00,0.4549,0.4556,0.4532,0.4541,223268.7
1765706400000,2025-12-14 12:00:00,0.4541,0.4554,0.451,0.4543,335984.7
1765710000000,2025-12-14 13:00:00,0.4543,0.455,0.4487,0.4535,465355.6
1765713600000,2025-12-14 14:00:00,0.4535,0.4559,0.4515,0.4549,150338.9
1765717200000,2025-12-14 15:00:00,0.4549,0.4549,0.4523,0.4534,207192.5
1765720800000,2025-12-14 16:00:00,0.4534,0.4542,0.4464,0.4486,198648.9
1765724400000,2025-12-14 17:00:00,0.4486,0.4494,0.4466,0.4479,195893.3
1765728000000,2025-12-14 18:00:00,0.4479,0.4518,0.4463,0.448,286262.0
1765731600000,2025-12-14 19:00:00,0.448,0.449,0.4406,0.4415,497594.0
1765735200000,2025-12-14 20:00:00,0.4415,0.4439,0.438,0.4438,300752.1
1765738800000,2025-12-14 21:00:00,0.4438,0.4438,0.4409,0.4434,157189.8
1765742400000,2025-12-14 22:00:00,0.4434,0.4462,0.4404,0.4423,276063.3
1765746000000,2025-12-14 23:00:00,0.4423,0.4428,0.438,0.4391,255667.2
1765749600000,2025-12-15 00:00:00,0.4391,0.4418,0.4381,0.4401,175707.4
1765753200000,2025-12-15 01:00:00,0.4401,0.4425,0.4322,0.4383,474767.7
1765756800000,2025-12-15 02:00:00,0.4383,0.4429,0.4377,0.4425,415572.1
1765760400000,2025-12-15 03:00:00,0.4425,0.4495,0.4417,0.4469,330218.3
1765764000000,2025-12-15 04:00:00,0.4469,0.452,0.4457,0.4459,208791.8
1765767600000,2025-12-15 05:00:00,0.4459,0.4461,0.444,0.4448,115865.1
1765771200000,2025-12-15 06:00:00,0.4448,0.4481,0.4446,0.448,96178.1
1765774800000,2025-12-15 07:00:00,0.448,0.4514,0.447,0.4511,160442.7
1765778400000,2025-12-15 08:00:00,0.4511,0.4531,0.4503,0.4508,148226.8
1765782000000,2025-12-15 09:00:00,0.4508,0.451,0.4462,0.4478,173193.6
1765785600000,2025-12-15 10:00:00,0.4478,0.4489,0.4465,0.4465,182590.7
1765789200000,2025-12-15 11:00:00,0.4465,0.4496,0.4465,0.4487,137537.1
1765792800000,2025-12-15 12:00:00,0.4487,0.4499,0.4442,0.4454,216741.9
1765796400000,2025-12-15 13:00:00,0.4454,0.4454,0.4431,0.4445,108899.0
1765800000000,2025-12-15 14:00:00,0.4445,0.4475,0.4425,0.4469,270282.9
1765803600000,2025-12-15 15:00:00,0.4469,0.4469,0.4381,0.4405,373103.5
1765807200000,2025-12-15 16:00:00,0.4405,0.4444,0.4275,0.4322,940363.5
1765810800000,2025-12-15 17:00:00,0.4322,0.4336,0.4174,0.4225,1653005.2
1765814400000,2025-12-15 18:00:00,0.4225,0.4225,0.4155,0.417,700640.0
1765818000000,2025-12-15 19:00:00,0.417,0.4184,0.4108,0.412,673242.9
1765821600000,2025-12-15 20:00:00,0.412,0.415,0.407,0.4145,555372.0
1765825200000,2025-12-15 21:00:00,0.4145,0.4205,0.4145,0.4175,314120.9
1765828800000,2025-12-15 22:00:00,0.4175,0.4179,0.4135,0.4157,290890.6
1765832400000,2025-12-15 23:00:00,0.4157,0.4221,0.4157,0.4207,198871.7
1765836000000,2025-12-16 00:00:00,0.4207,0.4229,0.4186,0.4212,98692.4
1765839600000,2025-12-16 01:00:00,0.4212,0.4243,0.4212,0.4237,142337.9
1765843200000,2025-12-16 02:00:00,0.4237,0.4243,0.418,0.4182,142013.9
1765846800000,2025-12-16 03:00:00,0.4182,0.4216,0.4171,0.4187,176395.6
1765850400000,2025-12-16 04:00:00,0.4187,0.4237,0.4181,0.4225,183796.8
1765854000000,2025-12-16 05:00:00,0.4225,0.4236,0.4201,0.4223,168928.2
1765857600000,2025-12-16 06:00:00,0.4223,0.4232,0.4153,0.4208,209935.0
1765861200000,2025-12-16 07:00:00,0.4208,0.4231,0.4198,0.4221,81155.6
1765864800000,2025-12-16 08:00:00,0.4221,0.424,0.422,0.4227,104721.9
1765868400000,2025-12-16 09:00:00,0.4227,0.4228,0.4157,0.418,204024.3
1765872000000,2025-12-16 10:00:00,0.418,0.422,0.4178,0.4201,169963.2
1765875600000,2025-12-16 11:00:00,0.4201,0.4221,0.4198,0.4212,120411.5
1765879200000,2025-12-16 12:00:00,0.4212,0.4284,0.4201,0.4252,400096.9
1765882800000,2025-12-16 13:00:00,0.4252,0.4297,0.4243,0.4296,240522.2
1765886400000,2025-12-16 14:00:00,0.4296,0.4303,0.4276,0.4291,157859.7
1765890000000,2025-12-16 15:00:00,0.4291,0.4342,0.4239,0.4248,607410.8
1765893600000,2025-12-16 16:00:00,0.4248,0.4327,0.4218,0.4302,529520.6
1765897200000,2025-12-16 17:00:00,0.4302,0.4488,0.428,0.4454,1272873.4
1765900800000,2025-12-16 18:00:00,0.4454,0.4468,0.4334,0.4342,1011487.9
1765904400000,2025-12-16 19:00:00,0.4342,0.4362,0.4289,0.4291,385753.3
1765908000000,2025-12-16 20:00:00,0.4291,0.4371,0.4275,0.4345,464499.9
1765911600000,2025-12-16 21:00:00,0.4345,0.4348,0.4295,0.4338,202766.3
1765915200000,2025-12-16 22:00:00,0.4338,0.4371,0.4328,0.4351,202897.7
1765918800000,2025-12-16 23:00:00,0.4351,0.4368,0.4337,0.4356,142853.2
1765922400000,2025-12-17 00:00:00,0.4356,0.4366,0.4331,0.4348,160426.2
1765926000000,2025-12-17 01:00:00,0.4348,0.4348,0.4315,0.4336,137106.4
1765929600000,2025-12-17 02:00:00,0.4336,0.4336,0.4304,0.4315,186919.8
1765933200000,2025-12-17 03:00:00,0.4315,0.4357,0.4309,0.4313,147387.6
1765936800000,2025-12-17 04:00:00,0.4313,0.4338,0.4291,0.4326,173503.0
1765940400000,2025-12-17 05:00:00,0.4326,0.4344,0.4284,0.4296,282366.0
1765944000000,2025-12-17 06:00:00,0.4296,0.4301,0.4262,0.427,206566.2
1765947600000,2025-12-17 07:00:00,0.427,0.4289,0.4252,0.4281,171396.5
1765951200000,2025-12-17 08:00:00,0.4281,0.4306,0.4276,0.4285,131605.1
1765954800000,2025-12-17 09:00:00,0.4285,0.4298,0.4262,0.4262,108268.0
1765958400000,2025-12-17 10:00:00,0.4262,0.4262,0.4193,0.4195,294148.9
1765962000000,2025-12-17 11:00:00,0.4195,0.4216,0.4182,0.4193,228680.9
1765965600000,2025-12-17 12:00:00,0.4193,0.4225,0.4179,0.4213,176184.3
1765969200000,2025-12-17 13:00:00,0.4213,0.4234,0.4207,0.4226,116593.2
1765972800000,2025-12-17 14:00:00,0.4226,0.4236,0.421,0.4226,191819.7
1765976400000,2025-12-17 15:00:00,0.4226,0.4275,0.4206,0.4262,242262.7
1765980000000,2025-12-17 16:00:00,0.4262,0.4313,0.4158,0.4312,1202115.6
1765983600000,2025-12-17 17:00:00,0.4312,0.4349,0.4153,0.4172,1397778.9
1765987200000,2025-12-17 18:00:00,0.4172,0.4203,0.4021,0.4089,1743984.5
1765990800000,2025-12-17 19:00:00,0.4089,0.4109,0.4032,0.4038,558847.8
1765994400000,2025-12-17 20:00:00,0.4038,0.4076,0.3994,0.4007,743010.2
1765998000000,2025-12-17 21:00:00,0.4007,0.4038,0.3978,0.4032,477934.2
1766001600000,2025-12-17 22:00:00,0.4032,0.406,0.4012,0.4023,321334.9
1766005200000,2025-12-17 23:00:00,0.4023,0.4041,0.3988,0.3994,303065.8
1766008800000,2025-12-18 00:00:00,0.3994,0.4043,0.3981,0.404,200336.2
1766012400000,2025-12-18 01:00:00,0.404,0.404,0.4003,0.4013,194124.6
1766016000000,2025-12-18 02:00:00,0.4013,0.4027,0.4002,0.4025,152447.4
1766019600000,2025-12-18 03:00:00,0.4025,0.4025,0.3972,0.3979,259343.8
1766023200000,2025-12-18 04:00:00,0.3979,0.4022,0.3962,0.4017,282644.8
1766026800000,2025-12-18 05:00:00,0.4017,0.4017,0.3964,0.3975,303298.7
1766030400000,2025-12-18 06:00:00,0.3975,0.4005,0.3975,0.3995,249276.8
1766034000000,2025-12-18 07:00:00,0.3995,0.4005,0.3942,0.395,314813.7
1766037600000,2025-12-18 08:00:00,0.395,0.4011,0.3942,0.3998,331203.9
1766041200000,2025-12-18 09:00:00,0.3998,0.4019,0.3993,0.4012,196119.2
1766044800000,2025-12-18 10:00:00,0.4012,0.4035,0.3989,0.4011,431976.6
1766048400000,2025-12-18 11:00:00,0.4011,0.4035,0.4,0.4016,244783.8
1766052000000,2025-12-18 12:00:00,0.4016,0.4066,0.4016,0.4065,169970.6
1766055600000,2025-12-18 13:00:00,0.4065,0.4068,0.4031,0.4053,250392.9
1766059200000,2025-12-18 14:00:00,0.4053,0.4083,0.4041,0.4074,285577.7
1766062800000,2025-12-18 15:00:00,0.4074,0.4186,0.4074,0.4185,1108168.6
1766066400000,2025-12-18 16:00:00,0.4185,0.4227,0.4115,0.4151,906350.4
1766070000000,2025-12-18 17:00:00,0.4151,0.4198,0.411,0.4157,501636.3
1766073600000,2025-12-18 18:00:00,0.4157,0.4164,0.4106,0.4115,268229.6
1766077200000,2025-12-18 19:00:00,0.4115,0.4115,0.3878,0.396,1808619.6
1766080800000,2025-12-18 20:00:00,0.396,0.3999,0.3905,0.3914,416298.1
1766084400000,2025-12-18 21:00:00,0.3914,0.3925,0.3828,0.3837,836856.3
1766088000000,2025-12-18 22:00:00,0.3837,0.3901,0.3837,0.3872,405858.7
1766091600000,2025-12-18 23:00:00,0.3872,0.3953,0.3872,0.3951,542450.7
1766095200000,2025-12-19 00:00:00,0.3951,0.3961,0.3925,0.3925,125073.2
1766098800000,2025-12-19 01:00:00,0.3925,0.3934,0.3879,0.3893,492244.1
1766102400000,2025-12-19 02:00:00,0.3893,0.3915,0.3891,0.3908,214952.9
1766106000000,2025-12-19 03:00:00,0.3908,0.3908,0.3861,0.3878,196692.3
1766109600000,2025-12-19 04:00:00,0.3878,0.3924,0.3862,0.3914,320155.3
1766113200000,2025-12-19 05:00:00,0.3914,0.4067,0.3914,0.4013,852826.5
1766116800000,2025-12-19 06:00:00,0.4013,0.4035,0.4008,0.4016,269703.3
1766120400000,2025-12-19 07:00:00,0.4016,0.402,0.3999,0.4,202271.2
1766124000000,2025-12-19 08:00:00,0.4,0.4025,0.3991,0.4019,192417.9
1766127600000,2025-12-19 09:00:00,0.4019,0.4082,0.4019,0.4026,366759.9
1766131200000,2025-12-19 10:00:00,0.4026,0.4063,0.402,0.4045,301081.6
1766134800000,2025-12-19 11:00:00,0.4045,0.4049,0.4026,0.4028,83563.0
1766138400000,2025-12-19 12:00:00,0.4028,0.4038,0.4021,0.4033,173939.0
1766142000000,2025-12-19 13:00:00,0.4033,0.4052,0.4026,0.4045,123123.1
1766145600000,2025-12-19 14:00:00,0.4045,0.4072,0.4034,0.4065,218100.5
1766149200000,2025-12-19 15:00:00,0.4065,0.4082,0.4041,0.4046,124186.0
1766152800000,2025-12-19 16:00:00,0.4046,0.4126,0.4038,0.4081,597744.9
1766156400000,2025-12-19 17:00:00,0.4081,0.4164,0.4064,0.4082,844453.1
1766160000000,2025-12-19 18:00:00,0.4082,0.4148,0.4076,0.4095,356440.8
1766163600000,2025-12-19 19:00:00,0.4095,0.4128,0.4042,0.4046,349801.1
1766167200000,2025-12-19 20:00:00,0.4046,0.4094,0.4044,0.4082,325887.2
1766170800000,2025-12-19 21:00:00,0.4082,0.4163,0.4082,0.4143,379482.9
1766174400000,2025-12-19 22:00:00,0.4143,0.4187,0.4135,0.4178,217780.5
1766178000000,2025-12-19 23:00:00,0.4178,0.4181,0.4123,0.4129,114336.1
1766181600000,2025-12-20 00:00:00,0.4129,0.419,0.4129,0.4178,140468.3
1766185200000,2025-12-20 01:00:00,0.4178,0.4223,0.4175,0.4195,113066.9
1766188800000,2025-12-20 02:00:00,0.4195,0.4202,0.4172,0.4178,105507.9
1766192400000,2025-12-20 03:00:00,0.4178,0.4185,0.4173,0.4176,57851.0
1766196000000,2025-12-20 04:00:00,0.4176,0.4182,0.4161,0.4164,67873.1
1766199600000,2025-12-20 05:00:00,0.4164,0.4207,0.4163,0.4198,86602.9
1766203200000,2025-12-20 06:00:00,0.4198,0.4199,0.4168,0.4188,140545.1
1766206800000,2025-12-20 07:00:00,0.4188,0.4233,0.4188,0.4217,196700.7
1766210400000,2025-12-20 08:00:00,0.4217,0.4233,0.4216,0.4227,81149.8
1766214000000,2025-12-20 09:00:00,0.4227,0.4279,0.422,0.4267,190264.7
1766217600000,2025-12-20 10:00:00,0.4267,0.4306,0.4257,0.4264,268302.0
1766221200000,2025-12-20 11:00:00,0.4264,0.4264,0.4224,0.4224,220584.8
1766224800000,2025-12-20 12:00:00,0.4224,0.4237,0.4208,0.4219,296555.9
1766228400000,2025-12-20 13:00:00,0.4219,0.4268,0.4209,0.4266,100575.6
1766232000000,2025-12-20 14:00:00,0.4266,0.4266,0.4228,0.424,98213.0
1766235600000,2025-12-20 15:00:00,0.424,0.4245,0.4203,0.4228,164401.9
1766239200000,2025-12-20 16:00:00,0.4228,0.4258,0.4199,0.425,243186.6
1766242800000,2025-12-20 17:00:00,0.425,0.425,0.422,0.424,201842.1
1766246400000,2025-12-20 18:00:00,0.424,0.4251,0.4233,0.4243,57749.8
1766250000000,2025-12-20 19:00:00,0.4243,0.4254,0.4225,0.4229,110428.0
1766253600000,2025-12-20 20:00:00,0.4229,0.4236,0.4225,0.4233,57589.5
1766257200000,2025-12-20 21:00:00,0.4233,0.4236,0.4223,0.4225,65679.2
1766260800000,2025-12-20 22:00:00,0.4225,0.4233,0.4218,0.4228,37976.4
1766264400000,2025-12-20 23:00:00,0.4228,0.4243,0.4226,0.4226,40133.1
1766268000000,2025-12-21 00:00:00,0.4226,0.4241,0.4215,0.4231,61898.6
1766271600000,2025-12-21 01:00:00,0.4231,0.4239,0.4212,0.4215,46881.5
1766275200000,2025-12-21 02:00:00,0.4215,0.4222,0.4181,0.4192,149939.6
1766278800000,2025-12-21 03:00:00,0.4192,0.4192,0.415,0.4159,161288.4
1766282400000,2025-12-21 04:00:00,0.4159,0.4168,0.4139,0.4149,216958.9
1766286000000,2025-12-21 05:00:00,0.4149,0.4178,0.4149,0.4175,117130.3
1766289600000,2025-12-21 06:00:00,0.4175,0.4178,0.4158,0.4159,49907.2
1766293200000,2025-12-21 07:00:00,0.4159,0.4182,0.4157,0.4158,81628.8
1766296800000,2025-12-21 08:00:00,0.4158,0.4181,0.4155,0.4179,47023.7
1766300400000,2025-12-21 09:00:00,0.4179,0.4187,0.4175,0.4187,44296.2
1766304000000,2025-12-21 10:00:00,0.4187,0.4222,0.4173,0.4202,143221.7
1766307600000,2025-12-21 11:00:00,0.4202,0.422,0.4184,0.4198,215033.3
1766311200000,2025-12-21 12:00:00,0.4198,0.4206,0.4158,0.4166,138953.7
1766314800000,2025-12-21 13:00:00,0.4166,0.4168,0.4156,0.4157,39593.1
1766318400000,2025-12-21 14:00:00,0.4157,0.4164,0.4115,0.4123,242062.6
1766322000000,2025-12-21 15:00:00,0.4123,0.4123,0.4013,0.4022,563158.9
1766325600000,2025-12-21 16:00:00,0.4022,0.406,0.4013,0.4045,166529.5
1766329200000,2025-12-21 17:00:00,0.4045,0.407,0.4029,0.406,176426.8
1766332800000,2025-12-21 18:00:00,0.406,0.4082,0.4044,0.4081,185180.4
1766336400000,2025-12-21 19:00:00,0.4081,0.4109,0.4071,0.4072,206838.1
1766340000000,2025-12-21 20:00:00,0.4072,0.4074,0.4042,0.4067,109990.5
1766343600000,2025-12-21 21:00:00,0.4067,0.4097,0.4055,0.409,115359.8
1766347200000,2025-12-21 22:00:00,0.409,0.4092,0.4052,0.4057,74703.1
1766350800000,2025-12-21 23:00:00,0.4057,0.4071,0.4037,0.4041,97354.6
1766354400000,2025-12-22 00:00:00,0.4041,0.4089,0.403,0.4087,63519.3
1766358000000,2025-12-22 01:00:00,0.4087,0.4121,0.4084,0.4099,141541.9
1766361600000,2025-12-22 02:00:00,0.4099,0.419,0.4098,0.4107,579310.9
1766365200000,2025-12-22 03:00:00,0.4107,0.4148,0.4092,0.4096,231598.0
1766368800000,2025-12-22 04:00:00,0.4096,0.4096,0.4037,0.4074,330715.7
1766372400000,2025-12-22 05:00:00,0.4074,0.4122,0.4074,0.4103,242385.1
1766376000000,2025-12-22 06:00:00,0.4103,0.4131,0.4103,0.4126,280909.3
1766379600000,2025-12-22 07:00:00,0.4126,0.4139,0.411,0.4118,153710.2
1766383200000,2025-12-22 08:00:00,0.4118,0.4164,0.4114,0.4151,174190.5
1766386800000,2025-12-22 09:00:00,0.4151,0.4189,0.4145,0.418,110194.8
1766390400000,2025-12-22 10:00:00,0.418,0.4199,0.4147,0.415,333368.6
1766394000000,2025-12-22 11:00:00,0.415,0.4173,0.4145,0.4167,121644.8
1766397600000,2025-12-22 12:00:00,0.4167,0.4194,0.4157,0.4188,121698.6
1766401200000,2025-12-22 13:00:00,0.4188,0.4217,0.4179,0.4208,154908.9
1766404800000,2025-12-22 14:00:00,0.4208,0.4248,0.42,0.4235,204417.7
1766408400000,2025-12-22 15:00:00,0.4235,0.4248,0.4214,0.4247,146315.2
1766412000000,2025-12-22 16:00:00,0.4247,0.4302,0.4235,0.4294,522541.7
1766415600000,2025-12-22 17:00:00,0.4294,0.4312,0.4223,0.4267,647864.4
1766419200000,2025-12-22 18:00:00,0.4267,0.4363,0.4267,0.4288,526130.2
1766422800000,2025-12-22 19:00:00,0.4288,0.4288,0.4248,0.4261,316699.3
1766426400000,2025-12-22 20:00:00,0.4261,0.4293,0.4246,0.4258,218659.8
1766430000000,2025-12-22 21:00:00,0.4258,0.4262,0.4181,0.4187,397796.9
1766433600000,2025-12-22 22:00:00,0.4187,0.4212,0.4143,0.4162,412388.6
1766437200000,2025-12-22 23:00:00,0.4162,0.4229,0.4161,0.4196,209052.4
1766440800000,2025-12-23 00:00:00,0.4196,0.4235,0.4179,0.423,148119.6
1766444400000,2025-12-23 01:00:00,0.423,0.4237,0.4206,0.4228,107814.6
1766448000000,2025-12-23 02:00:00,0.4228,0.4279,0.4227,0.4275,239288.2
1766451600000,2025-12-23 03:00:00,0.4275,0.4306,0.4259,0.4268,202013.7
1766455200000,2025-12-23 04:00:00,0.4268,0.429,0.4225,0.4225,279915.7
1766458800000,2025-12-23 05:00:00,0.4225,0.4234,0.4195,0.4211,160584.9
1766462400000,2025-12-23 06:00:00,0.4211,0.4227,0.4201,0.4212,109533.6
1766466000000,2025-12-23 07:00:00,0.4212,0.4222,0.4179,0.4206,180088.1
1766469600000,2025-12-23 08:00:00,0.4206,0.4218,0.4176,0.4181,266978.9
1766473200000,2025-12-23 09:00:00,0.4181,0.419,0.416,0.4175,170588.2
1766476800000,2025-12-23 10:00:00,0.4175,0.4199,0.4159,0.4161,108123.1
1766480400000,2025-12-23 11:00:00,0.4161,0.4178,0.4145,0.4175,113251.9
1766484000000,2025-12-23 12:00:00,0.4175,0.4211,0.4175,0.4184,192893.0
1766487600000,2025-12-23 13:00:00,0.4184,0.4199,0.417,0.4171,290853.1
1766491200000,2025-12-23 14:00:00,0.4171,0.4174,0.4138,0.416,242818.4
1766494800000,2025-12-23 15:00:00,0.416,0.4186,0.4126,0.4167,391577.3
1766498400000,2025-12-23 16:00:00,0.4167,0.4194,0.4089,0.4132,650115.6
1766502000000,2025-12-23 17:00:00,0.4132,0.4178,0.4119,0.4166,375446.5
1766505600000,2025-12-23 18:00:00,0.4166,0.4251,0.4156,0.4243,315239.5
1766509200000,2025-12-23 19:00:00,0.4243,0.4267,0.4168,0.4168,281522.2
1766512800000,2025-12-23 20:00:00,0.4168,0.4352,0.4168,0.4292,956551.0
1766516400000,2025-12-23 21:00:00,0.4292,0.4297,0.4231,0.4237,390050.6
1766520000000,2025-12-23 22:00:00,0.4237,0.4289,0.4235,0.4243,291911.7
1766523600000,2025-12-23 23:00:00,0.4243,0.4263,0.4225,0.4263,150418.3
1766527200000,2025-12-24 00:00:00,0.4263,0.437,0.4261,0.4364,384042.5
1766530800000,2025-12-24 01:00:00,0.4364,0.4435,0.4282,0.4298,930046.1
1766534400000,2025-12-24 02:00:00,0.4298,0.4337,0.4284,0.4294,322235.5
1766538000000,2025-12-24 03:00:00,0.4294,0.4312,0.424,0.4257,199014.1
1766541600000,2025-12-24 04:00:00,0.4257,0.4281,0.4208,0.4218,436720.2
1766545200000,2025-12-24 05:00:00,0.4218,0.4256,0.4186,0.4253,202765.3
1766548800000,2025-12-24 06:00:00,0.4253,0.4313,0.4227,0.4228,243268.7
1766552400000,2025-12-24 07:00:00,0.4228,0.4242,0.4194,0.4201,291099.7
1766556000000,2025-12-24 08:00:00,0.4201,0.4253,0.4192,0.424,147048.9
1766559600000,2025-12-24 09:00:00,0.424,0.4252,0.4214,0.4214,132123.2
1766563200000,2025-12-24 10:00:00,0.4214,0.4217,0.4177,0.418,274146.7
1766566800000,2025-12-24 11:00:00,0.418,0.42,0.4171,0.4189,281677.6
1766570400000,2025-12-24 12:00:00,0.4189,0.4208,0.418,0.4181,216801.5
1766574000000,2025-12-24 13:00:00,0.4181,0.4203,0.418,0.4192,188080.1
1766577600000,2025-12-24 14:00:00,0.4192,0.4201,0.4173,0.4189,197176.7
1766581200000,2025-12-24 15:00:00,0.4189,0.4207,0.4167,0.4202,149269.5
1766584800000,2025-12-24 16:00:00,0.4202,0.4243,0.4149,0.423,407273.6
1766588400000,2025-12-24 17:00:00,0.423,0.4285,0.4221,0.4258,307660.3
1766592000000,2025-12-24 18:00:00,0.4258,0.4275,0.4213,0.4255,250875.7
1766595600000,2025-12-24 19:00:00,0.4255,0.4267,0.424,0.4244,118121.7
1766599200000,2025-12-24 20:00:00,0.4244,0.434,0.4242,0.4335,205332.4
1766602800000,2025-12-24 21:00:00,0.4335,0.4344,0.4295,0.4326,195208.6
1766606400000,2025-12-24 22:00:00,0.4326,0.4336,0.4303,0.4309,93299.1
1766610000000,2025-12-24 23:00:00,0.4309,0.4324,0.4293,0.4302,93702.2
1766613600000,2025-12-25 00:00:00,0.4302,0.4347,0.4297,0.4347,160079.5
1766617200000,2025-12-25 01:00:00,0.4347,0.4411,0.4334,0.4411,325538.3
1766620800000,2025-12-25 02:00:00,0.4411,0.4423,0.4352,0.4357,285135.6
1766624400000,2025-12-25 03:00:00,0.4357,0.438,0.4344,0.4353,88817.6
1766628000000,2025-12-25 04:00:00,0.4353,0.4375,0.4339,0.4374,72904.1
1766631600000,2025-12-25 05:00:00,0.4374,0.4439,0.4366,0.4439,269279.4
1766635200000,2025-12-25 06:00:00,0.4439,0.4469,0.4399,0.4436,262969.8
1766638800000,2025-12-25 07:00:00,0.4436,0.4438,0.4358,0.4387,190282.4
1766642400000,2025-12-25 08:00:00,0.4387,0.4458,0.4359,0.4407,401437.3
1766646000000,2025-12-25 09:00:00,0.4407,0.4417,0.4362,0.4387,275728.3
1766649600000,2025-12-25 10:00:00,0.4387,0.4413,0.4361,0.4367,176640.1
1766653200000,2025-12-25 11:00:00,0.4367,0.4392,0.4367,0.4389,87584.3
1766656800000,2025-12-25 12:00:00,0.4389,0.4389,0.4314,0.4341,233523.7
1766660400000,2025-12-25 13:00:00,0.4341,0.4355,0.4332,0.4338,84081.0
1766664000000,2025-12-25 14:00:00,0.4338,0.4376,0.4335,0.4376,117698.4
1766667600000,2025-12-25 15:00:00,0.4376,0.4376,0.4335,0.4348,213479.2
1766671200000,2025-12-25 16:00:00,0.4348,0.4354,0.4312,0.4327,168631.4
1766674800000,2025-12-25 17:00:00,0.4327,0.4357,0.4306,0.4336,342294.0
1766678400000,2025-12-25 18:00:00,0.4336,0.4367,0.4331,0.4332,135130.9
1766682000000,2025-12-25 19:00:00,0.4332,0.4357,0.4327,0.4351,79870.6
1766685600000,2025-12-25 20:00:00,0.4351,0.4367,0.4327,0.434,158903.5
1766689200000,2025-12-25 21:00:00,0.434,0.4354,0.4333,0.4349,83656.8
1766692800000,2025-12-25 22:00:00,0.4349,0.4366,0.4344,0.4355,99741.4
1766696400000,2025-12-25 23:00:00,0.4355,0.4384,0.4355,0.4374,137589.0
1766700000000,2025-12-26 00:00:00,0.4374,0.4381,0.4274,0.4287,210258.3
1766703600000,2025-12-26 01:00:00,0.4287,0.4303,0.4198,0.4209,455336.1
1766707200000,2025-12-26 02:00:00,0.4209,0.4238,0.4175,0.423,468614.0
1766710800000,2025-12-26 03:00:00,0.423,0.4269,0.4222,0.4253,217855.3
1766714400000,2025-12-26 04:00:00,0.4253,0.4402,0.4253,0.4389,681951.5
1766718000000,2025-12-26 05:00:00,0.4389,0.4399,0.4354,0.4369,176590.7
1766721600000,2025-12-26 06:00:00,0.4369,0.4371,0.4326,0.4356,183832.8
1766725200000,2025-12-26 07:00:00,0.4356,0.4368,0.4345,0.4367,94222.6
1766728800000,2025-12-26 08:00:00,0.4367,0.4373,0.4344,0.4354,86163.0
1766732400000,2025-12-26 09:00:00,0.4354,0.4373,0.4314,0.4321,190309.2
1766736000000,2025-12-26 10:00:00,0.4321,0.4343,0.4314,0.4321,133072.7
1766739600000,2025-12-26 11:00:00,0.4321,0.4349,0.4321,0.4344,129864.7
1766743200000,2025-12-26 12:00:00,0.4344,0.4344,0.4328,0.4332,24654.6
1766746800000,2025-12-26 13:00:00,0.4332,0.4341,0.4316,0.4335,80560.1
1766750400000,2025-12-26 14:00:00,0.4335,0.4352,0.432,0.4345,128702.3
1766754000000,2025-12-26 15:00:00,0.4345,0.4365,0.4336,0.436,218758.4
1766757600000,2025-12-26 16:00:00,0.436,0.436,0.4257,0.428,472774.8
1766761200000,2025-12-26 17:00:00,0.428,0.4288,0.4241,0.4263,495370.9
1766764800000,2025-12-26 18:00:00,0.4263,0.4281,0.4231,0.4233,164779.3
1766768400000,2025-12-26 19:00:00,0.4233,0.4269,0.4229,0.4257,160022.9
1766772000000,2025-12-26 20:00:00,0.4257,0.4307,0.4253,0.4305,105470.1
1766775600000,2025-12-26 21:00:00,0.4305,0.4324,0.4282,0.4314,204688.8
1766779200000,2025-12-26 22:00:00,0.4314,0.4354,0.4304,0.4336,78043.7
1766782800000,2025-12-26 23:00:00,0.4336,0.4339,0.4299,0.4299,88487.6
1766786400000,2025-12-27 00:00:00,0.4299,0.4313,0.4278,0.4313,102395.5
1766790000000,2025-12-27 01:00:00,0.4313,0.4335,0.4302,0.4328,112859.0
1766793600000,2025-12-27 02:00:00,0.4328,0.4344,0.4324,0.4338,85277.4
1766797200000,2025-12-27 03:00:00,0.4338,0.4356,0.4333,0.4356,40792.5
1766800800000,2025-12-27 04:00:00,0.4356,0.4423,0.4347,0.4407,331172.8
1766804400000,2025-12-27 05:00:00,0.4407,0.4449,0.4392,0.443,198887.7
1766808000000,2025-12-27 06:00:00,0.443,0.4441,0.4404,0.4406,141841.4
1766811600000,2025-12-27 07:00:00,0.4406,0.4416,0.4393,0.4408,64691.8
1766815200000,2025-12-27 08:00:00,0.4408,0.4419,0.4395,0.4405,71532.3
1766818800000,2025-12-27 09:00:00,0.4405,0.4416,0.4398,0.4413,86860.5
1766822400000,2025-12-27 10:00:00,0.4413,0.442,0.4366,0.4385,216438.5
1766826000000,2025-12-27 11:00:00,0.4385,0.4409,0.4384,0.4406,137732.3
1766829600000,2025-12-27 12:00:00,0.4406,0.444,0.4369,0.444,159171.6
1766833200000,2025-12-27 13:00:00,0.444,0.4489,0.4393,0.4485,371866.0
1766836800000,2025-12-27 14:00:00,0.4485,0.449,0.4441,0.4468,247516.1
1766840400000,2025-12-27 15:00:00,0.4468,0.4476,0.4422,0.4429,290740.1
1766844000000,2025-12-27 16:00:00,0.4429,0.4475,0.4429,0.4461,164157.4
1766847600000,2025-12-27 17:00:00,0.4461,0.4483,0.4447,0.4466,253472.6
1766851200000,2025-12-27 18:00:00,0.4466,0.4466,0.4427,0.4434,126422.9
1766854800000,2025-12-27 19:00:00,0.4434,0.4454,0.4434,0.4446,83032.2
1766858400000,2025-12-27 20:00:00,0.4446,0.4446,0.4413,0.4424,65769.1
1766862000000,2025-12-27 21:00:00,0.4424,0.4429,0.442,0.4427,20097.6
1766865600000,2025-12-27 22:00:00,0.4427,0.4437,0.4411,0.4414,34208.9
1766869200000,2025-12-27 23:00:00,0.4414,0.4462,0.441,0.4453,72952.9
1766872800000,2025-12-28 00:00:00,0.4453,0.4499,0.4433,0.4444,178161.3
1766876400000,2025-12-28 01:00:00,0.4444,0.4524,0.4444,0.4499,371777.2
1766880000000,2025-12-28 02:00:00,0.4499,0.4501,0.4451,0.4455,180134.5
1766883600000,2025-12-28 03:00:00,0.4455,0.4471,0.4451,0.4453,91119.5
1766887200000,2025-12-28 04:00:00,0.4453,0.4482,0.4453,0.4474,36505.0
1766890800000,2025-12-28 05:00:00,0.4474,0.4494,0.447,0.4491,26676.8
1766894400000,2025-12-28 06:00:00,0.4491,0.4508,0.4479,0.4489,65323.0
1766898000000,2025-12-28 07:00:00,0.4489,0.4495,0.4475,0.4486,37854.1
1766901600000,2025-12-28 08:00:00,0.4486,0.4499,0.4476,0.4489,42378.5
1766905200000,2025-12-28 09:00:00,0.4489,0.4492,0.448,0.4492,40040.8
1766908800000,2025-12-28 10:00:00,0.4492,0.4494,0.4468,0.4469,91776.9
1766912400000,2025-12-28 11:00:00,0.4469,0.448,0.4459,0.4471,61300.8
1766916000000,2025-12-28 12:00:00,0.4471,0.4499,0.4468,0.4472,62858.6
1766919600000,2025-12-28 13:00:00,0.4472,0.4475,0.4439,0.4452,75159.2
1766923200000,2025-12-28 14:00:00,0.4452,0.446,0.4403,0.4412,345622.5
1766926800000,2025-12-28 15:00:00,0.4412,0.4442,0.4397,0.4431,316809.0
1766930400000,2025-12-28 16:00:00,0.4431,0.447,0.4429,0.4442,147846.6
1766934000000,2025-12-28 17:00:00,0.4442,0.4461,0.442,0.4432,97580.8
1766937600000,2025-12-28 18:00:00,0.4432,0.4454,0.4425,0.4428,72243.0
1766941200000,2025-12-28 19:00:00,0.4428,0.4448,0.4412,0.4416,59726.5
1766944800000,2025-12-28 20:00:00,0.4416,0.442,0.4368,0.437,200258.2
1766948400000,2025-12-28 21:00:00,0.437,0.4372,0.4335,0.4339,133383.4
1766952000000,2025-12-28 22:00:00,0.4339,0.4344,0.4316,0.4324,156593.5
1766955600000,2025-12-28 23:00:00,0.4324,0.4325,0.4303,0.4312,85476.9
1766959200000,2025-12-29 00:00:00,0.4312,0.4348,0.4293,0.4336,48231.0
1766962800000,2025-12-29 01:00:00,0.4336,0.4342,0.4295,0.4321,86028.1
1766966400000,2025-12-29 02:00:00,0.4321,0.4407,0.4309,0.4376,241377.9
1766970000000,2025-12-29 03:00:00,0.4376,0.4392,0.4321,0.4361,312661.1
1766973600000,2025-12-29 04:00:00,0.4361,0.4399,0.432,0.4333,420631.5
1766977200000,2025-12-29 05:00:00,0.4333,0.4399,0.4333,0.4391,398769.4
1766980800000,2025-12-29 06:00:00,0.4391,0.4428,0.437,0.4403,338280.5
1766984400000,2025-12-29 07:00:00,0.4403,0.4449,0.4392,0.443,178739.6
1766988000000,2025-12-29 08:00:00,0.443,0.4441,0.4386,0.4389,107481.4
1766991600000,2025-12-29 09:00:00,0.4389,0.4442,0.4356,0.4439,216529.0
1766995200000,2025-12-29 10:00:00,0.4439,0.4461,0.4415,0.4424,204322.2
1766998800000,2025-12-29 11:00:00,0.4424,0.4425,0.4332,0.4379,257110.4
1767002400000,2025-12-29 12:00:00,0.4379,0.442,0.4374,0.4414,174040.9
1767006000000,2025-12-29 13:00:00,0.4414,0.4425,0.4384,0.4388,106746.6
1767009600000,2025-12-29 14:00:00,0.4388,0.4395,0.4299,0.4337,358050.3
1767013200000,2025-12-29 15:00:00,0.4337,0.4338,0.4253,0.4266,319927.1
1767016800000,2025-12-29 16:00:00,0.4266,0.4304,0.4218,0.4241,531853.8
1767020400000,2025-12-29 17:00:00,0.4241,0.4296,0.4235,0.4253,353115.4
1767024000000,2025-12-29 18:00:00,0.4253,0.4253,0.4196,0.4215,368978.1
1767027600000,2025-12-29 19:00:00,0.4215,0.4254,0.4191,0.4235,213830.9
1767031200000,2025-12-29 20:00:00,0.4235,0.4238,0.4185,0.4194,204382.8
1767034800000,2025-12-29 21:00:00,0.4194,0.4243,0.4183,0.4229,314020.6
1767038400000,2025-12-29 22:00:00,0.4229,0.4242,0.4191,0.42,142356.6
1767042000000,2025-12-29 23:00:00,0.42,0.4223,0.4191,0.4203,80742.8
1767045600000,2025-12-30 00:00:00,0.4203,0.4211,0.4185,0.4185,106365.3
1767049200000,2025-12-30 01:00:00,0.4185,0.4202,0.4166,0.4177,130195.0
1767052800000,2025-12-30 02:00:00,0.4177,0.4223,0.4176,0.4209,235355.8
1767056400000,2025-12-30 03:00:00,0.4209,0.4228,0.4202,0.4217,129225.7
1767060000000,2025-12-30 04:00:00,0.4217,0.4217,0.417,0.4177,220473.0
1767063600000,2025-12-30 05:00:00,0.4177,0.4187,0.4141,0.4173,181546.2
1767067200000,2025-12-30 06:00:00,0.4173,0.4203,0.4153,0.4193,156122.5
1767070800000,2025-12-30 07:00:00,0.4193,0.42,0.4141,0.417,177788.4
1767074400000,2025-12-30 08:00:00,0.417,0.4193,0.4161,0.417,123010.4
1767078000000,2025-12-30 09:00:00,0.417,0.418,0.4153,0.4164,148919.4
1767081600000,2025-12-30 10:00:00,0.4164,0.4239,0.4161,0.419,235967.5
1767085200000,2025-12-30 11:00:00,0.419,0.4214,0.4179,0.42,233366.3
1767088800000,2025-12-30 12:00:00,0.42,0.4217,0.419,0.4211,77128.1
1767092400000,2025-12-30 13:00:00,0.4211,0.4218,0.4195,0.4212,86506.7
1767096000000,2025-12-30 14:00:00,0.4212,0.4215,0.4188,0.4191,83246.1
1767099600000,2025-12-30 15:00:00,0.4191,0.4203,0.4188,0.419,80352.3
1767103200000,2025-12-30 16:00:00,0.419,0.4223,0.4138,0.4213,424739.5
1767106800000,2025-12-30 17:00:00,0.4213,0.4253,0.4176,0.4249,188106.7
1767110400000,2025-12-30 18:00:00,0.4249,0.4282,0.4228,0.4278,200227.7
1767114000000,2025-12-30 19:00:00,0.4278,0.4284,0.4205,0.4221,250682.0
1767117600000,2025-12-30 20:00:00,0.4221,0.4221,0.4187,0.4197,81928.7
1767121200000,2025-12-30 21:00:00,0.4197,0.4226,0.4168,0.4215,162903.0
1767124800000,2025-12-30 22:00:00,0.4215,0.4216,0.4161,0.4162,66483.9
1767128400000,2025-12-30 23:00:00,0.4162,0.4172,0.4153,0.4171,90727.5
1767132000000,2025-12-31 00:00:00,0.4171,0.4182,0.4158,0.4182,57347.2
1767135600000,2025-12-31 01:00:00,0.4182,0.419,0.417,0.4188,73559.6
1767139200000,2025-12-31 02:00:00,0.4188,0.4188,0.4165,0.4169,179856.2
1767142800000,2025-12-31 03:00:00,0.4169,0.4188,0.4136,0.4179,184097.2
1767146400000,2025-12-31 04:00:00,0.4179,0.419,0.4148,0.4157,81379.2
1767150000000,2025-12-31 05:00:00,0.4157,0.4167,0.4127,0.4151,93832.0
1767153600000,2025-12-31 06:00:00,0.4151,0.416,0.4145,0.415,40892.5
1767157200000,2025-12-31 07:00:00,0.415,0.4161,0.4145,0.4149,45137.9
1767160800000,2025-12-31 08:00:00,0.4149,0.416,0.4138,0.4145,52512.7
1767164400000,2025-12-31 09:00:00,0.4145,0.4155,0.4138,0.4151,91174.3
1767168000000,2025-12-31 10:00:00,0.4151,0.4171,0.4139,0.4149,81165.1
1767171600000,2025-12-31 11:00:00,0.4149,0.4173,0.4145,0.4173,80111.4
1767175200000,2025-12-31 12:00:00,0.4173,0.4173,0.4135,0.4141,67067.6
1767178800000,2025-12-31 13:00:00,0.4141,0.416,0.4135,0.4157,99900.9
1767182400000,2025-12-31 14:00:00,0.4157,0.4157,0.4097,0.4107,108880.6
1767186000000,2025-12-31 15:00:00,0.4107,0.4134,0.4096,0.4131,140627.9
1767189600000,2025-12-31 16:00:00,0.4131,0.415,0.4086,0.411,166305.4
1767193200000,2025-12-31 17:00:00,0.411,0.411,0.4077,0.4083,180925.6
1767196800000,2025-12-31 18:00:00,0.4083,0.4108,0.4015,0.4023,1006332.6
1767200400000,2025-12-31 19:00:00,0.4023,0.4031,0.3976,0.4029,650888.1
1767204000000,2025-12-31 20:00:00,0.4029,0.4048,0.4006,0.4014,205384.8
1767207600000,2025-12-31 21:00:00,0.4014,0.4096,0.4014,0.4044,282409.5
1767211200000,2025-12-31 22:00:00,0.4044,0.4077,0.4016,0.4067,265866.9
1767214800000,2025-12-31 23:00:00,0.4067,0.4098,0.4064,0.4084,104142.7
1767218400000,2026-01-01 00:00:00,0.4084,0.4106,0.4075,0.4094,142118.1
1767222000000,2026-01-01 01:00:00,0.4094,0.4121,0.409,0.4098,107469.8
1767225600000,2026-01-01 02:00:00,0.4098,0.4115,0.4083,0.4094,147798.2
1767229200000,2026-01-01 03:00:00,0.4094,0.4114,0.4085,0.4086,60599.9
1767232800000,2026-01-01 04:00:00,0.4086,0.4101,0.4082,0.4101,124633.0
1767236400000,2026-01-01 05:00:00,0.4101,0.411,0.4092,0.4109,59266.8
1767240000000,2026-01-01 06:00:00,0.4109,0.4119,0.4093,0.4111,121837.0
1767243600000,2026-01-01 07:00:00,0.4111,0.4133,0.4111,0.4124,96583.3
1767247200000,2026-01-01 08:00:00,0.4124,0.4128,0.4109,0.4128,90291.8
1767250800000,2026-01-01 09:00:00,0.4128,0.4151,0.4128,0.4133,80090.5
1767254400000,2026-01-01 10:00:00,0.4133,0.4143,0.4122,0.4143,83731.7
1767258000000,2026-01-01 11:00:00,0.4143,0.4154,0.4133,0.4139,117044.2
1767261600000,2026-01-01 12:00:00,0.4139,0.4156,0.4134,0.4156,47613.4
1767265200000,2026-01-01 13:00:00,0.4156,0.4175,0.4146,0.4173,62386.0
1767268800000,2026-01-01 14:00:00,0.4173,0.4216,0.4148,0.4212,163437.4
1767272400000,2026-01-01 15:00:00,0.4212,0.4361,0.4209,0.4286,1531185.7
1767276000000,2026-01-01 16:00:00,0.4286,0.4375,0.425,0.4369,600861.7
1767279600000,2026-01-01 17:00:00,0.4369,0.4474,0.433,0.4431,1456440.0
1767283200000,2026-01-01 18:00:00,0.4431,0.4629,0.4429,0.4459,3026022.1
1767286800000,2026-01-01 19:00:00,0.4459,0.4488,0.4382,0.4382,954935.3
1767290400000,2026-01-01 20:00:00,0.4382,0.4414,0.4355,0.4379,389088.4
1767294000000,2026-01-01 21:00:00,0.4379,0.4443,0.4376,0.4434,164885.6
1767297600000,2026-01-01 22:00:00,0.4434,0.4443,0.4391,0.4402,122637.9
1767301200000,2026-01-01 23:00:00,0.4402,0.4432,0.44,0.4431,83306.5
1767304800000,2026-01-02 00:00:00,0.4431,0.4501,0.4416,0.4482,211335.8
1767308400000,2026-01-02 01:00:00,0.4482,0.4485,0.4464,0.448,143224.3
1767312000000,2026-01-02 02:00:00,0.448,0.4518,0.4454,0.4474,195571.9
1767315600000,2026-01-02 03:00:00,0.4474,0.4478,0.444,0.4466,144126.9
1767319200000,2026-01-02 04:00:00,0.4466,0.4466,0.4418,0.4434,181303.0
1767322800000,2026-01-02 05:00:00,0.4434,0.4478,0.4429,0.4474,161722.2
1767326400000,2026-01-02 06:00:00,0.4474,0.4483,0.4444,0.4462,103991.6
1767330000000,2026-01-02 07:00:00,0.4462,0.4478,0.4436,0.4461,129424.6
1767333600000,2026-01-02 08:00:00,0.4461,0.4484,0.4445,0.4454,152790.0
1767337200000,2026-01-02 09:00:00,0.4454,0.4463,0.4416,0.4424,135282.6
1767340800000,2026-01-02 10:00:00,0.4424,0.445,0.4412,0.4436,129481.7
1767344400000,2026-01-02 11:00:00,0.4436,0.4505,0.4423,0.4473,332536.2
1767348000000,2026-01-02 12:00:00,0.4473,0.448,0.4449,0.4465,235024.1
1767351600000,2026-01-02 13:00:00,0.4465,0.4466,0.4408,0.4424,296809.1
1767355200000,2026-01-02 14:00:00,0.4424,0.447,0.4414,0.4466,295140.1
1767358800000,2026-01-02 15:00:00,0.4466,0.447,0.4424,0.4434,261855.4
1767362400000,2026-01-02 16:00:00,0.4434,0.4525,0.4417,0.4491,647262.9
1767366000000,2026-01-02 17:00:00,0.4491,0.4513,0.4454,0.4488,230484.9
1767369600000,2026-01-02 18:00:00,0.4488,0.457,0.4476,0.4564,676843.2
1767373200000,2026-01-02 19:00:00,0.4564,0.4619,0.4556,0.4571,420918.5
1767376800000,2026-01-02 20:00:00,0.4571,0.4603,0.4557,0.4579,285335.5
1767380400000,2026-01-02 21:00:00,0.4579,0.4613,0.4569,0.4613,172744.2
1767384000000,2026-01-02 22:00:00,0.4613,0.4633,0.4557,0.4572,293782.9
1767387600000,2026-01-02 23:00:00,0.4572,0.462,0.4568,0.4617,192188.6
1767391200000,2026-01-03 00:00:00,0.4617,0.4668,0.4612,0.4642,272922.2
1767394800000,2026-01-03 01:00:00,0.4642,0.4643,0.4601,0.461,131021.0
1767398400000,2026-01-03 02:00:00,0.461,0.4623,0.4584,0.4584,154033.9
1767402000000,2026-01-03 03:00:00,0.4584,0.4602,0.4567,0.46,142269.4
1767405600000,2026-01-03 04:00:00,0.46,0.4633,0.4583,0.4631,178934.2
1767409200000,2026-01-03 05:00:00,0.4631,0.4673,0.4621,0.4665,277894.9
1767412800000,2026-01-03 06:00:00,0.4665,0.4666,0.4621,0.463,99007.4
1767416400000,2026-01-03 07:00:00,0.463,0.4651,0.4613,0.4643,112733.7
1767420000000,2026-01-03 08:00:00,0.4643,0.4679,0.4591,0.4597,217529.2
1767423600000,2026-01-03 09:00:00,0.4597,0.4608,0.4509,0.4523,467476.1
1767427200000,2026-01-03 10:00:00,0.4523,0.4548,0.4503,0.4525,302286.2
1767430800000,2026-01-03 11:00:00,0.4525,0.454,0.4506,0.4521,221965.9
1767434400000,2026-01-03 12:00:00,0.4521,0.4523,0.4505,0.4506,111517.7
1767438000000,2026-01-03 13:00:00,0.4506,0.4517,0.4481,0.4499,167652.9
1767441600000,2026-01-03 14:00:00,0.4499,0.4536,0.4489,0.4521,177421.9
1767445200000,2026-01-03 15:00:00,0.4521,0.4543,0.4518,0.453,178589.7
1767448800000,2026-01-03 16:00:00,0.453,0.4531,0.4486,0.4497,156017.1
1767452400000,2026-01-03 17:00:00,0.4497,0.4505,0.4482,0.4487,102508.1
1767456000000,2026-01-03 18:00:00,0.4487,0.4557,0.4486,0.4557,301821.7
1767459600000,2026-01-03 19:00:00,0.4557,0.4558,0.4523,0.4529,100056.4
1767463200000,2026-01-03 20:00:00,0.4529,0.4539,0.4497,0.4532,63799.4
1767466800000,2026-01-03 21:00:00,0.4532,0.4548,0.4516,0.4519,85140.0
1767470400000,2026-01-03 22:00:00,0.4519,0.4523,0.4491,0.4496,103389.4
1767474000000,2026-01-03 23:00:00,0.4496,0.4529,0.4487,0.4508,122235.0
1767477600000,2026-01-04 00:00:00,0.4508,0.4549,0.4503,0.4548,83257.8
1767481200000,2026-01-04 01:00:00,0.4548,0.4586,0.4539,0.4578,207412.4
1767484800000,2026-01-04 02:00:00,0.4578,0.4609,0.4556,0.4578,272591.5
1767488400000,2026-01-04 03:00:00,0.4578,0.4587,0.4554,0.4574,111337.1
1767492000000,2026-01-04 04:00:00,0.4574,0.4596,0.4563,0.458,127764.3
1767495600000,2026-01-04 05:00:00,0.458,0.4641,0.4578,0.4632,207087.4
1767499200000,2026-01-04 06:00:00,0.4632,0.4637,0.461,0.4615,75326.5
1767502800000,2026-01-04 07:00:00,0.4615,0.4633,0.4605,0.4631,72043.0
1767506400000,2026-01-04 08:00:00,0.4631,0.4635,0.4549,0.4564,207809.9
1767510000000,2026-01-04 09:00:00,0.4564,0.4583,0.4544,0.4565,129459.5
1767513600000,2026-01-04 10:00:00,0.4565,0.4568,0.4526,0.4562,259277.7
1767517200000,2026-01-04 11:00:00,0.4562,0.4603,0.4547,0.4599,227379.1
1767520800000,2026-01-04 12:00:00,0.4599,0.463,0.4592,0.4619,360093.5
1767524400000,2026-01-04 13:00:00,0.4619,0.4619,0.4591,0.4606,96299.0
1767528000000,2026-01-04 14:00:00,0.4606,0.4645,0.4595,0.4598,141016.0
1767531600000,2026-01-04 15:00:00,0.4598,0.4652,0.4569,0.4645,264104.8
1767535200000,2026-01-04 16:00:00,0.4645,0.4666,0.4619,0.4663,234973.3
1767538800000,2026-01-04 17:00:00,0.4663,0.4685,0.4631,0.4666,394180.9
1767542400000,2026-01-04 18:00:00,0.4666,0.4719,0.4666,0.4712,487167.2
1767546000000,2026-01-04 19:00:00,0.4712,0.4719,0.4688,0.4702,340257.3
1767549600000,2026-01-04 20:00:00,0.4702,0.4708,0.4632,0.4655,307302.4
1767553200000,2026-01-04 21:00:00,0.4655,0.4655,0.4585,0.4623,389463.8
1767556800000,2026-01-04 22:00:00,0.4623,0.4652,0.4612,0.4637,127830.3
1767560400000,2026-01-04 23:00:00,0.4637,0.4667,0.4609,0.4638,122684.2
1767564000000,2026-01-05 00:00:00,0.4638,0.4661,0.4622,0.4626,65589.3
1767567600000,2026-01-05 01:00:00,0.4626,0.4664,0.4614,0.4631,116395.4
1767571200000,2026-01-05 02:00:00,0.4631,0.4689,0.4618,0.4671,301930.6
1767574800000,2026-01-05 03:00:00,0.4671,0.4768,0.4661,0.4741,394217.0
1767578400000,2026-01-05 04:00:00,0.4741,0.4751,0.4677,0.4709,248523.3
1767582000000,2026-01-05 05:00:00,0.4709,0.4718,0.4677,0.4706,127778.4
1767585600000,2026-01-05 06:00:00,0.4706,0.4721,0.4599,0.4636,537723.1
1767589200000,2026-01-05 07:00:00,0.4636,0.4649,0.4604,0.4605,189278.0
1767592800000,2026-01-05 08:00:00,0.4605,0.4618,0.4561,0.4594,218872.5
1767596400000,2026-01-05 09:00:00,0.4594,0.4657,0.4583,0.4651,130774.2
1767600000000,2026-01-05 10:00:00,0.4651,0.4668,0.4602,0.4628,269754.0
1767603600000,2026-01-05 11:00:00,0.4628,0.4653,0.4588,0.4628,497693.2
1767607200000,2026-01-05 12:00:00,0.4628,0.4662,0.4593,0.4611,145362.1
1767610800000,2026-01-05 13:00:00,0.4611,0.4634,0.4593,0.4633,104505.2
1767614400000,2026-01-05 14:00:00,0.4633,0.4668,0.4605,0.4647,169369.5
1767618000000,2026-01-05 15:00:00,0.4647,0.4655,0.4603,0.4632,203789.0
1767621600000,2026-01-05 16:00:00,0.4632,0.4723,0.4623,0.4699,503369.1
1767625200000,2026-01-05 17:00:00,0.4699,0.4748,0.4658,0.4729,980396.8
1767628800000,2026-01-05 18:00:00,0.4729,0.4746,0.4682,0.4692,436365.7
1767632400000,2026-01-05 19:00:00,0.4692,0.4754,0.4632,0.4745,380674.8
1767636000000,2026-01-05 20:00:00,0.4745,0.4807,0.473,0.4805,358760.8
1767639600000,2026-01-05 21:00:00,0.4805,0.4822,0.477,0.4796,428046.1
1767643200000,2026-01-05 22:00:00,0.4796,0.4885,0.4796,0.4857,340738.5
1767646800000,2026-01-05 23:00:00,0.4857,0.4874,0.4808,0.4833,122794.5
1767650400000,2026-01-06 00:00:00,0.4833,0.4934,0.4809,0.4901,245871.4
1767654000000,2026-01-06 01:00:00,0.4901,0.4913,0.4873,0.4897,231041.7
1767657600000,2026-01-06 02:00:00,0.4897,0.4913,0.4828,0.4903,154465.2
1767661200000,2026-01-06 03:00:00,0.4903,0.495,0.4875,0.4878,185974.0
1767664800000,2026-01-06 04:00:00,0.4878,0.4939,0.4878,0.4905,128292.0
1767668400000,2026-01-06 05:00:00,0.4905,0.4964,0.4901,0.4931,94854.5
1767672000000,2026-01-06 06:00:00,0.4931,0.4972,0.4922,0.494,99307.8
1767675600000,2026-01-06 07:00:00,0.494,0.4964,0.4926,0.4941,127294.5
1767679200000,2026-01-06 08:00:00,0.4941,0.4996,0.4916,0.496,183204.6
1767682800000,2026-01-06 09:00:00,0.496,0.496,0.4865,0.4891,165709.2
1767686400000,2026-01-06 10:00:00,0.4891,0.4913,0.4883,0.4901,238873.7
1767690000000,2026-01-06 11:00:00,0.4901,0.4939,0.4893,0.4922,75579.2
1767693600000,2026-01-06 12:00:00,0.4922,0.4961,0.4914,0.496,140194.1
1767697200000,2026-01-06 13:00:00,0.496,0.5228,0.4957,0.5218,736531.6
1767700800000,2026-01-06 14:00:00,0.5218,0.5403,0.5155,0.5366,1069604.2
1767704400000,2026-01-06 15:00:00,0.5366,0.5607,0.531,0.54,2245116.6
1767708000000,2026-01-06 16:00:00,0.54,0.5637,0.536,0.5595,1877097.6
1767711600000,2026-01-06 17:00:00,0.5595,0.5602,0.5289,0.5324,1354108.5
1767715200000,2026-01-06 18:00:00,0.5324,0.5345,0.5108,0.5163,1691000.5
1767718800000,2026-01-06 19:00:00,0.5163,0.5307,0.5049,0.5084,1440080.8
1767722400000,2026-01-06 20:00:00,0.5084,0.5149,0.5063,0.5076,499428.7
1767726000000,2026-01-06 21:00:00,0.5076,0.5143,0.5075,0.51,201918.1
1767729600000,2026-01-06 22:00:00,0.51,0.521,0.5095,0.5183,330860.8
1767733200000,2026-01-06 23:00:00,0.5183,0.5521,0.5173,0.5514,1432267.0
1767736800000,2026-01-07 00:00:00,0.5514,0.554,0.533,0.5359,810654.7
1767740400000,2026-01-07 01:00:00,0.5359,0.5359,0.5319,0.5344,330368.3
1767744000000,2026-01-07 02:00:00,0.5344,0.5346,0.5148,0.5153,552239.5
1767747600000,2026-01-07 03:00:00,0.5153,0.5209,0.5115,0.5143,359094.4
1767751200000,2026-01-07 04:00:00,0.5143,0.5205,0.5124,0.5195,267966.6
1767754800000,2026-01-07 05:00:00,0.5195,0.5214,0.5154,0.5184,301509.0
1767758400000,2026-01-07 06:00:00,0.5184,0.5231,0.5147,0.5149,284099.2
1767762000000,2026-01-07 07:00:00,0.5149,0.5159,0.5082,0.5116,632106.5
1767765600000,2026-01-07 08:00:00,0.5116,0.5148,0.5104,0.5112,179239.8
1767769200000,2026-01-07 09:00:00,0.5112,0.5201,0.5108,0.518,275709.2
1767772800000,2026-01-07 10:00:00,0.518,0.5206,0.5135,0.5167,453276.5
1767776400000,2026-01-07 11:00:00,0.5167,0.5184,0.506,0.5062,442755.9
1767780000000,2026-01-07 12:00:00,0.5062,0.5094,0.5046,0.5085,212758.9
1767783600000,2026-01-07 13:00:00,0.5085,0.5128,0.5072,0.5118,164971.5
1767787200000,2026-01-07 14:00:00,0.5118,0.5124,0.5061,0.5063,266538.4
1767790800000,2026-01-07 15:00:00,0.5063,0.5091,0.5027,0.5037,350770.6
1767794400000,2026-01-07 16:00:00,0.5037,0.5037,0.4912,0.5009,823335.7
1767798000000,2026-01-07 17:00:00,0.5009,0.5013,0.4901,0.4942,608814.1
1767801600000,2026-01-07 18:00:00,0.4942,0.4982,0.4927,0.4976,313149.2
1767805200000,2026-01-07 19:00:00,0.4976,0.5018,0.4961,0.4973,256574.6
1767808800000,2026-01-07 20:00:00,0.4973,0.5,0.4936,0.4953,333681.3
1767812400000,2026-01-07 21:00:00,0.4953,0.4979,0.4919,0.4957,327141.0
1767816000000,2026-01-07 22:00:00,0.4957,0.4969,0.4913,0.4924,178170.7
1767819600000,2026-01-07 23:00:00,0.4924,0.4954,0.4907,0.4913,120808.5
1767823200000,2026-01-08 00:00:00,0.4913,0.4952,0.4889,0.4911,158046.0
1767826800000,2026-01-08 01:00:00,0.4911,0.4964,0.4875,0.493,300826.5
1767830400000,2026-01-08 02:00:00,0.493,0.4998,0.492,0.4992,274780.7
1767834000000,2026-01-08 03:00:00,0.4992,0.5058,0.4992,0.5039,337583.0
1767837600000,2026-01-08 04:00:00,0.5039,0.5051,0.4983,0.5023,306056.7
1767841200000,2026-01-08 05:00:00,0.5023,0.5051,0.4945,0.4954,244292.3
1767844800000,2026-01-08 06:00:00,0.4954,0.4987,0.4936,0.4962,173478.1
1767848400000,2026-01-08 07:00:00,0.4962,0.5025,0.4958,0.4985,144026.5
1767852000000,2026-01-08 08:00:00,0.4985,0.4998,0.4903,0.4909,352377.6
1767855600000,2026-01-08 09:00:00,0.4909,0.5019,0.4876,0.4998,486628.4
1767859200000,2026-01-08 10:00:00,0.4998,0.4998,0.4866,0.4874,471665.3
1767862800000,2026-01-08 11:00:00,0.4874,0.4891,0.4811,0.4835,387005.8
1767866400000,2026-01-08 12:00:00,0.4835,0.4905,0.4784,0.4888,532009.9
1767870000000,2026-01-08 13:00:00,0.4888,0.4903,0.4832,0.4889,313670.8
1767873600000,2026-01-08 14:00:00,0.4889,0.4894,0.4811,0.4833,252069.2
1767877200000,2026-01-08 15:00:00,0.4833,0.4846,0.4795,0.4816,139348.2
1767880800000,2026-01-08 16:00:00,0.4816,0.483,0.4727,0.4804,665382.0
1767884400000,2026-01-08 17:00:00,0.4804,0.4926,0.4774,0.4923,449386.6
1767888000000,2026-01-08 18:00:00,0.4923,0.495,0.4892,0.4937,386182.7
1767891600000,2026-01-08 19:00:00,0.4937,0.4953,0.489,0.4936,252841.4
1767895200000,2026-01-08 20:00:00,0.4936,0.4937,0.4875,0.4885,140063.9
1767898800000,2026-01-08 21:00:00,0.4885,0.4915,0.4856,0.4865,175767.3
1767902400000,2026-01-08 22:00:00,0.4865,0.4865,0.4811,0.4848,195216.1
1767906000000,2026-01-08 23:00:00,0.4848,0.4913,0.4848,0.4905,89462.6
1767909600000,2026-01-09 00:00:00,0.4905,0.4945,0.4886,0.4914,100405.8
1767913200000,2026-01-09 01:00:00,0.4914,0.4922,0.4873,0.4875,56243.2
1767916800000,2026-01-09 02:00:00,0.4875,0.4899,0.4869,0.489,48816.8
1767920400000,2026-01-09 03:00:00,0.489,0.494,0.4843,0.4852,365917.2
1767924000000,2026-01-09 04:00:00,0.4852,0.4903,0.4849,0.4856,134160.7
1767927600000,2026-01-09 05:00:00,0.4856,0.4926,0.4847,0.4918,184362.3
1767931200000,2026-01-09 06:00:00,0.4918,0.4935,0.4867,0.487,172827.8
1767934800000,2026-01-09 07:00:00,0.487,0.4886,0.4853,0.4879,130448.3
1767938400000,2026-01-09 08:00:00,0.4879,0.4909,0.4852,0.4906,97649.0
1767942000000,2026-01-09 09:00:00,0.4906,0.4906,0.4854,0.4862,67517.7
1767945600000,2026-01-09 10:00:00,0.4862,0.4873,0.4766,0.4801,316487.5
1767949200000,2026-01-09 11:00:00,0.4801,0.4866,0.4801,0.4827,169319.6
1767952800000,2026-01-09 12:00:00,0.4827,0.4832,0.4801,0.4823,91521.6
1767956400000,2026-01-09 13:00:00,0.4823,0.4842,0.4813,0.4825,82891.5
1767960000000,2026-01-09 14:00:00,0.4825,0.4833,0.4786,0.4794,140962.9
1767963600000,2026-01-09 15:00:00,0.4794,0.488,0.4794,0.4857,369541.0
1767967200000,2026-01-09 16:00:00,0.4857,0.4857,0.4776,0.4798,440591.8
1767970800000,2026-01-09 17:00:00,0.4798,0.4966,0.4765,0.4885,838601.3
1767974400000,2026-01-09 18:00:00,0.4885,0.4978,0.4885,0.4929,503683.0
1767978000000,2026-01-09 19:00:00,0.4929,0.4937,0.4854,0.4915,349324.3
1767981600000,2026-01-09 20:00:00,0.4915,0.4919,0.4789,0.4853,291373.3
1767985200000,2026-01-09 21:00:00,0.4853,0.4853,0.4774,0.479,170865.7
1767988800000,2026-01-09 22:00:00,0.479,0.4832,0.4784,0.4808,168253.2
1767992400000,2026-01-09 23:00:00,0.4808,0.4855,0.4783,0.4845,191519.1
1767996000000,2026-01-10 00:00:00,0.4845,0.4875,0.4826,0.4874,94177.3
1767999600000,2026-01-10 01:00:00,0.4874,0.4874,0.4831,0.4837,63978.2
1768003200000,2026-01-10 02:00:00,0.4837,0.4853,0.4798,0.4804,77816.6
1768006800000,2026-01-10 03:00:00,0.4804,0.4815,0.4789,0.4803,70949.0
1768010400000,2026-01-10 04:00:00,0.4803,0.4804,0.4756,0.4772,116040.7
1768014000000,2026-01-10 05:00:00,0.4772,0.4786,0.4748,0.478,87545.9
1768017600000,2026-01-10 06:00:00,0.478,0.4783,0.4753,0.4762,96015.7
1768021200000,2026-01-10 07:00:00,0.4762,0.4765,0.4746,0.4748,59422.6
1768024800000,2026-01-10 08:00:00,0.4748,0.4766,0.4716,0.4752,85693.5
1768028400000,2026-01-10 09:00:00,0.4752,0.4792,0.4751,0.4766,117124.7
1768032000000,2026-01-10 10:00:00,0.4766,0.4804,0.4762,0.4803,111378.3
1768035600000,2026-01-10 11:00:00,0.4803,0.4827,0.4792,0.4813,117042.0
1768039200000,2026-01-10 12:00:00,0.4813,0.4815,0.4792,0.481,71583.3
1768042800000,2026-01-10 13:00:00,0.481,0.4822,0.4787,0.482,74691.9
1768046400000,2026-01-10 14:00:00,0.482,0.487,0.4817,0.4861,80039.0
1768050000000,2026-01-10 15:00:00,0.4861,0.4873,0.4843,0.4846,66894.7
1768053600000,2026-01-10 16:00:00,0.4846,0.4846,0.4793,0.4803,138957.5
1768057200000,2026-01-10 17:00:00,0.4803,0.4817,0.4788,0.479,182554.9
1768060800000,2026-01-10 18:00:00,0.479,0.4808,0.4772,0.4796,106063.4
1768064400000,2026-01-10 19:00:00,0.4796,0.4827,0.477,0.4774,78388.9
1768068000000,2026-01-10 20:00:00,0.4774,0.4798,0.4762,0.4796,55783.3
1768071600000,2026-01-10 21:00:00,0.4796,0.4853,0.4792,0.4852,116975.6
1768075200000,2026-01-10 22:00:00,0.4852,0.4854,0.4802,0.4803,50624.1
1768078800000,2026-01-10 23:00:00,0.4803,0.4813,0.4758,0.4765,64063.2
1768082400000,2026-01-11 00:00:00,0.4765,0.4765,0.4679,0.4692,323410.0
1768086000000,2026-01-11 01:00:00,0.4692,0.4725,0.4692,0.4721,177247.0
1768089600000,2026-01-11 02:00:00,0.4721,0.4743,0.4698,0.4736,121067.2
1768093200000,2026-01-11 03:00:00,0.4736,0.4776,0.4731,0.4764,83933.2
1768096800000,2026-01-11 04:00:00,0.4764,0.4768,0.4733,0.4733,91096.6
1768100400000,2026-01-11 05:00:00,0.4733,0.4755,0.473,0.4743,33929.9
1768104000000,2026-01-11 06:00:00,0.4743,0.4743,0.4719,0.4736,82098.1
1768107600000,2026-01-11 07:00:00,0.4736,0.476,0.4727,0.4746,88645.3
1768111200000,2026-01-11 08:00:00,0.4746,0.4755,0.4723,0.475,66819.7
1768114800000,2026-01-11 09:00:00,0.475,0.4766,0.4738,0.4765,108267.2
1768118400000,2026-01-11 10:00:00,0.4765,0.4786,0.4751,0.4774,99362.7
1768122000000,2026-01-11 11:00:00,0.4774,0.4836,0.4768,0.4773,414901.2
1768125600000,2026-01-11 12:00:00,0.4773,0.4797,0.475,0.4786,174557.0
1768129200000,2026-01-11 13:00:00,0.4786,0.4801,0.4768,0.4801,57408.7
1768132800000,2026-01-11 14:00:00,0.4801,0.4814,0.4786,0.4797,98927.9
1768136400000,2026-01-11 15:00:00,0.4797,0.4797,0.4769,0.4773,72894.6
1768140000000,2026-01-11 16:00:00,0.4773,0.4816,0.4766,0.4802,105939.9
1768143600000,2026-01-11 17:00:00,0.4802,0.4811,0.4714,0.4735,160759.5
1768147200000,2026-01-11 18:00:00,0.4735,0.4823,0.4731,0.4762,266934.8
1768150800000,2026-01-11 19:00:00,0.4762,0.4779,0.4735,0.4776,129611.2
1768154400000,2026-01-11 20:00:00,0.4776,0.4779,0.474,0.4757,51461.4
1768158000000,2026-01-11 21:00:00,0.4757,0.4767,0.4739,0.4742,47488.4
1768161600000,2026-01-11 22:00:00,0.4742,0.4742,0.4658,0.4687,256866.1
1768165200000,2026-01-11 23:00:00,0.4687,0.4701,0.4641,0.4693,156304.6
1768168800000,2026-01-12 00:00:00,0.4693,0.4693,0.4629,0.4636,97125.0
1768172400000,2026-01-12 01:00:00,0.4636,0.4694,0.459,0.4665,275519.4
1768176000000,2026-01-12 02:00:00,0.4665,0.4706,0.4596,0.4681,262980.7
1768179600000,2026-01-12 03:00:00,0.4681,0.4749,0.4676,0.4727,367178.0
1768183200000,2026-01-12 04:00:00,0.4727,0.482,0.4727,0.4809,220436.5
1768186800000,2026-01-12 05:00:00,0.4809,0.4828,0.4743,0.4744,218557.1
1768190400000,2026-01-12 06:00:00,0.4744,0.48,0.4734,0.4794,104075.9
1768194000000,2026-01-12 07:00:00,0.4794,0.4806,0.4766,0.4773,123615.4
1768197600000,2026-01-12 08:00:00,0.4773,0.4791,0.474,0.4751,137823.9
1768201200000,2026-01-12 09:00:00,0.4751,0.4779,0.4673,0.4681,152882.4
1768204800000,2026-01-12 10:00:00,0.4681,0.4701,0.4606,0.4645,312060.3
1768208400000,2026-01-12 11:00:00,0.4645,0.466,0.4623,0.4633,155249.7
1768212000000,2026-01-12 12:00:00,0.4633,0.4649,0.4611,0.4623,173789.8
1768215600000,2026-01-12 13:00:00,0.4623,0.4651,0.4622,0.4633,125847.9
1768219200000,2026-01-12 14:00:00,0.4633,0.4643,0.4599,0.4606,90975.5
1768222800000,2026-01-12 15:00:00,0.4606,0.4613,0.4558,0.4579,243379.7
1768226400000,2026-01-12 16:00:00,0.4579,0.4671,0.4548,0.4644,307225.0
1768230000000,2026-01-12 17:00:00,0.4644,0.4711,0.4637,0.4695,276849.2
1768233600000,2026-01-12 18:00:00,0.4695,0.4762,0.4691,0.4752,171094.6
1768237200000,2026-01-12 19:00:00,0.4752,0.4758,0.4657,0.4703,176471.5
1768240800000,2026-01-12 20:00:00,0.4703,0.4726,0.4664,0.4674,127070.6
1768244400000,2026-01-12 21:00:00,0.4674,0.4692,0.4653,0.4686,98950.7
1768248000000,2026-01-12 22:00:00,0.4686,0.4705,0.4636,0.4638,108245.4
1768251600000,2026-01-12 23:00:00,0.4638,0.4638,0.4569,0.4593,188097.2
1768255200000,2026-01-13 00:00:00,0.4593,0.4616,0.4584,0.4597,62724.0
1768258800000,2026-01-13 01:00:00,0.4597,0.4597,0.4556,0.4562,98905.4
1768262400000,2026-01-13 02:00:00,0.4562,0.4584,0.4556,0.4582,178565.2
1768266000000,2026-01-13 03:00:00,0.4582,0.4601,0.4542,0.4563,117555.6
1768269600000,2026-01-13 04:00:00,0.4563,0.4605,0.4536,0.454,146903.7
1768273200000,2026-01-13 05:00:00,0.454,0.4561,0.452,0.4535,238622.5
1768276800000,2026-01-13 06:00:00,0.4535,0.455,0.45,0.4534,197463.2
1768280400000,2026-01-13 07:00:00,0.4534,0.4577,0.4501,0.4503,151902.0
1768284000000,2026-01-13 08:00:00,0.4503,0.4542,0.4501,0.453,165892.8
1768287600000,2026-01-13 09:00:00,0.453,0.4532,0.4487,0.4505,135413.0
1768291200000,2026-01-13 10:00:00,0.4505,0.4556,0.4493,0.4535,174454.4
1768294800000,2026-01-13 11:00:00,0.4535,0.4615,0.4529,0.4582,321368.0
1768298400000,2026-01-13 12:00:00,0.4582,0.4649,0.4573,0.4635,409151.1
1768302000000,2026-01-13 13:00:00,0.4635,0.4709,0.4587,0.4639,456234.3
1768305600000,2026-01-13 14:00:00,0.4639,0.4685,0.4626,0.466,257501.5
1768309200000,2026-01-13 15:00:00,0.466,0.4737,0.4653,0.4733,472784.5
1768312800000,2026-01-13 16:00:00,0.4733,0.4803,0.4708,0.4745,347946.7
1768316400000,2026-01-13 17:00:00,0.4745,0.482,0.4705,0.4814,348548.5
1768320000000,2026-01-13 18:00:00,0.4814,0.4862,0.4747,0.4822,408060.2
1768323600000,2026-01-13 19:00:00,0.4822,0.4832,0.4775,0.4796,171524.8
1768327200000,2026-01-13 20:00:00,0.4796,0.4828,0.4767,0.4777,136633.2
1768330800000,2026-01-13 21:00:00,0.4777,0.4832,0.4761,0.483,93989.6
1768334400000,2026-01-13 22:00:00,0.483,0.4845,0.477,0.4822,233657.6
1768338000000,2026-01-13 23:00:00,0.4822,0.4878,0.482,0.4868,157461.9
1768341600000,2026-01-14 00:00:00,0.4868,0.5139,0.4867,0.512,610385.0
1768345200000,2026-01-14 01:00:00,0.512,0.5135,0.5024,0.5041,265705.9
1768348800000,2026-01-14 02:00:00,0.5041,0.5109,0.5032,0.5097,231132.7
1768352400000,2026-01-14 03:00:00,0.5097,0.5125,0.5077,0.5086,181430.9
1768356000000,2026-01-14 04:00:00,0.5086,0.5113,0.5064,0.5087,148414.3
1768359600000,2026-01-14 05:00:00,0.5087,0.5108,0.5054,0.5099,93158.7
1768363200000,2026-01-14 06:00:00,0.5099,0.5099,0.5026,0.5056,288557.2
1768366800000,2026-01-14 07:00:00,0.5056,0.5086,0.5024,0.5075,120254.6
1768370400000,2026-01-14 08:00:00,0.5075,0.512,0.5037,0.5117,174585.5
1768374000000,2026-01-14 09:00:00,0.5117,0.5119,0.5036,0.5046,119512.5
1768377600000,2026-01-14 10:00:00,0.5046,0.5087,0.5032,0.5062,172844.4
1768381200000,2026-01-14 11:00:00,0.5062,0.5116,0.5062,0.5116,90968.6
1768384800000,2026-01-14 12:00:00,0.5116,0.5148,0.5079,0.5092,303840.9
1768388400000,2026-01-14 13:00:00,0.5092,0.5102,0.5048,0.507,127561.9
1768392000000,2026-01-14 14:00:00,0.507,0.5089,0.5031,0.505,134041.7
1768395600000,2026-01-14 15:00:00,0.505,0.5054,0.4968,0.4983,197231.1
1768399200000,2026-01-14 16:00:00,0.4983,0.5118,0.4981,0.5083,405071.5
1768402800000,2026-01-14 17:00:00,0.5083,0.5116,0.5044,0.5086,316258.0
1768406400000,2026-01-14 18:00:00,0.5086,0.5138,0.5071,0.5081,263287.9
1768410000000,2026-01-14 19:00:00,0.5081,0.5091,0.5005,0.5025,292063.2
1768413600000,2026-01-14 20:00:00,0.5025,0.5035,0.492,0.4953,320727.9
1768417200000,2026-01-14 21:00:00,0.4953,0.5055,0.4937,0.4994,366324.6
1768420800000,2026-01-14 22:00:00,0.4994,0.5026,0.4976,0.4999,220642.8
1768424400000,2026-01-14 23:00:00,0.4999,0.5014,0.4951,0.498,182308.4
1768428000000,2026-01-15 00:00:00,0.498,0.498,0.4899,0.4903,96980.9
1768431600000,2026-01-15 01:00:00,0.4903,0.4942,0.4894,0.4915,88106.1
1768435200000,2026-01-15 02:00:00,0.4915,0.4936,0.4892,0.4911,115507.2
1768438800000,2026-01-15 03:00:00,0.4911,0.4957,0.4891,0.4906,115099.3
1768442400000,2026-01-15 04:00:00,0.4906,0.492,0.4854,0.4868,160440.5
1768446000000,2026-01-15 05:00:00,0.4868,0.488,0.477,0.478,320246.0
1768449600000,2026-01-15 06:00:00,0.478,0.4833,0.4774,0.4829,167561.9
1768453200000,2026-01-15 07:00:00,0.4829,0.4852,0.4815,0.4826,202058.3
1768456800000,2026-01-15 08:00:00,0.4826,0.4848,0.48,0.4817,104081.0
1768460400000,2026-01-15 09:00:00,0.4817,0.4926,0.4817,0.4906,141800.6
1768464000000,2026-01-15 10:00:00,0.4906,0.4917,0.4863,0.4865,128984.9
1768467600000,2026-01-15 11:00:00,0.4865,0.4925,0.4841,0.4909,137319.0
1768471200000,2026-01-15 12:00:00,0.4909,0.4931,0.4886,0.4901,72120.9
1768474800000,2026-01-15 13:00:00,0.4901,0.4911,0.4862,0.4874,81422.7
1768478400000,2026-01-15 14:00:00,0.4874,0.4912,0.4871,0.4905,160496.6
1768482000000,2026-01-15 15:00:00,0.4905,0.4937,0.4895,0.4908,159459.2
1768485600000,2026-01-15 16:00:00,0.4908,0.4913,0.4796,0.4831,308067.6
1768489200000,2026-01-15 17:00:00,0.4831,0.4856,0.4695,0.4775,399368.1
1768492800000,2026-01-15 18:00:00,0.4775,0.4793,0.4727,0.4777,180986.0
1768496400000,2026-01-15 19:00:00,0.4777,0.4808,0.4722,0.4731,160110.6
1768500000000,2026-01-15 20:00:00,0.4731,0.474,0.463,0.4646,297286.3
1768503600000,2026-01-15 21:00:00,0.4646,0.4662,0.4611,0.4652,184533.0
1768507200000,2026-01-15 22:00:00,0.4652,0.4672,0.457,0.4584,167481.3
1768510800000,2026-01-15 23:00:00,0.4584,0.462,0.458,0.4611,86553.1
1768514400000,2026-01-16 00:00:00,0.4611,0.4658,0.4608,0.4625,65771.4
1768518000000,2026-01-16 01:00:00,0.4625,0.4639,0.4603,0.4637,83677.3
1768521600000,2026-01-16 02:00:00,0.4637,0.4657,0.4629,0.4632,62753.2
1768525200000,2026-01-16 03:00:00,0.4632,0.4642,0.4621,0.4629,82994.4
1768528800000,2026-01-16 04:00:00,0.4629,0.4654,0.4593,0.4646,157551.1
1768532400000,2026-01-16 05:00:00,0.4646,0.4654,0.4611,0.4617,91625.6
1768536000000,2026-01-16 06:00:00,0.4617,0.4635,0.457,0.4584,151011.4
1768539600000,2026-01-16 07:00:00,0.4584,0.4648,0.4584,0.462,134435.9
1768543200000,2026-01-16 08:00:00,0.462,0.4641,0.4599,0.464,68246.2
1768546800000,2026-01-16 09:00:00,0.464,0.466,0.4622,0.4647,112201.1
1768550400000,2026-01-16 10:00:00,0.4647,0.4698,0.4638,0.4694,109919.0
1768554000000,2026-01-16 11:00:00,0.4694,0.4696,0.4679,0.4688,67495.7
1768557600000,2026-01-16 12:00:00,0.4688,0.4688,0.4648,0.4657,80415.5
1768561200000,2026-01-16 13:00:00,0.4657,0.4664,0.4623,0.4639,117420.9
1768564800000,2026-01-16 14:00:00,0.4639,0.4639,0.4597,0.4615,66279.2
1768568400000,2026-01-16 15:00:00,0.4615,0.4616,0.4586,0.4605,80541.6
1768572000000,2026-01-16 16:00:00,0.4605,0.4639,0.4587,0.4613,152964.3
1768575600000,2026-01-16 17:00:00,0.4613,0.4646,0.4501,0.4526,320890.3
1768579200000,2026-01-16 18:00:00,0.4526,0.4604,0.4513,0.4578,204073.5
1768582800000,2026-01-16 19:00:00,0.4578,0.4624,0.4546,0.4622,145241.0
1768586400000,2026-01-16 20:00:00,0.4622,0.4648,0.4615,0.4628,117787.0
1768590000000,2026-01-16 21:00:00,0.4628,0.4628,0.459,0.4616,69940.0
1768593600000,2026-01-16 22:00:00,0.4616,0.4707,0.459,0.4704,94648.7
1768597200000,2026-01-16 23:00:00,0.4704,0.4736,0.4696,0.4715,157460.7
1768600800000,2026-01-17 00:00:00,0.4715,0.4738,0.4709,0.4726,64672.2
1768604400000,2026-01-17 01:00:00,0.4726,0.4745,0.4713,0.4736,80329.2
1768608000000,2026-01-17 02:00:00,0.4736,0.4777,0.4728,0.4769,186671.6
1768611600000,2026-01-17 03:00:00,0.4769,0.4821,0.4763,0.4816,108250.3
1768615200000,2026-01-17 04:00:00,0.4816,0.482,0.4721,0.473,176266.0
1768618800000,2026-01-17 05:00:00,0.473,0.4767,0.4719,0.4753,116937.3
1768622400000,2026-01-17 06:00:00,0.4753,0.4774,0.4722,0.4771,76464.8
1768626000000,2026-01-17 07:00:00,0.4771,0.4862,0.4771,0.4829,193755.4
1768629600000,2026-01-17 08:00:00,0.4829,0.4872,0.482,0.485,194927.9
1768633200000,2026-01-17 09:00:00,0.485,0.4956,0.4848,0.4935,366283.5
1768636800000,2026-01-17 10:00:00,0.4935,0.502,0.4922,0.5018,431222.9
1768640400000,2026-01-17 11:00:00,0.5018,0.5068,0.4984,0.5005,459696.4
1768644000000,2026-01-17 12:00:00,0.5005,0.5014,0.492,0.4936,255283.8
1768647600000,2026-01-17 13:00:00,0.4936,0.4956,0.49,0.4907,227348.0
1768651200000,2026-01-17 14:00:00,0.4907,0.502,0.4899,0.5015,286788.5
1768654800000,2026-01-17 15:00:00,0.5015,0.5016,0.495,0.4964,197315.6
1768658400000,2026-01-17 16:00:00,0.4964,0.5036,0.4942,0.5016,244492.1
1768662000000,2026-01-17 17:00:00,0.5016,0.5054,0.4984,0.5043,239416.4
1768665600000,2026-01-17 18:00:00,0.5043,0.5046,0.4921,0.4953,221508.3
1768669200000,2026-01-17 19:00:00,0.4953,0.4995,0.4922,0.4958,218892.5
1768672800000,2026-01-17 20:00:00,0.4958,0.4978,0.4939,0.4978,123539.6
1768676400000,2026-01-17 21:00:00,0.4978,0.4995,0.4935,0.496,175470.0
1768680000000,2026-01-17 22:00:00,0.496,0.4977,0.4938,0.4946,195890.0
1768683600000,2026-01-17 23:00:00,0.4946,0.4946,0.4901,0.4926,137770.2
1768687200000,2026-01-18 00:00:00,0.4926,0.4929,0.4867,0.4872,121068.1
1768690800000,2026-01-18 01:00:00,0.4872,0.4886,0.4862,0.4878,78401.7
1768694400000,2026-01-18 02:00:00,0.4878,0.4942,0.4877,0.4883,202784.3
1768698000000,2026-01-18 03:00:00,0.4883,0.4893,0.4816,0.4833,257045.1
1768701600000,2026-01-18 04:00:00,0.4833,0.4848,0.4781,0.4809,340843.8
1768705200000,2026-01-18 05:00:00,0.4809,0.4827,0.4796,0.4799,60543.6
1768708800000,2026-01-18 06:00:00,0.4799,0.4812,0.4782,0.4811,80229.3
1768712400000,2026-01-18 07:00:00,0.4811,0.4811,0.4782,0.4794,82600.5
1768716000000,2026-01-18 08:00:00,0.4794,0.4818,0.4786,0.4798,102920.3
1768719600000,2026-01-18 09:00:00,0.4798,0.4831,0.4764,0.4809,118197.6
1768723200000,2026-01-18 10:00:00,0.4809,0.4827,0.4799,0.481,118276.2
1768726800000,2026-01-18 11:00:00,0.481,0.4823,0.4785,0.4809,92822.5
1768730400000,2026-01-18 12:00:00,0.4809,0.4828,0.4787,0.4815,68196.7
1768734000000,2026-01-18 13:00:00,0.4815,0.4822,0.4792,0.4796,40858.1
1768737600000,2026-01-18 14:00:00,0.4796,0.4804,0.4749,0.4757,87057.5
1768741200000,2026-01-18 15:00:00,0.4757,0.4784,0.4752,0.4753,132534.7
1768744800000,2026-01-18 16:00:00,0.4753,0.4789,0.472,0.4725,129847.9
1768748400000,2026-01-18 17:00:00,0.4725,0.4791,0.4724,0.4791,81422.5
1768752000000,2026-01-18 18:00:00,0.4791,0.4811,0.4765,0.4765,79958.1
1768755600000,2026-01-18 19:00:00,0.4765,0.4806,0.4759,0.4799,114431.5
1768759200000,2026-01-18 20:00:00,0.4799,0.4843,0.4789,0.4828,86321.2
1768762800000,2026-01-18 21:00:00,0.4828,0.4851,0.4803,0.4813,77708.9
1768766400000,2026-01-18 22:00:00,0.4813,0.4847,0.4795,0.4819,88907.5
1768770000000,2026-01-18 23:00:00,0.4819,0.4826,0.4787,0.4794,54882.6
1768773600000,2026-01-19 00:00:00,0.4794,0.4825,0.4794,0.4803,54931.2
1768777200000,2026-01-19 01:00:00,0.4803,0.4806,0.4531,0.4541,768680.9
1768780800000,2026-01-19 02:00:00,0.4541,0.4541,0.4031,0.4324,4506479.9
1768784400000,2026-01-19 03:00:00,0.4324,0.4361,0.4299,0.4323,312497.7
1768788000000,2026-01-19 04:00:00,0.4323,0.4359,0.4312,0.4334,243531.6
1768791600000,2026-01-19 05:00:00,0.4334,0.4383,0.4322,0.4368,220815.8
1768795200000,2026-01-19 06:00:00,0.4368,0.4374,0.4313,0.4313,183510.2
1768798800000,2026-01-19 07:00:00,0.4313,0.4381,0.4307,0.4375,385284.6
1768802400000,2026-01-19 08:00:00,0.4375,0.4454,0.4375,0.4392,413692.2
1768806000000,2026-01-19 09:00:00,0.4392,0.4475,0.4382,0.4385,369146.0
1768809600000,2026-01-19 10:00:00,0.4385,0.4419,0.4364,0.44,229123.5
1768813200000,2026-01-19 11:00:00,0.44,0.4454,0.4392,0.4429,229769.6
1768816800000,2026-01-19 12:00:00,0.4429,0.4429,0.4367,0.4372,227069.1
1768820400000,2026-01-19 13:00:00,0.4372,0.4389,0.4364,0.4389,183447.4
1768824000000,2026-01-19 14:00:00,0.4389,0.4392,0.4354,0.4359,295836.1
1768827600000,2026-01-19 15:00:00,0.4359,0.4391,0.4352,0.4364,161060.0
1768831200000,2026-01-19 16:00:00,0.4364,0.4428,0.4362,0.4391,179027.5
1768834800000,2026-01-19 17:00:00,0.4391,0.441,0.4373,0.4386,155384.1
1768838400000,2026-01-19 18:00:00,0.4386,0.4402,0.437,0.4399,180276.7
1768842000000,2026-01-19 19:00:00,0.4399,0.4434,0.4381,0.441,130253.5
1768845600000,2026-01-19 20:00:00,0.441,0.4433,0.4404,0.4423,159593.4
1768849200000,2026-01-19 21:00:00,0.4423,0.449,0.4423,0.445,242822.1
1768852800000,2026-01-19 22:00:00,0.445,0.446,0.4414,0.443,108642.2
1768856400000,2026-01-19 23:00:00,0.443,0.4442,0.4393,0.4408,109925.1
1768860000000,2026-01-20 00:00:00,0.4408,0.4415,0.4363,0.4364,112727.1
1768863600000,2026-01-20 01:00:00,0.4364,0.4402,0.4351,0.4378,167507.6
1768867200000,2026-01-20 02:00:00,0.4378,0.4385,0.4346,0.4352,130653.3
1768870800000,2026-01-20 03:00:00,0.4352,0.4403,0.4333,0.4385,107036.2
1768874400000,2026-01-20 04:00:00,0.4385,0.4415,0.4368,0.4397,180493.2
1768878000000,2026-01-20 05:00:00,0.4397,0.4401,0.4359,0.4369,162749.0
1768881600000,2026-01-20 06:00:00,0.4369,0.4377,0.4338,0.4355,119073.9
1768885200000,2026-01-20 07:00:00,0.4355,0.4377,0.4331,0.4346,300296.6
1768888800000,2026-01-20 08:00:00,0.4346,0.4358,0.4285,0.4321,304848.1
1768892400000,2026-01-20 09:00:00,0.4321,0.4335,0.4285,0.4285,136716.5
1768896000000,2026-01-20 10:00:00,0.4285,0.4293,0.4233,0.4254,279625.2
1768899600000,2026-01-20 11:00:00,0.4254,0.4263,0.4229,0.4251,95958.6
1768903200000,2026-01-20 12:00:00,0.4251,0.4275,0.4241,0.4258,78519.1
1768906800000,2026-01-20 13:00:00,0.4258,0.4264,0.4209,0.4212,108779.9
1768910400000,2026-01-20 14:00:00,0.4212,0.4298,0.4206,0.4265,671740.9
1768914000000,2026-01-20 15:00:00,0.4265,0.4265,0.4193,0.4201,217339.1
1768917600000,2026-01-20 16:00:00,0.4201,0.4291,0.4199,0.4245,540364.9
1768921200000,2026-01-20 17:00:00,0.4245,0.425,0.419,0.4216,248658.3
1768924800000,2026-01-20 18:00:00,0.4216,0.4235,0.4172,0.4185,210005.1
1768928400000,2026-01-20 19:00:00,0.4185,0.4216,0.4144,0.417,468102.8
1768932000000,2026-01-20 20:00:00,0.417,0.4179,0.4132,0.4144,260024.6
1768935600000,2026-01-20 21:00:00,0.4144,0.4167,0.4117,0.4135,163056.1
1768939200000,2026-01-20 22:00:00,0.4135,0.4177,0.4124,0.4166,136203.0
1768942800000,2026-01-20 23:00:00,0.4166,0.417,0.4127,0.4134,111933.9
1768946400000,2026-01-21 00:00:00,0.4134,0.4138,0.4064,0.4133,165807.7
1768950000000,2026-01-21 01:00:00,0.4133,0.4138,0.4105,0.4127,115688.0
1768953600000,2026-01-21 02:00:00,0.4127,0.4217,0.4121,0.4217,171670.9
1768957200000,2026-01-21 03:00:00,0.4217,0.4269,0.4216,0.4251,169282.4
1768960800000,2026-01-21 04:00:00,0.4251,0.4329,0.4243,0.4326,174357.7
1768964400000,2026-01-21 05:00:00,0.4326,0.437,0.4288,0.4294,284128.8
1768968000000,2026-01-21 06:00:00,0.4294,0.4304,0.4278,0.4292,106469.7
1768971600000,2026-01-21 07:00:00,0.4292,0.4292,0.4267,0.4276,67075.2
1768975200000,2026-01-21 08:00:00,0.4276,0.4294,0.4257,0.4266,102882.4
1768978800000,2026-01-21 09:00:00,0.4266,0.4285,0.425,0.4257,64045.1
1768982400000,2026-01-21 10:00:00,0.4257,0.4268,0.4234,0.4259,110968.2
1768986000000,2026-01-21 11:00:00,0.4259,0.4264,0.4231,0.4251,85139.7
1768989600000,2026-01-21 12:00:00,0.4251,0.4282,0.4237,0.4243,105922.8
1768993200000,2026-01-21 13:00:00,0.4243,0.4264,0.4204,0.4217,146323.0
1768996800000,2026-01-21 14:00:00,0.4217,0.4226,0.4165,0.4216,280713.4
1769000400000,2026-01-21 15:00:00,0.4216,0.4233,0.4172,0.4186,280299.1
1769004000000,2026-01-21 16:00:00,0.4186,0.4338,0.4181,0.433,558452.2
1769007600000,2026-01-21 17:00:00,0.433,0.4371,0.4307,0.4335,269815.1
1769011200000,2026-01-21 18:00:00,0.4335,0.4341,0.4156,0.4164,343142.1
1769014800000,2026-01-21 19:00:00,0.4164,0.4221,0.4146,0.4205,420408.2
1769018400000,2026-01-21 20:00:00,0.4205,0.4249,0.4185,0.4229,262681.9
1769022000000,2026-01-21 21:00:00,0.4229,0.4388,0.421,0.4381,449356.1
1769025600000,2026-01-21 22:00:00,0.4381,0.4391,0.4302,0.4353,215729.2
1769029200000,2026-01-21 23:00:00,0.4353,0.4389,0.4344,0.4353,181360.6
1769032800000,2026-01-22 00:00:00,0.4353,0.4364,0.4304,0.4315,111751.5
1769036400000,2026-01-22 01:00:00,0.4315,0.4328,0.4254,0.4273,137755.7
1769040000000,2026-01-22 02:00:00,0.4273,0.4308,0.4272,0.4294,105917.5
1769043600000,2026-01-22 03:00:00,0.4294,0.4362,0.4294,0.436,87015.5
1769047200000,2026-01-22 04:00:00,0.436,0.4385,0.4347,0.4356,116100.2
1769050800000,2026-01-22 05:00:00,0.4356,0.4368,0.4312,0.4331,87816.2
1769054400000,2026-01-22 06:00:00,0.4331,0.436,0.4317,0.4326,166690.8
1769058000000,2026-01-22 07:00:00,0.4326,0.4405,0.4324,0.4349,179540.6
1769061600000,2026-01-22 08:00:00,0.4349,0.436,0.4308,0.432,146717.5
1769065200000,2026-01-22 09:00:00,0.432,0.4324,0.4286,0.4302,133145.4
1769068800000,2026-01-22 10:00:00,0.4302,0.4316,0.4277,0.4301,123695.0
1769072400000,2026-01-22 11:00:00,0.4301,0.432,0.429,0.4306,85373.3
1769076000000,2026-01-22 12:00:00,0.4306,0.4308,0.4283,0.4288,107116.2
1769079600000,2026-01-22 13:00:00,0.4288,0.4288,0.4243,0.425,205319.2
1769083200000,2026-01-22 14:00:00,0.425,0.4257,0.4236,0.4241,96272.8
1769086800000,2026-01-22 15:00:00,0.4241,0.4264,0.4207,0.4218,134466.0
1769090400000,2026-01-22 16:00:00,0.4218,0.4219,0.4146,0.4166,251007.9
1769094000000,2026-01-22 17:00:00,0.4166,0.4227,0.4148,0.4194,206524.1
1769097600000,2026-01-22 18:00:00,0.4194,0.4227,0.4187,0.4208,133303.5
1769101200000,2026-01-22 19:00:00,0.4208,0.423,0.4188,0.4226,163063.6
1769104800000,2026-01-22 20:00:00,0.4226,0.4247,0.42,0.42,208785.4
1769108400000,2026-01-22 21:00:00,0.42,0.4206,0.4171,0.4194,187801.6
1769112000000,2026-01-22 22:00:00,0.4194,0.4195,0.4148,0.4155,179036.2
1769115600000,2026-01-22 23:00:00,0.4155,0.4183,0.4155,0.4175,119142.7
1769119200000,2026-01-23 00:00:00,0.4175,0.4182,0.4156,0.4164,109379.0
1769122800000,2026-01-23 01:00:00,0.4164,0.417,0.4131,0.4158,111531.3
1769126400000,2026-01-23 02:00:00,0.4158,0.4188,0.4148,0.4183,65815.3
1769130000000,2026-01-23 03:00:00,0.4183,0.424,0.4183,0.4226,76898.8
1769133600000,2026-01-23 04:00:00,0.4226,0.4231,0.421,0.4215,58738.1
1769137200000,2026-01-23 05:00:00,0.4215,0.4247,0.421,0.4243,44702.1
1769140800000,2026-01-23 06:00:00,0.4243,0.427,0.4226,0.4262,92740.1
1769144400000,2026-01-23 07:00:00,0.4262,0.4264,0.4238,0.4255,96710.7
1769148000000,2026-01-23 08:00:00,0.4255,0.4269,0.4221,0.4222,88585.9
1769151600000,2026-01-23 09:00:00,0.4222,0.4264,0.4222,0.4258,177972.3
1769155200000,2026-01-23 10:00:00,0.4258,0.4306,0.4213,0.4225,386642.1
1769158800000,2026-01-23 11:00:00,0.4225,0.4242,0.4194,0.4204,177299.9
1769162400000,2026-01-23 12:00:00,0.4204,0.4211,0.4164,0.4182,135439.9
1769166000000,2026-01-23 13:00:00,0.4182,0.4211,0.4179,0.4203,99623.1
1769169600000,2026-01-23 14:00:00,0.4203,0.4222,0.4192,0.4209,97124.1
1769173200000,2026-01-23 15:00:00,0.4209,0.4245,0.4205,0.422,102978.9
1769176800000,2026-01-23 16:00:00,0.422,0.4234,0.4128,0.4175,235854.4
1769180400000,2026-01-23 17:00:00,0.4175,0.4284,0.4155,0.4279,257541.0
1769184000000,2026-01-23 18:00:00,0.4279,0.4304,0.4229,0.426,197141.4
1769187600000,2026-01-23 19:00:00,0.426,0.4361,0.424,0.4308,282687.3
1769191200000,2026-01-23 20:00:00,0.4308,0.4333,0.4275,0.4292,343507.9
1769194800000,2026-01-23 21:00:00,0.4292,0.4292,0.4216,0.4227,274468.4
1769198400000,2026-01-23 22:00:00,0.4227,0.4235,0.4173,0.4192,228911.5
1769202000000,2026-01-23 23:00:00,0.4192,0.4226,0.4187,0.4204,115848.2
1769205600000,2026-01-24 00:00:00,0.4204,0.4248,0.4204,0.4246,72548.2
1769209200000,2026-01-24 01:00:00,0.4246,0.4246,0.4207,0.4222,115180.3
1769212800000,2026-01-24 02:00:00,0.4222,0.4242,0.4211,0.4222,80644.5
1769216400000,2026-01-24 03:00:00,0.4222,0.4238,0.4206,0.4235,54836.9
1769220000000,2026-01-24 04:00:00,0.4235,0.4251,0.4223,0.4235,108169.2
1769223600000,2026-01-24 05:00:00,0.4235,0.4268,0.423,0.4246,110564.3
1769227200000,2026-01-24 06:00:00,0.4246,0.425,0.4226,0.4228,39505.3
1769230800000,2026-01-24 07:00:00,0.4228,0.4229,0.4216,0.4218,44463.9
1769234400000,2026-01-24 08:00:00,0.4218,0.4238,0.4217,0.4221,45740.5
1769238000000,2026-01-24 09:00:00,0.4221,0.4232,0.4209,0.4209,74632.0
1769241600000,2026-01-24 10:00:00,0.4209,0.4231,0.4205,0.4225,48497.2
1769245200000,2026-01-24 11:00:00,0.4225,0.4225,0.4207,0.4208,33562.9
1769248800000,2026-01-24 12:00:00,0.4208,0.4224,0.4206,0.422,33804.9
1769252400000,2026-01-24 13:00:00,0.422,0.4225,0.4218,0.4221,14403.3
1769256000000,2026-01-24 14:00:00,0.4221,0.423,0.4207,0.421,35543.2
1769259600000,2026-01-24 15:00:00,0.421,0.4214,0.4165,0.4165,100241.7
1769263200000,2026-01-24 16:00:00,0.4165,0.4189,0.4159,0.4171,73498.1
1769266800000,2026-01-24 17:00:00,0.4171,0.4186,0.4163,0.4168,76815.5
1769270400000,2026-01-24 18:00:00,0.4168,0.4206,0.4138,0.4189,431986.6
1769274000000,2026-01-24 19:00:00,0.4189,0.4198,0.4176,0.4189,80566.2
1769277600000,2026-01-24 20:00:00,0.4189,0.4194,0.4154,0.4168,317472.8
1769281200000,2026-01-24 21:00:00,0.4168,0.4172,0.4143,0.4145,70151.2
1769284800000,2026-01-24 22:00:00,0.4145,0.4166,0.414,0.4165,66189.1
1769288400000,2026-01-24 23:00:00,0.4165,0.4167,0.4153,0.4167,26022.0
1769292000000,2026-01-25 00:00:00,0.4167,0.4175,0.4156,0.4164,46013.5
1769295600000,2026-01-25 01:00:00,0.4164,0.4169,0.4157,0.4166,54492.4
1769299200000,2026-01-25 02:00:00,0.4166,0.4186,0.4162,0.4185,80579.9
1769302800000,2026-01-25 03:00:00,0.4185,0.4194,0.4146,0.4151,79090.1
1769306400000,2026-01-25 04:00:00,0.4151,0.417,0.4147,0.4161,55108.0
1769310000000,2026-01-25 05:00:00,0.4161,0.4164,0.4115,0.4128,97649.4
1769313600000,2026-01-25 06:00:00,0.4128,0.4141,0.4111,0.4135,81087.3
1769317200000,2026-01-25 07:00:00,0.4135,0.4157,0.4131,0.4157,57983.1
1769320800000,2026-01-25 08:00:00,0.4157,0.4158,0.4127,0.4133,92517.3
1769324400000,2026-01-25 09:00:00,0.4133,0.4141,0.4113,0.4135,65103.4
1769328000000,2026-01-25 10:00:00,0.4135,0.4157,0.4122,0.4131,76027.9
1769331600000,2026-01-25 11:00:00,0.4131,0.4171,0.4125,0.4154,127738.7
1769335200000,2026-01-25 12:00:00,0.4154,0.4173,0.4146,0.4151,80804.9
1769338800000,2026-01-25 13:00:00,0.4151,0.4163,0.4136,0.4142,31379.0
1769342400000,2026-01-25 14:00:00,0.4142,0.4142,0.4114,0.4132,59112.6
1769346000000,2026-01-25 15:00:00,0.4132,0.4135,0.41,0.4116,71603.3
1769349600000,2026-01-25 16:00:00,0.4116,0.4122,0.4082,0.4109,131624.2
1769353200000,2026-01-25 17:00:00,0.4109,0.4135,0.4099,0.412,99312.7
1769356800000,2026-01-25 18:00:00,0.412,0.412,0.4024,0.4067,535839.7
1769360400000,2026-01-25 19:00:00,0.4067,0.4077,0.4038,0.4045,162219.4
1769364000000,2026-01-25 20:00:00,0.4045,0.4053,0.3975,0.3997,426994.5
1769367600000,2026-01-25 21:00:00,0.3997,0.4003,0.3854,0.3878,754192.5
1769371200000,2026-01-25 22:00:00,0.3878,0.3917,0.3869,0.3917,378092.4
1769374800000,2026-01-25 23:00:00,0.3917,0.3972,0.3917,0.3962,164460.0
1769378400000,2026-01-26 00:00:00,0.3962,0.3962,0.3917,0.3929,95608.5
1769382000000,2026-01-26 01:00:00,0.3929,0.3983,0.392,0.3973,182816.2
1769385600000,2026-01-26 02:00:00,0.3973,0.4013,0.3954,0.4007,236504.4
1769389200000,2026-01-26 03:00:00,0.4007,0.4075,0.4004,0.4058,302465.3
1769392800000,2026-01-26 04:00:00,0.4058,0.406,0.4024,0.4028,61569.4
1769396400000,2026-01-26 05:00:00,0.4028,0.4044,0.3994,0.4004,129088.7
1769400000000,2026-01-26 06:00:00,0.4004,0.4048,0.4003,0.403,92612.4
1769403600000,2026-01-26 07:00:00,0.403,0.4046,0.4022,0.4039,130840.0
1769407200000,2026-01-26 08:00:00,0.4039,0.4074,0.4022,0.4073,177845.2
1769410800000,2026-01-26 09:00:00,0.4073,0.4091,0.4056,0.4067,142154.4
1769414400000,2026-01-26 10:00:00,0.4067,0.4127,0.4066,0.4084,185868.7
1769418000000,2026-01-26 11:00:00,0.4084,0.4091,0.4037,0.4049,156059.4
1769421600000,2026-01-26 12:00:00,0.4049,0.4082,0.4049,0.4056,51703.0
1769425200000,2026-01-26 13:00:00,0.4056,0.4062,0.4037,0.4049,49924.5
1769428800000,2026-01-26 14:00:00,0.4049,0.4062,0.4037,0.4052,75197.7
1769432400000,2026-01-26 15:00:00,0.4052,0.4071,0.4052,0.4069,57007.1
1769436000000,2026-01-26 16:00:00,0.4069,0.4116,0.4036,0.4102,239093.2
1769439600000,2026-01-26 17:00:00,0.4102,0.4149,0.4051,0.4071,249933.7
1769443200000,2026-01-26 18:00:00,0.4071,0.4128,0.4061,0.4107,174338.3
1769446800000,2026-01-26 19:00:00,0.4107,0.4161,0.4081,0.4147,240911.4
1769450400000,2026-01-26 20:00:00,0.4147,0.4179,0.4129,0.4154,259107.1
1769454000000,2026-01-26 21:00:00,0.4154,0.4187,0.4144,0.416,158805.9
1769457600000,2026-01-26 22:00:00,0.416,0.4161,0.4111,0.4124,406264.3
1769461200000,2026-01-26 23:00:00,0.4124,0.4183,0.4114,0.4159,165596.6
1769464800000,2026-01-27 00:00:00,0.4159,0.4181,0.4138,0.4152,113906.0
1769468400000,2026-01-27 01:00:00,0.4152,0.4156,0.4131,0.4134,46451.0
1769472000000,2026-01-27 02:00:00,0.4134,0.4146,0.4122,0.4138,76031.5
1769475600000,2026-01-27 03:00:00,0.4138,0.4148,0.411,0.4135,94091.5
1769479200000,2026-01-27 04:00:00,0.4135,0.4145,0.4112,0.4123,79606.0
1769482800000,2026-01-27 05:00:00,0.4123,0.4132,0.411,0.4127,66113.6
1769486400000,2026-01-27 06:00:00,0.4127,0.4145,0.4115,0.4129,73101.9
1769490000000,2026-01-27 07:00:00,0.4129,0.4136,0.4112,0.4129,35510.6
1769493600000,2026-01-27 08:00:00,0.4129,0.4147,0.4128,0.4131,146080.5
1769497200000,2026-01-27 09:00:00,0.4131,0.4149,0.4126,0.4132,54229.0
1769500800000,2026-01-27 10:00:00,0.4132,0.4145,0.4117,0.4128,80280.0
1769504400000,2026-01-27 11:00:00,0.4128,0.4128,0.4104,0.4113,112236.2
1769508000000,2026-01-27 12:00:00,0.4113,0.4132,0.4103,0.4122,123399.6
1769511600000,2026-01-27 13:00:00,0.4122,0.4129,0.4105,0.4106,87674.2
1769515200000,2026-01-27 14:00:00,0.4106,0.4112,0.4081,0.4087,73742.7
1769518800000,2026-01-27 15:00:00,0.4087,0.4098,0.4074,0.4076,147521.5
1769522400000,2026-01-27 16:00:00,0.4076,0.4115,0.4037,0.4047,398023.5
1769526000000,2026-01-27 17:00:00,0.4047,0.4101,0.4034,0.4098,170520.8
1769529600000,2026-01-27 18:00:00,0.4098,0.4174,0.4086,0.4142,274762.4
1769533200000,2026-01-27 19:00:00,0.4142,0.4145,0.4054,0.4066,175943.7
1769536800000,2026-01-27 20:00:00,0.4066,0.4164,0.4057,0.4142,254536.9
1769540400000,2026-01-27 21:00:00,0.4142,0.4144,0.4111,0.413,169903.8
1769544000000,2026-01-27 22:00:00,0.413,0.4183,0.4128,0.418,127413.9
1769547600000,2026-01-27 23:00:00,0.418,0.4186,0.4144,0.415,196452.2
1769551200000,2026-01-28 00:00:00,0.415,0.4204,0.415,0.4194,122813.7
1769554800000,2026-01-28 01:00:00,0.4194,0.4221,0.4187,0.4208,128602.1
1769558400000,2026-01-28 02:00:00,0.4208,0.4224,0.4185,0.4211,128299.9
1769562000000,2026-01-28 03:00:00,0.4211,0.4211,0.415,0.416,128996.8
1769565600000,2026-01-28 04:00:00,0.416,0.4168,0.4139,0.4151,108498.7
1769569200000,2026-01-28 05:00:00,0.4151,0.4164,0.4141,0.4153,88909.0
1769572800000,2026-01-28 06:00:00,0.4153,0.4153,0.4133,0.414,63918.7
1769576400000,2026-01-28 07:00:00,0.414,0.4168,0.4137,0.4162,92862.4
1769580000000,2026-01-28 08:00:00,0.4162,0.4174,0.4143,0.4172,78389.7
1769583600000,2026-01-28 09:00:00,0.4172,0.4174,0.4124,0.4136,111418.6
1769587200000,2026-01-28 10:00:00,0.4136,0.4146,0.4116,0.4119,95004.6
1769590800000,2026-01-28 11:00:00,0.4119,0.4157,0.4113,0.4157,115262.3
1769594400000,2026-01-28 12:00:00,0.4157,0.4159,0.413,0.4137,103508.7
1769598000000,2026-01-28 13:00:00,0.4137,0.4168,0.4131,0.4168,77325.0
1769601600000,2026-01-28 14:00:00,0.4168,0.4168,0.4111,0.4122,173639.3
1769605200000,2026-01-28 15:00:00,0.4122,0.4153,0.4122,0.4132,161043.0
1769608800000,2026-01-28 16:00:00,0.4132,0.4151,0.4101,0.4104,212451.6
1769612400000,2026-01-28 17:00:00,0.4104,0.4123,0.4063,0.4088,209443.8
1769616000000,2026-01-28 18:00:00,0.4088,0.4107,0.4072,0.4091,158296.0
1769619600000,2026-01-28 19:00:00,0.4091,0.4151,0.4078,0.4134,178090.6
1769623200000,2026-01-28 20:00:00,0.4134,0.4134,0.4094,0.4119,475109.3
1769626800000,2026-01-28 21:00:00,0.4119,0.4145,0.4098,0.4135,247426.0
1769630400000,2026-01-28 22:00:00,0.4135,0.4165,0.411,0.4122,174470.1
1769634000000,2026-01-28 23:00:00,0.4122,0.417,0.4097,0.4162,209139.0
1769637600000,2026-01-29 00:00:00,0.4162,0.4212,0.4136,0.4203,102115.7
1769641200000,2026-01-29 01:00:00,0.4203,0.4213,0.4177,0.418,107649.2
1769644800000,2026-01-29 02:00:00,0.418,0.4197,0.4145,0.4166,141816.0
1769648400000,2026-01-29 03:00:00,0.4166,0.418,0.4138,0.4146,127810.3
1769652000000,2026-01-29 04:00:00,0.4146,0.416,0.4053,0.4065,316094.4
1769655600000,2026-01-29 05:00:00,0.4065,0.4102,0.4046,0.4071,180947.2
1769659200000,2026-01-29 06:00:00,0.4071,0.4083,0.4049,0.4068,137190.3
1769662800000,2026-01-29 07:00:00,0.4068,0.4084,0.4058,0.4071,168518.9
1769666400000,2026-01-29 08:00:00,0.4071,0.4107,0.4067,0.4103,153860.1
1769670000000,2026-01-29 09:00:00,0.4103,0.4122,0.4083,0.4086,91301.6
1769673600000,2026-01-29 10:00:00,0.4086,0.4088,0.4043,0.4056,264549.5
1769677200000,2026-01-29 11:00:00,0.4056,0.4066,0.4032,0.4041,93751.3
1769680800000,2026-01-29 12:00:00,0.4041,0.4053,0.4027,0.4035,77231.1
1769684400000,2026-01-29 13:00:00,0.4035,0.404,0.4008,0.4015,130895.2
1769688000000,2026-01-29 14:00:00,0.4015,0.4028,0.3984,0.3996,163931.6
1769691600000,2026-01-29 15:00:00,0.3996,0.404,0.3996,0.404,33351.5
1769695200000,2026-01-29 16:00:00,0.404,0.4055,0.3927,0.3931,341048.5
1769698800000,2026-01-29 17:00:00,0.3931,0.3931,0.3776,0.3856,1338498.7
1769702400000,2026-01-29 18:00:00,0.3856,0.3904,0.3816,0.3901,328795.0
1769706000000,2026-01-29 19:00:00,0.3901,0.3949,0.3857,0.3857,296454.2
1769709600000,2026-01-29 20:00:00,0.3857,0.3874,0.3785,0.3787,703625.5
1769713200000,2026-01-29 21:00:00,0.3787,0.3851,0.3765,0.3821,432171.3
1769716800000,2026-01-29 22:00:00,0.3821,0.3881,0.381,0.3876,284244.6
1769720400000,2026-01-29 23:00:00,0.3876,0.3898,0.3871,0.3889,263102.9
1769724000000,2026-01-30 00:00:00,0.3889,0.3912,0.3875,0.389,147829.5
1769727600000,2026-01-30 01:00:00,0.389,0.389,0.3862,0.3881,109768.3
1769731200000,2026-01-30 02:00:00,0.3881,0.3898,0.3873,0.3886,136446.0
1769734800000,2026-01-30 03:00:00,0.3886,0.3906,0.3714,0.3832,2550583.9
1769738400000,2026-01-30 04:00:00,0.3832,0.3835,0.3729,0.3789,1254066.7
1769742000000,2026-01-30 05:00:00,0.3789,0.3825,0.376,0.3761,449656.6
1769745600000,2026-01-30 06:00:00,0.3761,0.381,0.3761,0.378,411073.6
1769749200000,2026-01-30 07:00:00,0.378,0.3788,0.3753,0.3766,253201.7
1769752800000,2026-01-30 08:00:00,0.3766,0.3768,0.3719,0.3746,451122.6
1769756400000,2026-01-30 09:00:00,0.3746,0.3814,0.3745,0.3803,591404.2
1769760000000,2026-01-30 10:00:00,0.3803,0.3832,0.3794,0.3819,273694.1
1769763600000,2026-01-30 11:00:00,0.3819,0.3831,0.3781,0.3792,168555.0
1769767200000,2026-01-30 12:00:00,0.3792,0.3832,0.3778,0.3832,138304.0
1769770800000,2026-01-30 13:00:00,0.3832,0.39,0.3817,0.3889,191098.2
1769774400000,2026-01-30 14:00:00,0.3889,0.3895,0.3861,0.3877,107688.8
1769778000000,2026-01-30 15:00:00,0.3877,0.3878,0.3815,0.3838,362033.5
1769781600000,2026-01-30 16:00:00,0.3838,0.3944,0.3838,0.3928,394936.8
1769785200000,2026-01-30 17:00:00,0.3928,0.4013,0.3904,0.3969,583236.2
1769788800000,2026-01-30 18:00:00,0.3969,0.4018,0.3918,0.3971,385898.7
1769792400000,2026-01-30 19:00:00,0.3971,0.399,0.392,0.3927,251797.4
1769796000000,2026-01-30 20:00:00,0.3927,0.4036,0.387,0.4017,592418.4
1769799600000,2026-01-30 21:00:00,0.4017,0.4098,0.4005,0.4042,489116.5
1769803200000,2026-01-30 22:00:00,0.4042,0.405,0.397,0.3992,398277.9
1769806800000,2026-01-30 23:00:00,0.3992,0.4027,0.3973,0.4009,290574.6
1769810400000,2026-01-31 00:00:00,0.4009,0.4031,0.398,0.402,218825.9
1769814000000,2026-01-31 01:00:00,0.402,0.4026,0.3965,0.4008,203035.1
1769817600000,2026-01-31 02:00:00,0.4008,0.4008,0.3965,0.3986,213289.3
1769821200000,2026-01-31 03:00:00,0.3986,0.4012,0.3976,0.4,92878.2
1769824800000,2026-01-31 04:00:00,0.4,0.4021,0.3967,0.3994,126302.8
1769828400000,2026-01-31 05:00:00,0.3994,0.4021,0.3972,0.3979,135002.4
1769832000000,2026-01-31 06:00:00,0.3979,0.4017,0.3978,0.4011,161743.1
1769835600000,2026-01-31 07:00:00,0.4011,0.4011,0.3978,0.4002,104458.6
1769839200000,2026-01-31 08:00:00,0.4002,0.4013,0.3928,0.3951,264707.3
1769842800000,2026-01-31 09:00:00,0.3951,0.3951,0.3884,0.3911,273021.1
1769846400000,2026-01-31 10:00:00,0.3911,0.3914,0.3811,0.3857,700567.8
1769850000000,2026-01-31 11:00:00,0.3857,0.389,0.3841,0.3841,154984.1
1769853600000,2026-01-31 12:00:00,0.3841,0.3849,0.3813,0.3816,170459.6
1769857200000,2026-01-31 13:00:00,0.3816,0.3819,0.3759,0.3774,288405.9
1769860800000,2026-01-31 14:00:00,0.3774,0.3795,0.3762,0.3778,275925.4
1769864400000,2026-01-31 15:00:00,0.3778,0.3785,0.374,0.375,219441.9
1769868000000,2026-01-31 16:00:00,0.375,0.376,0.3511,0.3606,1725736.7
1769871600000,2026-01-31 17:00:00,0.3606,0.3671,0.36,0.3629,465930.0
1769875200000,2026-01-31 18:00:00,0.3629,0.3693,0.3601,0.3668,868367.2
1769878800000,2026-01-31 19:00:00,0.3668,0.3678,0.3401,0.3446,2694968.1
1769882400000,2026-01-31 20:00:00,0.3446,0.349,0.3229,0.3433,2551836.6
1769886000000,2026-01-31 21:00:00,0.3433,0.3491,0.3415,0.3447,552285.4
1769889600000,2026-01-31 22:00:00,0.3447,0.3482,0.3388,0.3464,401208.0
1769893200000,2026-01-31 23:00:00,0.3464,0.3592,0.3453,0.3553,456011.6
1769896800000,2026-02-01 00:00:00,0.3553,0.3558,0.35,0.352,176305.4
1769900400000,2026-02-01 01:00:00,0.352,0.3614,0.3512,0.3578,301508.3
1769904000000,2026-02-01 02:00:00,0.3578,0.3607,0.3553,0.3565,237143.1
1769907600000,2026-02-01 03:00:00,0.3565,0.3567,0.3514,0.3555,167614.1
1769911200000,2026-02-01 04:00:00,0.3555,0.3606,0.3543,0.3593,143327.4
1769914800000,2026-02-01 05:00:00,0.3593,0.3601,0.3565,0.3573,164779.5
1769918400000,2026-02-01 06:00:00,0.3573,0.3581,0.3547,0.3562,171887.3
1769922000000,2026-02-01 07:00:00,0.3562,0.3581,0.3544,0.3552,179333.7
1769925600000,2026-02-01 08:00:00,0.3552,0.3577,0.3543,0.3574,107793.7
1769929200000,2026-02-01 09:00:00,0.3574,0.3648,0.3571,0.3621,186473.5
1769932800000,2026-02-01 10:00:00,0.3621,0.3663,0.3612,0.3626,163347.2
1769936400000,2026-02-01 11:00:00,0.3626,0.3626,0.3581,0.3622,207300.5
1769940000000,2026-02-01 12:00:00,0.3622,0.3641,0.3567,0.3579,265706.5
1769943600000,2026-02-01 13:00:00,0.3579,0.3614,0.356,0.3611,169890.4
1769947200000,2026-02-01 14:00:00,0.3611,0.3616,0.3582,0.3604,202085.6
1769950800000,2026-02-01 15:00:00,0.3604,0.3633,0.3576,0.3588,151016.5
1769954400000,2026-02-01 16:00:00,0.3588,0.361,0.3529,0.3565,345639.1
1769958000000,2026-02-01 17:00:00,0.3565,0.3565,0.3449,0.3496,461179.6
1769961600000,2026-02-01 18:00:00,0.3496,0.3526,0.3459,0.3477,389580.9
1769965200000,2026-02-01 19:00:00,0.3477,0.3498,0.3427,0.3463,326914.4
1769968800000,2026-02-01 20:00:00,0.3463,0.3543,0.3459,0.3492,432217.9
1769972400000,2026-02-01 21:00:00,0.3492,0.3503,0.3439,0.3463,225871.4
1769976000000,2026-02-01 22:00:00,0.3463,0.3463,0.3386,0.3392,482261.8
1769979600000,2026-02-01 23:00:00,0.3392,0.3408,0.3366,0.3399,298867.6
1769983200000,2026-02-02 00:00:00,0.3399,0.3462,0.3395,0.3404,240920.3
1769986800000,2026-02-02 01:00:00,0.3404,0.3406,0.3282,0.3348,1269843.4
1769990400000,2026-02-02 02:00:00,0.3348,0.3462,0.3317,0.3421,652169.2
1769994000000,2026-02-02 03:00:00,0.3421,0.347,0.335,0.3402,564039.0
1769997600000,2026-02-02 04:00:00,0.3402,0.3405,0.3324,0.3337,422577.6
1770001200000,2026-02-02 05:00:00,0.3337,0.3399,0.3223,0.3378,1385726.8
1770004800000,2026-02-02 06:00:00,0.3378,0.3431,0.331,0.3373,496757.7
1770008400000,2026-02-02 07:00:00,0.3373,0.3375,0.3283,0.3321,499077.8
1770012000000,2026-02-02 08:00:00,0.3321,0.3428,0.3263,0.3372,1272602.0
1770015600000,2026-02-02 09:00:00,0.3372,0.339,0.3292,0.3296,583333.2
1770019200000,2026-02-02 10:00:00,0.3296,0.3325,0.3283,0.3302,366279.3
1770022800000,2026-02-02 11:00:00,0.3302,0.3368,0.3276,0.3345,526992.7
1770026400000,2026-02-02 12:00:00,0.3345,0.3398,0.334,0.3389,328241.9
1770030000000,2026-02-02 13:00:00,0.3389,0.3437,0.338,0.3411,334063.2
1770033600000,2026-02-02 14:00:00,0.3411,0.3471,0.341,0.3456,419923.5
1770037200000,2026-02-02 15:00:00,0.3456,0.3491,0.3442,0.3474,393998.7
1770040800000,2026-02-02 16:00:00,0.3474,0.3534,0.3451,0.3502,565490.4
1770044400000,2026-02-02 17:00:00,0.3502,0.3578,0.3492,0.3557,455690.8
1770048000000,2026-02-02 18:00:00,0.3557,0.3577,0.3538,0.3545,252682.2
1770051600000,2026-02-02 19:00:00,0.3545,0.3573,0.3528,0.3535,181780.8
1770055200000,2026-02-02 20:00:00,0.3535,0.3567,0.353,0.3554,209257.5
1770058800000,2026-02-02 21:00:00,0.3554,0.3561,0.3524,0.3524,184929.0
1770062400000,2026-02-02 22:00:00,0.3524,0.354,0.3515,0.3535,177251.6
1770066000000,2026-02-02 23:00:00,0.3535,0.3557,0.353,0.353,146271.7
1770069600000,2026-02-03 00:00:00,0.353,0.3545,0.3514,0.3544,108529.8
1770073200000,2026-02-03 01:00:00,0.3544,0.356,0.3534,0.3547,137743.4
1770076800000,2026-02-03 02:00:00,0.3547,0.3565,0.3526,0.3559,163893.0
1770080400000,2026-02-03 03:00:00,0.3559,0.3559,0.3516,0.3527,150678.9
1770084000000,2026-02-03 04:00:00,0.3527,0.3527,0.3443,0.3443,237654.9
1770087600000,2026-02-03 05:00:00,0.3443,0.3489,0.3418,0.3483,375172.5
1770091200000,2026-02-03 06:00:00,0.3483,0.352,0.3454,0.3502,199662.9
1770094800000,2026-02-03 07:00:00,0.3502,0.3508,0.3481,0.3482,326679.2
1770098400000,2026-02-03 08:00:00,0.3482,0.3534,0.3452,0.3517,544860.7
1770102000000,2026-02-03 09:00:00,0.3517,0.3519,0.3491,0.3499,226688.7
1770105600000,2026-02-03 10:00:00,0.3499,0.3542,0.3488,0.3516,260623.6
1770109200000,2026-02-03 11:00:00,0.3516,0.3539,0.3475,0.3493,558638.6
1770112800000,2026-02-03 12:00:00,0.3493,0.3506,0.3449,0.3462,319487.3
1770116400000,2026-02-03 13:00:00,0.3462,0.3467,0.3427,0.3433,228852.4
1770120000000,2026-02-03 14:00:00,0.3433,0.3477,0.3427,0.3459,246582.1
1770123600000,2026-02-03 15:00:00,0.3459,0.3482,0.3445,0.3473,233402.8
1770127200000,2026-02-03 16:00:00,0.3473,0.3486,0.3398,0.3401,401936.2
1770130800000,2026-02-03 17:00:00,0.3401,0.353,0.3395,0.3527,920977.3
1770134400000,2026-02-03 18:00:00,0.3527,0.3527,0.3437,0.3449,669357.5
1770138000000,2026-02-03 19:00:00,0.3449,0.3461,0.3338,0.3341,713375.9
1770141600000,2026-02-03 20:00:00,0.3341,0.336,0.3275,0.3285,991881.4
1770145200000,2026-02-03 21:00:00,0.3285,0.3474,0.3282,0.345,1314621.6
1770148800000,2026-02-03 22:00:00,0.345,0.3591,0.3407,0.3546,1535388.9
1770152400000,2026-02-03 23:00:00,0.3546,0.358,0.3481,0.3492,493900.4
1770156000000,2026-02-04 00:00:00,0.3492,0.3493,0.3418,0.3434,325436.1
1770159600000,2026-02-04 01:00:00,0.3434,0.3442,0.3386,0.3408,411768.6
1770163200000,2026-02-04 02:00:00,0.3408,0.3455,0.3404,0.3426,311073.1
1770166800000,2026-02-04 03:00:00,0.3426,0.3479,0.3426,0.3458,255778.6
1770170400000,2026-02-04 04:00:00,0.3458,0.3458,0.3409,0.3421,178529.7
1770174000000,2026-02-04 05:00:00,0.3421,0.3453,0.3413,0.3425,180179.2
1770177600000,2026-02-04 06:00:00,0.3425,0.3426,0.3392,0.3406,192475.5
1770181200000,2026-02-04 07:00:00,0.3406,0.3417,0.3391,0.34,145639.3
1770184800000,2026-02-04 08:00:00,0.34,0.3404,0.3371,0.3401,246435.7
1770188400000,2026-02-04 09:00:00,0.3401,0.3412,0.3366,0.3382,224544.3
1770192000000,2026-02-04 10:00:00,0.3382,0.3408,0.3361,0.3397,140870.0
1770195600000,2026-02-04 11:00:00,0.3397,0.3398,0.334,0.3347,206271.1
1770199200000,2026-02-04 12:00:00,0.3347,0.3361,0.3344,0.336,198708.2
1770202800000,2026-02-04 13:00:00,0.336,0.3361,0.3309,0.3337,407156.4
1770206400000,2026-02-04 14:00:00,0.3337,0.3343,0.3305,0.3318,174435.9
1770210000000,2026-02-04 15:00:00,0.3318,0.3321,0.3264,0.3267,294615.2
1770213600000,2026-02-04 16:00:00,0.3267,0.3321,0.3243,0.3256,580613.6
1770217200000,2026-02-04 17:00:00,0.3256,0.33,0.3203,0.3243,688149.6
1770220800000,2026-02-04 18:00:00,0.3243,0.3256,0.3166,0.319,686196.2
1770224400000,2026-02-04 19:00:00,0.319,0.322,0.3138,0.3213,664933.1
1770228000000,2026-02-04 20:00:00,0.3213,0.3285,0.3177,0.3247,703914.4
1770231600000,2026-02-04 21:00:00,0.3247,0.3351,0.3232,0.3346,394500.9
1770235200000,2026-02-04 22:00:00,0.3346,0.3376,0.3303,0.3312,367153.4
1770238800000,2026-02-04 23:00:00,0.3312,0.3328,0.3255,0.3269,374256.9
1770242400000,2026-02-05 00:00:00,0.3269,0.3316,0.3209,0.3238,433542.6
1770246000000,2026-02-05 01:00:00,0.3238,0.3306,0.323,0.328,425536.5
1770249600000,2026-02-05 02:00:00,0.328,0.3306,0.3269,0.3283,227930.5
1770253200000,2026-02-05 03:00:00,0.3283,0.3328,0.3253,0.3268,310621.1
1770256800000,2026-02-05 04:00:00,0.3268,0.3293,0.3222,0.3228,348538.2
1770260400000,2026-02-05 05:00:00,0.3228,0.3253,0.3213,0.3225,277802.4
1770264000000,2026-02-05 06:00:00,0.3225,0.3242,0.3183,0.3187,455959.6
1770267600000,2026-02-05 07:00:00,0.3187,0.3235,0.3159,0.3192,366493.9
1770271200000,2026-02-05 08:00:00,0.3192,0.3197,0.3144,0.3162,559054.6
1770274800000,2026-02-05 09:00:00,0.3162,0.3214,0.3158,0.3172,276996.1
1770278400000,2026-02-05 10:00:00,0.3172,0.324,0.3171,0.3208,390615.1
1770282000000,2026-02-05 11:00:00,0.3208,0.324,0.3179,0.3183,392346.1
1770285600000,2026-02-05 12:00:00,0.3183,0.3187,0.3109,0.3132,455866.5
1770289200000,2026-02-05 13:00:00,0.3132,0.3156,0.3068,0.3129,844151.3
1770292800000,2026-02-05 14:00:00,0.3129,0.3139,0.3093,0.3105,680500.9
1770296400000,2026-02-05 15:00:00,0.3105,0.3126,0.3076,0.3104,361799.3
1770300000000,2026-02-05 16:00:00,0.3104,0.3165,0.3094,0.31,494714.7
1770303600000,2026-02-05 17:00:00,0.31,0.3111,0.292,0.2962,2758909.9
1770307200000,2026-02-05 18:00:00,0.2962,0.3015,0.2909,0.2974,1350375.9
1770310800000,2026-02-05 19:00:00,0.2974,0.2999,0.2872,0.2914,1176735.9
1770314400000,2026-02-05 20:00:00,0.2914,0.2956,0.2873,0.2947,863797.8
1770318000000,2026-02-05 21:00:00,0.2947,0.2947,0.2866,0.2876,532413.8
1770321600000,2026-02-05 22:00:00,0.2876,0.2891,0.2692,0.2764,2810900.9
1770325200000,2026-02-05 23:00:00,0.2764,0.2843,0.2729,0.2791,1445017.2
1770328800000,2026-02-06 00:00:00,0.2791,0.2864,0.2762,0.2819,693192.2
1770332400000,2026-02-06 01:00:00,0.2819,0.288,0.2783,0.279,888309.7
1770336000000,2026-02-06 02:00:00,0.279,0.2837,0.2447,0.2787,9709792.3
1770339600000,2026-02-06 03:00:00,0.2787,0.288,0.2774,0.2876,1641027.5
1770343200000,2026-02-06 04:00:00,0.2876,0.2905,0.279,0.2804,1055528.3
1770346800000,2026-02-06 05:00:00,0.2804,0.2828,0.2765,0.2784,913572.7
1770350400000,2026-02-06 06:00:00,0.2784,0.2786,0.2751,0.2763,801961.0
1770354000000,2026-02-06 07:00:00,0.2763,0.2817,0.2755,0.2813,1102540.5
1770357600000,2026-02-06 08:00:00,0.2813,0.2843,0.275,0.2753,930970.4
1770361200000,2026-02-06 09:00:00,0.2753,0.2773,0.2724,0.2741,984790.9
1770364800000,2026-02-06 10:00:00,0.2741,0.2755,0.2704,0.2732,844928.0
1770368400000,2026-02-06 11:00:00,0.2732,0.283,0.2718,0.2822,670448.9
1770372000000,2026-02-06 12:00:00,0.2822,0.2868,0.2814,0.2861,660666.7
1770375600000,2026-02-06 13:00:00,0.2861,0.2873,0.2829,0.2845,572726.3
1770379200000,2026-02-06 14:00:00,0.2845,0.2845,0.2813,0.2827,307054.6
1770382800000,2026-02-06 15:00:00,0.2827,0.2875,0.2815,0.2844,752347.9
1770386400000,2026-02-06 16:00:00,0.2844,0.2951,0.2828,0.2931,1282410.3
1770390000000,2026-02-06 17:00:00,0.2931,0.2933,0.2892,0.2908,1081735.2
1770393600000,2026-02-06 18:00:00,0.2908,0.3014,0.2893,0.2997,1005924.2
1770397200000,2026-02-06 19:00:00,0.2997,0.3061,0.2983,0.3019,1190434.1
1770400800000,2026-02-06 20:00:00,0.3019,0.3024,0.2953,0.296,1409427.9
1770404400000,2026-02-06 21:00:00,0.296,0.3002,0.2943,0.2997,655842.7
1770408000000,2026-02-06 22:00:00,0.2997,0.3005,0.2947,0.2972,837298.7
1770411600000,2026-02-06 23:00:00,0.2972,0.2993,0.2954,0.2988,278212.2
1770415200000,2026-02-07 00:00:00,0.2988,0.3047,0.2984,0.3036,385077.7
1770418800000,2026-02-07 01:00:00,0.3036,0.3049,0.2993,0.2994,348737.8
1770422400000,2026-02-07 02:00:00,0.2994,0.3,0.2956,0.2969,604049.3
1770426000000,2026-02-07 03:00:00,0.2969,0.3007,0.295,0.299,979836.2
1770429600000,2026-02-07 04:00:00,0.299,0.3012,0.2975,0.2982,206776.8
1770433200000,2026-02-07 05:00:00,0.2982,0.3023,0.2976,0.3015,455082.5
1770436800000,2026-02-07 06:00:00,0.3015,0.3065,0.3009,0.302,422562.1
1770440400000,2026-02-07 07:00:00,0.302,0.3036,0.3008,0.3017,325830.1
1770444000000,2026-02-07 08:00:00,0.3017,0.3047,0.2993,0.2993,531554.1
1770447600000,2026-02-07 09:00:00,0.2993,0.3008,0.2923,0.2937,1155662.7
1770451200000,2026-02-07 10:00:00,0.2937,0.2952,0.2916,0.2941,638970.2
1770454800000,2026-02-07 11:00:00,0.2941,0.2951,0.2904,0.2913,323234.2
1770458400000,2026-02-07 12:00:00,0.2913,0.2938,0.291,0.2938,266959.8
1770462000000,2026-02-07 13:00:00,0.2938,0.2944,0.2912,0.2926,376091.2
1770465600000,2026-02-07 14:00:00,0.2926,0.3042,0.2918,0.3013,760338.0
1770469200000,2026-02-07 15:00:00,0.3013,0.3025,0.2965,0.298,345816.8
1770472800000,2026-02-07 16:00:00,0.298,0.2981,0.2933,0.2935,396898.8
1770476400000,2026-02-07 17:00:00,0.2935,0.2995,0.2929,0.2985,545017.7
1770480000000,2026-02-07 18:00:00,0.2985,0.3097,0.2971,0.299,5815142.5
1770483600000,2026-02-07 19:00:00,0.299,0.3002,0.2967,0.2983,517325.3
1770487200000,2026-02-07 20:00:00,0.2983,0.3032,0.298,0.3011,357152.6
1770490800000,2026-02-07 21:00:00,0.3011,0.3011,0.2968,0.2971,170148.5
1770494400000,2026-02-07 22:00:00,0.2971,0.2987,0.2961,0.2979,285233.5
1770498000000,2026-02-07 23:00:00,0.2979,0.2989,0.2958,0.2963,209246.1
1770501600000,2026-02-08 00:00:00,0.2963,0.2968,0.2937,0.2946,140942.0
1770505200000,2026-02-08 01:00:00,0.2946,0.2947,0.2923,0.2942,219951.7
1770508800000,2026-02-08 02:00:00,0.2942,0.2955,0.2932,0.2946,398885.8
1770512400000,2026-02-08 03:00:00,0.2946,0.2957,0.2941,0.2951,235437.0
1770516000000,2026-02-08 04:00:00,0.2951,0.2973,0.2937,0.2944,223604.0
1770519600000,2026-02-08 05:00:00,0.2944,0.295,0.2924,0.2934,199133.4
1770523200000,2026-02-08 06:00:00,0.2934,0.2946,0.2925,0.2938,206962.8
1770526800000,2026-02-08 07:00:00,0.2938,0.2948,0.2927,0.293,125092.5
1770530400000,2026-02-08 08:00:00,0.293,0.2941,0.2913,0.2914,171593.5
1770534000000,2026-02-08 09:00:00,0.2914,0.2926,0.2907,0.2926,317618.0
1770537600000,2026-02-08 10:00:00,0.2926,0.296,0.2913,0.2938,446329.3
1770541200000,2026-02-08 11:00:00,0.2938,0.2952,0.2918,0.2922,229431.7
1770544800000,2026-02-08 12:00:00,0.2922,0.2933,0.2888,0.289,333471.6
1770548400000,2026-02-08 13:00:00,0.289,0.294,0.2883,0.2928,515742.8
1770552000000,2026-02-08 14:00:00,0.2928,0.2931,0.2901,0.2919,283948.7
1770555600000,2026-02-08 15:00:00,0.2919,0.2934,0.2905,0.2933,595080.4
1770559200000,2026-02-08 16:00:00,0.2933,0.2952,0.2927,0.2937,284722.9
1770562800000,2026-02-08 17:00:00,0.2937,0.2944,0.2897,0.2907,393446.3
1770566400000,2026-02-08 18:00:00,0.2907,0.2921,0.2847,0.2857,671782.1
1770570000000,2026-02-08 19:00:00,0.2857,0.2887,0.2856,0.2877,404294.4
1770573600000,2026-02-08 20:00:00,0.2877,0.2904,0.2865,0.2886,222576.1
1770577200000,2026-02-08 21:00:00,0.2886,0.2905,0.2882,0.29,165488.4
1770580800000,2026-02-08 22:00:00,0.29,0.29,0.2875,0.2882,211569.2
1770584400000,2026-02-08 23:00:00,0.2882,0.2892,0.2867,0.288,218858.3
1770588000000,2026-02-09 00:00:00,0.288,0.2908,0.2874,0.2905,142507.4
1770591600000,2026-02-09 01:00:00,0.2905,0.2967,0.2875,0.2887,867658.5
1770595200000,2026-02-09 02:00:00,0.2887,0.2907,0.2873,0.2888,339601.5
1770598800000,2026-02-09 03:00:00,0.2888,0.2896,0.2843,0.2869,466629.5
1770602400000,2026-02-09 04:00:00,0.2869,0.2917,0.2866,0.2902,297670.3
1770606000000,2026-02-09 05:00:00,0.2902,0.2938,0.29,0.2936,350271.5
1770609600000,2026-02-09 06:00:00,0.2936,0.2948,0.2927,0.2933,235125.1
1770613200000,2026-02-09 07:00:00,0.2933,0.2947,0.2923,0.2943,301558.4
1770616800000,2026-02-09 08:00:00,0.2943,0.2943,0.2893,0.2917,286309.6
1770620400000,2026-02-09 09:00:00,0.2917,0.2924,0.2896,0.29,223490.8
1770624000000,2026-02-09 10:00:00,0.29,0.2908,0.2862,0.2878,380032.5
1770627600000,2026-02-09 11:00:00,0.2878,0.288,0.2854,0.2869,341221.1
1770631200000,2026-02-09 12:00:00,0.2869,0.2879,0.2827,0.2842,602575.0
1770634800000,2026-02-09 13:00:00,0.2842,0.2863,0.2811,0.2811,406958.9
1770638400000,2026-02-09 14:00:00,0.2811,0.2823,0.2805,0.2808,211066.5
1770642000000,2026-02-09 15:00:00,0.2808,0.2845,0.2804,0.2835,622501.9
1770645600000,2026-02-09 16:00:00,0.2835,0.2886,0.2814,0.2876,761205.2
1770649200000,2026-02-09 17:00:00,0.2876,0.2901,0.2834,0.2875,824424.5
1770652800000,2026-02-09 18:00:00,0.2875,0.2947,0.2871,0.2915,1062549.4
1770656400000,2026-02-09 19:00:00,0.2915,0.2962,0.2883,0.2953,777432.3
1770660000000,2026-02-09 20:00:00,0.2953,0.2966,0.2931,0.295,646736.3
1770663600000,2026-02-09 21:00:00,0.295,0.2971,0.2939,0.2957,477556.6
1770667200000,2026-02-09 22:00:00,0.2957,0.2967,0.2923,0.2944,378621.8
1770670800000,2026-02-09 23:00:00,0.2944,0.2946,0.2892,0.2932,441580.9
1770674400000,2026-02-10 00:00:00,0.2932,0.2945,0.2909,0.291,160865.3
1770678000000,2026-02-10 01:00:00,0.291,0.2922,0.2895,0.2905,320141.8
1770681600000,2026-02-10 02:00:00,0.2905,0.2911,0.2893,0.2898,356232.4
1770685200000,2026-02-10 03:00:00,0.2898,0.2924,0.2895,0.2908,259798.3
1770688800000,2026-02-10 04:00:00,0.2908,0.2908,0.2878,0.2883,173653.6
1770692400000,2026-02-10 05:00:00,0.2883,0.2885,0.282,0.2834,535427.8
1770696000000,2026-02-10 06:00:00,0.2834,0.2852,0.2831,0.2845,291769.6
1770699600000,2026-02-10 07:00:00,0.2845,0.2845,0.2793,0.2804,466248.9
1770703200000,2026-02-10 08:00:00,0.2804,0.2814,0.2762,0.2774,714979.5
1770706800000,2026-02-10 09:00:00,0.2774,0.2813,0.2774,0.2808,558796.1
1770710400000,2026-02-10 10:00:00,0.2808,0.2826,0.2797,0.2826,269956.4
1770714000000,2026-02-10 11:00:00,0.2826,0.2849,0.282,0.2841,301122.2
1770717600000,2026-02-10 12:00:00,0.2841,0.2862,0.2832,0.2838,241628.1
1770721200000,2026-02-10 13:00:00,0.2838,0.2847,0.2822,0.2836,332400.2
1770724800000,2026-02-10 14:00:00,0.2836,0.2849,0.2836,0.2845,249870.2
1770728400000,2026-02-10 15:00:00,0.2845,0.2859,0.2833,0.2856,571099.2
1770732000000,2026-02-10 16:00:00,0.2856,0.2913,0.2854,0.2888,1578204.4
1770735600000,2026-02-10 17:00:00,0.2888,0.2911,0.2866,0.2881,1102163.7
1770739200000,2026-02-10 18:00:00,0.2881,0.2922,0.2875,0.2894,707541.2
1770742800000,2026-02-10 19:00:00,0.2894,0.2906,0.2879,0.289,439396.4
1770746400000,2026-02-10 20:00:00,0.289,0.2897,0.2826,0.2842,613049.5
1770750000000,2026-02-10 21:00:00,0.2842,0.2846,0.2817,0.2824,393834.2
1770753600000,2026-02-10 22:00:00,0.2824,0.2825,0.2807,0.2816,294119.4
1770757200000,2026-02-10 23:00:00,0.2816,0.2826,0.2795,0.2802,211617.1
1770760800000,2026-02-11 00:00:00,0.2802,0.2827,0.2802,0.2817,180273.7
1770764400000,2026-02-11 01:00:00,0.2817,0.2837,0.2805,0.2827,227360.3
1770768000000,2026-02-11 02:00:00,0.2827,0.2843,0.2826,0.2839,263940.7
1770771600000,2026-02-11 03:00:00,0.2839,0.2847,0.2834,0.2845,210957.0
1770775200000,2026-02-11 04:00:00,0.2845,0.286,0.2839,0.284,320400.4
1770778800000,2026-02-11 05:00:00,0.284,0.284,0.279,0.2804,392825.6
1770782400000,2026-02-11 06:00:00,0.2804,0.2809,0.2779,0.2785,601841.3
1770786000000,2026-02-11 07:00:00,0.2785,0.2798,0.2765,0.2767,526332.8
1770789600000,2026-02-11 08:00:00,0.2767,0.2775,0.2724,0.2732,836292.7
1770793200000,2026-02-11 09:00:00,0.2732,0.2738,0.27,0.2701,562806.4
1770796800000,2026-02-11 10:00:00,0.2701,0.2713,0.2689,0.2712,406446.8
1770800400000,2026-02-11 11:00:00,0.2712,0.273,0.2707,0.2726,329124.8
1770804000000,2026-02-11 12:00:00,0.2726,0.273,0.2711,0.2718,343607.6
1770807600000,2026-02-11 13:00:00,0.2718,0.2733,0.2718,0.2726,174459.4
1770811200000,2026-02-11 14:00:00,0.2726,0.2729,0.2702,0.2712,351553.6
1770814800000,2026-02-11 15:00:00,0.2712,0.2762,0.2696,0.2762,943860.6
1770818400000,2026-02-11 16:00:00,0.2762,0.2864,0.273,0.2737,2218037.2
1770822000000,2026-02-11 17:00:00,0.2737,0.2752,0.2704,0.2733,1553378.7
1770825600000,2026-02-11 18:00:00,0.2733,0.2784,0.2713,0.272,797072.9
1770829200000,2026-02-11 19:00:00,0.272,0.278,0.271,0.2749,817142.0
1770832800000,2026-02-11 20:00:00,0.2749,0.2839,0.2731,0.2817,903499.0
1770836400000,2026-02-11 21:00:00,0.2817,0.2834,0.2794,0.2802,905674.8
1770840000000,2026-02-11 22:00:00,0.2802,0.2836,0.2777,0.283,1059375.4
1770843600000,2026-02-11 23:00:00,0.283,0.2856,0.2821,0.2826,825412.0
1770847200000,2026-02-12 00:00:00,0.2826,0.284,0.2782,0.2788,428652.5
1770850800000,2026-02-12 01:00:00,0.2788,0.2818,0.2768,0.281,681299.2
1770854400000,2026-02-12 02:00:00,0.281,0.2839,0.2806,0.2824,535995.9
1770858000000,2026-02-12 03:00:00,0.2824,0.2836,0.2798,0.2802,322854.2
1770861600000,2026-02-12 04:00:00,0.2802,0.2807,0.2787,0.2791,242006.5
1770865200000,2026-02-12 05:00:00,0.2791,0.2809,0.2777,0.2803,295785.5
1770868800000,2026-02-12 06:00:00,0.2803,0.284,0.2802,0.2821,313676.7
1770872400000,2026-02-12 07:00:00,0.2821,0.2851,0.2809,0.2842,427330.2
1770876000000,2026-02-12 08:00:00,0.2842,0.288,0.2839,0.2867,498085.0
1770879600000,2026-02-12 09:00:00,0.2867,0.288,0.2852,0.2877,372379.8
1770883200000,2026-02-12 10:00:00,0.2877,0.2884,0.2848,0.286,514744.4
1770886800000,2026-02-12 11:00:00,0.286,0.2868,0.2847,0.2856,386045.2
1770890400000,2026-02-12 12:00:00,0.2856,0.2878,0.2842,0.2877,400303.3
1770894000000,2026-02-12 13:00:00,0.2877,0.2888,0.2861,0.2864,436518.0
1770897600000,2026-02-12 14:00:00,0.2864,0.2864,0.2835,0.284,496185.7
1770901200000,2026-02-12 15:00:00,0.284,0.286,0.2827,0.2854,462206.8
1770904800000,2026-02-12 16:00:00,0.2854,0.2868,0.2823,0.2854,754058.4
1770908400000,2026-02-12 17:00:00,0.2854,0.2917,0.2832,0.2834,1362478.8
1770912000000,2026-02-12 18:00:00,0.2834,0.2887,0.2812,0.2834,1592189.3
1770915600000,2026-02-12 19:00:00,0.2834,0.2846,0.2813,0.2816,936216.1
1770919200000,2026-02-12 20:00:00,0.2816,0.2854,0.2814,0.2844,726626.5
1770922800000,2026-02-12 21:00:00,0.2844,0.2905,0.2829,0.2852,697210.0
1770926400000,2026-02-12 22:00:00,0.2852,0.2861,0.2804,0.2812,422152.0
1770930000000,2026-02-12 23:00:00,0.2812,0.2828,0.2808,0.2822,399105.3
1770933600000,2026-02-13 00:00:00,0.2822,0.2875,0.2804,0.2874,269770.6
1770937200000,2026-02-13 01:00:00,0.2874,0.2892,0.2868,0.2875,374946.8
1770940800000,2026-02-13 02:00:00,0.2875,0.2888,0.2823,0.284,476637.1
1770944400000,2026-02-13 03:00:00,0.284,0.2874,0.2828,0.2861,444895.5
1770948000000,2026-02-13 04:00:00,0.2861,0.2881,0.2858,0.2874,390281.5
1770951600000,2026-02-13 05:00:00,0.2874,0.2875,0.2846,0.2851,365982.1
1770955200000,2026-02-13 06:00:00,0.2851,0.2851,0.282,0.2829,527162.5
1770958800000,2026-02-13 07:00:00,0.2829,0.2831,0.2807,0.281,241363.4
1770962400000,2026-02-13 08:00:00,0.281,0.2827,0.2798,0.2823,299781.1
1770966000000,2026-02-13 09:00:00,0.2823,0.2841,0.2814,0.2827,344221.4
1770969600000,2026-02-13 10:00:00,0.2827,0.2868,0.2822,0.2857,368010.7
1770973200000,2026-02-13 11:00:00,0.2857,0.2863,0.2838,0.2856,286436.9
1770976800000,2026-02-13 12:00:00,0.2856,0.2885,0.2855,0.2865,576801.1
1770980400000,2026-02-13 13:00:00,0.2865,0.2877,0.2857,0.2874,330988.9
1770984000000,2026-02-13 14:00:00,0.2874,0.2879,0.286,0.2874,347065.9
1770987600000,2026-02-13 15:00:00,0.2874,0.2897,0.2854,0.2869,727052.8
1770991200000,2026-02-13 16:00:00,0.2869,0.2905,0.2859,0.2889,1108284.9
1770994800000,2026-02-13 17:00:00,0.2889,0.2984,0.2888,0.2941,1504196.4
1770998400000,2026-02-13 18:00:00,0.2941,0.302,0.2935,0.2997,1531057.2
1771002000000,2026-02-13 19:00:00,0.2997,0.3001,0.2977,0.2981,754583.9
1771005600000,2026-02-13 20:00:00,0.2981,0.2983,0.2962,0.2973,499156.9
1771009200000,2026-02-13 21:00:00,0.2973,0.2985,0.2969,0.2979,374395.1
1771012800000,2026-02-13 22:00:00,0.2979,0.3003,0.2974,0.3,487193.6
1771016400000,2026-02-13 23:00:00,0.3,0.3018,0.2993,0.3011,388825.1
1771020000000,2026-02-14 00:00:00,0.3011,0.302,0.2993,0.3005,276883.4
1771023600000,2026-02-14 01:00:00,0.3005,0.3008,0.2985,0.2994,173163.5
1771027200000,2026-02-14 02:00:00,0.2994,0.3022,0.2989,0.3,510929.1
1771030800000,2026-02-14 03:00:00,0.3,0.3003,0.2986,0.299,203964.8
1771034400000,2026-02-14 04:00:00,0.299,0.3007,0.2977,0.2981,200534.7
1771038000000,2026-02-14 05:00:00,0.2981,0.2991,0.2972,0.2973,204071.1
1771041600000,2026-02-14 06:00:00,0.2973,0.2976,0.2967,0.2972,87155.0
1771045200000,2026-02-14 07:00:00,0.2972,0.2984,0.2953,0.2955,309373.2
1771048800000,2026-02-14 08:00:00,0.2955,0.2974,0.2952,0.2965,167545.9
1771052400000,2026-02-14 09:00:00,0.2965,0.2982,0.2965,0.2978,122352.1
1771056000000,2026-02-14 10:00:00,0.2978,0.3,0.2978,0.2997,172926.9
1771059600000,2026-02-14 11:00:00,0.2997,0.3011,0.2997,0.3008,220464.9
1771063200000,2026-02-14 12:00:00,0.3008,0.3009,0.2996,0.3,181035.3
1771066800000,2026-02-14 13:00:00,0.3,0.3044,0.2999,0.3033,627059.4
1771070400000,2026-02-14 14:00:00,0.3033,0.3049,0.3016,0.3019,339922.5
1771074000000,2026-02-14 15:00:00,0.3019,0.3029,0.3005,0.3012,568040.3
1771077600000,2026-02-14 16:00:00,0.3012,0.3045,0.3005,0.3039,368450.5
1771081200000,2026-02-14 17:00:00,0.3039,0.3058,0.303,0.3057,338014.5
1771084800000,2026-02-14 18:00:00,0.3057,0.307,0.3028,0.3067,556046.6
1771088400000,2026-02-14 19:00:00,0.3067,0.3096,0.3058,0.3069,407500.8
1771092000000,2026-02-14 20:00:00,0.3069,0.3109,0.3066,0.3096,444704.0
1771095600000,2026-02-14 21:00:00,0.3096,0.3139,0.3078,0.3127,612132.7
1771099200000,2026-02-14 22:00:00,0.3127,0.3148,0.3105,0.3123,609394.6
1771102800000,2026-02-14 23:00:00,0.3123,0.3149,0.3099,0.3116,715394.2
1771106400000,2026-02-15 00:00:00,0.3116,0.3152,0.3112,0.3135,409992.8
1771110000000,2026-02-15 01:00:00,0.3135,0.3143,0.3106,0.3114,360794.1
1771113600000,2026-02-15 02:00:00,0.3114,0.3123,0.3078,0.3094,538703.0
1771117200000,2026-02-15 03:00:00,0.3094,0.311,0.3072,0.3092,426125.8
1771120800000,2026-02-15 04:00:00,0.3092,0.3097,0.305,0.3082,427785.8
1771124400000,2026-02-15 05:00:00,0.3082,0.3099,0.3033,0.3098,635095.3
1771128000000,2026-02-15 06:00:00,0.3098,0.3125,0.3081,0.3097,636893.3
1771131600000,2026-02-15 07:00:00,0.3097,0.3113,0.3089,0.3105,515609.9
1771135200000,2026-02-15 08:00:00,0.3105,0.3114,0.3083,0.309,223106.1
1771138800000,2026-02-15 09:00:00,0.309,0.3116,0.309,0.311,335882.4
1771142400000,2026-02-15 10:00:00,0.311,0.3118,0.3047,0.3067,509410.1
1771146000000,2026-02-15 11:00:00,0.3067,0.3082,0.3053,0.3066,383034.3
1771149600000,2026-02-15 12:00:00,0.3066,0.3066,0.3015,0.3037,469253.6
1771153200000,2026-02-15 13:00:00,0.3037,0.3045,0.303,0.3038,165309.2
1771156800000,2026-02-15 14:00:00,0.3038,0.304,0.2927,0.2933,813347.5
1771160400000,2026-02-15 15:00:00,0.2933,0.2966,0.2902,0.2919,1273154.9
1771164000000,2026-02-15 16:00:00,0.2919,0.2952,0.2917,0.2948,435559.1
1771167600000,2026-02-15 17:00:00,0.2948,0.2965,0.2927,0.2934,327489.4
1771171200000,2026-02-15 18:00:00,0.2934,0.2942,0.2912,0.2917,446919.3
1771174800000,2026-02-15 19:00:00,0.2917,0.2928,0.2856,0.2888,894281.8
1771178400000,2026-02-15 20:00:00,0.2888,0.2888,0.2851,0.2859,688902.0
1771182000000,2026-02-15 21:00:00,0.2859,0.2883,0.2843,0.2857,606062.2
1771185600000,2026-02-15 22:00:00,0.2857,0.2881,0.2848,0.2872,290975.3
1771189200000,2026-02-15 23:00:00,0.2872,0.2882,0.2864,0.2871,185647.4
1771192800000,2026-02-16 00:00:00,0.2871,0.29,0.2862,0.2899,221603.4
1771196400000,2026-02-16 01:00:00,0.2899,0.2903,0.2879,0.2899,231655.4
1771200000000,2026-02-16 02:00:00,0.2899,0.2939,0.2896,0.292,387078.2
1771203600000,2026-02-16 03:00:00,0.292,0.2936,0.2898,0.2911,380397.3
1771207200000,2026-02-16 04:00:00,0.2911,0.2927,0.2907,0.2915,457838.3
1771210800000,2026-02-16 05:00:00,0.2915,0.2939,0.2914,0.2939,196079.5
1771214400000,2026-02-16 06:00:00,0.2939,0.2959,0.2935,0.2942,304493.3
1771218000000,2026-02-16 07:00:00,0.2942,0.2951,0.2893,0.2912,469555.8
1771221600000,2026-02-16 08:00:00,0.2912,0.294,0.2911,0.2933,239224.4
1771225200000,2026-02-16 09:00:00,0.2933,0.2939,0.2905,0.2912,299790.3
1771228800000,2026-02-16 10:00:00,0.2912,0.2944,0.2911,0.2928,344167.5
1771232400000,2026-02-16 11:00:00,0.2928,0.296,0.2924,0.2956,454271.4
1771236000000,2026-02-16 12:00:00,0.2956,0.2956,0.2929,0.2942,285750.9
1771239600000,2026-02-16 13:00:00,0.2942,0.296,0.2915,0.2956,502119.9
1771243200000,2026-02-16 14:00:00,0.2956,0.3037,0.2951,0.3037,601934.6
1771246800000,2026-02-16 15:00:00,0.3037,0.3079,0.2972,0.299,1701885.6
1771250400000,2026-02-16 16:00:00,0.299,0.3008,0.2958,0.2966,829560.6
1771254000000,2026-02-16 17:00:00,0.2966,0.2986,0.2896,0.29,1297978.5
1771257600000,2026-02-16 18:00:00,0.29,0.2944,0.2892,0.2922,874336.0
1771261200000,2026-02-16 19:00:00,0.2922,0.293,0.2894,0.2916,554738.8
1771264800000,2026-02-16 20:00:00,0.2916,0.2949,0.2915,0.2943,730318.3
1771268400000,2026-02-16 21:00:00,0.2943,0.2976,0.2929,0.2953,439585.6
1771272000000,2026-02-16 22:00:00,0.2953,0.2981,0.2933,0.2975,403830.9
1771275600000,2026-02-16 23:00:00,0.2975,0.2986,0.2958,0.298,454962.7
1771279200000,2026-02-17 00:00:00,0.298,0.298,0.2952,0.2963,242539.2
1771282800000,2026-02-17 01:00:00,0.2963,0.2967,0.2952,0.2961,374241.5
1771286400000,2026-02-17 02:00:00,0.2961,0.2974,0.2951,0.2954,558572.8
1771290000000,2026-02-17 03:00:00,0.2954,0.2967,0.2942,0.2951,445240.0
1771293600000,2026-02-17 04:00:00,0.2951,0.2969,0.2932,0.2962,245368.8
1771297200000,2026-02-17 05:00:00,0.2962,0.2962,0.294,0.2941,354791.3
1771300800000,2026-02-17 06:00:00,0.2941,0.2958,0.2934,0.2937,368331.0
1771304400000,2026-02-17 07:00:00,0.2937,0.2942,0.291,0.2934,406176.5
1771308000000,2026-02-17 08:00:00,0.2934,0.2959,0.2934,0.2953,290123.1
1771311600000,2026-02-17 09:00:00,0.2953,0.2953,0.2934,0.294,305975.8
1771315200000,2026-02-17 10:00:00,0.294,0.2958,0.2928,0.2935,278802.2
1771318800000,2026-02-17 11:00:00,0.2935,0.2935,0.2917,0.2925,323999.8
1771322400000,2026-02-17 12:00:00,0.2925,0.2925,0.2892,0.2904,305277.7
1771326000000,2026-02-17 13:00:00,0.2904,0.2939,0.2901,0.2938,314997.6
1771329600000,2026-02-17 14:00:00,0.2938,0.2947,0.2911,0.2914,434254.1
1771333200000,2026-02-17 15:00:00,0.2914,0.2938,0.2908,0.2924,346638.1
1771336800000,2026-02-17 16:00:00,0.2924,0.2938,0.2871,0.2879,895580.0
1771340400000,2026-02-17 17:00:00,0.2879,0.2935,0.2874,0.2933,799971.4
1771344000000,2026-02-17 18:00:00,0.2933,0.3011,0.2932,0.2956,997410.8
1771347600000,2026-02-17 19:00:00,0.2956,0.2964,0.2917,0.2937,846932.2
1771351200000,2026-02-17 20:00:00,0.2937,0.2997,0.2932,0.2986,554037.1
1771354800000,2026-02-17 21:00:00,0.2986,0.2988,0.2954,0.2957,439793.1
1771358400000,2026-02-17 22:00:00,0.2957,0.2965,0.294,0.2951,347152.3
1771362000000,2026-02-17 23:00:00,0.2951,0.297,0.2951,0.2968,205386.2
1771365600000,2026-02-18 00:00:00,0.2968,0.298,0.2955,0.2961,302343.7
1771369200000,2026-02-18 01:00:00,0.2961,0.2972,0.2955,0.2961,353350.8
1771372800000,2026-02-18 02:00:00,0.2961,0.2972,0.2956,0.296,467940.8
1771376400000,2026-02-18 03:00:00,0.296,0.2964,0.2947,0.2953,511189.9
1771380000000,2026-02-18 04:00:00,0.2953,0.3019,0.2953,0.2998,636567.6
1771383600000,2026-02-18 05:00:00,0.2998,0.3017,0.2985,0.2989,368319.0
1771387200000,2026-02-18 06:00:00,0.2989,0.3008,0.2977,0.2999,286471.5
1771390800000,2026-02-18 07:00:00,0.2999,0.301,0.2987,0.3001,394313.9
1771394400000,2026-02-18 08:00:00,0.3001,0.3048,0.2995,0.3028,587131.5
1771398000000,2026-02-18 09:00:00,0.3028,0.3253,0.3027,0.317,5230451.6
1771401600000,2026-02-18 10:00:00,0.317,0.3171,0.3058,0.3065,4811437.0
1771405200000,2026-02-18 11:00:00,0.3065,0.3145,0.3053,0.313,1598446.6
1771408800000,2026-02-18 12:00:00,0.313,0.3165,0.3116,0.3157,1568832.5
1771412400000,2026-02-18 13:00:00,0.3157,0.3213,0.3106,0.3195,2041962.3
1771416000000,2026-02-18 14:00:00,0.3195,0.3292,0.3138,0.3149,3229251.0
1771419600000,2026-02-18 15:00:00,0.3149,0.3168,0.3118,0.3137,1850503.9
1771423200000,2026-02-18 16:00:00,0.3137,0.3143,0.3057,0.3086,1549775.8
1771426800000,2026-02-18 17:00:00,0.3086,0.3144,0.3075,0.3117,1118108.4
1771430400000,2026-02-18 18:00:00,0.3117,0.3123,0.3027,0.3041,1741716.9
1771434000000,2026-02-18 19:00:00,0.3041,0.3076,0.3038,0.3039,746593.5
1771437600000,2026-02-18 20:00:00,0.3039,0.3051,0.3003,0.3006,1120038.2
1771441200000,2026-02-18 21:00:00,0.3006,0.3025,0.2952,0.2975,1400933.0
1771444800000,2026-02-18 22:00:00,0.2975,0.3015,0.297,0.2997,929412.1
1771448400000,2026-02-18 23:00:00,0.2997,0.3001,0.2974,0.2987,651442.2
1771452000000,2026-02-19 00:00:00,0.2987,0.3016,0.298,0.3,522209.7
1771455600000,2026-02-19 01:00:00,0.3,0.3,0.2944,0.2964,728941.7
1771459200000,2026-02-19 02:00:00,0.2964,0.2975,0.2934,0.296,658721.5
1771462800000,2026-02-19 03:00:00,0.296,0.3001,0.2958,0.2999,527436.3
1771466400000,2026-02-19 04:00:00,0.2999,0.3006,0.2985,0.2994,353452.1
1771470000000,2026-02-19 05:00:00,0.2994,0.3038,0.299,0.3037,316394.3
1771473600000,2026-02-19 06:00:00,0.3037,0.3073,0.3028,0.3059,842226.0
1771477200000,2026-02-19 07:00:00,0.3059,0.3094,0.3017,0.3089,668076.3
1771480800000,2026-02-19 08:00:00,0.3089,0.315,0.3078,0.3147,1143456.3
1771484400000,2026-02-19 09:00:00,0.3147,0.3175,0.3082,0.3141,1615412.1
1771488000000,2026-02-19 10:00:00,0.3141,0.3141,0.3048,0.3061,890227.1
1771491600000,2026-02-19 11:00:00,0.3061,0.307,0.3008,0.3016,954666.7
