timestamp,datetime,open,high,low,close,volume
1735207200000,2024-12-26 12:00:00,1.4503,1.4626,1.4418,1.4559,356192.4
1735210800000,2024-12-26 13:00:00,1.4559,1.4843,1.4545,1.4683,472854.9
1735214400000,2024-12-26 14:00:00,1.4683,1.4706,1.4524,1.4554,458944.0
1735218000000,2024-12-26 15:00:00,1.4554,1.459,1.4377,1.4546,490211.3
1735221600000,2024-12-26 16:00:00,1.4546,1.4755,1.4462,1.4505,1072545.6
1735225200000,2024-12-26 17:00:00,1.4505,1.4635,1.4403,1.4513,449284.3
1735228800000,2024-12-26 18:00:00,1.4513,1.4661,1.4475,1.4522,331944.0
1735232400000,2024-12-26 19:00:00,1.4522,1.453,1.4144,1.4307,1439192.3
1735236000000,2024-12-26 20:00:00,1.4307,1.4398,1.4264,1.4397,222349.9
1735239600000,2024-12-26 21:00:00,1.4397,1.4408,1.4256,1.4339,225603.6
1735243200000,2024-12-26 22:00:00,1.4339,1.4355,1.4162,1.4221,269099.3
1735246800000,2024-12-26 23:00:00,1.4221,1.4311,1.411,1.4274,291490.4
1735250400000,2024-12-27 00:00:00,1.4274,1.4457,1.4273,1.434,157465.4
1735254000000,2024-12-27 01:00:00,1.434,1.4349,1.4171,1.4272,295668.2
1735257600000,2024-12-27 02:00:00,1.4272,1.4465,1.4199,1.4456,255041.4
1735261200000,2024-12-27 03:00:00,1.4456,1.4776,1.4392,1.4616,527765.4
1735264800000,2024-12-27 04:00:00,1.4616,1.4913,1.4434,1.4461,676120.6
1735268400000,2024-12-27 05:00:00,1.4461,1.4701,1.439,1.4643,323015.2
1735272000000,2024-12-27 06:00:00,1.4643,1.476,1.4421,1.4448,294144.9
1735275600000,2024-12-27 07:00:00,1.4448,1.4544,1.4322,1.4533,307168.2
1735279200000,2024-12-27 08:00:00,1.4533,1.4749,1.4501,1.4748,300060.3
1735282800000,2024-12-27 09:00:00,1.4748,1.4756,1.4178,1.4351,471381.2
1735286400000,2024-12-27 10:00:00,1.4351,1.4701,1.435,1.4509,344932.6
1735290000000,2024-12-27 11:00:00,1.4509,1.5133,1.4506,1.4963,901705.8
1735293600000,2024-12-27 12:00:00,1.4963,1.5013,1.4586,1.4862,901283.9
1735297200000,2024-12-27 13:00:00,1.4862,1.4999,1.4797,1.4976,305879.1
1735300800000,2024-12-27 14:00:00,1.4976,1.5052,1.4894,1.493,238594.2
1735304400000,2024-12-27 15:00:00,1.493,1.4973,1.4626,1.469,1022763.8
1735308000000,2024-12-27 16:00:00,1.469,1.4694,1.4337,1.4473,408473.2
1735311600000,2024-12-27 17:00:00,1.4473,1.4483,1.4156,1.424,573469.7
1735315200000,2024-12-27 18:00:00,1.424,1.4322,1.4087,1.4191,368567.0
1735318800000,2024-12-27 19:00:00,1.4191,1.4535,1.4112,1.4474,365281.0
1735322400000,2024-12-27 20:00:00,1.4474,1.4496,1.4341,1.4364,205328.2
1735326000000,2024-12-27 21:00:00,1.4364,1.437,1.4209,1.4324,166702.9
1735329600000,2024-12-27 22:00:00,1.4324,1.4364,1.4169,1.426,218409.0
1735333200000,2024-12-27 23:00:00,1.426,1.4291,1.4073,1.4087,155387.6
1735336800000,2024-12-28 00:00:00,1.4087,1.4175,1.3965,1.4017,329428.8
1735340400000,2024-12-28 01:00:00,1.4017,1.4148,1.3992,1.4148,215945.1
1735344000000,2024-12-28 02:00:00,1.4148,1.4165,1.4034,1.4089,231214.2
1735347600000,2024-12-28 03:00:00,1.4089,1.4128,1.391,1.4037,387666.2
1735351200000,2024-12-28 04:00:00,1.4037,1.4146,1.3996,1.4003,107743.3
1735354800000,2024-12-28 05:00:00,1.4003,1.4138,1.3995,1.4125,160540.9
1735358400000,2024-12-28 06:00:00,1.4125,1.4127,1.3959,1.4011,99552.7
1735362000000,2024-12-28 07:00:00,1.4011,1.416,1.4011,1.4088,337557.0
1735365600000,2024-12-28 08:00:00,1.4088,1.4108,1.3917,1.3938,1072875.6
1735369200000,2024-12-28 09:00:00,1.3938,1.4088,1.3938,1.3961,200478.4
1735372800000,2024-12-28 10:00:00,1.3961,1.4105,1.3953,1.4085,127387.0
1735376400000,2024-12-28 11:00:00,1.4085,1.4281,1.4085,1.4265,271990.5
1735380000000,2024-12-28 12:00:00,1.4265,1.4271,1.4009,1.4012,181723.0
1735383600000,2024-12-28 13:00:00,1.4012,1.4203,1.4003,1.4186,176564.6
1735387200000,2024-12-28 14:00:00,1.4186,1.4286,1.4023,1.4067,633047.0
1735390800000,2024-12-28 15:00:00,1.4067,1.4652,1.4052,1.4533,544472.0
1735394400000,2024-12-28 16:00:00,1.4533,1.4997,1.4379,1.4455,2028567.0
1735398000000,2024-12-28 17:00:00,1.4455,1.4701,1.4442,1.4528,564173.3
1735401600000,2024-12-28 18:00:00,1.4528,1.4777,1.4438,1.4756,280277.6
1735405200000,2024-12-28 19:00:00,1.4756,1.5057,1.4695,1.4791,378789.1
1735408800000,2024-12-28 20:00:00,1.4791,1.4838,1.4645,1.4707,223614.5
1735412400000,2024-12-28 21:00:00,1.4707,1.4785,1.4663,1.472,154355.9
1735416000000,2024-12-28 22:00:00,1.472,1.4838,1.4681,1.4816,150136.1
1735419600000,2024-12-28 23:00:00,1.4816,1.499,1.4753,1.4986,129696.0
1735423200000,2024-12-29 00:00:00,1.4986,1.5232,1.4845,1.511,234949.2
1735426800000,2024-12-29 01:00:00,1.511,1.511,1.4782,1.4908,921003.8
1735430400000,2024-12-29 02:00:00,1.4908,1.4986,1.4747,1.4772,746856.6
1735434000000,2024-12-29 03:00:00,1.4772,1.488,1.4628,1.4656,344586.9
1735437600000,2024-12-29 04:00:00,1.4656,1.496,1.4645,1.4903,440987.8
1735441200000,2024-12-29 05:00:00,1.4903,1.4912,1.4734,1.4891,228194.6
1735444800000,2024-12-29 06:00:00,1.4891,1.4939,1.4743,1.476,75343.9
1735448400000,2024-12-29 07:00:00,1.476,1.4788,1.467,1.468,75613.6
1735452000000,2024-12-29 08:00:00,1.468,1.4683,1.45,1.4658,477011.4
1735455600000,2024-12-29 09:00:00,1.4658,1.4769,1.4617,1.4761,240685.7
1735459200000,2024-12-29 10:00:00,1.4761,1.4793,1.4572,1.4594,133541.6
1735462800000,2024-12-29 11:00:00,1.4594,1.4622,1.4461,1.46,245268.1
1735466400000,2024-12-29 12:00:00,1.46,1.4614,1.4503,1.4517,98824.9
1735470000000,2024-12-29 13:00:00,1.4517,1.4544,1.4403,1.4418,179131.0
1735473600000,2024-12-29 14:00:00,1.4418,1.4493,1.4309,1.4327,248945.7
1735477200000,2024-12-29 15:00:00,1.4327,1.4526,1.4275,1.4404,706476.3
1735480800000,2024-12-29 16:00:00,1.4404,1.4582,1.4168,1.4279,433573.6
1735484400000,2024-12-29 17:00:00,1.4279,1.4327,1.4223,1.4225,100562.3
1735488000000,2024-12-29 18:00:00,1.4225,1.4239,1.4039,1.4086,265638.1
1735491600000,2024-12-29 19:00:00,1.4086,1.4183,1.4037,1.411,109584.3
1735495200000,2024-12-29 20:00:00,1.411,1.4114,1.4018,1.4084,128180.5
1735498800000,2024-12-29 21:00:00,1.4084,1.4124,1.4037,1.4077,114977.3
1735502400000,2024-12-29 22:00:00,1.4077,1.4089,1.3903,1.4075,238125.3
1735506000000,2024-12-29 23:00:00,1.4075,1.4141,1.3926,1.3974,133348.2
1735509600000,2024-12-30 00:00:00,1.3974,1.4,1.3786,1.3901,305368.2
1735513200000,2024-12-30 01:00:00,1.3901,1.4,1.3824,1.3949,284595.3
1735516800000,2024-12-30 02:00:00,1.3949,1.4164,1.3871,1.4081,293459.1
1735520400000,2024-12-30 03:00:00,1.4081,1.4656,1.4076,1.4444,955592.6
1735524000000,2024-12-30 04:00:00,1.4444,1.4515,1.4292,1.4363,352695.4
1735527600000,2024-12-30 05:00:00,1.4363,1.454,1.4303,1.4326,305477.9
1735531200000,2024-12-30 06:00:00,1.4326,1.4503,1.4259,1.4259,257844.2
1735534800000,2024-12-30 07:00:00,1.4259,1.4471,1.4226,1.4458,293202.3
1735538400000,2024-12-30 08:00:00,1.4458,1.4706,1.4438,1.4493,253294.7
1735542000000,2024-12-30 09:00:00,1.4493,1.452,1.4256,1.436,257528.3
1735545600000,2024-12-30 10:00:00,1.436,1.4504,1.4211,1.4318,322961.4
1735549200000,2024-12-30 11:00:00,1.4318,1.433,1.4125,1.4206,188653.7
1735552800000,2024-12-30 12:00:00,1.4206,1.423,1.402,1.4048,151032.9
1735556400000,2024-12-30 13:00:00,1.4048,1.4123,1.393,1.4095,192371.2
1735560000000,2024-12-30 14:00:00,1.4095,1.4243,1.3978,1.4011,226291.9
1735563600000,2024-12-30 15:00:00,1.4011,1.4075,1.3361,1.3432,754997.9
1735567200000,2024-12-30 16:00:00,1.3432,1.3573,1.3285,1.3367,574500.8
1735570800000,2024-12-30 17:00:00,1.3367,1.3464,1.3268,1.34,500621.9
1735574400000,2024-12-30 18:00:00,1.34,1.3458,1.3241,1.3286,222868.7
1735578000000,2024-12-30 19:00:00,1.3286,1.3845,1.3274,1.3722,629629.3
1735581600000,2024-12-30 20:00:00,1.3722,1.4032,1.3663,1.3921,517504.5
1735585200000,2024-12-30 21:00:00,1.3921,1.3972,1.3822,1.3894,193727.3
1735588800000,2024-12-30 22:00:00,1.3894,1.421,1.3894,1.4033,529441.6
1735592400000,2024-12-30 23:00:00,1.4033,1.4053,1.345,1.3499,772717.7
1735596000000,2024-12-31 00:00:00,1.3499,1.3688,1.3473,1.3602,279437.7
1735599600000,2024-12-31 01:00:00,1.3602,1.375,1.35,1.366,189345.6
1735603200000,2024-12-31 02:00:00,1.366,1.3675,1.336,1.3392,211849.3
1735606800000,2024-12-31 03:00:00,1.3392,1.3454,1.3296,1.3389,189193.7
1735610400000,2024-12-31 04:00:00,1.3389,1.3444,1.3259,1.339,182618.7
1735614000000,2024-12-31 05:00:00,1.339,1.3405,1.3277,1.3293,97149.2
1735617600000,2024-12-31 06:00:00,1.3293,1.3399,1.3161,1.3175,177642.5
1735621200000,2024-12-31 07:00:00,1.3175,1.3331,1.317,1.327,163584.8
1735624800000,2024-12-31 08:00:00,1.327,1.3414,1.3214,1.3301,170064.0
1735628400000,2024-12-31 09:00:00,1.3301,1.342,1.3293,1.3405,109209.1
1735632000000,2024-12-31 10:00:00,1.3405,1.3892,1.3402,1.3653,665136.8
1735635600000,2024-12-31 11:00:00,1.3653,1.3789,1.3596,1.3707,319577.4
1735639200000,2024-12-31 12:00:00,1.3707,1.384,1.3572,1.3736,92635.8
1735642800000,2024-12-31 13:00:00,1.3736,1.3844,1.37,1.3784,111587.7
1735646400000,2024-12-31 14:00:00,1.3784,1.3977,1.3784,1.3804,404216.4
1735650000000,2024-12-31 15:00:00,1.3804,1.4356,1.3804,1.4233,587526.2
1735653600000,2024-12-31 16:00:00,1.4233,1.4391,1.4135,1.4164,417482.1
1735657200000,2024-12-31 17:00:00,1.4164,1.4261,1.4043,1.4085,287442.1
1735660800000,2024-12-31 18:00:00,1.4085,1.4154,1.3895,1.4097,372106.5
1735664400000,2024-12-31 19:00:00,1.4097,1.4108,1.3591,1.3781,426246.8
1735668000000,2024-12-31 20:00:00,1.3781,1.3895,1.3726,1.3834,184376.7
1735671600000,2024-12-31 21:00:00,1.3834,1.3852,1.3725,1.376,97293.2
1735675200000,2024-12-31 22:00:00,1.376,1.3827,1.3635,1.371,110308.6
1735678800000,2024-12-31 23:00:00,1.371,1.3768,1.3621,1.3732,125895.2
1735682400000,2025-01-01 00:00:00,1.3732,1.3732,1.3492,1.3534,149941.7
1735686000000,2025-01-01 01:00:00,1.3534,1.3622,1.35,1.3569,405179.2
1735689600000,2025-01-01 02:00:00,1.3569,1.3793,1.3545,1.3744,709869.5
1735693200000,2025-01-01 03:00:00,1.3744,1.3757,1.3496,1.3516,558515.4
1735696800000,2025-01-01 04:00:00,1.3516,1.3688,1.3513,1.3637,415861.0
1735700400000,2025-01-01 05:00:00,1.3637,1.365,1.3513,1.3524,248887.3
1735704000000,2025-01-01 06:00:00,1.3524,1.3535,1.3413,1.3441,338134.6
1735707600000,2025-01-01 07:00:00,1.3441,1.3538,1.3434,1.3496,173418.3
1735711200000,2025-01-01 08:00:00,1.3496,1.3518,1.3406,1.3478,190281.0
1735714800000,2025-01-01 09:00:00,1.3478,1.3516,1.3447,1.348,145768.5
1735718400000,2025-01-01 10:00:00,1.348,1.3524,1.3316,1.333,230099.2
1735722000000,2025-01-01 11:00:00,1.333,1.3392,1.3223,1.3365,274246.9
1735725600000,2025-01-01 12:00:00,1.3365,1.3446,1.3344,1.335,98993.8
1735729200000,2025-01-01 13:00:00,1.335,1.3641,1.3294,1.3558,264771.5
1735732800000,2025-01-01 14:00:00,1.3558,1.3795,1.3544,1.378,192814.5
1735736400000,2025-01-01 15:00:00,1.378,1.3942,1.3638,1.3698,281344.8
1735740000000,2025-01-01 16:00:00,1.3698,1.3852,1.3547,1.3695,206460.9
1735743600000,2025-01-01 17:00:00,1.3695,1.393,1.3605,1.3917,219039.7
1735747200000,2025-01-01 18:00:00,1.3917,1.4049,1.3702,1.3759,316818.4
1735750800000,2025-01-01 19:00:00,1.3759,1.3835,1.3593,1.3802,285083.5
1735754400000,2025-01-01 20:00:00,1.3802,1.4028,1.3705,1.3989,476277.8
1735758000000,2025-01-01 21:00:00,1.3989,1.4212,1.3879,1.4076,601296.4
1735761600000,2025-01-01 22:00:00,1.4076,1.4214,1.4029,1.4155,302047.9
1735765200000,2025-01-01 23:00:00,1.4155,1.4236,1.4048,1.4203,299259.3
1735768800000,2025-01-02 00:00:00,1.4203,1.4244,1.4054,1.4119,215365.1
1735772400000,2025-01-02 01:00:00,1.4119,1.4187,1.4031,1.4123,181024.5
1735776000000,2025-01-02 02:00:00,1.4123,1.4473,1.4096,1.4321,476734.6
1735779600000,2025-01-02 03:00:00,1.4321,1.4407,1.4173,1.4218,341385.2
1735783200000,2025-01-02 04:00:00,1.4218,1.4305,1.4158,1.4304,131784.7
1735786800000,2025-01-02 05:00:00,1.4304,1.4362,1.424,1.4304,231655.0
1735790400000,2025-01-02 06:00:00,1.4304,1.4548,1.4304,1.4481,248665.1
1735794000000,2025-01-02 07:00:00,1.4481,1.4485,1.4304,1.437,152322.4
1735797600000,2025-01-02 08:00:00,1.437,1.4504,1.4301,1.4388,165643.3
1735801200000,2025-01-02 09:00:00,1.4388,1.464,1.4346,1.4566,460389.0
1735804800000,2025-01-02 10:00:00,1.4566,1.4658,1.4472,1.4632,168513.9
1735808400000,2025-01-02 11:00:00,1.4632,1.4887,1.4581,1.4821,299991.5
1735812000000,2025-01-02 12:00:00,1.4821,1.4903,1.4702,1.4832,471113.5
1735815600000,2025-01-02 13:00:00,1.4832,1.4833,1.4571,1.4654,226936.3
1735819200000,2025-01-02 14:00:00,1.4654,1.4779,1.4576,1.4779,254416.8
1735822800000,2025-01-02 15:00:00,1.4779,1.4804,1.4647,1.4664,242544.2
1735826400000,2025-01-02 16:00:00,1.4664,1.5126,1.4509,1.493,2000852.5
1735830000000,2025-01-02 17:00:00,1.493,1.5003,1.4624,1.467,450771.1
1735833600000,2025-01-02 18:00:00,1.467,1.4857,1.4592,1.4759,329050.3
1735837200000,2025-01-02 19:00:00,1.4759,1.4848,1.4541,1.4633,389842.0
1735840800000,2025-01-02 20:00:00,1.4633,1.4832,1.4633,1.4823,140220.2
1735844400000,2025-01-02 21:00:00,1.4823,1.4876,1.4658,1.4677,125667.0
1735848000000,2025-01-02 22:00:00,1.4677,1.4834,1.4599,1.4662,158037.2
1735851600000,2025-01-02 23:00:00,1.4662,1.4715,1.4599,1.4655,100871.2
1735855200000,2025-01-03 00:00:00,1.4655,1.4656,1.4255,1.4489,1475521.4
1735858800000,2025-01-03 01:00:00,1.4489,1.4654,1.4451,1.463,402754.4
1735862400000,2025-01-03 02:00:00,1.463,1.4669,1.4382,1.4418,324776.4
1735866000000,2025-01-03 03:00:00,1.4418,1.4471,1.4303,1.4431,303668.8
1735869600000,2025-01-03 04:00:00,1.4431,1.4619,1.4396,1.4429,195633.2
1735873200000,2025-01-03 05:00:00,1.4429,1.4639,1.4395,1.4614,216706.7
1735876800000,2025-01-03 06:00:00,1.4614,1.4643,1.4317,1.4327,263673.3
1735880400000,2025-01-03 07:00:00,1.4327,1.4411,1.4298,1.4367,399166.8
1735884000000,2025-01-03 08:00:00,1.4367,1.4486,1.428,1.43,431561.7
1735887600000,2025-01-03 09:00:00,1.43,1.432,1.4165,1.4228,325548.8
1735891200000,2025-01-03 10:00:00,1.4228,1.4341,1.4155,1.4303,199894.1
1735894800000,2025-01-03 11:00:00,1.4303,1.4693,1.43,1.4587,618404.3
1735898400000,2025-01-03 12:00:00,1.4587,1.4734,1.4502,1.4652,258509.8
1735902000000,2025-01-03 13:00:00,1.4652,1.5044,1.4652,1.502,520664.7
1735905600000,2025-01-03 14:00:00,1.502,1.5338,1.4939,1.5106,662638.5
1735909200000,2025-01-03 15:00:00,1.5106,1.5304,1.4987,1.5211,702103.6
1735912800000,2025-01-03 16:00:00,1.5211,1.5768,1.5211,1.5645,868414.3
1735916400000,2025-01-03 17:00:00,1.5645,1.5971,1.5507,1.591,801587.9
1735920000000,2025-01-03 18:00:00,1.591,1.6366,1.591,1.6319,1301573.1
1735923600000,2025-01-03 19:00:00,1.6319,1.6763,1.6254,1.6726,1324911.3
1735927200000,2025-01-03 20:00:00,1.6726,1.7411,1.6676,1.7303,1971590.2
1735930800000,2025-01-03 21:00:00,1.7303,1.7485,1.7093,1.7247,1856635.9
1735934400000,2025-01-03 22:00:00,1.7247,1.7997,1.7124,1.7881,4407912.3
1735938000000,2025-01-03 23:00:00,1.7881,1.7947,1.7302,1.7813,3590138.8
1735941600000,2025-01-04 00:00:00,1.7813,1.813,1.7716,1.7779,1270538.5
1735945200000,2025-01-04 01:00:00,1.7779,1.8057,1.7735,1.7873,1386823.7
1735948800000,2025-01-04 02:00:00,1.7873,1.8025,1.7312,1.7381,1443764.3
1735952400000,2025-01-04 03:00:00,1.7381,1.7532,1.7251,1.7526,1040952.3
1735956000000,2025-01-04 04:00:00,1.7526,1.7717,1.7407,1.7639,789510.6
1735959600000,2025-01-04 05:00:00,1.7639,1.7717,1.7458,1.7606,616591.5
1735963200000,2025-01-04 06:00:00,1.7606,1.7635,1.7352,1.7413,634982.5
1735966800000,2025-01-04 07:00:00,1.7413,1.7533,1.7322,1.7443,376772.5
1735970400000,2025-01-04 08:00:00,1.7443,1.761,1.7377,1.7404,477926.2
1735974000000,2025-01-04 09:00:00,1.7404,1.765,1.7401,1.7523,410393.3
1735977600000,2025-01-04 10:00:00,1.7523,1.757,1.7184,1.7244,869031.4
1735981200000,2025-01-04 11:00:00,1.7244,1.77,1.724,1.7538,1396966.3
1735984800000,2025-01-04 12:00:00,1.7538,1.7567,1.73,1.7467,687158.8
1735988400000,2025-01-04 13:00:00,1.7467,1.7589,1.7358,1.7541,451354.8
1735992000000,2025-01-04 14:00:00,1.7541,1.7799,1.7464,1.751,728919.2
1735995600000,2025-01-04 15:00:00,1.751,1.7744,1.7437,1.7621,671372.0
1735999200000,2025-01-04 16:00:00,1.7621,1.7837,1.7533,1.773,547047.9
1736002800000,2025-01-04 17:00:00,1.773,1.8274,1.7548,1.7708,2671516.7
1736006400000,2025-01-04 18:00:00,1.7708,1.8811,1.7703,1.8708,3831656.7
1736010000000,2025-01-04 19:00:00,1.8708,1.8997,1.8331,1.8769,3157634.3
1736013600000,2025-01-04 20:00:00,1.8769,1.8798,1.8154,1.8579,3554474.1
1736017200000,2025-01-04 21:00:00,1.8579,1.8874,1.8449,1.8449,858617.8
1736020800000,2025-01-04 22:00:00,1.8449,1.8684,1.8371,1.8464,554858.5
1736024400000,2025-01-04 23:00:00,1.8464,1.8693,1.8391,1.8448,525050.5
1736028000000,2025-01-05 00:00:00,1.8448,1.8768,1.8448,1.8568,456621.3
1736031600000,2025-01-05 01:00:00,1.8568,1.8586,1.8368,1.8476,414943.1
1736035200000,2025-01-05 02:00:00,1.8476,1.8533,1.8272,1.8306,662210.9
1736038800000,2025-01-05 03:00:00,1.8306,1.8417,1.8166,1.8341,511455.1
1736042400000,2025-01-05 04:00:00,1.8341,1.8418,1.8217,1.8416,258649.3
1736046000000,2025-01-05 05:00:00,1.8416,1.8487,1.8276,1.837,441696.9
1736049600000,2025-01-05 06:00:00,1.837,1.8436,1.8266,1.8338,292410.6
1736053200000,2025-01-05 07:00:00,1.8338,1.834,1.7972,1.8004,489864.2
1736056800000,2025-01-05 08:00:00,1.8004,1.8142,1.7833,1.8056,724878.8
1736060400000,2025-01-05 09:00:00,1.8056,1.8091,1.7762,1.7797,768801.2
1736064000000,2025-01-05 10:00:00,1.7797,1.7871,1.7637,1.7769,804390.2
1736067600000,2025-01-05 11:00:00,1.7769,1.786,1.7652,1.7665,334577.7
1736071200000,2025-01-05 12:00:00,1.7665,1.8092,1.7617,1.8082,560119.2
1736074800000,2025-01-05 13:00:00,1.8082,1.8252,1.7881,1.7904,610653.3
1736078400000,2025-01-05 14:00:00,1.7904,1.7955,1.7755,1.7839,523240.4
1736082000000,2025-01-05 15:00:00,1.7839,1.7884,1.7677,1.7683,297065.2
1736085600000,2025-01-05 16:00:00,1.7683,1.774,1.7449,1.7572,786935.8
1736089200000,2025-01-05 17:00:00,1.7572,1.7661,1.7454,1.7573,482358.8
1736092800000,2025-01-05 18:00:00,1.7573,1.7708,1.7457,1.7636,484404.0
1736096400000,2025-01-05 19:00:00,1.7636,1.7692,1.7522,1.7582,215803.1
1736100000000,2025-01-05 20:00:00,1.7582,1.7733,1.7484,1.7679,258101.5
1736103600000,2025-01-05 21:00:00,1.7679,1.7721,1.7595,1.7664,205569.0
1736107200000,2025-01-05 22:00:00,1.7664,1.7859,1.7627,1.7795,302809.0
1736110800000,2025-01-05 23:00:00,1.7795,1.7931,1.7691,1.79,250854.5
1736114400000,2025-01-06 00:00:00,1.79,1.7968,1.7757,1.7879,275002.0
1736118000000,2025-01-06 01:00:00,1.7879,1.7981,1.7791,1.7904,702669.7
1736121600000,2025-01-06 02:00:00,1.7904,1.8139,1.7851,1.8007,642009.4
1736125200000,2025-01-06 03:00:00,1.8007,1.8385,1.7827,1.8127,826186.1
1736128800000,2025-01-06 04:00:00,1.8127,1.872,1.8066,1.8479,1334030.3
1736132400000,2025-01-06 05:00:00,1.8479,1.9266,1.8436,1.8794,3548125.9
1736136000000,2025-01-06 06:00:00,1.8794,1.9122,1.854,1.9027,1505036.0
1736139600000,2025-01-06 07:00:00,1.9027,1.9124,1.8621,1.8649,1062235.2
1736143200000,2025-01-06 08:00:00,1.8649,1.8678,1.8289,1.8349,759651.2
1736146800000,2025-01-06 09:00:00,1.8349,1.8427,1.8057,1.8108,794942.2
1736150400000,2025-01-06 10:00:00,1.8108,1.8273,1.7998,1.8002,369285.4
1736154000000,2025-01-06 11:00:00,1.8002,1.8254,1.8,1.8206,444217.1
1736157600000,2025-01-06 12:00:00,1.8206,1.8262,1.8034,1.8094,362249.9
1736161200000,2025-01-06 13:00:00,1.8094,1.8379,1.8068,1.8172,361128.6
1736164800000,2025-01-06 14:00:00,1.8172,1.8242,1.8035,1.8041,394862.1
1736168400000,2025-01-06 15:00:00,1.8041,1.8085,1.7821,1.7937,411758.6
1736172000000,2025-01-06 16:00:00,1.7937,1.8287,1.7696,1.812,876257.6
1736175600000,2025-01-06 17:00:00,1.812,1.85,1.8034,1.8265,999122.9
1736179200000,2025-01-06 18:00:00,1.8265,1.8555,1.7985,1.8107,1109390.0
1736182800000,2025-01-06 19:00:00,1.8107,1.8112,1.7665,1.7719,1100229.9
1736186400000,2025-01-06 20:00:00,1.7719,1.7917,1.7677,1.7809,396404.0
1736190000000,2025-01-06 21:00:00,1.7809,1.7948,1.7788,1.7909,170801.7
1736193600000,2025-01-06 22:00:00,1.7909,1.8047,1.7891,1.8006,176420.4
1736197200000,2025-01-06 23:00:00,1.8006,1.8033,1.7779,1.7893,242770.2
1736200800000,2025-01-07 00:00:00,1.7893,1.7983,1.7804,1.7901,175530.7
1736204400000,2025-01-07 01:00:00,1.7901,1.7956,1.7754,1.7949,144931.1
1736208000000,2025-01-07 02:00:00,1.7949,1.8059,1.7748,1.7762,339668.9
1736211600000,2025-01-07 03:00:00,1.7762,1.8059,1.7617,1.8,417613.1
1736215200000,2025-01-07 04:00:00,1.8,1.8,1.7581,1.7626,226733.2
1736218800000,2025-01-07 05:00:00,1.7626,1.7939,1.7614,1.7882,326532.0
1736222400000,2025-01-07 06:00:00,1.7882,1.7919,1.7735,1.7736,160706.1
1736226000000,2025-01-07 07:00:00,1.7736,1.781,1.7681,1.7763,189250.2
1736229600000,2025-01-07 08:00:00,1.7763,1.7991,1.7749,1.7928,215352.0
1736233200000,2025-01-07 09:00:00,1.7928,1.8242,1.7928,1.8192,461862.0
1736236800000,2025-01-07 10:00:00,1.8192,1.8448,1.8116,1.8235,346539.8
1736240400000,2025-01-07 11:00:00,1.8235,1.8314,1.7963,1.803,489155.0
1736244000000,2025-01-07 12:00:00,1.803,1.8037,1.7817,1.7933,191180.4
1736247600000,2025-01-07 13:00:00,1.7933,1.8022,1.755,1.7773,482683.6
1736251200000,2025-01-07 14:00:00,1.7773,1.791,1.7653,1.7825,321328.3
1736254800000,2025-01-07 15:00:00,1.7825,1.7928,1.7725,1.775,186034.3
1736258400000,2025-01-07 16:00:00,1.775,1.7783,1.7128,1.7232,1275226.5
1736262000000,2025-01-07 17:00:00,1.7232,1.7422,1.6117,1.6417,7463133.8
1736265600000,2025-01-07 18:00:00,1.6417,1.68,1.6281,1.6488,1163778.9
1736269200000,2025-01-07 19:00:00,1.6488,1.663,1.6282,1.6377,566140.2
1736272800000,2025-01-07 20:00:00,1.6377,1.6545,1.6138,1.6167,421870.6
1736276400000,2025-01-07 21:00:00,1.6167,1.6237,1.5863,1.5897,861530.3
1736280000000,2025-01-07 22:00:00,1.5897,1.6014,1.5715,1.588,411027.4
1736283600000,2025-01-07 23:00:00,1.588,1.6056,1.5714,1.5714,382133.7
1736287200000,2025-01-08 00:00:00,1.5714,1.5891,1.565,1.5891,323634.9
1736290800000,2025-01-08 01:00:00,1.5891,1.5891,1.5607,1.5628,206468.7
1736294400000,2025-01-08 02:00:00,1.5628,1.59,1.5592,1.587,379253.3
1736298000000,2025-01-08 03:00:00,1.587,1.5872,1.5538,1.5689,297135.6
1736301600000,2025-01-08 04:00:00,1.5689,1.5824,1.5596,1.5601,278277.6
1736305200000,2025-01-08 05:00:00,1.5601,1.5601,1.5302,1.542,733190.5
1736308800000,2025-01-08 06:00:00,1.542,1.5486,1.5227,1.5242,350336.2
1736312400000,2025-01-08 07:00:00,1.5242,1.548,1.5216,1.526,289518.1
1736316000000,2025-01-08 08:00:00,1.526,1.538,1.4925,1.4925,476786.1
1736319600000,2025-01-08 09:00:00,1.4925,1.5295,1.4913,1.5271,432176.9
1736323200000,2025-01-08 10:00:00,1.5271,1.5791,1.5264,1.5525,761110.9
1736326800000,2025-01-08 11:00:00,1.5525,1.5914,1.5475,1.5693,766588.7
1736330400000,2025-01-08 12:00:00,1.5693,1.5767,1.5531,1.5598,332829.0
1736334000000,2025-01-08 13:00:00,1.5598,1.5618,1.5348,1.5436,429809.2
1736337600000,2025-01-08 14:00:00,1.5436,1.5687,1.5281,1.5303,590530.0
1736341200000,2025-01-08 15:00:00,1.5303,1.5574,1.5266,1.5336,359900.1
1736344800000,2025-01-08 16:00:00,1.5336,1.5482,1.5211,1.5294,421856.4
1736348400000,2025-01-08 17:00:00,1.5294,1.5514,1.507,1.5263,434057.9
1736352000000,2025-01-08 18:00:00,1.5263,1.5288,1.4765,1.478,541688.1
1736355600000,2025-01-08 19:00:00,1.478,1.4884,1.4071,1.4655,2009080.4
1736359200000,2025-01-08 20:00:00,1.4655,1.5123,1.461,1.4824,572475.6
1736362800000,2025-01-08 21:00:00,1.4824,1.4959,1.4717,1.4754,288735.0
1736366400000,2025-01-08 22:00:00,1.4754,1.4808,1.4632,1.4707,233980.5
1736370000000,2025-01-08 23:00:00,1.4707,1.4867,1.4557,1.4744,277736.8
1736373600000,2025-01-09 00:00:00,1.4744,1.5106,1.4741,1.5106,283716.4
1736377200000,2025-01-09 01:00:00,1.5106,1.52,1.4978,1.5101,234836.1
1736380800000,2025-01-09 02:00:00,1.5101,1.5273,1.4964,1.5248,385697.9
1736384400000,2025-01-09 03:00:00,1.5248,1.5407,1.5156,1.5164,207154.7
1736388000000,2025-01-09 04:00:00,1.5164,1.5301,1.4951,1.5197,369609.1
1736391600000,2025-01-09 05:00:00,1.5197,1.5228,1.4988,1.5067,293531.9
1736395200000,2025-01-09 06:00:00,1.5067,1.516,1.4988,1.5128,187957.4
1736398800000,2025-01-09 07:00:00,1.5128,1.5157,1.4957,1.505,179020.5
1736402400000,2025-01-09 08:00:00,1.505,1.5132,1.492,1.4951,196278.6
1736406000000,2025-01-09 09:00:00,1.4951,1.5023,1.4592,1.468,485227.9
1736409600000,2025-01-09 10:00:00,1.468,1.5157,1.4626,1.495,503620.8
1736413200000,2025-01-09 11:00:00,1.495,1.51,1.4902,1.4923,307140.3
1736416800000,2025-01-09 12:00:00,1.4923,1.495,1.4648,1.4877,280572.9
1736420400000,2025-01-09 13:00:00,1.4877,1.5112,1.4786,1.4936,194720.3
1736424000000,2025-01-09 14:00:00,1.4936,1.5024,1.4762,1.4816,177514.0
1736427600000,2025-01-09 15:00:00,1.4816,1.4918,1.4344,1.435,1150906.8
1736431200000,2025-01-09 16:00:00,1.435,1.4605,1.4261,1.4507,549739.9
1736434800000,2025-01-09 17:00:00,1.4507,1.523,1.4415,1.5078,547270.5
1736438400000,2025-01-09 18:00:00,1.5078,1.5175,1.476,1.4982,504176.9
1736442000000,2025-01-09 19:00:00,1.4982,1.4996,1.4439,1.4552,337450.3
1736445600000,2025-01-09 20:00:00,1.4552,1.4752,1.4502,1.4612,283266.6
1736449200000,2025-01-09 21:00:00,1.4612,1.465,1.4246,1.4294,347661.3
1736452800000,2025-01-09 22:00:00,1.4294,1.44,1.4025,1.4314,733106.6
1736456400000,2025-01-09 23:00:00,1.4314,1.4456,1.422,1.4243,202884.1
1736460000000,2025-01-10 00:00:00,1.4243,1.4582,1.4185,1.4465,154709.4
1736463600000,2025-01-10 01:00:00,1.4465,1.4499,1.4372,1.4468,329610.7
1736467200000,2025-01-10 02:00:00,1.4468,1.4647,1.4454,1.4473,273596.9
1736470800000,2025-01-10 03:00:00,1.4473,1.4591,1.4379,1.4571,317525.9
1736474400000,2025-01-10 04:00:00,1.4571,1.4719,1.4488,1.4573,197348.6
1736478000000,2025-01-10 05:00:00,1.4573,1.4654,1.4476,1.4602,143713.1
1736481600000,2025-01-10 06:00:00,1.4602,1.4721,1.4535,1.4566,170240.3
1736485200000,2025-01-10 07:00:00,1.4566,1.4927,1.4516,1.4712,202695.1
1736488800000,2025-01-10 08:00:00,1.4712,1.4971,1.4673,1.4941,213242.4
1736492400000,2025-01-10 09:00:00,1.4941,1.5332,1.4848,1.5161,416361.8
1736496000000,2025-01-10 10:00:00,1.5161,1.5269,1.5003,1.505,328327.1
1736499600000,2025-01-10 11:00:00,1.505,1.5168,1.4973,1.5065,262990.8
1736503200000,2025-01-10 12:00:00,1.5065,1.5179,1.4916,1.5148,199696.6
1736506800000,2025-01-10 13:00:00,1.5148,1.5148,1.4864,1.4995,188586.3
1736510400000,2025-01-10 14:00:00,1.4995,1.5049,1.4819,1.5024,270347.9
1736514000000,2025-01-10 15:00:00,1.5024,1.514,1.4365,1.463,1872291.1
1736517600000,2025-01-10 16:00:00,1.463,1.497,1.457,1.4654,466871.2
1736521200000,2025-01-10 17:00:00,1.4654,1.4802,1.4315,1.4638,459353.6
1736524800000,2025-01-10 18:00:00,1.4638,1.4647,1.4359,1.4408,378613.3
1736528400000,2025-01-10 19:00:00,1.4408,1.5117,1.4393,1.511,379018.5
1736532000000,2025-01-10 20:00:00,1.511,1.5207,1.4843,1.49,447413.7
1736535600000,2025-01-10 21:00:00,1.49,1.502,1.4763,1.499,191111.4
1736539200000,2025-01-10 22:00:00,1.499,1.5003,1.4751,1.4877,151480.9
1736542800000,2025-01-10 23:00:00,1.4877,1.502,1.4842,1.4931,95162.3
1736546400000,2025-01-11 00:00:00,1.4931,1.5051,1.4803,1.4981,104386.2
1736550000000,2025-01-11 01:00:00,1.4981,1.5042,1.4877,1.4877,80699.6
1736553600000,2025-01-11 02:00:00,1.4877,1.4961,1.4736,1.4861,175444.8
1736557200000,2025-01-11 03:00:00,1.4861,1.5026,1.4703,1.4795,396417.1
1736560800000,2025-01-11 04:00:00,1.4795,1.49,1.4601,1.4628,290004.5
1736564400000,2025-01-11 05:00:00,1.4628,1.4634,1.449,1.455,183387.3
1736568000000,2025-01-11 06:00:00,1.455,1.4628,1.444,1.453,174555.8
1736571600000,2025-01-11 07:00:00,1.453,1.4666,1.4495,1.4643,292104.0
1736575200000,2025-01-11 08:00:00,1.4643,1.4706,1.4477,1.4477,345204.4
1736578800000,2025-01-11 09:00:00,1.4477,1.4537,1.441,1.4513,119291.9
1736582400000,2025-01-11 10:00:00,1.4513,1.4586,1.4354,1.439,141912.0
1736586000000,2025-01-11 11:00:00,1.439,1.4508,1.4382,1.4485,95516.8
1736589600000,2025-01-11 12:00:00,1.4485,1.4693,1.4482,1.4677,104871.9
1736593200000,2025-01-11 13:00:00,1.4677,1.4864,1.4634,1.4769,151850.9
1736596800000,2025-01-11 14:00:00,1.4769,1.4803,1.4611,1.4636,137163.8
1736600400000,2025-01-11 15:00:00,1.4636,1.4711,1.4528,1.4576,112109.8
1736604000000,2025-01-11 16:00:00,1.4576,1.4694,1.4459,1.4668,162177.6
1736607600000,2025-01-11 17:00:00,1.4668,1.4692,1.4496,1.4525,99768.6
1736611200000,2025-01-11 18:00:00,1.4525,1.4666,1.4461,1.462,139412.3
1736614800000,2025-01-11 19:00:00,1.462,1.462,1.4364,1.4396,146447.3
1736618400000,2025-01-11 20:00:00,1.4396,1.4542,1.4324,1.4469,137307.6
1736622000000,2025-01-11 21:00:00,1.4469,1.4517,1.436,1.4488,113247.2
1736625600000,2025-01-11 22:00:00,1.4488,1.4981,1.4398,1.4922,300041.0
1736629200000,2025-01-11 23:00:00,1.4922,1.5186,1.492,1.5022,508541.1
1736632800000,2025-01-12 00:00:00,1.5022,1.5044,1.4743,1.4777,225270.6
1736636400000,2025-01-12 01:00:00,1.4777,1.4832,1.4658,1.4694,144172.7
1736640000000,2025-01-12 02:00:00,1.4694,1.4721,1.4543,1.4579,183277.6
1736643600000,2025-01-12 03:00:00,1.4579,1.4705,1.4529,1.4687,105739.5
1736647200000,2025-01-12 04:00:00,1.4687,1.4738,1.457,1.4672,102163.5
1736650800000,2025-01-12 05:00:00,1.4672,1.471,1.4489,1.4669,135541.5
1736654400000,2025-01-12 06:00:00,1.4669,1.4781,1.4643,1.4679,204883.6
1736658000000,2025-01-12 07:00:00,1.4679,1.4829,1.4679,1.4716,106395.9
1736661600000,2025-01-12 08:00:00,1.4716,1.4846,1.4616,1.463,122049.6
1736665200000,2025-01-12 09:00:00,1.463,1.4823,1.4613,1.4735,169014.0
1736668800000,2025-01-12 10:00:00,1.4735,1.4773,1.4525,1.4587,197940.0
1736672400000,2025-01-12 11:00:00,1.4587,1.4656,1.4456,1.4532,99518.0
1736676000000,2025-01-12 12:00:00,1.4532,1.4593,1.4415,1.4511,114224.0
1736679600000,2025-01-12 13:00:00,1.4511,1.4725,1.4471,1.4684,102100.8
1736683200000,2025-01-12 14:00:00,1.4684,1.4765,1.4514,1.4518,120718.4
1736686800000,2025-01-12 15:00:00,1.4518,1.4627,1.4461,1.457,129137.1
1736690400000,2025-01-12 16:00:00,1.457,1.4681,1.4499,1.4525,89865.9
1736694000000,2025-01-12 17:00:00,1.4525,1.476,1.444,1.4645,246868.5
1736697600000,2025-01-12 18:00:00,1.4645,1.4737,1.4514,1.4689,178373.6
1736701200000,2025-01-12 19:00:00,1.4689,1.4795,1.4594,1.4697,152948.2
1736704800000,2025-01-12 20:00:00,1.4697,1.4798,1.4507,1.4568,219881.8
1736708400000,2025-01-12 21:00:00,1.4568,1.4628,1.4482,1.4517,100261.2
1736712000000,2025-01-12 22:00:00,1.4517,1.4627,1.4424,1.4484,71060.8
1736715600000,2025-01-12 23:00:00,1.4484,1.4525,1.4319,1.4328,160477.4
1736719200000,2025-01-13 00:00:00,1.4328,1.4352,1.4101,1.4194,618168.2
1736722800000,2025-01-13 01:00:00,1.4194,1.4436,1.4187,1.44,116865.6
1736726400000,2025-01-13 02:00:00,1.44,1.4858,1.434,1.4689,420126.4
1736730000000,2025-01-13 03:00:00,1.4689,1.474,1.4266,1.4325,213630.9
1736733600000,2025-01-13 04:00:00,1.4325,1.4374,1.3887,1.4004,530973.1
1736737200000,2025-01-13 05:00:00,1.4004,1.414,1.3759,1.3802,664936.9
1736740800000,2025-01-13 06:00:00,1.3802,1.4154,1.3769,1.3949,318824.3
1736744400000,2025-01-13 07:00:00,1.3949,1.3978,1.3691,1.3761,247350.9
1736748000000,2025-01-13 08:00:00,1.3761,1.3829,1.3373,1.3465,1009974.0
1736751600000,2025-01-13 09:00:00,1.3465,1.3671,1.3401,1.3603,237891.7
1736755200000,2025-01-13 10:00:00,1.3603,1.3665,1.3301,1.3396,271830.5
1736758800000,2025-01-13 11:00:00,1.3396,1.344,1.3183,1.3274,382009.3
1736762400000,2025-01-13 12:00:00,1.3274,1.328,1.2993,1.3093,400029.4
1736766000000,2025-01-13 13:00:00,1.3093,1.3108,1.2764,1.2805,326558.7
1736769600000,2025-01-13 14:00:00,1.2805,1.3058,1.2762,1.2948,288027.3
1736773200000,2025-01-13 15:00:00,1.2948,1.3334,1.2881,1.3026,774411.0
1736776800000,2025-01-13 16:00:00,1.3026,1.3458,1.2671,1.3293,1654449.0
1736780400000,2025-01-13 17:00:00,1.3293,1.3639,1.3232,1.3409,369347.8
1736784000000,2025-01-13 18:00:00,1.3409,1.3464,1.3145,1.3156,294481.3
1736787600000,2025-01-13 19:00:00,1.3156,1.3287,1.3018,1.308,211434.5
1736791200000,2025-01-13 20:00:00,1.308,1.3205,1.2845,1.3017,450198.5
1736794800000,2025-01-13 21:00:00,1.3017,1.3183,1.2912,1.3072,166957.7
1736798400000,2025-01-13 22:00:00,1.3072,1.363,1.2954,1.3539,354008.7
1736802000000,2025-01-13 23:00:00,1.3539,1.3751,1.3436,1.3705,303423.3
1736805600000,2025-01-14 00:00:00,1.3705,1.4024,1.369,1.3957,367162.8
1736809200000,2025-01-14 01:00:00,1.3957,1.4,1.3832,1.393,366488.1
1736812800000,2025-01-14 02:00:00,1.393,1.4061,1.3831,1.3922,383352.8
1736816400000,2025-01-14 03:00:00,1.3922,1.4258,1.3922,1.4049,424813.5
1736820000000,2025-01-14 04:00:00,1.4049,1.4289,1.4004,1.4078,213519.4
1736823600000,2025-01-14 05:00:00,1.4078,1.4166,1.4028,1.4047,91184.1
1736827200000,2025-01-14 06:00:00,1.4047,1.4285,1.4047,1.4269,239852.8
1736830800000,2025-01-14 07:00:00,1.4269,1.4446,1.4096,1.4118,277716.1
1736834400000,2025-01-14 08:00:00,1.4118,1.4194,1.4028,1.4117,411006.9
1736838000000,2025-01-14 09:00:00,1.4117,1.4172,1.3972,1.3976,105308.2
1736841600000,2025-01-14 10:00:00,1.3976,1.4157,1.3976,1.4054,224418.0
1736845200000,2025-01-14 11:00:00,1.4054,1.4543,1.4018,1.4442,506954.7
1736848800000,2025-01-14 12:00:00,1.4442,1.4444,1.4134,1.4177,260007.0
1736852400000,2025-01-14 13:00:00,1.4177,1.4197,1.4062,1.4165,122763.1
1736856000000,2025-01-14 14:00:00,1.4165,1.4218,1.4012,1.4085,181225.1
1736859600000,2025-01-14 15:00:00,1.4085,1.4462,1.4079,1.4315,551292.8
1736863200000,2025-01-14 16:00:00,1.4315,1.4581,1.4192,1.4326,291085.1
1736866800000,2025-01-14 17:00:00,1.4326,1.449,1.43,1.4328,282741.0
1736870400000,2025-01-14 18:00:00,1.4328,1.4355,1.4169,1.4246,153845.6
1736874000000,2025-01-14 19:00:00,1.4246,1.4455,1.4174,1.4369,102705.8
1736877600000,2025-01-14 20:00:00,1.4369,1.4453,1.4312,1.4352,193640.2
1736881200000,2025-01-14 21:00:00,1.4352,1.4509,1.4271,1.44,195479.5
1736884800000,2025-01-14 22:00:00,1.44,1.4484,1.4271,1.4461,116021.0
1736888400000,2025-01-14 23:00:00,1.4461,1.4556,1.4342,1.4402,166237.5
1736892000000,2025-01-15 00:00:00,1.4402,1.4616,1.4402,1.4589,117109.3
1736895600000,2025-01-15 01:00:00,1.4589,1.4593,1.444,1.4525,91004.9
1736899200000,2025-01-15 02:00:00,1.4525,1.4599,1.4391,1.443,135990.6
1736902800000,2025-01-15 03:00:00,1.443,1.47,1.4368,1.4541,218230.7
1736906400000,2025-01-15 04:00:00,1.4541,1.4689,1.4375,1.4429,137966.5
1736910000000,2025-01-15 05:00:00,1.4429,1.4564,1.4361,1.4556,94429.5
1736913600000,2025-01-15 06:00:00,1.4556,1.4676,1.4399,1.4442,101922.9
1736917200000,2025-01-15 07:00:00,1.4442,1.4593,1.4321,1.4532,302617.7
1736920800000,2025-01-15 08:00:00,1.4532,1.4607,1.44,1.456,68922.3
1736924400000,2025-01-15 09:00:00,1.456,1.4822,1.456,1.4675,286272.7
1736928000000,2025-01-15 10:00:00,1.4675,1.4895,1.462,1.4676,285384.3
1736931600000,2025-01-15 11:00:00,1.4676,1.4702,1.4326,1.4357,204922.8
1736935200000,2025-01-15 12:00:00,1.4357,1.4534,1.4352,1.4483,140640.2
1736938800000,2025-01-15 13:00:00,1.4483,1.4514,1.4286,1.4514,264603.1
1736942400000,2025-01-15 14:00:00,1.4514,1.4574,1.4308,1.4372,293333.2
1736946000000,2025-01-15 15:00:00,1.4372,1.5355,1.4342,1.5355,1238475.3
1736949600000,2025-01-15 16:00:00,1.5355,1.632,1.5266,1.6258,1539075.0
1736953200000,2025-01-15 17:00:00,1.6258,1.6701,1.5865,1.622,2787105.4
1736956800000,2025-01-15 18:00:00,1.622,1.6584,1.6148,1.6188,1063432.3
1736960400000,2025-01-15 19:00:00,1.6188,1.6364,1.6012,1.6211,673301.1
1736964000000,2025-01-15 20:00:00,1.6211,1.6482,1.6199,1.6254,501066.2
1736967600000,2025-01-15 21:00:00,1.6254,1.6507,1.6178,1.6466,388830.0
1736971200000,2025-01-15 22:00:00,1.6466,1.661,1.6268,1.6294,431375.7
1736974800000,2025-01-15 23:00:00,1.6294,1.6481,1.6268,1.6361,276403.0
1736978400000,2025-01-16 00:00:00,1.6361,1.6519,1.6274,1.6511,182345.4
1736982000000,2025-01-16 01:00:00,1.6511,1.6808,1.6475,1.6677,458687.1
1736985600000,2025-01-16 02:00:00,1.6677,1.6808,1.6239,1.6373,481162.4
1736989200000,2025-01-16 03:00:00,1.6373,1.6686,1.6372,1.668,245020.7
1736992800000,2025-01-16 04:00:00,1.668,1.6708,1.649,1.6563,379902.0
1736996400000,2025-01-16 05:00:00,1.6563,1.6624,1.6289,1.6458,253108.3
1737000000000,2025-01-16 06:00:00,1.6458,1.6486,1.6306,1.6349,94021.2
1737003600000,2025-01-16 07:00:00,1.6349,1.642,1.6242,1.6319,96400.2
1737007200000,2025-01-16 08:00:00,1.6319,1.6397,1.6266,1.6353,69933.1
1737010800000,2025-01-16 09:00:00,1.6353,1.6392,1.6195,1.6238,130505.3
1737014400000,2025-01-16 10:00:00,1.6238,1.6323,1.5811,1.591,409035.3
1737018000000,2025-01-16 11:00:00,1.591,1.605,1.5812,1.6035,282905.2
1737021600000,2025-01-16 12:00:00,1.6035,1.6051,1.5933,1.6012,109721.7
1737025200000,2025-01-16 13:00:00,1.6012,1.6161,1.5863,1.6152,334502.0
1737028800000,2025-01-16 14:00:00,1.6152,1.6608,1.6021,1.651,1305596.0
1737032400000,2025-01-16 15:00:00,1.651,1.6577,1.6096,1.6223,752354.2
1737036000000,2025-01-16 16:00:00,1.6223,1.6303,1.566,1.5765,696990.9
1737039600000,2025-01-16 17:00:00,1.5765,1.6203,1.5729,1.6203,340403.6
1737043200000,2025-01-16 18:00:00,1.6203,1.6469,1.6176,1.6306,332117.4
1737046800000,2025-01-16 19:00:00,1.6306,1.6403,1.6194,1.6283,178269.7
1737050400000,2025-01-16 20:00:00,1.6283,1.6369,1.6036,1.6083,220545.7
1737054000000,2025-01-16 21:00:00,1.6083,1.636,1.6037,1.6352,96951.3
1737057600000,2025-01-16 22:00:00,1.6352,1.642,1.6178,1.6232,202114.7
1737061200000,2025-01-16 23:00:00,1.6232,1.6241,1.6004,1.6074,170857.5
1737064800000,2025-01-17 00:00:00,1.6074,1.6099,1.5792,1.5841,184416.5
1737068400000,2025-01-17 01:00:00,1.5841,1.5973,1.5782,1.5953,100309.7
1737072000000,2025-01-17 02:00:00,1.5953,1.6113,1.595,1.6088,130634.8
1737075600000,2025-01-17 03:00:00,1.6088,1.6608,1.6042,1.6544,344102.0
1737079200000,2025-01-17 04:00:00,1.6544,1.6646,1.6312,1.638,184115.7
1737082800000,2025-01-17 05:00:00,1.638,1.6468,1.6298,1.635,105529.2
1737086400000,2025-01-17 06:00:00,1.635,1.677,1.6316,1.6716,453999.3
1737090000000,2025-01-17 07:00:00,1.6716,1.7136,1.6623,1.7101,512645.8
1737093600000,2025-01-17 08:00:00,1.7101,1.7341,1.6972,1.705,371146.9
1737097200000,2025-01-17 09:00:00,1.705,1.7366,1.6933,1.7165,424501.3
1737100800000,2025-01-17 10:00:00,1.7165,1.7532,1.7089,1.7277,628751.3
1737104400000,2025-01-17 11:00:00,1.7277,1.7357,1.7001,1.7001,495001.7
1737108000000,2025-01-17 12:00:00,1.7001,1.7095,1.6888,1.6963,399269.6
1737111600000,2025-01-17 13:00:00,1.6963,1.7089,1.6838,1.6999,236492.8
1737115200000,2025-01-17 14:00:00,1.6999,1.7001,1.6698,1.6735,359314.1
1737118800000,2025-01-17 15:00:00,1.6735,1.6925,1.665,1.6787,251728.5
1737122400000,2025-01-17 16:00:00,1.6787,1.7139,1.6776,1.6935,281504.9
1737126000000,2025-01-17 17:00:00,1.6935,1.7078,1.674,1.6876,231665.2
1737129600000,2025-01-17 18:00:00,1.6876,1.7034,1.6797,1.6864,229441.4
1737133200000,2025-01-17 19:00:00,1.6864,1.6983,1.6666,1.67,273618.2
1737136800000,2025-01-17 20:00:00,1.67,1.6864,1.6655,1.677,107455.4
1737140400000,2025-01-17 21:00:00,1.677,1.7011,1.6766,1.6903,227517.6
1737144000000,2025-01-17 22:00:00,1.6903,1.7237,1.6903,1.7203,489953.6
1737147600000,2025-01-17 23:00:00,1.7203,1.7339,1.7118,1.7284,226562.2
1737151200000,2025-01-18 00:00:00,1.7284,1.7396,1.7238,1.728,97926.4
1737154800000,2025-01-18 01:00:00,1.728,1.7283,1.711,1.7134,254382.9
1737158400000,2025-01-18 02:00:00,1.7134,1.7488,1.7064,1.7424,273288.6
1737162000000,2025-01-18 03:00:00,1.7424,1.743,1.7008,1.7022,265375.3
1737165600000,2025-01-18 04:00:00,1.7022,1.7076,1.6709,1.6758,342840.6
1737169200000,2025-01-18 05:00:00,1.6758,1.6814,1.6144,1.6176,505209.7
1737172800000,2025-01-18 06:00:00,1.6176,1.63,1.6018,1.6128,246167.9
1737176400000,2025-01-18 07:00:00,1.6128,1.6151,1.548,1.548,586622.6
1737180000000,2025-01-18 08:00:00,1.548,1.5802,1.5474,1.5736,336899.0
1737183600000,2025-01-18 09:00:00,1.5736,1.5755,1.5487,1.555,172593.1
1737187200000,2025-01-18 10:00:00,1.555,1.5718,1.5279,1.5662,608921.7
1737190800000,2025-01-18 11:00:00,1.5662,1.5668,1.5396,1.5523,141888.5
1737194400000,2025-01-18 12:00:00,1.5523,1.5524,1.5167,1.5308,366373.1
1737198000000,2025-01-18 13:00:00,1.5308,1.565,1.5207,1.553,171363.9
1737201600000,2025-01-18 14:00:00,1.553,1.5624,1.538,1.5467,161017.2
1737205200000,2025-01-18 15:00:00,1.5467,1.568,1.5366,1.568,212566.0
1737208800000,2025-01-18 16:00:00,1.568,1.569,1.5253,1.5288,239874.8
1737212400000,2025-01-18 17:00:00,1.5288,1.5527,1.5191,1.5274,269963.2
1737216000000,2025-01-18 18:00:00,1.5274,1.5358,1.4985,1.4987,426245.0
1737219600000,2025-01-18 19:00:00,1.4987,1.5186,1.4959,1.4995,156762.9
1737223200000,2025-01-18 20:00:00,1.4995,1.5111,1.4803,1.4835,206295.5
1737226800000,2025-01-18 21:00:00,1.4835,1.513,1.4833,1.5119,117037.0
1737230400000,2025-01-18 22:00:00,1.5119,1.515,1.4825,1.4883,244673.4
1737234000000,2025-01-18 23:00:00,1.4883,1.5038,1.4864,1.4892,115778.0
1737237600000,2025-01-19 00:00:00,1.4892,1.5031,1.4875,1.4973,65840.8
1737241200000,2025-01-19 01:00:00,1.4973,1.5283,1.4958,1.5213,178618.6
1737244800000,2025-01-19 02:00:00,1.5213,1.5416,1.5095,1.5368,198806.6
1737248400000,2025-01-19 03:00:00,1.5368,1.5798,1.5327,1.5702,215293.4
1737252000000,2025-01-19 04:00:00,1.5702,1.5891,1.5635,1.5664,205139.3
1737255600000,2025-01-19 05:00:00,1.5664,1.5737,1.538,1.5389,219924.3
1737259200000,2025-01-19 06:00:00,1.5389,1.5402,1.5001,1.5036,232395.0
1737262800000,2025-01-19 07:00:00,1.5036,1.5083,1.4833,1.5077,280045.3
1737266400000,2025-01-19 08:00:00,1.5077,1.5088,1.4855,1.4873,141663.2
1737270000000,2025-01-19 09:00:00,1.4873,1.4944,1.4602,1.4804,286234.3
1737273600000,2025-01-19 10:00:00,1.4804,1.4804,1.42,1.423,699416.1
1737277200000,2025-01-19 11:00:00,1.423,1.4335,1.3807,1.4328,1156047.4
1737280800000,2025-01-19 12:00:00,1.4328,1.4329,1.4022,1.4031,267205.9
1737284400000,2025-01-19 13:00:00,1.4031,1.4085,1.36,1.3736,478070.7
1737288000000,2025-01-19 14:00:00,1.3736,1.4236,1.3706,1.4203,336132.3
1737291600000,2025-01-19 15:00:00,1.4203,1.4605,1.4144,1.4583,298631.1
1737295200000,2025-01-19 16:00:00,1.4583,1.5155,1.4487,1.5033,955616.5
1737298800000,2025-01-19 17:00:00,1.5033,1.5309,1.4894,1.4991,552916.6
1737302400000,2025-01-19 18:00:00,1.4991,1.5244,1.4916,1.506,260907.3
1737306000000,2025-01-19 19:00:00,1.506,1.5409,1.4978,1.5371,329754.6
1737309600000,2025-01-19 20:00:00,1.5371,1.54,1.5143,1.528,166548.4
1737313200000,2025-01-19 21:00:00,1.528,1.528,1.5065,1.5181,141364.0
1737316800000,2025-01-19 22:00:00,1.5181,1.5288,1.4905,1.4975,241488.7
1737320400000,2025-01-19 23:00:00,1.4975,1.4997,1.394,1.3966,1663767.9
1737324000000,2025-01-20 00:00:00,1.3966,1.43,1.3252,1.3812,1530323.4
1737327600000,2025-01-20 01:00:00,1.3812,1.3814,1.3195,1.3525,1401153.0
1737331200000,2025-01-20 02:00:00,1.3525,1.3525,1.2898,1.2902,2292234.3
1737334800000,2025-01-20 03:00:00,1.2902,1.3136,1.2828,1.3029,1022055.8
1737338400000,2025-01-20 04:00:00,1.3029,1.3766,1.2982,1.3302,753701.9
1737342000000,2025-01-20 05:00:00,1.3302,1.3619,1.3212,1.3498,430347.6
1737345600000,2025-01-20 06:00:00,1.3498,1.3796,1.3302,1.3564,290097.7
1737349200000,2025-01-20 07:00:00,1.3564,1.3944,1.3531,1.379,283190.3
1737352800000,2025-01-20 08:00:00,1.379,1.484,1.3768,1.4824,1017553.2
1737356400000,2025-01-20 09:00:00,1.4824,1.5326,1.4716,1.4872,2276926.2
1737360000000,2025-01-20 10:00:00,1.4872,1.5307,1.4863,1.4978,531352.6
1737363600000,2025-01-20 11:00:00,1.4978,1.5032,1.4625,1.4738,818058.8
1737367200000,2025-01-20 12:00:00,1.4738,1.4807,1.4424,1.4525,232467.6
1737370800000,2025-01-20 13:00:00,1.4525,1.4685,1.4363,1.4674,268862.4
1737374400000,2025-01-20 14:00:00,1.4674,1.4695,1.3881,1.4105,622258.5
1737378000000,2025-01-20 15:00:00,1.4105,1.4305,1.4015,1.4234,435757.7
1737381600000,2025-01-20 16:00:00,1.4234,1.4492,1.4177,1.4403,249383.0
1737385200000,2025-01-20 17:00:00,1.4403,1.4403,1.4005,1.4131,457500.0
1737388800000,2025-01-20 18:00:00,1.4131,1.4437,1.3825,1.4419,417608.7
1737392400000,2025-01-20 19:00:00,1.4419,1.4436,1.3346,1.3708,3658783.7
1737396000000,2025-01-20 20:00:00,1.3708,1.4193,1.37,1.4102,433439.3
1737399600000,2025-01-20 21:00:00,1.4102,1.4253,1.3907,1.4109,216213.5
1737403200000,2025-01-20 22:00:00,1.4109,1.4133,1.3888,1.3946,516651.8
1737406800000,2025-01-20 23:00:00,1.3946,1.4041,1.3667,1.3671,324440.0
1737410400000,2025-01-21 00:00:00,1.3671,1.3988,1.353,1.3919,253773.6
1737414000000,2025-01-21 01:00:00,1.3919,1.3933,1.3637,1.3711,215057.5
1737417600000,2025-01-21 02:00:00,1.3711,1.3766,1.3316,1.3329,299895.1
1737421200000,2025-01-21 03:00:00,1.3329,1.3544,1.3221,1.3388,259171.1
1737424800000,2025-01-21 04:00:00,1.3388,1.3417,1.3074,1.3324,182823.2
1737428400000,2025-01-21 05:00:00,1.3324,1.3364,1.3155,1.3266,210061.1
1737432000000,2025-01-21 06:00:00,1.3266,1.3271,1.2923,1.326,259757.8
1737435600000,2025-01-21 07:00:00,1.326,1.3338,1.3084,1.312,105592.4
1737439200000,2025-01-21 08:00:00,1.312,1.3376,1.3042,1.324,226152.3
1737442800000,2025-01-21 09:00:00,1.324,1.353,1.3182,1.3439,220412.5
1737446400000,2025-01-21 10:00:00,1.3439,1.3508,1.3231,1.3363,205258.1
1737450000000,2025-01-21 11:00:00,1.3363,1.3522,1.3313,1.3502,133565.6
1737453600000,2025-01-21 12:00:00,1.3502,1.3934,1.3482,1.386,309742.0
1737457200000,2025-01-21 13:00:00,1.386,1.3907,1.3691,1.3878,356895.2
1737460800000,2025-01-21 14:00:00,1.3878,1.4143,1.3816,1.3964,295206.3
1737464400000,2025-01-21 15:00:00,1.3964,1.4069,1.3822,1.3971,228034.6
1737468000000,2025-01-21 16:00:00,1.3971,1.416,1.3743,1.3779,267937.6
1737471600000,2025-01-21 17:00:00,1.3779,1.3894,1.3676,1.3856,256319.1
1737475200000,2025-01-21 18:00:00,1.3856,1.4239,1.3811,1.396,246722.9
1737478800000,2025-01-21 19:00:00,1.396,1.4463,1.3955,1.4411,182180.4
1737482400000,2025-01-21 20:00:00,1.4411,1.4636,1.4371,1.4513,242105.0
1737486000000,2025-01-21 21:00:00,1.4513,1.4517,1.4156,1.4253,284034.8
1737489600000,2025-01-21 22:00:00,1.4253,1.4275,1.406,1.4194,85182.1
1737493200000,2025-01-21 23:00:00,1.4194,1.427,1.4082,1.4242,141652.3
1737496800000,2025-01-22 00:00:00,1.4242,1.4282,1.4105,1.4124,118553.7
1737500400000,2025-01-22 01:00:00,1.4124,1.4135,1.3878,1.4085,335345.4
1737504000000,2025-01-22 02:00:00,1.4085,1.4195,1.393,1.4159,282720.7
1737507600000,2025-01-22 03:00:00,1.4159,1.4159,1.3726,1.3755,328604.2
1737511200000,2025-01-22 04:00:00,1.3755,1.4004,1.37,1.3954,156184.9
1737514800000,2025-01-22 05:00:00,1.3954,1.4,1.3842,1.3885,116121.5
1737518400000,2025-01-22 06:00:00,1.3885,1.3929,1.3713,1.3792,94247.1
1737522000000,2025-01-22 07:00:00,1.3792,1.3941,1.378,1.3793,96739.2
1737525600000,2025-01-22 08:00:00,1.3793,1.3883,1.3734,1.3825,64357.7
1737529200000,2025-01-22 09:00:00,1.3825,1.3846,1.3684,1.3693,60891.9
1737532800000,2025-01-22 10:00:00,1.3693,1.3725,1.3486,1.3687,301931.3
1737536400000,2025-01-22 11:00:00,1.3687,1.3869,1.3624,1.3784,132874.7
1737540000000,2025-01-22 12:00:00,1.3784,1.381,1.3627,1.3768,235949.3
1737543600000,2025-01-22 13:00:00,1.3768,1.3921,1.3739,1.3887,283838.8
1737547200000,2025-01-22 14:00:00,1.3887,1.3933,1.3691,1.3749,146102.1
1737550800000,2025-01-22 15:00:00,1.3749,1.3749,1.3488,1.3532,142216.3
1737554400000,2025-01-22 16:00:00,1.3532,1.3697,1.3438,1.3635,157832.4
1737558000000,2025-01-22 17:00:00,1.3635,1.3719,1.3495,1.3603,125522.3
1737561600000,2025-01-22 18:00:00,1.3603,1.3709,1.3496,1.3653,92075.3
1737565200000,2025-01-22 19:00:00,1.3653,1.3815,1.3612,1.3804,88009.7
1737568800000,2025-01-22 20:00:00,1.3804,1.3856,1.3451,1.3486,108182.6
1737572400000,2025-01-22 21:00:00,1.3486,1.3744,1.3484,1.3596,74693.6
1737576000000,2025-01-22 22:00:00,1.3596,1.3705,1.3541,1.3544,64830.3
1737579600000,2025-01-22 23:00:00,1.3544,1.3605,1.3436,1.3528,75750.6
1737583200000,2025-01-23 00:00:00,1.3528,1.3647,1.3378,1.339,117446.6
1737586800000,2025-01-23 01:00:00,1.339,1.3469,1.3324,1.3431,82307.6
1737590400000,2025-01-23 02:00:00,1.3431,1.3483,1.3309,1.3368,105119.8
1737594000000,2025-01-23 03:00:00,1.3368,1.3401,1.316,1.3186,129702.1
1737597600000,2025-01-23 04:00:00,1.3186,1.3233,1.3032,1.3134,150544.5
1737601200000,2025-01-23 05:00:00,1.3134,1.3297,1.3087,1.3172,107275.0
1737604800000,2025-01-23 06:00:00,1.3172,1.3229,1.2978,1.3055,402793.9
1737608400000,2025-01-23 07:00:00,1.3055,1.3172,1.3042,1.3116,111905.7
1737612000000,2025-01-23 08:00:00,1.3116,1.317,1.3035,1.3058,169992.3
1737615600000,2025-01-23 09:00:00,1.3058,1.3258,1.2985,1.3245,140443.1
1737619200000,2025-01-23 10:00:00,1.3245,1.3276,1.3049,1.3059,112335.6
1737622800000,2025-01-23 11:00:00,1.3059,1.3165,1.2949,1.2978,235261.8
1737626400000,2025-01-23 12:00:00,1.2978,1.3054,1.289,1.2998,167180.7
1737630000000,2025-01-23 13:00:00,1.2998,1.308,1.2949,1.2982,84205.8
1737633600000,2025-01-23 14:00:00,1.2982,1.3153,1.2914,1.3023,159208.6
1737637200000,2025-01-23 15:00:00,1.3023,1.3259,1.2911,1.3218,226204.8
1737640800000,2025-01-23 16:00:00,1.3218,1.3624,1.3071,1.3492,410353.3
1737644400000,2025-01-23 17:00:00,1.3492,1.358,1.3182,1.3371,370692.6
1737648000000,2025-01-23 18:00:00,1.3371,1.374,1.3371,1.3417,255359.3
1737651600000,2025-01-23 19:00:00,1.3417,1.3502,1.3236,1.3482,273213.5
1737655200000,2025-01-23 20:00:00,1.3482,1.3517,1.32,1.3208,114611.0
1737658800000,2025-01-23 21:00:00,1.3208,1.3225,1.2964,1.3033,186641.5
1737662400000,2025-01-23 22:00:00,1.3033,1.3485,1.2953,1.3189,891945.7
1737666000000,2025-01-23 23:00:00,1.3189,1.3219,1.2887,1.2984,218730.9
1737669600000,2025-01-24 00:00:00,1.2984,1.3463,1.2956,1.3445,157778.7
1737673200000,2025-01-24 01:00:00,1.3445,1.3559,1.3347,1.3455,107974.0
1737676800000,2025-01-24 02:00:00,1.3455,1.3516,1.3066,1.3079,150643.7
1737680400000,2025-01-24 03:00:00,1.3079,1.3196,1.2968,1.3021,127269.1
1737684000000,2025-01-24 04:00:00,1.3021,1.3075,1.2864,1.2893,94955.6
1737687600000,2025-01-24 05:00:00,1.2893,1.3166,1.2845,1.3065,103774.7
1737691200000,2025-01-24 06:00:00,1.3065,1.3315,1.2931,1.3284,249320.0
1737694800000,2025-01-24 07:00:00,1.3284,1.3701,1.3231,1.3694,232994.6
1737698400000,2025-01-24 08:00:00,1.3694,1.3733,1.3433,1.3511,210179.3
1737702000000,2025-01-24 09:00:00,1.3511,1.3631,1.3458,1.3484,63004.3
1737705600000,2025-01-24 10:00:00,1.3484,1.3706,1.3426,1.3596,245372.9
1737709200000,2025-01-24 11:00:00,1.3596,1.3675,1.3515,1.3624,168975.8
1737712800000,2025-01-24 12:00:00,1.3624,1.3725,1.353,1.3708,157327.3
1737716400000,2025-01-24 13:00:00,1.3708,1.3758,1.3623,1.3735,258082.9
1737720000000,2025-01-24 14:00:00,1.3735,1.39,1.3658,1.388,395770.8
1737723600000,2025-01-24 15:00:00,1.388,1.4007,1.3745,1.3842,248011.7
1737727200000,2025-01-24 16:00:00,1.3842,1.3901,1.3616,1.3769,255913.5
1737730800000,2025-01-24 17:00:00,1.3769,1.3852,1.3452,1.3613,212982.7
1737734400000,2025-01-24 18:00:00,1.3613,1.3657,1.3493,1.3501,115590.5
1737738000000,2025-01-24 19:00:00,1.3501,1.3656,1.3414,1.3605,100373.2
1737741600000,2025-01-24 20:00:00,1.3605,1.3651,1.345,1.3483,121339.5
1737745200000,2025-01-24 21:00:00,1.3483,1.3523,1.3313,1.3377,171716.5
1737748800000,2025-01-24 22:00:00,1.3377,1.3422,1.3091,1.3099,159336.7
1737752400000,2025-01-24 23:00:00,1.3099,1.323,1.3054,1.3137,334475.1
1737756000000,2025-01-25 00:00:00,1.3137,1.3173,1.3054,1.3072,238684.2
1737759600000,2025-01-25 01:00:00,1.3072,1.3165,1.2989,1.313,208721.4
1737763200000,2025-01-25 02:00:00,1.313,1.3133,1.2922,1.2922,133477.2
1737766800000,2025-01-25 03:00:00,1.2922,1.3278,1.2906,1.3195,158333.6
1737770400000,2025-01-25 04:00:00,1.3195,1.3351,1.314,1.3307,100569.5
1737774000000,2025-01-25 05:00:00,1.3307,1.3462,1.3224,1.3404,95304.4
1737777600000,2025-01-25 06:00:00,1.3404,1.3414,1.3135,1.3159,129071.9
1737781200000,2025-01-25 07:00:00,1.3159,1.3263,1.3117,1.3214,75931.1
1737784800000,2025-01-25 08:00:00,1.3214,1.3264,1.31,1.3141,61133.4
1737788400000,2025-01-25 09:00:00,1.3141,1.3155,1.3065,1.3083,71332.4
1737792000000,2025-01-25 10:00:00,1.3083,1.3168,1.3028,1.3089,74146.2
1737795600000,2025-01-25 11:00:00,1.3089,1.311,1.3027,1.3049,55957.3
1737799200000,2025-01-25 12:00:00,1.3049,1.3208,1.2996,1.3183,121588.5
1737802800000,2025-01-25 13:00:00,1.3183,1.3305,1.3149,1.3269,187494.4
1737806400000,2025-01-25 14:00:00,1.3269,1.3271,1.3134,1.3238,63393.1
1737810000000,2025-01-25 15:00:00,1.3238,1.3345,1.3225,1.327,113386.2
1737813600000,2025-01-25 16:00:00,1.327,1.3311,1.317,1.3299,170922.8
1737817200000,2025-01-25 17:00:00,1.3299,1.3436,1.3288,1.336,135725.2
1737820800000,2025-01-25 18:00:00,1.336,1.3433,1.3199,1.3282,300833.9
1737824400000,2025-01-25 19:00:00,1.3282,1.3358,1.3204,1.3355,90707.3
1737828000000,2025-01-25 20:00:00,1.3355,1.3418,1.3323,1.3382,187640.0
1737831600000,2025-01-25 21:00:00,1.3382,1.3411,1.3311,1.3361,49462.1
1737835200000,2025-01-25 22:00:00,1.3361,1.3443,1.3303,1.3312,121636.7
1737838800000,2025-01-25 23:00:00,1.3312,1.3332,1.3229,1.3292,56425.6
1737842400000,2025-01-26 00:00:00,1.3292,1.3364,1.3263,1.3281,60388.7
1737846000000,2025-01-26 01:00:00,1.3281,1.3313,1.3153,1.3173,65859.4
1737849600000,2025-01-26 02:00:00,1.3173,1.3221,1.3101,1.3169,158013.1
1737853200000,2025-01-26 03:00:00,1.3169,1.3268,1.3151,1.3172,82209.0
1737856800000,2025-01-26 04:00:00,1.3172,1.3178,1.3091,1.3147,83247.2
1737860400000,2025-01-26 05:00:00,1.3147,1.3319,1.3144,1.3261,65008.7
1737864000000,2025-01-26 06:00:00,1.3261,1.3477,1.3223,1.3409,100143.3
1737867600000,2025-01-26 07:00:00,1.3409,1.3415,1.329,1.3326,53462.5
1737871200000,2025-01-26 08:00:00,1.3326,1.3335,1.3236,1.3274,56839.0
1737874800000,2025-01-26 09:00:00,1.3274,1.3352,1.3198,1.3302,77581.1
1737878400000,2025-01-26 10:00:00,1.3302,1.3385,1.3224,1.3274,67227.1
1737882000000,2025-01-26 11:00:00,1.3274,1.3276,1.3097,1.3144,91955.0
1737885600000,2025-01-26 12:00:00,1.3144,1.3262,1.31,1.3258,75647.4
1737889200000,2025-01-26 13:00:00,1.3258,1.3429,1.3258,1.3424,59309.3
1737892800000,2025-01-26 14:00:00,1.3424,1.3478,1.3334,1.3462,154441.8
1737896400000,2025-01-26 15:00:00,1.3462,1.3564,1.3434,1.3513,110044.7
1737900000000,2025-01-26 16:00:00,1.3513,1.353,1.3354,1.3489,190373.3
1737903600000,2025-01-26 17:00:00,1.3489,1.355,1.3423,1.3482,170808.5
1737907200000,2025-01-26 18:00:00,1.3482,1.3525,1.3358,1.348,79149.9
1737910800000,2025-01-26 19:00:00,1.348,1.354,1.3389,1.3489,87099.7
1737914400000,2025-01-26 20:00:00,1.3489,1.3579,1.3435,1.3508,94574.4
1737918000000,2025-01-26 21:00:00,1.3508,1.3538,1.3455,1.3518,61043.2
1737921600000,2025-01-26 22:00:00,1.3518,1.3534,1.3377,1.3395,158716.0
1737925200000,2025-01-26 23:00:00,1.3395,1.3398,1.3151,1.3151,137343.9
1737928800000,2025-01-27 00:00:00,1.3151,1.3236,1.3045,1.3113,264002.8
1737932400000,2025-01-27 01:00:00,1.3113,1.3113,1.2685,1.271,366372.0
1737936000000,2025-01-27 02:00:00,1.271,1.2733,1.23,1.2349,674492.6
1737939600000,2025-01-27 03:00:00,1.2349,1.236,1.2101,1.2147,374779.8
1737943200000,2025-01-27 04:00:00,1.2147,1.2147,1.1918,1.1946,757693.9
1737946800000,2025-01-27 05:00:00,1.1946,1.2144,1.192,1.2011,251629.7
1737950400000,2025-01-27 06:00:00,1.2011,1.2015,1.1704,1.1722,480829.3
1737954000000,2025-01-27 07:00:00,1.1722,1.1755,1.1441,1.1575,601831.5
1737957600000,2025-01-27 08:00:00,1.1575,1.1667,1.12,1.1389,928554.3
1737961200000,2025-01-27 09:00:00,1.1389,1.1468,1.0993,1.1334,929746.2
1737964800000,2025-01-27 10:00:00,1.1334,1.1354,1.1066,1.1305,596296.7
1737968400000,2025-01-27 11:00:00,1.1305,1.1555,1.1265,1.1503,233778.1
1737972000000,2025-01-27 12:00:00,1.1503,1.1509,1.1225,1.1262,170254.2
1737975600000,2025-01-27 13:00:00,1.1262,1.1498,1.1262,1.1343,117762.9
1737979200000,2025-01-27 14:00:00,1.1343,1.1868,1.1327,1.1777,252742.9
1737982800000,2025-01-27 15:00:00,1.1777,1.1947,1.1616,1.1649,477339.8
1737986400000,2025-01-27 16:00:00,1.1649,1.2061,1.1584,1.2015,201921.2
1737990000000,2025-01-27 17:00:00,1.2015,1.2149,1.1883,1.2007,223706.5
1737993600000,2025-01-27 18:00:00,1.2007,1.2211,1.1892,1.1933,575559.0
1737997200000,2025-01-27 19:00:00,1.1933,1.2087,1.1825,1.1879,387294.0
1738000800000,2025-01-27 20:00:00,1.1879,1.1951,1.1684,1.1707,227146.3
1738004400000,2025-01-27 21:00:00,1.1707,1.1901,1.1707,1.1836,125869.1
1738008000000,2025-01-27 22:00:00,1.1836,1.2375,1.1816,1.2335,240615.4
1738011600000,2025-01-27 23:00:00,1.2335,1.2561,1.2231,1.2318,271361.8
1738015200000,2025-01-28 00:00:00,1.2318,1.2422,1.2217,1.2346,185453.4
1738018800000,2025-01-28 01:00:00,1.2346,1.2429,1.2273,1.2408,87243.8
1738022400000,2025-01-28 02:00:00,1.2408,1.2563,1.2244,1.2279,163798.8
1738026000000,2025-01-28 03:00:00,1.2279,1.2286,1.2117,1.2186,86249.5
1738029600000,2025-01-28 04:00:00,1.2186,1.2336,1.2162,1.23,40087.5
1738033200000,2025-01-28 05:00:00,1.23,1.2441,1.2225,1.2348,58475.6
1738036800000,2025-01-28 06:00:00,1.2348,1.2529,1.2335,1.2446,66864.9
1738040400000,2025-01-28 07:00:00,1.2446,1.2518,1.2404,1.242,212304.4
1738044000000,2025-01-28 08:00:00,1.242,1.2441,1.2305,1.2313,76288.8
1738047600000,2025-01-28 09:00:00,1.2313,1.2446,1.2267,1.2329,175677.8
1738051200000,2025-01-28 10:00:00,1.2329,1.2367,1.2229,1.2326,80202.5
1738054800000,2025-01-28 11:00:00,1.2326,1.2391,1.2214,1.2381,92784.2
1738058400000,2025-01-28 12:00:00,1.2381,1.2448,1.2322,1.2341,70844.1
1738062000000,2025-01-28 13:00:00,1.2341,1.2431,1.2268,1.2338,94469.4
1738065600000,2025-01-28 14:00:00,1.2338,1.2383,1.218,1.2239,71230.6
1738069200000,2025-01-28 15:00:00,1.2239,1.2337,1.2205,1.2218,32286.8
1738072800000,2025-01-28 16:00:00,1.2218,1.23,1.2089,1.2169,122787.1
1738076400000,2025-01-28 17:00:00,1.2169,1.2375,1.214,1.2185,178083.5
1738080000000,2025-01-28 18:00:00,1.2185,1.2197,1.1931,1.2013,108129.5
1738083600000,2025-01-28 19:00:00,1.2013,1.2171,1.2011,1.2127,110111.7
1738087200000,2025-01-28 20:00:00,1.2127,1.2165,1.1941,1.1958,56052.1
1738090800000,2025-01-28 21:00:00,1.1958,1.1998,1.1885,1.1989,173131.5
1738094400000,2025-01-28 22:00:00,1.1989,1.2051,1.1732,1.1753,98021.1
1738098000000,2025-01-28 23:00:00,1.1753,1.1842,1.1481,1.1486,197620.8
1738101600000,2025-01-29 00:00:00,1.1486,1.1605,1.138,1.1575,179387.3
1738105200000,2025-01-29 01:00:00,1.1575,1.1626,1.1396,1.1508,92957.3
1738108800000,2025-01-29 02:00:00,1.1508,1.1618,1.141,1.1534,118433.5
1738112400000,2025-01-29 03:00:00,1.1534,1.1743,1.1534,1.1715,79043.9
1738116000000,2025-01-29 04:00:00,1.1715,1.1869,1.1685,1.1713,94352.5
1738119600000,2025-01-29 05:00:00,1.1713,1.1914,1.1675,1.1894,64011.6
1738123200000,2025-01-29 06:00:00,1.1894,1.199,1.1856,1.1923,58579.4
1738126800000,2025-01-29 07:00:00,1.1923,1.2083,1.1899,1.2082,106928.1
1738130400000,2025-01-29 08:00:00,1.2082,1.2316,1.2065,1.2304,170278.7
1738134000000,2025-01-29 09:00:00,1.2304,1.2332,1.2117,1.2155,301950.3
1738137600000,2025-01-29 10:00:00,1.2155,1.2256,1.2046,1.2059,187428.5
1738141200000,2025-01-29 11:00:00,1.2059,1.2064,1.1897,1.1913,104068.0
1738144800000,2025-01-29 12:00:00,1.1913,1.2089,1.1836,1.2047,79883.5
1738148400000,2025-01-29 13:00:00,1.2047,1.2147,1.2032,1.2098,79780.9
1738152000000,2025-01-29 14:00:00,1.2098,1.2184,1.1951,1.1973,126703.6
1738155600000,2025-01-29 15:00:00,1.1973,1.1982,1.1761,1.1816,132929.6
1738159200000,2025-01-29 16:00:00,1.1816,1.1928,1.1683,1.1783,193222.8
1738162800000,2025-01-29 17:00:00,1.1783,1.1951,1.1759,1.1883,228573.5
1738166400000,2025-01-29 18:00:00,1.1883,1.1898,1.1716,1.177,132760.0
1738170000000,2025-01-29 19:00:00,1.177,1.1988,1.1764,1.1844,159658.7
1738173600000,2025-01-29 20:00:00,1.1844,1.2065,1.1726,1.1981,132413.8
1738177200000,2025-01-29 21:00:00,1.1981,1.2298,1.1488,1.213,997770.5
1738180800000,2025-01-29 22:00:00,1.213,1.2556,1.1962,1.2329,600915.7
1738184400000,2025-01-29 23:00:00,1.2329,1.2514,1.2139,1.2347,407348.1
1738188000000,2025-01-30 00:00:00,1.2347,1.2359,1.2162,1.2164,121815.8
1738191600000,2025-01-30 01:00:00,1.2164,1.224,1.1987,1.2007,136329.9
1738195200000,2025-01-30 02:00:00,1.2007,1.2089,1.1833,1.2076,162741.3
1738198800000,2025-01-30 03:00:00,1.2076,1.2306,1.2025,1.2195,136902.0
1738202400000,2025-01-30 04:00:00,1.2195,1.2274,1.2117,1.2274,49261.5
1738206000000,2025-01-30 05:00:00,1.2274,1.2436,1.2231,1.2416,96823.2
1738209600000,2025-01-30 06:00:00,1.2416,1.2475,1.2324,1.2446,160882.9
1738213200000,2025-01-30 07:00:00,1.2446,1.2454,1.2271,1.2384,126099.2
1738216800000,2025-01-30 08:00:00,1.2384,1.2847,1.2365,1.2516,475079.8
1738220400000,2025-01-30 09:00:00,1.2516,1.2538,1.2292,1.2387,196823.5
1738224000000,2025-01-30 10:00:00,1.2387,1.2461,1.2276,1.2399,101526.2
1738227600000,2025-01-30 11:00:00,1.2399,1.2655,1.2366,1.2589,164304.1
1738231200000,2025-01-30 12:00:00,1.2589,1.2614,1.2481,1.2614,184733.5
1738234800000,2025-01-30 13:00:00,1.2614,1.2619,1.2506,1.256,96116.6
1738238400000,2025-01-30 14:00:00,1.256,1.256,1.2378,1.2422,191942.1
1738242000000,2025-01-30 15:00:00,1.2422,1.2625,1.2357,1.2584,156958.8
1738245600000,2025-01-30 16:00:00,1.2584,1.3003,1.2581,1.2856,783264.2
1738249200000,2025-01-30 17:00:00,1.2856,1.3044,1.2839,1.3012,336228.5
1738252800000,2025-01-30 18:00:00,1.3012,1.346,1.3012,1.3219,635071.3
1738256400000,2025-01-30 19:00:00,1.3219,1.3262,1.3089,1.3256,225825.7
1738260000000,2025-01-30 20:00:00,1.3256,1.3256,1.2796,1.2924,657661.5
1738263600000,2025-01-30 21:00:00,1.2924,1.2956,1.2824,1.2915,246164.0
1738267200000,2025-01-30 22:00:00,1.2915,1.2965,1.2708,1.2716,189777.8
1738270800000,2025-01-30 23:00:00,1.2716,1.2848,1.271,1.2775,76218.5
1738274400000,2025-01-31 00:00:00,1.2775,1.28,1.2675,1.2736,79933.3
1738278000000,2025-01-31 01:00:00,1.2736,1.2857,1.2675,1.2694,96924.7
1738281600000,2025-01-31 02:00:00,1.2694,1.2827,1.2575,1.2775,246843.7
1738285200000,2025-01-31 03:00:00,1.2775,1.2906,1.272,1.2794,142602.2
1738288800000,2025-01-31 04:00:00,1.2794,1.2801,1.2527,1.2574,123201.4
1738292400000,2025-01-31 05:00:00,1.2574,1.2575,1.2294,1.2383,483116.0
1738296000000,2025-01-31 06:00:00,1.2383,1.2396,1.2242,1.2268,89875.5
1738299600000,2025-01-31 07:00:00,1.2268,1.2406,1.2218,1.2385,150284.5
1738303200000,2025-01-31 08:00:00,1.2385,1.2574,1.2356,1.2562,209398.8
1738306800000,2025-01-31 09:00:00,1.2562,1.2724,1.2465,1.2513,161727.2
1738310400000,2025-01-31 10:00:00,1.2513,1.2541,1.2392,1.2392,107510.8
1738314000000,2025-01-31 11:00:00,1.2392,1.26,1.2376,1.2542,88577.4
1738317600000,2025-01-31 12:00:00,1.2542,1.2611,1.2433,1.2576,93302.7
1738321200000,2025-01-31 13:00:00,1.2576,1.3025,1.2568,1.3016,369547.8
1738324800000,2025-01-31 14:00:00,1.3016,1.3159,1.297,1.3088,187174.1
1738328400000,2025-01-31 15:00:00,1.3088,1.3247,1.3021,1.3144,145055.0
1738332000000,2025-01-31 16:00:00,1.3144,1.3262,1.302,1.3126,362907.8
1738335600000,2025-01-31 17:00:00,1.3126,1.3504,1.31,1.3468,356738.4
1738339200000,2025-01-31 18:00:00,1.3468,1.3612,1.33,1.3385,508289.2
1738342800000,2025-01-31 19:00:00,1.3385,1.3411,1.3126,1.3165,407464.6
1738346400000,2025-01-31 20:00:00,1.3165,1.3251,1.2828,1.288,370622.2
1738350000000,2025-01-31 21:00:00,1.288,1.3013,1.2856,1.2918,157761.9
1738353600000,2025-01-31 22:00:00,1.2918,1.2922,1.2687,1.2776,98689.3
1738357200000,2025-01-31 23:00:00,1.2776,1.2824,1.2575,1.2809,168227.3
1738360800000,2025-02-01 00:00:00,1.2809,1.2853,1.2681,1.2736,80046.3
1738364400000,2025-02-01 01:00:00,1.2736,1.2789,1.269,1.2758,61169.7
1738368000000,2025-02-01 02:00:00,1.2758,1.2862,1.261,1.2838,92703.1
1738371600000,2025-02-01 03:00:00,1.2838,1.2933,1.2813,1.2837,100670.9
1738375200000,2025-02-01 04:00:00,1.2837,1.2934,1.2784,1.2879,94725.2
1738378800000,2025-02-01 05:00:00,1.2879,1.289,1.2611,1.2677,127727.1
1738382400000,2025-02-01 06:00:00,1.2677,1.2776,1.2604,1.2678,50365.8
1738386000000,2025-02-01 07:00:00,1.2678,1.2842,1.2676,1.2828,61999.6
1738389600000,2025-02-01 08:00:00,1.2828,1.2828,1.2613,1.2737,62561.0
1738393200000,2025-02-01 09:00:00,1.2737,1.2783,1.2597,1.2622,59518.7
1738396800000,2025-02-01 10:00:00,1.2622,1.2655,1.2413,1.2494,128710.0
1738400400000,2025-02-01 11:00:00,1.2494,1.254,1.2267,1.2319,195249.6
1738404000000,2025-02-01 12:00:00,1.2319,1.2449,1.2251,1.2257,93753.3
1738407600000,2025-02-01 13:00:00,1.2257,1.239,1.2231,1.2383,75697.9
1738411200000,2025-02-01 14:00:00,1.2383,1.2509,1.2359,1.2422,143672.9
1738414800000,2025-02-01 15:00:00,1.2422,1.2477,1.2248,1.2262,178785.0
1738418400000,2025-02-01 16:00:00,1.2262,1.2375,1.2205,1.2214,78240.2
1738422000000,2025-02-01 17:00:00,1.2214,1.2304,1.2093,1.2246,195245.6
1738425600000,2025-02-01 18:00:00,1.2246,1.2331,1.2137,1.2149,90042.9
1738429200000,2025-02-01 19:00:00,1.2149,1.229,1.2146,1.2202,91702.5
1738432800000,2025-02-01 20:00:00,1.2202,1.2223,1.1909,1.1935,218271.3
1738436400000,2025-02-01 21:00:00,1.1935,1.195,1.1676,1.1721,275134.7
1738440000000,2025-02-01 22:00:00,1.1721,1.1744,1.1457,1.1599,325085.7
1738443600000,2025-02-01 23:00:00,1.1599,1.172,1.1489,1.1491,148935.5
1738447200000,2025-02-02 00:00:00,1.1491,1.1554,1.1282,1.1347,444108.9
1738450800000,2025-02-02 01:00:00,1.1347,1.1354,1.1135,1.1224,276374.2
1738454400000,2025-02-02 02:00:00,1.1224,1.1516,1.121,1.1459,192168.1
1738458000000,2025-02-02 03:00:00,1.1459,1.1586,1.142,1.1478,77564.9
1738461600000,2025-02-02 04:00:00,1.1478,1.1486,1.1212,1.1229,120936.1
1738465200000,2025-02-02 05:00:00,1.1229,1.1319,1.0949,1.1021,339195.7
1738468800000,2025-02-02 06:00:00,1.1021,1.1204,1.099,1.1105,70256.0
1738472400000,2025-02-02 07:00:00,1.1105,1.1404,1.109,1.1369,202963.4
1738476000000,2025-02-02 08:00:00,1.1369,1.1397,1.124,1.1275,105319.1
1738479600000,2025-02-02 09:00:00,1.1275,1.131,1.1176,1.1217,151609.4
1738483200000,2025-02-02 10:00:00,1.1217,1.1363,1.1125,1.1269,271563.3
1738486800000,2025-02-02 11:00:00,1.1269,1.1291,1.1202,1.1288,109286.1
1738490400000,2025-02-02 12:00:00,1.1288,1.1288,1.107,1.1189,209770.3
1738494000000,2025-02-02 13:00:00,1.1189,1.1236,1.0813,1.0869,831042.6
1738497600000,2025-02-02 14:00:00,1.0869,1.1042,1.0795,1.0803,331255.3
1738501200000,2025-02-02 15:00:00,1.0803,1.1072,1.0803,1.1071,148558.4
1738504800000,2025-02-02 16:00:00,1.1071,1.115,1.0987,1.099,161239.4
1738508400000,2025-02-02 17:00:00,1.099,1.099,1.0758,1.0875,184214.5
1738512000000,2025-02-02 18:00:00,1.0875,1.0881,1.026,1.0352,665984.2
1738515600000,2025-02-02 19:00:00,1.0352,1.0468,0.9852,0.9969,1343203.3
1738519200000,2025-02-02 20:00:00,0.9969,1.0134,0.9625,0.9683,1070306.7
1738522800000,2025-02-02 21:00:00,0.9683,1.0019,0.951,0.9882,828817.6
1738526400000,2025-02-02 22:00:00,0.9882,1.0064,0.9794,0.9811,532931.1
1738530000000,2025-02-02 23:00:00,0.9811,0.9868,0.9573,0.962,399770.5
1738533600000,2025-02-03 00:00:00,0.962,0.9821,0.8822,0.9453,1207358.0
1738537200000,2025-02-03 01:00:00,0.9453,0.9571,0.9084,0.9539,1030114.6
1738540800000,2025-02-03 02:00:00,0.9539,0.9539,0.8764,0.9078,1729609.5
1738544400000,2025-02-03 03:00:00,0.9078,0.9163,0.7209,0.7753,6058348.5
1738548000000,2025-02-03 04:00:00,0.7753,0.7856,0.6709,0.7515,5343252.9
1738551600000,2025-02-03 05:00:00,0.7515,0.8182,0.7508,0.8017,1112088.0
1738555200000,2025-02-03 06:00:00,0.8017,0.8125,0.7624,0.7636,526802.3
1738558800000,2025-02-03 07:00:00,0.7636,0.8094,0.7636,0.8094,1226843.1
1738562400000,2025-02-03 08:00:00,0.8094,0.8306,0.7973,0.8271,668765.2
1738566000000,2025-02-03 09:00:00,0.8271,0.8649,0.8245,0.8639,523680.1
1738569600000,2025-02-03 10:00:00,0.8639,0.8639,0.8233,0.8396,415855.5
1738573200000,2025-02-03 11:00:00,0.8396,0.8552,0.8305,0.8325,510579.2
1738576800000,2025-02-03 12:00:00,0.8325,0.8645,0.8318,0.8642,429582.8
1738580400000,2025-02-03 13:00:00,0.8642,0.8666,0.841,0.8445,433839.5
1738584000000,2025-02-03 14:00:00,0.8445,0.8631,0.8265,0.8279,726247.3
1738587600000,2025-02-03 15:00:00,0.8279,0.8393,0.8184,0.8283,426399.9
1738591200000,2025-02-03 16:00:00,0.8283,0.8783,0.8011,0.8734,2414444.9
1738594800000,2025-02-03 17:00:00,0.8734,0.9177,0.8614,0.908,1294249.5
1738598400000,2025-02-03 18:00:00,0.908,0.922,0.8966,0.9094,737617.5
1738602000000,2025-02-03 19:00:00,0.9094,0.9126,0.8936,0.9082,407856.9
1738605600000,2025-02-03 20:00:00,0.9082,0.9165,0.8985,0.9164,235921.9
1738609200000,2025-02-03 21:00:00,0.9164,0.9407,0.9131,0.9369,409433.4
1738612800000,2025-02-03 22:00:00,0.9369,0.9369,0.9075,0.9161,363428.0
1738616400000,2025-02-03 23:00:00,0.9161,0.9592,0.9158,0.959,367356.4
1738620000000,2025-02-04 00:00:00,0.959,0.9717,0.9515,0.9621,397872.1
1738623600000,2025-02-04 01:00:00,0.9621,0.9689,0.9497,0.9604,139933.0
1738627200000,2025-02-04 02:00:00,0.9604,0.969,0.9405,0.942,152527.1
1738630800000,2025-02-04 03:00:00,0.942,0.9514,0.941,0.9464,188811.9
1738634400000,2025-02-04 04:00:00,0.9464,0.948,0.9259,0.9261,218513.6
1738638000000,2025-02-04 05:00:00,0.9261,0.9306,0.9125,0.922,175084.0
1738641600000,2025-02-04 06:00:00,0.922,0.929,0.9056,0.9072,278734.2
1738645200000,2025-02-04 07:00:00,0.9072,0.9095,0.85,0.8561,667467.7
1738648800000,2025-02-04 08:00:00,0.8561,0.8801,0.8561,0.8795,371034.7
1738652400000,2025-02-04 09:00:00,0.8795,0.8803,0.8395,0.8438,750031.3
1738656000000,2025-02-04 10:00:00,0.8438,0.857,0.8376,0.8442,392392.8
1738659600000,2025-02-04 11:00:00,0.8442,0.8566,0.8412,0.843,223254.3
1738663200000,2025-02-04 12:00:00,0.843,0.8707,0.8428,0.8647,154555.7
1738666800000,2025-02-04 13:00:00,0.8647,0.8851,0.8632,0.8716,328223.5
1738670400000,2025-02-04 14:00:00,0.8716,0.9013,0.8715,0.8888,480337.3
1738674000000,2025-02-04 15:00:00,0.8888,0.8981,0.8772,0.8803,286735.0
1738677600000,2025-02-04 16:00:00,0.8803,0.9067,0.8712,0.8972,335293.5
1738681200000,2025-02-04 17:00:00,0.8972,0.902,0.8696,0.8871,382444.1
1738684800000,2025-02-04 18:00:00,0.8871,0.9044,0.8823,0.8882,313414.3
1738688400000,2025-02-04 19:00:00,0.8882,0.9037,0.8802,0.8888,265646.1
1738692000000,2025-02-04 20:00:00,0.8888,0.9034,0.8851,0.8994,180951.1
1738695600000,2025-02-04 21:00:00,0.8994,0.9229,0.8802,0.8803,465836.7
1738699200000,2025-02-04 22:00:00,0.8803,0.8887,0.8631,0.8707,583508.9
1738702800000,2025-02-04 23:00:00,0.8707,0.8713,0.8433,0.8438,416781.8
1738706400000,2025-02-05 00:00:00,0.8438,0.8744,0.8425,0.8711,218051.7
1738710000000,2025-02-05 01:00:00,0.8711,0.8922,0.8656,0.883,225293.5
1738713600000,2025-02-05 02:00:00,0.883,0.8846,0.8723,0.8751,205171.7
1738717200000,2025-02-05 03:00:00,0.8751,0.8926,0.8743,0.8784,642562.7
1738720800000,2025-02-05 04:00:00,0.8784,0.8987,0.8702,0.8915,409251.9
1738724400000,2025-02-05 05:00:00,0.8915,0.8933,0.8807,0.8839,156158.1
1738728000000,2025-02-05 06:00:00,0.8839,0.8912,0.8805,0.8871,104018.4
1738731600000,2025-02-05 07:00:00,0.8871,0.9036,0.8769,0.9023,192294.9
1738735200000,2025-02-05 08:00:00,0.9023,0.9032,0.8839,0.8858,183720.3
1738738800000,2025-02-05 09:00:00,0.8858,0.8978,0.8818,0.8949,161919.9
1738742400000,2025-02-05 10:00:00,0.8949,0.9031,0.8864,0.8959,96739.0
1738746000000,2025-02-05 11:00:00,0.8959,0.9057,0.8838,0.8914,200772.1
1738749600000,2025-02-05 12:00:00,0.8914,0.8984,0.8901,0.8925,130895.8
1738753200000,2025-02-05 13:00:00,0.8925,0.9088,0.8925,0.8986,115434.0
1738756800000,2025-02-05 14:00:00,0.8986,0.9069,0.8933,0.8946,142923.6
1738760400000,2025-02-05 15:00:00,0.8946,0.9062,0.8916,0.9038,89480.2
1738764000000,2025-02-05 16:00:00,0.9038,0.9062,0.8865,0.8899,268551.9
1738767600000,2025-02-05 17:00:00,0.8899,0.9015,0.878,0.8929,313158.1
1738771200000,2025-02-05 18:00:00,0.8929,0.897,0.8702,0.885,359888.3
1738774800000,2025-02-05 19:00:00,0.885,0.8911,0.8558,0.8638,368672.4
1738778400000,2025-02-05 20:00:00,0.8638,0.876,0.8592,0.8633,188961.1
1738782000000,2025-02-05 21:00:00,0.8633,0.8954,0.8591,0.895,176673.1
1738785600000,2025-02-05 22:00:00,0.895,0.8979,0.8674,0.8772,158715.0
1738789200000,2025-02-05 23:00:00,0.8772,0.8861,0.8747,0.8769,115071.7
1738792800000,2025-02-06 00:00:00,0.8769,0.8818,0.8599,0.8659,83017.7
1738796400000,2025-02-06 01:00:00,0.8659,0.8752,0.8635,0.8741,93497.3
1738800000000,2025-02-06 02:00:00,0.8741,0.8823,0.8683,0.8701,122650.6
1738803600000,2025-02-06 03:00:00,0.8701,0.8868,0.8651,0.8772,87750.1
1738807200000,2025-02-06 04:00:00,0.8772,0.8911,0.8746,0.8816,137082.1
1738810800000,2025-02-06 05:00:00,0.8816,0.8854,0.8729,0.8799,53993.9
1738814400000,2025-02-06 06:00:00,0.8799,0.8863,0.8753,0.8828,57600.5
1738818000000,2025-02-06 07:00:00,0.8828,0.889,0.8791,0.8839,54959.0
1738821600000,2025-02-06 08:00:00,0.8839,0.8934,0.8764,0.8919,140435.7
1738825200000,2025-02-06 09:00:00,0.8919,0.8919,0.8762,0.878,101693.6
1738828800000,2025-02-06 10:00:00,0.878,0.8837,0.8731,0.8737,72098.3
1738832400000,2025-02-06 11:00:00,0.8737,0.8885,0.8703,0.8815,136155.0
1738836000000,2025-02-06 12:00:00,0.8815,0.8841,0.872,0.8762,111231.2
1738839600000,2025-02-06 13:00:00,0.8762,0.8775,0.8602,0.87,101946.2
1738843200000,2025-02-06 14:00:00,0.87,0.8712,0.8515,0.8533,210335.5
1738846800000,2025-02-06 15:00:00,0.8533,0.8729,0.8533,0.8642,281789.8
1738850400000,2025-02-06 16:00:00,0.8642,0.8672,0.8349,0.8385,510943.6
1738854000000,2025-02-06 17:00:00,0.8385,0.8455,0.8104,0.8151,729304.8
1738857600000,2025-02-06 18:00:00,0.8151,0.822,0.8062,0.8113,692284.3
1738861200000,2025-02-06 19:00:00,0.8113,0.8253,0.8044,0.8115,193063.8
1738864800000,2025-02-06 20:00:00,0.8115,0.8131,0.8014,0.804,226784.4
1738868400000,2025-02-06 21:00:00,0.804,0.8164,0.7943,0.7976,284836.3
1738872000000,2025-02-06 22:00:00,0.7976,0.8207,0.7958,0.8169,244533.9
1738875600000,2025-02-06 23:00:00,0.8169,0.8186,0.7949,0.8083,248716.1
1738879200000,2025-02-07 00:00:00,0.8083,0.8086,0.7966,0.8076,155038.6
1738882800000,2025-02-07 01:00:00,0.8076,0.8117,0.7928,0.8008,83580.5
1738886400000,2025-02-07 02:00:00,0.8008,0.82,0.7995,0.8091,130384.0
1738890000000,2025-02-07 03:00:00,0.8091,0.8364,0.8091,0.8293,161081.8
1738893600000,2025-02-07 04:00:00,0.8293,0.8351,0.8237,0.8299,143456.9
1738897200000,2025-02-07 05:00:00,0.8299,0.8353,0.8227,0.8311,121925.1
1738900800000,2025-02-07 06:00:00,0.8311,0.8355,0.8256,0.8264,77087.7
1738904400000,2025-02-07 07:00:00,0.8264,0.8306,0.82,0.8249,54127.7
1738908000000,2025-02-07 08:00:00,0.8249,0.826,0.8043,0.814,142051.2
1738911600000,2025-02-07 09:00:00,0.814,0.8344,0.8133,0.8226,127432.8
1738915200000,2025-02-07 10:00:00,0.8226,0.8387,0.8177,0.8297,92482.1
1738918800000,2025-02-07 11:00:00,0.8297,0.8457,0.8285,0.8449,85501.1
1738922400000,2025-02-07 12:00:00,0.8449,0.8505,0.8423,0.8437,99218.8
1738926000000,2025-02-07 13:00:00,0.8437,0.8557,0.8412,0.8557,151223.1
1738929600000,2025-02-07 14:00:00,0.8557,0.8615,0.8455,0.8558,114527.1
1738933200000,2025-02-07 15:00:00,0.8558,0.8833,0.8472,0.8819,424405.4
1738936800000,2025-02-07 16:00:00,0.8819,0.9019,0.8762,0.8933,626408.8
1738940400000,2025-02-07 17:00:00,0.8933,0.8933,0.8626,0.8699,572954.3
1738944000000,2025-02-07 18:00:00,0.8699,0.8708,0.8537,0.8549,217427.6
1738947600000,2025-02-07 19:00:00,0.8549,0.8582,0.8421,0.8478,190562.2
1738951200000,2025-02-07 20:00:00,0.8478,0.8642,0.846,0.8563,109165.9
1738954800000,2025-02-07 21:00:00,0.8563,0.8574,0.8443,0.8487,74979.2
1738958400000,2025-02-07 22:00:00,0.8487,0.8488,0.8115,0.8135,255683.3
1738962000000,2025-02-07 23:00:00,0.8135,0.824,0.8005,0.8036,664968.4
1738965600000,2025-02-08 00:00:00,0.8036,0.8036,0.7867,0.8013,319754.1
1738969200000,2025-02-08 01:00:00,0.8013,0.8158,0.8003,0.8141,246525.0
1738972800000,2025-02-08 02:00:00,0.8141,0.8311,0.8088,0.8246,662279.2
1738976400000,2025-02-08 03:00:00,0.8246,0.825,0.8055,0.8064,331897.9
1738980000000,2025-02-08 04:00:00,0.8064,0.8166,0.8023,0.8135,332566.7
1738983600000,2025-02-08 05:00:00,0.8135,0.8201,0.8084,0.8149,131751.5
1738987200000,2025-02-08 06:00:00,0.8149,0.8167,0.8069,0.8085,35223.1
1738990800000,2025-02-08 07:00:00,0.8085,0.8098,0.802,0.8066,148318.9
1738994400000,2025-02-08 08:00:00,0.8066,0.8117,0.8007,0.804,81308.2
1738998000000,2025-02-08 09:00:00,0.804,0.8156,0.7962,0.8095,287881.8
1739001600000,2025-02-08 10:00:00,0.8095,0.8128,0.7957,0.7967,120237.9
1739005200000,2025-02-08 11:00:00,0.7967,0.8136,0.7963,0.8079,152129.4
1739008800000,2025-02-08 12:00:00,0.8079,0.8125,0.7999,0.8018,93430.6
1739012400000,2025-02-08 13:00:00,0.8018,0.8052,0.7936,0.8038,157452.5
1739016000000,2025-02-08 14:00:00,0.8038,0.8077,0.7955,0.799,87592.6
1739019600000,2025-02-08 15:00:00,0.799,0.823,0.796,0.8113,273068.5
1739023200000,2025-02-08 16:00:00,0.8113,0.8218,0.8055,0.8197,396709.6
1739026800000,2025-02-08 17:00:00,0.8197,0.8274,0.8079,0.8162,188751.6
1739030400000,2025-02-08 18:00:00,0.8162,0.8229,0.8085,0.8202,157937.3
1739034000000,2025-02-08 19:00:00,0.8202,0.8394,0.8202,0.8354,269447.2
1739037600000,2025-02-08 20:00:00,0.8354,0.8429,0.8277,0.8419,135875.0
1739041200000,2025-02-08 21:00:00,0.8419,0.8481,0.8373,0.8406,196178.9
1739044800000,2025-02-08 22:00:00,0.8406,0.8459,0.8371,0.8411,78936.6
1739048400000,2025-02-08 23:00:00,0.8411,0.8444,0.8357,0.8399,75695.8
1739052000000,2025-02-09 00:00:00,0.8399,0.843,0.8343,0.8373,75106.8
1739055600000,2025-02-09 01:00:00,0.8373,0.8512,0.8373,0.8445,91670.0
1739059200000,2025-02-09 02:00:00,0.8445,0.8472,0.8373,0.8425,53382.2
1739062800000,2025-02-09 03:00:00,0.8425,0.8507,0.8394,0.8448,80343.4
1739066400000,2025-02-09 04:00:00,0.8448,0.8467,0.8377,0.8384,68561.0
1739070000000,2025-02-09 05:00:00,0.8384,0.8687,0.8349,0.8661,282339.4
1739073600000,2025-02-09 06:00:00,0.8661,0.8665,0.8507,0.853,88147.8
1739077200000,2025-02-09 07:00:00,0.853,0.8533,0.8456,0.8478,69136.3
1739080800000,2025-02-09 08:00:00,0.8478,0.8524,0.8422,0.8511,91577.2
1739084400000,2025-02-09 09:00:00,0.8511,0.8605,0.8454,0.8589,101262.3
1739088000000,2025-02-09 10:00:00,0.8589,0.8719,0.8578,0.8702,200410.8
1739091600000,2025-02-09 11:00:00,0.8702,0.8726,0.8578,0.8608,166097.6
1739095200000,2025-02-09 12:00:00,0.8608,0.8705,0.8551,0.8639,92740.4
1739098800000,2025-02-09 13:00:00,0.8639,0.87,0.8617,0.8634,124088.0
1739102400000,2025-02-09 14:00:00,0.8634,0.8688,0.8555,0.8602,117842.2
1739106000000,2025-02-09 15:00:00,0.8602,0.8649,0.8375,0.8396,291914.4
1739109600000,2025-02-09 16:00:00,0.8396,0.8512,0.8374,0.8443,176874.6
1739113200000,2025-02-09 17:00:00,0.8443,0.8631,0.8438,0.8587,186800.4
1739116800000,2025-02-09 18:00:00,0.8587,0.8678,0.8543,0.8649,103965.1
1739120400000,2025-02-09 19:00:00,0.8649,0.8666,0.8459,0.8483,66162.2
1739124000000,2025-02-09 20:00:00,0.8483,0.8512,0.8452,0.8478,35551.7
1739127600000,2025-02-09 21:00:00,0.8478,0.8499,0.8342,0.8375,106393.9
1739131200000,2025-02-09 22:00:00,0.8375,0.8499,0.8372,0.8423,120864.5
1739134800000,2025-02-09 23:00:00,0.8423,0.844,0.7953,0.8014,449283.2
1739138400000,2025-02-10 00:00:00,0.8014,0.8384,0.7906,0.8288,421680.8
1739142000000,2025-02-10 01:00:00,0.8288,0.8448,0.8259,0.8424,177993.8
1739145600000,2025-02-10 02:00:00,0.8424,0.863,0.8415,0.8528,194345.9
1739149200000,2025-02-10 03:00:00,0.8528,0.8534,0.8167,0.819,234087.8
1739152800000,2025-02-10 04:00:00,0.819,0.8241,0.8082,0.8178,198588.4
1739156400000,2025-02-10 05:00:00,0.8178,0.8509,0.8128,0.8394,272834.6
1739160000000,2025-02-10 06:00:00,0.8394,0.853,0.8359,0.847,106364.6
1739163600000,2025-02-10 07:00:00,0.847,0.8657,0.8426,0.8571,125479.2
1739167200000,2025-02-10 08:00:00,0.8571,0.8593,0.8489,0.8526,91696.0
1739170800000,2025-02-10 09:00:00,0.8526,0.8612,0.8507,0.8592,118845.4
1739174400000,2025-02-10 10:00:00,0.8592,0.871,0.856,0.8628,356425.4
1739178000000,2025-02-10 11:00:00,0.8628,0.8696,0.8596,0.8646,336785.6
1739181600000,2025-02-10 12:00:00,0.8646,0.8688,0.8565,0.8591,93395.4
1739185200000,2025-02-10 13:00:00,0.8591,0.8628,0.854,0.8598,98876.2
1739188800000,2025-02-10 14:00:00,0.8598,0.8624,0.8469,0.8508,122626.7
1739192400000,2025-02-10 15:00:00,0.8508,0.8853,0.8497,0.8792,260272.5
1739196000000,2025-02-10 16:00:00,0.8792,0.882,0.8571,0.8612,254945.7
1739199600000,2025-02-10 17:00:00,0.8612,0.8659,0.8522,0.8591,143642.3
1739203200000,2025-02-10 18:00:00,0.8591,0.8759,0.8576,0.8734,99481.9
1739206800000,2025-02-10 19:00:00,0.8734,0.8838,0.8663,0.879,225302.4
1739210400000,2025-02-10 20:00:00,0.879,0.8886,0.8736,0.8882,122304.4
1739214000000,2025-02-10 21:00:00,0.8882,0.8882,0.8721,0.8775,233173.0
1739217600000,2025-02-10 22:00:00,0.8775,0.8845,0.8767,0.883,53644.9
1739221200000,2025-02-10 23:00:00,0.883,0.8831,0.8758,0.8793,55367.5
1739224800000,2025-02-11 00:00:00,0.8793,0.8851,0.8751,0.8771,61473.8
1739228400000,2025-02-11 01:00:00,0.8771,0.8796,0.8717,0.8794,38669.8
1739232000000,2025-02-11 02:00:00,0.8794,0.8992,0.8786,0.8954,184574.6
1739235600000,2025-02-11 03:00:00,0.8954,0.901,0.8898,0.8961,108241.9
1739239200000,2025-02-11 04:00:00,0.8961,0.8986,0.8797,0.8862,138962.8
1739242800000,2025-02-11 05:00:00,0.8862,0.894,0.882,0.8937,64849.9
1739246400000,2025-02-11 06:00:00,0.8937,0.9267,0.8903,0.9236,290320.4
1739250000000,2025-02-11 07:00:00,0.9236,0.9466,0.9213,0.942,489608.3
1739253600000,2025-02-11 08:00:00,0.942,0.942,0.9287,0.9392,213971.6
1739257200000,2025-02-11 09:00:00,0.9392,0.9392,0.9235,0.9262,189070.4
1739260800000,2025-02-11 10:00:00,0.9262,0.932,0.9249,0.9295,147931.8
1739264400000,2025-02-11 11:00:00,0.9295,0.9339,0.9129,0.9143,155210.2
1739268000000,2025-02-11 12:00:00,0.9143,0.9146,0.905,0.9072,83122.5
1739271600000,2025-02-11 13:00:00,0.9072,0.916,0.9057,0.9143,91158.4
1739275200000,2025-02-11 14:00:00,0.9143,0.9157,0.8936,0.8953,488355.8
1739278800000,2025-02-11 15:00:00,0.8953,0.8998,0.871,0.8728,688393.4
1739282400000,2025-02-11 16:00:00,0.8728,0.9012,0.8707,0.8993,459999.3
1739286000000,2025-02-11 17:00:00,0.8993,0.9073,0.8903,0.8923,157620.5
1739289600000,2025-02-11 18:00:00,0.8923,0.8981,0.8867,0.8934,94251.4
1739293200000,2025-02-11 19:00:00,0.8934,0.8953,0.8805,0.8833,86931.4
1739296800000,2025-02-11 20:00:00,0.8833,0.8849,0.8701,0.8718,178332.4
1739300400000,2025-02-11 21:00:00,0.8718,0.8746,0.8611,0.8669,212858.7
1739304000000,2025-02-11 22:00:00,0.8669,0.8792,0.865,0.8739,173616.4
1739307600000,2025-02-11 23:00:00,0.8739,0.8836,0.8694,0.8778,79274.8
1739311200000,2025-02-12 00:00:00,0.8778,0.8904,0.8737,0.8761,250913.3
1739314800000,2025-02-12 01:00:00,0.8761,0.8859,0.8742,0.8823,98450.4
1739318400000,2025-02-12 02:00:00,0.8823,0.9108,0.8784,0.9056,310684.0
1739322000000,2025-02-12 03:00:00,0.9056,0.9067,0.8896,0.8964,665563.7
1739325600000,2025-02-12 04:00:00,0.8964,0.9064,0.8898,0.8933,662378.6
1739329200000,2025-02-12 05:00:00,0.8933,0.9054,0.8875,0.8986,144358.2
1739332800000,2025-02-12 06:00:00,0.8986,0.9041,0.8844,0.8896,182746.7
1739336400000,2025-02-12 07:00:00,0.8896,0.9018,0.8848,0.897,91796.8
1739340000000,2025-02-12 08:00:00,0.897,0.8978,0.8783,0.8815,132104.5
1739343600000,2025-02-12 09:00:00,0.8815,0.8958,0.8779,0.8889,76188.8
1739347200000,2025-02-12 10:00:00,0.8889,0.9005,0.8884,0.8933,113369.8
1739350800000,2025-02-12 11:00:00,0.8933,0.8933,0.8841,0.8894,71705.1
1739354400000,2025-02-12 12:00:00,0.8894,0.8917,0.8805,0.8864,94281.4
1739358000000,2025-02-12 13:00:00,0.8864,0.8991,0.8864,0.8919,106902.1
1739361600000,2025-02-12 14:00:00,0.8919,0.8998,0.8866,0.8866,76042.2
1739365200000,2025-02-12 15:00:00,0.8866,0.9027,0.8506,0.871,1309315.7
1739368800000,2025-02-12 16:00:00,0.871,0.871,0.8446,0.8709,309191.6
1739372400000,2025-02-12 17:00:00,0.8709,0.89,0.8559,0.8873,214654.3
1739376000000,2025-02-12 18:00:00,0.8873,0.9286,0.8768,0.9256,928777.0
1739379600000,2025-02-12 19:00:00,0.9256,0.939,0.9202,0.9361,415995.6
1739383200000,2025-02-12 20:00:00,0.9361,0.9405,0.9218,0.938,341652.9
1739386800000,2025-02-12 21:00:00,0.938,0.9668,0.9326,0.9548,641508.0
1739390400000,2025-02-12 22:00:00,0.9548,0.9588,0.9444,0.9469,205574.8
1739394000000,2025-02-12 23:00:00,0.9469,0.9685,0.942,0.9558,255288.5
1739397600000,2025-02-13 00:00:00,0.9558,0.9864,0.9455,0.9646,720291.5
1739401200000,2025-02-13 01:00:00,0.9646,0.9695,0.9522,0.9629,221610.8
1739404800000,2025-02-13 02:00:00,0.9629,0.9665,0.9513,0.9578,162271.8
1739408400000,2025-02-13 03:00:00,0.9578,0.985,0.9559,0.9828,179706.0
1739412000000,2025-02-13 04:00:00,0.9828,0.9828,0.9638,0.9676,224177.0
1739415600000,2025-02-13 05:00:00,0.9676,0.9869,0.9636,0.985,213456.5
1739419200000,2025-02-13 06:00:00,0.985,0.9875,0.9587,0.9619,215417.7
1739422800000,2025-02-13 07:00:00,0.9619,0.9668,0.9529,0.9601,144929.4
1739426400000,2025-02-13 08:00:00,0.9601,0.9723,0.9435,0.9488,310590.8
1739430000000,2025-02-13 09:00:00,0.9488,0.952,0.9313,0.9331,243773.8
1739433600000,2025-02-13 10:00:00,0.9331,0.9395,0.9258,0.9306,337511.4
1739437200000,2025-02-13 11:00:00,0.9306,0.9439,0.9259,0.9427,107305.0
1739440800000,2025-02-13 12:00:00,0.9427,0.9444,0.9372,0.9402,75467.8
1739444400000,2025-02-13 13:00:00,0.9402,0.9423,0.9242,0.9313,186113.5
1739448000000,2025-02-13 14:00:00,0.9313,0.9351,0.9196,0.9219,139720.5
1739451600000,2025-02-13 15:00:00,0.9219,0.9434,0.9196,0.9326,278772.3
1739455200000,2025-02-13 16:00:00,0.9326,0.9326,0.9143,0.9168,189398.7
1739458800000,2025-02-13 17:00:00,0.9168,0.9349,0.9095,0.926,166029.1
1739462400000,2025-02-13 18:00:00,0.926,0.9278,0.9124,0.9168,132408.0
1739466000000,2025-02-13 19:00:00,0.9168,0.9322,0.9162,0.9216,59061.2
1739469600000,2025-02-13 20:00:00,0.9216,0.9311,0.9139,0.9307,82807.4
1739473200000,2025-02-13 21:00:00,0.9307,0.942,0.9236,0.926,112299.3
1739476800000,2025-02-13 22:00:00,0.926,0.9357,0.9255,0.9318,64528.7
1739480400000,2025-02-13 23:00:00,0.9318,0.9427,0.929,0.9353,95779.1
1739484000000,2025-02-14 00:00:00,0.9353,0.9402,0.9306,0.9319,69059.9
1739487600000,2025-02-14 01:00:00,0.9319,0.9354,0.9275,0.9331,37636.1
1739491200000,2025-02-14 02:00:00,0.9331,0.9358,0.9204,0.9263,151593.2
1739494800000,2025-02-14 03:00:00,0.9263,0.9313,0.9195,0.928,114068.7
1739498400000,2025-02-14 04:00:00,0.928,0.9408,0.9245,0.9351,87221.5
1739502000000,2025-02-14 05:00:00,0.9351,0.9552,0.9328,0.953,135111.0
1739505600000,2025-02-14 06:00:00,0.953,0.9552,0.9393,0.9394,170997.0
1739509200000,2025-02-14 07:00:00,0.9394,0.9422,0.9319,0.935,56352.5
1739512800000,2025-02-14 08:00:00,0.935,0.9376,0.9263,0.9331,85358.1
1739516400000,2025-02-14 09:00:00,0.9331,0.936,0.9296,0.9317,83281.2
1739520000000,2025-02-14 10:00:00,0.9317,0.9488,0.9287,0.9374,102280.9
1739523600000,2025-02-14 11:00:00,0.9374,0.9507,0.9366,0.9492,168039.3
1739527200000,2025-02-14 12:00:00,0.9492,0.9538,0.9388,0.9397,224696.4
1739530800000,2025-02-14 13:00:00,0.9397,0.9473,0.9324,0.9378,206139.8
1739534400000,2025-02-14 14:00:00,0.9378,0.9378,0.9286,0.9315,64495.4
1739538000000,2025-02-14 15:00:00,0.9315,0.9428,0.929,0.9403,71765.0
1739541600000,2025-02-14 16:00:00,0.9403,0.9583,0.937,0.9535,103102.8
1739545200000,2025-02-14 17:00:00,0.9535,0.9561,0.9306,0.9445,171522.8
1739548800000,2025-02-14 18:00:00,0.9445,0.9519,0.9333,0.9519,112551.6
1739552400000,2025-02-14 19:00:00,0.9519,0.9764,0.9459,0.9686,222609.9
1739556000000,2025-02-14 20:00:00,0.9686,0.9739,0.9569,0.9575,155752.2
1739559600000,2025-02-14 21:00:00,0.9575,0.9635,0.9493,0.9545,100122.9
1739563200000,2025-02-14 22:00:00,0.9545,0.9565,0.9397,0.9423,133858.7
1739566800000,2025-02-14 23:00:00,0.9423,0.9587,0.9359,0.9583,231418.7
1739570400000,2025-02-15 00:00:00,0.9583,0.9618,0.9225,0.9297,247962.1
1739574000000,2025-02-15 01:00:00,0.9297,0.934,0.925,0.9325,67780.4
1739577600000,2025-02-15 02:00:00,0.9325,0.9339,0.9138,0.9182,143690.9
1739581200000,2025-02-15 03:00:00,0.9182,0.9365,0.9173,0.9357,74480.8
1739584800000,2025-02-15 04:00:00,0.9357,0.9394,0.9274,0.9363,128063.9
1739588400000,2025-02-15 05:00:00,0.9363,0.9384,0.9289,0.9322,45222.5
1739592000000,2025-02-15 06:00:00,0.9322,0.9414,0.931,0.9347,62541.4
1739595600000,2025-02-15 07:00:00,0.9347,0.9419,0.9331,0.9375,94740.9
1739599200000,2025-02-15 08:00:00,0.9375,0.9394,0.9259,0.928,41462.3
1739602800000,2025-02-15 09:00:00,0.928,0.9299,0.9154,0.9186,188770.7
1739606400000,2025-02-15 10:00:00,0.9186,0.9259,0.9168,0.9193,98412.6
1739610000000,2025-02-15 11:00:00,0.9193,0.9225,0.914,0.9166,77484.4
1739613600000,2025-02-15 12:00:00,0.9166,0.9193,0.9099,0.9185,88693.7
1739617200000,2025-02-15 13:00:00,0.9185,0.9193,0.9035,0.9101,77723.5
1739620800000,2025-02-15 14:00:00,0.9101,0.9174,0.9084,0.9155,71220.9
1739624400000,2025-02-15 15:00:00,0.9155,0.9171,0.9073,0.9073,93101.3
1739628000000,2025-02-15 16:00:00,0.9073,0.9075,0.891,0.8987,234933.8
1739631600000,2025-02-15 17:00:00,0.8987,0.9054,0.8943,0.8983,83589.7
1739635200000,2025-02-15 18:00:00,0.8983,0.9029,0.8892,0.8922,168955.8
1739638800000,2025-02-15 19:00:00,0.8922,0.8956,0.8725,0.8833,499221.9
1739642400000,2025-02-15 20:00:00,0.8833,0.8958,0.8759,0.8907,237004.0
1739646000000,2025-02-15 21:00:00,0.8907,0.8926,0.8838,0.884,53046.8
1739649600000,2025-02-15 22:00:00,0.884,0.8893,0.8764,0.8824,86363.0
1739653200000,2025-02-15 23:00:00,0.8824,0.8884,0.8824,0.8873,32995.5
1739656800000,2025-02-16 00:00:00,0.8873,0.8916,0.8805,0.8874,83129.1
1739660400000,2025-02-16 01:00:00,0.8874,0.8919,0.8854,0.8868,58548.8
1739664000000,2025-02-16 02:00:00,0.8868,0.8953,0.8848,0.8925,65709.3
1739667600000,2025-02-16 03:00:00,0.8925,0.8955,0.888,0.8953,116990.5
1739671200000,2025-02-16 04:00:00,0.8953,0.8972,0.8866,0.8907,28066.5
1739674800000,2025-02-16 05:00:00,0.8907,0.8926,0.8838,0.8924,92427.9
1739678400000,2025-02-16 06:00:00,0.8924,0.8988,0.8909,0.8979,89458.2
1739682000000,2025-02-16 07:00:00,0.8979,0.9079,0.8943,0.9016,79809.5
1739685600000,2025-02-16 08:00:00,0.9016,0.9099,0.8997,0.9003,93185.1
1739689200000,2025-02-16 09:00:00,0.9003,0.9014,0.8903,0.8921,113046.6
1739692800000,2025-02-16 10:00:00,0.8921,0.9091,0.8896,0.9056,97184.8
1739696400000,2025-02-16 11:00:00,0.9056,0.9258,0.9006,0.9237,164572.3
1739700000000,2025-02-16 12:00:00,0.9237,0.9241,0.9143,0.9145,86437.2
1739703600000,2025-02-16 13:00:00,0.9145,0.9284,0.9127,0.9283,57677.4
1739707200000,2025-02-16 14:00:00,0.9283,0.9326,0.9193,0.92,149609.4
1739710800000,2025-02-16 15:00:00,0.92,0.921,0.9011,0.9024,331902.3
1739714400000,2025-02-16 16:00:00,0.9024,0.9114,0.8944,0.9091,121762.8
1739718000000,2025-02-16 17:00:00,0.9091,0.9146,0.9049,0.9087,108050.2
1739721600000,2025-02-16 18:00:00,0.9087,0.9169,0.9044,0.9076,44425.4
1739725200000,2025-02-16 19:00:00,0.9076,0.9131,0.8978,0.8989,44405.1
1739728800000,2025-02-16 20:00:00,0.8989,0.899,0.8808,0.8915,216104.3
1739732400000,2025-02-16 21:00:00,0.8915,0.8996,0.8837,0.8965,90832.6
1739736000000,2025-02-16 22:00:00,0.8965,0.9019,0.888,0.8887,40922.3
1739739600000,2025-02-16 23:00:00,0.8887,0.9006,0.8828,0.8965,86524.4
1739743200000,2025-02-17 00:00:00,0.8965,0.8985,0.8869,0.8941,38508.7
1739746800000,2025-02-17 01:00:00,0.8941,0.8952,0.8842,0.89,96532.5
1739750400000,2025-02-17 02:00:00,0.89,0.9061,0.8898,0.9051,110063.0
1739754000000,2025-02-17 03:00:00,0.9051,0.9134,0.8988,0.9099,36536.0
1739757600000,2025-02-17 04:00:00,0.9099,0.9111,0.8984,0.8993,78716.3
1739761200000,2025-02-17 05:00:00,0.8993,0.9021,0.8912,0.9012,51105.0
1739764800000,2025-02-17 06:00:00,0.9012,0.9018,0.8814,0.8814,121829.1
1739768400000,2025-02-17 07:00:00,0.8814,0.8895,0.8671,0.8885,215969.3
1739772000000,2025-02-17 08:00:00,0.8885,0.9,0.887,0.8979,75899.8
1739775600000,2025-02-17 09:00:00,0.8979,0.9014,0.882,0.8859,211692.3
1739779200000,2025-02-17 10:00:00,0.8859,0.8981,0.8796,0.8934,122426.2
1739782800000,2025-02-17 11:00:00,0.8934,0.9044,0.8923,0.9019,116528.0
1739786400000,2025-02-17 12:00:00,0.9019,0.9171,0.9005,0.9082,198064.4
1739790000000,2025-02-17 13:00:00,0.9082,0.9162,0.9057,0.9138,63281.8
1739793600000,2025-02-17 14:00:00,0.9138,0.9361,0.9137,0.9288,261857.2
1739797200000,2025-02-17 15:00:00,0.9288,0.9305,0.9209,0.926,82807.2
1739800800000,2025-02-17 16:00:00,0.926,0.9483,0.9245,0.9405,227679.1
1739804400000,2025-02-17 17:00:00,0.9405,0.9496,0.9095,0.9116,561374.3
1739808000000,2025-02-17 18:00:00,0.9116,0.9182,0.8987,0.8998,202337.2
1739811600000,2025-02-17 19:00:00,0.8998,0.914,0.8997,0.9001,83925.3
1739815200000,2025-02-17 20:00:00,0.9001,0.9007,0.8834,0.8834,249158.5
1739818800000,2025-02-17 21:00:00,0.8834,0.8984,0.8783,0.8948,118914.3
1739822400000,2025-02-17 22:00:00,0.8948,0.9111,0.8935,0.9035,106264.8
1739826000000,2025-02-17 23:00:00,0.9035,0.9235,0.903,0.9235,84659.0
1739829600000,2025-02-18 00:00:00,0.9235,0.9244,0.9072,0.9072,108426.7
1739833200000,2025-02-18 01:00:00,0.9072,0.9147,0.9032,0.9085,45994.1
1739836800000,2025-02-18 02:00:00,0.9085,0.9126,0.8958,0.8968,92445.7
1739840400000,2025-02-18 03:00:00,0.8968,0.9065,0.8935,0.9044,50639.8
1739844000000,2025-02-18 04:00:00,0.9044,0.9056,0.8944,0.8963,24296.2
1739847600000,2025-02-18 05:00:00,0.8963,0.9013,0.892,0.8963,25357.3
1739851200000,2025-02-18 06:00:00,0.8963,0.8987,0.8825,0.8858,78037.8
1739854800000,2025-02-18 07:00:00,0.8858,0.8875,0.8688,0.8703,113812.5
1739858400000,2025-02-18 08:00:00,0.8703,0.8706,0.8485,0.8513,327683.6
1739862000000,2025-02-18 09:00:00,0.8513,0.8656,0.8488,0.8597,227685.6
1739865600000,2025-02-18 10:00:00,0.8597,0.8681,0.8504,0.8556,98114.6
1739869200000,2025-02-18 11:00:00,0.8556,0.8795,0.8528,0.8792,115832.9
1739872800000,2025-02-18 12:00:00,0.8792,0.881,0.8707,0.8752,71039.3
1739876400000,2025-02-18 13:00:00,0.8752,0.8783,0.8705,0.8728,86321.3
1739880000000,2025-02-18 14:00:00,0.8728,0.8862,0.87,0.8803,105996.9
1739883600000,2025-02-18 15:00:00,0.8803,0.8808,0.8693,0.8734,57027.2
1739887200000,2025-02-18 16:00:00,0.8734,0.8837,0.8536,0.8587,212113.2
1739890800000,2025-02-18 17:00:00,0.8587,0.8604,0.8296,0.8347,476644.3
1739894400000,2025-02-18 18:00:00,0.8347,0.8465,0.82,0.8213,240467.4
1739898000000,2025-02-18 19:00:00,0.8213,0.8315,0.8136,0.827,163311.8
1739901600000,2025-02-18 20:00:00,0.827,0.8427,0.8248,0.8362,166253.5
1739905200000,2025-02-18 21:00:00,0.8362,0.8409,0.8288,0.8346,99797.1
1739908800000,2025-02-18 22:00:00,0.8346,0.8368,0.8221,0.8276,154986.0
1739912400000,2025-02-18 23:00:00,0.8276,0.8459,0.8273,0.8418,80565.3
1739916000000,2025-02-19 00:00:00,0.8418,0.8515,0.8394,0.8459,71439.6
1739919600000,2025-02-19 01:00:00,0.8459,0.8547,0.8441,0.8545,86120.8
1739923200000,2025-02-19 02:00:00,0.8545,0.8669,0.8529,0.8575,546966.9
1739926800000,2025-02-19 03:00:00,0.8575,0.8684,0.8556,0.8594,576020.0
1739930400000,2025-02-19 04:00:00,0.8594,0.8729,0.859,0.8675,97230.7
1739934000000,2025-02-19 05:00:00,0.8675,0.8696,0.8588,0.869,124490.3
1739937600000,2025-02-19 06:00:00,0.869,0.8693,0.8538,0.8538,92463.7
1739941200000,2025-02-19 07:00:00,0.8538,0.8779,0.8521,0.8767,101894.3
1739944800000,2025-02-19 08:00:00,0.8767,0.8953,0.8741,0.89,118124.7
1739948400000,2025-02-19 09:00:00,0.89,0.9,0.8841,0.8919,132832.1
1739952000000,2025-02-19 10:00:00,0.8919,0.8972,0.883,0.8837,64078.4
1739955600000,2025-02-19 11:00:00,0.8837,0.892,0.8835,0.889,60561.7
1739959200000,2025-02-19 12:00:00,0.889,0.8965,0.8866,0.8915,89285.5
1739962800000,2025-02-19 13:00:00,0.8915,0.8947,0.8904,0.8931,58424.3
1739966400000,2025-02-19 14:00:00,0.8931,0.8938,0.8809,0.8813,66486.9
1739970000000,2025-02-19 15:00:00,0.8813,0.8962,0.8813,0.8874,83163.9
1739973600000,2025-02-19 16:00:00,0.8874,0.8997,0.8788,0.88,207335.6
1739977200000,2025-02-19 17:00:00,0.88,0.882,0.8718,0.8738,226801.2
1739980800000,2025-02-19 18:00:00,0.8738,0.887,0.8718,0.8841,72628.0
1739984400000,2025-02-19 19:00:00,0.8841,0.8893,0.8804,0.8849,96111.7
1739988000000,2025-02-19 20:00:00,0.8849,0.8849,0.872,0.8722,102708.5
1739991600000,2025-02-19 21:00:00,0.8722,0.8825,0.867,0.875,139650.0
1739995200000,2025-02-19 22:00:00,0.875,0.8818,0.8716,0.8717,80826.3
1739998800000,2025-02-19 23:00:00,0.8717,0.8769,0.863,0.8663,60074.1
1740002400000,2025-02-20 00:00:00,0.8663,0.8714,0.8626,0.8706,98162.7
1740006000000,2025-02-20 01:00:00,0.8706,0.8834,0.8705,0.8797,101519.6
1740009600000,2025-02-20 02:00:00,0.8797,0.891,0.8722,0.8884,91179.6
1740013200000,2025-02-20 03:00:00,0.8884,0.8935,0.8753,0.8808,77862.5
1740016800000,2025-02-20 04:00:00,0.8808,0.8955,0.8793,0.8936,47806.6
1740020400000,2025-02-20 05:00:00,0.8936,0.9015,0.8903,0.8942,643639.3
1740024000000,2025-02-20 06:00:00,0.8942,0.9028,0.8911,0.8926,643292.8
1740027600000,2025-02-20 07:00:00,0.8926,0.8934,0.8845,0.8855,290933.8
1740031200000,2025-02-20 08:00:00,0.8855,0.8865,0.879,0.8815,94548.0
1740034800000,2025-02-20 09:00:00,0.8815,0.8843,0.8753,0.8786,68963.0
1740038400000,2025-02-20 10:00:00,0.8786,0.8816,0.8746,0.8785,35861.5
1740042000000,2025-02-20 11:00:00,0.8785,0.8787,0.8715,0.875,99207.5
1740045600000,2025-02-20 12:00:00,0.875,0.8856,0.8703,0.8855,109722.7
1740049200000,2025-02-20 13:00:00,0.8855,0.8863,0.8802,0.8839,60145.2
1740052800000,2025-02-20 14:00:00,0.8839,0.8926,0.8833,0.8853,104580.7
1740056400000,2025-02-20 15:00:00,0.8853,0.8915,0.8805,0.8893,102704.6
1740060000000,2025-02-20 16:00:00,0.8893,0.9088,0.8844,0.8848,246280.9
1740063600000,2025-02-20 17:00:00,0.8848,0.8895,0.8783,0.8787,119812.3
1740067200000,2025-02-20 18:00:00,0.8787,0.8928,0.8774,0.886,168341.2
1740070800000,2025-02-20 19:00:00,0.886,0.9053,0.8853,0.9053,229945.6
1740074400000,2025-02-20 20:00:00,0.9053,0.9145,0.9033,0.9075,156336.6
1740078000000,2025-02-20 21:00:00,0.9075,0.913,0.9043,0.9089,84038.4
1740081600000,2025-02-20 22:00:00,0.9089,0.9159,0.9067,0.9092,55780.8
1740085200000,2025-02-20 23:00:00,0.9092,0.9119,0.9047,0.9079,42247.7
1740088800000,2025-02-21 00:00:00,0.9079,0.9143,0.901,0.9121,142539.0
1740092400000,2025-02-21 01:00:00,0.9121,0.9209,0.9101,0.9166,70759.0
1740096000000,2025-02-21 02:00:00,0.9166,0.9261,0.9162,0.9212,90612.3
1740099600000,2025-02-21 03:00:00,0.9212,0.9233,0.9152,0.9183,89924.7
1740103200000,2025-02-21 04:00:00,0.9183,0.9241,0.9101,0.9123,65874.0
1740106800000,2025-02-21 05:00:00,0.9123,0.9246,0.9116,0.9164,99889.4
1740110400000,2025-02-21 06:00:00,0.9164,0.9325,0.9164,0.9312,64624.1
1740114000000,2025-02-21 07:00:00,0.9312,0.9346,0.926,0.9343,80434.7
1740117600000,2025-02-21 08:00:00,0.9343,0.9367,0.9273,0.9322,155248.3
1740121200000,2025-02-21 09:00:00,0.9322,0.9349,0.9257,0.928,55504.2
1740124800000,2025-02-21 10:00:00,0.928,0.9404,0.9277,0.9364,88160.5
1740128400000,2025-02-21 11:00:00,0.9364,0.9589,0.9362,0.9488,326287.4
1740132000000,2025-02-21 12:00:00,0.9488,0.9616,0.9488,0.9572,259388.3
1740135600000,2025-02-21 13:00:00,0.9572,0.9594,0.9457,0.9458,83320.8
1740139200000,2025-02-21 14:00:00,0.9458,0.952,0.9437,0.9504,92796.3
1740142800000,2025-02-21 15:00:00,0.9504,0.9576,0.9477,0.9534,184160.5
1740146400000,2025-02-21 16:00:00,0.9534,0.9544,0.927,0.9351,253696.7
1740150000000,2025-02-21 17:00:00,0.9351,0.9453,0.8956,0.9101,635940.1
1740153600000,2025-02-21 18:00:00,0.9101,0.9275,0.9049,0.9121,468988.0
1740157200000,2025-02-21 19:00:00,0.9121,0.9206,0.8892,0.8899,294868.9
1740160800000,2025-02-21 20:00:00,0.8899,0.8952,0.8851,0.8909,241027.4
1740164400000,2025-02-21 21:00:00,0.8909,0.8925,0.8593,0.8645,406358.0
1740168000000,2025-02-21 22:00:00,0.8645,0.8821,0.8629,0.8685,398359.1
1740171600000,2025-02-21 23:00:00,0.8685,0.8724,0.856,0.866,235491.0
1740175200000,2025-02-22 00:00:00,0.866,0.8776,0.8632,0.8745,344162.4
1740178800000,2025-02-22 01:00:00,0.8745,0.8787,0.8684,0.8761,184156.1
1740182400000,2025-02-22 02:00:00,0.8761,0.8931,0.8698,0.8923,675782.4
1740186000000,2025-02-22 03:00:00,0.8923,0.8971,0.8901,0.8942,288946.1
1740189600000,2025-02-22 04:00:00,0.8942,0.8942,0.8822,0.8859,89919.5
1740193200000,2025-02-22 05:00:00,0.8859,0.8882,0.8784,0.8836,177342.6
1740196800000,2025-02-22 06:00:00,0.8836,0.8884,0.882,0.8864,29398.5
1740200400000,2025-02-22 07:00:00,0.8864,0.892,0.8847,0.8865,72053.6
1740204000000,2025-02-22 08:00:00,0.8865,0.8892,0.8804,0.8836,28551.4
1740207600000,2025-02-22 09:00:00,0.8836,0.8897,0.8832,0.8832,15908.6
1740211200000,2025-02-22 10:00:00,0.8832,0.8885,0.8821,0.886,47534.6
1740214800000,2025-02-22 11:00:00,0.886,0.892,0.8851,0.891,85340.6
1740218400000,2025-02-22 12:00:00,0.891,0.9005,0.8889,0.8923,172735.0
1740222000000,2025-02-22 13:00:00,0.8923,0.8992,0.8909,0.894,110930.1
1740225600000,2025-02-22 14:00:00,0.894,0.8968,0.889,0.8968,46329.1
1740229200000,2025-02-22 15:00:00,0.8968,0.8988,0.8877,0.8885,152174.8
1740232800000,2025-02-22 16:00:00,0.8885,0.8913,0.8795,0.8813,127867.6
1740236400000,2025-02-22 17:00:00,0.8813,0.8922,0.8794,0.8903,40806.4
1740240000000,2025-02-22 18:00:00,0.8903,0.8993,0.8895,0.8948,93265.1
1740243600000,2025-02-22 19:00:00,0.8948,0.9074,0.8926,0.9045,128272.1
1740247200000,2025-02-22 20:00:00,0.9045,0.9112,0.8973,0.9002,129466.0
1740250800000,2025-02-22 21:00:00,0.9002,0.9058,0.9,0.9019,78662.1
1740254400000,2025-02-22 22:00:00,0.9019,0.9024,0.8944,0.8978,73528.2
1740258000000,2025-02-22 23:00:00,0.8978,0.9051,0.8978,0.9036,38800.8
1740261600000,2025-02-23 00:00:00,0.9036,0.9085,0.9023,0.9053,34554.3
1740265200000,2025-02-23 01:00:00,0.9053,0.9084,0.9012,0.9047,46076.4
1740268800000,2025-02-23 02:00:00,0.9047,0.9095,0.9011,0.9077,46713.5
1740272400000,2025-02-23 03:00:00,0.9077,0.9085,0.8981,0.9012,50341.1
1740276000000,2025-02-23 04:00:00,0.9012,0.9014,0.8934,0.8934,51801.7
1740279600000,2025-02-23 05:00:00,0.8934,0.8994,0.8899,0.894,35550.0
1740283200000,2025-02-23 06:00:00,0.894,0.894,0.8892,0.8912,23461.7
1740286800000,2025-02-23 07:00:00,0.8912,0.8949,0.8906,0.892,10558.0
1740290400000,2025-02-23 08:00:00,0.892,0.8939,0.8883,0.8923,31023.1
1740294000000,2025-02-23 09:00:00,0.8923,0.9096,0.8908,0.9093,50301.6
1740297600000,2025-02-23 10:00:00,0.9093,0.9105,0.9027,0.9067,67896.3
1740301200000,2025-02-23 11:00:00,0.9067,0.9106,0.8997,0.9028,67587.9
1740304800000,2025-02-23 12:00:00,0.9028,0.9031,0.8942,0.8975,53181.9
1740308400000,2025-02-23 13:00:00,0.8975,0.8986,0.8893,0.8917,27321.8
1740312000000,2025-02-23 14:00:00,0.8917,0.8944,0.8738,0.8774,162235.7
1740315600000,2025-02-23 15:00:00,0.8774,0.8865,0.8774,0.882,119016.2
1740319200000,2025-02-23 16:00:00,0.882,0.8854,0.8734,0.8755,40699.4
1740322800000,2025-02-23 17:00:00,0.8755,0.8802,0.8633,0.8664,275556.3
1740326400000,2025-02-23 18:00:00,0.8664,0.8783,0.8655,0.8736,105472.3
1740330000000,2025-02-23 19:00:00,0.8736,0.8865,0.8736,0.8842,43124.7
1740333600000,2025-02-23 20:00:00,0.8842,0.885,0.8754,0.8758,28858.0
1740337200000,2025-02-23 21:00:00,0.8758,0.878,0.872,0.8742,35547.6
1740340800000,2025-02-23 22:00:00,0.8742,0.8752,0.8705,0.874,28487.7
1740344400000,2025-02-23 23:00:00,0.874,0.8752,0.8687,0.8751,24950.9
1740348000000,2025-02-24 00:00:00,0.8751,0.8757,0.8663,0.8729,81943.4
1740351600000,2025-02-24 01:00:00,0.8729,0.8839,0.8728,0.8792,77901.3
1740355200000,2025-02-24 02:00:00,0.8792,0.8866,0.8744,0.8754,108454.5
1740358800000,2025-02-24 03:00:00,0.8754,0.8772,0.8605,0.8645,102916.9
1740362400000,2025-02-24 04:00:00,0.8645,0.8708,0.8603,0.8611,87304.4
1740366000000,2025-02-24 05:00:00,0.8611,0.8611,0.8451,0.8486,190287.4
1740369600000,2025-02-24 06:00:00,0.8486,0.8511,0.8366,0.8439,163570.4
1740373200000,2025-02-24 07:00:00,0.8439,0.8547,0.839,0.8517,136186.5
1740376800000,2025-02-24 08:00:00,0.8517,0.8548,0.8482,0.852,61975.7
1740380400000,2025-02-24 09:00:00,0.852,0.8573,0.8477,0.8513,56038.0
1740384000000,2025-02-24 10:00:00,0.8513,0.8513,0.8339,0.8378,124130.5
1740387600000,2025-02-24 11:00:00,0.8378,0.856,0.836,0.8492,115850.2
1740391200000,2025-02-24 12:00:00,0.8492,0.8516,0.8379,0.8445,102863.4
1740394800000,2025-02-24 13:00:00,0.8445,0.8532,0.8387,0.8516,85692.7
1740398400000,2025-02-24 14:00:00,0.8516,0.852,0.846,0.8478,35544.0
1740402000000,2025-02-24 15:00:00,0.8478,0.858,0.8418,0.8469,72554.5
1740405600000,2025-02-24 16:00:00,0.8469,0.848,0.8242,0.8265,160192.2
1740409200000,2025-02-24 17:00:00,0.8265,0.8382,0.8188,0.8295,179965.8
1740412800000,2025-02-24 18:00:00,0.8295,0.8367,0.8236,0.8245,94872.2
1740416400000,2025-02-24 19:00:00,0.8245,0.8352,0.8179,0.8258,454715.8
1740420000000,2025-02-24 20:00:00,0.8258,0.8279,0.806,0.8071,258411.5
1740423600000,2025-02-24 21:00:00,0.8071,0.8119,0.7905,0.7987,294700.7
1740427200000,2025-02-24 22:00:00,0.7987,0.8115,0.7956,0.8023,195013.0
1740430800000,2025-02-24 23:00:00,0.8023,0.8085,0.7939,0.7939,131725.0
1740434400000,2025-02-25 00:00:00,0.7939,0.7939,0.7259,0.7364,1544307.5
1740438000000,2025-02-25 01:00:00,0.7364,0.7644,0.7331,0.7504,486760.2
1740441600000,2025-02-25 02:00:00,0.7504,0.7591,0.7275,0.7424,401867.6
1740445200000,2025-02-25 03:00:00,0.7424,0.7531,0.7253,0.7351,225169.4
1740448800000,2025-02-25 04:00:00,0.7351,0.7534,0.7267,0.7493,210021.1
1740452400000,2025-02-25 05:00:00,0.7493,0.7517,0.7325,0.7337,121507.2
1740456000000,2025-02-25 06:00:00,0.7337,0.7387,0.7226,0.73,198459.1
1740459600000,2025-02-25 07:00:00,0.73,0.7454,0.7261,0.7389,115768.0
1740463200000,2025-02-25 08:00:00,0.7389,0.742,0.7211,0.7215,203673.5
1740466800000,2025-02-25 09:00:00,0.7215,0.7239,0.6889,0.713,1113216.0
1740470400000,2025-02-25 10:00:00,0.713,0.7321,0.7113,0.7278,213526.4
1740474000000,2025-02-25 11:00:00,0.7278,0.7324,0.7206,0.7251,164666.3
1740477600000,2025-02-25 12:00:00,0.7251,0.7376,0.7091,0.7325,301333.5
1740481200000,2025-02-25 13:00:00,0.7325,0.7514,0.7166,0.7512,227720.7
1740484800000,2025-02-25 14:00:00,0.7512,0.7615,0.7459,0.7544,177628.4
1740488400000,2025-02-25 15:00:00,0.7544,0.7592,0.7423,0.7431,90549.6
1740492000000,2025-02-25 16:00:00,0.7431,0.7492,0.7259,0.7305,178090.8
1740495600000,2025-02-25 17:00:00,0.7305,0.7557,0.7257,0.7492,347687.5
1740499200000,2025-02-25 18:00:00,0.7492,0.7583,0.7372,0.753,389238.9
1740502800000,2025-02-25 19:00:00,0.753,0.7614,0.7494,0.7547,102119.6
1740506400000,2025-02-25 20:00:00,0.7547,0.7731,0.7496,0.7555,542867.7
1740510000000,2025-02-25 21:00:00,0.7555,0.7732,0.7487,0.772,102294.6
1740513600000,2025-02-25 22:00:00,0.772,0.7867,0.7688,0.7812,142150.4
1740517200000,2025-02-25 23:00:00,0.7812,0.7859,0.7739,0.7854,110401.3
1740520800000,2025-02-26 00:00:00,0.7854,0.79,0.777,0.7802,49159.1
1740524400000,2025-02-26 01:00:00,0.7802,0.7856,0.7746,0.7777,59096.4
1740528000000,2025-02-26 02:00:00,0.7777,0.7824,0.7754,0.7777,48657.6
1740531600000,2025-02-26 03:00:00,0.7777,0.7817,0.7743,0.7768,62101.7
1740535200000,2025-02-26 04:00:00,0.7768,0.7915,0.7725,0.7902,58351.0
1740538800000,2025-02-26 05:00:00,0.7902,0.7949,0.7873,0.7897,118613.2
1740542400000,2025-02-26 06:00:00,0.7897,0.7978,0.7867,0.7917,103850.0
1740546000000,2025-02-26 07:00:00,0.7917,0.7932,0.7815,0.782,64642.3
1740549600000,2025-02-26 08:00:00,0.782,0.7917,0.7817,0.7915,75424.6
1740553200000,2025-02-26 09:00:00,0.7915,0.7946,0.7837,0.7895,125901.3
1740556800000,2025-02-26 10:00:00,0.7895,0.7923,0.7816,0.7888,96453.6
1740560400000,2025-02-26 11:00:00,0.7888,0.8074,0.7883,0.8069,332844.5
1740564000000,2025-02-26 12:00:00,0.8069,0.8074,0.7973,0.8057,241613.9
1740567600000,2025-02-26 13:00:00,0.8057,0.8089,0.7946,0.7947,223393.5
1740571200000,2025-02-26 14:00:00,0.7947,0.7992,0.7749,0.7823,379797.5
1740574800000,2025-02-26 15:00:00,0.7823,0.7857,0.7754,0.7774,158197.5
1740578400000,2025-02-26 16:00:00,0.7774,0.7989,0.7651,0.7969,411867.9
1740582000000,2025-02-26 17:00:00,0.7969,0.8155,0.7969,0.7993,432729.5
1740585600000,2025-02-26 18:00:00,0.7993,0.803,0.7858,0.792,138419.9
1740589200000,2025-02-26 19:00:00,0.792,0.7952,0.7686,0.7705,157377.9
1740592800000,2025-02-26 20:00:00,0.7705,0.7766,0.7564,0.7607,507751.3
1740596400000,2025-02-26 21:00:00,0.7607,0.7737,0.757,0.7656,210455.0
1740600000000,2025-02-26 22:00:00,0.7656,0.7928,0.7581,0.7895,345413.4
1740603600000,2025-02-26 23:00:00,0.7895,0.7953,0.7822,0.7952,195251.0
1740607200000,2025-02-27 00:00:00,0.7952,0.808,0.7952,0.7984,269144.6
1740610800000,2025-02-27 01:00:00,0.7984,0.8036,0.7875,0.7919,267692.8
1740614400000,2025-02-27 02:00:00,0.7919,0.8014,0.7865,0.7957,113994.7
1740618000000,2025-02-27 03:00:00,0.7957,0.8129,0.7888,0.8055,147541.0
1740621600000,2025-02-27 04:00:00,0.8055,0.8152,0.8024,0.806,82136.0
1740625200000,2025-02-27 05:00:00,0.806,0.8167,0.805,0.8153,74869.1
1740628800000,2025-02-27 06:00:00,0.8153,0.8218,0.806,0.8136,185400.8
1740632400000,2025-02-27 07:00:00,0.8136,0.8289,0.8135,0.8272,139797.6
1740636000000,2025-02-27 08:00:00,0.8272,0.8385,0.8228,0.8309,79539.6
1740639600000,2025-02-27 09:00:00,0.8309,0.8373,0.8279,0.8294,96156.6
1740643200000,2025-02-27 10:00:00,0.8294,0.8314,0.8215,0.8239,64880.5
1740646800000,2025-02-27 11:00:00,0.8239,0.8275,0.8198,0.8225,69396.3
1740650400000,2025-02-27 12:00:00,0.8225,0.8323,0.8216,0.8323,106148.3
1740654000000,2025-02-27 13:00:00,0.8323,0.8325,0.8236,0.8244,50223.6
1740657600000,2025-02-27 14:00:00,0.8244,0.83,0.8168,0.8227,193601.8
1740661200000,2025-02-27 15:00:00,0.8227,0.8267,0.8155,0.8195,106580.6
1740664800000,2025-02-27 16:00:00,0.8195,0.8265,0.8091,0.8113,113199.8
1740668400000,2025-02-27 17:00:00,0.8113,0.8217,0.8039,0.8196,166182.8
1740672000000,2025-02-27 18:00:00,0.8196,0.8232,0.8078,0.8085,88929.4
1740675600000,2025-02-27 19:00:00,0.8085,0.8251,0.808,0.8237,97948.9
1740679200000,2025-02-27 20:00:00,0.8237,0.8303,0.8214,0.8214,255028.0
1740682800000,2025-02-27 21:00:00,0.8214,0.8249,0.8083,0.8105,341811.0
1740686400000,2025-02-27 22:00:00,0.8105,0.8121,0.7904,0.7971,422475.4
1740690000000,2025-02-27 23:00:00,0.7971,0.811,0.7907,0.8106,131302.7
1740693600000,2025-02-28 00:00:00,0.8106,0.8176,0.8036,0.8163,94974.4
1740697200000,2025-02-28 01:00:00,0.8163,0.8171,0.8098,0.8116,117401.3
1740700800000,2025-02-28 02:00:00,0.8116,0.8124,0.7972,0.7972,93742.3
1740704400000,2025-02-28 03:00:00,0.7972,0.8021,0.7683,0.7706,642839.2
1740708000000,2025-02-28 04:00:00,0.7706,0.7775,0.7501,0.7615,679912.9
1740711600000,2025-02-28 05:00:00,0.7615,0.7718,0.7478,0.7487,330616.5
1740715200000,2025-02-28 06:00:00,0.7487,0.7622,0.7407,0.7554,386875.6
1740718800000,2025-02-28 07:00:00,0.7554,0.7585,0.7421,0.752,239012.8
1740722400000,2025-02-28 08:00:00,0.752,0.7551,0.7358,0.7432,905960.1
1740726000000,2025-02-28 09:00:00,0.7432,0.7539,0.74,0.7448,138412.9
1740729600000,2025-02-28 10:00:00,0.7448,0.7558,0.7361,0.7551,263587.8
1740733200000,2025-02-28 11:00:00,0.7551,0.7656,0.752,0.762,149560.1
1740736800000,2025-02-28 12:00:00,0.762,0.7638,0.7499,0.7511,159020.0
1740740400000,2025-02-28 13:00:00,0.7511,0.7621,0.75,0.7575,97131.3
1740744000000,2025-02-28 14:00:00,0.7575,0.7661,0.7559,0.7632,202726.4
1740747600000,2025-02-28 15:00:00,0.7632,0.7841,0.761,0.7787,351045.1
1740751200000,2025-02-28 16:00:00,0.7787,0.7897,0.7743,0.7809,164288.4
1740754800000,2025-02-28 17:00:00,0.7809,0.8065,0.7809,0.7993,150446.2
1740758400000,2025-02-28 18:00:00,0.7993,0.8099,0.7929,0.7993,166650.4
1740762000000,2025-02-28 19:00:00,0.7993,0.8037,0.7967,0.8,62631.4
1740765600000,2025-02-28 20:00:00,0.8,0.8152,0.7998,0.8087,99594.2
1740769200000,2025-02-28 21:00:00,0.8087,0.8101,0.8046,0.8061,32415.3
1740772800000,2025-02-28 22:00:00,0.8061,0.8066,0.7939,0.7962,124707.0
1740776400000,2025-02-28 23:00:00,0.7962,0.8037,0.7922,0.7977,106268.1
1740780000000,2025-03-01 00:00:00,0.7977,0.7989,0.7915,0.792,115955.0
1740783600000,2025-03-01 01:00:00,0.792,0.7959,0.7887,0.793,122045.6
1740787200000,2025-03-01 02:00:00,0.793,0.7937,0.7803,0.7812,114417.8
1740790800000,2025-03-01 03:00:00,0.7812,0.7981,0.7784,0.7945,174239.1
1740794400000,2025-03-01 04:00:00,0.7945,0.8029,0.789,0.7963,107045.1
1740798000000,2025-03-01 05:00:00,0.7963,0.8036,0.7943,0.7969,110936.0
1740801600000,2025-03-01 06:00:00,0.7969,0.8035,0.7953,0.8006,77936.2
1740805200000,2025-03-01 07:00:00,0.8006,0.8006,0.7927,0.7929,81602.4
1740808800000,2025-03-01 08:00:00,0.7929,0.7958,0.7845,0.7878,107604.4
1740812400000,2025-03-01 09:00:00,0.7878,0.788,0.7808,0.783,56938.1
1740816000000,2025-03-01 10:00:00,0.783,0.7889,0.7805,0.7867,39933.8
1740819600000,2025-03-01 11:00:00,0.7867,0.789,0.7772,0.781,108302.3
1740823200000,2025-03-01 12:00:00,0.781,0.7817,0.768,0.7703,163779.1
1740826800000,2025-03-01 13:00:00,0.7703,0.7706,0.7616,0.7652,108707.5
1740830400000,2025-03-01 14:00:00,0.7652,0.771,0.7619,0.7704,36718.2
1740834000000,2025-03-01 15:00:00,0.7704,0.7732,0.7578,0.7624,156387.2
1740837600000,2025-03-01 16:00:00,0.7624,0.7686,0.7617,0.7658,144115.2
1740841200000,2025-03-01 17:00:00,0.7658,0.771,0.7621,0.7673,71131.5
1740844800000,2025-03-01 18:00:00,0.7673,0.7754,0.7634,0.7754,199403.0
1740848400000,2025-03-01 19:00:00,0.7754,0.7754,0.7674,0.7718,108989.0
1740852000000,2025-03-01 20:00:00,0.7718,0.7813,0.77,0.778,100872.8
1740855600000,2025-03-01 21:00:00,0.778,0.787,0.7769,0.7821,73645.8
1740859200000,2025-03-01 22:00:00,0.7821,0.7821,0.776,0.7795,51744.2
1740862800000,2025-03-01 23:00:00,0.7795,0.7926,0.7776,0.7911,121045.3
1740866400000,2025-03-02 00:00:00,0.7911,0.7966,0.7886,0.7931,141434.8
1740870000000,2025-03-02 01:00:00,0.7931,0.7931,0.7859,0.7904,59996.0
1740873600000,2025-03-02 02:00:00,0.7904,0.7916,0.7821,0.787,146193.4
1740877200000,2025-03-02 03:00:00,0.787,0.7906,0.7829,0.7874,44029.2
1740880800000,2025-03-02 04:00:00,0.7874,0.7921,0.7842,0.7902,50073.8
1740884400000,2025-03-02 05:00:00,0.7902,0.7952,0.7879,0.7914,78698.8
1740888000000,2025-03-02 06:00:00,0.7914,0.8001,0.7906,0.7966,35808.0
1740891600000,2025-03-02 07:00:00,0.7966,0.799,0.7935,0.796,39231.7
1740895200000,2025-03-02 08:00:00,0.796,0.7975,0.7884,0.7909,102721.6
1740898800000,2025-03-02 09:00:00,0.7909,0.7918,0.7845,0.785,72011.1
1740902400000,2025-03-02 10:00:00,0.785,0.7884,0.781,0.7861,73603.6
1740906000000,2025-03-02 11:00:00,0.7861,0.7988,0.784,0.793,90571.2
1740909600000,2025-03-02 12:00:00,0.793,0.7954,0.79,0.79,51506.4
1740913200000,2025-03-02 13:00:00,0.79,0.7905,0.7864,0.7886,98396.8
1740916800000,2025-03-02 14:00:00,0.7886,0.7903,0.7839,0.7854,131475.3
1740920400000,2025-03-02 15:00:00,0.7854,0.7854,0.7725,0.773,245120.4
1740924000000,2025-03-02 16:00:00,0.773,0.7758,0.7655,0.7695,104421.1
1740927600000,2025-03-02 17:00:00,0.7695,0.8157,0.7653,0.7913,689683.5
1740931200000,2025-03-02 18:00:00,0.7913,0.8565,0.79,0.8433,910442.4
1740934800000,2025-03-02 19:00:00,0.8433,0.8684,0.8313,0.8581,448882.3
1740938400000,2025-03-02 20:00:00,0.8581,0.8636,0.8434,0.8507,262585.8
1740942000000,2025-03-02 21:00:00,0.8507,0.8697,0.8503,0.8693,81207.4
1740945600000,2025-03-02 22:00:00,0.8693,0.8777,0.8644,0.8761,301724.6
1740949200000,2025-03-02 23:00:00,0.8761,0.8921,0.8753,0.8915,159003.2
1740952800000,2025-03-03 00:00:00,0.8915,0.8939,0.8817,0.8913,135442.3
1740956400000,2025-03-03 01:00:00,0.8913,0.8947,0.884,0.8914,84404.3
1740960000000,2025-03-03 02:00:00,0.8914,0.895,0.8769,0.8772,236300.8
1740963600000,2025-03-03 03:00:00,0.8772,0.8808,0.8646,0.8651,112429.9
1740967200000,2025-03-03 04:00:00,0.8651,0.8654,0.8498,0.8583,109333.2
1740970800000,2025-03-03 05:00:00,0.8583,0.8616,0.8441,0.8527,121484.6
1740974400000,2025-03-03 06:00:00,0.8527,0.8605,0.8517,0.8579,66896.0
1740978000000,2025-03-03 07:00:00,0.8579,0.8639,0.8568,0.8614,50774.6
1740981600000,2025-03-03 08:00:00,0.8614,0.8633,0.8244,0.8312,274323.8
1740985200000,2025-03-03 09:00:00,0.8312,0.8424,0.8231,0.8406,136394.1
1740988800000,2025-03-03 10:00:00,0.8406,0.8417,0.8181,0.8245,197453.1
1740992400000,2025-03-03 11:00:00,0.8245,0.8308,0.8162,0.8272,165579.4
1740996000000,2025-03-03 12:00:00,0.8272,0.8327,0.8228,0.8297,74136.4
1740999600000,2025-03-03 13:00:00,0.8297,0.8307,0.8215,0.829,48171.8
1741003200000,2025-03-03 14:00:00,0.829,0.838,0.8268,0.8341,108243.8
1741006800000,2025-03-03 15:00:00,0.8341,0.8427,0.8302,0.8362,192848.5
1741010400000,2025-03-03 16:00:00,0.8362,0.8365,0.8029,0.8037,354316.1
1741014000000,2025-03-03 17:00:00,0.8037,0.8247,0.8034,0.8135,250505.8
1741017600000,2025-03-03 18:00:00,0.8135,0.8175,0.8074,0.8114,77331.7
1741021200000,2025-03-03 19:00:00,0.8114,0.8156,0.8049,0.8066,79963.8
1741024800000,2025-03-03 20:00:00,0.8066,0.8076,0.7627,0.766,762957.8
1741028400000,2025-03-03 21:00:00,0.766,0.7708,0.74,0.7445,544643.9
1741032000000,2025-03-03 22:00:00,0.7445,0.7514,0.7301,0.7407,354630.3
1741035600000,2025-03-03 23:00:00,0.7407,0.7435,0.7218,0.7244,193248.0
1741039200000,2025-03-04 00:00:00,0.7244,0.7424,0.7242,0.7407,173011.5
1741042800000,2025-03-04 01:00:00,0.7407,0.7449,0.7315,0.7322,82801.6
1741046400000,2025-03-04 02:00:00,0.7322,0.739,0.7242,0.7244,146594.5
1741050000000,2025-03-04 03:00:00,0.7244,0.727,0.6831,0.6866,844759.0
1741053600000,2025-03-04 04:00:00,0.6866,0.7036,0.6672,0.6983,943203.7
1741057200000,2025-03-04 05:00:00,0.6983,0.7084,0.6943,0.7007,161027.3
1741060800000,2025-03-04 06:00:00,0.7007,0.709,0.6987,0.7031,143233.0
1741064400000,2025-03-04 07:00:00,0.7031,0.7193,0.7025,0.7113,159873.1
1741068000000,2025-03-04 08:00:00,0.7113,0.7121,0.7036,0.7063,126336.5
1741071600000,2025-03-04 09:00:00,0.7063,0.7075,0.6982,0.7009,421235.3
1741075200000,2025-03-04 10:00:00,0.7009,0.7026,0.6932,0.6985,107024.6
1741078800000,2025-03-04 11:00:00,0.6985,0.7002,0.6877,0.6904,79220.0
1741082400000,2025-03-04 12:00:00,0.6904,0.6999,0.6883,0.6976,70624.0
1741086000000,2025-03-04 13:00:00,0.6976,0.7049,0.6907,0.6913,207096.2
1741089600000,2025-03-04 14:00:00,0.6913,0.6978,0.6829,0.6929,146244.5
1741093200000,2025-03-04 15:00:00,0.6929,0.6929,0.6735,0.6786,287650.3
1741096800000,2025-03-04 16:00:00,0.6786,0.7273,0.677,0.6918,740974.0
1741100400000,2025-03-04 17:00:00,0.6918,0.7023,0.6797,0.6998,367624.5
1741104000000,2025-03-04 18:00:00,0.6998,0.7035,0.6484,0.6818,619457.2
1741107600000,2025-03-04 19:00:00,0.6818,0.7095,0.681,0.7021,346932.0
1741111200000,2025-03-04 20:00:00,0.7021,0.7181,0.6994,0.7158,224315.3
1741114800000,2025-03-04 21:00:00,0.7158,0.7222,0.7099,0.7187,289874.4
1741118400000,2025-03-04 22:00:00,0.7187,0.7209,0.6983,0.6985,213318.4
1741122000000,2025-03-04 23:00:00,0.6985,0.7245,0.6951,0.7107,258935.1
1741125600000,2025-03-05 00:00:00,0.7107,0.7136,0.706,0.706,71457.3
1741129200000,2025-03-05 01:00:00,0.706,0.71,0.7019,0.708,68288.9
1741132800000,2025-03-05 02:00:00,0.708,0.7104,0.7004,0.7024,63908.9
1741136400000,2025-03-05 03:00:00,0.7024,0.7051,0.6963,0.7035,111701.9
1741140000000,2025-03-05 04:00:00,0.7035,0.7071,0.6964,0.7018,102193.5
1741143600000,2025-03-05 05:00:00,0.7018,0.7048,0.689,0.689,156381.7
1741147200000,2025-03-05 06:00:00,0.689,0.6984,0.689,0.6975,64107.6
1741150800000,2025-03-05 07:00:00,0.6975,0.7037,0.6957,0.7026,70311.0
1741154400000,2025-03-05 08:00:00,0.7026,0.7113,0.6994,0.7103,135133.9
1741158000000,2025-03-05 09:00:00,0.7103,0.7166,0.7076,0.7159,86253.4
1741161600000,2025-03-05 10:00:00,0.7159,0.7234,0.7137,0.7197,195940.9
1741165200000,2025-03-05 11:00:00,0.7197,0.7327,0.7171,0.7263,230734.1
1741168800000,2025-03-05 12:00:00,0.7263,0.7414,0.7251,0.7315,180001.7
1741172400000,2025-03-05 13:00:00,0.7315,0.7335,0.7239,0.7259,327851.6
1741176000000,2025-03-05 14:00:00,0.7259,0.7345,0.7254,0.7323,196927.8
1741179600000,2025-03-05 15:00:00,0.7323,0.7335,0.7204,0.7253,147399.3
1741183200000,2025-03-05 16:00:00,0.7253,0.7263,0.7085,0.7128,200354.0
1741186800000,2025-03-05 17:00:00,0.7128,0.7239,0.7124,0.7199,269777.6
1741190400000,2025-03-05 18:00:00,0.7199,0.7233,0.7046,0.714,171605.0
1741194000000,2025-03-05 19:00:00,0.714,0.7273,0.7124,0.7226,138290.4
1741197600000,2025-03-05 20:00:00,0.7226,0.7317,0.7195,0.7308,74678.8
1741201200000,2025-03-05 21:00:00,0.7308,0.7368,0.7294,0.7344,58270.7
1741204800000,2025-03-05 22:00:00,0.7344,0.7411,0.7333,0.738,74714.4
1741208400000,2025-03-05 23:00:00,0.738,0.741,0.7324,0.7361,86725.0
1741212000000,2025-03-06 00:00:00,0.7361,0.7361,0.7312,0.733,38169.3
1741215600000,2025-03-06 01:00:00,0.733,0.7363,0.7302,0.7323,181789.0
1741219200000,2025-03-06 02:00:00,0.7323,0.7353,0.7252,0.726,236168.0
1741222800000,2025-03-06 03:00:00,0.726,0.738,0.7168,0.7281,270048.5
1741226400000,2025-03-06 04:00:00,0.7281,0.7363,0.7279,0.7342,301446.6
1741230000000,2025-03-06 05:00:00,0.7342,0.7409,0.7327,0.7362,218432.2
1741233600000,2025-03-06 06:00:00,0.7362,0.7408,0.7291,0.738,155303.7
1741237200000,2025-03-06 07:00:00,0.738,0.7454,0.7365,0.7425,95755.3
1741240800000,2025-03-06 08:00:00,0.7425,0.7428,0.7332,0.7339,85932.7
1741244400000,2025-03-06 09:00:00,0.7339,0.7358,0.7239,0.7259,113505.8
1741248000000,2025-03-06 10:00:00,0.7259,0.7355,0.7253,0.7321,120894.9
1741251600000,2025-03-06 11:00:00,0.7321,0.7321,0.7259,0.7302,156382.3
1741255200000,2025-03-06 12:00:00,0.7302,0.7394,0.7275,0.7374,62344.1
1741258800000,2025-03-06 13:00:00,0.7374,0.7391,0.7331,0.7352,69346.7
1741262400000,2025-03-06 14:00:00,0.7352,0.7365,0.7174,0.7214,253930.8
1741266000000,2025-03-06 15:00:00,0.7214,0.7233,0.714,0.7148,114240.1
1741269600000,2025-03-06 16:00:00,0.7148,0.7218,0.7075,0.7146,97176.8
1741273200000,2025-03-06 17:00:00,0.7146,0.7314,0.7137,0.7229,202719.1
1741276800000,2025-03-06 18:00:00,0.7229,0.7273,0.7126,0.7126,133553.4
1741280400000,2025-03-06 19:00:00,0.7126,0.7135,0.6992,0.7033,188414.5
1741284000000,2025-03-06 20:00:00,0.7033,0.7051,0.6952,0.6997,59609.4
1741287600000,2025-03-06 21:00:00,0.6997,0.7079,0.6955,0.7002,118251.0
1741291200000,2025-03-06 22:00:00,0.7002,0.7069,0.6998,0.7028,88834.3
1741294800000,2025-03-06 23:00:00,0.7028,0.7088,0.7001,0.7051,88723.4
1741298400000,2025-03-07 00:00:00,0.7051,0.7159,0.7048,0.7101,143546.3
1741302000000,2025-03-07 01:00:00,0.7101,0.7113,0.7009,0.7013,124369.4
1741305600000,2025-03-07 02:00:00,0.7013,0.7103,0.6633,0.6663,700038.6
1741309200000,2025-03-07 03:00:00,0.6663,0.6976,0.6622,0.694,296340.8
1741312800000,2025-03-07 04:00:00,0.694,0.7055,0.6916,0.6981,235284.3
1741316400000,2025-03-07 05:00:00,0.6981,0.6994,0.6894,0.6894,166910.7
1741320000000,2025-03-07 06:00:00,0.6894,0.6929,0.685,0.6852,99501.3
1741323600000,2025-03-07 07:00:00,0.6852,0.6954,0.684,0.691,69383.1
1741327200000,2025-03-07 08:00:00,0.691,0.6951,0.6867,0.6926,57944.7
1741330800000,2025-03-07 09:00:00,0.6926,0.6962,0.6904,0.695,128519.5
1741334400000,2025-03-07 10:00:00,0.695,0.6964,0.6867,0.6894,67299.1
1741338000000,2025-03-07 11:00:00,0.6894,0.7052,0.6887,0.6997,202491.5
1741341600000,2025-03-07 12:00:00,0.6997,0.7057,0.6975,0.7054,73276.4
1741345200000,2025-03-07 13:00:00,0.7054,0.7127,0.7054,0.7112,152601.9
1741348800000,2025-03-07 14:00:00,0.7112,0.7121,0.6995,0.7043,98956.4
1741352400000,2025-03-07 15:00:00,0.7043,0.7237,0.7028,0.7081,311263.8
1741356000000,2025-03-07 16:00:00,0.7081,0.7238,0.7011,0.7157,207729.5
1741359600000,2025-03-07 17:00:00,0.7157,0.7246,0.7075,0.7165,192666.4
1741363200000,2025-03-07 18:00:00,0.7165,0.7196,0.6996,0.7042,181857.8
1741366800000,2025-03-07 19:00:00,0.7042,0.7175,0.7003,0.7107,141845.4
1741370400000,2025-03-07 20:00:00,0.7107,0.7368,0.7092,0.7347,229218.0
1741374000000,2025-03-07 21:00:00,0.7347,0.7381,0.7222,0.725,100546.4
1741377600000,2025-03-07 22:00:00,0.725,0.7278,0.7122,0.7161,134446.8
1741381200000,2025-03-07 23:00:00,0.7161,0.7175,0.6995,0.7094,222030.6
1741384800000,2025-03-08 00:00:00,0.7094,0.7145,0.701,0.7114,85216.0
1741388400000,2025-03-08 01:00:00,0.7114,0.7114,0.6973,0.7024,75477.7
1741392000000,2025-03-08 02:00:00,0.7024,0.7031,0.6939,0.702,126179.4
1741395600000,2025-03-08 03:00:00,0.702,0.7029,0.6837,0.6931,166841.9
1741399200000,2025-03-08 04:00:00,0.6931,0.6959,0.6901,0.6953,65502.5
1741402800000,2025-03-08 05:00:00,0.6953,0.6981,0.6881,0.6964,58014.4
1741406400000,2025-03-08 06:00:00,0.6964,0.7042,0.6919,0.7042,164821.5
1741410000000,2025-03-08 07:00:00,0.7042,0.7043,0.6938,0.6954,51809.2
1741413600000,2025-03-08 08:00:00,0.6954,0.6972,0.6867,0.6886,101874.2
1741417200000,2025-03-08 09:00:00,0.6886,0.6925,0.6801,0.682,102762.3
1741420800000,2025-03-08 10:00:00,0.682,0.6859,0.6687,0.6703,234819.2
1741424400000,2025-03-08 11:00:00,0.6703,0.6812,0.6687,0.672,116429.0
1741428000000,2025-03-08 12:00:00,0.672,0.682,0.6712,0.6791,96005.5
1741431600000,2025-03-08 13:00:00,0.6791,0.6791,0.672,0.677,94433.3
1741435200000,2025-03-08 14:00:00,0.677,0.6812,0.6718,0.6799,222131.5
1741438800000,2025-03-08 15:00:00,0.6799,0.6853,0.6763,0.6841,301114.1
1741442400000,2025-03-08 16:00:00,0.6841,0.6889,0.6789,0.6809,303849.3
1741446000000,2025-03-08 17:00:00,0.6809,0.6833,0.6756,0.6786,184306.4
1741449600000,2025-03-08 18:00:00,0.6786,0.6794,0.6661,0.6747,248132.9
1741453200000,2025-03-08 19:00:00,0.6747,0.6875,0.6722,0.6824,108201.8
1741456800000,2025-03-08 20:00:00,0.6824,0.6882,0.681,0.6869,27313.8
1741460400000,2025-03-08 21:00:00,0.6869,0.693,0.6837,0.6912,76132.5
1741464000000,2025-03-08 22:00:00,0.6912,0.6916,0.6851,0.6851,81227.2
1741467600000,2025-03-08 23:00:00,0.6851,0.6878,0.6806,0.681,44568.0
1741471200000,2025-03-09 00:00:00,0.681,0.681,0.6684,0.6741,226620.2
1741474800000,2025-03-09 01:00:00,0.6741,0.6768,0.6695,0.6724,83936.3
1741478400000,2025-03-09 02:00:00,0.6724,0.68,0.6708,0.6756,112516.3
1741482000000,2025-03-09 03:00:00,0.6756,0.6779,0.6634,0.6642,237270.6
1741485600000,2025-03-09 04:00:00,0.6642,0.6655,0.6579,0.6588,237457.8
1741489200000,2025-03-09 05:00:00,0.6588,0.6659,0.6545,0.6634,252291.8
1741492800000,2025-03-09 06:00:00,0.6634,0.6668,0.6612,0.6653,83558.0
1741496400000,2025-03-09 07:00:00,0.6653,0.6699,0.6601,0.6605,73434.5
1741500000000,2025-03-09 08:00:00,0.6605,0.6605,0.6543,0.6563,70823.0
1741503600000,2025-03-09 09:00:00,0.6563,0.6645,0.6554,0.6614,67166.6
1741507200000,2025-03-09 10:00:00,0.6614,0.6634,0.6549,0.6551,75599.5
1741510800000,2025-03-09 11:00:00,0.6551,0.6575,0.65,0.6513,185061.9
1741514400000,2025-03-09 12:00:00,0.6513,0.6562,0.6385,0.6392,308977.8
1741518000000,2025-03-09 13:00:00,0.6392,0.6425,0.6363,0.6416,263119.7
1741521600000,2025-03-09 14:00:00,0.6416,0.6457,0.6348,0.6423,207005.5
1741525200000,2025-03-09 15:00:00,0.6423,0.6454,0.6279,0.6282,229135.2
1741528800000,2025-03-09 16:00:00,0.6282,0.6328,0.6187,0.6258,435935.9
1741532400000,2025-03-09 17:00:00,0.6258,0.6288,0.6109,0.6143,407752.1
1741536000000,2025-03-09 18:00:00,0.6143,0.6152,0.591,0.5921,629741.2
1741539600000,2025-03-09 19:00:00,0.5921,0.5945,0.5781,0.5802,564694.9
1741543200000,2025-03-09 20:00:00,0.5802,0.5899,0.5695,0.5836,622091.0
1741546800000,2025-03-09 21:00:00,0.5836,0.5895,0.5819,0.5864,252415.5
1741550400000,2025-03-09 22:00:00,0.5864,0.5933,0.5852,0.589,198630.7
1741554000000,2025-03-09 23:00:00,0.589,0.5908,0.5781,0.5789,176627.9
1741557600000,2025-03-10 00:00:00,0.5789,0.585,0.5728,0.5824,352936.2
1741561200000,2025-03-10 01:00:00,0.5824,0.59,0.5763,0.585,260802.3
1741564800000,2025-03-10 02:00:00,0.585,0.5984,0.577,0.5965,424443.2
1741568400000,2025-03-10 03:00:00,0.5965,0.6029,0.5925,0.5968,128264.9
1741572000000,2025-03-10 04:00:00,0.5968,0.6065,0.5954,0.6015,133042.2
1741575600000,2025-03-10 05:00:00,0.6015,0.6127,0.5988,0.6085,188606.5
1741579200000,2025-03-10 06:00:00,0.6085,0.6229,0.6083,0.6217,260754.2
1741582800000,2025-03-10 07:00:00,0.6217,0.6261,0.614,0.6181,233854.2
1741586400000,2025-03-10 08:00:00,0.6181,0.619,0.614,0.6185,144633.6
1741590000000,2025-03-10 09:00:00,0.6185,0.6262,0.6174,0.6262,165311.6
1741593600000,2025-03-10 10:00:00,0.6262,0.6277,0.6146,0.6233,255976.6
1741597200000,2025-03-10 11:00:00,0.6233,0.6545,0.6213,0.6284,637352.9
1741600800000,2025-03-10 12:00:00,0.6284,0.6308,0.6222,0.627,156137.0
1741604400000,2025-03-10 13:00:00,0.627,0.6409,0.6236,0.6376,187922.0
1741608000000,2025-03-10 14:00:00,0.6376,0.644,0.6341,0.6381,195827.0
1741611600000,2025-03-10 15:00:00,0.6381,0.64,0.6223,0.6247,310103.6
1741615200000,2025-03-10 16:00:00,0.6247,0.6247,0.6009,0.6056,563120.3
1741618800000,2025-03-10 17:00:00,0.6056,0.6213,0.603,0.6122,371106.6
1741622400000,2025-03-10 18:00:00,0.6122,0.6143,0.6025,0.6033,370201.1
1741626000000,2025-03-10 19:00:00,0.6033,0.6055,0.5793,0.5811,426227.4
1741629600000,2025-03-10 20:00:00,0.5811,0.5928,0.5562,0.5571,665662.3
1741633200000,2025-03-10 21:00:00,0.5571,0.5921,0.5547,0.5892,792006.1
1741636800000,2025-03-10 22:00:00,0.5892,0.5912,0.58,0.5863,325949.6
1741640400000,2025-03-10 23:00:00,0.5863,0.5922,0.5816,0.5838,163460.6
1741644000000,2025-03-11 00:00:00,0.5838,0.5894,0.5783,0.5794,511935.1
1741647600000,2025-03-11 01:00:00,0.5794,0.5882,0.5744,0.5749,462447.5
1741651200000,2025-03-11 02:00:00,0.5749,0.5845,0.5348,0.5507,1621641.8
1741654800000,2025-03-11 03:00:00,0.5507,0.5722,0.5386,0.5722,667742.6
1741658400000,2025-03-11 04:00:00,0.5722,0.5821,0.5701,0.5799,455447.5
1741662000000,2025-03-11 05:00:00,0.5799,0.5837,0.5773,0.5778,293699.0
1741665600000,2025-03-11 06:00:00,0.5778,0.5877,0.5754,0.5809,148632.6
1741669200000,2025-03-11 07:00:00,0.5809,0.5984,0.5803,0.5919,257847.7
1741672800000,2025-03-11 08:00:00,0.5919,0.5975,0.5892,0.5894,167695.4
1741676400000,2025-03-11 09:00:00,0.5894,0.6,0.5892,0.5955,695826.5
1741680000000,2025-03-11 10:00:00,0.5955,0.6048,0.5929,0.6015,262205.2
1741683600000,2025-03-11 11:00:00,0.6015,0.6052,0.5985,0.5996,126154.9
1741687200000,2025-03-11 12:00:00,0.5996,0.6031,0.5973,0.6003,149117.9
1741690800000,2025-03-11 13:00:00,0.6003,0.6022,0.5926,0.5979,268630.0
1741694400000,2025-03-11 14:00:00,0.5979,0.5992,0.5883,0.59,411996.4
1741698000000,2025-03-11 15:00:00,0.59,0.6093,0.5839,0.5979,1108119.9
1741701600000,2025-03-11 16:00:00,0.5979,0.6033,0.5705,0.5757,1411696.3
1741705200000,2025-03-11 17:00:00,0.5757,0.6016,0.5746,0.5989,455554.2
1741708800000,2025-03-11 18:00:00,0.5989,0.6113,0.595,0.6038,576103.7
1741712400000,2025-03-11 19:00:00,0.6038,0.605,0.5905,0.5949,283805.5
1741716000000,2025-03-11 20:00:00,0.5949,0.6276,0.5949,0.6216,511478.1
1741719600000,2025-03-11 21:00:00,0.6216,0.6245,0.6156,0.6172,223884.4
1741723200000,2025-03-11 22:00:00,0.6172,0.6185,0.611,0.6115,161079.4
1741726800000,2025-03-11 23:00:00,0.6115,0.6146,0.6082,0.6104,97227.8
1741730400000,2025-03-12 00:00:00,0.6104,0.6123,0.6063,0.6102,63748.7
1741734000000,2025-03-12 01:00:00,0.6102,0.6102,0.5977,0.6016,272007.0
1741737600000,2025-03-12 02:00:00,0.6016,0.6039,0.5939,0.598,147696.1
1741741200000,2025-03-12 03:00:00,0.598,0.6105,0.5973,0.6046,239109.6
1741744800000,2025-03-12 04:00:00,0.6046,0.6056,0.5945,0.5959,129296.8
1741748400000,2025-03-12 05:00:00,0.5959,0.5977,0.5859,0.5869,233103.7
1741752000000,2025-03-12 06:00:00,0.5869,0.5887,0.5814,0.5859,207654.8
1741755600000,2025-03-12 07:00:00,0.5859,0.5924,0.5846,0.5917,108938.9
1741759200000,2025-03-12 08:00:00,0.5917,0.5933,0.5866,0.5915,71237.1
1741762800000,2025-03-12 09:00:00,0.5915,0.6074,0.591,0.605,243098.0
1741766400000,2025-03-12 10:00:00,0.605,0.6156,0.6001,0.6115,243881.7
1741770000000,2025-03-12 11:00:00,0.6115,0.617,0.6005,0.604,304638.6
1741773600000,2025-03-12 12:00:00,0.604,0.6056,0.5989,0.6049,148506.7
1741777200000,2025-03-12 13:00:00,0.6049,0.6109,0.6044,0.6105,51301.7
1741780800000,2025-03-12 14:00:00,0.6105,0.6256,0.6069,0.6193,585893.0
1741784400000,2025-03-12 15:00:00,0.6193,0.6209,0.6001,0.6017,333827.5
1741788000000,2025-03-12 16:00:00,0.6017,0.6043,0.5897,0.5899,291600.1
1741791600000,2025-03-12 17:00:00,0.5899,0.5945,0.5819,0.5935,430846.9
1741795200000,2025-03-12 18:00:00,0.5935,0.6085,0.5926,0.6039,199355.4
1741798800000,2025-03-12 19:00:00,0.6039,0.6111,0.602,0.6025,158031.6
1741802400000,2025-03-12 20:00:00,0.6025,0.6091,0.601,0.6057,95267.5
1741806000000,2025-03-12 21:00:00,0.6057,0.6084,0.6003,0.6062,175326.1
1741809600000,2025-03-12 22:00:00,0.6062,0.6096,0.6046,0.6072,40901.4
1741813200000,2025-03-12 23:00:00,0.6072,0.614,0.6067,0.6098,50225.0
1741816800000,2025-03-13 00:00:00,0.6098,0.6163,0.6098,0.6124,156083.3
1741820400000,2025-03-13 01:00:00,0.6124,0.6165,0.6097,0.6148,139827.8
1741824000000,2025-03-13 02:00:00,0.6148,0.6181,0.6099,0.6101,97139.4
1741827600000,2025-03-13 03:00:00,0.6101,0.615,0.6078,0.612,67866.9
1741831200000,2025-03-13 04:00:00,0.612,0.6162,0.6072,0.6074,107472.9
1741834800000,2025-03-13 05:00:00,0.6074,0.6126,0.6047,0.6067,149412.6
1741838400000,2025-03-13 06:00:00,0.6067,0.609,0.602,0.6036,76940.2
1741842000000,2025-03-13 07:00:00,0.6036,0.6076,0.598,0.5995,105880.7
1741845600000,2025-03-13 08:00:00,0.5995,0.6015,0.5966,0.5985,83256.0
1741849200000,2025-03-13 09:00:00,0.5985,0.6048,0.5966,0.6017,59593.3
1741852800000,2025-03-13 10:00:00,0.6017,0.6058,0.596,0.6048,139628.5
1741856400000,2025-03-13 11:00:00,0.6048,0.6183,0.6048,0.6183,238894.0
1741860000000,2025-03-13 12:00:00,0.6183,0.6185,0.6111,0.6156,226161.2
1741863600000,2025-03-13 13:00:00,0.6156,0.6163,0.609,0.613,154388.6
1741867200000,2025-03-13 14:00:00,0.613,0.6229,0.6046,0.6065,296206.2
1741870800000,2025-03-13 15:00:00,0.6065,0.6129,0.5944,0.596,297284.0
1741874400000,2025-03-13 16:00:00,0.596,0.6053,0.5931,0.6018,272418.7
1741878000000,2025-03-13 17:00:00,0.6018,0.6042,0.5974,0.5999,196458.1
1741881600000,2025-03-13 18:00:00,0.5999,0.6016,0.5859,0.59,357185.6
1741885200000,2025-03-13 19:00:00,0.59,0.5925,0.5812,0.5836,168779.3
1741888800000,2025-03-13 20:00:00,0.5836,0.5915,0.5833,0.5903,113528.6
1741892400000,2025-03-13 21:00:00,0.5903,0.593,0.5861,0.5876,156112.3
1741896000000,2025-03-13 22:00:00,0.5876,0.591,0.5828,0.5842,182147.0
1741899600000,2025-03-13 23:00:00,0.5842,0.5886,0.5818,0.5886,108536.4
1741903200000,2025-03-14 00:00:00,0.5886,0.5987,0.5882,0.5985,110171.0
1741906800000,2025-03-14 01:00:00,0.5985,0.6009,0.5927,0.5933,104731.0
1741910400000,2025-03-14 02:00:00,0.5933,0.6012,0.5916,0.5953,1856696.2
1741914000000,2025-03-14 03:00:00,0.5953,0.5968,0.5911,0.595,1208636.9
1741917600000,2025-03-14 04:00:00,0.595,0.611,0.5938,0.6101,590920.6
1741921200000,2025-03-14 05:00:00,0.6101,0.6113,0.603,0.605,353112.7
1741924800000,2025-03-14 06:00:00,0.605,0.6077,0.6038,0.6044,97444.9
1741928400000,2025-03-14 07:00:00,0.6044,0.6063,0.6014,0.6053,83031.7
1741932000000,2025-03-14 08:00:00,0.6053,0.6072,0.6014,0.6069,63439.0
1741935600000,2025-03-14 09:00:00,0.6069,0.6083,0.6035,0.6046,94504.2
1741939200000,2025-03-14 10:00:00,0.6046,0.6179,0.6046,0.6145,216738.9
1741942800000,2025-03-14 11:00:00,0.6145,0.6167,0.61,0.6103,161064.8
1741946400000,2025-03-14 12:00:00,0.6103,0.6137,0.6078,0.6104,159330.4
1741950000000,2025-03-14 13:00:00,0.6104,0.6145,0.6104,0.6138,94903.9
1741953600000,2025-03-14 14:00:00,0.6138,0.616,0.6102,0.6135,50381.8
1741957200000,2025-03-14 15:00:00,0.6135,0.6186,0.6105,0.6169,143345.6
1741960800000,2025-03-14 16:00:00,0.6169,0.6199,0.609,0.6192,402603.3
1741964400000,2025-03-14 17:00:00,0.6192,0.6324,0.6192,0.6258,389751.9
1741968000000,2025-03-14 18:00:00,0.6258,0.6274,0.6208,0.6253,174468.0
1741971600000,2025-03-14 19:00:00,0.6253,0.6297,0.6202,0.6237,254743.7
1741975200000,2025-03-14 20:00:00,0.6237,0.625,0.6187,0.6229,163898.6
1741978800000,2025-03-14 21:00:00,0.6229,0.6288,0.6188,0.622,234616.0
1741982400000,2025-03-14 22:00:00,0.622,0.6227,0.6158,0.6184,100219.7
1741986000000,2025-03-14 23:00:00,0.6184,0.6208,0.6154,0.6208,51173.4
1741989600000,2025-03-15 00:00:00,0.6208,0.6258,0.62,0.6248,131546.9
1741993200000,2025-03-15 01:00:00,0.6248,0.625,0.6168,0.6172,141104.9
1741996800000,2025-03-15 02:00:00,0.6172,0.6207,0.6158,0.6183,99724.9
1742000400000,2025-03-15 03:00:00,0.6183,0.6189,0.6134,0.6158,67881.3
1742004000000,2025-03-15 04:00:00,0.6158,0.6191,0.6113,0.6191,95370.5
1742007600000,2025-03-15 05:00:00,0.6191,0.6263,0.619,0.626,142619.1
1742011200000,2025-03-15 06:00:00,0.626,0.6319,0.6238,0.6295,168033.7
1742014800000,2025-03-15 07:00:00,0.6295,0.6331,0.6276,0.6302,216785.4
1742018400000,2025-03-15 08:00:00,0.6302,0.6302,0.6254,0.6277,142810.7
1742022000000,2025-03-15 09:00:00,0.6277,0.6286,0.6226,0.6263,113987.3
1742025600000,2025-03-15 10:00:00,0.6263,0.6317,0.624,0.6305,164652.7
1742029200000,2025-03-15 11:00:00,0.6305,0.6333,0.6282,0.633,119618.3
1742032800000,2025-03-15 12:00:00,0.633,0.6332,0.6281,0.6312,86809.9
1742036400000,2025-03-15 13:00:00,0.6312,0.6394,0.6293,0.6384,158139.5
1742040000000,2025-03-15 14:00:00,0.6384,0.6418,0.6369,0.6382,144639.3
1742043600000,2025-03-15 15:00:00,0.6382,0.6397,0.636,0.6371,86155.6
1742047200000,2025-03-15 16:00:00,0.6371,0.6377,0.6305,0.6337,211692.9
1742050800000,2025-03-15 17:00:00,0.6337,0.6389,0.6333,0.6374,167421.4
1742054400000,2025-03-15 18:00:00,0.6374,0.647,0.6345,0.6426,254596.9
1742058000000,2025-03-15 19:00:00,0.6426,0.6501,0.6417,0.6461,357173.5
1742061600000,2025-03-15 20:00:00,0.6461,0.6494,0.6421,0.6466,750700.3
1742065200000,2025-03-15 21:00:00,0.6466,0.6481,0.6417,0.6441,198374.9
1742068800000,2025-03-15 22:00:00,0.6441,0.6523,0.6441,0.6515,265409.2
1742072400000,2025-03-15 23:00:00,0.6515,0.6565,0.6492,0.653,264829.8
1742076000000,2025-03-16 00:00:00,0.653,0.6594,0.6523,0.6537,271212.5
1742079600000,2025-03-16 01:00:00,0.6537,0.6557,0.6497,0.6525,186840.3
1742083200000,2025-03-16 02:00:00,0.6525,0.6532,0.6455,0.6459,148199.6
1742086800000,2025-03-16 03:00:00,0.6459,0.6473,0.6392,0.6409,247580.8
1742090400000,2025-03-16 04:00:00,0.6409,0.6446,0.6369,0.6383,169416.5
1742094000000,2025-03-16 05:00:00,0.6383,0.6426,0.6373,0.6425,79357.4
1742097600000,2025-03-16 06:00:00,0.6425,0.6466,0.6415,0.6456,176442.4
1742101200000,2025-03-16 07:00:00,0.6456,0.654,0.6453,0.6525,319773.6
1742104800000,2025-03-16 08:00:00,0.6525,0.6525,0.6465,0.647,133115.5
1742108400000,2025-03-16 09:00:00,0.647,0.6504,0.6431,0.6479,96534.4
1742112000000,2025-03-16 10:00:00,0.6479,0.6493,0.6431,0.6453,98647.2
1742115600000,2025-03-16 11:00:00,0.6453,0.6466,0.6357,0.6367,151434.5
1742119200000,2025-03-16 12:00:00,0.6367,0.6408,0.6343,0.6358,77399.7
1742122800000,2025-03-16 13:00:00,0.6358,0.6358,0.6204,0.6214,257161.6
1742126400000,2025-03-16 14:00:00,0.6214,0.6259,0.6193,0.6207,310148.8
1742130000000,2025-03-16 15:00:00,0.6207,0.6259,0.6105,0.6126,186206.9
1742133600000,2025-03-16 16:00:00,0.6126,0.6209,0.6123,0.6209,92129.4
1742137200000,2025-03-16 17:00:00,0.6209,0.6226,0.6136,0.618,73310.0
1742140800000,2025-03-16 18:00:00,0.618,0.6327,0.6162,0.6247,276010.8
1742144400000,2025-03-16 19:00:00,0.6247,0.6326,0.6207,0.6246,117936.6
1742148000000,2025-03-16 20:00:00,0.6246,0.6268,0.6172,0.6185,79440.5
1742151600000,2025-03-16 21:00:00,0.6185,0.6199,0.606,0.6069,308243.1
1742155200000,2025-03-16 22:00:00,0.6069,0.6119,0.6064,0.6119,124970.5
1742158800000,2025-03-16 23:00:00,0.6119,0.612,0.6065,0.6106,51154.3
1742162400000,2025-03-17 00:00:00,0.6106,0.6123,0.6022,0.6025,207142.5
1742166000000,2025-03-17 01:00:00,0.6025,0.6089,0.6007,0.6065,179346.0
1742169600000,2025-03-17 02:00:00,0.6065,0.6167,0.6059,0.6166,171075.4
1742173200000,2025-03-17 03:00:00,0.6166,0.6228,0.615,0.621,137934.1
1742176800000,2025-03-17 04:00:00,0.621,0.6287,0.6192,0.624,137296.3
1742180400000,2025-03-17 05:00:00,0.624,0.6297,0.624,0.6291,104903.8
1742184000000,2025-03-17 06:00:00,0.6291,0.6313,0.6248,0.6274,110516.2
1742187600000,2025-03-17 07:00:00,0.6274,0.6278,0.6232,0.6232,82445.9
1742191200000,2025-03-17 08:00:00,0.6232,0.6266,0.6171,0.6233,114291.0
1742194800000,2025-03-17 09:00:00,0.6233,0.6338,0.6221,0.6332,196108.4
1742198400000,2025-03-17 10:00:00,0.6332,0.6343,0.6279,0.6339,108777.8
1742202000000,2025-03-17 11:00:00,0.6339,0.6482,0.6337,0.6474,384448.1
1742205600000,2025-03-17 12:00:00,0.6474,0.6547,0.6452,0.6521,230542.0
1742209200000,2025-03-17 13:00:00,0.6521,0.6569,0.6469,0.6549,367232.8
1742212800000,2025-03-17 14:00:00,0.6549,0.6679,0.6481,0.6498,803258.1
1742216400000,2025-03-17 15:00:00,0.6498,0.6527,0.6446,0.6473,254949.7
1742220000000,2025-03-17 16:00:00,0.6473,0.654,0.6402,0.6508,372230.5
1742223600000,2025-03-17 17:00:00,0.6508,0.6563,0.6472,0.6519,191377.4
1742227200000,2025-03-17 18:00:00,0.6519,0.6575,0.6468,0.6488,114166.2
1742230800000,2025-03-17 19:00:00,0.6488,0.6588,0.6477,0.6569,245691.0
1742234400000,2025-03-17 20:00:00,0.6569,0.6629,0.6544,0.6613,154158.2
1742238000000,2025-03-17 21:00:00,0.6613,0.6623,0.6562,0.6574,136255.4
1742241600000,2025-03-17 22:00:00,0.6574,0.6654,0.6574,0.6612,228260.0
1742245200000,2025-03-17 23:00:00,0.6612,0.6677,0.6599,0.6662,134515.7
1742248800000,2025-03-18 00:00:00,0.6662,0.6703,0.661,0.6623,242090.8
1742252400000,2025-03-18 01:00:00,0.6623,0.6626,0.6545,0.6568,386245.7
1742256000000,2025-03-18 02:00:00,0.6568,0.6598,0.6526,0.6568,148115.3
1742259600000,2025-03-18 03:00:00,0.6568,0.6591,0.6449,0.6479,244433.9
1742263200000,2025-03-18 04:00:00,0.6479,0.6519,0.6459,0.6461,104074.1
1742266800000,2025-03-18 05:00:00,0.6461,0.6462,0.64,0.6423,88606.6
1742270400000,2025-03-18 06:00:00,0.6423,0.6474,0.6412,0.6433,63709.6
1742274000000,2025-03-18 07:00:00,0.6433,0.6469,0.6413,0.6443,87588.7
1742277600000,2025-03-18 08:00:00,0.6443,0.6447,0.6334,0.6362,222695.0
1742281200000,2025-03-18 09:00:00,0.6362,0.6463,0.6352,0.6451,132580.5
1742284800000,2025-03-18 10:00:00,0.6451,0.6566,0.6435,0.654,188153.4
1742288400000,2025-03-18 11:00:00,0.654,0.6642,0.6528,0.6558,318872.5
1742292000000,2025-03-18 12:00:00,0.6558,0.6603,0.6507,0.6531,150410.6
1742295600000,2025-03-18 13:00:00,0.6531,0.6537,0.6421,0.6426,153248.4
1742299200000,2025-03-18 14:00:00,0.6426,0.6456,0.639,0.6428,104067.2
1742302800000,2025-03-18 15:00:00,0.6428,0.6532,0.6372,0.6387,284272.3
1742306400000,2025-03-18 16:00:00,0.6387,0.6521,0.6358,0.6506,170473.3
1742310000000,2025-03-18 17:00:00,0.6506,0.6532,0.635,0.6365,269176.0
1742313600000,2025-03-18 18:00:00,0.6365,0.6426,0.6324,0.6371,169222.9
1742317200000,2025-03-18 19:00:00,0.6371,0.6376,0.6281,0.6292,119990.2
1742320800000,2025-03-18 20:00:00,0.6292,0.6351,0.628,0.6338,105901.0
1742324400000,2025-03-18 21:00:00,0.6338,0.642,0.6318,0.641,96375.9
1742328000000,2025-03-18 22:00:00,0.641,0.6424,0.6361,0.64,34800.5
1742331600000,2025-03-18 23:00:00,0.64,0.6439,0.6383,0.6411,58461.0
1742335200000,2025-03-19 00:00:00,0.6411,0.65,0.6404,0.6492,145875.6
1742338800000,2025-03-19 01:00:00,0.6492,0.6591,0.6488,0.659,199162.4
1742342400000,2025-03-19 02:00:00,0.659,0.6614,0.6545,0.6566,169807.7
1742346000000,2025-03-19 03:00:00,0.6566,0.6584,0.6479,0.6479,124730.4
1742349600000,2025-03-19 04:00:00,0.6479,0.6521,0.6464,0.6521,148870.5
1742353200000,2025-03-19 05:00:00,0.6521,0.6544,0.6474,0.6526,108349.7
1742356800000,2025-03-19 06:00:00,0.6526,0.6602,0.6507,0.6569,428972.3
1742360400000,2025-03-19 07:00:00,0.6569,0.659,0.6542,0.6556,293084.3
1742364000000,2025-03-19 08:00:00,0.6556,0.6567,0.6525,0.6551,183554.4
1742367600000,2025-03-19 09:00:00,0.6551,0.6551,0.6452,0.6454,246723.5
1742371200000,2025-03-19 10:00:00,0.6454,0.6539,0.6454,0.6529,157034.1
1742374800000,2025-03-19 11:00:00,0.6529,0.6592,0.6514,0.6547,138643.3
1742378400000,2025-03-19 12:00:00,0.6547,0.6674,0.6541,0.6588,336554.8
1742382000000,2025-03-19 13:00:00,0.6588,0.6746,0.6586,0.672,526283.1
1742385600000,2025-03-19 14:00:00,0.672,0.6769,0.6668,0.6747,445076.0
1742389200000,2025-03-19 15:00:00,0.6747,0.6851,0.67,0.6718,520073.8
1742392800000,2025-03-19 16:00:00,0.6718,0.6908,0.6718,0.6852,434243.1
1742396400000,2025-03-19 17:00:00,0.6852,0.696,0.683,0.6935,486552.6
1742400000000,2025-03-19 18:00:00,0.6935,0.7096,0.6925,0.6966,649853.6
1742403600000,2025-03-19 19:00:00,0.6966,0.6981,0.6808,0.6869,637190.4
1742407200000,2025-03-19 20:00:00,0.6869,0.7044,0.6783,0.7022,1933030.1
1742410800000,2025-03-19 21:00:00,0.7022,0.7061,0.6907,0.6943,421532.5
1742414400000,2025-03-19 22:00:00,0.6943,0.6995,0.6904,0.6934,68098.7
1742418000000,2025-03-19 23:00:00,0.6934,0.7015,0.6934,0.6972,96594.5
1742421600000,2025-03-20 00:00:00,0.6972,0.7063,0.6964,0.7009,122353.5
1742425200000,2025-03-20 01:00:00,0.7009,0.7031,0.6966,0.6992,164448.5
1742428800000,2025-03-20 02:00:00,0.6992,0.7048,0.6908,0.6938,245554.1
1742432400000,2025-03-20 03:00:00,0.6938,0.6977,0.688,0.6889,140636.7
1742436000000,2025-03-20 04:00:00,0.6889,0.6906,0.6857,0.6879,140299.3
1742439600000,2025-03-20 05:00:00,0.6879,0.6904,0.6847,0.6864,87595.6
1742443200000,2025-03-20 06:00:00,0.6864,0.6879,0.6813,0.6831,149614.1
1742446800000,2025-03-20 07:00:00,0.6831,0.685,0.6807,0.6832,54505.4
1742450400000,2025-03-20 08:00:00,0.6832,0.6881,0.6814,0.6843,182796.2
1742454000000,2025-03-20 09:00:00,0.6843,0.6843,0.677,0.6791,114470.0
1742457600000,2025-03-20 10:00:00,0.6791,0.6858,0.6786,0.6839,107523.9
1742461200000,2025-03-20 11:00:00,0.6839,0.685,0.6796,0.6816,86305.7
1742464800000,2025-03-20 12:00:00,0.6816,0.6816,0.6657,0.6681,317207.0
1742468400000,2025-03-20 13:00:00,0.6681,0.6717,0.6675,0.6697,165985.6
1742472000000,2025-03-20 14:00:00,0.6697,0.6754,0.6685,0.675,87352.5
1742475600000,2025-03-20 15:00:00,0.675,0.6768,0.6707,0.675,97371.6
1742479200000,2025-03-20 16:00:00,0.675,0.6821,0.675,0.6801,351924.9
1742482800000,2025-03-20 17:00:00,0.6801,0.6806,0.669,0.6702,204085.0
1742486400000,2025-03-20 18:00:00,0.6702,0.6748,0.6586,0.6622,263379.2
1742490000000,2025-03-20 19:00:00,0.6622,0.6753,0.6622,0.673,312297.2
1742493600000,2025-03-20 20:00:00,0.673,0.6779,0.6711,0.6716,390478.3
1742497200000,2025-03-20 21:00:00,0.6716,0.677,0.6692,0.6742,197753.2
1742500800000,2025-03-20 22:00:00,0.6742,0.6773,0.6734,0.675,40826.0
1742504400000,2025-03-20 23:00:00,0.675,0.6762,0.6693,0.6703,131731.1
1742508000000,2025-03-21 00:00:00,0.6703,0.6711,0.6654,0.6669,77321.4
1742511600000,2025-03-21 01:00:00,0.6669,0.6681,0.6637,0.6673,118673.6
1742515200000,2025-03-21 02:00:00,0.6673,0.6704,0.6642,0.6691,226449.4
1742518800000,2025-03-21 03:00:00,0.6691,0.6714,0.6661,0.6697,72347.4
1742522400000,2025-03-21 04:00:00,0.6697,0.6701,0.6646,0.667,72631.4
1742526000000,2025-03-21 05:00:00,0.667,0.6677,0.6622,0.6646,138557.1
1742529600000,2025-03-21 06:00:00,0.6646,0.6712,0.6645,0.6703,70117.9
1742533200000,2025-03-21 07:00:00,0.6703,0.6762,0.6685,0.6757,135595.3
1742536800000,2025-03-21 08:00:00,0.6757,0.6794,0.6714,0.673,113671.2
1742540400000,2025-03-21 09:00:00,0.673,0.6735,0.6618,0.6629,309110.1
1742544000000,2025-03-21 10:00:00,0.6629,0.6667,0.6536,0.6567,247819.2
1742547600000,2025-03-21 11:00:00,0.6567,0.6611,0.6529,0.6568,129020.8
1742551200000,2025-03-21 12:00:00,0.6568,0.6576,0.6485,0.6533,156241.7
1742554800000,2025-03-21 13:00:00,0.6533,0.657,0.6493,0.6568,182773.5
1742558400000,2025-03-21 14:00:00,0.6568,0.6614,0.6537,0.6544,211795.8
1742562000000,2025-03-21 15:00:00,0.6544,0.6596,0.651,0.6578,113772.2
1742565600000,2025-03-21 16:00:00,0.6578,0.6631,0.6527,0.6615,120703.1
1742569200000,2025-03-21 17:00:00,0.6615,0.6617,0.6555,0.6555,101631.5
1742572800000,2025-03-21 18:00:00,0.6555,0.6594,0.6529,0.6594,113813.4
1742576400000,2025-03-21 19:00:00,0.6594,0.6611,0.6559,0.6568,124820.6
1742580000000,2025-03-21 20:00:00,0.6568,0.663,0.6513,0.6608,220465.0
1742583600000,2025-03-21 21:00:00,0.6608,0.6624,0.6574,0.6589,75183.1
1742587200000,2025-03-21 22:00:00,0.6589,0.6623,0.6558,0.6613,161181.0
1742590800000,2025-03-21 23:00:00,0.6613,0.6671,0.6593,0.661,173633.7
1742594400000,2025-03-22 00:00:00,0.661,0.661,0.6549,0.6576,69872.0
1742598000000,2025-03-22 01:00:00,0.6576,0.6609,0.6565,0.6587,66773.4
1742601600000,2025-03-22 02:00:00,0.6587,0.6629,0.6585,0.6624,86278.7
1742605200000,2025-03-22 03:00:00,0.6624,0.6654,0.6587,0.6589,99711.5
1742608800000,2025-03-22 04:00:00,0.6589,0.6623,0.6567,0.66,45117.2
1742612400000,2025-03-22 05:00:00,0.66,0.6652,0.658,0.664,88489.9
1742616000000,2025-03-22 06:00:00,0.664,0.6714,0.6623,0.6696,208286.3
1742619600000,2025-03-22 07:00:00,0.6696,0.6766,0.6688,0.6766,138610.1
1742623200000,2025-03-22 08:00:00,0.6766,0.6805,0.6738,0.6744,121123.4
1742626800000,2025-03-22 09:00:00,0.6744,0.678,0.6738,0.676,55341.2
1742630400000,2025-03-22 10:00:00,0.676,0.679,0.6759,0.6768,74184.8
1742634000000,2025-03-22 11:00:00,0.6768,0.6821,0.6757,0.6791,82281.2
1742637600000,2025-03-22 12:00:00,0.6791,0.6818,0.6791,0.6805,66459.5
1742641200000,2025-03-22 13:00:00,0.6805,0.6842,0.675,0.6817,192550.0
1742644800000,2025-03-22 14:00:00,0.6817,0.6818,0.6762,0.678,45994.5
1742648400000,2025-03-22 15:00:00,0.678,0.678,0.6695,0.6699,233206.6
1742652000000,2025-03-22 16:00:00,0.6699,0.6705,0.6669,0.669,65106.0
1742655600000,2025-03-22 17:00:00,0.669,0.6761,0.6685,0.6756,66549.9
1742659200000,2025-03-22 18:00:00,0.6756,0.6804,0.6742,0.6793,157381.8
1742662800000,2025-03-22 19:00:00,0.6793,0.6864,0.6791,0.6863,73737.3
1742666400000,2025-03-22 20:00:00,0.6863,0.6914,0.685,0.6911,188545.7
1742670000000,2025-03-22 21:00:00,0.6911,0.6923,0.6863,0.6869,188909.6
1742673600000,2025-03-22 22:00:00,0.6869,0.6889,0.681,0.6817,88972.1
1742677200000,2025-03-22 23:00:00,0.6817,0.6823,0.6771,0.6783,58706.9
1742680800000,2025-03-23 00:00:00,0.6783,0.6794,0.6751,0.6767,156695.9
1742684400000,2025-03-23 01:00:00,0.6767,0.6768,0.6693,0.6718,170322.9
1742688000000,2025-03-23 02:00:00,0.6718,0.6753,0.6703,0.6727,146729.0
1742691600000,2025-03-23 03:00:00,0.6727,0.6797,0.6723,0.6778,175176.0
1742695200000,2025-03-23 04:00:00,0.6778,0.6787,0.6733,0.6757,127202.0
1742698800000,2025-03-23 05:00:00,0.6757,0.6763,0.6716,0.676,93855.8
1742702400000,2025-03-23 06:00:00,0.676,0.6768,0.6701,0.6708,69430.4
1742706000000,2025-03-23 07:00:00,0.6708,0.673,0.6673,0.673,105443.4
1742709600000,2025-03-23 08:00:00,0.673,0.6732,0.6699,0.6717,88278.6
1742713200000,2025-03-23 09:00:00,0.6717,0.6783,0.6705,0.676,62402.2
1742716800000,2025-03-23 10:00:00,0.676,0.6786,0.6749,0.6759,29798.8
1742720400000,2025-03-23 11:00:00,0.6759,0.6799,0.6759,0.6789,48873.0
1742724000000,2025-03-23 12:00:00,0.6789,0.6834,0.6773,0.6775,118532.4
1742727600000,2025-03-23 13:00:00,0.6775,0.6845,0.6775,0.6794,58312.4
1742731200000,2025-03-23 14:00:00,0.6794,0.6797,0.6707,0.6723,124167.6
1742734800000,2025-03-23 15:00:00,0.6723,0.6795,0.6677,0.6785,348108.9
1742738400000,2025-03-23 16:00:00,0.6785,0.6803,0.6688,0.6688,282663.7
1742742000000,2025-03-23 17:00:00,0.6688,0.6721,0.6681,0.6689,56440.7
1742745600000,2025-03-23 18:00:00,0.6689,0.6717,0.6669,0.6692,133789.7
1742749200000,2025-03-23 19:00:00,0.6692,0.6695,0.6561,0.659,271711.1
1742752800000,2025-03-23 20:00:00,0.659,0.6616,0.6563,0.6609,120026.6
1742756400000,2025-03-23 21:00:00,0.6609,0.6639,0.6598,0.6628,49831.1
1742760000000,2025-03-23 22:00:00,0.6628,0.6647,0.6601,0.6603,53610.9
1742763600000,2025-03-23 23:00:00,0.6603,0.6628,0.6578,0.6617,106726.5
1742767200000,2025-03-24 00:00:00,0.6617,0.6629,0.6586,0.6597,36602.6
1742770800000,2025-03-24 01:00:00,0.6597,0.6644,0.6593,0.6643,36727.6
1742774400000,2025-03-24 02:00:00,0.6643,0.6727,0.6607,0.665,288837.9
1742778000000,2025-03-24 03:00:00,0.665,0.6655,0.654,0.6543,189204.7
1742781600000,2025-03-24 04:00:00,0.6543,0.6583,0.6538,0.6576,77644.1
1742785200000,2025-03-24 05:00:00,0.6576,0.6733,0.6566,0.6733,93776.2
1742788800000,2025-03-24 06:00:00,0.6733,0.6843,0.6729,0.6835,324396.5
1742792400000,2025-03-24 07:00:00,0.6835,0.6913,0.6835,0.6899,182428.1
1742796000000,2025-03-24 08:00:00,0.6899,0.7,0.6878,0.6992,292639.5
1742799600000,2025-03-24 09:00:00,0.6992,0.6999,0.69,0.6911,142463.2
1742803200000,2025-03-24 10:00:00,0.6911,0.7005,0.6911,0.698,198707.5
1742806800000,2025-03-24 11:00:00,0.698,0.7008,0.6947,0.7007,163105.0
1742810400000,2025-03-24 12:00:00,0.7007,0.7018,0.6971,0.6999,163228.6
1742814000000,2025-03-24 13:00:00,0.6999,0.7007,0.6919,0.6927,177773.7
1742817600000,2025-03-24 14:00:00,0.6927,0.6959,0.69,0.694,165715.7
1742821200000,2025-03-24 15:00:00,0.694,0.6943,0.6872,0.6916,185080.8
1742824800000,2025-03-24 16:00:00,0.6916,0.7015,0.6877,0.688,216192.9
1742828400000,2025-03-24 17:00:00,0.688,0.694,0.6861,0.6928,115731.3
1742832000000,2025-03-24 18:00:00,0.6928,0.6936,0.6835,0.6858,128134.8
1742835600000,2025-03-24 19:00:00,0.6858,0.6943,0.6856,0.6927,178765.7
1742839200000,2025-03-24 20:00:00,0.6927,0.6977,0.6911,0.697,91199.2
1742842800000,2025-03-24 21:00:00,0.697,0.6978,0.6925,0.6951,43205.4
1742846400000,2025-03-24 22:00:00,0.6951,0.7025,0.6946,0.7015,88916.9
1742850000000,2025-03-24 23:00:00,0.7015,0.7091,0.6995,0.7081,84733.2
1742853600000,2025-03-25 00:00:00,0.7081,0.7105,0.7016,0.7054,134146.5
1742857200000,2025-03-25 01:00:00,0.7054,0.7084,0.6979,0.7042,200581.9
1742860800000,2025-03-25 02:00:00,0.7042,0.7111,0.7012,0.7052,275347.7
1742864400000,2025-03-25 03:00:00,0.7052,0.7054,0.6906,0.6939,125664.1
1742868000000,2025-03-25 04:00:00,0.6939,0.6961,0.6907,0.6925,41488.6
1742871600000,2025-03-25 05:00:00,0.6925,0.6929,0.6846,0.6861,86431.4
1742875200000,2025-03-25 06:00:00,0.6861,0.6883,0.6827,0.6869,80892.7
1742878800000,2025-03-25 07:00:00,0.6869,0.6934,0.6866,0.6918,41965.9
1742882400000,2025-03-25 08:00:00,0.6918,0.6965,0.6918,0.696,57123.4
1742886000000,2025-03-25 09:00:00,0.696,0.6992,0.6882,0.6895,248333.7
1742889600000,2025-03-25 10:00:00,0.6895,0.6954,0.6892,0.6948,58143.4
1742893200000,2025-03-25 11:00:00,0.6948,0.7029,0.6919,0.701,116073.8
1742896800000,2025-03-25 12:00:00,0.701,0.7041,0.6971,0.7004,71157.4
1742900400000,2025-03-25 13:00:00,0.7004,0.7042,0.6971,0.7028,103072.4
1742904000000,2025-03-25 14:00:00,0.7028,0.7038,0.6934,0.6939,136720.7
1742907600000,2025-03-25 15:00:00,0.6939,0.7013,0.6888,0.6907,265509.7
1742911200000,2025-03-25 16:00:00,0.6907,0.7025,0.6885,0.6993,139022.8
1742914800000,2025-03-25 17:00:00,0.6993,0.7097,0.6984,0.7017,352299.1
1742918400000,2025-03-25 18:00:00,0.7017,0.7041,0.6969,0.7031,192632.2
1742922000000,2025-03-25 19:00:00,0.7031,0.7083,0.7029,0.707,73065.7
1742925600000,2025-03-25 20:00:00,0.707,0.7082,0.6978,0.699,182466.5
1742929200000,2025-03-25 21:00:00,0.699,0.7036,0.6987,0.7022,48024.7
1742932800000,2025-03-25 22:00:00,0.7022,0.7077,0.7009,0.7012,121613.2
1742936400000,2025-03-25 23:00:00,0.7012,0.707,0.7012,0.7033,22758.7
1742940000000,2025-03-26 00:00:00,0.7033,0.7061,0.7005,0.7047,34611.4
1742943600000,2025-03-26 01:00:00,0.7047,0.705,0.6997,0.702,142025.9
1742947200000,2025-03-26 02:00:00,0.702,0.7064,0.6972,0.7043,157301.6
1742950800000,2025-03-26 03:00:00,0.7043,0.7097,0.7037,0.7094,190780.3
1742954400000,2025-03-26 04:00:00,0.7094,0.7095,0.6867,0.6896,242579.0
1742958000000,2025-03-26 05:00:00,0.6896,0.695,0.6887,0.6908,155291.3
1742961600000,2025-03-26 06:00:00,0.6908,0.6969,0.6901,0.6962,191092.6
1742965200000,2025-03-26 07:00:00,0.6962,0.7024,0.6943,0.7012,108166.0
1742968800000,2025-03-26 08:00:00,0.7012,0.7039,0.6979,0.7037,215356.2
1742972400000,2025-03-26 09:00:00,0.7037,0.7227,0.7023,0.7227,345645.3
1742976000000,2025-03-26 10:00:00,0.7227,0.7256,0.7127,0.7128,290098.6
1742979600000,2025-03-26 11:00:00,0.7128,0.7184,0.7112,0.7144,200248.2
1742983200000,2025-03-26 12:00:00,0.7144,0.7236,0.7144,0.7231,87285.0
1742986800000,2025-03-26 13:00:00,0.7231,0.7302,0.723,0.7284,177560.3
1742990400000,2025-03-26 14:00:00,0.7284,0.7285,0.7158,0.7188,175488.5
1742994000000,2025-03-26 15:00:00,0.7188,0.719,0.697,0.6984,297133.4
1742997600000,2025-03-26 16:00:00,0.6984,0.7013,0.6891,0.695,283597.4
1743001200000,2025-03-26 17:00:00,0.695,0.6975,0.6907,0.694,101495.8
1743004800000,2025-03-26 18:00:00,0.694,0.7029,0.6927,0.6967,89919.0
1743008400000,2025-03-26 19:00:00,0.6967,0.6998,0.6873,0.6907,121392.4
1743012000000,2025-03-26 20:00:00,0.6907,0.6943,0.6854,0.6861,72293.9
1743015600000,2025-03-26 21:00:00,0.6861,0.6876,0.6767,0.6838,135080.0
1743019200000,2025-03-26 22:00:00,0.6838,0.6915,0.6829,0.6887,86326.3
1743022800000,2025-03-26 23:00:00,0.6887,0.6905,0.6804,0.6882,78556.0
1743026400000,2025-03-27 00:00:00,0.6882,0.6884,0.6791,0.6844,103280.6
1743030000000,2025-03-27 01:00:00,0.6844,0.6852,0.68,0.685,98983.5
1743033600000,2025-03-27 02:00:00,0.685,0.6958,0.6842,0.6953,101326.1
1743037200000,2025-03-27 03:00:00,0.6953,0.6988,0.6944,0.6968,107357.8
1743040800000,2025-03-27 04:00:00,0.6968,0.7074,0.6967,0.7023,126222.9
1743044400000,2025-03-27 05:00:00,0.7023,0.7039,0.7012,0.7033,45654.6
1743048000000,2025-03-27 06:00:00,0.7033,0.7037,0.6983,0.7001,74726.2
1743051600000,2025-03-27 07:00:00,0.7001,0.7001,0.6944,0.6951,58274.7
1743055200000,2025-03-27 08:00:00,0.6951,0.6994,0.6942,0.6966,28069.3
1743058800000,2025-03-27 09:00:00,0.6966,0.6979,0.6888,0.6919,40130.1
1743062400000,2025-03-27 10:00:00,0.6919,0.6973,0.6892,0.6937,39908.6
1743066000000,2025-03-27 11:00:00,0.6937,0.6938,0.6879,0.688,117361.5
1743069600000,2025-03-27 12:00:00,0.688,0.6905,0.6822,0.6831,126391.9
1743073200000,2025-03-27 13:00:00,0.6831,0.6859,0.6775,0.6792,104488.5
1743076800000,2025-03-27 14:00:00,0.6792,0.6813,0.6747,0.6768,137063.9
1743080400000,2025-03-27 15:00:00,0.6768,0.6802,0.6643,0.6742,340000.1
1743084000000,2025-03-27 16:00:00,0.6742,0.6855,0.6711,0.6853,154861.2
1743087600000,2025-03-27 17:00:00,0.6853,0.6875,0.6785,0.6816,219376.2
1743091200000,2025-03-27 18:00:00,0.6816,0.6864,0.6773,0.6774,207242.0
1743094800000,2025-03-27 19:00:00,0.6774,0.6819,0.6724,0.6729,160075.1
1743098400000,2025-03-27 20:00:00,0.6729,0.6816,0.6726,0.6805,82538.9
1743102000000,2025-03-27 21:00:00,0.6805,0.6824,0.6773,0.6773,60229.8
1743105600000,2025-03-27 22:00:00,0.6773,0.6819,0.6748,0.6809,116696.9
1743109200000,2025-03-27 23:00:00,0.6809,0.6862,0.6782,0.6846,36605.3
1743112800000,2025-03-28 00:00:00,0.6846,0.6861,0.6826,0.6837,73866.6
1743116400000,2025-03-28 01:00:00,0.6837,0.6839,0.6788,0.6807,124869.6
1743120000000,2025-03-28 02:00:00,0.6807,0.684,0.6735,0.6838,312801.6
1743123600000,2025-03-28 03:00:00,0.6838,0.6904,0.681,0.6859,202987.6
1743127200000,2025-03-28 04:00:00,0.6859,0.689,0.6815,0.6818,265358.8
1743130800000,2025-03-28 05:00:00,0.6818,0.684,0.6748,0.6768,500864.5
1743134400000,2025-03-28 06:00:00,0.6768,0.6773,0.6525,0.6564,1494330.4
1743138000000,2025-03-28 07:00:00,0.6564,0.6564,0.6445,0.6464,773995.2
1743141600000,2025-03-28 08:00:00,0.6464,0.6512,0.6382,0.6393,684684.9
1743145200000,2025-03-28 09:00:00,0.6393,0.642,0.6342,0.6365,586611.7
1743148800000,2025-03-28 10:00:00,0.6365,0.6431,0.6362,0.6394,514583.0
1743152400000,2025-03-28 11:00:00,0.6394,0.6408,0.6357,0.6358,288767.0
1743156000000,2025-03-28 12:00:00,0.6358,0.6389,0.6319,0.6322,310477.0
1743159600000,2025-03-28 13:00:00,0.6322,0.6365,0.6282,0.6355,611873.1
1743163200000,2025-03-28 14:00:00,0.6355,0.6391,0.6286,0.629,552708.9
1743166800000,2025-03-28 15:00:00,0.629,0.6366,0.6286,0.6302,573639.2
1743170400000,2025-03-28 16:00:00,0.6302,0.6332,0.6279,0.6309,278355.1
1743174000000,2025-03-28 17:00:00,0.6309,0.6342,0.629,0.6294,272164.5
1743177600000,2025-03-28 18:00:00,0.6294,0.632,0.617,0.6195,342616.5
1743181200000,2025-03-28 19:00:00,0.6195,0.6249,0.6195,0.623,117967.2
1743184800000,2025-03-28 20:00:00,0.623,0.6244,0.6204,0.6222,41565.3
1743188400000,2025-03-28 21:00:00,0.6222,0.6236,0.6157,0.6185,159339.9
1743192000000,2025-03-28 22:00:00,0.6185,0.6252,0.6169,0.6175,174385.2
1743195600000,2025-03-28 23:00:00,0.6175,0.6222,0.6164,0.621,48946.5
1743199200000,2025-03-29 00:00:00,0.621,0.6286,0.6209,0.6283,53928.8
1743202800000,2025-03-29 01:00:00,0.6283,0.6293,0.6236,0.6249,89890.5
1743206400000,2025-03-29 02:00:00,0.6249,0.6299,0.6236,0.6258,74189.9
1743210000000,2025-03-29 03:00:00,0.6258,0.6292,0.6242,0.6263,49301.0
1743213600000,2025-03-29 04:00:00,0.6263,0.6271,0.6143,0.6151,83690.4
1743217200000,2025-03-29 05:00:00,0.6151,0.6239,0.6041,0.6216,496350.6
1743220800000,2025-03-29 06:00:00,0.6216,0.6232,0.6168,0.6183,50464.5
1743224400000,2025-03-29 07:00:00,0.6183,0.6184,0.6113,0.6138,102156.5
1743228000000,2025-03-29 08:00:00,0.6138,0.6139,0.6053,0.6085,216839.7
1743231600000,2025-03-29 09:00:00,0.6085,0.6103,0.5997,0.605,82535.3
1743235200000,2025-03-29 10:00:00,0.605,0.6101,0.6043,0.6087,121562.4
1743238800000,2025-03-29 11:00:00,0.6087,0.6095,0.5959,0.6029,253047.7
1743242400000,2025-03-29 12:00:00,0.6029,0.6052,0.5966,0.5979,167167.3
1743246000000,2025-03-29 13:00:00,0.5979,0.5995,0.5867,0.5912,321444.3
1743249600000,2025-03-29 14:00:00,0.5912,0.5987,0.5902,0.5977,64018.4
1743253200000,2025-03-29 15:00:00,0.5977,0.6024,0.5976,0.6006,75749.8
1743256800000,2025-03-29 16:00:00,0.6006,0.6009,0.5901,0.5917,49202.9
1743260400000,2025-03-29 17:00:00,0.5917,0.5951,0.5905,0.5914,55065.4
1743264000000,2025-03-29 18:00:00,0.5914,0.5943,0.5819,0.5827,84897.4
1743267600000,2025-03-29 19:00:00,0.5827,0.5871,0.5716,0.5814,362873.3
1743271200000,2025-03-29 20:00:00,0.5814,0.5876,0.5802,0.5824,53219.5
1743274800000,2025-03-29 21:00:00,0.5824,0.5858,0.5779,0.5838,96322.4
1743278400000,2025-03-29 22:00:00,0.5838,0.5841,0.5732,0.5742,49581.7
1743282000000,2025-03-29 23:00:00,0.5742,0.5805,0.5734,0.5791,25809.7
1743285600000,2025-03-30 00:00:00,0.5791,0.5805,0.5759,0.5789,47174.5
1743289200000,2025-03-30 01:00:00,0.5789,0.586,0.5771,0.5847,58109.7
1743292800000,2025-03-30 02:00:00,0.5847,0.5856,0.5744,0.5815,131721.6
1743296400000,2025-03-30 03:00:00,0.5815,0.5928,0.5815,0.5892,214198.9
1743300000000,2025-03-30 04:00:00,0.5892,0.5992,0.5884,0.5966,290097.1
1743303600000,2025-03-30 05:00:00,0.5966,0.601,0.5931,0.5945,129008.0
1743307200000,2025-03-30 06:00:00,0.5945,0.5995,0.5944,0.5978,43164.5
1743310800000,2025-03-30 07:00:00,0.5978,0.5992,0.5936,0.5947,46596.9
1743314400000,2025-03-30 08:00:00,0.5947,0.6001,0.591,0.5983,120656.0
1743318000000,2025-03-30 09:00:00,0.5983,0.5993,0.596,0.5966,33047.5
1743321600000,2025-03-30 10:00:00,0.5966,0.5996,0.5961,0.5992,52154.8
1743325200000,2025-03-30 11:00:00,0.5992,0.6015,0.5981,0.5982,38068.9
1743328800000,2025-03-30 12:00:00,0.5982,0.6007,0.5915,0.5922,52726.8
1743332400000,2025-03-30 13:00:00,0.5922,0.5976,0.5907,0.593,91526.8
1743336000000,2025-03-30 14:00:00,0.593,0.5961,0.5908,0.5931,41304.5
1743339600000,2025-03-30 15:00:00,0.5931,0.5957,0.5854,0.586,157591.5
1743343200000,2025-03-30 16:00:00,0.586,0.5905,0.5838,0.5883,62190.5
1743346800000,2025-03-30 17:00:00,0.5883,0.5938,0.5882,0.5888,41355.6
1743350400000,2025-03-30 18:00:00,0.5888,0.5906,0.5797,0.5823,125639.5
1743354000000,2025-03-30 19:00:00,0.5823,0.5893,0.5802,0.5891,99343.4
1743357600000,2025-03-30 20:00:00,0.5891,0.5976,0.5891,0.5975,58382.8
1743361200000,2025-03-30 21:00:00,0.5975,0.6004,0.5957,0.5958,59598.3
1743364800000,2025-03-30 22:00:00,0.5958,0.5961,0.5908,0.5908,80312.8
1743368400000,2025-03-30 23:00:00,0.5908,0.5942,0.5872,0.5882,35865.0
1743372000000,2025-03-31 00:00:00,0.5882,0.5918,0.5767,0.5897,126591.5
1743375600000,2025-03-31 01:00:00,0.5897,0.5901,0.5803,0.5831,98646.8
1743379200000,2025-03-31 02:00:00,0.5831,0.5848,0.5704,0.5741,144196.8
1743382800000,2025-03-31 03:00:00,0.5741,0.5907,0.5736,0.5897,123061.8
1743386400000,2025-03-31 04:00:00,0.5897,0.5921,0.5843,0.5871,74881.3
1743390000000,2025-03-31 05:00:00,0.5871,0.5888,0.5781,0.5791,117763.8
1743393600000,2025-03-31 06:00:00,0.5791,0.5845,0.5764,0.5835,32714.0
1743397200000,2025-03-31 07:00:00,0.5835,0.5898,0.5831,0.5852,127286.3
1743400800000,2025-03-31 08:00:00,0.5852,0.5868,0.58,0.5812,133449.2
1743404400000,2025-03-31 09:00:00,0.5812,0.5858,0.5718,0.5758,127244.9
1743408000000,2025-03-31 10:00:00,0.5758,0.5828,0.5738,0.5738,93509.1
1743411600000,2025-03-31 11:00:00,0.5738,0.5767,0.5649,0.5698,162289.1
1743415200000,2025-03-31 12:00:00,0.5698,0.5819,0.5655,0.5799,144796.5
1743418800000,2025-03-31 13:00:00,0.5799,0.5875,0.5766,0.5848,155160.5
1743422400000,2025-03-31 14:00:00,0.5848,0.5966,0.5818,0.5932,101782.6
1743426000000,2025-03-31 15:00:00,0.5932,0.5941,0.5781,0.5837,179989.1
1743429600000,2025-03-31 16:00:00,0.5837,0.6002,0.5837,0.598,283252.3
1743433200000,2025-03-31 17:00:00,0.598,0.6021,0.5956,0.5956,180006.1
1743436800000,2025-03-31 18:00:00,0.5956,0.5992,0.5909,0.592,148683.4
1743440400000,2025-03-31 19:00:00,0.592,0.5954,0.5867,0.5888,93680.2
1743444000000,2025-03-31 20:00:00,0.5888,0.6012,0.5887,0.5987,178668.6
1743447600000,2025-03-31 21:00:00,0.5987,0.6014,0.5908,0.5914,127025.3
1743451200000,2025-03-31 22:00:00,0.5914,0.5966,0.5888,0.5894,62393.1
1743454800000,2025-03-31 23:00:00,0.5894,0.5923,0.5879,0.5879,77549.6
1743458400000,2025-04-01 00:00:00,0.5879,0.5881,0.5833,0.5849,78433.8
1743462000000,2025-04-01 01:00:00,0.5849,0.5887,0.5839,0.5848,55173.3
1743465600000,2025-04-01 02:00:00,0.5848,0.5927,0.5841,0.5912,135677.0
1743469200000,2025-04-01 03:00:00,0.5912,0.5915,0.5869,0.5896,52957.0
1743472800000,2025-04-01 04:00:00,0.5896,0.5987,0.588,0.5983,98626.3
1743476400000,2025-04-01 05:00:00,0.5983,0.6002,0.5958,0.5971,93339.8
1743480000000,2025-04-01 06:00:00,0.5971,0.6001,0.5964,0.599,70647.9
1743483600000,2025-04-01 07:00:00,0.599,0.6044,0.5981,0.599,136749.7
1743487200000,2025-04-01 08:00:00,0.599,0.6076,0.5975,0.6047,106111.0
1743490800000,2025-04-01 09:00:00,0.6047,0.6134,0.6027,0.6082,266889.2
1743494400000,2025-04-01 10:00:00,0.6082,0.6201,0.6079,0.6171,229631.4
1743498000000,2025-04-01 11:00:00,0.6171,0.6207,0.6147,0.6167,108739.9
1743501600000,2025-04-01 12:00:00,0.6167,0.617,0.6037,0.6042,106719.9
1743505200000,2025-04-01 13:00:00,0.6042,0.6045,0.598,0.6001,147952.5
1743508800000,2025-04-01 14:00:00,0.6001,0.6063,0.5975,0.6002,166368.2
1743512400000,2025-04-01 15:00:00,0.6002,0.6064,0.5986,0.6039,109915.9
1743516000000,2025-04-01 16:00:00,0.6039,0.6124,0.5913,0.6105,205544.3
1743519600000,2025-04-01 17:00:00,0.6105,0.6214,0.6095,0.6157,140583.2
1743523200000,2025-04-01 18:00:00,0.6157,0.6195,0.612,0.6143,93252.8
1743526800000,2025-04-01 19:00:00,0.6143,0.6154,0.6091,0.6096,76340.1
1743530400000,2025-04-01 20:00:00,0.6096,0.6097,0.6019,0.604,79765.0
1743534000000,2025-04-01 21:00:00,0.604,0.6041,0.5995,0.6015,46767.1
1743537600000,2025-04-01 22:00:00,0.6015,0.6063,0.5984,0.6059,100332.4
1743541200000,2025-04-01 23:00:00,0.6059,0.6119,0.6056,0.6087,60148.1
1743544800000,2025-04-02 00:00:00,0.6087,0.6117,0.6074,0.6074,38758.0
1743548400000,2025-04-02 01:00:00,0.6074,0.6099,0.6026,0.6059,72058.1
1743552000000,2025-04-02 02:00:00,0.6059,0.6073,0.5944,0.5944,157930.4
1743555600000,2025-04-02 03:00:00,0.5944,0.5951,0.5885,0.591,115111.7
1743559200000,2025-04-02 04:00:00,0.591,0.5928,0.5796,0.5858,209814.3
1743562800000,2025-04-02 05:00:00,0.5858,0.5953,0.5848,0.5896,163478.2
1743566400000,2025-04-02 06:00:00,0.5896,0.5912,0.5831,0.5848,165690.0
1743570000000,2025-04-02 07:00:00,0.5848,0.5848,0.5734,0.5747,111670.0
1743573600000,2025-04-02 08:00:00,0.5747,0.5783,0.571,0.571,90434.1
1743577200000,2025-04-02 09:00:00,0.571,0.5842,0.5707,0.5778,374882.0
1743580800000,2025-04-02 10:00:00,0.5778,0.5844,0.5763,0.5809,104596.9
1743584400000,2025-04-02 11:00:00,0.5809,0.5904,0.5807,0.5843,136472.3
1743588000000,2025-04-02 12:00:00,0.5843,0.5863,0.5781,0.5791,89908.3
1743591600000,2025-04-02 13:00:00,0.5791,0.5815,0.5774,0.5788,94372.8
1743595200000,2025-04-02 14:00:00,0.5788,0.5795,0.5734,0.5785,68980.2
1743598800000,2025-04-02 15:00:00,0.5785,0.5875,0.5666,0.5801,398698.1
1743602400000,2025-04-02 16:00:00,0.5801,0.5836,0.5748,0.5816,186154.2
1743606000000,2025-04-02 17:00:00,0.5816,0.6026,0.5805,0.5986,577549.0
1743609600000,2025-04-02 18:00:00,0.5986,0.6033,0.596,0.5976,159334.4
1743613200000,2025-04-02 19:00:00,0.5976,0.6014,0.586,0.5895,112401.0
1743616800000,2025-04-02 20:00:00,0.5895,0.5965,0.5867,0.5944,84989.3
1743620400000,2025-04-02 21:00:00,0.5944,0.5988,0.5926,0.5982,54810.7
1743624000000,2025-04-02 22:00:00,0.5982,0.6153,0.5825,0.5908,864473.4
1743627600000,2025-04-02 23:00:00,0.5908,0.5918,0.5789,0.5837,175764.3
1743631200000,2025-04-03 00:00:00,0.5837,0.5837,0.5448,0.546,1265353.1
1743634800000,2025-04-03 01:00:00,0.546,0.5585,0.5392,0.551,706487.2
1743638400000,2025-04-03 02:00:00,0.551,0.5699,0.5497,0.5697,424827.6
1743642000000,2025-04-03 03:00:00,0.5697,0.5768,0.5666,0.5736,230878.4
1743645600000,2025-04-03 04:00:00,0.5736,0.5866,0.5723,0.5856,533933.0
1743649200000,2025-04-03 05:00:00,0.5856,0.5858,0.5743,0.5768,162514.7
1743652800000,2025-04-03 06:00:00,0.5768,0.5837,0.5749,0.5808,116994.0
1743656400000,2025-04-03 07:00:00,0.5808,0.5821,0.5748,0.5756,102459.3
1743660000000,2025-04-03 08:00:00,0.5756,0.579,0.5718,0.572,119505.5
1743663600000,2025-04-03 09:00:00,0.572,0.5729,0.5611,0.566,191978.2
1743667200000,2025-04-03 10:00:00,0.566,0.5695,0.5631,0.5667,203803.1
1743670800000,2025-04-03 11:00:00,0.5667,0.5667,0.5584,0.5587,136519.4
1743674400000,2025-04-03 12:00:00,0.5587,0.5607,0.5481,0.5495,254190.9
1743678000000,2025-04-03 13:00:00,0.5495,0.5533,0.5439,0.5516,280991.3
1743681600000,2025-04-03 14:00:00,0.5516,0.5548,0.5358,0.5368,286685.0
1743685200000,2025-04-03 15:00:00,0.5368,0.5511,0.5349,0.5484,311605.0
1743688800000,2025-04-03 16:00:00,0.5484,0.549,0.5348,0.5358,381839.2
1743692400000,2025-04-03 17:00:00,0.5358,0.5531,0.5352,0.551,298067.7
1743696000000,2025-04-03 18:00:00,0.551,0.554,0.5463,0.5471,161724.0
1743699600000,2025-04-03 19:00:00,0.5471,0.5521,0.5453,0.5497,60830.6
1743703200000,2025-04-03 20:00:00,0.5497,0.5602,0.5478,0.5564,80292.1
1743706800000,2025-04-03 21:00:00,0.5564,0.5619,0.5542,0.5572,223229.8
1743710400000,2025-04-03 22:00:00,0.5572,0.5646,0.5559,0.5622,128866.5
1743714000000,2025-04-03 23:00:00,0.5622,0.5673,0.5602,0.5669,61939.6
1743717600000,2025-04-04 00:00:00,0.5669,0.5691,0.5626,0.5631,146626.6
1743721200000,2025-04-04 01:00:00,0.5631,0.5684,0.5607,0.5673,174606.3
1743724800000,2025-04-04 02:00:00,0.5673,0.5702,0.5629,0.5632,130514.2
1743728400000,2025-04-04 03:00:00,0.5632,0.5668,0.5568,0.558,168277.4
1743732000000,2025-04-04 04:00:00,0.558,0.5683,0.558,0.5629,74727.3
1743735600000,2025-04-04 05:00:00,0.5629,0.5648,0.5582,0.5604,161817.9
1743739200000,2025-04-04 06:00:00,0.5604,0.5617,0.5558,0.5575,73545.1
1743742800000,2025-04-04 07:00:00,0.5575,0.5695,0.5549,0.5679,185024.4
1743746400000,2025-04-04 08:00:00,0.5679,0.5705,0.5623,0.5623,86392.0
1743750000000,2025-04-04 09:00:00,0.5623,0.5685,0.5617,0.5671,108794.7
1743753600000,2025-04-04 10:00:00,0.5671,0.5752,0.5669,0.5708,130070.1
1743757200000,2025-04-04 11:00:00,0.5708,0.5727,0.5677,0.5708,92064.7
1743760800000,2025-04-04 12:00:00,0.5708,0.5719,0.5493,0.5497,428112.2
1743764400000,2025-04-04 13:00:00,0.5497,0.5517,0.5393,0.5504,389417.9
1743768000000,2025-04-04 14:00:00,0.5504,0.5589,0.5463,0.5576,314713.8
1743771600000,2025-04-04 15:00:00,0.5576,0.5631,0.55,0.5619,389288.3
1743775200000,2025-04-04 16:00:00,0.5619,0.5636,0.5513,0.5605,199672.6
1743778800000,2025-04-04 17:00:00,0.5605,0.5748,0.5599,0.5645,739565.0
1743782400000,2025-04-04 18:00:00,0.5645,0.5701,0.5615,0.5648,191747.3
1743786000000,2025-04-04 19:00:00,0.5648,0.575,0.5612,0.5725,218378.2
1743789600000,2025-04-04 20:00:00,0.5725,0.5747,0.5639,0.5639,96261.3
1743793200000,2025-04-04 21:00:00,0.5639,0.5691,0.5633,0.5669,201145.3
1743796800000,2025-04-04 22:00:00,0.5669,0.5715,0.5645,0.57,48444.8
1743800400000,2025-04-04 23:00:00,0.57,0.5732,0.5685,0.5709,31683.8
1743804000000,2025-04-05 00:00:00,0.5709,0.5715,0.5668,0.567,61843.3
1743807600000,2025-04-05 01:00:00,0.567,0.5681,0.5639,0.5681,49875.0
1743811200000,2025-04-05 02:00:00,0.5681,0.5723,0.5669,0.5718,154628.7
1743814800000,2025-04-05 03:00:00,0.5718,0.573,0.5692,0.5692,120704.8
1743818400000,2025-04-05 04:00:00,0.5692,0.5694,0.566,0.5664,53695.1
1743822000000,2025-04-05 05:00:00,0.5664,0.5667,0.5631,0.5634,94971.8
1743825600000,2025-04-05 06:00:00,0.5634,0.5646,0.5597,0.5606,42904.3
1743829200000,2025-04-05 07:00:00,0.5606,0.5655,0.5606,0.5628,32356.2
1743832800000,2025-04-05 08:00:00,0.5628,0.5654,0.5617,0.563,43583.0
1743836400000,2025-04-05 09:00:00,0.563,0.5692,0.5621,0.5681,43180.6
1743840000000,2025-04-05 10:00:00,0.5681,0.5688,0.566,0.5678,48813.9
1743843600000,2025-04-05 11:00:00,0.5678,0.5706,0.5675,0.5701,72960.1
1743847200000,2025-04-05 12:00:00,0.5701,0.5708,0.5663,0.5671,112804.9
1743850800000,2025-04-05 13:00:00,0.5671,0.5675,0.5623,0.5624,58937.0
1743854400000,2025-04-05 14:00:00,0.5624,0.5633,0.5562,0.5589,210239.1
1743858000000,2025-04-05 15:00:00,0.5589,0.5595,0.5502,0.5512,128777.0
1743861600000,2025-04-05 16:00:00,0.5512,0.5556,0.5507,0.554,86019.8
1743865200000,2025-04-05 17:00:00,0.554,0.554,0.5449,0.5462,185328.9
1743868800000,2025-04-05 18:00:00,0.5462,0.55,0.546,0.5484,137688.1
1743872400000,2025-04-05 19:00:00,0.5484,0.5505,0.5468,0.5477,49483.8
1743876000000,2025-04-05 20:00:00,0.5477,0.5517,0.5474,0.55,81158.7
1743879600000,2025-04-05 21:00:00,0.55,0.551,0.5452,0.5461,185778.6
1743883200000,2025-04-05 22:00:00,0.5461,0.5503,0.5445,0.5483,113270.5
1743886800000,2025-04-05 23:00:00,0.5483,0.55,0.5458,0.5462,68520.0
1743890400000,2025-04-06 00:00:00,0.5462,0.5489,0.5461,0.5484,44180.9
1743894000000,2025-04-06 01:00:00,0.5484,0.5553,0.5475,0.5541,115886.3
1743897600000,2025-04-06 02:00:00,0.5541,0.5557,0.5515,0.5541,85926.1
1743901200000,2025-04-06 03:00:00,0.5541,0.5568,0.552,0.5525,48198.3
1743904800000,2025-04-06 04:00:00,0.5525,0.5526,0.5492,0.5492,56575.3
1743908400000,2025-04-06 05:00:00,0.5492,0.5513,0.5481,0.5511,16277.3
1743912000000,2025-04-06 06:00:00,0.5511,0.5511,0.5475,0.5505,12706.9
1743915600000,2025-04-06 07:00:00,0.5505,0.556,0.5505,0.5554,23211.0
1743919200000,2025-04-06 08:00:00,0.5554,0.5564,0.5508,0.5508,43093.3
1743922800000,2025-04-06 09:00:00,0.5508,0.5511,0.5474,0.5497,227032.8
1743926400000,2025-04-06 10:00:00,0.5497,0.551,0.544,0.5507,200685.9
1743930000000,2025-04-06 11:00:00,0.5507,0.5521,0.5476,0.5486,173449.1
1743933600000,2025-04-06 12:00:00,0.5486,0.5489,0.5415,0.5428,194601.1
1743937200000,2025-04-06 13:00:00,0.5428,0.5439,0.5403,0.5438,104399.1
1743940800000,2025-04-06 14:00:00,0.5438,0.5451,0.5354,0.5354,133844.5
1743944400000,2025-04-06 15:00:00,0.5354,0.538,0.5228,0.5242,428940.7
1743948000000,2025-04-06 16:00:00,0.5242,0.5348,0.5215,0.5346,264477.8
1743951600000,2025-04-06 17:00:00,0.5346,0.5357,0.5307,0.5311,91052.6
1743955200000,2025-04-06 18:00:00,0.5311,0.5321,0.5219,0.5237,252203.5
1743958800000,2025-04-06 19:00:00,0.5237,0.5243,0.506,0.5095,604129.9
1743962400000,2025-04-06 20:00:00,0.5095,0.5096,0.4957,0.4982,570419.8
1743966000000,2025-04-06 21:00:00,0.4982,0.5029,0.4926,0.5004,593709.2
1743969600000,2025-04-06 22:00:00,0.5004,0.5024,0.4801,0.4863,684758.4
1743973200000,2025-04-06 23:00:00,0.4863,0.4947,0.4855,0.489,140115.3
1743976800000,2025-04-07 00:00:00,0.489,0.5005,0.4844,0.4909,355359.4
1743980400000,2025-04-07 01:00:00,0.4909,0.493,0.4731,0.4879,843171.0
1743984000000,2025-04-07 02:00:00,0.4879,0.4922,0.4822,0.4888,412181.9
1743987600000,2025-04-07 03:00:00,0.4888,0.5094,0.4888,0.5006,449736.1
1743991200000,2025-04-07 04:00:00,0.5006,0.5026,0.4904,0.4913,184491.6
1743994800000,2025-04-07 05:00:00,0.4913,0.4928,0.4726,0.4803,642007.6
1743998400000,2025-04-07 06:00:00,0.4803,0.4912,0.4784,0.4886,409638.3
1744002000000,2025-04-07 07:00:00,0.4886,0.4923,0.484,0.4864,631153.3
1744005600000,2025-04-07 08:00:00,0.4864,0.4916,0.4505,0.4586,2322504.1
1744009200000,2025-04-07 09:00:00,0.4586,0.4788,0.4561,0.4697,906029.9
1744012800000,2025-04-07 10:00:00,0.4697,0.4821,0.458,0.4775,1193272.2
1744016400000,2025-04-07 11:00:00,0.4775,0.4843,0.4716,0.4749,304931.5
1744020000000,2025-04-07 12:00:00,0.4749,0.4884,0.4749,0.4789,312319.5
1744023600000,2025-04-07 13:00:00,0.4789,0.4835,0.472,0.4752,293930.3
1744027200000,2025-04-07 14:00:00,0.4752,0.4899,0.4738,0.4871,509941.9
1744030800000,2025-04-07 15:00:00,0.4871,0.5089,0.4773,0.505,1719933.8
1744034400000,2025-04-07 16:00:00,0.505,0.5324,0.4994,0.5086,2555841.4
1744038000000,2025-04-07 17:00:00,0.5086,0.5118,0.4986,0.5071,521324.3
1744041600000,2025-04-07 18:00:00,0.5071,0.5074,0.4944,0.4954,221717.8
1744045200000,2025-04-07 19:00:00,0.4954,0.5146,0.4954,0.5133,785397.1
1744048800000,2025-04-07 20:00:00,0.5133,0.5146,0.5059,0.5059,258675.1
1744052400000,2025-04-07 21:00:00,0.5059,0.5119,0.5022,0.5029,285620.6
1744056000000,2025-04-07 22:00:00,0.5029,0.5155,0.5029,0.5121,98918.5
1744059600000,2025-04-07 23:00:00,0.5121,0.5162,0.5096,0.514,170869.5
1744063200000,2025-04-08 00:00:00,0.514,0.5199,0.5133,0.5173,181309.5
1744066800000,2025-04-08 01:00:00,0.5173,0.5194,0.5122,0.5137,175923.3
1744070400000,2025-04-08 02:00:00,0.5137,0.516,0.5092,0.5095,145734.8
1744074000000,2025-04-08 03:00:00,0.5095,0.528,0.505,0.5271,866717.7
1744077600000,2025-04-08 04:00:00,0.5271,0.5286,0.5191,0.5201,110110.8
1744081200000,2025-04-08 05:00:00,0.5201,0.5216,0.5131,0.5146,187017.1
1744084800000,2025-04-08 06:00:00,0.5146,0.5196,0.5138,0.5186,131845.5
1744088400000,2025-04-08 07:00:00,0.5186,0.5188,0.5115,0.5139,59111.8
1744092000000,2025-04-08 08:00:00,0.5139,0.5139,0.5048,0.5048,174809.9
1744095600000,2025-04-08 09:00:00,0.5048,0.5064,0.5028,0.506,57469.8
1744099200000,2025-04-08 10:00:00,0.506,0.5064,0.5016,0.5051,100181.6
1744102800000,2025-04-08 11:00:00,0.5051,0.5111,0.5038,0.5075,137542.4
1744106400000,2025-04-08 12:00:00,0.5075,0.5107,0.5066,0.507,98816.7
1744110000000,2025-04-08 13:00:00,0.507,0.5211,0.5058,0.5203,166735.4
1744113600000,2025-04-08 14:00:00,0.5203,0.5228,0.5153,0.5169,114420.9
1744117200000,2025-04-08 15:00:00,0.5169,0.5239,0.5151,0.5201,188735.8
1744120800000,2025-04-08 16:00:00,0.5201,0.5244,0.5068,0.5068,308696.3
1744124400000,2025-04-08 17:00:00,0.5068,0.5107,0.5035,0.5081,562744.6
1744128000000,2025-04-08 18:00:00,0.5081,0.5082,0.4916,0.494,506014.9
1744131600000,2025-04-08 19:00:00,0.494,0.5002,0.4879,0.4989,1032309.6
1744135200000,2025-04-08 20:00:00,0.4989,0.5021,0.4949,0.4973,147601.8
1744138800000,2025-04-08 21:00:00,0.4973,0.4989,0.4883,0.4895,251072.5
1744142400000,2025-04-08 22:00:00,0.4895,0.4961,0.4877,0.4949,101653.8
1744146000000,2025-04-08 23:00:00,0.4949,0.4962,0.4886,0.4932,123167.2
1744149600000,2025-04-09 00:00:00,0.4932,0.4932,0.4841,0.4898,127825.8
1744153200000,2025-04-09 01:00:00,0.4898,0.4905,0.4859,0.4887,145728.8
1744156800000,2025-04-09 02:00:00,0.4887,0.4932,0.4847,0.4871,207987.0
1744160400000,2025-04-09 03:00:00,0.4871,0.4924,0.4708,0.4924,789164.3
1744164000000,2025-04-09 04:00:00,0.4924,0.4982,0.4919,0.4923,180238.7
1744167600000,2025-04-09 05:00:00,0.4923,0.4954,0.4865,0.4899,260250.7
1744171200000,2025-04-09 06:00:00,0.4899,0.5044,0.4894,0.4985,310862.4
1744174800000,2025-04-09 07:00:00,0.4985,0.5051,0.4981,0.5038,137929.4
1744178400000,2025-04-09 08:00:00,0.5038,0.5098,0.5034,0.5034,196606.1
1744182000000,2025-04-09 09:00:00,0.5034,0.512,0.5034,0.511,477694.6
1744185600000,2025-04-09 10:00:00,0.511,0.5154,0.5094,0.5115,200614.4
1744189200000,2025-04-09 11:00:00,0.5115,0.5136,0.5077,0.5091,113029.1
1744192800000,2025-04-09 12:00:00,0.5091,0.5135,0.5065,0.5113,160889.8
1744196400000,2025-04-09 13:00:00,0.5113,0.5114,0.496,0.4996,412559.5
1744200000000,2025-04-09 14:00:00,0.4996,0.5066,0.4952,0.5041,198130.3
1744203600000,2025-04-09 15:00:00,0.5041,0.5172,0.5031,0.511,445599.6
1744207200000,2025-04-09 16:00:00,0.511,0.516,0.504,0.5041,192644.4
1744210800000,2025-04-09 17:00:00,0.5041,0.5137,0.5041,0.5102,409376.4
1744214400000,2025-04-09 18:00:00,0.5102,0.5164,0.5095,0.5159,158748.8
1744218000000,2025-04-09 19:00:00,0.5159,0.5527,0.5112,0.5518,1017978.9
1744221600000,2025-04-09 20:00:00,0.5518,0.5584,0.547,0.5503,483740.2
1744225200000,2025-04-09 21:00:00,0.5503,0.5582,0.5503,0.5534,156274.5
1744228800000,2025-04-09 22:00:00,0.5534,0.5582,0.5496,0.5576,230778.7
1744232400000,2025-04-09 23:00:00,0.5576,0.5635,0.5544,0.5605,181004.5
1744236000000,2025-04-10 00:00:00,0.5605,0.561,0.5568,0.5584,58488.3
1744239600000,2025-04-10 01:00:00,0.5584,0.5593,0.5506,0.552,253888.3
1744243200000,2025-04-10 02:00:00,0.552,0.552,0.5419,0.5447,120780.2
1744246800000,2025-04-10 03:00:00,0.5447,0.5463,0.5397,0.5415,98496.1
1744250400000,2025-04-10 04:00:00,0.5415,0.5433,0.5402,0.5411,72888.3
1744254000000,2025-04-10 05:00:00,0.5411,0.5411,0.5288,0.5339,431869.9
1744257600000,2025-04-10 06:00:00,0.5339,0.5365,0.5311,0.5361,95845.3
1744261200000,2025-04-10 07:00:00,0.5361,0.5403,0.5349,0.5392,57887.9
1744264800000,2025-04-10 08:00:00,0.5392,0.5441,0.5392,0.5411,340066.6
1744268400000,2025-04-10 09:00:00,0.5411,0.5429,0.533,0.5349,98789.8
1744272000000,2025-04-10 10:00:00,0.5349,0.5365,0.5318,0.5343,37263.6
1744275600000,2025-04-10 11:00:00,0.5343,0.5365,0.5312,0.5356,49051.9
1744279200000,2025-04-10 12:00:00,0.5356,0.536,0.5314,0.5335,61951.5
1744282800000,2025-04-10 13:00:00,0.5335,0.5343,0.5256,0.5313,866007.0
1744286400000,2025-04-10 14:00:00,0.5313,0.5432,0.5296,0.5325,567166.2
1744290000000,2025-04-10 15:00:00,0.5325,0.5355,0.5251,0.5302,438017.6
1744293600000,2025-04-10 16:00:00,0.5302,0.5383,0.5274,0.5325,96978.9
1744297200000,2025-04-10 17:00:00,0.5325,0.534,0.5125,0.5155,447660.8
1744300800000,2025-04-10 18:00:00,0.5155,0.5221,0.5127,0.5218,314386.0
1744304400000,2025-04-10 19:00:00,0.5218,0.5276,0.5184,0.5238,271667.8
1744308000000,2025-04-10 20:00:00,0.5238,0.5275,0.523,0.5263,46303.6
1744311600000,2025-04-10 21:00:00,0.5263,0.529,0.5239,0.5259,127008.0
1744315200000,2025-04-10 22:00:00,0.5259,0.5313,0.5258,0.5298,68057.2
1744318800000,2025-04-10 23:00:00,0.5298,0.5323,0.5284,0.5293,45641.7
1744322400000,2025-04-11 00:00:00,0.5293,0.5337,0.5288,0.5298,55278.6
1744326000000,2025-04-11 01:00:00,0.5298,0.5314,0.5276,0.5302,76278.9
1744329600000,2025-04-11 02:00:00,0.5302,0.5337,0.5277,0.5281,76437.5
1744333200000,2025-04-11 03:00:00,0.5281,0.5381,0.5278,0.5379,113393.6
1744336800000,2025-04-11 04:00:00,0.5379,0.5447,0.5352,0.5411,155403.1
1744340400000,2025-04-11 05:00:00,0.5411,0.5477,0.541,0.5452,236460.6
1744344000000,2025-04-11 06:00:00,0.5452,0.5482,0.5437,0.5447,87300.3
1744347600000,2025-04-11 07:00:00,0.5447,0.5459,0.5422,0.5447,163576.5
1744351200000,2025-04-11 08:00:00,0.5447,0.5496,0.5447,0.5472,86914.0
1744354800000,2025-04-11 09:00:00,0.5472,0.548,0.5441,0.5459,56291.5
1744358400000,2025-04-11 10:00:00,0.5459,0.5497,0.5428,0.5445,113354.8
1744362000000,2025-04-11 11:00:00,0.5445,0.5498,0.542,0.549,134702.4
1744365600000,2025-04-11 12:00:00,0.549,0.5545,0.5447,0.5505,352922.1
1744369200000,2025-04-11 13:00:00,0.5505,0.5521,0.5458,0.5461,71693.0
1744372800000,2025-04-11 14:00:00,0.5461,0.5508,0.5431,0.5446,314588.0
1744376400000,2025-04-11 15:00:00,0.5446,0.5539,0.5438,0.5515,169333.8
1744380000000,2025-04-11 16:00:00,0.5515,0.5517,0.5423,0.5473,493687.1
1744383600000,2025-04-11 17:00:00,0.5473,0.5517,0.5456,0.5507,248922.3
1744387200000,2025-04-11 18:00:00,0.5507,0.5566,0.5483,0.5543,191938.1
1744390800000,2025-04-11 19:00:00,0.5543,0.568,0.5542,0.565,301369.1
1744394400000,2025-04-11 20:00:00,0.565,0.5695,0.5591,0.5595,283412.2
1744398000000,2025-04-11 21:00:00,0.5595,0.5605,0.5572,0.5591,27547.0
1744401600000,2025-04-11 22:00:00,0.5591,0.5625,0.5577,0.5614,33792.0
1744405200000,2025-04-11 23:00:00,0.5614,0.5679,0.5591,0.5622,79156.4
1744408800000,2025-04-12 00:00:00,0.5622,0.564,0.5599,0.56,66799.4
1744412400000,2025-04-12 01:00:00,0.56,0.56,0.557,0.5586,74983.8
1744416000000,2025-04-12 02:00:00,0.5586,0.559,0.5541,0.5546,141780.9
1744419600000,2025-04-12 03:00:00,0.5546,0.5549,0.5476,0.5497,220060.4
1744423200000,2025-04-12 04:00:00,0.5497,0.552,0.5471,0.5471,76962.5
1744426800000,2025-04-12 05:00:00,0.5471,0.5502,0.546,0.5489,61731.8
1744430400000,2025-04-12 06:00:00,0.5489,0.5552,0.5469,0.5534,55023.7
1744434000000,2025-04-12 07:00:00,0.5534,0.5552,0.552,0.5524,80783.3
1744437600000,2025-04-12 08:00:00,0.5524,0.5549,0.552,0.5535,41355.1
1744441200000,2025-04-12 09:00:00,0.5535,0.5594,0.5525,0.5583,83016.3
1744444800000,2025-04-12 10:00:00,0.5583,0.5657,0.558,0.56,154689.9
1744448400000,2025-04-12 11:00:00,0.56,0.5629,0.5581,0.5613,65846.6
1744452000000,2025-04-12 12:00:00,0.5613,0.5643,0.56,0.5632,101872.5
1744455600000,2025-04-12 13:00:00,0.5632,0.5675,0.5632,0.5662,108563.1
1744459200000,2025-04-12 14:00:00,0.5662,0.5693,0.5624,0.5661,215519.5
1744462800000,2025-04-12 15:00:00,0.5661,0.5802,0.5655,0.5772,316652.1
1744466400000,2025-04-12 16:00:00,0.5772,0.5843,0.5752,0.5806,310909.1
1744470000000,2025-04-12 17:00:00,0.5806,0.5868,0.5784,0.5829,183440.5
1744473600000,2025-04-12 18:00:00,0.5829,0.5877,0.5805,0.5827,179310.2
1744477200000,2025-04-12 19:00:00,0.5827,0.5844,0.5795,0.5803,70052.3
1744480800000,2025-04-12 20:00:00,0.5803,0.5847,0.5803,0.5823,103909.5
1744484400000,2025-04-12 21:00:00,0.5823,0.5833,0.5787,0.5807,66466.3
1744488000000,2025-04-12 22:00:00,0.5807,0.5886,0.579,0.5878,204780.9
1744491600000,2025-04-12 23:00:00,0.5878,0.595,0.5844,0.5885,251593.8
1744495200000,2025-04-13 00:00:00,0.5885,0.5921,0.5872,0.5908,92105.2
1744498800000,2025-04-13 01:00:00,0.5908,0.5921,0.5881,0.5897,147305.9
1744502400000,2025-04-13 02:00:00,0.5897,0.5927,0.5875,0.5881,105641.8
1744506000000,2025-04-13 03:00:00,0.5881,0.5894,0.5787,0.5793,102066.1
1744509600000,2025-04-13 04:00:00,0.5793,0.5813,0.5748,0.5766,51526.4
1744513200000,2025-04-13 05:00:00,0.5766,0.5766,0.5735,0.5756,63335.8
1744516800000,2025-04-13 06:00:00,0.5756,0.5759,0.5673,0.5674,86915.0
1744520400000,2025-04-13 07:00:00,0.5674,0.5703,0.5645,0.569,54168.2
1744524000000,2025-04-13 08:00:00,0.569,0.5739,0.569,0.5721,106212.8
1744527600000,2025-04-13 09:00:00,0.5721,0.5734,0.5696,0.5705,30194.6
1744531200000,2025-04-13 10:00:00,0.5705,0.5747,0.5694,0.5732,129821.4
1744534800000,2025-04-13 11:00:00,0.5732,0.578,0.5717,0.5778,50651.7
1744538400000,2025-04-13 12:00:00,0.5778,0.5789,0.5749,0.5771,33660.6
1744542000000,2025-04-13 13:00:00,0.5771,0.5786,0.5713,0.5736,94721.6
1744545600000,2025-04-13 14:00:00,0.5736,0.5759,0.5697,0.5735,182252.9
1744549200000,2025-04-13 15:00:00,0.5735,0.5758,0.5602,0.5621,115696.0
1744552800000,2025-04-13 16:00:00,0.5621,0.5667,0.5606,0.5651,92433.4
1744556400000,2025-04-13 17:00:00,0.5651,0.5656,0.5603,0.5632,187919.1
1744560000000,2025-04-13 18:00:00,0.5632,0.5716,0.5632,0.5711,137068.9
1744563600000,2025-04-13 19:00:00,0.5711,0.5861,0.5711,0.5842,169229.8
1744567200000,2025-04-13 20:00:00,0.5842,0.5876,0.5782,0.5784,190199.3
1744570800000,2025-04-13 21:00:00,0.5784,0.579,0.555,0.5618,374024.3
1744574400000,2025-04-13 22:00:00,0.5618,0.5689,0.5582,0.5589,163100.9
1744578000000,2025-04-13 23:00:00,0.5589,0.5606,0.5472,0.5587,228157.7
1744581600000,2025-04-14 00:00:00,0.5587,0.5619,0.5515,0.5527,111905.8
1744585200000,2025-04-14 01:00:00,0.5527,0.5589,0.5513,0.5574,116397.5
1744588800000,2025-04-14 02:00:00,0.5574,0.5706,0.5564,0.5626,149120.8
1744592400000,2025-04-14 03:00:00,0.5626,0.5655,0.5585,0.5605,111780.7
1744596000000,2025-04-14 04:00:00,0.5605,0.577,0.5585,0.5694,301937.3
1744599600000,2025-04-14 05:00:00,0.5694,0.5698,0.5615,0.5628,166635.2
1744603200000,2025-04-14 06:00:00,0.5628,0.5723,0.5616,0.571,197391.9
1744606800000,2025-04-14 07:00:00,0.571,0.5734,0.5628,0.5639,196325.4
1744610400000,2025-04-14 08:00:00,0.5639,0.565,0.5598,0.562,60261.2
1744614000000,2025-04-14 09:00:00,0.562,0.5653,0.558,0.565,88771.9
1744617600000,2025-04-14 10:00:00,0.565,0.5701,0.5629,0.569,107981.2
1744621200000,2025-04-14 11:00:00,0.569,0.5709,0.5656,0.5678,124273.7
1744624800000,2025-04-14 12:00:00,0.5678,0.5858,0.5678,0.5844,354202.7
1744628400000,2025-04-14 13:00:00,0.5844,0.5888,0.5824,0.5852,187656.8
1744632000000,2025-04-14 14:00:00,0.5852,0.5859,0.5804,0.5825,196503.6
1744635600000,2025-04-14 15:00:00,0.5825,0.5846,0.5673,0.5721,250969.3
1744639200000,2025-04-14 16:00:00,0.5721,0.5853,0.5716,0.5811,239208.7
1744642800000,2025-04-14 17:00:00,0.5811,0.5816,0.5596,0.5617,344047.8
1744646400000,2025-04-14 18:00:00,0.5617,0.5674,0.555,0.5609,271644.6
1744650000000,2025-04-14 19:00:00,0.5609,0.5702,0.5609,0.57,261018.7
1744653600000,2025-04-14 20:00:00,0.57,0.5731,0.5655,0.5668,182431.2
1744657200000,2025-04-14 21:00:00,0.5668,0.5697,0.5651,0.5664,52538.4
1744660800000,2025-04-14 22:00:00,0.5664,0.5676,0.5627,0.5666,59843.7
1744664400000,2025-04-14 23:00:00,0.5666,0.5669,0.5586,0.5641,74282.4
1744668000000,2025-04-15 00:00:00,0.5641,0.5662,0.561,0.561,63834.7
1744671600000,2025-04-15 01:00:00,0.561,0.5623,0.5581,0.559,71943.8
1744675200000,2025-04-15 02:00:00,0.559,0.5615,0.553,0.5589,113700.7
1744678800000,2025-04-15 03:00:00,0.5589,0.5615,0.5521,0.5604,135130.1
1744682400000,2025-04-15 04:00:00,0.5604,0.5627,0.5533,0.5572,84034.3
1744686000000,2025-04-15 05:00:00,0.5572,0.5625,0.5561,0.5602,53401.7
1744689600000,2025-04-15 06:00:00,0.5602,0.5605,0.553,0.558,171698.8
1744693200000,2025-04-15 07:00:00,0.558,0.562,0.5574,0.5588,53259.3
1744696800000,2025-04-15 08:00:00,0.5588,0.56,0.555,0.556,53267.3
1744700400000,2025-04-15 09:00:00,0.556,0.5625,0.5556,0.5622,50577.0
1744704000000,2025-04-15 10:00:00,0.5622,0.5642,0.5598,0.5598,65785.8
1744707600000,2025-04-15 11:00:00,0.5598,0.5658,0.5579,0.5655,108713.0
1744711200000,2025-04-15 12:00:00,0.5655,0.5661,0.5537,0.5572,134027.0
1744714800000,2025-04-15 13:00:00,0.5572,0.5591,0.5546,0.559,80940.4
1744718400000,2025-04-15 14:00:00,0.559,0.5651,0.5587,0.5637,151098.7
1744722000000,2025-04-15 15:00:00,0.5637,0.5702,0.5597,0.5609,197219.4
1744725600000,2025-04-15 16:00:00,0.5609,0.5646,0.5498,0.5552,376670.4
1744729200000,2025-04-15 17:00:00,0.5552,0.5608,0.5518,0.5551,83500.6
1744732800000,2025-04-15 18:00:00,0.5551,0.5575,0.5514,0.552,86049.5
1744736400000,2025-04-15 19:00:00,0.552,0.5522,0.5446,0.547,166352.9
1744740000000,2025-04-15 20:00:00,0.547,0.5489,0.5413,0.5462,161694.9
1744743600000,2025-04-15 21:00:00,0.5462,0.5483,0.5432,0.5449,77091.5
1744747200000,2025-04-15 22:00:00,0.5449,0.5492,0.5413,0.5439,142470.2
1744750800000,2025-04-15 23:00:00,0.5439,0.5491,0.5415,0.5474,47392.0
1744754400000,2025-04-16 00:00:00,0.5474,0.5474,0.5392,0.5421,198332.5
1744758000000,2025-04-16 01:00:00,0.5421,0.544,0.5399,0.5406,61656.1
1744761600000,2025-04-16 02:00:00,0.5406,0.5465,0.5372,0.5416,95551.5
1744765200000,2025-04-16 03:00:00,0.5416,0.55,0.5409,0.5487,51238.7
1744768800000,2025-04-16 04:00:00,0.5487,0.5507,0.546,0.5484,56796.9
1744772400000,2025-04-16 05:00:00,0.5484,0.5509,0.5467,0.5472,66419.8
1744776000000,2025-04-16 06:00:00,0.5472,0.5476,0.5412,0.5459,55512.8
1744779600000,2025-04-16 07:00:00,0.5459,0.5493,0.5396,0.5415,159090.2
1744783200000,2025-04-16 08:00:00,0.5415,0.5448,0.5404,0.5433,33519.1
1744786800000,2025-04-16 09:00:00,0.5433,0.544,0.5341,0.5361,149841.3
1744790400000,2025-04-16 10:00:00,0.5361,0.544,0.5319,0.54,208731.8
1744794000000,2025-04-16 11:00:00,0.54,0.5407,0.5331,0.5332,107747.6
1744797600000,2025-04-16 12:00:00,0.5332,0.5397,0.5329,0.5386,57742.2
1744801200000,2025-04-16 13:00:00,0.5386,0.5398,0.5355,0.5394,90180.3
1744804800000,2025-04-16 14:00:00,0.5394,0.5432,0.5351,0.5367,107008.9
1744808400000,2025-04-16 15:00:00,0.5367,0.5396,0.5328,0.5345,95581.0
1744812000000,2025-04-16 16:00:00,0.5345,0.547,0.5342,0.543,174762.8
1744815600000,2025-04-16 17:00:00,0.543,0.5501,0.5408,0.5418,157886.0
1744819200000,2025-04-16 18:00:00,0.5418,0.5442,0.5327,0.5402,102064.2
1744822800000,2025-04-16 19:00:00,0.5402,0.5497,0.5245,0.5267,544379.4
1744826400000,2025-04-16 20:00:00,0.5267,0.5438,0.5265,0.5393,268896.5
1744830000000,2025-04-16 21:00:00,0.5393,0.5498,0.5349,0.5471,153363.2
1744833600000,2025-04-16 22:00:00,0.5471,0.5513,0.5389,0.5394,69065.6
1744837200000,2025-04-16 23:00:00,0.5394,0.5456,0.5385,0.5439,165536.3
1744840800000,2025-04-17 00:00:00,0.5439,0.5448,0.5418,0.5428,34737.8
1744844400000,2025-04-17 01:00:00,0.5428,0.5432,0.5364,0.5392,97526.2
1744848000000,2025-04-17 02:00:00,0.5392,0.5411,0.5377,0.5409,45576.3
1744851600000,2025-04-17 03:00:00,0.5409,0.5451,0.5386,0.5403,57530.8
1744855200000,2025-04-17 04:00:00,0.5403,0.5403,0.5353,0.5372,78817.1
1744858800000,2025-04-17 05:00:00,0.5372,0.5384,0.5336,0.5374,48169.9
1744862400000,2025-04-17 06:00:00,0.5374,0.542,0.5357,0.5415,43730.9
1744866000000,2025-04-17 07:00:00,0.5415,0.55,0.5415,0.5476,139588.8
1744869600000,2025-04-17 08:00:00,0.5476,0.5517,0.5468,0.5492,63250.6
1744873200000,2025-04-17 09:00:00,0.5492,0.5519,0.5476,0.5501,119781.6
1744876800000,2025-04-17 10:00:00,0.5501,0.5515,0.5459,0.5462,50373.3
1744880400000,2025-04-17 11:00:00,0.5462,0.5487,0.5449,0.548,53431.8
1744884000000,2025-04-17 12:00:00,0.548,0.5486,0.5443,0.5459,82265.7
1744887600000,2025-04-17 13:00:00,0.5459,0.5476,0.5451,0.5464,91371.7
1744891200000,2025-04-17 14:00:00,0.5464,0.5513,0.5462,0.5493,145218.0
1744894800000,2025-04-17 15:00:00,0.5493,0.5493,0.5436,0.5449,75791.6
1744898400000,2025-04-17 16:00:00,0.5449,0.5452,0.535,0.539,215632.4
1744902000000,2025-04-17 17:00:00,0.539,0.5475,0.539,0.5464,159853.4
1744905600000,2025-04-17 18:00:00,0.5464,0.556,0.544,0.5552,380032.6
1744909200000,2025-04-17 19:00:00,0.5552,0.5571,0.5516,0.5533,147170.5
1744912800000,2025-04-17 20:00:00,0.5533,0.5548,0.5491,0.5491,78144.0
1744916400000,2025-04-17 21:00:00,0.5491,0.5502,0.5419,0.5447,119708.7
1744920000000,2025-04-17 22:00:00,0.5447,0.5493,0.5447,0.5479,59892.7
1744923600000,2025-04-17 23:00:00,0.5479,0.5482,0.5438,0.5457,35723.3
1744927200000,2025-04-18 00:00:00,0.5457,0.5465,0.5386,0.539,37145.6
1744930800000,2025-04-18 01:00:00,0.539,0.5438,0.5388,0.5426,60704.9
1744934400000,2025-04-18 02:00:00,0.5426,0.5439,0.5387,0.5391,120914.4
1744938000000,2025-04-18 03:00:00,0.5391,0.5453,0.5376,0.5433,114132.1
1744941600000,2025-04-18 04:00:00,0.5433,0.5476,0.5417,0.5461,87568.3
1744945200000,2025-04-18 05:00:00,0.5461,0.5467,0.5427,0.5463,69107.8
1744948800000,2025-04-18 06:00:00,0.5463,0.55,0.5435,0.5487,93312.7
1744952400000,2025-04-18 07:00:00,0.5487,0.5499,0.5447,0.5496,57142.7
1744956000000,2025-04-18 08:00:00,0.5496,0.5508,0.5469,0.5504,58549.0
1744959600000,2025-04-18 09:00:00,0.5504,0.5529,0.5478,0.5523,121026.9
1744963200000,2025-04-18 10:00:00,0.5523,0.5568,0.5523,0.5552,100257.1
1744966800000,2025-04-18 11:00:00,0.5552,0.5586,0.5526,0.5554,84362.2
1744970400000,2025-04-18 12:00:00,0.5554,0.5566,0.5475,0.5483,188827.5
1744974000000,2025-04-18 13:00:00,0.5483,0.5607,0.5482,0.5591,626826.8
1744977600000,2025-04-18 14:00:00,0.5591,0.5626,0.5578,0.5611,268353.6
1744981200000,2025-04-18 15:00:00,0.5611,0.5614,0.5579,0.5601,148497.3
1744984800000,2025-04-18 16:00:00,0.5601,0.5634,0.5579,0.5603,104475.7
1744988400000,2025-04-18 17:00:00,0.5603,0.5612,0.5561,0.5591,107854.3
1744992000000,2025-04-18 18:00:00,0.5591,0.5611,0.5574,0.561,39134.7
1744995600000,2025-04-18 19:00:00,0.561,0.5657,0.5602,0.5648,159530.4
1744999200000,2025-04-18 20:00:00,0.5648,0.5661,0.5633,0.5642,119558.6
1745002800000,2025-04-18 21:00:00,0.5642,0.5665,0.5622,0.5631,100451.2
1745006400000,2025-04-18 22:00:00,0.5631,0.5648,0.562,0.5648,116731.3
1745010000000,2025-04-18 23:00:00,0.5648,0.57,0.5642,0.5692,73083.1
1745013600000,2025-04-19 00:00:00,0.5692,0.5693,0.5656,0.5682,68699.0
1745017200000,2025-04-19 01:00:00,0.5682,0.5724,0.5657,0.5668,196199.2
1745020800000,2025-04-19 02:00:00,0.5668,0.5678,0.5638,0.5661,134781.7
1745024400000,2025-04-19 03:00:00,0.5661,0.5701,0.566,0.5695,58155.7
1745028000000,2025-04-19 04:00:00,0.5695,0.575,0.5695,0.5722,110875.0
1745031600000,2025-04-19 05:00:00,0.5722,0.5781,0.5708,0.5709,146829.1
1745035200000,2025-04-19 06:00:00,0.5709,0.5737,0.5696,0.5708,51707.0
1745038800000,2025-04-19 07:00:00,0.5708,0.5714,0.566,0.567,69307.6
1745042400000,2025-04-19 08:00:00,0.567,0.5673,0.5621,0.5641,97405.6
1745046000000,2025-04-19 09:00:00,0.5641,0.5719,0.564,0.5703,76348.9
1745049600000,2025-04-19 10:00:00,0.5703,0.5721,0.5692,0.5697,32630.2
1745053200000,2025-04-19 11:00:00,0.5697,0.5715,0.5659,0.5662,70365.2
1745056800000,2025-04-19 12:00:00,0.5662,0.5706,0.5651,0.5684,106284.5
1745060400000,2025-04-19 13:00:00,0.5684,0.5703,0.5676,0.5689,24207.3
1745064000000,2025-04-19 14:00:00,0.5689,0.5697,0.5661,0.5678,28002.0
1745067600000,2025-04-19 15:00:00,0.5678,0.5717,0.5666,0.5707,40870.9
1745071200000,2025-04-19 16:00:00,0.5707,0.5736,0.5697,0.5729,122964.9
1745074800000,2025-04-19 17:00:00,0.5729,0.5779,0.5722,0.576,209372.6
1745078400000,2025-04-19 18:00:00,0.576,0.5808,0.5731,0.574,178769.8
1745082000000,2025-04-19 19:00:00,0.574,0.5831,0.5733,0.5823,88855.4
1745085600000,2025-04-19 20:00:00,0.5823,0.592,0.5821,0.588,389118.8
1745089200000,2025-04-19 21:00:00,0.588,0.5928,0.5866,0.5878,137694.4
1745092800000,2025-04-19 22:00:00,0.5878,0.5947,0.586,0.5936,215198.5
1745096400000,2025-04-19 23:00:00,0.5936,0.5962,0.5922,0.5941,178767.7
1745100000000,2025-04-20 00:00:00,0.5941,0.5961,0.5906,0.5913,46597.3
1745103600000,2025-04-20 01:00:00,0.5913,0.5913,0.587,0.588,51878.8
1745107200000,2025-04-20 02:00:00,0.588,0.5889,0.5837,0.5837,127972.6
1745110800000,2025-04-20 03:00:00,0.5837,0.5941,0.5837,0.5933,96005.5
1745114400000,2025-04-20 04:00:00,0.5933,0.5935,0.5903,0.5912,126363.8
1745118000000,2025-04-20 05:00:00,0.5912,0.5916,0.5883,0.5898,46166.7
1745121600000,2025-04-20 06:00:00,0.5898,0.5946,0.5883,0.5926,106746.2
1745125200000,2025-04-20 07:00:00,0.5926,0.5976,0.5912,0.5913,145399.8
1745128800000,2025-04-20 08:00:00,0.5913,0.5959,0.5893,0.5951,74405.9
1745132400000,2025-04-20 09:00:00,0.5951,0.5951,0.5855,0.5868,104469.4
1745136000000,2025-04-20 10:00:00,0.5868,0.5881,0.5807,0.582,163510.9
1745139600000,2025-04-20 11:00:00,0.582,0.5872,0.5808,0.5826,127666.4
1745143200000,2025-04-20 12:00:00,0.5826,0.5826,0.5707,0.574,215655.4
1745146800000,2025-04-20 13:00:00,0.574,0.5779,0.5738,0.5762,70999.7
1745150400000,2025-04-20 14:00:00,0.5762,0.5803,0.5757,0.5785,63264.6
1745154000000,2025-04-20 15:00:00,0.5785,0.581,0.5766,0.5804,29413.1
1745157600000,2025-04-20 16:00:00,0.5804,0.5864,0.579,0.5864,105300.1
1745161200000,2025-04-20 17:00:00,0.5864,0.5874,0.5822,0.5869,99788.9
1745164800000,2025-04-20 18:00:00,0.5869,0.5953,0.5853,0.5927,100645.0
1745168400000,2025-04-20 19:00:00,0.5927,0.594,0.5906,0.594,177830.2
1745172000000,2025-04-20 20:00:00,0.594,0.594,0.5897,0.5904,42266.6
1745175600000,2025-04-20 21:00:00,0.5904,0.5952,0.5898,0.5941,25807.9
1745179200000,2025-04-20 22:00:00,0.5941,0.6015,0.5921,0.5931,149368.5
1745182800000,2025-04-20 23:00:00,0.5931,0.5944,0.5904,0.5926,46733.1
1745186400000,2025-04-21 00:00:00,0.5926,0.5926,0.5875,0.5895,37239.5
1745190000000,2025-04-21 01:00:00,0.5895,0.594,0.5895,0.5925,44023.5
1745193600000,2025-04-21 02:00:00,0.5925,0.6084,0.592,0.6019,228708.8
1745197200000,2025-04-21 03:00:00,0.6019,0.6044,0.5979,0.6031,119716.1
1745200800000,2025-04-21 04:00:00,0.6031,0.6063,0.5997,0.6015,167921.2
1745204400000,2025-04-21 05:00:00,0.6015,0.6032,0.5983,0.5994,83296.7
1745208000000,2025-04-21 06:00:00,0.5994,0.6038,0.5988,0.6029,43972.1
1745211600000,2025-04-21 07:00:00,0.6029,0.6071,0.6004,0.6041,92198.6
1745215200000,2025-04-21 08:00:00,0.6041,0.6118,0.6029,0.606,363698.6
1745218800000,2025-04-21 09:00:00,0.606,0.6083,0.6037,0.6079,65046.3
1745222400000,2025-04-21 10:00:00,0.6079,0.6103,0.6068,0.6084,81028.8
1745226000000,2025-04-21 11:00:00,0.6084,0.6084,0.6024,0.6042,47301.6
1745229600000,2025-04-21 12:00:00,0.6042,0.6071,0.6018,0.6067,78087.0
1745233200000,2025-04-21 13:00:00,0.6067,0.6073,0.6004,0.6041,70353.6
1745236800000,2025-04-21 14:00:00,0.6041,0.61,0.6032,0.6069,73034.2
1745240400000,2025-04-21 15:00:00,0.6069,0.6159,0.6061,0.6097,273465.2
1745244000000,2025-04-21 16:00:00,0.6097,0.618,0.6083,0.6134,216165.8
1745247600000,2025-04-21 17:00:00,0.6134,0.6145,0.6043,0.6101,123549.8
1745251200000,2025-04-21 18:00:00,0.6101,0.6114,0.5997,0.6,73715.8
1745254800000,2025-04-21 19:00:00,0.6,0.6007,0.5908,0.5992,142579.3
1745258400000,2025-04-21 20:00:00,0.5992,0.6012,0.5961,0.5968,54458.9
1745262000000,2025-04-21 21:00:00,0.5968,0.6039,0.5956,0.602,51911.6
1745265600000,2025-04-21 22:00:00,0.602,0.6039,0.6,0.6036,29739.6
1745269200000,2025-04-21 23:00:00,0.6036,0.6042,0.5997,0.6016,23277.2
1745272800000,2025-04-22 00:00:00,0.6016,0.6016,0.5948,0.5962,34683.7
1745276400000,2025-04-22 01:00:00,0.5962,0.6021,0.5948,0.601,84582.4
1745280000000,2025-04-22 02:00:00,0.601,0.601,0.5859,0.5973,205685.4
1745283600000,2025-04-22 03:00:00,0.5973,0.6089,0.5957,0.6074,95783.3
1745287200000,2025-04-22 04:00:00,0.6074,0.6086,0.5961,0.598,108960.3
1745290800000,2025-04-22 05:00:00,0.598,0.6019,0.5964,0.6009,86742.8
1745294400000,2025-04-22 06:00:00,0.6009,0.6019,0.5975,0.598,46758.4
1745298000000,2025-04-22 07:00:00,0.598,0.5997,0.5954,0.5955,60983.7
1745301600000,2025-04-22 08:00:00,0.5955,0.5965,0.5852,0.589,160848.4
1745305200000,2025-04-22 09:00:00,0.589,0.6071,0.5886,0.6066,326634.4
1745308800000,2025-04-22 10:00:00,0.6066,0.6078,0.6007,0.6018,351055.8
1745312400000,2025-04-22 11:00:00,0.6018,0.6026,0.5982,0.6008,187947.1
1745316000000,2025-04-22 12:00:00,0.6008,0.6037,0.5987,0.6035,139251.5
1745319600000,2025-04-22 13:00:00,0.6035,0.612,0.6032,0.6102,297878.6
1745323200000,2025-04-22 14:00:00,0.6102,0.6111,0.6044,0.6089,279809.6
1745326800000,2025-04-22 15:00:00,0.6089,0.613,0.6021,0.6095,368815.8
1745330400000,2025-04-22 16:00:00,0.6095,0.6181,0.6058,0.6179,240571.4
1745334000000,2025-04-22 17:00:00,0.6179,0.6306,0.6179,0.6237,359953.9
1745337600000,2025-04-22 18:00:00,0.6237,0.6263,0.6182,0.6203,92387.1
1745341200000,2025-04-22 19:00:00,0.6203,0.6216,0.615,0.6206,94664.7
1745344800000,2025-04-22 20:00:00,0.6206,0.6248,0.6186,0.6229,44589.3
1745348400000,2025-04-22 21:00:00,0.6229,0.6239,0.6175,0.6234,57394.6
1745352000000,2025-04-22 22:00:00,0.6234,0.6253,0.6217,0.6217,84985.3
1745355600000,2025-04-22 23:00:00,0.6217,0.6429,0.6214,0.6412,173650.1
1745359200000,2025-04-23 00:00:00,0.6412,0.6422,0.6315,0.6365,123584.9
1745362800000,2025-04-23 01:00:00,0.6365,0.6438,0.6365,0.6407,77276.8
1745366400000,2025-04-23 02:00:00,0.6407,0.6452,0.6374,0.6409,97349.4
1745370000000,2025-04-23 03:00:00,0.6409,0.66,0.6406,0.6507,722222.2
1745373600000,2025-04-23 04:00:00,0.6507,0.671,0.6485,0.6662,392228.6
1745377200000,2025-04-23 05:00:00,0.6662,0.6668,0.6563,0.6668,182237.7
1745380800000,2025-04-23 06:00:00,0.6668,0.6744,0.661,0.6737,256012.0
1745384400000,2025-04-23 07:00:00,0.6737,0.6737,0.6656,0.6663,228373.2
1745388000000,2025-04-23 08:00:00,0.6663,0.6688,0.6627,0.6654,177869.1
1745391600000,2025-04-23 09:00:00,0.6654,0.6684,0.6617,0.6679,191940.9
1745395200000,2025-04-23 10:00:00,0.6679,0.6705,0.6635,0.6693,158037.2
1745398800000,2025-04-23 11:00:00,0.6693,0.6768,0.6688,0.6691,202315.6
1745402400000,2025-04-23 12:00:00,0.6691,0.6744,0.6613,0.6731,192716.4
1745406000000,2025-04-23 13:00:00,0.6731,0.6763,0.6667,0.6678,162292.9
1745409600000,2025-04-23 14:00:00,0.6678,0.6793,0.6673,0.6761,171798.9
1745413200000,2025-04-23 15:00:00,0.6761,0.6819,0.6604,0.6634,616499.6
1745416800000,2025-04-23 16:00:00,0.6634,0.6742,0.6603,0.6625,215914.8
1745420400000,2025-04-23 17:00:00,0.6625,0.6641,0.6492,0.6618,316714.7
1745424000000,2025-04-23 18:00:00,0.6618,0.6663,0.6534,0.6661,257988.2
1745427600000,2025-04-23 19:00:00,0.6661,0.6746,0.6615,0.6726,312697.9
1745431200000,2025-04-23 20:00:00,0.6726,0.6834,0.6726,0.6755,182355.3
1745434800000,2025-04-23 21:00:00,0.6755,0.6762,0.6617,0.6654,360188.6
1745438400000,2025-04-23 22:00:00,0.6654,0.6714,0.6636,0.6714,80078.7
1745442000000,2025-04-23 23:00:00,0.6714,0.6732,0.6598,0.6622,168097.7
1745445600000,2025-04-24 00:00:00,0.6622,0.6649,0.6556,0.6649,440702.4
1745449200000,2025-04-24 01:00:00,0.6649,0.6749,0.6646,0.6734,129658.3
1745452800000,2025-04-24 02:00:00,0.6734,0.6773,0.6681,0.6709,147265.1
1745456400000,2025-04-24 03:00:00,0.6709,0.6746,0.6662,0.6723,45050.6
1745460000000,2025-04-24 04:00:00,0.6723,0.6759,0.6632,0.6643,54869.2
1745463600000,2025-04-24 05:00:00,0.6643,0.6691,0.6541,0.6549,82212.1
1745467200000,2025-04-24 06:00:00,0.6549,0.6628,0.6548,0.6624,189588.6
1745470800000,2025-04-24 07:00:00,0.6624,0.6682,0.6624,0.6647,32488.7
1745474400000,2025-04-24 08:00:00,0.6647,0.6715,0.6619,0.6648,68488.7
1745478000000,2025-04-24 09:00:00,0.6648,0.672,0.658,0.6596,128142.1
1745481600000,2025-04-24 10:00:00,0.6596,0.6624,0.65,0.6534,154476.6
1745485200000,2025-04-24 11:00:00,0.6534,0.6629,0.6518,0.66,63527.7
1745488800000,2025-04-24 12:00:00,0.66,0.669,0.6567,0.6677,165741.7
1745492400000,2025-04-24 13:00:00,0.6677,0.6729,0.664,0.6726,122637.8
1745496000000,2025-04-24 14:00:00,0.6726,0.6755,0.6657,0.6712,184398.0
1745499600000,2025-04-24 15:00:00,0.6712,0.682,0.6685,0.6795,213241.3
1745503200000,2025-04-24 16:00:00,0.6795,0.6993,0.679,0.6908,416210.2
1745506800000,2025-04-24 17:00:00,0.6908,0.7042,0.6881,0.6884,323711.3
1745510400000,2025-04-24 18:00:00,0.6884,0.696,0.6841,0.6929,116335.4
1745514000000,2025-04-24 19:00:00,0.6929,0.696,0.6773,0.6832,170565.9
1745517600000,2025-04-24 20:00:00,0.6832,0.6904,0.683,0.6883,81507.4
1745521200000,2025-04-24 21:00:00,0.6883,0.6889,0.6821,0.6864,45631.6
1745524800000,2025-04-24 22:00:00,0.6864,0.691,0.6851,0.6885,77201.3
1745528400000,2025-04-24 23:00:00,0.6885,0.6906,0.6824,0.6899,25516.0
1745532000000,2025-04-25 00:00:00,0.6899,0.6929,0.6861,0.6869,53546.4
1745535600000,2025-04-25 01:00:00,0.6869,0.696,0.6851,0.696,138390.3
1745539200000,2025-04-25 02:00:00,0.696,0.6997,0.6926,0.6966,144220.4
1745542800000,2025-04-25 03:00:00,0.6966,0.7036,0.6902,0.6905,132019.0
1745546400000,2025-04-25 04:00:00,0.6905,0.6923,0.6728,0.6748,210888.7
1745550000000,2025-04-25 05:00:00,0.6748,0.6809,0.6735,0.6793,138114.5
1745553600000,2025-04-25 06:00:00,0.6793,0.6841,0.6768,0.6807,155738.0
1745557200000,2025-04-25 07:00:00,0.6807,0.6933,0.6788,0.6919,121060.4
1745560800000,2025-04-25 08:00:00,0.6919,0.708,0.6918,0.7035,112169.0
1745564400000,2025-04-25 09:00:00,0.7035,0.7078,0.7002,0.7034,92399.1
1745568000000,2025-04-25 10:00:00,0.7034,0.7042,0.6981,0.7033,89441.2
1745571600000,2025-04-25 11:00:00,0.7033,0.7049,0.6954,0.7044,98078.5
1745575200000,2025-04-25 12:00:00,0.7044,0.705,0.6903,0.6917,170527.3
1745578800000,2025-04-25 13:00:00,0.6917,0.7016,0.6917,0.6981,79172.7
1745582400000,2025-04-25 14:00:00,0.6981,0.7063,0.6885,0.6896,210636.8
1745586000000,2025-04-25 15:00:00,0.6896,0.6943,0.6825,0.6895,161483.9
1745589600000,2025-04-25 16:00:00,0.6895,0.7048,0.6891,0.7022,266999.8
1745593200000,2025-04-25 17:00:00,0.7022,0.7059,0.6938,0.6945,188974.3
1745596800000,2025-04-25 18:00:00,0.6945,0.6982,0.6879,0.6963,82071.1
1745600400000,2025-04-25 19:00:00,0.6963,0.7016,0.6865,0.6888,180660.8
1745604000000,2025-04-25 20:00:00,0.6888,0.6966,0.6888,0.6922,96325.7
1745607600000,2025-04-25 21:00:00,0.6922,0.6939,0.6877,0.6924,65156.8
1745611200000,2025-04-25 22:00:00,0.6924,0.6946,0.6904,0.6928,45346.4
1745614800000,2025-04-25 23:00:00,0.6928,0.697,0.6843,0.6852,81780.1
1745618400000,2025-04-26 00:00:00,0.6852,0.6992,0.6849,0.6974,206368.7
1745622000000,2025-04-26 01:00:00,0.6974,0.6986,0.6849,0.6858,236609.9
1745625600000,2025-04-26 02:00:00,0.6858,0.6993,0.6856,0.6992,208748.8
1745629200000,2025-04-26 03:00:00,0.6992,0.7159,0.6934,0.7129,296410.0
1745632800000,2025-04-26 04:00:00,0.7129,0.7147,0.7065,0.7104,190288.3
1745636400000,2025-04-26 05:00:00,0.7104,0.7133,0.7009,0.704,110184.3
1745640000000,2025-04-26 06:00:00,0.704,0.7052,0.6935,0.6982,126559.8
1745643600000,2025-04-26 07:00:00,0.6982,0.705,0.6946,0.7026,124607.1
1745647200000,2025-04-26 08:00:00,0.7026,0.7129,0.7019,0.7105,72287.0
1745650800000,2025-04-26 09:00:00,0.7105,0.7142,0.7065,0.7067,121312.4
1745654400000,2025-04-26 10:00:00,0.7067,0.7141,0.6953,0.698,301330.7
1745658000000,2025-04-26 11:00:00,0.698,0.7041,0.6926,0.6973,120527.5
1745661600000,2025-04-26 12:00:00,0.6973,0.7046,0.6952,0.702,66947.2
1745665200000,2025-04-26 13:00:00,0.702,0.7039,0.6867,0.6894,129448.7
1745668800000,2025-04-26 14:00:00,0.6894,0.6978,0.6889,0.693,136067.6
1745672400000,2025-04-26 15:00:00,0.693,0.697,0.6809,0.6903,105083.8
1745676000000,2025-04-26 16:00:00,0.6903,0.6963,0.6856,0.6937,60598.0
1745679600000,2025-04-26 17:00:00,0.6937,0.7031,0.6937,0.7018,71307.2
1745683200000,2025-04-26 18:00:00,0.7018,0.7018,0.6934,0.6977,67790.7
1745686800000,2025-04-26 19:00:00,0.6977,0.6994,0.6947,0.6983,23766.3
1745690400000,2025-04-26 20:00:00,0.6983,0.7012,0.6948,0.6965,100003.8
1745694000000,2025-04-26 21:00:00,0.6965,0.7008,0.6963,0.7002,43731.7
1745697600000,2025-04-26 22:00:00,0.7002,0.7025,0.6963,0.6963,31634.8
1745701200000,2025-04-26 23:00:00,0.6963,0.7015,0.6961,0.6967,23934.3
1745704800000,2025-04-27 00:00:00,0.6967,0.703,0.6967,0.6981,40899.3
1745708400000,2025-04-27 01:00:00,0.6981,0.701,0.6953,0.7002,58934.2
1745712000000,2025-04-27 02:00:00,0.7002,0.7088,0.6963,0.7088,145244.6
1745715600000,2025-04-27 03:00:00,0.7088,0.7099,0.675,0.6759,204802.9
1745719200000,2025-04-27 04:00:00,0.6759,0.684,0.6745,0.683,124287.8
1745722800000,2025-04-27 05:00:00,0.683,0.685,0.6806,0.6841,40650.9
1745726400000,2025-04-27 06:00:00,0.6841,0.6865,0.671,0.6741,82207.2
1745730000000,2025-04-27 07:00:00,0.6741,0.676,0.6655,0.6744,124302.5
1745733600000,2025-04-27 08:00:00,0.6744,0.6765,0.6689,0.6733,381690.4
1745737200000,2025-04-27 09:00:00,0.6733,0.6784,0.6717,0.6779,69460.3
1745740800000,2025-04-27 10:00:00,0.6779,0.6828,0.676,0.6793,27764.6
1745744400000,2025-04-27 11:00:00,0.6793,0.6793,0.6719,0.6746,112957.0
1745748000000,2025-04-27 12:00:00,0.6746,0.6797,0.6725,0.6747,60479.2
1745751600000,2025-04-27 13:00:00,0.6747,0.6749,0.6688,0.6699,74235.3
1745755200000,2025-04-27 14:00:00,0.6699,0.6715,0.6618,0.6634,134542.7
1745758800000,2025-04-27 15:00:00,0.6634,0.6719,0.6581,0.6693,96414.0
1745762400000,2025-04-27 16:00:00,0.6693,0.6716,0.665,0.6651,82913.8
1745766000000,2025-04-27 17:00:00,0.6651,0.6652,0.6577,0.661,111612.7
1745769600000,2025-04-27 18:00:00,0.661,0.664,0.6551,0.6604,129265.1
1745773200000,2025-04-27 19:00:00,0.6604,0.6663,0.6586,0.666,61871.6
1745776800000,2025-04-27 20:00:00,0.666,0.6739,0.6649,0.6728,67328.1
1745780400000,2025-04-27 21:00:00,0.6728,0.6826,0.6718,0.6817,135493.6
1745784000000,2025-04-27 22:00:00,0.6817,0.6856,0.6759,0.6791,82208.6
1745787600000,2025-04-27 23:00:00,0.6791,0.6879,0.6767,0.6861,80829.3
1745791200000,2025-04-28 00:00:00,0.6861,0.6861,0.6727,0.6756,59295.4
1745794800000,2025-04-28 01:00:00,0.6756,0.6756,0.6693,0.6697,56110.7
1745798400000,2025-04-28 02:00:00,0.6697,0.675,0.6644,0.6704,108756.9
1745802000000,2025-04-28 03:00:00,0.6704,0.671,0.6509,0.6561,263363.2
1745805600000,2025-04-28 04:00:00,0.6561,0.6712,0.6551,0.6704,104587.1
1745809200000,2025-04-28 05:00:00,0.6704,0.6798,0.6681,0.678,68327.3
1745812800000,2025-04-28 06:00:00,0.678,0.6815,0.6742,0.6746,131740.9
1745816400000,2025-04-28 07:00:00,0.6746,0.6803,0.6732,0.675,145491.1
1745820000000,2025-04-28 08:00:00,0.675,0.6868,0.6748,0.6852,108600.0
1745823600000,2025-04-28 09:00:00,0.6852,0.7009,0.683,0.6999,302260.9
1745827200000,2025-04-28 10:00:00,0.6999,0.707,0.6937,0.6961,216006.1
1745830800000,2025-04-28 11:00:00,0.6961,0.7015,0.6916,0.6918,134895.8
1745834400000,2025-04-28 12:00:00,0.6918,0.6999,0.6829,0.6955,160831.8
1745838000000,2025-04-28 13:00:00,0.6955,0.7019,0.6915,0.6987,87869.7
1745841600000,2025-04-28 14:00:00,0.6987,0.6992,0.6892,0.6909,126997.8
1745845200000,2025-04-28 15:00:00,0.6909,0.695,0.6797,0.6815,168709.6
1745848800000,2025-04-28 16:00:00,0.6815,0.6911,0.6777,0.6801,211523.1
1745852400000,2025-04-28 17:00:00,0.6801,0.6825,0.6623,0.6689,233780.0
1745856000000,2025-04-28 18:00:00,0.6689,0.6714,0.66,0.6703,259011.5
1745859600000,2025-04-28 19:00:00,0.6703,0.6879,0.6703,0.6878,233545.3
1745863200000,2025-04-28 20:00:00,0.6878,0.6933,0.6837,0.6926,222675.0
1745866800000,2025-04-28 21:00:00,0.6926,0.6994,0.6919,0.6928,155802.6
1745870400000,2025-04-28 22:00:00,0.6928,0.6954,0.6893,0.6924,59844.3
1745874000000,2025-04-28 23:00:00,0.6924,0.6952,0.6865,0.6943,48554.0
1745877600000,2025-04-29 00:00:00,0.6943,0.6963,0.69,0.694,61080.3
1745881200000,2025-04-29 01:00:00,0.694,0.6942,0.6872,0.6903,55332.4
1745884800000,2025-04-29 02:00:00,0.6903,0.6961,0.6883,0.6944,63669.9
1745888400000,2025-04-29 03:00:00,0.6944,0.7015,0.6917,0.6953,154389.2
1745892000000,2025-04-29 04:00:00,0.6953,0.6965,0.6912,0.6943,60128.5
1745895600000,2025-04-29 05:00:00,0.6943,0.6969,0.693,0.6949,43453.0
1745899200000,2025-04-29 06:00:00,0.6949,0.6957,0.6824,0.6846,85070.7
1745902800000,2025-04-29 07:00:00,0.6846,0.6936,0.6836,0.6891,79183.1
1745906400000,2025-04-29 08:00:00,0.6891,0.7007,0.6891,0.7007,56492.3
1745910000000,2025-04-29 09:00:00,0.7007,0.7008,0.6958,0.6997,72566.4
1745913600000,2025-04-29 10:00:00,0.6997,0.7007,0.6923,0.695,62072.9
1745917200000,2025-04-29 11:00:00,0.695,0.6973,0.6881,0.6924,59519.0
1745920800000,2025-04-29 12:00:00,0.6924,0.694,0.681,0.6859,113341.8
1745924400000,2025-04-29 13:00:00,0.6859,0.6892,0.6821,0.6821,84926.1
1745928000000,2025-04-29 14:00:00,0.6821,0.6844,0.6727,0.6778,156521.2
1745931600000,2025-04-29 15:00:00,0.6778,0.6807,0.6724,0.6785,134197.3
1745935200000,2025-04-29 16:00:00,0.6785,0.6861,0.6765,0.684,129404.1
1745938800000,2025-04-29 17:00:00,0.684,0.6849,0.6763,0.6781,61033.3
1745942400000,2025-04-29 18:00:00,0.6781,0.6828,0.6749,0.6755,58061.2
1745946000000,2025-04-29 19:00:00,0.6755,0.6803,0.6725,0.6781,64248.1
1745949600000,2025-04-29 20:00:00,0.6781,0.6813,0.6772,0.6784,35643.6
1745953200000,2025-04-29 21:00:00,0.6784,0.6784,0.6679,0.6692,127082.8
1745956800000,2025-04-29 22:00:00,0.6692,0.6717,0.6655,0.6658,42231.4
1745960400000,2025-04-29 23:00:00,0.6658,0.6661,0.6393,0.6448,520293.6
1745964000000,2025-04-30 00:00:00,0.6448,0.6546,0.6447,0.6503,426561.3
1745967600000,2025-04-30 01:00:00,0.6503,0.6516,0.6405,0.647,314561.2
1745971200000,2025-04-30 02:00:00,0.647,0.6549,0.6459,0.6513,124654.2
1745974800000,2025-04-30 03:00:00,0.6513,0.6538,0.6431,0.6494,156341.2
1745978400000,2025-04-30 04:00:00,0.6494,0.6544,0.6476,0.6532,75044.6
1745982000000,2025-04-30 05:00:00,0.6532,0.6533,0.6454,0.6502,178946.0
1745985600000,2025-04-30 06:00:00,0.6502,0.655,0.6472,0.6549,188336.3
1745989200000,2025-04-30 07:00:00,0.6549,0.6551,0.6479,0.6505,49419.3
1745992800000,2025-04-30 08:00:00,0.6505,0.6558,0.65,0.65,230186.9
1745996400000,2025-04-30 09:00:00,0.65,0.6533,0.6423,0.6454,215056.1
1746000000000,2025-04-30 10:00:00,0.6454,0.6528,0.6437,0.6512,167640.3
1746003600000,2025-04-30 11:00:00,0.6512,0.6632,0.6501,0.662,297907.5
1746007200000,2025-04-30 12:00:00,0.662,0.6637,0.6576,0.663,155738.0
1746010800000,2025-04-30 13:00:00,0.663,0.6641,0.6608,0.6618,94858.8
1746014400000,2025-04-30 14:00:00,0.6618,0.6629,0.6434,0.6507,382750.0
1746018000000,2025-04-30 15:00:00,0.6507,0.6511,0.6245,0.6262,497746.9
1746021600000,2025-04-30 16:00:00,0.6262,0.6482,0.6238,0.6431,335156.4
1746025200000,2025-04-30 17:00:00,0.6431,0.6494,0.6421,0.6426,155913.4
1746028800000,2025-04-30 18:00:00,0.6426,0.6459,0.6353,0.6442,173859.6
1746032400000,2025-04-30 19:00:00,0.6442,0.6545,0.6425,0.6532,104612.6
1746036000000,2025-04-30 20:00:00,0.6532,0.6622,0.6504,0.6508,316610.4
1746039600000,2025-04-30 21:00:00,0.6508,0.6592,0.648,0.657,60947.7
1746043200000,2025-04-30 22:00:00,0.657,0.6696,0.6564,0.6663,114091.9
1746046800000,2025-04-30 23:00:00,0.6663,0.6679,0.6587,0.6593,44923.8
1746050400000,2025-05-01 00:00:00,0.6593,0.6628,0.6581,0.6589,46775.1
1746054000000,2025-05-01 01:00:00,0.6589,0.6617,0.6575,0.6589,56157.1
1746057600000,2025-05-01 02:00:00,0.6589,0.6649,0.6587,0.6637,61255.3
1746061200000,2025-05-01 03:00:00,0.6637,0.6716,0.6637,0.6682,68533.8
1746064800000,2025-05-01 04:00:00,0.6682,0.6684,0.6619,0.6621,78837.9
1746068400000,2025-05-01 05:00:00,0.6621,0.6673,0.6596,0.6596,25847.9
1746072000000,2025-05-01 06:00:00,0.6596,0.6668,0.6579,0.6659,64530.7
1746075600000,2025-05-01 07:00:00,0.6659,0.6724,0.6658,0.6703,114489.3
1746079200000,2025-05-01 08:00:00,0.6703,0.6749,0.6665,0.6694,284392.7
1746082800000,2025-05-01 09:00:00,0.6694,0.6754,0.6684,0.673,80196.6
1746086400000,2025-05-01 10:00:00,0.673,0.679,0.6705,0.6784,105014.6
1746090000000,2025-05-01 11:00:00,0.6784,0.6828,0.6763,0.6797,163686.5
1746093600000,2025-05-01 12:00:00,0.6797,0.6886,0.6789,0.6834,237917.1
1746097200000,2025-05-01 13:00:00,0.6834,0.6855,0.6758,0.6796,132077.7
1746100800000,2025-05-01 14:00:00,0.6796,0.6834,0.6759,0.6803,183562.4
1746104400000,2025-05-01 15:00:00,0.6803,0.6816,0.6691,0.6693,109407.4
1746108000000,2025-05-01 16:00:00,0.6693,0.6818,0.6691,0.6812,167372.5
1746111600000,2025-05-01 17:00:00,0.6812,0.6828,0.6726,0.6744,251045.0
1746115200000,2025-05-01 18:00:00,0.6744,0.6805,0.6738,0.6738,51522.7
1746118800000,2025-05-01 19:00:00,0.6738,0.6789,0.671,0.6744,52727.1
1746122400000,2025-05-01 20:00:00,0.6744,0.6777,0.6702,0.6776,55182.4
1746126000000,2025-05-01 21:00:00,0.6776,0.6807,0.6747,0.6783,68392.6
1746129600000,2025-05-01 22:00:00,0.6783,0.6811,0.6755,0.6791,56364.5
1746133200000,2025-05-01 23:00:00,0.6791,0.6821,0.6791,0.6791,38965.8
1746136800000,2025-05-02 00:00:00,0.6791,0.6809,0.6764,0.6779,36664.8
1746140400000,2025-05-02 01:00:00,0.6779,0.6786,0.6716,0.675,67892.1
1746144000000,2025-05-02 02:00:00,0.675,0.6832,0.6729,0.6827,109833.1
1746147600000,2025-05-02 03:00:00,0.6827,0.6875,0.6812,0.6851,76398.5
1746151200000,2025-05-02 04:00:00,0.6851,0.6936,0.6839,0.6928,128707.4
1746154800000,2025-05-02 05:00:00,0.6928,0.6949,0.6854,0.6866,126605.8
1746158400000,2025-05-02 06:00:00,0.6866,0.6881,0.6753,0.6771,153972.4
1746162000000,2025-05-02 07:00:00,0.6771,0.6843,0.677,0.6833,74367.9
1746165600000,2025-05-02 08:00:00,0.6833,0.6833,0.6639,0.6742,706368.9
1746169200000,2025-05-02 09:00:00,0.6742,0.6751,0.6638,0.6663,316018.4
1746172800000,2025-05-02 10:00:00,0.6663,0.6765,0.6652,0.6765,130441.4
1746176400000,2025-05-02 11:00:00,0.6765,0.6798,0.6725,0.6737,184873.7
1746180000000,2025-05-02 12:00:00,0.6737,0.6763,0.6705,0.6712,81033.0
1746183600000,2025-05-02 13:00:00,0.6712,0.6782,0.6705,0.6745,443696.9
1746187200000,2025-05-02 14:00:00,0.6745,0.6827,0.6697,0.6824,346998.0
1746190800000,2025-05-02 15:00:00,0.6824,0.6829,0.6723,0.6766,156434.2
1746194400000,2025-05-02 16:00:00,0.6766,0.6843,0.6743,0.6832,153041.5
1746198000000,2025-05-02 17:00:00,0.6832,0.6844,0.6742,0.6795,48083.5
1746201600000,2025-05-02 18:00:00,0.6795,0.6893,0.6794,0.6855,255476.4
1746205200000,2025-05-02 19:00:00,0.6855,0.6865,0.681,0.6848,121765.0
1746208800000,2025-05-02 20:00:00,0.6848,0.6883,0.6816,0.6823,48465.2
1746212400000,2025-05-02 21:00:00,0.6823,0.6828,0.6715,0.6734,177026.9
1746216000000,2025-05-02 22:00:00,0.6734,0.6804,0.6723,0.6803,67735.2
1746219600000,2025-05-02 23:00:00,0.6803,0.6835,0.675,0.6779,35955.1
1746223200000,2025-05-03 00:00:00,0.6779,0.6816,0.6771,0.6814,20713.3
1746226800000,2025-05-03 01:00:00,0.6814,0.6833,0.6763,0.6785,136895.6
1746230400000,2025-05-03 02:00:00,0.6785,0.6795,0.6731,0.6747,81639.4
1746234000000,2025-05-03 03:00:00,0.6747,0.6754,0.6657,0.6664,129315.5
1746237600000,2025-05-03 04:00:00,0.6664,0.6691,0.6651,0.668,34156.8
1746241200000,2025-05-03 05:00:00,0.668,0.6698,0.6663,0.6667,41383.7
1746244800000,2025-05-03 06:00:00,0.6667,0.6704,0.6663,0.6671,40623.8
1746248400000,2025-05-03 07:00:00,0.6671,0.6673,0.6645,0.6656,43989.8
1746252000000,2025-05-03 08:00:00,0.6656,0.6669,0.659,0.6607,171913.0
1746255600000,2025-05-03 09:00:00,0.6607,0.6626,0.6564,0.6586,226316.3
1746259200000,2025-05-03 10:00:00,0.6586,0.6594,0.6545,0.6554,90380.1
1746262800000,2025-05-03 11:00:00,0.6554,0.6565,0.6511,0.6526,102753.2
1746266400000,2025-05-03 12:00:00,0.6526,0.6534,0.6453,0.6455,90458.8
1746270000000,2025-05-03 13:00:00,0.6455,0.6484,0.6431,0.644,182867.3
1746273600000,2025-05-03 14:00:00,0.644,0.6543,0.644,0.6502,200500.3
1746277200000,2025-05-03 15:00:00,0.6502,0.6514,0.6464,0.6484,59979.7
1746280800000,2025-05-03 16:00:00,0.6484,0.6497,0.6468,0.6472,23050.7
1746284400000,2025-05-03 17:00:00,0.6472,0.6522,0.6461,0.6463,78774.8
1746288000000,2025-05-03 18:00:00,0.6463,0.6469,0.6342,0.6389,241794.9
1746291600000,2025-05-03 19:00:00,0.6389,0.6389,0.626,0.6362,128013.3
1746295200000,2025-05-03 20:00:00,0.6362,0.6372,0.6301,0.6325,60138.9
1746298800000,2025-05-03 21:00:00,0.6325,0.6385,0.631,0.638,28515.7
1746302400000,2025-05-03 22:00:00,0.638,0.6386,0.6328,0.6331,49555.3
1746306000000,2025-05-03 23:00:00,0.6331,0.6379,0.6287,0.6329,83281.7
1746309600000,2025-05-04 00:00:00,0.6329,0.6348,0.631,0.6325,22905.5
1746313200000,2025-05-04 01:00:00,0.6325,0.6325,0.6284,0.6286,68972.7
1746316800000,2025-05-04 02:00:00,0.6286,0.6308,0.6189,0.6214,236434.7
1746320400000,2025-05-04 03:00:00,0.6214,0.6273,0.6187,0.6252,68952.7
1746324000000,2025-05-04 04:00:00,0.6252,0.6326,0.6224,0.6241,123389.3
1746327600000,2025-05-04 05:00:00,0.6241,0.6278,0.6186,0.6223,149242.1
1746331200000,2025-05-04 06:00:00,0.6223,0.6264,0.6177,0.6203,167061.1
1746334800000,2025-05-04 07:00:00,0.6203,0.6247,0.619,0.6221,124323.3
1746338400000,2025-05-04 08:00:00,0.6221,0.6237,0.6138,0.6202,225473.6
1746342000000,2025-05-04 09:00:00,0.6202,0.6203,0.6164,0.6198,76386.7
1746345600000,2025-05-04 10:00:00,0.6198,0.6213,0.6101,0.6145,163314.4
1746349200000,2025-05-04 11:00:00,0.6145,0.6156,0.6099,0.6113,118055.1
1746352800000,2025-05-04 12:00:00,0.6113,0.6154,0.61,0.6131,79794.2
1746356400000,2025-05-04 13:00:00,0.6131,0.6165,0.612,0.6145,54154.4
1746360000000,2025-05-04 14:00:00,0.6145,0.6164,0.6115,0.6115,47131.4
1746363600000,2025-05-04 15:00:00,0.6115,0.6137,0.6068,0.6109,138951.8
1746367200000,2025-05-04 16:00:00,0.6109,0.6175,0.6109,0.6159,54758.1
1746370800000,2025-05-04 17:00:00,0.6159,0.6163,0.6081,0.6102,88167.0
1746374400000,2025-05-04 18:00:00,0.6102,0.6114,0.6038,0.6066,155545.4
1746378000000,2025-05-04 19:00:00,0.6066,0.6092,0.6015,0.6078,67106.0
1746381600000,2025-05-04 20:00:00,0.6078,0.6103,0.6046,0.6046,42568.7
1746385200000,2025-05-04 21:00:00,0.6046,0.61,0.6031,0.6067,82403.6
1746388800000,2025-05-04 22:00:00,0.6067,0.6117,0.6062,0.6103,68351.6
1746392400000,2025-05-04 23:00:00,0.6103,0.6104,0.6062,0.6093,46730.4
1746396000000,2025-05-05 00:00:00,0.6093,0.6096,0.6018,0.6065,65530.0
1746399600000,2025-05-05 01:00:00,0.6065,0.6085,0.6034,0.6058,72101.3
1746403200000,2025-05-05 02:00:00,0.6058,0.6129,0.6049,0.6124,53951.5
1746406800000,2025-05-05 03:00:00,0.6124,0.6124,0.6022,0.6052,107558.5
1746410400000,2025-05-05 04:00:00,0.6052,0.616,0.6032,0.6128,143059.2
1746414000000,2025-05-05 05:00:00,0.6128,0.6138,0.609,0.6102,107185.9
1746417600000,2025-05-05 06:00:00,0.6102,0.6151,0.6084,0.614,29382.0
1746421200000,2025-05-05 07:00:00,0.614,0.6174,0.6111,0.6174,192683.8
1746424800000,2025-05-05 08:00:00,0.6174,0.6189,0.6104,0.6124,187729.3
1746428400000,2025-05-05 09:00:00,0.6124,0.6166,0.6103,0.616,183538.6
1746432000000,2025-05-05 10:00:00,0.616,0.6195,0.6152,0.6166,125235.4
1746435600000,2025-05-05 11:00:00,0.6166,0.6193,0.6159,0.6159,44135.1
1746439200000,2025-05-05 12:00:00,0.6159,0.6163,0.601,0.6063,195451.6
1746442800000,2025-05-05 13:00:00,0.6063,0.6101,0.6038,0.6059,79166.4
1746446400000,2025-05-05 14:00:00,0.6059,0.6109,0.603,0.6063,117351.2
1746450000000,2025-05-05 15:00:00,0.6063,0.6095,0.6018,0.6095,125752.5
1746453600000,2025-05-05 16:00:00,0.6095,0.6127,0.6057,0.6081,87747.9
1746457200000,2025-05-05 17:00:00,0.6081,0.6103,0.6024,0.6064,120658.0
1746460800000,2025-05-05 18:00:00,0.6064,0.613,0.6057,0.6093,85168.9
1746464400000,2025-05-05 19:00:00,0.6093,0.6138,0.6056,0.613,80684.0
1746468000000,2025-05-05 20:00:00,0.613,0.6198,0.6126,0.6164,101738.1
1746471600000,2025-05-05 21:00:00,0.6164,0.6181,0.609,0.6096,40741.3
1746475200000,2025-05-05 22:00:00,0.6096,0.6146,0.5997,0.6059,387957.0
1746478800000,2025-05-05 23:00:00,0.6059,0.6123,0.6056,0.6113,94962.4
1746482400000,2025-05-06 00:00:00,0.6113,0.617,0.6112,0.6145,52317.6
1746486000000,2025-05-06 01:00:00,0.6145,0.6164,0.6083,0.6091,233919.0
1746489600000,2025-05-06 02:00:00,0.6091,0.6119,0.6058,0.608,59601.8
1746493200000,2025-05-06 03:00:00,0.608,0.6139,0.6065,0.6083,56090.2
1746496800000,2025-05-06 04:00:00,0.6083,0.6156,0.6052,0.6154,338608.0
1746500400000,2025-05-06 05:00:00,0.6154,0.6206,0.6125,0.6187,143869.4
1746504000000,2025-05-06 06:00:00,0.6187,0.6202,0.6155,0.6161,41579.8
1746507600000,2025-05-06 07:00:00,0.6161,0.6163,0.6108,0.6112,55932.4
1746511200000,2025-05-06 08:00:00,0.6112,0.6124,0.6084,0.6096,28928.0
1746514800000,2025-05-06 09:00:00,0.6096,0.6129,0.6059,0.6062,84063.9
1746518400000,2025-05-06 10:00:00,0.6062,0.6077,0.5965,0.6075,140424.9
1746522000000,2025-05-06 11:00:00,0.6075,0.6075,0.5988,0.601,63842.2
1746525600000,2025-05-06 12:00:00,0.601,0.601,0.5906,0.5927,250812.4
1746529200000,2025-05-06 13:00:00,0.5927,0.5982,0.5846,0.5889,213101.9
1746532800000,2025-05-06 14:00:00,0.5889,0.5923,0.5856,0.5919,119964.7
1746536400000,2025-05-06 15:00:00,0.5919,0.593,0.5864,0.5901,46881.9
1746540000000,2025-05-06 16:00:00,0.5901,0.6008,0.5897,0.5937,122848.2
1746543600000,2025-05-06 17:00:00,0.5937,0.5957,0.5883,0.5887,96108.3
1746547200000,2025-05-06 18:00:00,0.5887,0.5902,0.5824,0.5832,213672.3
1746550800000,2025-05-06 19:00:00,0.5832,0.5937,0.5832,0.5892,134209.9
1746554400000,2025-05-06 20:00:00,0.5892,0.5979,0.5885,0.5978,80045.2
1746558000000,2025-05-06 21:00:00,0.5978,0.5989,0.5925,0.5928,37796.2
1746561600000,2025-05-06 22:00:00,0.5928,0.5948,0.5834,0.5853,106602.0
1746565200000,2025-05-06 23:00:00,0.5853,0.5889,0.5693,0.5821,426823.0
1746568800000,2025-05-07 00:00:00,0.5821,0.5978,0.5815,0.5963,184122.4
1746572400000,2025-05-07 01:00:00,0.5963,0.6032,0.5928,0.6021,103111.7
1746576000000,2025-05-07 02:00:00,0.6021,0.6081,0.5981,0.6047,104833.1
1746579600000,2025-05-07 03:00:00,0.6047,0.6088,0.6042,0.6068,60099.4
1746583200000,2025-05-07 04:00:00,0.6068,0.6069,0.598,0.5986,43447.9
1746586800000,2025-05-07 05:00:00,0.5986,0.6022,0.5957,0.6011,33569.5
1746590400000,2025-05-07 06:00:00,0.6011,0.6052,0.5996,0.6017,87164.6
1746594000000,2025-05-07 07:00:00,0.6017,0.6017,0.5968,0.598,46704.4
1746597600000,2025-05-07 08:00:00,0.598,0.6034,0.5977,0.6009,96042.6
1746601200000,2025-05-07 09:00:00,0.6009,0.61,0.6008,0.6051,217810.9
1746604800000,2025-05-07 10:00:00,0.6051,0.6098,0.6011,0.6085,45543.0
1746608400000,2025-05-07 11:00:00,0.6085,0.6086,0.6047,0.6053,20148.2
1746612000000,2025-05-07 12:00:00,0.6053,0.6065,0.6003,0.6021,120305.5
1746615600000,2025-05-07 13:00:00,0.6021,0.6045,0.5997,0.6041,26625.5
1746619200000,2025-05-07 14:00:00,0.6041,0.6048,0.5982,0.5992,88950.1
1746622800000,2025-05-07 15:00:00,0.5992,0.6028,0.5955,0.6016,53370.4
1746626400000,2025-05-07 16:00:00,0.6016,0.6047,0.5942,0.5967,152417.5
1746630000000,2025-05-07 17:00:00,0.5967,0.5967,0.5907,0.592,67238.8
1746633600000,2025-05-07 18:00:00,0.592,0.5923,0.5835,0.59,54813.4
1746637200000,2025-05-07 19:00:00,0.59,0.591,0.5847,0.5901,153535.6
1746640800000,2025-05-07 20:00:00,0.5901,0.5989,0.5842,0.5947,329734.1
1746644400000,2025-05-07 21:00:00,0.5947,0.5961,0.5885,0.5924,41610.1
1746648000000,2025-05-07 22:00:00,0.5924,0.5945,0.5902,0.5945,29424.7
1746651600000,2025-05-07 23:00:00,0.5945,0.6007,0.5937,0.5969,48553.0
1746655200000,2025-05-08 00:00:00,0.5969,0.6035,0.5969,0.6023,112025.1
1746658800000,2025-05-08 01:00:00,0.6023,0.6057,0.6007,0.6012,88572.5
1746662400000,2025-05-08 02:00:00,0.6012,0.6092,0.6003,0.6085,47894.3
1746666000000,2025-05-08 03:00:00,0.6085,0.6194,0.6085,0.6118,214378.3
1746669600000,2025-05-08 04:00:00,0.6118,0.6189,0.6099,0.6168,137771.1
1746673200000,2025-05-08 05:00:00,0.6168,0.626,0.6153,0.6259,103701.7
1746676800000,2025-05-08 06:00:00,0.6259,0.6336,0.6254,0.6309,140235.4
1746680400000,2025-05-08 07:00:00,0.6309,0.6334,0.6278,0.632,46598.6
1746684000000,2025-05-08 08:00:00,0.632,0.636,0.6314,0.636,78093.9
1746687600000,2025-05-08 09:00:00,0.636,0.6409,0.6354,0.6371,221161.8
1746691200000,2025-05-08 10:00:00,0.6371,0.6453,0.6371,0.6429,97920.1
1746694800000,2025-05-08 11:00:00,0.6429,0.646,0.6401,0.646,40484.3
1746698400000,2025-05-08 12:00:00,0.646,0.6555,0.6454,0.6542,160039.8
1746702000000,2025-05-08 13:00:00,0.6542,0.6557,0.6479,0.6543,382185.4
1746705600000,2025-05-08 14:00:00,0.6543,0.6594,0.6536,0.6569,174214.4
1746709200000,2025-05-08 15:00:00,0.6569,0.6592,0.6515,0.6542,135162.4
1746712800000,2025-05-08 16:00:00,0.6542,0.662,0.6511,0.6575,141212.2
1746716400000,2025-05-08 17:00:00,0.6575,0.6949,0.6566,0.6839,795811.3
1746720000000,2025-05-08 18:00:00,0.6839,0.6897,0.6798,0.6864,418817.7
1746723600000,2025-05-08 19:00:00,0.6864,0.6965,0.6852,0.6916,192321.7
1746727200000,2025-05-08 20:00:00,0.6916,0.699,0.6906,0.6957,186767.0
1746730800000,2025-05-08 21:00:00,0.6957,0.7031,0.6902,0.6983,275506.9
1746734400000,2025-05-08 22:00:00,0.6983,0.731,0.6983,0.7309,570171.5
1746738000000,2025-05-08 23:00:00,0.7309,0.7428,0.7237,0.7395,561348.2
1746741600000,2025-05-09 00:00:00,0.7395,0.7532,0.7351,0.7468,644041.6
1746745200000,2025-05-09 01:00:00,0.7468,0.7694,0.7397,0.7626,588443.7
1746748800000,2025-05-09 02:00:00,0.7626,0.7743,0.7541,0.7653,586890.3
1746752400000,2025-05-09 03:00:00,0.7653,0.7853,0.7628,0.7707,383982.6
1746756000000,2025-05-09 04:00:00,0.7707,0.7842,0.7644,0.769,613003.0
1746759600000,2025-05-09 05:00:00,0.769,0.7863,0.7567,0.7624,351096.4
1746763200000,2025-05-09 06:00:00,0.7624,0.7728,0.7589,0.7613,139667.2
1746766800000,2025-05-09 07:00:00,0.7613,0.7728,0.7587,0.772,175012.1
1746770400000,2025-05-09 08:00:00,0.772,0.7779,0.7657,0.777,307827.4
1746774000000,2025-05-09 09:00:00,0.777,0.7916,0.7754,0.7829,437362.5
1746777600000,2025-05-09 10:00:00,0.7829,0.802,0.7632,0.7723,785435.3
1746781200000,2025-05-09 11:00:00,0.7723,0.7816,0.7577,0.767,361466.8
1746784800000,2025-05-09 12:00:00,0.767,0.7796,0.7646,0.7774,190836.5
1746788400000,2025-05-09 13:00:00,0.7774,0.7927,0.7719,0.7839,407981.8
1746792000000,2025-05-09 14:00:00,0.7839,0.7847,0.7716,0.7769,451805.3
1746795600000,2025-05-09 15:00:00,0.7769,0.7867,0.7718,0.783,142193.3
1746799200000,2025-05-09 16:00:00,0.783,0.7859,0.7542,0.7635,494783.7
1746802800000,2025-05-09 17:00:00,0.7635,0.7695,0.7562,0.7695,145683.3
1746806400000,2025-05-09 18:00:00,0.7695,0.7724,0.7572,0.7623,301998.8
1746810000000,2025-05-09 19:00:00,0.7623,0.7751,0.7611,0.7728,149658.2
1746813600000,2025-05-09 20:00:00,0.7728,0.7732,0.7637,0.766,82078.2
1746817200000,2025-05-09 21:00:00,0.766,0.7683,0.7588,0.7608,47691.5
1746820800000,2025-05-09 22:00:00,0.7608,0.7712,0.7599,0.7712,82179.6
1746824400000,2025-05-09 23:00:00,0.7712,0.7753,0.7639,0.7674,93785.5
1746828000000,2025-05-10 00:00:00,0.7674,0.7721,0.7637,0.7652,73473.8
1746831600000,2025-05-10 01:00:00,0.7652,0.7784,0.7634,0.7783,71375.7
1746835200000,2025-05-10 02:00:00,0.7783,0.7975,0.7665,0.7715,274561.7
1746838800000,2025-05-10 03:00:00,0.7715,0.7864,0.7667,0.7699,94971.9
1746842400000,2025-05-10 04:00:00,0.7699,0.7814,0.7692,0.7793,73584.3
1746846000000,2025-05-10 05:00:00,0.7793,0.786,0.7736,0.785,74062.6
1746849600000,2025-05-10 06:00:00,0.785,0.785,0.7696,0.774,72867.1
1746853200000,2025-05-10 07:00:00,0.774,0.7911,0.7712,0.7881,88064.2
1746856800000,2025-05-10 08:00:00,0.7881,0.7989,0.7856,0.7929,340280.1
1746860400000,2025-05-10 09:00:00,0.7929,0.8171,0.7865,0.8098,508946.9
1746864000000,2025-05-10 10:00:00,0.8098,0.818,0.7897,0.7952,262262.3
1746867600000,2025-05-10 11:00:00,0.7952,0.8019,0.7871,0.7967,98236.9
1746871200000,2025-05-10 12:00:00,0.7967,0.8049,0.7867,0.7867,99789.4
1746874800000,2025-05-10 13:00:00,0.7867,0.7951,0.7778,0.7821,170808.6
1746878400000,2025-05-10 14:00:00,0.7821,0.7896,0.7786,0.7858,68880.1
1746882000000,2025-05-10 15:00:00,0.7858,0.801,0.7858,0.7971,160554.2
1746885600000,2025-05-10 16:00:00,0.7971,0.8032,0.7891,0.7954,228675.2
1746889200000,2025-05-10 17:00:00,0.7954,0.7958,0.7806,0.7857,268174.7
1746892800000,2025-05-10 18:00:00,0.7857,0.8092,0.7823,0.8079,244410.7
1746896400000,2025-05-10 19:00:00,0.8079,0.8298,0.8054,0.8138,386782.4
1746900000000,2025-05-10 20:00:00,0.8138,0.8197,0.8078,0.8106,138410.9
1746903600000,2025-05-10 21:00:00,0.8106,0.8133,0.806,0.8098,52641.2
1746907200000,2025-05-10 22:00:00,0.8098,0.8177,0.8014,0.8103,123296.7
1746910800000,2025-05-10 23:00:00,0.8103,0.8242,0.8101,0.8204,163576.5
1746914400000,2025-05-11 00:00:00,0.8204,0.8304,0.8142,0.8298,196198.0
1746918000000,2025-05-11 01:00:00,0.8298,0.8743,0.829,0.8692,914171.9
1746921600000,2025-05-11 02:00:00,0.8692,0.8771,0.8389,0.8485,589714.5
1746925200000,2025-05-11 03:00:00,0.8485,0.8562,0.8302,0.8369,169384.9
1746928800000,2025-05-11 04:00:00,0.8369,0.8565,0.833,0.8445,209364.7
1746932400000,2025-05-11 05:00:00,0.8445,0.867,0.8393,0.848,196372.8
1746936000000,2025-05-11 06:00:00,0.848,0.859,0.8397,0.8503,143758.1
1746939600000,2025-05-11 07:00:00,0.8503,0.8525,0.8405,0.8411,91052.6
1746943200000,2025-05-11 08:00:00,0.8411,0.8414,0.8217,0.8274,155750.1
1746946800000,2025-05-11 09:00:00,0.8274,0.8274,0.8034,0.813,368983.2
1746950400000,2025-05-11 10:00:00,0.813,0.8209,0.8062,0.8084,160582.1
1746954000000,2025-05-11 11:00:00,0.8084,0.8218,0.8077,0.8173,108628.0
1746957600000,2025-05-11 12:00:00,0.8173,0.8245,0.8118,0.8242,52349.7
1746961200000,2025-05-11 13:00:00,0.8242,0.8269,0.8185,0.8232,89224.7
1746964800000,2025-05-11 14:00:00,0.8232,0.8259,0.8167,0.8193,85048.5
1746968400000,2025-05-11 15:00:00,0.8193,0.8292,0.7966,0.7971,219721.3
1746972000000,2025-05-11 16:00:00,0.7971,0.8125,0.7971,0.807,123431.3
1746975600000,2025-05-11 17:00:00,0.807,0.8166,0.7971,0.8031,134982.7
1746979200000,2025-05-11 18:00:00,0.8031,0.808,0.7907,0.8041,119063.4
1746982800000,2025-05-11 19:00:00,0.8041,0.8149,0.7996,0.8124,82857.8
1746986400000,2025-05-11 20:00:00,0.8124,0.8211,0.8074,0.8151,98329.7
1746990000000,2025-05-11 21:00:00,0.8151,0.8197,0.8137,0.8165,31984.1
1746993600000,2025-05-11 22:00:00,0.8165,0.819,0.8081,0.8129,67939.6
1746997200000,2025-05-11 23:00:00,0.8129,0.8186,0.8097,0.8186,53740.8
1747000800000,2025-05-12 00:00:00,0.8186,0.8213,0.808,0.8143,49322.3
1747004400000,2025-05-12 01:00:00,0.8143,0.8219,0.8113,0.8121,53100.5
1747008000000,2025-05-12 02:00:00,0.8121,0.8276,0.8112,0.8255,92008.2
1747011600000,2025-05-12 03:00:00,0.8255,0.8366,0.8046,0.8186,159234.2
1747015200000,2025-05-12 04:00:00,0.8186,0.8337,0.8185,0.8325,188376.3
1747018800000,2025-05-12 05:00:00,0.8325,0.8397,0.8233,0.8363,76751.0
1747022400000,2025-05-12 06:00:00,0.8363,0.8456,0.829,0.84,114769.4
1747026000000,2025-05-12 07:00:00,0.84,0.8445,0.8198,0.8277,118378.7
1747029600000,2025-05-12 08:00:00,0.8277,0.8478,0.824,0.8473,125217.9
1747033200000,2025-05-12 09:00:00,0.8473,0.8701,0.8464,0.8571,370910.9
1747036800000,2025-05-12 10:00:00,0.8571,0.8725,0.8471,0.8675,264404.5
1747040400000,2025-05-12 11:00:00,0.8675,0.8724,0.8571,0.8595,121307.9
1747044000000,2025-05-12 12:00:00,0.8595,0.8673,0.8548,0.8672,114840.1
1747047600000,2025-05-12 13:00:00,0.8672,0.8737,0.8453,0.8458,530370.9
1747051200000,2025-05-12 14:00:00,0.8458,0.8653,0.8439,0.861,283792.8
1747054800000,2025-05-12 15:00:00,0.861,0.8708,0.8453,0.859,258701.5
1747058400000,2025-05-12 16:00:00,0.859,0.8672,0.8251,0.8306,359361.9
1747062000000,2025-05-12 17:00:00,0.8306,0.8376,0.8148,0.8248,298009.7
1747065600000,2025-05-12 18:00:00,0.8248,0.842,0.8182,0.836,198717.5
1747069200000,2025-05-12 19:00:00,0.836,0.8426,0.8192,0.8244,114707.7
1747072800000,2025-05-12 20:00:00,0.8244,0.8284,0.7839,0.8014,418219.8
1747076400000,2025-05-12 21:00:00,0.8014,0.8165,0.8003,0.8143,164787.6
1747080000000,2025-05-12 22:00:00,0.8143,0.8269,0.8104,0.8234,107821.9
1747083600000,2025-05-12 23:00:00,0.8234,0.8277,0.8166,0.8248,42918.4
1747087200000,2025-05-13 00:00:00,0.8248,0.832,0.8214,0.8254,74444.6
1747090800000,2025-05-13 01:00:00,0.8254,0.8303,0.8199,0.8208,64198.1
1747094400000,2025-05-13 02:00:00,0.8208,0.8234,0.8002,0.8009,170485.6
1747098000000,2025-05-13 03:00:00,0.8009,0.8047,0.787,0.7908,255550.3
1747101600000,2025-05-13 04:00:00,0.7908,0.7945,0.7742,0.7785,327290.8
1747105200000,2025-05-13 05:00:00,0.7785,0.8111,0.7766,0.7776,1094214.6
1747108800000,2025-05-13 06:00:00,0.7776,0.7946,0.7754,0.7943,163031.4
1747112400000,2025-05-13 07:00:00,0.7943,0.7993,0.786,0.7935,156381.7
1747116000000,2025-05-13 08:00:00,0.7935,0.8028,0.7935,0.7976,101554.4
1747119600000,2025-05-13 09:00:00,0.7976,0.8036,0.7946,0.7995,61025.8
1747123200000,2025-05-13 10:00:00,0.7995,0.8057,0.7958,0.8013,85634.2
1747126800000,2025-05-13 11:00:00,0.8013,0.819,0.8013,0.819,122695.6
1747130400000,2025-05-13 12:00:00,0.819,0.8191,0.8085,0.8118,111141.1
1747134000000,2025-05-13 13:00:00,0.8118,0.8202,0.8071,0.8153,74740.4
1747137600000,2025-05-13 14:00:00,0.8153,0.8339,0.8086,0.8233,298726.6
1747141200000,2025-05-13 15:00:00,0.8233,0.8351,0.823,0.8285,115496.8
1747144800000,2025-05-13 16:00:00,0.8285,0.833,0.8088,0.8181,504974.3
1747148400000,2025-05-13 17:00:00,0.8181,0.828,0.8138,0.8273,132359.1
1747152000000,2025-05-13 18:00:00,0.8273,0.8482,0.8261,0.8472,202353.6
1747155600000,2025-05-13 19:00:00,0.8472,0.8635,0.8464,0.8558,237847.9
1747159200000,2025-05-13 20:00:00,0.8558,0.8781,0.8558,0.8764,323006.4
1747162800000,2025-05-13 21:00:00,0.8764,0.8814,0.8533,0.8688,877679.7
1747166400000,2025-05-13 22:00:00,0.8688,0.8782,0.8593,0.8736,261999.4
1747170000000,2025-05-13 23:00:00,0.8736,0.8807,0.8606,0.8784,211148.3
1747173600000,2025-05-14 00:00:00,0.8784,0.8822,0.8673,0.8715,133210.9
1747177200000,2025-05-14 01:00:00,0.8715,0.8817,0.8627,0.8742,135750.7
1747180800000,2025-05-14 02:00:00,0.8742,0.892,0.8711,0.8799,454228.5
1747184400000,2025-05-14 03:00:00,0.8799,0.8908,0.8676,0.8715,266990.0
1747188000000,2025-05-14 04:00:00,0.8715,0.8715,0.8564,0.8644,171879.6
1747191600000,2025-05-14 05:00:00,0.8644,0.8674,0.8572,0.8621,112657.6
1747195200000,2025-05-14 06:00:00,0.8621,0.8685,0.8509,0.8638,166518.1
1747198800000,2025-05-14 07:00:00,0.8638,0.8694,0.8625,0.8656,135620.0
1747202400000,2025-05-14 08:00:00,0.8656,0.8674,0.8585,0.8638,62871.9
1747206000000,2025-05-14 09:00:00,0.8638,0.8638,0.844,0.8451,262091.7
1747209600000,2025-05-14 10:00:00,0.8451,0.8476,0.8249,0.8255,294425.6
1747213200000,2025-05-14 11:00:00,0.8255,0.8338,0.8233,0.8318,143410.2
1747216800000,2025-05-14 12:00:00,0.8318,0.8424,0.831,0.8312,95488.2
1747220400000,2025-05-14 13:00:00,0.8312,0.8422,0.8312,0.8377,119407.0
1747224000000,2025-05-14 14:00:00,0.8377,0.8393,0.8261,0.828,74331.1
1747227600000,2025-05-14 15:00:00,0.828,0.8371,0.8124,0.8244,392937.0
1747231200000,2025-05-14 16:00:00,0.8244,0.825,0.8094,0.813,177153.3
1747234800000,2025-05-14 17:00:00,0.813,0.8152,0.7991,0.8017,264038.8
1747238400000,2025-05-14 18:00:00,0.8017,0.8518,0.8016,0.8204,1824941.3
1747242000000,2025-05-14 19:00:00,0.8204,0.8212,0.8069,0.8207,144189.0
1747245600000,2025-05-14 20:00:00,0.8207,0.8299,0.8206,0.8273,157320.3
1747249200000,2025-05-14 21:00:00,0.8273,0.8302,0.8212,0.8242,65602.8
1747252800000,2025-05-14 22:00:00,0.8242,0.8306,0.8242,0.8247,73002.0
1747256400000,2025-05-14 23:00:00,0.8247,0.8251,0.8129,0.823,85021.9
1747260000000,2025-05-15 00:00:00,0.823,0.8248,0.811,0.8157,87839.6
1747263600000,2025-05-15 01:00:00,0.8157,0.8181,0.8066,0.8148,61670.4
1747267200000,2025-05-15 02:00:00,0.8148,0.8349,0.8126,0.8312,164475.3
1747270800000,2025-05-15 03:00:00,0.8312,0.8322,0.8046,0.807,226262.3
1747274400000,2025-05-15 04:00:00,0.807,0.8212,0.8056,0.8157,127223.1
1747278000000,2025-05-15 05:00:00,0.8157,0.8201,0.8025,0.8056,141715.1
1747281600000,2025-05-15 06:00:00,0.8056,0.8119,0.8027,0.8102,68190.6
1747285200000,2025-05-15 07:00:00,0.8102,0.811,0.7877,0.7915,361577.0
1747288800000,2025-05-15 08:00:00,0.7915,0.7974,0.7832,0.791,107613.8
1747292400000,2025-05-15 09:00:00,0.791,0.792,0.7614,0.7669,646186.7
1747296000000,2025-05-15 10:00:00,0.7669,0.7867,0.7667,0.7856,388865.5
1747299600000,2025-05-15 11:00:00,0.7856,0.7863,0.77,0.7744,261978.4
1747303200000,2025-05-15 12:00:00,0.7744,0.7747,0.7582,0.7644,304399.7
1747306800000,2025-05-15 13:00:00,0.7644,0.7765,0.7633,0.7726,122633.8
1747310400000,2025-05-15 14:00:00,0.7726,0.7803,0.763,0.7683,445340.2
1747314000000,2025-05-15 15:00:00,0.7683,0.7724,0.7456,0.7542,266027.1
1747317600000,2025-05-15 16:00:00,0.7542,0.7576,0.734,0.7421,493408.7
1747321200000,2025-05-15 17:00:00,0.7421,0.7746,0.7386,0.7735,315108.6
1747324800000,2025-05-15 18:00:00,0.7735,0.7927,0.7674,0.7927,264864.4
1747328400000,2025-05-15 19:00:00,0.7927,0.7938,0.7802,0.781,195543.2
1747332000000,2025-05-15 20:00:00,0.781,0.782,0.757,0.7585,177598.2
1747335600000,2025-05-15 21:00:00,0.7585,0.7635,0.7502,0.753,99786.3
1747339200000,2025-05-15 22:00:00,0.753,0.758,0.7414,0.747,405753.1
1747342800000,2025-05-15 23:00:00,0.747,0.7476,0.7312,0.7457,122312.1
1747346400000,2025-05-16 00:00:00,0.7457,0.7525,0.7397,0.7401,75223.9
1747350000000,2025-05-16 01:00:00,0.7401,0.7447,0.7222,0.7416,246066.9
1747353600000,2025-05-16 02:00:00,0.7416,0.7504,0.7388,0.7444,91627.3
1747357200000,2025-05-16 03:00:00,0.7444,0.7512,0.7345,0.7477,85338.4
1747360800000,2025-05-16 04:00:00,0.7477,0.7608,0.7477,0.7547,354820.3
1747364400000,2025-05-16 05:00:00,0.7547,0.7592,0.7513,0.7574,95131.1
1747368000000,2025-05-16 06:00:00,0.7574,0.763,0.7481,0.7552,97341.6
1747371600000,2025-05-16 07:00:00,0.7552,0.7641,0.7546,0.7596,87273.1
1747375200000,2025-05-16 08:00:00,0.7596,0.7681,0.758,0.762,118838.5
1747378800000,2025-05-16 09:00:00,0.762,0.7696,0.757,0.7627,131103.7
1747382400000,2025-05-16 10:00:00,0.7627,0.7661,0.7446,0.753,247338.2
1747386000000,2025-05-16 11:00:00,0.753,0.7637,0.7508,0.7628,369348.6
1747389600000,2025-05-16 12:00:00,0.7628,0.7655,0.7563,0.7653,135063.3
1747393200000,2025-05-16 13:00:00,0.7653,0.769,0.7574,0.7598,177950.9
1747396800000,2025-05-16 14:00:00,0.7598,0.7616,0.7522,0.7531,62099.8
1747400400000,2025-05-16 15:00:00,0.7531,0.7622,0.7516,0.7613,84625.6
1747404000000,2025-05-16 16:00:00,0.7613,0.7616,0.7409,0.7455,235017.4
1747407600000,2025-05-16 17:00:00,0.7455,0.756,0.7455,0.7535,91229.1
1747411200000,2025-05-16 18:00:00,0.7535,0.7581,0.7405,0.75,132965.8
1747414800000,2025-05-16 19:00:00,0.75,0.7531,0.7365,0.7386,95852.8
1747418400000,2025-05-16 20:00:00,0.7386,0.7458,0.7382,0.7441,37484.2
1747422000000,2025-05-16 21:00:00,0.7441,0.7512,0.7416,0.7492,84082.4
1747425600000,2025-05-16 22:00:00,0.7492,0.7494,0.7351,0.7423,301848.4
1747429200000,2025-05-16 23:00:00,0.7423,0.7469,0.7319,0.7348,123593.5
1747432800000,2025-05-17 00:00:00,0.7348,0.7357,0.7161,0.7224,231053.5
1747436400000,2025-05-17 01:00:00,0.7224,0.7325,0.7223,0.7243,103329.8
1747440000000,2025-05-17 02:00:00,0.7243,0.7264,0.7088,0.7149,286360.8
1747443600000,2025-05-17 03:00:00,0.7149,0.7149,0.6968,0.7027,273377.7
1747447200000,2025-05-17 04:00:00,0.7027,0.7131,0.6983,0.7108,136458.3
1747450800000,2025-05-17 05:00:00,0.7108,0.7149,0.7009,0.7148,80773.0
1747454400000,2025-05-17 06:00:00,0.7148,0.7225,0.7134,0.7199,77570.5
1747458000000,2025-05-17 07:00:00,0.7199,0.7213,0.7075,0.7089,102437.9
1747461600000,2025-05-17 08:00:00,0.7089,0.7141,0.7057,0.7112,62818.4
1747465200000,2025-05-17 09:00:00,0.7112,0.7141,0.7007,0.7059,119415.1
1747468800000,2025-05-17 10:00:00,0.7059,0.7098,0.6991,0.6999,120068.4
1747472400000,2025-05-17 11:00:00,0.6999,0.7061,0.6951,0.7043,160181.5
1747476000000,2025-05-17 12:00:00,0.7043,0.7125,0.7021,0.7067,65473.1
1747479600000,2025-05-17 13:00:00,0.7067,0.7077,0.698,0.7025,158080.3
1747483200000,2025-05-17 14:00:00,0.7025,0.7047,0.6982,0.6986,53920.0
1747486800000,2025-05-17 15:00:00,0.6986,0.7022,0.6911,0.6966,157361.9
1747490400000,2025-05-17 16:00:00,0.6966,0.7092,0.6963,0.7075,108996.8
1747494000000,2025-05-17 17:00:00,0.7075,0.7096,0.7041,0.7052,180797.9
1747497600000,2025-05-17 18:00:00,0.7052,0.7052,0.69,0.6999,249935.1
1747501200000,2025-05-17 19:00:00,0.6999,0.707,0.6989,0.699,92580.1
1747504800000,2025-05-17 20:00:00,0.699,0.7071,0.6933,0.6933,259442.0
1747508400000,2025-05-17 21:00:00,0.6933,0.7021,0.6921,0.6935,81978.5
1747512000000,2025-05-17 22:00:00,0.6935,0.7063,0.6924,0.7042,164609.7
1747515600000,2025-05-17 23:00:00,0.7042,0.7043,0.6943,0.6998,56957.3
1747519200000,2025-05-18 00:00:00,0.6998,0.6998,0.6868,0.6927,159752.5
1747522800000,2025-05-18 01:00:00,0.6927,0.6972,0.6907,0.6931,75375.1
1747526400000,2025-05-18 02:00:00,0.6931,0.6961,0.6881,0.6943,63148.2
1747530000000,2025-05-18 03:00:00,0.6943,0.7,0.6909,0.6972,62203.2
1747533600000,2025-05-18 04:00:00,0.6972,0.6989,0.6922,0.695,125313.4
1747537200000,2025-05-18 05:00:00,0.695,0.699,0.6875,0.6918,238276.8
1747540800000,2025-05-18 06:00:00,0.6918,0.6996,0.6907,0.6984,69248.2
1747544400000,2025-05-18 07:00:00,0.6984,0.7162,0.6984,0.7154,119688.1
1747548000000,2025-05-18 08:00:00,0.7154,0.719,0.7057,0.7074,223117.7
1747551600000,2025-05-18 09:00:00,0.7074,0.7206,0.7058,0.7199,143247.5
1747555200000,2025-05-18 10:00:00,0.7199,0.736,0.7199,0.7333,287485.2
1747558800000,2025-05-18 11:00:00,0.7333,0.7377,0.7218,0.7238,285548.1
1747562400000,2025-05-18 12:00:00,0.7238,0.7265,0.7198,0.7246,160912.8
1747566000000,2025-05-18 13:00:00,0.7246,0.7276,0.7175,0.7175,32403.9
1747569600000,2025-05-18 14:00:00,0.7175,0.7267,0.7127,0.7265,208539.1
1747573200000,2025-05-18 15:00:00,0.7265,0.7375,0.7239,0.7362,154294.5
1747576800000,2025-05-18 16:00:00,0.7362,0.7554,0.7328,0.7523,322619.0
1747580400000,2025-05-18 17:00:00,0.7523,0.7701,0.7491,0.7687,334076.3
1747584000000,2025-05-18 18:00:00,0.7687,0.7724,0.7614,0.7693,455366.5
1747587600000,2025-05-18 19:00:00,0.7693,0.7697,0.7383,0.7385,526074.4
1747591200000,2025-05-18 20:00:00,0.7385,0.7393,0.7192,0.725,357054.1
1747594800000,2025-05-18 21:00:00,0.725,0.73,0.7087,0.7092,131154.7
1747598400000,2025-05-18 22:00:00,0.7092,0.7151,0.6922,0.7134,342093.5
1747602000000,2025-05-18 23:00:00,0.7134,0.7309,0.7134,0.7217,117689.5
1747605600000,2025-05-19 00:00:00,0.7217,0.7233,0.7038,0.7228,513360.6
1747609200000,2025-05-19 01:00:00,0.7228,0.7461,0.7178,0.7429,219412.5
1747612800000,2025-05-19 02:00:00,0.7429,0.7478,0.7207,0.7241,298912.4
1747616400000,2025-05-19 03:00:00,0.7241,0.7267,0.7113,0.7115,188553.1
1747620000000,2025-05-19 04:00:00,0.7115,0.7148,0.7019,0.7038,132860.3
1747623600000,2025-05-19 05:00:00,0.7038,0.704,0.6897,0.6927,265863.7
1747627200000,2025-05-19 06:00:00,0.6927,0.6974,0.6776,0.6844,361802.6
1747630800000,2025-05-19 07:00:00,0.6844,0.6885,0.6785,0.6859,243493.8
1747634400000,2025-05-19 08:00:00,0.6859,0.6934,0.6748,0.6752,417930.8
1747638000000,2025-05-19 09:00:00,0.6752,0.6961,0.6744,0.6915,143947.5
1747641600000,2025-05-19 10:00:00,0.6915,0.6935,0.683,0.6862,99841.5
1747645200000,2025-05-19 11:00:00,0.6862,0.6893,0.6804,0.6843,188980.0
1747648800000,2025-05-19 12:00:00,0.6843,0.6897,0.6791,0.6852,75680.3
1747652400000,2025-05-19 13:00:00,0.6852,0.6892,0.6835,0.6866,66147.3
1747656000000,2025-05-19 14:00:00,0.6866,0.6875,0.6732,0.6776,118715.7
1747659600000,2025-05-19 15:00:00,0.6776,0.6994,0.6773,0.694,255601.0
1747663200000,2025-05-19 16:00:00,0.694,0.7035,0.691,0.7002,111512.5
1747666800000,2025-05-19 17:00:00,0.7002,0.7068,0.6986,0.7025,66153.9
1747670400000,2025-05-19 18:00:00,0.7025,0.7192,0.6983,0.7167,218372.6
1747674000000,2025-05-19 19:00:00,0.7167,0.7252,0.7129,0.714,169597.4
1747677600000,2025-05-19 20:00:00,0.714,0.7172,0.7042,0.7086,118042.3
1747681200000,2025-05-19 21:00:00,0.7086,0.7151,0.7066,0.7117,143686.5
1747684800000,2025-05-19 22:00:00,0.7117,0.7153,0.7092,0.7136,199755.6
1747688400000,2025-05-19 23:00:00,0.7136,0.7152,0.7057,0.7145,61193.9
1747692000000,2025-05-20 00:00:00,0.7145,0.7151,0.7061,0.7096,70471.4
1747695600000,2025-05-20 01:00:00,0.7096,0.7161,0.7087,0.7143,39262.5
1747699200000,2025-05-20 02:00:00,0.7143,0.7239,0.7077,0.7092,241089.3
1747702800000,2025-05-20 03:00:00,0.7092,0.7322,0.7078,0.7275,158219.8
1747706400000,2025-05-20 04:00:00,0.7275,0.7471,0.7275,0.7337,306270.5
1747710000000,2025-05-20 05:00:00,0.7337,0.7398,0.7235,0.7285,153503.2
1747713600000,2025-05-20 06:00:00,0.7285,0.7311,0.7213,0.7302,233613.5
1747717200000,2025-05-20 07:00:00,0.7302,0.7352,0.7279,0.7286,145676.2
1747720800000,2025-05-20 08:00:00,0.7286,0.7304,0.7176,0.7225,86028.1
1747724400000,2025-05-20 09:00:00,0.7225,0.723,0.7122,0.7151,108495.0
1747728000000,2025-05-20 10:00:00,0.7151,0.718,0.7065,0.711,114250.4
1747731600000,2025-05-20 11:00:00,0.711,0.7149,0.7082,0.7085,36269.6
1747735200000,2025-05-20 12:00:00,0.7085,0.7113,0.6923,0.6962,354195.5
1747738800000,2025-05-20 13:00:00,0.6962,0.7008,0.6899,0.6975,117216.8
1747742400000,2025-05-20 14:00:00,0.6975,0.6992,0.6889,0.6943,62337.9
1747746000000,2025-05-20 15:00:00,0.6943,0.699,0.6914,0.6945,67752.8
1747749600000,2025-05-20 16:00:00,0.6945,0.703,0.6939,0.6961,82966.9
1747753200000,2025-05-20 17:00:00,0.6961,0.7074,0.6958,0.7049,285932.1
1747756800000,2025-05-20 18:00:00,0.7049,0.7083,0.6941,0.6946,210390.6
1747760400000,2025-05-20 19:00:00,0.6946,0.7089,0.6922,0.7049,215384.2
1747764000000,2025-05-20 20:00:00,0.7049,0.7074,0.6868,0.689,140071.4
1747767600000,2025-05-20 21:00:00,0.689,0.7128,0.6866,0.709,128259.8
1747771200000,2025-05-20 22:00:00,0.709,0.7217,0.7057,0.7196,111140.8
1747774800000,2025-05-20 23:00:00,0.7196,0.7217,0.7131,0.7174,82148.6
1747778400000,2025-05-21 00:00:00,0.7174,0.7199,0.7069,0.7148,93408.6
1747782000000,2025-05-21 01:00:00,0.7148,0.7253,0.7122,0.7166,158994.7
1747785600000,2025-05-21 02:00:00,0.7166,0.7198,0.7098,0.7109,101506.0
1747789200000,2025-05-21 03:00:00,0.7109,0.717,0.7047,0.7052,98797.1
1747792800000,2025-05-21 04:00:00,0.7052,0.7162,0.6962,0.7148,235697.1
1747796400000,2025-05-21 05:00:00,0.7148,0.7265,0.7137,0.7259,185247.5
1747800000000,2025-05-21 06:00:00,0.7259,0.7336,0.7202,0.7253,204528.9
1747803600000,2025-05-21 07:00:00,0.7253,0.7412,0.723,0.7389,321318.7
1747807200000,2025-05-21 08:00:00,0.7389,0.747,0.7316,0.7428,196140.5
1747810800000,2025-05-21 09:00:00,0.7428,0.7459,0.7253,0.7275,186362.0
1747814400000,2025-05-21 10:00:00,0.7275,0.732,0.7192,0.7196,99575.1
1747818000000,2025-05-21 11:00:00,0.7196,0.7209,0.7125,0.7145,149116.7
1747821600000,2025-05-21 12:00:00,0.7145,0.7218,0.7128,0.7202,86993.1
1747825200000,2025-05-21 13:00:00,0.7202,0.7371,0.7194,0.7314,166822.4
1747828800000,2025-05-21 14:00:00,0.7314,0.7374,0.7256,0.7301,102891.0
1747832400000,2025-05-21 15:00:00,0.7301,0.7352,0.7221,0.7292,93707.3
1747836000000,2025-05-21 16:00:00,0.7292,0.7436,0.7248,0.7436,131170.6
1747839600000,2025-05-21 17:00:00,0.7436,0.7472,0.7346,0.7413,251374.3
1747843200000,2025-05-21 18:00:00,0.7413,0.7683,0.7377,0.756,402376.5
1747846800000,2025-05-21 19:00:00,0.756,0.7616,0.7165,0.7238,1048516.7
1747850400000,2025-05-21 20:00:00,0.7238,0.735,0.7196,0.7263,148797.5
1747854000000,2025-05-21 21:00:00,0.7263,0.7399,0.722,0.7382,139644.5
1747857600000,2025-05-21 22:00:00,0.7382,0.7406,0.7299,0.7344,79843.0
1747861200000,2025-05-21 23:00:00,0.7344,0.7393,0.7308,0.7312,46082.6
1747864800000,2025-05-22 00:00:00,0.7312,0.743,0.7311,0.7424,102540.3
1747868400000,2025-05-22 01:00:00,0.7424,0.7586,0.7395,0.7439,181323.4
1747872000000,2025-05-22 02:00:00,0.7439,0.7625,0.7431,0.7625,140280.1
1747875600000,2025-05-22 03:00:00,0.7625,0.7721,0.7561,0.7615,224792.7
1747879200000,2025-05-22 04:00:00,0.7615,0.7665,0.7579,0.7643,110789.6
1747882800000,2025-05-22 05:00:00,0.7643,0.7754,0.7583,0.7726,106655.8
1747886400000,2025-05-22 06:00:00,0.7726,0.7928,0.7644,0.7837,582834.5
1747890000000,2025-05-22 07:00:00,0.7837,0.7874,0.7731,0.7734,306106.8
1747893600000,2025-05-22 08:00:00,0.7734,0.783,0.7724,0.7732,169341.1
1747897200000,2025-05-22 09:00:00,0.7732,0.7893,0.771,0.789,129643.5
1747900800000,2025-05-22 10:00:00,0.789,0.8065,0.7865,0.8051,304388.8
1747904400000,2025-05-22 11:00:00,0.8051,0.82,0.8013,0.8059,426190.1
1747908000000,2025-05-22 12:00:00,0.8059,0.8072,0.7933,0.7966,212251.2
1747911600000,2025-05-22 13:00:00,0.7966,0.8004,0.7863,0.7964,173190.9
1747915200000,2025-05-22 14:00:00,0.7964,0.8005,0.7914,0.7961,123705.0
1747918800000,2025-05-22 15:00:00,0.7961,0.7972,0.7831,0.7901,221686.1
1747922400000,2025-05-22 16:00:00,0.7901,0.8033,0.7894,0.7985,168364.3
1747926000000,2025-05-22 17:00:00,0.7985,0.8124,0.798,0.8055,182705.5
1747929600000,2025-05-22 18:00:00,0.8055,0.8141,0.7975,0.7994,228104.6
1747933200000,2025-05-22 19:00:00,0.7994,0.8113,0.7986,0.8024,86715.8
1747936800000,2025-05-22 20:00:00,0.8024,0.8073,0.8,0.8024,42341.4
1747940400000,2025-05-22 21:00:00,0.8024,0.803,0.792,0.7967,95836.5
1747944000000,2025-05-22 22:00:00,0.7967,0.8028,0.7932,0.7945,58745.3
1747947600000,2025-05-22 23:00:00,0.7945,0.7945,0.7863,0.7911,63059.5
1747951200000,2025-05-23 00:00:00,0.7911,0.8031,0.7909,0.7979,63416.8
1747954800000,2025-05-23 01:00:00,0.7979,0.8066,0.7977,0.8061,50362.5
1747958400000,2025-05-23 02:00:00,0.8061,0.8095,0.7995,0.8046,72077.4
1747962000000,2025-05-23 03:00:00,0.8046,0.8182,0.8003,0.8161,147668.3
1747965600000,2025-05-23 04:00:00,0.8161,0.8352,0.8135,0.8225,214961.1
1747969200000,2025-05-23 05:00:00,0.8225,0.8295,0.8214,0.8268,94324.9
1747972800000,2025-05-23 06:00:00,0.8268,0.8285,0.8043,0.8139,209171.6
1747976400000,2025-05-23 07:00:00,0.8139,0.818,0.8054,0.8156,120118.5
1747980000000,2025-05-23 08:00:00,0.8156,0.8156,0.7913,0.7961,161313.5
1747983600000,2025-05-23 09:00:00,0.7961,0.8062,0.7955,0.7992,102762.2
1747987200000,2025-05-23 10:00:00,0.7992,0.8093,0.7976,0.8079,113180.2
1747990800000,2025-05-23 11:00:00,0.8079,0.8157,0.8053,0.8133,60489.6
1747994400000,2025-05-23 12:00:00,0.8133,0.8141,0.8012,0.8093,59202.3
1747998000000,2025-05-23 13:00:00,0.8093,0.8093,0.761,0.7662,681701.1
1748001600000,2025-05-23 14:00:00,0.7662,0.7673,0.7365,0.7549,741656.0
1748005200000,2025-05-23 15:00:00,0.7549,0.7731,0.7504,0.7724,196795.8
1748008800000,2025-05-23 16:00:00,0.7724,0.7823,0.7715,0.7753,167950.0
1748012400000,2025-05-23 17:00:00,0.7753,0.7787,0.761,0.7614,130976.6
1748016000000,2025-05-23 18:00:00,0.7614,0.7654,0.7534,0.7636,183944.0
1748019600000,2025-05-23 19:00:00,0.7636,0.7695,0.7605,0.7633,55242.4
1748023200000,2025-05-23 20:00:00,0.7633,0.7662,0.7555,0.7567,69038.2
1748026800000,2025-05-23 21:00:00,0.7567,0.7616,0.7535,0.7555,49725.6
1748030400000,2025-05-23 22:00:00,0.7555,0.7555,0.7437,0.7453,96022.1
1748034000000,2025-05-23 23:00:00,0.7453,0.7491,0.7397,0.7427,87284.5
1748037600000,2025-05-24 00:00:00,0.7427,0.7485,0.733,0.733,82606.1
1748041200000,2025-05-24 01:00:00,0.733,0.735,0.7175,0.7204,281689.5
1748044800000,2025-05-24 02:00:00,0.7204,0.7297,0.7132,0.7204,184481.5
1748048400000,2025-05-24 03:00:00,0.7204,0.7295,0.7199,0.7212,37214.0
1748052000000,2025-05-24 04:00:00,0.7212,0.7284,0.7189,0.7263,79711.2
1748055600000,2025-05-24 05:00:00,0.7263,0.7345,0.7254,0.7312,112144.8
1748059200000,2025-05-24 06:00:00,0.7312,0.7351,0.73,0.7325,48819.4
1748062800000,2025-05-24 07:00:00,0.7325,0.7355,0.7269,0.7319,61743.9
1748066400000,2025-05-24 08:00:00,0.7319,0.7347,0.7264,0.7316,72626.3
1748070000000,2025-05-24 09:00:00,0.7316,0.7388,0.7311,0.7326,84420.5
1748073600000,2025-05-24 10:00:00,0.7326,0.7344,0.7272,0.7344,62608.3
1748077200000,2025-05-24 11:00:00,0.7344,0.7381,0.7316,0.7323,29942.9
1748080800000,2025-05-24 12:00:00,0.7323,0.7445,0.7313,0.7422,63270.9
1748084400000,2025-05-24 13:00:00,0.7422,0.7469,0.7401,0.7406,46305.9
1748088000000,2025-05-24 14:00:00,0.7406,0.7421,0.7343,0.7394,59864.6
1748091600000,2025-05-24 15:00:00,0.7394,0.7427,0.7332,0.7341,74555.2
1748095200000,2025-05-24 16:00:00,0.7341,0.7455,0.7329,0.7449,239786.7
1748098800000,2025-05-24 17:00:00,0.7449,0.7484,0.7378,0.7424,107988.9
1748102400000,2025-05-24 18:00:00,0.7424,0.7488,0.7362,0.7467,54105.4
1748106000000,2025-05-24 19:00:00,0.7467,0.7533,0.7412,0.7412,203733.0
1748109600000,2025-05-24 20:00:00,0.7412,0.745,0.7354,0.7361,70834.0
1748113200000,2025-05-24 21:00:00,0.7361,0.738,0.7341,0.737,28009.2
1748116800000,2025-05-24 22:00:00,0.737,0.7395,0.7333,0.7361,15974.2
1748120400000,2025-05-24 23:00:00,0.7361,0.7362,0.727,0.7299,52232.6
1748124000000,2025-05-25 00:00:00,0.7299,0.7299,0.7229,0.7233,52327.0
1748127600000,2025-05-25 01:00:00,0.7233,0.7282,0.7198,0.7245,52066.9
1748131200000,2025-05-25 02:00:00,0.7245,0.7326,0.7088,0.7121,239980.9
1748134800000,2025-05-25 03:00:00,0.7121,0.7198,0.7071,0.714,109558.6
1748138400000,2025-05-25 04:00:00,0.714,0.724,0.7094,0.7228,104019.2
1748142000000,2025-05-25 05:00:00,0.7228,0.7267,0.7225,0.7236,56316.0
1748145600000,2025-05-25 06:00:00,0.7236,0.7244,0.7173,0.7235,102546.1
1748149200000,2025-05-25 07:00:00,0.7235,0.7235,0.7183,0.7222,57845.7
1748152800000,2025-05-25 08:00:00,0.7222,0.7222,0.7158,0.7184,19414.7
1748156400000,2025-05-25 09:00:00,0.7184,0.7187,0.7099,0.7151,72766.7
1748160000000,2025-05-25 10:00:00,0.7151,0.7151,0.7014,0.7047,94930.3
1748163600000,2025-05-25 11:00:00,0.7047,0.7127,0.7021,0.7114,106056.7
1748167200000,2025-05-25 12:00:00,0.7114,0.7147,0.7092,0.7094,50616.0
1748170800000,2025-05-25 13:00:00,0.7094,0.7139,0.7071,0.7125,29731.2
1748174400000,2025-05-25 14:00:00,0.7125,0.7181,0.7083,0.7172,65147.4
1748178000000,2025-05-25 15:00:00,0.7172,0.7192,0.7122,0.7158,45662.3
1748181600000,2025-05-25 16:00:00,0.7158,0.718,0.7064,0.7098,101727.6
1748185200000,2025-05-25 17:00:00,0.7098,0.7107,0.6946,0.7067,301420.4
1748188800000,2025-05-25 18:00:00,0.7067,0.7068,0.6962,0.7029,35739.6
1748192400000,2025-05-25 19:00:00,0.7029,0.7066,0.7009,0.7058,160720.2
1748196000000,2025-05-25 20:00:00,0.7058,0.7102,0.7034,0.7043,24141.9
1748199600000,2025-05-25 21:00:00,0.7043,0.7139,0.7041,0.71,65129.5
1748203200000,2025-05-25 22:00:00,0.71,0.7124,0.7061,0.7084,49699.2
1748206800000,2025-05-25 23:00:00,0.7084,0.7128,0.7025,0.7076,35977.9
1748210400000,2025-05-26 00:00:00,0.7076,0.7301,0.7075,0.7292,118126.3
1748214000000,2025-05-26 01:00:00,0.7292,0.7335,0.722,0.7325,103164.9
1748217600000,2025-05-26 02:00:00,0.7325,0.7429,0.7273,0.7425,85415.0
1748221200000,2025-05-26 03:00:00,0.7425,0.7446,0.7364,0.7421,47045.0
1748224800000,2025-05-26 04:00:00,0.7421,0.743,0.7334,0.7356,206828.4
1748228400000,2025-05-26 05:00:00,0.7356,0.7411,0.7348,0.7387,32618.8
1748232000000,2025-05-26 06:00:00,0.7387,0.7416,0.738,0.7405,23898.6
1748235600000,2025-05-26 07:00:00,0.7405,0.7431,0.7372,0.7425,21475.8
1748239200000,2025-05-26 08:00:00,0.7425,0.7495,0.7404,0.7487,88164.8
1748242800000,2025-05-26 09:00:00,0.7487,0.7531,0.7437,0.7497,199246.6
1748246400000,2025-05-26 10:00:00,0.7497,0.7572,0.7433,0.7457,243762.5
1748250000000,2025-05-26 11:00:00,0.7457,0.748,0.7413,0.7454,86067.5
1748253600000,2025-05-26 12:00:00,0.7454,0.7456,0.7377,0.7401,81726.7
1748257200000,2025-05-26 13:00:00,0.7401,0.7413,0.7363,0.7376,53127.7
1748260800000,2025-05-26 14:00:00,0.7376,0.742,0.7344,0.7393,33629.7
1748264400000,2025-05-26 15:00:00,0.7393,0.7416,0.7235,0.726,100616.6
1748268000000,2025-05-26 16:00:00,0.726,0.7298,0.7189,0.723,97308.6
1748271600000,2025-05-26 17:00:00,0.723,0.736,0.7199,0.7327,47932.5
1748275200000,2025-05-26 18:00:00,0.7327,0.7358,0.7181,0.7245,118392.4
1748278800000,2025-05-26 19:00:00,0.7245,0.7272,0.7131,0.7167,154027.5
1748282400000,2025-05-26 20:00:00,0.7167,0.7247,0.7158,0.7185,189394.3
1748286000000,2025-05-26 21:00:00,0.7185,0.7212,0.7151,0.717,68984.9
1748289600000,2025-05-26 22:00:00,0.717,0.7238,0.7143,0.7232,56316.1
1748293200000,2025-05-26 23:00:00,0.7232,0.7253,0.715,0.7195,106378.2
1748296800000,2025-05-27 00:00:00,0.7195,0.7265,0.7163,0.717,47833.5
1748300400000,2025-05-27 01:00:00,0.717,0.7186,0.7134,0.7184,34081.8
1748304000000,2025-05-27 02:00:00,0.7184,0.7241,0.7107,0.7115,64131.1
1748307600000,2025-05-27 03:00:00,0.7115,0.7118,0.6965,0.7067,181909.1
1748311200000,2025-05-27 04:00:00,0.7067,0.7142,0.7067,0.7112,21061.8
1748314800000,2025-05-27 05:00:00,0.7112,0.7247,0.7112,0.721,123136.4
1748318400000,2025-05-27 06:00:00,0.721,0.7362,0.7209,0.7286,130061.1
1748322000000,2025-05-27 07:00:00,0.7286,0.7383,0.7247,0.7369,80252.8
1748325600000,2025-05-27 08:00:00,0.7369,0.7615,0.7367,0.7466,468551.8
1748329200000,2025-05-27 09:00:00,0.7466,0.7559,0.7455,0.7529,134792.0
1748332800000,2025-05-27 10:00:00,0.7529,0.7707,0.7529,0.7672,236148.8
1748336400000,2025-05-27 11:00:00,0.7672,0.7695,0.7571,0.7593,180489.7
1748340000000,2025-05-27 12:00:00,0.7593,0.7597,0.7494,0.7533,209365.6
1748343600000,2025-05-27 13:00:00,0.7533,0.7565,0.7461,0.7563,161936.6
1748347200000,2025-05-27 14:00:00,0.7563,0.7609,0.7541,0.7582,59712.1
1748350800000,2025-05-27 15:00:00,0.7582,0.7697,0.7525,0.7561,293950.8
1748354400000,2025-05-27 16:00:00,0.7561,0.7595,0.7427,0.7514,175936.7
1748358000000,2025-05-27 17:00:00,0.7514,0.7529,0.7425,0.7519,480703.1
1748361600000,2025-05-27 18:00:00,0.7519,0.7635,0.7512,0.7601,95807.6
1748365200000,2025-05-27 19:00:00,0.7601,0.7661,0.7578,0.7598,105488.4
1748368800000,2025-05-27 20:00:00,0.7598,0.7623,0.7534,0.755,57393.9
1748372400000,2025-05-27 21:00:00,0.755,0.7592,0.7515,0.7553,201497.1
1748376000000,2025-05-27 22:00:00,0.7553,0.7632,0.7546,0.7564,471090.4
1748379600000,2025-05-27 23:00:00,0.7564,0.7593,0.7501,0.7512,51038.3
1748383200000,2025-05-28 00:00:00,0.7512,0.753,0.7438,0.7468,48917.9
1748386800000,2025-05-28 01:00:00,0.7468,0.7481,0.7426,0.7479,37100.9
1748390400000,2025-05-28 02:00:00,0.7479,0.7521,0.7397,0.7521,98517.4
1748394000000,2025-05-28 03:00:00,0.7521,0.7538,0.7421,0.7421,52992.0
1748397600000,2025-05-28 04:00:00,0.7421,0.7438,0.7359,0.7391,167217.5
1748401200000,2025-05-28 05:00:00,0.7391,0.7466,0.7378,0.7447,95670.6
1748404800000,2025-05-28 06:00:00,0.7447,0.7549,0.7413,0.749,116507.3
1748408400000,2025-05-28 07:00:00,0.749,0.7495,0.744,0.7468,68621.4
1748412000000,2025-05-28 08:00:00,0.7468,0.747,0.7346,0.7367,197115.7
1748415600000,2025-05-28 09:00:00,0.7367,0.7466,0.7342,0.7415,116883.3
1748419200000,2025-05-28 10:00:00,0.7415,0.7515,0.7386,0.7496,140019.9
1748422800000,2025-05-28 11:00:00,0.7496,0.7505,0.7349,0.7362,144597.4
1748426400000,2025-05-28 12:00:00,0.7362,0.7419,0.7293,0.7413,116699.6
1748430000000,2025-05-28 13:00:00,0.7413,0.7503,0.7413,0.7492,102999.7
1748433600000,2025-05-28 14:00:00,0.7492,0.7636,0.7462,0.7555,248175.2
1748437200000,2025-05-28 15:00:00,0.7555,0.757,0.7399,0.7405,195040.5
1748440800000,2025-05-28 16:00:00,0.7405,0.7425,0.727,0.7275,208926.4
1748444400000,2025-05-28 17:00:00,0.7275,0.7299,0.7142,0.7234,663027.9
1748448000000,2025-05-28 18:00:00,0.7234,0.7307,0.7218,0.7283,116922.8
1748451600000,2025-05-28 19:00:00,0.7283,0.7363,0.7242,0.7275,78027.9
1748455200000,2025-05-28 20:00:00,0.7275,0.7326,0.7198,0.7201,76299.1
1748458800000,2025-05-28 21:00:00,0.7201,0.7271,0.7128,0.7148,105603.5
1748462400000,2025-05-28 22:00:00,0.7148,0.7211,0.7125,0.7208,56625.9
1748466000000,2025-05-28 23:00:00,0.7208,0.7274,0.7179,0.7274,36752.6
1748469600000,2025-05-29 00:00:00,0.7274,0.7279,0.7207,0.7265,76998.1
1748473200000,2025-05-29 01:00:00,0.7265,0.7505,0.7265,0.7505,166212.9
1748476800000,2025-05-29 02:00:00,0.7505,0.7847,0.7448,0.7829,655140.4
1748480400000,2025-05-29 03:00:00,0.7829,0.7839,0.7681,0.7737,589658.8
1748484000000,2025-05-29 04:00:00,0.7737,0.8025,0.7708,0.7984,620949.1
1748487600000,2025-05-29 05:00:00,0.7984,0.8052,0.7851,0.7874,556610.0
1748491200000,2025-05-29 06:00:00,0.7874,0.7895,0.7601,0.7679,540163.0
1748494800000,2025-05-29 07:00:00,0.7679,0.7679,0.7542,0.7564,427010.7
1748498400000,2025-05-29 08:00:00,0.7564,0.7641,0.7545,0.7611,154592.7
1748502000000,2025-05-29 09:00:00,0.7611,0.7636,0.7564,0.7597,77448.9
1748505600000,2025-05-29 10:00:00,0.7597,0.7698,0.7556,0.765,295955.1
1748509200000,2025-05-29 11:00:00,0.765,0.7663,0.7599,0.7635,124373.2
1748512800000,2025-05-29 12:00:00,0.7635,0.7687,0.7584,0.7674,104762.7
1748516400000,2025-05-29 13:00:00,0.7674,0.7709,0.763,0.7644,119638.4
1748520000000,2025-05-29 14:00:00,0.7644,0.7644,0.7472,0.7533,309995.8
1748523600000,2025-05-29 15:00:00,0.7533,0.7592,0.7419,0.7449,279736.5
1748527200000,2025-05-29 16:00:00,0.7449,0.7516,0.7296,0.7498,449030.2
1748530800000,2025-05-29 17:00:00,0.7498,0.7518,0.7402,0.7415,120586.8
1748534400000,2025-05-29 18:00:00,0.7415,0.7481,0.7365,0.7385,163678.5
1748538000000,2025-05-29 19:00:00,0.7385,0.7468,0.7366,0.7422,122438.1
1748541600000,2025-05-29 20:00:00,0.7422,0.7461,0.7344,0.7344,137285.9
1748545200000,2025-05-29 21:00:00,0.7344,0.7365,0.7273,0.7298,185049.8
1748548800000,2025-05-29 22:00:00,0.7298,0.735,0.7292,0.7316,133406.2
1748552400000,2025-05-29 23:00:00,0.7316,0.7424,0.731,0.7424,78448.8
1748556000000,2025-05-30 00:00:00,0.7424,0.7424,0.73,0.7315,53819.3
1748559600000,2025-05-30 01:00:00,0.7315,0.7333,0.7166,0.7209,199713.0
1748563200000,2025-05-30 02:00:00,0.7209,0.7264,0.677,0.6872,926561.2
1748566800000,2025-05-30 03:00:00,0.6872,0.709,0.6855,0.7028,282068.1
1748570400000,2025-05-30 04:00:00,0.7028,0.7108,0.7007,0.7041,175817.9
1748574000000,2025-05-30 05:00:00,0.7041,0.7104,0.7015,0.7053,81780.4
1748577600000,2025-05-30 06:00:00,0.7053,0.7091,0.7017,0.7056,50689.5
1748581200000,2025-05-30 07:00:00,0.7056,0.7094,0.7035,0.7088,89818.8
1748584800000,2025-05-30 08:00:00,0.7088,0.7101,0.69,0.6936,198701.8
1748588400000,2025-05-30 09:00:00,0.6936,0.7024,0.6919,0.6953,128778.7
1748592000000,2025-05-30 10:00:00,0.6953,0.701,0.6916,0.6934,103965.7
1748595600000,2025-05-30 11:00:00,0.6934,0.7012,0.6883,0.7003,90066.4
1748599200000,2025-05-30 12:00:00,0.7003,0.7013,0.6925,0.6979,66357.3
1748602800000,2025-05-30 13:00:00,0.6979,0.7031,0.6959,0.701,78221.5
1748606400000,2025-05-30 14:00:00,0.701,0.703,0.6862,0.694,120812.2
1748610000000,2025-05-30 15:00:00,0.694,0.698,0.6862,0.6873,82785.1
1748613600000,2025-05-30 16:00:00,0.6873,0.6919,0.6802,0.6902,244307.2
1748617200000,2025-05-30 17:00:00,0.6902,0.6969,0.6846,0.6846,116048.1
1748620800000,2025-05-30 18:00:00,0.6846,0.6881,0.6505,0.6608,841239.3
1748624400000,2025-05-30 19:00:00,0.6608,0.668,0.6574,0.6639,337482.5
1748628000000,2025-05-30 20:00:00,0.6639,0.6728,0.661,0.6713,135636.9
1748631600000,2025-05-30 21:00:00,0.6713,0.674,0.6699,0.6707,234093.4
1748635200000,2025-05-30 22:00:00,0.6707,0.6758,0.6683,0.6685,53438.9
1748638800000,2025-05-30 23:00:00,0.6685,0.6716,0.663,0.6637,81088.7
1748642400000,2025-05-31 00:00:00,0.6637,0.6671,0.6435,0.6435,286924.1
1748646000000,2025-05-31 01:00:00,0.6435,0.6509,0.6325,0.6385,342186.7
1748649600000,2025-05-31 02:00:00,0.6385,0.6408,0.619,0.6253,577535.5
1748653200000,2025-05-31 03:00:00,0.6253,0.632,0.612,0.623,432217.7
1748656800000,2025-05-31 04:00:00,0.623,0.6295,0.6172,0.6197,144911.2
1748660400000,2025-05-31 05:00:00,0.6197,0.6292,0.6171,0.6275,109246.4
1748664000000,2025-05-31 06:00:00,0.6275,0.634,0.6209,0.633,111735.5
1748667600000,2025-05-31 07:00:00,0.633,0.6375,0.6292,0.6307,58821.4
1748671200000,2025-05-31 08:00:00,0.6307,0.6409,0.6303,0.6366,139498.2
1748674800000,2025-05-31 09:00:00,0.6366,0.643,0.6353,0.6407,60007.8
1748678400000,2025-05-31 10:00:00,0.6407,0.6415,0.6324,0.637,97750.6
1748682000000,2025-05-31 11:00:00,0.637,0.6385,0.6313,0.6342,43521.9
1748685600000,2025-05-31 12:00:00,0.6342,0.6396,0.6294,0.6341,49078.0
1748689200000,2025-05-31 13:00:00,0.6341,0.6344,0.6304,0.6322,43353.3
1748692800000,2025-05-31 14:00:00,0.6322,0.6423,0.631,0.6423,92458.1
1748696400000,2025-05-31 15:00:00,0.6423,0.6482,0.6349,0.6361,234096.3
1748700000000,2025-05-31 16:00:00,0.6361,0.6447,0.6354,0.641,165497.5
1748703600000,2025-05-31 17:00:00,0.641,0.6471,0.6381,0.6405,109913.7
1748707200000,2025-05-31 18:00:00,0.6405,0.6502,0.6386,0.6473,149345.2
1748710800000,2025-05-31 19:00:00,0.6473,0.6487,0.6412,0.6419,39205.2
1748714400000,2025-05-31 20:00:00,0.6419,0.6512,0.6414,0.6504,94472.1
1748718000000,2025-05-31 21:00:00,0.6504,0.6522,0.6485,0.6494,36488.1
1748721600000,2025-05-31 22:00:00,0.6494,0.6522,0.6476,0.6518,23538.7
1748725200000,2025-05-31 23:00:00,0.6518,0.6565,0.6515,0.6549,70310.2
1748728800000,2025-06-01 00:00:00,0.6549,0.6549,0.6456,0.6456,40375.2
1748732400000,2025-06-01 01:00:00,0.6456,0.6504,0.6416,0.6427,134636.3
1748736000000,2025-06-01 02:00:00,0.6427,0.6433,0.6377,0.6411,55204.7
1748739600000,2025-06-01 03:00:00,0.6411,0.6453,0.6347,0.6372,102030.2
1748743200000,2025-06-01 04:00:00,0.6372,0.642,0.6322,0.64,56137.7
1748746800000,2025-06-01 05:00:00,0.64,0.6416,0.6348,0.6397,43407.3
1748750400000,2025-06-01 06:00:00,0.6397,0.65,0.6368,0.648,79910.9
1748754000000,2025-06-01 07:00:00,0.648,0.6508,0.6444,0.6467,59231.5
1748757600000,2025-06-01 08:00:00,0.6467,0.6471,0.6423,0.6429,32441.4
1748761200000,2025-06-01 09:00:00,0.6429,0.6446,0.6399,0.6417,18637.3
1748764800000,2025-06-01 10:00:00,0.6417,0.6426,0.6347,0.6378,152737.4
1748768400000,2025-06-01 11:00:00,0.6378,0.6404,0.6255,0.6304,70966.4
1748772000000,2025-06-01 12:00:00,0.6304,0.6336,0.6285,0.6335,38814.8
1748775600000,2025-06-01 13:00:00,0.6335,0.6392,0.6311,0.6363,33272.8
1748779200000,2025-06-01 14:00:00,0.6363,0.6386,0.6288,0.632,73010.4
1748782800000,2025-06-01 15:00:00,0.632,0.641,0.6313,0.6378,60293.6
1748786400000,2025-06-01 16:00:00,0.6378,0.6486,0.6376,0.6456,71809.9
1748790000000,2025-06-01 17:00:00,0.6456,0.6478,0.6428,0.6461,56287.1
1748793600000,2025-06-01 18:00:00,0.6461,0.657,0.6452,0.6518,160954.9
1748797200000,2025-06-01 19:00:00,0.6518,0.6539,0.6496,0.6537,56349.9
1748800800000,2025-06-01 20:00:00,0.6537,0.6537,0.6388,0.6453,87719.0
1748804400000,2025-06-01 21:00:00,0.6453,0.6501,0.6447,0.6485,105367.2
1748808000000,2025-06-01 22:00:00,0.6485,0.6524,0.6456,0.6492,72333.4
1748811600000,2025-06-01 23:00:00,0.6492,0.6559,0.6484,0.6547,49456.2
1748815200000,2025-06-02 00:00:00,0.6547,0.6571,0.6523,0.6538,68895.0
1748818800000,2025-06-02 01:00:00,0.6538,0.6588,0.6526,0.6548,68469.8
1748822400000,2025-06-02 02:00:00,0.6548,0.6556,0.6509,0.653,40407.0
1748826000000,2025-06-02 03:00:00,0.653,0.6566,0.649,0.649,71675.8
1748829600000,2025-06-02 04:00:00,0.649,0.6492,0.6424,0.6438,47379.1
1748833200000,2025-06-02 05:00:00,0.6438,0.6444,0.6394,0.6415,34238.7
1748836800000,2025-06-02 06:00:00,0.6415,0.6438,0.6373,0.6379,56658.9
1748840400000,2025-06-02 07:00:00,0.6379,0.643,0.6345,0.6392,26355.2
1748844000000,2025-06-02 08:00:00,0.6392,0.6455,0.6358,0.6429,67536.4
1748847600000,2025-06-02 09:00:00,0.6429,0.6488,0.6426,0.646,55741.1
1748851200000,2025-06-02 10:00:00,0.646,0.6499,0.6388,0.6401,44228.4
1748854800000,2025-06-02 11:00:00,0.6401,0.6404,0.6327,0.6339,50039.0
1748858400000,2025-06-02 12:00:00,0.6339,0.6358,0.6316,0.6351,107816.2
1748862000000,2025-06-02 13:00:00,0.6351,0.638,0.6327,0.6366,40787.2
1748865600000,2025-06-02 14:00:00,0.6366,0.6473,0.6347,0.6471,95416.9
1748869200000,2025-06-02 15:00:00,0.6471,0.6516,0.6414,0.6455,91047.7
1748872800000,2025-06-02 16:00:00,0.6455,0.6582,0.6437,0.6498,211400.7
1748876400000,2025-06-02 17:00:00,0.6498,0.663,0.6461,0.661,398188.6
1748880000000,2025-06-02 18:00:00,0.661,0.6728,0.6601,0.6716,381264.3
1748883600000,2025-06-02 19:00:00,0.6716,0.6744,0.6638,0.6723,278212.6
1748887200000,2025-06-02 20:00:00,0.6723,0.6768,0.6669,0.6674,69838.4
1748890800000,2025-06-02 21:00:00,0.6674,0.6715,0.6618,0.6678,121703.4
1748894400000,2025-06-02 22:00:00,0.6678,0.6869,0.6678,0.685,238708.8
1748898000000,2025-06-02 23:00:00,0.685,0.6897,0.6835,0.6895,184746.9
1748901600000,2025-06-03 00:00:00,0.6895,0.6994,0.6894,0.6978,136671.0
1748905200000,2025-06-03 01:00:00,0.6978,0.7054,0.6975,0.7009,195171.4
1748908800000,2025-06-03 02:00:00,0.7009,0.7166,0.7002,0.7136,247935.2
1748912400000,2025-06-03 03:00:00,0.7136,0.7161,0.7052,0.7138,340147.0
1748916000000,2025-06-03 04:00:00,0.7138,0.7184,0.7035,0.704,150388.1
1748919600000,2025-06-03 05:00:00,0.704,0.7045,0.6956,0.6964,206616.5
1748923200000,2025-06-03 06:00:00,0.6964,0.697,0.6891,0.6913,88624.4
1748926800000,2025-06-03 07:00:00,0.6913,0.7215,0.6913,0.7068,570674.1
1748930400000,2025-06-03 08:00:00,0.7068,0.7075,0.6989,0.7059,142941.4
1748934000000,2025-06-03 09:00:00,0.7059,0.707,0.7004,0.7025,72088.1
1748937600000,2025-06-03 10:00:00,0.7025,0.7047,0.6946,0.6986,62566.2
1748941200000,2025-06-03 11:00:00,0.6986,0.7043,0.6968,0.7017,64274.2
1748944800000,2025-06-03 12:00:00,0.7017,0.7046,0.6995,0.7033,33278.4
1748948400000,2025-06-03 13:00:00,0.7033,0.7048,0.6994,0.7014,52219.8
1748952000000,2025-06-03 14:00:00,0.7014,0.7056,0.698,0.7039,83758.6
1748955600000,2025-06-03 15:00:00,0.7039,0.727,0.7039,0.7133,1136001.8
1748959200000,2025-06-03 16:00:00,0.7133,0.7159,0.7058,0.7148,187607.3
1748962800000,2025-06-03 17:00:00,0.7148,0.7158,0.707,0.7079,110701.3
1748966400000,2025-06-03 18:00:00,0.7079,0.7153,0.7057,0.7083,655848.0
1748970000000,2025-06-03 19:00:00,0.7083,0.7169,0.7075,0.7162,69321.4
1748973600000,2025-06-03 20:00:00,0.7162,0.7167,0.7105,0.7123,52950.7
1748977200000,2025-06-03 21:00:00,0.7123,0.7165,0.7087,0.7107,89062.7
1748980800000,2025-06-03 22:00:00,0.7107,0.7146,0.7004,0.708,128086.0
1748984400000,2025-06-03 23:00:00,0.708,0.7081,0.6968,0.6995,86524.4
1748988000000,2025-06-04 00:00:00,0.6995,0.7061,0.6986,0.7046,45198.9
1748991600000,2025-06-04 01:00:00,0.7046,0.7075,0.6989,0.7012,59721.6
1748995200000,2025-06-04 02:00:00,0.7012,0.7066,0.6966,0.7059,49130.4
1748998800000,2025-06-04 03:00:00,0.7059,0.7162,0.7058,0.7065,75121.6
1749002400000,2025-06-04 04:00:00,0.7065,0.7115,0.7043,0.7049,39593.0
1749006000000,2025-06-04 05:00:00,0.7049,0.7136,0.7041,0.7116,55053.3
1749009600000,2025-06-04 06:00:00,0.7116,0.7119,0.7041,0.7079,45361.5
1749013200000,2025-06-04 07:00:00,0.7079,0.7114,0.7064,0.7078,48266.1
1749016800000,2025-06-04 08:00:00,0.7078,0.7105,0.7044,0.707,29897.7
1749020400000,2025-06-04 09:00:00,0.707,0.7087,0.7009,0.7027,85301.8
1749024000000,2025-06-04 10:00:00,0.7027,0.7088,0.7023,0.7038,74946.3
1749027600000,2025-06-04 11:00:00,0.7038,0.7058,0.6962,0.7016,99333.6
1749031200000,2025-06-04 12:00:00,0.7016,0.7028,0.6927,0.6942,95582.3
1749034800000,2025-06-04 13:00:00,0.6942,0.6975,0.6888,0.6901,59317.5
1749038400000,2025-06-04 14:00:00,0.6901,0.6926,0.6825,0.6832,146984.9
1749042000000,2025-06-04 15:00:00,0.6832,0.6861,0.6774,0.681,285666.3
1749045600000,2025-06-04 16:00:00,0.681,0.6865,0.674,0.6863,157122.9
1749049200000,2025-06-04 17:00:00,0.6863,0.6983,0.6837,0.6964,154426.3
1749052800000,2025-06-04 18:00:00,0.6964,0.6973,0.6899,0.693,102229.5
1749056400000,2025-06-04 19:00:00,0.693,0.6932,0.6816,0.6847,86838.3
1749060000000,2025-06-04 20:00:00,0.6847,0.6902,0.6827,0.683,76040.4
1749063600000,2025-06-04 21:00:00,0.683,0.6846,0.6771,0.6773,79450.5
1749067200000,2025-06-04 22:00:00,0.6773,0.6776,0.6673,0.672,202192.2
1749070800000,2025-06-04 23:00:00,0.672,0.6798,0.6669,0.677,58119.8
1749074400000,2025-06-05 00:00:00,0.677,0.6777,0.6688,0.6698,64303.1
1749078000000,2025-06-05 01:00:00,0.6698,0.6722,0.6662,0.6676,69590.2
1749081600000,2025-06-05 02:00:00,0.6676,0.6698,0.6618,0.6684,114070.5
1749085200000,2025-06-05 03:00:00,0.6684,0.6721,0.6617,0.6638,65957.0
1749088800000,2025-06-05 04:00:00,0.6638,0.6705,0.6632,0.6654,181359.2
1749092400000,2025-06-05 05:00:00,0.6654,0.6683,0.6632,0.666,59561.5
1749096000000,2025-06-05 06:00:00,0.666,0.6694,0.6643,0.6667,39637.0
1749099600000,2025-06-05 07:00:00,0.6667,0.6669,0.6564,0.6596,109805.3
1749103200000,2025-06-05 08:00:00,0.6596,0.6641,0.6571,0.6596,322782.7
1749106800000,2025-06-05 09:00:00,0.6596,0.6738,0.6594,0.6634,166139.6
1749110400000,2025-06-05 10:00:00,0.6634,0.6658,0.6601,0.6645,68321.9
1749114000000,2025-06-05 11:00:00,0.6645,0.6701,0.6622,0.6649,225747.0
1749117600000,2025-06-05 12:00:00,0.6649,0.6659,0.6565,0.6617,203084.7
1749121200000,2025-06-05 13:00:00,0.6617,0.6617,0.6566,0.6615,76236.5
1749124800000,2025-06-05 14:00:00,0.6615,0.6762,0.6599,0.6735,157793.2
1749128400000,2025-06-05 15:00:00,0.6735,0.6766,0.6546,0.6565,238576.7
1749132000000,2025-06-05 16:00:00,0.6565,0.6664,0.649,0.6623,232258.6
1749135600000,2025-06-05 17:00:00,0.6623,0.6676,0.6596,0.6635,61348.5
1749139200000,2025-06-05 18:00:00,0.6635,0.6643,0.6493,0.6521,123202.7
1749142800000,2025-06-05 19:00:00,0.6521,0.6562,0.6505,0.6532,76154.6
1749146400000,2025-06-05 20:00:00,0.6532,0.6537,0.6457,0.6514,128447.1
1749150000000,2025-06-05 21:00:00,0.6514,0.6528,0.6282,0.6379,877074.4
1749153600000,2025-06-05 22:00:00,0.6379,0.6407,0.6086,0.61,702945.2
1749157200000,2025-06-05 23:00:00,0.61,0.6243,0.6088,0.6239,288214.1
1749160800000,2025-06-06 00:00:00,0.6239,0.6248,0.6168,0.6204,95652.1
1749164400000,2025-06-06 01:00:00,0.6204,0.6226,0.612,0.6121,85313.9
1749168000000,2025-06-06 02:00:00,0.6121,0.6188,0.6079,0.6185,212196.9
1749171600000,2025-06-06 03:00:00,0.6185,0.6185,0.613,0.6149,210469.3
1749175200000,2025-06-06 04:00:00,0.6149,0.6185,0.6092,0.6181,110146.9
1749178800000,2025-06-06 05:00:00,0.6181,0.626,0.6149,0.6259,67969.3
1749182400000,2025-06-06 06:00:00,0.6259,0.6262,0.6203,0.6238,162133.0
1749186000000,2025-06-06 07:00:00,0.6238,0.629,0.6224,0.6281,149237.6
1749189600000,2025-06-06 08:00:00,0.6281,0.6335,0.6269,0.6308,112542.0
1749193200000,2025-06-06 09:00:00,0.6308,0.6326,0.626,0.6288,120216.8
1749196800000,2025-06-06 10:00:00,0.6288,0.632,0.6284,0.6297,55685.8
1749200400000,2025-06-06 11:00:00,0.6297,0.634,0.6288,0.6289,86334.0
1749204000000,2025-06-06 12:00:00,0.6289,0.6324,0.627,0.6298,65677.8
1749207600000,2025-06-06 13:00:00,0.6298,0.6358,0.6297,0.6323,124456.4
1749211200000,2025-06-06 14:00:00,0.6323,0.6422,0.6301,0.6327,245371.2
1749214800000,2025-06-06 15:00:00,0.6327,0.6449,0.6327,0.6388,127641.8
1749218400000,2025-06-06 16:00:00,0.6388,0.6464,0.6382,0.6464,92534.6
1749222000000,2025-06-06 17:00:00,0.6464,0.6496,0.6372,0.6417,88284.7
1749225600000,2025-06-06 18:00:00,0.6417,0.6447,0.6364,0.6382,67067.7
1749229200000,2025-06-06 19:00:00,0.6382,0.639,0.6306,0.6365,143570.8
1749232800000,2025-06-06 20:00:00,0.6365,0.6373,0.629,0.6299,116917.7
1749236400000,2025-06-06 21:00:00,0.6299,0.6323,0.6275,0.6298,80622.5
1749240000000,2025-06-06 22:00:00,0.6298,0.6349,0.6275,0.6312,32563.1
1749243600000,2025-06-06 23:00:00,0.6312,0.6345,0.629,0.6322,44753.1
1749247200000,2025-06-07 00:00:00,0.6322,0.6325,0.6281,0.6313,45773.5
1749250800000,2025-06-07 01:00:00,0.6313,0.6313,0.6277,0.6289,21590.8
1749254400000,2025-06-07 02:00:00,0.6289,0.6429,0.6277,0.6429,146277.9
1749258000000,2025-06-07 03:00:00,0.6429,0.6435,0.6362,0.6383,77451.9
1749261600000,2025-06-07 04:00:00,0.6383,0.6483,0.6364,0.6472,90733.1
1749265200000,2025-06-07 05:00:00,0.6472,0.653,0.6462,0.6513,89111.1
1749268800000,2025-06-07 06:00:00,0.6513,0.6522,0.6482,0.6506,80933.0
1749272400000,2025-06-07 07:00:00,0.6506,0.6567,0.6498,0.6548,97106.8
1749276000000,2025-06-07 08:00:00,0.6548,0.6574,0.6505,0.6574,38526.2
1749279600000,2025-06-07 09:00:00,0.6574,0.6576,0.6522,0.653,72916.3
1749283200000,2025-06-07 10:00:00,0.653,0.6545,0.6461,0.6489,166446.7
1749286800000,2025-06-07 11:00:00,0.6489,0.6512,0.6459,0.6486,105993.6
1749290400000,2025-06-07 12:00:00,0.6486,0.6566,0.6486,0.6557,106182.7
1749294000000,2025-06-07 13:00:00,0.6557,0.6563,0.6535,0.6546,51589.3
1749297600000,2025-06-07 14:00:00,0.6546,0.6573,0.6538,0.6539,39673.2
1749301200000,2025-06-07 15:00:00,0.6539,0.6613,0.6528,0.6586,131407.2
1749304800000,2025-06-07 16:00:00,0.6586,0.6599,0.6547,0.6569,204732.1
1749308400000,2025-06-07 17:00:00,0.6569,0.6573,0.6511,0.6539,78099.7
1749312000000,2025-06-07 18:00:00,0.6539,0.6549,0.6491,0.6493,37012.5
1749315600000,2025-06-07 19:00:00,0.6493,0.651,0.6471,0.6472,27494.5
1749319200000,2025-06-07 20:00:00,0.6472,0.6532,0.6472,0.6523,27266.4
1749322800000,2025-06-07 21:00:00,0.6523,0.6554,0.6513,0.6519,26518.2
1749326400000,2025-06-07 22:00:00,0.6519,0.6559,0.6519,0.6537,31516.6
1749330000000,2025-06-07 23:00:00,0.6537,0.6564,0.6533,0.6558,41905.8
1749333600000,2025-06-08 00:00:00,0.6558,0.6573,0.6532,0.6549,116694.5
1749337200000,2025-06-08 01:00:00,0.6549,0.6551,0.6517,0.6523,64530.0
1749340800000,2025-06-08 02:00:00,0.6523,0.6523,0.6477,0.6491,52256.3
1749344400000,2025-06-08 03:00:00,0.6491,0.6521,0.6473,0.6514,51740.2
1749348000000,2025-06-08 04:00:00,0.6514,0.6521,0.6485,0.6485,27612.5
1749351600000,2025-06-08 05:00:00,0.6485,0.6496,0.6474,0.6477,31573.3
1749355200000,2025-06-08 06:00:00,0.6477,0.6494,0.6453,0.6481,34344.6
1749358800000,2025-06-08 07:00:00,0.6481,0.6484,0.6415,0.6418,102213.3
1749362400000,2025-06-08 08:00:00,0.6418,0.6456,0.6418,0.6426,27530.2
1749366000000,2025-06-08 09:00:00,0.6426,0.6459,0.6406,0.6416,28662.9
1749369600000,2025-06-08 10:00:00,0.6416,0.6461,0.6416,0.6437,58168.8
1749373200000,2025-06-08 11:00:00,0.6437,0.6442,0.6367,0.6374,144138.3
1749376800000,2025-06-08 12:00:00,0.6374,0.6396,0.6357,0.6389,31790.5
1749380400000,2025-06-08 13:00:00,0.6389,0.6489,0.6389,0.6483,94437.2
1749384000000,2025-06-08 14:00:00,0.6483,0.6493,0.6446,0.6458,31441.0
1749387600000,2025-06-08 15:00:00,0.6458,0.656,0.6448,0.6475,101080.1
1749391200000,2025-06-08 16:00:00,0.6475,0.6521,0.6459,0.6507,63235.3
1749394800000,2025-06-08 17:00:00,0.6507,0.6527,0.6482,0.6491,27548.5
1749398400000,2025-06-08 18:00:00,0.6491,0.6553,0.6491,0.6545,83147.3
1749402000000,2025-06-08 19:00:00,0.6545,0.6569,0.6502,0.6505,72536.5
1749405600000,2025-06-08 20:00:00,0.6505,0.6539,0.6488,0.6524,48174.6
1749409200000,2025-06-08 21:00:00,0.6524,0.6544,0.6506,0.6521,37373.4
1749412800000,2025-06-08 22:00:00,0.6521,0.6538,0.6504,0.651,130058.2
1749416400000,2025-06-08 23:00:00,0.651,0.6553,0.651,0.6547,57266.1
1749420000000,2025-06-09 00:00:00,0.6547,0.6551,0.6441,0.6444,168716.3
1749423600000,2025-06-09 01:00:00,0.6444,0.6448,0.64,0.6431,90970.0
1749427200000,2025-06-09 02:00:00,0.6431,0.6463,0.6386,0.6424,104796.0
1749430800000,2025-06-09 03:00:00,0.6424,0.6442,0.6392,0.6401,29795.8
1749434400000,2025-06-09 04:00:00,0.6401,0.6439,0.6376,0.6387,36531.9
1749438000000,2025-06-09 05:00:00,0.6387,0.6396,0.6341,0.6389,50408.4
1749441600000,2025-06-09 06:00:00,0.6389,0.6407,0.6354,0.6363,21908.9
1749445200000,2025-06-09 07:00:00,0.6363,0.6365,0.6267,0.6285,661887.2
1749448800000,2025-06-09 08:00:00,0.6285,0.6364,0.6261,0.636,100216.6
1749452400000,2025-06-09 09:00:00,0.636,0.636,0.6311,0.6348,41060.3
1749456000000,2025-06-09 10:00:00,0.6348,0.64,0.6328,0.6398,48808.1
1749459600000,2025-06-09 11:00:00,0.6398,0.6477,0.6369,0.6445,90123.5
1749463200000,2025-06-09 12:00:00,0.6445,0.657,0.6437,0.655,210197.8
1749466800000,2025-06-09 13:00:00,0.655,0.6592,0.6534,0.6557,188915.3
1749470400000,2025-06-09 14:00:00,0.6557,0.6634,0.6553,0.6633,77063.3
1749474000000,2025-06-09 15:00:00,0.6633,0.6634,0.6491,0.651,204598.8
1749477600000,2025-06-09 16:00:00,0.651,0.6604,0.6501,0.6574,110375.0
1749481200000,2025-06-09 17:00:00,0.6574,0.6633,0.6573,0.6583,28516.1
1749484800000,2025-06-09 18:00:00,0.6583,0.6711,0.6583,0.6668,191683.4
1749488400000,2025-06-09 19:00:00,0.6668,0.6712,0.6667,0.6695,52863.4
1749492000000,2025-06-09 20:00:00,0.6695,0.6737,0.6693,0.6734,58776.8
1749495600000,2025-06-09 21:00:00,0.6734,0.6744,0.6685,0.671,54273.3
1749499200000,2025-06-09 22:00:00,0.671,0.6723,0.6688,0.671,42102.3
1749502800000,2025-06-09 23:00:00,0.671,0.6906,0.671,0.6865,270810.1
1749506400000,2025-06-10 00:00:00,0.6865,0.6986,0.6865,0.698,207740.5
1749510000000,2025-06-10 01:00:00,0.698,0.7001,0.6931,0.6979,77497.5
1749513600000,2025-06-10 02:00:00,0.6979,0.7163,0.6978,0.7032,515237.6
1749517200000,2025-06-10 03:00:00,0.7032,0.7156,0.698,0.7101,337373.2
1749520800000,2025-06-10 04:00:00,0.7101,0.7109,0.7011,0.702,105975.3
1749524400000,2025-06-10 05:00:00,0.702,0.7031,0.6955,0.6981,84330.8
1749528000000,2025-06-10 06:00:00,0.6981,0.7006,0.6904,0.6968,342064.1
1749531600000,2025-06-10 07:00:00,0.6968,0.7039,0.6917,0.6958,266720.9
1749535200000,2025-06-10 08:00:00,0.6958,0.6989,0.6897,0.6953,181472.4
1749538800000,2025-06-10 09:00:00,0.6953,0.6996,0.6923,0.6966,73104.6
1749542400000,2025-06-10 10:00:00,0.6966,0.6982,0.692,0.6925,48987.4
1749546000000,2025-06-10 11:00:00,0.6925,0.706,0.6916,0.706,79681.1
1749549600000,2025-06-10 12:00:00,0.706,0.706,0.6976,0.7056,76461.8
1749553200000,2025-06-10 13:00:00,0.7056,0.752,0.7003,0.7507,941406.8
1749556800000,2025-06-10 14:00:00,0.7507,0.7602,0.7403,0.7545,1914906.3
1749560400000,2025-06-10 15:00:00,0.7545,0.7611,0.7363,0.7493,550035.2
1749564000000,2025-06-10 16:00:00,0.7493,0.7535,0.7319,0.7341,312142.9
1749567600000,2025-06-10 17:00:00,0.7341,0.742,0.7213,0.736,460186.9
1749571200000,2025-06-10 18:00:00,0.736,0.7463,0.736,0.74,256302.0
1749574800000,2025-06-10 19:00:00,0.74,0.7479,0.7282,0.7311,280047.5
1749578400000,2025-06-10 20:00:00,0.7311,0.7432,0.7285,0.7406,196172.0
1749582000000,2025-06-10 21:00:00,0.7406,0.7535,0.7395,0.7449,290909.9
1749585600000,2025-06-10 22:00:00,0.7449,0.749,0.7382,0.749,104810.1
1749589200000,2025-06-10 23:00:00,0.749,0.7496,0.7395,0.7468,224903.1
1749592800000,2025-06-11 00:00:00,0.7468,0.763,0.7468,0.7572,368684.6
1749596400000,2025-06-11 01:00:00,0.7572,0.7782,0.7531,0.7769,569168.1
1749600000000,2025-06-11 02:00:00,0.7769,0.7894,0.7603,0.7609,576843.1
1749603600000,2025-06-11 03:00:00,0.7609,0.7618,0.7476,0.7505,234297.3
1749607200000,2025-06-11 04:00:00,0.7505,0.7581,0.7485,0.7534,133238.6
1749610800000,2025-06-11 05:00:00,0.7534,0.7595,0.752,0.7569,65457.3
1749614400000,2025-06-11 06:00:00,0.7569,0.7624,0.7517,0.7567,110517.8
1749618000000,2025-06-11 07:00:00,0.7567,0.7625,0.7531,0.7597,94396.6
1749621600000,2025-06-11 08:00:00,0.7597,0.7616,0.7524,0.756,154519.1
1749625200000,2025-06-11 09:00:00,0.756,0.7625,0.756,0.7582,116303.4
1749628800000,2025-06-11 10:00:00,0.7582,0.7612,0.7487,0.7503,184369.9
1749632400000,2025-06-11 11:00:00,0.7503,0.7514,0.738,0.7403,291310.4
1749636000000,2025-06-11 12:00:00,0.7403,0.7493,0.739,0.7488,179872.5
1749639600000,2025-06-11 13:00:00,0.7488,0.7501,0.7394,0.7455,150586.0
1749643200000,2025-06-11 14:00:00,0.7455,0.7601,0.7351,0.7513,489985.4
1749646800000,2025-06-11 15:00:00,0.7513,0.7632,0.7491,0.7551,157188.2
1749650400000,2025-06-11 16:00:00,0.7551,0.771,0.7534,0.7633,241831.9
1749654000000,2025-06-11 17:00:00,0.7633,0.7769,0.7623,0.7729,279931.5
1749657600000,2025-06-11 18:00:00,0.7729,0.7736,0.7611,0.7674,122801.5
1749661200000,2025-06-11 19:00:00,0.7674,0.7682,0.7562,0.7563,150376.7
1749664800000,2025-06-11 20:00:00,0.7563,0.7579,0.7467,0.7482,181208.4
1749668400000,2025-06-11 21:00:00,0.7482,0.7511,0.7446,0.7458,126178.5
1749672000000,2025-06-11 22:00:00,0.7458,0.753,0.7402,0.7491,128764.2
1749675600000,2025-06-11 23:00:00,0.7491,0.7538,0.7287,0.7305,360433.4
1749679200000,2025-06-12 00:00:00,0.7305,0.7357,0.7248,0.7261,275270.9
1749682800000,2025-06-12 01:00:00,0.7261,0.7344,0.7256,0.7313,170738.3
1749686400000,2025-06-12 02:00:00,0.7313,0.7316,0.7182,0.7242,364497.2
1749690000000,2025-06-12 03:00:00,0.7242,0.7255,0.715,0.7243,131695.1
1749693600000,2025-06-12 04:00:00,0.7243,0.7277,0.7156,0.7179,256479.3
1749697200000,2025-06-12 05:00:00,0.7179,0.7199,0.7096,0.7153,208952.6
1749700800000,2025-06-12 06:00:00,0.7153,0.7157,0.7084,0.7104,102072.2
1749704400000,2025-06-12 07:00:00,0.7104,0.7126,0.7055,0.7098,136147.1
1749708000000,2025-06-12 08:00:00,0.7098,0.7147,0.7018,0.7094,268070.9
1749711600000,2025-06-12 09:00:00,0.7094,0.7108,0.7015,0.7035,124118.8
1749715200000,2025-06-12 10:00:00,0.7035,0.7044,0.6984,0.7022,145012.8
1749718800000,2025-06-12 11:00:00,0.7022,0.7046,0.6989,0.6997,69415.9
1749722400000,2025-06-12 12:00:00,0.6997,0.7001,0.6921,0.695,273369.3
1749726000000,2025-06-12 13:00:00,0.695,0.6952,0.6838,0.6869,318868.8
1749729600000,2025-06-12 14:00:00,0.6869,0.6973,0.6854,0.6915,215926.9
1749733200000,2025-06-12 15:00:00,0.6915,0.7049,0.6907,0.702,251700.3
1749736800000,2025-06-12 16:00:00,0.702,0.7084,0.702,0.7052,118381.2
1749740400000,2025-06-12 17:00:00,0.7052,0.7061,0.6867,0.6888,463513.1
1749744000000,2025-06-12 18:00:00,0.6888,0.7003,0.6872,0.6989,271897.9
1749747600000,2025-06-12 19:00:00,0.6989,0.7081,0.6982,0.7039,208020.7
1749751200000,2025-06-12 20:00:00,0.7039,0.7039,0.6894,0.6953,466301.9
1749754800000,2025-06-12 21:00:00,0.6953,0.6969,0.6773,0.6808,453238.4
1749758400000,2025-06-12 22:00:00,0.6808,0.6826,0.6584,0.663,632930.8
1749762000000,2025-06-12 23:00:00,0.663,0.6744,0.6616,0.6659,224337.0
1749765600000,2025-06-13 00:00:00,0.6659,0.6693,0.6598,0.6618,185321.3
1749769200000,2025-06-13 01:00:00,0.6618,0.6668,0.6593,0.6595,170678.4
1749772800000,2025-06-13 02:00:00,0.6595,0.6595,0.6119,0.6189,2266472.9
1749776400000,2025-06-13 03:00:00,0.6189,0.6189,0.5962,0.6045,970162.4
1749780000000,2025-06-13 04:00:00,0.6045,0.6088,0.5982,0.6061,284796.2
1749783600000,2025-06-13 05:00:00,0.6061,0.6247,0.605,0.6207,348567.4
1749787200000,2025-06-13 06:00:00,0.6207,0.6207,0.6088,0.612,268503.7
1749790800000,2025-06-13 07:00:00,0.612,0.6147,0.61,0.6105,165803.9
1749794400000,2025-06-13 08:00:00,0.6105,0.6174,0.6018,0.6172,258372.3
1749798000000,2025-06-13 09:00:00,0.6172,0.6188,0.6107,0.6136,252427.4
1749801600000,2025-06-13 10:00:00,0.6136,0.6229,0.6117,0.615,187771.9
1749805200000,2025-06-13 11:00:00,0.615,0.6164,0.6084,0.6109,165092.7
1749808800000,2025-06-13 12:00:00,0.6109,0.6131,0.6062,0.6129,201546.2
1749812400000,2025-06-13 13:00:00,0.6129,0.6155,0.6064,0.6153,172748.6
1749816000000,2025-06-13 14:00:00,0.6153,0.6175,0.6055,0.6066,223129.6
1749819600000,2025-06-13 15:00:00,0.6066,0.6145,0.6031,0.6076,230867.1
1749823200000,2025-06-13 16:00:00,0.6076,0.6226,0.6,0.6095,4061869.1
1749826800000,2025-06-13 17:00:00,0.6095,0.6232,0.6074,0.6174,460183.3
1749830400000,2025-06-13 18:00:00,0.6174,0.6305,0.6156,0.6254,586541.0
1749834000000,2025-06-13 19:00:00,0.6254,0.6254,0.6137,0.6214,287810.3
1749837600000,2025-06-13 20:00:00,0.6214,0.6221,0.6057,0.6096,345259.2
1749841200000,2025-06-13 21:00:00,0.6096,0.6141,0.6062,0.6117,161393.5
1749844800000,2025-06-13 22:00:00,0.6117,0.6221,0.6094,0.62,171609.7
1749848400000,2025-06-13 23:00:00,0.62,0.6263,0.6167,0.6238,141806.3
1749852000000,2025-06-14 00:00:00,0.6238,0.6345,0.6238,0.6324,192226.8
1749855600000,2025-06-14 01:00:00,0.6324,0.6397,0.6311,0.6383,150361.0
1749859200000,2025-06-14 02:00:00,0.6383,0.6386,0.6295,0.63,347660.5
1749862800000,2025-06-14 03:00:00,0.63,0.6321,0.6259,0.6287,106753.6
1749866400000,2025-06-14 04:00:00,0.6287,0.6328,0.6282,0.63,40452.3
1749870000000,2025-06-14 05:00:00,0.63,0.6331,0.6281,0.6292,89165.8
1749873600000,2025-06-14 06:00:00,0.6292,0.6316,0.6277,0.6288,63390.6
1749877200000,2025-06-14 07:00:00,0.6288,0.6335,0.6269,0.6312,205315.6
1749880800000,2025-06-14 08:00:00,0.6312,0.6316,0.6236,0.6243,166740.3
1749884400000,2025-06-14 09:00:00,0.6243,0.626,0.6191,0.6242,193564.1
1749888000000,2025-06-14 10:00:00,0.6242,0.6242,0.6189,0.621,82282.9
1749891600000,2025-06-14 11:00:00,0.621,0.6221,0.6173,0.618,68662.4
1749895200000,2025-06-14 12:00:00,0.618,0.6221,0.6166,0.6197,78144.6
1749898800000,2025-06-14 13:00:00,0.6197,0.6234,0.6192,0.6212,63800.5
1749902400000,2025-06-14 14:00:00,0.6212,0.6245,0.6179,0.6244,89716.6
1749906000000,2025-06-14 15:00:00,0.6244,0.629,0.6216,0.624,172597.8
1749909600000,2025-06-14 16:00:00,0.624,0.6255,0.6193,0.6202,85301.2
1749913200000,2025-06-14 17:00:00,0.6202,0.6228,0.6117,0.6164,133481.7
1749916800000,2025-06-14 18:00:00,0.6164,0.6173,0.6033,0.6061,383706.9
1749920400000,2025-06-14 19:00:00,0.6061,0.6156,0.6051,0.6141,226454.8
1749924000000,2025-06-14 20:00:00,0.6141,0.6184,0.6055,0.6078,86826.7
1749927600000,2025-06-14 21:00:00,0.6078,0.6156,0.6072,0.6079,193748.5
1749931200000,2025-06-14 22:00:00,0.6079,0.6115,0.6034,0.6093,78320.0
1749934800000,2025-06-14 23:00:00,0.6093,0.618,0.6085,0.6173,55077.8
1749938400000,2025-06-15 00:00:00,0.6173,0.62,0.614,0.6159,72878.9
1749942000000,2025-06-15 01:00:00,0.6159,0.6195,0.6155,0.617,73989.1
1749945600000,2025-06-15 02:00:00,0.617,0.6225,0.6167,0.6214,160357.1
1749949200000,2025-06-15 03:00:00,0.6214,0.6227,0.6156,0.6166,152336.1
1749952800000,2025-06-15 04:00:00,0.6166,0.6208,0.6165,0.6183,41330.7
1749956400000,2025-06-15 05:00:00,0.6183,0.6212,0.6183,0.6196,25364.6
1749960000000,2025-06-15 06:00:00,0.6196,0.6231,0.6196,0.6218,55203.4
1749963600000,2025-06-15 07:00:00,0.6218,0.6267,0.619,0.626,104326.3
1749967200000,2025-06-15 08:00:00,0.626,0.6269,0.6187,0.6188,135746.9
1749970800000,2025-06-15 09:00:00,0.6188,0.6193,0.6165,0.6188,61079.8
1749974400000,2025-06-15 10:00:00,0.6188,0.619,0.6148,0.6165,53044.4
1749978000000,2025-06-15 11:00:00,0.6165,0.6167,0.6129,0.6139,39368.7
1749981600000,2025-06-15 12:00:00,0.6139,0.6209,0.6139,0.6204,91794.0
1749985200000,2025-06-15 13:00:00,0.6204,0.6215,0.6164,0.6191,72985.7
1749988800000,2025-06-15 14:00:00,0.6191,0.6216,0.6174,0.6214,221371.1
1749992400000,2025-06-15 15:00:00,0.6214,0.6233,0.6163,0.6203,146721.2
1749996000000,2025-06-15 16:00:00,0.6203,0.627,0.6147,0.6254,123313.9
1749999600000,2025-06-15 17:00:00,0.6254,0.6268,0.6191,0.6198,101191.5
1750003200000,2025-06-15 18:00:00,0.6198,0.6226,0.6187,0.6212,115545.4
1750006800000,2025-06-15 19:00:00,0.6212,0.6217,0.6173,0.6182,55452.2
1750010400000,2025-06-15 20:00:00,0.6182,0.6182,0.6133,0.6145,74352.3
1750014000000,2025-06-15 21:00:00,0.6145,0.6169,0.6091,0.612,123860.4
1750017600000,2025-06-15 22:00:00,0.612,0.612,0.6037,0.6074,129184.0
1750021200000,2025-06-15 23:00:00,0.6074,0.6097,0.6038,0.6097,73685.4
1750024800000,2025-06-16 00:00:00,0.6097,0.6211,0.6097,0.6186,174388.8
1750028400000,2025-06-16 01:00:00,0.6186,0.6233,0.6178,0.6209,76202.7
1750032000000,2025-06-16 02:00:00,0.6209,0.6224,0.6175,0.6192,98107.0
1750035600000,2025-06-16 03:00:00,0.6192,0.628,0.6142,0.628,198667.9
1750039200000,2025-06-16 04:00:00,0.628,0.6361,0.628,0.6314,157478.3
1750042800000,2025-06-16 05:00:00,0.6314,0.6342,0.63,0.6303,130540.3
1750046400000,2025-06-16 06:00:00,0.6303,0.6377,0.6293,0.635,136863.3
1750050000000,2025-06-16 07:00:00,0.635,0.648,0.634,0.6431,264319.2
1750053600000,2025-06-16 08:00:00,0.6431,0.6525,0.6428,0.6497,307341.9
1750057200000,2025-06-16 09:00:00,0.6497,0.6602,0.6496,0.6566,987659.7
1750060800000,2025-06-16 10:00:00,0.6566,0.6602,0.6537,0.6596,244062.5
1750064400000,2025-06-16 11:00:00,0.6596,0.668,0.6589,0.6634,430445.7
1750068000000,2025-06-16 12:00:00,0.6634,0.6674,0.66,0.6641,443875.3
1750071600000,2025-06-16 13:00:00,0.6641,0.6699,0.6582,0.6683,698179.9
1750075200000,2025-06-16 14:00:00,0.6683,0.6691,0.659,0.664,485834.7
1750078800000,2025-06-16 15:00:00,0.664,0.6731,0.662,0.6717,411174.1
1750082400000,2025-06-16 16:00:00,0.6717,0.6764,0.663,0.6644,552737.7
1750086000000,2025-06-16 17:00:00,0.6644,0.6705,0.6644,0.6662,276180.1
1750089600000,2025-06-16 18:00:00,0.6662,0.6707,0.6639,0.6655,116483.3
1750093200000,2025-06-16 19:00:00,0.6655,0.6681,0.6627,0.6657,120646.2
1750096800000,2025-06-16 20:00:00,0.6657,0.6741,0.6657,0.6741,161070.2
1750100400000,2025-06-16 21:00:00,0.6741,0.6764,0.6699,0.6723,189630.1
1750104000000,2025-06-16 22:00:00,0.6723,0.6757,0.6704,0.674,251663.6
1750107600000,2025-06-16 23:00:00,0.674,0.6749,0.6695,0.6704,81408.2
1750111200000,2025-06-17 00:00:00,0.6704,0.6732,0.6469,0.6524,1355101.0
1750114800000,2025-06-17 01:00:00,0.6524,0.6569,0.6368,0.6394,440140.6
1750118400000,2025-06-17 02:00:00,0.6394,0.6524,0.628,0.6519,632522.4
1750122000000,2025-06-17 03:00:00,0.6519,0.6534,0.6452,0.6456,100479.3
1750125600000,2025-06-17 04:00:00,0.6456,0.6562,0.6432,0.6552,145438.4
1750129200000,2025-06-17 05:00:00,0.6552,0.6582,0.6522,0.655,145196.3
1750132800000,2025-06-17 06:00:00,0.655,0.657,0.6506,0.6514,142360.5
1750136400000,2025-06-17 07:00:00,0.6514,0.6526,0.6451,0.6467,196176.0
1750140000000,2025-06-17 08:00:00,0.6467,0.6487,0.6433,0.6444,124222.0
1750143600000,2025-06-17 09:00:00,0.6444,0.647,0.6423,0.6447,126132.5
1750147200000,2025-06-17 10:00:00,0.6447,0.6459,0.6373,0.6405,169973.4
1750150800000,2025-06-17 11:00:00,0.6405,0.6436,0.6382,0.6412,126493.9
1750154400000,2025-06-17 12:00:00,0.6412,0.642,0.635,0.6413,193507.7
1750158000000,2025-06-17 13:00:00,0.6413,0.6413,0.6333,0.6359,384540.4
1750161600000,2025-06-17 14:00:00,0.6359,0.6381,0.6308,0.6312,449506.7
1750165200000,2025-06-17 15:00:00,0.6312,0.6359,0.63,0.6314,238903.2
1750168800000,2025-06-17 16:00:00,0.6314,0.6393,0.6278,0.6281,189078.6
1750172400000,2025-06-17 17:00:00,0.6281,0.6298,0.6157,0.6211,683060.0
1750176000000,2025-06-17 18:00:00,0.6211,0.6217,0.6092,0.6093,296938.4
1750179600000,2025-06-17 19:00:00,0.6093,0.6243,0.6086,0.6142,503751.9
1750183200000,2025-06-17 20:00:00,0.6142,0.6222,0.6122,0.6222,90778.0
1750186800000,2025-06-17 21:00:00,0.6222,0.6337,0.6216,0.6286,309092.9
1750190400000,2025-06-17 22:00:00,0.6286,0.6323,0.6226,0.623,143767.7
1750194000000,2025-06-17 23:00:00,0.623,0.6237,0.6162,0.6193,158829.2
1750197600000,2025-06-18 00:00:00,0.6193,0.6193,0.6119,0.6126,121732.8
1750201200000,2025-06-18 01:00:00,0.6126,0.6213,0.6126,0.6176,77152.7
1750204800000,2025-06-18 02:00:00,0.6176,0.6266,0.6176,0.6231,108813.2
1750208400000,2025-06-18 03:00:00,0.6231,0.6271,0.6204,0.6209,80243.9
1750212000000,2025-06-18 04:00:00,0.6209,0.6222,0.6179,0.6179,69063.4
1750215600000,2025-06-18 05:00:00,0.6179,0.6258,0.6174,0.6248,107990.9
1750219200000,2025-06-18 06:00:00,0.6248,0.6353,0.6237,0.6325,129132.7
1750222800000,2025-06-18 07:00:00,0.6325,0.6343,0.6295,0.6298,111459.0
1750226400000,2025-06-18 08:00:00,0.6298,0.6305,0.6203,0.622,161484.2
1750230000000,2025-06-18 09:00:00,0.622,0.6248,0.621,0.6242,98010.5
1750233600000,2025-06-18 10:00:00,0.6242,0.6266,0.6161,0.6179,184238.5
1750237200000,2025-06-18 11:00:00,0.6179,0.6203,0.614,0.6163,88888.5
1750240800000,2025-06-18 12:00:00,0.6163,0.6167,0.6013,0.6024,400350.3
1750244400000,2025-06-18 13:00:00,0.6024,0.609,0.6005,0.6084,180985.0
1750248000000,2025-06-18 14:00:00,0.6084,0.6107,0.6024,0.603,186034.7
1750251600000,2025-06-18 15:00:00,0.603,0.6047,0.5905,0.6037,476767.9
1750255200000,2025-06-18 16:00:00,0.6037,0.6164,0.6008,0.6071,338965.4
1750258800000,2025-06-18 17:00:00,0.6071,0.6134,0.6024,0.6084,456604.0
1750262400000,2025-06-18 18:00:00,0.6084,0.6102,0.6027,0.6054,195592.7
1750266000000,2025-06-18 19:00:00,0.6054,0.612,0.6005,0.6099,201288.4
1750269600000,2025-06-18 20:00:00,0.6099,0.6163,0.6021,0.6029,544283.4
1750273200000,2025-06-18 21:00:00,0.6029,0.6145,0.6011,0.606,475214.3
1750276800000,2025-06-18 22:00:00,0.606,0.6265,0.6047,0.624,328796.2
1750280400000,2025-06-18 23:00:00,0.624,0.6293,0.6201,0.628,271640.7
1750284000000,2025-06-19 00:00:00,0.628,0.6292,0.6235,0.626,120835.9
1750287600000,2025-06-19 01:00:00,0.626,0.6298,0.6222,0.6275,141351.6
1750291200000,2025-06-19 02:00:00,0.6275,0.6374,0.6242,0.6297,357625.8
1750294800000,2025-06-19 03:00:00,0.6297,0.6303,0.6227,0.6239,87686.7
1750298400000,2025-06-19 04:00:00,0.6239,0.6268,0.6206,0.6213,73436.4
1750302000000,2025-06-19 05:00:00,0.6213,0.6263,0.6213,0.626,40169.8
1750305600000,2025-06-19 06:00:00,0.626,0.6276,0.6188,0.624,86578.8
1750309200000,2025-06-19 07:00:00,0.624,0.63,0.6227,0.6254,114974.6
1750312800000,2025-06-19 08:00:00,0.6254,0.6281,0.623,0.6242,66197.7
1750316400000,2025-06-19 09:00:00,0.6242,0.6281,0.6242,0.6259,54367.6
1750320000000,2025-06-19 10:00:00,0.6259,0.6319,0.6258,0.6261,152689.9
1750323600000,2025-06-19 11:00:00,0.6261,0.6363,0.6256,0.6342,110383.4
1750327200000,2025-06-19 12:00:00,0.6342,0.6348,0.6289,0.63,160266.1
1750330800000,2025-06-19 13:00:00,0.63,0.6301,0.6252,0.6255,65759.5
1750334400000,2025-06-19 14:00:00,0.6255,0.6299,0.6223,0.6248,66075.2
1750338000000,2025-06-19 15:00:00,0.6248,0.6251,0.6171,0.618,303584.6
1750341600000,2025-06-19 16:00:00,0.618,0.6211,0.6114,0.6114,302080.8
1750345200000,2025-06-19 17:00:00,0.6114,0.616,0.6106,0.612,120865.4
1750348800000,2025-06-19 18:00:00,0.612,0.614,0.6066,0.6069,150406.6
1750352400000,2025-06-19 19:00:00,0.6069,0.6198,0.6061,0.615,235902.0
1750356000000,2025-06-19 20:00:00,0.615,0.6203,0.609,0.6122,200373.8
1750359600000,2025-06-19 21:00:00,0.6122,0.6149,0.611,0.6117,120252.3
1750363200000,2025-06-19 22:00:00,0.6117,0.6163,0.6109,0.6133,129157.3
1750366800000,2025-06-19 23:00:00,0.6133,0.6174,0.6126,0.6149,88997.4
1750370400000,2025-06-20 00:00:00,0.6149,0.6208,0.6149,0.6177,132416.4
1750374000000,2025-06-20 01:00:00,0.6177,0.6194,0.6149,0.6179,42973.4
1750377600000,2025-06-20 02:00:00,0.6179,0.6219,0.6175,0.6195,100091.5
1750381200000,2025-06-20 03:00:00,0.6195,0.623,0.6153,0.6213,131213.0
1750384800000,2025-06-20 04:00:00,0.6213,0.6218,0.6155,0.616,127963.3
1750388400000,2025-06-20 05:00:00,0.616,0.6173,0.6128,0.615,176470.4
1750392000000,2025-06-20 06:00:00,0.615,0.6178,0.6097,0.6101,95002.8
1750395600000,2025-06-20 07:00:00,0.6101,0.6122,0.6059,0.6118,89981.2
1750399200000,2025-06-20 08:00:00,0.6118,0.6161,0.6106,0.6152,195247.6
1750402800000,2025-06-20 09:00:00,0.6152,0.6294,0.6138,0.629,185143.0
1750406400000,2025-06-20 10:00:00,0.629,0.6346,0.6257,0.6283,258135.5
1750410000000,2025-06-20 11:00:00,0.6283,0.6304,0.6258,0.6278,65922.6
1750413600000,2025-06-20 12:00:00,0.6278,0.6298,0.6249,0.627,72559.0
1750417200000,2025-06-20 13:00:00,0.627,0.6304,0.6249,0.6289,132507.5
1750420800000,2025-06-20 14:00:00,0.6289,0.6326,0.6284,0.629,102173.7
1750424400000,2025-06-20 15:00:00,0.629,0.6328,0.6233,0.6266,131273.6
1750428000000,2025-06-20 16:00:00,0.6266,0.628,0.6085,0.609,260526.7
1750431600000,2025-06-20 17:00:00,0.609,0.6145,0.6073,0.6099,199485.3
1750435200000,2025-06-20 18:00:00,0.6099,0.6105,0.5985,0.5994,199007.6
1750438800000,2025-06-20 19:00:00,0.5994,0.6019,0.5795,0.5948,917184.9
1750442400000,2025-06-20 20:00:00,0.5948,0.6012,0.5933,0.5977,187921.4
1750446000000,2025-06-20 21:00:00,0.5977,0.5978,0.5918,0.5965,137201.6
1750449600000,2025-06-20 22:00:00,0.5965,0.6035,0.5961,0.6008,77800.1
1750453200000,2025-06-20 23:00:00,0.6008,0.6008,0.5949,0.5949,63172.4
1750456800000,2025-06-21 00:00:00,0.5949,0.5964,0.5888,0.591,180184.4
1750460400000,2025-06-21 01:00:00,0.591,0.5962,0.5904,0.5936,98917.8
1750464000000,2025-06-21 02:00:00,0.5936,0.5978,0.5917,0.5949,81544.9
1750467600000,2025-06-21 03:00:00,0.5949,0.6012,0.5944,0.5991,105957.4
1750471200000,2025-06-21 04:00:00,0.5991,0.5995,0.5969,0.597,31984.4
1750474800000,2025-06-21 05:00:00,0.597,0.6014,0.5969,0.599,71556.9
1750478400000,2025-06-21 06:00:00,0.599,0.5993,0.5973,0.5976,20326.4
1750482000000,2025-06-21 07:00:00,0.5976,0.6029,0.5972,0.6021,64261.3
1750485600000,2025-06-21 08:00:00,0.6021,0.6022,0.6002,0.6008,21382.7
1750489200000,2025-06-21 09:00:00,0.6008,0.6008,0.5967,0.598,65952.5
1750492800000,2025-06-21 10:00:00,0.598,0.6013,0.5966,0.6011,90827.4
1750496400000,2025-06-21 11:00:00,0.6011,0.6013,0.597,0.6,50867.2
1750500000000,2025-06-21 12:00:00,0.6,0.6018,0.596,0.5966,45193.0
1750503600000,2025-06-21 13:00:00,0.5966,0.5987,0.596,0.5969,45409.0
1750507200000,2025-06-21 14:00:00,0.5969,0.598,0.5901,0.5906,49096.0
1750510800000,2025-06-21 15:00:00,0.5906,0.5924,0.5811,0.5824,149178.4
1750514400000,2025-06-21 16:00:00,0.5824,0.5883,0.5809,0.5842,97393.8
1750518000000,2025-06-21 17:00:00,0.5842,0.5868,0.5809,0.586,128829.2
1750521600000,2025-06-21 18:00:00,0.586,0.5875,0.58,0.5831,102327.3
1750525200000,2025-06-21 19:00:00,0.5831,0.5859,0.5756,0.5775,125670.2
1750528800000,2025-06-21 20:00:00,0.5775,0.5806,0.5709,0.5726,187815.1
1750532400000,2025-06-21 21:00:00,0.5726,0.5754,0.5685,0.5696,144500.9
1750536000000,2025-06-21 22:00:00,0.5696,0.5747,0.5683,0.573,198620.5
1750539600000,2025-06-21 23:00:00,0.573,0.5736,0.5387,0.5492,684057.6
1750543200000,2025-06-22 00:00:00,0.5492,0.5609,0.546,0.5521,2965213.4
1750546800000,2025-06-22 01:00:00,0.5521,0.5528,0.5367,0.5515,810704.3
1750550400000,2025-06-22 02:00:00,0.5515,0.5616,0.5451,0.5574,293268.7
1750554000000,2025-06-22 03:00:00,0.5574,0.5589,0.5475,0.5476,207731.7
1750557600000,2025-06-22 04:00:00,0.5476,0.5531,0.5414,0.5466,364282.2
1750561200000,2025-06-22 05:00:00,0.5466,0.5483,0.54,0.5442,160587.2
1750564800000,2025-06-22 06:00:00,0.5442,0.5515,0.5423,0.549,164622.0
1750568400000,2025-06-22 07:00:00,0.549,0.5526,0.5453,0.5504,117805.8
1750572000000,2025-06-22 08:00:00,0.5504,0.5547,0.5473,0.5529,139575.2
1750575600000,2025-06-22 09:00:00,0.5529,0.5543,0.5471,0.5491,82744.9
1750579200000,2025-06-22 10:00:00,0.5491,0.5507,0.5452,0.5468,70426.0
1750582800000,2025-06-22 11:00:00,0.5468,0.5482,0.5371,0.538,238437.1
1750586400000,2025-06-22 12:00:00,0.538,0.5451,0.5361,0.5425,148625.0
1750590000000,2025-06-22 13:00:00,0.5425,0.5476,0.5402,0.5436,189657.8
1750593600000,2025-06-22 14:00:00,0.5436,0.5471,0.5361,0.5443,169623.1
1750597200000,2025-06-22 15:00:00,0.5443,0.5456,0.5134,0.5245,1188736.8
1750600800000,2025-06-22 16:00:00,0.5245,0.533,0.5159,0.5326,646784.6
1750604400000,2025-06-22 17:00:00,0.5326,0.5344,0.521,0.5224,188316.4
1750608000000,2025-06-22 18:00:00,0.5224,0.5251,0.5192,0.5225,146899.7
1750611600000,2025-06-22 19:00:00,0.5225,0.529,0.5171,0.5242,224091.8
1750615200000,2025-06-22 20:00:00,0.5242,0.527,0.52,0.5206,200242.9
1750618800000,2025-06-22 21:00:00,0.5206,0.5231,0.5173,0.5193,190578.3
1750622400000,2025-06-22 22:00:00,0.5193,0.5266,0.5032,0.5238,817492.7
1750626000000,2025-06-22 23:00:00,0.5238,0.5281,0.5172,0.5185,149702.7
1750629600000,2025-06-23 00:00:00,0.5185,0.5366,0.5179,0.5362,250544.5
1750633200000,2025-06-23 01:00:00,0.5362,0.5375,0.5331,0.5362,113507.6
1750636800000,2025-06-23 02:00:00,0.5362,0.5467,0.5353,0.5415,297830.2
1750640400000,2025-06-23 03:00:00,0.5415,0.544,0.5377,0.5439,102934.9
1750644000000,2025-06-23 04:00:00,0.5439,0.5444,0.5399,0.5417,75229.6
1750647600000,2025-06-23 05:00:00,0.5417,0.5438,0.5403,0.5428,113174.7
1750651200000,2025-06-23 06:00:00,0.5428,0.5463,0.5418,0.5423,77042.8
1750654800000,2025-06-23 07:00:00,0.5423,0.5508,0.5423,0.5486,233037.4
1750658400000,2025-06-23 08:00:00,0.5486,0.5539,0.5483,0.5535,238221.3
1750662000000,2025-06-23 09:00:00,0.5535,0.5571,0.5484,0.5502,147853.0
1750665600000,2025-06-23 10:00:00,0.5502,0.5512,0.5483,0.5511,96779.9
1750669200000,2025-06-23 11:00:00,0.5511,0.5513,0.5475,0.5488,124183.5
1750672800000,2025-06-23 12:00:00,0.5488,0.5488,0.544,0.5461,64706.7
1750676400000,2025-06-23 13:00:00,0.5461,0.5503,0.5448,0.5491,86815.5
1750680000000,2025-06-23 14:00:00,0.5491,0.555,0.5457,0.555,87777.8
1750683600000,2025-06-23 15:00:00,0.555,0.5635,0.5444,0.5624,337004.5
1750687200000,2025-06-23 16:00:00,0.5624,0.5666,0.5561,0.5576,222634.3
1750690800000,2025-06-23 17:00:00,0.5576,0.5635,0.5541,0.5544,167243.5
1750694400000,2025-06-23 18:00:00,0.5544,0.5552,0.5396,0.5453,298799.5
1750698000000,2025-06-23 19:00:00,0.5453,0.5707,0.5437,0.5687,236359.7
1750701600000,2025-06-23 20:00:00,0.5687,0.5847,0.568,0.5816,341115.5
1750705200000,2025-06-23 21:00:00,0.5816,0.5867,0.5788,0.5844,206018.9
1750708800000,2025-06-23 22:00:00,0.5844,0.599,0.583,0.5946,251837.6
1750712400000,2025-06-23 23:00:00,0.5946,0.597,0.59,0.5918,105631.9
1750716000000,2025-06-24 00:00:00,0.5918,0.6098,0.5917,0.6066,419320.9
1750719600000,2025-06-24 01:00:00,0.6066,0.6104,0.6059,0.6067,315074.9
1750723200000,2025-06-24 02:00:00,0.6067,0.6099,0.6059,0.6097,159388.4
1750726800000,2025-06-24 03:00:00,0.6097,0.6136,0.6074,0.6122,193994.6
1750730400000,2025-06-24 04:00:00,0.6122,0.6126,0.6073,0.6076,233894.3
1750734000000,2025-06-24 05:00:00,0.6076,0.6079,0.6039,0.6058,177566.9
1750737600000,2025-06-24 06:00:00,0.6058,0.607,0.6039,0.6059,84303.8
1750741200000,2025-06-24 07:00:00,0.6059,0.6205,0.6056,0.6201,199586.0
1750744800000,2025-06-24 08:00:00,0.6201,0.6231,0.6174,0.6206,117268.5
1750748400000,2025-06-24 09:00:00,0.6206,0.6214,0.6094,0.6096,225849.6
1750752000000,2025-06-24 10:00:00,0.6096,0.6111,0.6037,0.6092,187120.0
1750755600000,2025-06-24 11:00:00,0.6092,0.6196,0.6071,0.6115,177122.7
1750759200000,2025-06-24 12:00:00,0.6115,0.6122,0.6077,0.6098,72741.0
1750762800000,2025-06-24 13:00:00,0.6098,0.6114,0.6055,0.6088,85712.9
1750766400000,2025-06-24 14:00:00,0.6088,0.6114,0.6058,0.6081,89273.3
1750770000000,2025-06-24 15:00:00,0.6081,0.6122,0.6046,0.6099,142598.1
1750773600000,2025-06-24 16:00:00,0.6099,0.6162,0.6092,0.6113,171625.5
1750777200000,2025-06-24 17:00:00,0.6113,0.6139,0.6064,0.6101,108585.9
1750780800000,2025-06-24 18:00:00,0.6101,0.6246,0.6079,0.6238,184391.6
1750784400000,2025-06-24 19:00:00,0.6238,0.6242,0.6106,0.6111,174906.7
1750788000000,2025-06-24 20:00:00,0.6111,0.6122,0.6046,0.6061,201004.2
1750791600000,2025-06-24 21:00:00,0.6061,0.607,0.6002,0.6053,111734.4
1750795200000,2025-06-24 22:00:00,0.6053,0.6098,0.6032,0.6098,67568.6
1750798800000,2025-06-24 23:00:00,0.6098,0.6123,0.6063,0.6115,63747.7
1750802400000,2025-06-25 00:00:00,0.6115,0.6115,0.6075,0.6106,67737.4
1750806000000,2025-06-25 01:00:00,0.6106,0.6117,0.6067,0.6117,44197.7
1750809600000,2025-06-25 02:00:00,0.6117,0.6143,0.6077,0.6134,53769.8
1750813200000,2025-06-25 03:00:00,0.6134,0.6153,0.6086,0.612,70727.3
1750816800000,2025-06-25 04:00:00,0.612,0.6172,0.6114,0.6123,45652.6
1750820400000,2025-06-25 05:00:00,0.6123,0.6161,0.6105,0.6105,29567.6
1750824000000,2025-06-25 06:00:00,0.6105,0.6109,0.6061,0.608,43966.4
1750827600000,2025-06-25 07:00:00,0.608,0.6089,0.604,0.6044,47133.6
1750831200000,2025-06-25 08:00:00,0.6044,0.6056,0.6025,0.6049,99524.7
1750834800000,2025-06-25 09:00:00,0.6049,0.6084,0.6033,0.6055,75155.7
1750838400000,2025-06-25 10:00:00,0.6055,0.6068,0.5975,0.6013,148173.0
1750842000000,2025-06-25 11:00:00,0.6013,0.6034,0.593,0.5961,103441.9
1750845600000,2025-06-25 12:00:00,0.5961,0.6,0.5944,0.5984,65211.1
1750849200000,2025-06-25 13:00:00,0.5984,0.6024,0.595,0.6021,63408.4
1750852800000,2025-06-25 14:00:00,0.6021,0.6024,0.5983,0.6016,71625.7
1750856400000,2025-06-25 15:00:00,0.6016,0.6095,0.6004,0.6058,396607.7
1750860000000,2025-06-25 16:00:00,0.6058,0.6075,0.5928,0.5996,202350.9
1750863600000,2025-06-25 17:00:00,0.5996,0.5998,0.5876,0.588,118881.9
1750867200000,2025-06-25 18:00:00,0.588,0.5963,0.588,0.5895,234384.1
1750870800000,2025-06-25 19:00:00,0.5895,0.5992,0.5881,0.5937,92298.9
1750874400000,2025-06-25 20:00:00,0.5937,0.594,0.5892,0.5903,46525.0
1750878000000,2025-06-25 21:00:00,0.5903,0.5958,0.5903,0.5937,72067.8
1750881600000,2025-06-25 22:00:00,0.5937,0.5957,0.591,0.5956,58653.1
1750885200000,2025-06-25 23:00:00,0.5956,0.5988,0.5882,0.5893,111422.7
1750888800000,2025-06-26 00:00:00,0.5893,0.5893,0.5835,0.5868,114484.1
1750892400000,2025-06-26 01:00:00,0.5868,0.5896,0.5842,0.5883,89427.3
1750896000000,2025-06-26 02:00:00,0.5883,0.592,0.5874,0.5894,80169.6
1750899600000,2025-06-26 03:00:00,0.5894,0.6039,0.5876,0.5982,100755.3
1750903200000,2025-06-26 04:00:00,0.5982,0.6081,0.5981,0.6064,235752.5
1750906800000,2025-06-26 05:00:00,0.6064,0.6132,0.5973,0.5998,173378.6
1750910400000,2025-06-26 06:00:00,0.5998,0.6002,0.5929,0.5961,50756.0
1750914000000,2025-06-26 07:00:00,0.5961,0.5961,0.5911,0.5929,43186.7
1750917600000,2025-06-26 08:00:00,0.5929,0.5966,0.5923,0.5966,65319.2
1750921200000,2025-06-26 09:00:00,0.5966,0.6039,0.5949,0.5995,152159.3
1750924800000,2025-06-26 10:00:00,0.5995,0.6025,0.5958,0.5963,47871.9
1750928400000,2025-06-26 11:00:00,0.5963,0.597,0.5882,0.5897,85369.0
1750932000000,2025-06-26 12:00:00,0.5897,0.5915,0.5868,0.5904,122570.6
1750935600000,2025-06-26 13:00:00,0.5904,0.5904,0.5875,0.5883,59114.8
1750939200000,2025-06-26 14:00:00,0.5883,0.5889,0.5798,0.5808,90010.7
1750942800000,2025-06-26 15:00:00,0.5808,0.5819,0.5737,0.5758,149904.7
1750946400000,2025-06-26 16:00:00,0.5758,0.5843,0.572,0.5795,156271.0
1750950000000,2025-06-26 17:00:00,0.5795,0.5814,0.5721,0.5774,150710.2
1750953600000,2025-06-26 18:00:00,0.5774,0.5774,0.5714,0.5733,58711.4
1750957200000,2025-06-26 19:00:00,0.5733,0.5783,0.5718,0.5719,64151.0
1750960800000,2025-06-26 20:00:00,0.5719,0.5756,0.5698,0.5728,118007.5
1750964400000,2025-06-26 21:00:00,0.5728,0.5817,0.5717,0.5793,77031.0
1750968000000,2025-06-26 22:00:00,0.5793,0.5912,0.5781,0.5855,129721.1
1750971600000,2025-06-26 23:00:00,0.5855,0.5863,0.5737,0.578,112733.1
1750975200000,2025-06-27 00:00:00,0.578,0.581,0.574,0.5743,60609.8
1750978800000,2025-06-27 01:00:00,0.5743,0.5754,0.5725,0.5732,43093.3
1750982400000,2025-06-27 02:00:00,0.5732,0.577,0.5692,0.5698,63948.9
1750986000000,2025-06-27 03:00:00,0.5698,0.5807,0.5672,0.5794,113735.4
1750989600000,2025-06-27 04:00:00,0.5794,0.5841,0.5788,0.5829,41879.5
1750993200000,2025-06-27 05:00:00,0.5829,0.5862,0.5805,0.5846,64922.2
1750996800000,2025-06-27 06:00:00,0.5846,0.5862,0.5815,0.5846,63974.7
1751000400000,2025-06-27 07:00:00,0.5846,0.5919,0.5831,0.5831,190578.1
1751004000000,2025-06-27 08:00:00,0.5831,0.5876,0.5828,0.5846,39963.2
1751007600000,2025-06-27 09:00:00,0.5846,0.5878,0.5788,0.5798,39070.4
1751011200000,2025-06-27 10:00:00,0.5798,0.5881,0.5788,0.586,68592.6
1751014800000,2025-06-27 11:00:00,0.586,0.5872,0.5836,0.5864,31003.6
1751018400000,2025-06-27 12:00:00,0.5864,0.5869,0.5812,0.5816,23614.9
1751022000000,2025-06-27 13:00:00,0.5816,0.5844,0.5813,0.5822,28696.7
1751025600000,2025-06-27 14:00:00,0.5822,0.5862,0.5759,0.5768,58828.7
1751029200000,2025-06-27 15:00:00,0.5768,0.5801,0.574,0.5787,117637.8
1751032800000,2025-06-27 16:00:00,0.5787,0.5825,0.5744,0.5753,92424.1
1751036400000,2025-06-27 17:00:00,0.5753,0.5835,0.5738,0.5821,103167.0
1751040000000,2025-06-27 18:00:00,0.5821,0.591,0.5801,0.5841,213182.4
1751043600000,2025-06-27 19:00:00,0.5841,0.5852,0.5715,0.5744,164260.3
1751047200000,2025-06-27 20:00:00,0.5744,0.5754,0.5651,0.5674,192312.2
1751050800000,2025-06-27 21:00:00,0.5674,0.5743,0.5668,0.5728,187194.1
1751054400000,2025-06-27 22:00:00,0.5728,0.5792,0.5719,0.5791,59286.8
1751058000000,2025-06-27 23:00:00,0.5791,0.5827,0.5776,0.5799,36899.2
1751061600000,2025-06-28 00:00:00,0.5799,0.5817,0.5799,0.5815,14248.9
1751065200000,2025-06-28 01:00:00,0.5815,0.5815,0.578,0.5811,48235.3
1751068800000,2025-06-28 02:00:00,0.5811,0.5828,0.5798,0.5798,40648.9
1751072400000,2025-06-28 03:00:00,0.5798,0.5801,0.576,0.5797,76993.6
1751076000000,2025-06-28 04:00:00,0.5797,0.5803,0.5783,0.5785,15085.9
1751079600000,2025-06-28 05:00:00,0.5785,0.5785,0.576,0.576,18291.2
1751083200000,2025-06-28 06:00:00,0.576,0.5761,0.573,0.5732,35363.1
1751086800000,2025-06-28 07:00:00,0.5732,0.5776,0.5732,0.5749,24729.6
1751090400000,2025-06-28 08:00:00,0.5749,0.5754,0.5732,0.5753,16678.6
1751094000000,2025-06-28 09:00:00,0.5753,0.5799,0.5745,0.5793,34367.7
1751097600000,2025-06-28 10:00:00,0.5793,0.5804,0.576,0.5767,33658.8
1751101200000,2025-06-28 11:00:00,0.5767,0.5825,0.5756,0.5813,37284.7
1751104800000,2025-06-28 12:00:00,0.5813,0.5862,0.5801,0.5839,97647.8
1751108400000,2025-06-28 13:00:00,0.5839,0.5873,0.5835,0.5839,37542.1
1751112000000,2025-06-28 14:00:00,0.5839,0.5863,0.5832,0.5857,49403.5
1751115600000,2025-06-28 15:00:00,0.5857,0.5877,0.581,0.5821,45472.7
1751119200000,2025-06-28 16:00:00,0.5821,0.5852,0.5821,0.5842,33579.2
1751122800000,2025-06-28 17:00:00,0.5842,0.5919,0.5842,0.5912,94055.0
1751126400000,2025-06-28 18:00:00,0.5912,0.5976,0.5907,0.5911,181041.8
1751130000000,2025-06-28 19:00:00,0.5911,0.6007,0.5906,0.6004,148291.2
1751133600000,2025-06-28 20:00:00,0.6004,0.6035,0.5983,0.6032,92492.6
1751137200000,2025-06-28 21:00:00,0.6032,0.6034,0.5984,0.5987,42079.7
1751140800000,2025-06-28 22:00:00,0.5987,0.599,0.5963,0.5963,25653.6
1751144400000,2025-06-28 23:00:00,0.5963,0.5995,0.595,0.5988,36592.1
1751148000000,2025-06-29 00:00:00,0.5988,0.6034,0.5983,0.6027,24464.8
1751151600000,2025-06-29 01:00:00,0.6027,0.6035,0.598,0.5988,42299.0
1751155200000,2025-06-29 02:00:00,0.5988,0.6013,0.5973,0.5994,34883.6
1751158800000,2025-06-29 03:00:00,0.5994,0.5994,0.5937,0.5937,31111.7
1751162400000,2025-06-29 04:00:00,0.5937,0.5946,0.5904,0.5936,64146.5
1751166000000,2025-06-29 05:00:00,0.5936,0.5946,0.5921,0.5921,26633.3
1751169600000,2025-06-29 06:00:00,0.5921,0.5948,0.592,0.5942,17668.3
1751173200000,2025-06-29 07:00:00,0.5942,0.5953,0.5929,0.5949,17025.4
1751176800000,2025-06-29 08:00:00,0.5949,0.5976,0.5945,0.5976,13655.6
1751180400000,2025-06-29 09:00:00,0.5976,0.601,0.5976,0.6008,58150.0
1751184000000,2025-06-29 10:00:00,0.6008,0.6055,0.6003,0.6047,68430.4
1751187600000,2025-06-29 11:00:00,0.6047,0.6099,0.6027,0.6076,117558.8
1751191200000,2025-06-29 12:00:00,0.6076,0.6107,0.6025,0.6057,200230.0
1751194800000,2025-06-29 13:00:00,0.6057,0.6068,0.6036,0.6063,31840.5
1751198400000,2025-06-29 14:00:00,0.6063,0.6067,0.6035,0.6054,27040.9
1751202000000,2025-06-29 15:00:00,0.6054,0.6071,0.602,0.6022,39355.2
1751205600000,2025-06-29 16:00:00,0.6022,0.604,0.5981,0.5984,51404.6
1751209200000,2025-06-29 17:00:00,0.5984,0.5984,0.5945,0.5949,44535.0
1751212800000,2025-06-29 18:00:00,0.5949,0.5998,0.5949,0.5998,32503.2
1751216400000,2025-06-29 19:00:00,0.5998,0.6022,0.5964,0.6022,42560.4
1751220000000,2025-06-29 20:00:00,0.6022,0.6046,0.6003,0.6041,30547.7
1751223600000,2025-06-29 21:00:00,0.6041,0.6064,0.603,0.606,44416.8
1751227200000,2025-06-29 22:00:00,0.606,0.6073,0.6046,0.6049,43132.7
1751230800000,2025-06-29 23:00:00,0.6049,0.6125,0.6014,0.6125,153231.1
1751234400000,2025-06-30 00:00:00,0.6125,0.6408,0.6125,0.6386,453814.6
1751238000000,2025-06-30 01:00:00,0.6386,0.6408,0.6312,0.6332,123904.0
1751241600000,2025-06-30 02:00:00,0.6332,0.637,0.6292,0.6295,140532.4
1751245200000,2025-06-30 03:00:00,0.6295,0.6295,0.6234,0.6238,103912.0
1751248800000,2025-06-30 04:00:00,0.6238,0.6238,0.6189,0.6192,81640.5
1751252400000,2025-06-30 05:00:00,0.6192,0.6223,0.6183,0.6202,55945.4
1751256000000,2025-06-30 06:00:00,0.6202,0.6207,0.6171,0.6189,26300.4
1751259600000,2025-06-30 07:00:00,0.6189,0.623,0.6182,0.6225,19390.0
1751263200000,2025-06-30 08:00:00,0.6225,0.6225,0.6118,0.6153,83820.3
1751266800000,2025-06-30 09:00:00,0.6153,0.6232,0.6136,0.6226,50480.6
1751270400000,2025-06-30 10:00:00,0.6226,0.6242,0.6158,0.6163,64964.7
1751274000000,2025-06-30 11:00:00,0.6163,0.6185,0.611,0.611,59236.8
1751277600000,2025-06-30 12:00:00,0.611,0.6161,0.6108,0.6135,42998.8
1751281200000,2025-06-30 13:00:00,0.6135,0.6147,0.6037,0.6041,487192.9
1751284800000,2025-06-30 14:00:00,0.6041,0.6071,0.599,0.6014,334484.6
1751288400000,2025-06-30 15:00:00,0.6014,0.6046,0.5978,0.5986,72284.5
1751292000000,2025-06-30 16:00:00,0.5986,0.6017,0.5947,0.5958,133272.4
1751295600000,2025-06-30 17:00:00,0.5958,0.6081,0.5947,0.6026,215522.7
1751299200000,2025-06-30 18:00:00,0.6026,0.605,0.5998,0.6044,73832.1
1751302800000,2025-06-30 19:00:00,0.6044,0.607,0.6014,0.6029,62659.5
1751306400000,2025-06-30 20:00:00,0.6029,0.605,0.5995,0.6002,76012.0
1751310000000,2025-06-30 21:00:00,0.6002,0.6129,0.6001,0.6117,61847.9
1751313600000,2025-06-30 22:00:00,0.6117,0.6143,0.6082,0.6086,78289.4
1751317200000,2025-06-30 23:00:00,0.6086,0.61,0.603,0.6051,51557.6
1751320800000,2025-07-01 00:00:00,0.6051,0.607,0.601,0.601,69223.6
1751324400000,2025-07-01 01:00:00,0.601,0.6048,0.601,0.6019,48559.9
1751328000000,2025-07-01 02:00:00,0.6019,0.6045,0.596,0.5992,70136.3
1751331600000,2025-07-01 03:00:00,0.5992,0.6026,0.5972,0.5975,29671.9
1751335200000,2025-07-01 04:00:00,0.5975,0.599,0.5923,0.5933,38453.6
1751338800000,2025-07-01 05:00:00,0.5933,0.5957,0.5915,0.5937,76382.8
1751342400000,2025-07-01 06:00:00,0.5937,0.5937,0.586,0.586,56114.1
1751346000000,2025-07-01 07:00:00,0.586,0.5874,0.582,0.5869,117484.1
1751349600000,2025-07-01 08:00:00,0.5869,0.5884,0.5858,0.5875,42583.2
1751353200000,2025-07-01 09:00:00,0.5875,0.5915,0.5816,0.5906,90158.0
1751356800000,2025-07-01 10:00:00,0.5906,0.5907,0.5851,0.5883,58714.5
1751360400000,2025-07-01 11:00:00,0.5883,0.5909,0.587,0.5886,58174.5
1751364000000,2025-07-01 12:00:00,0.5886,0.5899,0.5859,0.5887,120084.6
1751367600000,2025-07-01 13:00:00,0.5887,0.5887,0.5827,0.5841,89408.2
1751371200000,2025-07-01 14:00:00,0.5841,0.5861,0.5826,0.5831,55189.8
1751374800000,2025-07-01 15:00:00,0.5831,0.585,0.5786,0.5841,191915.0
1751378400000,2025-07-01 16:00:00,0.5841,0.5889,0.5791,0.5827,156533.3
1751382000000,2025-07-01 17:00:00,0.5827,0.5843,0.5798,0.5817,83529.1
1751385600000,2025-07-01 18:00:00,0.5817,0.5837,0.5791,0.5803,43765.6
1751389200000,2025-07-01 19:00:00,0.5803,0.5803,0.577,0.5788,43071.2
1751392800000,2025-07-01 20:00:00,0.5788,0.5791,0.5716,0.5733,208013.0
1751396400000,2025-07-01 21:00:00,0.5733,0.5766,0.5707,0.5708,70203.4
1751400000000,2025-07-01 22:00:00,0.5708,0.5753,0.5695,0.575,52804.2
1751403600000,2025-07-01 23:00:00,0.575,0.578,0.5725,0.5756,89245.8
1751407200000,2025-07-02 00:00:00,0.5756,0.5756,0.5708,0.5715,96429.1
1751410800000,2025-07-02 01:00:00,0.5715,0.5727,0.5667,0.5713,148992.5
1751414400000,2025-07-02 02:00:00,0.5713,0.5721,0.5679,0.5685,67513.3
1751418000000,2025-07-02 03:00:00,0.5685,0.5736,0.5625,0.569,218467.6
1751421600000,2025-07-02 04:00:00,0.569,0.571,0.5652,0.5671,67115.1
1751425200000,2025-07-02 05:00:00,0.5671,0.5732,0.5671,0.5677,63837.0
1751428800000,2025-07-02 06:00:00,0.5677,0.5821,0.5657,0.5818,200371.9
1751432400000,2025-07-02 07:00:00,0.5818,0.5818,0.5759,0.5805,167523.2
1751436000000,2025-07-02 08:00:00,0.5805,0.5869,0.5781,0.5864,83721.7
1751439600000,2025-07-02 09:00:00,0.5864,0.5891,0.585,0.5867,263403.0
1751443200000,2025-07-02 10:00:00,0.5867,0.5888,0.5861,0.588,71046.0
1751446800000,2025-07-02 11:00:00,0.588,0.5906,0.588,0.588,51103.2
1751450400000,2025-07-02 12:00:00,0.588,0.5929,0.5862,0.5918,76599.3
1751454000000,2025-07-02 13:00:00,0.5918,0.5971,0.589,0.5902,161669.7
1751457600000,2025-07-02 14:00:00,0.5902,0.5915,0.5872,0.5915,72085.1
1751461200000,2025-07-02 15:00:00,0.5915,0.5979,0.5907,0.5958,100872.3
1751464800000,2025-07-02 16:00:00,0.5958,0.6013,0.5949,0.5999,66341.6
1751468400000,2025-07-02 17:00:00,0.5999,0.6103,0.5999,0.6103,168661.3
1751472000000,2025-07-02 18:00:00,0.6103,0.6319,0.6084,0.6306,406364.8
1751475600000,2025-07-02 19:00:00,0.6306,0.6346,0.6165,0.6246,408638.4
1751479200000,2025-07-02 20:00:00,0.6246,0.6288,0.6246,0.6273,141783.3
1751482800000,2025-07-02 21:00:00,0.6273,0.6304,0.6236,0.63,144227.8
1751486400000,2025-07-02 22:00:00,0.63,0.635,0.6284,0.6293,208590.5
1751490000000,2025-07-02 23:00:00,0.6293,0.6339,0.6282,0.6329,126264.5
1751493600000,2025-07-03 00:00:00,0.6329,0.6366,0.6304,0.6304,77696.6
1751497200000,2025-07-03 01:00:00,0.6304,0.631,0.6229,0.6238,80442.3
1751500800000,2025-07-03 02:00:00,0.6238,0.6272,0.6215,0.6243,67457.2
1751504400000,2025-07-03 03:00:00,0.6243,0.6292,0.6228,0.6289,47025.6
1751508000000,2025-07-03 04:00:00,0.6289,0.629,0.6209,0.6236,65940.9
1751511600000,2025-07-03 05:00:00,0.6236,0.6281,0.6227,0.6231,65243.6
1751515200000,2025-07-03 06:00:00,0.6231,0.6301,0.6222,0.6288,76696.1
1751518800000,2025-07-03 07:00:00,0.6288,0.6359,0.6288,0.6345,154908.5
1751522400000,2025-07-03 08:00:00,0.6345,0.6397,0.6329,0.639,170217.8
1751526000000,2025-07-03 09:00:00,0.639,0.6406,0.6366,0.638,92294.2
1751529600000,2025-07-03 10:00:00,0.638,0.6402,0.6338,0.6339,130073.6
1751533200000,2025-07-03 11:00:00,0.6339,0.6425,0.6333,0.6383,125710.3
1751536800000,2025-07-03 12:00:00,0.6383,0.6389,0.631,0.6342,124485.9
1751540400000,2025-07-03 13:00:00,0.6342,0.635,0.6293,0.6326,72813.5
1751544000000,2025-07-03 14:00:00,0.6326,0.6416,0.6246,0.6321,188395.4
1751547600000,2025-07-03 15:00:00,0.6321,0.6437,0.6311,0.6409,147583.8
1751551200000,2025-07-03 16:00:00,0.6409,0.6434,0.6296,0.631,145963.6
1751554800000,2025-07-03 17:00:00,0.631,0.6324,0.6198,0.6207,147452.1
1751558400000,2025-07-03 18:00:00,0.6207,0.6263,0.6203,0.6247,111973.4
1751562000000,2025-07-03 19:00:00,0.6247,0.6287,0.6247,0.6279,36872.5
1751565600000,2025-07-03 20:00:00,0.6279,0.6291,0.6247,0.6273,42217.3
1751569200000,2025-07-03 21:00:00,0.6273,0.6314,0.6272,0.6306,25308.0
1751572800000,2025-07-03 22:00:00,0.6306,0.634,0.6298,0.631,45846.9
1751576400000,2025-07-03 23:00:00,0.631,0.6323,0.6278,0.6302,47557.2
1751580000000,2025-07-04 00:00:00,0.6302,0.631,0.6275,0.6279,34440.3
1751583600000,2025-07-04 01:00:00,0.6279,0.6282,0.6235,0.6255,37317.5
1751587200000,2025-07-04 02:00:00,0.6255,0.6275,0.6228,0.6256,33395.3
1751590800000,2025-07-04 03:00:00,0.6256,0.6311,0.6237,0.6237,28407.0
1751594400000,2025-07-04 04:00:00,0.6237,0.6241,0.6159,0.6171,141871.4
1751598000000,2025-07-04 05:00:00,0.6171,0.6204,0.6156,0.6176,24031.4
1751601600000,2025-07-04 06:00:00,0.6176,0.6198,0.6106,0.612,180132.5
1751605200000,2025-07-04 07:00:00,0.612,0.6179,0.6117,0.6134,57960.3
1751608800000,2025-07-04 08:00:00,0.6134,0.6134,0.6064,0.608,121493.2
1751612400000,2025-07-04 09:00:00,0.608,0.6102,0.601,0.6014,154500.0
1751616000000,2025-07-04 10:00:00,0.6014,0.607,0.5974,0.6053,78893.9
1751619600000,2025-07-04 11:00:00,0.6053,0.6084,0.6048,0.606,63872.1
1751623200000,2025-07-04 12:00:00,0.606,0.607,0.602,0.6024,22462.3
1751626800000,2025-07-04 13:00:00,0.6024,0.6058,0.6019,0.6041,35016.5
1751630400000,2025-07-04 14:00:00,0.6041,0.6062,0.6019,0.6038,26206.9
1751634000000,2025-07-04 15:00:00,0.6038,0.6064,0.5985,0.5991,87142.3
1751637600000,2025-07-04 16:00:00,0.5991,0.5999,0.5911,0.5965,221003.7
1751641200000,2025-07-04 17:00:00,0.5965,0.5969,0.5906,0.5914,70701.4
1751644800000,2025-07-04 18:00:00,0.5914,0.5923,0.5823,0.5877,204108.9
1751648400000,2025-07-04 19:00:00,0.5877,0.5892,0.5849,0.5881,81924.9
1751652000000,2025-07-04 20:00:00,0.5881,0.5883,0.5846,0.5862,32554.4
1751655600000,2025-07-04 21:00:00,0.5862,0.5875,0.5824,0.5838,84752.5
1751659200000,2025-07-04 22:00:00,0.5838,0.5873,0.5834,0.5855,68825.9
1751662800000,2025-07-04 23:00:00,0.5855,0.5878,0.584,0.5864,46645.1
1751666400000,2025-07-05 00:00:00,0.5864,0.5921,0.5858,0.5917,47841.7
1751670000000,2025-07-05 01:00:00,0.5917,0.5917,0.5877,0.5884,19976.6
1751673600000,2025-07-05 02:00:00,0.5884,0.5935,0.5881,0.5927,31252.7
1751677200000,2025-07-05 03:00:00,0.5927,0.5927,0.5874,0.5894,15765.8
1751680800000,2025-07-05 04:00:00,0.5894,0.5894,0.5834,0.5882,49309.2
1751684400000,2025-07-05 05:00:00,0.5882,0.5915,0.588,0.5885,20612.0
1751688000000,2025-07-05 06:00:00,0.5885,0.5902,0.5847,0.5848,31738.7
1751691600000,2025-07-05 07:00:00,0.5848,0.5876,0.5832,0.5875,27487.0
1751695200000,2025-07-05 08:00:00,0.5875,0.5942,0.5865,0.594,26313.2
1751698800000,2025-07-05 09:00:00,0.594,0.5944,0.5892,0.5899,57315.9
1751702400000,2025-07-05 10:00:00,0.5899,0.5903,0.5851,0.5873,71494.0
1751706000000,2025-07-05 11:00:00,0.5873,0.5893,0.5834,0.5889,50862.2
1751709600000,2025-07-05 12:00:00,0.5889,0.5889,0.5861,0.5861,10047.2
1751713200000,2025-07-05 13:00:00,0.5861,0.5896,0.5858,0.587,14818.4
1751716800000,2025-07-05 14:00:00,0.587,0.5873,0.5802,0.5841,91482.5
1751720400000,2025-07-05 15:00:00,0.5841,0.5864,0.5816,0.5817,23318.6
1751724000000,2025-07-05 16:00:00,0.5817,0.5855,0.5807,0.5855,129962.7
1751727600000,2025-07-05 17:00:00,0.5855,0.5861,0.5812,0.5821,47561.2
1751731200000,2025-07-05 18:00:00,0.5821,0.5852,0.5796,0.5837,55573.8
1751734800000,2025-07-05 19:00:00,0.5837,0.5851,0.578,0.5811,87131.4
1751738400000,2025-07-05 20:00:00,0.5811,0.5811,0.5757,0.5757,38461.2
1751742000000,2025-07-05 21:00:00,0.5757,0.5806,0.574,0.5802,42127.0
1751745600000,2025-07-05 22:00:00,0.5802,0.5852,0.5794,0.5849,36834.4
1751749200000,2025-07-05 23:00:00,0.5849,0.5884,0.5845,0.587,42636.4
1751752800000,2025-07-06 00:00:00,0.587,0.5969,0.5855,0.5942,120242.2
1751756400000,2025-07-06 01:00:00,0.5942,0.5964,0.5884,0.5915,119802.5
1751760000000,2025-07-06 02:00:00,0.5915,0.5961,0.588,0.5956,119512.5
1751763600000,2025-07-06 03:00:00,0.5956,0.5964,0.5905,0.5925,70557.1
1751767200000,2025-07-06 04:00:00,0.5925,0.5947,0.5907,0.5907,21472.3
1751770800000,2025-07-06 05:00:00,0.5907,0.5916,0.5899,0.5911,19413.5
1751774400000,2025-07-06 06:00:00,0.5911,0.5943,0.5896,0.5899,36756.5
1751778000000,2025-07-06 07:00:00,0.5899,0.5903,0.5884,0.5899,26311.2
1751781600000,2025-07-06 08:00:00,0.5899,0.5951,0.5894,0.5928,45707.0
1751785200000,2025-07-06 09:00:00,0.5928,0.5947,0.5917,0.5919,56778.3
1751788800000,2025-07-06 10:00:00,0.5919,0.5934,0.5885,0.5919,108243.2
1751792400000,2025-07-06 11:00:00,0.5919,0.5934,0.5895,0.5895,53293.0
1751796000000,2025-07-06 12:00:00,0.5895,0.5922,0.5883,0.5901,45496.7
1751799600000,2025-07-06 13:00:00,0.5901,0.5944,0.5894,0.5938,47537.4
1751803200000,2025-07-06 14:00:00,0.5938,0.5973,0.5921,0.5968,56905.5
1751806800000,2025-07-06 15:00:00,0.5968,0.6091,0.5952,0.6057,157440.9
1751810400000,2025-07-06 16:00:00,0.6057,0.6073,0.5995,0.6031,166072.9
1751814000000,2025-07-06 17:00:00,0.6031,0.6046,0.6015,0.604,45947.7
1751817600000,2025-07-06 18:00:00,0.604,0.6108,0.604,0.6101,320839.7
1751821200000,2025-07-06 19:00:00,0.6101,0.6104,0.605,0.6083,152577.8
1751824800000,2025-07-06 20:00:00,0.6083,0.6085,0.6008,0.6036,149206.6
1751828400000,2025-07-06 21:00:00,0.6036,0.6068,0.6035,0.6063,77048.9
1751832000000,2025-07-06 22:00:00,0.6063,0.61,0.6053,0.6079,43452.8
1751835600000,2025-07-06 23:00:00,0.6079,0.6181,0.6078,0.6139,276635.0
1751839200000,2025-07-07 00:00:00,0.6139,0.6189,0.6097,0.6115,166758.0
1751842800000,2025-07-07 01:00:00,0.6115,0.6118,0.6027,0.605,118554.1
1751846400000,2025-07-07 02:00:00,0.605,0.6071,0.603,0.6057,59925.9
1751850000000,2025-07-07 03:00:00,0.6057,0.6088,0.6042,0.608,50591.2
1751853600000,2025-07-07 04:00:00,0.608,0.6153,0.608,0.6109,55260.5
1751857200000,2025-07-07 05:00:00,0.6109,0.6153,0.6094,0.6095,43266.0
1751860800000,2025-07-07 06:00:00,0.6095,0.6118,0.6078,0.608,24946.9
1751864400000,2025-07-07 07:00:00,0.608,0.6098,0.6052,0.6066,27152.6
1751868000000,2025-07-07 08:00:00,0.6066,0.6107,0.6047,0.6047,111847.4
1751871600000,2025-07-07 09:00:00,0.6047,0.6107,0.6026,0.6107,55315.9
1751875200000,2025-07-07 10:00:00,0.6107,0.6129,0.6099,0.6114,72559.1
1751878800000,2025-07-07 11:00:00,0.6114,0.6114,0.6056,0.6059,44349.0
1751882400000,2025-07-07 12:00:00,0.6059,0.6139,0.6029,0.6041,1143700.3
1751886000000,2025-07-07 13:00:00,0.6041,0.6057,0.6015,0.6048,61438.0
1751889600000,2025-07-07 14:00:00,0.6048,0.6067,0.6012,0.6041,85108.8
1751893200000,2025-07-07 15:00:00,0.6041,0.6093,0.6022,0.6089,118764.5
1751896800000,2025-07-07 16:00:00,0.6089,0.609,0.5961,0.5982,408850.0
1751900400000,2025-07-07 17:00:00,0.5982,0.6008,0.5971,0.5993,66684.2
1751904000000,2025-07-07 18:00:00,0.5993,0.6009,0.5939,0.5966,126889.2
1751907600000,2025-07-07 19:00:00,0.5966,0.601,0.5946,0.5982,42535.8
1751911200000,2025-07-07 20:00:00,0.5982,0.5991,0.593,0.5975,57983.5
1751914800000,2025-07-07 21:00:00,0.5975,0.6035,0.5974,0.5989,79282.0
1751918400000,2025-07-07 22:00:00,0.5989,0.5989,0.592,0.5938,79994.6
1751922000000,2025-07-07 23:00:00,0.5938,0.5966,0.5907,0.5953,39517.1
1751925600000,2025-07-08 00:00:00,0.5953,0.5969,0.5921,0.594,39640.8
1751929200000,2025-07-08 01:00:00,0.594,0.5986,0.5938,0.5982,26954.9
1751932800000,2025-07-08 02:00:00,0.5982,0.601,0.5944,0.5956,223506.6
1751936400000,2025-07-08 03:00:00,0.5956,0.5956,0.588,0.5896,82138.9
1751940000000,2025-07-08 04:00:00,0.5896,0.5925,0.5878,0.5897,130090.1
1751943600000,2025-07-08 05:00:00,0.5897,0.5927,0.5894,0.5901,42646.2
1751947200000,2025-07-08 06:00:00,0.5901,0.5917,0.5866,0.5909,107506.6
1751950800000,2025-07-08 07:00:00,0.5909,0.5927,0.5895,0.5925,55687.0
1751954400000,2025-07-08 08:00:00,0.5925,0.5944,0.5912,0.5929,274439.1
1751958000000,2025-07-08 09:00:00,0.5929,0.5939,0.5901,0.5933,107480.7
1751961600000,2025-07-08 10:00:00,0.5933,0.5943,0.5881,0.5881,72006.3
1751965200000,2025-07-08 11:00:00,0.5881,0.5918,0.5874,0.5915,52356.0
1751968800000,2025-07-08 12:00:00,0.5915,0.6005,0.5914,0.6003,196348.7
1751972400000,2025-07-08 13:00:00,0.6003,0.6042,0.5996,0.6026,230949.2
1751976000000,2025-07-08 14:00:00,0.6026,0.6047,0.5992,0.6031,107934.4
1751979600000,2025-07-08 15:00:00,0.6031,0.6071,0.5997,0.6047,136121.8
1751983200000,2025-07-08 16:00:00,0.6047,0.6052,0.5956,0.5968,334818.9
1751986800000,2025-07-08 17:00:00,0.5968,0.5978,0.5913,0.5943,463346.0
1751990400000,2025-07-08 18:00:00,0.5943,0.6015,0.592,0.6006,173738.6
1751994000000,2025-07-08 19:00:00,0.6006,0.618,0.6006,0.6158,490422.7
1751997600000,2025-07-08 20:00:00,0.6158,0.6203,0.6158,0.6203,135335.1
1752001200000,2025-07-08 21:00:00,0.6203,0.6242,0.6144,0.6187,412814.6
1752004800000,2025-07-08 22:00:00,0.6187,0.62,0.6129,0.6131,152605.2
1752008400000,2025-07-08 23:00:00,0.6131,0.6191,0.6128,0.6184,133283.2
1752012000000,2025-07-09 00:00:00,0.6184,0.6204,0.6156,0.619,49097.1
1752015600000,2025-07-09 01:00:00,0.619,0.6191,0.6153,0.6191,62301.1
1752019200000,2025-07-09 02:00:00,0.6191,0.6202,0.6145,0.617,60226.1
1752022800000,2025-07-09 03:00:00,0.617,0.6197,0.6106,0.6122,84046.8
1752026400000,2025-07-09 04:00:00,0.6122,0.6148,0.6106,0.6143,47021.5
1752030000000,2025-07-09 05:00:00,0.6143,0.6174,0.6117,0.612,60773.6
1752033600000,2025-07-09 06:00:00,0.612,0.6175,0.6106,0.6175,67711.6
1752037200000,2025-07-09 07:00:00,0.6175,0.6264,0.6163,0.6246,405822.4
1752040800000,2025-07-09 08:00:00,0.6246,0.6291,0.6224,0.6289,243814.4
1752044400000,2025-07-09 09:00:00,0.6289,0.6339,0.6273,0.6327,167944.9
1752048000000,2025-07-09 10:00:00,0.6327,0.6354,0.6299,0.632,137581.4
1752051600000,2025-07-09 11:00:00,0.632,0.6335,0.6295,0.6319,52795.5
1752055200000,2025-07-09 12:00:00,0.6319,0.636,0.6281,0.6337,124653.2
1752058800000,2025-07-09 13:00:00,0.6337,0.6375,0.6315,0.6352,127835.1
1752062400000,2025-07-09 14:00:00,0.6352,0.6484,0.6349,0.6418,508460.4
1752066000000,2025-07-09 15:00:00,0.6418,0.6445,0.6385,0.64,134455.1
1752069600000,2025-07-09 16:00:00,0.64,0.6465,0.6332,0.6374,321788.3
1752073200000,2025-07-09 17:00:00,0.6374,0.6401,0.6316,0.6349,117442.6
1752076800000,2025-07-09 18:00:00,0.6349,0.6401,0.6349,0.6391,77879.0
1752080400000,2025-07-09 19:00:00,0.6391,0.6395,0.6353,0.6375,102052.7
1752084000000,2025-07-09 20:00:00,0.6375,0.6479,0.637,0.6455,150226.5
1752087600000,2025-07-09 21:00:00,0.6455,0.6629,0.6455,0.6606,621123.0
1752091200000,2025-07-09 22:00:00,0.6606,0.6658,0.6562,0.6616,278317.7
1752094800000,2025-07-09 23:00:00,0.6616,0.6703,0.6606,0.6682,145589.8
1752098400000,2025-07-10 00:00:00,0.6682,0.6723,0.667,0.6703,96948.7
1752102000000,2025-07-10 01:00:00,0.6703,0.6705,0.6618,0.663,133968.7
1752105600000,2025-07-10 02:00:00,0.663,0.6664,0.6566,0.6569,97262.8
1752109200000,2025-07-10 03:00:00,0.6569,0.662,0.6564,0.6599,97139.1
1752112800000,2025-07-10 04:00:00,0.6599,0.666,0.6599,0.6651,88661.3
1752116400000,2025-07-10 05:00:00,0.6651,0.6662,0.6622,0.6633,52051.3
1752120000000,2025-07-10 06:00:00,0.6633,0.6665,0.6592,0.6658,87005.2
1752123600000,2025-07-10 07:00:00,0.6658,0.6671,0.6631,0.6638,51431.4
1752127200000,2025-07-10 08:00:00,0.6638,0.6688,0.6607,0.6686,29431.2
1752130800000,2025-07-10 09:00:00,0.6686,0.6733,0.6647,0.6654,97011.2
1752134400000,2025-07-10 10:00:00,0.6654,0.6671,0.662,0.6664,89431.7
1752138000000,2025-07-10 11:00:00,0.6664,0.6676,0.6641,0.6656,51578.3
1752141600000,2025-07-10 12:00:00,0.6656,0.6668,0.6623,0.6659,252041.5
1752145200000,2025-07-10 13:00:00,0.6659,0.6662,0.6612,0.6631,106947.4
1752148800000,2025-07-10 14:00:00,0.6631,0.6642,0.6581,0.6642,221302.6
1752152400000,2025-07-10 15:00:00,0.6642,0.6714,0.6635,0.6671,187725.9
1752156000000,2025-07-10 16:00:00,0.6671,0.6671,0.6559,0.6639,191270.3
1752159600000,2025-07-10 17:00:00,0.6639,0.664,0.6564,0.6572,125672.5
1752163200000,2025-07-10 18:00:00,0.6572,0.673,0.6569,0.6728,302884.9
1752166800000,2025-07-10 19:00:00,0.6728,0.6872,0.6696,0.6856,424963.5
1752170400000,2025-07-10 20:00:00,0.6856,0.6876,0.678,0.684,186135.1
1752174000000,2025-07-10 21:00:00,0.684,0.6849,0.6781,0.6802,54891.5
1752177600000,2025-07-10 22:00:00,0.6802,0.6907,0.6798,0.69,176068.3
1752181200000,2025-07-10 23:00:00,0.69,0.7135,0.6891,0.7104,540941.5
1752184800000,2025-07-11 00:00:00,0.7104,0.7221,0.7104,0.7217,216353.0
1752188400000,2025-07-11 01:00:00,0.7217,0.7232,0.7131,0.7183,191441.9
1752192000000,2025-07-11 02:00:00,0.7183,0.72,0.7024,0.7105,247582.5
1752195600000,2025-07-11 03:00:00,0.7105,0.727,0.7097,0.727,176640.7
1752199200000,2025-07-11 04:00:00,0.727,0.7282,0.7209,0.7256,317013.0
1752202800000,2025-07-11 05:00:00,0.7256,0.7304,0.7217,0.727,354068.2
1752206400000,2025-07-11 06:00:00,0.727,0.7419,0.7239,0.7417,254911.1
1752210000000,2025-07-11 07:00:00,0.7417,0.7502,0.7409,0.7433,288021.3
1752213600000,2025-07-11 08:00:00,0.7433,0.7566,0.7244,0.7253,515458.5
1752217200000,2025-07-11 09:00:00,0.7253,0.7313,0.7205,0.7224,245356.7
1752220800000,2025-07-11 10:00:00,0.7224,0.7373,0.7218,0.7373,173144.5
1752224400000,2025-07-11 11:00:00,0.7373,0.7436,0.7338,0.7397,284208.6
1752228000000,2025-07-11 12:00:00,0.7397,0.7405,0.7358,0.7386,107972.4
1752231600000,2025-07-11 13:00:00,0.7386,0.7388,0.7324,0.7356,176501.3
1752235200000,2025-07-11 14:00:00,0.7356,0.7458,0.7355,0.7455,198447.7
1752238800000,2025-07-11 15:00:00,0.7455,0.751,0.7332,0.7434,331291.9
1752242400000,2025-07-11 16:00:00,0.7434,0.7549,0.7385,0.745,358646.0
1752246000000,2025-07-11 17:00:00,0.745,0.7523,0.7304,0.7333,398316.3
1752249600000,2025-07-11 18:00:00,0.7333,0.746,0.7309,0.7416,260446.1
1752253200000,2025-07-11 19:00:00,0.7416,0.7491,0.7403,0.7475,210360.4
1752256800000,2025-07-11 20:00:00,0.7475,0.7508,0.7426,0.7479,128061.8
1752260400000,2025-07-11 21:00:00,0.7479,0.7493,0.7416,0.748,97283.7
1752264000000,2025-07-11 22:00:00,0.748,0.7481,0.733,0.7341,310295.3
1752267600000,2025-07-11 23:00:00,0.7341,0.7374,0.7211,0.7252,294806.5
1752271200000,2025-07-12 00:00:00,0.7252,0.7273,0.7029,0.7115,734396.9
1752274800000,2025-07-12 01:00:00,0.7115,0.7179,0.7091,0.7119,327360.6
1752278400000,2025-07-12 02:00:00,0.7119,0.7154,0.6974,0.7058,322205.1
1752282000000,2025-07-12 03:00:00,0.7058,0.719,0.7058,0.7165,131884.7
1752285600000,2025-07-12 04:00:00,0.7165,0.7243,0.7141,0.7146,152593.6
1752289200000,2025-07-12 05:00:00,0.7146,0.7186,0.7119,0.7149,161282.8
1752292800000,2025-07-12 06:00:00,0.7149,0.7159,0.7008,0.7022,101906.2
1752296400000,2025-07-12 07:00:00,0.7022,0.7069,0.6956,0.7051,127647.5
1752300000000,2025-07-12 08:00:00,0.7051,0.714,0.7015,0.7127,144208.5
1752303600000,2025-07-12 09:00:00,0.7127,0.7165,0.708,0.7103,61519.4
1752307200000,2025-07-12 10:00:00,0.7103,0.715,0.7045,0.7063,78169.9
1752310800000,2025-07-12 11:00:00,0.7063,0.7114,0.7043,0.71,68751.5
1752314400000,2025-07-12 12:00:00,0.71,0.71,0.7028,0.7053,205583.7
1752318000000,2025-07-12 13:00:00,0.7053,0.7069,0.7011,0.7031,106671.1
1752321600000,2025-07-12 14:00:00,0.7031,0.7064,0.685,0.6959,446744.0
1752325200000,2025-07-12 15:00:00,0.6959,0.6959,0.6832,0.6927,194559.7
1752328800000,2025-07-12 16:00:00,0.6927,0.6967,0.6859,0.6867,166066.0
1752332400000,2025-07-12 17:00:00,0.6867,0.6877,0.674,0.6803,363954.8
1752336000000,2025-07-12 18:00:00,0.6803,0.6905,0.6747,0.6846,196081.6
1752339600000,2025-07-12 19:00:00,0.6846,0.6975,0.6835,0.6958,116338.4
1752343200000,2025-07-12 20:00:00,0.6958,0.6962,0.6916,0.6943,31026.9
1752346800000,2025-07-12 21:00:00,0.6943,0.6953,0.6908,0.6942,85736.2
1752350400000,2025-07-12 22:00:00,0.6942,0.6946,0.6833,0.6834,58928.6
1752354000000,2025-07-12 23:00:00,0.6834,0.6953,0.6829,0.6953,201945.5
1752357600000,2025-07-13 00:00:00,0.6953,0.6998,0.6905,0.6973,697526.7
1752361200000,2025-07-13 01:00:00,0.6973,0.6987,0.6915,0.6963,174820.7
1752364800000,2025-07-13 02:00:00,0.6963,0.7,0.6922,0.696,123502.2
1752368400000,2025-07-13 03:00:00,0.696,0.7013,0.6933,0.6977,87282.6
1752372000000,2025-07-13 04:00:00,0.6977,0.6991,0.6896,0.697,111527.1
1752375600000,2025-07-13 05:00:00,0.697,0.7027,0.6948,0.6991,151023.2
1752379200000,2025-07-13 06:00:00,0.6991,0.7086,0.6952,0.7072,118875.9
1752382800000,2025-07-13 07:00:00,0.7072,0.7086,0.7009,0.7017,93501.4
1752386400000,2025-07-13 08:00:00,0.7017,0.713,0.7012,0.7071,114438.8
1752390000000,2025-07-13 09:00:00,0.7071,0.7151,0.7055,0.7138,85362.9
1752393600000,2025-07-13 10:00:00,0.7138,0.7153,0.7044,0.7082,310291.4
1752397200000,2025-07-13 11:00:00,0.7082,0.7109,0.7018,0.7053,255812.8
1752400800000,2025-07-13 12:00:00,0.7053,0.7104,0.7037,0.7048,117702.1
1752404400000,2025-07-13 13:00:00,0.7048,0.7131,0.7043,0.7131,140270.5
1752408000000,2025-07-13 14:00:00,0.7131,0.721,0.7089,0.7167,246566.5
1752411600000,2025-07-13 15:00:00,0.7167,0.7236,0.7106,0.7185,340211.9
1752415200000,2025-07-13 16:00:00,0.7185,0.7287,0.7129,0.7155,642402.5
1752418800000,2025-07-13 17:00:00,0.7155,0.7289,0.7151,0.7186,263828.8
1752422400000,2025-07-13 18:00:00,0.7186,0.7235,0.7103,0.711,100456.5
1752426000000,2025-07-13 19:00:00,0.711,0.7175,0.7065,0.7152,307493.6
1752429600000,2025-07-13 20:00:00,0.7152,0.7259,0.7133,0.7252,163194.8
1752433200000,2025-07-13 21:00:00,0.7252,0.7315,0.7219,0.7228,132606.1
1752436800000,2025-07-13 22:00:00,0.7228,0.7281,0.7208,0.7248,102358.6
1752440400000,2025-07-13 23:00:00,0.7248,0.7257,0.7075,0.7097,651344.7
1752444000000,2025-07-14 00:00:00,0.7097,0.7127,0.7026,0.7077,198178.5
1752447600000,2025-07-14 01:00:00,0.7077,0.7141,0.7056,0.7138,254920.1
1752451200000,2025-07-14 02:00:00,0.7138,0.7195,0.7102,0.7131,183027.6
1752454800000,2025-07-14 03:00:00,0.7131,0.7236,0.7117,0.7229,75877.5
1752458400000,2025-07-14 04:00:00,0.7229,0.7349,0.7212,0.731,194200.6
1752462000000,2025-07-14 05:00:00,0.731,0.7496,0.7298,0.7442,411122.5
1752465600000,2025-07-14 06:00:00,0.7442,0.7621,0.7417,0.7557,463207.4
1752469200000,2025-07-14 07:00:00,0.7557,0.7603,0.73,0.7431,586564.6
1752472800000,2025-07-14 08:00:00,0.7431,0.7436,0.7304,0.7342,306734.0
1752476400000,2025-07-14 09:00:00,0.7342,0.7489,0.734,0.7462,256300.6
1752480000000,2025-07-14 10:00:00,0.7462,0.7466,0.7303,0.7365,264697.3
1752483600000,2025-07-14 11:00:00,0.7365,0.7493,0.7329,0.743,325376.6
1752487200000,2025-07-14 12:00:00,0.743,0.7519,0.7343,0.7488,340296.8
1752490800000,2025-07-14 13:00:00,0.7488,0.7533,0.7395,0.7395,302992.3
1752494400000,2025-07-14 14:00:00,0.7395,0.7444,0.7331,0.7405,151738.3
1752498000000,2025-07-14 15:00:00,0.7405,0.7443,0.7327,0.7388,161384.1
1752501600000,2025-07-14 16:00:00,0.7388,0.7475,0.7205,0.7273,533469.5
1752505200000,2025-07-14 17:00:00,0.7273,0.7285,0.7127,0.7213,342493.1
1752508800000,2025-07-14 18:00:00,0.7213,0.7285,0.7159,0.7266,244385.3
1752512400000,2025-07-14 19:00:00,0.7266,0.7266,0.7166,0.7195,171965.2
1752516000000,2025-07-14 20:00:00,0.7195,0.7197,0.708,0.7092,119884.0
1752519600000,2025-07-14 21:00:00,0.7092,0.712,0.7057,0.7079,74343.4
1752523200000,2025-07-14 22:00:00,0.7079,0.7151,0.6973,0.7115,381865.6
1752526800000,2025-07-14 23:00:00,0.7115,0.7156,0.7092,0.7143,59914.9
1752530400000,2025-07-15 00:00:00,0.7143,0.7175,0.7107,0.715,81227.3
1752534000000,2025-07-15 01:00:00,0.715,0.7161,0.7087,0.7121,58883.9
1752537600000,2025-07-15 02:00:00,0.7121,0.7166,0.7015,0.7045,176540.8
1752541200000,2025-07-15 03:00:00,0.7045,0.7124,0.6967,0.7041,267803.6
1752544800000,2025-07-15 04:00:00,0.7041,0.7074,0.6952,0.6997,163456.3
1752548400000,2025-07-15 05:00:00,0.6997,0.6997,0.6859,0.6932,297328.4
1752552000000,2025-07-15 06:00:00,0.6932,0.7019,0.6851,0.6992,140111.6
1752555600000,2025-07-15 07:00:00,0.6992,0.7043,0.6986,0.7042,122118.8
1752559200000,2025-07-15 08:00:00,0.7042,0.708,0.701,0.7058,95844.3
1752562800000,2025-07-15 09:00:00,0.7058,0.7115,0.7004,0.7024,71483.5
1752566400000,2025-07-15 10:00:00,0.7024,0.7044,0.6952,0.7001,88920.2
1752570000000,2025-07-15 11:00:00,0.7001,0.7082,0.6997,0.7018,97811.2
1752573600000,2025-07-15 12:00:00,0.7018,0.7059,0.6997,0.7018,55470.0
1752577200000,2025-07-15 13:00:00,0.7018,0.7037,0.6948,0.7017,166320.3
1752580800000,2025-07-15 14:00:00,0.7017,0.7118,0.6937,0.7075,361114.5
1752584400000,2025-07-15 15:00:00,0.7075,0.7223,0.7075,0.7178,362881.5
1752588000000,2025-07-15 16:00:00,0.7178,0.7224,0.6954,0.6984,523654.5
1752591600000,2025-07-15 17:00:00,0.6984,0.7209,0.6965,0.7178,245343.0
1752595200000,2025-07-15 18:00:00,0.7178,0.7292,0.7178,0.7246,223585.4
1752598800000,2025-07-15 19:00:00,0.7246,0.743,0.7229,0.7424,286957.4
1752602400000,2025-07-15 20:00:00,0.7424,0.7496,0.7235,0.727,520617.4
1752606000000,2025-07-15 21:00:00,0.727,0.7339,0.7162,0.7198,201623.4
1752609600000,2025-07-15 22:00:00,0.7198,0.7269,0.7161,0.7225,87199.0
1752613200000,2025-07-15 23:00:00,0.7225,0.7363,0.7218,0.7328,86248.9
1752616800000,2025-07-16 00:00:00,0.7328,0.7347,0.7289,0.7347,218815.9
1752620400000,2025-07-16 01:00:00,0.7347,0.7476,0.7347,0.744,220628.2
1752624000000,2025-07-16 02:00:00,0.744,0.7564,0.739,0.7564,162039.3
1752627600000,2025-07-16 03:00:00,0.7564,0.7609,0.7506,0.7568,97367.6
1752631200000,2025-07-16 04:00:00,0.7568,0.7568,0.7341,0.7375,158191.2
1752634800000,2025-07-16 05:00:00,0.7375,0.7408,0.7344,0.7363,37998.6
1752638400000,2025-07-16 06:00:00,0.7363,0.7389,0.7288,0.7389,92135.9
1752642000000,2025-07-16 07:00:00,0.7389,0.7454,0.7376,0.7425,77133.4
1752645600000,2025-07-16 08:00:00,0.7425,0.748,0.737,0.7468,95152.6
1752649200000,2025-07-16 09:00:00,0.7468,0.749,0.741,0.7432,97223.4
1752652800000,2025-07-16 10:00:00,0.7432,0.7433,0.7357,0.7366,76932.8
1752656400000,2025-07-16 11:00:00,0.7366,0.7411,0.73,0.7347,143272.0
1752660000000,2025-07-16 12:00:00,0.7347,0.7355,0.7266,0.728,161441.4
1752663600000,2025-07-16 13:00:00,0.728,0.7324,0.7245,0.7307,202695.9
1752667200000,2025-07-16 14:00:00,0.7307,0.7397,0.7283,0.7337,187533.9
1752670800000,2025-07-16 15:00:00,0.7337,0.7378,0.727,0.7345,157425.6
1752674400000,2025-07-16 16:00:00,0.7345,0.748,0.7274,0.7446,312777.6
1752678000000,2025-07-16 17:00:00,0.7446,0.7481,0.7269,0.7325,313060.0
1752681600000,2025-07-16 18:00:00,0.7325,0.751,0.7297,0.7508,498797.6
1752685200000,2025-07-16 19:00:00,0.7508,0.752,0.7419,0.7491,226520.7
1752688800000,2025-07-16 20:00:00,0.7491,0.7646,0.7482,0.7574,775794.2
1752692400000,2025-07-16 21:00:00,0.7574,0.7591,0.7492,0.7545,338301.0
1752696000000,2025-07-16 22:00:00,0.7545,0.7724,0.7537,0.766,789424.6
1752699600000,2025-07-16 23:00:00,0.766,0.7908,0.7625,0.7742,637756.0
1752703200000,2025-07-17 00:00:00,0.7742,0.7827,0.7577,0.7591,265444.6
1752706800000,2025-07-17 01:00:00,0.7591,0.7602,0.7455,0.7554,565446.3
1752710400000,2025-07-17 02:00:00,0.7554,0.7703,0.7499,0.7565,715230.3
1752714000000,2025-07-17 03:00:00,0.7565,0.7627,0.7296,0.7408,946578.0
1752717600000,2025-07-17 04:00:00,0.7408,0.7475,0.7388,0.744,127651.4
1752721200000,2025-07-17 05:00:00,0.744,0.7442,0.7248,0.7298,295737.7
1752724800000,2025-07-17 06:00:00,0.7298,0.7335,0.7278,0.7335,112807.1
1752728400000,2025-07-17 07:00:00,0.7335,0.7445,0.7287,0.7433,134030.7
1752732000000,2025-07-17 08:00:00,0.7433,0.7552,0.7358,0.7514,520060.4
1752735600000,2025-07-17 09:00:00,0.7514,0.76,0.7416,0.7577,261933.1
1752739200000,2025-07-17 10:00:00,0.7577,0.7653,0.7552,0.763,276588.2
1752742800000,2025-07-17 11:00:00,0.763,0.7762,0.7606,0.7697,195860.3
1752746400000,2025-07-17 12:00:00,0.7697,0.7724,0.7592,0.7624,275703.2
1752750000000,2025-07-17 13:00:00,0.7624,0.7644,0.7544,0.7563,179883.3
1752753600000,2025-07-17 14:00:00,0.7563,0.7678,0.749,0.7642,255764.5
1752757200000,2025-07-17 15:00:00,0.7642,0.7678,0.7436,0.758,509248.9
1752760800000,2025-07-17 16:00:00,0.758,0.7669,0.753,0.761,138972.9
1752764400000,2025-07-17 17:00:00,0.761,0.7642,0.7483,0.7574,182388.9
1752768000000,2025-07-17 18:00:00,0.7574,0.7596,0.7296,0.7411,712951.8
1752771600000,2025-07-17 19:00:00,0.7411,0.7543,0.7372,0.7541,329054.4
1752775200000,2025-07-17 20:00:00,0.7541,0.7583,0.7495,0.7539,114912.2
1752778800000,2025-07-17 21:00:00,0.7539,0.7596,0.7404,0.7411,162125.8
1752782400000,2025-07-17 22:00:00,0.7411,0.7462,0.7298,0.7456,306341.6
1752786000000,2025-07-17 23:00:00,0.7456,0.7667,0.7456,0.7552,357884.1
1752789600000,2025-07-18 00:00:00,0.7552,0.7748,0.753,0.7666,319022.3
1752793200000,2025-07-18 01:00:00,0.7666,0.7765,0.7613,0.7624,248124.4
1752796800000,2025-07-18 02:00:00,0.7624,0.7811,0.7559,0.7808,141877.1
1752800400000,2025-07-18 03:00:00,0.7808,0.8291,0.7776,0.8179,1480546.9
1752804000000,2025-07-18 04:00:00,0.8179,0.8194,0.8006,0.8125,460439.8
1752807600000,2025-07-18 05:00:00,0.8125,0.8188,0.8064,0.818,219292.6
1752811200000,2025-07-18 06:00:00,0.818,0.9194,0.8121,0.9104,4890250.6
1752814800000,2025-07-18 07:00:00,0.9104,1.0453,0.9033,1.0252,8133367.4
1752818400000,2025-07-18 08:00:00,1.0252,1.044,0.9448,0.9931,9563256.3
1752822000000,2025-07-18 09:00:00,0.9931,1.03,0.9706,0.9772,6707146.8
1752825600000,2025-07-18 10:00:00,0.9772,1.0045,0.9609,0.997,5152919.5
1752829200000,2025-07-18 11:00:00,0.997,1.0193,0.9858,1.0013,5024775.0
1752832800000,2025-07-18 12:00:00,1.0013,1.002,0.9659,0.9949,3490151.3
1752836400000,2025-07-18 13:00:00,0.9949,1.0463,0.9738,1.011,7724485.5
1752840000000,2025-07-18 14:00:00,1.011,1.0317,1.0025,1.0248,4537519.3
1752843600000,2025-07-18 15:00:00,1.0248,1.048,1.0003,1.0035,4667009.2
1752847200000,2025-07-18 16:00:00,1.0035,1.0118,0.9505,0.962,7402999.0
1752850800000,2025-07-18 17:00:00,0.962,0.9666,0.9195,0.9451,5806934.2
1752854400000,2025-07-18 18:00:00,0.9451,0.95,0.9253,0.9301,1989796.5
1752858000000,2025-07-18 19:00:00,0.9301,0.9529,0.9234,0.9398,1647522.0
1752861600000,2025-07-18 20:00:00,0.9398,0.9439,0.9055,0.9082,2300600.9
1752865200000,2025-07-18 21:00:00,0.9082,0.9159,0.8936,0.908,2202690.8
1752868800000,2025-07-18 22:00:00,0.908,0.9096,0.8718,0.897,2011035.2
1752872400000,2025-07-18 23:00:00,0.897,0.9199,0.8951,0.9068,1139968.1
1752876000000,2025-07-19 00:00:00,0.9068,0.921,0.8962,0.8975,1121272.4
1752879600000,2025-07-19 01:00:00,0.8975,0.9085,0.8855,0.9084,844386.0
1752883200000,2025-07-19 02:00:00,0.9084,0.9173,0.8844,0.8846,917414.8
1752886800000,2025-07-19 03:00:00,0.8846,0.9098,0.8728,0.9045,818047.4
1752890400000,2025-07-19 04:00:00,0.9045,0.9177,0.896,0.9139,876600.8
1752894000000,2025-07-19 05:00:00,0.9139,0.9417,0.9139,0.9377,1915230.0
1752897600000,2025-07-19 06:00:00,0.9377,0.9693,0.9377,0.9677,1754629.1
1752901200000,2025-07-19 07:00:00,0.9677,1.0422,0.9603,1.0123,5328517.1
1752904800000,2025-07-19 08:00:00,1.0123,1.0733,1.0066,1.0437,6231007.9
1752908400000,2025-07-19 09:00:00,1.0437,1.081,1.0359,1.0474,3726469.0
1752912000000,2025-07-19 10:00:00,1.0474,1.0665,1.0262,1.0308,3149391.6
1752915600000,2025-07-19 11:00:00,1.0308,1.0412,0.909,0.9494,7594082.6
1752919200000,2025-07-19 12:00:00,0.9494,0.9553,0.9242,0.9281,3840582.7
1752922800000,2025-07-19 13:00:00,0.9281,0.9339,0.9081,0.9176,3964675.4
1752926400000,2025-07-19 14:00:00,0.9176,0.935,0.9007,0.9318,1073377.0
1752930000000,2025-07-19 15:00:00,0.9318,0.9483,0.9228,0.9361,1137222.3
1752933600000,2025-07-19 16:00:00,0.9361,0.9399,0.9129,0.9157,729977.8
1752937200000,2025-07-19 17:00:00,0.9157,0.9405,0.9156,0.9345,602474.0
1752940800000,2025-07-19 18:00:00,0.9345,0.963,0.9282,0.9484,1089091.2
1752944400000,2025-07-19 19:00:00,0.9484,0.9533,0.9346,0.9389,483718.6
1752948000000,2025-07-19 20:00:00,0.9389,0.9666,0.9377,0.9582,485155.3
1752951600000,2025-07-19 21:00:00,0.9582,1.011,0.9577,1.0024,3256127.9
1752955200000,2025-07-19 22:00:00,1.0024,1.0357,0.9769,0.9789,1919463.9
1752958800000,2025-07-19 23:00:00,0.9789,0.9967,0.965,0.9944,739604.8
1752962400000,2025-07-20 00:00:00,0.9944,0.9944,0.9797,0.9836,463259.1
1752966000000,2025-07-20 01:00:00,0.9836,0.9947,0.9825,0.9937,521864.2
1752969600000,2025-07-20 02:00:00,0.9937,1.0111,0.9806,0.9835,1361172.8
1752973200000,2025-07-20 03:00:00,0.9835,1.0147,0.9828,1.0031,1148159.0
1752976800000,2025-07-20 04:00:00,1.0031,1.0184,0.9972,1.0059,778169.6
1752980400000,2025-07-20 05:00:00,1.0059,1.0513,1.0022,1.0304,1513170.4
1752984000000,2025-07-20 06:00:00,1.0304,1.0455,1.0111,1.0209,850858.0
1752987600000,2025-07-20 07:00:00,1.0209,1.024,1.002,1.0173,662041.3
1752991200000,2025-07-20 08:00:00,1.0173,1.0195,0.9941,0.996,817375.0
1752994800000,2025-07-20 09:00:00,0.996,1.0196,0.9953,1.0112,677403.7
1752998400000,2025-07-20 10:00:00,1.0112,1.0227,1.0066,1.0163,532688.2
1753002000000,2025-07-20 11:00:00,1.0163,1.0228,1.0025,1.0082,508023.3
1753005600000,2025-07-20 12:00:00,1.0082,1.0143,0.9943,0.9958,466489.3
1753009200000,2025-07-20 13:00:00,0.9958,1.0128,0.995,1.0039,533815.6
1753012800000,2025-07-20 14:00:00,1.0039,1.0144,1.0008,1.01,363787.1
1753016400000,2025-07-20 15:00:00,1.01,1.0269,1.003,1.021,531901.6
1753020000000,2025-07-20 16:00:00,1.021,1.0237,1.0048,1.0171,446383.0
1753023600000,2025-07-20 17:00:00,1.0171,1.0415,1.0137,1.0334,857425.9
1753027200000,2025-07-20 18:00:00,1.0334,1.0621,1.016,1.0451,1572542.1
1753030800000,2025-07-20 19:00:00,1.0451,1.0457,1.0163,1.0185,898034.0
1753034400000,2025-07-20 20:00:00,1.0185,1.0255,1.0091,1.022,431246.6
1753038000000,2025-07-20 21:00:00,1.022,1.0272,1.0091,1.0093,262093.1
1753041600000,2025-07-20 22:00:00,1.0093,1.0114,0.9938,1.0008,530165.5
1753045200000,2025-07-20 23:00:00,1.0008,1.0096,0.9853,1.0061,637916.5
1753048800000,2025-07-21 00:00:00,1.0061,1.007,0.9715,1.0004,815290.3
1753052400000,2025-07-21 01:00:00,1.0004,1.0042,0.9908,0.9922,514718.7
1753056000000,2025-07-21 02:00:00,0.9922,0.9948,0.9756,0.9913,640720.0
1753059600000,2025-07-21 03:00:00,0.9913,0.9999,0.9725,0.9786,492307.0
1753063200000,2025-07-21 04:00:00,0.9786,1.0002,0.9781,0.9982,421914.2
1753066800000,2025-07-21 05:00:00,0.9982,1.0126,0.9974,1.0111,462382.2
1753070400000,2025-07-21 06:00:00,1.0111,1.0145,0.9982,1.0003,352485.7
1753074000000,2025-07-21 07:00:00,1.0003,1.0068,0.9943,1.0055,290413.9
1753077600000,2025-07-21 08:00:00,1.0055,1.0256,1.0019,1.017,425481.1
1753081200000,2025-07-21 09:00:00,1.017,1.0284,1.0155,1.0228,302998.2
1753084800000,2025-07-21 10:00:00,1.0228,1.0358,1.0128,1.0182,449048.0
1753088400000,2025-07-21 11:00:00,1.0182,1.0224,1.0054,1.0199,319174.2
1753092000000,2025-07-21 12:00:00,1.0199,1.0311,1.0047,1.0262,436623.1
1753095600000,2025-07-21 13:00:00,1.0262,1.0406,1.0207,1.0256,457483.3
1753099200000,2025-07-21 14:00:00,1.0256,1.0288,1.0138,1.0191,382433.4
1753102800000,2025-07-21 15:00:00,1.0191,1.091,1.0073,1.058,1838509.1
1753106400000,2025-07-21 16:00:00,1.058,1.0907,1.0467,1.0591,1509275.6
1753110000000,2025-07-21 17:00:00,1.0591,1.0807,1.0473,1.0686,1187207.8
1753113600000,2025-07-21 18:00:00,1.0686,1.0737,1.0166,1.0403,1523882.1
1753117200000,2025-07-21 19:00:00,1.0403,1.048,1.0175,1.0256,648044.9
1753120800000,2025-07-21 20:00:00,1.0256,1.046,1.0187,1.0219,493938.0
1753124400000,2025-07-21 21:00:00,1.0219,1.0387,1.0117,1.0197,337962.9
1753128000000,2025-07-21 22:00:00,1.0197,1.0374,1.0147,1.0278,261298.0
1753131600000,2025-07-21 23:00:00,1.0278,1.0281,1.0123,1.0136,293682.8
1753135200000,2025-07-22 00:00:00,1.0136,1.0321,1.0125,1.0233,149681.7
1753138800000,2025-07-22 01:00:00,1.0233,1.0291,1.0101,1.0201,198275.7
1753142400000,2025-07-22 02:00:00,1.0201,1.0263,1.0006,1.0046,371431.2
1753146000000,2025-07-22 03:00:00,1.0046,1.0121,0.9728,1.0054,1958535.9
1753149600000,2025-07-22 04:00:00,1.0054,1.0095,0.9748,0.9801,603596.2
1753153200000,2025-07-22 05:00:00,0.9801,0.9844,0.9611,0.9724,620557.4
1753156800000,2025-07-22 06:00:00,0.9724,0.978,0.9455,0.9495,967419.8
1753160400000,2025-07-22 07:00:00,0.9495,0.9691,0.9483,0.9623,548590.7
1753164000000,2025-07-22 08:00:00,0.9623,0.9749,0.9569,0.9614,284734.2
1753167600000,2025-07-22 09:00:00,0.9614,0.9724,0.9538,0.959,442523.4
1753171200000,2025-07-22 10:00:00,0.959,0.9591,0.9373,0.95,532669.7
1753174800000,2025-07-22 11:00:00,0.95,0.958,0.9372,0.9539,271933.2
1753178400000,2025-07-22 12:00:00,0.9539,0.9689,0.953,0.9689,334627.3
1753182000000,2025-07-22 13:00:00,0.9689,0.9689,0.956,0.9655,383896.8
1753185600000,2025-07-22 14:00:00,0.9655,0.9733,0.9631,0.9655,507016.2
1753189200000,2025-07-22 15:00:00,0.9655,0.9689,0.9483,0.9537,419648.8
1753192800000,2025-07-22 16:00:00,0.9537,0.9797,0.9409,0.9778,417135.9
1753196400000,2025-07-22 17:00:00,0.9778,0.9916,0.9686,0.9797,1325640.7
1753200000000,2025-07-22 18:00:00,0.9797,1.0315,0.9742,1.0092,2702219.1
1753203600000,2025-07-22 19:00:00,1.0092,1.013,0.9647,0.9704,6328713.6
1753207200000,2025-07-22 20:00:00,0.9704,0.9961,0.9561,0.9884,3425802.9
1753210800000,2025-07-22 21:00:00,0.9884,0.9921,0.9702,0.9745,416601.6
1753214400000,2025-07-22 22:00:00,0.9745,0.9876,0.973,0.987,569814.6
1753218000000,2025-07-22 23:00:00,0.987,0.9917,0.9821,0.9898,292572.7
1753221600000,2025-07-23 00:00:00,0.9898,0.9963,0.9864,0.9886,238693.6
1753225200000,2025-07-23 01:00:00,0.9886,1.0044,0.9882,1.0002,288795.9
1753228800000,2025-07-23 02:00:00,1.0002,1.0064,0.9861,0.9871,399232.2
1753232400000,2025-07-23 03:00:00,0.9871,1.0084,0.9821,1.0082,239886.4
1753236000000,2025-07-23 04:00:00,1.0082,1.0144,0.9989,1.003,460893.3
1753239600000,2025-07-23 05:00:00,1.003,1.0084,0.9889,0.9911,447016.7
1753243200000,2025-07-23 06:00:00,0.9911,1.0075,0.9888,1.0064,195350.9
1753246800000,2025-07-23 07:00:00,1.0064,1.0066,0.9928,0.9972,280388.3
1753250400000,2025-07-23 08:00:00,0.9972,1.0058,0.9833,1.0054,768419.5
1753254000000,2025-07-23 09:00:00,1.0054,1.0246,0.9992,1.0068,862315.4
1753257600000,2025-07-23 10:00:00,1.0068,1.0114,0.9969,1.0057,377078.0
1753261200000,2025-07-23 11:00:00,1.0057,1.0121,0.979,0.9796,492452.6
1753264800000,2025-07-23 12:00:00,0.9796,0.9842,0.9672,0.9834,686476.5
1753268400000,2025-07-23 13:00:00,0.9834,0.9834,0.9693,0.9783,167180.5
1753272000000,2025-07-23 14:00:00,0.9783,0.9859,0.9446,0.9528,773369.7
1753275600000,2025-07-23 15:00:00,0.9528,0.9605,0.9201,0.9368,1709357.5
1753279200000,2025-07-23 16:00:00,0.9368,0.9508,0.9335,0.9464,447579.2
1753282800000,2025-07-23 17:00:00,0.9464,0.9506,0.9315,0.9486,224281.5
1753286400000,2025-07-23 18:00:00,0.9486,0.9486,0.9206,0.9215,314788.9
1753290000000,2025-07-23 19:00:00,0.9215,0.9277,0.9037,0.9167,756352.6
1753293600000,2025-07-23 20:00:00,0.9167,0.9305,0.9167,0.9298,220745.1
1753297200000,2025-07-23 21:00:00,0.9298,0.9315,0.9169,0.9179,157564.8
1753300800000,2025-07-23 22:00:00,0.9179,0.9246,0.887,0.909,865364.2
1753304400000,2025-07-23 23:00:00,0.909,0.9144,0.881,0.9055,312224.7
1753308000000,2025-07-24 00:00:00,0.9055,0.9159,0.8985,0.9123,108265.2
1753311600000,2025-07-24 01:00:00,0.9123,0.9226,0.911,0.9126,323373.9
1753315200000,2025-07-24 02:00:00,0.9126,0.9371,0.9055,0.9367,334131.9
1753318800000,2025-07-24 03:00:00,0.9367,0.9371,0.9211,0.9324,133140.2
1753322400000,2025-07-24 04:00:00,0.9324,0.9363,0.9217,0.9308,141338.1
1753326000000,2025-07-24 05:00:00,0.9308,0.9471,0.9277,0.9284,307568.8
1753329600000,2025-07-24 06:00:00,0.9284,0.9326,0.9066,0.9105,423250.4
1753333200000,2025-07-24 07:00:00,0.9105,0.9105,0.862,0.8666,1211693.7
1753336800000,2025-07-24 08:00:00,0.8666,0.8851,0.8381,0.8538,1159018.6
1753340400000,2025-07-24 09:00:00,0.8538,0.87,0.8434,0.8696,443343.3
1753344000000,2025-07-24 10:00:00,0.8696,0.8866,0.865,0.8805,459425.0
1753347600000,2025-07-24 11:00:00,0.8805,0.8864,0.8745,0.8815,379908.8
1753351200000,2025-07-24 12:00:00,0.8815,0.8889,0.8662,0.8786,369354.6
1753354800000,2025-07-24 13:00:00,0.8786,0.9077,0.8779,0.904,387957.4
1753358400000,2025-07-24 14:00:00,0.904,0.9048,0.883,0.8881,355409.2
1753362000000,2025-07-24 15:00:00,0.8881,0.8976,0.88,0.8813,283931.5
1753365600000,2025-07-24 16:00:00,0.8813,0.9299,0.8741,0.9281,796840.9
1753369200000,2025-07-24 17:00:00,0.9281,0.934,0.9066,0.9107,510993.0
1753372800000,2025-07-24 18:00:00,0.9107,0.9117,0.8799,0.8851,425348.6
1753376400000,2025-07-24 19:00:00,0.8851,0.9113,0.8842,0.9035,242806.1
1753380000000,2025-07-24 20:00:00,0.9035,0.9057,0.8933,0.9009,297111.0
1753383600000,2025-07-24 21:00:00,0.9009,0.907,0.8934,0.8957,162564.0
1753387200000,2025-07-24 22:00:00,0.8957,0.9047,0.8941,0.901,166229.8
1753390800000,2025-07-24 23:00:00,0.901,0.9018,0.8842,0.8848,201789.8
1753394400000,2025-07-25 00:00:00,0.8848,0.8916,0.8765,0.8839,301077.3
1753398000000,2025-07-25 01:00:00,0.8839,0.8839,0.8679,0.8739,610032.0
1753401600000,2025-07-25 02:00:00,0.8739,0.8743,0.8534,0.8558,323642.0
1753405200000,2025-07-25 03:00:00,0.8558,0.8678,0.8481,0.8648,562260.0
1753408800000,2025-07-25 04:00:00,0.8648,0.8717,0.8458,0.8483,224637.9
1753412400000,2025-07-25 05:00:00,0.8483,0.8611,0.8357,0.8474,582835.8
1753416000000,2025-07-25 06:00:00,0.8474,0.8656,0.8372,0.8642,310621.9
1753419600000,2025-07-25 07:00:00,0.8642,0.8681,0.854,0.8561,380238.8
1753423200000,2025-07-25 08:00:00,0.8561,0.8691,0.8499,0.8623,244064.9
1753426800000,2025-07-25 09:00:00,0.8623,0.8744,0.8499,0.8621,272389.7
1753430400000,2025-07-25 10:00:00,0.8621,0.8753,0.8584,0.8661,161564.9
1753434000000,2025-07-25 11:00:00,0.8661,0.8976,0.8626,0.8972,373639.5
1753437600000,2025-07-25 12:00:00,0.8972,0.907,0.8895,0.8962,785862.8
1753441200000,2025-07-25 13:00:00,0.8962,0.9055,0.8926,0.8954,893409.3
1753444800000,2025-07-25 14:00:00,0.8954,0.9035,0.8899,0.8982,499353.5
1753448400000,2025-07-25 15:00:00,0.8982,0.9028,0.8858,0.8967,421484.1
1753452000000,2025-07-25 16:00:00,0.8967,0.8994,0.8635,0.8643,778046.6
1753455600000,2025-07-25 17:00:00,0.8643,0.8742,0.8497,0.8645,514146.0
1753459200000,2025-07-25 18:00:00,0.8645,0.8739,0.8552,0.8717,265226.3
1753462800000,2025-07-25 19:00:00,0.8717,0.8754,0.8587,0.8642,128096.2
1753466400000,2025-07-25 20:00:00,0.8642,0.8713,0.8622,0.8665,160340.6
1753470000000,2025-07-25 21:00:00,0.8665,0.8735,0.8618,0.8658,158177.0
1753473600000,2025-07-25 22:00:00,0.8658,0.889,0.8645,0.8866,234483.6
1753477200000,2025-07-25 23:00:00,0.8866,0.8978,0.8864,0.8978,183213.6
1753480800000,2025-07-26 00:00:00,0.8978,0.9014,0.8945,0.8968,170323.7
1753484400000,2025-07-26 01:00:00,0.8968,0.8981,0.8918,0.8976,88962.0
1753488000000,2025-07-26 02:00:00,0.8976,0.9008,0.892,0.8972,134264.4
1753491600000,2025-07-26 03:00:00,0.8972,0.8973,0.8879,0.8884,119965.4
1753495200000,2025-07-26 04:00:00,0.8884,0.9099,0.8882,0.9048,352553.6
1753498800000,2025-07-26 05:00:00,0.9048,0.9098,0.8994,0.9074,135807.0
1753502400000,2025-07-26 06:00:00,0.9074,0.9079,0.9001,0.9016,134407.6
1753506000000,2025-07-26 07:00:00,0.9016,0.9075,0.8987,0.9041,68948.1
1753509600000,2025-07-26 08:00:00,0.9041,0.9052,0.8953,0.8967,103057.7
1753513200000,2025-07-26 09:00:00,0.8967,0.9027,0.8957,0.8983,67323.5
1753516800000,2025-07-26 10:00:00,0.8983,0.9102,0.8983,0.904,174776.7
1753520400000,2025-07-26 11:00:00,0.904,0.9053,0.8989,0.9024,127722.9
1753524000000,2025-07-26 12:00:00,0.9024,0.9085,0.9003,0.9041,171662.3
1753527600000,2025-07-26 13:00:00,0.9041,0.911,0.8968,0.8983,222733.7
1753531200000,2025-07-26 14:00:00,0.8983,0.9056,0.8921,0.9026,156111.0
1753534800000,2025-07-26 15:00:00,0.9026,0.9139,0.8999,0.9057,221183.6
1753538400000,2025-07-26 16:00:00,0.9057,0.9083,0.8957,0.899,268760.5
1753542000000,2025-07-26 17:00:00,0.899,0.9127,0.8938,0.9125,408640.7
1753545600000,2025-07-26 18:00:00,0.9125,0.9168,0.9055,0.9096,326516.9
1753549200000,2025-07-26 19:00:00,0.9096,0.9097,0.8987,0.9029,353775.2
1753552800000,2025-07-26 20:00:00,0.9029,0.9193,0.8997,0.9136,344826.3
1753556400000,2025-07-26 21:00:00,0.9136,0.9198,0.9121,0.9167,156847.1
1753560000000,2025-07-26 22:00:00,0.9167,0.9169,0.9067,0.9089,83667.0
1753563600000,2025-07-26 23:00:00,0.9089,0.9132,0.9037,0.9123,108778.3
1753567200000,2025-07-27 00:00:00,0.9123,0.9239,0.9043,0.9055,289644.2
1753570800000,2025-07-27 01:00:00,0.9055,0.9061,0.9,0.9012,115580.4
1753574400000,2025-07-27 02:00:00,0.9012,0.9047,0.8979,0.9038,111534.8
1753578000000,2025-07-27 03:00:00,0.9038,0.9165,0.9005,0.9086,185144.8
1753581600000,2025-07-27 04:00:00,0.9086,0.9201,0.9059,0.9168,298334.2
1753585200000,2025-07-27 05:00:00,0.9168,0.919,0.9105,0.9105,124503.8
1753588800000,2025-07-27 06:00:00,0.9105,0.9283,0.9088,0.9283,183754.3
1753592400000,2025-07-27 07:00:00,0.9283,0.9379,0.925,0.9262,368759.5
1753596000000,2025-07-27 08:00:00,0.9262,0.9263,0.9119,0.9144,236415.0
1753599600000,2025-07-27 09:00:00,0.9144,0.9205,0.9079,0.9117,234511.6
1753603200000,2025-07-27 10:00:00,0.9117,0.9135,0.9031,0.9064,140818.9
1753606800000,2025-07-27 11:00:00,0.9064,0.907,0.8991,0.9028,128394.4
1753610400000,2025-07-27 12:00:00,0.9028,0.9279,0.9018,0.9251,319874.5
1753614000000,2025-07-27 13:00:00,0.9251,0.9261,0.9135,0.9149,262033.2
1753617600000,2025-07-27 14:00:00,0.9149,0.9236,0.9054,0.9228,274183.1
1753621200000,2025-07-27 15:00:00,0.9228,0.9294,0.9105,0.9122,162471.7
1753624800000,2025-07-27 16:00:00,0.9122,0.9208,0.9037,0.9089,196768.8
1753628400000,2025-07-27 17:00:00,0.9089,0.9101,0.8995,0.9092,164160.8
1753632000000,2025-07-27 18:00:00,0.9092,0.934,0.9092,0.9178,556623.6
1753635600000,2025-07-27 19:00:00,0.9178,0.9269,0.9114,0.9264,484080.5
1753639200000,2025-07-27 20:00:00,0.9264,0.9365,0.9257,0.9324,238305.1
1753642800000,2025-07-27 21:00:00,0.9324,0.9327,0.9223,0.9266,99472.8
1753646400000,2025-07-27 22:00:00,0.9266,0.9342,0.9225,0.9244,84261.4
1753650000000,2025-07-27 23:00:00,0.9244,0.9383,0.9179,0.9374,115655.2
1753653600000,2025-07-28 00:00:00,0.9374,0.9483,0.9283,0.941,400753.7
1753657200000,2025-07-28 01:00:00,0.941,0.941,0.926,0.9345,302959.2
1753660800000,2025-07-28 02:00:00,0.9345,0.945,0.9263,0.9273,378524.9
1753664400000,2025-07-28 03:00:00,0.9273,0.9277,0.9079,0.9126,465554.6
1753668000000,2025-07-28 04:00:00,0.9126,0.9395,0.9095,0.9287,466663.7
1753671600000,2025-07-28 05:00:00,0.9287,0.9326,0.922,0.9279,121720.2
1753675200000,2025-07-28 06:00:00,0.9279,0.9405,0.9191,0.9363,268002.5
1753678800000,2025-07-28 07:00:00,0.9363,0.952,0.9342,0.9477,288282.6
1753682400000,2025-07-28 08:00:00,0.9477,0.9526,0.9422,0.9468,267246.0
1753686000000,2025-07-28 09:00:00,0.9468,0.9474,0.9289,0.9372,302497.7
1753689600000,2025-07-28 10:00:00,0.9372,0.9433,0.9331,0.9416,151374.8
1753693200000,2025-07-28 11:00:00,0.9416,0.9523,0.9336,0.9459,250181.4
1753696800000,2025-07-28 12:00:00,0.9459,0.9466,0.9335,0.9357,169408.8
1753700400000,2025-07-28 13:00:00,0.9357,0.9367,0.9227,0.9293,150649.5
1753704000000,2025-07-28 14:00:00,0.9293,0.9342,0.9196,0.9213,146303.3
1753707600000,2025-07-28 15:00:00,0.9213,0.9215,0.8947,0.8988,464140.7
1753711200000,2025-07-28 16:00:00,0.8988,0.9073,0.8772,0.8791,662247.6
1753714800000,2025-07-28 17:00:00,0.8791,0.8883,0.8708,0.8773,216611.3
1753718400000,2025-07-28 18:00:00,0.8773,0.8841,0.8695,0.8789,190005.9
1753722000000,2025-07-28 19:00:00,0.8789,0.8814,0.8667,0.8708,349698.8
1753725600000,2025-07-28 20:00:00,0.8708,0.8718,0.858,0.8625,318679.0
1753729200000,2025-07-28 21:00:00,0.8625,0.872,0.8563,0.8642,260697.5
1753732800000,2025-07-28 22:00:00,0.8642,0.8658,0.8533,0.8572,201861.2
1753736400000,2025-07-28 23:00:00,0.8572,0.8672,0.8504,0.8595,141097.6
1753740000000,2025-07-29 00:00:00,0.8595,0.8639,0.8479,0.8546,110896.4
1753743600000,2025-07-29 01:00:00,0.8546,0.8599,0.8517,0.8586,96406.3
1753747200000,2025-07-29 02:00:00,0.8586,0.866,0.8413,0.8543,433033.7
1753750800000,2025-07-29 03:00:00,0.8543,0.86,0.8458,0.8458,111492.0
1753754400000,2025-07-29 04:00:00,0.8458,0.8479,0.8338,0.8381,364957.1
1753758000000,2025-07-29 05:00:00,0.8381,0.8564,0.8377,0.8531,182648.7
1753761600000,2025-07-29 06:00:00,0.8531,0.8561,0.8441,0.8449,108952.2
1753765200000,2025-07-29 07:00:00,0.8449,0.8691,0.8443,0.8684,111906.8
1753768800000,2025-07-29 08:00:00,0.8684,0.8762,0.8666,0.8738,175735.9
1753772400000,2025-07-29 09:00:00,0.8738,0.8841,0.8676,0.8817,196283.7
1753776000000,2025-07-29 10:00:00,0.8817,0.8819,0.872,0.8807,147672.9
1753779600000,2025-07-29 11:00:00,0.8807,0.8873,0.8763,0.8801,167797.4
1753783200000,2025-07-29 12:00:00,0.8801,0.8808,0.8602,0.8625,330351.8
1753786800000,2025-07-29 13:00:00,0.8625,0.8736,0.8621,0.8689,111314.2
1753790400000,2025-07-29 14:00:00,0.8689,0.8925,0.8689,0.8859,304380.0
1753794000000,2025-07-29 15:00:00,0.8859,0.892,0.8702,0.8719,503109.3
1753797600000,2025-07-29 16:00:00,0.8719,0.8725,0.8431,0.8522,630357.3
1753801200000,2025-07-29 17:00:00,0.8522,0.8619,0.8452,0.8553,258301.7
1753804800000,2025-07-29 18:00:00,0.8553,0.8567,0.8366,0.8517,648718.9
1753808400000,2025-07-29 19:00:00,0.8517,0.8606,0.8481,0.8522,224671.7
1753812000000,2025-07-29 20:00:00,0.8522,0.8535,0.8458,0.8505,103132.3
1753815600000,2025-07-29 21:00:00,0.8505,0.8569,0.8431,0.8461,381276.7
1753819200000,2025-07-29 22:00:00,0.8461,0.8547,0.8347,0.8444,401541.0
1753822800000,2025-07-29 23:00:00,0.8444,0.8632,0.8384,0.8563,164379.1
1753826400000,2025-07-30 00:00:00,0.8563,0.8601,0.851,0.8576,203110.9
1753830000000,2025-07-30 01:00:00,0.8576,0.8675,0.856,0.8664,150503.8
1753833600000,2025-07-30 02:00:00,0.8664,0.8664,0.8466,0.8543,127240.3
1753837200000,2025-07-30 03:00:00,0.8543,0.8662,0.8427,0.8584,126808.3
1753840800000,2025-07-30 04:00:00,0.8584,0.867,0.8541,0.8612,114312.4
1753844400000,2025-07-30 05:00:00,0.8612,0.8654,0.8563,0.8583,74647.9
1753848000000,2025-07-30 06:00:00,0.8583,0.8618,0.8468,0.8486,85324.9
1753851600000,2025-07-30 07:00:00,0.8486,0.8575,0.8421,0.8527,151290.4
1753855200000,2025-07-30 08:00:00,0.8527,0.8553,0.8464,0.8529,54947.8
1753858800000,2025-07-30 09:00:00,0.8529,0.8563,0.84,0.8429,173724.0
1753862400000,2025-07-30 10:00:00,0.8429,0.8533,0.8355,0.8461,307459.2
1753866000000,2025-07-30 11:00:00,0.8461,0.8493,0.8238,0.8295,537242.7
1753869600000,2025-07-30 12:00:00,0.8295,0.8363,0.8181,0.8207,287305.8
1753873200000,2025-07-30 13:00:00,0.8207,0.8255,0.8022,0.8077,630990.4
1753876800000,2025-07-30 14:00:00,0.8077,0.8177,0.8029,0.8132,338863.5
1753880400000,2025-07-30 15:00:00,0.8132,0.816,0.8064,0.8128,243670.3
1753884000000,2025-07-30 16:00:00,0.8128,0.8351,0.808,0.8341,203307.7
1753887600000,2025-07-30 17:00:00,0.8341,0.8368,0.8191,0.8245,253146.1
1753891200000,2025-07-30 18:00:00,0.8245,0.839,0.823,0.831,117571.0
1753894800000,2025-07-30 19:00:00,0.831,0.8362,0.8285,0.8358,180003.8
1753898400000,2025-07-30 20:00:00,0.8358,0.8426,0.8158,0.8163,414367.9
1753902000000,2025-07-30 21:00:00,0.8163,0.832,0.7788,0.8269,1704703.8
1753905600000,2025-07-30 22:00:00,0.8269,0.841,0.8247,0.8269,305087.3
1753909200000,2025-07-30 23:00:00,0.8269,0.831,0.817,0.8257,314471.7
1753912800000,2025-07-31 00:00:00,0.8257,0.8308,0.8221,0.8271,109539.4
1753916400000,2025-07-31 01:00:00,0.8271,0.8448,0.8264,0.835,237951.8
1753920000000,2025-07-31 02:00:00,0.835,0.852,0.8314,0.8496,195029.6
1753923600000,2025-07-31 03:00:00,0.8496,0.8545,0.8455,0.8502,209839.0
1753927200000,2025-07-31 04:00:00,0.8502,0.8525,0.8459,0.8485,58312.4
1753930800000,2025-07-31 05:00:00,0.8485,0.8503,0.8451,0.8464,109969.2
1753934400000,2025-07-31 06:00:00,0.8464,0.8514,0.8461,0.8503,118754.9
1753938000000,2025-07-31 07:00:00,0.8503,0.8526,0.8465,0.8477,78013.3
1753941600000,2025-07-31 08:00:00,0.8477,0.856,0.8428,0.8531,166792.6
1753945200000,2025-07-31 09:00:00,0.8531,0.8559,0.8495,0.8537,87488.7
1753948800000,2025-07-31 10:00:00,0.8537,0.8585,0.8516,0.8525,114190.0
1753952400000,2025-07-31 11:00:00,0.8525,0.8551,0.8501,0.8527,58003.5
1753956000000,2025-07-31 12:00:00,0.8527,0.8547,0.8481,0.8492,94280.8
1753959600000,2025-07-31 13:00:00,0.8492,0.8509,0.8381,0.842,154360.8
1753963200000,2025-07-31 14:00:00,0.842,0.843,0.8327,0.836,163021.5
1753966800000,2025-07-31 15:00:00,0.836,0.836,0.8186,0.825,431309.8
1753970400000,2025-07-31 16:00:00,0.825,0.8272,0.8041,0.8054,303923.0
1753974000000,2025-07-31 17:00:00,0.8054,0.8218,0.8016,0.816,142391.4
1753977600000,2025-07-31 18:00:00,0.816,0.8406,0.8143,0.8303,250595.0
1753981200000,2025-07-31 19:00:00,0.8303,0.8312,0.8168,0.819,220483.6
1753984800000,2025-07-31 20:00:00,0.819,0.824,0.8099,0.818,113943.0
1753988400000,2025-07-31 21:00:00,0.818,0.8194,0.806,0.8078,87833.9
1753992000000,2025-07-31 22:00:00,0.8078,0.8089,0.7974,0.8012,259795.4
1753995600000,2025-07-31 23:00:00,0.8012,0.8056,0.7833,0.7931,329276.9
1753999200000,2025-08-01 00:00:00,0.7931,0.7931,0.7801,0.783,217308.5
1754002800000,2025-08-01 01:00:00,0.783,0.7897,0.7737,0.7781,229438.0
1754006400000,2025-08-01 02:00:00,0.7781,0.7831,0.753,0.7752,794768.2
1754010000000,2025-08-01 03:00:00,0.7752,0.78,0.7637,0.774,562277.5
1754013600000,2025-08-01 04:00:00,0.774,0.7829,0.7704,0.7804,134568.9
1754017200000,2025-08-01 05:00:00,0.7804,0.7852,0.7772,0.7802,118202.7
1754020800000,2025-08-01 06:00:00,0.7802,0.7802,0.7705,0.7706,112806.5
1754024400000,2025-08-01 07:00:00,0.7706,0.7757,0.7644,0.77,202995.3
1754028000000,2025-08-01 08:00:00,0.77,0.772,0.7613,0.7707,303769.7
1754031600000,2025-08-01 09:00:00,0.7707,0.7742,0.7669,0.7702,134751.2
1754035200000,2025-08-01 10:00:00,0.7702,0.7702,0.75,0.7626,386067.8
1754038800000,2025-08-01 11:00:00,0.7626,0.7733,0.7602,0.7603,223227.7
1754042400000,2025-08-01 12:00:00,0.7603,0.7675,0.759,0.7647,115953.6
1754046000000,2025-08-01 13:00:00,0.7647,0.7738,0.7597,0.772,88842.3
1754049600000,2025-08-01 14:00:00,0.772,0.7809,0.7659,0.7734,337903.6
1754053200000,2025-08-01 15:00:00,0.7734,0.779,0.7482,0.755,374542.9
1754056800000,2025-08-01 16:00:00,0.755,0.7794,0.7466,0.7742,351969.3
1754060400000,2025-08-01 17:00:00,0.7742,0.775,0.7608,0.772,243079.4
1754064000000,2025-08-01 18:00:00,0.772,0.8001,0.769,0.772,639373.4
1754067600000,2025-08-01 19:00:00,0.772,0.7812,0.764,0.7695,316693.0
1754071200000,2025-08-01 20:00:00,0.7695,0.783,0.7626,0.7761,370311.8
1754074800000,2025-08-01 21:00:00,0.7761,0.7882,0.773,0.7861,234578.6
1754078400000,2025-08-01 22:00:00,0.7861,0.7886,0.7632,0.7802,386268.4
1754082000000,2025-08-01 23:00:00,0.7802,0.7854,0.7767,0.7787,94642.8
1754085600000,2025-08-02 00:00:00,0.7787,0.7801,0.7339,0.7565,1062674.5
1754089200000,2025-08-02 01:00:00,0.7565,0.7699,0.7556,0.766,202745.7
1754092800000,2025-08-02 02:00:00,0.766,0.7756,0.7638,0.7752,179999.7
1754096400000,2025-08-02 03:00:00,0.7752,0.7779,0.7693,0.7773,111425.3
1754100000000,2025-08-02 04:00:00,0.7773,0.7773,0.7701,0.7711,55230.5
1754103600000,2025-08-02 05:00:00,0.7711,0.773,0.77,0.7717,132305.5
1754107200000,2025-08-02 06:00:00,0.7717,0.7776,0.7702,0.7725,105203.9
1754110800000,2025-08-02 07:00:00,0.7725,0.7742,0.7703,0.7724,60764.8
1754114400000,2025-08-02 08:00:00,0.7724,0.7724,0.7501,0.7548,277080.1
1754118000000,2025-08-02 09:00:00,0.7548,0.7712,0.7482,0.7704,305220.8
1754121600000,2025-08-02 10:00:00,0.7704,0.7712,0.755,0.756,130298.2
1754125200000,2025-08-02 11:00:00,0.756,0.7595,0.753,0.7569,61525.1
1754128800000,2025-08-02 12:00:00,0.7569,0.7582,0.7452,0.7527,336498.3
1754132400000,2025-08-02 13:00:00,0.7527,0.76,0.7465,0.7546,140421.4
1754136000000,2025-08-02 14:00:00,0.7546,0.7546,0.7457,0.7519,93124.3
1754139600000,2025-08-02 15:00:00,0.7519,0.7573,0.7452,0.7539,111611.7
1754143200000,2025-08-02 16:00:00,0.7539,0.7551,0.7377,0.7421,244547.1
1754146800000,2025-08-02 17:00:00,0.7421,0.75,0.7356,0.7392,285556.7
1754150400000,2025-08-02 18:00:00,0.7392,0.7451,0.7276,0.7409,348433.7
1754154000000,2025-08-02 19:00:00,0.7409,0.7464,0.722,0.7261,241025.5
1754157600000,2025-08-02 20:00:00,0.7261,0.7292,0.7184,0.7247,581901.0
1754161200000,2025-08-02 21:00:00,0.7247,0.7416,0.7203,0.7317,270340.7
1754164800000,2025-08-02 22:00:00,0.7317,0.7385,0.7312,0.7375,179963.9
1754168400000,2025-08-02 23:00:00,0.7375,0.7431,0.7325,0.736,119569.5
1754172000000,2025-08-03 00:00:00,0.736,0.7422,0.7277,0.7396,194322.8
1754175600000,2025-08-03 01:00:00,0.7396,0.7413,0.7281,0.736,171497.1
1754179200000,2025-08-03 02:00:00,0.736,0.7427,0.7238,0.7415,301794.5
1754182800000,2025-08-03 03:00:00,0.7415,0.7417,0.7331,0.7378,142394.8
1754186400000,2025-08-03 04:00:00,0.7378,0.7452,0.7377,0.7432,106887.0
1754190000000,2025-08-03 05:00:00,0.7432,0.7454,0.7411,0.744,44617.5
1754193600000,2025-08-03 06:00:00,0.744,0.7451,0.7396,0.7435,45876.0
1754197200000,2025-08-03 07:00:00,0.7435,0.7459,0.7421,0.7428,70292.3
1754200800000,2025-08-03 08:00:00,0.7428,0.7444,0.7396,0.7444,147270.4
1754204400000,2025-08-03 09:00:00,0.7444,0.7473,0.7432,0.7446,63996.5
1754208000000,2025-08-03 10:00:00,0.7446,0.7482,0.7438,0.7472,72195.9
1754211600000,2025-08-03 11:00:00,0.7472,0.7482,0.7442,0.7482,32293.1
1754215200000,2025-08-03 12:00:00,0.7482,0.7529,0.7476,0.7509,176583.1
1754218800000,2025-08-03 13:00:00,0.7509,0.7574,0.7507,0.7521,115887.8
1754222400000,2025-08-03 14:00:00,0.7521,0.7559,0.7484,0.7543,128519.5
1754226000000,2025-08-03 15:00:00,0.7543,0.7572,0.7502,0.752,81610.8
1754229600000,2025-08-03 16:00:00,0.752,0.7533,0.7467,0.7502,91249.4
1754233200000,2025-08-03 17:00:00,0.7502,0.7529,0.7467,0.7514,68553.3
1754236800000,2025-08-03 18:00:00,0.7514,0.7557,0.7478,0.7548,54499.4
1754240400000,2025-08-03 19:00:00,0.7548,0.7573,0.7513,0.7548,64849.3
1754244000000,2025-08-03 20:00:00,0.7548,0.758,0.7524,0.7564,164933.4
1754247600000,2025-08-03 21:00:00,0.7564,0.7607,0.7545,0.7554,81252.8
1754251200000,2025-08-03 22:00:00,0.7554,0.7586,0.7529,0.7574,51067.3
1754254800000,2025-08-03 23:00:00,0.7574,0.7633,0.7572,0.7627,99514.2
1754258400000,2025-08-04 00:00:00,0.7627,0.7651,0.7563,0.7608,112610.4
1754262000000,2025-08-04 01:00:00,0.7608,0.7649,0.7569,0.7578,89807.7
1754265600000,2025-08-04 02:00:00,0.7578,0.7722,0.7565,0.7719,120066.6
1754269200000,2025-08-04 03:00:00,0.7719,0.7746,0.7611,0.7617,84383.0
1754272800000,2025-08-04 04:00:00,0.7617,0.771,0.7582,0.771,112118.1
1754276400000,2025-08-04 05:00:00,0.771,0.771,0.7654,0.7672,44345.9
1754280000000,2025-08-04 06:00:00,0.7672,0.7698,0.7618,0.763,64881.3
1754283600000,2025-08-04 07:00:00,0.763,0.7665,0.7601,0.7664,39393.5
1754287200000,2025-08-04 08:00:00,0.7664,0.7664,0.7606,0.7651,61491.7
1754290800000,2025-08-04 09:00:00,0.7651,0.7725,0.7649,0.7699,79237.0
1754294400000,2025-08-04 10:00:00,0.7699,0.7735,0.767,0.7677,122550.3
1754298000000,2025-08-04 11:00:00,0.7677,0.7706,0.7659,0.7665,58491.0
1754301600000,2025-08-04 12:00:00,0.7665,0.7743,0.7654,0.771,226659.7
1754305200000,2025-08-04 13:00:00,0.771,0.771,0.7657,0.7675,139855.3
1754308800000,2025-08-04 14:00:00,0.7675,0.7713,0.7653,0.7709,78144.7
1754312400000,2025-08-04 15:00:00,0.7709,0.7865,0.766,0.7858,418890.7
1754316000000,2025-08-04 16:00:00,0.7858,0.7961,0.7834,0.7852,441022.0
1754319600000,2025-08-04 17:00:00,0.7852,0.7967,0.7835,0.7963,243116.4
1754323200000,2025-08-04 18:00:00,0.7963,0.8132,0.7953,0.8101,477374.3
1754326800000,2025-08-04 19:00:00,0.8101,0.8176,0.8062,0.8078,358529.1
1754330400000,2025-08-04 20:00:00,0.8078,0.8091,0.7984,0.8006,289114.0
1754334000000,2025-08-04 21:00:00,0.8006,0.8007,0.7904,0.7912,176484.1
1754337600000,2025-08-04 22:00:00,0.7912,0.7979,0.7871,0.7946,371276.1
1754341200000,2025-08-04 23:00:00,0.7946,0.8046,0.7941,0.8007,189277.7
1754344800000,2025-08-05 00:00:00,0.8007,0.808,0.8004,0.8059,253909.1
1754348400000,2025-08-05 01:00:00,0.8059,0.8059,0.7997,0.8026,90537.7
1754352000000,2025-08-05 02:00:00,0.8026,0.8029,0.7953,0.797,290551.9
1754355600000,2025-08-05 03:00:00,0.797,0.7995,0.7924,0.7937,117768.6
1754359200000,2025-08-05 04:00:00,0.7937,0.7957,0.7919,0.7929,57074.0
1754362800000,2025-08-05 05:00:00,0.7929,0.7929,0.7761,0.7765,313131.2
1754366400000,2025-08-05 06:00:00,0.7765,0.7805,0.7736,0.7786,103032.9
1754370000000,2025-08-05 07:00:00,0.7786,0.7823,0.7735,0.7786,157463.3
1754373600000,2025-08-05 08:00:00,0.7786,0.7824,0.7711,0.7739,119359.9
1754377200000,2025-08-05 09:00:00,0.7739,0.7761,0.7593,0.7623,299583.8
1754380800000,2025-08-05 10:00:00,0.7623,0.7704,0.7614,0.7702,112051.8
1754384400000,2025-08-05 11:00:00,0.7702,0.7861,0.7702,0.7849,148925.5
1754388000000,2025-08-05 12:00:00,0.7849,0.7937,0.7805,0.7907,145681.1
1754391600000,2025-08-05 13:00:00,0.7907,0.7943,0.7875,0.7917,264222.6
1754395200000,2025-08-05 14:00:00,0.7917,0.7936,0.7758,0.782,496499.6
1754398800000,2025-08-05 15:00:00,0.782,0.7862,0.7776,0.7837,263334.5
1754402400000,2025-08-05 16:00:00,0.7837,0.7839,0.7589,0.7625,674202.2
1754406000000,2025-08-05 17:00:00,0.7625,0.7676,0.751,0.755,345993.1
1754409600000,2025-08-05 18:00:00,0.755,0.7619,0.7495,0.7561,233694.7
1754413200000,2025-08-05 19:00:00,0.7561,0.7585,0.7515,0.7573,124954.4
1754416800000,2025-08-05 20:00:00,0.7573,0.7573,0.7478,0.7534,191493.9
1754420400000,2025-08-05 21:00:00,0.7534,0.7565,0.7464,0.7489,96139.2
1754424000000,2025-08-05 22:00:00,0.7489,0.7598,0.7488,0.7541,126970.1
1754427600000,2025-08-05 23:00:00,0.7541,0.7577,0.7473,0.749,116951.0
1754431200000,2025-08-06 00:00:00,0.749,0.7547,0.7397,0.7547,209811.7
1754434800000,2025-08-06 01:00:00,0.7547,0.7646,0.7542,0.7601,173834.7
1754438400000,2025-08-06 02:00:00,0.7601,0.7601,0.7474,0.7489,171541.8
1754442000000,2025-08-06 03:00:00,0.7489,0.7505,0.7424,0.7485,188793.9
1754445600000,2025-08-06 04:00:00,0.7485,0.7485,0.7404,0.7453,160480.2
1754449200000,2025-08-06 05:00:00,0.7453,0.7459,0.7387,0.7407,143966.5
1754452800000,2025-08-06 06:00:00,0.7407,0.7417,0.7372,0.7398,103570.8
1754456400000,2025-08-06 07:00:00,0.7398,0.7637,0.738,0.7557,481169.0
1754460000000,2025-08-06 08:00:00,0.7557,0.764,0.7521,0.7617,155437.0
1754463600000,2025-08-06 09:00:00,0.7617,0.7669,0.7598,0.7666,118055.5
1754467200000,2025-08-06 10:00:00,0.7666,0.7667,0.7547,0.759,156080.3
1754470800000,2025-08-06 11:00:00,0.759,0.7669,0.7566,0.7613,144090.3
1754474400000,2025-08-06 12:00:00,0.7613,0.7629,0.7539,0.7556,279783.7
1754478000000,2025-08-06 13:00:00,0.7556,0.7628,0.7553,0.7572,265431.7
1754481600000,2025-08-06 14:00:00,0.7572,0.7589,0.7409,0.7421,507388.4
1754485200000,2025-08-06 15:00:00,0.7421,0.7516,0.7405,0.7479,430244.5
1754488800000,2025-08-06 16:00:00,0.7479,0.7625,0.7426,0.7625,393551.0
1754492400000,2025-08-06 17:00:00,0.7625,0.7703,0.7552,0.7693,419901.7
1754496000000,2025-08-06 18:00:00,0.7693,0.7723,0.7597,0.762,311812.6
1754499600000,2025-08-06 19:00:00,0.762,0.7726,0.76,0.7717,195937.3
1754503200000,2025-08-06 20:00:00,0.7717,0.778,0.7703,0.771,209294.8
1754506800000,2025-08-06 21:00:00,0.771,0.7747,0.7709,0.7746,203185.9
1754510400000,2025-08-06 22:00:00,0.7746,0.7755,0.7696,0.7728,122919.8
1754514000000,2025-08-06 23:00:00,0.7728,0.7749,0.766,0.7706,360007.7
1754517600000,2025-08-07 00:00:00,0.7706,0.7723,0.7689,0.7701,47154.0
1754521200000,2025-08-07 01:00:00,0.7701,0.7711,0.7661,0.7694,159143.1
1754524800000,2025-08-07 02:00:00,0.7694,0.7742,0.7667,0.7701,71950.8
1754528400000,2025-08-07 03:00:00,0.7701,0.7805,0.7675,0.7687,128859.5
1754532000000,2025-08-07 04:00:00,0.7687,0.7718,0.7674,0.7689,53833.6
1754535600000,2025-08-07 05:00:00,0.7689,0.771,0.7644,0.7649,105287.3
1754539200000,2025-08-07 06:00:00,0.7649,0.7742,0.7637,0.7692,72021.2
1754542800000,2025-08-07 07:00:00,0.7692,0.7754,0.7667,0.7749,124194.4
1754546400000,2025-08-07 08:00:00,0.7749,0.7812,0.7739,0.7753,264116.1
1754550000000,2025-08-07 09:00:00,0.7753,0.7789,0.7727,0.7753,158152.4
1754553600000,2025-08-07 10:00:00,0.7753,0.7812,0.7752,0.7759,149493.0
1754557200000,2025-08-07 11:00:00,0.7759,0.7776,0.773,0.7767,112181.4
1754560800000,2025-08-07 12:00:00,0.7767,0.8035,0.7758,0.8031,698093.6
1754564400000,2025-08-07 13:00:00,0.8031,0.8116,0.8019,0.809,726727.7
1754568000000,2025-08-07 14:00:00,0.809,0.8118,0.8036,0.8118,518258.1
1754571600000,2025-08-07 15:00:00,0.8118,0.8223,0.8074,0.8183,583068.0
1754575200000,2025-08-07 16:00:00,0.8183,0.8187,0.8028,0.8054,484857.1
1754578800000,2025-08-07 17:00:00,0.8054,0.8118,0.8015,0.81,224580.1
1754582400000,2025-08-07 18:00:00,0.81,0.8139,0.7882,0.802,581367.0
1754586000000,2025-08-07 19:00:00,0.802,0.8041,0.7995,0.8019,201259.6
1754589600000,2025-08-07 20:00:00,0.8019,0.8019,0.7959,0.799,150460.7
1754593200000,2025-08-07 21:00:00,0.799,0.8147,0.7989,0.8137,384923.0
1754596800000,2025-08-07 22:00:00,0.8137,0.8185,0.8111,0.8162,216432.0
1754600400000,2025-08-07 23:00:00,0.8162,0.8273,0.816,0.8212,408770.9
1754604000000,2025-08-08 00:00:00,0.8212,0.8478,0.8203,0.8332,5369133.8
1754607600000,2025-08-08 01:00:00,0.8332,0.8371,0.8269,0.837,363373.2
1754611200000,2025-08-08 02:00:00,0.837,0.8486,0.8108,0.8348,3581401.8
1754614800000,2025-08-08 03:00:00,0.8348,0.8512,0.8104,0.829,6805345.4
1754618400000,2025-08-08 04:00:00,0.829,0.8373,0.8244,0.8315,314859.2
1754622000000,2025-08-08 05:00:00,0.8315,0.8496,0.8297,0.8418,441000.0
1754625600000,2025-08-08 06:00:00,0.8418,0.8434,0.8337,0.8337,257135.2
1754629200000,2025-08-08 07:00:00,0.8337,0.8367,0.8279,0.8302,151180.8
1754632800000,2025-08-08 08:00:00,0.8302,0.8407,0.8279,0.8404,293615.8
1754636400000,2025-08-08 09:00:00,0.8404,0.8444,0.8313,0.8403,386104.0
1754640000000,2025-08-08 10:00:00,0.8403,0.8466,0.833,0.836,476759.7
1754643600000,2025-08-08 11:00:00,0.836,0.8422,0.8319,0.8391,198933.0
1754647200000,2025-08-08 12:00:00,0.8391,0.8421,0.835,0.8377,210649.6
1754650800000,2025-08-08 13:00:00,0.8377,0.8415,0.837,0.839,130502.3
1754654400000,2025-08-08 14:00:00,0.839,0.8392,0.8256,0.8264,445968.9
1754658000000,2025-08-08 15:00:00,0.8264,0.8491,0.8258,0.8491,551936.6
1754661600000,2025-08-08 16:00:00,0.8491,0.8544,0.8309,0.837,907300.1
1754665200000,2025-08-08 17:00:00,0.837,0.8385,0.8213,0.8293,436801.7
1754668800000,2025-08-08 18:00:00,0.8293,0.837,0.8291,0.8359,387284.3
1754672400000,2025-08-08 19:00:00,0.8359,0.8596,0.8359,0.8591,824802.7
1754676000000,2025-08-08 20:00:00,0.8591,0.8648,0.8514,0.8544,985716.6
1754679600000,2025-08-08 21:00:00,0.8544,0.8581,0.8492,0.8559,470798.1
1754683200000,2025-08-08 22:00:00,0.8559,0.8573,0.8482,0.8513,175638.7
1754686800000,2025-08-08 23:00:00,0.8513,0.8529,0.8478,0.8488,104292.1
1754690400000,2025-08-09 00:00:00,0.8488,0.8517,0.8465,0.849,154456.0
1754694000000,2025-08-09 01:00:00,0.849,0.8503,0.8442,0.8463,70704.3
1754697600000,2025-08-09 02:00:00,0.8463,0.8519,0.8453,0.8493,187775.4
1754701200000,2025-08-09 03:00:00,0.8493,0.8538,0.8471,0.8536,80961.5
1754704800000,2025-08-09 04:00:00,0.8536,0.8542,0.8489,0.849,234991.8
1754708400000,2025-08-09 05:00:00,0.849,0.8521,0.8464,0.8518,182634.0
1754712000000,2025-08-09 06:00:00,0.8518,0.8602,0.8473,0.8558,171769.0
1754715600000,2025-08-09 07:00:00,0.8558,0.883,0.8544,0.8797,674442.6
1754719200000,2025-08-09 08:00:00,0.8797,0.8806,0.8673,0.8704,370266.4
1754722800000,2025-08-09 09:00:00,0.8704,0.881,0.8679,0.8797,276000.7
1754726400000,2025-08-09 10:00:00,0.8797,0.8857,0.8771,0.8821,237511.9
1754730000000,2025-08-09 11:00:00,0.8821,0.888,0.8774,0.8836,295315.7
1754733600000,2025-08-09 12:00:00,0.8836,0.8883,0.8809,0.8843,202594.4
1754737200000,2025-08-09 13:00:00,0.8843,0.8856,0.8797,0.8844,234505.0
1754740800000,2025-08-09 14:00:00,0.8844,0.8999,0.8819,0.8949,418554.2
1754744400000,2025-08-09 15:00:00,0.8949,0.8954,0.8734,0.8735,786198.4
1754748000000,2025-08-09 16:00:00,0.8735,0.8799,0.8678,0.8791,563555.5
1754751600000,2025-08-09 17:00:00,0.8791,0.8831,0.8711,0.8765,234402.2
1754755200000,2025-08-09 18:00:00,0.8765,0.8868,0.8744,0.8774,266709.9
1754758800000,2025-08-09 19:00:00,0.8774,0.8874,0.876,0.8868,156523.8
1754762400000,2025-08-09 20:00:00,0.8868,0.8909,0.8831,0.8895,138072.5
1754766000000,2025-08-09 21:00:00,0.8895,0.8999,0.8878,0.8959,272160.1
1754769600000,2025-08-09 22:00:00,0.8959,0.9165,0.8956,0.9116,746144.5
1754773200000,2025-08-09 23:00:00,0.9116,0.9126,0.8939,0.8989,661735.9
1754776800000,2025-08-10 00:00:00,0.8989,0.9043,0.8868,0.8894,603315.4
1754780400000,2025-08-10 01:00:00,0.8894,0.8933,0.8854,0.8904,348903.7
1754784000000,2025-08-10 02:00:00,0.8904,0.9066,0.8875,0.8998,254473.2
1754787600000,2025-08-10 03:00:00,0.8998,0.9073,0.894,0.8966,339839.7
1754791200000,2025-08-10 04:00:00,0.8966,0.9032,0.8883,0.8888,284510.9
1754794800000,2025-08-10 05:00:00,0.8888,0.9031,0.8832,0.9005,385935.3
1754798400000,2025-08-10 06:00:00,0.9005,0.9116,0.8943,0.9062,140825.6
1754802000000,2025-08-10 07:00:00,0.9062,0.9062,0.8923,0.8927,205444.6
1754805600000,2025-08-10 08:00:00,0.8927,0.8936,0.8792,0.8846,371326.4
1754809200000,2025-08-10 09:00:00,0.8846,0.8981,0.8731,0.8745,1099936.8
1754812800000,2025-08-10 10:00:00,0.8745,0.8833,0.8574,0.8804,1332853.8
1754816400000,2025-08-10 11:00:00,0.8804,0.8832,0.8757,0.878,414398.1
1754820000000,2025-08-10 12:00:00,0.878,0.8812,0.8658,0.8707,496499.6
1754823600000,2025-08-10 13:00:00,0.8707,0.8747,0.8662,0.8663,330576.7
1754827200000,2025-08-10 14:00:00,0.8663,0.8739,0.864,0.8729,201944.3
1754830800000,2025-08-10 15:00:00,0.8729,0.8764,0.8632,0.8647,356151.8
1754834400000,2025-08-10 16:00:00,0.8647,0.8995,0.8616,0.8915,957719.6
1754838000000,2025-08-10 17:00:00,0.8915,0.9076,0.886,0.8923,603113.9
1754841600000,2025-08-10 18:00:00,0.8923,0.8968,0.8888,0.8929,352592.7
1754845200000,2025-08-10 19:00:00,0.8929,0.8968,0.8866,0.8895,267856.7
1754848800000,2025-08-10 20:00:00,0.8895,0.8962,0.8876,0.8935,215669.4
1754852400000,2025-08-10 21:00:00,0.8935,0.8943,0.8889,0.8898,159942.2
1754856000000,2025-08-10 22:00:00,0.8898,0.8909,0.8836,0.8861,484647.4
1754859600000,2025-08-10 23:00:00,0.8861,0.8861,0.8736,0.8814,302589.2
1754863200000,2025-08-11 00:00:00,0.8814,0.8874,0.876,0.8874,185372.6
1754866800000,2025-08-11 01:00:00,0.8874,0.8909,0.8821,0.889,254620.7
1754870400000,2025-08-11 02:00:00,0.889,0.8915,0.8815,0.8816,221649.3
1754874000000,2025-08-11 03:00:00,0.8816,0.9041,0.8805,0.8916,509307.8
1754877600000,2025-08-11 04:00:00,0.8916,0.9067,0.8911,0.9034,522110.3
1754881200000,2025-08-11 05:00:00,0.9034,0.9034,0.8965,0.9003,252555.1
1754884800000,2025-08-11 06:00:00,0.9003,0.9104,0.8987,0.899,437028.4
1754888400000,2025-08-11 07:00:00,0.899,0.902,0.888,0.8904,315408.5
1754892000000,2025-08-11 08:00:00,0.8904,0.8943,0.886,0.8863,518919.4
1754895600000,2025-08-11 09:00:00,0.8863,0.8881,0.8663,0.8679,585529.1
1754899200000,2025-08-11 10:00:00,0.8679,0.8885,0.8679,0.8774,1187142.6
1754902800000,2025-08-11 11:00:00,0.8774,0.882,0.8724,0.8754,156978.4
1754906400000,2025-08-11 12:00:00,0.8754,0.876,0.8613,0.8659,427463.7
1754910000000,2025-08-11 13:00:00,0.8659,0.867,0.8381,0.8421,1041385.4
1754913600000,2025-08-11 14:00:00,0.8421,0.8477,0.8379,0.8436,484930.1
1754917200000,2025-08-11 15:00:00,0.8436,0.857,0.8351,0.8514,500941.5
1754920800000,2025-08-11 16:00:00,0.8514,0.8577,0.8382,0.8401,513708.3
1754924400000,2025-08-11 17:00:00,0.8401,0.8474,0.8333,0.8457,304446.0
1754928000000,2025-08-11 18:00:00,0.8457,0.8882,0.8453,0.8718,2909640.4
1754931600000,2025-08-11 19:00:00,0.8718,0.8718,0.8527,0.8562,515594.7
1754935200000,2025-08-11 20:00:00,0.8562,0.8597,0.8444,0.8544,348062.6
1754938800000,2025-08-11 21:00:00,0.8544,0.8551,0.8341,0.8424,425455.9
1754942400000,2025-08-11 22:00:00,0.8424,0.8425,0.8357,0.8385,207191.8
1754946000000,2025-08-11 23:00:00,0.8385,0.8431,0.818,0.8253,558725.4
1754949600000,2025-08-12 00:00:00,0.8253,0.8258,0.8121,0.8205,368533.1
1754953200000,2025-08-12 01:00:00,0.8205,0.8235,0.8162,0.8163,268013.0
1754956800000,2025-08-12 02:00:00,0.8163,0.8287,0.8161,0.8259,246450.5
1754960400000,2025-08-12 03:00:00,0.8259,0.8314,0.8227,0.8289,163236.3
1754964000000,2025-08-12 04:00:00,0.8289,0.8393,0.8228,0.8308,230108.4
1754967600000,2025-08-12 05:00:00,0.8308,0.8315,0.822,0.8231,252348.1
1754971200000,2025-08-12 06:00:00,0.8231,0.8294,0.8204,0.8275,290620.4
1754974800000,2025-08-12 07:00:00,0.8275,0.8275,0.8126,0.8166,285088.2
1754978400000,2025-08-12 08:00:00,0.8166,0.8202,0.8071,0.8137,259602.7
1754982000000,2025-08-12 09:00:00,0.8137,0.8216,0.813,0.8212,253052.5
1754985600000,2025-08-12 10:00:00,0.8212,0.822,0.8119,0.812,215609.3
1754989200000,2025-08-12 11:00:00,0.812,0.8147,0.8074,0.808,213316.8
1754992800000,2025-08-12 12:00:00,0.808,0.8081,0.8,0.8035,490140.4
1754996400000,2025-08-12 13:00:00,0.8035,0.8118,0.7956,0.8105,261144.1
1755000000000,2025-08-12 14:00:00,0.8105,0.8445,0.8065,0.8384,1063083.7
1755003600000,2025-08-12 15:00:00,0.8384,0.8457,0.8224,0.8298,599940.6
1755007200000,2025-08-12 16:00:00,0.8298,0.8452,0.8274,0.8434,361016.8
1755010800000,2025-08-12 17:00:00,0.8434,0.8581,0.843,0.8571,644482.3
1755014400000,2025-08-12 18:00:00,0.8571,0.8593,0.8493,0.8588,363547.5
1755018000000,2025-08-12 19:00:00,0.8588,0.8694,0.8583,0.8639,469154.2
1755021600000,2025-08-12 20:00:00,0.8639,0.8731,0.8613,0.8678,238244.4
1755025200000,2025-08-12 21:00:00,0.8678,0.8734,0.8648,0.8723,183042.7
1755028800000,2025-08-12 22:00:00,0.8723,0.8884,0.8718,0.8854,447344.8
1755032400000,2025-08-12 23:00:00,0.8854,0.8854,0.8718,0.8735,247663.4
1755036000000,2025-08-13 00:00:00,0.8735,0.8763,0.8693,0.8754,339502.8
1755039600000,2025-08-13 01:00:00,0.8754,0.8816,0.8714,0.881,182011.5
1755043200000,2025-08-13 02:00:00,0.881,0.8903,0.8792,0.8836,245607.7
1755046800000,2025-08-13 03:00:00,0.8836,0.8836,0.8694,0.8735,351395.3
1755050400000,2025-08-13 04:00:00,0.8735,0.89,0.8666,0.8899,160593.8
1755054000000,2025-08-13 05:00:00,0.8899,0.8974,0.8821,0.8904,330048.3
1755057600000,2025-08-13 06:00:00,0.8904,0.8983,0.8888,0.8973,379698.9
1755061200000,2025-08-13 07:00:00,0.8973,0.8973,0.8794,0.881,299987.2
1755064800000,2025-08-13 08:00:00,0.881,0.8877,0.8732,0.8843,258545.2
1755068400000,2025-08-13 09:00:00,0.8843,0.8974,0.881,0.8966,372173.4
1755072000000,2025-08-13 10:00:00,0.8966,0.9224,0.8962,0.9054,1095794.4
1755075600000,2025-08-13 11:00:00,0.9054,0.9172,0.9045,0.9161,650570.0
1755079200000,2025-08-13 12:00:00,0.9161,0.9315,0.9155,0.931,767579.9
1755082800000,2025-08-13 13:00:00,0.931,0.9347,0.9165,0.9236,637865.2
1755086400000,2025-08-13 14:00:00,0.9236,0.9286,0.9134,0.9144,511065.0
1755090000000,2025-08-13 15:00:00,0.9144,0.9351,0.9111,0.9244,961484.4
1755093600000,2025-08-13 16:00:00,0.9244,0.9325,0.9076,0.9159,983596.7
1755097200000,2025-08-13 17:00:00,0.9159,0.932,0.9064,0.9228,554965.6
1755100800000,2025-08-13 18:00:00,0.9228,0.9441,0.9199,0.9308,653090.5
1755104400000,2025-08-13 19:00:00,0.9308,0.9408,0.9272,0.9354,446933.3
1755108000000,2025-08-13 20:00:00,0.9354,0.9389,0.9156,0.9212,460793.7
1755111600000,2025-08-13 21:00:00,0.9212,0.9297,0.9183,0.9295,470799.8
1755115200000,2025-08-13 22:00:00,0.9295,0.9347,0.922,0.9286,460387.2
1755118800000,2025-08-13 23:00:00,0.9286,0.939,0.9273,0.9319,319254.8
1755122400000,2025-08-14 00:00:00,0.9319,0.9489,0.9277,0.9394,412761.6
1755126000000,2025-08-14 01:00:00,0.9394,0.9456,0.9345,0.9362,358916.8
1755129600000,2025-08-14 02:00:00,0.9362,0.9413,0.9258,0.9272,320715.6
1755133200000,2025-08-14 03:00:00,0.9272,0.946,0.9225,0.9392,402925.2
1755136800000,2025-08-14 04:00:00,0.9392,0.9515,0.9345,0.9512,437761.5
1755140400000,2025-08-14 05:00:00,0.9512,0.9512,0.9417,0.9468,356713.0
1755144000000,2025-08-14 06:00:00,0.9468,0.9476,0.9272,0.9276,342537.3
1755147600000,2025-08-14 07:00:00,0.9276,0.9315,0.9172,0.9241,599591.1
1755151200000,2025-08-14 08:00:00,0.9241,0.9241,0.9096,0.9197,317962.7
1755154800000,2025-08-14 09:00:00,0.9197,0.9203,0.9045,0.9097,357623.3
1755158400000,2025-08-14 10:00:00,0.9097,0.9106,0.8946,0.8978,418638.2
1755162000000,2025-08-14 11:00:00,0.8978,0.9072,0.8904,0.9041,382342.0
1755165600000,2025-08-14 12:00:00,0.9041,0.9048,0.8867,0.8979,729175.0
1755169200000,2025-08-14 13:00:00,0.8979,0.9024,0.893,0.8954,263992.3
1755172800000,2025-08-14 14:00:00,0.8954,0.9053,0.825,0.8524,4362522.5
1755176400000,2025-08-14 15:00:00,0.8524,0.8705,0.8355,0.864,1936453.1
1755180000000,2025-08-14 16:00:00,0.864,0.8743,0.8594,0.863,531336.8
1755183600000,2025-08-14 17:00:00,0.863,0.8682,0.853,0.8549,611697.3
1755187200000,2025-08-14 18:00:00,0.8549,0.855,0.836,0.8391,778333.1
1755190800000,2025-08-14 19:00:00,0.8391,0.8441,0.8315,0.8392,350463.9
1755194400000,2025-08-14 20:00:00,0.8392,0.8426,0.8225,0.8389,511300.7
1755198000000,2025-08-14 21:00:00,0.8389,0.8457,0.8376,0.8383,279725.2
1755201600000,2025-08-14 22:00:00,0.8383,0.8399,0.8323,0.839,135608.0
1755205200000,2025-08-14 23:00:00,0.839,0.839,0.8182,0.8269,206068.6
1755208800000,2025-08-15 00:00:00,0.8269,0.8356,0.8222,0.8353,124771.3
1755212400000,2025-08-15 01:00:00,0.8353,0.8437,0.8345,0.8366,288925.5
1755216000000,2025-08-15 02:00:00,0.8366,0.8467,0.8337,0.84,282918.5
1755219600000,2025-08-15 03:00:00,0.84,0.8456,0.8355,0.8438,272978.4
1755223200000,2025-08-15 04:00:00,0.8438,0.8471,0.8407,0.8413,121755.5
1755226800000,2025-08-15 05:00:00,0.8413,0.8568,0.839,0.8531,190704.4
1755230400000,2025-08-15 06:00:00,0.8531,0.8562,0.8463,0.8472,201842.9
1755234000000,2025-08-15 07:00:00,0.8472,0.8506,0.842,0.8506,89286.7
1755237600000,2025-08-15 08:00:00,0.8506,0.8616,0.8503,0.8554,200416.7
1755241200000,2025-08-15 09:00:00,0.8554,0.8559,0.846,0.8508,149929.9
1755244800000,2025-08-15 10:00:00,0.8508,0.856,0.8463,0.8463,193472.4
1755248400000,2025-08-15 11:00:00,0.8463,0.8503,0.8372,0.8407,184710.3
1755252000000,2025-08-15 12:00:00,0.8407,0.8476,0.8403,0.8417,234135.1
1755255600000,2025-08-15 13:00:00,0.8417,0.8451,0.8388,0.8404,163924.8
1755259200000,2025-08-15 14:00:00,0.8404,0.8524,0.8328,0.843,504267.8
1755262800000,2025-08-15 15:00:00,0.843,0.8448,0.8298,0.8338,392667.6
1755266400000,2025-08-15 16:00:00,0.8338,0.8372,0.8137,0.8182,648924.6
1755270000000,2025-08-15 17:00:00,0.8182,0.8191,0.7928,0.8,979475.2
1755273600000,2025-08-15 18:00:00,0.8,0.8071,0.7892,0.8054,371600.1
1755277200000,2025-08-15 19:00:00,0.8054,0.8157,0.7989,0.8076,384015.4
1755280800000,2025-08-15 20:00:00,0.8076,0.8088,0.7956,0.799,257973.5
1755284400000,2025-08-15 21:00:00,0.799,0.8065,0.7957,0.7967,197057.0
1755288000000,2025-08-15 22:00:00,0.7967,0.8076,0.7936,0.8071,179779.2
1755291600000,2025-08-15 23:00:00,0.8071,0.8101,0.8012,0.8098,180393.1
1755295200000,2025-08-16 00:00:00,0.8098,0.8217,0.8077,0.8212,216040.5
1755298800000,2025-08-16 01:00:00,0.8212,0.8241,0.8083,0.8148,237999.5
1755302400000,2025-08-16 02:00:00,0.8148,0.8261,0.8134,0.8243,148675.4
1755306000000,2025-08-16 03:00:00,0.8243,0.8278,0.821,0.8268,206668.5
1755309600000,2025-08-16 04:00:00,0.8268,0.827,0.8196,0.821,88339.3
1755313200000,2025-08-16 05:00:00,0.821,0.823,0.8182,0.819,48710.6
1755316800000,2025-08-16 06:00:00,0.819,0.8306,0.8179,0.8305,129659.4
1755320400000,2025-08-16 07:00:00,0.8305,0.8306,0.821,0.8216,123608.7
1755324000000,2025-08-16 08:00:00,0.8216,0.8216,0.8148,0.8163,98111.2
1755327600000,2025-08-16 09:00:00,0.8163,0.8242,0.8158,0.8208,101760.4
1755331200000,2025-08-16 10:00:00,0.8208,0.8236,0.8184,0.8197,104745.3
1755334800000,2025-08-16 11:00:00,0.8197,0.8275,0.813,0.8133,203538.2
1755338400000,2025-08-16 12:00:00,0.8133,0.8194,0.8106,0.8174,226513.5
1755342000000,2025-08-16 13:00:00,0.8174,0.8296,0.8174,0.818,178902.0
1755345600000,2025-08-16 14:00:00,0.818,0.8257,0.8155,0.824,205095.2
1755349200000,2025-08-16 15:00:00,0.824,0.8296,0.817,0.8179,178089.3
1755352800000,2025-08-16 16:00:00,0.8179,0.8291,0.816,0.8285,229911.9
1755356400000,2025-08-16 17:00:00,0.8285,0.8349,0.8273,0.8307,176745.0
1755360000000,2025-08-16 18:00:00,0.8307,0.8346,0.8281,0.8309,92504.7
1755363600000,2025-08-16 19:00:00,0.8309,0.8319,0.8255,0.8278,78620.9
1755367200000,2025-08-16 20:00:00,0.8278,0.8338,0.8259,0.8305,80935.3
1755370800000,2025-08-16 21:00:00,0.8305,0.8363,0.8301,0.8318,51329.3
1755374400000,2025-08-16 22:00:00,0.8318,0.8373,0.8306,0.8369,88354.2
1755378000000,2025-08-16 23:00:00,0.8369,0.8369,0.8324,0.8335,146058.6
1755381600000,2025-08-17 00:00:00,0.8335,0.8389,0.8242,0.8376,478738.9
1755385200000,2025-08-17 01:00:00,0.8376,0.838,0.8327,0.8351,55699.0
1755388800000,2025-08-17 02:00:00,0.8351,0.8365,0.8326,0.8338,69597.2
1755392400000,2025-08-17 03:00:00,0.8338,0.8346,0.8294,0.831,99051.4
1755396000000,2025-08-17 04:00:00,0.831,0.8361,0.8282,0.8361,64008.3
1755399600000,2025-08-17 05:00:00,0.8361,0.8408,0.8331,0.8378,58708.7
1755403200000,2025-08-17 06:00:00,0.8378,0.8489,0.8376,0.8487,151927.4
1755406800000,2025-08-17 07:00:00,0.8487,0.8503,0.8408,0.8418,103028.2
1755410400000,2025-08-17 08:00:00,0.8418,0.8456,0.8367,0.8368,144512.8
1755414000000,2025-08-17 09:00:00,0.8368,0.8429,0.8351,0.8408,204234.9
1755417600000,2025-08-17 10:00:00,0.8408,0.8537,0.8398,0.8533,156771.0
1755421200000,2025-08-17 11:00:00,0.8533,0.8543,0.8448,0.8486,275368.0
1755424800000,2025-08-17 12:00:00,0.8486,0.849,0.8422,0.8469,204545.8
1755428400000,2025-08-17 13:00:00,0.8469,0.8476,0.8435,0.8468,99716.9
1755432000000,2025-08-17 14:00:00,0.8468,0.8479,0.8408,0.8415,59121.9
1755435600000,2025-08-17 15:00:00,0.8415,0.8467,0.838,0.844,292265.5
1755439200000,2025-08-17 16:00:00,0.844,0.8528,0.8415,0.8514,186162.0
1755442800000,2025-08-17 17:00:00,0.8514,0.8627,0.8495,0.8627,240513.7
1755446400000,2025-08-17 18:00:00,0.8627,0.8631,0.8421,0.8448,442299.7
1755450000000,2025-08-17 19:00:00,0.8448,0.8455,0.8387,0.8388,215585.9
1755453600000,2025-08-17 20:00:00,0.8388,0.8414,0.8229,0.8341,460159.1
1755457200000,2025-08-17 21:00:00,0.8341,0.8363,0.8273,0.8284,175211.7
1755460800000,2025-08-17 22:00:00,0.8284,0.835,0.8276,0.8301,83447.6
1755464400000,2025-08-17 23:00:00,0.8301,0.8328,0.8287,0.8307,68650.4
1755468000000,2025-08-18 00:00:00,0.8307,0.844,0.8303,0.8423,188748.8
1755471600000,2025-08-18 01:00:00,0.8423,0.8426,0.829,0.8295,203548.3
1755475200000,2025-08-18 02:00:00,0.8295,0.8337,0.8212,0.8281,381253.4
1755478800000,2025-08-18 03:00:00,0.8281,0.8298,0.8091,0.8116,530628.0
1755482400000,2025-08-18 04:00:00,0.8116,0.8131,0.7939,0.7961,843182.0
1755486000000,2025-08-18 05:00:00,0.7961,0.8,0.7873,0.7971,682042.3
1755489600000,2025-08-18 06:00:00,0.7971,0.8035,0.7915,0.8013,271127.8
1755493200000,2025-08-18 07:00:00,0.8013,0.8041,0.7866,0.7981,343011.4
1755496800000,2025-08-18 08:00:00,0.7981,0.7985,0.776,0.7819,560931.3
1755500400000,2025-08-18 09:00:00,0.7819,0.7936,0.7804,0.7874,706119.9
1755504000000,2025-08-18 10:00:00,0.7874,0.7916,0.783,0.7835,205774.8
1755507600000,2025-08-18 11:00:00,0.7835,0.7953,0.7793,0.791,526533.9
1755511200000,2025-08-18 12:00:00,0.791,0.795,0.7863,0.7911,532118.7
1755514800000,2025-08-18 13:00:00,0.7911,0.7927,0.786,0.7893,295890.7
1755518400000,2025-08-18 14:00:00,0.7893,0.8011,0.7872,0.8011,438321.4
1755522000000,2025-08-18 15:00:00,0.8011,0.8022,0.785,0.7851,603774.9
1755525600000,2025-08-18 16:00:00,0.7851,0.7942,0.7832,0.7942,313630.3
1755529200000,2025-08-18 17:00:00,0.7942,0.7952,0.7859,0.7943,174814.4
1755532800000,2025-08-18 18:00:00,0.7943,0.7965,0.7825,0.7857,272152.7
1755536400000,2025-08-18 19:00:00,0.7857,0.8015,0.7842,0.7904,266976.5
1755540000000,2025-08-18 20:00:00,0.7904,0.7956,0.7864,0.7951,97284.9
1755543600000,2025-08-18 21:00:00,0.7951,0.7992,0.7915,0.7944,142644.3
1755547200000,2025-08-18 22:00:00,0.7944,0.7969,0.787,0.7914,240099.0
1755550800000,2025-08-18 23:00:00,0.7914,0.7998,0.7902,0.798,117540.5
1755554400000,2025-08-19 00:00:00,0.798,0.8057,0.7955,0.7955,195310.3
1755558000000,2025-08-19 01:00:00,0.7955,0.7972,0.7853,0.7879,113066.7
1755561600000,2025-08-19 02:00:00,0.7879,0.7977,0.7781,0.7977,300447.3
1755565200000,2025-08-19 03:00:00,0.7977,0.8019,0.7851,0.7873,152169.4
1755568800000,2025-08-19 04:00:00,0.7873,0.7894,0.7816,0.7822,85931.2
1755572400000,2025-08-19 05:00:00,0.7822,0.7836,0.7627,0.7671,804771.5
1755576000000,2025-08-19 06:00:00,0.7671,0.775,0.7605,0.7747,301985.1
1755579600000,2025-08-19 07:00:00,0.7747,0.7766,0.7682,0.7682,132583.5
1755583200000,2025-08-19 08:00:00,0.7682,0.7687,0.7632,0.7656,88688.5
1755586800000,2025-08-19 09:00:00,0.7656,0.771,0.7615,0.771,127857.4
1755590400000,2025-08-19 10:00:00,0.771,0.7778,0.765,0.7735,207984.2
1755594000000,2025-08-19 11:00:00,0.7735,0.7818,0.7732,0.7782,163468.5
1755597600000,2025-08-19 12:00:00,0.7782,0.7859,0.7768,0.7823,140468.8
1755601200000,2025-08-19 13:00:00,0.7823,0.7878,0.7809,0.7862,76050.6
1755604800000,2025-08-19 14:00:00,0.7862,0.7862,0.7772,0.7805,90014.3
1755608400000,2025-08-19 15:00:00,0.7805,0.7859,0.7689,0.7762,490260.4
1755612000000,2025-08-19 16:00:00,0.7762,0.7789,0.7565,0.7627,616812.2
1755615600000,2025-08-19 17:00:00,0.7627,0.7725,0.7589,0.764,534986.4
1755619200000,2025-08-19 18:00:00,0.764,0.7647,0.7521,0.7542,307950.6
1755622800000,2025-08-19 19:00:00,0.7542,0.7625,0.7479,0.7612,316426.8
1755626400000,2025-08-19 20:00:00,0.7612,0.7616,0.749,0.7522,128811.4
1755630000000,2025-08-19 21:00:00,0.7522,0.761,0.7473,0.754,229773.7
1755633600000,2025-08-19 22:00:00,0.754,0.7615,0.7497,0.7614,137263.4
1755637200000,2025-08-19 23:00:00,0.7614,0.7614,0.7565,0.7596,52203.6
1755640800000,2025-08-20 00:00:00,0.7596,0.7615,0.7552,0.7573,84856.4
1755644400000,2025-08-20 01:00:00,0.7573,0.7576,0.7453,0.7463,395090.1
1755648000000,2025-08-20 02:00:00,0.7463,0.7554,0.7458,0.7529,163673.4
1755651600000,2025-08-20 03:00:00,0.7529,0.7559,0.7411,0.7543,374260.7
1755655200000,2025-08-20 04:00:00,0.7543,0.7595,0.7525,0.7542,238726.5
1755658800000,2025-08-20 05:00:00,0.7542,0.7621,0.7524,0.756,131679.2
1755662400000,2025-08-20 06:00:00,0.756,0.766,0.756,0.763,140780.9
1755666000000,2025-08-20 07:00:00,0.763,0.767,0.7595,0.7669,71821.5
1755669600000,2025-08-20 08:00:00,0.7669,0.7677,0.7614,0.7634,90297.8
1755673200000,2025-08-20 09:00:00,0.7634,0.7678,0.763,0.7632,102129.7
1755676800000,2025-08-20 10:00:00,0.7632,0.7746,0.7626,0.7731,189334.6
1755680400000,2025-08-20 11:00:00,0.7731,0.7731,0.7668,0.7683,116578.3
1755684000000,2025-08-20 12:00:00,0.7683,0.7714,0.7667,0.7698,115433.9
1755687600000,2025-08-20 13:00:00,0.7698,0.7705,0.7564,0.7665,226361.7
1755691200000,2025-08-20 14:00:00,0.7665,0.7739,0.7623,0.7646,185233.3
1755694800000,2025-08-20 15:00:00,0.7646,0.7666,0.7495,0.7526,312555.7
1755698400000,2025-08-20 16:00:00,0.7526,0.7731,0.746,0.767,381201.1
1755702000000,2025-08-20 17:00:00,0.767,0.7816,0.7662,0.7723,294931.7
1755705600000,2025-08-20 18:00:00,0.7723,0.7852,0.7723,0.7785,190686.4
1755709200000,2025-08-20 19:00:00,0.7785,0.7885,0.7781,0.7846,194356.3
1755712800000,2025-08-20 20:00:00,0.7846,0.7853,0.7711,0.7789,164146.4
1755716400000,2025-08-20 21:00:00,0.7789,0.7916,0.7782,0.7911,90918.7
1755720000000,2025-08-20 22:00:00,0.7911,0.7952,0.7884,0.7931,153336.5
1755723600000,2025-08-20 23:00:00,0.7931,0.7961,0.7883,0.7928,109585.5
1755727200000,2025-08-21 00:00:00,0.7928,0.7959,0.7914,0.7947,59084.2
1755730800000,2025-08-21 01:00:00,0.7947,0.7947,0.7896,0.7918,57682.7
1755734400000,2025-08-21 02:00:00,0.7918,0.793,0.7864,0.7921,98076.7
1755738000000,2025-08-21 03:00:00,0.7921,0.7988,0.7879,0.7986,75905.0
1755741600000,2025-08-21 04:00:00,0.7986,0.7998,0.7839,0.7877,118415.9
1755745200000,2025-08-21 05:00:00,0.7877,0.7988,0.7876,0.7879,224316.9
1755748800000,2025-08-21 06:00:00,0.7879,0.7913,0.7856,0.7892,110803.8
1755752400000,2025-08-21 07:00:00,0.7892,0.792,0.7856,0.792,95402.9
1755756000000,2025-08-21 08:00:00,0.792,0.7921,0.785,0.7862,66847.0
1755759600000,2025-08-21 09:00:00,0.7862,0.7881,0.7791,0.7867,66801.1
1755763200000,2025-08-21 10:00:00,0.7867,0.7872,0.778,0.7781,197000.4
1755766800000,2025-08-21 11:00:00,0.7781,0.7802,0.7738,0.7746,124007.6
1755770400000,2025-08-21 12:00:00,0.7746,0.7778,0.7723,0.775,147180.1
1755774000000,2025-08-21 13:00:00,0.775,0.7797,0.7709,0.7743,97345.1
1755777600000,2025-08-21 14:00:00,0.7743,0.7759,0.7648,0.7685,187090.3
1755781200000,2025-08-21 15:00:00,0.7685,0.7804,0.7672,0.7718,230124.0
1755784800000,2025-08-21 16:00:00,0.7718,0.7836,0.7642,0.7686,274816.6
1755788400000,2025-08-21 17:00:00,0.7686,0.7709,0.7614,0.7639,268432.6
1755792000000,2025-08-21 18:00:00,0.7639,0.7715,0.759,0.7604,146472.1
1755795600000,2025-08-21 19:00:00,0.7604,0.7647,0.7581,0.762,124334.9
1755799200000,2025-08-21 20:00:00,0.762,0.7711,0.7596,0.7695,187580.6
1755802800000,2025-08-21 21:00:00,0.7695,0.771,0.7557,0.7568,161309.8
1755806400000,2025-08-21 22:00:00,0.7568,0.7679,0.7552,0.7645,176088.0
1755810000000,2025-08-21 23:00:00,0.7645,0.7699,0.7594,0.7679,88404.2
1755813600000,2025-08-22 00:00:00,0.7679,0.771,0.7644,0.7661,45590.1
1755817200000,2025-08-22 01:00:00,0.7661,0.7662,0.7579,0.761,68427.4
1755820800000,2025-08-22 02:00:00,0.761,0.7667,0.7602,0.7618,114950.3
1755824400000,2025-08-22 03:00:00,0.7618,0.767,0.756,0.7664,92077.1
1755828000000,2025-08-22 04:00:00,0.7664,0.7776,0.7654,0.7706,166433.8
1755831600000,2025-08-22 05:00:00,0.7706,0.7746,0.7613,0.7635,126766.6
1755835200000,2025-08-22 06:00:00,0.7635,0.7723,0.7626,0.765,132019.7
1755838800000,2025-08-22 07:00:00,0.765,0.7707,0.7624,0.7684,66962.4
1755842400000,2025-08-22 08:00:00,0.7684,0.7723,0.763,0.7648,138992.8
1755846000000,2025-08-22 09:00:00,0.7648,0.7735,0.7636,0.7708,89224.3
1755849600000,2025-08-22 10:00:00,0.7708,0.7769,0.7677,0.7677,166788.2
1755853200000,2025-08-22 11:00:00,0.7677,0.7711,0.7648,0.7684,121806.4
1755856800000,2025-08-22 12:00:00,0.7684,0.7684,0.7589,0.7611,135267.6
1755860400000,2025-08-22 13:00:00,0.7611,0.7613,0.7524,0.7527,129403.3
1755864000000,2025-08-22 14:00:00,0.7527,0.7534,0.7322,0.7435,737040.4
1755867600000,2025-08-22 15:00:00,0.7435,0.762,0.7408,0.7537,562556.5
1755871200000,2025-08-22 16:00:00,0.7537,0.81,0.7537,0.8061,4350852.4
1755874800000,2025-08-22 17:00:00,0.8061,0.8224,0.8061,0.8165,684248.1
1755878400000,2025-08-22 18:00:00,0.8165,0.8535,0.8165,0.845,1057537.5
1755882000000,2025-08-22 19:00:00,0.845,0.8914,0.845,0.8906,1352618.4
1755885600000,2025-08-22 20:00:00,0.8906,0.8988,0.8689,0.8911,1433183.3
1755889200000,2025-08-22 21:00:00,0.8911,0.9045,0.8874,0.8875,801421.9
1755892800000,2025-08-22 22:00:00,0.8875,0.8912,0.8816,0.8865,372713.0
1755896400000,2025-08-22 23:00:00,0.8865,0.8931,0.8839,0.885,321126.5
1755900000000,2025-08-23 00:00:00,0.885,0.8873,0.8751,0.879,282696.4
1755903600000,2025-08-23 01:00:00,0.879,0.8859,0.8784,0.8822,151697.2
1755907200000,2025-08-23 02:00:00,0.8822,0.8865,0.8741,0.8754,282620.8
1755910800000,2025-08-23 03:00:00,0.8754,0.8759,0.8593,0.8698,381539.1
1755914400000,2025-08-23 04:00:00,0.8698,0.8751,0.8479,0.859,470374.9
1755918000000,2025-08-23 05:00:00,0.859,0.8637,0.8551,0.8581,171568.8
1755921600000,2025-08-23 06:00:00,0.8581,0.8657,0.8553,0.8655,132209.7
1755925200000,2025-08-23 07:00:00,0.8655,0.8713,0.8616,0.8711,197927.5
1755928800000,2025-08-23 08:00:00,0.8711,0.872,0.8622,0.8646,123059.4
1755932400000,2025-08-23 09:00:00,0.8646,0.8665,0.8533,0.8554,144054.1
1755936000000,2025-08-23 10:00:00,0.8554,0.8625,0.8554,0.86,158362.9
1755939600000,2025-08-23 11:00:00,0.86,0.8634,0.8553,0.862,106728.4
1755943200000,2025-08-23 12:00:00,0.862,0.8628,0.8559,0.856,78912.7
1755946800000,2025-08-23 13:00:00,0.856,0.8587,0.8493,0.8517,122892.6
1755950400000,2025-08-23 14:00:00,0.8517,0.8674,0.8484,0.8636,395297.3
1755954000000,2025-08-23 15:00:00,0.8636,0.8693,0.8602,0.8642,234688.8
1755957600000,2025-08-23 16:00:00,0.8642,0.8692,0.8586,0.8596,598598.8
1755961200000,2025-08-23 17:00:00,0.8596,0.8658,0.8584,0.8631,169434.2
1755964800000,2025-08-23 18:00:00,0.8631,0.8639,0.8571,0.8596,69206.9
1755968400000,2025-08-23 19:00:00,0.8596,0.8624,0.8584,0.8594,99506.4
1755972000000,2025-08-23 20:00:00,0.8594,0.861,0.8576,0.8604,45356.9
1755975600000,2025-08-23 21:00:00,0.8604,0.8745,0.8595,0.8742,311797.7
1755979200000,2025-08-23 22:00:00,0.8742,0.8742,0.8638,0.8654,110022.4
1755982800000,2025-08-23 23:00:00,0.8654,0.8663,0.8618,0.863,77129.3
1755986400000,2025-08-24 00:00:00,0.863,0.8678,0.8626,0.8673,71837.3
1755990000000,2025-08-24 01:00:00,0.8673,0.8698,0.8624,0.8625,104748.5
1755993600000,2025-08-24 02:00:00,0.8625,0.8689,0.8609,0.8641,143104.4
1755997200000,2025-08-24 03:00:00,0.8641,0.8659,0.8572,0.8601,202560.3
1756000800000,2025-08-24 04:00:00,0.8601,0.863,0.8572,0.8581,106936.3
1756004400000,2025-08-24 05:00:00,0.8581,0.8581,0.8507,0.8556,220054.2
1756008000000,2025-08-24 06:00:00,0.8556,0.8581,0.8515,0.8545,79565.3
1756011600000,2025-08-24 07:00:00,0.8545,0.8551,0.8501,0.8514,68063.9
1756015200000,2025-08-24 08:00:00,0.8514,0.8515,0.8343,0.8347,378631.6
1756018800000,2025-08-24 09:00:00,0.8347,0.8428,0.834,0.8355,122321.9
1756022400000,2025-08-24 10:00:00,0.8355,0.8412,0.833,0.8387,149016.4
1756026000000,2025-08-24 11:00:00,0.8387,0.8417,0.8367,0.8388,73837.1
1756029600000,2025-08-24 12:00:00,0.8388,0.8388,0.8234,0.8242,372122.0
1756033200000,2025-08-24 13:00:00,0.8242,0.8281,0.8212,0.8252,317499.4
1756036800000,2025-08-24 14:00:00,0.8252,0.8304,0.8243,0.8301,118534.6
1756040400000,2025-08-24 15:00:00,0.8301,0.837,0.8296,0.8297,307634.4
1756044000000,2025-08-24 16:00:00,0.8297,0.8345,0.8257,0.8338,137468.5
1756047600000,2025-08-24 17:00:00,0.8338,0.8448,0.8317,0.8347,530184.3
1756051200000,2025-08-24 18:00:00,0.8347,0.8407,0.8302,0.8365,314988.9
1756054800000,2025-08-24 19:00:00,0.8365,0.8567,0.8356,0.85,480719.9
1756058400000,2025-08-24 20:00:00,0.85,0.8764,0.8484,0.8732,736701.5
1756062000000,2025-08-24 21:00:00,0.8732,0.8805,0.8313,0.8483,3166298.5
1756065600000,2025-08-24 22:00:00,0.8483,0.8491,0.8284,0.8422,848579.9
1756069200000,2025-08-24 23:00:00,0.8422,0.85,0.8367,0.84,232741.5
1756072800000,2025-08-25 00:00:00,0.84,0.8422,0.8257,0.8384,165259.1
1756076400000,2025-08-25 01:00:00,0.8384,0.8455,0.8372,0.84,93142.6
1756080000000,2025-08-25 02:00:00,0.84,0.8451,0.8184,0.8243,299832.0
1756083600000,2025-08-25 03:00:00,0.8243,0.8371,0.823,0.83,138644.8
1756087200000,2025-08-25 04:00:00,0.83,0.8466,0.8294,0.8451,193742.4
1756090800000,2025-08-25 05:00:00,0.8451,0.8497,0.8356,0.8372,84665.2
1756094400000,2025-08-25 06:00:00,0.8372,0.8397,0.8271,0.8271,133737.6
1756098000000,2025-08-25 07:00:00,0.8271,0.8301,0.8184,0.8184,194042.0
1756101600000,2025-08-25 08:00:00,0.8184,0.8191,0.8018,0.8022,568506.2
1756105200000,2025-08-25 09:00:00,0.8022,0.8051,0.7873,0.7906,591948.5
1756108800000,2025-08-25 10:00:00,0.7906,0.7966,0.7827,0.7899,332569.1
1756112400000,2025-08-25 11:00:00,0.7899,0.7906,0.7833,0.7864,145342.9
1756116000000,2025-08-25 12:00:00,0.7864,0.7864,0.7727,0.7763,449685.9
1756119600000,2025-08-25 13:00:00,0.7763,0.7887,0.7763,0.7873,213630.5
1756123200000,2025-08-25 14:00:00,0.7873,0.7903,0.7838,0.7888,186846.2
1756126800000,2025-08-25 15:00:00,0.7888,0.7894,0.7793,0.7837,383694.6
1756130400000,2025-08-25 16:00:00,0.7837,0.7913,0.782,0.788,346493.4
1756134000000,2025-08-25 17:00:00,0.788,0.7897,0.7785,0.7803,128265.6
1756137600000,2025-08-25 18:00:00,0.7803,0.7855,0.7754,0.7788,159084.9
1756141200000,2025-08-25 19:00:00,0.7788,0.7788,0.7696,0.7722,208468.6
1756144800000,2025-08-25 20:00:00,0.7722,0.7749,0.768,0.77,181111.6
1756148400000,2025-08-25 21:00:00,0.77,0.7726,0.7523,0.7534,1157391.3
1756152000000,2025-08-25 22:00:00,0.7534,0.7556,0.7335,0.7336,1583021.8
1756155600000,2025-08-25 23:00:00,0.7336,0.7374,0.725,0.7291,923140.2
1756159200000,2025-08-26 00:00:00,0.7291,0.7472,0.7284,0.7396,549801.2
1756162800000,2025-08-26 01:00:00,0.7396,0.7398,0.7333,0.7382,180386.4
1756166400000,2025-08-26 02:00:00,0.7382,0.7426,0.7323,0.7372,545917.4
1756170000000,2025-08-26 03:00:00,0.7372,0.7501,0.7346,0.7487,317099.4
1756173600000,2025-08-26 04:00:00,0.7487,0.7542,0.7423,0.7453,236803.1
1756177200000,2025-08-26 05:00:00,0.7453,0.7477,0.7409,0.7434,92452.2
1756180800000,2025-08-26 06:00:00,0.7434,0.7536,0.7434,0.7512,128390.7
1756184400000,2025-08-26 07:00:00,0.7512,0.7551,0.7467,0.7492,105555.6
1756188000000,2025-08-26 08:00:00,0.7492,0.7561,0.7476,0.7481,272622.9
1756191600000,2025-08-26 09:00:00,0.7481,0.756,0.7436,0.7487,286847.5
1756195200000,2025-08-26 10:00:00,0.7487,0.751,0.7448,0.7473,113044.0
1756198800000,2025-08-26 11:00:00,0.7473,0.7514,0.7456,0.7476,120400.7
1756202400000,2025-08-26 12:00:00,0.7476,0.7548,0.7471,0.7514,121531.4
1756206000000,2025-08-26 13:00:00,0.7514,0.7536,0.7448,0.749,117177.4
1756209600000,2025-08-26 14:00:00,0.749,0.7695,0.7438,0.7611,599647.8
1756213200000,2025-08-26 15:00:00,0.7611,0.7643,0.7488,0.7584,677852.5
1756216800000,2025-08-26 16:00:00,0.7584,0.7667,0.7519,0.7635,348401.9
1756220400000,2025-08-26 17:00:00,0.7635,0.7682,0.7563,0.759,315917.1
1756224000000,2025-08-26 18:00:00,0.759,0.7736,0.7585,0.7734,163717.4
1756227600000,2025-08-26 19:00:00,0.7734,0.7735,0.759,0.7637,189613.1
1756231200000,2025-08-26 20:00:00,0.7637,0.7755,0.7635,0.7737,245341.0
1756234800000,2025-08-26 21:00:00,0.7737,0.791,0.7705,0.7885,271910.5
1756238400000,2025-08-26 22:00:00,0.7885,0.7979,0.7862,0.7893,306080.3
1756242000000,2025-08-26 23:00:00,0.7893,0.7918,0.7836,0.7911,234925.8
1756245600000,2025-08-27 00:00:00,0.7911,0.793,0.7873,0.7904,205915.5
1756249200000,2025-08-27 01:00:00,0.7904,0.7947,0.7838,0.7846,275950.1
1756252800000,2025-08-27 02:00:00,0.7846,0.7852,0.7775,0.7788,150487.5
1756256400000,2025-08-27 03:00:00,0.7788,0.7814,0.775,0.7814,142204.8
1756260000000,2025-08-27 04:00:00,0.7814,0.7839,0.7736,0.7813,98680.1
1756263600000,2025-08-27 05:00:00,0.7813,0.7937,0.7777,0.7875,195284.6
1756267200000,2025-08-27 06:00:00,0.7875,0.797,0.7858,0.796,293072.1
1756270800000,2025-08-27 07:00:00,0.796,0.798,0.786,0.7874,182168.1
1756274400000,2025-08-27 08:00:00,0.7874,0.7896,0.7832,0.7848,174802.5
1756278000000,2025-08-27 09:00:00,0.7848,0.7857,0.7802,0.7837,170908.0
1756281600000,2025-08-27 10:00:00,0.7837,0.7854,0.778,0.7837,187353.9
1756285200000,2025-08-27 11:00:00,0.7837,0.7882,0.7819,0.7819,169227.6
1756288800000,2025-08-27 12:00:00,0.7819,0.7851,0.7789,0.7813,128240.7
1756292400000,2025-08-27 13:00:00,0.7813,0.7852,0.7813,0.7846,54281.2
1756296000000,2025-08-27 14:00:00,0.7846,0.7864,0.7759,0.782,109609.7
1756299600000,2025-08-27 15:00:00,0.782,0.7898,0.7745,0.7814,422360.2
1756303200000,2025-08-27 16:00:00,0.7814,0.7969,0.779,0.7902,366336.9
1756306800000,2025-08-27 17:00:00,0.7902,0.7965,0.7888,0.7939,256325.6
1756310400000,2025-08-27 18:00:00,0.7939,0.7942,0.7819,0.7905,185801.8
1756314000000,2025-08-27 19:00:00,0.7905,0.8061,0.7884,0.8001,419789.1
1756317600000,2025-08-27 20:00:00,0.8001,0.8016,0.7913,0.7913,165683.5
1756321200000,2025-08-27 21:00:00,0.7913,0.7925,0.7813,0.7863,257460.9
1756324800000,2025-08-27 22:00:00,0.7863,0.7968,0.7764,0.793,1630721.4
1756328400000,2025-08-27 23:00:00,0.793,0.7954,0.782,0.7831,139963.7
1756332000000,2025-08-28 00:00:00,0.7831,0.7856,0.7746,0.7832,89959.3
1756335600000,2025-08-28 01:00:00,0.7832,0.7846,0.7781,0.7803,104298.4
1756339200000,2025-08-28 02:00:00,0.7803,0.7853,0.7733,0.7811,154511.6
1756342800000,2025-08-28 03:00:00,0.7811,0.7888,0.7801,0.7836,134776.8
1756346400000,2025-08-28 04:00:00,0.7836,0.7876,0.7785,0.7827,78616.2
1756350000000,2025-08-28 05:00:00,0.7827,0.7905,0.7812,0.7898,96608.1
1756353600000,2025-08-28 06:00:00,0.7898,0.794,0.7864,0.7931,153274.6
1756357200000,2025-08-28 07:00:00,0.7931,0.7963,0.7874,0.7904,107061.1
1756360800000,2025-08-28 08:00:00,0.7904,0.791,0.7861,0.7904,75253.5
1756364400000,2025-08-28 09:00:00,0.7904,0.7944,0.787,0.7939,92395.3
1756368000000,2025-08-28 10:00:00,0.7939,0.8021,0.7882,0.7904,228642.7
1756371600000,2025-08-28 11:00:00,0.7904,0.7905,0.7826,0.7843,82248.7
1756375200000,2025-08-28 12:00:00,0.7843,0.7913,0.7821,0.7913,108921.7
1756378800000,2025-08-28 13:00:00,0.7913,0.7923,0.7867,0.7911,69255.9
1756382400000,2025-08-28 14:00:00,0.7911,0.7971,0.7894,0.7923,142405.6
1756386000000,2025-08-28 15:00:00,0.7923,0.7952,0.789,0.7951,244972.8
1756389600000,2025-08-28 16:00:00,0.7951,0.8009,0.7874,0.7955,321192.9
1756393200000,2025-08-28 17:00:00,0.7955,0.799,0.7846,0.7869,190069.5
1756396800000,2025-08-28 18:00:00,0.7869,0.7935,0.774,0.7743,269298.8
1756400400000,2025-08-28 19:00:00,0.7743,0.7862,0.7697,0.7849,317435.6
1756404000000,2025-08-28 20:00:00,0.7849,0.7917,0.782,0.7888,107980.0
1756407600000,2025-08-28 21:00:00,0.7888,0.7917,0.7761,0.7761,139294.8
1756411200000,2025-08-28 22:00:00,0.7761,0.7862,0.7743,0.7838,150318.8
1756414800000,2025-08-28 23:00:00,0.7838,0.7926,0.7837,0.7926,70452.4
1756418400000,2025-08-29 00:00:00,0.7926,0.8062,0.7925,0.8062,175962.8
1756422000000,2025-08-29 01:00:00,0.8062,0.8101,0.8026,0.8095,257166.7
1756425600000,2025-08-29 02:00:00,0.8095,0.8123,0.8036,0.8057,123746.1
1756429200000,2025-08-29 03:00:00,0.8057,0.8075,0.7933,0.794,248672.3
1756432800000,2025-08-29 04:00:00,0.794,0.8049,0.7931,0.7987,126984.4
1756436400000,2025-08-29 05:00:00,0.7987,0.8068,0.795,0.8035,159838.3
1756440000000,2025-08-29 06:00:00,0.8035,0.8058,0.7954,0.7966,96627.3
1756443600000,2025-08-29 07:00:00,0.7966,0.8012,0.7935,0.7969,110794.1
1756447200000,2025-08-29 08:00:00,0.7969,0.7992,0.7834,0.7912,266835.8
1756450800000,2025-08-29 09:00:00,0.7912,0.7912,0.7686,0.7706,505640.6
1756454400000,2025-08-29 10:00:00,0.7706,0.7742,0.7558,0.7572,381437.1
1756458000000,2025-08-29 11:00:00,0.7572,0.7604,0.7491,0.7581,280046.6
1756461600000,2025-08-29 12:00:00,0.7581,0.7623,0.7572,0.7609,218050.1
1756465200000,2025-08-29 13:00:00,0.7609,0.7649,0.7578,0.7585,131458.6
1756468800000,2025-08-29 14:00:00,0.7585,0.7846,0.7583,0.7707,1058906.1
1756472400000,2025-08-29 15:00:00,0.7707,0.7716,0.7523,0.7575,980079.2
1756476000000,2025-08-29 16:00:00,0.7575,0.7638,0.7438,0.7553,1301737.8
1756479600000,2025-08-29 17:00:00,0.7553,0.7632,0.7506,0.7535,341857.0
1756483200000,2025-08-29 18:00:00,0.7535,0.7574,0.7482,0.7504,309519.1
1756486800000,2025-08-29 19:00:00,0.7504,0.7508,0.7419,0.7438,267619.3
1756490400000,2025-08-29 20:00:00,0.7438,0.7454,0.7354,0.7371,257066.2
1756494000000,2025-08-29 21:00:00,0.7371,0.7488,0.7346,0.7439,332837.0
1756497600000,2025-08-29 22:00:00,0.7439,0.7449,0.7366,0.7377,375456.2
1756501200000,2025-08-29 23:00:00,0.7377,0.752,0.7342,0.7517,143750.5
1756504800000,2025-08-30 00:00:00,0.7517,0.7519,0.7443,0.7492,234380.8
1756508400000,2025-08-30 01:00:00,0.7492,0.752,0.7475,0.7497,50698.8
1756512000000,2025-08-30 02:00:00,0.7497,0.7498,0.7434,0.7468,106844.4
1756515600000,2025-08-30 03:00:00,0.7468,0.7499,0.7343,0.7358,268264.6
1756519200000,2025-08-30 04:00:00,0.7358,0.7522,0.7349,0.7506,210795.2
1756522800000,2025-08-30 05:00:00,0.7506,0.7667,0.7504,0.7582,352648.1
1756526400000,2025-08-30 06:00:00,0.7582,0.7591,0.7556,0.7576,100146.4
1756530000000,2025-08-30 07:00:00,0.7576,0.7642,0.757,0.7603,152011.1
1756533600000,2025-08-30 08:00:00,0.7603,0.7663,0.7595,0.7641,252700.5
1756537200000,2025-08-30 09:00:00,0.7641,0.7717,0.7637,0.7717,146731.0
1756540800000,2025-08-30 10:00:00,0.7717,0.7722,0.763,0.7631,227524.0
1756544400000,2025-08-30 11:00:00,0.7631,0.7634,0.7584,0.7584,187708.0
1756548000000,2025-08-30 12:00:00,0.7584,0.7636,0.7582,0.7623,119755.2
1756551600000,2025-08-30 13:00:00,0.7623,0.763,0.7576,0.7626,80454.3
1756555200000,2025-08-30 14:00:00,0.7626,0.7629,0.7534,0.7566,172057.9
1756558800000,2025-08-30 15:00:00,0.7566,0.759,0.7504,0.7588,350796.6
1756562400000,2025-08-30 16:00:00,0.7588,0.7619,0.7559,0.7618,75515.8
1756566000000,2025-08-30 17:00:00,0.7618,0.7696,0.7608,0.767,208703.0
1756569600000,2025-08-30 18:00:00,0.767,0.7671,0.7571,0.7574,119944.9
1756573200000,2025-08-30 19:00:00,0.7574,0.76,0.7552,0.7574,79516.9
1756576800000,2025-08-30 20:00:00,0.7574,0.7593,0.7544,0.7579,55359.4
1756580400000,2025-08-30 21:00:00,0.7579,0.761,0.7564,0.761,30961.0
1756584000000,2025-08-30 22:00:00,0.761,0.7611,0.7555,0.759,32378.5
1756587600000,2025-08-30 23:00:00,0.759,0.7611,0.7575,0.761,39193.0
1756591200000,2025-08-31 00:00:00,0.761,0.7648,0.7577,0.764,170241.6
1756594800000,2025-08-31 01:00:00,0.764,0.7666,0.7623,0.7635,225440.5
1756598400000,2025-08-31 02:00:00,0.7635,0.7783,0.7632,0.7778,287461.3
1756602000000,2025-08-31 03:00:00,0.7778,0.7846,0.7778,0.7793,178614.6
1756605600000,2025-08-31 04:00:00,0.7793,0.7845,0.7782,0.7845,90447.9
1756609200000,2025-08-31 05:00:00,0.7845,0.7911,0.7829,0.791,314958.4
1756612800000,2025-08-31 06:00:00,0.791,0.792,0.7808,0.7824,347548.9
1756616400000,2025-08-31 07:00:00,0.7824,0.7832,0.7779,0.7789,94160.3
1756620000000,2025-08-31 08:00:00,0.7789,0.7806,0.777,0.7784,92715.7
1756623600000,2025-08-31 09:00:00,0.7784,0.7842,0.7778,0.7801,101240.4
1756627200000,2025-08-31 10:00:00,0.7801,0.7949,0.7801,0.7949,342463.3
1756630800000,2025-08-31 11:00:00,0.7949,0.795,0.7829,0.7831,355172.4
1756634400000,2025-08-31 12:00:00,0.7831,0.7836,0.7732,0.777,601204.8
1756638000000,2025-08-31 13:00:00,0.777,0.783,0.7761,0.7826,166956.5
1756641600000,2025-08-31 14:00:00,0.7826,0.7839,0.7763,0.7826,104169.9
1756645200000,2025-08-31 15:00:00,0.7826,0.784,0.7752,0.7809,355225.6
1756648800000,2025-08-31 16:00:00,0.7809,0.7829,0.7741,0.7748,683891.2
1756652400000,2025-08-31 17:00:00,0.7748,0.7845,0.7747,0.783,353424.1
1756656000000,2025-08-31 18:00:00,0.783,0.783,0.7748,0.7748,234982.8
1756659600000,2025-08-31 19:00:00,0.7748,0.7765,0.7725,0.7744,146414.8
1756663200000,2025-08-31 20:00:00,0.7744,0.7807,0.7731,0.7802,43215.2
1756666800000,2025-08-31 21:00:00,0.7802,0.7804,0.774,0.7741,56521.1
1756670400000,2025-08-31 22:00:00,0.7741,0.7786,0.7723,0.7764,86553.0
1756674000000,2025-08-31 23:00:00,0.7764,0.7797,0.7748,0.778,74804.6
1756677600000,2025-09-01 00:00:00,0.778,0.7783,0.7676,0.7695,453964.6
1756681200000,2025-09-01 01:00:00,0.7695,0.7695,0.7578,0.758,349968.5
1756684800000,2025-09-01 02:00:00,0.758,0.7589,0.7451,0.7528,421094.5
1756688400000,2025-09-01 03:00:00,0.7528,0.7588,0.747,0.7535,199311.4
1756692000000,2025-09-01 04:00:00,0.7535,0.7535,0.7353,0.7387,288536.6
1756695600000,2025-09-01 05:00:00,0.7387,0.7422,0.7362,0.7386,218264.2
1756699200000,2025-09-01 06:00:00,0.7386,0.741,0.7294,0.7328,623289.5
1756702800000,2025-09-01 07:00:00,0.7328,0.7414,0.731,0.7398,292310.5
1756706400000,2025-09-01 08:00:00,0.7398,0.7434,0.7342,0.7425,105096.8
1756710000000,2025-09-01 09:00:00,0.7425,0.7625,0.7376,0.7624,395582.1
1756713600000,2025-09-01 10:00:00,0.7624,0.772,0.7608,0.772,451844.0
1756717200000,2025-09-01 11:00:00,0.772,0.7751,0.7634,0.7637,400831.8
1756720800000,2025-09-01 12:00:00,0.7637,0.7643,0.7488,0.7529,293316.5
1756724400000,2025-09-01 13:00:00,0.7529,0.7535,0.7445,0.7456,195042.0
1756728000000,2025-09-01 14:00:00,0.7456,0.751,0.7424,0.7453,295212.1
1756731600000,2025-09-01 15:00:00,0.7453,0.7482,0.7388,0.7409,165500.0
1756735200000,2025-09-01 16:00:00,0.7409,0.7467,0.7378,0.7417,119554.3
1756738800000,2025-09-01 17:00:00,0.7417,0.7444,0.735,0.7366,208934.3
1756742400000,2025-09-01 18:00:00,0.7366,0.739,0.7313,0.7354,228748.7
1756746000000,2025-09-01 19:00:00,0.7354,0.7382,0.7297,0.7323,165222.6
1756749600000,2025-09-01 20:00:00,0.7323,0.7391,0.7317,0.7372,107533.6
1756753200000,2025-09-01 21:00:00,0.7372,0.7413,0.7358,0.7412,113389.7
1756756800000,2025-09-01 22:00:00,0.7412,0.7418,0.7134,0.7223,1181129.0
1756760400000,2025-09-01 23:00:00,0.7223,0.7235,0.7057,0.7105,520824.4
1756764000000,2025-09-02 00:00:00,0.7105,0.7161,0.7082,0.713,173474.2
1756767600000,2025-09-02 01:00:00,0.713,0.7284,0.7127,0.7273,162780.2
1756771200000,2025-09-02 02:00:00,0.7273,0.7293,0.7224,0.7242,270785.1
1756774800000,2025-09-02 03:00:00,0.7242,0.7389,0.7238,0.7334,399934.3
1756778400000,2025-09-02 04:00:00,0.7334,0.7441,0.732,0.7441,188347.6
1756782000000,2025-09-02 05:00:00,0.7441,0.7498,0.7411,0.7492,201845.4
1756785600000,2025-09-02 06:00:00,0.7492,0.7536,0.7479,0.7518,109164.0
1756789200000,2025-09-02 07:00:00,0.7518,0.7522,0.7466,0.7476,105044.2
1756792800000,2025-09-02 08:00:00,0.7476,0.7558,0.7472,0.7525,179166.4
1756796400000,2025-09-02 09:00:00,0.7525,0.753,0.7419,0.7435,221619.2
1756800000000,2025-09-02 10:00:00,0.7435,0.7512,0.7433,0.7467,570654.0
1756803600000,2025-09-02 11:00:00,0.7467,0.7528,0.7459,0.7528,188286.5
1756807200000,2025-09-02 12:00:00,0.7528,0.7551,0.7499,0.7544,101419.8
1756810800000,2025-09-02 13:00:00,0.7544,0.7547,0.7472,0.7483,88619.2
1756814400000,2025-09-02 14:00:00,0.7483,0.7497,0.7316,0.7319,336519.2
1756818000000,2025-09-02 15:00:00,0.7319,0.7631,0.7313,0.7602,576655.2
1756821600000,2025-09-02 16:00:00,0.7602,0.7647,0.7527,0.7602,382662.9
1756825200000,2025-09-02 17:00:00,0.7602,0.7607,0.74,0.7413,315925.8
1756828800000,2025-09-02 18:00:00,0.7413,0.7524,0.7411,0.7506,160829.9
1756832400000,2025-09-02 19:00:00,0.7506,0.7608,0.7506,0.7538,512899.0
1756836000000,2025-09-02 20:00:00,0.7538,0.756,0.744,0.7523,201932.7
1756839600000,2025-09-02 21:00:00,0.7523,0.7575,0.7478,0.75,180916.5
1756843200000,2025-09-02 22:00:00,0.75,0.7617,0.7485,0.7601,252095.6
1756846800000,2025-09-02 23:00:00,0.7601,0.7628,0.7577,0.7618,123231.8
1756850400000,2025-09-03 00:00:00,0.7618,0.7627,0.7572,0.7627,110003.3
1756854000000,2025-09-03 01:00:00,0.7627,0.7671,0.7596,0.7605,130556.2
1756857600000,2025-09-03 02:00:00,0.7605,0.7631,0.7571,0.7578,141795.7
1756861200000,2025-09-03 03:00:00,0.7578,0.7641,0.7539,0.7641,104542.3
1756864800000,2025-09-03 04:00:00,0.7641,0.7676,0.7608,0.7636,82379.9
1756868400000,2025-09-03 05:00:00,0.7636,0.7644,0.7571,0.7611,134180.6
1756872000000,2025-09-03 06:00:00,0.7611,0.7623,0.7552,0.7581,279318.2
1756875600000,2025-09-03 07:00:00,0.7581,0.7585,0.7514,0.752,72669.0
1756879200000,2025-09-03 08:00:00,0.752,0.7571,0.7486,0.7519,478244.3
1756882800000,2025-09-03 09:00:00,0.7519,0.7546,0.7489,0.7542,264662.5
1756886400000,2025-09-03 10:00:00,0.7542,0.7609,0.7514,0.7528,431254.1
1756890000000,2025-09-03 11:00:00,0.7528,0.7592,0.7491,0.7592,255161.4
1756893600000,2025-09-03 12:00:00,0.7592,0.7633,0.7568,0.7596,161000.3
1756897200000,2025-09-03 13:00:00,0.7596,0.7665,0.7591,0.7631,79429.1
1756900800000,2025-09-03 14:00:00,0.7631,0.7691,0.7611,0.7624,144158.2
1756904400000,2025-09-03 15:00:00,0.7624,0.7743,0.7618,0.7694,255554.4
1756908000000,2025-09-03 16:00:00,0.7694,0.784,0.7671,0.7823,596184.5
1756911600000,2025-09-03 17:00:00,0.7823,0.785,0.7765,0.7822,442970.1
1756915200000,2025-09-03 18:00:00,0.7822,0.7863,0.7757,0.7769,170824.6
1756918800000,2025-09-03 19:00:00,0.7769,0.791,0.7769,0.7869,438417.4
1756922400000,2025-09-03 20:00:00,0.7869,0.7871,0.7809,0.7828,135327.5
1756926000000,2025-09-03 21:00:00,0.7828,0.7871,0.7809,0.7866,121291.7
1756929600000,2025-09-03 22:00:00,0.7866,0.7885,0.7832,0.7872,99728.5
1756933200000,2025-09-03 23:00:00,0.7872,0.7882,0.7835,0.7869,66899.8
1756936800000,2025-09-04 00:00:00,0.7869,0.7901,0.786,0.7882,132230.1
1756940400000,2025-09-04 01:00:00,0.7882,0.7885,0.7843,0.7851,72437.5
1756944000000,2025-09-04 02:00:00,0.7851,0.7875,0.7823,0.7836,91430.6
1756947600000,2025-09-04 03:00:00,0.7836,0.7838,0.7781,0.7794,148293.7
1756951200000,2025-09-04 04:00:00,0.7794,0.7797,0.7685,0.7701,304430.8
1756954800000,2025-09-04 05:00:00,0.7701,0.7716,0.7633,0.7636,197542.9
1756958400000,2025-09-04 06:00:00,0.7636,0.7652,0.7608,0.7608,136078.7
1756962000000,2025-09-04 07:00:00,0.7608,0.7608,0.7492,0.7516,250073.8
1756965600000,2025-09-04 08:00:00,0.7516,0.7528,0.7478,0.7491,113850.5
1756969200000,2025-09-04 09:00:00,0.7491,0.7538,0.7483,0.7529,127780.1
1756972800000,2025-09-04 10:00:00,0.7529,0.7576,0.7492,0.7497,213376.4
1756976400000,2025-09-04 11:00:00,0.7497,0.755,0.7497,0.7549,79655.3
1756980000000,2025-09-04 12:00:00,0.7549,0.7625,0.753,0.7571,395970.5
1756983600000,2025-09-04 13:00:00,0.7571,0.762,0.7546,0.7557,179833.8
1756987200000,2025-09-04 14:00:00,0.7557,0.7625,0.7533,0.7605,198630.6
1756990800000,2025-09-04 15:00:00,0.7605,0.7612,0.7527,0.7552,189434.4
1756994400000,2025-09-04 16:00:00,0.7552,0.757,0.7459,0.7491,473917.2
1756998000000,2025-09-04 17:00:00,0.7491,0.7491,0.7402,0.7439,481051.1
1757001600000,2025-09-04 18:00:00,0.7439,0.7458,0.7385,0.7405,200237.6
1757005200000,2025-09-04 19:00:00,0.7405,0.7451,0.7401,0.7407,182478.0
1757008800000,2025-09-04 20:00:00,0.7407,0.743,0.7311,0.7346,251143.6
1757012400000,2025-09-04 21:00:00,0.7346,0.7394,0.7336,0.7348,120545.6
1757016000000,2025-09-04 22:00:00,0.7348,0.7444,0.7339,0.7419,137978.2
1757019600000,2025-09-04 23:00:00,0.7419,0.7469,0.7408,0.7465,89665.0
1757023200000,2025-09-05 00:00:00,0.7465,0.7555,0.7455,0.7537,303257.7
1757026800000,2025-09-05 01:00:00,0.7537,0.7558,0.7417,0.7417,110973.0
1757030400000,2025-09-05 02:00:00,0.7417,0.7491,0.7402,0.7464,138931.8
1757034000000,2025-09-05 03:00:00,0.7464,0.7526,0.7445,0.7511,78191.6
1757037600000,2025-09-05 04:00:00,0.7511,0.753,0.7475,0.7508,182634.2
1757041200000,2025-09-05 05:00:00,0.7508,0.7522,0.746,0.7508,108437.2
1757044800000,2025-09-05 06:00:00,0.7508,0.7526,0.7492,0.7516,48056.6
1757048400000,2025-09-05 07:00:00,0.7516,0.7545,0.7501,0.7542,69757.3
1757052000000,2025-09-05 08:00:00,0.7542,0.7549,0.7491,0.7509,48944.6
1757055600000,2025-09-05 09:00:00,0.7509,0.77,0.7509,0.7684,354567.2
1757059200000,2025-09-05 10:00:00,0.7684,0.7693,0.7605,0.7621,240336.9
1757062800000,2025-09-05 11:00:00,0.7621,0.7632,0.7563,0.7621,348077.4
1757066400000,2025-09-05 12:00:00,0.7621,0.7652,0.7609,0.7611,115034.4
1757070000000,2025-09-05 13:00:00,0.7611,0.7632,0.7591,0.763,95555.2
1757073600000,2025-09-05 14:00:00,0.763,0.7783,0.7619,0.7777,1203121.4
1757077200000,2025-09-05 15:00:00,0.7777,0.7814,0.7725,0.7772,494391.4
1757080800000,2025-09-05 16:00:00,0.7772,0.7776,0.7473,0.7506,1221537.7
1757084400000,2025-09-05 17:00:00,0.7506,0.7605,0.7485,0.7565,189595.7
1757088000000,2025-09-05 18:00:00,0.7565,0.7601,0.753,0.7598,81967.8
1757091600000,2025-09-05 19:00:00,0.7598,0.7598,0.755,0.7574,389881.2
1757095200000,2025-09-05 20:00:00,0.7574,0.7619,0.7525,0.7588,222666.2
1757098800000,2025-09-05 21:00:00,0.7588,0.7619,0.756,0.7584,278902.3
1757102400000,2025-09-05 22:00:00,0.7584,0.7642,0.7553,0.7642,299278.3
1757106000000,2025-09-05 23:00:00,0.7642,0.7648,0.753,0.7543,350804.0
1757109600000,2025-09-06 00:00:00,0.7543,0.7593,0.7528,0.7593,89967.0
1757113200000,2025-09-06 01:00:00,0.7593,0.7604,0.7565,0.757,50182.4
1757116800000,2025-09-06 02:00:00,0.757,0.7624,0.7549,0.7606,48446.1
1757120400000,2025-09-06 03:00:00,0.7606,0.7622,0.7576,0.7587,32038.5
1757124000000,2025-09-06 04:00:00,0.7587,0.7595,0.7538,0.7569,60680.5
1757127600000,2025-09-06 05:00:00,0.7569,0.7574,0.7538,0.7545,36009.4
1757131200000,2025-09-06 06:00:00,0.7545,0.7545,0.7471,0.75,79432.5
1757134800000,2025-09-06 07:00:00,0.75,0.75,0.7443,0.7446,163696.3
1757138400000,2025-09-06 08:00:00,0.7446,0.7478,0.7442,0.7464,57348.5
1757142000000,2025-09-06 09:00:00,0.7464,0.7489,0.7459,0.7482,47857.8
1757145600000,2025-09-06 10:00:00,0.7482,0.7497,0.7453,0.7463,82338.2
1757149200000,2025-09-06 11:00:00,0.7463,0.7463,0.741,0.7414,70847.1
1757152800000,2025-09-06 12:00:00,0.7414,0.7467,0.7404,0.7467,262460.7
1757156400000,2025-09-06 13:00:00,0.7467,0.7467,0.7406,0.7437,239242.2
1757160000000,2025-09-06 14:00:00,0.7437,0.7454,0.742,0.7426,165515.4
1757163600000,2025-09-06 15:00:00,0.7426,0.7447,0.7412,0.7443,145396.4
1757167200000,2025-09-06 16:00:00,0.7443,0.7531,0.7443,0.7495,794078.3
1757170800000,2025-09-06 17:00:00,0.7495,0.7495,0.7403,0.7409,369672.9
1757174400000,2025-09-06 18:00:00,0.7409,0.75,0.7391,0.7471,439294.7
1757178000000,2025-09-06 19:00:00,0.7471,0.7477,0.7409,0.7425,60665.7
1757181600000,2025-09-06 20:00:00,0.7425,0.7476,0.7411,0.7449,228230.1
1757185200000,2025-09-06 21:00:00,0.7449,0.7457,0.7396,0.7407,77750.1
1757188800000,2025-09-06 22:00:00,0.7407,0.7474,0.7399,0.7471,53358.3
1757192400000,2025-09-06 23:00:00,0.7471,0.7477,0.7447,0.7477,62860.9
1757196000000,2025-09-07 00:00:00,0.7477,0.7512,0.7474,0.7498,64453.3
1757199600000,2025-09-07 01:00:00,0.7498,0.7527,0.7481,0.7502,27101.6
1757203200000,2025-09-07 02:00:00,0.7502,0.7554,0.7502,0.7535,290505.1
1757206800000,2025-09-07 03:00:00,0.7535,0.7589,0.753,0.7576,224676.6
1757210400000,2025-09-07 04:00:00,0.7576,0.7592,0.7559,0.7589,60649.1
1757214000000,2025-09-07 05:00:00,0.7589,0.7601,0.7562,0.7575,71905.0
1757217600000,2025-09-07 06:00:00,0.7575,0.7588,0.7559,0.7573,62147.9
1757221200000,2025-09-07 07:00:00,0.7573,0.758,0.7532,0.7567,157626.2
1757224800000,2025-09-07 08:00:00,0.7567,0.7573,0.7507,0.7507,161935.2
1757228400000,2025-09-07 09:00:00,0.7507,0.7534,0.7484,0.7497,247924.8
1757232000000,2025-09-07 10:00:00,0.7497,0.7555,0.7497,0.7532,93657.6
1757235600000,2025-09-07 11:00:00,0.7532,0.7546,0.7481,0.7513,311267.0
1757239200000,2025-09-07 12:00:00,0.7513,0.7527,0.7494,0.7518,52323.0
1757242800000,2025-09-07 13:00:00,0.7518,0.7571,0.7513,0.7571,182704.5
1757246400000,2025-09-07 14:00:00,0.7571,0.7575,0.7542,0.7552,151137.9
1757250000000,2025-09-07 15:00:00,0.7552,0.7596,0.7549,0.7584,139288.5
1757253600000,2025-09-07 16:00:00,0.7584,0.7616,0.7536,0.7576,181890.9
1757257200000,2025-09-07 17:00:00,0.7576,0.7585,0.7543,0.7552,73361.8
1757260800000,2025-09-07 18:00:00,0.7552,0.7565,0.7516,0.7519,101224.5
1757264400000,2025-09-07 19:00:00,0.7519,0.7532,0.7482,0.7483,129745.2
1757268000000,2025-09-07 20:00:00,0.7483,0.7499,0.7448,0.7467,94771.2
1757271600000,2025-09-07 21:00:00,0.7467,0.7498,0.7448,0.7463,61425.3
1757275200000,2025-09-07 22:00:00,0.7463,0.7488,0.7426,0.7488,100610.4
1757278800000,2025-09-07 23:00:00,0.7488,0.75,0.7462,0.7492,81547.2
1757282400000,2025-09-08 00:00:00,0.7492,0.7555,0.7491,0.7553,74596.9
1757286000000,2025-09-08 01:00:00,0.7553,0.7599,0.7532,0.7536,128484.1
1757289600000,2025-09-08 02:00:00,0.7536,0.755,0.7485,0.7498,72210.3
1757293200000,2025-09-08 03:00:00,0.7498,0.7506,0.7464,0.7487,83439.0
1757296800000,2025-09-08 04:00:00,0.7487,0.7618,0.7467,0.7618,88893.7
1757300400000,2025-09-08 05:00:00,0.7618,0.7678,0.7601,0.762,254462.1
1757304000000,2025-09-08 06:00:00,0.762,0.7626,0.7542,0.7563,112039.9
1757307600000,2025-09-08 07:00:00,0.7563,0.7593,0.7546,0.758,83079.5
1757311200000,2025-09-08 08:00:00,0.758,0.7607,0.7532,0.7581,81731.6
1757314800000,2025-09-08 09:00:00,0.7581,0.7605,0.7535,0.7554,162266.0
1757318400000,2025-09-08 10:00:00,0.7554,0.766,0.7549,0.7647,222675.3
1757322000000,2025-09-08 11:00:00,0.7647,0.7731,0.7622,0.7697,498512.3
1757325600000,2025-09-08 12:00:00,0.7697,0.7789,0.769,0.7745,377486.4
1757329200000,2025-09-08 13:00:00,0.7745,0.7749,0.7672,0.7723,202644.5
1757332800000,2025-09-08 14:00:00,0.7723,0.7797,0.7713,0.7793,322575.7
1757336400000,2025-09-08 15:00:00,0.7793,0.7864,0.7741,0.7744,566146.3
1757340000000,2025-09-08 16:00:00,0.7744,0.7895,0.7737,0.7895,257005.1
1757343600000,2025-09-08 17:00:00,0.7895,0.796,0.7876,0.7934,364190.6
1757347200000,2025-09-08 18:00:00,0.7934,0.7951,0.7819,0.7824,201369.7
1757350800000,2025-09-08 19:00:00,0.7824,0.7862,0.7784,0.7788,138907.3
1757354400000,2025-09-08 20:00:00,0.7788,0.786,0.7779,0.7854,102080.2
1757358000000,2025-09-08 21:00:00,0.7854,0.7855,0.7754,0.7783,139570.4
1757361600000,2025-09-08 22:00:00,0.7783,0.7805,0.7732,0.7771,114874.7
1757365200000,2025-09-08 23:00:00,0.7771,0.7885,0.7755,0.7884,94099.1
1757368800000,2025-09-09 00:00:00,0.7884,0.7905,0.7864,0.787,46160.3
1757372400000,2025-09-09 01:00:00,0.787,0.7898,0.7844,0.7871,47718.5
1757376000000,2025-09-09 02:00:00,0.7871,0.7949,0.7822,0.7928,142820.7
1757379600000,2025-09-09 03:00:00,0.7928,0.7947,0.7828,0.7836,105958.3
1757383200000,2025-09-09 04:00:00,0.7836,0.7842,0.7729,0.7752,97309.1
1757386800000,2025-09-09 05:00:00,0.7752,0.7861,0.7736,0.786,66551.3
1757390400000,2025-09-09 06:00:00,0.786,0.7909,0.7832,0.7884,223435.1
1757394000000,2025-09-09 07:00:00,0.7884,0.7892,0.784,0.7874,239377.9
1757397600000,2025-09-09 08:00:00,0.7874,0.8064,0.7868,0.8034,501317.9
1757401200000,2025-09-09 09:00:00,0.8034,0.8222,0.8034,0.8096,1076149.5
1757404800000,2025-09-09 10:00:00,0.8096,0.8195,0.8069,0.8113,353115.8
1757408400000,2025-09-09 11:00:00,0.8113,0.8166,0.8095,0.8118,185733.4
1757412000000,2025-09-09 12:00:00,0.8118,0.8161,0.8034,0.8065,347043.8
1757415600000,2025-09-09 13:00:00,0.8065,0.8147,0.8062,0.8105,259585.6
1757419200000,2025-09-09 14:00:00,0.8105,0.8193,0.8,0.802,343750.8
1757422800000,2025-09-09 15:00:00,0.802,0.8073,0.7971,0.8053,250378.3
1757426400000,2025-09-09 16:00:00,0.8053,0.8084,0.7824,0.7889,1034419.3
1757430000000,2025-09-09 17:00:00,0.7889,0.7907,0.7763,0.7812,407100.2
1757433600000,2025-09-09 18:00:00,0.7812,0.7824,0.774,0.7799,325079.0
1757437200000,2025-09-09 19:00:00,0.7799,0.7857,0.7787,0.7803,118646.6
1757440800000,2025-09-09 20:00:00,0.7803,0.7858,0.779,0.7846,100656.3
1757444400000,2025-09-09 21:00:00,0.7846,0.7909,0.7825,0.788,87190.7
1757448000000,2025-09-09 22:00:00,0.788,0.7924,0.7838,0.7917,83807.0
1757451600000,2025-09-09 23:00:00,0.7917,0.7939,0.7832,0.7839,109820.0
1757455200000,2025-09-10 00:00:00,0.7839,0.7913,0.7825,0.7913,53795.8
1757458800000,2025-09-10 01:00:00,0.7913,0.7948,0.7891,0.7933,45941.4
1757462400000,2025-09-10 02:00:00,0.7933,0.7965,0.7875,0.7884,115824.9
1757466000000,2025-09-10 03:00:00,0.7884,0.7988,0.7854,0.7943,179211.0
1757469600000,2025-09-10 04:00:00,0.7943,0.8086,0.7943,0.8044,271240.7
1757473200000,2025-09-10 05:00:00,0.8044,0.8079,0.7992,0.8041,173651.4
1757476800000,2025-09-10 06:00:00,0.8041,0.8053,0.7993,0.803,136873.8
1757480400000,2025-09-10 07:00:00,0.803,0.8039,0.7954,0.8007,174864.7
1757484000000,2025-09-10 08:00:00,0.8007,0.805,0.7939,0.8026,220556.0
1757487600000,2025-09-10 09:00:00,0.8026,0.8082,0.7969,0.7983,170935.6
1757491200000,2025-09-10 10:00:00,0.7983,0.8014,0.7956,0.7972,214632.9
1757494800000,2025-09-10 11:00:00,0.7972,0.8001,0.7929,0.7996,83136.1
1757498400000,2025-09-10 12:00:00,0.7996,0.8018,0.7947,0.798,186442.7
1757502000000,2025-09-10 13:00:00,0.798,0.8011,0.795,0.7982,99187.2
1757505600000,2025-09-10 14:00:00,0.7982,0.8126,0.7977,0.8059,671159.9
1757509200000,2025-09-10 15:00:00,0.8059,0.8161,0.8031,0.8107,500025.7
1757512800000,2025-09-10 16:00:00,0.8107,0.8156,0.8036,0.8052,178513.8
1757516400000,2025-09-10 17:00:00,0.8052,0.8104,0.8037,0.8077,119110.6
1757520000000,2025-09-10 18:00:00,0.8077,0.8092,0.7984,0.8062,240872.6
1757523600000,2025-09-10 19:00:00,0.8062,0.8081,0.7981,0.8017,162761.3
1757527200000,2025-09-10 20:00:00,0.8017,0.8017,0.7947,0.7973,134729.5
1757530800000,2025-09-10 21:00:00,0.7973,0.7978,0.7825,0.7846,276384.2
1757534400000,2025-09-10 22:00:00,0.7846,0.7903,0.7843,0.7888,99293.6
1757538000000,2025-09-10 23:00:00,0.7888,0.7943,0.7882,0.793,52759.0
1757541600000,2025-09-11 00:00:00,0.793,0.7951,0.7918,0.794,85719.4
1757545200000,2025-09-11 01:00:00,0.794,0.7964,0.7929,0.7957,74139.3
1757548800000,2025-09-11 02:00:00,0.7957,0.7958,0.7917,0.7952,61799.5
1757552400000,2025-09-11 03:00:00,0.7952,0.7996,0.7938,0.798,51363.8
1757556000000,2025-09-11 04:00:00,0.798,0.8011,0.7958,0.7978,132321.8
1757559600000,2025-09-11 05:00:00,0.7978,0.8066,0.7962,0.8054,91248.2
1757563200000,2025-09-11 06:00:00,0.8054,0.8057,0.8021,0.805,137073.6
1757566800000,2025-09-11 07:00:00,0.805,0.8054,0.798,0.8037,221299.2
1757570400000,2025-09-11 08:00:00,0.8037,0.8109,0.8001,0.8105,195642.0
1757574000000,2025-09-11 09:00:00,0.8105,0.8147,0.8075,0.8097,253126.9
1757577600000,2025-09-11 10:00:00,0.8097,0.8098,0.806,0.808,138777.7
1757581200000,2025-09-11 11:00:00,0.808,0.808,0.8009,0.8023,116690.6
1757584800000,2025-09-11 12:00:00,0.8023,0.8031,0.8,0.8011,137625.5
1757588400000,2025-09-11 13:00:00,0.8011,0.806,0.7968,0.7972,143044.7
1757592000000,2025-09-11 14:00:00,0.7972,0.8105,0.7851,0.7972,1077080.8
1757595600000,2025-09-11 15:00:00,0.7972,0.8075,0.7854,0.8061,1088979.9
1757599200000,2025-09-11 16:00:00,0.8061,0.8069,0.7891,0.7983,676196.0
1757602800000,2025-09-11 17:00:00,0.7983,0.7991,0.7915,0.792,274443.2
1757606400000,2025-09-11 18:00:00,0.792,0.7995,0.7905,0.7951,157891.2
1757610000000,2025-09-11 19:00:00,0.7951,0.8053,0.7937,0.8053,140466.5
1757613600000,2025-09-11 20:00:00,0.8053,0.8053,0.7978,0.8,193643.0
1757617200000,2025-09-11 21:00:00,0.8,0.8074,0.7989,0.8055,141872.5
1757620800000,2025-09-11 22:00:00,0.8055,0.8093,0.804,0.805,91552.0
1757624400000,2025-09-11 23:00:00,0.805,0.8088,0.805,0.8082,101280.5
1757628000000,2025-09-12 00:00:00,0.8082,0.8276,0.8063,0.8272,1193284.7
1757631600000,2025-09-12 01:00:00,0.8272,0.8322,0.8202,0.8225,397756.7
1757635200000,2025-09-12 02:00:00,0.8225,0.8307,0.8177,0.8239,378489.8
1757638800000,2025-09-12 03:00:00,0.8239,0.8318,0.8228,0.8229,654755.9
1757642400000,2025-09-12 04:00:00,0.8229,0.8296,0.8228,0.8257,112092.2
1757646000000,2025-09-12 05:00:00,0.8257,0.8269,0.8201,0.8255,249864.3
1757649600000,2025-09-12 06:00:00,0.8255,0.8283,0.8204,0.8267,164992.8
1757653200000,2025-09-12 07:00:00,0.8267,0.8388,0.8241,0.8357,269443.1
1757656800000,2025-09-12 08:00:00,0.8357,0.8373,0.8278,0.8294,229200.3
1757660400000,2025-09-12 09:00:00,0.8294,0.8336,0.8239,0.8248,137211.7
1757664000000,2025-09-12 10:00:00,0.8248,0.825,0.8166,0.821,180156.5
1757667600000,2025-09-12 11:00:00,0.821,0.8234,0.8161,0.8179,110298.6
1757671200000,2025-09-12 12:00:00,0.8179,0.8207,0.8128,0.82,115037.6
1757674800000,2025-09-12 13:00:00,0.82,0.8235,0.8141,0.815,99878.4
1757678400000,2025-09-12 14:00:00,0.815,0.8245,0.8097,0.8233,209870.8
1757682000000,2025-09-12 15:00:00,0.8233,0.8256,0.82,0.8248,175507.4
1757685600000,2025-09-12 16:00:00,0.8248,0.8331,0.8225,0.8278,357949.5
1757689200000,2025-09-12 17:00:00,0.8278,0.828,0.8166,0.8211,126995.7
1757692800000,2025-09-12 18:00:00,0.8211,0.8372,0.8202,0.8369,337453.5
1757696400000,2025-09-12 19:00:00,0.8369,0.8521,0.8341,0.8456,573626.4
1757700000000,2025-09-12 20:00:00,0.8456,0.8483,0.8419,0.8458,347810.4
1757703600000,2025-09-12 21:00:00,0.8458,0.847,0.8419,0.8467,113859.0
1757707200000,2025-09-12 22:00:00,0.8467,0.8473,0.8378,0.8454,259967.8
1757710800000,2025-09-12 23:00:00,0.8454,0.8454,0.8383,0.8402,145074.4
1757714400000,2025-09-13 00:00:00,0.8402,0.8505,0.8402,0.8494,239858.2
1757718000000,2025-09-13 01:00:00,0.8494,0.8494,0.8447,0.8472,166091.5
1757721600000,2025-09-13 02:00:00,0.8472,0.8507,0.8414,0.849,117935.1
1757725200000,2025-09-13 03:00:00,0.849,0.8542,0.8459,0.8461,336485.0
1757728800000,2025-09-13 04:00:00,0.8461,0.8491,0.8433,0.8475,64372.5
1757732400000,2025-09-13 05:00:00,0.8475,0.8576,0.8458,0.8543,168350.4
1757736000000,2025-09-13 06:00:00,0.8543,0.8553,0.8492,0.8495,69247.5
1757739600000,2025-09-13 07:00:00,0.8495,0.85,0.8451,0.8488,140201.1
1757743200000,2025-09-13 08:00:00,0.8488,0.8544,0.848,0.8503,171915.4
1757746800000,2025-09-13 09:00:00,0.8503,0.8509,0.8447,0.8449,60999.9
1757750400000,2025-09-13 10:00:00,0.8449,0.8544,0.8449,0.8544,223406.3
1757754000000,2025-09-13 11:00:00,0.8544,0.8642,0.8536,0.8636,247439.1
1757757600000,2025-09-13 12:00:00,0.8636,0.8685,0.8595,0.8601,203136.4
1757761200000,2025-09-13 13:00:00,0.8601,0.8635,0.8544,0.8626,92771.3
1757764800000,2025-09-13 14:00:00,0.8626,0.8666,0.8592,0.866,141312.9
1757768400000,2025-09-13 15:00:00,0.866,0.871,0.8393,0.8525,985263.0
1757772000000,2025-09-13 16:00:00,0.8525,0.8585,0.8433,0.8533,544636.9
1757775600000,2025-09-13 17:00:00,0.8533,0.8608,0.8444,0.8489,383488.8
1757779200000,2025-09-13 18:00:00,0.8489,0.8558,0.8408,0.8437,440946.9
1757782800000,2025-09-13 19:00:00,0.8437,0.8459,0.8331,0.8444,867609.0
1757786400000,2025-09-13 20:00:00,0.8444,0.8475,0.8402,0.8467,163091.0
1757790000000,2025-09-13 21:00:00,0.8467,0.8469,0.8421,0.8438,110852.4
1757793600000,2025-09-13 22:00:00,0.8438,0.8515,0.8431,0.8511,196692.5
1757797200000,2025-09-13 23:00:00,0.8511,0.8569,0.8505,0.853,104013.1
1757800800000,2025-09-14 00:00:00,0.853,0.8586,0.8482,0.8508,206284.3
1757804400000,2025-09-14 01:00:00,0.8508,0.853,0.8494,0.8522,50087.4
1757808000000,2025-09-14 02:00:00,0.8522,0.8542,0.8406,0.8438,127859.7
1757811600000,2025-09-14 03:00:00,0.8438,0.8439,0.8315,0.8439,353891.7
1757815200000,2025-09-14 04:00:00,0.8439,0.8498,0.8415,0.8467,205652.0
1757818800000,2025-09-14 05:00:00,0.8467,0.8471,0.8279,0.8308,339835.8
1757822400000,2025-09-14 06:00:00,0.8308,0.8329,0.82,0.8311,374194.4
1757826000000,2025-09-14 07:00:00,0.8311,0.8391,0.8299,0.8384,86158.4
1757829600000,2025-09-14 08:00:00,0.8384,0.8401,0.8305,0.8355,89059.6
1757833200000,2025-09-14 09:00:00,0.8355,0.8376,0.8299,0.8329,78974.7
1757836800000,2025-09-14 10:00:00,0.8329,0.8384,0.83,0.8341,89502.2
1757840400000,2025-09-14 11:00:00,0.8341,0.8402,0.8314,0.838,88326.0
1757844000000,2025-09-14 12:00:00,0.838,0.8392,0.833,0.8337,92356.2
1757847600000,2025-09-14 13:00:00,0.8337,0.8351,0.8165,0.8175,246433.6
1757851200000,2025-09-14 14:00:00,0.8175,0.8207,0.8066,0.8109,381880.5
1757854800000,2025-09-14 15:00:00,0.8109,0.8113,0.7983,0.8035,499831.7
1757858400000,2025-09-14 16:00:00,0.8035,0.8132,0.7971,0.8014,755902.1
1757862000000,2025-09-14 17:00:00,0.8014,0.8044,0.7946,0.8007,181989.1
1757865600000,2025-09-14 18:00:00,0.8007,0.8086,0.7988,0.807,142140.1
1757869200000,2025-09-14 19:00:00,0.807,0.8211,0.8065,0.8162,206850.9
1757872800000,2025-09-14 20:00:00,0.8162,0.8163,0.8108,0.8139,66900.6
1757876400000,2025-09-14 21:00:00,0.8139,0.8198,0.8107,0.8165,112859.9
1757880000000,2025-09-14 22:00:00,0.8165,0.821,0.8157,0.8174,131109.2
1757883600000,2025-09-14 23:00:00,0.8174,0.8222,0.812,0.8186,147562.9
1757887200000,2025-09-15 00:00:00,0.8186,0.8233,0.8146,0.8199,128658.0
1757890800000,2025-09-15 01:00:00,0.8199,0.8203,0.8083,0.8133,253103.2
1757894400000,2025-09-15 02:00:00,0.8133,0.8177,0.8112,0.8112,81242.2
1757898000000,2025-09-15 03:00:00,0.8112,0.8163,0.8037,0.8141,177228.9
1757901600000,2025-09-15 04:00:00,0.8141,0.8215,0.8132,0.8144,70784.7
1757905200000,2025-09-15 05:00:00,0.8144,0.8219,0.8136,0.8183,127298.5
1757908800000,2025-09-15 06:00:00,0.8183,0.8223,0.8165,0.8167,98854.1
1757912400000,2025-09-15 07:00:00,0.8167,0.8265,0.8155,0.8265,175033.7
1757916000000,2025-09-15 08:00:00,0.8265,0.8266,0.7992,0.8041,581938.9
1757919600000,2025-09-15 09:00:00,0.8041,0.8118,0.791,0.7936,353271.5
1757923200000,2025-09-15 10:00:00,0.7936,0.7938,0.7679,0.7694,1244037.2
1757926800000,2025-09-15 11:00:00,0.7694,0.7802,0.7679,0.7765,445562.5
1757930400000,2025-09-15 12:00:00,0.7765,0.7776,0.7704,0.7755,94881.9
1757934000000,2025-09-15 13:00:00,0.7755,0.7767,0.7696,0.7729,86768.2
1757937600000,2025-09-15 14:00:00,0.7729,0.7749,0.7658,0.7672,155066.3
1757941200000,2025-09-15 15:00:00,0.7672,0.7754,0.7653,0.7692,301226.4
1757944800000,2025-09-15 16:00:00,0.7692,0.7738,0.7613,0.7654,230577.5
1757948400000,2025-09-15 17:00:00,0.7654,0.7692,0.7561,0.7625,332819.9
1757952000000,2025-09-15 18:00:00,0.7625,0.7625,0.7517,0.7534,229256.2
1757955600000,2025-09-15 19:00:00,0.7534,0.7584,0.7501,0.7583,538661.1
1757959200000,2025-09-15 20:00:00,0.7583,0.7624,0.754,0.7607,137443.3
1757962800000,2025-09-15 21:00:00,0.7607,0.7656,0.7568,0.762,219341.6
1757966400000,2025-09-15 22:00:00,0.762,0.7678,0.7612,0.7671,110818.7
1757970000000,2025-09-15 23:00:00,0.7671,0.7696,0.765,0.7691,68557.8
1757973600000,2025-09-16 00:00:00,0.7691,0.7705,0.7658,0.767,79248.2
1757977200000,2025-09-16 01:00:00,0.767,0.7705,0.7664,0.77,55732.7
1757980800000,2025-09-16 02:00:00,0.77,0.7706,0.7667,0.7693,49923.1
1757984400000,2025-09-16 03:00:00,0.7693,0.7736,0.7661,0.7663,126272.2
1757988000000,2025-09-16 04:00:00,0.7663,0.7713,0.7661,0.7664,56152.2
1757991600000,2025-09-16 05:00:00,0.7664,0.7721,0.7662,0.767,112474.9
1757995200000,2025-09-16 06:00:00,0.767,0.7683,0.7582,0.7679,190796.3
1757998800000,2025-09-16 07:00:00,0.7679,0.7775,0.767,0.7762,182381.7
1758002400000,2025-09-16 08:00:00,0.7762,0.7787,0.7712,0.7724,146072.1
1758006000000,2025-09-16 09:00:00,0.7724,0.7804,0.7724,0.778,85178.3
1758009600000,2025-09-16 10:00:00,0.778,0.796,0.778,0.7918,626820.2
1758013200000,2025-09-16 11:00:00,0.7918,0.7948,0.7874,0.7938,185368.1
1758016800000,2025-09-16 12:00:00,0.7938,0.7948,0.7833,0.785,288710.8
1758020400000,2025-09-16 13:00:00,0.785,0.7892,0.784,0.7877,137441.5
1758024000000,2025-09-16 14:00:00,0.7877,0.7925,0.7862,0.7912,147328.9
1758027600000,2025-09-16 15:00:00,0.7912,0.796,0.7772,0.785,496475.7
1758031200000,2025-09-16 16:00:00,0.785,0.7901,0.774,0.7899,493156.4
1758034800000,2025-09-16 17:00:00,0.7899,0.7958,0.784,0.7958,231904.1
1758038400000,2025-09-16 18:00:00,0.7958,0.7958,0.7815,0.7842,522240.0
1758042000000,2025-09-16 19:00:00,0.7842,0.7948,0.784,0.7901,164366.7
1758045600000,2025-09-16 20:00:00,0.7901,0.7938,0.787,0.7902,108745.8
1758049200000,2025-09-16 21:00:00,0.7902,0.7942,0.7892,0.7927,84116.4
1758052800000,2025-09-16 22:00:00,0.7927,0.7938,0.7913,0.7925,44555.8
1758056400000,2025-09-16 23:00:00,0.7925,0.7936,0.7895,0.7928,66520.3
1758060000000,2025-09-17 00:00:00,0.7928,0.7957,0.7908,0.7937,80448.3
1758063600000,2025-09-17 01:00:00,0.7937,0.7937,0.7884,0.789,72757.3
1758067200000,2025-09-17 02:00:00,0.789,0.7918,0.7854,0.7888,62792.5
1758070800000,2025-09-17 03:00:00,0.7888,0.7905,0.785,0.7875,64444.3
1758074400000,2025-09-17 04:00:00,0.7875,0.7951,0.7856,0.7902,157829.4
1758078000000,2025-09-17 05:00:00,0.7902,0.7925,0.7824,0.7829,121964.5
1758081600000,2025-09-17 06:00:00,0.7829,0.7858,0.7742,0.7762,141889.4
1758085200000,2025-09-17 07:00:00,0.7762,0.7832,0.7732,0.783,231980.8
1758088800000,2025-09-17 08:00:00,0.783,0.7887,0.7806,0.7884,205193.5
1758092400000,2025-09-17 09:00:00,0.7884,0.7884,0.7837,0.7856,55633.5
1758096000000,2025-09-17 10:00:00,0.7856,0.786,0.7753,0.7768,155704.8
1758099600000,2025-09-17 11:00:00,0.7768,0.7768,0.7718,0.7718,54032.5
1758103200000,2025-09-17 12:00:00,0.7718,0.7737,0.7667,0.769,235503.9
1758106800000,2025-09-17 13:00:00,0.769,0.772,0.7681,0.7698,75987.3
1758110400000,2025-09-17 14:00:00,0.7698,0.7751,0.7678,0.7728,116377.6
1758114000000,2025-09-17 15:00:00,0.7728,0.778,0.7681,0.7709,168821.3
1758117600000,2025-09-17 16:00:00,0.7709,0.7732,0.766,0.7665,148571.6
1758121200000,2025-09-17 17:00:00,0.7665,0.7689,0.764,0.7669,168430.4
1758124800000,2025-09-17 18:00:00,0.7669,0.7715,0.7594,0.7706,202046.9
1758128400000,2025-09-17 19:00:00,0.7706,0.7811,0.7662,0.7662,402235.0
1758132000000,2025-09-17 20:00:00,0.7662,0.7831,0.7641,0.7694,1729076.3
1758135600000,2025-09-17 21:00:00,0.7694,0.7903,0.7692,0.7888,429951.2
1758139200000,2025-09-17 22:00:00,0.7888,0.7997,0.7804,0.7817,257738.8
1758142800000,2025-09-17 23:00:00,0.7817,0.7991,0.7754,0.7982,185014.6
1758146400000,2025-09-18 00:00:00,0.7982,0.8179,0.7982,0.8135,363384.0
1758150000000,2025-09-18 01:00:00,0.8135,0.8181,0.8074,0.8103,200998.5
1758153600000,2025-09-18 02:00:00,0.8103,0.8187,0.8084,0.8104,107426.0
1758157200000,2025-09-18 03:00:00,0.8104,0.8172,0.8084,0.8138,115771.6
1758160800000,2025-09-18 04:00:00,0.8138,0.8143,0.8068,0.8143,91864.3
1758164400000,2025-09-18 05:00:00,0.8143,0.8237,0.8138,0.8197,221987.8
1758168000000,2025-09-18 06:00:00,0.8197,0.8207,0.8142,0.8189,135590.4
1758171600000,2025-09-18 07:00:00,0.8189,0.819,0.8079,0.8098,58591.1
1758175200000,2025-09-18 08:00:00,0.8098,0.8113,0.7986,0.8033,178526.8
1758178800000,2025-09-18 09:00:00,0.8033,0.8127,0.8029,0.8091,76558.1
1758182400000,2025-09-18 10:00:00,0.8091,0.8153,0.8051,0.8123,129865.0
1758186000000,2025-09-18 11:00:00,0.8123,0.8147,0.8088,0.8099,86779.1
1758189600000,2025-09-18 12:00:00,0.8099,0.8116,0.8013,0.8031,362269.1
1758193200000,2025-09-18 13:00:00,0.8031,0.8081,0.8031,0.8062,124112.8
1758196800000,2025-09-18 14:00:00,0.8062,0.8121,0.8026,0.8099,70619.5
1758200400000,2025-09-18 15:00:00,0.8099,0.8164,0.806,0.8142,231058.4
1758204000000,2025-09-18 16:00:00,0.8142,0.82,0.8115,0.8134,149591.0
1758207600000,2025-09-18 17:00:00,0.8134,0.8161,0.8104,0.8121,142180.4
1758211200000,2025-09-18 18:00:00,0.8121,0.8223,0.8121,0.8221,274298.4
1758214800000,2025-09-18 19:00:00,0.8221,0.8298,0.8216,0.8268,372036.6
1758218400000,2025-09-18 20:00:00,0.8268,0.8276,0.8223,0.8257,118176.9
1758222000000,2025-09-18 21:00:00,0.8257,0.8264,0.8144,0.8195,166090.4
1758225600000,2025-09-18 22:00:00,0.8195,0.8254,0.8193,0.8229,40054.8
1758229200000,2025-09-18 23:00:00,0.8229,0.8237,0.8189,0.8198,47216.7
1758232800000,2025-09-19 00:00:00,0.8198,0.821,0.8145,0.8148,93422.7
1758236400000,2025-09-19 01:00:00,0.8148,0.8161,0.8085,0.8137,104571.0
1758240000000,2025-09-19 02:00:00,0.8137,0.827,0.8137,0.827,146737.9
1758243600000,2025-09-19 03:00:00,0.827,0.8307,0.8176,0.8192,148219.4
1758247200000,2025-09-19 04:00:00,0.8192,0.8227,0.811,0.8114,125663.1
1758250800000,2025-09-19 05:00:00,0.8114,0.8152,0.8004,0.8012,343463.7
1758254400000,2025-09-19 06:00:00,0.8012,0.805,0.7898,0.8045,396867.1
1758258000000,2025-09-19 07:00:00,0.8045,0.8062,0.7962,0.8016,135786.0
1758261600000,2025-09-19 08:00:00,0.8016,0.8017,0.7917,0.792,157766.4
1758265200000,2025-09-19 09:00:00,0.792,0.7994,0.7895,0.7952,372709.7
1758268800000,2025-09-19 10:00:00,0.7952,0.8017,0.7949,0.7965,202156.0
1758272400000,2025-09-19 11:00:00,0.7965,0.8013,0.7861,0.7896,183824.5
1758276000000,2025-09-19 12:00:00,0.7896,0.792,0.7874,0.7902,151855.1
1758279600000,2025-09-19 13:00:00,0.7902,0.7904,0.7788,0.781,203069.7
1758283200000,2025-09-19 14:00:00,0.781,0.7843,0.7777,0.7803,109870.3
1758286800000,2025-09-19 15:00:00,0.7803,0.7894,0.7798,0.7864,144060.5
1758290400000,2025-09-19 16:00:00,0.7864,0.7875,0.7741,0.7774,278223.3
1758294000000,2025-09-19 17:00:00,0.7774,0.7777,0.768,0.7748,352853.2
1758297600000,2025-09-19 18:00:00,0.7748,0.779,0.7733,0.777,112464.3
1758301200000,2025-09-19 19:00:00,0.777,0.7773,0.7669,0.767,195000.4
1758304800000,2025-09-19 20:00:00,0.767,0.7723,0.7629,0.769,215463.3
1758308400000,2025-09-19 21:00:00,0.769,0.7723,0.767,0.767,74733.0
1758312000000,2025-09-19 22:00:00,0.767,0.7722,0.7669,0.768,108984.8
1758315600000,2025-09-19 23:00:00,0.768,0.7736,0.7656,0.7733,134516.3
1758319200000,2025-09-20 00:00:00,0.7733,0.7743,0.7706,0.7706,37900.6
1758322800000,2025-09-20 01:00:00,0.7706,0.7706,0.7605,0.7674,94201.7
1758326400000,2025-09-20 02:00:00,0.7674,0.7722,0.7651,0.7722,50251.1
1758330000000,2025-09-20 03:00:00,0.7722,0.7723,0.7659,0.7666,62516.6
1758333600000,2025-09-20 04:00:00,0.7666,0.7681,0.7586,0.7681,101946.7
1758337200000,2025-09-20 05:00:00,0.7681,0.7707,0.7654,0.7698,48002.4
1758340800000,2025-09-20 06:00:00,0.7698,0.7764,0.7679,0.7746,72923.7
1758344400000,2025-09-20 07:00:00,0.7746,0.7791,0.7733,0.7782,56135.2
1758348000000,2025-09-20 08:00:00,0.7782,0.7782,0.7746,0.7757,51479.3
1758351600000,2025-09-20 09:00:00,0.7757,0.7786,0.7743,0.7785,49885.8
1758355200000,2025-09-20 10:00:00,0.7785,0.7785,0.7699,0.7699,51831.0
1758358800000,2025-09-20 11:00:00,0.7699,0.7715,0.7649,0.7664,43227.6
1758362400000,2025-09-20 12:00:00,0.7664,0.7686,0.7608,0.761,265975.8
1758366000000,2025-09-20 13:00:00,0.761,0.7659,0.76,0.7653,147640.7
1758369600000,2025-09-20 14:00:00,0.7653,0.7668,0.7634,0.7662,111289.5
1758373200000,2025-09-20 15:00:00,0.7662,0.7698,0.7644,0.7679,128511.5
1758376800000,2025-09-20 16:00:00,0.7679,0.7763,0.7649,0.7749,309186.1
1758380400000,2025-09-20 17:00:00,0.7749,0.7814,0.7746,0.7781,199063.8
1758384000000,2025-09-20 18:00:00,0.7781,0.7821,0.7756,0.7809,74720.2
1758387600000,2025-09-20 19:00:00,0.7809,0.7809,0.7749,0.7762,97972.8
1758391200000,2025-09-20 20:00:00,0.7762,0.7762,0.7695,0.7707,56975.2
1758394800000,2025-09-20 21:00:00,0.7707,0.774,0.7694,0.7718,40634.1
1758398400000,2025-09-20 22:00:00,0.7718,0.7776,0.771,0.777,31418.4
1758402000000,2025-09-20 23:00:00,0.777,0.7809,0.7769,0.7779,44737.1
1758405600000,2025-09-21 00:00:00,0.7779,0.7791,0.7765,0.7782,23321.7
1758409200000,2025-09-21 01:00:00,0.7782,0.7782,0.7735,0.775,37310.8
1758412800000,2025-09-21 02:00:00,0.775,0.778,0.772,0.7761,70600.0
1758416400000,2025-09-21 03:00:00,0.7761,0.7776,0.7714,0.772,62315.7
1758420000000,2025-09-21 04:00:00,0.772,0.7755,0.7688,0.7752,74380.8
1758423600000,2025-09-21 05:00:00,0.7752,0.7752,0.7725,0.7742,31800.3
1758427200000,2025-09-21 06:00:00,0.7742,0.7749,0.7718,0.7747,34904.3
1758430800000,2025-09-21 07:00:00,0.7747,0.7849,0.7738,0.7836,124845.7
1758434400000,2025-09-21 08:00:00,0.7836,0.7913,0.7836,0.7887,240043.4
1758438000000,2025-09-21 09:00:00,0.7887,0.7924,0.7857,0.7864,125830.0
1758441600000,2025-09-21 10:00:00,0.7864,0.7886,0.7807,0.7834,61700.5
1758445200000,2025-09-21 11:00:00,0.7834,0.7841,0.7629,0.7702,318323.2
1758448800000,2025-09-21 12:00:00,0.7702,0.7723,0.7647,0.7654,90518.8
1758452400000,2025-09-21 13:00:00,0.7654,0.7705,0.7647,0.7665,101304.0
1758456000000,2025-09-21 14:00:00,0.7665,0.7729,0.7662,0.7685,77709.3
1758459600000,2025-09-21 15:00:00,0.7685,0.7729,0.7674,0.7715,63987.6
1758463200000,2025-09-21 16:00:00,0.7715,0.7732,0.7659,0.7659,80512.7
1758466800000,2025-09-21 17:00:00,0.7659,0.7692,0.7635,0.7646,106594.1
1758470400000,2025-09-21 18:00:00,0.7646,0.7674,0.7563,0.7603,304930.7
1758474000000,2025-09-21 19:00:00,0.7603,0.7674,0.754,0.7671,175059.1
1758477600000,2025-09-21 20:00:00,0.7671,0.7691,0.7643,0.7691,63728.9
1758481200000,2025-09-21 21:00:00,0.7691,0.7694,0.7616,0.7659,78745.0
1758484800000,2025-09-21 22:00:00,0.7659,0.7666,0.7624,0.7632,46702.2
1758488400000,2025-09-21 23:00:00,0.7632,0.7655,0.7615,0.7631,50760.6
1758492000000,2025-09-22 00:00:00,0.7631,0.7666,0.7574,0.7658,85583.2
1758495600000,2025-09-22 01:00:00,0.7658,0.7658,0.7554,0.7558,69995.5
1758499200000,2025-09-22 02:00:00,0.7558,0.7604,0.7292,0.7331,1471731.6
1758502800000,2025-09-22 03:00:00,0.7331,0.7363,0.726,0.73,475364.8
1758506400000,2025-09-22 04:00:00,0.73,0.7333,0.71,0.7173,757716.4
1758510000000,2025-09-22 05:00:00,0.7173,0.7279,0.7164,0.7233,637449.0
1758513600000,2025-09-22 06:00:00,0.7233,0.7278,0.7212,0.7235,126141.5
1758517200000,2025-09-22 07:00:00,0.7235,0.7245,0.7087,0.7091,215715.0
1758520800000,2025-09-22 08:00:00,0.7091,0.7106,0.625,0.6847,6600041.0
1758524400000,2025-09-22 09:00:00,0.6847,0.686,0.6732,0.6735,500125.4
1758528000000,2025-09-22 10:00:00,0.6735,0.6782,0.6673,0.6737,391075.7
1758531600000,2025-09-22 11:00:00,0.6737,0.6751,0.6627,0.6644,379352.0
1758535200000,2025-09-22 12:00:00,0.6644,0.6787,0.6637,0.6779,418223.6
1758538800000,2025-09-22 13:00:00,0.6779,0.6787,0.6698,0.671,221412.0
1758542400000,2025-09-22 14:00:00,0.671,0.6796,0.6684,0.677,257516.2
1758546000000,2025-09-22 15:00:00,0.677,0.6814,0.6732,0.6813,285403.8
1758549600000,2025-09-22 16:00:00,0.6813,0.6843,0.672,0.6732,368326.6
1758553200000,2025-09-22 17:00:00,0.6732,0.6746,0.668,0.6698,264083.1
1758556800000,2025-09-22 18:00:00,0.6698,0.6738,0.6676,0.6702,294044.6
1758560400000,2025-09-22 19:00:00,0.6702,0.6725,0.6652,0.67,294345.8
1758564000000,2025-09-22 20:00:00,0.67,0.6735,0.6687,0.669,157949.9
1758567600000,2025-09-22 21:00:00,0.669,0.6701,0.6612,0.6636,367294.5
1758571200000,2025-09-22 22:00:00,0.6636,0.6745,0.6632,0.6728,192173.0
1758574800000,2025-09-22 23:00:00,0.6728,0.6786,0.6719,0.6781,142606.9
1758578400000,2025-09-23 00:00:00,0.6781,0.6794,0.6763,0.6783,68153.5
1758582000000,2025-09-23 01:00:00,0.6783,0.6847,0.6779,0.6843,69488.3
1758585600000,2025-09-23 02:00:00,0.6843,0.6843,0.6765,0.677,164788.4
1758589200000,2025-09-23 03:00:00,0.677,0.6802,0.6726,0.6749,187242.5
1758592800000,2025-09-23 04:00:00,0.6749,0.6787,0.6695,0.6706,151382.2
1758596400000,2025-09-23 05:00:00,0.6706,0.6843,0.6661,0.6803,294547.9
1758600000000,2025-09-23 06:00:00,0.6803,0.6825,0.6734,0.6765,110661.7
1758603600000,2025-09-23 07:00:00,0.6765,0.6818,0.6738,0.6779,143169.9
1758607200000,2025-09-23 08:00:00,0.6779,0.6853,0.6772,0.6845,252803.2
1758610800000,2025-09-23 09:00:00,0.6845,0.6869,0.6766,0.6766,311875.5
1758614400000,2025-09-23 10:00:00,0.6766,0.6815,0.6765,0.6814,104672.2
1758618000000,2025-09-23 11:00:00,0.6814,0.6851,0.677,0.6789,145082.9
1758621600000,2025-09-23 12:00:00,0.6789,0.682,0.6781,0.681,68441.1
1758625200000,2025-09-23 13:00:00,0.681,0.6815,0.6755,0.6802,156074.8
1758628800000,2025-09-23 14:00:00,0.6802,0.6841,0.6787,0.6824,136318.5
1758632400000,2025-09-23 15:00:00,0.6824,0.6829,0.6761,0.6777,124381.4
1758636000000,2025-09-23 16:00:00,0.6777,0.6835,0.6708,0.6725,313204.7
1758639600000,2025-09-23 17:00:00,0.6725,0.681,0.6693,0.6773,317417.3
1758643200000,2025-09-23 18:00:00,0.6773,0.6866,0.6743,0.6835,269393.5
1758646800000,2025-09-23 19:00:00,0.6835,0.6838,0.67,0.6707,143619.9
1758650400000,2025-09-23 20:00:00,0.6707,0.6741,0.6674,0.6692,172309.5
1758654000000,2025-09-23 21:00:00,0.6692,0.6764,0.6675,0.6696,156633.6
1758657600000,2025-09-23 22:00:00,0.6696,0.6746,0.6682,0.6746,96886.3
1758661200000,2025-09-23 23:00:00,0.6746,0.6811,0.6727,0.6792,73989.0
1758664800000,2025-09-24 00:00:00,0.6792,0.6793,0.674,0.6753,87068.5
1758668400000,2025-09-24 01:00:00,0.6753,0.6773,0.6703,0.6722,70329.9
1758672000000,2025-09-24 02:00:00,0.6722,0.6806,0.6721,0.6763,80922.5
1758675600000,2025-09-24 03:00:00,0.6763,0.6847,0.6742,0.684,123964.6
1758679200000,2025-09-24 04:00:00,0.684,0.6842,0.6758,0.6775,89456.5
1758682800000,2025-09-24 05:00:00,0.6775,0.6784,0.6636,0.6663,233287.4
1758686400000,2025-09-24 06:00:00,0.6663,0.6745,0.6553,0.6696,556365.5
1758690000000,2025-09-24 07:00:00,0.6696,0.6803,0.6686,0.6801,105528.7
1758693600000,2025-09-24 08:00:00,0.6801,0.6817,0.6764,0.6803,191243.2
1758697200000,2025-09-24 09:00:00,0.6803,0.6843,0.6778,0.6807,127840.6
1758700800000,2025-09-24 10:00:00,0.6807,0.6842,0.6799,0.6836,120729.1
1758704400000,2025-09-24 11:00:00,0.6836,0.6878,0.6825,0.6874,105108.9
1758708000000,2025-09-24 12:00:00,0.6874,0.6887,0.6844,0.6867,221138.1
1758711600000,2025-09-24 13:00:00,0.6867,0.6892,0.6832,0.6859,252428.2
1758715200000,2025-09-24 14:00:00,0.6859,0.6896,0.685,0.6873,109911.3
1758718800000,2025-09-24 15:00:00,0.6873,0.6885,0.6804,0.6804,128261.4
1758722400000,2025-09-24 16:00:00,0.6804,0.6915,0.6804,0.6877,116115.8
1758726000000,2025-09-24 17:00:00,0.6877,0.6885,0.6791,0.6797,92079.7
1758729600000,2025-09-24 18:00:00,0.6797,0.6823,0.6765,0.6806,105692.6
1758733200000,2025-09-24 19:00:00,0.6806,0.6845,0.6804,0.6816,51230.2
1758736800000,2025-09-24 20:00:00,0.6816,0.6822,0.6772,0.678,44910.4
1758740400000,2025-09-24 21:00:00,0.678,0.6802,0.6768,0.6797,38436.8
1758744000000,2025-09-24 22:00:00,0.6797,0.6815,0.6766,0.6807,73257.1
1758747600000,2025-09-24 23:00:00,0.6807,0.6807,0.6725,0.6735,43708.1
1758751200000,2025-09-25 00:00:00,0.6735,0.6782,0.6732,0.6761,68243.6
1758754800000,2025-09-25 01:00:00,0.6761,0.6772,0.673,0.6747,59183.9
1758758400000,2025-09-25 02:00:00,0.6747,0.6768,0.6687,0.6696,95573.9
1758762000000,2025-09-25 03:00:00,0.6696,0.6726,0.6669,0.6691,209114.3
1758765600000,2025-09-25 04:00:00,0.6691,0.677,0.6651,0.6744,199444.2
1758769200000,2025-09-25 05:00:00,0.6744,0.6744,0.663,0.6692,163654.8
1758772800000,2025-09-25 06:00:00,0.6692,0.671,0.6515,0.6559,353095.8
1758776400000,2025-09-25 07:00:00,0.6559,0.6643,0.6521,0.6604,141892.7
1758780000000,2025-09-25 08:00:00,0.6604,0.6609,0.653,0.6537,128843.5
1758783600000,2025-09-25 09:00:00,0.6537,0.6596,0.653,0.6545,112034.1
1758787200000,2025-09-25 10:00:00,0.6545,0.6599,0.6536,0.6567,128732.3
1758790800000,2025-09-25 11:00:00,0.6567,0.6637,0.6549,0.6552,212140.8
1758794400000,2025-09-25 12:00:00,0.6552,0.6628,0.6552,0.656,103919.5
1758798000000,2025-09-25 13:00:00,0.656,0.6584,0.6482,0.6521,243951.0
1758801600000,2025-09-25 14:00:00,0.6521,0.6568,0.6376,0.6505,902762.1
1758805200000,2025-09-25 15:00:00,0.6505,0.6569,0.6454,0.6502,403265.9
1758808800000,2025-09-25 16:00:00,0.6502,0.6622,0.6501,0.6558,244090.9
1758812400000,2025-09-25 17:00:00,0.6558,0.6561,0.6497,0.6536,245947.5
1758816000000,2025-09-25 18:00:00,0.6536,0.6558,0.6406,0.6419,217631.8
1758819600000,2025-09-25 19:00:00,0.6419,0.643,0.6191,0.6228,1448347.9
1758823200000,2025-09-25 20:00:00,0.6228,0.6407,0.6197,0.6406,647839.9
1758826800000,2025-09-25 21:00:00,0.6406,0.6433,0.6345,0.6352,338194.9
1758830400000,2025-09-25 22:00:00,0.6352,0.6363,0.6279,0.6296,159184.1
1758834000000,2025-09-25 23:00:00,0.6296,0.6374,0.6293,0.6361,181443.1
1758837600000,2025-09-26 00:00:00,0.6361,0.641,0.6318,0.634,116020.9
1758841200000,2025-09-26 01:00:00,0.634,0.6392,0.6266,0.6333,210134.7
1758844800000,2025-09-26 02:00:00,0.6333,0.6456,0.6331,0.644,215760.2
1758848400000,2025-09-26 03:00:00,0.644,0.6468,0.641,0.6431,167622.3
1758852000000,2025-09-26 04:00:00,0.6431,0.6471,0.6408,0.6444,95131.3
1758855600000,2025-09-26 05:00:00,0.6444,0.6475,0.6419,0.647,102455.5
1758859200000,2025-09-26 06:00:00,0.647,0.6479,0.6406,0.6411,86182.2
1758862800000,2025-09-26 07:00:00,0.6411,0.647,0.6396,0.6417,54602.6
1758866400000,2025-09-26 08:00:00,0.6417,0.6461,0.6383,0.6399,148538.2
1758870000000,2025-09-26 09:00:00,0.6399,0.6447,0.637,0.6421,131470.9
1758873600000,2025-09-26 10:00:00,0.6421,0.6456,0.6418,0.6421,172032.0
1758877200000,2025-09-26 11:00:00,0.6421,0.6455,0.6366,0.6405,134327.0
1758880800000,2025-09-26 12:00:00,0.6405,0.641,0.6324,0.6377,249148.8
1758884400000,2025-09-26 13:00:00,0.6377,0.6449,0.6338,0.6434,229098.6
1758888000000,2025-09-26 14:00:00,0.6434,0.6509,0.6339,0.6476,402268.2
1758891600000,2025-09-26 15:00:00,0.6476,0.6555,0.6421,0.6536,338382.9
1758895200000,2025-09-26 16:00:00,0.6536,0.657,0.6476,0.649,236741.1
1758898800000,2025-09-26 17:00:00,0.649,0.6552,0.6486,0.6516,175063.0
1758902400000,2025-09-26 18:00:00,0.6516,0.6614,0.6516,0.6597,134003.3
1758906000000,2025-09-26 19:00:00,0.6597,0.6674,0.6588,0.6657,251762.4
1758909600000,2025-09-26 20:00:00,0.6657,0.6692,0.6627,0.665,156696.2
1758913200000,2025-09-26 21:00:00,0.665,0.6651,0.6577,0.661,135765.2
1758916800000,2025-09-26 22:00:00,0.661,0.6631,0.658,0.6592,67042.3
1758920400000,2025-09-26 23:00:00,0.6592,0.663,0.6575,0.663,54054.4
1758924000000,2025-09-27 00:00:00,0.663,0.6657,0.6629,0.663,92819.4
1758927600000,2025-09-27 01:00:00,0.663,0.6663,0.662,0.6662,25174.7
1758931200000,2025-09-27 02:00:00,0.6662,0.6664,0.6638,0.6658,42706.0
1758934800000,2025-09-27 03:00:00,0.6658,0.6661,0.6613,0.6628,65649.5
1758938400000,2025-09-27 04:00:00,0.6628,0.6649,0.6617,0.6631,36025.0
1758942000000,2025-09-27 05:00:00,0.6631,0.6684,0.6631,0.6648,36974.1
1758945600000,2025-09-27 06:00:00,0.6648,0.6669,0.6637,0.6647,37537.5
1758949200000,2025-09-27 07:00:00,0.6647,0.6688,0.6628,0.6675,30972.7
1758952800000,2025-09-27 08:00:00,0.6675,0.6677,0.6631,0.6648,113821.3
1758956400000,2025-09-27 09:00:00,0.6648,0.6655,0.6612,0.6623,73062.9
1758960000000,2025-09-27 10:00:00,0.6623,0.6628,0.6587,0.659,117352.5
1758963600000,2025-09-27 11:00:00,0.659,0.6627,0.6556,0.6622,109996.6
1758967200000,2025-09-27 12:00:00,0.6622,0.6673,0.6618,0.6663,94537.8
1758970800000,2025-09-27 13:00:00,0.6663,0.6668,0.6639,0.6652,37228.2
1758974400000,2025-09-27 14:00:00,0.6652,0.6684,0.6625,0.6679,83133.4
1758978000000,2025-09-27 15:00:00,0.6679,0.6679,0.6631,0.6631,29651.3
1758981600000,2025-09-27 16:00:00,0.6631,0.6652,0.6616,0.6628,100284.4
1758985200000,2025-09-27 17:00:00,0.6628,0.6684,0.6597,0.6681,91916.7
1758988800000,2025-09-27 18:00:00,0.6681,0.6687,0.6624,0.6628,59322.3
1758992400000,2025-09-27 19:00:00,0.6628,0.6632,0.6577,0.6624,122054.2
1758996000000,2025-09-27 20:00:00,0.6624,0.6626,0.6586,0.6609,26063.0
1758999600000,2025-09-27 21:00:00,0.6609,0.6627,0.6593,0.6619,20584.0
1759003200000,2025-09-27 22:00:00,0.6619,0.6632,0.6603,0.6612,37377.4
1759006800000,2025-09-27 23:00:00,0.6612,0.6649,0.6605,0.6641,55376.5
1759010400000,2025-09-28 00:00:00,0.6641,0.6684,0.6625,0.6625,64295.5
1759014000000,2025-09-28 01:00:00,0.6625,0.6638,0.6608,0.661,40470.6
1759017600000,2025-09-28 02:00:00,0.661,0.6629,0.6581,0.6582,93400.7
1759021200000,2025-09-28 03:00:00,0.6582,0.6587,0.6518,0.6539,112393.6
1759024800000,2025-09-28 04:00:00,0.6539,0.6561,0.6531,0.6548,31843.6
1759028400000,2025-09-28 05:00:00,0.6548,0.6568,0.6537,0.6563,36466.7
1759032000000,2025-09-28 06:00:00,0.6563,0.6565,0.653,0.6541,59607.0
1759035600000,2025-09-28 07:00:00,0.6541,0.6556,0.6519,0.6524,45231.0
1759039200000,2025-09-28 08:00:00,0.6524,0.6535,0.6477,0.6488,77677.3
1759042800000,2025-09-28 09:00:00,0.6488,0.6503,0.6459,0.6494,107541.6
1759046400000,2025-09-28 10:00:00,0.6494,0.6513,0.6465,0.6475,65488.3
1759050000000,2025-09-28 11:00:00,0.6475,0.6486,0.6447,0.6458,97027.4
1759053600000,2025-09-28 12:00:00,0.6458,0.6474,0.643,0.6471,97173.0
1759057200000,2025-09-28 13:00:00,0.6471,0.6473,0.6433,0.6455,57044.0
1759060800000,2025-09-28 14:00:00,0.6455,0.6457,0.6393,0.6419,128928.8
1759064400000,2025-09-28 15:00:00,0.6419,0.6539,0.6414,0.6526,140932.5
1759068000000,2025-09-28 16:00:00,0.6526,0.6545,0.6508,0.6536,71512.6
1759071600000,2025-09-28 17:00:00,0.6536,0.6546,0.652,0.6537,42554.9
1759075200000,2025-09-28 18:00:00,0.6537,0.6599,0.6532,0.6565,129479.2
1759078800000,2025-09-28 19:00:00,0.6565,0.6599,0.6545,0.6577,79968.8
1759082400000,2025-09-28 20:00:00,0.6577,0.6589,0.6566,0.6589,22378.5
1759086000000,2025-09-28 21:00:00,0.6589,0.6595,0.6561,0.6578,170040.2
1759089600000,2025-09-28 22:00:00,0.6578,0.661,0.6569,0.6579,119269.0
1759093200000,2025-09-28 23:00:00,0.6579,0.6615,0.6578,0.6593,38579.3
1759096800000,2025-09-29 00:00:00,0.6593,0.6711,0.6593,0.6699,239780.6
1759100400000,2025-09-29 01:00:00,0.6699,0.6709,0.6666,0.6689,40850.8
1759104000000,2025-09-29 02:00:00,0.6689,0.669,0.6642,0.6654,64004.7
1759107600000,2025-09-29 03:00:00,0.6654,0.6662,0.6635,0.6636,64337.7
1759111200000,2025-09-29 04:00:00,0.6636,0.6682,0.6624,0.6664,102330.6
1759114800000,2025-09-29 05:00:00,0.6664,0.667,0.6642,0.6656,46015.3
1759118400000,2025-09-29 06:00:00,0.6656,0.6658,0.6604,0.6617,53507.9
1759122000000,2025-09-29 07:00:00,0.6617,0.6632,0.6582,0.6629,50123.4
1759125600000,2025-09-29 08:00:00,0.6629,0.663,0.6587,0.6587,52754.0
1759129200000,2025-09-29 09:00:00,0.6587,0.6618,0.6568,0.6599,46263.9
1759132800000,2025-09-29 10:00:00,0.6599,0.6634,0.6582,0.6619,69888.9
1759136400000,2025-09-29 11:00:00,0.6619,0.6644,0.6596,0.6616,34624.0
1759140000000,2025-09-29 12:00:00,0.6616,0.6639,0.6583,0.6583,53336.0
1759143600000,2025-09-29 13:00:00,0.6583,0.6588,0.6536,0.6575,86911.6
1759147200000,2025-09-29 14:00:00,0.6575,0.6591,0.6485,0.6493,179649.9
1759150800000,2025-09-29 15:00:00,0.6493,0.6624,0.6461,0.66,243287.9
1759154400000,2025-09-29 16:00:00,0.66,0.6677,0.6593,0.6667,319237.8
1759158000000,2025-09-29 17:00:00,0.6667,0.6684,0.6597,0.6601,139061.6
1759161600000,2025-09-29 18:00:00,0.6601,0.6641,0.6551,0.6557,77477.6
1759165200000,2025-09-29 19:00:00,0.6557,0.662,0.6521,0.6615,374560.4
1759168800000,2025-09-29 20:00:00,0.6615,0.6616,0.6576,0.661,83711.3
1759172400000,2025-09-29 21:00:00,0.661,0.669,0.6605,0.668,178725.0
1759176000000,2025-09-29 22:00:00,0.668,0.6779,0.668,0.6779,263233.8
1759179600000,2025-09-29 23:00:00,0.6779,0.6803,0.6758,0.6768,187211.0
1759183200000,2025-09-30 00:00:00,0.6768,0.6794,0.6745,0.6753,105903.2
1759186800000,2025-09-30 01:00:00,0.6753,0.6765,0.672,0.6723,86627.5
1759190400000,2025-09-30 02:00:00,0.6723,0.6736,0.6648,0.6649,230149.4
1759194000000,2025-09-30 03:00:00,0.6649,0.6718,0.663,0.6666,123557.0
1759197600000,2025-09-30 04:00:00,0.6666,0.667,0.661,0.6614,67560.8
1759201200000,2025-09-30 05:00:00,0.6614,0.6665,0.6601,0.6624,62413.9
1759204800000,2025-09-30 06:00:00,0.6624,0.6692,0.6622,0.6628,90671.2
1759208400000,2025-09-30 07:00:00,0.6628,0.6689,0.6613,0.6667,146940.7
1759212000000,2025-09-30 08:00:00,0.6667,0.668,0.6626,0.6626,101116.4
1759215600000,2025-09-30 09:00:00,0.6626,0.6665,0.6593,0.6607,65275.9
1759219200000,2025-09-30 10:00:00,0.6607,0.6635,0.6598,0.6598,56851.1
1759222800000,2025-09-30 11:00:00,0.6598,0.663,0.6561,0.6568,66916.0
1759226400000,2025-09-30 12:00:00,0.6568,0.6602,0.6566,0.6588,85492.8
1759230000000,2025-09-30 13:00:00,0.6588,0.6628,0.6547,0.6624,42454.8
1759233600000,2025-09-30 14:00:00,0.6624,0.6653,0.6581,0.6581,60364.2
1759237200000,2025-09-30 15:00:00,0.6581,0.664,0.6565,0.659,106376.1
1759240800000,2025-09-30 16:00:00,0.659,0.6604,0.6525,0.6572,136198.3
1759244400000,2025-09-30 17:00:00,0.6572,0.6576,0.643,0.6474,243000.8
1759248000000,2025-09-30 18:00:00,0.6474,0.6496,0.6439,0.6468,115656.8
1759251600000,2025-09-30 19:00:00,0.6468,0.6508,0.645,0.6451,194022.7
1759255200000,2025-09-30 20:00:00,0.6451,0.6496,0.6434,0.6492,113319.8
1759258800000,2025-09-30 21:00:00,0.6492,0.6638,0.6491,0.6633,143686.5
1759262400000,2025-09-30 22:00:00,0.6633,0.6717,0.6622,0.6706,128297.5
1759266000000,2025-09-30 23:00:00,0.6706,0.6736,0.6678,0.6678,101505.9
1759269600000,2025-10-01 00:00:00,0.6678,0.6727,0.6638,0.6647,93752.4
1759273200000,2025-10-01 01:00:00,0.6647,0.6688,0.6627,0.6687,104292.5
1759276800000,2025-10-01 02:00:00,0.6687,0.6713,0.6632,0.6688,225842.5
1759280400000,2025-10-01 03:00:00,0.6688,0.6727,0.6659,0.6726,642508.3
1759284000000,2025-10-01 04:00:00,0.6726,0.6734,0.6682,0.6683,62756.5
1759287600000,2025-10-01 05:00:00,0.6683,0.6694,0.6631,0.6631,58600.1
1759291200000,2025-10-01 06:00:00,0.6631,0.6727,0.6622,0.6716,142579.3
1759294800000,2025-10-01 07:00:00,0.6716,0.685,0.6716,0.6771,449124.3
1759298400000,2025-10-01 08:00:00,0.6771,0.6776,0.6723,0.6733,115117.8
1759302000000,2025-10-01 09:00:00,0.6733,0.6779,0.6702,0.6739,102381.5
1759305600000,2025-10-01 10:00:00,0.6739,0.6979,0.6727,0.6958,538554.8
1759309200000,2025-10-01 11:00:00,0.6958,0.6981,0.6916,0.6946,305225.2
1759312800000,2025-10-01 12:00:00,0.6946,0.6956,0.6863,0.6863,134943.9
1759316400000,2025-10-01 13:00:00,0.6863,0.6895,0.6862,0.6895,262422.2
1759320000000,2025-10-01 14:00:00,0.6895,0.6928,0.6849,0.6856,209144.4
1759323600000,2025-10-01 15:00:00,0.6856,0.6907,0.6844,0.6863,132766.5
1759327200000,2025-10-01 16:00:00,0.6863,0.6909,0.6849,0.6887,134600.6
1759330800000,2025-10-01 17:00:00,0.6887,0.6925,0.6875,0.6897,126794.4
1759334400000,2025-10-01 18:00:00,0.6897,0.693,0.687,0.6887,95757.0
1759338000000,2025-10-01 19:00:00,0.6887,0.6899,0.6862,0.6877,74240.1
1759341600000,2025-10-01 20:00:00,0.6877,0.6983,0.6877,0.6969,87973.1
1759345200000,2025-10-01 21:00:00,0.6969,0.7004,0.6952,0.6982,130149.6
1759348800000,2025-10-01 22:00:00,0.6982,0.6987,0.6949,0.6971,125760.2
1759352400000,2025-10-01 23:00:00,0.6971,0.6971,0.6941,0.6957,86413.6
1759356000000,2025-10-02 00:00:00,0.6957,0.7004,0.6957,0.6991,45183.6
1759359600000,2025-10-02 01:00:00,0.6991,0.7064,0.6976,0.7058,157590.8
1759363200000,2025-10-02 02:00:00,0.7058,0.7109,0.7034,0.7042,166714.3
1759366800000,2025-10-02 03:00:00,0.7042,0.7166,0.7027,0.7161,226204.3
1759370400000,2025-10-02 04:00:00,0.7161,0.7187,0.7117,0.713,128285.5
1759374000000,2025-10-02 05:00:00,0.713,0.714,0.7101,0.7107,116924.9
1759377600000,2025-10-02 06:00:00,0.7107,0.7123,0.7074,0.7119,56529.7
1759381200000,2025-10-02 07:00:00,0.7119,0.7161,0.7115,0.7139,111423.7
1759384800000,2025-10-02 08:00:00,0.7139,0.7193,0.7128,0.7154,105845.2
1759388400000,2025-10-02 09:00:00,0.7154,0.7176,0.7121,0.7135,105810.4
1759392000000,2025-10-02 10:00:00,0.7135,0.716,0.7132,0.7138,105841.7
1759395600000,2025-10-02 11:00:00,0.7138,0.7154,0.7106,0.713,153939.6
1759399200000,2025-10-02 12:00:00,0.713,0.7159,0.7092,0.7146,97048.7
1759402800000,2025-10-02 13:00:00,0.7146,0.7177,0.7116,0.7125,197353.9
1759406400000,2025-10-02 14:00:00,0.7125,0.7151,0.7091,0.713,141053.4
1759410000000,2025-10-02 15:00:00,0.713,0.714,0.7035,0.7073,155684.7
1759413600000,2025-10-02 16:00:00,0.7073,0.709,0.6952,0.6991,225840.4
1759417200000,2025-10-02 17:00:00,0.6991,0.7103,0.6946,0.7095,176935.6
1759420800000,2025-10-02 18:00:00,0.7095,0.7161,0.7066,0.7074,243791.0
1759424400000,2025-10-02 19:00:00,0.7074,0.7169,0.707,0.7164,145090.4
1759428000000,2025-10-02 20:00:00,0.7164,0.7224,0.7159,0.7212,249804.8
1759431600000,2025-10-02 21:00:00,0.7212,0.7302,0.7194,0.7255,271524.1
1759435200000,2025-10-02 22:00:00,0.7255,0.7282,0.7214,0.7262,94629.4
1759438800000,2025-10-02 23:00:00,0.7262,0.7274,0.7206,0.7206,50178.1
1759442400000,2025-10-03 00:00:00,0.7206,0.7221,0.7164,0.7176,104317.7
1759446000000,2025-10-03 01:00:00,0.7176,0.7222,0.7173,0.7216,125014.5
1759449600000,2025-10-03 02:00:00,0.7216,0.7222,0.7128,0.7142,101918.7
1759453200000,2025-10-03 03:00:00,0.7142,0.717,0.7089,0.7099,101090.7
1759456800000,2025-10-03 04:00:00,0.7099,0.7148,0.7094,0.7146,107508.0
1759460400000,2025-10-03 05:00:00,0.7146,0.7222,0.713,0.7139,159582.1
1759464000000,2025-10-03 06:00:00,0.7139,0.7225,0.7131,0.7186,95825.5
1759467600000,2025-10-03 07:00:00,0.7186,0.72,0.7148,0.7182,66779.7
1759471200000,2025-10-03 08:00:00,0.7182,0.724,0.7129,0.716,123322.1
1759474800000,2025-10-03 09:00:00,0.716,0.7167,0.7115,0.7137,75626.9
1759478400000,2025-10-03 10:00:00,0.7137,0.7171,0.7076,0.717,115538.9
1759482000000,2025-10-03 11:00:00,0.717,0.7234,0.7132,0.7219,555071.6
1759485600000,2025-10-03 12:00:00,0.7219,0.7219,0.7175,0.7181,143628.1
1759489200000,2025-10-03 13:00:00,0.7181,0.7213,0.7149,0.7191,430068.1
1759492800000,2025-10-03 14:00:00,0.7191,0.7191,0.7137,0.7163,409237.2
1759496400000,2025-10-03 15:00:00,0.7163,0.7246,0.7096,0.7186,420591.9
1759500000000,2025-10-03 16:00:00,0.7186,0.7187,0.702,0.7145,641113.1
1759503600000,2025-10-03 17:00:00,0.7145,0.7272,0.7101,0.7266,214795.2
1759507200000,2025-10-03 18:00:00,0.7266,0.7383,0.7244,0.7263,717358.3
1759510800000,2025-10-03 19:00:00,0.7263,0.7263,0.7111,0.7143,805414.7
1759514400000,2025-10-03 20:00:00,0.7143,0.7252,0.7099,0.7252,119561.0
1759518000000,2025-10-03 21:00:00,0.7252,0.7296,0.7214,0.7256,205356.7
1759521600000,2025-10-03 22:00:00,0.7256,0.7292,0.7216,0.7284,91202.8
1759525200000,2025-10-03 23:00:00,0.7284,0.7294,0.7265,0.7278,28245.6
1759528800000,2025-10-04 00:00:00,0.7278,0.7293,0.7272,0.7276,26968.5
1759532400000,2025-10-04 01:00:00,0.7276,0.7276,0.7225,0.7229,54975.2
1759536000000,2025-10-04 02:00:00,0.7229,0.7248,0.7158,0.718,106233.5
1759539600000,2025-10-04 03:00:00,0.718,0.7185,0.7082,0.7094,76048.9
1759543200000,2025-10-04 04:00:00,0.7094,0.7132,0.7061,0.7116,59236.4
1759546800000,2025-10-04 05:00:00,0.7116,0.7123,0.7062,0.7096,60728.4
1759550400000,2025-10-04 06:00:00,0.7096,0.7118,0.7061,0.7093,29803.2
1759554000000,2025-10-04 07:00:00,0.7093,0.713,0.7085,0.7111,60472.3
1759557600000,2025-10-04 08:00:00,0.7111,0.7176,0.7109,0.7172,74885.0
1759561200000,2025-10-04 09:00:00,0.7172,0.7173,0.7068,0.7086,116419.1
1759564800000,2025-10-04 10:00:00,0.7086,0.7094,0.7011,0.7029,111232.6
1759568400000,2025-10-04 11:00:00,0.7029,0.7057,0.6963,0.6969,115229.5
1759572000000,2025-10-04 12:00:00,0.6969,0.701,0.6922,0.6936,256048.8
1759575600000,2025-10-04 13:00:00,0.6936,0.6958,0.6916,0.6935,154728.1
1759579200000,2025-10-04 14:00:00,0.6935,0.6965,0.6916,0.6938,144924.0
1759582800000,2025-10-04 15:00:00,0.6938,0.7022,0.6937,0.6982,162446.2
1759586400000,2025-10-04 16:00:00,0.6982,0.7017,0.6886,0.6886,143906.3
1759590000000,2025-10-04 17:00:00,0.6886,0.6906,0.682,0.6843,419588.4
1759593600000,2025-10-04 18:00:00,0.6843,0.6883,0.6818,0.6882,155356.3
1759597200000,2025-10-04 19:00:00,0.6882,0.6917,0.6868,0.6897,87110.2
1759600800000,2025-10-04 20:00:00,0.6897,0.6908,0.6875,0.6876,45170.0
1759604400000,2025-10-04 21:00:00,0.6876,0.6911,0.6876,0.6908,53594.0
1759608000000,2025-10-04 22:00:00,0.6908,0.6946,0.6897,0.6897,81136.6
1759611600000,2025-10-04 23:00:00,0.6897,0.6939,0.6892,0.6915,87735.7
1759615200000,2025-10-05 00:00:00,0.6915,0.6935,0.6894,0.691,81312.6
1759618800000,2025-10-05 01:00:00,0.691,0.6929,0.6894,0.6908,37400.0
1759622400000,2025-10-05 02:00:00,0.6908,0.6944,0.6865,0.6866,52192.7
1759626000000,2025-10-05 03:00:00,0.6866,0.691,0.6861,0.6896,57674.5
1759629600000,2025-10-05 04:00:00,0.6896,0.7045,0.688,0.7042,498242.4
1759633200000,2025-10-05 05:00:00,0.7042,0.709,0.7001,0.7009,223091.6
1759636800000,2025-10-05 06:00:00,0.7009,0.7147,0.7003,0.7113,331119.4
1759640400000,2025-10-05 07:00:00,0.7113,0.7147,0.7093,0.714,105452.2
1759644000000,2025-10-05 08:00:00,0.714,0.7152,0.7106,0.7117,98105.2
1759647600000,2025-10-05 09:00:00,0.7117,0.7235,0.7117,0.7227,168473.2
1759651200000,2025-10-05 10:00:00,0.7227,0.7263,0.7195,0.7207,205883.1
1759654800000,2025-10-05 11:00:00,0.7207,0.7219,0.7104,0.7105,278939.7
1759658400000,2025-10-05 12:00:00,0.7105,0.7114,0.7045,0.7052,178199.3
1759662000000,2025-10-05 13:00:00,0.7052,0.7069,0.7002,0.7056,83380.8
1759665600000,2025-10-05 14:00:00,0.7056,0.7056,0.6994,0.7009,69733.5
1759669200000,2025-10-05 15:00:00,0.7009,0.706,0.7008,0.7047,41823.9
1759672800000,2025-10-05 16:00:00,0.7047,0.7094,0.7013,0.7048,132022.3
1759676400000,2025-10-05 17:00:00,0.7048,0.7128,0.7046,0.7112,106190.3
1759680000000,2025-10-05 18:00:00,0.7112,0.7133,0.7016,0.7087,123563.6
1759683600000,2025-10-05 19:00:00,0.7087,0.7099,0.6976,0.6979,73910.9
1759687200000,2025-10-05 20:00:00,0.6979,0.7009,0.6942,0.6974,75788.9
1759690800000,2025-10-05 21:00:00,0.6974,0.6975,0.688,0.6884,167683.2
1759694400000,2025-10-05 22:00:00,0.6884,0.6944,0.6862,0.6913,87142.1
1759698000000,2025-10-05 23:00:00,0.6913,0.6928,0.6902,0.6921,67284.6
1759701600000,2025-10-06 00:00:00,0.6921,0.6946,0.6882,0.6927,53589.2
1759705200000,2025-10-06 01:00:00,0.6927,0.6947,0.6915,0.6915,26769.9
1759708800000,2025-10-06 02:00:00,0.6915,0.6984,0.6857,0.6895,155060.0
1759712400000,2025-10-06 03:00:00,0.6895,0.7011,0.6868,0.6973,119502.7
1759716000000,2025-10-06 04:00:00,0.6973,0.7027,0.692,0.6982,106946.1
1759719600000,2025-10-06 05:00:00,0.6982,0.7012,0.6974,0.6994,26198.9
1759723200000,2025-10-06 06:00:00,0.6994,0.6994,0.6926,0.693,52890.0
1759726800000,2025-10-06 07:00:00,0.693,0.6952,0.689,0.6948,92684.0
1759730400000,2025-10-06 08:00:00,0.6948,0.7034,0.6948,0.7,108254.6
1759734000000,2025-10-06 09:00:00,0.7,0.7039,0.6951,0.6964,102269.1
1759737600000,2025-10-06 10:00:00,0.6964,0.7031,0.6964,0.7008,67615.2
1759741200000,2025-10-06 11:00:00,0.7008,0.7029,0.6994,0.7013,56586.2
1759744800000,2025-10-06 12:00:00,0.7013,0.7034,0.6992,0.702,75259.4
1759748400000,2025-10-06 13:00:00,0.702,0.7073,0.6994,0.7028,43075.7
1759752000000,2025-10-06 14:00:00,0.7028,0.7103,0.7028,0.7095,91155.7
1759755600000,2025-10-06 15:00:00,0.7095,0.7221,0.7078,0.7221,222596.1
1759759200000,2025-10-06 16:00:00,0.7221,0.7249,0.7159,0.7172,106950.9
1759762800000,2025-10-06 17:00:00,0.7172,0.7297,0.7172,0.7282,143756.2
1759766400000,2025-10-06 18:00:00,0.7282,0.7301,0.7221,0.7259,79766.4
1759770000000,2025-10-06 19:00:00,0.7259,0.7343,0.7246,0.7322,236608.5
1759773600000,2025-10-06 20:00:00,0.7322,0.738,0.7301,0.7369,126728.4
1759777200000,2025-10-06 21:00:00,0.7369,0.743,0.7357,0.7388,198561.2
1759780800000,2025-10-06 22:00:00,0.7388,0.7409,0.7337,0.7355,177576.7
1759784400000,2025-10-06 23:00:00,0.7355,0.7363,0.7292,0.7337,77007.5
1759788000000,2025-10-07 00:00:00,0.7337,0.7372,0.7301,0.7334,80768.0
1759791600000,2025-10-07 01:00:00,0.7334,0.7355,0.7301,0.731,38955.4
1759795200000,2025-10-07 02:00:00,0.731,0.733,0.7293,0.7324,28716.8
1759798800000,2025-10-07 03:00:00,0.7324,0.734,0.7255,0.7264,155899.8
1759802400000,2025-10-07 04:00:00,0.7264,0.7282,0.7229,0.725,50757.4
1759806000000,2025-10-07 05:00:00,0.725,0.7283,0.7236,0.7279,72620.1
1759809600000,2025-10-07 06:00:00,0.7279,0.7361,0.7227,0.7331,94063.2
1759813200000,2025-10-07 07:00:00,0.7331,0.7347,0.7301,0.7336,54745.7
1759816800000,2025-10-07 08:00:00,0.7336,0.7358,0.7215,0.7227,108217.3
1759820400000,2025-10-07 09:00:00,0.7227,0.7268,0.7181,0.7196,122973.5
1759824000000,2025-10-07 10:00:00,0.7196,0.7196,0.7088,0.7169,266799.4
1759827600000,2025-10-07 11:00:00,0.7169,0.7214,0.7167,0.7205,91086.1
1759831200000,2025-10-07 12:00:00,0.7205,0.7273,0.7191,0.726,89102.4
1759834800000,2025-10-07 13:00:00,0.726,0.7325,0.7249,0.7314,226817.7
1759838400000,2025-10-07 14:00:00,0.7314,0.7359,0.7261,0.7355,155081.4
1759842000000,2025-10-07 15:00:00,0.7355,0.7386,0.7174,0.7263,575042.0
1759845600000,2025-10-07 16:00:00,0.7263,0.7272,0.7014,0.7019,577948.3
1759849200000,2025-10-07 17:00:00,0.7019,0.7044,0.6844,0.6882,936298.5
1759852800000,2025-10-07 18:00:00,0.6882,0.6993,0.6809,0.6938,392543.4
1759856400000,2025-10-07 19:00:00,0.6938,0.6972,0.687,0.6871,126462.2
1759860000000,2025-10-07 20:00:00,0.6871,0.6898,0.6833,0.6833,118340.2
1759863600000,2025-10-07 21:00:00,0.6833,0.6901,0.6829,0.6867,115902.5
1759867200000,2025-10-07 22:00:00,0.6867,0.6977,0.6864,0.6927,149886.1
1759870800000,2025-10-07 23:00:00,0.6927,0.6937,0.684,0.6859,110120.2
1759874400000,2025-10-08 00:00:00,0.6859,0.6909,0.6844,0.687,33727.4
1759878000000,2025-10-08 01:00:00,0.687,0.6882,0.6808,0.6831,125228.1
1759881600000,2025-10-08 02:00:00,0.6831,0.6932,0.6827,0.6906,65053.4
1759885200000,2025-10-08 03:00:00,0.6906,0.6958,0.6894,0.6946,32674.9
1759888800000,2025-10-08 04:00:00,0.6946,0.6964,0.6899,0.6911,47022.2
1759892400000,2025-10-08 05:00:00,0.6911,0.6916,0.6744,0.6818,330286.4
1759896000000,2025-10-08 06:00:00,0.6818,0.6891,0.6788,0.6878,125493.3
1759899600000,2025-10-08 07:00:00,0.6878,0.688,0.6813,0.6839,30891.5
1759903200000,2025-10-08 08:00:00,0.6839,0.6861,0.6809,0.6853,54957.1
1759906800000,2025-10-08 09:00:00,0.6853,0.6899,0.6829,0.6885,77286.3
1759910400000,2025-10-08 10:00:00,0.6885,0.695,0.6881,0.6928,87336.9
1759914000000,2025-10-08 11:00:00,0.6928,0.6938,0.6886,0.6933,44618.5
1759917600000,2025-10-08 12:00:00,0.6933,0.6991,0.6933,0.6979,60085.9
1759921200000,2025-10-08 13:00:00,0.6979,0.6988,0.6918,0.6934,60634.8
1759924800000,2025-10-08 14:00:00,0.6934,0.6958,0.6911,0.6925,47388.2
1759928400000,2025-10-08 15:00:00,0.6925,0.6963,0.6873,0.6963,53959.2
1759932000000,2025-10-08 16:00:00,0.6963,0.7077,0.6927,0.6942,315329.8
1759935600000,2025-10-08 17:00:00,0.6942,0.704,0.6939,0.6985,116269.5
1759939200000,2025-10-08 18:00:00,0.6985,0.7125,0.6971,0.7125,123182.4
1759942800000,2025-10-08 19:00:00,0.7125,0.7255,0.71,0.7226,501566.1
1759946400000,2025-10-08 20:00:00,0.7226,0.7243,0.7156,0.7187,181711.3
1759950000000,2025-10-08 21:00:00,0.7187,0.7187,0.713,0.7159,55125.2
1759953600000,2025-10-08 22:00:00,0.7159,0.7183,0.7115,0.7121,25391.2
1759957200000,2025-10-08 23:00:00,0.7121,0.7195,0.7119,0.7176,20295.5
1759960800000,2025-10-09 00:00:00,0.7176,0.7239,0.7176,0.72,86634.3
1759964400000,2025-10-09 01:00:00,0.72,0.7234,0.7178,0.7211,45754.0
1759968000000,2025-10-09 02:00:00,0.7211,0.7233,0.7158,0.716,63813.4
1759971600000,2025-10-09 03:00:00,0.716,0.717,0.7085,0.7142,145028.4
1759975200000,2025-10-09 04:00:00,0.7142,0.7144,0.6944,0.6965,166749.8
1759978800000,2025-10-09 05:00:00,0.6965,0.705,0.6964,0.7037,88696.3
1759982400000,2025-10-09 06:00:00,0.7037,0.7078,0.7018,0.7078,73585.7
1759986000000,2025-10-09 07:00:00,0.7078,0.7095,0.7025,0.7045,82333.3
1759989600000,2025-10-09 08:00:00,0.7045,0.7048,0.699,0.7003,211057.0
1759993200000,2025-10-09 09:00:00,0.7003,0.7034,0.6958,0.6978,150382.3
1759996800000,2025-10-09 10:00:00,0.6978,0.6985,0.6797,0.6805,426091.5
1760000400000,2025-10-09 11:00:00,0.6805,0.6861,0.6799,0.6827,254604.6
1760004000000,2025-10-09 12:00:00,0.6827,0.6861,0.6799,0.6829,151723.7
1760007600000,2025-10-09 13:00:00,0.6829,0.6882,0.6825,0.6846,91525.0
1760011200000,2025-10-09 14:00:00,0.6846,0.6938,0.6839,0.6912,159811.6
1760014800000,2025-10-09 15:00:00,0.6912,0.6925,0.6766,0.6771,291315.9
1760018400000,2025-10-09 16:00:00,0.6771,0.6824,0.6686,0.6768,702239.2
1760022000000,2025-10-09 17:00:00,0.6768,0.6808,0.6692,0.6725,117941.4
1760025600000,2025-10-09 18:00:00,0.6725,0.6759,0.665,0.6675,233860.8
1760029200000,2025-10-09 19:00:00,0.6675,0.683,0.6665,0.6828,142865.1
1760032800000,2025-10-09 20:00:00,0.6828,0.6837,0.6793,0.6793,71244.3
1760036400000,2025-10-09 21:00:00,0.6793,0.6823,0.6783,0.6808,42493.6
1760040000000,2025-10-09 22:00:00,0.6808,0.6844,0.6786,0.6793,53144.9
1760043600000,2025-10-09 23:00:00,0.6793,0.6826,0.6787,0.6815,27829.1
1760047200000,2025-10-10 00:00:00,0.6815,0.6907,0.6791,0.6882,73777.5
1760050800000,2025-10-10 01:00:00,0.6882,0.6885,0.6847,0.6863,38478.3
1760054400000,2025-10-10 02:00:00,0.6863,0.6912,0.686,0.6892,31703.6
1760058000000,2025-10-10 03:00:00,0.6892,0.6927,0.6871,0.6913,71133.2
1760061600000,2025-10-10 04:00:00,0.6913,0.6916,0.685,0.6873,69869.1
1760065200000,2025-10-10 05:00:00,0.6873,0.7192,0.6835,0.7079,454075.2
1760068800000,2025-10-10 06:00:00,0.7079,0.7118,0.6979,0.7,256458.9
1760072400000,2025-10-10 07:00:00,0.7,0.7072,0.6957,0.7065,102114.1
1760076000000,2025-10-10 08:00:00,0.7065,0.7086,0.697,0.6995,51947.9
1760079600000,2025-10-10 09:00:00,0.6995,0.7007,0.6964,0.697,52593.0
1760083200000,2025-10-10 10:00:00,0.697,0.7055,0.6964,0.7052,104733.7
1760086800000,2025-10-10 11:00:00,0.7052,0.7073,0.6992,0.7021,80812.7
1760090400000,2025-10-10 12:00:00,0.7021,0.71,0.7016,0.7092,62816.2
1760094000000,2025-10-10 13:00:00,0.7092,0.7121,0.7084,0.7104,77729.6
1760097600000,2025-10-10 14:00:00,0.7104,0.7139,0.7094,0.7127,75102.4
1760101200000,2025-10-10 15:00:00,0.7127,0.7191,0.7115,0.7147,231302.2
1760104800000,2025-10-10 16:00:00,0.7147,0.7161,0.696,0.6988,284894.5
1760108400000,2025-10-10 17:00:00,0.6988,0.6999,0.6631,0.6668,1180804.7
1760112000000,2025-10-10 18:00:00,0.6668,0.6751,0.6636,0.6645,280658.8
1760115600000,2025-10-10 19:00:00,0.6645,0.6677,0.656,0.6587,175176.7
1760119200000,2025-10-10 20:00:00,0.6587,0.6627,0.6564,0.6568,99101.4
1760122800000,2025-10-10 21:00:00,0.6568,0.6586,0.6403,0.6472,586968.2
1760126400000,2025-10-10 22:00:00,0.6472,0.6515,0.5828,0.5967,3811745.2
1760130000000,2025-10-10 23:00:00,0.5967,0.6221,0.1506,0.4382,18352190.0
1760133600000,2025-10-11 00:00:00,0.4382,0.4533,0.3684,0.4489,3930372.4
1760137200000,2025-10-11 01:00:00,0.4489,0.4947,0.4473,0.4779,1368556.8
1760140800000,2025-10-11 02:00:00,0.4779,0.4881,0.4614,0.4815,695130.9
1760144400000,2025-10-11 03:00:00,0.4815,0.4819,0.4526,0.4561,459174.6
1760148000000,2025-10-11 04:00:00,0.4561,0.4946,0.4551,0.4894,814872.3
1760151600000,2025-10-11 05:00:00,0.4894,0.491,0.4737,0.4776,360231.1
1760155200000,2025-10-11 06:00:00,0.4776,0.4939,0.4757,0.4924,252268.8
1760158800000,2025-10-11 07:00:00,0.4924,0.496,0.4779,0.4874,304536.1
1760162400000,2025-10-11 08:00:00,0.4874,0.4964,0.4839,0.487,234850.2
1760166000000,2025-10-11 09:00:00,0.487,0.4925,0.4803,0.4844,399373.3
1760169600000,2025-10-11 10:00:00,0.4844,0.5119,0.4811,0.5094,842096.7
1760173200000,2025-10-11 11:00:00,0.5094,0.5406,0.5078,0.5213,1162004.2
1760176800000,2025-10-11 12:00:00,0.5213,0.5259,0.5165,0.5174,277519.0
1760180400000,2025-10-11 13:00:00,0.5174,0.5194,0.5095,0.5158,314717.3
1760184000000,2025-10-11 14:00:00,0.5158,0.5212,0.5063,0.51,279808.9
1760187600000,2025-10-11 15:00:00,0.51,0.5118,0.502,0.5091,166871.5
1760191200000,2025-10-11 16:00:00,0.5091,0.5155,0.5051,0.5149,117970.3
1760194800000,2025-10-11 17:00:00,0.5149,0.5215,0.5124,0.5166,329971.2
1760198400000,2025-10-11 18:00:00,0.5166,0.5171,0.5082,0.511,100489.3
1760202000000,2025-10-11 19:00:00,0.511,0.5139,0.5082,0.5104,108592.6
1760205600000,2025-10-11 20:00:00,0.5104,0.5108,0.5019,0.5022,138872.6
1760209200000,2025-10-11 21:00:00,0.5022,0.5023,0.4779,0.4824,487309.6
1760212800000,2025-10-11 22:00:00,0.4824,0.4849,0.4713,0.4795,438181.3
1760216400000,2025-10-11 23:00:00,0.4795,0.4935,0.4733,0.4909,357145.4
1760220000000,2025-10-12 00:00:00,0.4909,0.4978,0.4895,0.4961,218657.2
1760223600000,2025-10-12 01:00:00,0.4961,0.4994,0.4941,0.4975,347546.7
1760227200000,2025-10-12 02:00:00,0.4975,0.5047,0.4951,0.4961,186782.4
1760230800000,2025-10-12 03:00:00,0.4961,0.5006,0.4899,0.4906,124409.1
1760234400000,2025-10-12 04:00:00,0.4906,0.5032,0.4885,0.5014,150666.1
1760238000000,2025-10-12 05:00:00,0.5014,0.5081,0.4975,0.5024,172604.3
1760241600000,2025-10-12 06:00:00,0.5024,0.5185,0.5015,0.5155,241092.7
1760245200000,2025-10-12 07:00:00,0.5155,0.5166,0.5116,0.5117,115415.1
1760248800000,2025-10-12 08:00:00,0.5117,0.521,0.5109,0.5196,118542.6
1760252400000,2025-10-12 09:00:00,0.5196,0.5214,0.514,0.5193,163237.6
1760256000000,2025-10-12 10:00:00,0.5193,0.521,0.5146,0.5149,155069.6
1760259600000,2025-10-12 11:00:00,0.5149,0.5178,0.5099,0.5178,120193.3
1760263200000,2025-10-12 12:00:00,0.5178,0.5209,0.5134,0.5144,161577.1
1760266800000,2025-10-12 13:00:00,0.5144,0.527,0.5144,0.5251,216010.9
1760270400000,2025-10-12 14:00:00,0.5251,0.527,0.5188,0.5218,232424.3
1760274000000,2025-10-12 15:00:00,0.5218,0.5248,0.5137,0.5154,141539.5
1760277600000,2025-10-12 16:00:00,0.5154,0.5468,0.5154,0.5371,791284.7
1760281200000,2025-10-12 17:00:00,0.5371,0.5554,0.5363,0.5527,597936.8
1760284800000,2025-10-12 18:00:00,0.5527,0.5731,0.5527,0.5638,681851.8
1760288400000,2025-10-12 19:00:00,0.5638,0.5738,0.5617,0.5676,654453.6
1760292000000,2025-10-12 20:00:00,0.5676,0.5725,0.5594,0.5632,373250.1
1760295600000,2025-10-12 21:00:00,0.5632,0.5728,0.5631,0.5712,153021.5
1760299200000,2025-10-12 22:00:00,0.5712,0.574,0.5632,0.566,257531.7
1760302800000,2025-10-12 23:00:00,0.566,0.5726,0.5572,0.5683,201276.8
1760306400000,2025-10-13 00:00:00,0.5683,0.5739,0.5641,0.5676,128362.5
1760310000000,2025-10-13 01:00:00,0.5676,0.5676,0.5609,0.5662,77378.8
1760313600000,2025-10-13 02:00:00,0.5662,0.5734,0.5577,0.5624,274279.2
1760317200000,2025-10-13 03:00:00,0.5624,0.5664,0.5582,0.5661,157372.9
1760320800000,2025-10-13 04:00:00,0.5661,0.5688,0.5603,0.5636,226411.7
1760324400000,2025-10-13 05:00:00,0.5636,0.5658,0.5564,0.5588,130556.2
1760328000000,2025-10-13 06:00:00,0.5588,0.5637,0.5534,0.5626,201747.6
1760331600000,2025-10-13 07:00:00,0.5626,0.5634,0.5569,0.5583,118730.5
1760335200000,2025-10-13 08:00:00,0.5583,0.5689,0.555,0.5664,352489.7
1760338800000,2025-10-13 09:00:00,0.5664,0.5766,0.5644,0.5704,360571.6
1760342400000,2025-10-13 10:00:00,0.5704,0.5836,0.5697,0.5774,239413.6
1760346000000,2025-10-13 11:00:00,0.5774,0.5798,0.572,0.5787,185523.7
1760349600000,2025-10-13 12:00:00,0.5787,0.5821,0.5734,0.5788,237630.8
1760353200000,2025-10-13 13:00:00,0.5788,0.58,0.5566,0.5667,1442161.3
1760356800000,2025-10-13 14:00:00,0.5667,0.575,0.5609,0.5654,293874.2
1760360400000,2025-10-13 15:00:00,0.5654,0.5837,0.5631,0.5806,1135729.7
1760364000000,2025-10-13 16:00:00,0.5806,0.5836,0.5625,0.5646,812372.7
1760367600000,2025-10-13 17:00:00,0.5646,0.5787,0.5636,0.5745,258135.6
1760371200000,2025-10-13 18:00:00,0.5745,0.583,0.5729,0.5809,379858.9
1760374800000,2025-10-13 19:00:00,0.5809,0.5963,0.5792,0.5955,473561.5
1760378400000,2025-10-13 20:00:00,0.5955,0.6001,0.5886,0.5934,433231.1
1760382000000,2025-10-13 21:00:00,0.5934,0.6076,0.5933,0.6057,434697.4
1760385600000,2025-10-13 22:00:00,0.6057,0.6106,0.6026,0.6104,179225.6
1760389200000,2025-10-13 23:00:00,0.6104,0.6115,0.604,0.6045,115206.2
1760392800000,2025-10-14 00:00:00,0.6045,0.6105,0.6037,0.6094,126410.5
1760396400000,2025-10-14 01:00:00,0.6094,0.6118,0.6057,0.6075,138397.5
1760400000000,2025-10-14 02:00:00,0.6075,0.6097,0.5984,0.6012,185852.3
1760403600000,2025-10-14 03:00:00,0.6012,0.6023,0.5944,0.5968,215309.2
1760407200000,2025-10-14 04:00:00,0.5968,0.5972,0.5862,0.5871,288633.5
1760410800000,2025-10-14 05:00:00,0.5871,0.5873,0.5783,0.5802,353092.2
1760414400000,2025-10-14 06:00:00,0.5802,0.5836,0.565,0.5696,318390.2
1760418000000,2025-10-14 07:00:00,0.5696,0.5761,0.5576,0.5586,491117.7
1760421600000,2025-10-14 08:00:00,0.5586,0.5627,0.5327,0.5447,807665.9
1760425200000,2025-10-14 09:00:00,0.5447,0.5481,0.5357,0.5386,617646.4
1760428800000,2025-10-14 10:00:00,0.5386,0.5459,0.5336,0.5412,335694.3
1760432400000,2025-10-14 11:00:00,0.5412,0.5481,0.5407,0.5465,364895.4
1760436000000,2025-10-14 12:00:00,0.5465,0.5465,0.5307,0.5414,358034.1
1760439600000,2025-10-14 13:00:00,0.5414,0.5568,0.5414,0.5543,370839.1
1760443200000,2025-10-14 14:00:00,0.5543,0.5549,0.5426,0.5438,371558.3
1760446800000,2025-10-14 15:00:00,0.5438,0.5599,0.5415,0.5538,627478.3
1760450400000,2025-10-14 16:00:00,0.5538,0.566,0.5507,0.5554,707903.9
1760454000000,2025-10-14 17:00:00,0.5554,0.574,0.5528,0.5732,411204.9
1760457600000,2025-10-14 18:00:00,0.5732,0.5856,0.5692,0.5755,625403.3
1760461200000,2025-10-14 19:00:00,0.5755,0.5823,0.5661,0.5753,658435.7
1760464800000,2025-10-14 20:00:00,0.5753,0.5849,0.5752,0.5776,280833.5
1760468400000,2025-10-14 21:00:00,0.5776,0.5823,0.565,0.574,491685.7
1760472000000,2025-10-14 22:00:00,0.574,0.5819,0.5707,0.5818,192626.5
1760475600000,2025-10-14 23:00:00,0.5818,0.5849,0.5775,0.5839,75755.1
1760479200000,2025-10-15 00:00:00,0.5839,0.5891,0.5781,0.5811,133453.5
1760482800000,2025-10-15 01:00:00,0.5811,0.586,0.5804,0.584,109880.6
1760486400000,2025-10-15 02:00:00,0.584,0.5842,0.5767,0.5808,263652.2
1760490000000,2025-10-15 03:00:00,0.5808,0.5818,0.5734,0.5793,344335.0
1760493600000,2025-10-15 04:00:00,0.5793,0.5897,0.5787,0.5822,120033.9
1760497200000,2025-10-15 05:00:00,0.5822,0.5841,0.5739,0.5784,163165.0
1760500800000,2025-10-15 06:00:00,0.5784,0.5883,0.577,0.5855,138866.3
1760504400000,2025-10-15 07:00:00,0.5855,0.5883,0.5783,0.5804,277317.1
1760508000000,2025-10-15 08:00:00,0.5804,0.5843,0.5753,0.5817,270893.3
1760511600000,2025-10-15 09:00:00,0.5817,0.5875,0.5781,0.5869,167897.5
1760515200000,2025-10-15 10:00:00,0.5869,0.5989,0.5858,0.5889,466760.6
1760518800000,2025-10-15 11:00:00,0.5889,0.5898,0.5802,0.5813,168378.7
1760522400000,2025-10-15 12:00:00,0.5813,0.5849,0.579,0.5824,114209.2
1760526000000,2025-10-15 13:00:00,0.5824,0.5836,0.572,0.5772,196289.5
1760529600000,2025-10-15 14:00:00,0.5772,0.58,0.567,0.5734,634088.9
1760533200000,2025-10-15 15:00:00,0.5734,0.5749,0.5557,0.57,691369.2
1760536800000,2025-10-15 16:00:00,0.57,0.5808,0.5605,0.5644,481397.5
1760540400000,2025-10-15 17:00:00,0.5644,0.5687,0.5526,0.5582,458624.5
1760544000000,2025-10-15 18:00:00,0.5582,0.5613,0.5531,0.557,147455.4
1760547600000,2025-10-15 19:00:00,0.557,0.5599,0.5497,0.5586,491493.5
1760551200000,2025-10-15 20:00:00,0.5586,0.561,0.5547,0.5599,111228.2
1760554800000,2025-10-15 21:00:00,0.5599,0.5602,0.5513,0.5541,169675.1
1760558400000,2025-10-15 22:00:00,0.5541,0.5589,0.5454,0.5528,308792.3
1760562000000,2025-10-15 23:00:00,0.5528,0.557,0.5463,0.5491,108747.8
1760565600000,2025-10-16 00:00:00,0.5491,0.5558,0.549,0.5511,82482.1
1760569200000,2025-10-16 01:00:00,0.5511,0.5573,0.5505,0.5556,106894.0
1760572800000,2025-10-16 02:00:00,0.5556,0.559,0.5532,0.5545,79838.3
1760576400000,2025-10-16 03:00:00,0.5545,0.5617,0.554,0.5602,80323.2
1760580000000,2025-10-16 04:00:00,0.5602,0.5638,0.5553,0.5599,160540.9
1760583600000,2025-10-16 05:00:00,0.5599,0.5612,0.5557,0.556,100918.9
1760587200000,2025-10-16 06:00:00,0.556,0.5614,0.5535,0.5554,44238.0
1760590800000,2025-10-16 07:00:00,0.5554,0.5594,0.5511,0.555,81335.9
1760594400000,2025-10-16 08:00:00,0.555,0.5648,0.5546,0.5636,112331.7
1760598000000,2025-10-16 09:00:00,0.5636,0.5641,0.5568,0.5604,112975.0
1760601600000,2025-10-16 10:00:00,0.5604,0.5624,0.554,0.5555,174994.8
1760605200000,2025-10-16 11:00:00,0.5555,0.5642,0.5376,0.5605,1192150.9
1760608800000,2025-10-16 12:00:00,0.5605,0.568,0.559,0.5627,252187.2
1760612400000,2025-10-16 13:00:00,0.5627,0.5655,0.5591,0.564,125785.1
1760616000000,2025-10-16 14:00:00,0.564,0.5698,0.5633,0.5662,200095.8
1760619600000,2025-10-16 15:00:00,0.5662,0.5683,0.5581,0.5609,182660.4
1760623200000,2025-10-16 16:00:00,0.5609,0.565,0.5488,0.5555,375575.2
1760626800000,2025-10-16 17:00:00,0.5555,0.5573,0.5348,0.5374,525698.3
1760630400000,2025-10-16 18:00:00,0.5374,0.5521,0.531,0.552,654983.5
1760634000000,2025-10-16 19:00:00,0.552,0.5529,0.5396,0.5404,345349.2
1760637600000,2025-10-16 20:00:00,0.5404,0.5422,0.5337,0.5399,273827.2
1760641200000,2025-10-16 21:00:00,0.5399,0.5407,0.523,0.5287,681172.6
1760644800000,2025-10-16 22:00:00,0.5287,0.5314,0.5154,0.5185,521490.4
1760648400000,2025-10-16 23:00:00,0.5185,0.5262,0.5182,0.5261,166560.2
1760652000000,2025-10-17 00:00:00,0.5261,0.5268,0.5173,0.5173,70952.2
1760655600000,2025-10-17 01:00:00,0.5173,0.5252,0.5162,0.5229,147333.8
1760659200000,2025-10-17 02:00:00,0.5229,0.5293,0.5224,0.5293,104709.6
1760662800000,2025-10-17 03:00:00,0.5293,0.5354,0.5268,0.5295,123769.4
1760666400000,2025-10-17 04:00:00,0.5295,0.5322,0.5251,0.5305,85671.0
1760670000000,2025-10-17 05:00:00,0.5305,0.5347,0.5305,0.534,56462.4
1760673600000,2025-10-17 06:00:00,0.534,0.5344,0.5297,0.5304,42465.2
1760677200000,2025-10-17 07:00:00,0.5304,0.5333,0.5253,0.5262,97593.2
1760680800000,2025-10-17 08:00:00,0.5262,0.5292,0.5065,0.5089,640049.1
1760684400000,2025-10-17 09:00:00,0.5089,0.5101,0.4901,0.4919,740106.7
1760688000000,2025-10-17 10:00:00,0.4919,0.4969,0.482,0.4892,648750.2
1760691600000,2025-10-17 11:00:00,0.4892,0.5063,0.4874,0.4956,334557.8
1760695200000,2025-10-17 12:00:00,0.4956,0.4988,0.485,0.494,512870.8
1760698800000,2025-10-17 13:00:00,0.494,0.5132,0.4932,0.5053,481974.0
1760702400000,2025-10-17 14:00:00,0.5053,0.5084,0.4987,0.4989,146932.1
1760706000000,2025-10-17 15:00:00,0.4989,0.5066,0.4941,0.5027,575492.5
1760709600000,2025-10-17 16:00:00,0.5027,0.5045,0.491,0.4969,434708.7
1760713200000,2025-10-17 17:00:00,0.4969,0.5103,0.4961,0.5101,316577.0
1760716800000,2025-10-17 18:00:00,0.5101,0.5215,0.5068,0.5081,866625.9
1760720400000,2025-10-17 19:00:00,0.5081,0.5123,0.505,0.5103,168250.1
1760724000000,2025-10-17 20:00:00,0.5103,0.5161,0.5089,0.5096,127013.0
1760727600000,2025-10-17 21:00:00,0.5096,0.5121,0.5062,0.5095,68372.5
1760731200000,2025-10-17 22:00:00,0.5095,0.5143,0.5079,0.5117,156435.5
1760734800000,2025-10-17 23:00:00,0.5117,0.5176,0.5114,0.5153,126911.8
1760738400000,2025-10-18 00:00:00,0.5153,0.5159,0.5091,0.5127,96534.1
1760742000000,2025-10-18 01:00:00,0.5127,0.5127,0.5066,0.5074,85645.4
1760745600000,2025-10-18 02:00:00,0.5074,0.5117,0.5068,0.5097,43998.2
1760749200000,2025-10-18 03:00:00,0.5097,0.5185,0.5097,0.5182,34324.9
1760752800000,2025-10-18 04:00:00,0.5182,0.5199,0.5115,0.5124,63437.5
1760756400000,2025-10-18 05:00:00,0.5124,0.5177,0.5124,0.5154,27999.1
1760760000000,2025-10-18 06:00:00,0.5154,0.5154,0.5094,0.5096,50781.0
1760763600000,2025-10-18 07:00:00,0.5096,0.5121,0.5073,0.5121,51865.8
1760767200000,2025-10-18 08:00:00,0.5121,0.5144,0.5093,0.5141,41418.2
1760770800000,2025-10-18 09:00:00,0.5141,0.5234,0.5127,0.514,140120.1
1760774400000,2025-10-18 10:00:00,0.514,0.5169,0.5126,0.5129,132322.1
1760778000000,2025-10-18 11:00:00,0.5129,0.5199,0.5119,0.5187,63227.6
1760781600000,2025-10-18 12:00:00,0.5187,0.5216,0.516,0.5198,77893.2
1760785200000,2025-10-18 13:00:00,0.5198,0.5232,0.5181,0.5215,115648.4
1760788800000,2025-10-18 14:00:00,0.5215,0.5224,0.5161,0.5174,74797.6
1760792400000,2025-10-18 15:00:00,0.5174,0.5174,0.5103,0.5104,57154.9
1760796000000,2025-10-18 16:00:00,0.5104,0.5155,0.5067,0.514,127309.2
1760799600000,2025-10-18 17:00:00,0.514,0.5158,0.5109,0.5137,69856.2
1760803200000,2025-10-18 18:00:00,0.5137,0.5146,0.507,0.5117,93086.1
1760806800000,2025-10-18 19:00:00,0.5117,0.5196,0.5093,0.5183,137753.8
1760810400000,2025-10-18 20:00:00,0.5183,0.5202,0.5158,0.5158,37608.2
1760814000000,2025-10-18 21:00:00,0.5158,0.5173,0.5147,0.5164,21761.6
1760817600000,2025-10-18 22:00:00,0.5164,0.5202,0.5161,0.5169,33486.0
1760821200000,2025-10-18 23:00:00,0.5169,0.5174,0.5134,0.5172,29858.3
1760824800000,2025-10-19 00:00:00,0.5172,0.5182,0.5149,0.5157,11317.9
1760828400000,2025-10-19 01:00:00,0.5157,0.5158,0.5131,0.5155,89583.9
1760832000000,2025-10-19 02:00:00,0.5155,0.516,0.5098,0.5111,42058.8
1760835600000,2025-10-19 03:00:00,0.5111,0.5133,0.5088,0.5129,42274.3
1760839200000,2025-10-19 04:00:00,0.5129,0.5138,0.5099,0.511,25265.1
1760842800000,2025-10-19 05:00:00,0.511,0.5199,0.5098,0.5191,34395.0
1760846400000,2025-10-19 06:00:00,0.5191,0.5194,0.515,0.517,43704.5
1760850000000,2025-10-19 07:00:00,0.517,0.5191,0.513,0.514,49812.2
1760853600000,2025-10-19 08:00:00,0.514,0.5147,0.5092,0.5116,35270.3
1760857200000,2025-10-19 09:00:00,0.5116,0.5147,0.5114,0.5145,24029.5
1760860800000,2025-10-19 10:00:00,0.5145,0.5228,0.5101,0.5114,489960.9
1760864400000,2025-10-19 11:00:00,0.5114,0.524,0.5066,0.5194,603161.4
1760868000000,2025-10-19 12:00:00,0.5194,0.5297,0.5166,0.529,223045.4
1760871600000,2025-10-19 13:00:00,0.529,0.5339,0.5287,0.5305,347647.0
1760875200000,2025-10-19 14:00:00,0.5305,0.5325,0.5273,0.5295,125110.0
1760878800000,2025-10-19 15:00:00,0.5295,0.5443,0.5276,0.5423,247256.4
1760882400000,2025-10-19 16:00:00,0.5423,0.5433,0.5361,0.5411,413688.6
1760886000000,2025-10-19 17:00:00,0.5411,0.5423,0.5366,0.5399,214902.5
1760889600000,2025-10-19 18:00:00,0.5399,0.5413,0.5347,0.5389,182684.2
1760893200000,2025-10-19 19:00:00,0.5389,0.5445,0.5358,0.5368,297388.9
1760896800000,2025-10-19 20:00:00,0.5368,0.5404,0.5361,0.5395,65210.9
1760900400000,2025-10-19 21:00:00,0.5395,0.5408,0.5362,0.54,51951.7
1760904000000,2025-10-19 22:00:00,0.54,0.5411,0.5382,0.5406,20962.1
1760907600000,2025-10-19 23:00:00,0.5406,0.541,0.536,0.5376,74417.3
1760911200000,2025-10-20 00:00:00,0.5376,0.5423,0.5376,0.541,75281.3
1760914800000,2025-10-20 01:00:00,0.541,0.541,0.5335,0.5339,175623.8
1760918400000,2025-10-20 02:00:00,0.5339,0.5346,0.5232,0.5279,96759.0
1760922000000,2025-10-20 03:00:00,0.5279,0.5317,0.5274,0.5286,62783.9
1760925600000,2025-10-20 04:00:00,0.5286,0.5337,0.5258,0.532,88714.0
1760929200000,2025-10-20 05:00:00,0.532,0.5499,0.5307,0.5481,166474.3
1760932800000,2025-10-20 06:00:00,0.5481,0.5501,0.5445,0.5479,112638.3
1760936400000,2025-10-20 07:00:00,0.5479,0.5553,0.5454,0.5536,159114.8
1760940000000,2025-10-20 08:00:00,0.5536,0.5598,0.5531,0.557,226377.6
1760943600000,2025-10-20 09:00:00,0.557,0.5586,0.553,0.5567,161528.6
1760947200000,2025-10-20 10:00:00,0.5567,0.5593,0.5521,0.5555,54854.1
1760950800000,2025-10-20 11:00:00,0.5555,0.5574,0.552,0.5548,138814.3
1760954400000,2025-10-20 12:00:00,0.5548,0.5623,0.5539,0.5573,146212.0
1760958000000,2025-10-20 13:00:00,0.5573,0.5623,0.5555,0.5609,87674.1
1760961600000,2025-10-20 14:00:00,0.5609,0.5642,0.5575,0.5594,185155.6
1760965200000,2025-10-20 15:00:00,0.5594,0.5638,0.5562,0.5635,84444.5
1760968800000,2025-10-20 16:00:00,0.5635,0.5637,0.5565,0.5616,98824.2
1760972400000,2025-10-20 17:00:00,0.5616,0.5636,0.5543,0.5545,193235.8
1760976000000,2025-10-20 18:00:00,0.5545,0.5545,0.5419,0.5487,438978.5
1760979600000,2025-10-20 19:00:00,0.5487,0.5536,0.5468,0.5508,111263.2
1760983200000,2025-10-20 20:00:00,0.5508,0.5537,0.549,0.5536,66825.1
1760986800000,2025-10-20 21:00:00,0.5536,0.5634,0.5528,0.56,80644.6
1760990400000,2025-10-20 22:00:00,0.56,0.5726,0.5581,0.5633,414717.9
1760994000000,2025-10-20 23:00:00,0.5633,0.5648,0.5571,0.5577,86860.5
1760997600000,2025-10-21 00:00:00,0.5577,0.559,0.5562,0.5575,31193.1
1761001200000,2025-10-21 01:00:00,0.5575,0.5576,0.5535,0.5545,47529.1
1761004800000,2025-10-21 02:00:00,0.5545,0.5554,0.5524,0.5538,64616.6
1761008400000,2025-10-21 03:00:00,0.5538,0.554,0.5445,0.5459,153155.7
1761012000000,2025-10-21 04:00:00,0.5459,0.5467,0.542,0.5435,63783.7
1761015600000,2025-10-21 05:00:00,0.5435,0.545,0.538,0.5399,58271.2
1761019200000,2025-10-21 06:00:00,0.5399,0.5409,0.5282,0.5294,213197.2
1761022800000,2025-10-21 07:00:00,0.5294,0.5323,0.5278,0.5295,100321.4
1761026400000,2025-10-21 08:00:00,0.5295,0.5334,0.5287,0.5309,67159.1
1761030000000,2025-10-21 09:00:00,0.5309,0.5344,0.5284,0.5335,27067.8
1761033600000,2025-10-21 10:00:00,0.5335,0.5335,0.5251,0.5292,93817.7
1761037200000,2025-10-21 11:00:00,0.5292,0.53,0.5237,0.5244,287780.9
1761040800000,2025-10-21 12:00:00,0.5244,0.5332,0.5241,0.5294,173612.0
1761044400000,2025-10-21 13:00:00,0.5294,0.5309,0.5282,0.5297,39043.1
1761048000000,2025-10-21 14:00:00,0.5297,0.5389,0.5291,0.5314,165480.5
1761051600000,2025-10-21 15:00:00,0.5314,0.5367,0.5288,0.5317,122244.3
1761055200000,2025-10-21 16:00:00,0.5317,0.56,0.5317,0.5597,468462.1
1761058800000,2025-10-21 17:00:00,0.5597,0.5697,0.555,0.5671,406595.3
1761062400000,2025-10-21 18:00:00,0.5671,0.5729,0.5573,0.5591,302272.2
1761066000000,2025-10-21 19:00:00,0.5591,0.5644,0.5536,0.5607,243691.3
1761069600000,2025-10-21 20:00:00,0.5607,0.5632,0.5574,0.5601,76921.6
1761073200000,2025-10-21 21:00:00,0.5601,0.5607,0.5564,0.5564,51529.1
1761076800000,2025-10-21 22:00:00,0.5564,0.5568,0.5469,0.5494,165824.2
1761080400000,2025-10-21 23:00:00,0.5494,0.5527,0.5415,0.5495,126950.7
1761084000000,2025-10-22 00:00:00,0.5495,0.5505,0.5356,0.5376,548861.7
1761087600000,2025-10-22 01:00:00,0.5376,0.5381,0.5273,0.5283,260822.7
1761091200000,2025-10-22 02:00:00,0.5283,0.5311,0.5226,0.5258,198451.8
1761094800000,2025-10-22 03:00:00,0.5258,0.531,0.5247,0.5264,95871.7
1761098400000,2025-10-22 04:00:00,0.5264,0.5299,0.526,0.5275,69201.6
1761102000000,2025-10-22 05:00:00,0.5275,0.5297,0.5238,0.5295,120101.1
1761105600000,2025-10-22 06:00:00,0.5295,0.5348,0.529,0.5332,73684.3
1761109200000,2025-10-22 07:00:00,0.5332,0.5336,0.522,0.5274,143066.3
1761112800000,2025-10-22 08:00:00,0.5274,0.5283,0.5246,0.5247,78218.8
1761116400000,2025-10-22 09:00:00,0.5247,0.5291,0.5222,0.5285,110074.0
1761120000000,2025-10-22 10:00:00,0.5285,0.5285,0.5238,0.5255,57599.6
1761123600000,2025-10-22 11:00:00,0.5255,0.5275,0.5221,0.5242,71250.1
1761127200000,2025-10-22 12:00:00,0.5242,0.5287,0.5228,0.5246,227159.1
1761130800000,2025-10-22 13:00:00,0.5246,0.5321,0.5181,0.528,618424.8
1761134400000,2025-10-22 14:00:00,0.528,0.5317,0.5254,0.527,173450.3
1761138000000,2025-10-22 15:00:00,0.527,0.5375,0.5265,0.5361,300871.0
1761141600000,2025-10-22 16:00:00,0.5361,0.5361,0.522,0.5324,420342.5
1761145200000,2025-10-22 17:00:00,0.5324,0.5354,0.5221,0.5269,175749.3
1761148800000,2025-10-22 18:00:00,0.5269,0.5295,0.5203,0.5247,271139.9
1761152400000,2025-10-22 19:00:00,0.5247,0.5263,0.5177,0.5198,167558.6
1761156000000,2025-10-22 20:00:00,0.5198,0.522,0.5166,0.5193,207053.6
1761159600000,2025-10-22 21:00:00,0.5193,0.5261,0.5162,0.5208,137034.2
1761163200000,2025-10-22 22:00:00,0.5208,0.5225,0.513,0.5137,271684.4
1761166800000,2025-10-22 23:00:00,0.5137,0.5137,0.4963,0.5059,796907.1
1761170400000,2025-10-23 00:00:00,0.5059,0.5095,0.5029,0.5054,330519.3
1761174000000,2025-10-23 01:00:00,0.5054,0.5187,0.5051,0.5173,252896.8
1761177600000,2025-10-23 02:00:00,0.5173,0.5205,0.5167,0.5193,43825.8
1761181200000,2025-10-23 03:00:00,0.5193,0.5242,0.5193,0.5216,105234.6
1761184800000,2025-10-23 04:00:00,0.5216,0.5268,0.5216,0.5263,72885.3
1761188400000,2025-10-23 05:00:00,0.5263,0.5286,0.5256,0.5268,59335.9
1761192000000,2025-10-23 06:00:00,0.5268,0.527,0.5238,0.5242,50217.7
1761195600000,2025-10-23 07:00:00,0.5242,0.5262,0.5235,0.5258,44359.2
1761199200000,2025-10-23 08:00:00,0.5258,0.5338,0.5252,0.5335,166989.0
1761202800000,2025-10-23 09:00:00,0.5335,0.534,0.529,0.5297,62078.5
1761206400000,2025-10-23 10:00:00,0.5297,0.5332,0.5293,0.5306,119230.4
1761210000000,2025-10-23 11:00:00,0.5306,0.5312,0.5292,0.5311,86022.3
1761213600000,2025-10-23 12:00:00,0.5311,0.5331,0.5287,0.529,68535.4
1761217200000,2025-10-23 13:00:00,0.529,0.529,0.5223,0.5232,125130.3
1761220800000,2025-10-23 14:00:00,0.5232,0.5232,0.5177,0.5231,240656.6
1761224400000,2025-10-23 15:00:00,0.5231,0.5294,0.5205,0.5278,181548.2
1761228000000,2025-10-23 16:00:00,0.5278,0.5287,0.5211,0.526,142001.1
1761231600000,2025-10-23 17:00:00,0.526,0.5325,0.5247,0.5276,119071.5
1761235200000,2025-10-23 18:00:00,0.5276,0.5378,0.5276,0.5362,257816.9
1761238800000,2025-10-23 19:00:00,0.5362,0.542,0.5308,0.541,219531.0
1761242400000,2025-10-23 20:00:00,0.541,0.5416,0.5351,0.5357,179888.5
1761246000000,2025-10-23 21:00:00,0.5357,0.5363,0.5327,0.536,61711.3
1761249600000,2025-10-23 22:00:00,0.536,0.536,0.5278,0.5302,181406.6
1761253200000,2025-10-23 23:00:00,0.5302,0.5322,0.5286,0.53,54339.6
1761256800000,2025-10-24 00:00:00,0.53,0.5329,0.53,0.532,70016.0
1761260400000,2025-10-24 01:00:00,0.532,0.5346,0.5306,0.5345,22520.3
1761264000000,2025-10-24 02:00:00,0.5345,0.5374,0.5328,0.5357,55056.2
1761267600000,2025-10-24 03:00:00,0.5357,0.5366,0.532,0.5344,27302.3
1761271200000,2025-10-24 04:00:00,0.5344,0.5344,0.5297,0.5306,48394.9
1761274800000,2025-10-24 05:00:00,0.5306,0.5306,0.5271,0.5289,63371.5
1761278400000,2025-10-24 06:00:00,0.5289,0.5401,0.5278,0.5379,110716.5
1761282000000,2025-10-24 07:00:00,0.5379,0.5398,0.5367,0.5387,52698.6
1761285600000,2025-10-24 08:00:00,0.5387,0.54,0.5374,0.5394,69132.6
1761289200000,2025-10-24 09:00:00,0.5394,0.5398,0.5331,0.5359,122182.8
1761292800000,2025-10-24 10:00:00,0.5359,0.5403,0.5331,0.5382,196718.5
1761296400000,2025-10-24 11:00:00,0.5382,0.5393,0.5354,0.5357,138260.4
1761300000000,2025-10-24 12:00:00,0.5357,0.5373,0.5325,0.5325,140161.6
1761303600000,2025-10-24 13:00:00,0.5325,0.5345,0.5285,0.5344,158347.7
1761307200000,2025-10-24 14:00:00,0.5344,0.5456,0.5331,0.5388,355711.1
1761310800000,2025-10-24 15:00:00,0.5388,0.5394,0.5311,0.5359,123451.1
1761314400000,2025-10-24 16:00:00,0.5359,0.5361,0.5273,0.5294,152483.9
1761318000000,2025-10-24 17:00:00,0.5294,0.5323,0.5237,0.5261,287332.3
1761321600000,2025-10-24 18:00:00,0.5261,0.527,0.5206,0.5232,124538.8
1761325200000,2025-10-24 19:00:00,0.5232,0.5294,0.5231,0.5261,114570.1
1761328800000,2025-10-24 20:00:00,0.5261,0.5307,0.5255,0.5307,72494.2
1761332400000,2025-10-24 21:00:00,0.5307,0.5371,0.5307,0.5337,153900.6
1761336000000,2025-10-24 22:00:00,0.5337,0.5369,0.5331,0.5356,44115.9
1761339600000,2025-10-24 23:00:00,0.5356,0.5383,0.5341,0.538,117538.9
1761343200000,2025-10-25 00:00:00,0.538,0.5382,0.5329,0.5343,176151.1
1761346800000,2025-10-25 01:00:00,0.5343,0.5343,0.5323,0.5332,34494.0
1761350400000,2025-10-25 02:00:00,0.5332,0.5333,0.5288,0.5295,109712.3
1761354000000,2025-10-25 03:00:00,0.5295,0.5376,0.5295,0.534,187236.7
1761357600000,2025-10-25 04:00:00,0.534,0.5356,0.5332,0.5338,47855.9
1761361200000,2025-10-25 05:00:00,0.5338,0.5339,0.5312,0.5316,70931.6
1761364800000,2025-10-25 06:00:00,0.5316,0.5356,0.5316,0.5326,117165.6
1761368400000,2025-10-25 07:00:00,0.5326,0.5326,0.5302,0.5315,29158.3
1761372000000,2025-10-25 08:00:00,0.5315,0.5324,0.5301,0.5306,18724.2
1761375600000,2025-10-25 09:00:00,0.5306,0.5352,0.5301,0.5305,52817.5
1761379200000,2025-10-25 10:00:00,0.5305,0.5338,0.5304,0.5338,172028.0
1761382800000,2025-10-25 11:00:00,0.5338,0.5342,0.5298,0.5303,50659.2
1761386400000,2025-10-25 12:00:00,0.5303,0.5307,0.5276,0.529,29222.6
1761390000000,2025-10-25 13:00:00,0.529,0.5314,0.5284,0.5314,32901.2
1761393600000,2025-10-25 14:00:00,0.5314,0.5333,0.5293,0.532,161220.6
1761397200000,2025-10-25 15:00:00,0.532,0.5327,0.5302,0.5324,39572.0
1761400800000,2025-10-25 16:00:00,0.5324,0.5343,0.5315,0.534,128566.7
1761404400000,2025-10-25 17:00:00,0.534,0.5346,0.5315,0.5325,60113.1
1761408000000,2025-10-25 18:00:00,0.5325,0.5343,0.5319,0.533,163299.5
1761411600000,2025-10-25 19:00:00,0.533,0.5387,0.5326,0.5347,542507.5
1761415200000,2025-10-25 20:00:00,0.5347,0.539,0.5338,0.5368,151332.0
1761418800000,2025-10-25 21:00:00,0.5368,0.537,0.5352,0.5369,139025.8
1761422400000,2025-10-25 22:00:00,0.5369,0.5383,0.5342,0.5344,214866.1
1761426000000,2025-10-25 23:00:00,0.5344,0.5369,0.533,0.5345,286051.1
1761429600000,2025-10-26 00:00:00,0.5345,0.5359,0.5322,0.5351,62190.4
1761433200000,2025-10-26 01:00:00,0.5351,0.5351,0.5328,0.5329,34102.5
1761436800000,2025-10-26 02:00:00,0.5329,0.5334,0.5296,0.5302,111359.1
1761440400000,2025-10-26 03:00:00,0.5302,0.5311,0.5244,0.5268,157383.4
1761444000000,2025-10-26 04:00:00,0.5268,0.528,0.5248,0.5264,106919.8
1761447600000,2025-10-26 05:00:00,0.5264,0.5266,0.5221,0.5237,117895.8
1761451200000,2025-10-26 06:00:00,0.5237,0.5263,0.523,0.5253,50919.0
1761454800000,2025-10-26 07:00:00,0.5253,0.5277,0.5248,0.5275,73232.9
1761458400000,2025-10-26 08:00:00,0.5275,0.5285,0.5257,0.5283,47575.6
1761462000000,2025-10-26 09:00:00,0.5283,0.5311,0.5272,0.531,66066.0
1761465600000,2025-10-26 10:00:00,0.531,0.5332,0.5309,0.532,75209.6
1761469200000,2025-10-26 11:00:00,0.532,0.5412,0.5318,0.5378,300676.1
1761472800000,2025-10-26 12:00:00,0.5378,0.5383,0.5339,0.534,121765.6
1761476400000,2025-10-26 13:00:00,0.534,0.5427,0.5328,0.5423,310580.7
1761480000000,2025-10-26 14:00:00,0.5423,0.5444,0.5405,0.5428,229032.1
1761483600000,2025-10-26 15:00:00,0.5428,0.5481,0.5422,0.5465,297711.6
1761487200000,2025-10-26 16:00:00,0.5465,0.5466,0.5426,0.5445,60011.1
1761490800000,2025-10-26 17:00:00,0.5445,0.5471,0.5419,0.5469,56162.4
1761494400000,2025-10-26 18:00:00,0.5469,0.5475,0.5426,0.5447,156710.0
1761498000000,2025-10-26 19:00:00,0.5447,0.5484,0.5445,0.5474,534497.1
1761501600000,2025-10-26 20:00:00,0.5474,0.5484,0.5463,0.5471,119820.8
1761505200000,2025-10-26 21:00:00,0.5471,0.5472,0.5457,0.5468,55275.6
1761508800000,2025-10-26 22:00:00,0.5468,0.5468,0.5429,0.5438,168033.0
1761512400000,2025-10-26 23:00:00,0.5438,0.5506,0.5425,0.55,189358.7
1761516000000,2025-10-27 00:00:00,0.55,0.5608,0.55,0.5584,455927.1
1761519600000,2025-10-27 01:00:00,0.5584,0.5598,0.5548,0.5556,169801.1
1761523200000,2025-10-27 02:00:00,0.5556,0.5612,0.5546,0.5597,109425.1
1761526800000,2025-10-27 03:00:00,0.5597,0.5633,0.5569,0.5622,147869.0
1761530400000,2025-10-27 04:00:00,0.5622,0.5647,0.5597,0.562,93281.8
1761534000000,2025-10-27 05:00:00,0.562,0.5634,0.5579,0.5591,64394.9
1761537600000,2025-10-27 06:00:00,0.5591,0.5609,0.5557,0.5603,170339.7
1761541200000,2025-10-27 07:00:00,0.5603,0.5679,0.5601,0.5613,217502.1
1761544800000,2025-10-27 08:00:00,0.5613,0.5656,0.5594,0.564,294967.6
1761548400000,2025-10-27 09:00:00,0.564,0.5654,0.5542,0.5586,83964.0
1761552000000,2025-10-27 10:00:00,0.5586,0.5599,0.5515,0.5536,269073.0
1761555600000,2025-10-27 11:00:00,0.5536,0.5536,0.5444,0.5461,313059.4
1761559200000,2025-10-27 12:00:00,0.5461,0.5481,0.5435,0.5448,86804.3
1761562800000,2025-10-27 13:00:00,0.5448,0.5474,0.5413,0.5473,97305.6
1761566400000,2025-10-27 14:00:00,0.5473,0.5479,0.5405,0.5408,59321.1
1761570000000,2025-10-27 15:00:00,0.5408,0.5443,0.5341,0.5415,341706.9
1761573600000,2025-10-27 16:00:00,0.5415,0.5424,0.5353,0.5382,156574.3
1761577200000,2025-10-27 17:00:00,0.5382,0.5455,0.5382,0.5437,91446.8
1761580800000,2025-10-27 18:00:00,0.5437,0.5549,0.5437,0.5544,180928.1
1761584400000,2025-10-27 19:00:00,0.5544,0.5631,0.5522,0.5577,607635.2
1761588000000,2025-10-27 20:00:00,0.5577,0.5602,0.5551,0.5556,148255.1
1761591600000,2025-10-27 21:00:00,0.5556,0.5559,0.5486,0.5494,186821.6
1761595200000,2025-10-27 22:00:00,0.5494,0.5494,0.5433,0.5437,195305.5
1761598800000,2025-10-27 23:00:00,0.5437,0.5493,0.5428,0.5458,109402.9
1761602400000,2025-10-28 00:00:00,0.5458,0.5482,0.541,0.542,77149.3
1761606000000,2025-10-28 01:00:00,0.542,0.5448,0.5391,0.5434,71397.4
1761609600000,2025-10-28 02:00:00,0.5434,0.5473,0.5411,0.5435,102758.5
1761613200000,2025-10-28 03:00:00,0.5435,0.5473,0.5435,0.5445,71053.0
1761616800000,2025-10-28 04:00:00,0.5445,0.5457,0.5341,0.5377,357911.8
1761620400000,2025-10-28 05:00:00,0.5377,0.5386,0.5315,0.5331,152483.9
1761624000000,2025-10-28 06:00:00,0.5331,0.5378,0.5316,0.5361,63970.6
1761627600000,2025-10-28 07:00:00,0.5361,0.5383,0.5276,0.5292,532710.8
1761631200000,2025-10-28 08:00:00,0.5292,0.5453,0.5292,0.5451,196798.7
1761634800000,2025-10-28 09:00:00,0.5451,0.5469,0.5349,0.5354,180726.2
1761638400000,2025-10-28 10:00:00,0.5354,0.5398,0.5346,0.5388,130526.8
1761642000000,2025-10-28 11:00:00,0.5388,0.5399,0.5351,0.5382,119967.5
1761645600000,2025-10-28 12:00:00,0.5382,0.5382,0.5335,0.5366,328255.1
1761649200000,2025-10-28 13:00:00,0.5366,0.5392,0.534,0.5347,97300.8
1761652800000,2025-10-28 14:00:00,0.5347,0.5399,0.5341,0.5379,202279.0
1761656400000,2025-10-28 15:00:00,0.5379,0.5438,0.5379,0.5419,174968.0
1761660000000,2025-10-28 16:00:00,0.5419,0.5457,0.5288,0.5388,684392.6
1761663600000,2025-10-28 17:00:00,0.5388,0.5419,0.5324,0.5343,163661.5
1761667200000,2025-10-28 18:00:00,0.5343,0.5411,0.5323,0.5393,195965.9
1761670800000,2025-10-28 19:00:00,0.5393,0.5399,0.5346,0.5358,623804.3
1761674400000,2025-10-28 20:00:00,0.5358,0.537,0.5311,0.5331,253757.5
1761678000000,2025-10-28 21:00:00,0.5331,0.5333,0.5215,0.5237,484474.8
1761681600000,2025-10-28 22:00:00,0.5237,0.5244,0.5112,0.513,1033916.3
1761685200000,2025-10-28 23:00:00,0.513,0.5157,0.5046,0.5133,408373.4
1761688800000,2025-10-29 00:00:00,0.5133,0.5211,0.5115,0.5201,131844.0
1761692400000,2025-10-29 01:00:00,0.5201,0.5211,0.5182,0.5188,107828.3
1761696000000,2025-10-29 02:00:00,0.5188,0.5229,0.5181,0.5195,71934.8
1761699600000,2025-10-29 03:00:00,0.5195,0.5231,0.5181,0.5209,107138.7
1761703200000,2025-10-29 04:00:00,0.5209,0.5223,0.5196,0.5215,45934.0
1761706800000,2025-10-29 05:00:00,0.5215,0.5216,0.5178,0.5193,72249.1
1761710400000,2025-10-29 06:00:00,0.5193,0.5217,0.5192,0.52,19468.9
1761714000000,2025-10-29 07:00:00,0.52,0.5225,0.5188,0.5208,33347.2
1761717600000,2025-10-29 08:00:00,0.5208,0.522,0.5192,0.5211,47349.5
1761721200000,2025-10-29 09:00:00,0.5211,0.5249,0.5196,0.5226,82876.7
1761724800000,2025-10-29 10:00:00,0.5226,0.5229,0.5178,0.5198,36959.4
1761728400000,2025-10-29 11:00:00,0.5198,0.5215,0.5183,0.5202,16059.4
1761732000000,2025-10-29 12:00:00,0.5202,0.5296,0.5201,0.5272,372943.2
1761735600000,2025-10-29 13:00:00,0.5272,0.5292,0.5233,0.5286,420469.9
1761739200000,2025-10-29 14:00:00,0.5286,0.5316,0.5279,0.5287,187865.3
1761742800000,2025-10-29 15:00:00,0.5287,0.5314,0.5242,0.5252,180563.9
1761746400000,2025-10-29 16:00:00,0.5252,0.5265,0.5208,0.5248,99108.1
1761750000000,2025-10-29 17:00:00,0.5248,0.5259,0.5148,0.5184,203748.0
1761753600000,2025-10-29 18:00:00,0.5184,0.5233,0.5153,0.52,95310.7
1761757200000,2025-10-29 19:00:00,0.52,0.5354,0.52,0.5354,162611.1
1761760800000,2025-10-29 20:00:00,0.5354,0.538,0.51,0.5284,2076275.1
1761764400000,2025-10-29 21:00:00,0.5284,0.5384,0.5258,0.5329,241959.5
1761768000000,2025-10-29 22:00:00,0.5329,0.5382,0.5285,0.5343,310732.3
1761771600000,2025-10-29 23:00:00,0.5343,0.5382,0.5306,0.5365,78675.9
1761775200000,2025-10-30 00:00:00,0.5365,0.5365,0.5317,0.5324,76295.3
1761778800000,2025-10-30 01:00:00,0.5324,0.5328,0.5213,0.5236,254037.7
1761782400000,2025-10-30 02:00:00,0.5236,0.5277,0.5203,0.5271,96481.0
1761786000000,2025-10-30 03:00:00,0.5271,0.5286,0.5241,0.5261,53982.8
1761789600000,2025-10-30 04:00:00,0.5261,0.5325,0.5253,0.5306,59164.8
1761793200000,2025-10-30 05:00:00,0.5306,0.5306,0.523,0.5257,75154.7
1761796800000,2025-10-30 06:00:00,0.5257,0.5257,0.5015,0.5077,606900.6
1761800400000,2025-10-30 07:00:00,0.5077,0.5175,0.5051,0.5161,134285.5
1761804000000,2025-10-30 08:00:00,0.5161,0.518,0.5111,0.5152,102316.5
1761807600000,2025-10-30 09:00:00,0.5152,0.5215,0.5137,0.519,63495.0
1761811200000,2025-10-30 10:00:00,0.519,0.5192,0.5123,0.5128,101863.7
1761814800000,2025-10-30 11:00:00,0.5128,0.5138,0.5074,0.5094,190796.4
1761818400000,2025-10-30 12:00:00,0.5094,0.5126,0.5063,0.5075,145657.9
1761822000000,2025-10-30 13:00:00,0.5075,0.509,0.5037,0.5041,66226.3
1761825600000,2025-10-30 14:00:00,0.5041,0.5057,0.492,0.4964,414877.3
1761829200000,2025-10-30 15:00:00,0.4964,0.4986,0.4862,0.4893,414260.5
1761832800000,2025-10-30 16:00:00,0.4893,0.4943,0.4876,0.489,127292.1
1761836400000,2025-10-30 17:00:00,0.489,0.4903,0.4793,0.4813,260275.1
1761840000000,2025-10-30 18:00:00,0.4813,0.4865,0.4802,0.4845,312168.1
1761843600000,2025-10-30 19:00:00,0.4845,0.4847,0.4693,0.4755,600401.4
1761847200000,2025-10-30 20:00:00,0.4755,0.4761,0.4665,0.4685,203452.5
1761850800000,2025-10-30 21:00:00,0.4685,0.4708,0.4632,0.466,206215.6
1761854400000,2025-10-30 22:00:00,0.466,0.4743,0.4647,0.4736,243821.6
1761858000000,2025-10-30 23:00:00,0.4736,0.4766,0.4705,0.4754,77963.1
1761861600000,2025-10-31 00:00:00,0.4754,0.478,0.4747,0.4777,116848.4
1761865200000,2025-10-31 01:00:00,0.4777,0.4839,0.4765,0.4835,143326.1
1761868800000,2025-10-31 02:00:00,0.4835,0.4873,0.4812,0.4864,144784.7
1761872400000,2025-10-31 03:00:00,0.4864,0.4905,0.4853,0.4903,91378.6
1761876000000,2025-10-31 04:00:00,0.4903,0.4907,0.4853,0.4875,109860.8
1761879600000,2025-10-31 05:00:00,0.4875,0.49,0.4861,0.4892,96862.9
1761883200000,2025-10-31 06:00:00,0.4892,0.4952,0.4892,0.4941,262725.6
1761886800000,2025-10-31 07:00:00,0.4941,0.4941,0.4903,0.4907,101214.7
1761890400000,2025-10-31 08:00:00,0.4907,0.4925,0.4894,0.4918,235079.7
1761894000000,2025-10-31 09:00:00,0.4918,0.4933,0.4895,0.4911,59465.6
1761897600000,2025-10-31 10:00:00,0.4911,0.4931,0.4882,0.4928,122131.7
1761901200000,2025-10-31 11:00:00,0.4928,0.4936,0.4891,0.4899,82534.4
1761904800000,2025-10-31 12:00:00,0.4899,0.4921,0.489,0.489,65517.3
1761908400000,2025-10-31 13:00:00,0.489,0.4957,0.4865,0.4951,313625.4
1761912000000,2025-10-31 14:00:00,0.4951,0.4978,0.4912,0.4912,116101.5
1761915600000,2025-10-31 15:00:00,0.4912,0.495,0.4891,0.4929,170308.9
1761919200000,2025-10-31 16:00:00,0.4929,0.4981,0.4894,0.4977,156672.1
1761922800000,2025-10-31 17:00:00,0.4977,0.5001,0.4937,0.4949,107181.3
1761926400000,2025-10-31 18:00:00,0.4949,0.4956,0.4811,0.4813,138558.5
1761930000000,2025-10-31 19:00:00,0.4813,0.4834,0.4765,0.4807,167627.0
1761933600000,2025-10-31 20:00:00,0.4807,0.4865,0.4779,0.484,207812.9
1761937200000,2025-10-31 21:00:00,0.484,0.493,0.4801,0.491,196255.5
1761940800000,2025-10-31 22:00:00,0.491,0.4922,0.4852,0.4855,92999.2
1761944400000,2025-10-31 23:00:00,0.4855,0.488,0.4845,0.4857,65803.6
1761948000000,2025-11-01 00:00:00,0.4857,0.4893,0.4857,0.4886,15571.5
1761951600000,2025-11-01 01:00:00,0.4886,0.4903,0.4875,0.488,12620.4
1761955200000,2025-11-01 02:00:00,0.488,0.49,0.4853,0.4898,46229.1
1761958800000,2025-11-01 03:00:00,0.4898,0.4919,0.4877,0.4877,41295.7
1761962400000,2025-11-01 04:00:00,0.4877,0.492,0.4852,0.492,85141.4
1761966000000,2025-11-01 05:00:00,0.492,0.4955,0.4918,0.4947,17960.3
1761969600000,2025-11-01 06:00:00,0.4947,0.4957,0.4911,0.4919,37399.8
1761973200000,2025-11-01 07:00:00,0.4919,0.4928,0.4898,0.4901,72323.4
1761976800000,2025-11-01 08:00:00,0.4901,0.4937,0.4901,0.4937,44108.9
1761980400000,2025-11-01 09:00:00,0.4937,0.5023,0.4925,0.5016,90020.4
1761984000000,2025-11-01 10:00:00,0.5016,0.5118,0.4999,0.5072,473988.4
1761987600000,2025-11-01 11:00:00,0.5072,0.5107,0.5047,0.5091,318887.5
1761991200000,2025-11-01 12:00:00,0.5091,0.5115,0.5067,0.509,342020.1
1761994800000,2025-11-01 13:00:00,0.509,0.5139,0.5075,0.5122,166227.4
1761998400000,2025-11-01 14:00:00,0.5122,0.5149,0.5106,0.514,112688.1
1762002000000,2025-11-01 15:00:00,0.514,0.5155,0.5081,0.5125,148884.5
1762005600000,2025-11-01 16:00:00,0.5125,0.5142,0.5073,0.5107,231611.9
1762009200000,2025-11-01 17:00:00,0.5107,0.5164,0.5078,0.5136,171957.5
1762012800000,2025-11-01 18:00:00,0.5136,0.5163,0.512,0.5141,186931.5
1762016400000,2025-11-01 19:00:00,0.5141,0.5146,0.5115,0.5124,54576.6
1762020000000,2025-11-01 20:00:00,0.5124,0.5137,0.5108,0.5135,38368.7
1762023600000,2025-11-01 21:00:00,0.5135,0.5142,0.5118,0.5142,12372.8
1762027200000,2025-11-01 22:00:00,0.5142,0.5164,0.5133,0.5133,43576.2
1762030800000,2025-11-01 23:00:00,0.5133,0.5154,0.5087,0.5093,113751.4
1762034400000,2025-11-02 00:00:00,0.5093,0.5126,0.5093,0.5126,136814.7
1762038000000,2025-11-02 01:00:00,0.5126,0.5155,0.5119,0.5154,67019.2
1762041600000,2025-11-02 02:00:00,0.5154,0.516,0.5119,0.5128,52577.6
1762045200000,2025-11-02 03:00:00,0.5128,0.5143,0.5102,0.5105,27948.4
1762048800000,2025-11-02 04:00:00,0.5105,0.5134,0.5099,0.5109,28339.7
1762052400000,2025-11-02 05:00:00,0.5109,0.5117,0.5079,0.5093,102318.0
1762056000000,2025-11-02 06:00:00,0.5093,0.5183,0.5089,0.5181,176489.4
1762059600000,2025-11-02 07:00:00,0.5181,0.5197,0.5135,0.5196,101728.2
1762063200000,2025-11-02 08:00:00,0.5196,0.5206,0.5159,0.5187,183241.2
1762066800000,2025-11-02 09:00:00,0.5187,0.5209,0.5172,0.5185,60195.1
1762070400000,2025-11-02 10:00:00,0.5185,0.5201,0.5118,0.5134,159317.7
1762074000000,2025-11-02 11:00:00,0.5134,0.5185,0.5122,0.5136,61437.8
1762077600000,2025-11-02 12:00:00,0.5136,0.5153,0.5085,0.5112,85808.2
1762081200000,2025-11-02 13:00:00,0.5112,0.5172,0.5109,0.517,99469.6
1762084800000,2025-11-02 14:00:00,0.517,0.517,0.5127,0.514,52184.1
1762088400000,2025-11-02 15:00:00,0.514,0.5143,0.5072,0.509,79960.1
1762092000000,2025-11-02 16:00:00,0.509,0.5102,0.4963,0.4977,346023.5
1762095600000,2025-11-02 17:00:00,0.4977,0.5031,0.495,0.498,110468.5
1762099200000,2025-11-02 18:00:00,0.498,0.5023,0.4918,0.502,100194.0
1762102800000,2025-11-02 19:00:00,0.502,0.5024,0.497,0.4995,37246.9
1762106400000,2025-11-02 20:00:00,0.4995,0.4995,0.4962,0.4968,14639.3
1762110000000,2025-11-02 21:00:00,0.4968,0.4981,0.4917,0.4946,100891.6
1762113600000,2025-11-02 22:00:00,0.4946,0.4962,0.4929,0.4962,56932.3
1762117200000,2025-11-02 23:00:00,0.4962,0.501,0.4959,0.4997,34820.1
1762120800000,2025-11-03 00:00:00,0.4997,0.5026,0.4981,0.5002,28290.8
1762124400000,2025-11-03 01:00:00,0.5002,0.5091,0.5002,0.5078,465229.3
1762128000000,2025-11-03 02:00:00,0.5078,0.5101,0.4987,0.499,166758.3
1762131600000,2025-11-03 03:00:00,0.499,0.5,0.4944,0.4958,189139.9
1762135200000,2025-11-03 04:00:00,0.4958,0.4963,0.4874,0.491,260375.8
1762138800000,2025-11-03 05:00:00,0.491,0.4919,0.4723,0.4732,621534.6
1762142400000,2025-11-03 06:00:00,0.4732,0.4733,0.4662,0.4706,451059.6
1762146000000,2025-11-03 07:00:00,0.4706,0.4759,0.4652,0.4664,214753.8
1762149600000,2025-11-03 08:00:00,0.4664,0.4687,0.4609,0.4664,261864.8
1762153200000,2025-11-03 09:00:00,0.4664,0.4719,0.464,0.4686,216878.3
1762156800000,2025-11-03 10:00:00,0.4686,0.4712,0.4647,0.4693,163522.5
1762160400000,2025-11-03 11:00:00,0.4693,0.4756,0.4681,0.469,220502.5
1762164000000,2025-11-03 12:00:00,0.469,0.4733,0.4659,0.4679,467034.3
1762167600000,2025-11-03 13:00:00,0.4679,0.4747,0.4679,0.4709,310858.7
1762171200000,2025-11-03 14:00:00,0.4709,0.4759,0.4706,0.4722,417061.8
1762174800000,2025-11-03 15:00:00,0.4722,0.477,0.4678,0.4744,420229.5
1762178400000,2025-11-03 16:00:00,0.4744,0.4809,0.4739,0.4788,209738.1
1762182000000,2025-11-03 17:00:00,0.4788,0.4798,0.4253,0.4415,4346514.2
1762185600000,2025-11-03 18:00:00,0.4415,0.4524,0.4382,0.4476,564737.1
1762189200000,2025-11-03 19:00:00,0.4476,0.4577,0.4464,0.4574,329612.3
1762192800000,2025-11-03 20:00:00,0.4574,0.4579,0.4487,0.4494,160640.0
1762196400000,2025-11-03 21:00:00,0.4494,0.4502,0.4426,0.4433,148199.8
1762200000000,2025-11-03 22:00:00,0.4433,0.4447,0.4355,0.4374,323059.8
1762203600000,2025-11-03 23:00:00,0.4374,0.4437,0.4343,0.4426,351755.4
1762207200000,2025-11-04 00:00:00,0.4426,0.4447,0.4373,0.4422,112661.9
1762210800000,2025-11-04 01:00:00,0.4422,0.4484,0.4392,0.4476,92467.1
1762214400000,2025-11-04 02:00:00,0.4476,0.4578,0.4455,0.4533,189417.1
1762218000000,2025-11-04 03:00:00,0.4533,0.4564,0.4506,0.4534,62188.6
1762221600000,2025-11-04 04:00:00,0.4534,0.4557,0.4519,0.4537,51658.4
1762225200000,2025-11-04 05:00:00,0.4537,0.4593,0.4523,0.4587,92623.6
1762228800000,2025-11-04 06:00:00,0.4587,0.4628,0.4554,0.4563,108881.8
1762232400000,2025-11-04 07:00:00,0.4563,0.4576,0.4357,0.4367,492986.0
1762236000000,2025-11-04 08:00:00,0.4367,0.4532,0.4361,0.4426,198702.3
1762239600000,2025-11-04 09:00:00,0.4426,0.4427,0.4307,0.4332,365501.9
1762243200000,2025-11-04 10:00:00,0.4332,0.4429,0.4312,0.4373,158082.2
1762246800000,2025-11-04 11:00:00,0.4373,0.4406,0.435,0.4405,81627.1
1762250400000,2025-11-04 12:00:00,0.4405,0.4434,0.4398,0.4424,79737.8
1762254000000,2025-11-04 13:00:00,0.4424,0.4487,0.4409,0.4428,101130.9
1762257600000,2025-11-04 14:00:00,0.4428,0.4428,0.4355,0.4374,153819.0
1762261200000,2025-11-04 15:00:00,0.4374,0.4404,0.4342,0.4375,208561.3
1762264800000,2025-11-04 16:00:00,0.4375,0.4538,0.4337,0.4514,212786.7
1762268400000,2025-11-04 17:00:00,0.4514,0.4533,0.4393,0.4412,274402.2
1762272000000,2025-11-04 18:00:00,0.4412,0.4455,0.4308,0.4331,221335.0
1762275600000,2025-11-04 19:00:00,0.4331,0.434,0.4183,0.4278,551069.1
1762279200000,2025-11-04 20:00:00,0.4278,0.4279,0.4099,0.4235,509739.5
1762282800000,2025-11-04 21:00:00,0.4235,0.4268,0.4157,0.4161,160657.8
1762286400000,2025-11-04 22:00:00,0.4161,0.4212,0.3984,0.4164,890404.0
1762290000000,2025-11-04 23:00:00,0.4164,0.4186,0.3986,0.4147,693368.5
1762293600000,2025-11-05 00:00:00,0.4147,0.4273,0.4132,0.4251,252098.9
1762297200000,2025-11-05 01:00:00,0.4251,0.4284,0.4228,0.4232,169461.3
1762300800000,2025-11-05 02:00:00,0.4232,0.4256,0.416,0.4172,171820.9
1762304400000,2025-11-05 03:00:00,0.4172,0.4177,0.4017,0.4158,325346.3
1762308000000,2025-11-05 04:00:00,0.4158,0.4317,0.4158,0.4313,284839.0
1762311600000,2025-11-05 05:00:00,0.4313,0.436,0.4291,0.4342,159029.9
1762315200000,2025-11-05 06:00:00,0.4342,0.4358,0.4298,0.4338,148704.2
1762318800000,2025-11-05 07:00:00,0.4338,0.4381,0.433,0.4341,72251.0
1762322400000,2025-11-05 08:00:00,0.4341,0.4358,0.4319,0.4353,74331.9
1762326000000,2025-11-05 09:00:00,0.4353,0.4358,0.4304,0.4333,46346.0
1762329600000,2025-11-05 10:00:00,0.4333,0.4333,0.4244,0.4281,157699.7
1762333200000,2025-11-05 11:00:00,0.4281,0.4329,0.4272,0.4324,55136.3
1762336800000,2025-11-05 12:00:00,0.4324,0.4326,0.427,0.4274,77209.1
1762340400000,2025-11-05 13:00:00,0.4274,0.4361,0.4271,0.4349,70084.6
1762344000000,2025-11-05 14:00:00,0.4349,0.4396,0.4334,0.4371,136366.0
1762347600000,2025-11-05 15:00:00,0.4371,0.4422,0.4349,0.4399,128140.5
1762351200000,2025-11-05 16:00:00,0.4399,0.4416,0.4331,0.4386,169220.3
1762354800000,2025-11-05 17:00:00,0.4386,0.4445,0.4369,0.4442,122020.9
1762358400000,2025-11-05 18:00:00,0.4442,0.4451,0.4378,0.4446,216471.4
1762362000000,2025-11-05 19:00:00,0.4446,0.4464,0.4423,0.4448,81781.9
1762365600000,2025-11-05 20:00:00,0.4448,0.4468,0.443,0.445,140816.6
1762369200000,2025-11-05 21:00:00,0.445,0.4451,0.4413,0.4414,100603.3
1762372800000,2025-11-05 22:00:00,0.4414,0.4442,0.4391,0.4401,95956.3
1762376400000,2025-11-05 23:00:00,0.4401,0.4403,0.4363,0.4387,117520.1
1762380000000,2025-11-06 00:00:00,0.4387,0.4438,0.437,0.4438,43246.2
1762383600000,2025-11-06 01:00:00,0.4438,0.4442,0.441,0.4413,35608.9
1762387200000,2025-11-06 02:00:00,0.4413,0.4417,0.4385,0.4408,37149.6
1762390800000,2025-11-06 03:00:00,0.4408,0.4408,0.434,0.4393,74209.8
1762394400000,2025-11-06 04:00:00,0.4393,0.4438,0.4356,0.4419,68784.6
1762398000000,2025-11-06 05:00:00,0.4419,0.4458,0.4418,0.4424,57369.4
1762401600000,2025-11-06 06:00:00,0.4424,0.4438,0.4404,0.4423,42369.4
1762405200000,2025-11-06 07:00:00,0.4423,0.4423,0.4331,0.4338,69858.0
1762408800000,2025-11-06 08:00:00,0.4338,0.4376,0.4333,0.4339,31178.4
1762412400000,2025-11-06 09:00:00,0.4339,0.4365,0.4312,0.4329,58459.8
1762416000000,2025-11-06 10:00:00,0.4329,0.4351,0.4306,0.4328,70617.0
1762419600000,2025-11-06 11:00:00,0.4328,0.4351,0.4312,0.4332,105970.8
1762423200000,2025-11-06 12:00:00,0.4332,0.4373,0.431,0.4341,216827.1
1762426800000,2025-11-06 13:00:00,0.4341,0.4346,0.4304,0.4325,40402.8
1762430400000,2025-11-06 14:00:00,0.4325,0.433,0.4268,0.4283,115402.8
1762434000000,2025-11-06 15:00:00,0.4283,0.4388,0.4279,0.4368,123045.9
1762437600000,2025-11-06 16:00:00,0.4368,0.438,0.4287,0.43,114906.7
1762441200000,2025-11-06 17:00:00,0.43,0.4358,0.4233,0.426,172564.5
1762444800000,2025-11-06 18:00:00,0.426,0.4286,0.4182,0.4236,183523.6
1762448400000,2025-11-06 19:00:00,0.4236,0.432,0.4229,0.4313,296848.7
1762452000000,2025-11-06 20:00:00,0.4313,0.4367,0.4255,0.4333,184190.9
1762455600000,2025-11-06 21:00:00,0.4333,0.4383,0.4327,0.4378,64467.9
1762459200000,2025-11-06 22:00:00,0.4378,0.4411,0.4323,0.4349,60957.1
1762462800000,2025-11-06 23:00:00,0.4349,0.4405,0.4322,0.4383,50716.7
1762466400000,2025-11-07 00:00:00,0.4383,0.4394,0.4338,0.4388,69122.4
1762470000000,2025-11-07 01:00:00,0.4388,0.4388,0.4319,0.4369,67714.6
1762473600000,2025-11-07 02:00:00,0.4369,0.4458,0.4368,0.4442,183400.0
1762477200000,2025-11-07 03:00:00,0.4442,0.4473,0.4392,0.4456,171142.9
1762480800000,2025-11-07 04:00:00,0.4456,0.4467,0.4402,0.4465,149499.4
1762484400000,2025-11-07 05:00:00,0.4465,0.4513,0.4461,0.4506,89930.8
1762488000000,2025-11-07 06:00:00,0.4506,0.4516,0.4466,0.4505,129260.0
1762491600000,2025-11-07 07:00:00,0.4505,0.4587,0.4502,0.4586,143176.4
1762495200000,2025-11-07 08:00:00,0.4586,0.4598,0.4544,0.4547,138985.0
1762498800000,2025-11-07 09:00:00,0.4547,0.4625,0.4547,0.4623,86886.8
1762502400000,2025-11-07 10:00:00,0.4623,0.4632,0.4558,0.4571,223334.7
1762506000000,2025-11-07 11:00:00,0.4571,0.4588,0.4474,0.4542,132068.4
1762509600000,2025-11-07 12:00:00,0.4542,0.4584,0.4514,0.456,215309.2
1762513200000,2025-11-07 13:00:00,0.456,0.456,0.4433,0.4492,274875.9
1762516800000,2025-11-07 14:00:00,0.4492,0.4519,0.4375,0.4413,116263.9
1762520400000,2025-11-07 15:00:00,0.4413,0.4525,0.439,0.4504,142402.4
1762524000000,2025-11-07 16:00:00,0.4504,0.463,0.4429,0.4611,276223.5
1762527600000,2025-11-07 17:00:00,0.4611,0.471,0.4554,0.4695,455456.0
1762531200000,2025-11-07 18:00:00,0.4695,0.4926,0.4682,0.4895,810329.8
1762534800000,2025-11-07 19:00:00,0.4895,0.5009,0.4847,0.5009,435037.9
1762538400000,2025-11-07 20:00:00,0.5009,0.5145,0.5006,0.5048,701654.9
1762542000000,2025-11-07 21:00:00,0.5048,0.5102,0.5021,0.5084,219454.4
1762545600000,2025-11-07 22:00:00,0.5084,0.512,0.5036,0.511,125281.5
1762549200000,2025-11-07 23:00:00,0.511,0.5193,0.5102,0.5143,254914.2
1762552800000,2025-11-08 00:00:00,0.5143,0.5182,0.5114,0.5144,323293.9
1762556400000,2025-11-08 01:00:00,0.5144,0.5145,0.502,0.5053,134526.0
1762560000000,2025-11-08 02:00:00,0.5053,0.5152,0.4983,0.4986,249142.6
1762563600000,2025-11-08 03:00:00,0.4986,0.5123,0.4976,0.5085,155347.8
1762567200000,2025-11-08 04:00:00,0.5085,0.516,0.5074,0.5099,132022.9
1762570800000,2025-11-08 05:00:00,0.5099,0.5169,0.502,0.502,178525.6
1762574400000,2025-11-08 06:00:00,0.502,0.5124,0.502,0.5071,284239.8
1762578000000,2025-11-08 07:00:00,0.5071,0.5072,0.4937,0.494,167435.3
1762581600000,2025-11-08 08:00:00,0.494,0.4957,0.4873,0.4917,185264.9
1762585200000,2025-11-08 09:00:00,0.4917,0.4953,0.4864,0.4948,78203.8
1762588800000,2025-11-08 10:00:00,0.4948,0.5001,0.4887,0.495,165337.0
1762592400000,2025-11-08 11:00:00,0.495,0.495,0.4855,0.4867,122368.0
1762596000000,2025-11-08 12:00:00,0.4867,0.4944,0.4861,0.4933,128160.6
1762599600000,2025-11-08 13:00:00,0.4933,0.4997,0.4925,0.496,326246.4
1762603200000,2025-11-08 14:00:00,0.496,0.4978,0.4921,0.4945,103874.0
1762606800000,2025-11-08 15:00:00,0.4945,0.4949,0.4816,0.482,137702.2
1762610400000,2025-11-08 16:00:00,0.482,0.4864,0.4772,0.4852,214305.2
1762614000000,2025-11-08 17:00:00,0.4852,0.4869,0.4752,0.4781,93464.6
1762617600000,2025-11-08 18:00:00,0.4781,0.4809,0.4741,0.4785,79917.5
1762621200000,2025-11-08 19:00:00,0.4785,0.4837,0.4763,0.4817,98875.9
1762624800000,2025-11-08 20:00:00,0.4817,0.4872,0.4814,0.4866,87605.1
1762628400000,2025-11-08 21:00:00,0.4866,0.4884,0.4805,0.4882,74157.7
1762632000000,2025-11-08 22:00:00,0.4882,0.4933,0.485,0.49,143091.8
1762635600000,2025-11-08 23:00:00,0.49,0.4921,0.4887,0.4912,61058.8
1762639200000,2025-11-09 00:00:00,0.4912,0.4943,0.4907,0.4917,59622.8
1762642800000,2025-11-09 01:00:00,0.4917,0.4932,0.4898,0.4928,33664.2
1762646400000,2025-11-09 02:00:00,0.4928,0.4928,0.486,0.4881,118959.7
1762650000000,2025-11-09 03:00:00,0.4881,0.4915,0.4847,0.4876,83963.8
1762653600000,2025-11-09 04:00:00,0.4876,0.4876,0.4701,0.472,222218.0
1762657200000,2025-11-09 05:00:00,0.472,0.4735,0.4649,0.4679,126563.0
1762660800000,2025-11-09 06:00:00,0.4679,0.4756,0.4679,0.4734,106809.5
1762664400000,2025-11-09 07:00:00,0.4734,0.475,0.4711,0.4741,94376.8
1762668000000,2025-11-09 08:00:00,0.4741,0.4775,0.4711,0.473,63883.4
1762671600000,2025-11-09 09:00:00,0.473,0.4829,0.4726,0.4816,92543.2
1762675200000,2025-11-09 10:00:00,0.4816,0.482,0.4749,0.4767,64623.0
1762678800000,2025-11-09 11:00:00,0.4767,0.4828,0.4724,0.4739,116505.6
1762682400000,2025-11-09 12:00:00,0.4739,0.4804,0.4691,0.4804,205197.1
1762686000000,2025-11-09 13:00:00,0.4804,0.498,0.4802,0.4903,668689.0
1762689600000,2025-11-09 14:00:00,0.4903,0.5029,0.4872,0.4926,628493.2
1762693200000,2025-11-09 15:00:00,0.4926,0.4945,0.4876,0.4889,289328.2
1762696800000,2025-11-09 16:00:00,0.4889,0.5,0.4851,0.4947,622711.1
1762700400000,2025-11-09 17:00:00,0.4947,0.5045,0.4945,0.5009,303293.7
1762704000000,2025-11-09 18:00:00,0.5009,0.5036,0.4975,0.5014,350291.7
1762707600000,2025-11-09 19:00:00,0.5014,0.5018,0.4945,0.4947,286261.7
1762711200000,2025-11-09 20:00:00,0.4947,0.5032,0.4922,0.5028,180194.3
1762714800000,2025-11-09 21:00:00,0.5028,0.5076,0.5004,0.5068,240513.8
1762718400000,2025-11-09 22:00:00,0.5068,0.5073,0.5003,0.501,127170.7
1762722000000,2025-11-09 23:00:00,0.501,0.5019,0.4971,0.4982,119332.5
1762725600000,2025-11-10 00:00:00,0.4982,0.4984,0.4929,0.4958,147961.7
1762729200000,2025-11-10 01:00:00,0.4958,0.501,0.4914,0.4935,194407.9
1762732800000,2025-11-10 02:00:00,0.4935,0.5047,0.4904,0.5006,186175.6
1762736400000,2025-11-10 03:00:00,0.5006,0.5025,0.4961,0.4982,101605.8
1762740000000,2025-11-10 04:00:00,0.4982,0.5023,0.4959,0.5006,122295.7
1762743600000,2025-11-10 05:00:00,0.5006,0.5071,0.5006,0.5056,85509.4
1762747200000,2025-11-10 06:00:00,0.5056,0.5067,0.4991,0.5038,120154.9
1762750800000,2025-11-10 07:00:00,0.5038,0.5061,0.4993,0.5038,159913.9
1762754400000,2025-11-10 08:00:00,0.5038,0.5067,0.4998,0.5035,46524.4
1762758000000,2025-11-10 09:00:00,0.5035,0.5072,0.5009,0.5035,45859.5
1762761600000,2025-11-10 10:00:00,0.5035,0.5039,0.4946,0.4964,185646.3
1762765200000,2025-11-10 11:00:00,0.4964,0.5095,0.4963,0.5056,171267.3
1762768800000,2025-11-10 12:00:00,0.5056,0.5071,0.5002,0.5034,167528.8
1762772400000,2025-11-10 13:00:00,0.5034,0.5231,0.5034,0.5167,666465.3
1762776000000,2025-11-10 14:00:00,0.5167,0.52,0.5089,0.5107,618473.1
1762779600000,2025-11-10 15:00:00,0.5107,0.5179,0.5093,0.5122,249758.6
1762783200000,2025-11-10 16:00:00,0.5122,0.5122,0.4964,0.5006,454529.2
1762786800000,2025-11-10 17:00:00,0.5006,0.5096,0.5003,0.5028,268095.7
1762790400000,2025-11-10 18:00:00,0.5028,0.5076,0.4941,0.4973,267609.2
1762794000000,2025-11-10 19:00:00,0.4973,0.5043,0.4957,0.5023,268159.1
1762797600000,2025-11-10 20:00:00,0.5023,0.5054,0.499,0.5003,175053.4
1762801200000,2025-11-10 21:00:00,0.5003,0.5146,0.499,0.506,401052.5
1762804800000,2025-11-10 22:00:00,0.506,0.5176,0.5057,0.5158,406918.4
1762808400000,2025-11-10 23:00:00,0.5158,0.5676,0.5051,0.5579,4099336.2
1762812000000,2025-11-11 00:00:00,0.5579,0.63,0.5378,0.5913,8993408.0
1762815600000,2025-11-11 01:00:00,0.5913,0.5941,0.5619,0.5721,4326977.1
1762819200000,2025-11-11 02:00:00,0.5721,0.5844,0.5517,0.5636,3758290.3
1762822800000,2025-11-11 03:00:00,0.5636,0.5862,0.5564,0.5769,2195322.2
1762826400000,2025-11-11 04:00:00,0.5769,0.5866,0.5479,0.5593,2053645.9
1762830000000,2025-11-11 05:00:00,0.5593,0.5595,0.5432,0.5479,1022914.8
1762833600000,2025-11-11 06:00:00,0.5479,0.5539,0.5409,0.5473,819378.6
1762837200000,2025-11-11 07:00:00,0.5473,0.5496,0.5294,0.5332,1004570.1
1762840800000,2025-11-11 08:00:00,0.5332,0.5382,0.5276,0.5302,593762.2
1762844400000,2025-11-11 09:00:00,0.5302,0.5304,0.5111,0.5144,1240176.8
1762848000000,2025-11-11 10:00:00,0.5144,0.5171,0.5095,0.5141,852962.2
1762851600000,2025-11-11 11:00:00,0.5141,0.5168,0.5054,0.5061,541920.5
1762855200000,2025-11-11 12:00:00,0.5061,0.5146,0.5019,0.5127,735438.4
1762858800000,2025-11-11 13:00:00,0.5127,0.5148,0.5078,0.5111,274043.2
1762862400000,2025-11-11 14:00:00,0.5111,0.5156,0.5006,0.5039,585802.3
1762866000000,2025-11-11 15:00:00,0.5039,0.5097,0.5037,0.5044,351619.6
1762869600000,2025-11-11 16:00:00,0.5044,0.5153,0.4991,0.5147,499422.4
1762873200000,2025-11-11 17:00:00,0.5147,0.5156,0.5038,0.5071,692503.5
1762876800000,2025-11-11 18:00:00,0.5071,0.5105,0.5031,0.5056,325461.3
1762880400000,2025-11-11 19:00:00,0.5056,0.5111,0.5011,0.5019,334972.9
1762884000000,2025-11-11 20:00:00,0.5019,0.5045,0.4964,0.4984,535727.5
1762887600000,2025-11-11 21:00:00,0.4984,0.4984,0.4923,0.4946,312473.8
1762891200000,2025-11-11 22:00:00,0.4946,0.4958,0.4849,0.4884,896216.6
1762894800000,2025-11-11 23:00:00,0.4884,0.4927,0.4867,0.4881,161278.9
1762898400000,2025-11-12 00:00:00,0.4881,0.4984,0.4864,0.4979,350677.2
1762902000000,2025-11-12 01:00:00,0.4979,0.4988,0.4907,0.4917,293694.2
1762905600000,2025-11-12 02:00:00,0.4917,0.4968,0.488,0.4904,505193.2
1762909200000,2025-11-12 03:00:00,0.4904,0.5026,0.49,0.4991,345658.8
1762912800000,2025-11-12 04:00:00,0.4991,0.5029,0.4961,0.5014,259032.4
1762916400000,2025-11-12 05:00:00,0.5014,0.5115,0.5014,0.5094,320280.7
1762920000000,2025-11-12 06:00:00,0.5094,0.5149,0.5071,0.5125,326568.2
1762923600000,2025-11-12 07:00:00,0.5125,0.5188,0.5098,0.5145,421678.6
1762927200000,2025-11-12 08:00:00,0.5145,0.5145,0.5071,0.5071,204331.3
1762930800000,2025-11-12 09:00:00,0.5071,0.5088,0.5025,0.504,323231.6
1762934400000,2025-11-12 10:00:00,0.504,0.5139,0.5036,0.5117,299820.0
1762938000000,2025-11-12 11:00:00,0.5117,0.5215,0.5106,0.5187,327345.0
1762941600000,2025-11-12 12:00:00,0.5187,0.526,0.5185,0.5207,433052.2
1762945200000,2025-11-12 13:00:00,0.5207,0.5245,0.5169,0.5172,338962.5
1762948800000,2025-11-12 14:00:00,0.5172,0.5197,0.5126,0.5197,382132.7
1762952400000,2025-11-12 15:00:00,0.5197,0.5289,0.5188,0.5226,417646.3
1762956000000,2025-11-12 16:00:00,0.5226,0.524,0.5056,0.511,738674.9
1762959600000,2025-11-12 17:00:00,0.511,0.5133,0.4937,0.496,945202.8
1762963200000,2025-11-12 18:00:00,0.496,0.4967,0.4804,0.4835,920399.5
1762966800000,2025-11-12 19:00:00,0.4835,0.4907,0.4781,0.4869,495844.7
1762970400000,2025-11-12 20:00:00,0.4869,0.4896,0.4807,0.4821,312511.1
1762974000000,2025-11-12 21:00:00,0.4821,0.4827,0.4747,0.4791,401565.0
1762977600000,2025-11-12 22:00:00,0.4791,0.4894,0.477,0.487,232659.4
1762981200000,2025-11-12 23:00:00,0.487,0.4891,0.4824,0.4847,133158.7
1762984800000,2025-11-13 00:00:00,0.4847,0.4863,0.4803,0.4859,105686.5
1762988400000,2025-11-13 01:00:00,0.4859,0.4859,0.4817,0.4842,187677.9
1762992000000,2025-11-13 02:00:00,0.4842,0.4888,0.4816,0.485,188509.8
1762995600000,2025-11-13 03:00:00,0.485,0.4926,0.4836,0.4877,236697.7
1762999200000,2025-11-13 04:00:00,0.4877,0.4903,0.4837,0.4853,97660.3
1763002800000,2025-11-13 05:00:00,0.4853,0.4936,0.4761,0.4879,337750.5
1763006400000,2025-11-13 06:00:00,0.4879,0.4907,0.484,0.4862,253792.5
1763010000000,2025-11-13 07:00:00,0.4862,0.4928,0.4827,0.4912,126299.8
1763013600000,2025-11-13 08:00:00,0.4912,0.4931,0.4873,0.4876,154103.9
1763017200000,2025-11-13 09:00:00,0.4876,0.4911,0.4835,0.4845,262300.8
1763020800000,2025-11-13 10:00:00,0.4845,0.4894,0.4838,0.4864,241709.7
1763024400000,2025-11-13 11:00:00,0.4864,0.4871,0.4789,0.4804,145464.0
1763028000000,2025-11-13 12:00:00,0.4804,0.4855,0.4786,0.4801,135841.6
1763031600000,2025-11-13 13:00:00,0.4801,0.4828,0.4798,0.4816,70550.7
1763035200000,2025-11-13 14:00:00,0.4816,0.4853,0.4794,0.4847,160911.0
1763038800000,2025-11-13 15:00:00,0.4847,0.4864,0.4776,0.4813,249236.7
1763042400000,2025-11-13 16:00:00,0.4813,0.4928,0.4766,0.4889,458311.6
1763046000000,2025-11-13 17:00:00,0.4889,0.4935,0.4795,0.4819,390893.2
1763049600000,2025-11-13 18:00:00,0.4819,0.4828,0.469,0.4712,518446.5
1763053200000,2025-11-13 19:00:00,0.4712,0.4732,0.4629,0.4635,596260.1
1763056800000,2025-11-13 20:00:00,0.4635,0.4657,0.4555,0.46,779620.7
1763060400000,2025-11-13 21:00:00,0.46,0.4634,0.4545,0.4565,367697.0
1763064000000,2025-11-13 22:00:00,0.4565,0.4617,0.4524,0.4574,425790.0
1763067600000,2025-11-13 23:00:00,0.4574,0.4609,0.4548,0.4589,434787.4
1763071200000,2025-11-14 00:00:00,0.4589,0.4678,0.458,0.4666,203338.7
1763074800000,2025-11-14 01:00:00,0.4666,0.4774,0.4657,0.4723,330048.7
1763078400000,2025-11-14 02:00:00,0.4723,0.4784,0.4676,0.4727,225450.7
1763082000000,2025-11-14 03:00:00,0.4727,0.4731,0.4667,0.4689,448555.0
1763085600000,2025-11-14 04:00:00,0.4689,0.4754,0.4689,0.4707,153638.2
1763089200000,2025-11-14 05:00:00,0.4707,0.4717,0.4653,0.4681,286618.9
1763092800000,2025-11-14 06:00:00,0.4681,0.4681,0.4448,0.4557,1010776.6
1763096400000,2025-11-14 07:00:00,0.4557,0.4664,0.4555,0.4649,683674.8
1763100000000,2025-11-14 08:00:00,0.4649,0.4736,0.4591,0.4732,219274.1
1763103600000,2025-11-14 09:00:00,0.4732,0.4782,0.4694,0.4721,502957.4
1763107200000,2025-11-14 10:00:00,0.4721,0.4731,0.4662,0.4677,208125.5
1763110800000,2025-11-14 11:00:00,0.4677,0.4704,0.4598,0.4603,309472.1
1763114400000,2025-11-14 12:00:00,0.4603,0.4669,0.4599,0.4636,190510.8
1763118000000,2025-11-14 13:00:00,0.4636,0.4648,0.4607,0.4626,166952.8
1763121600000,2025-11-14 14:00:00,0.4626,0.4646,0.4519,0.4629,420867.6
1763125200000,2025-11-14 15:00:00,0.4629,0.4673,0.4561,0.4616,276270.7
1763128800000,2025-11-14 16:00:00,0.4616,0.472,0.4571,0.4651,673721.7
1763132400000,2025-11-14 17:00:00,0.4651,0.4763,0.4615,0.4709,345799.5
1763136000000,2025-11-14 18:00:00,0.4709,0.4768,0.4691,0.4755,227967.2
1763139600000,2025-11-14 19:00:00,0.4755,0.4772,0.4661,0.467,283182.4
1763143200000,2025-11-14 20:00:00,0.467,0.4734,0.4655,0.4686,195310.1
1763146800000,2025-11-14 21:00:00,0.4686,0.4765,0.4677,0.4752,191984.2
1763150400000,2025-11-14 22:00:00,0.4752,0.4764,0.4612,0.4643,205471.6
1763154000000,2025-11-14 23:00:00,0.4643,0.4696,0.4618,0.4636,238350.5
1763157600000,2025-11-15 00:00:00,0.4636,0.4665,0.4587,0.4598,166680.7
1763161200000,2025-11-15 01:00:00,0.4598,0.461,0.4466,0.4565,518065.1
1763164800000,2025-11-15 02:00:00,0.4565,0.465,0.4558,0.465,283605.1
1763168400000,2025-11-15 03:00:00,0.465,0.4721,0.4634,0.4709,178865.5
1763172000000,2025-11-15 04:00:00,0.4709,0.4726,0.4658,0.4726,209446.2
1763175600000,2025-11-15 05:00:00,0.4726,0.4753,0.4706,0.4728,194476.5
1763179200000,2025-11-15 06:00:00,0.4728,0.4738,0.4675,0.4682,95209.0
1763182800000,2025-11-15 07:00:00,0.4682,0.4739,0.4682,0.4733,84096.8
1763186400000,2025-11-15 08:00:00,0.4733,0.4785,0.472,0.4749,192814.0
1763190000000,2025-11-15 09:00:00,0.4749,0.4773,0.4721,0.4729,106471.3
1763193600000,2025-11-15 10:00:00,0.4729,0.4729,0.4635,0.4659,165113.9
1763197200000,2025-11-15 11:00:00,0.4659,0.4698,0.462,0.4629,121081.9
1763200800000,2025-11-15 12:00:00,0.4629,0.4644,0.4603,0.4642,71246.9
1763204400000,2025-11-15 13:00:00,0.4642,0.4648,0.4594,0.4619,56361.0
1763208000000,2025-11-15 14:00:00,0.4619,0.4692,0.4613,0.4682,79006.0
1763211600000,2025-11-15 15:00:00,0.4682,0.4726,0.467,0.4698,264832.9
1763215200000,2025-11-15 16:00:00,0.4698,0.4725,0.4683,0.4719,138491.1
1763218800000,2025-11-15 17:00:00,0.4719,0.4733,0.4698,0.4713,91942.9
1763222400000,2025-11-15 18:00:00,0.4713,0.4719,0.4668,0.4709,90291.4
1763226000000,2025-11-15 19:00:00,0.4709,0.4761,0.4703,0.4754,186022.7
1763229600000,2025-11-15 20:00:00,0.4754,0.4774,0.4737,0.4752,229561.1
1763233200000,2025-11-15 21:00:00,0.4752,0.4754,0.473,0.4743,52679.8
1763236800000,2025-11-15 22:00:00,0.4743,0.475,0.4674,0.4679,106463.9
1763240400000,2025-11-15 23:00:00,0.4679,0.4724,0.465,0.4662,152016.9
1763244000000,2025-11-16 00:00:00,0.4662,0.469,0.4656,0.4688,50834.6
1763247600000,2025-11-16 01:00:00,0.4688,0.47,0.4663,0.4664,31439.5
1763251200000,2025-11-16 02:00:00,0.4664,0.4684,0.4617,0.4643,49697.1
1763254800000,2025-11-16 03:00:00,0.4643,0.466,0.4558,0.463,142677.7
1763258400000,2025-11-16 04:00:00,0.463,0.4699,0.4608,0.4689,109398.3
1763262000000,2025-11-16 05:00:00,0.4689,0.474,0.4677,0.4723,213596.2
1763265600000,2025-11-16 06:00:00,0.4723,0.4723,0.4662,0.4685,69276.0
1763269200000,2025-11-16 07:00:00,0.4685,0.4747,0.4681,0.4738,192234.8
1763272800000,2025-11-16 08:00:00,0.4738,0.4777,0.4721,0.4723,162559.8
1763276400000,2025-11-16 09:00:00,0.4723,0.4773,0.4707,0.4773,85230.2
1763280000000,2025-11-16 10:00:00,0.4773,0.4776,0.4695,0.4706,136692.7
1763283600000,2025-11-16 11:00:00,0.4706,0.4737,0.4689,0.4729,90331.2
1763287200000,2025-11-16 12:00:00,0.4729,0.4749,0.4701,0.4705,93649.7
1763290800000,2025-11-16 13:00:00,0.4705,0.4724,0.4597,0.4612,260771.1
1763294400000,2025-11-16 14:00:00,0.4612,0.4634,0.4567,0.4605,124160.0
1763298000000,2025-11-16 15:00:00,0.4605,0.462,0.4554,0.4576,123617.9
1763301600000,2025-11-16 16:00:00,0.4576,0.4631,0.4565,0.4614,105839.9
1763305200000,2025-11-16 17:00:00,0.4614,0.4614,0.4474,0.4479,392447.4
1763308800000,2025-11-16 18:00:00,0.4479,0.4525,0.4406,0.4432,456540.1
1763312400000,2025-11-16 19:00:00,0.4432,0.4453,0.4355,0.4418,309772.1
1763316000000,2025-11-16 20:00:00,0.4418,0.4518,0.4395,0.4413,260083.0
1763319600000,2025-11-16 21:00:00,0.4413,0.4499,0.4413,0.4442,110722.7
1763323200000,2025-11-16 22:00:00,0.4442,0.4486,0.4434,0.4434,49008.9
1763326800000,2025-11-16 23:00:00,0.4434,0.4434,0.4376,0.4417,157727.5
1763330400000,2025-11-17 00:00:00,0.4417,0.4502,0.4375,0.4485,163431.8
1763334000000,2025-11-17 01:00:00,0.4485,0.4554,0.4391,0.4507,205264.9
1763337600000,2025-11-17 02:00:00,0.4507,0.4601,0.4458,0.4553,220641.6
1763341200000,2025-11-17 03:00:00,0.4553,0.456,0.4499,0.4506,93615.0
1763344800000,2025-11-17 04:00:00,0.4506,0.4543,0.4489,0.4517,170502.5
1763348400000,2025-11-17 05:00:00,0.4517,0.4566,0.4517,0.4555,74050.7
1763352000000,2025-11-17 06:00:00,0.4555,0.4585,0.4532,0.4544,63658.4
1763355600000,2025-11-17 07:00:00,0.4544,0.4572,0.4537,0.4558,64752.7
1763359200000,2025-11-17 08:00:00,0.4558,0.4579,0.454,0.4579,37363.4
1763362800000,2025-11-17 09:00:00,0.4579,0.4664,0.4576,0.4664,114998.5
1763366400000,2025-11-17 10:00:00,0.4664,0.4678,0.4578,0.4605,261320.5
1763370000000,2025-11-17 11:00:00,0.4605,0.4645,0.4586,0.4615,95046.9
1763373600000,2025-11-17 12:00:00,0.4615,0.4669,0.4604,0.4635,277727.2
1763377200000,2025-11-17 13:00:00,0.4635,0.4667,0.4616,0.464,99286.5
1763380800000,2025-11-17 14:00:00,0.464,0.464,0.4606,0.4618,83552.5
1763384400000,2025-11-17 15:00:00,0.4618,0.4627,0.4504,0.4556,255598.9
1763388000000,2025-11-17 16:00:00,0.4556,0.4732,0.452,0.4617,565869.0
1763391600000,2025-11-17 17:00:00,0.4617,0.4642,0.4538,0.4555,208801.6
1763395200000,2025-11-17 18:00:00,0.4555,0.4623,0.4483,0.4618,184063.0
1763398800000,2025-11-17 19:00:00,0.4618,0.4625,0.447,0.4482,147303.3
1763402400000,2025-11-17 20:00:00,0.4482,0.4528,0.4423,0.4449,416962.7
1763406000000,2025-11-17 21:00:00,0.4449,0.449,0.4407,0.4423,242714.7
1763409600000,2025-11-17 22:00:00,0.4423,0.4507,0.4396,0.4485,390520.8
1763413200000,2025-11-17 23:00:00,0.4485,0.4539,0.4452,0.4504,262183.7
1763416800000,2025-11-18 00:00:00,0.4504,0.4546,0.4483,0.4523,164599.4
1763420400000,2025-11-18 01:00:00,0.4523,0.4563,0.4517,0.456,61374.1
1763424000000,2025-11-18 02:00:00,0.456,0.4577,0.4464,0.4567,156026.4
1763427600000,2025-11-18 03:00:00,0.4567,0.4657,0.4553,0.4621,257200.3
1763431200000,2025-11-18 04:00:00,0.4621,0.4715,0.4569,0.4666,358162.4
1763434800000,2025-11-18 05:00:00,0.4666,0.4754,0.4614,0.4741,398746.2
1763438400000,2025-11-18 06:00:00,0.4741,0.4756,0.4644,0.4708,228751.2
1763442000000,2025-11-18 07:00:00,0.4708,0.4772,0.4672,0.4728,129235.7
1763445600000,2025-11-18 08:00:00,0.4728,0.4733,0.464,0.4649,158273.8
1763449200000,2025-11-18 09:00:00,0.4649,0.4769,0.4633,0.4747,222378.1
1763452800000,2025-11-18 10:00:00,0.4747,0.4832,0.4728,0.4781,550683.5
1763456400000,2025-11-18 11:00:00,0.4781,0.4796,0.4717,0.4758,182898.0
1763460000000,2025-11-18 12:00:00,0.4758,0.4767,0.4713,0.4735,81620.0
1763463600000,2025-11-18 13:00:00,0.4735,0.4735,0.4684,0.4696,132877.7
1763467200000,2025-11-18 14:00:00,0.4696,0.4714,0.4658,0.469,107432.7
1763470800000,2025-11-18 15:00:00,0.469,0.469,0.4625,0.4647,203931.7
1763474400000,2025-11-18 16:00:00,0.4647,0.4719,0.4632,0.4644,156129.6
1763478000000,2025-11-18 17:00:00,0.4644,0.4757,0.4607,0.4701,267284.0
1763481600000,2025-11-18 18:00:00,0.4701,0.4828,0.4677,0.4795,360231.2
1763485200000,2025-11-18 19:00:00,0.4795,0.4816,0.4748,0.4775,169451.0
1763488800000,2025-11-18 20:00:00,0.4775,0.4804,0.4766,0.4775,85308.2
1763492400000,2025-11-18 21:00:00,0.4775,0.4791,0.4755,0.477,54582.5
1763496000000,2025-11-18 22:00:00,0.477,0.4771,0.4733,0.4733,43004.8
1763499600000,2025-11-18 23:00:00,0.4733,0.4737,0.4675,0.4675,59165.3
1763503200000,2025-11-19 00:00:00,0.4675,0.4752,0.4673,0.4733,57134.2
1763506800000,2025-11-19 01:00:00,0.4733,0.4742,0.4704,0.4716,64527.9
1763510400000,2025-11-19 02:00:00,0.4716,0.4716,0.4649,0.4689,145389.4
1763514000000,2025-11-19 03:00:00,0.4689,0.4714,0.4657,0.4684,85755.6
1763517600000,2025-11-19 04:00:00,0.4684,0.4704,0.4662,0.4663,47189.1
1763521200000,2025-11-19 05:00:00,0.4663,0.4672,0.4598,0.4612,138717.7
1763524800000,2025-11-19 06:00:00,0.4612,0.4612,0.4575,0.4579,123214.0
1763528400000,2025-11-19 07:00:00,0.4579,0.4579,0.4471,0.4495,370736.4
1763532000000,2025-11-19 08:00:00,0.4495,0.4562,0.4481,0.4559,274244.1
1763535600000,2025-11-19 09:00:00,0.4559,0.4593,0.4543,0.4583,95258.2
1763539200000,2025-11-19 10:00:00,0.4583,0.4636,0.4581,0.4612,138658.8
1763542800000,2025-11-19 11:00:00,0.4612,0.4636,0.4586,0.4619,79757.5
1763546400000,2025-11-19 12:00:00,0.4619,0.4639,0.4594,0.4599,48465.3
1763550000000,2025-11-19 13:00:00,0.4599,0.4617,0.4589,0.4605,108521.6
1763553600000,2025-11-19 14:00:00,0.4605,0.4619,0.4588,0.4612,153291.1
1763557200000,2025-11-19 15:00:00,0.4612,0.4621,0.4557,0.4557,127094.7
1763560800000,2025-11-19 16:00:00,0.4557,0.4598,0.4514,0.459,179833.4
1763564400000,2025-11-19 17:00:00,0.459,0.4675,0.4511,0.4517,292061.9
1763568000000,2025-11-19 18:00:00,0.4517,0.4551,0.4425,0.4439,286507.0
1763571600000,2025-11-19 19:00:00,0.4439,0.4466,0.4358,0.4419,341855.8
1763575200000,2025-11-19 20:00:00,0.4419,0.445,0.4326,0.4398,304207.1
1763578800000,2025-11-19 21:00:00,0.4398,0.4406,0.435,0.4379,147503.3
1763582400000,2025-11-19 22:00:00,0.4379,0.4484,0.4378,0.4473,411777.6
1763586000000,2025-11-19 23:00:00,0.4473,0.4572,0.446,0.4569,300268.9
1763589600000,2025-11-20 00:00:00,0.4569,0.4569,0.451,0.4534,55152.7
1763593200000,2025-11-20 01:00:00,0.4534,0.4591,0.4531,0.457,103835.6
1763596800000,2025-11-20 02:00:00,0.457,0.4571,0.4539,0.4541,57038.5
1763600400000,2025-11-20 03:00:00,0.4541,0.4587,0.4536,0.4574,59995.6
1763604000000,2025-11-20 04:00:00,0.4574,0.4604,0.4561,0.4591,110926.7
1763607600000,2025-11-20 05:00:00,0.4591,0.4608,0.4581,0.4588,43978.1
1763611200000,2025-11-20 06:00:00,0.4588,0.463,0.4579,0.463,62453.4
1763614800000,2025-11-20 07:00:00,0.463,0.4641,0.459,0.4614,116739.6
1763618400000,2025-11-20 08:00:00,0.4614,0.4627,0.4582,0.4595,99916.8
1763622000000,2025-11-20 09:00:00,0.4595,0.4643,0.459,0.4641,61617.2
1763625600000,2025-11-20 10:00:00,0.4641,0.465,0.4624,0.4634,116671.2
1763629200000,2025-11-20 11:00:00,0.4634,0.4653,0.4612,0.4631,79431.7
1763632800000,2025-11-20 12:00:00,0.4631,0.4632,0.4586,0.4601,39618.4
1763636400000,2025-11-20 13:00:00,0.4601,0.4633,0.4572,0.4629,57486.9
1763640000000,2025-11-20 14:00:00,0.4629,0.4747,0.4622,0.4734,196555.0
1763643600000,2025-11-20 15:00:00,0.4734,0.4757,0.466,0.4676,383792.1
1763647200000,2025-11-20 16:00:00,0.4676,0.4735,0.4615,0.4688,231696.1
1763650800000,2025-11-20 17:00:00,0.4688,0.4691,0.4604,0.4611,156937.9
1763654400000,2025-11-20 18:00:00,0.4611,0.4617,0.4363,0.4386,739212.5
1763658000000,2025-11-20 19:00:00,0.4386,0.4409,0.4305,0.4332,505825.1
1763661600000,2025-11-20 20:00:00,0.4332,0.4355,0.4269,0.4277,256544.7
1763665200000,2025-11-20 21:00:00,0.4277,0.4378,0.4253,0.4366,278950.6
1763668800000,2025-11-20 22:00:00,0.4366,0.4379,0.4321,0.434,132962.1
1763672400000,2025-11-20 23:00:00,0.434,0.4423,0.4337,0.4398,133779.6
1763676000000,2025-11-21 00:00:00,0.4398,0.4493,0.4395,0.4474,112488.1
1763679600000,2025-11-21 01:00:00,0.4474,0.4477,0.4387,0.4393,90866.2
1763683200000,2025-11-21 02:00:00,0.4393,0.4484,0.4393,0.4477,106489.8
1763686800000,2025-11-21 03:00:00,0.4477,0.4522,0.4461,0.4504,81904.6
1763690400000,2025-11-21 04:00:00,0.4504,0.4515,0.4362,0.438,141122.2
1763694000000,2025-11-21 05:00:00,0.438,0.4453,0.4373,0.4413,59447.8
1763697600000,2025-11-21 06:00:00,0.4413,0.4428,0.434,0.4414,68166.0
1763701200000,2025-11-21 07:00:00,0.4414,0.4432,0.4346,0.4367,85668.5
1763704800000,2025-11-21 08:00:00,0.4367,0.4397,0.435,0.4364,69816.7
1763708400000,2025-11-21 09:00:00,0.4364,0.4372,0.3764,0.4113,2662710.4
1763712000000,2025-11-21 10:00:00,0.4113,0.4183,0.4093,0.413,264948.6
1763715600000,2025-11-21 11:00:00,0.413,0.4142,0.4033,0.4042,223828.7
1763719200000,2025-11-21 12:00:00,0.4042,0.41,0.4015,0.4055,149753.6
1763722800000,2025-11-21 13:00:00,0.4055,0.4099,0.4,0.4017,115692.9
1763726400000,2025-11-21 14:00:00,0.4017,0.4108,0.3923,0.4059,384153.9
1763730000000,2025-11-21 15:00:00,0.4059,0.4117,0.4036,0.4087,144754.4
1763733600000,2025-11-21 16:00:00,0.4087,0.4164,0.4052,0.414,319723.4
1763737200000,2025-11-21 17:00:00,0.414,0.4148,0.4048,0.407,170913.0
1763740800000,2025-11-21 18:00:00,0.407,0.4144,0.4009,0.4137,281339.8
1763744400000,2025-11-21 19:00:00,0.4137,0.4186,0.4119,0.4135,207721.1
1763748000000,2025-11-21 20:00:00,0.4135,0.4181,0.4039,0.4144,149868.6
1763751600000,2025-11-21 21:00:00,0.4144,0.4169,0.4077,0.4089,128129.7
1763755200000,2025-11-21 22:00:00,0.4089,0.4093,0.4022,0.405,116452.4
1763758800000,2025-11-21 23:00:00,0.405,0.4128,0.4015,0.4105,76185.7
1763762400000,2025-11-22 00:00:00,0.4105,0.4121,0.3973,0.3975,127613.4
1763766000000,2025-11-22 01:00:00,0.3975,0.4112,0.3955,0.41,128667.1
1763769600000,2025-11-22 02:00:00,0.41,0.4122,0.4073,0.41,57035.3
1763773200000,2025-11-22 03:00:00,0.41,0.4154,0.41,0.4122,67730.3
1763776800000,2025-11-22 04:00:00,0.4122,0.4129,0.4063,0.4095,36938.8
1763780400000,2025-11-22 05:00:00,0.4095,0.4124,0.4071,0.4083,44457.7
1763784000000,2025-11-22 06:00:00,0.4083,0.4083,0.3997,0.4042,129361.9
1763787600000,2025-11-22 07:00:00,0.4042,0.4052,0.3975,0.401,93679.2
1763791200000,2025-11-22 08:00:00,0.401,0.4077,0.3985,0.4061,48842.3
1763794800000,2025-11-22 09:00:00,0.4061,0.4086,0.4038,0.4068,52478.6
1763798400000,2025-11-22 10:00:00,0.4068,0.4069,0.3984,0.4,261711.3
1763802000000,2025-11-22 11:00:00,0.4,0.4062,0.3994,0.4003,151701.1
1763805600000,2025-11-22 12:00:00,0.4003,0.4022,0.3962,0.3992,117610.7
1763809200000,2025-11-22 13:00:00,0.3992,0.4065,0.3987,0.4034,75067.3
1763812800000,2025-11-22 14:00:00,0.4034,0.4036,0.3969,0.399,61750.4
1763816400000,2025-11-22 15:00:00,0.399,0.4017,0.3963,0.4006,121532.1
1763820000000,2025-11-22 16:00:00,0.4006,0.4061,0.3998,0.4044,103376.0
1763823600000,2025-11-22 17:00:00,0.4044,0.4069,0.4016,0.405,255974.5
1763827200000,2025-11-22 18:00:00,0.405,0.4113,0.4048,0.4085,272188.4
1763830800000,2025-11-22 19:00:00,0.4085,0.4097,0.4066,0.407,44061.2
1763834400000,2025-11-22 20:00:00,0.407,0.4075,0.4037,0.4056,48587.5
1763838000000,2025-11-22 21:00:00,0.4056,0.4071,0.4025,0.4043,56110.7
1763841600000,2025-11-22 22:00:00,0.4043,0.408,0.4009,0.4021,157094.9
1763845200000,2025-11-22 23:00:00,0.4021,0.4055,0.4018,0.4032,29456.8
1763848800000,2025-11-23 00:00:00,0.4032,0.4139,0.4014,0.4116,146127.6
1763852400000,2025-11-23 01:00:00,0.4116,0.4124,0.4079,0.4082,48571.7
1763856000000,2025-11-23 02:00:00,0.4082,0.41,0.4055,0.407,52262.8
1763859600000,2025-11-23 03:00:00,0.407,0.4134,0.407,0.4094,82020.1
1763863200000,2025-11-23 04:00:00,0.4094,0.413,0.4088,0.4112,44006.5
1763866800000,2025-11-23 05:00:00,0.4112,0.4117,0.4072,0.4092,54427.8
1763870400000,2025-11-23 06:00:00,0.4092,0.4133,0.4086,0.4102,111859.1
1763874000000,2025-11-23 07:00:00,0.4102,0.4118,0.4086,0.4115,33881.9
1763877600000,2025-11-23 08:00:00,0.4115,0.4116,0.4061,0.4062,44208.1
1763881200000,2025-11-23 09:00:00,0.4062,0.4086,0.4048,0.4075,178419.4
1763884800000,2025-11-23 10:00:00,0.4075,0.4087,0.4065,0.4083,42908.2
1763888400000,2025-11-23 11:00:00,0.4083,0.4102,0.4076,0.408,48759.0
1763892000000,2025-11-23 12:00:00,0.408,0.409,0.4069,0.4082,33027.0
1763895600000,2025-11-23 13:00:00,0.4082,0.4086,0.4053,0.4078,25624.7
1763899200000,2025-11-23 14:00:00,0.4078,0.4121,0.4075,0.4084,88200.6
1763902800000,2025-11-23 15:00:00,0.4084,0.4105,0.4075,0.4105,22695.6
1763906400000,2025-11-23 16:00:00,0.4105,0.412,0.4049,0.4055,107812.7
1763910000000,2025-11-23 17:00:00,0.4055,0.41,0.4044,0.409,42803.3
1763913600000,2025-11-23 18:00:00,0.409,0.4103,0.4061,0.4061,110522.3
1763917200000,2025-11-23 19:00:00,0.4061,0.4067,0.4031,0.4041,46357.9
1763920800000,2025-11-23 20:00:00,0.4041,0.4076,0.4036,0.4045,37139.9
1763924400000,2025-11-23 21:00:00,0.4045,0.4085,0.404,0.4062,41356.4
1763928000000,2025-11-23 22:00:00,0.4062,0.4071,0.4047,0.4057,34544.2
1763931600000,2025-11-23 23:00:00,0.4057,0.4093,0.4042,0.4086,30905.4
1763935200000,2025-11-24 00:00:00,0.4086,0.409,0.4055,0.4082,48686.2
1763938800000,2025-11-24 01:00:00,0.4082,0.4088,0.4018,0.4024,44596.9
1763942400000,2025-11-24 02:00:00,0.4024,0.4044,0.3975,0.4006,95561.9
1763946000000,2025-11-24 03:00:00,0.4006,0.4035,0.399,0.4029,64390.9
1763949600000,2025-11-24 04:00:00,0.4029,0.4127,0.4024,0.4089,164347.8
1763953200000,2025-11-24 05:00:00,0.4089,0.4146,0.4086,0.4109,63653.9
1763956800000,2025-11-24 06:00:00,0.4109,0.4115,0.4029,0.4054,79419.2
1763960400000,2025-11-24 07:00:00,0.4054,0.416,0.4048,0.4115,183265.7
1763964000000,2025-11-24 08:00:00,0.4115,0.4122,0.4061,0.4097,107163.5
1763967600000,2025-11-24 09:00:00,0.4097,0.4101,0.4075,0.4077,33929.4
1763971200000,2025-11-24 10:00:00,0.4077,0.4099,0.4067,0.4084,40381.6
1763974800000,2025-11-24 11:00:00,0.4084,0.4084,0.3988,0.4,114324.4
1763978400000,2025-11-24 12:00:00,0.4,0.4038,0.3993,0.3994,107905.4
1763982000000,2025-11-24 13:00:00,0.3994,0.4038,0.3987,0.4034,89436.5
1763985600000,2025-11-24 14:00:00,0.4034,0.404,0.3992,0.4003,43485.7
1763989200000,2025-11-24 15:00:00,0.4003,0.4063,0.4,0.4026,123845.2
1763992800000,2025-11-24 16:00:00,0.4026,0.4084,0.3979,0.4044,260132.5
1763996400000,2025-11-24 17:00:00,0.4044,0.4108,0.4028,0.4088,116604.6
1764000000000,2025-11-24 18:00:00,0.4088,0.4154,0.4088,0.4137,84867.1
1764003600000,2025-11-24 19:00:00,0.4137,0.4231,0.4121,0.4225,282608.5
1764007200000,2025-11-24 20:00:00,0.4225,0.4241,0.4197,0.4219,153988.3
1764010800000,2025-11-24 21:00:00,0.4219,0.4242,0.4211,0.4211,58707.2
1764014400000,2025-11-24 22:00:00,0.4211,0.425,0.4203,0.4238,98408.6
1764018000000,2025-11-24 23:00:00,0.4238,0.4238,0.4186,0.4203,46886.8
1764021600000,2025-11-25 00:00:00,0.4203,0.4226,0.4159,0.418,81694.8
1764025200000,2025-11-25 01:00:00,0.418,0.4197,0.4159,0.4168,44534.0
1764028800000,2025-11-25 02:00:00,0.4168,0.4181,0.4149,0.4174,49725.9
1764032400000,2025-11-25 03:00:00,0.4174,0.4189,0.4149,0.4151,46239.0
1764036000000,2025-11-25 04:00:00,0.4151,0.4157,0.4105,0.4144,106321.2
1764039600000,2025-11-25 05:00:00,0.4144,0.4162,0.4125,0.4127,34430.7
1764043200000,2025-11-25 06:00:00,0.4127,0.4152,0.4118,0.4142,75589.2
1764046800000,2025-11-25 07:00:00,0.4142,0.4158,0.4127,0.4145,41181.3
1764050400000,2025-11-25 08:00:00,0.4145,0.4145,0.4084,0.4108,34743.2
1764054000000,2025-11-25 09:00:00,0.4108,0.4122,0.4081,0.4086,50647.3
1764057600000,2025-11-25 10:00:00,0.4086,0.4113,0.4069,0.4071,48685.6
1764061200000,2025-11-25 11:00:00,0.4071,0.4097,0.4056,0.4097,36975.4
1764064800000,2025-11-25 12:00:00,0.4097,0.4111,0.4075,0.4108,19679.8
1764068400000,2025-11-25 13:00:00,0.4108,0.4111,0.4081,0.4087,24668.4
1764072000000,2025-11-25 14:00:00,0.4087,0.4141,0.4078,0.4126,62817.7
1764075600000,2025-11-25 15:00:00,0.4126,0.4146,0.4075,0.4083,37875.5
1764079200000,2025-11-25 16:00:00,0.4083,0.4121,0.4026,0.4072,67788.4
1764082800000,2025-11-25 17:00:00,0.4072,0.411,0.4022,0.4083,157145.7
1764086400000,2025-11-25 18:00:00,0.4083,0.4141,0.4073,0.4129,87562.0
1764090000000,2025-11-25 19:00:00,0.4129,0.4175,0.4112,0.4146,95338.2
1764093600000,2025-11-25 20:00:00,0.4146,0.4199,0.4145,0.4165,159610.4
1764097200000,2025-11-25 21:00:00,0.4165,0.4186,0.4098,0.4161,86829.5
1764100800000,2025-11-25 22:00:00,0.4161,0.4211,0.4153,0.4195,46812.9
1764104400000,2025-11-25 23:00:00,0.4195,0.4205,0.4183,0.4186,23335.3
1764108000000,2025-11-26 00:00:00,0.4186,0.4233,0.413,0.4222,53301.6
1764111600000,2025-11-26 01:00:00,0.4222,0.4261,0.421,0.422,86949.4
1764115200000,2025-11-26 02:00:00,0.422,0.4232,0.4199,0.4206,41520.4
1764118800000,2025-11-26 03:00:00,0.4206,0.4253,0.4194,0.4233,33178.4
1764122400000,2025-11-26 04:00:00,0.4233,0.4236,0.4209,0.4212,33249.4
1764126000000,2025-11-26 05:00:00,0.4212,0.4216,0.4158,0.4163,76027.7
1764129600000,2025-11-26 06:00:00,0.4163,0.4177,0.4151,0.4161,32817.9
1764133200000,2025-11-26 07:00:00,0.4161,0.4199,0.4154,0.4193,23104.0
1764136800000,2025-11-26 08:00:00,0.4193,0.4198,0.4169,0.4183,19419.0
1764140400000,2025-11-26 09:00:00,0.4183,0.419,0.4169,0.419,21727.2
1764144000000,2025-11-26 10:00:00,0.419,0.4198,0.4155,0.4156,67405.4
1764147600000,2025-11-26 11:00:00,0.4156,0.4163,0.4109,0.4115,124436.0
1764151200000,2025-11-26 12:00:00,0.4115,0.4137,0.4107,0.4125,27214.7
1764154800000,2025-11-26 13:00:00,0.4125,0.4129,0.4021,0.4034,1227137.6
1764158400000,2025-11-26 14:00:00,0.4034,0.4046,0.3947,0.3964,448807.0
1764162000000,2025-11-26 15:00:00,0.3964,0.3985,0.3941,0.3983,276142.9
1764165600000,2025-11-26 16:00:00,0.3983,0.3983,0.3874,0.3883,669799.7
1764169200000,2025-11-26 17:00:00,0.3883,0.3921,0.3873,0.3901,361916.6
1764172800000,2025-11-26 18:00:00,0.3901,0.3962,0.3895,0.3933,282247.1
1764176400000,2025-11-26 19:00:00,0.3933,0.4012,0.3913,0.4005,378254.0
1764180000000,2025-11-26 20:00:00,0.4005,0.4032,0.3973,0.4028,752618.4
1764183600000,2025-11-26 21:00:00,0.4028,0.4033,0.3977,0.4013,311736.2
1764187200000,2025-11-26 22:00:00,0.4013,0.4015,0.3978,0.3988,213665.2
1764190800000,2025-11-26 23:00:00,0.3988,0.4021,0.3977,0.4001,128596.1
1764194400000,2025-11-27 00:00:00,0.4001,0.4004,0.3981,0.3989,94614.2
1764198000000,2025-11-27 01:00:00,0.3989,0.3992,0.3951,0.3974,195002.3
1764201600000,2025-11-27 02:00:00,0.3974,0.3987,0.3953,0.3961,256096.2
1764205200000,2025-11-27 03:00:00,0.3961,0.3995,0.3955,0.3991,92833.5
1764208800000,2025-11-27 04:00:00,0.3991,0.4009,0.3963,0.3965,190210.8
1764212400000,2025-11-27 05:00:00,0.3965,0.3985,0.3905,0.3919,344804.3
1764216000000,2025-11-27 06:00:00,0.3919,0.3952,0.3916,0.3935,69866.6
1764219600000,2025-11-27 07:00:00,0.3935,0.3943,0.3914,0.3932,110396.3
1764223200000,2025-11-27 08:00:00,0.3932,0.3966,0.3925,0.3959,144660.2
1764226800000,2025-11-27 09:00:00,0.3959,0.3973,0.3955,0.3964,54071.0
1764230400000,2025-11-27 10:00:00,0.3964,0.3989,0.3951,0.3987,59650.1
1764234000000,2025-11-27 11:00:00,0.3987,0.3996,0.3965,0.3978,141930.5
1764237600000,2025-11-27 12:00:00,0.3978,0.3989,0.3954,0.3971,138106.4
1764241200000,2025-11-27 13:00:00,0.3971,0.3981,0.3953,0.396,126320.0
1764244800000,2025-11-27 14:00:00,0.396,0.397,0.3911,0.3915,275410.9
1764248400000,2025-11-27 15:00:00,0.3915,0.3946,0.3911,0.3936,128380.1
1764252000000,2025-11-27 16:00:00,0.3936,0.3953,0.3924,0.3951,57495.2
1764255600000,2025-11-27 17:00:00,0.3951,0.3969,0.3932,0.3965,88691.9
1764259200000,2025-11-27 18:00:00,0.3965,0.4002,0.3959,0.3997,249710.0
1764262800000,2025-11-27 19:00:00,0.3997,0.4011,0.3976,0.399,109428.2
1764266400000,2025-11-27 20:00:00,0.399,0.4004,0.397,0.3998,112618.6
1764270000000,2025-11-27 21:00:00,0.3998,0.401,0.3976,0.398,92848.7
1764273600000,2025-11-27 22:00:00,0.398,0.3995,0.398,0.3992,32723.3
1764277200000,2025-11-27 23:00:00,0.3992,0.4018,0.3979,0.3983,418229.0
1764280800000,2025-11-28 00:00:00,0.3983,0.3991,0.3931,0.3941,310176.4
1764284400000,2025-11-28 01:00:00,0.3941,0.3947,0.3917,0.3932,108152.8
1764288000000,2025-11-28 02:00:00,0.3932,0.3956,0.3932,0.3942,74972.0
1764291600000,2025-11-28 03:00:00,0.3942,0.395,0.3907,0.3915,67810.1
1764295200000,2025-11-28 04:00:00,0.3915,0.392,0.3874,0.3909,278077.4
1764298800000,2025-11-28 05:00:00,0.3909,0.3909,0.3892,0.3902,200142.5
1764302400000,2025-11-28 06:00:00,0.3902,0.3918,0.3878,0.388,72059.9
1764306000000,2025-11-28 07:00:00,0.388,0.3911,0.3863,0.3901,210634.5
1764309600000,2025-11-28 08:00:00,0.3901,0.3901,0.3856,0.3871,74044.1
1764313200000,2025-11-28 09:00:00,0.3871,0.3902,0.3867,0.3884,47687.0
1764316800000,2025-11-28 10:00:00,0.3884,0.399,0.3882,0.3977,264502.0
1764320400000,2025-11-28 11:00:00,0.3977,0.3996,0.396,0.3966,271487.1
1764324000000,2025-11-28 12:00:00,0.3966,0.398,0.3955,0.3969,85244.8
1764327600000,2025-11-28 13:00:00,0.3969,0.3973,0.3913,0.3951,187444.4
1764331200000,2025-11-28 14:00:00,0.3951,0.3959,0.3926,0.393,87762.3
1764334800000,2025-11-28 15:00:00,0.393,0.3983,0.3912,0.3967,133046.5
1764338400000,2025-11-28 16:00:00,0.3967,0.399,0.3942,0.3968,193673.9
1764342000000,2025-11-28 17:00:00,0.3968,0.4018,0.3964,0.3972,311176.6
1764345600000,2025-11-28 18:00:00,0.3972,0.3973,0.389,0.3897,205040.4
1764349200000,2025-11-28 19:00:00,0.3897,0.3904,0.3822,0.3836,462589.9
1764352800000,2025-11-28 20:00:00,0.3836,0.3848,0.3803,0.3828,256102.5
1764356400000,2025-11-28 21:00:00,0.3828,0.3871,0.3822,0.3856,160738.8
1764360000000,2025-11-28 22:00:00,0.3856,0.386,0.3833,0.3849,114506.2
1764363600000,2025-11-28 23:00:00,0.3849,0.3849,0.3789,0.3793,206722.2
1764367200000,2025-11-29 00:00:00,0.3793,0.385,0.3788,0.3834,169694.1
1764370800000,2025-11-29 01:00:00,0.3834,0.3852,0.3834,0.3836,23438.7
1764374400000,2025-11-29 02:00:00,0.3836,0.3856,0.3828,0.3856,86590.5
1764378000000,2025-11-29 03:00:00,0.3856,0.3886,0.3856,0.3872,59900.6
1764381600000,2025-11-29 04:00:00,0.3872,0.3885,0.3853,0.3868,48320.2
1764385200000,2025-11-29 05:00:00,0.3868,0.3893,0.3868,0.3877,48663.9
1764388800000,2025-11-29 06:00:00,0.3877,0.3912,0.3864,0.391,106586.0
1764392400000,2025-11-29 07:00:00,0.391,0.3911,0.3892,0.3893,42230.3
1764396000000,2025-11-29 08:00:00,0.3893,0.3914,0.3852,0.387,147054.8
1764399600000,2025-11-29 09:00:00,0.387,0.3873,0.3846,0.3857,22985.2
1764403200000,2025-11-29 10:00:00,0.3857,0.3857,0.3818,0.3819,136284.2
1764406800000,2025-11-29 11:00:00,0.3819,0.3836,0.3815,0.3824,81972.3
1764410400000,2025-11-29 12:00:00,0.3824,0.3844,0.3807,0.3832,114745.2
1764414000000,2025-11-29 13:00:00,0.3832,0.3875,0.3832,0.387,101811.9
1764417600000,2025-11-29 14:00:00,0.387,0.3873,0.3833,0.3833,89525.4
1764421200000,2025-11-29 15:00:00,0.3833,0.3834,0.3815,0.3823,62851.7
1764424800000,2025-11-29 16:00:00,0.3823,0.3823,0.3796,0.3801,70914.4
1764428400000,2025-11-29 17:00:00,0.3801,0.3841,0.38,0.3813,99929.6
1764432000000,2025-11-29 18:00:00,0.3813,0.3821,0.3791,0.3806,159804.6
1764435600000,2025-11-29 19:00:00,0.3806,0.3807,0.3742,0.3751,261475.5
1764439200000,2025-11-29 20:00:00,0.3751,0.3784,0.3734,0.3776,276540.8
1764442800000,2025-11-29 21:00:00,0.3776,0.3785,0.3766,0.3769,160637.5
1764446400000,2025-11-29 22:00:00,0.3769,0.3778,0.3745,0.3774,89471.0
1764450000000,2025-11-29 23:00:00,0.3774,0.3782,0.376,0.3774,27738.8
1764453600000,2025-11-30 00:00:00,0.3774,0.3786,0.3768,0.3768,107164.8
1764457200000,2025-11-30 01:00:00,0.3768,0.3788,0.3756,0.3779,20523.8
1764460800000,2025-11-30 02:00:00,0.3779,0.3788,0.3766,0.3766,109697.4
1764464400000,2025-11-30 03:00:00,0.3766,0.3786,0.3764,0.378,30368.8
1764468000000,2025-11-30 04:00:00,0.378,0.38,0.3757,0.3761,172185.1
1764471600000,2025-11-30 05:00:00,0.3761,0.3787,0.371,0.3784,746393.9
1764475200000,2025-11-30 06:00:00,0.3784,0.3792,0.3762,0.3777,49484.7
1764478800000,2025-11-30 07:00:00,0.3777,0.3781,0.3751,0.3763,89719.1
1764482400000,2025-11-30 08:00:00,0.3763,0.3792,0.3749,0.3783,78759.7
1764486000000,2025-11-30 09:00:00,0.3783,0.3817,0.3783,0.3815,290209.9
1764489600000,2025-11-30 10:00:00,0.3815,0.3846,0.381,0.3837,310722.0
1764493200000,2025-11-30 11:00:00,0.3837,0.3846,0.382,0.3832,79870.6
1764496800000,2025-11-30 12:00:00,0.3832,0.3835,0.38,0.3808,197604.2
1764500400000,2025-11-30 13:00:00,0.3808,0.3811,0.3787,0.3788,216191.1
1764504000000,2025-11-30 14:00:00,0.3788,0.383,0.3772,0.3813,169981.8
1764507600000,2025-11-30 15:00:00,0.3813,0.3854,0.3807,0.3848,186475.9
1764511200000,2025-11-30 16:00:00,0.3848,0.3853,0.3794,0.3803,69277.2
1764514800000,2025-11-30 17:00:00,0.3803,0.3804,0.3779,0.3801,34214.2
1764518400000,2025-11-30 18:00:00,0.3801,0.3839,0.3799,0.3836,23447.0
1764522000000,2025-11-30 19:00:00,0.3836,0.3838,0.3812,0.3828,33636.2
1764525600000,2025-11-30 20:00:00,0.3828,0.3832,0.3809,0.3818,23587.1
1764529200000,2025-11-30 21:00:00,0.3818,0.3824,0.3807,0.3818,35228.6
1764532800000,2025-11-30 22:00:00,0.3818,0.3836,0.3797,0.3808,25720.5
1764536400000,2025-11-30 23:00:00,0.3808,0.3809,0.3782,0.3788,37641.0
1764540000000,2025-12-01 00:00:00,0.3788,0.3816,0.3775,0.3799,146787.4
1764543600000,2025-12-01 01:00:00,0.3799,0.3799,0.3709,0.3719,418981.9
1764547200000,2025-12-01 02:00:00,0.3719,0.3727,0.3407,0.3421,3611548.6
1764550800000,2025-12-01 03:00:00,0.3421,0.3464,0.3393,0.3397,387058.0
1764554400000,2025-12-01 04:00:00,0.3397,0.3437,0.3376,0.3397,293856.6
1764558000000,2025-12-01 05:00:00,0.3397,0.34,0.3353,0.337,267571.0
1764561600000,2025-12-01 06:00:00,0.337,0.338,0.335,0.3369,189730.4
1764565200000,2025-12-01 07:00:00,0.3369,0.341,0.3315,0.3325,761873.1
1764568800000,2025-12-01 08:00:00,0.3325,0.3387,0.3324,0.3377,336469.8
1764572400000,2025-12-01 09:00:00,0.3377,0.3397,0.3367,0.3396,95021.7
1764576000000,2025-12-01 10:00:00,0.3396,0.3424,0.3393,0.3411,145061.8
1764579600000,2025-12-01 11:00:00,0.3411,0.3429,0.3406,0.3411,119122.8
1764583200000,2025-12-01 12:00:00,0.3411,0.343,0.3408,0.3413,41535.2
1764586800000,2025-12-01 13:00:00,0.3413,0.3416,0.3371,0.3385,84755.6
1764590400000,2025-12-01 14:00:00,0.3385,0.3405,0.3336,0.3399,153734.7
1764594000000,2025-12-01 15:00:00,0.3399,0.3426,0.3374,0.3379,60698.3
1764597600000,2025-12-01 16:00:00,0.3379,0.3419,0.3361,0.3396,1069594.1
1764601200000,2025-12-01 17:00:00,0.3396,0.3405,0.3311,0.3368,542915.4
1764604800000,2025-12-01 18:00:00,0.3368,0.3383,0.3337,0.3342,205482.2
1764608400000,2025-12-01 19:00:00,0.3342,0.3369,0.3318,0.333,135764.2
1764612000000,2025-12-01 20:00:00,0.333,0.3372,0.3327,0.3365,106733.8
1764615600000,2025-12-01 21:00:00,0.3365,0.3366,0.3329,0.3345,110430.6
1764619200000,2025-12-01 22:00:00,0.3345,0.34,0.3345,0.3374,183101.8
1764622800000,2025-12-01 23:00:00,0.3374,0.342,0.3373,0.3407,208740.5
1764626400000,2025-12-02 00:00:00,0.3407,0.3435,0.3407,0.341,108125.3
1764630000000,2025-12-02 01:00:00,0.341,0.3425,0.3402,0.3402,51980.3
1764633600000,2025-12-02 02:00:00,0.3402,0.3415,0.3383,0.34,130307.2
1764637200000,2025-12-02 03:00:00,0.34,0.3443,0.3389,0.3393,79255.1
1764640800000,2025-12-02 04:00:00,0.3393,0.3411,0.3382,0.3393,49058.6
1764644400000,2025-12-02 05:00:00,0.3393,0.3403,0.3362,0.3395,52759.0
1764648000000,2025-12-02 06:00:00,0.3395,0.341,0.3383,0.3383,44239.8
1764651600000,2025-12-02 07:00:00,0.3383,0.3388,0.3374,0.3383,38042.3
1764655200000,2025-12-02 08:00:00,0.3383,0.3392,0.337,0.3386,30791.2
1764658800000,2025-12-02 09:00:00,0.3386,0.3386,0.3374,0.3378,31941.5
1764662400000,2025-12-02 10:00:00,0.3378,0.338,0.3345,0.3353,184609.5
1764666000000,2025-12-02 11:00:00,0.3353,0.3368,0.3347,0.336,84643.8
1764669600000,2025-12-02 12:00:00,0.336,0.34,0.3355,0.3384,54960.9
1764673200000,2025-12-02 13:00:00,0.3384,0.34,0.3376,0.3392,36417.6
1764676800000,2025-12-02 14:00:00,0.3392,0.3402,0.3374,0.3388,43909.5
1764680400000,2025-12-02 15:00:00,0.3388,0.3423,0.3378,0.3413,83358.7
1764684000000,2025-12-02 16:00:00,0.3413,0.3498,0.3412,0.3495,368923.1
1764687600000,2025-12-02 17:00:00,0.3495,0.3693,0.3495,0.369,953525.2
1764691200000,2025-12-02 18:00:00,0.369,0.3712,0.3622,0.3665,418531.8
1764694800000,2025-12-02 19:00:00,0.3665,0.3724,0.3652,0.3696,439126.8
1764698400000,2025-12-02 20:00:00,0.3696,0.3731,0.3696,0.3701,429231.2
1764702000000,2025-12-02 21:00:00,0.3701,0.3707,0.3644,0.3645,291936.0
1764705600000,2025-12-02 22:00:00,0.3645,0.3653,0.3602,0.3624,287441.9
1764709200000,2025-12-02 23:00:00,0.3624,0.3645,0.3623,0.3641,152426.9
1764712800000,2025-12-03 00:00:00,0.3641,0.3679,0.3639,0.3678,80037.8
1764716400000,2025-12-03 01:00:00,0.3678,0.3678,0.3644,0.3653,76953.3
1764720000000,2025-12-03 02:00:00,0.3653,0.3681,0.3651,0.3663,98430.2
1764723600000,2025-12-03 03:00:00,0.3663,0.3675,0.3654,0.3661,74521.0
1764727200000,2025-12-03 04:00:00,0.3661,0.3705,0.3657,0.3689,135318.6
1764730800000,2025-12-03 05:00:00,0.3689,0.3707,0.3678,0.3678,40109.2
1764734400000,2025-12-03 06:00:00,0.3678,0.3713,0.3676,0.3709,57063.7
1764738000000,2025-12-03 07:00:00,0.3709,0.3735,0.3709,0.3726,150058.6
1764741600000,2025-12-03 08:00:00,0.3726,0.3755,0.3706,0.3726,188007.0
1764745200000,2025-12-03 09:00:00,0.3726,0.3728,0.3706,0.3713,65361.9
1764748800000,2025-12-03 10:00:00,0.3713,0.3743,0.3712,0.3731,79906.0
1764752400000,2025-12-03 11:00:00,0.3731,0.3734,0.37,0.3724,95439.2
1764756000000,2025-12-03 12:00:00,0.3724,0.3741,0.3702,0.3704,75324.4
1764759600000,2025-12-03 13:00:00,0.3704,0.3719,0.3688,0.3709,141867.4
1764763200000,2025-12-03 14:00:00,0.3709,0.371,0.3678,0.3687,77224.7
1764766800000,2025-12-03 15:00:00,0.3687,0.3698,0.3681,0.3684,45101.1
1764770400000,2025-12-03 16:00:00,0.3684,0.3729,0.3605,0.366,408493.2
1764774000000,2025-12-03 17:00:00,0.366,0.3707,0.3659,0.3697,121345.4
1764777600000,2025-12-03 18:00:00,0.3697,0.372,0.3671,0.3699,64059.7
1764781200000,2025-12-03 19:00:00,0.3699,0.3747,0.3696,0.3741,94026.5
1764784800000,2025-12-03 20:00:00,0.3741,0.3764,0.3706,0.3713,126011.4
1764788400000,2025-12-03 21:00:00,0.3713,0.3726,0.3706,0.3722,30894.4
1764792000000,2025-12-03 22:00:00,0.3722,0.3738,0.3702,0.3713,83787.6
1764795600000,2025-12-03 23:00:00,0.3713,0.3758,0.3709,0.3752,82136.5
1764799200000,2025-12-04 00:00:00,0.3752,0.3772,0.3732,0.3762,164957.8
1764802800000,2025-12-04 01:00:00,0.3762,0.3788,0.3737,0.3742,112268.9
1764806400000,2025-12-04 02:00:00,0.3742,0.3749,0.3717,0.373,98355.4
1764810000000,2025-12-04 03:00:00,0.373,0.3774,0.3717,0.372,96986.2
1764813600000,2025-12-04 04:00:00,0.372,0.3755,0.3718,0.3745,32770.1
1764817200000,2025-12-04 05:00:00,0.3745,0.3759,0.3728,0.3732,71401.4
1764820800000,2025-12-04 06:00:00,0.3732,0.3743,0.3716,0.3728,23600.7
1764824400000,2025-12-04 07:00:00,0.3728,0.3737,0.3709,0.3725,53266.8
1764828000000,2025-12-04 08:00:00,0.3725,0.3743,0.3714,0.3735,75612.3
1764831600000,2025-12-04 09:00:00,0.3735,0.3738,0.3709,0.3722,40670.3
1764835200000,2025-12-04 10:00:00,0.3722,0.3731,0.3691,0.3702,65626.8
1764838800000,2025-12-04 11:00:00,0.3702,0.3726,0.3702,0.3717,46074.5
1764842400000,2025-12-04 12:00:00,0.3717,0.3728,0.3704,0.3709,10491.0
1764846000000,2025-12-04 13:00:00,0.3709,0.3714,0.3687,0.3693,34367.4
1764849600000,2025-12-04 14:00:00,0.3693,0.37,0.3663,0.3674,107198.2
1764853200000,2025-12-04 15:00:00,0.3674,0.3682,0.3639,0.3642,69199.5
1764856800000,2025-12-04 16:00:00,0.3642,0.3672,0.361,0.3614,175767.0
1764860400000,2025-12-04 17:00:00,0.3614,0.3695,0.3614,0.3661,163374.3
1764864000000,2025-12-04 18:00:00,0.3661,0.3695,0.3635,0.3641,201008.8
1764867600000,2025-12-04 19:00:00,0.3641,0.3642,0.3601,0.3639,113107.6
1764871200000,2025-12-04 20:00:00,0.3639,0.3655,0.3612,0.3617,48233.5
1764874800000,2025-12-04 21:00:00,0.3617,0.3619,0.3506,0.3556,563673.8
1764878400000,2025-12-04 22:00:00,0.3556,0.3571,0.3524,0.3562,104610.8
1764882000000,2025-12-04 23:00:00,0.3562,0.3577,0.3524,0.3524,55543.9
1764885600000,2025-12-05 00:00:00,0.3524,0.3554,0.3523,0.3547,54197.4
1764889200000,2025-12-05 01:00:00,0.3547,0.355,0.3521,0.3521,46199.6
1764892800000,2025-12-05 02:00:00,0.3521,0.3542,0.3504,0.3527,69083.7
1764896400000,2025-12-05 03:00:00,0.3527,0.3551,0.3521,0.3524,55123.7
1764900000000,2025-12-05 04:00:00,0.3524,0.3559,0.3506,0.3542,87322.9
1764903600000,2025-12-05 05:00:00,0.3542,0.3547,0.351,0.3518,43728.9
1764907200000,2025-12-05 06:00:00,0.3518,0.3528,0.3478,0.3499,144988.5
1764910800000,2025-12-05 07:00:00,0.3499,0.3519,0.3498,0.3519,56231.3
1764914400000,2025-12-05 08:00:00,0.3519,0.3535,0.3506,0.3514,84055.3
1764918000000,2025-12-05 09:00:00,0.3514,0.3535,0.3508,0.3529,68792.0
1764921600000,2025-12-05 10:00:00,0.3529,0.3529,0.3493,0.3504,206479.3
1764925200000,2025-12-05 11:00:00,0.3504,0.3505,0.3452,0.3458,190695.2
1764928800000,2025-12-05 12:00:00,0.3458,0.3488,0.3452,0.3462,300587.9
1764932400000,2025-12-05 13:00:00,0.3462,0.3472,0.342,0.3448,219597.9
1764936000000,2025-12-05 14:00:00,0.3448,0.3451,0.3439,0.3444,103866.2
1764939600000,2025-12-05 15:00:00,0.3444,0.3458,0.3409,0.3417,256843.5
1764943200000,2025-12-05 16:00:00,0.3417,0.3425,0.339,0.3402,168340.9
1764946800000,2025-12-05 17:00:00,0.3402,0.3466,0.3381,0.3392,305509.2
1764950400000,2025-12-05 18:00:00,0.3392,0.3393,0.3228,0.3259,1127840.0
1764954000000,2025-12-05 19:00:00,0.3259,0.3276,0.3227,0.3263,327546.3
1764957600000,2025-12-05 20:00:00,0.3263,0.3295,0.3213,0.3215,483056.1
1764961200000,2025-12-05 21:00:00,0.3215,0.3291,0.3196,0.3277,313786.2
1764964800000,2025-12-05 22:00:00,0.3277,0.3305,0.3268,0.3294,120221.7
1764968400000,2025-12-05 23:00:00,0.3294,0.3316,0.3289,0.3298,112845.0
1764972000000,2025-12-06 00:00:00,0.3298,0.3324,0.3285,0.3316,127560.8
1764975600000,2025-12-06 01:00:00,0.3316,0.3324,0.3297,0.3307,41925.1
1764979200000,2025-12-06 02:00:00,0.3307,0.3308,0.3281,0.3307,98657.2
1764982800000,2025-12-06 03:00:00,0.3307,0.3315,0.3296,0.3296,34794.9
1764986400000,2025-12-06 04:00:00,0.3296,0.3323,0.3289,0.3323,28991.9
1764990000000,2025-12-06 05:00:00,0.3323,0.3344,0.3323,0.3342,54188.8
1764993600000,2025-12-06 06:00:00,0.3342,0.3343,0.3313,0.3313,30963.7
1764997200000,2025-12-06 07:00:00,0.3313,0.3318,0.3291,0.33,70329.3
1765000800000,2025-12-06 08:00:00,0.33,0.3312,0.3296,0.3307,127841.4
1765004400000,2025-12-06 09:00:00,0.3307,0.3313,0.3289,0.3296,129943.4
1765008000000,2025-12-06 10:00:00,0.3296,0.3304,0.3283,0.3284,71527.9
1765011600000,2025-12-06 11:00:00,0.3284,0.3303,0.3284,0.3289,31785.0
1765015200000,2025-12-06 12:00:00,0.3289,0.3295,0.3276,0.3285,55790.1
1765018800000,2025-12-06 13:00:00,0.3285,0.3299,0.3277,0.3295,26782.7
1765022400000,2025-12-06 14:00:00,0.3295,0.3303,0.3283,0.3292,37575.5
1765026000000,2025-12-06 15:00:00,0.3292,0.3316,0.3291,0.3303,41772.6
1765029600000,2025-12-06 16:00:00,0.3303,0.3338,0.3297,0.3326,182774.8
1765033200000,2025-12-06 17:00:00,0.3326,0.3332,0.3299,0.3309,96917.4
1765036800000,2025-12-06 18:00:00,0.3309,0.3341,0.3307,0.3331,51224.0
1765040400000,2025-12-06 19:00:00,0.3331,0.3355,0.3324,0.3353,32306.5
1765044000000,2025-12-06 20:00:00,0.3353,0.339,0.3351,0.3368,89882.8
1765047600000,2025-12-06 21:00:00,0.3368,0.3376,0.3333,0.3352,131877.6
1765051200000,2025-12-06 22:00:00,0.3352,0.3362,0.3346,0.3361,43522.9
1765054800000,2025-12-06 23:00:00,0.3361,0.34,0.3357,0.3377,80102.3
1765058400000,2025-12-07 00:00:00,0.3377,0.3384,0.3352,0.3352,32149.5
1765062000000,2025-12-07 01:00:00,0.3352,0.3353,0.3335,0.3348,46848.6
1765065600000,2025-12-07 02:00:00,0.3348,0.3385,0.3348,0.3382,49965.9
1765069200000,2025-12-07 03:00:00,0.3382,0.3382,0.3358,0.3358,17421.2
1765072800000,2025-12-07 04:00:00,0.3358,0.3378,0.3358,0.3376,11297.1
1765076400000,2025-12-07 05:00:00,0.3376,0.3376,0.336,0.3368,18073.8
1765080000000,2025-12-07 06:00:00,0.3368,0.3373,0.3341,0.3341,33996.4
1765083600000,2025-12-07 07:00:00,0.3341,0.3357,0.3337,0.3348,20899.9
1765087200000,2025-12-07 08:00:00,0.3348,0.3357,0.3341,0.3352,23665.4
1765090800000,2025-12-07 09:00:00,0.3352,0.3356,0.3309,0.3316,43428.1
1765094400000,2025-12-07 10:00:00,0.3316,0.3319,0.3293,0.3293,43041.3
1765098000000,2025-12-07 11:00:00,0.3293,0.3305,0.3265,0.3269,100866.1
1765101600000,2025-12-07 12:00:00,0.3269,0.3281,0.3258,0.3272,93998.6
1765105200000,2025-12-07 13:00:00,0.3272,0.3287,0.3268,0.327,15894.1
1765108800000,2025-12-07 14:00:00,0.327,0.3296,0.3265,0.3285,35855.7
1765112400000,2025-12-07 15:00:00,0.3285,0.3293,0.3249,0.3259,57181.4
1765116000000,2025-12-07 16:00:00,0.3259,0.3259,0.3162,0.3175,1038552.3
1765119600000,2025-12-07 17:00:00,0.3175,0.328,0.3172,0.3268,321314.5
1765123200000,2025-12-07 18:00:00,0.3268,0.3268,0.3232,0.3258,118327.3
1765126800000,2025-12-07 19:00:00,0.3258,0.3342,0.3241,0.3319,295317.9
1765130400000,2025-12-07 20:00:00,0.3319,0.3345,0.3318,0.3331,94022.0
1765134000000,2025-12-07 21:00:00,0.3331,0.3339,0.3304,0.3331,215425.8
1765137600000,2025-12-07 22:00:00,0.3331,0.334,0.3322,0.3326,58344.5
1765141200000,2025-12-07 23:00:00,0.3326,0.3326,0.322,0.3237,99511.3
1765144800000,2025-12-08 00:00:00,0.3237,0.3237,0.3144,0.3202,361787.0
1765148400000,2025-12-08 01:00:00,0.3202,0.3203,0.3166,0.3202,53732.8
1765152000000,2025-12-08 02:00:00,0.3202,0.3221,0.3182,0.3182,117980.5
1765155600000,2025-12-08 03:00:00,0.3182,0.3259,0.318,0.3223,107948.4
1765159200000,2025-12-08 04:00:00,0.3223,0.3259,0.3214,0.3256,63426.1
1765162800000,2025-12-08 05:00:00,0.3256,0.3273,0.325,0.3257,58926.4
1765166400000,2025-12-08 06:00:00,0.3257,0.3312,0.3256,0.3297,66822.7
1765170000000,2025-12-08 07:00:00,0.3297,0.3329,0.3297,0.3318,75614.8
1765173600000,2025-12-08 08:00:00,0.3318,0.3368,0.3318,0.3356,88551.3
1765177200000,2025-12-08 09:00:00,0.3356,0.3373,0.3338,0.3363,78838.6
1765180800000,2025-12-08 10:00:00,0.3363,0.3392,0.3358,0.3387,61339.7
1765184400000,2025-12-08 11:00:00,0.3387,0.3421,0.3374,0.3378,245528.8
1765188000000,2025-12-08 12:00:00,0.3378,0.3382,0.3354,0.3356,86750.4
1765191600000,2025-12-08 13:00:00,0.3356,0.3359,0.3324,0.3341,97939.4
1765195200000,2025-12-08 14:00:00,0.3341,0.3347,0.3318,0.3344,145562.7
1765198800000,2025-12-08 15:00:00,0.3344,0.3351,0.3322,0.3333,134349.3
1765202400000,2025-12-08 16:00:00,0.3333,0.3373,0.3307,0.3331,269353.4
1765206000000,2025-12-08 17:00:00,0.3331,0.3345,0.3293,0.3302,187600.9
1765209600000,2025-12-08 18:00:00,0.3302,0.3347,0.3288,0.3315,159963.9
1765213200000,2025-12-08 19:00:00,0.3315,0.3331,0.3281,0.3313,98669.4
1765216800000,2025-12-08 20:00:00,0.3313,0.3334,0.3275,0.3288,81466.7
1765220400000,2025-12-08 21:00:00,0.3288,0.3301,0.3281,0.3284,45955.0
1765224000000,2025-12-08 22:00:00,0.3284,0.3319,0.3284,0.331,52513.8
1765227600000,2025-12-08 23:00:00,0.331,0.3343,0.3304,0.334,48066.4
1765231200000,2025-12-09 00:00:00,0.334,0.335,0.3317,0.3323,84097.0
1765234800000,2025-12-09 01:00:00,0.3323,0.3333,0.3309,0.3327,25149.6
1765238400000,2025-12-09 02:00:00,0.3327,0.3355,0.3313,0.3318,29505.3
1765242000000,2025-12-09 03:00:00,0.3318,0.3332,0.3282,0.3288,52218.2
1765245600000,2025-12-09 04:00:00,0.3288,0.3304,0.3276,0.3277,37940.2
1765249200000,2025-12-09 05:00:00,0.3277,0.3313,0.326,0.3306,77233.3
1765252800000,2025-12-09 06:00:00,0.3306,0.3307,0.3264,0.3273,55519.9
1765256400000,2025-12-09 07:00:00,0.3273,0.3292,0.3257,0.3276,41380.8
1765260000000,2025-12-09 08:00:00,0.3276,0.3286,0.3264,0.3283,19502.0
1765263600000,2025-12-09 09:00:00,0.3283,0.3308,0.3279,0.3303,36232.6
1765267200000,2025-12-09 10:00:00,0.3303,0.3307,0.3287,0.3291,26655.1
1765270800000,2025-12-09 11:00:00,0.3291,0.3291,0.3267,0.327,26904.1
1765274400000,2025-12-09 12:00:00,0.327,0.3284,0.3256,0.3272,50933.1
1765278000000,2025-12-09 13:00:00,0.3272,0.3279,0.3266,0.3279,35319.7
1765281600000,2025-12-09 14:00:00,0.3279,0.3331,0.3273,0.3328,133587.0
1765285200000,2025-12-09 15:00:00,0.3328,0.3344,0.3312,0.3325,62393.8
1765288800000,2025-12-09 16:00:00,0.3325,0.3347,0.331,0.3334,92421.2
1765292400000,2025-12-09 17:00:00,0.3334,0.3453,0.3322,0.3452,364365.6
1765296000000,2025-12-09 18:00:00,0.3452,0.359,0.3452,0.3585,517381.7
1765299600000,2025-12-09 19:00:00,0.3585,0.3625,0.358,0.3613,656623.1
1765303200000,2025-12-09 20:00:00,0.3613,0.3632,0.3572,0.3585,180769.8
1765306800000,2025-12-09 21:00:00,0.3585,0.359,0.3557,0.357,122678.1
1765310400000,2025-12-09 22:00:00,0.357,0.3576,0.3489,0.3498,309116.0
1765314000000,2025-12-09 23:00:00,0.3498,0.3519,0.3422,0.3456,340007.2
1765317600000,2025-12-10 00:00:00,0.3456,0.3509,0.3454,0.3503,123742.7
1765321200000,2025-12-10 01:00:00,0.3503,0.3506,0.3484,0.3491,60754.3
1765324800000,2025-12-10 02:00:00,0.3491,0.3501,0.3436,0.3436,114225.6
1765328400000,2025-12-10 03:00:00,0.3436,0.3449,0.3422,0.3428,41058.7
1765332000000,2025-12-10 04:00:00,0.3428,0.3441,0.3416,0.3437,26524.2
1765335600000,2025-12-10 05:00:00,0.3437,0.3439,0.3418,0.343,20622.5
1765339200000,2025-12-10 06:00:00,0.343,0.3441,0.3419,0.3429,39210.9
1765342800000,2025-12-10 07:00:00,0.3429,0.3438,0.3418,0.3424,85480.8
1765346400000,2025-12-10 08:00:00,0.3424,0.3428,0.3412,0.3418,36882.8
1765350000000,2025-12-10 09:00:00,0.3418,0.3418,0.3379,0.3412,182909.8
1765353600000,2025-12-10 10:00:00,0.3412,0.3415,0.3381,0.3381,60340.5
1765357200000,2025-12-10 11:00:00,0.3381,0.3406,0.3367,0.34,50831.0
1765360800000,2025-12-10 12:00:00,0.34,0.3423,0.3363,0.3365,92962.6
1765364400000,2025-12-10 13:00:00,0.3365,0.3378,0.3351,0.337,122448.7
1765368000000,2025-12-10 14:00:00,0.337,0.3377,0.3353,0.3367,44688.6
1765371600000,2025-12-10 15:00:00,0.3367,0.3385,0.3361,0.3384,85978.7
1765375200000,2025-12-10 16:00:00,0.3384,0.3393,0.3369,0.3385,100148.3
1765378800000,2025-12-10 17:00:00,0.3385,0.3415,0.3375,0.3385,153161.2
1765382400000,2025-12-10 18:00:00,0.3385,0.3427,0.3382,0.3409,87330.6
1765386000000,2025-12-10 19:00:00,0.3409,0.3439,0.3402,0.3411,74042.9
1765389600000,2025-12-10 20:00:00,0.3411,0.3472,0.3402,0.3425,98968.0
1765393200000,2025-12-10 21:00:00,0.3425,0.3494,0.3393,0.3481,529488.1
1765396800000,2025-12-10 22:00:00,0.3481,0.3564,0.3433,0.344,351367.2
1765400400000,2025-12-10 23:00:00,0.344,0.3454,0.3372,0.3373,171421.1
1765404000000,2025-12-11 00:00:00,0.3373,0.3391,0.3318,0.3382,737598.8
1765407600000,2025-12-11 01:00:00,0.3382,0.3385,0.3319,0.3323,128023.6
1765411200000,2025-12-11 02:00:00,0.3323,0.3327,0.3253,0.3264,477648.8
1765414800000,2025-12-11 03:00:00,0.3264,0.3264,0.3209,0.3225,295763.2
1765418400000,2025-12-11 04:00:00,0.3225,0.3228,0.3192,0.3214,157931.4
1765422000000,2025-12-11 05:00:00,0.3214,0.3216,0.318,0.3196,167001.8
1765425600000,2025-12-11 06:00:00,0.3196,0.3213,0.316,0.3202,310797.0
1765429200000,2025-12-11 07:00:00,0.3202,0.3219,0.3197,0.321,46470.0
1765432800000,2025-12-11 08:00:00,0.321,0.3226,0.3195,0.3213,90101.3
1765436400000,2025-12-11 09:00:00,0.3213,0.3245,0.3202,0.3242,166299.4
1765440000000,2025-12-11 10:00:00,0.3242,0.3243,0.3221,0.3234,96887.4
1765443600000,2025-12-11 11:00:00,0.3234,0.3244,0.3226,0.3229,89950.4
1765447200000,2025-12-11 12:00:00,0.3229,0.3233,0.3215,0.3229,38664.0
1765450800000,2025-12-11 13:00:00,0.3229,0.3255,0.3223,0.3244,83371.9
1765454400000,2025-12-11 14:00:00,0.3244,0.3274,0.324,0.327,249107.5
1765458000000,2025-12-11 15:00:00,0.327,0.3281,0.3249,0.326,193854.2
1765461600000,2025-12-11 16:00:00,0.326,0.3274,0.3223,0.3248,244000.5
1765465200000,2025-12-11 17:00:00,0.3248,0.3288,0.3237,0.3252,310483.2
1765468800000,2025-12-11 18:00:00,0.3252,0.326,0.3218,0.3234,120513.2
1765472400000,2025-12-11 19:00:00,0.3234,0.3278,0.3232,0.3255,94096.1
1765476000000,2025-12-11 20:00:00,0.3255,0.3313,0.3251,0.3277,113491.5
1765479600000,2025-12-11 21:00:00,0.3277,0.3312,0.3266,0.3269,206749.6
1765483200000,2025-12-11 22:00:00,0.3269,0.3301,0.3267,0.3294,80483.4
1765486800000,2025-12-11 23:00:00,0.3294,0.3366,0.3289,0.3349,208106.9
1765490400000,2025-12-12 00:00:00,0.3349,0.336,0.331,0.3322,82634.5
1765494000000,2025-12-12 01:00:00,0.3322,0.3329,0.3305,0.3316,67653.0
1765497600000,2025-12-12 02:00:00,0.3316,0.3343,0.3267,0.3269,75174.1
1765501200000,2025-12-12 03:00:00,0.3269,0.3308,0.3269,0.3295,69879.3
1765504800000,2025-12-12 04:00:00,0.3295,0.3326,0.3292,0.3315,59371.2
1765508400000,2025-12-12 05:00:00,0.3315,0.3324,0.3285,0.3297,83967.1
1765512000000,2025-12-12 06:00:00,0.3297,0.3297,0.3284,0.3285,40321.8
1765515600000,2025-12-12 07:00:00,0.3285,0.3315,0.3274,0.3313,59590.3
1765519200000,2025-12-12 08:00:00,0.3313,0.3341,0.3303,0.3311,63293.7
1765522800000,2025-12-12 09:00:00,0.3311,0.3317,0.3303,0.3303,34538.4
1765526400000,2025-12-12 10:00:00,0.3303,0.331,0.3287,0.33,37250.2
1765530000000,2025-12-12 11:00:00,0.33,0.333,0.3293,0.3329,49925.3
1765533600000,2025-12-12 12:00:00,0.3329,0.3337,0.3316,0.3318,53578.8
1765537200000,2025-12-12 13:00:00,0.3318,0.3318,0.3299,0.3305,43988.7
1765540800000,2025-12-12 14:00:00,0.3305,0.3317,0.33,0.3315,50967.0
1765544400000,2025-12-12 15:00:00,0.3315,0.3319,0.3298,0.3305,45346.5
1765548000000,2025-12-12 16:00:00,0.3305,0.332,0.3288,0.3299,169243.6
1765551600000,2025-12-12 17:00:00,0.3299,0.3299,0.3127,0.3151,758279.3
1765555200000,2025-12-12 18:00:00,0.3151,0.316,0.3093,0.311,458757.9
1765558800000,2025-12-12 19:00:00,0.311,0.3154,0.311,0.313,187684.5
1765562400000,2025-12-12 20:00:00,0.313,0.317,0.3129,0.3141,149512.5
1765566000000,2025-12-12 21:00:00,0.3141,0.3144,0.3125,0.3141,102935.4
1765569600000,2025-12-12 22:00:00,0.3141,0.3152,0.3134,0.3147,74121.8
1765573200000,2025-12-12 23:00:00,0.3147,0.3178,0.3145,0.3164,41636.2
1765576800000,2025-12-13 00:00:00,0.3164,0.3199,0.316,0.3188,41578.6
1765580400000,2025-12-13 01:00:00,0.3188,0.3197,0.3187,0.3193,26122.1
1765584000000,2025-12-13 02:00:00,0.3193,0.321,0.3193,0.3203,31177.3
1765587600000,2025-12-13 03:00:00,0.3203,0.3209,0.3189,0.3196,36778.6
1765591200000,2025-12-13 04:00:00,0.3196,0.3207,0.3196,0.3198,31535.1
1765594800000,2025-12-13 05:00:00,0.3198,0.322,0.3193,0.3208,54380.5
1765598400000,2025-12-13 06:00:00,0.3208,0.3221,0.3208,0.3216,35018.6
1765602000000,2025-12-13 07:00:00,0.3216,0.3217,0.319,0.3196,59043.5
1765605600000,2025-12-13 08:00:00,0.3196,0.3196,0.3181,0.3187,19487.4
1765609200000,2025-12-13 09:00:00,0.3187,0.3238,0.3185,0.3228,118959.6
1765612800000,2025-12-13 10:00:00,0.3228,0.3257,0.3227,0.3235,87635.8
1765616400000,2025-12-13 11:00:00,0.3235,0.3259,0.3235,0.3254,70996.2
1765620000000,2025-12-13 12:00:00,0.3254,0.3295,0.3251,0.3282,198711.2
1765623600000,2025-12-13 13:00:00,0.3282,0.3285,0.3237,0.3242,161768.0
1765627200000,2025-12-13 14:00:00,0.3242,0.3258,0.3233,0.3242,109844.0
1765630800000,2025-12-13 15:00:00,0.3242,0.325,0.3219,0.3224,51135.3
1765634400000,2025-12-13 16:00:00,0.3224,0.3235,0.3209,0.3228,50338.8
1765638000000,2025-12-13 17:00:00,0.3228,0.3258,0.3228,0.3243,66116.7
1765641600000,2025-12-13 18:00:00,0.3243,0.3261,0.3241,0.3252,82094.3
1765645200000,2025-12-13 19:00:00,0.3252,0.3252,0.3236,0.3245,64424.6
1765648800000,2025-12-13 20:00:00,0.3245,0.3257,0.3238,0.3244,29532.2
1765652400000,2025-12-13 21:00:00,0.3244,0.3262,0.3244,0.3254,38094.4
1765656000000,2025-12-13 22:00:00,0.3254,0.3262,0.3246,0.3248,29252.1
1765659600000,2025-12-13 23:00:00,0.3248,0.3255,0.3226,0.3247,43324.4
1765663200000,2025-12-14 00:00:00,0.3247,0.3253,0.3237,0.3239,24023.4
1765666800000,2025-12-14 01:00:00,0.3239,0.3259,0.3238,0.3253,19863.5
1765670400000,2025-12-14 02:00:00,0.3253,0.3255,0.3242,0.3247,22774.4
1765674000000,2025-12-14 03:00:00,0.3247,0.3269,0.3247,0.326,122870.0
1765677600000,2025-12-14 04:00:00,0.326,0.3284,0.3256,0.3282,29137.5
1765681200000,2025-12-14 05:00:00,0.3282,0.3286,0.3254,0.3255,18124.5
1765684800000,2025-12-14 06:00:00,0.3255,0.3255,0.3226,0.3233,30901.7
1765688400000,2025-12-14 07:00:00,0.3233,0.3236,0.321,0.3221,55135.0
1765692000000,2025-12-14 08:00:00,0.3221,0.3222,0.3205,0.3216,27473.5
1765695600000,2025-12-14 09:00:00,0.3216,0.3225,0.3214,0.3217,24638.8
1765699200000,2025-12-14 10:00:00,0.3217,0.323,0.3201,0.3206,41995.8
1765702800000,2025-12-14 11:00:00,0.3206,0.3216,0.3203,0.3208,42752.6
1765706400000,2025-12-14 12:00:00,0.3208,0.3211,0.3183,0.319,155412.8
1765710000000,2025-12-14 13:00:00,0.319,0.3191,0.3141,0.3174,183796.9
1765713600000,2025-12-14 14:00:00,0.3174,0.3192,0.316,0.3187,25291.5
1765717200000,2025-12-14 15:00:00,0.3187,0.3187,0.3165,0.3171,33616.9
1765720800000,2025-12-14 16:00:00,0.3171,0.3182,0.3129,0.3139,96696.6
1765724400000,2025-12-14 17:00:00,0.3139,0.3145,0.3126,0.3134,36740.1
1765728000000,2025-12-14 18:00:00,0.3134,0.3157,0.3125,0.3136,42730.4
1765731600000,2025-12-14 19:00:00,0.3136,0.3139,0.3081,0.3093,363151.0
1765735200000,2025-12-14 20:00:00,0.3093,0.3118,0.309,0.3118,41891.2
1765738800000,2025-12-14 21:00:00,0.3118,0.3118,0.3082,0.3089,27375.4
1765742400000,2025-12-14 22:00:00,0.3089,0.3113,0.3072,0.3098,197743.6
1765746000000,2025-12-14 23:00:00,0.3098,0.3103,0.307,0.3073,65312.5
1765749600000,2025-12-15 00:00:00,0.3073,0.3093,0.3071,0.3084,76720.1
1765753200000,2025-12-15 01:00:00,0.3084,0.31,0.3031,0.3069,345357.3
1765756800000,2025-12-15 02:00:00,0.3069,0.3113,0.3069,0.3113,105905.7
1765760400000,2025-12-15 03:00:00,0.3113,0.3151,0.3103,0.314,87697.3
1765764000000,2025-12-15 04:00:00,0.314,0.3187,0.314,0.3142,105431.1
1765767600000,2025-12-15 05:00:00,0.3142,0.3155,0.3136,0.314,104574.2
1765771200000,2025-12-15 06:00:00,0.314,0.3161,0.3138,0.3157,36281.6
1765774800000,2025-12-15 07:00:00,0.3157,0.3171,0.3156,0.3167,27703.0
1765778400000,2025-12-15 08:00:00,0.3167,0.3183,0.3159,0.3172,64439.8
1765782000000,2025-12-15 09:00:00,0.3172,0.3174,0.3142,0.3151,23548.2
1765785600000,2025-12-15 10:00:00,0.3151,0.3164,0.3144,0.3149,23641.2
1765789200000,2025-12-15 11:00:00,0.3149,0.3173,0.3147,0.3168,33056.6
1765792800000,2025-12-15 12:00:00,0.3168,0.318,0.3159,0.3167,58785.7
1765796400000,2025-12-15 13:00:00,0.3167,0.3183,0.3165,0.3174,29119.1
1765800000000,2025-12-15 14:00:00,0.3174,0.3185,0.3161,0.3182,52912.0
1765803600000,2025-12-15 15:00:00,0.3182,0.3182,0.3147,0.315,109727.7
1765807200000,2025-12-15 16:00:00,0.315,0.3184,0.3065,0.3086,371498.5
1765810800000,2025-12-15 17:00:00,0.3086,0.3088,0.2965,0.2982,1154113.0
1765814400000,2025-12-15 18:00:00,0.2982,0.2988,0.2929,0.2944,761509.3
1765818000000,2025-12-15 19:00:00,0.2944,0.2952,0.2915,0.2932,303715.3
1765821600000,2025-12-15 20:00:00,0.2932,0.2954,0.2897,0.295,323902.2
1765825200000,2025-12-15 21:00:00,0.295,0.299,0.295,0.2959,181573.3
1765828800000,2025-12-15 22:00:00,0.2959,0.2963,0.2931,0.2945,150555.0
1765832400000,2025-12-15 23:00:00,0.2945,0.2972,0.2943,0.2964,74981.8
1765836000000,2025-12-16 00:00:00,0.2964,0.2977,0.295,0.2971,101942.1
1765839600000,2025-12-16 01:00:00,0.2971,0.2993,0.2971,0.2992,46941.7
1765843200000,2025-12-16 02:00:00,0.2992,0.2995,0.2943,0.2947,90902.6
1765846800000,2025-12-16 03:00:00,0.2947,0.2963,0.2937,0.2951,69107.3
1765850400000,2025-12-16 04:00:00,0.2951,0.2978,0.2941,0.2964,28301.0
1765854000000,2025-12-16 05:00:00,0.2964,0.2973,0.2943,0.2973,89254.4
1765857600000,2025-12-16 06:00:00,0.2973,0.2983,0.2919,0.2956,163524.5
1765861200000,2025-12-16 07:00:00,0.2956,0.2972,0.2951,0.2964,37003.5
1765864800000,2025-12-16 08:00:00,0.2964,0.2982,0.2964,0.298,27649.8
1765868400000,2025-12-16 09:00:00,0.298,0.2982,0.293,0.294,32719.2
1765872000000,2025-12-16 10:00:00,0.294,0.2964,0.2939,0.2954,28841.2
1765875600000,2025-12-16 11:00:00,0.2954,0.2957,0.2943,0.2945,14009.3
1765879200000,2025-12-16 12:00:00,0.2945,0.3022,0.2945,0.3002,136188.7
1765882800000,2025-12-16 13:00:00,0.3002,0.3022,0.2993,0.3013,107639.7
1765886400000,2025-12-16 14:00:00,0.3013,0.3018,0.2993,0.2999,87980.3
1765890000000,2025-12-16 15:00:00,0.2999,0.303,0.296,0.296,286317.9
1765893600000,2025-12-16 16:00:00,0.296,0.3017,0.2945,0.3,322675.9
1765897200000,2025-12-16 17:00:00,0.3,0.3034,0.2977,0.3025,98833.9
1765900800000,2025-12-16 18:00:00,0.3025,0.3055,0.3015,0.3035,264581.2
1765904400000,2025-12-16 19:00:00,0.3035,0.3053,0.3018,0.302,50920.7
1765908000000,2025-12-16 20:00:00,0.302,0.3054,0.3015,0.3043,66312.3
1765911600000,2025-12-16 21:00:00,0.3043,0.3048,0.301,0.3036,43530.1
1765915200000,2025-12-16 22:00:00,0.3036,0.3046,0.3028,0.303,25889.2
1765918800000,2025-12-16 23:00:00,0.303,0.3033,0.3016,0.3023,28822.3
1765922400000,2025-12-17 00:00:00,0.3023,0.3033,0.3015,0.3015,23495.5
1765926000000,2025-12-17 01:00:00,0.3015,0.3016,0.3003,0.3016,21439.6
1765929600000,2025-12-17 02:00:00,0.3016,0.3018,0.2993,0.3006,199120.5
1765933200000,2025-12-17 03:00:00,0.3006,0.3039,0.3006,0.302,74345.3
1765936800000,2025-12-17 04:00:00,0.302,0.3036,0.3005,0.3026,36338.0
1765940400000,2025-12-17 05:00:00,0.3026,0.3034,0.3009,0.3015,21769.9
1765944000000,2025-12-17 06:00:00,0.3015,0.3015,0.2985,0.2991,86579.8
1765947600000,2025-12-17 07:00:00,0.2991,0.2997,0.297,0.2987,43820.8
1765951200000,2025-12-17 08:00:00,0.2987,0.3003,0.2981,0.2992,27964.4
1765954800000,2025-12-17 09:00:00,0.2992,0.3005,0.2987,0.2993,21185.2
1765958400000,2025-12-17 10:00:00,0.2993,0.2993,0.2975,0.2983,28393.7
1765962000000,2025-12-17 11:00:00,0.2983,0.2988,0.2971,0.2978,23543.1
1765965600000,2025-12-17 12:00:00,0.2978,0.2995,0.2969,0.2994,251127.6
1765969200000,2025-12-17 13:00:00,0.2994,0.3012,0.2989,0.3009,356841.1
1765972800000,2025-12-17 14:00:00,0.3009,0.3017,0.2996,0.3006,227900.2
1765976400000,2025-12-17 15:00:00,0.3006,0.3029,0.2989,0.3023,169969.3
1765980000000,2025-12-17 16:00:00,0.3023,0.3061,0.2955,0.306,1307541.4
1765983600000,2025-12-17 17:00:00,0.306,0.3095,0.2945,0.2959,1064489.9
1765987200000,2025-12-17 18:00:00,0.2959,0.2979,0.2861,0.2908,978332.9
1765990800000,2025-12-17 19:00:00,0.2908,0.2929,0.2866,0.2874,268449.2
1765994400000,2025-12-17 20:00:00,0.2874,0.2898,0.285,0.2856,200240.6
1765998000000,2025-12-17 21:00:00,0.2856,0.2875,0.2833,0.2874,261048.7
1766001600000,2025-12-17 22:00:00,0.2874,0.2894,0.2861,0.2864,65211.7
1766005200000,2025-12-17 23:00:00,0.2864,0.2871,0.2821,0.2833,249850.3
1766008800000,2025-12-18 00:00:00,0.2833,0.2848,0.2814,0.2848,121197.0
1766012400000,2025-12-18 01:00:00,0.2848,0.2848,0.2828,0.2838,37445.4
1766016000000,2025-12-18 02:00:00,0.2838,0.2846,0.2832,0.2841,55755.0
1766019600000,2025-12-18 03:00:00,0.2841,0.2841,0.281,0.2822,116299.8
1766023200000,2025-12-18 04:00:00,0.2822,0.2855,0.2816,0.2839,54521.7
1766026800000,2025-12-18 05:00:00,0.2839,0.2841,0.28,0.2804,109113.6
1766030400000,2025-12-18 06:00:00,0.2804,0.2821,0.2804,0.2811,153249.0
1766034000000,2025-12-18 07:00:00,0.2811,0.2814,0.2772,0.2782,303950.1
1766037600000,2025-12-18 08:00:00,0.2782,0.2804,0.2773,0.2801,82181.4
1766041200000,2025-12-18 09:00:00,0.2801,0.2813,0.2798,0.2805,69428.8
1766044800000,2025-12-18 10:00:00,0.2805,0.2865,0.2805,0.2848,201896.2
1766048400000,2025-12-18 11:00:00,0.2848,0.2848,0.2831,0.2836,170985.0
1766052000000,2025-12-18 12:00:00,0.2836,0.2858,0.2836,0.2845,129095.7
1766055600000,2025-12-18 13:00:00,0.2845,0.2847,0.2826,0.284,129598.6
1766059200000,2025-12-18 14:00:00,0.284,0.2867,0.2838,0.2856,192929.6
1766062800000,2025-12-18 15:00:00,0.2856,0.2931,0.2856,0.2925,617673.0
1766066400000,2025-12-18 16:00:00,0.2925,0.2952,0.2868,0.2888,514450.0
1766070000000,2025-12-18 17:00:00,0.2888,0.2943,0.2874,0.2923,142222.1
1766073600000,2025-12-18 18:00:00,0.2923,0.2926,0.2889,0.2896,79629.9
1766077200000,2025-12-18 19:00:00,0.2896,0.2897,0.2733,0.2782,719722.1
1766080800000,2025-12-18 20:00:00,0.2782,0.2804,0.2732,0.2741,195442.0
1766084400000,2025-12-18 21:00:00,0.2741,0.275,0.2666,0.2673,458770.3
1766088000000,2025-12-18 22:00:00,0.2673,0.2721,0.2673,0.2702,238159.7
1766091600000,2025-12-18 23:00:00,0.2702,0.2757,0.2702,0.2757,236677.0
1766095200000,2025-12-19 00:00:00,0.2757,0.2766,0.2743,0.275,109796.4
1766098800000,2025-12-19 01:00:00,0.275,0.275,0.2716,0.2718,60711.9
1766102400000,2025-12-19 02:00:00,0.2718,0.2727,0.2696,0.2711,89054.9
1766106000000,2025-12-19 03:00:00,0.2711,0.2711,0.2687,0.2699,80491.8
1766109600000,2025-12-19 04:00:00,0.2699,0.2722,0.2687,0.272,85679.6
1766113200000,2025-12-19 05:00:00,0.272,0.2821,0.2718,0.2792,322255.1
1766116800000,2025-12-19 06:00:00,0.2792,0.2808,0.2789,0.2798,84388.2
1766120400000,2025-12-19 07:00:00,0.2798,0.2798,0.2778,0.2785,71297.7
1766124000000,2025-12-19 08:00:00,0.2785,0.2811,0.2777,0.2808,106295.8
1766127600000,2025-12-19 09:00:00,0.2808,0.2876,0.2808,0.2855,336490.4
1766131200000,2025-12-19 10:00:00,0.2855,0.2881,0.2854,0.2875,133785.7
1766134800000,2025-12-19 11:00:00,0.2875,0.2876,0.2847,0.285,95090.4
1766138400000,2025-12-19 12:00:00,0.285,0.2853,0.2839,0.2846,99868.0
1766142000000,2025-12-19 13:00:00,0.2846,0.2866,0.2841,0.2857,74848.3
1766145600000,2025-12-19 14:00:00,0.2857,0.2865,0.2846,0.2856,95680.4
1766149200000,2025-12-19 15:00:00,0.2856,0.287,0.2852,0.2865,53055.4
1766152800000,2025-12-19 16:00:00,0.2865,0.2911,0.2852,0.2884,356953.8
1766156400000,2025-12-19 17:00:00,0.2884,0.2933,0.2863,0.2876,459765.3
1766160000000,2025-12-19 18:00:00,0.2876,0.2942,0.2873,0.2913,367973.6
1766163600000,2025-12-19 19:00:00,0.2913,0.2933,0.2868,0.2869,326044.1
1766167200000,2025-12-19 20:00:00,0.2869,0.2903,0.2869,0.2899,163304.8
1766170800000,2025-12-19 21:00:00,0.2899,0.2953,0.2899,0.2941,261664.8
1766174400000,2025-12-19 22:00:00,0.2941,0.2966,0.2938,0.295,272210.3
1766178000000,2025-12-19 23:00:00,0.295,0.295,0.2926,0.2927,66988.9
1766181600000,2025-12-20 00:00:00,0.2927,0.2956,0.2927,0.2956,56166.7
1766185200000,2025-12-20 01:00:00,0.2956,0.2956,0.2943,0.2949,34251.5
1766188800000,2025-12-20 02:00:00,0.2949,0.2953,0.2942,0.2948,35297.8
1766192400000,2025-12-20 03:00:00,0.2948,0.2959,0.2945,0.2946,19966.7
1766196000000,2025-12-20 04:00:00,0.2946,0.2947,0.2934,0.2938,39647.6
1766199600000,2025-12-20 05:00:00,0.2938,0.2957,0.2933,0.2943,37648.7
1766203200000,2025-12-20 06:00:00,0.2943,0.2944,0.2922,0.2922,91271.3
1766206800000,2025-12-20 07:00:00,0.2922,0.2949,0.2922,0.2942,62788.6
1766210400000,2025-12-20 08:00:00,0.2942,0.295,0.293,0.2937,22426.1
1766214000000,2025-12-20 09:00:00,0.2937,0.2981,0.2933,0.2977,294024.2
1766217600000,2025-12-20 10:00:00,0.2977,0.3009,0.2968,0.2978,390006.0
1766221200000,2025-12-20 11:00:00,0.2978,0.299,0.2963,0.2965,73236.1
1766224800000,2025-12-20 12:00:00,0.2965,0.2968,0.2938,0.294,66941.5
1766228400000,2025-12-20 13:00:00,0.294,0.2968,0.2939,0.2968,63438.8
1766232000000,2025-12-20 14:00:00,0.2968,0.2968,0.2945,0.2949,60035.0
1766235600000,2025-12-20 15:00:00,0.2949,0.2954,0.2925,0.2937,210410.8
1766239200000,2025-12-20 16:00:00,0.2937,0.2959,0.2916,0.2955,154981.1
1766242800000,2025-12-20 17:00:00,0.2955,0.2967,0.294,0.2965,183808.9
1766246400000,2025-12-20 18:00:00,0.2965,0.2985,0.2962,0.2967,237912.4
1766250000000,2025-12-20 19:00:00,0.2967,0.3005,0.2966,0.2987,216301.4
1766253600000,2025-12-20 20:00:00,0.2987,0.2997,0.2979,0.2993,66268.5
1766257200000,2025-12-20 21:00:00,0.2993,0.3019,0.2987,0.2997,256189.3
1766260800000,2025-12-20 22:00:00,0.2997,0.2998,0.2977,0.2981,111224.1
1766264400000,2025-12-20 23:00:00,0.2981,0.3049,0.2981,0.3016,375857.2
1766268000000,2025-12-21 00:00:00,0.3016,0.3077,0.3013,0.3076,395719.7
1766271600000,2025-12-21 01:00:00,0.3076,0.3087,0.3045,0.3064,304984.3
1766275200000,2025-12-21 02:00:00,0.3064,0.3071,0.3007,0.3009,313042.0
1766278800000,2025-12-21 03:00:00,0.3009,0.3014,0.2982,0.2986,126350.2
1766282400000,2025-12-21 04:00:00,0.2986,0.2999,0.2959,0.2966,87416.1
1766286000000,2025-12-21 05:00:00,0.2966,0.2988,0.2965,0.298,39498.6
1766289600000,2025-12-21 06:00:00,0.298,0.2995,0.2976,0.298,60474.3
1766293200000,2025-12-21 07:00:00,0.298,0.3037,0.2979,0.3001,248035.4
1766296800000,2025-12-21 08:00:00,0.3001,0.3014,0.3,0.3006,41960.8
1766300400000,2025-12-21 09:00:00,0.3006,0.3026,0.3004,0.3022,82799.6
1766304000000,2025-12-21 10:00:00,0.3022,0.3025,0.3002,0.3021,130237.5
1766307600000,2025-12-21 11:00:00,0.3021,0.303,0.3007,0.3011,136427.0
1766311200000,2025-12-21 12:00:00,0.3011,0.3019,0.2982,0.2984,98141.3
1766314800000,2025-12-21 13:00:00,0.2984,0.2993,0.2978,0.2987,47565.3
1766318400000,2025-12-21 14:00:00,0.2987,0.3004,0.2971,0.2983,113943.7
1766322000000,2025-12-21 15:00:00,0.2983,0.2983,0.2885,0.2892,336922.7
1766325600000,2025-12-21 16:00:00,0.2892,0.2924,0.2878,0.2891,240646.3
1766329200000,2025-12-21 17:00:00,0.2891,0.2903,0.2869,0.2896,188355.8
1766332800000,2025-12-21 18:00:00,0.2896,0.2909,0.288,0.2909,57312.4
1766336400000,2025-12-21 19:00:00,0.2909,0.2928,0.2906,0.2908,64547.6
1766340000000,2025-12-21 20:00:00,0.2908,0.2916,0.289,0.2915,49330.5
1766343600000,2025-12-21 21:00:00,0.2915,0.293,0.2904,0.2925,70036.0
1766347200000,2025-12-21 22:00:00,0.2925,0.2927,0.2906,0.291,28752.6
1766350800000,2025-12-21 23:00:00,0.291,0.2921,0.289,0.2896,20866.5
1766354400000,2025-12-22 00:00:00,0.2896,0.2933,0.2892,0.2933,32883.6
1766358000000,2025-12-22 01:00:00,0.2933,0.2953,0.2924,0.2932,50266.2
1766361600000,2025-12-22 02:00:00,0.2932,0.2995,0.2931,0.294,133480.1
1766365200000,2025-12-22 03:00:00,0.294,0.2966,0.2933,0.2935,99786.9
1766368800000,2025-12-22 04:00:00,0.2935,0.2935,0.2888,0.2923,99713.7
1766372400000,2025-12-22 05:00:00,0.2923,0.2956,0.2918,0.2949,63746.3
1766376000000,2025-12-22 06:00:00,0.2949,0.2973,0.2946,0.2963,83236.0
1766379600000,2025-12-22 07:00:00,0.2963,0.2989,0.2958,0.2971,98232.5
1766383200000,2025-12-22 08:00:00,0.2971,0.2982,0.2963,0.2972,31343.2
1766386800000,2025-12-22 09:00:00,0.2972,0.2987,0.2967,0.298,49173.1
1766390400000,2025-12-22 10:00:00,0.298,0.3015,0.2979,0.2982,101317.0
1766394000000,2025-12-22 11:00:00,0.2982,0.2997,0.2975,0.2989,66785.5
1766397600000,2025-12-22 12:00:00,0.2989,0.2993,0.2979,0.2989,20372.1
1766401200000,2025-12-22 13:00:00,0.2989,0.2998,0.2975,0.2991,30907.5
1766404800000,2025-12-22 14:00:00,0.2991,0.3016,0.2983,0.3,66987.5
1766408400000,2025-12-22 15:00:00,0.3,0.3003,0.2964,0.2978,200283.4
1766412000000,2025-12-22 16:00:00,0.2978,0.3,0.2962,0.2987,167299.9
1766415600000,2025-12-22 17:00:00,0.2987,0.3001,0.2952,0.2985,142744.5
1766419200000,2025-12-22 18:00:00,0.2985,0.3002,0.2977,0.2984,42854.7
1766422800000,2025-12-22 19:00:00,0.2984,0.2987,0.2969,0.2981,95926.0
1766426400000,2025-12-22 20:00:00,0.2981,0.2992,0.2967,0.2974,150347.6
1766430000000,2025-12-22 21:00:00,0.2974,0.2974,0.2915,0.2917,132715.4
1766433600000,2025-12-22 22:00:00,0.2917,0.2932,0.29,0.2914,123565.5
1766437200000,2025-12-22 23:00:00,0.2914,0.2944,0.2914,0.2931,56979.0
1766440800000,2025-12-23 00:00:00,0.2931,0.296,0.2922,0.2959,43140.3
1766444400000,2025-12-23 01:00:00,0.2959,0.2959,0.2939,0.2951,78640.3
1766448000000,2025-12-23 02:00:00,0.2951,0.2975,0.2946,0.2965,47705.0
1766451600000,2025-12-23 03:00:00,0.2965,0.2969,0.2945,0.2954,19392.6
1766455200000,2025-12-23 04:00:00,0.2954,0.2974,0.2931,0.2934,96590.5
1766458800000,2025-12-23 05:00:00,0.2934,0.2941,0.2919,0.2936,130290.5
1766462400000,2025-12-23 06:00:00,0.2936,0.294,0.2915,0.2917,90389.6
1766466000000,2025-12-23 07:00:00,0.2917,0.2933,0.2892,0.2921,175744.4
1766469600000,2025-12-23 08:00:00,0.2921,0.2921,0.2888,0.2903,138024.9
1766473200000,2025-12-23 09:00:00,0.2903,0.2909,0.289,0.2902,53355.6
1766476800000,2025-12-23 10:00:00,0.2902,0.2921,0.2899,0.2903,81026.8
1766480400000,2025-12-23 11:00:00,0.2903,0.291,0.2893,0.2905,61011.4
1766484000000,2025-12-23 12:00:00,0.2905,0.2922,0.2905,0.2918,24899.5
1766487600000,2025-12-23 13:00:00,0.2918,0.2922,0.2904,0.2907,32952.5
1766491200000,2025-12-23 14:00:00,0.2907,0.2907,0.2879,0.2888,77563.2
1766494800000,2025-12-23 15:00:00,0.2888,0.2895,0.2858,0.2876,153999.7
1766498400000,2025-12-23 16:00:00,0.2876,0.2883,0.2819,0.2842,319008.2
1766502000000,2025-12-23 17:00:00,0.2842,0.2866,0.283,0.2856,108801.5
1766505600000,2025-12-23 18:00:00,0.2856,0.2896,0.2849,0.289,203100.7
1766509200000,2025-12-23 19:00:00,0.289,0.2899,0.2848,0.285,104094.1
1766512800000,2025-12-23 20:00:00,0.285,0.2909,0.2849,0.29,121333.7
1766516400000,2025-12-23 21:00:00,0.29,0.2904,0.2879,0.2887,118378.9
1766520000000,2025-12-23 22:00:00,0.2887,0.293,0.2887,0.2899,238137.1
1766523600000,2025-12-23 23:00:00,0.2899,0.2901,0.2889,0.2894,51622.2
1766527200000,2025-12-24 00:00:00,0.2894,0.2902,0.2875,0.2882,34072.9
1766530800000,2025-12-24 01:00:00,0.2882,0.2894,0.2877,0.2889,22951.7
1766534400000,2025-12-24 02:00:00,0.2889,0.2902,0.2889,0.2901,38589.1
1766538000000,2025-12-24 03:00:00,0.2901,0.2913,0.2877,0.2883,23906.5
1766541600000,2025-12-24 04:00:00,0.2883,0.2883,0.2842,0.2854,42318.7
1766545200000,2025-12-24 05:00:00,0.2854,0.2865,0.2837,0.2863,32477.1
1766548800000,2025-12-24 06:00:00,0.2863,0.2881,0.2849,0.2849,20948.1
1766552400000,2025-12-24 07:00:00,0.2849,0.2856,0.2829,0.2838,89880.9
1766556000000,2025-12-24 08:00:00,0.2838,0.2848,0.283,0.2842,30744.6
1766559600000,2025-12-24 09:00:00,0.2842,0.2854,0.2837,0.2837,57003.8
1766563200000,2025-12-24 10:00:00,0.2837,0.2843,0.2823,0.2827,65075.2
1766566800000,2025-12-24 11:00:00,0.2827,0.2844,0.2827,0.2839,52787.8
1766570400000,2025-12-24 12:00:00,0.2839,0.2854,0.2836,0.2843,63255.3
1766574000000,2025-12-24 13:00:00,0.2843,0.2861,0.2843,0.2846,121305.5
1766577600000,2025-12-24 14:00:00,0.2846,0.2865,0.2842,0.2863,36379.8
1766581200000,2025-12-24 15:00:00,0.2863,0.2863,0.2837,0.2843,73801.2
1766584800000,2025-12-24 16:00:00,0.2843,0.2861,0.2812,0.2846,156641.4
1766588400000,2025-12-24 17:00:00,0.2846,0.2871,0.2836,0.2864,123167.1
1766592000000,2025-12-24 18:00:00,0.2864,0.2889,0.2855,0.2877,122565.0
1766595600000,2025-12-24 19:00:00,0.2877,0.2889,0.2871,0.2872,131657.6
1766599200000,2025-12-24 20:00:00,0.2872,0.288,0.2865,0.2869,64650.1
1766602800000,2025-12-24 21:00:00,0.2869,0.2876,0.2861,0.2876,109170.0
1766606400000,2025-12-24 22:00:00,0.2876,0.2886,0.2872,0.2872,57306.6
1766610000000,2025-12-24 23:00:00,0.2872,0.2877,0.287,0.2875,64761.3
1766613600000,2025-12-25 00:00:00,0.2875,0.2899,0.2875,0.2893,63891.9
1766617200000,2025-12-25 01:00:00,0.2893,0.2895,0.2874,0.2877,15802.0
1766620800000,2025-12-25 02:00:00,0.2877,0.289,0.2869,0.2874,130709.0
1766624400000,2025-12-25 03:00:00,0.2874,0.289,0.2874,0.2887,40739.0
1766628000000,2025-12-25 04:00:00,0.2887,0.2915,0.288,0.2915,89451.3
1766631600000,2025-12-25 05:00:00,0.2915,0.2917,0.29,0.2917,63953.0
1766635200000,2025-12-25 06:00:00,0.2917,0.2925,0.2912,0.292,48534.1
1766638800000,2025-12-25 07:00:00,0.292,0.292,0.2904,0.2905,40634.8
1766642400000,2025-12-25 08:00:00,0.2905,0.2912,0.2898,0.291,36457.5
1766646000000,2025-12-25 09:00:00,0.291,0.2913,0.2895,0.2912,105139.7
1766649600000,2025-12-25 10:00:00,0.2912,0.2931,0.2896,0.2911,120771.5
1766653200000,2025-12-25 11:00:00,0.2911,0.2911,0.2895,0.2901,26819.6
1766656800000,2025-12-25 12:00:00,0.2901,0.2901,0.2859,0.2872,132069.1
1766660400000,2025-12-25 13:00:00,0.2872,0.2885,0.2872,0.2879,48461.5
1766664000000,2025-12-25 14:00:00,0.2879,0.2885,0.2873,0.2885,69434.8
1766667600000,2025-12-25 15:00:00,0.2885,0.2885,0.2862,0.2872,22183.4
1766671200000,2025-12-25 16:00:00,0.2872,0.2876,0.2858,0.2862,20568.1
1766674800000,2025-12-25 17:00:00,0.2862,0.2913,0.2862,0.2905,128579.6
1766678400000,2025-12-25 18:00:00,0.2905,0.2919,0.2892,0.2895,47684.4
1766682000000,2025-12-25 19:00:00,0.2895,0.2898,0.2885,0.2898,27513.6
1766685600000,2025-12-25 20:00:00,0.2898,0.2918,0.2898,0.2912,66918.1
1766689200000,2025-12-25 21:00:00,0.2912,0.2917,0.2898,0.2917,34535.9
1766692800000,2025-12-25 22:00:00,0.2917,0.2919,0.2902,0.2907,22766.7
1766696400000,2025-12-25 23:00:00,0.2907,0.291,0.2902,0.2904,14168.8
1766700000000,2025-12-26 00:00:00,0.2904,0.2907,0.2836,0.2853,116353.9
1766703600000,2025-12-26 01:00:00,0.2853,0.2869,0.2813,0.282,189326.9
1766707200000,2025-12-26 02:00:00,0.282,0.2831,0.2804,0.282,114015.6
1766710800000,2025-12-26 03:00:00,0.282,0.2842,0.2818,0.2839,31076.1
1766714400000,2025-12-26 04:00:00,0.2839,0.2935,0.2837,0.2911,349975.1
1766718000000,2025-12-26 05:00:00,0.2911,0.2921,0.289,0.2897,82030.4
1766721600000,2025-12-26 06:00:00,0.2897,0.2906,0.288,0.2898,24987.4
1766725200000,2025-12-26 07:00:00,0.2898,0.2905,0.2886,0.2904,36630.9
1766728800000,2025-12-26 08:00:00,0.2904,0.2913,0.2893,0.2895,42828.9
1766732400000,2025-12-26 09:00:00,0.2895,0.2906,0.2864,0.2868,53019.3
1766736000000,2025-12-26 10:00:00,0.2868,0.2882,0.2867,0.2881,79609.0
1766739600000,2025-12-26 11:00:00,0.2881,0.289,0.2873,0.2884,33892.1
1766743200000,2025-12-26 12:00:00,0.2884,0.2884,0.2875,0.2877,54678.1
1766746800000,2025-12-26 13:00:00,0.2877,0.2877,0.2868,0.2872,17072.6
1766750400000,2025-12-26 14:00:00,0.2872,0.289,0.2872,0.289,76309.3
1766754000000,2025-12-26 15:00:00,0.289,0.2893,0.2883,0.2892,19322.8
1766757600000,2025-12-26 16:00:00,0.2892,0.2894,0.2823,0.283,139308.8
1766761200000,2025-12-26 17:00:00,0.283,0.283,0.2792,0.2816,275433.0
1766764800000,2025-12-26 18:00:00,0.2816,0.2821,0.2792,0.2795,97041.7
1766768400000,2025-12-26 19:00:00,0.2795,0.2833,0.2795,0.2824,118417.2
1766772000000,2025-12-26 20:00:00,0.2824,0.2824,0.2779,0.2813,353499.0
1766775600000,2025-12-26 21:00:00,0.2813,0.2832,0.2807,0.2824,77047.6
1766779200000,2025-12-26 22:00:00,0.2824,0.2836,0.282,0.2827,152501.0
1766782800000,2025-12-26 23:00:00,0.2827,0.2829,0.2815,0.2815,110567.2
1766786400000,2025-12-27 00:00:00,0.2815,0.2829,0.2814,0.2829,28620.3
1766790000000,2025-12-27 01:00:00,0.2829,0.2839,0.2825,0.2828,107048.7
1766793600000,2025-12-27 02:00:00,0.2828,0.2842,0.2827,0.2838,63439.4
1766797200000,2025-12-27 03:00:00,0.2838,0.2848,0.2829,0.2841,150424.6
1766800800000,2025-12-27 04:00:00,0.2841,0.2845,0.2835,0.2844,24178.4
1766804400000,2025-12-27 05:00:00,0.2844,0.2861,0.2841,0.2857,41610.1
1766808000000,2025-12-27 06:00:00,0.2857,0.2857,0.2842,0.2842,28814.5
1766811600000,2025-12-27 07:00:00,0.2842,0.2844,0.2835,0.2837,9717.2
1766815200000,2025-12-27 08:00:00,0.2837,0.2846,0.2837,0.2841,20191.4
1766818800000,2025-12-27 09:00:00,0.2841,0.2852,0.2839,0.284,17071.7
1766822400000,2025-12-27 10:00:00,0.284,0.2847,0.2837,0.2837,22851.0
1766826000000,2025-12-27 11:00:00,0.2837,0.2843,0.2825,0.2826,18687.7
1766829600000,2025-12-27 12:00:00,0.2826,0.2831,0.2806,0.2826,44939.1
1766833200000,2025-12-27 13:00:00,0.2826,0.2853,0.2826,0.2852,60122.9
1766836800000,2025-12-27 14:00:00,0.2852,0.2855,0.2843,0.2845,16761.4
1766840400000,2025-12-27 15:00:00,0.2845,0.2847,0.282,0.2825,42705.9
1766844000000,2025-12-27 16:00:00,0.2825,0.2834,0.2824,0.2831,32332.0
1766847600000,2025-12-27 17:00:00,0.2831,0.2841,0.2829,0.2837,38410.1
1766851200000,2025-12-27 18:00:00,0.2837,0.3003,0.2837,0.2845,2643794.9
1766854800000,2025-12-27 19:00:00,0.2845,0.2853,0.2837,0.285,198538.1
1766858400000,2025-12-27 20:00:00,0.285,0.2857,0.2842,0.285,67822.5
1766862000000,2025-12-27 21:00:00,0.285,0.2871,0.2849,0.2866,42566.5
1766865600000,2025-12-27 22:00:00,0.2866,0.2875,0.2863,0.2869,57349.3
1766869200000,2025-12-27 23:00:00,0.2869,0.2918,0.2869,0.2909,93486.0
1766872800000,2025-12-28 00:00:00,0.2909,0.2929,0.2896,0.2915,159360.7
1766876400000,2025-12-28 01:00:00,0.2915,0.2954,0.2912,0.2947,155558.9
1766880000000,2025-12-28 02:00:00,0.2947,0.2965,0.2937,0.2944,171912.6
1766883600000,2025-12-28 03:00:00,0.2944,0.2955,0.2931,0.2943,54455.1
1766887200000,2025-12-28 04:00:00,0.2943,0.2961,0.294,0.2961,13904.2
1766890800000,2025-12-28 05:00:00,0.2961,0.2961,0.2943,0.2956,136701.0
1766894400000,2025-12-28 06:00:00,0.2956,0.2981,0.2953,0.2959,84437.7
1766898000000,2025-12-28 07:00:00,0.2959,0.2979,0.2955,0.2974,70671.6
1766901600000,2025-12-28 08:00:00,0.2974,0.3,0.2965,0.2996,33662.3
1766905200000,2025-12-28 09:00:00,0.2996,0.301,0.2985,0.3003,180836.9
1766908800000,2025-12-28 10:00:00,0.3003,0.301,0.2985,0.2987,178120.3
1766912400000,2025-12-28 11:00:00,0.2987,0.2993,0.2977,0.298,48090.6
1766916000000,2025-12-28 12:00:00,0.298,0.3014,0.298,0.2998,55528.2
1766919600000,2025-12-28 13:00:00,0.2998,0.3007,0.2984,0.2994,44341.5
1766923200000,2025-12-28 14:00:00,0.2994,0.3008,0.2976,0.298,47662.7
1766926800000,2025-12-28 15:00:00,0.298,0.299,0.2975,0.2977,33705.2
1766930400000,2025-12-28 16:00:00,0.2977,0.3015,0.2972,0.3006,210494.1
1766934000000,2025-12-28 17:00:00,0.3006,0.3042,0.3004,0.3018,208572.5
1766937600000,2025-12-28 18:00:00,0.3018,0.3072,0.3018,0.3032,388352.5
1766941200000,2025-12-28 19:00:00,0.3032,0.3087,0.2997,0.3003,282354.6
1766944800000,2025-12-28 20:00:00,0.3003,0.3005,0.2954,0.2959,199245.3
1766948400000,2025-12-28 21:00:00,0.2959,0.2976,0.2953,0.2957,80947.9
1766952000000,2025-12-28 22:00:00,0.2957,0.2968,0.2947,0.2962,73594.4
1766955600000,2025-12-28 23:00:00,0.2962,0.2968,0.2956,0.2964,34682.1
1766959200000,2025-12-29 00:00:00,0.2964,0.2987,0.2951,0.298,55842.6
1766962800000,2025-12-29 01:00:00,0.298,0.2992,0.2962,0.2987,45032.0
1766966400000,2025-12-29 02:00:00,0.2987,0.3022,0.2984,0.3013,49080.7
1766970000000,2025-12-29 03:00:00,0.3013,0.3039,0.2987,0.3021,44804.3
1766973600000,2025-12-29 04:00:00,0.3021,0.3046,0.3019,0.3025,56764.0
1766977200000,2025-12-29 05:00:00,0.3025,0.3045,0.3019,0.3042,32431.2
1766980800000,2025-12-29 06:00:00,0.3042,0.3048,0.3033,0.3035,42183.8
1766984400000,2025-12-29 07:00:00,0.3035,0.3036,0.302,0.3031,54657.1
1766988000000,2025-12-29 08:00:00,0.3031,0.3035,0.3013,0.3014,21167.0
1766991600000,2025-12-29 09:00:00,0.3014,0.3019,0.2989,0.3017,82492.0
1766995200000,2025-12-29 10:00:00,0.3017,0.3018,0.2995,0.2998,27963.2
1766998800000,2025-12-29 11:00:00,0.2998,0.3002,0.2937,0.2957,103489.2
1767002400000,2025-12-29 12:00:00,0.2957,0.2997,0.2954,0.2994,358209.0
1767006000000,2025-12-29 13:00:00,0.2994,0.2995,0.2974,0.2976,242516.6
1767009600000,2025-12-29 14:00:00,0.2976,0.2977,0.2917,0.295,590635.3
1767013200000,2025-12-29 15:00:00,0.295,0.2955,0.2916,0.2919,241221.2
1767016800000,2025-12-29 16:00:00,0.2919,0.2965,0.2904,0.2929,329395.9
1767020400000,2025-12-29 17:00:00,0.2929,0.297,0.2926,0.2957,113714.3
1767024000000,2025-12-29 18:00:00,0.2957,0.2968,0.2939,0.2951,119746.5
1767027600000,2025-12-29 19:00:00,0.2951,0.2967,0.2939,0.2965,100922.4
1767031200000,2025-12-29 20:00:00,0.2965,0.2968,0.2935,0.2941,81209.6
1767034800000,2025-12-29 21:00:00,0.2941,0.2966,0.2936,0.2941,93219.4
1767038400000,2025-12-29 22:00:00,0.2941,0.2953,0.2927,0.293,79474.8
1767042000000,2025-12-29 23:00:00,0.293,0.2957,0.293,0.2953,50926.9
1767045600000,2025-12-30 00:00:00,0.2953,0.2953,0.2938,0.2946,85546.4
1767049200000,2025-12-30 01:00:00,0.2946,0.2955,0.2937,0.2944,90780.9
1767052800000,2025-12-30 02:00:00,0.2944,0.296,0.2939,0.2946,42554.2
1767056400000,2025-12-30 03:00:00,0.2946,0.2958,0.2939,0.2949,23798.3
1767060000000,2025-12-30 04:00:00,0.2949,0.2958,0.2932,0.2937,39344.5
1767063600000,2025-12-30 05:00:00,0.2937,0.2946,0.2917,0.294,103530.9
1767067200000,2025-12-30 06:00:00,0.294,0.2942,0.2924,0.2928,36076.6
1767070800000,2025-12-30 07:00:00,0.2928,0.2929,0.2893,0.2916,199602.9
1767074400000,2025-12-30 08:00:00,0.2916,0.293,0.2913,0.2923,68150.6
1767078000000,2025-12-30 09:00:00,0.2923,0.2934,0.2915,0.2915,83105.1
1767081600000,2025-12-30 10:00:00,0.2915,0.2955,0.2914,0.2934,249124.0
1767085200000,2025-12-30 11:00:00,0.2934,0.2935,0.2919,0.2932,115235.0
1767088800000,2025-12-30 12:00:00,0.2932,0.2948,0.2926,0.2948,120443.4
1767092400000,2025-12-30 13:00:00,0.2948,0.2958,0.2941,0.2944,110951.7
1767096000000,2025-12-30 14:00:00,0.2944,0.2953,0.2935,0.2946,56358.9
1767099600000,2025-12-30 15:00:00,0.2946,0.2953,0.2938,0.2944,87539.9
1767103200000,2025-12-30 16:00:00,0.2944,0.2962,0.2913,0.2953,253975.9
1767106800000,2025-12-30 17:00:00,0.2953,0.2964,0.2926,0.2963,140569.5
1767110400000,2025-12-30 18:00:00,0.2963,0.2977,0.2944,0.2949,93347.3
1767114000000,2025-12-30 19:00:00,0.2949,0.2951,0.292,0.2933,76308.8
1767117600000,2025-12-30 20:00:00,0.2933,0.2938,0.2924,0.2928,57293.5
1767121200000,2025-12-30 21:00:00,0.2928,0.295,0.2907,0.295,77557.2
1767124800000,2025-12-30 22:00:00,0.295,0.295,0.2919,0.292,37979.2
1767128400000,2025-12-30 23:00:00,0.292,0.2925,0.2915,0.292,51171.4
1767132000000,2025-12-31 00:00:00,0.292,0.2927,0.2912,0.2919,53802.1
1767135600000,2025-12-31 01:00:00,0.2919,0.2919,0.2874,0.2911,267684.3
1767139200000,2025-12-31 02:00:00,0.2911,0.2911,0.2883,0.2885,51836.3
1767142800000,2025-12-31 03:00:00,0.2885,0.2912,0.2877,0.2906,153412.5
1767146400000,2025-12-31 04:00:00,0.2906,0.2911,0.2897,0.2909,47824.1
1767150000000,2025-12-31 05:00:00,0.2909,0.2915,0.2889,0.2902,16344.2
1767153600000,2025-12-31 06:00:00,0.2902,0.2906,0.2886,0.2886,91407.1
1767157200000,2025-12-31 07:00:00,0.2886,0.2889,0.2882,0.2882,37713.7
1767160800000,2025-12-31 08:00:00,0.2882,0.2887,0.2874,0.2879,59658.7
1767164400000,2025-12-31 09:00:00,0.2879,0.2883,0.2873,0.2881,59519.6
1767168000000,2025-12-31 10:00:00,0.2881,0.2892,0.2859,0.2864,141419.1
1767171600000,2025-12-31 11:00:00,0.2864,0.2884,0.2864,0.2883,45485.2
1767175200000,2025-12-31 12:00:00,0.2883,0.2885,0.2865,0.2865,42216.1
1767178800000,2025-12-31 13:00:00,0.2865,0.2889,0.2862,0.2882,81674.1
1767182400000,2025-12-31 14:00:00,0.2882,0.2885,0.2849,0.2854,100368.0
1767186000000,2025-12-31 15:00:00,0.2854,0.2879,0.2848,0.2875,98083.4
1767189600000,2025-12-31 16:00:00,0.2875,0.2892,0.286,0.287,88812.5
1767193200000,2025-12-31 17:00:00,0.287,0.2874,0.2843,0.2855,79741.9
1767196800000,2025-12-31 18:00:00,0.2855,0.2861,0.2727,0.2785,1017252.2
1767200400000,2025-12-31 19:00:00,0.2785,0.2785,0.2756,0.2765,105476.3
1767204000000,2025-12-31 20:00:00,0.2765,0.2779,0.2757,0.276,78991.9
1767207600000,2025-12-31 21:00:00,0.276,0.276,0.2708,0.2746,488661.9
1767211200000,2025-12-31 22:00:00,0.2746,0.2775,0.2723,0.2767,250853.3
1767214800000,2025-12-31 23:00:00,0.2767,0.2775,0.2764,0.2764,27644.4
1767218400000,2026-01-01 00:00:00,0.2764,0.2764,0.273,0.2738,187852.0
1767222000000,2026-01-01 01:00:00,0.2738,0.2744,0.2735,0.2742,25164.8
1767225600000,2026-01-01 02:00:00,0.2742,0.2761,0.2742,0.2745,45997.4
1767229200000,2026-01-01 03:00:00,0.2745,0.2759,0.2745,0.275,39057.2
1767232800000,2026-01-01 04:00:00,0.275,0.276,0.2747,0.2757,20661.0
1767236400000,2026-01-01 05:00:00,0.2757,0.276,0.275,0.275,34039.2
1767240000000,2026-01-01 06:00:00,0.275,0.2751,0.2739,0.275,23179.4
1767243600000,2026-01-01 07:00:00,0.275,0.2774,0.275,0.2763,44780.1
1767247200000,2026-01-01 08:00:00,0.2763,0.2767,0.276,0.2761,25748.3
1767250800000,2026-01-01 09:00:00,0.2761,0.277,0.2761,0.2768,28371.1
1767254400000,2026-01-01 10:00:00,0.2768,0.2779,0.2766,0.2777,52501.6
1767258000000,2026-01-01 11:00:00,0.2777,0.279,0.2777,0.2785,85335.7
1767261600000,2026-01-01 12:00:00,0.2785,0.2803,0.2785,0.2801,96887.7
1767265200000,2026-01-01 13:00:00,0.2801,0.2803,0.2783,0.2801,68078.7
1767268800000,2026-01-01 14:00:00,0.2801,0.2811,0.278,0.2786,45631.4
1767272400000,2026-01-01 15:00:00,0.2786,0.2813,0.2782,0.2813,54596.6
1767276000000,2026-01-01 16:00:00,0.2813,0.2839,0.2809,0.2839,98446.6
1767279600000,2026-01-01 17:00:00,0.2839,0.2876,0.2833,0.2865,153084.4
1767283200000,2026-01-01 18:00:00,0.2865,0.2877,0.286,0.2874,63746.8
1767286800000,2026-01-01 19:00:00,0.2874,0.2912,0.2872,0.2909,245230.7
1767290400000,2026-01-01 20:00:00,0.2909,0.297,0.2909,0.297,831682.5
1767294000000,2026-01-01 21:00:00,0.297,0.3,0.2969,0.2994,230221.5
1767297600000,2026-01-01 22:00:00,0.2994,0.3002,0.2978,0.2998,215764.7
1767301200000,2026-01-01 23:00:00,0.2998,0.3,0.2975,0.2995,205270.6
1767304800000,2026-01-02 00:00:00,0.2995,0.302,0.2989,0.302,115881.8
1767308400000,2026-01-02 01:00:00,0.302,0.3079,0.302,0.305,336321.9
1767312000000,2026-01-02 02:00:00,0.305,0.3126,0.305,0.3079,437714.5
1767315600000,2026-01-02 03:00:00,0.3079,0.309,0.305,0.3057,96037.3
1767319200000,2026-01-02 04:00:00,0.3057,0.3078,0.3049,0.3074,108429.5
1767322800000,2026-01-02 05:00:00,0.3074,0.3085,0.306,0.3083,76086.5
1767326400000,2026-01-02 06:00:00,0.3083,0.3091,0.3064,0.307,72579.8
1767330000000,2026-01-02 07:00:00,0.307,0.3081,0.3055,0.3078,155994.2
1767333600000,2026-01-02 08:00:00,0.3078,0.3086,0.3062,0.3063,140156.0
1767337200000,2026-01-02 09:00:00,0.3063,0.3069,0.3035,0.3049,130398.1
1767340800000,2026-01-02 10:00:00,0.3049,0.3063,0.3046,0.3057,112490.4
1767344400000,2026-01-02 11:00:00,0.3057,0.3136,0.3056,0.3135,477318.0
1767348000000,2026-01-02 12:00:00,0.3135,0.3138,0.3103,0.3119,231396.1
1767351600000,2026-01-02 13:00:00,0.3119,0.3119,0.3081,0.3098,147867.9
1767355200000,2026-01-02 14:00:00,0.3098,0.3147,0.3092,0.3139,219218.2
1767358800000,2026-01-02 15:00:00,0.3139,0.3139,0.3105,0.3106,92476.9
1767362400000,2026-01-02 16:00:00,0.3106,0.3136,0.3069,0.3117,328201.4
1767366000000,2026-01-02 17:00:00,0.3117,0.3127,0.3081,0.3107,84499.2
1767369600000,2026-01-02 18:00:00,0.3107,0.317,0.3104,0.3167,473113.1
1767373200000,2026-01-02 19:00:00,0.3167,0.3214,0.3167,0.3195,435634.5
1767376800000,2026-01-02 20:00:00,0.3195,0.3207,0.3168,0.3187,142154.7
1767380400000,2026-01-02 21:00:00,0.3187,0.3243,0.3176,0.3238,189502.0
1767384000000,2026-01-02 22:00:00,0.3238,0.3254,0.3225,0.3229,94327.8
1767387600000,2026-01-02 23:00:00,0.3229,0.3262,0.3223,0.3251,47952.0
1767391200000,2026-01-03 00:00:00,0.3251,0.34,0.325,0.336,632518.3
1767394800000,2026-01-03 01:00:00,0.336,0.3436,0.3351,0.3364,458500.6
1767398400000,2026-01-03 02:00:00,0.3364,0.3377,0.3338,0.3339,258660.5
1767402000000,2026-01-03 03:00:00,0.3339,0.3351,0.3323,0.334,90664.9
1767405600000,2026-01-03 04:00:00,0.334,0.3356,0.3318,0.3338,52341.7
1767409200000,2026-01-03 05:00:00,0.3338,0.3347,0.3312,0.3343,42288.8
1767412800000,2026-01-03 06:00:00,0.3343,0.3343,0.3305,0.3315,113034.9
1767416400000,2026-01-03 07:00:00,0.3315,0.3332,0.33,0.3317,92034.7
1767420000000,2026-01-03 08:00:00,0.3317,0.3339,0.326,0.3274,166144.5
1767423600000,2026-01-03 09:00:00,0.3274,0.328,0.3211,0.3216,190947.0
1767427200000,2026-01-03 10:00:00,0.3216,0.3226,0.3192,0.321,122728.6
1767430800000,2026-01-03 11:00:00,0.321,0.3232,0.3202,0.3214,138546.7
1767434400000,2026-01-03 12:00:00,0.3214,0.3238,0.3214,0.3227,31314.1
1767438000000,2026-01-03 13:00:00,0.3227,0.3245,0.3224,0.3245,31198.4
1767441600000,2026-01-03 14:00:00,0.3245,0.3253,0.3231,0.3242,91666.7
1767445200000,2026-01-03 15:00:00,0.3242,0.3256,0.324,0.3246,23520.7
1767448800000,2026-01-03 16:00:00,0.3246,0.3259,0.3239,0.3259,48669.3
1767452400000,2026-01-03 17:00:00,0.3259,0.3259,0.3243,0.3248,31698.9
1767456000000,2026-01-03 18:00:00,0.3248,0.3325,0.3244,0.3313,228931.0
1767459600000,2026-01-03 19:00:00,0.3313,0.3319,0.3291,0.33,87586.4
1767463200000,2026-01-03 20:00:00,0.33,0.3321,0.3286,0.332,43343.7
1767466800000,2026-01-03 21:00:00,0.332,0.3342,0.3306,0.3317,59166.5
1767470400000,2026-01-03 22:00:00,0.3317,0.332,0.3291,0.3296,23544.5
1767474000000,2026-01-03 23:00:00,0.3296,0.3322,0.3291,0.3306,25681.7
1767477600000,2026-01-04 00:00:00,0.3306,0.3339,0.3297,0.333,39469.7
1767481200000,2026-01-04 01:00:00,0.333,0.3341,0.3325,0.3337,90228.8
1767484800000,2026-01-04 02:00:00,0.3337,0.3379,0.3333,0.336,188379.2
1767488400000,2026-01-04 03:00:00,0.336,0.3366,0.3335,0.3366,39254.3
1767492000000,2026-01-04 04:00:00,0.3366,0.337,0.3331,0.3335,83814.1
1767495600000,2026-01-04 05:00:00,0.3335,0.3382,0.3335,0.3368,81714.4
1767499200000,2026-01-04 06:00:00,0.3368,0.3376,0.3348,0.3348,33755.1
1767502800000,2026-01-04 07:00:00,0.3348,0.337,0.3337,0.337,35646.3
1767506400000,2026-01-04 08:00:00,0.337,0.3381,0.332,0.3329,69668.6
1767510000000,2026-01-04 09:00:00,0.3329,0.3351,0.3318,0.3343,98060.8
1767513600000,2026-01-04 10:00:00,0.3343,0.3375,0.3311,0.3367,255888.2
1767517200000,2026-01-04 11:00:00,0.3367,0.3392,0.3353,0.3385,118455.1
1767520800000,2026-01-04 12:00:00,0.3385,0.3398,0.3371,0.3374,119929.4
1767524400000,2026-01-04 13:00:00,0.3374,0.3389,0.3356,0.3384,79129.3
1767528000000,2026-01-04 14:00:00,0.3384,0.343,0.338,0.3391,204171.7
1767531600000,2026-01-04 15:00:00,0.3391,0.3407,0.3365,0.3405,76075.2
1767535200000,2026-01-04 16:00:00,0.3405,0.3417,0.338,0.341,79184.5
1767538800000,2026-01-04 17:00:00,0.341,0.3442,0.3409,0.3431,129948.1
1767542400000,2026-01-04 18:00:00,0.3431,0.3481,0.3429,0.3478,224598.5
1767546000000,2026-01-04 19:00:00,0.3478,0.3481,0.3456,0.3467,52862.6
1767549600000,2026-01-04 20:00:00,0.3467,0.3471,0.3424,0.3444,122497.5
1767553200000,2026-01-04 21:00:00,0.3444,0.3444,0.3391,0.3416,256502.3
1767556800000,2026-01-04 22:00:00,0.3416,0.3416,0.3373,0.3385,269504.1
1767560400000,2026-01-04 23:00:00,0.3385,0.3411,0.3358,0.3381,117812.8
1767564000000,2026-01-05 00:00:00,0.3381,0.3407,0.3376,0.3379,241646.1
1767567600000,2026-01-05 01:00:00,0.3379,0.3413,0.3367,0.3383,102698.8
1767571200000,2026-01-05 02:00:00,0.3383,0.3424,0.3362,0.3406,232000.5
1767574800000,2026-01-05 03:00:00,0.3406,0.3452,0.3401,0.3434,94056.4
1767578400000,2026-01-05 04:00:00,0.3434,0.344,0.3385,0.3416,105180.3
1767582000000,2026-01-05 05:00:00,0.3416,0.3417,0.338,0.3391,58093.7
1767585600000,2026-01-05 06:00:00,0.3391,0.3395,0.3328,0.3352,123079.4
1767589200000,2026-01-05 07:00:00,0.3352,0.3366,0.3333,0.3335,60831.6
1767592800000,2026-01-05 08:00:00,0.3335,0.3341,0.3304,0.3334,68401.0
1767596400000,2026-01-05 09:00:00,0.3334,0.3363,0.3329,0.3348,65305.5
1767600000000,2026-01-05 10:00:00,0.3348,0.3364,0.3316,0.3323,143623.4
1767603600000,2026-01-05 11:00:00,0.3323,0.3324,0.3291,0.3293,124186.9
1767607200000,2026-01-05 12:00:00,0.3293,0.332,0.3279,0.3302,69695.6
1767610800000,2026-01-05 13:00:00,0.3302,0.3308,0.3284,0.3303,243666.7
1767614400000,2026-01-05 14:00:00,0.3303,0.3327,0.3295,0.3319,158029.7
1767618000000,2026-01-05 15:00:00,0.3319,0.3322,0.3279,0.3292,114363.4
1767621600000,2026-01-05 16:00:00,0.3292,0.3346,0.328,0.3333,153803.7
1767625200000,2026-01-05 17:00:00,0.3333,0.338,0.3301,0.3364,207705.8
1767628800000,2026-01-05 18:00:00,0.3364,0.3374,0.3341,0.3351,206727.0
1767632400000,2026-01-05 19:00:00,0.3351,0.3405,0.3314,0.3392,188598.7
1767636000000,2026-01-05 20:00:00,0.3392,0.3433,0.3378,0.3427,189093.2
1767639600000,2026-01-05 21:00:00,0.3427,0.3438,0.3392,0.34,93997.7
1767643200000,2026-01-05 22:00:00,0.34,0.3459,0.34,0.3413,166310.4
1767646800000,2026-01-05 23:00:00,0.3413,0.3423,0.3402,0.3422,80829.7
1767650400000,2026-01-06 00:00:00,0.3422,0.3491,0.3421,0.347,173430.2
1767654000000,2026-01-06 01:00:00,0.347,0.3476,0.3448,0.3469,91937.7
1767657600000,2026-01-06 02:00:00,0.3469,0.3479,0.3424,0.3457,86779.6
1767661200000,2026-01-06 03:00:00,0.3457,0.3503,0.3438,0.3439,112551.7
1767664800000,2026-01-06 04:00:00,0.3439,0.3462,0.3433,0.345,77797.7
1767668400000,2026-01-06 05:00:00,0.345,0.3489,0.3447,0.3477,38816.3
1767672000000,2026-01-06 06:00:00,0.3477,0.3499,0.3469,0.3491,28945.1
1767675600000,2026-01-06 07:00:00,0.3491,0.3499,0.3467,0.3479,76644.7
1767679200000,2026-01-06 08:00:00,0.3479,0.3515,0.3458,0.3486,153880.6
1767682800000,2026-01-06 09:00:00,0.3486,0.3487,0.3434,0.3446,72289.5
1767686400000,2026-01-06 10:00:00,0.3446,0.3476,0.3446,0.3467,179658.2
1767690000000,2026-01-06 11:00:00,0.3467,0.3508,0.3459,0.3493,72045.7
1767693600000,2026-01-06 12:00:00,0.3493,0.3501,0.3482,0.3492,51950.2
1767697200000,2026-01-06 13:00:00,0.3492,0.356,0.3488,0.3547,357611.6
1767700800000,2026-01-06 14:00:00,0.3547,0.362,0.3547,0.3619,689512.9
1767704400000,2026-01-06 15:00:00,0.3619,0.3622,0.3577,0.358,420399.2
1767708000000,2026-01-06 16:00:00,0.358,0.3689,0.3578,0.3625,733986.2
1767711600000,2026-01-06 17:00:00,0.3625,0.3657,0.3549,0.3577,341196.5
1767715200000,2026-01-06 18:00:00,0.3577,0.3593,0.3458,0.3488,446442.6
1767718800000,2026-01-06 19:00:00,0.3488,0.351,0.3393,0.3401,400007.4
1767722400000,2026-01-06 20:00:00,0.3401,0.3455,0.3382,0.3442,327683.5
1767726000000,2026-01-06 21:00:00,0.3442,0.3456,0.3426,0.3436,92807.0
1767729600000,2026-01-06 22:00:00,0.3436,0.3518,0.3436,0.3495,187346.7
1767733200000,2026-01-06 23:00:00,0.3495,0.359,0.3485,0.3578,274095.8
1767736800000,2026-01-07 00:00:00,0.3578,0.3587,0.3529,0.3539,67373.3
1767740400000,2026-01-07 01:00:00,0.3539,0.3564,0.353,0.3548,70931.8
1767744000000,2026-01-07 02:00:00,0.3548,0.3549,0.3472,0.3474,71760.2
1767747600000,2026-01-07 03:00:00,0.3474,0.3481,0.344,0.3443,140700.0
1767751200000,2026-01-07 04:00:00,0.3443,0.3485,0.3433,0.3468,125031.5
1767754800000,2026-01-07 05:00:00,0.3468,0.3493,0.3454,0.3471,135633.1
1767758400000,2026-01-07 06:00:00,0.3471,0.3479,0.3444,0.3451,67386.1
1767762000000,2026-01-07 07:00:00,0.3451,0.3477,0.3448,0.3452,66695.0
1767765600000,2026-01-07 08:00:00,0.3452,0.3452,0.3434,0.3441,61894.3
1767769200000,2026-01-07 09:00:00,0.3441,0.3501,0.344,0.3501,61087.7
1767772800000,2026-01-07 10:00:00,0.3501,0.3524,0.3489,0.3507,123997.2
1767776400000,2026-01-07 11:00:00,0.3507,0.3509,0.3417,0.3425,252702.9
1767780000000,2026-01-07 12:00:00,0.3425,0.3444,0.3421,0.3434,64306.0
1767783600000,2026-01-07 13:00:00,0.3434,0.3461,0.3425,0.3453,133220.1
1767787200000,2026-01-07 14:00:00,0.3453,0.3453,0.3406,0.3407,97667.4
1767790800000,2026-01-07 15:00:00,0.3407,0.3424,0.3392,0.3393,81785.9
1767794400000,2026-01-07 16:00:00,0.3393,0.3401,0.3329,0.3392,568751.1
1767798000000,2026-01-07 17:00:00,0.3392,0.3396,0.3324,0.3341,303308.6
1767801600000,2026-01-07 18:00:00,0.3341,0.3375,0.3334,0.3346,228204.9
1767805200000,2026-01-07 19:00:00,0.3346,0.3381,0.3343,0.3353,304117.2
1767808800000,2026-01-07 20:00:00,0.3353,0.3391,0.3348,0.3364,178255.9
1767812400000,2026-01-07 21:00:00,0.3364,0.338,0.3338,0.337,70769.1
1767816000000,2026-01-07 22:00:00,0.337,0.3376,0.3344,0.3351,72599.3
1767819600000,2026-01-07 23:00:00,0.3351,0.3363,0.3338,0.3343,56782.4
1767823200000,2026-01-08 00:00:00,0.3343,0.3374,0.3331,0.3342,215709.3
1767826800000,2026-01-08 01:00:00,0.3342,0.3391,0.3329,0.3373,130732.2
1767830400000,2026-01-08 02:00:00,0.3373,0.3394,0.3356,0.3387,61610.3
1767834000000,2026-01-08 03:00:00,0.3387,0.3402,0.3376,0.3396,87658.9
1767837600000,2026-01-08 04:00:00,0.3396,0.3398,0.3356,0.3356,71747.6
1767841200000,2026-01-08 05:00:00,0.3356,0.3382,0.3316,0.3319,172163.7
1767844800000,2026-01-08 06:00:00,0.3319,0.3354,0.3313,0.334,123677.3
1767848400000,2026-01-08 07:00:00,0.334,0.337,0.3338,0.3341,56989.5
1767852000000,2026-01-08 08:00:00,0.3341,0.3349,0.3278,0.328,162604.6
1767855600000,2026-01-08 09:00:00,0.328,0.3316,0.3249,0.3306,319318.4
1767859200000,2026-01-08 10:00:00,0.3306,0.3322,0.3266,0.3268,120767.8
1767862800000,2026-01-08 11:00:00,0.3268,0.3277,0.3234,0.324,101408.0
1767866400000,2026-01-08 12:00:00,0.324,0.3273,0.3212,0.3264,171507.1
1767870000000,2026-01-08 13:00:00,0.3264,0.3269,0.3242,0.3264,82773.1
1767873600000,2026-01-08 14:00:00,0.3264,0.3265,0.3226,0.3237,77993.8
1767877200000,2026-01-08 15:00:00,0.3237,0.3248,0.3226,0.3238,28409.9
1767880800000,2026-01-08 16:00:00,0.3238,0.3255,0.3206,0.3247,137131.7
1767884400000,2026-01-08 17:00:00,0.3247,0.3319,0.3231,0.3319,186957.0
1767888000000,2026-01-08 18:00:00,0.3319,0.3324,0.3276,0.3312,62394.8
1767891600000,2026-01-08 19:00:00,0.3312,0.3325,0.3288,0.3313,45156.0
1767895200000,2026-01-08 20:00:00,0.3313,0.3314,0.3277,0.3283,50067.4
1767898800000,2026-01-08 21:00:00,0.3283,0.3297,0.3255,0.3261,52886.4
1767902400000,2026-01-08 22:00:00,0.3261,0.3269,0.3236,0.3265,82283.2
1767906000000,2026-01-08 23:00:00,0.3265,0.3291,0.3265,0.3287,33407.3
1767909600000,2026-01-09 00:00:00,0.3287,0.3314,0.3271,0.3295,84581.3
1767913200000,2026-01-09 01:00:00,0.3295,0.3304,0.3285,0.3287,21627.3
1767916800000,2026-01-09 02:00:00,0.3287,0.3293,0.328,0.3282,29458.5
1767920400000,2026-01-09 03:00:00,0.3282,0.3312,0.3249,0.3265,152574.8
1767924000000,2026-01-09 04:00:00,0.3265,0.3293,0.3261,0.3274,37815.2
1767927600000,2026-01-09 05:00:00,0.3274,0.3312,0.3269,0.3311,48933.4
1767931200000,2026-01-09 06:00:00,0.3311,0.3315,0.3289,0.3292,33777.5
1767934800000,2026-01-09 07:00:00,0.3292,0.3306,0.3285,0.3303,13900.9
1767938400000,2026-01-09 08:00:00,0.3303,0.3326,0.3297,0.3321,28938.0
1767942000000,2026-01-09 09:00:00,0.3321,0.3323,0.3308,0.331,34282.9
1767945600000,2026-01-09 10:00:00,0.331,0.3315,0.3246,0.3269,61403.0
1767949200000,2026-01-09 11:00:00,0.3269,0.3311,0.3268,0.3284,48502.4
1767952800000,2026-01-09 12:00:00,0.3284,0.3292,0.3275,0.3288,30744.6
1767956400000,2026-01-09 13:00:00,0.3288,0.33,0.3282,0.3283,13770.5
1767960000000,2026-01-09 14:00:00,0.3283,0.3293,0.3268,0.3279,34995.4
1767963600000,2026-01-09 15:00:00,0.3279,0.3343,0.3279,0.3323,107603.4
1767967200000,2026-01-09 16:00:00,0.3323,0.3324,0.3271,0.3292,49709.7
1767970800000,2026-01-09 17:00:00,0.3292,0.3394,0.3271,0.3358,187726.5
1767974400000,2026-01-09 18:00:00,0.3358,0.3418,0.3358,0.3379,125067.1
1767978000000,2026-01-09 19:00:00,0.3379,0.338,0.3328,0.3364,55695.8
1767981600000,2026-01-09 20:00:00,0.3364,0.3365,0.3288,0.3322,52954.2
1767985200000,2026-01-09 21:00:00,0.3322,0.3322,0.3272,0.3279,36934.3
1767988800000,2026-01-09 22:00:00,0.3279,0.3305,0.3273,0.3285,39232.1
1767992400000,2026-01-09 23:00:00,0.3285,0.3309,0.3275,0.3303,30881.0
1767996000000,2026-01-10 00:00:00,0.3303,0.3311,0.3291,0.331,30056.5
1767999600000,2026-01-10 01:00:00,0.331,0.3311,0.3293,0.3298,35314.8
1768003200000,2026-01-10 02:00:00,0.3298,0.33,0.3278,0.3283,20674.6
1768006800000,2026-01-10 03:00:00,0.3283,0.3294,0.3278,0.3287,22287.5
1768010400000,2026-01-10 04:00:00,0.3287,0.3287,0.3264,0.327,22790.9
1768014000000,2026-01-10 05:00:00,0.327,0.3273,0.3248,0.327,39603.7
1768017600000,2026-01-10 06:00:00,0.327,0.327,0.3252,0.3253,29387.9
1768021200000,2026-01-10 07:00:00,0.3253,0.3259,0.3239,0.3244,81397.0
1768024800000,2026-01-10 08:00:00,0.3244,0.3253,0.3224,0.3249,56759.3
1768028400000,2026-01-10 09:00:00,0.3249,0.3281,0.3247,0.3277,32325.2
1768032000000,2026-01-10 10:00:00,0.3277,0.3282,0.3271,0.328,27709.6
1768035600000,2026-01-10 11:00:00,0.328,0.3288,0.3278,0.3281,67818.6
1768039200000,2026-01-10 12:00:00,0.3281,0.3285,0.3267,0.3278,17077.8
1768042800000,2026-01-10 13:00:00,0.3278,0.3291,0.3271,0.3289,19004.3
1768046400000,2026-01-10 14:00:00,0.3289,0.3309,0.3282,0.3301,27027.2
1768050000000,2026-01-10 15:00:00,0.3301,0.3308,0.3292,0.3293,33078.9
1768053600000,2026-01-10 16:00:00,0.3293,0.3294,0.3272,0.3273,46167.7
1768057200000,2026-01-10 17:00:00,0.3273,0.3286,0.3273,0.328,18050.6
1768060800000,2026-01-10 18:00:00,0.328,0.3286,0.3269,0.3282,12902.5
1768064400000,2026-01-10 19:00:00,0.3282,0.3303,0.326,0.3265,148731.3
1768068000000,2026-01-10 20:00:00,0.3265,0.3278,0.326,0.3274,33585.2
1768071600000,2026-01-10 21:00:00,0.3274,0.3305,0.3273,0.3299,132893.4
1768075200000,2026-01-10 22:00:00,0.3299,0.3301,0.3288,0.3288,32858.9
1768078800000,2026-01-10 23:00:00,0.3288,0.3288,0.3266,0.3268,42988.7
1768082400000,2026-01-11 00:00:00,0.3268,0.3268,0.3231,0.3231,60528.4
1768086000000,2026-01-11 01:00:00,0.3231,0.3244,0.3226,0.3236,22521.6
1768089600000,2026-01-11 02:00:00,0.3236,0.3245,0.3227,0.3239,20313.5
1768093200000,2026-01-11 03:00:00,0.3239,0.3244,0.3229,0.324,17949.8
1768096800000,2026-01-11 04:00:00,0.324,0.3243,0.3231,0.3233,19537.3
1768100400000,2026-01-11 05:00:00,0.3233,0.3243,0.3231,0.3238,11842.8
1768104000000,2026-01-11 06:00:00,0.3238,0.3243,0.3223,0.3243,24860.6
1768107600000,2026-01-11 07:00:00,0.3243,0.3255,0.3236,0.3254,144672.3
1768111200000,2026-01-11 08:00:00,0.3254,0.326,0.3233,0.3257,17089.9
1768114800000,2026-01-11 09:00:00,0.3257,0.3265,0.3251,0.3261,76506.9
1768118400000,2026-01-11 10:00:00,0.3261,0.327,0.3255,0.3263,25428.8
1768122000000,2026-01-11 11:00:00,0.3263,0.3273,0.3261,0.3269,11560.8
1768125600000,2026-01-11 12:00:00,0.3269,0.3272,0.3261,0.3266,13551.4
1768129200000,2026-01-11 13:00:00,0.3266,0.3266,0.3243,0.325,287738.2
1768132800000,2026-01-11 14:00:00,0.325,0.3265,0.3246,0.3258,117457.7
1768136400000,2026-01-11 15:00:00,0.3258,0.3259,0.3235,0.3239,44298.5
1768140000000,2026-01-11 16:00:00,0.3239,0.3265,0.3236,0.3259,180559.9
1768143600000,2026-01-11 17:00:00,0.3259,0.3263,0.3205,0.3217,180441.5
1768147200000,2026-01-11 18:00:00,0.3217,0.3268,0.3214,0.324,206824.1
1768150800000,2026-01-11 19:00:00,0.324,0.3252,0.3221,0.3248,68295.3
1768154400000,2026-01-11 20:00:00,0.3248,0.325,0.3231,0.324,32764.9
1768158000000,2026-01-11 21:00:00,0.324,0.325,0.3227,0.323,22353.6
1768161600000,2026-01-11 22:00:00,0.323,0.323,0.3184,0.3194,124036.9
1768165200000,2026-01-11 23:00:00,0.3194,0.3207,0.3175,0.3206,63813.0
1768168800000,2026-01-12 00:00:00,0.3206,0.3206,0.3165,0.3172,54455.6
1768172400000,2026-01-12 01:00:00,0.3172,0.3195,0.3145,0.3188,79346.5
1768176000000,2026-01-12 02:00:00,0.3188,0.3202,0.3145,0.319,107620.6
1768179600000,2026-01-12 03:00:00,0.319,0.3233,0.3189,0.3224,79729.5
1768183200000,2026-01-12 04:00:00,0.3224,0.3292,0.3224,0.3288,119351.7
1768186800000,2026-01-12 05:00:00,0.3288,0.3304,0.325,0.3251,68989.8
1768190400000,2026-01-12 06:00:00,0.3251,0.3285,0.3247,0.3283,19755.3
1768194000000,2026-01-12 07:00:00,0.3283,0.3298,0.3271,0.3281,24580.7
1768197600000,2026-01-12 08:00:00,0.3281,0.3288,0.3255,0.326,58764.3
1768201200000,2026-01-12 09:00:00,0.326,0.3275,0.3212,0.3217,62838.4
1768204800000,2026-01-12 10:00:00,0.3217,0.3227,0.3164,0.3191,128012.1
1768208400000,2026-01-12 11:00:00,0.3191,0.3197,0.3177,0.318,44885.0
1768212000000,2026-01-12 12:00:00,0.318,0.319,0.3169,0.317,26496.7
1768215600000,2026-01-12 13:00:00,0.317,0.3197,0.317,0.3193,26763.5
1768219200000,2026-01-12 14:00:00,0.3193,0.3194,0.3168,0.3172,29489.5
1768222800000,2026-01-12 15:00:00,0.3172,0.3175,0.3128,0.3139,84777.2
1768226400000,2026-01-12 16:00:00,0.3139,0.3182,0.3119,0.3169,120753.1
1768230000000,2026-01-12 17:00:00,0.3169,0.3192,0.3159,0.3186,47635.5
1768233600000,2026-01-12 18:00:00,0.3186,0.3221,0.3176,0.3198,88004.7
1768237200000,2026-01-12 19:00:00,0.3198,0.3203,0.3143,0.3163,68891.1
1768240800000,2026-01-12 20:00:00,0.3163,0.3184,0.3153,0.3162,39719.9
1768244400000,2026-01-12 21:00:00,0.3162,0.3172,0.3147,0.3169,32340.3
1768248000000,2026-01-12 22:00:00,0.3169,0.3186,0.3139,0.3141,41037.9
1768251600000,2026-01-12 23:00:00,0.3141,0.3147,0.3109,0.3126,104139.1
1768255200000,2026-01-13 00:00:00,0.3126,0.3148,0.3123,0.3141,42308.6
1768258800000,2026-01-13 01:00:00,0.3141,0.3148,0.3131,0.3141,17618.5
1768262400000,2026-01-13 02:00:00,0.3141,0.3155,0.3141,0.3155,39628.7
1768266000000,2026-01-13 03:00:00,0.3155,0.3164,0.3145,0.3154,21664.9
1768269600000,2026-01-13 04:00:00,0.3154,0.3176,0.3153,0.3155,48500.0
1768273200000,2026-01-13 05:00:00,0.3155,0.3174,0.3149,0.3173,27082.2
1768276800000,2026-01-13 06:00:00,0.3173,0.3197,0.3173,0.3196,45097.3
1768280400000,2026-01-13 07:00:00,0.3196,0.323,0.3196,0.3206,62048.8
1768284000000,2026-01-13 08:00:00,0.3206,0.3244,0.3206,0.3241,89119.9
1768287600000,2026-01-13 09:00:00,0.3241,0.3242,0.3217,0.3232,175481.9
1768291200000,2026-01-13 10:00:00,0.3232,0.326,0.3222,0.3255,106320.0
1768294800000,2026-01-13 11:00:00,0.3255,0.3276,0.3252,0.3264,160487.1
1768298400000,2026-01-13 12:00:00,0.3264,0.3279,0.3246,0.327,117035.4
1768302000000,2026-01-13 13:00:00,0.327,0.3297,0.3264,0.328,123710.4
1768305600000,2026-01-13 14:00:00,0.328,0.333,0.328,0.3326,268548.6
1768309200000,2026-01-13 15:00:00,0.3326,0.3438,0.3326,0.3421,1170195.6
1768312800000,2026-01-13 16:00:00,0.3421,0.3514,0.3391,0.345,568867.4
1768316400000,2026-01-13 17:00:00,0.345,0.3497,0.3414,0.3465,289630.4
1768320000000,2026-01-13 18:00:00,0.3465,0.3494,0.3441,0.3485,215392.8
1768323600000,2026-01-13 19:00:00,0.3485,0.3495,0.3453,0.3483,122169.0
1768327200000,2026-01-13 20:00:00,0.3483,0.3486,0.3442,0.3449,132887.3
1768330800000,2026-01-13 21:00:00,0.3449,0.3472,0.3432,0.3467,44287.5
1768334400000,2026-01-13 22:00:00,0.3467,0.3475,0.3422,0.3429,121317.3
1768338000000,2026-01-13 23:00:00,0.3429,0.3467,0.3429,0.3467,54476.6
1768341600000,2026-01-14 00:00:00,0.3467,0.3621,0.3465,0.3588,453880.7
1768345200000,2026-01-14 01:00:00,0.3588,0.361,0.3526,0.3537,242851.8
1768348800000,2026-01-14 02:00:00,0.3537,0.3577,0.353,0.3568,96960.4
1768352400000,2026-01-14 03:00:00,0.3568,0.3571,0.3528,0.3532,132679.9
1768356000000,2026-01-14 04:00:00,0.3532,0.3545,0.3509,0.3512,85139.0
1768359600000,2026-01-14 05:00:00,0.3512,0.3537,0.3499,0.3528,243505.1
1768363200000,2026-01-14 06:00:00,0.3528,0.3532,0.3502,0.3503,142301.1
1768366800000,2026-01-14 07:00:00,0.3503,0.3526,0.3485,0.3517,104975.4
1768370400000,2026-01-14 08:00:00,0.3517,0.3544,0.3496,0.3544,54001.4
1768374000000,2026-01-14 09:00:00,0.3544,0.3544,0.3506,0.3506,45645.0
1768377600000,2026-01-14 10:00:00,0.3506,0.3537,0.3505,0.3518,57203.0
1768381200000,2026-01-14 11:00:00,0.3518,0.3536,0.3518,0.3533,36180.8
1768384800000,2026-01-14 12:00:00,0.3533,0.3547,0.3516,0.3527,70145.5
1768388400000,2026-01-14 13:00:00,0.3527,0.3527,0.3491,0.3498,66190.6
1768392000000,2026-01-14 14:00:00,0.3498,0.3515,0.3492,0.3504,40264.8
1768395600000,2026-01-14 15:00:00,0.3504,0.3504,0.3454,0.3458,38448.9
1768399200000,2026-01-14 16:00:00,0.3458,0.353,0.3458,0.3511,155869.7
1768402800000,2026-01-14 17:00:00,0.3511,0.3542,0.3491,0.3527,185848.5
1768406400000,2026-01-14 18:00:00,0.3527,0.3555,0.3515,0.352,183080.5
1768410000000,2026-01-14 19:00:00,0.352,0.3529,0.3473,0.348,158034.7
1768413600000,2026-01-14 20:00:00,0.348,0.3487,0.3417,0.345,359360.5
1768417200000,2026-01-14 21:00:00,0.345,0.3504,0.3436,0.3472,233163.7
1768420800000,2026-01-14 22:00:00,0.3472,0.3495,0.3449,0.3462,63064.7
1768424400000,2026-01-14 23:00:00,0.3462,0.3482,0.3454,0.3468,41029.1
1768428000000,2026-01-15 00:00:00,0.3468,0.3468,0.3427,0.3433,61245.6
1768431600000,2026-01-15 01:00:00,0.3433,0.3461,0.3433,0.3449,47726.0
1768435200000,2026-01-15 02:00:00,0.3449,0.3449,0.3422,0.3433,61692.9
1768438800000,2026-01-15 03:00:00,0.3433,0.3457,0.341,0.3414,59088.2
1768442400000,2026-01-15 04:00:00,0.3414,0.3417,0.3375,0.3383,248220.0
1768446000000,2026-01-15 05:00:00,0.3383,0.3394,0.3335,0.3343,168816.7
1768449600000,2026-01-15 06:00:00,0.3343,0.3371,0.3335,0.3363,117202.6
1768453200000,2026-01-15 07:00:00,0.3363,0.3384,0.3363,0.3373,32964.7
1768456800000,2026-01-15 08:00:00,0.3373,0.3375,0.3348,0.3359,161643.5
1768460400000,2026-01-15 09:00:00,0.3359,0.3414,0.3356,0.3398,42882.3
1768464000000,2026-01-15 10:00:00,0.3398,0.3399,0.3375,0.3392,177513.7
1768467600000,2026-01-15 11:00:00,0.3392,0.3423,0.3374,0.3412,113944.7
1768471200000,2026-01-15 12:00:00,0.3412,0.3415,0.3394,0.3406,237590.5
1768474800000,2026-01-15 13:00:00,0.3406,0.342,0.3395,0.3404,274410.6
1768478400000,2026-01-15 14:00:00,0.3404,0.3426,0.3393,0.3425,190521.4
1768482000000,2026-01-15 15:00:00,0.3425,0.3434,0.3409,0.3414,245500.1
1768485600000,2026-01-15 16:00:00,0.3414,0.3429,0.3358,0.3377,419980.6
1768489200000,2026-01-15 17:00:00,0.3377,0.3386,0.3279,0.3325,748343.6
1768492800000,2026-01-15 18:00:00,0.3325,0.3326,0.3274,0.3292,869915.5
1768496400000,2026-01-15 19:00:00,0.3292,0.3308,0.3265,0.3269,359018.1
1768500000000,2026-01-15 20:00:00,0.3269,0.3278,0.3228,0.3231,610346.6
1768503600000,2026-01-15 21:00:00,0.3231,0.3242,0.3213,0.3233,274608.7
1768507200000,2026-01-15 22:00:00,0.3233,0.3256,0.3212,0.3215,271805.2
1768510800000,2026-01-15 23:00:00,0.3215,0.3244,0.3214,0.3237,207142.7
1768514400000,2026-01-16 00:00:00,0.3237,0.3269,0.3237,0.3258,113167.3
1768518000000,2026-01-16 01:00:00,0.3258,0.3271,0.325,0.3267,41134.5
1768521600000,2026-01-16 02:00:00,0.3267,0.3275,0.326,0.3263,26279.3
1768525200000,2026-01-16 03:00:00,0.3263,0.3276,0.326,0.327,34960.8
1768528800000,2026-01-16 04:00:00,0.327,0.3298,0.3252,0.3294,107331.0
1768532400000,2026-01-16 05:00:00,0.3294,0.3298,0.3268,0.3272,29963.9
1768536000000,2026-01-16 06:00:00,0.3272,0.3283,0.3246,0.3252,89427.2
1768539600000,2026-01-16 07:00:00,0.3252,0.3297,0.3252,0.3284,146312.6
1768543200000,2026-01-16 08:00:00,0.3284,0.3298,0.3273,0.3298,267341.4
1768546800000,2026-01-16 09:00:00,0.3298,0.3307,0.3282,0.3287,224298.0
1768550400000,2026-01-16 10:00:00,0.3287,0.3304,0.3285,0.33,84574.1
1768554000000,2026-01-16 11:00:00,0.33,0.3305,0.3288,0.3298,189912.7
1768557600000,2026-01-16 12:00:00,0.3298,0.3301,0.3281,0.3289,131251.9
1768561200000,2026-01-16 13:00:00,0.3289,0.3298,0.3278,0.3294,188811.4
1768564800000,2026-01-16 14:00:00,0.3294,0.3295,0.3278,0.3283,58190.8
1768568400000,2026-01-16 15:00:00,0.3283,0.3284,0.3261,0.3275,159359.8
1768572000000,2026-01-16 16:00:00,0.3275,0.3299,0.3269,0.328,107563.5
1768575600000,2026-01-16 17:00:00,0.328,0.3297,0.318,0.3201,251014.1
1768579200000,2026-01-16 18:00:00,0.3201,0.3249,0.3194,0.3227,160071.1
1768582800000,2026-01-16 19:00:00,0.3227,0.3249,0.3204,0.3248,84525.8
1768586400000,2026-01-16 20:00:00,0.3248,0.3257,0.3237,0.3241,26359.3
1768590000000,2026-01-16 21:00:00,0.3241,0.3251,0.3216,0.3247,21137.9
1768593600000,2026-01-16 22:00:00,0.3247,0.3292,0.3226,0.3286,114575.2
1768597200000,2026-01-16 23:00:00,0.3286,0.3311,0.3284,0.33,130137.7
1768600800000,2026-01-17 00:00:00,0.33,0.3311,0.329,0.331,50368.3
1768604400000,2026-01-17 01:00:00,0.331,0.3336,0.331,0.333,142338.1
1768608000000,2026-01-17 02:00:00,0.333,0.3358,0.3322,0.3354,55579.6
1768611600000,2026-01-17 03:00:00,0.3354,0.3385,0.335,0.3365,96980.2
1768615200000,2026-01-17 04:00:00,0.3365,0.3383,0.3337,0.3347,28569.4
1768618800000,2026-01-17 05:00:00,0.3347,0.337,0.3339,0.3369,43510.8
1768622400000,2026-01-17 06:00:00,0.3369,0.3383,0.3349,0.3381,82211.7
1768626000000,2026-01-17 07:00:00,0.3381,0.3417,0.338,0.3397,127505.6
1768629600000,2026-01-17 08:00:00,0.3397,0.3422,0.339,0.3397,76271.2
1768633200000,2026-01-17 09:00:00,0.3397,0.3437,0.3383,0.3431,42915.3
1768636800000,2026-01-17 10:00:00,0.3431,0.3474,0.3427,0.3466,138429.0
1768640400000,2026-01-17 11:00:00,0.3466,0.3476,0.3427,0.3429,70395.9
1768644000000,2026-01-17 12:00:00,0.3429,0.3465,0.3425,0.344,58571.5
1768647600000,2026-01-17 13:00:00,0.344,0.3444,0.3408,0.341,84262.1
1768651200000,2026-01-17 14:00:00,0.341,0.3474,0.3404,0.3474,46104.4
1768654800000,2026-01-17 15:00:00,0.3474,0.3491,0.3463,0.3476,111308.8
1768658400000,2026-01-17 16:00:00,0.3476,0.3532,0.3463,0.3524,126521.6
1768662000000,2026-01-17 17:00:00,0.3524,0.3675,0.3522,0.3675,660372.2
1768665600000,2026-01-17 18:00:00,0.3675,0.3748,0.3578,0.3612,1442696.5
1768669200000,2026-01-17 19:00:00,0.3612,0.3672,0.3604,0.3625,650557.9
1768672800000,2026-01-17 20:00:00,0.3625,0.3637,0.3602,0.3616,115455.3
1768676400000,2026-01-17 21:00:00,0.3616,0.3654,0.3595,0.3613,206158.4
1768680000000,2026-01-17 22:00:00,0.3613,0.3648,0.3604,0.3616,88669.3
1768683600000,2026-01-17 23:00:00,0.3616,0.3616,0.3558,0.3578,233825.3
1768687200000,2026-01-18 00:00:00,0.3578,0.3582,0.351,0.3531,140777.8
1768690800000,2026-01-18 01:00:00,0.3531,0.3541,0.352,0.3534,62289.3
1768694400000,2026-01-18 02:00:00,0.3534,0.3583,0.353,0.3533,121629.0
1768698000000,2026-01-18 03:00:00,0.3533,0.3544,0.3463,0.3482,137348.0
1768701600000,2026-01-18 04:00:00,0.3482,0.35,0.3457,0.3473,59370.1
1768705200000,2026-01-18 05:00:00,0.3473,0.349,0.3469,0.3476,25405.2
1768708800000,2026-01-18 06:00:00,0.3476,0.3477,0.3452,0.3476,50289.0
1768712400000,2026-01-18 07:00:00,0.3476,0.348,0.3461,0.3479,29051.1
1768716000000,2026-01-18 08:00:00,0.3479,0.3489,0.3456,0.3464,35603.6
1768719600000,2026-01-18 09:00:00,0.3464,0.3505,0.3441,0.3486,71718.5
1768723200000,2026-01-18 10:00:00,0.3486,0.3491,0.3455,0.3473,92642.9
1768726800000,2026-01-18 11:00:00,0.3473,0.3477,0.3457,0.3464,19928.0
1768730400000,2026-01-18 12:00:00,0.3464,0.3467,0.3433,0.3449,59733.7
1768734000000,2026-01-18 13:00:00,0.3449,0.3478,0.3441,0.3466,93709.2
1768737600000,2026-01-18 14:00:00,0.3466,0.3476,0.3436,0.3441,46645.9
1768741200000,2026-01-18 15:00:00,0.3441,0.3459,0.3435,0.3441,50379.0
1768744800000,2026-01-18 16:00:00,0.3441,0.3466,0.3424,0.3433,61287.2
1768748400000,2026-01-18 17:00:00,0.3433,0.3469,0.3424,0.3466,69294.8
1768752000000,2026-01-18 18:00:00,0.3466,0.3497,0.3456,0.3473,55098.1
1768755600000,2026-01-18 19:00:00,0.3473,0.3481,0.3453,0.3473,59537.2
1768759200000,2026-01-18 20:00:00,0.3473,0.3511,0.3461,0.3505,54698.5
1768762800000,2026-01-18 21:00:00,0.3505,0.3511,0.3474,0.3486,33223.9
1768766400000,2026-01-18 22:00:00,0.3486,0.3523,0.348,0.3497,38034.4
1768770000000,2026-01-18 23:00:00,0.3497,0.3509,0.3495,0.3499,11259.7
1768773600000,2026-01-19 00:00:00,0.3499,0.3523,0.3489,0.3501,25374.7
1768777200000,2026-01-19 01:00:00,0.3501,0.3501,0.3276,0.328,541068.9
1768780800000,2026-01-19 02:00:00,0.328,0.3282,0.2901,0.3098,5776839.5
1768784400000,2026-01-19 03:00:00,0.3098,0.312,0.3063,0.3071,313582.0
1768788000000,2026-01-19 04:00:00,0.3071,0.3102,0.3057,0.3096,458594.9
1768791600000,2026-01-19 05:00:00,0.3096,0.3124,0.3083,0.3117,259941.4
1768795200000,2026-01-19 06:00:00,0.3117,0.3117,0.3064,0.3068,236409.5
1768798800000,2026-01-19 07:00:00,0.3068,0.3072,0.3043,0.3067,356697.5
1768802400000,2026-01-19 08:00:00,0.3067,0.3077,0.305,0.3053,66877.7
1768806000000,2026-01-19 09:00:00,0.3053,0.3071,0.3046,0.3062,77734.6
1768809600000,2026-01-19 10:00:00,0.3062,0.3113,0.3057,0.3106,128086.3
1768813200000,2026-01-19 11:00:00,0.3106,0.3128,0.31,0.312,92997.0
1768816800000,2026-01-19 12:00:00,0.312,0.3127,0.3082,0.3082,187642.9
1768820400000,2026-01-19 13:00:00,0.3082,0.3091,0.3066,0.3069,66243.1
1768824000000,2026-01-19 14:00:00,0.3069,0.3072,0.3048,0.3054,140098.8
1768827600000,2026-01-19 15:00:00,0.3054,0.3077,0.3048,0.3061,195389.8
1768831200000,2026-01-19 16:00:00,0.3061,0.3088,0.3049,0.3066,140329.8
1768834800000,2026-01-19 17:00:00,0.3066,0.3077,0.3053,0.3064,65621.4
1768838400000,2026-01-19 18:00:00,0.3064,0.3091,0.3056,0.3089,121357.7
1768842000000,2026-01-19 19:00:00,0.3089,0.3097,0.3078,0.3086,67643.3
1768845600000,2026-01-19 20:00:00,0.3086,0.3116,0.3081,0.311,62292.6
1768849200000,2026-01-19 21:00:00,0.311,0.3173,0.311,0.3151,213663.1
1768852800000,2026-01-19 22:00:00,0.3151,0.3168,0.3146,0.3157,69042.9
1768856400000,2026-01-19 23:00:00,0.3157,0.3163,0.3123,0.3127,67246.9
1768860000000,2026-01-20 00:00:00,0.3127,0.314,0.3104,0.3105,62622.3
1768863600000,2026-01-20 01:00:00,0.3105,0.3153,0.3099,0.3147,72558.3
1768867200000,2026-01-20 02:00:00,0.3147,0.316,0.3131,0.3135,174439.1
1768870800000,2026-01-20 03:00:00,0.3135,0.3162,0.3112,0.3138,155022.4
1768874400000,2026-01-20 04:00:00,0.3138,0.3164,0.312,0.3155,123694.4
1768878000000,2026-01-20 05:00:00,0.3155,0.3165,0.3123,0.314,114949.9
1768881600000,2026-01-20 06:00:00,0.314,0.3162,0.3126,0.3145,64322.6
1768885200000,2026-01-20 07:00:00,0.3145,0.3157,0.3123,0.3131,142139.7
1768888800000,2026-01-20 08:00:00,0.3131,0.3132,0.3084,0.3107,175815.5
1768892400000,2026-01-20 09:00:00,0.3107,0.3131,0.3097,0.3099,62553.6
1768896000000,2026-01-20 10:00:00,0.3099,0.3109,0.3067,0.3098,172199.3
1768899600000,2026-01-20 11:00:00,0.3098,0.3101,0.3073,0.3092,207958.3
1768903200000,2026-01-20 12:00:00,0.3092,0.3132,0.3088,0.3112,456900.5
1768906800000,2026-01-20 13:00:00,0.3112,0.3112,0.3059,0.306,169725.5
1768910400000,2026-01-20 14:00:00,0.306,0.313,0.3058,0.3122,274869.7
1768914000000,2026-01-20 15:00:00,0.3122,0.3122,0.305,0.3052,153479.5
1768917600000,2026-01-20 16:00:00,0.3052,0.3122,0.3052,0.3092,232579.3
1768921200000,2026-01-20 17:00:00,0.3092,0.3093,0.3032,0.3056,300789.0
1768924800000,2026-01-20 18:00:00,0.3056,0.3068,0.2996,0.3011,300943.2
1768928400000,2026-01-20 19:00:00,0.3011,0.3031,0.2971,0.2991,232869.9
1768932000000,2026-01-20 20:00:00,0.2991,0.3011,0.2982,0.2991,60503.3
1768935600000,2026-01-20 21:00:00,0.2991,0.3013,0.299,0.3005,46826.2
1768939200000,2026-01-20 22:00:00,0.3005,0.3039,0.2991,0.3039,86560.9
1768942800000,2026-01-20 23:00:00,0.3039,0.3042,0.3008,0.3014,50422.8
1768946400000,2026-01-21 00:00:00,0.3014,0.3022,0.2963,0.301,224549.8
1768950000000,2026-01-21 01:00:00,0.301,0.3022,0.2994,0.3012,61318.7
1768953600000,2026-01-21 02:00:00,0.3012,0.3082,0.3008,0.3082,185348.7
1768957200000,2026-01-21 03:00:00,0.3082,0.3147,0.3082,0.3145,416256.9
1768960800000,2026-01-21 04:00:00,0.3145,0.3194,0.3135,0.3182,313716.7
1768964400000,2026-01-21 05:00:00,0.3182,0.3212,0.3163,0.3163,241828.8
1768968000000,2026-01-21 06:00:00,0.3163,0.3168,0.3141,0.3149,56233.3
1768971600000,2026-01-21 07:00:00,0.3149,0.3149,0.3121,0.3128,97427.7
1768975200000,2026-01-21 08:00:00,0.3128,0.3133,0.3105,0.311,89837.4
1768978800000,2026-01-21 09:00:00,0.311,0.3122,0.3091,0.3099,95097.8
1768982400000,2026-01-21 10:00:00,0.3099,0.311,0.3064,0.3088,147159.5
1768986000000,2026-01-21 11:00:00,0.3088,0.3093,0.3075,0.3091,104933.7
1768989600000,2026-01-21 12:00:00,0.3091,0.3116,0.307,0.3073,99223.2
1768993200000,2026-01-21 13:00:00,0.3073,0.3089,0.3042,0.3046,101713.6
1768996800000,2026-01-21 14:00:00,0.3046,0.3048,0.2993,0.3045,287521.2
1769000400000,2026-01-21 15:00:00,0.3045,0.3065,0.3011,0.3018,101436.5
1769004000000,2026-01-21 16:00:00,0.3018,0.3114,0.3016,0.3107,419268.3
1769007600000,2026-01-21 17:00:00,0.3107,0.3133,0.3095,0.3131,103848.5
1769011200000,2026-01-21 18:00:00,0.3131,0.3134,0.2997,0.3001,190469.0
1769014800000,2026-01-21 19:00:00,0.3001,0.3038,0.2977,0.3018,336701.5
1769018400000,2026-01-21 20:00:00,0.3018,0.306,0.3008,0.3047,127230.9
1769022000000,2026-01-21 21:00:00,0.3047,0.317,0.3033,0.317,297127.4
1769025600000,2026-01-21 22:00:00,0.317,0.3179,0.3105,0.3146,114777.3
1769029200000,2026-01-21 23:00:00,0.3146,0.3164,0.3135,0.3139,40495.5
1769032800000,2026-01-22 00:00:00,0.3139,0.3151,0.3107,0.3113,112729.1
1769036400000,2026-01-22 01:00:00,0.3113,0.3118,0.3068,0.3076,95024.7
1769040000000,2026-01-22 02:00:00,0.3076,0.3125,0.3076,0.3112,95184.9
1769043600000,2026-01-22 03:00:00,0.3112,0.3167,0.3111,0.3164,68843.6
1769047200000,2026-01-22 04:00:00,0.3164,0.3178,0.3149,0.316,114292.7
1769050800000,2026-01-22 05:00:00,0.316,0.3168,0.3127,0.3137,94437.7
1769054400000,2026-01-22 06:00:00,0.3137,0.3161,0.3133,0.3148,65334.7
1769058000000,2026-01-22 07:00:00,0.3148,0.3168,0.3125,0.313,36583.0
1769061600000,2026-01-22 08:00:00,0.313,0.3133,0.3102,0.3123,87369.2
1769065200000,2026-01-22 09:00:00,0.3123,0.3126,0.3092,0.3104,41092.6
1769068800000,2026-01-22 10:00:00,0.3104,0.3117,0.3091,0.311,79621.9
1769072400000,2026-01-22 11:00:00,0.311,0.3131,0.3105,0.3115,32358.6
1769076000000,2026-01-22 12:00:00,0.3115,0.3116,0.3098,0.3103,112379.5
1769079600000,2026-01-22 13:00:00,0.3103,0.3103,0.3078,0.3079,50226.7
1769083200000,2026-01-22 14:00:00,0.3079,0.3083,0.307,0.3076,72653.2
1769086800000,2026-01-22 15:00:00,0.3076,0.3097,0.3048,0.306,108631.1
1769090400000,2026-01-22 16:00:00,0.306,0.3063,0.3008,0.3011,200397.3
1769094000000,2026-01-22 17:00:00,0.3011,0.3033,0.2983,0.3007,123775.9
1769097600000,2026-01-22 18:00:00,0.3007,0.3039,0.3002,0.3036,171684.1
1769101200000,2026-01-22 19:00:00,0.3036,0.3057,0.3031,0.3056,64782.6
1769104800000,2026-01-22 20:00:00,0.3056,0.3056,0.3028,0.303,113684.1
1769108400000,2026-01-22 21:00:00,0.303,0.3048,0.3018,0.3032,29893.7
1769112000000,2026-01-22 22:00:00,0.3032,0.3034,0.3006,0.3013,71860.8
1769115600000,2026-01-22 23:00:00,0.3013,0.3034,0.3013,0.3024,33140.0
1769119200000,2026-01-23 00:00:00,0.3024,0.3039,0.3017,0.3025,49182.2
1769122800000,2026-01-23 01:00:00,0.3025,0.3031,0.3006,0.3027,29535.5
1769126400000,2026-01-23 02:00:00,0.3027,0.3059,0.3024,0.3051,110162.9
1769130000000,2026-01-23 03:00:00,0.3051,0.3103,0.3048,0.3103,64424.1
1769133600000,2026-01-23 04:00:00,0.3103,0.3108,0.3087,0.3091,47084.5
1769137200000,2026-01-23 05:00:00,0.3091,0.3125,0.3084,0.3104,36713.9
1769140800000,2026-01-23 06:00:00,0.3104,0.3149,0.31,0.3139,121514.0
1769144400000,2026-01-23 07:00:00,0.3139,0.3139,0.3098,0.3109,56234.5
1769148000000,2026-01-23 08:00:00,0.3109,0.311,0.3077,0.3079,38611.8
1769151600000,2026-01-23 09:00:00,0.3079,0.3093,0.3079,0.309,60690.5
1769155200000,2026-01-23 10:00:00,0.309,0.3102,0.3056,0.3065,62687.3
1769158800000,2026-01-23 11:00:00,0.3065,0.3081,0.3062,0.3076,23374.2
1769162400000,2026-01-23 12:00:00,0.3076,0.3083,0.3061,0.3068,21300.0
1769166000000,2026-01-23 13:00:00,0.3068,0.3097,0.3066,0.309,31420.8
1769169600000,2026-01-23 14:00:00,0.309,0.31,0.3082,0.3088,26004.4
1769173200000,2026-01-23 15:00:00,0.3088,0.3107,0.3081,0.309,34485.1
1769176800000,2026-01-23 16:00:00,0.309,0.3091,0.2993,0.3023,215443.6
1769180400000,2026-01-23 17:00:00,0.3023,0.3069,0.3003,0.3065,84313.8
1769184000000,2026-01-23 18:00:00,0.3065,0.3084,0.3026,0.3062,58378.7
1769187600000,2026-01-23 19:00:00,0.3062,0.3113,0.3039,0.3072,114733.2
1769191200000,2026-01-23 20:00:00,0.3072,0.3101,0.3062,0.307,87672.9
1769194800000,2026-01-23 21:00:00,0.307,0.307,0.3003,0.3019,190604.3
1769198400000,2026-01-23 22:00:00,0.3019,0.3026,0.2986,0.3004,116261.2
1769202000000,2026-01-23 23:00:00,0.3004,0.3023,0.3002,0.3006,91242.5
1769205600000,2026-01-24 00:00:00,0.3006,0.3033,0.3005,0.3033,23073.7
1769209200000,2026-01-24 01:00:00,0.3033,0.3033,0.3012,0.3019,54503.1
1769212800000,2026-01-24 02:00:00,0.3019,0.303,0.3009,0.3011,33483.7
1769216400000,2026-01-24 03:00:00,0.3011,0.3033,0.3008,0.3033,20234.3
1769220000000,2026-01-24 04:00:00,0.3033,0.3038,0.3028,0.3028,32108.7
1769223600000,2026-01-24 05:00:00,0.3028,0.3048,0.3025,0.3037,18710.4
1769227200000,2026-01-24 06:00:00,0.3037,0.3044,0.3027,0.3039,19577.9
1769230800000,2026-01-24 07:00:00,0.3039,0.3041,0.3032,0.3039,7716.6
1769234400000,2026-01-24 08:00:00,0.3039,0.3051,0.3039,0.3049,9736.3
1769238000000,2026-01-24 09:00:00,0.3049,0.3055,0.3041,0.3046,23722.1
1769241600000,2026-01-24 10:00:00,0.3046,0.3062,0.3039,0.306,16139.8
1769245200000,2026-01-24 11:00:00,0.306,0.306,0.3042,0.3045,7341.8
1769248800000,2026-01-24 12:00:00,0.3045,0.305,0.3039,0.305,16554.5
1769252400000,2026-01-24 13:00:00,0.305,0.3052,0.3043,0.3047,6531.6
1769256000000,2026-01-24 14:00:00,0.3047,0.3054,0.3046,0.3047,10818.6
1769259600000,2026-01-24 15:00:00,0.3047,0.305,0.3029,0.3029,18963.2
1769263200000,2026-01-24 16:00:00,0.3029,0.3043,0.3023,0.3034,32836.2
1769266800000,2026-01-24 17:00:00,0.3034,0.304,0.2995,0.2996,35605.6
1769270400000,2026-01-24 18:00:00,0.2996,0.3014,0.2985,0.3007,125307.7
1769274000000,2026-01-24 19:00:00,0.3007,0.3023,0.3006,0.3021,18933.1
1769277600000,2026-01-24 20:00:00,0.3021,0.3025,0.301,0.3011,42475.0
1769281200000,2026-01-24 21:00:00,0.3011,0.3011,0.3001,0.3002,6418.7
1769284800000,2026-01-24 22:00:00,0.3002,0.3018,0.2999,0.3014,32101.7
1769288400000,2026-01-24 23:00:00,0.3014,0.3018,0.3005,0.3011,13997.6
1769292000000,2026-01-25 00:00:00,0.3011,0.3023,0.3009,0.3019,24436.1
1769295600000,2026-01-25 01:00:00,0.3019,0.3032,0.3019,0.3032,30960.4
1769299200000,2026-01-25 02:00:00,0.3032,0.3036,0.3022,0.303,38465.2
1769302800000,2026-01-25 03:00:00,0.303,0.3036,0.3007,0.3011,21577.0
1769306400000,2026-01-25 04:00:00,0.3011,0.3026,0.3008,0.3014,10223.8
1769310000000,2026-01-25 05:00:00,0.3014,0.3023,0.2992,0.2998,21984.1
1769313600000,2026-01-25 06:00:00,0.2998,0.3018,0.2989,0.3001,38687.0
1769317200000,2026-01-25 07:00:00,0.3001,0.3013,0.2999,0.301,9190.3
1769320800000,2026-01-25 08:00:00,0.301,0.3012,0.2996,0.2996,9485.6
1769324400000,2026-01-25 09:00:00,0.2996,0.2998,0.2975,0.2987,45107.0
1769328000000,2026-01-25 10:00:00,0.2987,0.2995,0.2961,0.2972,109735.5
1769331600000,2026-01-25 11:00:00,0.2972,0.3003,0.2968,0.2992,31118.7
1769335200000,2026-01-25 12:00:00,0.2992,0.3017,0.2991,0.301,182228.0
1769338800000,2026-01-25 13:00:00,0.301,0.301,0.2984,0.2986,107687.3
1769342400000,2026-01-25 14:00:00,0.2986,0.2989,0.2969,0.2986,131170.0
1769346000000,2026-01-25 15:00:00,0.2986,0.2993,0.2971,0.2991,128858.2
1769349600000,2026-01-25 16:00:00,0.2991,0.2991,0.2958,0.2982,194425.5
1769353200000,2026-01-25 17:00:00,0.2982,0.2995,0.2969,0.2977,75440.0
1769356800000,2026-01-25 18:00:00,0.2977,0.2977,0.2882,0.291,650030.2
1769360400000,2026-01-25 19:00:00,0.291,0.2912,0.2877,0.2895,113570.8
1769364000000,2026-01-25 20:00:00,0.2895,0.2899,0.2829,0.2854,608112.0
1769367600000,2026-01-25 21:00:00,0.2854,0.2862,0.2779,0.2795,488434.8
1769371200000,2026-01-25 22:00:00,0.2795,0.282,0.2786,0.2802,186494.0
1769374800000,2026-01-25 23:00:00,0.2802,0.2834,0.2802,0.2831,183868.0
1769378400000,2026-01-26 00:00:00,0.2831,0.2834,0.2804,0.2818,60402.2
1769382000000,2026-01-26 01:00:00,0.2818,0.2846,0.2803,0.2843,49059.1
1769385600000,2026-01-26 02:00:00,0.2843,0.2861,0.2826,0.286,143741.7
1769389200000,2026-01-26 03:00:00,0.286,0.2907,0.2857,0.2901,159008.3
1769392800000,2026-01-26 04:00:00,0.2901,0.2901,0.2875,0.2885,54297.5
1769396400000,2026-01-26 05:00:00,0.2885,0.2901,0.2867,0.2871,33467.1
1769400000000,2026-01-26 06:00:00,0.2871,0.2911,0.2871,0.29,33482.8
1769403600000,2026-01-26 07:00:00,0.29,0.2906,0.2894,0.2899,32133.7
1769407200000,2026-01-26 08:00:00,0.2899,0.2942,0.2889,0.2942,60889.8
1769410800000,2026-01-26 09:00:00,0.2942,0.2949,0.2924,0.2935,146224.7
1769414400000,2026-01-26 10:00:00,0.2935,0.2965,0.293,0.2942,127178.2
1769418000000,2026-01-26 11:00:00,0.2942,0.2945,0.2926,0.2934,77334.0
1769421600000,2026-01-26 12:00:00,0.2934,0.2952,0.2934,0.2947,49478.2
1769425200000,2026-01-26 13:00:00,0.2947,0.2956,0.2946,0.2954,15691.6
1769428800000,2026-01-26 14:00:00,0.2954,0.2965,0.2952,0.2964,39364.0
1769432400000,2026-01-26 15:00:00,0.2964,0.2985,0.2964,0.2976,97855.0
1769436000000,2026-01-26 16:00:00,0.2976,0.3008,0.2949,0.3002,153228.8
1769439600000,2026-01-26 17:00:00,0.3002,0.3058,0.2989,0.302,436743.6
1769443200000,2026-01-26 18:00:00,0.302,0.3025,0.2986,0.3004,136593.7
1769446800000,2026-01-26 19:00:00,0.3004,0.3013,0.2963,0.2982,159258.8
1769450400000,2026-01-26 20:00:00,0.2982,0.3013,0.2977,0.2999,109329.4
1769454000000,2026-01-26 21:00:00,0.2999,0.3014,0.2988,0.2996,59947.3
1769457600000,2026-01-26 22:00:00,0.2996,0.3001,0.2973,0.2976,26218.7
1769461200000,2026-01-26 23:00:00,0.2976,0.3023,0.2967,0.3,100230.1
1769464800000,2026-01-27 00:00:00,0.3,0.3008,0.298,0.2983,42130.3
1769468400000,2026-01-27 01:00:00,0.2983,0.2983,0.2967,0.2967,58017.7
1769472000000,2026-01-27 02:00:00,0.2967,0.2984,0.2958,0.2979,99215.3
1769475600000,2026-01-27 03:00:00,0.2979,0.2998,0.2969,0.2991,58465.3
1769479200000,2026-01-27 04:00:00,0.2991,0.2999,0.2972,0.2982,42721.2
1769482800000,2026-01-27 05:00:00,0.2982,0.2984,0.296,0.296,21128.0
1769486400000,2026-01-27 06:00:00,0.296,0.2979,0.2956,0.2965,42035.3
1769490000000,2026-01-27 07:00:00,0.2965,0.2965,0.295,0.2953,34424.4
1769493600000,2026-01-27 08:00:00,0.2953,0.2957,0.2946,0.2947,27310.8
1769497200000,2026-01-27 09:00:00,0.2947,0.2962,0.2947,0.2954,19345.3
1769500800000,2026-01-27 10:00:00,0.2954,0.2961,0.2945,0.2952,62131.4
1769504400000,2026-01-27 11:00:00,0.2952,0.2955,0.2936,0.2942,69595.8
1769508000000,2026-01-27 12:00:00,0.2942,0.2946,0.2936,0.2937,19794.7
1769511600000,2026-01-27 13:00:00,0.2937,0.2951,0.293,0.2947,46045.1
1769515200000,2026-01-27 14:00:00,0.2947,0.2948,0.2926,0.2929,15756.9
1769518800000,2026-01-27 15:00:00,0.2929,0.2933,0.2919,0.2929,21970.3
1769522400000,2026-01-27 16:00:00,0.2929,0.296,0.2925,0.2937,81706.4
1769526000000,2026-01-27 17:00:00,0.2937,0.2989,0.2936,0.2988,80087.2
1769529600000,2026-01-27 18:00:00,0.2988,0.3034,0.2976,0.3007,184025.2
1769533200000,2026-01-27 19:00:00,0.3007,0.3009,0.292,0.2928,111566.4
1769536800000,2026-01-27 20:00:00,0.2928,0.2988,0.2923,0.2976,49224.7
1769540400000,2026-01-27 21:00:00,0.2976,0.2998,0.2966,0.2996,27875.0
1769544000000,2026-01-27 22:00:00,0.2996,0.3032,0.2992,0.3019,60221.2
1769547600000,2026-01-27 23:00:00,0.3019,0.3024,0.2992,0.2996,54173.6
1769551200000,2026-01-28 00:00:00,0.2996,0.303,0.2996,0.3022,20091.0
1769554800000,2026-01-28 01:00:00,0.3022,0.3031,0.3019,0.3026,25638.4
1769558400000,2026-01-28 02:00:00,0.3026,0.3054,0.3012,0.305,94607.3
1769562000000,2026-01-28 03:00:00,0.305,0.305,0.3014,0.3027,26944.8
1769565600000,2026-01-28 04:00:00,0.3027,0.3047,0.3019,0.3044,13111.7
1769569200000,2026-01-28 05:00:00,0.3044,0.3049,0.3028,0.3033,23474.1
1769572800000,2026-01-28 06:00:00,0.3033,0.3034,0.2999,0.3011,27777.1
1769576400000,2026-01-28 07:00:00,0.3011,0.3025,0.3007,0.302,28977.2
1769580000000,2026-01-28 08:00:00,0.302,0.3032,0.3014,0.3031,30158.7
1769583600000,2026-01-28 09:00:00,0.3031,0.3031,0.3008,0.3013,13282.8
1769587200000,2026-01-28 10:00:00,0.3013,0.302,0.2999,0.3,39169.5
1769590800000,2026-01-28 11:00:00,0.3,0.3038,0.2998,0.3036,90871.2
1769594400000,2026-01-28 12:00:00,0.3036,0.3039,0.302,0.3023,36066.5
1769598000000,2026-01-28 13:00:00,0.3023,0.3044,0.3018,0.3044,32137.2
1769601600000,2026-01-28 14:00:00,0.3044,0.3044,0.2996,0.3,69695.7
1769605200000,2026-01-28 15:00:00,0.3,0.3013,0.2993,0.2995,59524.2
1769608800000,2026-01-28 16:00:00,0.2995,0.3,0.2968,0.2985,159282.7
1769612400000,2026-01-28 17:00:00,0.2985,0.2993,0.2957,0.2971,101739.4
1769616000000,2026-01-28 18:00:00,0.2971,0.2973,0.2947,0.2953,61146.8
1769619600000,2026-01-28 19:00:00,0.2953,0.2995,0.2941,0.2978,57632.6
1769623200000,2026-01-28 20:00:00,0.2978,0.2982,0.2956,0.2968,111914.2
1769626800000,2026-01-28 21:00:00,0.2968,0.2989,0.2956,0.2986,59691.3
1769630400000,2026-01-28 22:00:00,0.2986,0.301,0.2968,0.2978,39461.1
1769634000000,2026-01-28 23:00:00,0.2978,0.3006,0.2954,0.2994,112268.8
1769637600000,2026-01-29 00:00:00,0.2994,0.3032,0.2984,0.3031,32219.4
1769641200000,2026-01-29 01:00:00,0.3031,0.3043,0.2999,0.3007,38922.2
1769644800000,2026-01-29 02:00:00,0.3007,0.3018,0.2969,0.2983,58406.4
1769648400000,2026-01-29 03:00:00,0.2983,0.299,0.2955,0.2959,55607.8
1769652000000,2026-01-29 04:00:00,0.2959,0.2966,0.2895,0.291,235943.2
1769655600000,2026-01-29 05:00:00,0.291,0.2912,0.2868,0.288,352293.9
1769659200000,2026-01-29 06:00:00,0.288,0.2892,0.286,0.2888,97671.7
1769662800000,2026-01-29 07:00:00,0.2888,0.2893,0.2883,0.2887,40653.2
1769666400000,2026-01-29 08:00:00,0.2887,0.2906,0.2885,0.2906,53536.5
1769670000000,2026-01-29 09:00:00,0.2906,0.2913,0.2893,0.2893,21703.8
1769673600000,2026-01-29 10:00:00,0.2893,0.2902,0.2879,0.2885,29027.2
1769677200000,2026-01-29 11:00:00,0.2885,0.289,0.2874,0.2876,30829.9
1769680800000,2026-01-29 12:00:00,0.2876,0.2883,0.2868,0.2871,14297.8
1769684400000,2026-01-29 13:00:00,0.2871,0.2871,0.2847,0.2854,113767.2
1769688000000,2026-01-29 14:00:00,0.2854,0.2855,0.2821,0.2832,118006.5
1769691600000,2026-01-29 15:00:00,0.2832,0.2852,0.2832,0.285,29092.1
1769695200000,2026-01-29 16:00:00,0.285,0.2854,0.2778,0.2779,205655.6
1769698800000,2026-01-29 17:00:00,0.2779,0.2782,0.2687,0.2725,698953.3
1769702400000,2026-01-29 18:00:00,0.2725,0.2754,0.2688,0.2753,198092.1
1769706000000,2026-01-29 19:00:00,0.2753,0.2784,0.2718,0.2725,177537.0
1769709600000,2026-01-29 20:00:00,0.2725,0.2736,0.2674,0.2676,385280.4
1769713200000,2026-01-29 21:00:00,0.2676,0.2728,0.2672,0.2714,130447.2
1769716800000,2026-01-29 22:00:00,0.2714,0.2753,0.2706,0.2751,132918.8
1769720400000,2026-01-29 23:00:00,0.2751,0.2768,0.2745,0.2757,106162.3
1769724000000,2026-01-30 00:00:00,0.2757,0.2767,0.2747,0.2753,15453.9
1769727600000,2026-01-30 01:00:00,0.2753,0.2753,0.2736,0.2746,36752.1
1769731200000,2026-01-30 02:00:00,0.2746,0.2759,0.274,0.2752,32700.2
1769734800000,2026-01-30 03:00:00,0.2752,0.2766,0.264,0.2712,810024.3
1769738400000,2026-01-30 04:00:00,0.2712,0.2712,0.2653,0.2697,201175.8
1769742000000,2026-01-30 05:00:00,0.2697,0.2715,0.2693,0.2703,40075.4
1769745600000,2026-01-30 06:00:00,0.2703,0.2742,0.2702,0.2722,72870.5
1769749200000,2026-01-30 07:00:00,0.2722,0.273,0.2711,0.2718,39873.4
1769752800000,2026-01-30 08:00:00,0.2718,0.2718,0.2661,0.2676,107620.2
1769756400000,2026-01-30 09:00:00,0.2676,0.2723,0.2676,0.2708,63656.1
1769760000000,2026-01-30 10:00:00,0.2708,0.2712,0.2681,0.2691,82476.7
1769763600000,2026-01-30 11:00:00,0.2691,0.2702,0.2679,0.2688,40212.6
1769767200000,2026-01-30 12:00:00,0.2688,0.2701,0.2682,0.2695,39293.1
1769770800000,2026-01-30 13:00:00,0.2695,0.2739,0.2688,0.2722,58861.9
1769774400000,2026-01-30 14:00:00,0.2722,0.2727,0.2703,0.2708,28242.3
1769778000000,2026-01-30 15:00:00,0.2708,0.2711,0.2676,0.2685,136370.4
1769781600000,2026-01-30 16:00:00,0.2685,0.273,0.2685,0.2704,114205.7
1769785200000,2026-01-30 17:00:00,0.2704,0.2737,0.2685,0.2717,70200.5
1769788800000,2026-01-30 18:00:00,0.2717,0.274,0.2694,0.2714,80532.8
1769792400000,2026-01-30 19:00:00,0.2714,0.2734,0.2696,0.271,42981.9
1769796000000,2026-01-30 20:00:00,0.271,0.2752,0.2646,0.2744,386243.7
1769799600000,2026-01-30 21:00:00,0.2744,0.2764,0.2738,0.2744,109206.8
1769803200000,2026-01-30 22:00:00,0.2744,0.2744,0.2698,0.2708,144080.7
1769806800000,2026-01-30 23:00:00,0.2708,0.2731,0.2703,0.2724,75518.0
1769810400000,2026-01-31 00:00:00,0.2724,0.2726,0.2699,0.2724,29546.3
1769814000000,2026-01-31 01:00:00,0.2724,0.2724,0.2701,0.2721,21246.9
1769817600000,2026-01-31 02:00:00,0.2721,0.2727,0.2708,0.271,36310.9
1769821200000,2026-01-31 03:00:00,0.271,0.2722,0.2699,0.2706,20760.5
1769824800000,2026-01-31 04:00:00,0.2706,0.2716,0.2694,0.2706,16460.0
1769828400000,2026-01-31 05:00:00,0.2706,0.2709,0.2691,0.2692,16868.0
1769832000000,2026-01-31 06:00:00,0.2692,0.27,0.2679,0.2684,29123.6
1769835600000,2026-01-31 07:00:00,0.2684,0.2694,0.2681,0.2689,60862.7
1769839200000,2026-01-31 08:00:00,0.2689,0.2694,0.2658,0.2675,53197.4
1769842800000,2026-01-31 09:00:00,0.2675,0.2677,0.2641,0.2664,142089.2
1769846400000,2026-01-31 10:00:00,0.2664,0.267,0.2583,0.2615,488162.7
1769850000000,2026-01-31 11:00:00,0.2615,0.2633,0.2613,0.262,38795.6
1769853600000,2026-01-31 12:00:00,0.262,0.264,0.261,0.2626,24175.4
1769857200000,2026-01-31 13:00:00,0.2626,0.2629,0.2611,0.2615,39519.3
1769860800000,2026-01-31 14:00:00,0.2615,0.2621,0.2604,0.2607,49799.0
1769864400000,2026-01-31 15:00:00,0.2607,0.261,0.2575,0.2586,149192.7
1769868000000,2026-01-31 16:00:00,0.2586,0.2594,0.2392,0.2461,2585931.6
1769871600000,2026-01-31 17:00:00,0.2461,0.2501,0.2437,0.2442,295882.3
1769875200000,2026-01-31 18:00:00,0.2442,0.2485,0.2416,0.2421,374972.1
1769878800000,2026-01-31 19:00:00,0.2421,0.243,0.227,0.2328,2695446.1
1769882400000,2026-01-31 20:00:00,0.2328,0.2344,0.216,0.2291,2750691.2
1769886000000,2026-01-31 21:00:00,0.2291,0.2341,0.2289,0.2331,579653.4
1769889600000,2026-01-31 22:00:00,0.2331,0.2377,0.2312,0.2375,378155.4
1769893200000,2026-01-31 23:00:00,0.2375,0.243,0.2363,0.241,380717.9
1769896800000,2026-02-01 00:00:00,0.241,0.2415,0.2388,0.2396,86865.0
1769900400000,2026-02-01 01:00:00,0.2396,0.2455,0.2395,0.2438,178110.0
1769904000000,2026-02-01 02:00:00,0.2438,0.2457,0.2436,0.2451,102894.2
1769907600000,2026-02-01 03:00:00,0.2451,0.2452,0.2421,0.2446,60334.4
1769911200000,2026-02-01 04:00:00,0.2446,0.2462,0.2442,0.2455,38576.4
1769914800000,2026-02-01 05:00:00,0.2455,0.246,0.2446,0.2454,30844.0
1769918400000,2026-02-01 06:00:00,0.2454,0.2461,0.2445,0.2452,78764.3
1769922000000,2026-02-01 07:00:00,0.2452,0.2463,0.2438,0.244,32064.9
1769925600000,2026-02-01 08:00:00,0.244,0.2466,0.2439,0.2446,53055.8
1769929200000,2026-02-01 09:00:00,0.2446,0.2464,0.2436,0.2453,48466.1
1769932800000,2026-02-01 10:00:00,0.2453,0.2465,0.2441,0.2451,45862.6
1769936400000,2026-02-01 11:00:00,0.2451,0.2458,0.2435,0.2454,40052.8
1769940000000,2026-02-01 12:00:00,0.2454,0.2461,0.2412,0.2413,117357.6
1769943600000,2026-02-01 13:00:00,0.2413,0.2439,0.2412,0.2427,50510.2
1769947200000,2026-02-01 14:00:00,0.2427,0.2429,0.2407,0.2411,65482.5
1769950800000,2026-02-01 15:00:00,0.2411,0.243,0.2401,0.2409,47093.2
1769954400000,2026-02-01 16:00:00,0.2409,0.2409,0.2353,0.2383,255509.5
1769958000000,2026-02-01 17:00:00,0.2383,0.2383,0.2309,0.2334,301501.5
1769961600000,2026-02-01 18:00:00,0.2334,0.2361,0.2317,0.2337,177433.3
1769965200000,2026-02-01 19:00:00,0.2337,0.2348,0.2326,0.2345,141450.6
1769968800000,2026-02-01 20:00:00,0.2345,0.2401,0.2345,0.238,154636.8
1769972400000,2026-02-01 21:00:00,0.238,0.2384,0.2346,0.2355,106415.6
1769976000000,2026-02-01 22:00:00,0.2355,0.2381,0.2333,0.236,113255.2
1769979600000,2026-02-01 23:00:00,0.236,0.2362,0.2338,0.2345,66219.2
1769983200000,2026-02-02 00:00:00,0.2345,0.2382,0.2344,0.2364,82774.1
1769986800000,2026-02-02 01:00:00,0.2364,0.238,0.2286,0.2343,435553.4
1769990400000,2026-02-02 02:00:00,0.2343,0.2414,0.2329,0.2395,148856.7
1769994000000,2026-02-02 03:00:00,0.2395,0.2428,0.2366,0.2406,79927.6
1769997600000,2026-02-02 04:00:00,0.2406,0.241,0.2381,0.2381,43816.9
1770001200000,2026-02-02 05:00:00,0.2381,0.2382,0.2277,0.2365,402230.0
1770004800000,2026-02-02 06:00:00,0.2365,0.2392,0.2325,0.2347,137198.4
1770008400000,2026-02-02 07:00:00,0.2347,0.235,0.228,0.2304,212216.6
1770012000000,2026-02-02 08:00:00,0.2304,0.2373,0.227,0.2348,433036.6
1770015600000,2026-02-02 09:00:00,0.2348,0.2366,0.234,0.2343,116038.6
1770019200000,2026-02-02 10:00:00,0.2343,0.2369,0.2342,0.2357,51251.8
1770022800000,2026-02-02 11:00:00,0.2357,0.239,0.2344,0.2377,151214.8
1770026400000,2026-02-02 12:00:00,0.2377,0.2386,0.237,0.2383,37561.0
1770030000000,2026-02-02 13:00:00,0.2383,0.24,0.2376,0.2377,65445.3
1770033600000,2026-02-02 14:00:00,0.2377,0.2391,0.2373,0.2387,96101.6
1770037200000,2026-02-02 15:00:00,0.2387,0.2409,0.238,0.2402,25107.8
1770040800000,2026-02-02 16:00:00,0.2402,0.2436,0.2385,0.2418,138268.8
1770044400000,2026-02-02 17:00:00,0.2418,0.247,0.2412,0.2454,121571.1
1770048000000,2026-02-02 18:00:00,0.2454,0.2466,0.2441,0.2445,63467.0
1770051600000,2026-02-02 19:00:00,0.2445,0.2459,0.2429,0.2439,42447.2
1770055200000,2026-02-02 20:00:00,0.2439,0.2447,0.2428,0.2444,35041.4
1770058800000,2026-02-02 21:00:00,0.2444,0.2444,0.2418,0.2418,18482.7
1770062400000,2026-02-02 22:00:00,0.2418,0.2426,0.2403,0.2407,24651.4
1770066000000,2026-02-02 23:00:00,0.2407,0.242,0.2406,0.2419,111759.2
1770069600000,2026-02-03 00:00:00,0.2419,0.2427,0.2417,0.2424,32373.4
1770073200000,2026-02-03 01:00:00,0.2424,0.2425,0.2413,0.2417,25774.1
1770076800000,2026-02-03 02:00:00,0.2417,0.2422,0.2398,0.241,28668.7
1770080400000,2026-02-03 03:00:00,0.241,0.241,0.2387,0.2402,28518.6
1770084000000,2026-02-03 04:00:00,0.2402,0.2402,0.2357,0.2359,104523.4
1770087600000,2026-02-03 05:00:00,0.2359,0.2404,0.2348,0.2401,126682.4
1770091200000,2026-02-03 06:00:00,0.2401,0.2424,0.2392,0.2415,29129.6
1770094800000,2026-02-03 07:00:00,0.2415,0.2415,0.2396,0.2396,17105.0
1770098400000,2026-02-03 08:00:00,0.2396,0.2406,0.2378,0.2404,62416.3
1770102000000,2026-02-03 09:00:00,0.2404,0.2416,0.2394,0.241,24764.9
1770105600000,2026-02-03 10:00:00,0.241,0.2423,0.24,0.2405,18291.7
1770109200000,2026-02-03 11:00:00,0.2405,0.2413,0.2368,0.2391,147117.0
1770112800000,2026-02-03 12:00:00,0.2391,0.2402,0.2383,0.2388,49184.7
1770116400000,2026-02-03 13:00:00,0.2388,0.2395,0.2381,0.2387,76633.8
1770120000000,2026-02-03 14:00:00,0.2387,0.2413,0.2381,0.2409,35154.2
1770123600000,2026-02-03 15:00:00,0.2409,0.241,0.2392,0.2403,90699.0
1770127200000,2026-02-03 16:00:00,0.2403,0.241,0.2356,0.2356,134783.8
1770130800000,2026-02-03 17:00:00,0.2356,0.2412,0.234,0.241,450632.1
1770134400000,2026-02-03 18:00:00,0.241,0.241,0.2342,0.2346,210281.7
1770138000000,2026-02-03 19:00:00,0.2346,0.2355,0.2301,0.2303,235404.7
1770141600000,2026-02-03 20:00:00,0.2303,0.2314,0.2244,0.2254,569483.7
1770145200000,2026-02-03 21:00:00,0.2254,0.2375,0.2249,0.2355,327348.2
1770148800000,2026-02-03 22:00:00,0.2355,0.246,0.2329,0.2439,823172.9
1770152400000,2026-02-03 23:00:00,0.2439,0.2456,0.2395,0.2397,131309.3
1770156000000,2026-02-04 00:00:00,0.2397,0.2399,0.2357,0.2364,130718.6
1770159600000,2026-02-04 01:00:00,0.2364,0.2369,0.2337,0.235,107554.2
1770163200000,2026-02-04 02:00:00,0.235,0.2377,0.2341,0.2366,51863.5
1770166800000,2026-02-04 03:00:00,0.2366,0.2406,0.2366,0.239,52805.2
1770170400000,2026-02-04 04:00:00,0.239,0.2395,0.2369,0.238,56605.1
1770174000000,2026-02-04 05:00:00,0.238,0.2417,0.2379,0.2407,52321.8
1770177600000,2026-02-04 06:00:00,0.2407,0.2409,0.2397,0.2398,47277.9
1770181200000,2026-02-04 07:00:00,0.2398,0.2399,0.2374,0.2383,34658.7
1770184800000,2026-02-04 08:00:00,0.2383,0.2405,0.238,0.2399,28275.8
1770188400000,2026-02-04 09:00:00,0.2399,0.2406,0.2383,0.2399,52809.4
1770192000000,2026-02-04 10:00:00,0.2399,0.24,0.2381,0.2392,41552.3
1770195600000,2026-02-04 11:00:00,0.2392,0.2392,0.2369,0.2372,43209.5
1770199200000,2026-02-04 12:00:00,0.2372,0.2379,0.237,0.2377,18542.0
1770202800000,2026-02-04 13:00:00,0.2377,0.2377,0.2338,0.2358,85530.9
1770206400000,2026-02-04 14:00:00,0.2358,0.2363,0.2339,0.2344,24206.3
1770210000000,2026-02-04 15:00:00,0.2344,0.2345,0.2307,0.2308,170188.3
1770213600000,2026-02-04 16:00:00,0.2308,0.233,0.2282,0.2284,174968.4
1770217200000,2026-02-04 17:00:00,0.2284,0.2316,0.2254,0.2278,267023.1
1770220800000,2026-02-04 18:00:00,0.2278,0.2302,0.2254,0.2278,427484.0
1770224400000,2026-02-04 19:00:00,0.2278,0.2296,0.2251,0.2285,205064.4
1770228000000,2026-02-04 20:00:00,0.2285,0.2338,0.2249,0.2308,347091.4
1770231600000,2026-02-04 21:00:00,0.2308,0.2367,0.23,0.2363,272917.8
1770235200000,2026-02-04 22:00:00,0.2363,0.2367,0.2332,0.2341,50593.8
1770238800000,2026-02-04 23:00:00,0.2341,0.2346,0.2299,0.2316,156134.3
1770242400000,2026-02-05 00:00:00,0.2316,0.2353,0.2277,0.2299,139387.8
1770246000000,2026-02-05 01:00:00,0.2299,0.2341,0.2293,0.2324,130903.4
1770249600000,2026-02-05 02:00:00,0.2324,0.2335,0.2316,0.232,34188.1
1770253200000,2026-02-05 03:00:00,0.232,0.2351,0.2302,0.2317,184546.9
1770256800000,2026-02-05 04:00:00,0.2317,0.2341,0.2297,0.23,123434.1
1770260400000,2026-02-05 05:00:00,0.23,0.2317,0.2284,0.229,60064.1
1770264000000,2026-02-05 06:00:00,0.229,0.2307,0.2279,0.2287,94339.1
1770267600000,2026-02-05 07:00:00,0.2287,0.2308,0.2259,0.2284,89899.9
1770271200000,2026-02-05 08:00:00,0.2284,0.2285,0.225,0.2257,74610.5
1770274800000,2026-02-05 09:00:00,0.2257,0.229,0.2255,0.226,90800.1
1770278400000,2026-02-05 10:00:00,0.226,0.2286,0.226,0.2275,78017.6
1770282000000,2026-02-05 11:00:00,0.2275,0.2298,0.227,0.2274,88443.1
1770285600000,2026-02-05 12:00:00,0.2274,0.2275,0.2215,0.2224,194002.9
1770289200000,2026-02-05 13:00:00,0.2224,0.2234,0.2176,0.2199,366796.9
1770292800000,2026-02-05 14:00:00,0.2199,0.2211,0.2173,0.2191,189400.8
1770296400000,2026-02-05 15:00:00,0.2191,0.2208,0.2171,0.2182,119557.5
1770300000000,2026-02-05 16:00:00,0.2182,0.2238,0.2182,0.2187,182759.9
1770303600000,2026-02-05 17:00:00,0.2187,0.2195,0.2025,0.2077,1760190.0
1770307200000,2026-02-05 18:00:00,0.2077,0.2109,0.2046,0.207,581620.3
1770310800000,2026-02-05 19:00:00,0.207,0.2084,0.1996,0.2002,854645.0
1770314400000,2026-02-05 20:00:00,0.2002,0.2027,0.1984,0.2027,331116.9
1770318000000,2026-02-05 21:00:00,0.2027,0.2027,0.1974,0.1984,190175.7
1770321600000,2026-02-05 22:00:00,0.1984,0.1999,0.1873,0.1917,1242172.1
1770325200000,2026-02-05 23:00:00,0.1917,0.1965,0.188,0.1892,670968.1
1770328800000,2026-02-06 00:00:00,0.1892,0.1937,0.1866,0.1906,378453.4
1770332400000,2026-02-06 01:00:00,0.1906,0.1959,0.1903,0.1909,375631.5
1770336000000,2026-02-06 02:00:00,0.1909,0.1926,0.1691,0.1898,7902234.1
1770339600000,2026-02-06 03:00:00,0.1898,0.1975,0.1891,0.1975,481257.2
1770343200000,2026-02-06 04:00:00,0.1975,0.199,0.1911,0.1917,335965.0
1770346800000,2026-02-06 05:00:00,0.1917,0.1934,0.19,0.192,121733.5
1770350400000,2026-02-06 06:00:00,0.192,0.1939,0.1905,0.1933,145920.8
1770354000000,2026-02-06 07:00:00,0.1933,0.1996,0.193,0.1991,184946.8
1770357600000,2026-02-06 08:00:00,0.1991,0.1998,0.1946,0.1946,179030.3
1770361200000,2026-02-06 09:00:00,0.1946,0.1958,0.1925,0.1946,158276.8
1770364800000,2026-02-06 10:00:00,0.1946,0.1961,0.1921,0.1936,202862.6
1770368400000,2026-02-06 11:00:00,0.1936,0.2008,0.1936,0.1997,181990.5
1770372000000,2026-02-06 12:00:00,0.1997,0.2024,0.199,0.2024,159284.8
1770375600000,2026-02-06 13:00:00,0.2024,0.2028,0.2012,0.2016,92350.0
1770379200000,2026-02-06 14:00:00,0.2016,0.2024,0.2004,0.2024,64519.5
1770382800000,2026-02-06 15:00:00,0.2024,0.2063,0.2024,0.2049,186230.9
1770386400000,2026-02-06 16:00:00,0.2049,0.2103,0.2031,0.2096,205993.7
1770390000000,2026-02-06 17:00:00,0.2096,0.2103,0.2068,0.2101,106307.3
1770393600000,2026-02-06 18:00:00,0.2101,0.2166,0.2094,0.2151,216488.2
1770397200000,2026-02-06 19:00:00,0.2151,0.2201,0.2141,0.217,184238.4
1770400800000,2026-02-06 20:00:00,0.217,0.217,0.2113,0.2116,185376.8
1770404400000,2026-02-06 21:00:00,0.2116,0.2138,0.2103,0.2135,83215.1
1770408000000,2026-02-06 22:00:00,0.2135,0.2144,0.2105,0.2115,98900.0
1770411600000,2026-02-06 23:00:00,0.2115,0.2128,0.2101,0.2123,61598.4
1770415200000,2026-02-07 00:00:00,0.2123,0.2154,0.212,0.2147,158341.8
1770418800000,2026-02-07 01:00:00,0.2147,0.2159,0.2126,0.2144,71939.8
1770422400000,2026-02-07 02:00:00,0.2144,0.2148,0.2121,0.2132,92199.5
1770426000000,2026-02-07 03:00:00,0.2132,0.2132,0.2114,0.213,176393.3
1770429600000,2026-02-07 04:00:00,0.213,0.214,0.2124,0.2131,56219.0
1770433200000,2026-02-07 05:00:00,0.2131,0.2153,0.2129,0.2135,90460.5
1770436800000,2026-02-07 06:00:00,0.2135,0.2149,0.2112,0.2117,113329.6
1770440400000,2026-02-07 07:00:00,0.2117,0.2129,0.211,0.2111,64103.6
1770444000000,2026-02-07 08:00:00,0.2111,0.2122,0.2082,0.2082,223342.0
1770447600000,2026-02-07 09:00:00,0.2082,0.2087,0.2037,0.2051,255413.0
1770451200000,2026-02-07 10:00:00,0.2051,0.2065,0.2043,0.2061,84212.2
1770454800000,2026-02-07 11:00:00,0.2061,0.207,0.2045,0.2046,77534.3
1770458400000,2026-02-07 12:00:00,0.2046,0.205,0.2026,0.2038,118780.6
1770462000000,2026-02-07 13:00:00,0.2038,0.2041,0.203,0.2039,31533.6
1770465600000,2026-02-07 14:00:00,0.2039,0.2112,0.2036,0.2095,261356.9
1770469200000,2026-02-07 15:00:00,0.2095,0.2099,0.2068,0.208,49993.5
1770472800000,2026-02-07 16:00:00,0.208,0.2086,0.2055,0.2057,86786.0
1770476400000,2026-02-07 17:00:00,0.2057,0.2117,0.2054,0.2109,350971.0
1770480000000,2026-02-07 18:00:00,0.2109,0.2167,0.2099,0.2116,2770598.1
1770483600000,2026-02-07 19:00:00,0.2116,0.2129,0.2104,0.2118,32659.8
1770487200000,2026-02-07 20:00:00,0.2118,0.2156,0.2117,0.2142,52112.4
1770490800000,2026-02-07 21:00:00,0.2142,0.2142,0.2125,0.2125,30897.8
1770494400000,2026-02-07 22:00:00,0.2125,0.2148,0.2122,0.2141,58002.3
1770498000000,2026-02-07 23:00:00,0.2141,0.2146,0.2125,0.2128,51696.8
1770501600000,2026-02-08 00:00:00,0.2128,0.2137,0.2124,0.213,28484.5
1770505200000,2026-02-08 01:00:00,0.213,0.2134,0.2113,0.2133,26428.2
1770508800000,2026-02-08 02:00:00,0.2133,0.2135,0.2112,0.2114,31672.9
1770512400000,2026-02-08 03:00:00,0.2114,0.2128,0.2114,0.2117,22919.0
1770516000000,2026-02-08 04:00:00,0.2117,0.2124,0.2101,0.2105,36925.9
1770519600000,2026-02-08 05:00:00,0.2105,0.2109,0.2089,0.2089,27377.0
1770523200000,2026-02-08 06:00:00,0.2089,0.21,0.2087,0.2097,34685.4
1770526800000,2026-02-08 07:00:00,0.2097,0.2097,0.2084,0.2086,10415.9
1770530400000,2026-02-08 08:00:00,0.2086,0.2093,0.2082,0.2084,29502.0
1770534000000,2026-02-08 09:00:00,0.2084,0.2087,0.2073,0.2084,35433.8
1770537600000,2026-02-08 10:00:00,0.2084,0.2118,0.2079,0.2115,81876.8
1770541200000,2026-02-08 11:00:00,0.2115,0.2126,0.2097,0.2103,55742.9
1770544800000,2026-02-08 12:00:00,0.2103,0.2108,0.2078,0.2086,41015.0
1770548400000,2026-02-08 13:00:00,0.2086,0.2122,0.2085,0.212,60042.5
1770552000000,2026-02-08 14:00:00,0.212,0.212,0.2095,0.211,36740.2
1770555600000,2026-02-08 15:00:00,0.211,0.2112,0.2093,0.21,73234.9
1770559200000,2026-02-08 16:00:00,0.21,0.2107,0.2095,0.2102,19218.4
1770562800000,2026-02-08 17:00:00,0.2102,0.2107,0.2069,0.2073,104821.4
1770566400000,2026-02-08 18:00:00,0.2073,0.2081,0.2021,0.2028,125379.0
1770570000000,2026-02-08 19:00:00,0.2028,0.2051,0.2027,0.205,45526.8
1770573600000,2026-02-08 20:00:00,0.205,0.2079,0.205,0.207,38461.4
1770577200000,2026-02-08 21:00:00,0.207,0.2075,0.2066,0.207,24578.8
1770580800000,2026-02-08 22:00:00,0.207,0.2071,0.2035,0.2039,79945.1
1770584400000,2026-02-08 23:00:00,0.2039,0.2049,0.2023,0.2033,34532.0
1770588000000,2026-02-09 00:00:00,0.2033,0.2044,0.2023,0.2036,73667.5
1770591600000,2026-02-09 01:00:00,0.2036,0.2071,0.2009,0.2026,125074.9
1770595200000,2026-02-09 02:00:00,0.2026,0.2034,0.2013,0.2027,48711.4
1770598800000,2026-02-09 03:00:00,0.2027,0.2047,0.2014,0.203,196552.6
1770602400000,2026-02-09 04:00:00,0.203,0.2057,0.2025,0.20448,64703.2
1770606000000,2026-02-09 05:00:00,0.20448,0.20771,0.20448,0.20713,51582.4
1770609600000,2026-02-09 06:00:00,0.20713,0.2074,0.20589,0.20638,12971.9
1770613200000,2026-02-09 07:00:00,0.20638,0.20717,0.20576,0.20705,23466.7
1770616800000,2026-02-09 08:00:00,0.20705,0.20705,0.20409,0.20564,97266.8
1770620400000,2026-02-09 09:00:00,0.20564,0.2064,0.20453,0.20453,28258.9
1770624000000,2026-02-09 10:00:00,0.20453,0.20529,0.20102,0.202,82693.2
1770627600000,2026-02-09 11:00:00,0.202,0.20233,0.2006,0.2011,97472.0
1770631200000,2026-02-09 12:00:00,0.2011,0.2016,0.19748,0.19824,105719.5
1770634800000,2026-02-09 13:00:00,0.19824,0.19967,0.19824,0.19905,69744.4
1770638400000,2026-02-09 14:00:00,0.19905,0.20089,0.19892,0.20022,16921.8
1770642000000,2026-02-09 15:00:00,0.20022,0.20084,0.1983,0.1983,20457.1
1770645600000,2026-02-09 16:00:00,0.1983,0.20183,0.1971,0.201,94010.0
1770649200000,2026-02-09 17:00:00,0.201,0.20363,0.19971,0.2034,830444.6
1770652800000,2026-02-09 18:00:00,0.2034,0.20654,0.20154,0.2049,172977.3
1770656400000,2026-02-09 19:00:00,0.2049,0.2086,0.2038,0.20704,107727.0
1770660000000,2026-02-09 20:00:00,0.20704,0.20735,0.20406,0.2048,58574.0
1770663600000,2026-02-09 21:00:00,0.2048,0.20619,0.20449,0.20592,45041.2
1770667200000,2026-02-09 22:00:00,0.20592,0.20649,0.20388,0.20481,45865.7
1770670800000,2026-02-09 23:00:00,0.20481,0.20559,0.2024,0.2048,119176.4
1770674400000,2026-02-10 00:00:00,0.2048,0.20604,0.20453,0.20475,44752.7
1770678000000,2026-02-10 01:00:00,0.20475,0.20557,0.2039,0.20439,27098.9
1770681600000,2026-02-10 02:00:00,0.20439,0.2047,0.20346,0.20378,21428.4
1770685200000,2026-02-10 03:00:00,0.20378,0.2056,0.20357,0.20482,29309.9
1770688800000,2026-02-10 04:00:00,0.20482,0.20503,0.20343,0.20378,19611.1
1770692400000,2026-02-10 05:00:00,0.20378,0.204,0.19944,0.20111,132814.3
1770696000000,2026-02-10 06:00:00,0.20111,0.2028,0.20094,0.20279,33932.5
1770699600000,2026-02-10 07:00:00,0.20279,0.20279,0.19958,0.19992,80761.7
1770703200000,2026-02-10 08:00:00,0.19992,0.20055,0.19625,0.1973,186530.9
1770706800000,2026-02-10 09:00:00,0.1973,0.19885,0.19729,0.19834,49335.3
1770710400000,2026-02-10 10:00:00,0.19834,0.19943,0.19768,0.19891,50132.4
1770714000000,2026-02-10 11:00:00,0.19891,0.20021,0.19868,0.19918,76613.3
1770717600000,2026-02-10 12:00:00,0.19918,0.19981,0.19803,0.19841,49051.7
1770721200000,2026-02-10 13:00:00,0.19841,0.19912,0.19754,0.1978,56986.4
1770724800000,2026-02-10 14:00:00,0.1978,0.1988,0.19731,0.19775,54363.0
1770728400000,2026-02-10 15:00:00,0.19775,0.19911,0.19744,0.19877,94222.5
1770732000000,2026-02-10 16:00:00,0.19877,0.20019,0.19647,0.19845,186298.3
1770735600000,2026-02-10 17:00:00,0.19845,0.20118,0.19723,0.20013,75943.8
1770739200000,2026-02-10 18:00:00,0.20013,0.20103,0.19863,0.1992,52790.2
1770742800000,2026-02-10 19:00:00,0.1992,0.20057,0.19855,0.19961,23350.9
1770746400000,2026-02-10 20:00:00,0.19961,0.20008,0.19557,0.19676,62174.3
1770750000000,2026-02-10 21:00:00,0.19676,0.1984,0.1962,0.1978,18764.1
1770753600000,2026-02-10 22:00:00,0.1978,0.19876,0.1973,0.19806,15598.2
1770757200000,2026-02-10 23:00:00,0.19806,0.19844,0.19667,0.1976,27079.1
1770760800000,2026-02-11 00:00:00,0.1976,0.19904,0.1976,0.1982,15247.6
1770764400000,2026-02-11 01:00:00,0.1982,0.19906,0.19782,0.19884,15253.8
1770768000000,2026-02-11 02:00:00,0.19884,0.1997,0.19866,0.1997,13646.5
1770771600000,2026-02-11 03:00:00,0.1997,0.2,0.19897,0.19997,19033.2
1770775200000,2026-02-11 04:00:00,0.19997,0.20081,0.19919,0.19919,28787.2
1770778800000,2026-02-11 05:00:00,0.19919,0.19999,0.19681,0.19897,71685.1
1770782400000,2026-02-11 06:00:00,0.19897,0.19917,0.19564,0.1962,119322.3
1770786000000,2026-02-11 07:00:00,0.1962,0.19711,0.19497,0.1952,32708.0
1770789600000,2026-02-11 08:00:00,0.1952,0.19542,0.192,0.1925,138767.0
1770793200000,2026-02-11 09:00:00,0.1925,0.1935,0.19184,0.19268,37228.9
1770796800000,2026-02-11 10:00:00,0.19268,0.1929,0.1918,0.19264,60642.0
1770800400000,2026-02-11 11:00:00,0.19264,0.19343,0.1922,0.19261,50435.9
1770804000000,2026-02-11 12:00:00,0.19261,0.19291,0.1912,0.19159,60942.9
1770807600000,2026-02-11 13:00:00,0.19159,0.19342,0.19159,0.19291,48953.2
1770811200000,2026-02-11 14:00:00,0.19291,0.1947,0.19259,0.19416,46603.9
1770814800000,2026-02-11 15:00:00,0.19416,0.19711,0.19323,0.19711,229223.1
1770818400000,2026-02-11 16:00:00,0.19711,0.21769,0.19692,0.20028,6044654.8
1770822000000,2026-02-11 17:00:00,0.20028,0.20035,0.19269,0.1961,1000792.9
1770825600000,2026-02-11 18:00:00,0.1961,0.19833,0.19398,0.19451,412924.4
1770829200000,2026-02-11 19:00:00,0.19451,0.19842,0.19279,0.19707,337003.1
1770832800000,2026-02-11 20:00:00,0.19707,0.20028,0.19572,0.19821,654022.2
1770836400000,2026-02-11 21:00:00,0.19821,0.19891,0.19681,0.19792,294150.8
1770840000000,2026-02-11 22:00:00,0.19792,0.19981,0.19643,0.19925,110415.4
1770843600000,2026-02-11 23:00:00,0.19925,0.20221,0.19918,0.20135,192311.4
1770847200000,2026-02-12 00:00:00,0.20135,0.20228,0.19883,0.19905,160569.5
1770850800000,2026-02-12 01:00:00,0.19905,0.19967,0.19662,0.19707,357054.1
1770854400000,2026-02-12 02:00:00,0.19707,0.19853,0.19632,0.19763,215070.2
1770858000000,2026-02-12 03:00:00,0.19763,0.19989,0.19753,0.19854,73039.1
1770861600000,2026-02-12 04:00:00,0.19854,0.19979,0.19739,0.1989,77635.6
1770865200000,2026-02-12 05:00:00,0.1989,0.2013,0.1989,0.20049,152180.5
1770868800000,2026-02-12 06:00:00,0.20049,0.20091,0.19943,0.19987,74719.0
1770872400000,2026-02-12 07:00:00,0.19987,0.20052,0.19811,0.19994,110738.3
1770876000000,2026-02-12 08:00:00,0.19994,0.20281,0.19991,0.2021,80620.2
1770879600000,2026-02-12 09:00:00,0.2021,0.2037,0.20118,0.20368,74318.0
1770883200000,2026-02-12 10:00:00,0.20368,0.2042,0.20116,0.20218,121015.6
1770886800000,2026-02-12 11:00:00,0.20218,0.20352,0.20162,0.20283,91924.9
1770890400000,2026-02-12 12:00:00,0.20283,0.2047,0.2026,0.2047,69707.0
1770894000000,2026-02-12 13:00:00,0.2047,0.2049,0.20283,0.2033,81918.1
1770897600000,2026-02-12 14:00:00,0.2033,0.2033,0.20057,0.2013,86834.8
1770901200000,2026-02-12 15:00:00,0.2013,0.20203,0.1995,0.20203,118182.0
1770904800000,2026-02-12 16:00:00,0.20203,0.20203,0.19915,0.20034,164178.4
1770908400000,2026-02-12 17:00:00,0.20034,0.2019,0.19767,0.19795,147785.4
1770912000000,2026-02-12 18:00:00,0.19795,0.19884,0.19317,0.19504,339972.9
1770915600000,2026-02-12 19:00:00,0.19504,0.19741,0.1944,0.19536,99711.1
1770919200000,2026-02-12 20:00:00,0.19536,0.19756,0.19508,0.19691,148545.2
1770922800000,2026-02-12 21:00:00,0.19691,0.20126,0.19627,0.19842,72490.6
1770926400000,2026-02-12 22:00:00,0.19842,0.19903,0.19521,0.19589,74405.2
1770930000000,2026-02-12 23:00:00,0.19589,0.1973,0.19586,0.19722,52754.3
1770933600000,2026-02-13 00:00:00,0.19722,0.1995,0.19666,0.1995,58170.0
1770937200000,2026-02-13 01:00:00,0.1995,0.20164,0.19947,0.20156,112835.2
1770940800000,2026-02-13 02:00:00,0.20156,0.20212,0.19878,0.19957,171990.3
1770944400000,2026-02-13 03:00:00,0.19957,0.20079,0.19922,0.1998,33425.7
1770948000000,2026-02-13 04:00:00,0.1998,0.2003,0.19933,0.2001,52137.3
1770951600000,2026-02-13 05:00:00,0.2001,0.20087,0.19908,0.19947,37181.7
1770955200000,2026-02-13 06:00:00,0.19947,0.19989,0.1989,0.19917,60583.5
1770958800000,2026-02-13 07:00:00,0.19917,0.2,0.19823,0.19836,96426.2
1770962400000,2026-02-13 08:00:00,0.19836,0.20021,0.19752,0.20019,55569.6
1770966000000,2026-02-13 09:00:00,0.20019,0.20159,0.19994,0.20018,72334.2
1770969600000,2026-02-13 10:00:00,0.20018,0.20239,0.1999,0.20155,113293.6
1770973200000,2026-02-13 11:00:00,0.20155,0.20196,0.20089,0.20142,44175.5
1770976800000,2026-02-13 12:00:00,0.20142,0.20257,0.20142,0.2023,68009.0
1770980400000,2026-02-13 13:00:00,0.2023,0.2023,0.20115,0.20191,103985.3
1770984000000,2026-02-13 14:00:00,0.20191,0.20191,0.20036,0.201,21775.1
1770987600000,2026-02-13 15:00:00,0.201,0.20366,0.20059,0.20229,173969.3
1770991200000,2026-02-13 16:00:00,0.20229,0.20512,0.20121,0.20341,280736.7
1770994800000,2026-02-13 17:00:00,0.20341,0.2099,0.20341,0.20631,272782.2
1770998400000,2026-02-13 18:00:00,0.20631,0.21049,0.20618,0.20974,179803.6
1771002000000,2026-02-13 19:00:00,0.20974,0.21018,0.20835,0.20944,75106.4
1771005600000,2026-02-13 20:00:00,0.20944,0.20944,0.20796,0.20858,85086.3
1771009200000,2026-02-13 21:00:00,0.20858,0.20943,0.20798,0.20843,28278.1
1771012800000,2026-02-13 22:00:00,0.20843,0.20971,0.20814,0.2093,18518.4
1771016400000,2026-02-13 23:00:00,0.2093,0.21159,0.2093,0.21072,59396.1
1771020000000,2026-02-14 00:00:00,0.21072,0.2119,0.2095,0.2095,48408.1
1771023600000,2026-02-14 01:00:00,0.2095,0.21031,0.20947,0.20973,38106.3
1771027200000,2026-02-14 02:00:00,0.20973,0.21212,0.20936,0.21153,28443.3
1771030800000,2026-02-14 03:00:00,0.21153,0.21172,0.21042,0.21156,51037.0
1771034400000,2026-02-14 04:00:00,0.21156,0.21237,0.21108,0.21126,29304.7
1771038000000,2026-02-14 05:00:00,0.21126,0.21232,0.21101,0.21142,22718.1
1771041600000,2026-02-14 06:00:00,0.21142,0.21163,0.21038,0.21051,16621.9
1771045200000,2026-02-14 07:00:00,0.21051,0.21051,0.20798,0.20803,81855.5
1771048800000,2026-02-14 08:00:00,0.20803,0.20927,0.20796,0.20909,88478.9
1771052400000,2026-02-14 09:00:00,0.20909,0.21,0.20891,0.20952,27152.9
1771056000000,2026-02-14 10:00:00,0.20952,0.21286,0.20952,0.21272,105696.7
1771059600000,2026-02-14 11:00:00,0.21272,0.21386,0.21258,0.21365,267382.6
1771063200000,2026-02-14 12:00:00,0.21365,0.21365,0.21232,0.21291,26179.2
1771066800000,2026-02-14 13:00:00,0.21291,0.2155,0.21286,0.21495,87065.1
1771070400000,2026-02-14 14:00:00,0.21495,0.21669,0.21328,0.21352,178243.4
1771074000000,2026-02-14 15:00:00,0.21352,0.21355,0.21179,0.21306,59140.1
1771077600000,2026-02-14 16:00:00,0.21306,0.21659,0.21285,0.2163,41003.8
1771081200000,2026-02-14 17:00:00,0.2163,0.21754,0.21552,0.21754,87241.8
1771084800000,2026-02-14 18:00:00,0.21754,0.21872,0.21575,0.21864,135429.5
1771088400000,2026-02-14 19:00:00,0.21864,0.22075,0.21829,0.21857,155850.3
1771092000000,2026-02-14 20:00:00,0.21857,0.22016,0.21835,0.21917,106259.0
1771095600000,2026-02-14 21:00:00,0.21917,0.22095,0.21811,0.22054,109071.4
1771099200000,2026-02-14 22:00:00,0.22054,0.22099,0.21808,0.21909,78860.8
1771102800000,2026-02-14 23:00:00,0.21909,0.22099,0.2178,0.21954,88127.0
1771106400000,2026-02-15 00:00:00,0.21954,0.2226,0.2193,0.22132,72284.0
1771110000000,2026-02-15 01:00:00,0.22132,0.22152,0.21872,0.21909,55917.2
1771113600000,2026-02-15 02:00:00,0.21909,0.22004,0.21682,0.21794,68916.6
1771117200000,2026-02-15 03:00:00,0.21794,0.2195,0.21691,0.2186,44109.3
1771120800000,2026-02-15 04:00:00,0.2186,0.21953,0.21554,0.21742,192450.5
1771124400000,2026-02-15 05:00:00,0.21742,0.21808,0.21389,0.21747,171946.4
1771128000000,2026-02-15 06:00:00,0.21747,0.22017,0.21742,0.21776,61927.8
1771131600000,2026-02-15 07:00:00,0.21776,0.21983,0.2177,0.2195,39282.8
1771135200000,2026-02-15 08:00:00,0.2195,0.2196,0.21745,0.21833,26316.6
1771138800000,2026-02-15 09:00:00,0.21833,0.2209,0.21831,0.2205,69511.8
1771142400000,2026-02-15 10:00:00,0.2205,0.22081,0.2156,0.2165,63986.6
1771146000000,2026-02-15 11:00:00,0.2165,0.2178,0.21575,0.2165,45943.9
1771149600000,2026-02-15 12:00:00,0.2165,0.2165,0.21394,0.21536,30578.0
1771153200000,2026-02-15 13:00:00,0.21536,0.21567,0.21485,0.2153,17646.5
1771156800000,2026-02-15 14:00:00,0.2153,0.21551,0.20843,0.20849,145751.5
1771160400000,2026-02-15 15:00:00,0.20849,0.21089,0.20656,0.20788,289240.9
1771164000000,2026-02-15 16:00:00,0.20788,0.20957,0.20777,0.20944,206028.2
1771167600000,2026-02-15 17:00:00,0.20944,0.20992,0.20842,0.2094,73139.4
1771171200000,2026-02-15 18:00:00,0.2094,0.20942,0.20748,0.2086,96138.7
1771174800000,2026-02-15 19:00:00,0.2086,0.20912,0.20498,0.20632,164006.9
1771178400000,2026-02-15 20:00:00,0.20632,0.20722,0.205,0.20533,99655.9
1771182000000,2026-02-15 21:00:00,0.20533,0.20659,0.20423,0.20547,118436.9
1771185600000,2026-02-15 22:00:00,0.20547,0.20702,0.20459,0.20692,44170.3
1771189200000,2026-02-15 23:00:00,0.20692,0.20811,0.20667,0.2073,30812.7
1771192800000,2026-02-16 00:00:00,0.2073,0.20785,0.20675,0.20785,24420.3
1771196400000,2026-02-16 01:00:00,0.20785,0.20852,0.2059,0.20852,23857.4
1771200000000,2026-02-16 02:00:00,0.20852,0.20989,0.2081,0.2088,70854.1
1771203600000,2026-02-16 03:00:00,0.2088,0.2097,0.20783,0.20876,29846.9
1771207200000,2026-02-16 04:00:00,0.20876,0.20961,0.20833,0.20861,19725.9
1771210800000,2026-02-16 05:00:00,0.20861,0.20994,0.20861,0.2097,13209.6
1771214400000,2026-02-16 06:00:00,0.2097,0.21195,0.2097,0.21179,44751.2
1771218000000,2026-02-16 07:00:00,0.21179,0.21246,0.20814,0.2089,45391.0
1771221600000,2026-02-16 08:00:00,0.2089,0.21074,0.20878,0.2103,28197.0
1771225200000,2026-02-16 09:00:00,0.2103,0.21053,0.20926,0.2098,20291.6
1771228800000,2026-02-16 10:00:00,0.2098,0.2107,0.20967,0.20989,15234.6
1771232400000,2026-02-16 11:00:00,0.20989,0.21157,0.20967,0.211,46049.9
1771236000000,2026-02-16 12:00:00,0.211,0.21133,0.20951,0.20975,19578.4
1771239600000,2026-02-16 13:00:00,0.20975,0.21024,0.20691,0.2093,47064.4
1771243200000,2026-02-16 14:00:00,0.2093,0.21297,0.20889,0.21266,60730.2
1771246800000,2026-02-16 15:00:00,0.21266,0.2142,0.20875,0.2095,124757.3
1771250400000,2026-02-16 16:00:00,0.2095,0.21152,0.20827,0.2105,65746.6
1771254000000,2026-02-16 17:00:00,0.2105,0.21143,0.2056,0.20711,172236.4
1771257600000,2026-02-16 18:00:00,0.20711,0.20976,0.20685,0.2088,113565.7
1771261200000,2026-02-16 19:00:00,0.2088,0.20974,0.20784,0.20889,23525.7
1771264800000,2026-02-16 20:00:00,0.20889,0.21037,0.20868,0.20892,52443.1
1771268400000,2026-02-16 21:00:00,0.20892,0.21068,0.2086,0.21013,30956.6
1771272000000,2026-02-16 22:00:00,0.21013,0.21265,0.20967,0.21221,43510.7
1771275600000,2026-02-16 23:00:00,0.21221,0.21376,0.2115,0.21364,153622.5
1771279200000,2026-02-17 00:00:00,0.21364,0.214,0.21215,0.21279,52206.3
1771282800000,2026-02-17 01:00:00,0.21279,0.2129,0.21206,0.21289,25432.4
1771286400000,2026-02-17 02:00:00,0.21289,0.21317,0.21172,0.21189,34882.5
1771290000000,2026-02-17 03:00:00,0.21189,0.2126,0.211,0.21123,24969.2
1771293600000,2026-02-17 04:00:00,0.21123,0.21263,0.20993,0.21236,48444.6
1771297200000,2026-02-17 05:00:00,0.21236,0.21236,0.21085,0.2109,14076.9
1771300800000,2026-02-17 06:00:00,0.2109,0.21181,0.21034,0.21127,42109.3
1771304400000,2026-02-17 07:00:00,0.21127,0.21137,0.20825,0.20959,45191.8
1771308000000,2026-02-17 08:00:00,0.20959,0.21061,0.20959,0.21044,60910.2
1771311600000,2026-02-17 09:00:00,0.21044,0.21044,0.20945,0.2101,59607.3
1771315200000,2026-02-17 10:00:00,0.2101,0.21071,0.20897,0.20952,21439.9
1771318800000,2026-02-17 11:00:00,0.20952,0.2097,0.20866,0.20955,18520.0
1771322400000,2026-02-17 12:00:00,0.20955,0.20955,0.2073,0.20782,17628.0
1771326000000,2026-02-17 13:00:00,0.20782,0.20937,0.20782,0.20937,9885.3
1771329600000,2026-02-17 14:00:00,0.20937,0.2102,0.20878,0.20878,19711.0
1771333200000,2026-02-17 15:00:00,0.20878,0.21173,0.20841,0.21116,56177.5
1771336800000,2026-02-17 16:00:00,0.21116,0.21182,0.20618,0.20674,116853.2
1771340400000,2026-02-17 17:00:00,0.20674,0.2094,0.20609,0.2094,65137.1
1771344000000,2026-02-17 18:00:00,0.2094,0.213,0.209,0.21018,113413.0
1771347600000,2026-02-17 19:00:00,0.21018,0.21039,0.20734,0.20827,42925.2
1771351200000,2026-02-17 20:00:00,0.20827,0.21262,0.20822,0.21174,85023.6
1771354800000,2026-02-17 21:00:00,0.21174,0.21239,0.2099,0.2103,83329.3
1771358400000,2026-02-17 22:00:00,0.2103,0.21077,0.2092,0.21004,18999.7
1771362000000,2026-02-17 23:00:00,0.21004,0.2111,0.20838,0.21007,237614.6
1771365600000,2026-02-18 00:00:00,0.21007,0.21016,0.20861,0.20892,32452.9
1771369200000,2026-02-18 01:00:00,0.20892,0.20942,0.2085,0.20915,28606.9
1771372800000,2026-02-18 02:00:00,0.20915,0.21007,0.20869,0.20897,58343.4
1771376400000,2026-02-18 03:00:00,0.20897,0.20915,0.2082,0.20898,53762.7
1771380000000,2026-02-18 04:00:00,0.20898,0.21088,0.20898,0.21051,32710.8
1771383600000,2026-02-18 05:00:00,0.21051,0.21193,0.2104,0.21193,56260.1
1771387200000,2026-02-18 06:00:00,0.21193,0.21193,0.21074,0.21074,66090.7
1771390800000,2026-02-18 07:00:00,0.21074,0.2116,0.21064,0.2111,20296.9
1771394400000,2026-02-18 08:00:00,0.2111,0.21227,0.2111,0.21149,36030.6
1771398000000,2026-02-18 09:00:00,0.21149,0.2135,0.21149,0.21335,78955.2
1771401600000,2026-02-18 10:00:00,0.21335,0.2142,0.21215,0.21232,76108.3
1771405200000,2026-02-18 11:00:00,0.21232,0.21266,0.21165,0.21234,22058.0
1771408800000,2026-02-18 12:00:00,0.21234,0.2128,0.2112,0.2114,96007.1
1771412400000,2026-02-18 13:00:00,0.2114,0.21289,0.20905,0.21175,355555.1
1771416000000,2026-02-18 14:00:00,0.21175,0.21297,0.21075,0.2113,121709.9
1771419600000,2026-02-18 15:00:00,0.2113,0.21163,0.20927,0.21015,69864.7
1771423200000,2026-02-18 16:00:00,0.21015,0.2114,0.20885,0.21115,93232.6
1771426800000,2026-02-18 17:00:00,0.21115,0.21683,0.21115,0.21361,284508.5
1771430400000,2026-02-18 18:00:00,0.21361,0.21428,0.21111,0.21148,123952.0
1771434000000,2026-02-18 19:00:00,0.21148,0.21426,0.21043,0.2106,96262.6
1771437600000,2026-02-18 20:00:00,0.2106,0.21106,0.20631,0.20656,213337.3
1771441200000,2026-02-18 21:00:00,0.20656,0.2077,0.20316,0.20435,223845.1
1771444800000,2026-02-18 22:00:00,0.20435,0.20609,0.20378,0.20456,64642.3
1771448400000,2026-02-18 23:00:00,0.20456,0.20529,0.20383,0.20408,37754.9
1771452000000,2026-02-19 00:00:00,0.20408,0.2047,0.20272,0.2039,33427.6
1771455600000,2026-02-19 01:00:00,0.2039,0.20431,0.2031,0.204,152341.6
1771459200000,2026-02-19 02:00:00,0.204,0.20428,0.20208,0.20211,50678.6
1771462800000,2026-02-19 03:00:00,0.20211,0.20585,0.20195,0.20555,107626.3
1771466400000,2026-02-19 04:00:00,0.20555,0.20597,0.20394,0.20453,59669.3
1771470000000,2026-02-19 05:00:00,0.20453,0.20547,0.20421,0.20525,35673.3
1771473600000,2026-02-19 06:00:00,0.20525,0.20638,0.20508,0.20508,42929.3
1771477200000,2026-02-19 07:00:00,0.20508,0.20524,0.20322,0.20439,21075.1
1771480800000,2026-02-19 08:00:00,0.20439,0.20569,0.20432,0.20509,57569.7
1771484400000,2026-02-19 09:00:00,0.20509,0.20561,0.20428,0.20451,57037.9
1771488000000,2026-02-19 10:00:00,0.20451,0.20462,0.20076,0.20197,188799.2
1771491600000,2026-02-19 11:00:00,0.20197,0.20329,0.20165,0.20211,84726.1
