timestamp,datetime,open,high,low,close,volume
1735214400000,2024-12-26 14:00:00,2.1893,2.1905,2.1502,2.1645,100535836.0
1735228800000,2024-12-26 18:00:00,2.1645,2.1854,2.1247,2.1663,91036653.0
1735243200000,2024-12-26 22:00:00,2.1663,2.1793,2.128,2.1545,63025960.0
1735257600000,2024-12-27 02:00:00,2.1545,2.1894,2.1317,2.1739,68826398.0
1735272000000,2024-12-27 06:00:00,2.1739,2.188,2.1264,2.1424,68516103.0
1735286400000,2024-12-27 10:00:00,2.1424,2.2383,2.1424,2.2133,137803379.0
1735300800000,2024-12-27 14:00:00,2.2133,2.2148,2.1312,2.1434,101703564.0
1735315200000,2024-12-27 18:00:00,2.1434,2.1802,2.1125,2.1786,102360166.0
1735329600000,2024-12-27 22:00:00,2.1786,2.18,2.1306,2.1456,52279377.0
1735344000000,2024-12-28 02:00:00,2.1456,2.1572,2.1326,2.1544,29523341.0
1735358400000,2024-12-28 06:00:00,2.1544,2.171,2.1442,2.1571,33066152.0
1735372800000,2024-12-28 10:00:00,2.1571,2.176,2.1555,2.1695,34686862.0
1735387200000,2024-12-28 14:00:00,2.1695,2.1944,2.1585,2.1718,60680282.0
1735401600000,2024-12-28 18:00:00,2.1718,2.2038,2.1704,2.1889,48795709.0
1735416000000,2024-12-28 22:00:00,2.1889,2.2082,2.179,2.1834,30559760.0
1735430400000,2024-12-29 02:00:00,2.1834,2.1889,2.1679,2.1866,28035856.0
1735444800000,2024-12-29 06:00:00,2.1866,2.1974,2.1756,2.1958,20653481.0
1735459200000,2024-12-29 10:00:00,2.1958,2.1969,2.1736,2.1764,24901399.0
1735473600000,2024-12-29 14:00:00,2.1764,2.1859,2.1471,2.1638,53945217.0
1735488000000,2024-12-29 18:00:00,2.1638,2.1654,2.134,2.1422,43489016.0
1735502400000,2024-12-29 22:00:00,2.1422,2.1422,2.0682,2.0928,103555554.0
1735516800000,2024-12-30 02:00:00,2.0928,2.1508,2.0831,2.1004,76466479.0
1735531200000,2024-12-30 06:00:00,2.1004,2.1122,2.0458,2.0671,103365383.0
1735545600000,2024-12-30 10:00:00,2.0671,2.085,2.049,2.0755,93921582.0
1735560000000,2024-12-30 14:00:00,2.0755,2.095,1.993,2.0229,186403762.0
1735574400000,2024-12-30 18:00:00,2.0229,2.1067,1.9973,2.1029,152752081.0
1735588800000,2024-12-30 22:00:00,2.1029,2.1387,2.0428,2.058,125520384.0
1735603200000,2024-12-31 02:00:00,2.058,2.0652,2.015,2.0201,69345031.0
1735617600000,2024-12-31 06:00:00,2.0201,2.037,2.012,2.0326,56019650.0
1735632000000,2024-12-31 10:00:00,2.0326,2.1,2.0317,2.0747,110253104.0
1735646400000,2024-12-31 14:00:00,2.0747,2.1493,2.0746,2.1273,150800500.0
1735660800000,2024-12-31 18:00:00,2.1273,2.1285,2.0611,2.0915,95829960.0
1735675200000,2024-12-31 22:00:00,2.0915,2.1046,2.0727,2.0831,37504418.0
1735689600000,2025-01-01 02:00:00,2.0831,2.1113,2.0804,2.106,51008722.0
1735704000000,2025-01-01 06:00:00,2.106,2.1483,2.0991,2.1238,72587485.0
1735718400000,2025-01-01 10:00:00,2.1238,2.1429,2.0869,2.1349,95045338.0
1735732800000,2025-01-01 14:00:00,2.1349,2.2337,2.1299,2.2268,167362733.0
1735747200000,2025-01-01 18:00:00,2.2268,2.3421,2.2112,2.3168,304168049.0
1735761600000,2025-01-01 22:00:00,2.3168,2.3556,2.2856,2.3318,130100288.0
1735776000000,2025-01-02 02:00:00,2.3318,2.4523,2.3285,2.4238,231979734.0
1735790400000,2025-01-02 06:00:00,2.4238,2.4281,2.3432,2.366,138437550.0
1735804800000,2025-01-02 10:00:00,2.366,2.4166,2.366,2.4028,105011549.0
1735819200000,2025-01-02 14:00:00,2.4028,2.4217,2.3634,2.4034,133038043.0
1735833600000,2025-01-02 18:00:00,2.4034,2.4379,2.3742,2.3871,97832858.0
1735848000000,2025-01-02 22:00:00,2.3871,2.4143,2.3652,2.402,56245789.0
1735862400000,2025-01-03 02:00:00,2.402,2.4747,2.3961,2.4683,123525887.0
1735876800000,2025-01-03 06:00:00,2.4683,2.4683,2.4036,2.414,129651946.0
1735891200000,2025-01-03 10:00:00,2.414,2.4367,2.3984,2.4085,85151667.0
1735905600000,2025-01-03 14:00:00,2.4085,2.4493,2.4005,2.4462,106050011.0
1735920000000,2025-01-03 18:00:00,2.4462,2.4804,2.4373,2.4724,104394662.0
1735934400000,2025-01-03 22:00:00,2.4724,2.4724,2.4406,2.4535,63486968.0
1735948800000,2025-01-04 02:00:00,2.4535,2.51,2.4245,2.4646,137995650.0
1735963200000,2025-01-04 06:00:00,2.4646,2.4652,2.4401,2.4454,48931020.0
1735977600000,2025-01-04 10:00:00,2.4454,2.4528,2.4279,2.4401,59191313.0
1735992000000,2025-01-04 14:00:00,2.4401,2.4629,2.3988,2.4101,95825613.0
1736006400000,2025-01-04 18:00:00,2.4101,2.4335,2.4094,2.4227,46166047.0
1736020800000,2025-01-04 22:00:00,2.4227,2.4416,2.4155,2.4194,43945393.0
1736035200000,2025-01-05 02:00:00,2.4194,2.4279,2.3718,2.39,70499228.0
1736049600000,2025-01-05 06:00:00,2.39,2.4144,2.3861,2.4003,34552946.0
1736064000000,2025-01-05 10:00:00,2.4003,2.4029,2.3267,2.3523,113689342.0
1736078400000,2025-01-05 14:00:00,2.3523,2.3811,2.3428,2.367,85425634.0
1736092800000,2025-01-05 18:00:00,2.367,2.4101,2.3577,2.3822,61854338.0
1736107200000,2025-01-05 22:00:00,2.3822,2.414,2.3809,2.3982,37501650.0
1736121600000,2025-01-06 02:00:00,2.3982,2.4425,2.3723,2.4116,87562294.0
1736136000000,2025-01-06 06:00:00,2.4116,2.4243,2.3904,2.3929,58075398.0
1736150400000,2025-01-06 10:00:00,2.3929,2.4045,2.3734,2.3955,57019966.0
1736164800000,2025-01-06 14:00:00,2.3955,2.4517,2.3655,2.436,129030922.0
1736179200000,2025-01-06 18:00:00,2.436,2.4589,2.3993,2.4243,82737717.0
1736193600000,2025-01-06 22:00:00,2.4243,2.4295,2.406,2.4193,33387747.0
1736208000000,2025-01-07 02:00:00,2.4193,2.4234,2.3926,2.4044,39884928.0
1736222400000,2025-01-07 06:00:00,2.4044,2.4482,2.4028,2.4273,62143788.0
1736236800000,2025-01-07 10:00:00,2.4273,2.4684,2.4056,2.4211,90833604.0
1736251200000,2025-01-07 14:00:00,2.4211,2.4425,2.2745,2.3117,331089419.0
1736265600000,2025-01-07 18:00:00,2.3117,2.3444,2.2608,2.2813,149236220.0
1736280000000,2025-01-07 22:00:00,2.2813,2.307,2.2557,2.2696,90194563.0
1736294400000,2025-01-08 02:00:00,2.2696,2.3659,2.2662,2.3185,140389588.0
1736308800000,2025-01-08 06:00:00,2.3185,2.3327,2.2563,2.285,117266254.0
1736323200000,2025-01-08 10:00:00,2.285,2.3395,2.2843,2.3255,99487536.0
1736337600000,2025-01-08 14:00:00,2.3255,2.379,2.276,2.3083,199434855.0
1736352000000,2025-01-08 18:00:00,2.3083,2.3369,2.197,2.3145,259540801.0
1736366400000,2025-01-08 22:00:00,2.3145,2.3986,2.296,2.372,120866451.0
1736380800000,2025-01-09 02:00:00,2.372,2.3957,2.3359,2.3479,100933949.0
1736395200000,2025-01-09 06:00:00,2.3479,2.3657,2.2958,2.3121,79637821.0
1736409600000,2025-01-09 10:00:00,2.3121,2.3308,2.2863,2.3026,78463812.0
1736424000000,2025-01-09 14:00:00,2.3026,2.3375,2.2332,2.3195,156903619.0
1736438400000,2025-01-09 18:00:00,2.3195,2.329,2.2654,2.278,112392393.0
1736452800000,2025-01-09 22:00:00,2.278,2.2991,2.2505,2.2709,90424067.0
1736467200000,2025-01-10 02:00:00,2.2709,2.2934,2.2564,2.2872,55519028.0
1736481600000,2025-01-10 06:00:00,2.2872,2.3256,2.2788,2.3088,55477846.0
1736496000000,2025-01-10 10:00:00,2.3088,2.3222,2.2975,2.3082,55999469.0
1736510400000,2025-01-10 14:00:00,2.3082,2.3183,2.2445,2.2875,167081134.0
1736524800000,2025-01-10 18:00:00,2.2875,2.363,2.2668,2.3574,99462911.0
1736539200000,2025-01-10 22:00:00,2.3574,2.3695,2.3309,2.34,44941481.0
1736553600000,2025-01-11 02:00:00,2.34,2.3642,2.3238,2.3298,51750542.0
1736568000000,2025-01-11 06:00:00,2.3298,2.3455,2.325,2.3433,32723804.0
1736582400000,2025-01-11 10:00:00,2.3433,2.4369,2.3314,2.4187,100992099.0
1736596800000,2025-01-11 14:00:00,2.4187,2.4294,2.3755,2.4061,119737117.0
1736611200000,2025-01-11 18:00:00,2.4061,2.5318,2.3961,2.5291,237764026.0
1736625600000,2025-01-11 22:00:00,2.5291,2.603,2.5071,2.5756,205172190.0
1736640000000,2025-01-12 02:00:00,2.5756,2.5835,2.506,2.5409,122606108.0
1736654400000,2025-01-12 06:00:00,2.5409,2.5558,2.5101,2.5415,68514866.0
1736668800000,2025-01-12 10:00:00,2.5415,2.5499,2.4694,2.4935,111937417.0
1736683200000,2025-01-12 14:00:00,2.4935,2.5318,2.4856,2.5215,94953951.0
1736697600000,2025-01-12 18:00:00,2.5215,2.5545,2.5137,2.5478,74115364.0
1736712000000,2025-01-12 22:00:00,2.5478,2.5481,2.4824,2.5032,83127610.0
1736726400000,2025-01-13 02:00:00,2.5032,2.5634,2.493,2.5039,143119507.0
1736740800000,2025-01-13 06:00:00,2.5039,2.5403,2.4411,2.4613,136296210.0
1736755200000,2025-01-13 10:00:00,2.4613,2.4635,2.3337,2.338,225208861.0
1736769600000,2025-01-13 14:00:00,2.338,2.4957,2.329,2.4653,365250404.0
1736784000000,2025-01-13 18:00:00,2.4653,2.4945,2.424,2.462,151849100.0
1736798400000,2025-01-13 22:00:00,2.462,2.5561,2.4489,2.5226,117002092.0
1736812800000,2025-01-14 02:00:00,2.5226,2.5534,2.5143,2.5323,76547896.0
1736827200000,2025-01-14 06:00:00,2.5323,2.553,2.5099,2.5153,58978227.0
1736841600000,2025-01-14 10:00:00,2.5153,2.6024,2.5153,2.5742,148260591.0
1736856000000,2025-01-14 14:00:00,2.5742,2.5913,2.5458,2.5783,146471780.0
1736870400000,2025-01-14 18:00:00,2.5783,2.7008,2.5513,2.6626,247181507.0
1736884800000,2025-01-14 22:00:00,2.6626,2.6789,2.6383,2.6666,86181255.0
1736899200000,2025-01-15 02:00:00,2.6666,2.8781,2.6485,2.8304,315602613.0
1736913600000,2025-01-15 06:00:00,2.8304,2.8918,2.7821,2.859,189046805.0
1736928000000,2025-01-15 10:00:00,2.859,2.876,2.7112,2.7599,282707557.0
1736942400000,2025-01-15 14:00:00,2.7599,3.0315,2.7252,2.97,525051179.0
1736956800000,2025-01-15 18:00:00,2.97,3.0074,2.8704,2.9446,266154608.0
1736971200000,2025-01-15 22:00:00,2.9446,3.201,2.9327,3.141,362733281.0
1736985600000,2025-01-16 02:00:00,3.141,3.15,2.9201,3.0391,413816058.0
1737000000000,2025-01-16 06:00:00,3.0391,3.149,3.0378,3.0904,182516620.0
1737014400000,2025-01-16 10:00:00,3.0904,3.2164,3.0266,3.1968,442145943.0
1737028800000,2025-01-16 14:00:00,3.1968,3.3887,3.1606,3.3069,718915695.0
1737043200000,2025-01-16 18:00:00,3.3069,3.4033,3.3037,3.3485,271644126.0
1737057600000,2025-01-16 22:00:00,3.3485,3.349,3.1642,3.2433,260964706.0
1737072000000,2025-01-17 02:00:00,3.2433,3.3481,3.242,3.3069,151782904.0
1737086400000,2025-01-17 06:00:00,3.3069,3.3572,3.2814,3.3014,118087391.0
1737100800000,2025-01-17 10:00:00,3.3014,3.3266,3.2254,3.2977,175611991.0
1737115200000,2025-01-17 14:00:00,3.2977,3.2977,3.1728,3.1992,232658597.0
1737129600000,2025-01-17 18:00:00,3.1992,3.2614,3.173,3.2344,152957008.0
1737144000000,2025-01-17 22:00:00,3.2344,3.318,3.2258,3.2927,130070130.0
1737158400000,2025-01-18 02:00:00,3.2927,3.2983,3.1921,3.24,144749885.0
1737172800000,2025-01-18 06:00:00,3.24,3.2478,3.0731,3.1156,211035527.0
1737187200000,2025-01-18 10:00:00,3.1156,3.1833,3.0562,3.1715,157269679.0
1737201600000,2025-01-18 14:00:00,3.1715,3.2472,3.1528,3.1761,135833866.0
1737216000000,2025-01-18 18:00:00,3.1761,3.2172,3.1301,3.2104,92924762.0
1737230400000,2025-01-18 22:00:00,3.2104,3.2898,3.17,3.2697,88642977.0
1737244800000,2025-01-19 02:00:00,3.2697,3.2938,3.2237,3.2499,113453244.0
1737259200000,2025-01-19 06:00:00,3.2499,3.2524,3.1701,3.1818,113439189.0
1737273600000,2025-01-19 10:00:00,3.1818,3.1821,3.0356,3.0537,232046459.0
1737288000000,2025-01-19 14:00:00,3.0537,3.1614,3.0533,3.1475,114218845.0
1737302400000,2025-01-19 18:00:00,3.1475,3.2256,3.0691,3.223,96064893.0
1737316800000,2025-01-19 22:00:00,3.223,3.2378,2.8254,2.9563,347951586.0
1737331200000,2025-01-20 02:00:00,2.9563,3.1323,2.9065,3.1118,291674332.0
1737345600000,2025-01-20 06:00:00,3.1118,3.2553,3.0732,3.2013,203708073.0
1737360000000,2025-01-20 10:00:00,3.2013,3.3478,3.1989,3.3281,204085342.0
1737374400000,2025-01-20 14:00:00,3.3281,3.3737,3.2067,3.2724,266998209.0
1737388800000,2025-01-20 18:00:00,3.2724,3.3225,2.9915,3.1517,399202070.0
1737403200000,2025-01-20 22:00:00,3.1517,3.1788,3.0306,3.1051,132722459.0
1737417600000,2025-01-21 02:00:00,3.1051,3.192,3.0623,3.1022,153041720.0
1737432000000,2025-01-21 06:00:00,3.1022,3.1031,3.0128,3.0684,109051224.0
1737446400000,2025-01-21 10:00:00,3.0684,3.1225,3.0429,3.1102,79388639.0
1737460800000,2025-01-21 14:00:00,3.1102,3.1533,3.0778,3.1204,98722722.0
1737475200000,2025-01-21 18:00:00,3.1204,3.2396,3.1171,3.2003,115343191.0
1737489600000,2025-01-21 22:00:00,3.2003,3.2036,3.14,3.1735,46346526.0
1737504000000,2025-01-22 02:00:00,3.1735,3.2082,3.1642,3.1777,45742733.0
1737518400000,2025-01-22 06:00:00,3.1777,3.1909,3.1469,3.1718,43685596.0
1737532800000,2025-01-22 10:00:00,3.1718,3.2361,3.1403,3.2354,57987312.0
1737547200000,2025-01-22 14:00:00,3.2354,3.2627,3.1514,3.1622,134763896.0
1737561600000,2025-01-22 18:00:00,3.1622,3.2673,3.12,3.2242,140424599.0
1737576000000,2025-01-22 22:00:00,3.2242,3.2867,3.15,3.179,109138260.0
1737590400000,2025-01-23 02:00:00,3.179,3.1832,3.115,3.1511,63766378.0
1737604800000,2025-01-23 06:00:00,3.1511,3.1557,3.0978,3.1293,50659852.0
1737619200000,2025-01-23 10:00:00,3.1293,3.132,3.0607,3.0846,55200122.0
1737633600000,2025-01-23 14:00:00,3.0846,3.1641,3.036,3.1338,151687792.0
1737648000000,2025-01-23 18:00:00,3.1338,3.1837,3.0573,3.0795,81529114.0
1737662400000,2025-01-23 22:00:00,3.0795,3.1762,3.0558,3.1183,133504628.0
1737676800000,2025-01-24 02:00:00,3.1183,3.1317,3.0542,3.1202,79779373.0
1737691200000,2025-01-24 06:00:00,3.1202,3.1759,3.1102,3.1658,55398475.0
1737705600000,2025-01-24 10:00:00,3.1658,3.2019,3.1618,3.1969,62000331.0
1737720000000,2025-01-24 14:00:00,3.1969,3.2037,3.1308,3.1646,65368488.0
1737734400000,2025-01-24 18:00:00,3.1646,3.1698,3.1292,3.14,38490961.0
1737748800000,2025-01-24 22:00:00,3.14,3.1429,3.0807,3.0993,53608529.0
1737763200000,2025-01-25 02:00:00,3.0993,3.1332,3.0947,3.1323,36344226.0
1737777600000,2025-01-25 06:00:00,3.1323,3.1345,3.0928,3.1087,27252236.0
1737792000000,2025-01-25 10:00:00,3.1087,3.1162,3.076,3.1138,33501476.0
1737806400000,2025-01-25 14:00:00,3.1138,3.1427,3.1021,3.1405,33934515.0
1737820800000,2025-01-25 18:00:00,3.1405,3.1436,3.1104,3.125,22626134.0
1737835200000,2025-01-25 22:00:00,3.125,3.143,3.0978,3.1071,24804747.0
1737849600000,2025-01-26 02:00:00,3.1071,3.1425,3.1038,3.1344,25379139.0
1737864000000,2025-01-26 06:00:00,3.1344,3.1457,3.1227,3.1415,20430440.0
1737878400000,2025-01-26 10:00:00,3.1415,3.1435,3.109,3.1299,28319609.0
1737892800000,2025-01-26 14:00:00,3.1299,3.1301,3.1113,3.115,17947007.0
1737907200000,2025-01-26 18:00:00,3.115,3.1369,3.1054,3.1303,23535471.0
1737921600000,2025-01-26 22:00:00,3.1303,3.1307,3.0087,3.0205,87351477.0
1737936000000,2025-01-27 02:00:00,3.0205,3.0392,2.9384,3.0036,125541287.0
1737950400000,2025-01-27 06:00:00,3.0036,3.0036,2.65,2.8092,276345660.0
1737964800000,2025-01-27 10:00:00,2.8092,2.8316,2.7157,2.7868,166401537.0
1737979200000,2025-01-27 14:00:00,2.7868,2.9915,2.7672,2.9547,232186897.0
1737993600000,2025-01-27 18:00:00,2.9547,3.0253,2.8757,2.9141,136468801.0
1738008000000,2025-01-27 22:00:00,2.9141,3.0577,2.914,3.053,91925626.0
1738022400000,2025-01-28 02:00:00,3.053,3.0936,3.0047,3.0864,96910473.0
1738036800000,2025-01-28 06:00:00,3.0864,3.1472,3.082,3.103,83445409.0
1738051200000,2025-01-28 10:00:00,3.103,3.1437,3.0684,3.1364,95319495.0
1738065600000,2025-01-28 14:00:00,3.1364,3.2138,3.1139,3.1836,194151937.0
1738080000000,2025-01-28 18:00:00,3.1836,3.1971,3.12,3.1359,86282991.0
1738094400000,2025-01-28 22:00:00,3.1359,3.1394,3.0123,3.0553,124052100.0
1738108800000,2025-01-29 02:00:00,3.0553,3.0945,3.0532,3.083,48676934.0
1738123200000,2025-01-29 06:00:00,3.083,3.1229,3.0719,3.1045,41480952.0
1738137600000,2025-01-29 10:00:00,3.1045,3.128,3.0701,3.0855,50068329.0
1738152000000,2025-01-29 14:00:00,3.0855,3.1006,3.0211,3.0631,105682380.0
1738166400000,2025-01-29 18:00:00,3.0631,3.1264,2.9659,3.0706,174815738.0
1738180800000,2025-01-29 22:00:00,3.0706,3.1364,3.0345,3.0663,99212043.0
1738195200000,2025-01-30 02:00:00,3.0663,3.1261,3.0442,3.1208,45646753.0
1738209600000,2025-01-30 06:00:00,3.1208,3.1429,3.0928,3.1074,40353946.0
1738224000000,2025-01-30 10:00:00,3.1074,3.1154,3.0943,3.1005,32865406.0
1738238400000,2025-01-30 14:00:00,3.1005,3.1533,3.0812,3.1193,70787285.0
1738252800000,2025-01-30 18:00:00,3.1193,3.1456,3.097,3.1294,58010900.0
1738267200000,2025-01-30 22:00:00,3.1294,3.1544,3.1122,3.1272,40798839.0
1738281600000,2025-01-31 02:00:00,3.1272,3.1331,3.0751,3.0923,41622627.0
1738296000000,2025-01-31 06:00:00,3.0923,3.098,3.0679,3.0778,34411954.0
1738310400000,2025-01-31 10:00:00,3.0778,3.1018,3.0552,3.0977,36884750.0
1738324800000,2025-01-31 14:00:00,3.0977,3.1165,3.068,3.098,57543319.0
1738339200000,2025-01-31 18:00:00,3.098,3.1035,3.0115,3.0307,89529503.0
1738353600000,2025-01-31 22:00:00,3.0307,3.0457,3.0005,3.0351,41311085.0
1738368000000,2025-02-01 02:00:00,3.0351,3.0714,3.0245,3.0386,28842590.0
1738382400000,2025-02-01 06:00:00,3.0386,3.0568,3.026,3.0291,22750318.0
1738396800000,2025-02-01 10:00:00,3.0291,3.038,2.9399,2.9927,83533910.0
1738411200000,2025-02-01 14:00:00,2.9927,3.0069,2.9483,2.9714,45788258.0
1738425600000,2025-02-01 18:00:00,2.9714,3.0,2.9051,2.9366,50688846.0
1738440000000,2025-02-01 22:00:00,2.9366,2.9445,2.8266,2.8762,115126919.0
1738454400000,2025-02-02 02:00:00,2.8762,2.9529,2.8249,2.8322,108030147.0
1738468800000,2025-02-02 06:00:00,2.8322,2.9269,2.8213,2.8804,93661213.0
1738483200000,2025-02-02 10:00:00,2.8804,2.9143,2.781,2.7865,77731430.0
1738497600000,2025-02-02 14:00:00,2.7865,2.8485,2.7319,2.8091,126114103.0
1738512000000,2025-02-02 18:00:00,2.8091,2.8094,2.4968,2.6663,436352408.0
1738526400000,2025-02-02 22:00:00,2.6663,2.7193,2.4551,2.5786,302461156.0
1738540800000,2025-02-03 02:00:00,2.5786,2.58,1.7606,2.2557,1449407909.0
1738555200000,2025-02-03 06:00:00,2.2557,2.4516,2.1204,2.4276,427618545.0
1738569600000,2025-02-03 10:00:00,2.4276,2.4386,2.3071,2.3692,287556014.0
1738584000000,2025-02-03 14:00:00,2.3692,2.5931,2.2042,2.5492,597151278.0
1738598400000,2025-02-03 18:00:00,2.5492,2.78,2.5352,2.745,374044310.0
1738612800000,2025-02-03 22:00:00,2.745,2.7453,2.6444,2.6989,172277726.0
1738627200000,2025-02-04 02:00:00,2.6989,2.7869,2.6868,2.7188,137523535.0
1738641600000,2025-02-04 06:00:00,2.7188,2.7298,2.4706,2.4844,279317270.0
1738656000000,2025-02-04 10:00:00,2.4844,2.6319,2.4734,2.5884,174589700.0
1738670400000,2025-02-04 14:00:00,2.5884,2.6864,2.583,2.619,226262821.0
1738684800000,2025-02-04 18:00:00,2.619,2.7092,2.5851,2.5871,161645927.0
1738699200000,2025-02-04 22:00:00,2.5871,2.6188,2.4189,2.5257,284352883.0
1738713600000,2025-02-05 02:00:00,2.5257,2.5637,2.4684,2.5046,121596258.0
1738728000000,2025-02-05 06:00:00,2.5046,2.5402,2.4838,2.5095,76083231.0
1738742400000,2025-02-05 10:00:00,2.5095,2.5564,2.494,2.5487,72001718.0
1738756800000,2025-02-05 14:00:00,2.5487,2.5687,2.4741,2.5005,127597816.0
1738771200000,2025-02-05 18:00:00,2.5005,2.5074,2.3412,2.4359,214766223.0
1738785600000,2025-02-05 22:00:00,2.4359,2.4611,2.359,2.3795,112428305.0
1738800000000,2025-02-06 02:00:00,2.3795,2.4348,2.3744,2.4233,65179885.0
1738814400000,2025-02-06 06:00:00,2.4233,2.468,2.4149,2.4392,63693877.0
1738828800000,2025-02-06 10:00:00,2.4392,2.4687,2.4182,2.4478,72397155.0
1738843200000,2025-02-06 14:00:00,2.4478,2.452,2.2843,2.3142,195459795.0
1738857600000,2025-02-06 18:00:00,2.3142,2.3697,2.273,2.2937,173936159.0
1738872000000,2025-02-06 22:00:00,2.2937,2.3638,2.2887,2.3238,92834565.0
1738886400000,2025-02-07 02:00:00,2.3238,2.374,2.3091,2.3519,67319938.0
1738900800000,2025-02-07 06:00:00,2.3519,2.3718,2.264,2.2875,111329299.0
1738915200000,2025-02-07 10:00:00,2.2875,2.4324,2.2757,2.4171,140286155.0
1738929600000,2025-02-07 14:00:00,2.4171,2.5404,2.3709,2.4776,328505853.0
1738944000000,2025-02-07 18:00:00,2.4776,2.5083,2.4102,2.4269,184440150.0
1738958400000,2025-02-07 22:00:00,2.4269,2.4309,2.3459,2.395,139468573.0
1738972800000,2025-02-08 02:00:00,2.395,2.4255,2.3741,2.3819,70763476.0
1738987200000,2025-02-08 06:00:00,2.3819,2.4039,2.349,2.3931,56879448.0
1739001600000,2025-02-08 10:00:00,2.3931,2.4173,2.3698,2.4096,54113592.0
1739016000000,2025-02-08 14:00:00,2.4096,2.435,2.3806,2.3898,76069992.0
1739030400000,2025-02-08 18:00:00,2.3898,2.436,2.3754,2.4236,53101977.0
1739044800000,2025-02-08 22:00:00,2.4236,2.4357,2.4009,2.4178,32906851.0
1739059200000,2025-02-09 02:00:00,2.4178,2.5039,2.4052,2.5028,62830340.0
1739073600000,2025-02-09 06:00:00,2.5028,2.5079,2.4484,2.4661,53378840.0
1739088000000,2025-02-09 10:00:00,2.4661,2.4946,2.436,2.4371,45862696.0
1739102400000,2025-02-09 14:00:00,2.4371,2.448,2.3778,2.4273,94502801.0
1739116800000,2025-02-09 18:00:00,2.4273,2.4338,2.3841,2.3973,42703090.0
1739131200000,2025-02-09 22:00:00,2.3973,2.4219,2.3102,2.3911,129657894.0
1739145600000,2025-02-10 02:00:00,2.3911,2.4356,2.3213,2.3816,132454590.0
1739160000000,2025-02-10 06:00:00,2.3816,2.4194,2.3686,2.4042,57158165.0
1739174400000,2025-02-10 10:00:00,2.4042,2.4538,2.4007,2.4279,78420003.0
1739188800000,2025-02-10 14:00:00,2.4279,2.4731,2.4036,2.4205,107184259.0
1739203200000,2025-02-10 18:00:00,2.4205,2.4453,2.4079,2.4231,62279742.0
1739217600000,2025-02-10 22:00:00,2.4231,2.4414,2.4063,2.4225,39161285.0
1739232000000,2025-02-11 02:00:00,2.4225,2.4667,2.4188,2.4401,61818764.0
1739246400000,2025-02-11 06:00:00,2.4401,2.5282,2.4401,2.4991,89264618.0
1739260800000,2025-02-11 10:00:00,2.4991,2.5119,2.4739,2.4954,68621583.0
1739275200000,2025-02-11 14:00:00,2.4954,2.4981,2.4329,2.4687,107996811.0
1739289600000,2025-02-11 18:00:00,2.4687,2.4808,2.3691,2.3862,96037378.0
1739304000000,2025-02-11 22:00:00,2.3862,2.445,2.3815,2.4119,53927781.0
1739318400000,2025-02-12 02:00:00,2.4119,2.4258,2.3791,2.3871,41371021.0
1739332800000,2025-02-12 06:00:00,2.3871,2.4177,2.3791,2.4054,37436622.0
1739347200000,2025-02-12 10:00:00,2.4054,2.432,2.3988,2.4204,38596865.0
1739361600000,2025-02-12 14:00:00,2.4204,2.4515,2.3302,2.3992,219828328.0
1739376000000,2025-02-12 18:00:00,2.3992,2.4659,2.3772,2.4465,75581257.0
1739390400000,2025-02-12 22:00:00,2.4465,2.4953,2.4386,2.4721,43010223.0
1739404800000,2025-02-13 02:00:00,2.4721,2.4819,2.4511,2.4817,29797928.0
1739419200000,2025-02-13 06:00:00,2.4817,2.4853,2.4265,2.4398,49274710.0
1739433600000,2025-02-13 10:00:00,2.4398,2.456,2.4183,2.4433,40354123.0
1739448000000,2025-02-13 14:00:00,2.4433,2.4695,2.4129,2.4468,79878215.0
1739462400000,2025-02-13 18:00:00,2.4468,2.4725,2.419,2.4535,55510356.0
1739476800000,2025-02-13 22:00:00,2.4535,2.6043,2.4528,2.5576,152503502.0
1739491200000,2025-02-14 02:00:00,2.5576,2.5928,2.5283,2.5928,86436945.0
1739505600000,2025-02-14 06:00:00,2.5928,2.5964,2.5367,2.5865,74959485.0
1739520000000,2025-02-14 10:00:00,2.5865,2.7896,2.5859,2.7316,290586197.0
1739534400000,2025-02-14 14:00:00,2.7316,2.7515,2.6781,2.7238,170008933.0
1739548800000,2025-02-14 18:00:00,2.7238,2.8358,2.6978,2.7868,133877108.0
1739563200000,2025-02-14 22:00:00,2.7868,2.81,2.6901,2.7374,99797400.0
1739577600000,2025-02-15 02:00:00,2.7374,2.8329,2.7222,2.8127,100810450.0
1739592000000,2025-02-15 06:00:00,2.8127,2.8141,2.7447,2.7621,61736098.0
1739606400000,2025-02-15 10:00:00,2.7621,2.8181,2.7621,2.7962,68135084.0
1739620800000,2025-02-15 14:00:00,2.7962,2.823,2.7561,2.7785,82806510.0
1739635200000,2025-02-15 18:00:00,2.7785,2.7853,2.7347,2.7437,58345194.0
1739649600000,2025-02-15 22:00:00,2.7437,2.7645,2.7129,2.7607,55662448.0
1739664000000,2025-02-16 02:00:00,2.7607,2.7981,2.7537,2.7821,54055386.0
1739678400000,2025-02-16 06:00:00,2.7821,2.8055,2.7446,2.7588,42477224.0
1739692800000,2025-02-16 10:00:00,2.7588,2.7768,2.7386,2.763,42871151.0
1739707200000,2025-02-16 14:00:00,2.763,2.7662,2.7065,2.7213,65173634.0
1739721600000,2025-02-16 18:00:00,2.7213,2.7396,2.6877,2.7245,56833931.0
1739736000000,2025-02-16 22:00:00,2.7245,2.767,2.7164,2.727,63269738.0
1739750400000,2025-02-17 02:00:00,2.727,2.7631,2.6983,2.711,45159347.0
1739764800000,2025-02-17 06:00:00,2.711,2.7166,2.6328,2.6536,129884586.0
1739779200000,2025-02-17 10:00:00,2.6536,2.6984,2.6404,2.6718,62873926.0
1739793600000,2025-02-17 14:00:00,2.6718,2.7307,2.6376,2.6448,85279290.0
1739808000000,2025-02-17 18:00:00,2.6448,2.6621,2.6044,2.647,92621824.0
1739822400000,2025-02-17 22:00:00,2.647,2.6846,2.6416,2.6586,37392900.0
1739836800000,2025-02-18 02:00:00,2.6586,2.6687,2.6241,2.6588,36886679.0
1739851200000,2025-02-18 06:00:00,2.6588,2.6661,2.5392,2.5625,126033082.0
1739865600000,2025-02-18 10:00:00,2.5625,2.6086,2.5445,2.5724,80729481.0
1739880000000,2025-02-18 14:00:00,2.5724,2.6312,2.5252,2.5396,101383342.0
1739894400000,2025-02-18 18:00:00,2.5396,2.5565,2.4681,2.5108,148786834.0
1739908800000,2025-02-18 22:00:00,2.5108,2.5669,2.4946,2.5614,59935643.0
1739923200000,2025-02-19 02:00:00,2.5614,2.5759,2.5174,2.5526,64600283.0
1739937600000,2025-02-19 06:00:00,2.5526,2.5645,2.51,2.5554,59225345.0
1739952000000,2025-02-19 10:00:00,2.5554,2.6301,2.5412,2.6132,78593782.0
1739966400000,2025-02-19 14:00:00,2.6132,2.6237,2.5717,2.6064,92862931.0
1739980800000,2025-02-19 18:00:00,2.6064,2.6904,2.6053,2.659,126707512.0
1739995200000,2025-02-19 22:00:00,2.659,2.7447,2.654,2.7355,75078918.0
1740009600000,2025-02-20 02:00:00,2.7355,2.7469,2.6798,2.7033,74074134.0
1740024000000,2025-02-20 06:00:00,2.7033,2.7325,2.6673,2.6846,64052960.0
1740038400000,2025-02-20 10:00:00,2.6846,2.7117,2.6724,2.6798,51840452.0
1740052800000,2025-02-20 14:00:00,2.6798,2.746,2.6676,2.6709,95950055.0
1740067200000,2025-02-20 18:00:00,2.6709,2.7271,2.665,2.7063,52241273.0
1740081600000,2025-02-20 22:00:00,2.7063,2.7133,2.6686,2.6868,41117434.0
1740096000000,2025-02-21 02:00:00,2.6868,2.6921,2.6372,2.6427,47621997.0
1740110400000,2025-02-21 06:00:00,2.6427,2.6742,2.64,2.6584,38731402.0
1740124800000,2025-02-21 10:00:00,2.6584,2.6936,2.645,2.6492,66298424.0
1740139200000,2025-02-21 14:00:00,2.6492,2.7154,2.5626,2.6118,185597435.0
1740153600000,2025-02-21 18:00:00,2.6118,2.6453,2.505,2.524,167554692.0
1740168000000,2025-02-21 22:00:00,2.524,2.5807,2.5161,2.5753,57328595.0
1740182400000,2025-02-22 02:00:00,2.5753,2.6022,2.5534,2.5732,30184698.0
1740196800000,2025-02-22 06:00:00,2.5732,2.598,2.5685,2.5843,22124343.0
1740211200000,2025-02-22 10:00:00,2.5843,2.5988,2.5649,2.5902,25059075.0
1740225600000,2025-02-22 14:00:00,2.5902,2.602,2.58,2.5908,32951693.0
1740240000000,2025-02-22 18:00:00,2.5908,2.6116,2.5831,2.5892,25518564.0
1740254400000,2025-02-22 22:00:00,2.5892,2.591,2.5701,2.5751,15637150.0
1740268800000,2025-02-23 02:00:00,2.5751,2.5762,2.53,2.5536,37407360.0
1740283200000,2025-02-23 06:00:00,2.5536,2.6017,2.5465,2.591,24782757.0
1740297600000,2025-02-23 10:00:00,2.591,2.5925,2.5655,2.5694,20426891.0
1740312000000,2025-02-23 14:00:00,2.5694,2.5744,2.5204,2.5228,41211109.0
1740326400000,2025-02-23 18:00:00,2.5228,2.5668,2.5211,2.5524,28510216.0
1740340800000,2025-02-23 22:00:00,2.5524,2.5849,2.5432,2.5769,24803417.0
1740355200000,2025-02-24 02:00:00,2.5769,2.6113,2.469,2.4908,79728336.0
1740369600000,2025-02-24 06:00:00,2.4908,2.5055,2.443,2.4941,70805757.0
1740384000000,2025-02-24 10:00:00,2.4941,2.495,2.4329,2.4881,67647141.0
1740398400000,2025-02-24 14:00:00,2.4881,2.4992,2.4013,2.4315,110871562.0
1740412800000,2025-02-24 18:00:00,2.4315,2.4765,2.38,2.4018,81572756.0
1740427200000,2025-02-24 22:00:00,2.4018,2.4493,2.2302,2.2764,250449947.0
1740441600000,2025-02-25 02:00:00,2.2764,2.3355,2.2088,2.2829,161031021.0
1740456000000,2025-02-25 06:00:00,2.2829,2.3096,2.0858,2.1497,311197793.0
1740470400000,2025-02-25 10:00:00,2.1497,2.2109,2.0622,2.1875,294108098.0
1740484800000,2025-02-25 14:00:00,2.1875,2.2777,2.1563,2.206,250737454.0
1740499200000,2025-02-25 18:00:00,2.206,2.2644,2.1706,2.2621,116706884.0
1740513600000,2025-02-25 22:00:00,2.2621,2.3638,2.245,2.3207,116435345.0
1740528000000,2025-02-26 02:00:00,2.3207,2.3304,2.2607,2.3106,84697203.0
1740542400000,2025-02-26 06:00:00,2.3106,2.3286,2.2663,2.2864,46799070.0
1740556800000,2025-02-26 10:00:00,2.2864,2.322,2.2634,2.2799,66069235.0
1740571200000,2025-02-26 14:00:00,2.2799,2.3027,2.1939,2.2745,159574166.0
1740585600000,2025-02-26 18:00:00,2.2745,2.2821,2.1487,2.1792,168220180.0
1740600000000,2025-02-26 22:00:00,2.1792,2.2462,2.1528,2.1968,139154464.0
1740614400000,2025-02-27 02:00:00,2.1968,2.2187,2.1585,2.2015,75020219.0
1740628800000,2025-02-27 06:00:00,2.2015,2.2392,2.1702,2.2223,61729823.0
1740643200000,2025-02-27 10:00:00,2.2223,2.2571,2.2006,2.2384,53230842.0
1740657600000,2025-02-27 14:00:00,2.2384,2.2457,2.1668,2.1982,100098294.0
1740672000000,2025-02-27 18:00:00,2.1982,2.2374,2.1712,2.1888,66603409.0
1740686400000,2025-02-27 22:00:00,2.1888,2.208,2.144,2.1978,79792552.0
1740700800000,2025-02-28 02:00:00,2.1978,2.2011,2.0164,2.0192,228687558.0
1740715200000,2025-02-28 06:00:00,2.0192,2.0491,1.9793,1.9994,161923866.0
1740729600000,2025-02-28 10:00:00,1.9994,2.0588,1.9507,2.0302,148944356.0
1740744000000,2025-02-28 14:00:00,2.0302,2.1552,2.0115,2.1456,174424518.0
1740758400000,2025-02-28 18:00:00,2.1456,2.1633,2.1138,2.1463,91670745.0
1740772800000,2025-02-28 22:00:00,2.1463,2.1587,2.1206,2.145,38474792.0
1740787200000,2025-03-01 02:00:00,2.145,2.2162,2.1206,2.1835,71187665.0
1740801600000,2025-03-01 06:00:00,2.1835,2.2186,2.1616,2.1664,60022733.0
1740816000000,2025-03-01 10:00:00,2.1664,2.1929,2.1404,2.1597,52503881.0
1740830400000,2025-03-01 14:00:00,2.1597,2.1711,2.1201,2.1497,56957359.0
1740844800000,2025-03-01 18:00:00,2.1497,2.1766,2.1342,2.1673,40610680.0
1740859200000,2025-03-01 22:00:00,2.1673,2.2069,2.1585,2.1904,40961316.0
1740873600000,2025-03-02 02:00:00,2.1904,2.2664,2.1726,2.2524,77698168.0
1740888000000,2025-03-02 06:00:00,2.2524,2.2975,2.2376,2.2719,53819082.0
1740902400000,2025-03-02 10:00:00,2.2719,2.2838,2.2503,2.2727,47918131.0
1740916800000,2025-03-02 14:00:00,2.2727,2.7084,2.2185,2.5986,427975289.0
1740931200000,2025-03-02 18:00:00,2.5986,3.0115,2.595,2.87,675181985.0
1740945600000,2025-03-02 22:00:00,2.87,2.9622,2.8344,2.9379,142544971.0
1740960000000,2025-03-03 02:00:00,2.9379,2.9687,2.7617,2.7935,180176922.0
1740974400000,2025-03-03 06:00:00,2.7935,2.8234,2.6305,2.6883,157922371.0
1740988800000,2025-03-03 10:00:00,2.6883,2.6955,2.5256,2.6328,215756280.0
1741003200000,2025-03-03 14:00:00,2.6328,2.7145,2.5536,2.5974,228072427.0
1741017600000,2025-03-03 18:00:00,2.5974,2.6357,2.3389,2.3462,306885876.0
1741032000000,2025-03-03 22:00:00,2.3462,2.4216,2.2959,2.3859,194018888.0
1741046400000,2025-03-04 02:00:00,2.3859,2.4206,2.2101,2.2968,216303262.0
1741060800000,2025-03-04 06:00:00,2.2968,2.3753,2.2861,2.3191,121865390.0
1741075200000,2025-03-04 10:00:00,2.3191,2.4127,2.2999,2.3584,116667042.0
1741089600000,2025-03-04 14:00:00,2.3584,2.5245,2.2862,2.4022,329875602.0
1741104000000,2025-03-04 18:00:00,2.4022,2.5185,2.3098,2.4927,213640043.0
1741118400000,2025-03-04 22:00:00,2.4927,2.5372,2.4261,2.4527,97383441.0
1741132800000,2025-03-05 02:00:00,2.4527,2.5394,2.4313,2.4372,83916004.0
1741147200000,2025-03-05 06:00:00,2.4372,2.4585,2.4048,2.4458,66115764.0
1741161600000,2025-03-05 10:00:00,2.4458,2.5394,2.4432,2.478,104894958.0
1741176000000,2025-03-05 14:00:00,2.478,2.506,2.4132,2.4463,135128593.0
1741190400000,2025-03-05 18:00:00,2.4463,2.5169,2.4234,2.4947,85226589.0
1741204800000,2025-03-05 22:00:00,2.4947,2.5141,2.4857,2.4981,32159360.0
1741219200000,2025-03-06 02:00:00,2.4981,2.548,2.4682,2.5119,62011503.0
1741233600000,2025-03-06 06:00:00,2.5119,2.5539,2.4991,2.511,55839094.0
1741248000000,2025-03-06 10:00:00,2.511,2.6446,2.5086,2.6101,146078694.0
1741262400000,2025-03-06 14:00:00,2.6101,2.6405,2.5452,2.6202,156047060.0
1741276800000,2025-03-06 18:00:00,2.6202,2.6386,2.5252,2.5832,110112448.0
1741291200000,2025-03-06 22:00:00,2.5832,2.6257,2.5722,2.5981,54121376.0
1741305600000,2025-03-07 02:00:00,2.5981,2.62,2.3713,2.4699,255666021.0
1741320000000,2025-03-07 06:00:00,2.4699,2.5175,2.466,2.5056,55926337.0
1741334400000,2025-03-07 10:00:00,2.5056,2.5693,2.4916,2.5293,69002382.0
1741348800000,2025-03-07 14:00:00,2.5293,2.5557,2.4807,2.5016,172985120.0
1741363200000,2025-03-07 18:00:00,2.5016,2.5223,2.3828,2.481,207046390.0
1741377600000,2025-03-07 22:00:00,2.481,2.5322,2.3417,2.3837,192873047.0
1741392000000,2025-03-08 02:00:00,2.3837,2.4096,2.3253,2.3422,74429436.0
1741406400000,2025-03-08 06:00:00,2.3422,2.3749,2.3302,2.3608,39339559.0
1741420800000,2025-03-08 10:00:00,2.3608,2.367,2.3002,2.3152,63952659.0
1741435200000,2025-03-08 14:00:00,2.3152,2.3647,2.3036,2.3499,56829412.0
1741449600000,2025-03-08 18:00:00,2.3499,2.3599,2.3081,2.3539,51421411.0
1741464000000,2025-03-08 22:00:00,2.3539,2.3633,2.3117,2.3248,30783499.0
1741478400000,2025-03-09 02:00:00,2.3248,2.3503,2.3026,2.3213,38428915.0
1741492800000,2025-03-09 06:00:00,2.3213,2.3431,2.3084,2.3378,36585823.0
1741507200000,2025-03-09 10:00:00,2.3378,2.3403,2.2394,2.253,84585015.0
1741521600000,2025-03-09 14:00:00,2.253,2.2546,2.1637,2.1837,132544636.0
1741536000000,2025-03-09 18:00:00,2.1837,2.1964,2.0816,2.1613,222664430.0
1741550400000,2025-03-09 22:00:00,2.1613,2.2022,2.116,2.1378,122790578.0
1741564800000,2025-03-10 02:00:00,2.1378,2.2015,2.0854,2.1691,140903157.0
1741579200000,2025-03-10 06:00:00,2.1691,2.203,2.1566,2.1829,68038750.0
1741593600000,2025-03-10 10:00:00,2.1829,2.2604,2.1284,2.2117,173343555.0
1741608000000,2025-03-10 14:00:00,2.2117,2.2249,2.0651,2.1171,196303261.0
1741622400000,2025-03-10 18:00:00,2.1171,2.127,1.9903,2.0742,236898895.0
1741636800000,2025-03-10 22:00:00,2.0742,2.0905,2.0107,2.0202,91115811.0
1741651200000,2025-03-11 02:00:00,2.0202,2.0639,1.8975,2.0446,282208827.0
1741665600000,2025-03-11 06:00:00,2.0446,2.1289,2.0397,2.0942,113392422.0
1741680000000,2025-03-11 10:00:00,2.0942,2.1638,2.0884,2.1544,92636160.0
1741694400000,2025-03-11 14:00:00,2.1544,2.1599,2.0543,2.1341,215733721.0
1741708800000,2025-03-11 18:00:00,2.1341,2.2122,2.0785,2.2069,115651440.0
1741723200000,2025-03-11 22:00:00,2.2069,2.2094,2.1623,2.17,52775904.0
1741737600000,2025-03-12 02:00:00,2.17,2.2456,2.1589,2.1672,94284799.0
1741752000000,2025-03-12 06:00:00,2.1672,2.1929,2.1415,2.1871,88915416.0
1741766400000,2025-03-12 10:00:00,2.1871,2.2374,2.1663,2.2127,108704797.0
1741780800000,2025-03-12 14:00:00,2.2127,2.2764,2.1308,2.2014,267402097.0
1741795200000,2025-03-12 18:00:00,2.2014,2.2532,2.1857,2.2369,169268310.0
1741809600000,2025-03-12 22:00:00,2.2369,2.2433,2.2098,2.2387,45505114.0
1741824000000,2025-03-13 02:00:00,2.2387,2.2587,2.2251,2.2398,41014048.0
1741838400000,2025-03-13 06:00:00,2.2398,2.2532,2.2162,2.2332,55021803.0
1741852800000,2025-03-13 10:00:00,2.2332,2.2883,2.2116,2.2832,83315044.0
1741867200000,2025-03-13 14:00:00,2.2832,2.3462,2.2723,2.2867,234243655.0
1741881600000,2025-03-13 18:00:00,2.2867,2.3073,2.2129,2.2368,134900825.0
1741896000000,2025-03-13 22:00:00,2.2368,2.2746,2.2162,2.2507,57794173.0
1741910400000,2025-03-14 02:00:00,2.2507,2.299,2.2352,2.2896,63594605.0
1741924800000,2025-03-14 06:00:00,2.2896,2.313,2.2788,2.2932,65666087.0
1741939200000,2025-03-14 10:00:00,2.2932,2.3315,2.2886,2.3151,72543013.0
1741953600000,2025-03-14 14:00:00,2.3151,2.3882,2.2954,2.3566,141488296.0
1741968000000,2025-03-14 18:00:00,2.3566,2.3714,2.3343,2.3534,53727731.0
1741982400000,2025-03-14 22:00:00,2.3534,2.3715,2.3298,2.3554,40762437.0
1741996800000,2025-03-15 02:00:00,2.3554,2.4291,2.3509,2.4237,54982943.0
1742011200000,2025-03-15 06:00:00,2.4237,2.4742,2.3726,2.3911,106889198.0
1742025600000,2025-03-15 10:00:00,2.3911,2.424,2.3846,2.423,60797518.0
1742040000000,2025-03-15 14:00:00,2.423,2.4527,2.4107,2.4245,73250459.0
1742054400000,2025-03-15 18:00:00,2.4245,2.4269,2.3913,2.4001,47005235.0
1742068800000,2025-03-15 22:00:00,2.4001,2.4172,2.3806,2.3898,34589723.0
1742083200000,2025-03-16 02:00:00,2.3898,2.4094,2.3614,2.3811,53107817.0
1742097600000,2025-03-16 06:00:00,2.3811,2.3955,2.3656,2.3797,33537399.0
1742112000000,2025-03-16 10:00:00,2.3797,2.3841,2.2862,2.297,106000399.0
1742126400000,2025-03-16 14:00:00,2.297,2.324,2.2663,2.2947,111972268.0
1742140800000,2025-03-16 18:00:00,2.2947,2.3594,2.2824,2.2936,97900519.0
1742155200000,2025-03-16 22:00:00,2.2936,2.32,2.2808,2.2932,40999494.0
1742169600000,2025-03-17 02:00:00,2.2932,2.3569,2.2908,2.3532,45373029.0
1742184000000,2025-03-17 06:00:00,2.3532,2.3684,2.3054,2.335,60380660.0
1742198400000,2025-03-17 10:00:00,2.335,2.3544,2.319,2.3365,50938509.0
1742212800000,2025-03-17 14:00:00,2.3365,2.3646,2.305,2.344,99291637.0
1742227200000,2025-03-17 18:00:00,2.344,2.3774,2.3286,2.3592,52984856.0
1742241600000,2025-03-17 22:00:00,2.3592,2.3621,2.332,2.3365,31164399.0
1742256000000,2025-03-18 02:00:00,2.3365,2.3384,2.2722,2.2843,60949456.0
1742270400000,2025-03-18 06:00:00,2.2843,2.3005,2.2422,2.2882,78346435.0
1742284800000,2025-03-18 10:00:00,2.2882,2.304,2.2582,2.2607,61364048.0
1742299200000,2025-03-18 14:00:00,2.2607,2.2674,2.2222,2.2356,87916609.0
1742313600000,2025-03-18 18:00:00,2.2356,2.2651,2.2211,2.2613,61779480.0
1742328000000,2025-03-18 22:00:00,2.2613,2.2933,2.249,2.2838,39100025.0
1742342400000,2025-03-19 02:00:00,2.2838,2.3073,2.2635,2.2935,45388660.0
1742356800000,2025-03-19 06:00:00,2.2935,2.3034,2.2816,2.2924,36662805.0
1742371200000,2025-03-19 10:00:00,2.2924,2.3494,2.2922,2.3353,73275896.0
1742385600000,2025-03-19 14:00:00,2.3353,2.59,2.3163,2.5532,550605413.0
1742400000000,2025-03-19 18:00:00,2.5532,2.5658,2.4513,2.4867,266809544.0
1742414400000,2025-03-19 22:00:00,2.4867,2.5699,2.4747,2.546,94914091.0
1742428800000,2025-03-20 02:00:00,2.546,2.5649,2.477,2.4842,80886257.0
1742443200000,2025-03-20 06:00:00,2.4842,2.4871,2.4301,2.4629,78374430.0
1742457600000,2025-03-20 10:00:00,2.4629,2.5175,2.4627,2.4899,112597660.0
1742472000000,2025-03-20 14:00:00,2.4899,2.5176,2.4359,2.4374,121353939.0
1742486400000,2025-03-20 18:00:00,2.4374,2.4557,2.3865,2.4344,134527591.0
1742500800000,2025-03-20 22:00:00,2.4344,2.4536,2.4117,2.4348,45633215.0
1742515200000,2025-03-21 02:00:00,2.4348,2.4661,2.4101,2.4222,69443591.0
1742529600000,2025-03-21 06:00:00,2.4222,2.4341,2.3816,2.4069,65580675.0
1742544000000,2025-03-21 10:00:00,2.4069,2.4191,2.3701,2.3871,68335380.0
1742558400000,2025-03-21 14:00:00,2.3871,2.398,2.3545,2.3718,83101367.0
1742572800000,2025-03-21 18:00:00,2.3718,2.424,2.3602,2.4007,72273405.0
1742587200000,2025-03-21 22:00:00,2.4007,2.4148,2.3727,2.3791,33415955.0
1742601600000,2025-03-22 02:00:00,2.3791,2.4058,2.3715,2.3879,33560238.0
1742616000000,2025-03-22 06:00:00,2.3879,2.4121,2.3836,2.4002,26914034.0
1742630400000,2025-03-22 10:00:00,2.4002,2.4169,2.3826,2.3919,37200124.0
1742644800000,2025-03-22 14:00:00,2.3919,2.3957,2.3648,2.3765,38639476.0
1742659200000,2025-03-22 18:00:00,2.3765,2.3918,2.3717,2.3797,28525268.0
1742673600000,2025-03-22 22:00:00,2.3797,2.3828,2.3562,2.3697,29701630.0
1742688000000,2025-03-23 02:00:00,2.3697,2.3919,2.3637,2.3881,27499255.0
1742702400000,2025-03-23 06:00:00,2.3881,2.4014,2.3763,2.3948,24552432.0
1742716800000,2025-03-23 10:00:00,2.3948,2.4278,2.3834,2.4044,45482305.0
1742731200000,2025-03-23 14:00:00,2.4044,2.4219,2.392,2.4121,40387806.0
1742745600000,2025-03-23 18:00:00,2.4121,2.4163,2.3843,2.3988,33290497.0
1742760000000,2025-03-23 22:00:00,2.3988,2.4409,2.3863,2.4381,47727509.0
1742774400000,2025-03-24 02:00:00,2.4381,2.4566,2.4118,2.4421,53179375.0
1742788800000,2025-03-24 06:00:00,2.4421,2.4687,2.4369,2.4422,59414215.0
1742803200000,2025-03-24 10:00:00,2.4422,2.4767,2.4418,2.4584,58315626.0
1742817600000,2025-03-24 14:00:00,2.4584,2.5034,2.4401,2.4728,73362352.0
1742832000000,2025-03-24 18:00:00,2.4728,2.476,2.4442,2.464,41751665.0
1742846400000,2025-03-24 22:00:00,2.464,2.4765,2.4207,2.4479,47435442.0
1742860800000,2025-03-25 02:00:00,2.4479,2.4717,2.4072,2.4131,61769928.0
1742875200000,2025-03-25 06:00:00,2.4131,2.4341,2.4055,2.4211,41303212.0
1742889600000,2025-03-25 10:00:00,2.4211,2.449,2.4188,2.4432,29984461.0
1742904000000,2025-03-25 14:00:00,2.4432,2.4569,2.4251,2.4362,59062627.0
1742918400000,2025-03-25 18:00:00,2.4362,2.4777,2.422,2.4579,77501268.0
1742932800000,2025-03-25 22:00:00,2.4579,2.4689,2.4307,2.448,40926754.0
1742947200000,2025-03-26 02:00:00,2.448,2.4799,2.4335,2.4372,47304702.0
1742961600000,2025-03-26 06:00:00,2.4372,2.4699,2.4343,2.4641,39057253.0
1742976000000,2025-03-26 10:00:00,2.4641,2.4722,2.4506,2.4562,34241787.0
1742990400000,2025-03-26 14:00:00,2.4562,2.4587,2.3928,2.4038,91226601.0
1743004800000,2025-03-26 18:00:00,2.4038,2.4121,2.3568,2.3703,59030890.0
1743019200000,2025-03-26 22:00:00,2.3703,2.3875,2.3266,2.3477,71669768.0
1743033600000,2025-03-27 02:00:00,2.3477,2.3885,2.3435,2.3765,46911333.0
1743048000000,2025-03-27 06:00:00,2.3765,2.3794,2.3509,2.3628,38651985.0
1743062400000,2025-03-27 10:00:00,2.3628,2.3788,2.3376,2.3418,44011039.0
1743076800000,2025-03-27 14:00:00,2.3418,2.3645,2.3006,2.339,105575902.0
1743091200000,2025-03-27 18:00:00,2.339,2.3553,2.3178,2.3386,52648967.0
1743105600000,2025-03-27 22:00:00,2.3386,2.359,2.3283,2.3399,42814199.0
1743120000000,2025-03-28 02:00:00,2.3399,2.3425,2.3001,2.3094,110430776.0
1743134400000,2025-03-28 06:00:00,2.3094,2.313,2.216,2.2201,149968059.0
1743148800000,2025-03-28 10:00:00,2.2201,2.2423,2.192,2.2255,96720513.0
1743163200000,2025-03-28 14:00:00,2.2255,2.2457,2.1732,2.1773,158874388.0
1743177600000,2025-03-28 18:00:00,2.1773,2.1918,2.1515,2.1786,77141128.0
1743192000000,2025-03-28 22:00:00,2.1786,2.2103,2.1568,2.2056,58897836.0
1743206400000,2025-03-29 02:00:00,2.2056,2.2239,2.1268,2.1748,78885854.0
1743220800000,2025-03-29 06:00:00,2.1748,2.1849,2.1094,2.1212,78484156.0
1743235200000,2025-03-29 10:00:00,2.1212,2.143,2.0593,2.085,155252455.0
1743249600000,2025-03-29 14:00:00,2.085,2.1391,2.0802,2.1062,112888996.0
1743264000000,2025-03-29 18:00:00,2.1062,2.135,2.0704,2.1311,97493485.0
1743278400000,2025-03-29 22:00:00,2.1311,2.1416,2.1002,2.134,45934216.0
1743292800000,2025-03-30 02:00:00,2.134,2.213,2.1146,2.1808,103391652.0
1743307200000,2025-03-30 06:00:00,2.1808,2.1927,2.1584,2.1746,64005631.0
1743321600000,2025-03-30 10:00:00,2.1746,2.1976,2.1522,2.1615,74073020.0
1743336000000,2025-03-30 14:00:00,2.1615,2.1682,2.1215,2.1363,90933206.0
1743350400000,2025-03-30 18:00:00,2.1363,2.17,2.1133,2.1423,94431045.0
1743364800000,2025-03-30 22:00:00,2.1423,2.1629,2.1053,2.1356,76879335.0
1743379200000,2025-03-31 02:00:00,2.1356,2.14,2.0772,2.0795,133546129.0
1743393600000,2025-03-31 06:00:00,2.0795,2.1138,2.0514,2.0643,111920030.0
1743408000000,2025-03-31 10:00:00,2.0643,2.0925,2.0226,2.081,166078629.0
1743422400000,2025-03-31 14:00:00,2.081,2.1393,2.0579,2.117,177069720.0
1743436800000,2025-03-31 18:00:00,2.117,2.1303,2.079,2.0895,86683727.0
1743451200000,2025-03-31 22:00:00,2.0895,2.1039,2.0736,2.0885,51969411.0
1743465600000,2025-04-01 02:00:00,2.0885,2.1149,2.0634,2.0969,62055324.0
1743480000000,2025-04-01 06:00:00,2.0969,2.1191,2.0876,2.094,73966824.0
1743494400000,2025-04-01 10:00:00,2.094,2.1984,2.0934,2.1328,184772473.0
1743508800000,2025-04-01 14:00:00,2.1328,2.1815,2.092,2.158,179751227.0
1743523200000,2025-04-01 18:00:00,2.158,2.168,2.1194,2.1372,65170808.0
1743537600000,2025-04-01 22:00:00,2.1372,2.1529,2.1192,2.1379,42270315.0
1743552000000,2025-04-02 02:00:00,2.1379,2.1386,2.0821,2.0979,77169863.0
1743566400000,2025-04-02 06:00:00,2.0979,2.1118,2.0655,2.1073,98164380.0
1743580800000,2025-04-02 10:00:00,2.1073,2.1356,2.0974,2.113,98841117.0
1743595200000,2025-04-02 14:00:00,2.113,2.1945,2.0967,2.1717,194251649.0
1743609600000,2025-04-02 18:00:00,2.1717,2.1794,2.13,2.1582,96973434.0
1743624000000,2025-04-02 22:00:00,2.1582,2.234,1.9815,2.0209,384948722.0
1743638400000,2025-04-03 02:00:00,2.0209,2.0697,2.0043,2.0619,110628037.0
1743652800000,2025-04-03 06:00:00,2.0619,2.081,2.0296,2.0507,78499713.0
1743667200000,2025-04-03 10:00:00,2.0507,2.0564,2.0113,2.0327,80570686.0
1743681600000,2025-04-03 14:00:00,2.0327,2.0414,1.9571,2.0038,214094769.0
1743696000000,2025-04-03 18:00:00,2.0038,2.0727,1.9905,2.052,110082462.0
1743710400000,2025-04-03 22:00:00,2.052,2.0675,2.0342,2.0629,65115034.0
1743724800000,2025-04-04 02:00:00,2.0629,2.0769,2.0354,2.0488,68845176.0
1743739200000,2025-04-04 06:00:00,2.0488,2.0942,2.0409,2.0891,81588440.0
1743753600000,2025-04-04 10:00:00,2.0891,2.1021,2.0144,2.0462,140061413.0
1743768000000,2025-04-04 14:00:00,2.0462,2.1624,2.0367,2.1215,361195389.0
1743782400000,2025-04-04 18:00:00,2.1215,2.1465,2.0975,2.1273,136227866.0
1743796800000,2025-04-04 22:00:00,2.1273,2.1554,2.1111,2.1291,52630466.0
1743811200000,2025-04-05 02:00:00,2.1291,2.1437,2.1128,2.1165,35664001.0
1743825600000,2025-04-05 06:00:00,2.1165,2.1399,2.1147,2.1355,35233226.0
1743840000000,2025-04-05 10:00:00,2.1355,2.1706,2.1268,2.1596,61827687.0
1743854400000,2025-04-05 14:00:00,2.1596,2.1762,2.1156,2.1215,100382866.0
1743868800000,2025-04-05 18:00:00,2.1215,2.138,2.1147,2.1184,38811479.0
1743883200000,2025-04-05 22:00:00,2.1184,2.1478,2.1158,2.1435,29776559.0
1743897600000,2025-04-06 02:00:00,2.1435,2.1585,2.1218,2.1295,37632933.0
1743912000000,2025-04-06 06:00:00,2.1295,2.1371,2.0846,2.0929,61407617.0
1743926400000,2025-04-06 10:00:00,2.0929,2.1016,2.077,2.0847,50901849.0
1743940800000,2025-04-06 14:00:00,2.0847,2.0942,2.0444,2.0733,96391431.0
1743955200000,2025-04-06 18:00:00,2.0733,2.0744,1.9733,1.9939,198294430.0
1743969600000,2025-04-06 22:00:00,1.9939,2.003,1.8614,1.9208,328680906.0
1743984000000,2025-04-07 02:00:00,1.9208,1.9531,1.7984,1.8222,261838001.0
1743998400000,2025-04-07 06:00:00,1.8222,1.8365,1.6121,1.6776,609434414.0
1744012800000,2025-04-07 10:00:00,1.6776,1.814,1.673,1.7638,330390271.0
1744027200000,2025-04-07 14:00:00,1.7638,2.0077,1.7452,1.873,756698908.0
1744041600000,2025-04-07 18:00:00,1.873,1.9245,1.8361,1.8879,218867397.0
1744056000000,2025-04-07 22:00:00,1.8879,1.9486,1.8872,1.8975,125078560.0
1744070400000,2025-04-08 02:00:00,1.8975,1.9347,1.859,1.9031,140365887.0
1744084800000,2025-04-08 06:00:00,1.9031,1.9182,1.8469,1.8664,102841061.0
1744099200000,2025-04-08 10:00:00,1.8664,1.9698,1.8495,1.958,158788806.0
1744113600000,2025-04-08 14:00:00,1.958,1.9744,1.8894,1.9034,326363575.0
1744128000000,2025-04-08 18:00:00,1.9034,1.9086,1.8044,1.8246,311395927.0
1744142400000,2025-04-08 22:00:00,1.8246,1.8426,1.776,1.7958,142088478.0
1744156800000,2025-04-09 02:00:00,1.7958,1.8125,1.7207,1.7468,265462732.0
1744171200000,2025-04-09 06:00:00,1.7468,1.838,1.7428,1.8306,179229987.0
1744185600000,2025-04-09 10:00:00,1.8306,1.8443,1.7628,1.7809,174609443.0
1744200000000,2025-04-09 14:00:00,1.7809,1.8643,1.7642,1.828,233494095.0
1744214400000,2025-04-09 18:00:00,1.828,2.0849,1.8226,2.038,525641387.0
1744228800000,2025-04-09 22:00:00,2.038,2.0884,2.0309,2.0525,118320246.0
1744243200000,2025-04-10 02:00:00,2.0525,2.0568,1.9697,2.0013,111786090.0
1744257600000,2025-04-10 06:00:00,2.0013,2.0168,1.9728,1.9895,105152277.0
1744272000000,2025-04-10 10:00:00,1.9895,2.0145,1.9784,1.9988,79812823.0
1744286400000,2025-04-10 14:00:00,1.9988,2.0483,1.9206,1.9325,255824601.0
1744300800000,2025-04-10 18:00:00,1.9325,1.9728,1.922,1.9612,135635898.0
1744315200000,2025-04-10 22:00:00,1.9612,1.996,1.9573,1.9645,54552891.0
1744329600000,2025-04-11 02:00:00,1.9645,2.0061,1.9462,1.9998,80127963.0
1744344000000,2025-04-11 06:00:00,1.9998,2.013,1.9898,2.0041,66604760.0
1744358400000,2025-04-11 10:00:00,2.0041,2.033,1.9947,2.0085,95394073.0
1744372800000,2025-04-11 14:00:00,2.0085,2.0261,1.983,2.0005,118858082.0
1744387200000,2025-04-11 18:00:00,2.0005,2.0638,1.9915,2.0435,94358738.0
1744401600000,2025-04-11 22:00:00,2.0435,2.052,2.0114,2.0214,46686807.0
1744416000000,2025-04-12 02:00:00,2.0214,2.0256,2.0024,2.0126,33582972.0
1744430400000,2025-04-12 06:00:00,2.0126,2.0589,2.0087,2.0539,46802602.0
1744444800000,2025-04-12 10:00:00,2.0539,2.0739,2.0498,2.0609,58631564.0
1744459200000,2025-04-12 14:00:00,2.0609,2.1863,2.059,2.1519,181243823.0
1744473600000,2025-04-12 18:00:00,2.1519,2.1628,2.1158,2.1368,76289434.0
1744488000000,2025-04-12 22:00:00,2.1368,2.1661,2.1342,2.1592,45135911.0
1744502400000,2025-04-13 02:00:00,2.1592,2.1742,2.1329,2.1551,69004890.0
1744516800000,2025-04-13 06:00:00,2.1551,2.1589,2.1254,2.1457,42944526.0
1744531200000,2025-04-13 10:00:00,2.1457,2.2463,2.1337,2.2,150021293.0
1744545600000,2025-04-13 14:00:00,2.2,2.2062,2.13,2.146,126505709.0
1744560000000,2025-04-13 18:00:00,2.146,2.1842,2.0927,2.1192,105616821.0
1744574400000,2025-04-13 22:00:00,2.1192,2.1434,2.0801,2.1183,84842559.0
1744588800000,2025-04-14 02:00:00,2.1183,2.1798,2.1114,2.1391,92866994.0
1744603200000,2025-04-14 06:00:00,2.1391,2.1586,2.1022,2.1267,57307297.0
1744617600000,2025-04-14 10:00:00,2.1267,2.1559,2.1152,2.1553,68850555.0
1744632000000,2025-04-14 14:00:00,2.1553,2.1776,2.1086,2.1143,132908835.0
1744646400000,2025-04-14 18:00:00,2.1143,2.1647,2.1041,2.1515,82313036.0
1744660800000,2025-04-14 22:00:00,2.1515,2.1567,2.1212,2.1265,38255631.0
1744675200000,2025-04-15 02:00:00,2.1265,2.1556,2.1148,2.1526,62517890.0
1744689600000,2025-04-15 06:00:00,2.1526,2.16,2.1316,2.151,40067335.0
1744704000000,2025-04-15 10:00:00,2.151,2.185,2.1437,2.1506,69207674.0
1744718400000,2025-04-15 14:00:00,2.1506,2.184,2.1251,2.1332,118449824.0
1744732800000,2025-04-15 18:00:00,2.1332,2.1417,2.1025,2.1162,61491384.0
1744747200000,2025-04-15 22:00:00,2.1162,2.1256,2.0824,2.0834,55757897.0
1744761600000,2025-04-16 02:00:00,2.0834,2.0968,2.0648,2.0808,57870540.0
1744776000000,2025-04-16 06:00:00,2.0808,2.0901,2.0417,2.0494,67067093.0
1744790400000,2025-04-16 10:00:00,2.0494,2.0884,2.0337,2.0877,72939505.0
1744804800000,2025-04-16 14:00:00,2.0877,2.1201,2.0632,2.0932,94922913.0
1744819200000,2025-04-16 18:00:00,2.0932,2.1282,2.0454,2.1053,148203696.0
1744833600000,2025-04-16 22:00:00,2.1053,2.1157,2.077,2.0823,40206490.0
1744848000000,2025-04-17 02:00:00,2.0823,2.0883,2.0595,2.0687,40919793.0
1744862400000,2025-04-17 06:00:00,2.0687,2.108,2.066,2.0908,55888588.0
1744876800000,2025-04-17 10:00:00,2.0908,2.107,2.0845,2.1021,43349938.0
1744891200000,2025-04-17 14:00:00,2.1021,2.1147,2.0554,2.0662,102777392.0
1744905600000,2025-04-17 18:00:00,2.0662,2.1042,2.0476,2.0642,92753292.0
1744920000000,2025-04-17 22:00:00,2.0642,2.0798,2.0589,2.0665,34632151.0
1744934400000,2025-04-18 02:00:00,2.0665,2.0683,2.0417,2.0542,35686075.0
1744948800000,2025-04-18 06:00:00,2.0542,2.071,2.0453,2.068,42958049.0
1744963200000,2025-04-18 10:00:00,2.068,2.0805,2.0667,2.0792,35855139.0
1744977600000,2025-04-18 14:00:00,2.0792,2.085,2.055,2.057,46449503.0
1744992000000,2025-04-18 18:00:00,2.057,2.0886,2.0539,2.0795,37350240.0
1745006400000,2025-04-18 22:00:00,2.0795,2.0854,2.0527,2.0604,26489608.0
1745020800000,2025-04-19 02:00:00,2.0604,2.0861,2.0571,2.0841,27043226.0
1745035200000,2025-04-19 06:00:00,2.0841,2.0945,2.0765,2.0881,30885421.0
1745049600000,2025-04-19 10:00:00,2.0881,2.0972,2.0789,2.0806,29322314.0
1745064000000,2025-04-19 14:00:00,2.0806,2.092,2.0748,2.0759,26031710.0
1745078400000,2025-04-19 18:00:00,2.0759,2.094,2.0641,2.0829,33379769.0
1745092800000,2025-04-19 22:00:00,2.0829,2.0915,2.0792,2.0867,12602820.0
1745107200000,2025-04-20 02:00:00,2.0867,2.0939,2.0781,2.0822,28829014.0
1745121600000,2025-04-20 06:00:00,2.0822,2.0859,2.0615,2.0681,32310121.0
1745136000000,2025-04-20 10:00:00,2.0681,2.0702,2.0368,2.0416,53157527.0
1745150400000,2025-04-20 14:00:00,2.0416,2.0603,2.0395,2.0477,33747722.0
1745164800000,2025-04-20 18:00:00,2.0477,2.086,2.044,2.0801,33546003.0
1745179200000,2025-04-20 22:00:00,2.0801,2.0908,2.0592,2.0772,47667423.0
1745193600000,2025-04-21 02:00:00,2.0772,2.1261,2.0755,2.1087,82143727.0
1745208000000,2025-04-21 06:00:00,2.1087,2.1395,2.1064,2.1256,39724933.0
1745222400000,2025-04-21 10:00:00,2.1256,2.1402,2.1072,2.1173,43252858.0
1745236800000,2025-04-21 14:00:00,2.1173,2.1384,2.1008,2.1135,63440231.0
1745251200000,2025-04-21 18:00:00,2.1135,2.1162,2.0581,2.0864,70884542.0
1745265600000,2025-04-21 22:00:00,2.0864,2.087,2.0691,2.0841,22060170.0
1745280000000,2025-04-22 02:00:00,2.0841,2.1028,2.0624,2.0824,44884238.0
1745294400000,2025-04-22 06:00:00,2.0824,2.0961,2.0667,2.0917,33901431.0
1745308800000,2025-04-22 10:00:00,2.0917,2.1078,2.0905,2.0989,37650473.0
1745323200000,2025-04-22 14:00:00,2.0989,2.1931,2.0932,2.1546,185051582.0
1745337600000,2025-04-22 18:00:00,2.1546,2.1718,2.1394,2.1537,67179927.0
1745352000000,2025-04-22 22:00:00,2.1537,2.2514,2.1471,2.2135,133661148.0
1745366400000,2025-04-23 02:00:00,2.2135,2.2367,2.193,2.2346,91149981.0
1745380800000,2025-04-23 06:00:00,2.2346,2.2641,2.2203,2.2564,85147502.0
1745395200000,2025-04-23 10:00:00,2.2564,2.3009,2.2491,2.2593,104811271.0
1745409600000,2025-04-23 14:00:00,2.2593,2.2981,2.1885,2.2267,216690092.0
1745424000000,2025-04-23 18:00:00,2.2267,2.25,2.199,2.2168,77186662.0
1745438400000,2025-04-23 22:00:00,2.2168,2.2295,2.2067,2.2174,26507208.0
1745452800000,2025-04-24 02:00:00,2.2174,2.2222,2.1704,2.1739,49967564.0
1745467200000,2025-04-24 06:00:00,2.1739,2.1925,2.1428,2.1486,65287453.0
1745481600000,2025-04-24 10:00:00,2.1486,2.1578,2.1163,2.1546,90511457.0
1745496000000,2025-04-24 14:00:00,2.1546,2.2361,2.1473,2.211,202588293.0
1745510400000,2025-04-24 18:00:00,2.211,2.2275,2.182,2.2051,62462876.0
1745524800000,2025-04-24 22:00:00,2.2051,2.2125,2.185,2.2042,31574126.0
1745539200000,2025-04-25 02:00:00,2.2042,2.2164,2.1619,2.1805,49486226.0
1745553600000,2025-04-25 06:00:00,2.1805,2.2039,2.1758,2.1942,43262902.0
1745568000000,2025-04-25 10:00:00,2.1942,2.2092,2.1828,2.2035,59364105.0
1745582400000,2025-04-25 14:00:00,2.2035,2.2186,2.1706,2.1994,110503291.0
1745596800000,2025-04-25 18:00:00,2.1994,2.2085,2.1809,2.1934,58082064.0
1745611200000,2025-04-25 22:00:00,2.1934,2.1992,2.1745,2.18,22592100.0
1745625600000,2025-04-26 02:00:00,2.18,2.2033,2.1778,2.1901,26039656.0
1745640000000,2025-04-26 06:00:00,2.1901,2.2476,2.1787,2.2194,60255023.0
1745654400000,2025-04-26 10:00:00,2.2194,2.2352,2.1835,2.193,57637288.0
1745668800000,2025-04-26 14:00:00,2.193,2.2013,2.1811,2.1987,32485267.0
1745683200000,2025-04-26 18:00:00,2.1987,2.2058,2.1909,2.1983,15792120.0
1745697600000,2025-04-26 22:00:00,2.1983,2.202,2.1845,2.1904,16613246.0
1745712000000,2025-04-27 02:00:00,2.1904,2.2046,2.1524,2.1747,58182267.0
1745726400000,2025-04-27 06:00:00,2.1747,2.178,2.159,2.171,23363814.0
1745740800000,2025-04-27 10:00:00,2.171,2.1828,2.168,2.1796,15831047.0
1745755200000,2025-04-27 14:00:00,2.1796,2.2699,2.172,2.227,160141045.0
1745769600000,2025-04-27 18:00:00,2.227,2.2835,2.2142,2.2834,56671807.0
1745784000000,2025-04-27 22:00:00,2.2834,2.294,2.2445,2.2514,74070481.0
1745798400000,2025-04-28 02:00:00,2.2514,2.264,2.2165,2.258,75876155.0
1745812800000,2025-04-28 06:00:00,2.258,2.3425,2.2555,2.3341,104063835.0
1745827200000,2025-04-28 10:00:00,2.3341,2.3613,2.3054,2.3176,98667095.0
1745841600000,2025-04-28 14:00:00,2.3176,2.3288,2.2471,2.2725,107239127.0
1745856000000,2025-04-28 18:00:00,2.2725,2.2958,2.2586,2.2909,51896505.0
1745870400000,2025-04-28 22:00:00,2.2909,2.3037,2.2826,2.2937,27482676.0
1745884800000,2025-04-29 02:00:00,2.2937,2.3142,2.2756,2.2865,44958903.0
1745899200000,2025-04-29 06:00:00,2.2865,2.291,2.2624,2.2848,37410525.0
1745913600000,2025-04-29 10:00:00,2.2848,2.3039,2.2751,2.2907,50000795.0
1745928000000,2025-04-29 14:00:00,2.2907,2.2924,2.2621,2.2915,54038487.0
1745942400000,2025-04-29 18:00:00,2.2915,2.3037,2.2811,2.2913,34914912.0
1745956800000,2025-04-29 22:00:00,2.2913,2.2951,2.2204,2.2366,68363295.0
1745971200000,2025-04-30 02:00:00,2.2366,2.25,2.2231,2.2473,29779431.0
1745985600000,2025-04-30 06:00:00,2.2473,2.2577,2.2064,2.219,40932545.0
1746000000000,2025-04-30 10:00:00,2.219,2.2377,2.21,2.2375,32644496.0
1746014400000,2025-04-30 14:00:00,2.2375,2.2389,2.1213,2.157,181874434.0
1746028800000,2025-04-30 18:00:00,2.157,2.2169,2.1479,2.1933,80719793.0
1746043200000,2025-04-30 22:00:00,2.1933,2.2118,2.1875,2.1895,36230216.0
1746057600000,2025-05-01 02:00:00,2.1895,2.2194,2.1837,2.2029,31940334.0
1746072000000,2025-05-01 06:00:00,2.2029,2.2142,2.1919,2.1994,26223081.0
1746086400000,2025-05-01 10:00:00,2.1994,2.2448,2.1974,2.2366,50319089.0
1746100800000,2025-05-01 14:00:00,2.2366,2.2564,2.214,2.2352,76062110.0
1746115200000,2025-05-01 18:00:00,2.2352,2.2523,2.2161,2.2176,28734272.0
1746129600000,2025-05-01 22:00:00,2.2176,2.2273,2.2083,2.2109,23778500.0
1746144000000,2025-05-02 02:00:00,2.2109,2.2331,2.2064,2.2237,24348787.0
1746158400000,2025-05-02 06:00:00,2.2237,2.232,2.1903,2.1936,45157249.0
1746172800000,2025-05-02 10:00:00,2.1936,2.2194,2.1925,2.2145,26296093.0
1746187200000,2025-05-02 14:00:00,2.2145,2.2405,2.2047,2.2155,52609552.0
1746201600000,2025-05-02 18:00:00,2.2155,2.2356,2.1973,2.208,33127463.0
1746216000000,2025-05-02 22:00:00,2.208,2.2156,2.194,2.2084,17411847.0
1746230400000,2025-05-03 02:00:00,2.2084,2.2196,2.1959,2.2113,19369744.0
1746244800000,2025-05-03 06:00:00,2.2113,2.2178,2.1989,2.2024,16568382.0
1746259200000,2025-05-03 10:00:00,2.2024,2.2063,2.1826,2.187,25317489.0
1746273600000,2025-05-03 14:00:00,2.187,2.2147,2.187,2.209,29625421.0
1746288000000,2025-05-03 18:00:00,2.209,2.2104,2.1742,2.1926,38479942.0
1746302400000,2025-05-03 22:00:00,2.1926,2.1985,2.1821,2.1864,14989881.0
1746316800000,2025-05-04 02:00:00,2.1864,2.2184,2.1832,2.1975,35813942.0
1746331200000,2025-05-04 06:00:00,2.1975,2.2124,2.1905,2.2102,20740964.0
1746345600000,2025-05-04 10:00:00,2.2102,2.2106,2.175,2.1877,34553081.0
1746360000000,2025-05-04 14:00:00,2.1877,2.2046,2.1703,2.1957,34268300.0
1746374400000,2025-05-04 18:00:00,2.1957,2.1985,2.1612,2.1745,32300019.0
1746388800000,2025-05-04 22:00:00,2.1745,2.1842,2.1484,2.1547,36529490.0
1746403200000,2025-05-05 02:00:00,2.1547,2.1698,2.1301,2.146,43538694.0
1746417600000,2025-05-05 06:00:00,2.146,2.1836,2.1455,2.1755,32404099.0
1746432000000,2025-05-05 10:00:00,2.1755,2.1988,2.1361,2.1412,58947442.0
1746446400000,2025-05-05 14:00:00,2.1412,2.1528,2.1045,2.1137,85495089.0
1746460800000,2025-05-05 18:00:00,2.1137,2.1606,2.1124,2.1406,44865818.0
1746475200000,2025-05-05 22:00:00,2.1406,2.1492,2.1135,2.1296,42473348.0
1746489600000,2025-05-06 02:00:00,2.1296,2.1395,2.0923,2.1174,46082220.0
1746504000000,2025-05-06 06:00:00,2.1174,2.1237,2.0912,2.0978,32176480.0
1746518400000,2025-05-06 10:00:00,2.0978,2.1075,2.0789,2.0889,54951857.0
1746532800000,2025-05-06 14:00:00,2.0889,2.1221,2.0761,2.1099,61423891.0
1746547200000,2025-05-06 18:00:00,2.1099,2.1459,2.1025,2.1354,53328901.0
1746561600000,2025-05-06 22:00:00,2.1354,2.159,2.11,2.1539,45023422.0
1746576000000,2025-05-07 02:00:00,2.1539,2.171,2.137,2.1469,37271450.0
1746590400000,2025-05-07 06:00:00,2.1469,2.1537,2.1274,2.1407,25187663.0
1746604800000,2025-05-07 10:00:00,2.1407,2.151,2.1351,2.142,21827377.0
1746619200000,2025-05-07 14:00:00,2.142,2.1446,2.1203,2.1254,38387573.0
1746633600000,2025-05-07 18:00:00,2.1254,2.1337,2.1012,2.1112,61270816.0
1746648000000,2025-05-07 22:00:00,2.1112,2.1363,2.1059,2.1257,27729935.0
1746662400000,2025-05-08 02:00:00,2.1257,2.1849,2.1167,2.1848,59694504.0
1746676800000,2025-05-08 06:00:00,2.1848,2.2058,2.1674,2.1878,64882613.0
1746691200000,2025-05-08 10:00:00,2.1878,2.2184,2.187,2.2077,63633902.0
1746705600000,2025-05-08 14:00:00,2.2077,2.2746,2.2022,2.2428,130575839.0
1746720000000,2025-05-08 18:00:00,2.2428,2.2747,2.2262,2.273,81364745.0
1746734400000,2025-05-08 22:00:00,2.273,2.3296,2.2575,2.3266,122252356.0
1746748800000,2025-05-09 02:00:00,2.3266,2.3329,2.2917,2.2941,69842961.0
1746763200000,2025-05-09 06:00:00,2.2941,2.3573,2.2821,2.3384,89889613.0
1746777600000,2025-05-09 10:00:00,2.3384,2.4297,2.3336,2.3949,250356159.0
1746792000000,2025-05-09 14:00:00,2.3949,2.4066,2.3305,2.3488,129345258.0
1746806400000,2025-05-09 18:00:00,2.3488,2.3677,2.3214,2.3574,57673573.0
1746820800000,2025-05-09 22:00:00,2.3574,2.3626,2.3311,2.3437,24386026.0
1746835200000,2025-05-10 02:00:00,2.3437,2.3802,2.3348,2.3667,48576934.0
1746849600000,2025-05-10 06:00:00,2.3667,2.3961,2.3505,2.3895,48135759.0
1746864000000,2025-05-10 10:00:00,2.3895,2.4389,2.3668,2.3793,96305272.0
1746878400000,2025-05-10 14:00:00,2.3793,2.4205,2.3792,2.3971,56490395.0
1746892800000,2025-05-10 18:00:00,2.3971,2.45,2.3942,2.4192,75706485.0
1746907200000,2025-05-10 22:00:00,2.4192,2.4777,2.4023,2.471,71473797.0
1746921600000,2025-05-11 02:00:00,2.471,2.4849,2.3807,2.4014,116701145.0
1746936000000,2025-05-11 06:00:00,2.4014,2.4172,2.3382,2.3537,73675061.0
1746950400000,2025-05-11 10:00:00,2.3537,2.3864,2.3475,2.3854,39634631.0
1746964800000,2025-05-11 14:00:00,2.3854,2.3887,2.3313,2.346,57961768.0
1746979200000,2025-05-11 18:00:00,2.346,2.3824,2.3266,2.3707,46297465.0
1746993600000,2025-05-11 22:00:00,2.3707,2.3792,2.354,2.3663,27251224.0
1747008000000,2025-05-12 02:00:00,2.3663,2.4083,2.3501,2.396,82110960.0
1747022400000,2025-05-12 06:00:00,2.396,2.4561,2.375,2.4132,111264967.0
1747036800000,2025-05-12 10:00:00,2.4132,2.4838,2.3907,2.4492,113233213.0
1747051200000,2025-05-12 14:00:00,2.4492,2.6573,2.448,2.5927,416193700.0
1747065600000,2025-05-12 18:00:00,2.5927,2.615,2.4293,2.5322,252869024.0
1747080000000,2025-05-12 22:00:00,2.5322,2.5559,2.5009,2.5437,71071317.0
1747094400000,2025-05-13 02:00:00,2.5437,2.5459,2.4223,2.4288,135082071.0
1747108800000,2025-05-13 06:00:00,2.4288,2.5162,2.4201,2.4984,79708662.0
1747123200000,2025-05-13 10:00:00,2.4984,2.5679,2.4857,2.5345,103045468.0
1747137600000,2025-05-13 14:00:00,2.5345,2.5628,2.5036,2.5433,121778194.0
1747152000000,2025-05-13 18:00:00,2.5433,2.605,2.5328,2.5801,103082774.0
1747166400000,2025-05-13 22:00:00,2.5801,2.6014,2.5546,2.5817,55028999.0
1747180800000,2025-05-14 02:00:00,2.5817,2.5971,2.5393,2.5563,67254998.0
1747195200000,2025-05-14 06:00:00,2.5563,2.6358,2.5463,2.6188,74496266.0
1747209600000,2025-05-14 10:00:00,2.6188,2.652,2.5603,2.6139,177248613.0
1747224000000,2025-05-14 14:00:00,2.6139,2.6257,2.5461,2.5602,99470370.0
1747238400000,2025-05-14 18:00:00,2.5602,2.5719,2.5164,2.566,72623772.0
1747252800000,2025-05-14 22:00:00,2.566,2.5701,2.5336,2.5494,32170052.0
1747267200000,2025-05-15 02:00:00,2.5494,2.571,2.5101,2.5213,54470938.0
1747281600000,2025-05-15 06:00:00,2.5213,2.5342,2.4458,2.459,81658353.0
1747296000000,2025-05-15 10:00:00,2.459,2.5007,2.4462,2.4763,85293269.0
1747310400000,2025-05-15 14:00:00,2.4763,2.4883,2.403,2.4644,146543558.0
1747324800000,2025-05-15 18:00:00,2.4644,2.5044,2.4187,2.4473,115949960.0
1747339200000,2025-05-15 22:00:00,2.4473,2.458,2.3513,2.3841,128280795.0
1747353600000,2025-05-16 02:00:00,2.3841,2.4166,2.3458,2.4112,101446769.0
1747368000000,2025-05-16 06:00:00,2.4112,2.4285,2.3991,2.4063,51231496.0
1747382400000,2025-05-16 10:00:00,2.4063,2.439,2.3702,2.4243,71038066.0
1747396800000,2025-05-16 14:00:00,2.4243,2.4384,2.4035,2.4222,68024371.0
1747411200000,2025-05-16 18:00:00,2.4222,2.4305,2.3925,2.4173,38485921.0
1747425600000,2025-05-16 22:00:00,2.4173,2.4226,2.3597,2.3787,56106982.0
1747440000000,2025-05-17 02:00:00,2.3787,2.3822,2.3113,2.369,97130671.0
1747454400000,2025-05-17 06:00:00,2.369,2.3886,2.362,2.3794,38551103.0
1747468800000,2025-05-17 10:00:00,2.3794,2.382,2.3393,2.3518,48860379.0
1747483200000,2025-05-17 14:00:00,2.3518,2.355,2.3151,2.332,47966059.0
1747497600000,2025-05-17 18:00:00,2.332,2.3486,2.2969,2.3335,69009924.0
1747512000000,2025-05-17 22:00:00,2.3335,2.3621,2.3245,2.3522,38318083.0
1747526400000,2025-05-18 02:00:00,2.3522,2.3676,2.3479,2.3573,29399836.0
1747540800000,2025-05-18 06:00:00,2.3573,2.3971,2.3572,2.3955,32054953.0
1747555200000,2025-05-18 10:00:00,2.3955,2.4054,2.3816,2.3866,43649449.0
1747569600000,2025-05-18 14:00:00,2.3866,2.4442,2.3776,2.4365,69647484.0
1747584000000,2025-05-18 18:00:00,2.4365,2.4488,2.3634,2.3682,125375726.0
1747598400000,2025-05-18 22:00:00,2.3682,2.4368,2.3301,2.4269,91166545.0
1747612800000,2025-05-19 02:00:00,2.4269,2.4404,2.3469,2.348,75732502.0
1747627200000,2025-05-19 06:00:00,2.348,2.3617,2.2806,2.3046,119621963.0
1747641600000,2025-05-19 10:00:00,2.3046,2.3252,2.2854,2.3229,56934537.0
1747656000000,2025-05-19 14:00:00,2.3229,2.3574,2.2882,2.3483,88883904.0
1747670400000,2025-05-19 18:00:00,2.3483,2.4006,2.3358,2.3978,71045778.0
1747684800000,2025-05-19 22:00:00,2.3978,2.3985,2.3651,2.3796,34033678.0
1747699200000,2025-05-20 02:00:00,2.3796,2.4084,2.3735,2.3816,51561732.0
1747713600000,2025-05-20 06:00:00,2.3816,2.3922,2.3448,2.3461,47142541.0
1747728000000,2025-05-20 10:00:00,2.3461,2.3582,2.333,2.3454,39421096.0
1747742400000,2025-05-20 14:00:00,2.3454,2.3459,2.3172,2.3412,56558105.0
1747756800000,2025-05-20 18:00:00,2.3412,2.3643,2.3127,2.3543,62878444.0
1747771200000,2025-05-20 22:00:00,2.3543,2.3637,2.3364,2.3551,38569983.0
1747785600000,2025-05-21 02:00:00,2.3551,2.3664,2.3289,2.3573,31886058.0
1747800000000,2025-05-21 06:00:00,2.3573,2.3875,2.3396,2.3474,59480597.0
1747814400000,2025-05-21 10:00:00,2.3474,2.3596,2.3289,2.3512,40309069.0
1747828800000,2025-05-21 14:00:00,2.3512,2.4059,2.3444,2.3989,95769341.0
1747843200000,2025-05-21 18:00:00,2.3989,2.4284,2.3331,2.3888,141811593.0
1747857600000,2025-05-21 22:00:00,2.3888,2.4157,2.3701,2.3945,49760706.0
1747872000000,2025-05-22 02:00:00,2.3945,2.4241,2.3883,2.4166,48201646.0
1747886400000,2025-05-22 06:00:00,2.4166,2.42,2.3863,2.4048,49754287.0
1747900800000,2025-05-22 10:00:00,2.4048,2.4556,2.403,2.4314,95968916.0
1747915200000,2025-05-22 14:00:00,2.4314,2.4384,2.407,2.4324,64488992.0
1747929600000,2025-05-22 18:00:00,2.4324,2.4386,2.4129,2.4219,35975208.0
1747944000000,2025-05-22 22:00:00,2.4219,2.4324,2.4045,2.4304,27675986.0
1747958400000,2025-05-23 02:00:00,2.4304,2.48,2.421,2.4732,69947534.0
1747972800000,2025-05-23 06:00:00,2.4732,2.4778,2.4057,2.4261,78419885.0
1747987200000,2025-05-23 10:00:00,2.4261,2.4533,2.35,2.3622,104398334.0
1748001600000,2025-05-23 14:00:00,2.3622,2.3827,2.2942,2.3608,154834373.0
1748016000000,2025-05-23 18:00:00,2.3608,2.3736,2.3376,2.3392,53486596.0
1748030400000,2025-05-23 22:00:00,2.3392,2.3441,2.2824,2.2954,66220470.0
1748044800000,2025-05-24 02:00:00,2.2954,2.3348,2.2843,2.3332,40334731.0
1748059200000,2025-05-24 06:00:00,2.3332,2.3466,2.3267,2.3348,30807508.0
1748073600000,2025-05-24 10:00:00,2.3348,2.3585,2.3298,2.3506,33456209.0
1748088000000,2025-05-24 14:00:00,2.3506,2.3561,2.3424,2.3512,22794706.0
1748102400000,2025-05-24 18:00:00,2.3512,2.3536,2.3363,2.3477,15898566.0
1748116800000,2025-05-24 22:00:00,2.3477,2.3496,2.3204,2.3292,25594832.0
1748131200000,2025-05-25 02:00:00,2.3292,2.3354,2.2912,2.3214,49631423.0
1748145600000,2025-05-25 06:00:00,2.3214,2.3246,2.3,2.3069,22325773.0
1748160000000,2025-05-25 10:00:00,2.3069,2.3069,2.2771,2.2915,51149948.0
1748174400000,2025-05-25 14:00:00,2.2915,2.3092,2.2637,2.2864,53761261.0
1748188800000,2025-05-25 18:00:00,2.2864,2.3119,2.2705,2.3046,26495395.0
1748203200000,2025-05-25 22:00:00,2.3046,2.3448,2.298,2.3407,43273695.0
1748217600000,2025-05-26 02:00:00,2.3407,2.3538,2.33,2.3418,39498059.0
1748232000000,2025-05-26 06:00:00,2.3418,2.3579,2.335,2.3484,36128385.0
1748246400000,2025-05-26 10:00:00,2.3484,2.3555,2.3281,2.3347,27645436.0
1748260800000,2025-05-26 14:00:00,2.3347,2.345,2.3104,2.3323,48072045.0
1748275200000,2025-05-26 18:00:00,2.3323,2.3361,2.2931,2.3112,38500418.0
1748289600000,2025-05-26 22:00:00,2.3112,2.3233,2.2988,2.3094,19960122.0
1748304000000,2025-05-27 02:00:00,2.3094,2.3161,2.266,2.295,54375986.0
1748318400000,2025-05-27 06:00:00,2.295,2.3099,2.2829,2.3007,40377333.0
1748332800000,2025-05-27 10:00:00,2.3007,2.3225,2.3007,2.3188,42905235.0
1748347200000,2025-05-27 14:00:00,2.3188,2.3539,2.3064,2.3367,71797986.0
1748361600000,2025-05-27 18:00:00,2.3367,2.3489,2.3307,2.3349,27850521.0
1748376000000,2025-05-27 22:00:00,2.3349,2.3368,2.3039,2.3156,30011240.0
1748390400000,2025-05-28 02:00:00,2.3156,2.3226,2.3018,2.3119,23873724.0
1748404800000,2025-05-28 06:00:00,2.3119,2.3155,2.2831,2.2947,31894994.0
1748419200000,2025-05-28 10:00:00,2.2947,2.3094,2.2865,2.3072,28707333.0
1748433600000,2025-05-28 14:00:00,2.3072,2.3145,2.251,2.2518,84897639.0
1748448000000,2025-05-28 18:00:00,2.2518,2.2673,2.2245,2.2264,73238467.0
1748462400000,2025-05-28 22:00:00,2.2264,2.2806,2.2254,2.2735,39899678.0
1748476800000,2025-05-29 02:00:00,2.2735,2.3126,2.2665,2.2902,56010563.0
1748491200000,2025-05-29 06:00:00,2.2902,2.2939,2.2722,2.2792,45700439.0
1748505600000,2025-05-29 10:00:00,2.2792,2.3035,2.2764,2.3012,40872980.0
1748520000000,2025-05-29 14:00:00,2.3012,2.3084,2.2648,2.2754,79990856.0
1748534400000,2025-05-29 18:00:00,2.2754,2.2918,2.2504,2.2634,61413396.0
1748548800000,2025-05-29 22:00:00,2.2634,2.2831,2.2361,2.2429,39653833.0
1748563200000,2025-05-30 02:00:00,2.2429,2.2512,2.1254,2.2164,184710868.0
1748577600000,2025-05-30 06:00:00,2.2164,2.2238,2.1732,2.1893,67950361.0
1748592000000,2025-05-30 10:00:00,2.1893,2.2141,2.1688,2.2055,54064624.0
1748606400000,2025-05-30 14:00:00,2.2055,2.2088,2.161,2.1821,77334260.0
1748620800000,2025-05-30 18:00:00,2.1821,2.2043,2.1325,2.185,93381402.0
1748635200000,2025-05-30 22:00:00,2.185,2.1962,2.1276,2.1382,68221617.0
1748649600000,2025-05-31 02:00:00,2.1382,2.1475,2.074,2.1089,154603779.0
1748664000000,2025-05-31 06:00:00,2.1089,2.1422,2.0978,2.1278,44423477.0
1748678400000,2025-05-31 10:00:00,2.1278,2.1521,2.1264,2.1383,41184873.0
1748692800000,2025-05-31 14:00:00,2.1383,2.18,2.1379,2.1717,57854974.0
1748707200000,2025-05-31 18:00:00,2.1717,2.2066,2.1688,2.1912,48790784.0
1748721600000,2025-05-31 22:00:00,2.1912,2.1993,2.1709,2.1731,32526764.0
1748736000000,2025-06-01 02:00:00,2.1731,2.1778,2.1462,2.1624,37452509.0
1748750400000,2025-06-01 06:00:00,2.1624,2.1755,2.1525,2.1576,21901450.0
1748764800000,2025-06-01 10:00:00,2.1576,2.1592,2.1213,2.1395,45518460.0
1748779200000,2025-06-01 14:00:00,2.1395,2.1554,2.1244,2.1514,34846329.0
1748793600000,2025-06-01 18:00:00,2.1514,2.1758,2.1446,2.1666,42876787.0
1748808000000,2025-06-01 22:00:00,2.1666,2.1868,2.1521,2.1781,28341589.0
1748822400000,2025-06-02 02:00:00,2.1781,2.1825,2.1496,2.1567,30846905.0
1748836800000,2025-06-02 06:00:00,2.1567,2.1788,2.1561,2.1627,30207354.0
1748851200000,2025-06-02 10:00:00,2.1627,2.1789,2.1341,2.1421,49594693.0
1748865600000,2025-06-02 14:00:00,2.1421,2.1632,2.1362,2.1585,52762863.0
1748880000000,2025-06-02 18:00:00,2.1585,2.1776,2.1477,2.1642,34811571.0
1748894400000,2025-06-02 22:00:00,2.1642,2.2049,2.1642,2.1957,49624101.0
1748908800000,2025-06-03 02:00:00,2.1957,2.2214,2.1856,2.1951,47686279.0
1748923200000,2025-06-03 06:00:00,2.1951,2.2061,2.1865,2.1893,32599693.0
1748937600000,2025-06-03 10:00:00,2.1893,2.2149,2.183,2.2136,35839957.0
1748952000000,2025-06-03 14:00:00,2.2136,2.2746,2.2045,2.2618,91391098.0
1748966400000,2025-06-03 18:00:00,2.2618,2.2817,2.2376,2.28,68627089.0
1748980800000,2025-06-03 22:00:00,2.28,2.281,2.2303,2.2435,58734872.0
1748995200000,2025-06-04 02:00:00,2.2435,2.2647,2.228,2.2518,38618419.0
1749009600000,2025-06-04 06:00:00,2.2518,2.2525,2.226,2.2329,29141710.0
1749024000000,2025-06-04 10:00:00,2.2329,2.2635,2.2321,2.2523,46396234.0
1749038400000,2025-06-04 14:00:00,2.2523,2.2609,2.2181,2.2484,80055042.0
1749052800000,2025-06-04 18:00:00,2.2484,2.2518,2.2047,2.2048,49773419.0
1749067200000,2025-06-04 22:00:00,2.2048,2.2149,2.1923,2.1996,48206026.0
1749081600000,2025-06-05 02:00:00,2.1996,2.2135,2.1964,2.2041,30906014.0
1749096000000,2025-06-05 06:00:00,2.2041,2.213,2.1818,2.1855,48851419.0
1749110400000,2025-06-05 10:00:00,2.1855,2.209,2.1851,2.2042,36171433.0
1749124800000,2025-06-05 14:00:00,2.2042,2.2257,2.1764,2.1915,91427616.0
1749139200000,2025-06-05 18:00:00,2.1915,2.1922,2.1103,2.1289,119508617.0
1749153600000,2025-06-05 22:00:00,2.1289,2.1316,2.0573,2.0925,166040135.0
1749168000000,2025-06-06 02:00:00,2.0925,2.1285,2.0796,2.1281,34024112.0
1749182400000,2025-06-06 06:00:00,2.1281,2.1417,2.1194,2.1294,41992849.0
1749196800000,2025-06-06 10:00:00,2.1294,2.1549,2.1292,2.1494,31217924.0
1749211200000,2025-06-06 14:00:00,2.1494,2.1895,2.1473,2.1836,84959362.0
1749225600000,2025-06-06 18:00:00,2.1836,2.1843,2.1611,2.1728,33160922.0
1749240000000,2025-06-06 22:00:00,2.1728,2.1816,2.1579,2.1588,22947301.0
1749254400000,2025-06-07 02:00:00,2.1588,2.1786,2.1466,2.1785,24665132.0
1749268800000,2025-06-07 06:00:00,2.1785,2.1906,2.1694,2.1824,23808379.0
1749283200000,2025-06-07 10:00:00,2.1824,2.188,2.1736,2.1819,21019128.0
1749297600000,2025-06-07 14:00:00,2.1819,2.1904,2.1778,2.1818,21844825.0
1749312000000,2025-06-07 18:00:00,2.1818,2.1859,2.1713,2.1751,23219953.0
1749326400000,2025-06-07 22:00:00,2.1751,2.1866,2.1739,2.1759,12722551.0
1749340800000,2025-06-08 02:00:00,2.1759,2.1762,2.1655,2.1746,12284800.0
1749355200000,2025-06-08 06:00:00,2.1746,2.2226,2.1703,2.2065,60921089.0
1749369600000,2025-06-08 10:00:00,2.2065,2.2488,2.1959,2.2408,64276639.0
1749384000000,2025-06-08 14:00:00,2.2408,2.2928,2.2407,2.2763,125427182.0
1749398400000,2025-06-08 18:00:00,2.2763,2.2961,2.2703,2.287,42878933.0
1749412800000,2025-06-08 22:00:00,2.287,2.2942,2.2532,2.266,54884424.0
1749427200000,2025-06-09 02:00:00,2.266,2.2677,2.2298,2.2414,47413337.0
1749441600000,2025-06-09 06:00:00,2.2414,2.2414,2.2204,2.2296,42351963.0
1749456000000,2025-06-09 10:00:00,2.2296,2.2701,2.2285,2.268,79091959.0
1749470400000,2025-06-09 14:00:00,2.268,2.2694,2.2382,2.2617,62888520.0
1749484800000,2025-06-09 18:00:00,2.2617,2.3127,2.2604,2.2946,81875788.0
1749499200000,2025-06-09 22:00:00,2.2946,2.3292,2.2934,2.3202,54994113.0
1749513600000,2025-06-10 02:00:00,2.3202,2.327,2.2975,2.2979,41514435.0
1749528000000,2025-06-10 06:00:00,2.2979,2.3012,2.2718,2.2829,51710877.0
1749542400000,2025-06-10 10:00:00,2.2829,2.3146,2.2672,2.304,75208187.0
1749556800000,2025-06-10 14:00:00,2.304,2.3184,2.2568,2.2747,95843656.0
1749571200000,2025-06-10 18:00:00,2.2747,2.3125,2.2677,2.295,50135765.0
1749585600000,2025-06-10 22:00:00,2.295,2.3131,2.284,2.3067,38667949.0
1749600000000,2025-06-11 02:00:00,2.3067,2.3117,2.278,2.2973,32957512.0
1749614400000,2025-06-11 06:00:00,2.2973,2.3008,2.282,2.2926,29146764.0
1749628800000,2025-06-11 10:00:00,2.2926,2.3289,2.2921,2.3135,90252408.0
1749643200000,2025-06-11 14:00:00,2.3135,2.3378,2.3022,2.3249,86091617.0
1749657600000,2025-06-11 18:00:00,2.3249,2.3309,2.2821,2.2849,61430771.0
1749672000000,2025-06-11 22:00:00,2.2849,2.2994,2.2511,2.2689,63165338.0
1749686400000,2025-06-12 02:00:00,2.2689,2.2722,2.2364,2.2431,42727627.0
1749700800000,2025-06-12 06:00:00,2.2431,2.2568,2.2305,2.2385,36907544.0
1749715200000,2025-06-12 10:00:00,2.2385,2.2488,2.2226,2.2247,43033075.0
1749729600000,2025-06-12 14:00:00,2.2247,2.2515,2.2201,2.2271,57361018.0
1749744000000,2025-06-12 18:00:00,2.2271,2.2541,2.2011,2.2025,53141188.0
1749758400000,2025-06-12 22:00:00,2.2025,2.2117,2.1689,2.1889,81536412.0
1749772800000,2025-06-13 02:00:00,2.1889,2.1906,2.081,2.124,218688542.0
1749787200000,2025-06-13 06:00:00,2.124,2.1303,2.0915,2.128,70134168.0
1749801600000,2025-06-13 10:00:00,2.128,2.1549,2.1221,2.1533,67964804.0
1749816000000,2025-06-13 14:00:00,2.1533,2.1613,2.1211,2.1464,72425103.0
1749830400000,2025-06-13 18:00:00,2.1464,2.1593,2.1148,2.121,48385713.0
1749844800000,2025-06-13 22:00:00,2.121,2.15,2.1193,2.1461,25807735.0
1749859200000,2025-06-14 02:00:00,2.1461,2.1597,2.1315,2.1577,25312894.0
1749873600000,2025-06-14 06:00:00,2.1577,2.1682,2.1472,2.164,35573744.0
1749888000000,2025-06-14 10:00:00,2.164,2.1777,2.1569,2.1753,34164920.0
1749902400000,2025-06-14 14:00:00,2.1753,2.1768,2.1435,2.1484,32622929.0
1749916800000,2025-06-14 18:00:00,2.1484,2.1506,2.1132,2.1233,62722512.0
1749931200000,2025-06-14 22:00:00,2.1233,2.1456,2.1078,2.1382,32236658.0
1749945600000,2025-06-15 02:00:00,2.1382,2.1522,2.136,2.1517,18462706.0
1749960000000,2025-06-15 06:00:00,2.1517,2.1612,2.1466,2.1502,29891168.0
1749974400000,2025-06-15 10:00:00,2.1502,2.1668,2.1453,2.158,31914351.0
1749988800000,2025-06-15 14:00:00,2.158,2.1753,2.1562,2.1633,30809036.0
1750003200000,2025-06-15 18:00:00,2.1633,2.1708,2.1574,2.1631,16675586.0
1750017600000,2025-06-15 22:00:00,2.1631,2.1698,2.1377,2.1644,44887138.0
1750032000000,2025-06-16 02:00:00,2.1644,2.1869,2.1503,2.1713,36338856.0
1750046400000,2025-06-16 06:00:00,2.1713,2.2036,2.1703,2.202,43023350.0
1750060800000,2025-06-16 10:00:00,2.202,2.2487,2.1926,2.2444,72333442.0
1750075200000,2025-06-16 14:00:00,2.2444,2.2974,2.2434,2.289,149153884.0
1750089600000,2025-06-16 18:00:00,2.289,2.3358,2.289,2.3352,116956495.0
1750104000000,2025-06-16 22:00:00,2.3352,2.3364,2.2274,2.2369,143545298.0
1750118400000,2025-06-17 02:00:00,2.2369,2.2556,2.1984,2.2482,113158202.0
1750132800000,2025-06-17 06:00:00,2.2482,2.252,2.2243,2.2348,51531794.0
1750147200000,2025-06-17 10:00:00,2.2348,2.2381,2.1873,2.1929,76001501.0
1750161600000,2025-06-17 14:00:00,2.1929,2.2233,2.1621,2.1787,100166280.0
1750176000000,2025-06-17 18:00:00,2.1787,2.2024,2.1409,2.1816,102848774.0
1750190400000,2025-06-17 22:00:00,2.1816,2.1899,2.1422,2.1579,62285125.0
1750204800000,2025-06-18 02:00:00,2.1579,2.1763,2.1506,2.1664,26585144.0
1750219200000,2025-06-18 06:00:00,2.1664,2.1748,2.1446,2.1619,36445429.0
1750233600000,2025-06-18 10:00:00,2.1619,2.1683,2.1232,2.1404,59296252.0
1750248000000,2025-06-18 14:00:00,2.1404,2.1609,2.1166,2.1501,91786041.0
1750262400000,2025-06-18 18:00:00,2.1501,2.162,2.1258,2.1394,56941352.0
1750276800000,2025-06-18 22:00:00,2.1394,2.1803,2.1345,2.1695,44314013.0
1750291200000,2025-06-19 02:00:00,2.1695,2.1864,2.1546,2.1655,28098145.0
1750305600000,2025-06-19 06:00:00,2.1655,2.1751,2.1525,2.1553,25718991.0
1750320000000,2025-06-19 10:00:00,2.1553,2.1662,2.1475,2.1509,26621489.0
1750334400000,2025-06-19 14:00:00,2.1509,2.1579,2.1426,2.1445,35905156.0
1750348800000,2025-06-19 18:00:00,2.1445,2.1765,2.1445,2.1708,36639906.0
1750363200000,2025-06-19 22:00:00,2.1708,2.1732,2.1588,2.1638,17266828.0
1750377600000,2025-06-20 02:00:00,2.1638,2.1725,2.1538,2.1538,18344536.0
1750392000000,2025-06-20 06:00:00,2.1538,2.1676,2.1384,2.166,40710923.0
1750406400000,2025-06-20 10:00:00,2.166,2.1759,2.1603,2.1715,30893794.0
1750420800000,2025-06-20 14:00:00,2.1715,2.1793,2.129,2.1324,70158860.0
1750435200000,2025-06-20 18:00:00,2.1324,2.1364,2.0834,2.1273,110198245.0
1750449600000,2025-06-20 22:00:00,2.1273,2.1469,2.1072,2.1188,38513090.0
1750464000000,2025-06-21 02:00:00,2.1188,2.1314,2.1143,2.129,19716508.0
1750478400000,2025-06-21 06:00:00,2.129,2.1331,2.1181,2.1326,14371387.0
1750492800000,2025-06-21 10:00:00,2.1326,2.1441,2.1309,2.1357,20086166.0
1750507200000,2025-06-21 14:00:00,2.1357,2.1394,2.1069,2.1155,37364031.0
1750521600000,2025-06-21 18:00:00,2.1155,2.1181,2.0679,2.0694,50084920.0
1750536000000,2025-06-21 22:00:00,2.0694,2.0926,1.9903,2.0625,160252900.0
1750550400000,2025-06-22 02:00:00,2.0625,2.0875,2.038,2.0585,71357831.0
1750564800000,2025-06-22 06:00:00,2.0585,2.0887,2.0555,2.0676,38168684.0
1750579200000,2025-06-22 10:00:00,2.0676,2.0769,2.0125,2.0238,67358429.0
1750593600000,2025-06-22 14:00:00,2.0238,2.0284,1.9237,1.9334,258255495.0
1750608000000,2025-06-22 18:00:00,1.9334,1.9827,1.9271,1.9636,77024758.0
1750622400000,2025-06-22 22:00:00,1.9636,2.0218,1.9068,2.0159,146491177.0
1750636800000,2025-06-23 02:00:00,2.0159,2.0317,2.0025,2.0175,42990059.0
1750651200000,2025-06-23 06:00:00,2.0175,2.0345,2.0093,2.0222,46431147.0
1750665600000,2025-06-23 10:00:00,2.0222,2.0267,1.9857,2.0,62010848.0
1750680000000,2025-06-23 14:00:00,2.0,2.038,1.9846,1.9978,101618508.0
1750694400000,2025-06-23 18:00:00,1.9978,2.0622,1.96,2.0563,161210655.0
1750708800000,2025-06-23 22:00:00,2.0563,2.1697,2.0559,2.1573,137918560.0
1750723200000,2025-06-24 02:00:00,2.1573,2.1655,2.1305,2.1496,49904392.0
1750737600000,2025-06-24 06:00:00,2.1496,2.2098,2.1455,2.177,82949136.0
1750752000000,2025-06-24 10:00:00,2.177,2.2055,2.1594,2.1829,68087173.0
1750766400000,2025-06-24 14:00:00,2.1829,2.1932,2.1638,2.1872,69171585.0
1750780800000,2025-06-24 18:00:00,2.1872,2.2093,2.1828,2.2062,52514548.0
1750795200000,2025-06-24 22:00:00,2.2062,2.2163,2.1765,2.1883,34185524.0
1750809600000,2025-06-25 02:00:00,2.1883,2.1976,2.1757,2.1773,24585383.0
1750824000000,2025-06-25 06:00:00,2.1773,2.187,2.1684,2.1845,26860893.0
1750838400000,2025-06-25 10:00:00,2.1845,2.1962,2.1725,2.1939,33352391.0
1750852800000,2025-06-25 14:00:00,2.1939,2.2283,2.1737,2.1803,98353011.0
1750867200000,2025-06-25 18:00:00,2.1803,2.2068,2.1701,2.2044,41399816.0
1750881600000,2025-06-25 22:00:00,2.2044,2.2046,2.1733,2.1846,23835044.0
1750896000000,2025-06-26 02:00:00,2.1846,2.2123,2.1793,2.1948,40114099.0
1750910400000,2025-06-26 06:00:00,2.1948,2.1974,2.1805,2.1887,22917826.0
1750924800000,2025-06-26 10:00:00,2.1887,2.1936,2.1665,2.1696,28771033.0
1750939200000,2025-06-26 14:00:00,2.1696,2.1723,2.105,2.1188,123345357.0
1750953600000,2025-06-26 18:00:00,2.1188,2.134,2.094,2.1237,65643495.0
1750968000000,2025-06-26 22:00:00,2.1237,2.145,2.1019,2.1045,37291988.0
1750982400000,2025-06-27 02:00:00,2.1045,2.1108,2.0767,2.1042,46740020.0
1750996800000,2025-06-27 06:00:00,2.1042,2.1129,2.0806,2.0842,42412532.0
1751011200000,2025-06-27 10:00:00,2.0842,2.1052,2.0834,2.09,26833632.0
1751025600000,2025-06-27 14:00:00,2.09,2.101,2.0657,2.0968,70043931.0
1751040000000,2025-06-27 18:00:00,2.0968,2.1215,2.0694,2.0928,60412626.0
1751054400000,2025-06-27 22:00:00,2.0928,2.154,2.0918,2.1409,58875377.0
1751068800000,2025-06-28 02:00:00,2.1409,2.1904,2.1326,2.1834,63975055.0
1751083200000,2025-06-28 06:00:00,2.1834,2.1998,2.1739,2.1895,39688145.0
1751097600000,2025-06-28 10:00:00,2.1895,2.1931,2.179,2.1916,28553353.0
1751112000000,2025-06-28 14:00:00,2.1916,2.2057,2.1815,2.2027,34631714.0
1751126400000,2025-06-28 18:00:00,2.2027,2.2071,2.1835,2.1849,30397530.0
1751140800000,2025-06-28 22:00:00,2.1849,2.1879,2.1755,2.1841,21905281.0
1751155200000,2025-06-29 02:00:00,2.1841,2.1886,2.1712,2.1825,20238793.0
1751169600000,2025-06-29 06:00:00,2.1825,2.1889,2.1795,2.1833,12701160.0
1751184000000,2025-06-29 10:00:00,2.1833,2.1974,2.1826,2.195,26854559.0
1751198400000,2025-06-29 14:00:00,2.195,2.1965,2.1785,2.1824,24081413.0
1751212800000,2025-06-29 18:00:00,2.1824,2.1945,2.1797,2.1877,21558595.0
1751227200000,2025-06-29 22:00:00,2.1877,2.2192,2.177,2.2054,48091698.0
1751241600000,2025-06-30 02:00:00,2.2054,2.2115,2.1933,2.1951,28628813.0
1751256000000,2025-06-30 06:00:00,2.1951,2.1957,2.1686,2.186,40081355.0
1751270400000,2025-06-30 10:00:00,2.186,2.1888,2.1674,2.1767,30153032.0
1751284800000,2025-06-30 14:00:00,2.1767,2.1991,2.1605,2.1918,65686179.0
1751299200000,2025-06-30 18:00:00,2.1918,2.3266,2.19,2.3192,164649618.0
1751313600000,2025-06-30 22:00:00,2.3192,2.325,2.2336,2.2352,109872123.0
1751328000000,2025-07-01 02:00:00,2.2352,2.2528,2.2224,2.2365,46606477.0
1751342400000,2025-07-01 06:00:00,2.2365,2.2365,2.2045,2.2232,48041104.0
1751356800000,2025-07-01 10:00:00,2.2232,2.2262,2.1904,2.2009,40477336.0
1751371200000,2025-07-01 14:00:00,2.2009,2.2138,2.1743,2.1871,106633204.0
1751385600000,2025-07-01 18:00:00,2.1871,2.2046,2.1547,2.1562,63787813.0
1751400000000,2025-07-01 22:00:00,2.1562,2.1798,2.1438,2.1711,44009666.0
1751414400000,2025-07-02 02:00:00,2.1711,2.186,2.1556,2.1848,26252441.0
1751428800000,2025-07-02 06:00:00,2.1848,2.1966,2.1802,2.1908,34268444.0
1751443200000,2025-07-02 10:00:00,2.1908,2.2029,2.1723,2.1759,38351857.0
1751457600000,2025-07-02 14:00:00,2.1759,2.2145,2.167,2.211,55850972.0
1751472000000,2025-07-02 18:00:00,2.211,2.2908,2.2079,2.2636,182622995.0
1751486400000,2025-07-02 22:00:00,2.2636,2.2657,2.2293,2.2328,53136790.0
1751500800000,2025-07-03 02:00:00,2.2328,2.2472,2.2231,2.241,37350082.0
1751515200000,2025-07-03 06:00:00,2.241,2.2832,2.2386,2.2786,51604420.0
1751529600000,2025-07-03 10:00:00,2.2786,2.3118,2.2756,2.2958,72667066.0
1751544000000,2025-07-03 14:00:00,2.2958,2.3148,2.2385,2.2429,143363350.0
1751558400000,2025-07-03 18:00:00,2.2429,2.2819,2.2422,2.2709,40572413.0
1751572800000,2025-07-03 22:00:00,2.2709,2.2791,2.2526,2.256,24676182.0
1751587200000,2025-07-04 02:00:00,2.256,2.2668,2.2375,2.2476,26792472.0
1751601600000,2025-07-04 06:00:00,2.2476,2.2507,2.2123,2.2202,44686675.0
1751616000000,2025-07-04 10:00:00,2.2202,2.2395,2.206,2.2373,42203516.0
1751630400000,2025-07-04 14:00:00,2.2373,2.2426,2.2021,2.2137,59938268.0
1751644800000,2025-07-04 18:00:00,2.2137,2.2244,2.194,2.2093,47022344.0
1751659200000,2025-07-04 22:00:00,2.2093,2.2279,2.2068,2.2196,18272901.0
1751673600000,2025-07-05 02:00:00,2.2196,2.2266,2.2089,2.2246,15065740.0
1751688000000,2025-07-05 06:00:00,2.2246,2.2327,2.2162,2.2236,18906053.0
1751702400000,2025-07-05 10:00:00,2.2236,2.2255,2.2101,2.2205,19312415.0
1751716800000,2025-07-05 14:00:00,2.2205,2.2297,2.2133,2.2216,18351964.0
1751731200000,2025-07-05 18:00:00,2.2216,2.2236,2.2,2.2134,29370777.0
1751745600000,2025-07-05 22:00:00,2.2134,2.2185,2.2062,2.2163,16169952.0
1751760000000,2025-07-06 02:00:00,2.2163,2.2212,2.2072,2.2153,12568578.0
1751774400000,2025-07-06 06:00:00,2.2153,2.2345,2.215,2.2266,22782915.0
1751788800000,2025-07-06 10:00:00,2.2266,2.2847,2.2253,2.2611,88768168.0
1751803200000,2025-07-06 14:00:00,2.2611,2.2897,2.2596,2.2764,63678045.0
1751817600000,2025-07-06 18:00:00,2.2764,2.282,2.2457,2.2635,39756877.0
1751832000000,2025-07-06 22:00:00,2.2635,2.2884,2.2621,2.27,46822013.0
1751846400000,2025-07-07 02:00:00,2.27,2.2788,2.2566,2.2701,21505545.0
1751860800000,2025-07-07 06:00:00,2.2701,2.2745,2.2546,2.2716,32193709.0
1751875200000,2025-07-07 10:00:00,2.2716,2.2977,2.2671,2.2822,59696285.0
1751889600000,2025-07-07 14:00:00,2.2822,2.349,2.2702,2.3384,198651140.0
1751904000000,2025-07-07 18:00:00,2.3384,2.3534,2.2778,2.2983,144905060.0
1751918400000,2025-07-07 22:00:00,2.2983,2.2983,2.2577,2.2692,75842757.0
1751932800000,2025-07-08 02:00:00,2.2692,2.2721,2.2466,2.2615,63719375.0
1751947200000,2025-07-08 06:00:00,2.2615,2.2757,2.2538,2.2742,43003453.0
1751961600000,2025-07-08 10:00:00,2.2742,2.3004,2.2717,2.2928,57918276.0
1751976000000,2025-07-08 14:00:00,2.2928,2.3042,2.2766,2.2855,72611977.0
1751990400000,2025-07-08 18:00:00,2.2855,2.3213,2.2817,2.3201,65583032.0
1752004800000,2025-07-08 22:00:00,2.3201,2.321,2.2951,2.3094,36738261.0
1752019200000,2025-07-09 02:00:00,2.3094,2.3183,2.2964,2.3029,30832330.0
1752033600000,2025-07-09 06:00:00,2.3029,2.3371,2.301,2.3309,54211602.0
1752048000000,2025-07-09 10:00:00,2.3309,2.3885,2.3292,2.3809,92345621.0
1752062400000,2025-07-09 14:00:00,2.3809,2.4034,2.351,2.3809,147558823.0
1752076800000,2025-07-09 18:00:00,2.3809,2.4289,2.374,2.4198,109942761.0
1752091200000,2025-07-09 22:00:00,2.4198,2.4211,2.3838,2.4032,80184079.0
1752105600000,2025-07-10 02:00:00,2.4032,2.4363,2.3922,2.4198,53070690.0
1752120000000,2025-07-10 06:00:00,2.4198,2.4423,2.4092,2.4362,50935606.0
1752134400000,2025-07-10 10:00:00,2.4362,2.4612,2.4257,2.4521,82478198.0
1752148800000,2025-07-10 14:00:00,2.4521,2.4594,2.4173,2.4534,88301682.0
1752163200000,2025-07-10 18:00:00,2.4534,2.5122,2.4462,2.4996,118701863.0
1752177600000,2025-07-10 22:00:00,2.4996,2.567,2.4905,2.5469,148346053.0
1752192000000,2025-07-11 02:00:00,2.5469,2.5935,2.5115,2.576,97868513.0
1752206400000,2025-07-11 06:00:00,2.576,2.5984,2.5536,2.579,115494150.0
1752220800000,2025-07-11 10:00:00,2.579,2.6617,2.5782,2.6288,162841761.0
1752235200000,2025-07-11 14:00:00,2.6288,2.9769,2.624,2.7781,719352538.0
1752249600000,2025-07-11 18:00:00,2.7781,2.8589,2.6977,2.8589,391391408.0
1752264000000,2025-07-11 22:00:00,2.8589,2.8599,2.6608,2.7338,294124625.0
1752278400000,2025-07-12 02:00:00,2.7338,2.8489,2.6904,2.8016,189815249.0
1752292800000,2025-07-12 06:00:00,2.8016,2.8076,2.7548,2.7683,98222171.0
1752307200000,2025-07-12 10:00:00,2.7683,2.8489,2.7664,2.8065,140417675.0
1752321600000,2025-07-12 14:00:00,2.8065,2.8094,2.6626,2.6814,266930551.0
1752336000000,2025-07-12 18:00:00,2.6814,2.7531,2.6692,2.7375,108148380.0
1752350400000,2025-07-12 22:00:00,2.7375,2.7478,2.683,2.7387,78739269.0
1752364800000,2025-07-13 02:00:00,2.7387,2.7865,2.7232,2.7684,87312893.0
1752379200000,2025-07-13 06:00:00,2.7684,2.8147,2.7572,2.7988,85303804.0
1752393600000,2025-07-13 10:00:00,2.7988,2.8186,2.7713,2.7885,89661214.0
1752408000000,2025-07-13 14:00:00,2.7885,2.8943,2.7828,2.8381,225553092.0
1752422400000,2025-07-13 18:00:00,2.8381,2.8834,2.8116,2.8461,111506514.0
1752436800000,2025-07-13 22:00:00,2.8461,2.867,2.7626,2.8353,137736657.0
1752451200000,2025-07-14 02:00:00,2.8353,2.9483,2.8203,2.927,159076221.0
1752465600000,2025-07-14 06:00:00,2.927,2.9817,2.8777,2.9565,216480636.0
1752480000000,2025-07-14 10:00:00,2.9565,3.0252,2.9275,2.9785,294117102.0
1752494400000,2025-07-14 14:00:00,2.9785,3.0388,2.9103,2.9479,329497138.0
1752508800000,2025-07-14 18:00:00,2.9479,3.0045,2.91,2.9304,188975444.0
1752523200000,2025-07-14 22:00:00,2.9304,2.9644,2.8774,2.9585,106068852.0
1752537600000,2025-07-15 02:00:00,2.9585,2.9587,2.8042,2.8507,251176850.0
1752552000000,2025-07-15 06:00:00,2.8507,2.8877,2.8223,2.8538,123373010.0
1752566400000,2025-07-15 10:00:00,2.8538,2.93,2.8252,2.9064,136763766.0
1752580800000,2025-07-15 14:00:00,2.9064,2.935,2.8417,2.8912,222234068.0
1752595200000,2025-07-15 18:00:00,2.8912,2.9482,2.8578,2.8639,136357230.0
1752609600000,2025-07-15 22:00:00,2.8639,2.9304,2.8549,2.9209,67639256.0
1752624000000,2025-07-16 02:00:00,2.9209,2.9388,2.8784,2.9054,65685930.0
1752638400000,2025-07-16 06:00:00,2.9054,2.9418,2.892,2.9308,60839517.0
1752652800000,2025-07-16 10:00:00,2.9308,2.9658,2.9221,2.9533,82088411.0
1752667200000,2025-07-16 14:00:00,2.9533,3.0089,2.9476,2.9776,181409061.0
1752681600000,2025-07-16 18:00:00,2.9776,3.0806,2.9682,3.0597,180026827.0
1752696000000,2025-07-16 22:00:00,3.0597,3.1035,3.0233,3.0394,148208525.0
1752710400000,2025-07-17 02:00:00,3.0394,3.083,2.9887,3.0254,144185941.0
1752724800000,2025-07-17 06:00:00,3.0254,3.1746,3.0151,3.1573,225827951.0
1752739200000,2025-07-17 10:00:00,3.1573,3.3026,3.141,3.265,293942728.0
1752753600000,2025-07-17 14:00:00,3.265,3.2786,3.1694,3.2554,253043748.0
1752768000000,2025-07-17 18:00:00,3.2554,3.4052,3.2246,3.3095,332489371.0
1752782400000,2025-07-17 22:00:00,3.3095,3.5571,3.287,3.4846,455709124.0
1752796800000,2025-07-18 02:00:00,3.4846,3.6671,3.4646,3.6086,325949795.0
1752811200000,2025-07-18 06:00:00,3.6086,3.642,3.4513,3.46,246992544.0
1752825600000,2025-07-18 10:00:00,3.46,3.5176,3.4059,3.4915,294614266.0
1752840000000,2025-07-18 14:00:00,3.4915,3.5468,3.3465,3.3767,317936809.0
1752854400000,2025-07-18 18:00:00,3.3767,3.4809,3.3652,3.4355,156957408.0
1752868800000,2025-07-18 22:00:00,3.4355,3.454,3.3564,3.4144,159069589.0
1752883200000,2025-07-19 02:00:00,3.4144,3.4812,3.3986,3.4509,117641078.0
1752897600000,2025-07-19 06:00:00,3.4509,3.4876,3.4173,3.4669,102338176.0
1752912000000,2025-07-19 10:00:00,3.4669,3.4756,3.3883,3.3938,94839293.0
1752926400000,2025-07-19 14:00:00,3.3938,3.4334,3.3559,3.4116,123809411.0
1752940800000,2025-07-19 18:00:00,3.4116,3.4618,3.4058,3.4339,78983049.0
1752955200000,2025-07-19 22:00:00,3.4339,3.4476,3.3812,3.4265,51736165.0
1752969600000,2025-07-20 02:00:00,3.4265,3.4538,3.3862,3.4369,85116150.0
1752984000000,2025-07-20 06:00:00,3.4369,3.4613,3.4036,3.4445,67203682.0
1752998400000,2025-07-20 10:00:00,3.4445,3.538,3.4439,3.5011,137820096.0
1753012800000,2025-07-20 14:00:00,3.5011,3.5507,3.4788,3.5195,125625056.0
1753027200000,2025-07-20 18:00:00,3.5195,3.562,3.4843,3.5263,110566640.0
1753041600000,2025-07-20 22:00:00,3.5263,3.5284,3.4041,3.4544,142534167.0
1753056000000,2025-07-21 02:00:00,3.4544,3.4933,3.4081,3.4794,80104664.0
1753070400000,2025-07-21 06:00:00,3.4794,3.5868,3.473,3.5707,113385547.0
1753084800000,2025-07-21 10:00:00,3.5707,3.5848,3.5313,3.5363,83626999.0
1753099200000,2025-07-21 14:00:00,3.5363,3.6545,3.4949,3.6076,179589236.0
1753113600000,2025-07-21 18:00:00,3.6076,3.6274,3.5288,3.5483,159463318.0
1753128000000,2025-07-21 22:00:00,3.5483,3.5756,3.5131,3.5509,61816664.0
1753142400000,2025-07-22 02:00:00,3.5509,3.577,3.4608,3.5022,158101653.0
1753156800000,2025-07-22 06:00:00,3.5022,3.5052,3.4232,3.4767,128098080.0
1753171200000,2025-07-22 10:00:00,3.4767,3.5243,3.4264,3.5205,98039576.0
1753185600000,2025-07-22 14:00:00,3.5205,3.5396,3.4421,3.5114,128760664.0
1753200000000,2025-07-22 18:00:00,3.5114,3.583,3.4951,3.5211,103676002.0
1753214400000,2025-07-22 22:00:00,3.5211,3.5571,3.5166,3.5531,44093956.0
1753228800000,2025-07-23 02:00:00,3.5531,3.555,3.4907,3.4951,62000055.0
1753243200000,2025-07-23 06:00:00,3.4951,3.5138,3.462,3.4695,52164974.0
1753257600000,2025-07-23 10:00:00,3.4695,3.4776,3.4327,3.452,67730620.0
1753272000000,2025-07-23 14:00:00,3.452,3.452,3.2213,3.3228,397458316.0
1753286400000,2025-07-23 18:00:00,3.3228,3.3228,3.1606,3.1849,204715755.0
1753300800000,2025-07-23 22:00:00,3.1849,3.2168,3.05,3.1843,290447536.0
1753315200000,2025-07-24 02:00:00,3.1843,3.2357,3.1509,3.1914,125320608.0
1753329600000,2025-07-24 06:00:00,3.1914,3.1967,2.9545,3.0746,344321937.0
1753344000000,2025-07-24 10:00:00,3.0746,3.1782,3.0551,3.1677,187557277.0
1753358400000,2025-07-24 14:00:00,3.1677,3.2654,3.1181,3.225,238294283.0
1753372800000,2025-07-24 18:00:00,3.225,3.2595,3.1682,3.2081,136065226.0
1753387200000,2025-07-24 22:00:00,3.2081,3.2416,3.1262,3.1444,99404389.0
1753401600000,2025-07-25 02:00:00,3.1444,3.161,3.0436,3.0688,155217943.0
1753416000000,2025-07-25 06:00:00,3.0688,3.1177,3.0352,3.0734,136516594.0
1753430400000,2025-07-25 10:00:00,3.0734,3.153,3.0616,3.134,125989479.0
1753444800000,2025-07-25 14:00:00,3.134,3.1526,2.9972,3.0362,186380427.0
1753459200000,2025-07-25 18:00:00,3.0362,3.0972,3.0234,3.0696,70493826.0
1753473600000,2025-07-25 22:00:00,3.0696,3.1521,3.0695,3.1427,59401884.0
1753488000000,2025-07-26 02:00:00,3.1427,3.1637,3.1079,3.144,46106468.0
1753502400000,2025-07-26 06:00:00,3.144,3.1759,3.1403,3.1557,36475269.0
1753516800000,2025-07-26 10:00:00,3.1557,3.2114,3.1544,3.1863,60609700.0
1753531200000,2025-07-26 14:00:00,3.1863,3.2008,3.1757,3.1927,43508189.0
1753545600000,2025-07-26 18:00:00,3.1927,3.2193,3.1583,3.1908,74559624.0
1753560000000,2025-07-26 22:00:00,3.1908,3.2099,3.1626,3.1656,35076720.0
1753574400000,2025-07-27 02:00:00,3.1656,3.2072,3.1554,3.1994,44401728.0
1753588800000,2025-07-27 06:00:00,3.1994,3.2415,3.1851,3.1892,76197549.0
1753603200000,2025-07-27 10:00:00,3.1892,3.2174,3.167,3.1792,70799154.0
1753617600000,2025-07-27 14:00:00,3.1792,3.2079,3.1598,3.1855,59163149.0
1753632000000,2025-07-27 18:00:00,3.1855,3.2287,3.1754,3.2088,112013578.0
1753646400000,2025-07-27 22:00:00,3.2088,3.252,3.1876,3.2391,77042083.0
1753660800000,2025-07-28 02:00:00,3.2391,3.2938,3.2215,3.2702,103532972.0
1753675200000,2025-07-28 06:00:00,3.2702,3.3315,3.2503,3.2739,91183005.0
1753689600000,2025-07-28 10:00:00,3.2739,3.2774,3.2236,3.2444,63038991.0
1753704000000,2025-07-28 14:00:00,3.2444,3.2491,3.1402,3.1584,179280876.0
1753718400000,2025-07-28 18:00:00,3.1584,3.1847,3.113,3.1592,171846319.0
1753732800000,2025-07-28 22:00:00,3.1592,3.1631,3.105,3.1216,136168277.0
1753747200000,2025-07-29 02:00:00,3.1216,3.1462,3.0759,3.139,94008790.0
1753761600000,2025-07-29 06:00:00,3.139,3.1814,3.1202,3.1742,60630743.0
1753776000000,2025-07-29 10:00:00,3.1742,3.1842,3.1117,3.1355,91487902.0
1753790400000,2025-07-29 14:00:00,3.1355,3.176,3.0752,3.0975,160868810.0
1753804800000,2025-07-29 18:00:00,3.0975,3.1616,3.0521,3.1192,109661766.0
1753819200000,2025-07-29 22:00:00,3.1192,3.1363,3.0925,3.127,51866057.0
1753833600000,2025-07-30 02:00:00,3.127,3.1492,3.0917,3.1371,45119790.0
1753848000000,2025-07-30 06:00:00,3.1371,3.146,3.1024,3.1188,46657001.0
1753862400000,2025-07-30 10:00:00,3.1188,3.1404,3.041,3.0502,97832475.0
1753876800000,2025-07-30 14:00:00,3.0502,3.1535,3.0382,3.1425,120575533.0
1753891200000,2025-07-30 18:00:00,3.1425,3.1615,2.9985,3.0963,182088923.0
1753905600000,2025-07-30 22:00:00,3.0963,3.1155,3.0608,3.0963,61628540.0
1753920000000,2025-07-31 02:00:00,3.0963,3.1458,3.0862,3.1392,47583891.0
1753934400000,2025-07-31 06:00:00,3.1392,3.1549,3.131,3.1542,27580451.0
1753948800000,2025-07-31 10:00:00,3.1542,3.1813,3.148,3.1514,55313134.0
1753963200000,2025-07-31 14:00:00,3.1514,3.1524,3.0735,3.0989,124214338.0
1753977600000,2025-07-31 18:00:00,3.0989,3.135,3.05,3.0561,88415774.0
1753992000000,2025-07-31 22:00:00,3.0561,3.0656,3.0077,3.0206,98233171.0
1754006400000,2025-08-01 02:00:00,3.0206,3.0242,2.9271,2.9966,182357304.0
1754020800000,2025-08-01 06:00:00,2.9966,2.9967,2.9333,2.9544,97459810.0
1754035200000,2025-08-01 10:00:00,2.9544,2.9713,2.8904,2.9695,103912843.0
1754049600000,2025-08-01 14:00:00,2.9695,3.0582,2.9282,3.0426,164133530.0
1754064000000,2025-08-01 18:00:00,3.0426,3.0516,2.973,3.013,82729185.0
1754078400000,2025-08-01 22:00:00,3.013,3.0287,2.8928,2.9597,113690005.0
1754092800000,2025-08-02 02:00:00,2.9597,2.9847,2.9461,2.9815,32448225.0
1754107200000,2025-08-02 06:00:00,2.9815,3.0201,2.9433,2.991,62110588.0
1754121600000,2025-08-02 10:00:00,2.991,3.0007,2.9288,2.9392,58203145.0
1754136000000,2025-08-02 14:00:00,2.9392,2.9454,2.8191,2.8288,129578650.0
1754150400000,2025-08-02 18:00:00,2.8288,2.8641,2.7404,2.7784,187171025.0
1754164800000,2025-08-02 22:00:00,2.7784,2.8167,2.7384,2.7682,91161916.0
1754179200000,2025-08-03 02:00:00,2.7682,2.8393,2.7262,2.834,100233224.0
1754193600000,2025-08-03 06:00:00,2.834,2.8685,2.8121,2.8633,52376418.0
1754208000000,2025-08-03 10:00:00,2.8633,2.8923,2.8477,2.8679,64635720.0
1754222400000,2025-08-03 14:00:00,2.8679,2.9046,2.8567,2.8933,80771471.0
1754236800000,2025-08-03 18:00:00,2.8933,2.9284,2.884,2.9146,56943419.0
1754251200000,2025-08-03 22:00:00,2.9146,2.9611,2.8998,2.946,53940398.0
1754265600000,2025-08-04 02:00:00,2.946,3.0298,2.9287,2.9975,101451474.0
1754280000000,2025-08-04 06:00:00,2.9975,3.0195,2.9644,3.0103,67989986.0
1754294400000,2025-08-04 10:00:00,3.0103,3.0227,2.975,2.9911,57733563.0
1754308800000,2025-08-04 14:00:00,2.9911,3.0802,2.9782,3.0293,143851408.0
1754323200000,2025-08-04 18:00:00,3.0293,3.0886,3.0292,3.0474,72286324.0
1754337600000,2025-08-04 22:00:00,3.0474,3.0852,3.0388,3.0702,55878138.0
1754352000000,2025-08-05 02:00:00,3.0702,3.1076,3.0336,3.0373,69851852.0
1754366400000,2025-08-05 06:00:00,3.0373,3.0534,2.9943,3.003,68031455.0
1754380800000,2025-08-05 10:00:00,3.003,3.08,2.9978,3.0626,71164122.0
1754395200000,2025-08-05 14:00:00,3.0626,3.0655,2.9538,2.9702,147400254.0
1754409600000,2025-08-05 18:00:00,2.9702,2.9923,2.9432,2.9454,66352602.0
1754424000000,2025-08-05 22:00:00,2.9454,2.9747,2.9151,2.9608,55992808.0
1754438400000,2025-08-06 02:00:00,2.9608,2.9634,2.9077,2.9133,45809248.0
1754452800000,2025-08-06 06:00:00,2.9133,2.968,2.9005,2.955,65792575.0
1754467200000,2025-08-06 10:00:00,2.955,2.9591,2.9173,2.945,55618069.0
1754481600000,2025-08-06 14:00:00,2.945,3.0062,2.9219,3.0024,91355243.0
1754496000000,2025-08-06 18:00:00,3.0024,3.017,2.968,3.0095,60333684.0
1754510400000,2025-08-06 22:00:00,3.0095,3.0098,2.9785,2.9896,24131862.0
1754524800000,2025-08-07 02:00:00,2.9896,3.0099,2.9653,2.9663,36105859.0
1754539200000,2025-08-07 06:00:00,2.9663,3.0134,2.9624,2.999,32682295.0
1754553600000,2025-08-07 10:00:00,2.999,3.0881,2.9868,3.0784,87498302.0
1754568000000,2025-08-07 14:00:00,3.0784,3.085,3.04,3.0612,78668043.0
1754582400000,2025-08-07 18:00:00,3.0612,3.1011,3.0072,3.1002,61108062.0
1754596800000,2025-08-07 22:00:00,3.1002,3.3317,3.0994,3.3182,286201977.0
1754611200000,2025-08-08 02:00:00,3.3182,3.3763,3.2683,3.3749,201707175.0
1754625600000,2025-08-08 06:00:00,3.3749,3.3817,3.3052,3.3545,119920672.0
1754640000000,2025-08-08 10:00:00,3.3545,3.3601,3.3011,3.3353,79189721.0
1754654400000,2025-08-08 14:00:00,3.3353,3.3728,3.2039,3.2205,217507450.0
1754668800000,2025-08-08 18:00:00,3.2205,3.3384,3.2186,3.3373,105569456.0
1754683200000,2025-08-08 22:00:00,3.3373,3.3374,3.2781,3.2852,55288633.0
1754697600000,2025-08-09 02:00:00,3.2852,3.3134,3.2797,3.2905,32541751.0
1754712000000,2025-08-09 06:00:00,3.2905,3.3351,3.2868,3.3208,63855438.0
1754726400000,2025-08-09 10:00:00,3.3208,3.3477,3.3036,3.3089,64885563.0
1754740800000,2025-08-09 14:00:00,3.3089,3.327,3.2444,3.2718,92140292.0
1754755200000,2025-08-09 18:00:00,3.2718,3.2976,3.2571,3.2641,44112856.0
1754769600000,2025-08-09 22:00:00,3.2641,3.2753,3.2059,3.2247,72993488.0
1754784000000,2025-08-10 02:00:00,3.2247,3.2628,3.2174,3.2573,49140638.0
1754798400000,2025-08-10 06:00:00,3.2573,3.2774,3.1584,3.1858,92051395.0
1754812800000,2025-08-10 10:00:00,3.1858,3.219,3.1516,3.1904,78061825.0
1754827200000,2025-08-10 14:00:00,3.1904,3.2064,3.155,3.1841,51865050.0
1754841600000,2025-08-10 18:00:00,3.1841,3.2139,3.1807,3.2062,27503316.0
1754856000000,2025-08-10 22:00:00,3.2062,3.2077,3.1571,3.1861,63014996.0
1754870400000,2025-08-11 02:00:00,3.1861,3.273,3.1711,3.2644,94165836.0
1754884800000,2025-08-11 06:00:00,3.2644,3.2876,3.2323,3.2435,72475057.0
1754899200000,2025-08-11 10:00:00,3.2435,3.3334,3.2022,3.2139,159849237.0
1754913600000,2025-08-11 14:00:00,3.2139,3.2356,3.1754,3.2076,123385984.0
1754928000000,2025-08-11 18:00:00,3.2076,3.2296,3.1459,3.1478,113269000.0
1754942400000,2025-08-11 22:00:00,3.1478,3.1691,3.1158,3.1285,69600502.0
1754956800000,2025-08-12 02:00:00,3.1285,3.1744,3.1262,3.1473,42292928.0
1754971200000,2025-08-12 06:00:00,3.1473,3.1649,3.1129,3.1545,46397168.0
1754985600000,2025-08-12 10:00:00,3.1545,3.1633,3.103,3.1488,51262856.0
1755000000000,2025-08-12 14:00:00,3.1488,3.2184,3.141,3.2117,114075637.0
1755014400000,2025-08-12 18:00:00,3.2117,3.2898,3.2038,3.2883,79732782.0
1755028800000,2025-08-12 22:00:00,3.2883,3.3064,3.2578,3.2677,77518631.0
1755043200000,2025-08-13 02:00:00,3.2677,3.2677,3.207,3.2418,80288017.0
1755057600000,2025-08-13 06:00:00,3.2418,3.2577,3.202,3.24,56343124.0
1755072000000,2025-08-13 10:00:00,3.24,3.3011,3.2389,3.2863,85915980.0
1755086400000,2025-08-13 14:00:00,3.2863,3.3385,3.2262,3.2566,178249687.0
1755100800000,2025-08-13 18:00:00,3.2566,3.2857,3.2445,3.2783,46282765.0
1755115200000,2025-08-13 22:00:00,3.2783,3.2966,3.2524,3.2758,48605535.0
1755129600000,2025-08-14 02:00:00,3.2758,3.355,3.2696,3.3284,110761353.0
1755144000000,2025-08-14 06:00:00,3.3284,3.3368,3.2352,3.2567,102168311.0
1755158400000,2025-08-14 10:00:00,3.2567,3.2572,3.1876,3.2181,82294264.0
1755172800000,2025-08-14 14:00:00,3.2181,3.2346,2.9771,3.094,342027354.0
1755187200000,2025-08-14 18:00:00,3.094,3.0976,3.0414,3.0668,75527884.0
1755201600000,2025-08-14 22:00:00,3.0668,3.0895,3.027,3.078,50563989.0
1755216000000,2025-08-15 02:00:00,3.078,3.1206,3.0699,3.1158,36862353.0
1755230400000,2025-08-15 06:00:00,3.1158,3.1415,3.1039,3.1162,52486493.0
1755244800000,2025-08-15 10:00:00,3.1162,3.127,3.0952,3.11,38985483.0
1755259200000,2025-08-15 14:00:00,3.11,3.139,3.0094,3.0254,140989049.0
1755273600000,2025-08-15 18:00:00,3.0254,3.1005,3.0008,3.0639,99744655.0
1755288000000,2025-08-15 22:00:00,3.0639,3.0973,3.0532,3.0772,52235368.0
1755302400000,2025-08-16 02:00:00,3.0772,3.1137,3.0706,3.1076,33824897.0
1755316800000,2025-08-16 06:00:00,3.1076,3.1257,3.087,3.1226,28701526.0
1755331200000,2025-08-16 10:00:00,3.1226,3.1556,3.1029,3.1045,72765197.0
1755345600000,2025-08-16 14:00:00,3.1045,3.1266,3.097,3.1024,44473644.0
1755360000000,2025-08-16 18:00:00,3.1024,3.1115,3.0906,3.0985,21920141.0
1755374400000,2025-08-16 22:00:00,3.0985,3.1078,3.0885,3.1035,13203767.0
1755388800000,2025-08-17 02:00:00,3.1035,3.1226,3.0812,3.1181,27444659.0
1755403200000,2025-08-17 06:00:00,3.1181,3.1375,3.1104,3.1161,26651489.0
1755417600000,2025-08-17 10:00:00,3.1161,3.1402,3.1094,3.1271,29106898.0
1755432000000,2025-08-17 14:00:00,3.1271,3.1464,3.1131,3.1432,34803512.0
1755446400000,2025-08-17 18:00:00,3.1432,3.1468,3.0746,3.0878,49897357.0
1755460800000,2025-08-17 22:00:00,3.0878,3.112,3.0824,3.0857,24043800.0
1755475200000,2025-08-18 02:00:00,3.0857,3.0897,2.9631,2.9876,143879456.0
1755489600000,2025-08-18 06:00:00,2.9876,3.0028,2.9532,2.9624,78002494.0
1755504000000,2025-08-18 10:00:00,2.9624,2.9765,2.9389,2.9628,61740151.0
1755518400000,2025-08-18 14:00:00,2.9628,3.0228,2.9583,3.0138,71416401.0
1755532800000,2025-08-18 18:00:00,3.0138,3.096,2.9989,3.0806,87069984.0
1755547200000,2025-08-18 22:00:00,3.0806,3.095,3.0509,3.061,45111787.0
1755561600000,2025-08-19 02:00:00,3.061,3.0803,2.9834,2.9896,63720798.0
1755576000000,2025-08-19 06:00:00,2.9896,3.0271,2.9718,3.003,57229746.0
1755590400000,2025-08-19 10:00:00,3.003,3.024,2.9902,3.0145,35939259.0
1755604800000,2025-08-19 14:00:00,3.0145,3.0368,2.9255,2.928,114628533.0
1755619200000,2025-08-19 18:00:00,2.928,2.9337,2.8696,2.875,108908522.0
1755633600000,2025-08-19 22:00:00,2.875,2.9051,2.8473,2.8591,72057133.0
1755648000000,2025-08-20 02:00:00,2.8591,2.8988,2.8476,2.8855,56709298.0
1755662400000,2025-08-20 06:00:00,2.8855,2.8995,2.8637,2.8661,38665120.0
1755676800000,2025-08-20 10:00:00,2.8661,2.913,2.8578,2.8879,63003547.0
1755691200000,2025-08-20 14:00:00,2.8879,2.9333,2.8173,2.9034,131423408.0
1755705600000,2025-08-20 18:00:00,2.9034,2.9881,2.9029,2.9879,76689542.0
1755720000000,2025-08-20 22:00:00,2.9879,2.9882,2.948,2.9503,35062173.0
1755734400000,2025-08-21 02:00:00,2.9503,2.9578,2.9116,2.9286,44649804.0
1755748800000,2025-08-21 06:00:00,2.9286,2.94,2.8912,2.9075,30131228.0
1755763200000,2025-08-21 10:00:00,2.9075,2.9149,2.8851,2.901,34942811.0
1755777600000,2025-08-21 14:00:00,2.901,2.9228,2.8709,2.8854,65383672.0
1755792000000,2025-08-21 18:00:00,2.8854,2.9186,2.8503,2.8671,58507507.0
1755806400000,2025-08-21 22:00:00,2.8671,2.8881,2.841,2.8503,39563060.0
1755820800000,2025-08-22 02:00:00,2.8503,2.884,2.8208,2.8312,55165169.0
1755835200000,2025-08-22 06:00:00,2.8312,2.8734,2.8291,2.8585,41486550.0
1755849600000,2025-08-22 10:00:00,2.8585,2.875,2.802,2.8039,55172602.0
1755864000000,2025-08-22 14:00:00,2.8039,3.0436,2.7814,3.0155,360631305.0
1755878400000,2025-08-22 18:00:00,3.0155,3.0998,3.0146,3.0722,143226977.0
1755892800000,2025-08-22 22:00:00,3.0722,3.1051,3.0638,3.0735,60298176.0
1755907200000,2025-08-23 02:00:00,3.0735,3.0742,2.969,2.9931,89211715.0
1755921600000,2025-08-23 06:00:00,2.9931,3.075,2.9925,3.0623,63979764.0
1755936000000,2025-08-23 10:00:00,3.0623,3.0723,3.0291,3.0433,48645642.0
1755950400000,2025-08-23 14:00:00,3.0433,3.0474,3.0066,3.0183,42364297.0
1755964800000,2025-08-23 18:00:00,3.0183,3.0302,3.0097,3.0287,21872434.0
1755979200000,2025-08-23 22:00:00,3.0287,3.0576,3.0244,3.0479,27066517.0
1755993600000,2025-08-24 02:00:00,3.0479,3.088,3.0438,3.0521,40387580.0
1756008000000,2025-08-24 06:00:00,3.0521,3.0565,3.029,3.0352,24983727.0
1756022400000,2025-08-24 10:00:00,3.0352,3.047,2.9959,3.0078,39171305.0
1756036800000,2025-08-24 14:00:00,3.0078,3.0402,3.0046,3.0138,41610643.0
1756051200000,2025-08-24 18:00:00,3.0138,3.1283,2.9965,3.0347,203450117.0
1756065600000,2025-08-24 22:00:00,3.0347,3.0475,2.9866,3.0255,83013764.0
1756080000000,2025-08-25 02:00:00,3.0255,3.0537,2.9732,3.0214,59530117.0
1756094400000,2025-08-25 06:00:00,3.0214,3.0264,2.9284,2.938,72601014.0
1756108800000,2025-08-25 10:00:00,2.938,2.957,2.9177,2.9419,51432625.0
1756123200000,2025-08-25 14:00:00,2.9419,2.9733,2.9257,2.9525,50850999.0
1756137600000,2025-08-25 18:00:00,2.9525,2.9675,2.8708,2.8749,79873726.0
1756152000000,2025-08-25 22:00:00,2.8749,2.8925,2.8208,2.8566,125034732.0
1756166400000,2025-08-26 02:00:00,2.8566,2.8958,2.8443,2.8835,47332959.0
1756180800000,2025-08-26 06:00:00,2.8835,2.934,2.8835,2.9156,44607657.0
1756195200000,2025-08-26 10:00:00,2.9156,2.9261,2.8892,2.8999,34507392.0
1756209600000,2025-08-26 14:00:00,2.8999,2.9418,2.8854,2.9314,89513011.0
1756224000000,2025-08-26 18:00:00,2.9314,3.0809,2.9246,3.0595,86938160.0
1756238400000,2025-08-26 22:00:00,3.0595,3.0611,3.0022,3.0113,55097825.0
1756252800000,2025-08-27 02:00:00,3.0113,3.0121,2.9801,3.0031,33577158.0
1756267200000,2025-08-27 06:00:00,3.0031,3.0265,2.9829,2.9924,39972740.0
1756281600000,2025-08-27 10:00:00,2.9924,3.0228,2.9924,2.9975,30206543.0
1756296000000,2025-08-27 14:00:00,2.9975,3.0313,2.9873,3.0154,56648899.0
1756310400000,2025-08-27 18:00:00,3.0154,3.0439,2.9863,3.0042,46383065.0
1756324800000,2025-08-27 22:00:00,3.0042,3.028,2.9605,2.9678,108188997.0
1756339200000,2025-08-28 02:00:00,2.9678,2.9885,2.9512,2.9813,25272056.0
1756353600000,2025-08-28 06:00:00,2.9813,3.0128,2.9763,3.0027,32943148.0
1756368000000,2025-08-28 10:00:00,3.0027,3.0158,2.9911,3.007,30861876.0
1756382400000,2025-08-28 14:00:00,3.007,3.0253,2.9688,2.9803,62247609.0
1756396800000,2025-08-28 18:00:00,2.9803,2.9974,2.9421,2.9425,36650842.0
1756411200000,2025-08-28 22:00:00,2.9425,2.978,2.9419,2.9652,22785984.0
1756425600000,2025-08-29 02:00:00,2.9652,2.9759,2.9358,2.9372,25690288.0
1756440000000,2025-08-29 06:00:00,2.9372,2.9395,2.86,2.869,76040173.0
1756454400000,2025-08-29 10:00:00,2.869,2.8854,2.8425,2.8754,50108028.0
1756468800000,2025-08-29 14:00:00,2.8754,2.9218,2.8151,2.8332,137223244.0
1756483200000,2025-08-29 18:00:00,2.8332,2.8454,2.8001,2.8124,50289154.0
1756497600000,2025-08-29 22:00:00,2.8124,2.825,2.7717,2.8182,57138014.0
1756512000000,2025-08-30 02:00:00,2.8182,2.8234,2.7554,2.8116,56537221.0
1756526400000,2025-08-30 06:00:00,2.8116,2.8338,2.8084,2.8304,26300103.0
1756540800000,2025-08-30 10:00:00,2.8304,2.8309,2.7943,2.8082,25778200.0
1756555200000,2025-08-30 14:00:00,2.8082,2.8092,2.7727,2.8056,33461414.0
1756569600000,2025-08-30 18:00:00,2.8056,2.8175,2.7977,2.8092,13674689.0
1756584000000,2025-08-30 22:00:00,2.8092,2.817,2.7981,2.8168,10910657.0
1756598400000,2025-08-31 02:00:00,2.8168,2.8676,2.8167,2.8513,40607757.0
1756612800000,2025-08-31 06:00:00,2.8513,2.8555,2.8218,2.828,23087880.0
1756627200000,2025-08-31 10:00:00,2.828,2.8434,2.8112,2.8229,22476060.0
1756641600000,2025-08-31 14:00:00,2.8229,2.8242,2.8002,2.8213,26739635.0
1756656000000,2025-08-31 18:00:00,2.8213,2.8214,2.7973,2.7992,16381857.0
1756670400000,2025-08-31 22:00:00,2.7992,2.8169,2.7693,2.7748,35453782.0
1756684800000,2025-09-01 02:00:00,2.7748,2.7782,2.7241,2.7407,92477923.0
1756699200000,2025-09-01 06:00:00,2.7407,2.7929,2.7002,2.7926,87181026.0
1756713600000,2025-09-01 10:00:00,2.7926,2.8376,2.7661,2.7687,89267486.0
1756728000000,2025-09-01 14:00:00,2.7687,2.7794,2.75,2.7612,44441215.0
1756742400000,2025-09-01 18:00:00,2.7612,2.7732,2.7185,2.7718,49378767.0
1756756800000,2025-09-01 22:00:00,2.7718,2.7744,2.6963,2.7575,97246903.0
1756771200000,2025-09-02 02:00:00,2.7575,2.8,2.7475,2.7972,46395535.0
1756785600000,2025-09-02 06:00:00,2.7972,2.8147,2.7845,2.7933,38521344.0
1756800000000,2025-09-02 10:00:00,2.7933,2.8326,2.793,2.7982,37913495.0
1756814400000,2025-09-02 14:00:00,2.7982,2.845,2.7608,2.7895,109549846.0
1756828800000,2025-09-02 18:00:00,2.7895,2.8268,2.7805,2.8257,36134411.0
1756843200000,2025-09-02 22:00:00,2.8257,2.863,2.815,2.8607,40089595.0
1756857600000,2025-09-03 02:00:00,2.8607,2.8644,2.8244,2.8402,43738221.0
1756872000000,2025-09-03 06:00:00,2.8402,2.8437,2.8092,2.8195,26557905.0
1756886400000,2025-09-03 10:00:00,2.8195,2.8625,2.8185,2.8553,33029366.0
1756900800000,2025-09-03 14:00:00,2.8553,2.8857,2.8409,2.8706,61548590.0
1756915200000,2025-09-03 18:00:00,2.8706,2.873,2.8418,2.8633,33005325.0
1756929600000,2025-09-03 22:00:00,2.8633,2.8663,2.8372,2.8427,21634774.0
1756944000000,2025-09-04 02:00:00,2.8427,2.8558,2.8312,2.8433,22910026.0
1756958400000,2025-09-04 06:00:00,2.8433,2.8604,2.8127,2.8236,34577781.0
1756972800000,2025-09-04 10:00:00,2.8236,2.8548,2.8226,2.8401,29730029.0
1756987200000,2025-09-04 14:00:00,2.8401,2.8468,2.8018,2.8089,62557335.0
1757001600000,2025-09-04 18:00:00,2.8089,2.8222,2.7828,2.7835,31127951.0
1757016000000,2025-09-04 22:00:00,2.7835,2.8244,2.7833,2.7933,22733097.0
1757030400000,2025-09-05 02:00:00,2.7933,2.8129,2.7754,2.8061,33571117.0
1757044800000,2025-09-05 06:00:00,2.8061,2.8487,2.8022,2.8429,34106211.0
1757059200000,2025-09-05 10:00:00,2.8429,2.8539,2.8273,2.8431,43049456.0
1757073600000,2025-09-05 14:00:00,2.8431,2.884,2.7986,2.8134,166556821.0
1757088000000,2025-09-05 18:00:00,2.8134,2.8638,2.8017,2.8637,32574666.0
1757102400000,2025-09-05 22:00:00,2.8637,2.8644,2.8122,2.8131,32491620.0
1757116800000,2025-09-06 02:00:00,2.8131,2.8277,2.8107,2.8257,13395166.0
1757131200000,2025-09-06 06:00:00,2.8257,2.8257,2.8122,2.8191,8000586.0
1757145600000,2025-09-06 10:00:00,2.8191,2.8193,2.7993,2.8047,14491949.0
1757160000000,2025-09-06 14:00:00,2.8047,2.8165,2.7991,2.8007,13258078.0
1757174400000,2025-09-06 18:00:00,2.8007,2.8058,2.7913,2.793,15828258.0
1757188800000,2025-09-06 22:00:00,2.793,2.8109,2.793,2.8083,8709782.0
1757203200000,2025-09-07 02:00:00,2.8083,2.8245,2.8076,2.8207,10199358.0
1757217600000,2025-09-07 06:00:00,2.8207,2.8331,2.817,2.8296,10939406.0
1757232000000,2025-09-07 10:00:00,2.8296,2.8358,2.8235,2.8302,15991029.0
1757246400000,2025-09-07 14:00:00,2.8302,2.9269,2.8271,2.8988,90423798.0
1757260800000,2025-09-07 18:00:00,2.8988,2.8996,2.8491,2.8611,34554935.0
1757275200000,2025-09-07 22:00:00,2.8611,2.8911,2.8542,2.8759,29951492.0
1757289600000,2025-09-08 02:00:00,2.8759,2.899,2.8609,2.8875,27555465.0
1757304000000,2025-09-08 06:00:00,2.8875,2.9099,2.8726,2.9096,31541497.0
1757318400000,2025-09-08 10:00:00,2.9096,2.9543,2.9019,2.9351,56046819.0
1757332800000,2025-09-08 14:00:00,2.9351,2.9958,2.9325,2.9849,82656178.0
1757347200000,2025-09-08 18:00:00,2.9849,2.9898,2.9607,2.9785,44027631.0
1757361600000,2025-09-08 22:00:00,2.9785,2.984,2.9537,2.969,27446125.0
1757376000000,2025-09-09 02:00:00,2.969,2.9776,2.9332,2.9491,38791134.0
1757390400000,2025-09-09 06:00:00,2.9491,3.0273,2.9435,3.0195,66302212.0
1757404800000,2025-09-09 10:00:00,3.0195,3.0362,2.9984,3.0035,48718525.0
1757419200000,2025-09-09 14:00:00,3.0035,3.0296,2.9359,2.9455,102628854.0
1757433600000,2025-09-09 18:00:00,2.9455,2.9716,2.943,2.9637,25326158.0
1757448000000,2025-09-09 22:00:00,2.9637,2.9669,2.9388,2.9457,19651954.0
1757462400000,2025-09-10 02:00:00,2.9457,2.9627,2.934,2.9614,23617802.0
1757476800000,2025-09-10 06:00:00,2.9614,2.9806,2.9442,2.9803,22438750.0
1757491200000,2025-09-10 10:00:00,2.9803,2.9864,2.9592,2.9696,24587991.0
1757505600000,2025-09-10 14:00:00,2.9696,3.0233,2.9694,3.0021,77806846.0
1757520000000,2025-09-10 18:00:00,3.0021,3.0138,2.9664,2.9775,35227044.0
1757534400000,2025-09-10 22:00:00,2.9775,2.9862,2.971,2.9824,21907528.0
1757548800000,2025-09-11 02:00:00,2.9824,3.0129,2.9767,3.0084,22692998.0
1757563200000,2025-09-11 06:00:00,3.0084,3.014,2.9905,3.0023,23824760.0
1757577600000,2025-09-11 10:00:00,3.0023,3.0348,2.9972,3.0068,38516216.0
1757592000000,2025-09-11 14:00:00,3.0068,3.035,2.9473,2.9936,112505716.0
1757606400000,2025-09-11 18:00:00,2.9936,3.0332,2.9887,3.0247,30810246.0
1757620800000,2025-09-11 22:00:00,3.0247,3.0489,3.0097,3.0387,34141103.0
1757635200000,2025-09-12 02:00:00,3.0387,3.0711,3.0306,3.0364,50214452.0
1757649600000,2025-09-12 06:00:00,3.0364,3.0727,3.0276,3.0661,40733525.0
1757664000000,2025-09-12 10:00:00,3.0661,3.0706,3.036,3.0383,27372891.0
1757678400000,2025-09-12 14:00:00,3.0383,3.0643,3.0165,3.0267,45240954.0
1757692800000,2025-09-12 18:00:00,3.0267,3.0928,3.0211,3.0889,51211000.0
1757707200000,2025-09-12 22:00:00,3.0889,3.1374,3.0818,3.1052,72609160.0
1757721600000,2025-09-13 02:00:00,3.1052,3.1244,3.0893,3.1138,31361640.0
1757736000000,2025-09-13 06:00:00,3.1138,3.1219,3.0989,3.1166,25232537.0
1757750400000,2025-09-13 10:00:00,3.1166,3.1864,3.1096,3.1724,90953551.0
1757764800000,2025-09-13 14:00:00,3.1724,3.1819,3.117,3.1339,70891270.0
1757779200000,2025-09-13 18:00:00,3.1339,3.1423,3.0882,3.1107,53896847.0
1757793600000,2025-09-13 22:00:00,3.1107,3.1281,3.1089,3.1186,19496152.0
1757808000000,2025-09-14 02:00:00,3.1186,3.1263,3.082,3.0943,38543460.0
1757822400000,2025-09-14 06:00:00,3.0943,3.1085,3.0744,3.0834,37782248.0
1757836800000,2025-09-14 10:00:00,3.0834,3.0947,3.0532,3.0582,33148198.0
1757851200000,2025-09-14 14:00:00,3.0582,3.0663,3.0091,3.0306,67004390.0
1757865600000,2025-09-14 18:00:00,3.0306,3.0588,3.0272,3.0371,30151903.0
1757880000000,2025-09-14 22:00:00,3.0371,3.0576,3.024,3.0272,26178634.0
1757894400000,2025-09-15 02:00:00,3.0272,3.0517,3.0111,3.0472,28775947.0
1757908800000,2025-09-15 06:00:00,3.0472,3.0664,3.0109,3.0223,51604179.0
1757923200000,2025-09-15 10:00:00,3.0223,3.0233,2.9513,2.9977,116618729.0
1757937600000,2025-09-15 14:00:00,2.9977,3.0418,2.9826,3.0262,97307771.0
1757952000000,2025-09-15 18:00:00,3.0262,3.035,2.9846,2.9864,46307512.0
1757966400000,2025-09-15 22:00:00,2.9864,3.0028,2.9783,2.9955,18929477.0
1757980800000,2025-09-16 02:00:00,2.9955,2.9982,2.9753,2.9777,19483696.0
1757995200000,2025-09-16 06:00:00,2.9777,3.0127,2.9627,3.0067,34359643.0
1758009600000,2025-09-16 10:00:00,3.0067,3.0496,3.0025,3.0278,54491876.0
1758024000000,2025-09-16 14:00:00,3.0278,3.0474,2.9984,3.0382,67345633.0
1758038400000,2025-09-16 18:00:00,3.0382,3.0578,3.0289,3.0502,36168771.0
1758052800000,2025-09-16 22:00:00,3.0502,3.0568,3.0343,3.0365,15888869.0
1758067200000,2025-09-17 02:00:00,3.0365,3.0468,3.0144,3.0156,27349496.0
1758081600000,2025-09-17 06:00:00,3.0156,3.0384,3.0042,3.0334,33779471.0
1758096000000,2025-09-17 10:00:00,3.0334,3.0335,3.0012,3.0074,29498590.0
1758110400000,2025-09-17 14:00:00,3.0074,3.0364,3.0066,3.0214,30845611.0
1758124800000,2025-09-17 18:00:00,3.0214,3.0676,2.9806,3.031,157530259.0
1758139200000,2025-09-17 22:00:00,3.031,3.107,3.0047,3.0834,82526164.0
1758153600000,2025-09-18 02:00:00,3.0834,3.1122,3.0704,3.1054,50045689.0
1758168000000,2025-09-18 06:00:00,3.1054,3.1072,3.0551,3.0919,52729365.0
1758182400000,2025-09-18 10:00:00,3.0919,3.1377,3.0898,3.1367,57635680.0
1758196800000,2025-09-18 14:00:00,3.1367,3.1397,3.1012,3.1123,58627124.0
1758211200000,2025-09-18 18:00:00,3.1123,3.1229,3.0873,3.1059,41511349.0
1758225600000,2025-09-18 22:00:00,3.1059,3.1073,3.0592,3.0721,38758607.0
1758240000000,2025-09-19 02:00:00,3.0721,3.0934,3.045,3.0463,41109253.0
1758254400000,2025-09-19 06:00:00,3.0463,3.0524,3.0222,3.0371,49371599.0
1758268800000,2025-09-19 10:00:00,3.0371,3.0464,3.0211,3.029,27570878.0
1758283200000,2025-09-19 14:00:00,3.029,3.0456,2.9875,3.0094,68415966.0
1758297600000,2025-09-19 18:00:00,3.0094,3.0163,2.9824,2.9848,32799448.0
1758312000000,2025-09-19 22:00:00,2.9848,2.9992,2.9771,2.9889,20799324.0
1758326400000,2025-09-20 02:00:00,2.9889,3.0001,2.978,2.9904,14218079.0
1758340800000,2025-09-20 06:00:00,2.9904,3.0084,2.986,3.0074,11525926.0
1758355200000,2025-09-20 10:00:00,3.0074,3.0081,2.9734,2.9882,18476159.0
1758369600000,2025-09-20 14:00:00,2.9882,2.9956,2.9636,2.9884,26239099.0
1758384000000,2025-09-20 18:00:00,2.9884,2.9924,2.97,2.9736,22041646.0
1758398400000,2025-09-20 22:00:00,2.9736,2.9852,2.9687,2.9737,16268754.0
1758412800000,2025-09-21 02:00:00,2.9737,2.9978,2.9714,2.9968,13538080.0
1758427200000,2025-09-21 06:00:00,2.9968,3.0125,2.9922,2.9959,15333630.0
1758441600000,2025-09-21 10:00:00,2.9959,2.9998,2.9594,2.9743,25134435.0
1758456000000,2025-09-21 14:00:00,2.9743,2.9878,2.9683,2.9784,13586377.0
1758470400000,2025-09-21 18:00:00,2.9784,2.9846,2.951,2.9805,22727659.0
1758484800000,2025-09-21 22:00:00,2.9805,2.9916,2.9625,2.9687,16879424.0
1758499200000,2025-09-22 02:00:00,2.9687,2.9749,2.8752,2.9024,124428781.7
1758513600000,2025-09-22 06:00:00,2.9024,2.9055,2.6747,2.8044,201493872.6
1758528000000,2025-09-22 10:00:00,2.8044,2.8221,2.7883,2.8145,44510222.9
1758542400000,2025-09-22 14:00:00,2.8145,2.8728,2.8024,2.8579,88664478.3
1758556800000,2025-09-22 18:00:00,2.8579,2.8685,2.814,2.8316,61450421.9
1758571200000,2025-09-22 22:00:00,2.8316,2.8558,2.8119,2.8508,24758922.5
1758585600000,2025-09-23 02:00:00,2.8508,2.871,2.7976,2.8585,50042789.4
1758600000000,2025-09-23 06:00:00,2.8585,2.8828,2.8343,2.8627,52829261.6
1758614400000,2025-09-23 10:00:00,2.8627,2.8718,2.8469,2.8565,24998815.5
1758628800000,2025-09-23 14:00:00,2.8565,2.8825,2.851,2.8752,37600466.8
1758643200000,2025-09-23 18:00:00,2.8752,2.8962,2.8365,2.8516,47870692.1
1758657600000,2025-09-23 22:00:00,2.8516,2.8591,2.8152,2.8232,25714122.7
1758672000000,2025-09-24 02:00:00,2.8232,2.842,2.8035,2.8124,29104186.1
1758686400000,2025-09-24 06:00:00,2.8124,2.8761,2.7867,2.8725,57815072.6
1758700800000,2025-09-24 10:00:00,2.8725,2.8836,2.8655,2.879,24502270.0
1758715200000,2025-09-24 14:00:00,2.879,2.9498,2.8706,2.9387,50244472.7
1758729600000,2025-09-24 18:00:00,2.9387,2.994,2.9271,2.9757,60371713.5
1758744000000,2025-09-24 22:00:00,2.9757,2.9782,2.9221,2.9243,49160884.1
1758758400000,2025-09-25 02:00:00,2.9243,2.9428,2.8682,2.8716,67099863.4
1758772800000,2025-09-25 06:00:00,2.8716,2.877,2.8305,2.8406,68930218.2
1758787200000,2025-09-25 10:00:00,2.8406,2.8537,2.8056,2.814,52580768.7
1758801600000,2025-09-25 14:00:00,2.814,2.859,2.782,2.8297,99243023.6
1758816000000,2025-09-25 18:00:00,2.8297,2.8366,2.7219,2.7588,161737381.3
1758830400000,2025-09-25 22:00:00,2.7588,2.7708,2.7297,2.7418,47768541.5
1758844800000,2025-09-26 02:00:00,2.7418,2.7774,2.7368,2.7594,34915202.5
1758859200000,2025-09-26 06:00:00,2.7594,2.7739,2.7361,2.7539,38836919.8
1758873600000,2025-09-26 10:00:00,2.7539,2.7674,2.6961,2.7262,67745625.4
1758888000000,2025-09-26 14:00:00,2.7262,2.7745,2.699,2.734,112130521.5
1758902400000,2025-09-26 18:00:00,2.734,2.8084,2.7293,2.7906,66912788.0
1758916800000,2025-09-26 22:00:00,2.7906,2.7964,2.7684,2.7821,23138341.9
1758931200000,2025-09-27 02:00:00,2.7821,2.789,2.7662,2.7821,14791814.0
1758945600000,2025-09-27 06:00:00,2.7821,2.8007,2.7743,2.7798,16626252.5
1758960000000,2025-09-27 10:00:00,2.7798,2.7927,2.7597,2.7764,22639249.4
1758974400000,2025-09-27 14:00:00,2.7764,2.7878,2.771,2.7825,14653992.6
1758988800000,2025-09-27 18:00:00,2.7825,2.7933,2.7612,2.7879,18692610.9
1759003200000,2025-09-27 22:00:00,2.7879,2.8274,2.7859,2.8029,25963902.1
1759017600000,2025-09-28 02:00:00,2.8029,2.8131,2.7756,2.7813,28219856.7
1759032000000,2025-09-28 06:00:00,2.7813,2.7932,2.7733,2.7864,12107201.9
1759046400000,2025-09-28 10:00:00,2.7864,2.7932,2.7693,2.7751,21535459.5
1759060800000,2025-09-28 14:00:00,2.7751,2.8128,2.7645,2.8099,27407567.7
1759075200000,2025-09-28 18:00:00,2.8099,2.8333,2.8031,2.8264,29933190.0
1759089600000,2025-09-28 22:00:00,2.8264,2.8667,2.8251,2.8667,33748133.1
1759104000000,2025-09-29 02:00:00,2.8667,2.8839,2.8471,2.8624,33554382.6
1759118400000,2025-09-29 06:00:00,2.8624,2.9043,2.8434,2.8858,35921920.4
1759132800000,2025-09-29 10:00:00,2.8858,2.8915,2.851,2.8538,25623413.8
1759147200000,2025-09-29 14:00:00,2.8538,2.9283,2.844,2.8919,66258629.1
1759161600000,2025-09-29 18:00:00,2.8919,2.902,2.8635,2.8965,34247457.3
1759176000000,2025-09-29 22:00:00,2.8965,2.9135,2.8772,2.8786,30317195.7
1759190400000,2025-09-30 02:00:00,2.8786,2.8914,2.8658,2.8744,25629123.5
1759204800000,2025-09-30 06:00:00,2.8744,2.9064,2.8708,2.873,29277322.7
1759219200000,2025-09-30 10:00:00,2.873,2.8743,2.8327,2.8451,34413594.0
1759233600000,2025-09-30 14:00:00,2.8451,2.8614,2.8116,2.8266,42506967.0
1759248000000,2025-09-30 18:00:00,2.8266,2.8698,2.816,2.8625,30032687.4
1759262400000,2025-09-30 22:00:00,2.8625,2.8782,2.8331,2.8457,39216077.0
1759276800000,2025-10-01 02:00:00,2.8457,2.8592,2.8126,2.8178,29797604.5
1759291200000,2025-10-01 06:00:00,2.8178,2.8567,2.815,2.8529,24431022.1
1759305600000,2025-10-01 10:00:00,2.8529,2.9514,2.8509,2.9433,92698835.7
1759320000000,2025-10-01 14:00:00,2.9433,2.9575,2.9264,2.9407,49462097.2
1759334400000,2025-10-01 18:00:00,2.9407,2.9609,2.9181,2.9543,37967053.1
1759348800000,2025-10-01 22:00:00,2.9543,2.9549,2.9256,2.9478,27308376.4
1759363200000,2025-10-02 02:00:00,2.9478,2.9874,2.9396,2.9718,42489139.8
1759377600000,2025-10-02 06:00:00,2.9718,2.9867,2.9536,2.9694,82065662.2
1759392000000,2025-10-02 10:00:00,2.9694,2.997,2.9664,2.9716,31349273.1
1759406400000,2025-10-02 14:00:00,2.9716,2.9939,2.9452,2.9917,71416197.7
1759420800000,2025-10-02 18:00:00,2.9917,3.0999,2.9867,3.0896,97508334.5
1759435200000,2025-10-02 22:00:00,3.0896,3.0907,3.0252,3.0376,51236433.2
1759449600000,2025-10-03 02:00:00,3.0376,3.0388,3.0036,3.0198,51748689.2
1759464000000,2025-10-03 06:00:00,3.0198,3.0346,3.012,3.0334,31960657.5
1759478400000,2025-10-03 10:00:00,3.0334,3.058,3.0214,3.0372,40705295.5
1759492800000,2025-10-03 14:00:00,3.0372,3.0725,3.0065,3.0677,53951121.7
1759507200000,2025-10-03 18:00:00,3.0677,3.0948,3.0115,3.034,99533940.8
1759521600000,2025-10-03 22:00:00,3.034,3.0563,3.0201,3.0406,37824917.7
1759536000000,2025-10-04 02:00:00,3.0406,3.0527,3.0083,3.0234,24880168.1
1759550400000,2025-10-04 06:00:00,3.0234,3.0319,3.0144,3.0182,15827749.6
1759564800000,2025-10-04 10:00:00,3.0182,3.0238,2.9828,2.9906,39099170.5
1759579200000,2025-10-04 14:00:00,2.9906,3.0064,2.9414,2.9501,51906362.7
1759593600000,2025-10-04 18:00:00,2.9501,2.9574,2.9374,2.9508,28686229.7
1759608000000,2025-10-04 22:00:00,2.9508,2.973,2.9457,2.9685,28808095.9
1759622400000,2025-10-05 02:00:00,2.9685,3.0271,2.9553,3.0074,42278185.5
1759636800000,2025-10-05 06:00:00,3.0074,3.0686,3.0044,3.0642,57224819.7
1759651200000,2025-10-05 10:00:00,3.0642,3.0729,3.0017,3.0222,61429666.0
1759665600000,2025-10-05 14:00:00,3.0222,3.0223,2.9847,3.0127,39737296.0
1759680000000,2025-10-05 18:00:00,3.0127,3.0153,2.9482,2.9534,47571828.9
1759694400000,2025-10-05 22:00:00,2.9534,2.9853,2.9461,2.9694,26968059.7
1759708800000,2025-10-06 02:00:00,2.9694,2.9918,2.9541,2.9778,37929472.0
1759723200000,2025-10-06 06:00:00,2.9778,2.9995,2.962,2.9733,28456181.4
1759737600000,2025-10-06 10:00:00,2.9733,3.0087,2.9733,2.9953,29335438.5
1759752000000,2025-10-06 14:00:00,2.9953,3.039,2.9835,3.0305,76757566.7
1759766400000,2025-10-06 18:00:00,3.0305,3.0518,3.021,3.0246,48704461.3
1759780800000,2025-10-06 22:00:00,3.0246,3.0334,2.9861,2.9882,36056502.8
1759795200000,2025-10-07 02:00:00,2.9882,3.0005,2.9752,2.9855,26544697.7
1759809600000,2025-10-07 06:00:00,2.9855,3.0017,2.9607,2.9716,38303509.6
1759824000000,2025-10-07 10:00:00,2.9716,2.9803,2.9541,2.9692,33829764.3
1759838400000,2025-10-07 14:00:00,2.9692,2.9903,2.8681,2.8833,174688239.3
1759852800000,2025-10-07 18:00:00,2.8833,2.9025,2.8464,2.8554,66553354.3
1759867200000,2025-10-07 22:00:00,2.8554,2.8803,2.8474,2.8504,33613665.8
1759881600000,2025-10-08 02:00:00,2.8504,2.8777,2.8357,2.8451,30560728.8
1759896000000,2025-10-08 06:00:00,2.8451,2.8628,2.8288,2.8563,26682865.9
1759910400000,2025-10-08 10:00:00,2.8563,2.88,2.8545,2.875,22810310.5
1759924800000,2025-10-08 14:00:00,2.875,2.8923,2.8506,2.8645,38971925.7
1759939200000,2025-10-08 18:00:00,2.8645,2.9241,2.8612,2.908,51705808.8
1759953600000,2025-10-08 22:00:00,2.908,2.9108,2.8752,2.8788,17737114.7
1759968000000,2025-10-09 02:00:00,2.8788,2.8794,2.8234,2.8434,36809109.6
1759982400000,2025-10-09 06:00:00,2.8434,2.8477,2.8119,2.8157,35708128.1
1759996800000,2025-10-09 10:00:00,2.8157,2.8269,2.7838,2.825,52495272.9
1760011200000,2025-10-09 14:00:00,2.825,2.839,2.7881,2.8008,62862101.0
1760025600000,2025-10-09 18:00:00,2.8008,2.8085,2.7685,2.7878,51106463.8
1760040000000,2025-10-09 22:00:00,2.7878,2.8154,2.7817,2.8012,26933822.8
1760054400000,2025-10-10 02:00:00,2.8012,2.8286,2.7893,2.8117,24005543.2
1760068800000,2025-10-10 06:00:00,2.8117,2.8297,2.7978,2.8023,27589459.3
1760083200000,2025-10-10 10:00:00,2.8023,2.8299,2.7972,2.8176,20589227.6
1760097600000,2025-10-10 14:00:00,2.8176,2.8362,2.711,2.7403,142849462.9
1760112000000,2025-10-10 18:00:00,2.7403,2.7632,2.6298,2.6748,140688996.0
1760126400000,2025-10-10 22:00:00,2.6748,2.6959,1.1652,2.3717,1052643151.9
1760140800000,2025-10-11 02:00:00,2.3717,2.4535,2.293,2.3948,177544595.9
1760155200000,2025-10-11 06:00:00,2.3948,2.4522,2.3872,2.41,93126215.2
1760169600000,2025-10-11 10:00:00,2.41,2.504,2.3972,2.476,90437155.2
1760184000000,2025-10-11 14:00:00,2.476,2.486,2.4119,2.4771,58788065.3
1760198400000,2025-10-11 18:00:00,2.4771,2.4911,2.3809,2.4081,51999814.3
1760212800000,2025-10-11 22:00:00,2.4081,2.4103,2.3209,2.3805,80065736.9
1760227200000,2025-10-12 02:00:00,2.3805,2.3859,2.3089,2.3404,99851502.5
1760241600000,2025-10-12 06:00:00,2.3404,2.3996,2.3383,2.3885,39826373.9
1760256000000,2025-10-12 10:00:00,2.3885,2.4099,2.3676,2.3958,41053328.9
1760270400000,2025-10-12 14:00:00,2.3958,2.5136,2.3595,2.4872,162092419.6
1760284800000,2025-10-12 18:00:00,2.4872,2.5511,2.4857,2.5457,97019184.2
1760299200000,2025-10-12 22:00:00,2.5457,2.5821,2.5071,2.5272,76027433.7
1760313600000,2025-10-13 02:00:00,2.5272,2.5729,2.5106,2.5498,56023262.7
1760328000000,2025-10-13 06:00:00,2.5498,2.6367,2.5318,2.6203,61895480.9
1760342400000,2025-10-13 10:00:00,2.6203,2.6417,2.5336,2.5677,82913658.0
1760356800000,2025-10-13 14:00:00,2.5677,2.6152,2.5491,2.5859,102511917.1
1760371200000,2025-10-13 18:00:00,2.5859,2.6391,2.5686,2.6238,65302389.8
1760385600000,2025-10-13 22:00:00,2.6238,2.6456,2.5951,2.6037,35221282.1
1760400000000,2025-10-14 02:00:00,2.6037,2.6198,2.5478,2.5587,50748313.8
1760414400000,2025-10-14 06:00:00,2.5587,2.5639,2.4161,2.451,130417227.2
1760428800000,2025-10-14 10:00:00,2.451,2.4742,2.4096,2.4504,85977710.5
1760443200000,2025-10-14 14:00:00,2.4504,2.4976,2.3869,2.4959,117876236.9
1760457600000,2025-10-14 18:00:00,2.4959,2.5356,2.4593,2.4822,118789667.9
1760472000000,2025-10-14 22:00:00,2.4822,2.5113,2.4738,2.5019,33533629.9
1760486400000,2025-10-15 02:00:00,2.5019,2.5247,2.4777,2.4868,34618508.1
1760500800000,2025-10-15 06:00:00,2.4868,2.5086,2.4777,2.5054,32037982.3
1760515200000,2025-10-15 10:00:00,2.5054,2.5471,2.4758,2.4915,52986123.0
1760529600000,2025-10-15 14:00:00,2.4915,2.5107,2.4222,2.4325,96658011.8
1760544000000,2025-10-15 18:00:00,2.4325,2.4483,2.4012,2.4045,45860749.3
1760558400000,2025-10-15 22:00:00,2.4045,2.4195,2.3738,2.4097,44130548.7
1760572800000,2025-10-16 02:00:00,2.4097,2.4344,2.3974,2.4169,29306163.9
1760587200000,2025-10-16 06:00:00,2.4169,2.4321,2.3959,2.4086,31582627.6
1760601600000,2025-10-16 10:00:00,2.4086,2.4557,2.3443,2.4508,87169077.6
1760616000000,2025-10-16 14:00:00,2.4508,2.4658,2.3351,2.3538,121354088.2
1760630400000,2025-10-16 18:00:00,2.3538,2.3975,2.306,2.3256,92029572.0
1760644800000,2025-10-16 22:00:00,2.3256,2.3351,2.2826,2.3268,67160034.4
1760659200000,2025-10-17 02:00:00,2.3268,2.3999,2.3185,2.3575,79002252.3
1760673600000,2025-10-17 06:00:00,2.3575,2.3591,2.2302,2.2379,104354688.2
1760688000000,2025-10-17 10:00:00,2.2379,2.2954,2.1871,2.2816,146814667.7
1760702400000,2025-10-17 14:00:00,2.2816,2.304,2.2384,2.3001,93765841.1
1760716800000,2025-10-17 18:00:00,2.3001,2.3264,2.2764,2.2959,56544676.7
1760731200000,2025-10-17 22:00:00,2.2959,2.3399,2.2893,2.2926,40872527.2
1760745600000,2025-10-18 02:00:00,2.2926,2.3421,2.2882,2.3372,28521577.4
1760760000000,2025-10-18 06:00:00,2.3372,2.3748,2.314,2.3528,45249209.4
1760774400000,2025-10-18 10:00:00,2.3528,2.3783,2.3454,2.3775,30622325.5
1760788800000,2025-10-18 14:00:00,2.3775,2.3903,2.3389,2.3474,41774453.4
1760803200000,2025-10-18 18:00:00,2.3474,2.3704,2.3317,2.3661,28541851.6
1760817600000,2025-10-18 22:00:00,2.3661,2.3737,2.3493,2.3584,16755073.7
1760832000000,2025-10-19 02:00:00,2.3584,2.3675,2.3335,2.3674,25953413.7
1760846400000,2025-10-19 06:00:00,2.3674,2.3685,2.3402,2.3468,19126984.7
1760860800000,2025-10-19 10:00:00,2.3468,2.3976,2.3164,2.3737,111318832.7
1760875200000,2025-10-19 14:00:00,2.3737,2.414,2.3608,2.3998,51175685.2
1760889600000,2025-10-19 18:00:00,2.3998,2.4188,2.3863,2.3976,36788062.2
1760904000000,2025-10-19 22:00:00,2.3976,2.4088,2.3844,2.3897,31126648.0
1760918400000,2025-10-20 02:00:00,2.3897,2.4393,2.3522,2.4325,51497013.3
1760932800000,2025-10-20 06:00:00,2.4325,2.4761,2.4294,2.4691,50397293.6
1760947200000,2025-10-20 10:00:00,2.4691,2.4794,2.4502,2.4563,51571152.0
1760961600000,2025-10-20 14:00:00,2.4563,2.4847,2.4452,2.4615,69834022.2
1760976000000,2025-10-20 18:00:00,2.4615,2.5518,2.4253,2.5228,116276976.8
1760990400000,2025-10-20 22:00:00,2.5228,2.5342,2.4819,2.4936,45483425.5
1761004800000,2025-10-21 02:00:00,2.4936,2.4945,2.4473,2.4519,34678103.3
1761019200000,2025-10-21 06:00:00,2.4519,2.4529,2.4108,2.4249,57558876.5
1761033600000,2025-10-21 10:00:00,2.4249,2.4313,2.3984,2.4305,49514688.0
1761048000000,2025-10-21 14:00:00,2.4305,2.5314,2.4061,2.5214,103578366.2
1761062400000,2025-10-21 18:00:00,2.5214,2.5232,2.4704,2.4919,74281518.5
1761076800000,2025-10-21 22:00:00,2.4919,2.4963,2.4135,2.4207,59281137.6
1761091200000,2025-10-22 02:00:00,2.4207,2.4331,2.4021,2.4195,45002408.5
1761105600000,2025-10-22 06:00:00,2.4195,2.4371,2.3896,2.4083,48294788.4
1761120000000,2025-10-22 10:00:00,2.4083,2.4083,2.362,2.395,52072770.1
1761134400000,2025-10-22 14:00:00,2.395,2.4162,2.3651,2.3992,75057615.1
1761148800000,2025-10-22 18:00:00,2.3992,2.4055,2.3527,2.3747,54965508.8
1761163200000,2025-10-22 22:00:00,2.3747,2.3797,2.3223,2.363,56156548.7
1761177600000,2025-10-23 02:00:00,2.363,2.3854,2.36,2.378,19429279.8
1761192000000,2025-10-23 06:00:00,2.378,2.4182,2.3755,2.4068,38260134.8
1761206400000,2025-10-23 10:00:00,2.4068,2.417,2.3879,2.3902,30255068.8
1761220800000,2025-10-23 14:00:00,2.3902,2.4184,2.3735,2.4072,52777759.5
1761235200000,2025-10-23 18:00:00,2.4072,2.4254,2.3904,2.4054,43559679.6
1761249600000,2025-10-23 22:00:00,2.4054,2.4056,2.3757,2.3937,29507025.7
1761264000000,2025-10-24 02:00:00,2.3937,2.4089,2.3854,2.4055,19211130.5
1761278400000,2025-10-24 06:00:00,2.4055,2.4483,2.4028,2.4396,45400306.8
1761292800000,2025-10-24 10:00:00,2.4396,2.4636,2.4321,2.4546,37822340.5
1761307200000,2025-10-24 14:00:00,2.4546,2.5139,2.4546,2.4778,118716551.2
1761321600000,2025-10-24 18:00:00,2.4778,2.512,2.4587,2.4997,56711893.7
1761336000000,2025-10-24 22:00:00,2.4997,2.5149,2.4948,2.5099,25383953.5
1761350400000,2025-10-25 02:00:00,2.5099,2.5599,2.5019,2.5389,53460463.7
1761364800000,2025-10-25 06:00:00,2.5389,2.5721,2.5353,2.5408,44920531.2
1761379200000,2025-10-25 10:00:00,2.5408,2.5699,2.5261,2.563,49904837.6
1761393600000,2025-10-25 14:00:00,2.563,2.6194,2.5587,2.5965,71521406.0
1761408000000,2025-10-25 18:00:00,2.5965,2.6533,2.5867,2.6042,64502224.8
1761422400000,2025-10-25 22:00:00,2.6042,2.6175,2.588,2.5947,29629019.6
1761436800000,2025-10-26 02:00:00,2.5947,2.6275,2.5907,2.6008,44508441.8
1761451200000,2025-10-26 06:00:00,2.6008,2.6255,2.5983,2.6226,21927183.0
1761465600000,2025-10-26 10:00:00,2.6226,2.6616,2.6157,2.6454,75649931.0
1761480000000,2025-10-26 14:00:00,2.6454,2.6553,2.6276,2.6397,42279055.6
1761494400000,2025-10-26 18:00:00,2.6397,2.6404,2.6081,2.6137,33675120.8
1761508800000,2025-10-26 22:00:00,2.6137,2.6627,2.597,2.6449,64312323.0
1761523200000,2025-10-27 02:00:00,2.6449,2.6699,2.6209,2.6343,57512748.7
1761537600000,2025-10-27 06:00:00,2.6343,2.6744,2.6243,2.6292,49000750.4
1761552000000,2025-10-27 10:00:00,2.6292,2.6376,2.6035,2.6252,47236632.2
1761566400000,2025-10-27 14:00:00,2.6252,2.6647,2.5986,2.6604,79558511.7
1761580800000,2025-10-27 18:00:00,2.6604,2.6978,2.653,2.6685,76015383.7
1761595200000,2025-10-27 22:00:00,2.6685,2.6685,2.6222,2.6325,45650031.8
1761609600000,2025-10-28 02:00:00,2.6325,2.6505,2.6067,2.6299,45522186.3
1761624000000,2025-10-28 06:00:00,2.6299,2.6608,2.6104,2.6368,47793097.1
1761638400000,2025-10-28 10:00:00,2.6368,2.6674,2.6334,2.64,32406172.9
1761652800000,2025-10-28 14:00:00,2.64,2.688,2.6016,2.6341,99680308.4
1761667200000,2025-10-28 18:00:00,2.6341,2.6787,2.6108,2.6412,67502590.1
1761681600000,2025-10-28 22:00:00,2.6412,2.6416,2.5646,2.6021,88473079.1
1761696000000,2025-10-29 02:00:00,2.6021,2.6266,2.5979,2.6072,29756364.2
1761710400000,2025-10-29 06:00:00,2.6072,2.6355,2.6053,2.6328,26501270.0
1761724800000,2025-10-29 10:00:00,2.6328,2.6609,2.6201,2.6488,39502014.0
1761739200000,2025-10-29 14:00:00,2.6488,2.6633,2.612,2.6253,54031399.7
1761753600000,2025-10-29 18:00:00,2.6253,2.6605,2.5371,2.5862,155328414.0
1761768000000,2025-10-29 22:00:00,2.5862,2.6166,2.5342,2.5485,59823615.8
1761782400000,2025-10-30 02:00:00,2.5485,2.5881,2.5273,2.5776,36502897.5
1761796800000,2025-10-30 06:00:00,2.5776,2.5931,2.4855,2.5825,117436771.3
1761811200000,2025-10-30 10:00:00,2.5825,2.5888,2.5404,2.543,43216230.5
1761825600000,2025-10-30 14:00:00,2.543,2.5501,2.4421,2.4523,123485185.1
1761840000000,2025-10-30 18:00:00,2.4523,2.4693,2.3762,2.3843,83615104.0
1761854400000,2025-10-30 22:00:00,2.3843,2.4409,2.3752,2.438,57036399.7
1761868800000,2025-10-31 02:00:00,2.438,2.4816,2.4317,2.4694,43167160.9
1761883200000,2025-10-31 06:00:00,2.4694,2.4914,2.467,2.474,34546554.1
1761897600000,2025-10-31 10:00:00,2.474,2.5153,2.4649,2.5127,33900452.9
1761912000000,2025-10-31 14:00:00,2.5127,2.5496,2.4905,2.5225,83791051.5
1761926400000,2025-10-31 18:00:00,2.5225,2.5535,2.4821,2.5426,65678550.3
1761940800000,2025-10-31 22:00:00,2.5426,2.5426,2.497,2.508,26892903.4
1761955200000,2025-11-01 02:00:00,2.508,2.5188,2.4872,2.5148,20352540.2
1761969600000,2025-11-01 06:00:00,2.5148,2.5222,2.4965,2.5051,16776521.3
1761984000000,2025-11-01 10:00:00,2.5051,2.5146,2.498,2.4993,16383792.2
1761998400000,2025-11-01 14:00:00,2.4993,2.5053,2.4744,2.5004,33353265.2
1762012800000,2025-11-01 18:00:00,2.5004,2.5135,2.4947,2.5051,17079955.2
1762027200000,2025-11-01 22:00:00,2.5051,2.5122,2.4888,2.5043,12615011.3
1762041600000,2025-11-02 02:00:00,2.5043,2.5122,2.4937,2.5059,17285525.6
1762056000000,2025-11-02 06:00:00,2.5059,2.5353,2.5049,2.5334,22858322.6
1762070400000,2025-11-02 10:00:00,2.5334,2.5538,2.5079,2.5404,36844853.0
1762084800000,2025-11-02 14:00:00,2.5404,2.5515,2.4978,2.4986,38652799.7
1762099200000,2025-11-02 18:00:00,2.4986,2.504,2.4759,2.4871,25865155.2
1762113600000,2025-11-02 22:00:00,2.4871,2.5308,2.4829,2.5253,25063302.0
1762128000000,2025-11-03 02:00:00,2.5253,2.5315,2.4236,2.4279,77080235.1
1762142400000,2025-11-03 06:00:00,2.4279,2.4514,2.386,2.4124,71531276.7
1762156800000,2025-11-03 10:00:00,2.4124,2.427,2.38,2.4008,66744523.3
1762171200000,2025-11-03 14:00:00,2.4008,2.4285,2.2894,2.3264,131850436.9
1762185600000,2025-11-03 18:00:00,2.3264,2.3941,2.3171,2.3233,79207302.1
1762200000000,2025-11-03 22:00:00,2.3233,2.3288,2.2618,2.308,85354454.1
1762214400000,2025-11-04 02:00:00,2.308,2.3622,2.2978,2.3552,47951180.8
1762228800000,2025-11-04 06:00:00,2.3552,2.3643,2.2305,2.2425,137455163.3
1762243200000,2025-11-04 10:00:00,2.2425,2.2837,2.228,2.2798,73619697.8
1762257600000,2025-11-04 14:00:00,2.2798,2.3258,2.2405,2.2818,100148549.3
1762272000000,2025-11-04 18:00:00,2.2818,2.2947,2.1543,2.1687,177100548.3
1762286400000,2025-11-04 22:00:00,2.1687,2.2281,2.0655,2.204,239764641.4
1762300800000,2025-11-05 02:00:00,2.204,2.2519,2.1006,2.236,155359053.8
1762315200000,2025-11-05 06:00:00,2.236,2.2596,2.2253,2.2448,46239779.9
1762329600000,2025-11-05 10:00:00,2.2448,2.2448,2.2034,2.2354,52301655.1
1762344000000,2025-11-05 14:00:00,2.2354,2.2876,2.2289,2.2755,105070797.0
1762358400000,2025-11-05 18:00:00,2.2755,2.3254,2.2523,2.3211,63566417.2
1762372800000,2025-11-05 22:00:00,2.3211,2.376,2.3162,2.3419,87474868.3
1762387200000,2025-11-06 02:00:00,2.3419,2.416,2.3089,2.358,82464701.2
1762401600000,2025-11-06 06:00:00,2.358,2.3633,2.3102,2.3245,39305059.4
1762416000000,2025-11-06 10:00:00,2.3245,2.3319,2.286,2.299,43809747.3
1762430400000,2025-11-06 14:00:00,2.299,2.3098,2.2268,2.2329,82593606.9
1762444800000,2025-11-06 18:00:00,2.2329,2.248,2.2014,2.2099,91603316.7
1762459200000,2025-11-06 22:00:00,2.2099,2.2239,2.1778,2.2117,64670237.0
1762473600000,2025-11-07 02:00:00,2.2117,2.2358,2.19,2.2279,51900837.2
1762488000000,2025-11-07 06:00:00,2.2279,2.2387,2.2102,2.2323,31562878.3
1762502400000,2025-11-07 10:00:00,2.2323,2.2335,2.1622,2.1863,65973305.2
1762516800000,2025-11-07 14:00:00,2.1863,2.2198,2.1523,2.2115,101269440.6
1762531200000,2025-11-07 18:00:00,2.2115,2.3546,2.2004,2.3516,130820382.7
1762545600000,2025-11-07 22:00:00,2.3516,2.3715,2.311,2.315,47912085.4
1762560000000,2025-11-08 02:00:00,2.315,2.3369,2.2978,2.3175,43857250.5
1762574400000,2025-11-08 06:00:00,2.3175,2.3354,2.2933,2.3214,38182574.0
1762588800000,2025-11-08 10:00:00,2.3214,2.3334,2.2896,2.2947,29179795.9
1762603200000,2025-11-08 14:00:00,2.2947,2.3009,2.2388,2.2547,50186228.0
1762617600000,2025-11-08 18:00:00,2.2547,2.2781,2.2495,2.2717,29111549.4
1762632000000,2025-11-08 22:00:00,2.2717,2.2889,2.2706,2.2853,19234448.3
1762646400000,2025-11-09 02:00:00,2.2853,2.2858,2.2376,2.2527,34909308.8
1762660800000,2025-11-09 06:00:00,2.2527,2.298,2.2515,2.2945,27581819.3
1762675200000,2025-11-09 10:00:00,2.2945,2.2949,2.2514,2.2736,28318243.9
1762689600000,2025-11-09 14:00:00,2.2736,2.3329,2.2655,2.3132,60894130.5
1762704000000,2025-11-09 18:00:00,2.3132,2.3487,2.2995,2.3478,42722072.5
1762718400000,2025-11-09 22:00:00,2.3478,2.3949,2.3223,2.3653,46584359.7
1762732800000,2025-11-10 02:00:00,2.3653,2.4766,2.3448,2.4608,73266201.5
1762747200000,2025-11-10 06:00:00,2.4608,2.4926,2.4388,2.4799,57534899.2
1762761600000,2025-11-10 10:00:00,2.4799,2.5733,2.4688,2.5408,85393585.8
1762776000000,2025-11-10 14:00:00,2.5408,2.5699,2.496,2.5296,110570538.7
1762790400000,2025-11-10 18:00:00,2.5296,2.5635,2.5122,2.5477,51264548.2
1762804800000,2025-11-10 22:00:00,2.5477,2.5799,2.5097,2.5246,59566165.0
1762819200000,2025-11-11 02:00:00,2.5246,2.5693,2.512,2.529,56555354.3
1762833600000,2025-11-11 06:00:00,2.529,2.5313,2.4426,2.4463,69879817.1
1762848000000,2025-11-11 10:00:00,2.4463,2.4689,2.4384,2.459,38973524.2
1762862400000,2025-11-11 14:00:00,2.459,2.4697,2.424,2.4356,65739666.2
1762876800000,2025-11-11 18:00:00,2.4356,2.4407,2.4087,2.4145,40090387.7
1762891200000,2025-11-11 22:00:00,2.4145,2.4225,2.3773,2.39,48323436.3
1762905600000,2025-11-12 02:00:00,2.39,2.4133,2.3797,2.3979,31620844.3
1762920000000,2025-11-12 06:00:00,2.3979,2.407,2.3603,2.3723,31299329.4
1762934400000,2025-11-12 10:00:00,2.3723,2.4379,2.3712,2.437,57697186.6
1762948800000,2025-11-12 14:00:00,2.437,2.4481,2.3616,2.3672,79185049.7
1762963200000,2025-11-12 18:00:00,2.3672,2.3729,2.313,2.3363,84794124.3
1762977600000,2025-11-12 22:00:00,2.3363,2.3929,2.3316,2.3864,48247210.2
1762992000000,2025-11-13 02:00:00,2.3864,2.5108,2.3813,2.4825,91632804.0
1763006400000,2025-11-13 06:00:00,2.4825,2.5199,2.4506,2.4866,84210976.2
1763020800000,2025-11-13 10:00:00,2.4866,2.5267,2.4717,2.4945,68655120.2
1763035200000,2025-11-13 14:00:00,2.4945,2.5179,2.4191,2.4325,136617669.5
1763049600000,2025-11-13 18:00:00,2.4325,2.4427,2.3094,2.3138,133672886.1
1763064000000,2025-11-13 22:00:00,2.3138,2.3447,2.275,2.3209,91360245.4
1763078400000,2025-11-14 02:00:00,2.3209,2.3368,2.288,2.3141,59332803.7
1763092800000,2025-11-14 06:00:00,2.3141,2.3266,2.2439,2.3061,109227263.9
1763107200000,2025-11-14 10:00:00,2.3061,2.3089,2.255,2.2677,50052779.2
1763121600000,2025-11-14 14:00:00,2.2677,2.3261,2.2256,2.3114,135003899.0
1763136000000,2025-11-14 18:00:00,2.3114,2.3409,2.2749,2.3111,76323463.6
1763150400000,2025-11-14 22:00:00,2.3111,2.3153,2.2232,2.2426,68192936.4
1763164800000,2025-11-15 02:00:00,2.2426,2.3021,2.2411,2.2938,29314842.1
1763179200000,2025-11-15 06:00:00,2.2938,2.2957,2.2723,2.2843,25823935.6
1763193600000,2025-11-15 10:00:00,2.2843,2.2856,2.2412,2.257,28859168.2
1763208000000,2025-11-15 14:00:00,2.257,2.278,2.2444,2.2536,24290925.4
1763222400000,2025-11-15 18:00:00,2.2536,2.2702,2.2269,2.2553,34381250.4
1763236800000,2025-11-15 22:00:00,2.2553,2.2604,2.2095,2.236,32676354.4
1763251200000,2025-11-16 02:00:00,2.236,2.2555,2.1873,2.2492,50944768.9
1763265600000,2025-11-16 06:00:00,2.2492,2.2689,2.2377,2.2658,24203301.2
1763280000000,2025-11-16 10:00:00,2.2658,2.2793,2.2284,2.2343,42027559.6
1763294400000,2025-11-16 14:00:00,2.2343,2.2459,2.1811,2.1859,71259432.7
1763308800000,2025-11-16 18:00:00,2.1859,2.2311,2.1541,2.2156,100727561.4
1763323200000,2025-11-16 22:00:00,2.2156,2.2297,2.1636,2.2136,52846910.0
1763337600000,2025-11-17 02:00:00,2.2136,2.2634,2.1968,2.2565,51504718.7
1763352000000,2025-11-17 06:00:00,2.2565,2.2689,2.2379,2.2635,30600921.7
1763366400000,2025-11-17 10:00:00,2.2635,2.2841,2.2579,2.2714,30572387.6
1763380800000,2025-11-17 14:00:00,2.2714,2.3069,2.1939,2.2077,155054382.4
1763395200000,2025-11-17 18:00:00,2.2077,2.2207,2.119,2.1259,119588840.4
1763409600000,2025-11-17 22:00:00,2.1259,2.1726,2.113,2.1626,64681873.3
1763424000000,2025-11-18 02:00:00,2.1626,2.1766,2.1055,2.164,103547498.4
1763438400000,2025-11-18 06:00:00,2.164,2.1778,2.1245,2.1604,63173928.9
1763452800000,2025-11-18 10:00:00,2.1604,2.2009,2.1604,2.183,51520084.6
1763467200000,2025-11-18 14:00:00,2.183,2.2294,2.1495,2.2126,99611871.5
1763481600000,2025-11-18 18:00:00,2.2126,2.2392,2.2,2.2275,51459893.8
1763496000000,2025-11-18 22:00:00,2.2275,2.2404,2.2018,2.2163,28777015.3
1763510400000,2025-11-19 02:00:00,2.2163,2.2191,2.1804,2.1841,33097038.1
1763524800000,2025-11-19 06:00:00,2.1841,2.1877,2.125,2.167,65585063.0
1763539200000,2025-11-19 10:00:00,2.167,2.169,2.1281,2.1303,49243363.9
1763553600000,2025-11-19 14:00:00,2.1303,2.1486,2.0803,2.0845,101734812.2
1763568000000,2025-11-19 18:00:00,2.0845,2.1012,2.0289,2.0361,109142667.6
1763582400000,2025-11-19 22:00:00,2.0361,2.1153,2.0249,2.1085,92741175.0
1763596800000,2025-11-20 02:00:00,2.1085,2.1396,2.0946,2.1333,44600586.2
1763611200000,2025-11-20 06:00:00,2.1333,2.149,2.1181,2.1397,38918109.3
1763625600000,2025-11-20 10:00:00,2.1397,2.1414,2.1073,2.1153,34608099.7
1763640000000,2025-11-20 14:00:00,2.1153,2.1442,2.0815,2.0843,78126746.4
1763654400000,2025-11-20 18:00:00,2.0843,2.087,1.9738,2.0066,166422273.7
1763668800000,2025-11-20 22:00:00,2.0066,2.0519,1.9856,1.999,64232462.5
1763683200000,2025-11-21 02:00:00,1.999,2.0299,1.962,1.9788,81001783.5
1763697600000,2025-11-21 06:00:00,1.9788,1.9949,1.8369,1.9185,178700367.9
1763712000000,2025-11-21 10:00:00,1.9185,1.9565,1.8732,1.8751,124380511.5
1763726400000,2025-11-21 14:00:00,1.8751,1.9645,1.8202,1.9102,209017076.6
1763740800000,2025-11-21 18:00:00,1.9102,1.9974,1.8851,1.9471,117790268.6
1763755200000,2025-11-21 22:00:00,1.9471,1.9649,1.8987,1.9501,62662661.6
1763769600000,2025-11-22 02:00:00,1.9501,1.9626,1.9302,1.9477,38659919.0
1763784000000,2025-11-22 06:00:00,1.9477,1.9572,1.9122,1.9521,45136371.2
1763798400000,2025-11-22 10:00:00,1.9521,1.9523,1.893,1.9162,60729580.2
1763812800000,2025-11-22 14:00:00,1.9162,1.9387,1.8872,1.9284,49758410.4
1763827200000,2025-11-22 18:00:00,1.9284,1.9504,1.9206,1.9267,27039916.4
1763841600000,2025-11-22 22:00:00,1.9267,1.9665,1.9186,1.9496,21713756.5
1763856000000,2025-11-23 02:00:00,1.9496,2.0495,1.9485,2.0292,65462230.1
1763870400000,2025-11-23 06:00:00,2.0292,2.0749,2.0148,2.0254,67750694.4
1763884800000,2025-11-23 10:00:00,2.0254,2.0513,2.0212,2.0298,36756337.3
1763899200000,2025-11-23 14:00:00,2.0298,2.0659,2.0283,2.0618,53593218.4
1763913600000,2025-11-23 18:00:00,2.0618,2.0795,2.0389,2.0735,48707178.5
1763928000000,2025-11-23 22:00:00,2.0735,2.0843,2.0411,2.0479,41358605.8
1763942400000,2025-11-24 02:00:00,2.0479,2.1067,2.022,2.0853,78694763.3
1763956800000,2025-11-24 06:00:00,2.0853,2.1027,2.0436,2.0621,63571518.7
1763971200000,2025-11-24 10:00:00,2.0621,2.0777,2.0371,2.0576,51890199.5
1763985600000,2025-11-24 14:00:00,2.0576,2.1024,2.0467,2.0893,89209042.8
1764000000000,2025-11-24 18:00:00,2.0893,2.2368,2.0859,2.2333,152817482.2
1764014400000,2025-11-24 22:00:00,2.2333,2.2843,2.2208,2.2269,99906765.7
1764028800000,2025-11-25 02:00:00,2.2269,2.2641,2.2239,2.2417,62097411.2
1764043200000,2025-11-25 06:00:00,2.2417,2.2572,2.2144,2.2152,42482233.0
1764057600000,2025-11-25 10:00:00,2.2152,2.2195,2.1845,2.1946,71838630.0
1764072000000,2025-11-25 14:00:00,2.1946,2.2337,2.1573,2.1876,103954550.9
1764086400000,2025-11-25 18:00:00,2.1876,2.2095,2.1465,2.1707,58105256.1
1764100800000,2025-11-25 22:00:00,2.1707,2.2166,2.1635,2.2012,51203853.7
1764115200000,2025-11-26 02:00:00,2.2012,2.2132,2.172,2.1755,27131099.6
1764129600000,2025-11-26 06:00:00,2.1755,2.2056,2.169,2.2045,24525969.5
1764144000000,2025-11-26 10:00:00,2.2045,2.2057,2.1675,2.1703,30600613.2
1764158400000,2025-11-26 14:00:00,2.1703,2.1793,2.1434,2.1714,61857739.1
1764172800000,2025-11-26 18:00:00,2.1714,2.2539,2.1697,2.2317,77609695.7
1764187200000,2025-11-26 22:00:00,2.2317,2.2348,2.211,2.2219,31071230.3
1764201600000,2025-11-27 02:00:00,2.2219,2.2331,2.2055,2.2088,35979919.2
1764216000000,2025-11-27 06:00:00,2.2088,2.22,2.1945,2.2036,27428203.9
1764230400000,2025-11-27 10:00:00,2.2036,2.2088,2.1827,2.1881,26604545.2
1764244800000,2025-11-27 14:00:00,2.1881,2.2019,2.1712,2.2014,33901047.9
1764259200000,2025-11-27 18:00:00,2.2014,2.2305,2.1968,2.2227,31826949.3
1764273600000,2025-11-27 22:00:00,2.2227,2.233,2.1936,2.1989,28117244.5
1764288000000,2025-11-28 02:00:00,2.1989,2.2036,2.1653,2.1846,32873610.7
1764302400000,2025-11-28 06:00:00,2.1846,2.2216,2.1798,2.1958,31938940.2
1764316800000,2025-11-28 10:00:00,2.1958,2.2491,2.1838,2.1951,65718548.9
1764331200000,2025-11-28 14:00:00,2.1951,2.2748,2.1873,2.2444,101294000.3
1764345600000,2025-11-28 18:00:00,2.2444,2.2511,2.1543,2.1862,91759801.9
1764360000000,2025-11-28 22:00:00,2.1862,2.191,2.1715,2.1782,30673910.2
1764374400000,2025-11-29 02:00:00,2.1782,2.1868,2.1709,2.1845,19901707.0
1764388800000,2025-11-29 06:00:00,2.1845,2.1888,2.1636,2.1788,23444540.1
1764403200000,2025-11-29 10:00:00,2.1788,2.2142,2.1726,2.2104,29159404.9
1764417600000,2025-11-29 14:00:00,2.2104,2.2225,2.1909,2.2172,48600750.3
1764432000000,2025-11-29 18:00:00,2.2172,2.2211,2.188,2.1927,37465537.2
1764446400000,2025-11-29 22:00:00,2.1927,2.2139,2.1858,2.1997,18481572.0
1764460800000,2025-11-30 02:00:00,2.1997,2.2117,2.1869,2.2052,18478208.2
1764475200000,2025-11-30 06:00:00,2.2052,2.2082,2.1897,2.1979,13605740.5
1764489600000,2025-11-30 10:00:00,2.1979,2.2086,2.1812,2.187,28554336.1
1764504000000,2025-11-30 14:00:00,2.187,2.208,2.1832,2.1954,29940301.9
1764518400000,2025-11-30 18:00:00,2.1954,2.2145,2.1936,2.1984,21285282.3
1764532800000,2025-11-30 22:00:00,2.1984,2.2023,2.1502,2.1537,42015666.5
1764547200000,2025-12-01 02:00:00,2.1537,2.1595,2.0403,2.0491,157302724.9
1764561600000,2025-12-01 06:00:00,2.0491,2.0578,2.0156,2.0552,58558624.1
1764576000000,2025-12-01 10:00:00,2.0552,2.0592,2.0295,2.033,36820298.8
1764590400000,2025-12-01 14:00:00,2.033,2.0479,1.9825,2.0064,117596027.0
1764604800000,2025-12-01 18:00:00,2.0064,2.0117,1.9854,1.9937,59683082.3
1764619200000,2025-12-01 22:00:00,1.9937,2.0435,1.993,2.0283,74409423.8
1764633600000,2025-12-02 02:00:00,2.0283,2.0429,2.001,2.0198,40139230.7
1764648000000,2025-12-02 06:00:00,2.0198,2.027,2.0083,2.0162,24379253.8
1764662400000,2025-12-02 10:00:00,2.0162,2.04,1.994,2.0355,40462749.3
1764676800000,2025-12-02 14:00:00,2.0355,2.1644,2.025,2.1541,132933341.1
1764691200000,2025-12-02 18:00:00,2.1541,2.1829,2.134,2.1734,70577863.0
1764705600000,2025-12-02 22:00:00,2.1734,2.1773,2.147,2.1525,53420194.4
1764720000000,2025-12-03 02:00:00,2.1525,2.1905,2.141,2.1752,49107511.8
1764734400000,2025-12-03 06:00:00,2.1752,2.2185,2.1716,2.1908,53059047.7
1764748800000,2025-12-03 10:00:00,2.1908,2.1944,2.1656,2.1755,31196022.7
1764763200000,2025-12-03 14:00:00,2.1755,2.1985,2.1413,2.1681,72319625.2
1764777600000,2025-12-03 18:00:00,2.1681,2.1923,2.1583,2.1854,28240126.0
1764792000000,2025-12-03 22:00:00,2.1854,2.213,2.1805,2.1961,43314201.3
1764806400000,2025-12-04 02:00:00,2.1961,2.2139,2.1854,2.1938,28488467.7
1764820800000,2025-12-04 06:00:00,2.1938,2.1991,2.1641,2.1714,29258768.8
1764835200000,2025-12-04 10:00:00,2.1714,2.1777,2.1416,2.1503,30746747.9
1764849600000,2025-12-04 14:00:00,2.1503,2.1561,2.1126,2.1518,70452285.1
1764864000000,2025-12-04 18:00:00,2.1518,2.157,2.0681,2.096,72645107.7
1764878400000,2025-12-04 22:00:00,2.096,2.1091,2.0848,2.0949,51130425.8
1764892800000,2025-12-05 02:00:00,2.0949,2.1119,2.0862,2.0898,21626623.2
1764907200000,2025-12-05 06:00:00,2.0898,2.0976,2.0751,2.0918,23836363.2
1764921600000,2025-12-05 10:00:00,2.0918,2.0924,2.0516,2.0675,38966308.7
1764936000000,2025-12-05 14:00:00,2.0675,2.1008,2.0552,2.0747,61844852.4
1764950400000,2025-12-05 18:00:00,2.0747,2.0767,2.011,2.0364,81357294.6
1764964800000,2025-12-05 22:00:00,2.0364,2.037,2.0182,2.0334,21304801.1
1764979200000,2025-12-06 02:00:00,2.0334,2.041,2.0161,2.0376,18186543.7
1764993600000,2025-12-06 06:00:00,2.0376,2.0496,2.0264,2.029,17774758.4
1765008000000,2025-12-06 10:00:00,2.029,2.032,2.0141,2.0307,16899480.2
1765022400000,2025-12-06 14:00:00,2.0307,2.0464,2.0206,2.0285,23374552.0
1765036800000,2025-12-06 18:00:00,2.0285,2.0378,2.0191,2.0241,16954807.8
1765051200000,2025-12-06 22:00:00,2.0241,2.036,2.0216,2.0298,12522568.2
1765065600000,2025-12-07 02:00:00,2.0298,2.071,2.0279,2.0671,25008747.5
1765080000000,2025-12-07 06:00:00,2.0671,2.0727,2.0265,2.0297,27146952.3
1765094400000,2025-12-07 10:00:00,2.0297,2.0347,2.0227,2.0324,18359757.3
1765108800000,2025-12-07 14:00:00,2.0324,2.0551,1.988,2.0512,84493112.7
1765123200000,2025-12-07 18:00:00,2.0512,2.1104,2.0366,2.0867,71532861.2
1765137600000,2025-12-07 22:00:00,2.0867,2.093,2.0109,2.0425,61760880.7
1765152000000,2025-12-08 02:00:00,2.0425,2.09,2.0306,2.0708,32198806.7
1765166400000,2025-12-08 06:00:00,2.0708,2.0931,2.0684,2.0854,22050243.5
1765180800000,2025-12-08 10:00:00,2.0854,2.1226,2.0797,2.0896,40502852.7
1765195200000,2025-12-08 14:00:00,2.0896,2.1117,2.0673,2.075,63631032.3
1765209600000,2025-12-08 18:00:00,2.075,2.0872,2.0614,2.0769,29186670.6
1765224000000,2025-12-08 22:00:00,2.0769,2.093,2.0678,2.0712,23787999.3
1765238400000,2025-12-09 02:00:00,2.0712,2.0813,2.0555,2.0688,23873978.6
1765252800000,2025-12-09 06:00:00,2.0688,2.0692,2.0397,2.0605,22971418.6
1765267200000,2025-12-09 10:00:00,2.0605,2.0698,2.0449,2.0681,19544695.6
1765281600000,2025-12-09 14:00:00,2.0681,2.1194,2.0472,2.1149,70716165.5
1765296000000,2025-12-09 18:00:00,2.1149,2.1776,2.1146,2.1323,110546335.1
1765310400000,2025-12-09 22:00:00,2.1323,2.1334,2.0851,2.1054,47985093.0
1765324800000,2025-12-10 02:00:00,2.1054,2.1091,2.08,2.0821,19368344.3
1765339200000,2025-12-10 06:00:00,2.0821,2.0956,2.0748,2.0832,22398080.9
1765353600000,2025-12-10 10:00:00,2.0832,2.0968,2.0622,2.0706,34764901.5
1765368000000,2025-12-10 14:00:00,2.0706,2.0725,2.055,2.0604,39885186.9
1765382400000,2025-12-10 18:00:00,2.0604,2.0867,2.035,2.0671,88753000.8
1765396800000,2025-12-10 22:00:00,2.0671,2.1093,2.033,2.0404,72981797.4
1765411200000,2025-12-11 02:00:00,2.0404,2.0455,1.9912,1.9981,61682241.1
1765425600000,2025-12-11 06:00:00,1.9981,2.0186,1.9936,2.0055,26340751.2
1765440000000,2025-12-11 10:00:00,2.0055,2.0176,1.9988,2.0065,22091188.2
1765454400000,2025-12-11 14:00:00,2.0065,2.0136,1.9767,1.9959,63975993.2
1765468800000,2025-12-11 18:00:00,1.9959,2.0258,1.9827,2.0104,51108439.1
1765483200000,2025-12-11 22:00:00,2.0104,2.0562,2.0062,2.033,52666884.4
1765497600000,2025-12-12 02:00:00,2.033,2.0426,2.0144,2.0306,23133523.9
1765512000000,2025-12-12 06:00:00,2.0306,2.0425,2.022,2.0362,17831540.3
1765526400000,2025-12-12 10:00:00,2.0362,2.0455,2.0242,2.0413,17201789.0
1765540800000,2025-12-12 14:00:00,2.0413,2.0469,1.9668,1.9772,71334637.0
1765555200000,2025-12-12 18:00:00,1.9772,2.0245,1.9718,2.0022,100833188.8
1765569600000,2025-12-12 22:00:00,2.0022,2.0176,1.9955,2.0064,15234815.9
1765584000000,2025-12-13 02:00:00,2.0064,2.0243,2.0058,2.0215,10709352.6
1765598400000,2025-12-13 06:00:00,2.0215,2.0481,2.0215,2.0277,24853231.8
1765612800000,2025-12-13 10:00:00,2.0277,2.0424,2.0277,2.0326,17647653.0
1765627200000,2025-12-13 14:00:00,2.0326,2.043,2.0272,2.029,26662981.1
1765641600000,2025-12-13 18:00:00,2.029,2.0327,2.0136,2.0184,18441464.1
1765656000000,2025-12-13 22:00:00,2.0184,2.0242,2.0069,2.0215,13448320.0
1765670400000,2025-12-14 02:00:00,2.0215,2.0291,2.016,2.023,11930697.4
1765684800000,2025-12-14 06:00:00,2.023,2.0244,2.009,2.0181,16577031.8
1765699200000,2025-12-14 10:00:00,2.0181,2.0219,1.9884,2.0001,26130925.8
1765713600000,2025-12-14 14:00:00,2.0001,2.0069,1.9859,1.9902,24251850.0
1765728000000,2025-12-14 18:00:00,1.9902,2.0036,1.9802,1.9871,18103100.8
1765742400000,2025-12-14 22:00:00,1.9871,1.9966,1.9513,1.9772,44319577.0
1765756800000,2025-12-15 02:00:00,1.9772,2.0128,1.9732,1.9941,29653360.8
1765771200000,2025-12-15 06:00:00,1.9941,2.0046,1.9914,1.9936,19579012.8
1765785600000,2025-12-15 10:00:00,1.9936,2.0012,1.9826,1.987,18467940.1
1765800000000,2025-12-15 14:00:00,1.987,1.9871,1.9112,1.9241,100171723.1
1765814400000,2025-12-15 18:00:00,1.9241,1.9293,1.8683,1.895,70739588.0
1765828800000,2025-12-15 22:00:00,1.895,1.8984,1.8782,1.8969,34721573.5
1765843200000,2025-12-16 02:00:00,1.8969,1.8972,1.8541,1.8717,45495714.8
1765857600000,2025-12-16 06:00:00,1.8717,1.8967,1.8507,1.8746,27871278.9
1765872000000,2025-12-16 10:00:00,1.8746,1.9242,1.8732,1.9198,32055577.7
1765886400000,2025-12-16 14:00:00,1.9198,1.9482,1.8985,1.9395,90119937.0
1765900800000,2025-12-16 18:00:00,1.9395,1.9413,1.9125,1.9253,35972300.0
1765915200000,2025-12-16 22:00:00,1.9253,1.9322,1.9172,1.9283,17171222.2
1765929600000,2025-12-17 02:00:00,1.9283,1.9387,1.9115,1.9242,29365371.8
1765944000000,2025-12-17 06:00:00,1.9242,1.9311,1.9046,1.9224,24766790.4
1765958400000,2025-12-17 10:00:00,1.9224,1.9226,1.8957,1.9124,25774959.0
1765972800000,2025-12-17 14:00:00,1.9124,1.9868,1.9036,1.91,113214601.8
1765987200000,2025-12-17 18:00:00,1.91,1.9218,1.8461,1.8637,92254807.7
1766001600000,2025-12-17 22:00:00,1.8637,1.883,1.854,1.8615,28486694.8
1766016000000,2025-12-18 02:00:00,1.8615,1.8713,1.8501,1.8547,21861107.4
1766030400000,2025-12-18 06:00:00,1.8547,1.8608,1.8256,1.8404,33178389.8
1766044800000,2025-12-18 10:00:00,1.8404,1.8799,1.8367,1.8771,34666469.3
1766059200000,2025-12-18 14:00:00,1.8771,1.9331,1.8709,1.9191,96042881.0
1766073600000,2025-12-18 18:00:00,1.9191,1.9199,1.8,1.8055,99050610.3
1766088000000,2025-12-18 22:00:00,1.8055,1.8237,1.7993,1.8067,47842914.9
1766102400000,2025-12-19 02:00:00,1.8067,1.8525,1.7703,1.8391,92557415.4
1766116800000,2025-12-19 06:00:00,1.8391,1.8755,1.8242,1.8664,55172697.0
1766131200000,2025-12-19 10:00:00,1.8664,1.8711,1.8581,1.8695,23211384.2
1766145600000,2025-12-19 14:00:00,1.8695,1.9043,1.8626,1.8749,65867630.5
1766160000000,2025-12-19 18:00:00,1.8749,1.9177,1.872,1.9069,58260484.7
1766174400000,2025-12-19 22:00:00,1.9069,1.9205,1.8997,1.9082,22185581.2
1766188800000,2025-12-20 02:00:00,1.9082,1.9092,1.8925,1.903,15457650.7
1766203200000,2025-12-20 06:00:00,1.903,1.9178,1.898,1.9129,13480442.9
1766217600000,2025-12-20 10:00:00,1.9129,1.9577,1.9128,1.9427,55057022.7
1766232000000,2025-12-20 14:00:00,1.9427,1.9472,1.9131,1.9202,41166284.4
1766246400000,2025-12-20 18:00:00,1.9202,1.9308,1.9186,1.9241,16112178.0
1766260800000,2025-12-20 22:00:00,1.9241,1.9373,1.9226,1.9322,12078055.7
1766275200000,2025-12-21 02:00:00,1.9322,1.9409,1.9163,1.929,26687198.5
1766289600000,2025-12-21 06:00:00,1.929,1.9294,1.9177,1.9241,14160209.5
1766304000000,2025-12-21 10:00:00,1.9241,1.9487,1.9208,1.9329,29068015.3
1766318400000,2025-12-21 14:00:00,1.9329,1.9377,1.8922,1.9036,56112673.0
1766332800000,2025-12-21 18:00:00,1.9036,1.9186,1.898,1.9168,20554102.1
1766347200000,2025-12-21 22:00:00,1.9168,1.9259,1.9044,1.9212,16711329.0
1766361600000,2025-12-22 02:00:00,1.9212,1.9485,1.902,1.9194,35167459.5
1766376000000,2025-12-22 06:00:00,1.9194,1.9287,1.9127,1.9263,16079804.9
1766390400000,2025-12-22 10:00:00,1.9263,1.9379,1.9136,1.9344,29494597.4
1766404800000,2025-12-22 14:00:00,1.9344,1.9472,1.9167,1.9334,41020011.0
1766419200000,2025-12-22 18:00:00,1.9334,1.942,1.9007,1.901,36233455.1
1766433600000,2025-12-22 22:00:00,1.901,1.908,1.8901,1.9036,39537597.1
1766448000000,2025-12-23 02:00:00,1.9036,1.9089,1.8828,1.8914,27855292.2
1766462400000,2025-12-23 06:00:00,1.8914,1.8968,1.8725,1.8801,34986416.1
1766476800000,2025-12-23 10:00:00,1.8801,1.9049,1.8746,1.904,20538748.8
1766491200000,2025-12-23 14:00:00,1.904,1.9042,1.862,1.8806,60896314.3
1766505600000,2025-12-23 18:00:00,1.8806,1.8928,1.8663,1.8817,27082084.8
1766520000000,2025-12-23 22:00:00,1.8817,1.8949,1.8703,1.8723,22543217.7
1766534400000,2025-12-24 02:00:00,1.8723,1.8774,1.8439,1.8607,28742441.0
1766548800000,2025-12-24 06:00:00,1.8607,1.8666,1.8361,1.8536,25196128.0
1766563200000,2025-12-24 10:00:00,1.8536,1.8745,1.8511,1.868,15693100.9
1766577600000,2025-12-24 14:00:00,1.868,1.8769,1.8506,1.8626,30575131.6
1766592000000,2025-12-24 18:00:00,1.8626,1.8706,1.8476,1.861,23160324.3
1766606400000,2025-12-24 22:00:00,1.861,1.8692,1.8585,1.8616,13907996.4
1766620800000,2025-12-25 02:00:00,1.8616,1.8735,1.8551,1.8692,15394393.4
1766635200000,2025-12-25 06:00:00,1.8692,1.8763,1.865,1.8735,9676272.1
1766649600000,2025-12-25 10:00:00,1.8735,1.8802,1.8522,1.8583,28235963.3
1766664000000,2025-12-25 14:00:00,1.8583,1.8898,1.8541,1.8823,28423599.6
1766678400000,2025-12-25 18:00:00,1.8823,1.883,1.8641,1.8723,16418367.6
1766692800000,2025-12-25 22:00:00,1.8723,1.873,1.828,1.8317,38210492.2
1766707200000,2025-12-26 02:00:00,1.8317,1.88,1.8232,1.8639,52337893.8
1766721600000,2025-12-26 06:00:00,1.8639,1.8827,1.8542,1.8632,28526740.4
1766736000000,2025-12-26 10:00:00,1.8632,1.88,1.8617,1.8705,20243341.7
1766750400000,2025-12-26 14:00:00,1.8705,1.879,1.8251,1.8367,59632681.6
1766764800000,2025-12-26 18:00:00,1.8367,1.8499,1.8324,1.845,26064537.5
1766779200000,2025-12-26 22:00:00,1.845,1.8598,1.8415,1.8428,13610549.9
1766793600000,2025-12-27 02:00:00,1.8428,1.8531,1.841,1.8509,13786615.8
1766808000000,2025-12-27 06:00:00,1.8509,1.8524,1.8454,1.847,5401818.0
1766822400000,2025-12-27 10:00:00,1.847,1.8551,1.8439,1.8504,8973976.2
1766836800000,2025-12-27 14:00:00,1.8504,1.8525,1.842,1.8485,10923550.2
1766851200000,2025-12-27 18:00:00,1.8485,1.8564,1.8428,1.855,15838144.5
1766865600000,2025-12-27 22:00:00,1.855,1.879,1.8525,1.8725,21989598.0
1766880000000,2025-12-28 02:00:00,1.8725,1.8775,1.8679,1.8737,12167221.5
1766894400000,2025-12-28 06:00:00,1.8737,1.8787,1.8712,1.8727,11359884.5
1766908800000,2025-12-28 10:00:00,1.8727,1.8762,1.8616,1.8713,13291693.4
1766923200000,2025-12-28 14:00:00,1.8713,1.8759,1.8647,1.869,9240439.3
1766937600000,2025-12-28 18:00:00,1.869,1.8724,1.852,1.856,17262450.3
1766952000000,2025-12-28 22:00:00,1.856,1.8702,1.8531,1.8644,13731151.2
1766966400000,2025-12-29 02:00:00,1.8644,1.9167,1.8619,1.9139,39672372.0
1766980800000,2025-12-29 06:00:00,1.9139,1.9171,1.8909,1.9005,30904458.3
1766995200000,2025-12-29 10:00:00,1.9005,1.9045,1.865,1.8708,32607947.4
1767009600000,2025-12-29 14:00:00,1.8708,1.8779,1.8543,1.8642,43337310.0
1767024000000,2025-12-29 18:00:00,1.8642,1.868,1.8484,1.8522,22106399.9
1767038400000,2025-12-29 22:00:00,1.8522,1.8561,1.8435,1.8496,18135720.5
1767052800000,2025-12-30 02:00:00,1.8496,1.8618,1.8424,1.8597,21863167.9
1767067200000,2025-12-30 06:00:00,1.8597,1.8666,1.8532,1.8596,16753602.5
1767081600000,2025-12-30 10:00:00,1.8596,1.8712,1.859,1.8612,18361207.9
1767096000000,2025-12-30 14:00:00,1.8612,1.8785,1.8529,1.8766,27644466.3
1767110400000,2025-12-30 18:00:00,1.8766,1.8854,1.869,1.8755,27038612.9
1767124800000,2025-12-30 22:00:00,1.8755,1.8779,1.8651,1.8766,16557469.5
1767139200000,2025-12-31 02:00:00,1.8766,1.883,1.8686,1.8712,12546138.3
1767153600000,2025-12-31 06:00:00,1.8712,1.875,1.8663,1.8719,10797728.0
1767168000000,2025-12-31 10:00:00,1.8719,1.88,1.8646,1.8778,16749722.4
1767182400000,2025-12-31 14:00:00,1.8778,1.8823,1.8521,1.8582,31330946.3
1767196800000,2025-12-31 18:00:00,1.8582,1.8591,1.8256,1.8277,41228911.6
1767211200000,2025-12-31 22:00:00,1.8277,1.8469,1.8111,1.8412,36813929.1
1767225600000,2026-01-01 02:00:00,1.8412,1.8493,1.8333,1.8337,13777269.8
1767240000000,2026-01-01 06:00:00,1.8337,1.8546,1.8253,1.8412,18960418.7
1767254400000,2026-01-01 10:00:00,1.8412,1.8562,1.8406,1.8545,14505157.1
1767268800000,2026-01-01 14:00:00,1.8545,1.8666,1.8503,1.8618,17593560.5
1767283200000,2026-01-01 18:00:00,1.8618,1.8744,1.8543,1.873,25008178.6
1767297600000,2026-01-01 22:00:00,1.873,1.8802,1.8665,1.8788,17157698.7
1767312000000,2026-01-02 02:00:00,1.8788,1.8917,1.868,1.8879,22682554.0
1767326400000,2026-01-02 06:00:00,1.8879,1.8896,1.8694,1.8708,15489115.5
1767340800000,2026-01-02 10:00:00,1.8708,1.9083,1.8703,1.8903,32989602.2
1767355200000,2026-01-02 14:00:00,1.8903,1.9243,1.8863,1.9174,54500393.5
1767369600000,2026-01-02 18:00:00,1.9174,1.9978,1.915,1.9914,100550148.4
1767384000000,2026-01-02 22:00:00,1.9914,2.0309,1.9774,2.0063,54623644.2
1767398400000,2026-01-03 02:00:00,2.0063,2.0428,2.0061,2.0394,34575655.3
1767412800000,2026-01-03 06:00:00,2.0394,2.0556,1.9834,1.9931,58318676.0
1767427200000,2026-01-03 10:00:00,1.9931,2.0203,1.9912,1.9983,31146984.6
1767441600000,2026-01-03 14:00:00,1.9983,2.0181,1.993,2.0053,25633328.3
1767456000000,2026-01-03 18:00:00,2.0053,2.0098,1.9952,2.0061,14365190.0
1767470400000,2026-01-03 22:00:00,2.0061,2.0181,1.9979,2.0171,14864152.2
1767484800000,2026-01-04 02:00:00,2.0171,2.061,2.0152,2.0565,44944363.1
1767499200000,2026-01-04 06:00:00,2.0565,2.0811,2.0518,2.0712,41913540.8
1767513600000,2026-01-04 10:00:00,2.0712,2.0965,2.0589,2.094,40373275.0
1767528000000,2026-01-04 14:00:00,2.094,2.1196,2.0804,2.0897,59726748.2
1767542400000,2026-01-04 18:00:00,2.0897,2.1024,2.0707,2.0836,36447820.2
1767556800000,2026-01-04 22:00:00,2.0836,2.1021,2.0785,2.0895,24612381.0
1767571200000,2026-01-05 02:00:00,2.0895,2.1662,2.0865,2.1419,65643149.6
1767585600000,2026-01-05 06:00:00,2.1419,2.1452,2.1074,2.1328,38199396.5
1767600000000,2026-01-05 10:00:00,2.1328,2.1515,2.1241,2.1325,39553309.6
1767614400000,2026-01-05 14:00:00,2.1325,2.1688,2.1111,2.1642,68171952.3
1767628800000,2026-01-05 18:00:00,2.1642,2.2818,2.1634,2.2773,132655476.1
1767643200000,2026-01-05 22:00:00,2.2773,2.3684,2.2751,2.347,143570936.5
1767657600000,2026-01-06 02:00:00,2.347,2.4158,2.3157,2.3851,121088222.7
1767672000000,2026-01-06 06:00:00,2.3851,2.4083,2.3212,2.3296,76167333.4
1767686400000,2026-01-06 10:00:00,2.3296,2.3762,2.3242,2.376,51786727.9
1767700800000,2026-01-06 14:00:00,2.376,2.3985,2.333,2.3478,122467850.2
1767715200000,2026-01-06 18:00:00,2.3478,2.3541,2.2037,2.2271,165884063.2
1767729600000,2026-01-06 22:00:00,2.2271,2.3099,2.2267,2.3027,63470356.9
1767744000000,2026-01-07 02:00:00,2.3027,2.3191,2.2554,2.2658,63523119.6
1767758400000,2026-01-07 06:00:00,2.2658,2.2858,2.2441,2.279,46006044.5
1767772800000,2026-01-07 10:00:00,2.279,2.2902,2.2302,2.2492,64150609.7
1767787200000,2026-01-07 14:00:00,2.2492,2.2547,2.1824,2.1943,87572835.6
1767801600000,2026-01-07 18:00:00,2.1943,2.2221,2.1701,2.1926,51603794.5
1767816000000,2026-01-07 22:00:00,2.1926,2.1979,2.1508,2.1643,46736773.7
1767830400000,2026-01-08 02:00:00,2.1643,2.1917,2.1441,2.1488,51231110.8
1767844800000,2026-01-08 06:00:00,2.1488,2.1717,2.0961,2.1185,66390041.0
1767859200000,2026-01-08 10:00:00,2.1185,2.1325,2.0801,2.0912,64905421.0
1767873600000,2026-01-08 14:00:00,2.0912,2.1268,2.0649,2.1252,106597583.9
1767888000000,2026-01-08 18:00:00,2.1252,2.1678,2.1109,2.1345,70613103.2
1767902400000,2026-01-08 22:00:00,2.1345,2.1475,2.1118,2.1218,31839334.4
1767916800000,2026-01-09 02:00:00,2.1218,2.1425,2.1076,2.1346,31274088.2
1767931200000,2026-01-09 06:00:00,2.1346,2.1466,2.1186,2.1191,21148204.6
1767945600000,2026-01-09 10:00:00,2.1191,2.1226,2.0708,2.1018,52000394.2
1767960000000,2026-01-09 14:00:00,2.1018,2.1608,2.078,2.1165,84864916.3
1767974400000,2026-01-09 18:00:00,2.1165,2.144,2.0745,2.0821,50271719.6
1767988800000,2026-01-09 22:00:00,2.0821,2.1006,2.0747,2.0949,21268370.9
1768003200000,2026-01-10 02:00:00,2.0949,2.1008,2.086,2.0898,10703430.2
1768017600000,2026-01-10 06:00:00,2.0898,2.1,2.079,2.0995,12755362.6
1768032000000,2026-01-10 10:00:00,2.0995,2.1042,2.0891,2.1019,11340028.1
1768046400000,2026-01-10 14:00:00,2.1019,2.1097,2.0858,2.0917,13271559.1
1768060800000,2026-01-10 18:00:00,2.0917,2.1002,2.0868,2.0935,9446436.1
1768075200000,2026-01-10 22:00:00,2.0935,2.0949,2.082,2.0898,8900328.7
1768089600000,2026-01-11 02:00:00,2.0898,2.0953,2.0855,2.0946,8168456.1
1768104000000,2026-01-11 06:00:00,2.0946,2.0984,2.0848,2.0917,10541990.0
1768118400000,2026-01-11 10:00:00,2.0917,2.0979,2.0869,2.0954,8067441.7
1768132800000,2026-01-11 14:00:00,2.0954,2.1088,2.083,2.0885,27900512.4
1768147200000,2026-01-11 18:00:00,2.0885,2.1023,2.0842,2.0858,20420728.2
1768161600000,2026-01-11 22:00:00,2.0858,2.0858,2.0435,2.0732,58347235.6
1768176000000,2026-01-12 02:00:00,2.0732,2.1062,2.0345,2.082,73508992.1
1768190400000,2026-01-12 06:00:00,2.082,2.0941,2.0508,2.0525,31836331.8
1768204800000,2026-01-12 10:00:00,2.0525,2.0596,2.033,2.0472,39744882.0
1768219200000,2026-01-12 14:00:00,2.0472,2.0935,2.0389,2.093,52257032.5
1768233600000,2026-01-12 18:00:00,2.093,2.1083,2.0525,2.0687,48981298.2
1768248000000,2026-01-12 22:00:00,2.0687,2.0745,2.0382,2.0525,26452886.6
1768262400000,2026-01-13 02:00:00,2.0525,2.0629,2.0464,2.0492,14348585.3
1768276800000,2026-01-13 06:00:00,2.0492,2.0798,2.0486,2.0526,22873967.8
1768291200000,2026-01-13 10:00:00,2.0526,2.0739,2.0523,2.06,23955208.8
1768305600000,2026-01-13 14:00:00,2.06,2.101,2.055,2.0974,66467130.6
1768320000000,2026-01-13 18:00:00,2.0974,2.1387,2.0837,2.1385,68240655.9
1768334400000,2026-01-13 22:00:00,2.1385,2.1838,2.1177,2.1643,96217936.9
1768348800000,2026-01-14 02:00:00,2.1643,2.1916,2.1559,2.183,47137922.4
1768363200000,2026-01-14 06:00:00,2.183,2.1853,2.1322,2.1476,46254617.0
1768377600000,2026-01-14 10:00:00,2.1476,2.1527,2.1101,2.1146,41836620.1
1768392000000,2026-01-14 14:00:00,2.1146,2.1732,2.1105,2.1557,81919203.7
1768406400000,2026-01-14 18:00:00,2.1557,2.1757,2.1238,2.1449,61361240.5
1768420800000,2026-01-14 22:00:00,2.1449,2.1602,2.1291,2.1383,27282959.7
1768435200000,2026-01-15 02:00:00,2.1383,2.1427,2.0806,2.0871,43184602.1
1768449600000,2026-01-15 06:00:00,2.0871,2.105,2.085,2.1004,25563894.2
1768464000000,2026-01-15 10:00:00,2.1004,2.1222,2.0948,2.1106,27669484.2
1768478400000,2026-01-15 14:00:00,2.1106,2.1317,2.0673,2.0946,78068588.3
1768492800000,2026-01-15 18:00:00,2.0946,2.0985,2.0518,2.0644,42460685.8
1768507200000,2026-01-15 22:00:00,2.0644,2.08,2.0565,2.0776,18202833.3
1768521600000,2026-01-16 02:00:00,2.0776,2.0854,2.0632,2.0639,19610114.6
1768536000000,2026-01-16 06:00:00,2.0639,2.0765,2.056,2.0722,20389752.0
1768550400000,2026-01-16 10:00:00,2.0722,2.0803,2.0572,2.0642,16720562.7
1768564800000,2026-01-16 14:00:00,2.0642,2.0673,2.0251,2.0315,51265009.4
1768579200000,2026-01-16 18:00:00,2.0315,2.056,2.0285,2.0541,25575586.9
1768593600000,2026-01-16 22:00:00,2.0541,2.079,2.0469,2.067,26880015.5
1768608000000,2026-01-17 02:00:00,2.067,2.0686,2.0525,2.0551,12161685.6
1768622400000,2026-01-17 06:00:00,2.0551,2.0653,2.054,2.0573,9735611.2
1768636800000,2026-01-17 10:00:00,2.0573,2.0665,2.0554,2.0607,13010450.6
1768651200000,2026-01-17 14:00:00,2.0607,2.0819,2.057,2.0807,26315969.0
1768665600000,2026-01-17 18:00:00,2.0807,2.083,2.0676,2.0727,17930595.3
1768680000000,2026-01-17 22:00:00,2.0727,2.0747,2.0563,2.0626,11624270.4
1768694400000,2026-01-18 02:00:00,2.0626,2.0672,2.0472,2.0577,18378868.2
1768708800000,2026-01-18 06:00:00,2.0577,2.0593,2.0468,2.0513,13592834.1
1768723200000,2026-01-18 10:00:00,2.0513,2.0611,2.0492,2.0538,8799406.7
1768737600000,2026-01-18 14:00:00,2.0538,2.0595,2.0434,2.0495,17376362.7
1768752000000,2026-01-18 18:00:00,2.0495,2.065,2.045,2.0527,17006359.2
1768766400000,2026-01-18 22:00:00,2.0527,2.0635,1.9843,1.9902,56636696.3
1768780800000,2026-01-19 02:00:00,1.9902,1.9902,1.8399,1.966,167105719.6
1768795200000,2026-01-19 06:00:00,1.966,1.9734,1.9521,1.9621,36245268.5
1768809600000,2026-01-19 10:00:00,1.9621,1.9837,1.958,1.9719,25700745.3
1768824000000,2026-01-19 14:00:00,1.9719,1.984,1.964,1.9803,20390312.8
1768838400000,2026-01-19 18:00:00,1.9803,2.0286,1.9791,2.0125,44487981.9
1768852800000,2026-01-19 22:00:00,2.0125,2.0158,1.9786,1.985,28329961.2
1768867200000,2026-01-20 02:00:00,1.985,1.9899,1.9538,1.9611,33620531.8
1768881600000,2026-01-20 06:00:00,1.9611,1.9725,1.9404,1.9483,40958202.2
1768896000000,2026-01-20 10:00:00,1.9483,1.9529,1.918,1.9279,47359509.6
1768910400000,2026-01-20 14:00:00,1.9279,1.9386,1.9077,1.9166,61804491.5
1768924800000,2026-01-20 18:00:00,1.9166,1.9267,1.8929,1.9017,41678591.1
1768939200000,2026-01-20 22:00:00,1.9017,1.9111,1.8682,1.8886,43449288.9
1768953600000,2026-01-21 02:00:00,1.8886,1.9168,1.8874,1.9019,32245222.3
1768968000000,2026-01-21 06:00:00,1.9019,1.9261,1.8998,1.9091,25019174.3
1768982400000,2026-01-21 10:00:00,1.9091,1.9149,1.886,1.8888,29031571.9
1768996800000,2026-01-21 14:00:00,1.8888,1.96,1.8789,1.957,80176556.8
1769011200000,2026-01-21 18:00:00,1.957,1.984,1.8695,1.9725,121890522.8
1769025600000,2026-01-21 22:00:00,1.9725,1.9892,1.9384,1.9466,45512216.9
1769040000000,2026-01-22 02:00:00,1.9466,1.9674,1.9406,1.9466,25192633.5
1769054400000,2026-01-22 06:00:00,1.9466,1.9589,1.9455,1.9468,14170468.6
1769068800000,2026-01-22 10:00:00,1.9468,1.9637,1.9413,1.9426,19429168.2
1769083200000,2026-01-22 14:00:00,1.9426,1.9484,1.9002,1.9133,52164972.2
1769097600000,2026-01-22 18:00:00,1.9133,1.935,1.9036,1.9317,34580839.2
1769112000000,2026-01-22 22:00:00,1.9317,1.9331,1.9141,1.9227,16452098.2
1769126400000,2026-01-23 02:00:00,1.9227,1.9255,1.9074,1.915,11646523.9
1769140800000,2026-01-23 06:00:00,1.915,1.9248,1.902,1.913,16861299.0
1769155200000,2026-01-23 10:00:00,1.913,1.9146,1.9003,1.9129,17294291.0
1769169600000,2026-01-23 14:00:00,1.9129,1.9217,1.8858,1.9208,36156322.5
1769184000000,2026-01-23 18:00:00,1.9208,1.9653,1.9192,1.9227,64488099.0
1769198400000,2026-01-23 22:00:00,1.9227,1.9299,1.9071,1.9186,28096502.5
1769212800000,2026-01-24 02:00:00,1.9186,1.9264,1.915,1.9224,8349106.8
1769227200000,2026-01-24 06:00:00,1.9224,1.9266,1.9158,1.918,6735431.7
1769241600000,2026-01-24 10:00:00,1.918,1.9204,1.9131,1.9159,5118636.9
1769256000000,2026-01-24 14:00:00,1.9159,1.9236,1.9112,1.9119,11287285.0
1769270400000,2026-01-24 18:00:00,1.9119,1.9201,1.9083,1.9155,8315198.2
1769284800000,2026-01-24 22:00:00,1.9155,1.9221,1.9131,1.9134,7266360.2
1769299200000,2026-01-25 02:00:00,1.9134,1.916,1.8967,1.8996,15375222.1
1769313600000,2026-01-25 06:00:00,1.8996,1.9026,1.8931,1.8939,10412073.3
1769328000000,2026-01-25 10:00:00,1.8939,1.9113,1.8861,1.9014,19347195.0
1769342400000,2026-01-25 14:00:00,1.9014,1.9024,1.8826,1.8867,20073159.7
1769356800000,2026-01-25 18:00:00,1.8867,1.8868,1.8093,1.8169,115317910.4
1769371200000,2026-01-25 22:00:00,1.8169,1.8397,1.8115,1.8345,46460673.8
1769385600000,2026-01-26 02:00:00,1.8345,1.8881,1.8318,1.8687,42231566.9
1769400000000,2026-01-26 06:00:00,1.8687,1.8941,1.8686,1.8809,28615814.1
1769414400000,2026-01-26 10:00:00,1.8809,1.8963,1.8752,1.8906,25826891.5
1769428800000,2026-01-26 14:00:00,1.8906,1.9455,1.8906,1.9246,79656201.9
1769443200000,2026-01-26 18:00:00,1.9246,1.9378,1.8983,1.9066,46182515.1
1769457600000,2026-01-26 22:00:00,1.9066,1.9114,1.8874,1.903,28292467.5
1769472000000,2026-01-27 02:00:00,1.903,1.9159,1.8965,1.9087,15579159.6
1769486400000,2026-01-27 06:00:00,1.9087,1.917,1.8936,1.8985,14842996.4
1769500800000,2026-01-27 10:00:00,1.8985,1.9018,1.8805,1.8879,16527457.5
1769515200000,2026-01-27 14:00:00,1.8879,1.8958,1.8726,1.8924,26374062.0
1769529600000,2026-01-27 18:00:00,1.8924,1.9155,1.8751,1.9062,43628058.4
1769544000000,2026-01-27 22:00:00,1.9062,1.9288,1.9048,1.9147,30671680.8
1769558400000,2026-01-28 02:00:00,1.9147,1.9183,1.8931,1.9006,16765660.2
1769572800000,2026-01-28 06:00:00,1.9006,1.924,1.8956,1.9151,22438496.5
1769587200000,2026-01-28 10:00:00,1.9151,1.9416,1.9051,1.9408,23218496.9
1769601600000,2026-01-28 14:00:00,1.9408,1.9413,1.8998,1.9064,35941747.5
1769616000000,2026-01-28 18:00:00,1.9064,1.9273,1.8993,1.9185,33501536.4
1769630400000,2026-01-28 22:00:00,1.9185,1.9314,1.9063,1.9103,22800197.6
1769644800000,2026-01-29 02:00:00,1.9103,1.9126,1.8686,1.8747,33401494.3
1769659200000,2026-01-29 06:00:00,1.8747,1.8885,1.8639,1.8847,21761116.3
1769673600000,2026-01-29 10:00:00,1.8847,1.889,1.8665,1.8703,18710894.2
1769688000000,2026-01-29 14:00:00,1.8703,1.877,1.7846,1.7998,112889890.1
1769702400000,2026-01-29 18:00:00,1.7998,1.8419,1.7765,1.7882,95161990.2
1769716800000,2026-01-29 22:00:00,1.7882,1.8124,1.7843,1.8064,30216400.4
1769731200000,2026-01-30 02:00:00,1.8064,1.8114,1.7063,1.7467,140045169.8
1769745600000,2026-01-30 06:00:00,1.7467,1.7713,1.7288,1.7575,51351007.6
1769760000000,2026-01-30 10:00:00,1.7575,1.7736,1.7321,1.7685,38091298.7
1769774400000,2026-01-30 14:00:00,1.7685,1.7809,1.7391,1.7578,83617549.8
1769788800000,2026-01-30 18:00:00,1.7578,1.7836,1.7095,1.7706,99085657.3
1769803200000,2026-01-30 22:00:00,1.7706,1.7709,1.7165,1.7338,65802724.9
1769817600000,2026-01-31 02:00:00,1.7338,1.7537,1.732,1.7436,23806862.3
1769832000000,2026-01-31 06:00:00,1.7436,1.7477,1.7108,1.7181,33761036.8
1769846400000,2026-01-31 10:00:00,1.7181,1.7211,1.6787,1.7011,70761238.4
1769860800000,2026-01-31 14:00:00,1.7011,1.7012,1.6115,1.6342,155543007.4
1769875200000,2026-01-31 18:00:00,1.6342,1.6492,1.5001,1.5817,389269654.9
1769889600000,2026-01-31 22:00:00,1.5817,1.6553,1.5704,1.646,88093437.6
1769904000000,2026-02-01 02:00:00,1.646,1.6793,1.6426,1.6655,55246129.6
1769918400000,2026-02-01 06:00:00,1.6655,1.6728,1.6465,1.6583,53237059.5
1769932800000,2026-02-01 10:00:00,1.6583,1.6776,1.6313,1.6491,61261330.2
1769947200000,2026-02-01 14:00:00,1.6491,1.652,1.5755,1.5943,105888645.6
1769961600000,2026-02-01 18:00:00,1.5943,1.6258,1.5811,1.599,69872707.6
1769976000000,2026-02-01 22:00:00,1.599,1.6157,1.5516,1.59,112562372.3
1769990400000,2026-02-02 02:00:00,1.59,1.618,1.5297,1.5802,107433956.8
1770004800000,2026-02-02 06:00:00,1.5802,1.5995,1.53,1.5787,134409521.1
1770019200000,2026-02-02 10:00:00,1.5787,1.6263,1.5786,1.6204,47312998.8
1770033600000,2026-02-02 14:00:00,1.6204,1.6543,1.6197,1.6415,77406545.9
1770048000000,2026-02-02 18:00:00,1.6415,1.6567,1.624,1.625,28764546.9
1770062400000,2026-02-02 22:00:00,1.625,1.6325,1.6113,1.6186,26331791.1
1770076800000,2026-02-03 02:00:00,1.6186,1.621,1.587,1.6126,37410285.4
1770091200000,2026-02-03 06:00:00,1.6126,1.624,1.5978,1.6164,33620516.9
1770105600000,2026-02-03 10:00:00,1.6164,1.6247,1.5942,1.6022,36986982.4
1770120000000,2026-02-03 14:00:00,1.6022,1.621,1.5777,1.6175,79316715.8
1770134400000,2026-02-03 18:00:00,1.6175,1.6177,1.5264,1.5803,147436440.5
1770148800000,2026-02-03 22:00:00,1.5803,1.6341,1.5656,1.5782,97689977.8
1770163200000,2026-02-04 02:00:00,1.5782,1.6044,1.5651,1.5985,35846722.1
1770177600000,2026-02-04 06:00:00,1.5985,1.6078,1.5818,1.6045,31046437.9
1770192000000,2026-02-04 10:00:00,1.6045,1.6114,1.578,1.5915,38213018.0
1770206400000,2026-02-04 14:00:00,1.5915,1.5976,1.5281,1.5427,87701869.6
1770220800000,2026-02-04 18:00:00,1.5427,1.5563,1.503,1.5537,129275670.5
1770235200000,2026-02-04 22:00:00,1.5537,1.5554,1.4932,1.5112,72686540.7
1770249600000,2026-02-05 02:00:00,1.5112,1.5143,1.4386,1.4427,117955618.8
1770264000000,2026-02-05 06:00:00,1.4427,1.4578,1.4171,1.4316,100689301.7
1770278400000,2026-02-05 10:00:00,1.4316,1.444,1.3419,1.3648,162801957.7
1770292800000,2026-02-05 14:00:00,1.3648,1.3864,1.2671,1.2958,319130816.1
1770307200000,2026-02-05 18:00:00,1.2958,1.3114,1.2059,1.2127,324934898.4
1770321600000,2026-02-05 22:00:00,1.2127,1.2649,1.1367,1.2138,453643008.4
1770336000000,2026-02-06 02:00:00,1.2138,1.2926,1.117,1.2692,424415419.9
1770350400000,2026-02-06 06:00:00,1.2692,1.3344,1.2622,1.2915,155659555.3
1770364800000,2026-02-06 10:00:00,1.2915,1.3875,1.2842,1.367,171493965.0
1770379200000,2026-02-06 14:00:00,1.367,1.542,1.3563,1.5121,320204919.0
1770393600000,2026-02-06 18:00:00,1.5121,1.534,1.4366,1.4556,239214021.7
1770408000000,2026-02-06 22:00:00,1.4556,1.4967,1.4374,1.4685,107673892.1
1770422400000,2026-02-07 02:00:00,1.4685,1.4866,1.4324,1.4726,116959648.6
1770436800000,2026-02-07 06:00:00,1.4726,1.4841,1.4057,1.4126,152128739.4
1770451200000,2026-02-07 10:00:00,1.4126,1.4284,1.3851,1.3917,119442454.6
1770465600000,2026-02-07 14:00:00,1.3917,1.44,1.39,1.4098,146056016.3
1770480000000,2026-02-07 18:00:00,1.4098,1.448,1.4041,1.4298,303570625.6
1770494400000,2026-02-07 22:00:00,1.4298,1.4405,1.4116,1.4222,34766171.1
1770508800000,2026-02-08 02:00:00,1.4222,1.4409,1.4125,1.416,42961710.6
1770523200000,2026-02-08 06:00:00,1.416,1.4253,1.4086,1.4199,30775700.5
1770537600000,2026-02-08 10:00:00,1.4199,1.4631,1.4183,1.4519,99512313.1
1770552000000,2026-02-08 14:00:00,1.4519,1.4686,1.429,1.439,72154040.7
1770566400000,2026-02-08 18:00:00,1.439,1.4517,1.4087,1.4492,57564508.6
1770580800000,2026-02-08 22:00:00,1.4492,1.4618,1.4217,1.4298,55999627.1
1770595200000,2026-02-09 02:00:00,1.4298,1.4538,1.4183,1.4512,51907508.7
1770609600000,2026-02-09 06:00:00,1.4512,1.4551,1.4202,1.4245,37937059.2
1770624000000,2026-02-09 10:00:00,1.4245,1.4289,1.372,1.3926,93750570.4
1770638400000,2026-02-09 14:00:00,1.3926,1.449,1.3923,1.4458,112797475.0
1770652800000,2026-02-09 18:00:00,1.4458,1.4635,1.4325,1.4519,76831130.6
1770667200000,2026-02-09 22:00:00,1.4519,1.4578,1.4342,1.4362,36373060.5
1770681600000,2026-02-10 02:00:00,1.4362,1.4525,1.427,1.4343,36782334.1
1770696000000,2026-02-10 06:00:00,1.4343,1.4517,1.413,1.4212,53063051.6
1770710400000,2026-02-10 10:00:00,1.4212,1.4352,1.4053,1.4068,43679291.5
1770724800000,2026-02-10 14:00:00,1.4068,1.4249,1.392,1.406,73478760.8
1770739200000,2026-02-10 18:00:00,1.406,1.4284,1.3932,1.4001,50945404.6
1770753600000,2026-02-10 22:00:00,1.4001,1.4043,1.3906,1.3992,25040225.3
1770768000000,2026-02-11 02:00:00,1.3992,1.4197,1.3932,1.4034,35725732.0
1770782400000,2026-02-11 06:00:00,1.4034,1.4079,1.3571,1.3658,83809421.8
1770796800000,2026-02-11 10:00:00,1.3658,1.3803,1.3544,1.3782,52076326.0
1770811200000,2026-02-11 14:00:00,1.3782,1.4094,1.3447,1.3533,136402120.2
1770825600000,2026-02-11 18:00:00,1.3533,1.3863,1.3411,1.3784,70397751.1
1770840000000,2026-02-11 22:00:00,1.3784,1.397,1.3587,1.3689,34796259.6
1770854400000,2026-02-12 02:00:00,1.3689,1.3862,1.3677,1.3747,23914473.7
1770868800000,2026-02-12 06:00:00,1.3747,1.3881,1.3716,1.3812,22375938.6
1770883200000,2026-02-12 10:00:00,1.3812,1.4075,1.3761,1.4009,36975797.1
1770897600000,2026-02-12 14:00:00,1.4009,1.4024,1.374,1.3748,53738866.8
1770912000000,2026-02-12 18:00:00,1.3748,1.379,1.3445,1.3639,69943627.5
1770926400000,2026-02-12 22:00:00,1.3639,1.3697,1.3481,1.3628,26512576.7
1770940800000,2026-02-13 02:00:00,1.3628,1.3714,1.3482,1.3647,30670526.0
1770955200000,2026-02-13 06:00:00,1.3647,1.3677,1.3475,1.3531,23850909.4
1770969600000,2026-02-13 10:00:00,1.3531,1.3728,1.3513,1.3673,32881678.0
1770984000000,2026-02-13 14:00:00,1.3673,1.4214,1.3587,1.4036,100308437.5
1770998400000,2026-02-13 18:00:00,1.4036,1.4277,1.3984,1.4103,54352219.5
1771012800000,2026-02-13 22:00:00,1.4103,1.4157,1.3967,1.4063,27203399.3
1771027200000,2026-02-14 02:00:00,1.4063,1.4175,1.4042,1.4156,16817147.4
1771041600000,2026-02-14 06:00:00,1.4156,1.4248,1.407,1.4215,17165772.1
1771056000000,2026-02-14 10:00:00,1.4215,1.4726,1.4207,1.4704,71252030.0
1771070400000,2026-02-14 14:00:00,1.4704,1.4757,1.4507,1.4681,52488540.6
1771084800000,2026-02-14 18:00:00,1.4681,1.4998,1.4563,1.4972,48625565.2
1771099200000,2026-02-14 22:00:00,1.4972,1.5128,1.4871,1.5082,45117298.2
1771113600000,2026-02-15 02:00:00,1.5082,1.5436,1.5049,1.5262,72765803.3
1771128000000,2026-02-15 06:00:00,1.5262,1.6488,1.5242,1.6481,122919188.5
1771142400000,2026-02-15 10:00:00,1.6481,1.6696,1.5571,1.5618,207856263.0
1771156800000,2026-02-15 14:00:00,1.5618,1.5657,1.5109,1.5226,163005452.6
1771171200000,2026-02-15 18:00:00,1.5226,1.5237,1.4472,1.453,133729677.1
1771185600000,2026-02-15 22:00:00,1.453,1.4889,1.4445,1.474,81804052.3
1771200000000,2026-02-16 02:00:00,1.474,1.486,1.4526,1.4606,50135189.7
1771214400000,2026-02-16 06:00:00,1.4606,1.4749,1.4474,1.4605,46852901.4
1771228800000,2026-02-16 10:00:00,1.4605,1.5131,1.4605,1.4826,96558955.1
1771243200000,2026-02-16 14:00:00,1.4826,1.5153,1.4606,1.4734,149420241.4
1771257600000,2026-02-16 18:00:00,1.4734,1.4938,1.4703,1.4746,46004129.5
1771272000000,2026-02-16 22:00:00,1.4746,1.493,1.4671,1.4865,31171583.3
1771286400000,2026-02-17 02:00:00,1.4865,1.4924,1.4714,1.482,33117177.1
1771300800000,2026-02-17 06:00:00,1.482,1.488,1.4681,1.4721,24804753.7
1771315200000,2026-02-17 10:00:00,1.4721,1.476,1.449,1.4519,44259864.3
1771329600000,2026-02-17 14:00:00,1.4519,1.4635,1.4258,1.4564,91249162.7
1771344000000,2026-02-17 18:00:00,1.4564,1.4944,1.456,1.4849,86075523.0
1771358400000,2026-02-17 22:00:00,1.4849,1.4926,1.4696,1.4734,25231061.0
1771372800000,2026-02-18 02:00:00,1.4734,1.4827,1.4628,1.4783,22293063.7
1771387200000,2026-02-18 06:00:00,1.4783,1.4881,1.4745,1.4862,17049192.9
1771401600000,2026-02-18 10:00:00,1.4862,1.493,1.4625,1.4656,33826285.8
1771416000000,2026-02-18 14:00:00,1.4656,1.4881,1.4509,1.4758,52353055.0
1771430400000,2026-02-18 18:00:00,1.4758,1.4766,1.4182,1.4223,72489746.5
1771444800000,2026-02-18 22:00:00,1.4223,1.4323,1.4093,1.4212,44623579.7
1771459200000,2026-02-19 02:00:00,1.4212,1.4293,1.414,1.4279,24557491.0
1771473600000,2026-02-19 06:00:00,1.4279,1.4372,1.404,1.4318,37900431.9
1771488000000,2026-02-19 10:00:00,1.4318,1.4332,1.413,1.4241,15555498.5
